artist_1,artist_1_id,artist_2,artist_2_id,count,song_ids
PARTYNEXTDOOR,2HPaUgqeutzr3jx5a9WyDV,ZAYN,5ZsFI1h6hIdQRw2ti0hz81,1,['000xQL6tZNLJzIrtIgxqSl']
Young Thug,50co4Is1HCEo8bhOyUWKpn,Trippie Redd,6Xgp2XMz1fhVYe7i6yNAax,2,"['003VDDA7J3Xb2ZFlNx7nIZ', '2c3qwFINQyRGwyqI97UQiA']"
Chance the Rapper,1anyVhU62p31KFi8MEzkbf,Cardi B,4kYSro6naA4h99UJvo89HB,1,['00B7TZ0Xawar6NZ00JFomN']
Kygo,23fqKkggKUBHNkbKtXEls4,Donna Summer,2eogQKWWoohI3BSnoG7E2U,1,['00ETaeHUQ6lops3oWU1Wrt']
Busta Rhymes,1YfEcTuGvBQ8xSD1f53UnK,Kendrick Lamar,2YZyLoL8N0Wb9xBt1NhZWg,1,['00R0fEFZGb5hyTgF1nrRCq']
DJ Ws da Igrejinha,0NB5wv4kn6A919CLHUKRmk,Tropa do Bruxo,4s3lxX76LwxzMdQEAFYdzv,1,['00ZKeP47bZtswtANkvxz2j']
SMU,2qATSoNFfzMaTEZFfJpG4c,Tropa do Bruxo,4s3lxX76LwxzMdQEAFYdzv,1,['00ZKeP47bZtswtANkvxz2j']
Triz,4ACGdFl6mPI3lntaYef1gc,Tropa do Bruxo,4s3lxX76LwxzMdQEAFYdzv,1,['00ZKeP47bZtswtANkvxz2j']
Mc Menor Thalis,3qjoOrsHcxhgKyBsh4ZOEn,Tropa do Bruxo,4s3lxX76LwxzMdQEAFYdzv,1,['00ZKeP47bZtswtANkvxz2j']
DJ Ws da Igrejinha,0NB5wv4kn6A919CLHUKRmk,SMU,2qATSoNFfzMaTEZFfJpG4c,1,['00ZKeP47bZtswtANkvxz2j']
DJ Ws da Igrejinha,0NB5wv4kn6A919CLHUKRmk,Triz,4ACGdFl6mPI3lntaYef1gc,1,['00ZKeP47bZtswtANkvxz2j']
DJ Ws da Igrejinha,0NB5wv4kn6A919CLHUKRmk,Mc Menor Thalis,3qjoOrsHcxhgKyBsh4ZOEn,1,['00ZKeP47bZtswtANkvxz2j']
SMU,2qATSoNFfzMaTEZFfJpG4c,Triz,4ACGdFl6mPI3lntaYef1gc,1,['00ZKeP47bZtswtANkvxz2j']
SMU,2qATSoNFfzMaTEZFfJpG4c,Mc Menor Thalis,3qjoOrsHcxhgKyBsh4ZOEn,1,['00ZKeP47bZtswtANkvxz2j']
Mc Menor Thalis,3qjoOrsHcxhgKyBsh4ZOEn,Triz,4ACGdFl6mPI3lntaYef1gc,1,['00ZKeP47bZtswtANkvxz2j']
YBN Nahmir,3gGUMEwIX6XodWsYEvKSal,DJ A1,7ao5uJZUsPeVpWlNkkjWyx,1,['00gpGR84M27moP7AFuqHIx']
Chance the Rapper,1anyVhU62p31KFi8MEzkbf,MadeinTYO,5SyGEPymt1G2uto47tVWvZ,1,['00ko9WaS4jOX1kEk3gvHjf']
Chance the Rapper,1anyVhU62p31KFi8MEzkbf,DaBaby,4r63FhuTkUYltbVAg5TQnk,2,"['00ko9WaS4jOX1kEk3gvHjf', '0WoAkdHmgPmEXfiBox1flk']"
DaBaby,4r63FhuTkUYltbVAg5TQnk,MadeinTYO,5SyGEPymt1G2uto47tVWvZ,1,['00ko9WaS4jOX1kEk3gvHjf']
Jax Jones,4Q6nIcaBED8qUel8bBx6Cr,RAYE,5KKpBU5eC2tJDzf0wmlRp2,1,['00lNx0OcTJrS3MKHcB80HY']
DJ F7,1L5QOwu01wcDbozwIL1XXd,JC NO BEAT,1xglv0oUbyJaycWFhyec8U,1,['00rxTS5TKv3oXpDA6nWfBi']
JC NO BEAT,1xglv0oUbyJaycWFhyec8U,MC Meno Dani,3LqcLDGw41dRZKsM51H9GI,1,['00rxTS5TKv3oXpDA6nWfBi']
JC NO BEAT,1xglv0oUbyJaycWFhyec8U,Silva Mc,7v4hw85pzG0M9kJHlBGsi3,1,['00rxTS5TKv3oXpDA6nWfBi']
DJ F7,1L5QOwu01wcDbozwIL1XXd,MC Meno Dani,3LqcLDGw41dRZKsM51H9GI,1,['00rxTS5TKv3oXpDA6nWfBi']
DJ F7,1L5QOwu01wcDbozwIL1XXd,Silva Mc,7v4hw85pzG0M9kJHlBGsi3,1,['00rxTS5TKv3oXpDA6nWfBi']
MC Meno Dani,3LqcLDGw41dRZKsM51H9GI,Silva Mc,7v4hw85pzG0M9kJHlBGsi3,1,['00rxTS5TKv3oXpDA6nWfBi']
21 Savage,1URnnhqYAYcrqrcwql10ft,Childish Gambino,73sIBHcqh3Z3NyqHKZ7FOL,1,['011ZwIM48eD8ee2UBpG8nK']
Ink,4ZhFCxPekpmV12n2xMeF2z,Childish Gambino,73sIBHcqh3Z3NyqHKZ7FOL,1,['011ZwIM48eD8ee2UBpG8nK']
Kadhja Bonet,6sqZoZxe9BQwk7Zxh6STfF,Childish Gambino,73sIBHcqh3Z3NyqHKZ7FOL,1,['011ZwIM48eD8ee2UBpG8nK']
21 Savage,1URnnhqYAYcrqrcwql10ft,Ink,4ZhFCxPekpmV12n2xMeF2z,1,['011ZwIM48eD8ee2UBpG8nK']
21 Savage,1URnnhqYAYcrqrcwql10ft,Kadhja Bonet,6sqZoZxe9BQwk7Zxh6STfF,1,['011ZwIM48eD8ee2UBpG8nK']
Ink,4ZhFCxPekpmV12n2xMeF2z,Kadhja Bonet,6sqZoZxe9BQwk7Zxh6STfF,1,['011ZwIM48eD8ee2UBpG8nK']
Natanael Cano,0elWFr7TW8piilVRYJUe4P,Belinda,5LeiVcEnsZcwc133TUhJNW,1,['0163eXbLwh5dFhKa73n9wG']
Salmo,3hBQ4zniNdQf1cqqo6hzuW,Noyz Narcos,49UAapOfpOg1ZOU4xf2NgY,1,['01BCvCKQNDmFQQQSjrzPnm']
42 Dugg,45gHcnDnMC15sgx3VL7ROG,Lil Baby,5f7VJjfbwm532GiveGC0ZK,2,"['01JMnRUs2YOK6DDpdQASGY', '6gxKUmycQX7uyMwJcweFjp']"
Taylor Swift,06HL4z0CvFAxyc27GXpf02,Phoebe Bridgers,1r1uxoy19fzMxunt3ONAkG,1,['01K4zKU104LyJ8gMb7227B']
Brent Faiyaz,3tlXnStJ1fFhdScmQeLpuG,Tre' Amani,48Py72qV4J4hzvJXXRDNz0,1,['01VzuxoBYMAJLObfU0w6dI']
Smokepurpp,21dooacK2WGBB5amYvKyfM,Trippie Redd,6Xgp2XMz1fhVYe7i6yNAax,1,['01kOu8BA8yzAHx9LUidTi9']
Luar La L,4axKuDPr6WKcDCyh8vueTY,Bad Bunny,4q3ewBCX7sLwd24euuV69X,2,"['01ppKlDRCmPpusO3yNrSRY', '4Ixc50wY5pbUvNEogTQ2wL']"
Jack Harlow,2LIk90788K0zvyj2JJVwkJ,Jung Kook,6HaGTQPmzraVmaVxvz6EUc,1,['01qFKNWq73UfEslI0GvumE']
thasup,19i93sA0D7yS9dYoVNBqAA,Marracash,5AZuEF0feCXMkUCwQiQlW7,2,"['020wG4EHTwBy5h2rbpxqvK', '7gRPkCEa3YMaxET5ZYT7Ni']"
Sfera Ebbasta,23TFHmajVfBtlRx5MXqgoz,Marracash,5AZuEF0feCXMkUCwQiQlW7,3,"['020wG4EHTwBy5h2rbpxqvK', '05wb6MEyJeG2z1MVCIXxC8', '11jGgkrtDbYaKlN0y1nPbC']"
thasup,19i93sA0D7yS9dYoVNBqAA,Sfera Ebbasta,23TFHmajVfBtlRx5MXqgoz,4,"['020wG4EHTwBy5h2rbpxqvK', '2mmbawJFVgPuQhdQpsHsRl', '3NbehQmQsyuN17EP7dW5mJ', '3gUzi41YOt3VExeyHSLsMj']"
Future,1RyvyyTE3xzB2ZywiAwp0i,Lil Uzi Vert,4O15NlyKLIASxsJ0PrXPfz,14,"['021lWIHJrURZrmvYQ1xcM8', '0B6g379TMw0nYGXA7y5xHz', '0DUHmrwC8ZviGGC2o2JBy1', '0Tcw8w9pvPrZoORgxsNASW', '0k7wmahjkn389wAZdz19Cv', '19Ec2gbNtQTE44IizcPjtD', '1rP5gAqMlm8d6UnfseuzSm', '5n6gBhdEjCuj3obgCoTEFD', '5syD6f38Jhckk5g9DgoCta', '6GK5du9ndZ7ZwMBrTRTGMH', '6NaVCCFGylOLZAgk5eTTid', '6lt8iodSkYWEV0ifKCSlfg', '76MjtLfZoTNc3BDqUVjuRH', '7liO3TEHfUqLnIlN54CW1D']"
DJ Ws da Igrejinha,0NB5wv4kn6A919CLHUKRmk,DJ JOÃO PEREIRA,1tPQcKxMrvf09Ry8zk68gt,1,['027ielmg4mNR1p1Ds3Mvgh']
DJ Ws da Igrejinha,0NB5wv4kn6A919CLHUKRmk,Mc Dudu Sk,1CKLOLezvcRuPRzOiGvxS1,1,['027ielmg4mNR1p1Ds3Mvgh']
DJ Ws da Igrejinha,0NB5wv4kn6A919CLHUKRmk,MC TH DA SERRA,4OKS4k4lBy2KOeftVHJDXu,1,['027ielmg4mNR1p1Ds3Mvgh']
DJ Ws da Igrejinha,0NB5wv4kn6A919CLHUKRmk,DALÃMA,0dglu68sb1lWf1ACF9uOb6,1,['027ielmg4mNR1p1Ds3Mvgh']
Mc Dudu Sk,1CKLOLezvcRuPRzOiGvxS1,DJ JOÃO PEREIRA,1tPQcKxMrvf09Ry8zk68gt,1,['027ielmg4mNR1p1Ds3Mvgh']
DJ JOÃO PEREIRA,1tPQcKxMrvf09Ry8zk68gt,MC TH DA SERRA,4OKS4k4lBy2KOeftVHJDXu,1,['027ielmg4mNR1p1Ds3Mvgh']
DALÃMA,0dglu68sb1lWf1ACF9uOb6,DJ JOÃO PEREIRA,1tPQcKxMrvf09Ry8zk68gt,1,['027ielmg4mNR1p1Ds3Mvgh']
Mc Dudu Sk,1CKLOLezvcRuPRzOiGvxS1,MC TH DA SERRA,4OKS4k4lBy2KOeftVHJDXu,1,['027ielmg4mNR1p1Ds3Mvgh']
DALÃMA,0dglu68sb1lWf1ACF9uOb6,Mc Dudu Sk,1CKLOLezvcRuPRzOiGvxS1,1,['027ielmg4mNR1p1Ds3Mvgh']
DALÃMA,0dglu68sb1lWf1ACF9uOb6,MC TH DA SERRA,4OKS4k4lBy2KOeftVHJDXu,1,['027ielmg4mNR1p1Ds3Mvgh']
21 Savage,1URnnhqYAYcrqrcwql10ft,Mariah the Scientist,7HO5fOXE4gh3lzZn64tX2E,1,['02Cp3VTUWNed8hr69BhKz6']
Iggy Azalea,5yG7ZAZafVaAlMTeBybKAL,Anitta,7FNnA9vBm6EKceENgCGRMb,1,['02LZ1fGJE8fB56yTlCVMEV']
Lil Uzi Vert,4O15NlyKLIASxsJ0PrXPfz,Snow Strippers,6TsAG8Ve1icEC8ydeHm3C8,1,['02Mqx9HzVRyfdCUpPNR6N3']
Bruno Mars,0du5cEVh5yTK9QJze8zA0C,Anderson .Paak,3jK9MiCrA42lLAdMGUZpwa,10,"['02VBYrHfVwfEWXk5DXyf0T', '21afd9hCjpQ6lE5DPbcPHP', '4zm8xZiV5FxJu62EHEvZaT', '5U4laaEEChW8FOtZXCu8C7', '5joiME4fAdb6FqrsXOs3u9', '60gTdTwaNtGAzIxKfeGVfJ', '71l8BEtJPXXlWbV6hhTHWK', '7HEWQj82REyDOKMAAlB9pc', '7ozvuHnA1zWzuTvReLChVL', '7sMBvZCSUl99bJLXZaLa0b']"
Bruno Mars,0du5cEVh5yTK9QJze8zA0C,Silk Sonic,6PvvGcCY2XtUcSRld1Wilr,10,"['02VBYrHfVwfEWXk5DXyf0T', '21afd9hCjpQ6lE5DPbcPHP', '4zm8xZiV5FxJu62EHEvZaT', '5U4laaEEChW8FOtZXCu8C7', '5joiME4fAdb6FqrsXOs3u9', '60gTdTwaNtGAzIxKfeGVfJ', '71l8BEtJPXXlWbV6hhTHWK', '7HEWQj82REyDOKMAAlB9pc', '7ozvuHnA1zWzuTvReLChVL', '7sMBvZCSUl99bJLXZaLa0b']"
Anderson .Paak,3jK9MiCrA42lLAdMGUZpwa,Silk Sonic,6PvvGcCY2XtUcSRld1Wilr,10,"['02VBYrHfVwfEWXk5DXyf0T', '21afd9hCjpQ6lE5DPbcPHP', '4zm8xZiV5FxJu62EHEvZaT', '5U4laaEEChW8FOtZXCu8C7', '5joiME4fAdb6FqrsXOs3u9', '60gTdTwaNtGAzIxKfeGVfJ', '71l8BEtJPXXlWbV6hhTHWK', '7HEWQj82REyDOKMAAlB9pc', '7ozvuHnA1zWzuTvReLChVL', '7sMBvZCSUl99bJLXZaLa0b']"
Drake,3TVXtAsR1Inumwj472S9r4,Gordo,4Ge9GwmWnOQsohwPTrXyHc,1,['02YMpD1xbZZzpZbuZNvmD7']
Peso Pluma,12GqGscKJx3aE4t07u7eVZ,Oscar Maydon,3l9G1G9MxH6DaRhwLklaf5,2,"['02cRoSfWU3RJNFyU3o4lhV', '2OWv3lRR8PtOVuHWzQNRs2']"
Mark Ronson,3hv9jJF3adDNsBSIQDqcjp,Miley Cyrus,5YGY8feqx7naU7z4HrwZM6,2,"['02dRkCEc8Q5ch4TTcnLxOn', '5KHzV8Gf3aweIMImliFAOs']"
A Touch Of Class,5wTdspmxzb8V4ZjvDodpBo,R3HAB,6cEuCEZu7PAE9ZSzLLc2oQ,1,['02itaCXOdC54J0ISjqqFAp']
Gunna,2hlmm7s2ICUX0LVIhVFlZQ,Lil Baby,5f7VJjfbwm532GiveGC0ZK,14,"['02mYw61RoS1vXvkD9Q5dpN', '0GqaZ1L5KAXMNngAZbGvLf', '0boodYr1uIpSVmGSP65Fmk', '0kCBorRrKZkSztd9m0QI3r', '1yQvL8SzbF5JCroRKk9F07', '2Am26UXisQ91vBLYdqd7Pa', '3F57PtOdqRpD6euFYqtKXX', '4F6yN5FsFW10Ucx7cLCzBh', '4T7cJdrTRqOBESPYfvfj2x', '6PoKfDY78ih5OveWirggRX', '6wWaVoUOzLQJHd3bWAUpdZ', '78QR3Wp35dqAhFEc2qAGjE', '7KSSdFCBHCfq4KPzz78ghk', '7roKDmJDOzkpfGpUQJ5EnL']"
BEAM,46MWeeHNVMYRIIofQBEX98,Beyoncé,6vWDO969PvNqNYHIOW5v0m,1,['0314PeD1sQNonfVWix3B2K']
Capital Bra,4WZGDpNwrC0vNQyl9QzF7d,Samra,6h1s4i4XKIYv4ErDelLDN0,14,"['033if6Adj8fwBYsQzHOfQ8', '1VEMUkGFio5uURvN8x1DZJ', '1mdJ39D1lrR3aWIOhgeNaE', '2kkcJ8tSDV42LdWcPjy6We', '2pfio0uHpT4USTPBNeTIWo', '3drwaFqLSEjqzjNRbjap0R', '3eMwf7uAEn1VJcmd12gMmi', '4Rif4wqdvzy84dhP1apC4Y', '4VyJtzcNhnV9gPEgjYzI8L', '67ojvEGRPAUCOohuMPqoRC', '6AFIVhbJLR7YVvW9fLFMu1', '6I2jabBRzwhiYHsSTqnrRC', '6fDC5DIa4bt6NbPZWR1yxM', '78CLZUWhsxIDwObCKOh1fh']"
Duki,1bAftSH8umNcGZ0uyV7LMg,Myke Towers,7iK8PXO48WeuP03g8YR51W,1,['03IpZ9yqJlo3EIgDQUgBSF']
Nicki Minaj,0hCNtLu0JehylgoiP8L4Gh,Swae Lee,1zNqQNIdeOUZHb8zbZRFMX,1,['03It1uO69CjGWP3yyVe465']
Nicky Jam,1SupJlEpv7RS2tPNRaHViT,Bizarrap,716NhGYqD1jl2wI1Qkgq36,1,['03LfOYi0icz4souspZVVhq']
Camila Cabello,4nDoRrQiYLoBzwC5BhVJzF,Myke Towers,7iK8PXO48WeuP03g8YR51W,1,['03NqHNdG3Ur6kciQWK6e8V']
Tainy,0GM7qgcRCORpGnfcN2tCiB,Camila Cabello,4nDoRrQiYLoBzwC5BhVJzF,1,['03NqHNdG3Ur6kciQWK6e8V']
Tainy,0GM7qgcRCORpGnfcN2tCiB,Myke Towers,7iK8PXO48WeuP03g8YR51W,2,"['03NqHNdG3Ur6kciQWK6e8V', '5NhLA2P7AiV3cloVmwtwLS']"
Dreamville,1iNqsUDUraNWrj00bqssQG,EARTHGANG,5MbNzCW3qokGyoo9giHA3V,3,"['03XfngWwNfhEjrnEga73Rg', '2gtFMLjQpCTGekMi4oXZxN', '36J0iaPDGbYGsHvYpaYs3k']"
SCH,2kXKa3aAFngGz2P4GjG5w2,Freeze corleone,76Pl0epAMXVXJspaSuz8im,1,['03cOUvF1fyW60AuUfUNiDc']
XXXTENTACION,15UsOTVnJzReFVN1VCnxy4,PnB Rock,21WS9wngs9AqFckK7yYJPM,3,"['03eJ2DclFWXYU8GWgANdmZ', '69dXVFCMiz3SL1L7M24NdX', '6rAGFgcGtlIdYxlhDizXNo']"
XXXTENTACION,15UsOTVnJzReFVN1VCnxy4,Trippie Redd,6Xgp2XMz1fhVYe7i6yNAax,4,"['03eJ2DclFWXYU8GWgANdmZ', '4LYNt6hWctTuZWYiwafuD6', '69dXVFCMiz3SL1L7M24NdX', '7AQim7LbvFVZJE3O8TYgf2']"
PnB Rock,21WS9wngs9AqFckK7yYJPM,Trippie Redd,6Xgp2XMz1fhVYe7i6yNAax,2,"['03eJ2DclFWXYU8GWgANdmZ', '69dXVFCMiz3SL1L7M24NdX']"
Nicki Minaj,0hCNtLu0JehylgoiP8L4Gh,BTS,3Nrfpe0tUJi4K4DXYWgMUX,1,['03iCbZaM4OkRR4We6wIzvx']
DJ Khaled,0QHgL1lAIqAw0HtD7YldmP,Justin Bieber,1uNFoZAHBGtllmzznpCI3s,4,"['03nPEoQOYMuDe7KmGljpmd', '1cEhrSF6EylAEqdhUGuNpX', '3DXncPQOG4VBw3QHh3S817', '5WvAo7DNuPRmk4APhdPzi8']"
DJ Khaled,0QHgL1lAIqAw0HtD7YldmP,Chance the Rapper,1anyVhU62p31KFi8MEzkbf,4,"['03nPEoQOYMuDe7KmGljpmd', '3DXncPQOG4VBw3QHh3S817', '5WvAo7DNuPRmk4APhdPzi8', '6DxqrwlrHERRkUw9yXIGjd']"
DJ Khaled,0QHgL1lAIqAw0HtD7YldmP,Quavo,0VRj0yCOv2FXJNP47XQnx5,4,"['03nPEoQOYMuDe7KmGljpmd', '3DXncPQOG4VBw3QHh3S817', '3kT6P4hFj0IVr45TjKOLRp', '5WvAo7DNuPRmk4APhdPzi8']"
Chance the Rapper,1anyVhU62p31KFi8MEzkbf,Justin Bieber,1uNFoZAHBGtllmzznpCI3s,5,"['03nPEoQOYMuDe7KmGljpmd', '3DXncPQOG4VBw3QHh3S817', '3eze1OsZ1rqeXkKStNfTmi', '5WvAo7DNuPRmk4APhdPzi8', '6Xgq7MvZiet0hVi3KaDSgJ']"
Quavo,0VRj0yCOv2FXJNP47XQnx5,Justin Bieber,1uNFoZAHBGtllmzznpCI3s,5,"['03nPEoQOYMuDe7KmGljpmd', '364dI1bYnvamSnBJ8JcNzN', '3DXncPQOG4VBw3QHh3S817', '4umIPjkehX1r7uhmGvXiSV', '5WvAo7DNuPRmk4APhdPzi8']"
Quavo,0VRj0yCOv2FXJNP47XQnx5,Chance the Rapper,1anyVhU62p31KFi8MEzkbf,3,"['03nPEoQOYMuDe7KmGljpmd', '3DXncPQOG4VBw3QHh3S817', '5WvAo7DNuPRmk4APhdPzi8']"
Soso Maness,0oeiA5U9u1U45Gos5cywUU,PLK,3DCWeG2J1fZeu0Oe6i5Q6m,1,['03y045SZqaC94yfXl1cU4E']
OmenXIII,760kxYHN5QTrD1DehiimjB,CORPSE,7yntSJ6uojO3z6GFUVwhAW,1,['041sluNZwBxTCOuu766eNi']
DVBBS,5X4LWwbUFNzPkEas04uU82,CMC$,78DWNk8gFHU30TGITAgbM7,1,['042x9bsUBWW2fJgJ6fUh61']
DVBBS,5X4LWwbUFNzPkEas04uU82,Gia Koka,71WExccCBN2mw0klSzfYzz,1,['042x9bsUBWW2fJgJ6fUh61']
Gia Koka,71WExccCBN2mw0klSzfYzz,CMC$,78DWNk8gFHU30TGITAgbM7,1,['042x9bsUBWW2fJgJ6fUh61']
Hearts & Colors,3wjsrpfO6odEphTZWx45RQ,Andrelli,5M2y5A6d5QZjw9JeKClagC,1,['04CttTezSnv71USiiG9mIo']
¥$,4xPQFgDA5M2xa0ZGo5iIsv,Kanye West,5K4W6rqBFWDnAN6FQUkS6x,25,"['04CyMEHliadfQWMUJb1w99', '1AIbZL0CDlzTJ1Bv4kBP4G', '1eThXFmkENeSkdeLO8S86F', '1eaqMiiUn2P7MnqJK4XeK0', '1icgLGTpX2fQXKRe4D7w2b', '21vc2kQZMS00cAyNT82a1M', '249MAyb50uYCBMck0hSpz3', '27N2bd3ait2QOnprc4seCK', '2iGvsJuc2mC4mDVOVMNAP6', '2y4ZR0BUAVePljHSsZyIgj', '2yyO7EKRr7c3txi4xCXUFk', '347AQK5Lyhn6RvB8tBGYxt', '3SIRBp4RRQ2AO5H4NO7xfq', '3w0w2T288dec0mgeZZqoNN', '4hm8BZ7nLceFNZUexWTxx4', '4ihV1wv7QmjbkLHaT9lA4s', '51Ku9WXBmDgg9Ni5jg5kuR', '5GtUTcvOx52F5648wXQfc7', '5tEaVciE2GnR28aN6W9cLS', '5v1yAVGillOAN3yqJ6pmPL', '6J4rRj2uVfziGMyfrPEPLo', '6UrsyvM8b3RMperY8vybgK', '7Lfwb4IjZiNYGuqtP65kIc', '7hVb3OyFkgxDgpTdrOX6dT', '7vv89PswQvqGKCGJ1rw5on']"
¥$,4xPQFgDA5M2xa0ZGo5iIsv,Ty Dolla $ign,7c0XG5cIJTrrAgEC3ULPiq,25,"['04CyMEHliadfQWMUJb1w99', '1AIbZL0CDlzTJ1Bv4kBP4G', '1eThXFmkENeSkdeLO8S86F', '1eaqMiiUn2P7MnqJK4XeK0', '1icgLGTpX2fQXKRe4D7w2b', '21vc2kQZMS00cAyNT82a1M', '249MAyb50uYCBMck0hSpz3', '27N2bd3ait2QOnprc4seCK', '2iGvsJuc2mC4mDVOVMNAP6', '2y4ZR0BUAVePljHSsZyIgj', '2yyO7EKRr7c3txi4xCXUFk', '347AQK5Lyhn6RvB8tBGYxt', '3SIRBp4RRQ2AO5H4NO7xfq', '3w0w2T288dec0mgeZZqoNN', '4hm8BZ7nLceFNZUexWTxx4', '4ihV1wv7QmjbkLHaT9lA4s', '51Ku9WXBmDgg9Ni5jg5kuR', '5GtUTcvOx52F5648wXQfc7', '5tEaVciE2GnR28aN6W9cLS', '5v1yAVGillOAN3yqJ6pmPL', '6J4rRj2uVfziGMyfrPEPLo', '6UrsyvM8b3RMperY8vybgK', '7Lfwb4IjZiNYGuqtP65kIc', '7hVb3OyFkgxDgpTdrOX6dT', '7vv89PswQvqGKCGJ1rw5on']"
Kanye West,5K4W6rqBFWDnAN6FQUkS6x,Ty Dolla $ign,7c0XG5cIJTrrAgEC3ULPiq,43,"['04CyMEHliadfQWMUJb1w99', '0Tgm7wkLb0AfAHAZDschvD', '1AIbZL0CDlzTJ1Bv4kBP4G', '1eThXFmkENeSkdeLO8S86F', '1eaqMiiUn2P7MnqJK4XeK0', '1icgLGTpX2fQXKRe4D7w2b', '1ty0at2tUKqMGTyYbJ43eL', '1tz4np70ZKhzaXjdgl0J8i', '21vc2kQZMS00cAyNT82a1M', '249MAyb50uYCBMck0hSpz3', '24bnCCysWnbNRNUT4LpHcP', '27N2bd3ait2QOnprc4seCK', '2iGvsJuc2mC4mDVOVMNAP6', '2y4ZR0BUAVePljHSsZyIgj', '2yyO7EKRr7c3txi4xCXUFk', '347AQK5Lyhn6RvB8tBGYxt', '3IoAMvGFYzM05B64h7qmdf', '3SIRBp4RRQ2AO5H4NO7xfq', '3aZSvXuZt8ymQeixzFQM9W', '3jAI9AAHIlyKito0eQme91', '3qnbLYCLzKvGIQXFyopS2H', '3w0w2T288dec0mgeZZqoNN', '4202KkXGtULRsbRocWSw09', '4E3XDKil4ElJt6sXuz5cc6', '4JB0EAT4BkLShTyTt50FmO', '4YSa8VQxjzsski1DOsvkHH', '4hm8BZ7nLceFNZUexWTxx4', '4ihV1wv7QmjbkLHaT9lA4s', '4m4BHvDfzIgj5LbQLuFiIp', '51Ku9WXBmDgg9Ni5jg5kuR', '5GtUTcvOx52F5648wXQfc7', '5rlXuCLnMdfo85079qXHoz', '5tEaVciE2GnR28aN6W9cLS', '5v1yAVGillOAN3yqJ6pmPL', '6J4rRj2uVfziGMyfrPEPLo', '6OON4kMjTFqARMFrRbmlwy', '6UrsyvM8b3RMperY8vybgK', '6soQZdONN0ZsQ9hZ6Pkef4', '71MzcOebEC5KoWBbzvFPkj', '7DPUuTaTZCtQ6o4Xx00qzT', '7Lfwb4IjZiNYGuqtP65kIc', '7hVb3OyFkgxDgpTdrOX6dT', '7vv89PswQvqGKCGJ1rw5on']"
Thirty Seconds To Mars,0RqtSIYZmd4fiBKVFqyIqD,Halsey,26VFTg2z8YR0cCuwLzESi2,1,['04CyO54TZk5tEylFg2Df41']
Martin Garrix,60d24wfXkVzDSfLS6hyCjZ,Bebe Rexha,64M6ah0SkkRsnPGtGiRAbb,1,['04DwTuZ2VBdJCCC5TROn7L']
Drake,3TVXtAsR1Inumwj472S9r4,French Montana,6vXTefBL93Dj5IqAWq6OTv,1,['04MLEeAMuV9IlHEsD8vF6A']
The Andrews Sisters,2NCGI6dLTxLdI9XHdv7QfM,Bing Crosby,6ZjFtWeHP9XN7FeKSUe80S,4,"['04vLj9QUXoKdRlsp3gkURo', '1GQ3cCJMAhLqWARyVZWxnO', '4Zo33RKIwOIiVsZZtXsKU4', '6yzNzQxqsIY3zRsTwzLI3v']"
KSI,1nzgtKYFckznkcVMR3Gg4z,Jeremih,3KV3p5EY4AvKxOlhGHORLg,1,['04zis09KAgMvMod8Eohrp1']
Marília Mendonça,1yR65psqiazQpeM79CcGh8,Maiara & Maraisa,59jlthNnbmim5l9tmNA7se,4,"['053zWWZDziDJd3U94x8RuP', '3YvE7uo4ffseBoJPh8IhHp', '4qsOrxBv09HhNSpsgMRXdC', '64I6t2tuUGnIlaDIzHJ6YI']"
Micro TDH,1aWJsBQa67l72j1VT3D6Ow,Piso 21,4bw2Am3p9ji3mYsXNXtQcd,1,['059bcIhyc2SBwm6sw2AZzd']
Drake,3TVXtAsR1Inumwj472S9r4,Young Thug,50co4Is1HCEo8bhOyUWKpn,9,"['05CTjmZKjZoCKQvM1Ldq9M', '0k1WUmIRnG3xU6fvvDVfRG', '0xl1w2q4VLojeXp4JfazPL', '4KDNRh9Oor80z3XIxdWlui', '4VQO1UdVIecQqB49PlANHz', '5fHrHoJKfCgBd35zwIBmUK', '6rTInqW3YECMkQsBEHw4sd', '7bJ4mu7MHa3rHiNyKjOoSl', '7qLr3HMApUbyDkUvgIvHnB']"
Rauw Alejandro,1mcTU81TzQhprhouKaTkpq,Junior H,7Gi6gjaWy3DxyilpF1a8Is,1,['05OnZaYopHpb0z7ktT2FIF']
USHER,23zg3TcAtWQy7J6upgbUnj,Chris Brown,7bXgB6jMjp9ATFy66eO08Z,1,['05Z7jet4VDNVgNQWcYHnrk']
Gucci Mane,13y7CgLHjMVRMDqxdx0Xdo,Chris Brown,7bXgB6jMjp9ATFy66eO08Z,1,['05Z7jet4VDNVgNQWcYHnrk']
Gucci Mane,13y7CgLHjMVRMDqxdx0Xdo,USHER,23zg3TcAtWQy7J6upgbUnj,1,['05Z7jet4VDNVgNQWcYHnrk']
Cali Y El Dandee,5DUlefCLzVRzNWaNURTFpK,Maite Perroni,6ModsWtBph2rE6zCTVxvZt,1,['05ZXXyeZFhZtA6DAP3Aw7x']
Fivio Foreign,14CHVeJGrR5xgUGQFV5BVM,Drake,3TVXtAsR1Inumwj472S9r4,1,['05aZ9sAU1YXndHv0FMi9iW']
Sosa Geek,2UyyBkpzN5w3hzZBZGvRZb,Drake,3TVXtAsR1Inumwj472S9r4,1,['05aZ9sAU1YXndHv0FMi9iW']
Fivio Foreign,14CHVeJGrR5xgUGQFV5BVM,Sosa Geek,2UyyBkpzN5w3hzZBZGvRZb,1,['05aZ9sAU1YXndHv0FMi9iW']
J Balvin,1vyhD5VmyZ7KMfW5gqLgo5,Nio Garcia,5hdhHgpxyniooUiQVaPxQ0,1,['05bfbizlM5AX6Mf1RRyMho']
Bad Bunny,4q3ewBCX7sLwd24euuV69X,Nio Garcia,5hdhHgpxyniooUiQVaPxQ0,2,"['05bfbizlM5AX6Mf1RRyMho', '3V8UKqhEK5zBkBb6d6ub8i']"
J Balvin,1vyhD5VmyZ7KMfW5gqLgo5,Bad Bunny,4q3ewBCX7sLwd24euuV69X,14,"['05bfbizlM5AX6Mf1RRyMho', '0EhpEsp4L0oRGM0vmeaN5e', '0RFFFGtPn6a58RHY3ccVYX', '0fea68AdmYNygeTGI4RC18', '0uIfrUwwg0Z7KTitul7E3T', '25ZAibhr3bdlMCLmubZDVt', '4R8BJggjosTswLxtkw8V7P', '58q2HKrzhC3ozto2nDdN4z', '5hcisvFMidkMJlElTO9Qmw', '6SYSu569pfYdkDT9A5lZqi', '71pEiUWwfDFiRO6RmFpnBf', '7alOsNr36sJ8CyOEP4aILq', '7hynhxDoDpgMIV12JuVtNa', '7knLcYCOSaURD0d7HUULFM']"
Charli xcx,25uiPmTg16RbhZWAqwLBy5,Troye Sivan,3WGpXCj9YhhfX11TToZcXP,2,"['05mAIVLkIWc2d1UBYZBCp8', '7CwWhMGWICOl2ICwbk3QTE']"
Lil Wayne,55Aa2cqylxrFIXC767Z865,Reginae Carter,66jpZDjMcxF3SfDfwK7GXe,1,['05r1GGg1Rhs0RcUg27C82a']
Christian Nodal,0XwVARXT135rw8lyw1EeWP,Peso Pluma,12GqGscKJx3aE4t07u7eVZ,1,['05tGmdz9dVZ4yGqz4YJdPK']
Future,1RyvyyTE3xzB2ZywiAwp0i,Young Thug,50co4Is1HCEo8bhOyUWKpn,17,"['06Gyf2pFDVmN5K8XAawG96', '0k1WUmIRnG3xU6fvvDVfRG', '0zNHMc1cGKe4MO5rtGtKRh', '1wWRtPIKD7ZNvtsrzLyTev', '25oOaleife6E2MIKmFkPvg', '2Okh2n1EHlGhviAYv75MOB', '2U3LJfQB0ALLxC7Yy0QW7l', '2XdgSB4TtzUHQYCMfSHbFI', '3XOalgusokruzA5ZBA2Qcb', '3cFHCXuBZKMJd8Q4Wt8RB3', '3fFBZvG777xoKyvcrBq7lc', '4W598w0KcHVG5Nwqk0qMpj', '5b06JZjts6dgyyuY1m7roq', '5fHrHoJKfCgBd35zwIBmUK', '6cPnE82DKBLd7sg02ZNg8K', '7HCX1Ch3mklJyEdpwPZBFW', '7r6LNJT2LqpLpEyZQJPygt']"
XXXTENTACION,15UsOTVnJzReFVN1VCnxy4,Kanye West,5K4W6rqBFWDnAN6FQUkS6x,2,"['06JvOZ39sK8D8SqiqfaxDU', '0T6RSXxFhW8dRTWHI604ld']"
Jung Kook,6HaGTQPmzraVmaVxvz6EUc,Major Lazer,738wLrAtLtCtFOLvQBXOXp,1,['06Qo2fYR2KS1F7bL338iVT']
6LACK,4IVAbR2w4JJNJDDRFP3E83,ScHoolboy Q,5IcR3N7QB1j6KBL8eImZ8m,1,['06Y14QBRyzmPRqrswAfF4J']
Alok,0NGAZxHanS9e0iNHpR8f2W,Bruno Martini,5veVxxPm1vzgi6pO2iVA8L,2,"['06ZpMjkNdIDKVf3mK29UiC', '1a5Yu5L18qNxVhXx38njON']"
Alok,0NGAZxHanS9e0iNHpR8f2W,Zeeba,7qPLO2XOUaRrRxkvLZ3AEK,2,"['06ZpMjkNdIDKVf3mK29UiC', '1a5Yu5L18qNxVhXx38njON']"
Bruno Martini,5veVxxPm1vzgi6pO2iVA8L,Zeeba,7qPLO2XOUaRrRxkvLZ3AEK,2,"['06ZpMjkNdIDKVf3mK29UiC', '1a5Yu5L18qNxVhXx38njON']"
Anuel AA,2R21vXR83lH98kGeO99Y66,Bad Bunny,4q3ewBCX7sLwd24euuV69X,3,"['06s3QtMJVXw1AJX3UfvZG1', '4saHEjXw7O1NXJOzBkUKKG', '6NfC2FKfsfzuLIF4lThw0A']"
Selena Gomez,0C8ZW7ezQVs4URX5aX7Kqx,Rauw Alejandro,1mcTU81TzQhprhouKaTkpq,1,['079Ey5uxL04AKPQgVQwx5h']
Mustard,0YinUQ50QDB7ZxSCLyQ40k,Roddy Ricch,757aE44tKEUQEqRuT6GnEB,2,"['07KXEDMj78x68D884wgVEm', '3QzAOrNlsabgbMwlZt7TAY']"
WILLOW,3rWZHrfrsPBxVy692yAIxF,THE ANXIETY,64H8UqGLbJFHwKtGxiV8OP,1,['07MDkzWARZaLEdKxo6yArG']
Tyler Cole,1xoxekeb8jUVHKJB7m6bfg,THE ANXIETY,64H8UqGLbJFHwKtGxiV8OP,1,['07MDkzWARZaLEdKxo6yArG']
Tyler Cole,1xoxekeb8jUVHKJB7m6bfg,WILLOW,3rWZHrfrsPBxVy692yAIxF,1,['07MDkzWARZaLEdKxo6yArG']
Lil Mosey,5zctI4wO9XSKS8XwcnqEHk,Trippie Redd,6Xgp2XMz1fhVYe7i6yNAax,1,['07NMFSwppnky8JyIQIxAQZ']
Lizzo,56oDRnqbIiwx4mymNEv7dS,Ariana Grande,66CXWjxzNUsdJxJ2JdwvnR,2,"['07Oz5StQ7GRoygNLaXs2pd', '2rjjNUYONZqC7wSd1i6OFq']"
Swae Lee,1zNqQNIdeOUZHb8zbZRFMX,Rae Sremmurd,7iZtZyCzp3LItcw1wtPI3D,7,"['07VJGBnywGutMZ72kRyEop', '0TCnOEVeLQMXOUrpPlM7uY', '1BuZAIO8WZpavWVbbq3Lci', '1oUudyBYVGMIC8JXeIsFzq', '2TtWdYXulGcHCeUJUWwZ4M', '4669wTPqp7Xwz2H7v4QKi1', '6nI74KsH94IN0J2vp5shdT']"
Henning May,1cH0i2n6YLrWFDDemqztay,Juju,4sg4no0TXdsrM1s4SVUwNF,1,['07f2b3CTdgKKlhv0mqUksz']
Ari Lennox,1vaQ6v3pOFxAIrFoPrAcom,Summer Walker,57LYzLEk2LcFghVwuWbcuS,1,['081Shn2hU3YxvQmGaCPegr']
RAF Camora,0Dvx6p8JDyzeOPGmaCIH1L,Bonez MC,1aS5tqEs9ci5P9KD9tZWa6,13,"['08EPQiLMyGB8GJX2EiVoCM', '0Vy7fWzknPBpNTwJkGc7Sm', '1dLYHdJhQ0LlZyyJmn3FLu', '2SRVj6ceeIffVEm9NFyRHI', '3uMpllxUKlpuXHczoHJ0U5', '4Bj3usjRTckEJARO0dLbDf', '4JxvECbZ3Oes1eUrmhQNSH', '4UOXo3xWnxYdTf3sFyRaUG', '4XHP5B63UsW0GniEx7oMHu', '5pUhMwmYr4gf6Lt3U5qsHz', '6Cy4jkukjKnIqGYkU7xCeF', '6pLKMPAUlBCjHjylj2Nbd9', '7k6aVgrtJqNTMVqk5yMWKD']"
MIMI,4GCwfakdZdo3KkBNtzU5vn,NEIKED,5H6xmHXjsq98NLbEjuE29f,1,['08QmhAybC6VHeG8gah84qA']
Summer Walker,57LYzLEk2LcFghVwuWbcuS,SZA,7tYKF4w9nC0nq9CsPZTHyP,1,['08SB2OtZkaliju77WYEKxk']
Calvin Harris,7CajNmpbOovFoOoasH2HaY,Snoop Dogg,7hJcb9fa4alzcOq3EaNPoG,1,['08Wc3X7XNSyF8WYBPt2L8E']
John Legend,5y2Xq6xcjJb2jVM54GHK3t,Calvin Harris,7CajNmpbOovFoOoasH2HaY,1,['08Wc3X7XNSyF8WYBPt2L8E']
Takeoff,3EW0kQ1skZiK1NHg3Spt9J,Calvin Harris,7CajNmpbOovFoOoasH2HaY,1,['08Wc3X7XNSyF8WYBPt2L8E']
Funk Wav,4A0TivfinfALCAMJqqjZIk,Calvin Harris,7CajNmpbOovFoOoasH2HaY,11,"['08Wc3X7XNSyF8WYBPt2L8E', '0P6AWOA4LG1XOctzaVu5tt', '0Ws8D3EWUDgY962Xftb0h5', '0lMbuWUpfTWhEmOKxppEau', '0pJPdSVti6cTM1Q6xYGmcf', '4KaIJ1FWXUoAAnOts1YWjD', '5bcTCxgc7xVfSaMV3RuVke', '60APt5N2NRaKWf5xzJdzyC', '6KdmNK9MogmGcnO3wNZHhp', '7iDxZ5Cd0Yg08d4fI5WVtG', '7tr2za8SQg2CI8EDgrdtNl']"
John Legend,5y2Xq6xcjJb2jVM54GHK3t,Snoop Dogg,7hJcb9fa4alzcOq3EaNPoG,1,['08Wc3X7XNSyF8WYBPt2L8E']
Takeoff,3EW0kQ1skZiK1NHg3Spt9J,Snoop Dogg,7hJcb9fa4alzcOq3EaNPoG,1,['08Wc3X7XNSyF8WYBPt2L8E']
Funk Wav,4A0TivfinfALCAMJqqjZIk,Snoop Dogg,7hJcb9fa4alzcOq3EaNPoG,1,['08Wc3X7XNSyF8WYBPt2L8E']
Takeoff,3EW0kQ1skZiK1NHg3Spt9J,John Legend,5y2Xq6xcjJb2jVM54GHK3t,1,['08Wc3X7XNSyF8WYBPt2L8E']
Funk Wav,4A0TivfinfALCAMJqqjZIk,John Legend,5y2Xq6xcjJb2jVM54GHK3t,1,['08Wc3X7XNSyF8WYBPt2L8E']
Takeoff,3EW0kQ1skZiK1NHg3Spt9J,Funk Wav,4A0TivfinfALCAMJqqjZIk,1,['08Wc3X7XNSyF8WYBPt2L8E']
Drake,3TVXtAsR1Inumwj472S9r4,Tems,687cZJR45JO7jhk1LHIbgq,2,"['08XWh5c0BMyD1nKVxxl91z', '59nOXPmaKlBfGMDeOVGrIK']"
Nicky Jam,1SupJlEpv7RS2tPNRaHViT,Rauw Alejandro,1mcTU81TzQhprhouKaTkpq,1,['08aYFNUTIOMGq93e2VSArQ']
Anne-Marie,1zNqDE7qDGCsyzJwohVaoX,Marshmello,64KEffDW9EtZ1y2vBYgq8T,1,['08bNPGLD8AhKpnnERrAc6G']
DJ Premier,6GEykX11lQqp92UVOQQCC7,Eminem,7dGJo4pcD2V6oG8kP0tJRR,1,['08ir631EiCA7xIms7JDp15']
Kodak Black,46SHBwWsqBkxI7EeeBEQG7,Don Toliver,4Gso3d4CscCijv0lmajZWs,1,['093MlZS93ZKlHpGkmb3k3W']
Sfera Ebbasta,23TFHmajVfBtlRx5MXqgoz,Capo Plaza,5SulO4l40qDuV9zUGLZx7n,3,"['093RgZ7RXHZwIrxZhZYX4Q', '4KilYheWwxakB1L43ECTeP', '6jawrhd9Ad5td8mIvEZkjm']"
Capo Plaza,5SulO4l40qDuV9zUGLZx7n,DrefGold,6jwzGu5VdkR5tsRROYuxso,1,['093RgZ7RXHZwIrxZhZYX4Q']
Sfera Ebbasta,23TFHmajVfBtlRx5MXqgoz,DrefGold,6jwzGu5VdkR5tsRROYuxso,3,"['093RgZ7RXHZwIrxZhZYX4Q', '4VVG3HBGaqSNZqIpmewIA6', '6gAySqc7QK27KEASxmc7Ag']"
Rauw Alejandro,1mcTU81TzQhprhouKaTkpq,Ir Sais,4NEThNYJ3WyNcJWcmpjq88,1,['099tjv6oy2opbpCOA3nBwX']
Tiësto,2o5jDhtHVPhrJdv3cEQ99Z,Dimitri Vegas & Like Mike,73jBynjsVtofjRpdpRAJGk,1,['09CnYHiZ5jGT1wr1TXJ9Zt']
Dido,2mpeljBig2IXLXRAFO9AAs,Dimitri Vegas & Like Mike,73jBynjsVtofjRpdpRAJGk,1,['09CnYHiZ5jGT1wr1TXJ9Zt']
W&W,2rTo8KIkBTFjQS7VvaKYQ4,Dimitri Vegas & Like Mike,73jBynjsVtofjRpdpRAJGk,1,['09CnYHiZ5jGT1wr1TXJ9Zt']
Dimitri Vegas,2HkAI0YrEcgoR8QdaURqhO,Dimitri Vegas & Like Mike,73jBynjsVtofjRpdpRAJGk,3,"['09CnYHiZ5jGT1wr1TXJ9Zt', '0U6bQIAh6MCGo1xjbIIx2S', '1Sl3njkhhz8nrSPZroDQ82']"
Like Mike,4pwXiI7Z5ZStkgKowZyoKi,Dimitri Vegas & Like Mike,73jBynjsVtofjRpdpRAJGk,2,"['09CnYHiZ5jGT1wr1TXJ9Zt', '0U6bQIAh6MCGo1xjbIIx2S']"
Dido,2mpeljBig2IXLXRAFO9AAs,Tiësto,2o5jDhtHVPhrJdv3cEQ99Z,1,['09CnYHiZ5jGT1wr1TXJ9Zt']
Tiësto,2o5jDhtHVPhrJdv3cEQ99Z,W&W,2rTo8KIkBTFjQS7VvaKYQ4,1,['09CnYHiZ5jGT1wr1TXJ9Zt']
Dimitri Vegas,2HkAI0YrEcgoR8QdaURqhO,Tiësto,2o5jDhtHVPhrJdv3cEQ99Z,1,['09CnYHiZ5jGT1wr1TXJ9Zt']
Tiësto,2o5jDhtHVPhrJdv3cEQ99Z,Like Mike,4pwXiI7Z5ZStkgKowZyoKi,1,['09CnYHiZ5jGT1wr1TXJ9Zt']
Dido,2mpeljBig2IXLXRAFO9AAs,W&W,2rTo8KIkBTFjQS7VvaKYQ4,1,['09CnYHiZ5jGT1wr1TXJ9Zt']
Dimitri Vegas,2HkAI0YrEcgoR8QdaURqhO,Dido,2mpeljBig2IXLXRAFO9AAs,1,['09CnYHiZ5jGT1wr1TXJ9Zt']
Dido,2mpeljBig2IXLXRAFO9AAs,Like Mike,4pwXiI7Z5ZStkgKowZyoKi,1,['09CnYHiZ5jGT1wr1TXJ9Zt']
Dimitri Vegas,2HkAI0YrEcgoR8QdaURqhO,W&W,2rTo8KIkBTFjQS7VvaKYQ4,1,['09CnYHiZ5jGT1wr1TXJ9Zt']
W&W,2rTo8KIkBTFjQS7VvaKYQ4,Like Mike,4pwXiI7Z5ZStkgKowZyoKi,1,['09CnYHiZ5jGT1wr1TXJ9Zt']
Dimitri Vegas,2HkAI0YrEcgoR8QdaURqhO,Like Mike,4pwXiI7Z5ZStkgKowZyoKi,2,"['09CnYHiZ5jGT1wr1TXJ9Zt', '0U6bQIAh6MCGo1xjbIIx2S']"
Jessie Reyez,3KedxarmBCyFBevnqQHy3P,Eminem,7dGJo4pcD2V6oG8kP0tJRR,2,"['09FfQO3PqHO4HIJL511Ksi', '4g32MdRoqwGKQd3NXIRhpU']"
Zedd,2qxJFvFYMEDqd7ui6kSAcq,Maren Morris,6WY7D3jk8zTrHtmkqqo5GI,1,['09IStsImFySgyp0pIQdqAc']
Zedd,2qxJFvFYMEDqd7ui6kSAcq,Grey,4lDBihdpMlOalxy1jkUbPl,2,"['09IStsImFySgyp0pIQdqAc', '6875MeXyCW0wLyT72Eetmo']"
Grey,4lDBihdpMlOalxy1jkUbPl,Maren Morris,6WY7D3jk8zTrHtmkqqo5GI,1,['09IStsImFySgyp0pIQdqAc']
Nicki Minaj,0hCNtLu0JehylgoiP8L4Gh,Polo G,6AgTAQt8XS6jRWi4sX7w49,1,['09b7tlISM5nQic0l2Qv9lP']
Kali Uchis,1U1el3k54VvEUzo3ybLPlM,Amaarae,21UPYSRWFKwtqvSAnFnSvS,1,['09gysnJpfQ3ublBmJDfcEC']
Amaarae,21UPYSRWFKwtqvSAnFnSvS,MOLIY,2hVWBpjLW4Q7fboYz2pVYK,1,['09gysnJpfQ3ublBmJDfcEC']
Kali Uchis,1U1el3k54VvEUzo3ybLPlM,MOLIY,2hVWBpjLW4Q7fboYz2pVYK,1,['09gysnJpfQ3ublBmJDfcEC']
Sebastian Yatra,07YUOmWljBTXwIseAUd9TW,TINI,7vXDAI8JwjW531ouMGbfcp,1,['09nSCeCs6eYfAIJVfye1CE']
Rauw Alejandro,1mcTU81TzQhprhouKaTkpq,Anuel AA,2R21vXR83lH98kGeO99Y66,2,"['0A37XY67wSdGqkGjtfW6aV', '4loQgPwJHocL3dFwLfjb1J']"
NATTI NATASHA,1GDbiv3spRmZ1XdM1jQbT7,Rauw Alejandro,1mcTU81TzQhprhouKaTkpq,1,['0A37XY67wSdGqkGjtfW6aV']
Rauw Alejandro,1mcTU81TzQhprhouKaTkpq,Farruko,329e4yvIujISKGKz1BZZbO,2,"['0A37XY67wSdGqkGjtfW6aV', '6mAN61JH0dzyZpWslS11jy']"
Rauw Alejandro,1mcTU81TzQhprhouKaTkpq,Lunay,47MpMsUfWtgyIIBEFOr4FE,2,"['0A37XY67wSdGqkGjtfW6aV', '2tGENA8xef0wABdHvyXwv9']"
NATTI NATASHA,1GDbiv3spRmZ1XdM1jQbT7,Anuel AA,2R21vXR83lH98kGeO99Y66,1,['0A37XY67wSdGqkGjtfW6aV']
Anuel AA,2R21vXR83lH98kGeO99Y66,Farruko,329e4yvIujISKGKz1BZZbO,4,"['0A37XY67wSdGqkGjtfW6aV', '5p3JJehpKHjr9pJT5eD2Lz', '5q2JbCNi4FcnglgPfxcV65', '7mWFF4gPADjTQjC97CgFVt']"
Anuel AA,2R21vXR83lH98kGeO99Y66,Lunay,47MpMsUfWtgyIIBEFOr4FE,2,"['0A37XY67wSdGqkGjtfW6aV', '37zdqI4r1gswIzczSBkRon']"
NATTI NATASHA,1GDbiv3spRmZ1XdM1jQbT7,Farruko,329e4yvIujISKGKz1BZZbO,3,"['0A37XY67wSdGqkGjtfW6aV', '1Xnn1TPyr5h0hpRAT4B4EA', '1ndyl3wJCFs872XZ3ztPk6']"
NATTI NATASHA,1GDbiv3spRmZ1XdM1jQbT7,Lunay,47MpMsUfWtgyIIBEFOr4FE,1,['0A37XY67wSdGqkGjtfW6aV']
Farruko,329e4yvIujISKGKz1BZZbO,Lunay,47MpMsUfWtgyIIBEFOr4FE,2,"['0A37XY67wSdGqkGjtfW6aV', '684EjRHwNsZQ9hCQxL4NYL']"
Metro Boomin,0iEtIxbK0KxaSlF7G42ZOp,Coi Leray,6AMd49uBDJfhf30Ak2QR5s,1,['0AAMnNeIc6CdnfNU85GwCH']
Markim WF,4q3N2WZiTq26rLMdpIGRgP,Niack,5uYe4bcAXlMP7d4mrOYkML,1,['0AGS6ZRgzobrazmCi6pYMe']
Drake,3TVXtAsR1Inumwj472S9r4,SZA,7tYKF4w9nC0nq9CsPZTHyP,2,"['0AYt6NMyyLd0rLuvr0UkMH', '1yeB8MUNeLo9Ek1UEpsyz6']"
Taylor Swift,06HL4z0CvFAxyc27GXpf02,Bon Iver,4LEiUm1SRbFMgfqnQTwUbQ,2,"['0AaV4MJrgmLV3XhoiWXjjb', '4pvb0WLRcMtbPGmtejJJ6y']"
Lil Pump,3wyVrVrFCkukjdVIdirGVY,Carnage,7CCjtD0hCK005Bvg2WG1a7,1,['0AcHbiMs86CCgprvc7E1gs']
Metro Boomin,0iEtIxbK0KxaSlF7G42ZOp,21 Savage,1URnnhqYAYcrqrcwql10ft,37,"['0AluA5RNsa4Cx6XRhf2hWZ', '0fyP96TikhD9sM4eKqw5Yp', '0tdCy39PgWN8LFWu34ORn3', '11XegnWeJHBDtj9IsNwngu', '1HLL8X0LH20F6Z9SLXLIjr', '1UsQe17Ef7tV1ahFqHEFR3', '1wGnp7ejkCuXRsehXx0PNP', '2D2w9943rsnJOGCrI4aMQp', '2Grb4G6t9VIqo6moKUloom', '2Yt4SXIgmoaPZHGdRafp4P', '2dHHgzDwk4BJdRwy9uXhTO', '2y3mrzWEWaAFqb2jf5fED8', '2yUzr8Sr6ldG8vmHhZwTnz', '3CDVMejYHnB1SkEEx0T1N4', '3WaDoMDQRqDdgtCDLxanpN', '3oxCefEI6Tc6Z6t20J4IvH', '3ruoIF2UnoXdzK8mR61ebq', '42Tohunwlh34o0mgxYx5iq', '47yD0e9MCRIB8dgUXPfyW3', '4Q34FP1AT7GEl9oLgNtiWj', '4V9ynsDPwHtdItksqjuRu0', '4WuOWVnAqvEQxgSRrspBgt', '4gmmRb6bZJffOOiww1JGTO', '50I7FNN2rl2rWiNwGxS146', '5KI7I4mEtulXcv5VQJaV35', '5SWnsxjhdcEDc7LJjq9UHk', '5UpXJ75CXod4PCoBQP6MAP', '5u6vkDnOyaf8LsteDAj2ub', '6HR1z11h0ROUlWP4Kx8Z7G', '6fwdbPMwP1zVStm8FybmkO', '6m6Oy3F6GG0zRwH03rWmTv', '6pcywuOeGGWeOQzdUyti6k', '7DuvVy7JfFgXwWlVzyyPys', '7FtZFla3ZH6PqsAJ9MvVCM', '7fxSLnklnayJNBIKntXedZ', '7vbjH8laThXpcBXeLNPm3M', '7vg47qMIEdLfNdTE3WLf0T']"
Ed Sheeran,6eUKZXaKkcviH0Ku9w2n3V,Eminem,7dGJo4pcD2V6oG8kP0tJRR,3,"['0AtP8EkGPn6SwxKDaUuXec', '0VSzREd1OjEWJ9tXoFHRQH', '1cS0TgbR263ey9jn0MwD2s']"
50 Cent,3q7HBObVc0L8jNeTe5Gofh,Ed Sheeran,6eUKZXaKkcviH0Ku9w2n3V,1,['0AtP8EkGPn6SwxKDaUuXec']
50 Cent,3q7HBObVc0L8jNeTe5Gofh,Eminem,7dGJo4pcD2V6oG8kP0tJRR,2,"['0AtP8EkGPn6SwxKDaUuXec', '7rK0iM6jwuo1oizdx8suQA']"
SAINt JHN,0H39MdGGX6dbnnQPt6NQkZ,Blue Ivy,3XV0lFzNs8BCTwhJTcMiBr,1,['0B3FovCVaGKS5w1FTidEUP']
Blue Ivy,3XV0lFzNs8BCTwhJTcMiBr,Beyoncé,6vWDO969PvNqNYHIOW5v0m,1,['0B3FovCVaGKS5w1FTidEUP']
Blue Ivy,3XV0lFzNs8BCTwhJTcMiBr,Wizkid,3tVQdUvClmAT7URs9V3rsp,1,['0B3FovCVaGKS5w1FTidEUP']
SAINt JHN,0H39MdGGX6dbnnQPt6NQkZ,Beyoncé,6vWDO969PvNqNYHIOW5v0m,1,['0B3FovCVaGKS5w1FTidEUP']
SAINt JHN,0H39MdGGX6dbnnQPt6NQkZ,Wizkid,3tVQdUvClmAT7URs9V3rsp,1,['0B3FovCVaGKS5w1FTidEUP']
Wizkid,3tVQdUvClmAT7URs9V3rsp,Beyoncé,6vWDO969PvNqNYHIOW5v0m,1,['0B3FovCVaGKS5w1FTidEUP']
Metro Boomin,0iEtIxbK0KxaSlF7G42ZOp,Future,1RyvyyTE3xzB2ZywiAwp0i,36,"['0B6g379TMw0nYGXA7y5xHz', '0OoNzMdPSgbkM5MkcuEZfm', '0SdpzQRdK8BdSV57rn6AZZ', '0cGn4vxyoBftN61XUv2aQk', '0hKtu53OlIFXVuYkZwcn3o', '0lOQaZwX9AkAiSvObh4G70', '0vjeOZ3Ft5jvAi9SBFJm1j', '1pnDvUuAEd6z8bKEsbAjk1', '1xwvjqcwflD2NEqRCNcCo2', '28drn6tQo95MRvO0jQEo5C', '28xOPIPw0joNPwYd0asIT5', '2BOpFmZQ89Rjm2wvmud1MU', '2GLWhy9iiO1wrLUF5l4FtJ', '2Hh3ETdQKrmSI3QS0hme7g', '2N9LEu6Pf8nDcp3GjWJT1Z', '2tudvzsrR56uom6smgOcSf', '30TcFxtFyju8isK6Hjo9KY', '3OxL6MuctgZp1e0zxoAZhH', '3Vg7nPYlOrCkcV1abKbRQ1', '4Dx4e0X5dR6TW85dtFU42x', '4XF9fk0STp9hx8xn5Suwpz', '4k8XSN1nCJ0rMf4OKF3zEz', '4q7y1JFDBJSBSLqXVgcI51', '57ELn9TPDIhrpl0dasS465', '5imsnhkfPCm3wajS9ksb21', '5pF8pF6U8ZDGTQmTY71hYn', '5sOsYuB0SfyKzAeW3BXHjq', '6Gf8Op8esgwchp44p1tIDp', '6J9ULUfgdVZfWnofbtLkfh', '6c0rii1TOf2fvq3hhqqExW', '6fwdbPMwP1zVStm8FybmkO', '70ToiXlzl8N1EgfC07ZcZE', '72qABvaqn3TP6drO2tByA6', '7nQXU7lu0RhVOSmsa3teKj', '7pBcryEKcUEaWHwAu1wUyP', '7sVbKoBdhXtYCEOO6qC1SN']"
Metro Boomin,0iEtIxbK0KxaSlF7G42ZOp,Lil Uzi Vert,4O15NlyKLIASxsJ0PrXPfz,2,"['0B6g379TMw0nYGXA7y5xHz', '2qlBAT108lYOzlXhBxBqEv']"
The Chainsmokers,69GGBxA162lTqCwzJG5jLp,XYLØ,6ioOEWNNGK40H8xrGj6XPW,1,['0B8B8cVRFIG1yznoQe7c9s']
The-Dream,1W3FSF1BLpY3hlVIgvenLz,Nas,20qISvAhX20dpIbOOzGK3q,2,"['0BSPhsCKfwENstErymcD80', '3XaNHbNa9Chz9plhRpcaof']"
PnB Rock,21WS9wngs9AqFckK7yYJPM,Kodak Black,46SHBwWsqBkxI7EeeBEQG7,1,['0BU7nIcCZxYSE0hYcc5oZz']
Oruam,4yGgbQJMq9orWypwqtdzYT,Zé Felipe,7cmuxPnXRJxwuYDHfbD8Eu,1,['0BUkQGUXgcvf3gdCWYbtnJ']
Oruam,4yGgbQJMq9orWypwqtdzYT,MC Tuto,6aoGgTKGqtsjj48ymcNs4Z,1,['0BUkQGUXgcvf3gdCWYbtnJ']
Oruam,4yGgbQJMq9orWypwqtdzYT,Mc Rodrigo do CN,54bV1pHNm5h5EcEgMis1RC,1,['0BUkQGUXgcvf3gdCWYbtnJ']
Dj Lc da Roça,1BNbDHa9FSPxIyZmcymSyL,Oruam,4yGgbQJMq9orWypwqtdzYT,1,['0BUkQGUXgcvf3gdCWYbtnJ']
Oruam,4yGgbQJMq9orWypwqtdzYT,MC K9,6Vxu4TDCN5TMlRpdu6a2Ag,1,['0BUkQGUXgcvf3gdCWYbtnJ']
mc pl alves,47wsfaEWJwhWd9bs04Oc1g,Oruam,4yGgbQJMq9orWypwqtdzYT,1,['0BUkQGUXgcvf3gdCWYbtnJ']
MC Tuto,6aoGgTKGqtsjj48ymcNs4Z,Zé Felipe,7cmuxPnXRJxwuYDHfbD8Eu,1,['0BUkQGUXgcvf3gdCWYbtnJ']
Mc Rodrigo do CN,54bV1pHNm5h5EcEgMis1RC,Zé Felipe,7cmuxPnXRJxwuYDHfbD8Eu,1,['0BUkQGUXgcvf3gdCWYbtnJ']
Dj Lc da Roça,1BNbDHa9FSPxIyZmcymSyL,Zé Felipe,7cmuxPnXRJxwuYDHfbD8Eu,1,['0BUkQGUXgcvf3gdCWYbtnJ']
MC K9,6Vxu4TDCN5TMlRpdu6a2Ag,Zé Felipe,7cmuxPnXRJxwuYDHfbD8Eu,1,['0BUkQGUXgcvf3gdCWYbtnJ']
mc pl alves,47wsfaEWJwhWd9bs04Oc1g,Zé Felipe,7cmuxPnXRJxwuYDHfbD8Eu,1,['0BUkQGUXgcvf3gdCWYbtnJ']
Mc Rodrigo do CN,54bV1pHNm5h5EcEgMis1RC,MC Tuto,6aoGgTKGqtsjj48ymcNs4Z,1,['0BUkQGUXgcvf3gdCWYbtnJ']
Dj Lc da Roça,1BNbDHa9FSPxIyZmcymSyL,MC Tuto,6aoGgTKGqtsjj48ymcNs4Z,1,['0BUkQGUXgcvf3gdCWYbtnJ']
MC K9,6Vxu4TDCN5TMlRpdu6a2Ag,MC Tuto,6aoGgTKGqtsjj48ymcNs4Z,1,['0BUkQGUXgcvf3gdCWYbtnJ']
mc pl alves,47wsfaEWJwhWd9bs04Oc1g,MC Tuto,6aoGgTKGqtsjj48ymcNs4Z,1,['0BUkQGUXgcvf3gdCWYbtnJ']
Dj Lc da Roça,1BNbDHa9FSPxIyZmcymSyL,Mc Rodrigo do CN,54bV1pHNm5h5EcEgMis1RC,1,['0BUkQGUXgcvf3gdCWYbtnJ']
Mc Rodrigo do CN,54bV1pHNm5h5EcEgMis1RC,MC K9,6Vxu4TDCN5TMlRpdu6a2Ag,1,['0BUkQGUXgcvf3gdCWYbtnJ']
mc pl alves,47wsfaEWJwhWd9bs04Oc1g,Mc Rodrigo do CN,54bV1pHNm5h5EcEgMis1RC,1,['0BUkQGUXgcvf3gdCWYbtnJ']
Dj Lc da Roça,1BNbDHa9FSPxIyZmcymSyL,MC K9,6Vxu4TDCN5TMlRpdu6a2Ag,1,['0BUkQGUXgcvf3gdCWYbtnJ']
Dj Lc da Roça,1BNbDHa9FSPxIyZmcymSyL,mc pl alves,47wsfaEWJwhWd9bs04Oc1g,1,['0BUkQGUXgcvf3gdCWYbtnJ']
mc pl alves,47wsfaEWJwhWd9bs04Oc1g,MC K9,6Vxu4TDCN5TMlRpdu6a2Ag,1,['0BUkQGUXgcvf3gdCWYbtnJ']
David Guetta,1Cs0zKBU1kc0i8ypK3B9ai,Rita Ora,5CCwRZC6euC8Odo6y9X8jr,1,['0BjfodYJYki5xbxHJZe0Cf']
Rita Ora,5CCwRZC6euC8Odo6y9X8jr,Imanbek,5rGrDvrLOV2VV8SCFVGWlj,1,['0BjfodYJYki5xbxHJZe0Cf']
Gunna,2hlmm7s2ICUX0LVIhVFlZQ,Rita Ora,5CCwRZC6euC8Odo6y9X8jr,1,['0BjfodYJYki5xbxHJZe0Cf']
David Guetta,1Cs0zKBU1kc0i8ypK3B9ai,Imanbek,5rGrDvrLOV2VV8SCFVGWlj,1,['0BjfodYJYki5xbxHJZe0Cf']
David Guetta,1Cs0zKBU1kc0i8ypK3B9ai,Gunna,2hlmm7s2ICUX0LVIhVFlZQ,1,['0BjfodYJYki5xbxHJZe0Cf']
Gunna,2hlmm7s2ICUX0LVIhVFlZQ,Imanbek,5rGrDvrLOV2VV8SCFVGWlj,1,['0BjfodYJYki5xbxHJZe0Cf']
DJ Khaled,0QHgL1lAIqAw0HtD7YldmP,SZA,7tYKF4w9nC0nq9CsPZTHyP,2,"['0BnTBAGmr9FtYwkZrwKhwS', '5kYSScXYOZYyi0fxramiW6']"
Tory Lanez,2jku7tDXc6XoB6MO2hFuqg,Snoop Dogg,7hJcb9fa4alzcOq3EaNPoG,1,['0BpYTh0O2ut5wvt0QtDGt4']
La Pantera,0IEzMvarfVycBJAXjjEZOL,Quevedo,52iwsT98xCoGgiGntTiR7K,1,['0Bv7O6fmZk3GrNQFYJaXPn']
La Pantera,0IEzMvarfVycBJAXjjEZOL,Juseph,5kgDdP7a4TsvkF08gpJGX0,1,['0Bv7O6fmZk3GrNQFYJaXPn']
La Pantera,0IEzMvarfVycBJAXjjEZOL,ABHIR,2D8UzkIVdg1bj0Iqz6gjk0,1,['0Bv7O6fmZk3GrNQFYJaXPn']
La Pantera,0IEzMvarfVycBJAXjjEZOL,BEJO,0adJG3bdFTHCkTY28NkY4u,1,['0Bv7O6fmZk3GrNQFYJaXPn']
La Pantera,0IEzMvarfVycBJAXjjEZOL,Cruz Cafuné,0jeYkqwckGJoHQhhXwgzk3,1,['0Bv7O6fmZk3GrNQFYJaXPn']
EL IMA,00vsUIEaNHw6qoQnh8DQM2,La Pantera,0IEzMvarfVycBJAXjjEZOL,1,['0Bv7O6fmZk3GrNQFYJaXPn']
Quevedo,52iwsT98xCoGgiGntTiR7K,Juseph,5kgDdP7a4TsvkF08gpJGX0,1,['0Bv7O6fmZk3GrNQFYJaXPn']
ABHIR,2D8UzkIVdg1bj0Iqz6gjk0,Quevedo,52iwsT98xCoGgiGntTiR7K,1,['0Bv7O6fmZk3GrNQFYJaXPn']
BEJO,0adJG3bdFTHCkTY28NkY4u,Quevedo,52iwsT98xCoGgiGntTiR7K,1,['0Bv7O6fmZk3GrNQFYJaXPn']
Cruz Cafuné,0jeYkqwckGJoHQhhXwgzk3,Quevedo,52iwsT98xCoGgiGntTiR7K,1,['0Bv7O6fmZk3GrNQFYJaXPn']
EL IMA,00vsUIEaNHw6qoQnh8DQM2,Quevedo,52iwsT98xCoGgiGntTiR7K,1,['0Bv7O6fmZk3GrNQFYJaXPn']
ABHIR,2D8UzkIVdg1bj0Iqz6gjk0,Juseph,5kgDdP7a4TsvkF08gpJGX0,1,['0Bv7O6fmZk3GrNQFYJaXPn']
BEJO,0adJG3bdFTHCkTY28NkY4u,Juseph,5kgDdP7a4TsvkF08gpJGX0,1,['0Bv7O6fmZk3GrNQFYJaXPn']
Cruz Cafuné,0jeYkqwckGJoHQhhXwgzk3,Juseph,5kgDdP7a4TsvkF08gpJGX0,1,['0Bv7O6fmZk3GrNQFYJaXPn']
EL IMA,00vsUIEaNHw6qoQnh8DQM2,Juseph,5kgDdP7a4TsvkF08gpJGX0,1,['0Bv7O6fmZk3GrNQFYJaXPn']
BEJO,0adJG3bdFTHCkTY28NkY4u,ABHIR,2D8UzkIVdg1bj0Iqz6gjk0,1,['0Bv7O6fmZk3GrNQFYJaXPn']
Cruz Cafuné,0jeYkqwckGJoHQhhXwgzk3,ABHIR,2D8UzkIVdg1bj0Iqz6gjk0,1,['0Bv7O6fmZk3GrNQFYJaXPn']
EL IMA,00vsUIEaNHw6qoQnh8DQM2,ABHIR,2D8UzkIVdg1bj0Iqz6gjk0,1,['0Bv7O6fmZk3GrNQFYJaXPn']
BEJO,0adJG3bdFTHCkTY28NkY4u,Cruz Cafuné,0jeYkqwckGJoHQhhXwgzk3,1,['0Bv7O6fmZk3GrNQFYJaXPn']
EL IMA,00vsUIEaNHw6qoQnh8DQM2,BEJO,0adJG3bdFTHCkTY28NkY4u,1,['0Bv7O6fmZk3GrNQFYJaXPn']
EL IMA,00vsUIEaNHw6qoQnh8DQM2,Cruz Cafuné,0jeYkqwckGJoHQhhXwgzk3,1,['0Bv7O6fmZk3GrNQFYJaXPn']
Bonez MC,1aS5tqEs9ci5P9KD9tZWa6,Gzuz,5eioJDe26lOqkAMbuhzZYs,10,"['0C6bsQq58Ue1XfL5PKTO6D', '0Dfyjnusld4dFOUl91gf0z', '0Vy7fWzknPBpNTwJkGc7Sm', '0kLA41xkWzzYzMIEGFuDkP', '1dLYHdJhQ0LlZyyJmn3FLu', '3aDYo34VzVf2i8aJyJk0ca', '4Bj3usjRTckEJARO0dLbDf', '6mw02h3qbWmuq2bJCRjRAe', '6qNLO4HzHeVvHxTaCFMXrf', '7g7aSJiEcQP8s3PTzqM4Fj']"
Travis Scott,0Y5tJX1MQlPlqiwlOH1tJY,Lil Wayne,55Aa2cqylxrFIXC767Z865,1,['0CBQ0m3mufWH75LTYB3s6h']
Chris Stapleton,4YLtscXsxbVgi031ovDDdh,Morgan Wallen,4oUHIQIBe0LHzYfvXNW4QM,1,['0CfPMZ1DSdzglsMRpLDM2H']
YG,0A0FS04o6zMoto8OKPsDwY,Cardi B,4kYSro6naA4h99UJvo89HB,2,"['0CfmNX2TXk7yoJqHJiixnp', '1JkrD47SDpAbyvqKtolcea']"
Macklemore,3JhNCzhSMTxs9WLGJJxWOY,Skylar Grey,4utLUGcTvOJFr6aqIJtYWV,1,['0CokSRCu5hZgPxcZBaEzVE']
Doja Cat,5cj0lLjcoR7YOSnhnX0Po5,SZA,7tYKF4w9nC0nq9CsPZTHyP,2,"['0CrcwVLUe8wzLUIXgjXVZJ', '3DarAbFujv6eYNliUTyqtz']"
Shilpa Rao,19LIHDDSHBD5NyYHI3gpzB,Vishal-Shekhar,6Mv8GjQa7LKUGCAqa9qqdb,1,['0CtZpaOhtzvLV3FfcsVpQo']
Caralisa Monteiro,2Yf4MRVpt0rcAd5y5h5ph1,Vishal-Shekhar,6Mv8GjQa7LKUGCAqa9qqdb,1,['0CtZpaOhtzvLV3FfcsVpQo']
Vishal Dadlani,6CXEwIaXYfVJ84biCxqc9k,Vishal-Shekhar,6Mv8GjQa7LKUGCAqa9qqdb,2,"['0CtZpaOhtzvLV3FfcsVpQo', '6FAYpZ4jve8vpvTwUvjK6H']"
Shekhar Ravjiani,4xd7mLI7urqrxELaXhAvzw,Vishal-Shekhar,6Mv8GjQa7LKUGCAqa9qqdb,2,"['0CtZpaOhtzvLV3FfcsVpQo', '6FAYpZ4jve8vpvTwUvjK6H']"
Kumaar,0m3D4grap8VFSzbJMqgNVk,Vishal-Shekhar,6Mv8GjQa7LKUGCAqa9qqdb,2,"['0CtZpaOhtzvLV3FfcsVpQo', '6FAYpZ4jve8vpvTwUvjK6H']"
Shilpa Rao,19LIHDDSHBD5NyYHI3gpzB,Caralisa Monteiro,2Yf4MRVpt0rcAd5y5h5ph1,1,['0CtZpaOhtzvLV3FfcsVpQo']
Shilpa Rao,19LIHDDSHBD5NyYHI3gpzB,Vishal Dadlani,6CXEwIaXYfVJ84biCxqc9k,1,['0CtZpaOhtzvLV3FfcsVpQo']
Shilpa Rao,19LIHDDSHBD5NyYHI3gpzB,Shekhar Ravjiani,4xd7mLI7urqrxELaXhAvzw,1,['0CtZpaOhtzvLV3FfcsVpQo']
Kumaar,0m3D4grap8VFSzbJMqgNVk,Shilpa Rao,19LIHDDSHBD5NyYHI3gpzB,3,"['0CtZpaOhtzvLV3FfcsVpQo', '3xMHXmedL5Rvfxmiar9Ryv', '4nc6XiUze2Yh7wFueGOPv7']"
Caralisa Monteiro,2Yf4MRVpt0rcAd5y5h5ph1,Vishal Dadlani,6CXEwIaXYfVJ84biCxqc9k,1,['0CtZpaOhtzvLV3FfcsVpQo']
Caralisa Monteiro,2Yf4MRVpt0rcAd5y5h5ph1,Shekhar Ravjiani,4xd7mLI7urqrxELaXhAvzw,1,['0CtZpaOhtzvLV3FfcsVpQo']
Kumaar,0m3D4grap8VFSzbJMqgNVk,Caralisa Monteiro,2Yf4MRVpt0rcAd5y5h5ph1,1,['0CtZpaOhtzvLV3FfcsVpQo']
Shekhar Ravjiani,4xd7mLI7urqrxELaXhAvzw,Vishal Dadlani,6CXEwIaXYfVJ84biCxqc9k,2,"['0CtZpaOhtzvLV3FfcsVpQo', '6FAYpZ4jve8vpvTwUvjK6H']"
Kumaar,0m3D4grap8VFSzbJMqgNVk,Vishal Dadlani,6CXEwIaXYfVJ84biCxqc9k,2,"['0CtZpaOhtzvLV3FfcsVpQo', '6FAYpZ4jve8vpvTwUvjK6H']"
Kumaar,0m3D4grap8VFSzbJMqgNVk,Shekhar Ravjiani,4xd7mLI7urqrxELaXhAvzw,2,"['0CtZpaOhtzvLV3FfcsVpQo', '6FAYpZ4jve8vpvTwUvjK6H']"
Alessandra Amoroso,2pjb5ffSoVTr5lRYQXlnPu,Boomdabash,4mAsWDGLUIEdo6imU77WG6,1,['0D4GpOPInKiPxEfQMchu4p']
Shakira,0EmeFodog0BfCgMzAIvKQp,KAROL G,790FomKkXshlbRYZFtlgla,1,['0DWdj2oZMBFSzRsi2Cvfzf']
The Kid LAROI,2tIP7SsRs7vjIcLrU85W8J,mgk,6TIYQ3jFPwQSRmorSezPxX,1,['0DYNL4xbYWgNzppUamtyR4']
DJ Patrick Muniz,2MUXvv3lFulPYMUCtNrEBu,Dj Olliver,6akRUh5g0XiVQaZj6U23fd,1,['0DsPj89zlY3Us7xb5cXK5h']
DJ Patrick Muniz,2MUXvv3lFulPYMUCtNrEBu,Mc Topre,6bmZfABIjvLMAMYwujdjFy,1,['0DsPj89zlY3Us7xb5cXK5h']
DJ Patrick Muniz,2MUXvv3lFulPYMUCtNrEBu,Mc Rennan,6ZiGAU6TJQEyidFQ22eIOS,1,['0DsPj89zlY3Us7xb5cXK5h']
Dj Olliver,6akRUh5g0XiVQaZj6U23fd,Mc Topre,6bmZfABIjvLMAMYwujdjFy,1,['0DsPj89zlY3Us7xb5cXK5h']
Mc Rennan,6ZiGAU6TJQEyidFQ22eIOS,Dj Olliver,6akRUh5g0XiVQaZj6U23fd,1,['0DsPj89zlY3Us7xb5cXK5h']
Mc Rennan,6ZiGAU6TJQEyidFQ22eIOS,Mc Topre,6bmZfABIjvLMAMYwujdjFy,1,['0DsPj89zlY3Us7xb5cXK5h']
The Marías,2sSGPbdZJkaSE2AbcGOACx,Bad Bunny,4q3ewBCX7sLwd24euuV69X,1,['0E0DRHf5PfMeor0ZCwB3oT']
Gigi D'Agostino,1OAjDaKgg00KCUYqDe68un,Dynoro,3v6Ji4uoWtKRkhuDUaxi9n,1,['0E9ZjEAyAwOXZ7wJC0PD33']
Luciano,3CJKkU0XuElRT1z8rEtIYg,Samra,6h1s4i4XKIYv4ErDelLDN0,2,"['0EDSU9JYeKABA14OcOuM7b', '4Rif4wqdvzy84dhP1apC4Y']"
Daddy Yankee,4VMYDCV2IEDYJArk749S6m,Romeo Santos,5lwmRuXgjX8xIwlnauTZIP,1,['0ERbK7qVqveCaBWIiYCrl3']
Nicky Jam,1SupJlEpv7RS2tPNRaHViT,Romeo Santos,5lwmRuXgjX8xIwlnauTZIP,2,"['0ERbK7qVqveCaBWIiYCrl3', '1mauYRwbpoGQX6itP2FAJC']"
Nicky Jam,1SupJlEpv7RS2tPNRaHViT,Daddy Yankee,4VMYDCV2IEDYJArk749S6m,2,"['0ERbK7qVqveCaBWIiYCrl3', '4VgYtXCVJ7IbWAZ5ryfvEQ']"
J Balvin,1vyhD5VmyZ7KMfW5gqLgo5,Dua Lipa,6M2wZ9GZgrQXHCFfjv46we,1,['0EhpEsp4L0oRGM0vmeaN5e']
Tainy,0GM7qgcRCORpGnfcN2tCiB,J Balvin,1vyhD5VmyZ7KMfW5gqLgo5,3,"['0EhpEsp4L0oRGM0vmeaN5e', '1WSGTYKLEpKfNQYYW5Oymt', '1pqnQ41XbfKjaFu6M0eGJp']"
Bad Bunny,4q3ewBCX7sLwd24euuV69X,Dua Lipa,6M2wZ9GZgrQXHCFfjv46we,1,['0EhpEsp4L0oRGM0vmeaN5e']
Tainy,0GM7qgcRCORpGnfcN2tCiB,Dua Lipa,6M2wZ9GZgrQXHCFfjv46we,1,['0EhpEsp4L0oRGM0vmeaN5e']
Tainy,0GM7qgcRCORpGnfcN2tCiB,Bad Bunny,4q3ewBCX7sLwd24euuV69X,4,"['0EhpEsp4L0oRGM0vmeaN5e', '4eMKD8MRroxCqugpsxCCNb', '4gzsuuZypVbxs0Af1LSZyB', '71wFwRo8xGc4lrcyKwsvba']"
SAIKO,2O8vbr4RYPpk6MRA4fio7u,Quevedo,52iwsT98xCoGgiGntTiR7K,2,"['0EhuGnOS6fTc5l5UNtDEH2', '4sDpxaulErbJ9NBaJDC7cJ']"
Feid,2LRoIwlKmHjgvigdNGBHNo,SAIKO,2O8vbr4RYPpk6MRA4fio7u,1,['0EhuGnOS6fTc5l5UNtDEH2']
Mora,0Q8NcsJwoCbZOHHW63su5S,SAIKO,2O8vbr4RYPpk6MRA4fio7u,2,"['0EhuGnOS6fTc5l5UNtDEH2', '0QRHOAeU8JRaVVn3UoZBih']"
Feid,2LRoIwlKmHjgvigdNGBHNo,Quevedo,52iwsT98xCoGgiGntTiR7K,1,['0EhuGnOS6fTc5l5UNtDEH2']
Mora,0Q8NcsJwoCbZOHHW63su5S,Quevedo,52iwsT98xCoGgiGntTiR7K,2,"['0EhuGnOS6fTc5l5UNtDEH2', '3vKYvbzB7801a5qd47pxkm']"
Mora,0Q8NcsJwoCbZOHHW63su5S,Feid,2LRoIwlKmHjgvigdNGBHNo,2,"['0EhuGnOS6fTc5l5UNtDEH2', '5jt25aFjW2kNoBqaEVaz5W']"
yatashigang,2GBDI5PSiEnVoH0YnFFRLx,ZWE1HVNDXR,33rnQWadiG2aauIwIxPxfB,1,['0EqczV3o6fwksegAavIHpX']
Selena Gomez,0C8ZW7ezQVs4URX5aX7Kqx,Camilo,28gNT5KBp7IjEOQoevXf9N,1,['0EtuSDTRJYUwlPf4y6coIz']
Kanye West,5K4W6rqBFWDnAN6FQUkS6x,6ix9ine,7gZfnEnfiaHzxARJ2LeXrf,2,"['0EwS8XJQspgrj1zSUXhFkl', '1oJ8EDr2pv94IvSd6ZmDgo']"
Kanye West,5K4W6rqBFWDnAN6FQUkS6x,Playboi Carti,699OTQXzgjhIYAHMy9RyPD,2,"['0F13K9dwYH2zpTWiR8d628', '3w0w2T288dec0mgeZZqoNN']"
sped up nightcore,0M2CO5ijP35MDhNwvpgxTV,Lil Uzi Vert,4O15NlyKLIASxsJ0PrXPfz,1,['0FA4wrjDJvJTTU8AepZTup']
ARIZONATEARS,2xzyIzdjfeXX6FIQtlAAyw,Lil Uzi Vert,4O15NlyKLIASxsJ0PrXPfz,1,['0FA4wrjDJvJTTU8AepZTup']
sped up nightcore,0M2CO5ijP35MDhNwvpgxTV,ARIZONATEARS,2xzyIzdjfeXX6FIQtlAAyw,1,['0FA4wrjDJvJTTU8AepZTup']
Mora,0Q8NcsJwoCbZOHHW63su5S,Alvaro Diaz,5J7rXWjtn5HzUkJ4Jet8Fr,1,['0FCiBGB36gPUW49xuoZYJm']
Doja Cat,5cj0lLjcoR7YOSnhnX0Po5,Ariana Grande,66CXWjxzNUsdJxJ2JdwvnR,3,"['0FFsgUoFibYISzMxuGS61W', '2sQH02O2HBCPJCztBrCWNa', '5GkQIP5mWPi4KZLLXeuFTT']"
Kodak Black,46SHBwWsqBkxI7EeeBEQG7,Offset,4DdkRBBYG6Yk9Ka8tdJ9BW,1,['0FZ4Dmg8jJJAPJnvBIzD9z']
Travis Scott,0Y5tJX1MQlPlqiwlOH1tJY,Kodak Black,46SHBwWsqBkxI7EeeBEQG7,3,"['0FZ4Dmg8jJJAPJnvBIzD9z', '1HLL8X0LH20F6Z9SLXLIjr', '6CwTHNCzgkq41m11iPpzsf']"
Travis Scott,0Y5tJX1MQlPlqiwlOH1tJY,Offset,4DdkRBBYG6Yk9Ka8tdJ9BW,5,"['0FZ4Dmg8jJJAPJnvBIzD9z', '2Gk6fi0dqt91NKvlzGsmm7', '5u6vkDnOyaf8LsteDAj2ub', '6urLjX35oXXRYtcH1b3dCh', '7pMRoGLEJuFM2wl5pt0R99']"
Joel De La P,4qDRNT8ldCfCjSp9lBzYC5,Tito Double P,5eumcnUkdmGvkvcsx1WFNG,2,"['0FkD2FHEZrZIofVkY6XPFK', '3YyTyWfSwAhesGCKpnuRKl']"
Luis R Conriquez,0pePYDrJGk8gqMRbXrLJC8,Tito Double P,5eumcnUkdmGvkvcsx1WFNG,1,['0FkD2FHEZrZIofVkY6XPFK']
Luis R Conriquez,0pePYDrJGk8gqMRbXrLJC8,Joel De La P,4qDRNT8ldCfCjSp9lBzYC5,2,"['0FkD2FHEZrZIofVkY6XPFK', '22jhscHs2DoVqKG5vKJytQ']"
Cults,3Oim8XBPbznAa8Jj8QzNc8,J. Cole,6l3HvQ5sa6mXTsMTB19rO5,1,['0Fs9cdPDhptWEDJmiCbkEW']
Amber Coffman,4vpGVGgxSDcCTmqYbsOnsn,J. Cole,6l3HvQ5sa6mXTsMTB19rO5,1,['0Fs9cdPDhptWEDJmiCbkEW']
Cults,3Oim8XBPbznAa8Jj8QzNc8,Amber Coffman,4vpGVGgxSDcCTmqYbsOnsn,1,['0Fs9cdPDhptWEDJmiCbkEW']
Natanael Cano,0elWFr7TW8piilVRYJUe4P,Peso Pluma,12GqGscKJx3aE4t07u7eVZ,5,"['0FxtC8uFapbpDBliAU3sd6', '0cNSq9T5l8gZnpY14rsTR2', '0jofzyjTFcgFIvkK5bXwo3', '3hSV42Sx3dAaYwjOPZgubn', '5UHK1rtK4MpBGb0KppIYh4']"
Natanael Cano,0elWFr7TW8piilVRYJUe4P,Gabito Ballesteros,6Sbl0NT50roqWvy746MfVf,5,"['0FxtC8uFapbpDBliAU3sd6', '3FvTHuefYV6TxE3Kseqno8', '4L1iecYPJR1qc9tz5Zjkw9', '4OLT65TRsOx3Iv1TlCcQVb', '5UHK1rtK4MpBGb0KppIYh4']"
Peso Pluma,12GqGscKJx3aE4t07u7eVZ,Gabito Ballesteros,6Sbl0NT50roqWvy746MfVf,4,"['0FxtC8uFapbpDBliAU3sd6', '1piak4R3yW4otWWyaSqyCH', '5UHK1rtK4MpBGb0KppIYh4', '7mXuWTczZNxG5EDcjFEuJR']"
Mora,0Q8NcsJwoCbZOHHW63su5S,Bad Bunny,4q3ewBCX7sLwd24euuV69X,3,"['0G2zPzWqVjR68iNPmx2TBe', '4qSEvFGCpde73gqIuq3sho', '5J7teKIJGtqVypgYI6sqXj']"
Mora,0Q8NcsJwoCbZOHHW63su5S,Sech,77ziqFxp5gaInVrF2lj4ht,2,"['0G2zPzWqVjR68iNPmx2TBe', '30W8VKHrAZmHzObnwAoc1u']"
Bad Bunny,4q3ewBCX7sLwd24euuV69X,Sech,77ziqFxp5gaInVrF2lj4ht,2,"['0G2zPzWqVjR68iNPmx2TBe', '38RIEav39FGi86jppxO0du']"
KSI,1nzgtKYFckznkcVMR3Gg4z,S1mba,71jSVPQ6yskfyvWeiwvT5s,1,['0G9vbgmLrDqjV4NUCSrsIg']
J. Cole,6l3HvQ5sa6mXTsMTB19rO5,Bas,70gP6Ry4Uo0Yx6uzPIdaiJ,8,"['0GAyuCo975IHGxxiLKDufB', '0YAQnYt2oB8OdoaeqnHyTI', '15qKrPi4Kg0z7g9HlwWyeb', '36J0iaPDGbYGsHvYpaYs3k', '3zyjnHtoi8AtiGgZFnJP7O', '4n6NDfYake476trCjJRNl0', '5BwQjRasNcdRPuVWKcHto2', '5RMTsrJkrtumtiIZjy7dL6']"
6LACK,4IVAbR2w4JJNJDDRFP3E83,J. Cole,6l3HvQ5sa6mXTsMTB19rO5,2,"['0GAyuCo975IHGxxiLKDufB', '4at3d5QWnlibMVN75ECDrp']"
6LACK,4IVAbR2w4JJNJDDRFP3E83,Bas,70gP6Ry4Uo0Yx6uzPIdaiJ,1,['0GAyuCo975IHGxxiLKDufB']
Cris Mj,1Yj5Xey7kTwvZla8sqdsdE,KAROL G,790FomKkXshlbRYZFtlgla,1,['0GJwUAlBMJTbY4VE7iE761']
KAROL G,790FomKkXshlbRYZFtlgla,Ryan Castro,7j6DKwmjbxvpQO8h914uEz,2,"['0GJwUAlBMJTbY4VE7iE761', '3mg9jYNC1NihbthlglzrWP']"
Cris Mj,1Yj5Xey7kTwvZla8sqdsdE,Ryan Castro,7j6DKwmjbxvpQO8h914uEz,1,['0GJwUAlBMJTbY4VE7iE761']
"Royce Da 5'9""",6DVipHzYsPlIoA0DW8Gmns,Eminem,7dGJo4pcD2V6oG8kP0tJRR,4,"['0GQ5bFTVFFKpwNPc7KwQnB', '28FGV3ORH14MYORd7s5dlU', '3CJbxqRQ0JNCqboWDNUUeX', '5mZXWEH2eh8zMZGCxT5aW0']"
White Gold,79KQgTCu4wV38ECYKn62DZ,Eminem,7dGJo4pcD2V6oG8kP0tJRR,3,"['0GQ5bFTVFFKpwNPc7KwQnB', '15qnOSRK5HMWOgL5HURhrc', '7I3RalBqE7ZE0RSxgGlGlm']"
"Royce Da 5'9""",6DVipHzYsPlIoA0DW8Gmns,White Gold,79KQgTCu4wV38ECYKn62DZ,1,['0GQ5bFTVFFKpwNPc7KwQnB']
Landon Cube,04ei5kNgmDuNAydFhhIHnD,Lil Skies,7d3WFRME3vBY2cgoP38RDo,3,"['0Goo25lbtpwor5vb0K2r21', '2u7mxWSeoqTXndK5e08jMp', '3ZhTT6yjZwpPph5MIJ53XY']"
Young Stoner Life,1xr2G8Hlx4QWmT9HaUbmoO,Young Thug,50co4Is1HCEo8bhOyUWKpn,9,"['0GqaZ1L5KAXMNngAZbGvLf', '0kCBorRrKZkSztd9m0QI3r', '0ky8syPEVEfD7qCxMTW49X', '16eZmQoeajKH8G2nPe2chk', '3GkEnNf2RWmdwkA2FfjQ3g', '3HxYOwZZHZn5mC1drqPQqR', '6755DFiZ7CWe2WMdTGW5C1', '6rTInqW3YECMkQsBEHw4sd', '7uZqvqXzzYMKrexKxdcGmd']"
Young Stoner Life,1xr2G8Hlx4QWmT9HaUbmoO,Gunna,2hlmm7s2ICUX0LVIhVFlZQ,6,"['0GqaZ1L5KAXMNngAZbGvLf', '0kCBorRrKZkSztd9m0QI3r', '0ky8syPEVEfD7qCxMTW49X', '6755DFiZ7CWe2WMdTGW5C1', '6rTInqW3YECMkQsBEHw4sd', '7uZqvqXzzYMKrexKxdcGmd']"
Young Stoner Life,1xr2G8Hlx4QWmT9HaUbmoO,YTB Trench,5PHYg0IcnpyZJ1y9euAx4i,1,['0GqaZ1L5KAXMNngAZbGvLf']
Young Stoner Life,1xr2G8Hlx4QWmT9HaUbmoO,Lil Baby,5f7VJjfbwm532GiveGC0ZK,2,"['0GqaZ1L5KAXMNngAZbGvLf', '0kCBorRrKZkSztd9m0QI3r']"
Gunna,2hlmm7s2ICUX0LVIhVFlZQ,Young Thug,50co4Is1HCEo8bhOyUWKpn,19,"['0GqaZ1L5KAXMNngAZbGvLf', '0kCBorRrKZkSztd9m0QI3r', '0ky8syPEVEfD7qCxMTW49X', '28ZGbkz2MDnpvHhSRQw4f1', '2U3LJfQB0ALLxC7Yy0QW7l', '2ZGEjmwyeZ3rpEezkZwqOP', '3XOalgusokruzA5ZBA2Qcb', '3nS9a01VvXHQriLqJYwRqG', '3tkFCUaISwablf9MJydsuB', '4T7cJdrTRqOBESPYfvfj2x', '4bi9YrkOvmg4Eb7h00AW2c', '4ea9w8c4ROqiZpJVhfBA3m', '4lAQfuREAHG8IC0PiiigBt', '5Z8HZM6iQMhhqyPcCGY5g9', '6755DFiZ7CWe2WMdTGW5C1', '6igOR5QCn09zAVF2ikZjsV', '6rTInqW3YECMkQsBEHw4sd', '7HCX1Ch3mklJyEdpwPZBFW', '7uZqvqXzzYMKrexKxdcGmd']"
Young Thug,50co4Is1HCEo8bhOyUWKpn,YTB Trench,5PHYg0IcnpyZJ1y9euAx4i,1,['0GqaZ1L5KAXMNngAZbGvLf']
Young Thug,50co4Is1HCEo8bhOyUWKpn,Lil Baby,5f7VJjfbwm532GiveGC0ZK,6,"['0GqaZ1L5KAXMNngAZbGvLf', '0kCBorRrKZkSztd9m0QI3r', '1GeNui6m825V8jP4uKiIaH', '1Py8c3dkLF0YczcAyBFBEM', '4T7cJdrTRqOBESPYfvfj2x', '5ixKkLQSriCQakDWbdW8qD']"
Gunna,2hlmm7s2ICUX0LVIhVFlZQ,YTB Trench,5PHYg0IcnpyZJ1y9euAx4i,1,['0GqaZ1L5KAXMNngAZbGvLf']
YTB Trench,5PHYg0IcnpyZJ1y9euAx4i,Lil Baby,5f7VJjfbwm532GiveGC0ZK,1,['0GqaZ1L5KAXMNngAZbGvLf']
The Weeknd,1Xyo4u8uXC1ZmMpatF05PJ,Maluma,1r4hJ1h58CWwUQe3MxPuau,1,['0GzuHFG4Ql6DoyxFRnIk3F']
Luan Santana,3qvcCP2J0fWi0m0uQDUf6r,Luan Pereira,5kVgcCdPbeUwxBqWxi2Ktl,1,['0HDMisLsuGNml98Xq7atpm']
The Lumineers,16oZKvXb6WkQlVAjwo2Wbg,Zach Bryan,40ZNYROS4zLfyyBSs2PGe2,1,['0HEytGQM3bG1vKxER7IgVK']
David Guetta,1Cs0zKBU1kc0i8ypK3B9ai,Bebe Rexha,64M6ah0SkkRsnPGtGiRAbb,3,"['0HLhptvI8NozbOHRLNniFz', '0YammaEkYSeo9vQYZ1OwS6', '4uUG5RXrOk84mYEfFvj3cK']"
David Guetta,1Cs0zKBU1kc0i8ypK3B9ai,Ty Dolla $ign,7c0XG5cIJTrrAgEC3ULPiq,1,['0HLhptvI8NozbOHRLNniFz']
David Guetta,1Cs0zKBU1kc0i8ypK3B9ai,A Boogie Wit da Hoodie,31W5EY0aAly4Qieq6OFu6I,1,['0HLhptvI8NozbOHRLNniFz']
Bebe Rexha,64M6ah0SkkRsnPGtGiRAbb,Ty Dolla $ign,7c0XG5cIJTrrAgEC3ULPiq,2,"['0HLhptvI8NozbOHRLNniFz', '4ZJPwET9Jrgpkqi4Vo3Yg8']"
A Boogie Wit da Hoodie,31W5EY0aAly4Qieq6OFu6I,Bebe Rexha,64M6ah0SkkRsnPGtGiRAbb,1,['0HLhptvI8NozbOHRLNniFz']
A Boogie Wit da Hoodie,31W5EY0aAly4Qieq6OFu6I,Ty Dolla $ign,7c0XG5cIJTrrAgEC3ULPiq,1,['0HLhptvI8NozbOHRLNniFz']
Joe Janiak,142TY556WknD1ZRV8XilJQ,Avicii,1vCWHaC5f2uS3yhpwWbIA6,2,"['0HZgYFimoJG9Ijy8InUWcV', '7zGEU6BXl2c4TxpzIAr7BI']"
Burna Boy,3wcj11K77LjEY1PkEazffa,Ed Sheeran,6eUKZXaKkcviH0Ku9w2n3V,3,"['0HaRLPnr887lcQM2YQzkff', '49i5Qn3zXsMBPsSOmYAFut', '4QPEwDdOMhY7rNS05mTyMR']"
Zedd,2qxJFvFYMEDqd7ui6kSAcq,Alessia Cara,2wUjUUtkb5lvLKcGKsKqsR,1,['0I20rLT2MJDhcF96AjbNYo']
thasup,19i93sA0D7yS9dYoVNBqAA,Salmo,3hBQ4zniNdQf1cqqo6hzuW,1,['0I26eEAwEoii0wHuFqwhYO']
Nicki Minaj,0hCNtLu0JehylgoiP8L4Gh,Ty Dolla $ign,7c0XG5cIJTrrAgEC3ULPiq,3,"['0IAkpYTRomExXOUJonNMTR', '5N1o6d8zGcSZSeMFkOUQOk', '6kex4EBAj0WHXDKZMEJaaF']"
Kid Cudi,0fA0VVWsXO9YnASrzqfmYu,ScHoolboy Q,5IcR3N7QB1j6KBL8eImZ8m,1,['0IH3D0P8OrQFs6ajcqbm0R']
Fuerza Regida,0ys2OFYzWYB5hRDLCsBqxt,Grupo Frontera,6XkjpgcEsYab502Vr1bBeW,2,"['0IKeDy5bT9G0bA7ZixRT4A', '3D24ErT1MMmUfXWotSj2A2']"
Rennan da Penha,7ecRwFks8F2vYad383BkKf,Mc Livinho,7me0S5Z40qVWj3gzyK8aC3,1,['0IQCOAw9ZAI6WnXIrl481F']
Future,1RyvyyTE3xzB2ZywiAwp0i,Rich The Kid,1pPmIToKXyGdsCF6LmqLmI,1,['0ITqOOwNtw5DP2GLYAlTQx']
Michael Bublé,1GxkXlMwML1oSg5eLPiAz3,Idina Menzel,73Np75Wv2tju61Eo9Zw4IR,1,['0Ie5uiv54KgCr7P4sYDTHl']
David Guetta,1Cs0zKBU1kc0i8ypK3B9ai,Martin Solveig,1bj5GrcLom5gZFF5t949Xl,1,['0IhTEIjFaRt3B2NQYf9azQ']
Chief Keef,15iVAtD3s3FsQR4w1v6M0P,Lil Uzi Vert,4O15NlyKLIASxsJ0PrXPfz,1,['0IpnZchq8ek2A6pGEP2Qb1']
Camilo,28gNT5KBp7IjEOQoevXf9N,Shawn Mendes,7n2wHs1TKAczGzO7Dd2rGr,1,['0IqCoZ168iRc9LqfrYgpZy']
Charli xcx,25uiPmTg16RbhZWAqwLBy5,Billie Eilish,6qqNVTkY8uBg9cP3Jd7DAH,1,['0IsIY8pfu1yaGkPUD7pkDx']
Tokischa,2p4aN0Uxkk3iT3HK0cJ2cJ,Bad Gyal,4F4pp8NUW08JuXwnoxglpN,1,['0J9g1MMJDhyvOb3NWckHMm']
Young Miko,3qsKSpcV3ncke3hw52JSMB,Bad Gyal,4F4pp8NUW08JuXwnoxglpN,1,['0J9g1MMJDhyvOb3NWckHMm']
Tokischa,2p4aN0Uxkk3iT3HK0cJ2cJ,Young Miko,3qsKSpcV3ncke3hw52JSMB,1,['0J9g1MMJDhyvOb3NWckHMm']
Ozuna,1i8SpTcr7yvPOmcqrbnVXY,Camilo,28gNT5KBp7IjEOQoevXf9N,1,['0JAZWvvqttGFm4UMDsPQXC']
Mora,0Q8NcsJwoCbZOHHW63su5S,Arcángel,4SsVbpTthjScTS7U2hmr1X,1,['0JLKzgJT62z3jNWsDt6znJ']
Future,1RyvyyTE3xzB2ZywiAwp0i,Juice WRLD,4MCBfE4596Uoi2O4DtmEMz,12,"['0JR7iZZ6Ql79sXW3rbiS3F', '1hHe7cirScEJWgAS0JFqTL', '2OsDoAzo5SGq10qwmKSQBv', '2vs5ubqg8QUbfyWZpMfvWe', '3fFBZvG777xoKyvcrBq7lc', '3thLnNvO9IctWoccbsZyJV', '3xBHLZwRfi0fjO9euaj5zf', '4VMiNOpnjRwSCwmHaUfOMM', '5274I4mUMnYczyeXkGDWZN', '5ExHDzOoOhC4xZGPh9zyQZ', '6gzIcEUuswJQGfJNPYMjjv', '7L95O7D34EWhwtDCQkwGMR']"
Future,1RyvyyTE3xzB2ZywiAwp0i,Gunna,2hlmm7s2ICUX0LVIhVFlZQ,5,"['0JR7iZZ6Ql79sXW3rbiS3F', '2Hph3X77ySNgBCIak5CMc6', '2U3LJfQB0ALLxC7Yy0QW7l', '3XOalgusokruzA5ZBA2Qcb', '7HCX1Ch3mklJyEdpwPZBFW']"
Gunna,2hlmm7s2ICUX0LVIhVFlZQ,Juice WRLD,4MCBfE4596Uoi2O4DtmEMz,1,['0JR7iZZ6Ql79sXW3rbiS3F']
Quavo,0VRj0yCOv2FXJNP47XQnx5,Travis Scott,0Y5tJX1MQlPlqiwlOH1tJY,16,"['0JYAsQJWIuaYUvZGF1qapT', '11cCVYamncF0ezwjj1irQ0', '2bjwRfXMk4uRgOD9IBYl9h', '2hIFuoXhzcZGvmdtSE35lc', '3Ytr1SUCUi6J3L9dRFx5iH', '4RgoqOBE34Q6zZj8K7RUAx', '4vwfOiyWxXeEdx4ejAJgdx', '5vuiHi3QYbwcm1OKJOYnrf', '628Ueb4sRiXApObhcU9iPU', '6urLjX35oXXRYtcH1b3dCh', '7CWiWkccuRRdrmaW6AjVEf', '7J6bnDDitOwfelaJNixHhL', '7JGyxh8G8QZnu4AMJuCqlj', '7bTH8LgGSwyNNE4r1k95Zp', '7foypmc7KZyU716Yv63BPe', '7g7raxdQpiLZT7aOlib4S1']"
Sebastian Yatra,07YUOmWljBTXwIseAUd9TW,Carlos Vives,4vhNDa5ycK0ST968ek7kRr,1,['0JcNysfWVWaMS7R6vzGB2k']
MC Levin,0guw2RGoUqaWKpoCY5DzWY,DJ Nikolas Alves Exclusive,23buF7CmOZll8oQveAvsut,1,['0JdkDCdrhMOaeXjIZdeBXN']
MC Levin,0guw2RGoUqaWKpoCY5DzWY,DJ Kaioken,1aQbanZ6xPrOtTYtsMdm3Q,1,['0JdkDCdrhMOaeXjIZdeBXN']
MC Levin,0guw2RGoUqaWKpoCY5DzWY,DJ Gege,2BvV4u6AUwFCrAriUIo9Sm,1,['0JdkDCdrhMOaeXjIZdeBXN']
DJ Kaioken,1aQbanZ6xPrOtTYtsMdm3Q,DJ Nikolas Alves Exclusive,23buF7CmOZll8oQveAvsut,1,['0JdkDCdrhMOaeXjIZdeBXN']
DJ Nikolas Alves Exclusive,23buF7CmOZll8oQveAvsut,DJ Gege,2BvV4u6AUwFCrAriUIo9Sm,1,['0JdkDCdrhMOaeXjIZdeBXN']
DJ Kaioken,1aQbanZ6xPrOtTYtsMdm3Q,DJ Gege,2BvV4u6AUwFCrAriUIo9Sm,1,['0JdkDCdrhMOaeXjIZdeBXN']
G-Eazy,02kJSzxNuaWGqwubyUba0Z,Tory Lanez,2jku7tDXc6XoB6MO2hFuqg,1,['0JjM9bKm4wrwohMslcm892']
G-Eazy,02kJSzxNuaWGqwubyUba0Z,Tyga,5LHRHt1k9lMyONurDHEdrp,2,"['0JjM9bKm4wrwohMslcm892', '1NHlyKgtR4roNylOhidKSv']"
Tory Lanez,2jku7tDXc6XoB6MO2hFuqg,Tyga,5LHRHt1k9lMyONurDHEdrp,2,"['0JjM9bKm4wrwohMslcm892', '5CKtlUULFD5aPVX4PL02H6']"
Maluma,1r4hJ1h58CWwUQe3MxPuau,Trap Capos,2pQAUIesBqfT87PaM1ijtk,1,['0JoHqmlqE0W0i9prt6kcHR']
Maluma,1r4hJ1h58CWwUQe3MxPuau,Noriel,3RtNN1VnooWEn3KQk03DUL,1,['0JoHqmlqE0W0i9prt6kcHR']
Maluma,1r4hJ1h58CWwUQe3MxPuau,Bryant Myers,6w9ToX5slZ4uIdmD17hJ3c,1,['0JoHqmlqE0W0i9prt6kcHR']
Maluma,1r4hJ1h58CWwUQe3MxPuau,Juhn,2LmcxBak1alK1bf7d1beTr,1,['0JoHqmlqE0W0i9prt6kcHR']
Trap Capos,2pQAUIesBqfT87PaM1ijtk,Noriel,3RtNN1VnooWEn3KQk03DUL,1,['0JoHqmlqE0W0i9prt6kcHR']
Trap Capos,2pQAUIesBqfT87PaM1ijtk,Bryant Myers,6w9ToX5slZ4uIdmD17hJ3c,1,['0JoHqmlqE0W0i9prt6kcHR']
Juhn,2LmcxBak1alK1bf7d1beTr,Trap Capos,2pQAUIesBqfT87PaM1ijtk,1,['0JoHqmlqE0W0i9prt6kcHR']
Noriel,3RtNN1VnooWEn3KQk03DUL,Bryant Myers,6w9ToX5slZ4uIdmD17hJ3c,1,['0JoHqmlqE0W0i9prt6kcHR']
Juhn,2LmcxBak1alK1bf7d1beTr,Noriel,3RtNN1VnooWEn3KQk03DUL,1,['0JoHqmlqE0W0i9prt6kcHR']
Juhn,2LmcxBak1alK1bf7d1beTr,Bryant Myers,6w9ToX5slZ4uIdmD17hJ3c,1,['0JoHqmlqE0W0i9prt6kcHR']
Metro Boomin,0iEtIxbK0KxaSlF7G42ZOp,J Balvin,1vyhD5VmyZ7KMfW5gqLgo5,1,['0KPiSFlz5OUCgw7nwvhYWe']
Metro Boomin,0iEtIxbK0KxaSlF7G42ZOp,Wizkid,3tVQdUvClmAT7URs9V3rsp,3,"['0KPiSFlz5OUCgw7nwvhYWe', '0McI9sOmkpfd4E72njtU0G', '0y8Pu7x5jXgUjOIJvQIF5L']"
Metro Boomin,0iEtIxbK0KxaSlF7G42ZOp,Offset,4DdkRBBYG6Yk9Ka8tdJ9BW,11,"['0KPiSFlz5OUCgw7nwvhYWe', '0tdCy39PgWN8LFWu34ORn3', '304CtPEPYQS6hbM4CubVti', '39MK3d3fonIP8Mz9oHCTBB', '3oxCefEI6Tc6Z6t20J4IvH', '5u6vkDnOyaf8LsteDAj2ub', '6HR1z11h0ROUlWP4Kx8Z7G', '6m6Oy3F6GG0zRwH03rWmTv', '7LAhKXDNWwq3CmnFP3UIOP', '7sO5G9EABYOXQKNPNiE9NR', '7vg47qMIEdLfNdTE3WLf0T']"
J Balvin,1vyhD5VmyZ7KMfW5gqLgo5,Wizkid,3tVQdUvClmAT7URs9V3rsp,1,['0KPiSFlz5OUCgw7nwvhYWe']
J Balvin,1vyhD5VmyZ7KMfW5gqLgo5,Offset,4DdkRBBYG6Yk9Ka8tdJ9BW,1,['0KPiSFlz5OUCgw7nwvhYWe']
Wizkid,3tVQdUvClmAT7URs9V3rsp,Offset,4DdkRBBYG6Yk9Ka8tdJ9BW,1,['0KPiSFlz5OUCgw7nwvhYWe']
Anuel AA,2R21vXR83lH98kGeO99Y66,Daddy Yankee,4VMYDCV2IEDYJArk749S6m,7,"['0KkIkfsLEJbrcIhYsCL7L5', '2ksOAxtIxY8yElEWw8RhgK', '3kml9ZdpT7UYk1ugkjqOzt', '59PYgzOiOjGDzjDT5N5oOX', '5q2JbCNi4FcnglgPfxcV65', '6MJUCumnQsQEKbCy28tbCP', '7mWFF4gPADjTQjC97CgFVt']"
Anuel AA,2R21vXR83lH98kGeO99Y66,KAROL G,790FomKkXshlbRYZFtlgla,7,"['0KkIkfsLEJbrcIhYsCL7L5', '2ksOAxtIxY8yElEWw8RhgK', '2w1rq80FIrbxeJy9WYURxw', '478g4LSkyMB1PMkVOVmIaE', '5J64qSSq0VZuh0CiI9o9Nq', '5W83ErFkO3aKAIS1WMi6u0', '6q8Lb50EtqNeeJXXe8mMAH']"
Ozuna,1i8SpTcr7yvPOmcqrbnVXY,Anuel AA,2R21vXR83lH98kGeO99Y66,12,"['0KkIkfsLEJbrcIhYsCL7L5', '2ksOAxtIxY8yElEWw8RhgK', '2sqgNScWya6T8PwKMELYW8', '37zdqI4r1gswIzczSBkRon', '3cg9A9GVyZAT2CPevqWr65', '3jbT1Y5MoPwEIpZndDDwVq', '4bTZeO72FwMa6wKOiqoynL', '59PYgzOiOjGDzjDT5N5oOX', '6SIrNxmmdbv1KUbFBu1PaN', '73O30uMI7n6DuzBmbtO7kC', '7mWFF4gPADjTQjC97CgFVt', '7oHsIIDKbEJlFULg1HF0pP']"
J Balvin,1vyhD5VmyZ7KMfW5gqLgo5,Anuel AA,2R21vXR83lH98kGeO99Y66,5,"['0KkIkfsLEJbrcIhYsCL7L5', '2ksOAxtIxY8yElEWw8RhgK', '3qM0vBxIe4VUbK0Z0smuVP', '478g4LSkyMB1PMkVOVmIaE', '7mWFF4gPADjTQjC97CgFVt']"
Daddy Yankee,4VMYDCV2IEDYJArk749S6m,KAROL G,790FomKkXshlbRYZFtlgla,2,"['0KkIkfsLEJbrcIhYsCL7L5', '2ksOAxtIxY8yElEWw8RhgK']"
Ozuna,1i8SpTcr7yvPOmcqrbnVXY,Daddy Yankee,4VMYDCV2IEDYJArk749S6m,6,"['0KkIkfsLEJbrcIhYsCL7L5', '2ksOAxtIxY8yElEWw8RhgK', '4XCQtUoRSh22Ep18ULmDnT', '4okba5wu9mMLXx79DXLKi3', '59PYgzOiOjGDzjDT5N5oOX', '7mWFF4gPADjTQjC97CgFVt']"
J Balvin,1vyhD5VmyZ7KMfW5gqLgo5,Daddy Yankee,4VMYDCV2IEDYJArk749S6m,5,"['0KkIkfsLEJbrcIhYsCL7L5', '1mG8VynhqySA52bALfYrvO', '2ksOAxtIxY8yElEWw8RhgK', '35UUpTmrcFXNIVIN26ujXl', '7mWFF4gPADjTQjC97CgFVt']"
Ozuna,1i8SpTcr7yvPOmcqrbnVXY,KAROL G,790FomKkXshlbRYZFtlgla,3,"['0KkIkfsLEJbrcIhYsCL7L5', '2ksOAxtIxY8yElEWw8RhgK', '67jvGGbJmOmVonlyX3mNkV']"
J Balvin,1vyhD5VmyZ7KMfW5gqLgo5,KAROL G,790FomKkXshlbRYZFtlgla,6,"['0KkIkfsLEJbrcIhYsCL7L5', '2K1CQMoG2Dy5nmeOYnhoi8', '2ksOAxtIxY8yElEWw8RhgK', '38QmUDpkoYlNbMKvpvAsrE', '3mg9jYNC1NihbthlglzrWP', '478g4LSkyMB1PMkVOVmIaE']"
Ozuna,1i8SpTcr7yvPOmcqrbnVXY,J Balvin,1vyhD5VmyZ7KMfW5gqLgo5,7,"['0KkIkfsLEJbrcIhYsCL7L5', '0MIcPSq9n2z5H8TAfEstri', '22eADXu8DfOAUEDw4vU8qy', '2ksOAxtIxY8yElEWw8RhgK', '5y7DaS3jAc9eZzcSOoUIwU', '6JjPBQfI2Y8nIjnm65X6Pw', '7mWFF4gPADjTQjC97CgFVt']"
Selena Gomez,0C8ZW7ezQVs4URX5aX7Kqx,DJ Snake,540vIaP2JwjQb9dm3aArA4,3,"['0KoiMHhqKLoL4xM54rcWYY', '3XoflnowYPFRPOh3uFvHcm', '4w8niZpiMy6qz1mntFA5uM']"
Ozuna,1i8SpTcr7yvPOmcqrbnVXY,DJ Snake,540vIaP2JwjQb9dm3aArA4,3,"['0KoiMHhqKLoL4xM54rcWYY', '4w8niZpiMy6qz1mntFA5uM', '6IPNp9PfaEqrzotY47TIWy']"
Cardi B,4kYSro6naA4h99UJvo89HB,DJ Snake,540vIaP2JwjQb9dm3aArA4,2,"['0KoiMHhqKLoL4xM54rcWYY', '4w8niZpiMy6qz1mntFA5uM']"
Selena Gomez,0C8ZW7ezQVs4URX5aX7Kqx,Ozuna,1i8SpTcr7yvPOmcqrbnVXY,2,"['0KoiMHhqKLoL4xM54rcWYY', '4w8niZpiMy6qz1mntFA5uM']"
Selena Gomez,0C8ZW7ezQVs4URX5aX7Kqx,Cardi B,4kYSro6naA4h99UJvo89HB,2,"['0KoiMHhqKLoL4xM54rcWYY', '4w8niZpiMy6qz1mntFA5uM']"
Ozuna,1i8SpTcr7yvPOmcqrbnVXY,Cardi B,4kYSro6naA4h99UJvo89HB,3,"['0KoiMHhqKLoL4xM54rcWYY', '2m2ZGfJcs3lHWNPzhWH3XH', '4w8niZpiMy6qz1mntFA5uM']"
Nyla,4VZY0nxYMSNotbS7WjNVQy,Major Lazer,738wLrAtLtCtFOLvQBXOXp,2,"['0L7loeTIg6akW84aEQZpCT', '1KqvRRQd3lfM0pAlkGPrgD']"
Fuse ODG,374sWpAJsbZckf98df2jJJ,Major Lazer,738wLrAtLtCtFOLvQBXOXp,1,['0L7loeTIg6akW84aEQZpCT']
Fuse ODG,374sWpAJsbZckf98df2jJJ,Nyla,4VZY0nxYMSNotbS7WjNVQy,1,['0L7loeTIg6akW84aEQZpCT']
DaBaby,4r63FhuTkUYltbVAg5TQnk,Lil Yachty,6icQOAFXDZKsumw3YXyusw,2,"['0LEFmgIj8ABU7CelzGh5Bs', '7wsmIIm0xWmtP7TmACXkJn']"
Drake,3TVXtAsR1Inumwj472S9r4,Lil Yachty,6icQOAFXDZKsumw3YXyusw,3,"['0LEFmgIj8ABU7CelzGh5Bs', '17IBDpAl3J39swaoPlfGpp', '7wsmIIm0xWmtP7TmACXkJn']"
Drake,3TVXtAsR1Inumwj472S9r4,DaBaby,4r63FhuTkUYltbVAg5TQnk,4,"['0LEFmgIj8ABU7CelzGh5Bs', '4Qd0pa3JO76UEwhos9JmN0', '4iiWcajF1fEUpwcUewc464', '7wsmIIm0xWmtP7TmACXkJn']"
Anuel AA,2R21vXR83lH98kGeO99Y66,6ix9ine,7gZfnEnfiaHzxARJ2LeXrf,2,"['0LQ1J0BCzA2qnAgp9MkkNE', '4KkUjFkcQvGvWekl8RATDn']"
Mara Sattei,0zoMmzmyi8N8LwzhyXPvtk,thasup,19i93sA0D7yS9dYoVNBqAA,1,['0LfMuWu6FKNSDHEoxHu9iK']
Emma Stone,68Uwx1d3EbjDJhYsLjqvIq,Ryan Gosling,6kXm2YCtdUOpRYNKeKhfue,1,['0LtVx5vsq9nfpGsWgjUin6']
Logic,4xRYI6VqpkE3UwrDrAZL8L,Eminem,7dGJo4pcD2V6oG8kP0tJRR,2,"['0Lw6aQcBFWTQ9m4MSwwwes', '7M2tXmeS15NAzEn7ABFeBg']"
Geolier,27LlKWxS3KXW7RRAxN5S8s,Shablo,6hkKbkZGvAXuvle2FhCnxy,1,['0MLu1cFYL4ikdRTdasCQT9']
Sfera Ebbasta,23TFHmajVfBtlRx5MXqgoz,Shablo,6hkKbkZGvAXuvle2FhCnxy,1,['0MLu1cFYL4ikdRTdasCQT9']
Sfera Ebbasta,23TFHmajVfBtlRx5MXqgoz,Geolier,27LlKWxS3KXW7RRAxN5S8s,2,"['0MLu1cFYL4ikdRTdasCQT9', '6bN41HjY008ggroMFxNLaa']"
Anne-Marie,1zNqDE7qDGCsyzJwohVaoX,Little Mix,3e7awlrlDSwF3iM0WBjGMp,1,['0MWiSBKm8Avs8iDIxcertp']
Metro Boomin,0iEtIxbK0KxaSlF7G42ZOp,Swae Lee,1zNqQNIdeOUZHb8zbZRFMX,4,"['0McI9sOmkpfd4E72njtU0G', '39MK3d3fonIP8Mz9oHCTBB', '5rurggqwwudn9clMdcchxT', '6osMzmRHCVETbZMHceLRmh']"
Swae Lee,1zNqQNIdeOUZHb8zbZRFMX,Wizkid,3tVQdUvClmAT7URs9V3rsp,1,['0McI9sOmkpfd4E72njtU0G']
Teezo Touchdown,0fGcIStdT1OpFFhOC7Wp36,Drake,3TVXtAsR1Inumwj472S9r4,1,['0Mrnt1YqVuW2bqmwu4VxDt']
Mac Miller,4LLpKhyESsyAXpc4laK94U,The Temper Trap,4W48hZAnAHVOC2c8WH8pcq,1,['0N9C80kcgL0xXGduKnYKWi']
Gustah,0nzfP49X2nrzmmkwZf180L,Xamã,5YwzDz4RJfTiMHS4tdR5Lf,1,['0NBgyml7T0IvUNbXIkcSpH']
Xamã,5YwzDz4RJfTiMHS4tdR5Lf,Neo Beats,6PERJZF7wohA034PAxDK0b,1,['0NBgyml7T0IvUNbXIkcSpH']
Bagua Records,2450WxbFxHjnttFAv31zGk,Xamã,5YwzDz4RJfTiMHS4tdR5Lf,1,['0NBgyml7T0IvUNbXIkcSpH']
Gustah,0nzfP49X2nrzmmkwZf180L,Neo Beats,6PERJZF7wohA034PAxDK0b,1,['0NBgyml7T0IvUNbXIkcSpH']
Gustah,0nzfP49X2nrzmmkwZf180L,Bagua Records,2450WxbFxHjnttFAv31zGk,1,['0NBgyml7T0IvUNbXIkcSpH']
Bagua Records,2450WxbFxHjnttFAv31zGk,Neo Beats,6PERJZF7wohA034PAxDK0b,1,['0NBgyml7T0IvUNbXIkcSpH']
gins&melodies,2WzWSpOB41g3gb78Raj6RK,Hev Abi,4zpGxqF6oI1h3f6Md2v42T,1,['0NJAqnvbF6vzripOB7PclP']
Cris Mj,1Yj5Xey7kTwvZla8sqdsdE,Duki,1bAftSH8umNcGZ0uyV7LMg,1,['0NO2zL0kw8sGGnaMvHKAZF']
Cris Mj,1Yj5Xey7kTwvZla8sqdsdE,Nicki Nicole,2UZIAOlrnyZmyzt1nuXr9y,1,['0NO2zL0kw8sGGnaMvHKAZF']
Standly,0rjms710nwQTdrQheXHJfz,Cris Mj,1Yj5Xey7kTwvZla8sqdsdE,2,"['0NO2zL0kw8sGGnaMvHKAZF', '2pR6bipXfJySBhje19SW02']"
Cris Mj,1Yj5Xey7kTwvZla8sqdsdE,Stars Music Chile,2NZD6Gqfk60GEcAAnJKVsR,2,"['0NO2zL0kw8sGGnaMvHKAZF', '2pR6bipXfJySBhje19SW02']"
Duki,1bAftSH8umNcGZ0uyV7LMg,Nicki Nicole,2UZIAOlrnyZmyzt1nuXr9y,2,"['0NO2zL0kw8sGGnaMvHKAZF', '42ahuAFlYGjIGBpVdHcLij']"
Standly,0rjms710nwQTdrQheXHJfz,Duki,1bAftSH8umNcGZ0uyV7LMg,1,['0NO2zL0kw8sGGnaMvHKAZF']
Duki,1bAftSH8umNcGZ0uyV7LMg,Stars Music Chile,2NZD6Gqfk60GEcAAnJKVsR,1,['0NO2zL0kw8sGGnaMvHKAZF']
Standly,0rjms710nwQTdrQheXHJfz,Nicki Nicole,2UZIAOlrnyZmyzt1nuXr9y,1,['0NO2zL0kw8sGGnaMvHKAZF']
Stars Music Chile,2NZD6Gqfk60GEcAAnJKVsR,Nicki Nicole,2UZIAOlrnyZmyzt1nuXr9y,1,['0NO2zL0kw8sGGnaMvHKAZF']
Standly,0rjms710nwQTdrQheXHJfz,Stars Music Chile,2NZD6Gqfk60GEcAAnJKVsR,2,"['0NO2zL0kw8sGGnaMvHKAZF', '2pR6bipXfJySBhje19SW02']"
Alef Donk,0aSE67DwCWR6JKhdVUmz6I,J. Eskine,4gKSUeHW82tGBeJsJSB1JC,1,['0NQyryTVbjGMtWMA1eSqIn']
Daylyt,573vxT6vzhNRzTVIuVRnLj,J. Cole,6l3HvQ5sa6mXTsMTB19rO5,1,['0NXRZaUn11do0EzDFlXkbj']
Ab-Soul,0g9vAlRPK9Gt3FKCekk4TW,J. Cole,6l3HvQ5sa6mXTsMTB19rO5,1,['0NXRZaUn11do0EzDFlXkbj']
Ab-Soul,0g9vAlRPK9Gt3FKCekk4TW,Daylyt,573vxT6vzhNRzTVIuVRnLj,1,['0NXRZaUn11do0EzDFlXkbj']
Sam Smith,2wY79sveU1sp5g7SokKOiI,Kim Petras,3Xt3RrJMFv5SZkCfUE8C1J,1,['0NZPBYD5qbEWRs3PrGiRkT']
Future,1RyvyyTE3xzB2ZywiAwp0i,Chris Brown,7bXgB6jMjp9ATFy66eO08Z,3,"['0NZUqq4iLQddokgtiC44Kb', '0vjeOZ3Ft5jvAi9SBFJm1j', '2XdgSB4TtzUHQYCMfSHbFI']"
Jonas Blue,1HBjj22wzbscIZ9sEb5dyf,William Singe,5exS0bytCYdixgv02DaCm3,1,['0NiXXAI876aGImAd6rTj8w']
Gryffin,2ZRQcIgzPCVaT9XKhXZIzh,ILLENIUM,45eNHdiiabvmbp4erw26rg,1,['0NyOeqzqjVM9j7IuWp2oJ6']
Gryffin,2ZRQcIgzPCVaT9XKhXZIzh,Daya,6Dd3NScHWwnW6obMFbl1BH,1,['0NyOeqzqjVM9j7IuWp2oJ6']
ILLENIUM,45eNHdiiabvmbp4erw26rg,Daya,6Dd3NScHWwnW6obMFbl1BH,1,['0NyOeqzqjVM9j7IuWp2oJ6']
Grupo Firme,1dKdetem2xEmjgvyymzytS,Grupo Frontera,6XkjpgcEsYab502Vr1bBeW,1,['0O3U5iwTbiXCREMkvotJuN']
Post Malone,246dkjvS1zLTtiykXe5h60,Doja Cat,5cj0lLjcoR7YOSnhnX0Po5,1,['0O6u0VJ46W86TxN9wgyqDj']
DJ Khaled,0QHgL1lAIqAw0HtD7YldmP,Kanye West,5K4W6rqBFWDnAN6FQUkS6x,1,['0O82CIwSU4tY11rQhxqAHC']
DJ Khaled,0QHgL1lAIqAw0HtD7YldmP,Eminem,7dGJo4pcD2V6oG8kP0tJRR,1,['0O82CIwSU4tY11rQhxqAHC']
Kanye West,5K4W6rqBFWDnAN6FQUkS6x,Eminem,7dGJo4pcD2V6oG8kP0tJRR,1,['0O82CIwSU4tY11rQhxqAHC']
Hanumankind,4nVa6XlBFlIkF6msW57PHp,Kalmi,6tYCSHLtTI54AQJFOMfU45,1,['0OA00aPt3BV10qeMIs3meW']
Travis Scott,0Y5tJX1MQlPlqiwlOH1tJY,Beyoncé,6vWDO969PvNqNYHIOW5v0m,1,['0OEe83mMZ5kaNw5uZQ7ilG']
X Ambassadors,3NPpFNZtSTHheNBaWC82rB,mgk,6TIYQ3jFPwQSRmorSezPxX,1,['0OI7AFifLSoGzpb8bdBLLV']
Bebe Rexha,64M6ah0SkkRsnPGtGiRAbb,mgk,6TIYQ3jFPwQSRmorSezPxX,1,['0OI7AFifLSoGzpb8bdBLLV']
X Ambassadors,3NPpFNZtSTHheNBaWC82rB,Bebe Rexha,64M6ah0SkkRsnPGtGiRAbb,1,['0OI7AFifLSoGzpb8bdBLLV']
Gente De Zona,2cy1zPcrFcXAJTP0APWewL,Marc Anthony,4wLXwxDeWQ8mtUIRPxGiD6,1,['0OMRAvrtLWE2TvcXorRiB9']
XXXTENTACION,15UsOTVnJzReFVN1VCnxy4,Ky-Mani Marley,1XTGADISSMRf8B4TcVGYUC,1,['0OTBOHjEaoqroFlfut1ZsH']
XXXTENTACION,15UsOTVnJzReFVN1VCnxy4,Stefflon Don,2ExGrw6XpbtUAJHTLtUXUD,1,['0OTBOHjEaoqroFlfut1ZsH']
XXXTENTACION,15UsOTVnJzReFVN1VCnxy4,Vybz Kartel,2NUz5P42WqkxilbI8ocN76,1,['0OTBOHjEaoqroFlfut1ZsH']
Ky-Mani Marley,1XTGADISSMRf8B4TcVGYUC,Stefflon Don,2ExGrw6XpbtUAJHTLtUXUD,1,['0OTBOHjEaoqroFlfut1ZsH']
Ky-Mani Marley,1XTGADISSMRf8B4TcVGYUC,Vybz Kartel,2NUz5P42WqkxilbI8ocN76,1,['0OTBOHjEaoqroFlfut1ZsH']
Stefflon Don,2ExGrw6XpbtUAJHTLtUXUD,Vybz Kartel,2NUz5P42WqkxilbI8ocN76,1,['0OTBOHjEaoqroFlfut1ZsH']
Pailita,4yxLYO2imECxGYTTV7RQKb,Polimá Westcoast,768O5GliF0bqscyghggrbE,2,"['0OTNHGKcqQbk51bOYe462Y', '6wtZPYBIXUvCpXwVjMCJBf']"
Tory Lanez,2jku7tDXc6XoB6MO2hFuqg,Chris Brown,7bXgB6jMjp9ATFy66eO08Z,1,['0Odu228D0yGcFySGuxU4rY']
David Guetta,1Cs0zKBU1kc0i8ypK3B9ai,Martin Garrix,60d24wfXkVzDSfLS6hyCjZ,2,"['0OlnLZY4cmQzT6ZGttvWBM', '4aBYzs8RxZMuqyOanNlf8I']"
Jamie Scott,29QbBR0oTzA7A0kiOzrbbr,Martin Garrix,60d24wfXkVzDSfLS6hyCjZ,1,['0OlnLZY4cmQzT6ZGttvWBM']
Romy Dya,5gWzmnHTLNXz5CjOc0wAuK,Martin Garrix,60d24wfXkVzDSfLS6hyCjZ,1,['0OlnLZY4cmQzT6ZGttvWBM']
David Guetta,1Cs0zKBU1kc0i8ypK3B9ai,Jamie Scott,29QbBR0oTzA7A0kiOzrbbr,1,['0OlnLZY4cmQzT6ZGttvWBM']
David Guetta,1Cs0zKBU1kc0i8ypK3B9ai,Romy Dya,5gWzmnHTLNXz5CjOc0wAuK,1,['0OlnLZY4cmQzT6ZGttvWBM']
Jamie Scott,29QbBR0oTzA7A0kiOzrbbr,Romy Dya,5gWzmnHTLNXz5CjOc0wAuK,1,['0OlnLZY4cmQzT6ZGttvWBM']
Travis Scott,0Y5tJX1MQlPlqiwlOH1tJY,Metro Boomin,0iEtIxbK0KxaSlF7G42ZOp,15,"['0OoNzMdPSgbkM5MkcuEZfm', '0hKtu53OlIFXVuYkZwcn3o', '1HLL8X0LH20F6Z9SLXLIjr', '1pacwLXyRO47ka0v6LTIiY', '27P4XoNXXEV4lTc3sB61RK', '28drn6tQo95MRvO0jQEo5C', '2kJAhu7mesSEkML8zviSNX', '2mYDDUkBcgFNBqkWctyyuc', '2yUzr8Sr6ldG8vmHhZwTnz', '3wAI7MIQtTgwcRmwchPZBc', '4WuOWVnAqvEQxgSRrspBgt', '5u6vkDnOyaf8LsteDAj2ub', '5wG3HvLhF6Y5KTGlK0IW3J', '64ydkbrt0xhdJXRaam06Mc', '6osMzmRHCVETbZMHceLRmh']"
Travis Scott,0Y5tJX1MQlPlqiwlOH1tJY,Future,1RyvyyTE3xzB2ZywiAwp0i,8,"['0OoNzMdPSgbkM5MkcuEZfm', '0hKtu53OlIFXVuYkZwcn3o', '1i9lZvlaDdWDPyXEE95aiq', '28drn6tQo95MRvO0jQEo5C', '3WRIaWsws011vHMd9uzPjG', '4kfeRwpq5KUaqTkgi4TbDF', '6CwTHNCzgkq41m11iPpzsf', '6OrTKLtcF7EBayOV2QqkSK']"
Lana Del Rey,00FQb4jTyendYWaN8pK0wa,SYML,6AyATGg7mDgBlZ4N5uNog0,1,['0Oqxt6JixieLHbwMfnJGWO']
Quavo,0VRj0yCOv2FXJNP47XQnx5,Rich The Kid,1pPmIToKXyGdsCF6LmqLmI,2,"['0P1O6JO2i19etVxXqgPHpa', '1iyvRYYAeuJhrsxTsQW9fh']"
Rich The Kid,1pPmIToKXyGdsCF6LmqLmI,Offset,4DdkRBBYG6Yk9Ka8tdJ9BW,1,['0P1O6JO2i19etVxXqgPHpa']
Quavo,0VRj0yCOv2FXJNP47XQnx5,Offset,4DdkRBBYG6Yk9Ka8tdJ9BW,5,"['0P1O6JO2i19etVxXqgPHpa', '0tdCy39PgWN8LFWu34ORn3', '2jBQmxZpQxF8jJfEdjJ9Qv', '2jrAaawDRCn1JjeouxAyDN', '6urLjX35oXXRYtcH1b3dCh']"
Gorillaz,3AA28KZvwAUcZuOKwyblJQ,Snoop Dogg,7hJcb9fa4alzcOq3EaNPoG,1,['0P2Dxoy0mdzM9NlFQoLZbc']
Gorillaz,3AA28KZvwAUcZuOKwyblJQ,Jamie Principle,5obQFNrkFoWB51hm1JTHMw,1,['0P2Dxoy0mdzM9NlFQoLZbc']
Jamie Principle,5obQFNrkFoWB51hm1JTHMw,Snoop Dogg,7hJcb9fa4alzcOq3EaNPoG,1,['0P2Dxoy0mdzM9NlFQoLZbc']
Calvin Harris,7CajNmpbOovFoOoasH2HaY,SZA,7tYKF4w9nC0nq9CsPZTHyP,1,['0P6AWOA4LG1XOctzaVu5tt']
Funk Wav,4A0TivfinfALCAMJqqjZIk,SZA,7tYKF4w9nC0nq9CsPZTHyP,1,['0P6AWOA4LG1XOctzaVu5tt']
Bad Bunny,4q3ewBCX7sLwd24euuV69X,Eladio Carrion,5XJDexmWFLWOkjOEjOVX3e,2,"['0PB0O24JqAuNdOAFVJljMS', '4pcafPzLDSqQktqSpxHL3E']"
Bruno Mars,0du5cEVh5yTK9QJze8zA0C,Cardi B,4kYSro6naA4h99UJvo89HB,2,"['0PG9fbaaHFHfre2gUVo7AN', '3Vo4wInECJQuz9BIBMOu8i']"
Megan Thee Stallion,181bsRPaVXVlUKXrxwZfHK,Normani,2cWZOOzeOm4WmBJRnD5R7I,1,['0PQsrLxPbOBBwwmXCnGvcF']
Humberto & Ronaldo,1zEo6Fk1iaaOYFlFPBHCFn,Jerry Smith,6OpOg5HVCc8xVf7OVrd5Fk,1,['0PaAB17axL9hn88mHiw8g0']
Pitbull,0TnOYISbd1XYRBk9myaseg,Fifth Harmony,1l8Fu6IkuTP0U5QetQJ5Xt,1,['0Pki3Th0SL5rJ5e6ShUbJJ']
Marshmello,64KEffDW9EtZ1y2vBYgq8T,Roddy Ricch,757aE44tKEUQEqRuT6GnEB,1,['0PowxVSTY2uh1CPc8EPKyX']
Pop Smoke,0eDvMgVFoNV3TpwtrVCoTj,Lil Baby,5f7VJjfbwm532GiveGC0ZK,1,['0PvFJmanyNQMseIFrU708S']
Pop Smoke,0eDvMgVFoNV3TpwtrVCoTj,DaBaby,4r63FhuTkUYltbVAg5TQnk,1,['0PvFJmanyNQMseIFrU708S']
DaBaby,4r63FhuTkUYltbVAg5TQnk,Lil Baby,5f7VJjfbwm532GiveGC0ZK,7,"['0PvFJmanyNQMseIFrU708S', '20GrahbI4AzAOWxpYfDKkf', '2FvD20Z8aoWIePi7PoN8sG', '2nKYHpmwjLaEOXS3o7QMiz', '4Qd0pa3JO76UEwhos9JmN0', '4iiWcajF1fEUpwcUewc464', '5MPPttjfGap2C6j6eKcO6J']"
Rauw Alejandro,1mcTU81TzQhprhouKaTkpq,Mr. Naisgai,37BIBvfliXJpSgn10yQUJM,2,"['0PwFN7vRvY80Hnkoew2x3f', '0dDr2LgiACQVkZYJeStWh6']"
Booba,58wXmynHaAWI5hwlPZP3qL,Maes,6L34dW6SKMSDaGIfYDU19j,2,"['0Q1ZthgaRH9sLIHHDrzX4X', '5GyyPRvEwdI4wJSUbzxHQv']"
Chance the Rapper,1anyVhU62p31KFi8MEzkbf,Lil Durk,3hcs9uc56yIGFCSy9leWe7,1,['0QBRshHeQLEThdj2TqxM9n']
Nicki Minaj,0hCNtLu0JehylgoiP8L4Gh,Chance the Rapper,1anyVhU62p31KFi8MEzkbf,1,['0QBRshHeQLEThdj2TqxM9n']
Nicki Minaj,0hCNtLu0JehylgoiP8L4Gh,Lil Durk,3hcs9uc56yIGFCSy9leWe7,1,['0QBRshHeQLEThdj2TqxM9n']
Joji,3MZsBdqDrRTJihTHQrO6Dq,rei brown,4N7IToHBlPXqlrXiv1Nij6,1,['0QDBNUrc51sGxzmMTvH5kF']
G-Eazy,02kJSzxNuaWGqwubyUba0Z,Christoph Andersson,2dTGHCFyCD8uj6tAM9q8ED,1,['0QRhtV1MwywpkLTvCdMaWq']
Kawe,1TYJOhNSxMOODWiDVhuyZb,Mc Lele JP,1mV9h1AwhRXSjBFcYpajgY,1,['0QglpM23kl9ldvVdoYNZwF']
Kawe,1TYJOhNSxMOODWiDVhuyZb,Original Quality,5ZTnWo7IY6rdIxm6aTSR84,1,['0QglpM23kl9ldvVdoYNZwF']
Mc Lele JP,1mV9h1AwhRXSjBFcYpajgY,Original Quality,5ZTnWo7IY6rdIxm6aTSR84,1,['0QglpM23kl9ldvVdoYNZwF']
The Academy: Segunda Misión,4C3ZmIqca9MWwThLaYbfXu,Sech,77ziqFxp5gaInVrF2lj4ht,1,['0QoaFLmBJyuVuzOIGy6iCS']
Justin Quiles,14zUHaJZo1mnYtn6IBRaRP,The Academy: Segunda Misión,4C3ZmIqca9MWwThLaYbfXu,1,['0QoaFLmBJyuVuzOIGy6iCS']
Lenny Tavárez,1pQWsZQehhS4wavwh7Fnxd,The Academy: Segunda Misión,4C3ZmIqca9MWwThLaYbfXu,1,['0QoaFLmBJyuVuzOIGy6iCS']
Dalex,0KPX4Ucy9dk82uj4GpKesn,The Academy: Segunda Misión,4C3ZmIqca9MWwThLaYbfXu,1,['0QoaFLmBJyuVuzOIGy6iCS']
Dímelo Flow,3fZk3Gm5dN5v5yfYMQ04Bx,The Academy: Segunda Misión,4C3ZmIqca9MWwThLaYbfXu,1,['0QoaFLmBJyuVuzOIGy6iCS']
The Academy: Segunda Misión,4C3ZmIqca9MWwThLaYbfXu,Myke Towers,7iK8PXO48WeuP03g8YR51W,1,['0QoaFLmBJyuVuzOIGy6iCS']
Justin Quiles,14zUHaJZo1mnYtn6IBRaRP,Sech,77ziqFxp5gaInVrF2lj4ht,8,"['0QoaFLmBJyuVuzOIGy6iCS', '0RDgqtvOHLwcI6yz9bjsZV', '4AjWbAwRpxk2worpjNH5CS', '5Id5B3dxJZhPcV9GzgYZZe', '5W1qmxHrMlQGGAiFA3ZQqP', '7anSoGdgtmJTAPZBzcPhO6', '7fODjB7BrQTGqh0hogW6XD', '7lUdbnz7wsv3C9zzf4WHl9']"
Lenny Tavárez,1pQWsZQehhS4wavwh7Fnxd,Sech,77ziqFxp5gaInVrF2lj4ht,9,"['0QoaFLmBJyuVuzOIGy6iCS', '0RDgqtvOHLwcI6yz9bjsZV', '224EVTFiLsdQignUFLvDeH', '4AjWbAwRpxk2worpjNH5CS', '5Id5B3dxJZhPcV9GzgYZZe', '5W1qmxHrMlQGGAiFA3ZQqP', '7anSoGdgtmJTAPZBzcPhO6', '7fODjB7BrQTGqh0hogW6XD', '7g8YaUQABMal0zWe7a2ijz']"
Dalex,0KPX4Ucy9dk82uj4GpKesn,Sech,77ziqFxp5gaInVrF2lj4ht,10,"['0QoaFLmBJyuVuzOIGy6iCS', '0RDgqtvOHLwcI6yz9bjsZV', '1mF6sMUsRU9MisrdB9qWvg', '224EVTFiLsdQignUFLvDeH', '4AjWbAwRpxk2worpjNH5CS', '5Id5B3dxJZhPcV9GzgYZZe', '5W1qmxHrMlQGGAiFA3ZQqP', '7anSoGdgtmJTAPZBzcPhO6', '7fODjB7BrQTGqh0hogW6XD', '7g8YaUQABMal0zWe7a2ijz']"
Dímelo Flow,3fZk3Gm5dN5v5yfYMQ04Bx,Sech,77ziqFxp5gaInVrF2lj4ht,5,"['0QoaFLmBJyuVuzOIGy6iCS', '4AjWbAwRpxk2worpjNH5CS', '5W1qmxHrMlQGGAiFA3ZQqP', '684EjRHwNsZQ9hCQxL4NYL', '7sQKy5vlPQllr0k9IjYJv3']"
Sech,77ziqFxp5gaInVrF2lj4ht,Myke Towers,7iK8PXO48WeuP03g8YR51W,2,"['0QoaFLmBJyuVuzOIGy6iCS', '6K5BsR04ijf3FHNzjbaagD']"
Justin Quiles,14zUHaJZo1mnYtn6IBRaRP,Lenny Tavárez,1pQWsZQehhS4wavwh7Fnxd,11,"['0QoaFLmBJyuVuzOIGy6iCS', '0RDgqtvOHLwcI6yz9bjsZV', '1Xnn1TPyr5h0hpRAT4B4EA', '1ndyl3wJCFs872XZ3ztPk6', '4AjWbAwRpxk2worpjNH5CS', '4RJz8NfIe09gpKMiRUWKhJ', '5Id5B3dxJZhPcV9GzgYZZe', '5W1qmxHrMlQGGAiFA3ZQqP', '6lX6l7OuA3qrnIRfdsr0dw', '7anSoGdgtmJTAPZBzcPhO6', '7fODjB7BrQTGqh0hogW6XD']"
Dalex,0KPX4Ucy9dk82uj4GpKesn,Justin Quiles,14zUHaJZo1mnYtn6IBRaRP,9,"['0QoaFLmBJyuVuzOIGy6iCS', '0RDgqtvOHLwcI6yz9bjsZV', '1Xnn1TPyr5h0hpRAT4B4EA', '1ndyl3wJCFs872XZ3ztPk6', '4AjWbAwRpxk2worpjNH5CS', '5Id5B3dxJZhPcV9GzgYZZe', '5W1qmxHrMlQGGAiFA3ZQqP', '7anSoGdgtmJTAPZBzcPhO6', '7fODjB7BrQTGqh0hogW6XD']"
Justin Quiles,14zUHaJZo1mnYtn6IBRaRP,Dímelo Flow,3fZk3Gm5dN5v5yfYMQ04Bx,3,"['0QoaFLmBJyuVuzOIGy6iCS', '4AjWbAwRpxk2worpjNH5CS', '5W1qmxHrMlQGGAiFA3ZQqP']"
Justin Quiles,14zUHaJZo1mnYtn6IBRaRP,Myke Towers,7iK8PXO48WeuP03g8YR51W,1,['0QoaFLmBJyuVuzOIGy6iCS']
Dalex,0KPX4Ucy9dk82uj4GpKesn,Lenny Tavárez,1pQWsZQehhS4wavwh7Fnxd,14,"['0QoaFLmBJyuVuzOIGy6iCS', '0RDgqtvOHLwcI6yz9bjsZV', '1Xnn1TPyr5h0hpRAT4B4EA', '1ndyl3wJCFs872XZ3ztPk6', '1tpbAGsGpZee5jDHMcLrUJ', '224EVTFiLsdQignUFLvDeH', '4AjWbAwRpxk2worpjNH5CS', '50ZC4PM7hywH27RcCfViau', '5Id5B3dxJZhPcV9GzgYZZe', '5W1qmxHrMlQGGAiFA3ZQqP', '5stPVcRqb4qixbafP9e8lt', '7anSoGdgtmJTAPZBzcPhO6', '7fODjB7BrQTGqh0hogW6XD', '7g8YaUQABMal0zWe7a2ijz']"
Lenny Tavárez,1pQWsZQehhS4wavwh7Fnxd,Dímelo Flow,3fZk3Gm5dN5v5yfYMQ04Bx,5,"['0QoaFLmBJyuVuzOIGy6iCS', '4AjWbAwRpxk2worpjNH5CS', '50ZC4PM7hywH27RcCfViau', '5W1qmxHrMlQGGAiFA3ZQqP', '5stPVcRqb4qixbafP9e8lt']"
Lenny Tavárez,1pQWsZQehhS4wavwh7Fnxd,Myke Towers,7iK8PXO48WeuP03g8YR51W,1,['0QoaFLmBJyuVuzOIGy6iCS']
Dalex,0KPX4Ucy9dk82uj4GpKesn,Dímelo Flow,3fZk3Gm5dN5v5yfYMQ04Bx,5,"['0QoaFLmBJyuVuzOIGy6iCS', '4AjWbAwRpxk2worpjNH5CS', '50ZC4PM7hywH27RcCfViau', '5W1qmxHrMlQGGAiFA3ZQqP', '5stPVcRqb4qixbafP9e8lt']"
Dalex,0KPX4Ucy9dk82uj4GpKesn,Myke Towers,7iK8PXO48WeuP03g8YR51W,1,['0QoaFLmBJyuVuzOIGy6iCS']
Dímelo Flow,3fZk3Gm5dN5v5yfYMQ04Bx,Myke Towers,7iK8PXO48WeuP03g8YR51W,1,['0QoaFLmBJyuVuzOIGy6iCS']
Major Lazer,738wLrAtLtCtFOLvQBXOXp,Anitta,7FNnA9vBm6EKceENgCGRMb,3,"['0QopfywHKJZH8bnt8Cj9qr', '1K7WzjKDcDdVbKNGrB0gej', '3ibRxEv4KkcU9e259eyNJA']"
The Chainsmokers,69GGBxA162lTqCwzJG5jLp,Daya,6Dd3NScHWwnW6obMFbl1BH,1,['0QsvXIfqM0zZoerQfsI9lm']
Kendrick Lamar,2YZyLoL8N0Wb9xBt1NhZWg,Taylour Paige,7nkr1fevjIVmgx5biwAWVo,1,['0RAvy97QRPzO2AfK5Dw6j3']
Wesley Safadão,1AL2GKpmRrKXkYIcASuRFa,Anitta,7FNnA9vBm6EKceENgCGRMb,1,['0RBOFW5424gCCCZrgECbt6']
Rich Music LTD,2kqUKsTuEj1lPbm6BSn1AU,Sech,77ziqFxp5gaInVrF2lj4ht,3,"['0RDgqtvOHLwcI6yz9bjsZV', '4AjWbAwRpxk2worpjNH5CS', '5Id5B3dxJZhPcV9GzgYZZe']"
Dalex,0KPX4Ucy9dk82uj4GpKesn,Rich Music LTD,2kqUKsTuEj1lPbm6BSn1AU,3,"['0RDgqtvOHLwcI6yz9bjsZV', '4AjWbAwRpxk2worpjNH5CS', '5Id5B3dxJZhPcV9GzgYZZe']"
Justin Quiles,14zUHaJZo1mnYtn6IBRaRP,Rich Music LTD,2kqUKsTuEj1lPbm6BSn1AU,3,"['0RDgqtvOHLwcI6yz9bjsZV', '4AjWbAwRpxk2worpjNH5CS', '5Id5B3dxJZhPcV9GzgYZZe']"
Lenny Tavárez,1pQWsZQehhS4wavwh7Fnxd,Rich Music LTD,2kqUKsTuEj1lPbm6BSn1AU,3,"['0RDgqtvOHLwcI6yz9bjsZV', '4AjWbAwRpxk2worpjNH5CS', '5Id5B3dxJZhPcV9GzgYZZe']"
Feid,2LRoIwlKmHjgvigdNGBHNo,Rich Music LTD,2kqUKsTuEj1lPbm6BSn1AU,3,"['0RDgqtvOHLwcI6yz9bjsZV', '4AjWbAwRpxk2worpjNH5CS', '5Id5B3dxJZhPcV9GzgYZZe']"
Feid,2LRoIwlKmHjgvigdNGBHNo,Sech,77ziqFxp5gaInVrF2lj4ht,9,"['0RDgqtvOHLwcI6yz9bjsZV', '0hDE81j4N2DPLbEY4tiCDs', '224EVTFiLsdQignUFLvDeH', '4AjWbAwRpxk2worpjNH5CS', '5Id5B3dxJZhPcV9GzgYZZe', '5NxhMcHSVY3Z7ykWxZf3aj', '7anSoGdgtmJTAPZBzcPhO6', '7g8YaUQABMal0zWe7a2ijz', '7lUdbnz7wsv3C9zzf4WHl9']"
Dalex,0KPX4Ucy9dk82uj4GpKesn,Feid,2LRoIwlKmHjgvigdNGBHNo,6,"['0RDgqtvOHLwcI6yz9bjsZV', '224EVTFiLsdQignUFLvDeH', '4AjWbAwRpxk2worpjNH5CS', '5Id5B3dxJZhPcV9GzgYZZe', '7anSoGdgtmJTAPZBzcPhO6', '7g8YaUQABMal0zWe7a2ijz']"
Justin Quiles,14zUHaJZo1mnYtn6IBRaRP,Feid,2LRoIwlKmHjgvigdNGBHNo,6,"['0RDgqtvOHLwcI6yz9bjsZV', '4AjWbAwRpxk2worpjNH5CS', '4TOmcZvw0gHa7GiXRbcYAW', '5Id5B3dxJZhPcV9GzgYZZe', '7anSoGdgtmJTAPZBzcPhO6', '7lUdbnz7wsv3C9zzf4WHl9']"
Lenny Tavárez,1pQWsZQehhS4wavwh7Fnxd,Feid,2LRoIwlKmHjgvigdNGBHNo,6,"['0RDgqtvOHLwcI6yz9bjsZV', '224EVTFiLsdQignUFLvDeH', '4AjWbAwRpxk2worpjNH5CS', '5Id5B3dxJZhPcV9GzgYZZe', '7anSoGdgtmJTAPZBzcPhO6', '7g8YaUQABMal0zWe7a2ijz']"
Jonas Blue,1HBjj22wzbscIZ9sEb5dyf,Sabrina Carpenter,74KM79TiuVKeVCqs8QtB0B,1,['0RUTnY2B3s05fZuCHsNaUP']
Swae Lee,1zNqQNIdeOUZHb8zbZRFMX,Post Malone,246dkjvS1zLTtiykXe5h60,2,"['0RiRZpuVRbi7oqRdSMwhQY', '5VuxWXbt7XENQCtE9TzpTv']"
Ziv Zaifman,2cQr2KbzdRtIFlfbHGnNsL,Hugh Jackman,5F1aoppMtU3OMiltO8ymJ2,1,['0RoA7ObU6phWpqhlC9zH4Z']
Michelle Williams,2LAqcqAQ8KPTsl1HBgBrqM,Ziv Zaifman,2cQr2KbzdRtIFlfbHGnNsL,1,['0RoA7ObU6phWpqhlC9zH4Z']
Michelle Williams,2LAqcqAQ8KPTsl1HBgBrqM,Hugh Jackman,5F1aoppMtU3OMiltO8ymJ2,1,['0RoA7ObU6phWpqhlC9zH4Z']
MadMan,3MkkSf3u5KU52Mb2iMrqeX,Gemitaiz,4upwdFMlZBmQ68jP9jPzjK,3,"['0Rsfm3UqHkNzKsb6L0Yz3Y', '34UHhwlly3SHryWuVfMOJm', '3fV9z98dnQLSIPIMMJXCm7']"
Salmo,3hBQ4zniNdQf1cqqo6hzuW,Gemitaiz,4upwdFMlZBmQ68jP9jPzjK,2,"['0Rsfm3UqHkNzKsb6L0Yz3Y', '5nFX29WZIulql4m4ic0KRw']"
MadMan,3MkkSf3u5KU52Mb2iMrqeX,Salmo,3hBQ4zniNdQf1cqqo6hzuW,1,['0Rsfm3UqHkNzKsb6L0Yz3Y']
Social House,5UjifI1TYefXWn9GdqDOHl,Ariana Grande,66CXWjxzNUsdJxJ2JdwvnR,1,['0Ryd8975WihbObpp5cPW1t']
Traia Véia,0FMBXfGasuAjdpsCs7zgju,Luan Pereira,5kVgcCdPbeUwxBqWxi2Ktl,1,['0S7o4sti5I5CAbbotTUzTM']
Ana Castela,2CKOmarVWvWqkNWUatHCex,Israel & Rodolffo,41QLxRXlc2NwfJZkHGHKid,1,['0SCMVUZ21uYYB8cc0ScfbV']
Gunna,2hlmm7s2ICUX0LVIhVFlZQ,Offset,4DdkRBBYG6Yk9Ka8tdJ9BW,1,['0SQ8yalm13UIJuebuZkQlH']
B. Swanson Quartet,0JXiS2FrAg3wQYJHcmZdrc,Frank Sinatra,1Mxqyy3pSjf8kZZL4QVxS0,1,['0SUKNXEqZnRw7g0NO139FM']
Maluma,1r4hJ1h58CWwUQe3MxPuau,Wolfine,2OnKRchqP7tT0FzTvWIFI7,1,['0SaYeGhSXN0dDWstyNTQ56']
Quevedo,52iwsT98xCoGgiGntTiR7K,Myke Towers,7iK8PXO48WeuP03g8YR51W,1,['0Sfn2TYbpQtCGMBf6C0Y6T']
The La Planta,4oZolC0sCwCAKqsNXfRlVS,Valentino Merlo,55ru5B05MMBunM1tvH7Di6,1,['0SoBfYjQHvL6cuWHtPUYnq']
Omar Courtz,3E12tRURRvPfHz0hAMCFYc,De La Rose,54seKvtsZauR1iauN0ptpo,1,['0Sr7ssScx54yxdM2ols7nW']
Maroon 5,04gDigrS5kc9YWfZHwBETP,A Boogie Wit da Hoodie,31W5EY0aAly4Qieq6OFu6I,1,['0SvxydoxEEkXt9aMAqTfpB']
Feid,2LRoIwlKmHjgvigdNGBHNo,Rema,46pWGuE3dSwY3bMMXGBvVS,1,['0SzrJpUj7Tij35k90crvMW']
XXXTENTACION,15UsOTVnJzReFVN1VCnxy4,Travis Barker,4exLIFE8sISLr28sqG1qNX,2,"['0T6RSXxFhW8dRTWHI604ld', '4zI04ezdmrN0lT2pHykYrd']"
Travis Barker,4exLIFE8sISLr28sqG1qNX,Kanye West,5K4W6rqBFWDnAN6FQUkS6x,1,['0T6RSXxFhW8dRTWHI604ld']
Slim Jxmmi,7EEiVZvj6RCEtVX2F2pyxu,Rae Sremmurd,7iZtZyCzp3LItcw1wtPI3D,6,"['0TCnOEVeLQMXOUrpPlM7uY', '1BuZAIO8WZpavWVbbq3Lci', '1oUudyBYVGMIC8JXeIsFzq', '2TtWdYXulGcHCeUJUWwZ4M', '4669wTPqp7Xwz2H7v4QKi1', '6nI74KsH94IN0J2vp5shdT']"
Swae Lee,1zNqQNIdeOUZHb8zbZRFMX,Slim Jxmmi,7EEiVZvj6RCEtVX2F2pyxu,6,"['0TCnOEVeLQMXOUrpPlM7uY', '1BuZAIO8WZpavWVbbq3Lci', '1oUudyBYVGMIC8JXeIsFzq', '2TtWdYXulGcHCeUJUWwZ4M', '4669wTPqp7Xwz2H7v4QKi1', '6nI74KsH94IN0J2vp5shdT']"
Gucci Mane,13y7CgLHjMVRMDqxdx0Xdo,Ty Dolla $ign,7c0XG5cIJTrrAgEC3ULPiq,2,"['0TFVOjSvPTjFHkiZZekK5k', '17HlhTU351nr8MncIGppDk']"
Quavo,0VRj0yCOv2FXJNP47XQnx5,Ty Dolla $ign,7c0XG5cIJTrrAgEC3ULPiq,1,['0TFVOjSvPTjFHkiZZekK5k']
Quavo,0VRj0yCOv2FXJNP47XQnx5,Gucci Mane,13y7CgLHjMVRMDqxdx0Xdo,3,"['0TFVOjSvPTjFHkiZZekK5k', '39pS70eeDvyCAF3t8NAlVV', '5Ta1sXtO9tXOaUacYm7tH8']"
Nicki Nicole,2UZIAOlrnyZmyzt1nuXr9y,Trueno,2x7PC78TmgqpEIjaGAZ0Oz,1,['0TUW9faHNaBmi89wsYGp9y']
Trueno,2x7PC78TmgqpEIjaGAZ0Oz,Bizarrap,716NhGYqD1jl2wI1Qkgq36,1,['0TUW9faHNaBmi89wsYGp9y']
Trueno,2x7PC78TmgqpEIjaGAZ0Oz,Taiu,5szJHKg5xeUlQ9pTqzdpic,2,"['0TUW9faHNaBmi89wsYGp9y', '51aMyZzlIOitdIA4vyF0JO']"
TATOOL,0shHIQr8VamXbzM66kwGQo,Trueno,2x7PC78TmgqpEIjaGAZ0Oz,2,"['0TUW9faHNaBmi89wsYGp9y', '51aMyZzlIOitdIA4vyF0JO']"
Nicki Nicole,2UZIAOlrnyZmyzt1nuXr9y,Bizarrap,716NhGYqD1jl2wI1Qkgq36,3,"['0TUW9faHNaBmi89wsYGp9y', '2S93hylQBYLndMnaJuso8S', '42ahuAFlYGjIGBpVdHcLij']"
Nicki Nicole,2UZIAOlrnyZmyzt1nuXr9y,Taiu,5szJHKg5xeUlQ9pTqzdpic,1,['0TUW9faHNaBmi89wsYGp9y']
TATOOL,0shHIQr8VamXbzM66kwGQo,Nicki Nicole,2UZIAOlrnyZmyzt1nuXr9y,1,['0TUW9faHNaBmi89wsYGp9y']
Taiu,5szJHKg5xeUlQ9pTqzdpic,Bizarrap,716NhGYqD1jl2wI1Qkgq36,1,['0TUW9faHNaBmi89wsYGp9y']
TATOOL,0shHIQr8VamXbzM66kwGQo,Bizarrap,716NhGYqD1jl2wI1Qkgq36,1,['0TUW9faHNaBmi89wsYGp9y']
TATOOL,0shHIQr8VamXbzM66kwGQo,Taiu,5szJHKg5xeUlQ9pTqzdpic,2,"['0TUW9faHNaBmi89wsYGp9y', '51aMyZzlIOitdIA4vyF0JO']"
Khalid,6LuN9FCkKOj5PcnpouEgny,Disclosure,6nS5roXSAGhTGr34W6n7Et,3,"['0TrPqhAMoaKUFLR7iYDokf', '0rTV5WefWd1J3OwIheTzxM', '6TqXcAFInzjp0bODyvrWEq']"
JAY-Z,3nFkdlSjzX9mRTtwJOzDYB,Beyoncé,6vWDO969PvNqNYHIOW5v0m,4,"['0TwBtDAWpkpM3srywFVOV5', '1W6wxOOYyJyyok8fqYSZ3m', '3OoZagIW3YK8vjt0ws6NOI', '7oqftogUN82Q7VNy2TmTJW']"
David Guetta,1Cs0zKBU1kc0i8ypK3B9ai,Dimitri Vegas & Like Mike,73jBynjsVtofjRpdpRAJGk,2,"['0U6bQIAh6MCGo1xjbIIx2S', '1Sl3njkhhz8nrSPZroDQ82']"
Daddy Yankee,4VMYDCV2IEDYJArk749S6m,Dimitri Vegas & Like Mike,73jBynjsVtofjRpdpRAJGk,1,['0U6bQIAh6MCGo1xjbIIx2S']
Afro Bros,3wtMPMvPtiFylbnNXF6CAj,Dimitri Vegas & Like Mike,73jBynjsVtofjRpdpRAJGk,1,['0U6bQIAh6MCGo1xjbIIx2S']
NATTI NATASHA,1GDbiv3spRmZ1XdM1jQbT7,Dimitri Vegas & Like Mike,73jBynjsVtofjRpdpRAJGk,1,['0U6bQIAh6MCGo1xjbIIx2S']
David Guetta,1Cs0zKBU1kc0i8ypK3B9ai,Daddy Yankee,4VMYDCV2IEDYJArk749S6m,1,['0U6bQIAh6MCGo1xjbIIx2S']
David Guetta,1Cs0zKBU1kc0i8ypK3B9ai,Afro Bros,3wtMPMvPtiFylbnNXF6CAj,1,['0U6bQIAh6MCGo1xjbIIx2S']
David Guetta,1Cs0zKBU1kc0i8ypK3B9ai,NATTI NATASHA,1GDbiv3spRmZ1XdM1jQbT7,1,['0U6bQIAh6MCGo1xjbIIx2S']
David Guetta,1Cs0zKBU1kc0i8ypK3B9ai,Dimitri Vegas,2HkAI0YrEcgoR8QdaURqhO,2,"['0U6bQIAh6MCGo1xjbIIx2S', '1Sl3njkhhz8nrSPZroDQ82']"
David Guetta,1Cs0zKBU1kc0i8ypK3B9ai,Like Mike,4pwXiI7Z5ZStkgKowZyoKi,1,['0U6bQIAh6MCGo1xjbIIx2S']
Afro Bros,3wtMPMvPtiFylbnNXF6CAj,Daddy Yankee,4VMYDCV2IEDYJArk749S6m,1,['0U6bQIAh6MCGo1xjbIIx2S']
NATTI NATASHA,1GDbiv3spRmZ1XdM1jQbT7,Daddy Yankee,4VMYDCV2IEDYJArk749S6m,4,"['0U6bQIAh6MCGo1xjbIIx2S', '4pN4uE4g6srE6376NDwMJP', '6U2NuJILEOEpW2tVCuqKHb', '7BuSE9uTIw931wtZYzvZcQ']"
Dimitri Vegas,2HkAI0YrEcgoR8QdaURqhO,Daddy Yankee,4VMYDCV2IEDYJArk749S6m,1,['0U6bQIAh6MCGo1xjbIIx2S']
Daddy Yankee,4VMYDCV2IEDYJArk749S6m,Like Mike,4pwXiI7Z5ZStkgKowZyoKi,1,['0U6bQIAh6MCGo1xjbIIx2S']
NATTI NATASHA,1GDbiv3spRmZ1XdM1jQbT7,Afro Bros,3wtMPMvPtiFylbnNXF6CAj,1,['0U6bQIAh6MCGo1xjbIIx2S']
Dimitri Vegas,2HkAI0YrEcgoR8QdaURqhO,Afro Bros,3wtMPMvPtiFylbnNXF6CAj,1,['0U6bQIAh6MCGo1xjbIIx2S']
Afro Bros,3wtMPMvPtiFylbnNXF6CAj,Like Mike,4pwXiI7Z5ZStkgKowZyoKi,1,['0U6bQIAh6MCGo1xjbIIx2S']
NATTI NATASHA,1GDbiv3spRmZ1XdM1jQbT7,Dimitri Vegas,2HkAI0YrEcgoR8QdaURqhO,1,['0U6bQIAh6MCGo1xjbIIx2S']
NATTI NATASHA,1GDbiv3spRmZ1XdM1jQbT7,Like Mike,4pwXiI7Z5ZStkgKowZyoKi,1,['0U6bQIAh6MCGo1xjbIIx2S']
Mc Pedrinho,1etNnR2SdlelBQAICa2Q5m,DJ 900,6Ovxg5WDcnSQc8iQXv0IvI,2,"['0U9CZWq6umZsN432nh3WWT', '0qxLQ6opocOGyFnlXqJ53x']"
KALIM,2NJWI8byqTSqDaJRnqJY2z,Ufo361,5pVRwX5ZQR7hfJ18w8ZYkl,1,['0U9dP3BUlAgq9KkJXOijBH']
Noah Cyrus,55fhWPvDiMpLnE4ZzNXZyW,Alan Walker,7vk5e3vY1uw9plTHJAMwjN,2,"['0UBLhedidy1DjSF4ncF5zL', '5yFSF6qQA1rcLsQRnBsZgb']"
Digital Farm Animals,5fyDppLDl1juIu1BcUT5zh,Alan Walker,7vk5e3vY1uw9plTHJAMwjN,2,"['0UBLhedidy1DjSF4ncF5zL', '5yFSF6qQA1rcLsQRnBsZgb']"
Juliander,4gvkdged3Xw3ImXFm3jiay,Alan Walker,7vk5e3vY1uw9plTHJAMwjN,2,"['0UBLhedidy1DjSF4ncF5zL', '5yFSF6qQA1rcLsQRnBsZgb']"
Noah Cyrus,55fhWPvDiMpLnE4ZzNXZyW,Digital Farm Animals,5fyDppLDl1juIu1BcUT5zh,2,"['0UBLhedidy1DjSF4ncF5zL', '5yFSF6qQA1rcLsQRnBsZgb']"
Juliander,4gvkdged3Xw3ImXFm3jiay,Noah Cyrus,55fhWPvDiMpLnE4ZzNXZyW,2,"['0UBLhedidy1DjSF4ncF5zL', '5yFSF6qQA1rcLsQRnBsZgb']"
Juliander,4gvkdged3Xw3ImXFm3jiay,Digital Farm Animals,5fyDppLDl1juIu1BcUT5zh,2,"['0UBLhedidy1DjSF4ncF5zL', '5yFSF6qQA1rcLsQRnBsZgb']"
Willow Sage Hart,0gAILSEru1PKMwP0tAqNLS,P!nk,1KCSPY1glIKqW2TotWuXOR,1,['0UKUfxIkDAMZz7hMdiVX3m']
Camilo,28gNT5KBp7IjEOQoevXf9N,Mau y Ricky,2wkoKEfS6dXwThbyTnZWFU,3,"['0UQwlF2pRkr1lMN6kNNUj3', '2EEmzqzM70CybVspgM7YRT', '56f5qnyAlZdlz8wrUDA50h']"
Big Sean,0c173mlxpT3dSFRgMO8XPh,Jeremih,3KV3p5EY4AvKxOlhGHORLg,1,['0URaKGzNTtzKRtsJN1RkA9']
Kendrick Lamar,2YZyLoL8N0Wb9xBt1NhZWg,Baby Keem,5SXuuuRpukkTvsLuUknva1,4,"['0UTyLmkQgPOEIz95OVAJTR', '0YeUVm23SAkUruwEx9LWnt', '1h6w4POXM2LfG4ZD4xUfZQ', '3QFInJAm9eyaho5vBzxInN']"
Natanael Cano,0elWFr7TW8piilVRYJUe4P,Fuerza Regida,0ys2OFYzWYB5hRDLCsBqxt,1,['0UbesRsX2TtiCeamOIVEkp']
The Weeknd,1Xyo4u8uXC1ZmMpatF05PJ,Doja Cat,5cj0lLjcoR7YOSnhnX0Po5,2,"['0UnTaVkntyh3vqvLEvbpQx', '0k4d5YPDr1r7FX77VdqWez']"
The Weeknd,1Xyo4u8uXC1ZmMpatF05PJ,Swedish House Mafia,1h6Cn3P4NGzXbaXidqURXs,1,['0VO8gYVDSwM1Qdd2GsMoYK']
Nardo Wick,0Njy6yR9LykNKYg9yE23QN,Lil Baby,5f7VJjfbwm532GiveGC0ZK,1,['0VOMBffX1llDu37yQUt3u3']
Casper Magico,1fux65HMCBvfJHqlBc4Nno,Nio Garcia,5hdhHgpxyniooUiQVaPxQ0,2,"['0VWLId2RwPCno9s1cJm2Vy', '3V8UKqhEK5zBkBb6d6ub8i']"
Ozuna,1i8SpTcr7yvPOmcqrbnVXY,Nio Garcia,5hdhHgpxyniooUiQVaPxQ0,2,"['0VWLId2RwPCno9s1cJm2Vy', '3V8UKqhEK5zBkBb6d6ub8i']"
Wisin & Yandel,1wZtkThiXbVNtj6hee6dz9,Nio Garcia,5hdhHgpxyniooUiQVaPxQ0,1,['0VWLId2RwPCno9s1cJm2Vy']
Nio Garcia,5hdhHgpxyniooUiQVaPxQ0,Myke Towers,7iK8PXO48WeuP03g8YR51W,2,"['0VWLId2RwPCno9s1cJm2Vy', '6bvfJf4KjonPMuPfGfy3S2']"
Flow La Movie,2oT7xd9iTO2ejLsNGIMa5f,Nio Garcia,5hdhHgpxyniooUiQVaPxQ0,2,"['0VWLId2RwPCno9s1cJm2Vy', '2dNhNlpZAtV4lwAFW45LIv']"
Casper Magico,1fux65HMCBvfJHqlBc4Nno,Ozuna,1i8SpTcr7yvPOmcqrbnVXY,2,"['0VWLId2RwPCno9s1cJm2Vy', '3V8UKqhEK5zBkBb6d6ub8i']"
Casper Magico,1fux65HMCBvfJHqlBc4Nno,Wisin & Yandel,1wZtkThiXbVNtj6hee6dz9,1,['0VWLId2RwPCno9s1cJm2Vy']
Casper Magico,1fux65HMCBvfJHqlBc4Nno,Myke Towers,7iK8PXO48WeuP03g8YR51W,1,['0VWLId2RwPCno9s1cJm2Vy']
Casper Magico,1fux65HMCBvfJHqlBc4Nno,Flow La Movie,2oT7xd9iTO2ejLsNGIMa5f,1,['0VWLId2RwPCno9s1cJm2Vy']
Ozuna,1i8SpTcr7yvPOmcqrbnVXY,Wisin & Yandel,1wZtkThiXbVNtj6hee6dz9,1,['0VWLId2RwPCno9s1cJm2Vy']
Ozuna,1i8SpTcr7yvPOmcqrbnVXY,Myke Towers,7iK8PXO48WeuP03g8YR51W,4,"['0VWLId2RwPCno9s1cJm2Vy', '2tGENA8xef0wABdHvyXwv9', '3fhOpwaKobrELFjKLcXHgI', '67jvGGbJmOmVonlyX3mNkV']"
Ozuna,1i8SpTcr7yvPOmcqrbnVXY,Flow La Movie,2oT7xd9iTO2ejLsNGIMa5f,1,['0VWLId2RwPCno9s1cJm2Vy']
Wisin & Yandel,1wZtkThiXbVNtj6hee6dz9,Myke Towers,7iK8PXO48WeuP03g8YR51W,1,['0VWLId2RwPCno9s1cJm2Vy']
Wisin & Yandel,1wZtkThiXbVNtj6hee6dz9,Flow La Movie,2oT7xd9iTO2ejLsNGIMa5f,1,['0VWLId2RwPCno9s1cJm2Vy']
Flow La Movie,2oT7xd9iTO2ejLsNGIMa5f,Myke Towers,7iK8PXO48WeuP03g8YR51W,1,['0VWLId2RwPCno9s1cJm2Vy']
Teezo Touchdown,0fGcIStdT1OpFFhOC7Wp36,Tyler The Creator,4V8LLVI7PbaPR0K2TGSxFF,2,"['0VaeksJaXy5R1nvcTMh3Xk', '13HsOwrwTA5HgLuoaDHncP']"
ELIF,65AzRSW0jKSs0WtttEXrOw,Samra,6h1s4i4XKIYv4ErDelLDN0,1,['0Vl4eICpXMjtiK0RhdaWov']
Future,1RyvyyTE3xzB2ZywiAwp0i,Lil Durk,3hcs9uc56yIGFCSy9leWe7,1,['0VlpgNPHWCyh8xxLcaK2fp']
Yebba,1ooV8YZC1KbpEcrmI8WH0F,Ed Sheeran,6eUKZXaKkcviH0Ku9w2n3V,1,['0VsGaRXR5WAzpu51unJTis']
Bonez MC,1aS5tqEs9ci5P9KD9tZWa6,187 Strassenbande,2j2rh3oQh4QEUnNTDKYSJD,6,"['0Vy7fWzknPBpNTwJkGc7Sm', '3aDYo34VzVf2i8aJyJk0ca', '4xN9cgMVhYyhnugUFZdhcZ', '5OqIKA0ETzvxocl2IS7nV6', '6mw02h3qbWmuq2bJCRjRAe', '6qNLO4HzHeVvHxTaCFMXrf']"
RAF Camora,0Dvx6p8JDyzeOPGmaCIH1L,187 Strassenbande,2j2rh3oQh4QEUnNTDKYSJD,1,['0Vy7fWzknPBpNTwJkGc7Sm']
187 Strassenbande,2j2rh3oQh4QEUnNTDKYSJD,Gzuz,5eioJDe26lOqkAMbuhzZYs,4,"['0Vy7fWzknPBpNTwJkGc7Sm', '3aDYo34VzVf2i8aJyJk0ca', '6mw02h3qbWmuq2bJCRjRAe', '6qNLO4HzHeVvHxTaCFMXrf']"
Maxwell,0b62itBWBdLgiecXjXCqKC,187 Strassenbande,2j2rh3oQh4QEUnNTDKYSJD,2,"['0Vy7fWzknPBpNTwJkGc7Sm', '4xN9cgMVhYyhnugUFZdhcZ']"
Maxwell,0b62itBWBdLgiecXjXCqKC,Bonez MC,1aS5tqEs9ci5P9KD9tZWa6,4,"['0Vy7fWzknPBpNTwJkGc7Sm', '0kLA41xkWzzYzMIEGFuDkP', '4aZfvvgfoSfmSZpfwQYzC0', '4xN9cgMVhYyhnugUFZdhcZ']"
RAF Camora,0Dvx6p8JDyzeOPGmaCIH1L,Gzuz,5eioJDe26lOqkAMbuhzZYs,3,"['0Vy7fWzknPBpNTwJkGc7Sm', '1dLYHdJhQ0LlZyyJmn3FLu', '4Bj3usjRTckEJARO0dLbDf']"
RAF Camora,0Dvx6p8JDyzeOPGmaCIH1L,Maxwell,0b62itBWBdLgiecXjXCqKC,1,['0Vy7fWzknPBpNTwJkGc7Sm']
Maxwell,0b62itBWBdLgiecXjXCqKC,Gzuz,5eioJDe26lOqkAMbuhzZYs,2,"['0Vy7fWzknPBpNTwJkGc7Sm', '0kLA41xkWzzYzMIEGFuDkP']"
Bonez MC,1aS5tqEs9ci5P9KD9tZWa6,The Cratez,3pVfscwg2QxhdHtk966inb,1,['0WFgtxiLNr99YaoSdYR3Ud']
Wiz Khalifa,137W8MRPWKqSmrBGDBFSop,Tyga,5LHRHt1k9lMyONurDHEdrp,1,['0WLhJ2NBuZHuoHY8pLVHJ0']
Maroon 5,04gDigrS5kc9YWfZHwBETP,SZA,7tYKF4w9nC0nq9CsPZTHyP,1,['0WdGQhoAP2LBsqr5Jhit2g']
Sodré,07qgzS86XBNsyrY6MAVDAc,MC Kevin o Chris,2UMj7NCbuqy1yUZmiSYGjJ,2,"['0WhDotK0QXigmsrlw0DxKK', '5dKesZwp6deuhEeW8F1UEi']"
Fernando & Sorocaba,1oSgjdbgLYULVmEBojPRw8,Os Barões Da Pisadinha,5Lv2GUVwqmQBPwrTrxucE5,1,['0WlmiIK5qFQ4dAB4mCA4sI']
Gucci Mane,13y7CgLHjMVRMDqxdx0Xdo,DaBaby,4r63FhuTkUYltbVAg5TQnk,1,['0WoAkdHmgPmEXfiBox1flk']
DaBaby,4r63FhuTkUYltbVAg5TQnk,YK Osiris,7meyrw7Or5DwteYxDJrkCM,1,['0WoAkdHmgPmEXfiBox1flk']
Gucci Mane,13y7CgLHjMVRMDqxdx0Xdo,Chance the Rapper,1anyVhU62p31KFi8MEzkbf,1,['0WoAkdHmgPmEXfiBox1flk']
Chance the Rapper,1anyVhU62p31KFi8MEzkbf,YK Osiris,7meyrw7Or5DwteYxDJrkCM,1,['0WoAkdHmgPmEXfiBox1flk']
Gucci Mane,13y7CgLHjMVRMDqxdx0Xdo,YK Osiris,7meyrw7Or5DwteYxDJrkCM,1,['0WoAkdHmgPmEXfiBox1flk']
ScHoolboy Q,5IcR3N7QB1j6KBL8eImZ8m,Calvin Harris,7CajNmpbOovFoOoasH2HaY,1,['0Ws8D3EWUDgY962Xftb0h5']
PARTYNEXTDOOR,2HPaUgqeutzr3jx5a9WyDV,Calvin Harris,7CajNmpbOovFoOoasH2HaY,2,"['0Ws8D3EWUDgY962Xftb0h5', '2rYyq0b3XWwmWl0k727OVG']"
DRAM,5M0lbkGluOPXLeFjApw8r8,Calvin Harris,7CajNmpbOovFoOoasH2HaY,1,['0Ws8D3EWUDgY962Xftb0h5']
PARTYNEXTDOOR,2HPaUgqeutzr3jx5a9WyDV,ScHoolboy Q,5IcR3N7QB1j6KBL8eImZ8m,1,['0Ws8D3EWUDgY962Xftb0h5']
ScHoolboy Q,5IcR3N7QB1j6KBL8eImZ8m,DRAM,5M0lbkGluOPXLeFjApw8r8,1,['0Ws8D3EWUDgY962Xftb0h5']
Funk Wav,4A0TivfinfALCAMJqqjZIk,ScHoolboy Q,5IcR3N7QB1j6KBL8eImZ8m,1,['0Ws8D3EWUDgY962Xftb0h5']
PARTYNEXTDOOR,2HPaUgqeutzr3jx5a9WyDV,DRAM,5M0lbkGluOPXLeFjApw8r8,1,['0Ws8D3EWUDgY962Xftb0h5']
PARTYNEXTDOOR,2HPaUgqeutzr3jx5a9WyDV,Funk Wav,4A0TivfinfALCAMJqqjZIk,1,['0Ws8D3EWUDgY962Xftb0h5']
Funk Wav,4A0TivfinfALCAMJqqjZIk,DRAM,5M0lbkGluOPXLeFjApw8r8,1,['0Ws8D3EWUDgY962Xftb0h5']
DJ Snake,540vIaP2JwjQb9dm3aArA4,Lauv,5JZ7CnR6gTvEMKX4g70Amv,1,['0Wv5wuenRLI3BcwgT3HPIP']
Selena Gomez,0C8ZW7ezQVs4URX5aX7Kqx,Gucci Mane,13y7CgLHjMVRMDqxdx0Xdo,1,['0XLOf9LhyazPX9Ld8jPiUq']
Rauw Alejandro,1mcTU81TzQhprhouKaTkpq,Nicki Nicole,2UZIAOlrnyZmyzt1nuXr9y,1,['0XYZhJIcwKNjd0tjbSXwaQ']
Post Malone,246dkjvS1zLTtiykXe5h60,DaBaby,4r63FhuTkUYltbVAg5TQnk,3,"['0Xek5rqai2jcOWCYWJfVCF', '20GrahbI4AzAOWxpYfDKkf', '5woaU1FNkqCwg6WzWiQPW5']"
Kid Cudi,0fA0VVWsXO9YnASrzqfmYu,David Guetta,1Cs0zKBU1kc0i8ypK3B9ai,1,['0Xh6R6XLoTDRBYriQRgkHj']
David Guetta,1Cs0zKBU1kc0i8ypK3B9ai,Sia,5WUlDfRSoLAfcVSX1WnrxN,5,"['0XwSUpdrF7nR7hVxbDs7mb', '0lHAMNU8RGiIObScrsRgmP', '2ludbmtPoyCPe2K08fAlFl', '66BjcDhhwWCcQIBxHMpKXh', '6lhZLbb0czULpjb2kFryPS']"
J Balvin,1vyhD5VmyZ7KMfW5gqLgo5,Liam Payne,5pUo3fmmHT8bhCyHE52hA6,1,['0Y4hwUppbGc8aIBmiTz30A']
Metro Boomin,0iEtIxbK0KxaSlF7G42ZOp,John Legend,5y2Xq6xcjJb2jVM54GHK3t,1,['0YFqKxV9uNu6LUeYkLOKRS']
David Guetta,1Cs0zKBU1kc0i8ypK3B9ai,J Balvin,1vyhD5VmyZ7KMfW5gqLgo5,1,['0YammaEkYSeo9vQYZ1OwS6']
J Balvin,1vyhD5VmyZ7KMfW5gqLgo5,Bebe Rexha,64M6ah0SkkRsnPGtGiRAbb,1,['0YammaEkYSeo9vQYZ1OwS6']
Kendo Kaponi,1WMwuNKzEFtU6pPkdtryYS,Anuel AA,2R21vXR83lH98kGeO99Y66,2,"['0YbXuCsQwrsh5x0hgnED6z', '3kml9ZdpT7UYk1ugkjqOzt']"
Yandel,0eHQ9o50hj6ZDNBt6Ys1sD,Anuel AA,2R21vXR83lH98kGeO99Y66,1,['0YbXuCsQwrsh5x0hgnED6z']
Ñengo Flow,12vb80Km0Ew53ABfJOepVz,Anuel AA,2R21vXR83lH98kGeO99Y66,2,"['0YbXuCsQwrsh5x0hgnED6z', '6DoL1yYIwEW7VZMRaJhoJI']"
Yandel,0eHQ9o50hj6ZDNBt6Ys1sD,Kendo Kaponi,1WMwuNKzEFtU6pPkdtryYS,1,['0YbXuCsQwrsh5x0hgnED6z']
Ñengo Flow,12vb80Km0Ew53ABfJOepVz,Kendo Kaponi,1WMwuNKzEFtU6pPkdtryYS,1,['0YbXuCsQwrsh5x0hgnED6z']
Yandel,0eHQ9o50hj6ZDNBt6Ys1sD,Ñengo Flow,12vb80Km0Ew53ABfJOepVz,1,['0YbXuCsQwrsh5x0hgnED6z']
Sam Dew,1SIw8nXWjvAKeb6Dhh85cz,Kendrick Lamar,2YZyLoL8N0Wb9xBt1NhZWg,1,['0YeUVm23SAkUruwEx9LWnt']
Sam Dew,1SIw8nXWjvAKeb6Dhh85cz,Baby Keem,5SXuuuRpukkTvsLuUknva1,1,['0YeUVm23SAkUruwEx9LWnt']
Luísa Sonza,4PzYKhC14sTJNEr0dzoo0d,Pabllo Vittar,6tzRZ39aZlNqlUzQlkuhDV,1,['0YqTL3nSL36OFdHwHoqCag']
Luísa Sonza,4PzYKhC14sTJNEr0dzoo0d,Anitta,7FNnA9vBm6EKceENgCGRMb,2,"['0YqTL3nSL36OFdHwHoqCag', '2bPtwnrpFNEe8N7Q85kLHw']"
Pabllo Vittar,6tzRZ39aZlNqlUzQlkuhDV,Anitta,7FNnA9vBm6EKceENgCGRMb,2,"['0YqTL3nSL36OFdHwHoqCag', '3ibRxEv4KkcU9e259eyNJA']"
B Praak,56SjZARoEvag3RoKWIb16j,Jaani,5gZhfbckaWo89OzDSk3gdT,1,['0YxKKO272sacGBJKjf6FnB']
Khalid,6LuN9FCkKOj5PcnpouEgny,Major Lazer,738wLrAtLtCtFOLvQBXOXp,1,['0Z26mbSHJ1dkUu7g9DDgif']
Death Stranding: Timefall,4rojTfP5nRkmYpdSbWQgV4,Major Lazer,738wLrAtLtCtFOLvQBXOXp,1,['0Z26mbSHJ1dkUu7g9DDgif']
Diplo,5fMUXHkw8R8eOP2RNVYEZX,Major Lazer,738wLrAtLtCtFOLvQBXOXp,3,"['0Z26mbSHJ1dkUu7g9DDgif', '0oB9964bp22Bmok0Dmxlzb', '1G2CAJeP7rCwOZjlSJ0Zw3']"
Death Stranding: Timefall,4rojTfP5nRkmYpdSbWQgV4,Khalid,6LuN9FCkKOj5PcnpouEgny,1,['0Z26mbSHJ1dkUu7g9DDgif']
Diplo,5fMUXHkw8R8eOP2RNVYEZX,Khalid,6LuN9FCkKOj5PcnpouEgny,1,['0Z26mbSHJ1dkUu7g9DDgif']
Death Stranding: Timefall,4rojTfP5nRkmYpdSbWQgV4,Diplo,5fMUXHkw8R8eOP2RNVYEZX,1,['0Z26mbSHJ1dkUu7g9DDgif']
Jack Harlow,2LIk90788K0zvyj2JJVwkJ,Tory Lanez,2jku7tDXc6XoB6MO2hFuqg,2,"['0ZLuW8uOXdFNWcI40C0OC2', '2MbdDtCv5LUVjYy9RuGTgC']"
Jack Harlow,2LIk90788K0zvyj2JJVwkJ,DaBaby,4r63FhuTkUYltbVAg5TQnk,3,"['0ZLuW8uOXdFNWcI40C0OC2', '2MbdDtCv5LUVjYy9RuGTgC', '5woaU1FNkqCwg6WzWiQPW5']"
Jack Harlow,2LIk90788K0zvyj2JJVwkJ,Lil Wayne,55Aa2cqylxrFIXC767Z865,3,"['0ZLuW8uOXdFNWcI40C0OC2', '1hs54MGy1J69I52GvzsrbB', '2MbdDtCv5LUVjYy9RuGTgC']"
Tory Lanez,2jku7tDXc6XoB6MO2hFuqg,DaBaby,4r63FhuTkUYltbVAg5TQnk,2,"['0ZLuW8uOXdFNWcI40C0OC2', '2MbdDtCv5LUVjYy9RuGTgC']"
Tory Lanez,2jku7tDXc6XoB6MO2hFuqg,Lil Wayne,55Aa2cqylxrFIXC767Z865,2,"['0ZLuW8uOXdFNWcI40C0OC2', '2MbdDtCv5LUVjYy9RuGTgC']"
DaBaby,4r63FhuTkUYltbVAg5TQnk,Lil Wayne,55Aa2cqylxrFIXC767Z865,3,"['0ZLuW8uOXdFNWcI40C0OC2', '2MbdDtCv5LUVjYy9RuGTgC', '6pmNoWKk0r6zfIjWneJRxR']"
Wiz Khalifa,137W8MRPWKqSmrBGDBFSop,Logic,4xRYI6VqpkE3UwrDrAZL8L,3,"['0ZN72tCEgbwPXEtj6TPMxK', '0jqBo5RYn008f4ZY8kPewW', '4dASQiO1Eoo3RJvt74FtXB']"
YG,0A0FS04o6zMoto8OKPsDwY,2 Chainz,17lzZA2AlOHwCwFALHttmp,1,['0ZNrc4kNeQYD9koZ3KvCsy']
YG,0A0FS04o6zMoto8OKPsDwY,Big Sean,0c173mlxpT3dSFRgMO8XPh,1,['0ZNrc4kNeQYD9koZ3KvCsy']
YG,0A0FS04o6zMoto8OKPsDwY,Nicki Minaj,0hCNtLu0JehylgoiP8L4Gh,1,['0ZNrc4kNeQYD9koZ3KvCsy']
Big Sean,0c173mlxpT3dSFRgMO8XPh,2 Chainz,17lzZA2AlOHwCwFALHttmp,2,"['0ZNrc4kNeQYD9koZ3KvCsy', '42XnD59SFcomCJu55EPhqJ']"
Nicki Minaj,0hCNtLu0JehylgoiP8L4Gh,2 Chainz,17lzZA2AlOHwCwFALHttmp,1,['0ZNrc4kNeQYD9koZ3KvCsy']
Big Sean,0c173mlxpT3dSFRgMO8XPh,Nicki Minaj,0hCNtLu0JehylgoiP8L4Gh,1,['0ZNrc4kNeQYD9koZ3KvCsy']
Kodie Shane,1CUeN4GnHAGUk9nAXPorF4,Trippie Redd,6Xgp2XMz1fhVYe7i6yNAax,1,['0ZPCxNK4DIrF8KqrN3DxfA']
Lewis Somes,6U574RAq08wVaurzSaqEY3,FloyyMenor,7CvTknweLr9feJtRGrpDBy,1,['0ZS96pPRLyGUViVi5PWCAR']
Justin Jesso,1QDrz3DMMaz3TB1cm0PGDu,Kygo,23fqKkggKUBHNkbKtXEls4,1,['0Zbbxnx4SGGHoIow4PpISP']
A Boogie Wit da Hoodie,31W5EY0aAly4Qieq6OFu6I,Tyga,5LHRHt1k9lMyONurDHEdrp,2,"['0Zl4G9qcdXV5hVhdOirNHG', '0jAfdqv18goRTUxm3ilRjb']"
Fedez,3pgCLfNbw5ozIfoNsvDU7i,Francesca Michielin,4jFlmD92WULLlaRS8Cj6QS,1,['0ZqHo6eTBHUcOVjZzPvftT']
MØ,0bdfiayQAKewqEvaU6rXCv,Snakehips,2FwJwEswyIUAljqgjNSHgP,1,['0Zx8khUcEfCFK2AEoIhC92']
Nicki Minaj,0hCNtLu0JehylgoiP8L4Gh,Ice Spice,3LZZPxNDGDFVSIPqf4JuEf,2,"['0ZxhtATQ0a6EvQNZ0z6NKV', '741UUVE2kuITl0c6zuqqbO']"
Tedua,1AgAVqo74e2q4FVvg0xpT7,Chris Nolan,1xsYReh7zhty26wD4tprKh,1,['0ZzXPo0gS5h718w7WErG44']
Tedua,1AgAVqo74e2q4FVvg0xpT7,AVA,7zPS3i8YJBNeDcqXUHfCMr,1,['0ZzXPo0gS5h718w7WErG44']
Tedua,1AgAVqo74e2q4FVvg0xpT7,Capo Plaza,5SulO4l40qDuV9zUGLZx7n,2,"['0ZzXPo0gS5h718w7WErG44', '1QlqHpITeEHB4EWFGqks9J']"
Chris Nolan,1xsYReh7zhty26wD4tprKh,AVA,7zPS3i8YJBNeDcqXUHfCMr,1,['0ZzXPo0gS5h718w7WErG44']
Chris Nolan,1xsYReh7zhty26wD4tprKh,Capo Plaza,5SulO4l40qDuV9zUGLZx7n,1,['0ZzXPo0gS5h718w7WErG44']
Capo Plaza,5SulO4l40qDuV9zUGLZx7n,AVA,7zPS3i8YJBNeDcqXUHfCMr,1,['0ZzXPo0gS5h718w7WErG44']
Travis Scott,0Y5tJX1MQlPlqiwlOH1tJY,Kid Cudi,0fA0VVWsXO9YnASrzqfmYu,3,"['0a4SMs889NwP8oWI7Vemle', '2Adxpr1j5lSihOCsmIfflJ', '39Yp9wwQiSRIDOvrVg7mbk']"
Lefty Gunplay,1jiZvw42D4oquLl24x2VWV,Kendrick Lamar,2YZyLoL8N0Wb9xBt1NhZWg,1,['0aB0v4027ukVziUGwVGYpG']
Milo j,19HM5j0ULGSmEoRcrSe5x3,Bizarrap,716NhGYqD1jl2wI1Qkgq36,5,"['0aPs3kmiqmt9QG7gWXdefA', '1iLbUmb2b2btyAAcQ68a1p', '3DeZc9cOc1DM8YNoJV8lAv', '4SW9gHnW8NfKOdqmh0ij45', '4zYHsmc2V9RyR8eOA0mlx6']"
Juice WRLD,4MCBfE4596Uoi2O4DtmEMz,Marshmello,64KEffDW9EtZ1y2vBYgq8T,3,"['0ada5XsQGLPUVbmTCkAP49', '2Y0wPrPQBrGhoLn14xRYCG', '6XO8RlYuJCiI0v3IA48FeJ']"
The Kid LAROI,2tIP7SsRs7vjIcLrU85W8J,Juice WRLD,4MCBfE4596Uoi2O4DtmEMz,3,"['0ada5XsQGLPUVbmTCkAP49', '2rPHUAeUPbNgTmK18FPTiZ', '5YSHygGN9D0mID1NsVd5my']"
Juice WRLD,4MCBfE4596Uoi2O4DtmEMz,Polo G,6AgTAQt8XS6jRWi4sX7w49,3,"['0ada5XsQGLPUVbmTCkAP49', '2QqJTIlGKRLJC3onkavYEz', '5R4Yrc2j4jw1itr4hKcN26']"
The Kid LAROI,2tIP7SsRs7vjIcLrU85W8J,Marshmello,64KEffDW9EtZ1y2vBYgq8T,2,"['0ada5XsQGLPUVbmTCkAP49', '1yP6g2Ka4CisR3i2cuIcjK']"
Marshmello,64KEffDW9EtZ1y2vBYgq8T,Polo G,6AgTAQt8XS6jRWi4sX7w49,1,['0ada5XsQGLPUVbmTCkAP49']
The Kid LAROI,2tIP7SsRs7vjIcLrU85W8J,Polo G,6AgTAQt8XS6jRWi4sX7w49,3,"['0ada5XsQGLPUVbmTCkAP49', '1JXBNvlDEl2epKSJ9EOgKX', '23OYT3SFtoJqhiAUqktbc1']"
Cashmere Cat,2LZDXcxJWgsJfKXZv9a5eG,Major Lazer,738wLrAtLtCtFOLvQBXOXp,1,['0as7lPxkBPctZ7uVmchRNM']
Cashmere Cat,2LZDXcxJWgsJfKXZv9a5eG,Tory Lanez,2jku7tDXc6XoB6MO2hFuqg,2,"['0as7lPxkBPctZ7uVmchRNM', '2wDjpPW3HZdA9quPPmZAMu']"
Tory Lanez,2jku7tDXc6XoB6MO2hFuqg,Major Lazer,738wLrAtLtCtFOLvQBXOXp,1,['0as7lPxkBPctZ7uVmchRNM']
Boney M.,54R6Y0I7jGUCveDTtI21nb,Majestic,6QMABvTzixnxzsLYyhqRxI,1,['0b18g3G5spr4ZCkz7Y6Q0Q']
Charlie Puth,6VuMaDnrHyPL1p4EHjYLi7,Calvin Harris,7CajNmpbOovFoOoasH2HaY,1,['0b5CzUhyShYuDdtW5J4wm2']
Shenseea,1OFOShsIbhy1l5x73yuVyB,Calvin Harris,7CajNmpbOovFoOoasH2HaY,1,['0b5CzUhyShYuDdtW5J4wm2']
Shenseea,1OFOShsIbhy1l5x73yuVyB,Charlie Puth,6VuMaDnrHyPL1p4EHjYLi7,1,['0b5CzUhyShYuDdtW5J4wm2']
DJ Khaled,0QHgL1lAIqAw0HtD7YldmP,Travis Scott,0Y5tJX1MQlPlqiwlOH1tJY,6,"['0b6UoVjUzFyZNpHI0aAhKt', '4vv1KjUzPwrtDbozizSfQc', '56uTIyBsxLQIYgF765A2aM', '67QVeMvttYHbB1Zuvh0cn6', '6CwTHNCzgkq41m11iPpzsf', '7lxZbmtC6SkUc2yXBgDOdO']"
DJ Khaled,0QHgL1lAIqAw0HtD7YldmP,Post Malone,246dkjvS1zLTtiykXe5h60,2,"['0b6UoVjUzFyZNpHI0aAhKt', '20GrahbI4AzAOWxpYfDKkf']"
Travis Scott,0Y5tJX1MQlPlqiwlOH1tJY,Post Malone,246dkjvS1zLTtiykXe5h60,2,"['0b6UoVjUzFyZNpHI0aAhKt', '7CZyCXKG6d5ALeq41sLzbw']"
J Balvin,1vyhD5VmyZ7KMfW5gqLgo5,Ed Sheeran,6eUKZXaKkcviH0Ku9w2n3V,1,['0bBd6K5X4W7t9GyXcaVOA7']
Dem Jointz,2AUT4fNQ2QC0e2f5pIxOCd,Eminem,7dGJo4pcD2V6oG8kP0tJRR,1,['0bBnrokPXtfwXQarqCu1Gz']
Sly Pyper,7LzTBVNarOeaDXFdzOugAI,Eminem,7dGJo4pcD2V6oG8kP0tJRR,3,"['0bBnrokPXtfwXQarqCu1Gz', '3WpHqtFUwzIQBsV9YC5iNc', '50No7LiVffAJCWIChZodmU']"
Dem Jointz,2AUT4fNQ2QC0e2f5pIxOCd,Sly Pyper,7LzTBVNarOeaDXFdzOugAI,1,['0bBnrokPXtfwXQarqCu1Gz']
Bad Bunny,4q3ewBCX7sLwd24euuV69X,Myke Towers,7iK8PXO48WeuP03g8YR51W,3,"['0bCPJsVGDxPYwQMDZMi4NW', '0eeX8L0DWvGth1F6xVkvv7', '5gCg2qMPzKkW4jS4dBKdDs']"
Tiësto,2o5jDhtHVPhrJdv3cEQ99Z,KAROL G,790FomKkXshlbRYZFtlgla,2,"['0bI7K9Becu2dtXK1Q3cZNB', '4UkUxO2WlKLc0Q1iEutGGh']"
Anahí,0TeVa4xdLB8vdzjsvKH6Ri,RBD,7cjh6y0V9SsyCrWSXTzwOs,9,"['0bMVCO35RJiUhAfvFsLjIF', '2RJ1fg4qf2vgZKifTa4HgA', '3eo3Dw5OGSWCzJDVHLKE3v', '3hbTkJ0yFzHbawnKyhvTQj', '56tOMi4N980gmsdUoyaLb3', '5sgvzXoYFCr5F5tUZdAA20', '64mK5Yd0rdGeXVkMFspEyt', '6fqpsCQ7jF7OgQolXgYovX', '7F7qwp7VZRVwZsNoddRRgX']"
Dulce María,6kaefrHSdAvxhhCVDFTCEL,RBD,7cjh6y0V9SsyCrWSXTzwOs,9,"['0bMVCO35RJiUhAfvFsLjIF', '2RJ1fg4qf2vgZKifTa4HgA', '3eo3Dw5OGSWCzJDVHLKE3v', '3hbTkJ0yFzHbawnKyhvTQj', '56tOMi4N980gmsdUoyaLb3', '5sgvzXoYFCr5F5tUZdAA20', '64mK5Yd0rdGeXVkMFspEyt', '6fqpsCQ7jF7OgQolXgYovX', '7F7qwp7VZRVwZsNoddRRgX']"
Maite Perroni,6ModsWtBph2rE6zCTVxvZt,RBD,7cjh6y0V9SsyCrWSXTzwOs,9,"['0bMVCO35RJiUhAfvFsLjIF', '2RJ1fg4qf2vgZKifTa4HgA', '3eo3Dw5OGSWCzJDVHLKE3v', '3hbTkJ0yFzHbawnKyhvTQj', '56tOMi4N980gmsdUoyaLb3', '5sgvzXoYFCr5F5tUZdAA20', '64mK5Yd0rdGeXVkMFspEyt', '6fqpsCQ7jF7OgQolXgYovX', '7F7qwp7VZRVwZsNoddRRgX']"
Christian Chávez,0aMqt2uGLuHj4eI8oXgVzN,RBD,7cjh6y0V9SsyCrWSXTzwOs,9,"['0bMVCO35RJiUhAfvFsLjIF', '2RJ1fg4qf2vgZKifTa4HgA', '3eo3Dw5OGSWCzJDVHLKE3v', '3hbTkJ0yFzHbawnKyhvTQj', '56tOMi4N980gmsdUoyaLb3', '5sgvzXoYFCr5F5tUZdAA20', '64mK5Yd0rdGeXVkMFspEyt', '6fqpsCQ7jF7OgQolXgYovX', '7F7qwp7VZRVwZsNoddRRgX']"
Christopher von Uckermann,5O8cudluftNZ6PCwRzvYxo,RBD,7cjh6y0V9SsyCrWSXTzwOs,9,"['0bMVCO35RJiUhAfvFsLjIF', '2RJ1fg4qf2vgZKifTa4HgA', '3eo3Dw5OGSWCzJDVHLKE3v', '3hbTkJ0yFzHbawnKyhvTQj', '56tOMi4N980gmsdUoyaLb3', '5sgvzXoYFCr5F5tUZdAA20', '64mK5Yd0rdGeXVkMFspEyt', '6fqpsCQ7jF7OgQolXgYovX', '7F7qwp7VZRVwZsNoddRRgX']"
Alfonso Herrera,0veZkZPeWoJQ9gt6VAXlkN,RBD,7cjh6y0V9SsyCrWSXTzwOs,9,"['0bMVCO35RJiUhAfvFsLjIF', '2RJ1fg4qf2vgZKifTa4HgA', '3eo3Dw5OGSWCzJDVHLKE3v', '3hbTkJ0yFzHbawnKyhvTQj', '56tOMi4N980gmsdUoyaLb3', '5sgvzXoYFCr5F5tUZdAA20', '64mK5Yd0rdGeXVkMFspEyt', '6fqpsCQ7jF7OgQolXgYovX', '7F7qwp7VZRVwZsNoddRRgX']"
Anahí,0TeVa4xdLB8vdzjsvKH6Ri,Dulce María,6kaefrHSdAvxhhCVDFTCEL,9,"['0bMVCO35RJiUhAfvFsLjIF', '2RJ1fg4qf2vgZKifTa4HgA', '3eo3Dw5OGSWCzJDVHLKE3v', '3hbTkJ0yFzHbawnKyhvTQj', '56tOMi4N980gmsdUoyaLb3', '5sgvzXoYFCr5F5tUZdAA20', '64mK5Yd0rdGeXVkMFspEyt', '6fqpsCQ7jF7OgQolXgYovX', '7F7qwp7VZRVwZsNoddRRgX']"
Anahí,0TeVa4xdLB8vdzjsvKH6Ri,Maite Perroni,6ModsWtBph2rE6zCTVxvZt,9,"['0bMVCO35RJiUhAfvFsLjIF', '2RJ1fg4qf2vgZKifTa4HgA', '3eo3Dw5OGSWCzJDVHLKE3v', '3hbTkJ0yFzHbawnKyhvTQj', '56tOMi4N980gmsdUoyaLb3', '5sgvzXoYFCr5F5tUZdAA20', '64mK5Yd0rdGeXVkMFspEyt', '6fqpsCQ7jF7OgQolXgYovX', '7F7qwp7VZRVwZsNoddRRgX']"
Anahí,0TeVa4xdLB8vdzjsvKH6Ri,Christian Chávez,0aMqt2uGLuHj4eI8oXgVzN,9,"['0bMVCO35RJiUhAfvFsLjIF', '2RJ1fg4qf2vgZKifTa4HgA', '3eo3Dw5OGSWCzJDVHLKE3v', '3hbTkJ0yFzHbawnKyhvTQj', '56tOMi4N980gmsdUoyaLb3', '5sgvzXoYFCr5F5tUZdAA20', '64mK5Yd0rdGeXVkMFspEyt', '6fqpsCQ7jF7OgQolXgYovX', '7F7qwp7VZRVwZsNoddRRgX']"
Anahí,0TeVa4xdLB8vdzjsvKH6Ri,Christopher von Uckermann,5O8cudluftNZ6PCwRzvYxo,9,"['0bMVCO35RJiUhAfvFsLjIF', '2RJ1fg4qf2vgZKifTa4HgA', '3eo3Dw5OGSWCzJDVHLKE3v', '3hbTkJ0yFzHbawnKyhvTQj', '56tOMi4N980gmsdUoyaLb3', '5sgvzXoYFCr5F5tUZdAA20', '64mK5Yd0rdGeXVkMFspEyt', '6fqpsCQ7jF7OgQolXgYovX', '7F7qwp7VZRVwZsNoddRRgX']"
Anahí,0TeVa4xdLB8vdzjsvKH6Ri,Alfonso Herrera,0veZkZPeWoJQ9gt6VAXlkN,9,"['0bMVCO35RJiUhAfvFsLjIF', '2RJ1fg4qf2vgZKifTa4HgA', '3eo3Dw5OGSWCzJDVHLKE3v', '3hbTkJ0yFzHbawnKyhvTQj', '56tOMi4N980gmsdUoyaLb3', '5sgvzXoYFCr5F5tUZdAA20', '64mK5Yd0rdGeXVkMFspEyt', '6fqpsCQ7jF7OgQolXgYovX', '7F7qwp7VZRVwZsNoddRRgX']"
Maite Perroni,6ModsWtBph2rE6zCTVxvZt,Dulce María,6kaefrHSdAvxhhCVDFTCEL,9,"['0bMVCO35RJiUhAfvFsLjIF', '2RJ1fg4qf2vgZKifTa4HgA', '3eo3Dw5OGSWCzJDVHLKE3v', '3hbTkJ0yFzHbawnKyhvTQj', '56tOMi4N980gmsdUoyaLb3', '5sgvzXoYFCr5F5tUZdAA20', '64mK5Yd0rdGeXVkMFspEyt', '6fqpsCQ7jF7OgQolXgYovX', '7F7qwp7VZRVwZsNoddRRgX']"
Christian Chávez,0aMqt2uGLuHj4eI8oXgVzN,Dulce María,6kaefrHSdAvxhhCVDFTCEL,9,"['0bMVCO35RJiUhAfvFsLjIF', '2RJ1fg4qf2vgZKifTa4HgA', '3eo3Dw5OGSWCzJDVHLKE3v', '3hbTkJ0yFzHbawnKyhvTQj', '56tOMi4N980gmsdUoyaLb3', '5sgvzXoYFCr5F5tUZdAA20', '64mK5Yd0rdGeXVkMFspEyt', '6fqpsCQ7jF7OgQolXgYovX', '7F7qwp7VZRVwZsNoddRRgX']"
Christopher von Uckermann,5O8cudluftNZ6PCwRzvYxo,Dulce María,6kaefrHSdAvxhhCVDFTCEL,9,"['0bMVCO35RJiUhAfvFsLjIF', '2RJ1fg4qf2vgZKifTa4HgA', '3eo3Dw5OGSWCzJDVHLKE3v', '3hbTkJ0yFzHbawnKyhvTQj', '56tOMi4N980gmsdUoyaLb3', '5sgvzXoYFCr5F5tUZdAA20', '64mK5Yd0rdGeXVkMFspEyt', '6fqpsCQ7jF7OgQolXgYovX', '7F7qwp7VZRVwZsNoddRRgX']"
Alfonso Herrera,0veZkZPeWoJQ9gt6VAXlkN,Dulce María,6kaefrHSdAvxhhCVDFTCEL,9,"['0bMVCO35RJiUhAfvFsLjIF', '2RJ1fg4qf2vgZKifTa4HgA', '3eo3Dw5OGSWCzJDVHLKE3v', '3hbTkJ0yFzHbawnKyhvTQj', '56tOMi4N980gmsdUoyaLb3', '5sgvzXoYFCr5F5tUZdAA20', '64mK5Yd0rdGeXVkMFspEyt', '6fqpsCQ7jF7OgQolXgYovX', '7F7qwp7VZRVwZsNoddRRgX']"
Christian Chávez,0aMqt2uGLuHj4eI8oXgVzN,Maite Perroni,6ModsWtBph2rE6zCTVxvZt,9,"['0bMVCO35RJiUhAfvFsLjIF', '2RJ1fg4qf2vgZKifTa4HgA', '3eo3Dw5OGSWCzJDVHLKE3v', '3hbTkJ0yFzHbawnKyhvTQj', '56tOMi4N980gmsdUoyaLb3', '5sgvzXoYFCr5F5tUZdAA20', '64mK5Yd0rdGeXVkMFspEyt', '6fqpsCQ7jF7OgQolXgYovX', '7F7qwp7VZRVwZsNoddRRgX']"
Christopher von Uckermann,5O8cudluftNZ6PCwRzvYxo,Maite Perroni,6ModsWtBph2rE6zCTVxvZt,9,"['0bMVCO35RJiUhAfvFsLjIF', '2RJ1fg4qf2vgZKifTa4HgA', '3eo3Dw5OGSWCzJDVHLKE3v', '3hbTkJ0yFzHbawnKyhvTQj', '56tOMi4N980gmsdUoyaLb3', '5sgvzXoYFCr5F5tUZdAA20', '64mK5Yd0rdGeXVkMFspEyt', '6fqpsCQ7jF7OgQolXgYovX', '7F7qwp7VZRVwZsNoddRRgX']"
Alfonso Herrera,0veZkZPeWoJQ9gt6VAXlkN,Maite Perroni,6ModsWtBph2rE6zCTVxvZt,9,"['0bMVCO35RJiUhAfvFsLjIF', '2RJ1fg4qf2vgZKifTa4HgA', '3eo3Dw5OGSWCzJDVHLKE3v', '3hbTkJ0yFzHbawnKyhvTQj', '56tOMi4N980gmsdUoyaLb3', '5sgvzXoYFCr5F5tUZdAA20', '64mK5Yd0rdGeXVkMFspEyt', '6fqpsCQ7jF7OgQolXgYovX', '7F7qwp7VZRVwZsNoddRRgX']"
Christian Chávez,0aMqt2uGLuHj4eI8oXgVzN,Christopher von Uckermann,5O8cudluftNZ6PCwRzvYxo,9,"['0bMVCO35RJiUhAfvFsLjIF', '2RJ1fg4qf2vgZKifTa4HgA', '3eo3Dw5OGSWCzJDVHLKE3v', '3hbTkJ0yFzHbawnKyhvTQj', '56tOMi4N980gmsdUoyaLb3', '5sgvzXoYFCr5F5tUZdAA20', '64mK5Yd0rdGeXVkMFspEyt', '6fqpsCQ7jF7OgQolXgYovX', '7F7qwp7VZRVwZsNoddRRgX']"
Christian Chávez,0aMqt2uGLuHj4eI8oXgVzN,Alfonso Herrera,0veZkZPeWoJQ9gt6VAXlkN,9,"['0bMVCO35RJiUhAfvFsLjIF', '2RJ1fg4qf2vgZKifTa4HgA', '3eo3Dw5OGSWCzJDVHLKE3v', '3hbTkJ0yFzHbawnKyhvTQj', '56tOMi4N980gmsdUoyaLb3', '5sgvzXoYFCr5F5tUZdAA20', '64mK5Yd0rdGeXVkMFspEyt', '6fqpsCQ7jF7OgQolXgYovX', '7F7qwp7VZRVwZsNoddRRgX']"
Alfonso Herrera,0veZkZPeWoJQ9gt6VAXlkN,Christopher von Uckermann,5O8cudluftNZ6PCwRzvYxo,9,"['0bMVCO35RJiUhAfvFsLjIF', '2RJ1fg4qf2vgZKifTa4HgA', '3eo3Dw5OGSWCzJDVHLKE3v', '3hbTkJ0yFzHbawnKyhvTQj', '56tOMi4N980gmsdUoyaLb3', '5sgvzXoYFCr5F5tUZdAA20', '64mK5Yd0rdGeXVkMFspEyt', '6fqpsCQ7jF7OgQolXgYovX', '7F7qwp7VZRVwZsNoddRRgX']"
Ava Max,4npEfmQ6YuiwW1GpUmaq3F,Alan Walker,7vk5e3vY1uw9plTHJAMwjN,1,['0bMbDctzMmTyK2j74j3nF3']
Gunna,2hlmm7s2ICUX0LVIhVFlZQ,NAV,7rkW85dBwwrJtlHRDkJDAC,6,"['0bMyxvtbPa7HFemLjzw0xX', '0lSZh5W0wDeurkGzLYY6hf', '6NzuJWrNriXAbSmscAuSIq', '6PoKfDY78ih5OveWirggRX', '7IMwEtpAiJanqF6vQteZN2', '7hxHWCCAIIxFLCzvDgnQHX']"
Travis Scott,0Y5tJX1MQlPlqiwlOH1tJY,Young Thug,50co4Is1HCEo8bhOyUWKpn,15,"['0bkV1iQHSxBaksUqgEkcbc', '0r75DNlHu4recmKUdZeMfG', '0uFz9q2SvuKyWB6Ur1YCfI', '20dP2DaMHIAmwWAbp7peSr', '27P4XoNXXEV4lTc3sB61RK', '3RZftiuTcLOqpsd8ZlwNhr', '3s4mrPrEFFPF0LmAfutW0n', '4KDNRh9Oor80z3XIxdWlui', '4Zsi5pyvmZBxvRg0KeDFMC', '4ea9w8c4ROqiZpJVhfBA3m', '4jVBIpuOiMj1crqd8LoCrJ', '5wG3HvLhF6Y5KTGlK0IW3J', '6ZelF5APDN5r6XnFqcnvWR', '6gi6y1xwmVszDWkUqab1qw', '7uZqvqXzzYMKrexKxdcGmd']"
Tiago PZK,5Y3MV9DZ0d87NnVm56qSY1,Anitta,7FNnA9vBm6EKceENgCGRMb,1,['0c82YIGpQ5dCaXpTNCk4sb']
Emilia,0AqlFI0tz2DsEoJlKSIiT9,Tiago PZK,5Y3MV9DZ0d87NnVm56qSY1,3,"['0c82YIGpQ5dCaXpTNCk4sb', '1Hs1uUl8o2VtDp1DABFq0O', '1kqH58eGh2ZTOHwqBIB2tM']"
Emilia,0AqlFI0tz2DsEoJlKSIiT9,Anitta,7FNnA9vBm6EKceENgCGRMb,1,['0c82YIGpQ5dCaXpTNCk4sb']
A$AP Rocky,13ubrt8QOOCPljQ2FL1Kca,Future,1RyvyyTE3xzB2ZywiAwp0i,1,['0cGn4vxyoBftN61XUv2aQk']
Metro Boomin,0iEtIxbK0KxaSlF7G42ZOp,A$AP Rocky,13ubrt8QOOCPljQ2FL1Kca,3,"['0cGn4vxyoBftN61XUv2aQk', '3SsJ17EnPIu1B4GZshqjIS', '6Ec5LeRzkisa5KJtwLfOoW']"
V,3JsHnjpbhX4SnySpvpa9DK,UMI,4ClziihVpBeFXNyDH83Lde,1,['0cGpKQ8RxxLOFqhktEURIj']
Maria Becerra,1DxLCyH42yaHKGK3cl5bvG,TINI,7vXDAI8JwjW531ouMGbfcp,1,['0cOa970mzTWAxKtltpkpLc']
J Balvin,1vyhD5VmyZ7KMfW5gqLgo5,Jowell & Randy,4IMAo2UQchVFyPH24PAjUs,2,"['0cRgJuB6TRtb5RZ2HkjSLh', '693iqPOQvhI7PobtR8CC8v']"
Feid,2LRoIwlKmHjgvigdNGBHNo,Morat,5C4PDR4LnhZTbVnKWXuDKD,1,['0cubEBmB9wjsdBwXNFmzFy']
Capital Bra,4WZGDpNwrC0vNQyl9QzF7d,Ufo361,5pVRwX5ZQR7hfJ18w8ZYkl,1,['0d0d2CuQSQDF7Q7vNhwA3i']
21 Savage,1URnnhqYAYcrqrcwql10ft,Cardi B,4kYSro6naA4h99UJvo89HB,2,"['0dIoGTQXDh1wVnhIiSyYEa', '1Hd2XLitkt1PYCWSbfF5qV']"
A Boogie Wit da Hoodie,31W5EY0aAly4Qieq6OFu6I,DaBaby,4r63FhuTkUYltbVAg5TQnk,2,"['0dIz1I7IwX5ardG47AHxCZ', '5rFGVn8fCFjnRwCebW0XbS']"
Nicki Minaj,0hCNtLu0JehylgoiP8L4Gh,KAROL G,790FomKkXshlbRYZFtlgla,1,['0dKg2vGC1hFqcK5LGTaKzX']
Quavo,0VRj0yCOv2FXJNP47XQnx5,Sfera Ebbasta,23TFHmajVfBtlRx5MXqgoz,1,['0dLToDou8YHYJpQltj3Ijy']
Famous Dex,0WOxhx4hikIsyF3CRPLC8W,A$AP Rocky,13ubrt8QOOCPljQ2FL1Kca,1,['0dSIrRkA4PadGll16TgbnV']
Shaggy,5EvFsr3kj42KNv97ZEnqij,Conkarah,7vPGzgDg3qGUY5bWtrO3K4,1,['0dZpw3h6KZhcHec61qwevZ']
DJ Fle,2fZcYu4ltOFdwsnDmLQ9jl,Conkarah,7vPGzgDg3qGUY5bWtrO3K4,1,['0dZpw3h6KZhcHec61qwevZ']
DJ Fle,2fZcYu4ltOFdwsnDmLQ9jl,Shaggy,5EvFsr3kj42KNv97ZEnqij,1,['0dZpw3h6KZhcHec61qwevZ']
Kendrick Lamar,2YZyLoL8N0Wb9xBt1NhZWg,Lil Wayne,55Aa2cqylxrFIXC767Z865,1,['0dbTQYW3Ad1FTzIA9t90E8']
Jhené Aiko,5ZS223C6JyBfXasXxrRqOk,The Chainsmokers,69GGBxA162lTqCwzJG5jLp,1,['0dj1CtyRxZ4bnIT4Q20jNT']
David Guetta,1Cs0zKBU1kc0i8ypK3B9ai,Zara Larsson,1Xylc3o4UrD53lo9CvFvVg,1,['0dxp7DyPJEo6JhtnjUtBnN']
Jairo Vera,5CAruGjgds3QlF5ICtEnnc,Gino Mella,7HYJrA3HSTNDmkl5pylhaY,1,['0e09Q1sQWzAsP2Yo62la9F']
Yandel,0eHQ9o50hj6ZDNBt6Ys1sD,Gino Mella,7HYJrA3HSTNDmkl5pylhaY,1,['0e09Q1sQWzAsP2Yo62la9F']
Lenny Tavárez,1pQWsZQehhS4wavwh7Fnxd,Gino Mella,7HYJrA3HSTNDmkl5pylhaY,1,['0e09Q1sQWzAsP2Yo62la9F']
Best,4Ng3fh1nc5L04iXPL8vqc7,Gino Mella,7HYJrA3HSTNDmkl5pylhaY,1,['0e09Q1sQWzAsP2Yo62la9F']
Yandel,0eHQ9o50hj6ZDNBt6Ys1sD,Jairo Vera,5CAruGjgds3QlF5ICtEnnc,1,['0e09Q1sQWzAsP2Yo62la9F']
Lenny Tavárez,1pQWsZQehhS4wavwh7Fnxd,Jairo Vera,5CAruGjgds3QlF5ICtEnnc,1,['0e09Q1sQWzAsP2Yo62la9F']
Best,4Ng3fh1nc5L04iXPL8vqc7,Jairo Vera,5CAruGjgds3QlF5ICtEnnc,1,['0e09Q1sQWzAsP2Yo62la9F']
Yandel,0eHQ9o50hj6ZDNBt6Ys1sD,Lenny Tavárez,1pQWsZQehhS4wavwh7Fnxd,1,['0e09Q1sQWzAsP2Yo62la9F']
Yandel,0eHQ9o50hj6ZDNBt6Ys1sD,Best,4Ng3fh1nc5L04iXPL8vqc7,1,['0e09Q1sQWzAsP2Yo62la9F']
Lenny Tavárez,1pQWsZQehhS4wavwh7Fnxd,Best,4Ng3fh1nc5L04iXPL8vqc7,1,['0e09Q1sQWzAsP2Yo62la9F']
DJ Ivis,0RPzmE1iY76tx1eBBXFyYn,Tarcísio do Acordeon,48HORs6F9P7IgdyKrk4MZC,1,['0e6NlGJxYlHvAN8SKxad7N']
21 Savage,1URnnhqYAYcrqrcwql10ft,Post Malone,246dkjvS1zLTtiykXe5h60,1,['0e7ipj03S05BNilyu5bRzt']
Rich The Kid,1pPmIToKXyGdsCF6LmqLmI,Kendrick Lamar,2YZyLoL8N0Wb9xBt1NhZWg,1,['0eHCArTPhwUxatY7cEXRiK']
Justin Quiles,14zUHaJZo1mnYtn6IBRaRP,Daddy Yankee,4VMYDCV2IEDYJArk749S6m,1,['0eeKDrQxjqNl5bX5VCHDcn']
Justin Quiles,14zUHaJZo1mnYtn6IBRaRP,El Alfa,2oQX8QiMXOyuqbcZEFsZfm,1,['0eeKDrQxjqNl5bX5VCHDcn']
El Alfa,2oQX8QiMXOyuqbcZEFsZfm,Daddy Yankee,4VMYDCV2IEDYJArk749S6m,2,"['0eeKDrQxjqNl5bX5VCHDcn', '4OAPnWJ3J5w4c4IBLh2chn']"
Lil Wayne,55Aa2cqylxrFIXC767Z865,Polo G,6AgTAQt8XS6jRWi4sX7w49,1,['0ezwvY7TkCwDEkKR49084k']
Joji,3MZsBdqDrRTJihTHQrO6Dq,Lil Yachty,6icQOAFXDZKsumw3YXyusw,1,['0f1G5SHFoFC9lO03gHCGVS']
Young Thug,50co4Is1HCEo8bhOyUWKpn,Polo G,6AgTAQt8XS6jRWi4sX7w49,1,['0f6U1lMWlbjnyYBctfjji1']
MC Kevin o Chris,2UMj7NCbuqy1yUZmiSYGjJ,DENNIS,6xlRSRMLgZbsSNd0BMobwy,2,"['0fABszUFNbNq9IW503Gj8v', '7rLegaz7zKB6EtDNzcslKE']"
Blessd,1TA5sGRlKUJXBN4ZyJuDIX,Anuel AA,2R21vXR83lH98kGeO99Y66,1,['0fKK51bU6lcCCwdNnv64t3']
Blessd,1TA5sGRlKUJXBN4ZyJuDIX,Ovy On The Drums,3m5qlPf2OkihLz3dRYnkPA,4,"['0fKK51bU6lcCCwdNnv64t3', '13BDiikG6y5o5cQTK0HpW6', '2btNsI4OvcVl7SAHQQDHFB', '3mg9jYNC1NihbthlglzrWP']"
Anuel AA,2R21vXR83lH98kGeO99Y66,Ovy On The Drums,3m5qlPf2OkihLz3dRYnkPA,1,['0fKK51bU6lcCCwdNnv64t3']
Sean Paul,3Isy6kedDrgPYoTS1dazA9,Sia,5WUlDfRSoLAfcVSX1WnrxN,1,['0fQfJFfngYfG26560HLMLN']
Big Sean,0c173mlxpT3dSFRgMO8XPh,Metro Boomin,0iEtIxbK0KxaSlF7G42ZOp,4,"['0fWBFDRTIuk8ZgNdZqhCer', '3wAI7MIQtTgwcRmwchPZBc', '42XnD59SFcomCJu55EPhqJ', '7DuvVy7JfFgXwWlVzyyPys']"
Big Sean,0c173mlxpT3dSFRgMO8XPh,Kash Doll,3u579Gdap91lMptBSdXTpf,1,['0fWBFDRTIuk8ZgNdZqhCer']
Metro Boomin,0iEtIxbK0KxaSlF7G42ZOp,Kash Doll,3u579Gdap91lMptBSdXTpf,1,['0fWBFDRTIuk8ZgNdZqhCer']
Post Malone,246dkjvS1zLTtiykXe5h60,Roddy Ricch,757aE44tKEUQEqRuT6GnEB,2,"['0fcq51a3gOI6gPvzc0YLsk', '32vE1nuG8T9c8bhmZdRY6d']"
Post Malone,246dkjvS1zLTtiykXe5h60,Tyga,5LHRHt1k9lMyONurDHEdrp,1,['0fcq51a3gOI6gPvzc0YLsk']
Tyga,5LHRHt1k9lMyONurDHEdrp,Roddy Ricch,757aE44tKEUQEqRuT6GnEB,1,['0fcq51a3gOI6gPvzc0YLsk']
Rels B,2IMZYfNi21MGqxopj9fWx8,Quevedo,52iwsT98xCoGgiGntTiR7K,1,['0ffPRT5WW86ecgGWGf5CyY']
PARTYNEXTDOOR,2HPaUgqeutzr3jx5a9WyDV,Major Lazer,738wLrAtLtCtFOLvQBXOXp,1,['0fg8CqpjdojMyXLNzM2PaJ']
Nicki Minaj,0hCNtLu0JehylgoiP8L4Gh,Major Lazer,738wLrAtLtCtFOLvQBXOXp,2,"['0fg8CqpjdojMyXLNzM2PaJ', '2tjbSkPKKH1GFUhSr96tq0']"
Nicki Minaj,0hCNtLu0JehylgoiP8L4Gh,PARTYNEXTDOOR,2HPaUgqeutzr3jx5a9WyDV,1,['0fg8CqpjdojMyXLNzM2PaJ']
Kendo Kaponi,1WMwuNKzEFtU6pPkdtryYS,Bad Bunny,4q3ewBCX7sLwd24euuV69X,1,['0fgsKar6uBO08vzHXkTjWi']
Arcángel,4SsVbpTthjScTS7U2hmr1X,Bad Bunny,4q3ewBCX7sLwd24euuV69X,4,"['0fgsKar6uBO08vzHXkTjWi', '1C7lXfx4Y5maVl4AgUVlHA', '2mnXxnrX5vCGolNkaFvVeM', '4z6wo6PJG4Fve45OXK6D9m']"
Kendo Kaponi,1WMwuNKzEFtU6pPkdtryYS,Arcángel,4SsVbpTthjScTS7U2hmr1X,1,['0fgsKar6uBO08vzHXkTjWi']
Mora,0Q8NcsJwoCbZOHHW63su5S,De La Ghetto,3EiLUeyEcA6fbRPSHkG5kb,1,['0fuyLaeHh0TvQ65m5ojgP2']
21 Savage,1URnnhqYAYcrqrcwql10ft,Lil Durk,3hcs9uc56yIGFCSy9leWe7,4,"['0fyP96TikhD9sM4eKqw5Yp', '1oSh0SKc4MwmXSGiTtqSXp', '4muwDurKeVOB1WBjTVRWlD', '4yNoUQkYf1QF8iYlEzNynH']"
Metro Boomin,0iEtIxbK0KxaSlF7G42ZOp,Lil Durk,3hcs9uc56yIGFCSy9leWe7,1,['0fyP96TikhD9sM4eKqw5Yp']
Ashnikko,3PyJHH2wyfQK3WZrk9rpmP,Arcane,57nPqD7z62gDdq37US9XJR,1,['0g0qfC3nAaIsfbxS29ksJx']
Ashnikko,3PyJHH2wyfQK3WZrk9rpmP,League of Legends,47mIJdHORyRerp4os813jD,1,['0g0qfC3nAaIsfbxS29ksJx']
League of Legends,47mIJdHORyRerp4os813jD,Arcane,57nPqD7z62gDdq37US9XJR,10,"['0g0qfC3nAaIsfbxS29ksJx', '2MAk9ErHJIxgBZRXocHhly', '2aF78CWbNOyppg49sCZ4Cm', '37ozVDmL5b6NNVWFYgAlkz', '3CIyK1V4JEJkg02E4EJnDl', '3NqW1FtYalkdAr7gz7Btwh', '3qrTll9OQ9wcejTxPFY0qg', '5Qq9uvUXZU5zNDh0MlkBu8', '5UlnuulVAVmmesw4VzqHdG', '6BPcUXYERAahpunmb0AovH']"
Tierra Whack,4lPl9gqgox3JDiaJ1yklKh,Lil Yachty,6icQOAFXDZKsumw3YXyusw,1,['0gO3E51A3fqp0ypJ26QbVP']
A$AP Rocky,13ubrt8QOOCPljQ2FL1Kca,Lil Yachty,6icQOAFXDZKsumw3YXyusw,1,['0gO3E51A3fqp0ypJ26QbVP']
Tyler The Creator,4V8LLVI7PbaPR0K2TGSxFF,Lil Yachty,6icQOAFXDZKsumw3YXyusw,1,['0gO3E51A3fqp0ypJ26QbVP']
A$AP Rocky,13ubrt8QOOCPljQ2FL1Kca,Tierra Whack,4lPl9gqgox3JDiaJ1yklKh,1,['0gO3E51A3fqp0ypJ26QbVP']
Tyler The Creator,4V8LLVI7PbaPR0K2TGSxFF,Tierra Whack,4lPl9gqgox3JDiaJ1yklKh,1,['0gO3E51A3fqp0ypJ26QbVP']
A$AP Rocky,13ubrt8QOOCPljQ2FL1Kca,Tyler The Creator,4V8LLVI7PbaPR0K2TGSxFF,4,"['0gO3E51A3fqp0ypJ26QbVP', '21yRtB6B8EMounImAfHRCP', '3u9PAti8muEXXvEjeFpQK0', '5x8NgG7Ya18m9wafOvvWYk']"
Ski Mask The Slump God,2rhFzFmezpnW82MNqEKVry,Trippie Redd,6Xgp2XMz1fhVYe7i6yNAax,1,['0gcbrwbpdxGHE9nW0TCoKP']
Jelly Roll,19k8AgwwTSxeaxkOuCQEJs,Post Malone,246dkjvS1zLTtiykXe5h60,1,['0gucUyFMFRMlUiVn9US4YX']
Gucci Mane,13y7CgLHjMVRMDqxdx0Xdo,Lil Skies,7d3WFRME3vBY2cgoP38RDo,1,['0hCHNYL8ApQCGNwJrYN1FY']
Tainy,0GM7qgcRCORpGnfcN2tCiB,Daddy Yankee,4VMYDCV2IEDYJArk749S6m,1,['0hDE81j4N2DPLbEY4tiCDs']
Tainy,0GM7qgcRCORpGnfcN2tCiB,Feid,2LRoIwlKmHjgvigdNGBHNo,1,['0hDE81j4N2DPLbEY4tiCDs']
Tainy,0GM7qgcRCORpGnfcN2tCiB,Sech,77ziqFxp5gaInVrF2lj4ht,1,['0hDE81j4N2DPLbEY4tiCDs']
Feid,2LRoIwlKmHjgvigdNGBHNo,Daddy Yankee,4VMYDCV2IEDYJArk749S6m,2,"['0hDE81j4N2DPLbEY4tiCDs', '28BSTgZH1ckI8Xfy8LXaRz']"
Daddy Yankee,4VMYDCV2IEDYJArk749S6m,Sech,77ziqFxp5gaInVrF2lj4ht,6,"['0hDE81j4N2DPLbEY4tiCDs', '113PlnpZbHd3WIqeYjhZWv', '1mG8VynhqySA52bALfYrvO', '272vIYVYzfAgHUQRUYWmhP', '35UUpTmrcFXNIVIN26ujXl', '5kbps8unnGH4raN5WduZuq']"
Justin Bieber,1uNFoZAHBGtllmzznpCI3s,Ed Sheeran,6eUKZXaKkcviH0Ku9w2n3V,1,['0hVXuCcriWRGvwMV1r5Yn9']
Taylor Swift,06HL4z0CvFAxyc27GXpf02,Gracie Abrams,4tuJ0bMpJh08umKkEXKUI5,1,['0hhzNPE68LWLfgZwdpxVdR']
Elton John,3PhoLpVuITZKcymswpck5b,Ed Sheeran,6eUKZXaKkcviH0Ku9w2n3V,1,['0hz5PNF2wejwUKCMpesQWt']
Mc Vitin Da Igrejinha,6junQmlAntqTBJPTYCq25a,MC Tairon,7ujbuq6hAjLSf7cGr6au0b,1,['0i4UV3HjjvsUuV3BajEXoD']
Dj Win,04NtfTeul9H9B41tPvF3MG,MC Tairon,7ujbuq6hAjLSf7cGr6au0b,1,['0i4UV3HjjvsUuV3BajEXoD']
life song,7kqNP68mp3gmojwNasfhiq,MC Tairon,7ujbuq6hAjLSf7cGr6au0b,1,['0i4UV3HjjvsUuV3BajEXoD']
Dj Win,04NtfTeul9H9B41tPvF3MG,Mc Vitin Da Igrejinha,6junQmlAntqTBJPTYCq25a,1,['0i4UV3HjjvsUuV3BajEXoD']
Mc Vitin Da Igrejinha,6junQmlAntqTBJPTYCq25a,life song,7kqNP68mp3gmojwNasfhiq,1,['0i4UV3HjjvsUuV3BajEXoD']
Dj Win,04NtfTeul9H9B41tPvF3MG,life song,7kqNP68mp3gmojwNasfhiq,1,['0i4UV3HjjvsUuV3BajEXoD']
Smokepurpp,21dooacK2WGBB5amYvKyfM,Lil Pump,3wyVrVrFCkukjdVIdirGVY,2,"['0ibOcbkp2XG46Do8jcy0bL', '4at9j7aC7FvDlsllpOvsAC']"
Bozza,4WoSAKuoaPxrbwp3Y1PvKb,Samra,6h1s4i4XKIYv4ErDelLDN0,1,['0iqichhGnbEy9w6p4sytpW']
Yandel,0eHQ9o50hj6ZDNBt6Ys1sD,Rauw Alejandro,1mcTU81TzQhprhouKaTkpq,1,['0j1VxrPkMyFGvz0jZzxUoZ']
A Boogie Wit da Hoodie,31W5EY0aAly4Qieq6OFu6I,Offset,4DdkRBBYG6Yk9Ka8tdJ9BW,1,['0jAfdqv18goRTUxm3ilRjb']
Offset,4DdkRBBYG6Yk9Ka8tdJ9BW,Tyga,5LHRHt1k9lMyONurDHEdrp,2,"['0jAfdqv18goRTUxm3ilRjb', '2toVe5hfuIi97ytDPDbQFt']"
Bakar,3K2Srho6NCF3o9MswGR76H,Summer Walker,57LYzLEk2LcFghVwuWbcuS,1,['0jcw8cJf3TNMZN0BXlueML']
Tiger JK,11S00dFcvNvJahis8MTGMD,Stray Kids,2dIgFjalVxs4ThymZ67YCE,1,['0jvZ9caE53ubCQXMki6W23']
DJ Snake,540vIaP2JwjQb9dm3aArA4,Jung Kook,6HaGTQPmzraVmaVxvz6EUc,1,['0k0GtcnyQLMiXrdEDbLXmJ']
Future,1RyvyyTE3xzB2ZywiAwp0i,Drake,3TVXtAsR1Inumwj472S9r4,11,"['0k1WUmIRnG3xU6fvvDVfRG', '1K5KBOgreBi5fkEHvg5ap3', '27GmP9AWRs744SzKcpJsTZ', '34D6FJysnQioVingDKufuf', '4Qd0pa3JO76UEwhos9JmN0', '4iiWcajF1fEUpwcUewc464', '59nOXPmaKlBfGMDeOVGrIK', '5fHrHoJKfCgBd35zwIBmUK', '6wyhUr4Xw8z5uSy0AhoZfU', '78sr3ogs4UzITcCNbXM9cM', '7eYAHC0RbBF9eaqWzT34Aq']"
Maxwell,0b62itBWBdLgiecXjXCqKC,LX,10XY9PZCJKzUFzZOdtlQLU,2,"['0kLA41xkWzzYzMIEGFuDkP', '4xN9cgMVhYyhnugUFZdhcZ']"
LX,10XY9PZCJKzUFzZOdtlQLU,Bonez MC,1aS5tqEs9ci5P9KD9tZWa6,4,"['0kLA41xkWzzYzMIEGFuDkP', '2i4iMzEPsJQoKQC89xKDC4', '3aDYo34VzVf2i8aJyJk0ca', '4xN9cgMVhYyhnugUFZdhcZ']"
LX,10XY9PZCJKzUFzZOdtlQLU,Gzuz,5eioJDe26lOqkAMbuhzZYs,2,"['0kLA41xkWzzYzMIEGFuDkP', '3aDYo34VzVf2i8aJyJk0ca']"
LX,10XY9PZCJKzUFzZOdtlQLU,Sa4,5qZLYtTL3ldN6Uw7OXHESR,2,"['0kLA41xkWzzYzMIEGFuDkP', '4xN9cgMVhYyhnugUFZdhcZ']"
Maxwell,0b62itBWBdLgiecXjXCqKC,Sa4,5qZLYtTL3ldN6Uw7OXHESR,2,"['0kLA41xkWzzYzMIEGFuDkP', '4xN9cgMVhYyhnugUFZdhcZ']"
Bonez MC,1aS5tqEs9ci5P9KD9tZWa6,Sa4,5qZLYtTL3ldN6Uw7OXHESR,3,"['0kLA41xkWzzYzMIEGFuDkP', '4xN9cgMVhYyhnugUFZdhcZ', '6qNLO4HzHeVvHxTaCFMXrf']"
Gzuz,5eioJDe26lOqkAMbuhzZYs,Sa4,5qZLYtTL3ldN6Uw7OXHESR,2,"['0kLA41xkWzzYzMIEGFuDkP', '6qNLO4HzHeVvHxTaCFMXrf']"
Pop Smoke,0eDvMgVFoNV3TpwtrVCoTj,Lil Tjay,6jGMq4yGs7aQzuGsMgVgZR,3,"['0kNYrbMehFxp1eleTwUjkP', '3Ddny34bFoYBb8dIGq5lwp', '5rZlwNFl01HqLWBQGryKSm']"
Pop Smoke,0eDvMgVFoNV3TpwtrVCoTj,Swae Lee,1zNqQNIdeOUZHb8zbZRFMX,2,"['0kNYrbMehFxp1eleTwUjkP', '3eV2WT9YhfzkxbufnBF8wK']"
Swae Lee,1zNqQNIdeOUZHb8zbZRFMX,Lil Tjay,6jGMq4yGs7aQzuGsMgVgZR,1,['0kNYrbMehFxp1eleTwUjkP']
Pablito Pesadilla,41vcoPejPG3vv8emJ2R5Ox,Polimá Westcoast,768O5GliF0bqscyghggrbE,1,['0kTMK4gNFfLXaTb62w1UaJ']
Pablito Pesadilla,41vcoPejPG3vv8emJ2R5Ox,Nickoog Clk,6rHwFb0YjWexAYxTjm4eIj,1,['0kTMK4gNFfLXaTb62w1UaJ']
Pablito Pesadilla,41vcoPejPG3vv8emJ2R5Ox,Fran C,5NenY2Jl9wwLRxf86go4Y8,1,['0kTMK4gNFfLXaTb62w1UaJ']
Nickoog Clk,6rHwFb0YjWexAYxTjm4eIj,Polimá Westcoast,768O5GliF0bqscyghggrbE,1,['0kTMK4gNFfLXaTb62w1UaJ']
Fran C,5NenY2Jl9wwLRxf86go4Y8,Polimá Westcoast,768O5GliF0bqscyghggrbE,1,['0kTMK4gNFfLXaTb62w1UaJ']
Fran C,5NenY2Jl9wwLRxf86go4Y8,Nickoog Clk,6rHwFb0YjWexAYxTjm4eIj,1,['0kTMK4gNFfLXaTb62w1UaJ']
Michael Bublé,1GxkXlMwML1oSg5eLPiAz3,Thalia,23wEWD21D4TPYiJugoXmYb,1,['0kmrXYtFI8cgxsShrJpThx']
Lil Duke,06Qf6vq8AVIpE9XIw8LAsY,Young Stoner Life,1xr2G8Hlx4QWmT9HaUbmoO,1,['0ky8syPEVEfD7qCxMTW49X']
Yak Gotti,0dvFTsuG02c4cRbcSQ8zE6,Young Stoner Life,1xr2G8Hlx4QWmT9HaUbmoO,1,['0ky8syPEVEfD7qCxMTW49X']
Lil Duke,06Qf6vq8AVIpE9XIw8LAsY,Young Thug,50co4Is1HCEo8bhOyUWKpn,1,['0ky8syPEVEfD7qCxMTW49X']
Yak Gotti,0dvFTsuG02c4cRbcSQ8zE6,Young Thug,50co4Is1HCEo8bhOyUWKpn,2,"['0ky8syPEVEfD7qCxMTW49X', '0r75DNlHu4recmKUdZeMfG']"
Lil Duke,06Qf6vq8AVIpE9XIw8LAsY,Gunna,2hlmm7s2ICUX0LVIhVFlZQ,1,['0ky8syPEVEfD7qCxMTW49X']
Yak Gotti,0dvFTsuG02c4cRbcSQ8zE6,Gunna,2hlmm7s2ICUX0LVIhVFlZQ,1,['0ky8syPEVEfD7qCxMTW49X']
Lil Duke,06Qf6vq8AVIpE9XIw8LAsY,Yak Gotti,0dvFTsuG02c4cRbcSQ8zE6,1,['0ky8syPEVEfD7qCxMTW49X']
Grupo Marca Registrada,1gW6pz5n1aK249L0GvfQCC,Grupo Frontera,6XkjpgcEsYab502Vr1bBeW,2,"['0kzN7YAMSbmlHOvxlbQW9y', '0pliiCOWPN0IId8sXAqNJr']"
Rauw Alejandro,1mcTU81TzQhprhouKaTkpq,Bad Bunny,4q3ewBCX7sLwd24euuV69X,2,"['0l0vcZMU7AOeQmUIREoI2U', '4tYFy8ALRjIZvnvSLw5lxN']"
Rvssian,1fctva4kpRbg2k3v7kwRuS,Sfera Ebbasta,23TFHmajVfBtlRx5MXqgoz,1,['0l8vhDaEztxLCQsFOAX64d']
Gunna,2hlmm7s2ICUX0LVIhVFlZQ,Drake,3TVXtAsR1Inumwj472S9r4,3,"['0lEjxUUlKqjqXrVlIHFduD', '6rTInqW3YECMkQsBEHw4sd', '6wWaVoUOzLQJHd3bWAUpdZ']"
Sorana,1PnnRNGfichOAfPOn5mVyx,Alan Walker,7vk5e3vY1uw9plTHJAMwjN,1,['0lG6QM1jjbbX5UUn3DPmrZ']
Daddy Yankee,4VMYDCV2IEDYJArk749S6m,Bad Bunny,4q3ewBCX7sLwd24euuV69X,5,"['0lJCqIx5BhZtf6QtYI2fbv', '48AJSd42lXpicsGqcgopof', '4t9a07PAghtQMRAIP9FQ7Z', '69vlMrzHwATKzupwNcUPyK', '6U2NuJILEOEpW2tVCuqKHb']"
L-Gante,4YYxffPVDFe9XoqqbRW6Bq,TINI,7vXDAI8JwjW531ouMGbfcp,1,['0lJE8f0lx8mUSfMyxeYpiC']
Future,1RyvyyTE3xzB2ZywiAwp0i,Calvin Harris,7CajNmpbOovFoOoasH2HaY,1,['0lMbuWUpfTWhEmOKxppEau']
Khalid,6LuN9FCkKOj5PcnpouEgny,Calvin Harris,7CajNmpbOovFoOoasH2HaY,1,['0lMbuWUpfTWhEmOKxppEau']
Future,1RyvyyTE3xzB2ZywiAwp0i,Khalid,6LuN9FCkKOj5PcnpouEgny,1,['0lMbuWUpfTWhEmOKxppEau']
Future,1RyvyyTE3xzB2ZywiAwp0i,Funk Wav,4A0TivfinfALCAMJqqjZIk,1,['0lMbuWUpfTWhEmOKxppEau']
Funk Wav,4A0TivfinfALCAMJqqjZIk,Khalid,6LuN9FCkKOj5PcnpouEgny,1,['0lMbuWUpfTWhEmOKxppEau']
Future,1RyvyyTE3xzB2ZywiAwp0i,The Weeknd,1Xyo4u8uXC1ZmMpatF05PJ,6,"['0lOQaZwX9AkAiSvObh4G70', '3OxL6MuctgZp1e0zxoAZhH', '3mRcWCyteY2133a7xVMrYw', '4VMRsbfZzd3SfQtaJ1Wpwi', '7EiZI6JVHllARrX9PUvAdX', '7sVbKoBdhXtYCEOO6qC1SN']"
Metro Boomin,0iEtIxbK0KxaSlF7G42ZOp,The Weeknd,1Xyo4u8uXC1ZmMpatF05PJ,4,"['0lOQaZwX9AkAiSvObh4G70', '2dHHgzDwk4BJdRwy9uXhTO', '3OxL6MuctgZp1e0zxoAZhH', '7sVbKoBdhXtYCEOO6qC1SN']"
Future,1RyvyyTE3xzB2ZywiAwp0i,Sfera Ebbasta,23TFHmajVfBtlRx5MXqgoz,1,['0lSVjlxmAMSJGFSjVB1FtU']
Travis Scott,0Y5tJX1MQlPlqiwlOH1tJY,NAV,7rkW85dBwwrJtlHRDkJDAC,4,"['0lSZh5W0wDeurkGzLYY6hf', '3GdWfmQBiiJrDUvSZS1bGv', '6nO3tr47nr2P7f3hXb8JIo', '7IMwEtpAiJanqF6vQteZN2']"
Travis Scott,0Y5tJX1MQlPlqiwlOH1tJY,Gunna,2hlmm7s2ICUX0LVIhVFlZQ,5,"['0lSZh5W0wDeurkGzLYY6hf', '4YhJ3a6kBPGJWX4Ek77sDd', '4ea9w8c4ROqiZpJVhfBA3m', '7IMwEtpAiJanqF6vQteZN2', '7uZqvqXzzYMKrexKxdcGmd']"
Justin Bieber,1uNFoZAHBGtllmzznpCI3s,DJ Snake,540vIaP2JwjQb9dm3aArA4,1,['0lYBSQXN6rCTvUZvg9S0lU']
Peso Pluma,12GqGscKJx3aE4t07u7eVZ,Blessd,1TA5sGRlKUJXBN4ZyJuDIX,2,"['0lc2neV7ZzjZExwCIVG2B3', '7Lkxvfl2rkNYWS4kBDCQtN']"
Natanael Cano,0elWFr7TW8piilVRYJUe4P,Luis R Conriquez,0pePYDrJGk8gqMRbXrLJC8,2,"['0lfnjkAemrVz8J9l7khK2t', '4OLT65TRsOx3Iv1TlCcQVb']"
Dante Klein,1b4DN8Vj0dnj5cceMFsRYN,Cheat Codes,7DMveApC7UnC2NPfPvlHSU,1,['0lmdsH1MIoLsMymnNpd6HU']
Travis Scott,0Y5tJX1MQlPlqiwlOH1tJY,Rob49,1jBoSSrbz9n4ehQWA4cZgB,1,['0lodMO0qK83vfPiiD7FMEt']
Travis Scott,0Y5tJX1MQlPlqiwlOH1tJY,21 Savage,1URnnhqYAYcrqrcwql10ft,9,"['0lodMO0qK83vfPiiD7FMEt', '0r75DNlHu4recmKUdZeMfG', '1HLL8X0LH20F6Z9SLXLIjr', '2KLwPaRDOB87XOYAT2fgxh', '2yUzr8Sr6ldG8vmHhZwTnz', '4WuOWVnAqvEQxgSRrspBgt', '5u6vkDnOyaf8LsteDAj2ub', '76gcXhY3Zv6wW0BTe9nHJo', '7pMRoGLEJuFM2wl5pt0R99']"
21 Savage,1URnnhqYAYcrqrcwql10ft,Rob49,1jBoSSrbz9n4ehQWA4cZgB,1,['0lodMO0qK83vfPiiD7FMEt']
Lazza,0jdNdfi4vAuVi7a6cPDFBM,Sfera Ebbasta,23TFHmajVfBtlRx5MXqgoz,5,"['0lqGKcPzUX4RO4PYysoLes', '3gUzi41YOt3VExeyHSLsMj', '4KilYheWwxakB1L43ECTeP', '4kDi7X5sgqF0aM74aPBWSc', '6BUueuMQR4k7CuoMEsnGou']"
Sfera Ebbasta,23TFHmajVfBtlRx5MXqgoz,Shiva,2K5nCggbhSZ00YCYP5qkZS,3,"['0lqGKcPzUX4RO4PYysoLes', '1MboxS3hV7Wr8UVO59uRth', '1Xm2e1vDwOMeJJioWuG1s7']"
Lazza,0jdNdfi4vAuVi7a6cPDFBM,Shiva,2K5nCggbhSZ00YCYP5qkZS,1,['0lqGKcPzUX4RO4PYysoLes']
Blake Shelton,1UTPBmNbXNTittyMJrNkvw,Post Malone,246dkjvS1zLTtiykXe5h60,1,['0mNzElhEofvgMWAJoOA4q9']
Cordae,0huGjMyP507tBCARyzSkrv,Roddy Ricch,757aE44tKEUQEqRuT6GnEB,1,['0mb3uDw5vfFUcZfJYFOMRu']
Journey,0rvjqX7ttXeg3mTy8Xscbt,Steve Perry,5xQKoGD7Ql92fWd1uWwKkf,1,['0muK9BAzu2TJXQgWPsEj6e']
Aloe Blacc,0id62QV2SZZfvBn9xpmuCl,Avicii,1vCWHaC5f2uS3yhpwWbIA6,2,"['0n2nEtLP3OzDdi12ziIekx', '2x0RZdkZcD8QRI53XT4GI5']"
Salmo,3hBQ4zniNdQf1cqqo6hzuW,MACHETE,7Do8se3ZoaVqUt3woqqSrD,6,"['0nFCpnM7nistUWXRZpzOWM', '1ZCzbEj3F8SqqtKSupWaBo', '28fRkU3vhqAJdl9i9458pQ', '2zVawCwOXmkr5pFw5O6MoB', '46HYFOcfvg2W8a8FccaRvO', '5nFX29WZIulql4m4ic0KRw']"
Lazza,0jdNdfi4vAuVi7a6cPDFBM,MACHETE,7Do8se3ZoaVqUt3woqqSrD,2,"['0nFCpnM7nistUWXRZpzOWM', '46HYFOcfvg2W8a8FccaRvO']"
Lazza,0jdNdfi4vAuVi7a6cPDFBM,Salmo,3hBQ4zniNdQf1cqqo6hzuW,3,"['0nFCpnM7nistUWXRZpzOWM', '46HYFOcfvg2W8a8FccaRvO', '7MhzmWFJYSEsL8wK7hufaC']"
Future,1RyvyyTE3xzB2ZywiAwp0i,Lil Wayne,55Aa2cqylxrFIXC767Z865,1,['0nWMTq3fBceV1uZlhFn6of']
Marshmello,64KEffDW9EtZ1y2vBYgq8T,Migos,6oMuImdp5ZcFhWP0ESe6mG,1,['0nhVrTiCGiGRCoZOJiWzm1']
AnnenMayKantereit,23xqmJEN3oVxwzqtNIyR5m,Giant Rooks,5wD0owYApRtYmjPWavWKvb,1,['0oA9wBGDY4uyILLg4GymWP']
Marcus Mumford,3bYcjbVAN3rAuU3TMzw2mB,Major Lazer,738wLrAtLtCtFOLvQBXOXp,1,['0oB9964bp22Bmok0Dmxlzb']
Marcus Mumford,3bYcjbVAN3rAuU3TMzw2mB,Diplo,5fMUXHkw8R8eOP2RNVYEZX,1,['0oB9964bp22Bmok0Dmxlzb']
Wisin,3E6xrwgnVfYCrCs0ePERDz,Ricky Martin,7slfeZO9LsJbWgpkIoXBUJ,1,['0oFqlgK2LJ9eMlpGBCmRvf']
Yandel,0eHQ9o50hj6ZDNBt6Ys1sD,Ricky Martin,7slfeZO9LsJbWgpkIoXBUJ,1,['0oFqlgK2LJ9eMlpGBCmRvf']
Yandel,0eHQ9o50hj6ZDNBt6Ys1sD,Wisin,3E6xrwgnVfYCrCs0ePERDz,3,"['0oFqlgK2LJ9eMlpGBCmRvf', '1aYcpI8hXtpAEdBq8fp1pH', '5YzA563GXTuwQaRq24z1k5']"
Clipse,2J257euzcjnDLipsyJH3F2,Kanye West,5K4W6rqBFWDnAN6FQUkS6x,1,['0oPOuDmmkVp3h6puekhs6P']
Kanye West,5K4W6rqBFWDnAN6FQUkS6x,Kenny G,6I3M904Y9IwgDjrQ9pANiB,1,['0oPOuDmmkVp3h6puekhs6P']
Clipse,2J257euzcjnDLipsyJH3F2,Kenny G,6I3M904Y9IwgDjrQ9pANiB,1,['0oPOuDmmkVp3h6puekhs6P']
DaBaby,4r63FhuTkUYltbVAg5TQnk,YoungBoy Never Broke Again,7wlFDEWiM5OoIAt8RSli8b,2,"['0oT9ElXYSxvnOOagP9efDq', '2iz3EDFoPOjPRZs9wt5iNh']"
Jason Derulo,07YZf4WDAMNwqr4jfgOZ8y,Adam Levine,4bYPcJP5jwMhSivRcqie2n,1,['0osvOdeD3YXZiWkT8MKolJ']
Summer Cem,3drqpTL4sQOckmAfF9i1wg,Miksu / Macloud,76dRoxKtDwYkgCQePok9cU,1,['0p3euGPg5LgFeQGC7bBFuR']
Luciano,3CJKkU0XuElRT1z8rEtIYg,Miksu / Macloud,76dRoxKtDwYkgCQePok9cU,1,['0p3euGPg5LgFeQGC7bBFuR']
Jamule,4sVieJlKgpZ2k9ESNS5IdN,Miksu / Macloud,76dRoxKtDwYkgCQePok9cU,2,"['0p3euGPg5LgFeQGC7bBFuR', '46zfTi4Wg6mmkOBPimtg6X']"
Luciano,3CJKkU0XuElRT1z8rEtIYg,Summer Cem,3drqpTL4sQOckmAfF9i1wg,3,"['0p3euGPg5LgFeQGC7bBFuR', '2rxxXYtTIFKyrhJpofeoIX', '3QIrkRSTz3yPd44HzN6qJr']"
Summer Cem,3drqpTL4sQOckmAfF9i1wg,Jamule,4sVieJlKgpZ2k9ESNS5IdN,1,['0p3euGPg5LgFeQGC7bBFuR']
Luciano,3CJKkU0XuElRT1z8rEtIYg,Jamule,4sVieJlKgpZ2k9ESNS5IdN,1,['0p3euGPg5LgFeQGC7bBFuR']
Maluma,1r4hJ1h58CWwUQe3MxPuau,Black Eyed Peas,1yxSLGMDHlW21z4YXirZDS,1,['0pGC7cwCOakpvCFYiawNhM']
Kehlani,0cGUm45nv7Z6M6qdXYQGTX,Calvin Harris,7CajNmpbOovFoOoasH2HaY,1,['0pJPdSVti6cTM1Q6xYGmcf']
Lil Yachty,6icQOAFXDZKsumw3YXyusw,Calvin Harris,7CajNmpbOovFoOoasH2HaY,1,['0pJPdSVti6cTM1Q6xYGmcf']
Kehlani,0cGUm45nv7Z6M6qdXYQGTX,Lil Yachty,6icQOAFXDZKsumw3YXyusw,1,['0pJPdSVti6cTM1Q6xYGmcf']
Kehlani,0cGUm45nv7Z6M6qdXYQGTX,Funk Wav,4A0TivfinfALCAMJqqjZIk,1,['0pJPdSVti6cTM1Q6xYGmcf']
Funk Wav,4A0TivfinfALCAMJqqjZIk,Lil Yachty,6icQOAFXDZKsumw3YXyusw,1,['0pJPdSVti6cTM1Q6xYGmcf']
SUGA,0ebNdVaOfp6N0oZ1guIxM8,IU,3HqSLMAZ3g3d5poNaI7GOU,1,['0pYacDCZuRhcrwGUA5nTBe']
Camilo,28gNT5KBp7IjEOQoevXf9N,Evaluna Montaner,52qzWdNUp6ebjcNsvgZSiC,3,"['0pgj4EzB1XRqgZemoMNG5D', '4knc1Fp3kbuq8bH2byOvLu', '6RV9pRLIQiXm3qTGeyQluf']"
Dua Lipa,6M2wZ9GZgrQXHCFfjv46we,Madonna,6tbjWDEIzxoDsBA1FuhfPW,1,['0pk1hxhJLBSZZ5RKBhcwOa']
Missy Elliott,2wIVse2owClT7go1WT98tk,Dua Lipa,6M2wZ9GZgrQXHCFfjv46we,1,['0pk1hxhJLBSZZ5RKBhcwOa']
The Blessed Madonna,4TvhRzxIL1le2PWCeUqxQw,Dua Lipa,6M2wZ9GZgrQXHCFfjv46we,1,['0pk1hxhJLBSZZ5RKBhcwOa']
Missy Elliott,2wIVse2owClT7go1WT98tk,Madonna,6tbjWDEIzxoDsBA1FuhfPW,1,['0pk1hxhJLBSZZ5RKBhcwOa']
The Blessed Madonna,4TvhRzxIL1le2PWCeUqxQw,Madonna,6tbjWDEIzxoDsBA1FuhfPW,1,['0pk1hxhJLBSZZ5RKBhcwOa']
Missy Elliott,2wIVse2owClT7go1WT98tk,The Blessed Madonna,4TvhRzxIL1le2PWCeUqxQw,1,['0pk1hxhJLBSZZ5RKBhcwOa']
Billie Eilish,6qqNVTkY8uBg9cP3Jd7DAH,ROSALÍA,7ltDVBr6mKbRvohxheJ9h1,1,['0psS4i5YooJrXfDnGvWRLi']
J-AX,2iK8weavvfS2xJCmzNzNE5,Fedez,3pgCLfNbw5ozIfoNsvDU7i,1,['0ptaq4BSl6jrXfGyLzJjYE']
The Weeknd,1Xyo4u8uXC1ZmMpatF05PJ,Beyoncé,6vWDO969PvNqNYHIOW5v0m,1,['0pxNyJJiL2zZZ5GgJ4JhsQ']
Young M.A,7LvoDJUNGnOrPdGRzVtOJ9,Eminem,7dGJo4pcD2V6oG8kP0tJRR,1,['0q2vG0UVuy6ajjcpkQHdZM']
Travis Scott,0Y5tJX1MQlPlqiwlOH1tJY,SZA,7tYKF4w9nC0nq9CsPZTHyP,4,"['0q75NwOoFiARAVp4EXU4Bs', '1i9lZvlaDdWDPyXEE95aiq', '4cbdPT6uaBOgOQe3fLMofl', '6koKhrBBcExADvWuOgceNZ']"
Eden Muñoz,1gJdf4Yybu4X5A2xYV3NMV,Junior H,7Gi6gjaWy3DxyilpF1a8Is,1,['0qCPD6ilr9nXkI4KVZgcns']
Rich The Kid,1pPmIToKXyGdsCF6LmqLmI,Lil Wayne,55Aa2cqylxrFIXC767Z865,1,['0qFX9pVJQB4lBMxRoFXqGr']
Rod Wave,45TgXXqMDdF8BkjA83OM7z,Lil Baby,5f7VJjfbwm532GiveGC0ZK,1,['0qJeyYAgv6UpvewUxRXAhb']
ICON,0SSbTivuMrvdqgCt7ln6jD,Feid,2LRoIwlKmHjgvigdNGBHNo,1,['0qMYY0Fotjtu181Nj0VS8e']
Gym Class Heroes,4IJczjB0fJ04gs4uvP0Fli,Adam Levine,4bYPcJP5jwMhSivRcqie2n,1,['0qOnSQQF0yzuPWsXrQ9paz']
Oliver Heldens,5nki7yRhxgM509M5ADlN1p,Riton,7i9j813KFoSBMldGqlh2Z1,1,['0qaWEvPkts34WF68r8Dzx9']
Vula,6YqhcZlSE8ugUcmoHLw9gz,Riton,7i9j813KFoSBMldGqlh2Z1,1,['0qaWEvPkts34WF68r8Dzx9']
Oliver Heldens,5nki7yRhxgM509M5ADlN1p,Vula,6YqhcZlSE8ugUcmoHLw9gz,1,['0qaWEvPkts34WF68r8Dzx9']
benny blanco,5CiGnKThu5ctn9pBxv7DGa,Myke Towers,7iK8PXO48WeuP03g8YR51W,1,['0qeIFEGRQqHoaJtLCl0U73']
Mc Davi,1cYhx7ZOhYoVmnDPb9KMwo,Mc Pedrinho,1etNnR2SdlelBQAICa2Q5m,1,['0qxLQ6opocOGyFnlXqJ53x']
Mc Davi,1cYhx7ZOhYoVmnDPb9KMwo,Mc Don Juan,7Lmrb6KcIzfkmgbtokjsAL,3,"['0qxLQ6opocOGyFnlXqJ53x', '2InS5VWKJQbsFBKOsf1cJB', '7qD2vjd3btuOgwpQPEY7ci']"
Mc Davi,1cYhx7ZOhYoVmnDPb9KMwo,DJ 900,6Ovxg5WDcnSQc8iQXv0IvI,1,['0qxLQ6opocOGyFnlXqJ53x']
Mc Pedrinho,1etNnR2SdlelBQAICa2Q5m,Mc Don Juan,7Lmrb6KcIzfkmgbtokjsAL,1,['0qxLQ6opocOGyFnlXqJ53x']
DJ 900,6Ovxg5WDcnSQc8iQXv0IvI,Mc Don Juan,7Lmrb6KcIzfkmgbtokjsAL,1,['0qxLQ6opocOGyFnlXqJ53x']
21 Savage,1URnnhqYAYcrqrcwql10ft,Young Thug,50co4Is1HCEo8bhOyUWKpn,5,"['0r75DNlHu4recmKUdZeMfG', '3GXjlz7evuodm50dfiDDWo', '3ruoIF2UnoXdzK8mR61ebq', '47yD0e9MCRIB8dgUXPfyW3', '4VQO1UdVIecQqB49PlANHz']"
Travis Scott,0Y5tJX1MQlPlqiwlOH1tJY,Yak Gotti,0dvFTsuG02c4cRbcSQ8zE6,1,['0r75DNlHu4recmKUdZeMfG']
Yak Gotti,0dvFTsuG02c4cRbcSQ8zE6,21 Savage,1URnnhqYAYcrqrcwql10ft,1,['0r75DNlHu4recmKUdZeMfG']
Cosculluela,00me4Ke1LsvMxt5kydlMyU,Bad Bunny,4q3ewBCX7sLwd24euuV69X,1,['0r9d60ZYPAlFHq8qnUtkXN']
Morgan Wallen,4oUHIQIBe0LHzYfvXNW4QM,Diplo,5fMUXHkw8R8eOP2RNVYEZX,1,['0rFQ5cKYJ9WtHSKp9sxVYt']
Pritam,1wRPtKGflJrBx9BmLsSwlU,Arijit Singh,4YRxDV8wJFPHPTeXepOstw,3,"['0rU8aU8TSbq6Xz6RWlmA1y', '4UMIv5jd9gK98a39BQRD9X', '6VBhH7CyP56BXjp8VsDFPZ']"
Jonita Gandhi,00sCATpEvwH48ays7PlQFU,Pritam,1wRPtKGflJrBx9BmLsSwlU,1,['0rU8aU8TSbq6Xz6RWlmA1y']
Ranveer Singh,0lMa3YTHqQnDDTBaxAV7LK,Pritam,1wRPtKGflJrBx9BmLsSwlU,1,['0rU8aU8TSbq6Xz6RWlmA1y']
Pritam,1wRPtKGflJrBx9BmLsSwlU,Amitabh Bhattacharya,2fMqTqiTxUDlmcOEPaQSsx,3,"['0rU8aU8TSbq6Xz6RWlmA1y', '4UMIv5jd9gK98a39BQRD9X', '6VBhH7CyP56BXjp8VsDFPZ']"
Jonita Gandhi,00sCATpEvwH48ays7PlQFU,Arijit Singh,4YRxDV8wJFPHPTeXepOstw,1,['0rU8aU8TSbq6Xz6RWlmA1y']
Ranveer Singh,0lMa3YTHqQnDDTBaxAV7LK,Arijit Singh,4YRxDV8wJFPHPTeXepOstw,1,['0rU8aU8TSbq6Xz6RWlmA1y']
Amitabh Bhattacharya,2fMqTqiTxUDlmcOEPaQSsx,Arijit Singh,4YRxDV8wJFPHPTeXepOstw,4,"['0rU8aU8TSbq6Xz6RWlmA1y', '4UMIv5jd9gK98a39BQRD9X', '5QW9K4A1gMnIi94YUxtsfM', '6VBhH7CyP56BXjp8VsDFPZ']"
Jonita Gandhi,00sCATpEvwH48ays7PlQFU,Ranveer Singh,0lMa3YTHqQnDDTBaxAV7LK,1,['0rU8aU8TSbq6Xz6RWlmA1y']
Jonita Gandhi,00sCATpEvwH48ays7PlQFU,Amitabh Bhattacharya,2fMqTqiTxUDlmcOEPaQSsx,1,['0rU8aU8TSbq6Xz6RWlmA1y']
Ranveer Singh,0lMa3YTHqQnDDTBaxAV7LK,Amitabh Bhattacharya,2fMqTqiTxUDlmcOEPaQSsx,1,['0rU8aU8TSbq6Xz6RWlmA1y']
Lizzo,56oDRnqbIiwx4mymNEv7dS,SZA,7tYKF4w9nC0nq9CsPZTHyP,1,['0rc1HCVoReqzzXF9jssqZk']
Ana Castela,2CKOmarVWvWqkNWUatHCex,Guilherme & Benuto,6m6e7D2TnV0aYMllFFwMxu,1,['0redQHBfejmPUhonR5ppGC']
Adriano Rhod,1rzgK16tw9LTPmu6eMFyMF,Guilherme & Benuto,6m6e7D2TnV0aYMllFFwMxu,1,['0redQHBfejmPUhonR5ppGC']
Adriano Rhod,1rzgK16tw9LTPmu6eMFyMF,Ana Castela,2CKOmarVWvWqkNWUatHCex,1,['0redQHBfejmPUhonR5ppGC']
John Martin,2auikkNYqigWStoHWK1Grq,Martin Garrix,60d24wfXkVzDSfLS6hyCjZ,1,['0rohJsT6NWsThpukt0Xxdc']
Justin Bieber,1uNFoZAHBGtllmzznpCI3s,Poo Bear,3JXpwnHbLvXxY99EuXqFPX,1,['0sPJELXHyWpFgkxlzvvRFI']
Jay Electronica,0TkqXdyWLsssJH7okthMPQ,Poo Bear,3JXpwnHbLvXxY99EuXqFPX,1,['0sPJELXHyWpFgkxlzvvRFI']
Jay Electronica,0TkqXdyWLsssJH7okthMPQ,Justin Bieber,1uNFoZAHBGtllmzznpCI3s,1,['0sPJELXHyWpFgkxlzvvRFI']
21 Savage,1URnnhqYAYcrqrcwql10ft,Drake,3TVXtAsR1Inumwj472S9r4,17,"['0sSRLXxknVTQDStgU1NqpY', '1bDbXMyjaUIooNwFE9wn0N', '29YW2xXlo6Pc6M0SBTCXYN', '2BcMwX1MPV6ZHP4tUT9uq6', '2KLwPaRDOB87XOYAT2fgxh', '2ZL7WZcjuYKi1KUDtp4kCC', '2nibvvDdAQkVraYP00z2RS', '34tz0eDhGuFErIuW3q4mPX', '3F5CgOj3wFlRv51JsHbxhe', '45pUWUeEWGoSdH6UF162G8', '46s57QULU02Voy0Kup6UEb', '4Flfb4fGscN9kXPOduQLrv', '4Q34FP1AT7GEl9oLgNtiWj', '4VQO1UdVIecQqB49PlANHz', '4ckuS4Nj4FZ7i3Def3Br8W', '7GeTsDIc5ykNB6lORO6Cee', '7l2nxyx7IkBX5orhkALg0V']"
Shakira,0EmeFodog0BfCgMzAIvKQp,Carlos Vives,4vhNDa5ycK0ST968ek7kRr,1,['0sXvAOmXgjR2QUqLK1MltU']
Nicki Minaj,0hCNtLu0JehylgoiP8L4Gh,Ariana Grande,66CXWjxzNUsdJxJ2JdwvnR,4,"['0sdbFOyfgAhAhWq8DpzkaW', '3L4GsGLgxpHieVQH86H8bv', '44ONERBHALxftQNWq6dmyd', '7vJS1DPc3FzBtqBs8n3mW5']"
RAYE,5KKpBU5eC2tJDzf0wmlRp2,Joel Corry,6DgP9otnZw5z6daOntINxp,1,['0siYMEsGrzzzlWLXK5zJfS']
David Guetta,1Cs0zKBU1kc0i8ypK3B9ai,Joel Corry,6DgP9otnZw5z6daOntINxp,1,['0siYMEsGrzzzlWLXK5zJfS']
David Guetta,1Cs0zKBU1kc0i8ypK3B9ai,RAYE,5KKpBU5eC2tJDzf0wmlRp2,3,"['0siYMEsGrzzzlWLXK5zJfS', '4YhN72dRYL2Z3MsaKyT7rS', '5dS2dvXVPe7AR6UwBpnomW']"
Henrique & Juliano,3p7PcrEHaaKLJnPUGOtRlT,Luan Santana,3qvcCP2J0fWi0m0uQDUf6r,1,['0sjhY8nPIm6cPOQfyUPmJe']
Post Malone,246dkjvS1zLTtiykXe5h60,Young Thug,50co4Is1HCEo8bhOyUWKpn,2,"['0t3ZvGKlmYmVsDzBJAXK8C', '7zjEyeBsaw9gV0jofJLfOM']"
Selena Gomez,0C8ZW7ezQVs4URX5aX7Kqx,Marshmello,64KEffDW9EtZ1y2vBYgq8T,1,['0tBbt8CrmxbjRP0pueQkyU']
Cookin' On 3 Burners,726MxZBpkxnnoKl6aN7mmj,Kungs,7keGfmQR4X5w0two1xKZ7d,1,['0tICYNayWWhH9GPeFrfjfD']
David Guetta,1Cs0zKBU1kc0i8ypK3B9ai,AFROJACK,4D75GcNG95ebPtNvoNVXhz,3,"['0tPQPaOKM32WgMSbPCYyRH', '29p6UW08MXzwj9thWBW3uF', '2ludbmtPoyCPe2K08fAlFl']"
David Guetta,1Cs0zKBU1kc0i8ypK3B9ai,Charli xcx,25uiPmTg16RbhZWAqwLBy5,1,['0tPQPaOKM32WgMSbPCYyRH']
David Guetta,1Cs0zKBU1kc0i8ypK3B9ai,French Montana,6vXTefBL93Dj5IqAWq6OTv,1,['0tPQPaOKM32WgMSbPCYyRH']
Charli xcx,25uiPmTg16RbhZWAqwLBy5,AFROJACK,4D75GcNG95ebPtNvoNVXhz,1,['0tPQPaOKM32WgMSbPCYyRH']
AFROJACK,4D75GcNG95ebPtNvoNVXhz,French Montana,6vXTefBL93Dj5IqAWq6OTv,1,['0tPQPaOKM32WgMSbPCYyRH']
Charli xcx,25uiPmTg16RbhZWAqwLBy5,French Montana,6vXTefBL93Dj5IqAWq6OTv,1,['0tPQPaOKM32WgMSbPCYyRH']
G-Eazy,02kJSzxNuaWGqwubyUba0Z,Chris Brown,7bXgB6jMjp9ATFy66eO08Z,1,['0tQmgwFKw9069z1BXniOiA']
G-Eazy,02kJSzxNuaWGqwubyUba0Z,Mark Morrison,6V3F8MZrOKdT9fU686ybE9,1,['0tQmgwFKw9069z1BXniOiA']
Mark Morrison,6V3F8MZrOKdT9fU686ybE9,Chris Brown,7bXgB6jMjp9ATFy66eO08Z,1,['0tQmgwFKw9069z1BXniOiA']
21 Savage,1URnnhqYAYcrqrcwql10ft,Offset,4DdkRBBYG6Yk9Ka8tdJ9BW,8,"['0tdCy39PgWN8LFWu34ORn3', '3oxCefEI6Tc6Z6t20J4IvH', '5u6vkDnOyaf8LsteDAj2ub', '6HR1z11h0ROUlWP4Kx8Z7G', '6m6Oy3F6GG0zRwH03rWmTv', '6mCqxnyOhr4tHMbRbQL4Yn', '7pMRoGLEJuFM2wl5pt0R99', '7vg47qMIEdLfNdTE3WLf0T']"
Quavo,0VRj0yCOv2FXJNP47XQnx5,21 Savage,1URnnhqYAYcrqrcwql10ft,2,"['0tdCy39PgWN8LFWu34ORn3', '3edzl4zvKFi0D3iuF6cs2f']"
Quavo,0VRj0yCOv2FXJNP47XQnx5,Metro Boomin,0iEtIxbK0KxaSlF7G42ZOp,1,['0tdCy39PgWN8LFWu34ORn3']
David Guetta,1Cs0zKBU1kc0i8ypK3B9ai,Showtek,3gk0OYeLFWYupGFRHqLSR7,1,['0tgbSxoFjZ20MjfoKwWevV']
Khalid,6LuN9FCkKOj5PcnpouEgny,Billie Eilish,6qqNVTkY8uBg9cP3Jd7DAH,2,"['0u2P5u6lvoDfwTYjAADbn4', '1NJcg626wLln4pGHpiV7mf']"
Travis Scott,0Y5tJX1MQlPlqiwlOH1tJY,Skrillex,5he5w2lnU9x7JFhnwcekXX,1,['0u695M7KyzXaPIjpEbxOkB']
Travis Scott,0Y5tJX1MQlPlqiwlOH1tJY,Rich Homie Quan,5lHRUCqkQZCIWeX7xG4sYT,1,['0uFz9q2SvuKyWB6Ur1YCfI']
Young Thug,50co4Is1HCEo8bhOyUWKpn,Rich Homie Quan,5lHRUCqkQZCIWeX7xG4sYT,1,['0uFz9q2SvuKyWB6Ur1YCfI']
RuPaul,2SdOKxC1sSxEyv8JYERaNe,Miley Cyrus,5YGY8feqx7naU7z4HrwZM6,1,['0uZd8cKaTyNogTREourFY5']
Young Thug,50co4Is1HCEo8bhOyUWKpn,J. Cole,6l3HvQ5sa6mXTsMTB19rO5,2,"['0uqsdBw9KvD8jSWmfMmMAp', '3s4mrPrEFFPF0LmAfutW0n']"
T-Shyne,14qypx78D3Jd1mm7c2BqQb,Young Thug,50co4Is1HCEo8bhOyUWKpn,1,['0uqsdBw9KvD8jSWmfMmMAp']
T-Shyne,14qypx78D3Jd1mm7c2BqQb,J. Cole,6l3HvQ5sa6mXTsMTB19rO5,1,['0uqsdBw9KvD8jSWmfMmMAp']
Avicii,1vCWHaC5f2uS3yhpwWbIA6,Agnes,6SsTlCsuCYleNza6xGwynu,2,"['0uxDHazXSSu9bSZ28LsnAN', '1yfyIdEw5U2bD5I6gxQCxW']"
Avicii,1vCWHaC5f2uS3yhpwWbIA6,Vargas & Lagola,2fVW2ix4ANKiofDZIsy1XR,5,"['0uxDHazXSSu9bSZ28LsnAN', '1yfyIdEw5U2bD5I6gxQCxW', '5WEqjIUHkwZ5h3DSE7F9bM', '5dVUSdsePmEKkq4ryfrobU', '6ZEYvUSgON3J5Qe1RYi3Jo']"
Vargas & Lagola,2fVW2ix4ANKiofDZIsy1XR,Agnes,6SsTlCsuCYleNza6xGwynu,2,"['0uxDHazXSSu9bSZ28LsnAN', '1yfyIdEw5U2bD5I6gxQCxW']"
Sigala,1IueXOQyABrMOprrzwQJWN,Ella Eyre,66TrUkUZ3RM29dqeDQRgyA,2,"['0v3BMLcwUmAwyqJaf5997o', '3kGfazcbVvVkuZunzlLgTD']"
Sigala,1IueXOQyABrMOprrzwQJWN,Meghan Trainor,6JL8zeS1NmiOftqZTRgdTz,1,['0v3BMLcwUmAwyqJaf5997o']
Sigala,1IueXOQyABrMOprrzwQJWN,French Montana,6vXTefBL93Dj5IqAWq6OTv,1,['0v3BMLcwUmAwyqJaf5997o']
Ella Eyre,66TrUkUZ3RM29dqeDQRgyA,Meghan Trainor,6JL8zeS1NmiOftqZTRgdTz,1,['0v3BMLcwUmAwyqJaf5997o']
Ella Eyre,66TrUkUZ3RM29dqeDQRgyA,French Montana,6vXTefBL93Dj5IqAWq6OTv,1,['0v3BMLcwUmAwyqJaf5997o']
Meghan Trainor,6JL8zeS1NmiOftqZTRgdTz,French Montana,6vXTefBL93Dj5IqAWq6OTv,1,['0v3BMLcwUmAwyqJaf5997o']
Chance the Rapper,1anyVhU62p31KFi8MEzkbf,Lil Wayne,55Aa2cqylxrFIXC767Z865,2,"['0v9Wz8o0BT8DU38R4ddjeH', '3DXncPQOG4VBw3QHh3S817']"
2 Chainz,17lzZA2AlOHwCwFALHttmp,Chance the Rapper,1anyVhU62p31KFi8MEzkbf,1,['0v9Wz8o0BT8DU38R4ddjeH']
2 Chainz,17lzZA2AlOHwCwFALHttmp,Lil Wayne,55Aa2cqylxrFIXC767Z865,1,['0v9Wz8o0BT8DU38R4ddjeH']
Tom Grennan,5SHxzwjek1Pipl1Yk11UHv,Calvin Harris,7CajNmpbOovFoOoasH2HaY,1,['0vR2rIVORmgeKiGIgNT0fV']
Purple Disco Machine,2WBJQGf1bT1kxuoqziH5g4,Sophie and the Giants,4FrXHrpbDLNyO3pbVv8RmF,1,['0vWUhCPxpJOJR5urYbZypB']
Rudimental,4WN5naL3ofxrVBgFpguzKo,Ed Sheeran,6eUKZXaKkcviH0Ku9w2n3V,1,['0vbbhcA6okLzvsy6WSTlLg']
Metro Boomin,0iEtIxbK0KxaSlF7G42ZOp,Chris Brown,7bXgB6jMjp9ATFy66eO08Z,1,['0vjeOZ3Ft5jvAi9SBFJm1j']
Mike Yung,4UffC3o3JiLSg7pa5DpQbp,Martin Garrix,60d24wfXkVzDSfLS6hyCjZ,1,['0wUxh6XMc698xPCfgBaPRV']
Kendrick Lamar,2YZyLoL8N0Wb9xBt1NhZWg,SZA,7tYKF4w9nC0nq9CsPZTHyP,4,"['0wgOhYnqZKjOHr6bmdz0aN', '2CGNAOSuO1MEFCbBRgUzjd', '3GCdLUSnKSMJhs4Tj6CV3s', '3aSWXU6owkZeVhh94XxEWO']"
Ellie Goulding,0X2BH1fck6amBIoJhDVmmJ,blackbear,2cFrymmkijnjDg9SS92EPM,1,['0wsfdPl7p3yKjQBmHQsaDn']
MAX,1bqxdqvUtPWZri43cKHac8,Agust D,5RmQ8k4l3HZ8JoPb4mNsML,1,['0x25VdiFOIBl1epNer9L3w']
The Weeknd,1Xyo4u8uXC1ZmMpatF05PJ,Anitta,7FNnA9vBm6EKceENgCGRMb,1,['0xGQTpN4ESETtl1Sp6rzd2']
Money Man,3Rx4PJ7SP6unkOk5elPUK7,Lil Baby,5f7VJjfbwm532GiveGC0ZK,1,['0xUvi7wldroBzaZCengPa5']
Damso,2UwqpfQtNuhBwviIC0f2ie,Fally Ipupa,6IflU2YrY5Cyw7YoBICosV,1,['0xdp7mJS34hDsLrO6TPCp3']
2 Chainz,17lzZA2AlOHwCwFALHttmp,Drake,3TVXtAsR1Inumwj472S9r4,2,"['0xl1w2q4VLojeXp4JfazPL', '5S1IUPueD0xE0vj4zU3nSf']"
2 Chainz,17lzZA2AlOHwCwFALHttmp,Young Thug,50co4Is1HCEo8bhOyUWKpn,2,"['0xl1w2q4VLojeXp4JfazPL', '5PfTI3zrQbZEWcQdycMqJM']"
Bobby (Boris) Pickett,42MRYPhQfcEXqb18dl5ERX,The Crypt-Kickers,4frDtYgwXXKkbyQzjOmJG5,1,['0xxZY5C9xxij3D1HkzbnfC']
BTS,3Nrfpe0tUJi4K4DXYWgMUX,benny blanco,5CiGnKThu5ctn9pBxv7DGa,1,['0xzI1KAr0Yd9tv8jlIk3sn']
benny blanco,5CiGnKThu5ctn9pBxv7DGa,Snoop Dogg,7hJcb9fa4alzcOq3EaNPoG,1,['0xzI1KAr0Yd9tv8jlIk3sn']
BTS,3Nrfpe0tUJi4K4DXYWgMUX,Snoop Dogg,7hJcb9fa4alzcOq3EaNPoG,1,['0xzI1KAr0Yd9tv8jlIk3sn']
Riley Green,2QMsj4XJ7ne2hojxt6v5eb,Ella Langley,6BRxQ8cD3eqnrVj6WKDok8,1,['0y5Ex8oQ8zCH5TQxHUy1Eo']
Taylor Swift,06HL4z0CvFAxyc27GXpf02,Gary Lightbody,3fCQnw6VSudXBTN5d2QP2z,1,['0y6kdSRCVQhSsHSpWvTUm7']
Metro Boomin,0iEtIxbK0KxaSlF7G42ZOp,Don Toliver,4Gso3d4CscCijv0lmajZWs,5,"['0y8Pu7x5jXgUjOIJvQIF5L', '221qmpQeBNV87sUjQeUTVH', '2Hh3ETdQKrmSI3QS0hme7g', '2N9LEu6Pf8nDcp3GjWJT1Z', '2qlBAT108lYOzlXhBxBqEv']"
Metro Boomin,0iEtIxbK0KxaSlF7G42ZOp,BEAM,46MWeeHNVMYRIIofQBEX98,1,['0y8Pu7x5jXgUjOIJvQIF5L']
Metro Boomin,0iEtIxbK0KxaSlF7G42ZOp,Toian,5sBdzqT2jx5jacEUcBn6X1,1,['0y8Pu7x5jXgUjOIJvQIF5L']
Wizkid,3tVQdUvClmAT7URs9V3rsp,Don Toliver,4Gso3d4CscCijv0lmajZWs,1,['0y8Pu7x5jXgUjOIJvQIF5L']
BEAM,46MWeeHNVMYRIIofQBEX98,Don Toliver,4Gso3d4CscCijv0lmajZWs,1,['0y8Pu7x5jXgUjOIJvQIF5L']
Don Toliver,4Gso3d4CscCijv0lmajZWs,Toian,5sBdzqT2jx5jacEUcBn6X1,1,['0y8Pu7x5jXgUjOIJvQIF5L']
Wizkid,3tVQdUvClmAT7URs9V3rsp,BEAM,46MWeeHNVMYRIIofQBEX98,1,['0y8Pu7x5jXgUjOIJvQIF5L']
Wizkid,3tVQdUvClmAT7URs9V3rsp,Toian,5sBdzqT2jx5jacEUcBn6X1,1,['0y8Pu7x5jXgUjOIJvQIF5L']
BEAM,46MWeeHNVMYRIIofQBEX98,Toian,5sBdzqT2jx5jacEUcBn6X1,1,['0y8Pu7x5jXgUjOIJvQIF5L']
Chance the Rapper,1anyVhU62p31KFi8MEzkbf,TisaKorean,6lEhBhAv6HOopjXssi09cq,1,['0yFvWTLs3iIwDbc91noXGT']
Chance the Rapper,1anyVhU62p31KFi8MEzkbf,Murda Beatz,3CbYyyd8wH3RT6t0jwpdzC,1,['0yFvWTLs3iIwDbc91noXGT']
Murda Beatz,3CbYyyd8wH3RT6t0jwpdzC,TisaKorean,6lEhBhAv6HOopjXssi09cq,1,['0yFvWTLs3iIwDbc91noXGT']
DJ Matt D,1rIc4yTieeRq25NA3T8RQ5,Menor MC,78Y1NpgD0yMKoBetaYlUzS,1,['0yL7K9MzC20uBesZTPY81r']
DJ Matt D,1rIc4yTieeRq25NA3T8RQ5,MC GP,5s27i7oqhNWIcE4HeoVdq0,1,['0yL7K9MzC20uBesZTPY81r']
DJ Matt D,1rIc4yTieeRq25NA3T8RQ5,Vulgo FK,27azwwkxutWL1BWMkgNIh0,1,['0yL7K9MzC20uBesZTPY81r']
MC GP,5s27i7oqhNWIcE4HeoVdq0,Menor MC,78Y1NpgD0yMKoBetaYlUzS,1,['0yL7K9MzC20uBesZTPY81r']
Vulgo FK,27azwwkxutWL1BWMkgNIh0,Menor MC,78Y1NpgD0yMKoBetaYlUzS,1,['0yL7K9MzC20uBesZTPY81r']
Vulgo FK,27azwwkxutWL1BWMkgNIh0,MC GP,5s27i7oqhNWIcE4HeoVdq0,1,['0yL7K9MzC20uBesZTPY81r']
Jesse & Joy,1mX1TWKpNxDSAH16LgDfiR,Gente De Zona,2cy1zPcrFcXAJTP0APWewL,1,['0yyZN5ASdrYu0XYWFzfxUu']
Tainy,0GM7qgcRCORpGnfcN2tCiB,Shawn Mendes,7n2wHs1TKAczGzO7Dd2rGr,1,['0z8hI3OPS8ADPWtoCjjLl6']
Mr Eazi,4TAoP0f9OuWZUesao43xUW,Major Lazer,738wLrAtLtCtFOLvQBXOXp,3,"['0zC401uLD0oQFxeM4QW1dk', '2tjbSkPKKH1GFUhSr96tq0', '3D1rlKmZdpYUeMtRRLNawc']"
RAYE,5KKpBU5eC2tJDzf0wmlRp2,Major Lazer,738wLrAtLtCtFOLvQBXOXp,1,['0zC401uLD0oQFxeM4QW1dk']
Jake Gosling,20twLKFb2Nhd8duUH0k2DJ,Major Lazer,738wLrAtLtCtFOLvQBXOXp,1,['0zC401uLD0oQFxeM4QW1dk']
Mr Eazi,4TAoP0f9OuWZUesao43xUW,RAYE,5KKpBU5eC2tJDzf0wmlRp2,1,['0zC401uLD0oQFxeM4QW1dk']
Jake Gosling,20twLKFb2Nhd8duUH0k2DJ,Mr Eazi,4TAoP0f9OuWZUesao43xUW,1,['0zC401uLD0oQFxeM4QW1dk']
Jake Gosling,20twLKFb2Nhd8duUH0k2DJ,RAYE,5KKpBU5eC2tJDzf0wmlRp2,1,['0zC401uLD0oQFxeM4QW1dk']
SAINt JHN,0H39MdGGX6dbnnQPt6NQkZ,Imanbek,5rGrDvrLOV2VV8SCFVGWlj,1,['0zLCBJZSiELJf02ucPP9wb']
Peso Pluma,12GqGscKJx3aE4t07u7eVZ,Ryan Castro,7j6DKwmjbxvpQO8h914uEz,1,['0zNMdrDEs5N0JPQ7RYQZln']
SOG,18dspUI6gqabm5XCC2RcUD,Ryan Castro,7j6DKwmjbxvpQO8h914uEz,2,"['0zNMdrDEs5N0JPQ7RYQZln', '79IBoMfFn67UI15YkP1FSp']"
Peso Pluma,12GqGscKJx3aE4t07u7eVZ,SOG,18dspUI6gqabm5XCC2RcUD,1,['0zNMdrDEs5N0JPQ7RYQZln']
Código FN,4A4qYy2jK9DDN1OHV0nLkH,Gabito Ballesteros,6Sbl0NT50roqWvy746MfVf,1,['0zhymr6RqNuvp0RMIvdpdA']
Jubin Nautiyal,1tqysapcCh1lWEAc9dIFpa,Yohani,6hyCmqlpgEhkMKKr65sFgI,1,['0zlGnseLGzRIBA0TJcb3Bo']
Tanishk Bagchi,4f7KfxeHq9BiylGmyXepGt,Yohani,6hyCmqlpgEhkMKKr65sFgI,1,['0zlGnseLGzRIBA0TJcb3Bo']
Rashmi Virag,5r2baeTwcCJnuIsDIlxUJo,Yohani,6hyCmqlpgEhkMKKr65sFgI,1,['0zlGnseLGzRIBA0TJcb3Bo']
Surya Ragunaathan,0GiAC4VvvYCypjRH6IiasK,Yohani,6hyCmqlpgEhkMKKr65sFgI,1,['0zlGnseLGzRIBA0TJcb3Bo']
Jubin Nautiyal,1tqysapcCh1lWEAc9dIFpa,Tanishk Bagchi,4f7KfxeHq9BiylGmyXepGt,2,"['0zlGnseLGzRIBA0TJcb3Bo', '2rOnSn2piaqLAlYjtfUBlY']"
Jubin Nautiyal,1tqysapcCh1lWEAc9dIFpa,Rashmi Virag,5r2baeTwcCJnuIsDIlxUJo,1,['0zlGnseLGzRIBA0TJcb3Bo']
Surya Ragunaathan,0GiAC4VvvYCypjRH6IiasK,Jubin Nautiyal,1tqysapcCh1lWEAc9dIFpa,1,['0zlGnseLGzRIBA0TJcb3Bo']
Tanishk Bagchi,4f7KfxeHq9BiylGmyXepGt,Rashmi Virag,5r2baeTwcCJnuIsDIlxUJo,1,['0zlGnseLGzRIBA0TJcb3Bo']
Surya Ragunaathan,0GiAC4VvvYCypjRH6IiasK,Tanishk Bagchi,4f7KfxeHq9BiylGmyXepGt,1,['0zlGnseLGzRIBA0TJcb3Bo']
Surya Ragunaathan,0GiAC4VvvYCypjRH6IiasK,Rashmi Virag,5r2baeTwcCJnuIsDIlxUJo,1,['0zlGnseLGzRIBA0TJcb3Bo']
Benjamin Ingrosso,7jEEE187pVG6InOxn03oA5,Alan Walker,7vk5e3vY1uw9plTHJAMwjN,1,['0zqBZqm5czQ3A4EoSdKFHj']
Marshmello,64KEffDW9EtZ1y2vBYgq8T,Demi Lovato,6S2OmqARrzebs0tKUEyXyp,1,['0zzVTGyRrWpQu8Fr28NRAv']
Lady Gaga,1HY2Jd0NmPuamShAr6KMms,Elton John,3PhoLpVuITZKcymswpck5b,1,['0zzsyWc45eUcSjw4FNHxeN']
The Kid LAROI,2tIP7SsRs7vjIcLrU85W8J,Jung Kook,6HaGTQPmzraVmaVxvz6EUc,1,['100fbGocyqbBPQkTDchi2g']
The Kid LAROI,2tIP7SsRs7vjIcLrU85W8J,Central Cee,5H4yInM5zmHqpKIoMNAx4r,1,['100fbGocyqbBPQkTDchi2g']
Central Cee,5H4yInM5zmHqpKIoMNAx4r,Jung Kook,6HaGTQPmzraVmaVxvz6EUc,1,['100fbGocyqbBPQkTDchi2g']
Kiiara,4u5smJBskI6Adzv08PuiUP,Linkin Park,6XyY86QOPPrYVGvF9ch6wz,1,['104buTcnP2AsxqB7U1FIZ4']
Doug Hits,11rNmgKeDd6wHHvvhzPHH9,dj sv,7u9115faVQY8xNrCXqY0zx,1,['106SKHXoytRADjpxHBkJpV']
Manim Vaqueiro,2MRXYszuTIaEliCCD22crt,dj sv,7u9115faVQY8xNrCXqY0zx,1,['106SKHXoytRADjpxHBkJpV']
Doug Hits,11rNmgKeDd6wHHvvhzPHH9,Manim Vaqueiro,2MRXYszuTIaEliCCD22crt,1,['106SKHXoytRADjpxHBkJpV']
Skylar Grey,4utLUGcTvOJFr6aqIJtYWV,Eminem,7dGJo4pcD2V6oG8kP0tJRR,5,"['107CfwBqfICzcKur8k7UCA', '50le2HSqQAIqB4BGD4cE9e', '5CpsIb7SMFHjmAG8RvIWfq', '5W8HXMOMLtXLz0RGKUtnlZ', '6uMGHQvhZq8YyT4kdnG1L3']"
Lil Dicky,1tqhsYv8yBBdwANFNzHtcr,Chris Brown,7bXgB6jMjp9ATFy66eO08Z,1,['10Igtw8bSDyyFs7KIsKngZ']
Labrinth,2feDdbD5araYcm6JhFHHw7,Zendaya,6sCbFbEjbYepqswM1vWjjs,3,"['10hMM5nsZQf66ldBlgWBfG', '6LtHYDgYHRCHoKK3snfr2w', '76YSWx6L6FNsuaP6GWBb8P']"
Run The Jewels,4RnBFZRiMLRyZy0AzzTg2C,El-P,57UnSUpae3SbRekxNa5Kgl,1,['10vS4ZLi4XWlIsNXSQXgqh']
Killer Mike,2N4EYkIlG1kv25g6Wv8LGI,Run The Jewels,4RnBFZRiMLRyZy0AzzTg2C,1,['10vS4ZLi4XWlIsNXSQXgqh']
Zack De La Rocha,1jKpNUjiz4KXgaAZD5FI9S,Run The Jewels,4RnBFZRiMLRyZy0AzzTg2C,1,['10vS4ZLi4XWlIsNXSQXgqh']
Pharrell Williams,2RdwBSPQiwcmiDo9kixcl8,Run The Jewels,4RnBFZRiMLRyZy0AzzTg2C,1,['10vS4ZLi4XWlIsNXSQXgqh']
Killer Mike,2N4EYkIlG1kv25g6Wv8LGI,El-P,57UnSUpae3SbRekxNa5Kgl,1,['10vS4ZLi4XWlIsNXSQXgqh']
Zack De La Rocha,1jKpNUjiz4KXgaAZD5FI9S,El-P,57UnSUpae3SbRekxNa5Kgl,1,['10vS4ZLi4XWlIsNXSQXgqh']
Pharrell Williams,2RdwBSPQiwcmiDo9kixcl8,El-P,57UnSUpae3SbRekxNa5Kgl,1,['10vS4ZLi4XWlIsNXSQXgqh']
Zack De La Rocha,1jKpNUjiz4KXgaAZD5FI9S,Killer Mike,2N4EYkIlG1kv25g6Wv8LGI,1,['10vS4ZLi4XWlIsNXSQXgqh']
Killer Mike,2N4EYkIlG1kv25g6Wv8LGI,Pharrell Williams,2RdwBSPQiwcmiDo9kixcl8,1,['10vS4ZLi4XWlIsNXSQXgqh']
Zack De La Rocha,1jKpNUjiz4KXgaAZD5FI9S,Pharrell Williams,2RdwBSPQiwcmiDo9kixcl8,1,['10vS4ZLi4XWlIsNXSQXgqh']
Marshmello,64KEffDW9EtZ1y2vBYgq8T,Khalid,6LuN9FCkKOj5PcnpouEgny,2,"['10xV5l9nhLvFpR8mqzs0bL', '7vGuf3Y35N4wmASOKLUVVU']"
AJ Mitchell,6dn6x1XOng3LOAnfTjUn77,Ella Henderson,7nDsS0l5ZAzMedVRKPP8F1,1,['110lWlsa8fJXgrrwGgg0f1']
Drake,3TVXtAsR1Inumwj472S9r4,Bad Bunny,4q3ewBCX7sLwd24euuV69X,2,"['116H0KvKr2Zl4RPuVBruDO', '6ZprqcYFC6D9eIZaCoqrSn']"
Halsey,26VFTg2z8YR0cCuwLzESi2,Lauren Jauregui,3J0BpFVUc9LeOIVeN5uNhU,1,['11EDhDAVDtGPoSar6ootYA']
Guaynaa,0BqURncJM5B1BBu7UM51eq,Lele Pons,6i3DxIlAqnDkwELLw4aVrx,1,['11EnQRgRMJwMAesfkB5pnu']
Drake,3TVXtAsR1Inumwj472S9r4,Rihanna,5pKCCKE2ajJHZ9KAiaK11H,4,"['11KJSRSgaDxqydKYiD2Jew', '6DkXLzBQT7cwXmTyzAB1DJ', '72TFWvU3wUYdUuxejTTIzt', '739vCwA3EpBSkk3uDsI2wB']"
Ke Personajes,06Q5VlSAku57lFzyME3HrM,Grupo Frontera,6XkjpgcEsYab502Vr1bBeW,1,['11PV8CaPqlto9Uejx92C35']
Nicki Minaj,0hCNtLu0JehylgoiP8L4Gh,Doja Cat,5cj0lLjcoR7YOSnhnX0Po5,1,['11VApNQCWLJdzxWrlmwzUa']
Bad Bunny,4q3ewBCX7sLwd24euuV69X,KAROL G,790FomKkXshlbRYZFtlgla,1,['11ZRYISCsAsLyyJo47DudZ']
Ashnikko,3PyJHH2wyfQK3WZrk9rpmP,Princess Nokia,6lay1nwbE6hTx1jivysUAL,1,['11ZulcYY4lowvcQm4oe3VJ']
Travis Scott,0Y5tJX1MQlPlqiwlOH1tJY,Huncho Jack,6extd4B6hl8VTmnlhpl2bY,13,"['11cCVYamncF0ezwjj1irQ0', '2hIFuoXhzcZGvmdtSE35lc', '4RgoqOBE34Q6zZj8K7RUAx', '4vwfOiyWxXeEdx4ejAJgdx', '5vuiHi3QYbwcm1OKJOYnrf', '628Ueb4sRiXApObhcU9iPU', '6urLjX35oXXRYtcH1b3dCh', '7CWiWkccuRRdrmaW6AjVEf', '7J6bnDDitOwfelaJNixHhL', '7JGyxh8G8QZnu4AMJuCqlj', '7bTH8LgGSwyNNE4r1k95Zp', '7foypmc7KZyU716Yv63BPe', '7g7raxdQpiLZT7aOlib4S1']"
Quavo,0VRj0yCOv2FXJNP47XQnx5,Huncho Jack,6extd4B6hl8VTmnlhpl2bY,13,"['11cCVYamncF0ezwjj1irQ0', '2hIFuoXhzcZGvmdtSE35lc', '4RgoqOBE34Q6zZj8K7RUAx', '4vwfOiyWxXeEdx4ejAJgdx', '5vuiHi3QYbwcm1OKJOYnrf', '628Ueb4sRiXApObhcU9iPU', '6urLjX35oXXRYtcH1b3dCh', '7CWiWkccuRRdrmaW6AjVEf', '7J6bnDDitOwfelaJNixHhL', '7JGyxh8G8QZnu4AMJuCqlj', '7bTH8LgGSwyNNE4r1k95Zp', '7foypmc7KZyU716Yv63BPe', '7g7raxdQpiLZT7aOlib4S1']"
Sfera Ebbasta,23TFHmajVfBtlRx5MXqgoz,Guè,7F2utINZ6tSokSiZTQBE27,4,"['11jGgkrtDbYaKlN0y1nPbC', '1F4ARcz5U9kgtcjpcYNzTH', '1xUnvxp9DFrpwXnO0RHKUp', '6gAySqc7QK27KEASxmc7Ag']"
Marracash,5AZuEF0feCXMkUCwQiQlW7,Guè,7F2utINZ6tSokSiZTQBE27,3,"['11jGgkrtDbYaKlN0y1nPbC', '2VyZWWKamfq7kVnh5gMgPd', '39hRcGieqFaKfZ7LN91Vy5']"
j-hope,0b1sIQumIAsNbqAoIClSpy,Gaeko,0tkHE1pQ5ZCgQb8WZ0ba79,1,['11sirgYaEutV40tkvgpHN6']
j-hope,0b1sIQumIAsNbqAoIClSpy,YOON MIRAE,1Do4bSzfUl0KWL9r1fITu0,1,['11sirgYaEutV40tkvgpHN6']
Gaeko,0tkHE1pQ5ZCgQb8WZ0ba79,YOON MIRAE,1Do4bSzfUl0KWL9r1fITu0,1,['11sirgYaEutV40tkvgpHN6']
Meek Mill,20sxb77xiYeusSH8cVdatc,Post Malone,246dkjvS1zLTtiykXe5h60,1,['12Fkyg9lpmaz2zmKOfw2Y2']
Post Malone,246dkjvS1zLTtiykXe5h60,Lil Baby,5f7VJjfbwm532GiveGC0ZK,2,"['12Fkyg9lpmaz2zmKOfw2Y2', '20GrahbI4AzAOWxpYfDKkf']"
Meek Mill,20sxb77xiYeusSH8cVdatc,Lil Baby,5f7VJjfbwm532GiveGC0ZK,6,"['12Fkyg9lpmaz2zmKOfw2Y2', '1Szfm2XAx3Kgl55dyl8sTU', '3T9BKc4kB7ukeNQrCqv6ZV', '4U6ubKsTd8RBDP5tPPhh7I', '5cAN3P7jWVf78gev1eF7TJ', '6xVhqLT40s5sVhepe9Mckc']"
Flume,6nxWCVXbOlEVRexSbLsTer,kai,6xHUXzrfhFgnIv86EBR3Ml,1,['12REd1n8PeiHHWOh066tpr']
KayBlack,2h5Ha0ZiMFmOQD3iYcSXsy,MC Caverinha,7tojcuXcZ7eBlQjbAc65Ee,1,['12YCtLHGk6tP6RbHDHflCs']
Wall Hein,5wEgjH2s4SAiffRmzkBqHB,MC Caverinha,7tojcuXcZ7eBlQjbAc65Ee,1,['12YCtLHGk6tP6RbHDHflCs']
KayBlack,2h5Ha0ZiMFmOQD3iYcSXsy,Wall Hein,5wEgjH2s4SAiffRmzkBqHB,1,['12YCtLHGk6tP6RbHDHflCs']
21 Savage,1URnnhqYAYcrqrcwql10ft,Bazzi,4GvEc3ANtPPjt1ZJllr5Zl,1,['12iDo4Kdw9vA2X1lN3UTVu']
Avicii,1vCWHaC5f2uS3yhpwWbIA6,Billy Raffoul,5gw5ANPCVcxU0maLiGRzzP,1,['12ip0ceCeszDTDFxDY1AXJ']
Justin Bieber,1uNFoZAHBGtllmzznpCI3s,The Kid LAROI,2tIP7SsRs7vjIcLrU85W8J,2,"['137mSruegm1u6x9NvwiagR', '567e29TDzLwZwfDuEpGTwo']"
Blessd,1TA5sGRlKUJXBN4ZyJuDIX,W Sound,5uwa6tAMMfNbBFIHiI6NV4,1,['13BDiikG6y5o5cQTK0HpW6']
Ovy On The Drums,3m5qlPf2OkihLz3dRYnkPA,W Sound,5uwa6tAMMfNbBFIHiI6NV4,1,['13BDiikG6y5o5cQTK0HpW6']
The Kid LAROI,2tIP7SsRs7vjIcLrU85W8J,YoungBoy Never Broke Again,7wlFDEWiM5OoIAt8RSli8b,1,['13EW51DKru044OJDJ9Bm8o']
The Kid LAROI,2tIP7SsRs7vjIcLrU85W8J,Internet Money,6MPCFvOQv5cIGfw3jODMF0,1,['13EW51DKru044OJDJ9Bm8o']
Internet Money,6MPCFvOQv5cIGfw3jODMF0,YoungBoy Never Broke Again,7wlFDEWiM5OoIAt8RSli8b,1,['13EW51DKru044OJDJ9Bm8o']
KSI,1nzgtKYFckznkcVMR3Gg4z,Aiyana-Lee,2IZXxSIGhFtkHJyMh6UTln,1,['13Npvj6mfPFQL5DiBKWSIQ']
Kaash Paige,0f2YkMXwFNJNSX7MymevKE,Don Toliver,4Gso3d4CscCijv0lmajZWs,1,['13QU8HBEBaSTZGq1HzQe9S']
Travis Scott,0Y5tJX1MQlPlqiwlOH1tJY,Don Toliver,4Gso3d4CscCijv0lmajZWs,5,"['13QU8HBEBaSTZGq1HzQe9S', '25r6MZ4Gtd76l43qnZI1DG', '4AO1XhrgJczQ9bNVxdfKQe', '4qS2KPWvsQzLvRa9oCHw41', '67QVeMvttYHbB1Zuvh0cn6']"
Travis Scott,0Y5tJX1MQlPlqiwlOH1tJY,Kaash Paige,0f2YkMXwFNJNSX7MymevKE,1,['13QU8HBEBaSTZGq1HzQe9S']
Nicky Jam,1SupJlEpv7RS2tPNRaHViT,Feid,2LRoIwlKmHjgvigdNGBHNo,3,"['13Z5Q40pa1Ly7aQk1oW8Ce', '7anSoGdgtmJTAPZBzcPhO6', '7lUdbnz7wsv3C9zzf4WHl9']"
BLACKPINK,41MozSoPIsD1dJM0CLPjZF,Dua Lipa,6M2wZ9GZgrQXHCFfjv46we,1,['13hvHEstJ4sNbzdroPrPI3']
Maluma,1r4hJ1h58CWwUQe3MxPuau,Aya Nakamura,7IlRNXHjoOCgEAWN5qYksg,1,['13vDU8nPsvTGEVTMB8Vw7g']
The Weeknd,1Xyo4u8uXC1ZmMpatF05PJ,Gesaffelstein,3hteYQFiMFbJY7wS0xDymP,3,"['13wNEvWmBsWaWVtiLPRIW5', '1cKHdTo9u0ZymJdPGSh6nq', '2vXKRlJBXyOcvZYTdNeckS']"
Post Malone,246dkjvS1zLTtiykXe5h60,ERNEST,4GGfAshSkqoxpZdoaHm7ky,1,['149r4BNMXwFRWjPYcKNNgc']
Future,1RyvyyTE3xzB2ZywiAwp0i,Ty Dolla $ign,7c0XG5cIJTrrAgEC3ULPiq,2,"['14EgW52HVqnLHd30bgbPxg', '2EPbvVyo2qrrmeiEm57Cfl']"
Kiiara,4u5smJBskI6Adzv08PuiUP,Ty Dolla $ign,7c0XG5cIJTrrAgEC3ULPiq,1,['14EgW52HVqnLHd30bgbPxg']
Future,1RyvyyTE3xzB2ZywiAwp0i,Kiiara,4u5smJBskI6Adzv08PuiUP,1,['14EgW52HVqnLHd30bgbPxg']
Drake,3TVXtAsR1Inumwj472S9r4,Summer Walker,57LYzLEk2LcFghVwuWbcuS,1,['14SaZBTjxlorHJQxXh01Hu']
XXXTENTACION,15UsOTVnJzReFVN1VCnxy4,Rio Santana,3mLdH6xxrscTf2poCN9Kzy,1,['14boA065HMHWvqyPPEeN4y']
XXXTENTACION,15UsOTVnJzReFVN1VCnxy4,Judah,2V0DROfM2ieFSOcA3SHJLD,1,['14boA065HMHWvqyPPEeN4y']
XXXTENTACION,15UsOTVnJzReFVN1VCnxy4,Andrez Babii,4DROs1Ye9DiLY3X8L7xvl8,1,['14boA065HMHWvqyPPEeN4y']
Judah,2V0DROfM2ieFSOcA3SHJLD,Rio Santana,3mLdH6xxrscTf2poCN9Kzy,1,['14boA065HMHWvqyPPEeN4y']
Rio Santana,3mLdH6xxrscTf2poCN9Kzy,Andrez Babii,4DROs1Ye9DiLY3X8L7xvl8,1,['14boA065HMHWvqyPPEeN4y']
Judah,2V0DROfM2ieFSOcA3SHJLD,Andrez Babii,4DROs1Ye9DiLY3X8L7xvl8,1,['14boA065HMHWvqyPPEeN4y']
Ariana Grande,66CXWjxzNUsdJxJ2JdwvnR,Ty Dolla $ign,7c0XG5cIJTrrAgEC3ULPiq,1,['14gkWVFMwdxBMyqBw1wmIg']
Lexa,0jTDeBJQr3unrK29LklnAv,PEDRO SAMPAIO,5wbf52LA6kcaboHSN6NEF1,1,['14kRWkCWBYfQqILflEcpSJ']
Kygo,23fqKkggKUBHNkbKtXEls4,Sandro Cavazza,5JYo7gm2dkyLLlWHjxS7Dy,2,"['14sOS5L36385FJ3OL8hew4', '3o1CUVeHIid49sabk6A6Nf']"
MC MENOR HR,33yjk1kQbu7otNngO5pQb8,MC MENOR SG,3hXocXy7cs7SZ1JLZUgKBp,1,['1597vvneWf0zoQrg2D8yH6']
MC MENOR HR,33yjk1kQbu7otNngO5pQb8,DJ ESCOBAR,65tpb4BwAnD3HOUs8MC6TB,1,['1597vvneWf0zoQrg2D8yH6']
MC MENOR SG,3hXocXy7cs7SZ1JLZUgKBp,DJ ESCOBAR,65tpb4BwAnD3HOUs8MC6TB,1,['1597vvneWf0zoQrg2D8yH6']
Rihanna,5pKCCKE2ajJHZ9KAiaK11H,Eminem,7dGJo4pcD2V6oG8kP0tJRR,1,['15JINEqzVMv3SvJTAXAKED']
XXXTENTACION,15UsOTVnJzReFVN1VCnxy4,Flyboy Tarantino,6kYViCeiqcUZXgPVdCIKBi,1,['15Y949TGjUppdT78h0S49P']
XXXTENTACION,15UsOTVnJzReFVN1VCnxy4,Kid Trunks,57SA5Qv24Vydwd6bJnV8fI,1,['15Y949TGjUppdT78h0S49P']
Bass Santana,0O1cTzccAEKaEFShgzAK9V,XXXTENTACION,15UsOTVnJzReFVN1VCnxy4,3,"['15Y949TGjUppdT78h0S49P', '2WOxBv9WElDqB0opEAbCC4', '44nlOJLjLqwNgYcT277V25']"
XXXTENTACION,15UsOTVnJzReFVN1VCnxy4,Kin$oul,6HhsbprrJmKeaH8SgSlGge,3,"['15Y949TGjUppdT78h0S49P', '2WOxBv9WElDqB0opEAbCC4', '3QVIBuVrIe5IHOZepa7JBZ']"
Kid Trunks,57SA5Qv24Vydwd6bJnV8fI,Flyboy Tarantino,6kYViCeiqcUZXgPVdCIKBi,1,['15Y949TGjUppdT78h0S49P']
Bass Santana,0O1cTzccAEKaEFShgzAK9V,Flyboy Tarantino,6kYViCeiqcUZXgPVdCIKBi,1,['15Y949TGjUppdT78h0S49P']
Kin$oul,6HhsbprrJmKeaH8SgSlGge,Flyboy Tarantino,6kYViCeiqcUZXgPVdCIKBi,1,['15Y949TGjUppdT78h0S49P']
Bass Santana,0O1cTzccAEKaEFShgzAK9V,Kid Trunks,57SA5Qv24Vydwd6bJnV8fI,1,['15Y949TGjUppdT78h0S49P']
Kid Trunks,57SA5Qv24Vydwd6bJnV8fI,Kin$oul,6HhsbprrJmKeaH8SgSlGge,1,['15Y949TGjUppdT78h0S49P']
Bass Santana,0O1cTzccAEKaEFShgzAK9V,Kin$oul,6HhsbprrJmKeaH8SgSlGge,2,"['15Y949TGjUppdT78h0S49P', '2WOxBv9WElDqB0opEAbCC4']"
Lil Durk,3hcs9uc56yIGFCSy9leWe7,Lil Baby,5f7VJjfbwm532GiveGC0ZK,10,"['15bnyEOUVRkwWlxR4F7xzF', '1EJIcDYXwSqipW5dFe4uJz', '2ELp0EL65yitpfJYwc5983', '2h4cmbyb6S7e8igDZIITJU', '3E3pb3qH11iny6TFDJvsg5', '3T9BKc4kB7ukeNQrCqv6ZV', '3vJKLsUYcC7mARUTOMUPaJ', '4lUmnwRybYH7mMzf16xB0y', '5cAN3P7jWVf78gev1eF7TJ', '6PoKfDY78ih5OveWirggRX']"
anders,6G1yTgvoYsuVb2Ja8cVVJ2,Loud Luxury,6t1gpxYbY8OlLA7D2RiikQ,1,['15fZrZhdK0g1BS9sDeW6sD']
Lil Tjay,6jGMq4yGs7aQzuGsMgVgZR,Bas,70gP6Ry4Uo0Yx6uzPIdaiJ,1,['15qKrPi4Kg0z7g9HlwWyeb']
Lil Tjay,6jGMq4yGs7aQzuGsMgVgZR,J. Cole,6l3HvQ5sa6mXTsMTB19rO5,1,['15qKrPi4Kg0z7g9HlwWyeb']
Ovy On The Drums,3m5qlPf2OkihLz3dRYnkPA,KAROL G,790FomKkXshlbRYZFtlgla,2,"['16dUQ4quIHDe4ZZ0wF1EMN', '3mg9jYNC1NihbthlglzrWP']"
Young Stoner Life,1xr2G8Hlx4QWmT9HaUbmoO,Yung Kayo,7J0hrNYCO5DgAx0XaRJqkh,1,['16eZmQoeajKH8G2nPe2chk']
Young Stoner Life,1xr2G8Hlx4QWmT9HaUbmoO,Lil Uzi Vert,4O15NlyKLIASxsJ0PrXPfz,2,"['16eZmQoeajKH8G2nPe2chk', '3HxYOwZZHZn5mC1drqPQqR']"
Young Thug,50co4Is1HCEo8bhOyUWKpn,Yung Kayo,7J0hrNYCO5DgAx0XaRJqkh,1,['16eZmQoeajKH8G2nPe2chk']
Lil Uzi Vert,4O15NlyKLIASxsJ0PrXPfz,Young Thug,50co4Is1HCEo8bhOyUWKpn,6,"['16eZmQoeajKH8G2nPe2chk', '1HF6P40Z7nfExGaB1Gk99v', '3HxYOwZZHZn5mC1drqPQqR', '3pTScODwk9tggZzmuH6xDY', '4lAQfuREAHG8IC0PiiigBt', '5nYygW7bTgPOhckh3uDR9L']"
Lil Uzi Vert,4O15NlyKLIASxsJ0PrXPfz,Yung Kayo,7J0hrNYCO5DgAx0XaRJqkh,1,['16eZmQoeajKH8G2nPe2chk']
Apache 207,1qQLhymHXFPtP5U8KNKsm6,AYLIVA,2rEVnwCPBeGkWMv425KoG1,1,['16f4ZN6XOfrIO8fJkm28HM']
Future,1RyvyyTE3xzB2ZywiAwp0i,DaBaby,4r63FhuTkUYltbVAg5TQnk,3,"['16oi4OiKmkO51l60F5R9kR', '4Qd0pa3JO76UEwhos9JmN0', '4iiWcajF1fEUpwcUewc464']"
jetsonmade,0UcXjTpzt0DmIwPSNwlJfF,DaBaby,4r63FhuTkUYltbVAg5TQnk,1,['16oi4OiKmkO51l60F5R9kR']
jetsonmade,0UcXjTpzt0DmIwPSNwlJfF,Future,1RyvyyTE3xzB2ZywiAwp0i,1,['16oi4OiKmkO51l60F5R9kR']
Rich Brian,2IDLDx25HU1nQMKde4n61a,Offset,4DdkRBBYG6Yk9Ka8tdJ9BW,1,['16wWFYS9S4hKBk2Ofj3Ss6']
Tony Dize,3LKXWvXFWrkwUzJWxzwVpW,Bad Bunny,4q3ewBCX7sLwd24euuV69X,1,['1797zYiX4cKosMH836X9Gt']
Mike Posner,2KsP6tYLJlTBvSUxnwlVWa,Seeb,5iNrZmtVMtYev5M9yoWpEq,1,['17Fd6Yb7mSbinKG8LoWfFl']
Troye Sivan,3WGpXCj9YhhfX11TToZcXP,Ariana Grande,66CXWjxzNUsdJxJ2JdwvnR,1,['17JYzDCW1UTndfURuTydF2']
Fuerza Regida,0ys2OFYzWYB5hRDLCsBqxt,Peso Pluma,12GqGscKJx3aE4t07u7eVZ,1,['17js0w8GTkTUFGFM6PYvBd']
beabadoobee,35l9BRT7MXmM8bv2WDQiyB,Laufey,7gW0r5CkdEUMm42w9XpyZO,1,['180AbZduI6bYQIzwCHRwu9']
Cash Cash,1LOB7jTeEV14pHai6EXSzF,Conor Maynard,6mU8ucezzms5I2kNH6HNlu,1,['1839RWzPRZCVgvamu4sHSN']
MC Bruninho,3shPgAzHMyRwWOkXeoWKeB,Douglas & Vinicius,7M83IzPXGA4ClZJ5reW2Ro,1,['187Pge0WmJNoS73kaIORSE']
Summer Walker,57LYzLEk2LcFghVwuWbcuS,Khalid,6LuN9FCkKOj5PcnpouEgny,1,['18O00Y7yrkJ0pRXm1n21Og']
Bea Miller,1o2NpYGqHiCq7FoiYdyd1x,NOTD,5jAMCwdNHWr7JThxtMuEyy,1,['18W92Zm1KjLCbUIszOhpkD']
Tiësto,2o5jDhtHVPhrJdv3cEQ99Z,Ava Max,4npEfmQ6YuiwW1GpUmaq3F,1,['18asYwWugKjjsihZ0YvRxO']
Rick Ross,1sBkRIssrMs1AbVkOJbc7a,Drake,3TVXtAsR1Inumwj472S9r4,5,"['18t8ypY0HYaQuGBxg2KdT2', '1rX5L6pyl3rVWb55D8Cprr', '4FRW5Nza1Ym91BGV4nFWXI', '50ceCGZ3oD3U5caQV5bP6f', '5ry2OE6R2zPQFDO85XkgRb']"
Maluma,1r4hJ1h58CWwUQe3MxPuau,Myke Towers,7iK8PXO48WeuP03g8YR51W,1,['19OXtYzrJyCrQvTbfukt4H']
Travis Barker,4exLIFE8sISLr28sqG1qNX,Lil Nas X,7jVv8c5Fj3E9VhNjxT4snq,1,['1ABQT5SxlUTNapSbSzblGx']
Stormzy,2SrSdSvpminqmStGELCSNd,Ed Sheeran,6eUKZXaKkcviH0Ku9w2n3V,4,"['1AI7UPw3fgwAFkvAlZWhE0', '2NHSYwGkAvPHzCinY0KwXo', '49i5Qn3zXsMBPsSOmYAFut', '4QPEwDdOMhY7rNS05mTyMR']"
Anuel AA,2R21vXR83lH98kGeO99Y66,Eladio Carrion,5XJDexmWFLWOkjOEjOVX3e,1,['1AOPHC5whvr8K359BZu4kp']
Ozuna,1i8SpTcr7yvPOmcqrbnVXY,Arthur Hanlon,2tYwhzzfvvDr29BbBFcHhB,1,['1AVu7Kc2MRrLfOG1RCEf07']
RM,2auC28zjQyVTsiZKNgPRGs,Youjeen,4wVcCedmr7FHtUlFnIeJIG,1,['1AZjCZSGEjlxUufFQwSszF']
Yeri Mua,2Atk4SWx7daQtItQBa735M,Uzielito Mix,7wgrXbrp9RJQMri26GZgyH,1,['1Aa54YEL20kiDPI6f4XGdS']
El Jordan 23,1fIJZfSmqQkuqfKNRmrS1V,Uzielito Mix,7wgrXbrp9RJQMri26GZgyH,1,['1Aa54YEL20kiDPI6f4XGdS']
Dj Kiire,1jwYIyylx1XF15nbiPtLdu,Uzielito Mix,7wgrXbrp9RJQMri26GZgyH,1,['1Aa54YEL20kiDPI6f4XGdS']
El Jordan 23,1fIJZfSmqQkuqfKNRmrS1V,Yeri Mua,2Atk4SWx7daQtItQBa735M,1,['1Aa54YEL20kiDPI6f4XGdS']
Dj Kiire,1jwYIyylx1XF15nbiPtLdu,Yeri Mua,2Atk4SWx7daQtItQBa735M,1,['1Aa54YEL20kiDPI6f4XGdS']
El Jordan 23,1fIJZfSmqQkuqfKNRmrS1V,Dj Kiire,1jwYIyylx1XF15nbiPtLdu,1,['1Aa54YEL20kiDPI6f4XGdS']
Daddy Yankee,4VMYDCV2IEDYJArk749S6m,Charly Black,5sK8BsvyDl4TFA6KaBf8or,1,['1AkTW13ysu0AJrwuM6UY0I']
A$AP Rocky,13ubrt8QOOCPljQ2FL1Kca,FKA twigs,6nB0iY1cjSY1KyhYyuIIKH,1,['1AqemxWsT0iGg5Lvkm16Bt']
Joe Reisman's Orchestra and Chorus,2qkfMoOIz3BqLD91C1B09a,Lou Monte,7dbKeVkihtOifdiu7f3rUg,1,['1BB9hv4471pPlNqOAnDglV']
BRADO,0Mh0QuhaJ6WIW0qrJwzMmt,MERO,5wyWp867LWGjFmYZXVSFnZ,2,"['1BEo3epznRQuYhuQH8bZu9', '2GxHx0bbc0BK7Z0ChMJUtO']"
Adam Port,2loEsOijJ6XiGzWYFXMIRk,Stryv,6XjgqvaVLUib6lCerbZrYD,1,['1BJJbSX6muJVF2AK7uH1x4']
Keinemusik,26WKgv73kRHD0gEDKD1i8j,Adam Port,2loEsOijJ6XiGzWYFXMIRk,1,['1BJJbSX6muJVF2AK7uH1x4']
Adam Port,2loEsOijJ6XiGzWYFXMIRk,Orso,2yyaNPcdxZcn4iutCcLMaC,1,['1BJJbSX6muJVF2AK7uH1x4']
Adam Port,2loEsOijJ6XiGzWYFXMIRk,Malachiii,37lTKHi901VnwngQ7C8noT,1,['1BJJbSX6muJVF2AK7uH1x4']
Keinemusik,26WKgv73kRHD0gEDKD1i8j,Stryv,6XjgqvaVLUib6lCerbZrYD,1,['1BJJbSX6muJVF2AK7uH1x4']
Orso,2yyaNPcdxZcn4iutCcLMaC,Stryv,6XjgqvaVLUib6lCerbZrYD,1,['1BJJbSX6muJVF2AK7uH1x4']
Malachiii,37lTKHi901VnwngQ7C8noT,Stryv,6XjgqvaVLUib6lCerbZrYD,1,['1BJJbSX6muJVF2AK7uH1x4']
Keinemusik,26WKgv73kRHD0gEDKD1i8j,Orso,2yyaNPcdxZcn4iutCcLMaC,1,['1BJJbSX6muJVF2AK7uH1x4']
Keinemusik,26WKgv73kRHD0gEDKD1i8j,Malachiii,37lTKHi901VnwngQ7C8noT,1,['1BJJbSX6muJVF2AK7uH1x4']
Orso,2yyaNPcdxZcn4iutCcLMaC,Malachiii,37lTKHi901VnwngQ7C8noT,1,['1BJJbSX6muJVF2AK7uH1x4']
Young Thug,50co4Is1HCEo8bhOyUWKpn,Ed Sheeran,6eUKZXaKkcviH0Ku9w2n3V,1,['1Bdptrvb7nQkq8kCw3siE9']
J Hus,2a0uxJgbvvIRI4GX8pYfcr,Ed Sheeran,6eUKZXaKkcviH0Ku9w2n3V,1,['1Bdptrvb7nQkq8kCw3siE9']
J Hus,2a0uxJgbvvIRI4GX8pYfcr,Young Thug,50co4Is1HCEo8bhOyUWKpn,1,['1Bdptrvb7nQkq8kCw3siE9']
G-Eazy,02kJSzxNuaWGqwubyUba0Z,Marc E. Bassy,3tQx1LPXbsYjE9VwN1Peaa,2,"['1Bqxj0aH5KewYHKUg1IdrF', '4QdovcM8j50QPlyR7tH4xe']"
Pitbull,0TnOYISbd1XYRBk9myaseg,Enrique Iglesias,7qG3b048QCHVRO5Pv1T5lw,1,['1BuTNbYxxFYezD1tT8AJR9']
Juicy J,5gCRApTajqwbnHHPbr2Fpi,Rae Sremmurd,7iZtZyCzp3LItcw1wtPI3D,1,['1BuZAIO8WZpavWVbbq3Lci']
Swae Lee,1zNqQNIdeOUZHb8zbZRFMX,Juicy J,5gCRApTajqwbnHHPbr2Fpi,1,['1BuZAIO8WZpavWVbbq3Lci']
Juicy J,5gCRApTajqwbnHHPbr2Fpi,Slim Jxmmi,7EEiVZvj6RCEtVX2F2pyxu,1,['1BuZAIO8WZpavWVbbq3Lci']
Kygo,23fqKkggKUBHNkbKtXEls4,The Night Game,79QO0Xmn1dZhvaLicS2Yrs,1,['1Bxzw8ag71snOU9IbhXVD6']
Dreamville,1iNqsUDUraNWrj00bqssQG,JID,6U3ybJ9UHNKEdsH7ktGBZ7,4,"['1BzXvBpIFWJgu0P8P6xmP4', '2gtFMLjQpCTGekMi4oXZxN', '36J0iaPDGbYGsHvYpaYs3k', '5WnfnSpuNEGXyEt78PBA6d']"
Dreamville,1iNqsUDUraNWrj00bqssQG,J. Cole,6l3HvQ5sa6mXTsMTB19rO5,5,"['1BzXvBpIFWJgu0P8P6xmP4', '36J0iaPDGbYGsHvYpaYs3k', '3pZO6GoVPeSYDxxsH6vCdj', '6MF4tRr5lU8qok8IKaFOBE', '7wxDKfgFtRTbupcG4xDhtj']"
Dreamville,1iNqsUDUraNWrj00bqssQG,Kenny Mason,4mwdnO2jZrMmMVrjcHsZBv,1,['1BzXvBpIFWJgu0P8P6xmP4']
Dreamville,1iNqsUDUraNWrj00bqssQG,Sheck Wes,2RDOrhPqAM4jzTRCEb19qX,1,['1BzXvBpIFWJgu0P8P6xmP4']
JID,6U3ybJ9UHNKEdsH7ktGBZ7,J. Cole,6l3HvQ5sa6mXTsMTB19rO5,2,"['1BzXvBpIFWJgu0P8P6xmP4', '36J0iaPDGbYGsHvYpaYs3k']"
Kenny Mason,4mwdnO2jZrMmMVrjcHsZBv,JID,6U3ybJ9UHNKEdsH7ktGBZ7,1,['1BzXvBpIFWJgu0P8P6xmP4']
Sheck Wes,2RDOrhPqAM4jzTRCEb19qX,JID,6U3ybJ9UHNKEdsH7ktGBZ7,1,['1BzXvBpIFWJgu0P8P6xmP4']
Kenny Mason,4mwdnO2jZrMmMVrjcHsZBv,J. Cole,6l3HvQ5sa6mXTsMTB19rO5,1,['1BzXvBpIFWJgu0P8P6xmP4']
Sheck Wes,2RDOrhPqAM4jzTRCEb19qX,J. Cole,6l3HvQ5sa6mXTsMTB19rO5,1,['1BzXvBpIFWJgu0P8P6xmP4']
Sheck Wes,2RDOrhPqAM4jzTRCEb19qX,Kenny Mason,4mwdnO2jZrMmMVrjcHsZBv,1,['1BzXvBpIFWJgu0P8P6xmP4']
De La Ghetto,3EiLUeyEcA6fbRPSHkG5kb,Bad Bunny,4q3ewBCX7sLwd24euuV69X,1,['1C7lXfx4Y5maVl4AgUVlHA']
Ñengo Flow,12vb80Km0Ew53ABfJOepVz,Bad Bunny,4q3ewBCX7sLwd24euuV69X,4,"['1C7lXfx4Y5maVl4AgUVlHA', '2DEZmgHKAvm41k4J3R2E9Y', '53v2u51nq3CxiKUNphRzP1', '54ELExv56KCAB4UP9cOCzC']"
De La Ghetto,3EiLUeyEcA6fbRPSHkG5kb,Arcángel,4SsVbpTthjScTS7U2hmr1X,3,"['1C7lXfx4Y5maVl4AgUVlHA', '4cno0k9jDEFpLAQyHNjqVx', '5W1qmxHrMlQGGAiFA3ZQqP']"
Ñengo Flow,12vb80Km0Ew53ABfJOepVz,Arcángel,4SsVbpTthjScTS7U2hmr1X,1,['1C7lXfx4Y5maVl4AgUVlHA']
Ñengo Flow,12vb80Km0Ew53ABfJOepVz,De La Ghetto,3EiLUeyEcA6fbRPSHkG5kb,1,['1C7lXfx4Y5maVl4AgUVlHA']
Luis R Conriquez,0pePYDrJGk8gqMRbXrLJC8,Neton Vega,6pV5zH2LzjOUHaAvENdMMa,2,"['1C84d9abZVKWHT2YYpoean', '4OLT65TRsOx3Iv1TlCcQVb']"
DaBaby,4r63FhuTkUYltbVAg5TQnk,Migos,6oMuImdp5ZcFhWP0ESe6mG,1,['1CCDIow4pPYyJYzhtTUYz2']
Zedd,2qxJFvFYMEDqd7ui6kSAcq,Liam Payne,5pUo3fmmHT8bhCyHE52hA6,1,['1CKd1PnqfYx0H12V9MSaIY']
Kali Uchis,1U1el3k54VvEUzo3ybLPlM,SZA,7tYKF4w9nC0nq9CsPZTHyP,1,['1CrPPsibP3uTc3DSI5vQC5']
L-Gante,4YYxffPVDFe9XoqqbRW6Bq,Bizarrap,716NhGYqD1jl2wI1Qkgq36,1,['1Crj1zkRMpsEjb9NOR6Zof']
Jonas Blue,1HBjj22wzbscIZ9sEb5dyf,RAYE,5KKpBU5eC2tJDzf0wmlRp2,1,['1D3ODoXHBLpdxolZRHWV1j']
21 Savage,1URnnhqYAYcrqrcwql10ft,J. Cole,6l3HvQ5sa6mXTsMTB19rO5,1,['1D3z6HTiQsNmZxjl7F7eoG']
Morray,44vREmJC0OlVZjZaGLqVEd,J. Cole,6l3HvQ5sa6mXTsMTB19rO5,1,['1D3z6HTiQsNmZxjl7F7eoG']
21 Savage,1URnnhqYAYcrqrcwql10ft,Morray,44vREmJC0OlVZjZaGLqVEd,1,['1D3z6HTiQsNmZxjl7F7eoG']
MEDUZA,0xRXCcSX89eobfrshSVdyu,Goodboys,2nm38smINjms1LtczR0Cei,2,"['1DFD5Fotzgn6yYXkYsKiGs', '7CHi4DtfK4heMlQaudCuHK']"
L.V.,2LhsePRtgCo4THVKULQBL7,Coolio,3y24n3XhZ96wgwRXjvS17T,1,['1DIXPcTDzTj8ZMHt3PDt8p']
JT,39af15p0feaAOdL9DTRj3m,Summer Walker,57LYzLEk2LcFghVwuWbcuS,1,['1De7cOMrdUnVpjWBaowMg4']
City Girls,37hAfseJWi0G3Scife12Il,Summer Walker,57LYzLEk2LcFghVwuWbcuS,1,['1De7cOMrdUnVpjWBaowMg4']
City Girls,37hAfseJWi0G3Scife12Il,JT,39af15p0feaAOdL9DTRj3m,1,['1De7cOMrdUnVpjWBaowMg4']
Travis Scott,0Y5tJX1MQlPlqiwlOH1tJY,Ed Sheeran,6eUKZXaKkcviH0Ku9w2n3V,2,"['1DhRbox3xkceP64k3JeYfW', '1qf82BwoRe9zdLvyvx7oGP']"
LiL CaKe,0niAkxgT6y57bRbT0Ge94z,Migrantes,48R2gYdPKtfnfKAzhSVPUx,1,['1DxEbt6OSbrkRthk6pjZue']
LiL CaKe,0niAkxgT6y57bRbT0Ge94z,Nico Valdi,0uxYECT7XqHNccQAg5Uhe4,1,['1DxEbt6OSbrkRthk6pjZue']
Nico Valdi,0uxYECT7XqHNccQAg5Uhe4,Migrantes,48R2gYdPKtfnfKAzhSVPUx,1,['1DxEbt6OSbrkRthk6pjZue']
Bausa,13bDjug9N0pyv3ZUINjkDV,The Cratez,3pVfscwg2QxhdHtk966inb,1,['1E1YyZjbteIz2XQyLvtRxD']
Maxwell,0b62itBWBdLgiecXjXCqKC,The Cratez,3pVfscwg2QxhdHtk966inb,1,['1E1YyZjbteIz2XQyLvtRxD']
Joshi Mizu,03bmDyr8klGV17DKQnPZVA,The Cratez,3pVfscwg2QxhdHtk966inb,1,['1E1YyZjbteIz2XQyLvtRxD']
Maxwell,0b62itBWBdLgiecXjXCqKC,Bausa,13bDjug9N0pyv3ZUINjkDV,1,['1E1YyZjbteIz2XQyLvtRxD']
Joshi Mizu,03bmDyr8klGV17DKQnPZVA,Bausa,13bDjug9N0pyv3ZUINjkDV,1,['1E1YyZjbteIz2XQyLvtRxD']
Joshi Mizu,03bmDyr8klGV17DKQnPZVA,Maxwell,0b62itBWBdLgiecXjXCqKC,1,['1E1YyZjbteIz2XQyLvtRxD']
SAFE,3bnpcWBcvlfq4hPFJjNPbz,Khalid,6LuN9FCkKOj5PcnpouEgny,1,['1E6DEDWDKHoOW0fcFuDghV']
The Kid LAROI,2tIP7SsRs7vjIcLrU85W8J,Miley Cyrus,5YGY8feqx7naU7z4HrwZM6,1,['1EHUQesfVKwbthtNcpBi9g']
DJ Khaled,0QHgL1lAIqAw0HtD7YldmP,Lil Baby,5f7VJjfbwm532GiveGC0ZK,7,"['1EJIcDYXwSqipW5dFe4uJz', '1IZGMPe57hATuLJgmMR4eP', '20GrahbI4AzAOWxpYfDKkf', '4U6ubKsTd8RBDP5tPPhh7I', '6pr7X9UZCDn8CruopaNVha', '6xVhqLT40s5sVhepe9Mckc', '7Ddk8FhoYKdsVoX9AOCPMm']"
DJ Khaled,0QHgL1lAIqAw0HtD7YldmP,Lil Durk,3hcs9uc56yIGFCSy9leWe7,2,"['1EJIcDYXwSqipW5dFe4uJz', '1oSh0SKc4MwmXSGiTtqSXp']"
Hugo & Guilherme,1LIuN7ov1IBQDdLsU83ojl,Guilherme & Benuto,6m6e7D2TnV0aYMllFFwMxu,1,['1ELsaYdj2NlxLvkx9g24xZ']
ATR Son Son,1nGRqM8VNcQOcFsOnhpInD,Rod Wave,45TgXXqMDdF8BkjA83OM7z,1,['1ENdcyhqdylaLsPVgB83qq']
The Kid LAROI,2tIP7SsRs7vjIcLrU85W8J,Lil Mosey,5zctI4wO9XSKS8XwcnqEHk,1,['1EWkw4Fa6IlnsAihLUlFFM']
CKay,048LktY5zMnakWq7PTtFrz,ElGrandeToto,4BFLElxtBEdsdwGA1kHTsx,1,['1EYeZGTMCjV7uVey5fNWXM']
G-Eazy,02kJSzxNuaWGqwubyUba0Z,Kehlani,0cGUm45nv7Z6M6qdXYQGTX,1,['1Eck97uRMlprKOOJN9oO1E']
Darell,1TtXnWcUs0FCkaZDPGYHdf,Sech,77ziqFxp5gaInVrF2lj4ht,2,"['1Ej96GIBCTvgH7tNX1r3qr', '4bTZeO72FwMa6wKOiqoynL']"
G Herbo,5QdEbQJ3ylBnc3gsIASAT5,Polo G,6AgTAQt8XS6jRWi4sX7w49,1,['1EnWTwagv0XR5OJ51WMdzj']
The Weeknd,1Xyo4u8uXC1ZmMpatF05PJ,Playboi Carti,699OTQXzgjhIYAHMy9RyPD,3,"['1Es7AUAhQvapIcoh3qMKDL', '6WzRpISELf3YglGAh7TXcG', '7GUhiAHLoVy1V8ucQuZ3CB']"
Kellin Quinn,3M9XAM57a4qFz3v6Lq27t2,mgk,6TIYQ3jFPwQSRmorSezPxX,1,['1F9kEuwT29fgqlovIclu81']
Lil Uzi Vert,4O15NlyKLIASxsJ0PrXPfz,NAV,7rkW85dBwwrJtlHRDkJDAC,3,"['1Faq8G2y56A8fRv7HsLq25', '4D7NrSeqkTarBrJ80b2sBc', '6KhmSJf9FvdAcq1tr8LcYD']"
Luciano,3CJKkU0XuElRT1z8rEtIYg,Central Cee,5H4yInM5zmHqpKIoMNAx4r,1,['1Fb8gCHRkmNAaN8vytd5vg']
Jaden,0xOeVMOz2fVg5BJY3N6akT,Logic,4xRYI6VqpkE3UwrDrAZL8L,1,['1FmdAhS8FqRoEJ4jcSfuKZ']
El Chachito,6OP8Y0UsezppFkU1hZU6EJ,Junior H,7Gi6gjaWy3DxyilpF1a8Is,1,['1Fuc3pBiPFxAeSJoO8tDh5']
Trippie Redd,6Xgp2XMz1fhVYe7i6yNAax,YoungBoy Never Broke Again,7wlFDEWiM5OoIAt8RSli8b,2,"['1FxTz4x5X7ewAICkKhB3kA', '5Tp5zlCgbwXLMa3pgYsNMl']"
J Balvin,1vyhD5VmyZ7KMfW5gqLgo5,Major Lazer,738wLrAtLtCtFOLvQBXOXp,1,['1G2CAJeP7rCwOZjlSJ0Zw3']
El Alfa,2oQX8QiMXOyuqbcZEFsZfm,Major Lazer,738wLrAtLtCtFOLvQBXOXp,1,['1G2CAJeP7rCwOZjlSJ0Zw3']
J Balvin,1vyhD5VmyZ7KMfW5gqLgo5,El Alfa,2oQX8QiMXOyuqbcZEFsZfm,1,['1G2CAJeP7rCwOZjlSJ0Zw3']
J Balvin,1vyhD5VmyZ7KMfW5gqLgo5,Diplo,5fMUXHkw8R8eOP2RNVYEZX,1,['1G2CAJeP7rCwOZjlSJ0Zw3']
El Alfa,2oQX8QiMXOyuqbcZEFsZfm,Diplo,5fMUXHkw8R8eOP2RNVYEZX,1,['1G2CAJeP7rCwOZjlSJ0Zw3']
NATTI NATASHA,1GDbiv3spRmZ1XdM1jQbT7,Thalia,23wEWD21D4TPYiJugoXmYb,1,['1G586ld1gbaECg4Bc6w40O']
Brandi Carlile,2sG4zTOLvjKG1PSoOyf5Ej,Miley Cyrus,5YGY8feqx7naU7z4HrwZM6,1,['1GN6qqehnqUfUHH1gfK81v']
Sebastian Yatra,07YUOmWljBTXwIseAUd9TW,Danna Paola,5xSx2FM8mQnrfgM1QsHniB,1,['1GNSWpe2SB30zYGbNTD96b']
Emilia,0AqlFI0tz2DsEoJlKSIiT9,Duki,1bAftSH8umNcGZ0uyV7LMg,2,"['1GYJpuLq41vEVKXiHGEY9j', '1Hs1uUl8o2VtDp1DABFq0O']"
Fred again..,4oLeXFyACqeem2VImYeBFe,Skrillex,5he5w2lnU9x7JFhnwcekXX,1,['1GfBLbAhZUWdseuDqhocmn']
Flowdan,07CimrZi5vs9iEao47TNQ4,Skrillex,5he5w2lnU9x7JFhnwcekXX,1,['1GfBLbAhZUWdseuDqhocmn']
Flowdan,07CimrZi5vs9iEao47TNQ4,Fred again..,4oLeXFyACqeem2VImYeBFe,1,['1GfBLbAhZUWdseuDqhocmn']
benny blanco,5CiGnKThu5ctn9pBxv7DGa,Marshmello,64KEffDW9EtZ1y2vBYgq8T,1,['1GkHyypTFkUf0QQKwYoXH4']
Vance Joy,10exVja0key0uqUkk6LJRT,benny blanco,5CiGnKThu5ctn9pBxv7DGa,1,['1GkHyypTFkUf0QQKwYoXH4']
Vance Joy,10exVja0key0uqUkk6LJRT,Marshmello,64KEffDW9EtZ1y2vBYgq8T,1,['1GkHyypTFkUf0QQKwYoXH4']
Pop Smoke,0eDvMgVFoNV3TpwtrVCoTj,50 Cent,3q7HBObVc0L8jNeTe5Gofh,1,['1H7KnK26kc1YyellpbINEn']
Pop Smoke,0eDvMgVFoNV3TpwtrVCoTj,Roddy Ricch,757aE44tKEUQEqRuT6GnEB,1,['1H7KnK26kc1YyellpbINEn']
50 Cent,3q7HBObVc0L8jNeTe5Gofh,Roddy Ricch,757aE44tKEUQEqRuT6GnEB,1,['1H7KnK26kc1YyellpbINEn']
Metro Boomin,0iEtIxbK0KxaSlF7G42ZOp,Kodak Black,46SHBwWsqBkxI7EeeBEQG7,1,['1HLL8X0LH20F6Z9SLXLIjr']
21 Savage,1URnnhqYAYcrqrcwql10ft,Kodak Black,46SHBwWsqBkxI7EeeBEQG7,2,"['1HLL8X0LH20F6Z9SLXLIjr', '7FCDmAel69bzxRkOxbh2dB']"
Kali Uchis,1U1el3k54VvEUzo3ybLPlM,KAROL G,790FomKkXshlbRYZFtlgla,2,"['1HLaJowFbNM3MPyqnk5vjW', '1Uvl2i3MlsoqGConBaKi7G']"
Banx & Ranx,2uFC1dAj5b0YU7vulKNZ0p,Ella Eyre,66TrUkUZ3RM29dqeDQRgyA,1,['1HagMz5nWk1HmevNCBOxF3']
Banx & Ranx,2uFC1dAj5b0YU7vulKNZ0p,Yxng Bane,5AbLpsnTQVNB3OEadYiVrK,1,['1HagMz5nWk1HmevNCBOxF3']
Yxng Bane,5AbLpsnTQVNB3OEadYiVrK,Ella Eyre,66TrUkUZ3RM29dqeDQRgyA,1,['1HagMz5nWk1HmevNCBOxF3']
Justin Bieber,1uNFoZAHBGtllmzznpCI3s,Shawn Mendes,7n2wHs1TKAczGzO7Dd2rGr,1,['1HbA4N1MiOsPthALesGFR1']
DJ Khaled,0QHgL1lAIqAw0HtD7YldmP,Cardi B,4kYSro6naA4h99UJvo89HB,2,"['1Hd2XLitkt1PYCWSbfF5qV', '22mQXNE0nCuWq4yOwcadIn']"
DJ Khaled,0QHgL1lAIqAw0HtD7YldmP,21 Savage,1URnnhqYAYcrqrcwql10ft,4,"['1Hd2XLitkt1PYCWSbfF5qV', '1cEhrSF6EylAEqdhUGuNpX', '1oSh0SKc4MwmXSGiTtqSXp', '2ClE3QfsNx9p0zjPKxmUYq']"
DJ Ivis,0RPzmE1iY76tx1eBBXFyYn,Xand Avião,43DRDu6nLSeIedZ7T1A616,1,['1HoapWs5KcMzs8QYdgg9Kt']
Mc Danny,3PZTvUS5fUUhV3EKAjqdZk,Xand Avião,43DRDu6nLSeIedZ7T1A616,1,['1HoapWs5KcMzs8QYdgg9Kt']
DJ Ivis,0RPzmE1iY76tx1eBBXFyYn,Mc Danny,3PZTvUS5fUUhV3EKAjqdZk,1,['1HoapWs5KcMzs8QYdgg9Kt']
LIT killah,1vqR17Iv8VFdzure1TAXEq,Tiago PZK,5Y3MV9DZ0d87NnVm56qSY1,4,"['1Hs1uUl8o2VtDp1DABFq0O', '4TGwERXRlyQtBdggYTHo6j', '6w8yBI2vthyN9UnwO4UBWb', '7I8L3vYCLThw2FDrE6LuzE']"
Maria Becerra,1DxLCyH42yaHKGK3cl5bvG,LIT killah,1vqR17Iv8VFdzure1TAXEq,3,"['1Hs1uUl8o2VtDp1DABFq0O', '4TGwERXRlyQtBdggYTHo6j', '7I8L3vYCLThw2FDrE6LuzE']"
Duki,1bAftSH8umNcGZ0uyV7LMg,LIT killah,1vqR17Iv8VFdzure1TAXEq,2,"['1Hs1uUl8o2VtDp1DABFq0O', '7I8L3vYCLThw2FDrE6LuzE']"
Emilia,0AqlFI0tz2DsEoJlKSIiT9,LIT killah,1vqR17Iv8VFdzure1TAXEq,1,['1Hs1uUl8o2VtDp1DABFq0O']
LIT killah,1vqR17Iv8VFdzure1TAXEq,Rusherking,3Apb2lGmGJaBmr0TTBJvIZ,2,"['1Hs1uUl8o2VtDp1DABFq0O', '7I8L3vYCLThw2FDrE6LuzE']"
LIT killah,1vqR17Iv8VFdzure1TAXEq,Big One,2OhUNb01gLwygOizYvTm0e,1,['1Hs1uUl8o2VtDp1DABFq0O']
FMK,0dUyjgCyjfj5eMx6bX2TWf,LIT killah,1vqR17Iv8VFdzure1TAXEq,1,['1Hs1uUl8o2VtDp1DABFq0O']
Maria Becerra,1DxLCyH42yaHKGK3cl5bvG,Tiago PZK,5Y3MV9DZ0d87NnVm56qSY1,3,"['1Hs1uUl8o2VtDp1DABFq0O', '4TGwERXRlyQtBdggYTHo6j', '7I8L3vYCLThw2FDrE6LuzE']"
Duki,1bAftSH8umNcGZ0uyV7LMg,Tiago PZK,5Y3MV9DZ0d87NnVm56qSY1,3,"['1Hs1uUl8o2VtDp1DABFq0O', '7COGuXyTr12KvdaYXMqheC', '7I8L3vYCLThw2FDrE6LuzE']"
Rusherking,3Apb2lGmGJaBmr0TTBJvIZ,Tiago PZK,5Y3MV9DZ0d87NnVm56qSY1,2,"['1Hs1uUl8o2VtDp1DABFq0O', '7I8L3vYCLThw2FDrE6LuzE']"
Big One,2OhUNb01gLwygOizYvTm0e,Tiago PZK,5Y3MV9DZ0d87NnVm56qSY1,1,['1Hs1uUl8o2VtDp1DABFq0O']
FMK,0dUyjgCyjfj5eMx6bX2TWf,Tiago PZK,5Y3MV9DZ0d87NnVm56qSY1,1,['1Hs1uUl8o2VtDp1DABFq0O']
Maria Becerra,1DxLCyH42yaHKGK3cl5bvG,Duki,1bAftSH8umNcGZ0uyV7LMg,2,"['1Hs1uUl8o2VtDp1DABFq0O', '7I8L3vYCLThw2FDrE6LuzE']"
Emilia,0AqlFI0tz2DsEoJlKSIiT9,Maria Becerra,1DxLCyH42yaHKGK3cl5bvG,1,['1Hs1uUl8o2VtDp1DABFq0O']
Maria Becerra,1DxLCyH42yaHKGK3cl5bvG,Rusherking,3Apb2lGmGJaBmr0TTBJvIZ,2,"['1Hs1uUl8o2VtDp1DABFq0O', '7I8L3vYCLThw2FDrE6LuzE']"
Maria Becerra,1DxLCyH42yaHKGK3cl5bvG,Big One,2OhUNb01gLwygOizYvTm0e,2,"['1Hs1uUl8o2VtDp1DABFq0O', '3KeYEr9ogMBemsOfQIJmZp']"
FMK,0dUyjgCyjfj5eMx6bX2TWf,Maria Becerra,1DxLCyH42yaHKGK3cl5bvG,1,['1Hs1uUl8o2VtDp1DABFq0O']
Duki,1bAftSH8umNcGZ0uyV7LMg,Rusherking,3Apb2lGmGJaBmr0TTBJvIZ,2,"['1Hs1uUl8o2VtDp1DABFq0O', '7I8L3vYCLThw2FDrE6LuzE']"
Duki,1bAftSH8umNcGZ0uyV7LMg,Big One,2OhUNb01gLwygOizYvTm0e,1,['1Hs1uUl8o2VtDp1DABFq0O']
FMK,0dUyjgCyjfj5eMx6bX2TWf,Duki,1bAftSH8umNcGZ0uyV7LMg,1,['1Hs1uUl8o2VtDp1DABFq0O']
Emilia,0AqlFI0tz2DsEoJlKSIiT9,Rusherking,3Apb2lGmGJaBmr0TTBJvIZ,1,['1Hs1uUl8o2VtDp1DABFq0O']
Emilia,0AqlFI0tz2DsEoJlKSIiT9,Big One,2OhUNb01gLwygOizYvTm0e,2,"['1Hs1uUl8o2VtDp1DABFq0O', '7w7BrPbOjF5OxChs2dxFve']"
Emilia,0AqlFI0tz2DsEoJlKSIiT9,FMK,0dUyjgCyjfj5eMx6bX2TWf,1,['1Hs1uUl8o2VtDp1DABFq0O']
Big One,2OhUNb01gLwygOizYvTm0e,Rusherking,3Apb2lGmGJaBmr0TTBJvIZ,1,['1Hs1uUl8o2VtDp1DABFq0O']
FMK,0dUyjgCyjfj5eMx6bX2TWf,Rusherking,3Apb2lGmGJaBmr0TTBJvIZ,1,['1Hs1uUl8o2VtDp1DABFq0O']
FMK,0dUyjgCyjfj5eMx6bX2TWf,Big One,2OhUNb01gLwygOizYvTm0e,2,"['1Hs1uUl8o2VtDp1DABFq0O', '3tiJUOfAEqIrLFRQgGgdoY']"
Louis Theroux,016Rz5DsXUPPxosNTZLYcv,Duke & Jones,3jNm5wvIx1eR5NDdXhMkNV,1,['1I4lCSP69P74nU3a6Su5L2']
Farid Bang,2JwyRtuXf2l6sTnSnGVIa1,French Montana,6vXTefBL93Dj5IqAWq6OTv,1,['1IBUPdwV9TvaipSODdt8QY']
Khaled,28ztjHIXceRRntmTUfnmUX,Farid Bang,2JwyRtuXf2l6sTnSnGVIa1,1,['1IBUPdwV9TvaipSODdt8QY']
Khaled,28ztjHIXceRRntmTUfnmUX,French Montana,6vXTefBL93Dj5IqAWq6OTv,1,['1IBUPdwV9TvaipSODdt8QY']
Young Thug,50co4Is1HCEo8bhOyUWKpn,Chris Brown,7bXgB6jMjp9ATFy66eO08Z,2,"['1IIKrJVP1C9N7iPtG6eOsK', '2XdgSB4TtzUHQYCMfSHbFI']"
Lady Gaga,1HY2Jd0NmPuamShAr6KMms,BLACKPINK,41MozSoPIsD1dJM0CLPjZF,1,['1IWNylpZ477gIVUDpJL66u']
DJ Khaled,0QHgL1lAIqAw0HtD7YldmP,Bryson Tiller,2EMAnMvWE2eb56ToJVfCWs,2,"['1IZGMPe57hATuLJgmMR4eP', '1OAh8uOEOvTDqkKFsKksCi']"
DJ Khaled,0QHgL1lAIqAw0HtD7YldmP,Roddy Ricch,757aE44tKEUQEqRuT6GnEB,2,"['1IZGMPe57hATuLJgmMR4eP', '1oSh0SKc4MwmXSGiTtqSXp']"
Bryson Tiller,2EMAnMvWE2eb56ToJVfCWs,Roddy Ricch,757aE44tKEUQEqRuT6GnEB,1,['1IZGMPe57hATuLJgmMR4eP']
Bryson Tiller,2EMAnMvWE2eb56ToJVfCWs,Lil Baby,5f7VJjfbwm532GiveGC0ZK,1,['1IZGMPe57hATuLJgmMR4eP']
Lil Baby,5f7VJjfbwm532GiveGC0ZK,Roddy Ricch,757aE44tKEUQEqRuT6GnEB,1,['1IZGMPe57hATuLJgmMR4eP']
Lil Wayne,55Aa2cqylxrFIXC767Z865,Eladio Carrion,5XJDexmWFLWOkjOEjOVX3e,1,['1IbYD5V9zCvkPfIPcWqerO']
Post Malone,246dkjvS1zLTtiykXe5h60,Luke Combs,718COspgdWOnwOFpJHRZHS,2,"['1IzCS4zuowRsXu4YS8caOB', '6StwwqB84sJeLr7tZDTxEX']"
Pop Smoke,0eDvMgVFoNV3TpwtrVCoTj,Tyga,5LHRHt1k9lMyONurDHEdrp,1,['1JDhNQ0oOT7XpclZn3aQ8F']
Quavo,0VRj0yCOv2FXJNP47XQnx5,Pop Smoke,0eDvMgVFoNV3TpwtrVCoTj,5,"['1JDhNQ0oOT7XpclZn3aQ8F', '2FhEj9lvEIaJihjFprRrGt', '6O7fPYTsb2mY0PiFt2ymDB', '6f84PrgxSWSv4EBRweHXZJ', '7rSnKi58HPIVC0FVyh04Q1']"
Quavo,0VRj0yCOv2FXJNP47XQnx5,Tyga,5LHRHt1k9lMyONurDHEdrp,2,"['1JDhNQ0oOT7XpclZn3aQ8F', '5CKtlUULFD5aPVX4PL02H6']"
Stunna Gambino,15ZjD8Gus20Miqw3fdOaXX,The Kid LAROI,2tIP7SsRs7vjIcLrU85W8J,1,['1JXBNvlDEl2epKSJ9EOgKX']
Stunna Gambino,15ZjD8Gus20Miqw3fdOaXX,Polo G,6AgTAQt8XS6jRWi4sX7w49,1,['1JXBNvlDEl2epKSJ9EOgKX']
Blueface,3Fl1V19tmjt57oBdxXKAjJ,Cardi B,4kYSro6naA4h99UJvo89HB,1,['1JkrD47SDpAbyvqKtolcea']
YG,0A0FS04o6zMoto8OKPsDwY,Blueface,3Fl1V19tmjt57oBdxXKAjJ,1,['1JkrD47SDpAbyvqKtolcea']
Jaden,0xOeVMOz2fVg5BJY3N6akT,Young Thug,50co4Is1HCEo8bhOyUWKpn,1,['1Jl21sidRpEdlVBvYbssLx']
MC Lan,4mb1xtQVGSK5dh8AbtwBiR,Major Lazer,738wLrAtLtCtFOLvQBXOXp,1,['1K7WzjKDcDdVbKNGrB0gej']
BEAM,46MWeeHNVMYRIIofQBEX98,Major Lazer,738wLrAtLtCtFOLvQBXOXp,1,['1K7WzjKDcDdVbKNGrB0gej']
MC Lan,4mb1xtQVGSK5dh8AbtwBiR,Anitta,7FNnA9vBm6EKceENgCGRMb,1,['1K7WzjKDcDdVbKNGrB0gej']
BEAM,46MWeeHNVMYRIIofQBEX98,MC Lan,4mb1xtQVGSK5dh8AbtwBiR,1,['1K7WzjKDcDdVbKNGrB0gej']
BEAM,46MWeeHNVMYRIIofQBEX98,Anitta,7FNnA9vBm6EKceENgCGRMb,1,['1K7WzjKDcDdVbKNGrB0gej']
Ozuna,1i8SpTcr7yvPOmcqrbnVXY,Wisin,3E6xrwgnVfYCrCs0ePERDz,5,"['1KSqYYJFyfTecXFk9M0prc', '1aYcpI8hXtpAEdBq8fp1pH', '3fhOpwaKobrELFjKLcXHgI', '6jA8JUuPCGYjFcgw0AoM5T', '7rwX0O3RlxqqIjQM8evm5E']"
John Legend,5y2Xq6xcjJb2jVM54GHK3t,Ariana Grande,66CXWjxzNUsdJxJ2JdwvnR,1,['1KT0xdIjm7t053xByACrrg']
Juice WRLD,4MCBfE4596Uoi2O4DtmEMz,benny blanco,5CiGnKThu5ctn9pBxv7DGa,4,"['1KVczjazCcCCgM3gXXUl47', '3ip0jk1C5jIBYTyHNX0dWm', '3uVPLtkmDu8pDkYEAVqbgS', '6cjSh516BbrNUs213jDAGm']"
benny blanco,5CiGnKThu5ctn9pBxv7DGa,Brendon Urie,6eYFryfcEu3QSq59D62wZQ,1,['1KVczjazCcCCgM3gXXUl47']
Juice WRLD,4MCBfE4596Uoi2O4DtmEMz,Brendon Urie,6eYFryfcEu3QSq59D62wZQ,1,['1KVczjazCcCCgM3gXXUl47']
C. Tangana,5TYxZTjIPqKM8K8NuP9woO,Paloma Mami,7rOlQwf8OuFLFQp4aydjBt,1,['1KdwnsWOvhM53vezy5ROuf']
Nyla,4VZY0nxYMSNotbS7WjNVQy,Ed Sheeran,6eUKZXaKkcviH0Ku9w2n3V,1,['1KqvRRQd3lfM0pAlkGPrgD']
Kranium,1LKo6ZA3RNvKtLa6zDu32S,Ed Sheeran,6eUKZXaKkcviH0Ku9w2n3V,1,['1KqvRRQd3lfM0pAlkGPrgD']
Ed Sheeran,6eUKZXaKkcviH0Ku9w2n3V,Major Lazer,738wLrAtLtCtFOLvQBXOXp,1,['1KqvRRQd3lfM0pAlkGPrgD']
Kranium,1LKo6ZA3RNvKtLa6zDu32S,Nyla,4VZY0nxYMSNotbS7WjNVQy,1,['1KqvRRQd3lfM0pAlkGPrgD']
Kranium,1LKo6ZA3RNvKtLa6zDu32S,Major Lazer,738wLrAtLtCtFOLvQBXOXp,1,['1KqvRRQd3lfM0pAlkGPrgD']
Drake,3TVXtAsR1Inumwj472S9r4,Central Cee,5H4yInM5zmHqpKIoMNAx4r,1,['1L0OmJV0LnPDWuHCIGmBV6']
Shirin David,0JBdTCGs111JKKYfLqOEBa,Shindy,5j21TGkrNEAJe3gG9VlS34,1,['1L8LtC2s161XwY6YrtnQjw']
CYRIL,11kt6ggsdxvI8MhyeSMKom,Disturbed,3TOqt5oJwL9BE2NG9MEwDa,1,['1LY3GhF0zxIVgbYEQjCbUO']
Justin Timberlake,31TPClRtHm23RisEBtV3X7,Chris Stapleton,4YLtscXsxbVgi031ovDDdh,1,['1LhMopPAallLeaeNutqbgS']
Anuel AA,2R21vXR83lH98kGeO99Y66,Haze,77iZVjeYoYSl5P0K9mIiUE,1,['1LiN0Z98FkR1t0m8KmLcAH']
Kehlani,0cGUm45nv7Z6M6qdXYQGTX,Disclosure,6nS5roXSAGhTGr34W6n7Et,1,['1LnEy9O3sYTeO6KiPHKGHq']
Syd,3jk39CGeaaSO3FPKNx1RUx,Disclosure,6nS5roXSAGhTGr34W6n7Et,1,['1LnEy9O3sYTeO6KiPHKGHq']
Kehlani,0cGUm45nv7Z6M6qdXYQGTX,Syd,3jk39CGeaaSO3FPKNx1RUx,1,['1LnEy9O3sYTeO6KiPHKGHq']
Yandel,0eHQ9o50hj6ZDNBt6Ys1sD,Bad Bunny,4q3ewBCX7sLwd24euuV69X,3,"['1LszjjoVwDDZcWUQbzeDLG', '3VClLWqNn80Llv0PJOsKgr', '3pm4XtcsRIFFtH2UErk62R']"
Wesley Safadão,1AL2GKpmRrKXkYIcASuRFa,Dj Guuga,1cNPXWhKfjI0fT5EMCnamR,1,['1M5OUvKG03C0QtzvxRS4Zk']
Dj Guuga,1cNPXWhKfjI0fT5EMCnamR,Zé Felipe,7cmuxPnXRJxwuYDHfbD8Eu,1,['1M5OUvKG03C0QtzvxRS4Zk']
Wesley Safadão,1AL2GKpmRrKXkYIcASuRFa,Zé Felipe,7cmuxPnXRJxwuYDHfbD8Eu,2,"['1M5OUvKG03C0QtzvxRS4Zk', '7CJJ7JC3kj9XdweWTvfVhX']"
Sebastian Yatra,07YUOmWljBTXwIseAUd9TW,Manuel Turizo,0tmwSHipWxN12fsoLcFU3B,1,['1MB8kTH7VKvAMfL9SHgJmG']
Sebastian Yatra,07YUOmWljBTXwIseAUd9TW,Beéle,7a0XAaPaK2aDSqa8p3QnC7,1,['1MB8kTH7VKvAMfL9SHgJmG']
Manuel Turizo,0tmwSHipWxN12fsoLcFU3B,Beéle,7a0XAaPaK2aDSqa8p3QnC7,1,['1MB8kTH7VKvAMfL9SHgJmG']
Skip Marley,4ryoUS0W8qXokfMxrlJt6O,Major Lazer,738wLrAtLtCtFOLvQBXOXp,1,['1MBtNXoT6cXrrSstG07Lf7']
El Profesor,2gTcdmBwgyh3EORKIXCzlw,HUGEL,5PlfkPxwCpRRWQJBxCa0By,1,['1MFSD0AkPk8Yq7TDEhrHcb']
Kygo,23fqKkggKUBHNkbKtXEls4,James Gillespie,6wlk4iqaEgEvADMVG6QMd8,1,['1MGGLyAMVQo3T9gSEBJjyH']
Jack Harlow,2LIk90788K0zvyj2JJVwkJ,Pooh Shiesty,5F1aAS1duwlzExnPs3l2Xe,1,['1MIGkQxcdAt2lDx6ySpsc5']
Pharrell Williams,2RdwBSPQiwcmiDo9kixcl8,Lil Uzi Vert,4O15NlyKLIASxsJ0PrXPfz,2,"['1MJErNPIQUoEMu4YUUmecm', '7z4xW9WY86uH3gd1V9pfCM']"
GASHI,0JOxt5QOwq0czoJxvSc5hS,French Montana,6vXTefBL93Dj5IqAWq6OTv,1,['1MUL6DO2gVimj2YrVedubd']
GASHI,0JOxt5QOwq0czoJxvSc5hS,DJ Snake,540vIaP2JwjQb9dm3aArA4,1,['1MUL6DO2gVimj2YrVedubd']
DJ Snake,540vIaP2JwjQb9dm3aArA4,French Montana,6vXTefBL93Dj5IqAWq6OTv,1,['1MUL6DO2gVimj2YrVedubd']
YG,0A0FS04o6zMoto8OKPsDwY,Ty Dolla $ign,7c0XG5cIJTrrAgEC3ULPiq,2,"['1Mb187X5w3OUQNH6P5M28Y', '7gPHxxAq4YjK7GoLT3Vch3']"
Charli xcx,25uiPmTg16RbhZWAqwLBy5,Lizzo,56oDRnqbIiwx4mymNEv7dS,1,['1MfuskV4ODUp14C2dnyPgW']
Big Sean,0c173mlxpT3dSFRgMO8XPh,Eminem,7dGJo4pcD2V6oG8kP0tJRR,2,"['1MksGqIztTT6M9R1ErKVs8', '1ymWIr4E5x6xORlDO0bXlP']"
Nicky Romero,5ChF3i92IPZHduM7jN3dpg,Steve Aoki,77AiFEVeAVj2ORpC85QVJs,1,['1MobXMNPi9e1onV0ElsPEj']
Kiiara,4u5smJBskI6Adzv08PuiUP,Steve Aoki,77AiFEVeAVj2ORpC85QVJs,1,['1MobXMNPi9e1onV0ElsPEj']
Kiiara,4u5smJBskI6Adzv08PuiUP,Nicky Romero,5ChF3i92IPZHduM7jN3dpg,1,['1MobXMNPi9e1onV0ElsPEj']
Maggie Lindemann,0uGk2czvcpWQA383Im6ajf,Cheat Codes,7DMveApC7UnC2NPfPvlHSU,1,['1NDxZ7cFAo481dtYWdrUnR']
CADE,0CEK8AzyeD5ZUdUloB6yQV,Maggie Lindemann,0uGk2czvcpWQA383Im6ajf,1,['1NDxZ7cFAo481dtYWdrUnR']
CADE,0CEK8AzyeD5ZUdUloB6yQV,Cheat Codes,7DMveApC7UnC2NPfPvlHSU,1,['1NDxZ7cFAo481dtYWdrUnR']
Rich The Kid,1pPmIToKXyGdsCF6LmqLmI,Tyga,5LHRHt1k9lMyONurDHEdrp,1,['1NHlyKgtR4roNylOhidKSv']
G-Eazy,02kJSzxNuaWGqwubyUba0Z,Rich The Kid,1pPmIToKXyGdsCF6LmqLmI,1,['1NHlyKgtR4roNylOhidKSv']
The Weeknd,1Xyo4u8uXC1ZmMpatF05PJ,Tyler The Creator,4V8LLVI7PbaPR0K2TGSxFF,1,['1NhjYYcYTRywc0di98xHxf']
Logic,4xRYI6VqpkE3UwrDrAZL8L,OneRepublic,5Pwc4xIPtQLFEnJriah9YJ,1,['1Nj2oBISdFDSF8eDuXcALz']
Rels B,2IMZYfNi21MGqxopj9fWx8,Lia Kali,7rFHoDuiSlV0DGHxckjm89,1,['1O1VvCshhDw3XIOOcfLziL']
Kygo,23fqKkggKUBHNkbKtXEls4,Dean Lewis,3QSQFmccmX81fWCUSPTS7y,1,['1O73ZKgl0THUImkHW6dfAL']
Mc Danny,3PZTvUS5fUUhV3EKAjqdZk,Jeff Costa,7FMscVRC6dsjpDpgt1r4Hn,1,['1O74aTse7W5hd2rAvnEVaW']
Feid,2LRoIwlKmHjgvigdNGBHNo,Paulo Londra,3vQ0GE3mI0dAaxIMYe5g7z,1,['1O9FJyTicBMSqIv0RLRy4i']
DJ Khaled,0QHgL1lAIqAw0HtD7YldmP,Rihanna,5pKCCKE2ajJHZ9KAiaK11H,1,['1OAh8uOEOvTDqkKFsKksCi']
Bryson Tiller,2EMAnMvWE2eb56ToJVfCWs,Rihanna,5pKCCKE2ajJHZ9KAiaK11H,1,['1OAh8uOEOvTDqkKFsKksCi']
Coldplay,4gzpq5DPGxSnKTe4SA8HAU,Seeb,5iNrZmtVMtYev5M9yoWpEq,1,['1OAiWI2oPmglaOiv9fdioU']
Dreamville,1iNqsUDUraNWrj00bqssQG,Cozz,5oFkj1qSlyBUmV5d6Edgtq,1,['1OS9fNE87zO4Z696lBXriv']
Dreamville,1iNqsUDUraNWrj00bqssQG,REASON,6XpXnnKHIhCOUbOLOJGe6o,1,['1OS9fNE87zO4Z696lBXriv']
Dreamville,1iNqsUDUraNWrj00bqssQG,Childish Major,4bMNzAopkqYTwkBLwMKsF1,1,['1OS9fNE87zO4Z696lBXriv']
Cozz,5oFkj1qSlyBUmV5d6Edgtq,REASON,6XpXnnKHIhCOUbOLOJGe6o,1,['1OS9fNE87zO4Z696lBXriv']
Childish Major,4bMNzAopkqYTwkBLwMKsF1,Cozz,5oFkj1qSlyBUmV5d6Edgtq,1,['1OS9fNE87zO4Z696lBXriv']
Childish Major,4bMNzAopkqYTwkBLwMKsF1,REASON,6XpXnnKHIhCOUbOLOJGe6o,1,['1OS9fNE87zO4Z696lBXriv']
J Balvin,1vyhD5VmyZ7KMfW5gqLgo5,Tropkillaz,5bzWtCkjIAMgN93gLt56SO,1,['1OUPXna2MCgAt3VNmXJBtg']
Tropkillaz,5bzWtCkjIAMgN93gLt56SO,Anitta,7FNnA9vBm6EKceENgCGRMb,2,"['1OUPXna2MCgAt3VNmXJBtg', '6u0EAxf1OJTLS7CvInuNd7']"
Tropkillaz,5bzWtCkjIAMgN93gLt56SO,ZAAC,76Xa625geVw0Q7BdyxNjA2,2,"['1OUPXna2MCgAt3VNmXJBtg', '6u0EAxf1OJTLS7CvInuNd7']"
J Balvin,1vyhD5VmyZ7KMfW5gqLgo5,Anitta,7FNnA9vBm6EKceENgCGRMb,3,"['1OUPXna2MCgAt3VNmXJBtg', '3Ga6eKrUFf12ouh9Yw3v2D', '6MNGxu8MprKGkchUchkJsy']"
J Balvin,1vyhD5VmyZ7KMfW5gqLgo5,ZAAC,76Xa625geVw0Q7BdyxNjA2,1,['1OUPXna2MCgAt3VNmXJBtg']
ZAAC,76Xa625geVw0Q7BdyxNjA2,Anitta,7FNnA9vBm6EKceENgCGRMb,3,"['1OUPXna2MCgAt3VNmXJBtg', '4zGtfOglDBfVUypabBwIjQ', '6u0EAxf1OJTLS7CvInuNd7']"
Mc Paiva ZS,0gHj4MPwwcZ8Zl9CY0hqT5,MC Ryan SP,75i9GaW2MJUgt4BkdUnuUY,1,['1OZ4uv7OAP24Ix6j3vojLt']
Mc Paiva ZS,0gHj4MPwwcZ8Zl9CY0hqT5,Kotim,210Sy1oGhvPu929TKoSVcN,1,['1OZ4uv7OAP24Ix6j3vojLt']
Kotim,210Sy1oGhvPu929TKoSVcN,MC Ryan SP,75i9GaW2MJUgt4BkdUnuUY,1,['1OZ4uv7OAP24Ix6j3vojLt']
Camilo,28gNT5KBp7IjEOQoevXf9N,Pedro Capó,4QVBYiagIaa6ZGSPMbybpy,1,['1Ol5LmdNDNpFu1oNwfgkux']
Yebba,1ooV8YZC1KbpEcrmI8WH0F,Drake,3TVXtAsR1Inumwj472S9r4,1,['1PDP7mLiAMwhfmgIwzhOm2']
Chief Keef,15iVAtD3s3FsQR4w1v6M0P,Drake,3TVXtAsR1Inumwj472S9r4,1,['1PIgY9ybyFT9uWLM5POYGY']
Offset,4DdkRBBYG6Yk9Ka8tdJ9BW,Juice WRLD,4MCBfE4596Uoi2O4DtmEMz,1,['1PJH81OEIhWwT6WKTpKRlv']
Nicki Minaj,0hCNtLu0JehylgoiP8L4Gh,Lil Baby,5f7VJjfbwm532GiveGC0ZK,2,"['1PNs0uGru3TcrA94kpyGnc', '7lcI4X8RZxK4zIknJcwpBq']"
Camila Cabello,4nDoRrQiYLoBzwC5BhVJzF,mgk,6TIYQ3jFPwQSRmorSezPxX,1,['1PSBzsahR2AKwLJgx8ehBj']
Travis Scott,0Y5tJX1MQlPlqiwlOH1tJY,Justin Bieber,1uNFoZAHBGtllmzznpCI3s,1,['1PnAx788sAvcI3ZxTlEyX8']
Twenty One Pilots,3YQKmKGau1PzlVlkL1iodx,Arcane,57nPqD7z62gDdq37US9XJR,2,"['1QJbDTZAO8rpGOMG4UahFM', '3qrTll9OQ9wcejTxPFY0qg']"
Sick Luke,0hk4xVujcyOr6USD95wcWb,Shiva,2K5nCggbhSZ00YCYP5qkZS,1,['1QlqHpITeEHB4EWFGqks9J']
Sick Luke,0hk4xVujcyOr6USD95wcWb,Capo Plaza,5SulO4l40qDuV9zUGLZx7n,1,['1QlqHpITeEHB4EWFGqks9J']
Sick Luke,0hk4xVujcyOr6USD95wcWb,Tedua,1AgAVqo74e2q4FVvg0xpT7,1,['1QlqHpITeEHB4EWFGqks9J']
Sick Luke,0hk4xVujcyOr6USD95wcWb,Pyrex,7h1amg0X7Q5d0D5KfuyKTg,1,['1QlqHpITeEHB4EWFGqks9J']
Shiva,2K5nCggbhSZ00YCYP5qkZS,Capo Plaza,5SulO4l40qDuV9zUGLZx7n,1,['1QlqHpITeEHB4EWFGqks9J']
Tedua,1AgAVqo74e2q4FVvg0xpT7,Shiva,2K5nCggbhSZ00YCYP5qkZS,1,['1QlqHpITeEHB4EWFGqks9J']
Shiva,2K5nCggbhSZ00YCYP5qkZS,Pyrex,7h1amg0X7Q5d0D5KfuyKTg,1,['1QlqHpITeEHB4EWFGqks9J']
Capo Plaza,5SulO4l40qDuV9zUGLZx7n,Pyrex,7h1amg0X7Q5d0D5KfuyKTg,1,['1QlqHpITeEHB4EWFGqks9J']
Tedua,1AgAVqo74e2q4FVvg0xpT7,Pyrex,7h1amg0X7Q5d0D5KfuyKTg,1,['1QlqHpITeEHB4EWFGqks9J']
Daniel Caesar,20wkVLutqVOYrc0kxFs7rA,Tyler The Creator,4V8LLVI7PbaPR0K2TGSxFF,2,"['1QoyuMHNBe7lg3YW4Qtll4', '4BSR9I4ExlCJdXJo2GpBD5']"
2 Chainz,17lzZA2AlOHwCwFALHttmp,Ariana Grande,66CXWjxzNUsdJxJ2JdwvnR,2,"['1R6VwZ8TuHRzxZUxe88n4I', '6AyI8UGx8Y4peb7pLOy2pf']"
BTS,3Nrfpe0tUJi4K4DXYWgMUX,Jung Kook,6HaGTQPmzraVmaVxvz6EUc,2,"['1RDvyOk4WtPCtoqciJwVn8', '5Odq8ohlgIbQKMZivbWkEo']"
FIFA Sound,5C01hDqpEmrmDfUhX9YWsH,Jung Kook,6HaGTQPmzraVmaVxvz6EUc,1,['1RDvyOk4WtPCtoqciJwVn8']
BTS,3Nrfpe0tUJi4K4DXYWgMUX,FIFA Sound,5C01hDqpEmrmDfUhX9YWsH,1,['1RDvyOk4WtPCtoqciJwVn8']
Charli xcx,25uiPmTg16RbhZWAqwLBy5,Caroline Polachek,4Ge8xMJNwt6EEXOzVXju9a,1,['1RGidCmtrqER8GBs8TnG9C']
Daniel Caesar,20wkVLutqVOYrc0kxFs7rA,H.E.R.,3Y7RZ31TRPVadSFVy1o8os,1,['1RMJOxR6GRPsBHL8qeC2ux']
Wiz Khalifa,137W8MRPWKqSmrBGDBFSop,Lil Skies,7d3WFRME3vBY2cgoP38RDo,1,['1RagpNpkD3KcjXMLGMe99V']
Peso Pluma,12GqGscKJx3aE4t07u7eVZ,Tito Double P,5eumcnUkdmGvkvcsx1WFNG,6,"['1RzjXhgnzqb3dMa5852itx', '1jIirpaACmgb4nTYfywys4', '3YyTyWfSwAhesGCKpnuRKl', '41EOhpn50qvd8iZSKw531W', '5hNvpD3zyWUv1i7L1SN69P', '5lKFO0PrOC9jmOlPEdjHsL']"
Sia,5WUlDfRSoLAfcVSX1WnrxN,Miley Cyrus,5YGY8feqx7naU7z4HrwZM6,1,['1S1WWTuydW6zljNeHOpZXe']
Post Malone,246dkjvS1zLTtiykXe5h60,Chris Stapleton,4YLtscXsxbVgi031ovDDdh,1,['1SPI4AlK4121PEQPGSpdcY']
JENNIE,250b0Wlc5Vk0CoUsaCY84M,ZICO,4XpUIb8uuNlIWVKmgKZXC0,1,['1SS0WlKhJewviwEDZ6dWj0']
Maes,6L34dW6SKMSDaGIfYDU19j,Ninho,6Te49r3A6f5BiIgBRxH7FH,1,['1Sb7QJRawbARgpMqyYNMkT']
Kiiara,4u5smJBskI6Adzv08PuiUP,Dimitri Vegas & Like Mike,73jBynjsVtofjRpdpRAJGk,1,['1Sl3njkhhz8nrSPZroDQ82']
David Guetta,1Cs0zKBU1kc0i8ypK3B9ai,Kiiara,4u5smJBskI6Adzv08PuiUP,1,['1Sl3njkhhz8nrSPZroDQ82']
Dimitri Vegas,2HkAI0YrEcgoR8QdaURqhO,Kiiara,4u5smJBskI6Adzv08PuiUP,1,['1Sl3njkhhz8nrSPZroDQ82']
Charli xcx,25uiPmTg16RbhZWAqwLBy5,Tove Lo,4NHQUGzhtTLFvgF5SZesLK,1,['1So1tVk3gybvc2I0JY8K22']
Charli xcx,25uiPmTg16RbhZWAqwLBy5,ALMA,6c0mTNAxJxlp9HpKTUZwA8,1,['1So1tVk3gybvc2I0JY8K22']
Tove Lo,4NHQUGzhtTLFvgF5SZesLK,ALMA,6c0mTNAxJxlp9HpKTUZwA8,1,['1So1tVk3gybvc2I0JY8K22']
Nicki Minaj,0hCNtLu0JehylgoiP8L4Gh,Avril Lavigne,0p4nmQO2msCgU4IF37Wi3j,1,['1Spmq0UazGU6ovMIlGldZX']
Lil Baby,5f7VJjfbwm532GiveGC0ZK,Fridayy,7sP4SQ0WY6jfps1I19Ot7i,1,['1T4k0sw0HldDg004Kw4Oct']
Lil Wayne,55Aa2cqylxrFIXC767Z865,mgk,6TIYQ3jFPwQSRmorSezPxX,2,"['1T4tQ4SSagbhAKpvcWg035', '4Gm1VAxKdLS9aL7bkbZZyr']"
Future,1RyvyyTE3xzB2ZywiAwp0i,Eladio Carrion,5XJDexmWFLWOkjOEjOVX3e,1,['1T6CF1qnG0hK0absyeVL5H']
Tyler The Creator,4V8LLVI7PbaPR0K2TGSxFF,Rex Orange County,7pbDxGE6nQSZVfiFdq9lOL,3,"['1TDeDFUYHjZKLsO6bzoVg1', '33i3xxHB4YSYGYbtJrwwO8', '5WNYg3usc6H8N3MBEp4zVk']"
Xavi,3Me35AWHCGqW4sZ7bWWJt1,Tony Aguirre,6twEaJ9RPRYiCmWapjG8xh,1,['1TEKUj8c5iyRNUUxo9SdSD']
Nicki Minaj,0hCNtLu0JehylgoiP8L4Gh,Drake,3TVXtAsR1Inumwj472S9r4,3,"['1TZv3bujNaYz646eezRE91', '4I4G0LD277PWvfblYtSf91', '7KcGEssn7BnJdTgildK5y0']"
Nicki Minaj,0hCNtLu0JehylgoiP8L4Gh,Lil Wayne,55Aa2cqylxrFIXC767Z865,5,"['1TZv3bujNaYz646eezRE91', '2D1MK9oaxy7axXggy3iVbp', '3vgNmjuRDnGLxUFGCLkwpm', '5IvdLxVB8gwwcgnEkXSSW2', '7KcGEssn7BnJdTgildK5y0']"
Drake,3TVXtAsR1Inumwj472S9r4,Lil Wayne,55Aa2cqylxrFIXC767Z865,3,"['1TZv3bujNaYz646eezRE91', '50ceCGZ3oD3U5caQV5bP6f', '7KcGEssn7BnJdTgildK5y0']"
Eurythmics,0NKDgy9j66h3DLnN8qu1bB,Annie Lennox,5MspMQqdVbdwP6ax3GXqum,1,['1TfqLAPs4K3s2rJMoCokcS']
Eurythmics,0NKDgy9j66h3DLnN8qu1bB,Dave Stewart,7gcCQIlkkfbul5Mt0jBQkg,1,['1TfqLAPs4K3s2rJMoCokcS']
Annie Lennox,5MspMQqdVbdwP6ax3GXqum,Dave Stewart,7gcCQIlkkfbul5Mt0jBQkg,1,['1TfqLAPs4K3s2rJMoCokcS']
Rauw Alejandro,1mcTU81TzQhprhouKaTkpq,LATIN MAFIA,6XTGKOV9jceQ6f67lnhpbF,1,['1UTLq40xh63wMrHELGnKWW']
Metro Boomin,0iEtIxbK0KxaSlF7G42ZOp,Mustafa,1zkKkDDra0jlsiJYz57P3P,1,['1UsQe17Ef7tV1ahFqHEFR3']
21 Savage,1URnnhqYAYcrqrcwql10ft,Mustafa,1zkKkDDra0jlsiJYz57P3P,1,['1UsQe17Ef7tV1ahFqHEFR3']
VIZE,09agIJMxCD2k87ys9Al0f0,Joker Bra,325L7kby6bkG5qSXXAFEWM,1,['1V7JaMp11LKGwKiVmSetf0']
David Guetta,1Cs0zKBU1kc0i8ypK3B9ai,MistaJam,3qi5fhSI6aUecvRN0XqIJ2,1,['1V7bZ9gEIwFQpm8yGxRHNA']
David Guetta,1Cs0zKBU1kc0i8ypK3B9ai,John Newman,34v5MVKeQnIo0CWYMbbrPf,1,['1V7bZ9gEIwFQpm8yGxRHNA']
John Newman,34v5MVKeQnIo0CWYMbbrPf,MistaJam,3qi5fhSI6aUecvRN0XqIJ2,1,['1V7bZ9gEIwFQpm8yGxRHNA']
Duki,1bAftSH8umNcGZ0uyV7LMg,Bad Bunny,4q3ewBCX7sLwd24euuV69X,2,"['1V8XneTrX6kKeoxYbk4x6h', '2CRbiMK0W14l71SpDKqKZM']"
Pablo Chill-E,2XcZshqzPKm3iZcmt73R8D,Bad Bunny,4q3ewBCX7sLwd24euuV69X,1,['1V8XneTrX6kKeoxYbk4x6h']
Duki,1bAftSH8umNcGZ0uyV7LMg,Pablo Chill-E,2XcZshqzPKm3iZcmt73R8D,1,['1V8XneTrX6kKeoxYbk4x6h']
Halsey,26VFTg2z8YR0cCuwLzESi2,mgk,6TIYQ3jFPwQSRmorSezPxX,1,['1VSuFS7PahCN3SWbOcQ98m']
Eladio Carrion,5XJDexmWFLWOkjOEjOVX3e,Bizarrap,716NhGYqD1jl2wI1Qkgq36,1,['1VauUM5CBX7nkLcgafQL2B']
Anuel AA,2R21vXR83lH98kGeO99Y66,DJ Luian,64aJYyrXljOodnUG6jvhRD,6,"['1VsHc0qIeyjYOyvN5HIEQG', '3XjvMZqm2AQ8thMCD6w9w2', '4lzxJ4jCuFDXXGkE1LmpKR', '5J64qSSq0VZuh0CiI9o9Nq', '6gMj2DzKR2PjrrbNSwcGFR', '7dNwJbsT0sg1le5kVugGJb']"
Anuel AA,2R21vXR83lH98kGeO99Y66,Mambo Kingz,2T1aUibqR2QC2sINIDQOAK,6,"['1VsHc0qIeyjYOyvN5HIEQG', '3XjvMZqm2AQ8thMCD6w9w2', '4lzxJ4jCuFDXXGkE1LmpKR', '5J64qSSq0VZuh0CiI9o9Nq', '6gMj2DzKR2PjrrbNSwcGFR', '7dNwJbsT0sg1le5kVugGJb']"
Mambo Kingz,2T1aUibqR2QC2sINIDQOAK,DJ Luian,64aJYyrXljOodnUG6jvhRD,10,"['1VsHc0qIeyjYOyvN5HIEQG', '3VClLWqNn80Llv0PJOsKgr', '3XjvMZqm2AQ8thMCD6w9w2', '4lzxJ4jCuFDXXGkE1LmpKR', '5J64qSSq0VZuh0CiI9o9Nq', '5RAIMjdrCEjpjaR5tBATXU', '5hcisvFMidkMJlElTO9Qmw', '6gMj2DzKR2PjrrbNSwcGFR', '7dNwJbsT0sg1le5kVugGJb', '7rwX0O3RlxqqIjQM8evm5E']"
Gucci Mane,13y7CgLHjMVRMDqxdx0Xdo,Justin Bieber,1uNFoZAHBGtllmzznpCI3s,1,['1VsqQEYObJsOPaeZwEXRPg']
Vulgo FK,27azwwkxutWL1BWMkgNIh0,MC PH,4PLdCloYxu2bMKfuuB9lI5,1,['1Vy9Wn5sbiduZKBqBlH3Mc']
Vulgo FK,27azwwkxutWL1BWMkgNIh0,Veigh,4YqwRbMLqGHRHLS1w2ZKse,1,['1Vy9Wn5sbiduZKBqBlH3Mc']
Pedro Lotto,23ot0eI6ByBW6LrlBfr2bm,Vulgo FK,27azwwkxutWL1BWMkgNIh0,1,['1Vy9Wn5sbiduZKBqBlH3Mc']
Vulgo FK,27azwwkxutWL1BWMkgNIh0,Fepache,5dLqjc2m428QbostsKrUYW,1,['1Vy9Wn5sbiduZKBqBlH3Mc']
MC PH,4PLdCloYxu2bMKfuuB9lI5,Veigh,4YqwRbMLqGHRHLS1w2ZKse,1,['1Vy9Wn5sbiduZKBqBlH3Mc']
Pedro Lotto,23ot0eI6ByBW6LrlBfr2bm,MC PH,4PLdCloYxu2bMKfuuB9lI5,1,['1Vy9Wn5sbiduZKBqBlH3Mc']
MC PH,4PLdCloYxu2bMKfuuB9lI5,Fepache,5dLqjc2m428QbostsKrUYW,1,['1Vy9Wn5sbiduZKBqBlH3Mc']
Pedro Lotto,23ot0eI6ByBW6LrlBfr2bm,Veigh,4YqwRbMLqGHRHLS1w2ZKse,1,['1Vy9Wn5sbiduZKBqBlH3Mc']
Veigh,4YqwRbMLqGHRHLS1w2ZKse,Fepache,5dLqjc2m428QbostsKrUYW,1,['1Vy9Wn5sbiduZKBqBlH3Mc']
Pedro Lotto,23ot0eI6ByBW6LrlBfr2bm,Fepache,5dLqjc2m428QbostsKrUYW,1,['1Vy9Wn5sbiduZKBqBlH3Mc']
t-low,3tQzzidoPfVifoURnDfgmD,Miksu / Macloud,76dRoxKtDwYkgCQePok9cU,2,"['1W1N3usYjgI3XGQA0iX9Vq', '5IQvs70wHdurk63TnCV6ZP']"
DJ Khaled,0QHgL1lAIqAw0HtD7YldmP,JAY-Z,3nFkdlSjzX9mRTtwJOzDYB,4,"['1W6wxOOYyJyyok8fqYSZ3m', '2sOj9vyd6yiss9W1IK6chU', '3OoZagIW3YK8vjt0ws6NOI', '5OypcrFg58e4k2iYHi69ED']"
DJ Khaled,0QHgL1lAIqAw0HtD7YldmP,Future,1RyvyyTE3xzB2ZywiAwp0i,6,"['1W6wxOOYyJyyok8fqYSZ3m', '2ClE3QfsNx9p0zjPKxmUYq', '2G60ShHRZZhqxSKbZTWdOh', '5kYSScXYOZYyi0fxramiW6', '6CwTHNCzgkq41m11iPpzsf', '6pr7X9UZCDn8CruopaNVha']"
DJ Khaled,0QHgL1lAIqAw0HtD7YldmP,Beyoncé,6vWDO969PvNqNYHIOW5v0m,2,"['1W6wxOOYyJyyok8fqYSZ3m', '3OoZagIW3YK8vjt0ws6NOI']"
Future,1RyvyyTE3xzB2ZywiAwp0i,JAY-Z,3nFkdlSjzX9mRTtwJOzDYB,1,['1W6wxOOYyJyyok8fqYSZ3m']
Future,1RyvyyTE3xzB2ZywiAwp0i,Beyoncé,6vWDO969PvNqNYHIOW5v0m,1,['1W6wxOOYyJyyok8fqYSZ3m']
David Guetta,1Cs0zKBU1kc0i8ypK3B9ai,Becky Hill,4EPJlUEBy49EX1wuFOvtjK,3,"['1WCEAGGRD066z2Q89ObXTq', '4laAKIq9ZxBCwf99rauPYb', '6feiJqgHqeSvkGUzf11AYs']"
David Guetta,1Cs0zKBU1kc0i8ypK3B9ai,Ella Henderson,7nDsS0l5ZAzMedVRKPP8F1,1,['1WCEAGGRD066z2Q89ObXTq']
Becky Hill,4EPJlUEBy49EX1wuFOvtjK,Ella Henderson,7nDsS0l5ZAzMedVRKPP8F1,1,['1WCEAGGRD066z2Q89ObXTq']
Selena Gomez,0C8ZW7ezQVs4URX5aX7Kqx,benny blanco,5CiGnKThu5ctn9pBxv7DGa,1,['1WSGTYKLEpKfNQYYW5Oymt']
J Balvin,1vyhD5VmyZ7KMfW5gqLgo5,benny blanco,5CiGnKThu5ctn9pBxv7DGa,1,['1WSGTYKLEpKfNQYYW5Oymt']
Tainy,0GM7qgcRCORpGnfcN2tCiB,benny blanco,5CiGnKThu5ctn9pBxv7DGa,1,['1WSGTYKLEpKfNQYYW5Oymt']
Selena Gomez,0C8ZW7ezQVs4URX5aX7Kqx,J Balvin,1vyhD5VmyZ7KMfW5gqLgo5,1,['1WSGTYKLEpKfNQYYW5Oymt']
Selena Gomez,0C8ZW7ezQVs4URX5aX7Kqx,Tainy,0GM7qgcRCORpGnfcN2tCiB,1,['1WSGTYKLEpKfNQYYW5Oymt']
Lil Baby,5f7VJjfbwm532GiveGC0ZK,Lil Yachty,6icQOAFXDZKsumw3YXyusw,1,['1Wc1SQwiThvSu9dMc5opth']
Sunday Service Choir,2c9O21YLFy4tFI9zCVhbFg,Kanye West,5K4W6rqBFWDnAN6FQUkS6x,1,['1WnqWQcWcuQbVzgE7ecfCY']
Summer Cem,3drqpTL4sQOckmAfF9i1wg,KC Rebell,5p7mWeX4RlvqBCxylfiXdE,7,"['1WoM4mof0Nl1xPtwf6h6ow', '2MpaGhvIcWxGpTppgQWM1D', '2rxxXYtTIFKyrhJpofeoIX', '38lQ7lYhN3eSWepnZHaiBF', '3yFmG1luaLjuHWI6BGmwxJ', '4BD9yUEFI07WaDJ381DDMq', '7EN5yE1l414pRyz4AkCEYD']"
Boef,0Jsk5iYMr5aNjHury7blm1,Lil Kleine,3AlRiyjMywTVNzTcHbf9QT,1,['1X8py2jInjgIQ9Y9roDQZC']
Maroon 5,04gDigrS5kc9YWfZHwBETP,Wiz Khalifa,137W8MRPWKqSmrBGDBFSop,1,['1XGmzt0PVuFgQYYnV2It7A']
Selena Gomez,0C8ZW7ezQVs4URX5aX7Kqx,Julia Michaels,0ZED1XzwlLHW4ZaG4lOT6m,1,['1XJ93XskwJf7PCyIVLbNBt']
Hot Shade,3GtCKJA4SkOxN65MWjm82R,Mike Perry,6lB8vOoI4DRrrVxXwuV19c,1,['1XRTXNP8eLpWXfso8Q4dC5']
Gucci Mane,13y7CgLHjMVRMDqxdx0Xdo,Migos,6oMuImdp5ZcFhWP0ESe6mG,3,"['1XRgIKC5TPwo7nWGyKqgG0', '35ffVv9x4mtzBh5rF1K9sP', '6p8NuHm8uCGnn2Dtbtf7zE']"
Juice WRLD,4MCBfE4596Uoi2O4DtmEMz,Young Thug,50co4Is1HCEo8bhOyUWKpn,5,"['1XRzIGsdYaLi0jHeGlcHGP', '3fFBZvG777xoKyvcrBq7lc', '43CIWpJaJHRcI4mUSjqgc2', '572BChNcXOIvtfn2TGmTKc', '5TnLXSd4h6G06Fbt2ApOpa']"
Omega Sapien,46KQM3HJyONaKRTbcfNPlU,Balming Tiger,6vbKIm1WsvhMMDpthYONc1,1,['1XkMxUilV0E3ChDERZJUEq']
bj wnjn,4E4TZnDHlrhclSJgeund1d,Balming Tiger,6vbKIm1WsvhMMDpthYONc1,1,['1XkMxUilV0E3ChDERZJUEq']
Mudd the student,4xHlg3Tcv7TZZzFq0aW2hQ,Balming Tiger,6vbKIm1WsvhMMDpthYONc1,1,['1XkMxUilV0E3ChDERZJUEq']
RM,2auC28zjQyVTsiZKNgPRGs,Balming Tiger,6vbKIm1WsvhMMDpthYONc1,1,['1XkMxUilV0E3ChDERZJUEq']
Omega Sapien,46KQM3HJyONaKRTbcfNPlU,bj wnjn,4E4TZnDHlrhclSJgeund1d,1,['1XkMxUilV0E3ChDERZJUEq']
Omega Sapien,46KQM3HJyONaKRTbcfNPlU,Mudd the student,4xHlg3Tcv7TZZzFq0aW2hQ,1,['1XkMxUilV0E3ChDERZJUEq']
RM,2auC28zjQyVTsiZKNgPRGs,Omega Sapien,46KQM3HJyONaKRTbcfNPlU,1,['1XkMxUilV0E3ChDERZJUEq']
bj wnjn,4E4TZnDHlrhclSJgeund1d,Mudd the student,4xHlg3Tcv7TZZzFq0aW2hQ,1,['1XkMxUilV0E3ChDERZJUEq']
RM,2auC28zjQyVTsiZKNgPRGs,bj wnjn,4E4TZnDHlrhclSJgeund1d,1,['1XkMxUilV0E3ChDERZJUEq']
RM,2auC28zjQyVTsiZKNgPRGs,Mudd the student,4xHlg3Tcv7TZZzFq0aW2hQ,1,['1XkMxUilV0E3ChDERZJUEq']
Dalex,0KPX4Ucy9dk82uj4GpKesn,Anitta,7FNnA9vBm6EKceENgCGRMb,1,['1Xnn1TPyr5h0hpRAT4B4EA']
Dalex,0KPX4Ucy9dk82uj4GpKesn,NATTI NATASHA,1GDbiv3spRmZ1XdM1jQbT7,2,"['1Xnn1TPyr5h0hpRAT4B4EA', '1ndyl3wJCFs872XZ3ztPk6']"
Dalex,0KPX4Ucy9dk82uj4GpKesn,Farruko,329e4yvIujISKGKz1BZZbO,3,"['1Xnn1TPyr5h0hpRAT4B4EA', '1ndyl3wJCFs872XZ3ztPk6', '7fODjB7BrQTGqh0hogW6XD']"
Lenny Tavárez,1pQWsZQehhS4wavwh7Fnxd,Anitta,7FNnA9vBm6EKceENgCGRMb,1,['1Xnn1TPyr5h0hpRAT4B4EA']
NATTI NATASHA,1GDbiv3spRmZ1XdM1jQbT7,Lenny Tavárez,1pQWsZQehhS4wavwh7Fnxd,2,"['1Xnn1TPyr5h0hpRAT4B4EA', '1ndyl3wJCFs872XZ3ztPk6']"
Lenny Tavárez,1pQWsZQehhS4wavwh7Fnxd,Farruko,329e4yvIujISKGKz1BZZbO,3,"['1Xnn1TPyr5h0hpRAT4B4EA', '1ndyl3wJCFs872XZ3ztPk6', '7fODjB7BrQTGqh0hogW6XD']"
NATTI NATASHA,1GDbiv3spRmZ1XdM1jQbT7,Anitta,7FNnA9vBm6EKceENgCGRMb,1,['1Xnn1TPyr5h0hpRAT4B4EA']
Farruko,329e4yvIujISKGKz1BZZbO,Anitta,7FNnA9vBm6EKceENgCGRMb,1,['1Xnn1TPyr5h0hpRAT4B4EA']
Justin Quiles,14zUHaJZo1mnYtn6IBRaRP,Anitta,7FNnA9vBm6EKceENgCGRMb,1,['1Xnn1TPyr5h0hpRAT4B4EA']
Justin Quiles,14zUHaJZo1mnYtn6IBRaRP,NATTI NATASHA,1GDbiv3spRmZ1XdM1jQbT7,2,"['1Xnn1TPyr5h0hpRAT4B4EA', '1ndyl3wJCFs872XZ3ztPk6']"
Justin Quiles,14zUHaJZo1mnYtn6IBRaRP,Farruko,329e4yvIujISKGKz1BZZbO,3,"['1Xnn1TPyr5h0hpRAT4B4EA', '1ndyl3wJCFs872XZ3ztPk6', '7fODjB7BrQTGqh0hogW6XD']"
Stephen Sanchez,5XKFrudbV4IiuE5WuTPRmT,Em Beihold,7o2ZQYM7nTsaVdkXY38UAA,1,['1Y3LN4zO1Edc2EluIoSPJN']
Tory Lanez,2jku7tDXc6XoB6MO2hFuqg,6ix9ine,7gZfnEnfiaHzxARJ2LeXrf,2,"['1Y500yrabUJY2mIQS3RDt4', '6Gy7rXB6Ku5vIWC7WGWsl3']"
Young Thug,50co4Is1HCEo8bhOyUWKpn,6ix9ine,7gZfnEnfiaHzxARJ2LeXrf,1,['1Y500yrabUJY2mIQS3RDt4']
Tory Lanez,2jku7tDXc6XoB6MO2hFuqg,Young Thug,50co4Is1HCEo8bhOyUWKpn,1,['1Y500yrabUJY2mIQS3RDt4']
Rita Ora,5CCwRZC6euC8Odo6y9X8jr,Bebe Rexha,64M6ah0SkkRsnPGtGiRAbb,1,['1YNQscOx6OqBQjxgJVhEeW']
Charli xcx,25uiPmTg16RbhZWAqwLBy5,Rita Ora,5CCwRZC6euC8Odo6y9X8jr,1,['1YNQscOx6OqBQjxgJVhEeW']
Cardi B,4kYSro6naA4h99UJvo89HB,Rita Ora,5CCwRZC6euC8Odo6y9X8jr,1,['1YNQscOx6OqBQjxgJVhEeW']
Charli xcx,25uiPmTg16RbhZWAqwLBy5,Bebe Rexha,64M6ah0SkkRsnPGtGiRAbb,1,['1YNQscOx6OqBQjxgJVhEeW']
Cardi B,4kYSro6naA4h99UJvo89HB,Bebe Rexha,64M6ah0SkkRsnPGtGiRAbb,1,['1YNQscOx6OqBQjxgJVhEeW']
Charli xcx,25uiPmTg16RbhZWAqwLBy5,Cardi B,4kYSro6naA4h99UJvo89HB,1,['1YNQscOx6OqBQjxgJVhEeW']
Rauw Alejandro,1mcTU81TzQhprhouKaTkpq,Romeo Santos,5lwmRuXgjX8xIwlnauTZIP,1,['1YYfyJ2yCvGFCxwjsIqEK9']
A$AP Rocky,13ubrt8QOOCPljQ2FL1Kca,Moby,3OsRAKCvk37zwYcnzRf5XF,2,"['1YmF9PvLhIISIANoMLIYGq', '3oHkMCVJyOcjg5FhfLc2Rq']"
Bad Bunny,4q3ewBCX7sLwd24euuV69X,Bryant Myers,6w9ToX5slZ4uIdmD17hJ3c,1,['1YnChEM51BVZ5dRhbVFEMl']
Kehlani,0cGUm45nv7Z6M6qdXYQGTX,Jhené Aiko,5ZS223C6JyBfXasXxrRqOk,1,['1YqXXJDSlDHrp66g9as4uo']
NLE Choppa,0ErzCpIMyLcjPiwT4elrtZ,Roddy Ricch,757aE44tKEUQEqRuT6GnEB,1,['1Z0cZI0UzNbP9L8MzzGxqf']
Hell Raton,6g5SF1Yz63eoPUnJgRHfrz,MACHETE,7Do8se3ZoaVqUt3woqqSrD,1,['1ZCzbEj3F8SqqtKSupWaBo']
Salmo,3hBQ4zniNdQf1cqqo6hzuW,Hell Raton,6g5SF1Yz63eoPUnJgRHfrz,1,['1ZCzbEj3F8SqqtKSupWaBo']
Pusha T,0ONHkAv9pCAFxb0zJwDNTy,Kanye West,5K4W6rqBFWDnAN6FQUkS6x,5,"['1ZM8toCOlnfBKJdvR8GqUq', '2UwALqx6yOsXTFt7zRxnts', '3DK6m7It6Pw857FcQftMds', '3Wx98ijEDnsxyMYePCuFNI', '5vnuJ8EopkP5dHukpOmT3L']"
Pusha T,0ONHkAv9pCAFxb0zJwDNTy,Kid Cudi,0fA0VVWsXO9YnASrzqfmYu,1,['1ZM8toCOlnfBKJdvR8GqUq']
Kid Cudi,0fA0VVWsXO9YnASrzqfmYu,Kanye West,5K4W6rqBFWDnAN6FQUkS6x,1,['1ZM8toCOlnfBKJdvR8GqUq']
Mahmood,06nvjg4wBANK6DCHjqtPNd,BLANCO,1MRiIeZbc0cRuxOafDUCtH,1,['1ZMGp9MTXbtAPvcKa0U3zS']
SUGA,0ebNdVaOfp6N0oZ1guIxM8,Halsey,26VFTg2z8YR0cCuwLzESi2,2,"['1ZoQVu9XBssJBdeKMgF2eV', '3l6LBCOL9nPsSY29TUY2VE']"
Halsey,26VFTg2z8YR0cCuwLzESi2,BTS,3Nrfpe0tUJi4K4DXYWgMUX,2,"['1ZoQVu9XBssJBdeKMgF2eV', '4a9tbd947vo9K8Vti9JwcI']"
SUGA,0ebNdVaOfp6N0oZ1guIxM8,BTS,3Nrfpe0tUJi4K4DXYWgMUX,2,"['1ZoQVu9XBssJBdeKMgF2eV', '7DF8lvLdV3htIbuTWpc7lR']"
Yeat,3qiHUAX7zY4Qnjx8TNUzVx,Lil Uzi Vert,4O15NlyKLIASxsJ0PrXPfz,1,['1a019wP7IdYLexwbmfZPm3']
Julia Michaels,0ZED1XzwlLHW4ZaG4lOT6m,LANY,49tQo2QULno7gxHutgccqF,1,['1a0Mg4XPdt4EKsUz5beRZY']
Juice WRLD,4MCBfE4596Uoi2O4DtmEMz,Lil Uzi Vert,4O15NlyKLIASxsJ0PrXPfz,2,"['1a7WZZZH7LzyvorhpOJFTe', '3jT2LKH0RSbQ8jIUNFzXm5']"
Kamufle,0JnDkp29FlLpGwsnub400t,Şanışer,5LUxu287CsPM7jy3yS3l86,1,['1aHKVxoYHAWvedbVUTP9SF']
Şanışer,5LUxu287CsPM7jy3yS3l86,Mert Şenel,5YP7LI1ddSh4JFYe03h7ue,1,['1aHKVxoYHAWvedbVUTP9SF']
Şanışer,5LUxu287CsPM7jy3yS3l86,Mirac,7xoGvuN5XfZ3T4dZoJvMCr,1,['1aHKVxoYHAWvedbVUTP9SF']
Aga B,3QKeYTHlgDrec7FDej6XiN,Şanışer,5LUxu287CsPM7jy3yS3l86,1,['1aHKVxoYHAWvedbVUTP9SF']
Şanışer,5LUxu287CsPM7jy3yS3l86,Defkhan,5piE2MZ1wGpBjpDud8kTOS,1,['1aHKVxoYHAWvedbVUTP9SF']
Aspova,2sjnyyL9NXijL3Fr2eLikf,Şanışer,5LUxu287CsPM7jy3yS3l86,1,['1aHKVxoYHAWvedbVUTP9SF']
Yeis Sensura,08zaslX1yBxta9zqc2yoWJ,Şanışer,5LUxu287CsPM7jy3yS3l86,1,['1aHKVxoYHAWvedbVUTP9SF']
Şanışer,5LUxu287CsPM7jy3yS3l86,Sehabe,6P5Tw2kwv3BAa3iONsQe9x,1,['1aHKVxoYHAWvedbVUTP9SF']
Deniz Tekin,4TdvNk4wmn5DgBFiLDeCj0,Şanışer,5LUxu287CsPM7jy3yS3l86,1,['1aHKVxoYHAWvedbVUTP9SF']
Ozbi,4DG2pTwQBor7a6wtoEABau,Şanışer,5LUxu287CsPM7jy3yS3l86,1,['1aHKVxoYHAWvedbVUTP9SF']
Şanışer,5LUxu287CsPM7jy3yS3l86,Sokrat St,7ouCgJkxRBIJljUiQVJK65,1,['1aHKVxoYHAWvedbVUTP9SF']
Şanışer,5LUxu287CsPM7jy3yS3l86,Tahribad-ı İsyan,7KNe21hAKV93GU7joDCs7e,1,['1aHKVxoYHAWvedbVUTP9SF']
Şanışer,5LUxu287CsPM7jy3yS3l86,Beta,6Qhj2IvvWhPa0OgHHruMRL,1,['1aHKVxoYHAWvedbVUTP9SF']
Server Uraz,14obHIpcXd2SsTyR9VBsLL,Şanışer,5LUxu287CsPM7jy3yS3l86,1,['1aHKVxoYHAWvedbVUTP9SF']
Şanışer,5LUxu287CsPM7jy3yS3l86,Hayki,6I65kFgfXDWx56jwnip3TU,1,['1aHKVxoYHAWvedbVUTP9SF']
Ados,4jtv7mIerRdHNQOkFtKyDW,Şanışer,5LUxu287CsPM7jy3yS3l86,1,['1aHKVxoYHAWvedbVUTP9SF']
Şanışer,5LUxu287CsPM7jy3yS3l86,Fuat,6tRmpYzDIjWoRHzbJO7Cpx,1,['1aHKVxoYHAWvedbVUTP9SF']
Kamufle,0JnDkp29FlLpGwsnub400t,Mert Şenel,5YP7LI1ddSh4JFYe03h7ue,1,['1aHKVxoYHAWvedbVUTP9SF']
Kamufle,0JnDkp29FlLpGwsnub400t,Mirac,7xoGvuN5XfZ3T4dZoJvMCr,1,['1aHKVxoYHAWvedbVUTP9SF']
Kamufle,0JnDkp29FlLpGwsnub400t,Aga B,3QKeYTHlgDrec7FDej6XiN,1,['1aHKVxoYHAWvedbVUTP9SF']
Kamufle,0JnDkp29FlLpGwsnub400t,Defkhan,5piE2MZ1wGpBjpDud8kTOS,1,['1aHKVxoYHAWvedbVUTP9SF']
Kamufle,0JnDkp29FlLpGwsnub400t,Aspova,2sjnyyL9NXijL3Fr2eLikf,1,['1aHKVxoYHAWvedbVUTP9SF']
Yeis Sensura,08zaslX1yBxta9zqc2yoWJ,Kamufle,0JnDkp29FlLpGwsnub400t,1,['1aHKVxoYHAWvedbVUTP9SF']
Kamufle,0JnDkp29FlLpGwsnub400t,Sehabe,6P5Tw2kwv3BAa3iONsQe9x,1,['1aHKVxoYHAWvedbVUTP9SF']
Kamufle,0JnDkp29FlLpGwsnub400t,Deniz Tekin,4TdvNk4wmn5DgBFiLDeCj0,1,['1aHKVxoYHAWvedbVUTP9SF']
Kamufle,0JnDkp29FlLpGwsnub400t,Ozbi,4DG2pTwQBor7a6wtoEABau,1,['1aHKVxoYHAWvedbVUTP9SF']
Kamufle,0JnDkp29FlLpGwsnub400t,Sokrat St,7ouCgJkxRBIJljUiQVJK65,1,['1aHKVxoYHAWvedbVUTP9SF']
Kamufle,0JnDkp29FlLpGwsnub400t,Tahribad-ı İsyan,7KNe21hAKV93GU7joDCs7e,1,['1aHKVxoYHAWvedbVUTP9SF']
Kamufle,0JnDkp29FlLpGwsnub400t,Beta,6Qhj2IvvWhPa0OgHHruMRL,1,['1aHKVxoYHAWvedbVUTP9SF']
Kamufle,0JnDkp29FlLpGwsnub400t,Server Uraz,14obHIpcXd2SsTyR9VBsLL,1,['1aHKVxoYHAWvedbVUTP9SF']
Kamufle,0JnDkp29FlLpGwsnub400t,Hayki,6I65kFgfXDWx56jwnip3TU,1,['1aHKVxoYHAWvedbVUTP9SF']
Kamufle,0JnDkp29FlLpGwsnub400t,Ados,4jtv7mIerRdHNQOkFtKyDW,1,['1aHKVxoYHAWvedbVUTP9SF']
Kamufle,0JnDkp29FlLpGwsnub400t,Fuat,6tRmpYzDIjWoRHzbJO7Cpx,1,['1aHKVxoYHAWvedbVUTP9SF']
Mert Şenel,5YP7LI1ddSh4JFYe03h7ue,Mirac,7xoGvuN5XfZ3T4dZoJvMCr,1,['1aHKVxoYHAWvedbVUTP9SF']
Aga B,3QKeYTHlgDrec7FDej6XiN,Mert Şenel,5YP7LI1ddSh4JFYe03h7ue,1,['1aHKVxoYHAWvedbVUTP9SF']
Mert Şenel,5YP7LI1ddSh4JFYe03h7ue,Defkhan,5piE2MZ1wGpBjpDud8kTOS,1,['1aHKVxoYHAWvedbVUTP9SF']
Aspova,2sjnyyL9NXijL3Fr2eLikf,Mert Şenel,5YP7LI1ddSh4JFYe03h7ue,1,['1aHKVxoYHAWvedbVUTP9SF']
Yeis Sensura,08zaslX1yBxta9zqc2yoWJ,Mert Şenel,5YP7LI1ddSh4JFYe03h7ue,1,['1aHKVxoYHAWvedbVUTP9SF']
Mert Şenel,5YP7LI1ddSh4JFYe03h7ue,Sehabe,6P5Tw2kwv3BAa3iONsQe9x,1,['1aHKVxoYHAWvedbVUTP9SF']
Deniz Tekin,4TdvNk4wmn5DgBFiLDeCj0,Mert Şenel,5YP7LI1ddSh4JFYe03h7ue,1,['1aHKVxoYHAWvedbVUTP9SF']
Ozbi,4DG2pTwQBor7a6wtoEABau,Mert Şenel,5YP7LI1ddSh4JFYe03h7ue,1,['1aHKVxoYHAWvedbVUTP9SF']
Mert Şenel,5YP7LI1ddSh4JFYe03h7ue,Sokrat St,7ouCgJkxRBIJljUiQVJK65,1,['1aHKVxoYHAWvedbVUTP9SF']
Mert Şenel,5YP7LI1ddSh4JFYe03h7ue,Tahribad-ı İsyan,7KNe21hAKV93GU7joDCs7e,1,['1aHKVxoYHAWvedbVUTP9SF']
Mert Şenel,5YP7LI1ddSh4JFYe03h7ue,Beta,6Qhj2IvvWhPa0OgHHruMRL,1,['1aHKVxoYHAWvedbVUTP9SF']
Server Uraz,14obHIpcXd2SsTyR9VBsLL,Mert Şenel,5YP7LI1ddSh4JFYe03h7ue,1,['1aHKVxoYHAWvedbVUTP9SF']
Mert Şenel,5YP7LI1ddSh4JFYe03h7ue,Hayki,6I65kFgfXDWx56jwnip3TU,1,['1aHKVxoYHAWvedbVUTP9SF']
Ados,4jtv7mIerRdHNQOkFtKyDW,Mert Şenel,5YP7LI1ddSh4JFYe03h7ue,1,['1aHKVxoYHAWvedbVUTP9SF']
Mert Şenel,5YP7LI1ddSh4JFYe03h7ue,Fuat,6tRmpYzDIjWoRHzbJO7Cpx,1,['1aHKVxoYHAWvedbVUTP9SF']
Aga B,3QKeYTHlgDrec7FDej6XiN,Mirac,7xoGvuN5XfZ3T4dZoJvMCr,1,['1aHKVxoYHAWvedbVUTP9SF']
Defkhan,5piE2MZ1wGpBjpDud8kTOS,Mirac,7xoGvuN5XfZ3T4dZoJvMCr,1,['1aHKVxoYHAWvedbVUTP9SF']
Aspova,2sjnyyL9NXijL3Fr2eLikf,Mirac,7xoGvuN5XfZ3T4dZoJvMCr,1,['1aHKVxoYHAWvedbVUTP9SF']
Yeis Sensura,08zaslX1yBxta9zqc2yoWJ,Mirac,7xoGvuN5XfZ3T4dZoJvMCr,1,['1aHKVxoYHAWvedbVUTP9SF']
Sehabe,6P5Tw2kwv3BAa3iONsQe9x,Mirac,7xoGvuN5XfZ3T4dZoJvMCr,1,['1aHKVxoYHAWvedbVUTP9SF']
Deniz Tekin,4TdvNk4wmn5DgBFiLDeCj0,Mirac,7xoGvuN5XfZ3T4dZoJvMCr,1,['1aHKVxoYHAWvedbVUTP9SF']
Ozbi,4DG2pTwQBor7a6wtoEABau,Mirac,7xoGvuN5XfZ3T4dZoJvMCr,1,['1aHKVxoYHAWvedbVUTP9SF']
Sokrat St,7ouCgJkxRBIJljUiQVJK65,Mirac,7xoGvuN5XfZ3T4dZoJvMCr,1,['1aHKVxoYHAWvedbVUTP9SF']
Tahribad-ı İsyan,7KNe21hAKV93GU7joDCs7e,Mirac,7xoGvuN5XfZ3T4dZoJvMCr,1,['1aHKVxoYHAWvedbVUTP9SF']
Beta,6Qhj2IvvWhPa0OgHHruMRL,Mirac,7xoGvuN5XfZ3T4dZoJvMCr,1,['1aHKVxoYHAWvedbVUTP9SF']
Server Uraz,14obHIpcXd2SsTyR9VBsLL,Mirac,7xoGvuN5XfZ3T4dZoJvMCr,1,['1aHKVxoYHAWvedbVUTP9SF']
Hayki,6I65kFgfXDWx56jwnip3TU,Mirac,7xoGvuN5XfZ3T4dZoJvMCr,1,['1aHKVxoYHAWvedbVUTP9SF']
Ados,4jtv7mIerRdHNQOkFtKyDW,Mirac,7xoGvuN5XfZ3T4dZoJvMCr,1,['1aHKVxoYHAWvedbVUTP9SF']
Fuat,6tRmpYzDIjWoRHzbJO7Cpx,Mirac,7xoGvuN5XfZ3T4dZoJvMCr,1,['1aHKVxoYHAWvedbVUTP9SF']
Aga B,3QKeYTHlgDrec7FDej6XiN,Defkhan,5piE2MZ1wGpBjpDud8kTOS,1,['1aHKVxoYHAWvedbVUTP9SF']
Aspova,2sjnyyL9NXijL3Fr2eLikf,Aga B,3QKeYTHlgDrec7FDej6XiN,1,['1aHKVxoYHAWvedbVUTP9SF']
Yeis Sensura,08zaslX1yBxta9zqc2yoWJ,Aga B,3QKeYTHlgDrec7FDej6XiN,1,['1aHKVxoYHAWvedbVUTP9SF']
Aga B,3QKeYTHlgDrec7FDej6XiN,Sehabe,6P5Tw2kwv3BAa3iONsQe9x,1,['1aHKVxoYHAWvedbVUTP9SF']
Aga B,3QKeYTHlgDrec7FDej6XiN,Deniz Tekin,4TdvNk4wmn5DgBFiLDeCj0,1,['1aHKVxoYHAWvedbVUTP9SF']
Aga B,3QKeYTHlgDrec7FDej6XiN,Ozbi,4DG2pTwQBor7a6wtoEABau,1,['1aHKVxoYHAWvedbVUTP9SF']
Aga B,3QKeYTHlgDrec7FDej6XiN,Sokrat St,7ouCgJkxRBIJljUiQVJK65,1,['1aHKVxoYHAWvedbVUTP9SF']
Aga B,3QKeYTHlgDrec7FDej6XiN,Tahribad-ı İsyan,7KNe21hAKV93GU7joDCs7e,1,['1aHKVxoYHAWvedbVUTP9SF']
Aga B,3QKeYTHlgDrec7FDej6XiN,Beta,6Qhj2IvvWhPa0OgHHruMRL,1,['1aHKVxoYHAWvedbVUTP9SF']
Server Uraz,14obHIpcXd2SsTyR9VBsLL,Aga B,3QKeYTHlgDrec7FDej6XiN,1,['1aHKVxoYHAWvedbVUTP9SF']
Aga B,3QKeYTHlgDrec7FDej6XiN,Hayki,6I65kFgfXDWx56jwnip3TU,1,['1aHKVxoYHAWvedbVUTP9SF']
Aga B,3QKeYTHlgDrec7FDej6XiN,Ados,4jtv7mIerRdHNQOkFtKyDW,1,['1aHKVxoYHAWvedbVUTP9SF']
Aga B,3QKeYTHlgDrec7FDej6XiN,Fuat,6tRmpYzDIjWoRHzbJO7Cpx,1,['1aHKVxoYHAWvedbVUTP9SF']
Aspova,2sjnyyL9NXijL3Fr2eLikf,Defkhan,5piE2MZ1wGpBjpDud8kTOS,1,['1aHKVxoYHAWvedbVUTP9SF']
Yeis Sensura,08zaslX1yBxta9zqc2yoWJ,Defkhan,5piE2MZ1wGpBjpDud8kTOS,1,['1aHKVxoYHAWvedbVUTP9SF']
Defkhan,5piE2MZ1wGpBjpDud8kTOS,Sehabe,6P5Tw2kwv3BAa3iONsQe9x,1,['1aHKVxoYHAWvedbVUTP9SF']
Deniz Tekin,4TdvNk4wmn5DgBFiLDeCj0,Defkhan,5piE2MZ1wGpBjpDud8kTOS,1,['1aHKVxoYHAWvedbVUTP9SF']
Ozbi,4DG2pTwQBor7a6wtoEABau,Defkhan,5piE2MZ1wGpBjpDud8kTOS,1,['1aHKVxoYHAWvedbVUTP9SF']
Defkhan,5piE2MZ1wGpBjpDud8kTOS,Sokrat St,7ouCgJkxRBIJljUiQVJK65,1,['1aHKVxoYHAWvedbVUTP9SF']
Defkhan,5piE2MZ1wGpBjpDud8kTOS,Tahribad-ı İsyan,7KNe21hAKV93GU7joDCs7e,1,['1aHKVxoYHAWvedbVUTP9SF']
Defkhan,5piE2MZ1wGpBjpDud8kTOS,Beta,6Qhj2IvvWhPa0OgHHruMRL,1,['1aHKVxoYHAWvedbVUTP9SF']
Server Uraz,14obHIpcXd2SsTyR9VBsLL,Defkhan,5piE2MZ1wGpBjpDud8kTOS,1,['1aHKVxoYHAWvedbVUTP9SF']
Defkhan,5piE2MZ1wGpBjpDud8kTOS,Hayki,6I65kFgfXDWx56jwnip3TU,1,['1aHKVxoYHAWvedbVUTP9SF']
Ados,4jtv7mIerRdHNQOkFtKyDW,Defkhan,5piE2MZ1wGpBjpDud8kTOS,1,['1aHKVxoYHAWvedbVUTP9SF']
Defkhan,5piE2MZ1wGpBjpDud8kTOS,Fuat,6tRmpYzDIjWoRHzbJO7Cpx,1,['1aHKVxoYHAWvedbVUTP9SF']
Yeis Sensura,08zaslX1yBxta9zqc2yoWJ,Aspova,2sjnyyL9NXijL3Fr2eLikf,1,['1aHKVxoYHAWvedbVUTP9SF']
Aspova,2sjnyyL9NXijL3Fr2eLikf,Sehabe,6P5Tw2kwv3BAa3iONsQe9x,1,['1aHKVxoYHAWvedbVUTP9SF']
Aspova,2sjnyyL9NXijL3Fr2eLikf,Deniz Tekin,4TdvNk4wmn5DgBFiLDeCj0,1,['1aHKVxoYHAWvedbVUTP9SF']
Aspova,2sjnyyL9NXijL3Fr2eLikf,Ozbi,4DG2pTwQBor7a6wtoEABau,1,['1aHKVxoYHAWvedbVUTP9SF']
Aspova,2sjnyyL9NXijL3Fr2eLikf,Sokrat St,7ouCgJkxRBIJljUiQVJK65,1,['1aHKVxoYHAWvedbVUTP9SF']
Aspova,2sjnyyL9NXijL3Fr2eLikf,Tahribad-ı İsyan,7KNe21hAKV93GU7joDCs7e,1,['1aHKVxoYHAWvedbVUTP9SF']
Aspova,2sjnyyL9NXijL3Fr2eLikf,Beta,6Qhj2IvvWhPa0OgHHruMRL,1,['1aHKVxoYHAWvedbVUTP9SF']
Server Uraz,14obHIpcXd2SsTyR9VBsLL,Aspova,2sjnyyL9NXijL3Fr2eLikf,1,['1aHKVxoYHAWvedbVUTP9SF']
Aspova,2sjnyyL9NXijL3Fr2eLikf,Hayki,6I65kFgfXDWx56jwnip3TU,1,['1aHKVxoYHAWvedbVUTP9SF']
Aspova,2sjnyyL9NXijL3Fr2eLikf,Ados,4jtv7mIerRdHNQOkFtKyDW,1,['1aHKVxoYHAWvedbVUTP9SF']
Aspova,2sjnyyL9NXijL3Fr2eLikf,Fuat,6tRmpYzDIjWoRHzbJO7Cpx,1,['1aHKVxoYHAWvedbVUTP9SF']
Yeis Sensura,08zaslX1yBxta9zqc2yoWJ,Sehabe,6P5Tw2kwv3BAa3iONsQe9x,1,['1aHKVxoYHAWvedbVUTP9SF']
Yeis Sensura,08zaslX1yBxta9zqc2yoWJ,Deniz Tekin,4TdvNk4wmn5DgBFiLDeCj0,1,['1aHKVxoYHAWvedbVUTP9SF']
Yeis Sensura,08zaslX1yBxta9zqc2yoWJ,Ozbi,4DG2pTwQBor7a6wtoEABau,1,['1aHKVxoYHAWvedbVUTP9SF']
Yeis Sensura,08zaslX1yBxta9zqc2yoWJ,Sokrat St,7ouCgJkxRBIJljUiQVJK65,1,['1aHKVxoYHAWvedbVUTP9SF']
Yeis Sensura,08zaslX1yBxta9zqc2yoWJ,Tahribad-ı İsyan,7KNe21hAKV93GU7joDCs7e,1,['1aHKVxoYHAWvedbVUTP9SF']
Yeis Sensura,08zaslX1yBxta9zqc2yoWJ,Beta,6Qhj2IvvWhPa0OgHHruMRL,1,['1aHKVxoYHAWvedbVUTP9SF']
Yeis Sensura,08zaslX1yBxta9zqc2yoWJ,Server Uraz,14obHIpcXd2SsTyR9VBsLL,1,['1aHKVxoYHAWvedbVUTP9SF']
Yeis Sensura,08zaslX1yBxta9zqc2yoWJ,Hayki,6I65kFgfXDWx56jwnip3TU,1,['1aHKVxoYHAWvedbVUTP9SF']
Yeis Sensura,08zaslX1yBxta9zqc2yoWJ,Ados,4jtv7mIerRdHNQOkFtKyDW,1,['1aHKVxoYHAWvedbVUTP9SF']
Yeis Sensura,08zaslX1yBxta9zqc2yoWJ,Fuat,6tRmpYzDIjWoRHzbJO7Cpx,1,['1aHKVxoYHAWvedbVUTP9SF']
Deniz Tekin,4TdvNk4wmn5DgBFiLDeCj0,Sehabe,6P5Tw2kwv3BAa3iONsQe9x,1,['1aHKVxoYHAWvedbVUTP9SF']
Ozbi,4DG2pTwQBor7a6wtoEABau,Sehabe,6P5Tw2kwv3BAa3iONsQe9x,1,['1aHKVxoYHAWvedbVUTP9SF']
Sehabe,6P5Tw2kwv3BAa3iONsQe9x,Sokrat St,7ouCgJkxRBIJljUiQVJK65,1,['1aHKVxoYHAWvedbVUTP9SF']
Sehabe,6P5Tw2kwv3BAa3iONsQe9x,Tahribad-ı İsyan,7KNe21hAKV93GU7joDCs7e,1,['1aHKVxoYHAWvedbVUTP9SF']
Sehabe,6P5Tw2kwv3BAa3iONsQe9x,Beta,6Qhj2IvvWhPa0OgHHruMRL,1,['1aHKVxoYHAWvedbVUTP9SF']
Server Uraz,14obHIpcXd2SsTyR9VBsLL,Sehabe,6P5Tw2kwv3BAa3iONsQe9x,1,['1aHKVxoYHAWvedbVUTP9SF']
Hayki,6I65kFgfXDWx56jwnip3TU,Sehabe,6P5Tw2kwv3BAa3iONsQe9x,1,['1aHKVxoYHAWvedbVUTP9SF']
Ados,4jtv7mIerRdHNQOkFtKyDW,Sehabe,6P5Tw2kwv3BAa3iONsQe9x,1,['1aHKVxoYHAWvedbVUTP9SF']
Sehabe,6P5Tw2kwv3BAa3iONsQe9x,Fuat,6tRmpYzDIjWoRHzbJO7Cpx,1,['1aHKVxoYHAWvedbVUTP9SF']
Ozbi,4DG2pTwQBor7a6wtoEABau,Deniz Tekin,4TdvNk4wmn5DgBFiLDeCj0,1,['1aHKVxoYHAWvedbVUTP9SF']
Deniz Tekin,4TdvNk4wmn5DgBFiLDeCj0,Sokrat St,7ouCgJkxRBIJljUiQVJK65,1,['1aHKVxoYHAWvedbVUTP9SF']
Deniz Tekin,4TdvNk4wmn5DgBFiLDeCj0,Tahribad-ı İsyan,7KNe21hAKV93GU7joDCs7e,1,['1aHKVxoYHAWvedbVUTP9SF']
Deniz Tekin,4TdvNk4wmn5DgBFiLDeCj0,Beta,6Qhj2IvvWhPa0OgHHruMRL,1,['1aHKVxoYHAWvedbVUTP9SF']
Server Uraz,14obHIpcXd2SsTyR9VBsLL,Deniz Tekin,4TdvNk4wmn5DgBFiLDeCj0,1,['1aHKVxoYHAWvedbVUTP9SF']
Deniz Tekin,4TdvNk4wmn5DgBFiLDeCj0,Hayki,6I65kFgfXDWx56jwnip3TU,1,['1aHKVxoYHAWvedbVUTP9SF']
Deniz Tekin,4TdvNk4wmn5DgBFiLDeCj0,Ados,4jtv7mIerRdHNQOkFtKyDW,1,['1aHKVxoYHAWvedbVUTP9SF']
Deniz Tekin,4TdvNk4wmn5DgBFiLDeCj0,Fuat,6tRmpYzDIjWoRHzbJO7Cpx,1,['1aHKVxoYHAWvedbVUTP9SF']
Ozbi,4DG2pTwQBor7a6wtoEABau,Sokrat St,7ouCgJkxRBIJljUiQVJK65,1,['1aHKVxoYHAWvedbVUTP9SF']
Ozbi,4DG2pTwQBor7a6wtoEABau,Tahribad-ı İsyan,7KNe21hAKV93GU7joDCs7e,1,['1aHKVxoYHAWvedbVUTP9SF']
Ozbi,4DG2pTwQBor7a6wtoEABau,Beta,6Qhj2IvvWhPa0OgHHruMRL,1,['1aHKVxoYHAWvedbVUTP9SF']
Server Uraz,14obHIpcXd2SsTyR9VBsLL,Ozbi,4DG2pTwQBor7a6wtoEABau,1,['1aHKVxoYHAWvedbVUTP9SF']
Ozbi,4DG2pTwQBor7a6wtoEABau,Hayki,6I65kFgfXDWx56jwnip3TU,1,['1aHKVxoYHAWvedbVUTP9SF']
Ozbi,4DG2pTwQBor7a6wtoEABau,Ados,4jtv7mIerRdHNQOkFtKyDW,1,['1aHKVxoYHAWvedbVUTP9SF']
Ozbi,4DG2pTwQBor7a6wtoEABau,Fuat,6tRmpYzDIjWoRHzbJO7Cpx,1,['1aHKVxoYHAWvedbVUTP9SF']
Tahribad-ı İsyan,7KNe21hAKV93GU7joDCs7e,Sokrat St,7ouCgJkxRBIJljUiQVJK65,1,['1aHKVxoYHAWvedbVUTP9SF']
Beta,6Qhj2IvvWhPa0OgHHruMRL,Sokrat St,7ouCgJkxRBIJljUiQVJK65,1,['1aHKVxoYHAWvedbVUTP9SF']
Server Uraz,14obHIpcXd2SsTyR9VBsLL,Sokrat St,7ouCgJkxRBIJljUiQVJK65,1,['1aHKVxoYHAWvedbVUTP9SF']
Hayki,6I65kFgfXDWx56jwnip3TU,Sokrat St,7ouCgJkxRBIJljUiQVJK65,1,['1aHKVxoYHAWvedbVUTP9SF']
Ados,4jtv7mIerRdHNQOkFtKyDW,Sokrat St,7ouCgJkxRBIJljUiQVJK65,1,['1aHKVxoYHAWvedbVUTP9SF']
Fuat,6tRmpYzDIjWoRHzbJO7Cpx,Sokrat St,7ouCgJkxRBIJljUiQVJK65,1,['1aHKVxoYHAWvedbVUTP9SF']
Beta,6Qhj2IvvWhPa0OgHHruMRL,Tahribad-ı İsyan,7KNe21hAKV93GU7joDCs7e,1,['1aHKVxoYHAWvedbVUTP9SF']
Server Uraz,14obHIpcXd2SsTyR9VBsLL,Tahribad-ı İsyan,7KNe21hAKV93GU7joDCs7e,1,['1aHKVxoYHAWvedbVUTP9SF']
Hayki,6I65kFgfXDWx56jwnip3TU,Tahribad-ı İsyan,7KNe21hAKV93GU7joDCs7e,1,['1aHKVxoYHAWvedbVUTP9SF']
Ados,4jtv7mIerRdHNQOkFtKyDW,Tahribad-ı İsyan,7KNe21hAKV93GU7joDCs7e,1,['1aHKVxoYHAWvedbVUTP9SF']
Fuat,6tRmpYzDIjWoRHzbJO7Cpx,Tahribad-ı İsyan,7KNe21hAKV93GU7joDCs7e,1,['1aHKVxoYHAWvedbVUTP9SF']
Server Uraz,14obHIpcXd2SsTyR9VBsLL,Beta,6Qhj2IvvWhPa0OgHHruMRL,1,['1aHKVxoYHAWvedbVUTP9SF']
Hayki,6I65kFgfXDWx56jwnip3TU,Beta,6Qhj2IvvWhPa0OgHHruMRL,1,['1aHKVxoYHAWvedbVUTP9SF']
Ados,4jtv7mIerRdHNQOkFtKyDW,Beta,6Qhj2IvvWhPa0OgHHruMRL,1,['1aHKVxoYHAWvedbVUTP9SF']
Beta,6Qhj2IvvWhPa0OgHHruMRL,Fuat,6tRmpYzDIjWoRHzbJO7Cpx,1,['1aHKVxoYHAWvedbVUTP9SF']
Server Uraz,14obHIpcXd2SsTyR9VBsLL,Hayki,6I65kFgfXDWx56jwnip3TU,1,['1aHKVxoYHAWvedbVUTP9SF']
Server Uraz,14obHIpcXd2SsTyR9VBsLL,Ados,4jtv7mIerRdHNQOkFtKyDW,1,['1aHKVxoYHAWvedbVUTP9SF']
Server Uraz,14obHIpcXd2SsTyR9VBsLL,Fuat,6tRmpYzDIjWoRHzbJO7Cpx,1,['1aHKVxoYHAWvedbVUTP9SF']
Ados,4jtv7mIerRdHNQOkFtKyDW,Hayki,6I65kFgfXDWx56jwnip3TU,1,['1aHKVxoYHAWvedbVUTP9SF']
Hayki,6I65kFgfXDWx56jwnip3TU,Fuat,6tRmpYzDIjWoRHzbJO7Cpx,1,['1aHKVxoYHAWvedbVUTP9SF']
Ados,4jtv7mIerRdHNQOkFtKyDW,Fuat,6tRmpYzDIjWoRHzbJO7Cpx,1,['1aHKVxoYHAWvedbVUTP9SF']
Taylor Swift,06HL4z0CvFAxyc27GXpf02,Big Red Machine,7gXy60xRcwYujBFoYHnR2O,1,['1aU1wpYBSpP0M6IiihY5Ue']
Lyanno,1Ts9of7VPZElwPQnqnDSfW,Rauw Alejandro,1mcTU81TzQhprhouKaTkpq,2,"['1aUq8rjW1EwkAkMri4VfJy', '74j34STf8L6uADnTN69ohv']"
Brray,1GKIlPFdcewHtpDVCQ8zmJ,Rauw Alejandro,1mcTU81TzQhprhouKaTkpq,1,['1aUq8rjW1EwkAkMri4VfJy']
Brray,1GKIlPFdcewHtpDVCQ8zmJ,Lyanno,1Ts9of7VPZElwPQnqnDSfW,1,['1aUq8rjW1EwkAkMri4VfJy']
Yandel,0eHQ9o50hj6ZDNBt6Ys1sD,Ozuna,1i8SpTcr7yvPOmcqrbnVXY,1,['1aYcpI8hXtpAEdBq8fp1pH']
Jimin,1oSPZhvZMIrWW5I41kPkkY,Loco,2e4G04F77jxVuDYo44TCSm,1,['1agDCV4zQqaFwJQNsTgmL1']
Tokischa,2p4aN0Uxkk3iT3HK0cJ2cJ,ROSALÍA,7ltDVBr6mKbRvohxheJ9h1,2,"['1ahCrpeTt94LL7y1aXw0Y8', '5gCNf9wMVrYuM2fvfgLTlF']"
Martin Garrix,60d24wfXkVzDSfLS6hyCjZ,Bonn,7Io0XduXk7aOHFHA7sLru2,3,"['1ahVFh0ViDZr8LvkEVlq3B', '4aTtHoSBB0CuQGA6vXBNyp', '4ut5G4rgB1ClpMTMfjoIuy']"
Doja Cat,5cj0lLjcoR7YOSnhnX0Po5,JID,6U3ybJ9UHNKEdsH7ktGBZ7,1,['1ayV64ur8VWgc6OPtPRl1q']
WENDY,0FRUZvZNPzM3YJMABJxf2K,Jin,5vV3bFXnN6D6N3Nj4xRvaV,1,['1b6qYBwDMBpFylGVT4PRgD']
Big Sean,0c173mlxpT3dSFRgMO8XPh,Lil Wayne,55Aa2cqylxrFIXC767Z865,2,"['1bRO28yzxgO3y3UmNR29TZ', '6Dq8FZrvx9S28iyaKSwn9x']"
Lil Wayne,55Aa2cqylxrFIXC767Z865,Lil Baby,5f7VJjfbwm532GiveGC0ZK,2,"['1bRO28yzxgO3y3UmNR29TZ', '3EVzllf30zIBAtKb75bs1W']"
Big Sean,0c173mlxpT3dSFRgMO8XPh,Lil Baby,5f7VJjfbwm532GiveGC0ZK,1,['1bRO28yzxgO3y3UmNR29TZ']
Rafa Pabön,11YLRSsZA3YVuQQtHXKTlz,Alex Rose,2DspEsT7UXGKd2VaaedgG4,1,['1bRpSCFv6P2OUhciByeRYR']
Matheus Fernandes,37mqXU98U5GmH5ZDtlHM1c,Dilsinho,4NUePmzDvCYqilXBFa91Hg,2,"['1bWBG6IkMnDr3qvCKSvQT7', '5R9KPXQVeyqsHZoPLMgfNy']"
Zara Larsson,1Xylc3o4UrD53lo9CvFvVg,Alesso,4AVFqumd2ogHFlRbKIjp1t,1,['1bgKMxPQU7JIZEhNsM1vFs']
Ed Sheeran,6eUKZXaKkcviH0Ku9w2n3V,Beyoncé,6vWDO969PvNqNYHIOW5v0m,1,['1bhUWB0zJMIKr9yVPrkEuI']
Zoe Wees,03d2mJXSMtuPI0nIvLnhoS,Kygo,23fqKkggKUBHNkbKtXEls4,1,['1c1sdxrYLIiuJOlE7PPttb']
Justin Bieber,1uNFoZAHBGtllmzznpCI3s,Juice WRLD,4MCBfE4596Uoi2O4DtmEMz,1,['1cA4wEmLkKlttS6N89LbJh']
21 Savage,1URnnhqYAYcrqrcwql10ft,Justin Bieber,1uNFoZAHBGtllmzznpCI3s,1,['1cEhrSF6EylAEqdhUGuNpX']
David Guetta,1Cs0zKBU1kc0i8ypK3B9ai,Robin Schulz,3t5xRXzsuZmMDkQzgOX35S,1,['1cG0umU5TKStygKsPFZ9pY']
Robin Schulz,3t5xRXzsuZmMDkQzgOX35S,Cheat Codes,7DMveApC7UnC2NPfPvlHSU,1,['1cG0umU5TKStygKsPFZ9pY']
David Guetta,1Cs0zKBU1kc0i8ypK3B9ai,Cheat Codes,7DMveApC7UnC2NPfPvlHSU,1,['1cG0umU5TKStygKsPFZ9pY']
Fuerza Regida,0ys2OFYzWYB5hRDLCsBqxt,Oscar Maydon,3l9G1G9MxH6DaRhwLklaf5,1,['1cOboCuWYI2osTOfolMRS6']
Christian Nodal,0XwVARXT135rw8lyw1EeWP,Piso 21,4bw2Am3p9ji3mYsXNXtQcd,1,['1cVlW9WQiGlFdWUXFdFZGh']
Oscar Maydon,3l9G1G9MxH6DaRhwLklaf5,Victor Mendivil,5YqI7p8zYsOpKJtjxYdOce,1,['1cZHUhGz7xJ8c4szDipipd']
Blxst,4qXC0i02bSFstECuXP2ZpL,Tyga,5LHRHt1k9lMyONurDHEdrp,1,['1dIWPXMX4kRHj6Dt2DStUQ']
Blxst,4qXC0i02bSFstECuXP2ZpL,Ty Dolla $ign,7c0XG5cIJTrrAgEC3ULPiq,1,['1dIWPXMX4kRHj6Dt2DStUQ']
Tyga,5LHRHt1k9lMyONurDHEdrp,Ty Dolla $ign,7c0XG5cIJTrrAgEC3ULPiq,1,['1dIWPXMX4kRHj6Dt2DStUQ']
Meek Mill,20sxb77xiYeusSH8cVdatc,Swizz Beatz,2cADQgiLMjNhbsfeN52Bf3,1,['1dQ84P0W0lOckT02lPEhhP']
Offset,4DdkRBBYG6Yk9Ka8tdJ9BW,Lil Tjay,6jGMq4yGs7aQzuGsMgVgZR,1,['1dg3qy5DjoJodawfOCgrTP']
Moneybagg Yo,3tJoFztHeIJkJWMrx0td2f,Lil Tjay,6jGMq4yGs7aQzuGsMgVgZR,1,['1dg3qy5DjoJodawfOCgrTP']
Moneybagg Yo,3tJoFztHeIJkJWMrx0td2f,Offset,4DdkRBBYG6Yk9Ka8tdJ9BW,1,['1dg3qy5DjoJodawfOCgrTP']
Pusha T,0ONHkAv9pCAFxb0zJwDNTy,Lil Uzi Vert,4O15NlyKLIASxsJ0PrXPfz,1,['1dp8aQANyTRKssDeAYPiZe']
Pusha T,0ONHkAv9pCAFxb0zJwDNTy,Don Toliver,4Gso3d4CscCijv0lmajZWs,1,['1dp8aQANyTRKssDeAYPiZe']
Don Toliver,4Gso3d4CscCijv0lmajZWs,Lil Uzi Vert,4O15NlyKLIASxsJ0PrXPfz,4,"['1dp8aQANyTRKssDeAYPiZe', '2IePEfMAtqWS6rLXXFZIgI', '2qlBAT108lYOzlXhBxBqEv', '31UNoCt5Oq4isrb3SSf1ZK']"
Quevedo,52iwsT98xCoGgiGntTiR7K,KAROL G,790FomKkXshlbRYZFtlgla,1,['1dw7qShk971xMD6r6mA4VN']
Lady Gaga,1HY2Jd0NmPuamShAr6KMms,Colby O'Donis,7fObcBw9VM3x7ntWKCYl0z,1,['1dzQoRqT5ucxXVaAhTcT0J']
Luciano,3CJKkU0XuElRT1z8rEtIYg,Ufo361,5pVRwX5ZQR7hfJ18w8ZYkl,2,"['1e9QSdX5uLUw6vbrkZJyXi', '7MqL7uh6zGd8x0B9srz3r0']"
Luciano,3CJKkU0XuElRT1z8rEtIYg,Lil Baby,5f7VJjfbwm532GiveGC0ZK,1,['1e9QSdX5uLUw6vbrkZJyXi']
Lil Baby,5f7VJjfbwm532GiveGC0ZK,Ufo361,5pVRwX5ZQR7hfJ18w8ZYkl,1,['1e9QSdX5uLUw6vbrkZJyXi']
Stray Kids,2dIgFjalVxs4ThymZ67YCE,Charlie Puth,6VuMaDnrHyPL1p4EHjYLi7,1,['1eB1JymprhH8QTLA8m1AsB']
StaySolidRocky,1XLWox9w1Yvbodui0SRhUQ,Lil Uzi Vert,4O15NlyKLIASxsJ0PrXPfz,1,['1eIsyfDHoEbemSnQFsgyAv']
iann dior,6ASri4ePR7RlsvIQgWPJpS,mgk,6TIYQ3jFPwQSRmorSezPxX,3,"['1eTdTVIxLlhHwwA50vEzZa', '36uNbyvWCUwSk3AnpQmu2I', '4UHyrGQCHu0Orh2utUxbNY']"
Diego & Victor Hugo,3k68C6mNMJL6OaAdWeW2ZF,Bruno & Marrone,5JXhkyafynxCvxtov7C1PV,1,['1ere9b9vDw2N3m9d4uiXxa']
Cardi B,4kYSro6naA4h99UJvo89HB,SZA,7tYKF4w9nC0nq9CsPZTHyP,1,['1f5PNhkNgUpvDEeZfcIlO1']
A Boogie Wit da Hoodie,31W5EY0aAly4Qieq6OFu6I,Kodak Black,46SHBwWsqBkxI7EeeBEQG7,3,"['1f5cbQtDrykjarZVrShaDI', '5gx2E5aIXMRBellPZW1up5', '6yDPFrHZLQbQa9Itd2J4Gp']"
MARINA,6CwfuxIqcltXDGjfZsMd9A,Clean Bandit,6MDME20pz9RveH9rEXvrOM,1,['1fLhGF1JfGQYj6EZLndD86']
Luis Fonsi,4V8Sr092TqfHkfAA5fXXqG,Clean Bandit,6MDME20pz9RveH9rEXvrOM,1,['1fLhGF1JfGQYj6EZLndD86']
Luis Fonsi,4V8Sr092TqfHkfAA5fXXqG,MARINA,6CwfuxIqcltXDGjfZsMd9A,1,['1fLhGF1JfGQYj6EZLndD86']
Lil Durk,3hcs9uc56yIGFCSy9leWe7,Morgan Wallen,4oUHIQIBe0LHzYfvXNW4QM,2,"['1fXnu2HzxbDtoyvFPWG3Bw', '3DZ8dbKg4OTSSqGARvecYd']"
Metro Boomin,0iEtIxbK0KxaSlF7G42ZOp,Gunna,2hlmm7s2ICUX0LVIhVFlZQ,3,"['1fewSx2d5KIZ04wsooEBOz', '3tkFCUaISwablf9MJydsuB', '6SeNRCX36QFj0nm89vTDxZ']"
Sam Smith,2wY79sveU1sp5g7SokKOiI,Demi Lovato,6S2OmqARrzebs0tKUEyXyp,1,['1fipvP2zmef6vN2IwXfJhY']
Henri René and His Orchestra,0oK8UXKZbQezeRhE0KeBAV,Eartha Kitt,1AwO9pWEBSBoWdEZu28XDC,1,['1foCxQtxBweJtZmdxhEHVO']
Peso Pluma,12GqGscKJx3aE4t07u7eVZ,El Alfa,2oQX8QiMXOyuqbcZEFsZfm,2,"['1foNLbvX6yP0tMs3eAXspd', '7uSLF2yhpjLlYBLtyPX3Lb']"
Noah Kahan,2RQXRUsr4IW1f3mKyKsy4B,Zach Bryan,40ZNYROS4zLfyyBSs2PGe2,1,['1fvC3CmNAbsx0V9ULMU8NB']
Chance the Rapper,1anyVhU62p31KFi8MEzkbf,John Legend,5y2Xq6xcjJb2jVM54GHK3t,1,['1g3ErLqysBJ5EIGdYYMWFZ']
Natanael Cano,0elWFr7TW8piilVRYJUe4P,Chino Pacas,2rmkQLzj0k4nZdQehOUByO,1,['1gCkdtayMomPBKi09qXs1C']
Olly Murs,3whuHq0yGx60atvA2RCVRW,Kungs,7keGfmQR4X5w0two1xKZ7d,1,['1gaK2od5J8GX6KecOaWm4d']
Coely,2DzbXUAn0DiYqcgu2wDfaf,Kungs,7keGfmQR4X5w0two1xKZ7d,1,['1gaK2od5J8GX6KecOaWm4d']
Coely,2DzbXUAn0DiYqcgu2wDfaf,Olly Murs,3whuHq0yGx60atvA2RCVRW,1,['1gaK2od5J8GX6KecOaWm4d']
BENEE,0Cp8WN4V8Tu4QJQwCN5Md4,Joji,3MZsBdqDrRTJihTHQrO6Dq,1,['1ggYjU6zdFHgANcku82boU']
Ozuna,1i8SpTcr7yvPOmcqrbnVXY,Romeo Santos,5lwmRuXgjX8xIwlnauTZIP,2,"['1h9P5WJwyvK8OB7O2YiXgp', '7uYgVgRSgqluZclLS7wpp4']"
Feid,2LRoIwlKmHjgvigdNGBHNo,Young Miko,3qsKSpcV3ncke3hw52JSMB,2,"['1hZsWUnLbqRw09jLAMQSsb', '7s4emXHJwAuo5VvGBXmnBL']"
Peso Pluma,12GqGscKJx3aE4t07u7eVZ,Junior H,7Gi6gjaWy3DxyilpF1a8Is,8,"['1haJsMtoBhHfvuM7XWuT3W', '1piak4R3yW4otWWyaSqyCH', '2500EpUpryOBJX0rO8fDuB', '2OWv3lRR8PtOVuHWzQNRs2', '3RA55zrRkyPK8Fd86hrMy8', '3wlIAXSDtlD9iU8ysld06Z', '5jVExEArvISIYu8mamVgfV', '7mXuWTczZNxG5EDcjFEuJR']"
Loredana,2Im8m4STDBosjfmb5hmP80,Juju,4sg4no0TXdsrM1s4SVUwNF,1,['1hoLUVBx0ixX3kn0EX0P5n']
Juju,4sg4no0TXdsrM1s4SVUwNF,Miksu / Macloud,76dRoxKtDwYkgCQePok9cU,1,['1hoLUVBx0ixX3kn0EX0P5n']
Loredana,2Im8m4STDBosjfmb5hmP80,Miksu / Macloud,76dRoxKtDwYkgCQePok9cU,1,['1hoLUVBx0ixX3kn0EX0P5n']
Maiara & Maraisa,59jlthNnbmim5l9tmNA7se,Os Barões Da Pisadinha,5Lv2GUVwqmQBPwrTrxucE5,1,['1hs2hRwPfyFLoYIf6jY1W7']
Future,1RyvyyTE3xzB2ZywiAwp0i,SZA,7tYKF4w9nC0nq9CsPZTHyP,2,"['1i9lZvlaDdWDPyXEE95aiq', '5kYSScXYOZYyi0fxramiW6']"
Robin Schulz,3t5xRXzsuZmMDkQzgOX35S,KIDDO,5pXe6yFchq1oyYK3rq2A8i,1,['1iAyJBksvAI6DQEnzv8l1E']
KSI,1nzgtKYFckznkcVMR3Gg4z,Swarmz,2yPprAQlrIQWu60g09B9MZ,1,['1iTBugGyk1aif7Lp7FMEg2']
KSI,1nzgtKYFckznkcVMR3Gg4z,Tion Wayne,7b79bQFziJFedJb75k6hFt,1,['1iTBugGyk1aif7Lp7FMEg2']
Swarmz,2yPprAQlrIQWu60g09B9MZ,Tion Wayne,7b79bQFziJFedJb75k6hFt,1,['1iTBugGyk1aif7Lp7FMEg2']
Zhavia,1CO6e7WRJvSFenmQO8n64C,ZAYN,5ZsFI1h6hIdQRw2ti0hz81,1,['1iWHabUgUuuKLBa0TzTHfk']
Dionela,1chOgh5tgwfiyJ2zhUHwBj,Jay R,3z0IVhtuFvt9VYUZGT98PU,1,['1imaIe1NEAaWnLF0BY0V6F']
Quavo,0VRj0yCOv2FXJNP47XQnx5,Eladio Carrion,5XJDexmWFLWOkjOEjOVX3e,1,['1iyvRYYAeuJhrsxTsQW9fh']
Rich The Kid,1pPmIToKXyGdsCF6LmqLmI,Eladio Carrion,5XJDexmWFLWOkjOEjOVX3e,1,['1iyvRYYAeuJhrsxTsQW9fh']
Ñengo Flow,12vb80Km0Ew53ABfJOepVz,Eladio Carrion,5XJDexmWFLWOkjOEjOVX3e,1,['1iyvRYYAeuJhrsxTsQW9fh']
Quavo,0VRj0yCOv2FXJNP47XQnx5,Ñengo Flow,12vb80Km0Ew53ABfJOepVz,1,['1iyvRYYAeuJhrsxTsQW9fh']
Ñengo Flow,12vb80Km0Ew53ABfJOepVz,Rich The Kid,1pPmIToKXyGdsCF6LmqLmI,1,['1iyvRYYAeuJhrsxTsQW9fh']
Sia,5WUlDfRSoLAfcVSX1WnrxN,ZAYN,5ZsFI1h6hIdQRw2ti0hz81,1,['1j4kHkkpqZRBwE0A4CN4Yv']
Manuel Turizo,0tmwSHipWxN12fsoLcFU3B,Piso 21,4bw2Am3p9ji3mYsXNXtQcd,1,['1j6xOGusnyXq3l6IryKF3G']
Bobby Shmurda,34Y0ldeyUv7jBvukWOGASO,6ix9ine,7gZfnEnfiaHzxARJ2LeXrf,1,['1jQvUmf16VE9WQCPuK2e8K']
Pop Smoke,0eDvMgVFoNV3TpwtrVCoTj,Takeoff,3EW0kQ1skZiK1NHg3Spt9J,1,['1jbXYNuBFgN0BiNRO2cGov']
KYLE,4qBgvVog0wzW75IQ48mU7v,Lil Yachty,6icQOAFXDZKsumw3YXyusw,2,"['1jkEorRvoRQNo1WZfD1X5q', '2EEeOnHehOozLq4aS0n6SL']"
J Balvin,1vyhD5VmyZ7KMfW5gqLgo5,Tyga,5LHRHt1k9lMyONurDHEdrp,2,"['1jlnBQGP2DtSEhMgQaz7a7', '6osaMSJh9NguagEDQcZaKx']"
Tyga,5LHRHt1k9lMyONurDHEdrp,Chris Brown,7bXgB6jMjp9ATFy66eO08Z,2,"['1jlnBQGP2DtSEhMgQaz7a7', '4Q8aDd3H6LF8t4eY7So9O8']"
J Balvin,1vyhD5VmyZ7KMfW5gqLgo5,Chris Brown,7bXgB6jMjp9ATFy66eO08Z,1,['1jlnBQGP2DtSEhMgQaz7a7']
The Dap-Kings Horns,4LFgxG38Y0l4Fo1gdQelay,Kesha,6LqNN22kT3074XbTVUrhzX,1,['1kJtfldK9F7XmsSiSNlbth']
YG,0A0FS04o6zMoto8OKPsDwY,Tyga,5LHRHt1k9lMyONurDHEdrp,2,"['1kK6DwzyXJSp58u5HYWwuD', '51wFQM8W0YfXTmHusXUr5i']"
YG,0A0FS04o6zMoto8OKPsDwY,Jon Z,5bWUlnPx9OYKsLiUJrhCA1,1,['1kK6DwzyXJSp58u5HYWwuD']
Tyga,5LHRHt1k9lMyONurDHEdrp,Jon Z,5bWUlnPx9OYKsLiUJrhCA1,1,['1kK6DwzyXJSp58u5HYWwuD']
Kygo,23fqKkggKUBHNkbKtXEls4,Whitney Houston,6XpaIBNiVzIetEPCWDvAFP,1,['1kKYjjfNYxE0YYgLa7vgVY']
Bad Bunny,4q3ewBCX7sLwd24euuV69X,Residente,5GcWBUX00IPuWVGMIRK1sS,1,['1kMUGCt7XLDc5Q64Vl0H8S']
Nimo,3ZuBEj9ppJe8GSdKaMTfMN,MERO,5wyWp867LWGjFmYZXVSFnZ,1,['1kTofMVLsqgP3r77diCPI4']
Mesita,2IKdK6PbitvCiXt1t2bPU6,Nicki Nicole,2UZIAOlrnyZmyzt1nuXr9y,1,['1kqH58eGh2ZTOHwqBIB2tM']
Mesita,2IKdK6PbitvCiXt1t2bPU6,Tiago PZK,5Y3MV9DZ0d87NnVm56qSY1,1,['1kqH58eGh2ZTOHwqBIB2tM']
Emilia,0AqlFI0tz2DsEoJlKSIiT9,Mesita,2IKdK6PbitvCiXt1t2bPU6,1,['1kqH58eGh2ZTOHwqBIB2tM']
Nicki Nicole,2UZIAOlrnyZmyzt1nuXr9y,Tiago PZK,5Y3MV9DZ0d87NnVm56qSY1,2,"['1kqH58eGh2ZTOHwqBIB2tM', '4TGwERXRlyQtBdggYTHo6j']"
Emilia,0AqlFI0tz2DsEoJlKSIiT9,Nicki Nicole,2UZIAOlrnyZmyzt1nuXr9y,1,['1kqH58eGh2ZTOHwqBIB2tM']
Quavo,0VRj0yCOv2FXJNP47XQnx5,Saweetie,6cK3NBO6uP7hh0oyuVELFl,1,['1kvt3N2KmoSAunaEJNrgNM']
Zayion McCall,5AsWcQXw4RJFRWBbwa0ti0,Zay Hilfigerrr,7nKeLE1toRtW4M279iS26h,1,['1lItf5ZXJc1by9SbPeljFd']
Aleyna Tilki,4ckLjJztj53Ifid7WHweBn,Dedublüman,5PRW6j58xEEWL4DDVEITKT,1,['1lNcnIU4jtqD69Qtfjh8EJ']
Don Toliver,4Gso3d4CscCijv0lmajZWs,Eminem,7dGJo4pcD2V6oG8kP0tJRR,1,['1lO9CZo6eDrOy0S7khgryG']
A$AP Rocky,13ubrt8QOOCPljQ2FL1Kca,J. Cole,6l3HvQ5sa6mXTsMTB19rO5,1,['1lloYB6uHOTDmheiWsq4DL']
Demi Lovato,6S2OmqARrzebs0tKUEyXyp,Cheat Codes,7DMveApC7UnC2NPfPvlHSU,1,['1louJpMmzEicAn7lzDalPW']
Kehlani,0cGUm45nv7Z6M6qdXYQGTX,Charlie Puth,6VuMaDnrHyPL1p4EHjYLi7,1,['1lsBTdE6MGsKeZCD6llNu7']
Ky-Mani Marley,1XTGADISSMRf8B4TcVGYUC,Farruko,329e4yvIujISKGKz1BZZbO,1,['1lxswgIpzV6HhENRvkflES']
Shaggy,5EvFsr3kj42KNv97ZEnqij,Rik Rok,67wCYxOq4A1ohAs7jWYaOJ,1,['1lzr43nnXAijIGYnCT8M8H']
J Balvin,1vyhD5VmyZ7KMfW5gqLgo5,Sech,77ziqFxp5gaInVrF2lj4ht,5,"['1mG8VynhqySA52bALfYrvO', '35UUpTmrcFXNIVIN26ujXl', '5zj8WNkBrEzlI5FKeYV4ol', '7iqOIHHEmu6Vhw25GgQ2eA', '7lUdbnz7wsv3C9zzf4WHl9']"
P!nk,1KCSPY1glIKqW2TotWuXOR,Nate Ruess,1qUjOF5fzrpoNycD36b2jZ,1,['1mKXFLRA179hdOWQBwUk9e']
Justin Bieber,1uNFoZAHBGtllmzznpCI3s,Wizkid,3tVQdUvClmAT7URs9V3rsp,1,['1mSdbey7RstGLY2udgXv74']
Wizkid,3tVQdUvClmAT7URs9V3rsp,Tems,687cZJR45JO7jhk1LHIbgq,1,['1mSdbey7RstGLY2udgXv74']
Justin Bieber,1uNFoZAHBGtllmzznpCI3s,Tems,687cZJR45JO7jhk1LHIbgq,1,['1mSdbey7RstGLY2udgXv74']
Rauw Alejandro,1mcTU81TzQhprhouKaTkpq,Alvaro Diaz,5J7rXWjtn5HzUkJ4Jet8Fr,1,['1mSviQV9iQnGSRyvTIuxAj']
Maluma,1r4hJ1h58CWwUQe3MxPuau,Anuel AA,2R21vXR83lH98kGeO99Y66,2,"['1mW1e6QAGPnhMbJoDTCLS3', '6gMj2DzKR2PjrrbNSwcGFR']"
Ufo361,5pVRwX5ZQR7hfJ18w8ZYkl,Sonus030,78wZzI7u1cOjXKuYzqZI6l,3,"['1mfMAQJWZ9K4vKOahwkYQ3', '3JDPPLA5oReVAkrEDcBllG', '3P4uSN2VJ7asF4xdw1lDEf']"
Shirin David,0JBdTCGs111JKKYfLqOEBa,Haftbefehl,6ynopZPMBXcIGBI9M02Un5,1,['1mfmCQWZhV30L4Aj8ytMLz']
Haftbefehl,6ynopZPMBXcIGBI9M02Un5,Bazzazian,7k403TjkSs0KANqh7pe9Vn,1,['1mfmCQWZhV30L4Aj8ytMLz']
Shirin David,0JBdTCGs111JKKYfLqOEBa,Bazzazian,7k403TjkSs0KANqh7pe9Vn,1,['1mfmCQWZhV30L4Aj8ytMLz']
Gustavo Mioto,1X6ORK7IekgmyjV6IFPszP,Luan Pereira,5kVgcCdPbeUwxBqWxi2Ktl,1,['1mimc5QiUuwmVYdXkWvgOQ']
Major Lazer,738wLrAtLtCtFOLvQBXOXp,Paloma Mami,7rOlQwf8OuFLFQp4aydjBt,1,['1mqmmL4IxVBXqsjg4Er1gT']
Anuel AA,2R21vXR83lH98kGeO99Y66,Bizarrap,716NhGYqD1jl2wI1Qkgq36,1,['1mrGEef8GuaEnDdw8J5BQp']
A$AP Rocky,13ubrt8QOOCPljQ2FL1Kca,Gucci Mane,13y7CgLHjMVRMDqxdx0Xdo,2,"['1nO2NjuFkGaAWcMdJ1pNrp', '3LyNsopPP3hXf8bZBE7cDk']"
A$AP Rocky,13ubrt8QOOCPljQ2FL1Kca,21 Savage,1URnnhqYAYcrqrcwql10ft,1,['1nO2NjuFkGaAWcMdJ1pNrp']
A$AP Rocky,13ubrt8QOOCPljQ2FL1Kca,London On Da Track,5Nf5yishRW9Ye174sJISkg,1,['1nO2NjuFkGaAWcMdJ1pNrp']
Gucci Mane,13y7CgLHjMVRMDqxdx0Xdo,21 Savage,1URnnhqYAYcrqrcwql10ft,2,"['1nO2NjuFkGaAWcMdJ1pNrp', '6mCqxnyOhr4tHMbRbQL4Yn']"
Gucci Mane,13y7CgLHjMVRMDqxdx0Xdo,London On Da Track,5Nf5yishRW9Ye174sJISkg,1,['1nO2NjuFkGaAWcMdJ1pNrp']
21 Savage,1URnnhqYAYcrqrcwql10ft,London On Da Track,5Nf5yishRW9Ye174sJISkg,1,['1nO2NjuFkGaAWcMdJ1pNrp']
Travis Scott,0Y5tJX1MQlPlqiwlOH1tJY,2 Chainz,17lzZA2AlOHwCwFALHttmp,2,"['1nX9KhK3Fff27SnrIor2Yb', '6Z4rmc0uujCpl8yXe3yjgI']"
Big Sean,0c173mlxpT3dSFRgMO8XPh,Jhené Aiko,5ZS223C6JyBfXasXxrRqOk,1,['1nal3Tf1OCV53KigMZXsZ7']
Justin Quiles,14zUHaJZo1mnYtn6IBRaRP,Zion,1pgDilWYDWLoOgGjf1iHNu,3,"['1ndyl3wJCFs872XZ3ztPk6', '4AjWbAwRpxk2worpjNH5CS', '5Id5B3dxJZhPcV9GzgYZZe']"
NATTI NATASHA,1GDbiv3spRmZ1XdM1jQbT7,Zion,1pgDilWYDWLoOgGjf1iHNu,1,['1ndyl3wJCFs872XZ3ztPk6']
Zion,1pgDilWYDWLoOgGjf1iHNu,Farruko,329e4yvIujISKGKz1BZZbO,4,"['1ndyl3wJCFs872XZ3ztPk6', '5p3JJehpKHjr9pJT5eD2Lz', '684EjRHwNsZQ9hCQxL4NYL', '6K5BsR04ijf3FHNzjbaagD']"
Lenny Tavárez,1pQWsZQehhS4wavwh7Fnxd,Zion,1pgDilWYDWLoOgGjf1iHNu,3,"['1ndyl3wJCFs872XZ3ztPk6', '4AjWbAwRpxk2worpjNH5CS', '5Id5B3dxJZhPcV9GzgYZZe']"
Dalex,0KPX4Ucy9dk82uj4GpKesn,Zion,1pgDilWYDWLoOgGjf1iHNu,3,"['1ndyl3wJCFs872XZ3ztPk6', '4AjWbAwRpxk2worpjNH5CS', '5Id5B3dxJZhPcV9GzgYZZe']"
The Weeknd,1Xyo4u8uXC1ZmMpatF05PJ,Post Malone,246dkjvS1zLTtiykXe5h60,1,['1nltpRhEiXikwDlVn4UADk']
Eagles Of Death Metal,02uYdhMhCgdB49hZlYRm9o,Kesha,6LqNN22kT3074XbTVUrhzX,1,['1nxufatvWIGPPBtPACXzu8']
The Weeknd,1Xyo4u8uXC1ZmMpatF05PJ,Ariana Grande,66CXWjxzNUsdJxJ2JdwvnR,5,"['1oFAF1hdPOickyHgbuRjyX', '37BZB0z9T8Xu7U3e65qxFy', '4W4fNrZYkobj539TOWsLO2', '7E1jVNoWuemqUryI4FxsVD', '7oDd86yk8itslrA9HRP2ki']"
Nicki Minaj,0hCNtLu0JehylgoiP8L4Gh,6ix9ine,7gZfnEnfiaHzxARJ2LeXrf,3,"['1oJ8EDr2pv94IvSd6ZmDgo', '2l8nEO0vsTRCRnGqQty6qx', '3dVvWnj4D8JGkKvo6Hucso']"
Nicki Minaj,0hCNtLu0JehylgoiP8L4Gh,Kanye West,5K4W6rqBFWDnAN6FQUkS6x,1,['1oJ8EDr2pv94IvSd6ZmDgo']
BLANCO,1MRiIeZbc0cRuxOafDUCtH,Marracash,5AZuEF0feCXMkUCwQiQlW7,1,['1oMZnVIuo6GmUNnemu8sLu']
Lil Durk,3hcs9uc56yIGFCSy9leWe7,Roddy Ricch,757aE44tKEUQEqRuT6GnEB,1,['1oSh0SKc4MwmXSGiTtqSXp']
21 Savage,1URnnhqYAYcrqrcwql10ft,Roddy Ricch,757aE44tKEUQEqRuT6GnEB,2,"['1oSh0SKc4MwmXSGiTtqSXp', '7FCDmAel69bzxRkOxbh2dB']"
Travis Scott,0Y5tJX1MQlPlqiwlOH1tJY,Rae Sremmurd,7iZtZyCzp3LItcw1wtPI3D,1,['1oUudyBYVGMIC8JXeIsFzq']
Travis Scott,0Y5tJX1MQlPlqiwlOH1tJY,Swae Lee,1zNqQNIdeOUZHb8zbZRFMX,3,"['1oUudyBYVGMIC8JXeIsFzq', '4GL9GMX9t7Qkprvf1YighZ', '6osMzmRHCVETbZMHceLRmh']"
Travis Scott,0Y5tJX1MQlPlqiwlOH1tJY,Slim Jxmmi,7EEiVZvj6RCEtVX2F2pyxu,1,['1oUudyBYVGMIC8JXeIsFzq']
Kevin Gates,1gPhS1zisyXr5dHTYZyiMe,Juicy J,5gCRApTajqwbnHHPbr2Fpi,1,['1ojBtNRMzjL7ptLPZCzfRz']
Majid Jordan,4HzKw8XcD0piJmDrrPRCYk,Khalid,6LuN9FCkKOj5PcnpouEgny,1,['1opARDDYaOeE1QUdwXmBGu']
Emily Warren,1oKdM70mJD8VvDOTKeS8t1,The Chainsmokers,69GGBxA162lTqCwzJG5jLp,3,"['1pJQAHpD51J7GYaFrrFO9S', '5hrXLJJrnKraxRQntH0Vv9', '6V9kwssTrwkKT72imgowj9']"
Maluma,1r4hJ1h58CWwUQe3MxPuau,Thalia,23wEWD21D4TPYiJugoXmYb,1,['1pWYnQIlqxTh5bxuPmTG4E']
Galantis,4sTQVOfp9vEMCemLw50sbu,OneRepublic,5Pwc4xIPtQLFEnJriah9YJ,1,['1pfgsjmxVZhoZpeDx6POKv']
Gabito Ballesteros,6Sbl0NT50roqWvy746MfVf,Junior H,7Gi6gjaWy3DxyilpF1a8Is,2,"['1piak4R3yW4otWWyaSqyCH', '7mXuWTczZNxG5EDcjFEuJR']"
J Balvin,1vyhD5VmyZ7KMfW5gqLgo5,Skrillex,5he5w2lnU9x7JFhnwcekXX,1,['1q0PYXTbDsirp2l74ng6pn']
Zara Larsson,1Xylc3o4UrD53lo9CvFvVg,Young Thug,50co4Is1HCEo8bhOyUWKpn,1,['1qA9TnEJ2sUub9QkN9K3Mv']
Gotye,2AsusXITU8P25dlRNhcAbG,Kimbra,6hk7Yq1DU9QcCCrz9uc0Ti,1,['1qDrWA6lyx8cLECdZE7TV7']
YG,0A0FS04o6zMoto8OKPsDwY,Jay 305,2l2o6ibYa7h1w4HwaS1uZV,1,['1qUdAB72nSWPZwDqH9KMYD']
Travis Scott,0Y5tJX1MQlPlqiwlOH1tJY,The 1975,3mIj9lX2MWuHmhNCA7LSCW,1,['1qXQmENykriAHunVaZc6FW']
Travis Scott,0Y5tJX1MQlPlqiwlOH1tJY,Big Sean,0c173mlxpT3dSFRgMO8XPh,5,"['1qXQmENykriAHunVaZc6FW', '2KokOIKdw4zZutDil85Ugh', '3wAI7MIQtTgwcRmwchPZBc', '4VLTxHOyFX5FRtkpsFm5Pc', '7lxZbmtC6SkUc2yXBgDOdO']"
Big Sean,0c173mlxpT3dSFRgMO8XPh,The 1975,3mIj9lX2MWuHmhNCA7LSCW,1,['1qXQmENykriAHunVaZc6FW']
MK,1yqxFtPHKcGcv6SXZNdyT9,Ed Sheeran,6eUKZXaKkcviH0Ku9w2n3V,1,['1qf82BwoRe9zdLvyvx7oGP']
Travis Scott,0Y5tJX1MQlPlqiwlOH1tJY,MK,1yqxFtPHKcGcv6SXZNdyT9,1,['1qf82BwoRe9zdLvyvx7oGP']
Luis R Conriquez,0pePYDrJGk8gqMRbXrLJC8,Peso Pluma,12GqGscKJx3aE4t07u7eVZ,4,"['1qrhpxdnC4nUCyFefPVCDa', '3gfSH9aYZbyGjdmbeoWliw', '4ygQ5wSuzzNRevVjup1qV2', '626vswICsSvlVh4ILUhZJ1']"
Anderson .Paak,3jK9MiCrA42lLAdMGUZpwa,Eminem,7dGJo4pcD2V6oG8kP0tJRR,1,['1qwMkkRiD5jqLeUUjfgblh']
Travis Scott,0Y5tJX1MQlPlqiwlOH1tJY,Asake,3a1tBryiczPAZpgoZN9Rzg,1,['1qxKva4IzWde7m2jLpZvDU']
Big Sean,0c173mlxpT3dSFRgMO8XPh,Migos,6oMuImdp5ZcFhWP0ESe6mG,2,"['1r0faljjM2b876iNoaDUh5', '2KokOIKdw4zZutDil85Ugh']"
Erika Sirola,1OHw2r7Diz2rc9JktaFV6N,Robin Schulz,3t5xRXzsuZmMDkQzgOX35S,1,['1rCcsYnmqbMYdkG7kS9GC5']
Camila Cabello,4nDoRrQiYLoBzwC5BhVJzF,Young Thug,50co4Is1HCEo8bhOyUWKpn,1,['1rfofaqEpACxVEHIZBJe6W']
Quavo,0VRj0yCOv2FXJNP47XQnx5,Drake,3TVXtAsR1Inumwj472S9r4,3,"['1rlIrbWboTRGeKfHhgbJRZ', '2bjwRfXMk4uRgOD9IBYl9h', '5S1IUPueD0xE0vj4zU3nSf']"
Selena Gomez,0C8ZW7ezQVs4URX5aX7Kqx,Rema,46pWGuE3dSwY3bMMXGBvVS,1,['1s7oOCT8vauUh01PbJD6ps']
Bryson Tiller,2EMAnMvWE2eb56ToJVfCWs,Playboi Carti,699OTQXzgjhIYAHMy9RyPD,1,['1s9DTymg5UQrdorZf43JQm']
Hight,34SBu2kvAUh84umN8Pi0iI,Felix Jaehn,4bL2B6hmLlMWnUEZnorEtG,1,['1sBhJGPUKrdRycgKxve70v']
Felix Jaehn,4bL2B6hmLlMWnUEZnorEtG,Alex Aiono,5KPJMJR9PCfMWSfco8i4W4,1,['1sBhJGPUKrdRycgKxve70v']
Hight,34SBu2kvAUh84umN8Pi0iI,Alex Aiono,5KPJMJR9PCfMWSfco8i4W4,1,['1sBhJGPUKrdRycgKxve70v']
Chino Pacas,2rmkQLzj0k4nZdQehOUByO,Calle 24,6dLuQ5qXxIuWc5urxfIiZR,2,"['1sXr6moCwVxwKEgSPxhVvF', '6uIIdjYTxxpWOyWuVXrKQO']"
DJ Khaled,0QHgL1lAIqAw0HtD7YldmP,Drake,3TVXtAsR1Inumwj472S9r4,5,"['1sbEeUY8KsdvgiQi26JBFz', '2of5xn0GU0TdFneR1saRLH', '3gruCKVuhCsRjs3a3dG8CA', '510mvRgE4jLSsJcBh2pH0j', '7Ddk8FhoYKdsVoX9AOCPMm']"
Kygo,23fqKkggKUBHNkbKtXEls4,OneRepublic,5Pwc4xIPtQLFEnJriah9YJ,2,"['1sgDyuLooyvEML4oHspNza', '5gIRPQWULwrvIt0F6pY7ph']"
Bahari,0fs8oBR1rx7JIXZi75h7Uu,Grey,4lDBihdpMlOalxy1jkUbPl,1,['1sl5tSzfK1JrcQIcA8rYDy']
Au/Ra,1eMmoIprPDWeFdB1FxU6ZV,Alan Walker,7vk5e3vY1uw9plTHJAMwjN,1,['1snWlbcbgQpJfknoI30DWG']
Tomine Harket,6064pL9Hu3Wx2bwJMeOx6o,Alan Walker,7vk5e3vY1uw9plTHJAMwjN,1,['1snWlbcbgQpJfknoI30DWG']
Au/Ra,1eMmoIprPDWeFdB1FxU6ZV,Tomine Harket,6064pL9Hu3Wx2bwJMeOx6o,1,['1snWlbcbgQpJfknoI30DWG']
Post Malone,246dkjvS1zLTtiykXe5h60,Dolly Parton,32vWCbZh0xZ4o9gkz4PsEU,1,['1sqXfPaRD7npnH712RZQAF']
Noah Kahan,2RQXRUsr4IW1f3mKyKsy4B,Kelsea Ballerini,3RqBeV12Tt7A8xH3zBDDUF,1,['1t2MQpMDtJT5VL2tAPHrGN']
CRO,3utZ2yeQk0Z3BCOBWP7Vlu,Shindy,5j21TGkrNEAJe3gG9VlS34,1,['1tUF7dEhqmV2Z1pTsGAGnD']
Ludacris,3ipn9JLAPI5GUEo4y4jcoi,Lil Wayne,55Aa2cqylxrFIXC767Z865,1,['1tXCF7TwDnuHRgwQ63FeM5']
Marília Mendonça,1yR65psqiazQpeM79CcGh8,Tayrone,2T1se5h5FRkw7ZfR7yxdlm,1,['1tYJnXtKLoWVIL4lZOouQG']
YG,0A0FS04o6zMoto8OKPsDwY,Future,1RyvyyTE3xzB2ZywiAwp0i,1,['1tlBuoIRrtqFs9bE9dmli5']
Kygo,23fqKkggKUBHNkbKtXEls4,Sasha Alex Sloan,4xnihxcoXWK3UqryOSnbw5,1,['1tuXOJYN6CkgubpifHEm96']
21 Savage,1URnnhqYAYcrqrcwql10ft,Ty Dolla $ign,7c0XG5cIJTrrAgEC3ULPiq,1,['1u0CD4fcBUB1xrG9fNgejh']
Rauw Alejandro,1mcTU81TzQhprhouKaTkpq,Laura Pausini,2e4nwiX8ZCU09LGLOpeqTH,1,['1uFW6czrHk5PsK3s6gOI7C']
Sfera Ebbasta,23TFHmajVfBtlRx5MXqgoz,Offset,4DdkRBBYG6Yk9Ka8tdJ9BW,1,['1uPPyvMOaaVLnVcwD1Sp0d']
21 Savage,1URnnhqYAYcrqrcwql10ft,JID,6U3ybJ9UHNKEdsH7ktGBZ7,1,['1udwFobQ1JoOdWPQrp2b6u']
Baby Tate,3IJ21966TwNZI24MwZHMu4,JID,6U3ybJ9UHNKEdsH7ktGBZ7,1,['1udwFobQ1JoOdWPQrp2b6u']
21 Savage,1URnnhqYAYcrqrcwql10ft,Baby Tate,3IJ21966TwNZI24MwZHMu4,1,['1udwFobQ1JoOdWPQrp2b6u']
The Weeknd,1Xyo4u8uXC1ZmMpatF05PJ,French Montana,6vXTefBL93Dj5IqAWq6OTv,2,"['1vVNlXi8gf8tZ7OhnEs4VE', '4hGmQboiou09EwhcTWa0H6']"
French Montana,6vXTefBL93Dj5IqAWq6OTv,Max B,7f35VZGDpomj11PXdNn5D9,1,['1vVNlXi8gf8tZ7OhnEs4VE']
The Weeknd,1Xyo4u8uXC1ZmMpatF05PJ,Max B,7f35VZGDpomj11PXdNn5D9,1,['1vVNlXi8gf8tZ7OhnEs4VE']
Nas,20qISvAhX20dpIbOOzGK3q,Kanye West,5K4W6rqBFWDnAN6FQUkS6x,2,"['1vi9adPJiD4d22ybGp25hy', '3XaNHbNa9Chz9plhRpcaof']"
KSI,1nzgtKYFckznkcVMR3Gg4z,Lil Durk,3hcs9uc56yIGFCSy9leWe7,1,['1vicAuW47ccp1l5mYmaWi7']
John Mayer,0hEurMDQu99nJRq8pTxO14,Zach Bryan,40ZNYROS4zLfyyBSs2PGe2,1,['1vj47xD8v9wIhQrmQY2Dkv']
Luis Fonsi,4V8Sr092TqfHkfAA5fXXqG,Daddy Yankee,4VMYDCV2IEDYJArk749S6m,3,"['1vnnXMrBeEWiRg3YCMCjQq', '4aWmUDTfIPGksMNLV2rQP2', '7CUYHcu0RnbOnMz4RuN07w']"
Justin Bieber,1uNFoZAHBGtllmzznpCI3s,Luis Fonsi,4V8Sr092TqfHkfAA5fXXqG,1,['1vnnXMrBeEWiRg3YCMCjQq']
Justin Bieber,1uNFoZAHBGtllmzznpCI3s,Daddy Yankee,4VMYDCV2IEDYJArk749S6m,1,['1vnnXMrBeEWiRg3YCMCjQq']
mgk,6TIYQ3jFPwQSRmorSezPxX,Trippie Redd,6Xgp2XMz1fhVYe7i6yNAax,2,"['1vuUbnY82fCNjfzqjLmblw', '7jjnn6K7p5MgOFuqLypAcM']"
NLE Choppa,0ErzCpIMyLcjPiwT4elrtZ,Kodak Black,46SHBwWsqBkxI7EeeBEQG7,2,"['1vvcEHQdaUTvWt0EIUYcFK', '5qyjy0xfsHNzWxvXkHVB85']"
Jimin,1oSPZhvZMIrWW5I41kPkkY,Kodak Black,46SHBwWsqBkxI7EeeBEQG7,2,"['1vvcEHQdaUTvWt0EIUYcFK', '5qyjy0xfsHNzWxvXkHVB85']"
JVKE,164Uj4eKjl6zTBKfJLFKKK,Kodak Black,46SHBwWsqBkxI7EeeBEQG7,2,"['1vvcEHQdaUTvWt0EIUYcFK', '5qyjy0xfsHNzWxvXkHVB85']"
Kodak Black,46SHBwWsqBkxI7EeeBEQG7,Muni Long,7tjVFCxJdwT4NdrTmjyjQ6,2,"['1vvcEHQdaUTvWt0EIUYcFK', '5qyjy0xfsHNzWxvXkHVB85']"
Fast & Furious: The Fast Saga,1lpOgw56wZLDa8gaP6bSIs,Kodak Black,46SHBwWsqBkxI7EeeBEQG7,2,"['1vvcEHQdaUTvWt0EIUYcFK', '5qyjy0xfsHNzWxvXkHVB85']"
NLE Choppa,0ErzCpIMyLcjPiwT4elrtZ,Jimin,1oSPZhvZMIrWW5I41kPkkY,2,"['1vvcEHQdaUTvWt0EIUYcFK', '5qyjy0xfsHNzWxvXkHVB85']"
NLE Choppa,0ErzCpIMyLcjPiwT4elrtZ,JVKE,164Uj4eKjl6zTBKfJLFKKK,2,"['1vvcEHQdaUTvWt0EIUYcFK', '5qyjy0xfsHNzWxvXkHVB85']"
NLE Choppa,0ErzCpIMyLcjPiwT4elrtZ,Muni Long,7tjVFCxJdwT4NdrTmjyjQ6,2,"['1vvcEHQdaUTvWt0EIUYcFK', '5qyjy0xfsHNzWxvXkHVB85']"
NLE Choppa,0ErzCpIMyLcjPiwT4elrtZ,Fast & Furious: The Fast Saga,1lpOgw56wZLDa8gaP6bSIs,2,"['1vvcEHQdaUTvWt0EIUYcFK', '5qyjy0xfsHNzWxvXkHVB85']"
JVKE,164Uj4eKjl6zTBKfJLFKKK,Jimin,1oSPZhvZMIrWW5I41kPkkY,3,"['1vvcEHQdaUTvWt0EIUYcFK', '2yjeXq5ahx6UUg2rHaUe6X', '5qyjy0xfsHNzWxvXkHVB85']"
Jimin,1oSPZhvZMIrWW5I41kPkkY,Muni Long,7tjVFCxJdwT4NdrTmjyjQ6,3,"['1vvcEHQdaUTvWt0EIUYcFK', '2yjeXq5ahx6UUg2rHaUe6X', '5qyjy0xfsHNzWxvXkHVB85']"
Fast & Furious: The Fast Saga,1lpOgw56wZLDa8gaP6bSIs,Jimin,1oSPZhvZMIrWW5I41kPkkY,3,"['1vvcEHQdaUTvWt0EIUYcFK', '2yjeXq5ahx6UUg2rHaUe6X', '5qyjy0xfsHNzWxvXkHVB85']"
JVKE,164Uj4eKjl6zTBKfJLFKKK,Muni Long,7tjVFCxJdwT4NdrTmjyjQ6,3,"['1vvcEHQdaUTvWt0EIUYcFK', '2yjeXq5ahx6UUg2rHaUe6X', '5qyjy0xfsHNzWxvXkHVB85']"
JVKE,164Uj4eKjl6zTBKfJLFKKK,Fast & Furious: The Fast Saga,1lpOgw56wZLDa8gaP6bSIs,3,"['1vvcEHQdaUTvWt0EIUYcFK', '2yjeXq5ahx6UUg2rHaUe6X', '5qyjy0xfsHNzWxvXkHVB85']"
Fast & Furious: The Fast Saga,1lpOgw56wZLDa8gaP6bSIs,Muni Long,7tjVFCxJdwT4NdrTmjyjQ6,3,"['1vvcEHQdaUTvWt0EIUYcFK', '2yjeXq5ahx6UUg2rHaUe6X', '5qyjy0xfsHNzWxvXkHVB85']"
A$AP Rocky,13ubrt8QOOCPljQ2FL1Kca,Kodak Black,46SHBwWsqBkxI7EeeBEQG7,1,['1wGYcpJZ59rePkNu4zHmLu']
A Boogie Wit da Hoodie,31W5EY0aAly4Qieq6OFu6I,6ix9ine,7gZfnEnfiaHzxARJ2LeXrf,3,"['1wJRveJZLSb1rjhnUHQiv6', '6o79O9qBP3OAkWOXajAQIS', '7q1ikCoQLytPP5TTzDy7JK']"
PARTYNEXTDOOR,2HPaUgqeutzr3jx5a9WyDV,Drake,3TVXtAsR1Inumwj472S9r4,4,"['1wZqJM5FGDEl3FjHDxDyQd', '24FUBxaAYSBlWsbSnEzDcn', '3LnJM1B5Mjgx5LfT9plXUU', '5JUu0unA8VwhTZ9LkMWUVI']"
Tove Lo,4NHQUGzhtTLFvgF5SZesLK,Major Lazer,738wLrAtLtCtFOLvQBXOXp,1,['1wcYgcBH8WW1kXNezuFBqU']
Lana Del Rey,00FQb4jTyendYWaN8pK0wa,Taylor Swift,06HL4z0CvFAxyc27GXpf02,2,"['1wtOxkiel43cVs0Yux5Q4h', '4zmKGsrXjLmljb5fTaBTot']"
BLANCO,1MRiIeZbc0cRuxOafDUCtH,Sfera Ebbasta,23TFHmajVfBtlRx5MXqgoz,1,['1x3Qb8np6S1UvpSLthwEJN']
RIN,18ISxWwWjV6rPLoVCXf1dz,Ufo361,5pVRwX5ZQR7hfJ18w8ZYkl,2,"['1x4MJYA9mJRph3fygU51K4', '3IjfWBZrBISpcLhIMY44T6']"
Zara Larsson,1Xylc3o4UrD53lo9CvFvVg,Clean Bandit,6MDME20pz9RveH9rEXvrOM,1,['1x5sYLZiu9r5E43kMlt9f8']
blackbear,2cFrymmkijnjDg9SS92EPM,Tate McRae,45dkTj5sMRSjrmBSBeiHym,1,['1xBQDoxqFyloelbnfju8na']
Juhn,2LmcxBak1alK1bf7d1beTr,Myke Towers,7iK8PXO48WeuP03g8YR51W,1,['1xK1Gg9SxG8fy2Ya373oqb']
Christian Nodal,0XwVARXT135rw8lyw1EeWP,Banda MS de Sergio Lizárraga,2C6i0I5RiGzDKN9IAF8reh,1,['1xO7tp4J5Wj0NeKrzIpd1V']
Jason Derulo,07YZf4WDAMNwqr4jfgOZ8y,Jawsh 685,56mfhUDKa1vec6rSLZV5Eg,2,"['1xQ6trAsedVPCdbtDAmk0c', '4TgxFMOn5yoESW6zCidCXL']"
Guè,7F2utINZ6tSokSiZTQBE27,ANNA,7K80yOTC0Id95gRaOxDG5u,1,['1xUnvxp9DFrpwXnO0RHKUp']
Sfera Ebbasta,23TFHmajVfBtlRx5MXqgoz,ANNA,7K80yOTC0Id95gRaOxDG5u,2,"['1xUnvxp9DFrpwXnO0RHKUp', '5JuidT91MdTPOEDHL4u3fp']"
Oscar Maydon,3l9G1G9MxH6DaRhwLklaf5,Gabito Ballesteros,6Sbl0NT50roqWvy746MfVf,1,['1xgWArLVFD1AKsLzftZYc2']
Chino Pacas,2rmkQLzj0k4nZdQehOUByO,Oscar Maydon,3l9G1G9MxH6DaRhwLklaf5,1,['1xgWArLVFD1AKsLzftZYc2']
Chino Pacas,2rmkQLzj0k4nZdQehOUByO,Gabito Ballesteros,6Sbl0NT50roqWvy746MfVf,1,['1xgWArLVFD1AKsLzftZYc2']
KSI,1nzgtKYFckznkcVMR3Gg4z,Trippie Redd,6Xgp2XMz1fhVYe7i6yNAax,2,"['1xmvq1fYLs9TEgikaFilGW', '5MYzajZVxBaPT2JUSRa99L']"
Megan Thee Stallion,181bsRPaVXVlUKXrxwZfHK,Chance the Rapper,1anyVhU62p31KFi8MEzkbf,1,['1xsP6AITcWNigBYBYVnVZw']
Young Thug,50co4Is1HCEo8bhOyUWKpn,mgk,6TIYQ3jFPwQSRmorSezPxX,2,"['1yBbxDXEfr8boXM1ubvBHi', '28ZGbkz2MDnpvHhSRQw4f1']"
Sexyy Red,3DbwFQlvLxRSi2uX8mf81A,Drake,3TVXtAsR1Inumwj472S9r4,1,['1yeB8MUNeLo9Ek1UEpsyz6']
Sexyy Red,3DbwFQlvLxRSi2uX8mf81A,SZA,7tYKF4w9nC0nq9CsPZTHyP,1,['1yeB8MUNeLo9Ek1UEpsyz6']
BabyTron,0sKsReKseslDlhxmbN6wLk,Eminem,7dGJo4pcD2V6oG8kP0tJRR,1,['1ymWIr4E5x6xORlDO0bXlP']
Big Sean,0c173mlxpT3dSFRgMO8XPh,BabyTron,0sKsReKseslDlhxmbN6wLk,1,['1ymWIr4E5x6xORlDO0bXlP']
NLE Choppa,0ErzCpIMyLcjPiwT4elrtZ,Polo G,6AgTAQt8XS6jRWi4sX7w49,3,"['1z7LV5wkExwW8YJk0IrPUA', '4PklAHGXT5ityno3IA8SKd', '74fV8TuLZKVzSIOOGu8wwI']"
Beyoncé,6vWDO969PvNqNYHIOW5v0m,Childish Gambino,73sIBHcqh3Z3NyqHKZ7FOL,2,"['1zSKtBze2IReYU44W0lDzd', '7oqftogUN82Q7VNy2TmTJW']"
Billy Eichner,0FVsUxcFSlxwIM7Qs31s6J,Beyoncé,6vWDO969PvNqNYHIOW5v0m,1,['1zSKtBze2IReYU44W0lDzd']
Beyoncé,6vWDO969PvNqNYHIOW5v0m,Seth Rogen,7xX39IyguhWsTIg4eU2reH,1,['1zSKtBze2IReYU44W0lDzd']
Billy Eichner,0FVsUxcFSlxwIM7Qs31s6J,Childish Gambino,73sIBHcqh3Z3NyqHKZ7FOL,1,['1zSKtBze2IReYU44W0lDzd']
Childish Gambino,73sIBHcqh3Z3NyqHKZ7FOL,Seth Rogen,7xX39IyguhWsTIg4eU2reH,1,['1zSKtBze2IReYU44W0lDzd']
Billy Eichner,0FVsUxcFSlxwIM7Qs31s6J,Seth Rogen,7xX39IyguhWsTIg4eU2reH,1,['1zSKtBze2IReYU44W0lDzd']
Drake,3TVXtAsR1Inumwj472S9r4,Wizkid,3tVQdUvClmAT7URs9V3rsp,2,"['1zi7xx7UVEFkmKfv06H8x0', '2zYs4BonN2ydkbrRk333SN']"
Drake,3TVXtAsR1Inumwj472S9r4,Kyla,6TK7fjRPdy2GW2pJzNF23L,1,['1zi7xx7UVEFkmKfv06H8x0']
Wizkid,3tVQdUvClmAT7URs9V3rsp,Kyla,6TK7fjRPdy2GW2pJzNF23L,1,['1zi7xx7UVEFkmKfv06H8x0']
Ozuna,1i8SpTcr7yvPOmcqrbnVXY,Feid,2LRoIwlKmHjgvigdNGBHNo,1,['1zsPaEkglFvxjAhrM8yhpr']
Rihanna,5pKCCKE2ajJHZ9KAiaK11H,Calvin Harris,7CajNmpbOovFoOoasH2HaY,2,"['1zv3WFUbZ5vPxFq9I2jAU1', '2vlDrKpOC0eSTqTDRcbYyw']"
Travis Scott,0Y5tJX1MQlPlqiwlOH1tJY,Migos,6oMuImdp5ZcFhWP0ESe6mG,3,"['204U3zjm9kkzX25Pr4Rdld', '2KokOIKdw4zZutDil85Ugh', '6ZelF5APDN5r6XnFqcnvWR']"
Soso Maness,0oeiA5U9u1U45Gos5cywUU,Kofs,5RaQ9nmVGoTye2SI76x3yw,2,"['205HNJ73cgpC0LAOnuQiWT', '6YzQOngfcV0W9F8UOTnEEK']"
Elams,2IoSLl3tqYMq9DzR0d6NJN,Kofs,5RaQ9nmVGoTye2SI76x3yw,2,"['205HNJ73cgpC0LAOnuQiWT', '6YzQOngfcV0W9F8UOTnEEK']"
Jul,3IW7ScrzXmPvZhB27hmfgy,Kofs,5RaQ9nmVGoTye2SI76x3yw,2,"['205HNJ73cgpC0LAOnuQiWT', '6YzQOngfcV0W9F8UOTnEEK']"
SCH,2kXKa3aAFngGz2P4GjG5w2,Kofs,5RaQ9nmVGoTye2SI76x3yw,2,"['205HNJ73cgpC0LAOnuQiWT', '6YzQOngfcV0W9F8UOTnEEK']"
Kofs,5RaQ9nmVGoTye2SI76x3yw,Naps,6W5uA6CNMf3hd2j4a2XWCx,2,"['205HNJ73cgpC0LAOnuQiWT', '6YzQOngfcV0W9F8UOTnEEK']"
Kofs,5RaQ9nmVGoTye2SI76x3yw,Solda,7FXX45sHqoQoCwqtG0ZV8H,2,"['205HNJ73cgpC0LAOnuQiWT', '6YzQOngfcV0W9F8UOTnEEK']"
Kofs,5RaQ9nmVGoTye2SI76x3yw,Houari,6zrOXBaNn0DqJeXxgC2eyH,2,"['205HNJ73cgpC0LAOnuQiWT', '6YzQOngfcV0W9F8UOTnEEK']"
13 Organisé,19u3RGWKsjmbg9eI6zAiNp,Kofs,5RaQ9nmVGoTye2SI76x3yw,2,"['205HNJ73cgpC0LAOnuQiWT', '6YzQOngfcV0W9F8UOTnEEK']"
Soso Maness,0oeiA5U9u1U45Gos5cywUU,Elams,2IoSLl3tqYMq9DzR0d6NJN,2,"['205HNJ73cgpC0LAOnuQiWT', '6YzQOngfcV0W9F8UOTnEEK']"
Soso Maness,0oeiA5U9u1U45Gos5cywUU,Jul,3IW7ScrzXmPvZhB27hmfgy,2,"['205HNJ73cgpC0LAOnuQiWT', '6YzQOngfcV0W9F8UOTnEEK']"
Soso Maness,0oeiA5U9u1U45Gos5cywUU,SCH,2kXKa3aAFngGz2P4GjG5w2,2,"['205HNJ73cgpC0LAOnuQiWT', '6YzQOngfcV0W9F8UOTnEEK']"
Soso Maness,0oeiA5U9u1U45Gos5cywUU,Naps,6W5uA6CNMf3hd2j4a2XWCx,2,"['205HNJ73cgpC0LAOnuQiWT', '6YzQOngfcV0W9F8UOTnEEK']"
Soso Maness,0oeiA5U9u1U45Gos5cywUU,Solda,7FXX45sHqoQoCwqtG0ZV8H,2,"['205HNJ73cgpC0LAOnuQiWT', '6YzQOngfcV0W9F8UOTnEEK']"
Soso Maness,0oeiA5U9u1U45Gos5cywUU,Houari,6zrOXBaNn0DqJeXxgC2eyH,2,"['205HNJ73cgpC0LAOnuQiWT', '6YzQOngfcV0W9F8UOTnEEK']"
Soso Maness,0oeiA5U9u1U45Gos5cywUU,13 Organisé,19u3RGWKsjmbg9eI6zAiNp,2,"['205HNJ73cgpC0LAOnuQiWT', '6YzQOngfcV0W9F8UOTnEEK']"
Elams,2IoSLl3tqYMq9DzR0d6NJN,Jul,3IW7ScrzXmPvZhB27hmfgy,2,"['205HNJ73cgpC0LAOnuQiWT', '6YzQOngfcV0W9F8UOTnEEK']"
Elams,2IoSLl3tqYMq9DzR0d6NJN,SCH,2kXKa3aAFngGz2P4GjG5w2,2,"['205HNJ73cgpC0LAOnuQiWT', '6YzQOngfcV0W9F8UOTnEEK']"
Elams,2IoSLl3tqYMq9DzR0d6NJN,Naps,6W5uA6CNMf3hd2j4a2XWCx,2,"['205HNJ73cgpC0LAOnuQiWT', '6YzQOngfcV0W9F8UOTnEEK']"
Elams,2IoSLl3tqYMq9DzR0d6NJN,Solda,7FXX45sHqoQoCwqtG0ZV8H,2,"['205HNJ73cgpC0LAOnuQiWT', '6YzQOngfcV0W9F8UOTnEEK']"
Elams,2IoSLl3tqYMq9DzR0d6NJN,Houari,6zrOXBaNn0DqJeXxgC2eyH,2,"['205HNJ73cgpC0LAOnuQiWT', '6YzQOngfcV0W9F8UOTnEEK']"
13 Organisé,19u3RGWKsjmbg9eI6zAiNp,Elams,2IoSLl3tqYMq9DzR0d6NJN,2,"['205HNJ73cgpC0LAOnuQiWT', '6YzQOngfcV0W9F8UOTnEEK']"
SCH,2kXKa3aAFngGz2P4GjG5w2,Jul,3IW7ScrzXmPvZhB27hmfgy,2,"['205HNJ73cgpC0LAOnuQiWT', '6YzQOngfcV0W9F8UOTnEEK']"
Jul,3IW7ScrzXmPvZhB27hmfgy,Naps,6W5uA6CNMf3hd2j4a2XWCx,2,"['205HNJ73cgpC0LAOnuQiWT', '6YzQOngfcV0W9F8UOTnEEK']"
Jul,3IW7ScrzXmPvZhB27hmfgy,Solda,7FXX45sHqoQoCwqtG0ZV8H,2,"['205HNJ73cgpC0LAOnuQiWT', '6YzQOngfcV0W9F8UOTnEEK']"
Jul,3IW7ScrzXmPvZhB27hmfgy,Houari,6zrOXBaNn0DqJeXxgC2eyH,2,"['205HNJ73cgpC0LAOnuQiWT', '6YzQOngfcV0W9F8UOTnEEK']"
13 Organisé,19u3RGWKsjmbg9eI6zAiNp,Jul,3IW7ScrzXmPvZhB27hmfgy,2,"['205HNJ73cgpC0LAOnuQiWT', '6YzQOngfcV0W9F8UOTnEEK']"
SCH,2kXKa3aAFngGz2P4GjG5w2,Naps,6W5uA6CNMf3hd2j4a2XWCx,2,"['205HNJ73cgpC0LAOnuQiWT', '6YzQOngfcV0W9F8UOTnEEK']"
SCH,2kXKa3aAFngGz2P4GjG5w2,Solda,7FXX45sHqoQoCwqtG0ZV8H,2,"['205HNJ73cgpC0LAOnuQiWT', '6YzQOngfcV0W9F8UOTnEEK']"
SCH,2kXKa3aAFngGz2P4GjG5w2,Houari,6zrOXBaNn0DqJeXxgC2eyH,2,"['205HNJ73cgpC0LAOnuQiWT', '6YzQOngfcV0W9F8UOTnEEK']"
13 Organisé,19u3RGWKsjmbg9eI6zAiNp,SCH,2kXKa3aAFngGz2P4GjG5w2,2,"['205HNJ73cgpC0LAOnuQiWT', '6YzQOngfcV0W9F8UOTnEEK']"
Naps,6W5uA6CNMf3hd2j4a2XWCx,Solda,7FXX45sHqoQoCwqtG0ZV8H,2,"['205HNJ73cgpC0LAOnuQiWT', '6YzQOngfcV0W9F8UOTnEEK']"
Naps,6W5uA6CNMf3hd2j4a2XWCx,Houari,6zrOXBaNn0DqJeXxgC2eyH,2,"['205HNJ73cgpC0LAOnuQiWT', '6YzQOngfcV0W9F8UOTnEEK']"
13 Organisé,19u3RGWKsjmbg9eI6zAiNp,Naps,6W5uA6CNMf3hd2j4a2XWCx,2,"['205HNJ73cgpC0LAOnuQiWT', '6YzQOngfcV0W9F8UOTnEEK']"
Houari,6zrOXBaNn0DqJeXxgC2eyH,Solda,7FXX45sHqoQoCwqtG0ZV8H,2,"['205HNJ73cgpC0LAOnuQiWT', '6YzQOngfcV0W9F8UOTnEEK']"
13 Organisé,19u3RGWKsjmbg9eI6zAiNp,Solda,7FXX45sHqoQoCwqtG0ZV8H,2,"['205HNJ73cgpC0LAOnuQiWT', '6YzQOngfcV0W9F8UOTnEEK']"
13 Organisé,19u3RGWKsjmbg9eI6zAiNp,Houari,6zrOXBaNn0DqJeXxgC2eyH,2,"['205HNJ73cgpC0LAOnuQiWT', '6YzQOngfcV0W9F8UOTnEEK']"
Yandel,0eHQ9o50hj6ZDNBt6Ys1sD,CNCO,0eecdvMrqBftK0M1VKhaF4,1,['209gZgcfLq2aUuu51vOWBl']
Doja Cat,5cj0lLjcoR7YOSnhnX0Po5,Saweetie,6cK3NBO6uP7hh0oyuVELFl,1,['20BOju91NaEFK5Py4VJ2pp']
DJ Khaled,0QHgL1lAIqAw0HtD7YldmP,DaBaby,4r63FhuTkUYltbVAg5TQnk,1,['20GrahbI4AzAOWxpYfDKkf']
DJ Khaled,0QHgL1lAIqAw0HtD7YldmP,Megan Thee Stallion,181bsRPaVXVlUKXrxwZfHK,1,['20GrahbI4AzAOWxpYfDKkf']
Megan Thee Stallion,181bsRPaVXVlUKXrxwZfHK,Post Malone,246dkjvS1zLTtiykXe5h60,1,['20GrahbI4AzAOWxpYfDKkf']
Megan Thee Stallion,181bsRPaVXVlUKXrxwZfHK,DaBaby,4r63FhuTkUYltbVAg5TQnk,3,"['20GrahbI4AzAOWxpYfDKkf', '3oHiR89Y8gn6xt3YGAAzFj', '4aarlAfLKVCTxUDNgbwhjH']"
Megan Thee Stallion,181bsRPaVXVlUKXrxwZfHK,Lil Baby,5f7VJjfbwm532GiveGC0ZK,2,"['20GrahbI4AzAOWxpYfDKkf', '589jILaMtVqRiVxubmnLiF']"
Gucci Mane,13y7CgLHjMVRMDqxdx0Xdo,Fifth Harmony,1l8Fu6IkuTP0U5QetQJ5Xt,1,['20H2Hd5AkUcRjB4yL3UQtJ']
Pop Smoke,0eDvMgVFoNV3TpwtrVCoTj,Pharrell Williams,2RdwBSPQiwcmiDo9kixcl8,1,['20SBt8RWsCwOqdBbzova1C']
Jess Glynne,4ScCswdRlyA23odg9thgIO,Rudimental,4WN5naL3ofxrVBgFpguzKo,1,['20ZP3Om9DvDazXrNUC7WM2']
Macklemore,3JhNCzhSMTxs9WLGJJxWOY,Rudimental,4WN5naL3ofxrVBgFpguzKo,1,['20ZP3Om9DvDazXrNUC7WM2']
Dan Caplen,2U3FuHYvL3vhkbDAXm24Ep,Rudimental,4WN5naL3ofxrVBgFpguzKo,1,['20ZP3Om9DvDazXrNUC7WM2']
Macklemore,3JhNCzhSMTxs9WLGJJxWOY,Jess Glynne,4ScCswdRlyA23odg9thgIO,1,['20ZP3Om9DvDazXrNUC7WM2']
Dan Caplen,2U3FuHYvL3vhkbDAXm24Ep,Jess Glynne,4ScCswdRlyA23odg9thgIO,1,['20ZP3Om9DvDazXrNUC7WM2']
Dan Caplen,2U3FuHYvL3vhkbDAXm24Ep,Macklemore,3JhNCzhSMTxs9WLGJJxWOY,1,['20ZP3Om9DvDazXrNUC7WM2']
Brad Paisley,13YmWQJFwgZrd4bf5IjMY4,Post Malone,246dkjvS1zLTtiykXe5h60,1,['20hTkA9oKKuxghkRptRczS']
Cherish,1c70yCa8sRgIiQxl3HOEFo,ACRAZE,4pnp4w9g30yLfVIAFnZMRd,1,['20on25jryn53hWghthWWW3']
League of Legends,47mIJdHORyRerp4os813jD,NewJeans,6HvZYsbFfjnjFrWF950C9d,1,['210JJAa9nJOgNa0YNrsT5g']
Kygo,23fqKkggKUBHNkbKtXEls4,Gryffin,2ZRQcIgzPCVaT9XKhXZIzh,1,['21H0pUV2uPIPcFnFhgTBjo']
Kygo,23fqKkggKUBHNkbKtXEls4,Calum Scott,6ydoSd3N2mwgwBHtF6K7eX,1,['21H0pUV2uPIPcFnFhgTBjo']
Gryffin,2ZRQcIgzPCVaT9XKhXZIzh,Calum Scott,6ydoSd3N2mwgwBHtF6K7eX,1,['21H0pUV2uPIPcFnFhgTBjo']
Sebastian Yatra,07YUOmWljBTXwIseAUd9TW,Guaynaa,0BqURncJM5B1BBu7UM51eq,1,['21N4Buj4xsyLb218lYle61']
Rauw Alejandro,1mcTU81TzQhprhouKaTkpq,Bizarrap,716NhGYqD1jl2wI1Qkgq36,2,"['21N77gfWYoQDvrLvaeiQgi', '2NFadq6pUeiVEihLvUlOSr']"
Bump J,3L6bhGrHegoci41Jx2nP0V,¥$,4xPQFgDA5M2xa0ZGo5iIsv,2,"['21vc2kQZMS00cAyNT82a1M', '3SIRBp4RRQ2AO5H4NO7xfq']"
Bump J,3L6bhGrHegoci41Jx2nP0V,Kanye West,5K4W6rqBFWDnAN6FQUkS6x,2,"['21vc2kQZMS00cAyNT82a1M', '3SIRBp4RRQ2AO5H4NO7xfq']"
Bump J,3L6bhGrHegoci41Jx2nP0V,Ty Dolla $ign,7c0XG5cIJTrrAgEC3ULPiq,2,"['21vc2kQZMS00cAyNT82a1M', '3SIRBp4RRQ2AO5H4NO7xfq']"
Nicki Minaj,0hCNtLu0JehylgoiP8L4Gh,Little Mix,3e7awlrlDSwF3iM0WBjGMp,1,['222B3aljXx6fFwKmFjuBED']
Dalex,0KPX4Ucy9dk82uj4GpKesn,Rafa Pabön,11YLRSsZA3YVuQQtHXKTlz,3,"['224EVTFiLsdQignUFLvDeH', '7anSoGdgtmJTAPZBzcPhO6', '7g8YaUQABMal0zWe7a2ijz']"
Dalex,0KPX4Ucy9dk82uj4GpKesn,KHEA,4m6ubhNsdwF4psNf3R8kwR,2,"['224EVTFiLsdQignUFLvDeH', '7g8YaUQABMal0zWe7a2ijz']"
Dalex,0KPX4Ucy9dk82uj4GpKesn,Cazzu,6w3SkAHYPsQ1bxV7VDlG5y,2,"['224EVTFiLsdQignUFLvDeH', '7g8YaUQABMal0zWe7a2ijz']"
Rafa Pabön,11YLRSsZA3YVuQQtHXKTlz,KHEA,4m6ubhNsdwF4psNf3R8kwR,2,"['224EVTFiLsdQignUFLvDeH', '7g8YaUQABMal0zWe7a2ijz']"
Rafa Pabön,11YLRSsZA3YVuQQtHXKTlz,Sech,77ziqFxp5gaInVrF2lj4ht,3,"['224EVTFiLsdQignUFLvDeH', '7anSoGdgtmJTAPZBzcPhO6', '7g8YaUQABMal0zWe7a2ijz']"
Rafa Pabön,11YLRSsZA3YVuQQtHXKTlz,Cazzu,6w3SkAHYPsQ1bxV7VDlG5y,2,"['224EVTFiLsdQignUFLvDeH', '7g8YaUQABMal0zWe7a2ijz']"
Rafa Pabön,11YLRSsZA3YVuQQtHXKTlz,Feid,2LRoIwlKmHjgvigdNGBHNo,3,"['224EVTFiLsdQignUFLvDeH', '7anSoGdgtmJTAPZBzcPhO6', '7g8YaUQABMal0zWe7a2ijz']"
Rafa Pabön,11YLRSsZA3YVuQQtHXKTlz,Lenny Tavárez,1pQWsZQehhS4wavwh7Fnxd,3,"['224EVTFiLsdQignUFLvDeH', '7anSoGdgtmJTAPZBzcPhO6', '7g8YaUQABMal0zWe7a2ijz']"
KHEA,4m6ubhNsdwF4psNf3R8kwR,Sech,77ziqFxp5gaInVrF2lj4ht,2,"['224EVTFiLsdQignUFLvDeH', '7g8YaUQABMal0zWe7a2ijz']"
KHEA,4m6ubhNsdwF4psNf3R8kwR,Cazzu,6w3SkAHYPsQ1bxV7VDlG5y,3,"['224EVTFiLsdQignUFLvDeH', '2CRbiMK0W14l71SpDKqKZM', '7g8YaUQABMal0zWe7a2ijz']"
Feid,2LRoIwlKmHjgvigdNGBHNo,KHEA,4m6ubhNsdwF4psNf3R8kwR,2,"['224EVTFiLsdQignUFLvDeH', '7g8YaUQABMal0zWe7a2ijz']"
Lenny Tavárez,1pQWsZQehhS4wavwh7Fnxd,KHEA,4m6ubhNsdwF4psNf3R8kwR,2,"['224EVTFiLsdQignUFLvDeH', '7g8YaUQABMal0zWe7a2ijz']"
Cazzu,6w3SkAHYPsQ1bxV7VDlG5y,Sech,77ziqFxp5gaInVrF2lj4ht,2,"['224EVTFiLsdQignUFLvDeH', '7g8YaUQABMal0zWe7a2ijz']"
Feid,2LRoIwlKmHjgvigdNGBHNo,Cazzu,6w3SkAHYPsQ1bxV7VDlG5y,2,"['224EVTFiLsdQignUFLvDeH', '7g8YaUQABMal0zWe7a2ijz']"
Lenny Tavárez,1pQWsZQehhS4wavwh7Fnxd,Cazzu,6w3SkAHYPsQ1bxV7VDlG5y,3,"['224EVTFiLsdQignUFLvDeH', '7g8YaUQABMal0zWe7a2ijz', '7nD2JPaxIKUdxd2UWgnaGL']"
Lana Del Rey,00FQb4jTyendYWaN8pK0wa,Quavo,0VRj0yCOv2FXJNP47XQnx5,1,['22DH8NChecsgPxDjA4pqer']
Normani,2cWZOOzeOm4WmBJRnD5R7I,Calvin Harris,7CajNmpbOovFoOoasH2HaY,2,"['22PTmk4mzAVi92WiQPAcFp', '5xesHO6GLWTrjsKOjAXRmf']"
Tinashe,0NIIxcxNHmOoyBx03SfTCD,Calvin Harris,7CajNmpbOovFoOoasH2HaY,1,['22PTmk4mzAVi92WiQPAcFp']
Offset,4DdkRBBYG6Yk9Ka8tdJ9BW,Calvin Harris,7CajNmpbOovFoOoasH2HaY,1,['22PTmk4mzAVi92WiQPAcFp']
Tinashe,0NIIxcxNHmOoyBx03SfTCD,Normani,2cWZOOzeOm4WmBJRnD5R7I,1,['22PTmk4mzAVi92WiQPAcFp']
Normani,2cWZOOzeOm4WmBJRnD5R7I,Offset,4DdkRBBYG6Yk9Ka8tdJ9BW,1,['22PTmk4mzAVi92WiQPAcFp']
Tinashe,0NIIxcxNHmOoyBx03SfTCD,Offset,4DdkRBBYG6Yk9Ka8tdJ9BW,1,['22PTmk4mzAVi92WiQPAcFp']
Rauw Alejandro,1mcTU81TzQhprhouKaTkpq,J Balvin,1vyhD5VmyZ7KMfW5gqLgo5,1,['22Sh5dlwbERqJAq1fZk5b2']
Post Malone,246dkjvS1zLTtiykXe5h60,Noah Kahan,2RQXRUsr4IW1f3mKyKsy4B,1,['22VHOlVYBqytsrAqV8yXBK']
Sam Smith,2wY79sveU1sp5g7SokKOiI,Calvin Harris,7CajNmpbOovFoOoasH2HaY,3,"['22dUzMFttcR3uU17NcOAIv', '3i0FkJYlU4MFfYkjFHXXAM', '5N5k9nd479b1xpDZ4usjrg']"
Chris Jedi,0qTZZWLzuD59Un5r1speHm,J Balvin,1vyhD5VmyZ7KMfW5gqLgo5,1,['22eADXu8DfOAUEDw4vU8qy']
Chris Jedi,0qTZZWLzuD59Un5r1speHm,Ozuna,1i8SpTcr7yvPOmcqrbnVXY,3,"['22eADXu8DfOAUEDw4vU8qy', '4WzsycqZkpkS48H9AAAGux', '4XCQtUoRSh22Ep18ULmDnT']"
Chris Jedi,0qTZZWLzuD59Un5r1speHm,Arcángel,4SsVbpTthjScTS7U2hmr1X,1,['22eADXu8DfOAUEDw4vU8qy']
J Balvin,1vyhD5VmyZ7KMfW5gqLgo5,Arcángel,4SsVbpTthjScTS7U2hmr1X,1,['22eADXu8DfOAUEDw4vU8qy']
Ozuna,1i8SpTcr7yvPOmcqrbnVXY,Arcángel,4SsVbpTthjScTS7U2hmr1X,2,"['22eADXu8DfOAUEDw4vU8qy', '3fhOpwaKobrELFjKLcXHgI']"
Luis R Conriquez,0pePYDrJGk8gqMRbXrLJC8,Chimbala,4VVEpEhC8NcR7AqNEds42U,1,['22jhscHs2DoVqKG5vKJytQ']
Chimbala,4VVEpEhC8NcR7AqNEds42U,Joel De La P,4qDRNT8ldCfCjSp9lBzYC5,1,['22jhscHs2DoVqKG5vKJytQ']
DJ Khaled,0QHgL1lAIqAw0HtD7YldmP,Jennifer Lopez,2DlGxzQSjYe5N6G9nkYghR,1,['22mQXNE0nCuWq4yOwcadIn']
Jennifer Lopez,2DlGxzQSjYe5N6G9nkYghR,Cardi B,4kYSro6naA4h99UJvo89HB,1,['22mQXNE0nCuWq4yOwcadIn']
Os Gemeos da Putaria,5ZEpz4ei1jHqvA4EHUeKqs,MC Xenon,5vcMPVDXTLhJ4UpOZKXZtg,1,['22sAwsBH0NoNJXnrBenQuO']
Macklemore,3JhNCzhSMTxs9WLGJJxWOY,Ryan Lewis,4myTppRgh0rojLxx8RycOp,1,['22skzmqfdWrjJylampe0kt']
Macklemore,3JhNCzhSMTxs9WLGJJxWOY,Macklemore & Ryan Lewis,6WLvgbfYXQPO396oJEYCsi,1,['22skzmqfdWrjJylampe0kt']
Macklemore,3JhNCzhSMTxs9WLGJJxWOY,Ray Dalton,4e0nWw2r4BoQSKPQ2zpU13,1,['22skzmqfdWrjJylampe0kt']
Ryan Lewis,4myTppRgh0rojLxx8RycOp,Macklemore & Ryan Lewis,6WLvgbfYXQPO396oJEYCsi,1,['22skzmqfdWrjJylampe0kt']
Ray Dalton,4e0nWw2r4BoQSKPQ2zpU13,Ryan Lewis,4myTppRgh0rojLxx8RycOp,1,['22skzmqfdWrjJylampe0kt']
Ray Dalton,4e0nWw2r4BoQSKPQ2zpU13,Macklemore & Ryan Lewis,6WLvgbfYXQPO396oJEYCsi,1,['22skzmqfdWrjJylampe0kt']
Zuna,2otUckChxWf2cp6UP2cD6e,Azet,39KEQQAG9JhIt71g9NEVhh,4,"['23N0z3XkwS2ErcNKsgCWAb', '26pr9oLIVAc1L62F2exIRT', '31Zs71Yb7YoPlFx2p1uKRX', '3aYAAXlB1yvUs5MJ0FI3bh']"
Lil Durk,3hcs9uc56yIGFCSy9leWe7,Polo G,6AgTAQt8XS6jRWi4sX7w49,3,"['23OYT3SFtoJqhiAUqktbc1', '2h4cmbyb6S7e8igDZIITJU', '5KQxun2WxwDMsV7HCN2ONK']"
The Kid LAROI,2tIP7SsRs7vjIcLrU85W8J,Lil Durk,3hcs9uc56yIGFCSy9leWe7,1,['23OYT3SFtoJqhiAUqktbc1']
Dua Lipa,6M2wZ9GZgrQXHCFfjv46we,HWASA,7bmYpVgQub656uNTu6qGNQ,1,['23jEeXRyrjFbfs2Q8tBwdI']
Ozuna,1i8SpTcr7yvPOmcqrbnVXY,Black Eyed Peas,1yxSLGMDHlW21z4YXirZDS,1,['24IgCW19L8lXKyFZwzFtD3']
J. Rey Soul,1OB278sOZVSFx5vXqYha83,Black Eyed Peas,1yxSLGMDHlW21z4YXirZDS,1,['24IgCW19L8lXKyFZwzFtD3']
J. Rey Soul,1OB278sOZVSFx5vXqYha83,Ozuna,1i8SpTcr7yvPOmcqrbnVXY,1,['24IgCW19L8lXKyFZwzFtD3']
Jaden,0xOeVMOz2fVg5BJY3N6akT,Justin Bieber,1uNFoZAHBGtllmzznpCI3s,1,['24MWSatP5sTylISvJONhnB']
TroyBoi,0tvpihdAsKiNnP6sWS3jUI,Justin Bieber,1uNFoZAHBGtllmzznpCI3s,1,['24OeEKPQ8qqNZnPevRHxUT']
Pop Smoke,0eDvMgVFoNV3TpwtrVCoTj,Bizzy Banks,7s3eCGNZMrwUQraXlocCBv,1,['24YG5Z8Of1VHovrfXsbvCZ']
Ant Clemons,028lPW2NdWHdSPCkRkcyhd,Kanye West,5K4W6rqBFWDnAN6FQUkS6x,2,"['24bnCCysWnbNRNUT4LpHcP', '454Epa1vrCGFddHXKyC1kb']"
Ant Clemons,028lPW2NdWHdSPCkRkcyhd,Ty Dolla $ign,7c0XG5cIJTrrAgEC3ULPiq,1,['24bnCCysWnbNRNUT4LpHcP']
Fivio Foreign,14CHVeJGrR5xgUGQFV5BVM,Lil Tjay,6jGMq4yGs7aQzuGsMgVgZR,3,"['25GyyK9CyZRiDCsPY51fIT', '3Ddny34bFoYBb8dIGq5lwp', '4eNOLmx8r2IJAVKvBBL1jv']"
Kay Flock,2AMeiDbfU2vonrTkpXDKUu,Lil Tjay,6jGMq4yGs7aQzuGsMgVgZR,1,['25GyyK9CyZRiDCsPY51fIT']
Fivio Foreign,14CHVeJGrR5xgUGQFV5BVM,Kay Flock,2AMeiDbfU2vonrTkpXDKUu,1,['25GyyK9CyZRiDCsPY51fIT']
Christina Aguilera,1l7ZsJRRS8wlW3WfJfPfNS,Demi Lovato,6S2OmqARrzebs0tKUEyXyp,1,['25qfFpoGhk9Njgu5nl36sS']
Post Malone,246dkjvS1zLTtiykXe5h60,Lainey Wilson,6tPHARSq45lQ8BSALCfkFC,1,['25uMKq5kygC2woAfeetEfE']
Bring Me The Horizon,1Ffb6ejR6Fe5IamqA5oRUF,mgk,6TIYQ3jFPwQSRmorSezPxX,1,['25wdC7CJmCJPgnKw9rYquJ']
Lil Uzi Vert,4O15NlyKLIASxsJ0PrXPfz,Trippie Redd,6Xgp2XMz1fhVYe7i6yNAax,1,['26LC5kDFE0vWJzVyaENajX']
Nicky Jam,1SupJlEpv7RS2tPNRaHViT,Sech,77ziqFxp5gaInVrF2lj4ht,7,"['26Qhn2T88XqVinXQpmSarj', '3dWpRjCmaHbroNahuSeX11', '4bTZeO72FwMa6wKOiqoynL', '684EjRHwNsZQ9hCQxL4NYL', '7anSoGdgtmJTAPZBzcPhO6', '7fODjB7BrQTGqh0hogW6XD', '7lUdbnz7wsv3C9zzf4WHl9']"
KREAM,0DdDnziut7wOo6cAYWVZC5,Clara Mae,6RHKEd9dpzQ4c09x8Zdaxu,1,['26hcyzSE154xMZCbFdtInA']
Gunna,2hlmm7s2ICUX0LVIhVFlZQ,6ix9ine,7gZfnEnfiaHzxARJ2LeXrf,1,['26jYPsHHSOxCTz4cLt6SbQ']
Nathaniel Alford,6FB9Zw1TSMrw3LIzIvlNGG,Ty Dolla $ign,7c0XG5cIJTrrAgEC3ULPiq,1,['270aLuFCbX32hhBr8MQyPM']
Twice As Nice,1WdM0BAEXN9RpUdPOzEZdx,Ty Dolla $ign,7c0XG5cIJTrrAgEC3ULPiq,1,['270aLuFCbX32hhBr8MQyPM']
Lil Wayne,55Aa2cqylxrFIXC767Z865,Ty Dolla $ign,7c0XG5cIJTrrAgEC3ULPiq,3,"['270aLuFCbX32hhBr8MQyPM', '3vWzyGTu6Ovo1GdrcJqH6e', '4dASQiO1Eoo3RJvt74FtXB']"
The-Dream,1W3FSF1BLpY3hlVIgvenLz,Ty Dolla $ign,7c0XG5cIJTrrAgEC3ULPiq,1,['270aLuFCbX32hhBr8MQyPM']
Twice As Nice,1WdM0BAEXN9RpUdPOzEZdx,Nathaniel Alford,6FB9Zw1TSMrw3LIzIvlNGG,1,['270aLuFCbX32hhBr8MQyPM']
Lil Wayne,55Aa2cqylxrFIXC767Z865,Nathaniel Alford,6FB9Zw1TSMrw3LIzIvlNGG,1,['270aLuFCbX32hhBr8MQyPM']
The-Dream,1W3FSF1BLpY3hlVIgvenLz,Nathaniel Alford,6FB9Zw1TSMrw3LIzIvlNGG,1,['270aLuFCbX32hhBr8MQyPM']
Twice As Nice,1WdM0BAEXN9RpUdPOzEZdx,Lil Wayne,55Aa2cqylxrFIXC767Z865,1,['270aLuFCbX32hhBr8MQyPM']
The-Dream,1W3FSF1BLpY3hlVIgvenLz,Twice As Nice,1WdM0BAEXN9RpUdPOzEZdx,1,['270aLuFCbX32hhBr8MQyPM']
The-Dream,1W3FSF1BLpY3hlVIgvenLz,Lil Wayne,55Aa2cqylxrFIXC767Z865,1,['270aLuFCbX32hhBr8MQyPM']
Metro Boomin,0iEtIxbK0KxaSlF7G42ZOp,Young Thug,50co4Is1HCEo8bhOyUWKpn,6,"['27P4XoNXXEV4lTc3sB61RK', '2VtgzixdB967bHDNu5A1nh', '3ruoIF2UnoXdzK8mR61ebq', '3tkFCUaISwablf9MJydsuB', '47yD0e9MCRIB8dgUXPfyW3', '5wG3HvLhF6Y5KTGlK0IW3J']"
JHAYCO,6nVcHLIgY5pE2YCl8ubca1,Sech,77ziqFxp5gaInVrF2lj4ht,2,"['27RSJHEA99Y0Vsow7nA37A', '5NxhMcHSVY3Z7ykWxZf3aj']"
Yoko Ono,2s4tjL6W3qrblOe0raIzwJ,John Lennon,4x1nvY2FN8jxqAFA0DA02H,2,"['27RYrbL6S02LNVhDWVl38b', '3zJw3rugfpVrmBeDDnUYzy']"
Justin Bieber,1uNFoZAHBGtllmzznpCI3s,BEAM,46MWeeHNVMYRIIofQBEX98,1,['27UcQ6dAvQrgH9C880rCM3']
Anuel AA,2R21vXR83lH98kGeO99Y66,Bryant Myers,6w9ToX5slZ4uIdmD17hJ3c,1,['27qRmG3zOWPvMYUkpPdQ1g']
Mabel,1MIVXf74SZHmTIp4V4paH4,Clean Bandit,6MDME20pz9RveH9rEXvrOM,1,['27u7t9d7ZQoyjsCROHuZJ3']
Clean Bandit,6MDME20pz9RveH9rEXvrOM,24kGoldn,6fWVd57NKTalqvmjRd2t8Z,1,['27u7t9d7ZQoyjsCROHuZJ3']
Mabel,1MIVXf74SZHmTIp4V4paH4,24kGoldn,6fWVd57NKTalqvmjRd2t8Z,1,['27u7t9d7ZQoyjsCROHuZJ3']
Yandel,0eHQ9o50hj6ZDNBt6Ys1sD,Feid,2LRoIwlKmHjgvigdNGBHNo,4,"['28BSTgZH1ckI8Xfy8LXaRz', '4FAKtPVycI4DxoOHC01YqD', '6JUMswocQ7Hp46kj9kyljT', '6ZCfGA0bPM50DPmcSlJKGY']"
Yandel,0eHQ9o50hj6ZDNBt6Ys1sD,Daddy Yankee,4VMYDCV2IEDYJArk749S6m,1,['28BSTgZH1ckI8Xfy8LXaRz']
Gunna,2hlmm7s2ICUX0LVIhVFlZQ,mgk,6TIYQ3jFPwQSRmorSezPxX,1,['28ZGbkz2MDnpvHhSRQw4f1']
mgk,6TIYQ3jFPwQSRmorSezPxX,Landon Barker,7tWnepocfeqynsYC75hWoF,1,['28ZGbkz2MDnpvHhSRQw4f1']
Gunna,2hlmm7s2ICUX0LVIhVFlZQ,Landon Barker,7tWnepocfeqynsYC75hWoF,1,['28ZGbkz2MDnpvHhSRQw4f1']
Young Thug,50co4Is1HCEo8bhOyUWKpn,Landon Barker,7tWnepocfeqynsYC75hWoF,1,['28ZGbkz2MDnpvHhSRQw4f1']
Future,1RyvyyTE3xzB2ZywiAwp0i,Playboi Carti,699OTQXzgjhIYAHMy9RyPD,2,"['28drn6tQo95MRvO0jQEo5C', '5uYqmEN6TAAE8ss8YmprNV']"
Metro Boomin,0iEtIxbK0KxaSlF7G42ZOp,Playboi Carti,699OTQXzgjhIYAHMy9RyPD,1,['28drn6tQo95MRvO0jQEo5C']
Travis Scott,0Y5tJX1MQlPlqiwlOH1tJY,Playboi Carti,699OTQXzgjhIYAHMy9RyPD,3,"['28drn6tQo95MRvO0jQEo5C', '3K6U7TamNyVSWcFH8pCQHX', '42VsgItocQwOQC3XWZ8JNA']"
Nitro,6jQZzWW3JlEtcRDSzFVKSP,MACHETE,7Do8se3ZoaVqUt3woqqSrD,2,"['28fRkU3vhqAJdl9i9458pQ', '2gUn6S1SuuXK0BvypPKnir']"
Marracash,5AZuEF0feCXMkUCwQiQlW7,MACHETE,7Do8se3ZoaVqUt3woqqSrD,1,['28fRkU3vhqAJdl9i9458pQ']
Salmo,3hBQ4zniNdQf1cqqo6hzuW,Nitro,6jQZzWW3JlEtcRDSzFVKSP,2,"['28fRkU3vhqAJdl9i9458pQ', '77F0NNChJGfDBp3fTCWaDc']"
Salmo,3hBQ4zniNdQf1cqqo6hzuW,Marracash,5AZuEF0feCXMkUCwQiQlW7,1,['28fRkU3vhqAJdl9i9458pQ']
Marracash,5AZuEF0feCXMkUCwQiQlW7,Nitro,6jQZzWW3JlEtcRDSzFVKSP,1,['28fRkU3vhqAJdl9i9458pQ']
Drake,3TVXtAsR1Inumwj472S9r4,Kanye West,5K4W6rqBFWDnAN6FQUkS6x,1,['28irpKCCK9nn9DZSik2zEx']
League of Legends,47mIJdHORyRerp4os813jD,HEARTSTEEL,4lY2DXvRv9RPeFcUtn6PUh,1,['29WxJqIfDRMo9isV07kbJP']
HEARTSTEEL,4lY2DXvRv9RPeFcUtn6PUh,BAEKHYUN,4ufh0WuMZh6y4Dmdnklvdl,1,['29WxJqIfDRMo9isV07kbJP']
tobi lou,4T8NIfZmVY6TJFqVzN6X49,HEARTSTEEL,4lY2DXvRv9RPeFcUtn6PUh,1,['29WxJqIfDRMo9isV07kbJP']
HEARTSTEEL,4lY2DXvRv9RPeFcUtn6PUh,ØZI,7Icsejk4pdIhkq2KO5A0jD,1,['29WxJqIfDRMo9isV07kbJP']
Cal Scruby,2wcrc3fjebDRLVdtRUa3pu,HEARTSTEEL,4lY2DXvRv9RPeFcUtn6PUh,1,['29WxJqIfDRMo9isV07kbJP']
League of Legends,47mIJdHORyRerp4os813jD,BAEKHYUN,4ufh0WuMZh6y4Dmdnklvdl,1,['29WxJqIfDRMo9isV07kbJP']
League of Legends,47mIJdHORyRerp4os813jD,tobi lou,4T8NIfZmVY6TJFqVzN6X49,1,['29WxJqIfDRMo9isV07kbJP']
League of Legends,47mIJdHORyRerp4os813jD,ØZI,7Icsejk4pdIhkq2KO5A0jD,1,['29WxJqIfDRMo9isV07kbJP']
Cal Scruby,2wcrc3fjebDRLVdtRUa3pu,League of Legends,47mIJdHORyRerp4os813jD,1,['29WxJqIfDRMo9isV07kbJP']
tobi lou,4T8NIfZmVY6TJFqVzN6X49,BAEKHYUN,4ufh0WuMZh6y4Dmdnklvdl,1,['29WxJqIfDRMo9isV07kbJP']
BAEKHYUN,4ufh0WuMZh6y4Dmdnklvdl,ØZI,7Icsejk4pdIhkq2KO5A0jD,1,['29WxJqIfDRMo9isV07kbJP']
Cal Scruby,2wcrc3fjebDRLVdtRUa3pu,BAEKHYUN,4ufh0WuMZh6y4Dmdnklvdl,1,['29WxJqIfDRMo9isV07kbJP']
tobi lou,4T8NIfZmVY6TJFqVzN6X49,ØZI,7Icsejk4pdIhkq2KO5A0jD,1,['29WxJqIfDRMo9isV07kbJP']
Cal Scruby,2wcrc3fjebDRLVdtRUa3pu,tobi lou,4T8NIfZmVY6TJFqVzN6X49,1,['29WxJqIfDRMo9isV07kbJP']
Cal Scruby,2wcrc3fjebDRLVdtRUa3pu,ØZI,7Icsejk4pdIhkq2KO5A0jD,1,['29WxJqIfDRMo9isV07kbJP']
9lokknine,0ceH34CATvfgphxnLRWFkm,YNW Melly,1cNDP5yjU5vjeR8qMf4grg,1,['29ZXwWOOLz9t5fa3eT3i7T']
Young Thug,50co4Is1HCEo8bhOyUWKpn,NAV,7rkW85dBwwrJtlHRDkJDAC,1,['29eSqQBrdva2tPLYMneFzP']
Gurinder Gill,5DHi2MeoRgAwPE0A0qwRMl,AP Dhillon,6LEG9Ld1aLImEFEVHdWNSB,1,['29m79w9xPMH4YCD6r8JSmV']
Intense,0OS0NZnK7TGIAWx8MkWNFN,AP Dhillon,6LEG9Ld1aLImEFEVHdWNSB,1,['29m79w9xPMH4YCD6r8JSmV']
Intense,0OS0NZnK7TGIAWx8MkWNFN,Gurinder Gill,5DHi2MeoRgAwPE0A0qwRMl,1,['29m79w9xPMH4YCD6r8JSmV']
Future,1RyvyyTE3xzB2ZywiAwp0i,NAV,7rkW85dBwwrJtlHRDkJDAC,1,['2AEtYwT9qg2eY6G9m8wOxW']
Matheus & Kauan,2Z0lRIqr997lIUiPtrpKCr,Anitta,7FNnA9vBm6EKceENgCGRMb,1,['2Ab1wPTEqulaCGoBak1gUo']
Nause,4PVn1b2WnnXdq80C7uaZLZ,Pretty Sister,4bvWFV51SAEocM22uiDOza,1,['2Ae5awwKvQpTBKQHr1TYCg']
Sleepy Hallow,6EPlBSH2RSiettczlz7ihV,Fousheé,6trIghKwHRUyxwvm66HLHH,1,['2AlYncTpVHKwHb55F9lF6O']
Ariana Grande,66CXWjxzNUsdJxJ2JdwvnR,Childish Gambino,73sIBHcqh3Z3NyqHKZ7FOL,1,['2Aq78kKI9yuloJQkcbhQbU']
Rvssian,1fctva4kpRbg2k3v7kwRuS,Anuel AA,2R21vXR83lH98kGeO99Y66,1,['2AuWgceaQyfMoI3EGavwGb']
Rvssian,1fctva4kpRbg2k3v7kwRuS,Juice WRLD,4MCBfE4596Uoi2O4DtmEMz,2,"['2AuWgceaQyfMoI3EGavwGb', '4zxpssj8DyrfZcEUSUiNxG']"
Anuel AA,2R21vXR83lH98kGeO99Y66,Juice WRLD,4MCBfE4596Uoi2O4DtmEMz,1,['2AuWgceaQyfMoI3EGavwGb']
Lil Wayne,55Aa2cqylxrFIXC767Z865,Snoop Dogg,7hJcb9fa4alzcOq3EaNPoG,1,['2AwyHlbA6f641SEkizD5JG']
Noriel,3RtNN1VnooWEn3KQk03DUL,Myke Towers,7iK8PXO48WeuP03g8YR51W,1,['2B94bbI1a4LyBpK1439oP7']
Rauw Alejandro,1mcTU81TzQhprhouKaTkpq,Noriel,3RtNN1VnooWEn3KQk03DUL,1,['2B94bbI1a4LyBpK1439oP7']
Noriel,3RtNN1VnooWEn3KQk03DUL,Almighty,6P6GTRTigHBp8ZesNtpCKH,1,['2B94bbI1a4LyBpK1439oP7']
Rauw Alejandro,1mcTU81TzQhprhouKaTkpq,Myke Towers,7iK8PXO48WeuP03g8YR51W,3,"['2B94bbI1a4LyBpK1439oP7', '2tGENA8xef0wABdHvyXwv9', '5VzNsUnLmYcRfRfxpQsusa']"
Almighty,6P6GTRTigHBp8ZesNtpCKH,Myke Towers,7iK8PXO48WeuP03g8YR51W,1,['2B94bbI1a4LyBpK1439oP7']
Rauw Alejandro,1mcTU81TzQhprhouKaTkpq,Almighty,6P6GTRTigHBp8ZesNtpCKH,1,['2B94bbI1a4LyBpK1439oP7']
Big Sean,0c173mlxpT3dSFRgMO8XPh,Hit-Boy,6q3p11nP1p80Ey6LrOOSed,1,['2B9wgj9XzbJZLty03PRbVo']
Big Sean,0c173mlxpT3dSFRgMO8XPh,A$AP Ferg,5dHt1vcEm9qb8fCyLcB3HL,1,['2B9wgj9XzbJZLty03PRbVo']
A$AP Ferg,5dHt1vcEm9qb8fCyLcB3HL,Hit-Boy,6q3p11nP1p80Ey6LrOOSed,1,['2B9wgj9XzbJZLty03PRbVo']
Rvssian,1fctva4kpRbg2k3v7kwRuS,Rauw Alejandro,1mcTU81TzQhprhouKaTkpq,2,"['2BEcap3xJtmiPaHKyfQi4e', '6a9Z1jUms915w4O7N1PxjY']"
Rvssian,1fctva4kpRbg2k3v7kwRuS,Chris Brown,7bXgB6jMjp9ATFy66eO08Z,1,['2BEcap3xJtmiPaHKyfQi4e']
Rauw Alejandro,1mcTU81TzQhprhouKaTkpq,Chris Brown,7bXgB6jMjp9ATFy66eO08Z,1,['2BEcap3xJtmiPaHKyfQi4e']
Lil Uzi Vert,4O15NlyKLIASxsJ0PrXPfz,Playboi Carti,699OTQXzgjhIYAHMy9RyPD,2,"['2BJSMvOGABRxokHKB0OI8i', '59J5nzL1KniFHnU120dQzt']"
P!nk,1KCSPY1glIKqW2TotWuXOR,Khalid,6LuN9FCkKOj5PcnpouEgny,1,['2BM7nF0pMIpLQOT04o691Z']
Project Pat,08Ld63UgKrJ0nZnCkzHtzc,Drake,3TVXtAsR1Inumwj472S9r4,1,['2BcMwX1MPV6ZHP4tUT9uq6']
Project Pat,08Ld63UgKrJ0nZnCkzHtzc,21 Savage,1URnnhqYAYcrqrcwql10ft,1,['2BcMwX1MPV6ZHP4tUT9uq6']
Labrinth,2feDdbD5araYcm6JhFHHw7,Noah Cyrus,55fhWPvDiMpLnE4ZzNXZyW,1,['2BrzlUj1u1CtvaJDGIKpsP']
Gorillaz,3AA28KZvwAUcZuOKwyblJQ,DRAM,5M0lbkGluOPXLeFjApw8r8,1,['2C0KFbb4v9CNWR5c9jWcKC']
Selena Gomez,0C8ZW7ezQVs4URX5aX7Kqx,6LACK,4IVAbR2w4JJNJDDRFP3E83,1,['2C0hTkdEoikhKzDCJl32QZ']
Post Malone,246dkjvS1zLTtiykXe5h60,Halsey,26VFTg2z8YR0cCuwLzESi2,2,"['2C6WXnmZ66tHhHlnvwePiK', '59PYPDxTbqJpiGfyogPb5h']"
Future,1RyvyyTE3xzB2ZywiAwp0i,Post Malone,246dkjvS1zLTtiykXe5h60,2,"['2C6WXnmZ66tHhHlnvwePiK', '59PYPDxTbqJpiGfyogPb5h']"
Future,1RyvyyTE3xzB2ZywiAwp0i,Halsey,26VFTg2z8YR0cCuwLzESi2,2,"['2C6WXnmZ66tHhHlnvwePiK', '59PYPDxTbqJpiGfyogPb5h']"
Nipsey Hussle,0EeQBlQJFiAfJeVN2vT9s0,Big Sean,0c173mlxpT3dSFRgMO8XPh,1,['2CDcXWYWilHTXrsOXJza8n']
Grupo F1rmo,1TvpKRrUuwpyfFHRC3OJ6N,Malumma,2FC37ksP8mB49ORkV2Rojp,1,['2CGbKCiVUTHxhIJtP6Gvdi']
Post Malone,246dkjvS1zLTtiykXe5h60,Tim McGraw,6roFdX1y5BYSbp60OTJWMd,1,['2CIXO1jQbrV1hlfI7FUKld']
Grace Jones,2f9ZiYA2ic1r1voObUimdd,Gorillaz,3AA28KZvwAUcZuOKwyblJQ,1,['2CJ6CRzuRQd46asE1ucuVD']
Luísa Sonza,4PzYKhC14sTJNEr0dzoo0d,Demi Lovato,6S2OmqARrzebs0tKUEyXyp,1,['2COgAa5ipUrdTuWjyqb10X']
Mike Perry,6lB8vOoI4DRrrVxXwuV19c,shy martin,7eCmccnRwPmRnWPw61x6jM,1,['2CPqh63wRVscbceKcPxwvv']
KHEA,4m6ubhNsdwF4psNf3R8kwR,Bad Bunny,4q3ewBCX7sLwd24euuV69X,1,['2CRbiMK0W14l71SpDKqKZM']
Duki,1bAftSH8umNcGZ0uyV7LMg,KHEA,4m6ubhNsdwF4psNf3R8kwR,4,"['2CRbiMK0W14l71SpDKqKZM', '5AAb8GlTnCwkhBTJxw6F90', '5RmSunLqeDqNWww8LWhAiK', '7I8L3vYCLThw2FDrE6LuzE']"
Bad Bunny,4q3ewBCX7sLwd24euuV69X,Cazzu,6w3SkAHYPsQ1bxV7VDlG5y,1,['2CRbiMK0W14l71SpDKqKZM']
Duki,1bAftSH8umNcGZ0uyV7LMg,Cazzu,6w3SkAHYPsQ1bxV7VDlG5y,1,['2CRbiMK0W14l71SpDKqKZM']
Brett Eldredge,0qSX3s5pJnAlSsgsCne8Cz,Kelly Clarkson,3BmGtnKgCSGYIUhmivXKWX,2,"['2CYnG4UCBBEKIiux3S0jBU', '2K4XbdyLxi9jhqVQeyUKRK']"
Shakira,0EmeFodog0BfCgMzAIvKQp,Freshlyground,7AcV1lk8Zrgo1691PDWEle,1,['2Cd9iWfcOpGDHLz6tVA3G4']
J Balvin,1vyhD5VmyZ7KMfW5gqLgo5,Khalid,6LuN9FCkKOj5PcnpouEgny,1,['2CdTLdDjwZdVcm0bresVWx']
Future,1RyvyyTE3xzB2ZywiAwp0i,Rihanna,5pKCCKE2ajJHZ9KAiaK11H,1,['2Ce5IyMlVRVvN997ZJjJJA']
DJ Khaled,0QHgL1lAIqAw0HtD7YldmP,Migos,6oMuImdp5ZcFhWP0ESe6mG,2,"['2ClE3QfsNx9p0zjPKxmUYq', '4oLuMvGQ4WJfU2s4OM6nfE']"
DJ Khaled,0QHgL1lAIqAw0HtD7YldmP,T.I.,4OBJLual30L7gRl5UkeRcT,1,['2ClE3QfsNx9p0zjPKxmUYq']
Future,1RyvyyTE3xzB2ZywiAwp0i,Migos,6oMuImdp5ZcFhWP0ESe6mG,2,"['2ClE3QfsNx9p0zjPKxmUYq', '2kPlWEOm2tQlaZRE01IbBQ']"
Future,1RyvyyTE3xzB2ZywiAwp0i,21 Savage,1URnnhqYAYcrqrcwql10ft,3,"['2ClE3QfsNx9p0zjPKxmUYq', '5qR6mlCWqzHMi1b1S8TrBB', '6fwdbPMwP1zVStm8FybmkO']"
Future,1RyvyyTE3xzB2ZywiAwp0i,T.I.,4OBJLual30L7gRl5UkeRcT,1,['2ClE3QfsNx9p0zjPKxmUYq']
21 Savage,1URnnhqYAYcrqrcwql10ft,Migos,6oMuImdp5ZcFhWP0ESe6mG,2,"['2ClE3QfsNx9p0zjPKxmUYq', '4BHzHISX21PYwGXiBEUQ70']"
T.I.,4OBJLual30L7gRl5UkeRcT,Migos,6oMuImdp5ZcFhWP0ESe6mG,1,['2ClE3QfsNx9p0zjPKxmUYq']
21 Savage,1URnnhqYAYcrqrcwql10ft,T.I.,4OBJLual30L7gRl5UkeRcT,1,['2ClE3QfsNx9p0zjPKxmUYq']
Kanye West,5K4W6rqBFWDnAN6FQUkS6x,Tyga,5LHRHt1k9lMyONurDHEdrp,1,['2Cth0v1xri32oZ799rL3rl']
Latto,3MdXrJWsbVzdn6fe5JYkSQ,Jung Kook,6HaGTQPmzraVmaVxvz6EUc,3,"['2D9mO7arRSeHAEHNVAacaA', '2HRgqmZQC0MC7GeNuDIXHN', '7x9aauaA9cu6tyfpHnqDLo']"
Camila Cabello,4nDoRrQiYLoBzwC5BhVJzF,Ed Sheeran,6eUKZXaKkcviH0Ku9w2n3V,2,"['2DB4DdfCFMw1iaR6JaR03a', '4vUmTMuQqjdnvlZmAH61Qk']"
Jowell & Randy,4IMAo2UQchVFyPH24PAjUs,Bad Bunny,4q3ewBCX7sLwd24euuV69X,1,['2DEZmgHKAvm41k4J3R2E9Y']
Ñengo Flow,12vb80Km0Ew53ABfJOepVz,Jowell & Randy,4IMAo2UQchVFyPH24PAjUs,1,['2DEZmgHKAvm41k4J3R2E9Y']
G-Eazy,02kJSzxNuaWGqwubyUba0Z,A$AP Rocky,13ubrt8QOOCPljQ2FL1Kca,1,['2DQ1ITjI0YoLFzuADN1ZBW']
G-Eazy,02kJSzxNuaWGqwubyUba0Z,Cardi B,4kYSro6naA4h99UJvo89HB,1,['2DQ1ITjI0YoLFzuADN1ZBW']
A$AP Rocky,13ubrt8QOOCPljQ2FL1Kca,Cardi B,4kYSro6naA4h99UJvo89HB,1,['2DQ1ITjI0YoLFzuADN1ZBW']
Joyner Lucas,6C1ohJrd5VydigQtaGy5Wa,J. Cole,6l3HvQ5sa6mXTsMTB19rO5,1,['2DTpP3caqX3QdJIEoS83mD']
Peso Pluma,12GqGscKJx3aE4t07u7eVZ,Ivan Cornejo,6PH3FLQAxtqYy46Zv08bpV,1,['2DXK0YNGSqnaIEX5iaSIoK']
Natanael Cano,0elWFr7TW8piilVRYJUe4P,Bizarrap,716NhGYqD1jl2wI1Qkgq36,2,"['2DbV9TSdeGr5FobCFDRzvq', '61OsemtnuPJ5R0LMEkw60S']"
ZAYN,5ZsFI1h6hIdQRw2ti0hz81,R3HAB,6cEuCEZu7PAE9ZSzLLc2oQ,1,['2DcZd7oFgctIJZG5pFncyD']
Jungleboi,1igVsxmGxt1VTKPulM0EuA,R3HAB,6cEuCEZu7PAE9ZSzLLc2oQ,1,['2DcZd7oFgctIJZG5pFncyD']
Jungleboi,1igVsxmGxt1VTKPulM0EuA,ZAYN,5ZsFI1h6hIdQRw2ti0hz81,1,['2DcZd7oFgctIJZG5pFncyD']
Gabriela,1A8aoDrchH5aefQYBCfpLv,Bad Bunny,4q3ewBCX7sLwd24euuV69X,1,['2DhNdoHxavs7Qtf5MnhZD0']
Mora,0Q8NcsJwoCbZOHHW63su5S,RaiNao,42LEQxfXLEuzdqorKBbUVN,2,"['2ECSDcH0Fk1yRO5KkVZwKn', '2tAwNLAIBtgXdzQOtVq6mL']"
Mau y Ricky,2wkoKEfS6dXwThbyTnZWFU,Lunay,47MpMsUfWtgyIIBEFOr4FE,1,['2EEmzqzM70CybVspgM7YRT']
Camilo,28gNT5KBp7IjEOQoevXf9N,Lunay,47MpMsUfWtgyIIBEFOr4FE,1,['2EEmzqzM70CybVspgM7YRT']
Travis Scott,0Y5tJX1MQlPlqiwlOH1tJY,ScHoolboy Q,5IcR3N7QB1j6KBL8eImZ8m,1,['2EGtBS7Ws3ajiSkJLviFJ4']
Swae Lee,1zNqQNIdeOUZHb8zbZRFMX,Ty Dolla $ign,7c0XG5cIJTrrAgEC3ULPiq,1,['2EPbvVyo2qrrmeiEm57Cfl']
Future,1RyvyyTE3xzB2ZywiAwp0i,Swae Lee,1zNqQNIdeOUZHb8zbZRFMX,2,"['2EPbvVyo2qrrmeiEm57Cfl', '2TtWdYXulGcHCeUJUWwZ4M']"
Justin Bieber,1uNFoZAHBGtllmzznpCI3s,Summer Walker,57LYzLEk2LcFghVwuWbcuS,1,['2FBpJGt00G0h1q0RHuqaGO']
Central Cee,5H4yInM5zmHqpKIoMNAx4r,Dave,6Ip8FS7vWT1uKkJSweANQK,3,"['2FDTHlrBguDzQkp7PVj16Q', '2HALQBSAvpw1oCzL5QsrT2', '2VjOTvl50tscmc0RDjPdr2']"
Steve Lacy,57vWImR43h4CaDao012Ofp,Fousheé,6trIghKwHRUyxwvm66HLHH,1,['2FPmvXIMpjgzJQbUeJo8Iv']
Mariah Angeliq,0KKUc4amZyvswV2YL6WTar,KAROL G,790FomKkXshlbRYZFtlgla,1,['2FSGUA0gFgGeQdprjtGM2M']
Pop Smoke,0eDvMgVFoNV3TpwtrVCoTj,Future,1RyvyyTE3xzB2ZywiAwp0i,2,"['2FhEj9lvEIaJihjFprRrGt', '3Zg68ElzsOAHABZsfXlljo']"
Quavo,0VRj0yCOv2FXJNP47XQnx5,Future,1RyvyyTE3xzB2ZywiAwp0i,1,['2FhEj9lvEIaJihjFprRrGt']
Kygo,23fqKkggKUBHNkbKtXEls4,Maty Noyes,5JSXWmQO8csVUy6hSRu8TA,1,['2FiSTH0GYpIioUgjfzMIja']
Pharrell Williams,2RdwBSPQiwcmiDo9kixcl8,Nile Rodgers,3yDIp0kaq9EFKe07X1X2rz,2,"['2Foc5Q5nqNiosCNqttzHof', '69kOkLUCkxIZYexIgSG8rq']"
Pharrell Williams,2RdwBSPQiwcmiDo9kixcl8,Thomas Bangalter,41vv2Tj1knysv6MuFUmdwi,1,['2Foc5Q5nqNiosCNqttzHof']
Guy-Manuel de Homem-Christo,2NvZ35VexRu6LmfVlArMPq,Pharrell Williams,2RdwBSPQiwcmiDo9kixcl8,1,['2Foc5Q5nqNiosCNqttzHof']
Pharrell Williams,2RdwBSPQiwcmiDo9kixcl8,Daft Punk,4tZwfgrHOc3mvqYlEYSvVi,2,"['2Foc5Q5nqNiosCNqttzHof', '69kOkLUCkxIZYexIgSG8rq']"
Nile Rodgers,3yDIp0kaq9EFKe07X1X2rz,Thomas Bangalter,41vv2Tj1knysv6MuFUmdwi,1,['2Foc5Q5nqNiosCNqttzHof']
Guy-Manuel de Homem-Christo,2NvZ35VexRu6LmfVlArMPq,Nile Rodgers,3yDIp0kaq9EFKe07X1X2rz,1,['2Foc5Q5nqNiosCNqttzHof']
Nile Rodgers,3yDIp0kaq9EFKe07X1X2rz,Daft Punk,4tZwfgrHOc3mvqYlEYSvVi,2,"['2Foc5Q5nqNiosCNqttzHof', '69kOkLUCkxIZYexIgSG8rq']"
Guy-Manuel de Homem-Christo,2NvZ35VexRu6LmfVlArMPq,Thomas Bangalter,41vv2Tj1knysv6MuFUmdwi,1,['2Foc5Q5nqNiosCNqttzHof']
Thomas Bangalter,41vv2Tj1knysv6MuFUmdwi,Daft Punk,4tZwfgrHOc3mvqYlEYSvVi,1,['2Foc5Q5nqNiosCNqttzHof']
Guy-Manuel de Homem-Christo,2NvZ35VexRu6LmfVlArMPq,Daft Punk,4tZwfgrHOc3mvqYlEYSvVi,1,['2Foc5Q5nqNiosCNqttzHof']
Moneybagg Yo,3tJoFztHeIJkJWMrx0td2f,DaBaby,4r63FhuTkUYltbVAg5TQnk,1,['2FvD20Z8aoWIePi7PoN8sG']
Moneybagg Yo,3tJoFztHeIJkJWMrx0td2f,Lil Baby,5f7VJjfbwm532GiveGC0ZK,2,"['2FvD20Z8aoWIePi7PoN8sG', '6A9wHAasMxed0firnDao1K']"
Bruno Mars,0du5cEVh5yTK9QJze8zA0C,Gucci Mane,13y7CgLHjMVRMDqxdx0Xdo,1,['2G1tXoGBaEMJ7FKGnkf6ud']
Gucci Mane,13y7CgLHjMVRMDqxdx0Xdo,Kodak Black,46SHBwWsqBkxI7EeeBEQG7,1,['2G1tXoGBaEMJ7FKGnkf6ud']
Bruno Mars,0du5cEVh5yTK9QJze8zA0C,Kodak Black,46SHBwWsqBkxI7EeeBEQG7,1,['2G1tXoGBaEMJ7FKGnkf6ud']
DJ Khaled,0QHgL1lAIqAw0HtD7YldmP,Nicki Minaj,0hCNtLu0JehylgoiP8L4Gh,1,['2G60ShHRZZhqxSKbZTWdOh']
Nicki Minaj,0hCNtLu0JehylgoiP8L4Gh,Future,1RyvyyTE3xzB2ZywiAwp0i,3,"['2G60ShHRZZhqxSKbZTWdOh', '2MfcvcvWSUkstTDZXYIakq', '4AFgK4wP1iD5i8BYaLr9Vf']"
Seeb,5iNrZmtVMtYev5M9yoWpEq,Dagny,6Paz0vXJJ9bCPf0fEm3qzg,1,['2GGGm4MLQynB3I4E4ycIYC']
Original Koffee,1gWjcmBsveEYMxOZ0VRi32,Sam Smith,2wY79sveU1sp5g7SokKOiI,1,['2GGN92tO0UbNAYrbMbQ4bf']
Sam Smith,2wY79sveU1sp5g7SokKOiI,Jessie Reyez,3KedxarmBCyFBevnqQHy3P,3,"['2GGN92tO0UbNAYrbMbQ4bf', '3i0FkJYlU4MFfYkjFHXXAM', '5N5k9nd479b1xpDZ4usjrg']"
Original Koffee,1gWjcmBsveEYMxOZ0VRi32,Jessie Reyez,3KedxarmBCyFBevnqQHy3P,1,['2GGN92tO0UbNAYrbMbQ4bf']
Eno,3GBBxBdoolb0B5YizZq9bF,Nimo,3ZuBEj9ppJe8GSdKaMTfMN,1,['2GdDsXV5v47AZsuwtGjKKy']
DJ Lucas Beat,2zWqENF4cnsd1nLmraG9IE,Malu,3fll16LLw6kdDxWzSpJPEQ,1,['2Gjt4rUHBUH0rMKpBg0hF4']
Ellie Goulding,0X2BH1fck6amBIoJhDVmmJ,Kygo,23fqKkggKUBHNkbKtXEls4,1,['2Gl0FzuLxflY6nPifJp5Dr']
Tiago PZK,5Y3MV9DZ0d87NnVm56qSY1,Bizarrap,716NhGYqD1jl2wI1Qkgq36,1,['2Gq636OOGgxCTqEuzCZhsa']
Camila Cabello,4nDoRrQiYLoBzwC5BhVJzF,Playboi Carti,699OTQXzgjhIYAHMy9RyPD,1,['2H2ytI7ompfNmRkI2sq8Uk']
Quavo,0VRj0yCOv2FXJNP47XQnx5,Kid Cudi,0fA0VVWsXO9YnASrzqfmYu,1,['2H5CLUmtvo2VHEeWzMtUqW']
Jay Rock,28ExwzUQsvgJooOI0X1mr3,Kendrick Lamar,2YZyLoL8N0Wb9xBt1NhZWg,2,"['2HbKqm4o0w5wEeEFXm2sD4', '51rXHuKN8Loc4sUlKPODgH']"
Travis Scott,0Y5tJX1MQlPlqiwlOH1tJY,Lil Uzi Vert,4O15NlyKLIASxsJ0PrXPfz,2,"['2Hc1LaV6bzFil3dE71eORA', '3DoBTwfr8yi2LN08SBpFkN']"
Future,1RyvyyTE3xzB2ZywiAwp0i,Don Toliver,4Gso3d4CscCijv0lmajZWs,3,"['2Hh3ETdQKrmSI3QS0hme7g', '2N9LEu6Pf8nDcp3GjWJT1Z', '52NGJPcLUzQq5w7uv4e5gf']"
Young Thug,50co4Is1HCEo8bhOyUWKpn,Doja Cat,5cj0lLjcoR7YOSnhnX0Po5,1,['2HolBGR6tpiWI80MXoV1dJ']
KIDS SEE GHOSTS,2hPgGN4uhvXAxiXQBIXOmE,Yasiin Bey,6r2niOTnexy9xss5g8GWXH,1,['2I3dW2dCBZAJGj5X21E53k']
Nicky Jam,1SupJlEpv7RS2tPNRaHViT,Amenazzy,6kq4GHwUcUojGIu0ziSNXf,1,['2IA8cFA46DkjgbsRG7kKbp']
Farruko,329e4yvIujISKGKz1BZZbO,Amenazzy,6kq4GHwUcUojGIu0ziSNXf,2,"['2IA8cFA46DkjgbsRG7kKbp', '2mM3gZ0BbPwPPMelbA8vgt']"
Nicky Jam,1SupJlEpv7RS2tPNRaHViT,Farruko,329e4yvIujISKGKz1BZZbO,4,"['2IA8cFA46DkjgbsRG7kKbp', '3dWpRjCmaHbroNahuSeX11', '684EjRHwNsZQ9hCQxL4NYL', '7fODjB7BrQTGqh0hogW6XD']"
Ana Castela,2CKOmarVWvWqkNWUatHCex,Luan Santana,3qvcCP2J0fWi0m0uQDUf6r,1,['2IDf0IZ9dfw0uDYV2n1bJc']
Meek Mill,20sxb77xiYeusSH8cVdatc,Drake,3TVXtAsR1Inumwj472S9r4,1,['2IRZnDFmlqMuOrYOLnZZyc']
Gunna,2hlmm7s2ICUX0LVIhVFlZQ,Internet Money,6MPCFvOQv5cIGfw3jODMF0,2,"['2IePEfMAtqWS6rLXXFZIgI', '7hxHWCCAIIxFLCzvDgnQHX']"
Don Toliver,4Gso3d4CscCijv0lmajZWs,Internet Money,6MPCFvOQv5cIGfw3jODMF0,3,"['2IePEfMAtqWS6rLXXFZIgI', '5sBplhIrmzA4kQGyIOpmDf', '7hxHWCCAIIxFLCzvDgnQHX']"
Lil Uzi Vert,4O15NlyKLIASxsJ0PrXPfz,Internet Money,6MPCFvOQv5cIGfw3jODMF0,1,['2IePEfMAtqWS6rLXXFZIgI']
Gunna,2hlmm7s2ICUX0LVIhVFlZQ,Don Toliver,4Gso3d4CscCijv0lmajZWs,2,"['2IePEfMAtqWS6rLXXFZIgI', '7hxHWCCAIIxFLCzvDgnQHX']"
Gunna,2hlmm7s2ICUX0LVIhVFlZQ,Lil Uzi Vert,4O15NlyKLIASxsJ0PrXPfz,3,"['2IePEfMAtqWS6rLXXFZIgI', '4lAQfuREAHG8IC0PiiigBt', '6nDSLDomNqfet6w0r1GHAz']"
Dj GBR,0IhzJFf4QBEz0ifqLwScKV,Mc IG,2q9wk5fkeU2C9CgCKdh4AN,1,['2InS5VWKJQbsFBKOsf1cJB']
Dj GBR,0IhzJFf4QBEz0ifqLwScKV,MC Ryan SP,75i9GaW2MJUgt4BkdUnuUY,1,['2InS5VWKJQbsFBKOsf1cJB']
Dj GBR,0IhzJFf4QBEz0ifqLwScKV,MC PH,4PLdCloYxu2bMKfuuB9lI5,1,['2InS5VWKJQbsFBKOsf1cJB']
Dj GBR,0IhzJFf4QBEz0ifqLwScKV,Mc Davi,1cYhx7ZOhYoVmnDPb9KMwo,1,['2InS5VWKJQbsFBKOsf1cJB']
Dj GBR,0IhzJFf4QBEz0ifqLwScKV,Mc Luki,3I44LJGCaI0gSPPz3n16xn,1,['2InS5VWKJQbsFBKOsf1cJB']
Dj GBR,0IhzJFf4QBEz0ifqLwScKV,Mc Don Juan,7Lmrb6KcIzfkmgbtokjsAL,2,"['2InS5VWKJQbsFBKOsf1cJB', '2QLbRVzixE282JSQjBz2DG']"
Dj GBR,0IhzJFf4QBEz0ifqLwScKV,Mc Kadu,21ELc2P2rA3Cu6xw3VWqvv,1,['2InS5VWKJQbsFBKOsf1cJB']
Dj GBR,0IhzJFf4QBEz0ifqLwScKV,TrapLaudo,39QiJaZ1HzRcpY9xlMKCsF,1,['2InS5VWKJQbsFBKOsf1cJB']
Dj GBR,0IhzJFf4QBEz0ifqLwScKV,MC GP,5s27i7oqhNWIcE4HeoVdq0,1,['2InS5VWKJQbsFBKOsf1cJB']
Dj GBR,0IhzJFf4QBEz0ifqLwScKV,MC GH do 7,5XUMgbLR3zyRPesnTQY31C,1,['2InS5VWKJQbsFBKOsf1cJB']
Mc IG,2q9wk5fkeU2C9CgCKdh4AN,MC Ryan SP,75i9GaW2MJUgt4BkdUnuUY,2,"['2InS5VWKJQbsFBKOsf1cJB', '5tsKgj1Xbk5bL7t3QiPWOR']"
Mc IG,2q9wk5fkeU2C9CgCKdh4AN,MC PH,4PLdCloYxu2bMKfuuB9lI5,2,"['2InS5VWKJQbsFBKOsf1cJB', '5tsKgj1Xbk5bL7t3QiPWOR']"
Mc Davi,1cYhx7ZOhYoVmnDPb9KMwo,Mc IG,2q9wk5fkeU2C9CgCKdh4AN,1,['2InS5VWKJQbsFBKOsf1cJB']
Mc IG,2q9wk5fkeU2C9CgCKdh4AN,Mc Luki,3I44LJGCaI0gSPPz3n16xn,2,"['2InS5VWKJQbsFBKOsf1cJB', '5tsKgj1Xbk5bL7t3QiPWOR']"
Mc IG,2q9wk5fkeU2C9CgCKdh4AN,Mc Don Juan,7Lmrb6KcIzfkmgbtokjsAL,1,['2InS5VWKJQbsFBKOsf1cJB']
Mc Kadu,21ELc2P2rA3Cu6xw3VWqvv,Mc IG,2q9wk5fkeU2C9CgCKdh4AN,1,['2InS5VWKJQbsFBKOsf1cJB']
Mc IG,2q9wk5fkeU2C9CgCKdh4AN,TrapLaudo,39QiJaZ1HzRcpY9xlMKCsF,2,"['2InS5VWKJQbsFBKOsf1cJB', '5tsKgj1Xbk5bL7t3QiPWOR']"
Mc IG,2q9wk5fkeU2C9CgCKdh4AN,MC GP,5s27i7oqhNWIcE4HeoVdq0,2,"['2InS5VWKJQbsFBKOsf1cJB', '5tsKgj1Xbk5bL7t3QiPWOR']"
Mc IG,2q9wk5fkeU2C9CgCKdh4AN,MC GH do 7,5XUMgbLR3zyRPesnTQY31C,2,"['2InS5VWKJQbsFBKOsf1cJB', '5tsKgj1Xbk5bL7t3QiPWOR']"
MC PH,4PLdCloYxu2bMKfuuB9lI5,MC Ryan SP,75i9GaW2MJUgt4BkdUnuUY,2,"['2InS5VWKJQbsFBKOsf1cJB', '5tsKgj1Xbk5bL7t3QiPWOR']"
Mc Davi,1cYhx7ZOhYoVmnDPb9KMwo,MC Ryan SP,75i9GaW2MJUgt4BkdUnuUY,1,['2InS5VWKJQbsFBKOsf1cJB']
Mc Luki,3I44LJGCaI0gSPPz3n16xn,MC Ryan SP,75i9GaW2MJUgt4BkdUnuUY,2,"['2InS5VWKJQbsFBKOsf1cJB', '5tsKgj1Xbk5bL7t3QiPWOR']"
MC Ryan SP,75i9GaW2MJUgt4BkdUnuUY,Mc Don Juan,7Lmrb6KcIzfkmgbtokjsAL,1,['2InS5VWKJQbsFBKOsf1cJB']
Mc Kadu,21ELc2P2rA3Cu6xw3VWqvv,MC Ryan SP,75i9GaW2MJUgt4BkdUnuUY,1,['2InS5VWKJQbsFBKOsf1cJB']
TrapLaudo,39QiJaZ1HzRcpY9xlMKCsF,MC Ryan SP,75i9GaW2MJUgt4BkdUnuUY,2,"['2InS5VWKJQbsFBKOsf1cJB', '5tsKgj1Xbk5bL7t3QiPWOR']"
MC GP,5s27i7oqhNWIcE4HeoVdq0,MC Ryan SP,75i9GaW2MJUgt4BkdUnuUY,2,"['2InS5VWKJQbsFBKOsf1cJB', '5tsKgj1Xbk5bL7t3QiPWOR']"
MC GH do 7,5XUMgbLR3zyRPesnTQY31C,MC Ryan SP,75i9GaW2MJUgt4BkdUnuUY,2,"['2InS5VWKJQbsFBKOsf1cJB', '5tsKgj1Xbk5bL7t3QiPWOR']"
Mc Davi,1cYhx7ZOhYoVmnDPb9KMwo,MC PH,4PLdCloYxu2bMKfuuB9lI5,1,['2InS5VWKJQbsFBKOsf1cJB']
Mc Luki,3I44LJGCaI0gSPPz3n16xn,MC PH,4PLdCloYxu2bMKfuuB9lI5,2,"['2InS5VWKJQbsFBKOsf1cJB', '5tsKgj1Xbk5bL7t3QiPWOR']"
MC PH,4PLdCloYxu2bMKfuuB9lI5,Mc Don Juan,7Lmrb6KcIzfkmgbtokjsAL,1,['2InS5VWKJQbsFBKOsf1cJB']
Mc Kadu,21ELc2P2rA3Cu6xw3VWqvv,MC PH,4PLdCloYxu2bMKfuuB9lI5,1,['2InS5VWKJQbsFBKOsf1cJB']
TrapLaudo,39QiJaZ1HzRcpY9xlMKCsF,MC PH,4PLdCloYxu2bMKfuuB9lI5,2,"['2InS5VWKJQbsFBKOsf1cJB', '5tsKgj1Xbk5bL7t3QiPWOR']"
MC PH,4PLdCloYxu2bMKfuuB9lI5,MC GP,5s27i7oqhNWIcE4HeoVdq0,2,"['2InS5VWKJQbsFBKOsf1cJB', '5tsKgj1Xbk5bL7t3QiPWOR']"
MC PH,4PLdCloYxu2bMKfuuB9lI5,MC GH do 7,5XUMgbLR3zyRPesnTQY31C,2,"['2InS5VWKJQbsFBKOsf1cJB', '5tsKgj1Xbk5bL7t3QiPWOR']"
Mc Davi,1cYhx7ZOhYoVmnDPb9KMwo,Mc Luki,3I44LJGCaI0gSPPz3n16xn,1,['2InS5VWKJQbsFBKOsf1cJB']
Mc Davi,1cYhx7ZOhYoVmnDPb9KMwo,Mc Kadu,21ELc2P2rA3Cu6xw3VWqvv,1,['2InS5VWKJQbsFBKOsf1cJB']
Mc Davi,1cYhx7ZOhYoVmnDPb9KMwo,TrapLaudo,39QiJaZ1HzRcpY9xlMKCsF,1,['2InS5VWKJQbsFBKOsf1cJB']
Mc Davi,1cYhx7ZOhYoVmnDPb9KMwo,MC GP,5s27i7oqhNWIcE4HeoVdq0,1,['2InS5VWKJQbsFBKOsf1cJB']
Mc Davi,1cYhx7ZOhYoVmnDPb9KMwo,MC GH do 7,5XUMgbLR3zyRPesnTQY31C,1,['2InS5VWKJQbsFBKOsf1cJB']
Mc Luki,3I44LJGCaI0gSPPz3n16xn,Mc Don Juan,7Lmrb6KcIzfkmgbtokjsAL,1,['2InS5VWKJQbsFBKOsf1cJB']
Mc Kadu,21ELc2P2rA3Cu6xw3VWqvv,Mc Luki,3I44LJGCaI0gSPPz3n16xn,1,['2InS5VWKJQbsFBKOsf1cJB']
TrapLaudo,39QiJaZ1HzRcpY9xlMKCsF,Mc Luki,3I44LJGCaI0gSPPz3n16xn,2,"['2InS5VWKJQbsFBKOsf1cJB', '5tsKgj1Xbk5bL7t3QiPWOR']"
Mc Luki,3I44LJGCaI0gSPPz3n16xn,MC GP,5s27i7oqhNWIcE4HeoVdq0,2,"['2InS5VWKJQbsFBKOsf1cJB', '5tsKgj1Xbk5bL7t3QiPWOR']"
Mc Luki,3I44LJGCaI0gSPPz3n16xn,MC GH do 7,5XUMgbLR3zyRPesnTQY31C,2,"['2InS5VWKJQbsFBKOsf1cJB', '5tsKgj1Xbk5bL7t3QiPWOR']"
Mc Kadu,21ELc2P2rA3Cu6xw3VWqvv,Mc Don Juan,7Lmrb6KcIzfkmgbtokjsAL,1,['2InS5VWKJQbsFBKOsf1cJB']
TrapLaudo,39QiJaZ1HzRcpY9xlMKCsF,Mc Don Juan,7Lmrb6KcIzfkmgbtokjsAL,1,['2InS5VWKJQbsFBKOsf1cJB']
MC GP,5s27i7oqhNWIcE4HeoVdq0,Mc Don Juan,7Lmrb6KcIzfkmgbtokjsAL,1,['2InS5VWKJQbsFBKOsf1cJB']
MC GH do 7,5XUMgbLR3zyRPesnTQY31C,Mc Don Juan,7Lmrb6KcIzfkmgbtokjsAL,1,['2InS5VWKJQbsFBKOsf1cJB']
Mc Kadu,21ELc2P2rA3Cu6xw3VWqvv,TrapLaudo,39QiJaZ1HzRcpY9xlMKCsF,1,['2InS5VWKJQbsFBKOsf1cJB']
Mc Kadu,21ELc2P2rA3Cu6xw3VWqvv,MC GP,5s27i7oqhNWIcE4HeoVdq0,1,['2InS5VWKJQbsFBKOsf1cJB']
Mc Kadu,21ELc2P2rA3Cu6xw3VWqvv,MC GH do 7,5XUMgbLR3zyRPesnTQY31C,1,['2InS5VWKJQbsFBKOsf1cJB']
TrapLaudo,39QiJaZ1HzRcpY9xlMKCsF,MC GP,5s27i7oqhNWIcE4HeoVdq0,2,"['2InS5VWKJQbsFBKOsf1cJB', '5tsKgj1Xbk5bL7t3QiPWOR']"
TrapLaudo,39QiJaZ1HzRcpY9xlMKCsF,MC GH do 7,5XUMgbLR3zyRPesnTQY31C,2,"['2InS5VWKJQbsFBKOsf1cJB', '5tsKgj1Xbk5bL7t3QiPWOR']"
MC GH do 7,5XUMgbLR3zyRPesnTQY31C,MC GP,5s27i7oqhNWIcE4HeoVdq0,2,"['2InS5VWKJQbsFBKOsf1cJB', '5tsKgj1Xbk5bL7t3QiPWOR']"
BTS,3Nrfpe0tUJi4K4DXYWgMUX,Steve Aoki,77AiFEVeAVj2ORpC85QVJs,3,"['2J0X46UkpfLlWbuCXFgDLr', '48XfojJC87VKLlUotYV0Gm', '7Ed6BkggCS2KaKY5YlINaF']"
Curtis Waters,2JbE7jUIGtpXSzytnyMg6U,Harm Franklin,44rJuOJLavqhY6qGgpQW4U,1,['2JSmxLqt8h7ZpJJkfuLJvK']
Alesso,4AVFqumd2ogHFlRbKIjp1t,TINI,7vXDAI8JwjW531ouMGbfcp,1,['2JoIjuzRplpYGvvLpSW2on']
Nicky Jam,1SupJlEpv7RS2tPNRaHViT,J Balvin,1vyhD5VmyZ7KMfW5gqLgo5,5,"['2K1CQMoG2Dy5nmeOYnhoi8', '38QmUDpkoYlNbMKvpvAsrE', '39N9RPD9MRb5WmoLzNzPeA', '6JjPBQfI2Y8nIjnm65X6Pw', '7lUdbnz7wsv3C9zzf4WHl9']"
J Balvin,1vyhD5VmyZ7KMfW5gqLgo5,Crissin,6VOoiigTiLVgsMQPP1JOdC,1,['2K1CQMoG2Dy5nmeOYnhoi8']
J Balvin,1vyhD5VmyZ7KMfW5gqLgo5,Totoy El Frio,5IYRfypwG9BDDh5ZRPI80z,1,['2K1CQMoG2Dy5nmeOYnhoi8']
J Balvin,1vyhD5VmyZ7KMfW5gqLgo5,Natan & Shander,5OBK3iQwjNQqElPmn4TgAE,1,['2K1CQMoG2Dy5nmeOYnhoi8']
Nicky Jam,1SupJlEpv7RS2tPNRaHViT,KAROL G,790FomKkXshlbRYZFtlgla,2,"['2K1CQMoG2Dy5nmeOYnhoi8', '38QmUDpkoYlNbMKvpvAsrE']"
Crissin,6VOoiigTiLVgsMQPP1JOdC,KAROL G,790FomKkXshlbRYZFtlgla,1,['2K1CQMoG2Dy5nmeOYnhoi8']
Totoy El Frio,5IYRfypwG9BDDh5ZRPI80z,KAROL G,790FomKkXshlbRYZFtlgla,1,['2K1CQMoG2Dy5nmeOYnhoi8']
Natan & Shander,5OBK3iQwjNQqElPmn4TgAE,KAROL G,790FomKkXshlbRYZFtlgla,1,['2K1CQMoG2Dy5nmeOYnhoi8']
Nicky Jam,1SupJlEpv7RS2tPNRaHViT,Crissin,6VOoiigTiLVgsMQPP1JOdC,1,['2K1CQMoG2Dy5nmeOYnhoi8']
Nicky Jam,1SupJlEpv7RS2tPNRaHViT,Totoy El Frio,5IYRfypwG9BDDh5ZRPI80z,1,['2K1CQMoG2Dy5nmeOYnhoi8']
Nicky Jam,1SupJlEpv7RS2tPNRaHViT,Natan & Shander,5OBK3iQwjNQqElPmn4TgAE,1,['2K1CQMoG2Dy5nmeOYnhoi8']
Totoy El Frio,5IYRfypwG9BDDh5ZRPI80z,Crissin,6VOoiigTiLVgsMQPP1JOdC,2,"['2K1CQMoG2Dy5nmeOYnhoi8', '7xT1n5JKpB0bMPh6FL589e']"
Natan & Shander,5OBK3iQwjNQqElPmn4TgAE,Crissin,6VOoiigTiLVgsMQPP1JOdC,2,"['2K1CQMoG2Dy5nmeOYnhoi8', '7xT1n5JKpB0bMPh6FL589e']"
Totoy El Frio,5IYRfypwG9BDDh5ZRPI80z,Natan & Shander,5OBK3iQwjNQqElPmn4TgAE,2,"['2K1CQMoG2Dy5nmeOYnhoi8', '7xT1n5JKpB0bMPh6FL589e']"
Kelly Clarkson,3BmGtnKgCSGYIUhmivXKWX,Atlantic Holiday,5D9NYfOaGxFKCalJIeia1N,1,['2K4XbdyLxi9jhqVQeyUKRK']
Brett Eldredge,0qSX3s5pJnAlSsgsCne8Cz,Atlantic Holiday,5D9NYfOaGxFKCalJIeia1N,1,['2K4XbdyLxi9jhqVQeyUKRK']
Gambi,1lB3I3SI30v2ZOpR4XQqzJ,Heuss L'enfoiré,3YwqjMyrRfuixi2pbgTGCE,1,['2KAkkba3PaYFegfmYpUITv']
Ty Dolla $ign,7c0XG5cIJTrrAgEC3ULPiq,Eminem,7dGJo4pcD2V6oG8kP0tJRR,1,['2KBRNUt33CrlaFPEz4bQYs']
Travis Scott,0Y5tJX1MQlPlqiwlOH1tJY,Drake,3TVXtAsR1Inumwj472S9r4,5,"['2KLwPaRDOB87XOYAT2fgxh', '2bjwRfXMk4uRgOD9IBYl9h', '40iJIUlhi6renaREYGeIDS', '4KDNRh9Oor80z3XIxdWlui', '67nepsnrcZkowTxMWigSbb']"
Justin Bieber,1uNFoZAHBGtllmzznpCI3s,Don Toliver,4Gso3d4CscCijv0lmajZWs,3,"['2KdKh9vHbKW0tZLqtpxxI0', '52NGJPcLUzQq5w7uv4e5gf', '55sgQENF3LY1sUcJUwasLl']"
Sam Smith,2wY79sveU1sp5g7SokKOiI,Burna Boy,3wcj11K77LjEY1PkEazffa,1,['2KoHxhRyWxJzA0VafWd5Nk']
Migos,6oMuImdp5ZcFhWP0ESe6mG,Ty Dolla $ign,7c0XG5cIJTrrAgEC3ULPiq,1,['2KokOIKdw4zZutDil85Ugh']
Travis Scott,0Y5tJX1MQlPlqiwlOH1tJY,Ty Dolla $ign,7c0XG5cIJTrrAgEC3ULPiq,1,['2KokOIKdw4zZutDil85Ugh']
Big Sean,0c173mlxpT3dSFRgMO8XPh,Ty Dolla $ign,7c0XG5cIJTrrAgEC3ULPiq,1,['2KokOIKdw4zZutDil85Ugh']
JAY-Z,3nFkdlSjzX9mRTtwJOzDYB,Kanye West,5K4W6rqBFWDnAN6FQUkS6x,2,"['2KpCpk6HjXXLb7nnXoXA5O', '7LR85XLWw2yXqKBSI5brbG']"
Alesso,4AVFqumd2ogHFlRbKIjp1t,Anitta,7FNnA9vBm6EKceENgCGRMb,1,['2KwojFDebQV4J2b0JMRR5Q']
Foudeqush,0XFgM33h3Ls5tj1M9IKUWd,Ludwig Göransson,24eDfi2MSYo3A87hCcgpIL,1,['2LSsSV7V33wM9EKQA2xjGS']
KayBlack,2h5Ha0ZiMFmOQD3iYcSXsy,Baco Exu do Blues,5akTJ4daDNwrs95KlgQgY5,1,['2LTlykcdu0gwb7zcKneo2a']
KayBlack,2h5Ha0ZiMFmOQD3iYcSXsy,Marquinho no Beat,3eLR6eOKqqNDtHTbABNkn1,1,['2LTlykcdu0gwb7zcKneo2a']
Marquinho no Beat,3eLR6eOKqqNDtHTbABNkn1,Baco Exu do Blues,5akTJ4daDNwrs95KlgQgY5,1,['2LTlykcdu0gwb7zcKneo2a']
XXXTENTACION,15UsOTVnJzReFVN1VCnxy4,Lil Pump,3wyVrVrFCkukjdVIdirGVY,1,['2LskIZrCeLxRvCiGP8gxlh']
XXXTENTACION,15UsOTVnJzReFVN1VCnxy4,Swae Lee,1zNqQNIdeOUZHb8zbZRFMX,1,['2LskIZrCeLxRvCiGP8gxlh']
XXXTENTACION,15UsOTVnJzReFVN1VCnxy4,Maluma,1r4hJ1h58CWwUQe3MxPuau,1,['2LskIZrCeLxRvCiGP8gxlh']
Swae Lee,1zNqQNIdeOUZHb8zbZRFMX,Lil Pump,3wyVrVrFCkukjdVIdirGVY,1,['2LskIZrCeLxRvCiGP8gxlh']
Maluma,1r4hJ1h58CWwUQe3MxPuau,Lil Pump,3wyVrVrFCkukjdVIdirGVY,1,['2LskIZrCeLxRvCiGP8gxlh']
Maluma,1r4hJ1h58CWwUQe3MxPuau,Swae Lee,1zNqQNIdeOUZHb8zbZRFMX,1,['2LskIZrCeLxRvCiGP8gxlh']
Jorge & Mateus,1elUiq4X7pxej6FRlrEzjM,Matheus & Kauan,2Z0lRIqr997lIUiPtrpKCr,1,['2M4kQD87lKnAS9vFlb4Bez']
Woodkid,44TGR1CzjKBxSHsSEy7bi9,Arcane,57nPqD7z62gDdq37US9XJR,1,['2MAk9ErHJIxgBZRXocHhly']
Woodkid,44TGR1CzjKBxSHsSEy7bi9,League of Legends,47mIJdHORyRerp4os813jD,1,['2MAk9ErHJIxgBZRXocHhly']
A$AP Rocky,13ubrt8QOOCPljQ2FL1Kca,Frank Ocean,2h93pZq0e7k5yf4dywlkpM,1,['2MF4HtZHBoUliOi9nOAbS0']
Hook N Sling,3iN9k8uvm4WrgdlOigOH8D,Galantis,4sTQVOfp9vEMCemLw50sbu,1,['2MHCiOohBZEQuLgDTPvSzF']
NF,6fOMl44jA4Sp5b9PpYCkzz,Hopsin,7EWU4FhUJM1sZQgQKdENeT,1,['2MZrOmrVxRmmOoFW6dhenG']
PHresher,0FTrIsp2Mg7Bkf8eXQrISa,Eminem,7dGJo4pcD2V6oG8kP0tJRR,1,['2MdMjF20umbTe4y2FgdnG8']
Nomcebo Zikode,4cfKtwkefMW3aiXtxfw8w6,Master KG,523y9KSneKh6APd1hKxLuF,1,['2MlOUXmcofMackX3bxfSwi']
Christian Nodal,0XwVARXT135rw8lyw1EeWP,Gera MX,2hejA1Dkf8v8R0koF44FvW,1,['2MnLkFqY9Rpg9s3Zv6ZJdK']
Chief Keef,15iVAtD3s3FsQR4w1v6M0P,Lil Tecca,4Ga1P7PMIsmqEZqhYZQgDo,1,['2MyQK6cKu9IAzNXiBm7TD0']
Lil Tecca,4Ga1P7PMIsmqEZqhYZQgDo,Trippie Redd,6Xgp2XMz1fhVYe7i6yNAax,1,['2MyQK6cKu9IAzNXiBm7TD0']
Chief Keef,15iVAtD3s3FsQR4w1v6M0P,Trippie Redd,6Xgp2XMz1fhVYe7i6yNAax,1,['2MyQK6cKu9IAzNXiBm7TD0']
Nick Waterhouse,0V7uVrIYr4FwFvUN9S4kYr,Ofenbach,4AKwRarlmsUlLjIwt38NLw,1,['2NF8A7C6tICScdRaZ0BrEe']
Morgan Wallen,4oUHIQIBe0LHzYfvXNW4QM,Ben Burgess,7pnTkKShdYS8BnmTHhcEaa,1,['2NK6dtSujGIyilnEgbw8MX']
Drake,3TVXtAsR1Inumwj472S9r4,Migos,6oMuImdp5ZcFhWP0ESe6mG,2,"['2NM0qHzx4Ohy8iXHEEgwlO', '6n4U3TlzUGhdSFbUUhTvLP']"
Belly,0FOWNUFHPnMy0vOw1siGqi,The Weeknd,1Xyo4u8uXC1ZmMpatF05PJ,2,"['2Nc1v8I86FUGorwjXKo0in', '3zs87EV3EZSh2UpiXxT52Y']"
Belly,0FOWNUFHPnMy0vOw1siGqi,Nas,20qISvAhX20dpIbOOzGK3q,1,['2Nc1v8I86FUGorwjXKo0in']
The Weeknd,1Xyo4u8uXC1ZmMpatF05PJ,Nas,20qISvAhX20dpIbOOzGK3q,1,['2Nc1v8I86FUGorwjXKo0in']
Shirin David,0JBdTCGs111JKKYfLqOEBa,Kitty Kat,2YkKzgHa7xT6aW8QaSsQMd,1,['2NkKIjlfLa9o9Yfsq2tl99']
mgk,6TIYQ3jFPwQSRmorSezPxX,CORPSE,7yntSJ6uojO3z6GFUVwhAW,1,['2NnJpRXIlx35Vij3bPZO0h']
Kelly Clarkson,3BmGtnKgCSGYIUhmivXKWX,Ariana Grande,66CXWjxzNUsdJxJ2JdwvnR,1,['2O3MQ6H3gjrIWDcpeTrikT']
Avicii,1vCWHaC5f2uS3yhpwWbIA6,Rita Ora,5CCwRZC6euC8Odo6y9X8jr,1,['2OALaHcDdKkjYEpAr0Qzab']
Galantis,4sTQVOfp9vEMCemLw50sbu,ROZES,6jsjhAEteAlY0vCiLvMLBA,1,['2ODKShrWcNSyoqqCWHzuzR']
Blake Shelton,1UTPBmNbXNTittyMJrNkvw,Gwen Stefani,4yiQZ8tQPux8cPriYMWUFP,1,['2OQ6a4CfUeYskpTTgyawyJ']
Reik,0vR2qb8m9WHeZ5ByCbimq2,Rauw Alejandro,1mcTU81TzQhprhouKaTkpq,1,['2OTULPNeQUkwQ0tNzcG7tj']
Miguel,360IAlyVv4PCEVjgyMZrxK,Dua Lipa,6M2wZ9GZgrQXHCFfjv46we,1,['2OWKDTonST8HNko3dBlPPp']
Oscar Maydon,3l9G1G9MxH6DaRhwLklaf5,Junior H,7Gi6gjaWy3DxyilpF1a8Is,3,"['2OWv3lRR8PtOVuHWzQNRs2', '33Nj9AdncSmHbCN3QeSZTL', '6TBzRwnX2oYd8aOrOuyK1p']"
Post Malone,246dkjvS1zLTtiykXe5h60,The Kid LAROI,2tIP7SsRs7vjIcLrU85W8J,1,['2OcSE0EXzgUuqkM1NIJPHJ']
Clave Especial,0NlNru2YcUz6RbnpYGQz26,Fuerza Regida,0ys2OFYzWYB5hRDLCsBqxt,1,['2Oj3iCVLQgwjwRF9VHo7gt']
Future,1RyvyyTE3xzB2ZywiAwp0i,Young Scooter,4cmA2QDPdzh8W2ytpyUGes,1,['2OsDoAzo5SGq10qwmKSQBv']
Juice WRLD,4MCBfE4596Uoi2O4DtmEMz,Young Scooter,4cmA2QDPdzh8W2ytpyUGes,1,['2OsDoAzo5SGq10qwmKSQBv']
Julia Michaels,0ZED1XzwlLHW4ZaG4lOT6m,Trippie Redd,6Xgp2XMz1fhVYe7i6yNAax,1,['2OvV4NjEBRE9v8Oo7QeUCq']
Miley Cyrus,5YGY8feqx7naU7z4HrwZM6,Dua Lipa,6M2wZ9GZgrQXHCFfjv46we,1,['2Oycxb8QbPkpHTo8ZrmG0B']
Taylor Swift,06HL4z0CvFAxyc27GXpf02,Post Malone,246dkjvS1zLTtiykXe5h60,1,['2OzhQlSqBEmt7hmkYxfT6m']
Shindy,5j21TGkrNEAJe3gG9VlS34,Haftbefehl,6ynopZPMBXcIGBI9M02Un5,1,['2P3wDebxuSCf415hQq9O0L']
Tainy,0GM7qgcRCORpGnfcN2tCiB,JHAYCO,6nVcHLIgY5pE2YCl8ubca1,2,"['2PFPDjSJpeZE889648rbUP', '5NhLA2P7AiV3cloVmwtwLS']"
Jonas Blue,1HBjj22wzbscIZ9sEb5dyf,Moelogo,6mctsJBrfcWvWH7S8h716D,1,['2PJ55QsqjSVwN2esqfMDFu']
Ugly God,3Fdm9TFJQCLmC3AWMuGExi,Lil Yachty,6icQOAFXDZKsumw3YXyusw,1,['2PsZsnqSMXt4oKi0xHVvgF']
Travis Scott,0Y5tJX1MQlPlqiwlOH1tJY,Yung Lean,67lytN32YpUxiSeWlKfHJ3,1,['2Q0aElTZQtEUsoiaQfizu6']
Travis Scott,0Y5tJX1MQlPlqiwlOH1tJY,Dave Chappelle,504DdVupqJJUEkzmHzJEfs,1,['2Q0aElTZQtEUsoiaQfizu6']
Dave Chappelle,504DdVupqJJUEkzmHzJEfs,Yung Lean,67lytN32YpUxiSeWlKfHJ3,1,['2Q0aElTZQtEUsoiaQfizu6']
Gaia,3AVx3OBPIk4pJQllAXoVs1,Tony Effe,6CKch2otN4SPznHf9ms5JF,1,['2Q4Z2js0C6DDUVc7GuLGdF']
Quavo,0VRj0yCOv2FXJNP47XQnx5,Takeoff,3EW0kQ1skZiK1NHg3Spt9J,4,"['2QApWGconWQE8BjaNfh7ik', '3kT6P4hFj0IVr45TjKOLRp', '4vVjPTApwXZwB2H3mBq3ml', '4vwfOiyWxXeEdx4ejAJgdx']"
Lil Baby,5f7VJjfbwm532GiveGC0ZK,Polo G,6AgTAQt8XS6jRWi4sX7w49,3,"['2QIBJFl8DJR1mDh9GwfZef', '2h4cmbyb6S7e8igDZIITJU', '65jw6GhwQW3Db55PxlPEpS']"
Alok,0NGAZxHanS9e0iNHpR8f2W,Mc Don Juan,7Lmrb6KcIzfkmgbtokjsAL,1,['2QLbRVzixE282JSQjBz2DG']
Dj GBR,0IhzJFf4QBEz0ifqLwScKV,Alok,0NGAZxHanS9e0iNHpR8f2W,1,['2QLbRVzixE282JSQjBz2DG']
Summer Cem,3drqpTL4sQOckmAfF9i1wg,Capital Bra,4WZGDpNwrC0vNQyl9QzF7d,3,"['2QpxC2yag7Ec7Ut1dovXKb', '38lQ7lYhN3eSWepnZHaiBF', '4BD9yUEFI07WaDJ381DDMq']"
Os Barões Da Pisadinha,5Lv2GUVwqmQBPwrTrxucE5,Zé Felipe,7cmuxPnXRJxwuYDHfbD8Eu,1,['2R9IrE42Mw4zdUXAEFNiZL']
De La Soul,1Z8ODXyhEBi3WynYw0Rya6,Gorillaz,3AA28KZvwAUcZuOKwyblJQ,1,['2RCp9QBnFSxdKe8RD4xF8s']
Kelvin Mercer,0Qpk1IGiZeB6rRhfK4FVDT,Gorillaz,3AA28KZvwAUcZuOKwyblJQ,1,['2RCp9QBnFSxdKe8RD4xF8s']
Kelvin Mercer,0Qpk1IGiZeB6rRhfK4FVDT,De La Soul,1Z8ODXyhEBi3WynYw0Rya6,1,['2RCp9QBnFSxdKe8RD4xF8s']
Matheus Fernandes,37mqXU98U5GmH5ZDtlHM1c,Avine Vinny,4KDxYlnGZEiS60pAnfZf4W,1,['2RGIuYTsyyHoOCqW0krvNE']
Taylor Swift,06HL4z0CvFAxyc27GXpf02,Joy Williams,4TCXgdDPm10ensLNCVnIYa,1,['2RJnNdu4pb3MypbBroHU0T']
Taylor Swift,06HL4z0CvFAxyc27GXpf02,John Paul White,1yDI9pWnlrJmi9kZn3gkCb,1,['2RJnNdu4pb3MypbBroHU0T']
John Paul White,1yDI9pWnlrJmi9kZn3gkCb,Joy Williams,4TCXgdDPm10ensLNCVnIYa,1,['2RJnNdu4pb3MypbBroHU0T']
LUDMILLA,3CDoRporvSjdzTrm99a3gi,Topo La Maskara,3kgQWNZNpp8d8JQZhuKbPP,1,['2RMOwSvOGQyy985Vx4VSGQ']
LUDMILLA,3CDoRporvSjdzTrm99a3gi,Walshy Fire,3yJLZoq3Ra2VmSW5teVgih,1,['2RMOwSvOGQyy985Vx4VSGQ']
Topo La Maskara,3kgQWNZNpp8d8JQZhuKbPP,Walshy Fire,3yJLZoq3Ra2VmSW5teVgih,1,['2RMOwSvOGQyy985Vx4VSGQ']
Paulo Londra,3vQ0GE3mI0dAaxIMYe5g7z,Piso 21,4bw2Am3p9ji3mYsXNXtQcd,1,['2RVrdr062uLFxXwIxwdXPH']
Taylor Swift,06HL4z0CvFAxyc27GXpf02,Brendon Urie,6eYFryfcEu3QSq59D62wZQ,2,"['2Rk4JlNc2TPmZe2af99d45', '4Sib57MmYGJzSvkW84jTwh']"
Taylor Swift,06HL4z0CvFAxyc27GXpf02,Panic! At The Disco,20JZFwl6HVl6yg8a4H3ZqK,1,['2Rk4JlNc2TPmZe2af99d45']
Panic! At The Disco,20JZFwl6HVl6yg8a4H3ZqK,Brendon Urie,6eYFryfcEu3QSq59D62wZQ,1,['2Rk4JlNc2TPmZe2af99d45']
Banda MS de Sergio Lizárraga,2C6i0I5RiGzDKN9IAF8reh,Snoop Dogg,7hJcb9fa4alzcOq3EaNPoG,1,['2RxC2peY3FtrurYmbbmanr']
XXXTENTACION,15UsOTVnJzReFVN1VCnxy4,Noah Cyrus,55fhWPvDiMpLnE4ZzNXZyW,1,['2S2od3hT7ceytw7d1pTRuE']
Drake,3TVXtAsR1Inumwj472S9r4,Lil Durk,3hcs9uc56yIGFCSy9leWe7,2,"['2SAqBLGA283SUiwJ3xOUVI', '61S79KIVA4I9FXbnsylEHT']"
Madonna,6tbjWDEIzxoDsBA1FuhfPW,Anitta,7FNnA9vBm6EKceENgCGRMb,1,['2SC14LGDbRWRlyLg9Wupa0']
G-Eazy,02kJSzxNuaWGqwubyUba0Z,Logic,4xRYI6VqpkE3UwrDrAZL8L,1,['2SDFznsHkeFXiPFwN0npVM']
Os Barões Da Pisadinha,5Lv2GUVwqmQBPwrTrxucE5,Jorge,6gLW5LlLEXdtWaS0EWfzaJ,1,['2SUPbyD77tJuOUbqbxct6l']
DaBaby,4r63FhuTkUYltbVAg5TQnk,Young Thug,50co4Is1HCEo8bhOyUWKpn,1,['2T5NBwKRySiCR78vVk08vr']
Grupo Marca Registrada,1gW6pz5n1aK249L0GvfQCC,Alex Favela,5TcnuUD5MHBfd1cO4kweWD,1,['2TJKY0WSFufZOzbRNgl6zE']
Alex Favela,5TcnuUD5MHBfd1cO4kweWD,Joaquin Medina,6bpv92ES2Vcv2OKA3DAhgw,1,['2TJKY0WSFufZOzbRNgl6zE']
Grupo Marca Registrada,1gW6pz5n1aK249L0GvfQCC,Joaquin Medina,6bpv92ES2Vcv2OKA3DAhgw,1,['2TJKY0WSFufZOzbRNgl6zE']
Kevin Gates,1gPhS1zisyXr5dHTYZyiMe,DaBaby,4r63FhuTkUYltbVAg5TQnk,1,['2TsD9kSbgYx5fSNRsoNURE']
Future,1RyvyyTE3xzB2ZywiAwp0i,Rae Sremmurd,7iZtZyCzp3LItcw1wtPI3D,1,['2TtWdYXulGcHCeUJUWwZ4M']
Future,1RyvyyTE3xzB2ZywiAwp0i,Slim Jxmmi,7EEiVZvj6RCEtVX2F2pyxu,1,['2TtWdYXulGcHCeUJUWwZ4M']
Post Malone,246dkjvS1zLTtiykXe5h60,Beyoncé,6vWDO969PvNqNYHIOW5v0m,1,['2UDARQiksl207HcSduDpov']
Lil Baby,5f7VJjfbwm532GiveGC0ZK,Ed Sheeran,6eUKZXaKkcviH0Ku9w2n3V,1,['2UN0lp72LAusrXi8LLVomt']
LUM!X,0TKFPt9w0AAEnhB9bd0pLy,Gabry Ponte,5ENS85nZShljwNgg4wFD7D,1,['2USlegnFJLrVLpoVfPimKB']
Prezioso,3iMzbvXlgNUpoFccD60bvr,Gabry Ponte,5ENS85nZShljwNgg4wFD7D,1,['2USlegnFJLrVLpoVfPimKB']
LUM!X,0TKFPt9w0AAEnhB9bd0pLy,Prezioso,3iMzbvXlgNUpoFccD60bvr,1,['2USlegnFJLrVLpoVfPimKB']
Peso Pluma,12GqGscKJx3aE4t07u7eVZ,Yng Lvcas,1NNRWkhwmcXRimFYSBpB1y,1,['2UW7JaomAMuX9pZrjVpHAU']
Kendrick Lamar,2YZyLoL8N0Wb9xBt1NhZWg,Az Chike,6fqjJNsLs7g6F3PXy01Xnw,1,['2Uts1QFB4u2YNIMiqcb4de']
Pop Smoke,0eDvMgVFoNV3TpwtrVCoTj,Kanye West,5K4W6rqBFWDnAN6FQUkS6x,1,['2UwALqx6yOsXTFt7zRxnts']
Pusha T,0ONHkAv9pCAFxb0zJwDNTy,Pop Smoke,0eDvMgVFoNV3TpwtrVCoTj,2,"['2UwALqx6yOsXTFt7zRxnts', '7ClZUuzhHULLKjjrHEz6HF']"
(G)I-DLE,2AfmfGFbe0A0WsTYm0SDTx,K/DA,4gOc8TsQed9eqnqJct2c5v,3,"['2V4Fx72svQRxrFvNT1eq5f', '5sbooPcNgIE22DwO0VNGUJ', '6juLaduD4STCUDWT0AYun4']"
K/DA,4gOc8TsQed9eqnqJct2c5v,Wolftyla,7qd6KGoABHifvXKeFNe2Yb,1,['2V4Fx72svQRxrFvNT1eq5f']
Bea Miller,1o2NpYGqHiCq7FoiYdyd1x,K/DA,4gOc8TsQed9eqnqJct2c5v,1,['2V4Fx72svQRxrFvNT1eq5f']
League of Legends,47mIJdHORyRerp4os813jD,K/DA,4gOc8TsQed9eqnqJct2c5v,3,"['2V4Fx72svQRxrFvNT1eq5f', '5sbooPcNgIE22DwO0VNGUJ', '6juLaduD4STCUDWT0AYun4']"
(G)I-DLE,2AfmfGFbe0A0WsTYm0SDTx,Wolftyla,7qd6KGoABHifvXKeFNe2Yb,1,['2V4Fx72svQRxrFvNT1eq5f']
Bea Miller,1o2NpYGqHiCq7FoiYdyd1x,(G)I-DLE,2AfmfGFbe0A0WsTYm0SDTx,1,['2V4Fx72svQRxrFvNT1eq5f']
(G)I-DLE,2AfmfGFbe0A0WsTYm0SDTx,League of Legends,47mIJdHORyRerp4os813jD,3,"['2V4Fx72svQRxrFvNT1eq5f', '5sbooPcNgIE22DwO0VNGUJ', '6juLaduD4STCUDWT0AYun4']"
Bea Miller,1o2NpYGqHiCq7FoiYdyd1x,Wolftyla,7qd6KGoABHifvXKeFNe2Yb,1,['2V4Fx72svQRxrFvNT1eq5f']
League of Legends,47mIJdHORyRerp4os813jD,Wolftyla,7qd6KGoABHifvXKeFNe2Yb,1,['2V4Fx72svQRxrFvNT1eq5f']
Bea Miller,1o2NpYGqHiCq7FoiYdyd1x,League of Legends,47mIJdHORyRerp4os813jD,1,['2V4Fx72svQRxrFvNT1eq5f']
Sia,5WUlDfRSoLAfcVSX1WnrxN,Diplo,5fMUXHkw8R8eOP2RNVYEZX,6,"['2VDTgXwf3F6kcpX4HI0BKy', '4gnZPWL9c1ZunZuqc8Asbu', '4lJNen4SMTIJMahALc3DcB', '6Dma0t0hOe6Bd6u5YRKF3n', '73F87Sqh6jQWucOOvz1WFx', '7boPPE857KEqCIHNwFkDop']"
Labrinth,2feDdbD5araYcm6JhFHHw7,Sia,5WUlDfRSoLAfcVSX1WnrxN,7,"['2VDTgXwf3F6kcpX4HI0BKy', '2nYPVp7BJuoaJ4rQmg5FM5', '4gnZPWL9c1ZunZuqc8Asbu', '4lJNen4SMTIJMahALc3DcB', '6Dma0t0hOe6Bd6u5YRKF3n', '73F87Sqh6jQWucOOvz1WFx', '7boPPE857KEqCIHNwFkDop']"
Sia,5WUlDfRSoLAfcVSX1WnrxN,LSD,6IZ4ctovY9dl7bgHClAvKJ,6,"['2VDTgXwf3F6kcpX4HI0BKy', '4gnZPWL9c1ZunZuqc8Asbu', '4lJNen4SMTIJMahALc3DcB', '6Dma0t0hOe6Bd6u5YRKF3n', '73F87Sqh6jQWucOOvz1WFx', '7boPPE857KEqCIHNwFkDop']"
Labrinth,2feDdbD5araYcm6JhFHHw7,Diplo,5fMUXHkw8R8eOP2RNVYEZX,6,"['2VDTgXwf3F6kcpX4HI0BKy', '4gnZPWL9c1ZunZuqc8Asbu', '4lJNen4SMTIJMahALc3DcB', '6Dma0t0hOe6Bd6u5YRKF3n', '73F87Sqh6jQWucOOvz1WFx', '7boPPE857KEqCIHNwFkDop']"
Diplo,5fMUXHkw8R8eOP2RNVYEZX,LSD,6IZ4ctovY9dl7bgHClAvKJ,6,"['2VDTgXwf3F6kcpX4HI0BKy', '4gnZPWL9c1ZunZuqc8Asbu', '4lJNen4SMTIJMahALc3DcB', '6Dma0t0hOe6Bd6u5YRKF3n', '73F87Sqh6jQWucOOvz1WFx', '7boPPE857KEqCIHNwFkDop']"
Labrinth,2feDdbD5araYcm6JhFHHw7,LSD,6IZ4ctovY9dl7bgHClAvKJ,6,"['2VDTgXwf3F6kcpX4HI0BKy', '4gnZPWL9c1ZunZuqc8Asbu', '4lJNen4SMTIJMahALc3DcB', '6Dma0t0hOe6Bd6u5YRKF3n', '73F87Sqh6jQWucOOvz1WFx', '7boPPE857KEqCIHNwFkDop']"
Lil Pump,3wyVrVrFCkukjdVIdirGVY,Tee Grizzley,6AUl0ykLLpvTktob97x9hO,1,['2VKf0WEOpq06JE5PTNr9wa']
Pitbull,0TnOYISbd1XYRBk9myaseg,J Balvin,1vyhD5VmyZ7KMfW5gqLgo5,1,['2Vdub5mY4lad7w64bFPUez']
Pitbull,0TnOYISbd1XYRBk9myaseg,Camila Cabello,4nDoRrQiYLoBzwC5BhVJzF,1,['2Vdub5mY4lad7w64bFPUez']
J Balvin,1vyhD5VmyZ7KMfW5gqLgo5,Camila Cabello,4nDoRrQiYLoBzwC5BhVJzF,1,['2Vdub5mY4lad7w64bFPUez']
Mariah Carey,4iHNK0tOyZPYnBU7nGAgpQ,Ariana Grande,66CXWjxzNUsdJxJ2JdwvnR,2,"['2VkuxjlbnbaBiWYpdBGVol', '5LBv48NNyHsknRYwFWC361']"
Jennifer Hudson,35GL8Cu2GKTcHzKGi75xl5,Mariah Carey,4iHNK0tOyZPYnBU7nGAgpQ,1,['2VkuxjlbnbaBiWYpdBGVol']
Jennifer Hudson,35GL8Cu2GKTcHzKGi75xl5,Ariana Grande,66CXWjxzNUsdJxJ2JdwvnR,1,['2VkuxjlbnbaBiWYpdBGVol']
Tony Bennett,2lolQgalUvZDfp5vvVtTYV,Count Basie Big Band,5OBN8AfE5Rv0K9lbAg16cO,1,['2VsCE6ui7N4IRzGIGT7Di8']
Lady Gaga,1HY2Jd0NmPuamShAr6KMms,Bradley Cooper,4VIvfOurcf0vuLRxLkGnIG,2,"['2VxeLyX666F8uXCJ0dZF8B', '3DKpA54hrFIdPN6AtL9HXa']"
Gorillaz,3AA28KZvwAUcZuOKwyblJQ,Danny Brown,7aA592KWirLsnfb5ulGWvU,1,['2W4yTO3qHdqyvbz2UxfIPh']
Kelela,1U0sIzpRtDkvu1hXXzxh60,Gorillaz,3AA28KZvwAUcZuOKwyblJQ,1,['2W4yTO3qHdqyvbz2UxfIPh']
Kelela,1U0sIzpRtDkvu1hXXzxh60,Danny Brown,7aA592KWirLsnfb5ulGWvU,1,['2W4yTO3qHdqyvbz2UxfIPh']
XXXTENTACION,15UsOTVnJzReFVN1VCnxy4,Reddz,71sg3tAkpnG5jjfNWFX8zo,1,['2WOxBv9WElDqB0opEAbCC4']
Bass Santana,0O1cTzccAEKaEFShgzAK9V,Reddz,71sg3tAkpnG5jjfNWFX8zo,1,['2WOxBv9WElDqB0opEAbCC4']
Kin$oul,6HhsbprrJmKeaH8SgSlGge,Reddz,71sg3tAkpnG5jjfNWFX8zo,1,['2WOxBv9WElDqB0opEAbCC4']
G-Eazy,02kJSzxNuaWGqwubyUba0Z,Zoe Nash,1yFie7615gesdLbvVVpYU5,1,['2WWruw7ul9N7eqoHELyMc2']
Gucci Mane,13y7CgLHjMVRMDqxdx0Xdo,Lil Baby,5f7VJjfbwm532GiveGC0ZK,2,"['2WqTKOAUmv7hz9ZzGnXHrY', '3zxiTHxE4MxwuYf8aLQ9ax']"
Offset,4DdkRBBYG6Yk9Ka8tdJ9BW,Lil Baby,5f7VJjfbwm532GiveGC0ZK,1,['2WqTKOAUmv7hz9ZzGnXHrY']
Gucci Mane,13y7CgLHjMVRMDqxdx0Xdo,Offset,4DdkRBBYG6Yk9Ka8tdJ9BW,3,"['2WqTKOAUmv7hz9ZzGnXHrY', '2XaInsPPUkZRkY4uFJ3AHK', '6mCqxnyOhr4tHMbRbQL4Yn']"
Lil Tecca,4Ga1P7PMIsmqEZqhYZQgDo,Juice WRLD,4MCBfE4596Uoi2O4DtmEMz,1,['2WsuSYJNXGKXVYkHPnq2yp']
Bad Bunny,4q3ewBCX7sLwd24euuV69X,ROSALÍA,7ltDVBr6mKbRvohxheJ9h1,1,['2XIc1pqjXV3Cr2BQUGNBck']
Emily Warren,1oKdM70mJD8VvDOTKeS8t1,FRENSHIP,7xEFii6utZmQ61kX59HmLH,1,['2XMTqoHHSH0lvuXrvIEdco']
Zedd,2qxJFvFYMEDqd7ui6kSAcq,Katy Perry,6jJ0s89eD6GaHleKKya26X,1,['2XWjPtKdi5sucFYtVav07d']
Paulo Londra,3vQ0GE3mI0dAaxIMYe5g7z,Becky G,4obzFoKoKRHIphyHzJ35G3,1,['2XXMDz7SPZ4mSFN1PXfHUy']
Russ,1z7b1Pr1rSlvWRzsW3HOrS,BIA,6veh5zbFpm31XsPdjBgPER,1,['2Xo3rLHjXfdb4avN68aQyi']
Dixie,3DKkhRCGOG4e8IUPYFPfWs,Liam Payne,5pUo3fmmHT8bhCyHE52hA6,1,['2Y0ktCGrGoGcQFXsGztvhi']
Lorde,163tK9Wjr9P9DmM0AVK7lm,Charli xcx,25uiPmTg16RbhZWAqwLBy5,1,['2YFhqZvhTpyK13gKXMKV7R']
Nicki Minaj,0hCNtLu0JehylgoiP8L4Gh,DNCE,6T5tfhQCknKG4UnH90qGnz,1,['2YMyVYNLmFDD0KGtNkkgFa']
Drake,3TVXtAsR1Inumwj472S9r4,Yeat,3qiHUAX7zY4Qnjx8TNUzVx,1,['2YSzYUF3jWqb9YP9VXmpjE']
Social House,5UjifI1TYefXWn9GdqDOHl,Lil Yachty,6icQOAFXDZKsumw3YXyusw,1,['2Yer0p7uB2lVBUAtANuuQp']
Devi Sri Prasad,5sSzCxHtgL82pYDvx2QyEU,Sid Sriram,7qjJw7ZM2ekDSahLXPjIlN,1,['2YmXGUx32C3CUEgcAyHcGf']
Chandra Bose,3gZ3IpjebAehFzIYhFIJDK,Devi Sri Prasad,5sSzCxHtgL82pYDvx2QyEU,1,['2YmXGUx32C3CUEgcAyHcGf']
Chandra Bose,3gZ3IpjebAehFzIYhFIJDK,Sid Sriram,7qjJw7ZM2ekDSahLXPjIlN,1,['2YmXGUx32C3CUEgcAyHcGf']
Billy Ray Cyrus,60rpJ9SgigSd16DOAG7GSa,Lil Nas X,7jVv8c5Fj3E9VhNjxT4snq,2,"['2YpeDb67231RjR0MgVLzsG', '6jmZlyf9DxcIoRrjw02YXm']"
Metro Boomin,0iEtIxbK0KxaSlF7G42ZOp,Young Nudy,5yPzzu25VzEk8qrGTLIrE1,2,"['2Yt4SXIgmoaPZHGdRafp4P', '3WaDoMDQRqDdgtCDLxanpN']"
21 Savage,1URnnhqYAYcrqrcwql10ft,Young Nudy,5yPzzu25VzEk8qrGTLIrE1,2,"['2Yt4SXIgmoaPZHGdRafp4P', '3WaDoMDQRqDdgtCDLxanpN']"
Nicki Minaj,0hCNtLu0JehylgoiP8L4Gh,A$AP Ferg,5dHt1vcEm9qb8fCyLcB3HL,2,"['2YzmfPLqUx5CJOaw5ThsBV', '5esKpsrB3TbGHwFaAjIGMx']"
Macklemore,3JhNCzhSMTxs9WLGJJxWOY,Kesha,6LqNN22kT3074XbTVUrhzX,1,['2Za1AlJNvksouPPWbXpR2X']
Justin Bieber,1uNFoZAHBGtllmzznpCI3s,Post Malone,246dkjvS1zLTtiykXe5h60,1,['2ZlCGeK30BLRNSPC832pNZ']
Justin Bieber,1uNFoZAHBGtllmzznpCI3s,Clever,5yy76ufVriyvidNSvXlRU1,1,['2ZlCGeK30BLRNSPC832pNZ']
Post Malone,246dkjvS1zLTtiykXe5h60,Clever,5yy76ufVriyvidNSvXlRU1,2,"['2ZlCGeK30BLRNSPC832pNZ', '4O3RwH1TFG1EjPezLIYehI']"
Megan Thee Stallion,181bsRPaVXVlUKXrxwZfHK,RM,2auC28zjQyVTsiZKNgPRGs,1,['2ZqTbIID9vFPTXaGyzbb4q']
Don Omar,33ScadVnbm2X8kkUqOkC6Z,Lucenzo,5bv5RplEOwdCvhq0EILh9E,1,['2a1o6ZejUi8U3wzzOtCOYw']
Marcus King,0FeWKiZSwBRdGzqeCdlH1a,Arcane,57nPqD7z62gDdq37US9XJR,1,['2aF78CWbNOyppg49sCZ4Cm']
Marcus King,0FeWKiZSwBRdGzqeCdlH1a,League of Legends,47mIJdHORyRerp4os813jD,1,['2aF78CWbNOyppg49sCZ4Cm']
PARTYNEXTDOOR,2HPaUgqeutzr3jx5a9WyDV,Summer Walker,57LYzLEk2LcFghVwuWbcuS,1,['2aSM4sbNN7cSmpYOG0sf46']
Tyler The Creator,4V8LLVI7PbaPR0K2TGSxFF,ScHoolboy Q,5IcR3N7QB1j6KBL8eImZ8m,1,['2aYHxnMF2umAavtgBvmkY1']
Tyler The Creator,4V8LLVI7PbaPR0K2TGSxFF,Santigold,6Jrxnp0JgqmeUX1veU591p,1,['2aYHxnMF2umAavtgBvmkY1']
ScHoolboy Q,5IcR3N7QB1j6KBL8eImZ8m,Santigold,6Jrxnp0JgqmeUX1veU591p,1,['2aYHxnMF2umAavtgBvmkY1']
Peso Pluma,12GqGscKJx3aE4t07u7eVZ,Neton Vega,6pV5zH2LzjOUHaAvENdMMa,1,['2aYZaN5SmkRDLsrrV8GkBQ']
Sebastian Yatra,07YUOmWljBTXwIseAUd9TW,Luis Figueroa,7waNCUQ1Ne7OoNHgqpgMZ7,1,['2alIsNw1mqEShbWyO1HXZZ']
Sebastian Yatra,07YUOmWljBTXwIseAUd9TW,Lary Over,1jSjfSgDjedJdi5MoyRu78,1,['2alIsNw1mqEShbWyO1HXZZ']
Lary Over,1jSjfSgDjedJdi5MoyRu78,Luis Figueroa,7waNCUQ1Ne7OoNHgqpgMZ7,1,['2alIsNw1mqEShbWyO1HXZZ']
Morgan Wallen,4oUHIQIBe0LHzYfvXNW4QM,HARDY,5QNm7E7RU2m64l6Gliu8Oy,1,['2aw1aEAxMe05MZIS5XiK8U']
Gorillaz,3AA28KZvwAUcZuOKwyblJQ,Vince Staples,68kEuyFKyqrdQQLLsmiatm,1,['2bBMODHVTXGwE2aZYfbgCt']
Pitbull,0TnOYISbd1XYRBk9myaseg,Ne-Yo,21E3waRsmPlU7jZsS13rcj,2,"['2bJvI42r8EF3wxjOuDav4r', '4QNpBfC0zvjKqPJcyqBy9W']"
Avicii,1vCWHaC5f2uS3yhpwWbIA6,Nicky Romero,5ChF3i92IPZHduM7jN3dpg,1,['2bNrvWD9d5Zn9tS8XvcaMk']
James Blake,53KwLdlmrlCelAZMaLVZqU,Beyoncé,6vWDO969PvNqNYHIOW5v0m,1,['2bOWJIYSbhwg2NMQq1QMYH']
Lexa,0jTDeBJQr3unrK29LklnAv,Anitta,7FNnA9vBm6EKceENgCGRMb,1,['2bPtwnrpFNEe8N7Q85kLHw']
Rebecca,5MS6HieNmKxzkAM8amE8sr,Anitta,7FNnA9vBm6EKceENgCGRMb,1,['2bPtwnrpFNEe8N7Q85kLHw']
Lexa,0jTDeBJQr3unrK29LklnAv,Luísa Sonza,4PzYKhC14sTJNEr0dzoo0d,1,['2bPtwnrpFNEe8N7Q85kLHw']
Lexa,0jTDeBJQr3unrK29LklnAv,Rebecca,5MS6HieNmKxzkAM8amE8sr,1,['2bPtwnrpFNEe8N7Q85kLHw']
Luísa Sonza,4PzYKhC14sTJNEr0dzoo0d,Rebecca,5MS6HieNmKxzkAM8amE8sr,1,['2bPtwnrpFNEe8N7Q85kLHw']
Wisin,3E6xrwgnVfYCrCs0ePERDz,Myke Towers,7iK8PXO48WeuP03g8YR51W,3,"['2bgcUk2A3jjKbCJ7KPquTi', '3fhOpwaKobrELFjKLcXHgI', '43qcs9NpJhDxtG91zxFkj7']"
Los Legendarios,0n6sKrG0xKAf8xmdqeNGke,Wisin,3E6xrwgnVfYCrCs0ePERDz,3,"['2bgcUk2A3jjKbCJ7KPquTi', '43qcs9NpJhDxtG91zxFkj7', '7Bk0uXKk1uPT0XuQbpFzvs']"
Los Legendarios,0n6sKrG0xKAf8xmdqeNGke,Myke Towers,7iK8PXO48WeuP03g8YR51W,2,"['2bgcUk2A3jjKbCJ7KPquTi', '43qcs9NpJhDxtG91zxFkj7']"
Taylor Swift,06HL4z0CvFAxyc27GXpf02,HAIM,4Ui2kfOqGujY81UcPrb5KE,2,"['2bzUVEvpZ7At5cYz1kOLI9', '6NriykdkRrjQMZo1sfVYUo']"
Reese LAFLARE,07V3atNq2TyPNDYmzp6Dyy,Trippie Redd,6Xgp2XMz1fhVYe7i6yNAax,1,['2c3qwFINQyRGwyqI97UQiA']
Reese LAFLARE,07V3atNq2TyPNDYmzp6Dyy,Young Thug,50co4Is1HCEo8bhOyUWKpn,1,['2c3qwFINQyRGwyqI97UQiA']
Supa Bwe,05kWC05qQmocVoC5Udgl6D,Chance the Rapper,1anyVhU62p31KFi8MEzkbf,1,['2cEnYJKLSZPH7MFSk6C05c']
Forever Band,0yWuhITiYSrjzBrgT4NKsb,Chance the Rapper,1anyVhU62p31KFi8MEzkbf,1,['2cEnYJKLSZPH7MFSk6C05c']
Supa Bwe,05kWC05qQmocVoC5Udgl6D,Forever Band,0yWuhITiYSrjzBrgT4NKsb,1,['2cEnYJKLSZPH7MFSk6C05c']
Julian Casablancas,1rAv1GhTQ2rmG94p9lU3rB,Daft Punk,4tZwfgrHOc3mvqYlEYSvVi,1,['2cGxRwrMyEAp8dEbuZaVv6']
Hugh Jackman,5F1aoppMtU3OMiltO8ymJ2,Zac Efron,6U1dBXJhC8gXFjamvFTmHg,2,"['2cKovq3l6OJjhVVDbVKOsr', '43ay9lQZ5rfNcOOHhRF2cM']"
Troye Sivan,3WGpXCj9YhhfX11TToZcXP,Regard,4ofCBoyEiGSePFAG500xev,1,['2cc8Sw1OnCuA5bV8nqWqpE']
Tate McRae,45dkTj5sMRSjrmBSBeiHym,Regard,4ofCBoyEiGSePFAG500xev,1,['2cc8Sw1OnCuA5bV8nqWqpE']
Troye Sivan,3WGpXCj9YhhfX11TToZcXP,Tate McRae,45dkTj5sMRSjrmBSBeiHym,1,['2cc8Sw1OnCuA5bV8nqWqpE']
Shiva,2K5nCggbhSZ00YCYP5qkZS,Eiffel 65,64rxQRJsLgZwHHyWKB8fiF,1,['2chEq24EHjyw9Zjmwq0hlS']
Loredana,2Im8m4STDBosjfmb5hmP80,MERO,5wyWp867LWGjFmYZXVSFnZ,1,['2d3WpbJFBND2vwMJyULdfU']
Residente,5GcWBUX00IPuWVGMIRK1sS,Bizarrap,716NhGYqD1jl2wI1Qkgq36,1,['2dG9k8jtnkjzJjUToz9i9i']
21 Savage,1URnnhqYAYcrqrcwql10ft,The Weeknd,1Xyo4u8uXC1ZmMpatF05PJ,2,"['2dHHgzDwk4BJdRwy9uXhTO', '4hGmQboiou09EwhcTWa0H6']"
Shakira,0EmeFodog0BfCgMzAIvKQp,Cardi B,4kYSro6naA4h99UJvo89HB,1,['2dYXrWkNO40NXy2Q3IYLRc']
Marshmello,64KEffDW9EtZ1y2vBYgq8T,Bastille,7EQ0qTo7fWT7DPxmxtSYEc,1,['2dpaYNEQHiRxtZbfNsse99']
Lil Uzi Vert,4O15NlyKLIASxsJ0PrXPfz,Oh Wonder,5cIc3SBFuBLVxJz58W2tU9,2,"['2eAZfqOm4EnOF9VvN50Tyc', '6GNifiuBPrKFpwNBYnooFm']"
Cris Mj,1Yj5Xey7kTwvZla8sqdsdE,FloyyMenor,7CvTknweLr9feJtRGrpDBy,2,"['2esZG2XFtuoWWA9AfDvSxy', '6PhRhocBXP4y7NpciGmzra']"
SHAED,3KwmxIhSe9UTSEF37kwngR,ZAYN,5ZsFI1h6hIdQRw2ti0hz81,1,['2ez6qvOTHKeI3ss80NGqnI']
teddy<3,62FaS5AarFCrus8LxSVKKW,Shawn Mendes,7n2wHs1TKAczGzO7Dd2rGr,1,['2fLyikLZmHxW4XdToFpDdN']
Doja Cat,5cj0lLjcoR7YOSnhnX0Po5,Bebe Rexha,64M6ah0SkkRsnPGtGiRAbb,1,['2fTdRdN73RgIgcUZN33dvt']
Brandy,05oH07COxkXKIMt6mIPRee,Daniel Caesar,20wkVLutqVOYrc0kxFs7rA,1,['2fhePAlCSsJplwkjqMYpVm']
Veigh,4YqwRbMLqGHRHLS1w2ZKse,Matuê,5nP8x4uEFjAAmDzwOEc9b8,1,['2fjqfFUq64thFsqfKN01kS']
NSTASIA,2BBgFkNBBMln3m2G2Bm2bt,Salmo,3hBQ4zniNdQf1cqqo6hzuW,1,['2fkVZYFv9hOejIsLzZy8ad']
Sampha,2WoVwexZuODvclzULjPQtm,Drake,3TVXtAsR1Inumwj472S9r4,1,['2fkeWbM6iqTw7oGHTYm2lw']
Yeat,3qiHUAX7zY4Qnjx8TNUzVx,YoungBoy Never Broke Again,7wlFDEWiM5OoIAt8RSli8b,1,['2fpTRcMLt4aKlqULOwuXUP']
David Bowie,0oSGxfWSnnOXhD2fKuz2Gy,Queen,1dfeR4HaWDbWqFHLkxsg1d,1,['2fuCquhmrzHpu5xcA1ci9x']
Kendrick Lamar,2YZyLoL8N0Wb9xBt1NhZWg,Blxst,4qXC0i02bSFstECuXP2ZpL,1,['2g6tReTlM2Akp41g0HaeXN']
Amanda Reifer,1PpDfXOUG7gxUjR1quWnwp,Kendrick Lamar,2YZyLoL8N0Wb9xBt1NhZWg,1,['2g6tReTlM2Akp41g0HaeXN']
Amanda Reifer,1PpDfXOUG7gxUjR1quWnwp,Blxst,4qXC0i02bSFstECuXP2ZpL,1,['2g6tReTlM2Akp41g0HaeXN']
YUNGBLUD,6Ad91Jof8Niiw0lGLLi3NW,mgk,6TIYQ3jFPwQSRmorSezPxX,2,"['2gTdDMpNxIRFSiu7HutMCg', '653lIkynLG6WiwoEfsY3Ri']"
Travis Barker,4exLIFE8sISLr28sqG1qNX,mgk,6TIYQ3jFPwQSRmorSezPxX,3,"['2gTdDMpNxIRFSiu7HutMCg', '36uNbyvWCUwSk3AnpQmu2I', '7jjnn6K7p5MgOFuqLypAcM']"
Travis Barker,4exLIFE8sISLr28sqG1qNX,YUNGBLUD,6Ad91Jof8Niiw0lGLLi3NW,2,"['2gTdDMpNxIRFSiu7HutMCg', '4mGdjNMo0RonTlOEb7cYg4']"
Tedua,1AgAVqo74e2q4FVvg0xpT7,MACHETE,7Do8se3ZoaVqUt3woqqSrD,1,['2gUn6S1SuuXK0BvypPKnir']
thasup,19i93sA0D7yS9dYoVNBqAA,MACHETE,7Do8se3ZoaVqUt3woqqSrD,2,"['2gUn6S1SuuXK0BvypPKnir', '3Hh0ZcGIqIkSiJVZGLcVLx']"
thasup,19i93sA0D7yS9dYoVNBqAA,Tedua,1AgAVqo74e2q4FVvg0xpT7,1,['2gUn6S1SuuXK0BvypPKnir']
Tedua,1AgAVqo74e2q4FVvg0xpT7,Nitro,6jQZzWW3JlEtcRDSzFVKSP,1,['2gUn6S1SuuXK0BvypPKnir']
thasup,19i93sA0D7yS9dYoVNBqAA,Nitro,6jQZzWW3JlEtcRDSzFVKSP,1,['2gUn6S1SuuXK0BvypPKnir']
Nelly Furtado,2jw70GZXlAI8QzWeY2bgRc,Timbaland,5Y5TRrQiqgUO4S36tzjIRZ,1,['2gam98EZKrF9XuOkU13ApN']
Michael Bublé,1GxkXlMwML1oSg5eLPiAz3,Shania Twain,5e4Dhzv426EvQe3aDb64jL,1,['2gbCG4Rt9984UZ7Tc0dIFd']
Feid,2LRoIwlKmHjgvigdNGBHNo,Maisak,6B1hSmaLdOvChinK2Z7gfi,1,['2gmd7lY3QSzLh0xIY4cRvi']
Eslabon Armado,0XeEobZplHxzM9QzFQWLiR,Junior H,7Gi6gjaWy3DxyilpF1a8Is,2,"['2gpaJPUWNx2xmOwy2NNLu8', '5jVExEArvISIYu8mamVgfV']"
Dreamville,1iNqsUDUraNWrj00bqssQG,Buddy,6PDLwWvgYNMfBRLqC1h5cJ,2,"['2gtFMLjQpCTGekMi4oXZxN', '5WnfnSpuNEGXyEt78PBA6d']"
Guapdad 4000,0NcPKaSNIHAM2RfioH9vMT,Dreamville,1iNqsUDUraNWrj00bqssQG,2,"['2gtFMLjQpCTGekMi4oXZxN', '5WnfnSpuNEGXyEt78PBA6d']"
EARTHGANG,5MbNzCW3qokGyoo9giHA3V,JID,6U3ybJ9UHNKEdsH7ktGBZ7,2,"['2gtFMLjQpCTGekMi4oXZxN', '36J0iaPDGbYGsHvYpaYs3k']"
Buddy,6PDLwWvgYNMfBRLqC1h5cJ,JID,6U3ybJ9UHNKEdsH7ktGBZ7,2,"['2gtFMLjQpCTGekMi4oXZxN', '5WnfnSpuNEGXyEt78PBA6d']"
Guapdad 4000,0NcPKaSNIHAM2RfioH9vMT,JID,6U3ybJ9UHNKEdsH7ktGBZ7,2,"['2gtFMLjQpCTGekMi4oXZxN', '5WnfnSpuNEGXyEt78PBA6d']"
EARTHGANG,5MbNzCW3qokGyoo9giHA3V,Buddy,6PDLwWvgYNMfBRLqC1h5cJ,1,['2gtFMLjQpCTGekMi4oXZxN']
Guapdad 4000,0NcPKaSNIHAM2RfioH9vMT,EARTHGANG,5MbNzCW3qokGyoo9giHA3V,1,['2gtFMLjQpCTGekMi4oXZxN']
Guapdad 4000,0NcPKaSNIHAM2RfioH9vMT,Buddy,6PDLwWvgYNMfBRLqC1h5cJ,2,"['2gtFMLjQpCTGekMi4oXZxN', '5WnfnSpuNEGXyEt78PBA6d']"
Jimin,1oSPZhvZMIrWW5I41kPkkY,HA SUNG WOON,3OBkZ9NG8F0Fn4oNpg0yuU,1,['2gzhQaCTeNgxpeB2TPllyY']
Sam Fischer,6L1XC7NrmgWRlwAeLJvVtA,Demi Lovato,6S2OmqARrzebs0tKUEyXyp,1,['2h9TDNEXRhcDIV3fsoEVq9']
Anuel AA,2R21vXR83lH98kGeO99Y66,Enrique Iglesias,7qG3b048QCHVRO5Pv1T5lw,1,['2hDe0Ls5mVqs1XJqv7sbcM']
Avicii,1vCWHaC5f2uS3yhpwWbIA6,Sandro Cavazza,5JYo7gm2dkyLLlWHjxS7Dy,3,"['2hPLfPxvRUfXKNGD3VcJnT', '3o1CUVeHIid49sabk6A6Nf', '6Pgkp4qUoTmJIPn7ReaGxL']"
Ana Castela,2CKOmarVWvWqkNWUatHCex,Zé Felipe,7cmuxPnXRJxwuYDHfbD8Eu,1,['2hkwwmmLC90T8BQ7t3xufq']
Luan Pereira,5kVgcCdPbeUwxBqWxi2Ktl,Zé Felipe,7cmuxPnXRJxwuYDHfbD8Eu,1,['2hkwwmmLC90T8BQ7t3xufq']
Ana Castela,2CKOmarVWvWqkNWUatHCex,Luan Pereira,5kVgcCdPbeUwxBqWxi2Ktl,1,['2hkwwmmLC90T8BQ7t3xufq']
Luis Fonsi,4V8Sr092TqfHkfAA5fXXqG,Demi Lovato,6S2OmqARrzebs0tKUEyXyp,1,['2hl6q70unbviGo3g1R7uFx']
Julia Michaels,0ZED1XzwlLHW4ZaG4lOT6m,Lauv,5JZ7CnR6gTvEMKX4g70Amv,1,['2hnxrRNzF74mdDzpQZQukQ']
Quavo,0VRj0yCOv2FXJNP47XQnx5,Madonna,6tbjWDEIzxoDsBA1FuhfPW,1,['2i4WKnGYntsN4jEvDjkKBE']
Quavo,0VRj0yCOv2FXJNP47XQnx5,Cardi B,4kYSro6naA4h99UJvo89HB,1,['2i4WKnGYntsN4jEvDjkKBE']
Cardi B,4kYSro6naA4h99UJvo89HB,Madonna,6tbjWDEIzxoDsBA1FuhfPW,1,['2i4WKnGYntsN4jEvDjkKBE']
NATTI NATASHA,1GDbiv3spRmZ1XdM1jQbT7,Bad Bunny,4q3ewBCX7sLwd24euuV69X,2,"['2iCOdoyDmWG3hWkbtH1KB2', '6U2NuJILEOEpW2tVCuqKHb']"
Emilia,0AqlFI0tz2DsEoJlKSIiT9,LUDMILLA,3CDoRporvSjdzTrm99a3gi,1,['2iIBpwP4FyQ95xgVail3yr']
Emilia,0AqlFI0tz2DsEoJlKSIiT9,ZECCA,2Yia9CwtgcrsN5kVOQ0qRA,1,['2iIBpwP4FyQ95xgVail3yr']
ZECCA,2Yia9CwtgcrsN5kVOQ0qRA,LUDMILLA,3CDoRporvSjdzTrm99a3gi,1,['2iIBpwP4FyQ95xgVail3yr']
Bono,0m2Wc2gfNUWaAuBK7URPIJ,Martin Garrix,60d24wfXkVzDSfLS6hyCjZ,1,['2iL0W5qi0ivZ9WRXbZ74cS']
The Edge,1X8wFHJFucBUmBc7spQ4jP,Martin Garrix,60d24wfXkVzDSfLS6hyCjZ,1,['2iL0W5qi0ivZ9WRXbZ74cS']
Bono,0m2Wc2gfNUWaAuBK7URPIJ,The Edge,1X8wFHJFucBUmBc7spQ4jP,1,['2iL0W5qi0ivZ9WRXbZ74cS']
Boyz II Men,6O74knDqdv3XaWtkII7Xjp,Charlie Puth,6VuMaDnrHyPL1p4EHjYLi7,1,['2iLGgm4O5Hia8aSfSzXS3H']
Shakira,0EmeFodog0BfCgMzAIvKQp,Manuel Turizo,0tmwSHipWxN12fsoLcFU3B,1,['2iVgM5C7m1G4CJGbms301G']
NATTI NATASHA,1GDbiv3spRmZ1XdM1jQbT7,Becky G,4obzFoKoKRHIphyHzJ35G3,4,"['2ijef6ni2amuunRoKTlgww', '4DHDIdeayp8xvlyg22wREO', '4pN4uE4g6srE6376NDwMJP', '6U2NuJILEOEpW2tVCuqKHb']"
Asake,3a1tBryiczPAZpgoZN9Rzg,Wizkid,3tVQdUvClmAT7URs9V3rsp,1,['2j8n2hpZlEMvtrjJ7n0ZIy']
Gryffin,2ZRQcIgzPCVaT9XKhXZIzh,Carly Rae Jepsen,6sFIWsNpZYqfjUpaCgueju,1,['2j9YmQRxtjuVwb4XN95oT8']
Malik Montana,1Kjs5u8GQf6zCFdTj6SI9E,DaChoyce,6nStjcAtMWhraEtrTrePkl,1,['2jG3STVcZ9fjYlhXPi7nJ1']
SRNO,0Kwf0zcciIFGLCKiqNcO6Q,Malik Montana,1Kjs5u8GQf6zCFdTj6SI9E,1,['2jG3STVcZ9fjYlhXPi7nJ1']
Malik Montana,1Kjs5u8GQf6zCFdTj6SI9E,The Plug,5r3fI2q1YU3QyVP7oncOQ9,1,['2jG3STVcZ9fjYlhXPi7nJ1']
SRNO,0Kwf0zcciIFGLCKiqNcO6Q,DaChoyce,6nStjcAtMWhraEtrTrePkl,1,['2jG3STVcZ9fjYlhXPi7nJ1']
The Plug,5r3fI2q1YU3QyVP7oncOQ9,DaChoyce,6nStjcAtMWhraEtrTrePkl,1,['2jG3STVcZ9fjYlhXPi7nJ1']
SRNO,0Kwf0zcciIFGLCKiqNcO6Q,The Plug,5r3fI2q1YU3QyVP7oncOQ9,1,['2jG3STVcZ9fjYlhXPi7nJ1']
Giggs,3S0tlB4fE7ChxI2pWz8Xip,Drake,3TVXtAsR1Inumwj472S9r4,2,"['2jTujnt0y344ai1rNOywgr', '6CfrYuD3YRDYdYvH9jNtXY']"
PnB Rock,21WS9wngs9AqFckK7yYJPM,Lil Yachty,6icQOAFXDZKsumw3YXyusw,1,['2jey6aQoRNao7Ou9ftOXFC']
Offset,4DdkRBBYG6Yk9Ka8tdJ9BW,Don Toliver,4Gso3d4CscCijv0lmajZWs,2,"['2jrAaawDRCn1JjeouxAyDN', '7kp6XhIxrvNb8BgTwLjaEx']"
Quavo,0VRj0yCOv2FXJNP47XQnx5,Don Toliver,4Gso3d4CscCijv0lmajZWs,1,['2jrAaawDRCn1JjeouxAyDN']
Julia Michaels,0ZED1XzwlLHW4ZaG4lOT6m,JP Saxe,66W9LaWS0DPdL7Sz8iYGYe,1,['2kJwzbxV2ppxnQoYw4GLBZ']
Quevedo,52iwsT98xCoGgiGntTiR7K,Aitana,7eLcDZDYHXZCebtQmVFL25,1,['2kQ1OvmMzs1xdlH020aJJh']
Akon,0z4gvV4rjIZ9wHck67ucSV,Eminem,7dGJo4pcD2V6oG8kP0tJRR,1,['2kQuhkFX7uSVepCD3h29g5']
Nicki Minaj,0hCNtLu0JehylgoiP8L4Gh,Katy Perry,6jJ0s89eD6GaHleKKya26X,1,['2kVHAQKVtczchKctctzbtK']
Alicia Keys,3DiDSECUqqY1AuBP8qtaIa,Brent Faiyaz,3tlXnStJ1fFhdScmQeLpuG,1,['2krESug6AyfOL07tlaGwts']
Zion & Lennox,21451j1KhjAiaYKflxBjr1,ChocQuibTown,6tkyhGe9hGI3Lcfo4gVh6Z,1,['2ktoFujjJtantyMoVdBJlX']
Farruko,329e4yvIujISKGKz1BZZbO,ChocQuibTown,6tkyhGe9hGI3Lcfo4gVh6Z,1,['2ktoFujjJtantyMoVdBJlX']
Manuel Turizo,0tmwSHipWxN12fsoLcFU3B,ChocQuibTown,6tkyhGe9hGI3Lcfo4gVh6Z,1,['2ktoFujjJtantyMoVdBJlX']
Zion & Lennox,21451j1KhjAiaYKflxBjr1,Farruko,329e4yvIujISKGKz1BZZbO,2,"['2ktoFujjJtantyMoVdBJlX', '5q2JbCNi4FcnglgPfxcV65']"
Manuel Turizo,0tmwSHipWxN12fsoLcFU3B,Zion & Lennox,21451j1KhjAiaYKflxBjr1,2,"['2ktoFujjJtantyMoVdBJlX', '3MR5Lnhd6uCIgLXSK7nmyX']"
Manuel Turizo,0tmwSHipWxN12fsoLcFU3B,Farruko,329e4yvIujISKGKz1BZZbO,1,['2ktoFujjJtantyMoVdBJlX']
Bushido,3c96G4d2lUOxhomM2mby5S,Animus,4Mt1ci7cKg2DpDS5kJ5mHS,1,['2l2UsmkfgmRC6fIDwwsiNM']
Noah Kahan,2RQXRUsr4IW1f3mKyKsy4B,Sam Fender,6zlR5ttMfMNmwf2lecU9Cc,1,['2l7UudWZ44l1WbHx6ANod9']
Murda Beatz,3CbYyyd8wH3RT6t0jwpdzC,6ix9ine,7gZfnEnfiaHzxARJ2LeXrf,1,['2l8nEO0vsTRCRnGqQty6qx']
Nicki Minaj,0hCNtLu0JehylgoiP8L4Gh,Murda Beatz,3CbYyyd8wH3RT6t0jwpdzC,1,['2l8nEO0vsTRCRnGqQty6qx']
Tito Double P,5eumcnUkdmGvkvcsx1WFNG,Grupo Frontera,6XkjpgcEsYab502Vr1bBeW,1,['2lAUq68F2bt7Kc218n9FPp']
Márcia Fellipe,3OxZ4asD88P1lJJmLcXz4K,Jerry Smith,6OpOg5HVCc8xVf7OVrd5Fk,1,['2lAyctg5FocS67eksHoyIg']
Kygo,23fqKkggKUBHNkbKtXEls4,Valerie Broussard,6eVWXmKBW7Iltub01D9R1c,2,"['2lN4uUYkGymwAL5hY6sSAd', '3Kuu5vASpXK8oRsxOvau6P']"
J Balvin,1vyhD5VmyZ7KMfW5gqLgo5,Feid,2LRoIwlKmHjgvigdNGBHNo,3,"['2llFXBrftm6YJzBj3tpk0s', '3mg9jYNC1NihbthlglzrWP', '7lUdbnz7wsv3C9zzf4WHl9']"
AFROJACK,4D75GcNG95ebPtNvoNVXhz,Sia,5WUlDfRSoLAfcVSX1WnrxN,1,['2ludbmtPoyCPe2K08fAlFl']
Trippie Redd,6Xgp2XMz1fhVYe7i6yNAax,Emani 22,7JngWflkjFnNJSz07XLV2w,1,['2lvOt6VAufWlstrqutilVb']
WATT,4olE3I5QU0dvSR7LIpqTXc,Miley Cyrus,5YGY8feqx7naU7z4HrwZM6,1,['2mC33mxgLJN3IT65MGN3B0']
Elton John,3PhoLpVuITZKcymswpck5b,Miley Cyrus,5YGY8feqx7naU7z4HrwZM6,1,['2mC33mxgLJN3IT65MGN3B0']
Yo-Yo Ma,5Dl3HXZjG6ZOWT5cV375lk,Miley Cyrus,5YGY8feqx7naU7z4HrwZM6,1,['2mC33mxgLJN3IT65MGN3B0']
Robert Trujillo,3rROvEsUJJ9y55g1PLaA16,Miley Cyrus,5YGY8feqx7naU7z4HrwZM6,1,['2mC33mxgLJN3IT65MGN3B0']
Chad Smith,4DW34vji6G9GgGY0k2mic7,Miley Cyrus,5YGY8feqx7naU7z4HrwZM6,1,['2mC33mxgLJN3IT65MGN3B0']
Elton John,3PhoLpVuITZKcymswpck5b,WATT,4olE3I5QU0dvSR7LIpqTXc,1,['2mC33mxgLJN3IT65MGN3B0']
WATT,4olE3I5QU0dvSR7LIpqTXc,Yo-Yo Ma,5Dl3HXZjG6ZOWT5cV375lk,1,['2mC33mxgLJN3IT65MGN3B0']
Robert Trujillo,3rROvEsUJJ9y55g1PLaA16,WATT,4olE3I5QU0dvSR7LIpqTXc,1,['2mC33mxgLJN3IT65MGN3B0']
Chad Smith,4DW34vji6G9GgGY0k2mic7,WATT,4olE3I5QU0dvSR7LIpqTXc,1,['2mC33mxgLJN3IT65MGN3B0']
Elton John,3PhoLpVuITZKcymswpck5b,Yo-Yo Ma,5Dl3HXZjG6ZOWT5cV375lk,1,['2mC33mxgLJN3IT65MGN3B0']
Elton John,3PhoLpVuITZKcymswpck5b,Robert Trujillo,3rROvEsUJJ9y55g1PLaA16,1,['2mC33mxgLJN3IT65MGN3B0']
Elton John,3PhoLpVuITZKcymswpck5b,Chad Smith,4DW34vji6G9GgGY0k2mic7,1,['2mC33mxgLJN3IT65MGN3B0']
Robert Trujillo,3rROvEsUJJ9y55g1PLaA16,Yo-Yo Ma,5Dl3HXZjG6ZOWT5cV375lk,1,['2mC33mxgLJN3IT65MGN3B0']
Chad Smith,4DW34vji6G9GgGY0k2mic7,Yo-Yo Ma,5Dl3HXZjG6ZOWT5cV375lk,1,['2mC33mxgLJN3IT65MGN3B0']
Robert Trujillo,3rROvEsUJJ9y55g1PLaA16,Chad Smith,4DW34vji6G9GgGY0k2mic7,1,['2mC33mxgLJN3IT65MGN3B0']
Victor Cardenas,00CMSJdbf36zOzKB3z8JrR,Farruko,329e4yvIujISKGKz1BZZbO,1,['2mL37yB3f3Lfy4iiXV02Qf']
Farruko,329e4yvIujISKGKz1BZZbO,Dj Adoni,3JfbHWZ07sSBjbojTU2hAt,1,['2mL37yB3f3Lfy4iiXV02Qf']
Victor Cardenas,00CMSJdbf36zOzKB3z8JrR,Dj Adoni,3JfbHWZ07sSBjbojTU2hAt,1,['2mL37yB3f3Lfy4iiXV02Qf']
Farruko,329e4yvIujISKGKz1BZZbO,Milly,7kXCcNRLEnblbTAppPraBp,1,['2mM3gZ0BbPwPPMelbA8vgt']
Nio Garcia,5hdhHgpxyniooUiQVaPxQ0,Milly,7kXCcNRLEnblbTAppPraBp,1,['2mM3gZ0BbPwPPMelbA8vgt']
Jay Wheeler,2cPqdH7XMvwaBJEVjheH8g,Milly,7kXCcNRLEnblbTAppPraBp,1,['2mM3gZ0BbPwPPMelbA8vgt']
Amenazzy,6kq4GHwUcUojGIu0ziSNXf,Milly,7kXCcNRLEnblbTAppPraBp,1,['2mM3gZ0BbPwPPMelbA8vgt']
Farruko,329e4yvIujISKGKz1BZZbO,Nio Garcia,5hdhHgpxyniooUiQVaPxQ0,1,['2mM3gZ0BbPwPPMelbA8vgt']
Jay Wheeler,2cPqdH7XMvwaBJEVjheH8g,Farruko,329e4yvIujISKGKz1BZZbO,1,['2mM3gZ0BbPwPPMelbA8vgt']
Jay Wheeler,2cPqdH7XMvwaBJEVjheH8g,Nio Garcia,5hdhHgpxyniooUiQVaPxQ0,1,['2mM3gZ0BbPwPPMelbA8vgt']
Nio Garcia,5hdhHgpxyniooUiQVaPxQ0,Amenazzy,6kq4GHwUcUojGIu0ziSNXf,1,['2mM3gZ0BbPwPPMelbA8vgt']
Jay Wheeler,2cPqdH7XMvwaBJEVjheH8g,Amenazzy,6kq4GHwUcUojGIu0ziSNXf,1,['2mM3gZ0BbPwPPMelbA8vgt']
Sfera Ebbasta,23TFHmajVfBtlRx5MXqgoz,Tony Effe,6CKch2otN4SPznHf9ms5JF,1,['2mmbawJFVgPuQhdQpsHsRl']
thasup,19i93sA0D7yS9dYoVNBqAA,Tony Effe,6CKch2otN4SPznHf9ms5JF,1,['2mmbawJFVgPuQhdQpsHsRl']
Lil Baby,5f7VJjfbwm532GiveGC0ZK,Quality Control,6i392l38cR3uBPF0DbNs7S,2,"['2nKYHpmwjLaEOXS3o7QMiz', '5MPPttjfGap2C6j6eKcO6J']"
DaBaby,4r63FhuTkUYltbVAg5TQnk,Quality Control,6i392l38cR3uBPF0DbNs7S,2,"['2nKYHpmwjLaEOXS3o7QMiz', '5MPPttjfGap2C6j6eKcO6J']"
Sia,5WUlDfRSoLAfcVSX1WnrxN,Major Lazer,738wLrAtLtCtFOLvQBXOXp,1,['2nYPVp7BJuoaJ4rQmg5FM5']
Labrinth,2feDdbD5araYcm6JhFHHw7,Major Lazer,738wLrAtLtCtFOLvQBXOXp,1,['2nYPVp7BJuoaJ4rQmg5FM5']
Wizkid,3tVQdUvClmAT7URs9V3rsp,Brent Faiyaz,3tlXnStJ1fFhdScmQeLpuG,1,['2nYeyMeqYDiFSYYtl2BWD6']
Farid Bang,2JwyRtuXf2l6sTnSnGVIa1,Kollegah,6gto7HVNhu4ARE3P3g8Y5Y,1,['2nvUC76Xju4HuqIFXeiCyI']
Eno,3GBBxBdoolb0B5YizZq9bF,Dardan,3pjq2pDV9RR6VY55wBjVnp,1,['2nvmHDiEWXRzS6FUDzUhVL']
Kygo,23fqKkggKUBHNkbKtXEls4,Zak Abel,6Gk5hoM7eW8NSCYhICMDHw,1,['2nx0EIlIKMnMgWnj40O0HQ']
Lil Uzi Vert,4O15NlyKLIASxsJ0PrXPfz,WanMor,5XmuuM2C6t4HSPa3FSuU3h,3,"['2oHDJHNondITqbl8xZ9vPn', '4YcWzLSnGqLjSCycuSMHnn', '5raTDhlbxFDnpn89bxArdH']"
Lagique,1PbtWtrN7jZpd4toqxrjm2,Ofenbach,4AKwRarlmsUlLjIwt38NLw,1,['2pPO9YecZimmuVQfIzfV6U']
Nicky Jam,1SupJlEpv7RS2tPNRaHViT,Anuel AA,2R21vXR83lH98kGeO99Y66,3,"['2pWOMNQJW3g2zmGjP0Vkb0', '4bTZeO72FwMa6wKOiqoynL', '4lzxJ4jCuFDXXGkE1LmpKR']"
Bruno Mars,0du5cEVh5yTK9QJze8zA0C,Lady Gaga,1HY2Jd0NmPuamShAr6KMms,1,['2plbrEY59IikOBgBGLjaoe']
Baby Goth,0ECSmon1BUiFnB33X24eLI,Trippie Redd,6Xgp2XMz1fhVYe7i6yNAax,1,['2ppse4DOEFlzaW7Xu3U76r']
David Guetta,1Cs0zKBU1kc0i8ypK3B9ai,Shouse,2TcGJdSOiOvITBzhvfX8XB,1,['2prnn41CblB8B4yWACDljP']
Marília Mendonça,1yR65psqiazQpeM79CcGh8,Anitta,7FNnA9vBm6EKceENgCGRMb,1,['2qD7VoDYcrAPY0cVEfpsR5']
Manuel Turizo,0tmwSHipWxN12fsoLcFU3B,Fuego,7wU2WGCJ8HxkekHHE2QLul,1,['2qEoAz0i6yEz5dPggABcLH']
Duki,1bAftSH8umNcGZ0uyV7LMg,Fuego,7wU2WGCJ8HxkekHHE2QLul,1,['2qEoAz0i6yEz5dPggABcLH']
Manuel Turizo,0tmwSHipWxN12fsoLcFU3B,Duki,1bAftSH8umNcGZ0uyV7LMg,1,['2qEoAz0i6yEz5dPggABcLH']
J Balvin,1vyhD5VmyZ7KMfW5gqLgo5,ROSALÍA,7ltDVBr6mKbRvohxheJ9h1,2,"['2qG5sZ7Si6sdK74qLxedYM', '35UUpTmrcFXNIVIN26ujXl']"
El Guincho,1oMiDFyAgmIzw9ZBQYHOJI,ROSALÍA,7ltDVBr6mKbRvohxheJ9h1,1,['2qG5sZ7Si6sdK74qLxedYM']
El Guincho,1oMiDFyAgmIzw9ZBQYHOJI,J Balvin,1vyhD5VmyZ7KMfW5gqLgo5,1,['2qG5sZ7Si6sdK74qLxedYM']
BTS,3Nrfpe0tUJi4K4DXYWgMUX,Lauv,5JZ7CnR6gTvEMKX4g70Amv,2,"['2qG81jL9UIP54uS8gYyP4k', '314ZkcV7oLWG8yWE7LABvH']"
Paulo Londra,3vQ0GE3mI0dAaxIMYe5g7z,Ed Sheeran,6eUKZXaKkcviH0Ku9w2n3V,2,"['2qRN7PWiHRLprw4FpDeI9N', '6N7LquYjc3c53qr4PSJbi5']"
Dave,6Ip8FS7vWT1uKkJSweANQK,Ed Sheeran,6eUKZXaKkcviH0Ku9w2n3V,1,['2qRN7PWiHRLprw4FpDeI9N']
Paulo Londra,3vQ0GE3mI0dAaxIMYe5g7z,Dave,6Ip8FS7vWT1uKkJSweANQK,1,['2qRN7PWiHRLprw4FpDeI9N']
Cardi B,4kYSro6naA4h99UJvo89HB,Migos,6oMuImdp5ZcFhWP0ESe6mG,3,"['2qcG0nZ6S3zZV0UrkY5nFo', '4N4wemxs9Em6nJ5kXTjEsS', '4wFjTWCunQFKtukqrNijEt']"
James Arthur,4IWBUUAFIplrNtaOHcJPRM,Martin Jensen,4ehtJnVumNf6xzSCDk8aLB,1,['2qfEcCkEo5NscA9GL7ER72']
Matheus Fernandes,37mqXU98U5GmH5ZDtlHM1c,Xand Avião,43DRDu6nLSeIedZ7T1A616,1,['2qmG7dokbGpDGD0T5wORWt']
Pop Smoke,0eDvMgVFoNV3TpwtrVCoTj,A Boogie Wit da Hoodie,31W5EY0aAly4Qieq6OFu6I,1,['2r6OAV3WsYtXuXjvJ1lIDi']
RAF Camora,0Dvx6p8JDyzeOPGmaCIH1L,Luciano,3CJKkU0XuElRT1z8rEtIYg,2,"['2r9gIpt17PhZv0y2nCpFHC', '4taclmQm9wFcK4dKQjR5ny']"
Lorde,163tK9Wjr9P9DmM0AVK7lm,Khalid,6LuN9FCkKOj5PcnpouEgny,1,['2rE9TX3VQ0WNt7kziFhKep']
Lorde,163tK9Wjr9P9DmM0AVK7lm,Post Malone,246dkjvS1zLTtiykXe5h60,1,['2rE9TX3VQ0WNt7kziFhKep']
Lorde,163tK9Wjr9P9DmM0AVK7lm,SZA,7tYKF4w9nC0nq9CsPZTHyP,1,['2rE9TX3VQ0WNt7kziFhKep']
Post Malone,246dkjvS1zLTtiykXe5h60,Khalid,6LuN9FCkKOj5PcnpouEgny,1,['2rE9TX3VQ0WNt7kziFhKep']
Khalid,6LuN9FCkKOj5PcnpouEgny,SZA,7tYKF4w9nC0nq9CsPZTHyP,1,['2rE9TX3VQ0WNt7kziFhKep']
Post Malone,246dkjvS1zLTtiykXe5h60,SZA,7tYKF4w9nC0nq9CsPZTHyP,2,"['2rE9TX3VQ0WNt7kziFhKep', '5KE9b4x7Zj2A8XtbkqhqTe']"
Asees Kaur,1sVmXkzX2ukc6QvasrDBES,Tanishk Bagchi,4f7KfxeHq9BiylGmyXepGt,1,['2rOnSn2piaqLAlYjtfUBlY']
Asees Kaur,1sVmXkzX2ukc6QvasrDBES,Jubin Nautiyal,1tqysapcCh1lWEAc9dIFpa,1,['2rOnSn2piaqLAlYjtfUBlY']
Salmo,3hBQ4zniNdQf1cqqo6hzuW,Fabri Fibra,7u710e44HW3K7A5eTnRqHC,1,['2rgOAX5Cj3pk8JFnaPwJbd']
Phoebe Ryan,4N874uPqBka1QiCvnCVOtr,The Chainsmokers,69GGBxA162lTqCwzJG5jLp,1,['2rizacJSyD9S1IQUxUxnsK']
Alicia Keys,3DiDSECUqqY1AuBP8qtaIa,Eminem,7dGJo4pcD2V6oG8kP0tJRR,1,['2rozzUGTRWqhTa2NzJAl8I']
Shakira,0EmeFodog0BfCgMzAIvKQp,Rauw Alejandro,1mcTU81TzQhprhouKaTkpq,1,['2rurDawMfoKP4uHyb2kJBt']
Luciano,3CJKkU0XuElRT1z8rEtIYg,KC Rebell,5p7mWeX4RlvqBCxylfiXdE,1,['2rxxXYtTIFKyrhJpofeoIX']
YG,0A0FS04o6zMoto8OKPsDwY,Tyler The Creator,4V8LLVI7PbaPR0K2TGSxFF,1,['2sFEmuVVAa2klHwhFaT0rR']
Coldplay,4gzpq5DPGxSnKTe4SA8HAU,Little Simz,6eXZu6O7nAUA5z6vLV8NKI,2,"['2sKHevALE8DKDkwEo04Pbh', '7xrEnNo99wrmIs8ZK3RZMK']"
Burna Boy,3wcj11K77LjEY1PkEazffa,Coldplay,4gzpq5DPGxSnKTe4SA8HAU,2,"['2sKHevALE8DKDkwEo04Pbh', '7xrEnNo99wrmIs8ZK3RZMK']"
Elyanna,0jIWKlfmD4Ew7HeVVrq03g,Coldplay,4gzpq5DPGxSnKTe4SA8HAU,2,"['2sKHevALE8DKDkwEo04Pbh', '7xrEnNo99wrmIs8ZK3RZMK']"
Coldplay,4gzpq5DPGxSnKTe4SA8HAU,TINI,7vXDAI8JwjW531ouMGbfcp,2,"['2sKHevALE8DKDkwEo04Pbh', '7xrEnNo99wrmIs8ZK3RZMK']"
Burna Boy,3wcj11K77LjEY1PkEazffa,Little Simz,6eXZu6O7nAUA5z6vLV8NKI,2,"['2sKHevALE8DKDkwEo04Pbh', '7xrEnNo99wrmIs8ZK3RZMK']"
Elyanna,0jIWKlfmD4Ew7HeVVrq03g,Little Simz,6eXZu6O7nAUA5z6vLV8NKI,2,"['2sKHevALE8DKDkwEo04Pbh', '7xrEnNo99wrmIs8ZK3RZMK']"
Little Simz,6eXZu6O7nAUA5z6vLV8NKI,TINI,7vXDAI8JwjW531ouMGbfcp,2,"['2sKHevALE8DKDkwEo04Pbh', '7xrEnNo99wrmIs8ZK3RZMK']"
Elyanna,0jIWKlfmD4Ew7HeVVrq03g,Burna Boy,3wcj11K77LjEY1PkEazffa,2,"['2sKHevALE8DKDkwEo04Pbh', '7xrEnNo99wrmIs8ZK3RZMK']"
Burna Boy,3wcj11K77LjEY1PkEazffa,TINI,7vXDAI8JwjW531ouMGbfcp,2,"['2sKHevALE8DKDkwEo04Pbh', '7xrEnNo99wrmIs8ZK3RZMK']"
Elyanna,0jIWKlfmD4Ew7HeVVrq03g,TINI,7vXDAI8JwjW531ouMGbfcp,2,"['2sKHevALE8DKDkwEo04Pbh', '7xrEnNo99wrmIs8ZK3RZMK']"
DJ Khaled,0QHgL1lAIqAw0HtD7YldmP,Rick Ross,1sBkRIssrMs1AbVkOJbc7a,4,"['2sOj9vyd6yiss9W1IK6chU', '53uF5QwHADVXKv383qXnXd', '6CwTHNCzgkq41m11iPpzsf', '7lxZbmtC6SkUc2yXBgDOdO']"
DJ Khaled,0QHgL1lAIqAw0HtD7YldmP,Lil Wayne,55Aa2cqylxrFIXC767Z865,3,"['2sOj9vyd6yiss9W1IK6chU', '3DXncPQOG4VBw3QHh3S817', '6Dq8FZrvx9S28iyaKSwn9x']"
DJ Khaled,0QHgL1lAIqAw0HtD7YldmP,John Legend,5y2Xq6xcjJb2jVM54GHK3t,2,"['2sOj9vyd6yiss9W1IK6chU', '6O10oTtZIZ4DkkUqyfCbrR']"
DJ Khaled,0QHgL1lAIqAw0HtD7YldmP,Fridayy,7sP4SQ0WY6jfps1I19Ot7i,1,['2sOj9vyd6yiss9W1IK6chU']
Rick Ross,1sBkRIssrMs1AbVkOJbc7a,Lil Wayne,55Aa2cqylxrFIXC767Z865,2,"['2sOj9vyd6yiss9W1IK6chU', '50ceCGZ3oD3U5caQV5bP6f']"
Rick Ross,1sBkRIssrMs1AbVkOJbc7a,JAY-Z,3nFkdlSjzX9mRTtwJOzDYB,2,"['2sOj9vyd6yiss9W1IK6chU', '4iQ5gmTAzWfK8JyFC2LBox']"
Rick Ross,1sBkRIssrMs1AbVkOJbc7a,John Legend,5y2Xq6xcjJb2jVM54GHK3t,1,['2sOj9vyd6yiss9W1IK6chU']
Rick Ross,1sBkRIssrMs1AbVkOJbc7a,Fridayy,7sP4SQ0WY6jfps1I19Ot7i,1,['2sOj9vyd6yiss9W1IK6chU']
JAY-Z,3nFkdlSjzX9mRTtwJOzDYB,Lil Wayne,55Aa2cqylxrFIXC767Z865,1,['2sOj9vyd6yiss9W1IK6chU']
Lil Wayne,55Aa2cqylxrFIXC767Z865,John Legend,5y2Xq6xcjJb2jVM54GHK3t,1,['2sOj9vyd6yiss9W1IK6chU']
Lil Wayne,55Aa2cqylxrFIXC767Z865,Fridayy,7sP4SQ0WY6jfps1I19Ot7i,1,['2sOj9vyd6yiss9W1IK6chU']
JAY-Z,3nFkdlSjzX9mRTtwJOzDYB,John Legend,5y2Xq6xcjJb2jVM54GHK3t,1,['2sOj9vyd6yiss9W1IK6chU']
JAY-Z,3nFkdlSjzX9mRTtwJOzDYB,Fridayy,7sP4SQ0WY6jfps1I19Ot7i,1,['2sOj9vyd6yiss9W1IK6chU']
John Legend,5y2Xq6xcjJb2jVM54GHK3t,Fridayy,7sP4SQ0WY6jfps1I19Ot7i,1,['2sOj9vyd6yiss9W1IK6chU']
Megan Thee Stallion,181bsRPaVXVlUKXrxwZfHK,Ariana Grande,66CXWjxzNUsdJxJ2JdwvnR,1,['2sQH02O2HBCPJCztBrCWNa']
Megan Thee Stallion,181bsRPaVXVlUKXrxwZfHK,Doja Cat,5cj0lLjcoR7YOSnhnX0Po5,1,['2sQH02O2HBCPJCztBrCWNa']
BTS,3Nrfpe0tUJi4K4DXYWgMUX,Coldplay,4gzpq5DPGxSnKTe4SA8HAU,2,"['2sp32rIevQhpbo0Z4aQzoe', '46HNZY1i7O6jwTA7Slo2PI']"
Swae Lee,1zNqQNIdeOUZHb8zbZRFMX,Drake,3TVXtAsR1Inumwj472S9r4,1,['2sqsNXfN0HtgDEgaHXiUTa']
Kendrick Lamar,2YZyLoL8N0Wb9xBt1NhZWg,N.E.R.D,5wPoxI5si3eJsYYwyXV4Wi,1,['2svutFGaCycRmYc1mWbfQh']
Pharrell Williams,2RdwBSPQiwcmiDo9kixcl8,N.E.R.D,5wPoxI5si3eJsYYwyXV4Wi,1,['2svutFGaCycRmYc1mWbfQh']
Pharrell Williams,2RdwBSPQiwcmiDo9kixcl8,Kendrick Lamar,2YZyLoL8N0Wb9xBt1NhZWg,2,"['2svutFGaCycRmYc1mWbfQh', '74wpYGsVh2J13iAmmg1Uln']"
Justin Bieber,1uNFoZAHBGtllmzznpCI3s,Burna Boy,3wcj11K77LjEY1PkEazffa,1,['2tB9OFgAHjAds3cqquLlvp']
Bad Bunny,4q3ewBCX7sLwd24euuV69X,JHAYCO,6nVcHLIgY5pE2YCl8ubca1,4,"['2tFwfmceQa1Y6nRPhYbEtC', '41oY4WCTj5kccfesTVFnvN', '4MzXwWMhyBbmu6hOcLVD49', '4R8BJggjosTswLxtkw8V7P']"
Ozuna,1i8SpTcr7yvPOmcqrbnVXY,Lunay,47MpMsUfWtgyIIBEFOr4FE,2,"['2tGENA8xef0wABdHvyXwv9', '37zdqI4r1gswIzczSBkRon']"
Lunay,47MpMsUfWtgyIIBEFOr4FE,Myke Towers,7iK8PXO48WeuP03g8YR51W,1,['2tGENA8xef0wABdHvyXwv9']
Chencho Corleone,37230BxxYs9ksS7OkZw3IU,Lunay,47MpMsUfWtgyIIBEFOr4FE,1,['2tGENA8xef0wABdHvyXwv9']
Ozuna,1i8SpTcr7yvPOmcqrbnVXY,Chencho Corleone,37230BxxYs9ksS7OkZw3IU,2,"['2tGENA8xef0wABdHvyXwv9', '5y7DaS3jAc9eZzcSOoUIwU']"
Ozuna,1i8SpTcr7yvPOmcqrbnVXY,Rauw Alejandro,1mcTU81TzQhprhouKaTkpq,1,['2tGENA8xef0wABdHvyXwv9']
Chencho Corleone,37230BxxYs9ksS7OkZw3IU,Myke Towers,7iK8PXO48WeuP03g8YR51W,1,['2tGENA8xef0wABdHvyXwv9']
Rauw Alejandro,1mcTU81TzQhprhouKaTkpq,Chencho Corleone,37230BxxYs9ksS7OkZw3IU,4,"['2tGENA8xef0wABdHvyXwv9', '4SJHHpKhcuXwDsCsPqshXj', '6mmPpaltUZK7xjNlBPQQ0p', '74j34STf8L6uADnTN69ohv']"
MAX,1bqxdqvUtPWZri43cKHac8,Quinn XCII,3ApUX1o6oSz321MMECyIYd,1,['2tOOcDDYkh0PSjr6GwPEAJ']
Quevedo,52iwsT98xCoGgiGntTiR7K,Bizarrap,716NhGYqD1jl2wI1Qkgq36,1,['2tTmW7RDtMQtBk7m2rYeSw']
Nicki Minaj,0hCNtLu0JehylgoiP8L4Gh,Mr Eazi,4TAoP0f9OuWZUesao43xUW,1,['2tjbSkPKKH1GFUhSr96tq0']
Mr Eazi,4TAoP0f9OuWZUesao43xUW,K4mo,7IziQIyiq8TGse0Mc1laYi,1,['2tjbSkPKKH1GFUhSr96tq0']
Major Lazer,738wLrAtLtCtFOLvQBXOXp,K4mo,7IziQIyiq8TGse0Mc1laYi,1,['2tjbSkPKKH1GFUhSr96tq0']
Nicki Minaj,0hCNtLu0JehylgoiP8L4Gh,K4mo,7IziQIyiq8TGse0Mc1laYi,1,['2tjbSkPKKH1GFUhSr96tq0']
Meek Mill,20sxb77xiYeusSH8cVdatc,Anuel AA,2R21vXR83lH98kGeO99Y66,1,['2tnlNVAhuQGgoFJxALVeXx']
Fabolous,0YWxKQj2Go9CGHCp77UOyy,Meek Mill,20sxb77xiYeusSH8cVdatc,1,['2tnlNVAhuQGgoFJxALVeXx']
Fabolous,0YWxKQj2Go9CGHCp77UOyy,Anuel AA,2R21vXR83lH98kGeO99Y66,1,['2tnlNVAhuQGgoFJxALVeXx']
Massimo Pericolo,1El4YQA8oCXX7ynFSxRTFq,Marracash,5AZuEF0feCXMkUCwQiQlW7,1,['2tpfOljBdskx8G331TjRps']
David Guetta,1Cs0zKBU1kc0i8ypK3B9ai,Master KG,523y9KSneKh6APd1hKxLuF,1,['2ttfqpA40dpzzz9QhxnFCv']
Akon,0z4gvV4rjIZ9wHck67ucSV,Master KG,523y9KSneKh6APd1hKxLuF,1,['2ttfqpA40dpzzz9QhxnFCv']
Akon,0z4gvV4rjIZ9wHck67ucSV,David Guetta,1Cs0zKBU1kc0i8ypK3B9ai,1,['2ttfqpA40dpzzz9QhxnFCv']
Future,1RyvyyTE3xzB2ZywiAwp0i,Kendrick Lamar,2YZyLoL8N0Wb9xBt1NhZWg,3,"['2tudvzsrR56uom6smgOcSf', '51rXHuKN8Loc4sUlKPODgH', '6dVZCbi9CYtD9LjAHXRjIG']"
Metro Boomin,0iEtIxbK0KxaSlF7G42ZOp,Kendrick Lamar,2YZyLoL8N0Wb9xBt1NhZWg,1,['2tudvzsrR56uom6smgOcSf']
Robin Schulz,3t5xRXzsuZmMDkQzgOX35S,Wes,3tXUeiWOSod3mSQ2lOautf,1,['2u6Jm2klS4yvAlbSHlxUwI']
Apache 207,1qQLhymHXFPtP5U8KNKsm6,Sido,4Yttlv9ndGjCDCVLqM7ACq,1,['2u8AXJyk8pICzj2wyPBL0b']
DJ Matt D,1rIc4yTieeRq25NA3T8RQ5,Mc Livinho,7me0S5Z40qVWj3gzyK8aC3,1,['2uhw2oYbugGJbn10wipNX5']
Paulo Londra,3vQ0GE3mI0dAaxIMYe5g7z,Bizarrap,716NhGYqD1jl2wI1Qkgq36,1,['2uky0VCI2EZni0nArOPznM']
MACHETE,7Do8se3ZoaVqUt3woqqSrD,Fabri Fibra,7u710e44HW3K7A5eTnRqHC,2,"['2umL0eO9N7iNxDay6i2rVi', '3Hh0ZcGIqIkSiJVZGLcVLx']"
Massimo Pericolo,1El4YQA8oCXX7ynFSxRTFq,MACHETE,7Do8se3ZoaVqUt3woqqSrD,1,['2umL0eO9N7iNxDay6i2rVi']
Massimo Pericolo,1El4YQA8oCXX7ynFSxRTFq,Fabri Fibra,7u710e44HW3K7A5eTnRqHC,1,['2umL0eO9N7iNxDay6i2rVi']
Drake,3TVXtAsR1Inumwj472S9r4,J. Cole,6l3HvQ5sa6mXTsMTB19rO5,3,"['2ut4BOQSqxLpcX5MtPjzYa', '2xUHiyGeGrWmmfv7NbDTWC', '7aqfrAY2p9BUSiupwk3svU']"
Lil Peep,2kCcBybjl3SAtIcwdWpUe3,ILOVEMAKONNEN,3aGFCoR8xGN6DKwvdzeSja,1,['2v5JTeM6hSmi5wWy7jiwrI']
Lil Peep,2kCcBybjl3SAtIcwdWpUe3,Fall Out Boy,4UXqAaa6dQYAk18Lv7PEgX,1,['2v5JTeM6hSmi5wWy7jiwrI']
ILOVEMAKONNEN,3aGFCoR8xGN6DKwvdzeSja,Fall Out Boy,4UXqAaa6dQYAk18Lv7PEgX,1,['2v5JTeM6hSmi5wWy7jiwrI']
Shakira,0EmeFodog0BfCgMzAIvKQp,Black Eyed Peas,1yxSLGMDHlW21z4YXirZDS,2,"['2vBET2pmrQqafaS6zIaYta', '4UyVCLbNG8yhrqbzeSmdho']"
KALUSH,46rVVJwHWNS7C7MaWXd842,Kalush Orchestra,6fNkvAT7XRYuIynD5RTSLf,1,['2vHzOWRKYPLu8umRPIFuOq']
Lil Tecca,4Ga1P7PMIsmqEZqhYZQgDo,Internet Money,6MPCFvOQv5cIGfw3jODMF0,3,"['2vl0D1b0M6UHlD1Fjh5j1m', '735RSTb2xbtWbDtKD9XDYi', '7rTzrRdc5UbvLr0gwI1J3E']"
Lil Mosey,5zctI4wO9XSKS8XwcnqEHk,Internet Money,6MPCFvOQv5cIGfw3jODMF0,1,['2vl0D1b0M6UHlD1Fjh5j1m']
Lil Tecca,4Ga1P7PMIsmqEZqhYZQgDo,Lil Mosey,5zctI4wO9XSKS8XwcnqEHk,1,['2vl0D1b0M6UHlD1Fjh5j1m']
Aventura,1qto4hHid1P71emI6Fd8xi,Bad Bunny,4q3ewBCX7sLwd24euuV69X,1,['2vmfvSoZBFAt9hhRoEByLi']
Sebastian Yatra,07YUOmWljBTXwIseAUd9TW,Reik,0vR2qb8m9WHeZ5ByCbimq2,1,['2vrpcQNg6itmgVZWsNjWe0']
Bad Bunny,4q3ewBCX7sLwd24euuV69X,Enrique Iglesias,7qG3b048QCHVRO5Pv1T5lw,1,['2vvdTrdryjsl8DmPIMDWZU']
Ari Lennox,1vaQ6v3pOFxAIrFoPrAcom,J. Cole,6l3HvQ5sa6mXTsMTB19rO5,1,['2w5BtuWXISpB6NM4xPoeiR']
Young Dro,3ZooCJzNMTLpmJaIRUEorI,J. Cole,6l3HvQ5sa6mXTsMTB19rO5,1,['2w5BtuWXISpB6NM4xPoeiR']
Gucci Mane,13y7CgLHjMVRMDqxdx0Xdo,J. Cole,6l3HvQ5sa6mXTsMTB19rO5,1,['2w5BtuWXISpB6NM4xPoeiR']
Ari Lennox,1vaQ6v3pOFxAIrFoPrAcom,Young Dro,3ZooCJzNMTLpmJaIRUEorI,1,['2w5BtuWXISpB6NM4xPoeiR']
Gucci Mane,13y7CgLHjMVRMDqxdx0Xdo,Ari Lennox,1vaQ6v3pOFxAIrFoPrAcom,1,['2w5BtuWXISpB6NM4xPoeiR']
Gucci Mane,13y7CgLHjMVRMDqxdx0Xdo,Young Dro,3ZooCJzNMTLpmJaIRUEorI,1,['2w5BtuWXISpB6NM4xPoeiR']
Selena Gomez,0C8ZW7ezQVs4URX5aX7Kqx,Cashmere Cat,2LZDXcxJWgsJfKXZv9a5eG,1,['2wDjpPW3HZdA9quPPmZAMu']
Selena Gomez,0C8ZW7ezQVs4URX5aX7Kqx,Tory Lanez,2jku7tDXc6XoB6MO2hFuqg,1,['2wDjpPW3HZdA9quPPmZAMu']
Will Smith,41qil2VaGbD194gaEcmmyx,Marc Anthony,4wLXwxDeWQ8mtUIRPxGiD6,1,['2wRkBumdItthjYP9XknImg']
Bad Bunny,4q3ewBCX7sLwd24euuV69X,Marc Anthony,4wLXwxDeWQ8mtUIRPxGiD6,1,['2wRkBumdItthjYP9XknImg']
Will Smith,41qil2VaGbD194gaEcmmyx,Bad Bunny,4q3ewBCX7sLwd24euuV69X,1,['2wRkBumdItthjYP9XknImg']
Marília Mendonça,1yR65psqiazQpeM79CcGh8,George Henrique & Rodrigo,3FlCKtwOEYQQYyGVEbxG2Z,1,['2wSCalnGOnXdAJC0Fn8OUY']
Future,1RyvyyTE3xzB2ZywiAwp0i,Lil Baby,5f7VJjfbwm532GiveGC0ZK,7,"['2wZjsbwmWfNVslgV5afl1L', '2wdgjxZPgtrPd8OUqMSuYh', '4Qd0pa3JO76UEwhos9JmN0', '4iiWcajF1fEUpwcUewc464', '6AyWdCtEn1DdxjnxPeojR2', '6J9ULUfgdVZfWnofbtLkfh', '6pr7X9UZCDn8CruopaNVha']"
SoFaygo,2SJhf6rTOU53g8yBdAjPby,Trippie Redd,6Xgp2XMz1fhVYe7i6yNAax,1,['2wbcBAG51wD8fQw8ykL2Ab']
Cosculluela,00me4Ke1LsvMxt5kydlMyU,Sebastian Yatra,07YUOmWljBTXwIseAUd9TW,1,['2webQDZmtGioeu3zUUi9We']
Sebastian Yatra,07YUOmWljBTXwIseAUd9TW,Cali Y El Dandee,5DUlefCLzVRzNWaNURTFpK,1,['2webQDZmtGioeu3zUUi9We']
Cosculluela,00me4Ke1LsvMxt5kydlMyU,Cali Y El Dandee,5DUlefCLzVRzNWaNURTFpK,1,['2webQDZmtGioeu3zUUi9We']
Justin Bieber,1uNFoZAHBGtllmzznpCI3s,Dan + Shay,7z5WFjZAIYejWy0NI5lv4T,1,['2wrJq5XKLnmhRXHIAf9xBa']
Taylor Swift,06HL4z0CvFAxyc27GXpf02,Ed Sheeran,6eUKZXaKkcviH0Ku9w2n3V,4,"['2x0WlnmfG39ZuDmstl9xfX', '4IQkfUsrwXol38VV3U7t7T', '6N1K5OVVCopBjGViHs2IvP', '7qEUFOVcxRI19tbT68JcYK']"
Taylor Swift,06HL4z0CvFAxyc27GXpf02,Future,1RyvyyTE3xzB2ZywiAwp0i,1,['2x0WlnmfG39ZuDmstl9xfX']
Future,1RyvyyTE3xzB2ZywiAwp0i,Ed Sheeran,6eUKZXaKkcviH0Ku9w2n3V,1,['2x0WlnmfG39ZuDmstl9xfX']
The Greatest Showman Ensemble,63nv0hWWDob56Rk8GlNpN8,Keala Settle,7HV2RI2qNug4EcQqLbCAKS,3,"['2xGjteMU3E1tkEPVFBO08U', '43ay9lQZ5rfNcOOHhRF2cM', '5xNUR50KxswPRAvx7S163g']"
Julia Michaels,0ZED1XzwlLHW4ZaG4lOT6m,Clean Bandit,6MDME20pz9RveH9rEXvrOM,1,['2xmrfQpmS2iJExTlklLoAL']
Bryson Tiller,2EMAnMvWE2eb56ToJVfCWs,Summer Walker,57LYzLEk2LcFghVwuWbcuS,1,['2xyx0o4xNOLLjBSbOOdcbA']
Kanye West,5K4W6rqBFWDnAN6FQUkS6x,André 3000,74V3dE1a51skRkdII8y2C6,1,['2yBb1CRq98SSWRuDSn36SZ']
JAY-Z,3nFkdlSjzX9mRTtwJOzDYB,Rihanna,5pKCCKE2ajJHZ9KAiaK11H,2,"['2yPoXCs7BSIUrucMdK5PzV', '7LR85XLWw2yXqKBSI5brbG']"
Future,1RyvyyTE3xzB2ZywiAwp0i,Jhené Aiko,5ZS223C6JyBfXasXxrRqOk,1,['2yUy5eFAFWAichjrySJWA2']
Miguel,360IAlyVv4PCEVjgyMZrxK,Jhené Aiko,5ZS223C6JyBfXasXxrRqOk,1,['2yUy5eFAFWAichjrySJWA2']
Future,1RyvyyTE3xzB2ZywiAwp0i,Miguel,360IAlyVv4PCEVjgyMZrxK,1,['2yUy5eFAFWAichjrySJWA2']
JVKE,164Uj4eKjl6zTBKfJLFKKK,Charlie Puth,6VuMaDnrHyPL1p4EHjYLi7,1,['2yjeXq5ahx6UUg2rHaUe6X']
Jimin,1oSPZhvZMIrWW5I41kPkkY,Charlie Puth,6VuMaDnrHyPL1p4EHjYLi7,1,['2yjeXq5ahx6UUg2rHaUe6X']
Charlie Puth,6VuMaDnrHyPL1p4EHjYLi7,Muni Long,7tjVFCxJdwT4NdrTmjyjQ6,1,['2yjeXq5ahx6UUg2rHaUe6X']
Fast & Furious: The Fast Saga,1lpOgw56wZLDa8gaP6bSIs,Charlie Puth,6VuMaDnrHyPL1p4EHjYLi7,1,['2yjeXq5ahx6UUg2rHaUe6X']
Jax Jones,4Q6nIcaBED8qUel8bBx6Cr,Demi Lovato,6S2OmqARrzebs0tKUEyXyp,1,['2ytH5wDuqhgLTiDVYioteq']
Stefflon Don,2ExGrw6XpbtUAJHTLtUXUD,Jax Jones,4Q6nIcaBED8qUel8bBx6Cr,1,['2ytH5wDuqhgLTiDVYioteq']
Stefflon Don,2ExGrw6XpbtUAJHTLtUXUD,Demi Lovato,6S2OmqARrzebs0tKUEyXyp,1,['2ytH5wDuqhgLTiDVYioteq']
Gucci Mane,13y7CgLHjMVRMDqxdx0Xdo,The Weeknd,1Xyo4u8uXC1ZmMpatF05PJ,1,['2yuyaYAELoMG4ApV5wJsWR']
Bad Bunny,4q3ewBCX7sLwd24euuV69X,Grupo Frontera,6XkjpgcEsYab502Vr1bBeW,1,['2yzshFeBIwH8tWIqHEFLeD']
Jason Derulo,07YZf4WDAMNwqr4jfgOZ8y,French Montana,6vXTefBL93Dj5IqAWq6OTv,1,['2z4pcBLQXF2BXKFvd0BuB6']
Reik,0vR2qb8m9WHeZ5ByCbimq2,Maluma,1r4hJ1h58CWwUQe3MxPuau,1,['2zDj4WjbNDmrRL6Z4YjjCA']
Logic,4xRYI6VqpkE3UwrDrAZL8L,Hailee Steinfeld,5p7f24Rk5HkUZsaS3BLG5F,1,['2zIAPysksDdMAiG33qH6kW']
Kiiara,4u5smJBskI6Adzv08PuiUP,Cheat Codes,7DMveApC7UnC2NPfPvlHSU,1,['2zLIP4R6Yt3afkyh7uhmar']
Jack The Smoker,0vZAzVAFQL1gKLBPfnXMaS,MACHETE,7Do8se3ZoaVqUt3woqqSrD,1,['2zVawCwOXmkr5pFw5O6MoB']
Beba,6ZpOQK1OKdCybuOgMkdbUh,MACHETE,7Do8se3ZoaVqUt3woqqSrD,1,['2zVawCwOXmkr5pFw5O6MoB']
Jack The Smoker,0vZAzVAFQL1gKLBPfnXMaS,Beba,6ZpOQK1OKdCybuOgMkdbUh,1,['2zVawCwOXmkr5pFw5O6MoB']
Jack The Smoker,0vZAzVAFQL1gKLBPfnXMaS,Salmo,3hBQ4zniNdQf1cqqo6hzuW,1,['2zVawCwOXmkr5pFw5O6MoB']
Salmo,3hBQ4zniNdQf1cqqo6hzuW,Beba,6ZpOQK1OKdCybuOgMkdbUh,1,['2zVawCwOXmkr5pFw5O6MoB']
Charli xcx,25uiPmTg16RbhZWAqwLBy5,Bb trickz,5QS9NAK4AgJPTcRe472pZA,1,['2zbtUOuh8lREqhg8JCRrhs']
Mustard,0YinUQ50QDB7ZxSCLyQ40k,NAV,7rkW85dBwwrJtlHRDkJDAC,1,['2zjGJ0dChMR0KxBZS15aqo']
Mustard,0YinUQ50QDB7ZxSCLyQ40k,Playboi Carti,699OTQXzgjhIYAHMy9RyPD,1,['2zjGJ0dChMR0KxBZS15aqo']
Mustard,0YinUQ50QDB7ZxSCLyQ40k,A Boogie Wit da Hoodie,31W5EY0aAly4Qieq6OFu6I,1,['2zjGJ0dChMR0KxBZS15aqo']
Playboi Carti,699OTQXzgjhIYAHMy9RyPD,NAV,7rkW85dBwwrJtlHRDkJDAC,1,['2zjGJ0dChMR0KxBZS15aqo']
A Boogie Wit da Hoodie,31W5EY0aAly4Qieq6OFu6I,NAV,7rkW85dBwwrJtlHRDkJDAC,2,"['2zjGJ0dChMR0KxBZS15aqo', '5rurggqwwudn9clMdcchxT']"
A Boogie Wit da Hoodie,31W5EY0aAly4Qieq6OFu6I,Playboi Carti,699OTQXzgjhIYAHMy9RyPD,1,['2zjGJ0dChMR0KxBZS15aqo']
Stormzy,2SrSdSvpminqmStGELCSNd,Dave,6Ip8FS7vWT1uKkJSweANQK,1,['2zxEc1GCSCxbHIXTfhraRC']
David Guetta,1Cs0zKBU1kc0i8ypK3B9ai,Anne-Marie,1zNqDE7qDGCsyzJwohVaoX,2,"['2zy9TMoZlYGuCNY4TLqG24', '3BKD1PwArikchz2Zrlp1qi']"
Metro Boomin,0iEtIxbK0KxaSlF7G42ZOp,Drake,3TVXtAsR1Inumwj472S9r4,2,"['304CtPEPYQS6hbM4CubVti', '4Q34FP1AT7GEl9oLgNtiWj']"
Drake,3TVXtAsR1Inumwj472S9r4,Offset,4DdkRBBYG6Yk9Ka8tdJ9BW,1,['304CtPEPYQS6hbM4CubVti']
DHH Music,0hzQQfSPwlpMbuX8NtDXJb,AUR,6nzBJKAH98XFo8QPmu3TKN,1,['30gZdbnMXujDVRfl6jYrhC']
Noriel,3RtNN1VnooWEn3KQk03DUL,Leslie Grace,6BeO1KuAWBqFriL1mLHtNc,1,['31M5m42C3EGlbydf9XB5to']
Nekfeu,4LXBc13z5EWsc5N32bLxfH,Nemir,5f6nz3iqzrfiUfKOIKvLvd,1,['31ljIjVJOgopnyNposqPhm']
Joey Bada$$,2P5sC9cVZDToPxyomzF1UH,ScHoolboy Q,5IcR3N7QB1j6KBL8eImZ8m,1,['31mqc7EKPsJf3pe6H5jEfC']
Tate McRae,45dkTj5sMRSjrmBSBeiHym,Khalid,6LuN9FCkKOj5PcnpouEgny,1,['31sSFHIe4NaxltVFOEIcTa']
Bruno Mars,0du5cEVh5yTK9QJze8zA0C,Mark Ronson,3hv9jJF3adDNsBSIQDqcjp,1,['32OlwWuMpZ6b0aN2RZOeMS']
Lous and The Yakuza,2HPiMwJktBXqakN0hnON2R,Damso,2UwqpfQtNuhBwviIC0f2ie,1,['32arZ09m8FH1vTNJn2xdmH']
Offset,4DdkRBBYG6Yk9Ka8tdJ9BW,J. Cole,6l3HvQ5sa6mXTsMTB19rO5,1,['32iPykTXUNZ9oGyACGUybq']
Lil Pump,3wyVrVrFCkukjdVIdirGVY,Lil Yachty,6icQOAFXDZKsumw3YXyusw,2,"['32zhF8yXc1lej5EcudJXp7', '3ALgsy4RtDm58xl3VNoSgZ']"
David Guetta,1Cs0zKBU1kc0i8ypK3B9ai,OneRepublic,5Pwc4xIPtQLFEnJriah9YJ,1,['331l3xABO0HMr1Kkyh2LZq']
Chance the Rapper,1anyVhU62p31KFi8MEzkbf,En Vogue,5fikk4h5qbEebqK2Fc6e48,1,['333OkWOgbV6C8I5wRLfuSx']
Chance the Rapper,1anyVhU62p31KFi8MEzkbf,Ari Lennox,1vaQ6v3pOFxAIrFoPrAcom,1,['333OkWOgbV6C8I5wRLfuSx']
Chance the Rapper,1anyVhU62p31KFi8MEzkbf,Kierra Sheard,4x3CdMQ3YjnPn4Evhyni5y,1,['333OkWOgbV6C8I5wRLfuSx']
Ari Lennox,1vaQ6v3pOFxAIrFoPrAcom,En Vogue,5fikk4h5qbEebqK2Fc6e48,1,['333OkWOgbV6C8I5wRLfuSx']
Kierra Sheard,4x3CdMQ3YjnPn4Evhyni5y,En Vogue,5fikk4h5qbEebqK2Fc6e48,1,['333OkWOgbV6C8I5wRLfuSx']
Ari Lennox,1vaQ6v3pOFxAIrFoPrAcom,Kierra Sheard,4x3CdMQ3YjnPn4Evhyni5y,1,['333OkWOgbV6C8I5wRLfuSx']
Louis Armstrong,19eLuQmk9aCobbVDHc6eek,The Commanders,3VrWSWV74xyECVDt2zBy4T,1,['33GkcZ89Aj254FaJoFwCl9']
Big Sean,0c173mlxpT3dSFRgMO8XPh,Post Malone,246dkjvS1zLTtiykXe5h60,1,['33gwZOGJWEZ7dRWPqPxBEZ']
Wiz Khalifa,137W8MRPWKqSmrBGDBFSop,Ty Dolla $ign,7c0XG5cIJTrrAgEC3ULPiq,2,"['33z5crv3IO5U2BOi8xod92', '4dASQiO1Eoo3RJvt74FtXB']"
thasup,19i93sA0D7yS9dYoVNBqAA,Gemitaiz,4upwdFMlZBmQ68jP9jPzjK,1,['34UHhwlly3SHryWuVfMOJm']
thasup,19i93sA0D7yS9dYoVNBqAA,MadMan,3MkkSf3u5KU52Mb2iMrqeX,1,['34UHhwlly3SHryWuVfMOJm']
blackbear,2cFrymmkijnjDg9SS92EPM,Kane Brown,3oSJ7TBVCWMDMiYjXNiCKE,1,['34chhNX59Wo9HMFCsI3K8Y']
RM,2auC28zjQyVTsiZKNgPRGs,Colde,3VQDqjQ4wJyw8PzpGdlZpB,1,['34o6gteNy2T5rieA0xYAgo']
Craig David,2JyWXPbkqI5ZJa3gwqVa0c,Bastille,7EQ0qTo7fWT7DPxmxtSYEc,1,['34t13rSSZtr22CjcmroMmh']
Manu,0CdnnCbbKD4oIzBmxi2o7r,Simone Mendes,2eK9gcJQ6uqVvJL63dnOM3,1,['35D06z7kmwMmYYbyJ0BkSm']
Doechii,4E2rKHVDssGJm2SCDOMMJB,Tyler The Creator,4V8LLVI7PbaPR0K2TGSxFF,1,['35D1RA5uVFVhMc1qX80TaQ']
Meek Mill,20sxb77xiYeusSH8cVdatc,Kodak Black,46SHBwWsqBkxI7EeeBEQG7,1,['35J4wXQeRuHNOEArMy6FOe']
Sech,77ziqFxp5gaInVrF2lj4ht,ROSALÍA,7ltDVBr6mKbRvohxheJ9h1,1,['35UUpTmrcFXNIVIN26ujXl']
Farruko,329e4yvIujISKGKz1BZZbO,Sech,77ziqFxp5gaInVrF2lj4ht,5,"['35UUpTmrcFXNIVIN26ujXl', '3dWpRjCmaHbroNahuSeX11', '684EjRHwNsZQ9hCQxL4NYL', '6K5BsR04ijf3FHNzjbaagD', '7fODjB7BrQTGqh0hogW6XD']"
Daddy Yankee,4VMYDCV2IEDYJArk749S6m,ROSALÍA,7ltDVBr6mKbRvohxheJ9h1,1,['35UUpTmrcFXNIVIN26ujXl']
Farruko,329e4yvIujISKGKz1BZZbO,Daddy Yankee,4VMYDCV2IEDYJArk749S6m,3,"['35UUpTmrcFXNIVIN26ujXl', '5q2JbCNi4FcnglgPfxcV65', '7mWFF4gPADjTQjC97CgFVt']"
J Balvin,1vyhD5VmyZ7KMfW5gqLgo5,Farruko,329e4yvIujISKGKz1BZZbO,2,"['35UUpTmrcFXNIVIN26ujXl', '7mWFF4gPADjTQjC97CgFVt']"
Farruko,329e4yvIujISKGKz1BZZbO,ROSALÍA,7ltDVBr6mKbRvohxheJ9h1,1,['35UUpTmrcFXNIVIN26ujXl']
Mozzy,4AA474G2hRfrHyGrfyDseO,Sjava,4RfOLIFy2xEmlWzXEVmLJn,1,['35cOyocq8Gb6UcT0NWeTwn']
Mozzy,4AA474G2hRfrHyGrfyDseO,REASON,6XpXnnKHIhCOUbOLOJGe6o,1,['35cOyocq8Gb6UcT0NWeTwn']
Sjava,4RfOLIFy2xEmlWzXEVmLJn,REASON,6XpXnnKHIhCOUbOLOJGe6o,1,['35cOyocq8Gb6UcT0NWeTwn']
Bausa,13bDjug9N0pyv3ZUINjkDV,Summer Cem,3drqpTL4sQOckmAfF9i1wg,1,['35lIK2q78MSgv3Abb4qAjk']
A Boogie Wit da Hoodie,31W5EY0aAly4Qieq6OFu6I,Lil Uzi Vert,4O15NlyKLIASxsJ0PrXPfz,2,"['364spZLB5bhNlnPrzvUB41', '5Tj4faD9lGyMw8ZatUYR6G']"
Selena Gomez,0C8ZW7ezQVs4URX5aX7Kqx,Myke Towers,7iK8PXO48WeuP03g8YR51W,1,['36CiGk9oRdwTnBDMgKEfjl']
Dreamville,1iNqsUDUraNWrj00bqssQG,Bas,70gP6Ry4Uo0Yx6uzPIdaiJ,2,"['36J0iaPDGbYGsHvYpaYs3k', '5WnfnSpuNEGXyEt78PBA6d']"
Dreamville,1iNqsUDUraNWrj00bqssQG,Young Nudy,5yPzzu25VzEk8qrGTLIrE1,2,"['36J0iaPDGbYGsHvYpaYs3k', '3pZO6GoVPeSYDxxsH6vCdj']"
JID,6U3ybJ9UHNKEdsH7ktGBZ7,Bas,70gP6Ry4Uo0Yx6uzPIdaiJ,2,"['36J0iaPDGbYGsHvYpaYs3k', '5WnfnSpuNEGXyEt78PBA6d']"
Young Nudy,5yPzzu25VzEk8qrGTLIrE1,JID,6U3ybJ9UHNKEdsH7ktGBZ7,1,['36J0iaPDGbYGsHvYpaYs3k']
EARTHGANG,5MbNzCW3qokGyoo9giHA3V,Bas,70gP6Ry4Uo0Yx6uzPIdaiJ,1,['36J0iaPDGbYGsHvYpaYs3k']
Young Nudy,5yPzzu25VzEk8qrGTLIrE1,Bas,70gP6Ry4Uo0Yx6uzPIdaiJ,1,['36J0iaPDGbYGsHvYpaYs3k']
EARTHGANG,5MbNzCW3qokGyoo9giHA3V,J. Cole,6l3HvQ5sa6mXTsMTB19rO5,1,['36J0iaPDGbYGsHvYpaYs3k']
Young Nudy,5yPzzu25VzEk8qrGTLIrE1,J. Cole,6l3HvQ5sa6mXTsMTB19rO5,2,"['36J0iaPDGbYGsHvYpaYs3k', '3pZO6GoVPeSYDxxsH6vCdj']"
EARTHGANG,5MbNzCW3qokGyoo9giHA3V,Young Nudy,5yPzzu25VzEk8qrGTLIrE1,1,['36J0iaPDGbYGsHvYpaYs3k']
Logic,4xRYI6VqpkE3UwrDrAZL8L,Joyner Lucas,6C1ohJrd5VydigQtaGy5Wa,1,['36TO60sxDduIsO3xH8IcUh']
Tiësto,2o5jDhtHVPhrJdv3cEQ99Z,Tate McRae,45dkTj5sMRSjrmBSBeiHym,1,['36gcliMRX1vCpgnrZE3dFZ']
Sam Feldt,20gsENnposVs2I4rQ5kvrf,RANI,3SYnDj7btg9gFY7ps8m5d5,1,['36orMWv2PgvnzXsd5CJ0yL']
Travis Barker,4exLIFE8sISLr28sqG1qNX,iann dior,6ASri4ePR7RlsvIQgWPJpS,1,['36uNbyvWCUwSk3AnpQmu2I']
Drake,3TVXtAsR1Inumwj472S9r4,Lil Baby,5f7VJjfbwm532GiveGC0ZK,7,"['37Nqx7iavZpotJSDXZWbJ3', '4Qd0pa3JO76UEwhos9JmN0', '4iiWcajF1fEUpwcUewc464', '65OVbaJR5O1RmwOQx0875b', '6vN77lE9LK6HP2DewaN6HZ', '6wWaVoUOzLQJHd3bWAUpdZ', '7Ddk8FhoYKdsVoX9AOCPMm']"
J Balvin,1vyhD5VmyZ7KMfW5gqLgo5,Sean Paul,3Isy6kedDrgPYoTS1dazA9,1,['37eGbhE1xVFSvcKkqGb6i1']
Stray Kids,2dIgFjalVxs4ThymZ67YCE,Young Miko,3qsKSpcV3ncke3hw52JSMB,1,['37ozVDmL5b6NNVWFYgAlkz']
Stray Kids,2dIgFjalVxs4ThymZ67YCE,Arcane,57nPqD7z62gDdq37US9XJR,1,['37ozVDmL5b6NNVWFYgAlkz']
Stray Kids,2dIgFjalVxs4ThymZ67YCE,Tom Morello,74NBPbyyftqJ4SpDZ4c1Ed,1,['37ozVDmL5b6NNVWFYgAlkz']
Stray Kids,2dIgFjalVxs4ThymZ67YCE,League of Legends,47mIJdHORyRerp4os813jD,1,['37ozVDmL5b6NNVWFYgAlkz']
Young Miko,3qsKSpcV3ncke3hw52JSMB,Arcane,57nPqD7z62gDdq37US9XJR,1,['37ozVDmL5b6NNVWFYgAlkz']
Young Miko,3qsKSpcV3ncke3hw52JSMB,Tom Morello,74NBPbyyftqJ4SpDZ4c1Ed,1,['37ozVDmL5b6NNVWFYgAlkz']
Young Miko,3qsKSpcV3ncke3hw52JSMB,League of Legends,47mIJdHORyRerp4os813jD,1,['37ozVDmL5b6NNVWFYgAlkz']
Arcane,57nPqD7z62gDdq37US9XJR,Tom Morello,74NBPbyyftqJ4SpDZ4c1Ed,1,['37ozVDmL5b6NNVWFYgAlkz']
League of Legends,47mIJdHORyRerp4os813jD,Tom Morello,74NBPbyyftqJ4SpDZ4c1Ed,1,['37ozVDmL5b6NNVWFYgAlkz']
Luciano,3CJKkU0XuElRT1z8rEtIYg,Lil Zey,7Gx2wDVHyW5HJh7dc2t5h7,1,['37yAd2kwEI9axbB6UznrOQ']
Gucci Mane,13y7CgLHjMVRMDqxdx0Xdo,Lil Pump,3wyVrVrFCkukjdVIdirGVY,1,['384Oc8MQzITdL2DGyCeivN']
Nicki Minaj,0hCNtLu0JehylgoiP8L4Gh,Labrinth,2feDdbD5araYcm6JhFHHw7,1,['38TgLPNHsPzgqri5G4SPun']
Nicki Minaj,0hCNtLu0JehylgoiP8L4Gh,Eminem,7dGJo4pcD2V6oG8kP0tJRR,1,['38TgLPNHsPzgqri5G4SPun']
Labrinth,2feDdbD5araYcm6JhFHHw7,Eminem,7dGJo4pcD2V6oG8kP0tJRR,1,['38TgLPNHsPzgqri5G4SPun']
Gorillaz,3AA28KZvwAUcZuOKwyblJQ,Bad Bunny,4q3ewBCX7sLwd24euuV69X,1,['38UYeBLfvpnDSG9GznZdnL']
DaBaby,4r63FhuTkUYltbVAg5TQnk,Polo G,6AgTAQt8XS6jRWi4sX7w49,1,['38Z8SRBxln5pP7yWLqRYwC']
Kid Cudi,0fA0VVWsXO9YnASrzqfmYu,Eminem,7dGJo4pcD2V6oG8kP0tJRR,1,['38iBrrbbXyWaSPkmuDNgjZ']
Capital Bra,4WZGDpNwrC0vNQyl9QzF7d,KC Rebell,5p7mWeX4RlvqBCxylfiXdE,3,"['38lQ7lYhN3eSWepnZHaiBF', '4BD9yUEFI07WaDJ381DDMq', '5PAAUJTKLT0nCmHUlLdPXb']"
Meek Mill,20sxb77xiYeusSH8cVdatc,Tory Lanez,2jku7tDXc6XoB6MO2hFuqg,1,['39Bq9cOTO0H8M6P9iKLVdq']
Eliza Rose,4XC335ouK6pXyq4QiIb8bP,Interplanetary Criminal,6uJ51uV5rYzu1MJkC4CceI,1,['39JofJHEtg8I4fSyo7Imft']
Metro Boomin,0iEtIxbK0KxaSlF7G42ZOp,Lil Wayne,55Aa2cqylxrFIXC767Z865,1,['39MK3d3fonIP8Mz9oHCTBB']
Swae Lee,1zNqQNIdeOUZHb8zbZRFMX,Lil Wayne,55Aa2cqylxrFIXC767Z865,1,['39MK3d3fonIP8Mz9oHCTBB']
Swae Lee,1zNqQNIdeOUZHb8zbZRFMX,Offset,4DdkRBBYG6Yk9Ka8tdJ9BW,1,['39MK3d3fonIP8Mz9oHCTBB']
Offset,4DdkRBBYG6Yk9Ka8tdJ9BW,Lil Wayne,55Aa2cqylxrFIXC767Z865,1,['39MK3d3fonIP8Mz9oHCTBB']
Future,1RyvyyTE3xzB2ZywiAwp0i,Kodak Black,46SHBwWsqBkxI7EeeBEQG7,2,"['39YXI3na4MIpVZhJj3GFi7', '6CwTHNCzgkq41m11iPpzsf']"
Travis Scott,0Y5tJX1MQlPlqiwlOH1tJY,THE SCOTTS,2PaZWGu5T5nHjY2xxAkFsT,1,['39Yp9wwQiSRIDOvrVg7mbk']
Kid Cudi,0fA0VVWsXO9YnASrzqfmYu,THE SCOTTS,2PaZWGu5T5nHjY2xxAkFsT,1,['39Yp9wwQiSRIDOvrVg7mbk']
Joji,3MZsBdqDrRTJihTHQrO6Dq,Clams Casino,5vSQUyT33qxr1xAX2Tkf3A,1,['39oeKRgsLeynDIbWuXyA47']
Gucci Mane,13y7CgLHjMVRMDqxdx0Xdo,2 Chainz,17lzZA2AlOHwCwFALHttmp,3,"['39pS70eeDvyCAF3t8NAlVV', '3zxiTHxE4MxwuYf8aLQ9ax', '5smaUuzvwMXtiuBPvzVBLE']"
Quavo,0VRj0yCOv2FXJNP47XQnx5,2 Chainz,17lzZA2AlOHwCwFALHttmp,2,"['39pS70eeDvyCAF3t8NAlVV', '5S1IUPueD0xE0vj4zU3nSf']"
Imanbek,5rGrDvrLOV2VV8SCFVGWlj,Marshmello,64KEffDW9EtZ1y2vBYgq8T,1,['39umHdGKfpnjY4TFtnoQ51']
USHER,23zg3TcAtWQy7J6upgbUnj,Marshmello,64KEffDW9EtZ1y2vBYgq8T,1,['39umHdGKfpnjY4TFtnoQ51']
USHER,23zg3TcAtWQy7J6upgbUnj,Imanbek,5rGrDvrLOV2VV8SCFVGWlj,1,['39umHdGKfpnjY4TFtnoQ51']
YG,0A0FS04o6zMoto8OKPsDwY,Nipsey Hussle,0EeQBlQJFiAfJeVN2vT9s0,2,"['39xWBHPM4E9MwzEy5gbM7p', '6k0DJqW2v2e4809Z1zN0YU']"
Morad,4az97MtWmBQ5Db3GfDh9j9,Bizarrap,716NhGYqD1jl2wI1Qkgq36,1,['39yyHtQ4tkjZzd8TfIBKQw']
David Guetta,1Cs0zKBU1kc0i8ypK3B9ai,Justin Bieber,1uNFoZAHBGtllmzznpCI3s,1,['3A7qX2QjDlPnazUsRk5y0M']
Offset,4DdkRBBYG6Yk9Ka8tdJ9BW,Lil Yachty,6icQOAFXDZKsumw3YXyusw,2,"['3ALgsy4RtDm58xl3VNoSgZ', '3LR0t8XqZ1FUj6nj01sXN0']"
Lil Pump,3wyVrVrFCkukjdVIdirGVY,Offset,4DdkRBBYG6Yk9Ka8tdJ9BW,1,['3ALgsy4RtDm58xl3VNoSgZ']
Becky G,4obzFoKoKRHIphyHzJ35G3,TINI,7vXDAI8JwjW531ouMGbfcp,1,['3AbNNvo2OmyeDMvRBgf9vk']
Anitta,7FNnA9vBm6EKceENgCGRMb,TINI,7vXDAI8JwjW531ouMGbfcp,1,['3AbNNvo2OmyeDMvRBgf9vk']
Becky G,4obzFoKoKRHIphyHzJ35G3,Anitta,7FNnA9vBm6EKceENgCGRMb,1,['3AbNNvo2OmyeDMvRBgf9vk']
Dyo,4H1PNuHElBLVok0lnYMrRb,NEIKED,5H6xmHXjsq98NLbEjuE29f,1,['3AsAuGTaDQzavZZThyYlop']
Edgardo Nuñez,0mA4dkNGiN4fqTBi2SLlAv,Peso Pluma,12GqGscKJx3aE4t07u7eVZ,1,['3B0swL7Qil9bB7eKzBREBK']
Peso Pluma,12GqGscKJx3aE4t07u7eVZ,Los Dareyes De La Sierra,1ZMJSCQw8DIefcLb1FIpY0,1,['3B0swL7Qil9bB7eKzBREBK']
Edgardo Nuñez,0mA4dkNGiN4fqTBi2SLlAv,Los Dareyes De La Sierra,1ZMJSCQw8DIefcLb1FIpY0,1,['3B0swL7Qil9bB7eKzBREBK']
Swae Lee,1zNqQNIdeOUZHb8zbZRFMX,French Montana,6vXTefBL93Dj5IqAWq6OTv,1,['3B54sVLJ402zGa6Xm4YGNe']
David Guetta,1Cs0zKBU1kc0i8ypK3B9ai,Coi Leray,6AMd49uBDJfhf30Ak2QR5s,1,['3BKD1PwArikchz2Zrlp1qi']
Anne-Marie,1zNqDE7qDGCsyzJwohVaoX,Coi Leray,6AMd49uBDJfhf30Ak2QR5s,1,['3BKD1PwArikchz2Zrlp1qi']
Zion & Lennox,21451j1KhjAiaYKflxBjr1,Don Omar,33ScadVnbm2X8kkUqOkC6Z,1,['3BY2mafsbsoKGqS380Xnuz']
Tina Turner,1zuJe6b1roixEKMOtyrEak,Kygo,23fqKkggKUBHNkbKtXEls4,1,['3Be7CLdHZpyzsVijme39cW']
2 Chainz,17lzZA2AlOHwCwFALHttmp,Migos,6oMuImdp5ZcFhWP0ESe6mG,2,"['3BvXHtUdGbfLOVxfRWn6NT', '4AlrLQ2RMxOwz1gTTkb4vQ']"
BLOODY VINYL,0VitAFMCI2apQxKzDjg1PU,Slait,2KXYAKQTxHuUHDtVgeGn6w,1,['3CHiuPXn9ufDJhVy1xI4Jf']
BLOODY VINYL,0VitAFMCI2apQxKzDjg1PU,MILES,1gs79u8PKkWAW1yfymbkTt,1,['3CHiuPXn9ufDJhVy1xI4Jf']
BLOODY VINYL,0VitAFMCI2apQxKzDjg1PU,Salmo,3hBQ4zniNdQf1cqqo6hzuW,1,['3CHiuPXn9ufDJhVy1xI4Jf']
BLOODY VINYL,0VitAFMCI2apQxKzDjg1PU,Taxi B,5FkcU4BVzPptuB6AjobZIL,1,['3CHiuPXn9ufDJhVy1xI4Jf']
BLOODY VINYL,0VitAFMCI2apQxKzDjg1PU,Greg Willen,51ltJZ6rB893AdzgCxSOV3,1,['3CHiuPXn9ufDJhVy1xI4Jf']
MILES,1gs79u8PKkWAW1yfymbkTt,Slait,2KXYAKQTxHuUHDtVgeGn6w,1,['3CHiuPXn9ufDJhVy1xI4Jf']
Slait,2KXYAKQTxHuUHDtVgeGn6w,Salmo,3hBQ4zniNdQf1cqqo6hzuW,1,['3CHiuPXn9ufDJhVy1xI4Jf']
Slait,2KXYAKQTxHuUHDtVgeGn6w,Taxi B,5FkcU4BVzPptuB6AjobZIL,1,['3CHiuPXn9ufDJhVy1xI4Jf']
Slait,2KXYAKQTxHuUHDtVgeGn6w,Greg Willen,51ltJZ6rB893AdzgCxSOV3,1,['3CHiuPXn9ufDJhVy1xI4Jf']
MILES,1gs79u8PKkWAW1yfymbkTt,Salmo,3hBQ4zniNdQf1cqqo6hzuW,1,['3CHiuPXn9ufDJhVy1xI4Jf']
MILES,1gs79u8PKkWAW1yfymbkTt,Taxi B,5FkcU4BVzPptuB6AjobZIL,1,['3CHiuPXn9ufDJhVy1xI4Jf']
MILES,1gs79u8PKkWAW1yfymbkTt,Greg Willen,51ltJZ6rB893AdzgCxSOV3,1,['3CHiuPXn9ufDJhVy1xI4Jf']
Salmo,3hBQ4zniNdQf1cqqo6hzuW,Taxi B,5FkcU4BVzPptuB6AjobZIL,1,['3CHiuPXn9ufDJhVy1xI4Jf']
Salmo,3hBQ4zniNdQf1cqqo6hzuW,Greg Willen,51ltJZ6rB893AdzgCxSOV3,1,['3CHiuPXn9ufDJhVy1xI4Jf']
Greg Willen,51ltJZ6rB893AdzgCxSOV3,Taxi B,5FkcU4BVzPptuB6AjobZIL,1,['3CHiuPXn9ufDJhVy1xI4Jf']
Imagine Dragons,53XhwfbYqKCa1cC15pYq2q,JID,6U3ybJ9UHNKEdsH7ktGBZ7,1,['3CIyK1V4JEJkg02E4EJnDl']
Imagine Dragons,53XhwfbYqKCa1cC15pYq2q,Arcane,57nPqD7z62gDdq37US9XJR,2,"['3CIyK1V4JEJkg02E4EJnDl', '5UlnuulVAVmmesw4VzqHdG']"
League of Legends,47mIJdHORyRerp4os813jD,Imagine Dragons,53XhwfbYqKCa1cC15pYq2q,2,"['3CIyK1V4JEJkg02E4EJnDl', '5UlnuulVAVmmesw4VzqHdG']"
Arcane,57nPqD7z62gDdq37US9XJR,JID,6U3ybJ9UHNKEdsH7ktGBZ7,1,['3CIyK1V4JEJkg02E4EJnDl']
League of Legends,47mIJdHORyRerp4os813jD,JID,6U3ybJ9UHNKEdsH7ktGBZ7,1,['3CIyK1V4JEJkg02E4EJnDl']
KXNG Crooked,6fFfnKGVI6X3lkCr8Qw1g1,Eminem,7dGJo4pcD2V6oG8kP0tJRR,1,['3CJbxqRQ0JNCqboWDNUUeX']
Joell Ortiz,1q13yHC6Syg5Y8iPLrRnCq,Eminem,7dGJo4pcD2V6oG8kP0tJRR,1,['3CJbxqRQ0JNCqboWDNUUeX']
"Royce Da 5'9""",6DVipHzYsPlIoA0DW8Gmns,KXNG Crooked,6fFfnKGVI6X3lkCr8Qw1g1,1,['3CJbxqRQ0JNCqboWDNUUeX']
Joell Ortiz,1q13yHC6Syg5Y8iPLrRnCq,KXNG Crooked,6fFfnKGVI6X3lkCr8Qw1g1,1,['3CJbxqRQ0JNCqboWDNUUeX']
Joell Ortiz,1q13yHC6Syg5Y8iPLrRnCq,"Royce Da 5'9""",6DVipHzYsPlIoA0DW8Gmns,1,['3CJbxqRQ0JNCqboWDNUUeX']
Russ Millions,3FoFW2AoUGRHBacC6i4x4p,Tion Wayne,7b79bQFziJFedJb75k6hFt,1,['3CVb6hkMrlF7eHhXi5B3PZ']
Gaby Music,1r3tpVQ08jFAA2P4xzV5o4,Lunay,47MpMsUfWtgyIIBEFOr4FE,2,"['3Cx4BsDd4q0GCVBJ5CAw2K', '4T4CZ3Q4z3GG7lU720YYhM']"
Gaby Music,1r3tpVQ08jFAA2P4xzV5o4,Luar La L,4axKuDPr6WKcDCyh8vueTY,1,['3Cx4BsDd4q0GCVBJ5CAw2K']
Lunay,47MpMsUfWtgyIIBEFOr4FE,Luar La L,4axKuDPr6WKcDCyh8vueTY,1,['3Cx4BsDd4q0GCVBJ5CAw2K']
Rudimental,4WN5naL3ofxrVBgFpguzKo,Major Lazer,738wLrAtLtCtFOLvQBXOXp,1,['3D1rlKmZdpYUeMtRRLNawc']
Anne-Marie,1zNqDE7qDGCsyzJwohVaoX,Rudimental,4WN5naL3ofxrVBgFpguzKo,1,['3D1rlKmZdpYUeMtRRLNawc']
Mr Eazi,4TAoP0f9OuWZUesao43xUW,Rudimental,4WN5naL3ofxrVBgFpguzKo,1,['3D1rlKmZdpYUeMtRRLNawc']
Anne-Marie,1zNqDE7qDGCsyzJwohVaoX,Major Lazer,738wLrAtLtCtFOLvQBXOXp,1,['3D1rlKmZdpYUeMtRRLNawc']
Anne-Marie,1zNqDE7qDGCsyzJwohVaoX,Mr Eazi,4TAoP0f9OuWZUesao43xUW,1,['3D1rlKmZdpYUeMtRRLNawc']
Swae Lee,1zNqQNIdeOUZHb8zbZRFMX,Miley Cyrus,5YGY8feqx7naU7z4HrwZM6,1,['3DB14jHq2qNoByUN5W2gz1']
Mike WiLL Made-It,0NWbwDZY1VkRqFafuQm6wk,Miley Cyrus,5YGY8feqx7naU7z4HrwZM6,1,['3DB14jHq2qNoByUN5W2gz1']
Mike WiLL Made-It,0NWbwDZY1VkRqFafuQm6wk,Swae Lee,1zNqQNIdeOUZHb8zbZRFMX,1,['3DB14jHq2qNoByUN5W2gz1']
Kris Kross Amsterdam,4LcUpNlXFEleaLlelmkv2R,The Boy Next Door,4QfOh8rJ0OddhhXHD5QyWs,1,['3DGar7krWlmrXRFHBcQF6z']
Kris Kross Amsterdam,4LcUpNlXFEleaLlelmkv2R,Conor Maynard,6mU8ucezzms5I2kNH6HNlu,1,['3DGar7krWlmrXRFHBcQF6z']
The Boy Next Door,4QfOh8rJ0OddhhXHD5QyWs,Conor Maynard,6mU8ucezzms5I2kNH6HNlu,1,['3DGar7krWlmrXRFHBcQF6z']
Pop Smoke,0eDvMgVFoNV3TpwtrVCoTj,Dua Lipa,6M2wZ9GZgrQXHCFfjv46we,1,['3DMs7bahbQTnoxCjgP7qoK']
Justin Bieber,1uNFoZAHBGtllmzznpCI3s,Lil Wayne,55Aa2cqylxrFIXC767Z865,1,['3DXncPQOG4VBw3QHh3S817']
Quavo,0VRj0yCOv2FXJNP47XQnx5,Lil Wayne,55Aa2cqylxrFIXC767Z865,1,['3DXncPQOG4VBw3QHh3S817']
Lil Uzi Vert,4O15NlyKLIASxsJ0PrXPfz,Isaiah Rashad,6aaMZ3fcfLv4tEbmY7bjRM,1,['3Dah4SWoWwekrG4GShaHVP']
Pop Smoke,0eDvMgVFoNV3TpwtrVCoTj,Fivio Foreign,14CHVeJGrR5xgUGQFV5BVM,2,"['3Ddny34bFoYBb8dIGq5lwp', '4CPcZHzSvIBM8AKhdHUwnL']"
Meek Mill,20sxb77xiYeusSH8cVdatc,Cardi B,4kYSro6naA4h99UJvo89HB,1,['3DnZfpfe8wLeJgzc00gKeW']
Travis Scott,0Y5tJX1MQlPlqiwlOH1tJY,Kanye West,5K4W6rqBFWDnAN6FQUkS6x,2,"['3DoBTwfr8yi2LN08SBpFkN', '7mEUjhl6aTztdHCrxoTgBG']"
Lil Uzi Vert,4O15NlyKLIASxsJ0PrXPfz,Kanye West,5K4W6rqBFWDnAN6FQUkS6x,1,['3DoBTwfr8yi2LN08SBpFkN']
Brent Faiyaz,3tlXnStJ1fFhdScmQeLpuG,Tyler The Creator,4V8LLVI7PbaPR0K2TGSxFF,2,"['3EG9FJ0ToLfgnc1IG2Z1wz', '3zakx7RAwdkUQlOoQ7SJRt']"
Tyler The Creator,4V8LLVI7PbaPR0K2TGSxFF,Fana Hues,4yJHrytMK7mqtKsXVGaBNg,1,['3EG9FJ0ToLfgnc1IG2Z1wz']
Brent Faiyaz,3tlXnStJ1fFhdScmQeLpuG,Fana Hues,4yJHrytMK7mqtKsXVGaBNg,1,['3EG9FJ0ToLfgnc1IG2Z1wz']
Jack Harlow,2LIk90788K0zvyj2JJVwkJ,Drake,3TVXtAsR1Inumwj472S9r4,1,['3EMp20j5E42MxfFbsEsIvD']
Rauw Alejandro,1mcTU81TzQhprhouKaTkpq,ROSALÍA,7ltDVBr6mKbRvohxheJ9h1,3,"['3Eax1yebRxj6LSYpxE9Yd3', '609E1JCInJncactoMmkDon', '75rqqKvzJCGv2oq9C4yFDt']"
Louis Tomlinson,57WHJIHrjOE3iAxpihhMnp,Steve Aoki,77AiFEVeAVj2ORpC85QVJs,1,['3EmmCZoqpWOTY1g2GBwJoR']
Big Freedia,2gyv1akuIB9fQvXoGSPaJr,Kesha,6LqNN22kT3074XbTVUrhzX,1,['3Ex5RFJRUdpHcDOLXJOVLy']
Angèle,3QVolfxko2UyCOtexhVTli,Dua Lipa,6M2wZ9GZgrQXHCFfjv46we,1,['3F1P0QzdXtBz0MXy7KIO5w']
H.E.R.,3Y7RZ31TRPVadSFVy1o8os,Ed Sheeran,6eUKZXaKkcviH0Ku9w2n3V,1,['3FHXUqaUer9o231Je1zxIN']
Future,1RyvyyTE3xzB2ZywiAwp0i,Ariana Grande,66CXWjxzNUsdJxJ2JdwvnR,1,['3FiE2d325mIOc4YjkSLVJR']
Nicki Minaj,0hCNtLu0JehylgoiP8L4Gh,Juice WRLD,4MCBfE4596Uoi2O4DtmEMz,1,['3Fq192aYDVyTn0DmwdofZm']
Burna Boy,3wcj11K77LjEY1PkEazffa,Dave,6Ip8FS7vWT1uKkJSweANQK,1,['3FyxwVvc9JqmVl5IVDPaNU']
Seven Kayne,4C29ETLBPmYKYwtJUepbJz,Bhavi,7fT2Me47PQ8T7954PKrcwR,1,['3GD6eImRvT0zgr8cQnokUq']
Milo j,19HM5j0ULGSmEoRcrSe5x3,Bhavi,7fT2Me47PQ8T7954PKrcwR,1,['3GD6eImRvT0zgr8cQnokUq']
Tiago PZK,5Y3MV9DZ0d87NnVm56qSY1,Bhavi,7fT2Me47PQ8T7954PKrcwR,1,['3GD6eImRvT0zgr8cQnokUq']
KHEA,4m6ubhNsdwF4psNf3R8kwR,Bhavi,7fT2Me47PQ8T7954PKrcwR,1,['3GD6eImRvT0zgr8cQnokUq']
Neo Pistea,01m2XZ7m7rAz6KY3scTdaV,Bhavi,7fT2Me47PQ8T7954PKrcwR,1,['3GD6eImRvT0zgr8cQnokUq']
Milo j,19HM5j0ULGSmEoRcrSe5x3,Seven Kayne,4C29ETLBPmYKYwtJUepbJz,1,['3GD6eImRvT0zgr8cQnokUq']
Seven Kayne,4C29ETLBPmYKYwtJUepbJz,Tiago PZK,5Y3MV9DZ0d87NnVm56qSY1,1,['3GD6eImRvT0zgr8cQnokUq']
Seven Kayne,4C29ETLBPmYKYwtJUepbJz,KHEA,4m6ubhNsdwF4psNf3R8kwR,1,['3GD6eImRvT0zgr8cQnokUq']
Neo Pistea,01m2XZ7m7rAz6KY3scTdaV,Seven Kayne,4C29ETLBPmYKYwtJUepbJz,1,['3GD6eImRvT0zgr8cQnokUq']
Milo j,19HM5j0ULGSmEoRcrSe5x3,Tiago PZK,5Y3MV9DZ0d87NnVm56qSY1,1,['3GD6eImRvT0zgr8cQnokUq']
Milo j,19HM5j0ULGSmEoRcrSe5x3,KHEA,4m6ubhNsdwF4psNf3R8kwR,1,['3GD6eImRvT0zgr8cQnokUq']
Neo Pistea,01m2XZ7m7rAz6KY3scTdaV,Milo j,19HM5j0ULGSmEoRcrSe5x3,1,['3GD6eImRvT0zgr8cQnokUq']
KHEA,4m6ubhNsdwF4psNf3R8kwR,Tiago PZK,5Y3MV9DZ0d87NnVm56qSY1,2,"['3GD6eImRvT0zgr8cQnokUq', '7I8L3vYCLThw2FDrE6LuzE']"
Neo Pistea,01m2XZ7m7rAz6KY3scTdaV,Tiago PZK,5Y3MV9DZ0d87NnVm56qSY1,1,['3GD6eImRvT0zgr8cQnokUq']
Neo Pistea,01m2XZ7m7rAz6KY3scTdaV,KHEA,4m6ubhNsdwF4psNf3R8kwR,1,['3GD6eImRvT0zgr8cQnokUq']
DIVINE,4Ai0pGz6GhQavjzaRhPTvz,Sidhu Moose Wala,4PULA4EFzYTrxYvOVlwpiQ,1,['3GEiVoaUXq468gfYs2EPfh']
Peso Pluma,12GqGscKJx3aE4t07u7eVZ,Kenia OS,31VFEohvhOUKrtAONEBhMG,1,['3GWUv0TDO5E3cHfsxYeptt']
Nicki Minaj,0hCNtLu0JehylgoiP8L4Gh,DaBaby,4r63FhuTkUYltbVAg5TQnk,1,['3GX2hFAekmSduZzcS52OnR']
Lil Nas X,7jVv8c5Fj3E9VhNjxT4snq,YoungBoy Never Broke Again,7wlFDEWiM5OoIAt8RSli8b,1,['3GbQcjKWT7eVpUfzqwUjxv']
Lil Baby,5f7VJjfbwm532GiveGC0ZK,NAV,7rkW85dBwwrJtlHRDkJDAC,2,"['3GdWfmQBiiJrDUvSZS1bGv', '6PoKfDY78ih5OveWirggRX']"
Travis Scott,0Y5tJX1MQlPlqiwlOH1tJY,Lil Baby,5f7VJjfbwm532GiveGC0ZK,3,"['3GdWfmQBiiJrDUvSZS1bGv', '4lUmnwRybYH7mMzf16xB0y', '7h0d2h0fUmzbs7zeFigJPn']"
Young Stoner Life,1xr2G8Hlx4QWmT9HaUbmoO,Rowdy Rebel,6LXRvV2OAtXF7685fzh3mj,1,['3GkEnNf2RWmdwkA2FfjQ3g']
Young Thug,50co4Is1HCEo8bhOyUWKpn,Rowdy Rebel,6LXRvV2OAtXF7685fzh3mj,1,['3GkEnNf2RWmdwkA2FfjQ3g']
RAF Camora,0Dvx6p8JDyzeOPGmaCIH1L,KC Rebell,5p7mWeX4RlvqBCxylfiXdE,1,['3GmfHF5RUe6r5C9UbvIXQp']
Feid,2LRoIwlKmHjgvigdNGBHNo,Sean Paul,3Isy6kedDrgPYoTS1dazA9,1,['3Gs7mVfWKl567mjozgxmXv']
DJ Oreia,1b8S7EPzdckRyIh0uSbOMI,MC Cebezinho,5Dz2FizMLqV0Cr3c8uhEcF,2,"['3H7eBmcTJyuEMStfmKuLmG', '7IFsTX5H1sWcEl8joV0IdD']"
MC Cebezinho,5Dz2FizMLqV0Cr3c8uhEcF,MC Tuto,6aoGgTKGqtsjj48ymcNs4Z,2,"['3H7eBmcTJyuEMStfmKuLmG', '7IFsTX5H1sWcEl8joV0IdD']"
MC Cebezinho,5Dz2FizMLqV0Cr3c8uhEcF,Love Funk,64DTkZLH6KkkMwZEEZ5VWC,1,['3H7eBmcTJyuEMStfmKuLmG']
MC Cebezinho,5Dz2FizMLqV0Cr3c8uhEcF,Mc Kako,5InVWl8IZB8zFAoNa5roKm,1,['3H7eBmcTJyuEMStfmKuLmG']
DJ Oreia,1b8S7EPzdckRyIh0uSbOMI,MC Tuto,6aoGgTKGqtsjj48ymcNs4Z,2,"['3H7eBmcTJyuEMStfmKuLmG', '7IFsTX5H1sWcEl8joV0IdD']"
DJ Oreia,1b8S7EPzdckRyIh0uSbOMI,Love Funk,64DTkZLH6KkkMwZEEZ5VWC,1,['3H7eBmcTJyuEMStfmKuLmG']
DJ Oreia,1b8S7EPzdckRyIh0uSbOMI,Mc Kako,5InVWl8IZB8zFAoNa5roKm,1,['3H7eBmcTJyuEMStfmKuLmG']
Love Funk,64DTkZLH6KkkMwZEEZ5VWC,MC Tuto,6aoGgTKGqtsjj48ymcNs4Z,1,['3H7eBmcTJyuEMStfmKuLmG']
Mc Kako,5InVWl8IZB8zFAoNa5roKm,MC Tuto,6aoGgTKGqtsjj48ymcNs4Z,1,['3H7eBmcTJyuEMStfmKuLmG']
Mc Kako,5InVWl8IZB8zFAoNa5roKm,Love Funk,64DTkZLH6KkkMwZEEZ5VWC,1,['3H7eBmcTJyuEMStfmKuLmG']
Topic,0u6GtibW46tFX7koQ6uNJZ,A7S,5Wg2b4Mp42gicxEeDNawf7,2,"['3H7ihDc1dqLriiWXwsc2po', '5YaskwnGDZFDRipaqzbwQx']"
De La Ghetto,3EiLUeyEcA6fbRPSHkG5kb,Paulo Londra,3vQ0GE3mI0dAaxIMYe5g7z,1,['3H9GDhVVTlmFQSmpt51qiP']
Justin Quiles,14zUHaJZo1mnYtn6IBRaRP,Paulo Londra,3vQ0GE3mI0dAaxIMYe5g7z,1,['3H9GDhVVTlmFQSmpt51qiP']
Justin Quiles,14zUHaJZo1mnYtn6IBRaRP,De La Ghetto,3EiLUeyEcA6fbRPSHkG5kb,2,"['3H9GDhVVTlmFQSmpt51qiP', '5W1qmxHrMlQGGAiFA3ZQqP']"
Rauw Alejandro,1mcTU81TzQhprhouKaTkpq,Alexis y Fido,7tU1VKOuxiNZwBZC6RHidA,1,['3HCcfBsa4TdiC0so0fPnRi']
Jasiel Nuñez,0T8Ix53aIN4F7aEKj4EnKy,Peso Pluma,12GqGscKJx3aE4t07u7eVZ,5,"['3HOKxuTDmNVmIlCIpBiD8m', '3wlIAXSDtlD9iU8ysld06Z', '4Hr713a1f4DUOZ7BPuD0PQ', '4LreWoO3cpgiIfrRwbOUSF', '59vyx2m4EpPk7tk2PzV075']"
J Balvin,1vyhD5VmyZ7KMfW5gqLgo5,Sky Rompiendo,51XrH5fQP2oIQynuKxSWcW,2,"['3HTbI3yUJQw3fP0Po8qLcD', '6rQSrBHf7HlZjtcMZ4S4bO']"
Luchè,3yiEJ9SByXZMXTwaKdVFN4,Marracash,5AZuEF0feCXMkUCwQiQlW7,1,['3HVm4g9bZHo0aMsjzGS7Ro']
MC L da Vinte,0lHB0Qc4pmD5RkTLlHeESo,MC Gury,6fOyYqdh6p0ZWLs9zUDoyt,1,['3Hb9kUdm4yf839Fle4RIdT']
Pusha T,0ONHkAv9pCAFxb0zJwDNTy,Rick Ross,1sBkRIssrMs1AbVkOJbc7a,1,['3HgA5R5alihocnOYE9ihpS']
Dani Faiv,0ffKEtMDnROKWyJtXUnLbJ,MACHETE,7Do8se3ZoaVqUt3woqqSrD,1,['3Hh0ZcGIqIkSiJVZGLcVLx']
Dani Faiv,0ffKEtMDnROKWyJtXUnLbJ,thasup,19i93sA0D7yS9dYoVNBqAA,1,['3Hh0ZcGIqIkSiJVZGLcVLx']
Dani Faiv,0ffKEtMDnROKWyJtXUnLbJ,Fabri Fibra,7u710e44HW3K7A5eTnRqHC,1,['3Hh0ZcGIqIkSiJVZGLcVLx']
thasup,19i93sA0D7yS9dYoVNBqAA,Fabri Fibra,7u710e44HW3K7A5eTnRqHC,1,['3Hh0ZcGIqIkSiJVZGLcVLx']
Anne-Marie,1zNqDE7qDGCsyzJwohVaoX,Lauv,5JZ7CnR6gTvEMKX4g70Amv,1,['3Hig6FDiszzWDPIKSP9swE']
Fernando & Sorocaba,1oSgjdbgLYULVmEBojPRw8,Tarcísio do Acordeon,48HORs6F9P7IgdyKrk4MZC,1,['3HquWF2pZmWYu3WAEP9Heb']
The Game,0NbfKEOTQCcwd6o7wSDOHI,Trippie Redd,6Xgp2XMz1fhVYe7i6yNAax,1,['3Ht9qyE5RZZVkBSV8kcf6v']
BTS,3Nrfpe0tUJi4K4DXYWgMUX,Sia,5WUlDfRSoLAfcVSX1WnrxN,1,['3IB5qOeMayvpOdHxYCL5tZ']
Tito Double P,5eumcnUkdmGvkvcsx1WFNG,Junior H,7Gi6gjaWy3DxyilpF1a8Is,1,['3IEvQ1CzszUJtTRLmmMJ2X']
Jorja Smith,1CoZyIx7UvdxT5c8UkMzHd,Burna Boy,3wcj11K77LjEY1PkEazffa,1,['3IWs9dAwTqN0EFhOIcBDfs']
Hugh Jackman,5F1aoppMtU3OMiltO8ymJ2,The Greatest Showman Ensemble,63nv0hWWDob56Rk8GlNpN8,3,"['3IkWmgGsXbsafrunwPojXO', '43ay9lQZ5rfNcOOHhRF2cM', '5xNUR50KxswPRAvx7S163g']"
6LACK,4IVAbR2w4JJNJDDRFP3E83,Lil Tjay,6jGMq4yGs7aQzuGsMgVgZR,1,['3J8EOeKLTLXORtWPpOU5bE']
Anuel AA,2R21vXR83lH98kGeO99Y66,JHAYCO,6nVcHLIgY5pE2YCl8ubca1,5,"['3JCaq3KDSROg3TXhdiDa9n', '3qM0vBxIe4VUbK0Z0smuVP', '3xv8JksRyqHa1lwkM9xvJf', '43PiEypaceH339CSNiggyj', '43qcs9NpJhDxtG91zxFkj7']"
Tyler The Creator,4V8LLVI7PbaPR0K2TGSxFF,Lil Wayne,55Aa2cqylxrFIXC767Z865,2,"['3JJL91ilRV6fXhKqu0FGXs', '3tFed7YsjGnIfxeLEQwx3R']"
Elton John,3PhoLpVuITZKcymswpck5b,Lil Nas X,7jVv8c5Fj3E9VhNjxT4snq,1,['3JR2RztQcOjUQGQSybxDIO']
Sosamann,3Bj81IbILbuj2uEwWXMdXI,Lil Wayne,55Aa2cqylxrFIXC767Z865,1,['3JX0dOCIAiaR8MP3ryXWuM']
Megan Thee Stallion,181bsRPaVXVlUKXrxwZfHK,Dua Lipa,6M2wZ9GZgrQXHCFfjv46we,1,['3JXF3LsUjyDIHjuwhXxdjo']
Kid Cudi,0fA0VVWsXO9YnASrzqfmYu,Phoebe Bridgers,1r1uxoy19fzMxunt3ONAkG,1,['3JdwGk8j7lHN5qdzJZklam']
Travis Scott,0Y5tJX1MQlPlqiwlOH1tJY,Teezo Touchdown,0fGcIStdT1OpFFhOC7Wp36,1,['3KCNiDi9Pza6ZD8FggNoaw']
Jonas Blue,1HBjj22wzbscIZ9sEb5dyf,Jack & Jack,1INuLZXjjVbcJRyWvD1iSq,1,['3KLygy1YWhmrQx0GRs7IOx']
DaBaby,4r63FhuTkUYltbVAg5TQnk,Trippie Redd,6Xgp2XMz1fhVYe7i6yNAax,1,['3Kd6Wp3lG5HXMB2dlvuy7y']
Big One,2OhUNb01gLwygOizYvTm0e,Trueno,2x7PC78TmgqpEIjaGAZ0Oz,1,['3KeYEr9ogMBemsOfQIJmZp']
Maria Becerra,1DxLCyH42yaHKGK3cl5bvG,Trueno,2x7PC78TmgqpEIjaGAZ0Oz,1,['3KeYEr9ogMBemsOfQIJmZp']
Justin Timberlake,31TPClRtHm23RisEBtV3X7,Alicia Keys,3DiDSECUqqY1AuBP8qtaIa,1,['3KnLHwhRhJGuQM822JVSoI']
A Boogie Wit da Hoodie,31W5EY0aAly4Qieq6OFu6I,Juice WRLD,4MCBfE4596Uoi2O4DtmEMz,1,['3L19besdNQzd342qL78xqm']
Tanner Adell,5xKVALj2MSqOHmQhburCM8,Beyoncé,6vWDO969PvNqNYHIOW5v0m,1,['3LJeR75SmszOUSvE1qNZDF']
Brittney Spencer,6YM5gRpMJkP0kUWRcvlHT3,Beyoncé,6vWDO969PvNqNYHIOW5v0m,1,['3LJeR75SmszOUSvE1qNZDF']
Tiera Kennedy,26VEPCGAYB9OClQodb0OR1,Beyoncé,6vWDO969PvNqNYHIOW5v0m,1,['3LJeR75SmszOUSvE1qNZDF']
Reyna Roberts,4jpqm8g4We93Uk6M9M4FDh,Beyoncé,6vWDO969PvNqNYHIOW5v0m,1,['3LJeR75SmszOUSvE1qNZDF']
Tanner Adell,5xKVALj2MSqOHmQhburCM8,Brittney Spencer,6YM5gRpMJkP0kUWRcvlHT3,1,['3LJeR75SmszOUSvE1qNZDF']
Tiera Kennedy,26VEPCGAYB9OClQodb0OR1,Tanner Adell,5xKVALj2MSqOHmQhburCM8,1,['3LJeR75SmszOUSvE1qNZDF']
Reyna Roberts,4jpqm8g4We93Uk6M9M4FDh,Tanner Adell,5xKVALj2MSqOHmQhburCM8,1,['3LJeR75SmszOUSvE1qNZDF']
Tiera Kennedy,26VEPCGAYB9OClQodb0OR1,Brittney Spencer,6YM5gRpMJkP0kUWRcvlHT3,1,['3LJeR75SmszOUSvE1qNZDF']
Reyna Roberts,4jpqm8g4We93Uk6M9M4FDh,Brittney Spencer,6YM5gRpMJkP0kUWRcvlHT3,1,['3LJeR75SmszOUSvE1qNZDF']
Tiera Kennedy,26VEPCGAYB9OClQodb0OR1,Reyna Roberts,4jpqm8g4We93Uk6M9M4FDh,1,['3LJeR75SmszOUSvE1qNZDF']
Cardi B,4kYSro6naA4h99UJvo89HB,Lil Yachty,6icQOAFXDZKsumw3YXyusw,1,['3LR0t8XqZ1FUj6nj01sXN0']
Offset,4DdkRBBYG6Yk9Ka8tdJ9BW,Cardi B,4kYSro6naA4h99UJvo89HB,2,"['3LR0t8XqZ1FUj6nj01sXN0', '59ywHNwwchG4nZJMLyxSzd']"
A$AP Rocky,13ubrt8QOOCPljQ2FL1Kca,A$AP Mob,7yO4IdJjCEPz7YgZMe25iS,1,['3LyNsopPP3hXf8bZBE7cDk']
KEY!,2tMOCIpxj6jwM9e6pmwGiP,A$AP Mob,7yO4IdJjCEPz7YgZMe25iS,1,['3LyNsopPP3hXf8bZBE7cDk']
Gucci Mane,13y7CgLHjMVRMDqxdx0Xdo,A$AP Mob,7yO4IdJjCEPz7YgZMe25iS,1,['3LyNsopPP3hXf8bZBE7cDk']
A$AP Rocky,13ubrt8QOOCPljQ2FL1Kca,KEY!,2tMOCIpxj6jwM9e6pmwGiP,1,['3LyNsopPP3hXf8bZBE7cDk']
Gucci Mane,13y7CgLHjMVRMDqxdx0Xdo,KEY!,2tMOCIpxj6jwM9e6pmwGiP,1,['3LyNsopPP3hXf8bZBE7cDk']
Jonas Blue,1HBjj22wzbscIZ9sEb5dyf,Tiësto,2o5jDhtHVPhrJdv3cEQ99Z,1,['3M9Apu4OZfylLTFKvgEtKa']
Tiësto,2o5jDhtHVPhrJdv3cEQ99Z,Rita Ora,5CCwRZC6euC8Odo6y9X8jr,1,['3M9Apu4OZfylLTFKvgEtKa']
Jonas Blue,1HBjj22wzbscIZ9sEb5dyf,Rita Ora,5CCwRZC6euC8Odo6y9X8jr,1,['3M9Apu4OZfylLTFKvgEtKa']
Jhené Aiko,5ZS223C6JyBfXasXxrRqOk,Saweetie,6cK3NBO6uP7hh0oyuVELFl,1,['3MEruRteiUZXkStfTlZqRn']
A$AP Rocky,13ubrt8QOOCPljQ2FL1Kca,BROCKHAMPTON,1Bl6wpkWCQ4KVgnASpvzzA,1,['3MK6OsCb4VJGdPxvXjW8Q9']
BROCKHAMPTON,1Bl6wpkWCQ4KVgnASpvzzA,A$AP Ferg,5dHt1vcEm9qb8fCyLcB3HL,1,['3MK6OsCb4VJGdPxvXjW8Q9']
A$AP Rocky,13ubrt8QOOCPljQ2FL1Kca,A$AP Ferg,5dHt1vcEm9qb8fCyLcB3HL,1,['3MK6OsCb4VJGdPxvXjW8Q9']
David Guetta,1Cs0zKBU1kc0i8ypK3B9ai,HUMAN(X),365Q4cNnnlsQErzPsUzyXY,1,['3MR5Lnhd6uCIgLXSK7nmyX']
Sofía Reyes,0haZhu4fFKt0Ag94kZDiz2,David Guetta,1Cs0zKBU1kc0i8ypK3B9ai,1,['3MR5Lnhd6uCIgLXSK7nmyX']
David Guetta,1Cs0zKBU1kc0i8ypK3B9ai,Abraham Mateo,2bxxlINUlcMQQb39K7IopR,1,['3MR5Lnhd6uCIgLXSK7nmyX']
David Guetta,1Cs0zKBU1kc0i8ypK3B9ai,De La Ghetto,3EiLUeyEcA6fbRPSHkG5kb,1,['3MR5Lnhd6uCIgLXSK7nmyX']
Manuel Turizo,0tmwSHipWxN12fsoLcFU3B,David Guetta,1Cs0zKBU1kc0i8ypK3B9ai,1,['3MR5Lnhd6uCIgLXSK7nmyX']
David Guetta,1Cs0zKBU1kc0i8ypK3B9ai,Zion & Lennox,21451j1KhjAiaYKflxBjr1,1,['3MR5Lnhd6uCIgLXSK7nmyX']
David Guetta,1Cs0zKBU1kc0i8ypK3B9ai,Lalo Ebratt,1GAymyGBvB4gQy5Z5LZ1Wj,1,['3MR5Lnhd6uCIgLXSK7nmyX']
David Guetta,1Cs0zKBU1kc0i8ypK3B9ai,Thalia,23wEWD21D4TPYiJugoXmYb,1,['3MR5Lnhd6uCIgLXSK7nmyX']
David Guetta,1Cs0zKBU1kc0i8ypK3B9ai,Maejor,3XcCT5MPlQPWFTJyzXbfuX,1,['3MR5Lnhd6uCIgLXSK7nmyX']
Sofía Reyes,0haZhu4fFKt0Ag94kZDiz2,HUMAN(X),365Q4cNnnlsQErzPsUzyXY,1,['3MR5Lnhd6uCIgLXSK7nmyX']
Abraham Mateo,2bxxlINUlcMQQb39K7IopR,HUMAN(X),365Q4cNnnlsQErzPsUzyXY,1,['3MR5Lnhd6uCIgLXSK7nmyX']
HUMAN(X),365Q4cNnnlsQErzPsUzyXY,De La Ghetto,3EiLUeyEcA6fbRPSHkG5kb,1,['3MR5Lnhd6uCIgLXSK7nmyX']
Manuel Turizo,0tmwSHipWxN12fsoLcFU3B,HUMAN(X),365Q4cNnnlsQErzPsUzyXY,1,['3MR5Lnhd6uCIgLXSK7nmyX']
Zion & Lennox,21451j1KhjAiaYKflxBjr1,HUMAN(X),365Q4cNnnlsQErzPsUzyXY,1,['3MR5Lnhd6uCIgLXSK7nmyX']
Lalo Ebratt,1GAymyGBvB4gQy5Z5LZ1Wj,HUMAN(X),365Q4cNnnlsQErzPsUzyXY,1,['3MR5Lnhd6uCIgLXSK7nmyX']
Thalia,23wEWD21D4TPYiJugoXmYb,HUMAN(X),365Q4cNnnlsQErzPsUzyXY,1,['3MR5Lnhd6uCIgLXSK7nmyX']
HUMAN(X),365Q4cNnnlsQErzPsUzyXY,Maejor,3XcCT5MPlQPWFTJyzXbfuX,1,['3MR5Lnhd6uCIgLXSK7nmyX']
Sofía Reyes,0haZhu4fFKt0Ag94kZDiz2,Abraham Mateo,2bxxlINUlcMQQb39K7IopR,1,['3MR5Lnhd6uCIgLXSK7nmyX']
Sofía Reyes,0haZhu4fFKt0Ag94kZDiz2,De La Ghetto,3EiLUeyEcA6fbRPSHkG5kb,2,"['3MR5Lnhd6uCIgLXSK7nmyX', '737gzPI5VAmgUGWiJ9yXuu']"
Sofía Reyes,0haZhu4fFKt0Ag94kZDiz2,Manuel Turizo,0tmwSHipWxN12fsoLcFU3B,1,['3MR5Lnhd6uCIgLXSK7nmyX']
Sofía Reyes,0haZhu4fFKt0Ag94kZDiz2,Zion & Lennox,21451j1KhjAiaYKflxBjr1,1,['3MR5Lnhd6uCIgLXSK7nmyX']
Sofía Reyes,0haZhu4fFKt0Ag94kZDiz2,Lalo Ebratt,1GAymyGBvB4gQy5Z5LZ1Wj,1,['3MR5Lnhd6uCIgLXSK7nmyX']
Sofía Reyes,0haZhu4fFKt0Ag94kZDiz2,Thalia,23wEWD21D4TPYiJugoXmYb,1,['3MR5Lnhd6uCIgLXSK7nmyX']
Sofía Reyes,0haZhu4fFKt0Ag94kZDiz2,Maejor,3XcCT5MPlQPWFTJyzXbfuX,1,['3MR5Lnhd6uCIgLXSK7nmyX']
Abraham Mateo,2bxxlINUlcMQQb39K7IopR,De La Ghetto,3EiLUeyEcA6fbRPSHkG5kb,1,['3MR5Lnhd6uCIgLXSK7nmyX']
Manuel Turizo,0tmwSHipWxN12fsoLcFU3B,Abraham Mateo,2bxxlINUlcMQQb39K7IopR,1,['3MR5Lnhd6uCIgLXSK7nmyX']
Zion & Lennox,21451j1KhjAiaYKflxBjr1,Abraham Mateo,2bxxlINUlcMQQb39K7IopR,1,['3MR5Lnhd6uCIgLXSK7nmyX']
Lalo Ebratt,1GAymyGBvB4gQy5Z5LZ1Wj,Abraham Mateo,2bxxlINUlcMQQb39K7IopR,1,['3MR5Lnhd6uCIgLXSK7nmyX']
Thalia,23wEWD21D4TPYiJugoXmYb,Abraham Mateo,2bxxlINUlcMQQb39K7IopR,1,['3MR5Lnhd6uCIgLXSK7nmyX']
Abraham Mateo,2bxxlINUlcMQQb39K7IopR,Maejor,3XcCT5MPlQPWFTJyzXbfuX,1,['3MR5Lnhd6uCIgLXSK7nmyX']
Manuel Turizo,0tmwSHipWxN12fsoLcFU3B,De La Ghetto,3EiLUeyEcA6fbRPSHkG5kb,1,['3MR5Lnhd6uCIgLXSK7nmyX']
Zion & Lennox,21451j1KhjAiaYKflxBjr1,De La Ghetto,3EiLUeyEcA6fbRPSHkG5kb,1,['3MR5Lnhd6uCIgLXSK7nmyX']
Lalo Ebratt,1GAymyGBvB4gQy5Z5LZ1Wj,De La Ghetto,3EiLUeyEcA6fbRPSHkG5kb,1,['3MR5Lnhd6uCIgLXSK7nmyX']
Thalia,23wEWD21D4TPYiJugoXmYb,De La Ghetto,3EiLUeyEcA6fbRPSHkG5kb,1,['3MR5Lnhd6uCIgLXSK7nmyX']
De La Ghetto,3EiLUeyEcA6fbRPSHkG5kb,Maejor,3XcCT5MPlQPWFTJyzXbfuX,1,['3MR5Lnhd6uCIgLXSK7nmyX']
Manuel Turizo,0tmwSHipWxN12fsoLcFU3B,Lalo Ebratt,1GAymyGBvB4gQy5Z5LZ1Wj,1,['3MR5Lnhd6uCIgLXSK7nmyX']
Manuel Turizo,0tmwSHipWxN12fsoLcFU3B,Thalia,23wEWD21D4TPYiJugoXmYb,1,['3MR5Lnhd6uCIgLXSK7nmyX']
Manuel Turizo,0tmwSHipWxN12fsoLcFU3B,Maejor,3XcCT5MPlQPWFTJyzXbfuX,1,['3MR5Lnhd6uCIgLXSK7nmyX']
Lalo Ebratt,1GAymyGBvB4gQy5Z5LZ1Wj,Zion & Lennox,21451j1KhjAiaYKflxBjr1,1,['3MR5Lnhd6uCIgLXSK7nmyX']
Zion & Lennox,21451j1KhjAiaYKflxBjr1,Thalia,23wEWD21D4TPYiJugoXmYb,1,['3MR5Lnhd6uCIgLXSK7nmyX']
Zion & Lennox,21451j1KhjAiaYKflxBjr1,Maejor,3XcCT5MPlQPWFTJyzXbfuX,1,['3MR5Lnhd6uCIgLXSK7nmyX']
Lalo Ebratt,1GAymyGBvB4gQy5Z5LZ1Wj,Thalia,23wEWD21D4TPYiJugoXmYb,1,['3MR5Lnhd6uCIgLXSK7nmyX']
Lalo Ebratt,1GAymyGBvB4gQy5Z5LZ1Wj,Maejor,3XcCT5MPlQPWFTJyzXbfuX,1,['3MR5Lnhd6uCIgLXSK7nmyX']
Thalia,23wEWD21D4TPYiJugoXmYb,Maejor,3XcCT5MPlQPWFTJyzXbfuX,1,['3MR5Lnhd6uCIgLXSK7nmyX']
blackbear,2cFrymmkijnjDg9SS92EPM,mgk,6TIYQ3jFPwQSRmorSezPxX,4,"['3MTm8eZ2wCEtpyZqqhP6Dn', '50eJOxJiGmJ7PBZaTKpje1', '7jjnn6K7p5MgOFuqLypAcM', '7kDUspsoYfLkWnZR7qwHZl']"
Avicii,1vCWHaC5f2uS3yhpwWbIA6,Bonn,7Io0XduXk7aOHFHA7sLru2,2,"['3MhNgzZwFtUF6jSr6pRSkW', '6NVjujGb9fnl25fjzm5dTy']"
Lana Del Rey,00FQb4jTyendYWaN8pK0wa,Jon Batiste,0eRbECAGCLLiTyVXPBRexU,1,['3MlEryrxCKZkcfX18ZLX96']
Pop Smoke,0eDvMgVFoNV3TpwtrVCoTj,Rah Swish,4FeLiFUPdxVfFo8oOfA4BH,1,['3MmvQKMKdN3UhVS3eGzJIW']
Pop Smoke,0eDvMgVFoNV3TpwtrVCoTj,KAROL G,790FomKkXshlbRYZFtlgla,1,['3NWrHCwvyII4fTx05PN3IO']
Sick Luke,0hk4xVujcyOr6USD95wcWb,thasup,19i93sA0D7yS9dYoVNBqAA,1,['3NbehQmQsyuN17EP7dW5mJ']
Sick Luke,0hk4xVujcyOr6USD95wcWb,Sfera Ebbasta,23TFHmajVfBtlRx5MXqgoz,1,['3NbehQmQsyuN17EP7dW5mJ']
Taylor Swift,06HL4z0CvFAxyc27GXpf02,ZAYN,5ZsFI1h6hIdQRw2ti0hz81,1,['3NdDpSvN911VPGivFlV5d0']
Gorillaz,3AA28KZvwAUcZuOKwyblJQ,George Benson,4N8BwYTEC6XqykGvXXlmfv,1,['3NeiYiBn3rQBgurfVk92Zm']
Quavo,0VRj0yCOv2FXJNP47XQnx5,NAV,7rkW85dBwwrJtlHRDkJDAC,1,['3NelcGZ46JmV9LqOD1pnxA']
Bonez MC,1aS5tqEs9ci5P9KD9tZWa6,KITSCHKRIEG,5tHiL8SKSaZGMBUPIiSmX4,1,['3Nicl8C2nJMUwdekcgZWZC']
Vybz Kartel,2NUz5P42WqkxilbI8ocN76,KITSCHKRIEG,5tHiL8SKSaZGMBUPIiSmX4,1,['3Nicl8C2nJMUwdekcgZWZC']
Bonez MC,1aS5tqEs9ci5P9KD9tZWa6,Vybz Kartel,2NUz5P42WqkxilbI8ocN76,1,['3Nicl8C2nJMUwdekcgZWZC']
Eslabon Armado,0XeEobZplHxzM9QzFQWLiR,DannyLux,6ElqtIfQsAkEYypgfJIjeK,2,"['3NqBxTOMCJ3zW9CIP51td4', '7KDYKPhxFFRDBSbgcfLxUT']"
Arcane,57nPqD7z62gDdq37US9XJR,d4vd,5y8tKLUfMvliMe8IKamR32,1,['3NqW1FtYalkdAr7gz7Btwh']
League of Legends,47mIJdHORyRerp4os813jD,d4vd,5y8tKLUfMvliMe8IKamR32,1,['3NqW1FtYalkdAr7gz7Btwh']
Dolly Parton,32vWCbZh0xZ4o9gkz4PsEU,Beyoncé,6vWDO969PvNqNYHIOW5v0m,1,['3NtCIBBz5pEAVGeHL4h5mS']
Clean Bandit,6MDME20pz9RveH9rEXvrOM,Demi Lovato,6S2OmqARrzebs0tKUEyXyp,1,['3NuK5xMlSlB6K2Qp16zf3h']
P!nk,1KCSPY1glIKqW2TotWuXOR,Cash Cash,1LOB7jTeEV14pHai6EXSzF,1,['3O0e0LHTpza0rYVDbZfQ4r']
Lana Del Rey,00FQb4jTyendYWaN8pK0wa,Stevie Nicks,7crPfGd2k81ekOoSqQKWWz,1,['3O7p9Itz8PXUoAjD2vmuM6']
P!nk,1KCSPY1glIKqW2TotWuXOR,Eminem,7dGJo4pcD2V6oG8kP0tJRR,1,['3OEer2dQj1eWhSqxatGiru']
J. Cole,6l3HvQ5sa6mXTsMTB19rO5,Ty Dolla $ign,7c0XG5cIJTrrAgEC3ULPiq,1,['3OJ4LEE50iFELaHiZ09zif']
Vanessa Paradis,1FmxE030Xe2H8Bn9bdv6Pd,Nekfeu,4LXBc13z5EWsc5N32bLxfH,1,['3OmMEncU5Z8hZJVKwAMZpk']
Post Malone,246dkjvS1zLTtiykXe5h60,Migos,6oMuImdp5ZcFhWP0ESe6mG,1,['3OnOomd79OjqSYHchCQ6ht']
Luude,20cmhoGvN0eyzhmsHJH1Mg,Colin Hay,5mxB08ktCukEhGMg2YZeEv,1,['3Oww84xrmgjyr5J1ilOmAf']
Mari Fernandez,0BHm7qbh3ENxvXzkQAG7MP,Israel & Rodolffo,41QLxRXlc2NwfJZkHGHKid,1,['3PH1nUysW7ybo3Yu8sqlPN']
Rauw Alejandro,1mcTU81TzQhprhouKaTkpq,Marconi Impara,3AP96neoRZgep3w7wvhubP,1,['3PJgmyLaybZtALX4mrgbiD']
Rauw Alejandro,1mcTU81TzQhprhouKaTkpq,Yan Block,6TKygPpVT29oGUogu4J9Ec,1,['3PJgmyLaybZtALX4mrgbiD']
Marconi Impara,3AP96neoRZgep3w7wvhubP,Yan Block,6TKygPpVT29oGUogu4J9Ec,1,['3PJgmyLaybZtALX4mrgbiD']
Drake,3TVXtAsR1Inumwj472S9r4,Chris Brown,7bXgB6jMjp9ATFy66eO08Z,2,"['3Q4gttWQ6hxqWOa3tHoTNi', '6XHVuErjQ4XNm6nDPVCxVX']"
G-Eazy,02kJSzxNuaWGqwubyUba0Z,blackbear,2cFrymmkijnjDg9SS92EPM,1,['3QGppKBPd9gHOgHJzRbVIw']
Mainstreet,25XJqeReVV38w0tR04GGBd,Chefin,68PYmgkbRP1qZnEWOry7sB,1,['3QGxgNaqaFSpORp2OVLXHR']
Kid Cudi,0fA0VVWsXO9YnASrzqfmYu,Ariana Grande,66CXWjxzNUsdJxJ2JdwvnR,1,['3QPBocWfIcOCdFFvmqn60F']
Oscar Ortiz,0FvHxb8a4I0A2i8jKCsFei,Edgardo Nuñez,0mA4dkNGiN4fqTBi2SLlAv,1,['3QQAeMQbbjZXVFbF8DgFWT']
Drake,3TVXtAsR1Inumwj472S9r4,4batz,5fi7lIgJGH3RgUpJYcffQ7,1,['3QS9ZCtoSCJhmaJ7QNXSAS']
Killstation,0zPILh9oEH0fDagpkHTQQ8,XXXTENTACION,15UsOTVnJzReFVN1VCnxy4,1,['3QVIBuVrIe5IHOZepa7JBZ']
Killstation,0zPILh9oEH0fDagpkHTQQ8,Kin$oul,6HhsbprrJmKeaH8SgSlGge,1,['3QVIBuVrIe5IHOZepa7JBZ']
Felix Snow,1qskAseW7apRxJBpYAO9Yk,Kiiara,4u5smJBskI6Adzv08PuiUP,1,['3QWjljChcOMkRDYSzF33Qr']
J Balvin,1vyhD5VmyZ7KMfW5gqLgo5,Zion & Lennox,21451j1KhjAiaYKflxBjr1,2,"['3QwBODjSEzelZyVjxPOHdq', '5qFeMRz4TvetPmzjre9Dq7']"
Loredana,2Im8m4STDBosjfmb5hmP80,Rymez,6lUWb46h9Y8H8cqpW3i0pc,1,['3R3rQ7FbTJdsi5She10YvI']
21 Savage,1URnnhqYAYcrqrcwql10ft,Pharrell Williams,2RdwBSPQiwcmiDo9kixcl8,1,['3S68RFe1lsdCdTMPIMJM3X']
Pharrell Williams,2RdwBSPQiwcmiDo9kixcl8,Tyler The Creator,4V8LLVI7PbaPR0K2TGSxFF,2,"['3S68RFe1lsdCdTMPIMJM3X', '7z4xW9WY86uH3gd1V9pfCM']"
21 Savage,1URnnhqYAYcrqrcwql10ft,Tyler The Creator,4V8LLVI7PbaPR0K2TGSxFF,1,['3S68RFe1lsdCdTMPIMJM3X']
Justin Bieber,1uNFoZAHBGtllmzznpCI3s,benny blanco,5CiGnKThu5ctn9pBxv7DGa,1,['3S8jK1mGzQi24ilFb45DAZ']
Stanaj,3zrUX1hQrUB9aXcOiyQLmN,NOTD,5jAMCwdNHWr7JThxtMuEyy,1,['3SGWp9fJCzgK0WcpcKSQdy']
Nechie,0DO5d7KMv6Gn1mIbDhlyUf,Gunna,2hlmm7s2ICUX0LVIhVFlZQ,1,['3SGgeDQ3cAuNSFb03PjXtv']
Lil Durk,3hcs9uc56yIGFCSy9leWe7,¥$,4xPQFgDA5M2xa0ZGo5iIsv,1,['3SIRBp4RRQ2AO5H4NO7xfq']
Lil Durk,3hcs9uc56yIGFCSy9leWe7,Kanye West,5K4W6rqBFWDnAN6FQUkS6x,2,"['3SIRBp4RRQ2AO5H4NO7xfq', '3uJFmluXzYedoJcvhpC1AW']"
Lil Durk,3hcs9uc56yIGFCSy9leWe7,Ty Dolla $ign,7c0XG5cIJTrrAgEC3ULPiq,1,['3SIRBp4RRQ2AO5H4NO7xfq']
Bump J,3L6bhGrHegoci41Jx2nP0V,Lil Durk,3hcs9uc56yIGFCSy9leWe7,1,['3SIRBp4RRQ2AO5H4NO7xfq']
Wesley Safadão,1AL2GKpmRrKXkYIcASuRFa,Rogerinho,5JbQpbeFaKfuZVFzKwaawP,1,['3ShKPhFkexrwl7WoyTtNND']
Metro Boomin,0iEtIxbK0KxaSlF7G42ZOp,Takeoff,3EW0kQ1skZiK1NHg3Spt9J,1,['3SsJ17EnPIu1B4GZshqjIS']
A$AP Rocky,13ubrt8QOOCPljQ2FL1Kca,Takeoff,3EW0kQ1skZiK1NHg3Spt9J,1,['3SsJ17EnPIu1B4GZshqjIS']
Meek Mill,20sxb77xiYeusSH8cVdatc,Lil Durk,3hcs9uc56yIGFCSy9leWe7,2,"['3T9BKc4kB7ukeNQrCqv6ZV', '5cAN3P7jWVf78gev1eF7TJ']"
Kygo,23fqKkggKUBHNkbKtXEls4,The Chainsmokers,69GGBxA162lTqCwzJG5jLp,1,['3TKpJrY9q49Mj1JOsM9zGL']
USHER,23zg3TcAtWQy7J6upgbUnj,Summer Walker,57LYzLEk2LcFghVwuWbcuS,1,['3TTMUI5dFcbeNSDTTDY9M8']
YOVNGCHIMI,4aSlfXDn9R60UlbZEboBUy,Bad Bunny,4q3ewBCX7sLwd24euuV69X,1,['3TYOH7ta0101NYssoH5GlU']
Lenny Tavárez,1pQWsZQehhS4wavwh7Fnxd,Paulo Londra,3vQ0GE3mI0dAaxIMYe5g7z,1,['3TnhQSRwT3AVMdXw5JPq0x']
NATTAN,1SXhEXzOTF7YeuQX59m7pT,Zé Felipe,7cmuxPnXRJxwuYDHfbD8Eu,1,['3TzANwXYkLsjIY9CT7prcL']
NATTAN,1SXhEXzOTF7YeuQX59m7pT,O REI DA BATIDINHA,1mwcAHaMzrUvCjVcg89lgB,1,['3TzANwXYkLsjIY9CT7prcL']
O REI DA BATIDINHA,1mwcAHaMzrUvCjVcg89lgB,Zé Felipe,7cmuxPnXRJxwuYDHfbD8Eu,1,['3TzANwXYkLsjIY9CT7prcL']
Dido,2mpeljBig2IXLXRAFO9AAs,Eminem,7dGJo4pcD2V6oG8kP0tJRR,1,['3UmaczJpikHgJFyBTAJVoz']
DJ 2F,3tkq9ZnBaejLPLRpg8kGET,MC Du Black,6v4PBIzRAGaLp43LVureQc,1,['3Uq45ipGutypFPmETfaoaH']
Saweetie,6cK3NBO6uP7hh0oyuVELFl,Anitta,7FNnA9vBm6EKceENgCGRMb,1,['3V7jLMYvvg4BHi4tmDveNc']
Darell,1TtXnWcUs0FCkaZDPGYHdf,Nio Garcia,5hdhHgpxyniooUiQVaPxQ0,1,['3V8UKqhEK5zBkBb6d6ub8i']
Nicky Jam,1SupJlEpv7RS2tPNRaHViT,Nio Garcia,5hdhHgpxyniooUiQVaPxQ0,1,['3V8UKqhEK5zBkBb6d6ub8i']
Casper Magico,1fux65HMCBvfJHqlBc4Nno,Bad Bunny,4q3ewBCX7sLwd24euuV69X,1,['3V8UKqhEK5zBkBb6d6ub8i']
Darell,1TtXnWcUs0FCkaZDPGYHdf,Casper Magico,1fux65HMCBvfJHqlBc4Nno,1,['3V8UKqhEK5zBkBb6d6ub8i']
Nicky Jam,1SupJlEpv7RS2tPNRaHViT,Casper Magico,1fux65HMCBvfJHqlBc4Nno,1,['3V8UKqhEK5zBkBb6d6ub8i']
Darell,1TtXnWcUs0FCkaZDPGYHdf,Bad Bunny,4q3ewBCX7sLwd24euuV69X,1,['3V8UKqhEK5zBkBb6d6ub8i']
Ozuna,1i8SpTcr7yvPOmcqrbnVXY,Bad Bunny,4q3ewBCX7sLwd24euuV69X,2,"['3V8UKqhEK5zBkBb6d6ub8i', '7rwX0O3RlxqqIjQM8evm5E']"
Nicky Jam,1SupJlEpv7RS2tPNRaHViT,Bad Bunny,4q3ewBCX7sLwd24euuV69X,2,"['3V8UKqhEK5zBkBb6d6ub8i', '5bmSver2b3ZXyuyLKtgnFI']"
Darell,1TtXnWcUs0FCkaZDPGYHdf,Ozuna,1i8SpTcr7yvPOmcqrbnVXY,3,"['3V8UKqhEK5zBkBb6d6ub8i', '4bTZeO72FwMa6wKOiqoynL', '59PYgzOiOjGDzjDT5N5oOX']"
Nicky Jam,1SupJlEpv7RS2tPNRaHViT,Darell,1TtXnWcUs0FCkaZDPGYHdf,3,"['3V8UKqhEK5zBkBb6d6ub8i', '4bTZeO72FwMa6wKOiqoynL', '4lzxJ4jCuFDXXGkE1LmpKR']"
Nicky Jam,1SupJlEpv7RS2tPNRaHViT,Ozuna,1i8SpTcr7yvPOmcqrbnVXY,4,"['3V8UKqhEK5zBkBb6d6ub8i', '4PJ3umtW1aWdfh5EITHc6T', '4bTZeO72FwMa6wKOiqoynL', '6JjPBQfI2Y8nIjnm65X6Pw']"
Yandel,0eHQ9o50hj6ZDNBt6Ys1sD,Nacho,2ayNSoKPCRAfjp6hQ76hRu,1,['3VClLWqNn80Llv0PJOsKgr']
Nacho,2ayNSoKPCRAfjp6hQ76hRu,Bad Bunny,4q3ewBCX7sLwd24euuV69X,1,['3VClLWqNn80Llv0PJOsKgr']
Mambo Kingz,2T1aUibqR2QC2sINIDQOAK,Nacho,2ayNSoKPCRAfjp6hQ76hRu,1,['3VClLWqNn80Llv0PJOsKgr']
Nacho,2ayNSoKPCRAfjp6hQ76hRu,DJ Luian,64aJYyrXljOodnUG6jvhRD,1,['3VClLWqNn80Llv0PJOsKgr']
Yandel,0eHQ9o50hj6ZDNBt6Ys1sD,Mambo Kingz,2T1aUibqR2QC2sINIDQOAK,1,['3VClLWqNn80Llv0PJOsKgr']
Yandel,0eHQ9o50hj6ZDNBt6Ys1sD,DJ Luian,64aJYyrXljOodnUG6jvhRD,1,['3VClLWqNn80Llv0PJOsKgr']
Mambo Kingz,2T1aUibqR2QC2sINIDQOAK,Bad Bunny,4q3ewBCX7sLwd24euuV69X,3,"['3VClLWqNn80Llv0PJOsKgr', '5hcisvFMidkMJlElTO9Qmw', '7rwX0O3RlxqqIjQM8evm5E']"
Bad Bunny,4q3ewBCX7sLwd24euuV69X,DJ Luian,64aJYyrXljOodnUG6jvhRD,3,"['3VClLWqNn80Llv0PJOsKgr', '5hcisvFMidkMJlElTO9Qmw', '7rwX0O3RlxqqIjQM8evm5E']"
The Pogues,2wzMOQwNT6ZvVB4amvhFAH,Kirsty MacColl,6UlNIFEuWlBqb4TvlVCekq,1,['3VTNVsTTu05dmTsVFrmGpK']
Future,1RyvyyTE3xzB2ZywiAwp0i,Rick Ross,1sBkRIssrMs1AbVkOJbc7a,2,"['3Vg7nPYlOrCkcV1abKbRQ1', '6CwTHNCzgkq41m11iPpzsf']"
Metro Boomin,0iEtIxbK0KxaSlF7G42ZOp,Rick Ross,1sBkRIssrMs1AbVkOJbc7a,1,['3Vg7nPYlOrCkcV1abKbRQ1']
Tedua,1AgAVqo74e2q4FVvg0xpT7,Sfera Ebbasta,23TFHmajVfBtlRx5MXqgoz,2,"['3VtGh8xE9qRsFyY2Uj1WG3', '4IxM8LopMS2014C2LTJEYu']"
Young Sinatra,1iBGuNBYRKnNdKxm0kKNM0,Logic,4xRYI6VqpkE3UwrDrAZL8L,1,['3W4JFzOQdo5J2Wgt9DFg24']
Porter Robinson,3dz0NnIZhtKKeXZxLOxCam,League of Legends,47mIJdHORyRerp4os813jD,1,['3WBRfkOozHEsG0hbrBzwlm']
Ellie Goulding,0X2BH1fck6amBIoJhDVmmJ,Clean Bandit,6MDME20pz9RveH9rEXvrOM,1,['3WDIhWoRWVcaHdRwMEHkkS']
Madison Beer,2kRfqPViCqYdSGhYSM9R0Q,Offset,4DdkRBBYG6Yk9Ka8tdJ9BW,1,['3WefHNGtjexZvi66ZEx9u4']
PARTYNEXTDOOR,2HPaUgqeutzr3jx5a9WyDV,Trippie Redd,6Xgp2XMz1fhVYe7i6yNAax,1,['3WnTQDd9A3bpBfzCziElU9']
Dr. Dre,6DPYiyq5kWVQS4RGwxzPC7,Eminem,7dGJo4pcD2V6oG8kP0tJRR,3,"['3WpHqtFUwzIQBsV9YC5iNc', '3a2jFwnts4Cf0OwJbK61SL', '7iXF2W9vKmDoGAhlHdpyIa']"
Dr. Dre,6DPYiyq5kWVQS4RGwxzPC7,Sly Pyper,7LzTBVNarOeaDXFdzOugAI,1,['3WpHqtFUwzIQBsV9YC5iNc']
Alicia Keys,3DiDSECUqqY1AuBP8qtaIa,Khalid,6LuN9FCkKOj5PcnpouEgny,1,['3X3TlieuOl8aWzw2HeigUo']
Offset,4DdkRBBYG6Yk9Ka8tdJ9BW,JID,6U3ybJ9UHNKEdsH7ktGBZ7,1,['3X6qK1LdMkSOhklwRa2ZfG']
Keith Urban,0u2FHSq3ln94y5Q57xazwf,P!nk,1KCSPY1glIKqW2TotWuXOR,1,['3X7H1FAiWAW937WvsFeMhe']
Luan Pereira,5kVgcCdPbeUwxBqWxi2Ktl,MC Ryan SP,75i9GaW2MJUgt4BkdUnuUY,1,['3XIXklO3e0uWUAUkOR7NLI']
Luan Pereira,5kVgcCdPbeUwxBqWxi2Ktl,Mc Daniel,6YzSM19LzpLH0nVKKU6Jsy,2,"['3XIXklO3e0uWUAUkOR7NLI', '6P1mkNAmgihFwFRBhpaev3']"
Mc Daniel,6YzSM19LzpLH0nVKKU6Jsy,MC Ryan SP,75i9GaW2MJUgt4BkdUnuUY,1,['3XIXklO3e0uWUAUkOR7NLI']
21 Savage,1URnnhqYAYcrqrcwql10ft,Gunna,2hlmm7s2ICUX0LVIhVFlZQ,1,['3XLbDUB5BX2WqL2qoAsvtb']
The-Dream,1W3FSF1BLpY3hlVIgvenLz,Kanye West,5K4W6rqBFWDnAN6FQUkS6x,1,['3XaNHbNa9Chz9plhRpcaof']
Edgardo Nuñez,0mA4dkNGiN4fqTBi2SLlAv,Fuerza Regida,0ys2OFYzWYB5hRDLCsBqxt,1,['3XfUFGzbr0LmwFVoLXd9cO']
Diane Guerrero,18MFcGBHtyW0mU3ufcm0X1,Stephanie Beatriz,5PYToRCsrnvikZg3yl2JMr,2,"['3XoYqtiWHhsk59frZupImG', '52xJxFP6TqMuO4Yt0eOkMz']"
Duki,1bAftSH8umNcGZ0uyV7LMg,JHAYCO,6nVcHLIgY5pE2YCl8ubca1,1,['3XsYMEJutxpTiNXXRvodQH']
Ken Darby Singers,69UfPJgUmFFAVT740qGVZi,Bing Crosby,6ZjFtWeHP9XN7FeKSUe80S,1,['3XsaSIPWvM61RIFfeb0BBR']
Bing Crosby,6ZjFtWeHP9XN7FeKSUe80S,John Scott Trotter & His Orchestra,735L650pvygCZZlPMyHqsN,1,['3XsaSIPWvM61RIFfeb0BBR']
Ken Darby Singers,69UfPJgUmFFAVT740qGVZi,John Scott Trotter & His Orchestra,735L650pvygCZZlPMyHqsN,1,['3XsaSIPWvM61RIFfeb0BBR']
A$AP Rocky,13ubrt8QOOCPljQ2FL1Kca,$NOT,5IbEL2xjRtKsunfmsahLuO,1,['3YFnfm9z8RmPFIZ7C16u4e']
Rocco Hunt,0L1f9i3L3fkMNENljDOsjG,Ana Mena,6k8mwkKJKKjBILo7ypBspl,1,['3YNcQUeVOpM3SDmwBeGfMK']
Fred again..,4oLeXFyACqeem2VImYeBFe,Obongjayar,6l7R1jntPahGxwJt7Tky8h,1,['3YgtkOxZsTuaZdL8McA1FQ']
Travis Scott,0Y5tJX1MQlPlqiwlOH1tJY,Major Lazer,738wLrAtLtCtFOLvQBXOXp,1,['3Ytr1SUCUi6J3L9dRFx5iH']
Camila Cabello,4nDoRrQiYLoBzwC5BhVJzF,Major Lazer,738wLrAtLtCtFOLvQBXOXp,1,['3Ytr1SUCUi6J3L9dRFx5iH']
Quavo,0VRj0yCOv2FXJNP47XQnx5,Major Lazer,738wLrAtLtCtFOLvQBXOXp,1,['3Ytr1SUCUi6J3L9dRFx5iH']
Travis Scott,0Y5tJX1MQlPlqiwlOH1tJY,Camila Cabello,4nDoRrQiYLoBzwC5BhVJzF,1,['3Ytr1SUCUi6J3L9dRFx5iH']
Quavo,0VRj0yCOv2FXJNP47XQnx5,Camila Cabello,4nDoRrQiYLoBzwC5BhVJzF,2,"['3Ytr1SUCUi6J3L9dRFx5iH', '4xBjsLUSjcx2h7PcRikpQp']"
Drake,3TVXtAsR1Inumwj472S9r4,JAY-Z,3nFkdlSjzX9mRTtwJOzDYB,2,"['3Yw09dj3cTXsAzlLjgBfIP', '4VCbgIdr8ptegWeJpqLVHH']"
Peso Pluma,12GqGscKJx3aE4t07u7eVZ,Joel De La P,4qDRNT8ldCfCjSp9lBzYC5,1,['3YyTyWfSwAhesGCKpnuRKl']
AURORA,1WgXqy2Dd70QQOU7Ay074N,Idina Menzel,73Np75Wv2tju61Eo9Zw4IR,1,['3Z0oQ8r78OUaHvGPiDBR3W']
Charli xcx,25uiPmTg16RbhZWAqwLBy5,Tiësto,2o5jDhtHVPhrJdv3cEQ99Z,1,['3Z7CaxQkqbIs1rewKi6v4W']
Halsey,26VFTg2z8YR0cCuwLzESi2,Marshmello,64KEffDW9EtZ1y2vBYgq8T,1,['3Z8FwOEN59mRMxDCtb8N0A']
Shakira,0EmeFodog0BfCgMzAIvKQp,Wyclef Jean,7aBzpmFXB4WWpPl2F7RjBe,1,['3ZFTkvIE7kyPt6Nu3PEa7V']
Chance the Rapper,1anyVhU62p31KFi8MEzkbf,Kanye West,5K4W6rqBFWDnAN6FQUkS6x,1,['3ZLyt2ndLFBh148XRYjYYZ']
Chance the Rapper,1anyVhU62p31KFi8MEzkbf,Chicago Children's Choir,6e64nPdtxyICfh90RJukpg,1,['3ZLyt2ndLFBh148XRYjYYZ']
Kanye West,5K4W6rqBFWDnAN6FQUkS6x,Chicago Children's Choir,6e64nPdtxyICfh90RJukpg,1,['3ZLyt2ndLFBh148XRYjYYZ']
Taylor Swift,06HL4z0CvFAxyc27GXpf02,Florence + The Machine,1moxjboGR7GNWYIMWsRjgG,1,['3ZVFcD8Wlw9T9klGqmJf9F']
Jawsh 685,56mfhUDKa1vec6rSLZV5Eg,Lauv,5JZ7CnR6gTvEMKX4g70Amv,1,['3ZWhRS2EJVL5B0IEzkcvZa']
Jawsh 685,56mfhUDKa1vec6rSLZV5Eg,Tyga,5LHRHt1k9lMyONurDHEdrp,1,['3ZWhRS2EJVL5B0IEzkcvZa']
Lauv,5JZ7CnR6gTvEMKX4g70Amv,Tyga,5LHRHt1k9lMyONurDHEdrp,1,['3ZWhRS2EJVL5B0IEzkcvZa']
A$AP Rocky,13ubrt8QOOCPljQ2FL1Kca,BlocBoy JB,4TEJudQY2pXxVHPE3gD2EU,1,['3ZYwSDF9knZI0RVlKR4PHC']
A$AP Rocky,13ubrt8QOOCPljQ2FL1Kca,Imogen Heap,6Xb4ezwoAQC4516kI89nWz,1,['3ZaEs1O8BG581qYPHpQ8d6']
A$AP Rocky,13ubrt8QOOCPljQ2FL1Kca,Clams Casino,5vSQUyT33qxr1xAX2Tkf3A,1,['3ZaEs1O8BG581qYPHpQ8d6']
Clams Casino,5vSQUyT33qxr1xAX2Tkf3A,Imogen Heap,6Xb4ezwoAQC4516kI89nWz,1,['3ZaEs1O8BG581qYPHpQ8d6']
Juicy J,5gCRApTajqwbnHHPbr2Fpi,Marshmello,64KEffDW9EtZ1y2vBYgq8T,1,['3ZbJMlEL4Kcme0ONRO7Slx']
James Arthur,4IWBUUAFIplrNtaOHcJPRM,Marshmello,64KEffDW9EtZ1y2vBYgq8T,1,['3ZbJMlEL4Kcme0ONRO7Slx']
James Arthur,4IWBUUAFIplrNtaOHcJPRM,Juicy J,5gCRApTajqwbnHHPbr2Fpi,1,['3ZbJMlEL4Kcme0ONRO7Slx']
Camilo,28gNT5KBp7IjEOQoevXf9N,El Alfa,2oQX8QiMXOyuqbcZEFsZfm,1,['3Zf4GutWZ7Hv3wsVQsSQPs']
Quavo,0VRj0yCOv2FXJNP47XQnx5,Post Malone,246dkjvS1zLTtiykXe5h60,1,['3a1lNhkSLSkpJE4MSHpDu9']
LX,10XY9PZCJKzUFzZOdtlQLU,187 Strassenbande,2j2rh3oQh4QEUnNTDKYSJD,2,"['3aDYo34VzVf2i8aJyJk0ca', '4xN9cgMVhYyhnugUFZdhcZ']"
Pusha T,0ONHkAv9pCAFxb0zJwDNTy,KIDS SEE GHOSTS,2hPgGN4uhvXAxiXQBIXOmE,1,['3aUFrxO1B8EW63QchEl3wX']
Kendrick Lamar,2YZyLoL8N0Wb9xBt1NhZWg,Hitta J3,50DchbKTiJU56SYmIRSJCI,1,['3aZptNYC6Z1YoumeqZcDcQ']
YoungThreat,1q2nUylEqrRJkiDkXa39Mw,Kendrick Lamar,2YZyLoL8N0Wb9xBt1NhZWg,1,['3aZptNYC6Z1YoumeqZcDcQ']
Peysoh,27OdVby2oeFjM1C5XvC3hC,Kendrick Lamar,2YZyLoL8N0Wb9xBt1NhZWg,1,['3aZptNYC6Z1YoumeqZcDcQ']
YoungThreat,1q2nUylEqrRJkiDkXa39Mw,Hitta J3,50DchbKTiJU56SYmIRSJCI,1,['3aZptNYC6Z1YoumeqZcDcQ']
Peysoh,27OdVby2oeFjM1C5XvC3hC,Hitta J3,50DchbKTiJU56SYmIRSJCI,1,['3aZptNYC6Z1YoumeqZcDcQ']
YoungThreat,1q2nUylEqrRJkiDkXa39Mw,Peysoh,27OdVby2oeFjM1C5XvC3hC,1,['3aZptNYC6Z1YoumeqZcDcQ']
j-hope,0b1sIQumIAsNbqAoIClSpy,Jung Kook,6HaGTQPmzraVmaVxvz6EUc,1,['3ajU531gR5fW71wqsw4tFX']
Gavin James,25tMQOrIU4LlUo6Sv8v5SE,Alan Walker,7vk5e3vY1uw9plTHJAMwjN,1,['3b5Li4QKDVBx1x7fQuu54a']
Norma Jean Martine,2fsk4VlJdNF6G8cCMDrrzB,Ofenbach,4AKwRarlmsUlLjIwt38NLw,2,"['3bK1zVFBKIzYjmptmI4NsJ', '6i7zAdNhzUN2k1HcrBxPHG']"
Robin Schulz,3t5xRXzsuZmMDkQzgOX35S,James Blunt,7KMqksf0UMdyA0UCf4R3ux,1,['3bWAqKDWg6u1davspr5IkS']
Lyrical Lemonade,3VrGfWE8YdYMK4ySpnE0ly,Juice WRLD,4MCBfE4596Uoi2O4DtmEMz,1,['3bkpVSoNvBkvt9LJMFT5at']
Cordae,0huGjMyP507tBCARyzSkrv,Lyrical Lemonade,3VrGfWE8YdYMK4ySpnE0ly,1,['3bkpVSoNvBkvt9LJMFT5at']
Cordae,0huGjMyP507tBCARyzSkrv,Juice WRLD,4MCBfE4596Uoi2O4DtmEMz,1,['3bkpVSoNvBkvt9LJMFT5at']
Avicii,1vCWHaC5f2uS3yhpwWbIA6,Leona Lewis,5lKZWd6HiSCLfnDGrq9RAm,1,['3bxtgzAeAZPdRtKoPL5GG2']
Pitbull,0TnOYISbd1XYRBk9myaseg,Kesha,6LqNN22kT3074XbTVUrhzX,1,['3cHyrEgdyYRjgJKSOiOtcS']
Becky G,4obzFoKoKRHIphyHzJ35G3,French Montana,6vXTefBL93Dj5IqAWq6OTv,1,['3clw56k8jqFaXnwdejV4Yo']
Farruko,329e4yvIujISKGKz1BZZbO,Becky G,4obzFoKoKRHIphyHzJ35G3,2,"['3clw56k8jqFaXnwdejV4Yo', '3dWpRjCmaHbroNahuSeX11']"
Farruko,329e4yvIujISKGKz1BZZbO,French Montana,6vXTefBL93Dj5IqAWq6OTv,1,['3clw56k8jqFaXnwdejV4Yo']
Jimin,1oSPZhvZMIrWW5I41kPkkY,Sofia Carson,7bp2lSdh12wcA8LyB1srfJ,1,['3d2bsbugow8JiNvuaRupFH']
PARTYNEXTDOOR,2HPaUgqeutzr3jx5a9WyDV,Kanye West,5K4W6rqBFWDnAN6FQUkS6x,2,"['3dG6tjetoR4GMmUGZUprLt', '6Bg7MznA9X0dIhlAsLyBYj']"
Guaynaa,0BqURncJM5B1BBu7UM51eq,Nicky Jam,1SupJlEpv7RS2tPNRaHViT,1,['3dWpRjCmaHbroNahuSeX11']
Guaynaa,0BqURncJM5B1BBu7UM51eq,Farruko,329e4yvIujISKGKz1BZZbO,1,['3dWpRjCmaHbroNahuSeX11']
Guaynaa,0BqURncJM5B1BBu7UM51eq,Becky G,4obzFoKoKRHIphyHzJ35G3,1,['3dWpRjCmaHbroNahuSeX11']
Guaynaa,0BqURncJM5B1BBu7UM51eq,Sech,77ziqFxp5gaInVrF2lj4ht,1,['3dWpRjCmaHbroNahuSeX11']
Nicky Jam,1SupJlEpv7RS2tPNRaHViT,Becky G,4obzFoKoKRHIphyHzJ35G3,1,['3dWpRjCmaHbroNahuSeX11']
Becky G,4obzFoKoKRHIphyHzJ35G3,Sech,77ziqFxp5gaInVrF2lj4ht,1,['3dWpRjCmaHbroNahuSeX11']
AK AUSSERKONTROLLE,07SFzTMeYf5P8Rd32a9Zzw,Capital Bra,4WZGDpNwrC0vNQyl9QzF7d,1,['3eMwf7uAEn1VJcmd12gMmi']
AK AUSSERKONTROLLE,07SFzTMeYf5P8Rd32a9Zzw,Samra,6h1s4i4XKIYv4ErDelLDN0,1,['3eMwf7uAEn1VJcmd12gMmi']
Selena Gomez,0C8ZW7ezQVs4URX5aX7Kqx,Kygo,23fqKkggKUBHNkbKtXEls4,1,['3eR23VReFzcdmS7TYCrhCe']
Jax Jones,4Q6nIcaBED8qUel8bBx6Cr,Jess Glynne,4ScCswdRlyA23odg9thgIO,1,['3eS1VMcEmq2IUgpaeDysCb']
benny blanco,5CiGnKThu5ctn9pBxv7DGa,Calvin Harris,7CajNmpbOovFoOoasH2HaY,2,"['3eVuglKxN2sjoIGHAsFAge', '5sdb5pMhcK44SSLsj1moUh']"
Miguel,360IAlyVv4PCEVjgyMZrxK,benny blanco,5CiGnKThu5ctn9pBxv7DGa,1,['3eVuglKxN2sjoIGHAsFAge']
Miguel,360IAlyVv4PCEVjgyMZrxK,Calvin Harris,7CajNmpbOovFoOoasH2HaY,1,['3eVuglKxN2sjoIGHAsFAge']
Justin Bieber,1uNFoZAHBGtllmzznpCI3s,USHER,23zg3TcAtWQy7J6upgbUnj,1,['3eYnKe0LhQA1B5HEkQaRTP']
Martin Garrix,60d24wfXkVzDSfLS6hyCjZ,Dua Lipa,6M2wZ9GZgrQXHCFfjv46we,1,['3ebXMykcMXOcLeJ9xZ17XH']
Duki,1bAftSH8umNcGZ0uyV7LMg,Morat,5C4PDR4LnhZTbVnKWXuDKD,1,['3ehHqgYRzmeUi345MfHS2N']
Peso Pluma,12GqGscKJx3aE4t07u7eVZ,Eladio Carrion,5XJDexmWFLWOkjOEjOVX3e,1,['3exe4YcyPO5utmTZcbvQkm']
Chance the Rapper,1anyVhU62p31KFi8MEzkbf,Towkio,23sYU61n9f1CzYi8NJhAXS,1,['3eze1OsZ1rqeXkKStNfTmi']
Justin Bieber,1uNFoZAHBGtllmzznpCI3s,Towkio,23sYU61n9f1CzYi8NJhAXS,1,['3eze1OsZ1rqeXkKStNfTmi']
Anuel AA,2R21vXR83lH98kGeO99Y66,Romeo Santos,5lwmRuXgjX8xIwlnauTZIP,1,['3f5lA8nnc4YYF1qf78WpHw']
DJ Durel,1MHslxKWxauC559dXYEX1C,Migos,6oMuImdp5ZcFhWP0ESe6mG,1,['3fEpuoSr8ufvyRR7s2jB3U']
Niall Horan,1Hsdzj7Dlq2I7tHP7501T4,Anne-Marie,1zNqDE7qDGCsyzJwohVaoX,1,['3fGW43fnu3OHEw6ohTC2Bw']
Juice WRLD,4MCBfE4596Uoi2O4DtmEMz,Trippie Redd,6Xgp2XMz1fhVYe7i6yNAax,7,"['3fNMgjG8yXaSam46swhz7w', '4zbr7Cp3UB00FurUovPU03', '5R4Yrc2j4jw1itr4hKcN26', '75lcPkAkUsKWHGBlGM476R', '7dH9TPjTWQ60wOJkmYay8a', '7iIzwqG5UxPYwTYUUK4pzU', '7tgjDlQsMR8RvkdlNCJA58']"
Ozuna,1i8SpTcr7yvPOmcqrbnVXY,Juanka,3Wb38LDP3N4tkobValgE9D,1,['3fhOpwaKobrELFjKLcXHgI']
Cosculluela,00me4Ke1LsvMxt5kydlMyU,Ozuna,1i8SpTcr7yvPOmcqrbnVXY,1,['3fhOpwaKobrELFjKLcXHgI']
Wisin,3E6xrwgnVfYCrCs0ePERDz,Arcángel,4SsVbpTthjScTS7U2hmr1X,1,['3fhOpwaKobrELFjKLcXHgI']
Wisin,3E6xrwgnVfYCrCs0ePERDz,Juanka,3Wb38LDP3N4tkobValgE9D,1,['3fhOpwaKobrELFjKLcXHgI']
Cosculluela,00me4Ke1LsvMxt5kydlMyU,Wisin,3E6xrwgnVfYCrCs0ePERDz,1,['3fhOpwaKobrELFjKLcXHgI']
Arcángel,4SsVbpTthjScTS7U2hmr1X,Myke Towers,7iK8PXO48WeuP03g8YR51W,3,"['3fhOpwaKobrELFjKLcXHgI', '5NhLA2P7AiV3cloVmwtwLS', '6K5BsR04ijf3FHNzjbaagD']"
Juanka,3Wb38LDP3N4tkobValgE9D,Myke Towers,7iK8PXO48WeuP03g8YR51W,2,"['3fhOpwaKobrELFjKLcXHgI', '6bvfJf4KjonPMuPfGfy3S2']"
Cosculluela,00me4Ke1LsvMxt5kydlMyU,Myke Towers,7iK8PXO48WeuP03g8YR51W,1,['3fhOpwaKobrELFjKLcXHgI']
Juanka,3Wb38LDP3N4tkobValgE9D,Arcángel,4SsVbpTthjScTS7U2hmr1X,1,['3fhOpwaKobrELFjKLcXHgI']
Cosculluela,00me4Ke1LsvMxt5kydlMyU,Arcángel,4SsVbpTthjScTS7U2hmr1X,1,['3fhOpwaKobrELFjKLcXHgI']
Cosculluela,00me4Ke1LsvMxt5kydlMyU,Juanka,3Wb38LDP3N4tkobValgE9D,1,['3fhOpwaKobrELFjKLcXHgI']
ILLENIUM,45eNHdiiabvmbp4erw26rg,The Chainsmokers,69GGBxA162lTqCwzJG5jLp,1,['3g0mEQx3NTanacLseoP0Gw']
Lennon Stella,1cZQSpDsxgKIX2yW5OR9Ot,The Chainsmokers,69GGBxA162lTqCwzJG5jLp,1,['3g0mEQx3NTanacLseoP0Gw']
Lennon Stella,1cZQSpDsxgKIX2yW5OR9Ot,ILLENIUM,45eNHdiiabvmbp4erw26rg,1,['3g0mEQx3NTanacLseoP0Gw']
Manuel Turizo,0tmwSHipWxN12fsoLcFU3B,Ozuna,1i8SpTcr7yvPOmcqrbnVXY,2,"['3g4UyIcQwutiG0TfW32GnX', '48zFZh27QU5qsrBjn4C2FA']"
Damso,2UwqpfQtNuhBwviIC0f2ie,Angèle,3QVolfxko2UyCOtexhVTli,1,['3gAEAmxdP1GIjgQ3Zud2mE']
Lazza,0jdNdfi4vAuVi7a6cPDFBM,thasup,19i93sA0D7yS9dYoVNBqAA,1,['3gUzi41YOt3VExeyHSLsMj']
Quintino,1V3VTM7VspiQjcmRhC010n,R3HAB,6cEuCEZu7PAE9ZSzLLc2oQ,1,['3gfmFoJgmn9LiIj5mV8oSS']
Seeb,5iNrZmtVMtYev5M9yoWpEq,Bastille,7EQ0qTo7fWT7DPxmxtSYEc,1,['3gicyfiEVMGONgzygpWjNT']
Feid,2LRoIwlKmHjgvigdNGBHNo,Ryan Castro,7j6DKwmjbxvpQO8h914uEz,2,"['3gquN8yA0TnqD4NemqCnng', '3mg9jYNC1NihbthlglzrWP']"
Dua Lipa,6M2wZ9GZgrQXHCFfjv46we,Calvin Harris,7CajNmpbOovFoOoasH2HaY,2,"['3h8tI65xdfpQyTAy7Grqwa', '76dIZzTdrNO15mGBrU3MHi']"
Young Thug,50co4Is1HCEo8bhOyUWKpn,Calvin Harris,7CajNmpbOovFoOoasH2HaY,2,"['3h8tI65xdfpQyTAy7Grqwa', '60APt5N2NRaKWf5xzJdzyC']"
Young Thug,50co4Is1HCEo8bhOyUWKpn,Dua Lipa,6M2wZ9GZgrQXHCFfjv46we,1,['3h8tI65xdfpQyTAy7Grqwa']
Kygo,23fqKkggKUBHNkbKtXEls4,John Newman,34v5MVKeQnIo0CWYMbbrPf,1,['3hXGamYfZIrMsvMWLA0JXW']
RAF Camora,0Dvx6p8JDyzeOPGmaCIH1L,Juju,4sg4no0TXdsrM1s4SVUwNF,1,['3hxJ3qXqg8ysYBF1QmO8Ir']
Jessie Reyez,3KedxarmBCyFBevnqQHy3P,Calvin Harris,7CajNmpbOovFoOoasH2HaY,3,"['3i0FkJYlU4MFfYkjFHXXAM', '5N5k9nd479b1xpDZ4usjrg', '6KdmNK9MogmGcnO3wNZHhp']"
Taylor Swift,06HL4z0CvFAxyc27GXpf02,Shawn Mendes,7n2wHs1TKAczGzO7Dd2rGr,1,['3i9UVldZOE0aD0JnyfAZZ0']
2Pac,1ZwdS5xdxEREPySFridCfh,Roger,3GMoVpWJy4smKuxFuFTwXC,1,['3ia3dJETSOllPsv3LJkE35']
2Pac,1ZwdS5xdxEREPySFridCfh,Dr. Dre,6DPYiyq5kWVQS4RGwxzPC7,1,['3ia3dJETSOllPsv3LJkE35']
Roger,3GMoVpWJy4smKuxFuFTwXC,Dr. Dre,6DPYiyq5kWVQS4RGwxzPC7,1,['3ia3dJETSOllPsv3LJkE35']
Pabllo Vittar,6tzRZ39aZlNqlUzQlkuhDV,Major Lazer,738wLrAtLtCtFOLvQBXOXp,1,['3ibRxEv4KkcU9e259eyNJA']
Juice WRLD,4MCBfE4596Uoi2O4DtmEMz,Eminem,7dGJo4pcD2V6oG8kP0tJRR,2,"['3ip0jk1C5jIBYTyHNX0dWm', '7FIWs0pqAYbP91WWM0vlTQ']"
benny blanco,5CiGnKThu5ctn9pBxv7DGa,Eminem,7dGJo4pcD2V6oG8kP0tJRR,1,['3ip0jk1C5jIBYTyHNX0dWm']
Bonez MC,1aS5tqEs9ci5P9KD9tZWa6,Ufo361,5pVRwX5ZQR7hfJ18w8ZYkl,1,['3ipliatTDndCmnYGaNiAbI']
Sierra Ferrell,3oVcF3VdpMuvMvLLyHPT4t,Zach Bryan,40ZNYROS4zLfyyBSs2PGe2,1,['3itgPtXSu4I9mr2QD6yrzP']
Nathan Evans,1PKErrAhYFdfrDymGHRQRo,220 KID,4Euia7UzdRshy1DJOSMTcs,1,['3iw6V4LH7yPj1ESORX9RIN']
Michelangelo,1K7IC4qha4KEXySo6yZmnH,Geolier,27LlKWxS3KXW7RRAxN5S8s,1,['3j1453KrdHjw7y4gnBj7nF']
Mustard,0YinUQ50QDB7ZxSCLyQ40k,Migos,6oMuImdp5ZcFhWP0ESe6mG,1,['3j84U36KvLeXNDPv4t5pI8']
SDM,0LKAV3zJ8a8AIGnyc5OvfB,Booba,58wXmynHaAWI5hwlPZP3qL,1,['3jRTJfW2nvUM4eoZoihnfW']
Juice WRLD,4MCBfE4596Uoi2O4DtmEMz,G Herbo,5QdEbQJ3ylBnc3gsIASAT5,1,['3jT2LKH0RSbQ8jIUNFzXm5']
Lil Uzi Vert,4O15NlyKLIASxsJ0PrXPfz,G Herbo,5QdEbQJ3ylBnc3gsIASAT5,1,['3jT2LKH0RSbQ8jIUNFzXm5']
Chance the Rapper,1anyVhU62p31KFi8MEzkbf,G Herbo,5QdEbQJ3ylBnc3gsIASAT5,1,['3jT2LKH0RSbQ8jIUNFzXm5']
Chance the Rapper,1anyVhU62p31KFi8MEzkbf,Juice WRLD,4MCBfE4596Uoi2O4DtmEMz,1,['3jT2LKH0RSbQ8jIUNFzXm5']
Chance the Rapper,1anyVhU62p31KFi8MEzkbf,Lil Uzi Vert,4O15NlyKLIASxsJ0PrXPfz,1,['3jT2LKH0RSbQ8jIUNFzXm5']
Sech,77ziqFxp5gaInVrF2lj4ht,KAROL G,790FomKkXshlbRYZFtlgla,1,['3jUDqkHatwtprUmZ8epP8P']
G-Eazy,02kJSzxNuaWGqwubyUba0Z,Martin Garrix,60d24wfXkVzDSfLS6hyCjZ,1,['3jbAzLVcHiI5hYSkcKe1Ty']
Sasha Alex Sloan,4xnihxcoXWK3UqryOSnbw5,Martin Garrix,60d24wfXkVzDSfLS6hyCjZ,1,['3jbAzLVcHiI5hYSkcKe1Ty']
G-Eazy,02kJSzxNuaWGqwubyUba0Z,Sasha Alex Sloan,4xnihxcoXWK3UqryOSnbw5,1,['3jbAzLVcHiI5hYSkcKe1Ty']
Tainy,0GM7qgcRCORpGnfcN2tCiB,Anuel AA,2R21vXR83lH98kGeO99Y66,1,['3jbT1Y5MoPwEIpZndDDwVq']
Tainy,0GM7qgcRCORpGnfcN2tCiB,Ozuna,1i8SpTcr7yvPOmcqrbnVXY,1,['3jbT1Y5MoPwEIpZndDDwVq']
Bad Bunny,4q3ewBCX7sLwd24euuV69X,Bomba Estéreo,5n9bMYfz9qss2VOW89EVs2,1,['3k3NWokhRRkEPhCzPmV8TW']
Murillo e LT no Beat,0KcbRunfjZHfwEnEgd1Dy6,Mc IG,2q9wk5fkeU2C9CgCKdh4AN,2,"['3kBYuWrGtx1tSHjzr0vlZh', '5tsKgj1Xbk5bL7t3QiPWOR']"
Mc IG,2q9wk5fkeU2C9CgCKdh4AN,DJ Glenner,6XX6KGpomRDPmGGm7bofCK,1,['3kBYuWrGtx1tSHjzr0vlZh']
Murillo e LT no Beat,0KcbRunfjZHfwEnEgd1Dy6,DJ Glenner,6XX6KGpomRDPmGGm7bofCK,1,['3kBYuWrGtx1tSHjzr0vlZh']
DJ Khaled,0QHgL1lAIqAw0HtD7YldmP,Takeoff,3EW0kQ1skZiK1NHg3Spt9J,1,['3kT6P4hFj0IVr45TjKOLRp']
Mora,0Q8NcsJwoCbZOHHW63su5S,Danny Ocean,5H1nN1SzW0qNeUEZvuXjAj,1,['3kcj2zzabr8qnR4MnMeWv2']
Snow Tha Product,3p3jPcp8b7WL9XYj4xlsWj,Bizarrap,716NhGYqD1jl2wI1Qkgq36,1,['3ke6it1vTmHtz2ApcIVUz5']
Kendo Kaponi,1WMwuNKzEFtU6pPkdtryYS,Daddy Yankee,4VMYDCV2IEDYJArk749S6m,1,['3kml9ZdpT7UYk1ugkjqOzt']
Rumi Carter,3wagsd3wjqjNVlMLPudipm,Beyoncé,6vWDO969PvNqNYHIOW5v0m,1,['3koE8h6ORJ28j0xEPO4n6K']
H.E.R.,3Y7RZ31TRPVadSFVy1o8os,Chris Brown,7bXgB6jMjp9ATFy66eO08Z,1,['3krZxyBsWEHfEfJegYaWTd']
Rich The Kid,1pPmIToKXyGdsCF6LmqLmI,Matuê,5nP8x4uEFjAAmDzwOEc9b8,1,['3ktTWpYdXrYApH54cBo4Ap']
Migrantes,48R2gYdPKtfnfKAzhSVPUx,Alico,7n3wAgh1j3RRbxYzfZTQDF,1,['3lCbsHaN1wCxyDzcNN2x4N']
Kali Uchis,1U1el3k54VvEUzo3ybLPlM,Gorillaz,3AA28KZvwAUcZuOKwyblJQ,1,['3lIxtCaROdRDuTnNBDm3n2']
Juice WRLD,4MCBfE4596Uoi2O4DtmEMz,Migos,6oMuImdp5ZcFhWP0ESe6mG,1,['3lakLxKgelrvKBTyGwDXhX']
Playboi Carti,699OTQXzgjhIYAHMy9RyPD,Lil Yachty,6icQOAFXDZKsumw3YXyusw,1,['3m2aDCqn8eT5ElXDUiboGU']
Bad Gyal,4F4pp8NUW08JuXwnoxglpN,KAROL G,790FomKkXshlbRYZFtlgla,1,['3mFNc5EQn30irR983Wg9OD']
Sean Paul,3Isy6kedDrgPYoTS1dazA9,KAROL G,790FomKkXshlbRYZFtlgla,1,['3mFNc5EQn30irR983Wg9OD']
Sean Paul,3Isy6kedDrgPYoTS1dazA9,Bad Gyal,4F4pp8NUW08JuXwnoxglpN,1,['3mFNc5EQn30irR983Wg9OD']
Calum Scott,6ydoSd3N2mwgwBHtF6K7eX,Lost Frequencies,7f5Zgnp2spUuuzKplmRkt7,1,['3mfER4ORePHvN35cbZ3dkV']
Feid,2LRoIwlKmHjgvigdNGBHNo,KAROL G,790FomKkXshlbRYZFtlgla,1,['3mg9jYNC1NihbthlglzrWP']
DFZM,6ndLrsgT3MV5CNxIrW71fw,KAROL G,790FomKkXshlbRYZFtlgla,1,['3mg9jYNC1NihbthlglzrWP']
Maluma,1r4hJ1h58CWwUQe3MxPuau,KAROL G,790FomKkXshlbRYZFtlgla,2,"['3mg9jYNC1NihbthlglzrWP', '4EKZsrsCKyqr64FBHLc0DU']"
Blessd,1TA5sGRlKUJXBN4ZyJuDIX,KAROL G,790FomKkXshlbRYZFtlgla,1,['3mg9jYNC1NihbthlglzrWP']
Feid,2LRoIwlKmHjgvigdNGBHNo,DFZM,6ndLrsgT3MV5CNxIrW71fw,1,['3mg9jYNC1NihbthlglzrWP']
Feid,2LRoIwlKmHjgvigdNGBHNo,Ovy On The Drums,3m5qlPf2OkihLz3dRYnkPA,1,['3mg9jYNC1NihbthlglzrWP']
Maluma,1r4hJ1h58CWwUQe3MxPuau,Feid,2LRoIwlKmHjgvigdNGBHNo,2,"['3mg9jYNC1NihbthlglzrWP', '7lUdbnz7wsv3C9zzf4WHl9']"
Blessd,1TA5sGRlKUJXBN4ZyJuDIX,Feid,2LRoIwlKmHjgvigdNGBHNo,2,"['3mg9jYNC1NihbthlglzrWP', '7chTH3GBjjAyagf0SPCZDL']"
Ovy On The Drums,3m5qlPf2OkihLz3dRYnkPA,DFZM,6ndLrsgT3MV5CNxIrW71fw,1,['3mg9jYNC1NihbthlglzrWP']
J Balvin,1vyhD5VmyZ7KMfW5gqLgo5,DFZM,6ndLrsgT3MV5CNxIrW71fw,1,['3mg9jYNC1NihbthlglzrWP']
Maluma,1r4hJ1h58CWwUQe3MxPuau,DFZM,6ndLrsgT3MV5CNxIrW71fw,1,['3mg9jYNC1NihbthlglzrWP']
DFZM,6ndLrsgT3MV5CNxIrW71fw,Ryan Castro,7j6DKwmjbxvpQO8h914uEz,1,['3mg9jYNC1NihbthlglzrWP']
Blessd,1TA5sGRlKUJXBN4ZyJuDIX,DFZM,6ndLrsgT3MV5CNxIrW71fw,1,['3mg9jYNC1NihbthlglzrWP']
J Balvin,1vyhD5VmyZ7KMfW5gqLgo5,Ovy On The Drums,3m5qlPf2OkihLz3dRYnkPA,1,['3mg9jYNC1NihbthlglzrWP']
Maluma,1r4hJ1h58CWwUQe3MxPuau,Ovy On The Drums,3m5qlPf2OkihLz3dRYnkPA,1,['3mg9jYNC1NihbthlglzrWP']
Ovy On The Drums,3m5qlPf2OkihLz3dRYnkPA,Ryan Castro,7j6DKwmjbxvpQO8h914uEz,1,['3mg9jYNC1NihbthlglzrWP']
Maluma,1r4hJ1h58CWwUQe3MxPuau,J Balvin,1vyhD5VmyZ7KMfW5gqLgo5,4,"['3mg9jYNC1NihbthlglzrWP', '5099x34vBakWpGkHourFxP', '6JjPBQfI2Y8nIjnm65X6Pw', '7lUdbnz7wsv3C9zzf4WHl9']"
J Balvin,1vyhD5VmyZ7KMfW5gqLgo5,Ryan Castro,7j6DKwmjbxvpQO8h914uEz,1,['3mg9jYNC1NihbthlglzrWP']
Blessd,1TA5sGRlKUJXBN4ZyJuDIX,J Balvin,1vyhD5VmyZ7KMfW5gqLgo5,1,['3mg9jYNC1NihbthlglzrWP']
Maluma,1r4hJ1h58CWwUQe3MxPuau,Ryan Castro,7j6DKwmjbxvpQO8h914uEz,1,['3mg9jYNC1NihbthlglzrWP']
Blessd,1TA5sGRlKUJXBN4ZyJuDIX,Maluma,1r4hJ1h58CWwUQe3MxPuau,1,['3mg9jYNC1NihbthlglzrWP']
Blessd,1TA5sGRlKUJXBN4ZyJuDIX,Ryan Castro,7j6DKwmjbxvpQO8h914uEz,1,['3mg9jYNC1NihbthlglzrWP']
Drake,3TVXtAsR1Inumwj472S9r4,Static Major,3pbi8H08p95NUZ7m6ybxUV,1,['3mvYQKm8h6M5K5h0nVPY9S']
Drake,3TVXtAsR1Inumwj472S9r4,Ty Dolla $ign,7c0XG5cIJTrrAgEC3ULPiq,2,"['3mvYQKm8h6M5K5h0nVPY9S', '5ScbulRnixQ2XAdvrPMFjz']"
Static Major,3pbi8H08p95NUZ7m6ybxUV,Ty Dolla $ign,7c0XG5cIJTrrAgEC3ULPiq,1,['3mvYQKm8h6M5K5h0nVPY9S']
Sam Smith,2wY79sveU1sp5g7SokKOiI,Logic,4xRYI6VqpkE3UwrDrAZL8L,1,['3n3b5WNEohHP7Ou4ndBo6b']
Swedish House Mafia,1h6Cn3P4NGzXbaXidqURXs,Connie Constance,4RB2kk5dmocmMiHFBlmOEt,1,['3nEHrvNNtgLv9rneTAYVr4']
Young Miko,3qsKSpcV3ncke3hw52JSMB,Bad Bunny,4q3ewBCX7sLwd24euuV69X,1,['3nNmRE0DxHC6ZaKkrpUumS']
Charli xcx,25uiPmTg16RbhZWAqwLBy5,Ariana Grande,66CXWjxzNUsdJxJ2JdwvnR,1,['3nQ24dxqvxZEVwlHTeuLz0']
StarBoi3,2WgfkM8S11vg4kxLgDY3F5,Doja Cat,5cj0lLjcoR7YOSnhnX0Po5,1,['3nY8AqaMNNHHLYV4380ol0']
Martin Garrix,60d24wfXkVzDSfLS6hyCjZ,Khalid,6LuN9FCkKOj5PcnpouEgny,1,['3nc420PXjTdBV5TN0gCFkS']
Michael Bublé,1GxkXlMwML1oSg5eLPiAz3,The Puppini Sisters,1svaANJTE5KrG16fTGDqOs,2,"['3nfxV3jfRcRWISwek49LTg', '6RJJUEOfUyMhcxtsfLNRpH']"
JC Reyes,0FwnPHExlRRxEZPLAi5tmG,SAIKO,2O8vbr4RYPpk6MRA4fio7u,1,['3ng8tfwvzR4BBwa9yaMms6']
SAIKO,2O8vbr4RYPpk6MRA4fio7u,Dei V,2YRyPiW98bpkARAS4B3OQP,1,['3ng8tfwvzR4BBwa9yaMms6']
JC Reyes,0FwnPHExlRRxEZPLAi5tmG,Dei V,2YRyPiW98bpkARAS4B3OQP,1,['3ng8tfwvzR4BBwa9yaMms6']
Anne-Marie,1zNqDE7qDGCsyzJwohVaoX,Snakehips,2FwJwEswyIUAljqgjNSHgP,1,['3nodtPfXcok53E8Uze8gvD']
Snakehips,2FwJwEswyIUAljqgjNSHgP,Joey Bada$$,2P5sC9cVZDToPxyomzF1UH,1,['3nodtPfXcok53E8Uze8gvD']
Anne-Marie,1zNqDE7qDGCsyzJwohVaoX,Joey Bada$$,2P5sC9cVZDToPxyomzF1UH,1,['3nodtPfXcok53E8Uze8gvD']
Avicii,1vCWHaC5f2uS3yhpwWbIA6,Kygo,23fqKkggKUBHNkbKtXEls4,1,['3o1CUVeHIid49sabk6A6Nf']
DaBaby,4r63FhuTkUYltbVAg5TQnk,Ashanti,5rkVyNGXEgeUqKkB5ccK83,1,['3oHiR89Y8gn6xt3YGAAzFj']
Megan Thee Stallion,181bsRPaVXVlUKXrxwZfHK,Ashanti,5rkVyNGXEgeUqKkB5ccK83,1,['3oHiR89Y8gn6xt3YGAAzFj']
A$AP Rocky,13ubrt8QOOCPljQ2FL1Kca,T.I.,4OBJLual30L7gRl5UkeRcT,1,['3oHkMCVJyOcjg5FhfLc2Rq']
Kid Cudi,0fA0VVWsXO9YnASrzqfmYu,A$AP Rocky,13ubrt8QOOCPljQ2FL1Kca,1,['3oHkMCVJyOcjg5FhfLc2Rq']
Moby,3OsRAKCvk37zwYcnzRf5XF,T.I.,4OBJLual30L7gRl5UkeRcT,1,['3oHkMCVJyOcjg5FhfLc2Rq']
Kid Cudi,0fA0VVWsXO9YnASrzqfmYu,Moby,3OsRAKCvk37zwYcnzRf5XF,1,['3oHkMCVJyOcjg5FhfLc2Rq']
Kid Cudi,0fA0VVWsXO9YnASrzqfmYu,T.I.,4OBJLual30L7gRl5UkeRcT,1,['3oHkMCVJyOcjg5FhfLc2Rq']
Anirudh Ravichander,4zCH9qm4R2DADamUHMCa6O,Super Subu,6sXT8Cggm4tmoxhVjaUVs0,2,"['3pDbPKZHrpHAWcJVMsrNwA', '5DgY6Ab0vpyUMKnY9ubFOF']"
Mora,0Q8NcsJwoCbZOHHW63su5S,Yandel,0eHQ9o50hj6ZDNBt6Ys1sD,1,['3pQr8EhSzvKN3ZZlaL4Pae']
The Chainsmokers,69GGBxA162lTqCwzJG5jLp,Drew Love,76yeOnINtQSXyoEHbkYmtY,1,['3pWcj8hxj3fsb9TDAcMpEl']
Tiago Doidão,6JyfXyzoX303xiXFwhT9Za,Juliano Maderada,72DK3UxDm7IOR9jCwnZKEz,1,['3pgKhQdt8MNXUhh9698qmi']
Ovy On The Drums,3m5qlPf2OkihLz3dRYnkPA,Quevedo,52iwsT98xCoGgiGntTiR7K,1,['3pjvkWO9fqiRRBE1tDLu3S']
J Balvin,1vyhD5VmyZ7KMfW5gqLgo5,JHAYCO,6nVcHLIgY5pE2YCl8ubca1,2,"['3qM0vBxIe4VUbK0Z0smuVP', '4R8BJggjosTswLxtkw8V7P']"
Eslabon Armado,0XeEobZplHxzM9QzFQWLiR,Peso Pluma,12GqGscKJx3aE4t07u7eVZ,2,"['3qQbCzHBycnDpGskqOWY0E', '5jVExEArvISIYu8mamVgfV']"
Daddy Yankee,4VMYDCV2IEDYJArk749S6m,Myke Towers,7iK8PXO48WeuP03g8YR51W,2,"['3qUdysxsu5FDvOl7nR5vln', '4EQOGfssbSpTlV6EZRtrSv']"
Eladio Carrion,5XJDexmWFLWOkjOEjOVX3e,Myke Towers,7iK8PXO48WeuP03g8YR51W,1,['3qXZqXGniqNt3PK2CBSZgM']
G-Eazy,02kJSzxNuaWGqwubyUba0Z,Charlie Puth,6VuMaDnrHyPL1p4EHjYLi7,1,['3qk4wRMDlaeagZGjSYbsOV']
Dj Serpinha,17CbKzT0I4256iVuPvrZXr,MC Teteu,6ulkDr2Bnu7Qlbrs5iDOF1,1,['3qmdfYpfvKRIXmWaLllHZ3']
Twenty One Pilots,3YQKmKGau1PzlVlkL1iodx,League of Legends,47mIJdHORyRerp4os813jD,1,['3qrTll9OQ9wcejTxPFY0qg']
kiLL edward,3EWxytcxaM0tksU6v3je2Q,J. Cole,6l3HvQ5sa6mXTsMTB19rO5,2,"['3rFF7kSm5qBOOPs6ljFgPp', '6onwlDmIVKE8bBgyBRSuS0']"
Xand Avião,43DRDu6nLSeIedZ7T1A616,Os Barões Da Pisadinha,5Lv2GUVwqmQBPwrTrxucE5,1,['3rRin3LyLY92kpEbkCgwf4']
MEDUZA,0xRXCcSX89eobfrshSVdyu,James Carter,5344K3N7rx7kw1HjO8psuq,1,['3rb0tMq42WfggucPm0HHkA']
MEDUZA,0xRXCcSX89eobfrshSVdyu,Elley Duhé,67MNhiAICFY6Pwc2YxCO0K,1,['3rb0tMq42WfggucPm0HHkA']
MEDUZA,0xRXCcSX89eobfrshSVdyu,FAST BOY,56Qz2XwGj7FxnNKrfkWjnb,1,['3rb0tMq42WfggucPm0HHkA']
James Carter,5344K3N7rx7kw1HjO8psuq,Elley Duhé,67MNhiAICFY6Pwc2YxCO0K,1,['3rb0tMq42WfggucPm0HHkA']
James Carter,5344K3N7rx7kw1HjO8psuq,FAST BOY,56Qz2XwGj7FxnNKrfkWjnb,1,['3rb0tMq42WfggucPm0HHkA']
FAST BOY,56Qz2XwGj7FxnNKrfkWjnb,Elley Duhé,67MNhiAICFY6Pwc2YxCO0K,1,['3rb0tMq42WfggucPm0HHkA']
Travis Scott,0Y5tJX1MQlPlqiwlOH1tJY,J. Cole,6l3HvQ5sa6mXTsMTB19rO5,1,['3s4mrPrEFFPF0LmAfutW0n']
Jax Jones,4Q6nIcaBED8qUel8bBx6Cr,MNEK,7uMh23xWiuR7zsNkuNcm2G,1,['3sa06xVNmLLYIxdNNmVQN8']
Mc Frog,5xKesKsXI1jv2TorLOnbbm,Davi Kneip,6rygauyIMQJrXRC4e5rQJP,2,"['3sd2p4kE7xQmFH3lPnFl6h', '6cS0vHihdIXy77v828qYwR']"
Dj Gabriel do Borel,6HJiLhKqnOh32p3LSNWsR3,Davi Kneip,6rygauyIMQJrXRC4e5rQJP,2,"['3sd2p4kE7xQmFH3lPnFl6h', '6cS0vHihdIXy77v828qYwR']"
Luísa Sonza,4PzYKhC14sTJNEr0dzoo0d,Davi Kneip,6rygauyIMQJrXRC4e5rQJP,2,"['3sd2p4kE7xQmFH3lPnFl6h', '6cS0vHihdIXy77v828qYwR']"
Mc Frog,5xKesKsXI1jv2TorLOnbbm,Dj Gabriel do Borel,6HJiLhKqnOh32p3LSNWsR3,2,"['3sd2p4kE7xQmFH3lPnFl6h', '6cS0vHihdIXy77v828qYwR']"
Luísa Sonza,4PzYKhC14sTJNEr0dzoo0d,Mc Frog,5xKesKsXI1jv2TorLOnbbm,2,"['3sd2p4kE7xQmFH3lPnFl6h', '6cS0vHihdIXy77v828qYwR']"
Luísa Sonza,4PzYKhC14sTJNEr0dzoo0d,Dj Gabriel do Borel,6HJiLhKqnOh32p3LSNWsR3,2,"['3sd2p4kE7xQmFH3lPnFl6h', '6cS0vHihdIXy77v828qYwR']"
Post Malone,246dkjvS1zLTtiykXe5h60,Ty Dolla $ign,7c0XG5cIJTrrAgEC3ULPiq,2,"['3swc6WTsr7rl9DqQKQA55C', '5IUtvfNvOyVYZUa6AJFrnP']"
Maluma,1r4hJ1h58CWwUQe3MxPuau,French Montana,6vXTefBL93Dj5IqAWq6OTv,1,['3t6j6WNv2OSn6qm5Vxynub']
WILLOW,3rWZHrfrsPBxVy692yAIxF,mgk,6TIYQ3jFPwQSRmorSezPxX,1,['3tBZ60j1jQ7NJm8IjelyQe']
Lil Uzi Vert,4O15NlyKLIASxsJ0PrXPfz,Lil Baby,5f7VJjfbwm532GiveGC0ZK,1,['3tDqEKKUs6gf8zMvSuLyLA']
GloRilla,2qoQgPAilErOKCwE2Y8wOG,Tyler The Creator,4V8LLVI7PbaPR0K2TGSxFF,1,['3tFed7YsjGnIfxeLEQwx3R']
Sexyy Red,3DbwFQlvLxRSi2uX8mf81A,Tyler The Creator,4V8LLVI7PbaPR0K2TGSxFF,1,['3tFed7YsjGnIfxeLEQwx3R']
GloRilla,2qoQgPAilErOKCwE2Y8wOG,Sexyy Red,3DbwFQlvLxRSi2uX8mf81A,2,"['3tFed7YsjGnIfxeLEQwx3R', '5xeSd4HgzrYpNLEf3LfYLK']"
GloRilla,2qoQgPAilErOKCwE2Y8wOG,Lil Wayne,55Aa2cqylxrFIXC767Z865,1,['3tFed7YsjGnIfxeLEQwx3R']
Sexyy Red,3DbwFQlvLxRSi2uX8mf81A,Lil Wayne,55Aa2cqylxrFIXC767Z865,1,['3tFed7YsjGnIfxeLEQwx3R']
Maluma,1r4hJ1h58CWwUQe3MxPuau,Madonna,6tbjWDEIzxoDsBA1FuhfPW,1,['3tTV4DYlhkiXRNiiXwIAPf']
Lana Del Rey,00FQb4jTyendYWaN8pK0wa,A$AP Rocky,13ubrt8QOOCPljQ2FL1Kca,2,"['3tWa5qmAJ2OsHV6KxNZBxc', '5QqyRUZeBE04yJxsD1OC0I']"
Kendrick Lamar,2YZyLoL8N0Wb9xBt1NhZWg,Kodak Black,46SHBwWsqBkxI7EeeBEQG7,1,['3tYTyAt1q6BFBiGyYVOLhi']
Future,1RyvyyTE3xzB2ZywiAwp0i,Yung Bans,6WkUZyqghQei2G809wMKuZ,1,['3thLnNvO9IctWoccbsZyJV']
Juice WRLD,4MCBfE4596Uoi2O4DtmEMz,Yung Bans,6WkUZyqghQei2G809wMKuZ,1,['3thLnNvO9IctWoccbsZyJV']
Ke Personajes,06Q5VlSAku57lFzyME3HrM,Big One,2OhUNb01gLwygOizYvTm0e,1,['3tiJUOfAEqIrLFRQgGgdoY']
Ke Personajes,06Q5VlSAku57lFzyME3HrM,FMK,0dUyjgCyjfj5eMx6bX2TWf,1,['3tiJUOfAEqIrLFRQgGgdoY']
BloodPop®,1okJ4NC308qbtY9LyHn6DO,Hailee Steinfeld,5p7f24Rk5HkUZsaS3BLG5F,1,['3towKHKVOXCCcL1fHv6xFO']
Jack Harlow,2LIk90788K0zvyj2JJVwkJ,Pharrell Williams,2RdwBSPQiwcmiDo9kixcl8,1,['3u8bblcJtOxxmGzJrviWLp']
Mozzik,1pkDzgHvVqC17qYGKfLPpb,Loredana,2Im8m4STDBosjfmb5hmP80,4,"['3uB8KqnEoQq5bTQ1JFHJ7Y', '52UVKsw31NTOCTNPTpwbFJ', '5UtiebKGhsSce9gX1qCqic', '6DiaHETMcKdX7FwuGXwp1O']"
Cardi B,4kYSro6naA4h99UJvo89HB,Kanye West,5K4W6rqBFWDnAN6FQUkS6x,1,['3uJFmluXzYedoJcvhpC1AW']
Lil Durk,3hcs9uc56yIGFCSy9leWe7,Cardi B,4kYSro6naA4h99UJvo89HB,1,['3uJFmluXzYedoJcvhpC1AW']
TrifeDrew,3cWGilyM7pw2Q1bGbTXuBr,6ix9ine,7gZfnEnfiaHzxARJ2LeXrf,1,['3uPuEFKEzGTn628CCQZUCF']
Doode,3Ns5FA1ANQOzsHLWspsrC6,Teto,68YeXpLt3jB7JHQS5ZjMGo,1,['3ua3rqwBNmeGeQfcKnA3bT']
Doode,3Ns5FA1ANQOzsHLWspsrC6,Matuê,5nP8x4uEFjAAmDzwOEc9b8,1,['3ua3rqwBNmeGeQfcKnA3bT']
Matuê,5nP8x4uEFjAAmDzwOEc9b8,Teto,68YeXpLt3jB7JHQS5ZjMGo,4,"['3ua3rqwBNmeGeQfcKnA3bT', '4qDT0BeJ7BjatrN9k8AvB4', '6OcZP4rUfuxms2r8Mwx5BQ', '6bTdZ7xfKp3NqqADJ8HLyj']"
Polo G,6AgTAQt8XS6jRWi4sX7w49,Migos,6oMuImdp5ZcFhWP0ESe6mG,1,['3v1zVVdzNVNt7vmI9VG2gq']
Milo j,19HM5j0ULGSmEoRcrSe5x3,Eladio Carrion,5XJDexmWFLWOkjOEjOVX3e,1,['3vP62cjz1b4QvUS5vSyEVY']
XXXTENTACION,15UsOTVnJzReFVN1VCnxy4,Lil Wayne,55Aa2cqylxrFIXC767Z865,2,"['3vWzyGTu6Ovo1GdrcJqH6e', '5BQrp63SHCVf4bzCzJePne']"
XXXTENTACION,15UsOTVnJzReFVN1VCnxy4,Ty Dolla $ign,7c0XG5cIJTrrAgEC3ULPiq,1,['3vWzyGTu6Ovo1GdrcJqH6e']
PR1ISVX,0QdSoQy4EwwOACmhZobTQu,Kanii,1S82w4yw9TYIHZ889mPPaW,1,['3vcLw8QA3yCOkrj9oLSZNs']
David Guetta,1Cs0zKBU1kc0i8ypK3B9ai,Lil Wayne,55Aa2cqylxrFIXC767Z865,1,['3vgNmjuRDnGLxUFGCLkwpm']
Nicki Minaj,0hCNtLu0JehylgoiP8L4Gh,David Guetta,1Cs0zKBU1kc0i8ypK3B9ai,2,"['3vgNmjuRDnGLxUFGCLkwpm', '5Xn4IyTtW6FUGIUyWjbUHG']"
Tyga,5LHRHt1k9lMyONurDHEdrp,Doja Cat,5cj0lLjcoR7YOSnhnX0Po5,2,"['3vySEUpD0tc801F2WZDLYw', '7f5trao56t7sB7f14QDTmp']"
Rich The Kid,1pPmIToKXyGdsCF6LmqLmI,¥$,4xPQFgDA5M2xa0ZGo5iIsv,1,['3w0w2T288dec0mgeZZqoNN']
¥$,4xPQFgDA5M2xa0ZGo5iIsv,Playboi Carti,699OTQXzgjhIYAHMy9RyPD,1,['3w0w2T288dec0mgeZZqoNN']
Rich The Kid,1pPmIToKXyGdsCF6LmqLmI,Kanye West,5K4W6rqBFWDnAN6FQUkS6x,1,['3w0w2T288dec0mgeZZqoNN']
Rich The Kid,1pPmIToKXyGdsCF6LmqLmI,Ty Dolla $ign,7c0XG5cIJTrrAgEC3ULPiq,1,['3w0w2T288dec0mgeZZqoNN']
Playboi Carti,699OTQXzgjhIYAHMy9RyPD,Ty Dolla $ign,7c0XG5cIJTrrAgEC3ULPiq,1,['3w0w2T288dec0mgeZZqoNN']
Rich The Kid,1pPmIToKXyGdsCF6LmqLmI,Playboi Carti,699OTQXzgjhIYAHMy9RyPD,1,['3w0w2T288dec0mgeZZqoNN']
Ana Castela,2CKOmarVWvWqkNWUatHCex,Zé Neto & Cristiano,487N2T9nIPEHrlTZLL3SQs,1,['3w392XWJ5bXzjcCR2Dmvqn']
Naughty Boy,1bT7m67vi78r2oqvxrP3X5,Sam Smith,2wY79sveU1sp5g7SokKOiI,1,['3wPPWcVuinAU7dXcJXtCID']
Swizz Beatz,2cADQgiLMjNhbsfeN52Bf3,Lil Wayne,55Aa2cqylxrFIXC767Z865,1,['3wScL5W8H40zzCKN0atfBk']
Quavo,0VRj0yCOv2FXJNP47XQnx5,Quality Control,6i392l38cR3uBPF0DbNs7S,1,['3wdfLVUhmX64lIyWIIEW8s']
Quality Control,6i392l38cR3uBPF0DbNs7S,Lil Yachty,6icQOAFXDZKsumw3YXyusw,1,['3wdfLVUhmX64lIyWIIEW8s']
Quavo,0VRj0yCOv2FXJNP47XQnx5,Lil Yachty,6icQOAFXDZKsumw3YXyusw,2,"['3wdfLVUhmX64lIyWIIEW8s', '5uAMiB0RMCjdq7p5mEjfY1']"
Daddy Yankee,4VMYDCV2IEDYJArk749S6m,Camila Cabello,4nDoRrQiYLoBzwC5BhVJzF,1,['3whrwq4DtvucphBPUogRuJ']
Jasiel Nuñez,0T8Ix53aIN4F7aEKj4EnKy,Junior H,7Gi6gjaWy3DxyilpF1a8Is,1,['3wlIAXSDtlD9iU8ysld06Z']
Arijit Singh,4YRxDV8wJFPHPTeXepOstw,Anirudh Ravichander,4zCH9qm4R2DADamUHMCa6O,2,"['3xMHXmedL5Rvfxmiar9Ryv', '4nc6XiUze2Yh7wFueGOPv7']"
Shilpa Rao,19LIHDDSHBD5NyYHI3gpzB,Anirudh Ravichander,4zCH9qm4R2DADamUHMCa6O,2,"['3xMHXmedL5Rvfxmiar9Ryv', '4nc6XiUze2Yh7wFueGOPv7']"
Kumaar,0m3D4grap8VFSzbJMqgNVk,Anirudh Ravichander,4zCH9qm4R2DADamUHMCa6O,2,"['3xMHXmedL5Rvfxmiar9Ryv', '4nc6XiUze2Yh7wFueGOPv7']"
Shilpa Rao,19LIHDDSHBD5NyYHI3gpzB,Arijit Singh,4YRxDV8wJFPHPTeXepOstw,2,"['3xMHXmedL5Rvfxmiar9Ryv', '4nc6XiUze2Yh7wFueGOPv7']"
Kumaar,0m3D4grap8VFSzbJMqgNVk,Arijit Singh,4YRxDV8wJFPHPTeXepOstw,3,"['3xMHXmedL5Rvfxmiar9Ryv', '4nc6XiUze2Yh7wFueGOPv7', '6FAYpZ4jve8vpvTwUvjK6H']"
Juan Magán,1ackd5XprZEkH3McKbQD51,Belinda,5LeiVcEnsZcwc133TUhJNW,1,['3xWEI23MLJrD0dpDcDUTW6']
Manuel Turizo,0tmwSHipWxN12fsoLcFU3B,Juan Magán,1ackd5XprZEkH3McKbQD51,1,['3xWEI23MLJrD0dpDcDUTW6']
Juan Magán,1ackd5XprZEkH3McKbQD51,Snova,5oOyEfGd8NxAKA41zGQhoj,1,['3xWEI23MLJrD0dpDcDUTW6']
Juan Magán,1ackd5XprZEkH3McKbQD51,B-Case,1o9x7ez0NvhDb7gBqrYnUj,1,['3xWEI23MLJrD0dpDcDUTW6']
Manuel Turizo,0tmwSHipWxN12fsoLcFU3B,Belinda,5LeiVcEnsZcwc133TUhJNW,1,['3xWEI23MLJrD0dpDcDUTW6']
Belinda,5LeiVcEnsZcwc133TUhJNW,Snova,5oOyEfGd8NxAKA41zGQhoj,1,['3xWEI23MLJrD0dpDcDUTW6']
B-Case,1o9x7ez0NvhDb7gBqrYnUj,Belinda,5LeiVcEnsZcwc133TUhJNW,1,['3xWEI23MLJrD0dpDcDUTW6']
Manuel Turizo,0tmwSHipWxN12fsoLcFU3B,Snova,5oOyEfGd8NxAKA41zGQhoj,1,['3xWEI23MLJrD0dpDcDUTW6']
Manuel Turizo,0tmwSHipWxN12fsoLcFU3B,B-Case,1o9x7ez0NvhDb7gBqrYnUj,1,['3xWEI23MLJrD0dpDcDUTW6']
B-Case,1o9x7ez0NvhDb7gBqrYnUj,Snova,5oOyEfGd8NxAKA41zGQhoj,1,['3xWEI23MLJrD0dpDcDUTW6']
KSI,1nzgtKYFckznkcVMR3Gg4z,Offset,4DdkRBBYG6Yk9Ka8tdJ9BW,1,['3xcgXaHFeoCs0xTRJvqDGm']
Normani,2cWZOOzeOm4WmBJRnD5R7I,Sam Smith,2wY79sveU1sp5g7SokKOiI,1,['3xgT3xIlFGqZjYW9QlhJWp']
Damso,2UwqpfQtNuhBwviIC0f2ie,YG Pablo,3UHc2YZGHYS6TEYMJeDf1D,1,['3xkB3FONm2ZZKUpo5NRYGa']
Anuel AA,2R21vXR83lH98kGeO99Y66,Myke Towers,7iK8PXO48WeuP03g8YR51W,3,"['3xv8JksRyqHa1lwkM9xvJf', '43qcs9NpJhDxtG91zxFkj7', '6bvfJf4KjonPMuPfGfy3S2']"
JHAYCO,6nVcHLIgY5pE2YCl8ubca1,Myke Towers,7iK8PXO48WeuP03g8YR51W,3,"['3xv8JksRyqHa1lwkM9xvJf', '43qcs9NpJhDxtG91zxFkj7', '5NhLA2P7AiV3cloVmwtwLS']"
blackbear,2cFrymmkijnjDg9SS92EPM,Charlie Puth,6VuMaDnrHyPL1p4EHjYLi7,1,['3xvYvJAa0iUVKKsYcuDNlK']
Kygo,23fqKkggKUBHNkbKtXEls4,Rita Ora,5CCwRZC6euC8Odo6y9X8jr,1,['3y3brCCecHC3Db18aIOnny']
Loredana,2Im8m4STDBosjfmb5hmP80,KC Rebell,5p7mWeX4RlvqBCxylfiXdE,1,['3yFmG1luaLjuHWI6BGmwxJ']
Loredana,2Im8m4STDBosjfmb5hmP80,Summer Cem,3drqpTL4sQOckmAfF9i1wg,1,['3yFmG1luaLjuHWI6BGmwxJ']
Xand Avião,43DRDu6nLSeIedZ7T1A616,Guilherme & Benuto,6m6e7D2TnV0aYMllFFwMxu,1,['3yHXEidSu4gYVRqKoI653O']
Arijit Singh,4YRxDV8wJFPHPTeXepOstw,Shreyas Puranik,5o36rLQd78Zh8CaT8rn59d,1,['3yHyiUDJdz02FZ6jfUbsmY']
Arijit Singh,4YRxDV8wJFPHPTeXepOstw,Siddharth - Garima,6k6TIai4KyKG1DeIMftSmJ,1,['3yHyiUDJdz02FZ6jfUbsmY']
Shreyas Puranik,5o36rLQd78Zh8CaT8rn59d,Siddharth - Garima,6k6TIai4KyKG1DeIMftSmJ,1,['3yHyiUDJdz02FZ6jfUbsmY']
Justin Bieber,1uNFoZAHBGtllmzznpCI3s,Billie Eilish,6qqNVTkY8uBg9cP3Jd7DAH,1,['3yNZ5r3LKfdmjoS3gkhUCT']
Camila Cabello,4nDoRrQiYLoBzwC5BhVJzF,DaBaby,4r63FhuTkUYltbVAg5TQnk,1,['3yOlyBJuViE2YSGn3nVE1K']
Esperanza Spalding,5bepW5vcdRzheNc0F8lHJ5,John Legend,5y2Xq6xcjJb2jVM54GHK3t,1,['3yQbBL8hsYtUhXSrmbKq8X']
Bring Me The Horizon,1Ffb6ejR6Fe5IamqA5oRUF,Lil Uzi Vert,4O15NlyKLIASxsJ0PrXPfz,1,['3ySqZ8yGoh4Emi9HiPCCdP']
TOMORROW X TOGETHER,0ghlgldX5Dd6720Q3qFyQB,Seori,2bWTIIQP9zaVc55RaMGu7e,1,['3yTkoTuiKRGL2VAlQd7xsC']
CÉLINE,5ZYOlPpI9FZu2uIPkTB0UA,Ufo361,5pVRwX5ZQR7hfJ18w8ZYkl,1,['3yZCjDTxzZxx1kll1sRjGc']
Drake,3TVXtAsR1Inumwj472S9r4,Smiley,6jeg7JBX9J9097esK752iR,1,['3yaYgjEFkRw3PVjW9mV1TO']
Arcángel,4SsVbpTthjScTS7U2hmr1X,Sech,77ziqFxp5gaInVrF2lj4ht,5,"['3yoDVeVWIPSuH1IolXKA0X', '4Pu0a2TuHOYtI4CCE3HEXI', '5W1qmxHrMlQGGAiFA3ZQqP', '6K5BsR04ijf3FHNzjbaagD', '7sQKy5vlPQllr0k9IjYJv3']"
Megan Thee Stallion,181bsRPaVXVlUKXrxwZfHK,Young Thug,50co4Is1HCEo8bhOyUWKpn,1,['3yv7994DWTEk3ihwy75YBQ']
The Harlem Community Choir,0vneleczrRRNPF1vj0x0vy,John Lennon,4x1nvY2FN8jxqAFA0DA02H,1,['3zJw3rugfpVrmBeDDnUYzy']
The Plastic Ono Band,4m2kfAHEnK7Z7qLGxeWtro,John Lennon,4x1nvY2FN8jxqAFA0DA02H,1,['3zJw3rugfpVrmBeDDnUYzy']
The Harlem Community Choir,0vneleczrRRNPF1vj0x0vy,The Plastic Ono Band,4m2kfAHEnK7Z7qLGxeWtro,1,['3zJw3rugfpVrmBeDDnUYzy']
The Harlem Community Choir,0vneleczrRRNPF1vj0x0vy,Yoko Ono,2s4tjL6W3qrblOe0raIzwJ,1,['3zJw3rugfpVrmBeDDnUYzy']
Yoko Ono,2s4tjL6W3qrblOe0raIzwJ,The Plastic Ono Band,4m2kfAHEnK7Z7qLGxeWtro,1,['3zJw3rugfpVrmBeDDnUYzy']
Brent Faiyaz,3tlXnStJ1fFhdScmQeLpuG,Dahi,5BozIJTTNCufaZpjhy2der,1,['3zakx7RAwdkUQlOoQ7SJRt']
Tyler The Creator,4V8LLVI7PbaPR0K2TGSxFF,Dahi,5BozIJTTNCufaZpjhy2der,1,['3zakx7RAwdkUQlOoQ7SJRt']
Andrea Bocelli,3EA9hVIzKfFiQI0Kikz2wo,Ed Sheeran,6eUKZXaKkcviH0Ku9w2n3V,1,['3zl7j5ua8mF4JDYuxrfo01']
Belly,0FOWNUFHPnMy0vOw1siGqi,Young Thug,50co4Is1HCEo8bhOyUWKpn,1,['3zs87EV3EZSh2UpiXxT52Y']
The Weeknd,1Xyo4u8uXC1ZmMpatF05PJ,Young Thug,50co4Is1HCEo8bhOyUWKpn,2,"['3zs87EV3EZSh2UpiXxT52Y', '7F1LWA9sIlTorHUo4amGqk']"
Amanda Shires,5yN0nwLpUCaZ2gr67bndCN,Luke Combs,718COspgdWOnwOFpJHRZHS,1,['3zxAw8PaqpeGZ3Pakkxv3J']
2 Chainz,17lzZA2AlOHwCwFALHttmp,Lil Baby,5f7VJjfbwm532GiveGC0ZK,1,['3zxiTHxE4MxwuYf8aLQ9ax']
Kendrick Lamar,2YZyLoL8N0Wb9xBt1NhZWg,Summer Walker,57LYzLEk2LcFghVwuWbcuS,1,['401160izncPtca3CmX3dvM']
Kendrick Lamar,2YZyLoL8N0Wb9xBt1NhZWg,Ghostface Killah,6FD0unjzGQhX3b6eMccMJe,1,['401160izncPtca3CmX3dvM']
Summer Walker,57LYzLEk2LcFghVwuWbcuS,Ghostface Killah,6FD0unjzGQhX3b6eMccMJe,1,['401160izncPtca3CmX3dvM']
J Hus,2a0uxJgbvvIRI4GX8pYfcr,Drake,3TVXtAsR1Inumwj472S9r4,1,['40EXFgNMOIQRQOwJZ8mJkC']
Rick Ross,1sBkRIssrMs1AbVkOJbc7a,Russ,1z7b1Pr1rSlvWRzsW3HOrS,1,['40FUPlp2KJvdHY5ABnK100']
Macklemore,3JhNCzhSMTxs9WLGJJxWOY,Martin Garrix,60d24wfXkVzDSfLS6hyCjZ,1,['40OMBMYRk5IQL6xCzGM0JA']
Fall Out Boy,4UXqAaa6dQYAk18Lv7PEgX,Martin Garrix,60d24wfXkVzDSfLS6hyCjZ,1,['40OMBMYRk5IQL6xCzGM0JA']
Macklemore,3JhNCzhSMTxs9WLGJJxWOY,Fall Out Boy,4UXqAaa6dQYAk18Lv7PEgX,1,['40OMBMYRk5IQL6xCzGM0JA']
Skizzy Mars,00Z3UDoAQwzvGu13HoAM7J,Vice,0q4NrXqJnc367PieejuROJ,1,['40UroIGvsMPLPBYwH8rMNA']
Vice,0q4NrXqJnc367PieejuROJ,Jasmine Thompson,2TL8gYTNgD6nXkyuUdDrMg,1,['40UroIGvsMPLPBYwH8rMNA']
Skizzy Mars,00Z3UDoAQwzvGu13HoAM7J,Jasmine Thompson,2TL8gYTNgD6nXkyuUdDrMg,1,['40UroIGvsMPLPBYwH8rMNA']
G-Eazy,02kJSzxNuaWGqwubyUba0Z,Bebe Rexha,64M6ah0SkkRsnPGtGiRAbb,1,['40YcuQysJ0KlGQTeGUosTC']
Blueface,3Fl1V19tmjt57oBdxXKAjJ,French Montana,6vXTefBL93Dj5IqAWq6OTv,1,['40Zb4FZ6nS1Hj8RVfaLkCV']
Lil Tjay,6jGMq4yGs7aQzuGsMgVgZR,French Montana,6vXTefBL93Dj5IqAWq6OTv,1,['40Zb4FZ6nS1Hj8RVfaLkCV']
Blueface,3Fl1V19tmjt57oBdxXKAjJ,Lil Tjay,6jGMq4yGs7aQzuGsMgVgZR,1,['40Zb4FZ6nS1Hj8RVfaLkCV']
Pop Smoke,0eDvMgVFoNV3TpwtrVCoTj,JACKBOYS,7A8S43ryYdbWpJKeHRZRcq,1,['40mjsnRjCpycdUw3xhS20g']
Travis Scott,0Y5tJX1MQlPlqiwlOH1tJY,JACKBOYS,7A8S43ryYdbWpJKeHRZRcq,3,"['40mjsnRjCpycdUw3xhS20g', '4AO1XhrgJczQ9bNVxdfKQe', '6gi6y1xwmVszDWkUqab1qw']"
Travis Scott,0Y5tJX1MQlPlqiwlOH1tJY,Pop Smoke,0eDvMgVFoNV3TpwtrVCoTj,1,['40mjsnRjCpycdUw3xhS20g']
XXXTENTACION,15UsOTVnJzReFVN1VCnxy4,Kodak Black,46SHBwWsqBkxI7EeeBEQG7,1,['40oKW22ZNNkEdZLJTScaQI']
Ak4:20,1SiLK8gdECx2iEm2SSj0Bl,Pailita,4yxLYO2imECxGYTTV7RQKb,1,['40w8JmvwYUP2HUiXPxjy99']
Ak4:20,1SiLK8gdECx2iEm2SSj0Bl,Cris Mj,1Yj5Xey7kTwvZla8sqdsdE,1,['40w8JmvwYUP2HUiXPxjy99']
Cris Mj,1Yj5Xey7kTwvZla8sqdsdE,Pailita,4yxLYO2imECxGYTTV7RQKb,1,['40w8JmvwYUP2HUiXPxjy99']
Stefflon Don,2ExGrw6XpbtUAJHTLtUXUD,Luis Fonsi,4V8Sr092TqfHkfAA5fXXqG,1,['4178A5NkEjcsGc64jpBO6d']
IU,3HqSLMAZ3g3d5poNaI7GOU,Agust D,5RmQ8k4l3HZ8JoPb4mNsML,1,['41JPN7pZMTp1sumBOHOzHd']
Nicki Minaj,0hCNtLu0JehylgoiP8L4Gh,Lil Uzi Vert,4O15NlyKLIASxsJ0PrXPfz,3,"['41bmnQZoDMQdDh5zyomtW7', '5ZJGv7aGdIr9IGpxzSG18T', '6GNifiuBPrKFpwNBYnooFm']"
Thiago Jhonathan (TJ),0cZ0hBu2JZFT99wDzEfS89,Brisa Star,7fKfVo62Yx50GtTdIgeBqk,1,['41pFFOnh1glVNIlrWOpBjb']
Bausa,13bDjug9N0pyv3ZUINjkDV,RIN,18ISxWwWjV6rPLoVCXf1dz,1,['41wZE5FpxbPaZqXtlmBhPG']
Anne-Marie,1zNqDE7qDGCsyzJwohVaoX,Nick Jonas,4Rxn7Im3LGfyRkY2FlHhWi,1,['42NpUvd0I2kdIuMXX4nobE']
Mike Posner,2KsP6tYLJlTBvSUxnwlVWa,Nick Jonas,4Rxn7Im3LGfyRkY2FlHhWi,1,['42NpUvd0I2kdIuMXX4nobE']
Anne-Marie,1zNqDE7qDGCsyzJwohVaoX,Mike Posner,2KsP6tYLJlTBvSUxnwlVWa,1,['42NpUvd0I2kdIuMXX4nobE']
Zach Bryan,40ZNYROS4zLfyyBSs2PGe2,Maggie Rogers,4NZvixzsSefsNiIqXn0NDe,1,['42TtHTxWk782ZBiqyOi2d1']
Metro Boomin,0iEtIxbK0KxaSlF7G42ZOp,2 Chainz,17lzZA2AlOHwCwFALHttmp,1,['42XnD59SFcomCJu55EPhqJ']
Duki,1bAftSH8umNcGZ0uyV7LMg,Bizarrap,716NhGYqD1jl2wI1Qkgq36,4,"['42ahuAFlYGjIGBpVdHcLij', '5AAb8GlTnCwkhBTJxw6F90', '6GsD646HrIDJJpzoY9T1Rt', '7MkylDYvKTSuWgrsBhHlsG']"
Miley Cyrus,5YGY8feqx7naU7z4HrwZM6,Ghostface Killah,6FD0unjzGQhX3b6eMccMJe,1,['42zePe03Iq8tvFcJAIKkp8']
Nueva H,0AY6tq934rmw7zSFRl6e6S,Natanael Cano,0elWFr7TW8piilVRYJUe4P,2,"['43558Td2trz7O0chZYohEE', '71bGl0FoaBGHNT0CGhVOs1']"
Pitbull,0TnOYISbd1XYRBk9myaseg,USHER,23zg3TcAtWQy7J6upgbUnj,1,['4356Typ82hUiFAynbLYbPn']
BROCKHAMPTON,1Bl6wpkWCQ4KVgnASpvzzA,Dua Lipa,6M2wZ9GZgrQXHCFfjv46we,1,['438wODjSTL2jgn1nePaNew']
Kendrick Lamar,2YZyLoL8N0Wb9xBt1NhZWg,MC Eiht,4XqfpACObRB5AsBcUYjL8X,1,['439TlnnznSiBbQbgXiBqAd']
Cordae,0huGjMyP507tBCARyzSkrv,Logic,4xRYI6VqpkE3UwrDrAZL8L,1,['43IfdE75ficQgsI8QGBvwb']
iZaak,4s6Xg38sbqh4xpf4OqhVUK,JHAYCO,6nVcHLIgY5pE2YCl8ubca1,1,['43PiEypaceH339CSNiggyj']
Anuel AA,2R21vXR83lH98kGeO99Y66,iZaak,4s6Xg38sbqh4xpf4OqhVUK,1,['43PiEypaceH339CSNiggyj']
Hugh Jackman,5F1aoppMtU3OMiltO8ymJ2,Keala Settle,7HV2RI2qNug4EcQqLbCAKS,2,"['43ay9lQZ5rfNcOOHhRF2cM', '5xNUR50KxswPRAvx7S163g']"
Hugh Jackman,5F1aoppMtU3OMiltO8ymJ2,Zendaya,6sCbFbEjbYepqswM1vWjjs,2,"['43ay9lQZ5rfNcOOHhRF2cM', '5xNUR50KxswPRAvx7S163g']"
Zac Efron,6U1dBXJhC8gXFjamvFTmHg,Keala Settle,7HV2RI2qNug4EcQqLbCAKS,1,['43ay9lQZ5rfNcOOHhRF2cM']
Zendaya,6sCbFbEjbYepqswM1vWjjs,Keala Settle,7HV2RI2qNug4EcQqLbCAKS,2,"['43ay9lQZ5rfNcOOHhRF2cM', '5xNUR50KxswPRAvx7S163g']"
Zac Efron,6U1dBXJhC8gXFjamvFTmHg,Zendaya,6sCbFbEjbYepqswM1vWjjs,2,"['43ay9lQZ5rfNcOOHhRF2cM', '630sXRhIcfwr2e4RdNtjKN']"
The Greatest Showman Ensemble,63nv0hWWDob56Rk8GlNpN8,Zac Efron,6U1dBXJhC8gXFjamvFTmHg,1,['43ay9lQZ5rfNcOOHhRF2cM']
The Greatest Showman Ensemble,63nv0hWWDob56Rk8GlNpN8,Zendaya,6sCbFbEjbYepqswM1vWjjs,2,"['43ay9lQZ5rfNcOOHhRF2cM', '5xNUR50KxswPRAvx7S163g']"
Cashmere Cat,2LZDXcxJWgsJfKXZv9a5eG,Camila Cabello,4nDoRrQiYLoBzwC5BhVJzF,1,['43hDboyy6vJ6z2Jx5sHnCF']
Wisin,3E6xrwgnVfYCrCs0ePERDz,JHAYCO,6nVcHLIgY5pE2YCl8ubca1,2,"['43qcs9NpJhDxtG91zxFkj7', '7Bk0uXKk1uPT0XuQbpFzvs']"
Anuel AA,2R21vXR83lH98kGeO99Y66,Wisin,3E6xrwgnVfYCrCs0ePERDz,2,"['43qcs9NpJhDxtG91zxFkj7', '5q2JbCNi4FcnglgPfxcV65']"
Los Legendarios,0n6sKrG0xKAf8xmdqeNGke,JHAYCO,6nVcHLIgY5pE2YCl8ubca1,2,"['43qcs9NpJhDxtG91zxFkj7', '7Bk0uXKk1uPT0XuQbpFzvs']"
Los Legendarios,0n6sKrG0xKAf8xmdqeNGke,Anuel AA,2R21vXR83lH98kGeO99Y66,1,['43qcs9NpJhDxtG91zxFkj7']
Robin Schulz,3t5xRXzsuZmMDkQzgOX35S,Nick Jonas,4Rxn7Im3LGfyRkY2FlHhWi,1,['43wzy7JxMEfvCh8ZFeZKYk']
Wafia,0FL2d6iFFNAV3yBUbXjZ1U,Louis The Child,7wg1qvie3KqDNQbAkTdbX0,1,['447yWcDPg1ddgcHBLGpJC0']
Ufo361,5pVRwX5ZQR7hfJ18w8ZYkl,Ezhel,6LnJKrtFnTEGdbWQ2riWCL,1,['44Fc0oSgRn1MFwu18TcY8S']
Mavis Staples,0cTSCsVx04SSht9V6cpKN0,Gorillaz,3AA28KZvwAUcZuOKwyblJQ,1,['44PelqgstAM0lb8rHPKfHq']
Pusha T,0ONHkAv9pCAFxb0zJwDNTy,Gorillaz,3AA28KZvwAUcZuOKwyblJQ,1,['44PelqgstAM0lb8rHPKfHq']
Pusha T,0ONHkAv9pCAFxb0zJwDNTy,Mavis Staples,0cTSCsVx04SSht9V6cpKN0,1,['44PelqgstAM0lb8rHPKfHq']
Buscabulla,0MoaBi6dSquXp6rrlqlF8R,Bad Bunny,4q3ewBCX7sLwd24euuV69X,1,['44XjoNvtwevktFKjvVe1vH']
Måneskin,0lAWpj5szCSwM4rUMHYmrr,Tom Morello,74NBPbyyftqJ4SpDZ4c1Ed,1,['44Xyja7xYPlVC6v2CeweSi']
Nicki Minaj,0hCNtLu0JehylgoiP8L4Gh,J. Cole,6l3HvQ5sa6mXTsMTB19rO5,1,['44gmXwbdHjwQsQvsiraj14']
G-Eazy,02kJSzxNuaWGqwubyUba0Z,Lukas Graham,25u4wHJWxCA9vO0CzxAbK7,1,['44l9nnCVvOQBbWG6tDViKl']
Bass Santana,0O1cTzccAEKaEFShgzAK9V,Ski Mask The Slump God,2rhFzFmezpnW82MNqEKVry,1,['44nlOJLjLqwNgYcT277V25']
XXXTENTACION,15UsOTVnJzReFVN1VCnxy4,Ski Mask The Slump God,2rhFzFmezpnW82MNqEKVry,3,"['44nlOJLjLqwNgYcT277V25', '658I1uDnmLSiltFCf98AWE', '79R3qLqdbwUSYWX4cEOpbJ']"
Normani,2cWZOOzeOm4WmBJRnD5R7I,Khalid,6LuN9FCkKOj5PcnpouEgny,1,['45Egmo7icyopuzJN0oMEdk']
John Mayer,0hEurMDQu99nJRq8pTxO14,Daniel Caesar,20wkVLutqVOYrc0kxFs7rA,1,['45PxuJqJBnPXZKLxoo9Apj']
Why Don't We,2jnIB6XdLvnJUeNTy5A0J2,Macklemore,3JhNCzhSMTxs9WLGJJxWOY,1,['45ZGEdLxCZvdMX9jWlsAAx']
Charlie Charles,1UCxzrM5WJh9ure5vCcsim,Sfera Ebbasta,23TFHmajVfBtlRx5MXqgoz,2,"['45zJRuzK9e6AO527NOW7Fy', '4BGmYEDOK1swwoxTtfmVZD']"
Mahmood,06nvjg4wBANK6DCHjqtPNd,Charlie Charles,1UCxzrM5WJh9ure5vCcsim,1,['45zJRuzK9e6AO527NOW7Fy']
Charlie Charles,1UCxzrM5WJh9ure5vCcsim,Fabri Fibra,7u710e44HW3K7A5eTnRqHC,1,['45zJRuzK9e6AO527NOW7Fy']
Mahmood,06nvjg4wBANK6DCHjqtPNd,Sfera Ebbasta,23TFHmajVfBtlRx5MXqgoz,1,['45zJRuzK9e6AO527NOW7Fy']
Sfera Ebbasta,23TFHmajVfBtlRx5MXqgoz,Fabri Fibra,7u710e44HW3K7A5eTnRqHC,1,['45zJRuzK9e6AO527NOW7Fy']
Mahmood,06nvjg4wBANK6DCHjqtPNd,Fabri Fibra,7u710e44HW3K7A5eTnRqHC,1,['45zJRuzK9e6AO527NOW7Fy']
Justin Timberlake,31TPClRtHm23RisEBtV3X7,SZA,7tYKF4w9nC0nq9CsPZTHyP,1,['463PQggkmk5tTw8ug0ahOX']
El Padrinito Toys,04mzq9GH08zOBRdV2gzmXm,Oscar Maydon,3l9G1G9MxH6DaRhwLklaf5,1,['46FdwGMcgz6gik4RCpWBAW']
Shakira,0EmeFodog0BfCgMzAIvKQp,Prince Royce,3MHaV05u0io8fQbZ2XPtlC,1,['46HdsiK0uR26B2dY9QPzda']
Sachin-Jigar,1mBydYMVBECdDmMfE2sEUO,Varun Jain,4gzrZDyL5gYiROkv27pYKx,1,['46hzNOUOAlivuCZZ0wE3zi']
Varun Jain,4gzrZDyL5gYiROkv27pYKx,Shadab Faridi,6WixbETKEXH0xBf0OB9kRB,1,['46hzNOUOAlivuCZZ0wE3zi']
Altamash Faridi,38IHJBGBuaYXHEkIQd4DtF,Varun Jain,4gzrZDyL5gYiROkv27pYKx,1,['46hzNOUOAlivuCZZ0wE3zi']
Amitabh Bhattacharya,2fMqTqiTxUDlmcOEPaQSsx,Varun Jain,4gzrZDyL5gYiROkv27pYKx,1,['46hzNOUOAlivuCZZ0wE3zi']
Sachin-Jigar,1mBydYMVBECdDmMfE2sEUO,Shadab Faridi,6WixbETKEXH0xBf0OB9kRB,1,['46hzNOUOAlivuCZZ0wE3zi']
Sachin-Jigar,1mBydYMVBECdDmMfE2sEUO,Altamash Faridi,38IHJBGBuaYXHEkIQd4DtF,1,['46hzNOUOAlivuCZZ0wE3zi']
Sachin-Jigar,1mBydYMVBECdDmMfE2sEUO,Amitabh Bhattacharya,2fMqTqiTxUDlmcOEPaQSsx,3,"['46hzNOUOAlivuCZZ0wE3zi', '5AnWrUzsrFgBvhn6dUElnr', '5QW9K4A1gMnIi94YUxtsfM']"
Altamash Faridi,38IHJBGBuaYXHEkIQd4DtF,Shadab Faridi,6WixbETKEXH0xBf0OB9kRB,1,['46hzNOUOAlivuCZZ0wE3zi']
Amitabh Bhattacharya,2fMqTqiTxUDlmcOEPaQSsx,Shadab Faridi,6WixbETKEXH0xBf0OB9kRB,1,['46hzNOUOAlivuCZZ0wE3zi']
Amitabh Bhattacharya,2fMqTqiTxUDlmcOEPaQSsx,Altamash Faridi,38IHJBGBuaYXHEkIQd4DtF,1,['46hzNOUOAlivuCZZ0wE3zi']
MEDUZA,0xRXCcSX89eobfrshSVdyu,Hozier,2FXC3k01G6Gw61bmprjgqS,1,['46nvQpUDsxpS08UTFOeKTA']
Nimo,3ZuBEj9ppJe8GSdKaMTfMN,Miksu / Macloud,76dRoxKtDwYkgCQePok9cU,1,['46zfTi4Wg6mmkOBPimtg6X']
Nimo,3ZuBEj9ppJe8GSdKaMTfMN,Jamule,4sVieJlKgpZ2k9ESNS5IdN,1,['46zfTi4Wg6mmkOBPimtg6X']
Megan Thee Stallion,181bsRPaVXVlUKXrxwZfHK,BTS,3Nrfpe0tUJi4K4DXYWgMUX,1,['474VqnPDr0251lsQBB8sQB']
Pi’erre Bourne,3x3jSlhyv5CiCZDZlaTq0M,Playboi Carti,699OTQXzgjhIYAHMy9RyPD,1,['475jSz0H6U3duJyNiDS0tT']
DJ Khaled,0QHgL1lAIqAw0HtD7YldmP,Juice WRLD,4MCBfE4596Uoi2O4DtmEMz,1,['47IySiC5o08gz0z5VDiH93']
Meek Mill,20sxb77xiYeusSH8cVdatc,Lil Uzi Vert,4O15NlyKLIASxsJ0PrXPfz,1,['488HG8lR11JswT2YgcWGRB']
Dj Lv Mdp,01CFmzv28eTtJAjhrvOsiW,Mc Anjim,0DjQFfVxBipTFTXRCwImMP,1,['48Ll1C6qAnP2UjnopQDh4a']
Mc Anjim,0DjQFfVxBipTFTXRCwImMP,DJ PH DA SERRA,7Dq3oCz43MCuWBRgWTltZI,1,['48Ll1C6qAnP2UjnopQDh4a']
Dj Lv Mdp,01CFmzv28eTtJAjhrvOsiW,DJ PH DA SERRA,7Dq3oCz43MCuWBRgWTltZI,1,['48Ll1C6qAnP2UjnopQDh4a']
Sean Paul,3Isy6kedDrgPYoTS1dazA9,Dua Lipa,6M2wZ9GZgrQXHCFfjv46we,1,['48QmG1dfvMuYLxMPt7KSRA']
Drake,3TVXtAsR1Inumwj472S9r4,Brent Faiyaz,3tlXnStJ1fFhdScmQeLpuG,2,"['48WidxP9CqyYtk97pwGZ3c', '6N9U1wkWniSXD4TKD4ln0h']"
The Neptunes,0KuF7reCTOZwV7YJnHQqgr,Brent Faiyaz,3tlXnStJ1fFhdScmQeLpuG,2,"['48WidxP9CqyYtk97pwGZ3c', '6N9U1wkWniSXD4TKD4ln0h']"
The Neptunes,0KuF7reCTOZwV7YJnHQqgr,Drake,3TVXtAsR1Inumwj472S9r4,2,"['48WidxP9CqyYtk97pwGZ3c', '6N9U1wkWniSXD4TKD4ln0h']"
Agatino Romero,124jbwgd8Hh6LW7jAqTa8r,Jaxomy,1c3uso4iIeeX3P0bhKaQDq,1,['48lxT5qJF0yYyf2z4wB4xW']
Jaxomy,1c3uso4iIeeX3P0bhKaQDq,Raffaella Carrà,6EVyI0S0b1Ld2nm37m5x85,1,['48lxT5qJF0yYyf2z4wB4xW']
Agatino Romero,124jbwgd8Hh6LW7jAqTa8r,Raffaella Carrà,6EVyI0S0b1Ld2nm37m5x85,1,['48lxT5qJF0yYyf2z4wB4xW']
Joony,0gY0jm6QAzJCAslmZC3T35,Brent Faiyaz,3tlXnStJ1fFhdScmQeLpuG,1,['48oQGynnS8RLiYRFsJ6pDL']
Nicki Minaj,0hCNtLu0JehylgoiP8L4Gh,ZAYN,5ZsFI1h6hIdQRw2ti0hz81,1,['49ATdDBSasXb6wsHdrB2xQ']
Gunna,2hlmm7s2ICUX0LVIhVFlZQ,Kodak Black,46SHBwWsqBkxI7EeeBEQG7,1,['49W1ZqawgaAwbIY3Hlrp0K']
Lennon Stella,1cZQSpDsxgKIX2yW5OR9Ot,Charlie Puth,6VuMaDnrHyPL1p4EHjYLi7,1,['49dFIRQCQxPWgoH0m38XQ5']
Stormzy,2SrSdSvpminqmStGELCSNd,Burna Boy,3wcj11K77LjEY1PkEazffa,2,"['49i5Qn3zXsMBPsSOmYAFut', '4QPEwDdOMhY7rNS05mTyMR']"
Stormzy,2SrSdSvpminqmStGELCSNd,Joel Corry,6DgP9otnZw5z6daOntINxp,1,['49i5Qn3zXsMBPsSOmYAFut']
Joel Corry,6DgP9otnZw5z6daOntINxp,Ed Sheeran,6eUKZXaKkcviH0Ku9w2n3V,1,['49i5Qn3zXsMBPsSOmYAFut']
Burna Boy,3wcj11K77LjEY1PkEazffa,Joel Corry,6DgP9otnZw5z6daOntINxp,1,['49i5Qn3zXsMBPsSOmYAFut']
Taylor Swift,06HL4z0CvFAxyc27GXpf02,Hayley Williams,6Rx1JKzBrSzoKQtmbVmBnM,1,['4ABYxlb92WBIjHu7TIKmml']
Don Toliver,4Gso3d4CscCijv0lmajZWs,JACKBOYS,7A8S43ryYdbWpJKeHRZRcq,1,['4AO1XhrgJczQ9bNVxdfKQe']
Mari Fernandez,0BHm7qbh3ENxvXzkQAG7MP,Gustavo Mioto,1X6ORK7IekgmyjV6IFPszP,1,['4ASA1PZyWGbuc4d9N8OAcF']
Taylor Swift,06HL4z0CvFAxyc27GXpf02,The Chicks,25IG9fa7cbdmCIy3OnuH57,1,['4AYtqFyFbX0Xkc2wtcygTr']
Eno,3GBBxBdoolb0B5YizZq9bF,MERO,5wyWp867LWGjFmYZXVSFnZ,1,['4AgK0CwpwcekXVdAoYB2VO']
Empress Of,5QuBVnBPEzwYvFrgBbwpmU,Khalid,6LuN9FCkKOj5PcnpouEgny,1,['4AhSkRYioEIfGvCV19peYN']
Rich Music LTD,2kqUKsTuEj1lPbm6BSn1AU,Wisin,3E6xrwgnVfYCrCs0ePERDz,2,"['4AjWbAwRpxk2worpjNH5CS', '5Id5B3dxJZhPcV9GzgYZZe']"
Zion,1pgDilWYDWLoOgGjf1iHNu,Rich Music LTD,2kqUKsTuEj1lPbm6BSn1AU,2,"['4AjWbAwRpxk2worpjNH5CS', '5Id5B3dxJZhPcV9GzgYZZe']"
Rich Music LTD,2kqUKsTuEj1lPbm6BSn1AU,Dímelo Flow,3fZk3Gm5dN5v5yfYMQ04Bx,1,['4AjWbAwRpxk2worpjNH5CS']
Dalex,0KPX4Ucy9dk82uj4GpKesn,Wisin,3E6xrwgnVfYCrCs0ePERDz,2,"['4AjWbAwRpxk2worpjNH5CS', '5Id5B3dxJZhPcV9GzgYZZe']"
Wisin,3E6xrwgnVfYCrCs0ePERDz,Sech,77ziqFxp5gaInVrF2lj4ht,2,"['4AjWbAwRpxk2worpjNH5CS', '5Id5B3dxJZhPcV9GzgYZZe']"
Zion,1pgDilWYDWLoOgGjf1iHNu,Sech,77ziqFxp5gaInVrF2lj4ht,4,"['4AjWbAwRpxk2worpjNH5CS', '5Id5B3dxJZhPcV9GzgYZZe', '684EjRHwNsZQ9hCQxL4NYL', '6K5BsR04ijf3FHNzjbaagD']"
Justin Quiles,14zUHaJZo1mnYtn6IBRaRP,Wisin,3E6xrwgnVfYCrCs0ePERDz,2,"['4AjWbAwRpxk2worpjNH5CS', '5Id5B3dxJZhPcV9GzgYZZe']"
Zion,1pgDilWYDWLoOgGjf1iHNu,Wisin,3E6xrwgnVfYCrCs0ePERDz,2,"['4AjWbAwRpxk2worpjNH5CS', '5Id5B3dxJZhPcV9GzgYZZe']"
Wisin,3E6xrwgnVfYCrCs0ePERDz,Dímelo Flow,3fZk3Gm5dN5v5yfYMQ04Bx,1,['4AjWbAwRpxk2worpjNH5CS']
Lenny Tavárez,1pQWsZQehhS4wavwh7Fnxd,Wisin,3E6xrwgnVfYCrCs0ePERDz,2,"['4AjWbAwRpxk2worpjNH5CS', '5Id5B3dxJZhPcV9GzgYZZe']"
Feid,2LRoIwlKmHjgvigdNGBHNo,Wisin,3E6xrwgnVfYCrCs0ePERDz,2,"['4AjWbAwRpxk2worpjNH5CS', '5Id5B3dxJZhPcV9GzgYZZe']"
Zion,1pgDilWYDWLoOgGjf1iHNu,Dímelo Flow,3fZk3Gm5dN5v5yfYMQ04Bx,2,"['4AjWbAwRpxk2worpjNH5CS', '684EjRHwNsZQ9hCQxL4NYL']"
Zion,1pgDilWYDWLoOgGjf1iHNu,Feid,2LRoIwlKmHjgvigdNGBHNo,2,"['4AjWbAwRpxk2worpjNH5CS', '5Id5B3dxJZhPcV9GzgYZZe']"
Feid,2LRoIwlKmHjgvigdNGBHNo,Dímelo Flow,3fZk3Gm5dN5v5yfYMQ04Bx,1,['4AjWbAwRpxk2worpjNH5CS']
Manan Bhardwaj,3pQ4aA7dkolyjUAMrVScgh,Bhupinder Babbal,5bppkTlu7F930pWlNn1b1g,1,['4ApCig0GTR4IEp7Ijsyo3r']
DaBaby,4r63FhuTkUYltbVAg5TQnk,Roddy Ricch,757aE44tKEUQEqRuT6GnEB,2,"['4Aykm3xrOFSHrAnv80KUhh', '7ytR5pFWmSjzHJIeQkgog4']"
Boef,0Jsk5iYMr5aNjHury7blm1,Numidia,3OMZaRPVE5OI1IkDbZFBFU,1,['4BFjxR3dQzgSYFWjOnP4S3']
Charlie Charles,1UCxzrM5WJh9ure5vCcsim,Ghali,3egWSWp7Y4FyCKIyvXbw7L,1,['4BGmYEDOK1swwoxTtfmVZD']
Sfera Ebbasta,23TFHmajVfBtlRx5MXqgoz,Ghali,3egWSWp7Y4FyCKIyvXbw7L,1,['4BGmYEDOK1swwoxTtfmVZD']
Stormzy,2SrSdSvpminqmStGELCSNd,Little Mix,3e7awlrlDSwF3iM0WBjGMp,1,['4BJ5T8ZZZ3UrPG7k0OVQrp']
Alonestar,1kwi1Q7X4jPTkHTgayxKhS,Rick Live,6VuyrmclG2XOdkqz0AeGcs,1,['4BRYmA7o6QzKlhhLgFNt88']
Alonestar,1kwi1Q7X4jPTkHTgayxKhS,Ed Sheeran,6eUKZXaKkcviH0Ku9w2n3V,1,['4BRYmA7o6QzKlhhLgFNt88']
Rick Live,6VuyrmclG2XOdkqz0AeGcs,Ed Sheeran,6eUKZXaKkcviH0Ku9w2n3V,1,['4BRYmA7o6QzKlhhLgFNt88']
Tyler The Creator,4V8LLVI7PbaPR0K2TGSxFF,LaToiya Williams,6w71vXwHI2Oz6I5OO41tRM,1,['4BSR9I4ExlCJdXJo2GpBD5']
Daniel Caesar,20wkVLutqVOYrc0kxFs7rA,LaToiya Williams,6w71vXwHI2Oz6I5OO41tRM,1,['4BSR9I4ExlCJdXJo2GpBD5']
Winona Oak,3XC57xz74X3xUi1hv4mge1,The Chainsmokers,69GGBxA162lTqCwzJG5jLp,1,['4BiiOzZCrXEzHRLYcYFiD5']
Azet,39KEQQAG9JhIt71g9NEVhh,Capital Bra,4WZGDpNwrC0vNQyl9QzF7d,1,['4BzvWX9B1viL3cj4bMxmx0']
AJ Tracey,4Xi6LSfFqv26XgP9NKN26U,Headie One,6UCQYrcJ6wab6gnQ89OJFh,1,['4C4n9gQPyjP7gMzldsjp4a']
Stormzy,2SrSdSvpminqmStGELCSNd,Headie One,6UCQYrcJ6wab6gnQ89OJFh,2,"['4C4n9gQPyjP7gMzldsjp4a', '6Oq4fiDzKaFMU89dTvM24u']"
Stormzy,2SrSdSvpminqmStGELCSNd,AJ Tracey,4Xi6LSfFqv26XgP9NKN26U,1,['4C4n9gQPyjP7gMzldsjp4a']
Cardi B,4kYSro6naA4h99UJvo89HB,ROSALÍA,7ltDVBr6mKbRvohxheJ9h1,1,['4CD623yLJVvKJxUyzaTqtC']
Post Malone,246dkjvS1zLTtiykXe5h60,Ozzy Osbourne,6ZLTlhejhndI4Rh53vYhrY,2,"['4CEFxa53bQl45kF3Fq6CeD', '7CZyCXKG6d5ALeq41sLzbw']"
Taylor Swift,06HL4z0CvFAxyc27GXpf02,Maren Morris,6WY7D3jk8zTrHtmkqqo5GI,1,['4CHpVfAhuxNJ3ibExe6kxO']
Pop Smoke,0eDvMgVFoNV3TpwtrVCoTj,Polo G,6AgTAQt8XS6jRWi4sX7w49,1,['4CPcZHzSvIBM8AKhdHUwnL']
Fivio Foreign,14CHVeJGrR5xgUGQFV5BVM,Polo G,6AgTAQt8XS6jRWi4sX7w49,2,"['4CPcZHzSvIBM8AKhdHUwnL', '4eNOLmx8r2IJAVKvBBL1jv']"
Taylor Swift,06HL4z0CvFAxyc27GXpf02,Chris Stapleton,4YLtscXsxbVgi031ovDDdh,1,['4CkgMiMqZ5JzW9iYXSTMTL']
Travis Scott,0Y5tJX1MQlPlqiwlOH1tJY,Tyla,3SozjO3Lat463tQICI9LcE,1,['4CljUDO1I5hpKjwSNK6RWY']
Victor Cardenas,00CMSJdbf36zOzKB3z8JrR,Dayvi,2TWBei99x2tV70bdYbWdAf,1,['4Clmg1g8n2yBYG13Z1oSdG']
Kelly Ruíz,0cCNT5RyWndpS7Zx7ISEDw,Dayvi,2TWBei99x2tV70bdYbWdAf,1,['4Clmg1g8n2yBYG13Z1oSdG']
Victor Cardenas,00CMSJdbf36zOzKB3z8JrR,Kelly Ruíz,0cCNT5RyWndpS7Zx7ISEDw,1,['4Clmg1g8n2yBYG13Z1oSdG']
Logic,4xRYI6VqpkE3UwrDrAZL8L,Wale,67nwj3Y5sZQLl72VNUHEYE,1,['4CstQ0SUkl0YkoeZkIZlIx']
John Lindahl,2ei3ToTz5SL3pVp17X0Vkd,Logic,4xRYI6VqpkE3UwrDrAZL8L,1,['4CstQ0SUkl0YkoeZkIZlIx']
John Lindahl,2ei3ToTz5SL3pVp17X0Vkd,Wale,67nwj3Y5sZQLl72VNUHEYE,1,['4CstQ0SUkl0YkoeZkIZlIx']
Sfera Ebbasta,23TFHmajVfBtlRx5MXqgoz,Diplo,5fMUXHkw8R8eOP2RNVYEZX,1,['4CvW0iHAs7yJhbpnJ3NSnS']
Kodak Black,46SHBwWsqBkxI7EeeBEQG7,Lil Wayne,55Aa2cqylxrFIXC767Z865,1,['4DTpngLjoHj5gFxEZFeD3J']
Nicky Jam,1SupJlEpv7RS2tPNRaHViT,Will Smith,41qil2VaGbD194gaEcmmyx,1,['4DnHUy01jEA4b5ydC3HgsT']
Nicky Jam,1SupJlEpv7RS2tPNRaHViT,Era Istrefi,4poL7YCSkG7kMnWjAdDU91,1,['4DnHUy01jEA4b5ydC3HgsT']
Will Smith,41qil2VaGbD194gaEcmmyx,Era Istrefi,4poL7YCSkG7kMnWjAdDU91,1,['4DnHUy01jEA4b5ydC3HgsT']
Alleh,3DeOmVSmpv7WknXoo1OS8p,Yorghaki,4eq1q0o9XPyNq9RG3fNDD1,1,['4DnrAI8WyUY6gkOwl8GlPN']
Jul,3IW7ScrzXmPvZhB27hmfgy,Ninho,6Te49r3A6f5BiIgBRxH7FH,1,['4DwppHaJ76CJ0GYOFwrQoJ']
Future,1RyvyyTE3xzB2ZywiAwp0i,J. Cole,6l3HvQ5sa6mXTsMTB19rO5,1,['4Dx4e0X5dR6TW85dtFU42x']
Metro Boomin,0iEtIxbK0KxaSlF7G42ZOp,J. Cole,6l3HvQ5sa6mXTsMTB19rO5,1,['4Dx4e0X5dR6TW85dtFU42x']
Logic,4xRYI6VqpkE3UwrDrAZL8L,Marshmello,64KEffDW9EtZ1y2vBYgq8T,1,['4EAV2cKiqKP5UPZmY6dejk']
Zion & Lennox,21451j1KhjAiaYKflxBjr1,Bad Bunny,4q3ewBCX7sLwd24euuV69X,1,['4EJHKSnHENfjOxXWryyNtL']
Gucci Mane,13y7CgLHjMVRMDqxdx0Xdo,Doja Cat,5cj0lLjcoR7YOSnhnX0Po5,1,['4EivmOT13NMpNSfTKn9p4s']
Kehlani,0cGUm45nv7Z6M6qdXYQGTX,KYLE,4qBgvVog0wzW75IQ48mU7v,1,['4F1yvJfQ7gJkrcgFJQDjOr']
Jasmine Thompson,2TL8gYTNgD6nXkyuUdDrMg,Zedd,2qxJFvFYMEDqd7ui6kSAcq,1,['4FYbo4yQzu3hGkj2Ix4ucW']
Rauw Alejandro,1mcTU81TzQhprhouKaTkpq,Camilo,28gNT5KBp7IjEOQoevXf9N,1,['4G3PTss3mU33Tau7t4KbwE']
Travis Scott,0Y5tJX1MQlPlqiwlOH1tJY,The Weeknd,1Xyo4u8uXC1ZmMpatF05PJ,3,"['4GL9GMX9t7Qkprvf1YighZ', '4cbdPT6uaBOgOQe3fLMofl', '5L3ecxQnQ9qTBmnLQiwf0C']"
The Weeknd,1Xyo4u8uXC1ZmMpatF05PJ,Swae Lee,1zNqQNIdeOUZHb8zbZRFMX,2,"['4GL9GMX9t7Qkprvf1YighZ', '6nI74KsH94IN0J2vp5shdT']"
Conan Gray,4Uc8Dsxct0oMqx0P6i60ea,Lauv,5JZ7CnR6gTvEMKX4g70Amv,1,['4Gt2kh3QbAGU6yquOWn4aW']
Jere Klein,35oGZihZclGoTVuICPXRP9,Gittobeatz,4rRwh9ghjocFABAwIwnunp,1,['4GvEuYAfJlICR2SpMDaBxQ']
Ángela Aguilar,3abT87tqQ4Q5PA5nw6CYyH,Yuridia,5B8ApeENp4bE4EE3LI8jK2,1,['4H6o1bxKRGzmsE0vzo968m']
Justin Bieber,1uNFoZAHBGtllmzznpCI3s,Ariana Grande,66CXWjxzNUsdJxJ2JdwvnR,1,['4HBZA5flZLE435QTztThqH']
PARTYNEXTDOOR,2HPaUgqeutzr3jx5a9WyDV,Rihanna,5pKCCKE2ajJHZ9KAiaK11H,1,['4HDCLYli2SUdkq9OjmvhSD']
Jelly Roll,19k8AgwwTSxeaxkOuCQEJs,Eminem,7dGJo4pcD2V6oG8kP0tJRR,1,['4HMUrFl8y6rQCzEbaGEkcj']
Thiaguinho MT,0yApzRdrUqTGqX9MULdnmV,Mila,606eWexxNhc6Mj0RuCxMA9,1,['4HUZBG98TYbxSR9V1V2DWS']
Thiaguinho MT,0yApzRdrUqTGqX9MULdnmV,JS o Mão de Ouro,7C7NNCiIFavKH6oDarjp0v,1,['4HUZBG98TYbxSR9V1V2DWS']
Mila,606eWexxNhc6Mj0RuCxMA9,JS o Mão de Ouro,7C7NNCiIFavKH6oDarjp0v,1,['4HUZBG98TYbxSR9V1V2DWS']
Jay Wheeler,2cPqdH7XMvwaBJEVjheH8g,DJ Nelson,2ydZrTy8U3kOMOzx20s3dg,1,['4HYDUMY0xSpeBr0AMY9cUz']
Jay Wheeler,2cPqdH7XMvwaBJEVjheH8g,Myke Towers,7iK8PXO48WeuP03g8YR51W,1,['4HYDUMY0xSpeBr0AMY9cUz']
DJ Nelson,2ydZrTy8U3kOMOzx20s3dg,Myke Towers,7iK8PXO48WeuP03g8YR51W,1,['4HYDUMY0xSpeBr0AMY9cUz']
Tyler The Creator,4V8LLVI7PbaPR0K2TGSxFF,DAISY WORLD,53rBi3LpNcMJUTSANS6uYT,1,['4Hta7Oy5W9HD0UgT1P8PPV']
KSI,1nzgtKYFckznkcVMR3Gg4z,Anne-Marie,1zNqDE7qDGCsyzJwohVaoX,1,['4I5bvu2KDsrCg0EWHIcvul']
Anne-Marie,1zNqDE7qDGCsyzJwohVaoX,Digital Farm Animals,5fyDppLDl1juIu1BcUT5zh,1,['4I5bvu2KDsrCg0EWHIcvul']
KSI,1nzgtKYFckznkcVMR3Gg4z,Digital Farm Animals,5fyDppLDl1juIu1BcUT5zh,1,['4I5bvu2KDsrCg0EWHIcvul']
Farid Bang,2JwyRtuXf2l6sTnSnGVIa1,CAPO,5y9wg9qkGBl0n9v9RzaPKu,1,['4IAVIBh9jbYN30DwpHFMD4']
Farid Bang,2JwyRtuXf2l6sTnSnGVIa1,6ix9ine,7gZfnEnfiaHzxARJ2LeXrf,1,['4IAVIBh9jbYN30DwpHFMD4']
Farid Bang,2JwyRtuXf2l6sTnSnGVIa1,SCH,2kXKa3aAFngGz2P4GjG5w2,1,['4IAVIBh9jbYN30DwpHFMD4']
CAPO,5y9wg9qkGBl0n9v9RzaPKu,6ix9ine,7gZfnEnfiaHzxARJ2LeXrf,1,['4IAVIBh9jbYN30DwpHFMD4']
SCH,2kXKa3aAFngGz2P4GjG5w2,CAPO,5y9wg9qkGBl0n9v9RzaPKu,1,['4IAVIBh9jbYN30DwpHFMD4']
SCH,2kXKa3aAFngGz2P4GjG5w2,6ix9ine,7gZfnEnfiaHzxARJ2LeXrf,1,['4IAVIBh9jbYN30DwpHFMD4']
Travis Scott,0Y5tJX1MQlPlqiwlOH1tJY,Mustard,0YinUQ50QDB7ZxSCLyQ40k,1,['4IFd7EVCyJsUHesBMXI8ju']
Murda,2y1VzMKAa5nmfXKtJL9jnj,Ezhel,6LnJKrtFnTEGdbWQ2riWCL,1,['4IJEw3fDvS6XF4sDc3bvjK']
Anita Kerr Singers,0vbEs3DgphJ2RGZqh4qFLT,Bobby Helms,38EmEgXkgK51MT2tPY0EoC,1,['4IdXngKo4g5exqZ0fQTecu']
Post Malone,246dkjvS1zLTtiykXe5h60,Gunna,2hlmm7s2ICUX0LVIhVFlZQ,1,['4IxeKzzxUSEgivgtbSbyIK']
Sophia Somajo,5T8zbK3dic52T9bFu0aY8z,Alan Walker,7vk5e3vY1uw9plTHJAMwjN,1,['4J4zx8xGJpuGndrVc06KaT']
Kid Cudi,0fA0VVWsXO9YnASrzqfmYu,Trippie Redd,6Xgp2XMz1fhVYe7i6yNAax,1,['4J9SI7do4KOEsCexqEbjmR']
J. Cole,6l3HvQ5sa6mXTsMTB19rO5,Cam'ron,7iMvwE8qANp3aIfAGKEAwS,1,['4J9WveqdoaEUQu1aeoSH9X']
FKA twigs,6nB0iY1cjSY1KyhYyuIIKH,Ty Dolla $ign,7c0XG5cIJTrrAgEC3ULPiq,1,['4JB0EAT4BkLShTyTt50FmO']
Skrillex,5he5w2lnU9x7JFhnwcekXX,Ty Dolla $ign,7c0XG5cIJTrrAgEC3ULPiq,1,['4JB0EAT4BkLShTyTt50FmO']
Skrillex,5he5w2lnU9x7JFhnwcekXX,FKA twigs,6nB0iY1cjSY1KyhYyuIIKH,1,['4JB0EAT4BkLShTyTt50FmO']
Kanye West,5K4W6rqBFWDnAN6FQUkS6x,FKA twigs,6nB0iY1cjSY1KyhYyuIIKH,1,['4JB0EAT4BkLShTyTt50FmO']
Kanye West,5K4W6rqBFWDnAN6FQUkS6x,Skrillex,5he5w2lnU9x7JFhnwcekXX,1,['4JB0EAT4BkLShTyTt50FmO']
Travis Scott,0Y5tJX1MQlPlqiwlOH1tJY,Baby Keem,5SXuuuRpukkTvsLuUknva1,1,['4JJcP0Rv9AgyPD6ZGaC8EE']
Selena Gomez,0C8ZW7ezQVs4URX5aX7Kqx,BLACKPINK,41MozSoPIsD1dJM0CLPjZF,1,['4JUPEh2DVSXFGExu4Uxevz']
Julia Michaels,0ZED1XzwlLHW4ZaG4lOT6m,James Bay,4EzkuveR9pLvDVFNx6foYD,1,['4JWQC6gyYoPRnxRxk0ta2M']
Kendrick Lamar,2YZyLoL8N0Wb9xBt1NhZWg,Wallie the Sensei,6cUpFVxDYWed9WxtC4QgC5,1,['4K1Pg0FLno1ltzX3jeqT83']
Kendrick Lamar,2YZyLoL8N0Wb9xBt1NhZWg,Siete7x,7J5UWTbsUFjoSQZQCQCqbQ,1,['4K1Pg0FLno1ltzX3jeqT83']
Kendrick Lamar,2YZyLoL8N0Wb9xBt1NhZWg,Roddy Ricch,757aE44tKEUQEqRuT6GnEB,1,['4K1Pg0FLno1ltzX3jeqT83']
Wallie the Sensei,6cUpFVxDYWed9WxtC4QgC5,Siete7x,7J5UWTbsUFjoSQZQCQCqbQ,1,['4K1Pg0FLno1ltzX3jeqT83']
Wallie the Sensei,6cUpFVxDYWed9WxtC4QgC5,Roddy Ricch,757aE44tKEUQEqRuT6GnEB,1,['4K1Pg0FLno1ltzX3jeqT83']
Roddy Ricch,757aE44tKEUQEqRuT6GnEB,Siete7x,7J5UWTbsUFjoSQZQCQCqbQ,1,['4K1Pg0FLno1ltzX3jeqT83']
Cali Y El Dandee,5DUlefCLzVRzNWaNURTFpK,Danna Paola,5xSx2FM8mQnrfgM1QsHniB,1,['4K8cyoCDovlc4FvtUr2Hfx']
Zach Bryan,40ZNYROS4zLfyyBSs2PGe2,Kacey Musgraves,70kkdajctXSbqSMJbQO424,1,['4KULAymBBJcPRpk1yO4dOG']
Kodak Black,46SHBwWsqBkxI7EeeBEQG7,Juice WRLD,4MCBfE4596Uoi2O4DtmEMz,1,['4KX8vXbouybtUptEyYxtIk']
Ab-Soul,0g9vAlRPK9Gt3FKCekk4TW,Anderson .Paak,3jK9MiCrA42lLAdMGUZpwa,1,['4KXwFI9pgJLpUIAc9oSL8j']
Ab-Soul,0g9vAlRPK9Gt3FKCekk4TW,James Blake,53KwLdlmrlCelAZMaLVZqU,1,['4KXwFI9pgJLpUIAc9oSL8j']
Anderson .Paak,3jK9MiCrA42lLAdMGUZpwa,James Blake,53KwLdlmrlCelAZMaLVZqU,1,['4KXwFI9pgJLpUIAc9oSL8j']
Travis Scott,0Y5tJX1MQlPlqiwlOH1tJY,Calvin Harris,7CajNmpbOovFoOoasH2HaY,2,"['4KaIJ1FWXUoAAnOts1YWjD', '4vv1KjUzPwrtDbozizSfQc']"
A-Trak,3TaUSUXn41GixL7zbvrIDt,Calvin Harris,7CajNmpbOovFoOoasH2HaY,1,['4KaIJ1FWXUoAAnOts1YWjD']
Travis Scott,0Y5tJX1MQlPlqiwlOH1tJY,A-Trak,3TaUSUXn41GixL7zbvrIDt,1,['4KaIJ1FWXUoAAnOts1YWjD']
Travis Scott,0Y5tJX1MQlPlqiwlOH1tJY,Funk Wav,4A0TivfinfALCAMJqqjZIk,1,['4KaIJ1FWXUoAAnOts1YWjD']
A-Trak,3TaUSUXn41GixL7zbvrIDt,Funk Wav,4A0TivfinfALCAMJqqjZIk,1,['4KaIJ1FWXUoAAnOts1YWjD']
Post Malone,246dkjvS1zLTtiykXe5h60,Hank Williams Jr.,2dyeCWctcFRt3Pha76ONgb,1,['4Kd9tBUgpXv26OfR6ugBv1']
Capital Bra,4WZGDpNwrC0vNQyl9QzF7d,Bozza,4WoSAKuoaPxrbwp3Y1PvKb,1,['4KfL3Ne8bc9bC2PUB8QGwA']
Lazza,0jdNdfi4vAuVi7a6cPDFBM,Capo Plaza,5SulO4l40qDuV9zUGLZx7n,1,['4KilYheWwxakB1L43ECTeP']
RM,2auC28zjQyVTsiZKNgPRGs,Agust D,5RmQ8k4l3HZ8JoPb4mNsML,1,['4KjASaPtCvRJ4YArYpz6je']
Lil Uzi Vert,4O15NlyKLIASxsJ0PrXPfz,Migos,6oMuImdp5ZcFhWP0ESe6mG,1,['4Km5HrUvYTaSUfiSGPJeQR']
Dan Reynolds,3k3gbUT7bF0jYmFmAKBQtU,YUNGBLUD,6Ad91Jof8Niiw0lGLLi3NW,1,['4KzOYxD4qIkUtZV9ZYakGu']
J Balvin,1vyhD5VmyZ7KMfW5gqLgo5,Sfera Ebbasta,23TFHmajVfBtlRx5MXqgoz,1,['4L5ZhW0VJeQ6je2iqvqZ4X']
Lana Del Rey,00FQb4jTyendYWaN8pK0wa,The Weeknd,1Xyo4u8uXC1ZmMpatF05PJ,2,"['4L7Y2OAPiY2I2GndZjAs5K', '5gDWsRxpJ2lZAffh5p7K0w']"
Pop Smoke,0eDvMgVFoNV3TpwtrVCoTj,21 Savage,1URnnhqYAYcrqrcwql10ft,1,['4LaGu95Ui2s4vprSQYWUAZ']
Pop Smoke,0eDvMgVFoNV3TpwtrVCoTj,42 Dugg,45gHcnDnMC15sgx3VL7ROG,1,['4LaGu95Ui2s4vprSQYWUAZ']
21 Savage,1URnnhqYAYcrqrcwql10ft,42 Dugg,45gHcnDnMC15sgx3VL7ROG,1,['4LaGu95Ui2s4vprSQYWUAZ']
NLE Choppa,0ErzCpIMyLcjPiwT4elrtZ,Lil Baby,5f7VJjfbwm532GiveGC0ZK,1,['4LcK9e7Sls3xlBth2WuBp2']
2 Chainz,17lzZA2AlOHwCwFALHttmp,ScHoolboy Q,5IcR3N7QB1j6KBL8eImZ8m,1,['4LmAnpjlhWTahvRkYR8xJa']
Saudi,37Qsf5KCKljH7mL134xp4k,ScHoolboy Q,5IcR3N7QB1j6KBL8eImZ8m,1,['4LmAnpjlhWTahvRkYR8xJa']
2 Chainz,17lzZA2AlOHwCwFALHttmp,Saudi,37Qsf5KCKljH7mL134xp4k,1,['4LmAnpjlhWTahvRkYR8xJa']
Jason Derulo,07YZf4WDAMNwqr4jfgOZ8y,Nuka,1XynjLPAyPi8SZAx8LHN0Z,1,['4Lt6GXGzYsa1tgkv3nGSTm']
Dr. Dre,6DPYiyq5kWVQS4RGwxzPC7,Snoop Dogg,7hJcb9fa4alzcOq3EaNPoG,2,"['4LwU4Vp6od3Sb08CsP99GC', '503OTo2dSqe7qk76rgsbep']"
Kygo,23fqKkggKUBHNkbKtXEls4,Imagine Dragons,53XhwfbYqKCa1cC15pYq2q,2,"['4M3FO0ji6Lc8vwD1sgf1nc', '5REMa10O4aA2mLtYyflWxs']"
Tom Odell,2txHhyCwHjUEpJjWrEyqyX,Lost Frequencies,7f5Zgnp2spUuuzKplmRkt7,1,['4MSj19TwYBLgDFj3ddEeco']
Abraham Mateo,2bxxlINUlcMQQb39K7IopR,Farruko,329e4yvIujISKGKz1BZZbO,1,['4N1c5rmWOzRmB9SMacr5wB']
Abraham Mateo,2bxxlINUlcMQQb39K7IopR,Christian Daniel,2fC8dVxeS2bsfIDvFj1M4V,1,['4N1c5rmWOzRmB9SMacr5wB']
Christian Daniel,2fC8dVxeS2bsfIDvFj1M4V,Farruko,329e4yvIujISKGKz1BZZbO,1,['4N1c5rmWOzRmB9SMacr5wB']
Kelsea Ballerini,3RqBeV12Tt7A8xH3zBDDUF,The Chainsmokers,69GGBxA162lTqCwzJG5jLp,1,['4NBTZtAt1F13VvlSKe6KTl']
J Balvin,1vyhD5VmyZ7KMfW5gqLgo5,Black Eyed Peas,1yxSLGMDHlW21z4YXirZDS,1,['4NCsrTzgVfsDo8nWyP8PPc']
21 Savage,1URnnhqYAYcrqrcwql10ft,ScHoolboy Q,5IcR3N7QB1j6KBL8eImZ8m,1,['4NN6N5TxBO5k9uqu0W4gfQ']
Jonas Blue,1HBjj22wzbscIZ9sEb5dyf,Theresa Rex,6t9tbRO9Lv6Oq6xtVwfdrn,1,['4NSW0Km5ZG60L8FthUebPJ']
Lil Baby,5f7VJjfbwm532GiveGC0ZK,Trippie Redd,6Xgp2XMz1fhVYe7i6yNAax,1,['4NbHIhW0P5skMNvtOMPDUL']
Lil Duke,06Qf6vq8AVIpE9XIw8LAsY,Trippie Redd,6Xgp2XMz1fhVYe7i6yNAax,1,['4NbHIhW0P5skMNvtOMPDUL']
Lil Duke,06Qf6vq8AVIpE9XIw8LAsY,Lil Baby,5f7VJjfbwm532GiveGC0ZK,1,['4NbHIhW0P5skMNvtOMPDUL']
Jul,3IW7ScrzXmPvZhB27hmfgy,Maes,6L34dW6SKMSDaGIfYDU19j,1,['4Nfak8iMF4kQfQ6Pa8Z79m']
KITSCHKRIEG,5tHiL8SKSaZGMBUPIiSmX4,Trettmann,6QzzeKV0VcnT2vJMYDPuL4,1,['4Nip6oiJU24LqcUEi7u19S']
Gzuz,5eioJDe26lOqkAMbuhzZYs,KITSCHKRIEG,5tHiL8SKSaZGMBUPIiSmX4,1,['4Nip6oiJU24LqcUEi7u19S']
GRiNGO,5Sjj30aHCmKcM9SdVX7PBK,KITSCHKRIEG,5tHiL8SKSaZGMBUPIiSmX4,1,['4Nip6oiJU24LqcUEi7u19S']
Ufo361,5pVRwX5ZQR7hfJ18w8ZYkl,KITSCHKRIEG,5tHiL8SKSaZGMBUPIiSmX4,1,['4Nip6oiJU24LqcUEi7u19S']
Gzuz,5eioJDe26lOqkAMbuhzZYs,Trettmann,6QzzeKV0VcnT2vJMYDPuL4,1,['4Nip6oiJU24LqcUEi7u19S']
GRiNGO,5Sjj30aHCmKcM9SdVX7PBK,Trettmann,6QzzeKV0VcnT2vJMYDPuL4,1,['4Nip6oiJU24LqcUEi7u19S']
Ufo361,5pVRwX5ZQR7hfJ18w8ZYkl,Trettmann,6QzzeKV0VcnT2vJMYDPuL4,1,['4Nip6oiJU24LqcUEi7u19S']
GRiNGO,5Sjj30aHCmKcM9SdVX7PBK,Gzuz,5eioJDe26lOqkAMbuhzZYs,1,['4Nip6oiJU24LqcUEi7u19S']
Gzuz,5eioJDe26lOqkAMbuhzZYs,Ufo361,5pVRwX5ZQR7hfJ18w8ZYkl,1,['4Nip6oiJU24LqcUEi7u19S']
GRiNGO,5Sjj30aHCmKcM9SdVX7PBK,Ufo361,5pVRwX5ZQR7hfJ18w8ZYkl,1,['4Nip6oiJU24LqcUEi7u19S']
Romeo Santos,5lwmRuXgjX8xIwlnauTZIP,KAROL G,790FomKkXshlbRYZFtlgla,1,['4NoOME4Dhf4xgxbHDT7VGe']
Don Toliver,4Gso3d4CscCijv0lmajZWs,SZA,7tYKF4w9nC0nq9CsPZTHyP,1,['4NqkE7kRUvMDEdcqD96EDO']
Juice WRLD,4MCBfE4596Uoi2O4DtmEMz,Clever,5yy76ufVriyvidNSvXlRU1,2,"['4O3RwH1TFG1EjPezLIYehI', '4zxpssj8DyrfZcEUSUiNxG']"
Post Malone,246dkjvS1zLTtiykXe5h60,Juice WRLD,4MCBfE4596Uoi2O4DtmEMz,1,['4O3RwH1TFG1EjPezLIYehI']
Daddy Yankee,4VMYDCV2IEDYJArk749S6m,Lil Jon,7sfl4Xt5KmfyDs2T3SVSMK,1,['4OAPnWJ3J5w4c4IBLh2chn']
El Alfa,2oQX8QiMXOyuqbcZEFsZfm,Lil Jon,7sfl4Xt5KmfyDs2T3SVSMK,1,['4OAPnWJ3J5w4c4IBLh2chn']
Drake,3TVXtAsR1Inumwj472S9r4,Headie One,6UCQYrcJ6wab6gnQ89OJFh,1,['4OENnoidV0h8gJV6bhrw7r']
Maroon 5,04gDigrS5kc9YWfZHwBETP,A$AP Rocky,13ubrt8QOOCPljQ2FL1Kca,1,['4OEOEsOhlzDqQuewiuPJAc']
Mert Demir,1Zj4GtouAnxHq4qw7ooLfm,Mabel Matiz,1dpqJqIuNqideTvmxBsSku,1,['4OH5Cd8ZOI1eSgJSC9PYmU']
Luis R Conriquez,0pePYDrJGk8gqMRbXrLJC8,Gabito Ballesteros,6Sbl0NT50roqWvy746MfVf,1,['4OLT65TRsOx3Iv1TlCcQVb']
Gabito Ballesteros,6Sbl0NT50roqWvy746MfVf,Neton Vega,6pV5zH2LzjOUHaAvENdMMa,1,['4OLT65TRsOx3Iv1TlCcQVb']
Natanael Cano,0elWFr7TW8piilVRYJUe4P,Neton Vega,6pV5zH2LzjOUHaAvENdMMa,1,['4OLT65TRsOx3Iv1TlCcQVb']
Bipolar Sunshine,0CjWKoS55T7DOt0HJuwF1H,DJ Snake,540vIaP2JwjQb9dm3aArA4,1,['4OZEu0Vwq0RB2LAq14v99n']
iann dior,6ASri4ePR7RlsvIQgWPJpS,Clean Bandit,6MDME20pz9RveH9rEXvrOM,1,['4OoYfejHABzYe2mG8p5s8b']
Megan Thee Stallion,181bsRPaVXVlUKXrxwZfHK,Cardi B,4kYSro6naA4h99UJvo89HB,2,"['4Oun2ylbjFKMPTiaSbbCih', '4YQImHflXSiIMXntcwPkx8']"
Rauw Alejandro,1mcTU81TzQhprhouKaTkpq,Marc Seguí,5FQ8tBUtIamA2hRtatrYUF,1,['4OwhwvKESFtuu06dTgct7i']
Pol Granch,1aMt4A5jrQHxDYyC7rXgV0,Marc Seguí,5FQ8tBUtIamA2hRtatrYUF,1,['4OwhwvKESFtuu06dTgct7i']
Pol Granch,1aMt4A5jrQHxDYyC7rXgV0,Rauw Alejandro,1mcTU81TzQhprhouKaTkpq,1,['4OwhwvKESFtuu06dTgct7i']
Selena Gomez,0C8ZW7ezQVs4URX5aX7Kqx,Trevor Daniel,7uaIm6Pw7xplS8Dy06V6pT,1,['4P6IttK2PRBjyr3fm0pP7t']
Feid,2LRoIwlKmHjgvigdNGBHNo,Sky Rompiendo,51XrH5fQP2oIQynuKxSWcW,1,['4PA1wK0leCjmRZlP5dQ8Lv']
Sky Rompiendo,51XrH5fQP2oIQynuKxSWcW,Myke Towers,7iK8PXO48WeuP03g8YR51W,1,['4PA1wK0leCjmRZlP5dQ8Lv']
Feid,2LRoIwlKmHjgvigdNGBHNo,Myke Towers,7iK8PXO48WeuP03g8YR51W,1,['4PA1wK0leCjmRZlP5dQ8Lv']
KEVIN ROLDAN,1RBzGO6Nm3uyhUSxP7EDWO,Bryant Myers,6w9ToX5slZ4uIdmD17hJ3c,1,['4PEfJZpVjdclfzZ9XO8uDw']
KEVIN ROLDAN,1RBzGO6Nm3uyhUSxP7EDWO,Lyanno,1Ts9of7VPZElwPQnqnDSfW,1,['4PEfJZpVjdclfzZ9XO8uDw']
Lyanno,1Ts9of7VPZElwPQnqnDSfW,Bryant Myers,6w9ToX5slZ4uIdmD17hJ3c,2,"['4PEfJZpVjdclfzZ9XO8uDw', '74j34STf8L6uADnTN69ohv']"
Mc Danny,3PZTvUS5fUUhV3EKAjqdZk,Anitta,7FNnA9vBm6EKceENgCGRMb,1,['4PQ5AInr4YoBauth9YPduL']
HITMAKER,0Otd1ReHJtVAzwAuRj09Zg,Anitta,7FNnA9vBm6EKceENgCGRMb,1,['4PQ5AInr4YoBauth9YPduL']
HITMAKER,0Otd1ReHJtVAzwAuRj09Zg,Mc Danny,3PZTvUS5fUUhV3EKAjqdZk,1,['4PQ5AInr4YoBauth9YPduL']
David Guetta,1Cs0zKBU1kc0i8ypK3B9ai,Cedric Gervais,4Wjf8diP59VmPG7fi4y724,1,['4PdJSsESm34djLfBde9Pr2']
David Guetta,1Cs0zKBU1kc0i8ypK3B9ai,Chris Willis,2qSEpijpT3YSXgxcXac1ly,1,['4PdJSsESm34djLfBde9Pr2']
Chris Willis,2qSEpijpT3YSXgxcXac1ly,Cedric Gervais,4Wjf8diP59VmPG7fi4y724,1,['4PdJSsESm34djLfBde9Pr2']
Stunna 4 Vegas,44IvvHRk2XF243QLA2VOa8,Polo G,6AgTAQt8XS6jRWi4sX7w49,2,"['4PklAHGXT5ityno3IA8SKd', '74fV8TuLZKVzSIOOGu8wwI']"
Mike WiLL Made-It,0NWbwDZY1VkRqFafuQm6wk,Polo G,6AgTAQt8XS6jRWi4sX7w49,2,"['4PklAHGXT5ityno3IA8SKd', '74fV8TuLZKVzSIOOGu8wwI']"
NLE Choppa,0ErzCpIMyLcjPiwT4elrtZ,Stunna 4 Vegas,44IvvHRk2XF243QLA2VOa8,2,"['4PklAHGXT5ityno3IA8SKd', '74fV8TuLZKVzSIOOGu8wwI']"
Mike WiLL Made-It,0NWbwDZY1VkRqFafuQm6wk,Stunna 4 Vegas,44IvvHRk2XF243QLA2VOa8,2,"['4PklAHGXT5ityno3IA8SKd', '74fV8TuLZKVzSIOOGu8wwI']"
NLE Choppa,0ErzCpIMyLcjPiwT4elrtZ,Mike WiLL Made-It,0NWbwDZY1VkRqFafuQm6wk,2,"['4PklAHGXT5ityno3IA8SKd', '74fV8TuLZKVzSIOOGu8wwI']"
Arcángel,4SsVbpTthjScTS7U2hmr1X,Romeo Santos,5lwmRuXgjX8xIwlnauTZIP,1,['4Pu0a2TuHOYtI4CCE3HEXI']
Romeo Santos,5lwmRuXgjX8xIwlnauTZIP,Sech,77ziqFxp5gaInVrF2lj4ht,1,['4Pu0a2TuHOYtI4CCE3HEXI']
Cashmere Cat,2LZDXcxJWgsJfKXZv9a5eG,Ariana Grande,66CXWjxzNUsdJxJ2JdwvnR,1,['4Q5yMlwAfAoitqg4r9oZHN']
Tyga,5LHRHt1k9lMyONurDHEdrp,Marshmello,64KEffDW9EtZ1y2vBYgq8T,1,['4Q8aDd3H6LF8t4eY7So9O8']
Marshmello,64KEffDW9EtZ1y2vBYgq8T,Chris Brown,7bXgB6jMjp9ATFy66eO08Z,1,['4Q8aDd3H6LF8t4eY7So9O8']
Pitbull,0TnOYISbd1XYRBk9myaseg,AFROJACK,4D75GcNG95ebPtNvoNVXhz,1,['4QNpBfC0zvjKqPJcyqBy9W']
Pitbull,0TnOYISbd1XYRBk9myaseg,Nayer,1ruutHJcECI7cos2n5TqpO,1,['4QNpBfC0zvjKqPJcyqBy9W']
Ne-Yo,21E3waRsmPlU7jZsS13rcj,AFROJACK,4D75GcNG95ebPtNvoNVXhz,1,['4QNpBfC0zvjKqPJcyqBy9W']
Nayer,1ruutHJcECI7cos2n5TqpO,AFROJACK,4D75GcNG95ebPtNvoNVXhz,1,['4QNpBfC0zvjKqPJcyqBy9W']
Nayer,1ruutHJcECI7cos2n5TqpO,Ne-Yo,21E3waRsmPlU7jZsS13rcj,1,['4QNpBfC0zvjKqPJcyqBy9W']
Scorey,0X3nsc84A9qlFilmlWNwQb,Polo G,6AgTAQt8XS6jRWi4sX7w49,1,['4QSehYD2iCp1L3l4B3QNv0']
Gryffin,2ZRQcIgzPCVaT9XKhXZIzh,Elley Duhé,67MNhiAICFY6Pwc2YxCO0K,1,['4QVS8YCpK71R4FsxSMCjhP']
Chael Produciendo,2iI5KWXLjw1tqLQsdjuo0e,El Alfa,2oQX8QiMXOyuqbcZEFsZfm,2,"['4QfZYDhGZc0T2RDvGiI69E', '7uSLF2yhpjLlYBLtyPX3Lb']"
Kygo,23fqKkggKUBHNkbKtXEls4,DNCE,6T5tfhQCknKG4UnH90qGnz,1,['4RAR8g8fZNB106ezUurnE0']
Lenny Tavárez,1pQWsZQehhS4wavwh7Fnxd,Maluma,1r4hJ1h58CWwUQe3MxPuau,2,"['4RJz8NfIe09gpKMiRUWKhJ', '7fODjB7BrQTGqh0hogW6XD']"
Justin Quiles,14zUHaJZo1mnYtn6IBRaRP,Maluma,1r4hJ1h58CWwUQe3MxPuau,3,"['4RJz8NfIe09gpKMiRUWKhJ', '7fODjB7BrQTGqh0hogW6XD', '7lUdbnz7wsv3C9zzf4WHl9']"
Martin Garrix,60d24wfXkVzDSfLS6hyCjZ,Clinton Kane,7okSU80WTrn4LXlyXYbX3P,1,['4RVtBlHFKj51Ipvpfv5ER4']
blackbear,2cFrymmkijnjDg9SS92EPM,Lauv,5JZ7CnR6gTvEMKX4g70Amv,1,['4Rh4UxgPaRTaFfKumWtUbM']
Capital Bra,4WZGDpNwrC0vNQyl9QzF7d,Kalazh44,5sRQkVexJlax2iISuqL8cV,1,['4Rif4wqdvzy84dhP1apC4Y']
Kalazh44,5sRQkVexJlax2iISuqL8cV,Samra,6h1s4i4XKIYv4ErDelLDN0,1,['4Rif4wqdvzy84dhP1apC4Y']
Nimo,3ZuBEj9ppJe8GSdKaMTfMN,Kalazh44,5sRQkVexJlax2iISuqL8cV,1,['4Rif4wqdvzy84dhP1apC4Y']
Luciano,3CJKkU0XuElRT1z8rEtIYg,Kalazh44,5sRQkVexJlax2iISuqL8cV,1,['4Rif4wqdvzy84dhP1apC4Y']
Nimo,3ZuBEj9ppJe8GSdKaMTfMN,Capital Bra,4WZGDpNwrC0vNQyl9QzF7d,2,"['4Rif4wqdvzy84dhP1apC4Y', '60yqRJXgkrPEvP977ZIOWb']"
Luciano,3CJKkU0XuElRT1z8rEtIYg,Capital Bra,4WZGDpNwrC0vNQyl9QzF7d,2,"['4Rif4wqdvzy84dhP1apC4Y', '6Yocr5JJOjupv71R5uhye5']"
Nimo,3ZuBEj9ppJe8GSdKaMTfMN,Samra,6h1s4i4XKIYv4ErDelLDN0,1,['4Rif4wqdvzy84dhP1apC4Y']
Luciano,3CJKkU0XuElRT1z8rEtIYg,Nimo,3ZuBEj9ppJe8GSdKaMTfMN,1,['4Rif4wqdvzy84dhP1apC4Y']
Quavo,0VRj0yCOv2FXJNP47XQnx5,Liam Payne,5pUo3fmmHT8bhCyHE52hA6,2,"['4Ro98RCK90oHqqSZUnTFq5', '6EpRaXYhGOB3fj4V2uDkMJ']"
SAINt JHN,0H39MdGGX6dbnnQPt6NQkZ,Tyla Yaweh,1MXZ0hsGic96dWRDKwAwdr,1,['4Rq2BMG5VWMhb2whSx8bf4']
Tyla Yaweh,1MXZ0hsGic96dWRDKwAwdr,Post Malone,246dkjvS1zLTtiykXe5h60,2,"['4Rq2BMG5VWMhb2whSx8bf4', '5QZKcQDp0tCcvMdyqEciBV']"
SAINt JHN,0H39MdGGX6dbnnQPt6NQkZ,Post Malone,246dkjvS1zLTtiykXe5h60,1,['4Rq2BMG5VWMhb2whSx8bf4']
YNW Melly,1cNDP5yjU5vjeR8qMf4grg,Juice WRLD,4MCBfE4596Uoi2O4DtmEMz,2,"['4S2uhQE8L9V6p7rj7SiauJ', '7tgjDlQsMR8RvkdlNCJA58']"
Lil Pump,3wyVrVrFCkukjdVIdirGVY,Kanye West,5K4W6rqBFWDnAN6FQUkS6x,1,['4S8d14HvHb70ImctNgVzQQ']
Bryson Tiller,2EMAnMvWE2eb56ToJVfCWs,Drake,3TVXtAsR1Inumwj472S9r4,1,['4SCnCPOUOUXUmCX2uHb3r7']
DaBaby,4r63FhuTkUYltbVAg5TQnk,Lil Nas X,7jVv8c5Fj3E9VhNjxT4snq,1,['4SDgTLDYrJ2UrHbkRkg7MD']
L7NNON,0JjPiLQNgAFaEkwoy56B1C,Os Hawaianos,6f6ccYxDNgsPCMemKceSY4,1,['4SIBZgMomGFnrIWjmq7Np8']
L7NNON,0JjPiLQNgAFaEkwoy56B1C,DJ Bel da CDD,6cBgK7jLKrcynjD5E6mKNu,1,['4SIBZgMomGFnrIWjmq7Np8']
L7NNON,0JjPiLQNgAFaEkwoy56B1C,DJ Biel do Furduncinho,6Us5Zsn5MAHBk7SHBUsG5X,2,"['4SIBZgMomGFnrIWjmq7Np8', '5vC8UAOHeG95ehRzZChniB']"
DJ Bel da CDD,6cBgK7jLKrcynjD5E6mKNu,Os Hawaianos,6f6ccYxDNgsPCMemKceSY4,1,['4SIBZgMomGFnrIWjmq7Np8']
DJ Biel do Furduncinho,6Us5Zsn5MAHBk7SHBUsG5X,Os Hawaianos,6f6ccYxDNgsPCMemKceSY4,1,['4SIBZgMomGFnrIWjmq7Np8']
DJ Biel do Furduncinho,6Us5Zsn5MAHBk7SHBUsG5X,DJ Bel da CDD,6cBgK7jLKrcynjD5E6mKNu,1,['4SIBZgMomGFnrIWjmq7Np8']
Doğu Swag,0uHvlWnhRpaomF4e9IZHLy,Semicenk,1CcZoULzFHa8Uhwo6OlQcp,1,['4Sdj67b8WF9PhAXh4tvBi6']
Chris Jedi,0qTZZWLzuD59Un5r1speHm,Lunay,47MpMsUfWtgyIIBEFOr4FE,1,['4T4CZ3Q4z3GG7lU720YYhM']
Chris Jedi,0qTZZWLzuD59Un5r1speHm,Gaby Music,1r3tpVQ08jFAA2P4xzV5o4,1,['4T4CZ3Q4z3GG7lU720YYhM']
LIT killah,1vqR17Iv8VFdzure1TAXEq,Nicki Nicole,2UZIAOlrnyZmyzt1nuXr9y,1,['4TGwERXRlyQtBdggYTHo6j']
Maria Becerra,1DxLCyH42yaHKGK3cl5bvG,Nicki Nicole,2UZIAOlrnyZmyzt1nuXr9y,1,['4TGwERXRlyQtBdggYTHo6j']
Lil Baby,5f7VJjfbwm532GiveGC0ZK,Joyner Lucas,6C1ohJrd5VydigQtaGy5Wa,1,['4TIqzdAssasqx3DAe6cG9J']
Pop Smoke,0eDvMgVFoNV3TpwtrVCoTj,King Combs,41I5xI04kixwmonDBl0Sda,1,['4Tc9PHEoeP17PQj3OOKXPu']
Pop Smoke,0eDvMgVFoNV3TpwtrVCoTj,Rowdy Rebel,6LXRvV2OAtXF7685fzh3mj,2,"['4TgHt7vKCimpywaiKfl0uj', '71d7LaAgPcNcUopu3OzmP7']"
BTS,3Nrfpe0tUJi4K4DXYWgMUX,Jawsh 685,56mfhUDKa1vec6rSLZV5Eg,1,['4TgxFMOn5yoESW6zCidCXL']
Jason Derulo,07YZf4WDAMNwqr4jfgOZ8y,BTS,3Nrfpe0tUJi4K4DXYWgMUX,1,['4TgxFMOn5yoESW6zCidCXL']
Gradur,2tcoLkA9Hexz70Kuc1NTUl,Heuss L'enfoiré,3YwqjMyrRfuixi2pbgTGCE,1,['4TnFANpjVwVKWzkxNzIyFH']
David Guetta,1Cs0zKBU1kc0i8ypK3B9ai,Brooks,4mHAu7NX2UNsnGXjviBD9e,2,"['4Tvw0lweq9l2JPQKFbpbBQ', '4aBYzs8RxZMuqyOanNlf8I']"
Loote,00TKPo9MxwZ0j4ooveIxWZ,David Guetta,1Cs0zKBU1kc0i8ypK3B9ai,1,['4Tvw0lweq9l2JPQKFbpbBQ']
Loote,00TKPo9MxwZ0j4ooveIxWZ,Brooks,4mHAu7NX2UNsnGXjviBD9e,1,['4Tvw0lweq9l2JPQKFbpbBQ']
Miley Cyrus,5YGY8feqx7naU7z4HrwZM6,Billy Idol,7lzordPuZEXxwt9aoVZYmG,1,['4U34WsyOvppOMnRfq7DuOy']
DJ Khaled,0QHgL1lAIqAw0HtD7YldmP,Meek Mill,20sxb77xiYeusSH8cVdatc,2,"['4U6ubKsTd8RBDP5tPPhh7I', '6xVhqLT40s5sVhepe9Mckc']"
DJ Khaled,0QHgL1lAIqAw0HtD7YldmP,J Balvin,1vyhD5VmyZ7KMfW5gqLgo5,1,['4U6ubKsTd8RBDP5tPPhh7I']
DJ Khaled,0QHgL1lAIqAw0HtD7YldmP,Jeremih,3KV3p5EY4AvKxOlhGHORLg,2,"['4U6ubKsTd8RBDP5tPPhh7I', '4vv1KjUzPwrtDbozizSfQc']"
J Balvin,1vyhD5VmyZ7KMfW5gqLgo5,Meek Mill,20sxb77xiYeusSH8cVdatc,1,['4U6ubKsTd8RBDP5tPPhh7I']
Meek Mill,20sxb77xiYeusSH8cVdatc,Jeremih,3KV3p5EY4AvKxOlhGHORLg,1,['4U6ubKsTd8RBDP5tPPhh7I']
J Balvin,1vyhD5VmyZ7KMfW5gqLgo5,Lil Baby,5f7VJjfbwm532GiveGC0ZK,1,['4U6ubKsTd8RBDP5tPPhh7I']
J Balvin,1vyhD5VmyZ7KMfW5gqLgo5,Jeremih,3KV3p5EY4AvKxOlhGHORLg,1,['4U6ubKsTd8RBDP5tPPhh7I']
Jeremih,3KV3p5EY4AvKxOlhGHORLg,Lil Baby,5f7VJjfbwm532GiveGC0ZK,1,['4U6ubKsTd8RBDP5tPPhh7I']
Baby Rasta,0GgyFUpOyzWDRDqx8FCTDN,Rauw Alejandro,1mcTU81TzQhprhouKaTkpq,1,['4UGqAW9i7NtE5mW9xzm6yk']
Christine and the Queens,04vj3iPUiVh5melWr0w3xT,Charli xcx,25uiPmTg16RbhZWAqwLBy5,1,['4UQeq4HUvC5uPEA9pWTgPW']
Dj LK da Escócia,6WIjKbyqeO9MkfNMFJsF50,Tchakabum,7iJl63aJyNd8C6NZlMv6kp,1,['4UldILPVpnZO69ffK4B9aA']
Dj LK da Escócia,6WIjKbyqeO9MkfNMFJsF50,MC Ryan SP,75i9GaW2MJUgt4BkdUnuUY,1,['4UldILPVpnZO69ffK4B9aA']
mc jhenny,6Ka3TKKRqhWwbmuxjhrmo6,Dj LK da Escócia,6WIjKbyqeO9MkfNMFJsF50,1,['4UldILPVpnZO69ffK4B9aA']
Dj LK da Escócia,6WIjKbyqeO9MkfNMFJsF50,Mc RF,7rnLNmWx3ibYo5uQcghVgQ,1,['4UldILPVpnZO69ffK4B9aA']
MC Ryan SP,75i9GaW2MJUgt4BkdUnuUY,Tchakabum,7iJl63aJyNd8C6NZlMv6kp,1,['4UldILPVpnZO69ffK4B9aA']
mc jhenny,6Ka3TKKRqhWwbmuxjhrmo6,Tchakabum,7iJl63aJyNd8C6NZlMv6kp,1,['4UldILPVpnZO69ffK4B9aA']
Tchakabum,7iJl63aJyNd8C6NZlMv6kp,Mc RF,7rnLNmWx3ibYo5uQcghVgQ,1,['4UldILPVpnZO69ffK4B9aA']
mc jhenny,6Ka3TKKRqhWwbmuxjhrmo6,MC Ryan SP,75i9GaW2MJUgt4BkdUnuUY,1,['4UldILPVpnZO69ffK4B9aA']
MC Ryan SP,75i9GaW2MJUgt4BkdUnuUY,Mc RF,7rnLNmWx3ibYo5uQcghVgQ,1,['4UldILPVpnZO69ffK4B9aA']
mc jhenny,6Ka3TKKRqhWwbmuxjhrmo6,Mc RF,7rnLNmWx3ibYo5uQcghVgQ,1,['4UldILPVpnZO69ffK4B9aA']
Nicki Minaj,0hCNtLu0JehylgoiP8L4Gh,Anuel AA,2R21vXR83lH98kGeO99Y66,1,['4Uy3kNxW2kB8AEoXljEcth']
Nicki Minaj,0hCNtLu0JehylgoiP8L4Gh,Bantu,6tt0iYnpHERj05WATWRiom,1,['4Uy3kNxW2kB8AEoXljEcth']
Anuel AA,2R21vXR83lH98kGeO99Y66,Bantu,6tt0iYnpHERj05WATWRiom,1,['4Uy3kNxW2kB8AEoXljEcth']
David Guetta,1Cs0zKBU1kc0i8ypK3B9ai,Black Eyed Peas,1yxSLGMDHlW21z4YXirZDS,1,['4UyVCLbNG8yhrqbzeSmdho']
Shakira,0EmeFodog0BfCgMzAIvKQp,David Guetta,1Cs0zKBU1kc0i8ypK3B9ai,1,['4UyVCLbNG8yhrqbzeSmdho']
Bazzi,4GvEc3ANtPPjt1ZJllr5Zl,Camila Cabello,4nDoRrQiYLoBzwC5BhVJzF,1,['4VUwkH455At9kENOfzTqmF']
Gryffin,2ZRQcIgzPCVaT9XKhXZIzh,OneRepublic,5Pwc4xIPtQLFEnJriah9YJ,1,['4W1JavoraGzh83nluQHY6C']
Little Nell,213WFYdlgojElnXhDyhwke,Patricia Quinn,7Akz0poR4eUgNM0ciCWqIs,1,['4WFeJTXNHIS2wURtwlAkhu']
Richard O'Brien,0aIOdrjH5s3hJqxmKoAEUg,Little Nell,213WFYdlgojElnXhDyhwke,1,['4WFeJTXNHIS2wURtwlAkhu']
Richard O'Brien,0aIOdrjH5s3hJqxmKoAEUg,Patricia Quinn,7Akz0poR4eUgNM0ciCWqIs,1,['4WFeJTXNHIS2wURtwlAkhu']
Kehlani,0cGUm45nv7Z6M6qdXYQGTX,Justin Bieber,1uNFoZAHBGtllmzznpCI3s,3,"['4WghJOMjDpGdlk3b8aJIgy', '5VwwpU7KsLhgfbMEecedhJ', '6zGPytJiZmFuyVq7RTNO9G']"
MØ,0bdfiayQAKewqEvaU6rXCv,Major Lazer,738wLrAtLtCtFOLvQBXOXp,2,"['4WjH9Bzt3kx7z8kl0awxh4', '6DNtNfH8hXkqOX1sjqmI7p']"
DJ Snake,540vIaP2JwjQb9dm3aArA4,Major Lazer,738wLrAtLtCtFOLvQBXOXp,1,['4WjH9Bzt3kx7z8kl0awxh4']
MØ,0bdfiayQAKewqEvaU6rXCv,DJ Snake,540vIaP2JwjQb9dm3aArA4,1,['4WjH9Bzt3kx7z8kl0awxh4']
Brytiago,00XhexlJEXQstHimpZN910,Chris Jedi,0qTZZWLzuD59Un5r1speHm,1,['4WzsycqZkpkS48H9AAAGux']
Brytiago,00XhexlJEXQstHimpZN910,Ozuna,1i8SpTcr7yvPOmcqrbnVXY,2,"['4WzsycqZkpkS48H9AAAGux', '59PYgzOiOjGDzjDT5N5oOX']"
De La Ghetto,3EiLUeyEcA6fbRPSHkG5kb,Daddy Yankee,4VMYDCV2IEDYJArk749S6m,1,['4XCQtUoRSh22Ep18ULmDnT']
Ozuna,1i8SpTcr7yvPOmcqrbnVXY,De La Ghetto,3EiLUeyEcA6fbRPSHkG5kb,1,['4XCQtUoRSh22Ep18ULmDnT']
Chris Jedi,0qTZZWLzuD59Un5r1speHm,De La Ghetto,3EiLUeyEcA6fbRPSHkG5kb,1,['4XCQtUoRSh22Ep18ULmDnT']
Chris Jedi,0qTZZWLzuD59Un5r1speHm,Daddy Yankee,4VMYDCV2IEDYJArk749S6m,1,['4XCQtUoRSh22Ep18ULmDnT']
Normani,2cWZOOzeOm4WmBJRnD5R7I,Cardi B,4kYSro6naA4h99UJvo89HB,1,['4XkrlDVc8UQUvsyRsxvU0M']
21 Savage,1URnnhqYAYcrqrcwql10ft,Brent Faiyaz,3tlXnStJ1fFhdScmQeLpuG,1,['4Xzq2WibDHR5Eufi21HlEZ']
Maria Becerra,1DxLCyH42yaHKGK3cl5bvG,Becky G,4obzFoKoKRHIphyHzJ35G3,1,['4Yip3hds5IHyT7AqoNHfmX']
Peter Fox,6rqlONGmPuP2wJVSfliLBI,Inéz,6zBax4hSAI1BJYgwF61EP5,1,['4YxZQd3I4rj1nqkXgvpCk4']
Olivia Rodrigo,1McMsnEElThX1knmY4oliG,Disney,3xvaSlT4xsyk6lY1ESOspO,1,['4Yxc55NX3tAXC2mHRAhtcW']
Kina,4qIVPF0s71ZYW3qzhu5GkF,Snøw,5fSVkkuijRIpxuvSqysYiP,1,['4ZLzoOkj0MPWrTLvooIuaa']
Alesso,4AVFqumd2ogHFlRbKIjp1t,Liam Payne,5pUo3fmmHT8bhCyHE52hA6,1,['4ZTTUAjJCd4NMZmIU7RB4c']
Lil Uzi Vert,4O15NlyKLIASxsJ0PrXPfz,iann dior,6ASri4ePR7RlsvIQgWPJpS,1,['4ZUNw5tDBZTOqzPEVIYyOy']
BoyWithUke,1Cd373x8qzC7SNUg5IToqp,blackbear,2cFrymmkijnjDg9SS92EPM,1,['4ZUpTMKPYFTfJqamWFU9Zv']
Zach Bryan,40ZNYROS4zLfyyBSs2PGe2,Bon Iver,4LEiUm1SRbFMgfqnQTwUbQ,1,['4Zj2uX6ApCFK9XzjwIhCIr']
Brooks,4mHAu7NX2UNsnGXjviBD9e,Martin Garrix,60d24wfXkVzDSfLS6hyCjZ,1,['4aBYzs8RxZMuqyOanNlf8I']
ALMA,6c0mTNAxJxlp9HpKTUZwA8,French Montana,6vXTefBL93Dj5IqAWq6OTv,1,['4aBdUWD9fIwI4YyiRTYjpN']
Quevedo,52iwsT98xCoGgiGntTiR7K,JHAYCO,6nVcHLIgY5pE2YCl8ubca1,1,['4aJzxp3gimtAdgJn3DL776']
Atomic Otro Way,05i5DIXDf4Ai4NEPEi3uBZ,Jc La Nevula,6KBhywwNM5dStjqjHeNndc,1,['4aczXDNX8bX98fLkNNdwPO']
Jubin Nautiyal,1tqysapcCh1lWEAc9dIFpa,Payal Dev,6FtZhorjCMfkaVJ7kKdmq7,1,['4afA2YQlZfYzJbfnNoNknK']
Jubin Nautiyal,1tqysapcCh1lWEAc9dIFpa,Manoj Muntashir,4cAERazLlAzVGA10ORWaUP,1,['4afA2YQlZfYzJbfnNoNknK']
Manoj Muntashir,4cAERazLlAzVGA10ORWaUP,Payal Dev,6FtZhorjCMfkaVJ7kKdmq7,1,['4afA2YQlZfYzJbfnNoNknK']
Maluma,1r4hJ1h58CWwUQe3MxPuau,Jennifer Lopez,2DlGxzQSjYe5N6G9nkYghR,1,['4agLM5EfiWR2AKMq7gFwcM']
Cardi B,4kYSro6naA4h99UJvo89HB,Lil Nas X,7jVv8c5Fj3E9VhNjxT4snq,1,['4ak7xjvBeBOcJGWFDX9w5n']
Travis Scott,0Y5tJX1MQlPlqiwlOH1tJY,Trippie Redd,6Xgp2XMz1fhVYe7i6yNAax,1,['4apiNNK0jp9uqn3JDG9My1']
Daddy Yankee,4VMYDCV2IEDYJArk749S6m,Katy Perry,6jJ0s89eD6GaHleKKya26X,1,['4au7FRcgZzChASRYu279xH']
Snow,3uZFBSsMiooimnprFL9jD1,Daddy Yankee,4VMYDCV2IEDYJArk749S6m,2,"['4au7FRcgZzChASRYu279xH', '5w9c2J52mkdntKOmRLeM2m']"
Snow,3uZFBSsMiooimnprFL9jD1,Katy Perry,6jJ0s89eD6GaHleKKya26X,1,['4au7FRcgZzChASRYu279xH']
Ptazeta,5UN0rzL594mWY2RbOtZqIN,Bizarrap,716NhGYqD1jl2wI1Qkgq36,1,['4axxCbc4tWlpqHP5UbJMc3']
Olga Merediz,2Go6wC0GsnkVeRoVwh8rqX,Stephanie Beatriz,5PYToRCsrnvikZg3yl2JMr,1,['4b1yxSdlumA8N4fEk4UOZp']
Encanto - Cast,3xLU748QxpTmIVaiNXXg0P,Stephanie Beatriz,5PYToRCsrnvikZg3yl2JMr,2,"['4b1yxSdlumA8N4fEk4UOZp', '52xJxFP6TqMuO4Yt0eOkMz']"
Olga Merediz,2Go6wC0GsnkVeRoVwh8rqX,Encanto - Cast,3xLU748QxpTmIVaiNXXg0P,1,['4b1yxSdlumA8N4fEk4UOZp']
Matoma,4YXycRbyyAE0wozTk7QMEq,The Vamps,7gAppWoH7pcYmphCVTXkzs,1,['4b4KcovePX8Ke2cLIQTLM0']
Missy Elliott,2wIVse2owClT7go1WT98tk,Ariana Grande,66CXWjxzNUsdJxJ2JdwvnR,1,['4b7mLZQWsy0rLnrMtPA9fQ']
Frank Ocean,2h93pZq0e7k5yf4dywlkpM,Tyler The Creator,4V8LLVI7PbaPR0K2TGSxFF,2,"['4bEcoz1OcfMgUbp2ft8ieQ', '6KuXb26rHuRy3ZDse1VRmx']"
Tyler The Creator,4V8LLVI7PbaPR0K2TGSxFF,Steve Lacy,57vWImR43h4CaDao012Ofp,1,['4bEcoz1OcfMgUbp2ft8ieQ']
Frank Ocean,2h93pZq0e7k5yf4dywlkpM,Steve Lacy,57vWImR43h4CaDao012Ofp,1,['4bEcoz1OcfMgUbp2ft8ieQ']
NiiHWA,1OY65G9NJJHsSt1lGLZU6q,Agust D,5RmQ8k4l3HZ8JoPb4mNsML,1,['4bTID1qPjca9WuTZGkGRKE']
Ozuna,1i8SpTcr7yvPOmcqrbnVXY,Sech,77ziqFxp5gaInVrF2lj4ht,2,"['4bTZeO72FwMa6wKOiqoynL', '6Y4PDQv4XjYjHLeLmvyOt0']"
Anuel AA,2R21vXR83lH98kGeO99Y66,Sech,77ziqFxp5gaInVrF2lj4ht,1,['4bTZeO72FwMa6wKOiqoynL']
Darell,1TtXnWcUs0FCkaZDPGYHdf,Anuel AA,2R21vXR83lH98kGeO99Y66,3,"['4bTZeO72FwMa6wKOiqoynL', '4lzxJ4jCuFDXXGkE1LmpKR', '59PYgzOiOjGDzjDT5N5oOX']"
Jordan Fisher,60wslYioiBcxSTInM4nIy2,4*TOWN (From Disney and Pixar’s Turning Red),7jLpPyJ5gQxCvwiBsUfFu6,1,['4bV5sf2B4hWBBd5HQ8S7KB']
Finneas O'Connell,7hCuNVmOMT7ntattMgmL96,4*TOWN (From Disney and Pixar’s Turning Red),7jLpPyJ5gQxCvwiBsUfFu6,1,['4bV5sf2B4hWBBd5HQ8S7KB']
Topher Ngo,10WKlp1bjWxC1IWbpX4Q6l,4*TOWN (From Disney and Pixar’s Turning Red),7jLpPyJ5gQxCvwiBsUfFu6,1,['4bV5sf2B4hWBBd5HQ8S7KB']
Grayson Villanueva,0wSCwQI0t7XUj0zdGO25PZ,4*TOWN (From Disney and Pixar’s Turning Red),7jLpPyJ5gQxCvwiBsUfFu6,1,['4bV5sf2B4hWBBd5HQ8S7KB']
Josh Levi,6NvsNA4Ea62yJh7ePTS8gz,4*TOWN (From Disney and Pixar’s Turning Red),7jLpPyJ5gQxCvwiBsUfFu6,1,['4bV5sf2B4hWBBd5HQ8S7KB']
Jordan Fisher,60wslYioiBcxSTInM4nIy2,Finneas O'Connell,7hCuNVmOMT7ntattMgmL96,1,['4bV5sf2B4hWBBd5HQ8S7KB']
Topher Ngo,10WKlp1bjWxC1IWbpX4Q6l,Jordan Fisher,60wslYioiBcxSTInM4nIy2,1,['4bV5sf2B4hWBBd5HQ8S7KB']
Grayson Villanueva,0wSCwQI0t7XUj0zdGO25PZ,Jordan Fisher,60wslYioiBcxSTInM4nIy2,1,['4bV5sf2B4hWBBd5HQ8S7KB']
Jordan Fisher,60wslYioiBcxSTInM4nIy2,Josh Levi,6NvsNA4Ea62yJh7ePTS8gz,1,['4bV5sf2B4hWBBd5HQ8S7KB']
Topher Ngo,10WKlp1bjWxC1IWbpX4Q6l,Finneas O'Connell,7hCuNVmOMT7ntattMgmL96,1,['4bV5sf2B4hWBBd5HQ8S7KB']
Grayson Villanueva,0wSCwQI0t7XUj0zdGO25PZ,Finneas O'Connell,7hCuNVmOMT7ntattMgmL96,1,['4bV5sf2B4hWBBd5HQ8S7KB']
Josh Levi,6NvsNA4Ea62yJh7ePTS8gz,Finneas O'Connell,7hCuNVmOMT7ntattMgmL96,1,['4bV5sf2B4hWBBd5HQ8S7KB']
Grayson Villanueva,0wSCwQI0t7XUj0zdGO25PZ,Topher Ngo,10WKlp1bjWxC1IWbpX4Q6l,1,['4bV5sf2B4hWBBd5HQ8S7KB']
Topher Ngo,10WKlp1bjWxC1IWbpX4Q6l,Josh Levi,6NvsNA4Ea62yJh7ePTS8gz,1,['4bV5sf2B4hWBBd5HQ8S7KB']
Grayson Villanueva,0wSCwQI0t7XUj0zdGO25PZ,Josh Levi,6NvsNA4Ea62yJh7ePTS8gz,1,['4bV5sf2B4hWBBd5HQ8S7KB']
Selena Gomez,0C8ZW7ezQVs4URX5aX7Kqx,Kid Cudi,0fA0VVWsXO9YnASrzqfmYu,1,['4bb94wZVF1cX66vQjNeJTX']
Rich The Kid,1pPmIToKXyGdsCF6LmqLmI,Young Thug,50co4Is1HCEo8bhOyUWKpn,1,['4bi9YrkOvmg4Eb7h00AW2c']
Rich The Kid,1pPmIToKXyGdsCF6LmqLmI,Gunna,2hlmm7s2ICUX0LVIhVFlZQ,1,['4bi9YrkOvmg4Eb7h00AW2c']
Meek Mill,20sxb77xiYeusSH8cVdatc,Roddy Ricch,757aE44tKEUQEqRuT6GnEB,2,"['4bl1HBZliBuYpFZjWgefE4', '6cPnE82DKBLd7sg02ZNg8K']"
Lil Durk,3hcs9uc56yIGFCSy9leWe7,Summer Walker,57LYzLEk2LcFghVwuWbcuS,1,['4blMQHONplzay3YkNIUlcn']
Maluma,1r4hJ1h58CWwUQe3MxPuau,Carin Leon,66ihevNkSYNzRAl44dx6jJ,1,['4bw8mcDUSRWfQo63ZTYRnU']
Carla Morrison,0XK6kT7xcZAlcYrNjOgzJe,KAROL G,790FomKkXshlbRYZFtlgla,1,['4bycD60yZgR6anIBtmU8UH']
Charli xcx,25uiPmTg16RbhZWAqwLBy5,BTS,3Nrfpe0tUJi4K4DXYWgMUX,1,['4c1WgUnHXq2LEncGHKgj1I']
Nightcrawlers,1gALaWbNDnwS2ECV09sn2A,Riton,7i9j813KFoSBMldGqlh2Z1,1,['4cG7HUWYHBV6R6tHn1gxrl']
Mufasa & Hypeman,4L2dV3zY7RmkeiNO035Fi0,Riton,7i9j813KFoSBMldGqlh2Z1,1,['4cG7HUWYHBV6R6tHn1gxrl']
Mufasa,23rdR5gsZI5BqncTEKLtDU,Riton,7i9j813KFoSBMldGqlh2Z1,1,['4cG7HUWYHBV6R6tHn1gxrl']
Dopamine,3Edve4VIATi0OZngclQlkN,Riton,7i9j813KFoSBMldGqlh2Z1,1,['4cG7HUWYHBV6R6tHn1gxrl']
Nightcrawlers,1gALaWbNDnwS2ECV09sn2A,Mufasa & Hypeman,4L2dV3zY7RmkeiNO035Fi0,1,['4cG7HUWYHBV6R6tHn1gxrl']
Nightcrawlers,1gALaWbNDnwS2ECV09sn2A,Mufasa,23rdR5gsZI5BqncTEKLtDU,1,['4cG7HUWYHBV6R6tHn1gxrl']
Nightcrawlers,1gALaWbNDnwS2ECV09sn2A,Dopamine,3Edve4VIATi0OZngclQlkN,1,['4cG7HUWYHBV6R6tHn1gxrl']
Mufasa,23rdR5gsZI5BqncTEKLtDU,Mufasa & Hypeman,4L2dV3zY7RmkeiNO035Fi0,1,['4cG7HUWYHBV6R6tHn1gxrl']
Dopamine,3Edve4VIATi0OZngclQlkN,Mufasa & Hypeman,4L2dV3zY7RmkeiNO035Fi0,1,['4cG7HUWYHBV6R6tHn1gxrl']
Mufasa,23rdR5gsZI5BqncTEKLtDU,Dopamine,3Edve4VIATi0OZngclQlkN,1,['4cG7HUWYHBV6R6tHn1gxrl']
Selena Gomez,0C8ZW7ezQVs4URX5aX7Kqx,Coldplay,4gzpq5DPGxSnKTe4SA8HAU,1,['4cGqn0E8JCSY9gQllQj4Mf']
The Weeknd,1Xyo4u8uXC1ZmMpatF05PJ,SZA,7tYKF4w9nC0nq9CsPZTHyP,1,['4cbdPT6uaBOgOQe3fLMofl']
Game of Thrones,22JdJVovP3pV9XkGTih01c,SZA,7tYKF4w9nC0nq9CsPZTHyP,1,['4cbdPT6uaBOgOQe3fLMofl']
The Weeknd,1Xyo4u8uXC1ZmMpatF05PJ,Game of Thrones,22JdJVovP3pV9XkGTih01c,1,['4cbdPT6uaBOgOQe3fLMofl']
Travis Scott,0Y5tJX1MQlPlqiwlOH1tJY,Game of Thrones,22JdJVovP3pV9XkGTih01c,1,['4cbdPT6uaBOgOQe3fLMofl']
Arcángel,4SsVbpTthjScTS7U2hmr1X,Anitta,7FNnA9vBm6EKceENgCGRMb,1,['4cno0k9jDEFpLAQyHNjqVx']
De La Ghetto,3EiLUeyEcA6fbRPSHkG5kb,Anitta,7FNnA9vBm6EKceENgCGRMb,1,['4cno0k9jDEFpLAQyHNjqVx']
Ozuna,1i8SpTcr7yvPOmcqrbnVXY,Luis Fonsi,4V8Sr092TqfHkfAA5fXXqG,1,['4cuGZb0iFyHtwaSKdKrJkF']
Wiz Khalifa,137W8MRPWKqSmrBGDBFSop,Lil Wayne,55Aa2cqylxrFIXC767Z865,1,['4dASQiO1Eoo3RJvt74FtXB']
Imagine Dragons,53XhwfbYqKCa1cC15pYq2q,Lil Wayne,55Aa2cqylxrFIXC767Z865,1,['4dASQiO1Eoo3RJvt74FtXB']
X Ambassadors,3NPpFNZtSTHheNBaWC82rB,Lil Wayne,55Aa2cqylxrFIXC767Z865,1,['4dASQiO1Eoo3RJvt74FtXB']
Logic,4xRYI6VqpkE3UwrDrAZL8L,Lil Wayne,55Aa2cqylxrFIXC767Z865,1,['4dASQiO1Eoo3RJvt74FtXB']
Wiz Khalifa,137W8MRPWKqSmrBGDBFSop,Imagine Dragons,53XhwfbYqKCa1cC15pYq2q,1,['4dASQiO1Eoo3RJvt74FtXB']
Wiz Khalifa,137W8MRPWKqSmrBGDBFSop,X Ambassadors,3NPpFNZtSTHheNBaWC82rB,1,['4dASQiO1Eoo3RJvt74FtXB']
X Ambassadors,3NPpFNZtSTHheNBaWC82rB,Imagine Dragons,53XhwfbYqKCa1cC15pYq2q,1,['4dASQiO1Eoo3RJvt74FtXB']
Logic,4xRYI6VqpkE3UwrDrAZL8L,Imagine Dragons,53XhwfbYqKCa1cC15pYq2q,1,['4dASQiO1Eoo3RJvt74FtXB']
Imagine Dragons,53XhwfbYqKCa1cC15pYq2q,Ty Dolla $ign,7c0XG5cIJTrrAgEC3ULPiq,1,['4dASQiO1Eoo3RJvt74FtXB']
X Ambassadors,3NPpFNZtSTHheNBaWC82rB,Logic,4xRYI6VqpkE3UwrDrAZL8L,1,['4dASQiO1Eoo3RJvt74FtXB']
X Ambassadors,3NPpFNZtSTHheNBaWC82rB,Ty Dolla $ign,7c0XG5cIJTrrAgEC3ULPiq,1,['4dASQiO1Eoo3RJvt74FtXB']
Logic,4xRYI6VqpkE3UwrDrAZL8L,Ty Dolla $ign,7c0XG5cIJTrrAgEC3ULPiq,1,['4dASQiO1Eoo3RJvt74FtXB']
Troye Sivan,3WGpXCj9YhhfX11TToZcXP,Kacey Musgraves,70kkdajctXSbqSMJbQO424,1,['4dFtIGQBrYjiskk7fN5Wmx']
Emilia,0AqlFI0tz2DsEoJlKSIiT9,Los Ángeles Azules,0ZCO8oVkMj897cKgFH7fRW,1,['4dLLdfiniBhDP9dlJQIOi4']
David Guetta,1Cs0zKBU1kc0i8ypK3B9ai,Sean Paul,3Isy6kedDrgPYoTS1dazA9,1,['4dSoDnmR9opAQ8KxUc9SbC']
Sean Paul,3Isy6kedDrgPYoTS1dazA9,Becky G,4obzFoKoKRHIphyHzJ35G3,1,['4dSoDnmR9opAQ8KxUc9SbC']
David Guetta,1Cs0zKBU1kc0i8ypK3B9ai,Becky G,4obzFoKoKRHIphyHzJ35G3,1,['4dSoDnmR9opAQ8KxUc9SbC']
Zara Larsson,1Xylc3o4UrD53lo9CvFvVg,Kygo,23fqKkggKUBHNkbKtXEls4,1,['4dyrqiXUcK29hzrL2elqO3']
Kygo,23fqKkggKUBHNkbKtXEls4,Tyga,5LHRHt1k9lMyONurDHEdrp,1,['4dyrqiXUcK29hzrL2elqO3']
Zara Larsson,1Xylc3o4UrD53lo9CvFvVg,Tyga,5LHRHt1k9lMyONurDHEdrp,1,['4dyrqiXUcK29hzrL2elqO3']
Gunna,2hlmm7s2ICUX0LVIhVFlZQ,Ufo361,5pVRwX5ZQR7hfJ18w8ZYkl,1,['4e3VIoNlhRV6seqSAerKtG']
Taylor Swift,06HL4z0CvFAxyc27GXpf02,Fall Out Boy,4UXqAaa6dQYAk18Lv7PEgX,1,['4e3ZNTAV6PCrdYMUrUlMpQ']
Florida Georgia Line,3b8QkneNDz4JHKKKlLgYZg,Bebe Rexha,64M6ah0SkkRsnPGtGiRAbb,1,['4e4fqjx0Izh4svvTef1z7e']
Rauw Alejandro,1mcTU81TzQhprhouKaTkpq,Daddy Yankee,4VMYDCV2IEDYJArk749S6m,2,"['4e4t1qNN47CzmCxFffzs4U', '4uVEdikP5eLUy8Dq6gjiPV']"
Nile Rodgers,3yDIp0kaq9EFKe07X1X2rz,Daddy Yankee,4VMYDCV2IEDYJArk749S6m,1,['4e4t1qNN47CzmCxFffzs4U']
Rauw Alejandro,1mcTU81TzQhprhouKaTkpq,Nile Rodgers,3yDIp0kaq9EFKe07X1X2rz,1,['4e4t1qNN47CzmCxFffzs4U']
Polo G,6AgTAQt8XS6jRWi4sX7w49,Lil Tjay,6jGMq4yGs7aQzuGsMgVgZR,2,"['4eNOLmx8r2IJAVKvBBL1jv', '6uFn47ACjqYkc0jADwEdj1']"
Natanael Cano,0elWFr7TW8piilVRYJUe4P,Dan Sanchez,1yPvnL2XGGehNiOGWzcAAG,1,['4eS34o2sqDTK4ypgZq4yLA']
John Mayer,0hEurMDQu99nJRq8pTxO14,Leon Bridges,3qnGvpP8Yth1AqSBMqON5x,1,['4ehkZtzPTbjsRULRfQSWYu']
S-X,0JYmighF3zbuA81Di54CZN,KSI,1nzgtKYFckznkcVMR3Gg4z,1,['4etKC4ngPKsQDHUMnYgV3A']
KSI,1nzgtKYFckznkcVMR3Gg4z,Lil Baby,5f7VJjfbwm532GiveGC0ZK,1,['4etKC4ngPKsQDHUMnYgV3A']
KSI,1nzgtKYFckznkcVMR3Gg4z,Rick Ross,1sBkRIssrMs1AbVkOJbc7a,1,['4etKC4ngPKsQDHUMnYgV3A']
S-X,0JYmighF3zbuA81Di54CZN,Lil Baby,5f7VJjfbwm532GiveGC0ZK,1,['4etKC4ngPKsQDHUMnYgV3A']
S-X,0JYmighF3zbuA81Di54CZN,Rick Ross,1sBkRIssrMs1AbVkOJbc7a,1,['4etKC4ngPKsQDHUMnYgV3A']
Rick Ross,1sBkRIssrMs1AbVkOJbc7a,Lil Baby,5f7VJjfbwm532GiveGC0ZK,1,['4etKC4ngPKsQDHUMnYgV3A']
Matheus Fernandes,37mqXU98U5GmH5ZDtlHM1c,Grupo Menos É Mais,6vTqEFbTtTRJsuIpzZgjxi,1,['4f0aDk7HX37SfzerfznYlr']
Pharrell Williams,2RdwBSPQiwcmiDo9kixcl8,Miley Cyrus,5YGY8feqx7naU7z4HrwZM6,1,['4f9wNNZET9wH7eMBgONd3d']
Mc Danny,3PZTvUS5fUUhV3EKAjqdZk,Paulo Pires,3whgFbrRxsOmYVrq3t4hCY,1,['4fSHADbZbhpZCT9oJpxwbP']
Paulo Pires,3whgFbrRxsOmYVrq3t4hCY,Marcynho Sensação,4dnPDc045bVjibyATxVUOs,1,['4fSHADbZbhpZCT9oJpxwbP']
Mc Danny,3PZTvUS5fUUhV3EKAjqdZk,Marcynho Sensação,4dnPDc045bVjibyATxVUOs,1,['4fSHADbZbhpZCT9oJpxwbP']
Manuel Turizo,0tmwSHipWxN12fsoLcFU3B,Anuel AA,2R21vXR83lH98kGeO99Y66,1,['4fj7e6Tc48Bmomwyz2Z2XC']
Diplo,5fMUXHkw8R8eOP2RNVYEZX,Jonas Brothers,7gOdHgIoIKoe4i9Tta6qdD,1,['4fwo6czG5nvOQMzhOto1ya']
Axwell /\ Ingrosso,2XnBwblw31dfGnspMIwgWz,Kid Ink,6KZDXtSj0SzGOV705nNeh3,1,['4gZOWIMzQnn8H2ENrs7UsW']
Tove Lo,4NHQUGzhtTLFvgF5SZesLK,Martin Garrix,60d24wfXkVzDSfLS6hyCjZ,1,['4ga4WvRNhMsIL38pkBbnIN']
Vanessa Hudgens,6G9bygHlCyPgNGxK2l3YdE,Shawn Hook,7blkMNJv8n9ceP9zlA4W2U,1,['4gqMQftUs22F8pOGVn5Acr']
CKay,048LktY5zMnakWq7PTtFrz,Dj Yo!,7iTLGcddv1bOPirdYJjKVy,1,['4gvrJnKCKIPiacNsWVQwEU']
CKay,048LktY5zMnakWq7PTtFrz,AX'EL,5fUXK5m3BNwoRgTyKq8tnz,1,['4gvrJnKCKIPiacNsWVQwEU']
AX'EL,5fUXK5m3BNwoRgTyKq8tnz,Dj Yo!,7iTLGcddv1bOPirdYJjKVy,1,['4gvrJnKCKIPiacNsWVQwEU']
Tainy,0GM7qgcRCORpGnfcN2tCiB,Julieta Venegas,2QWIScpFDNxmS6ZEMIUvgm,1,['4gzsuuZypVbxs0Af1LSZyB']
Julieta Venegas,2QWIScpFDNxmS6ZEMIUvgm,Bad Bunny,4q3ewBCX7sLwd24euuV69X,1,['4gzsuuZypVbxs0Af1LSZyB']
Phoebe Bridgers,1r1uxoy19fzMxunt3ONAkG,SZA,7tYKF4w9nC0nq9CsPZTHyP,1,['4h5x3XHLVYFJaItKuO2rhy']
The Weeknd,1Xyo4u8uXC1ZmMpatF05PJ,Kendrick Lamar,2YZyLoL8N0Wb9xBt1NhZWg,2,"['4h90qkbnW1Qq6pBhoPvwko', '4ofvoCdXq99vpMZO4Cfp8x']"
Pink,2IaM2MOwxviyS7FytyD2iA,Eminem,7dGJo4pcD2V6oG8kP0tJRR,1,['4hGZxsGcFnuCJXn25EWj5j']
The Weeknd,1Xyo4u8uXC1ZmMpatF05PJ,Diddy,59wfkuBoNyhDMQGCljbUbA,1,['4hGmQboiou09EwhcTWa0H6']
Diddy,59wfkuBoNyhDMQGCljbUbA,French Montana,6vXTefBL93Dj5IqAWq6OTv,1,['4hGmQboiou09EwhcTWa0H6']
21 Savage,1URnnhqYAYcrqrcwql10ft,Diddy,59wfkuBoNyhDMQGCljbUbA,1,['4hGmQboiou09EwhcTWa0H6']
21 Savage,1URnnhqYAYcrqrcwql10ft,French Montana,6vXTefBL93Dj5IqAWq6OTv,1,['4hGmQboiou09EwhcTWa0H6']
Ed Sheeran,6eUKZXaKkcviH0Ku9w2n3V,Fireboy DML,75VKfyoBlkmrJFDqo1o2VY,1,['4hJhHbkhZFnxmWbAkZRoe0']
Veigh,4YqwRbMLqGHRHLS1w2ZKse,Bvga Beatz,7saGN6a32YNpiMPo2SWJxE,1,['4hKLzFvNwHF6dPosGT30ed']
Veigh,4YqwRbMLqGHRHLS1w2ZKse,Prod Malax,5X5jKBLJ88Ji6tzwfL0g4c,1,['4hKLzFvNwHF6dPosGT30ed']
Supernova Ent,3prRKGJz16RRMRSIM97nHw,Veigh,4YqwRbMLqGHRHLS1w2ZKse,1,['4hKLzFvNwHF6dPosGT30ed']
Prod Malax,5X5jKBLJ88Ji6tzwfL0g4c,Bvga Beatz,7saGN6a32YNpiMPo2SWJxE,1,['4hKLzFvNwHF6dPosGT30ed']
Supernova Ent,3prRKGJz16RRMRSIM97nHw,Bvga Beatz,7saGN6a32YNpiMPo2SWJxE,1,['4hKLzFvNwHF6dPosGT30ed']
Supernova Ent,3prRKGJz16RRMRSIM97nHw,Prod Malax,5X5jKBLJ88Ji6tzwfL0g4c,1,['4hKLzFvNwHF6dPosGT30ed']
Kane Brown,3oSJ7TBVCWMDMiYjXNiCKE,Marshmello,64KEffDW9EtZ1y2vBYgq8T,1,['4hPpVbbakQNv8YTHYaOJP4']
Chris King,19Nq4oCJmRe9pxcCfxRgU7,Trippie Redd,6Xgp2XMz1fhVYe7i6yNAax,1,['4hQ6o8ECY5MyHyodnyOHEw']
Quan'ta,2kuTXO1yl1horIqmc9JQnI,Trippie Redd,6Xgp2XMz1fhVYe7i6yNAax,1,['4hQ6o8ECY5MyHyodnyOHEw']
Chris King,19Nq4oCJmRe9pxcCfxRgU7,Quan'ta,2kuTXO1yl1horIqmc9JQnI,1,['4hQ6o8ECY5MyHyodnyOHEw']
KASIMIR1441,7ADRm1oT7VmhRRZrZqycV6,badmómzjay,7oWrEQO1d3klp0Qrfh7a5h,1,['4hSJUp6k7QeHLxU32MrLIU']
WILDBWOYS,44yXVrsMTsKGUBHZsYFZNq,KASIMIR1441,7ADRm1oT7VmhRRZrZqycV6,1,['4hSJUp6k7QeHLxU32MrLIU']
WILDBWOYS,44yXVrsMTsKGUBHZsYFZNq,badmómzjay,7oWrEQO1d3klp0Qrfh7a5h,1,['4hSJUp6k7QeHLxU32MrLIU']
Nicki Minaj,0hCNtLu0JehylgoiP8L4Gh,Tyga,5LHRHt1k9lMyONurDHEdrp,1,['4hXDobvUaXyDFLnmecoY0z']
Rich The Kid,1pPmIToKXyGdsCF6LmqLmI,Blueface,3Fl1V19tmjt57oBdxXKAjJ,1,['4hanO6Du5J7QEguNHYZHmw']
Villano Antillano,1pi7nGhOM7PTHR5YEgXVGq,Bizarrap,716NhGYqD1jl2wI1Qkgq36,1,['4hceSKjrkDTO0nMKFcb3sj']
Bright Sparks,1Dn88PoQjnQgLTOaokePFz,Tiësto,2o5jDhtHVPhrJdv3cEQ99Z,1,['4hiUYb2nb6NlfTP9CD38Pe']
John Legend,5y2Xq6xcjJb2jVM54GHK3t,Stevie Wonder,7guDJrEfX3qb6FEbdPA5qi,1,['4hnzXzE7JiU5QAZFF9OUsI']
The Weeknd,1Xyo4u8uXC1ZmMpatF05PJ,NAV,7rkW85dBwwrJtlHRDkJDAC,2,"['4hqOmrCCJKyiuwDexd8c2t', '7zxRMhXxJMQCeDDg0rKAVo']"
Fivio Foreign,14CHVeJGrR5xgUGQFV5BVM,Kanye West,5K4W6rqBFWDnAN6FQUkS6x,1,['4huBDGP4I3S0pYI0EaRN1c']
Fivio Foreign,14CHVeJGrR5xgUGQFV5BVM,Alicia Keys,3DiDSECUqqY1AuBP8qtaIa,1,['4huBDGP4I3S0pYI0EaRN1c']
Alicia Keys,3DiDSECUqqY1AuBP8qtaIa,Kanye West,5K4W6rqBFWDnAN6FQUkS6x,1,['4huBDGP4I3S0pYI0EaRN1c']
Taylor Swift,06HL4z0CvFAxyc27GXpf02,Ice Spice,3LZZPxNDGDFVSIPqf4JuEf,1,['4i6cwNY6oIUU2XZxPIw82Y']
Young Miko,3qsKSpcV3ncke3hw52JSMB,KAROL G,790FomKkXshlbRYZFtlgla,1,['4iGQ8o9Ih6J1OuDDGCXSCL']
Lil Baby,5f7VJjfbwm532GiveGC0ZK,iann dior,6ASri4ePR7RlsvIQgWPJpS,1,['4iHSE5R1U8jf84tRn52xRt']
Justin Bieber,1uNFoZAHBGtllmzznpCI3s,Daniel Caesar,20wkVLutqVOYrc0kxFs7rA,1,['4iJyoBOLtHqaGxP12qzhQI']
Justin Bieber,1uNFoZAHBGtllmzznpCI3s,GIVĒON,4fxd5Ee7UefO4CUXgwJ7IP,1,['4iJyoBOLtHqaGxP12qzhQI']
Daniel Caesar,20wkVLutqVOYrc0kxFs7rA,GIVĒON,4fxd5Ee7UefO4CUXgwJ7IP,1,['4iJyoBOLtHqaGxP12qzhQI']
Meek Mill,20sxb77xiYeusSH8cVdatc,JAY-Z,3nFkdlSjzX9mRTtwJOzDYB,1,['4iQ5gmTAzWfK8JyFC2LBox']
Rick Ross,1sBkRIssrMs1AbVkOJbc7a,Meek Mill,20sxb77xiYeusSH8cVdatc,1,['4iQ5gmTAzWfK8JyFC2LBox']
Nipsey Hussle,0EeQBlQJFiAfJeVN2vT9s0,Belly,0FOWNUFHPnMy0vOw1siGqi,1,['4iVD0fTHGxV9JWloujsL3s']
Nipsey Hussle,0EeQBlQJFiAfJeVN2vT9s0,Dom Kennedy,3s8alQfNnY0roAHaJh7Xxt,1,['4iVD0fTHGxV9JWloujsL3s']
Belly,0FOWNUFHPnMy0vOw1siGqi,Dom Kennedy,3s8alQfNnY0roAHaJh7Xxt,1,['4iVD0fTHGxV9JWloujsL3s']
Kendrick Lamar,2YZyLoL8N0Wb9xBt1NhZWg,U2,51Blml2LZPmy7TTiAg47vQ,1,['4iYRa2btalAzPZoSYfROqF']
Pop Smoke,0eDvMgVFoNV3TpwtrVCoTj,Kid Cudi,0fA0VVWsXO9YnASrzqfmYu,2,"['4j0Pv2jLMmtn2kyw6JVt8u', '5CFJRZRq6sdKKtRwNPWbYv']"
Rich The Kid,1pPmIToKXyGdsCF6LmqLmI,Khalid,6LuN9FCkKOj5PcnpouEgny,1,['4j30n3zuJQJ5qGA6rSTaST']
Ryuichi Sakamoto,1tcgfoMTT1szjUeaikxRjA,Agust D,5RmQ8k4l3HZ8JoPb4mNsML,1,['4j3M8NrbGSXdMPwEVsnfHE']
WOOSUNG,5LHu1iF8m0XtRBEJbbwSoo,Agust D,5RmQ8k4l3HZ8JoPb4mNsML,1,['4j3M8NrbGSXdMPwEVsnfHE']
Ryuichi Sakamoto,1tcgfoMTT1szjUeaikxRjA,WOOSUNG,5LHu1iF8m0XtRBEJbbwSoo,1,['4j3M8NrbGSXdMPwEVsnfHE']
Yaviah,0Y30TbA4p8SAfCzy2AFBa8,Bad Bunny,4q3ewBCX7sLwd24euuV69X,1,['4j4w4CXm6BSr0s25wAWrrX']
iann dior,6ASri4ePR7RlsvIQgWPJpS,24kGoldn,6fWVd57NKTalqvmjRd2t8Z,2,"['4jPy3l0RUwlUI9T5XHBW2m', '6FuGJB290AQMAHTfjOYVaK']"
Avril Lavigne,0p4nmQO2msCgU4IF37Wi3j,blackbear,2cFrymmkijnjDg9SS92EPM,1,['4jUAn4mBt4LBsRREJkeCSr']
DJ TOPO,0xj9MJx9r0wO2o4aqdergP,Mc Livinho,7me0S5Z40qVWj3gzyK8aC3,1,['4jUZymsR3lkia9wkP0o9cX']
M.I.A.,0QJIPDAEDILuo8AIq3pMuU,Travis Scott,0Y5tJX1MQlPlqiwlOH1tJY,1,['4jVBIpuOiMj1crqd8LoCrJ']
M.I.A.,0QJIPDAEDILuo8AIq3pMuU,Young Thug,50co4Is1HCEo8bhOyUWKpn,1,['4jVBIpuOiMj1crqd8LoCrJ']
Juicy J,5gCRApTajqwbnHHPbr2Fpi,Katy Perry,6jJ0s89eD6GaHleKKya26X,1,['4jbmgIyjGoXjY01XxatOx6']
Christian Nodal,0XwVARXT135rw8lyw1EeWP,Ángela Aguilar,3abT87tqQ4Q5PA5nw6CYyH,1,['4jcxBTrNvyqMJdMDyyjdYV']
XXXTENTACION,15UsOTVnJzReFVN1VCnxy4,Lil Peep,2kCcBybjl3SAtIcwdWpUe3,1,['4jvjzW7Hm0yK4LvvE0Paz9']
King Khalil,08ao8gzTHBtNf5Laf9jjwR,Capital Bra,4WZGDpNwrC0vNQyl9QzF7d,1,['4kAIdBQEmb1M9ryd9tNSCD']
Marcynho Sensação,4dnPDc045bVjibyATxVUOs,Zé Felipe,7cmuxPnXRJxwuYDHfbD8Eu,1,['4kGdnA7FzSVsXC29LPghej']
Dj Brunin XM,6MSMZkBlZT4vhQmjO5Ynv3,Bibi Babydoll,6R26kGib2ubbZJMh7kKVGV,1,['4kRLRWnn5u9wO2wOKAAdEN']
KZA Produções,1rRhJIu1ufxCjbmMWon6ax,Bibi Babydoll,6R26kGib2ubbZJMh7kKVGV,1,['4kRLRWnn5u9wO2wOKAAdEN']
KZA Produções,1rRhJIu1ufxCjbmMWon6ax,Dj Brunin XM,6MSMZkBlZT4vhQmjO5Ynv3,1,['4kRLRWnn5u9wO2wOKAAdEN']
Tiësto,2o5jDhtHVPhrJdv3cEQ99Z,Dzeko,5vQfv3s2Z2SRdPZKr82ABw,1,['4kWO6O1BUXcZmaxitpVUwp']
Preme,0bdJZl7TDeiymDYzMJnVh2,Tiësto,2o5jDhtHVPhrJdv3cEQ99Z,1,['4kWO6O1BUXcZmaxitpVUwp']
Post Malone,246dkjvS1zLTtiykXe5h60,Tiësto,2o5jDhtHVPhrJdv3cEQ99Z,1,['4kWO6O1BUXcZmaxitpVUwp']
Preme,0bdJZl7TDeiymDYzMJnVh2,Dzeko,5vQfv3s2Z2SRdPZKr82ABw,1,['4kWO6O1BUXcZmaxitpVUwp']
Post Malone,246dkjvS1zLTtiykXe5h60,Dzeko,5vQfv3s2Z2SRdPZKr82ABw,1,['4kWO6O1BUXcZmaxitpVUwp']
Preme,0bdJZl7TDeiymDYzMJnVh2,Post Malone,246dkjvS1zLTtiykXe5h60,1,['4kWO6O1BUXcZmaxitpVUwp']
Zedd,2qxJFvFYMEDqd7ui6kSAcq,Elley Duhé,67MNhiAICFY6Pwc2YxCO0K,1,['4keoy2fqgwGnbWlm3ZVZFa']
Nicki Minaj,0hCNtLu0JehylgoiP8L4Gh,Yo Gotti,6Ha4aES39QiVjR0L2lwuwq,1,['4knL4iPxPOZjQzTUlELGSY']
Lil Kleine,3AlRiyjMywTVNzTcHbf9QT,Frenna,6m1LYS5NQonxjOcQFPQOb5,1,['4kuexchmxuc5NXmokfo1WH']
A Boogie Wit da Hoodie,31W5EY0aAly4Qieq6OFu6I,Young Thug,50co4Is1HCEo8bhOyUWKpn,1,['4l2rsMfr20dj6nf6i6F3Y8']
Charli xcx,25uiPmTg16RbhZWAqwLBy5,The 1975,3mIj9lX2MWuHmhNCA7LSCW,1,['4l4OfcR9UPPT06BINAxbiA']
Charli xcx,25uiPmTg16RbhZWAqwLBy5,Jon Hopkins,7yxi31szvlbwvKq9dYOmFI,1,['4l4OfcR9UPPT06BINAxbiA']
The 1975,3mIj9lX2MWuHmhNCA7LSCW,Jon Hopkins,7yxi31szvlbwvKq9dYOmFI,1,['4l4OfcR9UPPT06BINAxbiA']
Felipe Original,2Cra8I2P4OnMkVguqZRVwi,PEDRO SAMPAIO,5wbf52LA6kcaboHSN6NEF1,1,['4lKuzrdZrJuCAedbIslF3A']
PEDRO SAMPAIO,5wbf52LA6kcaboHSN6NEF1,JS o Mão de Ouro,7C7NNCiIFavKH6oDarjp0v,1,['4lKuzrdZrJuCAedbIslF3A']
Felipe Original,2Cra8I2P4OnMkVguqZRVwi,JS o Mão de Ouro,7C7NNCiIFavKH6oDarjp0v,2,"['4lKuzrdZrJuCAedbIslF3A', '5dKesZwp6deuhEeW8F1UEi']"
Travis Scott,0Y5tJX1MQlPlqiwlOH1tJY,Lil Durk,3hcs9uc56yIGFCSy9leWe7,1,['4lUmnwRybYH7mMzf16xB0y']
Los Dareyes De La Sierra,1ZMJSCQw8DIefcLb1FIpY0,Xavi,3Me35AWHCGqW4sZ7bWWJt1,1,['4loIMejzvt11s97SGVEat8']
Rauw Alejandro,1mcTU81TzQhprhouKaTkpq,Feid,2LRoIwlKmHjgvigdNGBHNo,1,['4lqJsJd7kqWVvamQ4aFHA8']
Nicky Jam,1SupJlEpv7RS2tPNRaHViT,DJ Luian,64aJYyrXljOodnUG6jvhRD,1,['4lzxJ4jCuFDXXGkE1LmpKR']
Darell,1TtXnWcUs0FCkaZDPGYHdf,DJ Luian,64aJYyrXljOodnUG6jvhRD,2,"['4lzxJ4jCuFDXXGkE1LmpKR', '5RAIMjdrCEjpjaR5tBATXU']"
Brytiago,00XhexlJEXQstHimpZN910,DJ Luian,64aJYyrXljOodnUG6jvhRD,1,['4lzxJ4jCuFDXXGkE1LmpKR']
Nicky Jam,1SupJlEpv7RS2tPNRaHViT,Mambo Kingz,2T1aUibqR2QC2sINIDQOAK,1,['4lzxJ4jCuFDXXGkE1LmpKR']
Darell,1TtXnWcUs0FCkaZDPGYHdf,Mambo Kingz,2T1aUibqR2QC2sINIDQOAK,2,"['4lzxJ4jCuFDXXGkE1LmpKR', '5RAIMjdrCEjpjaR5tBATXU']"
Brytiago,00XhexlJEXQstHimpZN910,Mambo Kingz,2T1aUibqR2QC2sINIDQOAK,1,['4lzxJ4jCuFDXXGkE1LmpKR']
Brytiago,00XhexlJEXQstHimpZN910,Anuel AA,2R21vXR83lH98kGeO99Y66,2,"['4lzxJ4jCuFDXXGkE1LmpKR', '59PYgzOiOjGDzjDT5N5oOX']"
Brytiago,00XhexlJEXQstHimpZN910,Nicky Jam,1SupJlEpv7RS2tPNRaHViT,1,['4lzxJ4jCuFDXXGkE1LmpKR']
Brytiago,00XhexlJEXQstHimpZN910,Darell,1TtXnWcUs0FCkaZDPGYHdf,6,"['4lzxJ4jCuFDXXGkE1LmpKR', '56CvVCJYRQNWwM4vF4neCD', '59PYgzOiOjGDzjDT5N5oOX', '6R66bI4nkzvvNba80pWU2t', '6rbhaJsE4uLzpPf8WYSHDK', '7kuRvjpeUcn6qNV9IBXC2C']"
Lil Baby,5f7VJjfbwm532GiveGC0ZK,6ix9ine,7gZfnEnfiaHzxARJ2LeXrf,1,['4m5Cd9kAbIxg6t9sMrQWtk']
MC Menor MT,4EMRE0wdcc2xjv1PCmTqUU,DJ Jeeh FDC,5lal0BjsooQ7ON4t7B73bp,1,['4mD9hjoTckjeL1CrJCx0MT']
Yuri Redicopa,0pVJXCGsBydS7rq0R4w4hm,DJ Jeeh FDC,5lal0BjsooQ7ON4t7B73bp,1,['4mD9hjoTckjeL1CrJCx0MT']
Mc Pelé,5kfgervAs5bJUOC0vbYB12,DJ Jeeh FDC,5lal0BjsooQ7ON4t7B73bp,1,['4mD9hjoTckjeL1CrJCx0MT']
Yuri Redicopa,0pVJXCGsBydS7rq0R4w4hm,MC Menor MT,4EMRE0wdcc2xjv1PCmTqUU,1,['4mD9hjoTckjeL1CrJCx0MT']
MC Menor MT,4EMRE0wdcc2xjv1PCmTqUU,Mc Pelé,5kfgervAs5bJUOC0vbYB12,1,['4mD9hjoTckjeL1CrJCx0MT']
Yuri Redicopa,0pVJXCGsBydS7rq0R4w4hm,Mc Pelé,5kfgervAs5bJUOC0vbYB12,1,['4mD9hjoTckjeL1CrJCx0MT']
Halsey,26VFTg2z8YR0cCuwLzESi2,YUNGBLUD,6Ad91Jof8Niiw0lGLLi3NW,1,['4mGdjNMo0RonTlOEb7cYg4']
Halsey,26VFTg2z8YR0cCuwLzESi2,Travis Barker,4exLIFE8sISLr28sqG1qNX,1,['4mGdjNMo0RonTlOEb7cYg4']
Ariana Grande,66CXWjxzNUsdJxJ2JdwvnR,Nonna,6maPmKkdwM4eyhz5O4lbkP,1,['4mHM5d2fK3n8xgymjf92w2']
Pharrell Williams,2RdwBSPQiwcmiDo9kixcl8,Ariana Grande,66CXWjxzNUsdJxJ2JdwvnR,2,"['4mLkiFppf8Xvem6BSY34qw', '60APt5N2NRaKWf5xzJdzyC']"
Drake,3TVXtAsR1Inumwj472S9r4,Trippie Redd,6Xgp2XMz1fhVYe7i6yNAax,1,['4mOkfIYbMX9PXx27hj8NTi']
Anuel AA,2R21vXR83lH98kGeO99Y66,Lil Wayne,55Aa2cqylxrFIXC767Z865,1,['4mbb7hmfDR6M9cQaLdYSFd']
Mc Gw,0f1IECbrVV952unZkzrsg2,mc jhenny,6Ka3TKKRqhWwbmuxjhrmo6,1,['4mdlehe2znCTAzlFhrOa09']
KOSTA,3wyruz219YVh90qRnzFBTY,mc jhenny,6Ka3TKKRqhWwbmuxjhrmo6,1,['4mdlehe2znCTAzlFhrOa09']
Mc Gw,0f1IECbrVV952unZkzrsg2,KOSTA,3wyruz219YVh90qRnzFBTY,1,['4mdlehe2znCTAzlFhrOa09']
Alec Benjamin,5IH6FPUwQTxPSXurCrcIov,Dream,6LArUyIoMiHmDvvOAsE2cd,1,['4mnjwMLCk3JZkhkok3u5g1']
Dardan,3pjq2pDV9RR6VY55wBjVnp,Monet192,60uPSVM3svOL8kZ3Wkb3Zw,1,['4n0Ke1KJsPHvd7xRoU29E2']
Nicki Minaj,0hCNtLu0JehylgoiP8L4Gh,Nick Jonas,4Rxn7Im3LGfyRkY2FlHhWi,1,['4nDfc6F2uVcc6wdG7kBzWO']
BENEE,0Cp8WN4V8Tu4QJQwCN5Md4,Gus Dapperton,6sHCvZe1PHrOAuYlwTLNH4,1,['4nK5YrxbMGZstTLbvj6Gxw']
Shakira,0EmeFodog0BfCgMzAIvKQp,Bizarrap,716NhGYqD1jl2wI1Qkgq36,1,['4nrPB8O7Y7wsOCJdgXkthe']
Hozier,2FXC3k01G6Gw61bmprjgqS,Noah Kahan,2RQXRUsr4IW1f3mKyKsy4B,1,['4oEf84vBYVftf6KmZexhVo']
Jack Harlow,2LIk90788K0zvyj2JJVwkJ,Justin Timberlake,31TPClRtHm23RisEBtV3X7,1,['4obgLgDkkjoGpRMa9lyFWW']
Summer Walker,57LYzLEk2LcFghVwuWbcuS,London On Da Track,5Nf5yishRW9Ye174sJISkg,1,['4otQJBpb8okSeykALR3eCH']
Summer Walker,57LYzLEk2LcFghVwuWbcuS,Chris Brown,7bXgB6jMjp9ATFy66eO08Z,1,['4otQJBpb8okSeykALR3eCH']
London On Da Track,5Nf5yishRW9Ye174sJISkg,Chris Brown,7bXgB6jMjp9ATFy66eO08Z,1,['4otQJBpb8okSeykALR3eCH']
Luciano,3CJKkU0XuElRT1z8rEtIYg,Gentleman,5tlNJfV9UIpgnbWmvUEFu7,1,['4ow1etGbQ8kfbAT3QPlmhN']
Gentleman,5tlNJfV9UIpgnbWmvUEFu7,Ezhel,6LnJKrtFnTEGdbWQ2riWCL,1,['4ow1etGbQ8kfbAT3QPlmhN']
Luciano,3CJKkU0XuElRT1z8rEtIYg,Ezhel,6LnJKrtFnTEGdbWQ2riWCL,1,['4ow1etGbQ8kfbAT3QPlmhN']
Zach Bryan,40ZNYROS4zLfyyBSs2PGe2,The War And Treaty,6HhV0jtMMK5HYnYgG0xgtz,1,['4pCbJC43j3gSqG6Fen6upD']
Daddy Yankee,4VMYDCV2IEDYJArk749S6m,Becky G,4obzFoKoKRHIphyHzJ35G3,2,"['4pN4uE4g6srE6376NDwMJP', '6U2NuJILEOEpW2tVCuqKHb']"
Mc Paiva ZS,0gHj4MPwwcZ8Zl9CY0hqT5,Nilo,5uD6uRKj2xYxpqx8bscaco,1,['4pOGEJRVOuaa9oyy7qTGf6']
DJ Di Marques,4CJ3CnKb8dSlzci7eaSOcV,Nilo,5uD6uRKj2xYxpqx8bscaco,1,['4pOGEJRVOuaa9oyy7qTGf6']
Nilo,5uD6uRKj2xYxpqx8bscaco,FamousKyo,6neX3m8RObh5N8X6AEBYiw,1,['4pOGEJRVOuaa9oyy7qTGf6']
Mc Paiva ZS,0gHj4MPwwcZ8Zl9CY0hqT5,DJ Di Marques,4CJ3CnKb8dSlzci7eaSOcV,1,['4pOGEJRVOuaa9oyy7qTGf6']
Mc Paiva ZS,0gHj4MPwwcZ8Zl9CY0hqT5,FamousKyo,6neX3m8RObh5N8X6AEBYiw,1,['4pOGEJRVOuaa9oyy7qTGf6']
DJ Di Marques,4CJ3CnKb8dSlzci7eaSOcV,FamousKyo,6neX3m8RObh5N8X6AEBYiw,1,['4pOGEJRVOuaa9oyy7qTGf6']
Chance the Rapper,1anyVhU62p31KFi8MEzkbf,Shawn Mendes,7n2wHs1TKAczGzO7Dd2rGr,1,['4pnIUqhf1AQMFrJPd4BbrT']
WIU,3MrDVzg7ZXaYMyQmbDInr7,Teto,68YeXpLt3jB7JHQS5ZjMGo,2,"['4qDT0BeJ7BjatrN9k8AvB4', '6bTdZ7xfKp3NqqADJ8HLyj']"
WIU,3MrDVzg7ZXaYMyQmbDInr7,Matuê,5nP8x4uEFjAAmDzwOEc9b8,2,"['4qDT0BeJ7BjatrN9k8AvB4', '6bTdZ7xfKp3NqqADJ8HLyj']"
Drake,3TVXtAsR1Inumwj472S9r4,BlocBoy JB,4TEJudQY2pXxVHPE3gD2EU,1,['4qKcDkK6siZ7Jp1Jb4m0aL']
Future,1RyvyyTE3xzB2ZywiAwp0i,Ufo361,5pVRwX5ZQR7hfJ18w8ZYkl,1,['4qOesAYiMiMFiZrn2wfkl6']
Boris Karloff,35uPgDW1J4hq6tqQ0LJcot,Thurl Ravenscroft,5LCQTpuQCzKjfv233UFQnb,1,['4qP2V09IpTct5A1ZSnr1zh']
Marshmello,64KEffDW9EtZ1y2vBYgq8T,Jonas Brothers,7gOdHgIoIKoe4i9Tta6qdD,1,['4qu63nuBpdn0qHUHuObEj1']
Lola Indigo,3bvfu2KAve4lPHrhEFDZna,Quevedo,52iwsT98xCoGgiGntTiR7K,1,['4rKQ8daoK0aklVptea8A9E']
070 Shake,12Zk1DFhCbHY6v3xep2ZjI,RAYE,5KKpBU5eC2tJDzf0wmlRp2,2,"['4rPJSqrov3zqGwXlemLBMw', '5mHdCZtVyb4DcJw8799hZp']"
Kygo,23fqKkggKUBHNkbKtXEls4,Ava Max,4npEfmQ6YuiwW1GpUmaq3F,1,['4rTPLtqJxa4UtCBkdMwSp6']
Post Malone,246dkjvS1zLTtiykXe5h60,Sierra Ferrell,3oVcF3VdpMuvMvLLyHPT4t,1,['4rhSYWoLaBbkQccjme9UOJ']
Gunna,2hlmm7s2ICUX0LVIhVFlZQ,Lil Tecca,4Ga1P7PMIsmqEZqhYZQgDo,1,['4s6vwFgPdCtidpEw8KuQT6']
TR,2CotyFTVKWR1jJLPTrrjdu,Mc Menor RV,5MH9v8KacsyTetJmnrAO1W,1,['4sAoshwHCmh4IHMQxZHwRD']
Tropa da W&S,1APqNiQUA2XpwLEbywSWmZ,TR,2CotyFTVKWR1jJLPTrrjdu,1,['4sAoshwHCmh4IHMQxZHwRD']
Tropa da W&S,1APqNiQUA2XpwLEbywSWmZ,Mc Menor RV,5MH9v8KacsyTetJmnrAO1W,1,['4sAoshwHCmh4IHMQxZHwRD']
Drake,3TVXtAsR1Inumwj472S9r4,Camila Cabello,4nDoRrQiYLoBzwC5BhVJzF,1,['4sFnOjqO3s7Iphbg2MPKDd']
Tove Lo,4NHQUGzhtTLFvgF5SZesLK,Flume,6nxWCVXbOlEVRexSbLsTer,1,['4sQMalN597HdggTu196aL0']
Juanes,0UWZUmn7sybxMCqrw9tGa7,Morat,5C4PDR4LnhZTbVnKWXuDKD,1,['4scwMEdlKi8qWJzzyDB8Z3']
DTG,6kZWqUZqptyxb8Ki5DyBAg,S1mba,71jSVPQ6yskfyvWeiwvT5s,1,['4slSrbTK1sNK4I1mDYEthf']
Salmo,3hBQ4zniNdQf1cqqo6hzuW,Coez,5dXlc7MnpaTeUIsHLVe3n4,1,['4spkZ6gRKh827yp6JI6TN1']
Mari Fernandez,0BHm7qbh3ENxvXzkQAG7MP,Matheus & Kauan,2Z0lRIqr997lIUiPtrpKCr,1,['4sqpSDnTrbS8v7RMNCUyqS']
Feid,2LRoIwlKmHjgvigdNGBHNo,Alejo,50sIhX3HytFEwQXZJLUZQE,1,['4srcMdbm2qzVG98tJajHxp']
Alejo,50sIhX3HytFEwQXZJLUZQE,ROBI,6ISKc7ev3V4EGnEagkXexc,1,['4srcMdbm2qzVG98tJajHxp']
Feid,2LRoIwlKmHjgvigdNGBHNo,ROBI,6ISKc7ev3V4EGnEagkXexc,1,['4srcMdbm2qzVG98tJajHxp']
Lunay,47MpMsUfWtgyIIBEFOr4FE,Daddy Yankee,4VMYDCV2IEDYJArk749S6m,1,['4t9a07PAghtQMRAIP9FQ7Z']
Lunay,47MpMsUfWtgyIIBEFOr4FE,Bad Bunny,4q3ewBCX7sLwd24euuV69X,1,['4t9a07PAghtQMRAIP9FQ7Z']
Fifth Harmony,1l8Fu6IkuTP0U5QetQJ5Xt,Ty Dolla $ign,7c0XG5cIJTrrAgEC3ULPiq,1,['4tCtwWceOPWzenK2HAIJSb']
Taylor Swift,06HL4z0CvFAxyc27GXpf02,The National,2cCUtGK9sDU2EoElnk0GNB,2,"['4tyX1rw9X309WkEdh2As4B', '6INztpNwOTlfSKTuPo0HOP']"
Imanbek,5rGrDvrLOV2VV8SCFVGWlj,Alan Walker,7vk5e3vY1uw9plTHJAMwjN,1,['4uDhts78RdwIDjEqPrYVKp']
AgroPlay,0uGWkZRPp1Urk77XBrPBsZ,Ana Castela,2CKOmarVWvWqkNWUatHCex,2,"['4uqJelb9THHmJ3OCohg4ZJ', '6GmyQws2xpUFIN5dXBNTrl']"
Lucy Rose,2uvY5pgdD9t1CZ5zMNw1rl,Logic,4xRYI6VqpkE3UwrDrAZL8L,2,"['4ut9fdC5ncgcvCo0KaphNY', '6CvTbrBxxc5jFwqsivhpxh']"
The RattPack,3Ll0OyHvpoQmGP9TMQAhKV,Logic,4xRYI6VqpkE3UwrDrAZL8L,1,['4ut9fdC5ncgcvCo0KaphNY']
Lucy Rose,2uvY5pgdD9t1CZ5zMNw1rl,The RattPack,3Ll0OyHvpoQmGP9TMQAhKV,1,['4ut9fdC5ncgcvCo0KaphNY']
Meek Mill,20sxb77xiYeusSH8cVdatc,Ed Sheeran,6eUKZXaKkcviH0Ku9w2n3V,1,['4vIKzWqtn44umal5jXq4wE']
A Boogie Wit da Hoodie,31W5EY0aAly4Qieq6OFu6I,Ed Sheeran,6eUKZXaKkcviH0Ku9w2n3V,1,['4vIKzWqtn44umal5jXq4wE']
Meek Mill,20sxb77xiYeusSH8cVdatc,A Boogie Wit da Hoodie,31W5EY0aAly4Qieq6OFu6I,1,['4vIKzWqtn44umal5jXq4wE']
Cardi B,4kYSro6naA4h99UJvo89HB,Ed Sheeran,6eUKZXaKkcviH0Ku9w2n3V,1,['4vUmTMuQqjdnvlZmAH61Qk']
Cardi B,4kYSro6naA4h99UJvo89HB,Camila Cabello,4nDoRrQiYLoBzwC5BhVJzF,1,['4vUmTMuQqjdnvlZmAH61Qk']
Justin Bieber,1uNFoZAHBGtllmzznpCI3s,Sean Kingston,6S0dmVVn4udvppDhZIWxCr,1,['4vVTI94F9uJ8lHNDWKv0i2']
Luan Santana,3qvcCP2J0fWi0m0uQDUf6r,Luísa Sonza,4PzYKhC14sTJNEr0dzoo0d,1,['4vWh6tEfcLzdvYWp2IlOJS']
City Girls,37hAfseJWi0G3Scife12Il,French Montana,6vXTefBL93Dj5IqAWq6OTv,1,['4vfsh1GHqHZtTlkusq9j5E']
Troye Sivan,3WGpXCj9YhhfX11TToZcXP,Lauv,5JZ7CnR6gTvEMKX4g70Amv,1,['4vjpLMyL3ZO6aphdYr8XYw']
DJ Khaled,0QHgL1lAIqAw0HtD7YldmP,Calvin Harris,7CajNmpbOovFoOoasH2HaY,1,['4vv1KjUzPwrtDbozizSfQc']
Jeremih,3KV3p5EY4AvKxOlhGHORLg,Calvin Harris,7CajNmpbOovFoOoasH2HaY,1,['4vv1KjUzPwrtDbozizSfQc']
Travis Scott,0Y5tJX1MQlPlqiwlOH1tJY,Jeremih,3KV3p5EY4AvKxOlhGHORLg,1,['4vv1KjUzPwrtDbozizSfQc']
Ape Drums,4HJnsUVBubdKJ2aV0sr48u,Randy,7qYeIN2r4H1kBvr0Gm9Iav,1,['4vv8wcnT04GHHbUCFBAiHF']
Takeoff,3EW0kQ1skZiK1NHg3Spt9J,Huncho Jack,6extd4B6hl8VTmnlhpl2bY,1,['4vwfOiyWxXeEdx4ejAJgdx']
Travis Scott,0Y5tJX1MQlPlqiwlOH1tJY,Takeoff,3EW0kQ1skZiK1NHg3Spt9J,1,['4vwfOiyWxXeEdx4ejAJgdx']
Grupo Marca Registrada,1gW6pz5n1aK249L0GvfQCC,Junior H,7Gi6gjaWy3DxyilpF1a8Is,1,['4w273WCBXwM4P3jTX5HkB2']
Travis Scott,0Y5tJX1MQlPlqiwlOH1tJY,ROSALÍA,7ltDVBr6mKbRvohxheJ9h1,2,"['4w47S36wQGBhGg073q3nt7', '7h0d2h0fUmzbs7zeFigJPn']"
Nicki Minaj,0hCNtLu0JehylgoiP8L4Gh,Migos,6oMuImdp5ZcFhWP0ESe6mG,1,['4wFjTWCunQFKtukqrNijEt']
Nicki Minaj,0hCNtLu0JehylgoiP8L4Gh,Cardi B,4kYSro6naA4h99UJvo89HB,1,['4wFjTWCunQFKtukqrNijEt']
Bruno Mars,0du5cEVh5yTK9QJze8zA0C,ROSÉ,3eVa5w3URK5duf6eyVDbu9,1,['4wJ5Qq0jBN4ajy7ouZIV1c']
DJ Ivis,0RPzmE1iY76tx1eBBXFyYn,Dj Guuga,1cNPXWhKfjI0fT5EMCnamR,1,['4wQUopWk9Ed7Ng5qpKN5qd']
Ke Personajes,06Q5VlSAku57lFzyME3HrM,Tiago PZK,5Y3MV9DZ0d87NnVm56qSY1,1,['4wS0TnQzVkY9ML1BPKpOk1']
Drake,3TVXtAsR1Inumwj472S9r4,GIVĒON,4fxd5Ee7UefO4CUXgwJ7IP,2,"['4wVOKKEHUJxHCFFNUWDn0B', '61S79KIVA4I9FXbnsylEHT']"
Koba LaD,1q7T9rFQ2a2ukA1PU51fo3,Ninho,6Te49r3A6f5BiIgBRxH7FH,1,['4waeGjPW1ovLjhbScVibAH']
Dina Rae,5jNmxPYz8QE5rYp4GDil8t,Eminem,7dGJo4pcD2V6oG8kP0tJRR,1,['4woTEX1wYOTGDqNXuavlRC']
Chance the Rapper,1anyVhU62p31KFi8MEzkbf,Ed Sheeran,6eUKZXaKkcviH0Ku9w2n3V,1,['4wuCQX7JvAZLlrcmH4AeZF']
PnB Rock,21WS9wngs9AqFckK7yYJPM,Ed Sheeran,6eUKZXaKkcviH0Ku9w2n3V,1,['4wuCQX7JvAZLlrcmH4AeZF']
Chance the Rapper,1anyVhU62p31KFi8MEzkbf,PnB Rock,21WS9wngs9AqFckK7yYJPM,1,['4wuCQX7JvAZLlrcmH4AeZF']
Lil Tecca,4Ga1P7PMIsmqEZqhYZQgDo,24kGoldn,6fWVd57NKTalqvmjRd2t8Z,1,['4wuMS7NGVbU7hdu94K5icd']
Øneheart,0dgJbQ0bKPyUXco8hEXN7X,reidenshi,6SdlxyPsQ3B0yYncFmDULP,1,['4xF4ZBGPZKxECeDFrqSAG4']
Sampha,2WoVwexZuODvclzULjPQtm,Kendrick Lamar,2YZyLoL8N0Wb9xBt1NhZWg,1,['4xIhSUJantE6BMl3u8dtCJ']
187 Strassenbande,2j2rh3oQh4QEUnNTDKYSJD,Sa4,5qZLYtTL3ldN6Uw7OXHESR,2,"['4xN9cgMVhYyhnugUFZdhcZ', '6qNLO4HzHeVvHxTaCFMXrf']"
Chlöe,1FtBEIWAwvw5ymBen5GICR,Gunna,2hlmm7s2ICUX0LVIhVFlZQ,1,['4xTRiW8KxQjf6JxeyozXkZ']
Two Maloka,1v2nDgCQIAgO0tTXWcQbgh,Niack,5uYe4bcAXlMP7d4mrOYkML,1,['4xWzZmX4K1yyrdtRfbUvjt']
DJ Léo da 17,2K709GZR5lppCr7ATLKlbz,Niack,5uYe4bcAXlMP7d4mrOYkML,1,['4xWzZmX4K1yyrdtRfbUvjt']
Two Maloka,1v2nDgCQIAgO0tTXWcQbgh,DJ Léo da 17,2K709GZR5lppCr7ATLKlbz,1,['4xWzZmX4K1yyrdtRfbUvjt']
Nate Dogg,1Oa0bMld0A3u5OTYfMzp5h,Eminem,7dGJo4pcD2V6oG8kP0tJRR,1,['4xkOaSrkexMciUUogZKVTS']
Lady Gaga,1HY2Jd0NmPuamShAr6KMms,Charli xcx,25uiPmTg16RbhZWAqwLBy5,1,['4xx8LCv4tUv7PNk6g7VQmY']
Lady Gaga,1HY2Jd0NmPuamShAr6KMms,A. G. Cook,335TWGWGFan4vaacJzSiU8,1,['4xx8LCv4tUv7PNk6g7VQmY']
Charli xcx,25uiPmTg16RbhZWAqwLBy5,A. G. Cook,335TWGWGFan4vaacJzSiU8,1,['4xx8LCv4tUv7PNk6g7VQmY']
21 Savage,1URnnhqYAYcrqrcwql10ft,Tommy Newport,7FvQR6QFfXmW18dyMqnHvv,1,['4yLyVdEqV790aIXyGif85v']
21 Savage,1URnnhqYAYcrqrcwql10ft,Mikky Ekko,1buzCmyYZE4kcdLRudsb8V,1,['4yLyVdEqV790aIXyGif85v']
Mikky Ekko,1buzCmyYZE4kcdLRudsb8V,Tommy Newport,7FvQR6QFfXmW18dyMqnHvv,1,['4yLyVdEqV790aIXyGif85v']
Nicky Jam,1SupJlEpv7RS2tPNRaHViT,Wisin,3E6xrwgnVfYCrCs0ePERDz,1,['4yN6xPLopmTLvc27pO9LIE']
Nardo Wick,0Njy6yR9LykNKYg9yE23QN,G Herbo,5QdEbQJ3ylBnc3gsIASAT5,1,['4yNoUQkYf1QF8iYlEzNynH']
Nardo Wick,0Njy6yR9LykNKYg9yE23QN,Lil Durk,3hcs9uc56yIGFCSy9leWe7,1,['4yNoUQkYf1QF8iYlEzNynH']
Nardo Wick,0Njy6yR9LykNKYg9yE23QN,21 Savage,1URnnhqYAYcrqrcwql10ft,1,['4yNoUQkYf1QF8iYlEzNynH']
Lil Durk,3hcs9uc56yIGFCSy9leWe7,G Herbo,5QdEbQJ3ylBnc3gsIASAT5,1,['4yNoUQkYf1QF8iYlEzNynH']
21 Savage,1URnnhqYAYcrqrcwql10ft,G Herbo,5QdEbQJ3ylBnc3gsIASAT5,1,['4yNoUQkYf1QF8iYlEzNynH']
La Joaqui,60XHOAhvEBiV6BGBOv8ClM,TINI,7vXDAI8JwjW531ouMGbfcp,1,['4yPmTUkWmUfLPQLCccp0DR']
Steve Aoki,77AiFEVeAVj2ORpC85QVJs,TINI,7vXDAI8JwjW531ouMGbfcp,1,['4yPmTUkWmUfLPQLCccp0DR']
La Joaqui,60XHOAhvEBiV6BGBOv8ClM,Steve Aoki,77AiFEVeAVj2ORpC85QVJs,1,['4yPmTUkWmUfLPQLCccp0DR']
Tyler The Creator,4V8LLVI7PbaPR0K2TGSxFF,DJ Drama,5oNgAs7j5XcBMzWv3HAnHG,1,['4ydmav4vl7hebadtfZtMrg']
Luis R Conriquez,0pePYDrJGk8gqMRbXrLJC8,Tony Aguirre,6twEaJ9RPRYiCmWapjG8xh,1,['4ygQ5wSuzzNRevVjup1qV2']
Peso Pluma,12GqGscKJx3aE4t07u7eVZ,Tony Aguirre,6twEaJ9RPRYiCmWapjG8xh,1,['4ygQ5wSuzzNRevVjup1qV2']
Ariana Grande,66CXWjxzNUsdJxJ2JdwvnR,Demi Lovato,6S2OmqARrzebs0tKUEyXyp,1,['4yyX2Iu4xJjW9xMvBZKSBi']
LANY,49tQo2QULno7gxHutgccqF,Lauv,5JZ7CnR6gTvEMKX4g70Amv,1,['4z1rk9qlsqhp5LJm5qvXZF']
Tyga,5LHRHt1k9lMyONurDHEdrp,ZAAC,76Xa625geVw0Q7BdyxNjA2,1,['4zGtfOglDBfVUypabBwIjQ']
Tyga,5LHRHt1k9lMyONurDHEdrp,Anitta,7FNnA9vBm6EKceENgCGRMb,1,['4zGtfOglDBfVUypabBwIjQ']
NAYEON,1VwDG9aBflQupaFNjUru9A,Felix of Stray Kids,4UIOuc84ExWojcUzFGtb8W,1,['4zHvWi4iFAG45lgiN7smLC']
James Hype,43BxCL6t4c73BQnIJtry5v,Miggy Dela Rosa,45ruzGUmIr8WLjLOPJ9mGU,1,['4zN21mbAuaD0WqtmaTZZeP']
Future,1RyvyyTE3xzB2ZywiAwp0i,MC Fioti,2W6kbe0nm96COrHzNmfLLd,1,['4zWO4gvuFtw6EJZC5FFGlr']
J Balvin,1vyhD5VmyZ7KMfW5gqLgo5,MC Fioti,2W6kbe0nm96COrHzNmfLLd,1,['4zWO4gvuFtw6EJZC5FFGlr']
Stefflon Don,2ExGrw6XpbtUAJHTLtUXUD,MC Fioti,2W6kbe0nm96COrHzNmfLLd,1,['4zWO4gvuFtw6EJZC5FFGlr']
Juan Magán,1ackd5XprZEkH3McKbQD51,MC Fioti,2W6kbe0nm96COrHzNmfLLd,1,['4zWO4gvuFtw6EJZC5FFGlr']
Future,1RyvyyTE3xzB2ZywiAwp0i,J Balvin,1vyhD5VmyZ7KMfW5gqLgo5,1,['4zWO4gvuFtw6EJZC5FFGlr']
Future,1RyvyyTE3xzB2ZywiAwp0i,Stefflon Don,2ExGrw6XpbtUAJHTLtUXUD,1,['4zWO4gvuFtw6EJZC5FFGlr']
Future,1RyvyyTE3xzB2ZywiAwp0i,Juan Magán,1ackd5XprZEkH3McKbQD51,1,['4zWO4gvuFtw6EJZC5FFGlr']
J Balvin,1vyhD5VmyZ7KMfW5gqLgo5,Stefflon Don,2ExGrw6XpbtUAJHTLtUXUD,1,['4zWO4gvuFtw6EJZC5FFGlr']
Juan Magán,1ackd5XprZEkH3McKbQD51,J Balvin,1vyhD5VmyZ7KMfW5gqLgo5,1,['4zWO4gvuFtw6EJZC5FFGlr']
Juan Magán,1ackd5XprZEkH3McKbQD51,Stefflon Don,2ExGrw6XpbtUAJHTLtUXUD,1,['4zWO4gvuFtw6EJZC5FFGlr']
Kapo,3UTF2no3muGdiFXVujl94i,Danny Ocean,5H1nN1SzW0qNeUEZvuXjAj,1,['4zbEItKoaRId1vRZkoO0Uh']
Henrique & Juliano,3p7PcrEHaaKLJnPUGOtRlT,Dilsinho,4NUePmzDvCYqilXBFa91Hg,1,['4zsiMjB0794HztyqUkD3Zi']
Rvssian,1fctva4kpRbg2k3v7kwRuS,Clever,5yy76ufVriyvidNSvXlRU1,1,['4zxpssj8DyrfZcEUSUiNxG']
Evan Rachel Wood,3MyB0MyKec3Jq0AH2llk7v,Idina Menzel,73Np75Wv2tju61Eo9Zw4IR,1,['50WeOnXhM1H7AZEeIDoWfZ']
Dalex,0KPX4Ucy9dk82uj4GpKesn,Rauw Alejandro,1mcTU81TzQhprhouKaTkpq,2,"['50ZC4PM7hywH27RcCfViau', '74j34STf8L6uADnTN69ohv']"
Rauw Alejandro,1mcTU81TzQhprhouKaTkpq,Lenny Tavárez,1pQWsZQehhS4wavwh7Fnxd,2,"['50ZC4PM7hywH27RcCfViau', '7nD2JPaxIKUdxd2UWgnaGL']"
Rauw Alejandro,1mcTU81TzQhprhouKaTkpq,Dímelo Flow,3fZk3Gm5dN5v5yfYMQ04Bx,1,['50ZC4PM7hywH27RcCfViau']
Charli xcx,25uiPmTg16RbhZWAqwLBy5,Rina Sawayama,2KEqzdPS7M5YwGmiuPTdr5,1,['50ZFpw2wS6ERvLmW8TINhq']
Tarcísio do Acordeon,48HORs6F9P7IgdyKrk4MZC,Marcynho Sensação,4dnPDc045bVjibyATxVUOs,1,['50gPsfGHy5OnPauA9455DM']
YG,0A0FS04o6zMoto8OKPsDwY,A$AP Rocky,13ubrt8QOOCPljQ2FL1Kca,1,['50wkDxcIfamIajKwmgp0iB']
Elton John,3PhoLpVuITZKcymswpck5b,Surfaces,4ETSs924pXMzjIeD6E9b4u,1,['518miTxc3a15X7HB8FgJUW']
Willie Jones,5OCZWZ399lBKgxBxE8cjRM,Beyoncé,6vWDO969PvNqNYHIOW5v0m,1,['51D9PHMiMxuRGtGz61F4QN']
bbno$,41X1TR6hrK8Q2ZCpp2EqCz,Y2K,6USMTwO0MNDnKte5a5h0xx,1,['51Fjme0JiitpyXKuyQiCDo']
Manuel Turizo,0tmwSHipWxN12fsoLcFU3B,Marshmello,64KEffDW9EtZ1y2vBYgq8T,1,['51FvjPEGKq2zByeeEQ43V9']
MC Kevinho,1mXAhKnZEdF6rotyyd4GBi,MC Kekel,2ZXnTEyYopSLCDiz5Z0XIf,1,['51HrDv54pSe1IqynORNXBd']
Sfera Ebbasta,23TFHmajVfBtlRx5MXqgoz,Lil Mosey,5zctI4wO9XSKS8XwcnqEHk,1,['51ITVcACLrgOz44zlFVhk7']
Trueno,2x7PC78TmgqpEIjaGAZ0Oz,WOS,5YCc6xS5Gpj3EkaYGdjyNK,1,['51aMyZzlIOitdIA4vyF0JO']
Evlay,2JsDK87cAxuUlz4L4izU7A,Trueno,2x7PC78TmgqpEIjaGAZ0Oz,1,['51aMyZzlIOitdIA4vyF0JO']
WOS,5YCc6xS5Gpj3EkaYGdjyNK,Taiu,5szJHKg5xeUlQ9pTqzdpic,1,['51aMyZzlIOitdIA4vyF0JO']
TATOOL,0shHIQr8VamXbzM66kwGQo,WOS,5YCc6xS5Gpj3EkaYGdjyNK,1,['51aMyZzlIOitdIA4vyF0JO']
Evlay,2JsDK87cAxuUlz4L4izU7A,WOS,5YCc6xS5Gpj3EkaYGdjyNK,1,['51aMyZzlIOitdIA4vyF0JO']
Evlay,2JsDK87cAxuUlz4L4izU7A,Taiu,5szJHKg5xeUlQ9pTqzdpic,1,['51aMyZzlIOitdIA4vyF0JO']
TATOOL,0shHIQr8VamXbzM66kwGQo,Evlay,2JsDK87cAxuUlz4L4izU7A,1,['51aMyZzlIOitdIA4vyF0JO']
Future,1RyvyyTE3xzB2ZywiAwp0i,Jay Rock,28ExwzUQsvgJooOI0X1mr3,1,['51rXHuKN8Loc4sUlKPODgH']
Jay Rock,28ExwzUQsvgJooOI0X1mr3,James Blake,53KwLdlmrlCelAZMaLVZqU,1,['51rXHuKN8Loc4sUlKPODgH']
Kendrick Lamar,2YZyLoL8N0Wb9xBt1NhZWg,James Blake,53KwLdlmrlCelAZMaLVZqU,1,['51rXHuKN8Loc4sUlKPODgH']
Future,1RyvyyTE3xzB2ZywiAwp0i,James Blake,53KwLdlmrlCelAZMaLVZqU,1,['51rXHuKN8Loc4sUlKPODgH']
Nile Rodgers,3yDIp0kaq9EFKe07X1X2rz,LE SSERAFIM,4SpbR6yFEvexJuaBpgAU5p,1,['51vRumtqbkNW9wrKfESwfu']
Carlos Santana,0MsXN56oNCyqorqEPViWgQ,Tyga,5LHRHt1k9lMyONurDHEdrp,1,['51wFQM8W0YfXTmHusXUr5i']
YG,0A0FS04o6zMoto8OKPsDwY,Carlos Santana,0MsXN56oNCyqorqEPViWgQ,1,['51wFQM8W0YfXTmHusXUr5i']
Naeleck,2DYDFBqoaBP2i9XrTGpOgF,Sarah Rebecca,58obmxGKVKCenZAkACSMgJ,1,['52CTlUPosFjUvXUAadKOVV']
Future,1RyvyyTE3xzB2ZywiAwp0i,Justin Bieber,1uNFoZAHBGtllmzznpCI3s,1,['52NGJPcLUzQq5w7uv4e5gf']
Brandy,05oH07COxkXKIMt6mIPRee,Ariana Grande,66CXWjxzNUsdJxJ2JdwvnR,1,['52anJ914oylWdT3CytSMYF']
Ariana Grande,66CXWjxzNUsdJxJ2JdwvnR,Monica,6nzxy2wXs6tLgzEtqOkEi2,1,['52anJ914oylWdT3CytSMYF']
Brandy,05oH07COxkXKIMt6mIPRee,Monica,6nzxy2wXs6tLgzEtqOkEi2,1,['52anJ914oylWdT3CytSMYF']
Mauro Castillo,36CUTsdtNgCwMq6zKD1l8I,Carolina Gaitán,4zonL9YdcI15v7dYqVLuMV,1,['52xJxFP6TqMuO4Yt0eOkMz']
Carolina Gaitán,4zonL9YdcI15v7dYqVLuMV,Adassa,72kqSqk124Vnl1wtT6q9Fh,1,['52xJxFP6TqMuO4Yt0eOkMz']
Rhenzy Feliz,2as15AH2BTrPk8v4gyElmr,Carolina Gaitán,4zonL9YdcI15v7dYqVLuMV,1,['52xJxFP6TqMuO4Yt0eOkMz']
Diane Guerrero,18MFcGBHtyW0mU3ufcm0X1,Carolina Gaitán,4zonL9YdcI15v7dYqVLuMV,1,['52xJxFP6TqMuO4Yt0eOkMz']
Carolina Gaitán,4zonL9YdcI15v7dYqVLuMV,Stephanie Beatriz,5PYToRCsrnvikZg3yl2JMr,1,['52xJxFP6TqMuO4Yt0eOkMz']
Encanto - Cast,3xLU748QxpTmIVaiNXXg0P,Carolina Gaitán,4zonL9YdcI15v7dYqVLuMV,1,['52xJxFP6TqMuO4Yt0eOkMz']
Mauro Castillo,36CUTsdtNgCwMq6zKD1l8I,Adassa,72kqSqk124Vnl1wtT6q9Fh,1,['52xJxFP6TqMuO4Yt0eOkMz']
Rhenzy Feliz,2as15AH2BTrPk8v4gyElmr,Mauro Castillo,36CUTsdtNgCwMq6zKD1l8I,1,['52xJxFP6TqMuO4Yt0eOkMz']
Diane Guerrero,18MFcGBHtyW0mU3ufcm0X1,Mauro Castillo,36CUTsdtNgCwMq6zKD1l8I,1,['52xJxFP6TqMuO4Yt0eOkMz']
Mauro Castillo,36CUTsdtNgCwMq6zKD1l8I,Stephanie Beatriz,5PYToRCsrnvikZg3yl2JMr,1,['52xJxFP6TqMuO4Yt0eOkMz']
Mauro Castillo,36CUTsdtNgCwMq6zKD1l8I,Encanto - Cast,3xLU748QxpTmIVaiNXXg0P,1,['52xJxFP6TqMuO4Yt0eOkMz']
Rhenzy Feliz,2as15AH2BTrPk8v4gyElmr,Adassa,72kqSqk124Vnl1wtT6q9Fh,1,['52xJxFP6TqMuO4Yt0eOkMz']
Diane Guerrero,18MFcGBHtyW0mU3ufcm0X1,Adassa,72kqSqk124Vnl1wtT6q9Fh,1,['52xJxFP6TqMuO4Yt0eOkMz']
Stephanie Beatriz,5PYToRCsrnvikZg3yl2JMr,Adassa,72kqSqk124Vnl1wtT6q9Fh,1,['52xJxFP6TqMuO4Yt0eOkMz']
Encanto - Cast,3xLU748QxpTmIVaiNXXg0P,Adassa,72kqSqk124Vnl1wtT6q9Fh,1,['52xJxFP6TqMuO4Yt0eOkMz']
Diane Guerrero,18MFcGBHtyW0mU3ufcm0X1,Rhenzy Feliz,2as15AH2BTrPk8v4gyElmr,1,['52xJxFP6TqMuO4Yt0eOkMz']
Rhenzy Feliz,2as15AH2BTrPk8v4gyElmr,Stephanie Beatriz,5PYToRCsrnvikZg3yl2JMr,1,['52xJxFP6TqMuO4Yt0eOkMz']
Rhenzy Feliz,2as15AH2BTrPk8v4gyElmr,Encanto - Cast,3xLU748QxpTmIVaiNXXg0P,1,['52xJxFP6TqMuO4Yt0eOkMz']
Diane Guerrero,18MFcGBHtyW0mU3ufcm0X1,Encanto - Cast,3xLU748QxpTmIVaiNXXg0P,1,['52xJxFP6TqMuO4Yt0eOkMz']
Gucci Mane,13y7CgLHjMVRMDqxdx0Xdo,blackbear,2cFrymmkijnjDg9SS92EPM,1,['53mrVsi49rLHIaKBiSvElG']
The Game,0NbfKEOTQCcwd6o7wSDOHI,Rick Ross,1sBkRIssrMs1AbVkOJbc7a,1,['53uF5QwHADVXKv383qXnXd']
The Game,0NbfKEOTQCcwd6o7wSDOHI,2 Chainz,17lzZA2AlOHwCwFALHttmp,1,['53uF5QwHADVXKv383qXnXd']
The Game,0NbfKEOTQCcwd6o7wSDOHI,Diddy,59wfkuBoNyhDMQGCljbUbA,1,['53uF5QwHADVXKv383qXnXd']
The Game,0NbfKEOTQCcwd6o7wSDOHI,Fabolous,0YWxKQj2Go9CGHCp77UOyy,1,['53uF5QwHADVXKv383qXnXd']
The Game,0NbfKEOTQCcwd6o7wSDOHI,Wale,67nwj3Y5sZQLl72VNUHEYE,1,['53uF5QwHADVXKv383qXnXd']
The Game,0NbfKEOTQCcwd6o7wSDOHI,DJ Khaled,0QHgL1lAIqAw0HtD7YldmP,1,['53uF5QwHADVXKv383qXnXd']
The Game,0NbfKEOTQCcwd6o7wSDOHI,Swizz Beatz,2cADQgiLMjNhbsfeN52Bf3,1,['53uF5QwHADVXKv383qXnXd']
The Game,0NbfKEOTQCcwd6o7wSDOHI,Yo Gotti,6Ha4aES39QiVjR0L2lwuwq,1,['53uF5QwHADVXKv383qXnXd']
The Game,0NbfKEOTQCcwd6o7wSDOHI,Curren$y,6X8WdFjrNhXATMDSs26aCc,1,['53uF5QwHADVXKv383qXnXd']
JasonMartin,0399oiMcmbOzzsYQDNYqxn,The Game,0NbfKEOTQCcwd6o7wSDOHI,1,['53uF5QwHADVXKv383qXnXd']
The Game,0NbfKEOTQCcwd6o7wSDOHI,King Pharaoh,34nVLWMJTjaMh2aSMOQHei,1,['53uF5QwHADVXKv383qXnXd']
The Game,0NbfKEOTQCcwd6o7wSDOHI,TGT,1lEXbUjKjHQ7uc9jFfEViJ,1,['53uF5QwHADVXKv383qXnXd']
2 Chainz,17lzZA2AlOHwCwFALHttmp,Rick Ross,1sBkRIssrMs1AbVkOJbc7a,1,['53uF5QwHADVXKv383qXnXd']
Rick Ross,1sBkRIssrMs1AbVkOJbc7a,Diddy,59wfkuBoNyhDMQGCljbUbA,1,['53uF5QwHADVXKv383qXnXd']
Fabolous,0YWxKQj2Go9CGHCp77UOyy,Rick Ross,1sBkRIssrMs1AbVkOJbc7a,1,['53uF5QwHADVXKv383qXnXd']
Rick Ross,1sBkRIssrMs1AbVkOJbc7a,Wale,67nwj3Y5sZQLl72VNUHEYE,1,['53uF5QwHADVXKv383qXnXd']
Rick Ross,1sBkRIssrMs1AbVkOJbc7a,Swizz Beatz,2cADQgiLMjNhbsfeN52Bf3,1,['53uF5QwHADVXKv383qXnXd']
Rick Ross,1sBkRIssrMs1AbVkOJbc7a,Yo Gotti,6Ha4aES39QiVjR0L2lwuwq,1,['53uF5QwHADVXKv383qXnXd']
Rick Ross,1sBkRIssrMs1AbVkOJbc7a,Curren$y,6X8WdFjrNhXATMDSs26aCc,1,['53uF5QwHADVXKv383qXnXd']
JasonMartin,0399oiMcmbOzzsYQDNYqxn,Rick Ross,1sBkRIssrMs1AbVkOJbc7a,1,['53uF5QwHADVXKv383qXnXd']
Rick Ross,1sBkRIssrMs1AbVkOJbc7a,King Pharaoh,34nVLWMJTjaMh2aSMOQHei,1,['53uF5QwHADVXKv383qXnXd']
TGT,1lEXbUjKjHQ7uc9jFfEViJ,Rick Ross,1sBkRIssrMs1AbVkOJbc7a,1,['53uF5QwHADVXKv383qXnXd']
2 Chainz,17lzZA2AlOHwCwFALHttmp,Diddy,59wfkuBoNyhDMQGCljbUbA,1,['53uF5QwHADVXKv383qXnXd']
Fabolous,0YWxKQj2Go9CGHCp77UOyy,2 Chainz,17lzZA2AlOHwCwFALHttmp,1,['53uF5QwHADVXKv383qXnXd']
2 Chainz,17lzZA2AlOHwCwFALHttmp,Wale,67nwj3Y5sZQLl72VNUHEYE,1,['53uF5QwHADVXKv383qXnXd']
DJ Khaled,0QHgL1lAIqAw0HtD7YldmP,2 Chainz,17lzZA2AlOHwCwFALHttmp,1,['53uF5QwHADVXKv383qXnXd']
2 Chainz,17lzZA2AlOHwCwFALHttmp,Swizz Beatz,2cADQgiLMjNhbsfeN52Bf3,1,['53uF5QwHADVXKv383qXnXd']
2 Chainz,17lzZA2AlOHwCwFALHttmp,Yo Gotti,6Ha4aES39QiVjR0L2lwuwq,1,['53uF5QwHADVXKv383qXnXd']
2 Chainz,17lzZA2AlOHwCwFALHttmp,Curren$y,6X8WdFjrNhXATMDSs26aCc,1,['53uF5QwHADVXKv383qXnXd']
JasonMartin,0399oiMcmbOzzsYQDNYqxn,2 Chainz,17lzZA2AlOHwCwFALHttmp,1,['53uF5QwHADVXKv383qXnXd']
2 Chainz,17lzZA2AlOHwCwFALHttmp,King Pharaoh,34nVLWMJTjaMh2aSMOQHei,1,['53uF5QwHADVXKv383qXnXd']
2 Chainz,17lzZA2AlOHwCwFALHttmp,TGT,1lEXbUjKjHQ7uc9jFfEViJ,1,['53uF5QwHADVXKv383qXnXd']
Fabolous,0YWxKQj2Go9CGHCp77UOyy,Diddy,59wfkuBoNyhDMQGCljbUbA,1,['53uF5QwHADVXKv383qXnXd']
Diddy,59wfkuBoNyhDMQGCljbUbA,Wale,67nwj3Y5sZQLl72VNUHEYE,1,['53uF5QwHADVXKv383qXnXd']
DJ Khaled,0QHgL1lAIqAw0HtD7YldmP,Diddy,59wfkuBoNyhDMQGCljbUbA,1,['53uF5QwHADVXKv383qXnXd']
Swizz Beatz,2cADQgiLMjNhbsfeN52Bf3,Diddy,59wfkuBoNyhDMQGCljbUbA,1,['53uF5QwHADVXKv383qXnXd']
Diddy,59wfkuBoNyhDMQGCljbUbA,Yo Gotti,6Ha4aES39QiVjR0L2lwuwq,1,['53uF5QwHADVXKv383qXnXd']
Diddy,59wfkuBoNyhDMQGCljbUbA,Curren$y,6X8WdFjrNhXATMDSs26aCc,1,['53uF5QwHADVXKv383qXnXd']
JasonMartin,0399oiMcmbOzzsYQDNYqxn,Diddy,59wfkuBoNyhDMQGCljbUbA,1,['53uF5QwHADVXKv383qXnXd']
King Pharaoh,34nVLWMJTjaMh2aSMOQHei,Diddy,59wfkuBoNyhDMQGCljbUbA,1,['53uF5QwHADVXKv383qXnXd']
TGT,1lEXbUjKjHQ7uc9jFfEViJ,Diddy,59wfkuBoNyhDMQGCljbUbA,1,['53uF5QwHADVXKv383qXnXd']
Fabolous,0YWxKQj2Go9CGHCp77UOyy,Wale,67nwj3Y5sZQLl72VNUHEYE,1,['53uF5QwHADVXKv383qXnXd']
DJ Khaled,0QHgL1lAIqAw0HtD7YldmP,Fabolous,0YWxKQj2Go9CGHCp77UOyy,1,['53uF5QwHADVXKv383qXnXd']
Fabolous,0YWxKQj2Go9CGHCp77UOyy,Swizz Beatz,2cADQgiLMjNhbsfeN52Bf3,1,['53uF5QwHADVXKv383qXnXd']
Fabolous,0YWxKQj2Go9CGHCp77UOyy,Yo Gotti,6Ha4aES39QiVjR0L2lwuwq,1,['53uF5QwHADVXKv383qXnXd']
Fabolous,0YWxKQj2Go9CGHCp77UOyy,Curren$y,6X8WdFjrNhXATMDSs26aCc,1,['53uF5QwHADVXKv383qXnXd']
JasonMartin,0399oiMcmbOzzsYQDNYqxn,Fabolous,0YWxKQj2Go9CGHCp77UOyy,1,['53uF5QwHADVXKv383qXnXd']
Fabolous,0YWxKQj2Go9CGHCp77UOyy,King Pharaoh,34nVLWMJTjaMh2aSMOQHei,1,['53uF5QwHADVXKv383qXnXd']
Fabolous,0YWxKQj2Go9CGHCp77UOyy,TGT,1lEXbUjKjHQ7uc9jFfEViJ,1,['53uF5QwHADVXKv383qXnXd']
DJ Khaled,0QHgL1lAIqAw0HtD7YldmP,Wale,67nwj3Y5sZQLl72VNUHEYE,1,['53uF5QwHADVXKv383qXnXd']
Swizz Beatz,2cADQgiLMjNhbsfeN52Bf3,Wale,67nwj3Y5sZQLl72VNUHEYE,1,['53uF5QwHADVXKv383qXnXd']
Wale,67nwj3Y5sZQLl72VNUHEYE,Yo Gotti,6Ha4aES39QiVjR0L2lwuwq,1,['53uF5QwHADVXKv383qXnXd']
Wale,67nwj3Y5sZQLl72VNUHEYE,Curren$y,6X8WdFjrNhXATMDSs26aCc,1,['53uF5QwHADVXKv383qXnXd']
JasonMartin,0399oiMcmbOzzsYQDNYqxn,Wale,67nwj3Y5sZQLl72VNUHEYE,1,['53uF5QwHADVXKv383qXnXd']
King Pharaoh,34nVLWMJTjaMh2aSMOQHei,Wale,67nwj3Y5sZQLl72VNUHEYE,1,['53uF5QwHADVXKv383qXnXd']
TGT,1lEXbUjKjHQ7uc9jFfEViJ,Wale,67nwj3Y5sZQLl72VNUHEYE,1,['53uF5QwHADVXKv383qXnXd']
DJ Khaled,0QHgL1lAIqAw0HtD7YldmP,Swizz Beatz,2cADQgiLMjNhbsfeN52Bf3,1,['53uF5QwHADVXKv383qXnXd']
DJ Khaled,0QHgL1lAIqAw0HtD7YldmP,Yo Gotti,6Ha4aES39QiVjR0L2lwuwq,1,['53uF5QwHADVXKv383qXnXd']
DJ Khaled,0QHgL1lAIqAw0HtD7YldmP,Curren$y,6X8WdFjrNhXATMDSs26aCc,1,['53uF5QwHADVXKv383qXnXd']
JasonMartin,0399oiMcmbOzzsYQDNYqxn,DJ Khaled,0QHgL1lAIqAw0HtD7YldmP,1,['53uF5QwHADVXKv383qXnXd']
DJ Khaled,0QHgL1lAIqAw0HtD7YldmP,King Pharaoh,34nVLWMJTjaMh2aSMOQHei,1,['53uF5QwHADVXKv383qXnXd']
DJ Khaled,0QHgL1lAIqAw0HtD7YldmP,TGT,1lEXbUjKjHQ7uc9jFfEViJ,1,['53uF5QwHADVXKv383qXnXd']
Swizz Beatz,2cADQgiLMjNhbsfeN52Bf3,Yo Gotti,6Ha4aES39QiVjR0L2lwuwq,1,['53uF5QwHADVXKv383qXnXd']
Swizz Beatz,2cADQgiLMjNhbsfeN52Bf3,Curren$y,6X8WdFjrNhXATMDSs26aCc,1,['53uF5QwHADVXKv383qXnXd']
JasonMartin,0399oiMcmbOzzsYQDNYqxn,Swizz Beatz,2cADQgiLMjNhbsfeN52Bf3,1,['53uF5QwHADVXKv383qXnXd']
Swizz Beatz,2cADQgiLMjNhbsfeN52Bf3,King Pharaoh,34nVLWMJTjaMh2aSMOQHei,1,['53uF5QwHADVXKv383qXnXd']
TGT,1lEXbUjKjHQ7uc9jFfEViJ,Swizz Beatz,2cADQgiLMjNhbsfeN52Bf3,1,['53uF5QwHADVXKv383qXnXd']
Yo Gotti,6Ha4aES39QiVjR0L2lwuwq,Curren$y,6X8WdFjrNhXATMDSs26aCc,1,['53uF5QwHADVXKv383qXnXd']
JasonMartin,0399oiMcmbOzzsYQDNYqxn,Yo Gotti,6Ha4aES39QiVjR0L2lwuwq,1,['53uF5QwHADVXKv383qXnXd']
King Pharaoh,34nVLWMJTjaMh2aSMOQHei,Yo Gotti,6Ha4aES39QiVjR0L2lwuwq,1,['53uF5QwHADVXKv383qXnXd']
TGT,1lEXbUjKjHQ7uc9jFfEViJ,Yo Gotti,6Ha4aES39QiVjR0L2lwuwq,1,['53uF5QwHADVXKv383qXnXd']
JasonMartin,0399oiMcmbOzzsYQDNYqxn,Curren$y,6X8WdFjrNhXATMDSs26aCc,1,['53uF5QwHADVXKv383qXnXd']
King Pharaoh,34nVLWMJTjaMh2aSMOQHei,Curren$y,6X8WdFjrNhXATMDSs26aCc,1,['53uF5QwHADVXKv383qXnXd']
TGT,1lEXbUjKjHQ7uc9jFfEViJ,Curren$y,6X8WdFjrNhXATMDSs26aCc,1,['53uF5QwHADVXKv383qXnXd']
JasonMartin,0399oiMcmbOzzsYQDNYqxn,King Pharaoh,34nVLWMJTjaMh2aSMOQHei,1,['53uF5QwHADVXKv383qXnXd']
JasonMartin,0399oiMcmbOzzsYQDNYqxn,TGT,1lEXbUjKjHQ7uc9jFfEViJ,1,['53uF5QwHADVXKv383qXnXd']
TGT,1lEXbUjKjHQ7uc9jFfEViJ,King Pharaoh,34nVLWMJTjaMh2aSMOQHei,1,['53uF5QwHADVXKv383qXnXd']
Future,1RyvyyTE3xzB2ZywiAwp0i,EST Gee,4FlG0V0jhLO4qGpayFOphj,1,['53wBhj706wDMNuBj4FJ0RI']
Sevdaliza,5MraexJKZDrQYzS98kNwie,Pabllo Vittar,6tzRZ39aZlNqlUzQlkuhDV,1,['5496lks6V3fh1mZAB6IAap']
Yseult,1QsdzIKkTT5gDFj8GB1cIX,Sevdaliza,5MraexJKZDrQYzS98kNwie,1,['5496lks6V3fh1mZAB6IAap']
Yseult,1QsdzIKkTT5gDFj8GB1cIX,Pabllo Vittar,6tzRZ39aZlNqlUzQlkuhDV,1,['5496lks6V3fh1mZAB6IAap']
NGEE,3Hvx3BM0K4FHBs9J3k8G6V,Capital Bra,4WZGDpNwrC0vNQyl9QzF7d,1,['54AnAMobwJ5ElDCTcPFJk5']
Zara Larsson,1Xylc3o4UrD53lo9CvFvVg,Ty Dolla $ign,7c0XG5cIJTrrAgEC3ULPiq,1,['54LGxQGf5LPXNGjtzDZ5IE']
Raghav Chaitanya,3qpyErDI4i90q5EGgSRmNK,Manoj Muntashir,4cAERazLlAzVGA10ORWaUP,1,['54PRUdMOYzglMGnsg9kIta']
Pritam,1wRPtKGflJrBx9BmLsSwlU,Raghav Chaitanya,3qpyErDI4i90q5EGgSRmNK,1,['54PRUdMOYzglMGnsg9kIta']
Pritam,1wRPtKGflJrBx9BmLsSwlU,Manoj Muntashir,4cAERazLlAzVGA10ORWaUP,1,['54PRUdMOYzglMGnsg9kIta']
Selena Gomez,0C8ZW7ezQVs4URX5aX7Kqx,Charlie Puth,6VuMaDnrHyPL1p4EHjYLi7,1,['54PbBpquVfhfrwRwvjSXbI']
Little Mix,3e7awlrlDSwF3iM0WBjGMp,Cheat Codes,7DMveApC7UnC2NPfPvlHSU,1,['54l9GJGQ1UCFKe2tzt1Vxt']
Kelly Clarkson,3BmGtnKgCSGYIUhmivXKWX,John Legend,5y2Xq6xcjJb2jVM54GHK3t,1,['54q6WgqyTXjwOSrevVR8z9']
Rivers Cuomo,4LAz9VRX8Nat9kvIzgkg2v,AJR,6s22t5Y3prQHyaHWUN1R1C,1,['5537GkcZu99NDs1gH9iCOY']
GIMS,0GOx72r5AAEKRGQFn3xqXK,Shirin David,0JBdTCGs111JKKYfLqOEBa,1,['554Ip3S1rbeES9TNWXGoK1']
Mora,0Q8NcsJwoCbZOHHW63su5S,YOVNGCHIMI,4aSlfXDn9R60UlbZEboBUy,1,['559YUIWxUc8Mx4lsla13Ff']
Cartel De Santa,07PdYoE4jVRF6Ut40GgVSP,La Kelly,4yEIQ0lJDgUEfsuYx3Gsmr,1,['55ZATsjPlTeSTNJOuW90pW']
Justin Bieber,1uNFoZAHBGtllmzznpCI3s,Skrillex,5he5w2lnU9x7JFhnwcekXX,1,['55sgQENF3LY1sUcJUwasLl']
Don Toliver,4Gso3d4CscCijv0lmajZWs,Skrillex,5he5w2lnU9x7JFhnwcekXX,1,['55sgQENF3LY1sUcJUwasLl']
Brytiago,00XhexlJEXQstHimpZN910,Arevi,7B8bUnxkbByXXeCQIIUvIT,1,['56CvVCJYRQNWwM4vF4neCD']
Darell,1TtXnWcUs0FCkaZDPGYHdf,Arevi,7B8bUnxkbByXXeCQIIUvIT,1,['56CvVCJYRQNWwM4vF4neCD']
Drake,3TVXtAsR1Inumwj472S9r4,James Fauntleroy,5ooSG9S0glqP5ZrqqaHBvT,1,['56NDFbD0tCUawnqeU2wcvv']
Manuel Turizo,0tmwSHipWxN12fsoLcFU3B,Mau y Ricky,2wkoKEfS6dXwThbyTnZWFU,1,['56f5qnyAlZdlz8wrUDA50h']
Manuel Turizo,0tmwSHipWxN12fsoLcFU3B,Camilo,28gNT5KBp7IjEOQoevXf9N,1,['56f5qnyAlZdlz8wrUDA50h']
Flo Rida,0jnsk9HBra6NMjO2oANoPY,Alvaro Soler,2urF8dgLVfDjunO0pcHUEe,1,['56gH0zGe3SP9SGNoQ2pWwn']
Alvaro Soler,2urF8dgLVfDjunO0pcHUEe,TINI,7vXDAI8JwjW531ouMGbfcp,1,['56gH0zGe3SP9SGNoQ2pWwn']
Flo Rida,0jnsk9HBra6NMjO2oANoPY,TINI,7vXDAI8JwjW531ouMGbfcp,1,['56gH0zGe3SP9SGNoQ2pWwn']
DJ Khaled,0QHgL1lAIqAw0HtD7YldmP,Nas,20qISvAhX20dpIbOOzGK3q,2,"['56uTIyBsxLQIYgF765A2aM', '5OypcrFg58e4k2iYHi69ED']"
Travis Scott,0Y5tJX1MQlPlqiwlOH1tJY,Nas,20qISvAhX20dpIbOOzGK3q,1,['56uTIyBsxLQIYgF765A2aM']
Zedd,2qxJFvFYMEDqd7ui6kSAcq,Shawn Mendes,7n2wHs1TKAczGzO7Dd2rGr,1,['575NJxNUVDqwJGdzBrlLbv']
A$AP Rocky,13ubrt8QOOCPljQ2FL1Kca,Jessica Pratt,5KTykbPcDB4GYS49jcHbWh,1,['57L5EYzCfHS7Jd58rV33lW']
Big Rube,39uOfkRb9XnAEW9zs3JCbb,Offset,4DdkRBBYG6Yk9Ka8tdJ9BW,1,['57QievAWQ13DWl20Obiz8E']
Wallows,0NIPkIjTV8mB795yEIiPYL,Clairo,3l0CmX0FuQjFxr8SK7Vqag,1,['57RA3JGafJm5zRtKJiKPIm']
Big Sean,0c173mlxpT3dSFRgMO8XPh,Jack Harlow,2LIk90788K0zvyj2JJVwkJ,1,['57VeLYXrvNxe8Vs18K2M9W']
Ice Spice,3LZZPxNDGDFVSIPqf4JuEf,Central Cee,5H4yInM5zmHqpKIoMNAx4r,1,['57lsYy0OZLNb5OQ7fEa3Hs']
Poo Bear,3JXpwnHbLvXxY99EuXqFPX,Skrillex,5he5w2lnU9x7JFhnwcekXX,1,['57p8CBvPOxrvyCbn6ttl5r']
The Weeknd,1Xyo4u8uXC1ZmMpatF05PJ,Calvin Harris,7CajNmpbOovFoOoasH2HaY,1,['58AGoOGbwsQMhBbH0eFLRR']
Justin Bieber,1uNFoZAHBGtllmzznpCI3s,Migos,6oMuImdp5ZcFhWP0ESe6mG,1,['58H8cWvvaFLFg2g7SdOO44']
Pop Smoke,0eDvMgVFoNV3TpwtrVCoTj,Chris Brown,7bXgB6jMjp9ATFy66eO08Z,1,['58T4yPLn4NjBYXfRxeweyM']
2 Chainz,17lzZA2AlOHwCwFALHttmp,Logic,4xRYI6VqpkE3UwrDrAZL8L,1,['58cvckETahSOG74RP5WE99']
Killer Mike,2N4EYkIlG1kv25g6Wv8LGI,Logic,4xRYI6VqpkE3UwrDrAZL8L,1,['58kwvMXeOlsvzPqUlyj75Y']
Cardi B,4kYSro6naA4h99UJvo89HB,Bad Bunny,4q3ewBCX7sLwd24euuV69X,1,['58q2HKrzhC3ozto2nDdN4z']
J Balvin,1vyhD5VmyZ7KMfW5gqLgo5,Cardi B,4kYSro6naA4h99UJvo89HB,1,['58q2HKrzhC3ozto2nDdN4z']
Kina,4qIVPF0s71ZYW3qzhu5GkF,Adriana Proenza,7KHA7OOevgTDFhlym0oEyP,1,['58wyJLv6yH1La9NIZPl3ne']
Alesso,4AVFqumd2ogHFlRbKIjp1t,Katy Perry,6jJ0s89eD6GaHleKKya26X,1,['5902W4uHWzhtOff1UK7the']
21 Savage,1URnnhqYAYcrqrcwql10ft,Lil Uzi Vert,4O15NlyKLIASxsJ0PrXPfz,1,['59JWp4PjZ9TRM8cmtaDYB1']
El Alfa,2oQX8QiMXOyuqbcZEFsZfm,Becky G,4obzFoKoKRHIphyHzJ35G3,1,['59L8x0xy8njj75vzVCPMqg']
RAYE,5KKpBU5eC2tJDzf0wmlRp2,cassö,5wCmhq5J2hPwL2r0eKurxn,1,['59NraMJsLaMCVtwXTSia8i']
D-Block Europe,5VadK1havLhK1OpKYsXv9y,cassö,5wCmhq5J2hPwL2r0eKurxn,1,['59NraMJsLaMCVtwXTSia8i']
RAYE,5KKpBU5eC2tJDzf0wmlRp2,D-Block Europe,5VadK1havLhK1OpKYsXv9y,1,['59NraMJsLaMCVtwXTSia8i']
Brytiago,00XhexlJEXQstHimpZN910,Daddy Yankee,4VMYDCV2IEDYJArk749S6m,1,['59PYgzOiOjGDzjDT5N5oOX']
Darell,1TtXnWcUs0FCkaZDPGYHdf,Daddy Yankee,4VMYDCV2IEDYJArk749S6m,1,['59PYgzOiOjGDzjDT5N5oOX']
Future,1RyvyyTE3xzB2ZywiAwp0i,Tems,687cZJR45JO7jhk1LHIbgq,1,['59nOXPmaKlBfGMDeOVGrIK']
Nicki Minaj,0hCNtLu0JehylgoiP8L4Gh,Jesy Nelson,73KwqWuob0R53I14Vs56p9,1,['59nbIJxGb1qkrzbtTomZkL']
Reik,0vR2qb8m9WHeZ5ByCbimq2,J Balvin,1vyhD5VmyZ7KMfW5gqLgo5,1,['59s0s39NFWScuHDbHytI14']
Reik,0vR2qb8m9WHeZ5ByCbimq2,Lalo Ebratt,1GAymyGBvB4gQy5Z5LZ1Wj,1,['59s0s39NFWScuHDbHytI14']
Lalo Ebratt,1GAymyGBvB4gQy5Z5LZ1Wj,J Balvin,1vyhD5VmyZ7KMfW5gqLgo5,1,['59s0s39NFWScuHDbHytI14']
KHEA,4m6ubhNsdwF4psNf3R8kwR,Bizarrap,716NhGYqD1jl2wI1Qkgq36,1,['5AAb8GlTnCwkhBTJxw6F90']
Dedublüman,5PRW6j58xEEWL4DDVEITKT,Mavzer Tabancas,7vyG44Uv5jGIwwm2Ha0nE0,1,['5ATwkalJ9FnLp7Zcvxo1rl']
AK AUSSERKONTROLLE,07SFzTMeYf5P8Rd32a9Zzw,Kontra K,4lDiJcOJ2GLCK6p9q5BgfK,1,['5AVPelpkccFdZdepfo2GhM']
Hozier,2FXC3k01G6Gw61bmprjgqS,Allison Russell,3JBmecDGXTll46ygrnGTM6,1,['5AchurLxOrkSX5YVoH4FeJ']
Sachin-Jigar,1mBydYMVBECdDmMfE2sEUO,Madhubanti Bagchi,4ojkMVHjuDZgDXSJy5qs2h,1,['5AnWrUzsrFgBvhn6dUElnr']
Divya Kumar,0NErdIJtuKBjtxKmlqaWdj,Sachin-Jigar,1mBydYMVBECdDmMfE2sEUO,1,['5AnWrUzsrFgBvhn6dUElnr']
Divya Kumar,0NErdIJtuKBjtxKmlqaWdj,Madhubanti Bagchi,4ojkMVHjuDZgDXSJy5qs2h,1,['5AnWrUzsrFgBvhn6dUElnr']
Amitabh Bhattacharya,2fMqTqiTxUDlmcOEPaQSsx,Madhubanti Bagchi,4ojkMVHjuDZgDXSJy5qs2h,1,['5AnWrUzsrFgBvhn6dUElnr']
Divya Kumar,0NErdIJtuKBjtxKmlqaWdj,Amitabh Bhattacharya,2fMqTqiTxUDlmcOEPaQSsx,1,['5AnWrUzsrFgBvhn6dUElnr']
Peso Pluma,12GqGscKJx3aE4t07u7eVZ,Bizarrap,716NhGYqD1jl2wI1Qkgq36,1,['5AqiaZwhmC6dIbgWrD5SzV']
Tyler The Creator,4V8LLVI7PbaPR0K2TGSxFF,YoungBoy Never Broke Again,7wlFDEWiM5OoIAt8RSli8b,1,['5B0kgjHULYJhAQkK5XsMoC']
Tyler The Creator,4V8LLVI7PbaPR0K2TGSxFF,Ty Dolla $ign,7c0XG5cIJTrrAgEC3ULPiq,1,['5B0kgjHULYJhAQkK5XsMoC']
Ty Dolla $ign,7c0XG5cIJTrrAgEC3ULPiq,YoungBoy Never Broke Again,7wlFDEWiM5OoIAt8RSli8b,1,['5B0kgjHULYJhAQkK5XsMoC']
Grupo Firme,1dKdetem2xEmjgvyymzytS,Maluma,1r4hJ1h58CWwUQe3MxPuau,1,['5BE9B2FiFWBbBdoIQ1m1UP']
Becky G,4obzFoKoKRHIphyHzJ35G3,True Damage,7xX15v6ahAkcT14kHfB9wB,1,['5C0ivQMxes2lWuOANhvVAm']
Keke Palmer,2YFBOR9KIxC6WqHclkj9Yq,True Damage,7xX15v6ahAkcT14kHfB9wB,1,['5C0ivQMxes2lWuOANhvVAm']
JEON SOYEON,6Xg22wJOAcnvPUfk5WvODH,True Damage,7xX15v6ahAkcT14kHfB9wB,1,['5C0ivQMxes2lWuOANhvVAm']
Duckwrth,6I3MElirhT5t6Kf7p0hGk9,True Damage,7xX15v6ahAkcT14kHfB9wB,1,['5C0ivQMxes2lWuOANhvVAm']
Thutmose,1igl9M102nuD96lo3ZoW5d,True Damage,7xX15v6ahAkcT14kHfB9wB,1,['5C0ivQMxes2lWuOANhvVAm']
League of Legends,47mIJdHORyRerp4os813jD,True Damage,7xX15v6ahAkcT14kHfB9wB,1,['5C0ivQMxes2lWuOANhvVAm']
Keke Palmer,2YFBOR9KIxC6WqHclkj9Yq,Becky G,4obzFoKoKRHIphyHzJ35G3,1,['5C0ivQMxes2lWuOANhvVAm']
Becky G,4obzFoKoKRHIphyHzJ35G3,JEON SOYEON,6Xg22wJOAcnvPUfk5WvODH,1,['5C0ivQMxes2lWuOANhvVAm']
Becky G,4obzFoKoKRHIphyHzJ35G3,Duckwrth,6I3MElirhT5t6Kf7p0hGk9,1,['5C0ivQMxes2lWuOANhvVAm']
Thutmose,1igl9M102nuD96lo3ZoW5d,Becky G,4obzFoKoKRHIphyHzJ35G3,1,['5C0ivQMxes2lWuOANhvVAm']
League of Legends,47mIJdHORyRerp4os813jD,Becky G,4obzFoKoKRHIphyHzJ35G3,1,['5C0ivQMxes2lWuOANhvVAm']
Keke Palmer,2YFBOR9KIxC6WqHclkj9Yq,JEON SOYEON,6Xg22wJOAcnvPUfk5WvODH,1,['5C0ivQMxes2lWuOANhvVAm']
Keke Palmer,2YFBOR9KIxC6WqHclkj9Yq,Duckwrth,6I3MElirhT5t6Kf7p0hGk9,1,['5C0ivQMxes2lWuOANhvVAm']
Thutmose,1igl9M102nuD96lo3ZoW5d,Keke Palmer,2YFBOR9KIxC6WqHclkj9Yq,1,['5C0ivQMxes2lWuOANhvVAm']
Keke Palmer,2YFBOR9KIxC6WqHclkj9Yq,League of Legends,47mIJdHORyRerp4os813jD,1,['5C0ivQMxes2lWuOANhvVAm']
Duckwrth,6I3MElirhT5t6Kf7p0hGk9,JEON SOYEON,6Xg22wJOAcnvPUfk5WvODH,1,['5C0ivQMxes2lWuOANhvVAm']
Thutmose,1igl9M102nuD96lo3ZoW5d,JEON SOYEON,6Xg22wJOAcnvPUfk5WvODH,1,['5C0ivQMxes2lWuOANhvVAm']
League of Legends,47mIJdHORyRerp4os813jD,JEON SOYEON,6Xg22wJOAcnvPUfk5WvODH,1,['5C0ivQMxes2lWuOANhvVAm']
Thutmose,1igl9M102nuD96lo3ZoW5d,Duckwrth,6I3MElirhT5t6Kf7p0hGk9,1,['5C0ivQMxes2lWuOANhvVAm']
League of Legends,47mIJdHORyRerp4os813jD,Duckwrth,6I3MElirhT5t6Kf7p0hGk9,1,['5C0ivQMxes2lWuOANhvVAm']
Thutmose,1igl9M102nuD96lo3ZoW5d,League of Legends,47mIJdHORyRerp4os813jD,1,['5C0ivQMxes2lWuOANhvVAm']
Alessia Cara,2wUjUUtkb5lvLKcGKsKqsR,Major Lazer,738wLrAtLtCtFOLvQBXOXp,1,['5C2ry6OWozoqrEDyBz7MOX']
Kid Cudi,0fA0VVWsXO9YnASrzqfmYu,Skepta,2p1fiYHYiXz9qi0JJyxBzN,1,['5CFJRZRq6sdKKtRwNPWbYv']
Pop Smoke,0eDvMgVFoNV3TpwtrVCoTj,Skepta,2p1fiYHYiXz9qi0JJyxBzN,1,['5CFJRZRq6sdKKtRwNPWbYv']
Quavo,0VRj0yCOv2FXJNP47XQnx5,Tory Lanez,2jku7tDXc6XoB6MO2hFuqg,1,['5CKtlUULFD5aPVX4PL02H6']
Playboi Carti,699OTQXzgjhIYAHMy9RyPD,Trippie Redd,6Xgp2XMz1fhVYe7i6yNAax,2,"['5CMUThHlepHR8c1xD0QYzs', '5gZYpjakt37G3c58FKcQwJ']"
Yung Pinch,61qMnYXa1GxSBoV3IiYKjZ,Lil Skies,7d3WFRME3vBY2cgoP38RDo,1,['5Cg98kiDYtCEHmjcKD0CJD']
Kris Kross Amsterdam,4LcUpNlXFEleaLlelmkv2R,Cheat Codes,7DMveApC7UnC2NPfPvlHSU,1,['5DA77EqppDmCTWGovd4oTP']
Jason Derulo,07YZf4WDAMNwqr4jfgOZ8y,Puri,3ADyFy1orEwODaiHmRRMQp,1,['5DV4ZSCqbFv74ui3ZhimXo']
Jason Derulo,07YZf4WDAMNwqr4jfgOZ8y,Jhorrmountain,3aAX2y0amckZ7WcWoz2f2o,1,['5DV4ZSCqbFv74ui3ZhimXo']
Puri,3ADyFy1orEwODaiHmRRMQp,Jhorrmountain,3aAX2y0amckZ7WcWoz2f2o,1,['5DV4ZSCqbFv74ui3ZhimXo']
Kehlani,0cGUm45nv7Z6M6qdXYQGTX,Cardi B,4kYSro6naA4h99UJvo89HB,1,['5DfWF0jqMgZDCiu9zJENTA']
Super Yei,6HqgxkTt9KGyt27zYrwVan,Sammy,71FfEgML4GAokNHmW1GKPF,1,['5DoLhdU27owX1NMrKLUbUl']
Super Yei,6HqgxkTt9KGyt27zYrwVan,Jone Quest,6wcKDqJRY3TzbcdRKo6EiE,1,['5DoLhdU27owX1NMrKLUbUl']
Super Yei,6HqgxkTt9KGyt27zYrwVan,Towy,7iXYHQPYLQSz3b3hbPJpk3,1,['5DoLhdU27owX1NMrKLUbUl']
Osquel,2pG0eQLB8CbmmWWmjJi4yd,Super Yei,6HqgxkTt9KGyt27zYrwVan,1,['5DoLhdU27owX1NMrKLUbUl']
Super Yei,6HqgxkTt9KGyt27zYrwVan,Beltito,6TOKWuw816UU34AE4MCZqr,1,['5DoLhdU27owX1NMrKLUbUl']
Sammy & Falsetto,6AT27ojKlBuZToFIGwQZDc,Super Yei,6HqgxkTt9KGyt27zYrwVan,1,['5DoLhdU27owX1NMrKLUbUl']
Jone Quest,6wcKDqJRY3TzbcdRKo6EiE,Sammy,71FfEgML4GAokNHmW1GKPF,1,['5DoLhdU27owX1NMrKLUbUl']
Sammy,71FfEgML4GAokNHmW1GKPF,Towy,7iXYHQPYLQSz3b3hbPJpk3,1,['5DoLhdU27owX1NMrKLUbUl']
Osquel,2pG0eQLB8CbmmWWmjJi4yd,Sammy,71FfEgML4GAokNHmW1GKPF,1,['5DoLhdU27owX1NMrKLUbUl']
Beltito,6TOKWuw816UU34AE4MCZqr,Sammy,71FfEgML4GAokNHmW1GKPF,1,['5DoLhdU27owX1NMrKLUbUl']
Sammy & Falsetto,6AT27ojKlBuZToFIGwQZDc,Sammy,71FfEgML4GAokNHmW1GKPF,1,['5DoLhdU27owX1NMrKLUbUl']
Jone Quest,6wcKDqJRY3TzbcdRKo6EiE,Towy,7iXYHQPYLQSz3b3hbPJpk3,1,['5DoLhdU27owX1NMrKLUbUl']
Osquel,2pG0eQLB8CbmmWWmjJi4yd,Jone Quest,6wcKDqJRY3TzbcdRKo6EiE,1,['5DoLhdU27owX1NMrKLUbUl']
Beltito,6TOKWuw816UU34AE4MCZqr,Jone Quest,6wcKDqJRY3TzbcdRKo6EiE,1,['5DoLhdU27owX1NMrKLUbUl']
Sammy & Falsetto,6AT27ojKlBuZToFIGwQZDc,Jone Quest,6wcKDqJRY3TzbcdRKo6EiE,1,['5DoLhdU27owX1NMrKLUbUl']
Osquel,2pG0eQLB8CbmmWWmjJi4yd,Towy,7iXYHQPYLQSz3b3hbPJpk3,1,['5DoLhdU27owX1NMrKLUbUl']
Beltito,6TOKWuw816UU34AE4MCZqr,Towy,7iXYHQPYLQSz3b3hbPJpk3,1,['5DoLhdU27owX1NMrKLUbUl']
Sammy & Falsetto,6AT27ojKlBuZToFIGwQZDc,Towy,7iXYHQPYLQSz3b3hbPJpk3,1,['5DoLhdU27owX1NMrKLUbUl']
Osquel,2pG0eQLB8CbmmWWmjJi4yd,Beltito,6TOKWuw816UU34AE4MCZqr,1,['5DoLhdU27owX1NMrKLUbUl']
Osquel,2pG0eQLB8CbmmWWmjJi4yd,Sammy & Falsetto,6AT27ojKlBuZToFIGwQZDc,1,['5DoLhdU27owX1NMrKLUbUl']
Sammy & Falsetto,6AT27ojKlBuZToFIGwQZDc,Beltito,6TOKWuw816UU34AE4MCZqr,1,['5DoLhdU27owX1NMrKLUbUl']
Felipe Araújo,47uyFQHOD02S0lj9ptRpoB,Ferrugem,5ZfBThYiIIhL7jHMG8gDB2,1,['5EKHbW7mXcAR4hCyS3YXjb']
Pop Smoke,0eDvMgVFoNV3TpwtrVCoTj,Rick Ross,1sBkRIssrMs1AbVkOJbc7a,1,['5EVzgDPaM0LCM3M5exl3z8']
Pop Smoke,0eDvMgVFoNV3TpwtrVCoTj,The-Dream,1W3FSF1BLpY3hlVIgvenLz,1,['5EVzgDPaM0LCM3M5exl3z8']
The-Dream,1W3FSF1BLpY3hlVIgvenLz,Rick Ross,1sBkRIssrMs1AbVkOJbc7a,1,['5EVzgDPaM0LCM3M5exl3z8']
Camilo,28gNT5KBp7IjEOQoevXf9N,Pablo Alborán,5M9Bb4adKAgrOFOhc05Y50,1,['5EbtodsuLbxrFDH6j5avVS']
Vitor Fernandes,3TJGVUkSJzk5ZPixMFczZX,João Gomes,4JNo6Q5KdcRf1vtSX9mB0S,1,['5F2xRvRFkxDvqdFtUNAEyw']
Tati Zaqui,0e68cnJyUTJu1nEuxxMSLm,Dadá Boladão,36SRwzRkX5zW3ABjJrevqX,1,['5F8ffc8KWKNawllr5WsW0r']
OIK,1B5n6jsxvFldc6Nq8Wx8VJ,Dadá Boladão,36SRwzRkX5zW3ABjJrevqX,1,['5F8ffc8KWKNawllr5WsW0r']
Tati Zaqui,0e68cnJyUTJu1nEuxxMSLm,OIK,1B5n6jsxvFldc6Nq8Wx8VJ,1,['5F8ffc8KWKNawllr5WsW0r']
Tiago PZK,5Y3MV9DZ0d87NnVm56qSY1,TINI,7f57bgAVIYPXI6ykF3BSqa,1,['5FWQLEX0lavdxiWGBNkBQ4']
Nas,20qISvAhX20dpIbOOzGK3q,Diddy,59wfkuBoNyhDMQGCljbUbA,1,['5FYu8uBB6E11mepU601601']
070 Shake,12Zk1DFhCbHY6v3xep2ZjI,Nas,20qISvAhX20dpIbOOzGK3q,1,['5FYu8uBB6E11mepU601601']
070 Shake,12Zk1DFhCbHY6v3xep2ZjI,Diddy,59wfkuBoNyhDMQGCljbUbA,1,['5FYu8uBB6E11mepU601601']
Peso Pluma,12GqGscKJx3aE4t07u7eVZ,Anitta,7FNnA9vBm6EKceENgCGRMb,1,['5Fohh8kl8403DSoq4KH7Ll']
Duki,1bAftSH8umNcGZ0uyV7LMg,Paulo Londra,3vQ0GE3mI0dAaxIMYe5g7z,1,['5GF0X7GdNmnouKcdhhRmtm']
Peso Pluma,12GqGscKJx3aE4t07u7eVZ,Estevan Plazola,4Rh80sXmcG4xDP1r6dTNiQ,1,['5GTBdEjZe7zEDp1N0eCZE4']
Humberto & Ronaldo,1zEo6Fk1iaaOYFlFPBHCFn,DJ JZ,4ptGOXi053ILmLfMcIG2hB,1,['5GV7OpSEb8MPTryL0Q5i6c']
DJ JZ,4ptGOXi053ILmLfMcIG2hB,Mc Mininin,5PtqDNfEbT1c8wnGce6EIE,1,['5GV7OpSEb8MPTryL0Q5i6c']
DJ LG PROD,1hPg0YVHOP4dizsVCYCnIA,DJ JZ,4ptGOXi053ILmLfMcIG2hB,1,['5GV7OpSEb8MPTryL0Q5i6c']
Silvanno Salles,0HFoOA61ShFCVKyKUPoN6B,DJ JZ,4ptGOXi053ILmLfMcIG2hB,1,['5GV7OpSEb8MPTryL0Q5i6c']
Humberto & Ronaldo,1zEo6Fk1iaaOYFlFPBHCFn,Mc Mininin,5PtqDNfEbT1c8wnGce6EIE,1,['5GV7OpSEb8MPTryL0Q5i6c']
DJ LG PROD,1hPg0YVHOP4dizsVCYCnIA,Humberto & Ronaldo,1zEo6Fk1iaaOYFlFPBHCFn,1,['5GV7OpSEb8MPTryL0Q5i6c']
Silvanno Salles,0HFoOA61ShFCVKyKUPoN6B,Humberto & Ronaldo,1zEo6Fk1iaaOYFlFPBHCFn,1,['5GV7OpSEb8MPTryL0Q5i6c']
DJ LG PROD,1hPg0YVHOP4dizsVCYCnIA,Mc Mininin,5PtqDNfEbT1c8wnGce6EIE,1,['5GV7OpSEb8MPTryL0Q5i6c']
Silvanno Salles,0HFoOA61ShFCVKyKUPoN6B,Mc Mininin,5PtqDNfEbT1c8wnGce6EIE,1,['5GV7OpSEb8MPTryL0Q5i6c']
Silvanno Salles,0HFoOA61ShFCVKyKUPoN6B,DJ LG PROD,1hPg0YVHOP4dizsVCYCnIA,1,['5GV7OpSEb8MPTryL0Q5i6c']
The Weeknd,1Xyo4u8uXC1ZmMpatF05PJ,Daft Punk,4tZwfgrHOc3mvqYlEYSvVi,2,"['5GXAXm5YOmYT0kL5jHvYBt', '7MXVkk9YMctZqd1Srtv4MB']"
Charli xcx,25uiPmTg16RbhZWAqwLBy5,Pabllo Vittar,6tzRZ39aZlNqlUzQlkuhDV,1,['5GsJcnO3rgpZFOrzL2EISO']
Alesso,4AVFqumd2ogHFlRbKIjp1t,Hailee Steinfeld,5p7f24Rk5HkUZsaS3BLG5F,1,['5Gu0PDLN4YJeW75PpBSg9p']
Florida Georgia Line,3b8QkneNDz4JHKKKlLgYZg,Hailee Steinfeld,5p7f24Rk5HkUZsaS3BLG5F,1,['5Gu0PDLN4YJeW75PpBSg9p']
WATT,4olE3I5QU0dvSR7LIpqTXc,Hailee Steinfeld,5p7f24Rk5HkUZsaS3BLG5F,1,['5Gu0PDLN4YJeW75PpBSg9p']
Florida Georgia Line,3b8QkneNDz4JHKKKlLgYZg,Alesso,4AVFqumd2ogHFlRbKIjp1t,1,['5Gu0PDLN4YJeW75PpBSg9p']
Alesso,4AVFqumd2ogHFlRbKIjp1t,WATT,4olE3I5QU0dvSR7LIpqTXc,1,['5Gu0PDLN4YJeW75PpBSg9p']
Florida Georgia Line,3b8QkneNDz4JHKKKlLgYZg,WATT,4olE3I5QU0dvSR7LIpqTXc,1,['5Gu0PDLN4YJeW75PpBSg9p']
Galantis,4sTQVOfp9vEMCemLw50sbu,Ed Sheeran,6eUKZXaKkcviH0Ku9w2n3V,1,['5H7CwzYZ60e7w69tX4ivQN']
Carin Leon,66ihevNkSYNzRAl44dx6jJ,Grupo Frontera,6XkjpgcEsYab502Vr1bBeW,2,"['5HR7yfhSCeoOHRQN05XnZQ', '6Um358vY92UBv5DloTRX9L']"
Shirin David,0JBdTCGs111JKKYfLqOEBa,Luciano,3CJKkU0XuElRT1z8rEtIYg,1,['5Hkj1XjMJv5QCGc9NwZm6z']
Nicki Minaj,0hCNtLu0JehylgoiP8L4Gh,Meghan Trainor,6JL8zeS1NmiOftqZTRgdTz,1,['5HqRQwSAPAgJBQ3bhtpUTg']
LISA,5L1lO4eRHmJ7a0Q6csE5cT,TAEYANG,6udveWUgX4vu75FF0DTrXV,1,['5HrIcZOo1DysX53qDRlRnt']
Nicki Minaj,0hCNtLu0JehylgoiP8L4Gh,Young Thug,50co4Is1HCEo8bhOyUWKpn,1,['5I30ByMf5nhgbSokY1EZiN']
Post Malone,246dkjvS1zLTtiykXe5h60,Morgan Wallen,4oUHIQIBe0LHzYfvXNW4QM,1,['5IZXB5IKAD2qlvTPJYDCFB']
Ol' Dirty Bastard,50NoVNy9GU1lCrDV8iGpyu,SZA,7tYKF4w9nC0nq9CsPZTHyP,1,['5IcP1PPnleZ2kuwKDyfNC5']
JID,6U3ybJ9UHNKEdsH7ktGBZ7,Eminem,7dGJo4pcD2V6oG8kP0tJRR,1,['5In8B6Om5OKrhwBMB4tXSi']
KSI,1nzgtKYFckznkcVMR3Gg4z,YUNGBLUD,6Ad91Jof8Niiw0lGLLi3NW,1,['5J5CpT6bgE6KYKk23jgp9W']
KSI,1nzgtKYFckznkcVMR3Gg4z,Polo G,6AgTAQt8XS6jRWi4sX7w49,1,['5J5CpT6bgE6KYKk23jgp9W']
YUNGBLUD,6Ad91Jof8Niiw0lGLLi3NW,Polo G,6AgTAQt8XS6jRWi4sX7w49,1,['5J5CpT6bgE6KYKk23jgp9W']
Mambo Kingz,2T1aUibqR2QC2sINIDQOAK,KAROL G,790FomKkXshlbRYZFtlgla,1,['5J64qSSq0VZuh0CiI9o9Nq']
Mambo Kingz,2T1aUibqR2QC2sINIDQOAK,Arcángel,4SsVbpTthjScTS7U2hmr1X,1,['5J64qSSq0VZuh0CiI9o9Nq']
DJ Luian,64aJYyrXljOodnUG6jvhRD,KAROL G,790FomKkXshlbRYZFtlgla,1,['5J64qSSq0VZuh0CiI9o9Nq']
Arcángel,4SsVbpTthjScTS7U2hmr1X,DJ Luian,64aJYyrXljOodnUG6jvhRD,1,['5J64qSSq0VZuh0CiI9o9Nq']
Anuel AA,2R21vXR83lH98kGeO99Y66,Arcángel,4SsVbpTthjScTS7U2hmr1X,1,['5J64qSSq0VZuh0CiI9o9Nq']
Arcángel,4SsVbpTthjScTS7U2hmr1X,KAROL G,790FomKkXshlbRYZFtlgla,1,['5J64qSSq0VZuh0CiI9o9Nq']
Ellie Goulding,0X2BH1fck6amBIoJhDVmmJ,Diplo,5fMUXHkw8R8eOP2RNVYEZX,1,['5JEx7HbmvHQQswJCsoo9rA']
Ellie Goulding,0X2BH1fck6amBIoJhDVmmJ,Swae Lee,1zNqQNIdeOUZHb8zbZRFMX,1,['5JEx7HbmvHQQswJCsoo9rA']
Swae Lee,1zNqQNIdeOUZHb8zbZRFMX,Diplo,5fMUXHkw8R8eOP2RNVYEZX,1,['5JEx7HbmvHQQswJCsoo9rA']
WILLOW,3rWZHrfrsPBxVy692yAIxF,Travis Barker,4exLIFE8sISLr28sqG1qNX,1,['5JKnYZOhSP7rOK0jPYcCjV']
Ozuna,1i8SpTcr7yvPOmcqrbnVXY,Becky G,4obzFoKoKRHIphyHzJ35G3,1,['5Jq958VQwRyQFujau4TMKD']
David Guetta,1Cs0zKBU1kc0i8ypK3B9ai,Galantis,4sTQVOfp9vEMCemLw50sbu,2,"['5K6Ssv4Z3zRvxt0P6EKUAP', '7hdNTegC0TCKKoxB6GTFH3']"
Little Mix,3e7awlrlDSwF3iM0WBjGMp,Galantis,4sTQVOfp9vEMCemLw50sbu,1,['5K6Ssv4Z3zRvxt0P6EKUAP']
David Guetta,1Cs0zKBU1kc0i8ypK3B9ai,Little Mix,3e7awlrlDSwF3iM0WBjGMp,1,['5K6Ssv4Z3zRvxt0P6EKUAP']
Sean Ono Lennon,5JUYSPkis2Mk6HUbmMqk1m,Miley Cyrus,5YGY8feqx7naU7z4HrwZM6,1,['5KHzV8Gf3aweIMImliFAOs']
Mark Ronson,3hv9jJF3adDNsBSIQDqcjp,Sean Ono Lennon,5JUYSPkis2Mk6HUbmMqk1m,1,['5KHzV8Gf3aweIMImliFAOs']
21 Savage,1URnnhqYAYcrqrcwql10ft,Burna Boy,3wcj11K77LjEY1PkEazffa,1,['5KI7I4mEtulXcv5VQJaV35']
Metro Boomin,0iEtIxbK0KxaSlF7G42ZOp,Burna Boy,3wcj11K77LjEY1PkEazffa,1,['5KI7I4mEtulXcv5VQJaV35']
Polo G,6AgTAQt8XS6jRWi4sX7w49,Trippie Redd,6Xgp2XMz1fhVYe7i6yNAax,2,"['5KQxun2WxwDMsV7HCN2ONK', '5R4Yrc2j4jw1itr4hKcN26']"
Lil Durk,3hcs9uc56yIGFCSy9leWe7,Trippie Redd,6Xgp2XMz1fhVYe7i6yNAax,1,['5KQxun2WxwDMsV7HCN2ONK']
Big Sean,0c173mlxpT3dSFRgMO8XPh,Logic,4xRYI6VqpkE3UwrDrAZL8L,1,['5KVciTEfXvpcFHR3RFbtJy']
Farruko,329e4yvIujISKGKz1BZZbO,Myke Towers,7iK8PXO48WeuP03g8YR51W,2,"['5KbBGUpIZd6gVFUU8tqYiQ', '6K5BsR04ijf3FHNzjbaagD']"
Syd,3jk39CGeaaSO3FPKNx1RUx,Lil Uzi Vert,4O15NlyKLIASxsJ0PrXPfz,1,['5KlPy74NOEAt8jC3FYURnQ']
Anthony Hamilton,2DzRMyWgjuMbYvt5BLbpCo,Gorillaz,3AA28KZvwAUcZuOKwyblJQ,1,['5KurnDXzOeIYOMQceYidu7']
Travis Scott,0Y5tJX1MQlPlqiwlOH1tJY,Bad Bunny,4q3ewBCX7sLwd24euuV69X,1,['5L3ecxQnQ9qTBmnLQiwf0C']
The Weeknd,1Xyo4u8uXC1ZmMpatF05PJ,Bad Bunny,4q3ewBCX7sLwd24euuV69X,1,['5L3ecxQnQ9qTBmnLQiwf0C']
Gunna,2hlmm7s2ICUX0LVIhVFlZQ,Roddy Ricch,757aE44tKEUQEqRuT6GnEB,3,"['5LHHKZOwV8XW4LJP2C64mw', '733c1CWmIGymoQXdp7Us88', '7A20WnLkjtZU2d7hIB6Ziu']"
Chance the Rapper,1anyVhU62p31KFi8MEzkbf,Taylor Bennett,6CqjoQyGZlnhnq5gAUz92c,1,['5LWprrbySabBAMm0aE447a']
CocoRosie,05fo024EFotg9songSENOZ,Chance the Rapper,1anyVhU62p31KFi8MEzkbf,1,['5LWprrbySabBAMm0aE447a']
CocoRosie,05fo024EFotg9songSENOZ,Taylor Bennett,6CqjoQyGZlnhnq5gAUz92c,1,['5LWprrbySabBAMm0aE447a']
Booba,58wXmynHaAWI5hwlPZP3qL,JSX,7J0JxtOPMKWufOraoIqjiH,1,['5LYRIyhmlrDAQsYdHEvP0f']
Tainy,0GM7qgcRCORpGnfcN2tCiB,Bomba Estéreo,5n9bMYfz9qss2VOW89EVs2,1,['5LciLoxa1gK70yIUeoHgRx']
Chance the Rapper,1anyVhU62p31KFi8MEzkbf,Smino,1ybINI1qPiFbwDXamRtwxD,1,['5LeStoyvjAHpM52IYogOq0']
Natanael Cano,0elWFr7TW8piilVRYJUe4P,Oscar Maydon,3l9G1G9MxH6DaRhwLklaf5,2,"['5LhI8m7n8xlQmNe3b7Rwis', '6KOnLTb1xLfKDAjMC43I76']"
Maroon 5,04gDigrS5kc9YWfZHwBETP,Kendrick Lamar,2YZyLoL8N0Wb9xBt1NhZWg,1,['5MFzQMkrl1FOOng9tq6R9r']
The Chainsmokers,69GGBxA162lTqCwzJG5jLp,Ty Dolla $ign,7c0XG5cIJTrrAgEC3ULPiq,1,['5MvLsT03RBp67RLoeISCdl']
bülow,5vBrKGOjN10BMwB0cJADj4,The Chainsmokers,69GGBxA162lTqCwzJG5jLp,1,['5MvLsT03RBp67RLoeISCdl']
bülow,5vBrKGOjN10BMwB0cJADj4,Ty Dolla $ign,7c0XG5cIJTrrAgEC3ULPiq,1,['5MvLsT03RBp67RLoeISCdl']
Megan Thee Stallion,181bsRPaVXVlUKXrxwZfHK,Ty Dolla $ign,7c0XG5cIJTrrAgEC3ULPiq,1,['5N1o6d8zGcSZSeMFkOUQOk']
Nicki Minaj,0hCNtLu0JehylgoiP8L4Gh,Megan Thee Stallion,181bsRPaVXVlUKXrxwZfHK,1,['5N1o6d8zGcSZSeMFkOUQOk']
Silk City,2X97ZAqRKRMYFIDqtvGgGc,Dua Lipa,6M2wZ9GZgrQXHCFfjv46we,1,['5N4erncE7kuUccm7zEmwzk']
Silk City,2X97ZAqRKRMYFIDqtvGgGc,Mark Ronson,3hv9jJF3adDNsBSIQDqcjp,1,['5N4erncE7kuUccm7zEmwzk']
Silk City,2X97ZAqRKRMYFIDqtvGgGc,Diplo,5fMUXHkw8R8eOP2RNVYEZX,1,['5N4erncE7kuUccm7zEmwzk']
Mark Ronson,3hv9jJF3adDNsBSIQDqcjp,Dua Lipa,6M2wZ9GZgrQXHCFfjv46we,1,['5N4erncE7kuUccm7zEmwzk']
Diplo,5fMUXHkw8R8eOP2RNVYEZX,Dua Lipa,6M2wZ9GZgrQXHCFfjv46we,1,['5N4erncE7kuUccm7zEmwzk']
Mark Ronson,3hv9jJF3adDNsBSIQDqcjp,Diplo,5fMUXHkw8R8eOP2RNVYEZX,1,['5N4erncE7kuUccm7zEmwzk']
A$AP Rocky,13ubrt8QOOCPljQ2FL1Kca,Juicy J,5gCRApTajqwbnHHPbr2Fpi,2,"['5N521RK66Z1FP0Oz6B4OlT', '5xEWiG0ug0rOymOjlzSGzx']"
Maroon 5,04gDigrS5kc9YWfZHwBETP,Future,1RyvyyTE3xzB2ZywiAwp0i,1,['5NNlUMcOEOdoOIwwaWXv0k']
Polo G,6AgTAQt8XS6jRWi4sX7w49,King Von,6QtgPSJPSzcnn7dPZ4VINp,1,['5NOUjBikzECEJyZMTxtErD']
Tainy,0GM7qgcRCORpGnfcN2tCiB,Arcángel,4SsVbpTthjScTS7U2hmr1X,1,['5NhLA2P7AiV3cloVmwtwLS']
Tainy,0GM7qgcRCORpGnfcN2tCiB,Omar Courtz,3E12tRURRvPfHz0hAMCFYc,1,['5NhLA2P7AiV3cloVmwtwLS']
Tainy,0GM7qgcRCORpGnfcN2tCiB,Arca,4SQdUpG4f7UbkJG3cJ2Iyj,1,['5NhLA2P7AiV3cloVmwtwLS']
Arcángel,4SsVbpTthjScTS7U2hmr1X,JHAYCO,6nVcHLIgY5pE2YCl8ubca1,1,['5NhLA2P7AiV3cloVmwtwLS']
Omar Courtz,3E12tRURRvPfHz0hAMCFYc,Arcángel,4SsVbpTthjScTS7U2hmr1X,1,['5NhLA2P7AiV3cloVmwtwLS']
Arca,4SQdUpG4f7UbkJG3cJ2Iyj,Arcángel,4SsVbpTthjScTS7U2hmr1X,1,['5NhLA2P7AiV3cloVmwtwLS']
Omar Courtz,3E12tRURRvPfHz0hAMCFYc,JHAYCO,6nVcHLIgY5pE2YCl8ubca1,1,['5NhLA2P7AiV3cloVmwtwLS']
Arca,4SQdUpG4f7UbkJG3cJ2Iyj,JHAYCO,6nVcHLIgY5pE2YCl8ubca1,1,['5NhLA2P7AiV3cloVmwtwLS']
Omar Courtz,3E12tRURRvPfHz0hAMCFYc,Myke Towers,7iK8PXO48WeuP03g8YR51W,1,['5NhLA2P7AiV3cloVmwtwLS']
Arca,4SQdUpG4f7UbkJG3cJ2Iyj,Myke Towers,7iK8PXO48WeuP03g8YR51W,1,['5NhLA2P7AiV3cloVmwtwLS']
Omar Courtz,3E12tRURRvPfHz0hAMCFYc,Arca,4SQdUpG4f7UbkJG3cJ2Iyj,1,['5NhLA2P7AiV3cloVmwtwLS']
Feid,2LRoIwlKmHjgvigdNGBHNo,JHAYCO,6nVcHLIgY5pE2YCl8ubca1,1,['5NxhMcHSVY3Z7ykWxZf3aj']
The Weeknd,1Xyo4u8uXC1ZmMpatF05PJ,Lil Uzi Vert,4O15NlyKLIASxsJ0PrXPfz,1,['5O8x1YlmLQopQHErxtDfi9']
Jung Kook,6HaGTQPmzraVmaVxvz6EUc,Charlie Puth,6VuMaDnrHyPL1p4EHjYLi7,1,['5Odq8ohlgIbQKMZivbWkEo']
BTS,3Nrfpe0tUJi4K4DXYWgMUX,Charlie Puth,6VuMaDnrHyPL1p4EHjYLi7,1,['5Odq8ohlgIbQKMZivbWkEo']
187 Strassenbande,2j2rh3oQh4QEUnNTDKYSJD,Frauenarzt,38KSpOSYnwQX9zcOcVKdym,1,['5OqIKA0ETzvxocl2IS7nV6']
Bonez MC,1aS5tqEs9ci5P9KD9tZWa6,Frauenarzt,38KSpOSYnwQX9zcOcVKdym,1,['5OqIKA0ETzvxocl2IS7nV6']
DJ Khaled,0QHgL1lAIqAw0HtD7YldmP,James Fauntleroy,5ooSG9S0glqP5ZrqqaHBvT,1,['5OypcrFg58e4k2iYHi69ED']
Nas,20qISvAhX20dpIbOOzGK3q,JAY-Z,3nFkdlSjzX9mRTtwJOzDYB,1,['5OypcrFg58e4k2iYHi69ED']
Nas,20qISvAhX20dpIbOOzGK3q,James Fauntleroy,5ooSG9S0glqP5ZrqqaHBvT,1,['5OypcrFg58e4k2iYHi69ED']
JAY-Z,3nFkdlSjzX9mRTtwJOzDYB,James Fauntleroy,5ooSG9S0glqP5ZrqqaHBvT,1,['5OypcrFg58e4k2iYHi69ED']
Clueso,0iFq8SzyZaaQ2Fn6CLDxqW,Capital Bra,4WZGDpNwrC0vNQyl9QzF7d,1,['5PAAUJTKLT0nCmHUlLdPXb']
Clueso,0iFq8SzyZaaQ2Fn6CLDxqW,KC Rebell,5p7mWeX4RlvqBCxylfiXdE,1,['5PAAUJTKLT0nCmHUlLdPXb']
CNCO,0eecdvMrqBftK0M1VKhaF4,Little Mix,3e7awlrlDSwF3iM0WBjGMp,1,['5PB8zB1MOZASboLquvinMF']
Beyoncé,6vWDO969PvNqNYHIOW5v0m,Eminem,7dGJo4pcD2V6oG8kP0tJRR,1,['5PIBgH1cUFwu5IiUk9tnN9']
Dj Tk,0mfeoleda752Uj4JbEZDIN,Mc Jacaré,6qrqAYlS6lUj2BVXax7SZW,1,['5PSkF3QpVMlAx8U5Inxj39']
Arijit Singh,4YRxDV8wJFPHPTeXepOstw,Jasleen Royal,74OaRjmyh0XyRZsQQQ5l7c,1,['5PUXKVVVQ74C3gl5vKy9Li']
Dulquer Salmaan,3NHwwyb1coYa5cLyI72xSk,Jasleen Royal,74OaRjmyh0XyRZsQQQ5l7c,1,['5PUXKVVVQ74C3gl5vKy9Li']
Dulquer Salmaan,3NHwwyb1coYa5cLyI72xSk,Arijit Singh,4YRxDV8wJFPHPTeXepOstw,1,['5PUXKVVVQ74C3gl5vKy9Li']
MC Mari,2AdUWxNm17kkGZiPGuorth,Zé Felipe,7cmuxPnXRJxwuYDHfbD8Eu,1,['5PZAbR6JHYYV9xp5gv0XES']
Wiz Khalifa,137W8MRPWKqSmrBGDBFSop,Young Thug,50co4Is1HCEo8bhOyUWKpn,1,['5PfTI3zrQbZEWcQdycMqJM']
PnB Rock,21WS9wngs9AqFckK7yYJPM,Young Thug,50co4Is1HCEo8bhOyUWKpn,1,['5PfTI3zrQbZEWcQdycMqJM']
Wiz Khalifa,137W8MRPWKqSmrBGDBFSop,2 Chainz,17lzZA2AlOHwCwFALHttmp,1,['5PfTI3zrQbZEWcQdycMqJM']
2 Chainz,17lzZA2AlOHwCwFALHttmp,PnB Rock,21WS9wngs9AqFckK7yYJPM,1,['5PfTI3zrQbZEWcQdycMqJM']
Wiz Khalifa,137W8MRPWKqSmrBGDBFSop,PnB Rock,21WS9wngs9AqFckK7yYJPM,1,['5PfTI3zrQbZEWcQdycMqJM']
Pitbull,0TnOYISbd1XYRBk9myaseg,Daddy Yankee,4VMYDCV2IEDYJArk749S6m,1,['5Pg4qYTcvCUBBq3jBhKq0t']
Brett Eldredge,0qSX3s5pJnAlSsgsCne8Cz,Meghan Trainor,6JL8zeS1NmiOftqZTRgdTz,1,['5Q2P43CJra0uRAogjHyJDK']
Sido,4Yttlv9ndGjCDCVLqM7ACq,SANTOS,4hK7sEnm0se5bqoI3Yb5o1,1,['5QEqzFV7R8KSSCJa37tfvs']
SANTOS,4hK7sEnm0se5bqoI3Yb5o1,Samra,6h1s4i4XKIYv4ErDelLDN0,1,['5QEqzFV7R8KSSCJa37tfvs']
Sido,4Yttlv9ndGjCDCVLqM7ACq,Samra,6h1s4i4XKIYv4ErDelLDN0,1,['5QEqzFV7R8KSSCJa37tfvs']
Cynthia Erivo,46UMQ0cW8ToR8egkBRwAxZ,Ariana Grande,66CXWjxzNUsdJxJ2JdwvnR,2,"['5QMrH5nszZZR3nefIj6Mar', '7eGuPhpdS8sBjPJNuAShUX']"
Pusha T,0ONHkAv9pCAFxb0zJwDNTy,JAY-Z,3nFkdlSjzX9mRTtwJOzDYB,2,"['5QNW6Vx14N4OfJ7D0eDg0d', '7kQJCw0ZkvHgfJqRwPblmG']"
Pusha T,0ONHkAv9pCAFxb0zJwDNTy,Pharrell Williams,2RdwBSPQiwcmiDo9kixcl8,2,"['5QNW6Vx14N4OfJ7D0eDg0d', '7kQJCw0ZkvHgfJqRwPblmG']"
Pharrell Williams,2RdwBSPQiwcmiDo9kixcl8,JAY-Z,3nFkdlSjzX9mRTtwJOzDYB,3,"['5QNW6Vx14N4OfJ7D0eDg0d', '7E1lnnPsrnHslXSWomUkLP', '7kQJCw0ZkvHgfJqRwPblmG']"
Sachin-Jigar,1mBydYMVBECdDmMfE2sEUO,Arijit Singh,4YRxDV8wJFPHPTeXepOstw,1,['5QW9K4A1gMnIi94YUxtsfM']
Arcane,57nPqD7z62gDdq37US9XJR,King Princess,6beUvFUlKliUYJdLOXNj9C,1,['5Qq9uvUXZU5zNDh0MlkBu8']
League of Legends,47mIJdHORyRerp4os813jD,King Princess,6beUvFUlKliUYJdLOXNj9C,1,['5Qq9uvUXZU5zNDh0MlkBu8']
Lana Del Rey,00FQb4jTyendYWaN8pK0wa,Playboi Carti,699OTQXzgjhIYAHMy9RyPD,1,['5QqyRUZeBE04yJxsD1OC0I']
A$AP Rocky,13ubrt8QOOCPljQ2FL1Kca,Playboi Carti,699OTQXzgjhIYAHMy9RyPD,1,['5QqyRUZeBE04yJxsD1OC0I']
Julia Michaels,0ZED1XzwlLHW4ZaG4lOT6m,Shawn Mendes,7n2wHs1TKAczGzO7Dd2rGr,1,['5QskYLFPX9y7pLU0VEMNbr']
Rauw Alejandro,1mcTU81TzQhprhouKaTkpq,Eladio Carrion,5XJDexmWFLWOkjOEjOVX3e,1,['5QtB74eCS2YzHvEfSlh8MG']
Fivio Foreign,14CHVeJGrR5xgUGQFV5BVM,The Kid LAROI,2tIP7SsRs7vjIcLrU85W8J,1,['5QvW5lK6mkfTegpAK9JOO7']
Juice WRLD,4MCBfE4596Uoi2O4DtmEMz,Lil Yachty,6icQOAFXDZKsumw3YXyusw,1,['5R2rsbwCDXORX2tLfprRmM']
Maluma,1r4hJ1h58CWwUQe3MxPuau,Beéle,7a0XAaPaK2aDSqa8p3QnC7,1,['5RAIMjdrCEjpjaR5tBATXU']
Rauw Alejandro,1mcTU81TzQhprhouKaTkpq,Maluma,1r4hJ1h58CWwUQe3MxPuau,1,['5RAIMjdrCEjpjaR5tBATXU']
Maluma,1r4hJ1h58CWwUQe3MxPuau,Mambo Kingz,2T1aUibqR2QC2sINIDQOAK,2,"['5RAIMjdrCEjpjaR5tBATXU', '6gMj2DzKR2PjrrbNSwcGFR']"
Maluma,1r4hJ1h58CWwUQe3MxPuau,DJ Luian,64aJYyrXljOodnUG6jvhRD,2,"['5RAIMjdrCEjpjaR5tBATXU', '6gMj2DzKR2PjrrbNSwcGFR']"
Darell,1TtXnWcUs0FCkaZDPGYHdf,Maluma,1r4hJ1h58CWwUQe3MxPuau,1,['5RAIMjdrCEjpjaR5tBATXU']
Rauw Alejandro,1mcTU81TzQhprhouKaTkpq,Beéle,7a0XAaPaK2aDSqa8p3QnC7,1,['5RAIMjdrCEjpjaR5tBATXU']
Mambo Kingz,2T1aUibqR2QC2sINIDQOAK,Beéle,7a0XAaPaK2aDSqa8p3QnC7,1,['5RAIMjdrCEjpjaR5tBATXU']
DJ Luian,64aJYyrXljOodnUG6jvhRD,Beéle,7a0XAaPaK2aDSqa8p3QnC7,1,['5RAIMjdrCEjpjaR5tBATXU']
Darell,1TtXnWcUs0FCkaZDPGYHdf,Beéle,7a0XAaPaK2aDSqa8p3QnC7,1,['5RAIMjdrCEjpjaR5tBATXU']
Rauw Alejandro,1mcTU81TzQhprhouKaTkpq,Mambo Kingz,2T1aUibqR2QC2sINIDQOAK,1,['5RAIMjdrCEjpjaR5tBATXU']
Rauw Alejandro,1mcTU81TzQhprhouKaTkpq,DJ Luian,64aJYyrXljOodnUG6jvhRD,1,['5RAIMjdrCEjpjaR5tBATXU']
Darell,1TtXnWcUs0FCkaZDPGYHdf,Rauw Alejandro,1mcTU81TzQhprhouKaTkpq,1,['5RAIMjdrCEjpjaR5tBATXU']
Central Cee,5H4yInM5zmHqpKIoMNAx4r,J. Cole,6l3HvQ5sa6mXTsMTB19rO5,1,['5RMTsrJkrtumtiIZjy7dL6']
Central Cee,5H4yInM5zmHqpKIoMNAx4r,Bas,70gP6Ry4Uo0Yx6uzPIdaiJ,1,['5RMTsrJkrtumtiIZjy7dL6']
Peso Pluma,12GqGscKJx3aE4t07u7eVZ,Becky G,4obzFoKoKRHIphyHzJ35G3,1,['5RcxRGvmYai7kpFSfxe5GY']
Jax Jones,4Q6nIcaBED8qUel8bBx6Cr,Bebe Rexha,64M6ah0SkkRsnPGtGiRAbb,1,['5RgBnDtHKFHgtVdqabjGE3']
Peso Pluma,12GqGscKJx3aE4t07u7eVZ,KAROL G,790FomKkXshlbRYZFtlgla,1,['5RqSsdzTNPX1uzkmlHCFvK']
Kendrick Lamar,2YZyLoL8N0Wb9xBt1NhZWg,Dody6,4VHa48wXlsDA2vWfgIi7cX,1,['5S8VwnB4sLi6W0lYTWYylu']
Khalid,6LuN9FCkKOj5PcnpouEgny,Shawn Mendes,7n2wHs1TKAczGzO7Dd2rGr,1,['5SwEgzUFDHwpWHKrbnP32Z']
Alexander Brettin,0VMO6LSExFeqYrtcR8VAre,Tyler The Creator,4V8LLVI7PbaPR0K2TGSxFF,1,['5SxlUF7J8tyFIEF22EomeP']
Jaden,0xOeVMOz2fVg5BJY3N6akT,Tyler The Creator,4V8LLVI7PbaPR0K2TGSxFF,1,['5SxlUF7J8tyFIEF22EomeP']
Alexander Brettin,0VMO6LSExFeqYrtcR8VAre,Jaden,0xOeVMOz2fVg5BJY3N6akT,1,['5SxlUF7J8tyFIEF22EomeP']
Olivia Newton-John,4BoRxUdrcgbbq1rxJvvhg9,John Travolta,4hKkEHkaqCsyxNxXEsszVH,1,['5SzXtCkaw4WWDvGSTTiF6a']
Ed Sheeran,6eUKZXaKkcviH0Ku9w2n3V,Ella Mai,7HkdQ0gt53LP4zmHsL0nap,1,['5T03itPFOPGGkvVPvPiyla']
Capital Bra,4WZGDpNwrC0vNQyl9QzF7d,Jamule,4sVieJlKgpZ2k9ESNS5IdN,2,"['5T7pVU8KMd7hpyqfWt0nhy', '5ezbc8nalmV7JqLQQfHwTV']"
VIZE,09agIJMxCD2k87ys9Al0f0,Tom Gregory,6Rmg5JiRphFMlhkwGNl9Fu,1,['5TGcyccg8Hkgn9jB7gUpMN']
Britney Spears,26dSoYclwsYLMAKD3tpOr4,Elton John,3PhoLpVuITZKcymswpck5b,1,['5TJEBoTCDbJXiKMdCN9pd3']
zzoilo,7c53ZFyajVMTo08HmvoB6b,Aitana,7eLcDZDYHXZCebtQmVFL25,1,['5TMLavqGRKNxgzMBrVpC9R']
MC LUUKY,70jpkgy5oGT4YjaGFpCpk7,DJ JB Mix,7wLAecYIgstxcjqe6JwT3w,1,['5TOvA5Uhxti7FPh0EIdClV']
Kanye West,5K4W6rqBFWDnAN6FQUkS6x,Dwele,7u6LfVyYpEzMpHLL7jTyvU,1,['5TRPicyLGbAF2LGBFbHGvO']
A Boogie Wit da Hoodie,31W5EY0aAly4Qieq6OFu6I,Don Q,5TM9R6dNoJSMq23yZQD6Ee,1,['5Tj4faD9lGyMw8ZatUYR6G']
Lil Uzi Vert,4O15NlyKLIASxsJ0PrXPfz,Don Q,5TM9R6dNoJSMq23yZQD6Ee,1,['5Tj4faD9lGyMw8ZatUYR6G']
Sebastian Yatra,07YUOmWljBTXwIseAUd9TW,Dalmata,3jGlU8UMMo44I2xeLQ6FD3,1,['5TmZYdHW6HJ9gt7Aokuql5']
Nel-Denarro,5zLbjnuArhVlVklkT5GoQD,Trippie Redd,6Xgp2XMz1fhVYe7i6yNAax,1,['5Tp5zlCgbwXLMa3pgYsNMl']
Nel-Denarro,5zLbjnuArhVlVklkT5GoQD,YoungBoy Never Broke Again,7wlFDEWiM5OoIAt8RSli8b,1,['5Tp5zlCgbwXLMa3pgYsNMl']
Sebastian Yatra,07YUOmWljBTXwIseAUd9TW,Joey Montana,3ATyg4fGC9F8trfb0GRWmX,1,['5TysCiZtv1HnSWcTcUFusI']
Bruno Mars,0du5cEVh5yTK9QJze8zA0C,David Guetta,1Cs0zKBU1kc0i8ypK3B9ai,1,['5UJshy5HDHdNEVqlJwzsQB']
Beyoncé,6vWDO969PvNqNYHIOW5v0m,Linda Martell,78adFi9EyRkMh3CTIatrV9,1,['5UcUppRaEIBMIHXiUFl7LI']
Shaboozey,3y2cIKLjiOlp1Np37WiUdH,Beyoncé,6vWDO969PvNqNYHIOW5v0m,2,"['5UcUppRaEIBMIHXiUFl7LI', '7CA0mEKqEZ0WFAIlTS4uEl']"
Shaboozey,3y2cIKLjiOlp1Np37WiUdH,Linda Martell,78adFi9EyRkMh3CTIatrV9,1,['5UcUppRaEIBMIHXiUFl7LI']
Mark Ronson,3hv9jJF3adDNsBSIQDqcjp,Camila Cabello,4nDoRrQiYLoBzwC5BhVJzF,1,['5Uw7Dut2lZfexn3Y09swpf']
Mc Danny,3PZTvUS5fUUhV3EKAjqdZk,Zé Felipe,7cmuxPnXRJxwuYDHfbD8Eu,1,['5VTjBl3ddZEiG2LrH4VzyR']
Big Sean,0c173mlxpT3dSFRgMO8XPh,The-Dream,1W3FSF1BLpY3hlVIgvenLz,1,['5VlstKgCJPHDIMCQO4jHcQ']
Manuel Turizo,0tmwSHipWxN12fsoLcFU3B,Rauw Alejandro,1mcTU81TzQhprhouKaTkpq,1,['5VzNsUnLmYcRfRfxpQsusa']
Manuel Turizo,0tmwSHipWxN12fsoLcFU3B,Myke Towers,7iK8PXO48WeuP03g8YR51W,1,['5VzNsUnLmYcRfRfxpQsusa']
Dímelo Flow,3fZk3Gm5dN5v5yfYMQ04Bx,Arcángel,4SsVbpTthjScTS7U2hmr1X,2,"['5W1qmxHrMlQGGAiFA3ZQqP', '7sQKy5vlPQllr0k9IjYJv3']"
De La Ghetto,3EiLUeyEcA6fbRPSHkG5kb,Dímelo Flow,3fZk3Gm5dN5v5yfYMQ04Bx,1,['5W1qmxHrMlQGGAiFA3ZQqP']
Dalex,0KPX4Ucy9dk82uj4GpKesn,Arcángel,4SsVbpTthjScTS7U2hmr1X,1,['5W1qmxHrMlQGGAiFA3ZQqP']
Dalex,0KPX4Ucy9dk82uj4GpKesn,De La Ghetto,3EiLUeyEcA6fbRPSHkG5kb,1,['5W1qmxHrMlQGGAiFA3ZQqP']
De La Ghetto,3EiLUeyEcA6fbRPSHkG5kb,Sech,77ziqFxp5gaInVrF2lj4ht,1,['5W1qmxHrMlQGGAiFA3ZQqP']
Justin Quiles,14zUHaJZo1mnYtn6IBRaRP,Arcángel,4SsVbpTthjScTS7U2hmr1X,1,['5W1qmxHrMlQGGAiFA3ZQqP']
Lenny Tavárez,1pQWsZQehhS4wavwh7Fnxd,Arcángel,4SsVbpTthjScTS7U2hmr1X,1,['5W1qmxHrMlQGGAiFA3ZQqP']
Lenny Tavárez,1pQWsZQehhS4wavwh7Fnxd,De La Ghetto,3EiLUeyEcA6fbRPSHkG5kb,1,['5W1qmxHrMlQGGAiFA3ZQqP']
Skylar Grey,4utLUGcTvOJFr6aqIJtYWV,Polo G,6AgTAQt8XS6jRWi4sX7w49,1,['5W8HXMOMLtXLz0RGKUtnlZ']
Mozzy,4AA474G2hRfrHyGrfyDseO,Skylar Grey,4utLUGcTvOJFr6aqIJtYWV,1,['5W8HXMOMLtXLz0RGKUtnlZ']
Mozzy,4AA474G2hRfrHyGrfyDseO,Polo G,6AgTAQt8XS6jRWi4sX7w49,1,['5W8HXMOMLtXLz0RGKUtnlZ']
Polo G,6AgTAQt8XS6jRWi4sX7w49,Eminem,7dGJo4pcD2V6oG8kP0tJRR,1,['5W8HXMOMLtXLz0RGKUtnlZ']
Mozzy,4AA474G2hRfrHyGrfyDseO,Eminem,7dGJo4pcD2V6oG8kP0tJRR,1,['5W8HXMOMLtXLz0RGKUtnlZ']
Lil Baby,5f7VJjfbwm532GiveGC0ZK,J. Cole,6l3HvQ5sa6mXTsMTB19rO5,1,['5W8jRrZ6tWrTrqnKRtIQBf']
Anna of the North,1mSJCvDX0W7Dn7S9C6vmvI,Tyler The Creator,4V8LLVI7PbaPR0K2TGSxFF,1,['5WNYg3usc6H8N3MBEp4zVk']
Anna of the North,1mSJCvDX0W7Dn7S9C6vmvI,Rex Orange County,7pbDxGE6nQSZVfiFdq9lOL,1,['5WNYg3usc6H8N3MBEp4zVk']
Reese LAFLARE,07V3atNq2TyPNDYmzp6Dyy,Dreamville,1iNqsUDUraNWrj00bqssQG,1,['5WnfnSpuNEGXyEt78PBA6d']
Jace,0vaKiuLwFJLVU664A8GTjE,Dreamville,1iNqsUDUraNWrj00bqssQG,1,['5WnfnSpuNEGXyEt78PBA6d']
Dreamville,1iNqsUDUraNWrj00bqssQG,Mez,30C5wgn4celhRP3Tytv7R6,1,['5WnfnSpuNEGXyEt78PBA6d']
Dreamville,1iNqsUDUraNWrj00bqssQG,Smokepurpp,21dooacK2WGBB5amYvKyfM,1,['5WnfnSpuNEGXyEt78PBA6d']
Dreamville,1iNqsUDUraNWrj00bqssQG,Ski Mask The Slump God,2rhFzFmezpnW82MNqEKVry,1,['5WnfnSpuNEGXyEt78PBA6d']
Guapdad 4000,0NcPKaSNIHAM2RfioH9vMT,Bas,70gP6Ry4Uo0Yx6uzPIdaiJ,1,['5WnfnSpuNEGXyEt78PBA6d']
Reese LAFLARE,07V3atNq2TyPNDYmzp6Dyy,Bas,70gP6Ry4Uo0Yx6uzPIdaiJ,1,['5WnfnSpuNEGXyEt78PBA6d']
Jace,0vaKiuLwFJLVU664A8GTjE,Bas,70gP6Ry4Uo0Yx6uzPIdaiJ,1,['5WnfnSpuNEGXyEt78PBA6d']
Mez,30C5wgn4celhRP3Tytv7R6,Bas,70gP6Ry4Uo0Yx6uzPIdaiJ,1,['5WnfnSpuNEGXyEt78PBA6d']
Smokepurpp,21dooacK2WGBB5amYvKyfM,Bas,70gP6Ry4Uo0Yx6uzPIdaiJ,1,['5WnfnSpuNEGXyEt78PBA6d']
Buddy,6PDLwWvgYNMfBRLqC1h5cJ,Bas,70gP6Ry4Uo0Yx6uzPIdaiJ,1,['5WnfnSpuNEGXyEt78PBA6d']
Ski Mask The Slump God,2rhFzFmezpnW82MNqEKVry,Bas,70gP6Ry4Uo0Yx6uzPIdaiJ,1,['5WnfnSpuNEGXyEt78PBA6d']
Reese LAFLARE,07V3atNq2TyPNDYmzp6Dyy,JID,6U3ybJ9UHNKEdsH7ktGBZ7,1,['5WnfnSpuNEGXyEt78PBA6d']
Jace,0vaKiuLwFJLVU664A8GTjE,JID,6U3ybJ9UHNKEdsH7ktGBZ7,1,['5WnfnSpuNEGXyEt78PBA6d']
Mez,30C5wgn4celhRP3Tytv7R6,JID,6U3ybJ9UHNKEdsH7ktGBZ7,1,['5WnfnSpuNEGXyEt78PBA6d']
Smokepurpp,21dooacK2WGBB5amYvKyfM,JID,6U3ybJ9UHNKEdsH7ktGBZ7,1,['5WnfnSpuNEGXyEt78PBA6d']
Ski Mask The Slump God,2rhFzFmezpnW82MNqEKVry,JID,6U3ybJ9UHNKEdsH7ktGBZ7,1,['5WnfnSpuNEGXyEt78PBA6d']
Reese LAFLARE,07V3atNq2TyPNDYmzp6Dyy,Guapdad 4000,0NcPKaSNIHAM2RfioH9vMT,1,['5WnfnSpuNEGXyEt78PBA6d']
Guapdad 4000,0NcPKaSNIHAM2RfioH9vMT,Jace,0vaKiuLwFJLVU664A8GTjE,1,['5WnfnSpuNEGXyEt78PBA6d']
Guapdad 4000,0NcPKaSNIHAM2RfioH9vMT,Mez,30C5wgn4celhRP3Tytv7R6,1,['5WnfnSpuNEGXyEt78PBA6d']
Guapdad 4000,0NcPKaSNIHAM2RfioH9vMT,Smokepurpp,21dooacK2WGBB5amYvKyfM,1,['5WnfnSpuNEGXyEt78PBA6d']
Guapdad 4000,0NcPKaSNIHAM2RfioH9vMT,Ski Mask The Slump God,2rhFzFmezpnW82MNqEKVry,1,['5WnfnSpuNEGXyEt78PBA6d']
Reese LAFLARE,07V3atNq2TyPNDYmzp6Dyy,Jace,0vaKiuLwFJLVU664A8GTjE,1,['5WnfnSpuNEGXyEt78PBA6d']
Reese LAFLARE,07V3atNq2TyPNDYmzp6Dyy,Mez,30C5wgn4celhRP3Tytv7R6,1,['5WnfnSpuNEGXyEt78PBA6d']
Reese LAFLARE,07V3atNq2TyPNDYmzp6Dyy,Smokepurpp,21dooacK2WGBB5amYvKyfM,1,['5WnfnSpuNEGXyEt78PBA6d']
Reese LAFLARE,07V3atNq2TyPNDYmzp6Dyy,Buddy,6PDLwWvgYNMfBRLqC1h5cJ,1,['5WnfnSpuNEGXyEt78PBA6d']
Reese LAFLARE,07V3atNq2TyPNDYmzp6Dyy,Ski Mask The Slump God,2rhFzFmezpnW82MNqEKVry,1,['5WnfnSpuNEGXyEt78PBA6d']
Jace,0vaKiuLwFJLVU664A8GTjE,Mez,30C5wgn4celhRP3Tytv7R6,1,['5WnfnSpuNEGXyEt78PBA6d']
Jace,0vaKiuLwFJLVU664A8GTjE,Smokepurpp,21dooacK2WGBB5amYvKyfM,1,['5WnfnSpuNEGXyEt78PBA6d']
Jace,0vaKiuLwFJLVU664A8GTjE,Buddy,6PDLwWvgYNMfBRLqC1h5cJ,1,['5WnfnSpuNEGXyEt78PBA6d']
Jace,0vaKiuLwFJLVU664A8GTjE,Ski Mask The Slump God,2rhFzFmezpnW82MNqEKVry,1,['5WnfnSpuNEGXyEt78PBA6d']
Smokepurpp,21dooacK2WGBB5amYvKyfM,Mez,30C5wgn4celhRP3Tytv7R6,1,['5WnfnSpuNEGXyEt78PBA6d']
Mez,30C5wgn4celhRP3Tytv7R6,Buddy,6PDLwWvgYNMfBRLqC1h5cJ,1,['5WnfnSpuNEGXyEt78PBA6d']
Ski Mask The Slump God,2rhFzFmezpnW82MNqEKVry,Mez,30C5wgn4celhRP3Tytv7R6,1,['5WnfnSpuNEGXyEt78PBA6d']
Smokepurpp,21dooacK2WGBB5amYvKyfM,Buddy,6PDLwWvgYNMfBRLqC1h5cJ,1,['5WnfnSpuNEGXyEt78PBA6d']
Smokepurpp,21dooacK2WGBB5amYvKyfM,Ski Mask The Slump God,2rhFzFmezpnW82MNqEKVry,1,['5WnfnSpuNEGXyEt78PBA6d']
Ski Mask The Slump God,2rhFzFmezpnW82MNqEKVry,Buddy,6PDLwWvgYNMfBRLqC1h5cJ,1,['5WnfnSpuNEGXyEt78PBA6d']
Travis Scott,0Y5tJX1MQlPlqiwlOH1tJY,Miguel,360IAlyVv4PCEVjgyMZrxK,1,['5WoaF1B5XIEnWfmb5NZikf']
Sfera Ebbasta,23TFHmajVfBtlRx5MXqgoz,7ari,292jMVlKq180yzi8WRaVU6,1,['5Ws6qds3QAQ5s4tN5P2zRA']
Sfera Ebbasta,23TFHmajVfBtlRx5MXqgoz,Steve Aoki,77AiFEVeAVj2ORpC85QVJs,1,['5Ws6qds3QAQ5s4tN5P2zRA']
7ari,292jMVlKq180yzi8WRaVU6,Steve Aoki,77AiFEVeAVj2ORpC85QVJs,1,['5Ws6qds3QAQ5s4tN5P2zRA']
Sfera Ebbasta,23TFHmajVfBtlRx5MXqgoz,Elodie,7GgpsUpkj3olseoaTY7TEY,1,['5WssaPhjCCUFBMk9PpnHYj']
Julia Michaels,0ZED1XzwlLHW4ZaG4lOT6m,Niall Horan,1Hsdzj7Dlq2I7tHP7501T4,1,['5WtfUKzXircvW8l5aaVZWT']
The Weeknd,1Xyo4u8uXC1ZmMpatF05PJ,Lil Wayne,55Aa2cqylxrFIXC767Z865,1,['5XbA7TAqsD0fj0dGBrbb0D']
Shakira,0EmeFodog0BfCgMzAIvKQp,Anuel AA,2R21vXR83lH98kGeO99Y66,1,['5Xhqh4lwJPtMUTsdBztN1a']
Zara Larsson,1Xylc3o4UrD53lo9CvFvVg,BTS,3Nrfpe0tUJi4K4DXYWgMUX,1,['5XkyZyKMdFungjDb9cUKc3']
Jason Derulo,07YZf4WDAMNwqr4jfgOZ8y,David Guetta,1Cs0zKBU1kc0i8ypK3B9ai,1,['5Xn4IyTtW6FUGIUyWjbUHG']
Jason Derulo,07YZf4WDAMNwqr4jfgOZ8y,Nicki Minaj,0hCNtLu0JehylgoiP8L4Gh,2,"['5Xn4IyTtW6FUGIUyWjbUHG', '6kex4EBAj0WHXDKZMEJaaF']"
Jason Derulo,07YZf4WDAMNwqr4jfgOZ8y,Willy William,4RSyJzf7ef6Iu2rnLdabNq,1,['5Xn4IyTtW6FUGIUyWjbUHG']
David Guetta,1Cs0zKBU1kc0i8ypK3B9ai,Willy William,4RSyJzf7ef6Iu2rnLdabNq,1,['5Xn4IyTtW6FUGIUyWjbUHG']
Nicki Minaj,0hCNtLu0JehylgoiP8L4Gh,Willy William,4RSyJzf7ef6Iu2rnLdabNq,1,['5Xn4IyTtW6FUGIUyWjbUHG']
Don Omar,33ScadVnbm2X8kkUqOkC6Z,Bad Bunny,4q3ewBCX7sLwd24euuV69X,1,['5XqCz18k96K8tx6DAYM97i']
Justin Bieber,1uNFoZAHBGtllmzznpCI3s,SZA,7tYKF4w9nC0nq9CsPZTHyP,1,['5YABYtKx9qa56vBjlXDbmw']
Grace Jones,2f9ZiYA2ic1r1voObUimdd,Beyoncé,6vWDO969PvNqNYHIOW5v0m,1,['5YLGlPYkZBDXieMwzVve7g']
Tems,687cZJR45JO7jhk1LHIbgq,Beyoncé,6vWDO969PvNqNYHIOW5v0m,1,['5YLGlPYkZBDXieMwzVve7g']
Grace Jones,2f9ZiYA2ic1r1voObUimdd,Tems,687cZJR45JO7jhk1LHIbgq,1,['5YLGlPYkZBDXieMwzVve7g']
RM,2auC28zjQyVTsiZKNgPRGs,So!YoON!,7H5EC2qaylGun66YeRrVHg,1,['5YSkDxmHvzSDWTu4MaEtfa']
Rochy RD,4riOEaOW5hCeqomFDBk0aP,Myke Towers,7iK8PXO48WeuP03g8YR51W,1,['5YYW3yRktprLRr47WK219Y']
Nicki Nicole,2UZIAOlrnyZmyzt1nuXr9y,Rochy RD,4riOEaOW5hCeqomFDBk0aP,1,['5YYW3yRktprLRr47WK219Y']
Nicki Nicole,2UZIAOlrnyZmyzt1nuXr9y,Myke Towers,7iK8PXO48WeuP03g8YR51W,1,['5YYW3yRktprLRr47WK219Y']
Topic,0u6GtibW46tFX7koQ6uNJZ,ATB,7jZM5w05mGhw6wTB1okhD9,1,['5YaskwnGDZFDRipaqzbwQx']
A7S,5Wg2b4Mp42gicxEeDNawf7,ATB,7jZM5w05mGhw6wTB1okhD9,1,['5YaskwnGDZFDRipaqzbwQx']
hey daisy,38PzLQE4GW8o7A18oGhi0x,Nicky Youre,7qmpXeNz2ojlMl2EEfkeLs,1,['5YqEzk3C5c3UZ1D5fJUlXA']
Jack Harlow,2LIk90788K0zvyj2JJVwkJ,Lil Nas X,7jVv8c5Fj3E9VhNjxT4snq,1,['5Z9KJZvQzH6PFmb8SNkxuk']
Brent Faiyaz,3tlXnStJ1fFhdScmQeLpuG,Juice WRLD,4MCBfE4596Uoi2O4DtmEMz,1,['5ZOEulH7fvK4ZkMLTOyKL0']
Yebba,1ooV8YZC1KbpEcrmI8WH0F,Sam Smith,2wY79sveU1sp5g7SokKOiI,1,['5ZX1X9Rl4zbx1Wwyn3idVD']
TWISTED,1rPf3UFQ9PzH7MafzfHTnG,Oliver Tree,6TLwD7HPWuiOzvXEa3oCNe,1,['5Zlb01Jcn0Ld49zazzZJSB']
Little Mix,3e7awlrlDSwF3iM0WBjGMp,mgk,6TIYQ3jFPwQSRmorSezPxX,1,['5ZnJsoJGkQ5K15W7Rcr5JO']
Damso,2UwqpfQtNuhBwviIC0f2ie,Nekfeu,4LXBc13z5EWsc5N32bLxfH,1,['5ZwRTJD1bTACtIuW5Iibnu']
Kehlani,0cGUm45nv7Z6M6qdXYQGTX,Zedd,2qxJFvFYMEDqd7ui6kSAcq,1,['5aUSEPNd3m5xliFK4pn5mU']
Thomas Gold,1XLjkBxFokuDTlHt0mQkRe,Jillian Edwards,6ctgu4FFlnNhMgrKiIzCxp,1,['5abwHwUhywLGNli5NDcEN7']
j-hope,0b1sIQumIAsNbqAoIClSpy,Crush,6aLdhHUqgdKE86xbtNmY8g,1,['5aucVLKiumD89mxVCB4zvS']
Megan Thee Stallion,181bsRPaVXVlUKXrxwZfHK,千葉雄喜,6Qhgat07PNOdnJSnCXJigu,1,['5b3XJ1pjrHO5JtY2PcTjnI']
Dei V,2YRyPiW98bpkARAS4B3OQP,KAROL G,790FomKkXshlbRYZFtlgla,1,['5bD6mFl116xCxVMLy7IK9F']
Justin Quiles,14zUHaJZo1mnYtn6IBRaRP,Zion & Lennox,21451j1KhjAiaYKflxBjr1,2,"['5bITfqKGaPakO1l99hOMsI', '6b2HYgqcK9mvktt4GxAu72']"
Russ,1z7b1Pr1rSlvWRzsW3HOrS,Ed Sheeran,6eUKZXaKkcviH0Ku9w2n3V,1,['5bLGQqcpsz5ISWeihZfJnR']
Jonas Blue,1HBjj22wzbscIZ9sEb5dyf,JP Cooper,4kYGAK2zu9EAomwj3hXkXy,1,['5bZtRlMBU76vHuDOb1GM5u']
Pharrell Williams,2RdwBSPQiwcmiDo9kixcl8,Calvin Harris,7CajNmpbOovFoOoasH2HaY,4,"['5bcTCxgc7xVfSaMV3RuVke', '5lfWrciYtohtIMVDVZd0Rf', '60APt5N2NRaKWf5xzJdzyC', '6clzeGvi1CFioMOolbAOlX']"
Katy Perry,6jJ0s89eD6GaHleKKya26X,Calvin Harris,7CajNmpbOovFoOoasH2HaY,1,['5bcTCxgc7xVfSaMV3RuVke']
Big Sean,0c173mlxpT3dSFRgMO8XPh,Calvin Harris,7CajNmpbOovFoOoasH2HaY,1,['5bcTCxgc7xVfSaMV3RuVke']
Pharrell Williams,2RdwBSPQiwcmiDo9kixcl8,Katy Perry,6jJ0s89eD6GaHleKKya26X,1,['5bcTCxgc7xVfSaMV3RuVke']
Big Sean,0c173mlxpT3dSFRgMO8XPh,Pharrell Williams,2RdwBSPQiwcmiDo9kixcl8,1,['5bcTCxgc7xVfSaMV3RuVke']
Pharrell Williams,2RdwBSPQiwcmiDo9kixcl8,Funk Wav,4A0TivfinfALCAMJqqjZIk,2,"['5bcTCxgc7xVfSaMV3RuVke', '60APt5N2NRaKWf5xzJdzyC']"
Big Sean,0c173mlxpT3dSFRgMO8XPh,Katy Perry,6jJ0s89eD6GaHleKKya26X,1,['5bcTCxgc7xVfSaMV3RuVke']
Funk Wav,4A0TivfinfALCAMJqqjZIk,Katy Perry,6jJ0s89eD6GaHleKKya26X,1,['5bcTCxgc7xVfSaMV3RuVke']
Big Sean,0c173mlxpT3dSFRgMO8XPh,Funk Wav,4A0TivfinfALCAMJqqjZIk,1,['5bcTCxgc7xVfSaMV3RuVke']
G-Eazy,02kJSzxNuaWGqwubyUba0Z,Gunna,2hlmm7s2ICUX0LVIhVFlZQ,1,['5bzaS5tAni5oUpW7bWVdtY']
Ninho,6Te49r3A6f5BiIgBRxH7FH,Niska,7CUFPNi1TU8RowpnFRSsZV,2,"['5c2HadbVTsMKjja4gohEFI', '75bVc27bDSOAhMAL38cXpV']"
Rich The Kid,1pPmIToKXyGdsCF6LmqLmI,Lil Baby,5f7VJjfbwm532GiveGC0ZK,1,['5cHPAqi6V5JPMy0vqS4lK6']
KIDS SEE GHOSTS,2hPgGN4uhvXAxiXQBIXOmE,Louis Prima,52lBOxCxbJg0ttXEW9CQpW,2,"['5cQMfg4AEejKUfNA44ZGep', '6JyEh4kl9DLwmSAoNDRn5b']"
Travis Scott,0Y5tJX1MQlPlqiwlOH1tJY,Kendrick Lamar,2YZyLoL8N0Wb9xBt1NhZWg,1,['5cXg9IQS34FzLVdHhp7hu7']
Nego do Borel,1B0Rp4SWGnFgGCPU5Pju6E,Maluma,1r4hJ1h58CWwUQe3MxPuau,1,['5cepAtqnEQ6yVG6088zMMu']
Ozuna,1i8SpTcr7yvPOmcqrbnVXY,Doja Cat,5cj0lLjcoR7YOSnhnX0Po5,1,['5cpJFiNwYyWwFLH0V6B3N8']
Ozuna,1i8SpTcr7yvPOmcqrbnVXY,Sia,5WUlDfRSoLAfcVSX1WnrxN,1,['5cpJFiNwYyWwFLH0V6B3N8']
Sia,5WUlDfRSoLAfcVSX1WnrxN,Doja Cat,5cj0lLjcoR7YOSnhnX0Po5,1,['5cpJFiNwYyWwFLH0V6B3N8']
Cardi B,4kYSro6naA4h99UJvo89HB,Summer Walker,57LYzLEk2LcFghVwuWbcuS,1,['5cwnxz6QPfbOf731UPqphs']
Skrillex,5he5w2lnU9x7JFhnwcekXX,Ed Sheeran,6eUKZXaKkcviH0Ku9w2n3V,1,['5d1rmWWF1725tnYjq6rMDB']
Capital Bra,4WZGDpNwrC0vNQyl9QzF7d,Juju,4sg4no0TXdsrM1s4SVUwNF,1,['5d35jcJj7WjDQBOHCHPY6t']
Felipe Original,2Cra8I2P4OnMkVguqZRVwi,MC Kevin o Chris,2UMj7NCbuqy1yUZmiSYGjJ,1,['5dKesZwp6deuhEeW8F1UEi']
Sodré,07qgzS86XBNsyrY6MAVDAc,Felipe Original,2Cra8I2P4OnMkVguqZRVwi,1,['5dKesZwp6deuhEeW8F1UEi']
MC Kevin o Chris,2UMj7NCbuqy1yUZmiSYGjJ,JS o Mão de Ouro,7C7NNCiIFavKH6oDarjp0v,1,['5dKesZwp6deuhEeW8F1UEi']
Sodré,07qgzS86XBNsyrY6MAVDAc,JS o Mão de Ouro,7C7NNCiIFavKH6oDarjp0v,1,['5dKesZwp6deuhEeW8F1UEi']
MORTEN,19HFRWmRCl27kTk6LeqAO8,David Guetta,1Cs0zKBU1kc0i8ypK3B9ai,1,['5dS2dvXVPe7AR6UwBpnomW']
MORTEN,19HFRWmRCl27kTk6LeqAO8,RAYE,5KKpBU5eC2tJDzf0wmlRp2,1,['5dS2dvXVPe7AR6UwBpnomW']
Niño de Elche,5IbUz6BcOu6IVY512oxavP,C. Tangana,5TYxZTjIPqKM8K8NuP9woO,1,['5ddFjrPG8NgQQ6xlOQIVd2']
C. Tangana,5TYxZTjIPqKM8K8NuP9woO,La Húngara,7xtnpHS34mLlxGZDVUBHSU,1,['5ddFjrPG8NgQQ6xlOQIVd2']
Niño de Elche,5IbUz6BcOu6IVY512oxavP,La Húngara,7xtnpHS34mLlxGZDVUBHSU,1,['5ddFjrPG8NgQQ6xlOQIVd2']
XXXTENTACION,15UsOTVnJzReFVN1VCnxy4,Rico Nasty,2OaHYHb2XcFPvqL3VsyPzU,1,['5dkZ2DrcPJrqwlRQe6Q35e']
Joji,3MZsBdqDrRTJihTHQrO6Dq,Omar Apollo,5FxD8fkQZ6KcsSYupDVoSO,1,['5dl8x4xLEzZC0f927WBTUG']
Quavo,0VRj0yCOv2FXJNP47XQnx5,Mustard,0YinUQ50QDB7ZxSCLyQ40k,1,['5duCElafuovM4ZSmkQL4hn']
YG,0A0FS04o6zMoto8OKPsDwY,Mustard,0YinUQ50QDB7ZxSCLyQ40k,1,['5duCElafuovM4ZSmkQL4hn']
Mustard,0YinUQ50QDB7ZxSCLyQ40k,Meek Mill,20sxb77xiYeusSH8cVdatc,1,['5duCElafuovM4ZSmkQL4hn']
YG,0A0FS04o6zMoto8OKPsDwY,Quavo,0VRj0yCOv2FXJNP47XQnx5,1,['5duCElafuovM4ZSmkQL4hn']
Quavo,0VRj0yCOv2FXJNP47XQnx5,Meek Mill,20sxb77xiYeusSH8cVdatc,1,['5duCElafuovM4ZSmkQL4hn']
YG,0A0FS04o6zMoto8OKPsDwY,Meek Mill,20sxb77xiYeusSH8cVdatc,1,['5duCElafuovM4ZSmkQL4hn']
Christina Aguilera,1l7ZsJRRS8wlW3WfJfPfNS,Ty Dolla $ign,7c0XG5cIJTrrAgEC3ULPiq,1,['5eQ9IwVa9EodrmIItRQpaA']
2 Chainz,17lzZA2AlOHwCwFALHttmp,Christina Aguilera,1l7ZsJRRS8wlW3WfJfPfNS,1,['5eQ9IwVa9EodrmIItRQpaA']
2 Chainz,17lzZA2AlOHwCwFALHttmp,Ty Dolla $ign,7c0XG5cIJTrrAgEC3ULPiq,2,"['5eQ9IwVa9EodrmIItRQpaA', '6H0AwSQ20mo62jGlPGB8S6']"
Ellie Goulding,0X2BH1fck6amBIoJhDVmmJ,Calvin Harris,7CajNmpbOovFoOoasH2HaY,2,"['5eTaQYBE1yrActixMAeLcZ', '7MmG8p0F9N3C4AXdK6o6Eb']"
Lil Durk,3hcs9uc56yIGFCSy9leWe7,Lil Uzi Vert,4O15NlyKLIASxsJ0PrXPfz,1,['5erLs80hB2TbFWgSAbVQpe']
MadeinTYO,5SyGEPymt1G2uto47tVWvZ,A$AP Ferg,5dHt1vcEm9qb8fCyLcB3HL,1,['5esKpsrB3TbGHwFaAjIGMx']
Nicki Minaj,0hCNtLu0JehylgoiP8L4Gh,MadeinTYO,5SyGEPymt1G2uto47tVWvZ,1,['5esKpsrB3TbGHwFaAjIGMx']
Swae Lee,1zNqQNIdeOUZHb8zbZRFMX,Kane Brown,3oSJ7TBVCWMDMiYjXNiCKE,1,['5f1joOtoMeyppIcJGZQvqJ']
Kane Brown,3oSJ7TBVCWMDMiYjXNiCKE,Khalid,6LuN9FCkKOj5PcnpouEgny,1,['5f1joOtoMeyppIcJGZQvqJ']
Swae Lee,1zNqQNIdeOUZHb8zbZRFMX,Khalid,6LuN9FCkKOj5PcnpouEgny,2,"['5f1joOtoMeyppIcJGZQvqJ', '5jyyPsIGM2yqkZN9R3TmvN']"
42 Dugg,45gHcnDnMC15sgx3VL7ROG,Tyler The Creator,4V8LLVI7PbaPR0K2TGSxFF,1,['5fbHRCsGpFIOLRtlhCRFDR']
Coldplay,4gzpq5DPGxSnKTe4SA8HAU,The Chainsmokers,69GGBxA162lTqCwzJG5jLp,2,"['5ffwnb6hqsKZp8cG6q90OW', '6RUKPb4LETWmmr3iAEQktW']"
Ed Maverick,3JSSjGYcIkgsrz7892CelT,C. Tangana,5TYxZTjIPqKM8K8NuP9woO,1,['5gEUDNQvoQjdjklrwPdGwD']
Quavo,0VRj0yCOv2FXJNP47XQnx5,DaBaby,4r63FhuTkUYltbVAg5TQnk,1,['5gNOINI5dXZVom2b36LMOd']
Wizkid,3tVQdUvClmAT7URs9V3rsp,Dave,6Ip8FS7vWT1uKkJSweANQK,1,['5gOtq0sKU24ZF8hnXlSp1V']
Kim Loaiza,1QivQCLVipV61DiQiyV14A,Jd Pantoja,7yjRUA0Iz3VI4Kqa5oPJZK,1,['5gc6e6b4ZLAxhLeVtgWe9c']
Yo Gotti,6Ha4aES39QiVjR0L2lwuwq,Chris Brown,7bXgB6jMjp9ATFy66eO08Z,1,['5gx2E5aIXMRBellPZW1up5']
A Boogie Wit da Hoodie,31W5EY0aAly4Qieq6OFu6I,Chris Brown,7bXgB6jMjp9ATFy66eO08Z,1,['5gx2E5aIXMRBellPZW1up5']
Kodak Black,46SHBwWsqBkxI7EeeBEQG7,Chris Brown,7bXgB6jMjp9ATFy66eO08Z,1,['5gx2E5aIXMRBellPZW1up5']
A Boogie Wit da Hoodie,31W5EY0aAly4Qieq6OFu6I,Yo Gotti,6Ha4aES39QiVjR0L2lwuwq,1,['5gx2E5aIXMRBellPZW1up5']
Kodak Black,46SHBwWsqBkxI7EeeBEQG7,Yo Gotti,6Ha4aES39QiVjR0L2lwuwq,1,['5gx2E5aIXMRBellPZW1up5']
Mac Miller,4LLpKhyESsyAXpc4laK94U,88-Keys,6RedK3o51NbUJuJxXlT4kj,1,['5h0Jgt873QtgL6nJRBGfT6']
Sia,5WUlDfRSoLAfcVSX1WnrxN,88-Keys,6RedK3o51NbUJuJxXlT4kj,1,['5h0Jgt873QtgL6nJRBGfT6']
Mac Miller,4LLpKhyESsyAXpc4laK94U,Sia,5WUlDfRSoLAfcVSX1WnrxN,1,['5h0Jgt873QtgL6nJRBGfT6']
Maluma,1r4hJ1h58CWwUQe3MxPuau,Piso 21,4bw2Am3p9ji3mYsXNXtQcd,2,"['5hEM0JchdVzQ5PwvSfITeX', '69Y5IZuBvGyzySFt5x7kCq']"
Rita Ora,5CCwRZC6euC8Odo6y9X8jr,Liam Payne,5pUo3fmmHT8bhCyHE52hA6,1,['5hM6sP0Gh1jD57drszNueC']
Prince Royce,3MHaV05u0io8fQbZ2XPtlC,Bad Bunny,4q3ewBCX7sLwd24euuV69X,1,['5hcisvFMidkMJlElTO9Qmw']
J Balvin,1vyhD5VmyZ7KMfW5gqLgo5,Prince Royce,3MHaV05u0io8fQbZ2XPtlC,1,['5hcisvFMidkMJlElTO9Qmw']
Mambo Kingz,2T1aUibqR2QC2sINIDQOAK,Prince Royce,3MHaV05u0io8fQbZ2XPtlC,2,"['5hcisvFMidkMJlElTO9Qmw', '7dNwJbsT0sg1le5kVugGJb']"
Prince Royce,3MHaV05u0io8fQbZ2XPtlC,DJ Luian,64aJYyrXljOodnUG6jvhRD,2,"['5hcisvFMidkMJlElTO9Qmw', '7dNwJbsT0sg1le5kVugGJb']"
J Balvin,1vyhD5VmyZ7KMfW5gqLgo5,Mambo Kingz,2T1aUibqR2QC2sINIDQOAK,1,['5hcisvFMidkMJlElTO9Qmw']
J Balvin,1vyhD5VmyZ7KMfW5gqLgo5,DJ Luian,64aJYyrXljOodnUG6jvhRD,1,['5hcisvFMidkMJlElTO9Qmw']
Mata,0MIG6gMcQTSvFbKvUwK0id,Pedro,2LI7lXaNJU420lffFWJUcT,1,['5hfJcAXpOVb65HtYqgtoE4']
Mata,0MIG6gMcQTSvFbKvUwK0id,francis,6HdxibJzoNkDUUDHagx3Ko,1,['5hfJcAXpOVb65HtYqgtoE4']
Pedro,2LI7lXaNJU420lffFWJUcT,francis,6HdxibJzoNkDUUDHagx3Ko,1,['5hfJcAXpOVb65HtYqgtoE4']
Lil Yachty,6icQOAFXDZKsumw3YXyusw,Migos,6oMuImdp5ZcFhWP0ESe6mG,1,['5hx4FpDZOnDVYlyoG3rMks']
Sebastian Yatra,07YUOmWljBTXwIseAUd9TW,Nacho,2ayNSoKPCRAfjp6hQ76hRu,1,['5i50gKdLAjjIr7UxRT5IVy']
Sebastian Yatra,07YUOmWljBTXwIseAUd9TW,Wisin,3E6xrwgnVfYCrCs0ePERDz,1,['5i50gKdLAjjIr7UxRT5IVy']
Nacho,2ayNSoKPCRAfjp6hQ76hRu,Wisin,3E6xrwgnVfYCrCs0ePERDz,1,['5i50gKdLAjjIr7UxRT5IVy']
Anderson .Paak,3jK9MiCrA42lLAdMGUZpwa,Mac Miller,4LLpKhyESsyAXpc4laK94U,1,['5iUQMwxUPdJBFeGkePtM66']
Mike WiLL Made-It,0NWbwDZY1VkRqFafuQm6wk,Nicki Minaj,0hCNtLu0JehylgoiP8L4Gh,1,['5iZ5wjTTxSIv8Cfrhj6Jla']
Mike WiLL Made-It,0NWbwDZY1VkRqFafuQm6wk,YoungBoy Never Broke Again,7wlFDEWiM5OoIAt8RSli8b,1,['5iZ5wjTTxSIv8Cfrhj6Jla']
Nicki Minaj,0hCNtLu0JehylgoiP8L4Gh,YoungBoy Never Broke Again,7wlFDEWiM5OoIAt8RSli8b,1,['5iZ5wjTTxSIv8Cfrhj6Jla']
CHVRCHES,3CjlHNtplJyTf9npxaPl5w,Marshmello,64KEffDW9EtZ1y2vBYgq8T,1,['5icOoE6VgqFKohjWWNp0Ac']
Rag'n'Bone Man,4f9iBmdUOhQWeP7dcAn1pf,Calvin Harris,7CajNmpbOovFoOoasH2HaY,1,['5itOtNx0WxtJmi1TQ3RuRd']
Farruko,329e4yvIujISKGKz1BZZbO,Pedro Capó,4QVBYiagIaa6ZGSPMbybpy,1,['5iwz1NiezX7WWjnCgY5TH4']
Bad Bunny,4q3ewBCX7sLwd24euuV69X,Diplo,5fMUXHkw8R8eOP2RNVYEZX,1,['5jGUJXnELDaDTgiRjD9lsg']
ABRA,3ZJxEmjYZd5VOqZ8o3aXiL,Bad Bunny,4q3ewBCX7sLwd24euuV69X,1,['5jZ32WOU7sqzDYbzINwMUk']
The Drifters,1FqqOl9itIUpXr4jZPIVoT,Clyde McPhatter,4WL6MC4jDW7w7K9hfc4MVS,1,['5ja4ZRGHfDpEJf6RxqVx3v']
Mora,0Q8NcsJwoCbZOHHW63su5S,JHAYCO,6nVcHLIgY5pE2YCl8ubca1,1,['5jzEwSyyymBlf1fa1o39T2']
G-Eazy,02kJSzxNuaWGqwubyUba0Z,Halsey,26VFTg2z8YR0cCuwLzESi2,1,['5k38wzpLb15YgncyWdTZE4']
Anne-Marie,1zNqDE7qDGCsyzJwohVaoX,Clean Bandit,6MDME20pz9RveH9rEXvrOM,1,['5knuzwU65gJK7IF5yJsuaW']
Sean Paul,3Isy6kedDrgPYoTS1dazA9,Clean Bandit,6MDME20pz9RveH9rEXvrOM,1,['5knuzwU65gJK7IF5yJsuaW']
Anne-Marie,1zNqDE7qDGCsyzJwohVaoX,Sean Paul,3Isy6kedDrgPYoTS1dazA9,1,['5knuzwU65gJK7IF5yJsuaW']
Luis R Conriquez,0pePYDrJGk8gqMRbXrLJC8,La Adictiva,49EE6lVLgU8sp7dFgPshgM,1,['5kpxVMDvYGRmNqawPqDTYR']
Justin Timberlake,31TPClRtHm23RisEBtV3X7,Calvin Harris,7CajNmpbOovFoOoasH2HaY,2,"['5lfWrciYtohtIMVDVZd0Rf', '6clzeGvi1CFioMOolbAOlX']"
Halsey,26VFTg2z8YR0cCuwLzESi2,Calvin Harris,7CajNmpbOovFoOoasH2HaY,2,"['5lfWrciYtohtIMVDVZd0Rf', '6clzeGvi1CFioMOolbAOlX']"
Halsey,26VFTg2z8YR0cCuwLzESi2,Justin Timberlake,31TPClRtHm23RisEBtV3X7,2,"['5lfWrciYtohtIMVDVZd0Rf', '6clzeGvi1CFioMOolbAOlX']"
Pharrell Williams,2RdwBSPQiwcmiDo9kixcl8,Justin Timberlake,31TPClRtHm23RisEBtV3X7,2,"['5lfWrciYtohtIMVDVZd0Rf', '6clzeGvi1CFioMOolbAOlX']"
Halsey,26VFTg2z8YR0cCuwLzESi2,Pharrell Williams,2RdwBSPQiwcmiDo9kixcl8,2,"['5lfWrciYtohtIMVDVZd0Rf', '6clzeGvi1CFioMOolbAOlX']"
Cordae,0huGjMyP507tBCARyzSkrv,Anderson .Paak,3jK9MiCrA42lLAdMGUZpwa,1,['5lw8Mgb4LyhriPIC86gV6e']
Sebastian Yatra,07YUOmWljBTXwIseAUd9TW,Luis Fonsi,4V8Sr092TqfHkfAA5fXXqG,1,['5lwVd35Zg6DJ4qibVMq99H']
Nicky Jam,1SupJlEpv7RS2tPNRaHViT,Luis Fonsi,4V8Sr092TqfHkfAA5fXXqG,1,['5lwVd35Zg6DJ4qibVMq99H']
Sebastian Yatra,07YUOmWljBTXwIseAUd9TW,Nicky Jam,1SupJlEpv7RS2tPNRaHViT,1,['5lwVd35Zg6DJ4qibVMq99H']
Lauren Jauregui,3J0BpFVUc9LeOIVeN5uNhU,Steve Aoki,77AiFEVeAVj2ORpC85QVJs,1,['5mAxA6Q1SIym6dPNiFLUyd']
Black Thought,6DJEUXZm0e2rAohdoZ5Voo,Eminem,7dGJo4pcD2V6oG8kP0tJRR,1,['5mZXWEH2eh8zMZGCxT5aW0']
Q-Tip,3ZotbHeyVQKxQCPDJuQ4SU,Eminem,7dGJo4pcD2V6oG8kP0tJRR,1,['5mZXWEH2eh8zMZGCxT5aW0']
Denaun,1WjexdTcXHgvlVIPCE8D1Q,Eminem,7dGJo4pcD2V6oG8kP0tJRR,1,['5mZXWEH2eh8zMZGCxT5aW0']
Black Thought,6DJEUXZm0e2rAohdoZ5Voo,"Royce Da 5'9""",6DVipHzYsPlIoA0DW8Gmns,1,['5mZXWEH2eh8zMZGCxT5aW0']
Q-Tip,3ZotbHeyVQKxQCPDJuQ4SU,"Royce Da 5'9""",6DVipHzYsPlIoA0DW8Gmns,1,['5mZXWEH2eh8zMZGCxT5aW0']
Denaun,1WjexdTcXHgvlVIPCE8D1Q,"Royce Da 5'9""",6DVipHzYsPlIoA0DW8Gmns,1,['5mZXWEH2eh8zMZGCxT5aW0']
Q-Tip,3ZotbHeyVQKxQCPDJuQ4SU,Black Thought,6DJEUXZm0e2rAohdoZ5Voo,1,['5mZXWEH2eh8zMZGCxT5aW0']
Denaun,1WjexdTcXHgvlVIPCE8D1Q,Black Thought,6DJEUXZm0e2rAohdoZ5Voo,1,['5mZXWEH2eh8zMZGCxT5aW0']
Denaun,1WjexdTcXHgvlVIPCE8D1Q,Q-Tip,3ZotbHeyVQKxQCPDJuQ4SU,1,['5mZXWEH2eh8zMZGCxT5aW0']
Daddy Yankee,4VMYDCV2IEDYJArk749S6m,Chino & Nacho,5NS0854TqZQVoRmJKSWtFZ,1,['5mey7CLLuFToM2P68Qu1gF']
Diplo,5fMUXHkw8R8eOP2RNVYEZX,French Montana,6vXTefBL93Dj5IqAWq6OTv,1,['5mqzhMuUpvnMfwNz6iepmO']
Lil Pump,3wyVrVrFCkukjdVIdirGVY,Diplo,5fMUXHkw8R8eOP2RNVYEZX,1,['5mqzhMuUpvnMfwNz6iepmO']
Zhavia,1CO6e7WRJvSFenmQO8n64C,Diplo,5fMUXHkw8R8eOP2RNVYEZX,1,['5mqzhMuUpvnMfwNz6iepmO']
Lil Pump,3wyVrVrFCkukjdVIdirGVY,French Montana,6vXTefBL93Dj5IqAWq6OTv,1,['5mqzhMuUpvnMfwNz6iepmO']
Zhavia,1CO6e7WRJvSFenmQO8n64C,French Montana,6vXTefBL93Dj5IqAWq6OTv,1,['5mqzhMuUpvnMfwNz6iepmO']
Zhavia,1CO6e7WRJvSFenmQO8n64C,Lil Pump,3wyVrVrFCkukjdVIdirGVY,1,['5mqzhMuUpvnMfwNz6iepmO']
Gemitaiz,4upwdFMlZBmQ68jP9jPzjK,MACHETE,7Do8se3ZoaVqUt3woqqSrD,1,['5nFX29WZIulql4m4ic0KRw']
Izi,6289Bbkkk3gaCbh1K7Rv8F,MACHETE,7Do8se3ZoaVqUt3woqqSrD,1,['5nFX29WZIulql4m4ic0KRw']
Gemitaiz,4upwdFMlZBmQ68jP9jPzjK,Izi,6289Bbkkk3gaCbh1K7Rv8F,1,['5nFX29WZIulql4m4ic0KRw']
Salmo,3hBQ4zniNdQf1cqqo6hzuW,Izi,6289Bbkkk3gaCbh1K7Rv8F,1,['5nFX29WZIulql4m4ic0KRw']
Kehlani,0cGUm45nv7Z6M6qdXYQGTX,Hayley Kiyoko,3LjhVl7GzYsza1biQjTpaN,1,['5nFyaoBWwwMJ9fv33tZ2MB']
Topic,0u6GtibW46tFX7koQ6uNJZ,HUGEL,5PlfkPxwCpRRWQJBxCa0By,1,['5nPbKG04fhLkIAjcPFaZq7']
HUGEL,5PlfkPxwCpRRWQJBxCa0By,Arash,7hQmAXAzWI6D350VTgkKTG,1,['5nPbKG04fhLkIAjcPFaZq7']
Daecolm,1IFAU4mznUcfPVP9z2c24N,HUGEL,5PlfkPxwCpRRWQJBxCa0By,1,['5nPbKG04fhLkIAjcPFaZq7']
Topic,0u6GtibW46tFX7koQ6uNJZ,Arash,7hQmAXAzWI6D350VTgkKTG,1,['5nPbKG04fhLkIAjcPFaZq7']
Topic,0u6GtibW46tFX7koQ6uNJZ,Daecolm,1IFAU4mznUcfPVP9z2c24N,1,['5nPbKG04fhLkIAjcPFaZq7']
Daecolm,1IFAU4mznUcfPVP9z2c24N,Arash,7hQmAXAzWI6D350VTgkKTG,1,['5nPbKG04fhLkIAjcPFaZq7']
Martin Solveig,1bj5GrcLom5gZFF5t949Xl,Jax Jones,4Q6nIcaBED8qUel8bBx6Cr,1,['5naYe7rLMZcLfO1DKg48MK']
Madison Beer,2kRfqPViCqYdSGhYSM9R0Q,Jax Jones,4Q6nIcaBED8qUel8bBx6Cr,1,['5naYe7rLMZcLfO1DKg48MK']
Europa,2NlKrNMdpYxGjt3Pvw87rC,Jax Jones,4Q6nIcaBED8qUel8bBx6Cr,1,['5naYe7rLMZcLfO1DKg48MK']
Martin Solveig,1bj5GrcLom5gZFF5t949Xl,Madison Beer,2kRfqPViCqYdSGhYSM9R0Q,1,['5naYe7rLMZcLfO1DKg48MK']
Martin Solveig,1bj5GrcLom5gZFF5t949Xl,Europa,2NlKrNMdpYxGjt3Pvw87rC,1,['5naYe7rLMZcLfO1DKg48MK']
Europa,2NlKrNMdpYxGjt3Pvw87rC,Madison Beer,2kRfqPViCqYdSGhYSM9R0Q,1,['5naYe7rLMZcLfO1DKg48MK']
DaBaby,4r63FhuTkUYltbVAg5TQnk,Dua Lipa,6M2wZ9GZgrQXHCFfjv46we,1,['5nujrmhLynf4yMoMtj8AQF']
SUGA,0ebNdVaOfp6N0oZ1guIxM8,PSY,2dd5mrQZvg6SmahdgVKDzh,1,['5oH4DQAuu1J1800RzUsBWa']
Villano Antillano,1pi7nGhOM7PTHR5YEgXVGq,Sevdaliza,5MraexJKZDrQYzS98kNwie,1,['5oYVxFt2k4SkVp6wzVsFWN']
Tokischa,2p4aN0Uxkk3iT3HK0cJ2cJ,Sevdaliza,5MraexJKZDrQYzS98kNwie,1,['5oYVxFt2k4SkVp6wzVsFWN']
Villano Antillano,1pi7nGhOM7PTHR5YEgXVGq,Tokischa,2p4aN0Uxkk3iT3HK0cJ2cJ,1,['5oYVxFt2k4SkVp6wzVsFWN']
Zion,1pgDilWYDWLoOgGjf1iHNu,Anuel AA,2R21vXR83lH98kGeO99Y66,2,"['5p3JJehpKHjr9pJT5eD2Lz', '6XBjCetHKdO5L9cwMDVffw']"
X Ambassadors,3NPpFNZtSTHheNBaWC82rB,Eminem,7dGJo4pcD2V6oG8kP0tJRR,1,['5p9ufaI7TwrlXtmiKCz3q3']
Analaga,4LTPxLxjiT5pzYd5WZAR3v,João Gustavo e Murilo,6xerOqBLmelL3xZNZkVbGl,1,['5pRGXCDY0eT6R1QicAn7Uk']
ELENA ROSE,0zO8yNnw5GQgutcIyXfGBY,Boza,2NfSBtmWe7oPw1EmetJVso,1,['5pVJ3IlnpIorU44oXizzG5']
Vice,0q4NrXqJnc367PieejuROJ,Jon Bellion,50JJSqHUf2RQ9xsHs0KMHg,1,['5pvVAwQbuFoR7LkcicrKnk']
Zion & Lennox,21451j1KhjAiaYKflxBjr1,Anuel AA,2R21vXR83lH98kGeO99Y66,1,['5q2JbCNi4FcnglgPfxcV65']
Zion & Lennox,21451j1KhjAiaYKflxBjr1,Daddy Yankee,4VMYDCV2IEDYJArk749S6m,1,['5q2JbCNi4FcnglgPfxcV65']
Wisin,3E6xrwgnVfYCrCs0ePERDz,Daddy Yankee,4VMYDCV2IEDYJArk749S6m,1,['5q2JbCNi4FcnglgPfxcV65']
Zion & Lennox,21451j1KhjAiaYKflxBjr1,Wisin,3E6xrwgnVfYCrCs0ePERDz,1,['5q2JbCNi4FcnglgPfxcV65']
Farruko,329e4yvIujISKGKz1BZZbO,Wisin,3E6xrwgnVfYCrCs0ePERDz,1,['5q2JbCNi4FcnglgPfxcV65']
Agust D,5RmQ8k4l3HZ8JoPb4mNsML,Kim Jong Wan of NELL,7ksQJtsXSRSrI5306UwIgH,1,['5qJF3xMbNjsPuqQDRkfUl1']
RAF Camora,0Dvx6p8JDyzeOPGmaCIH1L,Ski Aggu,6CP5wWvO8oIxedESJNCN4H,1,['5qQLBOEAelSN7JWqX3RIIv']
Future,1RyvyyTE3xzB2ZywiAwp0i,KSI,1nzgtKYFckznkcVMR3Gg4z,1,['5qR6mlCWqzHMi1b1S8TrBB']
21 Savage,1URnnhqYAYcrqrcwql10ft,KSI,1nzgtKYFckznkcVMR3Gg4z,1,['5qR6mlCWqzHMi1b1S8TrBB']
Swae Lee,1zNqQNIdeOUZHb8zbZRFMX,Anitta,7FNnA9vBm6EKceENgCGRMb,1,['5qm2otRZaeZaqdLVVohUjq']
5 Seconds of Summer,5Rl15oVamLq7FbSb0NNBNy,The Chainsmokers,69GGBxA162lTqCwzJG5jLp,1,['5rAtoPMDrOFN5wLdM6YmRx']
DaBaby,4r63FhuTkUYltbVAg5TQnk,London On Da Track,5Nf5yishRW9Ye174sJISkg,1,['5rFGVn8fCFjnRwCebW0XbS']
A Boogie Wit da Hoodie,31W5EY0aAly4Qieq6OFu6I,London On Da Track,5Nf5yishRW9Ye174sJISkg,2,"['5rFGVn8fCFjnRwCebW0XbS', '733c1CWmIGymoQXdp7Us88']"
Pop Smoke,0eDvMgVFoNV3TpwtrVCoTj,Migos,6oMuImdp5ZcFhWP0ESe6mG,1,['5rIjbX7rQMj8Gh9Oxd4Vrc']
Meek Mill,20sxb77xiYeusSH8cVdatc,NAV,7rkW85dBwwrJtlHRDkJDAC,1,['5rU6kDNXZLXIinFezpbWbO']
Rich Brian,2IDLDx25HU1nQMKde4n61a,bbno$,41X1TR6hrK8Q2ZCpp2EqCz,1,['5rW7qTn83sCKtqBoneJs63']
USHER,23zg3TcAtWQy7J6upgbUnj,Lil Jon,7sfl4Xt5KmfyDs2T3SVSMK,1,['5rb9QrpfcKFHM1EUbSIurX']
USHER,23zg3TcAtWQy7J6upgbUnj,Ludacris,3ipn9JLAPI5GUEo4y4jcoi,1,['5rb9QrpfcKFHM1EUbSIurX']
Ludacris,3ipn9JLAPI5GUEo4y4jcoi,Lil Jon,7sfl4Xt5KmfyDs2T3SVSMK,1,['5rb9QrpfcKFHM1EUbSIurX']
Vicente Garcia,2Otnykd696YidQYfEGVmNq,Monsieur Periné,36KsCCwgI0Dep97yVJWmkK,1,['5reQI13tWWYDLMrGcUF4Mk']
Metro Boomin,0iEtIxbK0KxaSlF7G42ZOp,NAV,7rkW85dBwwrJtlHRDkJDAC,1,['5rurggqwwudn9clMdcchxT']
Metro Boomin,0iEtIxbK0KxaSlF7G42ZOp,A Boogie Wit da Hoodie,31W5EY0aAly4Qieq6OFu6I,1,['5rurggqwwudn9clMdcchxT']
Swae Lee,1zNqQNIdeOUZHb8zbZRFMX,NAV,7rkW85dBwwrJtlHRDkJDAC,1,['5rurggqwwudn9clMdcchxT']
Swae Lee,1zNqQNIdeOUZHb8zbZRFMX,A Boogie Wit da Hoodie,31W5EY0aAly4Qieq6OFu6I,1,['5rurggqwwudn9clMdcchxT']
Internet Money,6MPCFvOQv5cIGfw3jODMF0,Roddy Ricch,757aE44tKEUQEqRuT6GnEB,1,['5sBplhIrmzA4kQGyIOpmDf']
Don Toliver,4Gso3d4CscCijv0lmajZWs,Roddy Ricch,757aE44tKEUQEqRuT6GnEB,1,['5sBplhIrmzA4kQGyIOpmDf']
Gucci Mane,13y7CgLHjMVRMDqxdx0Xdo,Logic,4xRYI6VqpkE3UwrDrAZL8L,1,['5sCwso3aURYAdieWEFI1nE']
Jorge & Mateus,1elUiq4X7pxej6FRlrEzjM,Henrique & Juliano,3p7PcrEHaaKLJnPUGOtRlT,1,['5sKGmZDmkGwFed5dPpZpZL']
JAY-Z,3nFkdlSjzX9mRTtwJOzDYB,Linkin Park,6XyY86QOPPrYVGvF9ch6wz,1,['5sNESr6pQfIhL3krM8CtZn']
Madison Beer,2kRfqPViCqYdSGhYSM9R0Q,K/DA,4gOc8TsQed9eqnqJct2c5v,2,"['5sbooPcNgIE22DwO0VNGUJ', '6juLaduD4STCUDWT0AYun4']"
Jaira Burns,0tRFWXqKBBQcu5oFVOgVzX,K/DA,4gOc8TsQed9eqnqJct2c5v,2,"['5sbooPcNgIE22DwO0VNGUJ', '6juLaduD4STCUDWT0AYun4']"
(G)I-DLE,2AfmfGFbe0A0WsTYm0SDTx,Madison Beer,2kRfqPViCqYdSGhYSM9R0Q,2,"['5sbooPcNgIE22DwO0VNGUJ', '6juLaduD4STCUDWT0AYun4']"
Jaira Burns,0tRFWXqKBBQcu5oFVOgVzX,Madison Beer,2kRfqPViCqYdSGhYSM9R0Q,2,"['5sbooPcNgIE22DwO0VNGUJ', '6juLaduD4STCUDWT0AYun4']"
Madison Beer,2kRfqPViCqYdSGhYSM9R0Q,League of Legends,47mIJdHORyRerp4os813jD,2,"['5sbooPcNgIE22DwO0VNGUJ', '6juLaduD4STCUDWT0AYun4']"
Jaira Burns,0tRFWXqKBBQcu5oFVOgVzX,(G)I-DLE,2AfmfGFbe0A0WsTYm0SDTx,2,"['5sbooPcNgIE22DwO0VNGUJ', '6juLaduD4STCUDWT0AYun4']"
Jaira Burns,0tRFWXqKBBQcu5oFVOgVzX,League of Legends,47mIJdHORyRerp4os813jD,2,"['5sbooPcNgIE22DwO0VNGUJ', '6juLaduD4STCUDWT0AYun4']"
Gucci Mane,13y7CgLHjMVRMDqxdx0Xdo,Bebe Rexha,64M6ah0SkkRsnPGtGiRAbb,1,['5smaUuzvwMXtiuBPvzVBLE']
2 Chainz,17lzZA2AlOHwCwFALHttmp,Bebe Rexha,64M6ah0SkkRsnPGtGiRAbb,1,['5smaUuzvwMXtiuBPvzVBLE']
Dalex,0KPX4Ucy9dk82uj4GpKesn,Chencho Corleone,37230BxxYs9ksS7OkZw3IU,2,"['5stPVcRqb4qixbafP9e8lt', '74j34STf8L6uADnTN69ohv']"
Dalex,0KPX4Ucy9dk82uj4GpKesn,Juhn,2LmcxBak1alK1bf7d1beTr,1,['5stPVcRqb4qixbafP9e8lt']
Lenny Tavárez,1pQWsZQehhS4wavwh7Fnxd,Chencho Corleone,37230BxxYs9ksS7OkZw3IU,1,['5stPVcRqb4qixbafP9e8lt']
Lenny Tavárez,1pQWsZQehhS4wavwh7Fnxd,Juhn,2LmcxBak1alK1bf7d1beTr,2,"['5stPVcRqb4qixbafP9e8lt', '7cx9L3i88euMfx1oNCqDAD']"
Juhn,2LmcxBak1alK1bf7d1beTr,Chencho Corleone,37230BxxYs9ksS7OkZw3IU,1,['5stPVcRqb4qixbafP9e8lt']
Chencho Corleone,37230BxxYs9ksS7OkZw3IU,Dímelo Flow,3fZk3Gm5dN5v5yfYMQ04Bx,1,['5stPVcRqb4qixbafP9e8lt']
Juhn,2LmcxBak1alK1bf7d1beTr,Dímelo Flow,3fZk3Gm5dN5v5yfYMQ04Bx,1,['5stPVcRqb4qixbafP9e8lt']
Wiz Khalifa,137W8MRPWKqSmrBGDBFSop,Gucci Mane,13y7CgLHjMVRMDqxdx0Xdo,1,['5t8djD6oZcfAyqF4cTQfFb']
Lil Uzi Vert,4O15NlyKLIASxsJ0PrXPfz,Young Nudy,5yPzzu25VzEk8qrGTLIrE1,1,['5tBdxqz8gauIO8Hh8qwo0H']
Gucci Mane,13y7CgLHjMVRMDqxdx0Xdo,Drake,3TVXtAsR1Inumwj472S9r4,1,['5tFep7dXGd7vEJ668wTPux']
Robin Schulz,3t5xRXzsuZmMDkQzgOX35S,Francesco Yates,5X1JzPIIonP3u9lA580pPT,1,['5tf1VVWniHgryyumXyJM7w']
Gunna,2hlmm7s2ICUX0LVIhVFlZQ,G Herbo,5QdEbQJ3ylBnc3gsIASAT5,1,['5ts6i8uvQcihNqmUcxRMFk']
Mc IG,2q9wk5fkeU2C9CgCKdh4AN,Oruam,4yGgbQJMq9orWypwqtdzYT,1,['5tsKgj1Xbk5bL7t3QiPWOR']
Mc Poze do Rodo,28ie4NNTa2VW2QV4Zray8M,Mc IG,2q9wk5fkeU2C9CgCKdh4AN,1,['5tsKgj1Xbk5bL7t3QiPWOR']
Mc IG,2q9wk5fkeU2C9CgCKdh4AN,MC Nego Micha,6SsSYKLEsf8EfDbFAi5GET,1,['5tsKgj1Xbk5bL7t3QiPWOR']
Oruam,4yGgbQJMq9orWypwqtdzYT,MC Ryan SP,75i9GaW2MJUgt4BkdUnuUY,1,['5tsKgj1Xbk5bL7t3QiPWOR']
Mc Poze do Rodo,28ie4NNTa2VW2QV4Zray8M,MC Ryan SP,75i9GaW2MJUgt4BkdUnuUY,1,['5tsKgj1Xbk5bL7t3QiPWOR']
MC Nego Micha,6SsSYKLEsf8EfDbFAi5GET,MC Ryan SP,75i9GaW2MJUgt4BkdUnuUY,1,['5tsKgj1Xbk5bL7t3QiPWOR']
Murillo e LT no Beat,0KcbRunfjZHfwEnEgd1Dy6,MC Ryan SP,75i9GaW2MJUgt4BkdUnuUY,1,['5tsKgj1Xbk5bL7t3QiPWOR']
MC PH,4PLdCloYxu2bMKfuuB9lI5,Oruam,4yGgbQJMq9orWypwqtdzYT,1,['5tsKgj1Xbk5bL7t3QiPWOR']
Mc Poze do Rodo,28ie4NNTa2VW2QV4Zray8M,Oruam,4yGgbQJMq9orWypwqtdzYT,1,['5tsKgj1Xbk5bL7t3QiPWOR']
Oruam,4yGgbQJMq9orWypwqtdzYT,MC GP,5s27i7oqhNWIcE4HeoVdq0,1,['5tsKgj1Xbk5bL7t3QiPWOR']
TrapLaudo,39QiJaZ1HzRcpY9xlMKCsF,Oruam,4yGgbQJMq9orWypwqtdzYT,1,['5tsKgj1Xbk5bL7t3QiPWOR']
Mc Luki,3I44LJGCaI0gSPPz3n16xn,Oruam,4yGgbQJMq9orWypwqtdzYT,1,['5tsKgj1Xbk5bL7t3QiPWOR']
Oruam,4yGgbQJMq9orWypwqtdzYT,MC GH do 7,5XUMgbLR3zyRPesnTQY31C,1,['5tsKgj1Xbk5bL7t3QiPWOR']
Oruam,4yGgbQJMq9orWypwqtdzYT,MC Nego Micha,6SsSYKLEsf8EfDbFAi5GET,1,['5tsKgj1Xbk5bL7t3QiPWOR']
Murillo e LT no Beat,0KcbRunfjZHfwEnEgd1Dy6,Oruam,4yGgbQJMq9orWypwqtdzYT,1,['5tsKgj1Xbk5bL7t3QiPWOR']
Mc Poze do Rodo,28ie4NNTa2VW2QV4Zray8M,MC PH,4PLdCloYxu2bMKfuuB9lI5,1,['5tsKgj1Xbk5bL7t3QiPWOR']
MC PH,4PLdCloYxu2bMKfuuB9lI5,MC Nego Micha,6SsSYKLEsf8EfDbFAi5GET,1,['5tsKgj1Xbk5bL7t3QiPWOR']
Murillo e LT no Beat,0KcbRunfjZHfwEnEgd1Dy6,MC PH,4PLdCloYxu2bMKfuuB9lI5,1,['5tsKgj1Xbk5bL7t3QiPWOR']
Mc Poze do Rodo,28ie4NNTa2VW2QV4Zray8M,MC GP,5s27i7oqhNWIcE4HeoVdq0,1,['5tsKgj1Xbk5bL7t3QiPWOR']
Mc Poze do Rodo,28ie4NNTa2VW2QV4Zray8M,TrapLaudo,39QiJaZ1HzRcpY9xlMKCsF,1,['5tsKgj1Xbk5bL7t3QiPWOR']
Mc Poze do Rodo,28ie4NNTa2VW2QV4Zray8M,Mc Luki,3I44LJGCaI0gSPPz3n16xn,1,['5tsKgj1Xbk5bL7t3QiPWOR']
Mc Poze do Rodo,28ie4NNTa2VW2QV4Zray8M,MC GH do 7,5XUMgbLR3zyRPesnTQY31C,1,['5tsKgj1Xbk5bL7t3QiPWOR']
Mc Poze do Rodo,28ie4NNTa2VW2QV4Zray8M,MC Nego Micha,6SsSYKLEsf8EfDbFAi5GET,1,['5tsKgj1Xbk5bL7t3QiPWOR']
Murillo e LT no Beat,0KcbRunfjZHfwEnEgd1Dy6,Mc Poze do Rodo,28ie4NNTa2VW2QV4Zray8M,1,['5tsKgj1Xbk5bL7t3QiPWOR']
MC GP,5s27i7oqhNWIcE4HeoVdq0,MC Nego Micha,6SsSYKLEsf8EfDbFAi5GET,1,['5tsKgj1Xbk5bL7t3QiPWOR']
Murillo e LT no Beat,0KcbRunfjZHfwEnEgd1Dy6,MC GP,5s27i7oqhNWIcE4HeoVdq0,1,['5tsKgj1Xbk5bL7t3QiPWOR']
TrapLaudo,39QiJaZ1HzRcpY9xlMKCsF,MC Nego Micha,6SsSYKLEsf8EfDbFAi5GET,1,['5tsKgj1Xbk5bL7t3QiPWOR']
Murillo e LT no Beat,0KcbRunfjZHfwEnEgd1Dy6,TrapLaudo,39QiJaZ1HzRcpY9xlMKCsF,1,['5tsKgj1Xbk5bL7t3QiPWOR']
Mc Luki,3I44LJGCaI0gSPPz3n16xn,MC Nego Micha,6SsSYKLEsf8EfDbFAi5GET,1,['5tsKgj1Xbk5bL7t3QiPWOR']
Murillo e LT no Beat,0KcbRunfjZHfwEnEgd1Dy6,Mc Luki,3I44LJGCaI0gSPPz3n16xn,1,['5tsKgj1Xbk5bL7t3QiPWOR']
MC GH do 7,5XUMgbLR3zyRPesnTQY31C,MC Nego Micha,6SsSYKLEsf8EfDbFAi5GET,1,['5tsKgj1Xbk5bL7t3QiPWOR']
Murillo e LT no Beat,0KcbRunfjZHfwEnEgd1Dy6,MC GH do 7,5XUMgbLR3zyRPesnTQY31C,1,['5tsKgj1Xbk5bL7t3QiPWOR']
Murillo e LT no Beat,0KcbRunfjZHfwEnEgd1Dy6,MC Nego Micha,6SsSYKLEsf8EfDbFAi5GET,1,['5tsKgj1Xbk5bL7t3QiPWOR']
Alessia Cara,2wUjUUtkb5lvLKcGKsKqsR,Logic,4xRYI6VqpkE3UwrDrAZL8L,1,['5tz69p7tJuGPeMGwNTxYuV']
Logic,4xRYI6VqpkE3UwrDrAZL8L,Khalid,6LuN9FCkKOj5PcnpouEgny,1,['5tz69p7tJuGPeMGwNTxYuV']
Alessia Cara,2wUjUUtkb5lvLKcGKsKqsR,Khalid,6LuN9FCkKOj5PcnpouEgny,1,['5tz69p7tJuGPeMGwNTxYuV']
J. Davi$,1rs3y69kDwkIdGJcOYngQt,Rob $tone,2hWs22BmQkK4czFtDLnar2,1,['5uDASfU19gDxSjW8cnCaBp']
Rob $tone,2hWs22BmQkK4czFtDLnar2,J Spooks,36Tn5h23ysORlLKc42UXfe,1,['5uDASfU19gDxSjW8cnCaBp']
J. Davi$,1rs3y69kDwkIdGJcOYngQt,J Spooks,36Tn5h23ysORlLKc42UXfe,1,['5uDASfU19gDxSjW8cnCaBp']
Travis Scott,0Y5tJX1MQlPlqiwlOH1tJY,HVME,2o08sCWF5yyo2G4DCiT7T9,1,['5uEYRdEIh9Bo4fpjDd4Na9']
DJ Robin,06VwNCd4PPAxBuxheaf5bz,Schürze,3S46qb1V62vKdGl1sR6LEQ,1,['5ucyKDPjLpYLGadsRO1wSB']
Travis Scott,0Y5tJX1MQlPlqiwlOH1tJY,Pharrell Williams,2RdwBSPQiwcmiDo9kixcl8,1,['5unjCay0kUjuej5ebn4nS4']
Fetty Wap,6PXS4YHDkKvl1wkIl4V8DL,Cheat Codes,7DMveApC7UnC2NPfPvlHSU,1,['5uu28fUesZMl89lf9CLrgN']
CVBZ,0pt7PX4Hftlg8mV1ySU84Q,Cheat Codes,7DMveApC7UnC2NPfPvlHSU,1,['5uu28fUesZMl89lf9CLrgN']
CVBZ,0pt7PX4Hftlg8mV1ySU84Q,Fetty Wap,6PXS4YHDkKvl1wkIl4V8DL,1,['5uu28fUesZMl89lf9CLrgN']
Megan Thee Stallion,181bsRPaVXVlUKXrxwZfHK,Beyoncé,6vWDO969PvNqNYHIOW5v0m,1,['5v4GgrXPMghOnBBLmveLac']
Nicki Minaj,0hCNtLu0JehylgoiP8L4Gh,The Weeknd,1Xyo4u8uXC1ZmMpatF05PJ,1,['5vAEnWrHxLv78uwZrAJcX6']
L7NNON,0JjPiLQNgAFaEkwoy56B1C,Bianca,7Jb6GR4PIxHSkDJK8MWuVg,1,['5vC8UAOHeG95ehRzZChniB']
DJ Biel do Furduncinho,6Us5Zsn5MAHBk7SHBUsG5X,Bianca,7Jb6GR4PIxHSkDJK8MWuVg,1,['5vC8UAOHeG95ehRzZChniB']
Sam Tompkins,04uu8U3I1h26Fp2NBkPTRZ,JNR CHOI,1Z25ZlGHqqlr3o1UGQOfNn,1,['5vUnjhBzRJJIAOJPde6zDx']
Dimartino,1k3zqz5SgrYCE0wpcfJX3g,Colapesce,2KX2VLr3Eu6sn6EtxzCtvf,1,['5vYXOk1umkpp7JhXZm6rDI']
Morat,5C4PDR4LnhZTbVnKWXuDKD,Alejandro Fernández,6sq1yF0OZEWA4xoXVKW1L9,1,['5vZfgeDfNhlkKeJqjzSAmg']
Swae Lee,1zNqQNIdeOUZHb8zbZRFMX,Camila Cabello,4nDoRrQiYLoBzwC5BhVJzF,1,['5vnpANH92iEajvGwE2oQ6r']
MØ,0bdfiayQAKewqEvaU6rXCv,Diplo,5fMUXHkw8R8eOP2RNVYEZX,2,"['5vsRm2aCBl5T2qdpvwtrf6', '68m6iwhKElLTBaGRG1LLwE']"
Squeezie,0xECfhlRzRRIIe2Co5HX6n,Trei Degete,1APMveRvLxWAB5AI0j11DD,1,['5wKDPtbdggE1roeVp3UdXX']
Trei Degete,1APMveRvLxWAB5AI0j11DD,Myd,3QFiymmbJlVBPpnrOatEAk,1,['5wKDPtbdggE1roeVp3UdXX']
Trei Degete,1APMveRvLxWAB5AI0j11DD,KronoMuzik,7B53Suqn5TsVu6S6gIgqeA,1,['5wKDPtbdggE1roeVp3UdXX']
Squeezie,0xECfhlRzRRIIe2Co5HX6n,Myd,3QFiymmbJlVBPpnrOatEAk,1,['5wKDPtbdggE1roeVp3UdXX']
Squeezie,0xECfhlRzRRIIe2Co5HX6n,KronoMuzik,7B53Suqn5TsVu6S6gIgqeA,1,['5wKDPtbdggE1roeVp3UdXX']
Myd,3QFiymmbJlVBPpnrOatEAk,KronoMuzik,7B53Suqn5TsVu6S6gIgqeA,1,['5wKDPtbdggE1roeVp3UdXX']
Halsey,26VFTg2z8YR0cCuwLzESi2,Juice WRLD,4MCBfE4596Uoi2O4DtmEMz,2,"['5wWAwzGp2OaaoIkwcz6wZs', '6Zc5f20q7sOe1IC1c1jQvZ']"
Shakira,0EmeFodog0BfCgMzAIvKQp,Fuerza Regida,0ys2OFYzWYB5hRDLCsBqxt,1,['5wjsJIUf6pdrwauPDae43o']
Post Malone,246dkjvS1zLTtiykXe5h60,Saweetie,6cK3NBO6uP7hh0oyuVELFl,1,['5woaU1FNkqCwg6WzWiQPW5']
DaBaby,4r63FhuTkUYltbVAg5TQnk,Saweetie,6cK3NBO6uP7hh0oyuVELFl,1,['5woaU1FNkqCwg6WzWiQPW5']
Jack Harlow,2LIk90788K0zvyj2JJVwkJ,Saweetie,6cK3NBO6uP7hh0oyuVELFl,1,['5woaU1FNkqCwg6WzWiQPW5']
Post Malone,246dkjvS1zLTtiykXe5h60,Jack Harlow,2LIk90788K0zvyj2JJVwkJ,1,['5woaU1FNkqCwg6WzWiQPW5']
21 Savage,1URnnhqYAYcrqrcwql10ft,Summer Walker,57LYzLEk2LcFghVwuWbcuS,2,"['5wttBUDyaHAR5q9fYnN3YF', '67lKDoCZbRCJDa4RT68eme']"
j-hope,0b1sIQumIAsNbqAoIClSpy,J. Cole,6l3HvQ5sa6mXTsMTB19rO5,1,['5wxYxygyHpbgv0EXZuqb9V']
A$AP Rocky,13ubrt8QOOCPljQ2FL1Kca,Nigo,2rAnv6brcXaglLZBB4XXEn,1,['5x8NgG7Ya18m9wafOvvWYk']
Nigo,2rAnv6brcXaglLZBB4XXEn,Tyler The Creator,4V8LLVI7PbaPR0K2TGSxFF,2,"['5x8NgG7Ya18m9wafOvvWYk', '6f44p3Kc4ayD9VtbC9Clkr']"
Juicy J,5gCRApTajqwbnHHPbr2Fpi,French Montana,6vXTefBL93Dj5IqAWq6OTv,1,['5xEWiG0ug0rOymOjlzSGzx']
Logic,4xRYI6VqpkE3UwrDrAZL8L,French Montana,6vXTefBL93Dj5IqAWq6OTv,1,['5xEWiG0ug0rOymOjlzSGzx']
A$AP Rocky,13ubrt8QOOCPljQ2FL1Kca,French Montana,6vXTefBL93Dj5IqAWq6OTv,2,"['5xEWiG0ug0rOymOjlzSGzx', '6MmtDonkpvSoRx9ACwrGDu']"
Logic,4xRYI6VqpkE3UwrDrAZL8L,Juicy J,5gCRApTajqwbnHHPbr2Fpi,2,"['5xEWiG0ug0rOymOjlzSGzx', '732btJLGu7gYNHHNdzshrG']"
A$AP Rocky,13ubrt8QOOCPljQ2FL1Kca,Logic,4xRYI6VqpkE3UwrDrAZL8L,1,['5xEWiG0ug0rOymOjlzSGzx']
Calcutta,582KhTHEVOONNQLmQ5612r,Marracash,5AZuEF0feCXMkUCwQiQlW7,1,['5xJNgaimelFOPWnK9U4IUO']
Jennifer Lopez,2DlGxzQSjYe5N6G9nkYghR,Gente De Zona,2cy1zPcrFcXAJTP0APWewL,1,['5xMzazov0IHYllrc8U2K6F']
Daniel Everidge,2Rimf9z3oYDBeszSXFACRR,Hugh Jackman,5F1aoppMtU3OMiltO8ymJ2,1,['5xNUR50KxswPRAvx7S163g']
Daniel Everidge,2Rimf9z3oYDBeszSXFACRR,Keala Settle,7HV2RI2qNug4EcQqLbCAKS,1,['5xNUR50KxswPRAvx7S163g']
Daniel Everidge,2Rimf9z3oYDBeszSXFACRR,Zendaya,6sCbFbEjbYepqswM1vWjjs,1,['5xNUR50KxswPRAvx7S163g']
Daniel Everidge,2Rimf9z3oYDBeszSXFACRR,The Greatest Showman Ensemble,63nv0hWWDob56Rk8GlNpN8,1,['5xNUR50KxswPRAvx7S163g']
Pharrell Williams,2RdwBSPQiwcmiDo9kixcl8,French Montana,6vXTefBL93Dj5IqAWq6OTv,1,['5xVOqZL4oKJKcXgQvrfx2z']
Normani,2cWZOOzeOm4WmBJRnD5R7I,Wizkid,3tVQdUvClmAT7URs9V3rsp,1,['5xesHO6GLWTrjsKOjAXRmf']
Wizkid,3tVQdUvClmAT7URs9V3rsp,Calvin Harris,7CajNmpbOovFoOoasH2HaY,1,['5xesHO6GLWTrjsKOjAXRmf']
The Chainsmokers,69GGBxA162lTqCwzJG5jLp,Louane,7wjeXCtRND2ZdKfMJFu6JC,1,['5xhJmd0I15jFcEdqxfCzKk']
NATHY PELUSO,3VHAySZQPlfGlNLslzXYpN,C. Tangana,5TYxZTjIPqKM8K8NuP9woO,1,['5xiAfKzE3mbxYbOkUZPR11']
Charli xcx,25uiPmTg16RbhZWAqwLBy5,Shygirl,3M3wTTCDwicRubwMyHyEDy,1,['5xyaPwLmgoyGlDDu2H0Uix']
Sigala,1IueXOQyABrMOprrzwQJWN,Paloma Faith,4fwuXg6XQHfdlOdmw36OHa,1,['5xzCzOAOfRi4DOttSzvznR']
J Balvin,1vyhD5VmyZ7KMfW5gqLgo5,Chencho Corleone,37230BxxYs9ksS7OkZw3IU,1,['5y7DaS3jAc9eZzcSOoUIwU']
Justin Quiles,14zUHaJZo1mnYtn6IBRaRP,KAROL G,790FomKkXshlbRYZFtlgla,1,['5yAIrkplUEpMNeojW8Q30o']
Angel Dior,5qPRgWcEOGRzoIST0sHAiI,KAROL G,790FomKkXshlbRYZFtlgla,1,['5yAIrkplUEpMNeojW8Q30o']
Justin Quiles,14zUHaJZo1mnYtn6IBRaRP,Angel Dior,5qPRgWcEOGRzoIST0sHAiI,1,['5yAIrkplUEpMNeojW8Q30o']
MC Kevinho,1mXAhKnZEdF6rotyyd4GBi,DENNIS,6xlRSRMLgZbsSNd0BMobwy,1,['5yH8pYxNckOU1cxfPsMIaz']
Tarcísio do Acordeon,48HORs6F9P7IgdyKrk4MZC,Mc Don Juan,7Lmrb6KcIzfkmgbtokjsAL,1,['5yRgMxdDhdYlbUQNCOlW3o']
Mc Don Juan,7Lmrb6KcIzfkmgbtokjsAL,DG e Batidão Stronda,7gIeuq2qBfYhO1budb6TSQ,1,['5yRgMxdDhdYlbUQNCOlW3o']
Tarcísio do Acordeon,48HORs6F9P7IgdyKrk4MZC,DG e Batidão Stronda,7gIeuq2qBfYhO1budb6TSQ,1,['5yRgMxdDhdYlbUQNCOlW3o']
21 Savage,1URnnhqYAYcrqrcwql10ft,Calvin Harris,7CajNmpbOovFoOoasH2HaY,1,['5ycvEFxPeQqqkdOUgWhrJl']
Ellie Goulding,0X2BH1fck6amBIoJhDVmmJ,Lauv,5JZ7CnR6gTvEMKX4g70Amv,1,['5z8uLrYMcUVvzTV28twt44']
Ram Sampath,3PpjqSKBer3obW6lDflOBx,Arijit Singh,4YRxDV8wJFPHPTeXepOstw,1,['5zCnGtCl5Ac5zlFHXaZmhy']
Ram Sampath,3PpjqSKBer3obW6lDflOBx,Prashant Pandey,7vCsTTACb2iT4fvBMnwp5w,1,['5zCnGtCl5Ac5zlFHXaZmhy']
Arijit Singh,4YRxDV8wJFPHPTeXepOstw,Prashant Pandey,7vCsTTACb2iT4fvBMnwp5w,1,['5zCnGtCl5Ac5zlFHXaZmhy']
Maroon 5,04gDigrS5kc9YWfZHwBETP,Megan Thee Stallion,181bsRPaVXVlUKXrxwZfHK,1,['5zFglKYiknIxks8geR8rcL']
Mc Pedrinho,1etNnR2SdlelBQAICa2Q5m,PEDRO SAMPAIO,5wbf52LA6kcaboHSN6NEF1,1,['5zNxUkUW9WiV5oyg6gh2wB']
Megan Thee Stallion,181bsRPaVXVlUKXrxwZfHK,TWICE,7n2Ycct7Beij7Dj7meI4X0,1,['5zQUndaoBtXJ10SsApqtvw']
Gorillaz,3AA28KZvwAUcZuOKwyblJQ,slowthai,3r1XkJ7vCs8kHBSzGvPLdP,1,['5zZWKugaE2ZmnZN77HVfUH']
Gorillaz,3AA28KZvwAUcZuOKwyblJQ,SOFT PLAY,3xByNj8XW17oW0wsJhgzYL,1,['5zZWKugaE2ZmnZN77HVfUH']
slowthai,3r1XkJ7vCs8kHBSzGvPLdP,SOFT PLAY,3xByNj8XW17oW0wsJhgzYL,1,['5zZWKugaE2ZmnZN77HVfUH']
J Balvin,1vyhD5VmyZ7KMfW5gqLgo5,Mr Eazi,4TAoP0f9OuWZUesao43xUW,2,"['5zzbORcD0GwLY0wQHP1Xs1', '7knLcYCOSaURD0d7HUULFM']"
Ariana Grande,66CXWjxzNUsdJxJ2JdwvnR,Calvin Harris,7CajNmpbOovFoOoasH2HaY,1,['60APt5N2NRaKWf5xzJdzyC']
Pharrell Williams,2RdwBSPQiwcmiDo9kixcl8,Young Thug,50co4Is1HCEo8bhOyUWKpn,1,['60APt5N2NRaKWf5xzJdzyC']
Young Thug,50co4Is1HCEo8bhOyUWKpn,Ariana Grande,66CXWjxzNUsdJxJ2JdwvnR,1,['60APt5N2NRaKWf5xzJdzyC']
Funk Wav,4A0TivfinfALCAMJqqjZIk,Young Thug,50co4Is1HCEo8bhOyUWKpn,1,['60APt5N2NRaKWf5xzJdzyC']
Funk Wav,4A0TivfinfALCAMJqqjZIk,Ariana Grande,66CXWjxzNUsdJxJ2JdwvnR,1,['60APt5N2NRaKWf5xzJdzyC']
Joyner Lucas,6C1ohJrd5VydigQtaGy5Wa,Eminem,7dGJo4pcD2V6oG8kP0tJRR,1,['60SdxE8apGAxMiRrpbmLY0']
The Weeknd,1Xyo4u8uXC1ZmMpatF05PJ,FKA twigs,6nB0iY1cjSY1KyhYyuIIKH,1,['60wMNCIWYZwbOywZXgfQ9P']
Chance the Rapper,1anyVhU62p31KFi8MEzkbf,Knox Fortune,49O0SPoCoTiK2Nn2tOaHyU,1,['60xaS8mYBKUW4VQQ666N0T']
Jimin,1oSPZhvZMIrWW5I41kPkkY,TAEYANG,6udveWUgX4vu75FF0DTrXV,1,['61AZsmFB3VoJdmraMk5ZSn']
Lil Durk,3hcs9uc56yIGFCSy9leWe7,GIVĒON,4fxd5Ee7UefO4CUXgwJ7IP,1,['61S79KIVA4I9FXbnsylEHT']
G-Eazy,02kJSzxNuaWGqwubyUba0Z,Blac Youngsta,41klVmDluQZmGGqoidNfbe,1,['61TklWcG8PbT5hvUTzwLaY']
G-Eazy,02kJSzxNuaWGqwubyUba0Z,BlocBoy JB,4TEJudQY2pXxVHPE3gD2EU,1,['61TklWcG8PbT5hvUTzwLaY']
Blac Youngsta,41klVmDluQZmGGqoidNfbe,BlocBoy JB,4TEJudQY2pXxVHPE3gD2EU,1,['61TklWcG8PbT5hvUTzwLaY']
Katy Perry,6jJ0s89eD6GaHleKKya26X,Migos,6oMuImdp5ZcFhWP0ESe6mG,1,['61WbtB6ujkpNAsAf5LjF4b']
Alida,1kiq2kUV0cbLUhJsr7cpW0,Robin Schulz,3t5xRXzsuZmMDkQzgOX35S,1,['61ZM92T2zaXIVsqncThQzC']
Jesse®,4as3khXWaPjfkFdCA0JWMo,benny blanco,5CiGnKThu5ctn9pBxv7DGa,1,['61sqsOPon94ecMskeEXwev']
Swae Lee,1zNqQNIdeOUZHb8zbZRFMX,benny blanco,5CiGnKThu5ctn9pBxv7DGa,1,['61sqsOPon94ecMskeEXwev']
Swae Lee,1zNqQNIdeOUZHb8zbZRFMX,Jesse®,4as3khXWaPjfkFdCA0JWMo,1,['61sqsOPon94ecMskeEXwev']
Surf Mesa,1lmU3giNF3CSbkVSQmLpHQ,Emilee,4ArPQ1Opcksbbf3CPwEjWE,1,['62aP9fBQKYKxi7PDXwcUAS']
Mustard,0YinUQ50QDB7ZxSCLyQ40k,The Kid LAROI,2tIP7SsRs7vjIcLrU85W8J,1,['637YZncqOkeFzcTmr7YijJ']
Liam Payne,5pUo3fmmHT8bhCyHE52hA6,French Montana,6vXTefBL93Dj5IqAWq6OTv,1,['63MtMwfhxUvM2cyUNb5Iux']
MC Ingryd,09EYYUcfEDOvj3D5f45L99,DJ Henrique da VK,6ac253D3NynjiNAjkkR2TJ,1,['63SHcJzckFykS8faA5zojY']
Los Ángeles Azules,0ZCO8oVkMj897cKgFH7fRW,Natalia Lafourcade,1hcdI2N1023RvSwLzTtdsp,1,['63USmok1OioBzKuWGW9wAg']
H.E.R.,3Y7RZ31TRPVadSFVy1o8os,Jhené Aiko,5ZS223C6JyBfXasXxrRqOk,1,['63wx9vdskaXbYxyDx4oJCZ']
Hava,3Mn6d673ieRza7uw6zY2Zv,Nimo,3ZuBEj9ppJe8GSdKaMTfMN,1,['6416zJN0FGPmh1Ph4BH2h3']
MC Kevin o Chris,2UMj7NCbuqy1yUZmiSYGjJ,Dj Nk Da Serra,3DIMAAaWSlVl1YQ9nsQmUN,1,['64CovjRwInpOJW4PiGMprY']
MC Kevin o Chris,2UMj7NCbuqy1yUZmiSYGjJ,Mc Magrinho,4JA9UvIYD3D5kL7utiGJMI,1,['64CovjRwInpOJW4PiGMprY']
Dj Nk Da Serra,3DIMAAaWSlVl1YQ9nsQmUN,Mc Magrinho,4JA9UvIYD3D5kL7utiGJMI,1,['64CovjRwInpOJW4PiGMprY']
Gorillaz,3AA28KZvwAUcZuOKwyblJQ,Tame Impala,5INjqkS1o8h1imAzPqGZBb,1,['64dLd6rVqDLtkXFYrEUHIU']
Gorillaz,3AA28KZvwAUcZuOKwyblJQ,Bootie Brown,6GI3CJjT2bOnMfprCpjT1d,1,['64dLd6rVqDLtkXFYrEUHIU']
Tame Impala,5INjqkS1o8h1imAzPqGZBb,Bootie Brown,6GI3CJjT2bOnMfprCpjT1d,1,['64dLd6rVqDLtkXFYrEUHIU']
Jack Harlow,2LIk90788K0zvyj2JJVwkJ,Chris Brown,7bXgB6jMjp9ATFy66eO08Z,1,['64pUytZWfCpeeMBN0XAadF']
Travis Scott,0Y5tJX1MQlPlqiwlOH1tJY,James Blake,53KwLdlmrlCelAZMaLVZqU,2,"['64ydkbrt0xhdJXRaam06Mc', '76gcXhY3Zv6wW0BTe9nHJo']"
Metro Boomin,0iEtIxbK0KxaSlF7G42ZOp,James Blake,53KwLdlmrlCelAZMaLVZqU,2,"['64ydkbrt0xhdJXRaam06Mc', '6HexNTb392JS071DoTGo0y']"
Pusha T,0ONHkAv9pCAFxb0zJwDNTy,Linkin Park,6XyY86QOPPrYVGvF9ch6wz,1,['650OeHTLxZAQmb4aEbGmaA']
Stormzy,2SrSdSvpminqmStGELCSNd,Linkin Park,6XyY86QOPPrYVGvF9ch6wz,1,['650OeHTLxZAQmb4aEbGmaA']
Pusha T,0ONHkAv9pCAFxb0zJwDNTy,Stormzy,2SrSdSvpminqmStGELCSNd,1,['650OeHTLxZAQmb4aEbGmaA']
Skip Marley,4ryoUS0W8qXokfMxrlJt6O,Katy Perry,6jJ0s89eD6GaHleKKya26X,1,['6520aj0B4FSKGVuKNsOCOi']
Sebastian Yatra,07YUOmWljBTXwIseAUd9TW,Myke Towers,7iK8PXO48WeuP03g8YR51W,1,['655JkvIwu2rDCaD1hPf04g']
XXXTENTACION,15UsOTVnJzReFVN1VCnxy4,Matt OX,2J6pigOrBmKQgqJUY5UM7r,1,['65u1dHQyQyE4y4aN2eDmMF']
Niall Horan,1Hsdzj7Dlq2I7tHP7501T4,Maren Morris,6WY7D3jk8zTrHtmkqqo5GI,1,['65wnZsZLKJimfK1cTFOfa1']
Sean Paul,3Isy6kedDrgPYoTS1dazA9,DJ Snake,540vIaP2JwjQb9dm3aArA4,1,['660eekzsNZ7sdATvfIsAkR']
DJ Snake,540vIaP2JwjQb9dm3aArA4,Anitta,7FNnA9vBm6EKceENgCGRMb,1,['660eekzsNZ7sdATvfIsAkR']
Tainy,0GM7qgcRCORpGnfcN2tCiB,DJ Snake,540vIaP2JwjQb9dm3aArA4,1,['660eekzsNZ7sdATvfIsAkR']
Sean Paul,3Isy6kedDrgPYoTS1dazA9,Anitta,7FNnA9vBm6EKceENgCGRMb,1,['660eekzsNZ7sdATvfIsAkR']
Tainy,0GM7qgcRCORpGnfcN2tCiB,Sean Paul,3Isy6kedDrgPYoTS1dazA9,1,['660eekzsNZ7sdATvfIsAkR']
Tainy,0GM7qgcRCORpGnfcN2tCiB,Anitta,7FNnA9vBm6EKceENgCGRMb,1,['660eekzsNZ7sdATvfIsAkR']
Vicetone,0daugAjUgbJSqdlyYNwIbT,Tony Igy,2jpQ0ywffgVHhZFQNWaWYW,1,['665AK0ovB11McZRwfa852G']
Camila Cabello,4nDoRrQiYLoBzwC5BhVJzF,Shawn Mendes,7n2wHs1TKAczGzO7Dd2rGr,2,"['66VenHDtrQAw7FCjyF2J56', '6v3KW9xbzN5yKLt9YKDYA2']"
Regard,4ofCBoyEiGSePFAG500xev,RAYE,5KKpBU5eC2tJDzf0wmlRp2,1,['66W1rVTnEv86dIkFhoiElg']
Mac Miller,4LLpKhyESsyAXpc4laK94U,Ariana Grande,66CXWjxzNUsdJxJ2JdwvnR,1,['66wkCYWlXzSTQAfnsPBptt']
Cameron Seely,0nFUCMGlkx1lMZnHL6ArVJ,Austyn Johnson,6Y20PijIkUoCtuvtkz37dO,1,['66y7x28jXOPrcmu3D5Zjh6']
Hugh Jackman,5F1aoppMtU3OMiltO8ymJ2,Austyn Johnson,6Y20PijIkUoCtuvtkz37dO,1,['66y7x28jXOPrcmu3D5Zjh6']
Cameron Seely,0nFUCMGlkx1lMZnHL6ArVJ,Hugh Jackman,5F1aoppMtU3OMiltO8ymJ2,1,['66y7x28jXOPrcmu3D5Zjh6']
Rels B,2IMZYfNi21MGqxopj9fWx8,Kenia OS,31VFEohvhOUKrtAONEBhMG,1,['671fHUAB2n0MocazS1bMB8']
Nicki Minaj,0hCNtLu0JehylgoiP8L4Gh,BIA,6veh5zbFpm31XsPdjBgPER,1,['67G6iaOw8DZqp1z8STR89R']
Don Toliver,4Gso3d4CscCijv0lmajZWs,NAV,7rkW85dBwwrJtlHRDkJDAC,2,"['67LB1vZuG114LqRN8h8bQ2', '7hxHWCCAIIxFLCzvDgnQHX']"
DJ Khaled,0QHgL1lAIqAw0HtD7YldmP,Don Toliver,4Gso3d4CscCijv0lmajZWs,1,['67QVeMvttYHbB1Zuvh0cn6']
NLE Choppa,0ErzCpIMyLcjPiwT4elrtZ,Blueface,3Fl1V19tmjt57oBdxXKAjJ,1,['67XyC1GdSkKb9sbRRkUDXS']
Gorillaz,3AA28KZvwAUcZuOKwyblJQ,Rag'n'Bone Man,4f9iBmdUOhQWeP7dcAn1pf,1,['67fRHOlaYQQFG67D9DkdnW']
Gorillaz,3AA28KZvwAUcZuOKwyblJQ,Zebra Katz,5Tz4zMiRWqiQVAymWZz99a,1,['67fRHOlaYQQFG67D9DkdnW']
RAY BLK,0CkbPVBpOwwz9NPPglFKyq,Gorillaz,3AA28KZvwAUcZuOKwyblJQ,1,['67fRHOlaYQQFG67D9DkdnW']
Rag'n'Bone Man,4f9iBmdUOhQWeP7dcAn1pf,Zebra Katz,5Tz4zMiRWqiQVAymWZz99a,1,['67fRHOlaYQQFG67D9DkdnW']
RAY BLK,0CkbPVBpOwwz9NPPglFKyq,Rag'n'Bone Man,4f9iBmdUOhQWeP7dcAn1pf,1,['67fRHOlaYQQFG67D9DkdnW']
RAY BLK,0CkbPVBpOwwz9NPPglFKyq,Zebra Katz,5Tz4zMiRWqiQVAymWZz99a,1,['67fRHOlaYQQFG67D9DkdnW']
KAROL G,790FomKkXshlbRYZFtlgla,Myke Towers,7iK8PXO48WeuP03g8YR51W,1,['67jvGGbJmOmVonlyX3mNkV']
Capital Bra,4WZGDpNwrC0vNQyl9QzF7d,LEA,5Yo5iU2nf4H41waPl4ZnS1,1,['67ojvEGRPAUCOohuMPqoRC']
LEA,5Yo5iU2nf4H41waPl4ZnS1,Samra,6h1s4i4XKIYv4ErDelLDN0,1,['67ojvEGRPAUCOohuMPqoRC']
Death Cab for Cutie,0YrtvWJMgSdVrk3SfNjTbx,Chance the Rapper,1anyVhU62p31KFi8MEzkbf,1,['67xBtV07CC73eFw7z5oCvU']
Nicky Jam,1SupJlEpv7RS2tPNRaHViT,Dímelo Flow,3fZk3Gm5dN5v5yfYMQ04Bx,1,['684EjRHwNsZQ9hCQxL4NYL']
Farruko,329e4yvIujISKGKz1BZZbO,Dímelo Flow,3fZk3Gm5dN5v5yfYMQ04Bx,1,['684EjRHwNsZQ9hCQxL4NYL']
Dímelo Flow,3fZk3Gm5dN5v5yfYMQ04Bx,Lunay,47MpMsUfWtgyIIBEFOr4FE,1,['684EjRHwNsZQ9hCQxL4NYL']
Nicky Jam,1SupJlEpv7RS2tPNRaHViT,Zion,1pgDilWYDWLoOgGjf1iHNu,1,['684EjRHwNsZQ9hCQxL4NYL']
Nicky Jam,1SupJlEpv7RS2tPNRaHViT,Lunay,47MpMsUfWtgyIIBEFOr4FE,1,['684EjRHwNsZQ9hCQxL4NYL']
Lunay,47MpMsUfWtgyIIBEFOr4FE,Sech,77ziqFxp5gaInVrF2lj4ht,1,['684EjRHwNsZQ9hCQxL4NYL']
Zion,1pgDilWYDWLoOgGjf1iHNu,Lunay,47MpMsUfWtgyIIBEFOr4FE,1,['684EjRHwNsZQ9hCQxL4NYL']
Grey,4lDBihdpMlOalxy1jkUbPl,Hailee Steinfeld,5p7f24Rk5HkUZsaS3BLG5F,1,['6875MeXyCW0wLyT72Eetmo']
Zedd,2qxJFvFYMEDqd7ui6kSAcq,Hailee Steinfeld,5p7f24Rk5HkUZsaS3BLG5F,1,['6875MeXyCW0wLyT72Eetmo']
G-Eazy,02kJSzxNuaWGqwubyUba0Z,Post Malone,246dkjvS1zLTtiykXe5h60,1,['688QpQAwqsLdBR6lr13wK1']
YG,0A0FS04o6zMoto8OKPsDwY,Post Malone,246dkjvS1zLTtiykXe5h60,1,['688QpQAwqsLdBR6lr13wK1']
G-Eazy,02kJSzxNuaWGqwubyUba0Z,YG,0A0FS04o6zMoto8OKPsDwY,1,['688QpQAwqsLdBR6lr13wK1']
Nicky Jam,1SupJlEpv7RS2tPNRaHViT,Myke Towers,7iK8PXO48WeuP03g8YR51W,1,['68mrW6gXHgupgSiDHgaDi5']
DJ RD,0tvACMjTDrW7HCo4F2wiIb,MC MM,3a5ydeAaojKa3CHWe5PVWK,1,['68uKHxQzoY6gd7YSKJf21J']
USHER,23zg3TcAtWQy7J6upgbUnj,Alicia Keys,3DiDSECUqqY1AuBP8qtaIa,1,['68vgtRHr7iZHpzGpon6Jlo']
Quavo,0VRj0yCOv2FXJNP47XQnx5,Lil Baby,5f7VJjfbwm532GiveGC0ZK,1,['69PkhA9q3xCWU2CzoZnLAu']
thasup,19i93sA0D7yS9dYoVNBqAA,Shiva,2K5nCggbhSZ00YCYP5qkZS,1,['6A5qLjVbEC2vNlu17tsExI']
Tyler The Creator,4V8LLVI7PbaPR0K2TGSxFF,Estelle,5T0MSzX9RC5NA6gAI6irSn,1,['6ACiYjq5Q7e6BlhZEHz7cd']
Ice Spice,3LZZPxNDGDFVSIPqf4JuEf,PinkPantheress,78rUTD7y6Cy67W1RVzYs7t,1,['6AQbmUe0Qwf5PZnt4HmTXv']
Tito Torbellino Jr,0dXXFVCw0LKzmHFrTLUaQJ,Natanael Cano,0elWFr7TW8piilVRYJUe4P,1,['6ASn03faRVXbbrEcN3KHdN']
The Game,0NbfKEOTQCcwd6o7wSDOHI,Kanye West,5K4W6rqBFWDnAN6FQUkS6x,1,['6Ab81Bs9fcOwaTYuBsUUpI']
Arcane,57nPqD7z62gDdq37US9XJR,Stromae,5j4HeCoUlzhfWtjAfM1acR,1,['6BPcUXYERAahpunmb0AovH']
Arcane,57nPqD7z62gDdq37US9XJR,Pomme,6e3pZKXUxrPfnUPJ960Hd9,1,['6BPcUXYERAahpunmb0AovH']
League of Legends,47mIJdHORyRerp4os813jD,Stromae,5j4HeCoUlzhfWtjAfM1acR,1,['6BPcUXYERAahpunmb0AovH']
League of Legends,47mIJdHORyRerp4os813jD,Pomme,6e3pZKXUxrPfnUPJ960Hd9,1,['6BPcUXYERAahpunmb0AovH']
Stromae,5j4HeCoUlzhfWtjAfM1acR,Pomme,6e3pZKXUxrPfnUPJ960Hd9,1,['6BPcUXYERAahpunmb0AovH']
AK AUSSERKONTROLLE,07SFzTMeYf5P8Rd32a9Zzw,Bonez MC,1aS5tqEs9ci5P9KD9tZWa6,1,['6BXyD6UUPizpRpA7iOi99r']
21 Savage,1URnnhqYAYcrqrcwql10ft,King Von,6QtgPSJPSzcnn7dPZ4VINp,1,['6BczFLHW9aIf9aWn5NFuNL']
Future,1RyvyyTE3xzB2ZywiAwp0i,Trippie Redd,6Xgp2XMz1fhVYe7i6yNAax,1,['6BfdcIPOdGPMxlLKhgDW4f']
Feid,2LRoIwlKmHjgvigdNGBHNo,Alvaro Diaz,5J7rXWjtn5HzUkJ4Jet8Fr,1,['6BpZpCM8d8FJnVnr1IbnFL']
Lenny Santos,4bODqflR0Wo3i3fCwwCIPq,KHEA,4m6ubhNsdwF4psNf3R8kwR,1,['6C6mUonH6MNdSg5pw7kOc9']
Russ,1z7b1Pr1rSlvWRzsW3HOrS,Trippie Redd,6Xgp2XMz1fhVYe7i6yNAax,1,['6CeZoh6Oemi28WQRpa004x']
Cruz Cafuné,0jeYkqwckGJoHQhhXwgzk3,Don Patricio,6vPXtLmNd3mW0dd1Rb9eQ9,1,['6Cs7b9bu3fy5XhMwBA9Tz4']
Fuerza Regida,0ys2OFYzWYB5hRDLCsBqxt,Marshmello,64KEffDW9EtZ1y2vBYgq8T,1,['6CvTEtGagmzQvkUzzyKR9k']
DJ Khaled,0QHgL1lAIqAw0HtD7YldmP,PARTYNEXTDOOR,2HPaUgqeutzr3jx5a9WyDV,1,['6CwTHNCzgkq41m11iPpzsf']
DJ Khaled,0QHgL1lAIqAw0HtD7YldmP,Kodak Black,46SHBwWsqBkxI7EeeBEQG7,1,['6CwTHNCzgkq41m11iPpzsf']
Future,1RyvyyTE3xzB2ZywiAwp0i,PARTYNEXTDOOR,2HPaUgqeutzr3jx5a9WyDV,1,['6CwTHNCzgkq41m11iPpzsf']
Travis Scott,0Y5tJX1MQlPlqiwlOH1tJY,PARTYNEXTDOOR,2HPaUgqeutzr3jx5a9WyDV,1,['6CwTHNCzgkq41m11iPpzsf']
Rick Ross,1sBkRIssrMs1AbVkOJbc7a,PARTYNEXTDOOR,2HPaUgqeutzr3jx5a9WyDV,1,['6CwTHNCzgkq41m11iPpzsf']
PARTYNEXTDOOR,2HPaUgqeutzr3jx5a9WyDV,Kodak Black,46SHBwWsqBkxI7EeeBEQG7,1,['6CwTHNCzgkq41m11iPpzsf']
Travis Scott,0Y5tJX1MQlPlqiwlOH1tJY,Rick Ross,1sBkRIssrMs1AbVkOJbc7a,2,"['6CwTHNCzgkq41m11iPpzsf', '7lxZbmtC6SkUc2yXBgDOdO']"
Rick Ross,1sBkRIssrMs1AbVkOJbc7a,Kodak Black,46SHBwWsqBkxI7EeeBEQG7,1,['6CwTHNCzgkq41m11iPpzsf']
Bonez MC,1aS5tqEs9ci5P9KD9tZWa6,Hanybal,2HdP7fpDiLWAvElYGg75gd,1,['6Cy4jkukjKnIqGYkU7xCeF']
RAF Camora,0Dvx6p8JDyzeOPGmaCIH1L,Hanybal,2HdP7fpDiLWAvElYGg75gd,1,['6Cy4jkukjKnIqGYkU7xCeF']
Maria Becerra,1DxLCyH42yaHKGK3cl5bvG,J Balvin,1vyhD5VmyZ7KMfW5gqLgo5,1,['6D2TCm4nf5nxAcdGJ7w3QP']
Justin Bieber,1uNFoZAHBGtllmzznpCI3s,Major Lazer,738wLrAtLtCtFOLvQBXOXp,1,['6DNtNfH8hXkqOX1sjqmI7p']
MØ,0bdfiayQAKewqEvaU6rXCv,Justin Bieber,1uNFoZAHBGtllmzznpCI3s,1,['6DNtNfH8hXkqOX1sjqmI7p']
Chris Jedi,0qTZZWLzuD59Un5r1speHm,Anuel AA,2R21vXR83lH98kGeO99Y66,1,['6DoL1yYIwEW7VZMRaJhoJI']
Chris Jedi,0qTZZWLzuD59Un5r1speHm,Chencho Corleone,37230BxxYs9ksS7OkZw3IU,1,['6DoL1yYIwEW7VZMRaJhoJI']
Chris Jedi,0qTZZWLzuD59Un5r1speHm,Ñengo Flow,12vb80Km0Ew53ABfJOepVz,1,['6DoL1yYIwEW7VZMRaJhoJI']
Anuel AA,2R21vXR83lH98kGeO99Y66,Chencho Corleone,37230BxxYs9ksS7OkZw3IU,1,['6DoL1yYIwEW7VZMRaJhoJI']
Ñengo Flow,12vb80Km0Ew53ABfJOepVz,Chencho Corleone,37230BxxYs9ksS7OkZw3IU,1,['6DoL1yYIwEW7VZMRaJhoJI']
DJ Khaled,0QHgL1lAIqAw0HtD7YldmP,Chris Brown,7bXgB6jMjp9ATFy66eO08Z,1,['6Dq8FZrvx9S28iyaKSwn9x']
DJ Khaled,0QHgL1lAIqAw0HtD7YldmP,Big Sean,0c173mlxpT3dSFRgMO8XPh,2,"['6Dq8FZrvx9S28iyaKSwn9x', '7lxZbmtC6SkUc2yXBgDOdO']"
Lil Wayne,55Aa2cqylxrFIXC767Z865,Chris Brown,7bXgB6jMjp9ATFy66eO08Z,1,['6Dq8FZrvx9S28iyaKSwn9x']
Big Sean,0c173mlxpT3dSFRgMO8XPh,Chris Brown,7bXgB6jMjp9ATFy66eO08Z,1,['6Dq8FZrvx9S28iyaKSwn9x']
Jax Jones,4Q6nIcaBED8qUel8bBx6Cr,Joel Corry,6DgP9otnZw5z6daOntINxp,1,['6Dy1jexKYriXAVG6evyUTJ']
Charli xcx,25uiPmTg16RbhZWAqwLBy5,Joel Corry,6DgP9otnZw5z6daOntINxp,1,['6Dy1jexKYriXAVG6evyUTJ']
Joel Corry,6DgP9otnZw5z6daOntINxp,Saweetie,6cK3NBO6uP7hh0oyuVELFl,1,['6Dy1jexKYriXAVG6evyUTJ']
Charli xcx,25uiPmTg16RbhZWAqwLBy5,Jax Jones,4Q6nIcaBED8qUel8bBx6Cr,1,['6Dy1jexKYriXAVG6evyUTJ']
Jax Jones,4Q6nIcaBED8qUel8bBx6Cr,Saweetie,6cK3NBO6uP7hh0oyuVELFl,1,['6Dy1jexKYriXAVG6evyUTJ']
Charli xcx,25uiPmTg16RbhZWAqwLBy5,Saweetie,6cK3NBO6uP7hh0oyuVELFl,1,['6Dy1jexKYriXAVG6evyUTJ']
Avicii,1vCWHaC5f2uS3yhpwWbIA6,A R I Z O N A,7hOGhpa8RMSuDOWntGIAJt,1,['6EBlOYNcZ8MrdEov9lEdV6']
Grupo Marca Registrada,1gW6pz5n1aK249L0GvfQCC,Eugenio Esquivel,5HeN1Iza4nZe03sFlonddz,1,['6ED7qim1NAX1HjNU8039WS']
Sebastian Esquivel,1tuNNda2SSH3o4lUms5K6C,Eugenio Esquivel,5HeN1Iza4nZe03sFlonddz,1,['6ED7qim1NAX1HjNU8039WS']
Los Esquivel,4ZdPHdArIbz2GSBXkozQYC,Eugenio Esquivel,5HeN1Iza4nZe03sFlonddz,1,['6ED7qim1NAX1HjNU8039WS']
Grupo Marca Registrada,1gW6pz5n1aK249L0GvfQCC,Sebastian Esquivel,1tuNNda2SSH3o4lUms5K6C,1,['6ED7qim1NAX1HjNU8039WS']
Grupo Marca Registrada,1gW6pz5n1aK249L0GvfQCC,Los Esquivel,4ZdPHdArIbz2GSBXkozQYC,1,['6ED7qim1NAX1HjNU8039WS']
Sebastian Esquivel,1tuNNda2SSH3o4lUms5K6C,Los Esquivel,4ZdPHdArIbz2GSBXkozQYC,1,['6ED7qim1NAX1HjNU8039WS']
347aidan,0bBz5bRBkExaej2HxtVfCw,Sleepy Hallow,6EPlBSH2RSiettczlz7ihV,1,['6EbVuwU7EnKeF2hdpViXCH']
Metro Boomin,0iEtIxbK0KxaSlF7G42ZOp,Roisee,5pCGvSxNNUcddlRrG0wsrY,1,['6Ec5LeRzkisa5KJtwLfOoW']
A$AP Rocky,13ubrt8QOOCPljQ2FL1Kca,Roisee,5pCGvSxNNUcddlRrG0wsrY,1,['6Ec5LeRzkisa5KJtwLfOoW']
Joji,3MZsBdqDrRTJihTHQrO6Dq,Diplo,5fMUXHkw8R8eOP2RNVYEZX,1,['6Ed1q0X8oSKSm4IIhiQbYg']
Emilia,0AqlFI0tz2DsEoJlKSIiT9,TINI,7vXDAI8JwjW531ouMGbfcp,1,['6Es8Sk3xe1HiJ2MXCfHHwR']
Rauw Alejandro,1mcTU81TzQhprhouKaTkpq,Alex Rose,2DspEsT7UXGKd2VaaedgG4,2,"['6Et5KimMg3IXwD6lJPGmQw', '7nD2JPaxIKUdxd2UWgnaGL']"
Justin Bieber,1uNFoZAHBGtllmzznpCI3s,Khalid,6LuN9FCkKOj5PcnpouEgny,1,['6F2r4HgpJnvKDmkN6JEN6J']
Arijit Singh,4YRxDV8wJFPHPTeXepOstw,Vishal-Shekhar,6Mv8GjQa7LKUGCAqa9qqdb,1,['6FAYpZ4jve8vpvTwUvjK6H']
Sukriti Kakar,3FgHkfb3IqG4WKuVe1xCXM,Vishal-Shekhar,6Mv8GjQa7LKUGCAqa9qqdb,1,['6FAYpZ4jve8vpvTwUvjK6H']
Sukriti Kakar,3FgHkfb3IqG4WKuVe1xCXM,Arijit Singh,4YRxDV8wJFPHPTeXepOstw,1,['6FAYpZ4jve8vpvTwUvjK6H']
Arijit Singh,4YRxDV8wJFPHPTeXepOstw,Vishal Dadlani,6CXEwIaXYfVJ84biCxqc9k,1,['6FAYpZ4jve8vpvTwUvjK6H']
Arijit Singh,4YRxDV8wJFPHPTeXepOstw,Shekhar Ravjiani,4xd7mLI7urqrxELaXhAvzw,1,['6FAYpZ4jve8vpvTwUvjK6H']
Sukriti Kakar,3FgHkfb3IqG4WKuVe1xCXM,Vishal Dadlani,6CXEwIaXYfVJ84biCxqc9k,1,['6FAYpZ4jve8vpvTwUvjK6H']
Sukriti Kakar,3FgHkfb3IqG4WKuVe1xCXM,Shekhar Ravjiani,4xd7mLI7urqrxELaXhAvzw,1,['6FAYpZ4jve8vpvTwUvjK6H']
Kumaar,0m3D4grap8VFSzbJMqgNVk,Sukriti Kakar,3FgHkfb3IqG4WKuVe1xCXM,1,['6FAYpZ4jve8vpvTwUvjK6H']
Nikhita Gandhi,3tPQOjkxO3mrYrrgkTeXgH,Anirudh Ravichander,4zCH9qm4R2DADamUHMCa6O,1,['6FahmzZYKH0zb2f9hrVsvw']
Justin Bieber,1uNFoZAHBGtllmzznpCI3s,24kGoldn,6fWVd57NKTalqvmjRd2t8Z,1,['6FuGJB290AQMAHTfjOYVaK']
J Balvin,1vyhD5VmyZ7KMfW5gqLgo5,24kGoldn,6fWVd57NKTalqvmjRd2t8Z,1,['6FuGJB290AQMAHTfjOYVaK']
Justin Bieber,1uNFoZAHBGtllmzznpCI3s,J Balvin,1vyhD5VmyZ7KMfW5gqLgo5,1,['6FuGJB290AQMAHTfjOYVaK']
Justin Bieber,1uNFoZAHBGtllmzznpCI3s,iann dior,6ASri4ePR7RlsvIQgWPJpS,1,['6FuGJB290AQMAHTfjOYVaK']
J Balvin,1vyhD5VmyZ7KMfW5gqLgo5,iann dior,6ASri4ePR7RlsvIQgWPJpS,1,['6FuGJB290AQMAHTfjOYVaK']
Shakira,0EmeFodog0BfCgMzAIvKQp,Ozuna,1i8SpTcr7yvPOmcqrbnVXY,1,['6G12ZafqofSq7YtrMqUm76']
Drake,3TVXtAsR1Inumwj472S9r4,Michael Jackson,3fMbdgg4jU18AjLCKBhRSm,1,['6G8kHiVZ1jW7vHMPVRNZU0']
Natanael Cano,0elWFr7TW8piilVRYJUe4P,Junior H,7Gi6gjaWy3DxyilpF1a8Is,1,['6GM5l4aJ9aOhGStxODvNBm']
Nicki Minaj,0hCNtLu0JehylgoiP8L4Gh,Oh Wonder,5cIc3SBFuBLVxJz58W2tU9,1,['6GNifiuBPrKFpwNBYnooFm']
Diplo,5fMUXHkw8R8eOP2RNVYEZX,Lil Yachty,6icQOAFXDZKsumw3YXyusw,1,['6GW4n7EdAV9w8YpAgtJnuc']
Diplo,5fMUXHkw8R8eOP2RNVYEZX,Santigold,6Jrxnp0JgqmeUX1veU591p,1,['6GW4n7EdAV9w8YpAgtJnuc']
Santigold,6Jrxnp0JgqmeUX1veU591p,Lil Yachty,6icQOAFXDZKsumw3YXyusw,1,['6GW4n7EdAV9w8YpAgtJnuc']
Florida Georgia Line,3b8QkneNDz4JHKKKlLgYZg,The Chainsmokers,69GGBxA162lTqCwzJG5jLp,1,['6GeD5g9vZTz25Egf8kxoIY']
Future,1RyvyyTE3xzB2ZywiAwp0i,Brownstone,6dQgkiJm1fRkcqKOvPzysr,1,['6Gf8Op8esgwchp44p1tIDp']
Metro Boomin,0iEtIxbK0KxaSlF7G42ZOp,Brownstone,6dQgkiJm1fRkcqKOvPzysr,1,['6Gf8Op8esgwchp44p1tIDp']
Juice WRLD,4MCBfE4596Uoi2O4DtmEMz,YoungBoy Never Broke Again,7wlFDEWiM5OoIAt8RSli8b,1,['6Gg1gjgKi2AK4e0qzsR7sd']
AgroPlay,0uGWkZRPp1Urk77XBrPBsZ,LUDMILLA,3CDoRporvSjdzTrm99a3gi,1,['6GmyQws2xpUFIN5dXBNTrl']
Ana Castela,2CKOmarVWvWqkNWUatHCex,LUDMILLA,3CDoRporvSjdzTrm99a3gi,1,['6GmyQws2xpUFIN5dXBNTrl']
Miguel,360IAlyVv4PCEVjgyMZrxK,Mac Miller,4LLpKhyESsyAXpc4laK94U,1,['6GnhWMhgJb7uyiiPEiEkDA']
Justin Quiles,14zUHaJZo1mnYtn6IBRaRP,Duki,1bAftSH8umNcGZ0uyV7LMg,1,['6GsD646HrIDJJpzoY9T1Rt']
Justin Quiles,14zUHaJZo1mnYtn6IBRaRP,Bizarrap,716NhGYqD1jl2wI1Qkgq36,1,['6GsD646HrIDJJpzoY9T1Rt']
Julia Michaels,0ZED1XzwlLHW4ZaG4lOT6m,5 Seconds of Summer,5Rl15oVamLq7FbSb0NNBNy,1,['6GzApXoBQiiAjak3tOQfV3']
2 Chainz,17lzZA2AlOHwCwFALHttmp,Trey Songz,2iojnBLj0qIMiKPvVhLnsH,1,['6H0AwSQ20mo62jGlPGB8S6']
2 Chainz,17lzZA2AlOHwCwFALHttmp,Jhené Aiko,5ZS223C6JyBfXasXxrRqOk,1,['6H0AwSQ20mo62jGlPGB8S6']
Trey Songz,2iojnBLj0qIMiKPvVhLnsH,Ty Dolla $ign,7c0XG5cIJTrrAgEC3ULPiq,1,['6H0AwSQ20mo62jGlPGB8S6']
Jhené Aiko,5ZS223C6JyBfXasXxrRqOk,Ty Dolla $ign,7c0XG5cIJTrrAgEC3ULPiq,1,['6H0AwSQ20mo62jGlPGB8S6']
Trey Songz,2iojnBLj0qIMiKPvVhLnsH,Jhené Aiko,5ZS223C6JyBfXasXxrRqOk,1,['6H0AwSQ20mo62jGlPGB8S6']
6LACK,4IVAbR2w4JJNJDDRFP3E83,Khalid,6LuN9FCkKOj5PcnpouEgny,1,['6Hgh47WXVKtXN5zGOu0hjI']
Khalid,6LuN9FCkKOj5PcnpouEgny,Ty Dolla $ign,7c0XG5cIJTrrAgEC3ULPiq,1,['6Hgh47WXVKtXN5zGOu0hjI']
6LACK,4IVAbR2w4JJNJDDRFP3E83,Ty Dolla $ign,7c0XG5cIJTrrAgEC3ULPiq,1,['6Hgh47WXVKtXN5zGOu0hjI']
Dj TG Beats,6Eni0bpQP6Z3G2CIN7VJRh,MC K.K,6TtI28JVtV3RufOCwLvHod,1,['6Hio4nlyWL2WBL8nYlbuGt']
Dj Aurélio,2aBp5B1hhPlvVWbocbfA6x,MC K.K,6TtI28JVtV3RufOCwLvHod,1,['6Hio4nlyWL2WBL8nYlbuGt']
MC Lipivox,03R5vvmqjPsxS7Y5be6IAY,MC K.K,6TtI28JVtV3RufOCwLvHod,1,['6Hio4nlyWL2WBL8nYlbuGt']
Dj Aurélio,2aBp5B1hhPlvVWbocbfA6x,Dj TG Beats,6Eni0bpQP6Z3G2CIN7VJRh,1,['6Hio4nlyWL2WBL8nYlbuGt']
MC Lipivox,03R5vvmqjPsxS7Y5be6IAY,Dj TG Beats,6Eni0bpQP6Z3G2CIN7VJRh,1,['6Hio4nlyWL2WBL8nYlbuGt']
MC Lipivox,03R5vvmqjPsxS7Y5be6IAY,Dj Aurélio,2aBp5B1hhPlvVWbocbfA6x,1,['6Hio4nlyWL2WBL8nYlbuGt']
Chino Pacas,2rmkQLzj0k4nZdQehOUByO,Tito Double P,5eumcnUkdmGvkvcsx1WFNG,1,['6HrALJOMsfPCCbUo5cJCON']
Bebe Rexha,64M6ah0SkkRsnPGtGiRAbb,The Chainsmokers,69GGBxA162lTqCwzJG5jLp,1,['6IJTc8xo6XasOU8fpxMU57']
Megan Thee Stallion,181bsRPaVXVlUKXrxwZfHK,DJ Snake,540vIaP2JwjQb9dm3aArA4,1,['6IPNp9PfaEqrzotY47TIWy']
DJ Snake,540vIaP2JwjQb9dm3aArA4,LISA,5L1lO4eRHmJ7a0Q6csE5cT,1,['6IPNp9PfaEqrzotY47TIWy']
Megan Thee Stallion,181bsRPaVXVlUKXrxwZfHK,Ozuna,1i8SpTcr7yvPOmcqrbnVXY,1,['6IPNp9PfaEqrzotY47TIWy']
Ozuna,1i8SpTcr7yvPOmcqrbnVXY,LISA,5L1lO4eRHmJ7a0Q6csE5cT,1,['6IPNp9PfaEqrzotY47TIWy']
Megan Thee Stallion,181bsRPaVXVlUKXrxwZfHK,LISA,5L1lO4eRHmJ7a0Q6csE5cT,1,['6IPNp9PfaEqrzotY47TIWy']
Nicki Minaj,0hCNtLu0JehylgoiP8L4Gh,Post Malone,246dkjvS1zLTtiykXe5h60,1,['6IaieqiCVvsNvEt6Y7yOFa']
The Fontane Sisters,1Ml4OuStDoympbREURAM15,Perry Como,5v8jlSmAQfrkTjAlpUfWtu,1,['6IeK3Ap5m3HabwJxgI6eSE']
Mitchell Ayres & His Orchestra,0HS96tPggl2nwiz3gNWWI5,Perry Como,5v8jlSmAQfrkTjAlpUfWtu,1,['6IeK3Ap5m3HabwJxgI6eSE']
Mitchell Ayres & His Orchestra,0HS96tPggl2nwiz3gNWWI5,The Fontane Sisters,1Ml4OuStDoympbREURAM15,1,['6IeK3Ap5m3HabwJxgI6eSE']
Diplo,5fMUXHkw8R8eOP2RNVYEZX,Trippie Redd,6Xgp2XMz1fhVYe7i6yNAax,2,"['6IpvkngH89cA3hhPC84Leg', '7dH9TPjTWQ60wOJkmYay8a']"
¥$,4xPQFgDA5M2xa0ZGo5iIsv,North West,66rjOK4tYnREw2hPQv7t56,1,['6J4rRj2uVfziGMyfrPEPLo']
Kanye West,5K4W6rqBFWDnAN6FQUkS6x,North West,66rjOK4tYnREw2hPQv7t56,1,['6J4rRj2uVfziGMyfrPEPLo']
North West,66rjOK4tYnREw2hPQv7t56,Ty Dolla $ign,7c0XG5cIJTrrAgEC3ULPiq,1,['6J4rRj2uVfziGMyfrPEPLo']
Avicii,1vCWHaC5f2uS3yhpwWbIA6,Tim Berg,7iLc4hrjOjQPfg1E3cCHg1,1,['6J7ZSdEEYo3ns4gnHdwRL0']
Metro Boomin,0iEtIxbK0KxaSlF7G42ZOp,Lil Baby,5f7VJjfbwm532GiveGC0ZK,1,['6J9ULUfgdVZfWnofbtLkfh']
Elton John,3PhoLpVuITZKcymswpck5b,Dua Lipa,6M2wZ9GZgrQXHCFfjv46we,1,['6JIC3hbC28JZKZ8AlAqX8h']
Elton John,3PhoLpVuITZKcymswpck5b,PNAU,6n28c9qs9hNGriNa72b26u,1,['6JIC3hbC28JZKZ8AlAqX8h']
Dua Lipa,6M2wZ9GZgrQXHCFfjv46we,PNAU,6n28c9qs9hNGriNa72b26u,1,['6JIC3hbC28JZKZ8AlAqX8h']
Nicky Jam,1SupJlEpv7RS2tPNRaHViT,Maluma,1r4hJ1h58CWwUQe3MxPuau,3,"['6JjPBQfI2Y8nIjnm65X6Pw', '7fODjB7BrQTGqh0hogW6XD', '7lUdbnz7wsv3C9zzf4WHl9']"
Ozuna,1i8SpTcr7yvPOmcqrbnVXY,Maluma,1r4hJ1h58CWwUQe3MxPuau,1,['6JjPBQfI2Y8nIjnm65X6Pw']
Sofía Reyes,0haZhu4fFKt0Ag94kZDiz2,Rita Ora,5CCwRZC6euC8Odo6y9X8jr,1,['6JqpFboOH2bq9pzaYbkKBn']
Sofía Reyes,0haZhu4fFKt0Ag94kZDiz2,Anitta,7FNnA9vBm6EKceENgCGRMb,1,['6JqpFboOH2bq9pzaYbkKBn']
Rita Ora,5CCwRZC6euC8Odo6y9X8jr,Anitta,7FNnA9vBm6EKceENgCGRMb,1,['6JqpFboOH2bq9pzaYbkKBn']
Tory Lanez,2jku7tDXc6XoB6MO2hFuqg,T-Pain,3aQeKQSyrW4qWr35idm0cy,1,['6JsHgIkMYHcbNtKfsal2Mg']
Skepta,2p1fiYHYiXz9qi0JJyxBzN,Octavian,5zfEatKLDdRkgbw6sdLBAQ,1,['6Juv5N0dNU1imms9c9u1dA']
Rick Ross,1sBkRIssrMs1AbVkOJbc7a,Skrillex,5he5w2lnU9x7JFhnwcekXX,1,['6JyuJFedEvPmdWQW0PkbGJ']
Lil Yachty,6icQOAFXDZKsumw3YXyusw,YoungBoy Never Broke Again,7wlFDEWiM5OoIAt8RSli8b,1,['6K2anECyrckidwf5wxS78Q']
Zion,1pgDilWYDWLoOgGjf1iHNu,Myke Towers,7iK8PXO48WeuP03g8YR51W,1,['6K5BsR04ijf3FHNzjbaagD']
Farruko,329e4yvIujISKGKz1BZZbO,Arcángel,4SsVbpTthjScTS7U2hmr1X,1,['6K5BsR04ijf3FHNzjbaagD']
Zion,1pgDilWYDWLoOgGjf1iHNu,Arcángel,4SsVbpTthjScTS7U2hmr1X,1,['6K5BsR04ijf3FHNzjbaagD']
Jessie Reyez,3KedxarmBCyFBevnqQHy3P,Funk Wav,4A0TivfinfALCAMJqqjZIk,1,['6KdmNK9MogmGcnO3wNZHhp']
Cardi B,4kYSro6naA4h99UJvo89HB,Lizzo,56oDRnqbIiwx4mymNEv7dS,1,['6KgtcmCF9Ky68XC7ezxl3s']
Drake,3TVXtAsR1Inumwj472S9r4,Playboi Carti,699OTQXzgjhIYAHMy9RyPD,1,['6Kj17Afjo1OKJYpf5VzCeo']
Pop Smoke,0eDvMgVFoNV3TpwtrVCoTj,NAV,7rkW85dBwwrJtlHRDkJDAC,1,['6LUE5WlMgrpLouGxzJAUVv']
WATTS,4B3aifxHtpcKHuNi12lmSt,Khalid,6LuN9FCkKOj5PcnpouEgny,1,['6LZ9FO9UsGIcTKbShnfNsG']
2 Chainz,17lzZA2AlOHwCwFALHttmp,Lil Yachty,6icQOAFXDZKsumw3YXyusw,1,['6M1qLtDxfOeBSbM5HnIo54']
Lil Yachty,6icQOAFXDZKsumw3YXyusw,K$upreme,7trxpXo6hVUnoB22sbCkEd,1,['6M1qLtDxfOeBSbM5HnIo54']
2 Chainz,17lzZA2AlOHwCwFALHttmp,K$upreme,7trxpXo6hVUnoB22sbCkEd,1,['6M1qLtDxfOeBSbM5HnIo54']
Jack Harlow,2LIk90788K0zvyj2JJVwkJ,Lil Baby,5f7VJjfbwm532GiveGC0ZK,1,['6MDdceLYec4AxohmorE4vH']
Dreamville,1iNqsUDUraNWrj00bqssQG,Lute,75WcpJKWXBV3o3cfluWapK,1,['6MF4tRr5lU8qok8IKaFOBE']
Dreamville,1iNqsUDUraNWrj00bqssQG,DaBaby,4r63FhuTkUYltbVAg5TQnk,1,['6MF4tRr5lU8qok8IKaFOBE']
J. Cole,6l3HvQ5sa6mXTsMTB19rO5,Lute,75WcpJKWXBV3o3cfluWapK,1,['6MF4tRr5lU8qok8IKaFOBE']
DaBaby,4r63FhuTkUYltbVAg5TQnk,J. Cole,6l3HvQ5sa6mXTsMTB19rO5,1,['6MF4tRr5lU8qok8IKaFOBE']
DaBaby,4r63FhuTkUYltbVAg5TQnk,Lute,75WcpJKWXBV3o3cfluWapK,1,['6MF4tRr5lU8qok8IKaFOBE']
J Balvin,1vyhD5VmyZ7KMfW5gqLgo5,Jeon,3ECsaSd1fom8coUUkkFzqt,1,['6MNGxu8MprKGkchUchkJsy']
Jeon,3ECsaSd1fom8coUUkkFzqt,Anitta,7FNnA9vBm6EKceENgCGRMb,1,['6MNGxu8MprKGkchUchkJsy']
Aldo Ranks,0lsEtpjLWn4S7KBra82VG3,KAROL G,790FomKkXshlbRYZFtlgla,1,['6MZi5j60L80SZLBxN0bv8s']
Kendrick Lamar,2YZyLoL8N0Wb9xBt1NhZWg,Beth Gibbons,6Lt6KFXX3P0v6vfrynQAMo,1,['6NZOc8kO0Fxo0fLPvIdLnW']
Nipsey Hussle,0EeQBlQJFiAfJeVN2vT9s0,DJ Khaled,0QHgL1lAIqAw0HtD7YldmP,1,['6O10oTtZIZ4DkkUqyfCbrR']
Nipsey Hussle,0EeQBlQJFiAfJeVN2vT9s0,John Legend,5y2Xq6xcjJb2jVM54GHK3t,1,['6O10oTtZIZ4DkkUqyfCbrR']
The Chainsmokers,69GGBxA162lTqCwzJG5jLp,ROZES,6jsjhAEteAlY0vCiLvMLBA,1,['6O6M7pJLABmfBRoGZMu76Y']
Martin Solveig,1bj5GrcLom5gZFF5t949Xl,Ina Wroldsen,7hssUdpvtY5oiARaUDgFZ3,1,['6O85MfGECKBqAK2MgSbCaj']
Logic,4xRYI6VqpkE3UwrDrAZL8L,Ansel Elgort,59mjRp0i1B8oWSSMmGWJlJ,1,['6OQea06z3cbOqYgG2O6eOZ']
Jonas Blue,1HBjj22wzbscIZ9sEb5dyf,Dakota,2zzpznMuhKlKlqh1ma7Sms,1,['6OZh916QF8XNunWaP97WEZ']
Alonzo,2z2TRvloJt4EfUNQp9rHAi,Ninho,6Te49r3A6f5BiIgBRxH7FH,1,['6OZwia8loN0aPS0vTvsBjR']
Alonzo,2z2TRvloJt4EfUNQp9rHAi,Naps,6W5uA6CNMf3hd2j4a2XWCx,1,['6OZwia8loN0aPS0vTvsBjR']
Ninho,6Te49r3A6f5BiIgBRxH7FH,Naps,6W5uA6CNMf3hd2j4a2XWCx,1,['6OZwia8loN0aPS0vTvsBjR']
Post Malone,246dkjvS1zLTtiykXe5h60,Mark Morrison,6V3F8MZrOKdT9fU686ybE9,1,['6Ole34qqbgkZ60IyrcVm7e']
Post Malone,246dkjvS1zLTtiykXe5h60,Sickick,3NR7hAacOhmcztWvD7vJfS,1,['6Ole34qqbgkZ60IyrcVm7e']
Sickick,3NR7hAacOhmcztWvD7vJfS,Mark Morrison,6V3F8MZrOKdT9fU686ybE9,1,['6Ole34qqbgkZ60IyrcVm7e']
Future,1RyvyyTE3xzB2ZywiAwp0i,Southside,23DYJsw4uSCguIqiTIDtcN,1,['6OrTKLtcF7EBayOV2QqkSK']
Travis Scott,0Y5tJX1MQlPlqiwlOH1tJY,Southside,23DYJsw4uSCguIqiTIDtcN,1,['6OrTKLtcF7EBayOV2QqkSK']
Wisin & Yandel,1wZtkThiXbVNtj6hee6dz9,ROSALÍA,7ltDVBr6mKbRvohxheJ9h1,1,['6OzUIp8KjuwxJnCWkXp1uL']
Trueno,2x7PC78TmgqpEIjaGAZ0Oz,Tiago PZK,5Y3MV9DZ0d87NnVm56qSY1,1,['6P096SaOzrgGxs8NWOfX7M']
Kendrick Lamar,2YZyLoL8N0Wb9xBt1NhZWg,Zacari,3qBKjEOanahMxlRojwCzhI,1,['6PGoSes0D9eUDeeAafB2As']
A Boogie Wit da Hoodie,31W5EY0aAly4Qieq6OFu6I,Khalid,6LuN9FCkKOj5PcnpouEgny,1,['6PYnUsNEpYC7A4BS2sjw3L']
Cris Mj,1Yj5Xey7kTwvZla8sqdsdE,LOUKI,6uzHLlGqFKaXYOnZyYmXYg,1,['6PhRhocBXP4y7NpciGmzra']
LOUKI,6uzHLlGqFKaXYOnZyYmXYg,FloyyMenor,7CvTknweLr9feJtRGrpDBy,1,['6PhRhocBXP4y7NpciGmzra']
Gunna,2hlmm7s2ICUX0LVIhVFlZQ,Lil Durk,3hcs9uc56yIGFCSy9leWe7,1,['6PoKfDY78ih5OveWirggRX']
Lil Durk,3hcs9uc56yIGFCSy9leWe7,NAV,7rkW85dBwwrJtlHRDkJDAC,1,['6PoKfDY78ih5OveWirggRX']
Lil Wayne,55Aa2cqylxrFIXC767Z865,Bebe Rexha,64M6ah0SkkRsnPGtGiRAbb,1,['6Pw3Gvw4wNMZfTYZa6IQal']
Rod Wave,45TgXXqMDdF8BkjA83OM7z,Polo G,6AgTAQt8XS6jRWi4sX7w49,2,"['6Q7Tv7ZxmoOokvuPchcaO1', '7HsjuVBM93Z2RoxjpWLgTT']"
Manu Gavassi,6xF3XdxG7VHRmQmTJxRqX8,Gloria Groove,7rXMvXRnWHaSwnVvPeUUfw,1,['6Q9NH5cNBY58nJkp5Jbs9j']
Nicki Minaj,0hCNtLu0JehylgoiP8L4Gh,Justin Bieber,1uNFoZAHBGtllmzznpCI3s,1,['6QFCMUUq1T2Vf5sFUXcuQ7']
Brytiago,00XhexlJEXQstHimpZN910,Barloe Team,4okiIReqptfBJ5UULmWycZ,1,['6R66bI4nkzvvNba80pWU2t']
Darell,1TtXnWcUs0FCkaZDPGYHdf,Barloe Team,4okiIReqptfBJ5UULmWycZ,1,['6R66bI4nkzvvNba80pWU2t']
Post Malone,246dkjvS1zLTtiykXe5h60,Fleet Foxes,4EVpmkEwrLYEg6jIsiPMIb,1,['6R9c642Hs3tOdLowjYaWt2']
Ski Mask The Slump God,2rhFzFmezpnW82MNqEKVry,Lil Baby,5f7VJjfbwm532GiveGC0ZK,1,['6RiMRVxOiEYd4QSu1cxrls']
Seu Jorge,0i1s9WcIu0PrUvHzALgofo,DJ TOPO,0xj9MJx9r0wO2o4aqdergP,1,['6RjSXi9cPGroetXeNsWFGL']
DJ TOPO,0xj9MJx9r0wO2o4aqdergP,Mc Leozin,6mKwmTMzDrye9elc8JWiw3,1,['6RjSXi9cPGroetXeNsWFGL']
DJ TOPO,0xj9MJx9r0wO2o4aqdergP,MC G15,3Nipsl6GVwwGyeAk0J29C6,1,['6RjSXi9cPGroetXeNsWFGL']
Seu Jorge,0i1s9WcIu0PrUvHzALgofo,Mc Leozin,6mKwmTMzDrye9elc8JWiw3,1,['6RjSXi9cPGroetXeNsWFGL']
Seu Jorge,0i1s9WcIu0PrUvHzALgofo,MC G15,3Nipsl6GVwwGyeAk0J29C6,1,['6RjSXi9cPGroetXeNsWFGL']
MC G15,3Nipsl6GVwwGyeAk0J29C6,Mc Leozin,6mKwmTMzDrye9elc8JWiw3,1,['6RjSXi9cPGroetXeNsWFGL']
Omar Montes,3lY9Fxceu60W1rbon7PkuF,Bad Gyal,4F4pp8NUW08JuXwnoxglpN,1,['6RyuoOJXNzlVWpfC5xQyeI']
DJ Ari SL,3la3vRfIuDMsydpPfUBryR,Brenno & Matheus,5aC2LaswbZgcf1G2uxqBxF,1,['6RzcNTnS02dnqoQMdTkQwi']
Tyler The Creator,4V8LLVI7PbaPR0K2TGSxFF,Vince Staples,68kEuyFKyqrdQQLLsmiatm,1,['6S4WM9LW6oGkAtBFePffh2']
James Arthur,4IWBUUAFIplrNtaOHcJPRM,Rudimental,4WN5naL3ofxrVBgFpguzKo,1,['6SUocL0caib4mLHe8ZrZzi']
Chencho Corleone,37230BxxYs9ksS7OkZw3IU,Bad Bunny,4q3ewBCX7sLwd24euuV69X,1,['6Sq7ltF9Qa7SNFBsV5Cogx']
Michael Bublé,1GxkXlMwML1oSg5eLPiAz3,Dolly Parton,32vWCbZh0xZ4o9gkz4PsEU,1,['6SvzJUQd3FnuOJI1KWl9hq']
Kendrick Lamar,2YZyLoL8N0Wb9xBt1NhZWg,Rihanna,5pKCCKE2ajJHZ9KAiaK11H,1,['6SwRhMLwNqEi6alNPVG00n']
Lil Durk,3hcs9uc56yIGFCSy9leWe7,J. Cole,6l3HvQ5sa6mXTsMTB19rO5,1,['6T7FXSuXykeGktMLGp8WgE']
BloodPop®,1okJ4NC308qbtY9LyHn6DO,HAIM,4Ui2kfOqGujY81UcPrb5KE,1,['6TG4IZt8i47CFbMoVFVSbh']
Becky G,4obzFoKoKRHIphyHzJ35G3,Bad Bunny,4q3ewBCX7sLwd24euuV69X,2,"['6U2NuJILEOEpW2tVCuqKHb', '7JNh1cfm0eXjqFVOzKLyau']"
Maroon 5,04gDigrS5kc9YWfZHwBETP,Julia Michaels,0ZED1XzwlLHW4ZaG4lOT6m,1,['6V1XbtfGGmfEkyBtTlapw1']
MC M10,2kMDiFDvjMOoLfcZbLgA6s,MC JottaPê,5GqnSMX8p2hxqsM6LqDty3,1,['6V43u5SCjkfMpxMAXRPifr']
DJ RD,0tvACMjTDrW7HCo4F2wiIb,MC JottaPê,5GqnSMX8p2hxqsM6LqDty3,1,['6V43u5SCjkfMpxMAXRPifr']
DJ RD,0tvACMjTDrW7HCo4F2wiIb,MC M10,2kMDiFDvjMOoLfcZbLgA6s,1,['6V43u5SCjkfMpxMAXRPifr']
Logic,4xRYI6VqpkE3UwrDrAZL8L,Ghostface Killah,6FD0unjzGQhX3b6eMccMJe,1,['6VDz4m1vEGHDDqQojf1mpc']
Raekwon,2yQf6b8hxahZaT5dHlWaB1,Logic,4xRYI6VqpkE3UwrDrAZL8L,1,['6VDz4m1vEGHDDqQojf1mpc']
RZA,4iCwCMnqsNZ6atvRiADgtn,Logic,4xRYI6VqpkE3UwrDrAZL8L,1,['6VDz4m1vEGHDDqQojf1mpc']
Method Man,4VmEWwd8y9MCLwexFMdpwt,Logic,4xRYI6VqpkE3UwrDrAZL8L,1,['6VDz4m1vEGHDDqQojf1mpc']
Inspectah Deck,4OBbOrkD4geIjOLrICN3wO,Logic,4xRYI6VqpkE3UwrDrAZL8L,1,['6VDz4m1vEGHDDqQojf1mpc']
Cappadonna,0dS5xeDefwoUNasLUHnCjR,Logic,4xRYI6VqpkE3UwrDrAZL8L,1,['6VDz4m1vEGHDDqQojf1mpc']
Jackpot Scotty Wotty,09XH5qagU5qcWhYXcQYsjX,Logic,4xRYI6VqpkE3UwrDrAZL8L,1,['6VDz4m1vEGHDDqQojf1mpc']
U-God,0G070wUUUBptmqGEKAAUVx,Logic,4xRYI6VqpkE3UwrDrAZL8L,1,['6VDz4m1vEGHDDqQojf1mpc']
Masta Killa,0ME1RawvWt3qOJnYnxVqeh,Logic,4xRYI6VqpkE3UwrDrAZL8L,1,['6VDz4m1vEGHDDqQojf1mpc']
Logic,4xRYI6VqpkE3UwrDrAZL8L,GZA,6ns6XAOsw4B0nDUIovAOUO,1,['6VDz4m1vEGHDDqQojf1mpc']
Raekwon,2yQf6b8hxahZaT5dHlWaB1,Ghostface Killah,6FD0unjzGQhX3b6eMccMJe,1,['6VDz4m1vEGHDDqQojf1mpc']
RZA,4iCwCMnqsNZ6atvRiADgtn,Ghostface Killah,6FD0unjzGQhX3b6eMccMJe,1,['6VDz4m1vEGHDDqQojf1mpc']
Method Man,4VmEWwd8y9MCLwexFMdpwt,Ghostface Killah,6FD0unjzGQhX3b6eMccMJe,1,['6VDz4m1vEGHDDqQojf1mpc']
Inspectah Deck,4OBbOrkD4geIjOLrICN3wO,Ghostface Killah,6FD0unjzGQhX3b6eMccMJe,1,['6VDz4m1vEGHDDqQojf1mpc']
Cappadonna,0dS5xeDefwoUNasLUHnCjR,Ghostface Killah,6FD0unjzGQhX3b6eMccMJe,1,['6VDz4m1vEGHDDqQojf1mpc']
Jackpot Scotty Wotty,09XH5qagU5qcWhYXcQYsjX,Ghostface Killah,6FD0unjzGQhX3b6eMccMJe,1,['6VDz4m1vEGHDDqQojf1mpc']
U-God,0G070wUUUBptmqGEKAAUVx,Ghostface Killah,6FD0unjzGQhX3b6eMccMJe,1,['6VDz4m1vEGHDDqQojf1mpc']
Masta Killa,0ME1RawvWt3qOJnYnxVqeh,Ghostface Killah,6FD0unjzGQhX3b6eMccMJe,1,['6VDz4m1vEGHDDqQojf1mpc']
Ghostface Killah,6FD0unjzGQhX3b6eMccMJe,GZA,6ns6XAOsw4B0nDUIovAOUO,1,['6VDz4m1vEGHDDqQojf1mpc']
Raekwon,2yQf6b8hxahZaT5dHlWaB1,RZA,4iCwCMnqsNZ6atvRiADgtn,1,['6VDz4m1vEGHDDqQojf1mpc']
Raekwon,2yQf6b8hxahZaT5dHlWaB1,Method Man,4VmEWwd8y9MCLwexFMdpwt,1,['6VDz4m1vEGHDDqQojf1mpc']
Raekwon,2yQf6b8hxahZaT5dHlWaB1,Inspectah Deck,4OBbOrkD4geIjOLrICN3wO,1,['6VDz4m1vEGHDDqQojf1mpc']
Cappadonna,0dS5xeDefwoUNasLUHnCjR,Raekwon,2yQf6b8hxahZaT5dHlWaB1,1,['6VDz4m1vEGHDDqQojf1mpc']
Jackpot Scotty Wotty,09XH5qagU5qcWhYXcQYsjX,Raekwon,2yQf6b8hxahZaT5dHlWaB1,1,['6VDz4m1vEGHDDqQojf1mpc']
U-God,0G070wUUUBptmqGEKAAUVx,Raekwon,2yQf6b8hxahZaT5dHlWaB1,1,['6VDz4m1vEGHDDqQojf1mpc']
Masta Killa,0ME1RawvWt3qOJnYnxVqeh,Raekwon,2yQf6b8hxahZaT5dHlWaB1,1,['6VDz4m1vEGHDDqQojf1mpc']
Raekwon,2yQf6b8hxahZaT5dHlWaB1,GZA,6ns6XAOsw4B0nDUIovAOUO,1,['6VDz4m1vEGHDDqQojf1mpc']
Method Man,4VmEWwd8y9MCLwexFMdpwt,RZA,4iCwCMnqsNZ6atvRiADgtn,1,['6VDz4m1vEGHDDqQojf1mpc']
Inspectah Deck,4OBbOrkD4geIjOLrICN3wO,RZA,4iCwCMnqsNZ6atvRiADgtn,1,['6VDz4m1vEGHDDqQojf1mpc']
Cappadonna,0dS5xeDefwoUNasLUHnCjR,RZA,4iCwCMnqsNZ6atvRiADgtn,1,['6VDz4m1vEGHDDqQojf1mpc']
Jackpot Scotty Wotty,09XH5qagU5qcWhYXcQYsjX,RZA,4iCwCMnqsNZ6atvRiADgtn,1,['6VDz4m1vEGHDDqQojf1mpc']
U-God,0G070wUUUBptmqGEKAAUVx,RZA,4iCwCMnqsNZ6atvRiADgtn,1,['6VDz4m1vEGHDDqQojf1mpc']
Masta Killa,0ME1RawvWt3qOJnYnxVqeh,RZA,4iCwCMnqsNZ6atvRiADgtn,1,['6VDz4m1vEGHDDqQojf1mpc']
RZA,4iCwCMnqsNZ6atvRiADgtn,GZA,6ns6XAOsw4B0nDUIovAOUO,1,['6VDz4m1vEGHDDqQojf1mpc']
Inspectah Deck,4OBbOrkD4geIjOLrICN3wO,Method Man,4VmEWwd8y9MCLwexFMdpwt,1,['6VDz4m1vEGHDDqQojf1mpc']
Cappadonna,0dS5xeDefwoUNasLUHnCjR,Method Man,4VmEWwd8y9MCLwexFMdpwt,1,['6VDz4m1vEGHDDqQojf1mpc']
Jackpot Scotty Wotty,09XH5qagU5qcWhYXcQYsjX,Method Man,4VmEWwd8y9MCLwexFMdpwt,1,['6VDz4m1vEGHDDqQojf1mpc']
U-God,0G070wUUUBptmqGEKAAUVx,Method Man,4VmEWwd8y9MCLwexFMdpwt,1,['6VDz4m1vEGHDDqQojf1mpc']
Masta Killa,0ME1RawvWt3qOJnYnxVqeh,Method Man,4VmEWwd8y9MCLwexFMdpwt,1,['6VDz4m1vEGHDDqQojf1mpc']
Method Man,4VmEWwd8y9MCLwexFMdpwt,GZA,6ns6XAOsw4B0nDUIovAOUO,1,['6VDz4m1vEGHDDqQojf1mpc']
Cappadonna,0dS5xeDefwoUNasLUHnCjR,Inspectah Deck,4OBbOrkD4geIjOLrICN3wO,1,['6VDz4m1vEGHDDqQojf1mpc']
Jackpot Scotty Wotty,09XH5qagU5qcWhYXcQYsjX,Inspectah Deck,4OBbOrkD4geIjOLrICN3wO,1,['6VDz4m1vEGHDDqQojf1mpc']
U-God,0G070wUUUBptmqGEKAAUVx,Inspectah Deck,4OBbOrkD4geIjOLrICN3wO,1,['6VDz4m1vEGHDDqQojf1mpc']
Masta Killa,0ME1RawvWt3qOJnYnxVqeh,Inspectah Deck,4OBbOrkD4geIjOLrICN3wO,1,['6VDz4m1vEGHDDqQojf1mpc']
Inspectah Deck,4OBbOrkD4geIjOLrICN3wO,GZA,6ns6XAOsw4B0nDUIovAOUO,1,['6VDz4m1vEGHDDqQojf1mpc']
Jackpot Scotty Wotty,09XH5qagU5qcWhYXcQYsjX,Cappadonna,0dS5xeDefwoUNasLUHnCjR,1,['6VDz4m1vEGHDDqQojf1mpc']
U-God,0G070wUUUBptmqGEKAAUVx,Cappadonna,0dS5xeDefwoUNasLUHnCjR,1,['6VDz4m1vEGHDDqQojf1mpc']
Masta Killa,0ME1RawvWt3qOJnYnxVqeh,Cappadonna,0dS5xeDefwoUNasLUHnCjR,1,['6VDz4m1vEGHDDqQojf1mpc']
Cappadonna,0dS5xeDefwoUNasLUHnCjR,GZA,6ns6XAOsw4B0nDUIovAOUO,1,['6VDz4m1vEGHDDqQojf1mpc']
Jackpot Scotty Wotty,09XH5qagU5qcWhYXcQYsjX,U-God,0G070wUUUBptmqGEKAAUVx,1,['6VDz4m1vEGHDDqQojf1mpc']
Jackpot Scotty Wotty,09XH5qagU5qcWhYXcQYsjX,Masta Killa,0ME1RawvWt3qOJnYnxVqeh,1,['6VDz4m1vEGHDDqQojf1mpc']
Jackpot Scotty Wotty,09XH5qagU5qcWhYXcQYsjX,GZA,6ns6XAOsw4B0nDUIovAOUO,1,['6VDz4m1vEGHDDqQojf1mpc']
U-God,0G070wUUUBptmqGEKAAUVx,Masta Killa,0ME1RawvWt3qOJnYnxVqeh,1,['6VDz4m1vEGHDDqQojf1mpc']
U-God,0G070wUUUBptmqGEKAAUVx,GZA,6ns6XAOsw4B0nDUIovAOUO,1,['6VDz4m1vEGHDDqQojf1mpc']
Masta Killa,0ME1RawvWt3qOJnYnxVqeh,GZA,6ns6XAOsw4B0nDUIovAOUO,1,['6VDz4m1vEGHDDqQojf1mpc']
Cali Y El Dandee,5DUlefCLzVRzNWaNURTFpK,Shaggy,5EvFsr3kj42KNv97ZEnqij,1,['6VHdcVbiKLYYOcMbIqBcuK']
Anuel AA,2R21vXR83lH98kGeO99Y66,Travis Barker,4exLIFE8sISLr28sqG1qNX,1,['6VN85VvNB8w1QbJCXW8rTC']
Young Miko,3qsKSpcV3ncke3hw52JSMB,Bizarrap,716NhGYqD1jl2wI1Qkgq36,1,['6VciS3dRMpZhJiDxT8ArFi']
Maldy,4IndUOBCZYZg61557iq2A9,KAROL G,790FomKkXshlbRYZFtlgla,1,['6Vn1vje8yMw2OY6IOk9dkH']
Lil Peep,2kCcBybjl3SAtIcwdWpUe3,Marshmello,64KEffDW9EtZ1y2vBYgq8T,1,['6VrCmhRBFnuGKmtNfk4jDs']
Félix,3KdqkzCC6uPPxW3ZV9vLtT,CountryBeat,5IREutgMnyQqRcc8r15gWk,1,['6W196uVRkmQFHbc1XV8DNk']
Léo Souzza,32q95UvnNYSiflLio02DnS,CountryBeat,5IREutgMnyQqRcc8r15gWk,1,['6W196uVRkmQFHbc1XV8DNk']
Léo Souzza,32q95UvnNYSiflLio02DnS,Félix,3KdqkzCC6uPPxW3ZV9vLtT,1,['6W196uVRkmQFHbc1XV8DNk']
Krono,17TFSnqADESRM8BPSaM5aB,Aaron Smith,77qukKzmdI5BeMBR7WGUrN,1,['6WkJ2OK163XXS2oARUC9JM']
Luvli,6dqohi36avY0M9urnyhITr,Aaron Smith,77qukKzmdI5BeMBR7WGUrN,1,['6WkJ2OK163XXS2oARUC9JM']
Krono,17TFSnqADESRM8BPSaM5aB,Luvli,6dqohi36avY0M9urnyhITr,1,['6WkJ2OK163XXS2oARUC9JM']
Kehlani,0cGUm45nv7Z6M6qdXYQGTX,Eminem,7dGJo4pcD2V6oG8kP0tJRR,1,['6Ww0J5EFjiPxkgZpEkRQVN']
The Weeknd,1Xyo4u8uXC1ZmMpatF05PJ,Madonna,6tbjWDEIzxoDsBA1FuhfPW,2,"['6WzRpISELf3YglGAh7TXcG', '7GUhiAHLoVy1V8ucQuZ3CB']"
Playboi Carti,699OTQXzgjhIYAHMy9RyPD,Madonna,6tbjWDEIzxoDsBA1FuhfPW,2,"['6WzRpISELf3YglGAh7TXcG', '7GUhiAHLoVy1V8ucQuZ3CB']"
Eslabon Armado,0XeEobZplHxzM9QzFQWLiR,Luis R Conriquez,0pePYDrJGk8gqMRbXrLJC8,1,['6X5WZbJzXtk6aO03HlxuZ9']
Johnny Mathis,21LGsW7bziR4Ledx7WZ1Wf,Percy Faith & His Orchestra,24DQLSng7bKZD4GXLIaQbv,1,['6XAdcAseYtijN0QUnQFsH2']
Peven Everett,0v2oB2xMS64U3lcU5DFuCY,Gorillaz,3AA28KZvwAUcZuOKwyblJQ,1,['6XGddj522FQRHXEhBtjiJu']
Peso Pluma,12GqGscKJx3aE4t07u7eVZ,Kali Uchis,1U1el3k54VvEUzo3ybLPlM,1,['6XaJfhwof7qIgbbXO5tIQI']
Veysel,4VuARVJiWGsH2msKTdsKdQ,Gzuz,5eioJDe26lOqkAMbuhzZYs,1,['6XjEOPgbgHKcaHcunEHSJJ']
Mora,0Q8NcsJwoCbZOHHW63su5S,Dei V,2YRyPiW98bpkARAS4B3OQP,1,['6XjsXIb1DUhsmhflFAODv3']
Little Mix,3e7awlrlDSwF3iM0WBjGMp,Sharaya J,6Z4puj0KYgtcxJrVXKmvBX,1,['6XkEw1h2Hq4fGnSm0JuSIs']
Pharrell Williams,2RdwBSPQiwcmiDo9kixcl8,Camila Cabello,4nDoRrQiYLoBzwC5BhVJzF,1,['6XlSyYFTU1nodeWwwzVgTV']
Gunna,2hlmm7s2ICUX0LVIhVFlZQ,Tyla,3SozjO3Lat463tQICI9LcE,1,['6XpEm7VJ7TZxZTawH8BCSW']
Tyla,3SozjO3Lat463tQICI9LcE,Skillibeng,5FkUhnHQ0KC63549LHHtst,1,['6XpEm7VJ7TZxZTawH8BCSW']
Gunna,2hlmm7s2ICUX0LVIhVFlZQ,Skillibeng,5FkUhnHQ0KC63549LHHtst,1,['6XpEm7VJ7TZxZTawH8BCSW']
Jonas Blue,1HBjj22wzbscIZ9sEb5dyf,Liam Payne,5pUo3fmmHT8bhCyHE52hA6,1,['6XqvFyJGdUD5IWee02ARKU']
Jonas Blue,1HBjj22wzbscIZ9sEb5dyf,Lennon Stella,1cZQSpDsxgKIX2yW5OR9Ot,1,['6XqvFyJGdUD5IWee02ARKU']
Lennon Stella,1cZQSpDsxgKIX2yW5OR9Ot,Liam Payne,5pUo3fmmHT8bhCyHE52hA6,1,['6XqvFyJGdUD5IWee02ARKU']
j-hope,0b1sIQumIAsNbqAoIClSpy,Agust D,5RmQ8k4l3HZ8JoPb4mNsML,1,['6XrPzwKeGzEvtan3acn7VH']
The Weeknd,1Xyo4u8uXC1ZmMpatF05PJ,ROSALÍA,7ltDVBr6mKbRvohxheJ9h1,2,"['6Y46tOTRhkBamosyuWa6YX', '7MXgrcOQAJ5VwSNUL0lDd3']"
Ariana Grande,66CXWjxzNUsdJxJ2JdwvnR,Liz Gillies,7pLntWGInZPQxc4kXxzzjB,1,['6YJdPrH3i2POzu7hdHIRrb']
Wisin,3E6xrwgnVfYCrCs0ePERDz,Enrique Iglesias,7qG3b048QCHVRO5Pv1T5lw,1,['6YZdkObH88npeKrrkb8Ggf']
Eno,3GBBxBdoolb0B5YizZq9bF,Capital Bra,4WZGDpNwrC0vNQyl9QzF7d,1,['6Yocr5JJOjupv71R5uhye5']
Luciano,3CJKkU0XuElRT1z8rEtIYg,Eno,3GBBxBdoolb0B5YizZq9bF,1,['6Yocr5JJOjupv71R5uhye5']
John Carpenter,0hxQtmgWiPtEsDPeIuKxXq,Cody Carpenter,5rJxl4BLLAaFRSNgAz2hSg,1,['6Z36wt7oo6xm2uGN00PnTq']
Daniel Davies,0YaDmIGxP3HVcH7xvkpvSP,John Carpenter,0hxQtmgWiPtEsDPeIuKxXq,1,['6Z36wt7oo6xm2uGN00PnTq']
Daniel Davies,0YaDmIGxP3HVcH7xvkpvSP,Cody Carpenter,5rJxl4BLLAaFRSNgAz2hSg,1,['6Z36wt7oo6xm2uGN00PnTq']
Riar Saab,34gAaWeYZoRER7MY3KBy1Q,Abhijay Sharma,3x1jBMHHrDUQbtRrvV78h2,1,['6Z4rRhYZVQsYKmrxD40tru']
Kehlani,0cGUm45nv7Z6M6qdXYQGTX,Ty Dolla $ign,7c0XG5cIJTrrAgEC3ULPiq,1,['6ZRuF2n1CQxyxxAAWsKJOy']
Blake Roman,18p5uhOP0T6w7EwYy389ej,Sam Haft,3osxpNwDgRAPs3aZZNsdV8,2,"['6ZXL1A1BVshe1JZ1IY734k', '7sRz3vO2bEMhZGEkjnfMxb']"
Blake Roman,18p5uhOP0T6w7EwYy389ej,Andrew Underberg,4zXroEby35IgWPERRcW4Ay,2,"['6ZXL1A1BVshe1JZ1IY734k', '7sRz3vO2bEMhZGEkjnfMxb']"
Sam Haft,3osxpNwDgRAPs3aZZNsdV8,Andrew Underberg,4zXroEby35IgWPERRcW4Ay,2,"['6ZXL1A1BVshe1JZ1IY734k', '7sRz3vO2bEMhZGEkjnfMxb']"
NATTI NATASHA,1GDbiv3spRmZ1XdM1jQbT7,Ozuna,1i8SpTcr7yvPOmcqrbnVXY,1,['6Za3190Sbw39BBC77WSS1C']
Young Thug,50co4Is1HCEo8bhOyUWKpn,Migos,6oMuImdp5ZcFhWP0ESe6mG,1,['6ZelF5APDN5r6XnFqcnvWR']
Offset,4DdkRBBYG6Yk9Ka8tdJ9BW,6LACK,4IVAbR2w4JJNJDDRFP3E83,1,['6Zisja44KqMZj4GM4UY6Yv']
Hugo & Guilherme,1LIuN7ov1IBQDdLsU83ojl,Marília Mendonça,1yR65psqiazQpeM79CcGh8,1,['6Zw25LRLP0j0MsezDFIUM4']
Bausa,13bDjug9N0pyv3ZUINjkDV,Apache 207,1qQLhymHXFPtP5U8KNKsm6,1,['6a3kNt1UlUOapDKmEr3JzZ']
Rvssian,1fctva4kpRbg2k3v7kwRuS,Ayra Starr,3ZpEKRjHaHANcpk10u6Ntq,1,['6a9Z1jUms915w4O7N1PxjY']
Rauw Alejandro,1mcTU81TzQhprhouKaTkpq,Ayra Starr,3ZpEKRjHaHANcpk10u6Ntq,1,['6a9Z1jUms915w4O7N1PxjY']
Avicii,1vCWHaC5f2uS3yhpwWbIA6,Noonie Bao,1vIuPjtFhqIPE2n9W2ePgO,1,['6aPDvttLmezuUlv60ExTH9']
Kygo,23fqKkggKUBHNkbKtXEls4,Chelsea Cutler,5JMLG56F1X5mFmWNmS0iAp,1,['6aoGtdWXBkYQ2O2wnyIz2x']
Dolly Parton,32vWCbZh0xZ4o9gkz4PsEU,Kenny Rogers,4tw2Lmn9tTPUv7Gy7mVPI4,1,['6apPqjW8ezpKEicAkkBlvO']
Tee Grizzley,6AUl0ykLLpvTktob97x9hO,Lil Yachty,6icQOAFXDZKsumw3YXyusw,1,['6asKJPlXOTx6BLyGnEAagB']
Flo Rida,0jnsk9HBra6NMjO2oANoPY,Maluma,1r4hJ1h58CWwUQe3MxPuau,1,['6ayTAnEwP3Yo4DOjLsN5r2']
Justin Quiles,14zUHaJZo1mnYtn6IBRaRP,Chimbala,4VVEpEhC8NcR7AqNEds42U,1,['6b2HYgqcK9mvktt4GxAu72']
Zion & Lennox,21451j1KhjAiaYKflxBjr1,Chimbala,4VVEpEhC8NcR7AqNEds42U,1,['6b2HYgqcK9mvktt4GxAu72']
Syd,3jk39CGeaaSO3FPKNx1RUx,ZAYN,5ZsFI1h6hIdQRw2ti0hz81,1,['6bL1Rqcx1RXG6VsMmrYN8F']
Bausa,13bDjug9N0pyv3ZUINjkDV,Juju,4sg4no0TXdsrM1s4SVUwNF,1,['6bM4daGlfZHtKMQp8tEqVz']
Gunna,2hlmm7s2ICUX0LVIhVFlZQ,Tory Lanez,2jku7tDXc6XoB6MO2hFuqg,1,['6bMIExEulvwM2X6zsuiYwr']
Sfera Ebbasta,23TFHmajVfBtlRx5MXqgoz,Simba La Rue,2PEMswqQspTSsAltdeF5kO,1,['6bN41HjY008ggroMFxNLaa']
Sfera Ebbasta,23TFHmajVfBtlRx5MXqgoz,Baby Gang,3LvwPiJQJ0da0GurKMToV0,1,['6bN41HjY008ggroMFxNLaa']
Geolier,27LlKWxS3KXW7RRAxN5S8s,Simba La Rue,2PEMswqQspTSsAltdeF5kO,1,['6bN41HjY008ggroMFxNLaa']
Geolier,27LlKWxS3KXW7RRAxN5S8s,Baby Gang,3LvwPiJQJ0da0GurKMToV0,1,['6bN41HjY008ggroMFxNLaa']
Simba La Rue,2PEMswqQspTSsAltdeF5kO,Baby Gang,3LvwPiJQJ0da0GurKMToV0,1,['6bN41HjY008ggroMFxNLaa']
Duki,1bAftSH8umNcGZ0uyV7LMg,De La Ghetto,3EiLUeyEcA6fbRPSHkG5kb,1,['6bQ5823aHmFVKLZW8E7rRo']
Duki,1bAftSH8umNcGZ0uyV7LMg,Quevedo,52iwsT98xCoGgiGntTiR7K,1,['6bQ5823aHmFVKLZW8E7rRo']
De La Ghetto,3EiLUeyEcA6fbRPSHkG5kb,Quevedo,52iwsT98xCoGgiGntTiR7K,1,['6bQ5823aHmFVKLZW8E7rRo']
Doja Cat,5cj0lLjcoR7YOSnhnX0Po5,Lil Nas X,7jVv8c5Fj3E9VhNjxT4snq,1,['6bpq1jGkVz66Q3LYeoXdjZ']
Anuel AA,2R21vXR83lH98kGeO99Y66,Nio Garcia,5hdhHgpxyniooUiQVaPxQ0,1,['6bvfJf4KjonPMuPfGfy3S2']
Brray,1GKIlPFdcewHtpDVCQ8zmJ,Nio Garcia,5hdhHgpxyniooUiQVaPxQ0,1,['6bvfJf4KjonPMuPfGfy3S2']
Juanka,3Wb38LDP3N4tkobValgE9D,Nio Garcia,5hdhHgpxyniooUiQVaPxQ0,1,['6bvfJf4KjonPMuPfGfy3S2']
Brray,1GKIlPFdcewHtpDVCQ8zmJ,Anuel AA,2R21vXR83lH98kGeO99Y66,1,['6bvfJf4KjonPMuPfGfy3S2']
Anuel AA,2R21vXR83lH98kGeO99Y66,Juanka,3Wb38LDP3N4tkobValgE9D,1,['6bvfJf4KjonPMuPfGfy3S2']
Brray,1GKIlPFdcewHtpDVCQ8zmJ,Myke Towers,7iK8PXO48WeuP03g8YR51W,1,['6bvfJf4KjonPMuPfGfy3S2']
Brray,1GKIlPFdcewHtpDVCQ8zmJ,Juanka,3Wb38LDP3N4tkobValgE9D,1,['6bvfJf4KjonPMuPfGfy3S2']
Future,1RyvyyTE3xzB2ZywiAwp0i,Meek Mill,20sxb77xiYeusSH8cVdatc,1,['6cPnE82DKBLd7sg02ZNg8K']
Meek Mill,20sxb77xiYeusSH8cVdatc,Young Thug,50co4Is1HCEo8bhOyUWKpn,1,['6cPnE82DKBLd7sg02ZNg8K']
Future,1RyvyyTE3xzB2ZywiAwp0i,Roddy Ricch,757aE44tKEUQEqRuT6GnEB,1,['6cPnE82DKBLd7sg02ZNg8K']
Young Thug,50co4Is1HCEo8bhOyUWKpn,Roddy Ricch,757aE44tKEUQEqRuT6GnEB,1,['6cPnE82DKBLd7sg02ZNg8K']
Booba,58wXmynHaAWI5hwlPZP3qL,Dala,6kvvDgFMvd02LlVlGX55GN,1,['6cXNliTOTb6IrU4YhyH10J']
Joel Corry,6DgP9otnZw5z6daOntINxp,MNEK,7uMh23xWiuR7zsNkuNcm2G,1,['6cx06DFPPHchuUAcTxznu9']
Paky,1KQJOTeIMbixtnSWY4sYs2,Sfera Ebbasta,23TFHmajVfBtlRx5MXqgoz,1,['6d7BZ0WMfu6OlgA3hIh58P']
Ryan Tedder,4we5S2VLjgY9KzIzApL1KI,Logic,4xRYI6VqpkE3UwrDrAZL8L,2,"['6e2PtJYcltVk76nLwxBzRn', '7rKKh8AGVXuNXgLBpTBTFH']"
iann dior,6ASri4ePR7RlsvIQgWPJpS,Trippie Redd,6Xgp2XMz1fhVYe7i6yNAax,1,['6e7jXXhVt7lOj07fffOdJl']
LUDMILLA,3CDoRporvSjdzTrm99a3gi,Ivete Sangalo,7dzq55YG3wjViqexDwiycQ,1,['6eJUG282cUKuIoa72sEsqO']
DJ Ak beats,685uhJgfQlrMNuarOzgyea,Mc Tato,7lc98VPDdogFv3eLfCX7sq,1,['6eNRGL6Nkdg7RhJtmbcl0j']
Mora,0Q8NcsJwoCbZOHHW63su5S,paopao,5AS4y4rlmbUYDCdg35qmI9,1,['6eP29HuqLSONvO7xTb5dSH']
Simone & Simaria,0MInKJqZscEeNc5K3K0mkE,MC Kevinho,1mXAhKnZEdF6rotyyd4GBi,1,['6etab3UBCo5GOTMZqUvRka']
Mae Muller,1BEUkE2CSUgHTLSBMZdnFB,NEIKED,5H6xmHXjsq98NLbEjuE29f,1,['6f5ExP43esnvdKPddwKXJH']
NEIKED,5H6xmHXjsq98NLbEjuE29f,Polo G,6AgTAQt8XS6jRWi4sX7w49,1,['6f5ExP43esnvdKPddwKXJH']
Mae Muller,1BEUkE2CSUgHTLSBMZdnFB,Polo G,6AgTAQt8XS6jRWi4sX7w49,1,['6f5ExP43esnvdKPddwKXJH']
Pop Smoke,0eDvMgVFoNV3TpwtrVCoTj,Kodak Black,46SHBwWsqBkxI7EeeBEQG7,1,['6f84PrgxSWSv4EBRweHXZJ']
Quavo,0VRj0yCOv2FXJNP47XQnx5,Kodak Black,46SHBwWsqBkxI7EeeBEQG7,1,['6f84PrgxSWSv4EBRweHXZJ']
Nipsey Hussle,0EeQBlQJFiAfJeVN2vT9s0,Kendrick Lamar,2YZyLoL8N0Wb9xBt1NhZWg,1,['6fIjnWrv46njJHLDAY2JdC']
Parangolé,2v5eqze59fqRes2e5QVGhf,Léo Santana,7KVJCU4z5L4EUHILL8aMxR,1,['6fcQIY5VSFNrK4YzDoljPQ']
Mabel,1MIVXf74SZHmTIp4V4paH4,Tiësto,2o5jDhtHVPhrJdv3cEQ99Z,1,['6fenHIxXuuzKB55wY4WCHP']
Lil Pump,3wyVrVrFCkukjdVIdirGVY,Lil Wayne,55Aa2cqylxrFIXC767Z865,1,['6flur5o18COKeafnjLHRiJ']
MEDUZA,0xRXCcSX89eobfrshSVdyu,Dermot Kennedy,5KNNVgR6LBIABRIomyCwKJ,1,['6ft4hAq6yde8jPZY2i5zLr']
Gucci Mane,13y7CgLHjMVRMDqxdx0Xdo,Rae Sremmurd,7iZtZyCzp3LItcw1wtPI3D,1,['6fujklziTHa8uoM5OQSfIo']
Meek Mill,20sxb77xiYeusSH8cVdatc,Justin Timberlake,31TPClRtHm23RisEBtV3X7,1,['6fvqvUQr12qghH4N8gpAch']
G-Eazy,02kJSzxNuaWGqwubyUba0Z,Demi Lovato,6S2OmqARrzebs0tKUEyXyp,1,['6g478D6h32WUmvtlhcpbNE']
DrefGold,6jwzGu5VdkR5tsRROYuxso,Guè,7F2utINZ6tSokSiZTQBE27,1,['6gAySqc7QK27KEASxmc7Ag']
Anuel AA,2R21vXR83lH98kGeO99Y66,Quevedo,52iwsT98xCoGgiGntTiR7K,1,['6gMj2DzKR2PjrrbNSwcGFR']
Maluma,1r4hJ1h58CWwUQe3MxPuau,Quevedo,52iwsT98xCoGgiGntTiR7K,1,['6gMj2DzKR2PjrrbNSwcGFR']
Mambo Kingz,2T1aUibqR2QC2sINIDQOAK,Quevedo,52iwsT98xCoGgiGntTiR7K,1,['6gMj2DzKR2PjrrbNSwcGFR']
Quevedo,52iwsT98xCoGgiGntTiR7K,DJ Luian,64aJYyrXljOodnUG6jvhRD,1,['6gMj2DzKR2PjrrbNSwcGFR']
Young Thug,50co4Is1HCEo8bhOyUWKpn,JACKBOYS,7A8S43ryYdbWpJKeHRZRcq,1,['6gi6y1xwmVszDWkUqab1qw']
Jorge & Mateus,1elUiq4X7pxej6FRlrEzjM,Diego & Victor Hugo,3k68C6mNMJL6OaAdWeW2ZF,1,['6gyhp7IcNhTYzwlk8utsgP']
Murilo Huff,3hq7WoPJsrRP0KMSLhUgRz,Luan Pereira,5kVgcCdPbeUwxBqWxi2Ktl,1,['6hNREzgHbVM5AkGwP4SPmU']
Shirin David,0JBdTCGs111JKKYfLqOEBa,Xavier Naidoo,47RPLpnGhBRTjQrRBOev9s,1,['6hh1ikcv3CPsq3a7e9ItNR']
Zara Larsson,1Xylc3o4UrD53lo9CvFvVg,MNEK,7uMh23xWiuR7zsNkuNcm2G,1,['6hmhG1b4LEyNuashVvuIAo']
Quarterhead,2h6hAChW74hB9HvrNoK1RY,Ofenbach,4AKwRarlmsUlLjIwt38NLw,1,['6i7zAdNhzUN2k1HcrBxPHG']
Norma Jean Martine,2fsk4VlJdNF6G8cCMDrrzB,Quarterhead,2h6hAChW74hB9HvrNoK1RY,1,['6i7zAdNhzUN2k1HcrBxPHG']
Miley Cyrus,5YGY8feqx7naU7z4HrwZM6,Lil Nas X,7jVv8c5Fj3E9VhNjxT4snq,1,['6isTQfKXhNO3EyJd9mSxx8']
Troye Sivan,3WGpXCj9YhhfX11TToZcXP,Martin Garrix,60d24wfXkVzDSfLS6hyCjZ,1,['6jA8HL9i4QGzsj6fjoxp8Y']
Reik,0vR2qb8m9WHeZ5ByCbimq2,Ozuna,1i8SpTcr7yvPOmcqrbnVXY,1,['6jA8JUuPCGYjFcgw0AoM5T']
Reik,0vR2qb8m9WHeZ5ByCbimq2,Wisin,3E6xrwgnVfYCrCs0ePERDz,1,['6jA8JUuPCGYjFcgw0AoM5T']
Tyler The Creator,4V8LLVI7PbaPR0K2TGSxFF,Lola Young,67FB4n52MgexGQIG8s0yUH,1,['6jbYpRPTEFl1HFKHk1IC0m']
Mason Ramsey,6xvpfMjWTougrRRtK7iikz,Lil Nas X,7jVv8c5Fj3E9VhNjxT4snq,1,['6jmZlyf9DxcIoRrjw02YXm']
Young Thug,50co4Is1HCEo8bhOyUWKpn,Lil Nas X,7jVv8c5Fj3E9VhNjxT4snq,1,['6jmZlyf9DxcIoRrjw02YXm']
Billy Ray Cyrus,60rpJ9SgigSd16DOAG7GSa,Mason Ramsey,6xvpfMjWTougrRRtK7iikz,1,['6jmZlyf9DxcIoRrjw02YXm']
Young Thug,50co4Is1HCEo8bhOyUWKpn,Billy Ray Cyrus,60rpJ9SgigSd16DOAG7GSa,1,['6jmZlyf9DxcIoRrjw02YXm']
Young Thug,50co4Is1HCEo8bhOyUWKpn,Mason Ramsey,6xvpfMjWTougrRRtK7iikz,1,['6jmZlyf9DxcIoRrjw02YXm']
Charlie Puth,6VuMaDnrHyPL1p4EHjYLi7,French Montana,6vXTefBL93Dj5IqAWq6OTv,1,['6ju3FaV3aVLzGzwERKZuFK']
K/DA,4gOc8TsQed9eqnqJct2c5v,Lexie Liu,6fs2or0cKLEM2xohWq8SoX,1,['6juLaduD4STCUDWT0AYun4']
Seraphine,4TqlcgMFDryY96KWcvrhTv,K/DA,4gOc8TsQed9eqnqJct2c5v,1,['6juLaduD4STCUDWT0AYun4']
Madison Beer,2kRfqPViCqYdSGhYSM9R0Q,Lexie Liu,6fs2or0cKLEM2xohWq8SoX,1,['6juLaduD4STCUDWT0AYun4']
Madison Beer,2kRfqPViCqYdSGhYSM9R0Q,Seraphine,4TqlcgMFDryY96KWcvrhTv,1,['6juLaduD4STCUDWT0AYun4']
(G)I-DLE,2AfmfGFbe0A0WsTYm0SDTx,Lexie Liu,6fs2or0cKLEM2xohWq8SoX,1,['6juLaduD4STCUDWT0AYun4']
(G)I-DLE,2AfmfGFbe0A0WsTYm0SDTx,Seraphine,4TqlcgMFDryY96KWcvrhTv,1,['6juLaduD4STCUDWT0AYun4']
Jaira Burns,0tRFWXqKBBQcu5oFVOgVzX,Lexie Liu,6fs2or0cKLEM2xohWq8SoX,1,['6juLaduD4STCUDWT0AYun4']
Seraphine,4TqlcgMFDryY96KWcvrhTv,Lexie Liu,6fs2or0cKLEM2xohWq8SoX,1,['6juLaduD4STCUDWT0AYun4']
League of Legends,47mIJdHORyRerp4os813jD,Lexie Liu,6fs2or0cKLEM2xohWq8SoX,1,['6juLaduD4STCUDWT0AYun4']
Jaira Burns,0tRFWXqKBBQcu5oFVOgVzX,Seraphine,4TqlcgMFDryY96KWcvrhTv,1,['6juLaduD4STCUDWT0AYun4']
League of Legends,47mIJdHORyRerp4os813jD,Seraphine,4TqlcgMFDryY96KWcvrhTv,1,['6juLaduD4STCUDWT0AYun4']
Natanael Cano,0elWFr7TW8piilVRYJUe4P,HERNAN TREJO,2JW58Zzu11HCWLaMou9UGD,1,['6jysIu57wvdVpIqPPogSzm']
Mau y Ricky,2wkoKEfS6dXwThbyTnZWFU,KAROL G,790FomKkXshlbRYZFtlgla,1,['6kOHug1s9Nd5gsHrX8irs2']
Mau y Ricky,2wkoKEfS6dXwThbyTnZWFU,Becky G,4obzFoKoKRHIphyHzJ35G3,1,['6kOHug1s9Nd5gsHrX8irs2']
Mau y Ricky,2wkoKEfS6dXwThbyTnZWFU,Leslie Grace,6BeO1KuAWBqFriL1mLHtNc,1,['6kOHug1s9Nd5gsHrX8irs2']
Lali,22P1OY4TRFRwhP0q29loQ8,Mau y Ricky,2wkoKEfS6dXwThbyTnZWFU,1,['6kOHug1s9Nd5gsHrX8irs2']
Becky G,4obzFoKoKRHIphyHzJ35G3,KAROL G,790FomKkXshlbRYZFtlgla,2,"['6kOHug1s9Nd5gsHrX8irs2', '7FlQk2gJ6TBrHHiidvdR2O']"
Leslie Grace,6BeO1KuAWBqFriL1mLHtNc,KAROL G,790FomKkXshlbRYZFtlgla,1,['6kOHug1s9Nd5gsHrX8irs2']
Lali,22P1OY4TRFRwhP0q29loQ8,KAROL G,790FomKkXshlbRYZFtlgla,1,['6kOHug1s9Nd5gsHrX8irs2']
Becky G,4obzFoKoKRHIphyHzJ35G3,Leslie Grace,6BeO1KuAWBqFriL1mLHtNc,1,['6kOHug1s9Nd5gsHrX8irs2']
Lali,22P1OY4TRFRwhP0q29loQ8,Becky G,4obzFoKoKRHIphyHzJ35G3,1,['6kOHug1s9Nd5gsHrX8irs2']
Lali,22P1OY4TRFRwhP0q29loQ8,Leslie Grace,6BeO1KuAWBqFriL1mLHtNc,1,['6kOHug1s9Nd5gsHrX8irs2']
Avicii,1vCWHaC5f2uS3yhpwWbIA6,Imagine Dragons,53XhwfbYqKCa1cC15pYq2q,1,['6kXNnS7JJz0nAv4XEwEmQJ']
Jason Derulo,07YZf4WDAMNwqr4jfgOZ8y,Ty Dolla $ign,7c0XG5cIJTrrAgEC3ULPiq,1,['6kex4EBAj0WHXDKZMEJaaF']
Ellie Goulding,0X2BH1fck6amBIoJhDVmmJ,Juice WRLD,4MCBfE4596Uoi2O4DtmEMz,1,['6kls8cSlUyHW2BUOkDJIZE']
DJ SpinKing,1qSJaftSab2kTTsj7fLxvM,6ix9ine,7gZfnEnfiaHzxARJ2LeXrf,1,['6kp0inxIexxSiDJfWqq0ZL']
CRO,3utZ2yeQk0Z3BCOBWP7Vlu,Capital Bra,4WZGDpNwrC0vNQyl9QzF7d,2,"['6kxErsVgalFeBlxRfHCuUv', '6qAxQhNfM909QrDGLYEocf']"
Marracash,5AZuEF0feCXMkUCwQiQlW7,Coez,5dXlc7MnpaTeUIsHLVe3n4,1,['6l1Jnqfu7GAOV4MDgA2bNP']
Kendrick Lamar,2YZyLoL8N0Wb9xBt1NhZWg,Beyoncé,6vWDO969PvNqNYHIOW5v0m,2,"['6l8mgVN9Xf1hiDIFGA6CTE', '7aBxcRw77817BrkdPChAGY']"
Justin Quiles,14zUHaJZo1mnYtn6IBRaRP,Blessd,1TA5sGRlKUJXBN4ZyJuDIX,1,['6lX6l7OuA3qrnIRfdsr0dw']
Blessd,1TA5sGRlKUJXBN4ZyJuDIX,Lenny Tavárez,1pQWsZQehhS4wavwh7Fnxd,1,['6lX6l7OuA3qrnIRfdsr0dw']
Sheck Wes,2RDOrhPqAM4jzTRCEb19qX,DJ Snake,540vIaP2JwjQb9dm3aArA4,1,['6mCqxnyOhr4tHMbRbQL4Yn']
Offset,4DdkRBBYG6Yk9Ka8tdJ9BW,DJ Snake,540vIaP2JwjQb9dm3aArA4,1,['6mCqxnyOhr4tHMbRbQL4Yn']
21 Savage,1URnnhqYAYcrqrcwql10ft,DJ Snake,540vIaP2JwjQb9dm3aArA4,1,['6mCqxnyOhr4tHMbRbQL4Yn']
Gucci Mane,13y7CgLHjMVRMDqxdx0Xdo,DJ Snake,540vIaP2JwjQb9dm3aArA4,1,['6mCqxnyOhr4tHMbRbQL4Yn']
Sheck Wes,2RDOrhPqAM4jzTRCEb19qX,Offset,4DdkRBBYG6Yk9Ka8tdJ9BW,1,['6mCqxnyOhr4tHMbRbQL4Yn']
21 Savage,1URnnhqYAYcrqrcwql10ft,Sheck Wes,2RDOrhPqAM4jzTRCEb19qX,1,['6mCqxnyOhr4tHMbRbQL4Yn']
Gucci Mane,13y7CgLHjMVRMDqxdx0Xdo,Sheck Wes,2RDOrhPqAM4jzTRCEb19qX,1,['6mCqxnyOhr4tHMbRbQL4Yn']
Shakira,0EmeFodog0BfCgMzAIvKQp,Maluma,1r4hJ1h58CWwUQe3MxPuau,2,"['6mICuAdrwEjh6Y6lroV2Kg', '7DrluKkTviBwCc8AV3VGmf']"
Anne-Marie,1zNqDE7qDGCsyzJwohVaoX,James Arthur,4IWBUUAFIplrNtaOHcJPRM,1,['6mQLN3zRtAp6ovjusyYKrV']
Migos,6oMuImdp5ZcFhWP0ESe6mG,YoungBoy Never Broke Again,7wlFDEWiM5OoIAt8RSli8b,1,['6mtjo5kIHKlboGE84lf1FJ']
Avicii,1vCWHaC5f2uS3yhpwWbIA6,Aluna,5ITI6SEoUZMIXXkzCfr4oE,1,['6mzTuMlbCgEtoCitsszlqP']
The Weeknd,1Xyo4u8uXC1ZmMpatF05PJ,Rae Sremmurd,7iZtZyCzp3LItcw1wtPI3D,1,['6nI74KsH94IN0J2vp5shdT']
The Weeknd,1Xyo4u8uXC1ZmMpatF05PJ,Slim Jxmmi,7EEiVZvj6RCEtVX2F2pyxu,1,['6nI74KsH94IN0J2vp5shdT']
Post Malone,246dkjvS1zLTtiykXe5h60,HARDY,5QNm7E7RU2m64l6Gliu8Oy,1,['6nf4oqFOsVKLwJPEliYVwT']
Mc Gw,0f1IECbrVV952unZkzrsg2,S3BZS,6zFMFB1JvNHkHvCSudF4id,1,['6njJR3OIp3oA0Kc4aC9Tzf']
Mc Menor Do Alvorada,0ivrHNM8urVaCkgRX8rtKH,S3BZS,6zFMFB1JvNHkHvCSudF4id,1,['6njJR3OIp3oA0Kc4aC9Tzf']
Mc Gw,0f1IECbrVV952unZkzrsg2,Mc Menor Do Alvorada,0ivrHNM8urVaCkgRX8rtKH,1,['6njJR3OIp3oA0Kc4aC9Tzf']
Ty Dolla $ign,7c0XG5cIJTrrAgEC3ULPiq,dvsn,7e1ICztHM2Sc4JNLxeMXYl,1,['6oIahjoSHQ3GQJg0hrLdzY']
Mac Miller,4LLpKhyESsyAXpc4laK94U,dvsn,7e1ICztHM2Sc4JNLxeMXYl,1,['6oIahjoSHQ3GQJg0hrLdzY']
Mac Miller,4LLpKhyESsyAXpc4laK94U,Ty Dolla $ign,7c0XG5cIJTrrAgEC3ULPiq,1,['6oIahjoSHQ3GQJg0hrLdzY']
Ozuna,1i8SpTcr7yvPOmcqrbnVXY,Tiago PZK,5Y3MV9DZ0d87NnVm56qSY1,1,['6ojZtz3sZr6ynvejLOqgCj']
J Balvin,1vyhD5VmyZ7KMfW5gqLgo5,DJ Snake,540vIaP2JwjQb9dm3aArA4,1,['6osaMSJh9NguagEDQcZaKx']
DJ Snake,540vIaP2JwjQb9dm3aArA4,Tyga,5LHRHt1k9lMyONurDHEdrp,1,['6osaMSJh9NguagEDQcZaKx']
MC Zaquin,1OwYxVDNKP9JtSpp5E0uA4,MC Rick,1mvpEXClANunyiHFtAXCxt,1,['6pQKUKBpwr6GhfhcFFFozo']
Ñengo Flow,12vb80Km0Ew53ABfJOepVz,Feid,2LRoIwlKmHjgvigdNGBHNo,1,['6pdo6bxRLh7ELtuchVgyjx']
Taylor Swift,06HL4z0CvFAxyc27GXpf02,Kendrick Lamar,2YZyLoL8N0Wb9xBt1NhZWg,1,['6qAcApH8obo8eqatCKUHd9']
Jowell & Randy,4IMAo2UQchVFyPH24PAjUs,The Rudeboyz,7ciBW1p3KBsYIkFk4UmwS8,1,['6qP73DRFGojLuIk1siIhNE']
Manuel Turizo,0tmwSHipWxN12fsoLcFU3B,The Rudeboyz,7ciBW1p3KBsYIkFk4UmwS8,1,['6qP73DRFGojLuIk1siIhNE']
Manuel Turizo,0tmwSHipWxN12fsoLcFU3B,Jowell & Randy,4IMAo2UQchVFyPH24PAjUs,1,['6qP73DRFGojLuIk1siIhNE']
Metro Boomin,0iEtIxbK0KxaSlF7G42ZOp,Gucci Mane,13y7CgLHjMVRMDqxdx0Xdo,1,['6qZANDqrSAvfuSjcxBP1PD']
Achille Lauro,0lI3rF4hi4op6UxqlLHPzv,Fedez,3pgCLfNbw5ozIfoNsvDU7i,1,['6qdMhG7pRFi0csRlFGvLE4']
Fedez,3pgCLfNbw5ozIfoNsvDU7i,Orietta Berti,6W7O7oseXcbYLoiarQrpOw,1,['6qdMhG7pRFi0csRlFGvLE4']
Achille Lauro,0lI3rF4hi4op6UxqlLHPzv,Orietta Berti,6W7O7oseXcbYLoiarQrpOw,1,['6qdMhG7pRFi0csRlFGvLE4']
Tyler The Creator,4V8LLVI7PbaPR0K2TGSxFF,Domo Genesis,6vHBuUxrcpn1do5UaEJ7g6,1,['6qouBO0wJtYc3k7DfKRUBx']
salem ilese,3QJUFtGBGL05vo0kCJZsmT,Alan Walker,7vk5e3vY1uw9plTHJAMwjN,1,['6rAGFY9D3ah6Lb7fUgbNNH']
Future,1RyvyyTE3xzB2ZywiAwp0i,6LACK,4IVAbR2w4JJNJDDRFP3E83,1,['6rJmWa5DvQ3Nby3tdcX2L0']
J Balvin,1vyhD5VmyZ7KMfW5gqLgo5,Pharrell Williams,2RdwBSPQiwcmiDo9kixcl8,1,['6rQSrBHf7HlZjtcMZ4S4bO']
J Balvin,1vyhD5VmyZ7KMfW5gqLgo5,BIA,6veh5zbFpm31XsPdjBgPER,1,['6rQSrBHf7HlZjtcMZ4S4bO']
Pharrell Williams,2RdwBSPQiwcmiDo9kixcl8,BIA,6veh5zbFpm31XsPdjBgPER,1,['6rQSrBHf7HlZjtcMZ4S4bO']
Pharrell Williams,2RdwBSPQiwcmiDo9kixcl8,Sky Rompiendo,51XrH5fQP2oIQynuKxSWcW,1,['6rQSrBHf7HlZjtcMZ4S4bO']
Sky Rompiendo,51XrH5fQP2oIQynuKxSWcW,BIA,6veh5zbFpm31XsPdjBgPER,1,['6rQSrBHf7HlZjtcMZ4S4bO']
Young Stoner Life,1xr2G8Hlx4QWmT9HaUbmoO,Drake,3TVXtAsR1Inumwj472S9r4,1,['6rTInqW3YECMkQsBEHw4sd']
Drake,3TVXtAsR1Inumwj472S9r4,Popcaan,62DmErcU7dqZbJaDqwsqzR,1,['6rb3wFQ66EWR7DcPG0oEE1']
Seezyn,1jIVEaq8GmqMYb8nFNAZgb,Juice WRLD,4MCBfE4596Uoi2O4DtmEMz,1,['6rz0dTA0PdhXImFV5EjM0w']
DJ Glenner,6XX6KGpomRDPmGGm7bofCK,MC Tuto,6aoGgTKGqtsjj48ymcNs4Z,1,['6s1kzj4EbhFLXbuAGJbhbn']
SUGA,0ebNdVaOfp6N0oZ1guIxM8,MAX,1bqxdqvUtPWZri43cKHac8,1,['6sI8Q7TTJeA9exw6hxEqq3']
Bring Me The Horizon,1Ffb6ejR6Fe5IamqA5oRUF,Nova Twins,7I95CM75shzCjHuTzrepjM,1,['6sIbv1oWOuma2qV907MUbk']
Kendrick Lamar,2YZyLoL8N0Wb9xBt1NhZWg,SiR,3QTDHixorJelOLxoxcjqGx,1,['6sq5mqtS3jwJjvBHALknJH']
Pitbull,0TnOYISbd1XYRBk9myaseg,IAmChino,0b2GL7Y02vu50qieoQmw1w,1,['6stYbAJgTszHAHZMPxWWCY']
IAmChino,0b2GL7Y02vu50qieoQmw1w,Yandel,0eHQ9o50hj6ZDNBt6Ys1sD,1,['6stYbAJgTszHAHZMPxWWCY']
IAmChino,0b2GL7Y02vu50qieoQmw1w,El Chacal,1xFn1xod58AGaSZjrxdiXA,1,['6stYbAJgTszHAHZMPxWWCY']
Pitbull,0TnOYISbd1XYRBk9myaseg,Yandel,0eHQ9o50hj6ZDNBt6Ys1sD,1,['6stYbAJgTszHAHZMPxWWCY']
Pitbull,0TnOYISbd1XYRBk9myaseg,El Chacal,1xFn1xod58AGaSZjrxdiXA,1,['6stYbAJgTszHAHZMPxWWCY']
Yandel,0eHQ9o50hj6ZDNBt6Ys1sD,El Chacal,1xFn1xod58AGaSZjrxdiXA,1,['6stYbAJgTszHAHZMPxWWCY']
Flo Rida,0jnsk9HBra6NMjO2oANoPY,99 Percent,3hPPNy5OBzCU1icQO7Nrok,1,['6t2ubAB4iSYOuIpRAOGd4t']
Ski Aggu,6CP5wWvO8oIxedESJNCN4H,Joost,6s5ubAp65wXoTZefE01RNR,1,['6tAKikIvnoWfUeZrfkopLL']
Otto Waalkes,1T6DQ853AlyL47W8a2jC0f,Ski Aggu,6CP5wWvO8oIxedESJNCN4H,1,['6tAKikIvnoWfUeZrfkopLL']
Otto Waalkes,1T6DQ853AlyL47W8a2jC0f,Joost,6s5ubAp65wXoTZefE01RNR,1,['6tAKikIvnoWfUeZrfkopLL']
Justin Bieber,1uNFoZAHBGtllmzznpCI3s,Omah Lay,5yOvAmpIR7hVxiS6Ls5DPO,1,['6tTeRmhhuwDl5Y4UiJdHuO']
Rihanna,5pKCCKE2ajJHZ9KAiaK11H,N.E.R.D,5wPoxI5si3eJsYYwyXV4Wi,2,"['6tUgfsOa8PLkoede5nOR7D', '739vCwA3EpBSkk3uDsI2wB']"
Trippie Redd,6Xgp2XMz1fhVYe7i6yNAax,Lil Yachty,6icQOAFXDZKsumw3YXyusw,1,['6tarvNiKnEjYMj1VZhlDqR']
Victoria Monét,63XBtGSEZINSyXylZxEUbv,Ariana Grande,66CXWjxzNUsdJxJ2JdwvnR,1,['6tsOcBnaKgzK22yEiqRh8P']
Jax Jones,4Q6nIcaBED8qUel8bBx6Cr,Ina Wroldsen,7hssUdpvtY5oiARaUDgFZ3,1,['6tvQzeCPwOytDlBYCIOY0n']
Maejor,3XcCT5MPlQPWFTJyzXbfuX,Anitta,7FNnA9vBm6EKceENgCGRMb,1,['6u0EAxf1OJTLS7CvInuNd7']
DJ Yuri Martins,0xA8Rmfl9di0sVaPl9AyR9,Anitta,7FNnA9vBm6EKceENgCGRMb,1,['6u0EAxf1OJTLS7CvInuNd7']
Maejor,3XcCT5MPlQPWFTJyzXbfuX,ZAAC,76Xa625geVw0Q7BdyxNjA2,1,['6u0EAxf1OJTLS7CvInuNd7']
DJ Yuri Martins,0xA8Rmfl9di0sVaPl9AyR9,ZAAC,76Xa625geVw0Q7BdyxNjA2,1,['6u0EAxf1OJTLS7CvInuNd7']
Maejor,3XcCT5MPlQPWFTJyzXbfuX,Tropkillaz,5bzWtCkjIAMgN93gLt56SO,1,['6u0EAxf1OJTLS7CvInuNd7']
DJ Yuri Martins,0xA8Rmfl9di0sVaPl9AyR9,Maejor,3XcCT5MPlQPWFTJyzXbfuX,1,['6u0EAxf1OJTLS7CvInuNd7']
DJ Yuri Martins,0xA8Rmfl9di0sVaPl9AyR9,Tropkillaz,5bzWtCkjIAMgN93gLt56SO,1,['6u0EAxf1OJTLS7CvInuNd7']
Fuerza Regida,0ys2OFYzWYB5hRDLCsBqxt,Calle 24,6dLuQ5qXxIuWc5urxfIiZR,1,['6uIIdjYTxxpWOyWuVXrKQO']
Fuerza Regida,0ys2OFYzWYB5hRDLCsBqxt,Chino Pacas,2rmkQLzj0k4nZdQehOUByO,2,"['6uIIdjYTxxpWOyWuVXrKQO', '7dR09k1an5JEq7ch0Y5hvV']"
Sheck Wes,2RDOrhPqAM4jzTRCEb19qX,JACKBOYS,7A8S43ryYdbWpJKeHRZRcq,1,['6uJONCdr2rC65BNmCnTBWK']
Big Sean,0c173mlxpT3dSFRgMO8XPh,Coldplay,4gzpq5DPGxSnKTe4SA8HAU,1,['6uJwPeBGb3swi85TSr9iIz']
TOMORROW X TOGETHER,0ghlgldX5Dd6720Q3qFyQB,Anitta,7FNnA9vBm6EKceENgCGRMb,1,['6uTPA1xlcsk6dbchB2dhzl']
Offset,4DdkRBBYG6Yk9Ka8tdJ9BW,Huncho Jack,6extd4B6hl8VTmnlhpl2bY,1,['6urLjX35oXXRYtcH1b3dCh']
Russ Millions,3glwpkS2UIcYp8vojjnbr5,Tion Wayne,7b79bQFziJFedJb75k6hFt,1,['6uvMKqNlrSvcC4NaKnrwjZ']
Tion Wayne,7b79bQFziJFedJb75k6hFt,ArrDee,7m0BsF0t3K9WQFgKoPejfk,1,['6uvMKqNlrSvcC4NaKnrwjZ']
E1 (3x3),63ebc5zUpJ36aoTDQJHa9B,Tion Wayne,7b79bQFziJFedJb75k6hFt,1,['6uvMKqNlrSvcC4NaKnrwjZ']
ZT (3x3),2uIRmVaCVpHQjaVgph5clS,Tion Wayne,7b79bQFziJFedJb75k6hFt,1,['6uvMKqNlrSvcC4NaKnrwjZ']
Bugzy Malone,4Dokdwa3WB7ilQ2c2qvIBL,Tion Wayne,7b79bQFziJFedJb75k6hFt,1,['6uvMKqNlrSvcC4NaKnrwjZ']
Buni,5AiY4bxeXerLXx03JADdQv,Tion Wayne,7b79bQFziJFedJb75k6hFt,1,['6uvMKqNlrSvcC4NaKnrwjZ']
Fivio Foreign,14CHVeJGrR5xgUGQFV5BVM,Tion Wayne,7b79bQFziJFedJb75k6hFt,1,['6uvMKqNlrSvcC4NaKnrwjZ']
Darkoo,4QSTyDpxsKmv3UfavVUImR,Tion Wayne,7b79bQFziJFedJb75k6hFt,1,['6uvMKqNlrSvcC4NaKnrwjZ']
Russ Millions,3glwpkS2UIcYp8vojjnbr5,ArrDee,7m0BsF0t3K9WQFgKoPejfk,1,['6uvMKqNlrSvcC4NaKnrwjZ']
Russ Millions,3glwpkS2UIcYp8vojjnbr5,E1 (3x3),63ebc5zUpJ36aoTDQJHa9B,1,['6uvMKqNlrSvcC4NaKnrwjZ']
ZT (3x3),2uIRmVaCVpHQjaVgph5clS,Russ Millions,3glwpkS2UIcYp8vojjnbr5,1,['6uvMKqNlrSvcC4NaKnrwjZ']
Russ Millions,3glwpkS2UIcYp8vojjnbr5,Bugzy Malone,4Dokdwa3WB7ilQ2c2qvIBL,1,['6uvMKqNlrSvcC4NaKnrwjZ']
Russ Millions,3glwpkS2UIcYp8vojjnbr5,Buni,5AiY4bxeXerLXx03JADdQv,1,['6uvMKqNlrSvcC4NaKnrwjZ']
Fivio Foreign,14CHVeJGrR5xgUGQFV5BVM,Russ Millions,3glwpkS2UIcYp8vojjnbr5,1,['6uvMKqNlrSvcC4NaKnrwjZ']
Russ Millions,3glwpkS2UIcYp8vojjnbr5,Darkoo,4QSTyDpxsKmv3UfavVUImR,1,['6uvMKqNlrSvcC4NaKnrwjZ']
E1 (3x3),63ebc5zUpJ36aoTDQJHa9B,ArrDee,7m0BsF0t3K9WQFgKoPejfk,1,['6uvMKqNlrSvcC4NaKnrwjZ']
ZT (3x3),2uIRmVaCVpHQjaVgph5clS,ArrDee,7m0BsF0t3K9WQFgKoPejfk,1,['6uvMKqNlrSvcC4NaKnrwjZ']
Bugzy Malone,4Dokdwa3WB7ilQ2c2qvIBL,ArrDee,7m0BsF0t3K9WQFgKoPejfk,1,['6uvMKqNlrSvcC4NaKnrwjZ']
Buni,5AiY4bxeXerLXx03JADdQv,ArrDee,7m0BsF0t3K9WQFgKoPejfk,1,['6uvMKqNlrSvcC4NaKnrwjZ']
Fivio Foreign,14CHVeJGrR5xgUGQFV5BVM,ArrDee,7m0BsF0t3K9WQFgKoPejfk,1,['6uvMKqNlrSvcC4NaKnrwjZ']
Darkoo,4QSTyDpxsKmv3UfavVUImR,ArrDee,7m0BsF0t3K9WQFgKoPejfk,1,['6uvMKqNlrSvcC4NaKnrwjZ']
ZT (3x3),2uIRmVaCVpHQjaVgph5clS,E1 (3x3),63ebc5zUpJ36aoTDQJHa9B,1,['6uvMKqNlrSvcC4NaKnrwjZ']
Bugzy Malone,4Dokdwa3WB7ilQ2c2qvIBL,E1 (3x3),63ebc5zUpJ36aoTDQJHa9B,1,['6uvMKqNlrSvcC4NaKnrwjZ']
Buni,5AiY4bxeXerLXx03JADdQv,E1 (3x3),63ebc5zUpJ36aoTDQJHa9B,1,['6uvMKqNlrSvcC4NaKnrwjZ']
Fivio Foreign,14CHVeJGrR5xgUGQFV5BVM,E1 (3x3),63ebc5zUpJ36aoTDQJHa9B,1,['6uvMKqNlrSvcC4NaKnrwjZ']
Darkoo,4QSTyDpxsKmv3UfavVUImR,E1 (3x3),63ebc5zUpJ36aoTDQJHa9B,1,['6uvMKqNlrSvcC4NaKnrwjZ']
ZT (3x3),2uIRmVaCVpHQjaVgph5clS,Bugzy Malone,4Dokdwa3WB7ilQ2c2qvIBL,1,['6uvMKqNlrSvcC4NaKnrwjZ']
ZT (3x3),2uIRmVaCVpHQjaVgph5clS,Buni,5AiY4bxeXerLXx03JADdQv,1,['6uvMKqNlrSvcC4NaKnrwjZ']
Fivio Foreign,14CHVeJGrR5xgUGQFV5BVM,ZT (3x3),2uIRmVaCVpHQjaVgph5clS,1,['6uvMKqNlrSvcC4NaKnrwjZ']
ZT (3x3),2uIRmVaCVpHQjaVgph5clS,Darkoo,4QSTyDpxsKmv3UfavVUImR,1,['6uvMKqNlrSvcC4NaKnrwjZ']
Bugzy Malone,4Dokdwa3WB7ilQ2c2qvIBL,Buni,5AiY4bxeXerLXx03JADdQv,1,['6uvMKqNlrSvcC4NaKnrwjZ']
Fivio Foreign,14CHVeJGrR5xgUGQFV5BVM,Bugzy Malone,4Dokdwa3WB7ilQ2c2qvIBL,1,['6uvMKqNlrSvcC4NaKnrwjZ']
Bugzy Malone,4Dokdwa3WB7ilQ2c2qvIBL,Darkoo,4QSTyDpxsKmv3UfavVUImR,1,['6uvMKqNlrSvcC4NaKnrwjZ']
Fivio Foreign,14CHVeJGrR5xgUGQFV5BVM,Buni,5AiY4bxeXerLXx03JADdQv,1,['6uvMKqNlrSvcC4NaKnrwjZ']
Darkoo,4QSTyDpxsKmv3UfavVUImR,Buni,5AiY4bxeXerLXx03JADdQv,1,['6uvMKqNlrSvcC4NaKnrwjZ']
Fivio Foreign,14CHVeJGrR5xgUGQFV5BVM,Darkoo,4QSTyDpxsKmv3UfavVUImR,1,['6uvMKqNlrSvcC4NaKnrwjZ']
Joakim Lundell,0XNvr6bnNywV946ZKaJtr0,Arrhult,6sge2FzdYxWSjWc5sBjmoy,1,['6vBgJ1SLmpB4VMcEVy1ovL']
YNW Melly,1cNDP5yjU5vjeR8qMf4grg,Kanye West,5K4W6rqBFWDnAN6FQUkS6x,1,['6vWEAOUSxohKxhp0K1BsxL']
Tayson Kryss,3aIuAAH6qMvKYrtxxF7FF7,TWENTY SIX,6C2mFGFh8dz1vKp9l5Ce8P,1,['6vsKOJPjdxlYgRs8McgtCQ']
Lil Durk,3hcs9uc56yIGFCSy9leWe7,6LACK,4IVAbR2w4JJNJDDRFP3E83,1,['6w4PV16oMh5I6ZOCvig0hK']
Lil Durk,3hcs9uc56yIGFCSy9leWe7,Young Thug,50co4Is1HCEo8bhOyUWKpn,1,['6w4PV16oMh5I6ZOCvig0hK']
6LACK,4IVAbR2w4JJNJDDRFP3E83,Young Thug,50co4Is1HCEo8bhOyUWKpn,1,['6w4PV16oMh5I6ZOCvig0hK']
Nas,20qISvAhX20dpIbOOzGK3q,The WRLDFMS Tony Williams,6TTVdg5UOUHsyiYPHgxLaq,1,['6w9lmWBgqzPQHNQo5KaORN']
The Weeknd,1Xyo4u8uXC1ZmMpatF05PJ,Juice WRLD,4MCBfE4596Uoi2O4DtmEMz,1,['6wQlQrTY5mVS8EGaFZVwVF']
RM,2auC28zjQyVTsiZKNgPRGs,Lil Nas X,7jVv8c5Fj3E9VhNjxT4snq,1,['6woeVu3fVMflqen1t4N6pg']
BTS,3Nrfpe0tUJi4K4DXYWgMUX,Lil Nas X,7jVv8c5Fj3E9VhNjxT4snq,1,['6woeVu3fVMflqen1t4N6pg']
RM,2auC28zjQyVTsiZKNgPRGs,BTS,3Nrfpe0tUJi4K4DXYWgMUX,1,['6woeVu3fVMflqen1t4N6pg']
Lil Wayne,55Aa2cqylxrFIXC767Z865,Ashanti,5rkVyNGXEgeUqKkB5ccK83,1,['6wqWfSOZvTK18SAczoYm1L']
Mack Maine,18AOdS1Qw4XXnQSiPJQr1B,Lil Wayne,55Aa2cqylxrFIXC767Z865,1,['6wqWfSOZvTK18SAczoYm1L']
Mack Maine,18AOdS1Qw4XXnQSiPJQr1B,Ashanti,5rkVyNGXEgeUqKkB5ccK83,1,['6wqWfSOZvTK18SAczoYm1L']
Feid,2LRoIwlKmHjgvigdNGBHNo,Polimá Westcoast,768O5GliF0bqscyghggrbE,1,['6wtZPYBIXUvCpXwVjMCJBf']
Polimá Westcoast,768O5GliF0bqscyghggrbE,Paloma Mami,7rOlQwf8OuFLFQp4aydjBt,1,['6wtZPYBIXUvCpXwVjMCJBf']
De La Ghetto,3EiLUeyEcA6fbRPSHkG5kb,Polimá Westcoast,768O5GliF0bqscyghggrbE,1,['6wtZPYBIXUvCpXwVjMCJBf']
Feid,2LRoIwlKmHjgvigdNGBHNo,Pailita,4yxLYO2imECxGYTTV7RQKb,1,['6wtZPYBIXUvCpXwVjMCJBf']
Feid,2LRoIwlKmHjgvigdNGBHNo,Paloma Mami,7rOlQwf8OuFLFQp4aydjBt,1,['6wtZPYBIXUvCpXwVjMCJBf']
Feid,2LRoIwlKmHjgvigdNGBHNo,De La Ghetto,3EiLUeyEcA6fbRPSHkG5kb,1,['6wtZPYBIXUvCpXwVjMCJBf']
Pailita,4yxLYO2imECxGYTTV7RQKb,Paloma Mami,7rOlQwf8OuFLFQp4aydjBt,1,['6wtZPYBIXUvCpXwVjMCJBf']
De La Ghetto,3EiLUeyEcA6fbRPSHkG5kb,Pailita,4yxLYO2imECxGYTTV7RQKb,1,['6wtZPYBIXUvCpXwVjMCJBf']
De La Ghetto,3EiLUeyEcA6fbRPSHkG5kb,Paloma Mami,7rOlQwf8OuFLFQp4aydjBt,1,['6wtZPYBIXUvCpXwVjMCJBf']
Strick,2WInxWtfee6mRhUQUmIRAH,Young Thug,50co4Is1HCEo8bhOyUWKpn,1,['6wuGK7wlZFjX2NYmParJwl']
j-hope,0b1sIQumIAsNbqAoIClSpy,Becky G,4obzFoKoKRHIphyHzJ35G3,1,['6wyr4ReB05D9sJB1Rsmcqo']
Fuerza Regida,0ys2OFYzWYB5hRDLCsBqxt,Jorsshh,3HJq88k0us5XSJ4tD3J8RG,1,['6x59lSlNU7TvsJZy7134uC']
21 Savage,1URnnhqYAYcrqrcwql10ft,Doja Cat,5cj0lLjcoR7YOSnhnX0Po5,1,['6x9pCndnXEoea0CMcfjs9W']
AK AUSSERKONTROLLE,07SFzTMeYf5P8Rd32a9Zzw,Shindy,5j21TGkrNEAJe3gG9VlS34,1,['6xMBPfgaEQKshwp7oYrtP4']
Kygo,23fqKkggKUBHNkbKtXEls4,Miguel,360IAlyVv4PCEVjgyMZrxK,1,['6xTU6B6nFwKKTSZ9ySXS80']
Damso,2UwqpfQtNuhBwviIC0f2ie,Booba,58wXmynHaAWI5hwlPZP3qL,1,['6xqAP7kpdgCy8lERQHh29c']
Alesso,4AVFqumd2ogHFlRbKIjp1t,Marshmello,64KEffDW9EtZ1y2vBYgq8T,1,['6y6xhAgZjvxy5kR5rigpY3']
Alesso,4AVFqumd2ogHFlRbKIjp1t,James Bay,4EzkuveR9pLvDVFNx6foYD,1,['6y6xhAgZjvxy5kR5rigpY3']
James Bay,4EzkuveR9pLvDVFNx6foYD,Marshmello,64KEffDW9EtZ1y2vBYgq8T,1,['6y6xhAgZjvxy5kR5rigpY3']
Nipsey Hussle,0EeQBlQJFiAfJeVN2vT9s0,Roddy Ricch,757aE44tKEUQEqRuT6GnEB,1,['6ya8ejoKgw906Y8LWclqrp']
Nipsey Hussle,0EeQBlQJFiAfJeVN2vT9s0,Hit-Boy,6q3p11nP1p80Ey6LrOOSed,1,['6ya8ejoKgw906Y8LWclqrp']
Hit-Boy,6q3p11nP1p80Ey6LrOOSed,Roddy Ricch,757aE44tKEUQEqRuT6GnEB,1,['6ya8ejoKgw906Y8LWclqrp']
Jonita Gandhi,00sCATpEvwH48ays7PlQFU,Anirudh Ravichander,4zCH9qm4R2DADamUHMCa6O,1,['6yvxu91deFKt3X1QoV6qMv']
Dj Chadin do C,1vzbmGlmb0yoO6drUgxm5C,Mc Ws da leste,5Rs4gTYf15iES8jXZqhx2L,1,['6zLBR9izBeZ1d0pfuwJgRa']
MC Cothiê,0TfWqqSFcyuhcNnp5oL83k,Mc Ws da leste,5Rs4gTYf15iES8jXZqhx2L,1,['6zLBR9izBeZ1d0pfuwJgRa']
MC Cothiê,0TfWqqSFcyuhcNnp5oL83k,Dj Chadin do C,1vzbmGlmb0yoO6drUgxm5C,1,['6zLBR9izBeZ1d0pfuwJgRa']
Maren Morris,6WY7D3jk8zTrHtmkqqo5GI,Thomas Rhett,6x2LnllRG5uGarZMsD4iO8,1,['6zLdXcmvIxnAXpz9sXFnIE']
Miley Cyrus,5YGY8feqx7naU7z4HrwZM6,Ariana Grande,66CXWjxzNUsdJxJ2JdwvnR,1,['6zegtH6XXd2PDPLvy1Y0n2']
Lana Del Rey,00FQb4jTyendYWaN8pK0wa,Ariana Grande,66CXWjxzNUsdJxJ2JdwvnR,1,['6zegtH6XXd2PDPLvy1Y0n2']
Lana Del Rey,00FQb4jTyendYWaN8pK0wa,Miley Cyrus,5YGY8feqx7naU7z4HrwZM6,1,['6zegtH6XXd2PDPLvy1Y0n2']
The Flint Chozen Choir,09BrKhoBYOu5vHVkBZ5U5X,Big Sean,0c173mlxpT3dSFRgMO8XPh,1,['6zpXc7WJ3TqYWb02B6sKyF']
Big Sean,0c173mlxpT3dSFRgMO8XPh,Starrah,6DpWtzfwV8fcwP6fXckDVu,1,['6zpXc7WJ3TqYWb02B6sKyF']
The Flint Chozen Choir,09BrKhoBYOu5vHVkBZ5U5X,Starrah,6DpWtzfwV8fcwP6fXckDVu,1,['6zpXc7WJ3TqYWb02B6sKyF']
A Boogie Wit da Hoodie,31W5EY0aAly4Qieq6OFu6I,Roddy Ricch,757aE44tKEUQEqRuT6GnEB,2,"['6ztvsy3C6hPjVg9j4x1XKJ', '733c1CWmIGymoQXdp7Us88']"
Miley Cyrus,5YGY8feqx7naU7z4HrwZM6,Beyoncé,6vWDO969PvNqNYHIOW5v0m,1,['6zuPQl2RVqQ4y5nAH61CFC']
Lady Gaga,1HY2Jd0NmPuamShAr6KMms,Pabllo Vittar,6tzRZ39aZlNqlUzQlkuhDV,1,['70FhY7hwautR5xB1qnHzVn']
X Ambassadors,3NPpFNZtSTHheNBaWC82rB,ILLENIUM,45eNHdiiabvmbp4erw26rg,1,['70YPzqSEwJvAIQ6nMs1cjY']
Khalid,6LuN9FCkKOj5PcnpouEgny,Ed Sheeran,6eUKZXaKkcviH0Ku9w2n3V,1,['70eFcWOvlMObDhURTqT4Fv']
Shakira,0EmeFodog0BfCgMzAIvKQp,Nicky Jam,1SupJlEpv7RS2tPNRaHViT,1,['70lnL3QaSOIIyMa2X9aVRL']
BTS,3Nrfpe0tUJi4K4DXYWgMUX,Juice WRLD,4MCBfE4596Uoi2O4DtmEMz,2,"['70sKIAQgaVN2zWEEyOpyMZ', '7DF8lvLdV3htIbuTWpc7lR']"
Summer Cem,3drqpTL4sQOckmAfF9i1wg,GRiNGO,5Sjj30aHCmKcM9SdVX7PBK,1,['70zRDnEkOhVb51fZA13khd']
V,3JsHnjpbhX4SnySpvpa9DK,Bing Crosby,6ZjFtWeHP9XN7FeKSUe80S,1,['7134tEHq45eL6am9oVazZU']
Loredana,2Im8m4STDBosjfmb5hmP80,Zuna,2otUckChxWf2cp6UP2cD6e,1,['719aY5gAzJbx2PHjyalZQu']
SRNO,0Kwf0zcciIFGLCKiqNcO6Q,Zuna,2otUckChxWf2cp6UP2cD6e,1,['719aY5gAzJbx2PHjyalZQu']
SRNO,0Kwf0zcciIFGLCKiqNcO6Q,Loredana,2Im8m4STDBosjfmb5hmP80,1,['719aY5gAzJbx2PHjyalZQu']
Capital Bra,4WZGDpNwrC0vNQyl9QzF7d,XATAR,6XFQvBHGEr3mRfOHcqPXv8,1,['71XGMPKmWtVxO7bGcGZhbn']
SAMY,3m785bWzNnoLuIJP88DUN1,Capital Bra,4WZGDpNwrC0vNQyl9QzF7d,1,['71XGMPKmWtVxO7bGcGZhbn']
SAMY,3m785bWzNnoLuIJP88DUN1,XATAR,6XFQvBHGEr3mRfOHcqPXv8,1,['71XGMPKmWtVxO7bGcGZhbn']
Andrew Andraos,0ffoIkovMbaG01Y6U2jyAS,Esprit Ange Andraos,3tEWysDnxoUDsBi1rUruzj,1,['71avPtayHSPwC2MUfRLOdC']
Kygo,23fqKkggKUBHNkbKtXEls4,X Ambassadors,3NPpFNZtSTHheNBaWC82rB,1,['71qB68guEJjbvtjlkZ8DF5']
Don Toliver,4Gso3d4CscCijv0lmajZWs,Charlie Wilson,6CxZzQFUTM6AzgluGwtq5w,1,['724YXkrlOINBst64isK3KP']
Cash Cobain,2R0CFyeMDiRbfkhkIMbyl1,Don Toliver,4Gso3d4CscCijv0lmajZWs,1,['724YXkrlOINBst64isK3KP']
Cash Cobain,2R0CFyeMDiRbfkhkIMbyl1,Charlie Wilson,6CxZzQFUTM6AzgluGwtq5w,1,['724YXkrlOINBst64isK3KP']
Mari Fernandez,0BHm7qbh3ENxvXzkQAG7MP,Marcynho Sensação,4dnPDc045bVjibyATxVUOs,1,['72g37RoelSnovZakG5MwnF']
B Praak,56SjZARoEvag3RoKWIb16j,Jasleen Royal,74OaRjmyh0XyRZsQQQ5l7c,1,['72zHuDxFQTjbL51qJQSA7j']
Romy,0bRPtPZQkWHeG7MGk9eWlh,Jasleen Royal,74OaRjmyh0XyRZsQQQ5l7c,1,['72zHuDxFQTjbL51qJQSA7j']
Romy,0bRPtPZQkWHeG7MGk9eWlh,B Praak,56SjZARoEvag3RoKWIb16j,1,['72zHuDxFQTjbL51qJQSA7j']
Gunna,2hlmm7s2ICUX0LVIhVFlZQ,A Boogie Wit da Hoodie,31W5EY0aAly4Qieq6OFu6I,1,['733c1CWmIGymoQXdp7Us88']
London On Da Track,5Nf5yishRW9Ye174sJISkg,Roddy Ricch,757aE44tKEUQEqRuT6GnEB,1,['733c1CWmIGymoQXdp7Us88']
Gunna,2hlmm7s2ICUX0LVIhVFlZQ,London On Da Track,5Nf5yishRW9Ye174sJISkg,1,['733c1CWmIGymoQXdp7Us88']
A Boogie Wit da Hoodie,31W5EY0aAly4Qieq6OFu6I,Internet Money,6MPCFvOQv5cIGfw3jODMF0,1,['735RSTb2xbtWbDtKD9XDYi']
A Boogie Wit da Hoodie,31W5EY0aAly4Qieq6OFu6I,Lil Tecca,4Ga1P7PMIsmqEZqhYZQgDo,1,['735RSTb2xbtWbDtKD9XDYi']
Jason Derulo,07YZf4WDAMNwqr4jfgOZ8y,Sofía Reyes,0haZhu4fFKt0Ag94kZDiz2,1,['737gzPI5VAmgUGWiJ9yXuu']
Jason Derulo,07YZf4WDAMNwqr4jfgOZ8y,De La Ghetto,3EiLUeyEcA6fbRPSHkG5kb,1,['737gzPI5VAmgUGWiJ9yXuu']
Drake,3TVXtAsR1Inumwj472S9r4,N.E.R.D,5wPoxI5si3eJsYYwyXV4Wi,1,['739vCwA3EpBSkk3uDsI2wB']
Koe Wetzel,1Tie3AZgLQZqYEp8Fv4zOZ,Jessie Murph,2yLzlEFtIS0Q9UkyBZdQA7,1,['73KAidtqbDftZjy8AD0H04']
WILLOW,3rWZHrfrsPBxVy692yAIxF,Camila Cabello,4nDoRrQiYLoBzwC5BhVJzF,1,['73cnVqsbZygieKi8xF10sO']
Robin Schulz,3t5xRXzsuZmMDkQzgOX35S,Oliver Tree,6TLwD7HPWuiOzvXEa3oCNe,1,['73vIOb4Q7YN6HeJTbscRx5']
Eric Church,2IvkS5MXK0vPGnwyJsrEyV,Morgan Wallen,4oUHIQIBe0LHzYfvXNW4QM,1,['73zawW1ttszLRgT9By826D']
Future,1RyvyyTE3xzB2ZywiAwp0i,YoungBoy Never Broke Again,7wlFDEWiM5OoIAt8RSli8b,1,['740kQ8xwSGloumdiKR5Cwz']
Nicki Minaj,0hCNtLu0JehylgoiP8L4Gh,Aqua,6kBjAFKyd0he7LiA5GQ3Gz,1,['741UUVE2kuITl0c6zuqqbO']
Ice Spice,3LZZPxNDGDFVSIPqf4JuEf,Aqua,6kBjAFKyd0he7LiA5GQ3Gz,1,['741UUVE2kuITl0c6zuqqbO']
Sam Smith,2wY79sveU1sp5g7SokKOiI,Madonna,6tbjWDEIzxoDsBA1FuhfPW,1,['74APVIUFqFFM1ML6SE7xxL']
Rauw Alejandro,1mcTU81TzQhprhouKaTkpq,KEVVO,4QrBoWLm2WNlPdbFhmlaUZ,1,['74j34STf8L6uADnTN69ohv']
Rauw Alejandro,1mcTU81TzQhprhouKaTkpq,Bryant Myers,6w9ToX5slZ4uIdmD17hJ3c,1,['74j34STf8L6uADnTN69ohv']
Chencho Corleone,37230BxxYs9ksS7OkZw3IU,KEVVO,4QrBoWLm2WNlPdbFhmlaUZ,1,['74j34STf8L6uADnTN69ohv']
Chencho Corleone,37230BxxYs9ksS7OkZw3IU,Bryant Myers,6w9ToX5slZ4uIdmD17hJ3c,1,['74j34STf8L6uADnTN69ohv']
Lyanno,1Ts9of7VPZElwPQnqnDSfW,Chencho Corleone,37230BxxYs9ksS7OkZw3IU,1,['74j34STf8L6uADnTN69ohv']
KEVVO,4QrBoWLm2WNlPdbFhmlaUZ,Bryant Myers,6w9ToX5slZ4uIdmD17hJ3c,1,['74j34STf8L6uADnTN69ohv']
Lyanno,1Ts9of7VPZElwPQnqnDSfW,KEVVO,4QrBoWLm2WNlPdbFhmlaUZ,1,['74j34STf8L6uADnTN69ohv']
Dalex,0KPX4Ucy9dk82uj4GpKesn,KEVVO,4QrBoWLm2WNlPdbFhmlaUZ,1,['74j34STf8L6uADnTN69ohv']
Dalex,0KPX4Ucy9dk82uj4GpKesn,Bryant Myers,6w9ToX5slZ4uIdmD17hJ3c,1,['74j34STf8L6uADnTN69ohv']
Dalex,0KPX4Ucy9dk82uj4GpKesn,Lyanno,1Ts9of7VPZElwPQnqnDSfW,1,['74j34STf8L6uADnTN69ohv']
Ski Mask The Slump God,2rhFzFmezpnW82MNqEKVry,Juice WRLD,4MCBfE4596Uoi2O4DtmEMz,1,['74lnM5V6ecvoTPV0fvptx9']
Mike WiLL Made-It,0NWbwDZY1VkRqFafuQm6wk,Pharrell Williams,2RdwBSPQiwcmiDo9kixcl8,1,['74wpYGsVh2J13iAmmg1Uln']
Mike WiLL Made-It,0NWbwDZY1VkRqFafuQm6wk,Kendrick Lamar,2YZyLoL8N0Wb9xBt1NhZWg,1,['74wpYGsVh2J13iAmmg1Uln']
MYA,5Rj6rNR8zIlUUDCs1OyPmW,TINI,7vXDAI8JwjW531ouMGbfcp,1,['74znaWw1hmQBusGPSOuTFy']
Duki,1bAftSH8umNcGZ0uyV7LMg,MYA,5Rj6rNR8zIlUUDCs1OyPmW,1,['74znaWw1hmQBusGPSOuTFy']
Duki,1bAftSH8umNcGZ0uyV7LMg,TINI,7vXDAI8JwjW531ouMGbfcp,1,['74znaWw1hmQBusGPSOuTFy']
Lil Dicky,1tqhsYv8yBBdwANFNzHtcr,Justin Bieber,1uNFoZAHBGtllmzznpCI3s,1,['75nKBP8jQu681pTNCtrEnn']
Rels B,2IMZYfNi21MGqxopj9fWx8,Junior H,7Gi6gjaWy3DxyilpF1a8Is,1,['75qepWUT3FEyPyXQMMMVZm']
MC Kekel,2ZXnTEyYopSLCDiz5Z0XIf,MC Rita,5yES5e4EJpUB0tfmWi3eao,1,['76KDy62J99FKu6ZsxMJy3j']
Willie Nelson,5W5bDNCqJ1jbCgTxDD0Cb3,Beyoncé,6vWDO969PvNqNYHIOW5v0m,1,['76OC0zMt7wqgys9BpPfLag']
Neil deGrasse Tyson,1v3r802Az10JtIzSPawWzw,Logic,4xRYI6VqpkE3UwrDrAZL8L,1,['76ZrqdtkKxhMl42xAQTnFm']
21 Savage,1URnnhqYAYcrqrcwql10ft,James Blake,53KwLdlmrlCelAZMaLVZqU,1,['76gcXhY3Zv6wW0BTe9nHJo']
Babes Wodumo,3jfVtv9mWfW0c5b3Fx440e,Zacari,3qBKjEOanahMxlRojwCzhI,1,['76iVOVsliCHlWqKuDnCfhE']
TOMORROW X TOGETHER,0ghlgldX5Dd6720Q3qFyQB,Coi Leray,6AMd49uBDJfhf30Ak2QR5s,1,['77LZvE2XLYn2AW55UxIG8H']
Lil Tecca,4Ga1P7PMIsmqEZqhYZQgDo,Lil Uzi Vert,4O15NlyKLIASxsJ0PrXPfz,1,['77Xwqkw7VrV8E5FCq9JhO8']
KAROL G,790FomKkXshlbRYZFtlgla,Jonas Brothers,7gOdHgIoIKoe4i9Tta6qdD,1,['77fvnWALKJR0ws1VUx09CY']
Hailee Steinfeld,5p7f24Rk5HkUZsaS3BLG5F,mgk,6TIYQ3jFPwQSRmorSezPxX,1,['77lGafvlU68CeHgB2pkHC9']
Logic,4xRYI6VqpkE3UwrDrAZL8L,Black Thought,6DJEUXZm0e2rAohdoZ5Voo,1,['77mLzdHEWRB60CLlV02TV2']
Chuck D,1JfH8gevkDviqs50A5NO0L,Logic,4xRYI6VqpkE3UwrDrAZL8L,1,['77mLzdHEWRB60CLlV02TV2']
Logic,4xRYI6VqpkE3UwrDrAZL8L,Big Lenbo,5G1ozOoTwFiVTKjYMj1HAJ,1,['77mLzdHEWRB60CLlV02TV2']
No ID,4TNLCgKNImRbj2bb7g52wH,Logic,4xRYI6VqpkE3UwrDrAZL8L,1,['77mLzdHEWRB60CLlV02TV2']
Chuck D,1JfH8gevkDviqs50A5NO0L,Black Thought,6DJEUXZm0e2rAohdoZ5Voo,1,['77mLzdHEWRB60CLlV02TV2']
Big Lenbo,5G1ozOoTwFiVTKjYMj1HAJ,Black Thought,6DJEUXZm0e2rAohdoZ5Voo,1,['77mLzdHEWRB60CLlV02TV2']
No ID,4TNLCgKNImRbj2bb7g52wH,Black Thought,6DJEUXZm0e2rAohdoZ5Voo,1,['77mLzdHEWRB60CLlV02TV2']
Chuck D,1JfH8gevkDviqs50A5NO0L,Big Lenbo,5G1ozOoTwFiVTKjYMj1HAJ,1,['77mLzdHEWRB60CLlV02TV2']
Chuck D,1JfH8gevkDviqs50A5NO0L,No ID,4TNLCgKNImRbj2bb7g52wH,1,['77mLzdHEWRB60CLlV02TV2']
No ID,4TNLCgKNImRbj2bb7g52wH,Big Lenbo,5G1ozOoTwFiVTKjYMj1HAJ,1,['77mLzdHEWRB60CLlV02TV2']
Mikky Ekko,1buzCmyYZE4kcdLRudsb8V,Rihanna,5pKCCKE2ajJHZ9KAiaK11H,1,['789CxjEOtO76BVD1A9yJQH']
Bushido,3c96G4d2lUOxhomM2mby5S,Samra,6h1s4i4XKIYv4ErDelLDN0,1,['78CLZUWhsxIDwObCKOh1fh']
Bushido,3c96G4d2lUOxhomM2mby5S,Capital Bra,4WZGDpNwrC0vNQyl9QzF7d,1,['78CLZUWhsxIDwObCKOh1fh']
LUDMILLA,3CDoRporvSjdzTrm99a3gi,Mc Doguinha,6GX3y0u61X0EHZZogsQFbL,1,['78Q2gghkt8iLJ7J0Uc4QYb']
MC Pupio,0n9VWli2NkR8OqJS4dXTqw,LUDMILLA,3CDoRporvSjdzTrm99a3gi,1,['78Q2gghkt8iLJ7J0Uc4QYb']
MC Pupio,0n9VWli2NkR8OqJS4dXTqw,Mc Doguinha,6GX3y0u61X0EHZZogsQFbL,1,['78Q2gghkt8iLJ7J0Uc4QYb']
NATHY PELUSO,3VHAySZQPlfGlNLslzXYpN,Bizarrap,716NhGYqD1jl2wI1Qkgq36,1,['78SeXVRJ7KCqVmOwTiFjnI']
Jack White,4FZ3j1oH43e7cukCALsCwf,Beyoncé,6vWDO969PvNqNYHIOW5v0m,1,['78eouBKVRyhbSzJwChr6QM']
Kygo,23fqKkggKUBHNkbKtXEls4,Kim Petras,3Xt3RrJMFv5SZkCfUE8C1J,1,['78ldtCaBRJVp2i91B715L0']
Starley,02A3cEvlLLCbIMVDrK2GHV,Ryan Riback,33JQK4UoS2aMPYBfdB5Ftt,1,['78rIJddV4X0HkNAInEcYde']
G-Eazy,02kJSzxNuaWGqwubyUba0Z,Yo Gotti,6Ha4aES39QiVjR0L2lwuwq,1,['794QVQtFNy7hvtjQP1keQd']
G-Eazy,02kJSzxNuaWGqwubyUba0Z,YBN Nahmir,3gGUMEwIX6XodWsYEvKSal,1,['794QVQtFNy7hvtjQP1keQd']
YBN Nahmir,3gGUMEwIX6XodWsYEvKSal,Yo Gotti,6Ha4aES39QiVjR0L2lwuwq,1,['794QVQtFNy7hvtjQP1keQd']
Juan Magán,1ackd5XprZEkH3McKbQD51,Mala Rodríguez,3Ces1OJeGOVGcUB0wPaPXJ,1,['79HTe42PihWUUq4BDjcuCq']
PEDRO SAMPAIO,5wbf52LA6kcaboHSN6NEF1,Anitta,7FNnA9vBm6EKceENgCGRMb,1,['7ARoqP7G8UYW8SyYPyPp7k']
Ana Castela,2CKOmarVWvWqkNWUatHCex,Melody,7ySZCEP4HFGckYYPK5rqFI,1,['7AwVSKaQxpidrtYBerkHKk']
Dj Chris No Beat,0vdcZzmneH0nK9CYFHQBjk,Ana Castela,2CKOmarVWvWqkNWUatHCex,1,['7AwVSKaQxpidrtYBerkHKk']
Dj Chris No Beat,0vdcZzmneH0nK9CYFHQBjk,Melody,7ySZCEP4HFGckYYPK5rqFI,1,['7AwVSKaQxpidrtYBerkHKk']
Natanael Cano,0elWFr7TW8piilVRYJUe4P,Tito Double P,5eumcnUkdmGvkvcsx1WFNG,1,['7AysIqSEDiwP4CUsAXJwrk']
Wazir Patar,3bCfmBmsKvp4UXialp6xNZ,Sidhu Moose Wala,4PULA4EFzYTrxYvOVlwpiQ,1,['7B4uYqxTpTOS1sgxFB9Ann']
Sebastian Yatra,07YUOmWljBTXwIseAUd9TW,Morat,5C4PDR4LnhZTbVnKWXuDKD,1,['7BEPdOI0neT6p7PnLViqmH']
Halsey,26VFTg2z8YR0cCuwLzESi2,The Chainsmokers,69GGBxA162lTqCwzJG5jLp,1,['7BKLCZ1jbUBVqRi2FVlTVw']
Damian Lemar Hudson,4L1YBxxAxQx0HG8lgPcFcJ,Logic,4xRYI6VqpkE3UwrDrAZL8L,1,['7BKUWh5sdtdS17crohRe4L']
Damso,2UwqpfQtNuhBwviIC0f2ie,Hamza,5gs4Sm2WQUkcGeikMcVHbh,1,['7BO3y8lmogACezwHqZ1HTB']
Yahritza Y Su Esencia,51ZSh80McCt7vbqHouzW0A,Grupo Frontera,6XkjpgcEsYab502Vr1bBeW,1,['7BVMtLpd7edHeOizt4RWz9']
The Neptunes,0KuF7reCTOZwV7YJnHQqgr,SZA,7tYKF4w9nC0nq9CsPZTHyP,1,['7Bar1kLTmsRmH6FCKKMEyU']
Pharrell Williams,2RdwBSPQiwcmiDo9kixcl8,SZA,7tYKF4w9nC0nq9CsPZTHyP,1,['7Bar1kLTmsRmH6FCKKMEyU']
Ty Dolla $ign,7c0XG5cIJTrrAgEC3ULPiq,SZA,7tYKF4w9nC0nq9CsPZTHyP,1,['7Bar1kLTmsRmH6FCKKMEyU']
The Neptunes,0KuF7reCTOZwV7YJnHQqgr,Pharrell Williams,2RdwBSPQiwcmiDo9kixcl8,1,['7Bar1kLTmsRmH6FCKKMEyU']
The Neptunes,0KuF7reCTOZwV7YJnHQqgr,Ty Dolla $ign,7c0XG5cIJTrrAgEC3ULPiq,1,['7Bar1kLTmsRmH6FCKKMEyU']
Pharrell Williams,2RdwBSPQiwcmiDo9kixcl8,Ty Dolla $ign,7c0XG5cIJTrrAgEC3ULPiq,1,['7Bar1kLTmsRmH6FCKKMEyU']
Ozuna,1i8SpTcr7yvPOmcqrbnVXY,ROSALÍA,7ltDVBr6mKbRvohxheJ9h1,1,['7BlBVFwvbWvcwNcUarQmjk']
Wisin & Yandel,1wZtkThiXbVNtj6hee6dz9,Romeo Santos,5lwmRuXgjX8xIwlnauTZIP,1,['7BuHdm4lQqcyG3qTwdkxus']
Sebastian Yatra,07YUOmWljBTXwIseAUd9TW,Daddy Yankee,4VMYDCV2IEDYJArk749S6m,1,['7BuSE9uTIw931wtZYzvZcQ']
Sebastian Yatra,07YUOmWljBTXwIseAUd9TW,NATTI NATASHA,1GDbiv3spRmZ1XdM1jQbT7,1,['7BuSE9uTIw931wtZYzvZcQ']
Sebastian Yatra,07YUOmWljBTXwIseAUd9TW,Jonas Brothers,7gOdHgIoIKoe4i9Tta6qdD,1,['7BuSE9uTIw931wtZYzvZcQ']
Daddy Yankee,4VMYDCV2IEDYJArk749S6m,Jonas Brothers,7gOdHgIoIKoe4i9Tta6qdD,1,['7BuSE9uTIw931wtZYzvZcQ']
NATTI NATASHA,1GDbiv3spRmZ1XdM1jQbT7,Jonas Brothers,7gOdHgIoIKoe4i9Tta6qdD,1,['7BuSE9uTIw931wtZYzvZcQ']
The Chainsmokers,69GGBxA162lTqCwzJG5jLp,Aazar,7oNtf1MwhHcyXRsYXE1WsG,1,['7Bvp5JUJiyUrMgvH4DR0wH']
Felix Jaehn,4bL2B6hmLlMWnUEZnorEtG,Nea,7nqlScm2smydSRl13eaP8E,1,['7C1trmcQQ5n5RNy4l6ziCv']
MEDUZA,0xRXCcSX89eobfrshSVdyu,Becky Hill,4EPJlUEBy49EX1wuFOvtjK,1,['7CHi4DtfK4heMlQaudCuHK']
Goodboys,2nm38smINjms1LtczR0Cei,Becky Hill,4EPJlUEBy49EX1wuFOvtjK,1,['7CHi4DtfK4heMlQaudCuHK']
Igow,3Uees4yarZxpOrkxJsU8jA,Zé Felipe,7cmuxPnXRJxwuYDHfbD8Eu,1,['7CJJ7JC3kj9XdweWTvfVhX']
Wesley Safadão,1AL2GKpmRrKXkYIcASuRFa,Igow,3Uees4yarZxpOrkxJsU8jA,1,['7CJJ7JC3kj9XdweWTvfVhX']
Duki,1bAftSH8umNcGZ0uyV7LMg,BANDIDO,7CSpCpNGTK9589bTi44SzE,1,['7COGuXyTr12KvdaYXMqheC']
Rei,4IG1SDlwgNKzqTmjBrvY3K,BANDIDO,7CSpCpNGTK9589bTi44SzE,1,['7COGuXyTr12KvdaYXMqheC']
Tiago PZK,5Y3MV9DZ0d87NnVm56qSY1,BANDIDO,7CSpCpNGTK9589bTi44SzE,1,['7COGuXyTr12KvdaYXMqheC']
Duki,1bAftSH8umNcGZ0uyV7LMg,Rei,4IG1SDlwgNKzqTmjBrvY3K,1,['7COGuXyTr12KvdaYXMqheC']
Rei,4IG1SDlwgNKzqTmjBrvY3K,Tiago PZK,5Y3MV9DZ0d87NnVm56qSY1,1,['7COGuXyTr12KvdaYXMqheC']
J Balvin,1vyhD5VmyZ7KMfW5gqLgo5,Willy William,4RSyJzf7ef6Iu2rnLdabNq,2,"['7COfe3P7KgfwDwIRB8LIDw', '7fwXWKdDNI5IutOMc5OKYw']"
Travis Scott,0Y5tJX1MQlPlqiwlOH1tJY,Ozzy Osbourne,6ZLTlhejhndI4Rh53vYhrY,1,['7CZyCXKG6d5ALeq41sLzbw']
The Neptunes,0KuF7reCTOZwV7YJnHQqgr,Pop Smoke,0eDvMgVFoNV3TpwtrVCoTj,1,['7ClZUuzhHULLKjjrHEz6HF']
Pop Smoke,0eDvMgVFoNV3TpwtrVCoTj,BEAM,46MWeeHNVMYRIIofQBEX98,1,['7ClZUuzhHULLKjjrHEz6HF']
Pop Smoke,0eDvMgVFoNV3TpwtrVCoTj,TRAVI,4np9Zzw0SEYQLcGv28P51q,1,['7ClZUuzhHULLKjjrHEz6HF']
The Neptunes,0KuF7reCTOZwV7YJnHQqgr,BEAM,46MWeeHNVMYRIIofQBEX98,1,['7ClZUuzhHULLKjjrHEz6HF']
The Neptunes,0KuF7reCTOZwV7YJnHQqgr,Pusha T,0ONHkAv9pCAFxb0zJwDNTy,1,['7ClZUuzhHULLKjjrHEz6HF']
The Neptunes,0KuF7reCTOZwV7YJnHQqgr,TRAVI,4np9Zzw0SEYQLcGv28P51q,1,['7ClZUuzhHULLKjjrHEz6HF']
Pusha T,0ONHkAv9pCAFxb0zJwDNTy,BEAM,46MWeeHNVMYRIIofQBEX98,1,['7ClZUuzhHULLKjjrHEz6HF']
BEAM,46MWeeHNVMYRIIofQBEX98,TRAVI,4np9Zzw0SEYQLcGv28P51q,1,['7ClZUuzhHULLKjjrHEz6HF']
Pusha T,0ONHkAv9pCAFxb0zJwDNTy,TRAVI,4np9Zzw0SEYQLcGv28P51q,1,['7ClZUuzhHULLKjjrHEz6HF']
The Weeknd,1Xyo4u8uXC1ZmMpatF05PJ,JENNIE,250b0Wlc5Vk0CoUsaCY84M,1,['7CyPwkp0oE8Ro9Dd5CUDjW']
The Weeknd,1Xyo4u8uXC1ZmMpatF05PJ,Lily-Rose Depp,1pBLC0qVRTB5zVMuteQ9jJ,1,['7CyPwkp0oE8Ro9Dd5CUDjW']
Lily-Rose Depp,1pBLC0qVRTB5zVMuteQ9jJ,JENNIE,250b0Wlc5Vk0CoUsaCY84M,1,['7CyPwkp0oE8Ro9Dd5CUDjW']
SUGA,0ebNdVaOfp6N0oZ1guIxM8,Juice WRLD,4MCBfE4596Uoi2O4DtmEMz,1,['7DF8lvLdV3htIbuTWpc7lR']
Mansa Of The Hill,09OSlbN2DUUOG9cbRWdWuT,Tory Lanez,2jku7tDXc6XoB6MO2hFuqg,1,['7DHNcoR73yUYCSn6PqBgkH']
Maluma,1r4hJ1h58CWwUQe3MxPuau,Ricky Martin,7slfeZO9LsJbWgpkIoXBUJ,1,['7DM4BPaS7uofFul3ywMe46']
Simone Mendes,2eK9gcJQ6uqVvJL63dnOM3,Guilherme & Benuto,6m6e7D2TnV0aYMllFFwMxu,1,['7DkhndGTKaqkFxxKN7XlAh']
Big Sean,0c173mlxpT3dSFRgMO8XPh,21 Savage,1URnnhqYAYcrqrcwql10ft,1,['7DuvVy7JfFgXwWlVzyyPys']
AYLIVA,2rEVnwCPBeGkWMv425KoG1,MERO,5wyWp867LWGjFmYZXVSFnZ,1,['7DyDjhZMEIK5Ied4juTCyc']
Grupo Firme,1dKdetem2xEmjgvyymzytS,Carin Leon,66ihevNkSYNzRAl44dx6jJ,1,['7E9GeFGfjXw9LAI4ay6rsw']
Wesley Safadão,1AL2GKpmRrKXkYIcASuRFa,Os Barões Da Pisadinha,5Lv2GUVwqmQBPwrTrxucE5,1,['7EWXP47VlXKO3r7mNxuWHw']
BTS,3Nrfpe0tUJi4K4DXYWgMUX,Desiigner,7pFeBzX627ff0VnN6bxPR4,1,['7Ed6BkggCS2KaKY5YlINaF']
Steve Aoki,77AiFEVeAVj2ORpC85QVJs,Desiigner,7pFeBzX627ff0VnN6bxPR4,1,['7Ed6BkggCS2KaKY5YlINaF']
Westside Gunn,0ABk515kENDyATUdpCKVfW,Travis Scott,0Y5tJX1MQlPlqiwlOH1tJY,1,['7EiUtdeoWcKqLi5ELZCjYf']
A$AP Rocky,13ubrt8QOOCPljQ2FL1Kca,The Weeknd,1Xyo4u8uXC1ZmMpatF05PJ,1,['7F1LWA9sIlTorHUo4amGqk']
A$AP Rocky,13ubrt8QOOCPljQ2FL1Kca,Young Thug,50co4Is1HCEo8bhOyUWKpn,2,"['7F1LWA9sIlTorHUo4amGqk', '7zjEyeBsaw9gV0jofJLfOM']"
Kid Cudi,0fA0VVWsXO9YnASrzqfmYu,Drake,3TVXtAsR1Inumwj472S9r4,1,['7F9cT6hIRhnFCYP6GKS0tf']
Louis Tomlinson,57WHJIHrjOE3iAxpihhMnp,Bebe Rexha,64M6ah0SkkRsnPGtGiRAbb,1,['7F9vK8hNFMml4GtHsaXui6']
Louis Tomlinson,57WHJIHrjOE3iAxpihhMnp,Digital Farm Animals,5fyDppLDl1juIu1BcUT5zh,1,['7F9vK8hNFMml4GtHsaXui6']
Digital Farm Animals,5fyDppLDl1juIu1BcUT5zh,Bebe Rexha,64M6ah0SkkRsnPGtGiRAbb,1,['7F9vK8hNFMml4GtHsaXui6']
Kodak Black,46SHBwWsqBkxI7EeeBEQG7,Roddy Ricch,757aE44tKEUQEqRuT6GnEB,1,['7FCDmAel69bzxRkOxbh2dB']
Cordae,0huGjMyP507tBCARyzSkrv,NF,6fOMl44jA4Sp5b9PpYCkzz,1,['7FET9gtiECWn7llt0sfvtU']
Lil Durk,3hcs9uc56yIGFCSy9leWe7,Pooh Shiesty,5F1aAS1duwlzExnPs3l2Xe,1,['7FGdjbZ32vMybPuP0IuE7d']
Halsey,26VFTg2z8YR0cCuwLzESi2,benny blanco,5CiGnKThu5ctn9pBxv7DGa,1,['7FGq80cy8juXBCD2nrqdWU']
benny blanco,5CiGnKThu5ctn9pBxv7DGa,Khalid,6LuN9FCkKOj5PcnpouEgny,1,['7FGq80cy8juXBCD2nrqdWU']
Halsey,26VFTg2z8YR0cCuwLzESi2,Khalid,6LuN9FCkKOj5PcnpouEgny,1,['7FGq80cy8juXBCD2nrqdWU']
Farruko,329e4yvIujISKGKz1BZZbO,Bad Bunny,4q3ewBCX7sLwd24euuV69X,1,['7FfpP3YZ6fOWMdxkIAtud9']
Rvssian,1fctva4kpRbg2k3v7kwRuS,Farruko,329e4yvIujISKGKz1BZZbO,1,['7FfpP3YZ6fOWMdxkIAtud9']
Rvssian,1fctva4kpRbg2k3v7kwRuS,Bad Bunny,4q3ewBCX7sLwd24euuV69X,1,['7FfpP3YZ6fOWMdxkIAtud9']
MC Kevin o Chris,2UMj7NCbuqy1yUZmiSYGjJ,FP do Trem Bala,5hPHLE5ssifxHX5bhK8iXR,1,['7FiIQXpIeLo3ITfGGpb8PB']
Felix Jaehn,4bL2B6hmLlMWnUEZnorEtG,NOTD,5jAMCwdNHWr7JThxtMuEyy,1,['7FjZU7XFs7P9jHI9Z0yRhK']
Captain Cuts,0rlKkLkpsCnJbZethGBfAk,NOTD,5jAMCwdNHWr7JThxtMuEyy,1,['7FjZU7XFs7P9jHI9Z0yRhK']
NOTD,5jAMCwdNHWr7JThxtMuEyy,Georgia Ku,5mYakBbBzPMQTfkVMIgiDM,1,['7FjZU7XFs7P9jHI9Z0yRhK']
Captain Cuts,0rlKkLkpsCnJbZethGBfAk,Felix Jaehn,4bL2B6hmLlMWnUEZnorEtG,1,['7FjZU7XFs7P9jHI9Z0yRhK']
Felix Jaehn,4bL2B6hmLlMWnUEZnorEtG,Georgia Ku,5mYakBbBzPMQTfkVMIgiDM,1,['7FjZU7XFs7P9jHI9Z0yRhK']
Captain Cuts,0rlKkLkpsCnJbZethGBfAk,Georgia Ku,5mYakBbBzPMQTfkVMIgiDM,1,['7FjZU7XFs7P9jHI9Z0yRhK']
MC Kevinho,1mXAhKnZEdF6rotyyd4GBi,Anitta,7FNnA9vBm6EKceENgCGRMb,1,['7G2XZhDNHo7SSDWSVxC0UT']
V,3JsHnjpbhX4SnySpvpa9DK,Park Hyo Shin,57htMBtzpppc1yoXgjbslj,1,['7G7mSV4BebkoHWwKTDvXu9']
KIDS SEE GHOSTS,2hPgGN4uhvXAxiXQBIXOmE,Ty Dolla $ign,7c0XG5cIJTrrAgEC3ULPiq,1,['7GRTrWsP3yo2Fx8umJfA1X']
Matheus & Kauan,2Z0lRIqr997lIUiPtrpKCr,Gusttavo Lima,7MiDcPa6UiV3In7lIM71IN,1,['7GScY8oE12cqTiNBzVQpUB']
Ez Mil,1IQ4CjwKkdARjL5KtYiMt4,Eminem,7dGJo4pcD2V6oG8kP0tJRR,1,['7GXOXYdU950eRvk5rUAE8F']
Tedua,1AgAVqo74e2q4FVvg0xpT7,Fedez,3pgCLfNbw5ozIfoNsvDU7i,1,['7GeC7Nb58zsPnlFSfF0HZU']
Fedez,3pgCLfNbw5ozIfoNsvDU7i,Trippie Redd,6Xgp2XMz1fhVYe7i6yNAax,1,['7GeC7Nb58zsPnlFSfF0HZU']
Tedua,1AgAVqo74e2q4FVvg0xpT7,Trippie Redd,6Xgp2XMz1fhVYe7i6yNAax,1,['7GeC7Nb58zsPnlFSfF0HZU']
50 Cent,3q7HBObVc0L8jNeTe5Gofh,Eladio Carrion,5XJDexmWFLWOkjOEjOVX3e,1,['7GfQEUSuqYGeY2L0BfVOXM']
Future,1RyvyyTE3xzB2ZywiAwp0i,Yeat,3qiHUAX7zY4Qnjx8TNUzVx,1,['7H3lr9bsPBGFx5NyTuBBGc']
Taylor Swift,06HL4z0CvFAxyc27GXpf02,Colbie Caillat,6aZyMrc4doVtZyKNilOmwu,1,['7HC7R2D8WjXVcUHJyEGjRs']
RAF Camora,0Dvx6p8JDyzeOPGmaCIH1L,Ufo361,5pVRwX5ZQR7hfJ18w8ZYkl,1,['7HCTUZPqclRvsiefXWwyFz']
Rusherking,3Apb2lGmGJaBmr0TTBJvIZ,KHEA,4m6ubhNsdwF4psNf3R8kwR,1,['7I8L3vYCLThw2FDrE6LuzE']
Maria Becerra,1DxLCyH42yaHKGK3cl5bvG,KHEA,4m6ubhNsdwF4psNf3R8kwR,1,['7I8L3vYCLThw2FDrE6LuzE']
LIT killah,1vqR17Iv8VFdzure1TAXEq,KHEA,4m6ubhNsdwF4psNf3R8kwR,1,['7I8L3vYCLThw2FDrE6LuzE']
Wiz Khalifa,137W8MRPWKqSmrBGDBFSop,Swae Lee,1zNqQNIdeOUZHb8zbZRFMX,1,['7IBSffWIu7P2MC7kMwy2FM']
Lil Wayne,55Aa2cqylxrFIXC767Z865,YoungBoy Never Broke Again,7wlFDEWiM5OoIAt8RSli8b,1,['7IECs9d4Rrlpa7tiHOCE1w']
Mc Brinquedo,1SZXYhJz4sqEss888VmWLP,THE BOX,7gHzR22tDNSWGS4HkvvPgw,1,['7IFsTX5H1sWcEl8joV0IdD']
MC Cebezinho,5Dz2FizMLqV0Cr3c8uhEcF,THE BOX,7gHzR22tDNSWGS4HkvvPgw,1,['7IFsTX5H1sWcEl8joV0IdD']
MC Tuto,6aoGgTKGqtsjj48ymcNs4Z,THE BOX,7gHzR22tDNSWGS4HkvvPgw,1,['7IFsTX5H1sWcEl8joV0IdD']
Mc Laranjinha,1JJq541frMPfUIQiUoVrnp,THE BOX,7gHzR22tDNSWGS4HkvvPgw,1,['7IFsTX5H1sWcEl8joV0IdD']
DJ Oreia,1b8S7EPzdckRyIh0uSbOMI,THE BOX,7gHzR22tDNSWGS4HkvvPgw,1,['7IFsTX5H1sWcEl8joV0IdD']
Mc Brinquedo,1SZXYhJz4sqEss888VmWLP,MC Cebezinho,5Dz2FizMLqV0Cr3c8uhEcF,1,['7IFsTX5H1sWcEl8joV0IdD']
Mc Brinquedo,1SZXYhJz4sqEss888VmWLP,MC Tuto,6aoGgTKGqtsjj48ymcNs4Z,1,['7IFsTX5H1sWcEl8joV0IdD']
Mc Laranjinha,1JJq541frMPfUIQiUoVrnp,Mc Brinquedo,1SZXYhJz4sqEss888VmWLP,1,['7IFsTX5H1sWcEl8joV0IdD']
Mc Brinquedo,1SZXYhJz4sqEss888VmWLP,DJ Oreia,1b8S7EPzdckRyIh0uSbOMI,1,['7IFsTX5H1sWcEl8joV0IdD']
Mc Laranjinha,1JJq541frMPfUIQiUoVrnp,MC Cebezinho,5Dz2FizMLqV0Cr3c8uhEcF,1,['7IFsTX5H1sWcEl8joV0IdD']
Mc Laranjinha,1JJq541frMPfUIQiUoVrnp,MC Tuto,6aoGgTKGqtsjj48ymcNs4Z,1,['7IFsTX5H1sWcEl8joV0IdD']
Mc Laranjinha,1JJq541frMPfUIQiUoVrnp,DJ Oreia,1b8S7EPzdckRyIh0uSbOMI,1,['7IFsTX5H1sWcEl8joV0IdD']
Mc Poze do Rodo,28ie4NNTa2VW2QV4Zray8M,Neo Beats,6PERJZF7wohA034PAxDK0b,1,['7IG7laqVpcvIIULrwWP5SA']
Mainstreet,25XJqeReVV38w0tR04GGBd,Mc Poze do Rodo,28ie4NNTa2VW2QV4Zray8M,1,['7IG7laqVpcvIIULrwWP5SA']
Mainstreet,25XJqeReVV38w0tR04GGBd,Neo Beats,6PERJZF7wohA034PAxDK0b,1,['7IG7laqVpcvIIULrwWP5SA']
Justin Bieber,1uNFoZAHBGtllmzznpCI3s,Chris Brown,7bXgB6jMjp9ATFy66eO08Z,1,['7ILEWkpfdK6AjH2D7jppWk']
Ink,4ZhFCxPekpmV12n2xMeF2z,Chris Brown,7bXgB6jMjp9ATFy66eO08Z,1,['7ILEWkpfdK6AjH2D7jppWk']
Justin Bieber,1uNFoZAHBGtllmzznpCI3s,Ink,4ZhFCxPekpmV12n2xMeF2z,1,['7ILEWkpfdK6AjH2D7jppWk']
glaive,4cJKDGSv4Dz9QycXYmo565,mgk,6TIYQ3jFPwQSRmorSezPxX,1,['7IRe1bo7Zm0q5Fn9MlNMZM']
Martin Garrix,60d24wfXkVzDSfLS6hyCjZ,Justin Mylo,7MFJyevu6jq0shwDuVLymu,1,['7IWTIkiWGWNQyYfOLdMrGD']
Dewain Whitmore,1E1W3to8HhGSkkIEUMwEjd,Martin Garrix,60d24wfXkVzDSfLS6hyCjZ,1,['7IWTIkiWGWNQyYfOLdMrGD']
Dewain Whitmore,1E1W3to8HhGSkkIEUMwEjd,Justin Mylo,7MFJyevu6jq0shwDuVLymu,1,['7IWTIkiWGWNQyYfOLdMrGD']
XXXTENTACION,15UsOTVnJzReFVN1VCnxy4,Joey Bada$$,2P5sC9cVZDToPxyomzF1UH,1,['7J2gyNghNTzl4EsLhXp01Q']
Eric Land,007FXgr0jLBJxhPJjacXQH,Xand Avião,43DRDu6nLSeIedZ7T1A616,1,['7J3QMuDCSv56jRSiD9jFBF']
BM,5TP8Ubo4jLKEi4Mw2O8fAk,Callejero Fino,6GRwwWAtmusrgAL5JF9Dfr,1,['7JB29gnUowzSGRdIpeVqRQ']
BM,5TP8Ubo4jLKEi4Mw2O8fAk,La Joaqui,60XHOAhvEBiV6BGBOv8ClM,1,['7JB29gnUowzSGRdIpeVqRQ']
Lola Indigo,3bvfu2KAve4lPHrhEFDZna,BM,5TP8Ubo4jLKEi4Mw2O8fAk,1,['7JB29gnUowzSGRdIpeVqRQ']
La Joaqui,60XHOAhvEBiV6BGBOv8ClM,Callejero Fino,6GRwwWAtmusrgAL5JF9Dfr,1,['7JB29gnUowzSGRdIpeVqRQ']
Lola Indigo,3bvfu2KAve4lPHrhEFDZna,Callejero Fino,6GRwwWAtmusrgAL5JF9Dfr,1,['7JB29gnUowzSGRdIpeVqRQ']
Lola Indigo,3bvfu2KAve4lPHrhEFDZna,La Joaqui,60XHOAhvEBiV6BGBOv8ClM,1,['7JB29gnUowzSGRdIpeVqRQ']
Dominic Fike,6USv9qhCn6zfxlBQIYJ9qs,Zendaya,6sCbFbEjbYepqswM1vWjjs,1,['7JIIY2oDPFkURYMCLJuzhe']
Luck Ra,4kcQWQDK0u9AftVSpdrAgk,KHEA,4m6ubhNsdwF4psNf3R8kwR,1,['7JKptWv4YXmievid0HajID']
Brando,5uEeqYFuIChoWKy34jp8xE,Loud Luxury,6t1gpxYbY8OlLA7D2RiikQ,1,['7K7MUBCnzgBAvMVW2RTWNs']
Kali Uchis,1U1el3k54VvEUzo3ybLPlM,Tyler The Creator,4V8LLVI7PbaPR0K2TGSxFF,1,['7KA4W4McWYRpgf0fWsJZWB']
Big Time Rush,0GWCNkPi54upO9WLlwjAHd,Lil Uzi Vert,4O15NlyKLIASxsJ0PrXPfz,1,['7KGqSVxESDoLeeRCiIxZZ2']
Anuel AA,2R21vXR83lH98kGeO99Y66,Tego Calderón,3SUT1jjM5hzZj9TLfLZGIP,1,['7KKh0ujp8agIiCrkiJhf81']
Wesley Safadão,1AL2GKpmRrKXkYIcASuRFa,Israel & Rodolffo,41QLxRXlc2NwfJZkHGHKid,1,['7Kba4OaxQFQ1zlknQUpNqN']
Sabrina Carpenter,74KM79TiuVKeVCqs8QtB0B,Alan Walker,7vk5e3vY1uw9plTHJAMwjN,1,['7KhHA3mzt7A3LFlOJEAKpI']
Farruko,329e4yvIujISKGKz1BZZbO,Alan Walker,7vk5e3vY1uw9plTHJAMwjN,1,['7KhHA3mzt7A3LFlOJEAKpI']
Farruko,329e4yvIujISKGKz1BZZbO,Sabrina Carpenter,74KM79TiuVKeVCqs8QtB0B,1,['7KhHA3mzt7A3LFlOJEAKpI']
A$AP Rocky,13ubrt8QOOCPljQ2FL1Kca,Mura Masa,5Q81rlcTFh3k6DQJXPdsot,1,['7Kq16WtEJzdRSNQgdXsn7Y']
Kanye West,5K4W6rqBFWDnAN6FQUkS6x,Rihanna,5pKCCKE2ajJHZ9KAiaK11H,1,['7LR85XLWw2yXqKBSI5brbG']
Young T & Bugsey,6M6XXCcO5gI68XpIlrUL3Z,Headie One,6UCQYrcJ6wab6gnQ89OJFh,1,['7LRmDx4pMTQuOBBwRT1MCT']
Davido,0Y3agQaa6g2r0YmHPOO9rh,ODUMODUBLVCK,3LOm0AZjpwVQebvkyanjDy,1,['7LZkMeX1k8PXQJ0SVYn1A5']
Davido,0Y3agQaa6g2r0YmHPOO9rh,Chike,6zK1M4TcabpLQMNmmG2P0Q,1,['7LZkMeX1k8PXQJ0SVYn1A5']
ODUMODUBLVCK,3LOm0AZjpwVQebvkyanjDy,Chike,6zK1M4TcabpLQMNmmG2P0Q,1,['7LZkMeX1k8PXQJ0SVYn1A5']
Robin Schulz,3t5xRXzsuZmMDkQzgOX35S,HUGEL,5PlfkPxwCpRRWQJBxCa0By,1,['7Lgpic8BsBJR4jFrr9abbz']
Aaliyah,0urTpYCsixqZwgNTkPJOJ4,The Weeknd,1Xyo4u8uXC1ZmMpatF05PJ,1,['7M4fSXTAUQih72cf0FbMgA']
Justin Wellington,5lTjv8Ag00qHSGhvK4JbeF,Small Jam,6c8akjSeJQw2NYemV6qVT8,1,['7MC4XR9M9amdmKQr2iDF7i']
Wisin & Yandel,1wZtkThiXbVNtj6hee6dz9,Daddy Yankee,4VMYDCV2IEDYJArk749S6m,1,['7MRU4vOkywuhZ9kbFiPuiu']
Milo j,19HM5j0ULGSmEoRcrSe5x3,Taiu,5szJHKg5xeUlQ9pTqzdpic,1,['7MVIfkyzuUmQ716j8U7yGR']
Lazza,0jdNdfi4vAuVi7a6cPDFBM,Dark Polo Gang,4CuMwzDzEdlUJMEna38VQ0,1,['7MhzmWFJYSEsL8wK7hufaC']
Salmo,3hBQ4zniNdQf1cqqo6hzuW,Dark Polo Gang,4CuMwzDzEdlUJMEna38VQ0,1,['7MhzmWFJYSEsL8wK7hufaC']
Akon,0z4gvV4rjIZ9wHck67ucSV,6ix9ine,7gZfnEnfiaHzxARJ2LeXrf,1,['7Mu3sCvXdMSlBLrUPOhWAG']
Eminem,7dGJo4pcD2V6oG8kP0tJRR,Snoop Dogg,7hJcb9fa4alzcOq3EaNPoG,1,['7My9ca9QEIR8MvIOdIrTWA']
OneRepublic,5Pwc4xIPtQLFEnJriah9YJ,Seeb,5iNrZmtVMtYev5M9yoWpEq,1,['7aF09WaavZAmAWuUeYxlYD']
Luck Ra,4kcQWQDK0u9AftVSpdrAgk,BM,5TP8Ubo4jLKEi4Mw2O8fAk,1,['7aPsseax6rNFyipHn9A5CR']
Nevada,15NtJjjHRFybdNSMyM9smT,Mark Morrison,6V3F8MZrOKdT9fU686ybE9,1,['7aV2mflaASUmGhCErm7kBO']
Nevada,15NtJjjHRFybdNSMyM9smT,Fetty Wap,6PXS4YHDkKvl1wkIl4V8DL,1,['7aV2mflaASUmGhCErm7kBO']
Fetty Wap,6PXS4YHDkKvl1wkIl4V8DL,Mark Morrison,6V3F8MZrOKdT9fU686ybE9,1,['7aV2mflaASUmGhCErm7kBO']
G-Eazy,02kJSzxNuaWGqwubyUba0Z,Drew Love,76yeOnINtQSXyoEHbkYmtY,1,['7aW0z1jKq6FgB7ffpbocg6']
Burak Yeter,4ON1ruy5ijE7ZPQthbrkgI,Danelle Sandoval,7Dz9goFmVZZqvJxZoKg7pF,1,['7abpmGpF7PGep2rDU68GBR']
Justin Bieber,1uNFoZAHBGtllmzznpCI3s,Dominic Fike,6USv9qhCn6zfxlBQIYJ9qs,1,['7aely3H8kMj9o0gt6vXHE1']
Dalex,0KPX4Ucy9dk82uj4GpKesn,Nicky Jam,1SupJlEpv7RS2tPNRaHViT,2,"['7anSoGdgtmJTAPZBzcPhO6', '7fODjB7BrQTGqh0hogW6XD']"
Justin Quiles,14zUHaJZo1mnYtn6IBRaRP,Nicky Jam,1SupJlEpv7RS2tPNRaHViT,3,"['7anSoGdgtmJTAPZBzcPhO6', '7fODjB7BrQTGqh0hogW6XD', '7lUdbnz7wsv3C9zzf4WHl9']"
Nicky Jam,1SupJlEpv7RS2tPNRaHViT,Lenny Tavárez,1pQWsZQehhS4wavwh7Fnxd,2,"['7anSoGdgtmJTAPZBzcPhO6', '7fODjB7BrQTGqh0hogW6XD']"
Rafa Pabön,11YLRSsZA3YVuQQtHXKTlz,Nicky Jam,1SupJlEpv7RS2tPNRaHViT,1,['7anSoGdgtmJTAPZBzcPhO6']
Rafa Pabön,11YLRSsZA3YVuQQtHXKTlz,Justin Quiles,14zUHaJZo1mnYtn6IBRaRP,1,['7anSoGdgtmJTAPZBzcPhO6']
Bella Poarch,26cMerAxjx9GedFt0lMDjm,Sub Urban,7gXb99Sf9nNmpNYeAgIQFG,1,['7aonAWn0J0AJ47ZU9WHCXC']
Savage Ga$p,0x7qiZJaal6j8qS7yCydFk,CORPSE,7yntSJ6uojO3z6GFUVwhAW,1,['7bCfHiRcfUjG0YVVNUL7Ve']
Kontra K,4lDiJcOJ2GLCK6p9q5BgfK,Samra,6h1s4i4XKIYv4ErDelLDN0,1,['7bDSLyTjZ1VjU5kPHTL3Ko']
Peso Pluma,12GqGscKJx3aE4t07u7eVZ,Grupo Frontera,6XkjpgcEsYab502Vr1bBeW,1,['7bPp2NmpmyhLJ7zWazAXMu']
Yugen Blakrok,3kv1Edgn5HlEWCuEKr1Y9x,Vince Staples,68kEuyFKyqrdQQLLsmiatm,1,['7bUcBztfGqO7cSI2gMZeCI']
Macklemore,3JhNCzhSMTxs9WLGJJxWOY,Lil Yachty,6icQOAFXDZKsumw3YXyusw,1,['7bsnTsbiwOymZWjPF9v6Di']
Feid,2LRoIwlKmHjgvigdNGBHNo,ATL Jacob,7jAs1uPnpfNmT6e5qtEPxq,1,['7bywjHOc0wSjGGbj04XbVi']
Kendrick Lamar,2YZyLoL8N0Wb9xBt1NhZWg,Anderson .Paak,3jK9MiCrA42lLAdMGUZpwa,1,['7c3SbTuufigBWURcICnAWy']
Nivea,15Dh5PvHQj909E0RgAe0aN,Lil Wayne,55Aa2cqylxrFIXC767Z865,1,['7cG6SxmQ24hQWnR8UThrk2']
Arcángel,4SsVbpTthjScTS7U2hmr1X,Bizarrap,716NhGYqD1jl2wI1Qkgq36,1,['7cQ0LAxT5HHCLGbxcjaxac']
Rich The Kid,1pPmIToKXyGdsCF6LmqLmI,Tory Lanez,2jku7tDXc6XoB6MO2hFuqg,1,['7cWmR9RLLMY6bj28q4bhvz']
Boza,2NfSBtmWe7oPw1EmetJVso,Lunay,47MpMsUfWtgyIIBEFOr4FE,1,['7cx9L3i88euMfx1oNCqDAD']
Lenny Tavárez,1pQWsZQehhS4wavwh7Fnxd,Boza,2NfSBtmWe7oPw1EmetJVso,1,['7cx9L3i88euMfx1oNCqDAD']
Juhn,2LmcxBak1alK1bf7d1beTr,Boza,2NfSBtmWe7oPw1EmetJVso,1,['7cx9L3i88euMfx1oNCqDAD']
Boza,2NfSBtmWe7oPw1EmetJVso,Beéle,7a0XAaPaK2aDSqa8p3QnC7,1,['7cx9L3i88euMfx1oNCqDAD']
Lenny Tavárez,1pQWsZQehhS4wavwh7Fnxd,Lunay,47MpMsUfWtgyIIBEFOr4FE,1,['7cx9L3i88euMfx1oNCqDAD']
Juhn,2LmcxBak1alK1bf7d1beTr,Lunay,47MpMsUfWtgyIIBEFOr4FE,1,['7cx9L3i88euMfx1oNCqDAD']
Lunay,47MpMsUfWtgyIIBEFOr4FE,Beéle,7a0XAaPaK2aDSqa8p3QnC7,1,['7cx9L3i88euMfx1oNCqDAD']
Lenny Tavárez,1pQWsZQehhS4wavwh7Fnxd,Beéle,7a0XAaPaK2aDSqa8p3QnC7,1,['7cx9L3i88euMfx1oNCqDAD']
Juhn,2LmcxBak1alK1bf7d1beTr,Beéle,7a0XAaPaK2aDSqa8p3QnC7,1,['7cx9L3i88euMfx1oNCqDAD']
Internet Money,6MPCFvOQv5cIGfw3jODMF0,Trippie Redd,6Xgp2XMz1fhVYe7i6yNAax,1,['7dH9TPjTWQ60wOJkmYay8a']
Diplo,5fMUXHkw8R8eOP2RNVYEZX,Internet Money,6MPCFvOQv5cIGfw3jODMF0,1,['7dH9TPjTWQ60wOJkmYay8a']
Juice WRLD,4MCBfE4596Uoi2O4DtmEMz,Internet Money,6MPCFvOQv5cIGfw3jODMF0,1,['7dH9TPjTWQ60wOJkmYay8a']
Juice WRLD,4MCBfE4596Uoi2O4DtmEMz,Diplo,5fMUXHkw8R8eOP2RNVYEZX,1,['7dH9TPjTWQ60wOJkmYay8a']
Prince Royce,3MHaV05u0io8fQbZ2XPtlC,Becky G,4obzFoKoKRHIphyHzJ35G3,1,['7dNwJbsT0sg1le5kVugGJb']
Becky G,4obzFoKoKRHIphyHzJ35G3,DJ Luian,64aJYyrXljOodnUG6jvhRD,1,['7dNwJbsT0sg1le5kVugGJb']
Mambo Kingz,2T1aUibqR2QC2sINIDQOAK,Becky G,4obzFoKoKRHIphyHzJ35G3,1,['7dNwJbsT0sg1le5kVugGJb']
Anuel AA,2R21vXR83lH98kGeO99Y66,Becky G,4obzFoKoKRHIphyHzJ35G3,1,['7dNwJbsT0sg1le5kVugGJb']
Anuel AA,2R21vXR83lH98kGeO99Y66,Prince Royce,3MHaV05u0io8fQbZ2XPtlC,1,['7dNwJbsT0sg1le5kVugGJb']
Anitta,7FNnA9vBm6EKceENgCGRMb,Myke Towers,7iK8PXO48WeuP03g8YR51W,1,['7e1VoRlNumuEkXlITMHKLE']
Cardi B,4kYSro6naA4h99UJvo89HB,Anitta,7FNnA9vBm6EKceENgCGRMb,1,['7e1VoRlNumuEkXlITMHKLE']
Cardi B,4kYSro6naA4h99UJvo89HB,Myke Towers,7iK8PXO48WeuP03g8YR51W,1,['7e1VoRlNumuEkXlITMHKLE']
beabadoobee,35l9BRT7MXmM8bv2WDQiyB,Powfu,6bmlMHgSheBauioMgKv2tn,1,['7eJMfftS33KTjuF7lTsMCx']
Taylor Swift,06HL4z0CvFAxyc27GXpf02,Keith Urban,0u2FHSq3ln94y5Q57xazwf,1,['7eResoqEJJAVTkQYSqvO3P']
EST Gee,4FlG0V0jhLO4qGpayFOphj,Lil Baby,5f7VJjfbwm532GiveGC0ZK,1,['7eX3um6NpOQKWJMGCi97XD']
Carol Richards,0Im4XjInyfMuA2lVkalOGK,Bing Crosby,6ZjFtWeHP9XN7FeKSUe80S,1,['7ehhnVu3JUWMaSJzY1zC4k']
Maluma,1r4hJ1h58CWwUQe3MxPuau,Sech,77ziqFxp5gaInVrF2lj4ht,2,"['7fODjB7BrQTGqh0hogW6XD', '7lUdbnz7wsv3C9zzf4WHl9']"
Maluma,1r4hJ1h58CWwUQe3MxPuau,Farruko,329e4yvIujISKGKz1BZZbO,1,['7fODjB7BrQTGqh0hogW6XD']
Dalex,0KPX4Ucy9dk82uj4GpKesn,Maluma,1r4hJ1h58CWwUQe3MxPuau,1,['7fODjB7BrQTGqh0hogW6XD']
Bring Me The Horizon,1Ffb6ejR6Fe5IamqA5oRUF,YUNGBLUD,6Ad91Jof8Niiw0lGLLi3NW,1,['7fQox8Ere1HDm0jhSnsFHu']
BYOR,0Upxnyh9nIUNSOmNE8WF4R,Imanbek,5rGrDvrLOV2VV8SCFVGWlj,1,['7fZBQnc0zXwVybgCIrQQil']
Maroon 5,04gDigrS5kc9YWfZHwBETP,Cardi B,4kYSro6naA4h99UJvo89HB,1,['7fa9MBXhVfQ8P8Df9OEbD8']
6LACK,4IVAbR2w4JJNJDDRFP3E83,Lil Baby,5f7VJjfbwm532GiveGC0ZK,1,['7fsNNSLGG8Wi0nFbufCU6L']
ERNEST,4GGfAshSkqoxpZdoaHm7ky,Morgan Wallen,4oUHIQIBe0LHzYfvXNW4QM,1,['7fveJ3pk1eSfxBdVkzdXZ0']
J Balvin,1vyhD5VmyZ7KMfW5gqLgo5,Beyoncé,6vWDO969PvNqNYHIOW5v0m,1,['7fwXWKdDNI5IutOMc5OKYw']
Willy William,4RSyJzf7ef6Iu2rnLdabNq,Beyoncé,6vWDO969PvNqNYHIOW5v0m,1,['7fwXWKdDNI5IutOMc5OKYw']
Ana Castela,2CKOmarVWvWqkNWUatHCex,Gusttavo Lima,7MiDcPa6UiV3In7lIM71IN,1,['7g7I8fjEERZH8DH3e6MUw7']
Kawe,1TYJOhNSxMOODWiDVhuyZb,Costa Gold,7q1aEytv83jXNECmyaMhgn,1,['7gMWTBRgB5CZdNDSuweCyr']
André Nine,5cc7XCY3YdVmFDYw9LklMq,Costa Gold,7q1aEytv83jXNECmyaMhgn,1,['7gMWTBRgB5CZdNDSuweCyr']
Kawe,1TYJOhNSxMOODWiDVhuyZb,André Nine,5cc7XCY3YdVmFDYw9LklMq,1,['7gMWTBRgB5CZdNDSuweCyr']
ScHoolboy Q,5IcR3N7QB1j6KBL8eImZ8m,Ty Dolla $ign,7c0XG5cIJTrrAgEC3ULPiq,1,['7gPHxxAq4YjK7GoLT3Vch3']
YG,0A0FS04o6zMoto8OKPsDwY,ScHoolboy Q,5IcR3N7QB1j6KBL8eImZ8m,1,['7gPHxxAq4YjK7GoLT3Vch3']
BloodPop®,1okJ4NC308qbtY9LyHn6DO,John Legend,5y2Xq6xcjJb2jVM54GHK3t,1,['7gevvAspxft2qQmcvJjNBH']
Lil Baby,5f7VJjfbwm532GiveGC0ZK,ROSALÍA,7ltDVBr6mKbRvohxheJ9h1,1,['7h0d2h0fUmzbs7zeFigJPn']
Sfera Ebbasta,23TFHmajVfBtlRx5MXqgoz,Luchè,3yiEJ9SByXZMXTwaKdVFN4,1,['7hHf4gz7kGmkuwa6XMc88W']
Jehnny Beth,2WOMBqEsllg2ICn7D2L8ta,Gorillaz,3AA28KZvwAUcZuOKwyblJQ,1,['7hQ0ojbeqicGhw0wdUVeaN']
Galantis,4sTQVOfp9vEMCemLw50sbu,5 Seconds of Summer,5Rl15oVamLq7FbSb0NNBNy,1,['7hdNTegC0TCKKoxB6GTFH3']
David Guetta,1Cs0zKBU1kc0i8ypK3B9ai,5 Seconds of Summer,5Rl15oVamLq7FbSb0NNBNy,1,['7hdNTegC0TCKKoxB6GTFH3']
Chris Stapleton,4YLtscXsxbVgi031ovDDdh,Ed Sheeran,6eUKZXaKkcviH0Ku9w2n3V,1,['7hvO2qCwJVZxiyoA7c9i5d']
Bruno Mars,0du5cEVh5yTK9QJze8zA0C,Ed Sheeran,6eUKZXaKkcviH0Ku9w2n3V,1,['7hvO2qCwJVZxiyoA7c9i5d']
Bruno Mars,0du5cEVh5yTK9QJze8zA0C,Chris Stapleton,4YLtscXsxbVgi031ovDDdh,1,['7hvO2qCwJVZxiyoA7c9i5d']
Internet Money,6MPCFvOQv5cIGfw3jODMF0,NAV,7rkW85dBwwrJtlHRDkJDAC,1,['7hxHWCCAIIxFLCzvDgnQHX']
J Balvin,1vyhD5VmyZ7KMfW5gqLgo5,Marciano Cantero,5QzDzXfXC5lepOBeQXBiVO,1,['7hynhxDoDpgMIV12JuVtNa']
Bad Bunny,4q3ewBCX7sLwd24euuV69X,Marciano Cantero,5QzDzXfXC5lepOBeQXBiVO,1,['7hynhxDoDpgMIV12JuVtNa']
Herve Pagez,31JFnMfmvwzZGdEnXaKGek,Diplo,5fMUXHkw8R8eOP2RNVYEZX,1,['7hzjWGFi2HKUGOXp1LiQ3V']
Charli xcx,25uiPmTg16RbhZWAqwLBy5,Herve Pagez,31JFnMfmvwzZGdEnXaKGek,1,['7hzjWGFi2HKUGOXp1LiQ3V']
Charli xcx,25uiPmTg16RbhZWAqwLBy5,Diplo,5fMUXHkw8R8eOP2RNVYEZX,1,['7hzjWGFi2HKUGOXp1LiQ3V']
BLACKPINK,41MozSoPIsD1dJM0CLPjZF,Cardi B,4kYSro6naA4h99UJvo89HB,1,['7iAgNZdotu40NwtoIWJHFe']
Capo Plaza,5SulO4l40qDuV9zUGLZx7n,Guè,7F2utINZ6tSokSiZTQBE27,1,['7iBEOLwjgoPVOXBNKwdoiq']
Nicki Minaj,0hCNtLu0JehylgoiP8L4Gh,Calvin Harris,7CajNmpbOovFoOoasH2HaY,1,['7iDxZ5Cd0Yg08d4fI5WVtG']
Nicki Minaj,0hCNtLu0JehylgoiP8L4Gh,Funk Wav,4A0TivfinfALCAMJqqjZIk,1,['7iDxZ5Cd0Yg08d4fI5WVtG']
Gunna,2hlmm7s2ICUX0LVIhVFlZQ,Lil Mosey,5zctI4wO9XSKS8XwcnqEHk,1,['7iHHxY2NLlJRAmlAmC4ahQ']
Elton John,3PhoLpVuITZKcymswpck5b,Young Thug,50co4Is1HCEo8bhOyUWKpn,1,['7iMDaY1LnASwCk2uUpMtii']
Nipsey Hussle,0EeQBlQJFiAfJeVN2vT9s0,JAY-Z,3nFkdlSjzX9mRTtwJOzDYB,1,['7iNGwN4yuxATUtv0qYXJ8Q']
Feid,2LRoIwlKmHjgvigdNGBHNo,Bad Bunny,4q3ewBCX7sLwd24euuV69X,1,['7iQXYTyuG13aoeHxGG28Nh']
Fred again..,4oLeXFyACqeem2VImYeBFe,Baby Keem,5SXuuuRpukkTvsLuUknva1,1,['7iUScoHKNJC5hqtA40vMlj']
Central Cee,5H4yInM5zmHqpKIoMNAx4r,Lil Baby,5f7VJjfbwm532GiveGC0ZK,1,['7iabz12vAuVQYyekFIWJxD']
Nas,20qISvAhX20dpIbOOzGK3q,Lil Nas X,7jVv8c5Fj3E9VhNjxT4snq,1,['7ikRId3U9AXd6tfF2fbItC']
2 Chainz,17lzZA2AlOHwCwFALHttmp,Kendrick Lamar,2YZyLoL8N0Wb9xBt1NhZWg,1,['7jKUnzzOGhAlPjr7LkIUlE']
Romeo Santos,5lwmRuXgjX8xIwlnauTZIP,ROSALÍA,7ltDVBr6mKbRvohxheJ9h1,1,['7jfmlr5W2AQWUGLVhT8ofl']
Timbaland,5Y5TRrQiqgUO4S36tzjIRZ,ZAYN,5ZsFI1h6hIdQRw2ti0hz81,1,['7jhlKPpAUqgV1m6AOTO19U']
Travis Barker,4exLIFE8sISLr28sqG1qNX,Trippie Redd,6Xgp2XMz1fhVYe7i6yNAax,1,['7jjnn6K7p5MgOFuqLypAcM']
blackbear,2cFrymmkijnjDg9SS92EPM,Trippie Redd,6Xgp2XMz1fhVYe7i6yNAax,1,['7jjnn6K7p5MgOFuqLypAcM']
blackbear,2cFrymmkijnjDg9SS92EPM,Travis Barker,4exLIFE8sISLr28sqG1qNX,1,['7jjnn6K7p5MgOFuqLypAcM']
Lady Gaga,1HY2Jd0NmPuamShAr6KMms,Ariana Grande,66CXWjxzNUsdJxJ2JdwvnR,1,['7ju97lgwC2rKQ6wwsf9no9']
Sfera Ebbasta,23TFHmajVfBtlRx5MXqgoz,Luciano,3CJKkU0XuElRT1z8rEtIYg,1,['7jvwORp293fGCP6KfmE8aQ']
Marshmello,64KEffDW9EtZ1y2vBYgq8T,YUNGBLUD,6Ad91Jof8Niiw0lGLLi3NW,1,['7jzldCBnJjpJM3epzJ85KE']
blackbear,2cFrymmkijnjDg9SS92EPM,Marshmello,64KEffDW9EtZ1y2vBYgq8T,1,['7jzldCBnJjpJM3epzJ85KE']
blackbear,2cFrymmkijnjDg9SS92EPM,YUNGBLUD,6Ad91Jof8Niiw0lGLLi3NW,1,['7jzldCBnJjpJM3epzJ85KE']
Nicki Minaj,0hCNtLu0JehylgoiP8L4Gh,Kim Petras,3Xt3RrJMFv5SZkCfUE8C1J,1,['7kOletJ0Q5H4MWe7cfeZXP']
Anuel AA,2R21vXR83lH98kGeO99Y66,Pressure 9X19,7MNP6nVHIDvPCRvfCeAJpF,1,['7kSL8RqBe9ySL8tjvSoII0']
YOVNGCHIMI,4aSlfXDn9R60UlbZEboBUy,Pressure 9X19,7MNP6nVHIDvPCRvfCeAJpF,1,['7kSL8RqBe9ySL8tjvSoII0']
CDobleta,2KtMll7bpqySnZhr8wriRE,Pressure 9X19,7MNP6nVHIDvPCRvfCeAJpF,1,['7kSL8RqBe9ySL8tjvSoII0']
Luar La L,4axKuDPr6WKcDCyh8vueTY,Pressure 9X19,7MNP6nVHIDvPCRvfCeAJpF,1,['7kSL8RqBe9ySL8tjvSoII0']
Anuel AA,2R21vXR83lH98kGeO99Y66,YOVNGCHIMI,4aSlfXDn9R60UlbZEboBUy,1,['7kSL8RqBe9ySL8tjvSoII0']
CDobleta,2KtMll7bpqySnZhr8wriRE,Anuel AA,2R21vXR83lH98kGeO99Y66,1,['7kSL8RqBe9ySL8tjvSoII0']
Anuel AA,2R21vXR83lH98kGeO99Y66,Luar La L,4axKuDPr6WKcDCyh8vueTY,1,['7kSL8RqBe9ySL8tjvSoII0']
CDobleta,2KtMll7bpqySnZhr8wriRE,YOVNGCHIMI,4aSlfXDn9R60UlbZEboBUy,1,['7kSL8RqBe9ySL8tjvSoII0']
YOVNGCHIMI,4aSlfXDn9R60UlbZEboBUy,Luar La L,4axKuDPr6WKcDCyh8vueTY,1,['7kSL8RqBe9ySL8tjvSoII0']
CDobleta,2KtMll7bpqySnZhr8wriRE,Luar La L,4axKuDPr6WKcDCyh8vueTY,1,['7kSL8RqBe9ySL8tjvSoII0']
TOMORROW X TOGETHER,0ghlgldX5Dd6720Q3qFyQB,Jonas Brothers,7gOdHgIoIKoe4i9Tta6qdD,1,['7kaFsQygyiCqRboWCXztxZ']
Mr Eazi,4TAoP0f9OuWZUesao43xUW,Bad Bunny,4q3ewBCX7sLwd24euuV69X,1,['7knLcYCOSaURD0d7HUULFM']
Brytiago,00XhexlJEXQstHimpZN910,Cauty,2QUvtLq6oQaX0LNsYY2fas,1,['7kuRvjpeUcn6qNV9IBXC2C']
Darell,1TtXnWcUs0FCkaZDPGYHdf,Cauty,2QUvtLq6oQaX0LNsYY2fas,1,['7kuRvjpeUcn6qNV9IBXC2C']
Cosculluela,00me4Ke1LsvMxt5kydlMyU,Cauty,2QUvtLq6oQaX0LNsYY2fas,1,['7kuRvjpeUcn6qNV9IBXC2C']
Rafa Pabön,11YLRSsZA3YVuQQtHXKTlz,Cauty,2QUvtLq6oQaX0LNsYY2fas,1,['7kuRvjpeUcn6qNV9IBXC2C']
Cauty,2QUvtLq6oQaX0LNsYY2fas,Chencho Corleone,37230BxxYs9ksS7OkZw3IU,1,['7kuRvjpeUcn6qNV9IBXC2C']
Brytiago,00XhexlJEXQstHimpZN910,Cosculluela,00me4Ke1LsvMxt5kydlMyU,1,['7kuRvjpeUcn6qNV9IBXC2C']
Brytiago,00XhexlJEXQstHimpZN910,Rafa Pabön,11YLRSsZA3YVuQQtHXKTlz,1,['7kuRvjpeUcn6qNV9IBXC2C']
Brytiago,00XhexlJEXQstHimpZN910,Chencho Corleone,37230BxxYs9ksS7OkZw3IU,1,['7kuRvjpeUcn6qNV9IBXC2C']
Cosculluela,00me4Ke1LsvMxt5kydlMyU,Darell,1TtXnWcUs0FCkaZDPGYHdf,1,['7kuRvjpeUcn6qNV9IBXC2C']
Rafa Pabön,11YLRSsZA3YVuQQtHXKTlz,Darell,1TtXnWcUs0FCkaZDPGYHdf,1,['7kuRvjpeUcn6qNV9IBXC2C']
Darell,1TtXnWcUs0FCkaZDPGYHdf,Chencho Corleone,37230BxxYs9ksS7OkZw3IU,1,['7kuRvjpeUcn6qNV9IBXC2C']
Cosculluela,00me4Ke1LsvMxt5kydlMyU,Rafa Pabön,11YLRSsZA3YVuQQtHXKTlz,1,['7kuRvjpeUcn6qNV9IBXC2C']
Cosculluela,00me4Ke1LsvMxt5kydlMyU,Chencho Corleone,37230BxxYs9ksS7OkZw3IU,1,['7kuRvjpeUcn6qNV9IBXC2C']
Rafa Pabön,11YLRSsZA3YVuQQtHXKTlz,Chencho Corleone,37230BxxYs9ksS7OkZw3IU,1,['7kuRvjpeUcn6qNV9IBXC2C']
Gorillaz,3AA28KZvwAUcZuOKwyblJQ,Popcaan,62DmErcU7dqZbJaDqwsqzR,1,['7l9CE3wmEGOUYw1j4ETjnL']
Kaique e Felipe,0JRPF8WIKUtSO2IUYfrcuh,Luan Pereira,5kVgcCdPbeUwxBqWxi2Ktl,1,['7l9Tq5phzkLnhWUyfp702G']
R.K.M & Ken-Y,3jFjgKOGfVLWfXX8q5wrsg,Daddy Yankee,4VMYDCV2IEDYJArk749S6m,1,['7lEhOiFtcLXY4P7cuTKuQ8']
Arcángel,4SsVbpTthjScTS7U2hmr1X,Daddy Yankee,4VMYDCV2IEDYJArk749S6m,1,['7lEhOiFtcLXY4P7cuTKuQ8']
R.K.M & Ken-Y,3jFjgKOGfVLWfXX8q5wrsg,Arcángel,4SsVbpTthjScTS7U2hmr1X,1,['7lEhOiFtcLXY4P7cuTKuQ8']
Ozuna,1i8SpTcr7yvPOmcqrbnVXY,Barloe Team,4okiIReqptfBJ5UULmWycZ,1,['7lR4UmEDJ1ngczVX2NiNi4']
Felipe Amorim,3CIIaeZuFYrAD6PRVyuO4U,Mc Mika,6exBFuevXZvHrbP3oKtfWe,1,['7lTVXJfNK4xaJSUXCUac6a']
Justin Quiles,14zUHaJZo1mnYtn6IBRaRP,J Balvin,1vyhD5VmyZ7KMfW5gqLgo5,1,['7lUdbnz7wsv3C9zzf4WHl9']
KayBlack,2h5Ha0ZiMFmOQD3iYcSXsy,Luísa Sonza,4PzYKhC14sTJNEr0dzoo0d,1,['7ldcYtMOjtX1eFVEYzj2kJ']
Damso,2UwqpfQtNuhBwviIC0f2ie,Orelsan,4FpJcNgOvIpSBeJgRg3OfN,1,['7lhuM9WUqdThw72dCBRmQW']
Ali Sethi,3NegWDGp038A3FIi3gSYzl,Shae Gill,3bWIy9AUrQdiNeS62Bp3OP,1,['7lvDsmTRXFE3dK4OjvRiWB']
Big Sean,0c173mlxpT3dSFRgMO8XPh,Rick Ross,1sBkRIssrMs1AbVkOJbc7a,1,['7lxZbmtC6SkUc2yXBgDOdO']
Ozuna,1i8SpTcr7yvPOmcqrbnVXY,Farruko,329e4yvIujISKGKz1BZZbO,1,['7mWFF4gPADjTQjC97CgFVt']
Jamule,4sVieJlKgpZ2k9ESNS5IdN,KITSCHKRIEG,5tHiL8SKSaZGMBUPIiSmX4,1,['7mrWTjhYctgEQb0lJKrVWy']
SFR,53EHeXzGs4HheTCTnwfPEr,KITSCHKRIEG,5tHiL8SKSaZGMBUPIiSmX4,1,['7mrWTjhYctgEQb0lJKrVWy']
Jamule,4sVieJlKgpZ2k9ESNS5IdN,SFR,53EHeXzGs4HheTCTnwfPEr,1,['7mrWTjhYctgEQb0lJKrVWy']
Rich The Kid,1pPmIToKXyGdsCF6LmqLmI,Lil Skies,7d3WFRME3vBY2cgoP38RDo,1,['7ms3VzLTfr7fXNOqA4Mkx9']
Rosa Walton,1X0HaTcdkHW7LviblBiEeq,Hallie Coggins,5JNkPX6dYGLeEm4cUjHNGc,1,['7mykoq6R3BArsSpNDjFQTm']
alyona alyona,2ic3GGGmkixOZP4qnakSA8,Jerry Heil,71DkA619tW0bpaMi4QBzmr,1,['7n3Czk07KugPQOWuqCHDmF']
Alex Rose,2DspEsT7UXGKd2VaaedgG4,Cazzu,6w3SkAHYPsQ1bxV7VDlG5y,1,['7nD2JPaxIKUdxd2UWgnaGL']
Lenny Tavárez,1pQWsZQehhS4wavwh7Fnxd,Alex Rose,2DspEsT7UXGKd2VaaedgG4,1,['7nD2JPaxIKUdxd2UWgnaGL']
Rauw Alejandro,1mcTU81TzQhprhouKaTkpq,Cazzu,6w3SkAHYPsQ1bxV7VDlG5y,1,['7nD2JPaxIKUdxd2UWgnaGL']
Descemer Bueno,5luyt0SUvGkDMY4ILP6Qhl,Enrique Iglesias,7qG3b048QCHVRO5Pv1T5lw,1,['7nKBxz47S9SD79N086fuhn']
Zion & Lennox,21451j1KhjAiaYKflxBjr1,Enrique Iglesias,7qG3b048QCHVRO5Pv1T5lw,1,['7nKBxz47S9SD79N086fuhn']
Zion & Lennox,21451j1KhjAiaYKflxBjr1,Descemer Bueno,5luyt0SUvGkDMY4ILP6Qhl,1,['7nKBxz47S9SD79N086fuhn']
KSI,1nzgtKYFckznkcVMR3Gg4z,Lil Wayne,55Aa2cqylxrFIXC767Z865,1,['7nVERWQXlgZRQsYw4fHf3b']
BloodPop®,1okJ4NC308qbtY9LyHn6DO,Justin Bieber,1uNFoZAHBGtllmzznpCI3s,1,['7nZmah2llfvLDiUjm0kiyz']
Cochise,46HzS7yz0c9udVwtbHk1sx,$NOT,5IbEL2xjRtKsunfmsahLuO,1,['7nc7mlSdWYeFom84zZ8Wr8']
Post Malone,246dkjvS1zLTtiykXe5h60,French Montana,6vXTefBL93Dj5IqAWq6OTv,2,"['7ntUbTIwmwOD6ygCMRZT6e', '7x9nXsowok1JszkVztI5NI']"
Cardi B,4kYSro6naA4h99UJvo89HB,French Montana,6vXTefBL93Dj5IqAWq6OTv,2,"['7ntUbTIwmwOD6ygCMRZT6e', '7x9nXsowok1JszkVztI5NI']"
Rvssian,1fctva4kpRbg2k3v7kwRuS,French Montana,6vXTefBL93Dj5IqAWq6OTv,2,"['7ntUbTIwmwOD6ygCMRZT6e', '7x9nXsowok1JszkVztI5NI']"
Post Malone,246dkjvS1zLTtiykXe5h60,Cardi B,4kYSro6naA4h99UJvo89HB,2,"['7ntUbTIwmwOD6ygCMRZT6e', '7x9nXsowok1JszkVztI5NI']"
Rvssian,1fctva4kpRbg2k3v7kwRuS,Post Malone,246dkjvS1zLTtiykXe5h60,2,"['7ntUbTIwmwOD6ygCMRZT6e', '7x9nXsowok1JszkVztI5NI']"
Rvssian,1fctva4kpRbg2k3v7kwRuS,Cardi B,4kYSro6naA4h99UJvo89HB,2,"['7ntUbTIwmwOD6ygCMRZT6e', '7x9nXsowok1JszkVztI5NI']"
DDG,0WK3H9OErSn5zKOkOV5egm,Blueface,3Fl1V19tmjt57oBdxXKAjJ,1,['7o4gBbTM6UBLkOYPw9xMCz']
Polo G,6AgTAQt8XS6jRWi4sX7w49,Roddy Ricch,757aE44tKEUQEqRuT6GnEB,1,['7oPHGO39MQVukHZjdz4b9S']
Apache 207,1qQLhymHXFPtP5U8KNKsm6,Udo Lindenberg,7iWcRnQMinCoV2u5ICgsW0,1,['7oQepKHmXDaPC3rgeLRvQu']
Alex Sensation,0OROVBEZCocg0FcgJpyBse,Ozuna,1i8SpTcr7yvPOmcqrbnVXY,1,['7ofxPmTNMj2GP07g1VZa0O']
Oumou Sangaré,65CKKZilbcSKkAPC9a5Mvh,Beyoncé,6vWDO969PvNqNYHIOW5v0m,1,['7oqftogUN82Q7VNy2TmTJW']
JAY-Z,3nFkdlSjzX9mRTtwJOzDYB,Childish Gambino,73sIBHcqh3Z3NyqHKZ7FOL,1,['7oqftogUN82Q7VNy2TmTJW']
JAY-Z,3nFkdlSjzX9mRTtwJOzDYB,Oumou Sangaré,65CKKZilbcSKkAPC9a5Mvh,1,['7oqftogUN82Q7VNy2TmTJW']
Oumou Sangaré,65CKKZilbcSKkAPC9a5Mvh,Childish Gambino,73sIBHcqh3Z3NyqHKZ7FOL,1,['7oqftogUN82Q7VNy2TmTJW']
LISA,5L1lO4eRHmJ7a0Q6csE5cT,ROSALÍA,7ltDVBr6mKbRvohxheJ9h1,1,['7ov3TDp5D00Rnu5R1viX4w']
Bruno Mars,0du5cEVh5yTK9QJze8zA0C,Thundercat,4frXpPxQQZwbCu3eTGnZEw,1,['7ozvuHnA1zWzuTvReLChVL']
Bruno Mars,0du5cEVh5yTK9QJze8zA0C,Bootsy Collins,5K0rbdBrs2tNXe5LeWMATT,1,['7ozvuHnA1zWzuTvReLChVL']
Anderson .Paak,3jK9MiCrA42lLAdMGUZpwa,Thundercat,4frXpPxQQZwbCu3eTGnZEw,1,['7ozvuHnA1zWzuTvReLChVL']
Anderson .Paak,3jK9MiCrA42lLAdMGUZpwa,Bootsy Collins,5K0rbdBrs2tNXe5LeWMATT,1,['7ozvuHnA1zWzuTvReLChVL']
Thundercat,4frXpPxQQZwbCu3eTGnZEw,Silk Sonic,6PvvGcCY2XtUcSRld1Wilr,1,['7ozvuHnA1zWzuTvReLChVL']
Bootsy Collins,5K0rbdBrs2tNXe5LeWMATT,Silk Sonic,6PvvGcCY2XtUcSRld1Wilr,1,['7ozvuHnA1zWzuTvReLChVL']
Thundercat,4frXpPxQQZwbCu3eTGnZEw,Bootsy Collins,5K0rbdBrs2tNXe5LeWMATT,1,['7ozvuHnA1zWzuTvReLChVL']
London Grammar,3Bd1cgCjtCI32PYvDC3ynO,Flume,6nxWCVXbOlEVRexSbLsTer,1,['7p0tz5SeCrSxTLSvwR8W3D']
Dean Lewis,3QSQFmccmX81fWCUSPTS7y,Martin Garrix,60d24wfXkVzDSfLS6hyCjZ,1,['7pWK1kMgHy5lNNiIfuRbkP']
P!nk,1KCSPY1glIKqW2TotWuXOR,Stargate,7KUri7klyLaIFXLcuuOMCd,1,['7pYFPMeK0TnaTGdS6qOtEr']
Sia,5WUlDfRSoLAfcVSX1WnrxN,Stargate,7KUri7klyLaIFXLcuuOMCd,1,['7pYFPMeK0TnaTGdS6qOtEr']
P!nk,1KCSPY1glIKqW2TotWuXOR,Sia,5WUlDfRSoLAfcVSX1WnrxN,1,['7pYFPMeK0TnaTGdS6qOtEr']
Fetty Wap,6PXS4YHDkKvl1wkIl4V8DL,6ix9ine,7gZfnEnfiaHzxARJ2LeXrf,1,['7q1ikCoQLytPP5TTzDy7JK']
A Boogie Wit da Hoodie,31W5EY0aAly4Qieq6OFu6I,Fetty Wap,6PXS4YHDkKvl1wkIl4V8DL,1,['7q1ikCoQLytPP5TTzDy7JK']
Lil Pump,3wyVrVrFCkukjdVIdirGVY,Lil Uzi Vert,4O15NlyKLIASxsJ0PrXPfz,1,['7q8cy4uoA2itYATsKeXhcq']
MC G15,3Nipsl6GVwwGyeAk0J29C6,Mc Don Juan,7Lmrb6KcIzfkmgbtokjsAL,1,['7qD2vjd3btuOgwpQPEY7ci']
Mc Davi,1cYhx7ZOhYoVmnDPb9KMwo,MC G15,3Nipsl6GVwwGyeAk0J29C6,1,['7qD2vjd3btuOgwpQPEY7ci']
Tito Double P,5eumcnUkdmGvkvcsx1WFNG,Neton Vega,6pV5zH2LzjOUHaAvENdMMa,1,['7qXptgpZGo8AFPhJCBVLFE']
Menor Nico,0xTWPVQfXgaj6Je1inSRKw,Petter Ferraz,6gGJH7joTDx9M3xREiAq9U,1,['7qmnP8Woc47dLSrMD5MxL1']
Pineapple StormTv,09U6hmCerKcIJrixubiBjm,Chris MC,0obu7Om4zu9ahul5DI4JtY,1,['7qoIhutxU269Zqo9PG5IOj']
Pineapple StormTv,09U6hmCerKcIJrixubiBjm,Salve Malak,7zxFc10N9BP2lg73b8cwZ0,1,['7qoIhutxU269Zqo9PG5IOj']
Pineapple StormTv,09U6hmCerKcIJrixubiBjm,Tz da Coronel,3lIU3RoZiHen1QXAQ3KQ9e,1,['7qoIhutxU269Zqo9PG5IOj']
Pineapple StormTv,09U6hmCerKcIJrixubiBjm,MC Cabelinho,1WQBwwssN6r8DSjUlkyUGW,1,['7qoIhutxU269Zqo9PG5IOj']
Pineapple StormTv,09U6hmCerKcIJrixubiBjm,Chefin,68PYmgkbRP1qZnEWOry7sB,1,['7qoIhutxU269Zqo9PG5IOj']
Pineapple StormTv,09U6hmCerKcIJrixubiBjm,L7NNON,0JjPiLQNgAFaEkwoy56B1C,1,['7qoIhutxU269Zqo9PG5IOj']
Pineapple StormTv,09U6hmCerKcIJrixubiBjm,Luísa Sonza,4PzYKhC14sTJNEr0dzoo0d,1,['7qoIhutxU269Zqo9PG5IOj']
Pineapple StormTv,09U6hmCerKcIJrixubiBjm,Oruam,4yGgbQJMq9orWypwqtdzYT,1,['7qoIhutxU269Zqo9PG5IOj']
Pineapple StormTv,09U6hmCerKcIJrixubiBjm,Xamã,5YwzDz4RJfTiMHS4tdR5Lf,1,['7qoIhutxU269Zqo9PG5IOj']
Pineapple StormTv,09U6hmCerKcIJrixubiBjm,N.I.N.A,32NfHH4nSmu97Z4RQjPyET,1,['7qoIhutxU269Zqo9PG5IOj']
Chris MC,0obu7Om4zu9ahul5DI4JtY,Salve Malak,7zxFc10N9BP2lg73b8cwZ0,1,['7qoIhutxU269Zqo9PG5IOj']
Chris MC,0obu7Om4zu9ahul5DI4JtY,Tz da Coronel,3lIU3RoZiHen1QXAQ3KQ9e,1,['7qoIhutxU269Zqo9PG5IOj']
Chris MC,0obu7Om4zu9ahul5DI4JtY,MC Cabelinho,1WQBwwssN6r8DSjUlkyUGW,1,['7qoIhutxU269Zqo9PG5IOj']
Chris MC,0obu7Om4zu9ahul5DI4JtY,Chefin,68PYmgkbRP1qZnEWOry7sB,1,['7qoIhutxU269Zqo9PG5IOj']
L7NNON,0JjPiLQNgAFaEkwoy56B1C,Chris MC,0obu7Om4zu9ahul5DI4JtY,1,['7qoIhutxU269Zqo9PG5IOj']
Chris MC,0obu7Om4zu9ahul5DI4JtY,Luísa Sonza,4PzYKhC14sTJNEr0dzoo0d,1,['7qoIhutxU269Zqo9PG5IOj']
Chris MC,0obu7Om4zu9ahul5DI4JtY,Oruam,4yGgbQJMq9orWypwqtdzYT,1,['7qoIhutxU269Zqo9PG5IOj']
Chris MC,0obu7Om4zu9ahul5DI4JtY,Xamã,5YwzDz4RJfTiMHS4tdR5Lf,1,['7qoIhutxU269Zqo9PG5IOj']
Chris MC,0obu7Om4zu9ahul5DI4JtY,N.I.N.A,32NfHH4nSmu97Z4RQjPyET,1,['7qoIhutxU269Zqo9PG5IOj']
Tz da Coronel,3lIU3RoZiHen1QXAQ3KQ9e,Salve Malak,7zxFc10N9BP2lg73b8cwZ0,1,['7qoIhutxU269Zqo9PG5IOj']
MC Cabelinho,1WQBwwssN6r8DSjUlkyUGW,Salve Malak,7zxFc10N9BP2lg73b8cwZ0,1,['7qoIhutxU269Zqo9PG5IOj']
Chefin,68PYmgkbRP1qZnEWOry7sB,Salve Malak,7zxFc10N9BP2lg73b8cwZ0,1,['7qoIhutxU269Zqo9PG5IOj']
L7NNON,0JjPiLQNgAFaEkwoy56B1C,Salve Malak,7zxFc10N9BP2lg73b8cwZ0,1,['7qoIhutxU269Zqo9PG5IOj']
Luísa Sonza,4PzYKhC14sTJNEr0dzoo0d,Salve Malak,7zxFc10N9BP2lg73b8cwZ0,1,['7qoIhutxU269Zqo9PG5IOj']
Oruam,4yGgbQJMq9orWypwqtdzYT,Salve Malak,7zxFc10N9BP2lg73b8cwZ0,1,['7qoIhutxU269Zqo9PG5IOj']
Xamã,5YwzDz4RJfTiMHS4tdR5Lf,Salve Malak,7zxFc10N9BP2lg73b8cwZ0,1,['7qoIhutxU269Zqo9PG5IOj']
N.I.N.A,32NfHH4nSmu97Z4RQjPyET,Salve Malak,7zxFc10N9BP2lg73b8cwZ0,1,['7qoIhutxU269Zqo9PG5IOj']
MC Cabelinho,1WQBwwssN6r8DSjUlkyUGW,Tz da Coronel,3lIU3RoZiHen1QXAQ3KQ9e,1,['7qoIhutxU269Zqo9PG5IOj']
Tz da Coronel,3lIU3RoZiHen1QXAQ3KQ9e,Chefin,68PYmgkbRP1qZnEWOry7sB,1,['7qoIhutxU269Zqo9PG5IOj']
L7NNON,0JjPiLQNgAFaEkwoy56B1C,Tz da Coronel,3lIU3RoZiHen1QXAQ3KQ9e,1,['7qoIhutxU269Zqo9PG5IOj']
Tz da Coronel,3lIU3RoZiHen1QXAQ3KQ9e,Luísa Sonza,4PzYKhC14sTJNEr0dzoo0d,1,['7qoIhutxU269Zqo9PG5IOj']
Tz da Coronel,3lIU3RoZiHen1QXAQ3KQ9e,Oruam,4yGgbQJMq9orWypwqtdzYT,1,['7qoIhutxU269Zqo9PG5IOj']
Tz da Coronel,3lIU3RoZiHen1QXAQ3KQ9e,Xamã,5YwzDz4RJfTiMHS4tdR5Lf,1,['7qoIhutxU269Zqo9PG5IOj']
N.I.N.A,32NfHH4nSmu97Z4RQjPyET,Tz da Coronel,3lIU3RoZiHen1QXAQ3KQ9e,1,['7qoIhutxU269Zqo9PG5IOj']
MC Cabelinho,1WQBwwssN6r8DSjUlkyUGW,Chefin,68PYmgkbRP1qZnEWOry7sB,1,['7qoIhutxU269Zqo9PG5IOj']
L7NNON,0JjPiLQNgAFaEkwoy56B1C,MC Cabelinho,1WQBwwssN6r8DSjUlkyUGW,1,['7qoIhutxU269Zqo9PG5IOj']
MC Cabelinho,1WQBwwssN6r8DSjUlkyUGW,Luísa Sonza,4PzYKhC14sTJNEr0dzoo0d,1,['7qoIhutxU269Zqo9PG5IOj']
MC Cabelinho,1WQBwwssN6r8DSjUlkyUGW,Oruam,4yGgbQJMq9orWypwqtdzYT,1,['7qoIhutxU269Zqo9PG5IOj']
MC Cabelinho,1WQBwwssN6r8DSjUlkyUGW,Xamã,5YwzDz4RJfTiMHS4tdR5Lf,1,['7qoIhutxU269Zqo9PG5IOj']
MC Cabelinho,1WQBwwssN6r8DSjUlkyUGW,N.I.N.A,32NfHH4nSmu97Z4RQjPyET,1,['7qoIhutxU269Zqo9PG5IOj']
L7NNON,0JjPiLQNgAFaEkwoy56B1C,Chefin,68PYmgkbRP1qZnEWOry7sB,1,['7qoIhutxU269Zqo9PG5IOj']
Luísa Sonza,4PzYKhC14sTJNEr0dzoo0d,Chefin,68PYmgkbRP1qZnEWOry7sB,1,['7qoIhutxU269Zqo9PG5IOj']
Oruam,4yGgbQJMq9orWypwqtdzYT,Chefin,68PYmgkbRP1qZnEWOry7sB,1,['7qoIhutxU269Zqo9PG5IOj']
Xamã,5YwzDz4RJfTiMHS4tdR5Lf,Chefin,68PYmgkbRP1qZnEWOry7sB,1,['7qoIhutxU269Zqo9PG5IOj']
N.I.N.A,32NfHH4nSmu97Z4RQjPyET,Chefin,68PYmgkbRP1qZnEWOry7sB,1,['7qoIhutxU269Zqo9PG5IOj']
L7NNON,0JjPiLQNgAFaEkwoy56B1C,Luísa Sonza,4PzYKhC14sTJNEr0dzoo0d,1,['7qoIhutxU269Zqo9PG5IOj']
L7NNON,0JjPiLQNgAFaEkwoy56B1C,Oruam,4yGgbQJMq9orWypwqtdzYT,1,['7qoIhutxU269Zqo9PG5IOj']
L7NNON,0JjPiLQNgAFaEkwoy56B1C,Xamã,5YwzDz4RJfTiMHS4tdR5Lf,1,['7qoIhutxU269Zqo9PG5IOj']
L7NNON,0JjPiLQNgAFaEkwoy56B1C,N.I.N.A,32NfHH4nSmu97Z4RQjPyET,1,['7qoIhutxU269Zqo9PG5IOj']
Luísa Sonza,4PzYKhC14sTJNEr0dzoo0d,Oruam,4yGgbQJMq9orWypwqtdzYT,1,['7qoIhutxU269Zqo9PG5IOj']
Luísa Sonza,4PzYKhC14sTJNEr0dzoo0d,Xamã,5YwzDz4RJfTiMHS4tdR5Lf,1,['7qoIhutxU269Zqo9PG5IOj']
N.I.N.A,32NfHH4nSmu97Z4RQjPyET,Luísa Sonza,4PzYKhC14sTJNEr0dzoo0d,1,['7qoIhutxU269Zqo9PG5IOj']
Oruam,4yGgbQJMq9orWypwqtdzYT,Xamã,5YwzDz4RJfTiMHS4tdR5Lf,1,['7qoIhutxU269Zqo9PG5IOj']
N.I.N.A,32NfHH4nSmu97Z4RQjPyET,Oruam,4yGgbQJMq9orWypwqtdzYT,1,['7qoIhutxU269Zqo9PG5IOj']
N.I.N.A,32NfHH4nSmu97Z4RQjPyET,Xamã,5YwzDz4RJfTiMHS4tdR5Lf,1,['7qoIhutxU269Zqo9PG5IOj']
Future,1RyvyyTE3xzB2ZywiAwp0i,Offset,4DdkRBBYG6Yk9Ka8tdJ9BW,1,['7r6LNJT2LqpLpEyZQJPygt']
Offset,4DdkRBBYG6Yk9Ka8tdJ9BW,Young Thug,50co4Is1HCEo8bhOyUWKpn,1,['7r6LNJT2LqpLpEyZQJPygt']
Fred Hammond,2ndyVAdV9UqF1XjyTJt484,Kanye West,5K4W6rqBFWDnAN6FQUkS6x,1,['7r6aR2f57resC5r93LwMfK']
Future,1RyvyyTE3xzB2ZywiAwp0i,Kanye West,5K4W6rqBFWDnAN6FQUkS6x,1,['7rWCWzPRftzZTZtIyQtaDU']
Ovy On The Drums,3m5qlPf2OkihLz3dRYnkPA,Beéle,7a0XAaPaK2aDSqa8p3QnC7,1,['7ricDBUakN3N0YkkKE8Obu']
Ozuna,1i8SpTcr7yvPOmcqrbnVXY,Mambo Kingz,2T1aUibqR2QC2sINIDQOAK,1,['7rwX0O3RlxqqIjQM8evm5E']
Ozuna,1i8SpTcr7yvPOmcqrbnVXY,DJ Luian,64aJYyrXljOodnUG6jvhRD,1,['7rwX0O3RlxqqIjQM8evm5E']
Ozuna,1i8SpTcr7yvPOmcqrbnVXY,Almighty,6P6GTRTigHBp8ZesNtpCKH,1,['7rwX0O3RlxqqIjQM8evm5E']
Mambo Kingz,2T1aUibqR2QC2sINIDQOAK,Wisin,3E6xrwgnVfYCrCs0ePERDz,1,['7rwX0O3RlxqqIjQM8evm5E']
Mambo Kingz,2T1aUibqR2QC2sINIDQOAK,Almighty,6P6GTRTigHBp8ZesNtpCKH,1,['7rwX0O3RlxqqIjQM8evm5E']
Wisin,3E6xrwgnVfYCrCs0ePERDz,DJ Luian,64aJYyrXljOodnUG6jvhRD,1,['7rwX0O3RlxqqIjQM8evm5E']
DJ Luian,64aJYyrXljOodnUG6jvhRD,Almighty,6P6GTRTigHBp8ZesNtpCKH,1,['7rwX0O3RlxqqIjQM8evm5E']
Wisin,3E6xrwgnVfYCrCs0ePERDz,Bad Bunny,4q3ewBCX7sLwd24euuV69X,1,['7rwX0O3RlxqqIjQM8evm5E']
Bad Bunny,4q3ewBCX7sLwd24euuV69X,Almighty,6P6GTRTigHBp8ZesNtpCKH,1,['7rwX0O3RlxqqIjQM8evm5E']
Wisin,3E6xrwgnVfYCrCs0ePERDz,Almighty,6P6GTRTigHBp8ZesNtpCKH,1,['7rwX0O3RlxqqIjQM8evm5E']
Luan Pereira,5kVgcCdPbeUwxBqWxi2Ktl,Ícaro e Gilmar,6Wlvsn3IPHiZwAv02lB5eC,1,['7sAyqOe0BHySvFjSI5tnBA']
Aitch,2PJEagPIxaBugeMjIyKVXF,Luciano,3CJKkU0XuElRT1z8rEtIYg,1,['7sJNeWTXkZCEC7OnFMpGWL']
Luciano,3CJKkU0XuElRT1z8rEtIYg,BIA,6veh5zbFpm31XsPdjBgPER,1,['7sJNeWTXkZCEC7OnFMpGWL']
Aitch,2PJEagPIxaBugeMjIyKVXF,BIA,6veh5zbFpm31XsPdjBgPER,1,['7sJNeWTXkZCEC7OnFMpGWL']
Keith David,1LPgqTHt7RmHwYtS9KQTMY,Andrew Underberg,4zXroEby35IgWPERRcW4Ay,1,['7sRz3vO2bEMhZGEkjnfMxb']
Keith David,1LPgqTHt7RmHwYtS9KQTMY,Sam Haft,3osxpNwDgRAPs3aZZNsdV8,1,['7sRz3vO2bEMhZGEkjnfMxb']
Blake Roman,18p5uhOP0T6w7EwYy389ej,Keith David,1LPgqTHt7RmHwYtS9KQTMY,1,['7sRz3vO2bEMhZGEkjnfMxb']
YNW Melly,1cNDP5yjU5vjeR8qMf4grg,Trippie Redd,6Xgp2XMz1fhVYe7i6yNAax,1,['7tgjDlQsMR8RvkdlNCJA58']
Lil Xan,3EXdLajEO02ziZ90P90bSW,Diplo,5fMUXHkw8R8eOP2RNVYEZX,1,['7thTA3hqO2MgOlzo0rPInX']
Marvin Gaye,3koiLjNrgRTNbOwViDipeA,Tammi Terrell,75jNCko3SnEMI5gwGqrbb8,1,['7tqhbajSfrz2F7E1Z75ASX']
Frank Ocean,2h93pZq0e7k5yf4dywlkpM,Calvin Harris,7CajNmpbOovFoOoasH2HaY,1,['7tr2za8SQg2CI8EDgrdtNl']
Migos,6oMuImdp5ZcFhWP0ESe6mG,Calvin Harris,7CajNmpbOovFoOoasH2HaY,1,['7tr2za8SQg2CI8EDgrdtNl']
Frank Ocean,2h93pZq0e7k5yf4dywlkpM,Migos,6oMuImdp5ZcFhWP0ESe6mG,1,['7tr2za8SQg2CI8EDgrdtNl']
Frank Ocean,2h93pZq0e7k5yf4dywlkpM,Funk Wav,4A0TivfinfALCAMJqqjZIk,1,['7tr2za8SQg2CI8EDgrdtNl']
Funk Wav,4A0TivfinfALCAMJqqjZIk,Migos,6oMuImdp5ZcFhWP0ESe6mG,1,['7tr2za8SQg2CI8EDgrdtNl']
Sebastian Yatra,07YUOmWljBTXwIseAUd9TW,Mau y Ricky,2wkoKEfS6dXwThbyTnZWFU,1,['7uQmJ1jgNzBpATSoWKSPFu']
Peso Pluma,12GqGscKJx3aE4t07u7eVZ,Chael Produciendo,2iI5KWXLjw1tqLQsdjuo0e,1,['7uSLF2yhpjLlYBLtyPX3Lb']
Travis Scott,0Y5tJX1MQlPlqiwlOH1tJY,Young Stoner Life,1xr2G8Hlx4QWmT9HaUbmoO,1,['7uZqvqXzzYMKrexKxdcGmd']
Night Lovell,2y246nnP9pQT0E6v3ZMMOO,CORPSE,7yntSJ6uojO3z6GFUVwhAW,1,['7v4pPS4A7NgY7bxFA3Etv3']
Loredana,2Im8m4STDBosjfmb5hmP80,Capital Bra,4WZGDpNwrC0vNQyl9QzF7d,1,['7v8OynJxOxHoeS5C2UA9Y7']
Felix Jaehn,4bL2B6hmLlMWnUEZnorEtG,OMI,5MouCg6ta7zAxsfMEbc1uh,1,['7vFoFDWqTX0mHzLfrF1Cfy']
Normani,2cWZOOzeOm4WmBJRnD5R7I,Ariana Grande,66CXWjxzNUsdJxJ2JdwvnR,1,['7vJS1DPc3FzBtqBs8n3mW5']
Nicki Minaj,0hCNtLu0JehylgoiP8L4Gh,Normani,2cWZOOzeOm4WmBJRnD5R7I,1,['7vJS1DPc3FzBtqBs8n3mW5']
Olivia O'Brien,1QRj3hoop9Mv5VvHQkwPEp,gnash,3iri9nBFs9e4wN7PLIetAw,1,['7vRriwrloYVaoAe3a9wJHe']
Bring Me The Horizon,1Ffb6ejR6Fe5IamqA5oRUF,Ed Sheeran,6eUKZXaKkcviH0Ku9w2n3V,1,['7vrKEP66NdiQDPryPG6olO']
Stunna 4 Vegas,44IvvHRk2XF243QLA2VOa8,DaBaby,4r63FhuTkUYltbVAg5TQnk,1,['7vxGCUPJhe0fXfBkwVPFcP']
Big One,2OhUNb01gLwygOizYvTm0e,Callejero Fino,6GRwwWAtmusrgAL5JF9Dfr,1,['7w7BrPbOjF5OxChs2dxFve']
Emilia,0AqlFI0tz2DsEoJlKSIiT9,Callejero Fino,6GRwwWAtmusrgAL5JF9Dfr,1,['7w7BrPbOjF5OxChs2dxFve']
Sfera Ebbasta,23TFHmajVfBtlRx5MXqgoz,Salmo,3hBQ4zniNdQf1cqqo6hzuW,1,['7wC76LWyNxaP3hjGzbWOcN']
Mavis Staples,0cTSCsVx04SSht9V6cpKN0,Hozier,2FXC3k01G6Gw61bmprjgqS,1,['7wR5r0KYGXBpyWXCdyYs3F']
Dreamville,1iNqsUDUraNWrj00bqssQG,Zoink Gang,3OBsADexDJ29wg3OGVoAji,1,['7wxDKfgFtRTbupcG4xDhtj']
Dreamville,1iNqsUDUraNWrj00bqssQG,KEY!,2tMOCIpxj6jwM9e6pmwGiP,1,['7wxDKfgFtRTbupcG4xDhtj']
Dreamville,1iNqsUDUraNWrj00bqssQG,Maxo Kream,6xS5PpBWaVYraexEkEjjXv,1,['7wxDKfgFtRTbupcG4xDhtj']
Zoink Gang,3OBsADexDJ29wg3OGVoAji,J. Cole,6l3HvQ5sa6mXTsMTB19rO5,1,['7wxDKfgFtRTbupcG4xDhtj']
KEY!,2tMOCIpxj6jwM9e6pmwGiP,J. Cole,6l3HvQ5sa6mXTsMTB19rO5,1,['7wxDKfgFtRTbupcG4xDhtj']
J. Cole,6l3HvQ5sa6mXTsMTB19rO5,Maxo Kream,6xS5PpBWaVYraexEkEjjXv,1,['7wxDKfgFtRTbupcG4xDhtj']
KEY!,2tMOCIpxj6jwM9e6pmwGiP,Zoink Gang,3OBsADexDJ29wg3OGVoAji,1,['7wxDKfgFtRTbupcG4xDhtj']
Zoink Gang,3OBsADexDJ29wg3OGVoAji,Maxo Kream,6xS5PpBWaVYraexEkEjjXv,1,['7wxDKfgFtRTbupcG4xDhtj']
KEY!,2tMOCIpxj6jwM9e6pmwGiP,Maxo Kream,6xS5PpBWaVYraexEkEjjXv,1,['7wxDKfgFtRTbupcG4xDhtj']
Callie Hernandez,13kKxNPnxPeeWQaAaZwvCP,Emma Stone,68Uwx1d3EbjDJhYsLjqvIq,1,['7xE4vKvjqUTtHyJ9zi0k1q']
Sonoya Mizuno,4FFGJ9ERSX06Sl8hD7GRVv,Emma Stone,68Uwx1d3EbjDJhYsLjqvIq,1,['7xE4vKvjqUTtHyJ9zi0k1q']
Jessica Rothe,21yiGQIpkiP8edfxDipQaW,Emma Stone,68Uwx1d3EbjDJhYsLjqvIq,1,['7xE4vKvjqUTtHyJ9zi0k1q']
Callie Hernandez,13kKxNPnxPeeWQaAaZwvCP,Sonoya Mizuno,4FFGJ9ERSX06Sl8hD7GRVv,1,['7xE4vKvjqUTtHyJ9zi0k1q']
Callie Hernandez,13kKxNPnxPeeWQaAaZwvCP,Jessica Rothe,21yiGQIpkiP8edfxDipQaW,1,['7xE4vKvjqUTtHyJ9zi0k1q']
Jessica Rothe,21yiGQIpkiP8edfxDipQaW,Sonoya Mizuno,4FFGJ9ERSX06Sl8hD7GRVv,1,['7xE4vKvjqUTtHyJ9zi0k1q']
Kendrick Lamar,2YZyLoL8N0Wb9xBt1NhZWg,Sia,5WUlDfRSoLAfcVSX1WnrxN,1,['7xHWNBFm6ObGEQPaUxHuKO']
Rels B,2IMZYfNi21MGqxopj9fWx8,Gera MX,2hejA1Dkf8v8R0koF44FvW,1,['7xLYLM5K6S1TwiSdfuhZQg']
Rauw Alejandro,1mcTU81TzQhprhouKaTkpq,Pharrell Williams,2RdwBSPQiwcmiDo9kixcl8,1,['7xdRj1wA4XzYnXynPmtmnq']
Mari Fernandez,0BHm7qbh3ENxvXzkQAG7MP,Zé Felipe,7cmuxPnXRJxwuYDHfbD8Eu,1,['7xjV9rXbAUDCreKgx2pkGY']
Drake,3TVXtAsR1Inumwj472S9r4,Black Coffee,6wMr4zKPrrR0UVz08WtUWc,1,['7y6c07pgjZvtHI9kuMVqk1']
Jorja Smith,1CoZyIx7UvdxT5c8UkMzHd,Drake,3TVXtAsR1Inumwj472S9r4,1,['7y6c07pgjZvtHI9kuMVqk1']
Jorja Smith,1CoZyIx7UvdxT5c8UkMzHd,Black Coffee,6wMr4zKPrrR0UVz08WtUWc,1,['7y6c07pgjZvtHI9kuMVqk1']
Martin Jensen,4ehtJnVumNf6xzSCDk8aLB,The Vamps,7gAppWoH7pcYmphCVTXkzs,1,['7yCm5uEZcQ6uzt9E5Py6IR']
Raj Shekhar,2DFCHTDIA0t638a4mm37dK,Vishal Mishra,5wJ1H6ud777odtZl5gG507,1,['7yDHHVKLbvDmVw1XXhDDIO']
Dani Flow,1yX62RHdYysNcIrO33WQxJ,Bellakath,4yjm4SvYqC5FFuLbB6TyHr,1,['7yIIeKUxTpn36X6CFJhgEi']
A$AP Rocky,13ubrt8QOOCPljQ2FL1Kca,Skepta,2p1fiYHYiXz9qi0JJyxBzN,1,['7ycWLEP1GsNjVvcjawXz3z']
Big Sean,0c173mlxpT3dSFRgMO8XPh,TWENTY88,6g8AmloI8egfrr3dm3SnUL,1,['7yoe9vbbzakNAXwb1UaWLS']
Data Luv,2gtmbs0Uas9TBSMqkA4zjE,Ufo361,5pVRwX5ZQR7hfJ18w8ZYkl,1,['7yosVOH7pRWrKANBDbsBqI']
DRAM,5M0lbkGluOPXLeFjApw8r8,Lil Yachty,6icQOAFXDZKsumw3YXyusw,1,['7yyRTcZmCiyzzJlNzGC9Ol']
Lil Uzi Vert,4O15NlyKLIASxsJ0PrXPfz,Tyler The Creator,4V8LLVI7PbaPR0K2TGSxFF,1,['7z4xW9WY86uH3gd1V9pfCM']
Kali Uchis,1U1el3k54VvEUzo3ybLPlM,Daniel Caesar,20wkVLutqVOYrc0kxFs7rA,1,['7zFXmv6vqI4qOt4yGf3jYZ']
Kid Cudi,0fA0VVWsXO9YnASrzqfmYu,Playboi Carti,699OTQXzgjhIYAHMy9RyPD,1,['7zLMYtNJcabv4h4wBnjNQI']
Megan Thee Stallion,181bsRPaVXVlUKXrxwZfHK,Lil Nas X,7jVv8c5Fj3E9VhNjxT4snq,1,['7zQirOExB0VR8yWUOqYeio']
Lauren Alaina,1v3tdpIdBSW14rHUfiEVOv,Kane Brown,3oSJ7TBVCWMDMiYjXNiCKE,1,['7zVCrzzEJU7u24sbJPXA5W']
A$AP Rocky,13ubrt8QOOCPljQ2FL1Kca,Post Malone,246dkjvS1zLTtiykXe5h60,1,['7zjEyeBsaw9gV0jofJLfOM']
Jack Harlow,2LIk90788K0zvyj2JJVwkJ,Eminem,7dGJo4pcD2V6oG8kP0tJRR,1,['7zl7kehxesNEo2pYkKXTSe']
Cordae,0huGjMyP507tBCARyzSkrv,Eminem,7dGJo4pcD2V6oG8kP0tJRR,1,['7zl7kehxesNEo2pYkKXTSe']
Cordae,0huGjMyP507tBCARyzSkrv,Jack Harlow,2LIk90788K0zvyj2JJVwkJ,1,['7zl7kehxesNEo2pYkKXTSe']
Tanna Leone,1bPYCoigTRLOQwNfjpwmff,Kendrick Lamar,2YZyLoL8N0Wb9xBt1NhZWg,1,['7zvfDihYiJ8RQ1nRcpKBF5']
Alessia Cara,2wUjUUtkb5lvLKcGKsKqsR,,,0,[]
The Killers,0C0XlULifJtAgn6ZNCW2eu,,,0,[]
Miley Cyrus,5YGY8feqx7naU7z4HrwZM6,,,0,[]
j-hope,0b1sIQumIAsNbqAoIClSpy,,,0,[]
Fall Out Boy,4UXqAaa6dQYAk18Lv7PEgX,,,0,[]
Brent Faiyaz,3tlXnStJ1fFhdScmQeLpuG,,,0,[]
Zach Bryan,40ZNYROS4zLfyyBSs2PGe2,,,0,[]
Aldair Playboy,6LjdKBMnP1Da8Oe6WhrN56,,,0,[]
Dua Lipa,6M2wZ9GZgrQXHCFfjv46we,,,0,[]
Chance the Rapper,1anyVhU62p31KFi8MEzkbf,,,0,[]
Shirin David,0JBdTCGs111JKKYfLqOEBa,,,0,[]
Taylor Swift,06HL4z0CvFAxyc27GXpf02,,,0,[]
ITZY,2KC9Qb60EaY0kW4eH68vr3,,,0,[]
Charli xcx,25uiPmTg16RbhZWAqwLBy5,,,0,[]
XXXTENTACION,15UsOTVnJzReFVN1VCnxy4,,,0,[]
BTS,3Nrfpe0tUJi4K4DXYWgMUX,,,0,[]
sangiovanni,7dL0nOHwnSAsNAwpkPSGWP,,,0,[]
Dxrk ダーク,5TvFfw1MgSntdU9A7yncyA,,,0,[]
LISA,5L1lO4eRHmJ7a0Q6csE5cT,,,0,[]
Sam Smith,2wY79sveU1sp5g7SokKOiI,,,0,[]
RIN,18ISxWwWjV6rPLoVCXf1dz,,,0,[]
Twenty One Pilots,3YQKmKGau1PzlVlkL1iodx,,,0,[]
Mac Miller,4LLpKhyESsyAXpc4laK94U,,,0,[]
Jack Harlow,2LIk90788K0zvyj2JJVwkJ,,,0,[]
Katy Perry,6jJ0s89eD6GaHleKKya26X,,,0,[]
RM,2auC28zjQyVTsiZKNgPRGs,,,0,[]
Lil Baby,5f7VJjfbwm532GiveGC0ZK,,,0,[]
Calum Scott,6ydoSd3N2mwgwBHtF6K7eX,,,0,[]
Young Thug,50co4Is1HCEo8bhOyUWKpn,,,0,[]
NewJeans,6HvZYsbFfjnjFrWF950C9d,,,0,[]
USHER,23zg3TcAtWQy7J6upgbUnj,,,0,[]
Sabrina Carpenter,74KM79TiuVKeVCqs8QtB0B,,,0,[]
Bring Me The Horizon,1Ffb6ejR6Fe5IamqA5oRUF,,,0,[]
Kevin Gates,1gPhS1zisyXr5dHTYZyiMe,,,0,[]
Coldplay,4gzpq5DPGxSnKTe4SA8HAU,,,0,[]
Morgan Wallen,4oUHIQIBe0LHzYfvXNW4QM,,,0,[]
Harry Styles,6KImCVD70vtIoJWnq6nGn3,,,0,[]
Drake,3TVXtAsR1Inumwj472S9r4,,,0,[]
TOOL,2yEwvVSSSUkcLeSTNyHKh8,,,0,[]
Shawn Mendes,7n2wHs1TKAczGzO7Dd2rGr,,,0,[]
Tom Walker,7z2avKuuiMAT4XZJFv8Rvh,,,0,[]
SZA,7tYKF4w9nC0nq9CsPZTHyP,,,0,[]
Billie Eilish,6qqNVTkY8uBg9cP3Jd7DAH,,,0,[]
The xx,3iOvXCl6edW5Um0fXEBRXy,,,0,[]
Stray Kids,2dIgFjalVxs4ThymZ67YCE,,,0,[]
TOMORROW X TOGETHER,0ghlgldX5Dd6720Q3qFyQB,,,0,[]
Travis Scott,0Y5tJX1MQlPlqiwlOH1tJY,,,0,[]
Bebe Rexha,64M6ah0SkkRsnPGtGiRAbb,,,0,[]
Piso 21,4bw2Am3p9ji3mYsXNXtQcd,,,0,[]
TINI,7vXDAI8JwjW531ouMGbfcp,,,0,[]
Mariah Carey,4iHNK0tOyZPYnBU7nGAgpQ,,,0,[]
Gorillaz,3AA28KZvwAUcZuOKwyblJQ,,,0,[]
Bad Bunny,4q3ewBCX7sLwd24euuV69X,,,0,[]
Eminem,7dGJo4pcD2V6oG8kP0tJRR,,,0,[]
Van Halen,2cnMpRsOVqtPMfq7YiFE6K,,,0,[]
Post Malone,246dkjvS1zLTtiykXe5h60,,,0,[]
Anitta,7FNnA9vBm6EKceENgCGRMb,,,0,[]
Kendrick Lamar,2YZyLoL8N0Wb9xBt1NhZWg,,,0,[]
Jonas Brothers,7gOdHgIoIKoe4i9Tta6qdD,,,0,[]
Logic,4xRYI6VqpkE3UwrDrAZL8L,,,0,[]
Khalid,6LuN9FCkKOj5PcnpouEgny,,,0,[]
Bing Crosby,6ZjFtWeHP9XN7FeKSUe80S,,,0,[]
Juice WRLD,4MCBfE4596Uoi2O4DtmEMz,,,0,[]
The 1975,3mIj9lX2MWuHmhNCA7LSCW,,,0,[]
Wham!,5lpH0xAS4fVfLkACg9DAuM,,,0,[]
Megan Thee Stallion,181bsRPaVXVlUKXrxwZfHK,,,0,[]
Camila Cabello,4nDoRrQiYLoBzwC5BhVJzF,,,0,[]
Childish Gambino,73sIBHcqh3Z3NyqHKZ7FOL,,,0,[]
NF,6fOMl44jA4Sp5b9PpYCkzz,,,0,[]
Carpenters,1eEfMU2AhEo7XnKgL7c304,,,0,[]
Pharrell Williams,2RdwBSPQiwcmiDo9kixcl8,,,0,[]
Michael Schulte,21aa4pj9BvbFB2iT8kRpnq,,,0,[]
Jess Glynne,4ScCswdRlyA23odg9thgIO,,,0,[]
Arctic Monkeys,7Ln80lUS6He07XvHI8qqHH,,,0,[]
J. Cole,6l3HvQ5sa6mXTsMTB19rO5,,,0,[]
Sage The Gemini,6d47Z08T4snK50HgTEHo5Z,,,0,[]
Playboi Carti,699OTQXzgjhIYAHMy9RyPD,,,0,[]
The Chainsmokers,69GGBxA162lTqCwzJG5jLp,,,0,[]
AC/DC,711MCceyCBcFnzjGY4Q7Un,,,0,[]
Justin Bieber,1uNFoZAHBGtllmzznpCI3s,,,0,[]
Marracash,5AZuEF0feCXMkUCwQiQlW7,,,0,[]
Brenda Lee,4cPHsZM98sKzmV26wlwD2W,,,0,[]
MERO,5wyWp867LWGjFmYZXVSFnZ,,,0,[]
The Weeknd,1Xyo4u8uXC1ZmMpatF05PJ,,,0,[]
Adele,4dpARuHxo51G3z768sgnrY,,,0,[]
Tyler The Creator,4V8LLVI7PbaPR0K2TGSxFF,,,0,[]
Gaullin,1aQwKFn00nswXRDUDipm0K,,,0,[]
Future,1RyvyyTE3xzB2ZywiAwp0i,,,0,[]
Zara Larsson,1Xylc3o4UrD53lo9CvFvVg,,,0,[]
A$AP Ferg,5dHt1vcEm9qb8fCyLcB3HL,,,0,[]
grandson,4ZgQDCtRqZlhLswVS6MHN4,,,0,[]
Trippie Redd,6Xgp2XMz1fhVYe7i6yNAax,,,0,[]
Lil Uzi Vert,4O15NlyKLIASxsJ0PrXPfz,,,0,[]
Baddiel Skinner & Lightning Seeds,3LtYMPncqtiugGwOuuLq3h,,,0,[]
One Direction,4AK6F7OLvEQ5QYCBNiQWHq,,,0,[]
Burna Boy,3wcj11K77LjEY1PkEazffa,,,0,[]
Helene Fischer,7MzHPIXAqIOCnvK0sVY72W,,,0,[]
Ella Mai,7HkdQ0gt53LP4zmHsL0nap,,,0,[]
SSIO,3IrUyDPQlQFcB5lMWhPml2,,,0,[]
Bruno Mars,0du5cEVh5yTK9QJze8zA0C,,,0,[]
Joji,3MZsBdqDrRTJihTHQrO6Dq,,,0,[]
KAROL G,790FomKkXshlbRYZFtlgla,,,0,[]
BLANCO,1MRiIeZbc0cRuxOafDUCtH,,,0,[]
Julión Álvarez y su Norteño Banda,1bfl0AU8SqmLkElptOprhC,,,0,[]
Bonez MC,1aS5tqEs9ci5P9KD9tZWa6,,,0,[]
Evanescence,5nGIFgo0shDenQYSE0Sn7c,,,0,[]
Feid,2LRoIwlKmHjgvigdNGBHNo,,,0,[]
King Princess,6beUvFUlKliUYJdLOXNj9C,,,0,[]
Astrid S,3AVfmawzu83sp94QW7CEGm,,,0,[]
Doja Cat,5cj0lLjcoR7YOSnhnX0Po5,,,0,[]
Jorja Smith,1CoZyIx7UvdxT5c8UkMzHd,,,0,[]
Daft Punk,4tZwfgrHOc3mvqYlEYSvVi,,,0,[]
Niall Horan,1Hsdzj7Dlq2I7tHP7501T4,,,0,[]
Ed Sheeran,6eUKZXaKkcviH0Ku9w2n3V,,,0,[]
The Carters,4fpTMHe34LC5t3h5ztK8qu,,,0,[]
MC G15,3Nipsl6GVwwGyeAk0J29C6,,,0,[]
Lil Nas X,7jVv8c5Fj3E9VhNjxT4snq,,,0,[]
Quevedo,52iwsT98xCoGgiGntTiR7K,,,0,[]
Beyoncé,6vWDO969PvNqNYHIOW5v0m,,,0,[]
Noah Kahan,2RQXRUsr4IW1f3mKyKsy4B,,,0,[]
João Gomes,4JNo6Q5KdcRf1vtSX9mB0S,,,0,[]
Big Sean,0c173mlxpT3dSFRgMO8XPh,,,0,[]
21 Savage,1URnnhqYAYcrqrcwql10ft,,,0,[]
Migos,6oMuImdp5ZcFhWP0ESe6mG,,,0,[]
Michelle Williams,2LAqcqAQ8KPTsl1HBgBrqM,,,0,[]
ABBA,0LcJLqbBmaGUft1e9Mm8HV,,,0,[]
Loren Allred,0LyOADBjj28cbvJWTXUEGA,,,0,[]
Rkomi,056KMTw6IztdQjBmFfVyO3,,,0,[]
Michael Bublé,1GxkXlMwML1oSg5eLPiAz3,,,0,[]
Lil Peep,2kCcBybjl3SAtIcwdWpUe3,,,0,[]
Nat King Cole,7v4imS0moSyGdXyLgVTIV7,,,0,[]
Agust D,5RmQ8k4l3HZ8JoPb4mNsML,,,0,[]
Lana Del Rey,00FQb4jTyendYWaN8pK0wa,,,0,[]
Don Toliver,4Gso3d4CscCijv0lmajZWs,,,0,[]
Kesha,6LqNN22kT3074XbTVUrhzX,,,0,[]
Irama,5iot8OPcosJN9nCl7I5SdK,,,0,[]
Maluma,1r4hJ1h58CWwUQe3MxPuau,,,0,[]
Sefo,1ITjgqpqMDJlqZGAK3mlPQ,,,0,[]
(G)I-DLE,2AfmfGFbe0A0WsTYm0SDTx,,,0,[]
Lovejoy,33tFkBLsl6f8TjKkV0uF0C,,,0,[]
Luis Miguel,2nszmSgqreHSdJA3zWPyrW,,,0,[]
Tame Impala,5INjqkS1o8h1imAzPqGZBb,,,0,[]
Linkin Park,6XyY86QOPPrYVGvF9ch6wz,,,0,[]
Henrique & Juliano,3p7PcrEHaaKLJnPUGOtRlT,,,0,[]
Cian Ducrot,49jTY62Cpw3RYo4dLuG43W,,,0,[]
Liam Payne,5pUo3fmmHT8bhCyHE52hA6,,,0,[]
Miguel,360IAlyVv4PCEVjgyMZrxK,,,0,[]
Gunna,2hlmm7s2ICUX0LVIhVFlZQ,,,0,[]
Ninho,6Te49r3A6f5BiIgBRxH7FH,,,0,[]
Alan Walker,7vk5e3vY1uw9plTHJAMwjN,,,0,[]
Darshan Raval,2GoeZ0qOTt6kjsWW4eA6LS,,,0,[]
Kali Uchis,1U1el3k54VvEUzo3ybLPlM,,,0,[]
Montell Fish,5nvWOyAkfNgVLKESq4fOj2,,,0,[]
Bosh,6Mm2g25BTeJ6BICPFWGkPg,,,0,[]
SiM,2BM933ADIluGGrPBOhPgIt,,,0,[]
Bo Burnham,2Waw2sSbqvAwK8NwACNjVo,,,0,[]
Milky Chance,1hzfo8twXdOegF3xireCYs,,,0,[]
BLACKPINK,41MozSoPIsD1dJM0CLPjZF,,,0,[]
Prince Royce,3MHaV05u0io8fQbZ2XPtlC,,,0,[]
Bryson Tiller,2EMAnMvWE2eb56ToJVfCWs,,,0,[]
Tito Double P,5eumcnUkdmGvkvcsx1WFNG,,,0,[]
DMX,1HwM5zlC5qNWhJtM00yXzG,,,0,[]
Ariana Grande,66CXWjxzNUsdJxJ2JdwvnR,,,0,[]
Mitraz,3iGhlvzpXc0UHBQ7klAItX,,,0,[]
Toby Keith,2bA6fzP0lMAQ4kz6CF61w8,,,0,[]
Olivia Rodrigo,1McMsnEElThX1knmY4oliG,,,0,[]
Foo Fighters,7jy3rLJdDQY21OgRLCZ9sD,,,0,[]
Tory Lanez,2jku7tDXc6XoB6MO2hFuqg,,,0,[]
Rihanna,5pKCCKE2ajJHZ9KAiaK11H,,,0,[]
Chino Pacas,2rmkQLzj0k4nZdQehOUByO,,,0,[]
Polo G,6AgTAQt8XS6jRWi4sX7w49,,,0,[]
DaBaby,4r63FhuTkUYltbVAg5TQnk,,,0,[]
Dermot Kennedy,5KNNVgR6LBIABRIomyCwKJ,,,0,[]
Thomas Rhett,6x2LnllRG5uGarZMsD4iO8,,,0,[]
The Ronettes,7CyeXFnOrfC1N6z4naIpgo,,,0,[]
Stevie Wonder,7guDJrEfX3qb6FEbdPA5qi,,,0,[]
Bryce Vine,1ShZZUjkbXCjhwrb18BA8I,,,0,[]
The Kid LAROI,2tIP7SsRs7vjIcLrU85W8J,,,0,[]
Anne-Marie,1zNqDE7qDGCsyzJwohVaoX,,,0,[]
V,3JsHnjpbhX4SnySpvpa9DK,,,0,[]
ZAYN,5ZsFI1h6hIdQRw2ti0hz81,,,0,[]
Apache 207,1qQLhymHXFPtP5U8KNKsm6,,,0,[]
TOKYO’S REVENGE,5TbLOwv8BNnik3f03NZJlt,,,0,[]
IVE,6RHTUrRF63xao58xh9FXYJ,,,0,[]
Meghan Trainor,6JL8zeS1NmiOftqZTRgdTz,,,0,[]
Metallica,2ye2Wgw4gimLv2eAKyk1NB,,,0,[]
P!nk,1KCSPY1glIKqW2TotWuXOR,,,0,[]
Justin Timberlake,31TPClRtHm23RisEBtV3X7,,,0,[]
Dhruv,70NcAr4ZtA3FAqU16iQZSb,,,0,[]
Xavi,3Me35AWHCGqW4sZ7bWWJt1,,,0,[]
Demi Lovato,6S2OmqARrzebs0tKUEyXyp,,,0,[]
SCH,2kXKa3aAFngGz2P4GjG5w2,,,0,[]
Lil Tjay,6jGMq4yGs7aQzuGsMgVgZR,,,0,[]
Montez,5ZY4M2aGiTaZQEP6HfqeJc,,,0,[]
siouxxie sixxsta,0OO76E5lRfeyBI3fkA73Dr,,,0,[]
Bazzi,4GvEc3ANtPPjt1ZJllr5Zl,,,0,[]
Rauw Alejandro,1mcTU81TzQhprhouKaTkpq,,,0,[]
SALES,6vVztIuqdDHvYWxOEXCzjN,,,0,[]
Cigarettes After Sex,1QAJqy2dA3ihHBFIHRphZj,,,0,[]
Melanie Thornton,2apYMRrg5FxN4go0pfsCvf,,,0,[]
Anuv Jain,4gdMJYnopf2nEUcanAwstx,,,0,[]
Why Don't We,2jnIB6XdLvnJUeNTy5A0J2,,,0,[]
Bleachers,2eam0iDomRHGBypaDQLwWI,,,0,[]
Christian Nodal,0XwVARXT135rw8lyw1EeWP,,,0,[]
Bag Raiders,6fXEqmGQEt6ONuqVmwrN46,,,0,[]
22 Savage,7x8MuRMbm9XIldHSJOtoNo,,,0,[]
Rammstein,6wWVKhxIU2cEi0K81v7HvP,,,0,[]
Paul Rosenberg,6bwVWdQfr6ttzrGLboVkjg,,,0,[]
Oasis,2DaxqgrOhkeH0fpeiQq2f4,,,0,[]
ItaloBrothers,5nkYRuiIHg2xXHFC8bfosJ,,,0,[]
Zion & Lennox,21451j1KhjAiaYKflxBjr1,,,0,[]
PNL,3NH8t45zOTqzlZgBvZRjvB,,,0,[]
Meat Loaf,7dnB1wSxbYa8CejeVg98hz,,,0,[]
James Arthur,4IWBUUAFIplrNtaOHcJPRM,,,0,[]
6ix9ine,7gZfnEnfiaHzxARJ2LeXrf,,,0,[]
JENNIE,250b0Wlc5Vk0CoUsaCY84M,,,0,[]
Sfera Ebbasta,23TFHmajVfBtlRx5MXqgoz,,,0,[]
Olivia Holt,188VINPQh5dyNfLUkevKqf,,,0,[]
Muni Long,7tjVFCxJdwT4NdrTmjyjQ6,,,0,[]
Kanye West,5K4W6rqBFWDnAN6FQUkS6x,,,0,[]
Chappell Roan,7GlBOeep6PqTfFi59PTUUN,,,0,[]
Zé Neto & Cristiano,487N2T9nIPEHrlTZLL3SQs,,,0,[]
NLE Choppa,0ErzCpIMyLcjPiwT4elrtZ,,,0,[]
Selena Gomez,0C8ZW7ezQVs4URX5aX7Kqx,,,0,[]
Naomi Scott,2Zi3RrdQqk63Xj0914STkS,,,0,[]
2Pac,1ZwdS5xdxEREPySFridCfh,,,0,[]
Eladio Carrion,5XJDexmWFLWOkjOEjOVX3e,,,0,[]
mgk,6TIYQ3jFPwQSRmorSezPxX,,,0,[]
Lil Wayne,55Aa2cqylxrFIXC767Z865,,,0,[]
Little Mix,3e7awlrlDSwF3iM0WBjGMp,,,0,[]
Yeat,3qiHUAX7zY4Qnjx8TNUzVx,,,0,[]
Britney Spears,26dSoYclwsYLMAKD3tpOr4,,,0,[]
Rex Orange County,7pbDxGE6nQSZVfiFdq9lOL,,,0,[]
Tom Petty,2UZMlIwnkgAEDBsw1Rejkn,,,0,[]
Lil Mabu,6FAo7ORAHEzSSf5q10LLfN,,,0,[]
Queen,1dfeR4HaWDbWqFHLkxsg1d,,,0,[]
Moon Taxi,5DK8eK7fjvRsziXzyr3sFA,,,0,[]
Lorde,163tK9Wjr9P9DmM0AVK7lm,,,0,[]
Nicki Minaj,0hCNtLu0JehylgoiP8L4Gh,,,0,[]
José José,4mN0qcMxWX8oToqfDPM5yV,,,0,[]
Clinton Kane,7okSU80WTrn4LXlyXYbX3P,,,0,[]
LE SSERAFIM,4SpbR6yFEvexJuaBpgAU5p,,,0,[]
Grelo,1eIYP01ZLPKEExhcV6xFgt,,,0,[]
Bill Withers,1ThoqLcyIYvZn7iWbj8fsj,,,0,[]
Dyamante DJ,3i7Bn2SoEkRVEGkdz9o6Yu,,,0,[]
Mabel,1MIVXf74SZHmTIp4V4paH4,,,0,[]
Pop Smoke,0eDvMgVFoNV3TpwtrVCoTj,,,0,[]
The Neighbourhood,77SW9BnxLY8rJ0RciFqkHh,,,0,[]
Paul Russell,4zoRNhOhsGX3w8yBAnFSQ8,,,0,[]
Ghost,1Qp56T7n950O3EGMsSl81D,,,0,[]
Zé Vaqueiro,5K8Rmjmf4RZFffz94EmBRt,,,0,[]
Avicii,1vCWHaC5f2uS3yhpwWbIA6,,,0,[]
Ozuna,1i8SpTcr7yvPOmcqrbnVXY,,,0,[]
Juliette,5coW9ioCpvEYGx4v1nvWec,,,0,[]
Bruce Springsteen,3eqjTLE0HfPfh78zjh6TqT,,,0,[]
d4vd,5y8tKLUfMvliMe8IKamR32,,,0,[]
TREASURE,3KonOYiLsU53m4yT7gNotP,,,0,[]
Jung Kook,6HaGTQPmzraVmaVxvz6EUc,,,0,[]
Natalie Taylor,2WxjxdeF7GGdcCK276qViY,,,0,[]
Dixie,3DKkhRCGOG4e8IUPYFPfWs,,,0,[]
Oliver Tree,6TLwD7HPWuiOzvXEa3oCNe,,,0,[]
Kelly Clarkson,3BmGtnKgCSGYIUhmivXKWX,,,0,[]
Burl Ives,0MHgLfmQdutffmvWe5XBTN,,,0,[]
Damso,2UwqpfQtNuhBwviIC0f2ie,,,0,[]
The Cranberries,7t0rwkOPGlDPEhaOcVtOt9,,,0,[]
Galantis,4sTQVOfp9vEMCemLw50sbu,,,0,[]
Nickelback,6deZN1bslXzeGvOLaLMOIF,,,0,[]
Nirvana,6olE6TJLqED3rqDCT0FyPh,,,0,[]
CYRIL,11kt6ggsdxvI8MhyeSMKom,,,0,[]
Jin,5vV3bFXnN6D6N3Nj4xRvaV,,,0,[]
Petit Biscuit,6gK1Uct5FEdaUWRWpU4Cl2,,,0,[]
Kep1er,5R7AMwDeroq6Ls0COQYpS4,,,0,[]
JNR CHOI,1Z25ZlGHqqlr3o1UGQOfNn,,,0,[]
Peso Pluma,12GqGscKJx3aE4t07u7eVZ,,,0,[]
Perry Como,5v8jlSmAQfrkTjAlpUfWtu,,,0,[]
Christina Aguilera,1l7ZsJRRS8wlW3WfJfPfNS,,,0,[]
Ndotz,5HK6QtizXJzCmoYTkvFRik,,,0,[]
FireVRMusic,09sUeRJ1zt4ApzCJ39Hm7Y,,,0,[]
Luciano,3CJKkU0XuElRT1z8rEtIYg,,,0,[]
Booba,58wXmynHaAWI5hwlPZP3qL,,,0,[]
La rappresentante di lista,0YmQyGKpZgGSDxsC8iEGQU,,,0,[]
Camilo,28gNT5KBp7IjEOQoevXf9N,,,0,[]
alt-J,3XHO7cRUPCLOr6jwp8vsx5,,,0,[]
Myke Towers,7iK8PXO48WeuP03g8YR51W,,,0,[]
Fedez,3pgCLfNbw5ozIfoNsvDU7i,,,0,[]
Lizzo,56oDRnqbIiwx4mymNEv7dS,,,0,[]
Creepy Nuts,0pWR7TsFhvSCnbmHDjWgrE,,,0,[]
TWICE,7n2Ycct7Beij7Dj7meI4X0,,,0,[]
PARTYNEXTDOOR,2HPaUgqeutzr3jx5a9WyDV,,,0,[]
Anderson .Paak,3jK9MiCrA42lLAdMGUZpwa,,,0,[]
Keane,53A0W3U0s8diEn9RhXQhVz,,,0,[]
Walker Hayes,7sKxqpSqbIzphAKAhrqvlf,,,0,[]
SHAED,3KwmxIhSe9UTSEF37kwngR,,,0,[]
Reynmen,1Fg19vpUJpAAPFjnKaVYVW,,,0,[]
Fifth Harmony,1l8Fu6IkuTP0U5QetQJ5Xt,,,0,[]
Lazza,0jdNdfi4vAuVi7a6cPDFBM,,,0,[]
blackbear,2cFrymmkijnjDg9SS92EPM,,,0,[]
OneRepublic,5Pwc4xIPtQLFEnJriah9YJ,,,0,[]
5 Seconds of Summer,5Rl15oVamLq7FbSb0NNBNy,,,0,[]
Roddy Ricch,757aE44tKEUQEqRuT6GnEB,,,0,[]
Kings of Leon,2qk9voo8llSGYcZ6xrBzKx,,,0,[]
Fujii Kaze,6bDWAcdtVR3WHz2xtiIPUi,,,0,[]
Kadu Martins,57VQCKnZ9nhS7bvoviXuZK,,,0,[]
Dardan,3pjq2pDV9RR6VY55wBjVnp,,,0,[]
PEDRO SAMPAIO,5wbf52LA6kcaboHSN6NEF1,,,0,[]
Lady Gaga,1HY2Jd0NmPuamShAr6KMms,,,0,[]
Fleetwood Mac,08GQAI4eElDnROBrJRGE0X,,,0,[]
John Mayer,0hEurMDQu99nJRq8pTxO14,,,0,[]
MC's Jhowzinho & Kadinho,2Q4r4Epfaaho06ONTHx7OS,,,0,[]
Ayo & Teo,27mFvqQj8KpjmdKIqcw1mG,,,0,[]
Beat Record,0WwKxmZjmKUp9y0Jg1LWk1,,,0,[]
Bernadya,47z98pKd71yIbgXwe9LPVC,,,0,[]
Imagine Dragons,53XhwfbYqKCa1cC15pYq2q,,,0,[]
Melanie Martinez,63yrD80RY3RNEM2YDpUpO8,,,0,[]
Daryl Hall & John Oates,77tT1kLj6mCWtFNqiOmP9H,,,0,[]
A-Wall,56OjNTX2bkrdGcB0staUOV,,,0,[]
Rogerinho,5JbQpbeFaKfuZVFzKwaawP,,,0,[]
A$AP Rocky,13ubrt8QOOCPljQ2FL1Kca,,,0,[]
Gazo,5gqmbbfjcikQBzPB5Hv13I,,,0,[]
Normani,2cWZOOzeOm4WmBJRnD5R7I,,,0,[]
Mark Ambor,11p2E654TTU8e0nZWBR4AL,,,0,[]
Mora,0Q8NcsJwoCbZOHHW63su5S,,,0,[]
Benjamin Ingrosso,7jEEE187pVG6InOxn03oA5,,,0,[]
Bryant Myers,6w9ToX5slZ4uIdmD17hJ3c,,,0,[]
Nekfeu,4LXBc13z5EWsc5N32bLxfH,,,0,[]
The Rare Occasions,1QfpRUtH14JLoY6F6AYmwt,,,0,[]
Tove Styrke,2QSPrJfYeRXaltEEiriXN9,,,0,[]
System Of A Down,5eAWCfyUhZtHHtBdNk56l1,,,0,[]
YBN Nahmir,3gGUMEwIX6XodWsYEvKSal,,,0,[]
Armin van Buuren,0SfsnGyD8FpIN4U4WCkBZ5,,,0,[]
Jimin,1oSPZhvZMIrWW5I41kPkkY,,,0,[]
Kehlani,0cGUm45nv7Z6M6qdXYQGTX,,,0,[]
Joost,6s5ubAp65wXoTZefE01RNR,,,0,[]
Dominic Fike,6USv9qhCn6zfxlBQIYJ9qs,,,0,[]
Junior H,7Gi6gjaWy3DxyilpF1a8Is,,,0,[]
Dolly Parton,32vWCbZh0xZ4o9gkz4PsEU,,,0,[]
Ava Max,4npEfmQ6YuiwW1GpUmaq3F,,,0,[]
Paramore,74XFHRwlV6OrjEM0A2NCMF,,,0,[]
Orelsan,4FpJcNgOvIpSBeJgRg3OfN,,,0,[]
Michael Jackson,3fMbdgg4jU18AjLCKBhRSm,,,0,[]
Panic! At The Disco,20JZFwl6HVl6yg8a4H3ZqK,,,0,[]
Mari Fernandez,0BHm7qbh3ENxvXzkQAG7MP,,,0,[]
AP Dhillon,6LEG9Ld1aLImEFEVHdWNSB,,,0,[]
Kungs,7keGfmQR4X5w0two1xKZ7d,,,0,[]
KALEO,7jdFEYD2LTYjfwxOdlVjmc,,,0,[]
WILLOW,3rWZHrfrsPBxVy692yAIxF,,,0,[]
Pashanim,34LetYSjEuG2fBb4Z8PwPg,,,0,[]
Ice Spice,3LZZPxNDGDFVSIPqf4JuEf,,,0,[]
Lauv,5JZ7CnR6gTvEMKX4g70Amv,,,0,[]
Fero47,4A7HeXSd4HtQuf6IR5XZ1b,,,0,[]
Eros Ramazzotti,61J0BktHv7PuP3tjTPYXSX,,,0,[]
Slade,10n5lhNDoSMUHWLlnST1yw,,,0,[]
La La Land Cast,6T70tWxqyIpdVbsFvPzqM3,,,0,[]
SAIKO,2O8vbr4RYPpk6MRA4fio7u,,,0,[]
Madison Beer,2kRfqPViCqYdSGhYSM9R0Q,,,0,[]
Elton John,3PhoLpVuITZKcymswpck5b,,,0,[]
Snow Patrol,3rIZMv9rysU7JkLzEaC5Jp,,,0,[]
Vundabar,1W4itxt3vwhmrgLEBuVHJ6,,,0,[]
cakal,6CPZWzcKiOKkHn4L2XI4i2,,,0,[]
Natanael Cano,0elWFr7TW8piilVRYJUe4P,,,0,[]
Marshmello,64KEffDW9EtZ1y2vBYgq8T,,,0,[]
Mc Jacaré,6qrqAYlS6lUj2BVXax7SZW,,,0,[]
Paulo Londra,3vQ0GE3mI0dAaxIMYe5g7z,,,0,[]
Benson Boone,22wbnEMDvgVIAGdFeek6ET,,,0,[]
James Bay,4EzkuveR9pLvDVFNx6foYD,,,0,[]
Dj Luan Gomes,34kJWuUS4hNN1MkqiIG0dS,,,0,[]
King,5NHm4TU5Twz7owibYxJfFU,,,0,[]
KSI,1nzgtKYFckznkcVMR3Gg4z,,,0,[]
Alessandra,35HMF6Y8dSzNfeJs3X65fw,,,0,[]
Kontra K,4lDiJcOJ2GLCK6p9q5BgfK,,,0,[]
Flipp Dinero,2HUwZ0kumzCSlhFcjFZfpp,,,0,[]
Mimi Webb,3GxKJzJK4LpsYGXQrw77wz,,,0,[]
Farruko,329e4yvIujISKGKz1BZZbO,,,0,[]
Ultimo,3hN3iJMbbBmqBSAMx5veDa,,,0,[]
*NSYNC,6Ff53KvcvAj5U7Z1vojB5o,,,0,[]
Baby Keem,5SXuuuRpukkTvsLuUknva1,,,0,[]
Jonas Esticado,22jNvLBrXGKr4CcV2tw8Ag,,,0,[]
Tom Petty and the Heartbreakers,4tX2TplrkIP4v05BNC903e,,,0,[]
Jorge & Mateus,1elUiq4X7pxej6FRlrEzjM,,,0,[]
Cardi B,4kYSro6naA4h99UJvo89HB,,,0,[]
Teddy Swims,33qOK5uJ8AR2xuQQAhHump,,,0,[]
Lauren Jauregui,3J0BpFVUc9LeOIVeN5uNhU,,,0,[]
Gambi,1lB3I3SI30v2ZOpR4XQqzJ,,,0,[]
Coez,5dXlc7MnpaTeUIsHLVe3n4,,,0,[]
Maroon 5,04gDigrS5kc9YWfZHwBETP,,,0,[]
Cher,72OaDtakiy6yFqkt4TsiFt,,,0,[]
Jeremy Zucker,3gIRvgZssIb9aiirIg0nI3,,,0,[]
Hozier,2FXC3k01G6Gw61bmprjgqS,,,0,[]
Bobby Shmurda,34Y0ldeyUv7jBvukWOGASO,,,0,[]
Jungle,59oA5WbbQvomJz2BuRG071,,,0,[]
Artemas,0PCCGZ0wGLizHt2KZ7hhA2,,,0,[]
Loredana,2Im8m4STDBosjfmb5hmP80,,,0,[]
Takeoff,3EW0kQ1skZiK1NHg3Spt9J,,,0,[]
Charlie Puth,6VuMaDnrHyPL1p4EHjYLi7,,,0,[]
SAMUKA,3wGtjtHSh7D31VZV9wPupB,,,0,[]
Musical Youth,2CuzDPkRD6BJBvdWqCrt2I,,,0,[]
Tyla,3SozjO3Lat463tQICI9LcE,,,0,[]
Jon Bellion,50JJSqHUf2RQ9xsHs0KMHg,,,0,[]
Stromae,5j4HeCoUlzhfWtjAfM1acR,,,0,[]
Lukas Graham,25u4wHJWxCA9vO0CzxAbK7,,,0,[]
Surfaces,4ETSs924pXMzjIeD6E9b4u,,,0,[]
RealestK,35R1B97CfrqKFFI3QBkTDx,,,0,[]
Don Khuma,0IsDyC7yhWO36zl3qlFzGH,,,0,[]
KEVIN ROLDAN,1RBzGO6Nm3uyhUSxP7EDWO,,,0,[]
Loreen,49aaHxvAJ0tCh0F15OnwIl,,,0,[]
GAYLE,2VSHKHBTiXWplO8lxcnUC9,,,0,[]
Nemo,5Wg72TowYBWIcSo3K2r84N,,,0,[]
Seafret,4Ly0KABsxlx4fNj63zJTrF,,,0,[]
Red Hot Chili Peppers,0L8ExT028jH3ddEcZwqJJ5,,,0,[]
Brett Eldredge,0qSX3s5pJnAlSsgsCne8Cz,,,0,[]
ROSALÍA,7ltDVBr6mKbRvohxheJ9h1,,,0,[]
Kane Brown,3oSJ7TBVCWMDMiYjXNiCKE,,,0,[]
Sofia Carson,7bp2lSdh12wcA8LyB1srfJ,,,0,[]
Master CC,0hLvG56rSXh785IbjYpuRQ,,,0,[]
Andy Williams,4sj6D0zlMOl25nprDJBiU9,,,0,[]
Duncan Laurence,3klZnJvYGIbWritVwQD434,,,0,[]
Capital Bra,4WZGDpNwrC0vNQyl9QzF7d,,,0,[]
The Police,5NGO30tJxFlKixkPSgXcFE,,,0,[]
Spice Girls,0uq5PttqEjj3IH1bzwcrXF,,,0,[]
SUICIDAL-IDOL,6KOszWgIriJLaPOySuBOTI,,,0,[]
Gusttavo Lima,7MiDcPa6UiV3In7lIM71IN,,,0,[]
Halsey,26VFTg2z8YR0cCuwLzESi2,,,0,[]
Lil Pump,3wyVrVrFCkukjdVIdirGVY,,,0,[]
Laufey,7gW0r5CkdEUMm42w9XpyZO,,,0,[]
Luke Combs,718COspgdWOnwOFpJHRZHS,,,0,[]
BABYMONSTER,1SIocsqdEefUTE6XKGUiVS,,,0,[]
Sia,5WUlDfRSoLAfcVSX1WnrxN,,,0,[]
Avril Lavigne,0p4nmQO2msCgU4IF37Wi3j,,,0,[]
ThxSoMch,4MvZhE1iuzttcoyepkpfdF,,,0,[]
Florence + The Machine,1moxjboGR7GNWYIMWsRjgG,,,0,[]
Train,3FUY2gzHeIiaesXtOAdB7A,,,0,[]
Cris Mj,1Yj5Xey7kTwvZla8sqdsdE,,,0,[]
LonelyEve,1PVih0Ygfa7Kk2Y2jrf1kZ,,,0,[]
Justin Hurwitz,2snm3HmsnDUDxbIChdl2Oj,,,0,[]
Samra,6h1s4i4XKIYv4ErDelLDN0,,,0,[]
Gzuz,5eioJDe26lOqkAMbuhzZYs,,,0,[]
Jaymes Young,6QrQ7OrISRYIfS5mtacaw2,,,0,[]
Paul McCartney,4STHEaNw4mPZ2tzheohgXB,,,0,[]
KIDS SEE GHOSTS,2hPgGN4uhvXAxiXQBIXOmE,,,0,[]
Marília Mendonça,1yR65psqiazQpeM79CcGh8,,,0,[]
Carin Leon,66ihevNkSYNzRAl44dx6jJ,,,0,[]
Ski Mask The Slump God,2rhFzFmezpnW82MNqEKVry,,,0,[]
aespa,6YVMFz59CuY7ngCxTxjpxE,,,0,[]
HRVY,28y6CyJNkGNjJQKrlx4AmN,,,0,[]
Danny Ocean,5H1nN1SzW0qNeUEZvuXjAj,,,0,[]
Salmo,3hBQ4zniNdQf1cqqo6hzuW,,,0,[]
Kim Loaiza,1QivQCLVipV61DiQiyV14A,,,0,[]
Kodak Black,46SHBwWsqBkxI7EeeBEQG7,,,0,[]
MC Loma e As Gêmeas Lacração,6tdM5Njlln7nWkonCppW0u,,,0,[]
Conan Gray,4Uc8Dsxct0oMqx0P6i60ea,,,0,[]
Zé Felipe,7cmuxPnXRJxwuYDHfbD8Eu,,,0,[]
Troye Sivan,3WGpXCj9YhhfX11TToZcXP,,,0,[]
Rich The Kid,1pPmIToKXyGdsCF6LmqLmI,,,0,[]
Labrinth,2feDdbD5araYcm6JhFHHw7,,,0,[]
Bastille,7EQ0qTo7fWT7DPxmxtSYEc,,,0,[]
Lithe,7LVC96BEVGugTAp38AajV6,,,0,[]
ILLIT,36cgvBn0aadzOijnjjwqMN,,,0,[]
Dean Lewis,3QSQFmccmX81fWCUSPTS7y,,,0,[]
Keisya Levronka,4EiSzlOeMnJcp2U8ayCQ3a,,,0,[]
$uicideboy$,1VPmR4DJC1PlOtd0IADAO0,,,0,[]
Felipe e Rodrigo,7gZu6kPnY9enEi5FvgTO4F,,,0,[]
Backstreet Boys,5rSXSAkZ67PYJSvpUpkOr7,,,0,[]
Devin Dawson,2ySHS7UojGu20XfUPaBlyu,,,0,[]
Gene Autry,5ixB75BQR3ADoWQkcHQJTs,,,0,[]
ScHoolboy Q,5IcR3N7QB1j6KBL8eImZ8m,,,0,[]
Madame,1vgQksyJ0IVz8y9XerEOy3,,,0,[]
Julia Michaels,0ZED1XzwlLHW4ZaG4lOT6m,,,0,[]
Tate McRae,45dkTj5sMRSjrmBSBeiHym,,,0,[]
Judy Garland,0hItVPjwJLVZrFqOyIsxPf,,,0,[]
Kapo,3UTF2no3muGdiFXVujl94i,,,0,[]
Bon Iver,4LEiUm1SRbFMgfqnQTwUbQ,,,0,[]
Shindy,5j21TGkrNEAJe3gG9VlS34,,,0,[]
Calvin Harris,7CajNmpbOovFoOoasH2HaY,,,0,[]
Street Rappers,1iPOay2JCcgNMPvBaPe9Ky,,,0,[]
Talking Heads,2x9SpqnPi8rlE9pjHBwmSC,,,0,[]
Lil Mosey,5zctI4wO9XSKS8XwcnqEHk,,,0,[]
YNW Melly,1cNDP5yjU5vjeR8qMf4grg,,,0,[]
Louis Tomlinson,57WHJIHrjOE3iAxpihhMnp,,,0,[]
Léo Santana,7KVJCU4z5L4EUHILL8aMxR,,,0,[]
Joshua Bassett,4VdV2qRAYBLINR6uU72V1J,,,0,[]
Trueno,2x7PC78TmgqpEIjaGAZ0Oz,,,0,[]
M.I.A.,0QJIPDAEDILuo8AIq3pMuU,,,0,[]
Kacey Musgraves,70kkdajctXSbqSMJbQO424,,,0,[]
Lil Tecca,4Ga1P7PMIsmqEZqhYZQgDo,,,0,[]
Trío Los Josefinos,67mFhErdTWmJ9slGMC6vOf,,,0,[]
ROSÉ,3eVa5w3URK5duf6eyVDbu9,,,0,[]
Summer Walker,57LYzLEk2LcFghVwuWbcuS,,,0,[]
Vegedream,4eYnorQRhVHT2KBl2UyHHd,,,0,[]
NMIXX,28ot3wh4oNmoFOdVajibBl,,,0,[]
Matthew Wilder,3bmFPbLMiLxtR9tFrTcKcP,,,0,[]
Wizzard,7823Dim2TzjiQQ9wRQxyi9,,,0,[]
Tierry,4FUMTycjZlEY6ZxMgqNjC8,,,0,[]
Sara Kays,7Lk9V7E1u5gqSHmtcKlOqH,,,0,[]
Manuel Turizo,0tmwSHipWxN12fsoLcFU3B,,,0,[]
Olly Alexander (Years & Years),5vBSrE1xujD2FXYRarbAXc,,,0,[]
Tones And I,2NjfBq1NflQcKSeiDooVjY,,,0,[]
HUMBE,1b7AEdUSudOQoZF5ebUxCL,,,0,[]
Lil Yachty,6icQOAFXDZKsumw3YXyusw,,,0,[]
MiC LOWRY,0AJUYWKztkg5dnrHDIBv47,,,0,[]
Andrew Gold,5fmvGUlMVgmnCn45f1he7d,,,0,[]
MAX,1bqxdqvUtPWZri43cKHac8,,,0,[]
Tai Verdes,2kCO8LXN1usaOPL3iEE28I,,,0,[]
J Balvin,1vyhD5VmyZ7KMfW5gqLgo5,,,0,[]
CJ,7arQA31aZVS8yS6zUveWzb,,,0,[]
Peter Manos,4K9aclpXgCPNFGEqRlFPal,,,0,[]
Emir Can İğrek,4XP7cGw4t8BqZ8Du5q3bHg,,,0,[]
Guilherme & Benuto,6m6e7D2TnV0aYMllFFwMxu,,,0,[]
Barbara Pravi,3L4wiBOSDLkJ18OISXZDA8,,,0,[]
Grupo Frontera,6XkjpgcEsYab502Vr1bBeW,,,0,[]
AURORA,1WgXqy2Dd70QQOU7Ay074N,,,0,[]
6LACK,4IVAbR2w4JJNJDDRFP3E83,,,0,[]
ENHYPEN,5t5FqBwTcgKTaWmfEbwQY9,,,0,[]
Matheus & Kauan,2Z0lRIqr997lIUiPtrpKCr,,,0,[]
Zeynep Bastık,1mpOD8ZwHnbsryIuXWq0R1,,,0,[]
G-Eazy,02kJSzxNuaWGqwubyUba0Z,,,0,[]
DUSTY LOCANE,22hWz22JAmIhIEp0u1X01L,,,0,[]
Ayra Starr,3ZpEKRjHaHANcpk10u6Ntq,,,0,[]
Sheck Wes,2RDOrhPqAM4jzTRCEb19qX,,,0,[]
Kid Cudi,0fA0VVWsXO9YnASrzqfmYu,,,0,[]
Sub Urban,7gXb99Sf9nNmpNYeAgIQFG,,,0,[]
Quavo,0VRj0yCOv2FXJNP47XQnx5,,,0,[]
MARINA,6CwfuxIqcltXDGjfZsMd9A,,,0,[]
Tony Bennett,2lolQgalUvZDfp5vvVtTYV,,,0,[]
HVME,2o08sCWF5yyo2G4DCiT7T9,,,0,[]
Nessa Barrett,7pwufEBGfggjoI8twqlsmQ,,,0,[]
Audioslave,2ziB7fzrXBoh1HUPS6sVFn,,,0,[]
Gigi Perez,1iCnM8foFssWlPRLfAbIwo,,,0,[]
Daddy Yankee,4VMYDCV2IEDYJArk749S6m,,,0,[]
Dave,6Ip8FS7vWT1uKkJSweANQK,,,0,[]
Jaden,0xOeVMOz2fVg5BJY3N6akT,,,0,[]
Eleni Foureira,39E15l8zeCDYpSZwFNX4G2,,,0,[]
The Platters,6KWcxMWVNVIYbdOQyJtsSy,,,0,[]
TOTO,0PFtn5NtBbbUNbU9EAmIWF,,,0,[]
Lucky Daye,5Vuvs6Py2JRU7WiFDVsI7J,,,0,[]
Peggy Gou,2mLA48B366zkELXYx7hcDN,,,0,[]
Anirudh Ravichander,4zCH9qm4R2DADamUHMCa6O,,,0,[]
Karan Aujla,6DARBhWbfcS9E4yJzcliqQ,,,0,[]
Erica Banks,2SXhbucehn00OBVKhzxDyM,,,0,[]
Libianca,7kjSuFGKhLm8b5qXoMhRkJ,,,0,[]
Anggi Marito,1JvbNeV9zG9Sew1JyaWsyx,,,0,[]
Armani White,2qAwMsiIjTzlmfAkXKvhVA,,,0,[]
Wizkid,3tVQdUvClmAT7URs9V3rsp,,,0,[]
Chris Rea,5KEG7G8LDYlHgFDqZyEEs2,,,0,[]
Léo Foguete,1DuBkL1pAgaZQHXKPiVr08,,,0,[]
RAF Camora,0Dvx6p8JDyzeOPGmaCIH1L,,,0,[]
Luísa Sonza,4PzYKhC14sTJNEr0dzoo0d,,,0,[]
Maki,6AvnL2gWjNYs1hRVJx4huK,,,0,[]
Raim Laode,5LcNPa8f8bRmZqELgoRFkN,,,0,[]
juan karlos,0a4r2EnsevvHCukoJ1xFwJ,,,0,[]
Pusha T,0ONHkAv9pCAFxb0zJwDNTy,,,0,[]
Rae Sremmurd,7iZtZyCzp3LItcw1wtPI3D,,,0,[]
Rita Ora,5CCwRZC6euC8Odo6y9X8jr,,,0,[]
Capo Plaza,5SulO4l40qDuV9zUGLZx7n,,,0,[]
Ellie Goulding,0X2BH1fck6amBIoJhDVmmJ,,,0,[]
Vicente Fernández,4PPoI9LuYeFX8V674Z1R6l,,,0,[]
Frank Sinatra,1Mxqyy3pSjf8kZZL4QVxS0,,,0,[]
BØRNS,1KP6TWI40m7p3QBTU6u2xo,,,0,[]
Nina Nesbitt,7AzjETXRUKNRSJHMW9GIqd,,,0,[]
Mason Ramsey,6xvpfMjWTougrRRtK7iikz,,,0,[]
iñigo quintero,0jbo7KFNMiIkfBR6ih0yhm,,,0,[]
Luke Christopher,787bCXOIvGeBw0Bc4kEjhD,,,0,[]
Bruno Major,0hDjKSKjl1DC7ovYTDJHe8,,,0,[]
Frank Ocean,2h93pZq0e7k5yf4dywlkpM,,,0,[]
JP Cooper,4kYGAK2zu9EAomwj3hXkXy,,,0,[]
The Living Tombstone,0I6yADrmeyvw66g7yjkqIF,,,0,[]
Trio Vegabajeño,5TphiK6LsT4X5NOZxq3NJB,,,0,[]
Os Barões Da Pisadinha,5Lv2GUVwqmQBPwrTrxucE5,,,0,[]
Dudy Oris,6YPfs6tdZXvnlzgZNU3SYT,,,0,[]
Blanco Brown,3yzRiNMZdTsSUgplcyYZ4i,,,0,[]
Ofenbach,4AKwRarlmsUlLjIwt38NLw,,,0,[]
Saint Levant,5ZZsFnpO7frU8h5xH1wtjT,,,0,[]
Lizzy McAlpine,1GmsPCcpKgF9OhlNXjOsbS,,,0,[]
Dean Martin,49e4v89VmlDcFCMyDv9wQ9,,,0,[]
Creedence Clearwater Revival,3IYUhFvPQItj6xySrBmZkd,,,0,[]
Gym Class Heroes,4IJczjB0fJ04gs4uvP0Fli,,,0,[]
Daniel Caesar,20wkVLutqVOYrc0kxFs7rA,,,0,[]
Jarabe De Palo,5B6H1Dq77AV1LZWrbNsuH5,,,0,[]
Surf Curse,1gl0S9pS0Zw0qfa14rDD3D,,,0,[]
LightSound,5I6QhIabOiR6FtNY3VtSKh,,,0,[]
Tracy Chapman,7oPgCQqMMXEXrNau5vxYZP,,,0,[]
Pink Sweat$,1W7FNibLa0O0b572tB2w7t,,,0,[]
Israel & Rodolffo,41QLxRXlc2NwfJZkHGHKid,,,0,[]
Sexyy Red,3DbwFQlvLxRSi2uX8mf81A,,,0,[]
Victor Cibrian,1iXdpCz3AeLEAvzqeNodt8,,,0,[]
Fuerza Regida,0ys2OFYzWYB5hRDLCsBqxt,,,0,[]
Outkast,1G9G7WwrXka3Z1r7aIDjI7,,,0,[]
Rockwell,3xs0LEzcPXtgNfMNcHzLIP,,,0,[]
The Script,3AQRLZ9PuTAozP28Skbq8V,,,0,[]
Dennis Lloyd,3EOEK57CV77D4ovYVcmiyt,,,0,[]
Electric Light Orchestra,7jefIIksOi1EazgRTfW2Pk,,,0,[]
Lil Dicky,1tqhsYv8yBBdwANFNzHtcr,,,0,[]
Kylie Minogue,4RVnAU35WRWra6OZ3CbbMA,,,0,[]
Porky Slim,4ohRzp7ZzPQi3PzCiBrDAm,,,0,[]
Jennifer Lopez,2DlGxzQSjYe5N6G9nkYghR,,,0,[]
Ezhel,6LnJKrtFnTEGdbWQ2riWCL,,,0,[]
Shakin' Stevens,0wi4yTYlGtEnbGo4ltZTib,,,0,[]
Omar Apollo,5FxD8fkQZ6KcsSYupDVoSO,,,0,[]
Ufo361,5pVRwX5ZQR7hfJ18w8ZYkl,,,0,[]
Alec Benjamin,5IH6FPUwQTxPSXurCrcIov,,,0,[]
SEVENTEEN,7nqOGRxlXj7N2JYbgNEjYH,,,0,[]
EXO,3cjEqqelV9zb4BYE3qDQ4O,,,0,[]
Ant Saunders,4jpsw9CQS439N0B7SecMgf,,,0,[]
a-ha,2jzc5TC5TVFLXQlBNiIUzE,,,0,[]
Oxlade,3WTrdbZU99dgTtt3ZkyamT,,,0,[]
Wesley Safadão,1AL2GKpmRrKXkYIcASuRFa,,,0,[]
CKay,048LktY5zMnakWq7PTtFrz,,,0,[]
Guaynaa,0BqURncJM5B1BBu7UM51eq,,,0,[]
JISOO,6UZ0ba50XreR4TM8u322gs,,,0,[]
Jessie J,2gsggkzM5R49q6jpPvazou,,,0,[]
DNCE,6T5tfhQCknKG4UnH90qGnz,,,0,[]
DJ Jazzy Jeff & The Fresh Prince,1mG23iQeR29Ojhq89D5gbh,,,0,[]
Jamie Miller,2LkkwxA19J8C52wPQl5bG6,,,0,[]
DripReport,3O5HD95HTEPgoPFOjAb7yV,,,0,[]
YG,0A0FS04o6zMoto8OKPsDwY,,,0,[]
Aitana,7eLcDZDYHXZCebtQmVFL25,,,0,[]
Jona Lewie,3nohf4qILMr5aUSOsolwxB,,,0,[]
Duki,1bAftSH8umNcGZ0uyV7LMg,,,0,[]
BROCKHAMPTON,1Bl6wpkWCQ4KVgnASpvzzA,,,0,[]
Rick James,0FrpdcVlJQqibaz5HfBUrL,,,0,[]
Marian Hill,1xHQO9GJIW9OXHxGBISYc5,,,0,[]
Ruth B.,2WzaAvm2bBCf4pEhyuDgCY,,,0,[]
Pentatonix,26AHtbjWKiwYzsoGoUZq53,,,0,[]
ElyOtto,4b19vuzlDcNdU4quI7L6sW,,,0,[]
Phoenix,1xU878Z1QtBldR7ru9owdU,,,0,[]
BANNERS,4qWnlmXWuGv2TtuxtIWlJX,,,0,[]
Ashnikko,3PyJHH2wyfQK3WZrk9rpmP,,,0,[]
Lewis Capaldi,4GNC7GD6oZMSxPGyXy4MNB,,,0,[]
Dasha,7Ez6lTtSMjMf2YSYpukP1I,,,0,[]
Tove Lo,4NHQUGzhtTLFvgF5SZesLK,,,0,[]
Tulus,2iDVt6mFbtbDEZG5ax0dTi,,,0,[]
Jordan Adetunji,0jPHHnU8GUWEF7rwPE9osY,,,0,[]
The Outfield,1zxDewzd2j1ZdSBGaYcr0y,,,0,[]
Felipe Amorim,3CIIaeZuFYrAD6PRVyuO4U,,,0,[]
Muse,12Chz98pHFMPJEknJQMWvI,,,0,[]
Mother Mother,0e86yPdC41PGRkLp2Q1Bph,,,0,[]
blink-182,6FBDaR13swtiWwGhX1WQsP,,,0,[]
HWASA,7bmYpVgQub656uNTu6qGNQ,,,0,[]
INTERWORLD,5hKGLu4Ik88FzWcTPhWNTN,,,0,[]
Emma Stone,68Uwx1d3EbjDJhYsLjqvIq,,,0,[]
The Strokes,0epOFNiUfyON9EYx7Tpr6V,,,0,[]
David Kushner,33NVpKoXjItPwUJTMZIOiY,,,0,[]
Hailee Steinfeld,5p7f24Rk5HkUZsaS3BLG5F,,,0,[]
Kay Starr,7rpf45DdbpweG51Acze45i,,,0,[]
London Grammar,3Bd1cgCjtCI32PYvDC3ynO,,,0,[]
Ashe,6P5NO5hzJbuOqSdyPB7SJM,,,0,[]
Big Shaq,7mnAzEmgquhrVtGob81SmO,,,0,[]
Niska,7CUFPNi1TU8RowpnFRSsZV,,,0,[]
Red Velvet,1z4g3DjTBBZKhvAroFlhOM,,,0,[]
NAV,7rkW85dBwwrJtlHRDkJDAC,,,0,[]
Aretha Franklin,7nwUJBm0HE4ZxD3f5cy5ok,,,0,[]
Céline Dion,4S9EykWXhStSc15wEx8QFK,,,0,[]
John Amplificado,2zjdf1M6DGPcBFnvEYmydy,,,0,[]
Sech,77ziqFxp5gaInVrF2lj4ht,,,0,[]
Chuck Berry,293zczrfYafIItmnmM3coR,,,0,[]
New West,69bG9tC62d8oTFC9aTTosn,,,0,[]
Boney M.,54R6Y0I7jGUCveDTtI21nb,,,0,[]
Trevor Daniel,7uaIm6Pw7xplS8Dy06V6pT,,,0,[]
Jojo Maronttinni,6bGwi8TG7T8Vcp415XooE5,,,0,[]
State of Sound,05o1zW8b6PV6rEquXr74sB,,,0,[]
Lauana Prado,6TYimByryGphZCtwYopH0y,,,0,[]
Aventura,1qto4hHid1P71emI6Fd8xi,,,0,[]
SOB X RBE,2TImI3DW7o5MdRXJs4D37h,,,0,[]
Whitney Houston,6XpaIBNiVzIetEPCWDvAFP,,,0,[]
Regard,4ofCBoyEiGSePFAG500xev,,,0,[]
Vance Joy,10exVja0key0uqUkk6LJRT,,,0,[]
HAIM,4Ui2kfOqGujY81UcPrb5KE,,,0,[]
Flo Milli,08PvCOlef4xdOr20jFSTPd,,,0,[]
MC Kevin o Chris,2UMj7NCbuqy1yUZmiSYGjJ,,,0,[]
A Boogie Wit da Hoodie,31W5EY0aAly4Qieq6OFu6I,,,0,[]
Sarah Cothran,3kft86DbqCNr7rjq3pEj0G,,,0,[]
PnB Rock,21WS9wngs9AqFckK7yYJPM,,,0,[]
Odetari,7ITMCzIU9uII8gwRg8JAhc,,,0,[]
Sarah Connor,7e52Ytzjj1q71DUj2cSlch,,,0,[]
Chase Atlantic,7cYEt1pqMgXJdq00hAwVpT,,,0,[]
Dionela,1chOgh5tgwfiyJ2zhUHwBj,,,0,[]
YAKARY,6cpOyiEibAAlRlUF4Kk3vI,,,0,[]
Hotel Ugly,35WVTyRnKAoaGExqgktVyb,,,0,[]
BENNETT,1r43wW70tnGUauQYvY5w48,,,0,[]
Kenny Man,6SGvRyZuaSuWmP6IWUKpGf,,,0,[]
Vince Guaraldi Trio,4ytkhMSAnrDP8XzRNlw9FS,,,0,[]
Mobb Deep,6O2zJ0tId7g07yzHtX0yap,,,0,[]
Lele Pons,6i3DxIlAqnDkwELLw4aVrx,,,0,[]
Aya Nakamura,7IlRNXHjoOCgEAWN5qYksg,,,0,[]
VÉRITÉ,1Fr6agZ6iSM5Ynn2k4C8sc,,,0,[]
Alvaro Soler,2urF8dgLVfDjunO0pcHUEe,,,0,[]
Lola Young,67FB4n52MgexGQIG8s0yUH,,,0,[]
Milo j,19HM5j0ULGSmEoRcrSe5x3,,,0,[]
Clayton & Romário,1tKrZaph4cLsnEdqC5BNEQ,,,0,[]
John Legend,5y2Xq6xcjJb2jVM54GHK3t,,,0,[]
Amy Grant,72Nhcx7prNk2ZCxhx0Y5es,,,0,[]
Mahmood,06nvjg4wBANK6DCHjqtPNd,,,0,[]
Freddie Dredd,0dlDsD7y6ccmDm8tuWCU6F,,,0,[]
Isabel LaRosa,5arKwJZEvT5uKq4o0JfqR4,,,0,[]
George Ezra,2ysnwxxNtSgbb9t1m2Ur4j,,,0,[]
Johnny Mathis,21LGsW7bziR4Ledx7WZ1Wf,,,0,[]
Carly Rae Jepsen,6sFIWsNpZYqfjUpaCgueju,,,0,[]
TV Girl,0Y6dVaC9DZtPNH4591M42W,,,0,[]
The Clash,3RGLhK1IP9jnYFH4BRFJBS,,,0,[]
CNCO,0eecdvMrqBftK0M1VKhaF4,,,0,[]
Cliff Richard,2nvKpWcP8etYTq4JrRiUiy,,,0,[]
sped up 8282,1c0ChJZVluriMPwFrTAmly,,,0,[]
Rema,46pWGuE3dSwY3bMMXGBvVS,,,0,[]
AJR,6s22t5Y3prQHyaHWUN1R1C,,,0,[]
Maiara & Maraisa,59jlthNnbmim5l9tmNA7se,,,0,[]
Meek Mill,20sxb77xiYeusSH8cVdatc,,,0,[]
Steve Lacy,57vWImR43h4CaDao012Ofp,,,0,[]
Tina Turner,1zuJe6b1roixEKMOtyrEak,,,0,[]
GIVĒON,4fxd5Ee7UefO4CUXgwJ7IP,,,0,[]
Amy Winehouse,6Q192DXotxtaysaqNPy5yR,,,0,[]
NATTAN,1SXhEXzOTF7YeuQX59m7pT,,,0,[]
Dargen D'Amico,7muPB2GhV0sEg2K1Fgj0Xm,,,0,[]
C. Tangana,5TYxZTjIPqKM8K8NuP9woO,,,0,[]
Justin Quiles,14zUHaJZo1mnYtn6IBRaRP,,,0,[]
Sam Fischer,6L1XC7NrmgWRlwAeLJvVtA,,,0,[]
StaySolidRocky,1XLWox9w1Yvbodui0SRhUQ,,,0,[]
Sebastian Yatra,07YUOmWljBTXwIseAUd9TW,,,0,[]
Tom Grennan,5SHxzwjek1Pipl1Yk11UHv,,,0,[]
Tiësto,2o5jDhtHVPhrJdv3cEQ99Z,,,0,[]
Dream,6LArUyIoMiHmDvvOAsE2cd,,,0,[]
Rod Wave,45TgXXqMDdF8BkjA83OM7z,,,0,[]
Plan B,2jSGzJw0ebJLu7OLVSOcBP,,,0,[]
Joyner Lucas,6C1ohJrd5VydigQtaGy5Wa,,,0,[]
Central Cee,5H4yInM5zmHqpKIoMNAx4r,,,0,[]
Guayna,3OhUwA1syjRoS0WdUL0ATz,,,0,[]
BoyWithUke,1Cd373x8qzC7SNUg5IToqp,,,0,[]
Gjon's Tears,0RIwEP1SaALlxn9jOVqHfA,,,0,[]
MC Bruninho,3shPgAzHMyRwWOkXeoWKeB,,,0,[]
James Blunt,7KMqksf0UMdyA0UCf4R3ux,,,0,[]
PinkPantheress,78rUTD7y6Cy67W1RVzYs7t,,,0,[]
Maria Becerra,1DxLCyH42yaHKGK3cl5bvG,,,0,[]
Shakira,0EmeFodog0BfCgMzAIvKQp,,,0,[]
Michael Marcagi,4j96cMcT8GRi11qbvo1cLQ,,,0,[]
Eagles,0ECwFtbIWEVNwjlrfc6xoL,,,0,[]
Elvis Presley,43ZHCT0cAZBISjO8DG9PnE,,,0,[]
Gustavo Moura & Rafael,2KZFvVVk9lxD85USaOv76T,,,0,[]
Nipsey Hussle,0EeQBlQJFiAfJeVN2vT9s0,,,0,[]
Baby Tate,3IJ21966TwNZI24MwZHMu4,,,0,[]
Jason Mraz,4phGZZrJZRo4ElhRtViYdl,,,0,[]
Tommy Richman,1WaFQSHVGZQJTbf0BdxdNo,,,0,[]
BIGBANG,4Kxlr1PRlDKEB0ekOCyHgX,,,0,[]
leftovermax,6V5fHkuCfZknzDBr5Wm7Rj,,,0,[]
Natasha Bedingfield,7o95ZoZt5ZYn31e9z1Hc0a,,,0,[]
KC Rebell,5p7mWeX4RlvqBCxylfiXdE,,,0,[]
Glass Animals,4yvcSjfu4PC0CYQyLy4wSq,,,0,[]
Gala,3OqTvcWgb0xaainosGVvuZ,,,0,[]
Salvador Sobral,0GfYO21pue5u0sVEYk9HZO,,,0,[]
Wiz Khalifa,137W8MRPWKqSmrBGDBFSop,,,0,[]
Lay Bankz,4OVbrPbhvK46A1uXTU1u5F,,,0,[]
Myles Smith,3bO19AOone0ubCsfDXDtYt,,,0,[]
Boza,2NfSBtmWe7oPw1EmetJVso,,,0,[]
Mumford & Sons,3gd8FJtBJtkRxdfbTu19U2,,,0,[]
KAI,6iVo62B0bdTknRcrktCmak,,,0,[]
Destiny's Child,1Y8cdNmUJH7yBTd9yOvr5i,,,0,[]
Måneskin,0lAWpj5szCSwM4rUMHYmrr,,,0,[]
Slipknot,05fG473iIaoy82BF1aGhL8,,,0,[]
Chanel,5DeX42pr2TilrnsUgjG8D1,,,0,[]
Alicia Keys,3DiDSECUqqY1AuBP8qtaIa,,,0,[]
Chris Brown,7bXgB6jMjp9ATFy66eO08Z,,,0,[]
Green Day,7oPftvlwr6VrsViSDV7fJY,,,0,[]
Anuel AA,2R21vXR83lH98kGeO99Y66,,,0,[]
Cults,3Oim8XBPbznAa8Jj8QzNc8,,,0,[]
The Jackson 5,2iE18Oxc8YSumAU232n4rW,,,0,[]
yung kai,6zO1dZ40fTZ5hY9NnnRJSk,,,0,[]
Darell,1TtXnWcUs0FCkaZDPGYHdf,,,0,[]
Joel Adams,36jaGQtMj5UWD0eO1fCVdD,,,0,[]
Ali Gatie,4rTv3Ejc7hKMtmoBOK1B4T,,,0,[]
Soundgarden,5xUf6j4upBrXZPg6AI4MRK,,,0,[]
Alesso,4AVFqumd2ogHFlRbKIjp1t,,,0,[]
The White Stripes,4F84IBURUo98rz4r61KF70,,,0,[]
Wisin,3E6xrwgnVfYCrCs0ePERDz,,,0,[]
Zac Brown Band,6yJCxee7QumYr820xdIsjo,,,0,[]
Dark Polo Gang,4CuMwzDzEdlUJMEna38VQ0,,,0,[]
Jason Derulo,07YZf4WDAMNwqr4jfgOZ8y,,,0,[]
Sigrid,4TrraAsitQKl821DQY42cZ,,,0,[]
Rels B,2IMZYfNi21MGqxopj9fWx8,,,0,[]
Trinidad Cardona,4wP1kxjUsc9IR4Iy2smL7o,,,0,[]
Lord Huron,6ltzsmQQbmdoHHbLZ4ZN25,,,0,[]
beabadoobee,35l9BRT7MXmM8bv2WDQiyB,,,0,[]
Band Aid 30,6KfzyefHYuqfWaI5taICaN,,,0,[]
Earth Wind & Fire,4QQgXkCYTt3BlENzhyNETg,,,0,[]
Blanche,3qMyym6ov558YgVuOOscEm,,,0,[]
Kenshi Yonezu,1snhtMLeb2DYoMOcVbb8iB,,,0,[]
GoldSkull,13GA8qxVLDZs0oh1zZ872C,,,0,[]
Th CDM,736JbivCkAkdLP9xOA3jLs,,,0,[]
Norm Ender,3S6gaE89XewFAvZqsMuJDJ,,,0,[]
Nano,48Z0MG7G6UQeWYibHpXgQe,,,0,[]
Cosculluela,00me4Ke1LsvMxt5kydlMyU,,,0,[]
Emmy Meli,71szvmFWd7TUa7b6XmXj9k,,,0,[]
Lauren Daigle,40LHVA5BTQp9RxHOQ9JPYj,,,0,[]
Sam Ryder,1rvnJJghrxl1xakJZct08m,,,0,[]
Maren Morris,6WY7D3jk8zTrHtmkqqo5GI,,,0,[]
Em Beihold,7o2ZQYM7nTsaVdkXY38UAA,,,0,[]
Stephanie Beatriz,5PYToRCsrnvikZg3yl2JMr,,,0,[]
Blueface,3Fl1V19tmjt57oBdxXKAjJ,,,0,[]
Calibre 50,4jogXSSvlyMkODGSZ2wc2P,,,0,[]
Pamungkas,7d86ERlvO5UG44j7Va0Y0C,,,0,[]
José Feliciano,7K78lVZ8XzkjfRSI7570FF,,,0,[]
YoungBoy Never Broke Again,7wlFDEWiM5OoIAt8RSli8b,,,0,[]
Djo,5p9HO3XC5P3BLxJs5Mtrhm,,,0,[]
Kamferdrops,3LzHaN3Y3gT35BudaFqVyy,,,0,[]
Likybo,16Nc36xAtNyQ7BMBcDsaLv,,,0,[]
Trans-Siberian Orchestra,5OSQDUNmll299ldFIF1Dau,,,0,[]
Matuê,5nP8x4uEFjAAmDzwOEc9b8,,,0,[]
Screamin' Jay Hawkins,3VBpsrUi2vV7Uj87ONHu7Z,,,0,[]
The Marías,2sSGPbdZJkaSE2AbcGOACx,,,0,[]
Aerosmith,7Ey4PD4MYsKc5I2dolUwbH,,,0,[]
Chris Cornell,0XHiH53dHrvbwfjYM7en7I,,,0,[]
Stormzy,2SrSdSvpminqmStGELCSNd,,,0,[]
Nicky Jam,1SupJlEpv7RS2tPNRaHViT,,,0,[]
Sunstroke Project,3c55dzx6W0ZFs0frtEgIsm,,,0,[]
Mitski,2uYWxilOVlUdk4oV9DvwqK,,,0,[]
LUDMILLA,3CDoRporvSjdzTrm99a3gi,,,0,[]
Efendi,4oe1qp9xGSFxMYH4X9AXtl,,,0,[]
Wolfine,2OnKRchqP7tT0FzTvWIFI7,,,0,[]
Lauren Spencer Smith,79AyR6ATpj2LTPxfb6FX50,,,0,[]
Van Morrison,44NX2ffIYHr6D4n7RaZF7A,,,0,[]
Otis Redding,60df5JBRRPcnSpsIMxxwQm,,,0,[]
Pabllo Vittar,6tzRZ39aZlNqlUzQlkuhDV,,,0,[]
AUR,2cjQTf2J5yCaNY8qHpW855,,,0,[]
LF SYSTEM,0HxX6imltnNXJyQhu4nsiO,,,0,[]
Roar,7dIpKWlEeAljA20vFJ82RD,,,0,[]
Run–D.M.C.,3CQIn7N5CuRDP8wEI7FiDA,,,0,[]
Mr.Rain,59MLbXG0jLVwJup3KAd6m1,,,0,[]
FloyyMenor,7CvTknweLr9feJtRGrpDBy,,,0,[]
Patrick Watson,7bPs6jf983f0bjRAt1yxDM,,,0,[]
Young Miko,3qsKSpcV3ncke3hw52JSMB,,,0,[]
Glades,14rP13jdQNgQvuPA2AkBgm,,,0,[]
Stan Kenton,2cFCoDyEaPrw8QVnrDlPKU,,,0,[]
David Guetta,1Cs0zKBU1kc0i8ypK3B9ai,,,0,[]
Alexander 23,6sFHvCyqklnJpXC9Nh1aag,,,0,[]
Darlene Love,391oLRVmoTkumiN79HkTWu,,,0,[]
shadowraze,0TO6y1x0LQodwBnxGtQu9o,,,0,[]
Angelina Mango,1A6HBLulvBFzNtlMb7b08f,,,0,[]
Iggy Azalea,5yG7ZAZafVaAlMTeBybKAL,,,0,[]
Slimane,4OV6uYSnHxSYkjDYuBVBUz,,,0,[]
JEON SOMI,7zYj9S9SdIunYCfSm7vzAR,,,0,[]
Peggy Lee,602DnpaSXJB4b9DZrvxbDc,,,0,[]
Jimmy Buffett,28AyklUmMECPwdfo8NEsV0,,,0,[]
Gloria Groove,7rXMvXRnWHaSwnVvPeUUfw,,,0,[]
Aminé,3Gm5F95VdRxW3mqCn8RPBJ,,,0,[]
Nat King Cole Trio,3OpnoUqoRIHWbsFs4Nw0NQ,,,0,[]
Zacari,3qBKjEOanahMxlRojwCzhI,,,0,[]
jxdn,6Y64EaNqpqcZYTgs4c76gF,,,0,[]
4batz,5fi7lIgJGH3RgUpJYcffQ7,,,0,[]
The Moonglows,1sZwQg2rvSlGhkG218SouM,,,0,[]
Saweetie,6cK3NBO6uP7hh0oyuVELFl,,,0,[]
Jessi,64k5e9kV9MdukXjFrR5R37,,,0,[]
Riad Mostan,4VdulkBQfNtA4VtPjpImaS,,,0,[]
Matt Maltese,12j6dJrPXanCBwY599pZxf,,,0,[]
The Lumineers,16oZKvXb6WkQlVAjwo2Wbg,,,0,[]
Daði Freyr,3Hb64DQZIhDCgyHKrzBXOL,,,0,[]
Hayley Williams,6Rx1JKzBrSzoKQtmbVmBnM,,,0,[]
Florida Georgia Line,3b8QkneNDz4JHKKKlLgYZg,,,0,[]
Luan Santana,3qvcCP2J0fWi0m0uQDUf6r,,,0,[]
ogu,0PSLP8C3n2b0pFYGjURLcm,,,0,[]
Jason Aldean,3FfvYsEGaIb52QPXhg4DcH,,,0,[]
IU,3HqSLMAZ3g3d5poNaI7GOU,,,0,[]
Tears For Fears,4bthk9UfsYUYdcFyqxmSUU,,,0,[]
Alphaville,0xliTEbFfy5HQHvsTknTkX,,,0,[]
Robyn,6UE7nl9mha6s8z0wFQFIZ2,,,0,[]
The Walters,027TpXKGwdXP7iwbjUSpV8,,,0,[]
Offset,4DdkRBBYG6Yk9Ka8tdJ9BW,,,0,[]
Thirty Seconds To Mars,0RqtSIYZmd4fiBKVFqyIqD,,,0,[]
JVKE,164Uj4eKjl6zTBKfJLFKKK,,,0,[]
Kaifi Khalil,1n9EM0Y4A89vuRiA93gSS9,,,0,[]
Sleepy Hallow,6EPlBSH2RSiettczlz7ihV,,,0,[]
Andy Grammer,2oX42qP5ineK3hrhBECLmj,,,0,[]
Simone Mendes,2eK9gcJQ6uqVvJL63dnOM3,,,0,[]
Band Aid,35S20clEkkSNUo23ViaslZ,,,0,[]
Shiva,2K5nCggbhSZ00YCYP5qkZS,,,0,[]
The Beatles,3WrFJ7ztbogyGnTHbHJFl2,,,0,[]
Ana Castela,2CKOmarVWvWqkNWUatHCex,,,0,[]
Lil Skies,7d3WFRME3vBY2cgoP38RDo,,,0,[]
UZI,51DevdOxIJin6DB1FXJpD1,,,0,[]
Disney Characters,6utdPEv71mR0DnGp74cJIz,,,0,[]
Ingratax,62YF0FglEltB3CnVIjoko8,,,0,[]
Passenger,0gadJ2b9A4SKsB1RFkBb66,,,0,[]
Ghali,3egWSWp7Y4FyCKIyvXbw7L,,,0,[]
Yung Gravy,2YOYua8FpudSEiB9s88IgQ,,,0,[]
Eno,3GBBxBdoolb0B5YizZq9bF,,,0,[]
Russ,1z7b1Pr1rSlvWRzsW3HOrS,,,0,[]
K CAMP,5bgfj5zUoWpyeVatGDjn6H,,,0,[]
Shubh,5r3wPya2PpeTTsXsGhQU8O,,,0,[]
Marco Mengoni,3xGlLcG9CUrs5MvFkSLOS5,,,0,[]
LANY,49tQo2QULno7gxHutgccqF,,,0,[]
Bausa,13bDjug9N0pyv3ZUINjkDV,,,0,[]
MUSIC LAB JPN,61ifFEOS4km183fkC64e8I,,,0,[]
James TW,0B3N0ZINFWvizfa8bKiz4v,,,0,[]
Bellakath,4yjm4SvYqC5FFuLbB6TyHr,,,0,[]
George Michael,19ra5tSw0tWufvUp8GotLo,,,0,[]
Peach Tree Rascals,0imE3buPhAowREqCrr4CYe,,,0,[]
Chencho Corleone,37230BxxYs9ksS7OkZw3IU,,,0,[]
Black Eyed Peas,1yxSLGMDHlW21z4YXirZDS,,,0,[]
WALK THE MOON,6DIS6PRrLS3wbnZsf7vYic,,,0,[]
Mata,0MIG6gMcQTSvFbKvUwK0id,,,0,[]
Vedo,3wVXTWabe3viT0jF7DfjOL,,,0,[]
Joey Bada$$,2P5sC9cVZDToPxyomzF1UH,,,0,[]
Gracie Abrams,4tuJ0bMpJh08umKkEXKUI5,,,0,[]
MØ,0bdfiayQAKewqEvaU6rXCv,,,0,[]
John Williams,3dRfiJ2650SZu6GbydcHNb,,,0,[]
Sophie Ellis-Bextor,2cBh5lVMg222FFuRU7EfDE,,,0,[]
southstar,1GVuCyb4PlArufUZDUnRQi,,,0,[]
Ella Fitzgerald,5V0MlUE1Bft0mbLlND7FJz,,,0,[]
Wilbur Soot,2XzXLjXRSeFtsic4ieyLJy,,,0,[]
Lil Xan,3EXdLajEO02ziZ90P90bSW,,,0,[]
Matt Terry,2JLqTvFXmC87BksiCsBezV,,,0,[]
Jack Black,0qpMYTgbXRi1ZcX6vend3T,,,0,[]
La Oreja de Van Gogh,4U7lXyKdSf1JbM1aXvsodC,,,0,[]
WOS,5YCc6xS5Gpj3EkaYGdjyNK,,,0,[]
Cyndi Lauper,2BTZIqw0ntH9MvilQ3ewNY,,,0,[]
DJ Lucas Beat,2zWqENF4cnsd1nLmraG9IE,,,0,[]
Subwoolfer,633Va8wlM3hrqQ4xjqRfOf,,,0,[]
Zoe Wees,03d2mJXSMtuPI0nIvLnhoS,,,0,[]
twocolors,7ACEUD7UsmmXrnj4OLt8f9,,,0,[]
Juanfran,7zY0DMisq1oYXvNNgGwHBY,,,0,[]
Nathan Evans,1PKErrAhYFdfrDymGHRQRo,,,0,[]
Lil Durk,3hcs9uc56yIGFCSy9leWe7,,,0,[]
Destiny,1D6ueetjwqW491iboMI3NT,,,0,[]
Tyga,5LHRHt1k9lMyONurDHEdrp,,,0,[]
Ashley O,14scxEoUN7Dcx1m4EQ7oHe,,,0,[]
Byron Bahamonde,1KPfaymzGJ7QvhIUEdsBmg,,,0,[]
Robin Bengtsson,1CQLPgGkfHrxNMqrXt5oWS,,,0,[]
Niack,5uYe4bcAXlMP7d4mrOYkML,,,0,[]
El Padrinito Toys,04mzq9GH08zOBRdV2gzmXm,,,0,[]
Elley Duhé,67MNhiAICFY6Pwc2YxCO0K,,,0,[]
Raí Saia Rodada,0NiaKn55OzJswiYevvlKfz,,,0,[]
Rag'n'Bone Man,4f9iBmdUOhQWeP7dcAn1pf,,,0,[]
Kenya Grace,7uMDnSZyUYNBPLhPMNuaM2,,,0,[]
Dove Cameron,2W8yFh0Ga6Yf3jiayVxwkE,,,0,[]
Mud,3cqIsBnzV3BabbPWKz8Txf,,,0,[]
Norah Jones,2Kx7MNY7cI1ENniW7vT30N,,,0,[]
Clyde McPhatter & The Drifters,3wvL1LH03jmuLkIEPSK8m2,,,0,[]
Stephanie Poetri,0HS00NN7MAfF59aJnfcxSO,,,0,[]
Dj Agus Lima,6JSZJddy1dORbnzdx2ZLG9,,,0,[]
Mr.Kitty,0pWwt5vGNzezEhfAcc420Y,,,0,[]
Sinéad O'Connor,4sD9znwiVFx9cgRPZ42aQ1,,,0,[]
Capital Cities,4gwpcMTbLWtBUlOijbVpuu,,,0,[]
Jain,2HHmvvSQ44ePDH7IKVzgK0,,,0,[]
Nas,20qISvAhX20dpIbOOzGK3q,,,0,[]
Kenny Rogers,4tw2Lmn9tTPUv7Gy7mVPI4,,,0,[]
CHVRCHES,3CjlHNtplJyTf9npxaPl5w,,,0,[]
Bayhan,7yiLonxrJVgZKSbjo0gh6V,,,0,[]
Bob Marley & The Wailers,2QsynagSdAqZj3U9HgDzjD,,,0,[]
Desiigner,7pFeBzX627ff0VnN6bxPR4,,,0,[]
Diodato,2QWrpLRDeBD1NwWAsytBRi,,,0,[]
Gayla Peevey,1suIIDedjFJRuu8k7b55hZ,,,0,[]
Famous Dex,0WOxhx4hikIsyF3CRPLC8W,,,0,[]
Tony Camargo,5ty08GXpCMviM7BKWNrdXi,,,0,[]
Blue Öyster Cult,00tVTdpEhQQw1bqdu8RCx2,,,0,[]
Tay-K,2ODbg2404zUzTi02qIPEjB,,,0,[]
Journey,0rvjqX7ttXeg3mTy8Xscbt,,,0,[]
Käärijä,6LkMGN0t3HDNL8hIvma70r,,,0,[]
The Rolling Stones,22bE4uQ6baNwSHPVcDxLCe,,,0,[]
FLETCHER,5qa31A9HySw3T7MKWI9bGg,,,0,[]
Chlöe,1FtBEIWAwvw5ymBen5GICR,,,0,[]
Edison Lighthouse,1NRzxuPpdGushT8YmF5NAa,,,0,[]
Baby Lasagna,1ncWEkB4AQh1rxC8ObpBoH,,,0,[]
Wiktoria,3gbaHBYDy62irTs0ZsHNmi,,,0,[]
Sidhu Moose Wala,4PULA4EFzYTrxYvOVlwpiQ,,,0,[]
SuperM,5BHFSMEjfLVx1JwRWjAOsE,,,0,[]
VIC MENSA,27w1NoOLMX7tJMYqcetPyG,,,0,[]
thasup,19i93sA0D7yS9dYoVNBqAA,,,0,[]
Suki Waterhouse,5GGJosGMs08YEmKTZJe1fL,,,0,[]
Aqua,6kBjAFKyd0he7LiA5GQ3Gz,,,0,[]
Swae Lee,1zNqQNIdeOUZHb8zbZRFMX,,,0,[]
Dalex,0KPX4Ucy9dk82uj4GpKesn,,,0,[]
Chezile,1EmdfupUQDpXOcb4Nj2mBH,,,0,[]
Sal Priadi,1NjxFrpEGZTV2Ny0OJxeWu,,,0,[]
Shaboozey,3y2cIKLjiOlp1Np37WiUdH,,,0,[]
Mel & Kim,5XnIjshjqYVE2eDVgSt9Ro,,,0,[]
James Brown,7GaxyUddsPok8BuhxN6OUW,,,0,[]
PUBLIC,4vxaQs6vK54nK89J1VtLex,,,0,[]
Lomiiel,2rMFPjySMqkgBajkLKL6zo,,,0,[]
Ricky Montgomery,0ZUvK7zGdXLd78mQr3t1Tw,,,0,[]
Vampire Weekend,5BvJzeQpmsdsFp4HGUYUEx,,,0,[]
FIFTY FIFTY,4GJ6xDCF5jaUqD6avOuQT6,,,0,[]
Olivia Newton-John,4BoRxUdrcgbbq1rxJvvhg9,,,0,[]
The Weavers,4E5eAkpbJLO40r8fWNWm6X,,,0,[]
Alex Warren,0fTSzq9jAh4c36UVb4V7CB,,,0,[]
Martin Garrix,60d24wfXkVzDSfLS6hyCjZ,,,0,[]
Dan + Shay,7z5WFjZAIYejWy0NI5lv4T,,,0,[]
Elena Tsagrinou,4TgsxeFPNtkZ5lneq9AceU,,,0,[]
NAYEON,1VwDG9aBflQupaFNjUru9A,,,0,[]
Pretenders,0GByy3DcfbQwDvXGCWmzv9,,,0,[]
The Beach Boys,3oDbviiivRWhXwIE8hxkVV,,,0,[]
Pinguini Tattici Nucleari,6RdcIWVKYYzNzjQRd3oyHS,,,0,[]
Billy Joel,6zFYqv1mOsgBRQbae3JJ9e,,,0,[]
Tusse,1BwDWgdDJe3TJXLZkBkpsI,,,0,[]
Annalisa,0EqkKYDK9EkKY5N7zU3FPv,,,0,[]
Neil Diamond,7mEIug7XUlQHikrFxjTWes,,,0,[]
Paloma Faith,4fwuXg6XQHfdlOdmw36OHa,,,0,[]
JACKBOYS,7A8S43ryYdbWpJKeHRZRcq,,,0,[]
Neton Vega,6pV5zH2LzjOUHaAvENdMMa,,,0,[]
The Citizens of Halloween,4LazDzEGshEUn9D2zbm6w2,,,0,[]
DJ Jonathan,5RSYz1KaYXbHfKdlaxAI8O,,,0,[]
-,28QlAisHETVQGqLPDfo3eC,,,0,[]
NIKI,2kxP07DLgs4xlWz8YHlvfh,,,0,[]
Arizona Zervas,0vRvGUQVUjytro0xpb26bs,,,0,[]
Cornelia Jakobs,7cYZ8F0N2jby95FsxU9hh4,,,0,[]
Rich Amiri,2sF5nNXnrrsCPZlt8ZpyGd,,,0,[]
Benzz,2GYIFLUsVVHPPUzOfJndRh,,,0,[]
Blind Channel,3L58J6a7f0jyy2p6f3MSAs,,,0,[]
A R I Z O N A,7hOGhpa8RMSuDOWntGIAJt,,,0,[]
Ritt Momney,7MPGCB854Qo4alYMOPkBka,,,0,[]
NCT DREAM,1gBUSTR3TyDdTVFIaQnc02,,,0,[]
Freeze corleone,76Pl0epAMXVXJspaSuz8im,,,0,[]
J Hus,2a0uxJgbvvIRI4GX8pYfcr,,,0,[]
Masked Wolf,1uU7g3DNSbsu0QjSEqZtEd,,,0,[]
Henry Moodie,7hr9W3IjXcm3UlLY7guLk5,,,0,[]
MKTO,2l35CQqtYRh3d8ZIiBep4v,,,0,[]
Ivan Cornejo,6PH3FLQAxtqYy46Zv08bpV,,,0,[]
Boef,0Jsk5iYMr5aNjHury7blm1,,,0,[]
Solange,2auiVi8sUZo17dLy1HwrTU,,,0,[]
Ugly God,3Fdm9TFJQCLmC3AWMuGExi,,,0,[]
Grupo Firme,1dKdetem2xEmjgvyymzytS,,,0,[]
Yahritza Y Su Esencia,51ZSh80McCt7vbqHouzW0A,,,0,[]
Martin Jensen,4ehtJnVumNf6xzSCDk8aLB,,,0,[]
Fousheé,6trIghKwHRUyxwvm66HLHH,,,0,[]
girl in red,3uwAm6vQy7kWPS2bciKWx9,,,0,[]
Noah Cyrus,55fhWPvDiMpLnE4ZzNXZyW,,,0,[]
John Lundvik,11LbPHLi2sCqOVjknt0jmW,,,0,[]
Leah Kate,6oWOHAOyBUn6aJlKIPJK9r,,,0,[]
Jessica Darrow,4vdAAzZBUKbsrvHi6UR7B7,,,0,[]
Superstar Pride,3FBEsNyIwRnOHOf1Rv3SLa,,,0,[]
Elisa,2ARH58Hit3yC6ziGdhma23,,,0,[]
Flo Rida,0jnsk9HBra6NMjO2oANoPY,,,0,[]
Hannah Kerr,5FxshnB3eJ2YDn8xN8zDKq,,,0,[]
Grupo Menos É Mais,6vTqEFbTtTRJsuIpzZgjxi,,,0,[]
Nick Jonas,4Rxn7Im3LGfyRkY2FlHhWi,,,0,[]
Addison Rae,4gvjmrtzydbMpyJaXUtwvP,,,0,[]
Tinashe,0NIIxcxNHmOoyBx03SfTCD,,,0,[]
Shouse,2TcGJdSOiOvITBzhvfX8XB,,,0,[]
347aidan,0bBz5bRBkExaej2HxtVfCw,,,0,[]
My Chemical Romance,7FBcuc1gsnv6Y1nwFtNRCb,,,0,[]
Maggie Rogers,4NZvixzsSefsNiIqXn0NDe,,,0,[]
Portugal. The Man,4kI8Ie27vjvonwaB2ePh8T,,,0,[]
The Goo Goo Dolls,2sil8z5kiy4r76CRTXxBCA,,,0,[]
Killer Mike,2N4EYkIlG1kv25g6Wv8LGI,,,0,[]
LeeHi,7cVZApDoQZpS447nHTsNqu,,,0,[]
Luca Hänni,5JbALDn35ZrLwVAle4xVqZ,,,0,[]
Thurl Ravenscroft,5Gejwv3xz2DpLcxVpMD6hL,,,0,[]
Tropijazz,3J8pdA8hGN7lMw8ENo5fRv,,,0,[]
Stephen Sanchez,5XKFrudbV4IiuE5WuTPRmT,,,0,[]
Kiiara,4u5smJBskI6Adzv08PuiUP,,,0,[]
The Black Keys,7mnBLXK823vNxN3UWB7Gfz,,,0,[]
Kenia OS,31VFEohvhOUKrtAONEBhMG,,,0,[]
Ghea Indrawari,3qL7BzwJOXq3EzAio36aLX,,,0,[]
S3BZS,6zFMFB1JvNHkHvCSudF4id,,,0,[]
LOVE BGM JPN,2N7xrdZ10zV0pdSw1DcNWY,,,0,[]
KATSEYE,3c0gDdb9lhnHGFtP4prQpn,,,0,[]
24kGoldn,6fWVd57NKTalqvmjRd2t8Z,,,0,[]
Red Velvet - IRENE & SEULGI,6bwp9ObI8FWvMPCIWVBmhl,,,0,[]
Isaiah Firebrace,5lXfVoQxVgC5fpjkVqvNYn,,,0,[]
Lean Trap,3gTZHK9u10mTyoEoT9tJaE,,,0,[]
Marvin Divine,2ipbBHbU59PKSeDXAgMpkd,,,0,[]
Noa Kirel,1wak0ZG1LUrZPYx8RDTQoD,,,0,[]
Mahalini,3wOsYKZM0zcKNasi3I7fP4,,,0,[]
Good Neighbours,52N3KGrTWDRhdQJrgBTofE,,,0,[]
WhoHeem,5KYEMMz9O9iLIESifKAEOp,,,0,[]
Jerry Di,7f02bxFbZIOVdSbYRNYvLT,,,0,[]
Andmesh,6IDsZZ4IHgs9VblBgQQSmt,,,0,[]
Residente,5GcWBUX00IPuWVGMIRK1sS,,,0,[]
Axwell /\ Ingrosso,2XnBwblw31dfGnspMIwgWz,,,0,[]
Jovem Dionisio,4m5LghDfOKFZNEBZ0GO1OQ,,,0,[]
Luar La L,4axKuDPr6WKcDCyh8vueTY,,,0,[]
JHAYCO,6nVcHLIgY5pE2YCl8ubca1,,,0,[]
Christina Perri,7H55rcKCfwqkyDFH9wpKM6,,,0,[]
MC Kevinho,1mXAhKnZEdF6rotyyd4GBi,,,0,[]
Mae Stephens,311uEW9rt5g2NmzjGEKS2E,,,0,[]
Richy Mitch & The Coal Miners,4qU7IJSReZnsLy5907Mtau,,,0,[]
Nimo,3ZuBEj9ppJe8GSdKaMTfMN,,,0,[]
Yng Lvcas,1NNRWkhwmcXRimFYSBpB1y,,,0,[]
Mc Livinho,7me0S5Z40qVWj3gzyK8aC3,,,0,[]
Kordhell,2W6WP4pHQTFlbr2z9S4n54,,,0,[]
Romeo Santos,5lwmRuXgjX8xIwlnauTZIP,,,0,[]
La Maquinaria Norteña,7uGhSk7fVURjDaiXW1FSbL,,,0,[]
Fat Les,4BHU68IINW0fZNRIvSOir5,,,0,[]
Tarcísio do Acordeon,48HORs6F9P7IgdyKrk4MZC,,,0,[]
Ray Parker Jr.,0NyzfcGDZZ6GM25EBG9BYK,,,0,[]
MC WM,14D0I0RYqvIorkPL2EWoQh,,,0,[]
Beach Bunny,2vnB6tuQMaQpORiRdvXF9H,,,0,[]
Aaron Carter,5338fdSzGNOFD4cxAxDTeq,,,0,[]
Ryan Castro,7j6DKwmjbxvpQO8h914uEz,,,0,[]
Nina Chuba,2kS9NyuATpYwjeB93h24H5,,,0,[]
Nacho,2ayNSoKPCRAfjp6hQ76hRu,,,0,[]
MIKOLAS,6Kz7MXIUFMtp5Ts91lagtR,,,0,[]
Rosa Linn,46xBNx0j6cwY6sD9LgMTm1,,,0,[]
Radiohead,4Z8W4fKeB5YxbusRsdQVPb,,,0,[]
Morat,5C4PDR4LnhZTbVnKWXuDKD,,,0,[]
Doechii,4E2rKHVDssGJm2SCDOMMJB,,,0,[]
U2,51Blml2LZPmy7TTiAg47vQ,,,0,[]
Eden Muñoz,1gJdf4Yybu4X5A2xYV3NMV,,,0,[]
Coi Leray,6AMd49uBDJfhf30Ak2QR5s,,,0,[]
Kate Bush,1aSxMhuvixZ8h9dK9jIDwL,,,0,[]
Kevin Kaarl,6OBGbSaBUvQtk9wpQfDbOE,,,0,[]
anees,2HPqVfdPh9JkBSlFG5hK6h,,,0,[]
Glee Cast,0SCbttzoZTnLFebDYmAWCm,,,0,[]
Oliver Anthony Music,6IkfE2JyVoKwBZXvuytKX3,,,0,[]
Leona Lewis,5lKZWd6HiSCLfnDGrq9RAm,,,0,[]
Janelle Monáe,6ueGR6SWhUJfvEhqkvMsVs,,,0,[]
La Mosca,60nua3AsVSfADZtg5Hdz3W,,,0,[]
Bee Gees,1LZEQNv7sE11VDY3SdxQeN,,,0,[]
Yung Lean,67lytN32YpUxiSeWlKfHJ3,,,0,[]
Clairo,3l0CmX0FuQjFxr8SK7Vqag,,,0,[]
KEiiNO,0chh7dlaUzEreDTulHiOlm,,,0,[]
Bella Poarch,26cMerAxjx9GedFt0lMDjm,,,0,[]
carolesdaughter,2hiq2iBnUik3mrOfEgRSpB,,,0,[]
Mac DeMarco,3Sz7ZnJQBIHsXLUSo0OQtM,,,0,[]
Nadhif Basalamah,6UgERnTHmjk3qXM9x5vzyO,,,0,[]
Crowded House,7ohlPA8dRBtCf92zaZCaaB,,,0,[]
Beach House,56ZTgzPBDge0OvCGgMO3OY,,,0,[]
Bea Miller,1o2NpYGqHiCq7FoiYdyd1x,,,0,[]
Young M.A,7LvoDJUNGnOrPdGRzVtOJ9,,,0,[]
Arcade Fire,3kjuyTCjPG1WMFCiyc5IuB,,,0,[]
Wisin & Yandel,1wZtkThiXbVNtj6hee6dz9,,,0,[]
Bryan Adams,3Z02hBLubJxuFJfhacLSDc,,,0,[]
Donny Hathaway,0HU0U9kdXEHZVxUNbuQe8S,,,0,[]
Hippie Sabotage,4dM6NDYSfLcspt8GLoT5aE,,,0,[]
Beach Weather,7I3bkknknQkIiatWiupQgD,,,0,[]
salem ilese,3QJUFtGBGL05vo0kCJZsmT,,,0,[]
Teto,68YeXpLt3jB7JHQS5ZjMGo,,,0,[]
Ramz,6ywXRaHY7m2DJ0dd7CsLAB,,,0,[]
Dylan Conrique,2S054G7qnCK45KY0XzpX30,,,0,[]
THE ROOP,34G31kGbSQmemVlI0G784o,,,0,[]
Danna Paola,5xSx2FM8mQnrfgM1QsHniB,,,0,[]
Lynyrd Skynyrd,4MVyzYMgTwdP7Z49wAZHx0,,,0,[]
King Von,6QtgPSJPSzcnn7dPZ4VINp,,,0,[]
Daya,6Dd3NScHWwnW6obMFbl1BH,,,0,[]
Lasso,3SCOuAxngTC1yGjKMcIPEd,,,0,[]
Harry Nach,0NnUMWDCDi1snuMja6IdxH,,,0,[]
50 Cent,3q7HBObVc0L8jNeTe5Gofh,,,0,[]
Ryan Gosling,6kXm2YCtdUOpRYNKeKhfue,,,0,[]
Bilal Wahib,5wV3FoaNbDB6X9INuQvs1K,,,0,[]
Tom Odell,2txHhyCwHjUEpJjWrEyqyX,,,0,[]
Miami Yacine,1XKjtpH5P81gpOXDB91IEB,,,0,[]
Studio Killers,7avo0PmlW8O1YLEt9DnWQT,,,0,[]
Go_A,4kvCU3MzggM2piZCqvxj0x,,,0,[]
Sam Hunt,2kucQ9jQwuD8jWdtR9Ef38,,,0,[]
WIU,3MrDVzg7ZXaYMyQmbDInr7,,,0,[]
Paloma Mami,7rOlQwf8OuFLFQp4aydjBt,,,0,[]
James Hersey,0lzV2CiahHRiGd6qpADtPS,,,0,[]
Ken Carson,3gBZUcNeVumkeeJ19CY2sX,,,0,[]
YOASOBI,64tJ2EAv1R6UaZqc4iOCyj,,,0,[]
Tarkan,2yMN0IP20GOaN6q0p0zL5k,,,0,[]
Dj Kass,431Pb5EV8KsCBGTw96ZTQ4,,,0,[]
Calboy,0HkcYmcjrBR3SCw9Ld5VZk,,,0,[]
Kaliii,1YRqgFNXqRyMDRr8ClS1NL,,,0,[]
Guns N' Roses,3qm84nBOXUEQ2vnTfUTTFC,,,0,[]
S10,1zT9SWCzN45r7oVhy0VYLK,,,0,[]
YG Marley,0n4Fao9kbjgM76RmVlfSwr,,,0,[]
Hugo & Guilherme,1LIuN7ov1IBQDdLsU83ojl,,,0,[]
Bobby Helms,38EmEgXkgK51MT2tPY0EoC,,,0,[]
Netta,4Z4afeDmHFxPmJorIwupbZ,,,0,[]
Foster The People,7gP3bB2nilZXLfPHJhMdvc,,,0,[]
Gabriel Diniz,3WQ1s2QFvL6crxBvrVhwzj,,,0,[]
Bonnie Tyler,0SD4eZCN4Kr0wQk56hCdh2,,,0,[]
XoMusic,0WjSAbrLXrBIpfWSrZIRi2,,,0,[]
Marilyn Manson,2VYQTNDsvvKN9wmU5W7xpj,,,0,[]
San Holo,0jNDKefhfSbLR9sFvcPLHo,,,0,[]
