artist_1,artist_1_id,artist_2,artist_2_id,count,song_ids
Latto,3MdXrJWsbVzdn6fe5JYkSQ,Jung Kook,6HaGTQPmzraVmaVxvz6EUc,1,['2HRgqmZQC0MC7GeNuDIXHN']
The Weeknd,1Xyo4u8uXC1ZmMpatF05PJ,JENNIE,250b0Wlc5Vk0CoUsaCY84M,1,['7CyPwkp0oE8Ro9Dd5CUDjW']
The Weeknd,1Xyo4u8uXC1ZmMpatF05PJ,Lily-Rose Depp,1pBLC0qVRTB5zVMuteQ9jJ,1,['7CyPwkp0oE8Ro9Dd5CUDjW']
Lily-Rose Depp,1pBLC0qVRTB5zVMuteQ9jJ,JENNIE,250b0Wlc5Vk0CoUsaCY84M,1,['7CyPwkp0oE8Ro9Dd5CUDjW']
Peso Pluma,12GqGscKJx3aE4t07u7eVZ,Anitta,7FNnA9vBm6EKceENgCGRMb,1,['5Fohh8kl8403DSoq4KH7Ll']
Feid,2LRoIwlKmHjgvigdNGBHNo,Bad Bunny,4q3ewBCX7sLwd24euuV69X,1,['7iQXYTyuG13aoeHxGG28Nh']
Peso Pluma,12GqGscKJx3aE4t07u7eVZ,KAROL G,790FomKkXshlbRYZFtlgla,1,['5RqSsdzTNPX1uzkmlHCFvK']
Chino Pacas,2rmkQLzj0k4nZdQehOUByO,Calle 24,6dLuQ5qXxIuWc5urxfIiZR,2,"['1sXr6moCwVxwKEgSPxhVvF', '6uIIdjYTxxpWOyWuVXrKQO']"
Fuerza Regida,0ys2OFYzWYB5hRDLCsBqxt,Calle 24,6dLuQ5qXxIuWc5urxfIiZR,1,['6uIIdjYTxxpWOyWuVXrKQO']
Fuerza Regida,0ys2OFYzWYB5hRDLCsBqxt,Chino Pacas,2rmkQLzj0k4nZdQehOUByO,1,['6uIIdjYTxxpWOyWuVXrKQO']
Fuerza Regida,0ys2OFYzWYB5hRDLCsBqxt,Marshmello,64KEffDW9EtZ1y2vBYgq8T,1,['6CvTEtGagmzQvkUzzyKR9k']
Maluma,1r4hJ1h58CWwUQe3MxPuau,Carin Leon,66ihevNkSYNzRAl44dx6jJ,1,['4bw8mcDUSRWfQo63ZTYRnU']
Feid,2LRoIwlKmHjgvigdNGBHNo,ATL Jacob,7jAs1uPnpfNmT6e5qtEPxq,1,['7bywjHOc0wSjGGbj04XbVi']
The Weeknd,1Xyo4u8uXC1ZmMpatF05PJ,Playboi Carti,699OTQXzgjhIYAHMy9RyPD,3,"['1Es7AUAhQvapIcoh3qMKDL', '6WzRpISELf3YglGAh7TXcG', '7GUhiAHLoVy1V8ucQuZ3CB']"
The Weeknd,1Xyo4u8uXC1ZmMpatF05PJ,Madonna,6tbjWDEIzxoDsBA1FuhfPW,2,"['6WzRpISELf3YglGAh7TXcG', '7GUhiAHLoVy1V8ucQuZ3CB']"
Playboi Carti,699OTQXzgjhIYAHMy9RyPD,Madonna,6tbjWDEIzxoDsBA1FuhfPW,2,"['6WzRpISELf3YglGAh7TXcG', '7GUhiAHLoVy1V8ucQuZ3CB']"
Grupo Firme,1dKdetem2xEmjgvyymzytS,Grupo Frontera,6XkjpgcEsYab502Vr1bBeW,1,['0O3U5iwTbiXCREMkvotJuN']
The Weeknd,1Xyo4u8uXC1ZmMpatF05PJ,Daft Punk,4tZwfgrHOc3mvqYlEYSvVi,1,['7MXVkk9YMctZqd1Srtv4MB']
Ana Castela,2CKOmarVWvWqkNWUatHCex,Luan Santana,3qvcCP2J0fWi0m0uQDUf6r,1,['2IDf0IZ9dfw0uDYV2n1bJc']
Peso Pluma,12GqGscKJx3aE4t07u7eVZ,Gabito Ballesteros,6Sbl0NT50roqWvy746MfVf,2,"['5UHK1rtK4MpBGb0KppIYh4', '7mXuWTczZNxG5EDcjFEuJR']"
Peso Pluma,12GqGscKJx3aE4t07u7eVZ,Junior H,7Gi6gjaWy3DxyilpF1a8Is,5,"['1haJsMtoBhHfvuM7XWuT3W', '2500EpUpryOBJX0rO8fDuB', '2OWv3lRR8PtOVuHWzQNRs2', '5jVExEArvISIYu8mamVgfV', '7mXuWTczZNxG5EDcjFEuJR']"
Gabito Ballesteros,6Sbl0NT50roqWvy746MfVf,Junior H,7Gi6gjaWy3DxyilpF1a8Is,1,['7mXuWTczZNxG5EDcjFEuJR']
David Guetta,1Cs0zKBU1kc0i8ypK3B9ai,Bebe Rexha,64M6ah0SkkRsnPGtGiRAbb,1,['4uUG5RXrOk84mYEfFvj3cK']
Bad Bunny,4q3ewBCX7sLwd24euuV69X,Grupo Frontera,6XkjpgcEsYab502Vr1bBeW,1,['2yzshFeBIwH8tWIqHEFLeD']
Peso Pluma,12GqGscKJx3aE4t07u7eVZ,Oscar Maydon,3l9G1G9MxH6DaRhwLklaf5,2,"['02cRoSfWU3RJNFyU3o4lhV', '2OWv3lRR8PtOVuHWzQNRs2']"
Oscar Maydon,3l9G1G9MxH6DaRhwLklaf5,Junior H,7Gi6gjaWy3DxyilpF1a8Is,2,"['2OWv3lRR8PtOVuHWzQNRs2', '33Nj9AdncSmHbCN3QeSZTL']"
Selena Gomez,0C8ZW7ezQVs4URX5aX7Kqx,Rema,46pWGuE3dSwY3bMMXGBvVS,1,['1s7oOCT8vauUh01PbJD6ps']
Jack Harlow,2LIk90788K0zvyj2JJVwkJ,Jung Kook,6HaGTQPmzraVmaVxvz6EUc,1,['01qFKNWq73UfEslI0GvumE']
RAYE,5KKpBU5eC2tJDzf0wmlRp2,cassö,5wCmhq5J2hPwL2r0eKurxn,1,['59NraMJsLaMCVtwXTSia8i']
D-Block Europe,5VadK1havLhK1OpKYsXv9y,cassö,5wCmhq5J2hPwL2r0eKurxn,1,['59NraMJsLaMCVtwXTSia8i']
RAYE,5KKpBU5eC2tJDzf0wmlRp2,D-Block Europe,5VadK1havLhK1OpKYsXv9y,1,['59NraMJsLaMCVtwXTSia8i']
V,3JsHnjpbhX4SnySpvpa9DK,UMI,4ClziihVpBeFXNyDH83Lde,1,['0cGpKQ8RxxLOFqhktEURIj']
Rihanna,5pKCCKE2ajJHZ9KAiaK11H,Calvin Harris,7CajNmpbOovFoOoasH2HaY,2,"['1zv3WFUbZ5vPxFq9I2jAU1', '2vlDrKpOC0eSTqTDRcbYyw']"
Eslabon Armado,0XeEobZplHxzM9QzFQWLiR,Peso Pluma,12GqGscKJx3aE4t07u7eVZ,2,"['3qQbCzHBycnDpGskqOWY0E', '5jVExEArvISIYu8mamVgfV']"
21 Savage,1URnnhqYAYcrqrcwql10ft,JID,6U3ybJ9UHNKEdsH7ktGBZ7,1,['1udwFobQ1JoOdWPQrp2b6u']
Baby Tate,3IJ21966TwNZI24MwZHMu4,JID,6U3ybJ9UHNKEdsH7ktGBZ7,1,['1udwFobQ1JoOdWPQrp2b6u']
21 Savage,1URnnhqYAYcrqrcwql10ft,Baby Tate,3IJ21966TwNZI24MwZHMu4,1,['1udwFobQ1JoOdWPQrp2b6u']
Raj Shekhar,2DFCHTDIA0t638a4mm37dK,Vishal Mishra,5wJ1H6ud777odtZl5gG507,1,['7yDHHVKLbvDmVw1XXhDDIO']
Zach Bryan,40ZNYROS4zLfyyBSs2PGe2,Kacey Musgraves,70kkdajctXSbqSMJbQO424,1,['4KULAymBBJcPRpk1yO4dOG']
Carin Leon,66ihevNkSYNzRAl44dx6jJ,Grupo Frontera,6XkjpgcEsYab502Vr1bBeW,1,['5HR7yfhSCeoOHRQN05XnZQ']
Kali Uchis,1U1el3k54VvEUzo3ybLPlM,Tyler The Creator,4V8LLVI7PbaPR0K2TGSxFF,1,['7KA4W4McWYRpgf0fWsJZWB']
Los Dareyes De La Sierra,1ZMJSCQw8DIefcLb1FIpY0,Xavi,3Me35AWHCGqW4sZ7bWWJt1,1,['4loIMejzvt11s97SGVEat8']
Manu,0CdnnCbbKD4oIzBmxi2o7r,Simone Mendes,2eK9gcJQ6uqVvJL63dnOM3,1,['35D06z7kmwMmYYbyJ0BkSm']
Elton John,3PhoLpVuITZKcymswpck5b,Dua Lipa,6M2wZ9GZgrQXHCFfjv46we,1,['6JIC3hbC28JZKZ8AlAqX8h']
Elton John,3PhoLpVuITZKcymswpck5b,PNAU,6n28c9qs9hNGriNa72b26u,1,['6JIC3hbC28JZKZ8AlAqX8h']
Dua Lipa,6M2wZ9GZgrQXHCFfjv46we,PNAU,6n28c9qs9hNGriNa72b26u,1,['6JIC3hbC28JZKZ8AlAqX8h']
Dj GBR,0IhzJFf4QBEz0ifqLwScKV,Mc IG,2q9wk5fkeU2C9CgCKdh4AN,1,['2InS5VWKJQbsFBKOsf1cJB']
Dj GBR,0IhzJFf4QBEz0ifqLwScKV,MC Ryan SP,75i9GaW2MJUgt4BkdUnuUY,1,['2InS5VWKJQbsFBKOsf1cJB']
Dj GBR,0IhzJFf4QBEz0ifqLwScKV,MC PH,4PLdCloYxu2bMKfuuB9lI5,1,['2InS5VWKJQbsFBKOsf1cJB']
Dj GBR,0IhzJFf4QBEz0ifqLwScKV,Mc Davi,1cYhx7ZOhYoVmnDPb9KMwo,1,['2InS5VWKJQbsFBKOsf1cJB']
Dj GBR,0IhzJFf4QBEz0ifqLwScKV,Mc Luki,3I44LJGCaI0gSPPz3n16xn,1,['2InS5VWKJQbsFBKOsf1cJB']
Dj GBR,0IhzJFf4QBEz0ifqLwScKV,Mc Don Juan,7Lmrb6KcIzfkmgbtokjsAL,1,['2InS5VWKJQbsFBKOsf1cJB']
Dj GBR,0IhzJFf4QBEz0ifqLwScKV,Mc Kadu,21ELc2P2rA3Cu6xw3VWqvv,1,['2InS5VWKJQbsFBKOsf1cJB']
Dj GBR,0IhzJFf4QBEz0ifqLwScKV,TrapLaudo,39QiJaZ1HzRcpY9xlMKCsF,1,['2InS5VWKJQbsFBKOsf1cJB']
Dj GBR,0IhzJFf4QBEz0ifqLwScKV,MC GP,5s27i7oqhNWIcE4HeoVdq0,1,['2InS5VWKJQbsFBKOsf1cJB']
Dj GBR,0IhzJFf4QBEz0ifqLwScKV,MC GH do 7,5XUMgbLR3zyRPesnTQY31C,1,['2InS5VWKJQbsFBKOsf1cJB']
Mc IG,2q9wk5fkeU2C9CgCKdh4AN,MC Ryan SP,75i9GaW2MJUgt4BkdUnuUY,2,"['2InS5VWKJQbsFBKOsf1cJB', '5tsKgj1Xbk5bL7t3QiPWOR']"
Mc IG,2q9wk5fkeU2C9CgCKdh4AN,MC PH,4PLdCloYxu2bMKfuuB9lI5,2,"['2InS5VWKJQbsFBKOsf1cJB', '5tsKgj1Xbk5bL7t3QiPWOR']"
Mc Davi,1cYhx7ZOhYoVmnDPb9KMwo,Mc IG,2q9wk5fkeU2C9CgCKdh4AN,1,['2InS5VWKJQbsFBKOsf1cJB']
Mc IG,2q9wk5fkeU2C9CgCKdh4AN,Mc Luki,3I44LJGCaI0gSPPz3n16xn,2,"['2InS5VWKJQbsFBKOsf1cJB', '5tsKgj1Xbk5bL7t3QiPWOR']"
Mc IG,2q9wk5fkeU2C9CgCKdh4AN,Mc Don Juan,7Lmrb6KcIzfkmgbtokjsAL,1,['2InS5VWKJQbsFBKOsf1cJB']
Mc Kadu,21ELc2P2rA3Cu6xw3VWqvv,Mc IG,2q9wk5fkeU2C9CgCKdh4AN,1,['2InS5VWKJQbsFBKOsf1cJB']
Mc IG,2q9wk5fkeU2C9CgCKdh4AN,TrapLaudo,39QiJaZ1HzRcpY9xlMKCsF,2,"['2InS5VWKJQbsFBKOsf1cJB', '5tsKgj1Xbk5bL7t3QiPWOR']"
Mc IG,2q9wk5fkeU2C9CgCKdh4AN,MC GP,5s27i7oqhNWIcE4HeoVdq0,2,"['2InS5VWKJQbsFBKOsf1cJB', '5tsKgj1Xbk5bL7t3QiPWOR']"
Mc IG,2q9wk5fkeU2C9CgCKdh4AN,MC GH do 7,5XUMgbLR3zyRPesnTQY31C,2,"['2InS5VWKJQbsFBKOsf1cJB', '5tsKgj1Xbk5bL7t3QiPWOR']"
MC PH,4PLdCloYxu2bMKfuuB9lI5,MC Ryan SP,75i9GaW2MJUgt4BkdUnuUY,2,"['2InS5VWKJQbsFBKOsf1cJB', '5tsKgj1Xbk5bL7t3QiPWOR']"
Mc Davi,1cYhx7ZOhYoVmnDPb9KMwo,MC Ryan SP,75i9GaW2MJUgt4BkdUnuUY,1,['2InS5VWKJQbsFBKOsf1cJB']
Mc Luki,3I44LJGCaI0gSPPz3n16xn,MC Ryan SP,75i9GaW2MJUgt4BkdUnuUY,2,"['2InS5VWKJQbsFBKOsf1cJB', '5tsKgj1Xbk5bL7t3QiPWOR']"
MC Ryan SP,75i9GaW2MJUgt4BkdUnuUY,Mc Don Juan,7Lmrb6KcIzfkmgbtokjsAL,1,['2InS5VWKJQbsFBKOsf1cJB']
Mc Kadu,21ELc2P2rA3Cu6xw3VWqvv,MC Ryan SP,75i9GaW2MJUgt4BkdUnuUY,1,['2InS5VWKJQbsFBKOsf1cJB']
TrapLaudo,39QiJaZ1HzRcpY9xlMKCsF,MC Ryan SP,75i9GaW2MJUgt4BkdUnuUY,2,"['2InS5VWKJQbsFBKOsf1cJB', '5tsKgj1Xbk5bL7t3QiPWOR']"
MC GP,5s27i7oqhNWIcE4HeoVdq0,MC Ryan SP,75i9GaW2MJUgt4BkdUnuUY,2,"['2InS5VWKJQbsFBKOsf1cJB', '5tsKgj1Xbk5bL7t3QiPWOR']"
MC GH do 7,5XUMgbLR3zyRPesnTQY31C,MC Ryan SP,75i9GaW2MJUgt4BkdUnuUY,2,"['2InS5VWKJQbsFBKOsf1cJB', '5tsKgj1Xbk5bL7t3QiPWOR']"
Mc Davi,1cYhx7ZOhYoVmnDPb9KMwo,MC PH,4PLdCloYxu2bMKfuuB9lI5,1,['2InS5VWKJQbsFBKOsf1cJB']
Mc Luki,3I44LJGCaI0gSPPz3n16xn,MC PH,4PLdCloYxu2bMKfuuB9lI5,2,"['2InS5VWKJQbsFBKOsf1cJB', '5tsKgj1Xbk5bL7t3QiPWOR']"
MC PH,4PLdCloYxu2bMKfuuB9lI5,Mc Don Juan,7Lmrb6KcIzfkmgbtokjsAL,1,['2InS5VWKJQbsFBKOsf1cJB']
Mc Kadu,21ELc2P2rA3Cu6xw3VWqvv,MC PH,4PLdCloYxu2bMKfuuB9lI5,1,['2InS5VWKJQbsFBKOsf1cJB']
TrapLaudo,39QiJaZ1HzRcpY9xlMKCsF,MC PH,4PLdCloYxu2bMKfuuB9lI5,2,"['2InS5VWKJQbsFBKOsf1cJB', '5tsKgj1Xbk5bL7t3QiPWOR']"
MC PH,4PLdCloYxu2bMKfuuB9lI5,MC GP,5s27i7oqhNWIcE4HeoVdq0,2,"['2InS5VWKJQbsFBKOsf1cJB', '5tsKgj1Xbk5bL7t3QiPWOR']"
MC PH,4PLdCloYxu2bMKfuuB9lI5,MC GH do 7,5XUMgbLR3zyRPesnTQY31C,2,"['2InS5VWKJQbsFBKOsf1cJB', '5tsKgj1Xbk5bL7t3QiPWOR']"
Mc Davi,1cYhx7ZOhYoVmnDPb9KMwo,Mc Luki,3I44LJGCaI0gSPPz3n16xn,1,['2InS5VWKJQbsFBKOsf1cJB']
Mc Davi,1cYhx7ZOhYoVmnDPb9KMwo,Mc Don Juan,7Lmrb6KcIzfkmgbtokjsAL,1,['2InS5VWKJQbsFBKOsf1cJB']
Mc Davi,1cYhx7ZOhYoVmnDPb9KMwo,Mc Kadu,21ELc2P2rA3Cu6xw3VWqvv,1,['2InS5VWKJQbsFBKOsf1cJB']
Mc Davi,1cYhx7ZOhYoVmnDPb9KMwo,TrapLaudo,39QiJaZ1HzRcpY9xlMKCsF,1,['2InS5VWKJQbsFBKOsf1cJB']
Mc Davi,1cYhx7ZOhYoVmnDPb9KMwo,MC GP,5s27i7oqhNWIcE4HeoVdq0,1,['2InS5VWKJQbsFBKOsf1cJB']
Mc Davi,1cYhx7ZOhYoVmnDPb9KMwo,MC GH do 7,5XUMgbLR3zyRPesnTQY31C,1,['2InS5VWKJQbsFBKOsf1cJB']
Mc Luki,3I44LJGCaI0gSPPz3n16xn,Mc Don Juan,7Lmrb6KcIzfkmgbtokjsAL,1,['2InS5VWKJQbsFBKOsf1cJB']
Mc Kadu,21ELc2P2rA3Cu6xw3VWqvv,Mc Luki,3I44LJGCaI0gSPPz3n16xn,1,['2InS5VWKJQbsFBKOsf1cJB']
TrapLaudo,39QiJaZ1HzRcpY9xlMKCsF,Mc Luki,3I44LJGCaI0gSPPz3n16xn,2,"['2InS5VWKJQbsFBKOsf1cJB', '5tsKgj1Xbk5bL7t3QiPWOR']"
Mc Luki,3I44LJGCaI0gSPPz3n16xn,MC GP,5s27i7oqhNWIcE4HeoVdq0,2,"['2InS5VWKJQbsFBKOsf1cJB', '5tsKgj1Xbk5bL7t3QiPWOR']"
Mc Luki,3I44LJGCaI0gSPPz3n16xn,MC GH do 7,5XUMgbLR3zyRPesnTQY31C,2,"['2InS5VWKJQbsFBKOsf1cJB', '5tsKgj1Xbk5bL7t3QiPWOR']"
Mc Kadu,21ELc2P2rA3Cu6xw3VWqvv,Mc Don Juan,7Lmrb6KcIzfkmgbtokjsAL,1,['2InS5VWKJQbsFBKOsf1cJB']
TrapLaudo,39QiJaZ1HzRcpY9xlMKCsF,Mc Don Juan,7Lmrb6KcIzfkmgbtokjsAL,1,['2InS5VWKJQbsFBKOsf1cJB']
MC GP,5s27i7oqhNWIcE4HeoVdq0,Mc Don Juan,7Lmrb6KcIzfkmgbtokjsAL,1,['2InS5VWKJQbsFBKOsf1cJB']
MC GH do 7,5XUMgbLR3zyRPesnTQY31C,Mc Don Juan,7Lmrb6KcIzfkmgbtokjsAL,1,['2InS5VWKJQbsFBKOsf1cJB']
Mc Kadu,21ELc2P2rA3Cu6xw3VWqvv,TrapLaudo,39QiJaZ1HzRcpY9xlMKCsF,1,['2InS5VWKJQbsFBKOsf1cJB']
Mc Kadu,21ELc2P2rA3Cu6xw3VWqvv,MC GP,5s27i7oqhNWIcE4HeoVdq0,1,['2InS5VWKJQbsFBKOsf1cJB']
Mc Kadu,21ELc2P2rA3Cu6xw3VWqvv,MC GH do 7,5XUMgbLR3zyRPesnTQY31C,1,['2InS5VWKJQbsFBKOsf1cJB']
TrapLaudo,39QiJaZ1HzRcpY9xlMKCsF,MC GP,5s27i7oqhNWIcE4HeoVdq0,2,"['2InS5VWKJQbsFBKOsf1cJB', '5tsKgj1Xbk5bL7t3QiPWOR']"
TrapLaudo,39QiJaZ1HzRcpY9xlMKCsF,MC GH do 7,5XUMgbLR3zyRPesnTQY31C,2,"['2InS5VWKJQbsFBKOsf1cJB', '5tsKgj1Xbk5bL7t3QiPWOR']"
MC GH do 7,5XUMgbLR3zyRPesnTQY31C,MC GP,5s27i7oqhNWIcE4HeoVdq0,2,"['2InS5VWKJQbsFBKOsf1cJB', '5tsKgj1Xbk5bL7t3QiPWOR']"
Drake,3TVXtAsR1Inumwj472S9r4,Yeat,3qiHUAX7zY4Qnjx8TNUzVx,1,['2YSzYUF3jWqb9YP9VXmpjE']
Luck Ra,4kcQWQDK0u9AftVSpdrAgk,BM,5TP8Ubo4jLKEi4Mw2O8fAk,1,['7aPsseax6rNFyipHn9A5CR']
Ana Castela,2CKOmarVWvWqkNWUatHCex,Gusttavo Lima,7MiDcPa6UiV3In7lIM71IN,1,['7g7I8fjEERZH8DH3e6MUw7']
Dani Flow,1yX62RHdYysNcIrO33WQxJ,Bellakath,4yjm4SvYqC5FFuLbB6TyHr,1,['7yIIeKUxTpn36X6CFJhgEi']
Jere Klein,35oGZihZclGoTVuICPXRP9,Gittobeatz,4rRwh9ghjocFABAwIwnunp,1,['4GvEuYAfJlICR2SpMDaBxQ']
Sexyy Red,3DbwFQlvLxRSi2uX8mf81A,Drake,3TVXtAsR1Inumwj472S9r4,1,['1yeB8MUNeLo9Ek1UEpsyz6']
Drake,3TVXtAsR1Inumwj472S9r4,SZA,7tYKF4w9nC0nq9CsPZTHyP,1,['1yeB8MUNeLo9Ek1UEpsyz6']
Sexyy Red,3DbwFQlvLxRSi2uX8mf81A,SZA,7tYKF4w9nC0nq9CsPZTHyP,1,['1yeB8MUNeLo9Ek1UEpsyz6']
Swae Lee,1zNqQNIdeOUZHb8zbZRFMX,Post Malone,246dkjvS1zLTtiykXe5h60,1,['0RiRZpuVRbi7oqRdSMwhQY']
Macklemore,3JhNCzhSMTxs9WLGJJxWOY,Ryan Lewis,4myTppRgh0rojLxx8RycOp,1,['22skzmqfdWrjJylampe0kt']
Macklemore,3JhNCzhSMTxs9WLGJJxWOY,Macklemore & Ryan Lewis,6WLvgbfYXQPO396oJEYCsi,1,['22skzmqfdWrjJylampe0kt']
Macklemore,3JhNCzhSMTxs9WLGJJxWOY,Ray Dalton,4e0nWw2r4BoQSKPQ2zpU13,1,['22skzmqfdWrjJylampe0kt']
Ryan Lewis,4myTppRgh0rojLxx8RycOp,Macklemore & Ryan Lewis,6WLvgbfYXQPO396oJEYCsi,1,['22skzmqfdWrjJylampe0kt']
Ray Dalton,4e0nWw2r4BoQSKPQ2zpU13,Ryan Lewis,4myTppRgh0rojLxx8RycOp,1,['22skzmqfdWrjJylampe0kt']
Ray Dalton,4e0nWw2r4BoQSKPQ2zpU13,Macklemore & Ryan Lewis,6WLvgbfYXQPO396oJEYCsi,1,['22skzmqfdWrjJylampe0kt']
Justin Bieber,1uNFoZAHBGtllmzznpCI3s,The Kid LAROI,2tIP7SsRs7vjIcLrU85W8J,1,['567e29TDzLwZwfDuEpGTwo']
Feid,2LRoIwlKmHjgvigdNGBHNo,Young Miko,3qsKSpcV3ncke3hw52JSMB,2,"['1hZsWUnLbqRw09jLAMQSsb', '7s4emXHJwAuo5VvGBXmnBL']"
DJ F7,1L5QOwu01wcDbozwIL1XXd,JC NO BEAT,1xglv0oUbyJaycWFhyec8U,1,['00rxTS5TKv3oXpDA6nWfBi']
JC NO BEAT,1xglv0oUbyJaycWFhyec8U,MC Meno Dani,3LqcLDGw41dRZKsM51H9GI,1,['00rxTS5TKv3oXpDA6nWfBi']
JC NO BEAT,1xglv0oUbyJaycWFhyec8U,Silva Mc,7v4hw85pzG0M9kJHlBGsi3,1,['00rxTS5TKv3oXpDA6nWfBi']
DJ F7,1L5QOwu01wcDbozwIL1XXd,MC Meno Dani,3LqcLDGw41dRZKsM51H9GI,1,['00rxTS5TKv3oXpDA6nWfBi']
DJ F7,1L5QOwu01wcDbozwIL1XXd,Silva Mc,7v4hw85pzG0M9kJHlBGsi3,1,['00rxTS5TKv3oXpDA6nWfBi']
MC Meno Dani,3LqcLDGw41dRZKsM51H9GI,Silva Mc,7v4hw85pzG0M9kJHlBGsi3,1,['00rxTS5TKv3oXpDA6nWfBi']
Grupo Marca Registrada,1gW6pz5n1aK249L0GvfQCC,Alex Favela,5TcnuUD5MHBfd1cO4kweWD,1,['2TJKY0WSFufZOzbRNgl6zE']
Alex Favela,5TcnuUD5MHBfd1cO4kweWD,Joaquin Medina,6bpv92ES2Vcv2OKA3DAhgw,1,['2TJKY0WSFufZOzbRNgl6zE']
Grupo Marca Registrada,1gW6pz5n1aK249L0GvfQCC,Joaquin Medina,6bpv92ES2Vcv2OKA3DAhgw,1,['2TJKY0WSFufZOzbRNgl6zE']
Peso Pluma,12GqGscKJx3aE4t07u7eVZ,Tito Double P,5eumcnUkdmGvkvcsx1WFNG,5,"['1RzjXhgnzqb3dMa5852itx', '1jIirpaACmgb4nTYfywys4', '3YyTyWfSwAhesGCKpnuRKl', '41EOhpn50qvd8iZSKw531W', '5lKFO0PrOC9jmOlPEdjHsL']"
Matheus Fernandes,37mqXU98U5GmH5ZDtlHM1c,Grupo Menos É Mais,6vTqEFbTtTRJsuIpzZgjxi,1,['4f0aDk7HX37SfzerfznYlr']
Travis Scott,0Y5tJX1MQlPlqiwlOH1tJY,Playboi Carti,699OTQXzgjhIYAHMy9RyPD,2,"['28drn6tQo95MRvO0jQEo5C', '42VsgItocQwOQC3XWZ8JNA']"
Metro Boomin,0iEtIxbK0KxaSlF7G42ZOp,The Weeknd,1Xyo4u8uXC1ZmMpatF05PJ,4,"['0lOQaZwX9AkAiSvObh4G70', '2dHHgzDwk4BJdRwy9uXhTO', '3OxL6MuctgZp1e0zxoAZhH', '7sVbKoBdhXtYCEOO6qC1SN']"
Metro Boomin,0iEtIxbK0KxaSlF7G42ZOp,21 Savage,1URnnhqYAYcrqrcwql10ft,5,"['0fyP96TikhD9sM4eKqw5Yp', '2dHHgzDwk4BJdRwy9uXhTO', '2yUzr8Sr6ldG8vmHhZwTnz', '47yD0e9MCRIB8dgUXPfyW3', '5KI7I4mEtulXcv5VQJaV35']"
21 Savage,1URnnhqYAYcrqrcwql10ft,The Weeknd,1Xyo4u8uXC1ZmMpatF05PJ,1,['2dHHgzDwk4BJdRwy9uXhTO']
Natanael Cano,0elWFr7TW8piilVRYJUe4P,Gabito Ballesteros,6Sbl0NT50roqWvy746MfVf,4,"['3FvTHuefYV6TxE3Kseqno8', '4L1iecYPJR1qc9tz5Zjkw9', '4OLT65TRsOx3Iv1TlCcQVb', '5UHK1rtK4MpBGb0KppIYh4']"
Arijit Singh,4YRxDV8wJFPHPTeXepOstw,Shreyas Puranik,5o36rLQd78Zh8CaT8rn59d,1,['3yHyiUDJdz02FZ6jfUbsmY']
Arijit Singh,4YRxDV8wJFPHPTeXepOstw,Siddharth - Garima,6k6TIai4KyKG1DeIMftSmJ,1,['3yHyiUDJdz02FZ6jfUbsmY']
Shreyas Puranik,5o36rLQd78Zh8CaT8rn59d,Siddharth - Garima,6k6TIai4KyKG1DeIMftSmJ,1,['3yHyiUDJdz02FZ6jfUbsmY']
Peso Pluma,12GqGscKJx3aE4t07u7eVZ,Yng Lvcas,1NNRWkhwmcXRimFYSBpB1y,1,['2UW7JaomAMuX9pZrjVpHAU']
Xavi,3Me35AWHCGqW4sZ7bWWJt1,Tony Aguirre,6twEaJ9RPRYiCmWapjG8xh,1,['1TEKUj8c5iyRNUUxo9SdSD']
Don Omar,33ScadVnbm2X8kkUqOkC6Z,Lucenzo,5bv5RplEOwdCvhq0EILh9E,1,['2a1o6ZejUi8U3wzzOtCOYw']
Grupo Marca Registrada,1gW6pz5n1aK249L0GvfQCC,Eugenio Esquivel,5HeN1Iza4nZe03sFlonddz,1,['6ED7qim1NAX1HjNU8039WS']
Sebastian Esquivel,1tuNNda2SSH3o4lUms5K6C,Eugenio Esquivel,5HeN1Iza4nZe03sFlonddz,1,['6ED7qim1NAX1HjNU8039WS']
Los Esquivel,4ZdPHdArIbz2GSBXkozQYC,Eugenio Esquivel,5HeN1Iza4nZe03sFlonddz,1,['6ED7qim1NAX1HjNU8039WS']
Grupo Marca Registrada,1gW6pz5n1aK249L0GvfQCC,Sebastian Esquivel,1tuNNda2SSH3o4lUms5K6C,1,['6ED7qim1NAX1HjNU8039WS']
Grupo Marca Registrada,1gW6pz5n1aK249L0GvfQCC,Los Esquivel,4ZdPHdArIbz2GSBXkozQYC,1,['6ED7qim1NAX1HjNU8039WS']
Sebastian Esquivel,1tuNNda2SSH3o4lUms5K6C,Los Esquivel,4ZdPHdArIbz2GSBXkozQYC,1,['6ED7qim1NAX1HjNU8039WS']
Drake,3TVXtAsR1Inumwj472S9r4,Wizkid,3tVQdUvClmAT7URs9V3rsp,1,['1zi7xx7UVEFkmKfv06H8x0']
Drake,3TVXtAsR1Inumwj472S9r4,Kyla,6TK7fjRPdy2GW2pJzNF23L,1,['1zi7xx7UVEFkmKfv06H8x0']
Wizkid,3tVQdUvClmAT7URs9V3rsp,Kyla,6TK7fjRPdy2GW2pJzNF23L,1,['1zi7xx7UVEFkmKfv06H8x0']
Simone Mendes,2eK9gcJQ6uqVvJL63dnOM3,Guilherme & Benuto,6m6e7D2TnV0aYMllFFwMxu,1,['7DkhndGTKaqkFxxKN7XlAh']
Lana Del Rey,00FQb4jTyendYWaN8pK0wa,The Weeknd,1Xyo4u8uXC1ZmMpatF05PJ,1,['5gDWsRxpJ2lZAffh5p7K0w']
FMK,0dUyjgCyjfj5eMx6bX2TWf,Big One,2OhUNb01gLwygOizYvTm0e,1,['3tiJUOfAEqIrLFRQgGgdoY']
Ke Personajes,06Q5VlSAku57lFzyME3HrM,Big One,2OhUNb01gLwygOizYvTm0e,1,['3tiJUOfAEqIrLFRQgGgdoY']
Ke Personajes,06Q5VlSAku57lFzyME3HrM,FMK,0dUyjgCyjfj5eMx6bX2TWf,1,['3tiJUOfAEqIrLFRQgGgdoY']
The Weeknd,1Xyo4u8uXC1ZmMpatF05PJ,Ariana Grande,66CXWjxzNUsdJxJ2JdwvnR,2,"['1oFAF1hdPOickyHgbuRjyX', '4W4fNrZYkobj539TOWsLO2']"
Ke Personajes,06Q5VlSAku57lFzyME3HrM,Grupo Frontera,6XkjpgcEsYab502Vr1bBeW,1,['11PV8CaPqlto9Uejx92C35']
Central Cee,5H4yInM5zmHqpKIoMNAx4r,Dave,6Ip8FS7vWT1uKkJSweANQK,1,['2FDTHlrBguDzQkp7PVj16Q']
Kanye West,5K4W6rqBFWDnAN6FQUkS6x,Dwele,7u6LfVyYpEzMpHLL7jTyvU,1,['5TRPicyLGbAF2LGBFbHGvO']
Drake,3TVXtAsR1Inumwj472S9r4,J. Cole,6l3HvQ5sa6mXTsMTB19rO5,1,['7aqfrAY2p9BUSiupwk3svU']
Luan Pereira,5kVgcCdPbeUwxBqWxi2Ktl,MC Ryan SP,75i9GaW2MJUgt4BkdUnuUY,1,['3XIXklO3e0uWUAUkOR7NLI']
Luan Pereira,5kVgcCdPbeUwxBqWxi2Ktl,Mc Daniel,6YzSM19LzpLH0nVKKU6Jsy,2,"['3XIXklO3e0uWUAUkOR7NLI', '6P1mkNAmgihFwFRBhpaev3']"
Mc Daniel,6YzSM19LzpLH0nVKKU6Jsy,MC Ryan SP,75i9GaW2MJUgt4BkdUnuUY,1,['3XIXklO3e0uWUAUkOR7NLI']
Shakira,0EmeFodog0BfCgMzAIvKQp,KAROL G,790FomKkXshlbRYZFtlgla,1,['0DWdj2oZMBFSzRsi2Cvfzf']
Khalid,6LuN9FCkKOj5PcnpouEgny,Billie Eilish,6qqNVTkY8uBg9cP3Jd7DAH,1,['0u2P5u6lvoDfwTYjAADbn4']
Juice WRLD,4MCBfE4596Uoi2O4DtmEMz,Eminem,7dGJo4pcD2V6oG8kP0tJRR,2,"['3ip0jk1C5jIBYTyHNX0dWm', '7FIWs0pqAYbP91WWM0vlTQ']"
Emilia,0AqlFI0tz2DsEoJlKSIiT9,TINI,7vXDAI8JwjW531ouMGbfcp,1,['6Es8Sk3xe1HiJ2MXCfHHwR']
L.V.,2LhsePRtgCo4THVKULQBL7,Coolio,3y24n3XhZ96wgwRXjvS17T,1,['1DIXPcTDzTj8ZMHt3PDt8p']
Chencho Corleone,37230BxxYs9ksS7OkZw3IU,Bad Bunny,4q3ewBCX7sLwd24euuV69X,1,['6Sq7ltF9Qa7SNFBsV5Cogx']
Pusha T,0ONHkAv9pCAFxb0zJwDNTy,Kanye West,5K4W6rqBFWDnAN6FQUkS6x,1,['3DK6m7It6Pw857FcQftMds']
Yeri Mua,2Atk4SWx7daQtItQBa735M,Uzielito Mix,7wgrXbrp9RJQMri26GZgyH,1,['1Aa54YEL20kiDPI6f4XGdS']
El Jordan 23,1fIJZfSmqQkuqfKNRmrS1V,Uzielito Mix,7wgrXbrp9RJQMri26GZgyH,1,['1Aa54YEL20kiDPI6f4XGdS']
Dj Kiire,1jwYIyylx1XF15nbiPtLdu,Uzielito Mix,7wgrXbrp9RJQMri26GZgyH,1,['1Aa54YEL20kiDPI6f4XGdS']
El Jordan 23,1fIJZfSmqQkuqfKNRmrS1V,Yeri Mua,2Atk4SWx7daQtItQBa735M,1,['1Aa54YEL20kiDPI6f4XGdS']
Dj Kiire,1jwYIyylx1XF15nbiPtLdu,Yeri Mua,2Atk4SWx7daQtItQBa735M,1,['1Aa54YEL20kiDPI6f4XGdS']
El Jordan 23,1fIJZfSmqQkuqfKNRmrS1V,Dj Kiire,1jwYIyylx1XF15nbiPtLdu,1,['1Aa54YEL20kiDPI6f4XGdS']
DJ Ws da Igrejinha,0NB5wv4kn6A919CLHUKRmk,Tropa do Bruxo,4s3lxX76LwxzMdQEAFYdzv,1,['00ZKeP47bZtswtANkvxz2j']
SMU,2qATSoNFfzMaTEZFfJpG4c,Tropa do Bruxo,4s3lxX76LwxzMdQEAFYdzv,1,['00ZKeP47bZtswtANkvxz2j']
Triz,4ACGdFl6mPI3lntaYef1gc,Tropa do Bruxo,4s3lxX76LwxzMdQEAFYdzv,1,['00ZKeP47bZtswtANkvxz2j']
Mc Menor Thalis,3qjoOrsHcxhgKyBsh4ZOEn,Tropa do Bruxo,4s3lxX76LwxzMdQEAFYdzv,1,['00ZKeP47bZtswtANkvxz2j']
DJ Ws da Igrejinha,0NB5wv4kn6A919CLHUKRmk,SMU,2qATSoNFfzMaTEZFfJpG4c,1,['00ZKeP47bZtswtANkvxz2j']
DJ Ws da Igrejinha,0NB5wv4kn6A919CLHUKRmk,Triz,4ACGdFl6mPI3lntaYef1gc,1,['00ZKeP47bZtswtANkvxz2j']
DJ Ws da Igrejinha,0NB5wv4kn6A919CLHUKRmk,Mc Menor Thalis,3qjoOrsHcxhgKyBsh4ZOEn,1,['00ZKeP47bZtswtANkvxz2j']
SMU,2qATSoNFfzMaTEZFfJpG4c,Triz,4ACGdFl6mPI3lntaYef1gc,1,['00ZKeP47bZtswtANkvxz2j']
SMU,2qATSoNFfzMaTEZFfJpG4c,Mc Menor Thalis,3qjoOrsHcxhgKyBsh4ZOEn,1,['00ZKeP47bZtswtANkvxz2j']
Mc Menor Thalis,3qjoOrsHcxhgKyBsh4ZOEn,Triz,4ACGdFl6mPI3lntaYef1gc,1,['00ZKeP47bZtswtANkvxz2j']
Metro Boomin,0iEtIxbK0KxaSlF7G42ZOp,Future,1RyvyyTE3xzB2ZywiAwp0i,31,"['0SdpzQRdK8BdSV57rn6AZZ', '0cGn4vxyoBftN61XUv2aQk', '0hKtu53OlIFXVuYkZwcn3o', '0lOQaZwX9AkAiSvObh4G70', '1pnDvUuAEd6z8bKEsbAjk1', '1xwvjqcwflD2NEqRCNcCo2', '28drn6tQo95MRvO0jQEo5C', '28xOPIPw0joNPwYd0asIT5', '2BOpFmZQ89Rjm2wvmud1MU', '2GLWhy9iiO1wrLUF5l4FtJ', '2Hh3ETdQKrmSI3QS0hme7g', '2tudvzsrR56uom6smgOcSf', '30TcFxtFyju8isK6Hjo9KY', '3OxL6MuctgZp1e0zxoAZhH', '3Vg7nPYlOrCkcV1abKbRQ1', '4Dx4e0X5dR6TW85dtFU42x', '4XF9fk0STp9hx8xn5Suwpz', '4k8XSN1nCJ0rMf4OKF3zEz', '4q7y1JFDBJSBSLqXVgcI51', '57ELn9TPDIhrpl0dasS465', '5imsnhkfPCm3wajS9ksb21', '5pF8pF6U8ZDGTQmTY71hYn', '5sOsYuB0SfyKzAeW3BXHjq', '6Gf8Op8esgwchp44p1tIDp', '6J9ULUfgdVZfWnofbtLkfh', '6c0rii1TOf2fvq3hhqqExW', '70ToiXlzl8N1EgfC07ZcZE', '72qABvaqn3TP6drO2tByA6', '7nQXU7lu0RhVOSmsa3teKj', '7pBcryEKcUEaWHwAu1wUyP', '7sVbKoBdhXtYCEOO6qC1SN']"
Metro Boomin,0iEtIxbK0KxaSlF7G42ZOp,Don Toliver,4Gso3d4CscCijv0lmajZWs,1,['2Hh3ETdQKrmSI3QS0hme7g']
Future,1RyvyyTE3xzB2ZywiAwp0i,Don Toliver,4Gso3d4CscCijv0lmajZWs,1,['2Hh3ETdQKrmSI3QS0hme7g']
Travis Scott,0Y5tJX1MQlPlqiwlOH1tJY,Metro Boomin,0iEtIxbK0KxaSlF7G42ZOp,4,"['0hKtu53OlIFXVuYkZwcn3o', '28drn6tQo95MRvO0jQEo5C', '2yUzr8Sr6ldG8vmHhZwTnz', '5wG3HvLhF6Y5KTGlK0IW3J']"
Metro Boomin,0iEtIxbK0KxaSlF7G42ZOp,Young Thug,50co4Is1HCEo8bhOyUWKpn,2,"['47yD0e9MCRIB8dgUXPfyW3', '5wG3HvLhF6Y5KTGlK0IW3J']"
Travis Scott,0Y5tJX1MQlPlqiwlOH1tJY,Young Thug,50co4Is1HCEo8bhOyUWKpn,2,"['0uFz9q2SvuKyWB6Ur1YCfI', '5wG3HvLhF6Y5KTGlK0IW3J']"
Stephen Sanchez,5XKFrudbV4IiuE5WuTPRmT,Em Beihold,7o2ZQYM7nTsaVdkXY38UAA,1,['1Y3LN4zO1Edc2EluIoSPJN']
Jay Rock,28ExwzUQsvgJooOI0X1mr3,Kendrick Lamar,2YZyLoL8N0Wb9xBt1NhZWg,1,['2HbKqm4o0w5wEeEFXm2sD4']
Justin Bieber,1uNFoZAHBGtllmzznpCI3s,DJ Snake,540vIaP2JwjQb9dm3aArA4,1,['0lYBSQXN6rCTvUZvg9S0lU']
Coldplay,4gzpq5DPGxSnKTe4SA8HAU,The Chainsmokers,69GGBxA162lTqCwzJG5jLp,1,['6RUKPb4LETWmmr3iAEQktW']
21 Savage,1URnnhqYAYcrqrcwql10ft,Drake,3TVXtAsR1Inumwj472S9r4,2,"['3F5CgOj3wFlRv51JsHbxhe', '4VQO1UdVIecQqB49PlANHz']"
Marvin Gaye,3koiLjNrgRTNbOwViDipeA,Tammi Terrell,75jNCko3SnEMI5gwGqrbb8,1,['7tqhbajSfrz2F7E1Z75ASX']
Rihanna,5pKCCKE2ajJHZ9KAiaK11H,Eminem,7dGJo4pcD2V6oG8kP0tJRR,1,['15JINEqzVMv3SvJTAXAKED']
Young Miko,3qsKSpcV3ncke3hw52JSMB,Bizarrap,716NhGYqD1jl2wI1Qkgq36,1,['6VciS3dRMpZhJiDxT8ArFi']
Mesita,2IKdK6PbitvCiXt1t2bPU6,Nicki Nicole,2UZIAOlrnyZmyzt1nuXr9y,1,['1kqH58eGh2ZTOHwqBIB2tM']
Mesita,2IKdK6PbitvCiXt1t2bPU6,Tiago PZK,5Y3MV9DZ0d87NnVm56qSY1,1,['1kqH58eGh2ZTOHwqBIB2tM']
Emilia,0AqlFI0tz2DsEoJlKSIiT9,Mesita,2IKdK6PbitvCiXt1t2bPU6,1,['1kqH58eGh2ZTOHwqBIB2tM']
Nicki Nicole,2UZIAOlrnyZmyzt1nuXr9y,Tiago PZK,5Y3MV9DZ0d87NnVm56qSY1,1,['1kqH58eGh2ZTOHwqBIB2tM']
Emilia,0AqlFI0tz2DsEoJlKSIiT9,Nicki Nicole,2UZIAOlrnyZmyzt1nuXr9y,1,['1kqH58eGh2ZTOHwqBIB2tM']
Emilia,0AqlFI0tz2DsEoJlKSIiT9,Tiago PZK,5Y3MV9DZ0d87NnVm56qSY1,2,"['0c82YIGpQ5dCaXpTNCk4sb', '1kqH58eGh2ZTOHwqBIB2tM']"
Gaby Music,1r3tpVQ08jFAA2P4xzV5o4,Lunay,47MpMsUfWtgyIIBEFOr4FE,1,['3Cx4BsDd4q0GCVBJ5CAw2K']
Gaby Music,1r3tpVQ08jFAA2P4xzV5o4,Luar La L,4axKuDPr6WKcDCyh8vueTY,1,['3Cx4BsDd4q0GCVBJ5CAw2K']
Lunay,47MpMsUfWtgyIIBEFOr4FE,Luar La L,4axKuDPr6WKcDCyh8vueTY,1,['3Cx4BsDd4q0GCVBJ5CAw2K']
Travis Scott,0Y5tJX1MQlPlqiwlOH1tJY,21 Savage,1URnnhqYAYcrqrcwql10ft,1,['2yUzr8Sr6ldG8vmHhZwTnz']
21 Savage,1URnnhqYAYcrqrcwql10ft,Doja Cat,5cj0lLjcoR7YOSnhnX0Po5,1,['6x9pCndnXEoea0CMcfjs9W']
21 Savage,1URnnhqYAYcrqrcwql10ft,Young Thug,50co4Is1HCEo8bhOyUWKpn,2,"['47yD0e9MCRIB8dgUXPfyW3', '4VQO1UdVIecQqB49PlANHz']"
21 Savage,1URnnhqYAYcrqrcwql10ft,Lil Durk,3hcs9uc56yIGFCSy9leWe7,1,['0fyP96TikhD9sM4eKqw5Yp']
Metro Boomin,0iEtIxbK0KxaSlF7G42ZOp,Lil Durk,3hcs9uc56yIGFCSy9leWe7,1,['0fyP96TikhD9sM4eKqw5Yp']
Peso Pluma,12GqGscKJx3aE4t07u7eVZ,Kali Uchis,1U1el3k54VvEUzo3ybLPlM,1,['6XaJfhwof7qIgbbXO5tIQI']
21 Savage,1URnnhqYAYcrqrcwql10ft,Brent Faiyaz,3tlXnStJ1fFhdScmQeLpuG,1,['4Xzq2WibDHR5Eufi21HlEZ']
21 Savage,1URnnhqYAYcrqrcwql10ft,Summer Walker,57LYzLEk2LcFghVwuWbcuS,1,['5wttBUDyaHAR5q9fYnN3YF']
21 Savage,1URnnhqYAYcrqrcwql10ft,Burna Boy,3wcj11K77LjEY1PkEazffa,1,['5KI7I4mEtulXcv5VQJaV35']
Metro Boomin,0iEtIxbK0KxaSlF7G42ZOp,Burna Boy,3wcj11K77LjEY1PkEazffa,1,['5KI7I4mEtulXcv5VQJaV35']
21 Savage,1URnnhqYAYcrqrcwql10ft,Tommy Newport,7FvQR6QFfXmW18dyMqnHvv,1,['4yLyVdEqV790aIXyGif85v']
21 Savage,1URnnhqYAYcrqrcwql10ft,Mikky Ekko,1buzCmyYZE4kcdLRudsb8V,1,['4yLyVdEqV790aIXyGif85v']
Mikky Ekko,1buzCmyYZE4kcdLRudsb8V,Tommy Newport,7FvQR6QFfXmW18dyMqnHvv,1,['4yLyVdEqV790aIXyGif85v']
21 Savage,1URnnhqYAYcrqrcwql10ft,Mariah the Scientist,7HO5fOXE4gh3lzZn64tX2E,1,['02Cp3VTUWNed8hr69BhKz6']
Oscar Ortiz,0FvHxb8a4I0A2i8jKCsFei,Edgardo Nuñez,0mA4dkNGiN4fqTBi2SLlAv,1,['3QQAeMQbbjZXVFbF8DgFWT']
Travis Scott,0Y5tJX1MQlPlqiwlOH1tJY,Kid Cudi,0fA0VVWsXO9YnASrzqfmYu,1,['2Adxpr1j5lSihOCsmIfflJ']
Maroon 5,04gDigrS5kc9YWfZHwBETP,Wiz Khalifa,137W8MRPWKqSmrBGDBFSop,1,['1XGmzt0PVuFgQYYnV2It7A']
Noah Kahan,2RQXRUsr4IW1f3mKyKsy4B,Sam Fender,6zlR5ttMfMNmwf2lecU9Cc,1,['2l7UudWZ44l1WbHx6ANod9']
Kygo,23fqKkggKUBHNkbKtXEls4,Ava Max,4npEfmQ6YuiwW1GpUmaq3F,1,['4rTPLtqJxa4UtCBkdMwSp6']
Rauw Alejandro,1mcTU81TzQhprhouKaTkpq,Eladio Carrion,5XJDexmWFLWOkjOEjOVX3e,1,['5QtB74eCS2YzHvEfSlh8MG']
Milo j,19HM5j0ULGSmEoRcrSe5x3,Eladio Carrion,5XJDexmWFLWOkjOEjOVX3e,1,['3vP62cjz1b4QvUS5vSyEVY']
Norma Jean Martine,2fsk4VlJdNF6G8cCMDrrzB,Ofenbach,4AKwRarlmsUlLjIwt38NLw,1,['3bK1zVFBKIzYjmptmI4NsJ']
Luck Ra,4kcQWQDK0u9AftVSpdrAgk,KHEA,4m6ubhNsdwF4psNf3R8kwR,1,['7JKptWv4YXmievid0HajID']
Jubin Nautiyal,1tqysapcCh1lWEAc9dIFpa,Payal Dev,6FtZhorjCMfkaVJ7kKdmq7,1,['4afA2YQlZfYzJbfnNoNknK']
Jubin Nautiyal,1tqysapcCh1lWEAc9dIFpa,Manoj Muntashir,4cAERazLlAzVGA10ORWaUP,1,['4afA2YQlZfYzJbfnNoNknK']
Manoj Muntashir,4cAERazLlAzVGA10ORWaUP,Payal Dev,6FtZhorjCMfkaVJ7kKdmq7,1,['4afA2YQlZfYzJbfnNoNknK']
Christian Nodal,0XwVARXT135rw8lyw1EeWP,Peso Pluma,12GqGscKJx3aE4t07u7eVZ,1,['05tGmdz9dVZ4yGqz4YJdPK']
Blessd,1TA5sGRlKUJXBN4ZyJuDIX,Feid,2LRoIwlKmHjgvigdNGBHNo,2,"['3mg9jYNC1NihbthlglzrWP', '7chTH3GBjjAyagf0SPCZDL']"
Blake Roman,18p5uhOP0T6w7EwYy389ej,Sam Haft,3osxpNwDgRAPs3aZZNsdV8,2,"['6ZXL1A1BVshe1JZ1IY734k', '7sRz3vO2bEMhZGEkjnfMxb']"
Blake Roman,18p5uhOP0T6w7EwYy389ej,Andrew Underberg,4zXroEby35IgWPERRcW4Ay,2,"['6ZXL1A1BVshe1JZ1IY734k', '7sRz3vO2bEMhZGEkjnfMxb']"
Sam Haft,3osxpNwDgRAPs3aZZNsdV8,Andrew Underberg,4zXroEby35IgWPERRcW4Ay,2,"['6ZXL1A1BVshe1JZ1IY734k', '7sRz3vO2bEMhZGEkjnfMxb']"
Keith David,1LPgqTHt7RmHwYtS9KQTMY,Andrew Underberg,4zXroEby35IgWPERRcW4Ay,1,['7sRz3vO2bEMhZGEkjnfMxb']
Keith David,1LPgqTHt7RmHwYtS9KQTMY,Sam Haft,3osxpNwDgRAPs3aZZNsdV8,1,['7sRz3vO2bEMhZGEkjnfMxb']
Blake Roman,18p5uhOP0T6w7EwYy389ej,Keith David,1LPgqTHt7RmHwYtS9KQTMY,1,['7sRz3vO2bEMhZGEkjnfMxb']
Tayson Kryss,3aIuAAH6qMvKYrtxxF7FF7,TWENTY SIX,6C2mFGFh8dz1vKp9l5Ce8P,1,['6vsKOJPjdxlYgRs8McgtCQ']
Michelangelo,1K7IC4qha4KEXySo6yZmnH,Geolier,27LlKWxS3KXW7RRAxN5S8s,1,['3j1453KrdHjw7y4gnBj7nF']
¥$,4xPQFgDA5M2xa0ZGo5iIsv,Kanye West,5K4W6rqBFWDnAN6FQUkS6x,24,"['04CyMEHliadfQWMUJb1w99', '1AIbZL0CDlzTJ1Bv4kBP4G', '1eThXFmkENeSkdeLO8S86F', '1eaqMiiUn2P7MnqJK4XeK0', '1icgLGTpX2fQXKRe4D7w2b', '249MAyb50uYCBMck0hSpz3', '27N2bd3ait2QOnprc4seCK', '2iGvsJuc2mC4mDVOVMNAP6', '2y4ZR0BUAVePljHSsZyIgj', '2yyO7EKRr7c3txi4xCXUFk', '347AQK5Lyhn6RvB8tBGYxt', '3SIRBp4RRQ2AO5H4NO7xfq', '3w0w2T288dec0mgeZZqoNN', '4hm8BZ7nLceFNZUexWTxx4', '4ihV1wv7QmjbkLHaT9lA4s', '51Ku9WXBmDgg9Ni5jg5kuR', '5GtUTcvOx52F5648wXQfc7', '5tEaVciE2GnR28aN6W9cLS', '5v1yAVGillOAN3yqJ6pmPL', '6J4rRj2uVfziGMyfrPEPLo', '6UrsyvM8b3RMperY8vybgK', '7Lfwb4IjZiNYGuqtP65kIc', '7hVb3OyFkgxDgpTdrOX6dT', '7vv89PswQvqGKCGJ1rw5on']"
¥$,4xPQFgDA5M2xa0ZGo5iIsv,Ty Dolla $ign,7c0XG5cIJTrrAgEC3ULPiq,24,"['04CyMEHliadfQWMUJb1w99', '1AIbZL0CDlzTJ1Bv4kBP4G', '1eThXFmkENeSkdeLO8S86F', '1eaqMiiUn2P7MnqJK4XeK0', '1icgLGTpX2fQXKRe4D7w2b', '249MAyb50uYCBMck0hSpz3', '27N2bd3ait2QOnprc4seCK', '2iGvsJuc2mC4mDVOVMNAP6', '2y4ZR0BUAVePljHSsZyIgj', '2yyO7EKRr7c3txi4xCXUFk', '347AQK5Lyhn6RvB8tBGYxt', '3SIRBp4RRQ2AO5H4NO7xfq', '3w0w2T288dec0mgeZZqoNN', '4hm8BZ7nLceFNZUexWTxx4', '4ihV1wv7QmjbkLHaT9lA4s', '51Ku9WXBmDgg9Ni5jg5kuR', '5GtUTcvOx52F5648wXQfc7', '5tEaVciE2GnR28aN6W9cLS', '5v1yAVGillOAN3yqJ6pmPL', '6J4rRj2uVfziGMyfrPEPLo', '6UrsyvM8b3RMperY8vybgK', '7Lfwb4IjZiNYGuqtP65kIc', '7hVb3OyFkgxDgpTdrOX6dT', '7vv89PswQvqGKCGJ1rw5on']"
¥$,4xPQFgDA5M2xa0ZGo5iIsv,North West,66rjOK4tYnREw2hPQv7t56,1,['6J4rRj2uVfziGMyfrPEPLo']
Kanye West,5K4W6rqBFWDnAN6FQUkS6x,Ty Dolla $ign,7c0XG5cIJTrrAgEC3ULPiq,40,"['04CyMEHliadfQWMUJb1w99', '0Tgm7wkLb0AfAHAZDschvD', '1AIbZL0CDlzTJ1Bv4kBP4G', '1eThXFmkENeSkdeLO8S86F', '1eaqMiiUn2P7MnqJK4XeK0', '1icgLGTpX2fQXKRe4D7w2b', '1ty0at2tUKqMGTyYbJ43eL', '1tz4np70ZKhzaXjdgl0J8i', '249MAyb50uYCBMck0hSpz3', '27N2bd3ait2QOnprc4seCK', '2iGvsJuc2mC4mDVOVMNAP6', '2y4ZR0BUAVePljHSsZyIgj', '2yyO7EKRr7c3txi4xCXUFk', '347AQK5Lyhn6RvB8tBGYxt', '3IoAMvGFYzM05B64h7qmdf', '3SIRBp4RRQ2AO5H4NO7xfq', '3aZSvXuZt8ymQeixzFQM9W', '3jAI9AAHIlyKito0eQme91', '3qnbLYCLzKvGIQXFyopS2H', '3w0w2T288dec0mgeZZqoNN', '4202KkXGtULRsbRocWSw09', '4E3XDKil4ElJt6sXuz5cc6', '4YSa8VQxjzsski1DOsvkHH', '4hm8BZ7nLceFNZUexWTxx4', '4ihV1wv7QmjbkLHaT9lA4s', '4m4BHvDfzIgj5LbQLuFiIp', '51Ku9WXBmDgg9Ni5jg5kuR', '5GtUTcvOx52F5648wXQfc7', '5rlXuCLnMdfo85079qXHoz', '5tEaVciE2GnR28aN6W9cLS', '5v1yAVGillOAN3yqJ6pmPL', '6J4rRj2uVfziGMyfrPEPLo', '6OON4kMjTFqARMFrRbmlwy', '6UrsyvM8b3RMperY8vybgK', '6soQZdONN0ZsQ9hZ6Pkef4', '71MzcOebEC5KoWBbzvFPkj', '7DPUuTaTZCtQ6o4Xx00qzT', '7Lfwb4IjZiNYGuqtP65kIc', '7hVb3OyFkgxDgpTdrOX6dT', '7vv89PswQvqGKCGJ1rw5on']"
Kanye West,5K4W6rqBFWDnAN6FQUkS6x,North West,66rjOK4tYnREw2hPQv7t56,1,['6J4rRj2uVfziGMyfrPEPLo']
North West,66rjOK4tYnREw2hPQv7t56,Ty Dolla $ign,7c0XG5cIJTrrAgEC3ULPiq,1,['6J4rRj2uVfziGMyfrPEPLo']
LUDMILLA,3CDoRporvSjdzTrm99a3gi,Ivete Sangalo,7dzq55YG3wjViqexDwiycQ,1,['6eJUG282cUKuIoa72sEsqO']
Parangolé,2v5eqze59fqRes2e5QVGhf,Léo Santana,7KVJCU4z5L4EUHILL8aMxR,1,['6fcQIY5VSFNrK4YzDoljPQ']
AgroPlay,0uGWkZRPp1Urk77XBrPBsZ,Ana Castela,2CKOmarVWvWqkNWUatHCex,1,['6GmyQws2xpUFIN5dXBNTrl']
AgroPlay,0uGWkZRPp1Urk77XBrPBsZ,LUDMILLA,3CDoRporvSjdzTrm99a3gi,1,['6GmyQws2xpUFIN5dXBNTrl']
Ana Castela,2CKOmarVWvWqkNWUatHCex,LUDMILLA,3CDoRporvSjdzTrm99a3gi,1,['6GmyQws2xpUFIN5dXBNTrl']
TR,2CotyFTVKWR1jJLPTrrjdu,Mc Menor RV,5MH9v8KacsyTetJmnrAO1W,1,['4sAoshwHCmh4IHMQxZHwRD']
Tropa da W&S,1APqNiQUA2XpwLEbywSWmZ,TR,2CotyFTVKWR1jJLPTrrjdu,1,['4sAoshwHCmh4IHMQxZHwRD']
Tropa da W&S,1APqNiQUA2XpwLEbywSWmZ,Mc Menor RV,5MH9v8KacsyTetJmnrAO1W,1,['4sAoshwHCmh4IHMQxZHwRD']
USHER,23zg3TcAtWQy7J6upgbUnj,Lil Jon,7sfl4Xt5KmfyDs2T3SVSMK,1,['5rb9QrpfcKFHM1EUbSIurX']
USHER,23zg3TcAtWQy7J6upgbUnj,Ludacris,3ipn9JLAPI5GUEo4y4jcoi,1,['5rb9QrpfcKFHM1EUbSIurX']
Ludacris,3ipn9JLAPI5GUEo4y4jcoi,Lil Jon,7sfl4Xt5KmfyDs2T3SVSMK,1,['5rb9QrpfcKFHM1EUbSIurX']
Cris Mj,1Yj5Xey7kTwvZla8sqdsdE,FloyyMenor,7CvTknweLr9feJtRGrpDBy,2,"['2esZG2XFtuoWWA9AfDvSxy', '6PhRhocBXP4y7NpciGmzra']"
Pitbull,0TnOYISbd1XYRBk9myaseg,USHER,23zg3TcAtWQy7J6upgbUnj,1,['4356Typ82hUiFAynbLYbPn']
USHER,23zg3TcAtWQy7J6upgbUnj,Alicia Keys,3DiDSECUqqY1AuBP8qtaIa,1,['68vgtRHr7iZHpzGpon6Jlo']
Rich The Kid,1pPmIToKXyGdsCF6LmqLmI,¥$,4xPQFgDA5M2xa0ZGo5iIsv,1,['3w0w2T288dec0mgeZZqoNN']
¥$,4xPQFgDA5M2xa0ZGo5iIsv,Playboi Carti,699OTQXzgjhIYAHMy9RyPD,1,['3w0w2T288dec0mgeZZqoNN']
Rich The Kid,1pPmIToKXyGdsCF6LmqLmI,Kanye West,5K4W6rqBFWDnAN6FQUkS6x,1,['3w0w2T288dec0mgeZZqoNN']
Kanye West,5K4W6rqBFWDnAN6FQUkS6x,Playboi Carti,699OTQXzgjhIYAHMy9RyPD,1,['3w0w2T288dec0mgeZZqoNN']
Rich The Kid,1pPmIToKXyGdsCF6LmqLmI,Ty Dolla $ign,7c0XG5cIJTrrAgEC3ULPiq,1,['3w0w2T288dec0mgeZZqoNN']
Playboi Carti,699OTQXzgjhIYAHMy9RyPD,Ty Dolla $ign,7c0XG5cIJTrrAgEC3ULPiq,1,['3w0w2T288dec0mgeZZqoNN']
Rich The Kid,1pPmIToKXyGdsCF6LmqLmI,Playboi Carti,699OTQXzgjhIYAHMy9RyPD,1,['3w0w2T288dec0mgeZZqoNN']
Tiësto,2o5jDhtHVPhrJdv3cEQ99Z,KAROL G,790FomKkXshlbRYZFtlgla,1,['4UkUxO2WlKLc0Q1iEutGGh']
Lil Durk,3hcs9uc56yIGFCSy9leWe7,¥$,4xPQFgDA5M2xa0ZGo5iIsv,1,['3SIRBp4RRQ2AO5H4NO7xfq']
Bump J,3L6bhGrHegoci41Jx2nP0V,¥$,4xPQFgDA5M2xa0ZGo5iIsv,1,['3SIRBp4RRQ2AO5H4NO7xfq']
Lil Durk,3hcs9uc56yIGFCSy9leWe7,Kanye West,5K4W6rqBFWDnAN6FQUkS6x,1,['3SIRBp4RRQ2AO5H4NO7xfq']
Bump J,3L6bhGrHegoci41Jx2nP0V,Kanye West,5K4W6rqBFWDnAN6FQUkS6x,1,['3SIRBp4RRQ2AO5H4NO7xfq']
Lil Durk,3hcs9uc56yIGFCSy9leWe7,Ty Dolla $ign,7c0XG5cIJTrrAgEC3ULPiq,1,['3SIRBp4RRQ2AO5H4NO7xfq']
Bump J,3L6bhGrHegoci41Jx2nP0V,Ty Dolla $ign,7c0XG5cIJTrrAgEC3ULPiq,1,['3SIRBp4RRQ2AO5H4NO7xfq']
Bump J,3L6bhGrHegoci41Jx2nP0V,Lil Durk,3hcs9uc56yIGFCSy9leWe7,1,['3SIRBp4RRQ2AO5H4NO7xfq']
Mariah Carey,4iHNK0tOyZPYnBU7nGAgpQ,Ariana Grande,66CXWjxzNUsdJxJ2JdwvnR,2,"['2VkuxjlbnbaBiWYpdBGVol', '5LBv48NNyHsknRYwFWC361']"
Future,1RyvyyTE3xzB2ZywiAwp0i,Yeat,3qiHUAX7zY4Qnjx8TNUzVx,1,['7H3lr9bsPBGFx5NyTuBBGc']
Jairo Vera,5CAruGjgds3QlF5ICtEnnc,Gino Mella,7HYJrA3HSTNDmkl5pylhaY,1,['0e09Q1sQWzAsP2Yo62la9F']
Yandel,0eHQ9o50hj6ZDNBt6Ys1sD,Gino Mella,7HYJrA3HSTNDmkl5pylhaY,1,['0e09Q1sQWzAsP2Yo62la9F']
Lenny Tavárez,1pQWsZQehhS4wavwh7Fnxd,Gino Mella,7HYJrA3HSTNDmkl5pylhaY,1,['0e09Q1sQWzAsP2Yo62la9F']
Best,4Ng3fh1nc5L04iXPL8vqc7,Gino Mella,7HYJrA3HSTNDmkl5pylhaY,1,['0e09Q1sQWzAsP2Yo62la9F']
Yandel,0eHQ9o50hj6ZDNBt6Ys1sD,Jairo Vera,5CAruGjgds3QlF5ICtEnnc,1,['0e09Q1sQWzAsP2Yo62la9F']
Lenny Tavárez,1pQWsZQehhS4wavwh7Fnxd,Jairo Vera,5CAruGjgds3QlF5ICtEnnc,1,['0e09Q1sQWzAsP2Yo62la9F']
Best,4Ng3fh1nc5L04iXPL8vqc7,Jairo Vera,5CAruGjgds3QlF5ICtEnnc,1,['0e09Q1sQWzAsP2Yo62la9F']
Yandel,0eHQ9o50hj6ZDNBt6Ys1sD,Lenny Tavárez,1pQWsZQehhS4wavwh7Fnxd,1,['0e09Q1sQWzAsP2Yo62la9F']
Yandel,0eHQ9o50hj6ZDNBt6Ys1sD,Best,4Ng3fh1nc5L04iXPL8vqc7,1,['0e09Q1sQWzAsP2Yo62la9F']
Lenny Tavárez,1pQWsZQehhS4wavwh7Fnxd,Best,4Ng3fh1nc5L04iXPL8vqc7,1,['0e09Q1sQWzAsP2Yo62la9F']
Nicki Nicole,2UZIAOlrnyZmyzt1nuXr9y,Trueno,2x7PC78TmgqpEIjaGAZ0Oz,1,['0TUW9faHNaBmi89wsYGp9y']
Trueno,2x7PC78TmgqpEIjaGAZ0Oz,Bizarrap,716NhGYqD1jl2wI1Qkgq36,1,['0TUW9faHNaBmi89wsYGp9y']
Trueno,2x7PC78TmgqpEIjaGAZ0Oz,Taiu,5szJHKg5xeUlQ9pTqzdpic,1,['0TUW9faHNaBmi89wsYGp9y']
TATOOL,0shHIQr8VamXbzM66kwGQo,Trueno,2x7PC78TmgqpEIjaGAZ0Oz,1,['0TUW9faHNaBmi89wsYGp9y']
Nicki Nicole,2UZIAOlrnyZmyzt1nuXr9y,Bizarrap,716NhGYqD1jl2wI1Qkgq36,1,['0TUW9faHNaBmi89wsYGp9y']
Nicki Nicole,2UZIAOlrnyZmyzt1nuXr9y,Taiu,5szJHKg5xeUlQ9pTqzdpic,1,['0TUW9faHNaBmi89wsYGp9y']
TATOOL,0shHIQr8VamXbzM66kwGQo,Nicki Nicole,2UZIAOlrnyZmyzt1nuXr9y,1,['0TUW9faHNaBmi89wsYGp9y']
Taiu,5szJHKg5xeUlQ9pTqzdpic,Bizarrap,716NhGYqD1jl2wI1Qkgq36,1,['0TUW9faHNaBmi89wsYGp9y']
TATOOL,0shHIQr8VamXbzM66kwGQo,Bizarrap,716NhGYqD1jl2wI1Qkgq36,1,['0TUW9faHNaBmi89wsYGp9y']
TATOOL,0shHIQr8VamXbzM66kwGQo,Taiu,5szJHKg5xeUlQ9pTqzdpic,1,['0TUW9faHNaBmi89wsYGp9y']
Kendrick Lamar,2YZyLoL8N0Wb9xBt1NhZWg,SZA,7tYKF4w9nC0nq9CsPZTHyP,4,"['0wgOhYnqZKjOHr6bmdz0aN', '2CGNAOSuO1MEFCbBRgUzjd', '3GCdLUSnKSMJhs4Tj6CV3s', '3aSWXU6owkZeVhh94XxEWO']"
Tiësto,2o5jDhtHVPhrJdv3cEQ99Z,Dimitri Vegas & Like Mike,73jBynjsVtofjRpdpRAJGk,1,['09CnYHiZ5jGT1wr1TXJ9Zt']
Dido,2mpeljBig2IXLXRAFO9AAs,Dimitri Vegas & Like Mike,73jBynjsVtofjRpdpRAJGk,1,['09CnYHiZ5jGT1wr1TXJ9Zt']
W&W,2rTo8KIkBTFjQS7VvaKYQ4,Dimitri Vegas & Like Mike,73jBynjsVtofjRpdpRAJGk,1,['09CnYHiZ5jGT1wr1TXJ9Zt']
Dimitri Vegas,2HkAI0YrEcgoR8QdaURqhO,Dimitri Vegas & Like Mike,73jBynjsVtofjRpdpRAJGk,1,['09CnYHiZ5jGT1wr1TXJ9Zt']
Like Mike,4pwXiI7Z5ZStkgKowZyoKi,Dimitri Vegas & Like Mike,73jBynjsVtofjRpdpRAJGk,1,['09CnYHiZ5jGT1wr1TXJ9Zt']
Dido,2mpeljBig2IXLXRAFO9AAs,Tiësto,2o5jDhtHVPhrJdv3cEQ99Z,1,['09CnYHiZ5jGT1wr1TXJ9Zt']
Tiësto,2o5jDhtHVPhrJdv3cEQ99Z,W&W,2rTo8KIkBTFjQS7VvaKYQ4,1,['09CnYHiZ5jGT1wr1TXJ9Zt']
Dimitri Vegas,2HkAI0YrEcgoR8QdaURqhO,Tiësto,2o5jDhtHVPhrJdv3cEQ99Z,1,['09CnYHiZ5jGT1wr1TXJ9Zt']
Tiësto,2o5jDhtHVPhrJdv3cEQ99Z,Like Mike,4pwXiI7Z5ZStkgKowZyoKi,1,['09CnYHiZ5jGT1wr1TXJ9Zt']
Dido,2mpeljBig2IXLXRAFO9AAs,W&W,2rTo8KIkBTFjQS7VvaKYQ4,1,['09CnYHiZ5jGT1wr1TXJ9Zt']
Dimitri Vegas,2HkAI0YrEcgoR8QdaURqhO,Dido,2mpeljBig2IXLXRAFO9AAs,1,['09CnYHiZ5jGT1wr1TXJ9Zt']
Dido,2mpeljBig2IXLXRAFO9AAs,Like Mike,4pwXiI7Z5ZStkgKowZyoKi,1,['09CnYHiZ5jGT1wr1TXJ9Zt']
Dimitri Vegas,2HkAI0YrEcgoR8QdaURqhO,W&W,2rTo8KIkBTFjQS7VvaKYQ4,1,['09CnYHiZ5jGT1wr1TXJ9Zt']
W&W,2rTo8KIkBTFjQS7VvaKYQ4,Like Mike,4pwXiI7Z5ZStkgKowZyoKi,1,['09CnYHiZ5jGT1wr1TXJ9Zt']
Dimitri Vegas,2HkAI0YrEcgoR8QdaURqhO,Like Mike,4pwXiI7Z5ZStkgKowZyoKi,1,['09CnYHiZ5jGT1wr1TXJ9Zt']
Pharrell Williams,2RdwBSPQiwcmiDo9kixcl8,Miley Cyrus,5YGY8feqx7naU7z4HrwZM6,1,['4f9wNNZET9wH7eMBgONd3d']
David Guetta,1Cs0zKBU1kc0i8ypK3B9ai,Galantis,4sTQVOfp9vEMCemLw50sbu,1,['7hdNTegC0TCKKoxB6GTFH3']
Galantis,4sTQVOfp9vEMCemLw50sbu,5 Seconds of Summer,5Rl15oVamLq7FbSb0NNBNy,1,['7hdNTegC0TCKKoxB6GTFH3']
David Guetta,1Cs0zKBU1kc0i8ypK3B9ai,5 Seconds of Summer,5Rl15oVamLq7FbSb0NNBNy,1,['7hdNTegC0TCKKoxB6GTFH3']
Swae Lee,1zNqQNIdeOUZHb8zbZRFMX,French Montana,6vXTefBL93Dj5IqAWq6OTv,1,['3B54sVLJ402zGa6Xm4YGNe']
JAY-Z,3nFkdlSjzX9mRTtwJOzDYB,Beyoncé,6vWDO969PvNqNYHIOW5v0m,1,['0TwBtDAWpkpM3srywFVOV5']
Shakira,0EmeFodog0BfCgMzAIvKQp,Wyclef Jean,7aBzpmFXB4WWpPl2F7RjBe,1,['3ZFTkvIE7kyPt6Nu3PEa7V']
gins&melodies,2WzWSpOB41g3gb78Raj6RK,Hev Abi,4zpGxqF6oI1h3f6Md2v42T,1,['0NJAqnvbF6vzripOB7PclP']
Drake,3TVXtAsR1Inumwj472S9r4,4batz,5fi7lIgJGH3RgUpJYcffQ7,1,['3QS9ZCtoSCJhmaJ7QNXSAS']
Ariana Grande,66CXWjxzNUsdJxJ2JdwvnR,Nonna,6maPmKkdwM4eyhz5O4lbkP,1,['4mHM5d2fK3n8xgymjf92w2']
Pitbull,0TnOYISbd1XYRBk9myaseg,AFROJACK,4D75GcNG95ebPtNvoNVXhz,1,['4QNpBfC0zvjKqPJcyqBy9W']
Pitbull,0TnOYISbd1XYRBk9myaseg,Ne-Yo,21E3waRsmPlU7jZsS13rcj,2,"['2bJvI42r8EF3wxjOuDav4r', '4QNpBfC0zvjKqPJcyqBy9W']"
Pitbull,0TnOYISbd1XYRBk9myaseg,Nayer,1ruutHJcECI7cos2n5TqpO,1,['4QNpBfC0zvjKqPJcyqBy9W']
Ne-Yo,21E3waRsmPlU7jZsS13rcj,AFROJACK,4D75GcNG95ebPtNvoNVXhz,1,['4QNpBfC0zvjKqPJcyqBy9W']
Nayer,1ruutHJcECI7cos2n5TqpO,AFROJACK,4D75GcNG95ebPtNvoNVXhz,1,['4QNpBfC0zvjKqPJcyqBy9W']
Nayer,1ruutHJcECI7cos2n5TqpO,Ne-Yo,21E3waRsmPlU7jZsS13rcj,1,['4QNpBfC0zvjKqPJcyqBy9W']
Natanael Cano,0elWFr7TW8piilVRYJUe4P,Oscar Maydon,3l9G1G9MxH6DaRhwLklaf5,2,"['5LhI8m7n8xlQmNe3b7Rwis', '6KOnLTb1xLfKDAjMC43I76']"
Oscar Maydon,3l9G1G9MxH6DaRhwLklaf5,Gabito Ballesteros,6Sbl0NT50roqWvy746MfVf,1,['1xgWArLVFD1AKsLzftZYc2']
Chino Pacas,2rmkQLzj0k4nZdQehOUByO,Oscar Maydon,3l9G1G9MxH6DaRhwLklaf5,1,['1xgWArLVFD1AKsLzftZYc2']
Chino Pacas,2rmkQLzj0k4nZdQehOUByO,Gabito Ballesteros,6Sbl0NT50roqWvy746MfVf,1,['1xgWArLVFD1AKsLzftZYc2']
Anuel AA,2R21vXR83lH98kGeO99Y66,Pressure 9X19,7MNP6nVHIDvPCRvfCeAJpF,1,['7kSL8RqBe9ySL8tjvSoII0']
YOVNGCHIMI,4aSlfXDn9R60UlbZEboBUy,Pressure 9X19,7MNP6nVHIDvPCRvfCeAJpF,1,['7kSL8RqBe9ySL8tjvSoII0']
CDobleta,2KtMll7bpqySnZhr8wriRE,Pressure 9X19,7MNP6nVHIDvPCRvfCeAJpF,1,['7kSL8RqBe9ySL8tjvSoII0']
Luar La L,4axKuDPr6WKcDCyh8vueTY,Pressure 9X19,7MNP6nVHIDvPCRvfCeAJpF,1,['7kSL8RqBe9ySL8tjvSoII0']
Anuel AA,2R21vXR83lH98kGeO99Y66,YOVNGCHIMI,4aSlfXDn9R60UlbZEboBUy,1,['7kSL8RqBe9ySL8tjvSoII0']
CDobleta,2KtMll7bpqySnZhr8wriRE,Anuel AA,2R21vXR83lH98kGeO99Y66,1,['7kSL8RqBe9ySL8tjvSoII0']
Anuel AA,2R21vXR83lH98kGeO99Y66,Luar La L,4axKuDPr6WKcDCyh8vueTY,1,['7kSL8RqBe9ySL8tjvSoII0']
CDobleta,2KtMll7bpqySnZhr8wriRE,YOVNGCHIMI,4aSlfXDn9R60UlbZEboBUy,1,['7kSL8RqBe9ySL8tjvSoII0']
YOVNGCHIMI,4aSlfXDn9R60UlbZEboBUy,Luar La L,4axKuDPr6WKcDCyh8vueTY,1,['7kSL8RqBe9ySL8tjvSoII0']
CDobleta,2KtMll7bpqySnZhr8wriRE,Luar La L,4axKuDPr6WKcDCyh8vueTY,1,['7kSL8RqBe9ySL8tjvSoII0']
Mc IG,2q9wk5fkeU2C9CgCKdh4AN,Oruam,4yGgbQJMq9orWypwqtdzYT,1,['5tsKgj1Xbk5bL7t3QiPWOR']
Mc Poze do Rodo,28ie4NNTa2VW2QV4Zray8M,Mc IG,2q9wk5fkeU2C9CgCKdh4AN,1,['5tsKgj1Xbk5bL7t3QiPWOR']
Mc IG,2q9wk5fkeU2C9CgCKdh4AN,MC Nego Micha,6SsSYKLEsf8EfDbFAi5GET,1,['5tsKgj1Xbk5bL7t3QiPWOR']
Murillo e LT no Beat,0KcbRunfjZHfwEnEgd1Dy6,Mc IG,2q9wk5fkeU2C9CgCKdh4AN,2,"['3kBYuWrGtx1tSHjzr0vlZh', '5tsKgj1Xbk5bL7t3QiPWOR']"
Oruam,4yGgbQJMq9orWypwqtdzYT,MC Ryan SP,75i9GaW2MJUgt4BkdUnuUY,1,['5tsKgj1Xbk5bL7t3QiPWOR']
Mc Poze do Rodo,28ie4NNTa2VW2QV4Zray8M,MC Ryan SP,75i9GaW2MJUgt4BkdUnuUY,1,['5tsKgj1Xbk5bL7t3QiPWOR']
MC Nego Micha,6SsSYKLEsf8EfDbFAi5GET,MC Ryan SP,75i9GaW2MJUgt4BkdUnuUY,1,['5tsKgj1Xbk5bL7t3QiPWOR']
Murillo e LT no Beat,0KcbRunfjZHfwEnEgd1Dy6,MC Ryan SP,75i9GaW2MJUgt4BkdUnuUY,1,['5tsKgj1Xbk5bL7t3QiPWOR']
MC PH,4PLdCloYxu2bMKfuuB9lI5,Oruam,4yGgbQJMq9orWypwqtdzYT,1,['5tsKgj1Xbk5bL7t3QiPWOR']
Mc Poze do Rodo,28ie4NNTa2VW2QV4Zray8M,Oruam,4yGgbQJMq9orWypwqtdzYT,1,['5tsKgj1Xbk5bL7t3QiPWOR']
Oruam,4yGgbQJMq9orWypwqtdzYT,MC GP,5s27i7oqhNWIcE4HeoVdq0,1,['5tsKgj1Xbk5bL7t3QiPWOR']
TrapLaudo,39QiJaZ1HzRcpY9xlMKCsF,Oruam,4yGgbQJMq9orWypwqtdzYT,1,['5tsKgj1Xbk5bL7t3QiPWOR']
Mc Luki,3I44LJGCaI0gSPPz3n16xn,Oruam,4yGgbQJMq9orWypwqtdzYT,1,['5tsKgj1Xbk5bL7t3QiPWOR']
Oruam,4yGgbQJMq9orWypwqtdzYT,MC GH do 7,5XUMgbLR3zyRPesnTQY31C,1,['5tsKgj1Xbk5bL7t3QiPWOR']
Oruam,4yGgbQJMq9orWypwqtdzYT,MC Nego Micha,6SsSYKLEsf8EfDbFAi5GET,1,['5tsKgj1Xbk5bL7t3QiPWOR']
Murillo e LT no Beat,0KcbRunfjZHfwEnEgd1Dy6,Oruam,4yGgbQJMq9orWypwqtdzYT,1,['5tsKgj1Xbk5bL7t3QiPWOR']
Mc Poze do Rodo,28ie4NNTa2VW2QV4Zray8M,MC PH,4PLdCloYxu2bMKfuuB9lI5,1,['5tsKgj1Xbk5bL7t3QiPWOR']
MC PH,4PLdCloYxu2bMKfuuB9lI5,MC Nego Micha,6SsSYKLEsf8EfDbFAi5GET,1,['5tsKgj1Xbk5bL7t3QiPWOR']
Murillo e LT no Beat,0KcbRunfjZHfwEnEgd1Dy6,MC PH,4PLdCloYxu2bMKfuuB9lI5,1,['5tsKgj1Xbk5bL7t3QiPWOR']
Mc Poze do Rodo,28ie4NNTa2VW2QV4Zray8M,MC GP,5s27i7oqhNWIcE4HeoVdq0,1,['5tsKgj1Xbk5bL7t3QiPWOR']
Mc Poze do Rodo,28ie4NNTa2VW2QV4Zray8M,TrapLaudo,39QiJaZ1HzRcpY9xlMKCsF,1,['5tsKgj1Xbk5bL7t3QiPWOR']
Mc Poze do Rodo,28ie4NNTa2VW2QV4Zray8M,Mc Luki,3I44LJGCaI0gSPPz3n16xn,1,['5tsKgj1Xbk5bL7t3QiPWOR']
Mc Poze do Rodo,28ie4NNTa2VW2QV4Zray8M,MC GH do 7,5XUMgbLR3zyRPesnTQY31C,1,['5tsKgj1Xbk5bL7t3QiPWOR']
Mc Poze do Rodo,28ie4NNTa2VW2QV4Zray8M,MC Nego Micha,6SsSYKLEsf8EfDbFAi5GET,1,['5tsKgj1Xbk5bL7t3QiPWOR']
Murillo e LT no Beat,0KcbRunfjZHfwEnEgd1Dy6,Mc Poze do Rodo,28ie4NNTa2VW2QV4Zray8M,1,['5tsKgj1Xbk5bL7t3QiPWOR']
MC GP,5s27i7oqhNWIcE4HeoVdq0,MC Nego Micha,6SsSYKLEsf8EfDbFAi5GET,1,['5tsKgj1Xbk5bL7t3QiPWOR']
Murillo e LT no Beat,0KcbRunfjZHfwEnEgd1Dy6,MC GP,5s27i7oqhNWIcE4HeoVdq0,1,['5tsKgj1Xbk5bL7t3QiPWOR']
TrapLaudo,39QiJaZ1HzRcpY9xlMKCsF,MC Nego Micha,6SsSYKLEsf8EfDbFAi5GET,1,['5tsKgj1Xbk5bL7t3QiPWOR']
Murillo e LT no Beat,0KcbRunfjZHfwEnEgd1Dy6,TrapLaudo,39QiJaZ1HzRcpY9xlMKCsF,1,['5tsKgj1Xbk5bL7t3QiPWOR']
Mc Luki,3I44LJGCaI0gSPPz3n16xn,MC Nego Micha,6SsSYKLEsf8EfDbFAi5GET,1,['5tsKgj1Xbk5bL7t3QiPWOR']
Murillo e LT no Beat,0KcbRunfjZHfwEnEgd1Dy6,Mc Luki,3I44LJGCaI0gSPPz3n16xn,1,['5tsKgj1Xbk5bL7t3QiPWOR']
MC GH do 7,5XUMgbLR3zyRPesnTQY31C,MC Nego Micha,6SsSYKLEsf8EfDbFAi5GET,1,['5tsKgj1Xbk5bL7t3QiPWOR']
Murillo e LT no Beat,0KcbRunfjZHfwEnEgd1Dy6,MC GH do 7,5XUMgbLR3zyRPesnTQY31C,1,['5tsKgj1Xbk5bL7t3QiPWOR']
Murillo e LT no Beat,0KcbRunfjZHfwEnEgd1Dy6,MC Nego Micha,6SsSYKLEsf8EfDbFAi5GET,1,['5tsKgj1Xbk5bL7t3QiPWOR']
Future,1RyvyyTE3xzB2ZywiAwp0i,Kendrick Lamar,2YZyLoL8N0Wb9xBt1NhZWg,1,['2tudvzsrR56uom6smgOcSf']
Metro Boomin,0iEtIxbK0KxaSlF7G42ZOp,Kendrick Lamar,2YZyLoL8N0Wb9xBt1NhZWg,1,['2tudvzsrR56uom6smgOcSf']
Travis Scott,0Y5tJX1MQlPlqiwlOH1tJY,Future,1RyvyyTE3xzB2ZywiAwp0i,2,"['0hKtu53OlIFXVuYkZwcn3o', '28drn6tQo95MRvO0jQEo5C']"
Future,1RyvyyTE3xzB2ZywiAwp0i,Playboi Carti,699OTQXzgjhIYAHMy9RyPD,1,['28drn6tQo95MRvO0jQEo5C']
Metro Boomin,0iEtIxbK0KxaSlF7G42ZOp,Playboi Carti,699OTQXzgjhIYAHMy9RyPD,1,['28drn6tQo95MRvO0jQEo5C']
Future,1RyvyyTE3xzB2ZywiAwp0i,The Weeknd,1Xyo4u8uXC1ZmMpatF05PJ,3,"['0lOQaZwX9AkAiSvObh4G70', '3OxL6MuctgZp1e0zxoAZhH', '7sVbKoBdhXtYCEOO6qC1SN']"
Peso Pluma,12GqGscKJx3aE4t07u7eVZ,Joel De La P,4qDRNT8ldCfCjSp9lBzYC5,1,['3YyTyWfSwAhesGCKpnuRKl']
Joel De La P,4qDRNT8ldCfCjSp9lBzYC5,Tito Double P,5eumcnUkdmGvkvcsx1WFNG,1,['3YyTyWfSwAhesGCKpnuRKl']
Future,1RyvyyTE3xzB2ZywiAwp0i,Rick Ross,1sBkRIssrMs1AbVkOJbc7a,1,['3Vg7nPYlOrCkcV1abKbRQ1']
Metro Boomin,0iEtIxbK0KxaSlF7G42ZOp,Rick Ross,1sBkRIssrMs1AbVkOJbc7a,1,['3Vg7nPYlOrCkcV1abKbRQ1']
Hozier,2FXC3k01G6Gw61bmprjgqS,Allison Russell,3JBmecDGXTll46ygrnGTM6,1,['5AchurLxOrkSX5YVoH4FeJ']
Shakira,0EmeFodog0BfCgMzAIvKQp,Cardi B,4kYSro6naA4h99UJvo89HB,1,['2dYXrWkNO40NXy2Q3IYLRc']
G-Eazy,02kJSzxNuaWGqwubyUba0Z,Christoph Andersson,2dTGHCFyCD8uj6tAM9q8ED,1,['0QRhtV1MwywpkLTvCdMaWq']
Camila Cabello,4nDoRrQiYLoBzwC5BhVJzF,Playboi Carti,699OTQXzgjhIYAHMy9RyPD,1,['2H2ytI7ompfNmRkI2sq8Uk']
Miley Cyrus,5YGY8feqx7naU7z4HrwZM6,Beyoncé,6vWDO969PvNqNYHIOW5v0m,1,['6zuPQl2RVqQ4y5nAH61CFC']
Tanner Adell,5xKVALj2MSqOHmQhburCM8,Beyoncé,6vWDO969PvNqNYHIOW5v0m,1,['3LJeR75SmszOUSvE1qNZDF']
Brittney Spencer,6YM5gRpMJkP0kUWRcvlHT3,Beyoncé,6vWDO969PvNqNYHIOW5v0m,1,['3LJeR75SmszOUSvE1qNZDF']
Tiera Kennedy,26VEPCGAYB9OClQodb0OR1,Beyoncé,6vWDO969PvNqNYHIOW5v0m,1,['3LJeR75SmszOUSvE1qNZDF']
Reyna Roberts,4jpqm8g4We93Uk6M9M4FDh,Beyoncé,6vWDO969PvNqNYHIOW5v0m,1,['3LJeR75SmszOUSvE1qNZDF']
Tanner Adell,5xKVALj2MSqOHmQhburCM8,Brittney Spencer,6YM5gRpMJkP0kUWRcvlHT3,1,['3LJeR75SmszOUSvE1qNZDF']
Tiera Kennedy,26VEPCGAYB9OClQodb0OR1,Tanner Adell,5xKVALj2MSqOHmQhburCM8,1,['3LJeR75SmszOUSvE1qNZDF']
Reyna Roberts,4jpqm8g4We93Uk6M9M4FDh,Tanner Adell,5xKVALj2MSqOHmQhburCM8,1,['3LJeR75SmszOUSvE1qNZDF']
Tiera Kennedy,26VEPCGAYB9OClQodb0OR1,Brittney Spencer,6YM5gRpMJkP0kUWRcvlHT3,1,['3LJeR75SmszOUSvE1qNZDF']
Reyna Roberts,4jpqm8g4We93Uk6M9M4FDh,Brittney Spencer,6YM5gRpMJkP0kUWRcvlHT3,1,['3LJeR75SmszOUSvE1qNZDF']
Tiera Kennedy,26VEPCGAYB9OClQodb0OR1,Reyna Roberts,4jpqm8g4We93Uk6M9M4FDh,1,['3LJeR75SmszOUSvE1qNZDF']
Beyoncé,6vWDO969PvNqNYHIOW5v0m,Linda Martell,78adFi9EyRkMh3CTIatrV9,1,['5UcUppRaEIBMIHXiUFl7LI']
Shaboozey,3y2cIKLjiOlp1Np37WiUdH,Beyoncé,6vWDO969PvNqNYHIOW5v0m,2,"['5UcUppRaEIBMIHXiUFl7LI', '7CA0mEKqEZ0WFAIlTS4uEl']"
Shaboozey,3y2cIKLjiOlp1Np37WiUdH,Linda Martell,78adFi9EyRkMh3CTIatrV9,1,['5UcUppRaEIBMIHXiUFl7LI']
Post Malone,246dkjvS1zLTtiykXe5h60,Beyoncé,6vWDO969PvNqNYHIOW5v0m,1,['2UDARQiksl207HcSduDpov']
Rumi Carter,3wagsd3wjqjNVlMLPudipm,Beyoncé,6vWDO969PvNqNYHIOW5v0m,1,['3koE8h6ORJ28j0xEPO4n6K']
Willie Nelson,5W5bDNCqJ1jbCgTxDD0Cb3,Beyoncé,6vWDO969PvNqNYHIOW5v0m,1,['76OC0zMt7wqgys9BpPfLag']
j-hope,0b1sIQumIAsNbqAoIClSpy,Gaeko,0tkHE1pQ5ZCgQb8WZ0ba79,1,['11sirgYaEutV40tkvgpHN6']
j-hope,0b1sIQumIAsNbqAoIClSpy,YOON MIRAE,1Do4bSzfUl0KWL9r1fITu0,1,['11sirgYaEutV40tkvgpHN6']
Gaeko,0tkHE1pQ5ZCgQb8WZ0ba79,YOON MIRAE,1Do4bSzfUl0KWL9r1fITu0,1,['11sirgYaEutV40tkvgpHN6']
Willie Jones,5OCZWZ399lBKgxBxE8cjRM,Beyoncé,6vWDO969PvNqNYHIOW5v0m,1,['51D9PHMiMxuRGtGz61F4QN']
Dolly Parton,32vWCbZh0xZ4o9gkz4PsEU,Beyoncé,6vWDO969PvNqNYHIOW5v0m,1,['3NtCIBBz5pEAVGeHL4h5mS']
j-hope,0b1sIQumIAsNbqAoIClSpy,Jung Kook,6HaGTQPmzraVmaVxvz6EUc,1,['3ajU531gR5fW71wqsw4tFX']
The Academy: Segunda Misión,4C3ZmIqca9MWwThLaYbfXu,Sech,77ziqFxp5gaInVrF2lj4ht,1,['0QoaFLmBJyuVuzOIGy6iCS']
Justin Quiles,14zUHaJZo1mnYtn6IBRaRP,The Academy: Segunda Misión,4C3ZmIqca9MWwThLaYbfXu,1,['0QoaFLmBJyuVuzOIGy6iCS']
Lenny Tavárez,1pQWsZQehhS4wavwh7Fnxd,The Academy: Segunda Misión,4C3ZmIqca9MWwThLaYbfXu,1,['0QoaFLmBJyuVuzOIGy6iCS']
Dalex,0KPX4Ucy9dk82uj4GpKesn,The Academy: Segunda Misión,4C3ZmIqca9MWwThLaYbfXu,1,['0QoaFLmBJyuVuzOIGy6iCS']
Dímelo Flow,3fZk3Gm5dN5v5yfYMQ04Bx,The Academy: Segunda Misión,4C3ZmIqca9MWwThLaYbfXu,1,['0QoaFLmBJyuVuzOIGy6iCS']
The Academy: Segunda Misión,4C3ZmIqca9MWwThLaYbfXu,Myke Towers,7iK8PXO48WeuP03g8YR51W,1,['0QoaFLmBJyuVuzOIGy6iCS']
Justin Quiles,14zUHaJZo1mnYtn6IBRaRP,Sech,77ziqFxp5gaInVrF2lj4ht,1,['0QoaFLmBJyuVuzOIGy6iCS']
Lenny Tavárez,1pQWsZQehhS4wavwh7Fnxd,Sech,77ziqFxp5gaInVrF2lj4ht,1,['0QoaFLmBJyuVuzOIGy6iCS']
Dalex,0KPX4Ucy9dk82uj4GpKesn,Sech,77ziqFxp5gaInVrF2lj4ht,1,['0QoaFLmBJyuVuzOIGy6iCS']
Dímelo Flow,3fZk3Gm5dN5v5yfYMQ04Bx,Sech,77ziqFxp5gaInVrF2lj4ht,1,['0QoaFLmBJyuVuzOIGy6iCS']
Sech,77ziqFxp5gaInVrF2lj4ht,Myke Towers,7iK8PXO48WeuP03g8YR51W,1,['0QoaFLmBJyuVuzOIGy6iCS']
Justin Quiles,14zUHaJZo1mnYtn6IBRaRP,Lenny Tavárez,1pQWsZQehhS4wavwh7Fnxd,1,['0QoaFLmBJyuVuzOIGy6iCS']
Dalex,0KPX4Ucy9dk82uj4GpKesn,Justin Quiles,14zUHaJZo1mnYtn6IBRaRP,1,['0QoaFLmBJyuVuzOIGy6iCS']
Justin Quiles,14zUHaJZo1mnYtn6IBRaRP,Dímelo Flow,3fZk3Gm5dN5v5yfYMQ04Bx,1,['0QoaFLmBJyuVuzOIGy6iCS']
Justin Quiles,14zUHaJZo1mnYtn6IBRaRP,Myke Towers,7iK8PXO48WeuP03g8YR51W,1,['0QoaFLmBJyuVuzOIGy6iCS']
Dalex,0KPX4Ucy9dk82uj4GpKesn,Lenny Tavárez,1pQWsZQehhS4wavwh7Fnxd,1,['0QoaFLmBJyuVuzOIGy6iCS']
Lenny Tavárez,1pQWsZQehhS4wavwh7Fnxd,Dímelo Flow,3fZk3Gm5dN5v5yfYMQ04Bx,1,['0QoaFLmBJyuVuzOIGy6iCS']
Lenny Tavárez,1pQWsZQehhS4wavwh7Fnxd,Myke Towers,7iK8PXO48WeuP03g8YR51W,1,['0QoaFLmBJyuVuzOIGy6iCS']
Dalex,0KPX4Ucy9dk82uj4GpKesn,Dímelo Flow,3fZk3Gm5dN5v5yfYMQ04Bx,1,['0QoaFLmBJyuVuzOIGy6iCS']
Dalex,0KPX4Ucy9dk82uj4GpKesn,Myke Towers,7iK8PXO48WeuP03g8YR51W,1,['0QoaFLmBJyuVuzOIGy6iCS']
Dímelo Flow,3fZk3Gm5dN5v5yfYMQ04Bx,Myke Towers,7iK8PXO48WeuP03g8YR51W,1,['0QoaFLmBJyuVuzOIGy6iCS']
Ke Personajes,06Q5VlSAku57lFzyME3HrM,Tiago PZK,5Y3MV9DZ0d87NnVm56qSY1,1,['4wS0TnQzVkY9ML1BPKpOk1']
Natanael Cano,0elWFr7TW8piilVRYJUe4P,Bizarrap,716NhGYqD1jl2wI1Qkgq36,2,"['2DbV9TSdeGr5FobCFDRzvq', '61OsemtnuPJ5R0LMEkw60S']"
Ari Lennox,1vaQ6v3pOFxAIrFoPrAcom,J. Cole,6l3HvQ5sa6mXTsMTB19rO5,1,['2w5BtuWXISpB6NM4xPoeiR']
Young Dro,3ZooCJzNMTLpmJaIRUEorI,J. Cole,6l3HvQ5sa6mXTsMTB19rO5,1,['2w5BtuWXISpB6NM4xPoeiR']
Gucci Mane,13y7CgLHjMVRMDqxdx0Xdo,J. Cole,6l3HvQ5sa6mXTsMTB19rO5,1,['2w5BtuWXISpB6NM4xPoeiR']
Ari Lennox,1vaQ6v3pOFxAIrFoPrAcom,Young Dro,3ZooCJzNMTLpmJaIRUEorI,1,['2w5BtuWXISpB6NM4xPoeiR']
Gucci Mane,13y7CgLHjMVRMDqxdx0Xdo,Ari Lennox,1vaQ6v3pOFxAIrFoPrAcom,1,['2w5BtuWXISpB6NM4xPoeiR']
Gucci Mane,13y7CgLHjMVRMDqxdx0Xdo,Young Dro,3ZooCJzNMTLpmJaIRUEorI,1,['2w5BtuWXISpB6NM4xPoeiR']
J. Cole,6l3HvQ5sa6mXTsMTB19rO5,Bas,70gP6Ry4Uo0Yx6uzPIdaiJ,2,"['3zyjnHtoi8AtiGgZFnJP7O', '5RMTsrJkrtumtiIZjy7dL6']"
Central Cee,5H4yInM5zmHqpKIoMNAx4r,J. Cole,6l3HvQ5sa6mXTsMTB19rO5,1,['5RMTsrJkrtumtiIZjy7dL6']
Central Cee,5H4yInM5zmHqpKIoMNAx4r,Bas,70gP6Ry4Uo0Yx6uzPIdaiJ,1,['5RMTsrJkrtumtiIZjy7dL6']
J. Cole,6l3HvQ5sa6mXTsMTB19rO5,Cam'ron,7iMvwE8qANp3aIfAGKEAwS,1,['4J9WveqdoaEUQu1aeoSH9X']
Daylyt,573vxT6vzhNRzTVIuVRnLj,J. Cole,6l3HvQ5sa6mXTsMTB19rO5,1,['0NXRZaUn11do0EzDFlXkbj']
Ab-Soul,0g9vAlRPK9Gt3FKCekk4TW,J. Cole,6l3HvQ5sa6mXTsMTB19rO5,1,['0NXRZaUn11do0EzDFlXkbj']
Ab-Soul,0g9vAlRPK9Gt3FKCekk4TW,Daylyt,573vxT6vzhNRzTVIuVRnLj,1,['0NXRZaUn11do0EzDFlXkbj']
David Guetta,1Cs0zKBU1kc0i8ypK3B9ai,OneRepublic,5Pwc4xIPtQLFEnJriah9YJ,1,['331l3xABO0HMr1Kkyh2LZq']
Luis R Conriquez,0pePYDrJGk8gqMRbXrLJC8,Neton Vega,6pV5zH2LzjOUHaAvENdMMa,2,"['1C84d9abZVKWHT2YYpoean', '4OLT65TRsOx3Iv1TlCcQVb']"
Gunna,2hlmm7s2ICUX0LVIhVFlZQ,Tyla,3SozjO3Lat463tQICI9LcE,1,['6XpEm7VJ7TZxZTawH8BCSW']
Tyla,3SozjO3Lat463tQICI9LcE,Skillibeng,5FkUhnHQ0KC63549LHHtst,1,['6XpEm7VJ7TZxZTawH8BCSW']
Gunna,2hlmm7s2ICUX0LVIhVFlZQ,Skillibeng,5FkUhnHQ0KC63549LHHtst,1,['6XpEm7VJ7TZxZTawH8BCSW']
Agatino Romero,124jbwgd8Hh6LW7jAqTa8r,Jaxomy,1c3uso4iIeeX3P0bhKaQDq,1,['48lxT5qJF0yYyf2z4wB4xW']
Jaxomy,1c3uso4iIeeX3P0bhKaQDq,Raffaella Carrà,6EVyI0S0b1Ld2nm37m5x85,1,['48lxT5qJF0yYyf2z4wB4xW']
Agatino Romero,124jbwgd8Hh6LW7jAqTa8r,Raffaella Carrà,6EVyI0S0b1Ld2nm37m5x85,1,['48lxT5qJF0yYyf2z4wB4xW']
iZaak,4s6Xg38sbqh4xpf4OqhVUK,JHAYCO,6nVcHLIgY5pE2YCl8ubca1,1,['43PiEypaceH339CSNiggyj']
Anuel AA,2R21vXR83lH98kGeO99Y66,iZaak,4s6Xg38sbqh4xpf4OqhVUK,1,['43PiEypaceH339CSNiggyj']
Anuel AA,2R21vXR83lH98kGeO99Y66,JHAYCO,6nVcHLIgY5pE2YCl8ubca1,1,['43PiEypaceH339CSNiggyj']
CYRIL,11kt6ggsdxvI8MhyeSMKom,Disturbed,3TOqt5oJwL9BE2NG9MEwDa,1,['1LY3GhF0zxIVgbYEQjCbUO']
Future,1RyvyyTE3xzB2ZywiAwp0i,J. Cole,6l3HvQ5sa6mXTsMTB19rO5,1,['4Dx4e0X5dR6TW85dtFU42x']
Metro Boomin,0iEtIxbK0KxaSlF7G42ZOp,J. Cole,6l3HvQ5sa6mXTsMTB19rO5,1,['4Dx4e0X5dR6TW85dtFU42x']
Future,1RyvyyTE3xzB2ZywiAwp0i,Brownstone,6dQgkiJm1fRkcqKOvPzysr,1,['6Gf8Op8esgwchp44p1tIDp']
Metro Boomin,0iEtIxbK0KxaSlF7G42ZOp,Brownstone,6dQgkiJm1fRkcqKOvPzysr,1,['6Gf8Op8esgwchp44p1tIDp']
A$AP Rocky,13ubrt8QOOCPljQ2FL1Kca,Future,1RyvyyTE3xzB2ZywiAwp0i,1,['0cGn4vxyoBftN61XUv2aQk']
Metro Boomin,0iEtIxbK0KxaSlF7G42ZOp,A$AP Rocky,13ubrt8QOOCPljQ2FL1Kca,1,['0cGn4vxyoBftN61XUv2aQk']
Future,1RyvyyTE3xzB2ZywiAwp0i,Lil Baby,5f7VJjfbwm532GiveGC0ZK,1,['6J9ULUfgdVZfWnofbtLkfh']
Metro Boomin,0iEtIxbK0KxaSlF7G42ZOp,Lil Baby,5f7VJjfbwm532GiveGC0ZK,1,['6J9ULUfgdVZfWnofbtLkfh']
Humberto & Ronaldo,1zEo6Fk1iaaOYFlFPBHCFn,DJ JZ,4ptGOXi053ILmLfMcIG2hB,1,['5GV7OpSEb8MPTryL0Q5i6c']
DJ JZ,4ptGOXi053ILmLfMcIG2hB,Mc Mininin,5PtqDNfEbT1c8wnGce6EIE,1,['5GV7OpSEb8MPTryL0Q5i6c']
DJ LG PROD,1hPg0YVHOP4dizsVCYCnIA,DJ JZ,4ptGOXi053ILmLfMcIG2hB,1,['5GV7OpSEb8MPTryL0Q5i6c']
Silvanno Salles,0HFoOA61ShFCVKyKUPoN6B,DJ JZ,4ptGOXi053ILmLfMcIG2hB,1,['5GV7OpSEb8MPTryL0Q5i6c']
Humberto & Ronaldo,1zEo6Fk1iaaOYFlFPBHCFn,Mc Mininin,5PtqDNfEbT1c8wnGce6EIE,1,['5GV7OpSEb8MPTryL0Q5i6c']
DJ LG PROD,1hPg0YVHOP4dizsVCYCnIA,Humberto & Ronaldo,1zEo6Fk1iaaOYFlFPBHCFn,1,['5GV7OpSEb8MPTryL0Q5i6c']
Silvanno Salles,0HFoOA61ShFCVKyKUPoN6B,Humberto & Ronaldo,1zEo6Fk1iaaOYFlFPBHCFn,1,['5GV7OpSEb8MPTryL0Q5i6c']
DJ LG PROD,1hPg0YVHOP4dizsVCYCnIA,Mc Mininin,5PtqDNfEbT1c8wnGce6EIE,1,['5GV7OpSEb8MPTryL0Q5i6c']
Silvanno Salles,0HFoOA61ShFCVKyKUPoN6B,Mc Mininin,5PtqDNfEbT1c8wnGce6EIE,1,['5GV7OpSEb8MPTryL0Q5i6c']
Silvanno Salles,0HFoOA61ShFCVKyKUPoN6B,DJ LG PROD,1hPg0YVHOP4dizsVCYCnIA,1,['5GV7OpSEb8MPTryL0Q5i6c']
Bakar,3K2Srho6NCF3o9MswGR76H,Summer Walker,57LYzLEk2LcFghVwuWbcuS,1,['0jcw8cJf3TNMZN0BXlueML']
Rvssian,1fctva4kpRbg2k3v7kwRuS,Rauw Alejandro,1mcTU81TzQhprhouKaTkpq,1,['6a9Z1jUms915w4O7N1PxjY']
Rvssian,1fctva4kpRbg2k3v7kwRuS,Ayra Starr,3ZpEKRjHaHANcpk10u6Ntq,1,['6a9Z1jUms915w4O7N1PxjY']
Rauw Alejandro,1mcTU81TzQhprhouKaTkpq,Ayra Starr,3ZpEKRjHaHANcpk10u6Ntq,1,['6a9Z1jUms915w4O7N1PxjY']
Seven Kayne,4C29ETLBPmYKYwtJUepbJz,Bhavi,7fT2Me47PQ8T7954PKrcwR,1,['3GD6eImRvT0zgr8cQnokUq']
Milo j,19HM5j0ULGSmEoRcrSe5x3,Bhavi,7fT2Me47PQ8T7954PKrcwR,1,['3GD6eImRvT0zgr8cQnokUq']
Tiago PZK,5Y3MV9DZ0d87NnVm56qSY1,Bhavi,7fT2Me47PQ8T7954PKrcwR,1,['3GD6eImRvT0zgr8cQnokUq']
KHEA,4m6ubhNsdwF4psNf3R8kwR,Bhavi,7fT2Me47PQ8T7954PKrcwR,1,['3GD6eImRvT0zgr8cQnokUq']
Neo Pistea,01m2XZ7m7rAz6KY3scTdaV,Bhavi,7fT2Me47PQ8T7954PKrcwR,1,['3GD6eImRvT0zgr8cQnokUq']
Milo j,19HM5j0ULGSmEoRcrSe5x3,Seven Kayne,4C29ETLBPmYKYwtJUepbJz,1,['3GD6eImRvT0zgr8cQnokUq']
Seven Kayne,4C29ETLBPmYKYwtJUepbJz,Tiago PZK,5Y3MV9DZ0d87NnVm56qSY1,1,['3GD6eImRvT0zgr8cQnokUq']
Seven Kayne,4C29ETLBPmYKYwtJUepbJz,KHEA,4m6ubhNsdwF4psNf3R8kwR,1,['3GD6eImRvT0zgr8cQnokUq']
Neo Pistea,01m2XZ7m7rAz6KY3scTdaV,Seven Kayne,4C29ETLBPmYKYwtJUepbJz,1,['3GD6eImRvT0zgr8cQnokUq']
Milo j,19HM5j0ULGSmEoRcrSe5x3,Tiago PZK,5Y3MV9DZ0d87NnVm56qSY1,1,['3GD6eImRvT0zgr8cQnokUq']
Milo j,19HM5j0ULGSmEoRcrSe5x3,KHEA,4m6ubhNsdwF4psNf3R8kwR,1,['3GD6eImRvT0zgr8cQnokUq']
Neo Pistea,01m2XZ7m7rAz6KY3scTdaV,Milo j,19HM5j0ULGSmEoRcrSe5x3,1,['3GD6eImRvT0zgr8cQnokUq']
KHEA,4m6ubhNsdwF4psNf3R8kwR,Tiago PZK,5Y3MV9DZ0d87NnVm56qSY1,1,['3GD6eImRvT0zgr8cQnokUq']
Neo Pistea,01m2XZ7m7rAz6KY3scTdaV,Tiago PZK,5Y3MV9DZ0d87NnVm56qSY1,1,['3GD6eImRvT0zgr8cQnokUq']
Neo Pistea,01m2XZ7m7rAz6KY3scTdaV,KHEA,4m6ubhNsdwF4psNf3R8kwR,1,['3GD6eImRvT0zgr8cQnokUq']
Taylor Swift,06HL4z0CvFAxyc27GXpf02,Post Malone,246dkjvS1zLTtiykXe5h60,1,['2OzhQlSqBEmt7hmkYxfT6m']
Taylor Swift,06HL4z0CvFAxyc27GXpf02,Florence + The Machine,1moxjboGR7GNWYIMWsRjgG,1,['3ZVFcD8Wlw9T9klGqmJf9F']
Villano Antillano,1pi7nGhOM7PTHR5YEgXVGq,Sevdaliza,5MraexJKZDrQYzS98kNwie,1,['5oYVxFt2k4SkVp6wzVsFWN']
Tokischa,2p4aN0Uxkk3iT3HK0cJ2cJ,Sevdaliza,5MraexJKZDrQYzS98kNwie,1,['5oYVxFt2k4SkVp6wzVsFWN']
Villano Antillano,1pi7nGhOM7PTHR5YEgXVGq,Tokischa,2p4aN0Uxkk3iT3HK0cJ2cJ,1,['5oYVxFt2k4SkVp6wzVsFWN']
Travis Scott,0Y5tJX1MQlPlqiwlOH1tJY,SZA,7tYKF4w9nC0nq9CsPZTHyP,1,['6koKhrBBcExADvWuOgceNZ']
Bad Bunny,4q3ewBCX7sLwd24euuV69X,Myke Towers,7iK8PXO48WeuP03g8YR51W,1,['0eeX8L0DWvGth1F6xVkvv7']
Apache 207,1qQLhymHXFPtP5U8KNKsm6,AYLIVA,2rEVnwCPBeGkWMv425KoG1,1,['16f4ZN6XOfrIO8fJkm28HM']
Rels B,2IMZYfNi21MGqxopj9fWx8,Junior H,7Gi6gjaWy3DxyilpF1a8Is,1,['75qepWUT3FEyPyXQMMMVZm']
Rels B,2IMZYfNi21MGqxopj9fWx8,Lia Kali,7rFHoDuiSlV0DGHxckjm89,1,['1O1VvCshhDw3XIOOcfLziL']
Natanael Cano,0elWFr7TW8piilVRYJUe4P,Belinda,5LeiVcEnsZcwc133TUhJNW,1,['0163eXbLwh5dFhKa73n9wG']
JENNIE,250b0Wlc5Vk0CoUsaCY84M,ZICO,4XpUIb8uuNlIWVKmgKZXC0,1,['1SS0WlKhJewviwEDZ6dWj0']
Post Malone,246dkjvS1zLTtiykXe5h60,Morgan Wallen,4oUHIQIBe0LHzYfvXNW4QM,1,['5IZXB5IKAD2qlvTPJYDCFB']
Eslabon Armado,0XeEobZplHxzM9QzFQWLiR,Junior H,7Gi6gjaWy3DxyilpF1a8Is,1,['5jVExEArvISIYu8mamVgfV']
Stray Kids,2dIgFjalVxs4ThymZ67YCE,Charlie Puth,6VuMaDnrHyPL1p4EHjYLi7,1,['1eB1JymprhH8QTLA8m1AsB']
JC Reyes,0FwnPHExlRRxEZPLAi5tmG,SAIKO,2O8vbr4RYPpk6MRA4fio7u,1,['3ng8tfwvzR4BBwa9yaMms6']
SAIKO,2O8vbr4RYPpk6MRA4fio7u,Dei V,2YRyPiW98bpkARAS4B3OQP,1,['3ng8tfwvzR4BBwa9yaMms6']
JC Reyes,0FwnPHExlRRxEZPLAi5tmG,Dei V,2YRyPiW98bpkARAS4B3OQP,1,['3ng8tfwvzR4BBwa9yaMms6']
alyona alyona,2ic3GGGmkixOZP4qnakSA8,Jerry Heil,71DkA619tW0bpaMi4QBzmr,1,['7n3Czk07KugPQOWuqCHDmF']
Luis R Conriquez,0pePYDrJGk8gqMRbXrLJC8,Joel De La P,4qDRNT8ldCfCjSp9lBzYC5,1,['22jhscHs2DoVqKG5vKJytQ']
Luis R Conriquez,0pePYDrJGk8gqMRbXrLJC8,Chimbala,4VVEpEhC8NcR7AqNEds42U,1,['22jhscHs2DoVqKG5vKJytQ']
Chimbala,4VVEpEhC8NcR7AqNEds42U,Joel De La P,4qDRNT8ldCfCjSp9lBzYC5,1,['22jhscHs2DoVqKG5vKJytQ']
Ram Sampath,3PpjqSKBer3obW6lDflOBx,Arijit Singh,4YRxDV8wJFPHPTeXepOstw,1,['5zCnGtCl5Ac5zlFHXaZmhy']
Ram Sampath,3PpjqSKBer3obW6lDflOBx,Prashant Pandey,7vCsTTACb2iT4fvBMnwp5w,1,['5zCnGtCl5Ac5zlFHXaZmhy']
Arijit Singh,4YRxDV8wJFPHPTeXepOstw,Prashant Pandey,7vCsTTACb2iT4fvBMnwp5w,1,['5zCnGtCl5Ac5zlFHXaZmhy']
Feid,2LRoIwlKmHjgvigdNGBHNo,Alvaro Diaz,5J7rXWjtn5HzUkJ4Jet8Fr,1,['6BpZpCM8d8FJnVnr1IbnFL']
Mc Brinquedo,1SZXYhJz4sqEss888VmWLP,THE BOX,7gHzR22tDNSWGS4HkvvPgw,1,['7IFsTX5H1sWcEl8joV0IdD']
MC Cebezinho,5Dz2FizMLqV0Cr3c8uhEcF,THE BOX,7gHzR22tDNSWGS4HkvvPgw,1,['7IFsTX5H1sWcEl8joV0IdD']
MC Tuto,6aoGgTKGqtsjj48ymcNs4Z,THE BOX,7gHzR22tDNSWGS4HkvvPgw,1,['7IFsTX5H1sWcEl8joV0IdD']
Mc Laranjinha,1JJq541frMPfUIQiUoVrnp,THE BOX,7gHzR22tDNSWGS4HkvvPgw,1,['7IFsTX5H1sWcEl8joV0IdD']
DJ Oreia,1b8S7EPzdckRyIh0uSbOMI,THE BOX,7gHzR22tDNSWGS4HkvvPgw,1,['7IFsTX5H1sWcEl8joV0IdD']
Mc Brinquedo,1SZXYhJz4sqEss888VmWLP,MC Cebezinho,5Dz2FizMLqV0Cr3c8uhEcF,1,['7IFsTX5H1sWcEl8joV0IdD']
Mc Brinquedo,1SZXYhJz4sqEss888VmWLP,MC Tuto,6aoGgTKGqtsjj48ymcNs4Z,1,['7IFsTX5H1sWcEl8joV0IdD']
Mc Laranjinha,1JJq541frMPfUIQiUoVrnp,Mc Brinquedo,1SZXYhJz4sqEss888VmWLP,1,['7IFsTX5H1sWcEl8joV0IdD']
Mc Brinquedo,1SZXYhJz4sqEss888VmWLP,DJ Oreia,1b8S7EPzdckRyIh0uSbOMI,1,['7IFsTX5H1sWcEl8joV0IdD']
MC Cebezinho,5Dz2FizMLqV0Cr3c8uhEcF,MC Tuto,6aoGgTKGqtsjj48ymcNs4Z,2,"['3H7eBmcTJyuEMStfmKuLmG', '7IFsTX5H1sWcEl8joV0IdD']"
Mc Laranjinha,1JJq541frMPfUIQiUoVrnp,MC Cebezinho,5Dz2FizMLqV0Cr3c8uhEcF,1,['7IFsTX5H1sWcEl8joV0IdD']
DJ Oreia,1b8S7EPzdckRyIh0uSbOMI,MC Cebezinho,5Dz2FizMLqV0Cr3c8uhEcF,2,"['3H7eBmcTJyuEMStfmKuLmG', '7IFsTX5H1sWcEl8joV0IdD']"
Mc Laranjinha,1JJq541frMPfUIQiUoVrnp,MC Tuto,6aoGgTKGqtsjj48ymcNs4Z,1,['7IFsTX5H1sWcEl8joV0IdD']
DJ Oreia,1b8S7EPzdckRyIh0uSbOMI,MC Tuto,6aoGgTKGqtsjj48ymcNs4Z,2,"['3H7eBmcTJyuEMStfmKuLmG', '7IFsTX5H1sWcEl8joV0IdD']"
Mc Laranjinha,1JJq541frMPfUIQiUoVrnp,DJ Oreia,1b8S7EPzdckRyIh0uSbOMI,1,['7IFsTX5H1sWcEl8joV0IdD']
Seu Jorge,0i1s9WcIu0PrUvHzALgofo,DJ TOPO,0xj9MJx9r0wO2o4aqdergP,1,['6RjSXi9cPGroetXeNsWFGL']
DJ TOPO,0xj9MJx9r0wO2o4aqdergP,Mc Leozin,6mKwmTMzDrye9elc8JWiw3,1,['6RjSXi9cPGroetXeNsWFGL']
DJ TOPO,0xj9MJx9r0wO2o4aqdergP,MC G15,3Nipsl6GVwwGyeAk0J29C6,1,['6RjSXi9cPGroetXeNsWFGL']
Seu Jorge,0i1s9WcIu0PrUvHzALgofo,Mc Leozin,6mKwmTMzDrye9elc8JWiw3,1,['6RjSXi9cPGroetXeNsWFGL']
Seu Jorge,0i1s9WcIu0PrUvHzALgofo,MC G15,3Nipsl6GVwwGyeAk0J29C6,1,['6RjSXi9cPGroetXeNsWFGL']
MC G15,3Nipsl6GVwwGyeAk0J29C6,Mc Leozin,6mKwmTMzDrye9elc8JWiw3,1,['6RjSXi9cPGroetXeNsWFGL']
Central Cee,5H4yInM5zmHqpKIoMNAx4r,Lil Baby,5f7VJjfbwm532GiveGC0ZK,1,['7iabz12vAuVQYyekFIWJxD']
Øneheart,0dgJbQ0bKPyUXco8hEXN7X,reidenshi,6SdlxyPsQ3B0yYncFmDULP,1,['4xF4ZBGPZKxECeDFrqSAG4']
Ana Castela,2CKOmarVWvWqkNWUatHCex,Zé Neto & Cristiano,487N2T9nIPEHrlTZLL3SQs,1,['3w392XWJ5bXzjcCR2Dmvqn']
Eurythmics,0NKDgy9j66h3DLnN8qu1bB,Annie Lennox,5MspMQqdVbdwP6ax3GXqum,1,['1TfqLAPs4K3s2rJMoCokcS']
Eurythmics,0NKDgy9j66h3DLnN8qu1bB,Dave Stewart,7gcCQIlkkfbul5Mt0jBQkg,1,['1TfqLAPs4K3s2rJMoCokcS']
Annie Lennox,5MspMQqdVbdwP6ax3GXqum,Dave Stewart,7gcCQIlkkfbul5Mt0jBQkg,1,['1TfqLAPs4K3s2rJMoCokcS']
Halsey,26VFTg2z8YR0cCuwLzESi2,The Chainsmokers,69GGBxA162lTqCwzJG5jLp,1,['7BKLCZ1jbUBVqRi2FVlTVw']
Lewis Somes,6U574RAq08wVaurzSaqEY3,FloyyMenor,7CvTknweLr9feJtRGrpDBy,1,['0ZS96pPRLyGUViVi5PWCAR']
Murilo Huff,3hq7WoPJsrRP0KMSLhUgRz,Luan Pereira,5kVgcCdPbeUwxBqWxi2Ktl,1,['6hNREzgHbVM5AkGwP4SPmU']
Akon,0z4gvV4rjIZ9wHck67ucSV,Eminem,7dGJo4pcD2V6oG8kP0tJRR,1,['2kQuhkFX7uSVepCD3h29g5']
Selena Gomez,0C8ZW7ezQVs4URX5aX7Kqx,Charlie Puth,6VuMaDnrHyPL1p4EHjYLi7,1,['54PbBpquVfhfrwRwvjSXbI']
Emilia,0AqlFI0tz2DsEoJlKSIiT9,Los Ángeles Azules,0ZCO8oVkMj897cKgFH7fRW,1,['4dLLdfiniBhDP9dlJQIOi4']
ERNEST,4GGfAshSkqoxpZdoaHm7ky,Morgan Wallen,4oUHIQIBe0LHzYfvXNW4QM,1,['7fveJ3pk1eSfxBdVkzdXZ0']
Doug Hits,11rNmgKeDd6wHHvvhzPHH9,dj sv,7u9115faVQY8xNrCXqY0zx,1,['106SKHXoytRADjpxHBkJpV']
Manim Vaqueiro,2MRXYszuTIaEliCCD22crt,dj sv,7u9115faVQY8xNrCXqY0zx,1,['106SKHXoytRADjpxHBkJpV']
Doug Hits,11rNmgKeDd6wHHvvhzPHH9,Manim Vaqueiro,2MRXYszuTIaEliCCD22crt,1,['106SKHXoytRADjpxHBkJpV']
Gaia,3AVx3OBPIk4pJQllAXoVs1,Tony Effe,6CKch2otN4SPznHf9ms5JF,1,['2Q4Z2js0C6DDUVc7GuLGdF']
Mc IG,2q9wk5fkeU2C9CgCKdh4AN,DJ Glenner,6XX6KGpomRDPmGGm7bofCK,1,['3kBYuWrGtx1tSHjzr0vlZh']
Murillo e LT no Beat,0KcbRunfjZHfwEnEgd1Dy6,DJ Glenner,6XX6KGpomRDPmGGm7bofCK,1,['3kBYuWrGtx1tSHjzr0vlZh']
DJ Ws da Igrejinha,0NB5wv4kn6A919CLHUKRmk,DJ JOÃO PEREIRA,1tPQcKxMrvf09Ry8zk68gt,1,['027ielmg4mNR1p1Ds3Mvgh']
DJ Ws da Igrejinha,0NB5wv4kn6A919CLHUKRmk,Mc Dudu Sk,1CKLOLezvcRuPRzOiGvxS1,1,['027ielmg4mNR1p1Ds3Mvgh']
DJ Ws da Igrejinha,0NB5wv4kn6A919CLHUKRmk,MC TH DA SERRA,4OKS4k4lBy2KOeftVHJDXu,1,['027ielmg4mNR1p1Ds3Mvgh']
DJ Ws da Igrejinha,0NB5wv4kn6A919CLHUKRmk,DALÃMA,0dglu68sb1lWf1ACF9uOb6,1,['027ielmg4mNR1p1Ds3Mvgh']
Mc Dudu Sk,1CKLOLezvcRuPRzOiGvxS1,DJ JOÃO PEREIRA,1tPQcKxMrvf09Ry8zk68gt,1,['027ielmg4mNR1p1Ds3Mvgh']
DJ JOÃO PEREIRA,1tPQcKxMrvf09Ry8zk68gt,MC TH DA SERRA,4OKS4k4lBy2KOeftVHJDXu,1,['027ielmg4mNR1p1Ds3Mvgh']
DALÃMA,0dglu68sb1lWf1ACF9uOb6,DJ JOÃO PEREIRA,1tPQcKxMrvf09Ry8zk68gt,1,['027ielmg4mNR1p1Ds3Mvgh']
Mc Dudu Sk,1CKLOLezvcRuPRzOiGvxS1,MC TH DA SERRA,4OKS4k4lBy2KOeftVHJDXu,1,['027ielmg4mNR1p1Ds3Mvgh']
DALÃMA,0dglu68sb1lWf1ACF9uOb6,Mc Dudu Sk,1CKLOLezvcRuPRzOiGvxS1,1,['027ielmg4mNR1p1Ds3Mvgh']
DALÃMA,0dglu68sb1lWf1ACF9uOb6,MC TH DA SERRA,4OKS4k4lBy2KOeftVHJDXu,1,['027ielmg4mNR1p1Ds3Mvgh']
Calum Scott,6ydoSd3N2mwgwBHtF6K7eX,Lost Frequencies,7f5Zgnp2spUuuzKplmRkt7,1,['3mfER4ORePHvN35cbZ3dkV']
KayBlack,2h5Ha0ZiMFmOQD3iYcSXsy,Luísa Sonza,4PzYKhC14sTJNEr0dzoo0d,1,['7ldcYtMOjtX1eFVEYzj2kJ']
Koe Wetzel,1Tie3AZgLQZqYEp8Fv4zOZ,Jessie Murph,2yLzlEFtIS0Q9UkyBZdQA7,1,['73KAidtqbDftZjy8AD0H04']
Nueva H,0AY6tq934rmw7zSFRl6e6S,Natanael Cano,0elWFr7TW8piilVRYJUe4P,2,"['43558Td2trz7O0chZYohEE', '71bGl0FoaBGHNT0CGhVOs1']"
Metro Boomin,0iEtIxbK0KxaSlF7G42ZOp,Offset,4DdkRBBYG6Yk9Ka8tdJ9BW,1,['7sO5G9EABYOXQKNPNiE9NR']
Kodak Black,46SHBwWsqBkxI7EeeBEQG7,Don Toliver,4Gso3d4CscCijv0lmajZWs,1,['093MlZS93ZKlHpGkmb3k3W']
Don Toliver,4Gso3d4CscCijv0lmajZWs,Charlie Wilson,6CxZzQFUTM6AzgluGwtq5w,1,['724YXkrlOINBst64isK3KP']
Cash Cobain,2R0CFyeMDiRbfkhkIMbyl1,Don Toliver,4Gso3d4CscCijv0lmajZWs,1,['724YXkrlOINBst64isK3KP']
Cash Cobain,2R0CFyeMDiRbfkhkIMbyl1,Charlie Wilson,6CxZzQFUTM6AzgluGwtq5w,1,['724YXkrlOINBst64isK3KP']
Adam Port,2loEsOijJ6XiGzWYFXMIRk,Stryv,6XjgqvaVLUib6lCerbZrYD,1,['1BJJbSX6muJVF2AK7uH1x4']
Keinemusik,26WKgv73kRHD0gEDKD1i8j,Adam Port,2loEsOijJ6XiGzWYFXMIRk,1,['1BJJbSX6muJVF2AK7uH1x4']
Adam Port,2loEsOijJ6XiGzWYFXMIRk,Orso,2yyaNPcdxZcn4iutCcLMaC,1,['1BJJbSX6muJVF2AK7uH1x4']
Adam Port,2loEsOijJ6XiGzWYFXMIRk,Malachiii,37lTKHi901VnwngQ7C8noT,1,['1BJJbSX6muJVF2AK7uH1x4']
Keinemusik,26WKgv73kRHD0gEDKD1i8j,Stryv,6XjgqvaVLUib6lCerbZrYD,1,['1BJJbSX6muJVF2AK7uH1x4']
Orso,2yyaNPcdxZcn4iutCcLMaC,Stryv,6XjgqvaVLUib6lCerbZrYD,1,['1BJJbSX6muJVF2AK7uH1x4']
Malachiii,37lTKHi901VnwngQ7C8noT,Stryv,6XjgqvaVLUib6lCerbZrYD,1,['1BJJbSX6muJVF2AK7uH1x4']
Keinemusik,26WKgv73kRHD0gEDKD1i8j,Orso,2yyaNPcdxZcn4iutCcLMaC,1,['1BJJbSX6muJVF2AK7uH1x4']
Keinemusik,26WKgv73kRHD0gEDKD1i8j,Malachiii,37lTKHi901VnwngQ7C8noT,1,['1BJJbSX6muJVF2AK7uH1x4']
Orso,2yyaNPcdxZcn4iutCcLMaC,Malachiii,37lTKHi901VnwngQ7C8noT,1,['1BJJbSX6muJVF2AK7uH1x4']
Luan Santana,3qvcCP2J0fWi0m0uQDUf6r,Luan Pereira,5kVgcCdPbeUwxBqWxi2Ktl,1,['0HDMisLsuGNml98Xq7atpm']
Taylor Swift,06HL4z0CvFAxyc27GXpf02,Gracie Abrams,4tuJ0bMpJh08umKkEXKUI5,1,['0hhzNPE68LWLfgZwdpxVdR']
Blake Shelton,1UTPBmNbXNTittyMJrNkvw,Post Malone,246dkjvS1zLTtiykXe5h60,1,['0mNzElhEofvgMWAJoOA4q9']
Lorde,163tK9Wjr9P9DmM0AVK7lm,Charli xcx,25uiPmTg16RbhZWAqwLBy5,1,['2YFhqZvhTpyK13gKXMKV7R']
Travis Scott,0Y5tJX1MQlPlqiwlOH1tJY,Mustard,0YinUQ50QDB7ZxSCLyQ40k,1,['4IFd7EVCyJsUHesBMXI8ju']
Natanael Cano,0elWFr7TW8piilVRYJUe4P,Peso Pluma,12GqGscKJx3aE4t07u7eVZ,1,['5UHK1rtK4MpBGb0KppIYh4']
Peso Pluma,12GqGscKJx3aE4t07u7eVZ,Ivan Cornejo,6PH3FLQAxtqYy46Zv08bpV,1,['2DXK0YNGSqnaIEX5iaSIoK']
Peso Pluma,12GqGscKJx3aE4t07u7eVZ,Neton Vega,6pV5zH2LzjOUHaAvENdMMa,1,['2aYZaN5SmkRDLsrrV8GkBQ']
Jasiel Nuñez,0T8Ix53aIN4F7aEKj4EnKy,Peso Pluma,12GqGscKJx3aE4t07u7eVZ,1,['4Hr713a1f4DUOZ7BPuD0PQ']
Peso Pluma,12GqGscKJx3aE4t07u7eVZ,Estevan Plazola,4Rh80sXmcG4xDP1r6dTNiQ,1,['5GTBdEjZe7zEDp1N0eCZE4']
Brandy,05oH07COxkXKIMt6mIPRee,Ariana Grande,66CXWjxzNUsdJxJ2JdwvnR,1,['52anJ914oylWdT3CytSMYF']
Ariana Grande,66CXWjxzNUsdJxJ2JdwvnR,Monica,6nzxy2wXs6tLgzEtqOkEi2,1,['52anJ914oylWdT3CytSMYF']
Brandy,05oH07COxkXKIMt6mIPRee,Monica,6nzxy2wXs6tLgzEtqOkEi2,1,['52anJ914oylWdT3CytSMYF']
Luis R Conriquez,0pePYDrJGk8gqMRbXrLJC8,Peso Pluma,12GqGscKJx3aE4t07u7eVZ,1,['1qrhpxdnC4nUCyFefPVCDa']
Ellie Goulding,0X2BH1fck6amBIoJhDVmmJ,Calvin Harris,7CajNmpbOovFoOoasH2HaY,1,['7MmG8p0F9N3C4AXdK6o6Eb']
Jimin,1oSPZhvZMIrWW5I41kPkkY,Loco,2e4G04F77jxVuDYo44TCSm,1,['1agDCV4zQqaFwJQNsTgmL1']
Drake,3TVXtAsR1Inumwj472S9r4,Camila Cabello,4nDoRrQiYLoBzwC5BhVJzF,1,['4sFnOjqO3s7Iphbg2MPKDd']
Noah Kahan,2RQXRUsr4IW1f3mKyKsy4B,Kelsea Ballerini,3RqBeV12Tt7A8xH3zBDDUF,1,['1t2MQpMDtJT5VL2tAPHrGN']
Sevdaliza,5MraexJKZDrQYzS98kNwie,Pabllo Vittar,6tzRZ39aZlNqlUzQlkuhDV,1,['5496lks6V3fh1mZAB6IAap']
Yseult,1QsdzIKkTT5gDFj8GB1cIX,Sevdaliza,5MraexJKZDrQYzS98kNwie,1,['5496lks6V3fh1mZAB6IAap']
Yseult,1QsdzIKkTT5gDFj8GB1cIX,Pabllo Vittar,6tzRZ39aZlNqlUzQlkuhDV,1,['5496lks6V3fh1mZAB6IAap']
Blessd,1TA5sGRlKUJXBN4ZyJuDIX,Ovy On The Drums,3m5qlPf2OkihLz3dRYnkPA,4,"['0fKK51bU6lcCCwdNnv64t3', '13BDiikG6y5o5cQTK0HpW6', '2btNsI4OvcVl7SAHQQDHFB', '3mg9jYNC1NihbthlglzrWP']"
Big Sean,0c173mlxpT3dSFRgMO8XPh,Eminem,7dGJo4pcD2V6oG8kP0tJRR,1,['1ymWIr4E5x6xORlDO0bXlP']
BabyTron,0sKsReKseslDlhxmbN6wLk,Eminem,7dGJo4pcD2V6oG8kP0tJRR,1,['1ymWIr4E5x6xORlDO0bXlP']
Big Sean,0c173mlxpT3dSFRgMO8XPh,BabyTron,0sKsReKseslDlhxmbN6wLk,1,['1ymWIr4E5x6xORlDO0bXlP']
Riley Green,2QMsj4XJ7ne2hojxt6v5eb,Ella Langley,6BRxQ8cD3eqnrVj6WKDok8,1,['0y5Ex8oQ8zCH5TQxHUy1Eo']
Lana Del Rey,00FQb4jTyendYWaN8pK0wa,Quavo,0VRj0yCOv2FXJNP47XQnx5,1,['22DH8NChecsgPxDjA4pqer']
Megan Thee Stallion,181bsRPaVXVlUKXrxwZfHK,千葉雄喜,6Qhgat07PNOdnJSnCXJigu,1,['5b3XJ1pjrHO5JtY2PcTjnI']
John Mayer,0hEurMDQu99nJRq8pTxO14,Zach Bryan,40ZNYROS4zLfyyBSs2PGe2,1,['1vj47xD8v9wIhQrmQY2Dkv']
Félix,3KdqkzCC6uPPxW3ZV9vLtT,CountryBeat,5IREutgMnyQqRcc8r15gWk,1,['6W196uVRkmQFHbc1XV8DNk']
Léo Souzza,32q95UvnNYSiflLio02DnS,CountryBeat,5IREutgMnyQqRcc8r15gWk,1,['6W196uVRkmQFHbc1XV8DNk']
Léo Souzza,32q95UvnNYSiflLio02DnS,Félix,3KdqkzCC6uPPxW3ZV9vLtT,1,['6W196uVRkmQFHbc1XV8DNk']
White Gold,79KQgTCu4wV38ECYKn62DZ,Eminem,7dGJo4pcD2V6oG8kP0tJRR,2,"['15qnOSRK5HMWOgL5HURhrc', '7I3RalBqE7ZE0RSxgGlGlm']"
Sly Pyper,7LzTBVNarOeaDXFdzOugAI,Eminem,7dGJo4pcD2V6oG8kP0tJRR,2,"['0bBnrokPXtfwXQarqCu1Gz', '50No7LiVffAJCWIChZodmU']"
JID,6U3ybJ9UHNKEdsH7ktGBZ7,Eminem,7dGJo4pcD2V6oG8kP0tJRR,1,['5In8B6Om5OKrhwBMB4tXSi']
Dem Jointz,2AUT4fNQ2QC0e2f5pIxOCd,Eminem,7dGJo4pcD2V6oG8kP0tJRR,1,['0bBnrokPXtfwXQarqCu1Gz']
Dem Jointz,2AUT4fNQ2QC0e2f5pIxOCd,Sly Pyper,7LzTBVNarOeaDXFdzOugAI,1,['0bBnrokPXtfwXQarqCu1Gz']
Jelly Roll,19k8AgwwTSxeaxkOuCQEJs,Eminem,7dGJo4pcD2V6oG8kP0tJRR,1,['4HMUrFl8y6rQCzEbaGEkcj']
Skylar Grey,4utLUGcTvOJFr6aqIJtYWV,Eminem,7dGJo4pcD2V6oG8kP0tJRR,1,['6uMGHQvhZq8YyT4kdnG1L3']
Ez Mil,1IQ4CjwKkdARjL5KtYiMt4,Eminem,7dGJo4pcD2V6oG8kP0tJRR,1,['7GXOXYdU950eRvk5rUAE8F']
Ice Spice,3LZZPxNDGDFVSIPqf4JuEf,Central Cee,5H4yInM5zmHqpKIoMNAx4r,1,['57lsYy0OZLNb5OQ7fEa3Hs']
SOG,18dspUI6gqabm5XCC2RcUD,Ryan Castro,7j6DKwmjbxvpQO8h914uEz,2,"['0zNMdrDEs5N0JPQ7RYQZln', '79IBoMfFn67UI15YkP1FSp']"
Maria Becerra,1DxLCyH42yaHKGK3cl5bvG,Big One,2OhUNb01gLwygOizYvTm0e,1,['3KeYEr9ogMBemsOfQIJmZp']
Big One,2OhUNb01gLwygOizYvTm0e,Trueno,2x7PC78TmgqpEIjaGAZ0Oz,1,['3KeYEr9ogMBemsOfQIJmZp']
Maria Becerra,1DxLCyH42yaHKGK3cl5bvG,Trueno,2x7PC78TmgqpEIjaGAZ0Oz,1,['3KeYEr9ogMBemsOfQIJmZp']
Jimin,1oSPZhvZMIrWW5I41kPkkY,Sofia Carson,7bp2lSdh12wcA8LyB1srfJ,1,['3d2bsbugow8JiNvuaRupFH']
ELENA ROSE,0zO8yNnw5GQgutcIyXfGBY,Boza,2NfSBtmWe7oPw1EmetJVso,1,['5pVJ3IlnpIorU44oXizzG5']
Dionela,1chOgh5tgwfiyJ2zhUHwBj,Jay R,3z0IVhtuFvt9VYUZGT98PU,1,['1imaIe1NEAaWnLF0BY0V6F']
Peso Pluma,12GqGscKJx3aE4t07u7eVZ,Kenia OS,31VFEohvhOUKrtAONEBhMG,1,['3GWUv0TDO5E3cHfsxYeptt']
Post Malone,246dkjvS1zLTtiykXe5h60,Luke Combs,718COspgdWOnwOFpJHRZHS,2,"['1IzCS4zuowRsXu4YS8caOB', '6StwwqB84sJeLr7tZDTxEX']"
Drake,3TVXtAsR1Inumwj472S9r4,Gordo,4Ge9GwmWnOQsohwPTrXyHc,1,['02YMpD1xbZZzpZbuZNvmD7']
Hanumankind,4nVa6XlBFlIkF6msW57PHp,Kalmi,6tYCSHLtTI54AQJFOMfU45,1,['0OA00aPt3BV10qeMIs3meW']
Daniel Caesar,20wkVLutqVOYrc0kxFs7rA,H.E.R.,3Y7RZ31TRPVadSFVy1o8os,1,['1RMJOxR6GRPsBHL8qeC2ux']
Tom Odell,2txHhyCwHjUEpJjWrEyqyX,Lost Frequencies,7f5Zgnp2spUuuzKplmRkt7,1,['4MSj19TwYBLgDFj3ddEeco']
Charli xcx,25uiPmTg16RbhZWAqwLBy5,Billie Eilish,6qqNVTkY8uBg9cP3Jd7DAH,1,['0IsIY8pfu1yaGkPUD7pkDx']
A$AP Rocky,13ubrt8QOOCPljQ2FL1Kca,Jessica Pratt,5KTykbPcDB4GYS49jcHbWh,1,['57L5EYzCfHS7Jd58rV33lW']
Travis Scott,0Y5tJX1MQlPlqiwlOH1tJY,Asake,3a1tBryiczPAZpgoZN9Rzg,1,['1qxKva4IzWde7m2jLpZvDU']
J Balvin,1vyhD5VmyZ7KMfW5gqLgo5,Feid,2LRoIwlKmHjgvigdNGBHNo,2,"['2llFXBrftm6YJzBj3tpk0s', '3mg9jYNC1NihbthlglzrWP']"
Drake,3TVXtAsR1Inumwj472S9r4,Young Thug,50co4Is1HCEo8bhOyUWKpn,1,['4VQO1UdVIecQqB49PlANHz']
Traia Véia,0FMBXfGasuAjdpsCs7zgju,Luan Pereira,5kVgcCdPbeUwxBqWxi2Ktl,1,['0S7o4sti5I5CAbbotTUzTM']
P!nk,1KCSPY1glIKqW2TotWuXOR,Nate Ruess,1qUjOF5fzrpoNycD36b2jZ,1,['1mKXFLRA179hdOWQBwUk9e']
LISA,5L1lO4eRHmJ7a0Q6csE5cT,ROSALÍA,7ltDVBr6mKbRvohxheJ9h1,1,['7ov3TDp5D00Rnu5R1viX4w']
Bruno Mars,0du5cEVh5yTK9QJze8zA0C,Lady Gaga,1HY2Jd0NmPuamShAr6KMms,1,['2plbrEY59IikOBgBGLjaoe']
Post Malone,246dkjvS1zLTtiykXe5h60,Tim McGraw,6roFdX1y5BYSbp60OTJWMd,1,['2CIXO1jQbrV1hlfI7FUKld']
Post Malone,246dkjvS1zLTtiykXe5h60,Chris Stapleton,4YLtscXsxbVgi031ovDDdh,1,['1SPI4AlK4121PEQPGSpdcY']
Post Malone,246dkjvS1zLTtiykXe5h60,Hank Williams Jr.,2dyeCWctcFRt3Pha76ONgb,1,['4Kd9tBUgpXv26OfR6ugBv1']
Jelly Roll,19k8AgwwTSxeaxkOuCQEJs,Post Malone,246dkjvS1zLTtiykXe5h60,1,['0gucUyFMFRMlUiVn9US4YX']
Post Malone,246dkjvS1zLTtiykXe5h60,Dolly Parton,32vWCbZh0xZ4o9gkz4PsEU,1,['1sqXfPaRD7npnH712RZQAF']
Brad Paisley,13YmWQJFwgZrd4bf5IjMY4,Post Malone,246dkjvS1zLTtiykXe5h60,1,['20hTkA9oKKuxghkRptRczS']
Post Malone,246dkjvS1zLTtiykXe5h60,Lainey Wilson,6tPHARSq45lQ8BSALCfkFC,1,['25uMKq5kygC2woAfeetEfE']
Post Malone,246dkjvS1zLTtiykXe5h60,ERNEST,4GGfAshSkqoxpZdoaHm7ky,1,['149r4BNMXwFRWjPYcKNNgc']
Jorge & Mateus,1elUiq4X7pxej6FRlrEzjM,Henrique & Juliano,3p7PcrEHaaKLJnPUGOtRlT,1,['5sKGmZDmkGwFed5dPpZpZL']
Post Malone,246dkjvS1zLTtiykXe5h60,HARDY,5QNm7E7RU2m64l6Gliu8Oy,1,['6nf4oqFOsVKLwJPEliYVwT']
Post Malone,246dkjvS1zLTtiykXe5h60,Sierra Ferrell,3oVcF3VdpMuvMvLLyHPT4t,1,['4rhSYWoLaBbkQccjme9UOJ']
Kaique e Felipe,0JRPF8WIKUtSO2IUYfrcuh,Luan Pereira,5kVgcCdPbeUwxBqWxi2Ktl,1,['7l9Tq5phzkLnhWUyfp702G']
Coldplay,4gzpq5DPGxSnKTe4SA8HAU,Little Simz,6eXZu6O7nAUA5z6vLV8NKI,2,"['2sKHevALE8DKDkwEo04Pbh', '7xrEnNo99wrmIs8ZK3RZMK']"
Burna Boy,3wcj11K77LjEY1PkEazffa,Coldplay,4gzpq5DPGxSnKTe4SA8HAU,2,"['2sKHevALE8DKDkwEo04Pbh', '7xrEnNo99wrmIs8ZK3RZMK']"
Elyanna,0jIWKlfmD4Ew7HeVVrq03g,Coldplay,4gzpq5DPGxSnKTe4SA8HAU,2,"['2sKHevALE8DKDkwEo04Pbh', '7xrEnNo99wrmIs8ZK3RZMK']"
Coldplay,4gzpq5DPGxSnKTe4SA8HAU,TINI,7vXDAI8JwjW531ouMGbfcp,2,"['2sKHevALE8DKDkwEo04Pbh', '7xrEnNo99wrmIs8ZK3RZMK']"
Burna Boy,3wcj11K77LjEY1PkEazffa,Little Simz,6eXZu6O7nAUA5z6vLV8NKI,2,"['2sKHevALE8DKDkwEo04Pbh', '7xrEnNo99wrmIs8ZK3RZMK']"
Elyanna,0jIWKlfmD4Ew7HeVVrq03g,Little Simz,6eXZu6O7nAUA5z6vLV8NKI,2,"['2sKHevALE8DKDkwEo04Pbh', '7xrEnNo99wrmIs8ZK3RZMK']"
Little Simz,6eXZu6O7nAUA5z6vLV8NKI,TINI,7vXDAI8JwjW531ouMGbfcp,2,"['2sKHevALE8DKDkwEo04Pbh', '7xrEnNo99wrmIs8ZK3RZMK']"
Elyanna,0jIWKlfmD4Ew7HeVVrq03g,Burna Boy,3wcj11K77LjEY1PkEazffa,2,"['2sKHevALE8DKDkwEo04Pbh', '7xrEnNo99wrmIs8ZK3RZMK']"
Burna Boy,3wcj11K77LjEY1PkEazffa,TINI,7vXDAI8JwjW531ouMGbfcp,2,"['2sKHevALE8DKDkwEo04Pbh', '7xrEnNo99wrmIs8ZK3RZMK']"
Elyanna,0jIWKlfmD4Ew7HeVVrq03g,TINI,7vXDAI8JwjW531ouMGbfcp,2,"['2sKHevALE8DKDkwEo04Pbh', '7xrEnNo99wrmIs8ZK3RZMK']"
Feid,2LRoIwlKmHjgvigdNGBHNo,Maisak,6B1hSmaLdOvChinK2Z7gfi,1,['2gmd7lY3QSzLh0xIY4cRvi']
Travis Scott,0Y5tJX1MQlPlqiwlOH1tJY,Rich Homie Quan,5lHRUCqkQZCIWeX7xG4sYT,1,['0uFz9q2SvuKyWB6Ur1YCfI']
Young Thug,50co4Is1HCEo8bhOyUWKpn,Rich Homie Quan,5lHRUCqkQZCIWeX7xG4sYT,1,['0uFz9q2SvuKyWB6Ur1YCfI']
Travis Scott,0Y5tJX1MQlPlqiwlOH1tJY,The 1975,3mIj9lX2MWuHmhNCA7LSCW,1,['1qXQmENykriAHunVaZc6FW']
Travis Scott,0Y5tJX1MQlPlqiwlOH1tJY,Big Sean,0c173mlxpT3dSFRgMO8XPh,1,['1qXQmENykriAHunVaZc6FW']
Big Sean,0c173mlxpT3dSFRgMO8XPh,The 1975,3mIj9lX2MWuHmhNCA7LSCW,1,['1qXQmENykriAHunVaZc6FW']
Mari Fernandez,0BHm7qbh3ENxvXzkQAG7MP,Zé Felipe,7cmuxPnXRJxwuYDHfbD8Eu,1,['7xjV9rXbAUDCreKgx2pkGY']
Sachin-Jigar,1mBydYMVBECdDmMfE2sEUO,Madhubanti Bagchi,4ojkMVHjuDZgDXSJy5qs2h,1,['5AnWrUzsrFgBvhn6dUElnr']
Divya Kumar,0NErdIJtuKBjtxKmlqaWdj,Sachin-Jigar,1mBydYMVBECdDmMfE2sEUO,1,['5AnWrUzsrFgBvhn6dUElnr']
Sachin-Jigar,1mBydYMVBECdDmMfE2sEUO,Amitabh Bhattacharya,2fMqTqiTxUDlmcOEPaQSsx,1,['5AnWrUzsrFgBvhn6dUElnr']
Divya Kumar,0NErdIJtuKBjtxKmlqaWdj,Madhubanti Bagchi,4ojkMVHjuDZgDXSJy5qs2h,1,['5AnWrUzsrFgBvhn6dUElnr']
Amitabh Bhattacharya,2fMqTqiTxUDlmcOEPaQSsx,Madhubanti Bagchi,4ojkMVHjuDZgDXSJy5qs2h,1,['5AnWrUzsrFgBvhn6dUElnr']
Divya Kumar,0NErdIJtuKBjtxKmlqaWdj,Amitabh Bhattacharya,2fMqTqiTxUDlmcOEPaQSsx,1,['5AnWrUzsrFgBvhn6dUElnr']
Tito Double P,5eumcnUkdmGvkvcsx1WFNG,Neton Vega,6pV5zH2LzjOUHaAvENdMMa,1,['7qXptgpZGo8AFPhJCBVLFE']
Luan Pereira,5kVgcCdPbeUwxBqWxi2Ktl,Ícaro e Gilmar,6Wlvsn3IPHiZwAv02lB5eC,1,['7sAyqOe0BHySvFjSI5tnBA']
NATTAN,1SXhEXzOTF7YeuQX59m7pT,Zé Felipe,7cmuxPnXRJxwuYDHfbD8Eu,1,['3TzANwXYkLsjIY9CT7prcL']
NATTAN,1SXhEXzOTF7YeuQX59m7pT,O REI DA BATIDINHA,1mwcAHaMzrUvCjVcg89lgB,1,['3TzANwXYkLsjIY9CT7prcL']
O REI DA BATIDINHA,1mwcAHaMzrUvCjVcg89lgB,Zé Felipe,7cmuxPnXRJxwuYDHfbD8Eu,1,['3TzANwXYkLsjIY9CT7prcL']
Topic,0u6GtibW46tFX7koQ6uNJZ,HUGEL,5PlfkPxwCpRRWQJBxCa0By,1,['5nPbKG04fhLkIAjcPFaZq7']
HUGEL,5PlfkPxwCpRRWQJBxCa0By,Arash,7hQmAXAzWI6D350VTgkKTG,1,['5nPbKG04fhLkIAjcPFaZq7']
Daecolm,1IFAU4mznUcfPVP9z2c24N,HUGEL,5PlfkPxwCpRRWQJBxCa0By,1,['5nPbKG04fhLkIAjcPFaZq7']
Topic,0u6GtibW46tFX7koQ6uNJZ,Arash,7hQmAXAzWI6D350VTgkKTG,1,['5nPbKG04fhLkIAjcPFaZq7']
Topic,0u6GtibW46tFX7koQ6uNJZ,Daecolm,1IFAU4mznUcfPVP9z2c24N,1,['5nPbKG04fhLkIAjcPFaZq7']
Daecolm,1IFAU4mznUcfPVP9z2c24N,Arash,7hQmAXAzWI6D350VTgkKTG,1,['5nPbKG04fhLkIAjcPFaZq7']
Megan Thee Stallion,181bsRPaVXVlUKXrxwZfHK,RM,2auC28zjQyVTsiZKNgPRGs,1,['2ZqTbIID9vFPTXaGyzbb4q']
A$AP Rocky,13ubrt8QOOCPljQ2FL1Kca,J. Cole,6l3HvQ5sa6mXTsMTB19rO5,1,['1lloYB6uHOTDmheiWsq4DL']
Chino Pacas,2rmkQLzj0k4nZdQehOUByO,Tito Double P,5eumcnUkdmGvkvcsx1WFNG,1,['6HrALJOMsfPCCbUo5cJCON']
Veigh,4YqwRbMLqGHRHLS1w2ZKse,Matuê,5nP8x4uEFjAAmDzwOEc9b8,1,['2fjqfFUq64thFsqfKN01kS']
Matuê,5nP8x4uEFjAAmDzwOEc9b8,Teto,68YeXpLt3jB7JHQS5ZjMGo,1,['6OcZP4rUfuxms2r8Mwx5BQ']
Charli xcx,25uiPmTg16RbhZWAqwLBy5,Troye Sivan,3WGpXCj9YhhfX11TToZcXP,1,['7CwWhMGWICOl2ICwbk3QTE']
Cris Mj,1Yj5Xey7kTwvZla8sqdsdE,LOUKI,6uzHLlGqFKaXYOnZyYmXYg,1,['6PhRhocBXP4y7NpciGmzra']
LOUKI,6uzHLlGqFKaXYOnZyYmXYg,FloyyMenor,7CvTknweLr9feJtRGrpDBy,1,['6PhRhocBXP4y7NpciGmzra']
Lazza,0jdNdfi4vAuVi7a6cPDFBM,Sfera Ebbasta,23TFHmajVfBtlRx5MXqgoz,1,['4kDi7X5sgqF0aM74aPBWSc']
Yandel,0eHQ9o50hj6ZDNBt6Ys1sD,Feid,2LRoIwlKmHjgvigdNGBHNo,1,['6ZCfGA0bPM50DPmcSlJKGY']
Oscar Maydon,3l9G1G9MxH6DaRhwLklaf5,Victor Mendivil,5YqI7p8zYsOpKJtjxYdOce,1,['1cZHUhGz7xJ8c4szDipipd']
Kali Uchis,1U1el3k54VvEUzo3ybLPlM,Daniel Caesar,20wkVLutqVOYrc0kxFs7rA,1,['7zFXmv6vqI4qOt4yGf3jYZ']
Omar Courtz,3E12tRURRvPfHz0hAMCFYc,De La Rose,54seKvtsZauR1iauN0ptpo,1,['0Sr7ssScx54yxdM2ols7nW']
The La Planta,4oZolC0sCwCAKqsNXfRlVS,Valentino Merlo,55ru5B05MMBunM1tvH7Di6,1,['0SoBfYjQHvL6cuWHtPUYnq']
Kygo,23fqKkggKUBHNkbKtXEls4,Imagine Dragons,53XhwfbYqKCa1cC15pYq2q,1,['5REMa10O4aA2mLtYyflWxs']
Tiago PZK,5Y3MV9DZ0d87NnVm56qSY1,Anitta,7FNnA9vBm6EKceENgCGRMb,1,['0c82YIGpQ5dCaXpTNCk4sb']
Emilia,0AqlFI0tz2DsEoJlKSIiT9,Anitta,7FNnA9vBm6EKceENgCGRMb,1,['0c82YIGpQ5dCaXpTNCk4sb']
Fuerza Regida,0ys2OFYzWYB5hRDLCsBqxt,Oscar Maydon,3l9G1G9MxH6DaRhwLklaf5,1,['1cOboCuWYI2osTOfolMRS6']
XXXTENTACION,15UsOTVnJzReFVN1VCnxy4,Lil Peep,2kCcBybjl3SAtIcwdWpUe3,1,['4jvjzW7Hm0yK4LvvE0Paz9']
A$AP Rocky,13ubrt8QOOCPljQ2FL1Kca,Imogen Heap,6Xb4ezwoAQC4516kI89nWz,1,['3ZaEs1O8BG581qYPHpQ8d6']
A$AP Rocky,13ubrt8QOOCPljQ2FL1Kca,Clams Casino,5vSQUyT33qxr1xAX2Tkf3A,1,['3ZaEs1O8BG581qYPHpQ8d6']
Clams Casino,5vSQUyT33qxr1xAX2Tkf3A,Imogen Heap,6Xb4ezwoAQC4516kI89nWz,1,['3ZaEs1O8BG581qYPHpQ8d6']
Pitbull,0TnOYISbd1XYRBk9myaseg,Kesha,6LqNN22kT3074XbTVUrhzX,1,['3cHyrEgdyYRjgJKSOiOtcS']
Tito Double P,5eumcnUkdmGvkvcsx1WFNG,Grupo Frontera,6XkjpgcEsYab502Vr1bBeW,1,['2lAUq68F2bt7Kc218n9FPp']
KSI,1nzgtKYFckznkcVMR3Gg4z,Trippie Redd,6Xgp2XMz1fhVYe7i6yNAax,1,['1xmvq1fYLs9TEgikaFilGW']
Charli xcx,25uiPmTg16RbhZWAqwLBy5,Ariana Grande,66CXWjxzNUsdJxJ2JdwvnR,1,['3nQ24dxqvxZEVwlHTeuLz0']
Charli xcx,25uiPmTg16RbhZWAqwLBy5,The 1975,3mIj9lX2MWuHmhNCA7LSCW,1,['4l4OfcR9UPPT06BINAxbiA']
Charli xcx,25uiPmTg16RbhZWAqwLBy5,Jon Hopkins,7yxi31szvlbwvKq9dYOmFI,1,['4l4OfcR9UPPT06BINAxbiA']
The 1975,3mIj9lX2MWuHmhNCA7LSCW,Jon Hopkins,7yxi31szvlbwvKq9dYOmFI,1,['4l4OfcR9UPPT06BINAxbiA']
Charli xcx,25uiPmTg16RbhZWAqwLBy5,Bb trickz,5QS9NAK4AgJPTcRe472pZA,1,['2zbtUOuh8lREqhg8JCRrhs']
Charli xcx,25uiPmTg16RbhZWAqwLBy5,Shygirl,3M3wTTCDwicRubwMyHyEDy,1,['5xyaPwLmgoyGlDDu2H0Uix']
Charli xcx,25uiPmTg16RbhZWAqwLBy5,Caroline Polachek,4Ge8xMJNwt6EEXOzVXju9a,1,['1RGidCmtrqER8GBs8TnG9C']
Bruno Mars,0du5cEVh5yTK9QJze8zA0C,ROSÉ,3eVa5w3URK5duf6eyVDbu9,1,['4wJ5Qq0jBN4ajy7ouZIV1c']
Wizkid,3tVQdUvClmAT7URs9V3rsp,Brent Faiyaz,3tlXnStJ1fFhdScmQeLpuG,1,['2nYeyMeqYDiFSYYtl2BWD6']
benny blanco,5CiGnKThu5ctn9pBxv7DGa,Myke Towers,7iK8PXO48WeuP03g8YR51W,1,['0qeIFEGRQqHoaJtLCl0U73']
DJ Glenner,6XX6KGpomRDPmGGm7bofCK,MC Tuto,6aoGgTKGqtsjj48ymcNs4Z,1,['6s1kzj4EbhFLXbuAGJbhbn']
Luis R Conriquez,0pePYDrJGk8gqMRbXrLJC8,Gabito Ballesteros,6Sbl0NT50roqWvy746MfVf,1,['4OLT65TRsOx3Iv1TlCcQVb']
Gabito Ballesteros,6Sbl0NT50roqWvy746MfVf,Neton Vega,6pV5zH2LzjOUHaAvENdMMa,1,['4OLT65TRsOx3Iv1TlCcQVb']
Natanael Cano,0elWFr7TW8piilVRYJUe4P,Luis R Conriquez,0pePYDrJGk8gqMRbXrLJC8,1,['4OLT65TRsOx3Iv1TlCcQVb']
Natanael Cano,0elWFr7TW8piilVRYJUe4P,Neton Vega,6pV5zH2LzjOUHaAvENdMMa,1,['4OLT65TRsOx3Iv1TlCcQVb']
Blessd,1TA5sGRlKUJXBN4ZyJuDIX,W Sound,5uwa6tAMMfNbBFIHiI6NV4,1,['13BDiikG6y5o5cQTK0HpW6']
Ovy On The Drums,3m5qlPf2OkihLz3dRYnkPA,W Sound,5uwa6tAMMfNbBFIHiI6NV4,1,['13BDiikG6y5o5cQTK0HpW6']
MC Cebezinho,5Dz2FizMLqV0Cr3c8uhEcF,Love Funk,64DTkZLH6KkkMwZEEZ5VWC,1,['3H7eBmcTJyuEMStfmKuLmG']
MC Cebezinho,5Dz2FizMLqV0Cr3c8uhEcF,Mc Kako,5InVWl8IZB8zFAoNa5roKm,1,['3H7eBmcTJyuEMStfmKuLmG']
DJ Oreia,1b8S7EPzdckRyIh0uSbOMI,Love Funk,64DTkZLH6KkkMwZEEZ5VWC,1,['3H7eBmcTJyuEMStfmKuLmG']
DJ Oreia,1b8S7EPzdckRyIh0uSbOMI,Mc Kako,5InVWl8IZB8zFAoNa5roKm,1,['3H7eBmcTJyuEMStfmKuLmG']
Love Funk,64DTkZLH6KkkMwZEEZ5VWC,MC Tuto,6aoGgTKGqtsjj48ymcNs4Z,1,['3H7eBmcTJyuEMStfmKuLmG']
Mc Kako,5InVWl8IZB8zFAoNa5roKm,MC Tuto,6aoGgTKGqtsjj48ymcNs4Z,1,['3H7eBmcTJyuEMStfmKuLmG']
Mc Kako,5InVWl8IZB8zFAoNa5roKm,Love Funk,64DTkZLH6KkkMwZEEZ5VWC,1,['3H7eBmcTJyuEMStfmKuLmG']
Daniel Caesar,20wkVLutqVOYrc0kxFs7rA,Tyler The Creator,4V8LLVI7PbaPR0K2TGSxFF,2,"['1QoyuMHNBe7lg3YW4Qtll4', '4BSR9I4ExlCJdXJo2GpBD5']"
Teezo Touchdown,0fGcIStdT1OpFFhOC7Wp36,Tyler The Creator,4V8LLVI7PbaPR0K2TGSxFF,1,['0VaeksJaXy5R1nvcTMh3Xk']
GloRilla,2qoQgPAilErOKCwE2Y8wOG,Tyler The Creator,4V8LLVI7PbaPR0K2TGSxFF,1,['3tFed7YsjGnIfxeLEQwx3R']
Sexyy Red,3DbwFQlvLxRSi2uX8mf81A,Tyler The Creator,4V8LLVI7PbaPR0K2TGSxFF,1,['3tFed7YsjGnIfxeLEQwx3R']
Tyler The Creator,4V8LLVI7PbaPR0K2TGSxFF,Lil Wayne,55Aa2cqylxrFIXC767Z865,1,['3tFed7YsjGnIfxeLEQwx3R']
GloRilla,2qoQgPAilErOKCwE2Y8wOG,Sexyy Red,3DbwFQlvLxRSi2uX8mf81A,2,"['3tFed7YsjGnIfxeLEQwx3R', '5xeSd4HgzrYpNLEf3LfYLK']"
GloRilla,2qoQgPAilErOKCwE2Y8wOG,Lil Wayne,55Aa2cqylxrFIXC767Z865,1,['3tFed7YsjGnIfxeLEQwx3R']
Sexyy Red,3DbwFQlvLxRSi2uX8mf81A,Lil Wayne,55Aa2cqylxrFIXC767Z865,1,['3tFed7YsjGnIfxeLEQwx3R']
Tyler The Creator,4V8LLVI7PbaPR0K2TGSxFF,ScHoolboy Q,5IcR3N7QB1j6KBL8eImZ8m,1,['2aYHxnMF2umAavtgBvmkY1']
Tyler The Creator,4V8LLVI7PbaPR0K2TGSxFF,Santigold,6Jrxnp0JgqmeUX1veU591p,1,['2aYHxnMF2umAavtgBvmkY1']
ScHoolboy Q,5IcR3N7QB1j6KBL8eImZ8m,Santigold,6Jrxnp0JgqmeUX1veU591p,1,['2aYHxnMF2umAavtgBvmkY1']
Tyler The Creator,4V8LLVI7PbaPR0K2TGSxFF,LaToiya Williams,6w71vXwHI2Oz6I5OO41tRM,1,['4BSR9I4ExlCJdXJo2GpBD5']
Daniel Caesar,20wkVLutqVOYrc0kxFs7rA,LaToiya Williams,6w71vXwHI2Oz6I5OO41tRM,1,['4BSR9I4ExlCJdXJo2GpBD5']
Tyler The Creator,4V8LLVI7PbaPR0K2TGSxFF,Lola Young,67FB4n52MgexGQIG8s0yUH,1,['6jbYpRPTEFl1HFKHk1IC0m']
Doechii,4E2rKHVDssGJm2SCDOMMJB,Tyler The Creator,4V8LLVI7PbaPR0K2TGSxFF,1,['35D1RA5uVFVhMc1qX80TaQ']
Bobby (Boris) Pickett,42MRYPhQfcEXqb18dl5ERX,The Crypt-Kickers,4frDtYgwXXKkbyQzjOmJG5,1,['0xxZY5C9xxij3D1HkzbnfC']
The Weeknd,1Xyo4u8uXC1ZmMpatF05PJ,Anitta,7FNnA9vBm6EKceENgCGRMb,1,['0xGQTpN4ESETtl1Sp6rzd2']
John Carpenter,0hxQtmgWiPtEsDPeIuKxXq,Cody Carpenter,5rJxl4BLLAaFRSNgAz2hSg,1,['6Z36wt7oo6xm2uGN00PnTq']
Daniel Davies,0YaDmIGxP3HVcH7xvkpvSP,John Carpenter,0hxQtmgWiPtEsDPeIuKxXq,1,['6Z36wt7oo6xm2uGN00PnTq']
Daniel Davies,0YaDmIGxP3HVcH7xvkpvSP,Cody Carpenter,5rJxl4BLLAaFRSNgAz2hSg,1,['6Z36wt7oo6xm2uGN00PnTq']
Sam Smith,2wY79sveU1sp5g7SokKOiI,Kim Petras,3Xt3RrJMFv5SZkCfUE8C1J,1,['0NZPBYD5qbEWRs3PrGiRkT']
Duki,1bAftSH8umNcGZ0uyV7LMg,Myke Towers,7iK8PXO48WeuP03g8YR51W,1,['03IpZ9yqJlo3EIgDQUgBSF']
Big Time Rush,0GWCNkPi54upO9WLlwjAHd,Lil Uzi Vert,4O15NlyKLIASxsJ0PrXPfz,1,['7KGqSVxESDoLeeRCiIxZZ2']
Peso Pluma,12GqGscKJx3aE4t07u7eVZ,Ryan Castro,7j6DKwmjbxvpQO8h914uEz,1,['0zNMdrDEs5N0JPQ7RYQZln']
Peso Pluma,12GqGscKJx3aE4t07u7eVZ,SOG,18dspUI6gqabm5XCC2RcUD,1,['0zNMdrDEs5N0JPQ7RYQZln']
Feid,2LRoIwlKmHjgvigdNGBHNo,KAROL G,790FomKkXshlbRYZFtlgla,1,['3mg9jYNC1NihbthlglzrWP']
DFZM,6ndLrsgT3MV5CNxIrW71fw,KAROL G,790FomKkXshlbRYZFtlgla,1,['3mg9jYNC1NihbthlglzrWP']
Ovy On The Drums,3m5qlPf2OkihLz3dRYnkPA,KAROL G,790FomKkXshlbRYZFtlgla,1,['3mg9jYNC1NihbthlglzrWP']
J Balvin,1vyhD5VmyZ7KMfW5gqLgo5,KAROL G,790FomKkXshlbRYZFtlgla,1,['3mg9jYNC1NihbthlglzrWP']
Maluma,1r4hJ1h58CWwUQe3MxPuau,KAROL G,790FomKkXshlbRYZFtlgla,1,['3mg9jYNC1NihbthlglzrWP']
KAROL G,790FomKkXshlbRYZFtlgla,Ryan Castro,7j6DKwmjbxvpQO8h914uEz,1,['3mg9jYNC1NihbthlglzrWP']
Blessd,1TA5sGRlKUJXBN4ZyJuDIX,KAROL G,790FomKkXshlbRYZFtlgla,1,['3mg9jYNC1NihbthlglzrWP']
Feid,2LRoIwlKmHjgvigdNGBHNo,DFZM,6ndLrsgT3MV5CNxIrW71fw,1,['3mg9jYNC1NihbthlglzrWP']
Feid,2LRoIwlKmHjgvigdNGBHNo,Ovy On The Drums,3m5qlPf2OkihLz3dRYnkPA,1,['3mg9jYNC1NihbthlglzrWP']
Maluma,1r4hJ1h58CWwUQe3MxPuau,Feid,2LRoIwlKmHjgvigdNGBHNo,1,['3mg9jYNC1NihbthlglzrWP']
Feid,2LRoIwlKmHjgvigdNGBHNo,Ryan Castro,7j6DKwmjbxvpQO8h914uEz,1,['3mg9jYNC1NihbthlglzrWP']
Ovy On The Drums,3m5qlPf2OkihLz3dRYnkPA,DFZM,6ndLrsgT3MV5CNxIrW71fw,1,['3mg9jYNC1NihbthlglzrWP']
J Balvin,1vyhD5VmyZ7KMfW5gqLgo5,DFZM,6ndLrsgT3MV5CNxIrW71fw,1,['3mg9jYNC1NihbthlglzrWP']
Maluma,1r4hJ1h58CWwUQe3MxPuau,DFZM,6ndLrsgT3MV5CNxIrW71fw,1,['3mg9jYNC1NihbthlglzrWP']
DFZM,6ndLrsgT3MV5CNxIrW71fw,Ryan Castro,7j6DKwmjbxvpQO8h914uEz,1,['3mg9jYNC1NihbthlglzrWP']
Blessd,1TA5sGRlKUJXBN4ZyJuDIX,DFZM,6ndLrsgT3MV5CNxIrW71fw,1,['3mg9jYNC1NihbthlglzrWP']
J Balvin,1vyhD5VmyZ7KMfW5gqLgo5,Ovy On The Drums,3m5qlPf2OkihLz3dRYnkPA,1,['3mg9jYNC1NihbthlglzrWP']
Maluma,1r4hJ1h58CWwUQe3MxPuau,Ovy On The Drums,3m5qlPf2OkihLz3dRYnkPA,1,['3mg9jYNC1NihbthlglzrWP']
Ovy On The Drums,3m5qlPf2OkihLz3dRYnkPA,Ryan Castro,7j6DKwmjbxvpQO8h914uEz,1,['3mg9jYNC1NihbthlglzrWP']
Maluma,1r4hJ1h58CWwUQe3MxPuau,J Balvin,1vyhD5VmyZ7KMfW5gqLgo5,1,['3mg9jYNC1NihbthlglzrWP']
J Balvin,1vyhD5VmyZ7KMfW5gqLgo5,Ryan Castro,7j6DKwmjbxvpQO8h914uEz,1,['3mg9jYNC1NihbthlglzrWP']
Blessd,1TA5sGRlKUJXBN4ZyJuDIX,J Balvin,1vyhD5VmyZ7KMfW5gqLgo5,1,['3mg9jYNC1NihbthlglzrWP']
Maluma,1r4hJ1h58CWwUQe3MxPuau,Ryan Castro,7j6DKwmjbxvpQO8h914uEz,1,['3mg9jYNC1NihbthlglzrWP']
Blessd,1TA5sGRlKUJXBN4ZyJuDIX,Maluma,1r4hJ1h58CWwUQe3MxPuau,1,['3mg9jYNC1NihbthlglzrWP']
Blessd,1TA5sGRlKUJXBN4ZyJuDIX,Ryan Castro,7j6DKwmjbxvpQO8h914uEz,1,['3mg9jYNC1NihbthlglzrWP']
Aleyna Tilki,4ckLjJztj53Ifid7WHweBn,Dedublüman,5PRW6j58xEEWL4DDVEITKT,1,['1lNcnIU4jtqD69Qtfjh8EJ']
Natanael Cano,0elWFr7TW8piilVRYJUe4P,Tito Double P,5eumcnUkdmGvkvcsx1WFNG,1,['7AysIqSEDiwP4CUsAXJwrk']
MC LUUKY,70jpkgy5oGT4YjaGFpCpk7,DJ JB Mix,7wLAecYIgstxcjqe6JwT3w,1,['5TOvA5Uhxti7FPh0EIdClV']
Rauw Alejandro,1mcTU81TzQhprhouKaTkpq,Bad Bunny,4q3ewBCX7sLwd24euuV69X,1,['0l0vcZMU7AOeQmUIREoI2U']
Rauw Alejandro,1mcTU81TzQhprhouKaTkpq,Laura Pausini,2e4nwiX8ZCU09LGLOpeqTH,1,['1uFW6czrHk5PsK3s6gOI7C']
Rauw Alejandro,1mcTU81TzQhprhouKaTkpq,Feid,2LRoIwlKmHjgvigdNGBHNo,1,['4lqJsJd7kqWVvamQ4aFHA8']
Rauw Alejandro,1mcTU81TzQhprhouKaTkpq,Romeo Santos,5lwmRuXgjX8xIwlnauTZIP,1,['1YYfyJ2yCvGFCxwjsIqEK9']
Rauw Alejandro,1mcTU81TzQhprhouKaTkpq,Marconi Impara,3AP96neoRZgep3w7wvhubP,1,['3PJgmyLaybZtALX4mrgbiD']
Rauw Alejandro,1mcTU81TzQhprhouKaTkpq,Yan Block,6TKygPpVT29oGUogu4J9Ec,1,['3PJgmyLaybZtALX4mrgbiD']
Marconi Impara,3AP96neoRZgep3w7wvhubP,Yan Block,6TKygPpVT29oGUogu4J9Ec,1,['3PJgmyLaybZtALX4mrgbiD']
WENDY,0FRUZvZNPzM3YJMABJxf2K,Jin,5vV3bFXnN6D6N3Nj4xRvaV,1,['1b6qYBwDMBpFylGVT4PRgD']
Rauw Alejandro,1mcTU81TzQhprhouKaTkpq,Pharrell Williams,2RdwBSPQiwcmiDo9kixcl8,1,['7xdRj1wA4XzYnXynPmtmnq']
Rauw Alejandro,1mcTU81TzQhprhouKaTkpq,Alexis y Fido,7tU1VKOuxiNZwBZC6RHidA,1,['3HCcfBsa4TdiC0so0fPnRi']
Rauw Alejandro,1mcTU81TzQhprhouKaTkpq,Mr. Naisgai,37BIBvfliXJpSgn10yQUJM,1,['0dDr2LgiACQVkZYJeStWh6']
Rauw Alejandro,1mcTU81TzQhprhouKaTkpq,LATIN MAFIA,6XTGKOV9jceQ6f67lnhpbF,1,['1UTLq40xh63wMrHELGnKWW']
Kendrick Lamar,2YZyLoL8N0Wb9xBt1NhZWg,Dody6,4VHa48wXlsDA2vWfgIi7cX,1,['5S8VwnB4sLi6W0lYTWYylu']
Lefty Gunplay,1jiZvw42D4oquLl24x2VWV,Kendrick Lamar,2YZyLoL8N0Wb9xBt1NhZWg,1,['0aB0v4027ukVziUGwVGYpG']
Kendrick Lamar,2YZyLoL8N0Wb9xBt1NhZWg,Wallie the Sensei,6cUpFVxDYWed9WxtC4QgC5,1,['4K1Pg0FLno1ltzX3jeqT83']
Kendrick Lamar,2YZyLoL8N0Wb9xBt1NhZWg,Siete7x,7J5UWTbsUFjoSQZQCQCqbQ,1,['4K1Pg0FLno1ltzX3jeqT83']
Kendrick Lamar,2YZyLoL8N0Wb9xBt1NhZWg,Roddy Ricch,757aE44tKEUQEqRuT6GnEB,1,['4K1Pg0FLno1ltzX3jeqT83']
Wallie the Sensei,6cUpFVxDYWed9WxtC4QgC5,Siete7x,7J5UWTbsUFjoSQZQCQCqbQ,1,['4K1Pg0FLno1ltzX3jeqT83']
Wallie the Sensei,6cUpFVxDYWed9WxtC4QgC5,Roddy Ricch,757aE44tKEUQEqRuT6GnEB,1,['4K1Pg0FLno1ltzX3jeqT83']
Roddy Ricch,757aE44tKEUQEqRuT6GnEB,Siete7x,7J5UWTbsUFjoSQZQCQCqbQ,1,['4K1Pg0FLno1ltzX3jeqT83']
Kendrick Lamar,2YZyLoL8N0Wb9xBt1NhZWg,Az Chike,6fqjJNsLs7g6F3PXy01Xnw,1,['2Uts1QFB4u2YNIMiqcb4de']
Kendrick Lamar,2YZyLoL8N0Wb9xBt1NhZWg,Hitta J3,50DchbKTiJU56SYmIRSJCI,1,['3aZptNYC6Z1YoumeqZcDcQ']
YoungThreat,1q2nUylEqrRJkiDkXa39Mw,Kendrick Lamar,2YZyLoL8N0Wb9xBt1NhZWg,1,['3aZptNYC6Z1YoumeqZcDcQ']
Peysoh,27OdVby2oeFjM1C5XvC3hC,Kendrick Lamar,2YZyLoL8N0Wb9xBt1NhZWg,1,['3aZptNYC6Z1YoumeqZcDcQ']
YoungThreat,1q2nUylEqrRJkiDkXa39Mw,Hitta J3,50DchbKTiJU56SYmIRSJCI,1,['3aZptNYC6Z1YoumeqZcDcQ']
Peysoh,27OdVby2oeFjM1C5XvC3hC,Hitta J3,50DchbKTiJU56SYmIRSJCI,1,['3aZptNYC6Z1YoumeqZcDcQ']
YoungThreat,1q2nUylEqrRJkiDkXa39Mw,Peysoh,27OdVby2oeFjM1C5XvC3hC,1,['3aZptNYC6Z1YoumeqZcDcQ']
Quevedo,52iwsT98xCoGgiGntTiR7K,Aitana,7eLcDZDYHXZCebtQmVFL25,1,['2kQ1OvmMzs1xdlH020aJJh']
Cynthia Erivo,46UMQ0cW8ToR8egkBRwAxZ,Ariana Grande,66CXWjxzNUsdJxJ2JdwvnR,2,"['5QMrH5nszZZR3nefIj6Mar', '7eGuPhpdS8sBjPJNuAShUX']"
Asake,3a1tBryiczPAZpgoZN9Rzg,Wizkid,3tVQdUvClmAT7URs9V3rsp,1,['2j8n2hpZlEMvtrjJ7n0ZIy']
Rels B,2IMZYfNi21MGqxopj9fWx8,Quevedo,52iwsT98xCoGgiGntTiR7K,1,['0ffPRT5WW86ecgGWGf5CyY']
The Fontane Sisters,1Ml4OuStDoympbREURAM15,Perry Como,5v8jlSmAQfrkTjAlpUfWtu,1,['6IeK3Ap5m3HabwJxgI6eSE']
Mitchell Ayres & His Orchestra,0HS96tPggl2nwiz3gNWWI5,Perry Como,5v8jlSmAQfrkTjAlpUfWtu,1,['6IeK3Ap5m3HabwJxgI6eSE']
Mitchell Ayres & His Orchestra,0HS96tPggl2nwiz3gNWWI5,The Fontane Sisters,1Ml4OuStDoympbREURAM15,1,['6IeK3Ap5m3HabwJxgI6eSE']
League of Legends,47mIJdHORyRerp4os813jD,Arcane,57nPqD7z62gDdq37US9XJR,9,"['0g0qfC3nAaIsfbxS29ksJx', '2MAk9ErHJIxgBZRXocHhly', '2aF78CWbNOyppg49sCZ4Cm', '37ozVDmL5b6NNVWFYgAlkz', '3CIyK1V4JEJkg02E4EJnDl', '3NqW1FtYalkdAr7gz7Btwh', '3qrTll9OQ9wcejTxPFY0qg', '5Qq9uvUXZU5zNDh0MlkBu8', '6BPcUXYERAahpunmb0AovH']"
Arcane,57nPqD7z62gDdq37US9XJR,Stromae,5j4HeCoUlzhfWtjAfM1acR,1,['6BPcUXYERAahpunmb0AovH']
Arcane,57nPqD7z62gDdq37US9XJR,Pomme,6e3pZKXUxrPfnUPJ960Hd9,1,['6BPcUXYERAahpunmb0AovH']
League of Legends,47mIJdHORyRerp4os813jD,Stromae,5j4HeCoUlzhfWtjAfM1acR,1,['6BPcUXYERAahpunmb0AovH']
League of Legends,47mIJdHORyRerp4os813jD,Pomme,6e3pZKXUxrPfnUPJ960Hd9,1,['6BPcUXYERAahpunmb0AovH']
Stromae,5j4HeCoUlzhfWtjAfM1acR,Pomme,6e3pZKXUxrPfnUPJ960Hd9,1,['6BPcUXYERAahpunmb0AovH']
Woodkid,44TGR1CzjKBxSHsSEy7bi9,Arcane,57nPqD7z62gDdq37US9XJR,1,['2MAk9ErHJIxgBZRXocHhly']
Woodkid,44TGR1CzjKBxSHsSEy7bi9,League of Legends,47mIJdHORyRerp4os813jD,1,['2MAk9ErHJIxgBZRXocHhly']
Twenty One Pilots,3YQKmKGau1PzlVlkL1iodx,Arcane,57nPqD7z62gDdq37US9XJR,2,"['1QJbDTZAO8rpGOMG4UahFM', '3qrTll9OQ9wcejTxPFY0qg']"
Twenty One Pilots,3YQKmKGau1PzlVlkL1iodx,League of Legends,47mIJdHORyRerp4os813jD,1,['3qrTll9OQ9wcejTxPFY0qg']
Ken Darby Singers,69UfPJgUmFFAVT740qGVZi,Bing Crosby,6ZjFtWeHP9XN7FeKSUe80S,1,['3XsaSIPWvM61RIFfeb0BBR']
Bing Crosby,6ZjFtWeHP9XN7FeKSUe80S,John Scott Trotter & His Orchestra,735L650pvygCZZlPMyHqsN,1,['3XsaSIPWvM61RIFfeb0BBR']
Ken Darby Singers,69UfPJgUmFFAVT740qGVZi,John Scott Trotter & His Orchestra,735L650pvygCZZlPMyHqsN,1,['3XsaSIPWvM61RIFfeb0BBR']
Ashnikko,3PyJHH2wyfQK3WZrk9rpmP,Arcane,57nPqD7z62gDdq37US9XJR,1,['0g0qfC3nAaIsfbxS29ksJx']
Ashnikko,3PyJHH2wyfQK3WZrk9rpmP,League of Legends,47mIJdHORyRerp4os813jD,1,['0g0qfC3nAaIsfbxS29ksJx']
Stray Kids,2dIgFjalVxs4ThymZ67YCE,Young Miko,3qsKSpcV3ncke3hw52JSMB,1,['37ozVDmL5b6NNVWFYgAlkz']
Stray Kids,2dIgFjalVxs4ThymZ67YCE,Arcane,57nPqD7z62gDdq37US9XJR,1,['37ozVDmL5b6NNVWFYgAlkz']
Stray Kids,2dIgFjalVxs4ThymZ67YCE,Tom Morello,74NBPbyyftqJ4SpDZ4c1Ed,1,['37ozVDmL5b6NNVWFYgAlkz']
Stray Kids,2dIgFjalVxs4ThymZ67YCE,League of Legends,47mIJdHORyRerp4os813jD,1,['37ozVDmL5b6NNVWFYgAlkz']
Young Miko,3qsKSpcV3ncke3hw52JSMB,Arcane,57nPqD7z62gDdq37US9XJR,1,['37ozVDmL5b6NNVWFYgAlkz']
Young Miko,3qsKSpcV3ncke3hw52JSMB,Tom Morello,74NBPbyyftqJ4SpDZ4c1Ed,1,['37ozVDmL5b6NNVWFYgAlkz']
Young Miko,3qsKSpcV3ncke3hw52JSMB,League of Legends,47mIJdHORyRerp4os813jD,1,['37ozVDmL5b6NNVWFYgAlkz']
Arcane,57nPqD7z62gDdq37US9XJR,Tom Morello,74NBPbyyftqJ4SpDZ4c1Ed,1,['37ozVDmL5b6NNVWFYgAlkz']
League of Legends,47mIJdHORyRerp4os813jD,Tom Morello,74NBPbyyftqJ4SpDZ4c1Ed,1,['37ozVDmL5b6NNVWFYgAlkz']
Arcane,57nPqD7z62gDdq37US9XJR,d4vd,5y8tKLUfMvliMe8IKamR32,1,['3NqW1FtYalkdAr7gz7Btwh']
League of Legends,47mIJdHORyRerp4os813jD,d4vd,5y8tKLUfMvliMe8IKamR32,1,['3NqW1FtYalkdAr7gz7Btwh']
Imagine Dragons,53XhwfbYqKCa1cC15pYq2q,JID,6U3ybJ9UHNKEdsH7ktGBZ7,1,['3CIyK1V4JEJkg02E4EJnDl']
Imagine Dragons,53XhwfbYqKCa1cC15pYq2q,Arcane,57nPqD7z62gDdq37US9XJR,1,['3CIyK1V4JEJkg02E4EJnDl']
League of Legends,47mIJdHORyRerp4os813jD,Imagine Dragons,53XhwfbYqKCa1cC15pYq2q,1,['3CIyK1V4JEJkg02E4EJnDl']
Arcane,57nPqD7z62gDdq37US9XJR,JID,6U3ybJ9UHNKEdsH7ktGBZ7,1,['3CIyK1V4JEJkg02E4EJnDl']
League of Legends,47mIJdHORyRerp4os813jD,JID,6U3ybJ9UHNKEdsH7ktGBZ7,1,['3CIyK1V4JEJkg02E4EJnDl']
Marcus King,0FeWKiZSwBRdGzqeCdlH1a,Arcane,57nPqD7z62gDdq37US9XJR,1,['2aF78CWbNOyppg49sCZ4Cm']
Marcus King,0FeWKiZSwBRdGzqeCdlH1a,League of Legends,47mIJdHORyRerp4os813jD,1,['2aF78CWbNOyppg49sCZ4Cm']
V,3JsHnjpbhX4SnySpvpa9DK,Park Hyo Shin,57htMBtzpppc1yoXgjbslj,1,['7G7mSV4BebkoHWwKTDvXu9']
Nicki Minaj,0hCNtLu0JehylgoiP8L4Gh,Juice WRLD,4MCBfE4596Uoi2O4DtmEMz,1,['3Fq192aYDVyTn0DmwdofZm']
Yoko Ono,2s4tjL6W3qrblOe0raIzwJ,John Lennon,4x1nvY2FN8jxqAFA0DA02H,1,['27RYrbL6S02LNVhDWVl38b']
Juice WRLD,4MCBfE4596Uoi2O4DtmEMz,benny blanco,5CiGnKThu5ctn9pBxv7DGa,1,['3ip0jk1C5jIBYTyHNX0dWm']
benny blanco,5CiGnKThu5ctn9pBxv7DGa,Eminem,7dGJo4pcD2V6oG8kP0tJRR,1,['3ip0jk1C5jIBYTyHNX0dWm']
Offset,4DdkRBBYG6Yk9Ka8tdJ9BW,Juice WRLD,4MCBfE4596Uoi2O4DtmEMz,1,['1PJH81OEIhWwT6WKTpKRlv']
Elton John,3PhoLpVuITZKcymswpck5b,Ed Sheeran,6eUKZXaKkcviH0Ku9w2n3V,1,['0hz5PNF2wejwUKCMpesQWt']
Henri René and His Orchestra,0oK8UXKZbQezeRhE0KeBAV,Eartha Kitt,1AwO9pWEBSBoWdEZu28XDC,1,['1foCxQtxBweJtZmdxhEHVO']
The Andrews Sisters,2NCGI6dLTxLdI9XHdv7QfM,Bing Crosby,6ZjFtWeHP9XN7FeKSUe80S,2,"['04vLj9QUXoKdRlsp3gkURo', '6yzNzQxqsIY3zRsTwzLI3v']"
DJ Ari SL,3la3vRfIuDMsydpPfUBryR,Brenno & Matheus,5aC2LaswbZgcf1G2uxqBxF,1,['6RzcNTnS02dnqoQMdTkQwi']
The Pogues,2wzMOQwNT6ZvVB4amvhFAH,Kirsty MacColl,6UlNIFEuWlBqb4TvlVCekq,1,['3VTNVsTTu05dmTsVFrmGpK']
Tito Double P,5eumcnUkdmGvkvcsx1WFNG,Junior H,7Gi6gjaWy3DxyilpF1a8Is,1,['3IEvQ1CzszUJtTRLmmMJ2X']
Kelly Clarkson,3BmGtnKgCSGYIUhmivXKWX,Ariana Grande,66CXWjxzNUsdJxJ2JdwvnR,1,['2O3MQ6H3gjrIWDcpeTrikT']
Arcane,57nPqD7z62gDdq37US9XJR,King Princess,6beUvFUlKliUYJdLOXNj9C,1,['5Qq9uvUXZU5zNDh0MlkBu8']
League of Legends,47mIJdHORyRerp4os813jD,King Princess,6beUvFUlKliUYJdLOXNj9C,1,['5Qq9uvUXZU5zNDh0MlkBu8']
V,3JsHnjpbhX4SnySpvpa9DK,Bing Crosby,6ZjFtWeHP9XN7FeKSUe80S,1,['7134tEHq45eL6am9oVazZU']
Davido,0Y3agQaa6g2r0YmHPOO9rh,ODUMODUBLVCK,3LOm0AZjpwVQebvkyanjDy,1,['7LZkMeX1k8PXQJ0SVYn1A5']
Davido,0Y3agQaa6g2r0YmHPOO9rh,Chike,6zK1M4TcabpLQMNmmG2P0Q,1,['7LZkMeX1k8PXQJ0SVYn1A5']
ODUMODUBLVCK,3LOm0AZjpwVQebvkyanjDy,Chike,6zK1M4TcabpLQMNmmG2P0Q,1,['7LZkMeX1k8PXQJ0SVYn1A5']
Megan Thee Stallion,181bsRPaVXVlUKXrxwZfHK,TWICE,7n2Ycct7Beij7Dj7meI4X0,1,['5zQUndaoBtXJ10SsApqtvw']
Fuerza Regida,0ys2OFYzWYB5hRDLCsBqxt,Jorsshh,3HJq88k0us5XSJ4tD3J8RG,1,['6x59lSlNU7TvsJZy7134uC']
Michael Bublé,1GxkXlMwML1oSg5eLPiAz3,Idina Menzel,73Np75Wv2tju61Eo9Zw4IR,1,['0Ie5uiv54KgCr7P4sYDTHl']
Blake Shelton,1UTPBmNbXNTittyMJrNkvw,Gwen Stefani,4yiQZ8tQPux8cPriYMWUFP,1,['2OQ6a4CfUeYskpTTgyawyJ']
B. Swanson Quartet,0JXiS2FrAg3wQYJHcmZdrc,Frank Sinatra,1Mxqyy3pSjf8kZZL4QVxS0,1,['0SUKNXEqZnRw7g0NO139FM']
Blessd,1TA5sGRlKUJXBN4ZyJuDIX,Anuel AA,2R21vXR83lH98kGeO99Y66,1,['0fKK51bU6lcCCwdNnv64t3']
Anuel AA,2R21vXR83lH98kGeO99Y66,Ovy On The Drums,3m5qlPf2OkihLz3dRYnkPA,1,['0fKK51bU6lcCCwdNnv64t3']
Kapo,3UTF2no3muGdiFXVujl94i,Danny Ocean,5H1nN1SzW0qNeUEZvuXjAj,1,['4zbEItKoaRId1vRZkoO0Uh']
Mc Paiva ZS,0gHj4MPwwcZ8Zl9CY0hqT5,Nilo,5uD6uRKj2xYxpqx8bscaco,1,['4pOGEJRVOuaa9oyy7qTGf6']
DJ Di Marques,4CJ3CnKb8dSlzci7eaSOcV,Nilo,5uD6uRKj2xYxpqx8bscaco,1,['4pOGEJRVOuaa9oyy7qTGf6']
Nilo,5uD6uRKj2xYxpqx8bscaco,FamousKyo,6neX3m8RObh5N8X6AEBYiw,1,['4pOGEJRVOuaa9oyy7qTGf6']
Mc Paiva ZS,0gHj4MPwwcZ8Zl9CY0hqT5,DJ Di Marques,4CJ3CnKb8dSlzci7eaSOcV,1,['4pOGEJRVOuaa9oyy7qTGf6']
Mc Paiva ZS,0gHj4MPwwcZ8Zl9CY0hqT5,FamousKyo,6neX3m8RObh5N8X6AEBYiw,1,['4pOGEJRVOuaa9oyy7qTGf6']
DJ Di Marques,4CJ3CnKb8dSlzci7eaSOcV,FamousKyo,6neX3m8RObh5N8X6AEBYiw,1,['4pOGEJRVOuaa9oyy7qTGf6']
Alleh,3DeOmVSmpv7WknXoo1OS8p,Yorghaki,4eq1q0o9XPyNq9RG3fNDD1,1,['4DnrAI8WyUY6gkOwl8GlPN']
Alef Donk,0aSE67DwCWR6JKhdVUmz6I,J. Eskine,4gKSUeHW82tGBeJsJSB1JC,1,['0NQyryTVbjGMtWMA1eSqIn']
DJ TOPO,0xj9MJx9r0wO2o4aqdergP,Mc Livinho,7me0S5Z40qVWj3gzyK8aC3,1,['4jUZymsR3lkia9wkP0o9cX']
Oruam,4yGgbQJMq9orWypwqtdzYT,Zé Felipe,7cmuxPnXRJxwuYDHfbD8Eu,1,['0BUkQGUXgcvf3gdCWYbtnJ']
Oruam,4yGgbQJMq9orWypwqtdzYT,MC Tuto,6aoGgTKGqtsjj48ymcNs4Z,1,['0BUkQGUXgcvf3gdCWYbtnJ']
Oruam,4yGgbQJMq9orWypwqtdzYT,Mc Rodrigo do CN,54bV1pHNm5h5EcEgMis1RC,1,['0BUkQGUXgcvf3gdCWYbtnJ']
Dj Lc da Roça,1BNbDHa9FSPxIyZmcymSyL,Oruam,4yGgbQJMq9orWypwqtdzYT,1,['0BUkQGUXgcvf3gdCWYbtnJ']
Oruam,4yGgbQJMq9orWypwqtdzYT,MC K9,6Vxu4TDCN5TMlRpdu6a2Ag,1,['0BUkQGUXgcvf3gdCWYbtnJ']
mc pl alves,47wsfaEWJwhWd9bs04Oc1g,Oruam,4yGgbQJMq9orWypwqtdzYT,1,['0BUkQGUXgcvf3gdCWYbtnJ']
MC Tuto,6aoGgTKGqtsjj48ymcNs4Z,Zé Felipe,7cmuxPnXRJxwuYDHfbD8Eu,1,['0BUkQGUXgcvf3gdCWYbtnJ']
Mc Rodrigo do CN,54bV1pHNm5h5EcEgMis1RC,Zé Felipe,7cmuxPnXRJxwuYDHfbD8Eu,1,['0BUkQGUXgcvf3gdCWYbtnJ']
Dj Lc da Roça,1BNbDHa9FSPxIyZmcymSyL,Zé Felipe,7cmuxPnXRJxwuYDHfbD8Eu,1,['0BUkQGUXgcvf3gdCWYbtnJ']
MC K9,6Vxu4TDCN5TMlRpdu6a2Ag,Zé Felipe,7cmuxPnXRJxwuYDHfbD8Eu,1,['0BUkQGUXgcvf3gdCWYbtnJ']
mc pl alves,47wsfaEWJwhWd9bs04Oc1g,Zé Felipe,7cmuxPnXRJxwuYDHfbD8Eu,1,['0BUkQGUXgcvf3gdCWYbtnJ']
Mc Rodrigo do CN,54bV1pHNm5h5EcEgMis1RC,MC Tuto,6aoGgTKGqtsjj48ymcNs4Z,1,['0BUkQGUXgcvf3gdCWYbtnJ']
Dj Lc da Roça,1BNbDHa9FSPxIyZmcymSyL,MC Tuto,6aoGgTKGqtsjj48ymcNs4Z,1,['0BUkQGUXgcvf3gdCWYbtnJ']
MC K9,6Vxu4TDCN5TMlRpdu6a2Ag,MC Tuto,6aoGgTKGqtsjj48ymcNs4Z,1,['0BUkQGUXgcvf3gdCWYbtnJ']
mc pl alves,47wsfaEWJwhWd9bs04Oc1g,MC Tuto,6aoGgTKGqtsjj48ymcNs4Z,1,['0BUkQGUXgcvf3gdCWYbtnJ']
Dj Lc da Roça,1BNbDHa9FSPxIyZmcymSyL,Mc Rodrigo do CN,54bV1pHNm5h5EcEgMis1RC,1,['0BUkQGUXgcvf3gdCWYbtnJ']
Mc Rodrigo do CN,54bV1pHNm5h5EcEgMis1RC,MC K9,6Vxu4TDCN5TMlRpdu6a2Ag,1,['0BUkQGUXgcvf3gdCWYbtnJ']
mc pl alves,47wsfaEWJwhWd9bs04Oc1g,Mc Rodrigo do CN,54bV1pHNm5h5EcEgMis1RC,1,['0BUkQGUXgcvf3gdCWYbtnJ']
Dj Lc da Roça,1BNbDHa9FSPxIyZmcymSyL,MC K9,6Vxu4TDCN5TMlRpdu6a2Ag,1,['0BUkQGUXgcvf3gdCWYbtnJ']
Dj Lc da Roça,1BNbDHa9FSPxIyZmcymSyL,mc pl alves,47wsfaEWJwhWd9bs04Oc1g,1,['0BUkQGUXgcvf3gdCWYbtnJ']
mc pl alves,47wsfaEWJwhWd9bs04Oc1g,MC K9,6Vxu4TDCN5TMlRpdu6a2Ag,1,['0BUkQGUXgcvf3gdCWYbtnJ']
Michael Bublé,1GxkXlMwML1oSg5eLPiAz3,The Puppini Sisters,1svaANJTE5KrG16fTGDqOs,2,"['3nfxV3jfRcRWISwek49LTg', '6RJJUEOfUyMhcxtsfLNRpH']"
Brett Eldredge,0qSX3s5pJnAlSsgsCne8Cz,Meghan Trainor,6JL8zeS1NmiOftqZTRgdTz,1,['5Q2P43CJra0uRAogjHyJDK']
John Legend,5y2Xq6xcjJb2jVM54GHK3t,Stevie Wonder,7guDJrEfX3qb6FEbdPA5qi,1,['4hnzXzE7JiU5QAZFF9OUsI']
Michael Bublé,1GxkXlMwML1oSg5eLPiAz3,Shania Twain,5e4Dhzv426EvQe3aDb64jL,1,['2gbCG4Rt9984UZ7Tc0dIFd']
Jennifer Hudson,35GL8Cu2GKTcHzKGi75xl5,Mariah Carey,4iHNK0tOyZPYnBU7nGAgpQ,1,['2VkuxjlbnbaBiWYpdBGVol']
Jennifer Hudson,35GL8Cu2GKTcHzKGi75xl5,Ariana Grande,66CXWjxzNUsdJxJ2JdwvnR,1,['2VkuxjlbnbaBiWYpdBGVol']
Naughty Boy,1bT7m67vi78r2oqvxrP3X5,Sam Smith,2wY79sveU1sp5g7SokKOiI,1,['3wPPWcVuinAU7dXcJXtCID']
Fuerza Regida,0ys2OFYzWYB5hRDLCsBqxt,Grupo Frontera,6XkjpgcEsYab502Vr1bBeW,1,['3D24ErT1MMmUfXWotSj2A2']
Clave Especial,0NlNru2YcUz6RbnpYGQz26,Fuerza Regida,0ys2OFYzWYB5hRDLCsBqxt,1,['2Oj3iCVLQgwjwRF9VHo7gt']
Ovy On The Drums,3m5qlPf2OkihLz3dRYnkPA,Beéle,7a0XAaPaK2aDSqa8p3QnC7,1,['7ricDBUakN3N0YkkKE8Obu']
Dua Lipa,6M2wZ9GZgrQXHCFfjv46we,Calvin Harris,7CajNmpbOovFoOoasH2HaY,1,['76dIZzTdrNO15mGBrU3MHi']
Kid Cudi,0fA0VVWsXO9YnASrzqfmYu,David Guetta,1Cs0zKBU1kc0i8ypK3B9ai,1,['0Xh6R6XLoTDRBYriQRgkHj']
Nicki Minaj,0hCNtLu0JehylgoiP8L4Gh,Justin Bieber,1uNFoZAHBGtllmzznpCI3s,1,['6QFCMUUq1T2Vf5sFUXcuQ7']
Bruno Mars,0du5cEVh5yTK9QJze8zA0C,Mark Ronson,3hv9jJF3adDNsBSIQDqcjp,1,['32OlwWuMpZ6b0aN2RZOeMS']
Nelly Furtado,2jw70GZXlAI8QzWeY2bgRc,Timbaland,5Y5TRrQiqgUO4S36tzjIRZ,1,['2gam98EZKrF9XuOkU13ApN']
Xavi,3Me35AWHCGqW4sZ7bWWJt1,,,0,[]
Tate McRae,45dkTj5sMRSjrmBSBeiHym,,,0,[]
Taylor Swift,06HL4z0CvFAxyc27GXpf02,,,0,[]
Jack Harlow,2LIk90788K0zvyj2JJVwkJ,,,0,[]
Mitski,2uYWxilOVlUdk4oV9DvwqK,,,0,[]
Doja Cat,5cj0lLjcoR7YOSnhnX0Po5,,,0,[]
Tyla,3SozjO3Lat463tQICI9LcE,,,0,[]
Jung Kook,6HaGTQPmzraVmaVxvz6EUc,,,0,[]
Arctic Monkeys,7Ln80lUS6He07XvHI8qqHH,,,0,[]
Noah Kahan,2RQXRUsr4IW1f3mKyKsy4B,,,0,[]
Harry Styles,6KImCVD70vtIoJWnq6nGn3,,,0,[]
Kenya Grace,7uMDnSZyUYNBPLhPMNuaM2,,,0,[]
Dua Lipa,6M2wZ9GZgrQXHCFfjv46we,,,0,[]
Lauana Prado,6TYimByryGphZCtwYopH0y,,,0,[]
Olivia Rodrigo,1McMsnEElThX1knmY4oliG,,,0,[]
SZA,7tYKF4w9nC0nq9CsPZTHyP,,,0,[]
iñigo quintero,0jbo7KFNMiIkfBR6ih0yhm,,,0,[]
The Weeknd,1Xyo4u8uXC1ZmMpatF05PJ,,,0,[]
Miley Cyrus,5YGY8feqx7naU7z4HrwZM6,,,0,[]
Myke Towers,7iK8PXO48WeuP03g8YR51W,,,0,[]
Carin Leon,66ihevNkSYNzRAl44dx6jJ,,,0,[]
David Kushner,33NVpKoXjItPwUJTMZIOiY,,,0,[]
Bad Bunny,4q3ewBCX7sLwd24euuV69X,,,0,[]
Lord Huron,6ltzsmQQbmdoHHbLZ4ZN25,,,0,[]
V,3JsHnjpbhX4SnySpvpa9DK,,,0,[]
Billie Eilish,6qqNVTkY8uBg9cP3Jd7DAH,,,0,[]
Gunna,2hlmm7s2ICUX0LVIhVFlZQ,,,0,[]
Jimin,1oSPZhvZMIrWW5I41kPkkY,,,0,[]
The Neighbourhood,77SW9BnxLY8rJ0RciFqkHh,,,0,[]
Quevedo,52iwsT98xCoGgiGntTiR7K,,,0,[]
Vance Joy,10exVja0key0uqUkk6LJRT,,,0,[]
The Killers,0C0XlULifJtAgn6ZNCW2eu,,,0,[]
Manuel Turizo,0tmwSHipWxN12fsoLcFU3B,,,0,[]
Black Eyed Peas,1yxSLGMDHlW21z4YXirZDS,,,0,[]
Tom Odell,2txHhyCwHjUEpJjWrEyqyX,,,0,[]
Nicki Minaj,0hCNtLu0JehylgoiP8L4Gh,,,0,[]
Coldplay,4gzpq5DPGxSnKTe4SA8HAU,,,0,[]
Junior H,7Gi6gjaWy3DxyilpF1a8Is,,,0,[]
Zé Neto & Cristiano,487N2T9nIPEHrlTZLL3SQs,,,0,[]
a-ha,2jzc5TC5TVFLXQlBNiIUzE,,,0,[]
Glass Animals,4yvcSjfu4PC0CYQyLy4wSq,,,0,[]
ABBA,0LcJLqbBmaGUft1e9Mm8HV,,,0,[]
Anuv Jain,4gdMJYnopf2nEUcanAwstx,,,0,[]
OneRepublic,5Pwc4xIPtQLFEnJriah9YJ,,,0,[]
Teddy Swims,33qOK5uJ8AR2xuQQAhHump,,,0,[]
Tears For Fears,4bthk9UfsYUYdcFyqxmSUU,,,0,[]
Bruno Mars,0du5cEVh5yTK9QJze8zA0C,,,0,[]
Travis Scott,0Y5tJX1MQlPlqiwlOH1tJY,,,0,[]
Sabrina Carpenter,74KM79TiuVKeVCqs8QtB0B,,,0,[]
Eminem,7dGJo4pcD2V6oG8kP0tJRR,,,0,[]
Cigarettes After Sex,1QAJqy2dA3ihHBFIHRphZj,,,0,[]
Kanye West,5K4W6rqBFWDnAN6FQUkS6x,,,0,[]
Lewis Capaldi,4GNC7GD6oZMSxPGyXy4MNB,,,0,[]
Peggy Gou,2mLA48B366zkELXYx7hcDN,,,0,[]
d4vd,5y8tKLUfMvliMe8IKamR32,,,0,[]
The Police,5NGO30tJxFlKixkPSgXcFE,,,0,[]
KAROL G,790FomKkXshlbRYZFtlgla,,,0,[]
The Walters,027TpXKGwdXP7iwbjUSpV8,,,0,[]
J. Cole,6l3HvQ5sa6mXTsMTB19rO5,,,0,[]
Lady Gaga,1HY2Jd0NmPuamShAr6KMms,,,0,[]
Rauw Alejandro,1mcTU81TzQhprhouKaTkpq,,,0,[]
Keane,53A0W3U0s8diEn9RhXQhVz,,,0,[]
Paul Russell,4zoRNhOhsGX3w8yBAnFSQ8,,,0,[]
Frank Ocean,2h93pZq0e7k5yf4dywlkpM,,,0,[]
Darell,1TtXnWcUs0FCkaZDPGYHdf,,,0,[]
Zach Bryan,40ZNYROS4zLfyyBSs2PGe2,,,0,[]
LE SSERAFIM,4SpbR6yFEvexJuaBpgAU5p,,,0,[]
Creedence Clearwater Revival,3IYUhFvPQItj6xySrBmZkd,,,0,[]
Natanael Cano,0elWFr7TW8piilVRYJUe4P,,,0,[]
Simone Mendes,2eK9gcJQ6uqVvJL63dnOM3,,,0,[]
Tony Camargo,5ty08GXpCMviM7BKWNrdXi,,,0,[]
NewJeans,6HvZYsbFfjnjFrWF950C9d,,,0,[]
Morgan Wallen,4oUHIQIBe0LHzYfvXNW4QM,,,0,[]
Whitney Houston,6XpaIBNiVzIetEPCWDvAFP,,,0,[]
Sophie Ellis-Bextor,2cBh5lVMg222FFuRU7EfDE,,,0,[]
Kali Uchis,1U1el3k54VvEUzo3ybLPlM,,,0,[]
Hotel Ugly,35WVTyRnKAoaGExqgktVyb,,,0,[]
Conan Gray,4Uc8Dsxct0oMqx0P6i60ea,,,0,[]
Lana Del Rey,00FQb4jTyendYWaN8pK0wa,,,0,[]
Lil Tecca,4Ga1P7PMIsmqEZqhYZQgDo,,,0,[]
50 Cent,3q7HBObVc0L8jNeTe5Gofh,,,0,[]
JVKE,164Uj4eKjl6zTBKfJLFKKK,,,0,[]
Avicii,1vCWHaC5f2uS3yhpwWbIA6,,,0,[]
Fuerza Regida,0ys2OFYzWYB5hRDLCsBqxt,,,0,[]
Plan B,2jSGzJw0ebJLu7OLVSOcBP,,,0,[]
Justin Bieber,1uNFoZAHBGtllmzznpCI3s,,,0,[]
Journey,0rvjqX7ttXeg3mTy8Xscbt,,,0,[]
Grupo Frontera,6XkjpgcEsYab502Vr1bBeW,,,0,[]
Michael Jackson,3fMbdgg4jU18AjLCKBhRSm,,,0,[]
Adele,4dpARuHxo51G3z768sgnrY,,,0,[]
Ed Sheeran,6eUKZXaKkcviH0Ku9w2n3V,,,0,[]
Ruth B.,2WzaAvm2bBCf4pEhyuDgCY,,,0,[]
Nadhif Basalamah,6UgERnTHmjk3qXM9x5vzyO,,,0,[]
Queen,1dfeR4HaWDbWqFHLkxsg1d,,,0,[]
Tory Lanez,2jku7tDXc6XoB6MO2hFuqg,,,0,[]
TV Girl,0Y6dVaC9DZtPNH4591M42W,,,0,[]
Imagine Dragons,53XhwfbYqKCa1cC15pYq2q,,,0,[]
Hozier,2FXC3k01G6Gw61bmprjgqS,,,0,[]
Steve Lacy,57vWImR43h4CaDao012Ofp,,,0,[]
BENNETT,1r43wW70tnGUauQYvY5w48,,,0,[]
Miguel,360IAlyVv4PCEVjgyMZrxK,,,0,[]
Linkin Park,6XyY86QOPPrYVGvF9ch6wz,,,0,[]
New West,69bG9tC62d8oTFC9aTTosn,,,0,[]
Radiohead,4Z8W4fKeB5YxbusRsdQVPb,,,0,[]
FIFTY FIFTY,4GJ6xDCF5jaUqD6avOuQT6,,,0,[]
One Direction,4AK6F7OLvEQ5QYCBNiQWHq,,,0,[]
The Goo Goo Dolls,2sil8z5kiy4r76CRTXxBCA,,,0,[]
James Arthur,4IWBUUAFIplrNtaOHcJPRM,,,0,[]
Richy Mitch & The Coal Miners,4qU7IJSReZnsLy5907Mtau,,,0,[]
Fleetwood Mac,08GQAI4eElDnROBrJRGE0X,,,0,[]
Rihanna,5pKCCKE2ajJHZ9KAiaK11H,,,0,[]
Maroon 5,04gDigrS5kc9YWfZHwBETP,,,0,[]
Bring Me The Horizon,1Ffb6ejR6Fe5IamqA5oRUF,,,0,[]
Luciano,3CJKkU0XuElRT1z8rEtIYg,,,0,[]
AUR,2cjQTf2J5yCaNY8qHpW855,,,0,[]
Shawn Mendes,7n2wHs1TKAczGzO7Dd2rGr,,,0,[]
Feid,2LRoIwlKmHjgvigdNGBHNo,,,0,[]
Natasha Bedingfield,7o95ZoZt5ZYn31e9z1Hc0a,,,0,[]
Ariana Grande,66CXWjxzNUsdJxJ2JdwvnR,,,0,[]
21 Savage,1URnnhqYAYcrqrcwql10ft,,,0,[]
Lil Nas X,7jVv8c5Fj3E9VhNjxT4snq,,,0,[]
Flo Milli,08PvCOlef4xdOr20jFSTPd,,,0,[]
Creepy Nuts,0pWR7TsFhvSCnbmHDjWgrE,,,0,[]
Lukas Graham,25u4wHJWxCA9vO0CzxAbK7,,,0,[]
Benson Boone,22wbnEMDvgVIAGdFeek6ET,,,0,[]
Eladio Carrion,5XJDexmWFLWOkjOEjOVX3e,,,0,[]
PEDRO SAMPAIO,5wbf52LA6kcaboHSN6NEF1,,,0,[]
Chris Brown,7bXgB6jMjp9ATFy66eO08Z,,,0,[]
Justin Timberlake,31TPClRtHm23RisEBtV3X7,,,0,[]
Ice Spice,3LZZPxNDGDFVSIPqf4JuEf,,,0,[]
Megan Thee Stallion,181bsRPaVXVlUKXrxwZfHK,,,0,[]
YG Marley,0n4Fao9kbjgM76RmVlfSwr,,,0,[]
4batz,5fi7lIgJGH3RgUpJYcffQ7,,,0,[]
Rich Amiri,2sF5nNXnrrsCPZlt8ZpyGd,,,0,[]
Milo j,19HM5j0ULGSmEoRcrSe5x3,,,0,[]
Michael Marcagi,4j96cMcT8GRi11qbvo1cLQ,,,0,[]
Good Neighbours,52N3KGrTWDRhdQJrgBTofE,,,0,[]
Don Toliver,4Gso3d4CscCijv0lmajZWs,,,0,[]
TWICE,7n2Ycct7Beij7Dj7meI4X0,,,0,[]
Luke Combs,718COspgdWOnwOFpJHRZHS,,,0,[]
Jason Mraz,4phGZZrJZRo4ElhRtViYdl,,,0,[]
Toby Keith,2bA6fzP0lMAQ4kz6CF61w8,,,0,[]
Tracy Chapman,7oPgCQqMMXEXrNau5vxYZP,,,0,[]
Mitraz,3iGhlvzpXc0UHBQ7klAItX,,,0,[]
Annalisa,0EqkKYDK9EkKY5N7zU3FPv,,,0,[]
Mahmood,06nvjg4wBANK6DCHjqtPNd,,,0,[]
Angelina Mango,1A6HBLulvBFzNtlMb7b08f,,,0,[]
Irama,5iot8OPcosJN9nCl7I5SdK,,,0,[]
Roddy Ricch,757aE44tKEUQEqRuT6GnEB,,,0,[]
Madison Beer,2kRfqPViCqYdSGhYSM9R0Q,,,0,[]
Ghali,3egWSWp7Y4FyCKIyvXbw7L,,,0,[]
Beyoncé,6vWDO969PvNqNYHIOW5v0m,,,0,[]
USHER,23zg3TcAtWQy7J6upgbUnj,,,0,[]
PARTYNEXTDOOR,2HPaUgqeutzr3jx5a9WyDV,,,0,[]
John Legend,5y2Xq6xcjJb2jVM54GHK3t,,,0,[]
Alicia Keys,3DiDSECUqqY1AuBP8qtaIa,,,0,[]
Yeat,3qiHUAX7zY4Qnjx8TNUzVx,,,0,[]
Bob Marley & The Wailers,2QsynagSdAqZj3U9HgDzjD,,,0,[]
Muni Long,7tjVFCxJdwT4NdrTmjyjQ6,,,0,[]
Djo,5p9HO3XC5P3BLxJs5Mtrhm,,,0,[]
Julión Álvarez y su Norteño Banda,1bfl0AU8SqmLkElptOprhC,,,0,[]
Alec Benjamin,5IH6FPUwQTxPSXurCrcIov,,,0,[]
Bryson Tiller,2EMAnMvWE2eb56ToJVfCWs,,,0,[]
Selena Gomez,0C8ZW7ezQVs4URX5aX7Kqx,,,0,[]
Lazza,0jdNdfi4vAuVi7a6cPDFBM,,,0,[]
Beat Record,0WwKxmZjmKUp9y0Jg1LWk1,,,0,[]
Morat,5C4PDR4LnhZTbVnKWXuDKD,,,0,[]
Twenty One Pilots,3YQKmKGau1PzlVlkL1iodx,,,0,[]
Joost,6s5ubAp65wXoTZefE01RNR,,,0,[]
Sia,5WUlDfRSoLAfcVSX1WnrxN,,,0,[]
AC/DC,711MCceyCBcFnzjGY4Q7Un,,,0,[]
Bill Withers,1ThoqLcyIYvZn7iWbj8fsj,,,0,[]
Charli xcx,25uiPmTg16RbhZWAqwLBy5,,,0,[]
Britney Spears,26dSoYclwsYLMAKD3tpOr4,,,0,[]
WALK THE MOON,6DIS6PRrLS3wbnZsf7vYic,,,0,[]
Dasha,7Ez6lTtSMjMf2YSYpukP1I,,,0,[]
Zeynep Bastık,1mpOD8ZwHnbsryIuXWq0R1,,,0,[]
The Cranberries,7t0rwkOPGlDPEhaOcVtOt9,,,0,[]
Artemas,0PCCGZ0wGLizHt2KZ7hhA2,,,0,[]
Beach Weather,7I3bkknknQkIiatWiupQgD,,,0,[]
Foster The People,7gP3bB2nilZXLfPHJhMdvc,,,0,[]
CYRIL,11kt6ggsdxvI8MhyeSMKom,,,0,[]
ILLIT,36cgvBn0aadzOijnjjwqMN,,,0,[]
Dominic Fike,6USv9qhCn6zfxlBQIYJ9qs,,,0,[]
Mark Ambor,11p2E654TTU8e0nZWBR4AL,,,0,[]
Jungle,59oA5WbbQvomJz2BuRG071,,,0,[]
Henry Moodie,7hr9W3IjXcm3UlLY7guLk5,,,0,[]
Isabel LaRosa,5arKwJZEvT5uKq4o0JfqR4,,,0,[]
Earth Wind & Fire,4QQgXkCYTt3BlENzhyNETg,,,0,[]
BABYMONSTER,1SIocsqdEefUTE6XKGUiVS,,,0,[]
TOMORROW X TOGETHER,0ghlgldX5Dd6720Q3qFyQB,,,0,[]
XXXTENTACION,15UsOTVnJzReFVN1VCnxy4,,,0,[]
G-Eazy,02kJSzxNuaWGqwubyUba0Z,,,0,[]
NATTAN,1SXhEXzOTF7YeuQX59m7pT,,,0,[]
Bonnie Tyler,0SD4eZCN4Kr0wQk56hCdh2,,,0,[]
Noah Cyrus,55fhWPvDiMpLnE4ZzNXZyW,,,0,[]
Lay Bankz,4OVbrPbhvK46A1uXTU1u5F,,,0,[]
Chappell Roan,7GlBOeep6PqTfFi59PTUUN,,,0,[]
Ken Carson,3gBZUcNeVumkeeJ19CY2sX,,,0,[]
Shaboozey,3y2cIKLjiOlp1Np37WiUdH,,,0,[]
Labrinth,2feDdbD5araYcm6JhFHHw7,,,0,[]
The Outfield,1zxDewzd2j1ZdSBGaYcr0y,,,0,[]
Felipe e Rodrigo,7gZu6kPnY9enEi5FvgTO4F,,,0,[]
Drake,3TVXtAsR1Inumwj472S9r4,,,0,[]
A$AP Rocky,13ubrt8QOOCPljQ2FL1Kca,,,0,[]
Reynmen,1Fg19vpUJpAAPFjnKaVYVW,,,0,[]
Tommy Richman,1WaFQSHVGZQJTbf0BdxdNo,,,0,[]
Gustavo Moura & Rafael,2KZFvVVk9lxD85USaOv76T,,,0,[]
Amy Winehouse,6Q192DXotxtaysaqNPy5yR,,,0,[]
Kendrick Lamar,2YZyLoL8N0Wb9xBt1NhZWg,,,0,[]
MUSIC LAB JPN,61ifFEOS4km183fkC64e8I,,,0,[]
SEVENTEEN,7nqOGRxlXj7N2JYbgNEjYH,,,0,[]
Daya,6Dd3NScHWwnW6obMFbl1BH,,,0,[]
Train,3FUY2gzHeIiaesXtOAdB7A,,,0,[]
The White Stripes,4F84IBURUo98rz4r61KF70,,,0,[]
Sexyy Red,3DbwFQlvLxRSi2uX8mf81A,,,0,[]
Billy Joel,6zFYqv1mOsgBRQbae3JJ9e,,,0,[]
Zé Vaqueiro,5K8Rmjmf4RZFffz94EmBRt,,,0,[]
Bayhan,7yiLonxrJVgZKSbjo0gh6V,,,0,[]
Lithe,7LVC96BEVGugTAp38AajV6,,,0,[]
Dj Agus Lima,6JSZJddy1dORbnzdx2ZLG9,,,0,[]
RM,2auC28zjQyVTsiZKNgPRGs,,,0,[]
Myles Smith,3bO19AOone0ubCsfDXDtYt,,,0,[]
Nemo,5Wg72TowYBWIcSo3K2r84N,,,0,[]
Baby Lasagna,1ncWEkB4AQh1rxC8ObpBoH,,,0,[]
Slimane,4OV6uYSnHxSYkjDYuBVBUz,,,0,[]
Van Morrison,44NX2ffIYHr6D4n7RaZF7A,,,0,[]
aespa,6YVMFz59CuY7ngCxTxjpxE,,,0,[]
LOVE BGM JPN,2N7xrdZ10zV0pdSw1DcNWY,,,0,[]
TOTO,0PFtn5NtBbbUNbU9EAmIWF,,,0,[]
Cyndi Lauper,2BTZIqw0ntH9MvilQ3ewNY,,,0,[]
leftovermax,6V5fHkuCfZknzDBr5Wm7Rj,,,0,[]
Cris Mj,1Yj5Xey7kTwvZla8sqdsdE,,,0,[]
Calvin Harris,7CajNmpbOovFoOoasH2HaY,,,0,[]
Red Hot Chili Peppers,0L8ExT028jH3ddEcZwqJJ5,,,0,[]
System Of A Down,5eAWCfyUhZtHHtBdNk56l1,,,0,[]
Trueno,2x7PC78TmgqpEIjaGAZ0Oz,,,0,[]
Gracie Abrams,4tuJ0bMpJh08umKkEXKUI5,,,0,[]
Grupo Firme,1dKdetem2xEmjgvyymzytS,,,0,[]
Tinashe,0NIIxcxNHmOoyBx03SfTCD,,,0,[]
Dj Luan Gomes,34kJWuUS4hNN1MkqiIG0dS,,,0,[]
Maki,6AvnL2gWjNYs1hRVJx4huK,,,0,[]
$uicideboy$,1VPmR4DJC1PlOtd0IADAO0,,,0,[]
Kings of Leon,2qk9voo8llSGYcZ6xrBzKx,,,0,[]
Jordan Adetunji,0jPHHnU8GUWEF7rwPE9osY,,,0,[]
The Kid LAROI,2tIP7SsRs7vjIcLrU85W8J,,,0,[]
Foo Fighters,7jy3rLJdDQY21OgRLCZ9sD,,,0,[]
LISA,5L1lO4eRHmJ7a0Q6csE5cT,,,0,[]
Gorillaz,3AA28KZvwAUcZuOKwyblJQ,,,0,[]
Tame Impala,5INjqkS1o8h1imAzPqGZBb,,,0,[]
Nickelback,6deZN1bslXzeGvOLaLMOIF,,,0,[]
Bruce Springsteen,3eqjTLE0HfPfh78zjh6TqT,,,0,[]
Katy Perry,6jJ0s89eD6GaHleKKya26X,,,0,[]
Daryl Hall & John Oates,77tT1kLj6mCWtFNqiOmP9H,,,0,[]
Childish Gambino,73sIBHcqh3Z3NyqHKZ7FOL,,,0,[]
Karan Aujla,6DARBhWbfcS9E4yJzcliqQ,,,0,[]
ENHYPEN,5t5FqBwTcgKTaWmfEbwQY9,,,0,[]
Lomiiel,2rMFPjySMqkgBajkLKL6zo,,,0,[]
Kapo,3UTF2no3muGdiFXVujl94i,,,0,[]
Stray Kids,2dIgFjalVxs4ThymZ67YCE,,,0,[]
Sal Priadi,1NjxFrpEGZTV2Ny0OJxeWu,,,0,[]
Alphaville,0xliTEbFfy5HQHvsTknTkX,,,0,[]
*NSYNC,6Ff53KvcvAj5U7Z1vojB5o,,,0,[]
Otis Redding,60df5JBRRPcnSpsIMxxwQm,,,0,[]
Backstreet Boys,5rSXSAkZ67PYJSvpUpkOr7,,,0,[]
Dudy Oris,6YPfs6tdZXvnlzgZNU3SYT,,,0,[]
La Oreja de Van Gogh,4U7lXyKdSf1JbM1aXvsodC,,,0,[]
FloyyMenor,7CvTknweLr9feJtRGrpDBy,,,0,[]
Grelo,1eIYP01ZLPKEExhcV6xFgt,,,0,[]
Clayton & Romário,1tKrZaph4cLsnEdqC5BNEQ,,,0,[]
Bernadya,47z98pKd71yIbgXwe9LPVC,,,0,[]
Gusttavo Lima,7MiDcPa6UiV3In7lIM71IN,,,0,[]
Pharrell Williams,2RdwBSPQiwcmiDo9kixcl8,,,0,[]
Guns N' Roses,3qm84nBOXUEQ2vnTfUTTFC,,,0,[]
Post Malone,246dkjvS1zLTtiykXe5h60,,,0,[]
Gigi Perez,1iCnM8foFssWlPRLfAbIwo,,,0,[]
PinkPantheress,78rUTD7y6Cy67W1RVzYs7t,,,0,[]
Alex Warren,0fTSzq9jAh4c36UVb4V7CB,,,0,[]
KALEO,7jdFEYD2LTYjfwxOdlVjmc,,,0,[]
El Padrinito Toys,04mzq9GH08zOBRdV2gzmXm,,,0,[]
Oasis,2DaxqgrOhkeH0fpeiQq2f4,,,0,[]
KATSEYE,3c0gDdb9lhnHGFtP4prQpn,,,0,[]
Tito Double P,5eumcnUkdmGvkvcsx1WFNG,,,0,[]
Surf Curse,1gl0S9pS0Zw0qfa14rDD3D,,,0,[]
Addison Rae,4gvjmrtzydbMpyJaXUtwvP,,,0,[]
Matuê,5nP8x4uEFjAAmDzwOEc9b8,,,0,[]
Playboi Carti,699OTQXzgjhIYAHMy9RyPD,,,0,[]
Odetari,7ITMCzIU9uII8gwRg8JAhc,,,0,[]
Dhruv,70NcAr4ZtA3FAqU16iQZSb,,,0,[]
Ndotz,5HK6QtizXJzCmoYTkvFRik,,,0,[]
Future,1RyvyyTE3xzB2ZywiAwp0i,,,0,[]
girl in red,3uwAm6vQy7kWPS2bciKWx9,,,0,[]
Shakira,0EmeFodog0BfCgMzAIvKQp,,,0,[]
HUMBE,1b7AEdUSudOQoZF5ebUxCL,,,0,[]
Crowded House,7ohlPA8dRBtCf92zaZCaaB,,,0,[]
Kesha,6LqNN22kT3074XbTVUrhzX,,,0,[]
Patrick Watson,7bPs6jf983f0bjRAt1yxDM,,,0,[]
JENNIE,250b0Wlc5Vk0CoUsaCY84M,,,0,[]
Jin,5vV3bFXnN6D6N3Nj4xRvaV,,,0,[]
Henrique & Juliano,3p7PcrEHaaKLJnPUGOtRlT,,,0,[]
Grupo Menos É Mais,6vTqEFbTtTRJsuIpzZgjxi,,,0,[]
Capital Cities,4gwpcMTbLWtBUlOijbVpuu,,,0,[]
Tyler The Creator,4V8LLVI7PbaPR0K2TGSxFF,,,0,[]
Léo Foguete,1DuBkL1pAgaZQHXKPiVr08,,,0,[]
The Marías,2sSGPbdZJkaSE2AbcGOACx,,,0,[]
Ray Parker Jr.,0NyzfcGDZZ6GM25EBG9BYK,,,0,[]
The Citizens of Halloween,4LazDzEGshEUn9D2zbm6w2,,,0,[]
Rockwell,3xs0LEzcPXtgNfMNcHzLIP,,,0,[]
Andrew Gold,5fmvGUlMVgmnCn45f1he7d,,,0,[]
Rick James,0FrpdcVlJQqibaz5HfBUrL,,,0,[]
Talking Heads,2x9SpqnPi8rlE9pjHBwmSC,,,0,[]
Evanescence,5nGIFgo0shDenQYSE0Sn7c,,,0,[]
Ava Max,4npEfmQ6YuiwW1GpUmaq3F,,,0,[]
Ghost,1Qp56T7n950O3EGMsSl81D,,,0,[]
Lil Uzi Vert,4O15NlyKLIASxsJ0PrXPfz,,,0,[]
Mariah Carey,4iHNK0tOyZPYnBU7nGAgpQ,,,0,[]
Wham!,5lpH0xAS4fVfLkACg9DAuM,,,0,[]
Brenda Lee,4cPHsZM98sKzmV26wlwD2W,,,0,[]
Bobby Helms,38EmEgXkgK51MT2tPY0EoC,,,0,[]
FireVRMusic,09sUeRJ1zt4ApzCJ39Hm7Y,,,0,[]
Maiara & Maraisa,59jlthNnbmim5l9tmNA7se,,,0,[]
Juice WRLD,4MCBfE4596Uoi2O4DtmEMz,,,0,[]
Laufey,7gW0r5CkdEUMm42w9XpyZO,,,0,[]
Chezile,1EmdfupUQDpXOcb4Nj2mBH,,,0,[]
Wizkid,3tVQdUvClmAT7URs9V3rsp,,,0,[]
Dean Martin,49e4v89VmlDcFCMyDv9wQ9,,,0,[]
Andy Williams,4sj6D0zlMOl25nprDJBiU9,,,0,[]
Michael Bublé,1GxkXlMwML1oSg5eLPiAz3,,,0,[]
Kelly Clarkson,3BmGtnKgCSGYIUhmivXKWX,,,0,[]
Chino Pacas,2rmkQLzj0k4nZdQehOUByO,,,0,[]
ROSÉ,3eVa5w3URK5duf6eyVDbu9,,,0,[]
José Feliciano,7K78lVZ8XzkjfRSI7570FF,,,0,[]
Maluma,1r4hJ1h58CWwUQe3MxPuau,,,0,[]
The Ronettes,7CyeXFnOrfC1N6z4naIpgo,,,0,[]
John Williams,3dRfiJ2650SZu6GbydcHNb,,,0,[]
Nat King Cole,7v4imS0moSyGdXyLgVTIV7,,,0,[]
Gazo,5gqmbbfjcikQBzPB5Hv13I,,,0,[]
Paul McCartney,4STHEaNw4mPZ2tzheohgXB,,,0,[]
Shakin' Stevens,0wi4yTYlGtEnbGo4ltZTib,,,0,[]
Frank Sinatra,1Mxqyy3pSjf8kZZL4QVxS0,,,0,[]
Darlene Love,391oLRVmoTkumiN79HkTWu,,,0,[]
Chris Rea,5KEG7G8LDYlHgFDqZyEEs2,,,0,[]
Chuck Berry,293zczrfYafIItmnmM3coR,,,0,[]
Elvis Presley,43ZHCT0cAZBISjO8DG9PnE,,,0,[]
Pentatonix,26AHtbjWKiwYzsoGoUZq53,,,0,[]
Elton John,3PhoLpVuITZKcymswpck5b,,,0,[]
Band Aid,35S20clEkkSNUo23ViaslZ,,,0,[]
Gene Autry,5ixB75BQR3ADoWQkcHQJTs,,,0,[]
Burl Ives,0MHgLfmQdutffmvWe5XBTN,,,0,[]
yung kai,6zO1dZ40fTZ5hY9NnnRJSk,,,0,[]
Chase Atlantic,7cYEt1pqMgXJdq00hAwVpT,,,0,[]
Vince Guaraldi Trio,4ytkhMSAnrDP8XzRNlw9FS,,,0,[]
The Beach Boys,3oDbviiivRWhXwIE8hxkVV,,,0,[]
Eagles,0ECwFtbIWEVNwjlrfc6xoL,,,0,[]
Lola Young,67FB4n52MgexGQIG8s0yUH,,,0,[]
Peso Pluma,12GqGscKJx3aE4t07u7eVZ,,,0,[]
NLE Choppa,0ErzCpIMyLcjPiwT4elrtZ,,,0,[]
The Moonglows,1sZwQg2rvSlGhkG218SouM,,,0,[]
Bing Crosby,6ZjFtWeHP9XN7FeKSUe80S,,,0,[]
The Weavers,4E5eAkpbJLO40r8fWNWm6X,,,0,[]
Jonas Brothers,7gOdHgIoIKoe4i9Tta6qdD,,,0,[]
Meghan Trainor,6JL8zeS1NmiOftqZTRgdTz,,,0,[]
Céline Dion,4S9EykWXhStSc15wEx8QFK,,,0,[]
Donny Hathaway,0HU0U9kdXEHZVxUNbuQe8S,,,0,[]
Ella Fitzgerald,5V0MlUE1Bft0mbLlND7FJz,,,0,[]
Dionela,1chOgh5tgwfiyJ2zhUHwBj,,,0,[]
The Jackson 5,2iE18Oxc8YSumAU232n4rW,,,0,[]
Leona Lewis,5lKZWd6HiSCLfnDGrq9RAm,,,0,[]
Melanie Thornton,2apYMRrg5FxN4go0pfsCvf,,,0,[]
Slade,10n5lhNDoSMUHWLlnST1yw,,,0,[]
Wizzard,7823Dim2TzjiQQ9wRQxyi9,,,0,[]
Bryan Adams,3Z02hBLubJxuFJfhacLSDc,,,0,[]
Kylie Minogue,4RVnAU35WRWra6OZ3CbbMA,,,0,[]
Stevie Wonder,7guDJrEfX3qb6FEbdPA5qi,,,0,[]
Cher,72OaDtakiy6yFqkt4TsiFt,,,0,[]
Glee Cast,0SCbttzoZTnLFebDYmAWCm,,,0,[]
Boney M.,54R6Y0I7jGUCveDTtI21nb,,,0,[]
Perry Como,5v8jlSmAQfrkTjAlpUfWtu,,,0,[]
Tony Bennett,2lolQgalUvZDfp5vvVtTYV,,,0,[]
Trans-Siberian Orchestra,5OSQDUNmll299ldFIF1Dau,,,0,[]
Mud,3cqIsBnzV3BabbPWKz8Txf,,,0,[]
Sam Smith,2wY79sveU1sp5g7SokKOiI,,,0,[]
Luis Miguel,2nszmSgqreHSdJA3zWPyrW,,,0,[]
Destiny's Child,1Y8cdNmUJH7yBTd9yOvr5i,,,0,[]
Gayla Peevey,1suIIDedjFJRuu8k7b55hZ,,,0,[]
Pretenders,0GByy3DcfbQwDvXGCWmzv9,,,0,[]
Run–D.M.C.,3CQIn7N5CuRDP8wEI7FiDA,,,0,[]
Dolly Parton,32vWCbZh0xZ4o9gkz4PsEU,,,0,[]
Bleachers,2eam0iDomRHGBypaDQLwWI,,,0,[]
Clyde McPhatter & The Drifters,3wvL1LH03jmuLkIEPSK8m2,,,0,[]
Judy Garland,0hItVPjwJLVZrFqOyIsxPf,,,0,[]
Johnny Mathis,21LGsW7bziR4Ledx7WZ1Wf,,,0,[]
Neton Vega,6pV5zH2LzjOUHaAvENdMMa,,,0,[]
Andmesh,6IDsZZ4IHgs9VblBgQQSmt,,,0,[]
