artist_1,artist_1_id,artist_2,artist_2_id,count,song_ids
Sam Smith,2wY79sveU1sp5g7SokKOiI,Kim Petras,3Xt3RrJMFv5SZkCfUE8C1J,1,['0NZPBYD5qbEWRs3PrGiRkT']
David Guetta,1Cs0zKBU1kc0i8ypK3B9ai,Bebe Rexha,64M6ah0SkkRsnPGtGiRAbb,1,['4uUG5RXrOk84mYEfFvj3cK']
Quevedo,52iwsT98xCoGgiGntTiR7K,Bizarrap,716NhGYqD1jl2wI1Qkgq36,1,['2tTmW7RDtMQtBk7m2rYeSw']
Metro Boomin,0iEtIxbK0KxaSlF7G42ZOp,The Weeknd,1Xyo4u8uXC1ZmMpatF05PJ,1,['2dHHgzDwk4BJdRwy9uXhTO']
Metro Boomin,0iEtIxbK0KxaSlF7G42ZOp,21 Savage,1URnnhqYAYcrqrcwql10ft,2,"['2dHHgzDwk4BJdRwy9uXhTO', '4WuOWVnAqvEQxgSRrspBgt']"
21 Savage,1URnnhqYAYcrqrcwql10ft,The Weeknd,1Xyo4u8uXC1ZmMpatF05PJ,2,"['2dHHgzDwk4BJdRwy9uXhTO', '4hGmQboiou09EwhcTWa0H6']"
Chencho Corleone,37230BxxYs9ksS7OkZw3IU,Bad Bunny,4q3ewBCX7sLwd24euuV69X,1,['6Sq7ltF9Qa7SNFBsV5Cogx']
Arcángel,4SsVbpTthjScTS7U2hmr1X,Bad Bunny,4q3ewBCX7sLwd24euuV69X,2,"['1C7lXfx4Y5maVl4AgUVlHA', '2mnXxnrX5vCGolNkaFvVeM']"
21 Savage,1URnnhqYAYcrqrcwql10ft,Drake,3TVXtAsR1Inumwj472S9r4,3,"['1bDbXMyjaUIooNwFE9wn0N', '2nibvvDdAQkVraYP00z2RS', '3F5CgOj3wFlRv51JsHbxhe']"
Ozuna,1i8SpTcr7yvPOmcqrbnVXY,Feid,2LRoIwlKmHjgvigdNGBHNo,1,['1zsPaEkglFvxjAhrM8yhpr']
Selena Gomez,0C8ZW7ezQVs4URX5aX7Kqx,Rema,46pWGuE3dSwY3bMMXGBvVS,1,['1s7oOCT8vauUh01PbJD6ps']
Stephen Sanchez,5XKFrudbV4IiuE5WuTPRmT,Em Beihold,7o2ZQYM7nTsaVdkXY38UAA,1,['1Y3LN4zO1Edc2EluIoSPJN']
Bad Bunny,4q3ewBCX7sLwd24euuV69X,Bomba Estéreo,5n9bMYfz9qss2VOW89EVs2,1,['3k3NWokhRRkEPhCzPmV8TW']
070 Shake,12Zk1DFhCbHY6v3xep2ZjI,RAYE,5KKpBU5eC2tJDzf0wmlRp2,2,"['4rPJSqrov3zqGwXlemLBMw', '5mHdCZtVyb4DcJw8799hZp']"
Ñengo Flow,12vb80Km0Ew53ABfJOepVz,Bad Bunny,4q3ewBCX7sLwd24euuV69X,2,"['1C7lXfx4Y5maVl4AgUVlHA', '54ELExv56KCAB4UP9cOCzC']"
Robin Schulz,3t5xRXzsuZmMDkQzgOX35S,Oliver Tree,6TLwD7HPWuiOzvXEa3oCNe,1,['73vIOb4Q7YN6HeJTbscRx5']
Elton John,3PhoLpVuITZKcymswpck5b,Dua Lipa,6M2wZ9GZgrQXHCFfjv46we,1,['6JIC3hbC28JZKZ8AlAqX8h']
Elton John,3PhoLpVuITZKcymswpck5b,PNAU,6n28c9qs9hNGriNa72b26u,1,['6JIC3hbC28JZKZ8AlAqX8h']
Dua Lipa,6M2wZ9GZgrQXHCFfjv46we,PNAU,6n28c9qs9hNGriNa72b26u,1,['6JIC3hbC28JZKZ8AlAqX8h']
Justin Bieber,1uNFoZAHBGtllmzznpCI3s,The Kid LAROI,2tIP7SsRs7vjIcLrU85W8J,1,['567e29TDzLwZwfDuEpGTwo']
Ana Castela,2CKOmarVWvWqkNWUatHCex,Israel & Rodolffo,41QLxRXlc2NwfJZkHGHKid,1,['0SCMVUZ21uYYB8cc0ScfbV']
Lyanno,1Ts9of7VPZElwPQnqnDSfW,Rauw Alejandro,1mcTU81TzQhprhouKaTkpq,1,['1aUq8rjW1EwkAkMri4VfJy']
Brray,1GKIlPFdcewHtpDVCQ8zmJ,Rauw Alejandro,1mcTU81TzQhprhouKaTkpq,1,['1aUq8rjW1EwkAkMri4VfJy']
Brray,1GKIlPFdcewHtpDVCQ8zmJ,Lyanno,1Ts9of7VPZElwPQnqnDSfW,1,['1aUq8rjW1EwkAkMri4VfJy']
MC MENOR HR,33yjk1kQbu7otNngO5pQb8,MC MENOR SG,3hXocXy7cs7SZ1JLZUgKBp,1,['1597vvneWf0zoQrg2D8yH6']
MC MENOR HR,33yjk1kQbu7otNngO5pQb8,DJ ESCOBAR,65tpb4BwAnD3HOUs8MC6TB,1,['1597vvneWf0zoQrg2D8yH6']
MC MENOR SG,3hXocXy7cs7SZ1JLZUgKBp,DJ ESCOBAR,65tpb4BwAnD3HOUs8MC6TB,1,['1597vvneWf0zoQrg2D8yH6']
Mari Fernandez,0BHm7qbh3ENxvXzkQAG7MP,Gustavo Mioto,1X6ORK7IekgmyjV6IFPszP,1,['4ASA1PZyWGbuc4d9N8OAcF']
The Weeknd,1Xyo4u8uXC1ZmMpatF05PJ,Daft Punk,4tZwfgrHOc3mvqYlEYSvVi,1,['7MXVkk9YMctZqd1Srtv4MB']
Fuerza Regida,0ys2OFYzWYB5hRDLCsBqxt,Grupo Frontera,6XkjpgcEsYab502Vr1bBeW,1,['0IKeDy5bT9G0bA7ZixRT4A']
Carin Leon,66ihevNkSYNzRAl44dx6jJ,Grupo Frontera,6XkjpgcEsYab502Vr1bBeW,2,"['5HR7yfhSCeoOHRQN05XnZQ', '6Um358vY92UBv5DloTRX9L']"
Metro Boomin,0iEtIxbK0KxaSlF7G42ZOp,Future,1RyvyyTE3xzB2ZywiAwp0i,3,"['0B6g379TMw0nYGXA7y5xHz', '0vjeOZ3Ft5jvAi9SBFJm1j', '2Hh3ETdQKrmSI3QS0hme7g']"
Metro Boomin,0iEtIxbK0KxaSlF7G42ZOp,Chris Brown,7bXgB6jMjp9ATFy66eO08Z,1,['0vjeOZ3Ft5jvAi9SBFJm1j']
Future,1RyvyyTE3xzB2ZywiAwp0i,Chris Brown,7bXgB6jMjp9ATFy66eO08Z,1,['0vjeOZ3Ft5jvAi9SBFJm1j']
Shakira,0EmeFodog0BfCgMzAIvKQp,Ozuna,1i8SpTcr7yvPOmcqrbnVXY,1,['6G12ZafqofSq7YtrMqUm76']
Dj LK da Escócia,6WIjKbyqeO9MkfNMFJsF50,Tchakabum,7iJl63aJyNd8C6NZlMv6kp,1,['4UldILPVpnZO69ffK4B9aA']
Dj LK da Escócia,6WIjKbyqeO9MkfNMFJsF50,MC Ryan SP,75i9GaW2MJUgt4BkdUnuUY,1,['4UldILPVpnZO69ffK4B9aA']
mc jhenny,6Ka3TKKRqhWwbmuxjhrmo6,Dj LK da Escócia,6WIjKbyqeO9MkfNMFJsF50,1,['4UldILPVpnZO69ffK4B9aA']
Dj LK da Escócia,6WIjKbyqeO9MkfNMFJsF50,Mc RF,7rnLNmWx3ibYo5uQcghVgQ,1,['4UldILPVpnZO69ffK4B9aA']
MC Ryan SP,75i9GaW2MJUgt4BkdUnuUY,Tchakabum,7iJl63aJyNd8C6NZlMv6kp,1,['4UldILPVpnZO69ffK4B9aA']
mc jhenny,6Ka3TKKRqhWwbmuxjhrmo6,Tchakabum,7iJl63aJyNd8C6NZlMv6kp,1,['4UldILPVpnZO69ffK4B9aA']
Tchakabum,7iJl63aJyNd8C6NZlMv6kp,Mc RF,7rnLNmWx3ibYo5uQcghVgQ,1,['4UldILPVpnZO69ffK4B9aA']
mc jhenny,6Ka3TKKRqhWwbmuxjhrmo6,MC Ryan SP,75i9GaW2MJUgt4BkdUnuUY,1,['4UldILPVpnZO69ffK4B9aA']
MC Ryan SP,75i9GaW2MJUgt4BkdUnuUY,Mc RF,7rnLNmWx3ibYo5uQcghVgQ,1,['4UldILPVpnZO69ffK4B9aA']
mc jhenny,6Ka3TKKRqhWwbmuxjhrmo6,Mc RF,7rnLNmWx3ibYo5uQcghVgQ,1,['4UldILPVpnZO69ffK4B9aA']
Ana Castela,2CKOmarVWvWqkNWUatHCex,Zé Felipe,7cmuxPnXRJxwuYDHfbD8Eu,1,['2hkwwmmLC90T8BQ7t3xufq']
Luan Pereira,5kVgcCdPbeUwxBqWxi2Ktl,Zé Felipe,7cmuxPnXRJxwuYDHfbD8Eu,1,['2hkwwmmLC90T8BQ7t3xufq']
Ana Castela,2CKOmarVWvWqkNWUatHCex,Luan Pereira,5kVgcCdPbeUwxBqWxi2Ktl,1,['2hkwwmmLC90T8BQ7t3xufq']
Hugo & Guilherme,1LIuN7ov1IBQDdLsU83ojl,Guilherme & Benuto,6m6e7D2TnV0aYMllFFwMxu,1,['1ELsaYdj2NlxLvkx9g24xZ']
Dua Lipa,6M2wZ9GZgrQXHCFfjv46we,Calvin Harris,7CajNmpbOovFoOoasH2HaY,1,['76dIZzTdrNO15mGBrU3MHi']
Baby Rasta,0GgyFUpOyzWDRDqx8FCTDN,Rauw Alejandro,1mcTU81TzQhprhouKaTkpq,1,['4UGqAW9i7NtE5mW9xzm6yk']
BTS,3Nrfpe0tUJi4K4DXYWgMUX,Jung Kook,6HaGTQPmzraVmaVxvz6EUc,2,"['1RDvyOk4WtPCtoqciJwVn8', '5Odq8ohlgIbQKMZivbWkEo']"
FIFA Sound,5C01hDqpEmrmDfUhX9YWsH,Jung Kook,6HaGTQPmzraVmaVxvz6EUc,1,['1RDvyOk4WtPCtoqciJwVn8']
BTS,3Nrfpe0tUJi4K4DXYWgMUX,FIFA Sound,5C01hDqpEmrmDfUhX9YWsH,1,['1RDvyOk4WtPCtoqciJwVn8']
The Weeknd,1Xyo4u8uXC1ZmMpatF05PJ,Gesaffelstein,3hteYQFiMFbJY7wS0xDymP,1,['1cKHdTo9u0ZymJdPGSh6nq']
hey daisy,38PzLQE4GW8o7A18oGhi0x,Nicky Youre,7qmpXeNz2ojlMl2EEfkeLs,1,['5YqEzk3C5c3UZ1D5fJUlXA']
Wisin & Yandel,1wZtkThiXbVNtj6hee6dz9,ROSALÍA,7ltDVBr6mKbRvohxheJ9h1,1,['6OzUIp8KjuwxJnCWkXp1uL']
Doja Cat,5cj0lLjcoR7YOSnhnX0Po5,SZA,7tYKF4w9nC0nq9CsPZTHyP,2,"['0CrcwVLUe8wzLUIXgjXVZJ', '3DarAbFujv6eYNliUTyqtz']"
Ángela Aguilar,3abT87tqQ4Q5PA5nw6CYyH,Yuridia,5B8ApeENp4bE4EE3LI8jK2,1,['4H6o1bxKRGzmsE0vzo968m']
J Balvin,1vyhD5VmyZ7KMfW5gqLgo5,Bad Bunny,4q3ewBCX7sLwd24euuV69X,1,['0fea68AdmYNygeTGI4RC18']
The Weeknd,1Xyo4u8uXC1ZmMpatF05PJ,Ariana Grande,66CXWjxzNUsdJxJ2JdwvnR,3,"['1oFAF1hdPOickyHgbuRjyX', '4W4fNrZYkobj539TOWsLO2', '7oDd86yk8itslrA9HRP2ki']"
L.V.,2LhsePRtgCo4THVKULQBL7,Coolio,3y24n3XhZ96wgwRXjvS17T,1,['1DIXPcTDzTj8ZMHt3PDt8p']
Jung Kook,6HaGTQPmzraVmaVxvz6EUc,Charlie Puth,6VuMaDnrHyPL1p4EHjYLi7,1,['5Odq8ohlgIbQKMZivbWkEo']
BTS,3Nrfpe0tUJi4K4DXYWgMUX,Charlie Puth,6VuMaDnrHyPL1p4EHjYLi7,1,['5Odq8ohlgIbQKMZivbWkEo']
Xand Avião,43DRDu6nLSeIedZ7T1A616,Guilherme & Benuto,6m6e7D2TnV0aYMllFFwMxu,1,['3yHXEidSu4gYVRqKoI653O']
Cris Mj,1Yj5Xey7kTwvZla8sqdsdE,Duki,1bAftSH8umNcGZ0uyV7LMg,1,['0NO2zL0kw8sGGnaMvHKAZF']
Cris Mj,1Yj5Xey7kTwvZla8sqdsdE,Nicki Nicole,2UZIAOlrnyZmyzt1nuXr9y,1,['0NO2zL0kw8sGGnaMvHKAZF']
Standly,0rjms710nwQTdrQheXHJfz,Cris Mj,1Yj5Xey7kTwvZla8sqdsdE,1,['0NO2zL0kw8sGGnaMvHKAZF']
Cris Mj,1Yj5Xey7kTwvZla8sqdsdE,Stars Music Chile,2NZD6Gqfk60GEcAAnJKVsR,1,['0NO2zL0kw8sGGnaMvHKAZF']
Duki,1bAftSH8umNcGZ0uyV7LMg,Nicki Nicole,2UZIAOlrnyZmyzt1nuXr9y,1,['0NO2zL0kw8sGGnaMvHKAZF']
Standly,0rjms710nwQTdrQheXHJfz,Duki,1bAftSH8umNcGZ0uyV7LMg,1,['0NO2zL0kw8sGGnaMvHKAZF']
Duki,1bAftSH8umNcGZ0uyV7LMg,Stars Music Chile,2NZD6Gqfk60GEcAAnJKVsR,1,['0NO2zL0kw8sGGnaMvHKAZF']
Standly,0rjms710nwQTdrQheXHJfz,Nicki Nicole,2UZIAOlrnyZmyzt1nuXr9y,1,['0NO2zL0kw8sGGnaMvHKAZF']
Stars Music Chile,2NZD6Gqfk60GEcAAnJKVsR,Nicki Nicole,2UZIAOlrnyZmyzt1nuXr9y,1,['0NO2zL0kw8sGGnaMvHKAZF']
Standly,0rjms710nwQTdrQheXHJfz,Stars Music Chile,2NZD6Gqfk60GEcAAnJKVsR,1,['0NO2zL0kw8sGGnaMvHKAZF']
Ovy On The Drums,3m5qlPf2OkihLz3dRYnkPA,KAROL G,790FomKkXshlbRYZFtlgla,1,['16dUQ4quIHDe4ZZ0wF1EMN']
Post Malone,246dkjvS1zLTtiykXe5h60,Doja Cat,5cj0lLjcoR7YOSnhnX0Po5,1,['0O6u0VJ46W86TxN9wgyqDj']
Macklemore,3JhNCzhSMTxs9WLGJJxWOY,Ryan Lewis,4myTppRgh0rojLxx8RycOp,1,['22skzmqfdWrjJylampe0kt']
Macklemore,3JhNCzhSMTxs9WLGJJxWOY,Macklemore & Ryan Lewis,6WLvgbfYXQPO396oJEYCsi,1,['22skzmqfdWrjJylampe0kt']
Macklemore,3JhNCzhSMTxs9WLGJJxWOY,Ray Dalton,4e0nWw2r4BoQSKPQ2zpU13,1,['22skzmqfdWrjJylampe0kt']
Ryan Lewis,4myTppRgh0rojLxx8RycOp,Macklemore & Ryan Lewis,6WLvgbfYXQPO396oJEYCsi,1,['22skzmqfdWrjJylampe0kt']
Ray Dalton,4e0nWw2r4BoQSKPQ2zpU13,Ryan Lewis,4myTppRgh0rojLxx8RycOp,1,['22skzmqfdWrjJylampe0kt']
Ray Dalton,4e0nWw2r4BoQSKPQ2zpU13,Macklemore & Ryan Lewis,6WLvgbfYXQPO396oJEYCsi,1,['22skzmqfdWrjJylampe0kt']
Rauw Alejandro,1mcTU81TzQhprhouKaTkpq,Bad Bunny,4q3ewBCX7sLwd24euuV69X,1,['4tYFy8ALRjIZvnvSLw5lxN']
Khalid,6LuN9FCkKOj5PcnpouEgny,Billie Eilish,6qqNVTkY8uBg9cP3Jd7DAH,1,['0u2P5u6lvoDfwTYjAADbn4']
Tiësto,2o5jDhtHVPhrJdv3cEQ99Z,Tate McRae,45dkTj5sMRSjrmBSBeiHym,1,['36gcliMRX1vCpgnrZE3dFZ']
Imagine Dragons,53XhwfbYqKCa1cC15pYq2q,JID,6U3ybJ9UHNKEdsH7ktGBZ7,1,['3CIyK1V4JEJkg02E4EJnDl']
Imagine Dragons,53XhwfbYqKCa1cC15pYq2q,Arcane,57nPqD7z62gDdq37US9XJR,1,['3CIyK1V4JEJkg02E4EJnDl']
League of Legends,47mIJdHORyRerp4os813jD,Imagine Dragons,53XhwfbYqKCa1cC15pYq2q,1,['3CIyK1V4JEJkg02E4EJnDl']
Arcane,57nPqD7z62gDdq37US9XJR,JID,6U3ybJ9UHNKEdsH7ktGBZ7,1,['3CIyK1V4JEJkg02E4EJnDl']
League of Legends,47mIJdHORyRerp4os813jD,JID,6U3ybJ9UHNKEdsH7ktGBZ7,1,['3CIyK1V4JEJkg02E4EJnDl']
League of Legends,47mIJdHORyRerp4os813jD,Arcane,57nPqD7z62gDdq37US9XJR,1,['3CIyK1V4JEJkg02E4EJnDl']
Shakira,0EmeFodog0BfCgMzAIvKQp,Rauw Alejandro,1mcTU81TzQhprhouKaTkpq,1,['2rurDawMfoKP4uHyb2kJBt']
Pritam,1wRPtKGflJrBx9BmLsSwlU,Arijit Singh,4YRxDV8wJFPHPTeXepOstw,2,"['0rU8aU8TSbq6Xz6RWlmA1y', '4UMIv5jd9gK98a39BQRD9X']"
Pritam,1wRPtKGflJrBx9BmLsSwlU,Amitabh Bhattacharya,2fMqTqiTxUDlmcOEPaQSsx,2,"['0rU8aU8TSbq6Xz6RWlmA1y', '4UMIv5jd9gK98a39BQRD9X']"
Amitabh Bhattacharya,2fMqTqiTxUDlmcOEPaQSsx,Arijit Singh,4YRxDV8wJFPHPTeXepOstw,3,"['0rU8aU8TSbq6Xz6RWlmA1y', '4UMIv5jd9gK98a39BQRD9X', '5QW9K4A1gMnIi94YUxtsfM']"
Bad Bunny,4q3ewBCX7sLwd24euuV69X,JHAYCO,6nVcHLIgY5pE2YCl8ubca1,2,"['41oY4WCTj5kccfesTVFnvN', '4MzXwWMhyBbmu6hOcLVD49']"
Jack Harlow,2LIk90788K0zvyj2JJVwkJ,Lil Nas X,7jVv8c5Fj3E9VhNjxT4snq,1,['5Z9KJZvQzH6PFmb8SNkxuk']
Jorge & Mateus,1elUiq4X7pxej6FRlrEzjM,Matheus & Kauan,2Z0lRIqr997lIUiPtrpKCr,1,['2M4kQD87lKnAS9vFlb4Bez']
Luis R Conriquez,0pePYDrJGk8gqMRbXrLJC8,La Adictiva,49EE6lVLgU8sp7dFgPshgM,1,['5kpxVMDvYGRmNqawPqDTYR']
Dj TG Beats,6Eni0bpQP6Z3G2CIN7VJRh,MC K.K,6TtI28JVtV3RufOCwLvHod,1,['6Hio4nlyWL2WBL8nYlbuGt']
Dj Aurélio,2aBp5B1hhPlvVWbocbfA6x,MC K.K,6TtI28JVtV3RufOCwLvHod,1,['6Hio4nlyWL2WBL8nYlbuGt']
MC Lipivox,03R5vvmqjPsxS7Y5be6IAY,MC K.K,6TtI28JVtV3RufOCwLvHod,1,['6Hio4nlyWL2WBL8nYlbuGt']
Dj Aurélio,2aBp5B1hhPlvVWbocbfA6x,Dj TG Beats,6Eni0bpQP6Z3G2CIN7VJRh,1,['6Hio4nlyWL2WBL8nYlbuGt']
MC Lipivox,03R5vvmqjPsxS7Y5be6IAY,Dj TG Beats,6Eni0bpQP6Z3G2CIN7VJRh,1,['6Hio4nlyWL2WBL8nYlbuGt']
MC Lipivox,03R5vvmqjPsxS7Y5be6IAY,Dj Aurélio,2aBp5B1hhPlvVWbocbfA6x,1,['6Hio4nlyWL2WBL8nYlbuGt']
Dina Rae,5jNmxPYz8QE5rYp4GDil8t,Eminem,7dGJo4pcD2V6oG8kP0tJRR,1,['4woTEX1wYOTGDqNXuavlRC']
Mert Demir,1Zj4GtouAnxHq4qw7ooLfm,Mabel Matiz,1dpqJqIuNqideTvmxBsSku,1,['4OH5Cd8ZOI1eSgJSC9PYmU']
Rauw Alejandro,1mcTU81TzQhprhouKaTkpq,Chencho Corleone,37230BxxYs9ksS7OkZw3IU,1,['6mmPpaltUZK7xjNlBPQQ0p']
James Hype,43BxCL6t4c73BQnIJtry5v,Miggy Dela Rosa,45ruzGUmIr8WLjLOPJ9mGU,1,['4zN21mbAuaD0WqtmaTZZeP']
Grupo Marca Registrada,1gW6pz5n1aK249L0GvfQCC,Junior H,7Gi6gjaWy3DxyilpF1a8Is,1,['4w273WCBXwM4P3jTX5HkB2']
Don Omar,33ScadVnbm2X8kkUqOkC6Z,Lucenzo,5bv5RplEOwdCvhq0EILh9E,1,['2a1o6ZejUi8U3wzzOtCOYw']
Maldy,4IndUOBCZYZg61557iq2A9,KAROL G,790FomKkXshlbRYZFtlgla,1,['6Vn1vje8yMw2OY6IOk9dkH']
DaBaby,4r63FhuTkUYltbVAg5TQnk,Dua Lipa,6M2wZ9GZgrQXHCFfjv46we,1,['5nujrmhLynf4yMoMtj8AQF']
Luis R Conriquez,0pePYDrJGk8gqMRbXrLJC8,Peso Pluma,12GqGscKJx3aE4t07u7eVZ,3,"['3gfSH9aYZbyGjdmbeoWliw', '4ygQ5wSuzzNRevVjup1qV2', '626vswICsSvlVh4ILUhZJ1']"
Tony Dize,3LKXWvXFWrkwUzJWxzwVpW,Bad Bunny,4q3ewBCX7sLwd24euuV69X,1,['1797zYiX4cKosMH836X9Gt']
Jorge & Mateus,1elUiq4X7pxej6FRlrEzjM,Diego & Victor Hugo,3k68C6mNMJL6OaAdWeW2ZF,1,['6gyhp7IcNhTYzwlk8utsgP']
Metro Boomin,0iEtIxbK0KxaSlF7G42ZOp,Don Toliver,4Gso3d4CscCijv0lmajZWs,3,"['0y8Pu7x5jXgUjOIJvQIF5L', '2Hh3ETdQKrmSI3QS0hme7g', '2qlBAT108lYOzlXhBxBqEv']"
Future,1RyvyyTE3xzB2ZywiAwp0i,Don Toliver,4Gso3d4CscCijv0lmajZWs,2,"['2Hh3ETdQKrmSI3QS0hme7g', '52NGJPcLUzQq5w7uv4e5gf']"
Shilpa Rao,19LIHDDSHBD5NyYHI3gpzB,Vishal-Shekhar,6Mv8GjQa7LKUGCAqa9qqdb,1,['0CtZpaOhtzvLV3FfcsVpQo']
Caralisa Monteiro,2Yf4MRVpt0rcAd5y5h5ph1,Vishal-Shekhar,6Mv8GjQa7LKUGCAqa9qqdb,1,['0CtZpaOhtzvLV3FfcsVpQo']
Vishal Dadlani,6CXEwIaXYfVJ84biCxqc9k,Vishal-Shekhar,6Mv8GjQa7LKUGCAqa9qqdb,2,"['0CtZpaOhtzvLV3FfcsVpQo', '6FAYpZ4jve8vpvTwUvjK6H']"
Shekhar Ravjiani,4xd7mLI7urqrxELaXhAvzw,Vishal-Shekhar,6Mv8GjQa7LKUGCAqa9qqdb,2,"['0CtZpaOhtzvLV3FfcsVpQo', '6FAYpZ4jve8vpvTwUvjK6H']"
Kumaar,0m3D4grap8VFSzbJMqgNVk,Vishal-Shekhar,6Mv8GjQa7LKUGCAqa9qqdb,2,"['0CtZpaOhtzvLV3FfcsVpQo', '6FAYpZ4jve8vpvTwUvjK6H']"
Shilpa Rao,19LIHDDSHBD5NyYHI3gpzB,Caralisa Monteiro,2Yf4MRVpt0rcAd5y5h5ph1,1,['0CtZpaOhtzvLV3FfcsVpQo']
Shilpa Rao,19LIHDDSHBD5NyYHI3gpzB,Vishal Dadlani,6CXEwIaXYfVJ84biCxqc9k,1,['0CtZpaOhtzvLV3FfcsVpQo']
Shilpa Rao,19LIHDDSHBD5NyYHI3gpzB,Shekhar Ravjiani,4xd7mLI7urqrxELaXhAvzw,1,['0CtZpaOhtzvLV3FfcsVpQo']
Kumaar,0m3D4grap8VFSzbJMqgNVk,Shilpa Rao,19LIHDDSHBD5NyYHI3gpzB,3,"['0CtZpaOhtzvLV3FfcsVpQo', '3xMHXmedL5Rvfxmiar9Ryv', '4nc6XiUze2Yh7wFueGOPv7']"
Caralisa Monteiro,2Yf4MRVpt0rcAd5y5h5ph1,Vishal Dadlani,6CXEwIaXYfVJ84biCxqc9k,1,['0CtZpaOhtzvLV3FfcsVpQo']
Caralisa Monteiro,2Yf4MRVpt0rcAd5y5h5ph1,Shekhar Ravjiani,4xd7mLI7urqrxELaXhAvzw,1,['0CtZpaOhtzvLV3FfcsVpQo']
Kumaar,0m3D4grap8VFSzbJMqgNVk,Caralisa Monteiro,2Yf4MRVpt0rcAd5y5h5ph1,1,['0CtZpaOhtzvLV3FfcsVpQo']
Shekhar Ravjiani,4xd7mLI7urqrxELaXhAvzw,Vishal Dadlani,6CXEwIaXYfVJ84biCxqc9k,2,"['0CtZpaOhtzvLV3FfcsVpQo', '6FAYpZ4jve8vpvTwUvjK6H']"
Kumaar,0m3D4grap8VFSzbJMqgNVk,Vishal Dadlani,6CXEwIaXYfVJ84biCxqc9k,2,"['0CtZpaOhtzvLV3FfcsVpQo', '6FAYpZ4jve8vpvTwUvjK6H']"
Kumaar,0m3D4grap8VFSzbJMqgNVk,Shekhar Ravjiani,4xd7mLI7urqrxELaXhAvzw,2,"['0CtZpaOhtzvLV3FfcsVpQo', '6FAYpZ4jve8vpvTwUvjK6H']"
Calum Scott,6ydoSd3N2mwgwBHtF6K7eX,Lost Frequencies,7f5Zgnp2spUuuzKplmRkt7,1,['3mfER4ORePHvN35cbZ3dkV']
Travis Scott,0Y5tJX1MQlPlqiwlOH1tJY,Metro Boomin,0iEtIxbK0KxaSlF7G42ZOp,2,"['4WuOWVnAqvEQxgSRrspBgt', '5wG3HvLhF6Y5KTGlK0IW3J']"
Travis Scott,0Y5tJX1MQlPlqiwlOH1tJY,21 Savage,1URnnhqYAYcrqrcwql10ft,4,"['0lodMO0qK83vfPiiD7FMEt', '0r75DNlHu4recmKUdZeMfG', '4WuOWVnAqvEQxgSRrspBgt', '76gcXhY3Zv6wW0BTe9nHJo']"
Lana Del Rey,00FQb4jTyendYWaN8pK0wa,The Weeknd,1Xyo4u8uXC1ZmMpatF05PJ,1,['5gDWsRxpJ2lZAffh5p7K0w']
TWISTED,1rPf3UFQ9PzH7MafzfHTnG,Oliver Tree,6TLwD7HPWuiOzvXEa3oCNe,1,['5Zlb01Jcn0Ld49zazzZJSB']
Quevedo,52iwsT98xCoGgiGntTiR7K,Myke Towers,7iK8PXO48WeuP03g8YR51W,1,['0Sfn2TYbpQtCGMBf6C0Y6T']
Swae Lee,1zNqQNIdeOUZHb8zbZRFMX,Post Malone,246dkjvS1zLTtiykXe5h60,1,['0RiRZpuVRbi7oqRdSMwhQY']
Maroon 5,04gDigrS5kc9YWfZHwBETP,Wiz Khalifa,137W8MRPWKqSmrBGDBFSop,1,['1XGmzt0PVuFgQYYnV2It7A']
Future,1RyvyyTE3xzB2ZywiAwp0i,Drake,3TVXtAsR1Inumwj472S9r4,1,['59nOXPmaKlBfGMDeOVGrIK']
Future,1RyvyyTE3xzB2ZywiAwp0i,Tems,687cZJR45JO7jhk1LHIbgq,1,['59nOXPmaKlBfGMDeOVGrIK']
Drake,3TVXtAsR1Inumwj472S9r4,Tems,687cZJR45JO7jhk1LHIbgq,1,['59nOXPmaKlBfGMDeOVGrIK']
BTS,3Nrfpe0tUJi4K4DXYWgMUX,Coldplay,4gzpq5DPGxSnKTe4SA8HAU,1,['46HNZY1i7O6jwTA7Slo2PI']
Camila Cabello,4nDoRrQiYLoBzwC5BhVJzF,Ed Sheeran,6eUKZXaKkcviH0Ku9w2n3V,1,['2DB4DdfCFMw1iaR6JaR03a']
Mora,0Q8NcsJwoCbZOHHW63su5S,Feid,2LRoIwlKmHjgvigdNGBHNo,2,"['0EhuGnOS6fTc5l5UNtDEH2', '5jt25aFjW2kNoBqaEVaz5W']"
Lana Del Rey,00FQb4jTyendYWaN8pK0wa,Taylor Swift,06HL4z0CvFAxyc27GXpf02,2,"['1wtOxkiel43cVs0Yux5Q4h', '4zmKGsrXjLmljb5fTaBTot']"
MEDUZA,0xRXCcSX89eobfrshSVdyu,James Carter,5344K3N7rx7kw1HjO8psuq,1,['3rb0tMq42WfggucPm0HHkA']
MEDUZA,0xRXCcSX89eobfrshSVdyu,Elley Duhé,67MNhiAICFY6Pwc2YxCO0K,1,['3rb0tMq42WfggucPm0HHkA']
MEDUZA,0xRXCcSX89eobfrshSVdyu,FAST BOY,56Qz2XwGj7FxnNKrfkWjnb,1,['3rb0tMq42WfggucPm0HHkA']
James Carter,5344K3N7rx7kw1HjO8psuq,Elley Duhé,67MNhiAICFY6Pwc2YxCO0K,1,['3rb0tMq42WfggucPm0HHkA']
James Carter,5344K3N7rx7kw1HjO8psuq,FAST BOY,56Qz2XwGj7FxnNKrfkWjnb,1,['3rb0tMq42WfggucPm0HHkA']
FAST BOY,56Qz2XwGj7FxnNKrfkWjnb,Elley Duhé,67MNhiAICFY6Pwc2YxCO0K,1,['3rb0tMq42WfggucPm0HHkA']
Yandel,0eHQ9o50hj6ZDNBt6Ys1sD,Feid,2LRoIwlKmHjgvigdNGBHNo,2,"['28BSTgZH1ckI8Xfy8LXaRz', '4FAKtPVycI4DxoOHC01YqD']"
Fred again..,4oLeXFyACqeem2VImYeBFe,Skrillex,5he5w2lnU9x7JFhnwcekXX,1,['1GfBLbAhZUWdseuDqhocmn']
Flowdan,07CimrZi5vs9iEao47TNQ4,Skrillex,5he5w2lnU9x7JFhnwcekXX,1,['1GfBLbAhZUWdseuDqhocmn']
Flowdan,07CimrZi5vs9iEao47TNQ4,Fred again..,4oLeXFyACqeem2VImYeBFe,1,['1GfBLbAhZUWdseuDqhocmn']
Nate Dogg,1Oa0bMld0A3u5OTYfMzp5h,Eminem,7dGJo4pcD2V6oG8kP0tJRR,1,['4xkOaSrkexMciUUogZKVTS']
Natanael Cano,0elWFr7TW8piilVRYJUe4P,Peso Pluma,12GqGscKJx3aE4t07u7eVZ,4,"['0FxtC8uFapbpDBliAU3sd6', '0cNSq9T5l8gZnpY14rsTR2', '0jofzyjTFcgFIvkK5bXwo3', '3hSV42Sx3dAaYwjOPZgubn']"
Natanael Cano,0elWFr7TW8piilVRYJUe4P,Gabito Ballesteros,6Sbl0NT50roqWvy746MfVf,2,"['0FxtC8uFapbpDBliAU3sd6', '3FvTHuefYV6TxE3Kseqno8']"
Peso Pluma,12GqGscKJx3aE4t07u7eVZ,Gabito Ballesteros,6Sbl0NT50roqWvy746MfVf,3,"['0FxtC8uFapbpDBliAU3sd6', '1piak4R3yW4otWWyaSqyCH', '7mXuWTczZNxG5EDcjFEuJR']"
Drake,3TVXtAsR1Inumwj472S9r4,Popcaan,62DmErcU7dqZbJaDqwsqzR,1,['6rb3wFQ66EWR7DcPG0oEE1']
AYLIVA,2rEVnwCPBeGkWMv425KoG1,MERO,5wyWp867LWGjFmYZXVSFnZ,1,['7DyDjhZMEIK5Ied4juTCyc']
Lady Gaga,1HY2Jd0NmPuamShAr6KMms,Bradley Cooper,4VIvfOurcf0vuLRxLkGnIG,1,['2VxeLyX666F8uXCJ0dZF8B']
Camila Cabello,4nDoRrQiYLoBzwC5BhVJzF,Shawn Mendes,7n2wHs1TKAczGzO7Dd2rGr,1,['6v3KW9xbzN5yKLt9YKDYA2']
Shakira,0EmeFodog0BfCgMzAIvKQp,Bizarrap,716NhGYqD1jl2wI1Qkgq36,1,['4nrPB8O7Y7wsOCJdgXkthe']
Edgardo Nuñez,0mA4dkNGiN4fqTBi2SLlAv,Fuerza Regida,0ys2OFYzWYB5hRDLCsBqxt,1,['3XfUFGzbr0LmwFVoLXd9cO']
Jimin,1oSPZhvZMIrWW5I41kPkkY,TAEYANG,6udveWUgX4vu75FF0DTrXV,1,['61AZsmFB3VoJdmraMk5ZSn']
Guè,7F2utINZ6tSokSiZTQBE27,ANNA,7K80yOTC0Id95gRaOxDG5u,1,['1xUnvxp9DFrpwXnO0RHKUp']
Sfera Ebbasta,23TFHmajVfBtlRx5MXqgoz,Guè,7F2utINZ6tSokSiZTQBE27,2,"['1F4ARcz5U9kgtcjpcYNzTH', '1xUnvxp9DFrpwXnO0RHKUp']"
Sfera Ebbasta,23TFHmajVfBtlRx5MXqgoz,ANNA,7K80yOTC0Id95gRaOxDG5u,2,"['1xUnvxp9DFrpwXnO0RHKUp', '5JuidT91MdTPOEDHL4u3fp']"
Original Koffee,1gWjcmBsveEYMxOZ0VRi32,Sam Smith,2wY79sveU1sp5g7SokKOiI,1,['2GGN92tO0UbNAYrbMbQ4bf']
Sam Smith,2wY79sveU1sp5g7SokKOiI,Jessie Reyez,3KedxarmBCyFBevnqQHy3P,2,"['2GGN92tO0UbNAYrbMbQ4bf', '3i0FkJYlU4MFfYkjFHXXAM']"
Original Koffee,1gWjcmBsveEYMxOZ0VRi32,Jessie Reyez,3KedxarmBCyFBevnqQHy3P,1,['2GGN92tO0UbNAYrbMbQ4bf']
Oscar Maydon,3l9G1G9MxH6DaRhwLklaf5,Junior H,7Gi6gjaWy3DxyilpF1a8Is,2,"['2OWv3lRR8PtOVuHWzQNRs2', '6TBzRwnX2oYd8aOrOuyK1p']"
Shakira,0EmeFodog0BfCgMzAIvKQp,Wyclef Jean,7aBzpmFXB4WWpPl2F7RjBe,1,['3ZFTkvIE7kyPt6Nu3PEa7V']
MC Menor MT,4EMRE0wdcc2xjv1PCmTqUU,DJ Jeeh FDC,5lal0BjsooQ7ON4t7B73bp,1,['4mD9hjoTckjeL1CrJCx0MT']
Yuri Redicopa,0pVJXCGsBydS7rq0R4w4hm,DJ Jeeh FDC,5lal0BjsooQ7ON4t7B73bp,1,['4mD9hjoTckjeL1CrJCx0MT']
Mc Pelé,5kfgervAs5bJUOC0vbYB12,DJ Jeeh FDC,5lal0BjsooQ7ON4t7B73bp,1,['4mD9hjoTckjeL1CrJCx0MT']
Yuri Redicopa,0pVJXCGsBydS7rq0R4w4hm,MC Menor MT,4EMRE0wdcc2xjv1PCmTqUU,1,['4mD9hjoTckjeL1CrJCx0MT']
MC Menor MT,4EMRE0wdcc2xjv1PCmTqUU,Mc Pelé,5kfgervAs5bJUOC0vbYB12,1,['4mD9hjoTckjeL1CrJCx0MT']
Yuri Redicopa,0pVJXCGsBydS7rq0R4w4hm,Mc Pelé,5kfgervAs5bJUOC0vbYB12,1,['4mD9hjoTckjeL1CrJCx0MT']
Mark Ronson,3hv9jJF3adDNsBSIQDqcjp,Miley Cyrus,5YGY8feqx7naU7z4HrwZM6,1,['02dRkCEc8Q5ch4TTcnLxOn']
Miley Cyrus,5YGY8feqx7naU7z4HrwZM6,Dua Lipa,6M2wZ9GZgrQXHCFfjv46we,1,['2Oycxb8QbPkpHTo8ZrmG0B']
Juice WRLD,4MCBfE4596Uoi2O4DtmEMz,Trippie Redd,6Xgp2XMz1fhVYe7i6yNAax,1,['3fNMgjG8yXaSam46swhz7w']
Apache 207,1qQLhymHXFPtP5U8KNKsm6,Udo Lindenberg,7iWcRnQMinCoV2u5ICgsW0,1,['7oQepKHmXDaPC3rgeLRvQu']
Måneskin,0lAWpj5szCSwM4rUMHYmrr,Tom Morello,74NBPbyyftqJ4SpDZ4c1Ed,1,['44Xyja7xYPlVC6v2CeweSi']
Ovy On The Drums,3m5qlPf2OkihLz3dRYnkPA,Quevedo,52iwsT98xCoGgiGntTiR7K,1,['3pjvkWO9fqiRRBE1tDLu3S']
Natanael Cano,0elWFr7TW8piilVRYJUe4P,Fuerza Regida,0ys2OFYzWYB5hRDLCsBqxt,1,['0UbesRsX2TtiCeamOIVEkp']
La Joaqui,60XHOAhvEBiV6BGBOv8ClM,TINI,7vXDAI8JwjW531ouMGbfcp,1,['4yPmTUkWmUfLPQLCccp0DR']
Steve Aoki,77AiFEVeAVj2ORpC85QVJs,TINI,7vXDAI8JwjW531ouMGbfcp,1,['4yPmTUkWmUfLPQLCccp0DR']
La Joaqui,60XHOAhvEBiV6BGBOv8ClM,Steve Aoki,77AiFEVeAVj2ORpC85QVJs,1,['4yPmTUkWmUfLPQLCccp0DR']
Jay Rock,28ExwzUQsvgJooOI0X1mr3,Kendrick Lamar,2YZyLoL8N0Wb9xBt1NhZWg,1,['2HbKqm4o0w5wEeEFXm2sD4']
Arijit Singh,4YRxDV8wJFPHPTeXepOstw,Vishal-Shekhar,6Mv8GjQa7LKUGCAqa9qqdb,1,['6FAYpZ4jve8vpvTwUvjK6H']
Sukriti Kakar,3FgHkfb3IqG4WKuVe1xCXM,Vishal-Shekhar,6Mv8GjQa7LKUGCAqa9qqdb,1,['6FAYpZ4jve8vpvTwUvjK6H']
Sukriti Kakar,3FgHkfb3IqG4WKuVe1xCXM,Arijit Singh,4YRxDV8wJFPHPTeXepOstw,1,['6FAYpZ4jve8vpvTwUvjK6H']
Arijit Singh,4YRxDV8wJFPHPTeXepOstw,Vishal Dadlani,6CXEwIaXYfVJ84biCxqc9k,1,['6FAYpZ4jve8vpvTwUvjK6H']
Arijit Singh,4YRxDV8wJFPHPTeXepOstw,Shekhar Ravjiani,4xd7mLI7urqrxELaXhAvzw,1,['6FAYpZ4jve8vpvTwUvjK6H']
Kumaar,0m3D4grap8VFSzbJMqgNVk,Arijit Singh,4YRxDV8wJFPHPTeXepOstw,3,"['3xMHXmedL5Rvfxmiar9Ryv', '4nc6XiUze2Yh7wFueGOPv7', '6FAYpZ4jve8vpvTwUvjK6H']"
Sukriti Kakar,3FgHkfb3IqG4WKuVe1xCXM,Vishal Dadlani,6CXEwIaXYfVJ84biCxqc9k,1,['6FAYpZ4jve8vpvTwUvjK6H']
Sukriti Kakar,3FgHkfb3IqG4WKuVe1xCXM,Shekhar Ravjiani,4xd7mLI7urqrxELaXhAvzw,1,['6FAYpZ4jve8vpvTwUvjK6H']
Kumaar,0m3D4grap8VFSzbJMqgNVk,Sukriti Kakar,3FgHkfb3IqG4WKuVe1xCXM,1,['6FAYpZ4jve8vpvTwUvjK6H']
Sam Smith,2wY79sveU1sp5g7SokKOiI,Calvin Harris,7CajNmpbOovFoOoasH2HaY,2,"['22dUzMFttcR3uU17NcOAIv', '3i0FkJYlU4MFfYkjFHXXAM']"
Jessie Reyez,3KedxarmBCyFBevnqQHy3P,Calvin Harris,7CajNmpbOovFoOoasH2HaY,1,['3i0FkJYlU4MFfYkjFHXXAM']
TOMORROW X TOGETHER,0ghlgldX5Dd6720Q3qFyQB,Coi Leray,6AMd49uBDJfhf30Ak2QR5s,1,['77LZvE2XLYn2AW55UxIG8H']
Rauw Alejandro,1mcTU81TzQhprhouKaTkpq,Daddy Yankee,4VMYDCV2IEDYJArk749S6m,1,['4uVEdikP5eLUy8Dq6gjiPV']
Zach Bryan,40ZNYROS4zLfyyBSs2PGe2,Maggie Rogers,4NZvixzsSefsNiIqXn0NDe,1,['42TtHTxWk782ZBiqyOi2d1']
LiL CaKe,0niAkxgT6y57bRbT0Ge94z,Migrantes,48R2gYdPKtfnfKAzhSVPUx,1,['1DxEbt6OSbrkRthk6pjZue']
LiL CaKe,0niAkxgT6y57bRbT0Ge94z,Nico Valdi,0uxYECT7XqHNccQAg5Uhe4,1,['1DxEbt6OSbrkRthk6pjZue']
Nico Valdi,0uxYECT7XqHNccQAg5Uhe4,Migrantes,48R2gYdPKtfnfKAzhSVPUx,1,['1DxEbt6OSbrkRthk6pjZue']
Luis R Conriquez,0pePYDrJGk8gqMRbXrLJC8,Tony Aguirre,6twEaJ9RPRYiCmWapjG8xh,1,['4ygQ5wSuzzNRevVjup1qV2']
Peso Pluma,12GqGscKJx3aE4t07u7eVZ,Tony Aguirre,6twEaJ9RPRYiCmWapjG8xh,1,['4ygQ5wSuzzNRevVjup1qV2']
Daddy Yankee,4VMYDCV2IEDYJArk749S6m,Myke Towers,7iK8PXO48WeuP03g8YR51W,1,['4EQOGfssbSpTlV6EZRtrSv']
El Padrinito Toys,04mzq9GH08zOBRdV2gzmXm,Oscar Maydon,3l9G1G9MxH6DaRhwLklaf5,1,['46FdwGMcgz6gik4RCpWBAW']
WIU,3MrDVzg7ZXaYMyQmbDInr7,Teto,68YeXpLt3jB7JHQS5ZjMGo,1,['4qDT0BeJ7BjatrN9k8AvB4']
Matuê,5nP8x4uEFjAAmDzwOEc9b8,Teto,68YeXpLt3jB7JHQS5ZjMGo,1,['4qDT0BeJ7BjatrN9k8AvB4']
WIU,3MrDVzg7ZXaYMyQmbDInr7,Matuê,5nP8x4uEFjAAmDzwOEc9b8,1,['4qDT0BeJ7BjatrN9k8AvB4']
Halsey,26VFTg2z8YR0cCuwLzESi2,BTS,3Nrfpe0tUJi4K4DXYWgMUX,1,['4a9tbd947vo9K8Vti9JwcI']
Romeo Santos,5lwmRuXgjX8xIwlnauTZIP,KAROL G,790FomKkXshlbRYZFtlgla,1,['4NoOME4Dhf4xgxbHDT7VGe']
El Chachito,6OP8Y0UsezppFkU1hZU6EJ,Junior H,7Gi6gjaWy3DxyilpF1a8Is,1,['1Fuc3pBiPFxAeSJoO8tDh5']
Ice Spice,3LZZPxNDGDFVSIPqf4JuEf,PinkPantheress,78rUTD7y6Cy67W1RVzYs7t,1,['6AQbmUe0Qwf5PZnt4HmTXv']
Lizzo,56oDRnqbIiwx4mymNEv7dS,SZA,7tYKF4w9nC0nq9CsPZTHyP,1,['0rc1HCVoReqzzXF9jssqZk']
DJ Ak beats,685uhJgfQlrMNuarOzgyea,Mc Tato,7lc98VPDdogFv3eLfCX7sq,1,['6eNRGL6Nkdg7RhJtmbcl0j']
JAY-Z,3nFkdlSjzX9mRTtwJOzDYB,Rihanna,5pKCCKE2ajJHZ9KAiaK11H,2,"['2yPoXCs7BSIUrucMdK5PzV', '7LR85XLWw2yXqKBSI5brbG']"
Mikky Ekko,1buzCmyYZE4kcdLRudsb8V,Rihanna,5pKCCKE2ajJHZ9KAiaK11H,1,['789CxjEOtO76BVD1A9yJQH']
Rihanna,5pKCCKE2ajJHZ9KAiaK11H,Calvin Harris,7CajNmpbOovFoOoasH2HaY,2,"['1zv3WFUbZ5vPxFq9I2jAU1', '2vlDrKpOC0eSTqTDRcbYyw']"
JAY-Z,3nFkdlSjzX9mRTtwJOzDYB,Kanye West,5K4W6rqBFWDnAN6FQUkS6x,1,['7LR85XLWw2yXqKBSI5brbG']
Kanye West,5K4W6rqBFWDnAN6FQUkS6x,Rihanna,5pKCCKE2ajJHZ9KAiaK11H,1,['7LR85XLWw2yXqKBSI5brbG']
Drake,3TVXtAsR1Inumwj472S9r4,Rihanna,5pKCCKE2ajJHZ9KAiaK11H,2,"['6DkXLzBQT7cwXmTyzAB1DJ', '72TFWvU3wUYdUuxejTTIzt']"
Rihanna,5pKCCKE2ajJHZ9KAiaK11H,Eminem,7dGJo4pcD2V6oG8kP0tJRR,1,['15JINEqzVMv3SvJTAXAKED']
DJ Khaled,0QHgL1lAIqAw0HtD7YldmP,Rihanna,5pKCCKE2ajJHZ9KAiaK11H,1,['1OAh8uOEOvTDqkKFsKksCi']
DJ Khaled,0QHgL1lAIqAw0HtD7YldmP,Bryson Tiller,2EMAnMvWE2eb56ToJVfCWs,1,['1OAh8uOEOvTDqkKFsKksCi']
Bryson Tiller,2EMAnMvWE2eb56ToJVfCWs,Rihanna,5pKCCKE2ajJHZ9KAiaK11H,1,['1OAh8uOEOvTDqkKFsKksCi']
sped up nightcore,0M2CO5ijP35MDhNwvpgxTV,Lil Uzi Vert,4O15NlyKLIASxsJ0PrXPfz,1,['0FA4wrjDJvJTTU8AepZTup']
ARIZONATEARS,2xzyIzdjfeXX6FIQtlAAyw,Lil Uzi Vert,4O15NlyKLIASxsJ0PrXPfz,1,['0FA4wrjDJvJTTU8AepZTup']
sped up nightcore,0M2CO5ijP35MDhNwvpgxTV,ARIZONATEARS,2xzyIzdjfeXX6FIQtlAAyw,1,['0FA4wrjDJvJTTU8AepZTup']
Grupo Marca Registrada,1gW6pz5n1aK249L0GvfQCC,Grupo Frontera,6XkjpgcEsYab502Vr1bBeW,2,"['0kzN7YAMSbmlHOvxlbQW9y', '0pliiCOWPN0IId8sXAqNJr']"
AgroPlay,0uGWkZRPp1Urk77XBrPBsZ,Ana Castela,2CKOmarVWvWqkNWUatHCex,1,['4uqJelb9THHmJ3OCohg4ZJ']
Mc Danny,3PZTvUS5fUUhV3EKAjqdZk,Anitta,7FNnA9vBm6EKceENgCGRMb,1,['4PQ5AInr4YoBauth9YPduL']
HITMAKER,0Otd1ReHJtVAzwAuRj09Zg,Anitta,7FNnA9vBm6EKceENgCGRMb,1,['4PQ5AInr4YoBauth9YPduL']
HITMAKER,0Otd1ReHJtVAzwAuRj09Zg,Mc Danny,3PZTvUS5fUUhV3EKAjqdZk,1,['4PQ5AInr4YoBauth9YPduL']
Os Gemeos da Putaria,5ZEpz4ei1jHqvA4EHUeKqs,MC Xenon,5vcMPVDXTLhJ4UpOZKXZtg,1,['22sAwsBH0NoNJXnrBenQuO']
Shakira,0EmeFodog0BfCgMzAIvKQp,KAROL G,790FomKkXshlbRYZFtlgla,1,['0DWdj2oZMBFSzRsi2Cvfzf']
Gorillaz,3AA28KZvwAUcZuOKwyblJQ,Bad Bunny,4q3ewBCX7sLwd24euuV69X,1,['38UYeBLfvpnDSG9GznZdnL']
Quevedo,52iwsT98xCoGgiGntTiR7K,KAROL G,790FomKkXshlbRYZFtlgla,1,['1dw7qShk971xMD6r6mA4VN']
Yeat,3qiHUAX7zY4Qnjx8TNUzVx,YoungBoy Never Broke Again,7wlFDEWiM5OoIAt8RSli8b,1,['2fpTRcMLt4aKlqULOwuXUP']
Carla Morrison,0XK6kT7xcZAlcYrNjOgzJe,KAROL G,790FomKkXshlbRYZFtlgla,1,['4bycD60yZgR6anIBtmU8UH']
Justin Quiles,14zUHaJZo1mnYtn6IBRaRP,KAROL G,790FomKkXshlbRYZFtlgla,1,['5yAIrkplUEpMNeojW8Q30o']
Angel Dior,5qPRgWcEOGRzoIST0sHAiI,KAROL G,790FomKkXshlbRYZFtlgla,1,['5yAIrkplUEpMNeojW8Q30o']
Justin Quiles,14zUHaJZo1mnYtn6IBRaRP,Angel Dior,5qPRgWcEOGRzoIST0sHAiI,1,['5yAIrkplUEpMNeojW8Q30o']
Bad Gyal,4F4pp8NUW08JuXwnoxglpN,KAROL G,790FomKkXshlbRYZFtlgla,1,['3mFNc5EQn30irR983Wg9OD']
Sean Paul,3Isy6kedDrgPYoTS1dazA9,KAROL G,790FomKkXshlbRYZFtlgla,1,['3mFNc5EQn30irR983Wg9OD']
Sean Paul,3Isy6kedDrgPYoTS1dazA9,Bad Gyal,4F4pp8NUW08JuXwnoxglpN,1,['3mFNc5EQn30irR983Wg9OD']
Milo j,19HM5j0ULGSmEoRcrSe5x3,Taiu,5szJHKg5xeUlQ9pTqzdpic,1,['7MVIfkyzuUmQ716j8U7yGR']
Sech,77ziqFxp5gaInVrF2lj4ht,KAROL G,790FomKkXshlbRYZFtlgla,1,['3jUDqkHatwtprUmZ8epP8P']
Peso Pluma,12GqGscKJx3aE4t07u7eVZ,Junior H,7Gi6gjaWy3DxyilpF1a8Is,6,"['1haJsMtoBhHfvuM7XWuT3W', '1piak4R3yW4otWWyaSqyCH', '2OWv3lRR8PtOVuHWzQNRs2', '3RA55zrRkyPK8Fd86hrMy8', '3wlIAXSDtlD9iU8ysld06Z', '7mXuWTczZNxG5EDcjFEuJR']"
Justin Bieber,1uNFoZAHBGtllmzznpCI3s,Don Toliver,4Gso3d4CscCijv0lmajZWs,1,['52NGJPcLUzQq5w7uv4e5gf']
Future,1RyvyyTE3xzB2ZywiAwp0i,Justin Bieber,1uNFoZAHBGtllmzznpCI3s,1,['52NGJPcLUzQq5w7uv4e5gf']
Metro Boomin,0iEtIxbK0KxaSlF7G42ZOp,Young Thug,50co4Is1HCEo8bhOyUWKpn,1,['5wG3HvLhF6Y5KTGlK0IW3J']
Travis Scott,0Y5tJX1MQlPlqiwlOH1tJY,Young Thug,50co4Is1HCEo8bhOyUWKpn,4,"['0bkV1iQHSxBaksUqgEkcbc', '0r75DNlHu4recmKUdZeMfG', '4Zsi5pyvmZBxvRg0KeDFMC', '5wG3HvLhF6Y5KTGlK0IW3J']"
Drake,3TVXtAsR1Inumwj472S9r4,Wizkid,3tVQdUvClmAT7URs9V3rsp,1,['1zi7xx7UVEFkmKfv06H8x0']
Drake,3TVXtAsR1Inumwj472S9r4,Kyla,6TK7fjRPdy2GW2pJzNF23L,1,['1zi7xx7UVEFkmKfv06H8x0']
Wizkid,3tVQdUvClmAT7URs9V3rsp,Kyla,6TK7fjRPdy2GW2pJzNF23L,1,['1zi7xx7UVEFkmKfv06H8x0']
j-hope,0b1sIQumIAsNbqAoIClSpy,J. Cole,6l3HvQ5sa6mXTsMTB19rO5,1,['5wxYxygyHpbgv0EXZuqb9V']
Eric Church,2IvkS5MXK0vPGnwyJsrEyV,Morgan Wallen,4oUHIQIBe0LHzYfvXNW4QM,1,['73zawW1ttszLRgT9By826D']
Morgan Wallen,4oUHIQIBe0LHzYfvXNW4QM,HARDY,5QNm7E7RU2m64l6Gliu8Oy,1,['2aw1aEAxMe05MZIS5XiK8U']
Manuel Turizo,0tmwSHipWxN12fsoLcFU3B,Marshmello,64KEffDW9EtZ1y2vBYgq8T,1,['51FvjPEGKq2zByeeEQ43V9']
Cartel De Santa,07PdYoE4jVRF6Ut40GgVSP,La Kelly,4yEIQ0lJDgUEfsuYx3Gsmr,1,['55ZATsjPlTeSTNJOuW90pW']
Anuel AA,2R21vXR83lH98kGeO99Y66,Mambo Kingz,2T1aUibqR2QC2sINIDQOAK,3,"['1VsHc0qIeyjYOyvN5HIEQG', '3XjvMZqm2AQ8thMCD6w9w2', '6gMj2DzKR2PjrrbNSwcGFR']"
Anuel AA,2R21vXR83lH98kGeO99Y66,DJ Luian,64aJYyrXljOodnUG6jvhRD,3,"['1VsHc0qIeyjYOyvN5HIEQG', '3XjvMZqm2AQ8thMCD6w9w2', '6gMj2DzKR2PjrrbNSwcGFR']"
Mambo Kingz,2T1aUibqR2QC2sINIDQOAK,DJ Luian,64aJYyrXljOodnUG6jvhRD,3,"['1VsHc0qIeyjYOyvN5HIEQG', '3XjvMZqm2AQ8thMCD6w9w2', '6gMj2DzKR2PjrrbNSwcGFR']"
Ellie Goulding,0X2BH1fck6amBIoJhDVmmJ,Calvin Harris,7CajNmpbOovFoOoasH2HaY,1,['5eTaQYBE1yrActixMAeLcZ']
Brandi Carlile,2sG4zTOLvjKG1PSoOyf5Ej,Miley Cyrus,5YGY8feqx7naU7z4HrwZM6,1,['1GN6qqehnqUfUHH1gfK81v']
Sia,5WUlDfRSoLAfcVSX1WnrxN,Miley Cyrus,5YGY8feqx7naU7z4HrwZM6,1,['1S1WWTuydW6zljNeHOpZXe']
Emilia,0AqlFI0tz2DsEoJlKSIiT9,Big One,2OhUNb01gLwygOizYvTm0e,2,"['1Hs1uUl8o2VtDp1DABFq0O', '7w7BrPbOjF5OxChs2dxFve']"
Big One,2OhUNb01gLwygOizYvTm0e,Callejero Fino,6GRwwWAtmusrgAL5JF9Dfr,1,['7w7BrPbOjF5OxChs2dxFve']
Emilia,0AqlFI0tz2DsEoJlKSIiT9,Callejero Fino,6GRwwWAtmusrgAL5JF9Dfr,1,['7w7BrPbOjF5OxChs2dxFve']
RM,2auC28zjQyVTsiZKNgPRGs,So!YoON!,7H5EC2qaylGun66YeRrVHg,1,['5YSkDxmHvzSDWTu4MaEtfa']
Eslabon Armado,0XeEobZplHxzM9QzFQWLiR,Peso Pluma,12GqGscKJx3aE4t07u7eVZ,1,['3qQbCzHBycnDpGskqOWY0E']
Bad Bunny,4q3ewBCX7sLwd24euuV69X,Eladio Carrion,5XJDexmWFLWOkjOEjOVX3e,2,"['0PB0O24JqAuNdOAFVJljMS', '4pcafPzLDSqQktqSpxHL3E']"
Eladio Carrion,5XJDexmWFLWOkjOEjOVX3e,Myke Towers,7iK8PXO48WeuP03g8YR51W,1,['3qXZqXGniqNt3PK2CBSZgM']
Taylor Swift,06HL4z0CvFAxyc27GXpf02,Joy Williams,4TCXgdDPm10ensLNCVnIYa,1,['2RJnNdu4pb3MypbBroHU0T']
Taylor Swift,06HL4z0CvFAxyc27GXpf02,John Paul White,1yDI9pWnlrJmi9kZn3gkCb,1,['2RJnNdu4pb3MypbBroHU0T']
John Paul White,1yDI9pWnlrJmi9kZn3gkCb,Joy Williams,4TCXgdDPm10ensLNCVnIYa,1,['2RJnNdu4pb3MypbBroHU0T']
Future,1RyvyyTE3xzB2ZywiAwp0i,Eladio Carrion,5XJDexmWFLWOkjOEjOVX3e,1,['1T6CF1qnG0hK0absyeVL5H']
Fuerza Regida,0ys2OFYzWYB5hRDLCsBqxt,Chino Pacas,2rmkQLzj0k4nZdQehOUByO,2,"['6uIIdjYTxxpWOyWuVXrKQO', '7dR09k1an5JEq7ch0Y5hvV']"
50 Cent,3q7HBObVc0L8jNeTe5Gofh,Eladio Carrion,5XJDexmWFLWOkjOEjOVX3e,1,['7GfQEUSuqYGeY2L0BfVOXM']
Quavo,0VRj0yCOv2FXJNP47XQnx5,Eladio Carrion,5XJDexmWFLWOkjOEjOVX3e,1,['1iyvRYYAeuJhrsxTsQW9fh']
Rich The Kid,1pPmIToKXyGdsCF6LmqLmI,Eladio Carrion,5XJDexmWFLWOkjOEjOVX3e,1,['1iyvRYYAeuJhrsxTsQW9fh']
Ñengo Flow,12vb80Km0Ew53ABfJOepVz,Eladio Carrion,5XJDexmWFLWOkjOEjOVX3e,1,['1iyvRYYAeuJhrsxTsQW9fh']
Quavo,0VRj0yCOv2FXJNP47XQnx5,Rich The Kid,1pPmIToKXyGdsCF6LmqLmI,1,['1iyvRYYAeuJhrsxTsQW9fh']
Quavo,0VRj0yCOv2FXJNP47XQnx5,Ñengo Flow,12vb80Km0Ew53ABfJOepVz,1,['1iyvRYYAeuJhrsxTsQW9fh']
Ñengo Flow,12vb80Km0Ew53ABfJOepVz,Rich The Kid,1pPmIToKXyGdsCF6LmqLmI,1,['1iyvRYYAeuJhrsxTsQW9fh']
Lil Wayne,55Aa2cqylxrFIXC767Z865,Eladio Carrion,5XJDexmWFLWOkjOEjOVX3e,1,['1IbYD5V9zCvkPfIPcWqerO']
Peso Pluma,12GqGscKJx3aE4t07u7eVZ,Yng Lvcas,1NNRWkhwmcXRimFYSBpB1y,1,['2UW7JaomAMuX9pZrjVpHAU']
Arcángel,4SsVbpTthjScTS7U2hmr1X,Bizarrap,716NhGYqD1jl2wI1Qkgq36,1,['7cQ0LAxT5HHCLGbxcjaxac']
Igow,3Uees4yarZxpOrkxJsU8jA,Zé Felipe,7cmuxPnXRJxwuYDHfbD8Eu,1,['7CJJ7JC3kj9XdweWTvfVhX']
Wesley Safadão,1AL2GKpmRrKXkYIcASuRFa,Zé Felipe,7cmuxPnXRJxwuYDHfbD8Eu,1,['7CJJ7JC3kj9XdweWTvfVhX']
Wesley Safadão,1AL2GKpmRrKXkYIcASuRFa,Igow,3Uees4yarZxpOrkxJsU8jA,1,['7CJJ7JC3kj9XdweWTvfVhX']
Rauw Alejandro,1mcTU81TzQhprhouKaTkpq,ROSALÍA,7ltDVBr6mKbRvohxheJ9h1,3,"['3Eax1yebRxj6LSYpxE9Yd3', '609E1JCInJncactoMmkDon', '75rqqKvzJCGv2oq9C4yFDt']"
Lana Del Rey,00FQb4jTyendYWaN8pK0wa,Jon Batiste,0eRbECAGCLLiTyVXPBRexU,1,['3MlEryrxCKZkcfX18ZLX96']
Lana Del Rey,00FQb4jTyendYWaN8pK0wa,SYML,6AyATGg7mDgBlZ4N5uNog0,1,['0Oqxt6JixieLHbwMfnJGWO']
Maluma,1r4hJ1h58CWwUQe3MxPuau,Anuel AA,2R21vXR83lH98kGeO99Y66,2,"['1mW1e6QAGPnhMbJoDTCLS3', '6gMj2DzKR2PjrrbNSwcGFR']"
RAF Camora,0Dvx6p8JDyzeOPGmaCIH1L,Luciano,3CJKkU0XuElRT1z8rEtIYg,1,['4taclmQm9wFcK4dKQjR5ny']
A$AP Rocky,13ubrt8QOOCPljQ2FL1Kca,Tyler The Creator,4V8LLVI7PbaPR0K2TGSxFF,1,['3u9PAti8muEXXvEjeFpQK0']
Feid,2LRoIwlKmHjgvigdNGBHNo,Young Miko,3qsKSpcV3ncke3hw52JSMB,1,['1hZsWUnLbqRw09jLAMQSsb']
Tyler The Creator,4V8LLVI7PbaPR0K2TGSxFF,Vince Staples,68kEuyFKyqrdQQLLsmiatm,1,['6S4WM9LW6oGkAtBFePffh2']
YG,0A0FS04o6zMoto8OKPsDwY,Tyler The Creator,4V8LLVI7PbaPR0K2TGSxFF,1,['2sFEmuVVAa2klHwhFaT0rR']
Mari Fernandez,0BHm7qbh3ENxvXzkQAG7MP,Matheus & Kauan,2Z0lRIqr997lIUiPtrpKCr,1,['4sqpSDnTrbS8v7RMNCUyqS']
Ana Castela,2CKOmarVWvWqkNWUatHCex,Guilherme & Benuto,6m6e7D2TnV0aYMllFFwMxu,1,['0redQHBfejmPUhonR5ppGC']
Adriano Rhod,1rzgK16tw9LTPmu6eMFyMF,Guilherme & Benuto,6m6e7D2TnV0aYMllFFwMxu,1,['0redQHBfejmPUhonR5ppGC']
Adriano Rhod,1rzgK16tw9LTPmu6eMFyMF,Ana Castela,2CKOmarVWvWqkNWUatHCex,1,['0redQHBfejmPUhonR5ppGC']
IU,3HqSLMAZ3g3d5poNaI7GOU,Agust D,5RmQ8k4l3HZ8JoPb4mNsML,1,['41JPN7pZMTp1sumBOHOzHd']
David Guetta,1Cs0zKBU1kc0i8ypK3B9ai,Anne-Marie,1zNqDE7qDGCsyzJwohVaoX,1,['3BKD1PwArikchz2Zrlp1qi']
David Guetta,1Cs0zKBU1kc0i8ypK3B9ai,Coi Leray,6AMd49uBDJfhf30Ak2QR5s,1,['3BKD1PwArikchz2Zrlp1qi']
Anne-Marie,1zNqDE7qDGCsyzJwohVaoX,Coi Leray,6AMd49uBDJfhf30Ak2QR5s,1,['3BKD1PwArikchz2Zrlp1qi']
Sfera Ebbasta,23TFHmajVfBtlRx5MXqgoz,Luciano,3CJKkU0XuElRT1z8rEtIYg,1,['7jvwORp293fGCP6KfmE8aQ']
Cordae,0huGjMyP507tBCARyzSkrv,NF,6fOMl44jA4Sp5b9PpYCkzz,1,['7FET9gtiECWn7llt0sfvtU']
Peso Pluma,12GqGscKJx3aE4t07u7eVZ,Becky G,4obzFoKoKRHIphyHzJ35G3,1,['5RcxRGvmYai7kpFSfxe5GY']
PR1ISVX,0QdSoQy4EwwOACmhZobTQu,Kanii,1S82w4yw9TYIHZ889mPPaW,1,['3vcLw8QA3yCOkrj9oLSZNs']
FMK,0dUyjgCyjfj5eMx6bX2TWf,Big One,2OhUNb01gLwygOizYvTm0e,2,"['1Hs1uUl8o2VtDp1DABFq0O', '3tiJUOfAEqIrLFRQgGgdoY']"
Ke Personajes,06Q5VlSAku57lFzyME3HrM,Big One,2OhUNb01gLwygOizYvTm0e,1,['3tiJUOfAEqIrLFRQgGgdoY']
Ke Personajes,06Q5VlSAku57lFzyME3HrM,FMK,0dUyjgCyjfj5eMx6bX2TWf,1,['3tiJUOfAEqIrLFRQgGgdoY']
Kali Uchis,1U1el3k54VvEUzo3ybLPlM,Tyler The Creator,4V8LLVI7PbaPR0K2TGSxFF,1,['7KA4W4McWYRpgf0fWsJZWB']
Gabito Ballesteros,6Sbl0NT50roqWvy746MfVf,Junior H,7Gi6gjaWy3DxyilpF1a8Is,2,"['1piak4R3yW4otWWyaSqyCH', '7mXuWTczZNxG5EDcjFEuJR']"
Nicki Minaj,0hCNtLu0JehylgoiP8L4Gh,Ice Spice,3LZZPxNDGDFVSIPqf4JuEf,2,"['0ZxhtATQ0a6EvQNZ0z6NKV', '741UUVE2kuITl0c6zuqqbO']"
Lola Indigo,3bvfu2KAve4lPHrhEFDZna,Quevedo,52iwsT98xCoGgiGntTiR7K,1,['4rKQ8daoK0aklVptea8A9E']
Anuel AA,2R21vXR83lH98kGeO99Y66,Eladio Carrion,5XJDexmWFLWOkjOEjOVX3e,1,['1AOPHC5whvr8K359BZu4kp']
KayBlack,2h5Ha0ZiMFmOQD3iYcSXsy,Baco Exu do Blues,5akTJ4daDNwrs95KlgQgY5,1,['2LTlykcdu0gwb7zcKneo2a']
KayBlack,2h5Ha0ZiMFmOQD3iYcSXsy,Marquinho no Beat,3eLR6eOKqqNDtHTbABNkn1,1,['2LTlykcdu0gwb7zcKneo2a']
Marquinho no Beat,3eLR6eOKqqNDtHTbABNkn1,Baco Exu do Blues,5akTJ4daDNwrs95KlgQgY5,1,['2LTlykcdu0gwb7zcKneo2a']
Fuerza Regida,0ys2OFYzWYB5hRDLCsBqxt,Peso Pluma,12GqGscKJx3aE4t07u7eVZ,1,['17js0w8GTkTUFGFM6PYvBd']
Peso Pluma,12GqGscKJx3aE4t07u7eVZ,Blessd,1TA5sGRlKUJXBN4ZyJuDIX,2,"['0lc2neV7ZzjZExwCIVG2B3', '7Lkxvfl2rkNYWS4kBDCQtN']"
Mari Fernandez,0BHm7qbh3ENxvXzkQAG7MP,Israel & Rodolffo,41QLxRXlc2NwfJZkHGHKid,1,['3PH1nUysW7ybo3Yu8sqlPN']
Bad Bunny,4q3ewBCX7sLwd24euuV69X,Grupo Frontera,6XkjpgcEsYab502Vr1bBeW,1,['2yzshFeBIwH8tWIqHEFLeD']
Yahritza Y Su Esencia,51ZSh80McCt7vbqHouzW0A,Grupo Frontera,6XkjpgcEsYab502Vr1bBeW,1,['7BVMtLpd7edHeOizt4RWz9']
Future,1RyvyyTE3xzB2ZywiAwp0i,The Weeknd,1Xyo4u8uXC1ZmMpatF05PJ,1,['4VMRsbfZzd3SfQtaJ1Wpwi']
j-hope,0b1sIQumIAsNbqAoIClSpy,Agust D,5RmQ8k4l3HZ8JoPb4mNsML,1,['6XrPzwKeGzEvtan3acn7VH']
Nicki Minaj,0hCNtLu0JehylgoiP8L4Gh,Kim Petras,3Xt3RrJMFv5SZkCfUE8C1J,1,['7kOletJ0Q5H4MWe7cfeZXP']
Ryuichi Sakamoto,1tcgfoMTT1szjUeaikxRjA,Agust D,5RmQ8k4l3HZ8JoPb4mNsML,1,['4j3M8NrbGSXdMPwEVsnfHE']
WOOSUNG,5LHu1iF8m0XtRBEJbbwSoo,Agust D,5RmQ8k4l3HZ8JoPb4mNsML,1,['4j3M8NrbGSXdMPwEVsnfHE']
Ryuichi Sakamoto,1tcgfoMTT1szjUeaikxRjA,WOOSUNG,5LHu1iF8m0XtRBEJbbwSoo,1,['4j3M8NrbGSXdMPwEVsnfHE']
Feid,2LRoIwlKmHjgvigdNGBHNo,Sean Paul,3Isy6kedDrgPYoTS1dazA9,1,['3Gs7mVfWKl567mjozgxmXv']
BM,5TP8Ubo4jLKEi4Mw2O8fAk,Callejero Fino,6GRwwWAtmusrgAL5JF9Dfr,1,['7JB29gnUowzSGRdIpeVqRQ']
BM,5TP8Ubo4jLKEi4Mw2O8fAk,La Joaqui,60XHOAhvEBiV6BGBOv8ClM,1,['7JB29gnUowzSGRdIpeVqRQ']
Lola Indigo,3bvfu2KAve4lPHrhEFDZna,BM,5TP8Ubo4jLKEi4Mw2O8fAk,1,['7JB29gnUowzSGRdIpeVqRQ']
La Joaqui,60XHOAhvEBiV6BGBOv8ClM,Callejero Fino,6GRwwWAtmusrgAL5JF9Dfr,1,['7JB29gnUowzSGRdIpeVqRQ']
Lola Indigo,3bvfu2KAve4lPHrhEFDZna,Callejero Fino,6GRwwWAtmusrgAL5JF9Dfr,1,['7JB29gnUowzSGRdIpeVqRQ']
Lola Indigo,3bvfu2KAve4lPHrhEFDZna,La Joaqui,60XHOAhvEBiV6BGBOv8ClM,1,['7JB29gnUowzSGRdIpeVqRQ']
Jasiel Nuñez,0T8Ix53aIN4F7aEKj4EnKy,Peso Pluma,12GqGscKJx3aE4t07u7eVZ,4,"['3HOKxuTDmNVmIlCIpBiD8m', '3wlIAXSDtlD9iU8ysld06Z', '4LreWoO3cpgiIfrRwbOUSF', '59vyx2m4EpPk7tk2PzV075']"
LISA,5L1lO4eRHmJ7a0Q6csE5cT,TAEYANG,6udveWUgX4vu75FF0DTrXV,1,['5HrIcZOo1DysX53qDRlRnt']
Quevedo,52iwsT98xCoGgiGntTiR7K,JHAYCO,6nVcHLIgY5pE2YCl8ubca1,1,['4aJzxp3gimtAdgJn3DL776']
Taylor Swift,06HL4z0CvFAxyc27GXpf02,The National,2cCUtGK9sDU2EoElnk0GNB,1,['6INztpNwOTlfSKTuPo0HOP']
Rich The Kid,1pPmIToKXyGdsCF6LmqLmI,Matuê,5nP8x4uEFjAAmDzwOEc9b8,1,['3ktTWpYdXrYApH54cBo4Ap']
Nile Rodgers,3yDIp0kaq9EFKe07X1X2rz,LE SSERAFIM,4SpbR6yFEvexJuaBpgAU5p,1,['51vRumtqbkNW9wrKfESwfu']
RM,2auC28zjQyVTsiZKNgPRGs,Colde,3VQDqjQ4wJyw8PzpGdlZpB,1,['34o6gteNy2T5rieA0xYAgo']
Coldplay,4gzpq5DPGxSnKTe4SA8HAU,The Chainsmokers,69GGBxA162lTqCwzJG5jLp,1,['6RUKPb4LETWmmr3iAEQktW']
Lil Durk,3hcs9uc56yIGFCSy9leWe7,J. Cole,6l3HvQ5sa6mXTsMTB19rO5,1,['6T7FXSuXykeGktMLGp8WgE']
Eden Muñoz,1gJdf4Yybu4X5A2xYV3NMV,Junior H,7Gi6gjaWy3DxyilpF1a8Is,1,['0qCPD6ilr9nXkI4KVZgcns']
NLE Choppa,0ErzCpIMyLcjPiwT4elrtZ,Kodak Black,46SHBwWsqBkxI7EeeBEQG7,2,"['1vvcEHQdaUTvWt0EIUYcFK', '5qyjy0xfsHNzWxvXkHVB85']"
Jimin,1oSPZhvZMIrWW5I41kPkkY,Kodak Black,46SHBwWsqBkxI7EeeBEQG7,2,"['1vvcEHQdaUTvWt0EIUYcFK', '5qyjy0xfsHNzWxvXkHVB85']"
JVKE,164Uj4eKjl6zTBKfJLFKKK,Kodak Black,46SHBwWsqBkxI7EeeBEQG7,2,"['1vvcEHQdaUTvWt0EIUYcFK', '5qyjy0xfsHNzWxvXkHVB85']"
Kodak Black,46SHBwWsqBkxI7EeeBEQG7,Muni Long,7tjVFCxJdwT4NdrTmjyjQ6,2,"['1vvcEHQdaUTvWt0EIUYcFK', '5qyjy0xfsHNzWxvXkHVB85']"
Fast & Furious: The Fast Saga,1lpOgw56wZLDa8gaP6bSIs,Kodak Black,46SHBwWsqBkxI7EeeBEQG7,2,"['1vvcEHQdaUTvWt0EIUYcFK', '5qyjy0xfsHNzWxvXkHVB85']"
NLE Choppa,0ErzCpIMyLcjPiwT4elrtZ,Jimin,1oSPZhvZMIrWW5I41kPkkY,2,"['1vvcEHQdaUTvWt0EIUYcFK', '5qyjy0xfsHNzWxvXkHVB85']"
NLE Choppa,0ErzCpIMyLcjPiwT4elrtZ,JVKE,164Uj4eKjl6zTBKfJLFKKK,2,"['1vvcEHQdaUTvWt0EIUYcFK', '5qyjy0xfsHNzWxvXkHVB85']"
NLE Choppa,0ErzCpIMyLcjPiwT4elrtZ,Muni Long,7tjVFCxJdwT4NdrTmjyjQ6,2,"['1vvcEHQdaUTvWt0EIUYcFK', '5qyjy0xfsHNzWxvXkHVB85']"
NLE Choppa,0ErzCpIMyLcjPiwT4elrtZ,Fast & Furious: The Fast Saga,1lpOgw56wZLDa8gaP6bSIs,2,"['1vvcEHQdaUTvWt0EIUYcFK', '5qyjy0xfsHNzWxvXkHVB85']"
JVKE,164Uj4eKjl6zTBKfJLFKKK,Jimin,1oSPZhvZMIrWW5I41kPkkY,3,"['1vvcEHQdaUTvWt0EIUYcFK', '2yjeXq5ahx6UUg2rHaUe6X', '5qyjy0xfsHNzWxvXkHVB85']"
Jimin,1oSPZhvZMIrWW5I41kPkkY,Muni Long,7tjVFCxJdwT4NdrTmjyjQ6,3,"['1vvcEHQdaUTvWt0EIUYcFK', '2yjeXq5ahx6UUg2rHaUe6X', '5qyjy0xfsHNzWxvXkHVB85']"
Fast & Furious: The Fast Saga,1lpOgw56wZLDa8gaP6bSIs,Jimin,1oSPZhvZMIrWW5I41kPkkY,3,"['1vvcEHQdaUTvWt0EIUYcFK', '2yjeXq5ahx6UUg2rHaUe6X', '5qyjy0xfsHNzWxvXkHVB85']"
JVKE,164Uj4eKjl6zTBKfJLFKKK,Muni Long,7tjVFCxJdwT4NdrTmjyjQ6,3,"['1vvcEHQdaUTvWt0EIUYcFK', '2yjeXq5ahx6UUg2rHaUe6X', '5qyjy0xfsHNzWxvXkHVB85']"
JVKE,164Uj4eKjl6zTBKfJLFKKK,Fast & Furious: The Fast Saga,1lpOgw56wZLDa8gaP6bSIs,3,"['1vvcEHQdaUTvWt0EIUYcFK', '2yjeXq5ahx6UUg2rHaUe6X', '5qyjy0xfsHNzWxvXkHVB85']"
Fast & Furious: The Fast Saga,1lpOgw56wZLDa8gaP6bSIs,Muni Long,7tjVFCxJdwT4NdrTmjyjQ6,3,"['1vvcEHQdaUTvWt0EIUYcFK', '2yjeXq5ahx6UUg2rHaUe6X', '5qyjy0xfsHNzWxvXkHVB85']"
KayBlack,2h5Ha0ZiMFmOQD3iYcSXsy,MC Caverinha,7tojcuXcZ7eBlQjbAc65Ee,1,['12YCtLHGk6tP6RbHDHflCs']
Wall Hein,5wEgjH2s4SAiffRmzkBqHB,MC Caverinha,7tojcuXcZ7eBlQjbAc65Ee,1,['12YCtLHGk6tP6RbHDHflCs']
KayBlack,2h5Ha0ZiMFmOQD3iYcSXsy,Wall Hein,5wEgjH2s4SAiffRmzkBqHB,1,['12YCtLHGk6tP6RbHDHflCs']
Veigh,4YqwRbMLqGHRHLS1w2ZKse,Bvga Beatz,7saGN6a32YNpiMPo2SWJxE,1,['4hKLzFvNwHF6dPosGT30ed']
Veigh,4YqwRbMLqGHRHLS1w2ZKse,Prod Malax,5X5jKBLJ88Ji6tzwfL0g4c,1,['4hKLzFvNwHF6dPosGT30ed']
Supernova Ent,3prRKGJz16RRMRSIM97nHw,Veigh,4YqwRbMLqGHRHLS1w2ZKse,1,['4hKLzFvNwHF6dPosGT30ed']
Prod Malax,5X5jKBLJ88Ji6tzwfL0g4c,Bvga Beatz,7saGN6a32YNpiMPo2SWJxE,1,['4hKLzFvNwHF6dPosGT30ed']
Supernova Ent,3prRKGJz16RRMRSIM97nHw,Bvga Beatz,7saGN6a32YNpiMPo2SWJxE,1,['4hKLzFvNwHF6dPosGT30ed']
Supernova Ent,3prRKGJz16RRMRSIM97nHw,Prod Malax,5X5jKBLJ88Ji6tzwfL0g4c,1,['4hKLzFvNwHF6dPosGT30ed']
Nicky Jam,1SupJlEpv7RS2tPNRaHViT,Feid,2LRoIwlKmHjgvigdNGBHNo,1,['13Z5Q40pa1Ly7aQk1oW8Ce']
Sebastian Yatra,07YUOmWljBTXwIseAUd9TW,Manuel Turizo,0tmwSHipWxN12fsoLcFU3B,1,['1MB8kTH7VKvAMfL9SHgJmG']
Sebastian Yatra,07YUOmWljBTXwIseAUd9TW,Beéle,7a0XAaPaK2aDSqa8p3QnC7,1,['1MB8kTH7VKvAMfL9SHgJmG']
Manuel Turizo,0tmwSHipWxN12fsoLcFU3B,Beéle,7a0XAaPaK2aDSqa8p3QnC7,1,['1MB8kTH7VKvAMfL9SHgJmG']
Kendrick Lamar,2YZyLoL8N0Wb9xBt1NhZWg,Beyoncé,6vWDO969PvNqNYHIOW5v0m,1,['6l8mgVN9Xf1hiDIFGA6CTE']
Eslabon Armado,0XeEobZplHxzM9QzFQWLiR,Luis R Conriquez,0pePYDrJGk8gqMRbXrLJC8,1,['6X5WZbJzXtk6aO03HlxuZ9']
Taylor Swift,06HL4z0CvFAxyc27GXpf02,Ice Spice,3LZZPxNDGDFVSIPqf4JuEf,1,['4i6cwNY6oIUU2XZxPIw82Y']
21 Savage,1URnnhqYAYcrqrcwql10ft,Lil Durk,3hcs9uc56yIGFCSy9leWe7,1,['4muwDurKeVOB1WBjTVRWlD']
Ski Aggu,6CP5wWvO8oIxedESJNCN4H,Joost,6s5ubAp65wXoTZefE01RNR,1,['6tAKikIvnoWfUeZrfkopLL']
Otto Waalkes,1T6DQ853AlyL47W8a2jC0f,Ski Aggu,6CP5wWvO8oIxedESJNCN4H,1,['6tAKikIvnoWfUeZrfkopLL']
Otto Waalkes,1T6DQ853AlyL47W8a2jC0f,Joost,6s5ubAp65wXoTZefE01RNR,1,['6tAKikIvnoWfUeZrfkopLL']
Lil Durk,3hcs9uc56yIGFCSy9leWe7,Morgan Wallen,4oUHIQIBe0LHzYfvXNW4QM,1,['1fXnu2HzxbDtoyvFPWG3Bw']
Sachin-Jigar,1mBydYMVBECdDmMfE2sEUO,Arijit Singh,4YRxDV8wJFPHPTeXepOstw,1,['5QW9K4A1gMnIi94YUxtsfM']
Sachin-Jigar,1mBydYMVBECdDmMfE2sEUO,Amitabh Bhattacharya,2fMqTqiTxUDlmcOEPaQSsx,2,"['46hzNOUOAlivuCZZ0wE3zi', '5QW9K4A1gMnIi94YUxtsfM']"
MC Kevin o Chris,2UMj7NCbuqy1yUZmiSYGjJ,DENNIS,6xlRSRMLgZbsSNd0BMobwy,1,['0fABszUFNbNq9IW503Gj8v']
Peso Pluma,12GqGscKJx3aE4t07u7eVZ,Bizarrap,716NhGYqD1jl2wI1Qkgq36,1,['5AqiaZwhmC6dIbgWrD5SzV']
Central Cee,5H4yInM5zmHqpKIoMNAx4r,Dave,6Ip8FS7vWT1uKkJSweANQK,3,"['2FDTHlrBguDzQkp7PVj16Q', '2HALQBSAvpw1oCzL5QsrT2', '2VjOTvl50tscmc0RDjPdr2']"
The Weeknd,1Xyo4u8uXC1ZmMpatF05PJ,Playboi Carti,699OTQXzgjhIYAHMy9RyPD,1,['6WzRpISELf3YglGAh7TXcG']
The Weeknd,1Xyo4u8uXC1ZmMpatF05PJ,Madonna,6tbjWDEIzxoDsBA1FuhfPW,1,['6WzRpISELf3YglGAh7TXcG']
Playboi Carti,699OTQXzgjhIYAHMy9RyPD,Madonna,6tbjWDEIzxoDsBA1FuhfPW,1,['6WzRpISELf3YglGAh7TXcG']
Metro Boomin,0iEtIxbK0KxaSlF7G42ZOp,Swae Lee,1zNqQNIdeOUZHb8zbZRFMX,2,"['39MK3d3fonIP8Mz9oHCTBB', '5rurggqwwudn9clMdcchxT']"
Metro Boomin,0iEtIxbK0KxaSlF7G42ZOp,Lil Wayne,55Aa2cqylxrFIXC767Z865,1,['39MK3d3fonIP8Mz9oHCTBB']
Metro Boomin,0iEtIxbK0KxaSlF7G42ZOp,Offset,4DdkRBBYG6Yk9Ka8tdJ9BW,1,['39MK3d3fonIP8Mz9oHCTBB']
Swae Lee,1zNqQNIdeOUZHb8zbZRFMX,Lil Wayne,55Aa2cqylxrFIXC767Z865,1,['39MK3d3fonIP8Mz9oHCTBB']
Swae Lee,1zNqQNIdeOUZHb8zbZRFMX,Offset,4DdkRBBYG6Yk9Ka8tdJ9BW,1,['39MK3d3fonIP8Mz9oHCTBB']
Offset,4DdkRBBYG6Yk9Ka8tdJ9BW,Lil Wayne,55Aa2cqylxrFIXC767Z865,1,['39MK3d3fonIP8Mz9oHCTBB']
Metro Boomin,0iEtIxbK0KxaSlF7G42ZOp,NAV,7rkW85dBwwrJtlHRDkJDAC,1,['5rurggqwwudn9clMdcchxT']
Metro Boomin,0iEtIxbK0KxaSlF7G42ZOp,A Boogie Wit da Hoodie,31W5EY0aAly4Qieq6OFu6I,1,['5rurggqwwudn9clMdcchxT']
Swae Lee,1zNqQNIdeOUZHb8zbZRFMX,NAV,7rkW85dBwwrJtlHRDkJDAC,1,['5rurggqwwudn9clMdcchxT']
Swae Lee,1zNqQNIdeOUZHb8zbZRFMX,A Boogie Wit da Hoodie,31W5EY0aAly4Qieq6OFu6I,1,['5rurggqwwudn9clMdcchxT']
A Boogie Wit da Hoodie,31W5EY0aAly4Qieq6OFu6I,NAV,7rkW85dBwwrJtlHRDkJDAC,1,['5rurggqwwudn9clMdcchxT']
LIT killah,1vqR17Iv8VFdzure1TAXEq,Tiago PZK,5Y3MV9DZ0d87NnVm56qSY1,1,['1Hs1uUl8o2VtDp1DABFq0O']
Maria Becerra,1DxLCyH42yaHKGK3cl5bvG,LIT killah,1vqR17Iv8VFdzure1TAXEq,1,['1Hs1uUl8o2VtDp1DABFq0O']
Duki,1bAftSH8umNcGZ0uyV7LMg,LIT killah,1vqR17Iv8VFdzure1TAXEq,1,['1Hs1uUl8o2VtDp1DABFq0O']
Emilia,0AqlFI0tz2DsEoJlKSIiT9,LIT killah,1vqR17Iv8VFdzure1TAXEq,1,['1Hs1uUl8o2VtDp1DABFq0O']
LIT killah,1vqR17Iv8VFdzure1TAXEq,Rusherking,3Apb2lGmGJaBmr0TTBJvIZ,1,['1Hs1uUl8o2VtDp1DABFq0O']
LIT killah,1vqR17Iv8VFdzure1TAXEq,Big One,2OhUNb01gLwygOizYvTm0e,1,['1Hs1uUl8o2VtDp1DABFq0O']
FMK,0dUyjgCyjfj5eMx6bX2TWf,LIT killah,1vqR17Iv8VFdzure1TAXEq,1,['1Hs1uUl8o2VtDp1DABFq0O']
Maria Becerra,1DxLCyH42yaHKGK3cl5bvG,Tiago PZK,5Y3MV9DZ0d87NnVm56qSY1,1,['1Hs1uUl8o2VtDp1DABFq0O']
Duki,1bAftSH8umNcGZ0uyV7LMg,Tiago PZK,5Y3MV9DZ0d87NnVm56qSY1,1,['1Hs1uUl8o2VtDp1DABFq0O']
Emilia,0AqlFI0tz2DsEoJlKSIiT9,Tiago PZK,5Y3MV9DZ0d87NnVm56qSY1,1,['1Hs1uUl8o2VtDp1DABFq0O']
Rusherking,3Apb2lGmGJaBmr0TTBJvIZ,Tiago PZK,5Y3MV9DZ0d87NnVm56qSY1,1,['1Hs1uUl8o2VtDp1DABFq0O']
Big One,2OhUNb01gLwygOizYvTm0e,Tiago PZK,5Y3MV9DZ0d87NnVm56qSY1,1,['1Hs1uUl8o2VtDp1DABFq0O']
FMK,0dUyjgCyjfj5eMx6bX2TWf,Tiago PZK,5Y3MV9DZ0d87NnVm56qSY1,1,['1Hs1uUl8o2VtDp1DABFq0O']
Maria Becerra,1DxLCyH42yaHKGK3cl5bvG,Duki,1bAftSH8umNcGZ0uyV7LMg,1,['1Hs1uUl8o2VtDp1DABFq0O']
Emilia,0AqlFI0tz2DsEoJlKSIiT9,Maria Becerra,1DxLCyH42yaHKGK3cl5bvG,1,['1Hs1uUl8o2VtDp1DABFq0O']
Maria Becerra,1DxLCyH42yaHKGK3cl5bvG,Rusherking,3Apb2lGmGJaBmr0TTBJvIZ,1,['1Hs1uUl8o2VtDp1DABFq0O']
Maria Becerra,1DxLCyH42yaHKGK3cl5bvG,Big One,2OhUNb01gLwygOizYvTm0e,1,['1Hs1uUl8o2VtDp1DABFq0O']
FMK,0dUyjgCyjfj5eMx6bX2TWf,Maria Becerra,1DxLCyH42yaHKGK3cl5bvG,1,['1Hs1uUl8o2VtDp1DABFq0O']
Emilia,0AqlFI0tz2DsEoJlKSIiT9,Duki,1bAftSH8umNcGZ0uyV7LMg,1,['1Hs1uUl8o2VtDp1DABFq0O']
Duki,1bAftSH8umNcGZ0uyV7LMg,Rusherking,3Apb2lGmGJaBmr0TTBJvIZ,1,['1Hs1uUl8o2VtDp1DABFq0O']
Duki,1bAftSH8umNcGZ0uyV7LMg,Big One,2OhUNb01gLwygOizYvTm0e,1,['1Hs1uUl8o2VtDp1DABFq0O']
FMK,0dUyjgCyjfj5eMx6bX2TWf,Duki,1bAftSH8umNcGZ0uyV7LMg,1,['1Hs1uUl8o2VtDp1DABFq0O']
Emilia,0AqlFI0tz2DsEoJlKSIiT9,Rusherking,3Apb2lGmGJaBmr0TTBJvIZ,1,['1Hs1uUl8o2VtDp1DABFq0O']
Emilia,0AqlFI0tz2DsEoJlKSIiT9,FMK,0dUyjgCyjfj5eMx6bX2TWf,1,['1Hs1uUl8o2VtDp1DABFq0O']
Big One,2OhUNb01gLwygOizYvTm0e,Rusherking,3Apb2lGmGJaBmr0TTBJvIZ,1,['1Hs1uUl8o2VtDp1DABFq0O']
FMK,0dUyjgCyjfj5eMx6bX2TWf,Rusherking,3Apb2lGmGJaBmr0TTBJvIZ,1,['1Hs1uUl8o2VtDp1DABFq0O']
Metro Boomin,0iEtIxbK0KxaSlF7G42ZOp,A$AP Rocky,13ubrt8QOOCPljQ2FL1Kca,1,['6Ec5LeRzkisa5KJtwLfOoW']
Metro Boomin,0iEtIxbK0KxaSlF7G42ZOp,Roisee,5pCGvSxNNUcddlRrG0wsrY,1,['6Ec5LeRzkisa5KJtwLfOoW']
A$AP Rocky,13ubrt8QOOCPljQ2FL1Kca,Roisee,5pCGvSxNNUcddlRrG0wsrY,1,['6Ec5LeRzkisa5KJtwLfOoW']
Metro Boomin,0iEtIxbK0KxaSlF7G42ZOp,Lil Uzi Vert,4O15NlyKLIASxsJ0PrXPfz,2,"['0B6g379TMw0nYGXA7y5xHz', '2qlBAT108lYOzlXhBxBqEv']"
Future,1RyvyyTE3xzB2ZywiAwp0i,Lil Uzi Vert,4O15NlyKLIASxsJ0PrXPfz,1,['0B6g379TMw0nYGXA7y5xHz']
Tiger JK,11S00dFcvNvJahis8MTGMD,Stray Kids,2dIgFjalVxs4ThymZ67YCE,1,['0jvZ9caE53ubCQXMki6W23']
Feid,2LRoIwlKmHjgvigdNGBHNo,Sky Rompiendo,51XrH5fQP2oIQynuKxSWcW,1,['4PA1wK0leCjmRZlP5dQ8Lv']
Sky Rompiendo,51XrH5fQP2oIQynuKxSWcW,Myke Towers,7iK8PXO48WeuP03g8YR51W,1,['4PA1wK0leCjmRZlP5dQ8Lv']
Feid,2LRoIwlKmHjgvigdNGBHNo,Myke Towers,7iK8PXO48WeuP03g8YR51W,1,['4PA1wK0leCjmRZlP5dQ8Lv']
Offset,4DdkRBBYG6Yk9Ka8tdJ9BW,JID,6U3ybJ9UHNKEdsH7ktGBZ7,1,['3X6qK1LdMkSOhklwRa2ZfG']
Tedua,1AgAVqo74e2q4FVvg0xpT7,Sfera Ebbasta,23TFHmajVfBtlRx5MXqgoz,2,"['3VtGh8xE9qRsFyY2Uj1WG3', '4IxM8LopMS2014C2LTJEYu']"
Metro Boomin,0iEtIxbK0KxaSlF7G42ZOp,James Blake,53KwLdlmrlCelAZMaLVZqU,1,['6HexNTb392JS071DoTGo0y']
Metro Boomin,0iEtIxbK0KxaSlF7G42ZOp,Wizkid,3tVQdUvClmAT7URs9V3rsp,1,['0y8Pu7x5jXgUjOIJvQIF5L']
Metro Boomin,0iEtIxbK0KxaSlF7G42ZOp,BEAM,46MWeeHNVMYRIIofQBEX98,1,['0y8Pu7x5jXgUjOIJvQIF5L']
Metro Boomin,0iEtIxbK0KxaSlF7G42ZOp,Toian,5sBdzqT2jx5jacEUcBn6X1,1,['0y8Pu7x5jXgUjOIJvQIF5L']
Wizkid,3tVQdUvClmAT7URs9V3rsp,Don Toliver,4Gso3d4CscCijv0lmajZWs,1,['0y8Pu7x5jXgUjOIJvQIF5L']
BEAM,46MWeeHNVMYRIIofQBEX98,Don Toliver,4Gso3d4CscCijv0lmajZWs,1,['0y8Pu7x5jXgUjOIJvQIF5L']
Don Toliver,4Gso3d4CscCijv0lmajZWs,Toian,5sBdzqT2jx5jacEUcBn6X1,1,['0y8Pu7x5jXgUjOIJvQIF5L']
Wizkid,3tVQdUvClmAT7URs9V3rsp,BEAM,46MWeeHNVMYRIIofQBEX98,1,['0y8Pu7x5jXgUjOIJvQIF5L']
Wizkid,3tVQdUvClmAT7URs9V3rsp,Toian,5sBdzqT2jx5jacEUcBn6X1,1,['0y8Pu7x5jXgUjOIJvQIF5L']
BEAM,46MWeeHNVMYRIIofQBEX98,Toian,5sBdzqT2jx5jacEUcBn6X1,1,['0y8Pu7x5jXgUjOIJvQIF5L']
Don Toliver,4Gso3d4CscCijv0lmajZWs,Lil Uzi Vert,4O15NlyKLIASxsJ0PrXPfz,2,"['2qlBAT108lYOzlXhBxBqEv', '31UNoCt5Oq4isrb3SSf1ZK']"
Riar Saab,34gAaWeYZoRER7MY3KBy1Q,Abhijay Sharma,3x1jBMHHrDUQbtRrvV78h2,1,['6Z4rRhYZVQsYKmrxD40tru']
Metro Boomin,0iEtIxbK0KxaSlF7G42ZOp,Coi Leray,6AMd49uBDJfhf30Ak2QR5s,1,['0AAMnNeIc6CdnfNU85GwCH']
Doğu Swag,0uHvlWnhRpaomF4e9IZHLy,Semicenk,1CcZoULzFHa8Uhwo6OlQcp,1,['4Sdj67b8WF9PhAXh4tvBi6']
Tiago PZK,5Y3MV9DZ0d87NnVm56qSY1,TINI,7f57bgAVIYPXI6ykF3BSqa,1,['5FWQLEX0lavdxiWGBNkBQ4']
Sachin-Jigar,1mBydYMVBECdDmMfE2sEUO,Varun Jain,4gzrZDyL5gYiROkv27pYKx,1,['46hzNOUOAlivuCZZ0wE3zi']
Varun Jain,4gzrZDyL5gYiROkv27pYKx,Shadab Faridi,6WixbETKEXH0xBf0OB9kRB,1,['46hzNOUOAlivuCZZ0wE3zi']
Altamash Faridi,38IHJBGBuaYXHEkIQd4DtF,Varun Jain,4gzrZDyL5gYiROkv27pYKx,1,['46hzNOUOAlivuCZZ0wE3zi']
Amitabh Bhattacharya,2fMqTqiTxUDlmcOEPaQSsx,Varun Jain,4gzrZDyL5gYiROkv27pYKx,1,['46hzNOUOAlivuCZZ0wE3zi']
Sachin-Jigar,1mBydYMVBECdDmMfE2sEUO,Shadab Faridi,6WixbETKEXH0xBf0OB9kRB,1,['46hzNOUOAlivuCZZ0wE3zi']
Sachin-Jigar,1mBydYMVBECdDmMfE2sEUO,Altamash Faridi,38IHJBGBuaYXHEkIQd4DtF,1,['46hzNOUOAlivuCZZ0wE3zi']
Altamash Faridi,38IHJBGBuaYXHEkIQd4DtF,Shadab Faridi,6WixbETKEXH0xBf0OB9kRB,1,['46hzNOUOAlivuCZZ0wE3zi']
Amitabh Bhattacharya,2fMqTqiTxUDlmcOEPaQSsx,Shadab Faridi,6WixbETKEXH0xBf0OB9kRB,1,['46hzNOUOAlivuCZZ0wE3zi']
Amitabh Bhattacharya,2fMqTqiTxUDlmcOEPaQSsx,Altamash Faridi,38IHJBGBuaYXHEkIQd4DtF,1,['46hzNOUOAlivuCZZ0wE3zi']
SUGA,0ebNdVaOfp6N0oZ1guIxM8,Halsey,26VFTg2z8YR0cCuwLzESi2,1,['3l6LBCOL9nPsSY29TUY2VE']
Kendrick Lamar,2YZyLoL8N0Wb9xBt1NhZWg,Baby Keem,5SXuuuRpukkTvsLuUknva1,1,['1h6w4POXM2LfG4ZD4xUfZQ']
J Hus,2a0uxJgbvvIRI4GX8pYfcr,Drake,3TVXtAsR1Inumwj472S9r4,1,['40EXFgNMOIQRQOwJZ8mJkC']
SAIKO,2O8vbr4RYPpk6MRA4fio7u,Quevedo,52iwsT98xCoGgiGntTiR7K,2,"['0EhuGnOS6fTc5l5UNtDEH2', '4sDpxaulErbJ9NBaJDC7cJ']"
Feid,2LRoIwlKmHjgvigdNGBHNo,SAIKO,2O8vbr4RYPpk6MRA4fio7u,1,['0EhuGnOS6fTc5l5UNtDEH2']
Mora,0Q8NcsJwoCbZOHHW63su5S,SAIKO,2O8vbr4RYPpk6MRA4fio7u,2,"['0EhuGnOS6fTc5l5UNtDEH2', '0QRHOAeU8JRaVVn3UoZBih']"
Feid,2LRoIwlKmHjgvigdNGBHNo,Quevedo,52iwsT98xCoGgiGntTiR7K,1,['0EhuGnOS6fTc5l5UNtDEH2']
Mora,0Q8NcsJwoCbZOHHW63su5S,Quevedo,52iwsT98xCoGgiGntTiR7K,1,['0EhuGnOS6fTc5l5UNtDEH2']
Sam Smith,2wY79sveU1sp5g7SokKOiI,Madonna,6tbjWDEIzxoDsBA1FuhfPW,1,['74APVIUFqFFM1ML6SE7xxL']
Peso Pluma,12GqGscKJx3aE4t07u7eVZ,El Alfa,2oQX8QiMXOyuqbcZEFsZfm,2,"['1foNLbvX6yP0tMs3eAXspd', '7uSLF2yhpjLlYBLtyPX3Lb']"
Chael Produciendo,2iI5KWXLjw1tqLQsdjuo0e,El Alfa,2oQX8QiMXOyuqbcZEFsZfm,1,['7uSLF2yhpjLlYBLtyPX3Lb']
Peso Pluma,12GqGscKJx3aE4t07u7eVZ,Chael Produciendo,2iI5KWXLjw1tqLQsdjuo0e,1,['7uSLF2yhpjLlYBLtyPX3Lb']
JVKE,164Uj4eKjl6zTBKfJLFKKK,Charlie Puth,6VuMaDnrHyPL1p4EHjYLi7,1,['2yjeXq5ahx6UUg2rHaUe6X']
Jimin,1oSPZhvZMIrWW5I41kPkkY,Charlie Puth,6VuMaDnrHyPL1p4EHjYLi7,1,['2yjeXq5ahx6UUg2rHaUe6X']
Charlie Puth,6VuMaDnrHyPL1p4EHjYLi7,Muni Long,7tjVFCxJdwT4NdrTmjyjQ6,1,['2yjeXq5ahx6UUg2rHaUe6X']
Fast & Furious: The Fast Saga,1lpOgw56wZLDa8gaP6bSIs,Charlie Puth,6VuMaDnrHyPL1p4EHjYLi7,1,['2yjeXq5ahx6UUg2rHaUe6X']
Joel De La P,4qDRNT8ldCfCjSp9lBzYC5,Tito Double P,5eumcnUkdmGvkvcsx1WFNG,1,['0FkD2FHEZrZIofVkY6XPFK']
Luis R Conriquez,0pePYDrJGk8gqMRbXrLJC8,Tito Double P,5eumcnUkdmGvkvcsx1WFNG,1,['0FkD2FHEZrZIofVkY6XPFK']
Luis R Conriquez,0pePYDrJGk8gqMRbXrLJC8,Joel De La P,4qDRNT8ldCfCjSp9lBzYC5,1,['0FkD2FHEZrZIofVkY6XPFK']
Rauw Alejandro,1mcTU81TzQhprhouKaTkpq,Bizarrap,716NhGYqD1jl2wI1Qkgq36,2,"['21N77gfWYoQDvrLvaeiQgi', '2NFadq6pUeiVEihLvUlOSr']"
Duki,1bAftSH8umNcGZ0uyV7LMg,JHAYCO,6nVcHLIgY5pE2YCl8ubca1,1,['3XsYMEJutxpTiNXXRvodQH']
Nicki Minaj,0hCNtLu0JehylgoiP8L4Gh,Aqua,6kBjAFKyd0he7LiA5GQ3Gz,1,['741UUVE2kuITl0c6zuqqbO']
Ice Spice,3LZZPxNDGDFVSIPqf4JuEf,Aqua,6kBjAFKyd0he7LiA5GQ3Gz,1,['741UUVE2kuITl0c6zuqqbO']
Drake,3TVXtAsR1Inumwj472S9r4,Young Thug,50co4Is1HCEo8bhOyUWKpn,2,"['05CTjmZKjZoCKQvM1Ldq9M', '7qLr3HMApUbyDkUvgIvHnB']"
Edgardo Nuñez,0mA4dkNGiN4fqTBi2SLlAv,Peso Pluma,12GqGscKJx3aE4t07u7eVZ,1,['3B0swL7Qil9bB7eKzBREBK']
Peso Pluma,12GqGscKJx3aE4t07u7eVZ,Los Dareyes De La Sierra,1ZMJSCQw8DIefcLb1FIpY0,1,['3B0swL7Qil9bB7eKzBREBK']
Edgardo Nuñez,0mA4dkNGiN4fqTBi2SLlAv,Los Dareyes De La Sierra,1ZMJSCQw8DIefcLb1FIpY0,1,['3B0swL7Qil9bB7eKzBREBK']
Yak Gotti,0dvFTsuG02c4cRbcSQ8zE6,Young Thug,50co4Is1HCEo8bhOyUWKpn,1,['0r75DNlHu4recmKUdZeMfG']
21 Savage,1URnnhqYAYcrqrcwql10ft,Young Thug,50co4Is1HCEo8bhOyUWKpn,2,"['0r75DNlHu4recmKUdZeMfG', '3GXjlz7evuodm50dfiDDWo']"
Travis Scott,0Y5tJX1MQlPlqiwlOH1tJY,Yak Gotti,0dvFTsuG02c4cRbcSQ8zE6,1,['0r75DNlHu4recmKUdZeMfG']
Yak Gotti,0dvFTsuG02c4cRbcSQ8zE6,21 Savage,1URnnhqYAYcrqrcwql10ft,1,['0r75DNlHu4recmKUdZeMfG']
Future,1RyvyyTE3xzB2ZywiAwp0i,Young Thug,50co4Is1HCEo8bhOyUWKpn,1,['2Okh2n1EHlGhviAYv75MOB']
The Weeknd,1Xyo4u8uXC1ZmMpatF05PJ,JENNIE,250b0Wlc5Vk0CoUsaCY84M,1,['7CyPwkp0oE8Ro9Dd5CUDjW']
The Weeknd,1Xyo4u8uXC1ZmMpatF05PJ,Lily-Rose Depp,1pBLC0qVRTB5zVMuteQ9jJ,1,['7CyPwkp0oE8Ro9Dd5CUDjW']
Lily-Rose Depp,1pBLC0qVRTB5zVMuteQ9jJ,JENNIE,250b0Wlc5Vk0CoUsaCY84M,1,['7CyPwkp0oE8Ro9Dd5CUDjW']
Peso Pluma,12GqGscKJx3aE4t07u7eVZ,Tito Double P,5eumcnUkdmGvkvcsx1WFNG,2,"['1RzjXhgnzqb3dMa5852itx', '5hNvpD3zyWUv1i7L1SN69P']"
Peso Pluma,12GqGscKJx3aE4t07u7eVZ,Eladio Carrion,5XJDexmWFLWOkjOEjOVX3e,1,['3exe4YcyPO5utmTZcbvQkm']
Lyrical Lemonade,3VrGfWE8YdYMK4ySpnE0ly,Juice WRLD,4MCBfE4596Uoi2O4DtmEMz,1,['3bkpVSoNvBkvt9LJMFT5at']
Cordae,0huGjMyP507tBCARyzSkrv,Lyrical Lemonade,3VrGfWE8YdYMK4ySpnE0ly,1,['3bkpVSoNvBkvt9LJMFT5at']
Cordae,0huGjMyP507tBCARyzSkrv,Juice WRLD,4MCBfE4596Uoi2O4DtmEMz,1,['3bkpVSoNvBkvt9LJMFT5at']
Yandel,0eHQ9o50hj6ZDNBt6Ys1sD,Daddy Yankee,4VMYDCV2IEDYJArk749S6m,1,['28BSTgZH1ckI8Xfy8LXaRz']
Feid,2LRoIwlKmHjgvigdNGBHNo,Daddy Yankee,4VMYDCV2IEDYJArk749S6m,2,"['0hDE81j4N2DPLbEY4tiCDs', '28BSTgZH1ckI8Xfy8LXaRz']"
Lil Uzi Vert,4O15NlyKLIASxsJ0PrXPfz,Young Thug,50co4Is1HCEo8bhOyUWKpn,1,['5nYygW7bTgPOhckh3uDR9L']
Mc Pedrinho,1etNnR2SdlelBQAICa2Q5m,DJ 900,6Ovxg5WDcnSQc8iQXv0IvI,1,['0U9CZWq6umZsN432nh3WWT']
Tainy,0GM7qgcRCORpGnfcN2tCiB,Bad Bunny,4q3ewBCX7sLwd24euuV69X,1,['4eMKD8MRroxCqugpsxCCNb']
Travis Scott,0Y5tJX1MQlPlqiwlOH1tJY,Lil Uzi Vert,4O15NlyKLIASxsJ0PrXPfz,1,['2Hc1LaV6bzFil3dE71eORA']
Nicki Minaj,0hCNtLu0JehylgoiP8L4Gh,Lil Uzi Vert,4O15NlyKLIASxsJ0PrXPfz,2,"['41bmnQZoDMQdDh5zyomtW7', '5ZJGv7aGdIr9IGpxzSG18T']"
Natanael Cano,0elWFr7TW8piilVRYJUe4P,Junior H,7Gi6gjaWy3DxyilpF1a8Is,1,['6GM5l4aJ9aOhGStxODvNBm']
Shakira,0EmeFodog0BfCgMzAIvKQp,Manuel Turizo,0tmwSHipWxN12fsoLcFU3B,1,['2iVgM5C7m1G4CJGbms301G']
Peso Pluma,12GqGscKJx3aE4t07u7eVZ,Grupo Frontera,6XkjpgcEsYab502Vr1bBeW,1,['7bPp2NmpmyhLJ7zWazAXMu']
Tainy,0GM7qgcRCORpGnfcN2tCiB,Arcángel,4SsVbpTthjScTS7U2hmr1X,1,['5NhLA2P7AiV3cloVmwtwLS']
Tainy,0GM7qgcRCORpGnfcN2tCiB,JHAYCO,6nVcHLIgY5pE2YCl8ubca1,2,"['2PFPDjSJpeZE889648rbUP', '5NhLA2P7AiV3cloVmwtwLS']"
Tainy,0GM7qgcRCORpGnfcN2tCiB,Myke Towers,7iK8PXO48WeuP03g8YR51W,1,['5NhLA2P7AiV3cloVmwtwLS']
Tainy,0GM7qgcRCORpGnfcN2tCiB,Omar Courtz,3E12tRURRvPfHz0hAMCFYc,1,['5NhLA2P7AiV3cloVmwtwLS']
Tainy,0GM7qgcRCORpGnfcN2tCiB,Arca,4SQdUpG4f7UbkJG3cJ2Iyj,1,['5NhLA2P7AiV3cloVmwtwLS']
Arcángel,4SsVbpTthjScTS7U2hmr1X,JHAYCO,6nVcHLIgY5pE2YCl8ubca1,1,['5NhLA2P7AiV3cloVmwtwLS']
Arcángel,4SsVbpTthjScTS7U2hmr1X,Myke Towers,7iK8PXO48WeuP03g8YR51W,1,['5NhLA2P7AiV3cloVmwtwLS']
Omar Courtz,3E12tRURRvPfHz0hAMCFYc,Arcángel,4SsVbpTthjScTS7U2hmr1X,1,['5NhLA2P7AiV3cloVmwtwLS']
Arca,4SQdUpG4f7UbkJG3cJ2Iyj,Arcángel,4SsVbpTthjScTS7U2hmr1X,1,['5NhLA2P7AiV3cloVmwtwLS']
JHAYCO,6nVcHLIgY5pE2YCl8ubca1,Myke Towers,7iK8PXO48WeuP03g8YR51W,1,['5NhLA2P7AiV3cloVmwtwLS']
Omar Courtz,3E12tRURRvPfHz0hAMCFYc,JHAYCO,6nVcHLIgY5pE2YCl8ubca1,1,['5NhLA2P7AiV3cloVmwtwLS']
Arca,4SQdUpG4f7UbkJG3cJ2Iyj,JHAYCO,6nVcHLIgY5pE2YCl8ubca1,1,['5NhLA2P7AiV3cloVmwtwLS']
Omar Courtz,3E12tRURRvPfHz0hAMCFYc,Myke Towers,7iK8PXO48WeuP03g8YR51W,1,['5NhLA2P7AiV3cloVmwtwLS']
Arca,4SQdUpG4f7UbkJG3cJ2Iyj,Myke Towers,7iK8PXO48WeuP03g8YR51W,1,['5NhLA2P7AiV3cloVmwtwLS']
Omar Courtz,3E12tRURRvPfHz0hAMCFYc,Arca,4SQdUpG4f7UbkJG3cJ2Iyj,1,['5NhLA2P7AiV3cloVmwtwLS']
Tainy,0GM7qgcRCORpGnfcN2tCiB,Daddy Yankee,4VMYDCV2IEDYJArk749S6m,1,['0hDE81j4N2DPLbEY4tiCDs']
Tainy,0GM7qgcRCORpGnfcN2tCiB,Feid,2LRoIwlKmHjgvigdNGBHNo,1,['0hDE81j4N2DPLbEY4tiCDs']
Tainy,0GM7qgcRCORpGnfcN2tCiB,Sech,77ziqFxp5gaInVrF2lj4ht,1,['0hDE81j4N2DPLbEY4tiCDs']
Daddy Yankee,4VMYDCV2IEDYJArk749S6m,Sech,77ziqFxp5gaInVrF2lj4ht,1,['0hDE81j4N2DPLbEY4tiCDs']
Feid,2LRoIwlKmHjgvigdNGBHNo,Sech,77ziqFxp5gaInVrF2lj4ht,1,['0hDE81j4N2DPLbEY4tiCDs']
Tito Torbellino Jr,0dXXFVCw0LKzmHFrTLUaQJ,Natanael Cano,0elWFr7TW8piilVRYJUe4P,1,['6ASn03faRVXbbrEcN3KHdN']
Natanael Cano,0elWFr7TW8piilVRYJUe4P,Chino Pacas,2rmkQLzj0k4nZdQehOUByO,1,['1gCkdtayMomPBKi09qXs1C']
Bring Me The Horizon,1Ffb6ejR6Fe5IamqA5oRUF,Lil Uzi Vert,4O15NlyKLIASxsJ0PrXPfz,1,['3ySqZ8yGoh4Emi9HiPCCdP']
Natanael Cano,0elWFr7TW8piilVRYJUe4P,Luis R Conriquez,0pePYDrJGk8gqMRbXrLJC8,1,['0lfnjkAemrVz8J9l7khK2t']
Natanael Cano,0elWFr7TW8piilVRYJUe4P,Dan Sanchez,1yPvnL2XGGehNiOGWzcAAG,1,['4eS34o2sqDTK4ypgZq4yLA']
Lil Uzi Vert,4O15NlyKLIASxsJ0PrXPfz,Snow Strippers,6TsAG8Ve1icEC8ydeHm3C8,1,['02Mqx9HzVRyfdCUpPNR6N3']
Natanael Cano,0elWFr7TW8piilVRYJUe4P,HERNAN TREJO,2JW58Zzu11HCWLaMou9UGD,1,['6jysIu57wvdVpIqPPogSzm']
DJ Matt D,1rIc4yTieeRq25NA3T8RQ5,Mc Livinho,7me0S5Z40qVWj3gzyK8aC3,1,['2uhw2oYbugGJbn10wipNX5']
Taylor Swift,06HL4z0CvFAxyc27GXpf02,Fall Out Boy,4UXqAaa6dQYAk18Lv7PEgX,1,['4e3ZNTAV6PCrdYMUrUlMpQ']
Taylor Swift,06HL4z0CvFAxyc27GXpf02,Hayley Williams,6Rx1JKzBrSzoKQtmbVmBnM,1,['4ABYxlb92WBIjHu7TIKmml']
TOMORROW X TOGETHER,0ghlgldX5Dd6720Q3qFyQB,Jonas Brothers,7gOdHgIoIKoe4i9Tta6qdD,1,['7kaFsQygyiCqRboWCXztxZ']
Rauw Alejandro,1mcTU81TzQhprhouKaTkpq,Junior H,7Gi6gjaWy3DxyilpF1a8Is,1,['05OnZaYopHpb0z7ktT2FIF']
DIVINE,4Ai0pGz6GhQavjzaRhPTvz,Sidhu Moose Wala,4PULA4EFzYTrxYvOVlwpiQ,1,['3GEiVoaUXq468gfYs2EPfh']
Mc Gw,0f1IECbrVV952unZkzrsg2,S3BZS,6zFMFB1JvNHkHvCSudF4id,1,['6njJR3OIp3oA0Kc4aC9Tzf']
Mc Menor Do Alvorada,0ivrHNM8urVaCkgRX8rtKH,S3BZS,6zFMFB1JvNHkHvCSudF4id,1,['6njJR3OIp3oA0Kc4aC9Tzf']
Mc Gw,0f1IECbrVV952unZkzrsg2,Mc Menor Do Alvorada,0ivrHNM8urVaCkgRX8rtKH,1,['6njJR3OIp3oA0Kc4aC9Tzf']
Latto,3MdXrJWsbVzdn6fe5JYkSQ,Jung Kook,6HaGTQPmzraVmaVxvz6EUc,3,"['2D9mO7arRSeHAEHNVAacaA', '2HRgqmZQC0MC7GeNuDIXHN', '7x9aauaA9cu6tyfpHnqDLo']"
Peso Pluma,12GqGscKJx3aE4t07u7eVZ,Ryan Castro,7j6DKwmjbxvpQO8h914uEz,1,['0zNMdrDEs5N0JPQ7RYQZln']
SOG,18dspUI6gqabm5XCC2RcUD,Ryan Castro,7j6DKwmjbxvpQO8h914uEz,1,['0zNMdrDEs5N0JPQ7RYQZln']
Peso Pluma,12GqGscKJx3aE4t07u7eVZ,SOG,18dspUI6gqabm5XCC2RcUD,1,['0zNMdrDEs5N0JPQ7RYQZln']
Duki,1bAftSH8umNcGZ0uyV7LMg,KHEA,4m6ubhNsdwF4psNf3R8kwR,1,['5AAb8GlTnCwkhBTJxw6F90']
Duki,1bAftSH8umNcGZ0uyV7LMg,Bizarrap,716NhGYqD1jl2wI1Qkgq36,1,['5AAb8GlTnCwkhBTJxw6F90']
KHEA,4m6ubhNsdwF4psNf3R8kwR,Bizarrap,716NhGYqD1jl2wI1Qkgq36,1,['5AAb8GlTnCwkhBTJxw6F90']
Emilia,0AqlFI0tz2DsEoJlKSIiT9,LUDMILLA,3CDoRporvSjdzTrm99a3gi,1,['2iIBpwP4FyQ95xgVail3yr']
Emilia,0AqlFI0tz2DsEoJlKSIiT9,ZECCA,2Yia9CwtgcrsN5kVOQ0qRA,1,['2iIBpwP4FyQ95xgVail3yr']
ZECCA,2Yia9CwtgcrsN5kVOQ0qRA,LUDMILLA,3CDoRporvSjdzTrm99a3gi,1,['2iIBpwP4FyQ95xgVail3yr']
Post Malone,246dkjvS1zLTtiykXe5h60,Noah Kahan,2RQXRUsr4IW1f3mKyKsy4B,1,['22VHOlVYBqytsrAqV8yXBK']
Vulgo FK,27azwwkxutWL1BWMkgNIh0,MC PH,4PLdCloYxu2bMKfuuB9lI5,1,['1Vy9Wn5sbiduZKBqBlH3Mc']
Vulgo FK,27azwwkxutWL1BWMkgNIh0,Veigh,4YqwRbMLqGHRHLS1w2ZKse,1,['1Vy9Wn5sbiduZKBqBlH3Mc']
Pedro Lotto,23ot0eI6ByBW6LrlBfr2bm,Vulgo FK,27azwwkxutWL1BWMkgNIh0,1,['1Vy9Wn5sbiduZKBqBlH3Mc']
Vulgo FK,27azwwkxutWL1BWMkgNIh0,Fepache,5dLqjc2m428QbostsKrUYW,1,['1Vy9Wn5sbiduZKBqBlH3Mc']
MC PH,4PLdCloYxu2bMKfuuB9lI5,Veigh,4YqwRbMLqGHRHLS1w2ZKse,1,['1Vy9Wn5sbiduZKBqBlH3Mc']
Pedro Lotto,23ot0eI6ByBW6LrlBfr2bm,MC PH,4PLdCloYxu2bMKfuuB9lI5,1,['1Vy9Wn5sbiduZKBqBlH3Mc']
MC PH,4PLdCloYxu2bMKfuuB9lI5,Fepache,5dLqjc2m428QbostsKrUYW,1,['1Vy9Wn5sbiduZKBqBlH3Mc']
Pedro Lotto,23ot0eI6ByBW6LrlBfr2bm,Veigh,4YqwRbMLqGHRHLS1w2ZKse,1,['1Vy9Wn5sbiduZKBqBlH3Mc']
Veigh,4YqwRbMLqGHRHLS1w2ZKse,Fepache,5dLqjc2m428QbostsKrUYW,1,['1Vy9Wn5sbiduZKBqBlH3Mc']
Pedro Lotto,23ot0eI6ByBW6LrlBfr2bm,Fepache,5dLqjc2m428QbostsKrUYW,1,['1Vy9Wn5sbiduZKBqBlH3Mc']
Travis Scott,0Y5tJX1MQlPlqiwlOH1tJY,Bad Bunny,4q3ewBCX7sLwd24euuV69X,1,['5L3ecxQnQ9qTBmnLQiwf0C']
Travis Scott,0Y5tJX1MQlPlqiwlOH1tJY,The Weeknd,1Xyo4u8uXC1ZmMpatF05PJ,2,"['4GL9GMX9t7Qkprvf1YighZ', '5L3ecxQnQ9qTBmnLQiwf0C']"
The Weeknd,1Xyo4u8uXC1ZmMpatF05PJ,Bad Bunny,4q3ewBCX7sLwd24euuV69X,1,['5L3ecxQnQ9qTBmnLQiwf0C']
Drake,3TVXtAsR1Inumwj472S9r4,Central Cee,5H4yInM5zmHqpKIoMNAx4r,1,['1L0OmJV0LnPDWuHCIGmBV6']
Aldo Ranks,0lsEtpjLWn4S7KBra82VG3,KAROL G,790FomKkXshlbRYZFtlgla,1,['6MZi5j60L80SZLBxN0bv8s']
Travis Scott,0Y5tJX1MQlPlqiwlOH1tJY,Drake,3TVXtAsR1Inumwj472S9r4,1,['67nepsnrcZkowTxMWigSbb']
Travis Scott,0Y5tJX1MQlPlqiwlOH1tJY,Playboi Carti,699OTQXzgjhIYAHMy9RyPD,1,['42VsgItocQwOQC3XWZ8JNA']
Travis Scott,0Y5tJX1MQlPlqiwlOH1tJY,Teezo Touchdown,0fGcIStdT1OpFFhOC7Wp36,1,['3KCNiDi9Pza6ZD8FggNoaw']
Travis Scott,0Y5tJX1MQlPlqiwlOH1tJY,Beyoncé,6vWDO969PvNqNYHIOW5v0m,1,['0OEe83mMZ5kaNw5uZQ7ilG']
Travis Scott,0Y5tJX1MQlPlqiwlOH1tJY,Rob49,1jBoSSrbz9n4ehQWA4cZgB,1,['0lodMO0qK83vfPiiD7FMEt']
21 Savage,1URnnhqYAYcrqrcwql10ft,Rob49,1jBoSSrbz9n4ehQWA4cZgB,1,['0lodMO0qK83vfPiiD7FMEt']
Travis Scott,0Y5tJX1MQlPlqiwlOH1tJY,Swae Lee,1zNqQNIdeOUZHb8zbZRFMX,1,['4GL9GMX9t7Qkprvf1YighZ']
The Weeknd,1Xyo4u8uXC1ZmMpatF05PJ,Swae Lee,1zNqQNIdeOUZHb8zbZRFMX,1,['4GL9GMX9t7Qkprvf1YighZ']
Travis Scott,0Y5tJX1MQlPlqiwlOH1tJY,SZA,7tYKF4w9nC0nq9CsPZTHyP,1,['1i9lZvlaDdWDPyXEE95aiq']
Travis Scott,0Y5tJX1MQlPlqiwlOH1tJY,Future,1RyvyyTE3xzB2ZywiAwp0i,1,['1i9lZvlaDdWDPyXEE95aiq']
Future,1RyvyyTE3xzB2ZywiAwp0i,SZA,7tYKF4w9nC0nq9CsPZTHyP,1,['1i9lZvlaDdWDPyXEE95aiq']
Westside Gunn,0ABk515kENDyATUdpCKVfW,Travis Scott,0Y5tJX1MQlPlqiwlOH1tJY,1,['7EiUtdeoWcKqLi5ELZCjYf']
Travis Scott,0Y5tJX1MQlPlqiwlOH1tJY,Yung Lean,67lytN32YpUxiSeWlKfHJ3,1,['2Q0aElTZQtEUsoiaQfizu6']
Travis Scott,0Y5tJX1MQlPlqiwlOH1tJY,Dave Chappelle,504DdVupqJJUEkzmHzJEfs,1,['2Q0aElTZQtEUsoiaQfizu6']
Dave Chappelle,504DdVupqJJUEkzmHzJEfs,Yung Lean,67lytN32YpUxiSeWlKfHJ3,1,['2Q0aElTZQtEUsoiaQfizu6']
Travis Scott,0Y5tJX1MQlPlqiwlOH1tJY,James Blake,53KwLdlmrlCelAZMaLVZqU,1,['76gcXhY3Zv6wW0BTe9nHJo']
21 Savage,1URnnhqYAYcrqrcwql10ft,James Blake,53KwLdlmrlCelAZMaLVZqU,1,['76gcXhY3Zv6wW0BTe9nHJo']
Travis Scott,0Y5tJX1MQlPlqiwlOH1tJY,Kid Cudi,0fA0VVWsXO9YnASrzqfmYu,1,['0a4SMs889NwP8oWI7Vemle']
Tokischa,2p4aN0Uxkk3iT3HK0cJ2cJ,Bad Gyal,4F4pp8NUW08JuXwnoxglpN,1,['0J9g1MMJDhyvOb3NWckHMm']
Young Miko,3qsKSpcV3ncke3hw52JSMB,Bad Gyal,4F4pp8NUW08JuXwnoxglpN,1,['0J9g1MMJDhyvOb3NWckHMm']
Tokischa,2p4aN0Uxkk3iT3HK0cJ2cJ,Young Miko,3qsKSpcV3ncke3hw52JSMB,1,['0J9g1MMJDhyvOb3NWckHMm']
MC Kevin o Chris,2UMj7NCbuqy1yUZmiSYGjJ,Dj Nk Da Serra,3DIMAAaWSlVl1YQ9nsQmUN,1,['64CovjRwInpOJW4PiGMprY']
MC Kevin o Chris,2UMj7NCbuqy1yUZmiSYGjJ,Mc Magrinho,4JA9UvIYD3D5kL7utiGJMI,1,['64CovjRwInpOJW4PiGMprY']
Dj Nk Da Serra,3DIMAAaWSlVl1YQ9nsQmUN,Mc Magrinho,4JA9UvIYD3D5kL7utiGJMI,1,['64CovjRwInpOJW4PiGMprY']
Dj Brunin XM,6MSMZkBlZT4vhQmjO5Ynv3,Bibi Babydoll,6R26kGib2ubbZJMh7kKVGV,1,['4kRLRWnn5u9wO2wOKAAdEN']
KZA Produções,1rRhJIu1ufxCjbmMWon6ax,Bibi Babydoll,6R26kGib2ubbZJMh7kKVGV,1,['4kRLRWnn5u9wO2wOKAAdEN']
KZA Produções,1rRhJIu1ufxCjbmMWon6ax,Dj Brunin XM,6MSMZkBlZT4vhQmjO5Ynv3,1,['4kRLRWnn5u9wO2wOKAAdEN']
Grupo Firme,1dKdetem2xEmjgvyymzytS,Grupo Frontera,6XkjpgcEsYab502Vr1bBeW,1,['0O3U5iwTbiXCREMkvotJuN']
Matheus Fernandes,37mqXU98U5GmH5ZDtlHM1c,Grupo Menos É Mais,6vTqEFbTtTRJsuIpzZgjxi,1,['4f0aDk7HX37SfzerfznYlr']
Gustavo Mioto,1X6ORK7IekgmyjV6IFPszP,Luan Pereira,5kVgcCdPbeUwxBqWxi2Ktl,1,['1mimc5QiUuwmVYdXkWvgOQ']
Kanye West,5K4W6rqBFWDnAN6FQUkS6x,Dwele,7u6LfVyYpEzMpHLL7jTyvU,1,['5TRPicyLGbAF2LGBFbHGvO']
Anirudh Ravichander,4zCH9qm4R2DADamUHMCa6O,Super Subu,6sXT8Cggm4tmoxhVjaUVs0,2,"['3pDbPKZHrpHAWcJVMsrNwA', '5DgY6Ab0vpyUMKnY9ubFOF']"
Peso Pluma,12GqGscKJx3aE4t07u7eVZ,KAROL G,790FomKkXshlbRYZFtlgla,1,['5RqSsdzTNPX1uzkmlHCFvK']
Cris Mj,1Yj5Xey7kTwvZla8sqdsdE,KAROL G,790FomKkXshlbRYZFtlgla,1,['0GJwUAlBMJTbY4VE7iE761']
KAROL G,790FomKkXshlbRYZFtlgla,Ryan Castro,7j6DKwmjbxvpQO8h914uEz,1,['0GJwUAlBMJTbY4VE7iE761']
Cris Mj,1Yj5Xey7kTwvZla8sqdsdE,Ryan Castro,7j6DKwmjbxvpQO8h914uEz,1,['0GJwUAlBMJTbY4VE7iE761']
Kali Uchis,1U1el3k54VvEUzo3ybLPlM,KAROL G,790FomKkXshlbRYZFtlgla,2,"['1HLaJowFbNM3MPyqnk5vjW', '1Uvl2i3MlsoqGConBaKi7G']"
Young Miko,3qsKSpcV3ncke3hw52JSMB,KAROL G,790FomKkXshlbRYZFtlgla,1,['4iGQ8o9Ih6J1OuDDGCXSCL']
Dei V,2YRyPiW98bpkARAS4B3OQP,KAROL G,790FomKkXshlbRYZFtlgla,1,['5bD6mFl116xCxVMLy7IK9F']
Fred again..,4oLeXFyACqeem2VImYeBFe,Obongjayar,6l7R1jntPahGxwJt7Tky8h,1,['3YgtkOxZsTuaZdL8McA1FQ']
Arijit Singh,4YRxDV8wJFPHPTeXepOstw,Jasleen Royal,74OaRjmyh0XyRZsQQQ5l7c,1,['5PUXKVVVQ74C3gl5vKy9Li']
Dulquer Salmaan,3NHwwyb1coYa5cLyI72xSk,Jasleen Royal,74OaRjmyh0XyRZsQQQ5l7c,1,['5PUXKVVVQ74C3gl5vKy9Li']
Dulquer Salmaan,3NHwwyb1coYa5cLyI72xSk,Arijit Singh,4YRxDV8wJFPHPTeXepOstw,1,['5PUXKVVVQ74C3gl5vKy9Li']
RAYE,5KKpBU5eC2tJDzf0wmlRp2,cassö,5wCmhq5J2hPwL2r0eKurxn,1,['59NraMJsLaMCVtwXTSia8i']
D-Block Europe,5VadK1havLhK1OpKYsXv9y,cassö,5wCmhq5J2hPwL2r0eKurxn,1,['59NraMJsLaMCVtwXTSia8i']
RAYE,5KKpBU5eC2tJDzf0wmlRp2,D-Block Europe,5VadK1havLhK1OpKYsXv9y,1,['59NraMJsLaMCVtwXTSia8i']
Felipe Amorim,3CIIaeZuFYrAD6PRVyuO4U,Mc Mika,6exBFuevXZvHrbP3oKtfWe,1,['7lTVXJfNK4xaJSUXCUac6a']
Jonita Gandhi,00sCATpEvwH48ays7PlQFU,Pritam,1wRPtKGflJrBx9BmLsSwlU,1,['0rU8aU8TSbq6Xz6RWlmA1y']
Ranveer Singh,0lMa3YTHqQnDDTBaxAV7LK,Pritam,1wRPtKGflJrBx9BmLsSwlU,1,['0rU8aU8TSbq6Xz6RWlmA1y']
Jonita Gandhi,00sCATpEvwH48ays7PlQFU,Arijit Singh,4YRxDV8wJFPHPTeXepOstw,1,['0rU8aU8TSbq6Xz6RWlmA1y']
Ranveer Singh,0lMa3YTHqQnDDTBaxAV7LK,Arijit Singh,4YRxDV8wJFPHPTeXepOstw,1,['0rU8aU8TSbq6Xz6RWlmA1y']
Jonita Gandhi,00sCATpEvwH48ays7PlQFU,Ranveer Singh,0lMa3YTHqQnDDTBaxAV7LK,1,['0rU8aU8TSbq6Xz6RWlmA1y']
Jonita Gandhi,00sCATpEvwH48ays7PlQFU,Amitabh Bhattacharya,2fMqTqiTxUDlmcOEPaQSsx,1,['0rU8aU8TSbq6Xz6RWlmA1y']
Ranveer Singh,0lMa3YTHqQnDDTBaxAV7LK,Amitabh Bhattacharya,2fMqTqiTxUDlmcOEPaQSsx,1,['0rU8aU8TSbq6Xz6RWlmA1y']
Zach Bryan,40ZNYROS4zLfyyBSs2PGe2,Kacey Musgraves,70kkdajctXSbqSMJbQO424,1,['4KULAymBBJcPRpk1yO4dOG']
The Lumineers,16oZKvXb6WkQlVAjwo2Wbg,Zach Bryan,40ZNYROS4zLfyyBSs2PGe2,1,['0HEytGQM3bG1vKxER7IgVK']
Zach Bryan,40ZNYROS4zLfyyBSs2PGe2,The War And Treaty,6HhV0jtMMK5HYnYgG0xgtz,1,['4pCbJC43j3gSqG6Fen6upD']
Sierra Ferrell,3oVcF3VdpMuvMvLLyHPT4t,Zach Bryan,40ZNYROS4zLfyyBSs2PGe2,1,['3itgPtXSu4I9mr2QD6yrzP']
ICON,0SSbTivuMrvdqgCt7ln6jD,Feid,2LRoIwlKmHjgvigdNGBHNo,1,['0qMYY0Fotjtu181Nj0VS8e']
Burna Boy,3wcj11K77LjEY1PkEazffa,Dave,6Ip8FS7vWT1uKkJSweANQK,1,['3FyxwVvc9JqmVl5IVDPaNU']
Arijit Singh,4YRxDV8wJFPHPTeXepOstw,Anirudh Ravichander,4zCH9qm4R2DADamUHMCa6O,2,"['3xMHXmedL5Rvfxmiar9Ryv', '4nc6XiUze2Yh7wFueGOPv7']"
Shilpa Rao,19LIHDDSHBD5NyYHI3gpzB,Anirudh Ravichander,4zCH9qm4R2DADamUHMCa6O,2,"['3xMHXmedL5Rvfxmiar9Ryv', '4nc6XiUze2Yh7wFueGOPv7']"
Kumaar,0m3D4grap8VFSzbJMqgNVk,Anirudh Ravichander,4zCH9qm4R2DADamUHMCa6O,2,"['3xMHXmedL5Rvfxmiar9Ryv', '4nc6XiUze2Yh7wFueGOPv7']"
Shilpa Rao,19LIHDDSHBD5NyYHI3gpzB,Arijit Singh,4YRxDV8wJFPHPTeXepOstw,2,"['3xMHXmedL5Rvfxmiar9Ryv', '4nc6XiUze2Yh7wFueGOPv7']"
Mora,0Q8NcsJwoCbZOHHW63su5S,Yandel,0eHQ9o50hj6ZDNBt6Ys1sD,1,['3pQr8EhSzvKN3ZZlaL4Pae']
Mora,0Q8NcsJwoCbZOHHW63su5S,Arcángel,4SsVbpTthjScTS7U2hmr1X,1,['0JLKzgJT62z3jNWsDt6znJ']
Mora,0Q8NcsJwoCbZOHHW63su5S,RaiNao,42LEQxfXLEuzdqorKBbUVN,2,"['2ECSDcH0Fk1yRO5KkVZwKn', '2tAwNLAIBtgXdzQOtVq6mL']"
Mora,0Q8NcsJwoCbZOHHW63su5S,Alvaro Diaz,5J7rXWjtn5HzUkJ4Jet8Fr,1,['0FCiBGB36gPUW49xuoZYJm']
Mora,0Q8NcsJwoCbZOHHW63su5S,Dei V,2YRyPiW98bpkARAS4B3OQP,1,['6XjsXIb1DUhsmhflFAODv3']
Luísa Sonza,4PzYKhC14sTJNEr0dzoo0d,Demi Lovato,6S2OmqARrzebs0tKUEyXyp,1,['2COgAa5ipUrdTuWjyqb10X']
Chino Pacas,2rmkQLzj0k4nZdQehOUByO,Calle 24,6dLuQ5qXxIuWc5urxfIiZR,1,['6uIIdjYTxxpWOyWuVXrKQO']
Fuerza Regida,0ys2OFYzWYB5hRDLCsBqxt,Calle 24,6dLuQ5qXxIuWc5urxfIiZR,1,['6uIIdjYTxxpWOyWuVXrKQO']
Grupo Marca Registrada,1gW6pz5n1aK249L0GvfQCC,Alex Favela,5TcnuUD5MHBfd1cO4kweWD,1,['2TJKY0WSFufZOzbRNgl6zE']
Alex Favela,5TcnuUD5MHBfd1cO4kweWD,Joaquin Medina,6bpv92ES2Vcv2OKA3DAhgw,1,['2TJKY0WSFufZOzbRNgl6zE']
Grupo Marca Registrada,1gW6pz5n1aK249L0GvfQCC,Joaquin Medina,6bpv92ES2Vcv2OKA3DAhgw,1,['2TJKY0WSFufZOzbRNgl6zE']
Matheus & Kauan,2Z0lRIqr997lIUiPtrpKCr,Gusttavo Lima,7MiDcPa6UiV3In7lIM71IN,1,['7GScY8oE12cqTiNBzVQpUB']
Jasiel Nuñez,0T8Ix53aIN4F7aEKj4EnKy,Junior H,7Gi6gjaWy3DxyilpF1a8Is,1,['3wlIAXSDtlD9iU8ysld06Z']
Megan Thee Stallion,181bsRPaVXVlUKXrxwZfHK,Cardi B,4kYSro6naA4h99UJvo89HB,1,['4YQImHflXSiIMXntcwPkx8']
Maluma,1r4hJ1h58CWwUQe3MxPuau,Carin Leon,66ihevNkSYNzRAl44dx6jJ,1,['4bw8mcDUSRWfQo63ZTYRnU']
Drake,3TVXtAsR1Inumwj472S9r4,SZA,7tYKF4w9nC0nq9CsPZTHyP,2,"['0AYt6NMyyLd0rLuvr0UkMH', '1yeB8MUNeLo9Ek1UEpsyz6']"
TOMORROW X TOGETHER,0ghlgldX5Dd6720Q3qFyQB,Anitta,7FNnA9vBm6EKceENgCGRMb,1,['6uTPA1xlcsk6dbchB2dhzl']
Justin Bieber,1uNFoZAHBGtllmzznpCI3s,SZA,7tYKF4w9nC0nq9CsPZTHyP,1,['5YABYtKx9qa56vBjlXDbmw']
Dj GBR,0IhzJFf4QBEz0ifqLwScKV,Mc IG,2q9wk5fkeU2C9CgCKdh4AN,1,['2InS5VWKJQbsFBKOsf1cJB']
Dj GBR,0IhzJFf4QBEz0ifqLwScKV,MC Ryan SP,75i9GaW2MJUgt4BkdUnuUY,1,['2InS5VWKJQbsFBKOsf1cJB']
Dj GBR,0IhzJFf4QBEz0ifqLwScKV,MC PH,4PLdCloYxu2bMKfuuB9lI5,1,['2InS5VWKJQbsFBKOsf1cJB']
Dj GBR,0IhzJFf4QBEz0ifqLwScKV,Mc Davi,1cYhx7ZOhYoVmnDPb9KMwo,1,['2InS5VWKJQbsFBKOsf1cJB']
Dj GBR,0IhzJFf4QBEz0ifqLwScKV,Mc Luki,3I44LJGCaI0gSPPz3n16xn,1,['2InS5VWKJQbsFBKOsf1cJB']
Dj GBR,0IhzJFf4QBEz0ifqLwScKV,Mc Don Juan,7Lmrb6KcIzfkmgbtokjsAL,1,['2InS5VWKJQbsFBKOsf1cJB']
Dj GBR,0IhzJFf4QBEz0ifqLwScKV,Mc Kadu,21ELc2P2rA3Cu6xw3VWqvv,1,['2InS5VWKJQbsFBKOsf1cJB']
Dj GBR,0IhzJFf4QBEz0ifqLwScKV,TrapLaudo,39QiJaZ1HzRcpY9xlMKCsF,1,['2InS5VWKJQbsFBKOsf1cJB']
Dj GBR,0IhzJFf4QBEz0ifqLwScKV,MC GP,5s27i7oqhNWIcE4HeoVdq0,1,['2InS5VWKJQbsFBKOsf1cJB']
Dj GBR,0IhzJFf4QBEz0ifqLwScKV,MC GH do 7,5XUMgbLR3zyRPesnTQY31C,1,['2InS5VWKJQbsFBKOsf1cJB']
Mc IG,2q9wk5fkeU2C9CgCKdh4AN,MC Ryan SP,75i9GaW2MJUgt4BkdUnuUY,1,['2InS5VWKJQbsFBKOsf1cJB']
Mc IG,2q9wk5fkeU2C9CgCKdh4AN,MC PH,4PLdCloYxu2bMKfuuB9lI5,1,['2InS5VWKJQbsFBKOsf1cJB']
Mc Davi,1cYhx7ZOhYoVmnDPb9KMwo,Mc IG,2q9wk5fkeU2C9CgCKdh4AN,1,['2InS5VWKJQbsFBKOsf1cJB']
Mc IG,2q9wk5fkeU2C9CgCKdh4AN,Mc Luki,3I44LJGCaI0gSPPz3n16xn,1,['2InS5VWKJQbsFBKOsf1cJB']
Mc IG,2q9wk5fkeU2C9CgCKdh4AN,Mc Don Juan,7Lmrb6KcIzfkmgbtokjsAL,1,['2InS5VWKJQbsFBKOsf1cJB']
Mc Kadu,21ELc2P2rA3Cu6xw3VWqvv,Mc IG,2q9wk5fkeU2C9CgCKdh4AN,1,['2InS5VWKJQbsFBKOsf1cJB']
Mc IG,2q9wk5fkeU2C9CgCKdh4AN,TrapLaudo,39QiJaZ1HzRcpY9xlMKCsF,1,['2InS5VWKJQbsFBKOsf1cJB']
Mc IG,2q9wk5fkeU2C9CgCKdh4AN,MC GP,5s27i7oqhNWIcE4HeoVdq0,1,['2InS5VWKJQbsFBKOsf1cJB']
Mc IG,2q9wk5fkeU2C9CgCKdh4AN,MC GH do 7,5XUMgbLR3zyRPesnTQY31C,1,['2InS5VWKJQbsFBKOsf1cJB']
MC PH,4PLdCloYxu2bMKfuuB9lI5,MC Ryan SP,75i9GaW2MJUgt4BkdUnuUY,1,['2InS5VWKJQbsFBKOsf1cJB']
Mc Davi,1cYhx7ZOhYoVmnDPb9KMwo,MC Ryan SP,75i9GaW2MJUgt4BkdUnuUY,1,['2InS5VWKJQbsFBKOsf1cJB']
Mc Luki,3I44LJGCaI0gSPPz3n16xn,MC Ryan SP,75i9GaW2MJUgt4BkdUnuUY,1,['2InS5VWKJQbsFBKOsf1cJB']
MC Ryan SP,75i9GaW2MJUgt4BkdUnuUY,Mc Don Juan,7Lmrb6KcIzfkmgbtokjsAL,1,['2InS5VWKJQbsFBKOsf1cJB']
Mc Kadu,21ELc2P2rA3Cu6xw3VWqvv,MC Ryan SP,75i9GaW2MJUgt4BkdUnuUY,1,['2InS5VWKJQbsFBKOsf1cJB']
TrapLaudo,39QiJaZ1HzRcpY9xlMKCsF,MC Ryan SP,75i9GaW2MJUgt4BkdUnuUY,1,['2InS5VWKJQbsFBKOsf1cJB']
MC GP,5s27i7oqhNWIcE4HeoVdq0,MC Ryan SP,75i9GaW2MJUgt4BkdUnuUY,1,['2InS5VWKJQbsFBKOsf1cJB']
MC GH do 7,5XUMgbLR3zyRPesnTQY31C,MC Ryan SP,75i9GaW2MJUgt4BkdUnuUY,1,['2InS5VWKJQbsFBKOsf1cJB']
Mc Davi,1cYhx7ZOhYoVmnDPb9KMwo,MC PH,4PLdCloYxu2bMKfuuB9lI5,1,['2InS5VWKJQbsFBKOsf1cJB']
Mc Luki,3I44LJGCaI0gSPPz3n16xn,MC PH,4PLdCloYxu2bMKfuuB9lI5,1,['2InS5VWKJQbsFBKOsf1cJB']
MC PH,4PLdCloYxu2bMKfuuB9lI5,Mc Don Juan,7Lmrb6KcIzfkmgbtokjsAL,1,['2InS5VWKJQbsFBKOsf1cJB']
Mc Kadu,21ELc2P2rA3Cu6xw3VWqvv,MC PH,4PLdCloYxu2bMKfuuB9lI5,1,['2InS5VWKJQbsFBKOsf1cJB']
TrapLaudo,39QiJaZ1HzRcpY9xlMKCsF,MC PH,4PLdCloYxu2bMKfuuB9lI5,1,['2InS5VWKJQbsFBKOsf1cJB']
MC PH,4PLdCloYxu2bMKfuuB9lI5,MC GP,5s27i7oqhNWIcE4HeoVdq0,1,['2InS5VWKJQbsFBKOsf1cJB']
MC PH,4PLdCloYxu2bMKfuuB9lI5,MC GH do 7,5XUMgbLR3zyRPesnTQY31C,1,['2InS5VWKJQbsFBKOsf1cJB']
Mc Davi,1cYhx7ZOhYoVmnDPb9KMwo,Mc Luki,3I44LJGCaI0gSPPz3n16xn,1,['2InS5VWKJQbsFBKOsf1cJB']
Mc Davi,1cYhx7ZOhYoVmnDPb9KMwo,Mc Don Juan,7Lmrb6KcIzfkmgbtokjsAL,1,['2InS5VWKJQbsFBKOsf1cJB']
Mc Davi,1cYhx7ZOhYoVmnDPb9KMwo,Mc Kadu,21ELc2P2rA3Cu6xw3VWqvv,1,['2InS5VWKJQbsFBKOsf1cJB']
Mc Davi,1cYhx7ZOhYoVmnDPb9KMwo,TrapLaudo,39QiJaZ1HzRcpY9xlMKCsF,1,['2InS5VWKJQbsFBKOsf1cJB']
Mc Davi,1cYhx7ZOhYoVmnDPb9KMwo,MC GP,5s27i7oqhNWIcE4HeoVdq0,1,['2InS5VWKJQbsFBKOsf1cJB']
Mc Davi,1cYhx7ZOhYoVmnDPb9KMwo,MC GH do 7,5XUMgbLR3zyRPesnTQY31C,1,['2InS5VWKJQbsFBKOsf1cJB']
Mc Luki,3I44LJGCaI0gSPPz3n16xn,Mc Don Juan,7Lmrb6KcIzfkmgbtokjsAL,1,['2InS5VWKJQbsFBKOsf1cJB']
Mc Kadu,21ELc2P2rA3Cu6xw3VWqvv,Mc Luki,3I44LJGCaI0gSPPz3n16xn,1,['2InS5VWKJQbsFBKOsf1cJB']
TrapLaudo,39QiJaZ1HzRcpY9xlMKCsF,Mc Luki,3I44LJGCaI0gSPPz3n16xn,1,['2InS5VWKJQbsFBKOsf1cJB']
Mc Luki,3I44LJGCaI0gSPPz3n16xn,MC GP,5s27i7oqhNWIcE4HeoVdq0,1,['2InS5VWKJQbsFBKOsf1cJB']
Mc Luki,3I44LJGCaI0gSPPz3n16xn,MC GH do 7,5XUMgbLR3zyRPesnTQY31C,1,['2InS5VWKJQbsFBKOsf1cJB']
Mc Kadu,21ELc2P2rA3Cu6xw3VWqvv,Mc Don Juan,7Lmrb6KcIzfkmgbtokjsAL,1,['2InS5VWKJQbsFBKOsf1cJB']
TrapLaudo,39QiJaZ1HzRcpY9xlMKCsF,Mc Don Juan,7Lmrb6KcIzfkmgbtokjsAL,1,['2InS5VWKJQbsFBKOsf1cJB']
MC GP,5s27i7oqhNWIcE4HeoVdq0,Mc Don Juan,7Lmrb6KcIzfkmgbtokjsAL,1,['2InS5VWKJQbsFBKOsf1cJB']
MC GH do 7,5XUMgbLR3zyRPesnTQY31C,Mc Don Juan,7Lmrb6KcIzfkmgbtokjsAL,1,['2InS5VWKJQbsFBKOsf1cJB']
Mc Kadu,21ELc2P2rA3Cu6xw3VWqvv,TrapLaudo,39QiJaZ1HzRcpY9xlMKCsF,1,['2InS5VWKJQbsFBKOsf1cJB']
Mc Kadu,21ELc2P2rA3Cu6xw3VWqvv,MC GP,5s27i7oqhNWIcE4HeoVdq0,1,['2InS5VWKJQbsFBKOsf1cJB']
Mc Kadu,21ELc2P2rA3Cu6xw3VWqvv,MC GH do 7,5XUMgbLR3zyRPesnTQY31C,1,['2InS5VWKJQbsFBKOsf1cJB']
TrapLaudo,39QiJaZ1HzRcpY9xlMKCsF,MC GP,5s27i7oqhNWIcE4HeoVdq0,1,['2InS5VWKJQbsFBKOsf1cJB']
TrapLaudo,39QiJaZ1HzRcpY9xlMKCsF,MC GH do 7,5XUMgbLR3zyRPesnTQY31C,1,['2InS5VWKJQbsFBKOsf1cJB']
MC GH do 7,5XUMgbLR3zyRPesnTQY31C,MC GP,5s27i7oqhNWIcE4HeoVdq0,1,['2InS5VWKJQbsFBKOsf1cJB']
Luan Pereira,5kVgcCdPbeUwxBqWxi2Ktl,MC Ryan SP,75i9GaW2MJUgt4BkdUnuUY,1,['3XIXklO3e0uWUAUkOR7NLI']
Luan Pereira,5kVgcCdPbeUwxBqWxi2Ktl,Mc Daniel,6YzSM19LzpLH0nVKKU6Jsy,1,['3XIXklO3e0uWUAUkOR7NLI']
Mc Daniel,6YzSM19LzpLH0nVKKU6Jsy,MC Ryan SP,75i9GaW2MJUgt4BkdUnuUY,1,['3XIXklO3e0uWUAUkOR7NLI']
David Guetta,1Cs0zKBU1kc0i8ypK3B9ai,Zara Larsson,1Xylc3o4UrD53lo9CvFvVg,1,['0dxp7DyPJEo6JhtnjUtBnN']
Ana Castela,2CKOmarVWvWqkNWUatHCex,Gusttavo Lima,7MiDcPa6UiV3In7lIM71IN,1,['7g7I8fjEERZH8DH3e6MUw7']
Ke Personajes,06Q5VlSAku57lFzyME3HrM,Grupo Frontera,6XkjpgcEsYab502Vr1bBeW,1,['11PV8CaPqlto9Uejx92C35']
The Weeknd,1Xyo4u8uXC1ZmMpatF05PJ,Diddy,59wfkuBoNyhDMQGCljbUbA,1,['4hGmQboiou09EwhcTWa0H6']
Diddy,59wfkuBoNyhDMQGCljbUbA,French Montana,6vXTefBL93Dj5IqAWq6OTv,1,['4hGmQboiou09EwhcTWa0H6']
21 Savage,1URnnhqYAYcrqrcwql10ft,Diddy,59wfkuBoNyhDMQGCljbUbA,1,['4hGmQboiou09EwhcTWa0H6']
The Weeknd,1Xyo4u8uXC1ZmMpatF05PJ,French Montana,6vXTefBL93Dj5IqAWq6OTv,1,['4hGmQboiou09EwhcTWa0H6']
21 Savage,1URnnhqYAYcrqrcwql10ft,French Montana,6vXTefBL93Dj5IqAWq6OTv,1,['4hGmQboiou09EwhcTWa0H6']
Shakira,0EmeFodog0BfCgMzAIvKQp,Fuerza Regida,0ys2OFYzWYB5hRDLCsBqxt,1,['5wjsJIUf6pdrwauPDae43o']
Noah Kahan,2RQXRUsr4IW1f3mKyKsy4B,Zach Bryan,40ZNYROS4zLfyyBSs2PGe2,1,['1fvC3CmNAbsx0V9ULMU8NB']
Zach Bryan,40ZNYROS4zLfyyBSs2PGe2,Bon Iver,4LEiUm1SRbFMgfqnQTwUbQ,1,['4Zj2uX6ApCFK9XzjwIhCIr']
Feid,2LRoIwlKmHjgvigdNGBHNo,Rema,46pWGuE3dSwY3bMMXGBvVS,1,['0SzrJpUj7Tij35k90crvMW']
Jack Harlow,2LIk90788K0zvyj2JJVwkJ,Jung Kook,6HaGTQPmzraVmaVxvz6EUc,1,['01qFKNWq73UfEslI0GvumE']
Ñengo Flow,12vb80Km0Ew53ABfJOepVz,Feid,2LRoIwlKmHjgvigdNGBHNo,1,['6pdo6bxRLh7ELtuchVgyjx']
Feid,2LRoIwlKmHjgvigdNGBHNo,Ryan Castro,7j6DKwmjbxvpQO8h914uEz,1,['3gquN8yA0TnqD4NemqCnng']
League of Legends,47mIJdHORyRerp4os813jD,NewJeans,6HvZYsbFfjnjFrWF950C9d,1,['210JJAa9nJOgNa0YNrsT5g']
Milo j,19HM5j0ULGSmEoRcrSe5x3,Bizarrap,716NhGYqD1jl2wI1Qkgq36,5,"['0aPs3kmiqmt9QG7gWXdefA', '1iLbUmb2b2btyAAcQ68a1p', '3DeZc9cOc1DM8YNoJV8lAv', '4SW9gHnW8NfKOdqmh0ij45', '4zYHsmc2V9RyR8eOA0mlx6']"
Jere Klein,35oGZihZclGoTVuICPXRP9,Gittobeatz,4rRwh9ghjocFABAwIwnunp,1,['4GvEuYAfJlICR2SpMDaBxQ']
Drake,3TVXtAsR1Inumwj472S9r4,J. Cole,6l3HvQ5sa6mXTsMTB19rO5,2,"['2ut4BOQSqxLpcX5MtPjzYa', '7aqfrAY2p9BUSiupwk3svU']"
Drake,3TVXtAsR1Inumwj472S9r4,Yeat,3qiHUAX7zY4Qnjx8TNUzVx,1,['2YSzYUF3jWqb9YP9VXmpjE']
Teezo Touchdown,0fGcIStdT1OpFFhOC7Wp36,Drake,3TVXtAsR1Inumwj472S9r4,1,['0Mrnt1YqVuW2bqmwu4VxDt']
Drake,3TVXtAsR1Inumwj472S9r4,Bad Bunny,4q3ewBCX7sLwd24euuV69X,1,['6ZprqcYFC6D9eIZaCoqrSn']
PARTYNEXTDOOR,2HPaUgqeutzr3jx5a9WyDV,Drake,3TVXtAsR1Inumwj472S9r4,1,['24FUBxaAYSBlWsbSnEzDcn']
Sexyy Red,3DbwFQlvLxRSi2uX8mf81A,Drake,3TVXtAsR1Inumwj472S9r4,1,['1yeB8MUNeLo9Ek1UEpsyz6']
Sexyy Red,3DbwFQlvLxRSi2uX8mf81A,SZA,7tYKF4w9nC0nq9CsPZTHyP,1,['1yeB8MUNeLo9Ek1UEpsyz6']
Chief Keef,15iVAtD3s3FsQR4w1v6M0P,Drake,3TVXtAsR1Inumwj472S9r4,1,['1PIgY9ybyFT9uWLM5POYGY']
Drake,3TVXtAsR1Inumwj472S9r4,Lil Yachty,6icQOAFXDZKsumw3YXyusw,1,['17IBDpAl3J39swaoPlfGpp']
Dani Flow,1yX62RHdYysNcIrO33WQxJ,Bellakath,4yjm4SvYqC5FFuLbB6TyHr,1,['7yIIeKUxTpn36X6CFJhgEi']
Young Miko,3qsKSpcV3ncke3hw52JSMB,Bad Bunny,4q3ewBCX7sLwd24euuV69X,1,['3nNmRE0DxHC6ZaKkrpUumS']
Mora,0Q8NcsJwoCbZOHHW63su5S,Bad Bunny,4q3ewBCX7sLwd24euuV69X,1,['4qSEvFGCpde73gqIuq3sho']
Feid,2LRoIwlKmHjgvigdNGBHNo,Bad Bunny,4q3ewBCX7sLwd24euuV69X,1,['7iQXYTyuG13aoeHxGG28Nh']
Bad Bunny,4q3ewBCX7sLwd24euuV69X,Bryant Myers,6w9ToX5slZ4uIdmD17hJ3c,1,['1YnChEM51BVZ5dRhbVFEMl']
Luar La L,4axKuDPr6WKcDCyh8vueTY,Bad Bunny,4q3ewBCX7sLwd24euuV69X,1,['01ppKlDRCmPpusO3yNrSRY']
YOVNGCHIMI,4aSlfXDn9R60UlbZEboBUy,Bad Bunny,4q3ewBCX7sLwd24euuV69X,1,['3TYOH7ta0101NYssoH5GlU']
De La Ghetto,3EiLUeyEcA6fbRPSHkG5kb,Bad Bunny,4q3ewBCX7sLwd24euuV69X,1,['1C7lXfx4Y5maVl4AgUVlHA']
De La Ghetto,3EiLUeyEcA6fbRPSHkG5kb,Arcángel,4SsVbpTthjScTS7U2hmr1X,1,['1C7lXfx4Y5maVl4AgUVlHA']
Ñengo Flow,12vb80Km0Ew53ABfJOepVz,Arcángel,4SsVbpTthjScTS7U2hmr1X,1,['1C7lXfx4Y5maVl4AgUVlHA']
Ñengo Flow,12vb80Km0Ew53ABfJOepVz,De La Ghetto,3EiLUeyEcA6fbRPSHkG5kb,1,['1C7lXfx4Y5maVl4AgUVlHA']
Travis Scott,0Y5tJX1MQlPlqiwlOH1tJY,Offset,4DdkRBBYG6Yk9Ka8tdJ9BW,1,['2Gk6fi0dqt91NKvlzGsmm7']
Offset,4DdkRBBYG6Yk9Ka8tdJ9BW,Don Toliver,4Gso3d4CscCijv0lmajZWs,1,['7kp6XhIxrvNb8BgTwLjaEx']
Anuel AA,2R21vXR83lH98kGeO99Y66,Quevedo,52iwsT98xCoGgiGntTiR7K,1,['6gMj2DzKR2PjrrbNSwcGFR']
Maluma,1r4hJ1h58CWwUQe3MxPuau,Quevedo,52iwsT98xCoGgiGntTiR7K,1,['6gMj2DzKR2PjrrbNSwcGFR']
Mambo Kingz,2T1aUibqR2QC2sINIDQOAK,Quevedo,52iwsT98xCoGgiGntTiR7K,1,['6gMj2DzKR2PjrrbNSwcGFR']
Quevedo,52iwsT98xCoGgiGntTiR7K,DJ Luian,64aJYyrXljOodnUG6jvhRD,1,['6gMj2DzKR2PjrrbNSwcGFR']
Maluma,1r4hJ1h58CWwUQe3MxPuau,Mambo Kingz,2T1aUibqR2QC2sINIDQOAK,1,['6gMj2DzKR2PjrrbNSwcGFR']
Maluma,1r4hJ1h58CWwUQe3MxPuau,DJ Luian,64aJYyrXljOodnUG6jvhRD,1,['6gMj2DzKR2PjrrbNSwcGFR']
yatashigang,2GBDI5PSiEnVoH0YnFFRLx,ZWE1HVNDXR,33rnQWadiG2aauIwIxPxfB,1,['0EqczV3o6fwksegAavIHpX']
The Kid LAROI,2tIP7SsRs7vjIcLrU85W8J,Jung Kook,6HaGTQPmzraVmaVxvz6EUc,1,['100fbGocyqbBPQkTDchi2g']
The Kid LAROI,2tIP7SsRs7vjIcLrU85W8J,Central Cee,5H4yInM5zmHqpKIoMNAx4r,1,['100fbGocyqbBPQkTDchi2g']
Central Cee,5H4yInM5zmHqpKIoMNAx4r,Jung Kook,6HaGTQPmzraVmaVxvz6EUc,1,['100fbGocyqbBPQkTDchi2g']
beabadoobee,35l9BRT7MXmM8bv2WDQiyB,Laufey,7gW0r5CkdEUMm42w9XpyZO,1,['180AbZduI6bYQIzwCHRwu9']
Código FN,4A4qYy2jK9DDN1OHV0nLkH,Gabito Ballesteros,6Sbl0NT50roqWvy746MfVf,1,['0zhymr6RqNuvp0RMIvdpdA']
League of Legends,47mIJdHORyRerp4os813jD,HEARTSTEEL,4lY2DXvRv9RPeFcUtn6PUh,1,['29WxJqIfDRMo9isV07kbJP']
HEARTSTEEL,4lY2DXvRv9RPeFcUtn6PUh,BAEKHYUN,4ufh0WuMZh6y4Dmdnklvdl,1,['29WxJqIfDRMo9isV07kbJP']
tobi lou,4T8NIfZmVY6TJFqVzN6X49,HEARTSTEEL,4lY2DXvRv9RPeFcUtn6PUh,1,['29WxJqIfDRMo9isV07kbJP']
HEARTSTEEL,4lY2DXvRv9RPeFcUtn6PUh,ØZI,7Icsejk4pdIhkq2KO5A0jD,1,['29WxJqIfDRMo9isV07kbJP']
Cal Scruby,2wcrc3fjebDRLVdtRUa3pu,HEARTSTEEL,4lY2DXvRv9RPeFcUtn6PUh,1,['29WxJqIfDRMo9isV07kbJP']
League of Legends,47mIJdHORyRerp4os813jD,BAEKHYUN,4ufh0WuMZh6y4Dmdnklvdl,1,['29WxJqIfDRMo9isV07kbJP']
League of Legends,47mIJdHORyRerp4os813jD,tobi lou,4T8NIfZmVY6TJFqVzN6X49,1,['29WxJqIfDRMo9isV07kbJP']
League of Legends,47mIJdHORyRerp4os813jD,ØZI,7Icsejk4pdIhkq2KO5A0jD,1,['29WxJqIfDRMo9isV07kbJP']
Cal Scruby,2wcrc3fjebDRLVdtRUa3pu,League of Legends,47mIJdHORyRerp4os813jD,1,['29WxJqIfDRMo9isV07kbJP']
tobi lou,4T8NIfZmVY6TJFqVzN6X49,BAEKHYUN,4ufh0WuMZh6y4Dmdnklvdl,1,['29WxJqIfDRMo9isV07kbJP']
BAEKHYUN,4ufh0WuMZh6y4Dmdnklvdl,ØZI,7Icsejk4pdIhkq2KO5A0jD,1,['29WxJqIfDRMo9isV07kbJP']
Cal Scruby,2wcrc3fjebDRLVdtRUa3pu,BAEKHYUN,4ufh0WuMZh6y4Dmdnklvdl,1,['29WxJqIfDRMo9isV07kbJP']
tobi lou,4T8NIfZmVY6TJFqVzN6X49,ØZI,7Icsejk4pdIhkq2KO5A0jD,1,['29WxJqIfDRMo9isV07kbJP']
Cal Scruby,2wcrc3fjebDRLVdtRUa3pu,tobi lou,4T8NIfZmVY6TJFqVzN6X49,1,['29WxJqIfDRMo9isV07kbJP']
Cal Scruby,2wcrc3fjebDRLVdtRUa3pu,ØZI,7Icsejk4pdIhkq2KO5A0jD,1,['29WxJqIfDRMo9isV07kbJP']
Nikhita Gandhi,3tPQOjkxO3mrYrrgkTeXgH,Anirudh Ravichander,4zCH9qm4R2DADamUHMCa6O,1,['6FahmzZYKH0zb2f9hrVsvw']
Fuerza Regida,0ys2OFYzWYB5hRDLCsBqxt,Marshmello,64KEffDW9EtZ1y2vBYgq8T,1,['6CvTEtGagmzQvkUzzyKR9k']
DJ Ws da Igrejinha,0NB5wv4kn6A919CLHUKRmk,Tropa do Bruxo,4s3lxX76LwxzMdQEAFYdzv,1,['00ZKeP47bZtswtANkvxz2j']
SMU,2qATSoNFfzMaTEZFfJpG4c,Tropa do Bruxo,4s3lxX76LwxzMdQEAFYdzv,1,['00ZKeP47bZtswtANkvxz2j']
Triz,4ACGdFl6mPI3lntaYef1gc,Tropa do Bruxo,4s3lxX76LwxzMdQEAFYdzv,1,['00ZKeP47bZtswtANkvxz2j']
Mc Menor Thalis,3qjoOrsHcxhgKyBsh4ZOEn,Tropa do Bruxo,4s3lxX76LwxzMdQEAFYdzv,1,['00ZKeP47bZtswtANkvxz2j']
DJ Ws da Igrejinha,0NB5wv4kn6A919CLHUKRmk,SMU,2qATSoNFfzMaTEZFfJpG4c,1,['00ZKeP47bZtswtANkvxz2j']
DJ Ws da Igrejinha,0NB5wv4kn6A919CLHUKRmk,Triz,4ACGdFl6mPI3lntaYef1gc,1,['00ZKeP47bZtswtANkvxz2j']
DJ Ws da Igrejinha,0NB5wv4kn6A919CLHUKRmk,Mc Menor Thalis,3qjoOrsHcxhgKyBsh4ZOEn,1,['00ZKeP47bZtswtANkvxz2j']
SMU,2qATSoNFfzMaTEZFfJpG4c,Triz,4ACGdFl6mPI3lntaYef1gc,1,['00ZKeP47bZtswtANkvxz2j']
SMU,2qATSoNFfzMaTEZFfJpG4c,Mc Menor Thalis,3qjoOrsHcxhgKyBsh4ZOEn,1,['00ZKeP47bZtswtANkvxz2j']
Mc Menor Thalis,3qjoOrsHcxhgKyBsh4ZOEn,Triz,4ACGdFl6mPI3lntaYef1gc,1,['00ZKeP47bZtswtANkvxz2j']
Taylor Swift,06HL4z0CvFAxyc27GXpf02,Kendrick Lamar,2YZyLoL8N0Wb9xBt1NhZWg,1,['6qAcApH8obo8eqatCKUHd9']
RAF Camora,0Dvx6p8JDyzeOPGmaCIH1L,Ski Aggu,6CP5wWvO8oIxedESJNCN4H,1,['5qQLBOEAelSN7JWqX3RIIv']
Bobby (Boris) Pickett,42MRYPhQfcEXqb18dl5ERX,The Crypt-Kickers,4frDtYgwXXKkbyQzjOmJG5,1,['0xxZY5C9xxij3D1HkzbnfC']
DHH Music,0hzQQfSPwlpMbuX8NtDXJb,AUR,6nzBJKAH98XFo8QPmu3TKN,1,['30gZdbnMXujDVRfl6jYrhC']
Eurythmics,0NKDgy9j66h3DLnN8qu1bB,Annie Lennox,5MspMQqdVbdwP6ax3GXqum,1,['1TfqLAPs4K3s2rJMoCokcS']
Eurythmics,0NKDgy9j66h3DLnN8qu1bB,Dave Stewart,7gcCQIlkkfbul5Mt0jBQkg,1,['1TfqLAPs4K3s2rJMoCokcS']
Annie Lennox,5MspMQqdVbdwP6ax3GXqum,Dave Stewart,7gcCQIlkkfbul5Mt0jBQkg,1,['1TfqLAPs4K3s2rJMoCokcS']
Manu,0CdnnCbbKD4oIzBmxi2o7r,Simone Mendes,2eK9gcJQ6uqVvJL63dnOM3,1,['35D06z7kmwMmYYbyJ0BkSm']
DJ Snake,540vIaP2JwjQb9dm3aArA4,Jung Kook,6HaGTQPmzraVmaVxvz6EUc,1,['0k0GtcnyQLMiXrdEDbLXmJ']
Jung Kook,6HaGTQPmzraVmaVxvz6EUc,Major Lazer,738wLrAtLtCtFOLvQBXOXp,1,['06Qo2fYR2KS1F7bL338iVT']
Emilia,0AqlFI0tz2DsEoJlKSIiT9,TINI,7vXDAI8JwjW531ouMGbfcp,1,['6Es8Sk3xe1HiJ2MXCfHHwR']
Ken Darby Singers,69UfPJgUmFFAVT740qGVZi,Bing Crosby,6ZjFtWeHP9XN7FeKSUe80S,1,['3XsaSIPWvM61RIFfeb0BBR']
Bing Crosby,6ZjFtWeHP9XN7FeKSUe80S,John Scott Trotter & His Orchestra,735L650pvygCZZlPMyHqsN,1,['3XsaSIPWvM61RIFfeb0BBR']
Ken Darby Singers,69UfPJgUmFFAVT740qGVZi,John Scott Trotter & His Orchestra,735L650pvygCZZlPMyHqsN,1,['3XsaSIPWvM61RIFfeb0BBR']
Hozier,2FXC3k01G6Gw61bmprjgqS,Noah Kahan,2RQXRUsr4IW1f3mKyKsy4B,1,['4oEf84vBYVftf6KmZexhVo']
21 Savage,1URnnhqYAYcrqrcwql10ft,JID,6U3ybJ9UHNKEdsH7ktGBZ7,1,['1udwFobQ1JoOdWPQrp2b6u']
Baby Tate,3IJ21966TwNZI24MwZHMu4,JID,6U3ybJ9UHNKEdsH7ktGBZ7,1,['1udwFobQ1JoOdWPQrp2b6u']
21 Savage,1URnnhqYAYcrqrcwql10ft,Baby Tate,3IJ21966TwNZI24MwZHMu4,1,['1udwFobQ1JoOdWPQrp2b6u']
Lazza,0jdNdfi4vAuVi7a6cPDFBM,Sfera Ebbasta,23TFHmajVfBtlRx5MXqgoz,1,['0lqGKcPzUX4RO4PYysoLes']
Sfera Ebbasta,23TFHmajVfBtlRx5MXqgoz,Shiva,2K5nCggbhSZ00YCYP5qkZS,1,['0lqGKcPzUX4RO4PYysoLes']
Lazza,0jdNdfi4vAuVi7a6cPDFBM,Shiva,2K5nCggbhSZ00YCYP5qkZS,1,['0lqGKcPzUX4RO4PYysoLes']
Sfera Ebbasta,23TFHmajVfBtlRx5MXqgoz,Geolier,27LlKWxS3KXW7RRAxN5S8s,1,['6bN41HjY008ggroMFxNLaa']
Sfera Ebbasta,23TFHmajVfBtlRx5MXqgoz,Simba La Rue,2PEMswqQspTSsAltdeF5kO,1,['6bN41HjY008ggroMFxNLaa']
Sfera Ebbasta,23TFHmajVfBtlRx5MXqgoz,Baby Gang,3LvwPiJQJ0da0GurKMToV0,1,['6bN41HjY008ggroMFxNLaa']
Geolier,27LlKWxS3KXW7RRAxN5S8s,Simba La Rue,2PEMswqQspTSsAltdeF5kO,1,['6bN41HjY008ggroMFxNLaa']
Geolier,27LlKWxS3KXW7RRAxN5S8s,Baby Gang,3LvwPiJQJ0da0GurKMToV0,1,['6bN41HjY008ggroMFxNLaa']
Simba La Rue,2PEMswqQspTSsAltdeF5kO,Baby Gang,3LvwPiJQJ0da0GurKMToV0,1,['6bN41HjY008ggroMFxNLaa']
Sfera Ebbasta,23TFHmajVfBtlRx5MXqgoz,Marracash,5AZuEF0feCXMkUCwQiQlW7,1,['05wb6MEyJeG2z1MVCIXxC8']
Sfera Ebbasta,23TFHmajVfBtlRx5MXqgoz,Elodie,7GgpsUpkj3olseoaTY7TEY,1,['5WssaPhjCCUFBMk9PpnHYj']
thasup,19i93sA0D7yS9dYoVNBqAA,Sfera Ebbasta,23TFHmajVfBtlRx5MXqgoz,1,['2mmbawJFVgPuQhdQpsHsRl']
Sfera Ebbasta,23TFHmajVfBtlRx5MXqgoz,Tony Effe,6CKch2otN4SPznHf9ms5JF,1,['2mmbawJFVgPuQhdQpsHsRl']
thasup,19i93sA0D7yS9dYoVNBqAA,Tony Effe,6CKch2otN4SPznHf9ms5JF,1,['2mmbawJFVgPuQhdQpsHsRl']
Paky,1KQJOTeIMbixtnSWY4sYs2,Sfera Ebbasta,23TFHmajVfBtlRx5MXqgoz,1,['6d7BZ0WMfu6OlgA3hIh58P']
Simone Mendes,2eK9gcJQ6uqVvJL63dnOM3,Guilherme & Benuto,6m6e7D2TnV0aYMllFFwMxu,1,['7DkhndGTKaqkFxxKN7XlAh']
Travis Scott,0Y5tJX1MQlPlqiwlOH1tJY,Tyla,3SozjO3Lat463tQICI9LcE,1,['4CljUDO1I5hpKjwSNK6RWY']
¥$,4xPQFgDA5M2xa0ZGo5iIsv,Kanye West,5K4W6rqBFWDnAN6FQUkS6x,1,['21vc2kQZMS00cAyNT82a1M']
¥$,4xPQFgDA5M2xa0ZGo5iIsv,Ty Dolla $ign,7c0XG5cIJTrrAgEC3ULPiq,1,['21vc2kQZMS00cAyNT82a1M']
Bump J,3L6bhGrHegoci41Jx2nP0V,¥$,4xPQFgDA5M2xa0ZGo5iIsv,1,['21vc2kQZMS00cAyNT82a1M']
Kanye West,5K4W6rqBFWDnAN6FQUkS6x,Ty Dolla $ign,7c0XG5cIJTrrAgEC3ULPiq,1,['21vc2kQZMS00cAyNT82a1M']
Bump J,3L6bhGrHegoci41Jx2nP0V,Kanye West,5K4W6rqBFWDnAN6FQUkS6x,1,['21vc2kQZMS00cAyNT82a1M']
Bump J,3L6bhGrHegoci41Jx2nP0V,Ty Dolla $ign,7c0XG5cIJTrrAgEC3ULPiq,1,['21vc2kQZMS00cAyNT82a1M']
Marvin Gaye,3koiLjNrgRTNbOwViDipeA,Tammi Terrell,75jNCko3SnEMI5gwGqrbb8,1,['7tqhbajSfrz2F7E1Z75ASX']
Rels B,2IMZYfNi21MGqxopj9fWx8,Kenia OS,31VFEohvhOUKrtAONEBhMG,1,['671fHUAB2n0MocazS1bMB8']
B. Swanson Quartet,0JXiS2FrAg3wQYJHcmZdrc,Frank Sinatra,1Mxqyy3pSjf8kZZL4QVxS0,1,['0SUKNXEqZnRw7g0NO139FM']
The Fontane Sisters,1Ml4OuStDoympbREURAM15,Perry Como,5v8jlSmAQfrkTjAlpUfWtu,1,['6IeK3Ap5m3HabwJxgI6eSE']
Mitchell Ayres & His Orchestra,0HS96tPggl2nwiz3gNWWI5,Perry Como,5v8jlSmAQfrkTjAlpUfWtu,1,['6IeK3Ap5m3HabwJxgI6eSE']
Mitchell Ayres & His Orchestra,0HS96tPggl2nwiz3gNWWI5,The Fontane Sisters,1Ml4OuStDoympbREURAM15,1,['6IeK3Ap5m3HabwJxgI6eSE']
Yoko Ono,2s4tjL6W3qrblOe0raIzwJ,John Lennon,4x1nvY2FN8jxqAFA0DA02H,1,['27RYrbL6S02LNVhDWVl38b']
Pusha T,0ONHkAv9pCAFxb0zJwDNTy,Kanye West,5K4W6rqBFWDnAN6FQUkS6x,1,['3DK6m7It6Pw857FcQftMds']
The Pogues,2wzMOQwNT6ZvVB4amvhFAH,Kirsty MacColl,6UlNIFEuWlBqb4TvlVCekq,1,['3VTNVsTTu05dmTsVFrmGpK']
Elton John,3PhoLpVuITZKcymswpck5b,Ed Sheeran,6eUKZXaKkcviH0Ku9w2n3V,1,['0hz5PNF2wejwUKCMpesQWt']
Manan Bhardwaj,3pQ4aA7dkolyjUAMrVScgh,Bhupinder Babbal,5bppkTlu7F930pWlNn1b1g,1,['4ApCig0GTR4IEp7Ijsyo3r']
Kelly Clarkson,3BmGtnKgCSGYIUhmivXKWX,Ariana Grande,66CXWjxzNUsdJxJ2JdwvnR,1,['2O3MQ6H3gjrIWDcpeTrikT']
Henri René and His Orchestra,0oK8UXKZbQezeRhE0KeBAV,Eartha Kitt,1AwO9pWEBSBoWdEZu28XDC,1,['1foCxQtxBweJtZmdxhEHVO']
Juice WRLD,4MCBfE4596Uoi2O4DtmEMz,Eminem,7dGJo4pcD2V6oG8kP0tJRR,2,"['3ip0jk1C5jIBYTyHNX0dWm', '7FIWs0pqAYbP91WWM0vlTQ']"
Arijit Singh,4YRxDV8wJFPHPTeXepOstw,Shreyas Puranik,5o36rLQd78Zh8CaT8rn59d,1,['3yHyiUDJdz02FZ6jfUbsmY']
Arijit Singh,4YRxDV8wJFPHPTeXepOstw,Siddharth - Garima,6k6TIai4KyKG1DeIMftSmJ,1,['3yHyiUDJdz02FZ6jfUbsmY']
Shreyas Puranik,5o36rLQd78Zh8CaT8rn59d,Siddharth - Garima,6k6TIai4KyKG1DeIMftSmJ,1,['3yHyiUDJdz02FZ6jfUbsmY']
B Praak,56SjZARoEvag3RoKWIb16j,Jaani,5gZhfbckaWo89OzDSk3gdT,1,['0YxKKO272sacGBJKjf6FnB']
Blake Shelton,1UTPBmNbXNTittyMJrNkvw,Gwen Stefani,4yiQZ8tQPux8cPriYMWUFP,1,['2OQ6a4CfUeYskpTTgyawyJ']
Feid,2LRoIwlKmHjgvigdNGBHNo,ATL Jacob,7jAs1uPnpfNmT6e5qtEPxq,1,['7bywjHOc0wSjGGbj04XbVi']
Raj Shekhar,2DFCHTDIA0t638a4mm37dK,Vishal Mishra,5wJ1H6ud777odtZl5gG507,1,['7yDHHVKLbvDmVw1XXhDDIO']
Nicki Minaj,0hCNtLu0JehylgoiP8L4Gh,Drake,3TVXtAsR1Inumwj472S9r4,1,['4I4G0LD277PWvfblYtSf91']
Peso Pluma,12GqGscKJx3aE4t07u7eVZ,Anitta,7FNnA9vBm6EKceENgCGRMb,1,['5Fohh8kl8403DSoq4KH7Ll']
Fred again..,4oLeXFyACqeem2VImYeBFe,Baby Keem,5SXuuuRpukkTvsLuUknva1,1,['7iUScoHKNJC5hqtA40vMlj']
Nicki Minaj,0hCNtLu0JehylgoiP8L4Gh,J. Cole,6l3HvQ5sa6mXTsMTB19rO5,1,['44gmXwbdHjwQsQvsiraj14']
Dj Chadin do C,1vzbmGlmb0yoO6drUgxm5C,Mc Ws da leste,5Rs4gTYf15iES8jXZqhx2L,1,['6zLBR9izBeZ1d0pfuwJgRa']
MC Cothiê,0TfWqqSFcyuhcNnp5oL83k,Mc Ws da leste,5Rs4gTYf15iES8jXZqhx2L,1,['6zLBR9izBeZ1d0pfuwJgRa']
MC Cothiê,0TfWqqSFcyuhcNnp5oL83k,Dj Chadin do C,1vzbmGlmb0yoO6drUgxm5C,1,['6zLBR9izBeZ1d0pfuwJgRa']
The Andrews Sisters,2NCGI6dLTxLdI9XHdv7QfM,Bing Crosby,6ZjFtWeHP9XN7FeKSUe80S,1,['6yzNzQxqsIY3zRsTwzLI3v']
Raghav Chaitanya,3qpyErDI4i90q5EGgSRmNK,Manoj Muntashir,4cAERazLlAzVGA10ORWaUP,1,['54PRUdMOYzglMGnsg9kIta']
Pritam,1wRPtKGflJrBx9BmLsSwlU,Raghav Chaitanya,3qpyErDI4i90q5EGgSRmNK,1,['54PRUdMOYzglMGnsg9kIta']
Pritam,1wRPtKGflJrBx9BmLsSwlU,Manoj Muntashir,4cAERazLlAzVGA10ORWaUP,1,['54PRUdMOYzglMGnsg9kIta']
Los Dareyes De La Sierra,1ZMJSCQw8DIefcLb1FIpY0,Xavi,3Me35AWHCGqW4sZ7bWWJt1,1,['4loIMejzvt11s97SGVEat8']
Juice WRLD,4MCBfE4596Uoi2O4DtmEMz,benny blanco,5CiGnKThu5ctn9pBxv7DGa,1,['3ip0jk1C5jIBYTyHNX0dWm']
benny blanco,5CiGnKThu5ctn9pBxv7DGa,Eminem,7dGJo4pcD2V6oG8kP0tJRR,1,['3ip0jk1C5jIBYTyHNX0dWm']
Ana Castela,2CKOmarVWvWqkNWUatHCex,Luan Santana,3qvcCP2J0fWi0m0uQDUf6r,1,['2IDf0IZ9dfw0uDYV2n1bJc']
Michael Bublé,1GxkXlMwML1oSg5eLPiAz3,The Puppini Sisters,1svaANJTE5KrG16fTGDqOs,1,['3nfxV3jfRcRWISwek49LTg']
Michael Bublé,1GxkXlMwML1oSg5eLPiAz3,Idina Menzel,73Np75Wv2tju61Eo9Zw4IR,1,['0Ie5uiv54KgCr7P4sYDTHl']
Brett Eldredge,0qSX3s5pJnAlSsgsCne8Cz,Meghan Trainor,6JL8zeS1NmiOftqZTRgdTz,1,['5Q2P43CJra0uRAogjHyJDK']
Mariah Carey,4iHNK0tOyZPYnBU7nGAgpQ,Ariana Grande,66CXWjxzNUsdJxJ2JdwvnR,1,['2VkuxjlbnbaBiWYpdBGVol']
Jennifer Hudson,35GL8Cu2GKTcHzKGi75xl5,Mariah Carey,4iHNK0tOyZPYnBU7nGAgpQ,1,['2VkuxjlbnbaBiWYpdBGVol']
Jennifer Hudson,35GL8Cu2GKTcHzKGi75xl5,Ariana Grande,66CXWjxzNUsdJxJ2JdwvnR,1,['2VkuxjlbnbaBiWYpdBGVol']
Ariana Grande,66CXWjxzNUsdJxJ2JdwvnR,Liz Gillies,7pLntWGInZPQxc4kXxzzjB,1,['6YJdPrH3i2POzu7hdHIRrb']
Michael Bublé,1GxkXlMwML1oSg5eLPiAz3,Shania Twain,5e4Dhzv426EvQe3aDb64jL,1,['2gbCG4Rt9984UZ7Tc0dIFd']
John Legend,5y2Xq6xcjJb2jVM54GHK3t,Stevie Wonder,7guDJrEfX3qb6FEbdPA5qi,1,['4hnzXzE7JiU5QAZFF9OUsI']
Boris Karloff,35uPgDW1J4hq6tqQ0LJcot,Thurl Ravenscroft,5LCQTpuQCzKjfv233UFQnb,1,['4qP2V09IpTct5A1ZSnr1zh']
Louis Armstrong,19eLuQmk9aCobbVDHc6eek,The Commanders,3VrWSWV74xyECVDt2zBy4T,1,['33GkcZ89Aj254FaJoFwCl9']
The Drifters,1FqqOl9itIUpXr4jZPIVoT,Clyde McPhatter,4WL6MC4jDW7w7K9hfc4MVS,1,['5ja4ZRGHfDpEJf6RxqVx3v']
Brett Eldredge,0qSX3s5pJnAlSsgsCne8Cz,Kelly Clarkson,3BmGtnKgCSGYIUhmivXKWX,1,['2CYnG4UCBBEKIiux3S0jBU']
Xavi,3Me35AWHCGqW4sZ7bWWJt1,Tony Aguirre,6twEaJ9RPRYiCmWapjG8xh,1,['1TEKUj8c5iyRNUUxo9SdSD']
Grupo Marca Registrada,1gW6pz5n1aK249L0GvfQCC,Eugenio Esquivel,5HeN1Iza4nZe03sFlonddz,1,['6ED7qim1NAX1HjNU8039WS']
Sebastian Esquivel,1tuNNda2SSH3o4lUms5K6C,Eugenio Esquivel,5HeN1Iza4nZe03sFlonddz,1,['6ED7qim1NAX1HjNU8039WS']
Los Esquivel,4ZdPHdArIbz2GSBXkozQYC,Eugenio Esquivel,5HeN1Iza4nZe03sFlonddz,1,['6ED7qim1NAX1HjNU8039WS']
Grupo Marca Registrada,1gW6pz5n1aK249L0GvfQCC,Sebastian Esquivel,1tuNNda2SSH3o4lUms5K6C,1,['6ED7qim1NAX1HjNU8039WS']
Grupo Marca Registrada,1gW6pz5n1aK249L0GvfQCC,Los Esquivel,4ZdPHdArIbz2GSBXkozQYC,1,['6ED7qim1NAX1HjNU8039WS']
Sebastian Esquivel,1tuNNda2SSH3o4lUms5K6C,Los Esquivel,4ZdPHdArIbz2GSBXkozQYC,1,['6ED7qim1NAX1HjNU8039WS']
Justin Bieber,1uNFoZAHBGtllmzznpCI3s,DJ Snake,540vIaP2JwjQb9dm3aArA4,1,['0lYBSQXN6rCTvUZvg9S0lU']
DJ F7,1L5QOwu01wcDbozwIL1XXd,JC NO BEAT,1xglv0oUbyJaycWFhyec8U,1,['00rxTS5TKv3oXpDA6nWfBi']
JC NO BEAT,1xglv0oUbyJaycWFhyec8U,MC Meno Dani,3LqcLDGw41dRZKsM51H9GI,1,['00rxTS5TKv3oXpDA6nWfBi']
JC NO BEAT,1xglv0oUbyJaycWFhyec8U,Silva Mc,7v4hw85pzG0M9kJHlBGsi3,1,['00rxTS5TKv3oXpDA6nWfBi']
DJ F7,1L5QOwu01wcDbozwIL1XXd,MC Meno Dani,3LqcLDGw41dRZKsM51H9GI,1,['00rxTS5TKv3oXpDA6nWfBi']
DJ F7,1L5QOwu01wcDbozwIL1XXd,Silva Mc,7v4hw85pzG0M9kJHlBGsi3,1,['00rxTS5TKv3oXpDA6nWfBi']
MC Meno Dani,3LqcLDGw41dRZKsM51H9GI,Silva Mc,7v4hw85pzG0M9kJHlBGsi3,1,['00rxTS5TKv3oXpDA6nWfBi']
Peso Pluma,12GqGscKJx3aE4t07u7eVZ,Oscar Maydon,3l9G1G9MxH6DaRhwLklaf5,1,['2OWv3lRR8PtOVuHWzQNRs2']
V,3JsHnjpbhX4SnySpvpa9DK,UMI,4ClziihVpBeFXNyDH83Lde,1,['0cGpKQ8RxxLOFqhktEURIj']
Yeri Mua,2Atk4SWx7daQtItQBa735M,Uzielito Mix,7wgrXbrp9RJQMri26GZgyH,1,['1Aa54YEL20kiDPI6f4XGdS']
El Jordan 23,1fIJZfSmqQkuqfKNRmrS1V,Uzielito Mix,7wgrXbrp9RJQMri26GZgyH,1,['1Aa54YEL20kiDPI6f4XGdS']
Dj Kiire,1jwYIyylx1XF15nbiPtLdu,Uzielito Mix,7wgrXbrp9RJQMri26GZgyH,1,['1Aa54YEL20kiDPI6f4XGdS']
El Jordan 23,1fIJZfSmqQkuqfKNRmrS1V,Yeri Mua,2Atk4SWx7daQtItQBa735M,1,['1Aa54YEL20kiDPI6f4XGdS']
Dj Kiire,1jwYIyylx1XF15nbiPtLdu,Yeri Mua,2Atk4SWx7daQtItQBa735M,1,['1Aa54YEL20kiDPI6f4XGdS']
El Jordan 23,1fIJZfSmqQkuqfKNRmrS1V,Dj Kiire,1jwYIyylx1XF15nbiPtLdu,1,['1Aa54YEL20kiDPI6f4XGdS']
JAY-Z,3nFkdlSjzX9mRTtwJOzDYB,Beyoncé,6vWDO969PvNqNYHIOW5v0m,1,['0TwBtDAWpkpM3srywFVOV5']
Kid Cudi,0fA0VVWsXO9YnASrzqfmYu,David Guetta,1Cs0zKBU1kc0i8ypK3B9ai,1,['0Xh6R6XLoTDRBYriQRgkHj']
Norma Jean Martine,2fsk4VlJdNF6G8cCMDrrzB,Ofenbach,4AKwRarlmsUlLjIwt38NLw,1,['3bK1zVFBKIzYjmptmI4NsJ']
USHER,23zg3TcAtWQy7J6upgbUnj,Lil Jon,7sfl4Xt5KmfyDs2T3SVSMK,1,['5rb9QrpfcKFHM1EUbSIurX']
USHER,23zg3TcAtWQy7J6upgbUnj,Ludacris,3ipn9JLAPI5GUEo4y4jcoi,1,['5rb9QrpfcKFHM1EUbSIurX']
Ludacris,3ipn9JLAPI5GUEo4y4jcoi,Lil Jon,7sfl4Xt5KmfyDs2T3SVSMK,1,['5rb9QrpfcKFHM1EUbSIurX']
Nelly Furtado,2jw70GZXlAI8QzWeY2bgRc,Timbaland,5Y5TRrQiqgUO4S36tzjIRZ,1,['2gam98EZKrF9XuOkU13ApN']
David Guetta,1Cs0zKBU1kc0i8ypK3B9ai,Sia,5WUlDfRSoLAfcVSX1WnrxN,1,['0lHAMNU8RGiIObScrsRgmP']
Nicki Minaj,0hCNtLu0JehylgoiP8L4Gh,Justin Bieber,1uNFoZAHBGtllmzznpCI3s,1,['6QFCMUUq1T2Vf5sFUXcuQ7']
SZA,7tYKF4w9nC0nq9CsPZTHyP,,,0,[]
Harry Styles,6KImCVD70vtIoJWnq6nGn3,,,0,[]
Manuel Turizo,0tmwSHipWxN12fsoLcFU3B,,,0,[]
Bad Bunny,4q3ewBCX7sLwd24euuV69X,,,0,[]
Taylor Swift,06HL4z0CvFAxyc27GXpf02,,,0,[]
ROSALÍA,7ltDVBr6mKbRvohxheJ9h1,,,0,[]
Meghan Trainor,6JL8zeS1NmiOftqZTRgdTz,,,0,[]
OneRepublic,5Pwc4xIPtQLFEnJriah9YJ,,,0,[]
JVKE,164Uj4eKjl6zTBKfJLFKKK,,,0,[]
Tom Odell,2txHhyCwHjUEpJjWrEyqyX,,,0,[]
Beyoncé,6vWDO969PvNqNYHIOW5v0m,,,0,[]
King,5NHm4TU5Twz7owibYxJfFU,,,0,[]
The Weeknd,1Xyo4u8uXC1ZmMpatF05PJ,,,0,[]
Glass Animals,4yvcSjfu4PC0CYQyLy4wSq,,,0,[]
d4vd,5y8tKLUfMvliMe8IKamR32,,,0,[]
Lady Gaga,1HY2Jd0NmPuamShAr6KMms,,,0,[]
Chris Brown,7bXgB6jMjp9ATFy66eO08Z,,,0,[]
Eminem,7dGJo4pcD2V6oG8kP0tJRR,,,0,[]
Central Cee,5H4yInM5zmHqpKIoMNAx4r,,,0,[]
Steve Lacy,57vWImR43h4CaDao012Ofp,,,0,[]
Arctic Monkeys,7Ln80lUS6He07XvHI8qqHH,,,0,[]
Grupo Frontera,6XkjpgcEsYab502Vr1bBeW,,,0,[]
NewJeans,6HvZYsbFfjnjFrWF950C9d,,,0,[]
The Neighbourhood,77SW9BnxLY8rJ0RciFqkHh,,,0,[]
Lil Uzi Vert,4O15NlyKLIASxsJ0PrXPfz,,,0,[]
Rosa Linn,46xBNx0j6cwY6sD9LgMTm1,,,0,[]
Feid,2LRoIwlKmHjgvigdNGBHNo,,,0,[]
Lizzo,56oDRnqbIiwx4mymNEv7dS,,,0,[]
Bellakath,4yjm4SvYqC5FFuLbB6TyHr,,,0,[]
Imagine Dragons,53XhwfbYqKCa1cC15pYq2q,,,0,[]
Joji,3MZsBdqDrRTJihTHQrO6Dq,,,0,[]
KAROL G,790FomKkXshlbRYZFtlgla,,,0,[]
Farruko,329e4yvIujISKGKz1BZZbO,,,0,[]
Stephen Sanchez,5XKFrudbV4IiuE5WuTPRmT,,,0,[]
Kate Bush,1aSxMhuvixZ8h9dK9jIDwL,,,0,[]
Black Eyed Peas,1yxSLGMDHlW21z4YXirZDS,,,0,[]
Quevedo,52iwsT98xCoGgiGntTiR7K,,,0,[]
Miguel,360IAlyVv4PCEVjgyMZrxK,,,0,[]
Ruth B.,2WzaAvm2bBCf4pEhyuDgCY,,,0,[]
Fujii Kaze,6bDWAcdtVR3WHz2xtiIPUi,,,0,[]
LE SSERAFIM,4SpbR6yFEvexJuaBpgAU5p,,,0,[]
Rema,46pWGuE3dSwY3bMMXGBvVS,,,0,[]
BLACKPINK,41MozSoPIsD1dJM0CLPjZF,,,0,[]
ABBA,0LcJLqbBmaGUft1e9Mm8HV,,,0,[]
Whitney Houston,6XpaIBNiVzIetEPCWDvAFP,,,0,[]
Nicki Minaj,0hCNtLu0JehylgoiP8L4Gh,,,0,[]
Kadu Martins,57VQCKnZ9nhS7bvoviXuZK,,,0,[]
Coldplay,4gzpq5DPGxSnKTe4SA8HAU,,,0,[]
The Killers,0C0XlULifJtAgn6ZNCW2eu,,,0,[]
Kordhell,2W6WP4pHQTFlbr2z9S4n54,,,0,[]
ThxSoMch,4MvZhE1iuzttcoyepkpfdF,,,0,[]
Marília Mendonça,1yR65psqiazQpeM79CcGh8,,,0,[]
50 Cent,3q7HBObVc0L8jNeTe5Gofh,,,0,[]
Ed Sheeran,6eUKZXaKkcviH0Ku9w2n3V,,,0,[]
INTERWORLD,5hKGLu4Ik88FzWcTPhWNTN,,,0,[]
Miley Cyrus,5YGY8feqx7naU7z4HrwZM6,,,0,[]
J. Cole,6l3HvQ5sa6mXTsMTB19rO5,,,0,[]
Lil Nas X,7jVv8c5Fj3E9VhNjxT4snq,,,0,[]
Doja Cat,5cj0lLjcoR7YOSnhnX0Po5,,,0,[]
Eden Muñoz,1gJdf4Yybu4X5A2xYV3NMV,,,0,[]
Zach Bryan,40ZNYROS4zLfyyBSs2PGe2,,,0,[]
Beach House,56ZTgzPBDge0OvCGgMO3OY,,,0,[]
Cigarettes After Sex,1QAJqy2dA3ihHBFIHRphZj,,,0,[]
Tory Lanez,2jku7tDXc6XoB6MO2hFuqg,,,0,[]
Jack Harlow,2LIk90788K0zvyj2JJVwkJ,,,0,[]
Tears For Fears,4bthk9UfsYUYdcFyqxmSUU,,,0,[]
Queen,1dfeR4HaWDbWqFHLkxsg1d,,,0,[]
Felipe e Rodrigo,7gZu6kPnY9enEi5FvgTO4F,,,0,[]
Olivia Rodrigo,1McMsnEElThX1knmY4oliG,,,0,[]
Justin Bieber,1uNFoZAHBGtllmzznpCI3s,,,0,[]
The Walters,027TpXKGwdXP7iwbjUSpV8,,,0,[]
Sia,5WUlDfRSoLAfcVSX1WnrxN,,,0,[]
a-ha,2jzc5TC5TVFLXQlBNiIUzE,,,0,[]
Conan Gray,4Uc8Dsxct0oMqx0P6i60ea,,,0,[]
Beach Weather,7I3bkknknQkIiatWiupQgD,,,0,[]
Avicii,1vCWHaC5f2uS3yhpwWbIA6,,,0,[]
One Direction,4AK6F7OLvEQ5QYCBNiQWHq,,,0,[]
XXXTENTACION,15UsOTVnJzReFVN1VCnxy4,,,0,[]
Adele,4dpARuHxo51G3z768sgnrY,,,0,[]
Rihanna,5pKCCKE2ajJHZ9KAiaK11H,,,0,[]
Dua Lipa,6M2wZ9GZgrQXHCFfjv46we,,,0,[]
Vance Joy,10exVja0key0uqUkk6LJRT,,,0,[]
Elley Duhé,67MNhiAICFY6Pwc2YxCO0K,,,0,[]
Michael Jackson,3fMbdgg4jU18AjLCKBhRSm,,,0,[]
Aerosmith,7Ey4PD4MYsKc5I2dolUwbH,,,0,[]
Carin Leon,66ihevNkSYNzRAl44dx6jJ,,,0,[]
New West,69bG9tC62d8oTFC9aTTosn,,,0,[]
The Police,5NGO30tJxFlKixkPSgXcFE,,,0,[]
Lewis Capaldi,4GNC7GD6oZMSxPGyXy4MNB,,,0,[]
Bruno Mars,0du5cEVh5yTK9QJze8zA0C,,,0,[]
Cris Mj,1Yj5Xey7kTwvZla8sqdsdE,,,0,[]
Journey,0rvjqX7ttXeg3mTy8Xscbt,,,0,[]
Hotel Ugly,35WVTyRnKAoaGExqgktVyb,,,0,[]
Dean Lewis,3QSQFmccmX81fWCUSPTS7y,,,0,[]
Lana Del Rey,00FQb4jTyendYWaN8pK0wa,,,0,[]
Mr.Kitty,0pWwt5vGNzezEhfAcc420Y,,,0,[]
Billie Eilish,6qqNVTkY8uBg9cP3Jd7DAH,,,0,[]
Seafret,4Ly0KABsxlx4fNj63zJTrF,,,0,[]
Keane,53A0W3U0s8diEn9RhXQhVz,,,0,[]
Freddie Dredd,0dlDsD7y6ccmDm8tuWCU6F,,,0,[]
Kenshi Yonezu,1snhtMLeb2DYoMOcVbb8iB,,,0,[]
Sam Smith,2wY79sveU1sp5g7SokKOiI,,,0,[]
Omar Apollo,5FxD8fkQZ6KcsSYupDVoSO,,,0,[]
Hozier,2FXC3k01G6Gw61bmprjgqS,,,0,[]
James Arthur,4IWBUUAFIplrNtaOHcJPRM,,,0,[]
Cian Ducrot,49jTY62Cpw3RYo4dLuG43W,,,0,[]
PinkPantheress,78rUTD7y6Cy67W1RVzYs7t,,,0,[]
Saint Levant,5ZZsFnpO7frU8h5xH1wtjT,,,0,[]
Mac DeMarco,3Sz7ZnJQBIHsXLUSo0OQtM,,,0,[]
Lord Huron,6ltzsmQQbmdoHHbLZ4ZN25,,,0,[]
Rels B,2IMZYfNi21MGqxopj9fWx8,,,0,[]
Libianca,7kjSuFGKhLm8b5qXoMhRkJ,,,0,[]
Isabel LaRosa,5arKwJZEvT5uKq4o0JfqR4,,,0,[]
Sabrina Carpenter,74KM79TiuVKeVCqs8QtB0B,,,0,[]
LonelyEve,1PVih0Ygfa7Kk2Y2jrf1kZ,,,0,[]
Maroon 5,04gDigrS5kc9YWfZHwBETP,,,0,[]
Cults,3Oim8XBPbznAa8Jj8QzNc8,,,0,[]
Coi Leray,6AMd49uBDJfhf30Ak2QR5s,,,0,[]
TWICE,7n2Ycct7Beij7Dj7meI4X0,,,0,[]
Måneskin,0lAWpj5szCSwM4rUMHYmrr,,,0,[]
La Maquinaria Norteña,7uGhSk7fVURjDaiXW1FSbL,,,0,[]
Baby Tate,3IJ21966TwNZI24MwZHMu4,,,0,[]
Kali Uchis,1U1el3k54VvEUzo3ybLPlM,,,0,[]
TOMORROW X TOGETHER,0ghlgldX5Dd6720Q3qFyQB,,,0,[]
The Kid LAROI,2tIP7SsRs7vjIcLrU85W8J,,,0,[]
Lil Yachty,6icQOAFXDZKsumw3YXyusw,,,0,[]
Morgan Wallen,4oUHIQIBe0LHzYfvXNW4QM,,,0,[]
Léo Santana,7KVJCU4z5L4EUHILL8aMxR,,,0,[]
P!nk,1KCSPY1glIKqW2TotWuXOR,,,0,[]
Kaifi Khalil,1n9EM0Y4A89vuRiA93gSS9,,,0,[]
WIU,3MrDVzg7ZXaYMyQmbDInr7,,,0,[]
Mahalini,3wOsYKZM0zcKNasi3I7fP4,,,0,[]
Ayra Starr,3ZpEKRjHaHANcpk10u6Ntq,,,0,[]
Marco Mengoni,3xGlLcG9CUrs5MvFkSLOS5,,,0,[]
Mr.Rain,59MLbXG0jLVwJup3KAd6m1,,,0,[]
Lazza,0jdNdfi4vAuVi7a6cPDFBM,,,0,[]
Madame,1vgQksyJ0IVz8y9XerEOy3,,,0,[]
Linkin Park,6XyY86QOPPrYVGvF9ch6wz,,,0,[]
Luke Combs,718COspgdWOnwOFpJHRZHS,,,0,[]
Zé Felipe,7cmuxPnXRJxwuYDHfbD8Eu,,,0,[]
Paramore,74XFHRwlV6OrjEM0A2NCMF,,,0,[]
Yng Lvcas,1NNRWkhwmcXRimFYSBpB1y,,,0,[]
Maiara & Maraisa,59jlthNnbmim5l9tmNA7se,,,0,[]
ogu,0PSLP8C3n2b0pFYGjURLcm,,,0,[]
Chino Pacas,2rmkQLzj0k4nZdQehOUByO,,,0,[]
John Legend,5y2Xq6xcjJb2jVM54GHK3t,,,0,[]
Lizzy McAlpine,1GmsPCcpKgF9OhlNXjOsbS,,,0,[]
beabadoobee,35l9BRT7MXmM8bv2WDQiyB,,,0,[]
Mae Stephens,311uEW9rt5g2NmzjGEKS2E,,,0,[]
Niall Horan,1Hsdzj7Dlq2I7tHP7501T4,,,0,[]
NF,6fOMl44jA4Sp5b9PpYCkzz,,,0,[]
TINI,7vXDAI8JwjW531ouMGbfcp,,,0,[]
Duki,1bAftSH8umNcGZ0uyV7LMg,,,0,[]
Gusttavo Lima,7MiDcPa6UiV3In7lIM71IN,,,0,[]
Henrique & Juliano,3p7PcrEHaaKLJnPUGOtRlT,,,0,[]
Raim Laode,5LcNPa8f8bRmZqELgoRFkN,,,0,[]
Superstar Pride,3FBEsNyIwRnOHOf1Rv3SLa,,,0,[]
Yeat,3qiHUAX7zY4Qnjx8TNUzVx,,,0,[]
Halsey,26VFTg2z8YR0cCuwLzESi2,,,0,[]
Peso Pluma,12GqGscKJx3aE4t07u7eVZ,,,0,[]
Kenia OS,31VFEohvhOUKrtAONEBhMG,,,0,[]
Jimin,1oSPZhvZMIrWW5I41kPkkY,,,0,[]
Ice Spice,3LZZPxNDGDFVSIPqf4JuEf,,,0,[]
Zé Neto & Cristiano,487N2T9nIPEHrlTZLL3SQs,,,0,[]
Young Miko,3qsKSpcV3ncke3hw52JSMB,,,0,[]
Loreen,49aaHxvAJ0tCh0F15OnwIl,,,0,[]
TV Girl,0Y6dVaC9DZtPNH4591M42W,,,0,[]
FIFTY FIFTY,4GJ6xDCF5jaUqD6avOuQT6,,,0,[]
Melanie Martinez,63yrD80RY3RNEM2YDpUpO8,,,0,[]
Eladio Carrion,5XJDexmWFLWOkjOEjOVX3e,,,0,[]
Roar,7dIpKWlEeAljA20vFJ82RD,,,0,[]
Juice WRLD,4MCBfE4596Uoi2O4DtmEMz,,,0,[]
KAI,6iVo62B0bdTknRcrktCmak,,,0,[]
Tyler The Creator,4V8LLVI7PbaPR0K2TGSxFF,,,0,[]
IVE,6RHTUrRF63xao58xh9FXYJ,,,0,[]
JISOO,6UZ0ba50XreR4TM8u322gs,,,0,[]
NLE Choppa,0ErzCpIMyLcjPiwT4elrtZ,,,0,[]
Nirvana,6olE6TJLqED3rqDCT0FyPh,,,0,[]
Drake,3TVXtAsR1Inumwj472S9r4,,,0,[]
Labrinth,2feDdbD5araYcm6JhFHHw7,,,0,[]
Aitana,7eLcDZDYHXZCebtQmVFL25,,,0,[]
Jack Black,0qpMYTgbXRi1ZcX6vend3T,,,0,[]
Frank Ocean,2h93pZq0e7k5yf4dywlkpM,,,0,[]
David Kushner,33NVpKoXjItPwUJTMZIOiY,,,0,[]
Post Malone,246dkjvS1zLTtiykXe5h60,,,0,[]
YOASOBI,64tJ2EAv1R6UaZqc4iOCyj,,,0,[]
Daniel Caesar,20wkVLutqVOYrc0kxFs7rA,,,0,[]
Agust D,5RmQ8k4l3HZ8JoPb4mNsML,,,0,[]
Simone Mendes,2eK9gcJQ6uqVvJL63dnOM3,,,0,[]
SEVENTEEN,7nqOGRxlXj7N2JYbgNEjYH,,,0,[]
SAIKO,2O8vbr4RYPpk6MRA4fio7u,,,0,[]
Master CC,0hLvG56rSXh785IbjYpuRQ,,,0,[]
sped up 8282,1c0ChJZVluriMPwFrTAmly,,,0,[]
Anggi Marito,1JvbNeV9zG9Sew1JyaWsyx,,,0,[]
Byron Bahamonde,1KPfaymzGJ7QvhIUEdsBmg,,,0,[]
Bring Me The Horizon,1Ffb6ejR6Fe5IamqA5oRUF,,,0,[]
Lil Baby,5f7VJjfbwm532GiveGC0ZK,,,0,[]
LISA,5L1lO4eRHmJ7a0Q6csE5cT,,,0,[]
Radiohead,4Z8W4fKeB5YxbusRsdQVPb,,,0,[]
Florence + The Machine,1moxjboGR7GNWYIMWsRjgG,,,0,[]
aespa,6YVMFz59CuY7ngCxTxjpxE,,,0,[]
Kaliii,1YRqgFNXqRyMDRr8ClS1NL,,,0,[]
Lil Mabu,6FAo7ORAHEzSSf5q10LLfN,,,0,[]
BTS,3Nrfpe0tUJi4K4DXYWgMUX,,,0,[]
Shakira,0EmeFodog0BfCgMzAIvKQp,,,0,[]
Käärijä,6LkMGN0t3HDNL8hIvma70r,,,0,[]
Chencho Corleone,37230BxxYs9ksS7OkZw3IU,,,0,[]
Natanael Cano,0elWFr7TW8piilVRYJUe4P,,,0,[]
Alessandra,35HMF6Y8dSzNfeJs3X65fw,,,0,[]
Noa Kirel,1wak0ZG1LUrZPYx8RDTQoD,,,0,[]
(G)I-DLE,2AfmfGFbe0A0WsTYm0SDTx,,,0,[]
Fuerza Regida,0ys2OFYzWYB5hRDLCsBqxt,,,0,[]
Creedence Clearwater Revival,3IYUhFvPQItj6xySrBmZkd,,,0,[]
ENHYPEN,5t5FqBwTcgKTaWmfEbwQY9,,,0,[]
Tina Turner,1zuJe6b1roixEKMOtyrEak,,,0,[]
Eros Ramazzotti,61J0BktHv7PuP3tjTPYXSX,,,0,[]
Lil Durk,3hcs9uc56yIGFCSy9leWe7,,,0,[]
Kanye West,5K4W6rqBFWDnAN6FQUkS6x,,,0,[]
Plan B,2jSGzJw0ebJLu7OLVSOcBP,,,0,[]
Alec Benjamin,5IH6FPUwQTxPSXurCrcIov,,,0,[]
Stray Kids,2dIgFjalVxs4ThymZ67YCE,,,0,[]
Riad Mostan,4VdulkBQfNtA4VtPjpImaS,,,0,[]
Doechii,4E2rKHVDssGJm2SCDOMMJB,,,0,[]
Jain,2HHmvvSQ44ePDH7IKVzgK0,,,0,[]
Dominic Fike,6USv9qhCn6zfxlBQIYJ9qs,,,0,[]
Noah Kahan,2RQXRUsr4IW1f3mKyKsy4B,,,0,[]
Tiësto,2o5jDhtHVPhrJdv3cEQ99Z,,,0,[]
Gunna,2hlmm7s2ICUX0LVIhVFlZQ,,,0,[]
Peggy Gou,2mLA48B366zkELXYx7hcDN,,,0,[]
YNW Melly,1cNDP5yjU5vjeR8qMf4grg,,,0,[]
Daddy Yankee,4VMYDCV2IEDYJArk749S6m,,,0,[]
Anitta,7FNnA9vBm6EKceENgCGRMb,,,0,[]
Young Thug,50co4Is1HCEo8bhOyUWKpn,,,0,[]
Maria Becerra,1DxLCyH42yaHKGK3cl5bvG,,,0,[]
Shubh,5r3wPya2PpeTTsXsGhQU8O,,,0,[]
S3BZS,6zFMFB1JvNHkHvCSudF4id,,,0,[]
Myke Towers,7iK8PXO48WeuP03g8YR51W,,,0,[]
Dyamante DJ,3i7Bn2SoEkRVEGkdz9o6Yu,,,0,[]
Jung Kook,6HaGTQPmzraVmaVxvz6EUc,,,0,[]
Emir Can İğrek,4XP7cGw4t8BqZ8Du5q3bHg,,,0,[]
Katy Perry,6jJ0s89eD6GaHleKKya26X,,,0,[]
Bruce Springsteen,3eqjTLE0HfPfh78zjh6TqT,,,0,[]
Twenty One Pilots,3YQKmKGau1PzlVlkL1iodx,,,0,[]
Darshan Raval,2GoeZ0qOTt6kjsWW4eA6LS,,,0,[]
Troye Sivan,3WGpXCj9YhhfX11TToZcXP,,,0,[]
Ana Castela,2CKOmarVWvWqkNWUatHCex,,,0,[]
Jason Aldean,3FfvYsEGaIb52QPXhg4DcH,,,0,[]
ZAYN,5ZsFI1h6hIdQRw2ti0hz81,,,0,[]
Aqua,6kBjAFKyd0he7LiA5GQ3Gz,,,0,[]
Charli xcx,25uiPmTg16RbhZWAqwLBy5,,,0,[]
Laufey,7gW0r5CkdEUMm42w9XpyZO,,,0,[]
Ryan Gosling,6kXm2YCtdUOpRYNKeKhfue,,,0,[]
Travis Scott,0Y5tJX1MQlPlqiwlOH1tJY,,,0,[]
Sinéad O'Connor,4sD9znwiVFx9cgRPZ42aQ1,,,0,[]
Ghea Indrawari,3qL7BzwJOXq3EzAio36aLX,,,0,[]
The Goo Goo Dolls,2sil8z5kiy4r76CRTXxBCA,,,0,[]
V,3JsHnjpbhX4SnySpvpa9DK,,,0,[]
JHAYCO,6nVcHLIgY5pE2YCl8ubca1,,,0,[]
Felipe Amorim,3CIIaeZuFYrAD6PRVyuO4U,,,0,[]
Oliver Anthony Music,6IkfE2JyVoKwBZXvuytKX3,,,0,[]
AP Dhillon,6LEG9Ld1aLImEFEVHdWNSB,,,0,[]
j-hope,0b1sIQumIAsNbqAoIClSpy,,,0,[]
Fleetwood Mac,08GQAI4eElDnROBrJRGE0X,,,0,[]
Selena Gomez,0C8ZW7ezQVs4URX5aX7Kqx,,,0,[]
Benson Boone,22wbnEMDvgVIAGdFeek6ET,,,0,[]
Mora,0Q8NcsJwoCbZOHHW63su5S,,,0,[]
Juliette,5coW9ioCpvEYGx4v1nvWec,,,0,[]
Luísa Sonza,4PzYKhC14sTJNEr0dzoo0d,,,0,[]
Kenya Grace,7uMDnSZyUYNBPLhPMNuaM2,,,0,[]
Jimmy Buffett,28AyklUmMECPwdfo8NEsV0,,,0,[]
SAMUKA,3wGtjtHSh7D31VZV9wPupB,,,0,[]
Tate McRae,45dkTj5sMRSjrmBSBeiHym,,,0,[]
BENNETT,1r43wW70tnGUauQYvY5w48,,,0,[]
Mitski,2uYWxilOVlUdk4oV9DvwqK,,,0,[]
Tyla,3SozjO3Lat463tQICI9LcE,,,0,[]
Brent Faiyaz,3tlXnStJ1fFhdScmQeLpuG,,,0,[]
Earth Wind & Fire,4QQgXkCYTt3BlENzhyNETg,,,0,[]
blink-182,6FBDaR13swtiWwGhX1WQsP,,,0,[]
Lil Tecca,4Ga1P7PMIsmqEZqhYZQgDo,,,0,[]
iñigo quintero,0jbo7KFNMiIkfBR6ih0yhm,,,0,[]
Passenger,0gadJ2b9A4SKsB1RFkBb66,,,0,[]
girl in red,3uwAm6vQy7kWPS2bciKWx9,,,0,[]
SUICIDAL-IDOL,6KOszWgIriJLaPOySuBOTI,,,0,[]
JENNIE,250b0Wlc5Vk0CoUsaCY84M,,,0,[]
Junior H,7Gi6gjaWy3DxyilpF1a8Is,,,0,[]
juan karlos,0a4r2EnsevvHCukoJ1xFwJ,,,0,[]
Darell,1TtXnWcUs0FCkaZDPGYHdf,,,0,[]
AUR,2cjQTf2J5yCaNY8qHpW855,,,0,[]
LightSound,5I6QhIabOiR6FtNY3VtSKh,,,0,[]
Nadhif Basalamah,6UgERnTHmjk3qXM9x5vzyO,,,0,[]
Anirudh Ravichander,4zCH9qm4R2DADamUHMCa6O,,,0,[]
Shawn Mendes,7n2wHs1TKAczGzO7Dd2rGr,,,0,[]
Kim Loaiza,1QivQCLVipV61DiQiyV14A,,,0,[]
Disney Characters,6utdPEv71mR0DnGp74cJIz,,,0,[]
Ray Parker Jr.,0NyzfcGDZZ6GM25EBG9BYK,,,0,[]
Rockwell,3xs0LEzcPXtgNfMNcHzLIP,,,0,[]
Andrew Gold,5fmvGUlMVgmnCn45f1he7d,,,0,[]
The Living Tombstone,0I6yADrmeyvw66g7yjkqIF,,,0,[]
Ava Max,4npEfmQ6YuiwW1GpUmaq3F,,,0,[]
Evanescence,5nGIFgo0shDenQYSE0Sn7c,,,0,[]
The Cranberries,7t0rwkOPGlDPEhaOcVtOt9,,,0,[]
Britney Spears,26dSoYclwsYLMAKD3tpOr4,,,0,[]
Mariah Carey,4iHNK0tOyZPYnBU7nGAgpQ,,,0,[]
Wham!,5lpH0xAS4fVfLkACg9DAuM,,,0,[]
The Beatles,3WrFJ7ztbogyGnTHbHJFl2,,,0,[]
Charlie Puth,6VuMaDnrHyPL1p4EHjYLi7,,,0,[]
Rauw Alejandro,1mcTU81TzQhprhouKaTkpq,,,0,[]
Teddy Swims,33qOK5uJ8AR2xuQQAhHump,,,0,[]
Bobby Helms,38EmEgXkgK51MT2tPY0EoC,,,0,[]
Ariana Grande,66CXWjxzNUsdJxJ2JdwvnR,,,0,[]
Brenda Lee,4cPHsZM98sKzmV26wlwD2W,,,0,[]
Michael Bublé,1GxkXlMwML1oSg5eLPiAz3,,,0,[]
Sfera Ebbasta,23TFHmajVfBtlRx5MXqgoz,,,0,[]
Andy Williams,4sj6D0zlMOl25nprDJBiU9,,,0,[]
Dean Martin,49e4v89VmlDcFCMyDv9wQ9,,,0,[]
Kelly Clarkson,3BmGtnKgCSGYIUhmivXKWX,,,0,[]
Xavi,3Me35AWHCGqW4sZ7bWWJt1,,,0,[]
José Feliciano,7K78lVZ8XzkjfRSI7570FF,,,0,[]
The Ronettes,7CyeXFnOrfC1N6z4naIpgo,,,0,[]
Lukas Graham,25u4wHJWxCA9vO0CzxAbK7,,,0,[]
Burl Ives,0MHgLfmQdutffmvWe5XBTN,,,0,[]
Nat King Cole,7v4imS0moSyGdXyLgVTIV7,,,0,[]
YAKARY,6cpOyiEibAAlRlUF4Kk3vI,,,0,[]
Shakin' Stevens,0wi4yTYlGtEnbGo4ltZTib,,,0,[]
Frank Sinatra,1Mxqyy3pSjf8kZZL4QVxS0,,,0,[]
Paul McCartney,4STHEaNw4mPZ2tzheohgXB,,,0,[]
Darlene Love,391oLRVmoTkumiN79HkTWu,,,0,[]
Elvis Presley,43ZHCT0cAZBISjO8DG9PnE,,,0,[]
Chris Rea,5KEG7G8LDYlHgFDqZyEEs2,,,0,[]
Band Aid,35S20clEkkSNUo23ViaslZ,,,0,[]
PARTYNEXTDOOR,2HPaUgqeutzr3jx5a9WyDV,,,0,[]
Chuck Berry,293zczrfYafIItmnmM3coR,,,0,[]
Pentatonix,26AHtbjWKiwYzsoGoUZq53,,,0,[]
Eagles,0ECwFtbIWEVNwjlrfc6xoL,,,0,[]
The Beach Boys,3oDbviiivRWhXwIE8hxkVV,,,0,[]
Jonas Brothers,7gOdHgIoIKoe4i9Tta6qdD,,,0,[]
The Jackson 5,2iE18Oxc8YSumAU232n4rW,,,0,[]
Daryl Hall & John Oates,77tT1kLj6mCWtFNqiOmP9H,,,0,[]
Elton John,3PhoLpVuITZKcymswpck5b,,,0,[]
Donny Hathaway,0HU0U9kdXEHZVxUNbuQe8S,,,0,[]
John Williams,3dRfiJ2650SZu6GbydcHNb,,,0,[]
Gene Autry,5ixB75BQR3ADoWQkcHQJTs,,,0,[]
Cher,72OaDtakiy6yFqkt4TsiFt,,,0,[]
Lauana Prado,6TYimByryGphZCtwYopH0y,,,0,[]
Leona Lewis,5lKZWd6HiSCLfnDGrq9RAm,,,0,[]
*NSYNC,6Ff53KvcvAj5U7Z1vojB5o,,,0,[]
Stevie Wonder,7guDJrEfX3qb6FEbdPA5qi,,,0,[]
Vince Guaraldi Trio,4ytkhMSAnrDP8XzRNlw9FS,,,0,[]
Ella Fitzgerald,5V0MlUE1Bft0mbLlND7FJz,,,0,[]
Train,3FUY2gzHeIiaesXtOAdB7A,,,0,[]
Wizzard,7823Dim2TzjiQQ9wRQxyi9,,,0,[]
Gayla Peevey,1suIIDedjFJRuu8k7b55hZ,,,0,[]
Melanie Thornton,2apYMRrg5FxN4go0pfsCvf,,,0,[]
Slade,10n5lhNDoSMUHWLlnST1yw,,,0,[]
Bing Crosby,6ZjFtWeHP9XN7FeKSUe80S,,,0,[]
Tony Bennett,2lolQgalUvZDfp5vvVtTYV,,,0,[]
Bryan Adams,3Z02hBLubJxuFJfhacLSDc,,,0,[]
Kylie Minogue,4RVnAU35WRWra6OZ3CbbMA,,,0,[]
Céline Dion,4S9EykWXhStSc15wEx8QFK,,,0,[]
Perry Como,5v8jlSmAQfrkTjAlpUfWtu,,,0,[]
Judy Garland,0hItVPjwJLVZrFqOyIsxPf,,,0,[]
Cliff Richard,2nvKpWcP8etYTq4JrRiUiy,,,0,[]
Boney M.,54R6Y0I7jGUCveDTtI21nb,,,0,[]
Mud,3cqIsBnzV3BabbPWKz8Txf,,,0,[]
Pretenders,0GByy3DcfbQwDvXGCWmzv9,,,0,[]
Alessia Cara,2wUjUUtkb5lvLKcGKsKqsR,,,0,[]
Carpenters,1eEfMU2AhEo7XnKgL7c304,,,0,[]
Run–D.M.C.,3CQIn7N5CuRDP8wEI7FiDA,,,0,[]
Luis Miguel,2nszmSgqreHSdJA3zWPyrW,,,0,[]
Johnny Mathis,21LGsW7bziR4Ledx7WZ1Wf,,,0,[]
Trans-Siberian Orchestra,5OSQDUNmll299ldFIF1Dau,,,0,[]
Kay Starr,7rpf45DdbpweG51Acze45i,,,0,[]
Destiny's Child,1Y8cdNmUJH7yBTd9yOvr5i,,,0,[]
Anuv Jain,4gdMJYnopf2nEUcanAwstx,,,0,[]
Paul Russell,4zoRNhOhsGX3w8yBAnFSQ8,,,0,[]
Kesha,6LqNN22kT3074XbTVUrhzX,,,0,[]
Sophie Ellis-Bextor,2cBh5lVMg222FFuRU7EfDE,,,0,[]
Outkast,1G9G7WwrXka3Z1r7aIDjI7,,,0,[]
