artist_1,artist_1_id,artist_2,artist_2_id,count,song_ids
Nicki Minaj,0hCNtLu0JehylgoiP8L4Gh,KAROL G,790FomKkXshlbRYZFtlgla,1,['0dKg2vGC1hFqcK5LGTaKzX']
J Balvin,1vyhD5VmyZ7KMfW5gqLgo5,Black Eyed Peas,1yxSLGMDHlW21z4YXirZDS,1,['4NCsrTzgVfsDo8nWyP8PPc']
Camila Cabello,4nDoRrQiYLoBzwC5BhVJzF,Shawn Mendes,7n2wHs1TKAczGzO7Dd2rGr,2,"['66VenHDtrQAw7FCjyF2J56', '6v3KW9xbzN5yKLt9YKDYA2']"
Camila Cabello,4nDoRrQiYLoBzwC5BhVJzF,DaBaby,4r63FhuTkUYltbVAg5TQnk,1,['3yOlyBJuViE2YSGn3nVE1K']
Swae Lee,1zNqQNIdeOUZHb8zbZRFMX,Post Malone,246dkjvS1zLTtiykXe5h60,1,['0RiRZpuVRbi7oqRdSMwhQY']
Anuel AA,2R21vXR83lH98kGeO99Y66,Daddy Yankee,4VMYDCV2IEDYJArk749S6m,3,"['0KkIkfsLEJbrcIhYsCL7L5', '2ksOAxtIxY8yElEWw8RhgK', '3kml9ZdpT7UYk1ugkjqOzt']"
Anuel AA,2R21vXR83lH98kGeO99Y66,KAROL G,790FomKkXshlbRYZFtlgla,3,"['0KkIkfsLEJbrcIhYsCL7L5', '2ksOAxtIxY8yElEWw8RhgK', '2w1rq80FIrbxeJy9WYURxw']"
J Balvin,1vyhD5VmyZ7KMfW5gqLgo5,Anuel AA,2R21vXR83lH98kGeO99Y66,3,"['0KkIkfsLEJbrcIhYsCL7L5', '2ksOAxtIxY8yElEWw8RhgK', '3qM0vBxIe4VUbK0Z0smuVP']"
Ozuna,1i8SpTcr7yvPOmcqrbnVXY,Anuel AA,2R21vXR83lH98kGeO99Y66,5,"['0KkIkfsLEJbrcIhYsCL7L5', '2ksOAxtIxY8yElEWw8RhgK', '37zdqI4r1gswIzczSBkRon', '3jbT1Y5MoPwEIpZndDDwVq', '4bTZeO72FwMa6wKOiqoynL']"
Daddy Yankee,4VMYDCV2IEDYJArk749S6m,KAROL G,790FomKkXshlbRYZFtlgla,2,"['0KkIkfsLEJbrcIhYsCL7L5', '2ksOAxtIxY8yElEWw8RhgK']"
J Balvin,1vyhD5VmyZ7KMfW5gqLgo5,Daddy Yankee,4VMYDCV2IEDYJArk749S6m,3,"['0KkIkfsLEJbrcIhYsCL7L5', '2ksOAxtIxY8yElEWw8RhgK', '35UUpTmrcFXNIVIN26ujXl']"
Ozuna,1i8SpTcr7yvPOmcqrbnVXY,Daddy Yankee,4VMYDCV2IEDYJArk749S6m,2,"['0KkIkfsLEJbrcIhYsCL7L5', '2ksOAxtIxY8yElEWw8RhgK']"
J Balvin,1vyhD5VmyZ7KMfW5gqLgo5,KAROL G,790FomKkXshlbRYZFtlgla,2,"['0KkIkfsLEJbrcIhYsCL7L5', '2ksOAxtIxY8yElEWw8RhgK']"
Ozuna,1i8SpTcr7yvPOmcqrbnVXY,KAROL G,790FomKkXshlbRYZFtlgla,3,"['0KkIkfsLEJbrcIhYsCL7L5', '2ksOAxtIxY8yElEWw8RhgK', '67jvGGbJmOmVonlyX3mNkV']"
Ozuna,1i8SpTcr7yvPOmcqrbnVXY,J Balvin,1vyhD5VmyZ7KMfW5gqLgo5,3,"['0KkIkfsLEJbrcIhYsCL7L5', '2ksOAxtIxY8yElEWw8RhgK', '5y7DaS3jAc9eZzcSOoUIwU']"
Juice WRLD,4MCBfE4596Uoi2O4DtmEMz,YoungBoy Never Broke Again,7wlFDEWiM5OoIAt8RSli8b,1,['6Gg1gjgKi2AK4e0qzsR7sd']
Justin Bieber,1uNFoZAHBGtllmzznpCI3s,Ed Sheeran,6eUKZXaKkcviH0Ku9w2n3V,1,['0hVXuCcriWRGvwMV1r5Yn9']
Rauw Alejandro,1mcTU81TzQhprhouKaTkpq,Farruko,329e4yvIujISKGKz1BZZbO,2,"['0A37XY67wSdGqkGjtfW6aV', '6mAN61JH0dzyZpWslS11jy']"
Khalid,6LuN9FCkKOj5PcnpouEgny,Ed Sheeran,6eUKZXaKkcviH0Ku9w2n3V,1,['70eFcWOvlMObDhURTqT4Fv']
Billy Ray Cyrus,60rpJ9SgigSd16DOAG7GSa,Lil Nas X,7jVv8c5Fj3E9VhNjxT4snq,1,['2YpeDb67231RjR0MgVLzsG']
J Balvin,1vyhD5VmyZ7KMfW5gqLgo5,Bad Bunny,4q3ewBCX7sLwd24euuV69X,5,"['0EhpEsp4L0oRGM0vmeaN5e', '0fea68AdmYNygeTGI4RC18', '25ZAibhr3bdlMCLmubZDVt', '4R8BJggjosTswLxtkw8V7P', '58q2HKrzhC3ozto2nDdN4z']"
Travis Scott,0Y5tJX1MQlPlqiwlOH1tJY,ROSALÍA,7ltDVBr6mKbRvohxheJ9h1,2,"['4w47S36wQGBhGg073q3nt7', '7h0d2h0fUmzbs7zeFigJPn']"
Travis Scott,0Y5tJX1MQlPlqiwlOH1tJY,Lil Baby,5f7VJjfbwm532GiveGC0ZK,1,['7h0d2h0fUmzbs7zeFigJPn']
Lil Baby,5f7VJjfbwm532GiveGC0ZK,ROSALÍA,7ltDVBr6mKbRvohxheJ9h1,1,['7h0d2h0fUmzbs7zeFigJPn']
Tainy,0GM7qgcRCORpGnfcN2tCiB,Bad Bunny,4q3ewBCX7sLwd24euuV69X,2,"['0EhpEsp4L0oRGM0vmeaN5e', '71wFwRo8xGc4lrcyKwsvba']"
bbno$,41X1TR6hrK8Q2ZCpp2EqCz,Y2K,6USMTwO0MNDnKte5a5h0xx,1,['51Fjme0JiitpyXKuyQiCDo']
Dalex,0KPX4Ucy9dk82uj4GpKesn,Lenny Tavárez,1pQWsZQehhS4wavwh7Fnxd,6,"['0RDgqtvOHLwcI6yz9bjsZV', '1Xnn1TPyr5h0hpRAT4B4EA', '1ndyl3wJCFs872XZ3ztPk6', '50ZC4PM7hywH27RcCfViau', '5Id5B3dxJZhPcV9GzgYZZe', '5stPVcRqb4qixbafP9e8lt']"
Dalex,0KPX4Ucy9dk82uj4GpKesn,Chencho Corleone,37230BxxYs9ksS7OkZw3IU,2,"['5stPVcRqb4qixbafP9e8lt', '74j34STf8L6uADnTN69ohv']"
Dalex,0KPX4Ucy9dk82uj4GpKesn,Juhn,2LmcxBak1alK1bf7d1beTr,1,['5stPVcRqb4qixbafP9e8lt']
Dalex,0KPX4Ucy9dk82uj4GpKesn,Dímelo Flow,3fZk3Gm5dN5v5yfYMQ04Bx,2,"['50ZC4PM7hywH27RcCfViau', '5stPVcRqb4qixbafP9e8lt']"
Lenny Tavárez,1pQWsZQehhS4wavwh7Fnxd,Chencho Corleone,37230BxxYs9ksS7OkZw3IU,1,['5stPVcRqb4qixbafP9e8lt']
Lenny Tavárez,1pQWsZQehhS4wavwh7Fnxd,Juhn,2LmcxBak1alK1bf7d1beTr,1,['5stPVcRqb4qixbafP9e8lt']
Lenny Tavárez,1pQWsZQehhS4wavwh7Fnxd,Dímelo Flow,3fZk3Gm5dN5v5yfYMQ04Bx,2,"['50ZC4PM7hywH27RcCfViau', '5stPVcRqb4qixbafP9e8lt']"
Juhn,2LmcxBak1alK1bf7d1beTr,Chencho Corleone,37230BxxYs9ksS7OkZw3IU,1,['5stPVcRqb4qixbafP9e8lt']
Chencho Corleone,37230BxxYs9ksS7OkZw3IU,Dímelo Flow,3fZk3Gm5dN5v5yfYMQ04Bx,1,['5stPVcRqb4qixbafP9e8lt']
Juhn,2LmcxBak1alK1bf7d1beTr,Dímelo Flow,3fZk3Gm5dN5v5yfYMQ04Bx,1,['5stPVcRqb4qixbafP9e8lt']
Nicky Jam,1SupJlEpv7RS2tPNRaHViT,Anuel AA,2R21vXR83lH98kGeO99Y66,2,"['2pWOMNQJW3g2zmGjP0Vkb0', '4bTZeO72FwMa6wKOiqoynL']"
J Balvin,1vyhD5VmyZ7KMfW5gqLgo5,JHAYCO,6nVcHLIgY5pE2YCl8ubca1,2,"['3qM0vBxIe4VUbK0Z0smuVP', '4R8BJggjosTswLxtkw8V7P']"
Bad Bunny,4q3ewBCX7sLwd24euuV69X,JHAYCO,6nVcHLIgY5pE2YCl8ubca1,3,"['2tFwfmceQa1Y6nRPhYbEtC', '4MzXwWMhyBbmu6hOcLVD49', '4R8BJggjosTswLxtkw8V7P']"
MEDUZA,0xRXCcSX89eobfrshSVdyu,Becky Hill,4EPJlUEBy49EX1wuFOvtjK,1,['7CHi4DtfK4heMlQaudCuHK']
MEDUZA,0xRXCcSX89eobfrshSVdyu,Goodboys,2nm38smINjms1LtczR0Cei,2,"['1DFD5Fotzgn6yYXkYsKiGs', '7CHi4DtfK4heMlQaudCuHK']"
Goodboys,2nm38smINjms1LtczR0Cei,Becky Hill,4EPJlUEBy49EX1wuFOvtjK,1,['7CHi4DtfK4heMlQaudCuHK']
Justin Bieber,1uNFoZAHBGtllmzznpCI3s,Dan + Shay,7z5WFjZAIYejWy0NI5lv4T,1,['2wrJq5XKLnmhRXHIAf9xBa']
Arcángel,4SsVbpTthjScTS7U2hmr1X,Sech,77ziqFxp5gaInVrF2lj4ht,3,"['3yoDVeVWIPSuH1IolXKA0X', '4Pu0a2TuHOYtI4CCE3HEXI', '7sQKy5vlPQllr0k9IjYJv3']"
Dímelo Flow,3fZk3Gm5dN5v5yfYMQ04Bx,Arcángel,4SsVbpTthjScTS7U2hmr1X,1,['7sQKy5vlPQllr0k9IjYJv3']
Dímelo Flow,3fZk3Gm5dN5v5yfYMQ04Bx,Sech,77ziqFxp5gaInVrF2lj4ht,1,['7sQKy5vlPQllr0k9IjYJv3']
Lizzo,56oDRnqbIiwx4mymNEv7dS,Ariana Grande,66CXWjxzNUsdJxJ2JdwvnR,2,"['07Oz5StQ7GRoygNLaXs2pd', '2rjjNUYONZqC7wSd1i6OFq']"
Mustard,0YinUQ50QDB7ZxSCLyQ40k,Roddy Ricch,757aE44tKEUQEqRuT6GnEB,2,"['07KXEDMj78x68D884wgVEm', '3QzAOrNlsabgbMwlZt7TAY']"
Marshmello,64KEffDW9EtZ1y2vBYgq8T,Bastille,7EQ0qTo7fWT7DPxmxtSYEc,1,['2dpaYNEQHiRxtZbfNsse99']
Camila Cabello,4nDoRrQiYLoBzwC5BhVJzF,Ed Sheeran,6eUKZXaKkcviH0Ku9w2n3V,1,['4vUmTMuQqjdnvlZmAH61Qk']
Cardi B,4kYSro6naA4h99UJvo89HB,Ed Sheeran,6eUKZXaKkcviH0Ku9w2n3V,1,['4vUmTMuQqjdnvlZmAH61Qk']
Cardi B,4kYSro6naA4h99UJvo89HB,Camila Cabello,4nDoRrQiYLoBzwC5BhVJzF,1,['4vUmTMuQqjdnvlZmAH61Qk']
Tainy,0GM7qgcRCORpGnfcN2tCiB,Anuel AA,2R21vXR83lH98kGeO99Y66,1,['3jbT1Y5MoPwEIpZndDDwVq']
Tainy,0GM7qgcRCORpGnfcN2tCiB,Ozuna,1i8SpTcr7yvPOmcqrbnVXY,1,['3jbT1Y5MoPwEIpZndDDwVq']
Travis Scott,0Y5tJX1MQlPlqiwlOH1tJY,JACKBOYS,7A8S43ryYdbWpJKeHRZRcq,3,"['40mjsnRjCpycdUw3xhS20g', '4AO1XhrgJczQ9bNVxdfKQe', '6gi6y1xwmVszDWkUqab1qw']"
Young Thug,50co4Is1HCEo8bhOyUWKpn,JACKBOYS,7A8S43ryYdbWpJKeHRZRcq,1,['6gi6y1xwmVszDWkUqab1qw']
Travis Scott,0Y5tJX1MQlPlqiwlOH1tJY,Young Thug,50co4Is1HCEo8bhOyUWKpn,5,"['3s4mrPrEFFPF0LmAfutW0n', '4ea9w8c4ROqiZpJVhfBA3m', '4jVBIpuOiMj1crqd8LoCrJ', '6ZelF5APDN5r6XnFqcnvWR', '6gi6y1xwmVszDWkUqab1qw']"
Post Malone,246dkjvS1zLTtiykXe5h60,Young Thug,50co4Is1HCEo8bhOyUWKpn,1,['0t3ZvGKlmYmVsDzBJAXK8C']
J Balvin,1vyhD5VmyZ7KMfW5gqLgo5,ROSALÍA,7ltDVBr6mKbRvohxheJ9h1,2,"['2qG5sZ7Si6sdK74qLxedYM', '35UUpTmrcFXNIVIN26ujXl']"
El Guincho,1oMiDFyAgmIzw9ZBQYHOJI,ROSALÍA,7ltDVBr6mKbRvohxheJ9h1,1,['2qG5sZ7Si6sdK74qLxedYM']
El Guincho,1oMiDFyAgmIzw9ZBQYHOJI,J Balvin,1vyhD5VmyZ7KMfW5gqLgo5,1,['2qG5sZ7Si6sdK74qLxedYM']
SHAED,3KwmxIhSe9UTSEF37kwngR,ZAYN,5ZsFI1h6hIdQRw2ti0hz81,1,['2ez6qvOTHKeI3ss80NGqnI']
Lady Gaga,1HY2Jd0NmPuamShAr6KMms,Bradley Cooper,4VIvfOurcf0vuLRxLkGnIG,1,['2VxeLyX666F8uXCJ0dZF8B']
21 Savage,1URnnhqYAYcrqrcwql10ft,Post Malone,246dkjvS1zLTtiykXe5h60,1,['0e7ipj03S05BNilyu5bRzt']
Maroon 5,04gDigrS5kc9YWfZHwBETP,Cardi B,4kYSro6naA4h99UJvo89HB,1,['7fa9MBXhVfQ8P8Df9OEbD8']
Khalid,6LuN9FCkKOj5PcnpouEgny,Billie Eilish,6qqNVTkY8uBg9cP3Jd7DAH,1,['0u2P5u6lvoDfwTYjAADbn4']
Snow,3uZFBSsMiooimnprFL9jD1,Daddy Yankee,4VMYDCV2IEDYJArk749S6m,1,['5w9c2J52mkdntKOmRLeM2m']
Camilo,28gNT5KBp7IjEOQoevXf9N,Pedro Capó,4QVBYiagIaa6ZGSPMbybpy,1,['1Ol5LmdNDNpFu1oNwfgkux']
Anuel AA,2R21vXR83lH98kGeO99Y66,Lunay,47MpMsUfWtgyIIBEFOr4FE,2,"['0A37XY67wSdGqkGjtfW6aV', '37zdqI4r1gswIzczSBkRon']"
Ozuna,1i8SpTcr7yvPOmcqrbnVXY,Lunay,47MpMsUfWtgyIIBEFOr4FE,2,"['2tGENA8xef0wABdHvyXwv9', '37zdqI4r1gswIzczSBkRon']"
Lunay,47MpMsUfWtgyIIBEFOr4FE,Daddy Yankee,4VMYDCV2IEDYJArk749S6m,1,['4t9a07PAghtQMRAIP9FQ7Z']
Lunay,47MpMsUfWtgyIIBEFOr4FE,Bad Bunny,4q3ewBCX7sLwd24euuV69X,1,['4t9a07PAghtQMRAIP9FQ7Z']
Daddy Yankee,4VMYDCV2IEDYJArk749S6m,Bad Bunny,4q3ewBCX7sLwd24euuV69X,2,"['4t9a07PAghtQMRAIP9FQ7Z', '69vlMrzHwATKzupwNcUPyK']"
Ozuna,1i8SpTcr7yvPOmcqrbnVXY,ROSALÍA,7ltDVBr6mKbRvohxheJ9h1,1,['7BlBVFwvbWvcwNcUarQmjk']
Reik,0vR2qb8m9WHeZ5ByCbimq2,J Balvin,1vyhD5VmyZ7KMfW5gqLgo5,1,['59s0s39NFWScuHDbHytI14']
Reik,0vR2qb8m9WHeZ5ByCbimq2,Lalo Ebratt,1GAymyGBvB4gQy5Z5LZ1Wj,1,['59s0s39NFWScuHDbHytI14']
Lalo Ebratt,1GAymyGBvB4gQy5Z5LZ1Wj,J Balvin,1vyhD5VmyZ7KMfW5gqLgo5,1,['59s0s39NFWScuHDbHytI14']
Rick Ross,1sBkRIssrMs1AbVkOJbc7a,Drake,3TVXtAsR1Inumwj472S9r4,1,['5ry2OE6R2zPQFDO85XkgRb']
J Balvin,1vyhD5VmyZ7KMfW5gqLgo5,DJ Snake,540vIaP2JwjQb9dm3aArA4,1,['6osaMSJh9NguagEDQcZaKx']
DJ Snake,540vIaP2JwjQb9dm3aArA4,Tyga,5LHRHt1k9lMyONurDHEdrp,1,['6osaMSJh9NguagEDQcZaKx']
J Balvin,1vyhD5VmyZ7KMfW5gqLgo5,Tyga,5LHRHt1k9lMyONurDHEdrp,1,['6osaMSJh9NguagEDQcZaKx']
Stormzy,2SrSdSvpminqmStGELCSNd,Burna Boy,3wcj11K77LjEY1PkEazffa,2,"['49i5Qn3zXsMBPsSOmYAFut', '4QPEwDdOMhY7rNS05mTyMR']"
Stormzy,2SrSdSvpminqmStGELCSNd,Ed Sheeran,6eUKZXaKkcviH0Ku9w2n3V,2,"['49i5Qn3zXsMBPsSOmYAFut', '4QPEwDdOMhY7rNS05mTyMR']"
Burna Boy,3wcj11K77LjEY1PkEazffa,Ed Sheeran,6eUKZXaKkcviH0Ku9w2n3V,2,"['49i5Qn3zXsMBPsSOmYAFut', '4QPEwDdOMhY7rNS05mTyMR']"
Sheck Wes,2RDOrhPqAM4jzTRCEb19qX,JACKBOYS,7A8S43ryYdbWpJKeHRZRcq,1,['6uJONCdr2rC65BNmCnTBWK']
Rich Music LTD,2kqUKsTuEj1lPbm6BSn1AU,Sech,77ziqFxp5gaInVrF2lj4ht,2,"['0RDgqtvOHLwcI6yz9bjsZV', '5Id5B3dxJZhPcV9GzgYZZe']"
Dalex,0KPX4Ucy9dk82uj4GpKesn,Rich Music LTD,2kqUKsTuEj1lPbm6BSn1AU,2,"['0RDgqtvOHLwcI6yz9bjsZV', '5Id5B3dxJZhPcV9GzgYZZe']"
Justin Quiles,14zUHaJZo1mnYtn6IBRaRP,Rich Music LTD,2kqUKsTuEj1lPbm6BSn1AU,2,"['0RDgqtvOHLwcI6yz9bjsZV', '5Id5B3dxJZhPcV9GzgYZZe']"
Lenny Tavárez,1pQWsZQehhS4wavwh7Fnxd,Rich Music LTD,2kqUKsTuEj1lPbm6BSn1AU,2,"['0RDgqtvOHLwcI6yz9bjsZV', '5Id5B3dxJZhPcV9GzgYZZe']"
Feid,2LRoIwlKmHjgvigdNGBHNo,Rich Music LTD,2kqUKsTuEj1lPbm6BSn1AU,2,"['0RDgqtvOHLwcI6yz9bjsZV', '5Id5B3dxJZhPcV9GzgYZZe']"
Rich Music LTD,2kqUKsTuEj1lPbm6BSn1AU,Wisin,3E6xrwgnVfYCrCs0ePERDz,1,['5Id5B3dxJZhPcV9GzgYZZe']
Zion,1pgDilWYDWLoOgGjf1iHNu,Rich Music LTD,2kqUKsTuEj1lPbm6BSn1AU,1,['5Id5B3dxJZhPcV9GzgYZZe']
Dalex,0KPX4Ucy9dk82uj4GpKesn,Sech,77ziqFxp5gaInVrF2lj4ht,3,"['0RDgqtvOHLwcI6yz9bjsZV', '1mF6sMUsRU9MisrdB9qWvg', '5Id5B3dxJZhPcV9GzgYZZe']"
Justin Quiles,14zUHaJZo1mnYtn6IBRaRP,Sech,77ziqFxp5gaInVrF2lj4ht,3,"['0RDgqtvOHLwcI6yz9bjsZV', '5Id5B3dxJZhPcV9GzgYZZe', '7lUdbnz7wsv3C9zzf4WHl9']"
Lenny Tavárez,1pQWsZQehhS4wavwh7Fnxd,Sech,77ziqFxp5gaInVrF2lj4ht,2,"['0RDgqtvOHLwcI6yz9bjsZV', '5Id5B3dxJZhPcV9GzgYZZe']"
Feid,2LRoIwlKmHjgvigdNGBHNo,Sech,77ziqFxp5gaInVrF2lj4ht,3,"['0RDgqtvOHLwcI6yz9bjsZV', '5Id5B3dxJZhPcV9GzgYZZe', '7lUdbnz7wsv3C9zzf4WHl9']"
Wisin,3E6xrwgnVfYCrCs0ePERDz,Sech,77ziqFxp5gaInVrF2lj4ht,1,['5Id5B3dxJZhPcV9GzgYZZe']
Zion,1pgDilWYDWLoOgGjf1iHNu,Sech,77ziqFxp5gaInVrF2lj4ht,1,['5Id5B3dxJZhPcV9GzgYZZe']
Dalex,0KPX4Ucy9dk82uj4GpKesn,Justin Quiles,14zUHaJZo1mnYtn6IBRaRP,4,"['0RDgqtvOHLwcI6yz9bjsZV', '1Xnn1TPyr5h0hpRAT4B4EA', '1ndyl3wJCFs872XZ3ztPk6', '5Id5B3dxJZhPcV9GzgYZZe']"
Dalex,0KPX4Ucy9dk82uj4GpKesn,Feid,2LRoIwlKmHjgvigdNGBHNo,2,"['0RDgqtvOHLwcI6yz9bjsZV', '5Id5B3dxJZhPcV9GzgYZZe']"
Dalex,0KPX4Ucy9dk82uj4GpKesn,Wisin,3E6xrwgnVfYCrCs0ePERDz,1,['5Id5B3dxJZhPcV9GzgYZZe']
Dalex,0KPX4Ucy9dk82uj4GpKesn,Zion,1pgDilWYDWLoOgGjf1iHNu,2,"['1ndyl3wJCFs872XZ3ztPk6', '5Id5B3dxJZhPcV9GzgYZZe']"
Justin Quiles,14zUHaJZo1mnYtn6IBRaRP,Lenny Tavárez,1pQWsZQehhS4wavwh7Fnxd,5,"['0RDgqtvOHLwcI6yz9bjsZV', '1Xnn1TPyr5h0hpRAT4B4EA', '1ndyl3wJCFs872XZ3ztPk6', '4RJz8NfIe09gpKMiRUWKhJ', '5Id5B3dxJZhPcV9GzgYZZe']"
Justin Quiles,14zUHaJZo1mnYtn6IBRaRP,Feid,2LRoIwlKmHjgvigdNGBHNo,4,"['0RDgqtvOHLwcI6yz9bjsZV', '4TOmcZvw0gHa7GiXRbcYAW', '5Id5B3dxJZhPcV9GzgYZZe', '7lUdbnz7wsv3C9zzf4WHl9']"
Justin Quiles,14zUHaJZo1mnYtn6IBRaRP,Wisin,3E6xrwgnVfYCrCs0ePERDz,1,['5Id5B3dxJZhPcV9GzgYZZe']
Justin Quiles,14zUHaJZo1mnYtn6IBRaRP,Zion,1pgDilWYDWLoOgGjf1iHNu,2,"['1ndyl3wJCFs872XZ3ztPk6', '5Id5B3dxJZhPcV9GzgYZZe']"
Lenny Tavárez,1pQWsZQehhS4wavwh7Fnxd,Feid,2LRoIwlKmHjgvigdNGBHNo,2,"['0RDgqtvOHLwcI6yz9bjsZV', '5Id5B3dxJZhPcV9GzgYZZe']"
Lenny Tavárez,1pQWsZQehhS4wavwh7Fnxd,Wisin,3E6xrwgnVfYCrCs0ePERDz,1,['5Id5B3dxJZhPcV9GzgYZZe']
Lenny Tavárez,1pQWsZQehhS4wavwh7Fnxd,Zion,1pgDilWYDWLoOgGjf1iHNu,2,"['1ndyl3wJCFs872XZ3ztPk6', '5Id5B3dxJZhPcV9GzgYZZe']"
Feid,2LRoIwlKmHjgvigdNGBHNo,Wisin,3E6xrwgnVfYCrCs0ePERDz,1,['5Id5B3dxJZhPcV9GzgYZZe']
Zion,1pgDilWYDWLoOgGjf1iHNu,Feid,2LRoIwlKmHjgvigdNGBHNo,1,['5Id5B3dxJZhPcV9GzgYZZe']
Zion,1pgDilWYDWLoOgGjf1iHNu,Wisin,3E6xrwgnVfYCrCs0ePERDz,1,['5Id5B3dxJZhPcV9GzgYZZe']
Dalex,0KPX4Ucy9dk82uj4GpKesn,Anitta,7FNnA9vBm6EKceENgCGRMb,1,['1Xnn1TPyr5h0hpRAT4B4EA']
Dalex,0KPX4Ucy9dk82uj4GpKesn,NATTI NATASHA,1GDbiv3spRmZ1XdM1jQbT7,2,"['1Xnn1TPyr5h0hpRAT4B4EA', '1ndyl3wJCFs872XZ3ztPk6']"
Dalex,0KPX4Ucy9dk82uj4GpKesn,Farruko,329e4yvIujISKGKz1BZZbO,2,"['1Xnn1TPyr5h0hpRAT4B4EA', '1ndyl3wJCFs872XZ3ztPk6']"
Lenny Tavárez,1pQWsZQehhS4wavwh7Fnxd,Anitta,7FNnA9vBm6EKceENgCGRMb,1,['1Xnn1TPyr5h0hpRAT4B4EA']
NATTI NATASHA,1GDbiv3spRmZ1XdM1jQbT7,Lenny Tavárez,1pQWsZQehhS4wavwh7Fnxd,2,"['1Xnn1TPyr5h0hpRAT4B4EA', '1ndyl3wJCFs872XZ3ztPk6']"
Lenny Tavárez,1pQWsZQehhS4wavwh7Fnxd,Farruko,329e4yvIujISKGKz1BZZbO,2,"['1Xnn1TPyr5h0hpRAT4B4EA', '1ndyl3wJCFs872XZ3ztPk6']"
NATTI NATASHA,1GDbiv3spRmZ1XdM1jQbT7,Anitta,7FNnA9vBm6EKceENgCGRMb,1,['1Xnn1TPyr5h0hpRAT4B4EA']
Farruko,329e4yvIujISKGKz1BZZbO,Anitta,7FNnA9vBm6EKceENgCGRMb,1,['1Xnn1TPyr5h0hpRAT4B4EA']
Justin Quiles,14zUHaJZo1mnYtn6IBRaRP,Anitta,7FNnA9vBm6EKceENgCGRMb,1,['1Xnn1TPyr5h0hpRAT4B4EA']
NATTI NATASHA,1GDbiv3spRmZ1XdM1jQbT7,Farruko,329e4yvIujISKGKz1BZZbO,3,"['0A37XY67wSdGqkGjtfW6aV', '1Xnn1TPyr5h0hpRAT4B4EA', '1ndyl3wJCFs872XZ3ztPk6']"
Justin Quiles,14zUHaJZo1mnYtn6IBRaRP,NATTI NATASHA,1GDbiv3spRmZ1XdM1jQbT7,2,"['1Xnn1TPyr5h0hpRAT4B4EA', '1ndyl3wJCFs872XZ3ztPk6']"
Justin Quiles,14zUHaJZo1mnYtn6IBRaRP,Farruko,329e4yvIujISKGKz1BZZbO,2,"['1Xnn1TPyr5h0hpRAT4B4EA', '1ndyl3wJCFs872XZ3ztPk6']"
LANY,49tQo2QULno7gxHutgccqF,Lauv,5JZ7CnR6gTvEMKX4g70Amv,1,['4z1rk9qlsqhp5LJm5qvXZF']
Halsey,26VFTg2z8YR0cCuwLzESi2,The Chainsmokers,69GGBxA162lTqCwzJG5jLp,1,['7BKLCZ1jbUBVqRi2FVlTVw']
Dua Lipa,6M2wZ9GZgrQXHCFfjv46we,Calvin Harris,7CajNmpbOovFoOoasH2HaY,1,['76dIZzTdrNO15mGBrU3MHi']
Farruko,329e4yvIujISKGKz1BZZbO,Pedro Capó,4QVBYiagIaa6ZGSPMbybpy,1,['5iwz1NiezX7WWjnCgY5TH4']
Ozuna,1i8SpTcr7yvPOmcqrbnVXY,Sech,77ziqFxp5gaInVrF2lj4ht,2,"['4bTZeO72FwMa6wKOiqoynL', '6Y4PDQv4XjYjHLeLmvyOt0']"
SAINt JHN,0H39MdGGX6dbnnQPt6NQkZ,Imanbek,5rGrDvrLOV2VV8SCFVGWlj,1,['0zLCBJZSiELJf02ucPP9wb']
Lexa,0jTDeBJQr3unrK29LklnAv,Anitta,7FNnA9vBm6EKceENgCGRMb,1,['2bPtwnrpFNEe8N7Q85kLHw']
Luísa Sonza,4PzYKhC14sTJNEr0dzoo0d,Anitta,7FNnA9vBm6EKceENgCGRMb,2,"['0YqTL3nSL36OFdHwHoqCag', '2bPtwnrpFNEe8N7Q85kLHw']"
Rebecca,5MS6HieNmKxzkAM8amE8sr,Anitta,7FNnA9vBm6EKceENgCGRMb,1,['2bPtwnrpFNEe8N7Q85kLHw']
Lexa,0jTDeBJQr3unrK29LklnAv,Luísa Sonza,4PzYKhC14sTJNEr0dzoo0d,1,['2bPtwnrpFNEe8N7Q85kLHw']
Lexa,0jTDeBJQr3unrK29LklnAv,Rebecca,5MS6HieNmKxzkAM8amE8sr,1,['2bPtwnrpFNEe8N7Q85kLHw']
Luísa Sonza,4PzYKhC14sTJNEr0dzoo0d,Rebecca,5MS6HieNmKxzkAM8amE8sr,1,['2bPtwnrpFNEe8N7Q85kLHw']
Post Malone,246dkjvS1zLTtiykXe5h60,French Montana,6vXTefBL93Dj5IqAWq6OTv,1,['7ntUbTIwmwOD6ygCMRZT6e']
Cardi B,4kYSro6naA4h99UJvo89HB,French Montana,6vXTefBL93Dj5IqAWq6OTv,1,['7ntUbTIwmwOD6ygCMRZT6e']
Rvssian,1fctva4kpRbg2k3v7kwRuS,French Montana,6vXTefBL93Dj5IqAWq6OTv,1,['7ntUbTIwmwOD6ygCMRZT6e']
Post Malone,246dkjvS1zLTtiykXe5h60,Cardi B,4kYSro6naA4h99UJvo89HB,1,['7ntUbTIwmwOD6ygCMRZT6e']
Rvssian,1fctva4kpRbg2k3v7kwRuS,Post Malone,246dkjvS1zLTtiykXe5h60,1,['7ntUbTIwmwOD6ygCMRZT6e']
Rvssian,1fctva4kpRbg2k3v7kwRuS,Cardi B,4kYSro6naA4h99UJvo89HB,1,['7ntUbTIwmwOD6ygCMRZT6e']
Felipe Original,2Cra8I2P4OnMkVguqZRVwi,PEDRO SAMPAIO,5wbf52LA6kcaboHSN6NEF1,1,['4lKuzrdZrJuCAedbIslF3A']
PEDRO SAMPAIO,5wbf52LA6kcaboHSN6NEF1,JS o Mão de Ouro,7C7NNCiIFavKH6oDarjp0v,1,['4lKuzrdZrJuCAedbIslF3A']
Felipe Original,2Cra8I2P4OnMkVguqZRVwi,JS o Mão de Ouro,7C7NNCiIFavKH6oDarjp0v,2,"['4lKuzrdZrJuCAedbIslF3A', '5dKesZwp6deuhEeW8F1UEi']"
Drake,3TVXtAsR1Inumwj472S9r4,Chris Brown,7bXgB6jMjp9ATFy66eO08Z,2,"['3Q4gttWQ6hxqWOa3tHoTNi', '6XHVuErjQ4XNm6nDPVCxVX']"
Ellie Goulding,0X2BH1fck6amBIoJhDVmmJ,Juice WRLD,4MCBfE4596Uoi2O4DtmEMz,1,['6kls8cSlUyHW2BUOkDJIZE']
Gunna,2hlmm7s2ICUX0LVIhVFlZQ,Young Thug,50co4Is1HCEo8bhOyUWKpn,3,"['3nS9a01VvXHQriLqJYwRqG', '4ea9w8c4ROqiZpJVhfBA3m', '4lAQfuREAHG8IC0PiiigBt']"
Travis Scott,0Y5tJX1MQlPlqiwlOH1tJY,Gunna,2hlmm7s2ICUX0LVIhVFlZQ,4,"['0lSZh5W0wDeurkGzLYY6hf', '4YhJ3a6kBPGJWX4Ek77sDd', '4ea9w8c4ROqiZpJVhfBA3m', '7IMwEtpAiJanqF6vQteZN2']"
Don Toliver,4Gso3d4CscCijv0lmajZWs,JACKBOYS,7A8S43ryYdbWpJKeHRZRcq,1,['4AO1XhrgJczQ9bNVxdfKQe']
Travis Scott,0Y5tJX1MQlPlqiwlOH1tJY,Don Toliver,4Gso3d4CscCijv0lmajZWs,2,"['13QU8HBEBaSTZGq1HzQe9S', '4AO1XhrgJczQ9bNVxdfKQe']"
Julia Michaels,0ZED1XzwlLHW4ZaG4lOT6m,JP Saxe,66W9LaWS0DPdL7Sz8iYGYe,1,['2kJwzbxV2ppxnQoYw4GLBZ']
J Balvin,1vyhD5VmyZ7KMfW5gqLgo5,Major Lazer,738wLrAtLtCtFOLvQBXOXp,1,['1G2CAJeP7rCwOZjlSJ0Zw3']
El Alfa,2oQX8QiMXOyuqbcZEFsZfm,Major Lazer,738wLrAtLtCtFOLvQBXOXp,1,['1G2CAJeP7rCwOZjlSJ0Zw3']
Diplo,5fMUXHkw8R8eOP2RNVYEZX,Major Lazer,738wLrAtLtCtFOLvQBXOXp,2,"['0oB9964bp22Bmok0Dmxlzb', '1G2CAJeP7rCwOZjlSJ0Zw3']"
J Balvin,1vyhD5VmyZ7KMfW5gqLgo5,El Alfa,2oQX8QiMXOyuqbcZEFsZfm,1,['1G2CAJeP7rCwOZjlSJ0Zw3']
J Balvin,1vyhD5VmyZ7KMfW5gqLgo5,Diplo,5fMUXHkw8R8eOP2RNVYEZX,1,['1G2CAJeP7rCwOZjlSJ0Zw3']
El Alfa,2oQX8QiMXOyuqbcZEFsZfm,Diplo,5fMUXHkw8R8eOP2RNVYEZX,1,['1G2CAJeP7rCwOZjlSJ0Zw3']
Khalid,6LuN9FCkKOj5PcnpouEgny,Disclosure,6nS5roXSAGhTGr34W6n7Et,2,"['0TrPqhAMoaKUFLR7iYDokf', '6TqXcAFInzjp0bODyvrWEq']"
Offset,4DdkRBBYG6Yk9Ka8tdJ9BW,Don Toliver,4Gso3d4CscCijv0lmajZWs,1,['2jrAaawDRCn1JjeouxAyDN']
Quavo,0VRj0yCOv2FXJNP47XQnx5,Don Toliver,4Gso3d4CscCijv0lmajZWs,1,['2jrAaawDRCn1JjeouxAyDN']
Quavo,0VRj0yCOv2FXJNP47XQnx5,Offset,4DdkRBBYG6Yk9Ka8tdJ9BW,1,['2jrAaawDRCn1JjeouxAyDN']
AURORA,1WgXqy2Dd70QQOU7Ay074N,Idina Menzel,73Np75Wv2tju61Eo9Zw4IR,1,['3Z0oQ8r78OUaHvGPiDBR3W']
Normani,2cWZOOzeOm4WmBJRnD5R7I,Sam Smith,2wY79sveU1sp5g7SokKOiI,1,['3xgT3xIlFGqZjYW9QlhJWp']
Macklemore,3JhNCzhSMTxs9WLGJJxWOY,Ryan Lewis,4myTppRgh0rojLxx8RycOp,1,['22skzmqfdWrjJylampe0kt']
Macklemore,3JhNCzhSMTxs9WLGJJxWOY,Macklemore & Ryan Lewis,6WLvgbfYXQPO396oJEYCsi,1,['22skzmqfdWrjJylampe0kt']
Macklemore,3JhNCzhSMTxs9WLGJJxWOY,Ray Dalton,4e0nWw2r4BoQSKPQ2zpU13,1,['22skzmqfdWrjJylampe0kt']
Ryan Lewis,4myTppRgh0rojLxx8RycOp,Macklemore & Ryan Lewis,6WLvgbfYXQPO396oJEYCsi,1,['22skzmqfdWrjJylampe0kt']
Ray Dalton,4e0nWw2r4BoQSKPQ2zpU13,Ryan Lewis,4myTppRgh0rojLxx8RycOp,1,['22skzmqfdWrjJylampe0kt']
Ray Dalton,4e0nWw2r4BoQSKPQ2zpU13,Macklemore & Ryan Lewis,6WLvgbfYXQPO396oJEYCsi,1,['22skzmqfdWrjJylampe0kt']
Anuel AA,2R21vXR83lH98kGeO99Y66,Sech,77ziqFxp5gaInVrF2lj4ht,1,['4bTZeO72FwMa6wKOiqoynL']
Darell,1TtXnWcUs0FCkaZDPGYHdf,Sech,77ziqFxp5gaInVrF2lj4ht,1,['4bTZeO72FwMa6wKOiqoynL']
Nicky Jam,1SupJlEpv7RS2tPNRaHViT,Sech,77ziqFxp5gaInVrF2lj4ht,2,"['4bTZeO72FwMa6wKOiqoynL', '7lUdbnz7wsv3C9zzf4WHl9']"
Darell,1TtXnWcUs0FCkaZDPGYHdf,Ozuna,1i8SpTcr7yvPOmcqrbnVXY,1,['4bTZeO72FwMa6wKOiqoynL']
Nicky Jam,1SupJlEpv7RS2tPNRaHViT,Ozuna,1i8SpTcr7yvPOmcqrbnVXY,1,['4bTZeO72FwMa6wKOiqoynL']
Darell,1TtXnWcUs0FCkaZDPGYHdf,Anuel AA,2R21vXR83lH98kGeO99Y66,1,['4bTZeO72FwMa6wKOiqoynL']
Nicky Jam,1SupJlEpv7RS2tPNRaHViT,Darell,1TtXnWcUs0FCkaZDPGYHdf,1,['4bTZeO72FwMa6wKOiqoynL']
Kygo,23fqKkggKUBHNkbKtXEls4,Whitney Houston,6XpaIBNiVzIetEPCWDvAFP,1,['1kKYjjfNYxE0YYgLa7vgVY']
9lokknine,0ceH34CATvfgphxnLRWFkm,YNW Melly,1cNDP5yjU5vjeR8qMf4grg,1,['29ZXwWOOLz9t5fa3eT3i7T']
Tati Zaqui,0e68cnJyUTJu1nEuxxMSLm,Dadá Boladão,36SRwzRkX5zW3ABjJrevqX,1,['5F8ffc8KWKNawllr5WsW0r']
OIK,1B5n6jsxvFldc6Nq8Wx8VJ,Dadá Boladão,36SRwzRkX5zW3ABjJrevqX,1,['5F8ffc8KWKNawllr5WsW0r']
Tati Zaqui,0e68cnJyUTJu1nEuxxMSLm,OIK,1B5n6jsxvFldc6Nq8Wx8VJ,1,['5F8ffc8KWKNawllr5WsW0r']
Selena Gomez,0C8ZW7ezQVs4URX5aX7Kqx,DJ Snake,540vIaP2JwjQb9dm3aArA4,1,['0KoiMHhqKLoL4xM54rcWYY']
Ozuna,1i8SpTcr7yvPOmcqrbnVXY,DJ Snake,540vIaP2JwjQb9dm3aArA4,1,['0KoiMHhqKLoL4xM54rcWYY']
Cardi B,4kYSro6naA4h99UJvo89HB,DJ Snake,540vIaP2JwjQb9dm3aArA4,1,['0KoiMHhqKLoL4xM54rcWYY']
Selena Gomez,0C8ZW7ezQVs4URX5aX7Kqx,Ozuna,1i8SpTcr7yvPOmcqrbnVXY,1,['0KoiMHhqKLoL4xM54rcWYY']
Selena Gomez,0C8ZW7ezQVs4URX5aX7Kqx,Cardi B,4kYSro6naA4h99UJvo89HB,1,['0KoiMHhqKLoL4xM54rcWYY']
Ozuna,1i8SpTcr7yvPOmcqrbnVXY,Cardi B,4kYSro6naA4h99UJvo89HB,1,['0KoiMHhqKLoL4xM54rcWYY']
Cardi B,4kYSro6naA4h99UJvo89HB,Bad Bunny,4q3ewBCX7sLwd24euuV69X,1,['58q2HKrzhC3ozto2nDdN4z']
J Balvin,1vyhD5VmyZ7KMfW5gqLgo5,Cardi B,4kYSro6naA4h99UJvo89HB,1,['58q2HKrzhC3ozto2nDdN4z']
Gunna,2hlmm7s2ICUX0LVIhVFlZQ,Lil Mosey,5zctI4wO9XSKS8XwcnqEHk,1,['7iHHxY2NLlJRAmlAmC4ahQ']
Camila Cabello,4nDoRrQiYLoBzwC5BhVJzF,Young Thug,50co4Is1HCEo8bhOyUWKpn,1,['1rfofaqEpACxVEHIZBJe6W']
Halsey,26VFTg2z8YR0cCuwLzESi2,benny blanco,5CiGnKThu5ctn9pBxv7DGa,1,['7FGq80cy8juXBCD2nrqdWU']
benny blanco,5CiGnKThu5ctn9pBxv7DGa,Khalid,6LuN9FCkKOj5PcnpouEgny,1,['7FGq80cy8juXBCD2nrqdWU']
Halsey,26VFTg2z8YR0cCuwLzESi2,Khalid,6LuN9FCkKOj5PcnpouEgny,1,['7FGq80cy8juXBCD2nrqdWU']
Drake,3TVXtAsR1Inumwj472S9r4,Bad Bunny,4q3ewBCX7sLwd24euuV69X,1,['116H0KvKr2Zl4RPuVBruDO']
Christian Nodal,0XwVARXT135rw8lyw1EeWP,Piso 21,4bw2Am3p9ji3mYsXNXtQcd,1,['1cVlW9WQiGlFdWUXFdFZGh']
Post Malone,246dkjvS1zLTtiykXe5h60,Ozzy Osbourne,6ZLTlhejhndI4Rh53vYhrY,2,"['4CEFxa53bQl45kF3Fq6CeD', '7CZyCXKG6d5ALeq41sLzbw']"
Travis Scott,0Y5tJX1MQlPlqiwlOH1tJY,Post Malone,246dkjvS1zLTtiykXe5h60,1,['7CZyCXKG6d5ALeq41sLzbw']
Travis Scott,0Y5tJX1MQlPlqiwlOH1tJY,Ozzy Osbourne,6ZLTlhejhndI4Rh53vYhrY,1,['7CZyCXKG6d5ALeq41sLzbw']
Drake,3TVXtAsR1Inumwj472S9r4,Wizkid,3tVQdUvClmAT7URs9V3rsp,1,['1zi7xx7UVEFkmKfv06H8x0']
Drake,3TVXtAsR1Inumwj472S9r4,Kyla,6TK7fjRPdy2GW2pJzNF23L,1,['1zi7xx7UVEFkmKfv06H8x0']
Wizkid,3tVQdUvClmAT7URs9V3rsp,Kyla,6TK7fjRPdy2GW2pJzNF23L,1,['1zi7xx7UVEFkmKfv06H8x0']
NATTI NATASHA,1GDbiv3spRmZ1XdM1jQbT7,Zion,1pgDilWYDWLoOgGjf1iHNu,1,['1ndyl3wJCFs872XZ3ztPk6']
Zion,1pgDilWYDWLoOgGjf1iHNu,Farruko,329e4yvIujISKGKz1BZZbO,2,"['1ndyl3wJCFs872XZ3ztPk6', '5p3JJehpKHjr9pJT5eD2Lz']"
Young Thug,50co4Is1HCEo8bhOyUWKpn,J. Cole,6l3HvQ5sa6mXTsMTB19rO5,1,['3s4mrPrEFFPF0LmAfutW0n']
Travis Scott,0Y5tJX1MQlPlqiwlOH1tJY,J. Cole,6l3HvQ5sa6mXTsMTB19rO5,1,['3s4mrPrEFFPF0LmAfutW0n']
Marília Mendonça,1yR65psqiazQpeM79CcGh8,Anitta,7FNnA9vBm6EKceENgCGRMb,1,['2qD7VoDYcrAPY0cVEfpsR5']
Kygo,23fqKkggKUBHNkbKtXEls4,The Chainsmokers,69GGBxA162lTqCwzJG5jLp,1,['3TKpJrY9q49Mj1JOsM9zGL']
Victor Cardenas,00CMSJdbf36zOzKB3z8JrR,Dayvi,2TWBei99x2tV70bdYbWdAf,1,['4Clmg1g8n2yBYG13Z1oSdG']
Kelly Ruíz,0cCNT5RyWndpS7Zx7ISEDw,Dayvi,2TWBei99x2tV70bdYbWdAf,1,['4Clmg1g8n2yBYG13Z1oSdG']
Victor Cardenas,00CMSJdbf36zOzKB3z8JrR,Kelly Ruíz,0cCNT5RyWndpS7Zx7ISEDw,1,['4Clmg1g8n2yBYG13Z1oSdG']
Coldplay,4gzpq5DPGxSnKTe4SA8HAU,The Chainsmokers,69GGBxA162lTqCwzJG5jLp,1,['6RUKPb4LETWmmr3iAEQktW']
David Bowie,0oSGxfWSnnOXhD2fKuz2Gy,Queen,1dfeR4HaWDbWqFHLkxsg1d,1,['2fuCquhmrzHpu5xcA1ci9x']
DaBaby,4r63FhuTkUYltbVAg5TQnk,Trippie Redd,6Xgp2XMz1fhVYe7i6yNAax,1,['3Kd6Wp3lG5HXMB2dlvuy7y']
Zedd,2qxJFvFYMEDqd7ui6kSAcq,Maren Morris,6WY7D3jk8zTrHtmkqqo5GI,1,['09IStsImFySgyp0pIQdqAc']
Zedd,2qxJFvFYMEDqd7ui6kSAcq,Grey,4lDBihdpMlOalxy1jkUbPl,1,['09IStsImFySgyp0pIQdqAc']
Grey,4lDBihdpMlOalxy1jkUbPl,Maren Morris,6WY7D3jk8zTrHtmkqqo5GI,1,['09IStsImFySgyp0pIQdqAc']
Bruno Mars,0du5cEVh5yTK9QJze8zA0C,Mark Ronson,3hv9jJF3adDNsBSIQDqcjp,1,['32OlwWuMpZ6b0aN2RZOeMS']
Felipe Original,2Cra8I2P4OnMkVguqZRVwi,MC Kevin o Chris,2UMj7NCbuqy1yUZmiSYGjJ,1,['5dKesZwp6deuhEeW8F1UEi']
Sodré,07qgzS86XBNsyrY6MAVDAc,Felipe Original,2Cra8I2P4OnMkVguqZRVwi,1,['5dKesZwp6deuhEeW8F1UEi']
Sodré,07qgzS86XBNsyrY6MAVDAc,MC Kevin o Chris,2UMj7NCbuqy1yUZmiSYGjJ,1,['5dKesZwp6deuhEeW8F1UEi']
MC Kevin o Chris,2UMj7NCbuqy1yUZmiSYGjJ,JS o Mão de Ouro,7C7NNCiIFavKH6oDarjp0v,1,['5dKesZwp6deuhEeW8F1UEi']
Sodré,07qgzS86XBNsyrY6MAVDAc,JS o Mão de Ouro,7C7NNCiIFavKH6oDarjp0v,1,['5dKesZwp6deuhEeW8F1UEi']
ILLENIUM,45eNHdiiabvmbp4erw26rg,The Chainsmokers,69GGBxA162lTqCwzJG5jLp,1,['3g0mEQx3NTanacLseoP0Gw']
Lennon Stella,1cZQSpDsxgKIX2yW5OR9Ot,The Chainsmokers,69GGBxA162lTqCwzJG5jLp,1,['3g0mEQx3NTanacLseoP0Gw']
Lennon Stella,1cZQSpDsxgKIX2yW5OR9Ot,ILLENIUM,45eNHdiiabvmbp4erw26rg,1,['3g0mEQx3NTanacLseoP0Gw']
Oliver Heldens,5nki7yRhxgM509M5ADlN1p,Riton,7i9j813KFoSBMldGqlh2Z1,1,['0qaWEvPkts34WF68r8Dzx9']
Vula,6YqhcZlSE8ugUcmoHLw9gz,Riton,7i9j813KFoSBMldGqlh2Z1,1,['0qaWEvPkts34WF68r8Dzx9']
Oliver Heldens,5nki7yRhxgM509M5ADlN1p,Vula,6YqhcZlSE8ugUcmoHLw9gz,1,['0qaWEvPkts34WF68r8Dzx9']
Meek Mill,20sxb77xiYeusSH8cVdatc,Drake,3TVXtAsR1Inumwj472S9r4,1,['2IRZnDFmlqMuOrYOLnZZyc']
Luis Fonsi,4V8Sr092TqfHkfAA5fXXqG,Daddy Yankee,4VMYDCV2IEDYJArk749S6m,1,['1vnnXMrBeEWiRg3YCMCjQq']
Justin Bieber,1uNFoZAHBGtllmzznpCI3s,Luis Fonsi,4V8Sr092TqfHkfAA5fXXqG,1,['1vnnXMrBeEWiRg3YCMCjQq']
Justin Bieber,1uNFoZAHBGtllmzznpCI3s,Daddy Yankee,4VMYDCV2IEDYJArk749S6m,1,['1vnnXMrBeEWiRg3YCMCjQq']
LUDMILLA,3CDoRporvSjdzTrm99a3gi,Topo La Maskara,3kgQWNZNpp8d8JQZhuKbPP,1,['2RMOwSvOGQyy985Vx4VSGQ']
LUDMILLA,3CDoRporvSjdzTrm99a3gi,Walshy Fire,3yJLZoq3Ra2VmSW5teVgih,1,['2RMOwSvOGQyy985Vx4VSGQ']
Topo La Maskara,3kgQWNZNpp8d8JQZhuKbPP,Walshy Fire,3yJLZoq3Ra2VmSW5teVgih,1,['2RMOwSvOGQyy985Vx4VSGQ']
Los Ángeles Azules,0ZCO8oVkMj897cKgFH7fRW,Natalia Lafourcade,1hcdI2N1023RvSwLzTtdsp,1,['63USmok1OioBzKuWGW9wAg']
Kina,4qIVPF0s71ZYW3qzhu5GkF,Snøw,5fSVkkuijRIpxuvSqysYiP,1,['4ZLzoOkj0MPWrTLvooIuaa']
Kina,4qIVPF0s71ZYW3qzhu5GkF,Adriana Proenza,7KHA7OOevgTDFhlym0oEyP,1,['58wyJLv6yH1La9NIZPl3ne']
Taylor Swift,06HL4z0CvFAxyc27GXpf02,Shawn Mendes,7n2wHs1TKAczGzO7Dd2rGr,1,['3i9UVldZOE0aD0JnyfAZZ0']
Ava Max,4npEfmQ6YuiwW1GpUmaq3F,Alan Walker,7vk5e3vY1uw9plTHJAMwjN,1,['0bMbDctzMmTyK2j74j3nF3']
Anne-Marie,1zNqDE7qDGCsyzJwohVaoX,Lauv,5JZ7CnR6gTvEMKX4g70Amv,1,['3Hig6FDiszzWDPIKSP9swE']
Sam Feldt,20gsENnposVs2I4rQ5kvrf,RANI,3SYnDj7btg9gFY7ps8m5d5,1,['36orMWv2PgvnzXsd5CJ0yL']
Troye Sivan,3WGpXCj9YhhfX11TToZcXP,Lauv,5JZ7CnR6gTvEMKX4g70Amv,1,['4vjpLMyL3ZO6aphdYr8XYw']
DaBaby,4r63FhuTkUYltbVAg5TQnk,Lil Baby,5f7VJjfbwm532GiveGC0ZK,4,"['0PvFJmanyNQMseIFrU708S', '2FvD20Z8aoWIePi7PoN8sG', '4Qd0pa3JO76UEwhos9JmN0', '4iiWcajF1fEUpwcUewc464']"
Moneybagg Yo,3tJoFztHeIJkJWMrx0td2f,DaBaby,4r63FhuTkUYltbVAg5TQnk,1,['2FvD20Z8aoWIePi7PoN8sG']
Moneybagg Yo,3tJoFztHeIJkJWMrx0td2f,Lil Baby,5f7VJjfbwm532GiveGC0ZK,2,"['2FvD20Z8aoWIePi7PoN8sG', '6A9wHAasMxed0firnDao1K']"
Pop Smoke,0eDvMgVFoNV3TpwtrVCoTj,JACKBOYS,7A8S43ryYdbWpJKeHRZRcq,1,['40mjsnRjCpycdUw3xhS20g']
Travis Scott,0Y5tJX1MQlPlqiwlOH1tJY,Pop Smoke,0eDvMgVFoNV3TpwtrVCoTj,1,['40mjsnRjCpycdUw3xhS20g']
Kane Brown,3oSJ7TBVCWMDMiYjXNiCKE,Marshmello,64KEffDW9EtZ1y2vBYgq8T,1,['4hPpVbbakQNv8YTHYaOJP4']
Halsey,26VFTg2z8YR0cCuwLzESi2,BTS,3Nrfpe0tUJi4K4DXYWgMUX,2,"['1ZoQVu9XBssJBdeKMgF2eV', '4a9tbd947vo9K8Vti9JwcI']"
Gradur,2tcoLkA9Hexz70Kuc1NTUl,Heuss L'enfoiré,3YwqjMyrRfuixi2pbgTGCE,1,['4TnFANpjVwVKWzkxNzIyFH']
Gigi D'Agostino,1OAjDaKgg00KCUYqDe68un,Dynoro,3v6Ji4uoWtKRkhuDUaxi9n,1,['0E9ZjEAyAwOXZ7wJC0PD33']
Gunna,2hlmm7s2ICUX0LVIhVFlZQ,Roddy Ricch,757aE44tKEUQEqRuT6GnEB,3,"['5LHHKZOwV8XW4LJP2C64mw', '733c1CWmIGymoQXdp7Us88', '7A20WnLkjtZU2d7hIB6Ziu']"
Olivia Rodrigo,1McMsnEElThX1knmY4oliG,Disney,3xvaSlT4xsyk6lY1ESOspO,1,['4Yxc55NX3tAXC2mHRAhtcW']
Arcángel,4SsVbpTthjScTS7U2hmr1X,Bad Bunny,4q3ewBCX7sLwd24euuV69X,2,"['0fgsKar6uBO08vzHXkTjWi', '4z6wo6PJG4Fve45OXK6D9m']"
A Boogie Wit da Hoodie,31W5EY0aAly4Qieq6OFu6I,Roddy Ricch,757aE44tKEUQEqRuT6GnEB,2,"['6ztvsy3C6hPjVg9j4x1XKJ', '733c1CWmIGymoQXdp7Us88']"
Future,1RyvyyTE3xzB2ZywiAwp0i,Drake,3TVXtAsR1Inumwj472S9r4,5,"['1K5KBOgreBi5fkEHvg5ap3', '4Qd0pa3JO76UEwhos9JmN0', '4iiWcajF1fEUpwcUewc464', '5fHrHoJKfCgBd35zwIBmUK', '7eYAHC0RbBF9eaqWzT34Aq']"
Selena Gomez,0C8ZW7ezQVs4URX5aX7Kqx,6LACK,4IVAbR2w4JJNJDDRFP3E83,1,['2C0hTkdEoikhKzDCJl32QZ']
Nicky Jam,1SupJlEpv7RS2tPNRaHViT,Daddy Yankee,4VMYDCV2IEDYJArk749S6m,1,['4VgYtXCVJ7IbWAZ5ryfvEQ']
Selena Gomez,0C8ZW7ezQVs4URX5aX7Kqx,Kid Cudi,0fA0VVWsXO9YnASrzqfmYu,1,['4bb94wZVF1cX66vQjNeJTX']
Megan Thee Stallion,181bsRPaVXVlUKXrxwZfHK,Normani,2cWZOOzeOm4WmBJRnD5R7I,1,['0PQsrLxPbOBBwwmXCnGvcF']
Shakira,0EmeFodog0BfCgMzAIvKQp,Anuel AA,2R21vXR83lH98kGeO99Y66,1,['5Xhqh4lwJPtMUTsdBztN1a']
Meek Mill,20sxb77xiYeusSH8cVdatc,Roddy Ricch,757aE44tKEUQEqRuT6GnEB,1,['4bl1HBZliBuYpFZjWgefE4']
Juice WRLD,4MCBfE4596Uoi2O4DtmEMz,Eminem,7dGJo4pcD2V6oG8kP0tJRR,1,['7FIWs0pqAYbP91WWM0vlTQ']
Young M.A,7LvoDJUNGnOrPdGRzVtOJ9,Eminem,7dGJo4pcD2V6oG8kP0tJRR,1,['0q2vG0UVuy6ajjcpkQHdZM']
Ed Sheeran,6eUKZXaKkcviH0Ku9w2n3V,Eminem,7dGJo4pcD2V6oG8kP0tJRR,1,['0VSzREd1OjEWJ9tXoFHRQH']
"Royce Da 5'9""",6DVipHzYsPlIoA0DW8Gmns,Eminem,7dGJo4pcD2V6oG8kP0tJRR,3,"['0GQ5bFTVFFKpwNPc7KwQnB', '3CJbxqRQ0JNCqboWDNUUeX', '5mZXWEH2eh8zMZGCxT5aW0']"
White Gold,79KQgTCu4wV38ECYKn62DZ,Eminem,7dGJo4pcD2V6oG8kP0tJRR,1,['0GQ5bFTVFFKpwNPc7KwQnB']
"Royce Da 5'9""",6DVipHzYsPlIoA0DW8Gmns,White Gold,79KQgTCu4wV38ECYKn62DZ,1,['0GQ5bFTVFFKpwNPc7KwQnB']
Skylar Grey,4utLUGcTvOJFr6aqIJtYWV,Eminem,7dGJo4pcD2V6oG8kP0tJRR,2,"['50le2HSqQAIqB4BGD4cE9e', '5CpsIb7SMFHjmAG8RvIWfq']"
Black Thought,6DJEUXZm0e2rAohdoZ5Voo,Eminem,7dGJo4pcD2V6oG8kP0tJRR,1,['5mZXWEH2eh8zMZGCxT5aW0']
Q-Tip,3ZotbHeyVQKxQCPDJuQ4SU,Eminem,7dGJo4pcD2V6oG8kP0tJRR,1,['5mZXWEH2eh8zMZGCxT5aW0']
Denaun,1WjexdTcXHgvlVIPCE8D1Q,Eminem,7dGJo4pcD2V6oG8kP0tJRR,1,['5mZXWEH2eh8zMZGCxT5aW0']
Black Thought,6DJEUXZm0e2rAohdoZ5Voo,"Royce Da 5'9""",6DVipHzYsPlIoA0DW8Gmns,1,['5mZXWEH2eh8zMZGCxT5aW0']
Q-Tip,3ZotbHeyVQKxQCPDJuQ4SU,"Royce Da 5'9""",6DVipHzYsPlIoA0DW8Gmns,1,['5mZXWEH2eh8zMZGCxT5aW0']
Denaun,1WjexdTcXHgvlVIPCE8D1Q,"Royce Da 5'9""",6DVipHzYsPlIoA0DW8Gmns,1,['5mZXWEH2eh8zMZGCxT5aW0']
Q-Tip,3ZotbHeyVQKxQCPDJuQ4SU,Black Thought,6DJEUXZm0e2rAohdoZ5Voo,1,['5mZXWEH2eh8zMZGCxT5aW0']
Denaun,1WjexdTcXHgvlVIPCE8D1Q,Black Thought,6DJEUXZm0e2rAohdoZ5Voo,1,['5mZXWEH2eh8zMZGCxT5aW0']
Denaun,1WjexdTcXHgvlVIPCE8D1Q,Q-Tip,3ZotbHeyVQKxQCPDJuQ4SU,1,['5mZXWEH2eh8zMZGCxT5aW0']
Don Toliver,4Gso3d4CscCijv0lmajZWs,Eminem,7dGJo4pcD2V6oG8kP0tJRR,1,['1lO9CZo6eDrOy0S7khgryG']
Anderson .Paak,3jK9MiCrA42lLAdMGUZpwa,Eminem,7dGJo4pcD2V6oG8kP0tJRR,1,['1qwMkkRiD5jqLeUUjfgblh']
KXNG Crooked,6fFfnKGVI6X3lkCr8Qw1g1,Eminem,7dGJo4pcD2V6oG8kP0tJRR,1,['3CJbxqRQ0JNCqboWDNUUeX']
Joell Ortiz,1q13yHC6Syg5Y8iPLrRnCq,Eminem,7dGJo4pcD2V6oG8kP0tJRR,1,['3CJbxqRQ0JNCqboWDNUUeX']
"Royce Da 5'9""",6DVipHzYsPlIoA0DW8Gmns,KXNG Crooked,6fFfnKGVI6X3lkCr8Qw1g1,1,['3CJbxqRQ0JNCqboWDNUUeX']
Joell Ortiz,1q13yHC6Syg5Y8iPLrRnCq,KXNG Crooked,6fFfnKGVI6X3lkCr8Qw1g1,1,['3CJbxqRQ0JNCqboWDNUUeX']
Joell Ortiz,1q13yHC6Syg5Y8iPLrRnCq,"Royce Da 5'9""",6DVipHzYsPlIoA0DW8Gmns,1,['3CJbxqRQ0JNCqboWDNUUeX']
Loredana,2Im8m4STDBosjfmb5hmP80,Juju,4sg4no0TXdsrM1s4SVUwNF,1,['1hoLUVBx0ixX3kn0EX0P5n']
Juju,4sg4no0TXdsrM1s4SVUwNF,Miksu / Macloud,76dRoxKtDwYkgCQePok9cU,1,['1hoLUVBx0ixX3kn0EX0P5n']
Loredana,2Im8m4STDBosjfmb5hmP80,Miksu / Macloud,76dRoxKtDwYkgCQePok9cU,1,['1hoLUVBx0ixX3kn0EX0P5n']
Future,1RyvyyTE3xzB2ZywiAwp0i,Ufo361,5pVRwX5ZQR7hfJ18w8ZYkl,1,['4qOesAYiMiMFiZrn2wfkl6']
Booba,58wXmynHaAWI5hwlPZP3qL,Maes,6L34dW6SKMSDaGIfYDU19j,1,['5GyyPRvEwdI4wJSUbzxHQv']
Gambi,1lB3I3SI30v2ZOpR4XQqzJ,Heuss L'enfoiré,3YwqjMyrRfuixi2pbgTGCE,1,['2KAkkba3PaYFegfmYpUITv']
Maes,6L34dW6SKMSDaGIfYDU19j,Ninho,6Te49r3A6f5BiIgBRxH7FH,1,['1Sb7QJRawbARgpMqyYNMkT']
Jul,3IW7ScrzXmPvZhB27hmfgy,Maes,6L34dW6SKMSDaGIfYDU19j,1,['4Nfak8iMF4kQfQ6Pa8Z79m']
SUGA,0ebNdVaOfp6N0oZ1guIxM8,Halsey,26VFTg2z8YR0cCuwLzESi2,1,['1ZoQVu9XBssJBdeKMgF2eV']
SUGA,0ebNdVaOfp6N0oZ1guIxM8,BTS,3Nrfpe0tUJi4K4DXYWgMUX,1,['1ZoQVu9XBssJBdeKMgF2eV']
Thiaguinho MT,0yApzRdrUqTGqX9MULdnmV,Mila,606eWexxNhc6Mj0RuCxMA9,1,['4HUZBG98TYbxSR9V1V2DWS']
Thiaguinho MT,0yApzRdrUqTGqX9MULdnmV,JS o Mão de Ouro,7C7NNCiIFavKH6oDarjp0v,1,['4HUZBG98TYbxSR9V1V2DWS']
Mila,606eWexxNhc6Mj0RuCxMA9,JS o Mão de Ouro,7C7NNCiIFavKH6oDarjp0v,1,['4HUZBG98TYbxSR9V1V2DWS']
thasup,19i93sA0D7yS9dYoVNBqAA,Shiva,2K5nCggbhSZ00YCYP5qkZS,1,['6A5qLjVbEC2vNlu17tsExI']
Avicii,1vCWHaC5f2uS3yhpwWbIA6,Kygo,23fqKkggKUBHNkbKtXEls4,1,['3o1CUVeHIid49sabk6A6Nf']
Kygo,23fqKkggKUBHNkbKtXEls4,Sandro Cavazza,5JYo7gm2dkyLLlWHjxS7Dy,1,['3o1CUVeHIid49sabk6A6Nf']
Avicii,1vCWHaC5f2uS3yhpwWbIA6,Sandro Cavazza,5JYo7gm2dkyLLlWHjxS7Dy,1,['3o1CUVeHIid49sabk6A6Nf']
ELIF,65AzRSW0jKSs0WtttEXrOw,Samra,6h1s4i4XKIYv4ErDelLDN0,1,['0Vl4eICpXMjtiK0RhdaWov']
Eno,3GBBxBdoolb0B5YizZq9bF,Nimo,3ZuBEj9ppJe8GSdKaMTfMN,1,['2GdDsXV5v47AZsuwtGjKKy']
Kehlani,0cGUm45nv7Z6M6qdXYQGTX,Justin Bieber,1uNFoZAHBGtllmzznpCI3s,2,"['5VwwpU7KsLhgfbMEecedhJ', '6zGPytJiZmFuyVq7RTNO9G']"
Big Sean,0c173mlxpT3dSFRgMO8XPh,Lil Wayne,55Aa2cqylxrFIXC767Z865,1,['1bRO28yzxgO3y3UmNR29TZ']
Lil Wayne,55Aa2cqylxrFIXC767Z865,Lil Baby,5f7VJjfbwm532GiveGC0ZK,2,"['1bRO28yzxgO3y3UmNR29TZ', '3EVzllf30zIBAtKb75bs1W']"
Big Sean,0c173mlxpT3dSFRgMO8XPh,Lil Baby,5f7VJjfbwm532GiveGC0ZK,1,['1bRO28yzxgO3y3UmNR29TZ']
VIZE,09agIJMxCD2k87ys9Al0f0,Joker Bra,325L7kby6bkG5qSXXAFEWM,1,['1V7JaMp11LKGwKiVmSetf0']
Nas,20qISvAhX20dpIbOOzGK3q,Lil Nas X,7jVv8c5Fj3E9VhNjxT4snq,1,['7ikRId3U9AXd6tfF2fbItC']
Nicki Minaj,0hCNtLu0JehylgoiP8L4Gh,Meghan Trainor,6JL8zeS1NmiOftqZTRgdTz,1,['5HqRQwSAPAgJBQ3bhtpUTg']
Rick Ross,1sBkRIssrMs1AbVkOJbc7a,Russ,1z7b1Pr1rSlvWRzsW3HOrS,1,['40FUPlp2KJvdHY5ABnK100']
Gorillaz,3AA28KZvwAUcZuOKwyblJQ,slowthai,3r1XkJ7vCs8kHBSzGvPLdP,1,['5zZWKugaE2ZmnZN77HVfUH']
Gorillaz,3AA28KZvwAUcZuOKwyblJQ,SOFT PLAY,3xByNj8XW17oW0wsJhgzYL,1,['5zZWKugaE2ZmnZN77HVfUH']
slowthai,3r1XkJ7vCs8kHBSzGvPLdP,SOFT PLAY,3xByNj8XW17oW0wsJhgzYL,1,['5zZWKugaE2ZmnZN77HVfUH']
Taylor Swift,06HL4z0CvFAxyc27GXpf02,Brendon Urie,6eYFryfcEu3QSq59D62wZQ,1,['2Rk4JlNc2TPmZe2af99d45']
Taylor Swift,06HL4z0CvFAxyc27GXpf02,Panic! At The Disco,20JZFwl6HVl6yg8a4H3ZqK,1,['2Rk4JlNc2TPmZe2af99d45']
Panic! At The Disco,20JZFwl6HVl6yg8a4H3ZqK,Brendon Urie,6eYFryfcEu3QSq59D62wZQ,1,['2Rk4JlNc2TPmZe2af99d45']
Shakira,0EmeFodog0BfCgMzAIvKQp,Wyclef Jean,7aBzpmFXB4WWpPl2F7RjBe,1,['3ZFTkvIE7kyPt6Nu3PEa7V']
Shakira,0EmeFodog0BfCgMzAIvKQp,Freshlyground,7AcV1lk8Zrgo1691PDWEle,1,['2Cd9iWfcOpGDHLz6tVA3G4']
KSI,1nzgtKYFckznkcVMR3Gg4z,Trippie Redd,6Xgp2XMz1fhVYe7i6yNAax,1,['5MYzajZVxBaPT2JUSRa99L']
Anuel AA,2R21vXR83lH98kGeO99Y66,JHAYCO,6nVcHLIgY5pE2YCl8ubca1,1,['3qM0vBxIe4VUbK0Z0smuVP']
Quavo,0VRj0yCOv2FXJNP47XQnx5,Justin Bieber,1uNFoZAHBGtllmzznpCI3s,2,"['364dI1bYnvamSnBJ8JcNzN', '4umIPjkehX1r7uhmGvXiSV']"
Young Thug,50co4Is1HCEo8bhOyUWKpn,Trippie Redd,6Xgp2XMz1fhVYe7i6yNAax,1,['003VDDA7J3Xb2ZFlNx7nIZ']
Daddy Yankee,4VMYDCV2IEDYJArk749S6m,Sech,77ziqFxp5gaInVrF2lj4ht,3,"['113PlnpZbHd3WIqeYjhZWv', '35UUpTmrcFXNIVIN26ujXl', '5kbps8unnGH4raN5WduZuq']"
Meek Mill,20sxb77xiYeusSH8cVdatc,Justin Timberlake,31TPClRtHm23RisEBtV3X7,1,['6fvqvUQr12qghH4N8gpAch']
Travis Scott,0Y5tJX1MQlPlqiwlOH1tJY,Ed Sheeran,6eUKZXaKkcviH0Ku9w2n3V,1,['1qf82BwoRe9zdLvyvx7oGP']
MK,1yqxFtPHKcGcv6SXZNdyT9,Ed Sheeran,6eUKZXaKkcviH0Ku9w2n3V,1,['1qf82BwoRe9zdLvyvx7oGP']
Travis Scott,0Y5tJX1MQlPlqiwlOH1tJY,MK,1yqxFtPHKcGcv6SXZNdyT9,1,['1qf82BwoRe9zdLvyvx7oGP']
Quavo,0VRj0yCOv2FXJNP47XQnx5,Pop Smoke,0eDvMgVFoNV3TpwtrVCoTj,4,"['1JDhNQ0oOT7XpclZn3aQ8F', '2FhEj9lvEIaJihjFprRrGt', '6O7fPYTsb2mY0PiFt2ymDB', '7rSnKi58HPIVC0FVyh04Q1']"
G-Eazy,02kJSzxNuaWGqwubyUba0Z,Tory Lanez,2jku7tDXc6XoB6MO2hFuqg,1,['0JjM9bKm4wrwohMslcm892']
G-Eazy,02kJSzxNuaWGqwubyUba0Z,Tyga,5LHRHt1k9lMyONurDHEdrp,1,['0JjM9bKm4wrwohMslcm892']
Tory Lanez,2jku7tDXc6XoB6MO2hFuqg,Tyga,5LHRHt1k9lMyONurDHEdrp,1,['0JjM9bKm4wrwohMslcm892']
Justin Bieber,1uNFoZAHBGtllmzznpCI3s,Post Malone,246dkjvS1zLTtiykXe5h60,1,['2ZlCGeK30BLRNSPC832pNZ']
Justin Bieber,1uNFoZAHBGtllmzznpCI3s,Clever,5yy76ufVriyvidNSvXlRU1,1,['2ZlCGeK30BLRNSPC832pNZ']
Post Malone,246dkjvS1zLTtiykXe5h60,Clever,5yy76ufVriyvidNSvXlRU1,1,['2ZlCGeK30BLRNSPC832pNZ']
Bad Bunny,4q3ewBCX7sLwd24euuV69X,Sech,77ziqFxp5gaInVrF2lj4ht,1,['38RIEav39FGi86jppxO0du']
Travis Scott,0Y5tJX1MQlPlqiwlOH1tJY,Migos,6oMuImdp5ZcFhWP0ESe6mG,1,['6ZelF5APDN5r6XnFqcnvWR']
Young Thug,50co4Is1HCEo8bhOyUWKpn,Migos,6oMuImdp5ZcFhWP0ESe6mG,1,['6ZelF5APDN5r6XnFqcnvWR']
Travis Scott,0Y5tJX1MQlPlqiwlOH1tJY,Justin Bieber,1uNFoZAHBGtllmzznpCI3s,1,['1PnAx788sAvcI3ZxTlEyX8']
Lil Dicky,1tqhsYv8yBBdwANFNzHtcr,Justin Bieber,1uNFoZAHBGtllmzznpCI3s,1,['75nKBP8jQu681pTNCtrEnn']
A Boogie Wit da Hoodie,31W5EY0aAly4Qieq6OFu6I,London On Da Track,5Nf5yishRW9Ye174sJISkg,2,"['5rFGVn8fCFjnRwCebW0XbS', '733c1CWmIGymoQXdp7Us88']"
Gunna,2hlmm7s2ICUX0LVIhVFlZQ,A Boogie Wit da Hoodie,31W5EY0aAly4Qieq6OFu6I,1,['733c1CWmIGymoQXdp7Us88']
London On Da Track,5Nf5yishRW9Ye174sJISkg,Roddy Ricch,757aE44tKEUQEqRuT6GnEB,1,['733c1CWmIGymoQXdp7Us88']
Gunna,2hlmm7s2ICUX0LVIhVFlZQ,London On Da Track,5Nf5yishRW9Ye174sJISkg,1,['733c1CWmIGymoQXdp7Us88']
A Boogie Wit da Hoodie,31W5EY0aAly4Qieq6OFu6I,Young Thug,50co4Is1HCEo8bhOyUWKpn,1,['4l2rsMfr20dj6nf6i6F3Y8']
Justin Bieber,1uNFoZAHBGtllmzznpCI3s,Summer Walker,57LYzLEk2LcFghVwuWbcuS,1,['2FBpJGt00G0h1q0RHuqaGO']
A Boogie Wit da Hoodie,31W5EY0aAly4Qieq6OFu6I,DaBaby,4r63FhuTkUYltbVAg5TQnk,2,"['0dIz1I7IwX5ardG47AHxCZ', '5rFGVn8fCFjnRwCebW0XbS']"
Bonez MC,1aS5tqEs9ci5P9KD9tZWa6,Gzuz,5eioJDe26lOqkAMbuhzZYs,1,['0C6bsQq58Ue1XfL5PKTO6D']
beabadoobee,35l9BRT7MXmM8bv2WDQiyB,Powfu,6bmlMHgSheBauioMgKv2tn,1,['7eJMfftS33KTjuF7lTsMCx']
Stunna 4 Vegas,44IvvHRk2XF243QLA2VOa8,Polo G,6AgTAQt8XS6jRWi4sX7w49,2,"['4PklAHGXT5ityno3IA8SKd', '74fV8TuLZKVzSIOOGu8wwI']"
NLE Choppa,0ErzCpIMyLcjPiwT4elrtZ,Polo G,6AgTAQt8XS6jRWi4sX7w49,2,"['4PklAHGXT5ityno3IA8SKd', '74fV8TuLZKVzSIOOGu8wwI']"
Mike WiLL Made-It,0NWbwDZY1VkRqFafuQm6wk,Polo G,6AgTAQt8XS6jRWi4sX7w49,2,"['4PklAHGXT5ityno3IA8SKd', '74fV8TuLZKVzSIOOGu8wwI']"
NLE Choppa,0ErzCpIMyLcjPiwT4elrtZ,Stunna 4 Vegas,44IvvHRk2XF243QLA2VOa8,2,"['4PklAHGXT5ityno3IA8SKd', '74fV8TuLZKVzSIOOGu8wwI']"
Mike WiLL Made-It,0NWbwDZY1VkRqFafuQm6wk,Stunna 4 Vegas,44IvvHRk2XF243QLA2VOa8,2,"['4PklAHGXT5ityno3IA8SKd', '74fV8TuLZKVzSIOOGu8wwI']"
NLE Choppa,0ErzCpIMyLcjPiwT4elrtZ,Mike WiLL Made-It,0NWbwDZY1VkRqFafuQm6wk,2,"['4PklAHGXT5ityno3IA8SKd', '74fV8TuLZKVzSIOOGu8wwI']"
The Weeknd,1Xyo4u8uXC1ZmMpatF05PJ,Daft Punk,4tZwfgrHOc3mvqYlEYSvVi,1,['7MXVkk9YMctZqd1Srtv4MB']
Future,1RyvyyTE3xzB2ZywiAwp0i,DaBaby,4r63FhuTkUYltbVAg5TQnk,3,"['16oi4OiKmkO51l60F5R9kR', '4Qd0pa3JO76UEwhos9JmN0', '4iiWcajF1fEUpwcUewc464']"
Future,1RyvyyTE3xzB2ZywiAwp0i,Lil Baby,5f7VJjfbwm532GiveGC0ZK,3,"['4Qd0pa3JO76UEwhos9JmN0', '4iiWcajF1fEUpwcUewc464', '6AyWdCtEn1DdxjnxPeojR2']"
Drake,3TVXtAsR1Inumwj472S9r4,DaBaby,4r63FhuTkUYltbVAg5TQnk,4,"['0LEFmgIj8ABU7CelzGh5Bs', '4Qd0pa3JO76UEwhos9JmN0', '4iiWcajF1fEUpwcUewc464', '7wsmIIm0xWmtP7TmACXkJn']"
Drake,3TVXtAsR1Inumwj472S9r4,Lil Baby,5f7VJjfbwm532GiveGC0ZK,2,"['4Qd0pa3JO76UEwhos9JmN0', '4iiWcajF1fEUpwcUewc464']"
BTS,3Nrfpe0tUJi4K4DXYWgMUX,Sia,5WUlDfRSoLAfcVSX1WnrxN,1,['3IB5qOeMayvpOdHxYCL5tZ']
Russ,1z7b1Pr1rSlvWRzsW3HOrS,Trippie Redd,6Xgp2XMz1fhVYe7i6yNAax,1,['6CeZoh6Oemi28WQRpa004x']
MC Lan,4mb1xtQVGSK5dh8AbtwBiR,Major Lazer,738wLrAtLtCtFOLvQBXOXp,1,['1K7WzjKDcDdVbKNGrB0gej']
Major Lazer,738wLrAtLtCtFOLvQBXOXp,Anitta,7FNnA9vBm6EKceENgCGRMb,1,['1K7WzjKDcDdVbKNGrB0gej']
BEAM,46MWeeHNVMYRIIofQBEX98,Major Lazer,738wLrAtLtCtFOLvQBXOXp,1,['1K7WzjKDcDdVbKNGrB0gej']
MC Lan,4mb1xtQVGSK5dh8AbtwBiR,Anitta,7FNnA9vBm6EKceENgCGRMb,1,['1K7WzjKDcDdVbKNGrB0gej']
BEAM,46MWeeHNVMYRIIofQBEX98,MC Lan,4mb1xtQVGSK5dh8AbtwBiR,1,['1K7WzjKDcDdVbKNGrB0gej']
BEAM,46MWeeHNVMYRIIofQBEX98,Anitta,7FNnA9vBm6EKceENgCGRMb,1,['1K7WzjKDcDdVbKNGrB0gej']
MC Ingryd,09EYYUcfEDOvj3D5f45L99,DJ Henrique da VK,6ac253D3NynjiNAjkkR2TJ,1,['63SHcJzckFykS8faA5zojY']
Justin Timberlake,31TPClRtHm23RisEBtV3X7,SZA,7tYKF4w9nC0nq9CsPZTHyP,1,['463PQggkmk5tTw8ug0ahOX']
Gunna,2hlmm7s2ICUX0LVIhVFlZQ,Lil Baby,5f7VJjfbwm532GiveGC0ZK,2,"['02mYw61RoS1vXvkD9Q5dpN', '7KSSdFCBHCfq4KPzz78ghk']"
Lil Uzi Vert,4O15NlyKLIASxsJ0PrXPfz,Lil Baby,5f7VJjfbwm532GiveGC0ZK,1,['3tDqEKKUs6gf8zMvSuLyLA']
Martin Garrix,60d24wfXkVzDSfLS6hyCjZ,Clinton Kane,7okSU80WTrn4LXlyXYbX3P,1,['4RVtBlHFKj51Ipvpfv5ER4']
Capital Bra,4WZGDpNwrC0vNQyl9QzF7d,Samra,6h1s4i4XKIYv4ErDelLDN0,3,"['033if6Adj8fwBYsQzHOfQ8', '4VyJtzcNhnV9gPEgjYzI8L', '6I2jabBRzwhiYHsSTqnrRC']"
42 Dugg,45gHcnDnMC15sgx3VL7ROG,Lil Baby,5f7VJjfbwm532GiveGC0ZK,2,"['01JMnRUs2YOK6DDpdQASGY', '6gxKUmycQX7uyMwJcweFjp']"
Young Thug,50co4Is1HCEo8bhOyUWKpn,Lil Baby,5f7VJjfbwm532GiveGC0ZK,1,['5ixKkLQSriCQakDWbdW8qD']
Juice WRLD,4MCBfE4596Uoi2O4DtmEMz,G Herbo,5QdEbQJ3ylBnc3gsIASAT5,1,['3jT2LKH0RSbQ8jIUNFzXm5']
Lil Uzi Vert,4O15NlyKLIASxsJ0PrXPfz,G Herbo,5QdEbQJ3ylBnc3gsIASAT5,1,['3jT2LKH0RSbQ8jIUNFzXm5']
Chance the Rapper,1anyVhU62p31KFi8MEzkbf,G Herbo,5QdEbQJ3ylBnc3gsIASAT5,1,['3jT2LKH0RSbQ8jIUNFzXm5']
Juice WRLD,4MCBfE4596Uoi2O4DtmEMz,Lil Uzi Vert,4O15NlyKLIASxsJ0PrXPfz,1,['3jT2LKH0RSbQ8jIUNFzXm5']
Chance the Rapper,1anyVhU62p31KFi8MEzkbf,Juice WRLD,4MCBfE4596Uoi2O4DtmEMz,1,['3jT2LKH0RSbQ8jIUNFzXm5']
Chance the Rapper,1anyVhU62p31KFi8MEzkbf,Lil Uzi Vert,4O15NlyKLIASxsJ0PrXPfz,1,['3jT2LKH0RSbQ8jIUNFzXm5']
Yaviah,0Y30TbA4p8SAfCzy2AFBa8,Bad Bunny,4q3ewBCX7sLwd24euuV69X,1,['4j4w4CXm6BSr0s25wAWrrX']
Ñengo Flow,12vb80Km0Ew53ABfJOepVz,Bad Bunny,4q3ewBCX7sLwd24euuV69X,2,"['2DEZmgHKAvm41k4J3R2E9Y', '53v2u51nq3CxiKUNphRzP1']"
Jowell & Randy,4IMAo2UQchVFyPH24PAjUs,Bad Bunny,4q3ewBCX7sLwd24euuV69X,1,['2DEZmgHKAvm41k4J3R2E9Y']
Ñengo Flow,12vb80Km0Ew53ABfJOepVz,Jowell & Randy,4IMAo2UQchVFyPH24PAjUs,1,['2DEZmgHKAvm41k4J3R2E9Y']
Anuel AA,2R21vXR83lH98kGeO99Y66,Bad Bunny,4q3ewBCX7sLwd24euuV69X,3,"['06s3QtMJVXw1AJX3UfvZG1', '4saHEjXw7O1NXJOzBkUKKG', '6NfC2FKfsfzuLIF4lThw0A']"
Duki,1bAftSH8umNcGZ0uyV7LMg,Bad Bunny,4q3ewBCX7sLwd24euuV69X,1,['1V8XneTrX6kKeoxYbk4x6h']
Pablo Chill-E,2XcZshqzPKm3iZcmt73R8D,Bad Bunny,4q3ewBCX7sLwd24euuV69X,1,['1V8XneTrX6kKeoxYbk4x6h']
Duki,1bAftSH8umNcGZ0uyV7LMg,Pablo Chill-E,2XcZshqzPKm3iZcmt73R8D,1,['1V8XneTrX6kKeoxYbk4x6h']
Mora,0Q8NcsJwoCbZOHHW63su5S,Bad Bunny,4q3ewBCX7sLwd24euuV69X,1,['5J7teKIJGtqVypgYI6sqXj']
Kendo Kaponi,1WMwuNKzEFtU6pPkdtryYS,Bad Bunny,4q3ewBCX7sLwd24euuV69X,1,['0fgsKar6uBO08vzHXkTjWi']
Kendo Kaponi,1WMwuNKzEFtU6pPkdtryYS,Arcángel,4SsVbpTthjScTS7U2hmr1X,1,['0fgsKar6uBO08vzHXkTjWi']
Bad Bunny,4q3ewBCX7sLwd24euuV69X,Myke Towers,7iK8PXO48WeuP03g8YR51W,1,['5gCg2qMPzKkW4jS4dBKdDs']
Lil Uzi Vert,4O15NlyKLIASxsJ0PrXPfz,WanMor,5XmuuM2C6t4HSPa3FSuU3h,3,"['2oHDJHNondITqbl8xZ9vPn', '4YcWzLSnGqLjSCycuSMHnn', '5raTDhlbxFDnpn89bxArdH']"
BENEE,0Cp8WN4V8Tu4QJQwCN5Md4,Gus Dapperton,6sHCvZe1PHrOAuYlwTLNH4,1,['4nK5YrxbMGZstTLbvj6Gxw']
Syd,3jk39CGeaaSO3FPKNx1RUx,Lil Uzi Vert,4O15NlyKLIASxsJ0PrXPfz,1,['5KlPy74NOEAt8jC3FYURnQ']
H.E.R.,3Y7RZ31TRPVadSFVy1o8os,Jhené Aiko,5ZS223C6JyBfXasXxrRqOk,1,['63wx9vdskaXbYxyDx4oJCZ']
Loredana,2Im8m4STDBosjfmb5hmP80,Rymez,6lUWb46h9Y8H8cqpW3i0pc,1,['3R3rQ7FbTJdsi5She10YvI']
BTS,3Nrfpe0tUJi4K4DXYWgMUX,Lauv,5JZ7CnR6gTvEMKX4g70Amv,1,['2qG81jL9UIP54uS8gYyP4k']
Future,1RyvyyTE3xzB2ZywiAwp0i,Jhené Aiko,5ZS223C6JyBfXasXxrRqOk,1,['2yUy5eFAFWAichjrySJWA2']
Miguel,360IAlyVv4PCEVjgyMZrxK,Jhené Aiko,5ZS223C6JyBfXasXxrRqOk,1,['2yUy5eFAFWAichjrySJWA2']
Future,1RyvyyTE3xzB2ZywiAwp0i,Miguel,360IAlyVv4PCEVjgyMZrxK,1,['2yUy5eFAFWAichjrySJWA2']
BROCKHAMPTON,1Bl6wpkWCQ4KVgnASpvzzA,Dua Lipa,6M2wZ9GZgrQXHCFfjv46we,1,['438wODjSTL2jgn1nePaNew']
DaBaby,4r63FhuTkUYltbVAg5TQnk,Lil Yachty,6icQOAFXDZKsumw3YXyusw,2,"['0LEFmgIj8ABU7CelzGh5Bs', '7wsmIIm0xWmtP7TmACXkJn']"
Drake,3TVXtAsR1Inumwj472S9r4,Lil Yachty,6icQOAFXDZKsumw3YXyusw,2,"['0LEFmgIj8ABU7CelzGh5Bs', '7wsmIIm0xWmtP7TmACXkJn']"
Gucci Mane,13y7CgLHjMVRMDqxdx0Xdo,Doja Cat,5cj0lLjcoR7YOSnhnX0Po5,1,['4EivmOT13NMpNSfTKn9p4s']
Rauw Alejandro,1mcTU81TzQhprhouKaTkpq,Anuel AA,2R21vXR83lH98kGeO99Y66,2,"['0A37XY67wSdGqkGjtfW6aV', '4loQgPwJHocL3dFwLfjb1J']"
NATTI NATASHA,1GDbiv3spRmZ1XdM1jQbT7,Rauw Alejandro,1mcTU81TzQhprhouKaTkpq,1,['0A37XY67wSdGqkGjtfW6aV']
Rauw Alejandro,1mcTU81TzQhprhouKaTkpq,Lunay,47MpMsUfWtgyIIBEFOr4FE,2,"['0A37XY67wSdGqkGjtfW6aV', '2tGENA8xef0wABdHvyXwv9']"
NATTI NATASHA,1GDbiv3spRmZ1XdM1jQbT7,Anuel AA,2R21vXR83lH98kGeO99Y66,1,['0A37XY67wSdGqkGjtfW6aV']
Anuel AA,2R21vXR83lH98kGeO99Y66,Farruko,329e4yvIujISKGKz1BZZbO,2,"['0A37XY67wSdGqkGjtfW6aV', '5p3JJehpKHjr9pJT5eD2Lz']"
NATTI NATASHA,1GDbiv3spRmZ1XdM1jQbT7,Lunay,47MpMsUfWtgyIIBEFOr4FE,1,['0A37XY67wSdGqkGjtfW6aV']
Farruko,329e4yvIujISKGKz1BZZbO,Lunay,47MpMsUfWtgyIIBEFOr4FE,1,['0A37XY67wSdGqkGjtfW6aV']
Rafa Pabön,11YLRSsZA3YVuQQtHXKTlz,Alex Rose,2DspEsT7UXGKd2VaaedgG4,1,['1bRpSCFv6P2OUhciByeRYR']
Chief Keef,15iVAtD3s3FsQR4w1v6M0P,Lil Uzi Vert,4O15NlyKLIASxsJ0PrXPfz,1,['0IpnZchq8ek2A6pGEP2Qb1']
21 Savage,1URnnhqYAYcrqrcwql10ft,Lil Uzi Vert,4O15NlyKLIASxsJ0PrXPfz,1,['59JWp4PjZ9TRM8cmtaDYB1']
Gunna,2hlmm7s2ICUX0LVIhVFlZQ,Lil Uzi Vert,4O15NlyKLIASxsJ0PrXPfz,2,"['4lAQfuREAHG8IC0PiiigBt', '6nDSLDomNqfet6w0r1GHAz']"
Lil Uzi Vert,4O15NlyKLIASxsJ0PrXPfz,Young Thug,50co4Is1HCEo8bhOyUWKpn,2,"['1HF6P40Z7nfExGaB1Gk99v', '4lAQfuREAHG8IC0PiiigBt']"
Future,1RyvyyTE3xzB2ZywiAwp0i,Lil Uzi Vert,4O15NlyKLIASxsJ0PrXPfz,13,"['021lWIHJrURZrmvYQ1xcM8', '0DUHmrwC8ZviGGC2o2JBy1', '0Tcw8w9pvPrZoORgxsNASW', '0k7wmahjkn389wAZdz19Cv', '19Ec2gbNtQTE44IizcPjtD', '1rP5gAqMlm8d6UnfseuzSm', '5n6gBhdEjCuj3obgCoTEFD', '5syD6f38Jhckk5g9DgoCta', '6GK5du9ndZ7ZwMBrTRTGMH', '6NaVCCFGylOLZAgk5eTTid', '6lt8iodSkYWEV0ifKCSlfg', '76MjtLfZoTNc3BDqUVjuRH', '7liO3TEHfUqLnIlN54CW1D']"
Lil Uzi Vert,4O15NlyKLIASxsJ0PrXPfz,NAV,7rkW85dBwwrJtlHRDkJDAC,2,"['4D7NrSeqkTarBrJ80b2sBc', '6KhmSJf9FvdAcq1tr8LcYD']"
YNW Melly,1cNDP5yjU5vjeR8qMf4grg,Juice WRLD,4MCBfE4596Uoi2O4DtmEMz,1,['4S2uhQE8L9V6p7rj7SiauJ']
Lil Durk,3hcs9uc56yIGFCSy9leWe7,Lil Uzi Vert,4O15NlyKLIASxsJ0PrXPfz,1,['5erLs80hB2TbFWgSAbVQpe']
Lil Uzi Vert,4O15NlyKLIASxsJ0PrXPfz,Young Nudy,5yPzzu25VzEk8qrGTLIrE1,1,['5tBdxqz8gauIO8Hh8qwo0H']
Kaash Paige,0f2YkMXwFNJNSX7MymevKE,Don Toliver,4Gso3d4CscCijv0lmajZWs,1,['13QU8HBEBaSTZGq1HzQe9S']
Travis Scott,0Y5tJX1MQlPlqiwlOH1tJY,Kaash Paige,0f2YkMXwFNJNSX7MymevKE,1,['13QU8HBEBaSTZGq1HzQe9S']
Ellie Goulding,0X2BH1fck6amBIoJhDVmmJ,blackbear,2cFrymmkijnjDg9SS92EPM,1,['0wsfdPl7p3yKjQBmHQsaDn']
Alida,1kiq2kUV0cbLUhJsr7cpW0,Robin Schulz,3t5xRXzsuZmMDkQzgOX35S,1,['61ZM92T2zaXIVsqncThQzC']
Rich The Kid,1pPmIToKXyGdsCF6LmqLmI,Lil Baby,5f7VJjfbwm532GiveGC0ZK,1,['5cHPAqi6V5JPMy0vqS4lK6']
Tory Lanez,2jku7tDXc6XoB6MO2hFuqg,Chris Brown,7bXgB6jMjp9ATFy66eO08Z,1,['0Odu228D0yGcFySGuxU4rY']
Dua Lipa,6M2wZ9GZgrQXHCFfjv46we,HWASA,7bmYpVgQub656uNTu6qGNQ,1,['23jEeXRyrjFbfs2Q8tBwdI']
J Balvin,1vyhD5VmyZ7KMfW5gqLgo5,Sky Rompiendo,51XrH5fQP2oIQynuKxSWcW,1,['3HTbI3yUJQw3fP0Po8qLcD']
J Balvin,1vyhD5VmyZ7KMfW5gqLgo5,Mr Eazi,4TAoP0f9OuWZUesao43xUW,1,['5zzbORcD0GwLY0wQHP1Xs1']
NLE Choppa,0ErzCpIMyLcjPiwT4elrtZ,Roddy Ricch,757aE44tKEUQEqRuT6GnEB,1,['1Z0cZI0UzNbP9L8MzzGxqf']
Dardan,3pjq2pDV9RR6VY55wBjVnp,Monet192,60uPSVM3svOL8kZ3Wkb3Zw,1,['4n0Ke1KJsPHvd7xRoU29E2']
Dolly Parton,32vWCbZh0xZ4o9gkz4PsEU,Kenny Rogers,4tw2Lmn9tTPUv7Gy7mVPI4,1,['6apPqjW8ezpKEicAkkBlvO']
Topic,0u6GtibW46tFX7koQ6uNJZ,A7S,5Wg2b4Mp42gicxEeDNawf7,1,['3H7ihDc1dqLriiWXwsc2po']
Ariana Grande,66CXWjxzNUsdJxJ2JdwvnR,Childish Gambino,73sIBHcqh3Z3NyqHKZ7FOL,1,['2Aq78kKI9yuloJQkcbhQbU']
21 Savage,1URnnhqYAYcrqrcwql10ft,Childish Gambino,73sIBHcqh3Z3NyqHKZ7FOL,1,['011ZwIM48eD8ee2UBpG8nK']
Ink,4ZhFCxPekpmV12n2xMeF2z,Childish Gambino,73sIBHcqh3Z3NyqHKZ7FOL,1,['011ZwIM48eD8ee2UBpG8nK']
Kadhja Bonet,6sqZoZxe9BQwk7Zxh6STfF,Childish Gambino,73sIBHcqh3Z3NyqHKZ7FOL,1,['011ZwIM48eD8ee2UBpG8nK']
21 Savage,1URnnhqYAYcrqrcwql10ft,Ink,4ZhFCxPekpmV12n2xMeF2z,1,['011ZwIM48eD8ee2UBpG8nK']
21 Savage,1URnnhqYAYcrqrcwql10ft,Kadhja Bonet,6sqZoZxe9BQwk7Zxh6STfF,1,['011ZwIM48eD8ee2UBpG8nK']
Ink,4ZhFCxPekpmV12n2xMeF2z,Kadhja Bonet,6sqZoZxe9BQwk7Zxh6STfF,1,['011ZwIM48eD8ee2UBpG8nK']
Shiva,2K5nCggbhSZ00YCYP5qkZS,Eiffel 65,64rxQRJsLgZwHHyWKB8fiF,1,['2chEq24EHjyw9Zjmwq0hlS']
PARTYNEXTDOOR,2HPaUgqeutzr3jx5a9WyDV,Rihanna,5pKCCKE2ajJHZ9KAiaK11H,1,['4HDCLYli2SUdkq9OjmvhSD']
Gunna,2hlmm7s2ICUX0LVIhVFlZQ,NAV,7rkW85dBwwrJtlHRDkJDAC,5,"['0bMyxvtbPa7HFemLjzw0xX', '0lSZh5W0wDeurkGzLYY6hf', '6NzuJWrNriXAbSmscAuSIq', '7IMwEtpAiJanqF6vQteZN2', '7hxHWCCAIIxFLCzvDgnQHX']"
Travis Scott,0Y5tJX1MQlPlqiwlOH1tJY,NAV,7rkW85dBwwrJtlHRDkJDAC,2,"['0lSZh5W0wDeurkGzLYY6hf', '7IMwEtpAiJanqF6vQteZN2']"
Zara Larsson,1Xylc3o4UrD53lo9CvFvVg,Kygo,23fqKkggKUBHNkbKtXEls4,1,['4dyrqiXUcK29hzrL2elqO3']
Kygo,23fqKkggKUBHNkbKtXEls4,Tyga,5LHRHt1k9lMyONurDHEdrp,1,['4dyrqiXUcK29hzrL2elqO3']
Zara Larsson,1Xylc3o4UrD53lo9CvFvVg,Tyga,5LHRHt1k9lMyONurDHEdrp,1,['4dyrqiXUcK29hzrL2elqO3']
Loredana,2Im8m4STDBosjfmb5hmP80,Zuna,2otUckChxWf2cp6UP2cD6e,1,['719aY5gAzJbx2PHjyalZQu']
SRNO,0Kwf0zcciIFGLCKiqNcO6Q,Zuna,2otUckChxWf2cp6UP2cD6e,1,['719aY5gAzJbx2PHjyalZQu']
SRNO,0Kwf0zcciIFGLCKiqNcO6Q,Loredana,2Im8m4STDBosjfmb5hmP80,1,['719aY5gAzJbx2PHjyalZQu']
PARTYNEXTDOOR,2HPaUgqeutzr3jx5a9WyDV,Drake,3TVXtAsR1Inumwj472S9r4,1,['3LnJM1B5Mjgx5LfT9plXUU']
Marcus Mumford,3bYcjbVAN3rAuU3TMzw2mB,Major Lazer,738wLrAtLtCtFOLvQBXOXp,1,['0oB9964bp22Bmok0Dmxlzb']
Marcus Mumford,3bYcjbVAN3rAuU3TMzw2mB,Diplo,5fMUXHkw8R8eOP2RNVYEZX,1,['0oB9964bp22Bmok0Dmxlzb']
Surf Mesa,1lmU3giNF3CSbkVSQmLpHQ,Emilee,4ArPQ1Opcksbbf3CPwEjWE,1,['62aP9fBQKYKxi7PDXwcUAS']
Wiz Khalifa,137W8MRPWKqSmrBGDBFSop,Tyga,5LHRHt1k9lMyONurDHEdrp,1,['0WLhJ2NBuZHuoHY8pLVHJ0']
AK AUSSERKONTROLLE,07SFzTMeYf5P8Rd32a9Zzw,Shindy,5j21TGkrNEAJe3gG9VlS34,1,['6xMBPfgaEQKshwp7oYrtP4']
Kygo,23fqKkggKUBHNkbKtXEls4,Sasha Alex Sloan,4xnihxcoXWK3UqryOSnbw5,1,['1tuXOJYN6CkgubpifHEm96']
Dalex,0KPX4Ucy9dk82uj4GpKesn,Rauw Alejandro,1mcTU81TzQhprhouKaTkpq,2,"['50ZC4PM7hywH27RcCfViau', '74j34STf8L6uADnTN69ohv']"
Rauw Alejandro,1mcTU81TzQhprhouKaTkpq,Lenny Tavárez,1pQWsZQehhS4wavwh7Fnxd,1,['50ZC4PM7hywH27RcCfViau']
Rauw Alejandro,1mcTU81TzQhprhouKaTkpq,Dímelo Flow,3fZk3Gm5dN5v5yfYMQ04Bx,1,['50ZC4PM7hywH27RcCfViau']
Lunay,47MpMsUfWtgyIIBEFOr4FE,Myke Towers,7iK8PXO48WeuP03g8YR51W,1,['2tGENA8xef0wABdHvyXwv9']
Chencho Corleone,37230BxxYs9ksS7OkZw3IU,Lunay,47MpMsUfWtgyIIBEFOr4FE,1,['2tGENA8xef0wABdHvyXwv9']
Ozuna,1i8SpTcr7yvPOmcqrbnVXY,Myke Towers,7iK8PXO48WeuP03g8YR51W,3,"['2tGENA8xef0wABdHvyXwv9', '3fhOpwaKobrELFjKLcXHgI', '67jvGGbJmOmVonlyX3mNkV']"
Ozuna,1i8SpTcr7yvPOmcqrbnVXY,Chencho Corleone,37230BxxYs9ksS7OkZw3IU,2,"['2tGENA8xef0wABdHvyXwv9', '5y7DaS3jAc9eZzcSOoUIwU']"
Ozuna,1i8SpTcr7yvPOmcqrbnVXY,Rauw Alejandro,1mcTU81TzQhprhouKaTkpq,1,['2tGENA8xef0wABdHvyXwv9']
Chencho Corleone,37230BxxYs9ksS7OkZw3IU,Myke Towers,7iK8PXO48WeuP03g8YR51W,1,['2tGENA8xef0wABdHvyXwv9']
Rauw Alejandro,1mcTU81TzQhprhouKaTkpq,Myke Towers,7iK8PXO48WeuP03g8YR51W,2,"['2tGENA8xef0wABdHvyXwv9', '5VzNsUnLmYcRfRfxpQsusa']"
Rauw Alejandro,1mcTU81TzQhprhouKaTkpq,Chencho Corleone,37230BxxYs9ksS7OkZw3IU,3,"['2tGENA8xef0wABdHvyXwv9', '4SJHHpKhcuXwDsCsPqshXj', '74j34STf8L6uADnTN69ohv']"
Vicetone,0daugAjUgbJSqdlyYNwIbT,Tony Igy,2jpQ0ywffgVHhZFQNWaWYW,1,['665AK0ovB11McZRwfa852G']
John Mayer,0hEurMDQu99nJRq8pTxO14,Leon Bridges,3qnGvpP8Yth1AqSBMqON5x,1,['4ehkZtzPTbjsRULRfQSWYu']
Alesso,4AVFqumd2ogHFlRbKIjp1t,Liam Payne,5pUo3fmmHT8bhCyHE52hA6,1,['4ZTTUAjJCd4NMZmIU7RB4c']
Mansa Of The Hill,09OSlbN2DUUOG9cbRWdWuT,Tory Lanez,2jku7tDXc6XoB6MO2hFuqg,1,['7DHNcoR73yUYCSn6PqBgkH']
Arcángel,4SsVbpTthjScTS7U2hmr1X,Romeo Santos,5lwmRuXgjX8xIwlnauTZIP,1,['4Pu0a2TuHOYtI4CCE3HEXI']
Romeo Santos,5lwmRuXgjX8xIwlnauTZIP,Sech,77ziqFxp5gaInVrF2lj4ht,1,['4Pu0a2TuHOYtI4CCE3HEXI']
Camilo,28gNT5KBp7IjEOQoevXf9N,Evaluna Montaner,52qzWdNUp6ebjcNsvgZSiC,1,['0pgj4EzB1XRqgZemoMNG5D']
DaBaby,4r63FhuTkUYltbVAg5TQnk,Roddy Ricch,757aE44tKEUQEqRuT6GnEB,2,"['4Aykm3xrOFSHrAnv80KUhh', '7ytR5pFWmSjzHJIeQkgog4']"
Sam Smith,2wY79sveU1sp5g7SokKOiI,Demi Lovato,6S2OmqARrzebs0tKUEyXyp,1,['1fipvP2zmef6vN2IwXfJhY']
Quavo,0VRj0yCOv2FXJNP47XQnx5,DaBaby,4r63FhuTkUYltbVAg5TQnk,1,['5gNOINI5dXZVom2b36LMOd']
jetsonmade,0UcXjTpzt0DmIwPSNwlJfF,DaBaby,4r63FhuTkUYltbVAg5TQnk,1,['16oi4OiKmkO51l60F5R9kR']
jetsonmade,0UcXjTpzt0DmIwPSNwlJfF,Future,1RyvyyTE3xzB2ZywiAwp0i,1,['16oi4OiKmkO51l60F5R9kR']
DaBaby,4r63FhuTkUYltbVAg5TQnk,YoungBoy Never Broke Again,7wlFDEWiM5OoIAt8RSli8b,2,"['0oT9ElXYSxvnOOagP9efDq', '2iz3EDFoPOjPRZs9wt5iNh']"
Kygo,23fqKkggKUBHNkbKtXEls4,Zak Abel,6Gk5hoM7eW8NSCYhICMDHw,1,['2nx0EIlIKMnMgWnj40O0HQ']
DaBaby,4r63FhuTkUYltbVAg5TQnk,London On Da Track,5Nf5yishRW9Ye174sJISkg,1,['5rFGVn8fCFjnRwCebW0XbS']
DaBaby,4r63FhuTkUYltbVAg5TQnk,Ashanti,5rkVyNGXEgeUqKkB5ccK83,1,['3oHiR89Y8gn6xt3YGAAzFj']
Megan Thee Stallion,181bsRPaVXVlUKXrxwZfHK,DaBaby,4r63FhuTkUYltbVAg5TQnk,1,['3oHiR89Y8gn6xt3YGAAzFj']
Megan Thee Stallion,181bsRPaVXVlUKXrxwZfHK,Ashanti,5rkVyNGXEgeUqKkB5ccK83,1,['3oHiR89Y8gn6xt3YGAAzFj']
Rvssian,1fctva4kpRbg2k3v7kwRuS,Anuel AA,2R21vXR83lH98kGeO99Y66,1,['2AuWgceaQyfMoI3EGavwGb']
Rvssian,1fctva4kpRbg2k3v7kwRuS,Juice WRLD,4MCBfE4596Uoi2O4DtmEMz,1,['2AuWgceaQyfMoI3EGavwGb']
Anuel AA,2R21vXR83lH98kGeO99Y66,Juice WRLD,4MCBfE4596Uoi2O4DtmEMz,1,['2AuWgceaQyfMoI3EGavwGb']
21 Savage,1URnnhqYAYcrqrcwql10ft,Summer Walker,57LYzLEk2LcFghVwuWbcuS,1,['67lKDoCZbRCJDa4RT68eme']
Lil Tecca,4Ga1P7PMIsmqEZqhYZQgDo,Internet Money,6MPCFvOQv5cIGfw3jODMF0,1,['7rTzrRdc5UbvLr0gwI1J3E']
Ozuna,1i8SpTcr7yvPOmcqrbnVXY,Black Eyed Peas,1yxSLGMDHlW21z4YXirZDS,1,['24IgCW19L8lXKyFZwzFtD3']
J. Rey Soul,1OB278sOZVSFx5vXqYha83,Black Eyed Peas,1yxSLGMDHlW21z4YXirZDS,1,['24IgCW19L8lXKyFZwzFtD3']
J. Rey Soul,1OB278sOZVSFx5vXqYha83,Ozuna,1i8SpTcr7yvPOmcqrbnVXY,1,['24IgCW19L8lXKyFZwzFtD3']
Travis Scott,0Y5tJX1MQlPlqiwlOH1tJY,THE SCOTTS,2PaZWGu5T5nHjY2xxAkFsT,1,['39Yp9wwQiSRIDOvrVg7mbk']
Kid Cudi,0fA0VVWsXO9YnASrzqfmYu,THE SCOTTS,2PaZWGu5T5nHjY2xxAkFsT,1,['39Yp9wwQiSRIDOvrVg7mbk']
Travis Scott,0Y5tJX1MQlPlqiwlOH1tJY,Kid Cudi,0fA0VVWsXO9YnASrzqfmYu,1,['39Yp9wwQiSRIDOvrVg7mbk']
KSI,1nzgtKYFckznkcVMR3Gg4z,Swarmz,2yPprAQlrIQWu60g09B9MZ,1,['1iTBugGyk1aif7Lp7FMEg2']
KSI,1nzgtKYFckznkcVMR3Gg4z,Tion Wayne,7b79bQFziJFedJb75k6hFt,1,['1iTBugGyk1aif7Lp7FMEg2']
Swarmz,2yPprAQlrIQWu60g09B9MZ,Tion Wayne,7b79bQFziJFedJb75k6hFt,1,['1iTBugGyk1aif7Lp7FMEg2']
Megan Thee Stallion,181bsRPaVXVlUKXrxwZfHK,Beyoncé,6vWDO969PvNqNYHIOW5v0m,1,['5v4GgrXPMghOnBBLmveLac']
Loredana,2Im8m4STDBosjfmb5hmP80,Capital Bra,4WZGDpNwrC0vNQyl9QzF7d,1,['7v8OynJxOxHoeS5C2UA9Y7']
Rauw Alejandro,1mcTU81TzQhprhouKaTkpq,KEVVO,4QrBoWLm2WNlPdbFhmlaUZ,1,['74j34STf8L6uADnTN69ohv']
Rauw Alejandro,1mcTU81TzQhprhouKaTkpq,Bryant Myers,6w9ToX5slZ4uIdmD17hJ3c,1,['74j34STf8L6uADnTN69ohv']
Lyanno,1Ts9of7VPZElwPQnqnDSfW,Rauw Alejandro,1mcTU81TzQhprhouKaTkpq,1,['74j34STf8L6uADnTN69ohv']
Chencho Corleone,37230BxxYs9ksS7OkZw3IU,KEVVO,4QrBoWLm2WNlPdbFhmlaUZ,1,['74j34STf8L6uADnTN69ohv']
Chencho Corleone,37230BxxYs9ksS7OkZw3IU,Bryant Myers,6w9ToX5slZ4uIdmD17hJ3c,1,['74j34STf8L6uADnTN69ohv']
Lyanno,1Ts9of7VPZElwPQnqnDSfW,Chencho Corleone,37230BxxYs9ksS7OkZw3IU,1,['74j34STf8L6uADnTN69ohv']
KEVVO,4QrBoWLm2WNlPdbFhmlaUZ,Bryant Myers,6w9ToX5slZ4uIdmD17hJ3c,1,['74j34STf8L6uADnTN69ohv']
Lyanno,1Ts9of7VPZElwPQnqnDSfW,KEVVO,4QrBoWLm2WNlPdbFhmlaUZ,1,['74j34STf8L6uADnTN69ohv']
Dalex,0KPX4Ucy9dk82uj4GpKesn,KEVVO,4QrBoWLm2WNlPdbFhmlaUZ,1,['74j34STf8L6uADnTN69ohv']
Lyanno,1Ts9of7VPZElwPQnqnDSfW,Bryant Myers,6w9ToX5slZ4uIdmD17hJ3c,1,['74j34STf8L6uADnTN69ohv']
Dalex,0KPX4Ucy9dk82uj4GpKesn,Bryant Myers,6w9ToX5slZ4uIdmD17hJ3c,1,['74j34STf8L6uADnTN69ohv']
Dalex,0KPX4Ucy9dk82uj4GpKesn,Lyanno,1Ts9of7VPZElwPQnqnDSfW,1,['74j34STf8L6uADnTN69ohv']
Drake,3TVXtAsR1Inumwj472S9r4,Playboi Carti,699OTQXzgjhIYAHMy9RyPD,1,['6Kj17Afjo1OKJYpf5VzCeo']
Drake,3TVXtAsR1Inumwj472S9r4,GIVĒON,4fxd5Ee7UefO4CUXgwJ7IP,1,['4wVOKKEHUJxHCFFNUWDn0B']
Future,1RyvyyTE3xzB2ZywiAwp0i,Young Thug,50co4Is1HCEo8bhOyUWKpn,2,"['3cFHCXuBZKMJd8Q4Wt8RB3', '5fHrHoJKfCgBd35zwIBmUK']"
Drake,3TVXtAsR1Inumwj472S9r4,Young Thug,50co4Is1HCEo8bhOyUWKpn,1,['5fHrHoJKfCgBd35zwIBmUK']
Fivio Foreign,14CHVeJGrR5xgUGQFV5BVM,Drake,3TVXtAsR1Inumwj472S9r4,1,['05aZ9sAU1YXndHv0FMi9iW']
Sosa Geek,2UyyBkpzN5w3hzZBZGvRZb,Drake,3TVXtAsR1Inumwj472S9r4,1,['05aZ9sAU1YXndHv0FMi9iW']
Fivio Foreign,14CHVeJGrR5xgUGQFV5BVM,Sosa Geek,2UyyBkpzN5w3hzZBZGvRZb,1,['05aZ9sAU1YXndHv0FMi9iW']
Halsey,26VFTg2z8YR0cCuwLzESi2,Marshmello,64KEffDW9EtZ1y2vBYgq8T,1,['3Z8FwOEN59mRMxDCtb8N0A']
Nicki Minaj,0hCNtLu0JehylgoiP8L4Gh,Doja Cat,5cj0lLjcoR7YOSnhnX0Po5,1,['11VApNQCWLJdzxWrlmwzUa']
Banda MS de Sergio Lizárraga,2C6i0I5RiGzDKN9IAF8reh,Snoop Dogg,7hJcb9fa4alzcOq3EaNPoG,1,['2RxC2peY3FtrurYmbbmanr']
Summer Walker,57LYzLEk2LcFghVwuWbcuS,Khalid,6LuN9FCkKOj5PcnpouEgny,1,['18O00Y7yrkJ0pRXm1n21Og']
SUGA,0ebNdVaOfp6N0oZ1guIxM8,IU,3HqSLMAZ3g3d5poNaI7GOU,1,['0pYacDCZuRhcrwGUA5nTBe']
Young T & Bugsey,6M6XXCcO5gI68XpIlrUL3Z,Headie One,6UCQYrcJ6wab6gnQ89OJFh,1,['7LRmDx4pMTQuOBBwRT1MCT']
Justin Bieber,1uNFoZAHBGtllmzznpCI3s,Ariana Grande,66CXWjxzNUsdJxJ2JdwvnR,1,['4HBZA5flZLE435QTztThqH']
Fivio Foreign,14CHVeJGrR5xgUGQFV5BVM,Lil Tjay,6jGMq4yGs7aQzuGsMgVgZR,1,['3Ddny34bFoYBb8dIGq5lwp']
Pop Smoke,0eDvMgVFoNV3TpwtrVCoTj,Lil Tjay,6jGMq4yGs7aQzuGsMgVgZR,2,"['3Ddny34bFoYBb8dIGq5lwp', '5rZlwNFl01HqLWBQGryKSm']"
Pop Smoke,0eDvMgVFoNV3TpwtrVCoTj,Fivio Foreign,14CHVeJGrR5xgUGQFV5BVM,1,['3Ddny34bFoYBb8dIGq5lwp']
Shirin David,0JBdTCGs111JKKYfLqOEBa,Haftbefehl,6ynopZPMBXcIGBI9M02Un5,1,['1mfmCQWZhV30L4Aj8ytMLz']
Haftbefehl,6ynopZPMBXcIGBI9M02Un5,Bazzazian,7k403TjkSs0KANqh7pe9Vn,1,['1mfmCQWZhV30L4Aj8ytMLz']
Shirin David,0JBdTCGs111JKKYfLqOEBa,Bazzazian,7k403TjkSs0KANqh7pe9Vn,1,['1mfmCQWZhV30L4Aj8ytMLz']
Young Thug,50co4Is1HCEo8bhOyUWKpn,NAV,7rkW85dBwwrJtlHRDkJDAC,1,['29eSqQBrdva2tPLYMneFzP']
Future,1RyvyyTE3xzB2ZywiAwp0i,NAV,7rkW85dBwwrJtlHRDkJDAC,1,['2AEtYwT9qg2eY6G9m8wOxW']
Pop Smoke,0eDvMgVFoNV3TpwtrVCoTj,NAV,7rkW85dBwwrJtlHRDkJDAC,1,['6LUE5WlMgrpLouGxzJAUVv']
Lil Durk,3hcs9uc56yIGFCSy9leWe7,Lil Baby,5f7VJjfbwm532GiveGC0ZK,1,['2h4cmbyb6S7e8igDZIITJU']
Lil Durk,3hcs9uc56yIGFCSy9leWe7,Polo G,6AgTAQt8XS6jRWi4sX7w49,1,['2h4cmbyb6S7e8igDZIITJU']
Lil Baby,5f7VJjfbwm532GiveGC0ZK,Polo G,6AgTAQt8XS6jRWi4sX7w49,2,"['2h4cmbyb6S7e8igDZIITJU', '65jw6GhwQW3Db55PxlPEpS']"
Kehlani,0cGUm45nv7Z6M6qdXYQGTX,Jhené Aiko,5ZS223C6JyBfXasXxrRqOk,1,['1YqXXJDSlDHrp66g9as4uo']
Lazza,0jdNdfi4vAuVi7a6cPDFBM,Dark Polo Gang,4CuMwzDzEdlUJMEna38VQ0,1,['7MhzmWFJYSEsL8wK7hufaC']
Salmo,3hBQ4zniNdQf1cqqo6hzuW,Dark Polo Gang,4CuMwzDzEdlUJMEna38VQ0,1,['7MhzmWFJYSEsL8wK7hufaC']
Lazza,0jdNdfi4vAuVi7a6cPDFBM,Salmo,3hBQ4zniNdQf1cqqo6hzuW,1,['7MhzmWFJYSEsL8wK7hufaC']
Don Toliver,4Gso3d4CscCijv0lmajZWs,NAV,7rkW85dBwwrJtlHRDkJDAC,2,"['67LB1vZuG114LqRN8h8bQ2', '7hxHWCCAIIxFLCzvDgnQHX']"
Stormzy,2SrSdSvpminqmStGELCSNd,Joel Corry,6DgP9otnZw5z6daOntINxp,1,['49i5Qn3zXsMBPsSOmYAFut']
Joel Corry,6DgP9otnZw5z6daOntINxp,Ed Sheeran,6eUKZXaKkcviH0Ku9w2n3V,1,['49i5Qn3zXsMBPsSOmYAFut']
Burna Boy,3wcj11K77LjEY1PkEazffa,Joel Corry,6DgP9otnZw5z6daOntINxp,1,['49i5Qn3zXsMBPsSOmYAFut']
Justin Quiles,14zUHaJZo1mnYtn6IBRaRP,Daddy Yankee,4VMYDCV2IEDYJArk749S6m,1,['0eeKDrQxjqNl5bX5VCHDcn']
Justin Quiles,14zUHaJZo1mnYtn6IBRaRP,El Alfa,2oQX8QiMXOyuqbcZEFsZfm,1,['0eeKDrQxjqNl5bX5VCHDcn']
El Alfa,2oQX8QiMXOyuqbcZEFsZfm,Daddy Yankee,4VMYDCV2IEDYJArk749S6m,1,['0eeKDrQxjqNl5bX5VCHDcn']
Don Omar,33ScadVnbm2X8kkUqOkC6Z,Bad Bunny,4q3ewBCX7sLwd24euuV69X,1,['5XqCz18k96K8tx6DAYM97i']
Zion & Lennox,21451j1KhjAiaYKflxBjr1,Bad Bunny,4q3ewBCX7sLwd24euuV69X,1,['4EJHKSnHENfjOxXWryyNtL']
Yandel,0eHQ9o50hj6ZDNBt6Ys1sD,Bad Bunny,4q3ewBCX7sLwd24euuV69X,1,['3pm4XtcsRIFFtH2UErk62R']
Nicky Jam,1SupJlEpv7RS2tPNRaHViT,Bad Bunny,4q3ewBCX7sLwd24euuV69X,1,['5bmSver2b3ZXyuyLKtgnFI']
Gabriela,1A8aoDrchH5aefQYBCfpLv,Bad Bunny,4q3ewBCX7sLwd24euuV69X,1,['2DhNdoHxavs7Qtf5MnhZD0']
Nicki Minaj,0hCNtLu0JehylgoiP8L4Gh,6ix9ine,7gZfnEnfiaHzxARJ2LeXrf,2,"['2l8nEO0vsTRCRnGqQty6qx', '3dVvWnj4D8JGkKvo6Hucso']"
Murda Beatz,3CbYyyd8wH3RT6t0jwpdzC,6ix9ine,7gZfnEnfiaHzxARJ2LeXrf,1,['2l8nEO0vsTRCRnGqQty6qx']
Nicki Minaj,0hCNtLu0JehylgoiP8L4Gh,Murda Beatz,3CbYyyd8wH3RT6t0jwpdzC,1,['2l8nEO0vsTRCRnGqQty6qx']
Sleepy Hallow,6EPlBSH2RSiettczlz7ihV,Fousheé,6trIghKwHRUyxwvm66HLHH,1,['2AlYncTpVHKwHb55F9lF6O']
DTG,6kZWqUZqptyxb8Ki5DyBAg,S1mba,71jSVPQ6yskfyvWeiwvT5s,1,['4slSrbTK1sNK4I1mDYEthf']
Travis Scott,0Y5tJX1MQlPlqiwlOH1tJY,Future,1RyvyyTE3xzB2ZywiAwp0i,1,['4kfeRwpq5KUaqTkgi4TbDF']
Kygo,23fqKkggKUBHNkbKtXEls4,OneRepublic,5Pwc4xIPtQLFEnJriah9YJ,1,['1sgDyuLooyvEML4oHspNza']
Future,1RyvyyTE3xzB2ZywiAwp0i,YoungBoy Never Broke Again,7wlFDEWiM5OoIAt8RSli8b,1,['740kQ8xwSGloumdiKR5Cwz']
KAROL G,790FomKkXshlbRYZFtlgla,Jonas Brothers,7gOdHgIoIKoe4i9Tta6qdD,1,['77fvnWALKJR0ws1VUx09CY']
PARTYNEXTDOOR,2HPaUgqeutzr3jx5a9WyDV,Trippie Redd,6Xgp2XMz1fhVYe7i6yNAax,1,['3WnTQDd9A3bpBfzCziElU9']
Juice WRLD,4MCBfE4596Uoi2O4DtmEMz,Polo G,6AgTAQt8XS6jRWi4sX7w49,2,"['0ada5XsQGLPUVbmTCkAP49', '2QqJTIlGKRLJC3onkavYEz']"
John Martin,2auikkNYqigWStoHWK1Grq,Martin Garrix,60d24wfXkVzDSfLS6hyCjZ,1,['0rohJsT6NWsThpukt0Xxdc']
Summer Cem,3drqpTL4sQOckmAfF9i1wg,KC Rebell,5p7mWeX4RlvqBCxylfiXdE,5,"['1WoM4mof0Nl1xPtwf6h6ow', '2MpaGhvIcWxGpTppgQWM1D', '2rxxXYtTIFKyrhJpofeoIX', '3yFmG1luaLjuHWI6BGmwxJ', '7EN5yE1l414pRyz4AkCEYD']"
Lennon Stella,1cZQSpDsxgKIX2yW5OR9Ot,Charlie Puth,6VuMaDnrHyPL1p4EHjYLi7,1,['49dFIRQCQxPWgoH0m38XQ5']
Anuel AA,2R21vXR83lH98kGeO99Y66,Nio Garcia,5hdhHgpxyniooUiQVaPxQ0,1,['6bvfJf4KjonPMuPfGfy3S2']
Nio Garcia,5hdhHgpxyniooUiQVaPxQ0,Myke Towers,7iK8PXO48WeuP03g8YR51W,1,['6bvfJf4KjonPMuPfGfy3S2']
Brray,1GKIlPFdcewHtpDVCQ8zmJ,Nio Garcia,5hdhHgpxyniooUiQVaPxQ0,1,['6bvfJf4KjonPMuPfGfy3S2']
Juanka,3Wb38LDP3N4tkobValgE9D,Nio Garcia,5hdhHgpxyniooUiQVaPxQ0,1,['6bvfJf4KjonPMuPfGfy3S2']
Anuel AA,2R21vXR83lH98kGeO99Y66,Myke Towers,7iK8PXO48WeuP03g8YR51W,1,['6bvfJf4KjonPMuPfGfy3S2']
Brray,1GKIlPFdcewHtpDVCQ8zmJ,Anuel AA,2R21vXR83lH98kGeO99Y66,1,['6bvfJf4KjonPMuPfGfy3S2']
Anuel AA,2R21vXR83lH98kGeO99Y66,Juanka,3Wb38LDP3N4tkobValgE9D,1,['6bvfJf4KjonPMuPfGfy3S2']
Brray,1GKIlPFdcewHtpDVCQ8zmJ,Myke Towers,7iK8PXO48WeuP03g8YR51W,1,['6bvfJf4KjonPMuPfGfy3S2']
Juanka,3Wb38LDP3N4tkobValgE9D,Myke Towers,7iK8PXO48WeuP03g8YR51W,2,"['3fhOpwaKobrELFjKLcXHgI', '6bvfJf4KjonPMuPfGfy3S2']"
Brray,1GKIlPFdcewHtpDVCQ8zmJ,Juanka,3Wb38LDP3N4tkobValgE9D,1,['6bvfJf4KjonPMuPfGfy3S2']
The Weeknd,1Xyo4u8uXC1ZmMpatF05PJ,Doja Cat,5cj0lLjcoR7YOSnhnX0Po5,1,['0UnTaVkntyh3vqvLEvbpQx']
Lady Gaga,1HY2Jd0NmPuamShAr6KMms,Ariana Grande,66CXWjxzNUsdJxJ2JdwvnR,1,['7ju97lgwC2rKQ6wwsf9no9']
RM,2auC28zjQyVTsiZKNgPRGs,Agust D,5RmQ8k4l3HZ8JoPb4mNsML,1,['4KjASaPtCvRJ4YArYpz6je']
MAX,1bqxdqvUtPWZri43cKHac8,Agust D,5RmQ8k4l3HZ8JoPb4mNsML,1,['0x25VdiFOIBl1epNer9L3w']
NiiHWA,1OY65G9NJJHsSt1lGLZU6q,Agust D,5RmQ8k4l3HZ8JoPb4mNsML,1,['4bTID1qPjca9WuTZGkGRKE']
Kygo,23fqKkggKUBHNkbKtXEls4,Valerie Broussard,6eVWXmKBW7Iltub01D9R1c,1,['2lN4uUYkGymwAL5hY6sSAd']
Agust D,5RmQ8k4l3HZ8JoPb4mNsML,Kim Jong Wan of NELL,7ksQJtsXSRSrI5306UwIgH,1,['5qJF3xMbNjsPuqQDRkfUl1']
KSI,1nzgtKYFckznkcVMR3Gg4z,Offset,4DdkRBBYG6Yk9Ka8tdJ9BW,1,['3xcgXaHFeoCs0xTRJvqDGm']
Migos,6oMuImdp5ZcFhWP0ESe6mG,YoungBoy Never Broke Again,7wlFDEWiM5OoIAt8RSli8b,1,['6mtjo5kIHKlboGE84lf1FJ']
Nechie,0DO5d7KMv6Gn1mIbDhlyUf,Gunna,2hlmm7s2ICUX0LVIhVFlZQ,1,['3SGgeDQ3cAuNSFb03PjXtv']
Sebastian Yatra,07YUOmWljBTXwIseAUd9TW,Morat,5C4PDR4LnhZTbVnKWXuDKD,1,['7BEPdOI0neT6p7PnLViqmH']
KSI,1nzgtKYFckznkcVMR3Gg4z,Aiyana-Lee,2IZXxSIGhFtkHJyMh6UTln,1,['13Npvj6mfPFQL5DiBKWSIQ']
KSI,1nzgtKYFckznkcVMR3Gg4z,Jeremih,3KV3p5EY4AvKxOlhGHORLg,1,['04zis09KAgMvMod8Eohrp1']
Young Thug,50co4Is1HCEo8bhOyUWKpn,Chris Brown,7bXgB6jMjp9ATFy66eO08Z,1,['1IIKrJVP1C9N7iPtG6eOsK']
Lady Gaga,1HY2Jd0NmPuamShAr6KMms,BLACKPINK,41MozSoPIsD1dJM0CLPjZF,1,['1IWNylpZ477gIVUDpJL66u']
Lady Gaga,1HY2Jd0NmPuamShAr6KMms,Elton John,3PhoLpVuITZKcymswpck5b,1,['0zzsyWc45eUcSjw4FNHxeN']
Juice WRLD,4MCBfE4596Uoi2O4DtmEMz,Trippie Redd,6Xgp2XMz1fhVYe7i6yNAax,2,"['7dH9TPjTWQ60wOJkmYay8a', '7iIzwqG5UxPYwTYUUK4pzU']"
Kygo,23fqKkggKUBHNkbKtXEls4,Kim Petras,3Xt3RrJMFv5SZkCfUE8C1J,1,['78ldtCaBRJVp2i91B715L0']
Anuel AA,2R21vXR83lH98kGeO99Y66,Enrique Iglesias,7qG3b048QCHVRO5Pv1T5lw,1,['2hDe0Ls5mVqs1XJqv7sbcM']
Anuel AA,2R21vXR83lH98kGeO99Y66,Tego Calderón,3SUT1jjM5hzZj9TLfLZGIP,1,['7KKh0ujp8agIiCrkiJhf81']
Tierra Whack,4lPl9gqgox3JDiaJ1yklKh,Lil Yachty,6icQOAFXDZKsumw3YXyusw,1,['0gO3E51A3fqp0ypJ26QbVP']
A$AP Rocky,13ubrt8QOOCPljQ2FL1Kca,Lil Yachty,6icQOAFXDZKsumw3YXyusw,1,['0gO3E51A3fqp0ypJ26QbVP']
Tyler The Creator,4V8LLVI7PbaPR0K2TGSxFF,Lil Yachty,6icQOAFXDZKsumw3YXyusw,1,['0gO3E51A3fqp0ypJ26QbVP']
A$AP Rocky,13ubrt8QOOCPljQ2FL1Kca,Tierra Whack,4lPl9gqgox3JDiaJ1yklKh,1,['0gO3E51A3fqp0ypJ26QbVP']
Tyler The Creator,4V8LLVI7PbaPR0K2TGSxFF,Tierra Whack,4lPl9gqgox3JDiaJ1yklKh,1,['0gO3E51A3fqp0ypJ26QbVP']
A$AP Rocky,13ubrt8QOOCPljQ2FL1Kca,Tyler The Creator,4V8LLVI7PbaPR0K2TGSxFF,1,['0gO3E51A3fqp0ypJ26QbVP']
AK AUSSERKONTROLLE,07SFzTMeYf5P8Rd32a9Zzw,Bonez MC,1aS5tqEs9ci5P9KD9tZWa6,1,['6BXyD6UUPizpRpA7iOi99r']
KALIM,2NJWI8byqTSqDaJRnqJY2z,Ufo361,5pVRwX5ZQR7hfJ18w8ZYkl,1,['0U9dP3BUlAgq9KkJXOijBH']
Zion,1pgDilWYDWLoOgGjf1iHNu,Anuel AA,2R21vXR83lH98kGeO99Y66,1,['5p3JJehpKHjr9pJT5eD2Lz']
Anuel AA,2R21vXR83lH98kGeO99Y66,Travis Barker,4exLIFE8sISLr28sqG1qNX,1,['6VN85VvNB8w1QbJCXW8rTC']
Anuel AA,2R21vXR83lH98kGeO99Y66,Lil Wayne,55Aa2cqylxrFIXC767Z865,1,['4mbb7hmfDR6M9cQaLdYSFd']
Kendo Kaponi,1WMwuNKzEFtU6pPkdtryYS,Anuel AA,2R21vXR83lH98kGeO99Y66,2,"['0YbXuCsQwrsh5x0hgnED6z', '3kml9ZdpT7UYk1ugkjqOzt']"
Yandel,0eHQ9o50hj6ZDNBt6Ys1sD,Anuel AA,2R21vXR83lH98kGeO99Y66,1,['0YbXuCsQwrsh5x0hgnED6z']
Ñengo Flow,12vb80Km0Ew53ABfJOepVz,Anuel AA,2R21vXR83lH98kGeO99Y66,1,['0YbXuCsQwrsh5x0hgnED6z']
Yandel,0eHQ9o50hj6ZDNBt6Ys1sD,Kendo Kaponi,1WMwuNKzEFtU6pPkdtryYS,1,['0YbXuCsQwrsh5x0hgnED6z']
Ñengo Flow,12vb80Km0Ew53ABfJOepVz,Kendo Kaponi,1WMwuNKzEFtU6pPkdtryYS,1,['0YbXuCsQwrsh5x0hgnED6z']
Yandel,0eHQ9o50hj6ZDNBt6Ys1sD,Ñengo Flow,12vb80Km0Ew53ABfJOepVz,1,['0YbXuCsQwrsh5x0hgnED6z']
Regard,4ofCBoyEiGSePFAG500xev,RAYE,5KKpBU5eC2tJDzf0wmlRp2,1,['66W1rVTnEv86dIkFhoiElg']
The Game,0NbfKEOTQCcwd6o7wSDOHI,Rick Ross,1sBkRIssrMs1AbVkOJbc7a,1,['53uF5QwHADVXKv383qXnXd']
The Game,0NbfKEOTQCcwd6o7wSDOHI,2 Chainz,17lzZA2AlOHwCwFALHttmp,1,['53uF5QwHADVXKv383qXnXd']
The Game,0NbfKEOTQCcwd6o7wSDOHI,Diddy,59wfkuBoNyhDMQGCljbUbA,1,['53uF5QwHADVXKv383qXnXd']
The Game,0NbfKEOTQCcwd6o7wSDOHI,Fabolous,0YWxKQj2Go9CGHCp77UOyy,1,['53uF5QwHADVXKv383qXnXd']
The Game,0NbfKEOTQCcwd6o7wSDOHI,Wale,67nwj3Y5sZQLl72VNUHEYE,1,['53uF5QwHADVXKv383qXnXd']
The Game,0NbfKEOTQCcwd6o7wSDOHI,DJ Khaled,0QHgL1lAIqAw0HtD7YldmP,1,['53uF5QwHADVXKv383qXnXd']
The Game,0NbfKEOTQCcwd6o7wSDOHI,Swizz Beatz,2cADQgiLMjNhbsfeN52Bf3,1,['53uF5QwHADVXKv383qXnXd']
The Game,0NbfKEOTQCcwd6o7wSDOHI,Yo Gotti,6Ha4aES39QiVjR0L2lwuwq,1,['53uF5QwHADVXKv383qXnXd']
The Game,0NbfKEOTQCcwd6o7wSDOHI,Curren$y,6X8WdFjrNhXATMDSs26aCc,1,['53uF5QwHADVXKv383qXnXd']
JasonMartin,0399oiMcmbOzzsYQDNYqxn,The Game,0NbfKEOTQCcwd6o7wSDOHI,1,['53uF5QwHADVXKv383qXnXd']
The Game,0NbfKEOTQCcwd6o7wSDOHI,King Pharaoh,34nVLWMJTjaMh2aSMOQHei,1,['53uF5QwHADVXKv383qXnXd']
The Game,0NbfKEOTQCcwd6o7wSDOHI,TGT,1lEXbUjKjHQ7uc9jFfEViJ,1,['53uF5QwHADVXKv383qXnXd']
2 Chainz,17lzZA2AlOHwCwFALHttmp,Rick Ross,1sBkRIssrMs1AbVkOJbc7a,1,['53uF5QwHADVXKv383qXnXd']
Rick Ross,1sBkRIssrMs1AbVkOJbc7a,Diddy,59wfkuBoNyhDMQGCljbUbA,1,['53uF5QwHADVXKv383qXnXd']
Fabolous,0YWxKQj2Go9CGHCp77UOyy,Rick Ross,1sBkRIssrMs1AbVkOJbc7a,1,['53uF5QwHADVXKv383qXnXd']
Rick Ross,1sBkRIssrMs1AbVkOJbc7a,Wale,67nwj3Y5sZQLl72VNUHEYE,1,['53uF5QwHADVXKv383qXnXd']
DJ Khaled,0QHgL1lAIqAw0HtD7YldmP,Rick Ross,1sBkRIssrMs1AbVkOJbc7a,1,['53uF5QwHADVXKv383qXnXd']
Rick Ross,1sBkRIssrMs1AbVkOJbc7a,Swizz Beatz,2cADQgiLMjNhbsfeN52Bf3,1,['53uF5QwHADVXKv383qXnXd']
Rick Ross,1sBkRIssrMs1AbVkOJbc7a,Yo Gotti,6Ha4aES39QiVjR0L2lwuwq,1,['53uF5QwHADVXKv383qXnXd']
Rick Ross,1sBkRIssrMs1AbVkOJbc7a,Curren$y,6X8WdFjrNhXATMDSs26aCc,1,['53uF5QwHADVXKv383qXnXd']
JasonMartin,0399oiMcmbOzzsYQDNYqxn,Rick Ross,1sBkRIssrMs1AbVkOJbc7a,1,['53uF5QwHADVXKv383qXnXd']
Rick Ross,1sBkRIssrMs1AbVkOJbc7a,King Pharaoh,34nVLWMJTjaMh2aSMOQHei,1,['53uF5QwHADVXKv383qXnXd']
TGT,1lEXbUjKjHQ7uc9jFfEViJ,Rick Ross,1sBkRIssrMs1AbVkOJbc7a,1,['53uF5QwHADVXKv383qXnXd']
2 Chainz,17lzZA2AlOHwCwFALHttmp,Diddy,59wfkuBoNyhDMQGCljbUbA,1,['53uF5QwHADVXKv383qXnXd']
Fabolous,0YWxKQj2Go9CGHCp77UOyy,2 Chainz,17lzZA2AlOHwCwFALHttmp,1,['53uF5QwHADVXKv383qXnXd']
2 Chainz,17lzZA2AlOHwCwFALHttmp,Wale,67nwj3Y5sZQLl72VNUHEYE,1,['53uF5QwHADVXKv383qXnXd']
DJ Khaled,0QHgL1lAIqAw0HtD7YldmP,2 Chainz,17lzZA2AlOHwCwFALHttmp,1,['53uF5QwHADVXKv383qXnXd']
2 Chainz,17lzZA2AlOHwCwFALHttmp,Swizz Beatz,2cADQgiLMjNhbsfeN52Bf3,1,['53uF5QwHADVXKv383qXnXd']
2 Chainz,17lzZA2AlOHwCwFALHttmp,Yo Gotti,6Ha4aES39QiVjR0L2lwuwq,1,['53uF5QwHADVXKv383qXnXd']
2 Chainz,17lzZA2AlOHwCwFALHttmp,Curren$y,6X8WdFjrNhXATMDSs26aCc,1,['53uF5QwHADVXKv383qXnXd']
JasonMartin,0399oiMcmbOzzsYQDNYqxn,2 Chainz,17lzZA2AlOHwCwFALHttmp,1,['53uF5QwHADVXKv383qXnXd']
2 Chainz,17lzZA2AlOHwCwFALHttmp,King Pharaoh,34nVLWMJTjaMh2aSMOQHei,1,['53uF5QwHADVXKv383qXnXd']
2 Chainz,17lzZA2AlOHwCwFALHttmp,TGT,1lEXbUjKjHQ7uc9jFfEViJ,1,['53uF5QwHADVXKv383qXnXd']
Fabolous,0YWxKQj2Go9CGHCp77UOyy,Diddy,59wfkuBoNyhDMQGCljbUbA,1,['53uF5QwHADVXKv383qXnXd']
Diddy,59wfkuBoNyhDMQGCljbUbA,Wale,67nwj3Y5sZQLl72VNUHEYE,1,['53uF5QwHADVXKv383qXnXd']
DJ Khaled,0QHgL1lAIqAw0HtD7YldmP,Diddy,59wfkuBoNyhDMQGCljbUbA,1,['53uF5QwHADVXKv383qXnXd']
Swizz Beatz,2cADQgiLMjNhbsfeN52Bf3,Diddy,59wfkuBoNyhDMQGCljbUbA,1,['53uF5QwHADVXKv383qXnXd']
Diddy,59wfkuBoNyhDMQGCljbUbA,Yo Gotti,6Ha4aES39QiVjR0L2lwuwq,1,['53uF5QwHADVXKv383qXnXd']
Diddy,59wfkuBoNyhDMQGCljbUbA,Curren$y,6X8WdFjrNhXATMDSs26aCc,1,['53uF5QwHADVXKv383qXnXd']
JasonMartin,0399oiMcmbOzzsYQDNYqxn,Diddy,59wfkuBoNyhDMQGCljbUbA,1,['53uF5QwHADVXKv383qXnXd']
King Pharaoh,34nVLWMJTjaMh2aSMOQHei,Diddy,59wfkuBoNyhDMQGCljbUbA,1,['53uF5QwHADVXKv383qXnXd']
TGT,1lEXbUjKjHQ7uc9jFfEViJ,Diddy,59wfkuBoNyhDMQGCljbUbA,1,['53uF5QwHADVXKv383qXnXd']
Fabolous,0YWxKQj2Go9CGHCp77UOyy,Wale,67nwj3Y5sZQLl72VNUHEYE,1,['53uF5QwHADVXKv383qXnXd']
DJ Khaled,0QHgL1lAIqAw0HtD7YldmP,Fabolous,0YWxKQj2Go9CGHCp77UOyy,1,['53uF5QwHADVXKv383qXnXd']
Fabolous,0YWxKQj2Go9CGHCp77UOyy,Swizz Beatz,2cADQgiLMjNhbsfeN52Bf3,1,['53uF5QwHADVXKv383qXnXd']
Fabolous,0YWxKQj2Go9CGHCp77UOyy,Yo Gotti,6Ha4aES39QiVjR0L2lwuwq,1,['53uF5QwHADVXKv383qXnXd']
Fabolous,0YWxKQj2Go9CGHCp77UOyy,Curren$y,6X8WdFjrNhXATMDSs26aCc,1,['53uF5QwHADVXKv383qXnXd']
JasonMartin,0399oiMcmbOzzsYQDNYqxn,Fabolous,0YWxKQj2Go9CGHCp77UOyy,1,['53uF5QwHADVXKv383qXnXd']
Fabolous,0YWxKQj2Go9CGHCp77UOyy,King Pharaoh,34nVLWMJTjaMh2aSMOQHei,1,['53uF5QwHADVXKv383qXnXd']
Fabolous,0YWxKQj2Go9CGHCp77UOyy,TGT,1lEXbUjKjHQ7uc9jFfEViJ,1,['53uF5QwHADVXKv383qXnXd']
DJ Khaled,0QHgL1lAIqAw0HtD7YldmP,Wale,67nwj3Y5sZQLl72VNUHEYE,1,['53uF5QwHADVXKv383qXnXd']
Swizz Beatz,2cADQgiLMjNhbsfeN52Bf3,Wale,67nwj3Y5sZQLl72VNUHEYE,1,['53uF5QwHADVXKv383qXnXd']
Wale,67nwj3Y5sZQLl72VNUHEYE,Yo Gotti,6Ha4aES39QiVjR0L2lwuwq,1,['53uF5QwHADVXKv383qXnXd']
Wale,67nwj3Y5sZQLl72VNUHEYE,Curren$y,6X8WdFjrNhXATMDSs26aCc,1,['53uF5QwHADVXKv383qXnXd']
JasonMartin,0399oiMcmbOzzsYQDNYqxn,Wale,67nwj3Y5sZQLl72VNUHEYE,1,['53uF5QwHADVXKv383qXnXd']
King Pharaoh,34nVLWMJTjaMh2aSMOQHei,Wale,67nwj3Y5sZQLl72VNUHEYE,1,['53uF5QwHADVXKv383qXnXd']
TGT,1lEXbUjKjHQ7uc9jFfEViJ,Wale,67nwj3Y5sZQLl72VNUHEYE,1,['53uF5QwHADVXKv383qXnXd']
DJ Khaled,0QHgL1lAIqAw0HtD7YldmP,Swizz Beatz,2cADQgiLMjNhbsfeN52Bf3,1,['53uF5QwHADVXKv383qXnXd']
DJ Khaled,0QHgL1lAIqAw0HtD7YldmP,Yo Gotti,6Ha4aES39QiVjR0L2lwuwq,1,['53uF5QwHADVXKv383qXnXd']
DJ Khaled,0QHgL1lAIqAw0HtD7YldmP,Curren$y,6X8WdFjrNhXATMDSs26aCc,1,['53uF5QwHADVXKv383qXnXd']
JasonMartin,0399oiMcmbOzzsYQDNYqxn,DJ Khaled,0QHgL1lAIqAw0HtD7YldmP,1,['53uF5QwHADVXKv383qXnXd']
DJ Khaled,0QHgL1lAIqAw0HtD7YldmP,King Pharaoh,34nVLWMJTjaMh2aSMOQHei,1,['53uF5QwHADVXKv383qXnXd']
DJ Khaled,0QHgL1lAIqAw0HtD7YldmP,TGT,1lEXbUjKjHQ7uc9jFfEViJ,1,['53uF5QwHADVXKv383qXnXd']
Swizz Beatz,2cADQgiLMjNhbsfeN52Bf3,Yo Gotti,6Ha4aES39QiVjR0L2lwuwq,1,['53uF5QwHADVXKv383qXnXd']
Swizz Beatz,2cADQgiLMjNhbsfeN52Bf3,Curren$y,6X8WdFjrNhXATMDSs26aCc,1,['53uF5QwHADVXKv383qXnXd']
JasonMartin,0399oiMcmbOzzsYQDNYqxn,Swizz Beatz,2cADQgiLMjNhbsfeN52Bf3,1,['53uF5QwHADVXKv383qXnXd']
Swizz Beatz,2cADQgiLMjNhbsfeN52Bf3,King Pharaoh,34nVLWMJTjaMh2aSMOQHei,1,['53uF5QwHADVXKv383qXnXd']
TGT,1lEXbUjKjHQ7uc9jFfEViJ,Swizz Beatz,2cADQgiLMjNhbsfeN52Bf3,1,['53uF5QwHADVXKv383qXnXd']
Yo Gotti,6Ha4aES39QiVjR0L2lwuwq,Curren$y,6X8WdFjrNhXATMDSs26aCc,1,['53uF5QwHADVXKv383qXnXd']
JasonMartin,0399oiMcmbOzzsYQDNYqxn,Yo Gotti,6Ha4aES39QiVjR0L2lwuwq,1,['53uF5QwHADVXKv383qXnXd']
King Pharaoh,34nVLWMJTjaMh2aSMOQHei,Yo Gotti,6Ha4aES39QiVjR0L2lwuwq,1,['53uF5QwHADVXKv383qXnXd']
TGT,1lEXbUjKjHQ7uc9jFfEViJ,Yo Gotti,6Ha4aES39QiVjR0L2lwuwq,1,['53uF5QwHADVXKv383qXnXd']
JasonMartin,0399oiMcmbOzzsYQDNYqxn,Curren$y,6X8WdFjrNhXATMDSs26aCc,1,['53uF5QwHADVXKv383qXnXd']
King Pharaoh,34nVLWMJTjaMh2aSMOQHei,Curren$y,6X8WdFjrNhXATMDSs26aCc,1,['53uF5QwHADVXKv383qXnXd']
TGT,1lEXbUjKjHQ7uc9jFfEViJ,Curren$y,6X8WdFjrNhXATMDSs26aCc,1,['53uF5QwHADVXKv383qXnXd']
JasonMartin,0399oiMcmbOzzsYQDNYqxn,King Pharaoh,34nVLWMJTjaMh2aSMOQHei,1,['53uF5QwHADVXKv383qXnXd']
JasonMartin,0399oiMcmbOzzsYQDNYqxn,TGT,1lEXbUjKjHQ7uc9jFfEViJ,1,['53uF5QwHADVXKv383qXnXd']
TGT,1lEXbUjKjHQ7uc9jFfEViJ,King Pharaoh,34nVLWMJTjaMh2aSMOQHei,1,['53uF5QwHADVXKv383qXnXd']
Ludacris,3ipn9JLAPI5GUEo4y4jcoi,Lil Wayne,55Aa2cqylxrFIXC767Z865,1,['1tXCF7TwDnuHRgwQ63FeM5']
Kendrick Lamar,2YZyLoL8N0Wb9xBt1NhZWg,Beyoncé,6vWDO969PvNqNYHIOW5v0m,1,['7aBxcRw77817BrkdPChAGY']
Quavo,0VRj0yCOv2FXJNP47XQnx5,Post Malone,246dkjvS1zLTtiykXe5h60,1,['3a1lNhkSLSkpJE4MSHpDu9']
Luciano,3CJKkU0XuElRT1z8rEtIYg,KC Rebell,5p7mWeX4RlvqBCxylfiXdE,1,['2rxxXYtTIFKyrhJpofeoIX']
Luciano,3CJKkU0XuElRT1z8rEtIYg,Summer Cem,3drqpTL4sQOckmAfF9i1wg,2,"['0p3euGPg5LgFeQGC7bBFuR', '2rxxXYtTIFKyrhJpofeoIX']"
Run The Jewels,4RnBFZRiMLRyZy0AzzTg2C,El-P,57UnSUpae3SbRekxNa5Kgl,1,['10vS4ZLi4XWlIsNXSQXgqh']
Killer Mike,2N4EYkIlG1kv25g6Wv8LGI,Run The Jewels,4RnBFZRiMLRyZy0AzzTg2C,1,['10vS4ZLi4XWlIsNXSQXgqh']
Zack De La Rocha,1jKpNUjiz4KXgaAZD5FI9S,Run The Jewels,4RnBFZRiMLRyZy0AzzTg2C,1,['10vS4ZLi4XWlIsNXSQXgqh']
Pharrell Williams,2RdwBSPQiwcmiDo9kixcl8,Run The Jewels,4RnBFZRiMLRyZy0AzzTg2C,1,['10vS4ZLi4XWlIsNXSQXgqh']
Killer Mike,2N4EYkIlG1kv25g6Wv8LGI,El-P,57UnSUpae3SbRekxNa5Kgl,1,['10vS4ZLi4XWlIsNXSQXgqh']
Zack De La Rocha,1jKpNUjiz4KXgaAZD5FI9S,El-P,57UnSUpae3SbRekxNa5Kgl,1,['10vS4ZLi4XWlIsNXSQXgqh']
Pharrell Williams,2RdwBSPQiwcmiDo9kixcl8,El-P,57UnSUpae3SbRekxNa5Kgl,1,['10vS4ZLi4XWlIsNXSQXgqh']
Zack De La Rocha,1jKpNUjiz4KXgaAZD5FI9S,Killer Mike,2N4EYkIlG1kv25g6Wv8LGI,1,['10vS4ZLi4XWlIsNXSQXgqh']
Killer Mike,2N4EYkIlG1kv25g6Wv8LGI,Pharrell Williams,2RdwBSPQiwcmiDo9kixcl8,1,['10vS4ZLi4XWlIsNXSQXgqh']
Zack De La Rocha,1jKpNUjiz4KXgaAZD5FI9S,Pharrell Williams,2RdwBSPQiwcmiDo9kixcl8,1,['10vS4ZLi4XWlIsNXSQXgqh']
Shindy,5j21TGkrNEAJe3gG9VlS34,Haftbefehl,6ynopZPMBXcIGBI9M02Un5,1,['2P3wDebxuSCf415hQq9O0L']
Tedua,1AgAVqo74e2q4FVvg0xpT7,Chris Nolan,1xsYReh7zhty26wD4tprKh,1,['0ZzXPo0gS5h718w7WErG44']
Tedua,1AgAVqo74e2q4FVvg0xpT7,AVA,7zPS3i8YJBNeDcqXUHfCMr,1,['0ZzXPo0gS5h718w7WErG44']
Tedua,1AgAVqo74e2q4FVvg0xpT7,Capo Plaza,5SulO4l40qDuV9zUGLZx7n,1,['0ZzXPo0gS5h718w7WErG44']
Chris Nolan,1xsYReh7zhty26wD4tprKh,AVA,7zPS3i8YJBNeDcqXUHfCMr,1,['0ZzXPo0gS5h718w7WErG44']
Chris Nolan,1xsYReh7zhty26wD4tprKh,Capo Plaza,5SulO4l40qDuV9zUGLZx7n,1,['0ZzXPo0gS5h718w7WErG44']
Capo Plaza,5SulO4l40qDuV9zUGLZx7n,AVA,7zPS3i8YJBNeDcqXUHfCMr,1,['0ZzXPo0gS5h718w7WErG44']
Tyla Yaweh,1MXZ0hsGic96dWRDKwAwdr,Post Malone,246dkjvS1zLTtiykXe5h60,2,"['4Rq2BMG5VWMhb2whSx8bf4', '5QZKcQDp0tCcvMdyqEciBV']"
The Kid LAROI,2tIP7SsRs7vjIcLrU85W8J,Juice WRLD,4MCBfE4596Uoi2O4DtmEMz,3,"['0ada5XsQGLPUVbmTCkAP49', '2rPHUAeUPbNgTmK18FPTiZ', '5YSHygGN9D0mID1NsVd5my']"
Pop Smoke,0eDvMgVFoNV3TpwtrVCoTj,Rowdy Rebel,6LXRvV2OAtXF7685fzh3mj,2,"['4TgHt7vKCimpywaiKfl0uj', '71d7LaAgPcNcUopu3OzmP7']"
CÉLINE,5ZYOlPpI9FZu2uIPkTB0UA,Ufo361,5pVRwX5ZQR7hfJ18w8ZYkl,1,['3yZCjDTxzZxx1kll1sRjGc']
Geolier,27LlKWxS3KXW7RRAxN5S8s,Shablo,6hkKbkZGvAXuvle2FhCnxy,1,['0MLu1cFYL4ikdRTdasCQT9']
Sfera Ebbasta,23TFHmajVfBtlRx5MXqgoz,Shablo,6hkKbkZGvAXuvle2FhCnxy,1,['0MLu1cFYL4ikdRTdasCQT9']
Sfera Ebbasta,23TFHmajVfBtlRx5MXqgoz,Geolier,27LlKWxS3KXW7RRAxN5S8s,1,['0MLu1cFYL4ikdRTdasCQT9']
Felix Jaehn,4bL2B6hmLlMWnUEZnorEtG,Nea,7nqlScm2smydSRl13eaP8E,1,['7C1trmcQQ5n5RNy4l6ziCv']
Elton John,3PhoLpVuITZKcymswpck5b,Surfaces,4ETSs924pXMzjIeD6E9b4u,1,['518miTxc3a15X7HB8FgJUW']
Shaggy,5EvFsr3kj42KNv97ZEnqij,Conkarah,7vPGzgDg3qGUY5bWtrO3K4,1,['0dZpw3h6KZhcHec61qwevZ']
DJ Fle,2fZcYu4ltOFdwsnDmLQ9jl,Conkarah,7vPGzgDg3qGUY5bWtrO3K4,1,['0dZpw3h6KZhcHec61qwevZ']
DJ Fle,2fZcYu4ltOFdwsnDmLQ9jl,Shaggy,5EvFsr3kj42KNv97ZEnqij,1,['0dZpw3h6KZhcHec61qwevZ']
Jason Derulo,07YZf4WDAMNwqr4jfgOZ8y,Jawsh 685,56mfhUDKa1vec6rSLZV5Eg,2,"['1xQ6trAsedVPCdbtDAmk0c', '4TgxFMOn5yoESW6zCidCXL']"
Wallows,0NIPkIjTV8mB795yEIiPYL,Clairo,3l0CmX0FuQjFxr8SK7Vqag,1,['57RA3JGafJm5zRtKJiKPIm']
Camilo,28gNT5KBp7IjEOQoevXf9N,Pablo Alborán,5M9Bb4adKAgrOFOhc05Y50,1,['5EbtodsuLbxrFDH6j5avVS']
XXXTENTACION,15UsOTVnJzReFVN1VCnxy4,Trippie Redd,6Xgp2XMz1fhVYe7i6yNAax,1,['7AQim7LbvFVZJE3O8TYgf2']
Capital Bra,4WZGDpNwrC0vNQyl9QzF7d,Bozza,4WoSAKuoaPxrbwp3Y1PvKb,1,['4KfL3Ne8bc9bC2PUB8QGwA']
Maluma,1r4hJ1h58CWwUQe3MxPuau,Black Eyed Peas,1yxSLGMDHlW21z4YXirZDS,1,['0pGC7cwCOakpvCFYiawNhM']
Markim WF,4q3N2WZiTq26rLMdpIGRgP,Niack,5uYe4bcAXlMP7d4mrOYkML,1,['0AGS6ZRgzobrazmCi6pYMe']
Curtis Waters,2JbE7jUIGtpXSzytnyMg6U,Harm Franklin,44rJuOJLavqhY6qGgpQW4U,1,['2JSmxLqt8h7ZpJJkfuLJvK']
Jay Wheeler,2cPqdH7XMvwaBJEVjheH8g,DJ Nelson,2ydZrTy8U3kOMOzx20s3dg,1,['4HYDUMY0xSpeBr0AMY9cUz']
Jay Wheeler,2cPqdH7XMvwaBJEVjheH8g,Myke Towers,7iK8PXO48WeuP03g8YR51W,1,['4HYDUMY0xSpeBr0AMY9cUz']
DJ Nelson,2ydZrTy8U3kOMOzx20s3dg,Myke Towers,7iK8PXO48WeuP03g8YR51W,1,['4HYDUMY0xSpeBr0AMY9cUz']
Jack Harlow,2LIk90788K0zvyj2JJVwkJ,Tory Lanez,2jku7tDXc6XoB6MO2hFuqg,2,"['0ZLuW8uOXdFNWcI40C0OC2', '2MbdDtCv5LUVjYy9RuGTgC']"
Jack Harlow,2LIk90788K0zvyj2JJVwkJ,DaBaby,4r63FhuTkUYltbVAg5TQnk,3,"['0ZLuW8uOXdFNWcI40C0OC2', '2MbdDtCv5LUVjYy9RuGTgC', '5woaU1FNkqCwg6WzWiQPW5']"
Jack Harlow,2LIk90788K0zvyj2JJVwkJ,Lil Wayne,55Aa2cqylxrFIXC767Z865,2,"['0ZLuW8uOXdFNWcI40C0OC2', '2MbdDtCv5LUVjYy9RuGTgC']"
Tory Lanez,2jku7tDXc6XoB6MO2hFuqg,DaBaby,4r63FhuTkUYltbVAg5TQnk,2,"['0ZLuW8uOXdFNWcI40C0OC2', '2MbdDtCv5LUVjYy9RuGTgC']"
Tory Lanez,2jku7tDXc6XoB6MO2hFuqg,Lil Wayne,55Aa2cqylxrFIXC767Z865,2,"['0ZLuW8uOXdFNWcI40C0OC2', '2MbdDtCv5LUVjYy9RuGTgC']"
DaBaby,4r63FhuTkUYltbVAg5TQnk,Lil Wayne,55Aa2cqylxrFIXC767Z865,2,"['0ZLuW8uOXdFNWcI40C0OC2', '2MbdDtCv5LUVjYy9RuGTgC']"
Summer Cem,3drqpTL4sQOckmAfF9i1wg,Miksu / Macloud,76dRoxKtDwYkgCQePok9cU,1,['0p3euGPg5LgFeQGC7bBFuR']
Luciano,3CJKkU0XuElRT1z8rEtIYg,Miksu / Macloud,76dRoxKtDwYkgCQePok9cU,1,['0p3euGPg5LgFeQGC7bBFuR']
Jamule,4sVieJlKgpZ2k9ESNS5IdN,Miksu / Macloud,76dRoxKtDwYkgCQePok9cU,1,['0p3euGPg5LgFeQGC7bBFuR']
Summer Cem,3drqpTL4sQOckmAfF9i1wg,Jamule,4sVieJlKgpZ2k9ESNS5IdN,1,['0p3euGPg5LgFeQGC7bBFuR']
Luciano,3CJKkU0XuElRT1z8rEtIYg,Jamule,4sVieJlKgpZ2k9ESNS5IdN,1,['0p3euGPg5LgFeQGC7bBFuR']
Selena Gomez,0C8ZW7ezQVs4URX5aX7Kqx,Trevor Daniel,7uaIm6Pw7xplS8Dy06V6pT,1,['4P6IttK2PRBjyr3fm0pP7t']
ZAAC,76Xa625geVw0Q7BdyxNjA2,Anitta,7FNnA9vBm6EKceENgCGRMb,1,['4zGtfOglDBfVUypabBwIjQ']
Tyga,5LHRHt1k9lMyONurDHEdrp,ZAAC,76Xa625geVw0Q7BdyxNjA2,1,['4zGtfOglDBfVUypabBwIjQ']
Tyga,5LHRHt1k9lMyONurDHEdrp,Anitta,7FNnA9vBm6EKceENgCGRMb,1,['4zGtfOglDBfVUypabBwIjQ']
6LACK,4IVAbR2w4JJNJDDRFP3E83,Lil Baby,5f7VJjfbwm532GiveGC0ZK,1,['7fsNNSLGG8Wi0nFbufCU6L']
Maluma,1r4hJ1h58CWwUQe3MxPuau,Aya Nakamura,7IlRNXHjoOCgEAWN5qYksg,1,['13vDU8nPsvTGEVTMB8Vw7g']
VIZE,09agIJMxCD2k87ys9Al0f0,Tom Gregory,6Rmg5JiRphFMlhkwGNl9Fu,1,['5TGcyccg8Hkgn9jB7gUpMN']
J Balvin,1vyhD5VmyZ7KMfW5gqLgo5,Feid,2LRoIwlKmHjgvigdNGBHNo,1,['7lUdbnz7wsv3C9zzf4WHl9']
Maluma,1r4hJ1h58CWwUQe3MxPuau,Feid,2LRoIwlKmHjgvigdNGBHNo,1,['7lUdbnz7wsv3C9zzf4WHl9']
Nicky Jam,1SupJlEpv7RS2tPNRaHViT,Feid,2LRoIwlKmHjgvigdNGBHNo,1,['7lUdbnz7wsv3C9zzf4WHl9']
Maluma,1r4hJ1h58CWwUQe3MxPuau,J Balvin,1vyhD5VmyZ7KMfW5gqLgo5,1,['7lUdbnz7wsv3C9zzf4WHl9']
Nicky Jam,1SupJlEpv7RS2tPNRaHViT,J Balvin,1vyhD5VmyZ7KMfW5gqLgo5,1,['7lUdbnz7wsv3C9zzf4WHl9']
J Balvin,1vyhD5VmyZ7KMfW5gqLgo5,Sech,77ziqFxp5gaInVrF2lj4ht,3,"['35UUpTmrcFXNIVIN26ujXl', '5zj8WNkBrEzlI5FKeYV4ol', '7lUdbnz7wsv3C9zzf4WHl9']"
Justin Quiles,14zUHaJZo1mnYtn6IBRaRP,J Balvin,1vyhD5VmyZ7KMfW5gqLgo5,1,['7lUdbnz7wsv3C9zzf4WHl9']
Nicky Jam,1SupJlEpv7RS2tPNRaHViT,Maluma,1r4hJ1h58CWwUQe3MxPuau,1,['7lUdbnz7wsv3C9zzf4WHl9']
Maluma,1r4hJ1h58CWwUQe3MxPuau,Sech,77ziqFxp5gaInVrF2lj4ht,1,['7lUdbnz7wsv3C9zzf4WHl9']
Justin Quiles,14zUHaJZo1mnYtn6IBRaRP,Maluma,1r4hJ1h58CWwUQe3MxPuau,2,"['4RJz8NfIe09gpKMiRUWKhJ', '7lUdbnz7wsv3C9zzf4WHl9']"
Justin Quiles,14zUHaJZo1mnYtn6IBRaRP,Nicky Jam,1SupJlEpv7RS2tPNRaHViT,1,['7lUdbnz7wsv3C9zzf4WHl9']
Alessandra Amoroso,2pjb5ffSoVTr5lRYQXlnPu,Boomdabash,4mAsWDGLUIEdo6imU77WG6,1,['0D4GpOPInKiPxEfQMchu4p']
Lil Baby,5f7VJjfbwm532GiveGC0ZK,iann dior,6ASri4ePR7RlsvIQgWPJpS,1,['4iHSE5R1U8jf84tRn52xRt']
Travis Scott,0Y5tJX1MQlPlqiwlOH1tJY,Kanye West,5K4W6rqBFWDnAN6FQUkS6x,1,['7mEUjhl6aTztdHCrxoTgBG']
Pop Smoke,0eDvMgVFoNV3TpwtrVCoTj,Lil Baby,5f7VJjfbwm532GiveGC0ZK,1,['0PvFJmanyNQMseIFrU708S']
Pop Smoke,0eDvMgVFoNV3TpwtrVCoTj,DaBaby,4r63FhuTkUYltbVAg5TQnk,1,['0PvFJmanyNQMseIFrU708S']
Pop Smoke,0eDvMgVFoNV3TpwtrVCoTj,50 Cent,3q7HBObVc0L8jNeTe5Gofh,1,['1H7KnK26kc1YyellpbINEn']
Pop Smoke,0eDvMgVFoNV3TpwtrVCoTj,Roddy Ricch,757aE44tKEUQEqRuT6GnEB,1,['1H7KnK26kc1YyellpbINEn']
50 Cent,3q7HBObVc0L8jNeTe5Gofh,Roddy Ricch,757aE44tKEUQEqRuT6GnEB,1,['1H7KnK26kc1YyellpbINEn']
Pop Smoke,0eDvMgVFoNV3TpwtrVCoTj,Swae Lee,1zNqQNIdeOUZHb8zbZRFMX,1,['3eV2WT9YhfzkxbufnBF8wK']
Pop Smoke,0eDvMgVFoNV3TpwtrVCoTj,Future,1RyvyyTE3xzB2ZywiAwp0i,1,['2FhEj9lvEIaJihjFprRrGt']
Quavo,0VRj0yCOv2FXJNP47XQnx5,Future,1RyvyyTE3xzB2ZywiAwp0i,1,['2FhEj9lvEIaJihjFprRrGt']
FKA twigs,6nB0iY1cjSY1KyhYyuIIKH,Ty Dolla $ign,7c0XG5cIJTrrAgEC3ULPiq,1,['4JB0EAT4BkLShTyTt50FmO']
Skrillex,5he5w2lnU9x7JFhnwcekXX,Ty Dolla $ign,7c0XG5cIJTrrAgEC3ULPiq,1,['4JB0EAT4BkLShTyTt50FmO']
Kanye West,5K4W6rqBFWDnAN6FQUkS6x,Ty Dolla $ign,7c0XG5cIJTrrAgEC3ULPiq,1,['4JB0EAT4BkLShTyTt50FmO']
Skrillex,5he5w2lnU9x7JFhnwcekXX,FKA twigs,6nB0iY1cjSY1KyhYyuIIKH,1,['4JB0EAT4BkLShTyTt50FmO']
Kanye West,5K4W6rqBFWDnAN6FQUkS6x,FKA twigs,6nB0iY1cjSY1KyhYyuIIKH,1,['4JB0EAT4BkLShTyTt50FmO']
Kanye West,5K4W6rqBFWDnAN6FQUkS6x,Skrillex,5he5w2lnU9x7JFhnwcekXX,1,['4JB0EAT4BkLShTyTt50FmO']
Pop Smoke,0eDvMgVFoNV3TpwtrVCoTj,Tyga,5LHRHt1k9lMyONurDHEdrp,1,['1JDhNQ0oOT7XpclZn3aQ8F']
Quavo,0VRj0yCOv2FXJNP47XQnx5,Tyga,5LHRHt1k9lMyONurDHEdrp,1,['1JDhNQ0oOT7XpclZn3aQ8F']
Pop Smoke,0eDvMgVFoNV3TpwtrVCoTj,KAROL G,790FomKkXshlbRYZFtlgla,1,['3NWrHCwvyII4fTx05PN3IO']
Pop Smoke,0eDvMgVFoNV3TpwtrVCoTj,King Combs,41I5xI04kixwmonDBl0Sda,1,['4Tc9PHEoeP17PQj3OOKXPu']
Ellie Goulding,0X2BH1fck6amBIoJhDVmmJ,Lauv,5JZ7CnR6gTvEMKX4g70Amv,1,['5z8uLrYMcUVvzTV28twt44']
Bozza,4WoSAKuoaPxrbwp3Y1PvKb,Samra,6h1s4i4XKIYv4ErDelLDN0,1,['0iqichhGnbEy9w6p4sytpW']
Boef,0Jsk5iYMr5aNjHury7blm1,Numidia,3OMZaRPVE5OI1IkDbZFBFU,1,['4BFjxR3dQzgSYFWjOnP4S3']
A Boogie Wit da Hoodie,31W5EY0aAly4Qieq6OFu6I,Don Q,5TM9R6dNoJSMq23yZQD6Ee,1,['5Tj4faD9lGyMw8ZatUYR6G']
A Boogie Wit da Hoodie,31W5EY0aAly4Qieq6OFu6I,Lil Uzi Vert,4O15NlyKLIASxsJ0PrXPfz,1,['5Tj4faD9lGyMw8ZatUYR6G']
Lil Uzi Vert,4O15NlyKLIASxsJ0PrXPfz,Don Q,5TM9R6dNoJSMq23yZQD6Ee,1,['5Tj4faD9lGyMw8ZatUYR6G']
Halsey,26VFTg2z8YR0cCuwLzESi2,Juice WRLD,4MCBfE4596Uoi2O4DtmEMz,1,['5wWAwzGp2OaaoIkwcz6wZs']
ATR Son Son,1nGRqM8VNcQOcFsOnhpInD,Rod Wave,45TgXXqMDdF8BkjA83OM7z,1,['1ENdcyhqdylaLsPVgB83qq']
Juice WRLD,4MCBfE4596Uoi2O4DtmEMz,Marshmello,64KEffDW9EtZ1y2vBYgq8T,2,"['0ada5XsQGLPUVbmTCkAP49', '2Y0wPrPQBrGhoLn14xRYCG']"
Robin Schulz,3t5xRXzsuZmMDkQzgOX35S,Wes,3tXUeiWOSod3mSQ2lOautf,1,['2u6Jm2klS4yvAlbSHlxUwI']
The Kid LAROI,2tIP7SsRs7vjIcLrU85W8J,Marshmello,64KEffDW9EtZ1y2vBYgq8T,2,"['0ada5XsQGLPUVbmTCkAP49', '1yP6g2Ka4CisR3i2cuIcjK']"
Marshmello,64KEffDW9EtZ1y2vBYgq8T,Polo G,6AgTAQt8XS6jRWi4sX7w49,1,['0ada5XsQGLPUVbmTCkAP49']
The Kid LAROI,2tIP7SsRs7vjIcLrU85W8J,Polo G,6AgTAQt8XS6jRWi4sX7w49,1,['0ada5XsQGLPUVbmTCkAP49']
Kid Cudi,0fA0VVWsXO9YnASrzqfmYu,Eminem,7dGJo4pcD2V6oG8kP0tJRR,1,['38iBrrbbXyWaSPkmuDNgjZ']
Kontra K,4lDiJcOJ2GLCK6p9q5BgfK,Samra,6h1s4i4XKIYv4ErDelLDN0,1,['7bDSLyTjZ1VjU5kPHTL3Ko']
Swae Lee,1zNqQNIdeOUZHb8zbZRFMX,Kane Brown,3oSJ7TBVCWMDMiYjXNiCKE,1,['5f1joOtoMeyppIcJGZQvqJ']
Kane Brown,3oSJ7TBVCWMDMiYjXNiCKE,Khalid,6LuN9FCkKOj5PcnpouEgny,1,['5f1joOtoMeyppIcJGZQvqJ']
Swae Lee,1zNqQNIdeOUZHb8zbZRFMX,Khalid,6LuN9FCkKOj5PcnpouEgny,1,['5f1joOtoMeyppIcJGZQvqJ']
Tainy,0GM7qgcRCORpGnfcN2tCiB,J Balvin,1vyhD5VmyZ7KMfW5gqLgo5,2,"['0EhpEsp4L0oRGM0vmeaN5e', '1pqnQ41XbfKjaFu6M0eGJp']"
Rauw Alejandro,1mcTU81TzQhprhouKaTkpq,Camilo,28gNT5KBp7IjEOQoevXf9N,1,['4G3PTss3mU33Tau7t4KbwE']
Loredana,2Im8m4STDBosjfmb5hmP80,KC Rebell,5p7mWeX4RlvqBCxylfiXdE,1,['3yFmG1luaLjuHWI6BGmwxJ']
Loredana,2Im8m4STDBosjfmb5hmP80,Summer Cem,3drqpTL4sQOckmAfF9i1wg,1,['3yFmG1luaLjuHWI6BGmwxJ']
Arcángel,4SsVbpTthjScTS7U2hmr1X,Anitta,7FNnA9vBm6EKceENgCGRMb,1,['4cno0k9jDEFpLAQyHNjqVx']
De La Ghetto,3EiLUeyEcA6fbRPSHkG5kb,Anitta,7FNnA9vBm6EKceENgCGRMb,1,['4cno0k9jDEFpLAQyHNjqVx']
De La Ghetto,3EiLUeyEcA6fbRPSHkG5kb,Arcángel,4SsVbpTthjScTS7U2hmr1X,1,['4cno0k9jDEFpLAQyHNjqVx']
PARTYNEXTDOOR,2HPaUgqeutzr3jx5a9WyDV,Summer Walker,57LYzLEk2LcFghVwuWbcuS,1,['2aSM4sbNN7cSmpYOG0sf46']
StaySolidRocky,1XLWox9w1Yvbodui0SRhUQ,Lil Uzi Vert,4O15NlyKLIASxsJ0PrXPfz,1,['1eIsyfDHoEbemSnQFsgyAv']
Joel Corry,6DgP9otnZw5z6daOntINxp,MNEK,7uMh23xWiuR7zsNkuNcm2G,1,['6cx06DFPPHchuUAcTxznu9']
DJ Khaled,0QHgL1lAIqAw0HtD7YldmP,Drake,3TVXtAsR1Inumwj472S9r4,2,"['1sbEeUY8KsdvgiQi26JBFz', '3gruCKVuhCsRjs3a3dG8CA']"
Tina Turner,1zuJe6b1roixEKMOtyrEak,Kygo,23fqKkggKUBHNkbKtXEls4,1,['3Be7CLdHZpyzsVijme39cW']
Shirin David,0JBdTCGs111JKKYfLqOEBa,Luciano,3CJKkU0XuElRT1z8rEtIYg,1,['5Hkj1XjMJv5QCGc9NwZm6z']
Jasmine Thompson,2TL8gYTNgD6nXkyuUdDrMg,Zedd,2qxJFvFYMEDqd7ui6kSAcq,1,['4FYbo4yQzu3hGkj2Ix4ucW']
Sebastian Yatra,07YUOmWljBTXwIseAUd9TW,Danna Paola,5xSx2FM8mQnrfgM1QsHniB,1,['1GNSWpe2SB30zYGbNTD96b']
Chael Produciendo,2iI5KWXLjw1tqLQsdjuo0e,El Alfa,2oQX8QiMXOyuqbcZEFsZfm,1,['4QfZYDhGZc0T2RDvGiI69E']
Drake,3TVXtAsR1Inumwj472S9r4,Headie One,6UCQYrcJ6wab6gnQ89OJFh,1,['4OENnoidV0h8gJV6bhrw7r']
Taylor Swift,06HL4z0CvFAxyc27GXpf02,Bon Iver,4LEiUm1SRbFMgfqnQTwUbQ,2,"['0AaV4MJrgmLV3XhoiWXjjb', '4pvb0WLRcMtbPGmtejJJ6y']"
J Balvin,1vyhD5VmyZ7KMfW5gqLgo5,Dua Lipa,6M2wZ9GZgrQXHCFfjv46we,1,['0EhpEsp4L0oRGM0vmeaN5e']
Bad Bunny,4q3ewBCX7sLwd24euuV69X,Dua Lipa,6M2wZ9GZgrQXHCFfjv46we,1,['0EhpEsp4L0oRGM0vmeaN5e']
Tainy,0GM7qgcRCORpGnfcN2tCiB,Dua Lipa,6M2wZ9GZgrQXHCFfjv46we,1,['0EhpEsp4L0oRGM0vmeaN5e']
Nicki Nicole,2UZIAOlrnyZmyzt1nuXr9y,Trueno,2x7PC78TmgqpEIjaGAZ0Oz,1,['0TUW9faHNaBmi89wsYGp9y']
Trueno,2x7PC78TmgqpEIjaGAZ0Oz,Bizarrap,716NhGYqD1jl2wI1Qkgq36,1,['0TUW9faHNaBmi89wsYGp9y']
Trueno,2x7PC78TmgqpEIjaGAZ0Oz,Taiu,5szJHKg5xeUlQ9pTqzdpic,2,"['0TUW9faHNaBmi89wsYGp9y', '51aMyZzlIOitdIA4vyF0JO']"
TATOOL,0shHIQr8VamXbzM66kwGQo,Trueno,2x7PC78TmgqpEIjaGAZ0Oz,2,"['0TUW9faHNaBmi89wsYGp9y', '51aMyZzlIOitdIA4vyF0JO']"
Nicki Nicole,2UZIAOlrnyZmyzt1nuXr9y,Bizarrap,716NhGYqD1jl2wI1Qkgq36,1,['0TUW9faHNaBmi89wsYGp9y']
Nicki Nicole,2UZIAOlrnyZmyzt1nuXr9y,Taiu,5szJHKg5xeUlQ9pTqzdpic,1,['0TUW9faHNaBmi89wsYGp9y']
TATOOL,0shHIQr8VamXbzM66kwGQo,Nicki Nicole,2UZIAOlrnyZmyzt1nuXr9y,1,['0TUW9faHNaBmi89wsYGp9y']
Taiu,5szJHKg5xeUlQ9pTqzdpic,Bizarrap,716NhGYqD1jl2wI1Qkgq36,1,['0TUW9faHNaBmi89wsYGp9y']
TATOOL,0shHIQr8VamXbzM66kwGQo,Bizarrap,716NhGYqD1jl2wI1Qkgq36,1,['0TUW9faHNaBmi89wsYGp9y']
TATOOL,0shHIQr8VamXbzM66kwGQo,Taiu,5szJHKg5xeUlQ9pTqzdpic,2,"['0TUW9faHNaBmi89wsYGp9y', '51aMyZzlIOitdIA4vyF0JO']"
Clueso,0iFq8SzyZaaQ2Fn6CLDxqW,Capital Bra,4WZGDpNwrC0vNQyl9QzF7d,1,['5PAAUJTKLT0nCmHUlLdPXb']
Capital Bra,4WZGDpNwrC0vNQyl9QzF7d,KC Rebell,5p7mWeX4RlvqBCxylfiXdE,1,['5PAAUJTKLT0nCmHUlLdPXb']
Clueso,0iFq8SzyZaaQ2Fn6CLDxqW,KC Rebell,5p7mWeX4RlvqBCxylfiXdE,1,['5PAAUJTKLT0nCmHUlLdPXb']
Ufo361,5pVRwX5ZQR7hfJ18w8ZYkl,Sonus030,78wZzI7u1cOjXKuYzqZI6l,3,"['1mfMAQJWZ9K4vKOahwkYQ3', '3JDPPLA5oReVAkrEDcBllG', '3P4uSN2VJ7asF4xdw1lDEf']"
The Kid LAROI,2tIP7SsRs7vjIcLrU85W8J,Lil Mosey,5zctI4wO9XSKS8XwcnqEHk,1,['1EWkw4Fa6IlnsAihLUlFFM']
Bonez MC,1aS5tqEs9ci5P9KD9tZWa6,KITSCHKRIEG,5tHiL8SKSaZGMBUPIiSmX4,1,['3Nicl8C2nJMUwdekcgZWZC']
Vybz Kartel,2NUz5P42WqkxilbI8ocN76,KITSCHKRIEG,5tHiL8SKSaZGMBUPIiSmX4,1,['3Nicl8C2nJMUwdekcgZWZC']
Bonez MC,1aS5tqEs9ci5P9KD9tZWa6,Vybz Kartel,2NUz5P42WqkxilbI8ocN76,1,['3Nicl8C2nJMUwdekcgZWZC']
Two Maloka,1v2nDgCQIAgO0tTXWcQbgh,Niack,5uYe4bcAXlMP7d4mrOYkML,1,['4xWzZmX4K1yyrdtRfbUvjt']
DJ Léo da 17,2K709GZR5lppCr7ATLKlbz,Niack,5uYe4bcAXlMP7d4mrOYkML,1,['4xWzZmX4K1yyrdtRfbUvjt']
Two Maloka,1v2nDgCQIAgO0tTXWcQbgh,DJ Léo da 17,2K709GZR5lppCr7ATLKlbz,1,['4xWzZmX4K1yyrdtRfbUvjt']
Trueno,2x7PC78TmgqpEIjaGAZ0Oz,WOS,5YCc6xS5Gpj3EkaYGdjyNK,1,['51aMyZzlIOitdIA4vyF0JO']
Evlay,2JsDK87cAxuUlz4L4izU7A,Trueno,2x7PC78TmgqpEIjaGAZ0Oz,1,['51aMyZzlIOitdIA4vyF0JO']
WOS,5YCc6xS5Gpj3EkaYGdjyNK,Taiu,5szJHKg5xeUlQ9pTqzdpic,1,['51aMyZzlIOitdIA4vyF0JO']
TATOOL,0shHIQr8VamXbzM66kwGQo,WOS,5YCc6xS5Gpj3EkaYGdjyNK,1,['51aMyZzlIOitdIA4vyF0JO']
Evlay,2JsDK87cAxuUlz4L4izU7A,WOS,5YCc6xS5Gpj3EkaYGdjyNK,1,['51aMyZzlIOitdIA4vyF0JO']
Evlay,2JsDK87cAxuUlz4L4izU7A,Taiu,5szJHKg5xeUlQ9pTqzdpic,1,['51aMyZzlIOitdIA4vyF0JO']
TATOOL,0shHIQr8VamXbzM66kwGQo,Evlay,2JsDK87cAxuUlz4L4izU7A,1,['51aMyZzlIOitdIA4vyF0JO']
Jason Derulo,07YZf4WDAMNwqr4jfgOZ8y,Puri,3ADyFy1orEwODaiHmRRMQp,1,['5DV4ZSCqbFv74ui3ZhimXo']
Jason Derulo,07YZf4WDAMNwqr4jfgOZ8y,Jhorrmountain,3aAX2y0amckZ7WcWoz2f2o,1,['5DV4ZSCqbFv74ui3ZhimXo']
Puri,3ADyFy1orEwODaiHmRRMQp,Jhorrmountain,3aAX2y0amckZ7WcWoz2f2o,1,['5DV4ZSCqbFv74ui3ZhimXo']
Sam Smith,2wY79sveU1sp5g7SokKOiI,Burna Boy,3wcj11K77LjEY1PkEazffa,1,['2KoHxhRyWxJzA0VafWd5Nk']
Nicki Minaj,0hCNtLu0JehylgoiP8L4Gh,A$AP Ferg,5dHt1vcEm9qb8fCyLcB3HL,1,['5esKpsrB3TbGHwFaAjIGMx']
MadeinTYO,5SyGEPymt1G2uto47tVWvZ,A$AP Ferg,5dHt1vcEm9qb8fCyLcB3HL,1,['5esKpsrB3TbGHwFaAjIGMx']
Nicki Minaj,0hCNtLu0JehylgoiP8L4Gh,MadeinTYO,5SyGEPymt1G2uto47tVWvZ,1,['5esKpsrB3TbGHwFaAjIGMx']
NLE Choppa,0ErzCpIMyLcjPiwT4elrtZ,Lil Baby,5f7VJjfbwm532GiveGC0ZK,1,['4LcK9e7Sls3xlBth2WuBp2']
Rocco Hunt,0L1f9i3L3fkMNENljDOsjG,Ana Mena,6k8mwkKJKKjBILo7ypBspl,1,['3YNcQUeVOpM3SDmwBeGfMK']
J Balvin,1vyhD5VmyZ7KMfW5gqLgo5,Jowell & Randy,4IMAo2UQchVFyPH24PAjUs,1,['0cRgJuB6TRtb5RZ2HkjSLh']
The Weeknd,1Xyo4u8uXC1ZmMpatF05PJ,Juice WRLD,4MCBfE4596Uoi2O4DtmEMz,1,['6wQlQrTY5mVS8EGaFZVwVF']
Megan Thee Stallion,181bsRPaVXVlUKXrxwZfHK,Cardi B,4kYSro6naA4h99UJvo89HB,1,['4Oun2ylbjFKMPTiaSbbCih']
Joji,3MZsBdqDrRTJihTHQrO6Dq,Diplo,5fMUXHkw8R8eOP2RNVYEZX,1,['6Ed1q0X8oSKSm4IIhiQbYg']
blackbear,2cFrymmkijnjDg9SS92EPM,mgk,6TIYQ3jFPwQSRmorSezPxX,1,['7kDUspsoYfLkWnZR7qwHZl']
DaBaby,4r63FhuTkUYltbVAg5TQnk,Young Thug,50co4Is1HCEo8bhOyUWKpn,1,['2T5NBwKRySiCR78vVk08vr']
David Guetta,1Cs0zKBU1kc0i8ypK3B9ai,HUMAN(X),365Q4cNnnlsQErzPsUzyXY,1,['3MR5Lnhd6uCIgLXSK7nmyX']
Sofía Reyes,0haZhu4fFKt0Ag94kZDiz2,David Guetta,1Cs0zKBU1kc0i8ypK3B9ai,1,['3MR5Lnhd6uCIgLXSK7nmyX']
David Guetta,1Cs0zKBU1kc0i8ypK3B9ai,Abraham Mateo,2bxxlINUlcMQQb39K7IopR,1,['3MR5Lnhd6uCIgLXSK7nmyX']
David Guetta,1Cs0zKBU1kc0i8ypK3B9ai,De La Ghetto,3EiLUeyEcA6fbRPSHkG5kb,1,['3MR5Lnhd6uCIgLXSK7nmyX']
Manuel Turizo,0tmwSHipWxN12fsoLcFU3B,David Guetta,1Cs0zKBU1kc0i8ypK3B9ai,1,['3MR5Lnhd6uCIgLXSK7nmyX']
David Guetta,1Cs0zKBU1kc0i8ypK3B9ai,Zion & Lennox,21451j1KhjAiaYKflxBjr1,1,['3MR5Lnhd6uCIgLXSK7nmyX']
David Guetta,1Cs0zKBU1kc0i8ypK3B9ai,Lalo Ebratt,1GAymyGBvB4gQy5Z5LZ1Wj,1,['3MR5Lnhd6uCIgLXSK7nmyX']
David Guetta,1Cs0zKBU1kc0i8ypK3B9ai,Thalia,23wEWD21D4TPYiJugoXmYb,1,['3MR5Lnhd6uCIgLXSK7nmyX']
David Guetta,1Cs0zKBU1kc0i8ypK3B9ai,Maejor,3XcCT5MPlQPWFTJyzXbfuX,1,['3MR5Lnhd6uCIgLXSK7nmyX']
Sofía Reyes,0haZhu4fFKt0Ag94kZDiz2,HUMAN(X),365Q4cNnnlsQErzPsUzyXY,1,['3MR5Lnhd6uCIgLXSK7nmyX']
Abraham Mateo,2bxxlINUlcMQQb39K7IopR,HUMAN(X),365Q4cNnnlsQErzPsUzyXY,1,['3MR5Lnhd6uCIgLXSK7nmyX']
HUMAN(X),365Q4cNnnlsQErzPsUzyXY,De La Ghetto,3EiLUeyEcA6fbRPSHkG5kb,1,['3MR5Lnhd6uCIgLXSK7nmyX']
Manuel Turizo,0tmwSHipWxN12fsoLcFU3B,HUMAN(X),365Q4cNnnlsQErzPsUzyXY,1,['3MR5Lnhd6uCIgLXSK7nmyX']
Zion & Lennox,21451j1KhjAiaYKflxBjr1,HUMAN(X),365Q4cNnnlsQErzPsUzyXY,1,['3MR5Lnhd6uCIgLXSK7nmyX']
Lalo Ebratt,1GAymyGBvB4gQy5Z5LZ1Wj,HUMAN(X),365Q4cNnnlsQErzPsUzyXY,1,['3MR5Lnhd6uCIgLXSK7nmyX']
Thalia,23wEWD21D4TPYiJugoXmYb,HUMAN(X),365Q4cNnnlsQErzPsUzyXY,1,['3MR5Lnhd6uCIgLXSK7nmyX']
HUMAN(X),365Q4cNnnlsQErzPsUzyXY,Maejor,3XcCT5MPlQPWFTJyzXbfuX,1,['3MR5Lnhd6uCIgLXSK7nmyX']
Sofía Reyes,0haZhu4fFKt0Ag94kZDiz2,Abraham Mateo,2bxxlINUlcMQQb39K7IopR,1,['3MR5Lnhd6uCIgLXSK7nmyX']
Sofía Reyes,0haZhu4fFKt0Ag94kZDiz2,De La Ghetto,3EiLUeyEcA6fbRPSHkG5kb,1,['3MR5Lnhd6uCIgLXSK7nmyX']
Sofía Reyes,0haZhu4fFKt0Ag94kZDiz2,Manuel Turizo,0tmwSHipWxN12fsoLcFU3B,1,['3MR5Lnhd6uCIgLXSK7nmyX']
Sofía Reyes,0haZhu4fFKt0Ag94kZDiz2,Zion & Lennox,21451j1KhjAiaYKflxBjr1,1,['3MR5Lnhd6uCIgLXSK7nmyX']
Sofía Reyes,0haZhu4fFKt0Ag94kZDiz2,Lalo Ebratt,1GAymyGBvB4gQy5Z5LZ1Wj,1,['3MR5Lnhd6uCIgLXSK7nmyX']
Sofía Reyes,0haZhu4fFKt0Ag94kZDiz2,Thalia,23wEWD21D4TPYiJugoXmYb,1,['3MR5Lnhd6uCIgLXSK7nmyX']
Sofía Reyes,0haZhu4fFKt0Ag94kZDiz2,Maejor,3XcCT5MPlQPWFTJyzXbfuX,1,['3MR5Lnhd6uCIgLXSK7nmyX']
Abraham Mateo,2bxxlINUlcMQQb39K7IopR,De La Ghetto,3EiLUeyEcA6fbRPSHkG5kb,1,['3MR5Lnhd6uCIgLXSK7nmyX']
Manuel Turizo,0tmwSHipWxN12fsoLcFU3B,Abraham Mateo,2bxxlINUlcMQQb39K7IopR,1,['3MR5Lnhd6uCIgLXSK7nmyX']
Zion & Lennox,21451j1KhjAiaYKflxBjr1,Abraham Mateo,2bxxlINUlcMQQb39K7IopR,1,['3MR5Lnhd6uCIgLXSK7nmyX']
Lalo Ebratt,1GAymyGBvB4gQy5Z5LZ1Wj,Abraham Mateo,2bxxlINUlcMQQb39K7IopR,1,['3MR5Lnhd6uCIgLXSK7nmyX']
Thalia,23wEWD21D4TPYiJugoXmYb,Abraham Mateo,2bxxlINUlcMQQb39K7IopR,1,['3MR5Lnhd6uCIgLXSK7nmyX']
Abraham Mateo,2bxxlINUlcMQQb39K7IopR,Maejor,3XcCT5MPlQPWFTJyzXbfuX,1,['3MR5Lnhd6uCIgLXSK7nmyX']
Manuel Turizo,0tmwSHipWxN12fsoLcFU3B,De La Ghetto,3EiLUeyEcA6fbRPSHkG5kb,1,['3MR5Lnhd6uCIgLXSK7nmyX']
Zion & Lennox,21451j1KhjAiaYKflxBjr1,De La Ghetto,3EiLUeyEcA6fbRPSHkG5kb,1,['3MR5Lnhd6uCIgLXSK7nmyX']
Lalo Ebratt,1GAymyGBvB4gQy5Z5LZ1Wj,De La Ghetto,3EiLUeyEcA6fbRPSHkG5kb,1,['3MR5Lnhd6uCIgLXSK7nmyX']
Thalia,23wEWD21D4TPYiJugoXmYb,De La Ghetto,3EiLUeyEcA6fbRPSHkG5kb,1,['3MR5Lnhd6uCIgLXSK7nmyX']
De La Ghetto,3EiLUeyEcA6fbRPSHkG5kb,Maejor,3XcCT5MPlQPWFTJyzXbfuX,1,['3MR5Lnhd6uCIgLXSK7nmyX']
Manuel Turizo,0tmwSHipWxN12fsoLcFU3B,Zion & Lennox,21451j1KhjAiaYKflxBjr1,1,['3MR5Lnhd6uCIgLXSK7nmyX']
Manuel Turizo,0tmwSHipWxN12fsoLcFU3B,Lalo Ebratt,1GAymyGBvB4gQy5Z5LZ1Wj,1,['3MR5Lnhd6uCIgLXSK7nmyX']
Manuel Turizo,0tmwSHipWxN12fsoLcFU3B,Thalia,23wEWD21D4TPYiJugoXmYb,1,['3MR5Lnhd6uCIgLXSK7nmyX']
Manuel Turizo,0tmwSHipWxN12fsoLcFU3B,Maejor,3XcCT5MPlQPWFTJyzXbfuX,1,['3MR5Lnhd6uCIgLXSK7nmyX']
Lalo Ebratt,1GAymyGBvB4gQy5Z5LZ1Wj,Zion & Lennox,21451j1KhjAiaYKflxBjr1,1,['3MR5Lnhd6uCIgLXSK7nmyX']
Zion & Lennox,21451j1KhjAiaYKflxBjr1,Thalia,23wEWD21D4TPYiJugoXmYb,1,['3MR5Lnhd6uCIgLXSK7nmyX']
Zion & Lennox,21451j1KhjAiaYKflxBjr1,Maejor,3XcCT5MPlQPWFTJyzXbfuX,1,['3MR5Lnhd6uCIgLXSK7nmyX']
Lalo Ebratt,1GAymyGBvB4gQy5Z5LZ1Wj,Thalia,23wEWD21D4TPYiJugoXmYb,1,['3MR5Lnhd6uCIgLXSK7nmyX']
Lalo Ebratt,1GAymyGBvB4gQy5Z5LZ1Wj,Maejor,3XcCT5MPlQPWFTJyzXbfuX,1,['3MR5Lnhd6uCIgLXSK7nmyX']
Thalia,23wEWD21D4TPYiJugoXmYb,Maejor,3XcCT5MPlQPWFTJyzXbfuX,1,['3MR5Lnhd6uCIgLXSK7nmyX']
Jamule,4sVieJlKgpZ2k9ESNS5IdN,KITSCHKRIEG,5tHiL8SKSaZGMBUPIiSmX4,1,['7mrWTjhYctgEQb0lJKrVWy']
SFR,53EHeXzGs4HheTCTnwfPEr,KITSCHKRIEG,5tHiL8SKSaZGMBUPIiSmX4,1,['7mrWTjhYctgEQb0lJKrVWy']
Jamule,4sVieJlKgpZ2k9ESNS5IdN,SFR,53EHeXzGs4HheTCTnwfPEr,1,['7mrWTjhYctgEQb0lJKrVWy']
Rod Wave,45TgXXqMDdF8BkjA83OM7z,Lil Baby,5f7VJjfbwm532GiveGC0ZK,1,['0qJeyYAgv6UpvewUxRXAhb']
iann dior,6ASri4ePR7RlsvIQgWPJpS,24kGoldn,6fWVd57NKTalqvmjRd2t8Z,2,"['4jPy3l0RUwlUI9T5XHBW2m', '6FuGJB290AQMAHTfjOYVaK']"
Super Yei,6HqgxkTt9KGyt27zYrwVan,Sammy,71FfEgML4GAokNHmW1GKPF,1,['5DoLhdU27owX1NMrKLUbUl']
Super Yei,6HqgxkTt9KGyt27zYrwVan,Jone Quest,6wcKDqJRY3TzbcdRKo6EiE,1,['5DoLhdU27owX1NMrKLUbUl']
Super Yei,6HqgxkTt9KGyt27zYrwVan,Towy,7iXYHQPYLQSz3b3hbPJpk3,1,['5DoLhdU27owX1NMrKLUbUl']
Osquel,2pG0eQLB8CbmmWWmjJi4yd,Super Yei,6HqgxkTt9KGyt27zYrwVan,1,['5DoLhdU27owX1NMrKLUbUl']
Super Yei,6HqgxkTt9KGyt27zYrwVan,Beltito,6TOKWuw816UU34AE4MCZqr,1,['5DoLhdU27owX1NMrKLUbUl']
Sammy & Falsetto,6AT27ojKlBuZToFIGwQZDc,Super Yei,6HqgxkTt9KGyt27zYrwVan,1,['5DoLhdU27owX1NMrKLUbUl']
Jone Quest,6wcKDqJRY3TzbcdRKo6EiE,Sammy,71FfEgML4GAokNHmW1GKPF,1,['5DoLhdU27owX1NMrKLUbUl']
Sammy,71FfEgML4GAokNHmW1GKPF,Towy,7iXYHQPYLQSz3b3hbPJpk3,1,['5DoLhdU27owX1NMrKLUbUl']
Osquel,2pG0eQLB8CbmmWWmjJi4yd,Sammy,71FfEgML4GAokNHmW1GKPF,1,['5DoLhdU27owX1NMrKLUbUl']
Beltito,6TOKWuw816UU34AE4MCZqr,Sammy,71FfEgML4GAokNHmW1GKPF,1,['5DoLhdU27owX1NMrKLUbUl']
Sammy & Falsetto,6AT27ojKlBuZToFIGwQZDc,Sammy,71FfEgML4GAokNHmW1GKPF,1,['5DoLhdU27owX1NMrKLUbUl']
Jone Quest,6wcKDqJRY3TzbcdRKo6EiE,Towy,7iXYHQPYLQSz3b3hbPJpk3,1,['5DoLhdU27owX1NMrKLUbUl']
Osquel,2pG0eQLB8CbmmWWmjJi4yd,Jone Quest,6wcKDqJRY3TzbcdRKo6EiE,1,['5DoLhdU27owX1NMrKLUbUl']
Beltito,6TOKWuw816UU34AE4MCZqr,Jone Quest,6wcKDqJRY3TzbcdRKo6EiE,1,['5DoLhdU27owX1NMrKLUbUl']
Sammy & Falsetto,6AT27ojKlBuZToFIGwQZDc,Jone Quest,6wcKDqJRY3TzbcdRKo6EiE,1,['5DoLhdU27owX1NMrKLUbUl']
Osquel,2pG0eQLB8CbmmWWmjJi4yd,Towy,7iXYHQPYLQSz3b3hbPJpk3,1,['5DoLhdU27owX1NMrKLUbUl']
Beltito,6TOKWuw816UU34AE4MCZqr,Towy,7iXYHQPYLQSz3b3hbPJpk3,1,['5DoLhdU27owX1NMrKLUbUl']
Sammy & Falsetto,6AT27ojKlBuZToFIGwQZDc,Towy,7iXYHQPYLQSz3b3hbPJpk3,1,['5DoLhdU27owX1NMrKLUbUl']
Osquel,2pG0eQLB8CbmmWWmjJi4yd,Beltito,6TOKWuw816UU34AE4MCZqr,1,['5DoLhdU27owX1NMrKLUbUl']
Osquel,2pG0eQLB8CbmmWWmjJi4yd,Sammy & Falsetto,6AT27ojKlBuZToFIGwQZDc,1,['5DoLhdU27owX1NMrKLUbUl']
Sammy & Falsetto,6AT27ojKlBuZToFIGwQZDc,Beltito,6TOKWuw816UU34AE4MCZqr,1,['5DoLhdU27owX1NMrKLUbUl']
Jay Rock,28ExwzUQsvgJooOI0X1mr3,Kendrick Lamar,2YZyLoL8N0Wb9xBt1NhZWg,1,['2HbKqm4o0w5wEeEFXm2sD4']
Drake,3TVXtAsR1Inumwj472S9r4,Lil Durk,3hcs9uc56yIGFCSy9leWe7,1,['2SAqBLGA283SUiwJ3xOUVI']
Dua Lipa,6M2wZ9GZgrQXHCFfjv46we,Madonna,6tbjWDEIzxoDsBA1FuhfPW,1,['0pk1hxhJLBSZZ5RKBhcwOa']
Missy Elliott,2wIVse2owClT7go1WT98tk,Dua Lipa,6M2wZ9GZgrQXHCFfjv46we,1,['0pk1hxhJLBSZZ5RKBhcwOa']
The Blessed Madonna,4TvhRzxIL1le2PWCeUqxQw,Dua Lipa,6M2wZ9GZgrQXHCFfjv46we,1,['0pk1hxhJLBSZZ5RKBhcwOa']
Missy Elliott,2wIVse2owClT7go1WT98tk,Madonna,6tbjWDEIzxoDsBA1FuhfPW,1,['0pk1hxhJLBSZZ5RKBhcwOa']
The Blessed Madonna,4TvhRzxIL1le2PWCeUqxQw,Madonna,6tbjWDEIzxoDsBA1FuhfPW,1,['0pk1hxhJLBSZZ5RKBhcwOa']
Missy Elliott,2wIVse2owClT7go1WT98tk,The Blessed Madonna,4TvhRzxIL1le2PWCeUqxQw,1,['0pk1hxhJLBSZZ5RKBhcwOa']
Alicia Keys,3DiDSECUqqY1AuBP8qtaIa,Khalid,6LuN9FCkKOj5PcnpouEgny,1,['3X3TlieuOl8aWzw2HeigUo']
Gunna,2hlmm7s2ICUX0LVIhVFlZQ,Internet Money,6MPCFvOQv5cIGfw3jODMF0,1,['7hxHWCCAIIxFLCzvDgnQHX']
Don Toliver,4Gso3d4CscCijv0lmajZWs,Internet Money,6MPCFvOQv5cIGfw3jODMF0,2,"['5sBplhIrmzA4kQGyIOpmDf', '7hxHWCCAIIxFLCzvDgnQHX']"
Internet Money,6MPCFvOQv5cIGfw3jODMF0,NAV,7rkW85dBwwrJtlHRDkJDAC,1,['7hxHWCCAIIxFLCzvDgnQHX']
Gunna,2hlmm7s2ICUX0LVIhVFlZQ,Don Toliver,4Gso3d4CscCijv0lmajZWs,1,['7hxHWCCAIIxFLCzvDgnQHX']
blackbear,2cFrymmkijnjDg9SS92EPM,Charlie Puth,6VuMaDnrHyPL1p4EHjYLi7,1,['3xvYvJAa0iUVKKsYcuDNlK']
Soso Maness,0oeiA5U9u1U45Gos5cywUU,Kofs,5RaQ9nmVGoTye2SI76x3yw,2,"['205HNJ73cgpC0LAOnuQiWT', '6YzQOngfcV0W9F8UOTnEEK']"
Elams,2IoSLl3tqYMq9DzR0d6NJN,Kofs,5RaQ9nmVGoTye2SI76x3yw,2,"['205HNJ73cgpC0LAOnuQiWT', '6YzQOngfcV0W9F8UOTnEEK']"
Jul,3IW7ScrzXmPvZhB27hmfgy,Kofs,5RaQ9nmVGoTye2SI76x3yw,2,"['205HNJ73cgpC0LAOnuQiWT', '6YzQOngfcV0W9F8UOTnEEK']"
SCH,2kXKa3aAFngGz2P4GjG5w2,Kofs,5RaQ9nmVGoTye2SI76x3yw,2,"['205HNJ73cgpC0LAOnuQiWT', '6YzQOngfcV0W9F8UOTnEEK']"
Kofs,5RaQ9nmVGoTye2SI76x3yw,Naps,6W5uA6CNMf3hd2j4a2XWCx,2,"['205HNJ73cgpC0LAOnuQiWT', '6YzQOngfcV0W9F8UOTnEEK']"
Kofs,5RaQ9nmVGoTye2SI76x3yw,Solda,7FXX45sHqoQoCwqtG0ZV8H,2,"['205HNJ73cgpC0LAOnuQiWT', '6YzQOngfcV0W9F8UOTnEEK']"
Kofs,5RaQ9nmVGoTye2SI76x3yw,Houari,6zrOXBaNn0DqJeXxgC2eyH,2,"['205HNJ73cgpC0LAOnuQiWT', '6YzQOngfcV0W9F8UOTnEEK']"
13 Organisé,19u3RGWKsjmbg9eI6zAiNp,Kofs,5RaQ9nmVGoTye2SI76x3yw,2,"['205HNJ73cgpC0LAOnuQiWT', '6YzQOngfcV0W9F8UOTnEEK']"
Soso Maness,0oeiA5U9u1U45Gos5cywUU,Elams,2IoSLl3tqYMq9DzR0d6NJN,2,"['205HNJ73cgpC0LAOnuQiWT', '6YzQOngfcV0W9F8UOTnEEK']"
Soso Maness,0oeiA5U9u1U45Gos5cywUU,Jul,3IW7ScrzXmPvZhB27hmfgy,2,"['205HNJ73cgpC0LAOnuQiWT', '6YzQOngfcV0W9F8UOTnEEK']"
Soso Maness,0oeiA5U9u1U45Gos5cywUU,SCH,2kXKa3aAFngGz2P4GjG5w2,2,"['205HNJ73cgpC0LAOnuQiWT', '6YzQOngfcV0W9F8UOTnEEK']"
Soso Maness,0oeiA5U9u1U45Gos5cywUU,Naps,6W5uA6CNMf3hd2j4a2XWCx,2,"['205HNJ73cgpC0LAOnuQiWT', '6YzQOngfcV0W9F8UOTnEEK']"
Soso Maness,0oeiA5U9u1U45Gos5cywUU,Solda,7FXX45sHqoQoCwqtG0ZV8H,2,"['205HNJ73cgpC0LAOnuQiWT', '6YzQOngfcV0W9F8UOTnEEK']"
Soso Maness,0oeiA5U9u1U45Gos5cywUU,Houari,6zrOXBaNn0DqJeXxgC2eyH,2,"['205HNJ73cgpC0LAOnuQiWT', '6YzQOngfcV0W9F8UOTnEEK']"
Soso Maness,0oeiA5U9u1U45Gos5cywUU,13 Organisé,19u3RGWKsjmbg9eI6zAiNp,2,"['205HNJ73cgpC0LAOnuQiWT', '6YzQOngfcV0W9F8UOTnEEK']"
Elams,2IoSLl3tqYMq9DzR0d6NJN,Jul,3IW7ScrzXmPvZhB27hmfgy,2,"['205HNJ73cgpC0LAOnuQiWT', '6YzQOngfcV0W9F8UOTnEEK']"
Elams,2IoSLl3tqYMq9DzR0d6NJN,SCH,2kXKa3aAFngGz2P4GjG5w2,2,"['205HNJ73cgpC0LAOnuQiWT', '6YzQOngfcV0W9F8UOTnEEK']"
Elams,2IoSLl3tqYMq9DzR0d6NJN,Naps,6W5uA6CNMf3hd2j4a2XWCx,2,"['205HNJ73cgpC0LAOnuQiWT', '6YzQOngfcV0W9F8UOTnEEK']"
Elams,2IoSLl3tqYMq9DzR0d6NJN,Solda,7FXX45sHqoQoCwqtG0ZV8H,2,"['205HNJ73cgpC0LAOnuQiWT', '6YzQOngfcV0W9F8UOTnEEK']"
Elams,2IoSLl3tqYMq9DzR0d6NJN,Houari,6zrOXBaNn0DqJeXxgC2eyH,2,"['205HNJ73cgpC0LAOnuQiWT', '6YzQOngfcV0W9F8UOTnEEK']"
13 Organisé,19u3RGWKsjmbg9eI6zAiNp,Elams,2IoSLl3tqYMq9DzR0d6NJN,2,"['205HNJ73cgpC0LAOnuQiWT', '6YzQOngfcV0W9F8UOTnEEK']"
SCH,2kXKa3aAFngGz2P4GjG5w2,Jul,3IW7ScrzXmPvZhB27hmfgy,2,"['205HNJ73cgpC0LAOnuQiWT', '6YzQOngfcV0W9F8UOTnEEK']"
Jul,3IW7ScrzXmPvZhB27hmfgy,Naps,6W5uA6CNMf3hd2j4a2XWCx,2,"['205HNJ73cgpC0LAOnuQiWT', '6YzQOngfcV0W9F8UOTnEEK']"
Jul,3IW7ScrzXmPvZhB27hmfgy,Solda,7FXX45sHqoQoCwqtG0ZV8H,2,"['205HNJ73cgpC0LAOnuQiWT', '6YzQOngfcV0W9F8UOTnEEK']"
Jul,3IW7ScrzXmPvZhB27hmfgy,Houari,6zrOXBaNn0DqJeXxgC2eyH,2,"['205HNJ73cgpC0LAOnuQiWT', '6YzQOngfcV0W9F8UOTnEEK']"
13 Organisé,19u3RGWKsjmbg9eI6zAiNp,Jul,3IW7ScrzXmPvZhB27hmfgy,2,"['205HNJ73cgpC0LAOnuQiWT', '6YzQOngfcV0W9F8UOTnEEK']"
SCH,2kXKa3aAFngGz2P4GjG5w2,Naps,6W5uA6CNMf3hd2j4a2XWCx,2,"['205HNJ73cgpC0LAOnuQiWT', '6YzQOngfcV0W9F8UOTnEEK']"
SCH,2kXKa3aAFngGz2P4GjG5w2,Solda,7FXX45sHqoQoCwqtG0ZV8H,2,"['205HNJ73cgpC0LAOnuQiWT', '6YzQOngfcV0W9F8UOTnEEK']"
SCH,2kXKa3aAFngGz2P4GjG5w2,Houari,6zrOXBaNn0DqJeXxgC2eyH,2,"['205HNJ73cgpC0LAOnuQiWT', '6YzQOngfcV0W9F8UOTnEEK']"
13 Organisé,19u3RGWKsjmbg9eI6zAiNp,SCH,2kXKa3aAFngGz2P4GjG5w2,2,"['205HNJ73cgpC0LAOnuQiWT', '6YzQOngfcV0W9F8UOTnEEK']"
Naps,6W5uA6CNMf3hd2j4a2XWCx,Solda,7FXX45sHqoQoCwqtG0ZV8H,2,"['205HNJ73cgpC0LAOnuQiWT', '6YzQOngfcV0W9F8UOTnEEK']"
Naps,6W5uA6CNMf3hd2j4a2XWCx,Houari,6zrOXBaNn0DqJeXxgC2eyH,2,"['205HNJ73cgpC0LAOnuQiWT', '6YzQOngfcV0W9F8UOTnEEK']"
13 Organisé,19u3RGWKsjmbg9eI6zAiNp,Naps,6W5uA6CNMf3hd2j4a2XWCx,2,"['205HNJ73cgpC0LAOnuQiWT', '6YzQOngfcV0W9F8UOTnEEK']"
Houari,6zrOXBaNn0DqJeXxgC2eyH,Solda,7FXX45sHqoQoCwqtG0ZV8H,2,"['205HNJ73cgpC0LAOnuQiWT', '6YzQOngfcV0W9F8UOTnEEK']"
13 Organisé,19u3RGWKsjmbg9eI6zAiNp,Solda,7FXX45sHqoQoCwqtG0ZV8H,2,"['205HNJ73cgpC0LAOnuQiWT', '6YzQOngfcV0W9F8UOTnEEK']"
13 Organisé,19u3RGWKsjmbg9eI6zAiNp,Houari,6zrOXBaNn0DqJeXxgC2eyH,2,"['205HNJ73cgpC0LAOnuQiWT', '6YzQOngfcV0W9F8UOTnEEK']"
KAROL G,790FomKkXshlbRYZFtlgla,Myke Towers,7iK8PXO48WeuP03g8YR51W,1,['67jvGGbJmOmVonlyX3mNkV']
CRO,3utZ2yeQk0Z3BCOBWP7Vlu,Capital Bra,4WZGDpNwrC0vNQyl9QzF7d,1,['6qAxQhNfM909QrDGLYEocf']
blackbear,2cFrymmkijnjDg9SS92EPM,Lauv,5JZ7CnR6gTvEMKX4g70Amv,1,['4Rh4UxgPaRTaFfKumWtUbM']
Lenny Tavárez,1pQWsZQehhS4wavwh7Fnxd,Maluma,1r4hJ1h58CWwUQe3MxPuau,1,['4RJz8NfIe09gpKMiRUWKhJ']
AJ Tracey,4Xi6LSfFqv26XgP9NKN26U,Headie One,6UCQYrcJ6wab6gnQ89OJFh,1,['4C4n9gQPyjP7gMzldsjp4a']
Stormzy,2SrSdSvpminqmStGELCSNd,Headie One,6UCQYrcJ6wab6gnQ89OJFh,1,['4C4n9gQPyjP7gMzldsjp4a']
Stormzy,2SrSdSvpminqmStGELCSNd,AJ Tracey,4Xi6LSfFqv26XgP9NKN26U,1,['4C4n9gQPyjP7gMzldsjp4a']
Bausa,13bDjug9N0pyv3ZUINjkDV,Juju,4sg4no0TXdsrM1s4SVUwNF,1,['6bM4daGlfZHtKMQp8tEqVz']
Kim Loaiza,1QivQCLVipV61DiQiyV14A,Jd Pantoja,7yjRUA0Iz3VI4Kqa5oPJZK,1,['5gc6e6b4ZLAxhLeVtgWe9c']
Pharrell Williams,2RdwBSPQiwcmiDo9kixcl8,JAY-Z,3nFkdlSjzX9mRTtwJOzDYB,1,['7E1lnnPsrnHslXSWomUkLP']
G-Eazy,02kJSzxNuaWGqwubyUba0Z,Lukas Graham,25u4wHJWxCA9vO0CzxAbK7,1,['44l9nnCVvOQBbWG6tDViKl']
Mabel,1MIVXf74SZHmTIp4V4paH4,Clean Bandit,6MDME20pz9RveH9rEXvrOM,1,['27u7t9d7ZQoyjsCROHuZJ3']
Clean Bandit,6MDME20pz9RveH9rEXvrOM,24kGoldn,6fWVd57NKTalqvmjRd2t8Z,1,['27u7t9d7ZQoyjsCROHuZJ3']
Mabel,1MIVXf74SZHmTIp4V4paH4,24kGoldn,6fWVd57NKTalqvmjRd2t8Z,1,['27u7t9d7ZQoyjsCROHuZJ3']
Lenny Santos,4bODqflR0Wo3i3fCwwCIPq,KHEA,4m6ubhNsdwF4psNf3R8kwR,1,['6C6mUonH6MNdSg5pw7kOc9']
Manu Gavassi,6xF3XdxG7VHRmQmTJxRqX8,Gloria Groove,7rXMvXRnWHaSwnVvPeUUfw,1,['6Q9NH5cNBY58nJkp5Jbs9j']
Yandel,0eHQ9o50hj6ZDNBt6Ys1sD,Rauw Alejandro,1mcTU81TzQhprhouKaTkpq,1,['0j1VxrPkMyFGvz0jZzxUoZ']
Maluma,1r4hJ1h58CWwUQe3MxPuau,Myke Towers,7iK8PXO48WeuP03g8YR51W,1,['19OXtYzrJyCrQvTbfukt4H']
Selena Gomez,0C8ZW7ezQVs4URX5aX7Kqx,BLACKPINK,41MozSoPIsD1dJM0CLPjZF,1,['4JUPEh2DVSXFGExu4Uxevz']
The Weeknd,1Xyo4u8uXC1ZmMpatF05PJ,Calvin Harris,7CajNmpbOovFoOoasH2HaY,1,['58AGoOGbwsQMhBbH0eFLRR']
Internet Money,6MPCFvOQv5cIGfw3jODMF0,Trippie Redd,6Xgp2XMz1fhVYe7i6yNAax,1,['7dH9TPjTWQ60wOJkmYay8a']
Diplo,5fMUXHkw8R8eOP2RNVYEZX,Internet Money,6MPCFvOQv5cIGfw3jODMF0,1,['7dH9TPjTWQ60wOJkmYay8a']
Juice WRLD,4MCBfE4596Uoi2O4DtmEMz,Internet Money,6MPCFvOQv5cIGfw3jODMF0,1,['7dH9TPjTWQ60wOJkmYay8a']
Diplo,5fMUXHkw8R8eOP2RNVYEZX,Trippie Redd,6Xgp2XMz1fhVYe7i6yNAax,1,['7dH9TPjTWQ60wOJkmYay8a']
Juice WRLD,4MCBfE4596Uoi2O4DtmEMz,Diplo,5fMUXHkw8R8eOP2RNVYEZX,1,['7dH9TPjTWQ60wOJkmYay8a']
(G)I-DLE,2AfmfGFbe0A0WsTYm0SDTx,K/DA,4gOc8TsQed9eqnqJct2c5v,2,"['2V4Fx72svQRxrFvNT1eq5f', '6juLaduD4STCUDWT0AYun4']"
K/DA,4gOc8TsQed9eqnqJct2c5v,Wolftyla,7qd6KGoABHifvXKeFNe2Yb,1,['2V4Fx72svQRxrFvNT1eq5f']
Bea Miller,1o2NpYGqHiCq7FoiYdyd1x,K/DA,4gOc8TsQed9eqnqJct2c5v,1,['2V4Fx72svQRxrFvNT1eq5f']
League of Legends,47mIJdHORyRerp4os813jD,K/DA,4gOc8TsQed9eqnqJct2c5v,2,"['2V4Fx72svQRxrFvNT1eq5f', '6juLaduD4STCUDWT0AYun4']"
(G)I-DLE,2AfmfGFbe0A0WsTYm0SDTx,Wolftyla,7qd6KGoABHifvXKeFNe2Yb,1,['2V4Fx72svQRxrFvNT1eq5f']
Bea Miller,1o2NpYGqHiCq7FoiYdyd1x,(G)I-DLE,2AfmfGFbe0A0WsTYm0SDTx,1,['2V4Fx72svQRxrFvNT1eq5f']
(G)I-DLE,2AfmfGFbe0A0WsTYm0SDTx,League of Legends,47mIJdHORyRerp4os813jD,2,"['2V4Fx72svQRxrFvNT1eq5f', '6juLaduD4STCUDWT0AYun4']"
Bea Miller,1o2NpYGqHiCq7FoiYdyd1x,Wolftyla,7qd6KGoABHifvXKeFNe2Yb,1,['2V4Fx72svQRxrFvNT1eq5f']
League of Legends,47mIJdHORyRerp4os813jD,Wolftyla,7qd6KGoABHifvXKeFNe2Yb,1,['2V4Fx72svQRxrFvNT1eq5f']
Bea Miller,1o2NpYGqHiCq7FoiYdyd1x,League of Legends,47mIJdHORyRerp4os813jD,1,['2V4Fx72svQRxrFvNT1eq5f']
Cordae,0huGjMyP507tBCARyzSkrv,Roddy Ricch,757aE44tKEUQEqRuT6GnEB,1,['0mb3uDw5vfFUcZfJYFOMRu']
Nicki Minaj,0hCNtLu0JehylgoiP8L4Gh,Ty Dolla $ign,7c0XG5cIJTrrAgEC3ULPiq,1,['0IAkpYTRomExXOUJonNMTR']
Nipsey Hussle,0EeQBlQJFiAfJeVN2vT9s0,Big Sean,0c173mlxpT3dSFRgMO8XPh,1,['2CDcXWYWilHTXrsOXJza8n']
SAINt JHN,0H39MdGGX6dbnnQPt6NQkZ,Tyla Yaweh,1MXZ0hsGic96dWRDKwAwdr,1,['4Rq2BMG5VWMhb2whSx8bf4']
SAINt JHN,0H39MdGGX6dbnnQPt6NQkZ,Post Malone,246dkjvS1zLTtiykXe5h60,1,['4Rq2BMG5VWMhb2whSx8bf4']
Jaden,0xOeVMOz2fVg5BJY3N6akT,Justin Bieber,1uNFoZAHBGtllmzznpCI3s,1,['24MWSatP5sTylISvJONhnB']
Kehlani,0cGUm45nv7Z6M6qdXYQGTX,Disclosure,6nS5roXSAGhTGr34W6n7Et,1,['1LnEy9O3sYTeO6KiPHKGHq']
Syd,3jk39CGeaaSO3FPKNx1RUx,Disclosure,6nS5roXSAGhTGr34W6n7Et,1,['1LnEy9O3sYTeO6KiPHKGHq']
Kehlani,0cGUm45nv7Z6M6qdXYQGTX,Syd,3jk39CGeaaSO3FPKNx1RUx,1,['1LnEy9O3sYTeO6KiPHKGHq']
Rauw Alejandro,1mcTU81TzQhprhouKaTkpq,Ir Sais,4NEThNYJ3WyNcJWcmpjq88,1,['099tjv6oy2opbpCOA3nBwX']
AK AUSSERKONTROLLE,07SFzTMeYf5P8Rd32a9Zzw,Kontra K,4lDiJcOJ2GLCK6p9q5BgfK,1,['5AVPelpkccFdZdepfo2GhM']
Pop Smoke,0eDvMgVFoNV3TpwtrVCoTj,A Boogie Wit da Hoodie,31W5EY0aAly4Qieq6OFu6I,1,['2r6OAV3WsYtXuXjvJ1lIDi']
Bring Me The Horizon,1Ffb6ejR6Fe5IamqA5oRUF,YUNGBLUD,6Ad91Jof8Niiw0lGLLi3NW,1,['7fQox8Ere1HDm0jhSnsFHu']
Post Malone,246dkjvS1zLTtiykXe5h60,Saweetie,6cK3NBO6uP7hh0oyuVELFl,1,['5woaU1FNkqCwg6WzWiQPW5']
DaBaby,4r63FhuTkUYltbVAg5TQnk,Saweetie,6cK3NBO6uP7hh0oyuVELFl,1,['5woaU1FNkqCwg6WzWiQPW5']
Jack Harlow,2LIk90788K0zvyj2JJVwkJ,Saweetie,6cK3NBO6uP7hh0oyuVELFl,1,['5woaU1FNkqCwg6WzWiQPW5']
Post Malone,246dkjvS1zLTtiykXe5h60,DaBaby,4r63FhuTkUYltbVAg5TQnk,1,['5woaU1FNkqCwg6WzWiQPW5']
Post Malone,246dkjvS1zLTtiykXe5h60,Jack Harlow,2LIk90788K0zvyj2JJVwkJ,1,['5woaU1FNkqCwg6WzWiQPW5']
The Neptunes,0KuF7reCTOZwV7YJnHQqgr,SZA,7tYKF4w9nC0nq9CsPZTHyP,1,['7Bar1kLTmsRmH6FCKKMEyU']
Pharrell Williams,2RdwBSPQiwcmiDo9kixcl8,SZA,7tYKF4w9nC0nq9CsPZTHyP,1,['7Bar1kLTmsRmH6FCKKMEyU']
Ty Dolla $ign,7c0XG5cIJTrrAgEC3ULPiq,SZA,7tYKF4w9nC0nq9CsPZTHyP,1,['7Bar1kLTmsRmH6FCKKMEyU']
The Neptunes,0KuF7reCTOZwV7YJnHQqgr,Pharrell Williams,2RdwBSPQiwcmiDo9kixcl8,1,['7Bar1kLTmsRmH6FCKKMEyU']
The Neptunes,0KuF7reCTOZwV7YJnHQqgr,Ty Dolla $ign,7c0XG5cIJTrrAgEC3ULPiq,1,['7Bar1kLTmsRmH6FCKKMEyU']
Pharrell Williams,2RdwBSPQiwcmiDo9kixcl8,Ty Dolla $ign,7c0XG5cIJTrrAgEC3ULPiq,1,['7Bar1kLTmsRmH6FCKKMEyU']
Sech,77ziqFxp5gaInVrF2lj4ht,ROSALÍA,7ltDVBr6mKbRvohxheJ9h1,1,['35UUpTmrcFXNIVIN26ujXl']
Farruko,329e4yvIujISKGKz1BZZbO,Sech,77ziqFxp5gaInVrF2lj4ht,1,['35UUpTmrcFXNIVIN26ujXl']
Daddy Yankee,4VMYDCV2IEDYJArk749S6m,ROSALÍA,7ltDVBr6mKbRvohxheJ9h1,1,['35UUpTmrcFXNIVIN26ujXl']
Farruko,329e4yvIujISKGKz1BZZbO,Daddy Yankee,4VMYDCV2IEDYJArk749S6m,1,['35UUpTmrcFXNIVIN26ujXl']
J Balvin,1vyhD5VmyZ7KMfW5gqLgo5,Farruko,329e4yvIujISKGKz1BZZbO,1,['35UUpTmrcFXNIVIN26ujXl']
Farruko,329e4yvIujISKGKz1BZZbO,ROSALÍA,7ltDVBr6mKbRvohxheJ9h1,1,['35UUpTmrcFXNIVIN26ujXl']
Travis Scott,0Y5tJX1MQlPlqiwlOH1tJY,Big Sean,0c173mlxpT3dSFRgMO8XPh,1,['4VLTxHOyFX5FRtkpsFm5Pc']
Ozuna,1i8SpTcr7yvPOmcqrbnVXY,Doja Cat,5cj0lLjcoR7YOSnhnX0Po5,1,['5cpJFiNwYyWwFLH0V6B3N8']
Ozuna,1i8SpTcr7yvPOmcqrbnVXY,Sia,5WUlDfRSoLAfcVSX1WnrxN,1,['5cpJFiNwYyWwFLH0V6B3N8']
Sia,5WUlDfRSoLAfcVSX1WnrxN,Doja Cat,5cj0lLjcoR7YOSnhnX0Po5,1,['5cpJFiNwYyWwFLH0V6B3N8']
Big Sean,0c173mlxpT3dSFRgMO8XPh,Post Malone,246dkjvS1zLTtiykXe5h60,1,['33gwZOGJWEZ7dRWPqPxBEZ']
Akon,0z4gvV4rjIZ9wHck67ucSV,6ix9ine,7gZfnEnfiaHzxARJ2LeXrf,1,['7Mu3sCvXdMSlBLrUPOhWAG']
Anahí,0TeVa4xdLB8vdzjsvKH6Ri,RBD,7cjh6y0V9SsyCrWSXTzwOs,9,"['0bMVCO35RJiUhAfvFsLjIF', '2RJ1fg4qf2vgZKifTa4HgA', '3eo3Dw5OGSWCzJDVHLKE3v', '3hbTkJ0yFzHbawnKyhvTQj', '56tOMi4N980gmsdUoyaLb3', '5sgvzXoYFCr5F5tUZdAA20', '64mK5Yd0rdGeXVkMFspEyt', '6fqpsCQ7jF7OgQolXgYovX', '7F7qwp7VZRVwZsNoddRRgX']"
Dulce María,6kaefrHSdAvxhhCVDFTCEL,RBD,7cjh6y0V9SsyCrWSXTzwOs,9,"['0bMVCO35RJiUhAfvFsLjIF', '2RJ1fg4qf2vgZKifTa4HgA', '3eo3Dw5OGSWCzJDVHLKE3v', '3hbTkJ0yFzHbawnKyhvTQj', '56tOMi4N980gmsdUoyaLb3', '5sgvzXoYFCr5F5tUZdAA20', '64mK5Yd0rdGeXVkMFspEyt', '6fqpsCQ7jF7OgQolXgYovX', '7F7qwp7VZRVwZsNoddRRgX']"
Maite Perroni,6ModsWtBph2rE6zCTVxvZt,RBD,7cjh6y0V9SsyCrWSXTzwOs,9,"['0bMVCO35RJiUhAfvFsLjIF', '2RJ1fg4qf2vgZKifTa4HgA', '3eo3Dw5OGSWCzJDVHLKE3v', '3hbTkJ0yFzHbawnKyhvTQj', '56tOMi4N980gmsdUoyaLb3', '5sgvzXoYFCr5F5tUZdAA20', '64mK5Yd0rdGeXVkMFspEyt', '6fqpsCQ7jF7OgQolXgYovX', '7F7qwp7VZRVwZsNoddRRgX']"
Christian Chávez,0aMqt2uGLuHj4eI8oXgVzN,RBD,7cjh6y0V9SsyCrWSXTzwOs,9,"['0bMVCO35RJiUhAfvFsLjIF', '2RJ1fg4qf2vgZKifTa4HgA', '3eo3Dw5OGSWCzJDVHLKE3v', '3hbTkJ0yFzHbawnKyhvTQj', '56tOMi4N980gmsdUoyaLb3', '5sgvzXoYFCr5F5tUZdAA20', '64mK5Yd0rdGeXVkMFspEyt', '6fqpsCQ7jF7OgQolXgYovX', '7F7qwp7VZRVwZsNoddRRgX']"
Christopher von Uckermann,5O8cudluftNZ6PCwRzvYxo,RBD,7cjh6y0V9SsyCrWSXTzwOs,9,"['0bMVCO35RJiUhAfvFsLjIF', '2RJ1fg4qf2vgZKifTa4HgA', '3eo3Dw5OGSWCzJDVHLKE3v', '3hbTkJ0yFzHbawnKyhvTQj', '56tOMi4N980gmsdUoyaLb3', '5sgvzXoYFCr5F5tUZdAA20', '64mK5Yd0rdGeXVkMFspEyt', '6fqpsCQ7jF7OgQolXgYovX', '7F7qwp7VZRVwZsNoddRRgX']"
Alfonso Herrera,0veZkZPeWoJQ9gt6VAXlkN,RBD,7cjh6y0V9SsyCrWSXTzwOs,9,"['0bMVCO35RJiUhAfvFsLjIF', '2RJ1fg4qf2vgZKifTa4HgA', '3eo3Dw5OGSWCzJDVHLKE3v', '3hbTkJ0yFzHbawnKyhvTQj', '56tOMi4N980gmsdUoyaLb3', '5sgvzXoYFCr5F5tUZdAA20', '64mK5Yd0rdGeXVkMFspEyt', '6fqpsCQ7jF7OgQolXgYovX', '7F7qwp7VZRVwZsNoddRRgX']"
Anahí,0TeVa4xdLB8vdzjsvKH6Ri,Dulce María,6kaefrHSdAvxhhCVDFTCEL,9,"['0bMVCO35RJiUhAfvFsLjIF', '2RJ1fg4qf2vgZKifTa4HgA', '3eo3Dw5OGSWCzJDVHLKE3v', '3hbTkJ0yFzHbawnKyhvTQj', '56tOMi4N980gmsdUoyaLb3', '5sgvzXoYFCr5F5tUZdAA20', '64mK5Yd0rdGeXVkMFspEyt', '6fqpsCQ7jF7OgQolXgYovX', '7F7qwp7VZRVwZsNoddRRgX']"
Anahí,0TeVa4xdLB8vdzjsvKH6Ri,Maite Perroni,6ModsWtBph2rE6zCTVxvZt,9,"['0bMVCO35RJiUhAfvFsLjIF', '2RJ1fg4qf2vgZKifTa4HgA', '3eo3Dw5OGSWCzJDVHLKE3v', '3hbTkJ0yFzHbawnKyhvTQj', '56tOMi4N980gmsdUoyaLb3', '5sgvzXoYFCr5F5tUZdAA20', '64mK5Yd0rdGeXVkMFspEyt', '6fqpsCQ7jF7OgQolXgYovX', '7F7qwp7VZRVwZsNoddRRgX']"
Anahí,0TeVa4xdLB8vdzjsvKH6Ri,Christian Chávez,0aMqt2uGLuHj4eI8oXgVzN,9,"['0bMVCO35RJiUhAfvFsLjIF', '2RJ1fg4qf2vgZKifTa4HgA', '3eo3Dw5OGSWCzJDVHLKE3v', '3hbTkJ0yFzHbawnKyhvTQj', '56tOMi4N980gmsdUoyaLb3', '5sgvzXoYFCr5F5tUZdAA20', '64mK5Yd0rdGeXVkMFspEyt', '6fqpsCQ7jF7OgQolXgYovX', '7F7qwp7VZRVwZsNoddRRgX']"
Anahí,0TeVa4xdLB8vdzjsvKH6Ri,Christopher von Uckermann,5O8cudluftNZ6PCwRzvYxo,9,"['0bMVCO35RJiUhAfvFsLjIF', '2RJ1fg4qf2vgZKifTa4HgA', '3eo3Dw5OGSWCzJDVHLKE3v', '3hbTkJ0yFzHbawnKyhvTQj', '56tOMi4N980gmsdUoyaLb3', '5sgvzXoYFCr5F5tUZdAA20', '64mK5Yd0rdGeXVkMFspEyt', '6fqpsCQ7jF7OgQolXgYovX', '7F7qwp7VZRVwZsNoddRRgX']"
Anahí,0TeVa4xdLB8vdzjsvKH6Ri,Alfonso Herrera,0veZkZPeWoJQ9gt6VAXlkN,9,"['0bMVCO35RJiUhAfvFsLjIF', '2RJ1fg4qf2vgZKifTa4HgA', '3eo3Dw5OGSWCzJDVHLKE3v', '3hbTkJ0yFzHbawnKyhvTQj', '56tOMi4N980gmsdUoyaLb3', '5sgvzXoYFCr5F5tUZdAA20', '64mK5Yd0rdGeXVkMFspEyt', '6fqpsCQ7jF7OgQolXgYovX', '7F7qwp7VZRVwZsNoddRRgX']"
Maite Perroni,6ModsWtBph2rE6zCTVxvZt,Dulce María,6kaefrHSdAvxhhCVDFTCEL,9,"['0bMVCO35RJiUhAfvFsLjIF', '2RJ1fg4qf2vgZKifTa4HgA', '3eo3Dw5OGSWCzJDVHLKE3v', '3hbTkJ0yFzHbawnKyhvTQj', '56tOMi4N980gmsdUoyaLb3', '5sgvzXoYFCr5F5tUZdAA20', '64mK5Yd0rdGeXVkMFspEyt', '6fqpsCQ7jF7OgQolXgYovX', '7F7qwp7VZRVwZsNoddRRgX']"
Christian Chávez,0aMqt2uGLuHj4eI8oXgVzN,Dulce María,6kaefrHSdAvxhhCVDFTCEL,9,"['0bMVCO35RJiUhAfvFsLjIF', '2RJ1fg4qf2vgZKifTa4HgA', '3eo3Dw5OGSWCzJDVHLKE3v', '3hbTkJ0yFzHbawnKyhvTQj', '56tOMi4N980gmsdUoyaLb3', '5sgvzXoYFCr5F5tUZdAA20', '64mK5Yd0rdGeXVkMFspEyt', '6fqpsCQ7jF7OgQolXgYovX', '7F7qwp7VZRVwZsNoddRRgX']"
Christopher von Uckermann,5O8cudluftNZ6PCwRzvYxo,Dulce María,6kaefrHSdAvxhhCVDFTCEL,9,"['0bMVCO35RJiUhAfvFsLjIF', '2RJ1fg4qf2vgZKifTa4HgA', '3eo3Dw5OGSWCzJDVHLKE3v', '3hbTkJ0yFzHbawnKyhvTQj', '56tOMi4N980gmsdUoyaLb3', '5sgvzXoYFCr5F5tUZdAA20', '64mK5Yd0rdGeXVkMFspEyt', '6fqpsCQ7jF7OgQolXgYovX', '7F7qwp7VZRVwZsNoddRRgX']"
Alfonso Herrera,0veZkZPeWoJQ9gt6VAXlkN,Dulce María,6kaefrHSdAvxhhCVDFTCEL,9,"['0bMVCO35RJiUhAfvFsLjIF', '2RJ1fg4qf2vgZKifTa4HgA', '3eo3Dw5OGSWCzJDVHLKE3v', '3hbTkJ0yFzHbawnKyhvTQj', '56tOMi4N980gmsdUoyaLb3', '5sgvzXoYFCr5F5tUZdAA20', '64mK5Yd0rdGeXVkMFspEyt', '6fqpsCQ7jF7OgQolXgYovX', '7F7qwp7VZRVwZsNoddRRgX']"
Christian Chávez,0aMqt2uGLuHj4eI8oXgVzN,Maite Perroni,6ModsWtBph2rE6zCTVxvZt,9,"['0bMVCO35RJiUhAfvFsLjIF', '2RJ1fg4qf2vgZKifTa4HgA', '3eo3Dw5OGSWCzJDVHLKE3v', '3hbTkJ0yFzHbawnKyhvTQj', '56tOMi4N980gmsdUoyaLb3', '5sgvzXoYFCr5F5tUZdAA20', '64mK5Yd0rdGeXVkMFspEyt', '6fqpsCQ7jF7OgQolXgYovX', '7F7qwp7VZRVwZsNoddRRgX']"
Christopher von Uckermann,5O8cudluftNZ6PCwRzvYxo,Maite Perroni,6ModsWtBph2rE6zCTVxvZt,9,"['0bMVCO35RJiUhAfvFsLjIF', '2RJ1fg4qf2vgZKifTa4HgA', '3eo3Dw5OGSWCzJDVHLKE3v', '3hbTkJ0yFzHbawnKyhvTQj', '56tOMi4N980gmsdUoyaLb3', '5sgvzXoYFCr5F5tUZdAA20', '64mK5Yd0rdGeXVkMFspEyt', '6fqpsCQ7jF7OgQolXgYovX', '7F7qwp7VZRVwZsNoddRRgX']"
Alfonso Herrera,0veZkZPeWoJQ9gt6VAXlkN,Maite Perroni,6ModsWtBph2rE6zCTVxvZt,9,"['0bMVCO35RJiUhAfvFsLjIF', '2RJ1fg4qf2vgZKifTa4HgA', '3eo3Dw5OGSWCzJDVHLKE3v', '3hbTkJ0yFzHbawnKyhvTQj', '56tOMi4N980gmsdUoyaLb3', '5sgvzXoYFCr5F5tUZdAA20', '64mK5Yd0rdGeXVkMFspEyt', '6fqpsCQ7jF7OgQolXgYovX', '7F7qwp7VZRVwZsNoddRRgX']"
Christian Chávez,0aMqt2uGLuHj4eI8oXgVzN,Christopher von Uckermann,5O8cudluftNZ6PCwRzvYxo,9,"['0bMVCO35RJiUhAfvFsLjIF', '2RJ1fg4qf2vgZKifTa4HgA', '3eo3Dw5OGSWCzJDVHLKE3v', '3hbTkJ0yFzHbawnKyhvTQj', '56tOMi4N980gmsdUoyaLb3', '5sgvzXoYFCr5F5tUZdAA20', '64mK5Yd0rdGeXVkMFspEyt', '6fqpsCQ7jF7OgQolXgYovX', '7F7qwp7VZRVwZsNoddRRgX']"
Christian Chávez,0aMqt2uGLuHj4eI8oXgVzN,Alfonso Herrera,0veZkZPeWoJQ9gt6VAXlkN,9,"['0bMVCO35RJiUhAfvFsLjIF', '2RJ1fg4qf2vgZKifTa4HgA', '3eo3Dw5OGSWCzJDVHLKE3v', '3hbTkJ0yFzHbawnKyhvTQj', '56tOMi4N980gmsdUoyaLb3', '5sgvzXoYFCr5F5tUZdAA20', '64mK5Yd0rdGeXVkMFspEyt', '6fqpsCQ7jF7OgQolXgYovX', '7F7qwp7VZRVwZsNoddRRgX']"
Alfonso Herrera,0veZkZPeWoJQ9gt6VAXlkN,Christopher von Uckermann,5O8cudluftNZ6PCwRzvYxo,9,"['0bMVCO35RJiUhAfvFsLjIF', '2RJ1fg4qf2vgZKifTa4HgA', '3eo3Dw5OGSWCzJDVHLKE3v', '3hbTkJ0yFzHbawnKyhvTQj', '56tOMi4N980gmsdUoyaLb3', '5sgvzXoYFCr5F5tUZdAA20', '64mK5Yd0rdGeXVkMFspEyt', '6fqpsCQ7jF7OgQolXgYovX', '7F7qwp7VZRVwZsNoddRRgX']"
Ozuna,1i8SpTcr7yvPOmcqrbnVXY,Wisin,3E6xrwgnVfYCrCs0ePERDz,1,['3fhOpwaKobrELFjKLcXHgI']
Ozuna,1i8SpTcr7yvPOmcqrbnVXY,Arcángel,4SsVbpTthjScTS7U2hmr1X,1,['3fhOpwaKobrELFjKLcXHgI']
Ozuna,1i8SpTcr7yvPOmcqrbnVXY,Juanka,3Wb38LDP3N4tkobValgE9D,1,['3fhOpwaKobrELFjKLcXHgI']
Cosculluela,00me4Ke1LsvMxt5kydlMyU,Ozuna,1i8SpTcr7yvPOmcqrbnVXY,1,['3fhOpwaKobrELFjKLcXHgI']
Wisin,3E6xrwgnVfYCrCs0ePERDz,Myke Towers,7iK8PXO48WeuP03g8YR51W,2,"['2bgcUk2A3jjKbCJ7KPquTi', '3fhOpwaKobrELFjKLcXHgI']"
Wisin,3E6xrwgnVfYCrCs0ePERDz,Arcángel,4SsVbpTthjScTS7U2hmr1X,1,['3fhOpwaKobrELFjKLcXHgI']
Wisin,3E6xrwgnVfYCrCs0ePERDz,Juanka,3Wb38LDP3N4tkobValgE9D,1,['3fhOpwaKobrELFjKLcXHgI']
Cosculluela,00me4Ke1LsvMxt5kydlMyU,Wisin,3E6xrwgnVfYCrCs0ePERDz,1,['3fhOpwaKobrELFjKLcXHgI']
Arcángel,4SsVbpTthjScTS7U2hmr1X,Myke Towers,7iK8PXO48WeuP03g8YR51W,1,['3fhOpwaKobrELFjKLcXHgI']
Cosculluela,00me4Ke1LsvMxt5kydlMyU,Myke Towers,7iK8PXO48WeuP03g8YR51W,1,['3fhOpwaKobrELFjKLcXHgI']
Juanka,3Wb38LDP3N4tkobValgE9D,Arcángel,4SsVbpTthjScTS7U2hmr1X,1,['3fhOpwaKobrELFjKLcXHgI']
Cosculluela,00me4Ke1LsvMxt5kydlMyU,Arcángel,4SsVbpTthjScTS7U2hmr1X,1,['3fhOpwaKobrELFjKLcXHgI']
Cosculluela,00me4Ke1LsvMxt5kydlMyU,Juanka,3Wb38LDP3N4tkobValgE9D,1,['3fhOpwaKobrELFjKLcXHgI']
Ozuna,1i8SpTcr7yvPOmcqrbnVXY,Camilo,28gNT5KBp7IjEOQoevXf9N,1,['0JAZWvvqttGFm4UMDsPQXC']
Jawsh 685,56mfhUDKa1vec6rSLZV5Eg,Lauv,5JZ7CnR6gTvEMKX4g70Amv,1,['3ZWhRS2EJVL5B0IEzkcvZa']
Jawsh 685,56mfhUDKa1vec6rSLZV5Eg,Tyga,5LHRHt1k9lMyONurDHEdrp,1,['3ZWhRS2EJVL5B0IEzkcvZa']
Lauv,5JZ7CnR6gTvEMKX4g70Amv,Tyga,5LHRHt1k9lMyONurDHEdrp,1,['3ZWhRS2EJVL5B0IEzkcvZa']
Nomcebo Zikode,4cfKtwkefMW3aiXtxfw8w6,Master KG,523y9KSneKh6APd1hKxLuF,1,['2MlOUXmcofMackX3bxfSwi']
J Balvin,1vyhD5VmyZ7KMfW5gqLgo5,Chencho Corleone,37230BxxYs9ksS7OkZw3IU,1,['5y7DaS3jAc9eZzcSOoUIwU']
Money Man,3Rx4PJ7SP6unkOk5elPUK7,Lil Baby,5f7VJjfbwm532GiveGC0ZK,1,['0xUvi7wldroBzaZCengPa5']
Marshmello,64KEffDW9EtZ1y2vBYgq8T,Demi Lovato,6S2OmqARrzebs0tKUEyXyp,1,['0zzVTGyRrWpQu8Fr28NRAv']
Kendo Kaponi,1WMwuNKzEFtU6pPkdtryYS,Daddy Yankee,4VMYDCV2IEDYJArk749S6m,1,['3kml9ZdpT7UYk1ugkjqOzt']
Maxwell,0b62itBWBdLgiecXjXCqKC,Bonez MC,1aS5tqEs9ci5P9KD9tZWa6,1,['4aZfvvgfoSfmSZpfwQYzC0']
David Guetta,1Cs0zKBU1kc0i8ypK3B9ai,Sia,5WUlDfRSoLAfcVSX1WnrxN,1,['6lhZLbb0czULpjb2kFryPS']
Lil Wayne,55Aa2cqylxrFIXC767Z865,YoungBoy Never Broke Again,7wlFDEWiM5OoIAt8RSli8b,1,['7IECs9d4Rrlpa7tiHOCE1w']
Mr Eazi,4TAoP0f9OuWZUesao43xUW,Major Lazer,738wLrAtLtCtFOLvQBXOXp,1,['2tjbSkPKKH1GFUhSr96tq0']
Nicki Minaj,0hCNtLu0JehylgoiP8L4Gh,Mr Eazi,4TAoP0f9OuWZUesao43xUW,1,['2tjbSkPKKH1GFUhSr96tq0']
Mr Eazi,4TAoP0f9OuWZUesao43xUW,K4mo,7IziQIyiq8TGse0Mc1laYi,1,['2tjbSkPKKH1GFUhSr96tq0']
Nicki Minaj,0hCNtLu0JehylgoiP8L4Gh,Major Lazer,738wLrAtLtCtFOLvQBXOXp,1,['2tjbSkPKKH1GFUhSr96tq0']
Major Lazer,738wLrAtLtCtFOLvQBXOXp,K4mo,7IziQIyiq8TGse0Mc1laYi,1,['2tjbSkPKKH1GFUhSr96tq0']
Nicki Minaj,0hCNtLu0JehylgoiP8L4Gh,K4mo,7IziQIyiq8TGse0Mc1laYi,1,['2tjbSkPKKH1GFUhSr96tq0']
Quarterhead,2h6hAChW74hB9HvrNoK1RY,Ofenbach,4AKwRarlmsUlLjIwt38NLw,1,['6i7zAdNhzUN2k1HcrBxPHG']
Norma Jean Martine,2fsk4VlJdNF6G8cCMDrrzB,Ofenbach,4AKwRarlmsUlLjIwt38NLw,1,['6i7zAdNhzUN2k1HcrBxPHG']
Norma Jean Martine,2fsk4VlJdNF6G8cCMDrrzB,Quarterhead,2h6hAChW74hB9HvrNoK1RY,1,['6i7zAdNhzUN2k1HcrBxPHG']
Alonestar,1kwi1Q7X4jPTkHTgayxKhS,Rick Live,6VuyrmclG2XOdkqz0AeGcs,1,['4BRYmA7o6QzKlhhLgFNt88']
Alonestar,1kwi1Q7X4jPTkHTgayxKhS,Ed Sheeran,6eUKZXaKkcviH0Ku9w2n3V,1,['4BRYmA7o6QzKlhhLgFNt88']
Rick Live,6VuyrmclG2XOdkqz0AeGcs,Ed Sheeran,6eUKZXaKkcviH0Ku9w2n3V,1,['4BRYmA7o6QzKlhhLgFNt88']
KSI,1nzgtKYFckznkcVMR3Gg4z,S1mba,71jSVPQ6yskfyvWeiwvT5s,1,['0G9vbgmLrDqjV4NUCSrsIg']
Guaynaa,0BqURncJM5B1BBu7UM51eq,Lele Pons,6i3DxIlAqnDkwELLw4aVrx,1,['11EnQRgRMJwMAesfkB5pnu']
Chance the Rapper,1anyVhU62p31KFi8MEzkbf,Justin Bieber,1uNFoZAHBGtllmzznpCI3s,1,['6Xgq7MvZiet0hVi3KaDSgJ']
Anitta,7FNnA9vBm6EKceENgCGRMb,Myke Towers,7iK8PXO48WeuP03g8YR51W,1,['7e1VoRlNumuEkXlITMHKLE']
Cardi B,4kYSro6naA4h99UJvo89HB,Anitta,7FNnA9vBm6EKceENgCGRMb,1,['7e1VoRlNumuEkXlITMHKLE']
Cardi B,4kYSro6naA4h99UJvo89HB,Myke Towers,7iK8PXO48WeuP03g8YR51W,1,['7e1VoRlNumuEkXlITMHKLE']
Damso,2UwqpfQtNuhBwviIC0f2ie,Hamza,5gs4Sm2WQUkcGeikMcVHbh,1,['7BO3y8lmogACezwHqZ1HTB']
Kygo,23fqKkggKUBHNkbKtXEls4,Donna Summer,2eogQKWWoohI3BSnoG7E2U,1,['00ETaeHUQ6lops3oWU1Wrt']
Lous and The Yakuza,2HPiMwJktBXqakN0hnON2R,Damso,2UwqpfQtNuhBwviIC0f2ie,1,['32arZ09m8FH1vTNJn2xdmH']
Lil Tecca,4Ga1P7PMIsmqEZqhYZQgDo,Lil Uzi Vert,4O15NlyKLIASxsJ0PrXPfz,1,['77Xwqkw7VrV8E5FCq9JhO8']
Keith Urban,0u2FHSq3ln94y5Q57xazwf,P!nk,1KCSPY1glIKqW2TotWuXOR,1,['3X7H1FAiWAW937WvsFeMhe']
Damso,2UwqpfQtNuhBwviIC0f2ie,Fally Ipupa,6IflU2YrY5Cyw7YoBICosV,1,['0xdp7mJS34hDsLrO6TPCp3']
Amanda Shires,5yN0nwLpUCaZ2gr67bndCN,Luke Combs,718COspgdWOnwOFpJHRZHS,1,['3zxAw8PaqpeGZ3Pakkxv3J']
Luciano,3CJKkU0XuElRT1z8rEtIYg,Gentleman,5tlNJfV9UIpgnbWmvUEFu7,1,['4ow1etGbQ8kfbAT3QPlmhN']
Gentleman,5tlNJfV9UIpgnbWmvUEFu7,Ezhel,6LnJKrtFnTEGdbWQ2riWCL,1,['4ow1etGbQ8kfbAT3QPlmhN']
Luciano,3CJKkU0XuElRT1z8rEtIYg,Ezhel,6LnJKrtFnTEGdbWQ2riWCL,1,['4ow1etGbQ8kfbAT3QPlmhN']
Marília Mendonça,1yR65psqiazQpeM79CcGh8,Maiara & Maraisa,59jlthNnbmim5l9tmNA7se,1,['64I6t2tuUGnIlaDIzHJ6YI']
M.I.A.,0QJIPDAEDILuo8AIq3pMuU,Travis Scott,0Y5tJX1MQlPlqiwlOH1tJY,1,['4jVBIpuOiMj1crqd8LoCrJ']
M.I.A.,0QJIPDAEDILuo8AIq3pMuU,Young Thug,50co4Is1HCEo8bhOyUWKpn,1,['4jVBIpuOiMj1crqd8LoCrJ']
Halsey,26VFTg2z8YR0cCuwLzESi2,mgk,6TIYQ3jFPwQSRmorSezPxX,1,['1VSuFS7PahCN3SWbOcQ98m']
Joji,3MZsBdqDrRTJihTHQrO6Dq,Lil Yachty,6icQOAFXDZKsumw3YXyusw,1,['0f1G5SHFoFC9lO03gHCGVS']
BENEE,0Cp8WN4V8Tu4QJQwCN5Md4,Joji,3MZsBdqDrRTJihTHQrO6Dq,1,['1ggYjU6zdFHgANcku82boU']
Joji,3MZsBdqDrRTJihTHQrO6Dq,Omar Apollo,5FxD8fkQZ6KcsSYupDVoSO,1,['5dl8x4xLEzZC0f927WBTUG']
mgk,6TIYQ3jFPwQSRmorSezPxX,Trippie Redd,6Xgp2XMz1fhVYe7i6yNAax,1,['1vuUbnY82fCNjfzqjLmblw']
Joji,3MZsBdqDrRTJihTHQrO6Dq,rei brown,4N7IToHBlPXqlrXiv1Nij6,1,['0QDBNUrc51sGxzmMTvH5kF']
Maluma,1r4hJ1h58CWwUQe3MxPuau,Jennifer Lopez,2DlGxzQSjYe5N6G9nkYghR,1,['4agLM5EfiWR2AKMq7gFwcM']
LX,10XY9PZCJKzUFzZOdtlQLU,Bonez MC,1aS5tqEs9ci5P9KD9tZWa6,1,['2i4iMzEPsJQoKQC89xKDC4']
iann dior,6ASri4ePR7RlsvIQgWPJpS,mgk,6TIYQ3jFPwQSRmorSezPxX,1,['1eTdTVIxLlhHwwA50vEzZa']
Henrique & Juliano,3p7PcrEHaaKLJnPUGOtRlT,Dilsinho,4NUePmzDvCYqilXBFa91Hg,1,['4zsiMjB0794HztyqUkD3Zi']
BLACKPINK,41MozSoPIsD1dJM0CLPjZF,Cardi B,4kYSro6naA4h99UJvo89HB,1,['7iAgNZdotu40NwtoIWJHFe']
Metro Boomin,0iEtIxbK0KxaSlF7G42ZOp,21 Savage,1URnnhqYAYcrqrcwql10ft,15,"['11XegnWeJHBDtj9IsNwngu', '1wGnp7ejkCuXRsehXx0PNP', '2y3mrzWEWaAFqb2jf5fED8', '3CDVMejYHnB1SkEEx0T1N4', '3WaDoMDQRqDdgtCDLxanpN', '3ruoIF2UnoXdzK8mR61ebq', '42Tohunwlh34o0mgxYx5iq', '4Q34FP1AT7GEl9oLgNtiWj', '4V9ynsDPwHtdItksqjuRu0', '50I7FNN2rl2rWiNwGxS146', '5SWnsxjhdcEDc7LJjq9UHk', '5UpXJ75CXod4PCoBQP6MAP', '6pcywuOeGGWeOQzdUyti6k', '7FtZFla3ZH6PqsAJ9MvVCM', '7fxSLnklnayJNBIKntXedZ']"
21 Savage,1URnnhqYAYcrqrcwql10ft,Drake,3TVXtAsR1Inumwj472S9r4,1,['4Q34FP1AT7GEl9oLgNtiWj']
Metro Boomin,0iEtIxbK0KxaSlF7G42ZOp,Drake,3TVXtAsR1Inumwj472S9r4,1,['4Q34FP1AT7GEl9oLgNtiWj']
21 Savage,1URnnhqYAYcrqrcwql10ft,Young Thug,50co4Is1HCEo8bhOyUWKpn,1,['3ruoIF2UnoXdzK8mR61ebq']
Metro Boomin,0iEtIxbK0KxaSlF7G42ZOp,Young Thug,50co4Is1HCEo8bhOyUWKpn,1,['3ruoIF2UnoXdzK8mR61ebq']
BTS,3Nrfpe0tUJi4K4DXYWgMUX,Jawsh 685,56mfhUDKa1vec6rSLZV5Eg,1,['4TgxFMOn5yoESW6zCidCXL']
Jason Derulo,07YZf4WDAMNwqr4jfgOZ8y,BTS,3Nrfpe0tUJi4K4DXYWgMUX,1,['4TgxFMOn5yoESW6zCidCXL']
Bryson Tiller,2EMAnMvWE2eb56ToJVfCWs,Drake,3TVXtAsR1Inumwj472S9r4,1,['4SCnCPOUOUXUmCX2uHb3r7']
21 Savage,1URnnhqYAYcrqrcwql10ft,Young Nudy,5yPzzu25VzEk8qrGTLIrE1,1,['3WaDoMDQRqDdgtCDLxanpN']
Metro Boomin,0iEtIxbK0KxaSlF7G42ZOp,Young Nudy,5yPzzu25VzEk8qrGTLIrE1,1,['3WaDoMDQRqDdgtCDLxanpN']
DaBaby,4r63FhuTkUYltbVAg5TQnk,Dua Lipa,6M2wZ9GZgrQXHCFfjv46we,1,['5nujrmhLynf4yMoMtj8AQF']
BLOODY VINYL,0VitAFMCI2apQxKzDjg1PU,Slait,2KXYAKQTxHuUHDtVgeGn6w,1,['3CHiuPXn9ufDJhVy1xI4Jf']
BLOODY VINYL,0VitAFMCI2apQxKzDjg1PU,MILES,1gs79u8PKkWAW1yfymbkTt,1,['3CHiuPXn9ufDJhVy1xI4Jf']
BLOODY VINYL,0VitAFMCI2apQxKzDjg1PU,Salmo,3hBQ4zniNdQf1cqqo6hzuW,1,['3CHiuPXn9ufDJhVy1xI4Jf']
BLOODY VINYL,0VitAFMCI2apQxKzDjg1PU,Taxi B,5FkcU4BVzPptuB6AjobZIL,1,['3CHiuPXn9ufDJhVy1xI4Jf']
BLOODY VINYL,0VitAFMCI2apQxKzDjg1PU,Greg Willen,51ltJZ6rB893AdzgCxSOV3,1,['3CHiuPXn9ufDJhVy1xI4Jf']
MILES,1gs79u8PKkWAW1yfymbkTt,Slait,2KXYAKQTxHuUHDtVgeGn6w,1,['3CHiuPXn9ufDJhVy1xI4Jf']
Slait,2KXYAKQTxHuUHDtVgeGn6w,Salmo,3hBQ4zniNdQf1cqqo6hzuW,1,['3CHiuPXn9ufDJhVy1xI4Jf']
Slait,2KXYAKQTxHuUHDtVgeGn6w,Taxi B,5FkcU4BVzPptuB6AjobZIL,1,['3CHiuPXn9ufDJhVy1xI4Jf']
Slait,2KXYAKQTxHuUHDtVgeGn6w,Greg Willen,51ltJZ6rB893AdzgCxSOV3,1,['3CHiuPXn9ufDJhVy1xI4Jf']
MILES,1gs79u8PKkWAW1yfymbkTt,Salmo,3hBQ4zniNdQf1cqqo6hzuW,1,['3CHiuPXn9ufDJhVy1xI4Jf']
MILES,1gs79u8PKkWAW1yfymbkTt,Taxi B,5FkcU4BVzPptuB6AjobZIL,1,['3CHiuPXn9ufDJhVy1xI4Jf']
MILES,1gs79u8PKkWAW1yfymbkTt,Greg Willen,51ltJZ6rB893AdzgCxSOV3,1,['3CHiuPXn9ufDJhVy1xI4Jf']
Salmo,3hBQ4zniNdQf1cqqo6hzuW,Taxi B,5FkcU4BVzPptuB6AjobZIL,1,['3CHiuPXn9ufDJhVy1xI4Jf']
Salmo,3hBQ4zniNdQf1cqqo6hzuW,Greg Willen,51ltJZ6rB893AdzgCxSOV3,1,['3CHiuPXn9ufDJhVy1xI4Jf']
Greg Willen,51ltJZ6rB893AdzgCxSOV3,Taxi B,5FkcU4BVzPptuB6AjobZIL,1,['3CHiuPXn9ufDJhVy1xI4Jf']
Megan Thee Stallion,181bsRPaVXVlUKXrxwZfHK,Young Thug,50co4Is1HCEo8bhOyUWKpn,1,['3yv7994DWTEk3ihwy75YBQ']
Internet Money,6MPCFvOQv5cIGfw3jODMF0,Roddy Ricch,757aE44tKEUQEqRuT6GnEB,1,['5sBplhIrmzA4kQGyIOpmDf']
Don Toliver,4Gso3d4CscCijv0lmajZWs,Roddy Ricch,757aE44tKEUQEqRuT6GnEB,1,['5sBplhIrmzA4kQGyIOpmDf']
Los Legendarios,0n6sKrG0xKAf8xmdqeNGke,Wisin,3E6xrwgnVfYCrCs0ePERDz,1,['2bgcUk2A3jjKbCJ7KPquTi']
Los Legendarios,0n6sKrG0xKAf8xmdqeNGke,Myke Towers,7iK8PXO48WeuP03g8YR51W,1,['2bgcUk2A3jjKbCJ7KPquTi']
Doja Cat,5cj0lLjcoR7YOSnhnX0Po5,Bebe Rexha,64M6ah0SkkRsnPGtGiRAbb,1,['2fTdRdN73RgIgcUZN33dvt']
Manuel Turizo,0tmwSHipWxN12fsoLcFU3B,Rauw Alejandro,1mcTU81TzQhprhouKaTkpq,1,['5VzNsUnLmYcRfRfxpQsusa']
Manuel Turizo,0tmwSHipWxN12fsoLcFU3B,Myke Towers,7iK8PXO48WeuP03g8YR51W,1,['5VzNsUnLmYcRfRfxpQsusa']
USHER,23zg3TcAtWQy7J6upgbUnj,Lil Jon,7sfl4Xt5KmfyDs2T3SVSMK,1,['5rb9QrpfcKFHM1EUbSIurX']
USHER,23zg3TcAtWQy7J6upgbUnj,Ludacris,3ipn9JLAPI5GUEo4y4jcoi,1,['5rb9QrpfcKFHM1EUbSIurX']
Ludacris,3ipn9JLAPI5GUEo4y4jcoi,Lil Jon,7sfl4Xt5KmfyDs2T3SVSMK,1,['5rb9QrpfcKFHM1EUbSIurX']
Justin Bieber,1uNFoZAHBGtllmzznpCI3s,benny blanco,5CiGnKThu5ctn9pBxv7DGa,1,['3S8jK1mGzQi24ilFb45DAZ']
Conan Gray,4Uc8Dsxct0oMqx0P6i60ea,Lauv,5JZ7CnR6gTvEMKX4g70Amv,1,['4Gt2kh3QbAGU6yquOWn4aW']
G-Eazy,02kJSzxNuaWGqwubyUba0Z,blackbear,2cFrymmkijnjDg9SS92EPM,1,['3QGppKBPd9gHOgHJzRbVIw']
Nimo,3ZuBEj9ppJe8GSdKaMTfMN,MERO,5wyWp867LWGjFmYZXVSFnZ,1,['1kTofMVLsqgP3r77diCPI4']
Major Lazer,738wLrAtLtCtFOLvQBXOXp,Paloma Mami,7rOlQwf8OuFLFQp4aydjBt,1,['1mqmmL4IxVBXqsjg4Er1gT']
Nelly Furtado,2jw70GZXlAI8QzWeY2bgRc,Timbaland,5Y5TRrQiqgUO4S36tzjIRZ,1,['2gam98EZKrF9XuOkU13ApN']
Savage Ga$p,0x7qiZJaal6j8qS7yCydFk,CORPSE,7yntSJ6uojO3z6GFUVwhAW,1,['7bCfHiRcfUjG0YVVNUL7Ve']
Post Malone,246dkjvS1zLTtiykXe5h60,Ty Dolla $ign,7c0XG5cIJTrrAgEC3ULPiq,1,['5IUtvfNvOyVYZUa6AJFrnP']
Imanbek,5rGrDvrLOV2VV8SCFVGWlj,Marshmello,64KEffDW9EtZ1y2vBYgq8T,1,['39umHdGKfpnjY4TFtnoQ51']
USHER,23zg3TcAtWQy7J6upgbUnj,Marshmello,64KEffDW9EtZ1y2vBYgq8T,1,['39umHdGKfpnjY4TFtnoQ51']
USHER,23zg3TcAtWQy7J6upgbUnj,Imanbek,5rGrDvrLOV2VV8SCFVGWlj,1,['39umHdGKfpnjY4TFtnoQ51']
Alessia Cara,2wUjUUtkb5lvLKcGKsKqsR,Major Lazer,738wLrAtLtCtFOLvQBXOXp,1,['5C2ry6OWozoqrEDyBz7MOX']
Sebastian Yatra,07YUOmWljBTXwIseAUd9TW,Guaynaa,0BqURncJM5B1BBu7UM51eq,1,['21N4Buj4xsyLb218lYle61']
SUGA,0ebNdVaOfp6N0oZ1guIxM8,MAX,1bqxdqvUtPWZri43cKHac8,1,['6sI8Q7TTJeA9exw6hxEqq3']
Cali Y El Dandee,5DUlefCLzVRzNWaNURTFpK,Danna Paola,5xSx2FM8mQnrfgM1QsHniB,1,['4K8cyoCDovlc4FvtUr2Hfx']
Jhené Aiko,5ZS223C6JyBfXasXxrRqOk,Saweetie,6cK3NBO6uP7hh0oyuVELFl,1,['3MEruRteiUZXkStfTlZqRn']
Skepta,2p1fiYHYiXz9qi0JJyxBzN,Octavian,5zfEatKLDdRkgbw6sdLBAQ,1,['6Juv5N0dNU1imms9c9u1dA']
DDG,0WK3H9OErSn5zKOkOV5egm,Blueface,3Fl1V19tmjt57oBdxXKAjJ,1,['7o4gBbTM6UBLkOYPw9xMCz']
Madison Beer,2kRfqPViCqYdSGhYSM9R0Q,K/DA,4gOc8TsQed9eqnqJct2c5v,1,['6juLaduD4STCUDWT0AYun4']
K/DA,4gOc8TsQed9eqnqJct2c5v,Lexie Liu,6fs2or0cKLEM2xohWq8SoX,1,['6juLaduD4STCUDWT0AYun4']
Jaira Burns,0tRFWXqKBBQcu5oFVOgVzX,K/DA,4gOc8TsQed9eqnqJct2c5v,1,['6juLaduD4STCUDWT0AYun4']
Seraphine,4TqlcgMFDryY96KWcvrhTv,K/DA,4gOc8TsQed9eqnqJct2c5v,1,['6juLaduD4STCUDWT0AYun4']
(G)I-DLE,2AfmfGFbe0A0WsTYm0SDTx,Madison Beer,2kRfqPViCqYdSGhYSM9R0Q,1,['6juLaduD4STCUDWT0AYun4']
Madison Beer,2kRfqPViCqYdSGhYSM9R0Q,Lexie Liu,6fs2or0cKLEM2xohWq8SoX,1,['6juLaduD4STCUDWT0AYun4']
Jaira Burns,0tRFWXqKBBQcu5oFVOgVzX,Madison Beer,2kRfqPViCqYdSGhYSM9R0Q,1,['6juLaduD4STCUDWT0AYun4']
Madison Beer,2kRfqPViCqYdSGhYSM9R0Q,Seraphine,4TqlcgMFDryY96KWcvrhTv,1,['6juLaduD4STCUDWT0AYun4']
Madison Beer,2kRfqPViCqYdSGhYSM9R0Q,League of Legends,47mIJdHORyRerp4os813jD,1,['6juLaduD4STCUDWT0AYun4']
(G)I-DLE,2AfmfGFbe0A0WsTYm0SDTx,Lexie Liu,6fs2or0cKLEM2xohWq8SoX,1,['6juLaduD4STCUDWT0AYun4']
Jaira Burns,0tRFWXqKBBQcu5oFVOgVzX,(G)I-DLE,2AfmfGFbe0A0WsTYm0SDTx,1,['6juLaduD4STCUDWT0AYun4']
(G)I-DLE,2AfmfGFbe0A0WsTYm0SDTx,Seraphine,4TqlcgMFDryY96KWcvrhTv,1,['6juLaduD4STCUDWT0AYun4']
Jaira Burns,0tRFWXqKBBQcu5oFVOgVzX,Lexie Liu,6fs2or0cKLEM2xohWq8SoX,1,['6juLaduD4STCUDWT0AYun4']
Seraphine,4TqlcgMFDryY96KWcvrhTv,Lexie Liu,6fs2or0cKLEM2xohWq8SoX,1,['6juLaduD4STCUDWT0AYun4']
League of Legends,47mIJdHORyRerp4os813jD,Lexie Liu,6fs2or0cKLEM2xohWq8SoX,1,['6juLaduD4STCUDWT0AYun4']
Jaira Burns,0tRFWXqKBBQcu5oFVOgVzX,Seraphine,4TqlcgMFDryY96KWcvrhTv,1,['6juLaduD4STCUDWT0AYun4']
Jaira Burns,0tRFWXqKBBQcu5oFVOgVzX,League of Legends,47mIJdHORyRerp4os813jD,1,['6juLaduD4STCUDWT0AYun4']
League of Legends,47mIJdHORyRerp4os813jD,Seraphine,4TqlcgMFDryY96KWcvrhTv,1,['6juLaduD4STCUDWT0AYun4']
Doja Cat,5cj0lLjcoR7YOSnhnX0Po5,Ariana Grande,66CXWjxzNUsdJxJ2JdwvnR,1,['5GkQIP5mWPi4KZLLXeuFTT']
The Weeknd,1Xyo4u8uXC1ZmMpatF05PJ,Ariana Grande,66CXWjxzNUsdJxJ2JdwvnR,1,['7E1jVNoWuemqUryI4FxsVD']
Ariana Grande,66CXWjxzNUsdJxJ2JdwvnR,Ty Dolla $ign,7c0XG5cIJTrrAgEC3ULPiq,1,['14gkWVFMwdxBMyqBw1wmIg']
Angèle,3QVolfxko2UyCOtexhVTli,Dua Lipa,6M2wZ9GZgrQXHCFfjv46we,1,['3F1P0QzdXtBz0MXy7KIO5w']
Busta Rhymes,1YfEcTuGvBQ8xSD1f53UnK,Kendrick Lamar,2YZyLoL8N0Wb9xBt1NhZWg,1,['00R0fEFZGb5hyTgF1nrRCq']
Future,1RyvyyTE3xzB2ZywiAwp0i,Trippie Redd,6Xgp2XMz1fhVYe7i6yNAax,1,['6BfdcIPOdGPMxlLKhgDW4f']
MEDUZA,0xRXCcSX89eobfrshSVdyu,Dermot Kennedy,5KNNVgR6LBIABRIomyCwKJ,1,['6ft4hAq6yde8jPZY2i5zLr']
Azet,39KEQQAG9JhIt71g9NEVhh,Capital Bra,4WZGDpNwrC0vNQyl9QzF7d,1,['4BzvWX9B1viL3cj4bMxmx0']
Bring Me The Horizon,1Ffb6ejR6Fe5IamqA5oRUF,Nova Twins,7I95CM75shzCjHuTzrepjM,1,['6sIbv1oWOuma2qV907MUbk']
Lil Durk,3hcs9uc56yIGFCSy9leWe7,6LACK,4IVAbR2w4JJNJDDRFP3E83,1,['6w4PV16oMh5I6ZOCvig0hK']
Lil Durk,3hcs9uc56yIGFCSy9leWe7,Young Thug,50co4Is1HCEo8bhOyUWKpn,1,['6w4PV16oMh5I6ZOCvig0hK']
6LACK,4IVAbR2w4JJNJDDRFP3E83,Young Thug,50co4Is1HCEo8bhOyUWKpn,1,['6w4PV16oMh5I6ZOCvig0hK']
Ozuna,1i8SpTcr7yvPOmcqrbnVXY,Becky G,4obzFoKoKRHIphyHzJ35G3,1,['5Jq958VQwRyQFujau4TMKD']
Bobby (Boris) Pickett,42MRYPhQfcEXqb18dl5ERX,The Crypt-Kickers,4frDtYgwXXKkbyQzjOmJG5,1,['0xxZY5C9xxij3D1HkzbnfC']
Eurythmics,0NKDgy9j66h3DLnN8qu1bB,Annie Lennox,5MspMQqdVbdwP6ax3GXqum,1,['1TfqLAPs4K3s2rJMoCokcS']
Eurythmics,0NKDgy9j66h3DLnN8qu1bB,Dave Stewart,7gcCQIlkkfbul5Mt0jBQkg,1,['1TfqLAPs4K3s2rJMoCokcS']
Annie Lennox,5MspMQqdVbdwP6ax3GXqum,Dave Stewart,7gcCQIlkkfbul5Mt0jBQkg,1,['1TfqLAPs4K3s2rJMoCokcS']
MC Bruninho,3shPgAzHMyRwWOkXeoWKeB,Douglas & Vinicius,7M83IzPXGA4ClZJ5reW2Ro,1,['187Pge0WmJNoS73kaIORSE']
Xand Avião,43DRDu6nLSeIedZ7T1A616,Os Barões Da Pisadinha,5Lv2GUVwqmQBPwrTrxucE5,1,['3rRin3LyLY92kpEbkCgwf4']
The Weeknd,1Xyo4u8uXC1ZmMpatF05PJ,Maluma,1r4hJ1h58CWwUQe3MxPuau,1,['0GzuHFG4Ql6DoyxFRnIk3F']
Niño de Elche,5IbUz6BcOu6IVY512oxavP,C. Tangana,5TYxZTjIPqKM8K8NuP9woO,1,['5ddFjrPG8NgQQ6xlOQIVd2']
C. Tangana,5TYxZTjIPqKM8K8NuP9woO,La Húngara,7xtnpHS34mLlxGZDVUBHSU,1,['5ddFjrPG8NgQQ6xlOQIVd2']
Niño de Elche,5IbUz6BcOu6IVY512oxavP,La Húngara,7xtnpHS34mLlxGZDVUBHSU,1,['5ddFjrPG8NgQQ6xlOQIVd2']
Justin Bieber,1uNFoZAHBGtllmzznpCI3s,24kGoldn,6fWVd57NKTalqvmjRd2t8Z,1,['6FuGJB290AQMAHTfjOYVaK']
J Balvin,1vyhD5VmyZ7KMfW5gqLgo5,24kGoldn,6fWVd57NKTalqvmjRd2t8Z,1,['6FuGJB290AQMAHTfjOYVaK']
Justin Bieber,1uNFoZAHBGtllmzznpCI3s,J Balvin,1vyhD5VmyZ7KMfW5gqLgo5,1,['6FuGJB290AQMAHTfjOYVaK']
Justin Bieber,1uNFoZAHBGtllmzznpCI3s,iann dior,6ASri4ePR7RlsvIQgWPJpS,1,['6FuGJB290AQMAHTfjOYVaK']
J Balvin,1vyhD5VmyZ7KMfW5gqLgo5,iann dior,6ASri4ePR7RlsvIQgWPJpS,1,['6FuGJB290AQMAHTfjOYVaK']
The Kid LAROI,2tIP7SsRs7vjIcLrU85W8J,YoungBoy Never Broke Again,7wlFDEWiM5OoIAt8RSli8b,1,['13EW51DKru044OJDJ9Bm8o']
The Kid LAROI,2tIP7SsRs7vjIcLrU85W8J,Internet Money,6MPCFvOQv5cIGfw3jODMF0,1,['13EW51DKru044OJDJ9Bm8o']
Internet Money,6MPCFvOQv5cIGfw3jODMF0,YoungBoy Never Broke Again,7wlFDEWiM5OoIAt8RSli8b,1,['13EW51DKru044OJDJ9Bm8o']
The Kid LAROI,2tIP7SsRs7vjIcLrU85W8J,mgk,6TIYQ3jFPwQSRmorSezPxX,1,['0DYNL4xbYWgNzppUamtyR4']
Mike WiLL Made-It,0NWbwDZY1VkRqFafuQm6wk,Nicki Minaj,0hCNtLu0JehylgoiP8L4Gh,1,['5iZ5wjTTxSIv8Cfrhj6Jla']
Mike WiLL Made-It,0NWbwDZY1VkRqFafuQm6wk,YoungBoy Never Broke Again,7wlFDEWiM5OoIAt8RSli8b,1,['5iZ5wjTTxSIv8Cfrhj6Jla']
Nicki Minaj,0hCNtLu0JehylgoiP8L4Gh,YoungBoy Never Broke Again,7wlFDEWiM5OoIAt8RSli8b,1,['5iZ5wjTTxSIv8Cfrhj6Jla']
YG,0A0FS04o6zMoto8OKPsDwY,Nipsey Hussle,0EeQBlQJFiAfJeVN2vT9s0,1,['6k0DJqW2v2e4809Z1zN0YU']
Polo G,6AgTAQt8XS6jRWi4sX7w49,King Von,6QtgPSJPSzcnn7dPZ4VINp,1,['5NOUjBikzECEJyZMTxtErD']
Rauw Alejandro,1mcTU81TzQhprhouKaTkpq,J Balvin,1vyhD5VmyZ7KMfW5gqLgo5,1,['22Sh5dlwbERqJAq1fZk5b2']
Christian Nodal,0XwVARXT135rw8lyw1EeWP,Ángela Aguilar,3abT87tqQ4Q5PA5nw6CYyH,1,['4jcxBTrNvyqMJdMDyyjdYV']
Justin Bieber,1uNFoZAHBGtllmzznpCI3s,Sean Kingston,6S0dmVVn4udvppDhZIWxCr,1,['4vVTI94F9uJ8lHNDWKv0i2']
Justin Bieber,1uNFoZAHBGtllmzznpCI3s,Shawn Mendes,7n2wHs1TKAczGzO7Dd2rGr,1,['1HbA4N1MiOsPthALesGFR1']
Miley Cyrus,5YGY8feqx7naU7z4HrwZM6,Dua Lipa,6M2wZ9GZgrQXHCFfjv46we,1,['2Oycxb8QbPkpHTo8ZrmG0B']
J Balvin,1vyhD5VmyZ7KMfW5gqLgo5,Sfera Ebbasta,23TFHmajVfBtlRx5MXqgoz,1,['4L5ZhW0VJeQ6je2iqvqZ4X']
Future,1RyvyyTE3xzB2ZywiAwp0i,Sfera Ebbasta,23TFHmajVfBtlRx5MXqgoz,1,['0lSVjlxmAMSJGFSjVB1FtU']
Sfera Ebbasta,23TFHmajVfBtlRx5MXqgoz,Marracash,5AZuEF0feCXMkUCwQiQlW7,1,['11jGgkrtDbYaKlN0y1nPbC']
Sfera Ebbasta,23TFHmajVfBtlRx5MXqgoz,Guè,7F2utINZ6tSokSiZTQBE27,1,['11jGgkrtDbYaKlN0y1nPbC']
Marracash,5AZuEF0feCXMkUCwQiQlW7,Guè,7F2utINZ6tSokSiZTQBE27,1,['11jGgkrtDbYaKlN0y1nPbC']
Sfera Ebbasta,23TFHmajVfBtlRx5MXqgoz,Offset,4DdkRBBYG6Yk9Ka8tdJ9BW,1,['1uPPyvMOaaVLnVcwD1Sp0d']
Sfera Ebbasta,23TFHmajVfBtlRx5MXqgoz,Diplo,5fMUXHkw8R8eOP2RNVYEZX,1,['4CvW0iHAs7yJhbpnJ3NSnS']
Sfera Ebbasta,23TFHmajVfBtlRx5MXqgoz,7ari,292jMVlKq180yzi8WRaVU6,1,['5Ws6qds3QAQ5s4tN5P2zRA']
Sfera Ebbasta,23TFHmajVfBtlRx5MXqgoz,Steve Aoki,77AiFEVeAVj2ORpC85QVJs,1,['5Ws6qds3QAQ5s4tN5P2zRA']
7ari,292jMVlKq180yzi8WRaVU6,Steve Aoki,77AiFEVeAVj2ORpC85QVJs,1,['5Ws6qds3QAQ5s4tN5P2zRA']
Sfera Ebbasta,23TFHmajVfBtlRx5MXqgoz,Lil Mosey,5zctI4wO9XSKS8XwcnqEHk,1,['51ITVcACLrgOz44zlFVhk7']
Nicky Jam,1SupJlEpv7RS2tPNRaHViT,Myke Towers,7iK8PXO48WeuP03g8YR51W,1,['68mrW6gXHgupgSiDHgaDi5']
Jason Derulo,07YZf4WDAMNwqr4jfgOZ8y,Nuka,1XynjLPAyPi8SZAx8LHN0Z,1,['4Lt6GXGzYsa1tgkv3nGSTm']
B. Swanson Quartet,0JXiS2FrAg3wQYJHcmZdrc,Frank Sinatra,1Mxqyy3pSjf8kZZL4QVxS0,1,['0SUKNXEqZnRw7g0NO139FM']
Yoko Ono,2s4tjL6W3qrblOe0raIzwJ,John Lennon,4x1nvY2FN8jxqAFA0DA02H,1,['27RYrbL6S02LNVhDWVl38b']
Migrantes,48R2gYdPKtfnfKAzhSVPUx,Alico,7n3wAgh1j3RRbxYzfZTQDF,1,['3lCbsHaN1wCxyDzcNN2x4N']
Bad Bunny,4q3ewBCX7sLwd24euuV69X,ROSALÍA,7ltDVBr6mKbRvohxheJ9h1,1,['2XIc1pqjXV3Cr2BQUGNBck']
ABRA,3ZJxEmjYZd5VOqZ8o3aXiL,Bad Bunny,4q3ewBCX7sLwd24euuV69X,1,['5jZ32WOU7sqzDYbzINwMUk']
Miley Cyrus,5YGY8feqx7naU7z4HrwZM6,Billy Idol,7lzordPuZEXxwt9aoVZYmG,1,['4U34WsyOvppOMnRfq7DuOy']
Ken Darby Singers,69UfPJgUmFFAVT740qGVZi,Bing Crosby,6ZjFtWeHP9XN7FeKSUe80S,1,['3XsaSIPWvM61RIFfeb0BBR']
Bing Crosby,6ZjFtWeHP9XN7FeKSUe80S,John Scott Trotter & His Orchestra,735L650pvygCZZlPMyHqsN,1,['3XsaSIPWvM61RIFfeb0BBR']
Ken Darby Singers,69UfPJgUmFFAVT740qGVZi,John Scott Trotter & His Orchestra,735L650pvygCZZlPMyHqsN,1,['3XsaSIPWvM61RIFfeb0BBR']
The Pogues,2wzMOQwNT6ZvVB4amvhFAH,Kirsty MacColl,6UlNIFEuWlBqb4TvlVCekq,1,['3VTNVsTTu05dmTsVFrmGpK']
Brett Eldredge,0qSX3s5pJnAlSsgsCne8Cz,Meghan Trainor,6JL8zeS1NmiOftqZTRgdTz,1,['5Q2P43CJra0uRAogjHyJDK']
The Fontane Sisters,1Ml4OuStDoympbREURAM15,Perry Como,5v8jlSmAQfrkTjAlpUfWtu,1,['6IeK3Ap5m3HabwJxgI6eSE']
Mitchell Ayres & His Orchestra,0HS96tPggl2nwiz3gNWWI5,Perry Como,5v8jlSmAQfrkTjAlpUfWtu,1,['6IeK3Ap5m3HabwJxgI6eSE']
Mitchell Ayres & His Orchestra,0HS96tPggl2nwiz3gNWWI5,The Fontane Sisters,1Ml4OuStDoympbREURAM15,1,['6IeK3Ap5m3HabwJxgI6eSE']
Juice WRLD,4MCBfE4596Uoi2O4DtmEMz,benny blanco,5CiGnKThu5ctn9pBxv7DGa,1,['3uVPLtkmDu8pDkYEAVqbgS']
The Weeknd,1Xyo4u8uXC1ZmMpatF05PJ,ROSALÍA,7ltDVBr6mKbRvohxheJ9h1,1,['7MXgrcOQAJ5VwSNUL0lDd3']
YUNGBLUD,6Ad91Jof8Niiw0lGLLi3NW,mgk,6TIYQ3jFPwQSRmorSezPxX,1,['653lIkynLG6WiwoEfsY3Ri']
Blake Shelton,1UTPBmNbXNTittyMJrNkvw,Gwen Stefani,4yiQZ8tQPux8cPriYMWUFP,1,['2OQ6a4CfUeYskpTTgyawyJ']
Dixie,3DKkhRCGOG4e8IUPYFPfWs,Liam Payne,5pUo3fmmHT8bhCyHE52hA6,1,['2Y0ktCGrGoGcQFXsGztvhi']
Michael Bublé,1GxkXlMwML1oSg5eLPiAz3,Idina Menzel,73Np75Wv2tju61Eo9Zw4IR,1,['0Ie5uiv54KgCr7P4sYDTHl']
Camilo,28gNT5KBp7IjEOQoevXf9N,El Alfa,2oQX8QiMXOyuqbcZEFsZfm,1,['3Zf4GutWZ7Hv3wsVQsSQPs']
NATHY PELUSO,3VHAySZQPlfGlNLslzXYpN,Bizarrap,716NhGYqD1jl2wI1Qkgq36,1,['78SeXVRJ7KCqVmOwTiFjnI']
Ariana Grande,66CXWjxzNUsdJxJ2JdwvnR,Liz Gillies,7pLntWGInZPQxc4kXxzzjB,1,['6YJdPrH3i2POzu7hdHIRrb']
Henri René and His Orchestra,0oK8UXKZbQezeRhE0KeBAV,Eartha Kitt,1AwO9pWEBSBoWdEZu28XDC,1,['1foCxQtxBweJtZmdxhEHVO']
Big Sean,0c173mlxpT3dSFRgMO8XPh,Jack Harlow,2LIk90788K0zvyj2JJVwkJ,1,['57VeLYXrvNxe8Vs18K2M9W']
Taylor Swift,06HL4z0CvFAxyc27GXpf02,HAIM,4Ui2kfOqGujY81UcPrb5KE,1,['6NriykdkRrjQMZo1sfVYUo']
Taylor Swift,06HL4z0CvFAxyc27GXpf02,The National,2cCUtGK9sDU2EoElnk0GNB,1,['4tyX1rw9X309WkEdh2As4B']
Kid Cudi,0fA0VVWsXO9YnASrzqfmYu,Skepta,2p1fiYHYiXz9qi0JJyxBzN,1,['5CFJRZRq6sdKKtRwNPWbYv']
Pop Smoke,0eDvMgVFoNV3TpwtrVCoTj,Kid Cudi,0fA0VVWsXO9YnASrzqfmYu,1,['5CFJRZRq6sdKKtRwNPWbYv']
Pop Smoke,0eDvMgVFoNV3TpwtrVCoTj,Skepta,2p1fiYHYiXz9qi0JJyxBzN,1,['5CFJRZRq6sdKKtRwNPWbYv']
Kid Cudi,0fA0VVWsXO9YnASrzqfmYu,Phoebe Bridgers,1r1uxoy19fzMxunt3ONAkG,1,['3JdwGk8j7lHN5qdzJZklam']
Kid Cudi,0fA0VVWsXO9YnASrzqfmYu,Trippie Redd,6Xgp2XMz1fhVYe7i6yNAax,1,['4J9SI7do4KOEsCexqEbjmR']
Jack Harlow,2LIk90788K0zvyj2JJVwkJ,Lil Baby,5f7VJjfbwm532GiveGC0ZK,1,['6MDdceLYec4AxohmorE4vH']
Menor Nico,0xTWPVQfXgaj6Je1inSRKw,Petter Ferraz,6gGJH7joTDx9M3xREiAq9U,1,['7qmnP8Woc47dLSrMD5MxL1']
Mariah Carey,4iHNK0tOyZPYnBU7nGAgpQ,Ariana Grande,66CXWjxzNUsdJxJ2JdwvnR,1,['2VkuxjlbnbaBiWYpdBGVol']
Jennifer Hudson,35GL8Cu2GKTcHzKGi75xl5,Mariah Carey,4iHNK0tOyZPYnBU7nGAgpQ,1,['2VkuxjlbnbaBiWYpdBGVol']
Jennifer Hudson,35GL8Cu2GKTcHzKGi75xl5,Ariana Grande,66CXWjxzNUsdJxJ2JdwvnR,1,['2VkuxjlbnbaBiWYpdBGVol']
Shakira,0EmeFodog0BfCgMzAIvKQp,Black Eyed Peas,1yxSLGMDHlW21z4YXirZDS,1,['2vBET2pmrQqafaS6zIaYta']
DJ Premier,6GEykX11lQqp92UVOQQCC7,Eminem,7dGJo4pcD2V6oG8kP0tJRR,1,['08ir631EiCA7xIms7JDp15']
Dr. Dre,6DPYiyq5kWVQS4RGwxzPC7,Eminem,7dGJo4pcD2V6oG8kP0tJRR,1,['3WpHqtFUwzIQBsV9YC5iNc']
Sly Pyper,7LzTBVNarOeaDXFdzOugAI,Eminem,7dGJo4pcD2V6oG8kP0tJRR,1,['3WpHqtFUwzIQBsV9YC5iNc']
Dr. Dre,6DPYiyq5kWVQS4RGwxzPC7,Sly Pyper,7LzTBVNarOeaDXFdzOugAI,1,['3WpHqtFUwzIQBsV9YC5iNc']
Ty Dolla $ign,7c0XG5cIJTrrAgEC3ULPiq,Eminem,7dGJo4pcD2V6oG8kP0tJRR,1,['2KBRNUt33CrlaFPEz4bQYs']
Andrew Andraos,0ffoIkovMbaG01Y6U2jyAS,Esprit Ange Andraos,3tEWysDnxoUDsBi1rUruzj,1,['71avPtayHSPwC2MUfRLOdC']
Juhn,2LmcxBak1alK1bf7d1beTr,Myke Towers,7iK8PXO48WeuP03g8YR51W,1,['1xK1Gg9SxG8fy2Ya373oqb']
Luísa Sonza,4PzYKhC14sTJNEr0dzoo0d,Pabllo Vittar,6tzRZ39aZlNqlUzQlkuhDV,1,['0YqTL3nSL36OFdHwHoqCag']
Pabllo Vittar,6tzRZ39aZlNqlUzQlkuhDV,Anitta,7FNnA9vBm6EKceENgCGRMb,1,['0YqTL3nSL36OFdHwHoqCag']
Michael Bublé,1GxkXlMwML1oSg5eLPiAz3,The Puppini Sisters,1svaANJTE5KrG16fTGDqOs,1,['3nfxV3jfRcRWISwek49LTg']
Michael Bublé,1GxkXlMwML1oSg5eLPiAz3,Shania Twain,5e4Dhzv426EvQe3aDb64jL,1,['2gbCG4Rt9984UZ7Tc0dIFd']
The Andrews Sisters,2NCGI6dLTxLdI9XHdv7QfM,Bing Crosby,6ZjFtWeHP9XN7FeKSUe80S,1,['1GQ3cCJMAhLqWARyVZWxnO']
Michael Bublé,1GxkXlMwML1oSg5eLPiAz3,Dolly Parton,32vWCbZh0xZ4o9gkz4PsEU,1,['6SvzJUQd3FnuOJI1KWl9hq']
Brett Eldredge,0qSX3s5pJnAlSsgsCne8Cz,Kelly Clarkson,3BmGtnKgCSGYIUhmivXKWX,1,['2K4XbdyLxi9jhqVQeyUKRK']
Kelly Clarkson,3BmGtnKgCSGYIUhmivXKWX,Atlantic Holiday,5D9NYfOaGxFKCalJIeia1N,1,['2K4XbdyLxi9jhqVQeyUKRK']
Brett Eldredge,0qSX3s5pJnAlSsgsCne8Cz,Atlantic Holiday,5D9NYfOaGxFKCalJIeia1N,1,['2K4XbdyLxi9jhqVQeyUKRK']
AJ Mitchell,6dn6x1XOng3LOAnfTjUn77,Ella Henderson,7nDsS0l5ZAzMedVRKPP8F1,1,['110lWlsa8fJXgrrwGgg0f1']
Troye Sivan,3WGpXCj9YhhfX11TToZcXP,Kacey Musgraves,70kkdajctXSbqSMJbQO424,1,['4dFtIGQBrYjiskk7fN5Wmx']
Louis Armstrong,19eLuQmk9aCobbVDHc6eek,The Commanders,3VrWSWV74xyECVDt2zBy4T,1,['33GkcZ89Aj254FaJoFwCl9']
Kanye West,5K4W6rqBFWDnAN6FQUkS6x,Playboi Carti,699OTQXzgjhIYAHMy9RyPD,1,['0F13K9dwYH2zpTWiR8d628']
Kid Cudi,0fA0VVWsXO9YnASrzqfmYu,Playboi Carti,699OTQXzgjhIYAHMy9RyPD,1,['7zLMYtNJcabv4h4wBnjNQI']
Future,1RyvyyTE3xzB2ZywiAwp0i,Playboi Carti,699OTQXzgjhIYAHMy9RyPD,1,['5uYqmEN6TAAE8ss8YmprNV']
Robin Schulz,3t5xRXzsuZmMDkQzgOX35S,KIDDO,5pXe6yFchq1oyYK3rq2A8i,1,['1iAyJBksvAI6DQEnzv8l1E']
Kid Cudi,0fA0VVWsXO9YnASrzqfmYu,David Guetta,1Cs0zKBU1kc0i8ypK3B9ai,1,['0Xh6R6XLoTDRBYriQRgkHj']
Purple Disco Machine,2WBJQGf1bT1kxuoqziH5g4,Sophie and the Giants,4FrXHrpbDLNyO3pbVv8RmF,1,['0vWUhCPxpJOJR5urYbZypB']
Tones And I,2NjfBq1NflQcKSeiDooVjY,,,0,[]
Arizona Zervas,0vRvGUQVUjytro0xpb26bs,,,0,[]
Post Malone,246dkjvS1zLTtiykXe5h60,,,0,[]
Maroon 5,04gDigrS5kc9YWfZHwBETP,,,0,[]
Trevor Daniel,7uaIm6Pw7xplS8Dy06V6pT,,,0,[]
Dua Lipa,6M2wZ9GZgrQXHCFfjv46we,,,0,[]
The Weeknd,1Xyo4u8uXC1ZmMpatF05PJ,,,0,[]
Roddy Ricch,757aE44tKEUQEqRuT6GnEB,,,0,[]
Billie Eilish,6qqNVTkY8uBg9cP3Jd7DAH,,,0,[]
Lewis Capaldi,4GNC7GD6oZMSxPGyXy4MNB,,,0,[]
Harry Styles,6KImCVD70vtIoJWnq6nGn3,,,0,[]
Bad Bunny,4q3ewBCX7sLwd24euuV69X,,,0,[]
blackbear,2cFrymmkijnjDg9SS92EPM,,,0,[]
Selena Gomez,0C8ZW7ezQVs4URX5aX7Kqx,,,0,[]
DaBaby,4r63FhuTkUYltbVAg5TQnk,,,0,[]
Regard,4ofCBoyEiGSePFAG500xev,,,0,[]
Travis Scott,0Y5tJX1MQlPlqiwlOH1tJY,,,0,[]
Juice WRLD,4MCBfE4596Uoi2O4DtmEMz,,,0,[]
Don Toliver,4Gso3d4CscCijv0lmajZWs,,,0,[]
Lil Uzi Vert,4O15NlyKLIASxsJ0PrXPfz,,,0,[]
Ariana Grande,66CXWjxzNUsdJxJ2JdwvnR,,,0,[]
Daddy Yankee,4VMYDCV2IEDYJArk749S6m,,,0,[]
Sam Smith,2wY79sveU1sp5g7SokKOiI,,,0,[]
Tyga,5LHRHt1k9lMyONurDHEdrp,,,0,[]
YNW Melly,1cNDP5yjU5vjeR8qMf4grg,,,0,[]
Lil Tecca,4Ga1P7PMIsmqEZqhYZQgDo,,,0,[]
Ed Sheeran,6eUKZXaKkcviH0Ku9w2n3V,,,0,[]
Lizzo,56oDRnqbIiwx4mymNEv7dS,,,0,[]
Queen,1dfeR4HaWDbWqFHLkxsg1d,,,0,[]
Henrique & Juliano,3p7PcrEHaaKLJnPUGOtRlT,,,0,[]
Red Velvet,1z4g3DjTBBZKhvAroFlhOM,,,0,[]
Jonas Brothers,7gOdHgIoIKoe4i9Tta6qdD,,,0,[]
Ant Saunders,4jpsw9CQS439N0B7SecMgf,,,0,[]
Ali Gatie,4rTv3Ejc7hKMtmoBOK1B4T,,,0,[]
J Balvin,1vyhD5VmyZ7KMfW5gqLgo5,,,0,[]
Drake,3TVXtAsR1Inumwj472S9r4,,,0,[]
Lil Baby,5f7VJjfbwm532GiveGC0ZK,,,0,[]
Ava Max,4npEfmQ6YuiwW1GpUmaq3F,,,0,[]
Imagine Dragons,53XhwfbYqKCa1cC15pYq2q,,,0,[]
Halsey,26VFTg2z8YR0cCuwLzESi2,,,0,[]
Avicii,1vCWHaC5f2uS3yhpwWbIA6,,,0,[]
Panic! At The Disco,20JZFwl6HVl6yg8a4H3ZqK,,,0,[]
XXXTENTACION,15UsOTVnJzReFVN1VCnxy4,,,0,[]
Marília Mendonça,1yR65psqiazQpeM79CcGh8,,,0,[]
Jorge & Mateus,1elUiq4X7pxej6FRlrEzjM,,,0,[]
Khalid,6LuN9FCkKOj5PcnpouEgny,,,0,[]
Gusttavo Lima,7MiDcPa6UiV3In7lIM71IN,,,0,[]
Maluma,1r4hJ1h58CWwUQe3MxPuau,,,0,[]
Lil Nas X,7jVv8c5Fj3E9VhNjxT4snq,,,0,[]
Doja Cat,5cj0lLjcoR7YOSnhnX0Po5,,,0,[]
J. Cole,6l3HvQ5sa6mXTsMTB19rO5,,,0,[]
Noah Cyrus,55fhWPvDiMpLnE4ZzNXZyW,,,0,[]
Camila Cabello,4nDoRrQiYLoBzwC5BhVJzF,,,0,[]
Zé Neto & Cristiano,487N2T9nIPEHrlTZLL3SQs,,,0,[]
Mabel,1MIVXf74SZHmTIp4V4paH4,,,0,[]
James Arthur,4IWBUUAFIplrNtaOHcJPRM,,,0,[]
Shawn Mendes,7n2wHs1TKAczGzO7Dd2rGr,,,0,[]
5 Seconds of Summer,5Rl15oVamLq7FbSb0NNBNy,,,0,[]
Foster The People,7gP3bB2nilZXLfPHJhMdvc,,,0,[]
TOTO,0PFtn5NtBbbUNbU9EAmIWF,,,0,[]
24kGoldn,6fWVd57NKTalqvmjRd2t8Z,,,0,[]
Lauv,5JZ7CnR6gTvEMKX4g70Amv,,,0,[]
Niall Horan,1Hsdzj7Dlq2I7tHP7501T4,,,0,[]
Taylor Swift,06HL4z0CvFAxyc27GXpf02,,,0,[]
Portugal. The Man,4kI8Ie27vjvonwaB2ePh8T,,,0,[]
Guilherme & Benuto,6m6e7D2TnV0aYMllFFwMxu,,,0,[]
Alec Benjamin,5IH6FPUwQTxPSXurCrcIov,,,0,[]
Ozuna,1i8SpTcr7yvPOmcqrbnVXY,,,0,[]
Journey,0rvjqX7ttXeg3mTy8Xscbt,,,0,[]
BROCKHAMPTON,1Bl6wpkWCQ4KVgnASpvzzA,,,0,[]
Dean Lewis,3QSQFmccmX81fWCUSPTS7y,,,0,[]
Conan Gray,4Uc8Dsxct0oMqx0P6i60ea,,,0,[]
John Legend,5y2Xq6xcjJb2jVM54GHK3t,,,0,[]
Anne-Marie,1zNqDE7qDGCsyzJwohVaoX,,,0,[]
Dominic Fike,6USv9qhCn6zfxlBQIYJ9qs,,,0,[]
Joji,3MZsBdqDrRTJihTHQrO6Dq,,,0,[]
Apache 207,1qQLhymHXFPtP5U8KNKsm6,,,0,[]
Bazzi,4GvEc3ANtPPjt1ZJllr5Zl,,,0,[]
Katy Perry,6jJ0s89eD6GaHleKKya26X,,,0,[]
Jeremy Zucker,3gIRvgZssIb9aiirIg0nI3,,,0,[]
Justin Bieber,1uNFoZAHBGtllmzznpCI3s,,,0,[]
Hailee Steinfeld,5p7f24Rk5HkUZsaS3BLG5F,,,0,[]
TOKYO’S REVENGE,5TbLOwv8BNnik3f03NZJlt,,,0,[]
Tame Impala,5INjqkS1o8h1imAzPqGZBb,,,0,[]
Mac Miller,4LLpKhyESsyAXpc4laK94U,,,0,[]
Likybo,16Nc36xAtNyQ7BMBcDsaLv,,,0,[]
Eminem,7dGJo4pcD2V6oG8kP0tJRR,,,0,[]
BTS,3Nrfpe0tUJi4K4DXYWgMUX,,,0,[]
The 1975,3mIj9lX2MWuHmhNCA7LSCW,,,0,[]
Matthew Wilder,3bmFPbLMiLxtR9tFrTcKcP,,,0,[]
Surfaces,4ETSs924pXMzjIeD6E9b4u,,,0,[]
Hayley Williams,6Rx1JKzBrSzoKQtmbVmBnM,,,0,[]
Gzuz,5eioJDe26lOqkAMbuhzZYs,,,0,[]
Megan Thee Stallion,181bsRPaVXVlUKXrxwZfHK,,,0,[]
ROSALÍA,7ltDVBr6mKbRvohxheJ9h1,,,0,[]
Demi Lovato,6S2OmqARrzebs0tKUEyXyp,,,0,[]
Tyler The Creator,4V8LLVI7PbaPR0K2TGSxFF,,,0,[]
Myke Towers,7iK8PXO48WeuP03g8YR51W,,,0,[]
A Boogie Wit da Hoodie,31W5EY0aAly4Qieq6OFu6I,,,0,[]
Samra,6h1s4i4XKIYv4ErDelLDN0,,,0,[]
Lil Wayne,55Aa2cqylxrFIXC767Z865,,,0,[]
Reynmen,1Fg19vpUJpAAPFjnKaVYVW,,,0,[]
Jack Harlow,2LIk90788K0zvyj2JJVwkJ,,,0,[]
Anuel AA,2R21vXR83lH98kGeO99Y66,,,0,[]
Nicki Minaj,0hCNtLu0JehylgoiP8L4Gh,,,0,[]
Lil Mosey,5zctI4wO9XSKS8XwcnqEHk,,,0,[]
Tory Lanez,2jku7tDXc6XoB6MO2hFuqg,,,0,[]
Green Day,7oPftvlwr6VrsViSDV7fJY,,,0,[]
Diodato,2QWrpLRDeBD1NwWAsytBRi,,,0,[]
Pinguini Tattici Nucleari,6RdcIWVKYYzNzjQRd3oyHS,,,0,[]
Luciano,3CJKkU0XuElRT1z8rEtIYg,,,0,[]
Bruno Mars,0du5cEVh5yTK9QJze8zA0C,,,0,[]
The Police,5NGO30tJxFlKixkPSgXcFE,,,0,[]
Pop Smoke,0eDvMgVFoNV3TpwtrVCoTj,,,0,[]
Ashe,6P5NO5hzJbuOqSdyPB7SJM,,,0,[]
Ufo361,5pVRwX5ZQR7hfJ18w8ZYkl,,,0,[]
YoungBoy Never Broke Again,7wlFDEWiM5OoIAt8RSli8b,,,0,[]
Rauw Alejandro,1mcTU81TzQhprhouKaTkpq,,,0,[]
K CAMP,5bgfj5zUoWpyeVatGDjn6H,,,0,[]
Brent Faiyaz,3tlXnStJ1fFhdScmQeLpuG,,,0,[]
Lady Gaga,1HY2Jd0NmPuamShAr6KMms,,,0,[]
Residente,5GcWBUX00IPuWVGMIRK1sS,,,0,[]
Christian Nodal,0XwVARXT135rw8lyw1EeWP,,,0,[]
Gunna,2hlmm7s2ICUX0LVIhVFlZQ,,,0,[]
Ninho,6Te49r3A6f5BiIgBRxH7FH,,,0,[]
PUBLIC,4vxaQs6vK54nK89J1VtLex,,,0,[]
Swae Lee,1zNqQNIdeOUZHb8zbZRFMX,,,0,[]
ITZY,2KC9Qb60EaY0kW4eH68vr3,,,0,[]
OneRepublic,5Pwc4xIPtQLFEnJriah9YJ,,,0,[]
DripReport,3O5HD95HTEPgoPFOjAb7yV,,,0,[]
Kenny Rogers,4tw2Lmn9tTPUv7Gy7mVPI4,,,0,[]
Childish Gambino,73sIBHcqh3Z3NyqHKZ7FOL,,,0,[]
Sub Urban,7gXb99Sf9nNmpNYeAgIQFG,,,0,[]
Little Mix,3e7awlrlDSwF3iM0WBjGMp,,,0,[]
PARTYNEXTDOOR,2HPaUgqeutzr3jx5a9WyDV,,,0,[]
Joyner Lucas,6C1ohJrd5VydigQtaGy5Wa,,,0,[]
Kontra K,4lDiJcOJ2GLCK6p9q5BgfK,,,0,[]
Luísa Sonza,4PzYKhC14sTJNEr0dzoo0d,,,0,[]
Frank Ocean,2h93pZq0e7k5yf4dywlkpM,,,0,[]
Bill Withers,1ThoqLcyIYvZn7iWbj8fsj,,,0,[]
Troye Sivan,3WGpXCj9YhhfX11TToZcXP,,,0,[]
Future,1RyvyyTE3xzB2ZywiAwp0i,,,0,[]
Madison Beer,2kRfqPViCqYdSGhYSM9R0Q,,,0,[]
Shindy,5j21TGkrNEAJe3gG9VlS34,,,0,[]
Rod Wave,45TgXXqMDdF8BkjA83OM7z,,,0,[]
Camilo,28gNT5KBp7IjEOQoevXf9N,,,0,[]
Twenty One Pilots,3YQKmKGau1PzlVlkL1iodx,,,0,[]
The Strokes,0epOFNiUfyON9EYx7Tpr6V,,,0,[]
Bonez MC,1aS5tqEs9ci5P9KD9tZWa6,,,0,[]
Sech,77ziqFxp5gaInVrF2lj4ht,,,0,[]
Kid Cudi,0fA0VVWsXO9YnASrzqfmYu,,,0,[]
Playboi Carti,699OTQXzgjhIYAHMy9RyPD,,,0,[]
Sam Fischer,6L1XC7NrmgWRlwAeLJvVtA,,,0,[]
Shirin David,0JBdTCGs111JKKYfLqOEBa,,,0,[]
The Rolling Stones,22bE4uQ6baNwSHPVcDxLCe,,,0,[]
Melanie Martinez,63yrD80RY3RNEM2YDpUpO8,,,0,[]
mgk,6TIYQ3jFPwQSRmorSezPxX,,,0,[]
StaySolidRocky,1XLWox9w1Yvbodui0SRhUQ,,,0,[]
Luke Combs,718COspgdWOnwOFpJHRZHS,,,0,[]
Adele,4dpARuHxo51G3z768sgnrY,,,0,[]
6ix9ine,7gZfnEnfiaHzxARJ2LeXrf,,,0,[]
Kehlani,0cGUm45nv7Z6M6qdXYQGTX,,,0,[]
NAV,7rkW85dBwwrJtlHRDkJDAC,,,0,[]
Sia,5WUlDfRSoLAfcVSX1WnrxN,,,0,[]
Migos,6oMuImdp5ZcFhWP0ESe6mG,,,0,[]
The Killers,0C0XlULifJtAgn6ZNCW2eu,,,0,[]
Natalie Taylor,2WxjxdeF7GGdcCK276qViY,,,0,[]
Polo G,6AgTAQt8XS6jRWi4sX7w49,,,0,[]
Pashanim,34LetYSjEuG2fBb4Z8PwPg,,,0,[]
jxdn,6Y64EaNqpqcZYTgs4c76gF,,,0,[]
Jason Mraz,4phGZZrJZRo4ElhRtViYdl,,,0,[]
Vance Joy,10exVja0key0uqUkk6LJRT,,,0,[]
Agust D,5RmQ8k4l3HZ8JoPb4mNsML,,,0,[]
Capital Bra,4WZGDpNwrC0vNQyl9QzF7d,,,0,[]
KSI,1nzgtKYFckznkcVMR3Gg4z,,,0,[]
Alexander 23,6sFHvCyqklnJpXC9Nh1aag,,,0,[]
Lil Yachty,6icQOAFXDZKsumw3YXyusw,,,0,[]
MERO,5wyWp867LWGjFmYZXVSFnZ,,,0,[]
Niack,5uYe4bcAXlMP7d4mrOYkML,,,0,[]
TWICE,7n2Ycct7Beij7Dj7meI4X0,,,0,[]
Kendrick Lamar,2YZyLoL8N0Wb9xBt1NhZWg,,,0,[]
James Brown,7GaxyUddsPok8BuhxN6OUW,,,0,[]
Killer Mike,2N4EYkIlG1kv25g6Wv8LGI,,,0,[]
2Pac,1ZwdS5xdxEREPySFridCfh,,,0,[]
VIC MENSA,27w1NoOLMX7tJMYqcetPyG,,,0,[]
Harry Nach,0NnUMWDCDi1snuMja6IdxH,,,0,[]
RIN,18ISxWwWjV6rPLoVCXf1dz,,,0,[]
Bosh,6Mm2g25BTeJ6BICPFWGkPg,,,0,[]
Jarabe De Palo,5B6H1Dq77AV1LZWrbNsuH5,,,0,[]
NLE Choppa,0ErzCpIMyLcjPiwT4elrtZ,,,0,[]
Passenger,0gadJ2b9A4SKsB1RFkBb66,,,0,[]
Peach Tree Rascals,0imE3buPhAowREqCrr4CYe,,,0,[]
Zoe Wees,03d2mJXSMtuPI0nIvLnhoS,,,0,[]
Bilal Wahib,5wV3FoaNbDB6X9INuQvs1K,,,0,[]
Beyoncé,6vWDO969PvNqNYHIOW5v0m,,,0,[]
Irama,5iot8OPcosJN9nCl7I5SdK,,,0,[]
BLACKPINK,41MozSoPIsD1dJM0CLPjZF,,,0,[]
Bring Me The Horizon,1Ffb6ejR6Fe5IamqA5oRUF,,,0,[]
Charlie Puth,6VuMaDnrHyPL1p4EHjYLi7,,,0,[]
Oasis,2DaxqgrOhkeH0fpeiQq2f4,,,0,[]
WILLOW,3rWZHrfrsPBxVy692yAIxF,,,0,[]
Juanfran,7zY0DMisq1oYXvNNgGwHBY,,,0,[]
Lynyrd Skynyrd,4MVyzYMgTwdP7Z49wAZHx0,,,0,[]
Miley Cyrus,5YGY8feqx7naU7z4HrwZM6,,,0,[]
Earth Wind & Fire,4QQgXkCYTt3BlENzhyNETg,,,0,[]
Eagles,0ECwFtbIWEVNwjlrfc6xoL,,,0,[]
Red Velvet - IRENE & SEULGI,6bwp9ObI8FWvMPCIWVBmhl,,,0,[]
Dixie,3DKkhRCGOG4e8IUPYFPfWs,,,0,[]
Zara Larsson,1Xylc3o4UrD53lo9CvFvVg,,,0,[]
KAROL G,790FomKkXshlbRYZFtlgla,,,0,[]
YG,0A0FS04o6zMoto8OKPsDwY,,,0,[]
Tate McRae,45dkTj5sMRSjrmBSBeiHym,,,0,[]
Ellie Goulding,0X2BH1fck6amBIoJhDVmmJ,,,0,[]
Aya Nakamura,7IlRNXHjoOCgEAWN5qYksg,,,0,[]
One Direction,4AK6F7OLvEQ5QYCBNiQWHq,,,0,[]
The Kid LAROI,2tIP7SsRs7vjIcLrU85W8J,,,0,[]
JEON SOMI,7zYj9S9SdIunYCfSm7vzAR,,,0,[]
Logic,4xRYI6VqpkE3UwrDrAZL8L,,,0,[]
Jason Derulo,07YZf4WDAMNwqr4jfgOZ8y,,,0,[]
Ski Mask The Slump God,2rhFzFmezpnW82MNqEKVry,,,0,[]
AC/DC,711MCceyCBcFnzjGY4Q7Un,,,0,[]
Dan + Shay,7z5WFjZAIYejWy0NI5lv4T,,,0,[]
BØRNS,1KP6TWI40m7p3QBTU6u2xo,,,0,[]
Jonas Esticado,22jNvLBrXGKr4CcV2tw8Ag,,,0,[]
Saweetie,6cK3NBO6uP7hh0oyuVELFl,,,0,[]
Aminé,3Gm5F95VdRxW3mqCn8RPBJ,,,0,[]
Glass Animals,4yvcSjfu4PC0CYQyLy4wSq,,,0,[]
twocolors,7ACEUD7UsmmXrnj4OLt8f9,,,0,[]
Labrinth,2feDdbD5araYcm6JhFHHw7,,,0,[]
HWASA,7bmYpVgQub656uNTu6qGNQ,,,0,[]
Morgan Wallen,4oUHIQIBe0LHzYfvXNW4QM,,,0,[]
Linkin Park,6XyY86QOPPrYVGvF9ch6wz,,,0,[]
BANNERS,4qWnlmXWuGv2TtuxtIWlJX,,,0,[]
The Neighbourhood,77SW9BnxLY8rJ0RciFqkHh,,,0,[]
Jerry Di,7f02bxFbZIOVdSbYRNYvLT,,,0,[]
Manuel Turizo,0tmwSHipWxN12fsoLcFU3B,,,0,[]
Dalex,0KPX4Ucy9dk82uj4GpKesn,,,0,[]
Bea Miller,1o2NpYGqHiCq7FoiYdyd1x,,,0,[]
Justin Quiles,14zUHaJZo1mnYtn6IBRaRP,,,0,[]
WhoHeem,5KYEMMz9O9iLIESifKAEOp,,,0,[]
Lil Peep,2kCcBybjl3SAtIcwdWpUe3,,,0,[]
Hozier,2FXC3k01G6Gw61bmprjgqS,,,0,[]
Big Sean,0c173mlxpT3dSFRgMO8XPh,,,0,[]
salem ilese,3QJUFtGBGL05vo0kCJZsmT,,,0,[]
Farruko,329e4yvIujISKGKz1BZZbO,,,0,[]
Os Barões Da Pisadinha,5Lv2GUVwqmQBPwrTrxucE5,,,0,[]
Mc Jacaré,6qrqAYlS6lUj2BVXax7SZW,,,0,[]
Vedo,3wVXTWabe3viT0jF7DfjOL,,,0,[]
Matuê,5nP8x4uEFjAAmDzwOEc9b8,,,0,[]
Freeze corleone,76Pl0epAMXVXJspaSuz8im,,,0,[]
Ritt Momney,7MPGCB854Qo4alYMOPkBka,,,0,[]
Stray Kids,2dIgFjalVxs4ThymZ67YCE,,,0,[]
Ashnikko,3PyJHH2wyfQK3WZrk9rpmP,,,0,[]
Damso,2UwqpfQtNuhBwviIC0f2ie,,,0,[]
Ultimo,3hN3iJMbbBmqBSAMx5veDa,,,0,[]
ZAYN,5ZsFI1h6hIdQRw2ti0hz81,,,0,[]
Fleetwood Mac,08GQAI4eElDnROBrJRGE0X,,,0,[]
Rogerinho,5JbQpbeFaKfuZVFzKwaawP,,,0,[]
Clairo,3l0CmX0FuQjFxr8SK7Vqag,,,0,[]
Bryson Tiller,2EMAnMvWE2eb56ToJVfCWs,,,0,[]
Van Halen,2cnMpRsOVqtPMfq7YiFE6K,,,0,[]
Trippie Redd,6Xgp2XMz1fhVYe7i6yNAax,,,0,[]
Ezhel,6LnJKrtFnTEGdbWQ2riWCL,,,0,[]
Black Eyed Peas,1yxSLGMDHlW21z4YXirZDS,,,0,[]
Fousheé,6trIghKwHRUyxwvm66HLHH,,,0,[]
Lana Del Rey,00FQb4jTyendYWaN8pK0wa,,,0,[]
HVME,2o08sCWF5yyo2G4DCiT7T9,,,0,[]
Tiësto,2o5jDhtHVPhrJdv3cEQ99Z,,,0,[]
CJ,7arQA31aZVS8yS6zUveWzb,,,0,[]
Pink Sweat$,1W7FNibLa0O0b572tB2w7t,,,0,[]
Sfera Ebbasta,23TFHmajVfBtlRx5MXqgoz,,,0,[]
Michael Jackson,3fMbdgg4jU18AjLCKBhRSm,,,0,[]
Lil Tjay,6jGMq4yGs7aQzuGsMgVgZR,,,0,[]
Ray Parker Jr.,0NyzfcGDZZ6GM25EBG9BYK,,,0,[]
The Citizens of Halloween,4LazDzEGshEUn9D2zbm6w2,,,0,[]
Rockwell,3xs0LEzcPXtgNfMNcHzLIP,,,0,[]
Rihanna,5pKCCKE2ajJHZ9KAiaK11H,,,0,[]
Blue Öyster Cult,00tVTdpEhQQw1bqdu8RCx2,,,0,[]
Stevie Wonder,7guDJrEfX3qb6FEbdPA5qi,,,0,[]
The Cranberries,7t0rwkOPGlDPEhaOcVtOt9,,,0,[]
Mariah Carey,4iHNK0tOyZPYnBU7nGAgpQ,,,0,[]
grandson,4ZgQDCtRqZlhLswVS6MHN4,,,0,[]
System Of A Down,5eAWCfyUhZtHHtBdNk56l1,,,0,[]
Booba,58wXmynHaAWI5hwlPZP3qL,,,0,[]
King Von,6QtgPSJPSzcnn7dPZ4VINp,,,0,[]
Wham!,5lpH0xAS4fVfLkACg9DAuM,,,0,[]
Coldplay,4gzpq5DPGxSnKTe4SA8HAU,,,0,[]
Michael Bublé,1GxkXlMwML1oSg5eLPiAz3,,,0,[]
Brenda Lee,4cPHsZM98sKzmV26wlwD2W,,,0,[]
Bobby Helms,38EmEgXkgK51MT2tPY0EoC,,,0,[]
Andy Williams,4sj6D0zlMOl25nprDJBiU9,,,0,[]
Kelly Clarkson,3BmGtnKgCSGYIUhmivXKWX,,,0,[]
Arctic Monkeys,7Ln80lUS6He07XvHI8qqHH,,,0,[]
Justin Timberlake,31TPClRtHm23RisEBtV3X7,,,0,[]
Dean Martin,49e4v89VmlDcFCMyDv9wQ9,,,0,[]
The Ronettes,7CyeXFnOrfC1N6z4naIpgo,,,0,[]
José Feliciano,7K78lVZ8XzkjfRSI7570FF,,,0,[]
Band Aid,35S20clEkkSNUo23ViaslZ,,,0,[]
Chris Rea,5KEG7G8LDYlHgFDqZyEEs2,,,0,[]
Paul McCartney,4STHEaNw4mPZ2tzheohgXB,,,0,[]
Ricky Montgomery,0ZUvK7zGdXLd78mQr3t1Tw,,,0,[]
347aidan,0bBz5bRBkExaej2HxtVfCw,,,0,[]
Porky Slim,4ohRzp7ZzPQi3PzCiBrDAm,,,0,[]
Boza,2NfSBtmWe7oPw1EmetJVso,,,0,[]
Nat King Cole,7v4imS0moSyGdXyLgVTIV7,,,0,[]
Trio Vegabajeño,5TphiK6LsT4X5NOZxq3NJB,,,0,[]
Burl Ives,0MHgLfmQdutffmvWe5XBTN,,,0,[]
Shakin' Stevens,0wi4yTYlGtEnbGo4ltZTib,,,0,[]
The Jackson 5,2iE18Oxc8YSumAU232n4rW,,,0,[]
Daryl Hall & John Oates,77tT1kLj6mCWtFNqiOmP9H,,,0,[]
Britney Spears,26dSoYclwsYLMAKD3tpOr4,,,0,[]
Elvis Presley,43ZHCT0cAZBISjO8DG9PnE,,,0,[]
Studio Killers,7avo0PmlW8O1YLEt9DnWQT,,,0,[]
Elton John,3PhoLpVuITZKcymswpck5b,,,0,[]
Darlene Love,391oLRVmoTkumiN79HkTWu,,,0,[]
Kylie Minogue,4RVnAU35WRWra6OZ3CbbMA,,,0,[]
Chuck Berry,293zczrfYafIItmnmM3coR,,,0,[]
Marvin Divine,2ipbBHbU59PKSeDXAgMpkd,,,0,[]
Leona Lewis,5lKZWd6HiSCLfnDGrq9RAm,,,0,[]
Meghan Trainor,6JL8zeS1NmiOftqZTRgdTz,,,0,[]
John Williams,3dRfiJ2650SZu6GbydcHNb,,,0,[]
Pentatonix,26AHtbjWKiwYzsoGoUZq53,,,0,[]
Wilbur Soot,2XzXLjXRSeFtsic4ieyLJy,,,0,[]
Frank Sinatra,1Mxqyy3pSjf8kZZL4QVxS0,,,0,[]
Bing Crosby,6ZjFtWeHP9XN7FeKSUe80S,,,0,[]
The Beach Boys,3oDbviiivRWhXwIE8hxkVV,,,0,[]
Bruce Springsteen,3eqjTLE0HfPfh78zjh6TqT,,,0,[]
Donny Hathaway,0HU0U9kdXEHZVxUNbuQe8S,,,0,[]
Tony Bennett,2lolQgalUvZDfp5vvVtTYV,,,0,[]
*NSYNC,6Ff53KvcvAj5U7Z1vojB5o,,,0,[]
Melanie Thornton,2apYMRrg5FxN4go0pfsCvf,,,0,[]
Bryan Adams,3Z02hBLubJxuFJfhacLSDc,,,0,[]
Slade,10n5lhNDoSMUHWLlnST1yw,,,0,[]
Alessia Cara,2wUjUUtkb5lvLKcGKsKqsR,,,0,[]
Ella Fitzgerald,5V0MlUE1Bft0mbLlND7FJz,,,0,[]
Judy Garland,0hItVPjwJLVZrFqOyIsxPf,,,0,[]
Boney M.,54R6Y0I7jGUCveDTtI21nb,,,0,[]
Cliff Richard,2nvKpWcP8etYTq4JrRiUiy,,,0,[]
Pretenders,0GByy3DcfbQwDvXGCWmzv9,,,0,[]
Gene Autry,5ixB75BQR3ADoWQkcHQJTs,,,0,[]
Wizzard,7823Dim2TzjiQQ9wRQxyi9,,,0,[]
Vince Guaraldi Trio,4ytkhMSAnrDP8XzRNlw9FS,,,0,[]
Otis Redding,60df5JBRRPcnSpsIMxxwQm,,,0,[]
Liam Payne,5pUo3fmmHT8bhCyHE52hA6,,,0,[]
Céline Dion,4S9EykWXhStSc15wEx8QFK,,,0,[]
Train,3FUY2gzHeIiaesXtOAdB7A,,,0,[]
Carpenters,1eEfMU2AhEo7XnKgL7c304,,,0,[]
George Ezra,2ysnwxxNtSgbb9t1m2Ur4j,,,0,[]
Mud,3cqIsBnzV3BabbPWKz8Txf,,,0,[]
James TW,0B3N0ZINFWvizfa8bKiz4v,,,0,[]
Jessie J,2gsggkzM5R49q6jpPvazou,,,0,[]
Helene Fischer,7MzHPIXAqIOCnvK0sVY72W,,,0,[]
Destiny's Child,1Y8cdNmUJH7yBTd9yOvr5i,,,0,[]
Thurl Ravenscroft,5Gejwv3xz2DpLcxVpMD6hL,,,0,[]
Nat King Cole Trio,3OpnoUqoRIHWbsFs4Nw0NQ,,,0,[]
Jona Lewie,3nohf4qILMr5aUSOsolwxB,,,0,[]
Norah Jones,2Kx7MNY7cI1ENniW7vT30N,,,0,[]
Kay Starr,7rpf45DdbpweG51Acze45i,,,0,[]
Perry Como,5v8jlSmAQfrkTjAlpUfWtu,,,0,[]
SZA,7tYKF4w9nC0nq9CsPZTHyP,,,0,[]
Tarcísio do Acordeon,48HORs6F9P7IgdyKrk4MZC,,,0,[]
Mother Mother,0e86yPdC41PGRkLp2Q1Bph,,,0,[]
Nirvana,6olE6TJLqED3rqDCT0FyPh,,,0,[]
Whitney Houston,6XpaIBNiVzIetEPCWDvAFP,,,0,[]
ABBA,0LcJLqbBmaGUft1e9Mm8HV,,,0,[]
Outkast,1G9G7WwrXka3Z1r7aIDjI7,,,0,[]
Calvin Harris,7CajNmpbOovFoOoasH2HaY,,,0,[]
a-ha,2jzc5TC5TVFLXQlBNiIUzE,,,0,[]
