artist_1,artist_1_id,artist_2,artist_2_id,count,song_ids
The Weeknd,1Xyo4u8uXC1ZmMpatF05PJ,Daft Punk,4tZwfgrHOc3mvqYlEYSvVi,2,"['5GXAXm5YOmYT0kL5jHvYBt', '7MXVkk9YMctZqd1Srtv4MB']"
Halsey,26VFTg2z8YR0cCuwLzESi2,The Chainsmokers,69GGBxA162lTqCwzJG5jLp,1,['7BKLCZ1jbUBVqRi2FVlTVw']
Justin Bieber,1uNFoZAHBGtllmzznpCI3s,DJ Snake,540vIaP2JwjQb9dm3aArA4,1,['0lYBSQXN6rCTvUZvg9S0lU']
Anne-Marie,1zNqDE7qDGCsyzJwohVaoX,Clean Bandit,6MDME20pz9RveH9rEXvrOM,1,['5knuzwU65gJK7IF5yJsuaW']
Sean Paul,3Isy6kedDrgPYoTS1dazA9,Clean Bandit,6MDME20pz9RveH9rEXvrOM,1,['5knuzwU65gJK7IF5yJsuaW']
Anne-Marie,1zNqDE7qDGCsyzJwohVaoX,Sean Paul,3Isy6kedDrgPYoTS1dazA9,1,['5knuzwU65gJK7IF5yJsuaW']
Drake,3TVXtAsR1Inumwj472S9r4,Wizkid,3tVQdUvClmAT7URs9V3rsp,2,"['1zi7xx7UVEFkmKfv06H8x0', '2zYs4BonN2ydkbrRk333SN']"
Drake,3TVXtAsR1Inumwj472S9r4,Kyla,6TK7fjRPdy2GW2pJzNF23L,1,['1zi7xx7UVEFkmKfv06H8x0']
Wizkid,3tVQdUvClmAT7URs9V3rsp,Kyla,6TK7fjRPdy2GW2pJzNF23L,1,['1zi7xx7UVEFkmKfv06H8x0']
Maroon 5,04gDigrS5kc9YWfZHwBETP,Kendrick Lamar,2YZyLoL8N0Wb9xBt1NhZWg,1,['5MFzQMkrl1FOOng9tq6R9r']
Gucci Mane,13y7CgLHjMVRMDqxdx0Xdo,Rae Sremmurd,7iZtZyCzp3LItcw1wtPI3D,1,['6fujklziTHa8uoM5OQSfIo']
Shakira,0EmeFodog0BfCgMzAIvKQp,Maluma,1r4hJ1h58CWwUQe3MxPuau,1,['6mICuAdrwEjh6Y6lroV2Kg']
Taylor Swift,06HL4z0CvFAxyc27GXpf02,ZAYN,5ZsFI1h6hIdQRw2ti0hz81,1,['3NdDpSvN911VPGivFlV5d0']
Lil Uzi Vert,4O15NlyKLIASxsJ0PrXPfz,Migos,6oMuImdp5ZcFhWP0ESe6mG,1,['4Km5HrUvYTaSUfiSGPJeQR']
Justin Bieber,1uNFoZAHBGtllmzznpCI3s,Major Lazer,738wLrAtLtCtFOLvQBXOXp,1,['6DNtNfH8hXkqOX1sjqmI7p']
MØ,0bdfiayQAKewqEvaU6rXCv,Major Lazer,738wLrAtLtCtFOLvQBXOXp,2,"['4WjH9Bzt3kx7z8kl0awxh4', '6DNtNfH8hXkqOX1sjqmI7p']"
MØ,0bdfiayQAKewqEvaU6rXCv,Justin Bieber,1uNFoZAHBGtllmzznpCI3s,1,['6DNtNfH8hXkqOX1sjqmI7p']
Martin Garrix,60d24wfXkVzDSfLS6hyCjZ,Bebe Rexha,64M6ah0SkkRsnPGtGiRAbb,1,['04DwTuZ2VBdJCCC5TROn7L']
Nicki Minaj,0hCNtLu0JehylgoiP8L4Gh,Ariana Grande,66CXWjxzNUsdJxJ2JdwvnR,1,['44ONERBHALxftQNWq6dmyd']
Starley,02A3cEvlLLCbIMVDrK2GHV,Ryan Riback,33JQK4UoS2aMPYBfdB5Ftt,1,['78rIJddV4X0HkNAInEcYde']
The Chainsmokers,69GGBxA162lTqCwzJG5jLp,Daya,6Dd3NScHWwnW6obMFbl1BH,1,['0QsvXIfqM0zZoerQfsI9lm']
Louis Tomlinson,57WHJIHrjOE3iAxpihhMnp,Steve Aoki,77AiFEVeAVj2ORpC85QVJs,1,['3EmmCZoqpWOTY1g2GBwJoR']
Grey,4lDBihdpMlOalxy1jkUbPl,Hailee Steinfeld,5p7f24Rk5HkUZsaS3BLG5F,1,['6875MeXyCW0wLyT72Eetmo']
Zedd,2qxJFvFYMEDqd7ui6kSAcq,Hailee Steinfeld,5p7f24Rk5HkUZsaS3BLG5F,1,['6875MeXyCW0wLyT72Eetmo']
Zedd,2qxJFvFYMEDqd7ui6kSAcq,Grey,4lDBihdpMlOalxy1jkUbPl,1,['6875MeXyCW0wLyT72Eetmo']
Camila Cabello,4nDoRrQiYLoBzwC5BhVJzF,mgk,6TIYQ3jFPwQSRmorSezPxX,1,['1PSBzsahR2AKwLJgx8ehBj']
Phoebe Ryan,4N874uPqBka1QiCvnCVOtr,The Chainsmokers,69GGBxA162lTqCwzJG5jLp,1,['2rizacJSyD9S1IQUxUxnsK']
DRAM,5M0lbkGluOPXLeFjApw8r8,Lil Yachty,6icQOAFXDZKsumw3YXyusw,1,['7yyRTcZmCiyzzJlNzGC9Ol']
Mike Posner,2KsP6tYLJlTBvSUxnwlVWa,Seeb,5iNrZmtVMtYev5M9yoWpEq,1,['17Fd6Yb7mSbinKG8LoWfFl']
J Balvin,1vyhD5VmyZ7KMfW5gqLgo5,Pharrell Williams,2RdwBSPQiwcmiDo9kixcl8,1,['6rQSrBHf7HlZjtcMZ4S4bO']
J Balvin,1vyhD5VmyZ7KMfW5gqLgo5,BIA,6veh5zbFpm31XsPdjBgPER,1,['6rQSrBHf7HlZjtcMZ4S4bO']
J Balvin,1vyhD5VmyZ7KMfW5gqLgo5,Sky Rompiendo,51XrH5fQP2oIQynuKxSWcW,1,['6rQSrBHf7HlZjtcMZ4S4bO']
Pharrell Williams,2RdwBSPQiwcmiDo9kixcl8,BIA,6veh5zbFpm31XsPdjBgPER,1,['6rQSrBHf7HlZjtcMZ4S4bO']
Pharrell Williams,2RdwBSPQiwcmiDo9kixcl8,Sky Rompiendo,51XrH5fQP2oIQynuKxSWcW,1,['6rQSrBHf7HlZjtcMZ4S4bO']
Sky Rompiendo,51XrH5fQP2oIQynuKxSWcW,BIA,6veh5zbFpm31XsPdjBgPER,1,['6rQSrBHf7HlZjtcMZ4S4bO']
Rihanna,5pKCCKE2ajJHZ9KAiaK11H,Calvin Harris,7CajNmpbOovFoOoasH2HaY,1,['2vlDrKpOC0eSTqTDRcbYyw']
Fifth Harmony,1l8Fu6IkuTP0U5QetQJ5Xt,Ty Dolla $ign,7c0XG5cIJTrrAgEC3ULPiq,1,['4tCtwWceOPWzenK2HAIJSb']
Maluma,1r4hJ1h58CWwUQe3MxPuau,Ricky Martin,7slfeZO9LsJbWgpkIoXBUJ,1,['7DM4BPaS7uofFul3ywMe46']
Matoma,4YXycRbyyAE0wozTk7QMEq,The Vamps,7gAppWoH7pcYmphCVTXkzs,1,['4b4KcovePX8Ke2cLIQTLM0']
Jonas Blue,1HBjj22wzbscIZ9sEb5dyf,RAYE,5KKpBU5eC2tJDzf0wmlRp2,1,['1D3ODoXHBLpdxolZRHWV1j']
Selena Gomez,0C8ZW7ezQVs4URX5aX7Kqx,Charlie Puth,6VuMaDnrHyPL1p4EHjYLi7,1,['54PbBpquVfhfrwRwvjSXbI']
Nevada,15NtJjjHRFybdNSMyM9smT,Mark Morrison,6V3F8MZrOKdT9fU686ybE9,1,['7aV2mflaASUmGhCErm7kBO']
Nevada,15NtJjjHRFybdNSMyM9smT,Fetty Wap,6PXS4YHDkKvl1wkIl4V8DL,1,['7aV2mflaASUmGhCErm7kBO']
Fetty Wap,6PXS4YHDkKvl1wkIl4V8DL,Mark Morrison,6V3F8MZrOKdT9fU686ybE9,1,['7aV2mflaASUmGhCErm7kBO']
Drake,3TVXtAsR1Inumwj472S9r4,Rihanna,5pKCCKE2ajJHZ9KAiaK11H,2,"['11KJSRSgaDxqydKYiD2Jew', '72TFWvU3wUYdUuxejTTIzt']"
J Balvin,1vyhD5VmyZ7KMfW5gqLgo5,Zion & Lennox,21451j1KhjAiaYKflxBjr1,1,['3QwBODjSEzelZyVjxPOHdq']
Alok,0NGAZxHanS9e0iNHpR8f2W,Bruno Martini,5veVxxPm1vzgi6pO2iVA8L,2,"['06ZpMjkNdIDKVf3mK29UiC', '1a5Yu5L18qNxVhXx38njON']"
Alok,0NGAZxHanS9e0iNHpR8f2W,Zeeba,7qPLO2XOUaRrRxkvLZ3AEK,2,"['06ZpMjkNdIDKVf3mK29UiC', '1a5Yu5L18qNxVhXx38njON']"
Bruno Martini,5veVxxPm1vzgi6pO2iVA8L,Zeeba,7qPLO2XOUaRrRxkvLZ3AEK,2,"['06ZpMjkNdIDKVf3mK29UiC', '1a5Yu5L18qNxVhXx38njON']"
David Guetta,1Cs0zKBU1kc0i8ypK3B9ai,Robin Schulz,3t5xRXzsuZmMDkQzgOX35S,1,['1cG0umU5TKStygKsPFZ9pY']
Robin Schulz,3t5xRXzsuZmMDkQzgOX35S,Cheat Codes,7DMveApC7UnC2NPfPvlHSU,1,['1cG0umU5TKStygKsPFZ9pY']
David Guetta,1Cs0zKBU1kc0i8ypK3B9ai,Cheat Codes,7DMveApC7UnC2NPfPvlHSU,1,['1cG0umU5TKStygKsPFZ9pY']
Shakira,0EmeFodog0BfCgMzAIvKQp,Carlos Vives,4vhNDa5ycK0ST968ek7kRr,1,['0sXvAOmXgjR2QUqLK1MltU']
Jonas Blue,1HBjj22wzbscIZ9sEb5dyf,JP Cooper,4kYGAK2zu9EAomwj3hXkXy,1,['5bZtRlMBU76vHuDOb1GM5u']
Dyo,4H1PNuHElBLVok0lnYMrRb,NEIKED,5H6xmHXjsq98NLbEjuE29f,1,['3AsAuGTaDQzavZZThyYlop']
Kendrick Lamar,2YZyLoL8N0Wb9xBt1NhZWg,Sia,5WUlDfRSoLAfcVSX1WnrxN,1,['7xHWNBFm6ObGEQPaUxHuKO']
Nyla,4VZY0nxYMSNotbS7WjNVQy,Major Lazer,738wLrAtLtCtFOLvQBXOXp,2,"['0L7loeTIg6akW84aEQZpCT', '1KqvRRQd3lfM0pAlkGPrgD']"
Fuse ODG,374sWpAJsbZckf98df2jJJ,Major Lazer,738wLrAtLtCtFOLvQBXOXp,1,['0L7loeTIg6akW84aEQZpCT']
Fuse ODG,374sWpAJsbZckf98df2jJJ,Nyla,4VZY0nxYMSNotbS7WjNVQy,1,['0L7loeTIg6akW84aEQZpCT']
Metro Boomin,0iEtIxbK0KxaSlF7G42ZOp,21 Savage,1URnnhqYAYcrqrcwql10ft,11,"['0tdCy39PgWN8LFWu34ORn3', '2D2w9943rsnJOGCrI4aMQp', '3oxCefEI6Tc6Z6t20J4IvH', '4gmmRb6bZJffOOiww1JGTO', '5u6vkDnOyaf8LsteDAj2ub', '6HR1z11h0ROUlWP4Kx8Z7G', '6fwdbPMwP1zVStm8FybmkO', '6m6Oy3F6GG0zRwH03rWmTv', '7DuvVy7JfFgXwWlVzyyPys', '7vbjH8laThXpcBXeLNPm3M', '7vg47qMIEdLfNdTE3WLf0T']"
Future,1RyvyyTE3xzB2ZywiAwp0i,21 Savage,1URnnhqYAYcrqrcwql10ft,2,"['2ClE3QfsNx9p0zjPKxmUYq', '6fwdbPMwP1zVStm8FybmkO']"
Metro Boomin,0iEtIxbK0KxaSlF7G42ZOp,Future,1RyvyyTE3xzB2ZywiAwp0i,1,['6fwdbPMwP1zVStm8FybmkO']
Zayion McCall,5AsWcQXw4RJFRWBbwa0ti0,Zay Hilfigerrr,7nKeLE1toRtW4M279iS26h,1,['1lItf5ZXJc1by9SbPeljFd']
Wisin,3E6xrwgnVfYCrCs0ePERDz,Enrique Iglesias,7qG3b048QCHVRO5Pv1T5lw,1,['6YZdkObH88npeKrrkb8Ggf']
Coldplay,4gzpq5DPGxSnKTe4SA8HAU,Seeb,5iNrZmtVMtYev5M9yoWpEq,1,['1OAiWI2oPmglaOiv9fdioU']
Olivia O'Brien,1QRj3hoop9Mv5VvHQkwPEp,gnash,3iri9nBFs9e4wN7PLIetAw,1,['7vRriwrloYVaoAe3a9wJHe']
Wiz Khalifa,137W8MRPWKqSmrBGDBFSop,Lil Wayne,55Aa2cqylxrFIXC767Z865,1,['4dASQiO1Eoo3RJvt74FtXB']
Imagine Dragons,53XhwfbYqKCa1cC15pYq2q,Lil Wayne,55Aa2cqylxrFIXC767Z865,1,['4dASQiO1Eoo3RJvt74FtXB']
X Ambassadors,3NPpFNZtSTHheNBaWC82rB,Lil Wayne,55Aa2cqylxrFIXC767Z865,1,['4dASQiO1Eoo3RJvt74FtXB']
Logic,4xRYI6VqpkE3UwrDrAZL8L,Lil Wayne,55Aa2cqylxrFIXC767Z865,1,['4dASQiO1Eoo3RJvt74FtXB']
Lil Wayne,55Aa2cqylxrFIXC767Z865,Ty Dolla $ign,7c0XG5cIJTrrAgEC3ULPiq,2,"['270aLuFCbX32hhBr8MQyPM', '4dASQiO1Eoo3RJvt74FtXB']"
Wiz Khalifa,137W8MRPWKqSmrBGDBFSop,Imagine Dragons,53XhwfbYqKCa1cC15pYq2q,1,['4dASQiO1Eoo3RJvt74FtXB']
Wiz Khalifa,137W8MRPWKqSmrBGDBFSop,X Ambassadors,3NPpFNZtSTHheNBaWC82rB,1,['4dASQiO1Eoo3RJvt74FtXB']
Wiz Khalifa,137W8MRPWKqSmrBGDBFSop,Logic,4xRYI6VqpkE3UwrDrAZL8L,1,['4dASQiO1Eoo3RJvt74FtXB']
Wiz Khalifa,137W8MRPWKqSmrBGDBFSop,Ty Dolla $ign,7c0XG5cIJTrrAgEC3ULPiq,2,"['33z5crv3IO5U2BOi8xod92', '4dASQiO1Eoo3RJvt74FtXB']"
X Ambassadors,3NPpFNZtSTHheNBaWC82rB,Imagine Dragons,53XhwfbYqKCa1cC15pYq2q,1,['4dASQiO1Eoo3RJvt74FtXB']
Logic,4xRYI6VqpkE3UwrDrAZL8L,Imagine Dragons,53XhwfbYqKCa1cC15pYq2q,1,['4dASQiO1Eoo3RJvt74FtXB']
Imagine Dragons,53XhwfbYqKCa1cC15pYq2q,Ty Dolla $ign,7c0XG5cIJTrrAgEC3ULPiq,1,['4dASQiO1Eoo3RJvt74FtXB']
X Ambassadors,3NPpFNZtSTHheNBaWC82rB,Logic,4xRYI6VqpkE3UwrDrAZL8L,1,['4dASQiO1Eoo3RJvt74FtXB']
X Ambassadors,3NPpFNZtSTHheNBaWC82rB,Ty Dolla $ign,7c0XG5cIJTrrAgEC3ULPiq,1,['4dASQiO1Eoo3RJvt74FtXB']
Logic,4xRYI6VqpkE3UwrDrAZL8L,Ty Dolla $ign,7c0XG5cIJTrrAgEC3ULPiq,1,['4dASQiO1Eoo3RJvt74FtXB']
J. Davi$,1rs3y69kDwkIdGJcOYngQt,Rob $tone,2hWs22BmQkK4czFtDLnar2,1,['5uDASfU19gDxSjW8cnCaBp']
Rob $tone,2hWs22BmQkK4czFtDLnar2,J Spooks,36Tn5h23ysORlLKc42UXfe,1,['5uDASfU19gDxSjW8cnCaBp']
J. Davi$,1rs3y69kDwkIdGJcOYngQt,J Spooks,36Tn5h23ysORlLKc42UXfe,1,['5uDASfU19gDxSjW8cnCaBp']
Mike Perry,6lB8vOoI4DRrrVxXwuV19c,shy martin,7eCmccnRwPmRnWPw61x6jM,1,['2CPqh63wRVscbceKcPxwvv']
The Chainsmokers,69GGBxA162lTqCwzJG5jLp,XYLØ,6ioOEWNNGK40H8xrGj6XPW,1,['0B8B8cVRFIG1yznoQe7c9s']
Cookin' On 3 Burners,726MxZBpkxnnoKl6aN7mmj,Kungs,7keGfmQR4X5w0two1xKZ7d,1,['0tICYNayWWhH9GPeFrfjfD']
21 Savage,1URnnhqYAYcrqrcwql10ft,Drake,3TVXtAsR1Inumwj472S9r4,1,['4ckuS4Nj4FZ7i3Def3Br8W']
Selena Gomez,0C8ZW7ezQVs4URX5aX7Kqx,Cashmere Cat,2LZDXcxJWgsJfKXZv9a5eG,1,['2wDjpPW3HZdA9quPPmZAMu']
Cashmere Cat,2LZDXcxJWgsJfKXZv9a5eG,Tory Lanez,2jku7tDXc6XoB6MO2hFuqg,1,['2wDjpPW3HZdA9quPPmZAMu']
Selena Gomez,0C8ZW7ezQVs4URX5aX7Kqx,Tory Lanez,2jku7tDXc6XoB6MO2hFuqg,1,['2wDjpPW3HZdA9quPPmZAMu']
Labrinth,2feDdbD5araYcm6JhFHHw7,Noah Cyrus,55fhWPvDiMpLnE4ZzNXZyW,1,['2BrzlUj1u1CtvaJDGIKpsP']
Jonas Blue,1HBjj22wzbscIZ9sEb5dyf,Dakota,2zzpznMuhKlKlqh1ma7Sms,1,['6OZh916QF8XNunWaP97WEZ']
Chance the Rapper,1anyVhU62p31KFi8MEzkbf,Lil Wayne,55Aa2cqylxrFIXC767Z865,2,"['0v9Wz8o0BT8DU38R4ddjeH', '3DXncPQOG4VBw3QHh3S817']"
2 Chainz,17lzZA2AlOHwCwFALHttmp,Chance the Rapper,1anyVhU62p31KFi8MEzkbf,1,['0v9Wz8o0BT8DU38R4ddjeH']
2 Chainz,17lzZA2AlOHwCwFALHttmp,Lil Wayne,55Aa2cqylxrFIXC767Z865,1,['0v9Wz8o0BT8DU38R4ddjeH']
Bipolar Sunshine,0CjWKoS55T7DOt0HJuwF1H,DJ Snake,540vIaP2JwjQb9dm3aArA4,1,['4OZEu0Vwq0RB2LAq14v99n']
G-Eazy,02kJSzxNuaWGqwubyUba0Z,Bebe Rexha,64M6ah0SkkRsnPGtGiRAbb,1,['40YcuQysJ0KlGQTeGUosTC']
Emily Warren,1oKdM70mJD8VvDOTKeS8t1,FRENSHIP,7xEFii6utZmQ61kX59HmLH,1,['2XMTqoHHSH0lvuXrvIEdco']
DJ Snake,540vIaP2JwjQb9dm3aArA4,Major Lazer,738wLrAtLtCtFOLvQBXOXp,1,['4WjH9Bzt3kx7z8kl0awxh4']
MØ,0bdfiayQAKewqEvaU6rXCv,DJ Snake,540vIaP2JwjQb9dm3aArA4,1,['4WjH9Bzt3kx7z8kl0awxh4']
Pitbull,0TnOYISbd1XYRBk9myaseg,IAmChino,0b2GL7Y02vu50qieoQmw1w,1,['6stYbAJgTszHAHZMPxWWCY']
IAmChino,0b2GL7Y02vu50qieoQmw1w,Yandel,0eHQ9o50hj6ZDNBt6Ys1sD,1,['6stYbAJgTszHAHZMPxWWCY']
IAmChino,0b2GL7Y02vu50qieoQmw1w,El Chacal,1xFn1xod58AGaSZjrxdiXA,1,['6stYbAJgTszHAHZMPxWWCY']
Pitbull,0TnOYISbd1XYRBk9myaseg,Yandel,0eHQ9o50hj6ZDNBt6Ys1sD,1,['6stYbAJgTszHAHZMPxWWCY']
Pitbull,0TnOYISbd1XYRBk9myaseg,El Chacal,1xFn1xod58AGaSZjrxdiXA,1,['6stYbAJgTszHAHZMPxWWCY']
Yandel,0eHQ9o50hj6ZDNBt6Ys1sD,El Chacal,1xFn1xod58AGaSZjrxdiXA,1,['6stYbAJgTszHAHZMPxWWCY']
Daddy Yankee,4VMYDCV2IEDYJArk749S6m,Chino & Nacho,5NS0854TqZQVoRmJKSWtFZ,1,['5mey7CLLuFToM2P68Qu1gF']
The Weeknd,1Xyo4u8uXC1ZmMpatF05PJ,Kendrick Lamar,2YZyLoL8N0Wb9xBt1NhZWg,1,['4h90qkbnW1Qq6pBhoPvwko']
Kris Kross Amsterdam,4LcUpNlXFEleaLlelmkv2R,Cheat Codes,7DMveApC7UnC2NPfPvlHSU,1,['5DA77EqppDmCTWGovd4oTP']
Travis Scott,0Y5tJX1MQlPlqiwlOH1tJY,Young Thug,50co4Is1HCEo8bhOyUWKpn,1,['20dP2DaMHIAmwWAbp7peSr']
Skizzy Mars,00Z3UDoAQwzvGu13HoAM7J,Vice,0q4NrXqJnc367PieejuROJ,1,['40UroIGvsMPLPBYwH8rMNA']
Vice,0q4NrXqJnc367PieejuROJ,Jasmine Thompson,2TL8gYTNgD6nXkyuUdDrMg,1,['40UroIGvsMPLPBYwH8rMNA']
Skizzy Mars,00Z3UDoAQwzvGu13HoAM7J,Jasmine Thompson,2TL8gYTNgD6nXkyuUdDrMg,1,['40UroIGvsMPLPBYwH8rMNA']
The Chainsmokers,69GGBxA162lTqCwzJG5jLp,ROZES,6jsjhAEteAlY0vCiLvMLBA,1,['6O6M7pJLABmfBRoGZMu76Y']
Future,1RyvyyTE3xzB2ZywiAwp0i,Drake,3TVXtAsR1Inumwj472S9r4,2,"['27GmP9AWRs744SzKcpJsTZ', '78sr3ogs4UzITcCNbXM9cM']"
Flume,6nxWCVXbOlEVRexSbLsTer,kai,6xHUXzrfhFgnIv86EBR3Ml,1,['12REd1n8PeiHHWOh066tpr']
David Guetta,1Cs0zKBU1kc0i8ypK3B9ai,Sia,5WUlDfRSoLAfcVSX1WnrxN,1,['0lHAMNU8RGiIObScrsRgmP']
Hook N Sling,3iN9k8uvm4WrgdlOigOH8D,Galantis,4sTQVOfp9vEMCemLw50sbu,1,['2MHCiOohBZEQuLgDTPvSzF']
Macklemore,3JhNCzhSMTxs9WLGJJxWOY,Ryan Lewis,4myTppRgh0rojLxx8RycOp,1,['22skzmqfdWrjJylampe0kt']
Macklemore,3JhNCzhSMTxs9WLGJJxWOY,Macklemore & Ryan Lewis,6WLvgbfYXQPO396oJEYCsi,1,['22skzmqfdWrjJylampe0kt']
Macklemore,3JhNCzhSMTxs9WLGJJxWOY,Ray Dalton,4e0nWw2r4BoQSKPQ2zpU13,1,['22skzmqfdWrjJylampe0kt']
Ryan Lewis,4myTppRgh0rojLxx8RycOp,Macklemore & Ryan Lewis,6WLvgbfYXQPO396oJEYCsi,1,['22skzmqfdWrjJylampe0kt']
Ray Dalton,4e0nWw2r4BoQSKPQ2zpU13,Ryan Lewis,4myTppRgh0rojLxx8RycOp,1,['22skzmqfdWrjJylampe0kt']
Ray Dalton,4e0nWw2r4BoQSKPQ2zpU13,Macklemore & Ryan Lewis,6WLvgbfYXQPO396oJEYCsi,1,['22skzmqfdWrjJylampe0kt']
Maluma,1r4hJ1h58CWwUQe3MxPuau,Piso 21,4bw2Am3p9ji3mYsXNXtQcd,1,['5hEM0JchdVzQ5PwvSfITeX']
Hearts & Colors,3wjsrpfO6odEphTZWx45RQ,Andrelli,5M2y5A6d5QZjw9JeKClagC,1,['04CttTezSnv71USiiG9mIo']
KYLE,4qBgvVog0wzW75IQ48mU7v,Lil Yachty,6icQOAFXDZKsumw3YXyusw,1,['2EEeOnHehOozLq4aS0n6SL']
Nause,4PVn1b2WnnXdq80C7uaZLZ,Pretty Sister,4bvWFV51SAEocM22uiDOza,1,['2Ae5awwKvQpTBKQHr1TYCg']
Marvin Gaye,3koiLjNrgRTNbOwViDipeA,Tammi Terrell,75jNCko3SnEMI5gwGqrbb8,1,['7tqhbajSfrz2F7E1Z75ASX']
Future,1RyvyyTE3xzB2ZywiAwp0i,The Weeknd,1Xyo4u8uXC1ZmMpatF05PJ,2,"['3mRcWCyteY2133a7xVMrYw', '7EiZI6JVHllARrX9PUvAdX']"
Daddy Yankee,4VMYDCV2IEDYJArk749S6m,Charly Black,5sK8BsvyDl4TFA6KaBf8or,1,['1AkTW13ysu0AJrwuM6UY0I']
G-Eazy,02kJSzxNuaWGqwubyUba0Z,Marc E. Bassy,3tQx1LPXbsYjE9VwN1Peaa,2,"['1Bqxj0aH5KewYHKUg1IdrF', '4QdovcM8j50QPlyR7tH4xe']"
Maluma,1r4hJ1h58CWwUQe3MxPuau,Thalia,23wEWD21D4TPYiJugoXmYb,1,['1pWYnQIlqxTh5bxuPmTG4E']
Maluma,1r4hJ1h58CWwUQe3MxPuau,Trap Capos,2pQAUIesBqfT87PaM1ijtk,1,['0JoHqmlqE0W0i9prt6kcHR']
Maluma,1r4hJ1h58CWwUQe3MxPuau,Noriel,3RtNN1VnooWEn3KQk03DUL,1,['0JoHqmlqE0W0i9prt6kcHR']
Maluma,1r4hJ1h58CWwUQe3MxPuau,Bryant Myers,6w9ToX5slZ4uIdmD17hJ3c,1,['0JoHqmlqE0W0i9prt6kcHR']
Maluma,1r4hJ1h58CWwUQe3MxPuau,Juhn,2LmcxBak1alK1bf7d1beTr,1,['0JoHqmlqE0W0i9prt6kcHR']
Trap Capos,2pQAUIesBqfT87PaM1ijtk,Noriel,3RtNN1VnooWEn3KQk03DUL,1,['0JoHqmlqE0W0i9prt6kcHR']
Trap Capos,2pQAUIesBqfT87PaM1ijtk,Bryant Myers,6w9ToX5slZ4uIdmD17hJ3c,1,['0JoHqmlqE0W0i9prt6kcHR']
Juhn,2LmcxBak1alK1bf7d1beTr,Trap Capos,2pQAUIesBqfT87PaM1ijtk,1,['0JoHqmlqE0W0i9prt6kcHR']
Noriel,3RtNN1VnooWEn3KQk03DUL,Bryant Myers,6w9ToX5slZ4uIdmD17hJ3c,1,['0JoHqmlqE0W0i9prt6kcHR']
Juhn,2LmcxBak1alK1bf7d1beTr,Noriel,3RtNN1VnooWEn3KQk03DUL,1,['0JoHqmlqE0W0i9prt6kcHR']
Juhn,2LmcxBak1alK1bf7d1beTr,Bryant Myers,6w9ToX5slZ4uIdmD17hJ3c,1,['0JoHqmlqE0W0i9prt6kcHR']
Dante Klein,1b4DN8Vj0dnj5cceMFsRYN,Cheat Codes,7DMveApC7UnC2NPfPvlHSU,1,['0lmdsH1MIoLsMymnNpd6HU']
Bruno Mars,0du5cEVh5yTK9QJze8zA0C,Mark Ronson,3hv9jJF3adDNsBSIQDqcjp,1,['32OlwWuMpZ6b0aN2RZOeMS']
Gente De Zona,2cy1zPcrFcXAJTP0APWewL,Marc Anthony,4wLXwxDeWQ8mtUIRPxGiD6,1,['0OMRAvrtLWE2TvcXorRiB9']
Tove Lo,4NHQUGzhtTLFvgF5SZesLK,Flume,6nxWCVXbOlEVRexSbLsTer,1,['4sQMalN597HdggTu196aL0']
Ky-Mani Marley,1XTGADISSMRf8B4TcVGYUC,Farruko,329e4yvIujISKGKz1BZZbO,1,['1lxswgIpzV6HhENRvkflES']
David Guetta,1Cs0zKBU1kc0i8ypK3B9ai,Cedric Gervais,4Wjf8diP59VmPG7fi4y724,1,['4PdJSsESm34djLfBde9Pr2']
David Guetta,1Cs0zKBU1kc0i8ypK3B9ai,Chris Willis,2qSEpijpT3YSXgxcXac1ly,1,['4PdJSsESm34djLfBde9Pr2']
Chris Willis,2qSEpijpT3YSXgxcXac1ly,Cedric Gervais,4Wjf8diP59VmPG7fi4y724,1,['4PdJSsESm34djLfBde9Pr2']
Robin Schulz,3t5xRXzsuZmMDkQzgOX35S,Francesco Yates,5X1JzPIIonP3u9lA580pPT,1,['5tf1VVWniHgryyumXyJM7w']
Sean Paul,3Isy6kedDrgPYoTS1dazA9,Dua Lipa,6M2wZ9GZgrQXHCFfjv46we,1,['48QmG1dfvMuYLxMPt7KSRA']
Kygo,23fqKkggKUBHNkbKtXEls4,Maty Noyes,5JSXWmQO8csVUy6hSRu8TA,1,['2FiSTH0GYpIioUgjfzMIja']
Rick Ross,1sBkRIssrMs1AbVkOJbc7a,Skrillex,5he5w2lnU9x7JFhnwcekXX,1,['6JyuJFedEvPmdWQW0PkbGJ']
KREAM,0DdDnziut7wOo6cAYWVZC5,Clara Mae,6RHKEd9dpzQ4c09x8Zdaxu,1,['26hcyzSE154xMZCbFdtInA']
JAY-Z,3nFkdlSjzX9mRTtwJOzDYB,Kanye West,5K4W6rqBFWDnAN6FQUkS6x,1,['2KpCpk6HjXXLb7nnXoXA5O']
DVBBS,5X4LWwbUFNzPkEas04uU82,CMC$,78DWNk8gFHU30TGITAgbM7,1,['042x9bsUBWW2fJgJ6fUh61']
DVBBS,5X4LWwbUFNzPkEas04uU82,Gia Koka,71WExccCBN2mw0klSzfYzz,1,['042x9bsUBWW2fJgJ6fUh61']
Gia Koka,71WExccCBN2mw0klSzfYzz,CMC$,78DWNk8gFHU30TGITAgbM7,1,['042x9bsUBWW2fJgJ6fUh61']
A$AP Rocky,13ubrt8QOOCPljQ2FL1Kca,Mura Masa,5Q81rlcTFh3k6DQJXPdsot,1,['7Kq16WtEJzdRSNQgdXsn7Y']
Nate Dogg,1Oa0bMld0A3u5OTYfMzp5h,Eminem,7dGJo4pcD2V6oG8kP0tJRR,1,['4xkOaSrkexMciUUogZKVTS']
Flo Rida,0jnsk9HBra6NMjO2oANoPY,99 Percent,3hPPNy5OBzCU1icQO7Nrok,1,['6t2ubAB4iSYOuIpRAOGd4t']
USHER,23zg3TcAtWQy7J6upgbUnj,Chris Brown,7bXgB6jMjp9ATFy66eO08Z,1,['05Z7jet4VDNVgNQWcYHnrk']
Gucci Mane,13y7CgLHjMVRMDqxdx0Xdo,Chris Brown,7bXgB6jMjp9ATFy66eO08Z,1,['05Z7jet4VDNVgNQWcYHnrk']
Gucci Mane,13y7CgLHjMVRMDqxdx0Xdo,USHER,23zg3TcAtWQy7J6upgbUnj,1,['05Z7jet4VDNVgNQWcYHnrk']
MØ,0bdfiayQAKewqEvaU6rXCv,Snakehips,2FwJwEswyIUAljqgjNSHgP,1,['0Zx8khUcEfCFK2AEoIhC92']
Kanye West,5K4W6rqBFWDnAN6FQUkS6x,Tyga,5LHRHt1k9lMyONurDHEdrp,1,['2Cth0v1xri32oZ799rL3rl']
Rudimental,4WN5naL3ofxrVBgFpguzKo,Ed Sheeran,6eUKZXaKkcviH0Ku9w2n3V,1,['0vbbhcA6okLzvsy6WSTlLg']
Zion & Lennox,21451j1KhjAiaYKflxBjr1,Don Omar,33ScadVnbm2X8kkUqOkC6Z,1,['3BY2mafsbsoKGqS380Xnuz']
Jax Jones,4Q6nIcaBED8qUel8bBx6Cr,RAYE,5KKpBU5eC2tJDzf0wmlRp2,1,['00lNx0OcTJrS3MKHcB80HY']
Bright Sparks,1Dn88PoQjnQgLTOaokePFz,Tiësto,2o5jDhtHVPhrJdv3cEQ99Z,1,['4hiUYb2nb6NlfTP9CD38Pe']
Luis Fonsi,4V8Sr092TqfHkfAA5fXXqG,Daddy Yankee,4VMYDCV2IEDYJArk749S6m,2,"['1vnnXMrBeEWiRg3YCMCjQq', '4aWmUDTfIPGksMNLV2rQP2']"
Stanaj,3zrUX1hQrUB9aXcOiyQLmN,NOTD,5jAMCwdNHWr7JThxtMuEyy,1,['3SGWp9fJCzgK0WcpcKSQdy']
Emma Stone,68Uwx1d3EbjDJhYsLjqvIq,Ryan Gosling,6kXm2YCtdUOpRYNKeKhfue,1,['0LtVx5vsq9nfpGsWgjUin6']
Gucci Mane,13y7CgLHjMVRMDqxdx0Xdo,Drake,3TVXtAsR1Inumwj472S9r4,1,['5tFep7dXGd7vEJ668wTPux']
Quavo,0VRj0yCOv2FXJNP47XQnx5,Post Malone,246dkjvS1zLTtiykXe5h60,1,['3a1lNhkSLSkpJE4MSHpDu9']
Anuel AA,2R21vXR83lH98kGeO99Y66,Daddy Yankee,4VMYDCV2IEDYJArk749S6m,1,['5q2JbCNi4FcnglgPfxcV65']
Zion & Lennox,21451j1KhjAiaYKflxBjr1,Anuel AA,2R21vXR83lH98kGeO99Y66,1,['5q2JbCNi4FcnglgPfxcV65']
Anuel AA,2R21vXR83lH98kGeO99Y66,Farruko,329e4yvIujISKGKz1BZZbO,1,['5q2JbCNi4FcnglgPfxcV65']
Anuel AA,2R21vXR83lH98kGeO99Y66,Wisin,3E6xrwgnVfYCrCs0ePERDz,1,['5q2JbCNi4FcnglgPfxcV65']
Zion & Lennox,21451j1KhjAiaYKflxBjr1,Daddy Yankee,4VMYDCV2IEDYJArk749S6m,1,['5q2JbCNi4FcnglgPfxcV65']
Farruko,329e4yvIujISKGKz1BZZbO,Daddy Yankee,4VMYDCV2IEDYJArk749S6m,1,['5q2JbCNi4FcnglgPfxcV65']
Wisin,3E6xrwgnVfYCrCs0ePERDz,Daddy Yankee,4VMYDCV2IEDYJArk749S6m,1,['5q2JbCNi4FcnglgPfxcV65']
Zion & Lennox,21451j1KhjAiaYKflxBjr1,Farruko,329e4yvIujISKGKz1BZZbO,1,['5q2JbCNi4FcnglgPfxcV65']
Zion & Lennox,21451j1KhjAiaYKflxBjr1,Wisin,3E6xrwgnVfYCrCs0ePERDz,1,['5q2JbCNi4FcnglgPfxcV65']
Farruko,329e4yvIujISKGKz1BZZbO,Wisin,3E6xrwgnVfYCrCs0ePERDz,1,['5q2JbCNi4FcnglgPfxcV65']
PARTYNEXTDOOR,2HPaUgqeutzr3jx5a9WyDV,Drake,3TVXtAsR1Inumwj472S9r4,2,"['1wZqJM5FGDEl3FjHDxDyQd', '5JUu0unA8VwhTZ9LkMWUVI']"
PARTYNEXTDOOR,2HPaUgqeutzr3jx5a9WyDV,Major Lazer,738wLrAtLtCtFOLvQBXOXp,1,['0fg8CqpjdojMyXLNzM2PaJ']
Nicki Minaj,0hCNtLu0JehylgoiP8L4Gh,Major Lazer,738wLrAtLtCtFOLvQBXOXp,1,['0fg8CqpjdojMyXLNzM2PaJ']
Nicki Minaj,0hCNtLu0JehylgoiP8L4Gh,PARTYNEXTDOOR,2HPaUgqeutzr3jx5a9WyDV,1,['0fg8CqpjdojMyXLNzM2PaJ']
Martin Garrix,60d24wfXkVzDSfLS6hyCjZ,Dua Lipa,6M2wZ9GZgrQXHCFfjv46we,1,['3ebXMykcMXOcLeJ9xZ17XH']
Zara Larsson,1Xylc3o4UrD53lo9CvFvVg,Ty Dolla $ign,7c0XG5cIJTrrAgEC3ULPiq,1,['54LGxQGf5LPXNGjtzDZ5IE']
DJ Khaled,0QHgL1lAIqAw0HtD7YldmP,Migos,6oMuImdp5ZcFhWP0ESe6mG,2,"['2ClE3QfsNx9p0zjPKxmUYq', '4oLuMvGQ4WJfU2s4OM6nfE']"
Gucci Mane,13y7CgLHjMVRMDqxdx0Xdo,Migos,6oMuImdp5ZcFhWP0ESe6mG,2,"['1XRgIKC5TPwo7nWGyKqgG0', '6p8NuHm8uCGnn2Dtbtf7zE']"
Travis Scott,0Y5tJX1MQlPlqiwlOH1tJY,Migos,6oMuImdp5ZcFhWP0ESe6mG,1,['204U3zjm9kkzX25Pr4Rdld']
2 Chainz,17lzZA2AlOHwCwFALHttmp,Migos,6oMuImdp5ZcFhWP0ESe6mG,1,['4AlrLQ2RMxOwz1gTTkb4vQ']
Cosculluela,00me4Ke1LsvMxt5kydlMyU,Sebastian Yatra,07YUOmWljBTXwIseAUd9TW,1,['2webQDZmtGioeu3zUUi9We']
Sebastian Yatra,07YUOmWljBTXwIseAUd9TW,Cali Y El Dandee,5DUlefCLzVRzNWaNURTFpK,1,['2webQDZmtGioeu3zUUi9We']
Cosculluela,00me4Ke1LsvMxt5kydlMyU,Cali Y El Dandee,5DUlefCLzVRzNWaNURTFpK,1,['2webQDZmtGioeu3zUUi9We']
Callie Hernandez,13kKxNPnxPeeWQaAaZwvCP,Emma Stone,68Uwx1d3EbjDJhYsLjqvIq,1,['7xE4vKvjqUTtHyJ9zi0k1q']
Sonoya Mizuno,4FFGJ9ERSX06Sl8hD7GRVv,Emma Stone,68Uwx1d3EbjDJhYsLjqvIq,1,['7xE4vKvjqUTtHyJ9zi0k1q']
Jessica Rothe,21yiGQIpkiP8edfxDipQaW,Emma Stone,68Uwx1d3EbjDJhYsLjqvIq,1,['7xE4vKvjqUTtHyJ9zi0k1q']
Callie Hernandez,13kKxNPnxPeeWQaAaZwvCP,Sonoya Mizuno,4FFGJ9ERSX06Sl8hD7GRVv,1,['7xE4vKvjqUTtHyJ9zi0k1q']
Callie Hernandez,13kKxNPnxPeeWQaAaZwvCP,Jessica Rothe,21yiGQIpkiP8edfxDipQaW,1,['7xE4vKvjqUTtHyJ9zi0k1q']
Jessica Rothe,21yiGQIpkiP8edfxDipQaW,Sonoya Mizuno,4FFGJ9ERSX06Sl8hD7GRVv,1,['7xE4vKvjqUTtHyJ9zi0k1q']
PnB Rock,21WS9wngs9AqFckK7yYJPM,Kodak Black,46SHBwWsqBkxI7EeeBEQG7,1,['0BU7nIcCZxYSE0hYcc5oZz']
Bahari,0fs8oBR1rx7JIXZi75h7Uu,Grey,4lDBihdpMlOalxy1jkUbPl,1,['1sl5tSzfK1JrcQIcA8rYDy']
Thomas Gold,1XLjkBxFokuDTlHt0mQkRe,Jillian Edwards,6ctgu4FFlnNhMgrKiIzCxp,1,['5abwHwUhywLGNli5NDcEN7']
Big Sean,0c173mlxpT3dSFRgMO8XPh,Eminem,7dGJo4pcD2V6oG8kP0tJRR,1,['1MksGqIztTT6M9R1ErKVs8']
Big Sean,0c173mlxpT3dSFRgMO8XPh,Jeremih,3KV3p5EY4AvKxOlhGHORLg,1,['0URaKGzNTtzKRtsJN1RkA9']
Big Sean,0c173mlxpT3dSFRgMO8XPh,Migos,6oMuImdp5ZcFhWP0ESe6mG,1,['1r0faljjM2b876iNoaDUh5']
Big Sean,0c173mlxpT3dSFRgMO8XPh,TWENTY88,6g8AmloI8egfrr3dm3SnUL,1,['7yoe9vbbzakNAXwb1UaWLS']
The Flint Chozen Choir,09BrKhoBYOu5vHVkBZ5U5X,Big Sean,0c173mlxpT3dSFRgMO8XPh,1,['6zpXc7WJ3TqYWb02B6sKyF']
Big Sean,0c173mlxpT3dSFRgMO8XPh,Starrah,6DpWtzfwV8fcwP6fXckDVu,1,['6zpXc7WJ3TqYWb02B6sKyF']
The Flint Chozen Choir,09BrKhoBYOu5vHVkBZ5U5X,Starrah,6DpWtzfwV8fcwP6fXckDVu,1,['6zpXc7WJ3TqYWb02B6sKyF']
Big Sean,0c173mlxpT3dSFRgMO8XPh,The-Dream,1W3FSF1BLpY3hlVIgvenLz,1,['5VlstKgCJPHDIMCQO4jHcQ']
John Legend,5y2Xq6xcjJb2jVM54GHK3t,Ariana Grande,66CXWjxzNUsdJxJ2JdwvnR,1,['1KT0xdIjm7t053xByACrrg']
Ozuna,1i8SpTcr7yvPOmcqrbnVXY,Daddy Yankee,4VMYDCV2IEDYJArk749S6m,2,"['4XCQtUoRSh22Ep18ULmDnT', '4okba5wu9mMLXx79DXLKi3']"
Skip Marley,4ryoUS0W8qXokfMxrlJt6O,Katy Perry,6jJ0s89eD6GaHleKKya26X,1,['6520aj0B4FSKGVuKNsOCOi']
Axwell /\ Ingrosso,2XnBwblw31dfGnspMIwgWz,Kid Ink,6KZDXtSj0SzGOV705nNeh3,1,['4gZOWIMzQnn8H2ENrs7UsW']
Nicki Minaj,0hCNtLu0JehylgoiP8L4Gh,Nick Jonas,4Rxn7Im3LGfyRkY2FlHhWi,1,['4nDfc6F2uVcc6wdG7kBzWO']
Galantis,4sTQVOfp9vEMCemLw50sbu,Ed Sheeran,6eUKZXaKkcviH0Ku9w2n3V,1,['5H7CwzYZ60e7w69tX4ivQN']
Burak Yeter,4ON1ruy5ijE7ZPQthbrkgI,Danelle Sandoval,7Dz9goFmVZZqvJxZoKg7pF,1,['7abpmGpF7PGep2rDU68GBR']
Chance the Rapper,1anyVhU62p31KFi8MEzkbf,Justin Bieber,1uNFoZAHBGtllmzznpCI3s,2,"['3DXncPQOG4VBw3QHh3S817', '3eze1OsZ1rqeXkKStNfTmi']"
Chance the Rapper,1anyVhU62p31KFi8MEzkbf,Towkio,23sYU61n9f1CzYi8NJhAXS,1,['3eze1OsZ1rqeXkKStNfTmi']
Justin Bieber,1uNFoZAHBGtllmzznpCI3s,Towkio,23sYU61n9f1CzYi8NJhAXS,1,['3eze1OsZ1rqeXkKStNfTmi']
Chance the Rapper,1anyVhU62p31KFi8MEzkbf,Kanye West,5K4W6rqBFWDnAN6FQUkS6x,1,['3ZLyt2ndLFBh148XRYjYYZ']
Chance the Rapper,1anyVhU62p31KFi8MEzkbf,Chicago Children's Choir,6e64nPdtxyICfh90RJukpg,1,['3ZLyt2ndLFBh148XRYjYYZ']
Kanye West,5K4W6rqBFWDnAN6FQUkS6x,Chicago Children's Choir,6e64nPdtxyICfh90RJukpg,1,['3ZLyt2ndLFBh148XRYjYYZ']
Joakim Lundell,0XNvr6bnNywV946ZKaJtr0,Arrhult,6sge2FzdYxWSjWc5sBjmoy,1,['6vBgJ1SLmpB4VMcEVy1ovL']
Mikky Ekko,1buzCmyYZE4kcdLRudsb8V,Rihanna,5pKCCKE2ajJHZ9KAiaK11H,1,['789CxjEOtO76BVD1A9yJQH']
Maroon 5,04gDigrS5kc9YWfZHwBETP,Future,1RyvyyTE3xzB2ZywiAwp0i,1,['5NNlUMcOEOdoOIwwaWXv0k']
DJ Khaled,0QHgL1lAIqAw0HtD7YldmP,Beyoncé,6vWDO969PvNqNYHIOW5v0m,1,['3OoZagIW3YK8vjt0ws6NOI']
DJ Khaled,0QHgL1lAIqAw0HtD7YldmP,JAY-Z,3nFkdlSjzX9mRTtwJOzDYB,1,['3OoZagIW3YK8vjt0ws6NOI']
JAY-Z,3nFkdlSjzX9mRTtwJOzDYB,Beyoncé,6vWDO969PvNqNYHIOW5v0m,2,"['0TwBtDAWpkpM3srywFVOV5', '3OoZagIW3YK8vjt0ws6NOI']"
Selena Gomez,0C8ZW7ezQVs4URX5aX7Kqx,Kygo,23fqKkggKUBHNkbKtXEls4,1,['3eR23VReFzcdmS7TYCrhCe']
Kiiara,4u5smJBskI6Adzv08PuiUP,Linkin Park,6XyY86QOPPrYVGvF9ch6wz,1,['104buTcnP2AsxqB7U1FIZ4']
The Weeknd,1Xyo4u8uXC1ZmMpatF05PJ,NAV,7rkW85dBwwrJtlHRDkJDAC,1,['7zxRMhXxJMQCeDDg0rKAVo']
Cashmere Cat,2LZDXcxJWgsJfKXZv9a5eG,Camila Cabello,4nDoRrQiYLoBzwC5BhVJzF,1,['43hDboyy6vJ6z2Jx5sHnCF']
Coldplay,4gzpq5DPGxSnKTe4SA8HAU,The Chainsmokers,69GGBxA162lTqCwzJG5jLp,2,"['5ffwnb6hqsKZp8cG6q90OW', '6RUKPb4LETWmmr3iAEQktW']"
Frank Ocean,2h93pZq0e7k5yf4dywlkpM,Calvin Harris,7CajNmpbOovFoOoasH2HaY,1,['7tr2za8SQg2CI8EDgrdtNl']
Migos,6oMuImdp5ZcFhWP0ESe6mG,Calvin Harris,7CajNmpbOovFoOoasH2HaY,1,['7tr2za8SQg2CI8EDgrdtNl']
Funk Wav,4A0TivfinfALCAMJqqjZIk,Calvin Harris,7CajNmpbOovFoOoasH2HaY,11,"['08Wc3X7XNSyF8WYBPt2L8E', '0P6AWOA4LG1XOctzaVu5tt', '0Ws8D3EWUDgY962Xftb0h5', '0lMbuWUpfTWhEmOKxppEau', '0pJPdSVti6cTM1Q6xYGmcf', '4KaIJ1FWXUoAAnOts1YWjD', '5bcTCxgc7xVfSaMV3RuVke', '60APt5N2NRaKWf5xzJdzyC', '6KdmNK9MogmGcnO3wNZHhp', '7iDxZ5Cd0Yg08d4fI5WVtG', '7tr2za8SQg2CI8EDgrdtNl']"
Frank Ocean,2h93pZq0e7k5yf4dywlkpM,Migos,6oMuImdp5ZcFhWP0ESe6mG,1,['7tr2za8SQg2CI8EDgrdtNl']
Frank Ocean,2h93pZq0e7k5yf4dywlkpM,Funk Wav,4A0TivfinfALCAMJqqjZIk,1,['7tr2za8SQg2CI8EDgrdtNl']
Funk Wav,4A0TivfinfALCAMJqqjZIk,Migos,6oMuImdp5ZcFhWP0ESe6mG,1,['7tr2za8SQg2CI8EDgrdtNl']
Zedd,2qxJFvFYMEDqd7ui6kSAcq,Alessia Cara,2wUjUUtkb5lvLKcGKsKqsR,1,['0I20rLT2MJDhcF96AjbNYo']
Future,1RyvyyTE3xzB2ZywiAwp0i,Rihanna,5pKCCKE2ajJHZ9KAiaK11H,1,['2Ce5IyMlVRVvN997ZJjJJA']
Jason Derulo,07YZf4WDAMNwqr4jfgOZ8y,Nicki Minaj,0hCNtLu0JehylgoiP8L4Gh,1,['6kex4EBAj0WHXDKZMEJaaF']
Jason Derulo,07YZf4WDAMNwqr4jfgOZ8y,Ty Dolla $ign,7c0XG5cIJTrrAgEC3ULPiq,1,['6kex4EBAj0WHXDKZMEJaaF']
Nicki Minaj,0hCNtLu0JehylgoiP8L4Gh,Ty Dolla $ign,7c0XG5cIJTrrAgEC3ULPiq,1,['6kex4EBAj0WHXDKZMEJaaF']
Descemer Bueno,5luyt0SUvGkDMY4ILP6Qhl,Enrique Iglesias,7qG3b048QCHVRO5Pv1T5lw,1,['7nKBxz47S9SD79N086fuhn']
Zion & Lennox,21451j1KhjAiaYKflxBjr1,Enrique Iglesias,7qG3b048QCHVRO5Pv1T5lw,1,['7nKBxz47S9SD79N086fuhn']
Zion & Lennox,21451j1KhjAiaYKflxBjr1,Descemer Bueno,5luyt0SUvGkDMY4ILP6Qhl,1,['7nKBxz47S9SD79N086fuhn']
Nyla,4VZY0nxYMSNotbS7WjNVQy,Ed Sheeran,6eUKZXaKkcviH0Ku9w2n3V,1,['1KqvRRQd3lfM0pAlkGPrgD']
Kranium,1LKo6ZA3RNvKtLa6zDu32S,Ed Sheeran,6eUKZXaKkcviH0Ku9w2n3V,1,['1KqvRRQd3lfM0pAlkGPrgD']
Ed Sheeran,6eUKZXaKkcviH0Ku9w2n3V,Major Lazer,738wLrAtLtCtFOLvQBXOXp,1,['1KqvRRQd3lfM0pAlkGPrgD']
Kranium,1LKo6ZA3RNvKtLa6zDu32S,Nyla,4VZY0nxYMSNotbS7WjNVQy,1,['1KqvRRQd3lfM0pAlkGPrgD']
Kranium,1LKo6ZA3RNvKtLa6zDu32S,Major Lazer,738wLrAtLtCtFOLvQBXOXp,1,['1KqvRRQd3lfM0pAlkGPrgD']
Cali Y El Dandee,5DUlefCLzVRzNWaNURTFpK,Shaggy,5EvFsr3kj42KNv97ZEnqij,1,['6VHdcVbiKLYYOcMbIqBcuK']
Stormzy,2SrSdSvpminqmStGELCSNd,Ed Sheeran,6eUKZXaKkcviH0Ku9w2n3V,1,['2NHSYwGkAvPHzCinY0KwXo']
Future,1RyvyyTE3xzB2ZywiAwp0i,Ariana Grande,66CXWjxzNUsdJxJ2JdwvnR,1,['3FiE2d325mIOc4YjkSLVJR']
Morat,5C4PDR4LnhZTbVnKWXuDKD,Alejandro Fernández,6sq1yF0OZEWA4xoXVKW1L9,1,['5vZfgeDfNhlkKeJqjzSAmg']
Hot Shade,3GtCKJA4SkOxN65MWjm82R,Mike Perry,6lB8vOoI4DRrrVxXwuV19c,1,['1XRTXNP8eLpWXfso8Q4dC5']
Gryffin,2ZRQcIgzPCVaT9XKhXZIzh,ILLENIUM,45eNHdiiabvmbp4erw26rg,1,['0NyOeqzqjVM9j7IuWp2oJ6']
Gryffin,2ZRQcIgzPCVaT9XKhXZIzh,Daya,6Dd3NScHWwnW6obMFbl1BH,1,['0NyOeqzqjVM9j7IuWp2oJ6']
ILLENIUM,45eNHdiiabvmbp4erw26rg,Daya,6Dd3NScHWwnW6obMFbl1BH,1,['0NyOeqzqjVM9j7IuWp2oJ6']
Sebastian Yatra,07YUOmWljBTXwIseAUd9TW,Nacho,2ayNSoKPCRAfjp6hQ76hRu,1,['5i50gKdLAjjIr7UxRT5IVy']
Sebastian Yatra,07YUOmWljBTXwIseAUd9TW,Wisin,3E6xrwgnVfYCrCs0ePERDz,1,['5i50gKdLAjjIr7UxRT5IVy']
Nacho,2ayNSoKPCRAfjp6hQ76hRu,Wisin,3E6xrwgnVfYCrCs0ePERDz,1,['5i50gKdLAjjIr7UxRT5IVy']
Nicki Minaj,0hCNtLu0JehylgoiP8L4Gh,Drake,3TVXtAsR1Inumwj472S9r4,1,['7KcGEssn7BnJdTgildK5y0']
Nicki Minaj,0hCNtLu0JehylgoiP8L4Gh,Lil Wayne,55Aa2cqylxrFIXC767Z865,2,"['3vgNmjuRDnGLxUFGCLkwpm', '7KcGEssn7BnJdTgildK5y0']"
Drake,3TVXtAsR1Inumwj472S9r4,Lil Wayne,55Aa2cqylxrFIXC767Z865,1,['7KcGEssn7BnJdTgildK5y0']
P!nk,1KCSPY1glIKqW2TotWuXOR,Stargate,7KUri7klyLaIFXLcuuOMCd,1,['7pYFPMeK0TnaTGdS6qOtEr']
Sia,5WUlDfRSoLAfcVSX1WnrxN,Stargate,7KUri7klyLaIFXLcuuOMCd,1,['7pYFPMeK0TnaTGdS6qOtEr']
P!nk,1KCSPY1glIKqW2TotWuXOR,Sia,5WUlDfRSoLAfcVSX1WnrxN,1,['7pYFPMeK0TnaTGdS6qOtEr']
Pitbull,0TnOYISbd1XYRBk9myaseg,J Balvin,1vyhD5VmyZ7KMfW5gqLgo5,1,['2Vdub5mY4lad7w64bFPUez']
Pitbull,0TnOYISbd1XYRBk9myaseg,Camila Cabello,4nDoRrQiYLoBzwC5BhVJzF,1,['2Vdub5mY4lad7w64bFPUez']
J Balvin,1vyhD5VmyZ7KMfW5gqLgo5,Camila Cabello,4nDoRrQiYLoBzwC5BhVJzF,1,['2Vdub5mY4lad7w64bFPUez']
Chance the Rapper,1anyVhU62p31KFi8MEzkbf,Knox Fortune,49O0SPoCoTiK2Nn2tOaHyU,1,['60xaS8mYBKUW4VQQ666N0T']
Zara Larsson,1Xylc3o4UrD53lo9CvFvVg,Clean Bandit,6MDME20pz9RveH9rEXvrOM,1,['1x5sYLZiu9r5E43kMlt9f8']
Hailee Steinfeld,5p7f24Rk5HkUZsaS3BLG5F,mgk,6TIYQ3jFPwQSRmorSezPxX,1,['77lGafvlU68CeHgB2pkHC9']
G-Eazy,02kJSzxNuaWGqwubyUba0Z,Kehlani,0cGUm45nv7Z6M6qdXYQGTX,1,['1Eck97uRMlprKOOJN9oO1E']
Zara Larsson,1Xylc3o4UrD53lo9CvFvVg,MNEK,7uMh23xWiuR7zsNkuNcm2G,1,['6hmhG1b4LEyNuashVvuIAo']
Quavo,0VRj0yCOv2FXJNP47XQnx5,Drake,3TVXtAsR1Inumwj472S9r4,1,['2bjwRfXMk4uRgOD9IBYl9h']
Travis Scott,0Y5tJX1MQlPlqiwlOH1tJY,Drake,3TVXtAsR1Inumwj472S9r4,1,['2bjwRfXMk4uRgOD9IBYl9h']
Quavo,0VRj0yCOv2FXJNP47XQnx5,Travis Scott,0Y5tJX1MQlPlqiwlOH1tJY,15,"['11cCVYamncF0ezwjj1irQ0', '2bjwRfXMk4uRgOD9IBYl9h', '2hIFuoXhzcZGvmdtSE35lc', '3Ytr1SUCUi6J3L9dRFx5iH', '4RgoqOBE34Q6zZj8K7RUAx', '4vwfOiyWxXeEdx4ejAJgdx', '5vuiHi3QYbwcm1OKJOYnrf', '628Ueb4sRiXApObhcU9iPU', '6urLjX35oXXRYtcH1b3dCh', '7CWiWkccuRRdrmaW6AjVEf', '7J6bnDDitOwfelaJNixHhL', '7JGyxh8G8QZnu4AMJuCqlj', '7bTH8LgGSwyNNE4r1k95Zp', '7foypmc7KZyU716Yv63BPe', '7g7raxdQpiLZT7aOlib4S1']"
Giggs,3S0tlB4fE7ChxI2pWz8Xip,Drake,3TVXtAsR1Inumwj472S9r4,2,"['2jTujnt0y344ai1rNOywgr', '6CfrYuD3YRDYdYvH9jNtXY']"
Drake,3TVXtAsR1Inumwj472S9r4,Black Coffee,6wMr4zKPrrR0UVz08WtUWc,1,['7y6c07pgjZvtHI9kuMVqk1']
Jorja Smith,1CoZyIx7UvdxT5c8UkMzHd,Drake,3TVXtAsR1Inumwj472S9r4,1,['7y6c07pgjZvtHI9kuMVqk1']
Jorja Smith,1CoZyIx7UvdxT5c8UkMzHd,Black Coffee,6wMr4zKPrrR0UVz08WtUWc,1,['7y6c07pgjZvtHI9kuMVqk1']
2 Chainz,17lzZA2AlOHwCwFALHttmp,Drake,3TVXtAsR1Inumwj472S9r4,1,['0xl1w2q4VLojeXp4JfazPL']
Drake,3TVXtAsR1Inumwj472S9r4,Young Thug,50co4Is1HCEo8bhOyUWKpn,2,"['0xl1w2q4VLojeXp4JfazPL', '7bJ4mu7MHa3rHiNyKjOoSl']"
2 Chainz,17lzZA2AlOHwCwFALHttmp,Young Thug,50co4Is1HCEo8bhOyUWKpn,2,"['0xl1w2q4VLojeXp4JfazPL', '5PfTI3zrQbZEWcQdycMqJM']"
Sampha,2WoVwexZuODvclzULjPQtm,Drake,3TVXtAsR1Inumwj472S9r4,1,['2fkeWbM6iqTw7oGHTYm2lw']
Drake,3TVXtAsR1Inumwj472S9r4,Kanye West,5K4W6rqBFWDnAN6FQUkS6x,1,['28irpKCCK9nn9DZSik2zEx']
PARTYNEXTDOOR,2HPaUgqeutzr3jx5a9WyDV,ZAYN,5ZsFI1h6hIdQRw2ti0hz81,1,['000xQL6tZNLJzIrtIgxqSl']
David Guetta,1Cs0zKBU1kc0i8ypK3B9ai,Lil Wayne,55Aa2cqylxrFIXC767Z865,1,['3vgNmjuRDnGLxUFGCLkwpm']
Nicki Minaj,0hCNtLu0JehylgoiP8L4Gh,David Guetta,1Cs0zKBU1kc0i8ypK3B9ai,1,['3vgNmjuRDnGLxUFGCLkwpm']
Gorillaz,3AA28KZvwAUcZuOKwyblJQ,DRAM,5M0lbkGluOPXLeFjApw8r8,1,['2C0KFbb4v9CNWR5c9jWcKC']
Gorillaz,3AA28KZvwAUcZuOKwyblJQ,Vince Staples,68kEuyFKyqrdQQLLsmiatm,1,['2bBMODHVTXGwE2aZYfbgCt']
Gorillaz,3AA28KZvwAUcZuOKwyblJQ,Popcaan,62DmErcU7dqZbJaDqwsqzR,1,['7l9CE3wmEGOUYw1j4ETjnL']
Jehnny Beth,2WOMBqEsllg2ICn7D2L8ta,Gorillaz,3AA28KZvwAUcZuOKwyblJQ,1,['7hQ0ojbeqicGhw0wdUVeaN']
Shakira,0EmeFodog0BfCgMzAIvKQp,Prince Royce,3MHaV05u0io8fQbZ2XPtlC,1,['46HdsiK0uR26B2dY9QPzda']
Young Thug,50co4Is1HCEo8bhOyUWKpn,Calvin Harris,7CajNmpbOovFoOoasH2HaY,1,['60APt5N2NRaKWf5xzJdzyC']
Pharrell Williams,2RdwBSPQiwcmiDo9kixcl8,Calvin Harris,7CajNmpbOovFoOoasH2HaY,2,"['5bcTCxgc7xVfSaMV3RuVke', '60APt5N2NRaKWf5xzJdzyC']"
Ariana Grande,66CXWjxzNUsdJxJ2JdwvnR,Calvin Harris,7CajNmpbOovFoOoasH2HaY,1,['60APt5N2NRaKWf5xzJdzyC']
Pharrell Williams,2RdwBSPQiwcmiDo9kixcl8,Young Thug,50co4Is1HCEo8bhOyUWKpn,1,['60APt5N2NRaKWf5xzJdzyC']
Young Thug,50co4Is1HCEo8bhOyUWKpn,Ariana Grande,66CXWjxzNUsdJxJ2JdwvnR,1,['60APt5N2NRaKWf5xzJdzyC']
Funk Wav,4A0TivfinfALCAMJqqjZIk,Young Thug,50co4Is1HCEo8bhOyUWKpn,1,['60APt5N2NRaKWf5xzJdzyC']
Pharrell Williams,2RdwBSPQiwcmiDo9kixcl8,Ariana Grande,66CXWjxzNUsdJxJ2JdwvnR,1,['60APt5N2NRaKWf5xzJdzyC']
Pharrell Williams,2RdwBSPQiwcmiDo9kixcl8,Funk Wav,4A0TivfinfALCAMJqqjZIk,2,"['5bcTCxgc7xVfSaMV3RuVke', '60APt5N2NRaKWf5xzJdzyC']"
Funk Wav,4A0TivfinfALCAMJqqjZIk,Ariana Grande,66CXWjxzNUsdJxJ2JdwvnR,1,['60APt5N2NRaKWf5xzJdzyC']
Demi Lovato,6S2OmqARrzebs0tKUEyXyp,Cheat Codes,7DMveApC7UnC2NPfPvlHSU,1,['1louJpMmzEicAn7lzDalPW']
Maggie Lindemann,0uGk2czvcpWQA383Im6ajf,Cheat Codes,7DMveApC7UnC2NPfPvlHSU,1,['1NDxZ7cFAo481dtYWdrUnR']
CADE,0CEK8AzyeD5ZUdUloB6yQV,Maggie Lindemann,0uGk2czvcpWQA383Im6ajf,1,['1NDxZ7cFAo481dtYWdrUnR']
CADE,0CEK8AzyeD5ZUdUloB6yQV,Cheat Codes,7DMveApC7UnC2NPfPvlHSU,1,['1NDxZ7cFAo481dtYWdrUnR']
Ozuna,1i8SpTcr7yvPOmcqrbnVXY,Wisin,3E6xrwgnVfYCrCs0ePERDz,1,['1KSqYYJFyfTecXFk9M0prc']
Vice,0q4NrXqJnc367PieejuROJ,Jon Bellion,50JJSqHUf2RQ9xsHs0KMHg,1,['5pvVAwQbuFoR7LkcicrKnk']
Emily Warren,1oKdM70mJD8VvDOTKeS8t1,The Chainsmokers,69GGBxA162lTqCwzJG5jLp,2,"['1pJQAHpD51J7GYaFrrFO9S', '6V9kwssTrwkKT72imgowj9']"
The Chainsmokers,69GGBxA162lTqCwzJG5jLp,Louane,7wjeXCtRND2ZdKfMJFu6JC,1,['5xhJmd0I15jFcEdqxfCzKk']
Jhené Aiko,5ZS223C6JyBfXasXxrRqOk,The Chainsmokers,69GGBxA162lTqCwzJG5jLp,1,['0dj1CtyRxZ4bnIT4Q20jNT']
Florida Georgia Line,3b8QkneNDz4JHKKKlLgYZg,The Chainsmokers,69GGBxA162lTqCwzJG5jLp,1,['6GeD5g9vZTz25Egf8kxoIY']
Mavis Staples,0cTSCsVx04SSht9V6cpKN0,Gorillaz,3AA28KZvwAUcZuOKwyblJQ,1,['44PelqgstAM0lb8rHPKfHq']
Pusha T,0ONHkAv9pCAFxb0zJwDNTy,Gorillaz,3AA28KZvwAUcZuOKwyblJQ,1,['44PelqgstAM0lb8rHPKfHq']
Pusha T,0ONHkAv9pCAFxb0zJwDNTy,Mavis Staples,0cTSCsVx04SSht9V6cpKN0,1,['44PelqgstAM0lb8rHPKfHq']
Joey Bada$$,2P5sC9cVZDToPxyomzF1UH,ScHoolboy Q,5IcR3N7QB1j6KBL8eImZ8m,1,['31mqc7EKPsJf3pe6H5jEfC']
Chris Jedi,0qTZZWLzuD59Un5r1speHm,J Balvin,1vyhD5VmyZ7KMfW5gqLgo5,1,['22eADXu8DfOAUEDw4vU8qy']
Chris Jedi,0qTZZWLzuD59Un5r1speHm,Ozuna,1i8SpTcr7yvPOmcqrbnVXY,2,"['22eADXu8DfOAUEDw4vU8qy', '4XCQtUoRSh22Ep18ULmDnT']"
Chris Jedi,0qTZZWLzuD59Un5r1speHm,Arcángel,4SsVbpTthjScTS7U2hmr1X,1,['22eADXu8DfOAUEDw4vU8qy']
Ozuna,1i8SpTcr7yvPOmcqrbnVXY,J Balvin,1vyhD5VmyZ7KMfW5gqLgo5,2,"['0MIcPSq9n2z5H8TAfEstri', '22eADXu8DfOAUEDw4vU8qy']"
J Balvin,1vyhD5VmyZ7KMfW5gqLgo5,Arcángel,4SsVbpTthjScTS7U2hmr1X,1,['22eADXu8DfOAUEDw4vU8qy']
Ozuna,1i8SpTcr7yvPOmcqrbnVXY,Arcángel,4SsVbpTthjScTS7U2hmr1X,1,['22eADXu8DfOAUEDw4vU8qy']
Swae Lee,1zNqQNIdeOUZHb8zbZRFMX,French Montana,6vXTefBL93Dj5IqAWq6OTv,1,['3B54sVLJ402zGa6Xm4YGNe']
Bebe Rexha,64M6ah0SkkRsnPGtGiRAbb,Ty Dolla $ign,7c0XG5cIJTrrAgEC3ULPiq,1,['4ZJPwET9Jrgpkqi4Vo3Yg8']
A Boogie Wit da Hoodie,31W5EY0aAly4Qieq6OFu6I,Kodak Black,46SHBwWsqBkxI7EeeBEQG7,2,"['1f5cbQtDrykjarZVrShaDI', '5gx2E5aIXMRBellPZW1up5']"
Kendrick Lamar,2YZyLoL8N0Wb9xBt1NhZWg,Rihanna,5pKCCKE2ajJHZ9KAiaK11H,1,['6SwRhMLwNqEi6alNPVG00n']
Kendrick Lamar,2YZyLoL8N0Wb9xBt1NhZWg,U2,51Blml2LZPmy7TTiAg47vQ,1,['4iYRa2btalAzPZoSYfROqF']
Kendrick Lamar,2YZyLoL8N0Wb9xBt1NhZWg,Zacari,3qBKjEOanahMxlRojwCzhI,1,['6PGoSes0D9eUDeeAafB2As']
Nicki Minaj,0hCNtLu0JehylgoiP8L4Gh,DNCE,6T5tfhQCknKG4UnH90qGnz,1,['2YMyVYNLmFDD0KGtNkkgFa']
Damian Lemar Hudson,4L1YBxxAxQx0HG8lgPcFcJ,Logic,4xRYI6VqpkE3UwrDrAZL8L,1,['7BKUWh5sdtdS17crohRe4L']
Kendrick Lamar,2YZyLoL8N0Wb9xBt1NhZWg,MC Eiht,4XqfpACObRB5AsBcUYjL8X,1,['439TlnnznSiBbQbgXiBqAd']
Pusha T,0ONHkAv9pCAFxb0zJwDNTy,Linkin Park,6XyY86QOPPrYVGvF9ch6wz,1,['650OeHTLxZAQmb4aEbGmaA']
Stormzy,2SrSdSvpminqmStGELCSNd,Linkin Park,6XyY86QOPPrYVGvF9ch6wz,1,['650OeHTLxZAQmb4aEbGmaA']
Pusha T,0ONHkAv9pCAFxb0zJwDNTy,Stormzy,2SrSdSvpminqmStGELCSNd,1,['650OeHTLxZAQmb4aEbGmaA']
Lil Yachty,6icQOAFXDZKsumw3YXyusw,Migos,6oMuImdp5ZcFhWP0ESe6mG,1,['5hx4FpDZOnDVYlyoG3rMks']
Justin Bieber,1uNFoZAHBGtllmzznpCI3s,Luis Fonsi,4V8Sr092TqfHkfAA5fXXqG,1,['1vnnXMrBeEWiRg3YCMCjQq']
Justin Bieber,1uNFoZAHBGtllmzznpCI3s,Daddy Yankee,4VMYDCV2IEDYJArk749S6m,1,['1vnnXMrBeEWiRg3YCMCjQq']
Wiz Khalifa,137W8MRPWKqSmrBGDBFSop,Young Thug,50co4Is1HCEo8bhOyUWKpn,1,['5PfTI3zrQbZEWcQdycMqJM']
PnB Rock,21WS9wngs9AqFckK7yYJPM,Young Thug,50co4Is1HCEo8bhOyUWKpn,1,['5PfTI3zrQbZEWcQdycMqJM']
Wiz Khalifa,137W8MRPWKqSmrBGDBFSop,2 Chainz,17lzZA2AlOHwCwFALHttmp,1,['5PfTI3zrQbZEWcQdycMqJM']
2 Chainz,17lzZA2AlOHwCwFALHttmp,PnB Rock,21WS9wngs9AqFckK7yYJPM,1,['5PfTI3zrQbZEWcQdycMqJM']
Wiz Khalifa,137W8MRPWKqSmrBGDBFSop,PnB Rock,21WS9wngs9AqFckK7yYJPM,1,['5PfTI3zrQbZEWcQdycMqJM']
Lana Del Rey,00FQb4jTyendYWaN8pK0wa,The Weeknd,1Xyo4u8uXC1ZmMpatF05PJ,1,['4L7Y2OAPiY2I2GndZjAs5K']
Miguel,360IAlyVv4PCEVjgyMZrxK,Dua Lipa,6M2wZ9GZgrQXHCFfjv46we,1,['2OWKDTonST8HNko3dBlPPp']
Yandel,0eHQ9o50hj6ZDNBt6Ys1sD,CNCO,0eecdvMrqBftK0M1VKhaF4,1,['209gZgcfLq2aUuu51vOWBl']
Lil Uzi Vert,4O15NlyKLIASxsJ0PrXPfz,Playboi Carti,699OTQXzgjhIYAHMy9RyPD,1,['59J5nzL1KniFHnU120dQzt']
Felix Snow,1qskAseW7apRxJBpYAO9Yk,Kiiara,4u5smJBskI6Adzv08PuiUP,1,['3QWjljChcOMkRDYSzF33Qr']
DJ Khaled,0QHgL1lAIqAw0HtD7YldmP,Justin Bieber,1uNFoZAHBGtllmzznpCI3s,1,['3DXncPQOG4VBw3QHh3S817']
DJ Khaled,0QHgL1lAIqAw0HtD7YldmP,Quavo,0VRj0yCOv2FXJNP47XQnx5,1,['3DXncPQOG4VBw3QHh3S817']
DJ Khaled,0QHgL1lAIqAw0HtD7YldmP,Chance the Rapper,1anyVhU62p31KFi8MEzkbf,2,"['3DXncPQOG4VBw3QHh3S817', '6DxqrwlrHERRkUw9yXIGjd']"
DJ Khaled,0QHgL1lAIqAw0HtD7YldmP,Lil Wayne,55Aa2cqylxrFIXC767Z865,1,['3DXncPQOG4VBw3QHh3S817']
Quavo,0VRj0yCOv2FXJNP47XQnx5,Justin Bieber,1uNFoZAHBGtllmzznpCI3s,1,['3DXncPQOG4VBw3QHh3S817']
Justin Bieber,1uNFoZAHBGtllmzznpCI3s,Lil Wayne,55Aa2cqylxrFIXC767Z865,1,['3DXncPQOG4VBw3QHh3S817']
Quavo,0VRj0yCOv2FXJNP47XQnx5,Chance the Rapper,1anyVhU62p31KFi8MEzkbf,1,['3DXncPQOG4VBw3QHh3S817']
Quavo,0VRj0yCOv2FXJNP47XQnx5,Lil Wayne,55Aa2cqylxrFIXC767Z865,1,['3DXncPQOG4VBw3QHh3S817']
Ellie Goulding,0X2BH1fck6amBIoJhDVmmJ,Kygo,23fqKkggKUBHNkbKtXEls4,1,['2Gl0FzuLxflY6nPifJp5Dr']
Katy Perry,6jJ0s89eD6GaHleKKya26X,Migos,6oMuImdp5ZcFhWP0ESe6mG,1,['61WbtB6ujkpNAsAf5LjF4b']
Alessia Cara,2wUjUUtkb5lvLKcGKsKqsR,Logic,4xRYI6VqpkE3UwrDrAZL8L,1,['5tz69p7tJuGPeMGwNTxYuV']
Logic,4xRYI6VqpkE3UwrDrAZL8L,Khalid,6LuN9FCkKOj5PcnpouEgny,1,['5tz69p7tJuGPeMGwNTxYuV']
Alessia Cara,2wUjUUtkb5lvLKcGKsKqsR,Khalid,6LuN9FCkKOj5PcnpouEgny,1,['5tz69p7tJuGPeMGwNTxYuV']
Gorillaz,3AA28KZvwAUcZuOKwyblJQ,Danny Brown,7aA592KWirLsnfb5ulGWvU,1,['2W4yTO3qHdqyvbz2UxfIPh']
Kelela,1U0sIzpRtDkvu1hXXzxh60,Gorillaz,3AA28KZvwAUcZuOKwyblJQ,1,['2W4yTO3qHdqyvbz2UxfIPh']
Kelela,1U0sIzpRtDkvu1hXXzxh60,Danny Brown,7aA592KWirLsnfb5ulGWvU,1,['2W4yTO3qHdqyvbz2UxfIPh']
Peven Everett,0v2oB2xMS64U3lcU5DFuCY,Gorillaz,3AA28KZvwAUcZuOKwyblJQ,1,['6XGddj522FQRHXEhBtjiJu']
De La Soul,1Z8ODXyhEBi3WynYw0Rya6,Gorillaz,3AA28KZvwAUcZuOKwyblJQ,1,['2RCp9QBnFSxdKe8RD4xF8s']
Kelvin Mercer,0Qpk1IGiZeB6rRhfK4FVDT,Gorillaz,3AA28KZvwAUcZuOKwyblJQ,1,['2RCp9QBnFSxdKe8RD4xF8s']
Kelvin Mercer,0Qpk1IGiZeB6rRhfK4FVDT,De La Soul,1Z8ODXyhEBi3WynYw0Rya6,1,['2RCp9QBnFSxdKe8RD4xF8s']
Cashmere Cat,2LZDXcxJWgsJfKXZv9a5eG,Ariana Grande,66CXWjxzNUsdJxJ2JdwvnR,1,['4Q5yMlwAfAoitqg4r9oZHN']
Grace Jones,2f9ZiYA2ic1r1voObUimdd,Gorillaz,3AA28KZvwAUcZuOKwyblJQ,1,['2CJ6CRzuRQd46asE1ucuVD']
Gorillaz,3AA28KZvwAUcZuOKwyblJQ,Rag'n'Bone Man,4f9iBmdUOhQWeP7dcAn1pf,1,['67fRHOlaYQQFG67D9DkdnW']
Gorillaz,3AA28KZvwAUcZuOKwyblJQ,Zebra Katz,5Tz4zMiRWqiQVAymWZz99a,1,['67fRHOlaYQQFG67D9DkdnW']
RAY BLK,0CkbPVBpOwwz9NPPglFKyq,Gorillaz,3AA28KZvwAUcZuOKwyblJQ,1,['67fRHOlaYQQFG67D9DkdnW']
Rag'n'Bone Man,4f9iBmdUOhQWeP7dcAn1pf,Zebra Katz,5Tz4zMiRWqiQVAymWZz99a,1,['67fRHOlaYQQFG67D9DkdnW']
RAY BLK,0CkbPVBpOwwz9NPPglFKyq,Rag'n'Bone Man,4f9iBmdUOhQWeP7dcAn1pf,1,['67fRHOlaYQQFG67D9DkdnW']
RAY BLK,0CkbPVBpOwwz9NPPglFKyq,Zebra Katz,5Tz4zMiRWqiQVAymWZz99a,1,['67fRHOlaYQQFG67D9DkdnW']
Martin Jensen,4ehtJnVumNf6xzSCDk8aLB,The Vamps,7gAppWoH7pcYmphCVTXkzs,1,['7yCm5uEZcQ6uzt9E5Py6IR']
Anthony Hamilton,2DzRMyWgjuMbYvt5BLbpCo,Gorillaz,3AA28KZvwAUcZuOKwyblJQ,1,['5KurnDXzOeIYOMQceYidu7']
Kali Uchis,1U1el3k54VvEUzo3ybLPlM,Gorillaz,3AA28KZvwAUcZuOKwyblJQ,1,['3lIxtCaROdRDuTnNBDm3n2']
Nicky Jam,1SupJlEpv7RS2tPNRaHViT,Wisin,3E6xrwgnVfYCrCs0ePERDz,1,['4yN6xPLopmTLvc27pO9LIE']
Little Mix,3e7awlrlDSwF3iM0WBjGMp,mgk,6TIYQ3jFPwQSRmorSezPxX,1,['5ZnJsoJGkQ5K15W7Rcr5JO']
Logic,4xRYI6VqpkE3UwrDrAZL8L,Black Thought,6DJEUXZm0e2rAohdoZ5Voo,1,['77mLzdHEWRB60CLlV02TV2']
Chuck D,1JfH8gevkDviqs50A5NO0L,Logic,4xRYI6VqpkE3UwrDrAZL8L,1,['77mLzdHEWRB60CLlV02TV2']
Logic,4xRYI6VqpkE3UwrDrAZL8L,Big Lenbo,5G1ozOoTwFiVTKjYMj1HAJ,1,['77mLzdHEWRB60CLlV02TV2']
No ID,4TNLCgKNImRbj2bb7g52wH,Logic,4xRYI6VqpkE3UwrDrAZL8L,1,['77mLzdHEWRB60CLlV02TV2']
Chuck D,1JfH8gevkDviqs50A5NO0L,Black Thought,6DJEUXZm0e2rAohdoZ5Voo,1,['77mLzdHEWRB60CLlV02TV2']
Big Lenbo,5G1ozOoTwFiVTKjYMj1HAJ,Black Thought,6DJEUXZm0e2rAohdoZ5Voo,1,['77mLzdHEWRB60CLlV02TV2']
No ID,4TNLCgKNImRbj2bb7g52wH,Black Thought,6DJEUXZm0e2rAohdoZ5Voo,1,['77mLzdHEWRB60CLlV02TV2']
Chuck D,1JfH8gevkDviqs50A5NO0L,Big Lenbo,5G1ozOoTwFiVTKjYMj1HAJ,1,['77mLzdHEWRB60CLlV02TV2']
Chuck D,1JfH8gevkDviqs50A5NO0L,No ID,4TNLCgKNImRbj2bb7g52wH,1,['77mLzdHEWRB60CLlV02TV2']
No ID,4TNLCgKNImRbj2bb7g52wH,Big Lenbo,5G1ozOoTwFiVTKjYMj1HAJ,1,['77mLzdHEWRB60CLlV02TV2']
Logic,4xRYI6VqpkE3UwrDrAZL8L,Ansel Elgort,59mjRp0i1B8oWSSMmGWJlJ,1,['6OQea06z3cbOqYgG2O6eOZ']
Killer Mike,2N4EYkIlG1kv25g6Wv8LGI,Logic,4xRYI6VqpkE3UwrDrAZL8L,1,['58kwvMXeOlsvzPqUlyj75Y']
Logic,4xRYI6VqpkE3UwrDrAZL8L,Juicy J,5gCRApTajqwbnHHPbr2Fpi,1,['732btJLGu7gYNHHNdzshrG']
Neil deGrasse Tyson,1v3r802Az10JtIzSPawWzw,Logic,4xRYI6VqpkE3UwrDrAZL8L,1,['76ZrqdtkKxhMl42xAQTnFm']
Lucy Rose,2uvY5pgdD9t1CZ5zMNw1rl,Logic,4xRYI6VqpkE3UwrDrAZL8L,1,['6CvTbrBxxc5jFwqsivhpxh']
Jonas Blue,1HBjj22wzbscIZ9sEb5dyf,William Singe,5exS0bytCYdixgv02DaCm3,1,['0NiXXAI876aGImAd6rTj8w']
Future,1RyvyyTE3xzB2ZywiAwp0i,Calvin Harris,7CajNmpbOovFoOoasH2HaY,1,['0lMbuWUpfTWhEmOKxppEau']
Khalid,6LuN9FCkKOj5PcnpouEgny,Calvin Harris,7CajNmpbOovFoOoasH2HaY,1,['0lMbuWUpfTWhEmOKxppEau']
Future,1RyvyyTE3xzB2ZywiAwp0i,Khalid,6LuN9FCkKOj5PcnpouEgny,1,['0lMbuWUpfTWhEmOKxppEau']
Future,1RyvyyTE3xzB2ZywiAwp0i,Funk Wav,4A0TivfinfALCAMJqqjZIk,1,['0lMbuWUpfTWhEmOKxppEau']
Funk Wav,4A0TivfinfALCAMJqqjZIk,Khalid,6LuN9FCkKOj5PcnpouEgny,1,['0lMbuWUpfTWhEmOKxppEau']
Hight,34SBu2kvAUh84umN8Pi0iI,Felix Jaehn,4bL2B6hmLlMWnUEZnorEtG,1,['1sBhJGPUKrdRycgKxve70v']
Felix Jaehn,4bL2B6hmLlMWnUEZnorEtG,Alex Aiono,5KPJMJR9PCfMWSfco8i4W4,1,['1sBhJGPUKrdRycgKxve70v']
Hight,34SBu2kvAUh84umN8Pi0iI,Alex Aiono,5KPJMJR9PCfMWSfco8i4W4,1,['1sBhJGPUKrdRycgKxve70v']
Quavo,0VRj0yCOv2FXJNP47XQnx5,Liam Payne,5pUo3fmmHT8bhCyHE52hA6,2,"['4Ro98RCK90oHqqSZUnTFq5', '6EpRaXYhGOB3fj4V2uDkMJ']"
Nicki Minaj,0hCNtLu0JehylgoiP8L4Gh,Katy Perry,6jJ0s89eD6GaHleKKya26X,1,['2kVHAQKVtczchKctctzbtK']
Iggy Azalea,5yG7ZAZafVaAlMTeBybKAL,Anitta,7FNnA9vBm6EKceENgCGRMb,1,['02LZ1fGJE8fB56yTlCVMEV']
Robin Schulz,3t5xRXzsuZmMDkQzgOX35S,James Blunt,7KMqksf0UMdyA0UCf4R3ux,1,['3bWAqKDWg6u1davspr5IkS']
Gavin James,25tMQOrIU4LlUo6Sv8v5SE,Alan Walker,7vk5e3vY1uw9plTHJAMwjN,1,['3b5Li4QKDVBx1x7fQuu54a']
Lil Wayne,55Aa2cqylxrFIXC767Z865,Bebe Rexha,64M6ah0SkkRsnPGtGiRAbb,1,['6Pw3Gvw4wNMZfTYZa6IQal']
Future,1RyvyyTE3xzB2ZywiAwp0i,Kendrick Lamar,2YZyLoL8N0Wb9xBt1NhZWg,1,['6dVZCbi9CYtD9LjAHXRjIG']
Vanessa Hudgens,6G9bygHlCyPgNGxK2l3YdE,Shawn Hook,7blkMNJv8n9ceP9zlA4W2U,1,['4gqMQftUs22F8pOGVn5Acr']
Troye Sivan,3WGpXCj9YhhfX11TToZcXP,Martin Garrix,60d24wfXkVzDSfLS6hyCjZ,1,['6jA8HL9i4QGzsj6fjoxp8Y']
Halsey,26VFTg2z8YR0cCuwLzESi2,Lauren Jauregui,3J0BpFVUc9LeOIVeN5uNhU,1,['11EDhDAVDtGPoSar6ootYA']
Anne-Marie,1zNqDE7qDGCsyzJwohVaoX,Nick Jonas,4Rxn7Im3LGfyRkY2FlHhWi,1,['42NpUvd0I2kdIuMXX4nobE']
Mike Posner,2KsP6tYLJlTBvSUxnwlVWa,Nick Jonas,4Rxn7Im3LGfyRkY2FlHhWi,1,['42NpUvd0I2kdIuMXX4nobE']
Anne-Marie,1zNqDE7qDGCsyzJwohVaoX,Mike Posner,2KsP6tYLJlTBvSUxnwlVWa,1,['42NpUvd0I2kdIuMXX4nobE']
MIMI,4GCwfakdZdo3KkBNtzU5vn,NEIKED,5H6xmHXjsq98NLbEjuE29f,1,['08QmhAybC6VHeG8gah84qA']
Martin Solveig,1bj5GrcLom5gZFF5t949Xl,Ina Wroldsen,7hssUdpvtY5oiARaUDgFZ3,1,['6O85MfGECKBqAK2MgSbCaj']
Gucci Mane,13y7CgLHjMVRMDqxdx0Xdo,Offset,4DdkRBBYG6Yk9Ka8tdJ9BW,1,['2XaInsPPUkZRkY4uFJ3AHK']
Boef,0Jsk5iYMr5aNjHury7blm1,Lil Kleine,3AlRiyjMywTVNzTcHbf9QT,1,['1X8py2jInjgIQ9Y9roDQZC']
Travis Scott,0Y5tJX1MQlPlqiwlOH1tJY,2 Chainz,17lzZA2AlOHwCwFALHttmp,1,['1nX9KhK3Fff27SnrIor2Yb']
Travis Scott,0Y5tJX1MQlPlqiwlOH1tJY,Major Lazer,738wLrAtLtCtFOLvQBXOXp,1,['3Ytr1SUCUi6J3L9dRFx5iH']
Camila Cabello,4nDoRrQiYLoBzwC5BhVJzF,Major Lazer,738wLrAtLtCtFOLvQBXOXp,1,['3Ytr1SUCUi6J3L9dRFx5iH']
Quavo,0VRj0yCOv2FXJNP47XQnx5,Major Lazer,738wLrAtLtCtFOLvQBXOXp,1,['3Ytr1SUCUi6J3L9dRFx5iH']
Travis Scott,0Y5tJX1MQlPlqiwlOH1tJY,Camila Cabello,4nDoRrQiYLoBzwC5BhVJzF,1,['3Ytr1SUCUi6J3L9dRFx5iH']
Quavo,0VRj0yCOv2FXJNP47XQnx5,Camila Cabello,4nDoRrQiYLoBzwC5BhVJzF,2,"['3Ytr1SUCUi6J3L9dRFx5iH', '4xBjsLUSjcx2h7PcRikpQp']"
Gucci Mane,13y7CgLHjMVRMDqxdx0Xdo,Fifth Harmony,1l8Fu6IkuTP0U5QetQJ5Xt,1,['20H2Hd5AkUcRjB4yL3UQtJ']
Major Lazer,738wLrAtLtCtFOLvQBXOXp,Anitta,7FNnA9vBm6EKceENgCGRMb,1,['3ibRxEv4KkcU9e259eyNJA']
Pabllo Vittar,6tzRZ39aZlNqlUzQlkuhDV,Major Lazer,738wLrAtLtCtFOLvQBXOXp,1,['3ibRxEv4KkcU9e259eyNJA']
Pabllo Vittar,6tzRZ39aZlNqlUzQlkuhDV,Anitta,7FNnA9vBm6EKceENgCGRMb,1,['3ibRxEv4KkcU9e259eyNJA']
J Balvin,1vyhD5VmyZ7KMfW5gqLgo5,Bad Bunny,4q3ewBCX7sLwd24euuV69X,2,"['0RFFFGtPn6a58RHY3ccVYX', '5hcisvFMidkMJlElTO9Qmw']"
DJ Khaled,0QHgL1lAIqAw0HtD7YldmP,Drake,3TVXtAsR1Inumwj472S9r4,1,['2of5xn0GU0TdFneR1saRLH']
J Balvin,1vyhD5VmyZ7KMfW5gqLgo5,Jowell & Randy,4IMAo2UQchVFyPH24PAjUs,1,['693iqPOQvhI7PobtR8CC8v']
David Guetta,1Cs0zKBU1kc0i8ypK3B9ai,Justin Bieber,1uNFoZAHBGtllmzznpCI3s,1,['3A7qX2QjDlPnazUsRk5y0M']
Travis Scott,0Y5tJX1MQlPlqiwlOH1tJY,SZA,7tYKF4w9nC0nq9CsPZTHyP,1,['0q75NwOoFiARAVp4EXU4Bs']
Sigala,1IueXOQyABrMOprrzwQJWN,Ella Eyre,66TrUkUZ3RM29dqeDQRgyA,1,['3kGfazcbVvVkuZunzlLgTD']
Katy Perry,6jJ0s89eD6GaHleKKya26X,Calvin Harris,7CajNmpbOovFoOoasH2HaY,1,['5bcTCxgc7xVfSaMV3RuVke']
Big Sean,0c173mlxpT3dSFRgMO8XPh,Calvin Harris,7CajNmpbOovFoOoasH2HaY,1,['5bcTCxgc7xVfSaMV3RuVke']
Pharrell Williams,2RdwBSPQiwcmiDo9kixcl8,Katy Perry,6jJ0s89eD6GaHleKKya26X,1,['5bcTCxgc7xVfSaMV3RuVke']
Big Sean,0c173mlxpT3dSFRgMO8XPh,Pharrell Williams,2RdwBSPQiwcmiDo9kixcl8,1,['5bcTCxgc7xVfSaMV3RuVke']
Big Sean,0c173mlxpT3dSFRgMO8XPh,Katy Perry,6jJ0s89eD6GaHleKKya26X,1,['5bcTCxgc7xVfSaMV3RuVke']
Funk Wav,4A0TivfinfALCAMJqqjZIk,Katy Perry,6jJ0s89eD6GaHleKKya26X,1,['5bcTCxgc7xVfSaMV3RuVke']
Big Sean,0c173mlxpT3dSFRgMO8XPh,Funk Wav,4A0TivfinfALCAMJqqjZIk,1,['5bcTCxgc7xVfSaMV3RuVke']
DJ Khaled,0QHgL1lAIqAw0HtD7YldmP,Rihanna,5pKCCKE2ajJHZ9KAiaK11H,1,['1OAh8uOEOvTDqkKFsKksCi']
DJ Khaled,0QHgL1lAIqAw0HtD7YldmP,Bryson Tiller,2EMAnMvWE2eb56ToJVfCWs,1,['1OAh8uOEOvTDqkKFsKksCi']
Bryson Tiller,2EMAnMvWE2eb56ToJVfCWs,Rihanna,5pKCCKE2ajJHZ9KAiaK11H,1,['1OAh8uOEOvTDqkKFsKksCi']
Jax Jones,4Q6nIcaBED8qUel8bBx6Cr,Demi Lovato,6S2OmqARrzebs0tKUEyXyp,1,['2ytH5wDuqhgLTiDVYioteq']
Stefflon Don,2ExGrw6XpbtUAJHTLtUXUD,Jax Jones,4Q6nIcaBED8qUel8bBx6Cr,1,['2ytH5wDuqhgLTiDVYioteq']
Stefflon Don,2ExGrw6XpbtUAJHTLtUXUD,Demi Lovato,6S2OmqARrzebs0tKUEyXyp,1,['2ytH5wDuqhgLTiDVYioteq']
2 Chainz,17lzZA2AlOHwCwFALHttmp,Ty Dolla $ign,7c0XG5cIJTrrAgEC3ULPiq,1,['6H0AwSQ20mo62jGlPGB8S6']
2 Chainz,17lzZA2AlOHwCwFALHttmp,Trey Songz,2iojnBLj0qIMiKPvVhLnsH,1,['6H0AwSQ20mo62jGlPGB8S6']
2 Chainz,17lzZA2AlOHwCwFALHttmp,Jhené Aiko,5ZS223C6JyBfXasXxrRqOk,1,['6H0AwSQ20mo62jGlPGB8S6']
Trey Songz,2iojnBLj0qIMiKPvVhLnsH,Ty Dolla $ign,7c0XG5cIJTrrAgEC3ULPiq,1,['6H0AwSQ20mo62jGlPGB8S6']
Jhené Aiko,5ZS223C6JyBfXasXxrRqOk,Ty Dolla $ign,7c0XG5cIJTrrAgEC3ULPiq,1,['6H0AwSQ20mo62jGlPGB8S6']
Trey Songz,2iojnBLj0qIMiKPvVhLnsH,Jhené Aiko,5ZS223C6JyBfXasXxrRqOk,1,['6H0AwSQ20mo62jGlPGB8S6']
Macklemore,3JhNCzhSMTxs9WLGJJxWOY,Skylar Grey,4utLUGcTvOJFr6aqIJtYWV,1,['0CokSRCu5hZgPxcZBaEzVE']
Stormzy,2SrSdSvpminqmStGELCSNd,Little Mix,3e7awlrlDSwF3iM0WBjGMp,1,['4BJ5T8ZZZ3UrPG7k0OVQrp']
Gucci Mane,13y7CgLHjMVRMDqxdx0Xdo,2 Chainz,17lzZA2AlOHwCwFALHttmp,2,"['39pS70eeDvyCAF3t8NAlVV', '5smaUuzvwMXtiuBPvzVBLE']"
Quavo,0VRj0yCOv2FXJNP47XQnx5,2 Chainz,17lzZA2AlOHwCwFALHttmp,1,['39pS70eeDvyCAF3t8NAlVV']
Quavo,0VRj0yCOv2FXJNP47XQnx5,Gucci Mane,13y7CgLHjMVRMDqxdx0Xdo,1,['39pS70eeDvyCAF3t8NAlVV']
Future,1RyvyyTE3xzB2ZywiAwp0i,Young Thug,50co4Is1HCEo8bhOyUWKpn,7,"['06Gyf2pFDVmN5K8XAawG96', '1wWRtPIKD7ZNvtsrzLyTev', '25oOaleife6E2MIKmFkPvg', '2XdgSB4TtzUHQYCMfSHbFI', '4W598w0KcHVG5Nwqk0qMpj', '5b06JZjts6dgyyuY1m7roq', '7r6LNJT2LqpLpEyZQJPygt']"
DJ Khaled,0QHgL1lAIqAw0HtD7YldmP,Calvin Harris,7CajNmpbOovFoOoasH2HaY,1,['4vv1KjUzPwrtDbozizSfQc']
DJ Khaled,0QHgL1lAIqAw0HtD7YldmP,Travis Scott,0Y5tJX1MQlPlqiwlOH1tJY,4,"['4vv1KjUzPwrtDbozizSfQc', '56uTIyBsxLQIYgF765A2aM', '6CwTHNCzgkq41m11iPpzsf', '7lxZbmtC6SkUc2yXBgDOdO']"
DJ Khaled,0QHgL1lAIqAw0HtD7YldmP,Jeremih,3KV3p5EY4AvKxOlhGHORLg,1,['4vv1KjUzPwrtDbozizSfQc']
Travis Scott,0Y5tJX1MQlPlqiwlOH1tJY,Calvin Harris,7CajNmpbOovFoOoasH2HaY,2,"['4KaIJ1FWXUoAAnOts1YWjD', '4vv1KjUzPwrtDbozizSfQc']"
Jeremih,3KV3p5EY4AvKxOlhGHORLg,Calvin Harris,7CajNmpbOovFoOoasH2HaY,1,['4vv1KjUzPwrtDbozizSfQc']
Travis Scott,0Y5tJX1MQlPlqiwlOH1tJY,Jeremih,3KV3p5EY4AvKxOlhGHORLg,1,['4vv1KjUzPwrtDbozizSfQc']
DJ Khaled,0QHgL1lAIqAw0HtD7YldmP,Rick Ross,1sBkRIssrMs1AbVkOJbc7a,2,"['6CwTHNCzgkq41m11iPpzsf', '7lxZbmtC6SkUc2yXBgDOdO']"
DJ Khaled,0QHgL1lAIqAw0HtD7YldmP,Big Sean,0c173mlxpT3dSFRgMO8XPh,1,['7lxZbmtC6SkUc2yXBgDOdO']
Travis Scott,0Y5tJX1MQlPlqiwlOH1tJY,Rick Ross,1sBkRIssrMs1AbVkOJbc7a,2,"['6CwTHNCzgkq41m11iPpzsf', '7lxZbmtC6SkUc2yXBgDOdO']"
Travis Scott,0Y5tJX1MQlPlqiwlOH1tJY,Big Sean,0c173mlxpT3dSFRgMO8XPh,2,"['3wAI7MIQtTgwcRmwchPZBc', '7lxZbmtC6SkUc2yXBgDOdO']"
Big Sean,0c173mlxpT3dSFRgMO8XPh,Rick Ross,1sBkRIssrMs1AbVkOJbc7a,1,['7lxZbmtC6SkUc2yXBgDOdO']
DJ Khaled,0QHgL1lAIqAw0HtD7YldmP,Future,1RyvyyTE3xzB2ZywiAwp0i,3,"['2ClE3QfsNx9p0zjPKxmUYq', '2G60ShHRZZhqxSKbZTWdOh', '6CwTHNCzgkq41m11iPpzsf']"
DJ Khaled,0QHgL1lAIqAw0HtD7YldmP,21 Savage,1URnnhqYAYcrqrcwql10ft,1,['2ClE3QfsNx9p0zjPKxmUYq']
DJ Khaled,0QHgL1lAIqAw0HtD7YldmP,T.I.,4OBJLual30L7gRl5UkeRcT,1,['2ClE3QfsNx9p0zjPKxmUYq']
Future,1RyvyyTE3xzB2ZywiAwp0i,Migos,6oMuImdp5ZcFhWP0ESe6mG,1,['2ClE3QfsNx9p0zjPKxmUYq']
Future,1RyvyyTE3xzB2ZywiAwp0i,T.I.,4OBJLual30L7gRl5UkeRcT,1,['2ClE3QfsNx9p0zjPKxmUYq']
21 Savage,1URnnhqYAYcrqrcwql10ft,Migos,6oMuImdp5ZcFhWP0ESe6mG,1,['2ClE3QfsNx9p0zjPKxmUYq']
T.I.,4OBJLual30L7gRl5UkeRcT,Migos,6oMuImdp5ZcFhWP0ESe6mG,1,['2ClE3QfsNx9p0zjPKxmUYq']
21 Savage,1URnnhqYAYcrqrcwql10ft,T.I.,4OBJLual30L7gRl5UkeRcT,1,['2ClE3QfsNx9p0zjPKxmUYq']
DJ Khaled,0QHgL1lAIqAw0HtD7YldmP,Nas,20qISvAhX20dpIbOOzGK3q,1,['56uTIyBsxLQIYgF765A2aM']
Travis Scott,0Y5tJX1MQlPlqiwlOH1tJY,Nas,20qISvAhX20dpIbOOzGK3q,1,['56uTIyBsxLQIYgF765A2aM']
DJ Khaled,0QHgL1lAIqAw0HtD7YldmP,Nicki Minaj,0hCNtLu0JehylgoiP8L4Gh,1,['2G60ShHRZZhqxSKbZTWdOh']
Nicki Minaj,0hCNtLu0JehylgoiP8L4Gh,Future,1RyvyyTE3xzB2ZywiAwp0i,2,"['2G60ShHRZZhqxSKbZTWdOh', '4AFgK4wP1iD5i8BYaLr9Vf']"
DJ Khaled,0QHgL1lAIqAw0HtD7YldmP,PARTYNEXTDOOR,2HPaUgqeutzr3jx5a9WyDV,1,['6CwTHNCzgkq41m11iPpzsf']
DJ Khaled,0QHgL1lAIqAw0HtD7YldmP,Kodak Black,46SHBwWsqBkxI7EeeBEQG7,1,['6CwTHNCzgkq41m11iPpzsf']
Future,1RyvyyTE3xzB2ZywiAwp0i,PARTYNEXTDOOR,2HPaUgqeutzr3jx5a9WyDV,1,['6CwTHNCzgkq41m11iPpzsf']
Travis Scott,0Y5tJX1MQlPlqiwlOH1tJY,PARTYNEXTDOOR,2HPaUgqeutzr3jx5a9WyDV,1,['6CwTHNCzgkq41m11iPpzsf']
Rick Ross,1sBkRIssrMs1AbVkOJbc7a,PARTYNEXTDOOR,2HPaUgqeutzr3jx5a9WyDV,1,['6CwTHNCzgkq41m11iPpzsf']
PARTYNEXTDOOR,2HPaUgqeutzr3jx5a9WyDV,Kodak Black,46SHBwWsqBkxI7EeeBEQG7,1,['6CwTHNCzgkq41m11iPpzsf']
Travis Scott,0Y5tJX1MQlPlqiwlOH1tJY,Future,1RyvyyTE3xzB2ZywiAwp0i,1,['6CwTHNCzgkq41m11iPpzsf']
Future,1RyvyyTE3xzB2ZywiAwp0i,Rick Ross,1sBkRIssrMs1AbVkOJbc7a,1,['6CwTHNCzgkq41m11iPpzsf']
Future,1RyvyyTE3xzB2ZywiAwp0i,Kodak Black,46SHBwWsqBkxI7EeeBEQG7,1,['6CwTHNCzgkq41m11iPpzsf']
Travis Scott,0Y5tJX1MQlPlqiwlOH1tJY,Kodak Black,46SHBwWsqBkxI7EeeBEQG7,1,['6CwTHNCzgkq41m11iPpzsf']
Rick Ross,1sBkRIssrMs1AbVkOJbc7a,Kodak Black,46SHBwWsqBkxI7EeeBEQG7,1,['6CwTHNCzgkq41m11iPpzsf']
Metro Boomin,0iEtIxbK0KxaSlF7G42ZOp,Offset,4DdkRBBYG6Yk9Ka8tdJ9BW,9,"['0tdCy39PgWN8LFWu34ORn3', '304CtPEPYQS6hbM4CubVti', '3oxCefEI6Tc6Z6t20J4IvH', '5u6vkDnOyaf8LsteDAj2ub', '6HR1z11h0ROUlWP4Kx8Z7G', '6m6Oy3F6GG0zRwH03rWmTv', '7LAhKXDNWwq3CmnFP3UIOP', '7sO5G9EABYOXQKNPNiE9NR', '7vg47qMIEdLfNdTE3WLf0T']"
Metro Boomin,0iEtIxbK0KxaSlF7G42ZOp,Drake,3TVXtAsR1Inumwj472S9r4,1,['304CtPEPYQS6hbM4CubVti']
Drake,3TVXtAsR1Inumwj472S9r4,Offset,4DdkRBBYG6Yk9Ka8tdJ9BW,1,['304CtPEPYQS6hbM4CubVti']
J Balvin,1vyhD5VmyZ7KMfW5gqLgo5,Willy William,4RSyJzf7ef6Iu2rnLdabNq,2,"['7COfe3P7KgfwDwIRB8LIDw', '7fwXWKdDNI5IutOMc5OKYw']"
ScHoolboy Q,5IcR3N7QB1j6KBL8eImZ8m,Calvin Harris,7CajNmpbOovFoOoasH2HaY,1,['0Ws8D3EWUDgY962Xftb0h5']
PARTYNEXTDOOR,2HPaUgqeutzr3jx5a9WyDV,Calvin Harris,7CajNmpbOovFoOoasH2HaY,1,['0Ws8D3EWUDgY962Xftb0h5']
DRAM,5M0lbkGluOPXLeFjApw8r8,Calvin Harris,7CajNmpbOovFoOoasH2HaY,1,['0Ws8D3EWUDgY962Xftb0h5']
PARTYNEXTDOOR,2HPaUgqeutzr3jx5a9WyDV,ScHoolboy Q,5IcR3N7QB1j6KBL8eImZ8m,1,['0Ws8D3EWUDgY962Xftb0h5']
ScHoolboy Q,5IcR3N7QB1j6KBL8eImZ8m,DRAM,5M0lbkGluOPXLeFjApw8r8,1,['0Ws8D3EWUDgY962Xftb0h5']
Funk Wav,4A0TivfinfALCAMJqqjZIk,ScHoolboy Q,5IcR3N7QB1j6KBL8eImZ8m,1,['0Ws8D3EWUDgY962Xftb0h5']
PARTYNEXTDOOR,2HPaUgqeutzr3jx5a9WyDV,DRAM,5M0lbkGluOPXLeFjApw8r8,1,['0Ws8D3EWUDgY962Xftb0h5']
PARTYNEXTDOOR,2HPaUgqeutzr3jx5a9WyDV,Funk Wav,4A0TivfinfALCAMJqqjZIk,1,['0Ws8D3EWUDgY962Xftb0h5']
Funk Wav,4A0TivfinfALCAMJqqjZIk,DRAM,5M0lbkGluOPXLeFjApw8r8,1,['0Ws8D3EWUDgY962Xftb0h5']
A-Trak,3TaUSUXn41GixL7zbvrIDt,Calvin Harris,7CajNmpbOovFoOoasH2HaY,1,['4KaIJ1FWXUoAAnOts1YWjD']
Travis Scott,0Y5tJX1MQlPlqiwlOH1tJY,A-Trak,3TaUSUXn41GixL7zbvrIDt,1,['4KaIJ1FWXUoAAnOts1YWjD']
Travis Scott,0Y5tJX1MQlPlqiwlOH1tJY,Funk Wav,4A0TivfinfALCAMJqqjZIk,1,['4KaIJ1FWXUoAAnOts1YWjD']
A-Trak,3TaUSUXn41GixL7zbvrIDt,Funk Wav,4A0TivfinfALCAMJqqjZIk,1,['4KaIJ1FWXUoAAnOts1YWjD']
Nicki Minaj,0hCNtLu0JehylgoiP8L4Gh,Calvin Harris,7CajNmpbOovFoOoasH2HaY,1,['7iDxZ5Cd0Yg08d4fI5WVtG']
Nicki Minaj,0hCNtLu0JehylgoiP8L4Gh,Funk Wav,4A0TivfinfALCAMJqqjZIk,1,['7iDxZ5Cd0Yg08d4fI5WVtG']
Kehlani,0cGUm45nv7Z6M6qdXYQGTX,Calvin Harris,7CajNmpbOovFoOoasH2HaY,1,['0pJPdSVti6cTM1Q6xYGmcf']
Lil Yachty,6icQOAFXDZKsumw3YXyusw,Calvin Harris,7CajNmpbOovFoOoasH2HaY,1,['0pJPdSVti6cTM1Q6xYGmcf']
Kehlani,0cGUm45nv7Z6M6qdXYQGTX,Lil Yachty,6icQOAFXDZKsumw3YXyusw,1,['0pJPdSVti6cTM1Q6xYGmcf']
Kehlani,0cGUm45nv7Z6M6qdXYQGTX,Funk Wav,4A0TivfinfALCAMJqqjZIk,1,['0pJPdSVti6cTM1Q6xYGmcf']
Funk Wav,4A0TivfinfALCAMJqqjZIk,Lil Yachty,6icQOAFXDZKsumw3YXyusw,1,['0pJPdSVti6cTM1Q6xYGmcf']
Calvin Harris,7CajNmpbOovFoOoasH2HaY,Snoop Dogg,7hJcb9fa4alzcOq3EaNPoG,1,['08Wc3X7XNSyF8WYBPt2L8E']
John Legend,5y2Xq6xcjJb2jVM54GHK3t,Calvin Harris,7CajNmpbOovFoOoasH2HaY,1,['08Wc3X7XNSyF8WYBPt2L8E']
Takeoff,3EW0kQ1skZiK1NHg3Spt9J,Calvin Harris,7CajNmpbOovFoOoasH2HaY,1,['08Wc3X7XNSyF8WYBPt2L8E']
John Legend,5y2Xq6xcjJb2jVM54GHK3t,Snoop Dogg,7hJcb9fa4alzcOq3EaNPoG,1,['08Wc3X7XNSyF8WYBPt2L8E']
Takeoff,3EW0kQ1skZiK1NHg3Spt9J,Snoop Dogg,7hJcb9fa4alzcOq3EaNPoG,1,['08Wc3X7XNSyF8WYBPt2L8E']
Funk Wav,4A0TivfinfALCAMJqqjZIk,Snoop Dogg,7hJcb9fa4alzcOq3EaNPoG,1,['08Wc3X7XNSyF8WYBPt2L8E']
Takeoff,3EW0kQ1skZiK1NHg3Spt9J,John Legend,5y2Xq6xcjJb2jVM54GHK3t,1,['08Wc3X7XNSyF8WYBPt2L8E']
Funk Wav,4A0TivfinfALCAMJqqjZIk,John Legend,5y2Xq6xcjJb2jVM54GHK3t,1,['08Wc3X7XNSyF8WYBPt2L8E']
Takeoff,3EW0kQ1skZiK1NHg3Spt9J,Funk Wav,4A0TivfinfALCAMJqqjZIk,1,['08Wc3X7XNSyF8WYBPt2L8E']
Frank Ocean,2h93pZq0e7k5yf4dywlkpM,Tyler The Creator,4V8LLVI7PbaPR0K2TGSxFF,2,"['4bEcoz1OcfMgUbp2ft8ieQ', '6KuXb26rHuRy3ZDse1VRmx']"
Tyler The Creator,4V8LLVI7PbaPR0K2TGSxFF,Steve Lacy,57vWImR43h4CaDao012Ofp,1,['4bEcoz1OcfMgUbp2ft8ieQ']
Frank Ocean,2h93pZq0e7k5yf4dywlkpM,Steve Lacy,57vWImR43h4CaDao012Ofp,1,['4bEcoz1OcfMgUbp2ft8ieQ']
Bruno Mars,0du5cEVh5yTK9QJze8zA0C,David Guetta,1Cs0zKBU1kc0i8ypK3B9ai,1,['5UJshy5HDHdNEVqlJwzsQB']
James Arthur,4IWBUUAFIplrNtaOHcJPRM,Rudimental,4WN5naL3ofxrVBgFpguzKo,1,['6SUocL0caib4mLHe8ZrZzi']
A$AP Rocky,13ubrt8QOOCPljQ2FL1Kca,Tyler The Creator,4V8LLVI7PbaPR0K2TGSxFF,1,['21yRtB6B8EMounImAfHRCP']
Future,1RyvyyTE3xzB2ZywiAwp0i,Chris Brown,7bXgB6jMjp9ATFy66eO08Z,2,"['0NZUqq4iLQddokgtiC44Kb', '2XdgSB4TtzUHQYCMfSHbFI']"
Jessie Reyez,3KedxarmBCyFBevnqQHy3P,Calvin Harris,7CajNmpbOovFoOoasH2HaY,1,['6KdmNK9MogmGcnO3wNZHhp']
Jessie Reyez,3KedxarmBCyFBevnqQHy3P,Funk Wav,4A0TivfinfALCAMJqqjZIk,1,['6KdmNK9MogmGcnO3wNZHhp']
YG,0A0FS04o6zMoto8OKPsDwY,Future,1RyvyyTE3xzB2ZywiAwp0i,1,['1tlBuoIRrtqFs9bE9dmli5']
Maren Morris,6WY7D3jk8zTrHtmkqqo5GI,Thomas Rhett,6x2LnllRG5uGarZMsD4iO8,1,['6zLdXcmvIxnAXpz9sXFnIE']
Zedd,2qxJFvFYMEDqd7ui6kSAcq,Liam Payne,5pUo3fmmHT8bhCyHE52hA6,1,['1CKd1PnqfYx0H12V9MSaIY']
Jennifer Lopez,2DlGxzQSjYe5N6G9nkYghR,Gente De Zona,2cy1zPcrFcXAJTP0APWewL,1,['5xMzazov0IHYllrc8U2K6F']
Pharrell Williams,2RdwBSPQiwcmiDo9kixcl8,French Montana,6vXTefBL93Dj5IqAWq6OTv,1,['5xVOqZL4oKJKcXgQvrfx2z']
Selena Gomez,0C8ZW7ezQVs4URX5aX7Kqx,Gucci Mane,13y7CgLHjMVRMDqxdx0Xdo,1,['0XLOf9LhyazPX9Ld8jPiUq']
Lana Del Rey,00FQb4jTyendYWaN8pK0wa,A$AP Rocky,13ubrt8QOOCPljQ2FL1Kca,2,"['3tWa5qmAJ2OsHV6KxNZBxc', '5QqyRUZeBE04yJxsD1OC0I']"
Lana Del Rey,00FQb4jTyendYWaN8pK0wa,Playboi Carti,699OTQXzgjhIYAHMy9RyPD,1,['5QqyRUZeBE04yJxsD1OC0I']
A$AP Rocky,13ubrt8QOOCPljQ2FL1Kca,Playboi Carti,699OTQXzgjhIYAHMy9RyPD,1,['5QqyRUZeBE04yJxsD1OC0I']
Big Sean,0c173mlxpT3dSFRgMO8XPh,Coldplay,4gzpq5DPGxSnKTe4SA8HAU,1,['6uJwPeBGb3swi85TSr9iIz']
The Weeknd,1Xyo4u8uXC1ZmMpatF05PJ,French Montana,6vXTefBL93Dj5IqAWq6OTv,1,['1vVNlXi8gf8tZ7OhnEs4VE']
French Montana,6vXTefBL93Dj5IqAWq6OTv,Max B,7f35VZGDpomj11PXdNn5D9,1,['1vVNlXi8gf8tZ7OhnEs4VE']
The Weeknd,1Xyo4u8uXC1ZmMpatF05PJ,Max B,7f35VZGDpomj11PXdNn5D9,1,['1vVNlXi8gf8tZ7OhnEs4VE']
OneRepublic,5Pwc4xIPtQLFEnJriah9YJ,Seeb,5iNrZmtVMtYev5M9yoWpEq,1,['7aF09WaavZAmAWuUeYxlYD']
The Dap-Kings Horns,4LFgxG38Y0l4Fo1gdQelay,Kesha,6LqNN22kT3074XbTVUrhzX,1,['1kJtfldK9F7XmsSiSNlbth']
Bonez MC,1aS5tqEs9ci5P9KD9tZWa6,187 Strassenbande,2j2rh3oQh4QEUnNTDKYSJD,3,"['0Vy7fWzknPBpNTwJkGc7Sm', '3aDYo34VzVf2i8aJyJk0ca', '6mw02h3qbWmuq2bJCRjRAe']"
187 Strassenbande,2j2rh3oQh4QEUnNTDKYSJD,Gzuz,5eioJDe26lOqkAMbuhzZYs,3,"['0Vy7fWzknPBpNTwJkGc7Sm', '3aDYo34VzVf2i8aJyJk0ca', '6mw02h3qbWmuq2bJCRjRAe']"
Bonez MC,1aS5tqEs9ci5P9KD9tZWa6,Gzuz,5eioJDe26lOqkAMbuhzZYs,3,"['0Vy7fWzknPBpNTwJkGc7Sm', '3aDYo34VzVf2i8aJyJk0ca', '6mw02h3qbWmuq2bJCRjRAe']"
LX,10XY9PZCJKzUFzZOdtlQLU,187 Strassenbande,2j2rh3oQh4QEUnNTDKYSJD,1,['3aDYo34VzVf2i8aJyJk0ca']
LX,10XY9PZCJKzUFzZOdtlQLU,Gzuz,5eioJDe26lOqkAMbuhzZYs,1,['3aDYo34VzVf2i8aJyJk0ca']
LX,10XY9PZCJKzUFzZOdtlQLU,Bonez MC,1aS5tqEs9ci5P9KD9tZWa6,1,['3aDYo34VzVf2i8aJyJk0ca']
RAF Camora,0Dvx6p8JDyzeOPGmaCIH1L,187 Strassenbande,2j2rh3oQh4QEUnNTDKYSJD,1,['0Vy7fWzknPBpNTwJkGc7Sm']
Maxwell,0b62itBWBdLgiecXjXCqKC,187 Strassenbande,2j2rh3oQh4QEUnNTDKYSJD,1,['0Vy7fWzknPBpNTwJkGc7Sm']
RAF Camora,0Dvx6p8JDyzeOPGmaCIH1L,Bonez MC,1aS5tqEs9ci5P9KD9tZWa6,1,['0Vy7fWzknPBpNTwJkGc7Sm']
Maxwell,0b62itBWBdLgiecXjXCqKC,Bonez MC,1aS5tqEs9ci5P9KD9tZWa6,1,['0Vy7fWzknPBpNTwJkGc7Sm']
RAF Camora,0Dvx6p8JDyzeOPGmaCIH1L,Gzuz,5eioJDe26lOqkAMbuhzZYs,1,['0Vy7fWzknPBpNTwJkGc7Sm']
RAF Camora,0Dvx6p8JDyzeOPGmaCIH1L,Maxwell,0b62itBWBdLgiecXjXCqKC,1,['0Vy7fWzknPBpNTwJkGc7Sm']
Maxwell,0b62itBWBdLgiecXjXCqKC,Gzuz,5eioJDe26lOqkAMbuhzZYs,1,['0Vy7fWzknPBpNTwJkGc7Sm']
JAY-Z,3nFkdlSjzX9mRTtwJOzDYB,Linkin Park,6XyY86QOPPrYVGvF9ch6wz,1,['5sNESr6pQfIhL3krM8CtZn']
Cash Cash,1LOB7jTeEV14pHai6EXSzF,Conor Maynard,6mU8ucezzms5I2kNH6HNlu,1,['1839RWzPRZCVgvamu4sHSN']
Louis Tomlinson,57WHJIHrjOE3iAxpihhMnp,Bebe Rexha,64M6ah0SkkRsnPGtGiRAbb,1,['7F9vK8hNFMml4GtHsaXui6']
Louis Tomlinson,57WHJIHrjOE3iAxpihhMnp,Digital Farm Animals,5fyDppLDl1juIu1BcUT5zh,1,['7F9vK8hNFMml4GtHsaXui6']
Digital Farm Animals,5fyDppLDl1juIu1BcUT5zh,Bebe Rexha,64M6ah0SkkRsnPGtGiRAbb,1,['7F9vK8hNFMml4GtHsaXui6']
Lana Del Rey,00FQb4jTyendYWaN8pK0wa,Stevie Nicks,7crPfGd2k81ekOoSqQKWWz,1,['3O7p9Itz8PXUoAjD2vmuM6']
Kali Uchis,1U1el3k54VvEUzo3ybLPlM,Tyler The Creator,4V8LLVI7PbaPR0K2TGSxFF,1,['7KA4W4McWYRpgf0fWsJZWB']
Tyler The Creator,4V8LLVI7PbaPR0K2TGSxFF,Rex Orange County,7pbDxGE6nQSZVfiFdq9lOL,2,"['33i3xxHB4YSYGYbtJrwwO8', '5WNYg3usc6H8N3MBEp4zVk']"
Anna of the North,1mSJCvDX0W7Dn7S9C6vmvI,Tyler The Creator,4V8LLVI7PbaPR0K2TGSxFF,1,['5WNYg3usc6H8N3MBEp4zVk']
Anna of the North,1mSJCvDX0W7Dn7S9C6vmvI,Rex Orange County,7pbDxGE6nQSZVfiFdq9lOL,1,['5WNYg3usc6H8N3MBEp4zVk']
Alexander Brettin,0VMO6LSExFeqYrtcR8VAre,Tyler The Creator,4V8LLVI7PbaPR0K2TGSxFF,1,['5SxlUF7J8tyFIEF22EomeP']
Jaden,0xOeVMOz2fVg5BJY3N6akT,Tyler The Creator,4V8LLVI7PbaPR0K2TGSxFF,1,['5SxlUF7J8tyFIEF22EomeP']
Alexander Brettin,0VMO6LSExFeqYrtcR8VAre,Jaden,0xOeVMOz2fVg5BJY3N6akT,1,['5SxlUF7J8tyFIEF22EomeP']
Tyler The Creator,4V8LLVI7PbaPR0K2TGSxFF,Estelle,5T0MSzX9RC5NA6gAI6irSn,1,['6ACiYjq5Q7e6BlhZEHz7cd']
Nicki Minaj,0hCNtLu0JehylgoiP8L4Gh,Yo Gotti,6Ha4aES39QiVjR0L2lwuwq,1,['4knL4iPxPOZjQzTUlELGSY']
Becky G,4obzFoKoKRHIphyHzJ35G3,Bad Bunny,4q3ewBCX7sLwd24euuV69X,1,['7JNh1cfm0eXjqFVOzKLyau']
Cali Y El Dandee,5DUlefCLzVRzNWaNURTFpK,Maite Perroni,6ModsWtBph2rE6zCTVxvZt,1,['05ZXXyeZFhZtA6DAP3Aw7x']
Poo Bear,3JXpwnHbLvXxY99EuXqFPX,Skrillex,5he5w2lnU9x7JFhnwcekXX,1,['57p8CBvPOxrvyCbn6ttl5r']
David Guetta,1Cs0zKBU1kc0i8ypK3B9ai,Dimitri Vegas & Like Mike,73jBynjsVtofjRpdpRAJGk,1,['1Sl3njkhhz8nrSPZroDQ82']
Dimitri Vegas,2HkAI0YrEcgoR8QdaURqhO,Dimitri Vegas & Like Mike,73jBynjsVtofjRpdpRAJGk,1,['1Sl3njkhhz8nrSPZroDQ82']
Kiiara,4u5smJBskI6Adzv08PuiUP,Dimitri Vegas & Like Mike,73jBynjsVtofjRpdpRAJGk,1,['1Sl3njkhhz8nrSPZroDQ82']
David Guetta,1Cs0zKBU1kc0i8ypK3B9ai,Dimitri Vegas,2HkAI0YrEcgoR8QdaURqhO,1,['1Sl3njkhhz8nrSPZroDQ82']
David Guetta,1Cs0zKBU1kc0i8ypK3B9ai,Kiiara,4u5smJBskI6Adzv08PuiUP,1,['1Sl3njkhhz8nrSPZroDQ82']
Dimitri Vegas,2HkAI0YrEcgoR8QdaURqhO,Kiiara,4u5smJBskI6Adzv08PuiUP,1,['1Sl3njkhhz8nrSPZroDQ82']
Macklemore,3JhNCzhSMTxs9WLGJJxWOY,Lil Yachty,6icQOAFXDZKsumw3YXyusw,1,['7bsnTsbiwOymZWjPF9v6Di']
Anne-Marie,1zNqDE7qDGCsyzJwohVaoX,Snakehips,2FwJwEswyIUAljqgjNSHgP,1,['3nodtPfXcok53E8Uze8gvD']
Snakehips,2FwJwEswyIUAljqgjNSHgP,Joey Bada$$,2P5sC9cVZDToPxyomzF1UH,1,['3nodtPfXcok53E8Uze8gvD']
Anne-Marie,1zNqDE7qDGCsyzJwohVaoX,Joey Bada$$,2P5sC9cVZDToPxyomzF1UH,1,['3nodtPfXcok53E8Uze8gvD']
Daddy Yankee,4VMYDCV2IEDYJArk749S6m,Romeo Santos,5lwmRuXgjX8xIwlnauTZIP,1,['0ERbK7qVqveCaBWIiYCrl3']
Nicky Jam,1SupJlEpv7RS2tPNRaHViT,Romeo Santos,5lwmRuXgjX8xIwlnauTZIP,1,['0ERbK7qVqveCaBWIiYCrl3']
Nicky Jam,1SupJlEpv7RS2tPNRaHViT,Daddy Yankee,4VMYDCV2IEDYJArk749S6m,1,['0ERbK7qVqveCaBWIiYCrl3']
Abraham Mateo,2bxxlINUlcMQQb39K7IopR,Farruko,329e4yvIujISKGKz1BZZbO,1,['4N1c5rmWOzRmB9SMacr5wB']
Abraham Mateo,2bxxlINUlcMQQb39K7IopR,Christian Daniel,2fC8dVxeS2bsfIDvFj1M4V,1,['4N1c5rmWOzRmB9SMacr5wB']
Christian Daniel,2fC8dVxeS2bsfIDvFj1M4V,Farruko,329e4yvIujISKGKz1BZZbO,1,['4N1c5rmWOzRmB9SMacr5wB']
Camila Cabello,4nDoRrQiYLoBzwC5BhVJzF,Young Thug,50co4Is1HCEo8bhOyUWKpn,1,['1rfofaqEpACxVEHIZBJe6W']
A$AP Rocky,13ubrt8QOOCPljQ2FL1Kca,The Weeknd,1Xyo4u8uXC1ZmMpatF05PJ,1,['7F1LWA9sIlTorHUo4amGqk']
The Weeknd,1Xyo4u8uXC1ZmMpatF05PJ,Young Thug,50co4Is1HCEo8bhOyUWKpn,1,['7F1LWA9sIlTorHUo4amGqk']
A$AP Rocky,13ubrt8QOOCPljQ2FL1Kca,Young Thug,50co4Is1HCEo8bhOyUWKpn,1,['7F1LWA9sIlTorHUo4amGqk']
Gucci Mane,13y7CgLHjMVRMDqxdx0Xdo,Bebe Rexha,64M6ah0SkkRsnPGtGiRAbb,1,['5smaUuzvwMXtiuBPvzVBLE']
2 Chainz,17lzZA2AlOHwCwFALHttmp,Bebe Rexha,64M6ah0SkkRsnPGtGiRAbb,1,['5smaUuzvwMXtiuBPvzVBLE']
Olly Murs,3whuHq0yGx60atvA2RCVRW,Kungs,7keGfmQR4X5w0two1xKZ7d,1,['1gaK2od5J8GX6KecOaWm4d']
Coely,2DzbXUAn0DiYqcgu2wDfaf,Kungs,7keGfmQR4X5w0two1xKZ7d,1,['1gaK2od5J8GX6KecOaWm4d']
Coely,2DzbXUAn0DiYqcgu2wDfaf,Olly Murs,3whuHq0yGx60atvA2RCVRW,1,['1gaK2od5J8GX6KecOaWm4d']
Sebastian Yatra,07YUOmWljBTXwIseAUd9TW,Carlos Vives,4vhNDa5ycK0ST968ek7kRr,1,['0JcNysfWVWaMS7R6vzGB2k']
Ozuna,1i8SpTcr7yvPOmcqrbnVXY,Anuel AA,2R21vXR83lH98kGeO99Y66,1,['6SIrNxmmdbv1KUbFBu1PaN']
Gucci Mane,13y7CgLHjMVRMDqxdx0Xdo,blackbear,2cFrymmkijnjDg9SS92EPM,1,['53mrVsi49rLHIaKBiSvElG']
Farruko,329e4yvIujISKGKz1BZZbO,Bad Bunny,4q3ewBCX7sLwd24euuV69X,1,['7FfpP3YZ6fOWMdxkIAtud9']
Rvssian,1fctva4kpRbg2k3v7kwRuS,Farruko,329e4yvIujISKGKz1BZZbO,1,['7FfpP3YZ6fOWMdxkIAtud9']
Rvssian,1fctva4kpRbg2k3v7kwRuS,Bad Bunny,4q3ewBCX7sLwd24euuV69X,1,['7FfpP3YZ6fOWMdxkIAtud9']
Bad Bunny,4q3ewBCX7sLwd24euuV69X,KAROL G,790FomKkXshlbRYZFtlgla,1,['11ZRYISCsAsLyyJo47DudZ']
Avicii,1vCWHaC5f2uS3yhpwWbIA6,Sandro Cavazza,5JYo7gm2dkyLLlWHjxS7Dy,2,"['2hPLfPxvRUfXKNGD3VcJnT', '6Pgkp4qUoTmJIPn7ReaGxL']"
Avicii,1vCWHaC5f2uS3yhpwWbIA6,Rita Ora,5CCwRZC6euC8Odo6y9X8jr,1,['2OALaHcDdKkjYEpAr0Qzab']
Marshmello,64KEffDW9EtZ1y2vBYgq8T,Khalid,6LuN9FCkKOj5PcnpouEgny,1,['7vGuf3Y35N4wmASOKLUVVU']
Avicii,1vCWHaC5f2uS3yhpwWbIA6,Billy Raffoul,5gw5ANPCVcxU0maLiGRzzP,1,['12ip0ceCeszDTDFxDY1AXJ']
Avicii,1vCWHaC5f2uS3yhpwWbIA6,Vargas & Lagola,2fVW2ix4ANKiofDZIsy1XR,1,['5WEqjIUHkwZ5h3DSE7F9bM']
Avicii,1vCWHaC5f2uS3yhpwWbIA6,Aluna,5ITI6SEoUZMIXXkzCfr4oE,1,['6mzTuMlbCgEtoCitsszlqP']
Eagles Of Death Metal,02uYdhMhCgdB49hZlYRm9o,Kesha,6LqNN22kT3074XbTVUrhzX,1,['1nxufatvWIGPPBtPACXzu8']
BloodPop®,1okJ4NC308qbtY9LyHn6DO,HAIM,4Ui2kfOqGujY81UcPrb5KE,1,['6TG4IZt8i47CFbMoVFVSbh']
Yandel,0eHQ9o50hj6ZDNBt6Ys1sD,Nacho,2ayNSoKPCRAfjp6hQ76hRu,1,['3VClLWqNn80Llv0PJOsKgr']
Nacho,2ayNSoKPCRAfjp6hQ76hRu,Bad Bunny,4q3ewBCX7sLwd24euuV69X,1,['3VClLWqNn80Llv0PJOsKgr']
Mambo Kingz,2T1aUibqR2QC2sINIDQOAK,Nacho,2ayNSoKPCRAfjp6hQ76hRu,1,['3VClLWqNn80Llv0PJOsKgr']
Nacho,2ayNSoKPCRAfjp6hQ76hRu,DJ Luian,64aJYyrXljOodnUG6jvhRD,1,['3VClLWqNn80Llv0PJOsKgr']
Yandel,0eHQ9o50hj6ZDNBt6Ys1sD,Bad Bunny,4q3ewBCX7sLwd24euuV69X,2,"['1LszjjoVwDDZcWUQbzeDLG', '3VClLWqNn80Llv0PJOsKgr']"
Yandel,0eHQ9o50hj6ZDNBt6Ys1sD,Mambo Kingz,2T1aUibqR2QC2sINIDQOAK,1,['3VClLWqNn80Llv0PJOsKgr']
Yandel,0eHQ9o50hj6ZDNBt6Ys1sD,DJ Luian,64aJYyrXljOodnUG6jvhRD,1,['3VClLWqNn80Llv0PJOsKgr']
Mambo Kingz,2T1aUibqR2QC2sINIDQOAK,Bad Bunny,4q3ewBCX7sLwd24euuV69X,2,"['3VClLWqNn80Llv0PJOsKgr', '5hcisvFMidkMJlElTO9Qmw']"
Bad Bunny,4q3ewBCX7sLwd24euuV69X,DJ Luian,64aJYyrXljOodnUG6jvhRD,2,"['3VClLWqNn80Llv0PJOsKgr', '5hcisvFMidkMJlElTO9Qmw']"
Mambo Kingz,2T1aUibqR2QC2sINIDQOAK,DJ Luian,64aJYyrXljOodnUG6jvhRD,2,"['3VClLWqNn80Llv0PJOsKgr', '5hcisvFMidkMJlElTO9Qmw']"
BloodPop®,1okJ4NC308qbtY9LyHn6DO,Justin Bieber,1uNFoZAHBGtllmzznpCI3s,1,['7nZmah2llfvLDiUjm0kiyz']
CNCO,0eecdvMrqBftK0M1VKhaF4,Little Mix,3e7awlrlDSwF3iM0WBjGMp,1,['5PB8zB1MOZASboLquvinMF']
XXXTENTACION,15UsOTVnJzReFVN1VCnxy4,Kodak Black,46SHBwWsqBkxI7EeeBEQG7,1,['40oKW22ZNNkEdZLJTScaQI']
Lil Uzi Vert,4O15NlyKLIASxsJ0PrXPfz,Oh Wonder,5cIc3SBFuBLVxJz58W2tU9,2,"['2eAZfqOm4EnOF9VvN50Tyc', '6GNifiuBPrKFpwNBYnooFm']"
XXXTENTACION,15UsOTVnJzReFVN1VCnxy4,Trippie Redd,6Xgp2XMz1fhVYe7i6yNAax,1,['7AQim7LbvFVZJE3O8TYgf2']
The Weeknd,1Xyo4u8uXC1ZmMpatF05PJ,Lil Uzi Vert,4O15NlyKLIASxsJ0PrXPfz,1,['5O8x1YlmLQopQHErxtDfi9']
Pharrell Williams,2RdwBSPQiwcmiDo9kixcl8,Lil Uzi Vert,4O15NlyKLIASxsJ0PrXPfz,1,['1MJErNPIQUoEMu4YUUmecm']
Travis Scott,0Y5tJX1MQlPlqiwlOH1tJY,Miguel,360IAlyVv4PCEVjgyMZrxK,1,['5WoaF1B5XIEnWfmb5NZikf']
A$AP Rocky,13ubrt8QOOCPljQ2FL1Kca,A$AP Mob,7yO4IdJjCEPz7YgZMe25iS,1,['3LyNsopPP3hXf8bZBE7cDk']
KEY!,2tMOCIpxj6jwM9e6pmwGiP,A$AP Mob,7yO4IdJjCEPz7YgZMe25iS,1,['3LyNsopPP3hXf8bZBE7cDk']
Gucci Mane,13y7CgLHjMVRMDqxdx0Xdo,A$AP Mob,7yO4IdJjCEPz7YgZMe25iS,1,['3LyNsopPP3hXf8bZBE7cDk']
A$AP Rocky,13ubrt8QOOCPljQ2FL1Kca,KEY!,2tMOCIpxj6jwM9e6pmwGiP,1,['3LyNsopPP3hXf8bZBE7cDk']
A$AP Rocky,13ubrt8QOOCPljQ2FL1Kca,Gucci Mane,13y7CgLHjMVRMDqxdx0Xdo,1,['3LyNsopPP3hXf8bZBE7cDk']
Gucci Mane,13y7CgLHjMVRMDqxdx0Xdo,KEY!,2tMOCIpxj6jwM9e6pmwGiP,1,['3LyNsopPP3hXf8bZBE7cDk']
Alex Sensation,0OROVBEZCocg0FcgJpyBse,Ozuna,1i8SpTcr7yvPOmcqrbnVXY,1,['7ofxPmTNMj2GP07g1VZa0O']
Maroon 5,04gDigrS5kc9YWfZHwBETP,SZA,7tYKF4w9nC0nq9CsPZTHyP,1,['0WdGQhoAP2LBsqr5Jhit2g']
Galantis,4sTQVOfp9vEMCemLw50sbu,ROZES,6jsjhAEteAlY0vCiLvMLBA,1,['2ODKShrWcNSyoqqCWHzuzR']
Sia,5WUlDfRSoLAfcVSX1WnrxN,ZAYN,5ZsFI1h6hIdQRw2ti0hz81,1,['1j4kHkkpqZRBwE0A4CN4Yv']
Alesso,4AVFqumd2ogHFlRbKIjp1t,Hailee Steinfeld,5p7f24Rk5HkUZsaS3BLG5F,1,['5Gu0PDLN4YJeW75PpBSg9p']
Florida Georgia Line,3b8QkneNDz4JHKKKlLgYZg,Hailee Steinfeld,5p7f24Rk5HkUZsaS3BLG5F,1,['5Gu0PDLN4YJeW75PpBSg9p']
WATT,4olE3I5QU0dvSR7LIpqTXc,Hailee Steinfeld,5p7f24Rk5HkUZsaS3BLG5F,1,['5Gu0PDLN4YJeW75PpBSg9p']
Florida Georgia Line,3b8QkneNDz4JHKKKlLgYZg,Alesso,4AVFqumd2ogHFlRbKIjp1t,1,['5Gu0PDLN4YJeW75PpBSg9p']
Alesso,4AVFqumd2ogHFlRbKIjp1t,WATT,4olE3I5QU0dvSR7LIpqTXc,1,['5Gu0PDLN4YJeW75PpBSg9p']
Florida Georgia Line,3b8QkneNDz4JHKKKlLgYZg,WATT,4olE3I5QU0dvSR7LIpqTXc,1,['5Gu0PDLN4YJeW75PpBSg9p']
G-Eazy,02kJSzxNuaWGqwubyUba0Z,A$AP Rocky,13ubrt8QOOCPljQ2FL1Kca,1,['2DQ1ITjI0YoLFzuADN1ZBW']
G-Eazy,02kJSzxNuaWGqwubyUba0Z,Cardi B,4kYSro6naA4h99UJvo89HB,1,['2DQ1ITjI0YoLFzuADN1ZBW']
A$AP Rocky,13ubrt8QOOCPljQ2FL1Kca,Cardi B,4kYSro6naA4h99UJvo89HB,1,['2DQ1ITjI0YoLFzuADN1ZBW']
Robin Schulz,3t5xRXzsuZmMDkQzgOX35S,HUGEL,5PlfkPxwCpRRWQJBxCa0By,1,['7Lgpic8BsBJR4jFrr9abbz']
Yandel,0eHQ9o50hj6ZDNBt6Ys1sD,Wisin,3E6xrwgnVfYCrCs0ePERDz,1,['5YzA563GXTuwQaRq24z1k5']
NATTI NATASHA,1GDbiv3spRmZ1XdM1jQbT7,Ozuna,1i8SpTcr7yvPOmcqrbnVXY,1,['6Za3190Sbw39BBC77WSS1C']
Florida Georgia Line,3b8QkneNDz4JHKKKlLgYZg,Bebe Rexha,64M6ah0SkkRsnPGtGiRAbb,1,['4e4fqjx0Izh4svvTef1z7e']
Sebastian Yatra,07YUOmWljBTXwIseAUd9TW,Joey Montana,3ATyg4fGC9F8trfb0GRWmX,1,['5TysCiZtv1HnSWcTcUFusI']
21 Savage,1URnnhqYAYcrqrcwql10ft,Post Malone,246dkjvS1zLTtiykXe5h60,1,['0e7ipj03S05BNilyu5bRzt']
Lorde,163tK9Wjr9P9DmM0AVK7lm,Khalid,6LuN9FCkKOj5PcnpouEgny,1,['2rE9TX3VQ0WNt7kziFhKep']
Lorde,163tK9Wjr9P9DmM0AVK7lm,Post Malone,246dkjvS1zLTtiykXe5h60,1,['2rE9TX3VQ0WNt7kziFhKep']
Lorde,163tK9Wjr9P9DmM0AVK7lm,SZA,7tYKF4w9nC0nq9CsPZTHyP,1,['2rE9TX3VQ0WNt7kziFhKep']
Post Malone,246dkjvS1zLTtiykXe5h60,Khalid,6LuN9FCkKOj5PcnpouEgny,1,['2rE9TX3VQ0WNt7kziFhKep']
Khalid,6LuN9FCkKOj5PcnpouEgny,SZA,7tYKF4w9nC0nq9CsPZTHyP,1,['2rE9TX3VQ0WNt7kziFhKep']
Post Malone,246dkjvS1zLTtiykXe5h60,SZA,7tYKF4w9nC0nq9CsPZTHyP,1,['2rE9TX3VQ0WNt7kziFhKep']
Gucci Mane,13y7CgLHjMVRMDqxdx0Xdo,The Weeknd,1Xyo4u8uXC1ZmMpatF05PJ,1,['2yuyaYAELoMG4ApV5wJsWR']
Jesse & Joy,1mX1TWKpNxDSAH16LgDfiR,Gente De Zona,2cy1zPcrFcXAJTP0APWewL,1,['0yyZN5ASdrYu0XYWFzfxUu']
Quintino,1V3VTM7VspiQjcmRhC010n,R3HAB,6cEuCEZu7PAE9ZSzLLc2oQ,1,['3gfmFoJgmn9LiIj5mV8oSS']
Macklemore,3JhNCzhSMTxs9WLGJJxWOY,Kesha,6LqNN22kT3074XbTVUrhzX,1,['2Za1AlJNvksouPPWbXpR2X']
Justin Jesso,1QDrz3DMMaz3TB1cm0PGDu,Kygo,23fqKkggKUBHNkbKtXEls4,1,['0Zbbxnx4SGGHoIow4PpISP']
DJ Snake,540vIaP2JwjQb9dm3aArA4,Lauv,5JZ7CnR6gTvEMKX4g70Amv,1,['0Wv5wuenRLI3BcwgT3HPIP']
ALMA,6c0mTNAxJxlp9HpKTUZwA8,French Montana,6vXTefBL93Dj5IqAWq6OTv,1,['4aBdUWD9fIwI4YyiRTYjpN']
J Balvin,1vyhD5VmyZ7KMfW5gqLgo5,Beyoncé,6vWDO969PvNqNYHIOW5v0m,1,['7fwXWKdDNI5IutOMc5OKYw']
Willy William,4RSyJzf7ef6Iu2rnLdabNq,Beyoncé,6vWDO969PvNqNYHIOW5v0m,1,['7fwXWKdDNI5IutOMc5OKYw']
Farid Bang,2JwyRtuXf2l6sTnSnGVIa1,Kollegah,6gto7HVNhu4ARE3P3g8Y5Y,1,['2nvUC76Xju4HuqIFXeiCyI']
Daddy Yankee,4VMYDCV2IEDYJArk749S6m,Bad Bunny,4q3ewBCX7sLwd24euuV69X,1,['0lJCqIx5BhZtf6QtYI2fbv']
Lauren Alaina,1v3tdpIdBSW14rHUfiEVOv,Kane Brown,3oSJ7TBVCWMDMiYjXNiCKE,1,['7zVCrzzEJU7u24sbJPXA5W']
Rich The Kid,1pPmIToKXyGdsCF6LmqLmI,Kendrick Lamar,2YZyLoL8N0Wb9xBt1NhZWg,1,['0eHCArTPhwUxatY7cEXRiK']
Maroon 5,04gDigrS5kc9YWfZHwBETP,Julia Michaels,0ZED1XzwlLHW4ZaG4lOT6m,1,['6V1XbtfGGmfEkyBtTlapw1']
Smokepurpp,21dooacK2WGBB5amYvKyfM,Lil Pump,3wyVrVrFCkukjdVIdirGVY,1,['4at9j7aC7FvDlsllpOvsAC']
Shakira,0EmeFodog0BfCgMzAIvKQp,Nicky Jam,1SupJlEpv7RS2tPNRaHViT,1,['70lnL3QaSOIIyMa2X9aVRL']
Lil Pump,3wyVrVrFCkukjdVIdirGVY,Lil Yachty,6icQOAFXDZKsumw3YXyusw,1,['32zhF8yXc1lej5EcudJXp7']
P!nk,1KCSPY1glIKqW2TotWuXOR,Eminem,7dGJo4pcD2V6oG8kP0tJRR,1,['3OEer2dQj1eWhSqxatGiru']
Alesso,4AVFqumd2ogHFlRbKIjp1t,Anitta,7FNnA9vBm6EKceENgCGRMb,1,['2KwojFDebQV4J2b0JMRR5Q']
Fetty Wap,6PXS4YHDkKvl1wkIl4V8DL,Cheat Codes,7DMveApC7UnC2NPfPvlHSU,1,['5uu28fUesZMl89lf9CLrgN']
CVBZ,0pt7PX4Hftlg8mV1ySU84Q,Cheat Codes,7DMveApC7UnC2NPfPvlHSU,1,['5uu28fUesZMl89lf9CLrgN']
CVBZ,0pt7PX4Hftlg8mV1ySU84Q,Fetty Wap,6PXS4YHDkKvl1wkIl4V8DL,1,['5uu28fUesZMl89lf9CLrgN']
Young Thug,50co4Is1HCEo8bhOyUWKpn,Chris Brown,7bXgB6jMjp9ATFy66eO08Z,1,['2XdgSB4TtzUHQYCMfSHbFI']
Jonas Blue,1HBjj22wzbscIZ9sEb5dyf,Moelogo,6mctsJBrfcWvWH7S8h716D,1,['2PJ55QsqjSVwN2esqfMDFu']
Gucci Mane,13y7CgLHjMVRMDqxdx0Xdo,Ty Dolla $ign,7c0XG5cIJTrrAgEC3ULPiq,1,['17HlhTU351nr8MncIGppDk']
XXXTENTACION,15UsOTVnJzReFVN1VCnxy4,Noah Cyrus,55fhWPvDiMpLnE4ZzNXZyW,1,['2S2od3hT7ceytw7d1pTRuE']
Kygo,23fqKkggKUBHNkbKtXEls4,The Night Game,79QO0Xmn1dZhvaLicS2Yrs,1,['1Bxzw8ag71snOU9IbhXVD6']
Future,1RyvyyTE3xzB2ZywiAwp0i,Offset,4DdkRBBYG6Yk9Ka8tdJ9BW,1,['7r6LNJT2LqpLpEyZQJPygt']
Offset,4DdkRBBYG6Yk9Ka8tdJ9BW,Young Thug,50co4Is1HCEo8bhOyUWKpn,1,['7r6LNJT2LqpLpEyZQJPygt']
Maroon 5,04gDigrS5kc9YWfZHwBETP,A$AP Rocky,13ubrt8QOOCPljQ2FL1Kca,1,['4OEOEsOhlzDqQuewiuPJAc']
Niall Horan,1Hsdzj7Dlq2I7tHP7501T4,Maren Morris,6WY7D3jk8zTrHtmkqqo5GI,1,['65wnZsZLKJimfK1cTFOfa1']
De La Ghetto,3EiLUeyEcA6fbRPSHkG5kb,Daddy Yankee,4VMYDCV2IEDYJArk749S6m,1,['4XCQtUoRSh22Ep18ULmDnT']
Ozuna,1i8SpTcr7yvPOmcqrbnVXY,De La Ghetto,3EiLUeyEcA6fbRPSHkG5kb,1,['4XCQtUoRSh22Ep18ULmDnT']
Chris Jedi,0qTZZWLzuD59Un5r1speHm,De La Ghetto,3EiLUeyEcA6fbRPSHkG5kb,1,['4XCQtUoRSh22Ep18ULmDnT']
Chris Jedi,0qTZZWLzuD59Un5r1speHm,Daddy Yankee,4VMYDCV2IEDYJArk749S6m,1,['4XCQtUoRSh22Ep18ULmDnT']
Selena Gomez,0C8ZW7ezQVs4URX5aX7Kqx,Marshmello,64KEffDW9EtZ1y2vBYgq8T,1,['0tBbt8CrmxbjRP0pueQkyU']
Julia Michaels,0ZED1XzwlLHW4ZaG4lOT6m,Clean Bandit,6MDME20pz9RveH9rEXvrOM,1,['2xmrfQpmS2iJExTlklLoAL']
Nicki Minaj,0hCNtLu0JehylgoiP8L4Gh,Migos,6oMuImdp5ZcFhWP0ESe6mG,1,['4wFjTWCunQFKtukqrNijEt']
Cardi B,4kYSro6naA4h99UJvo89HB,Migos,6oMuImdp5ZcFhWP0ESe6mG,1,['4wFjTWCunQFKtukqrNijEt']
Nicki Minaj,0hCNtLu0JehylgoiP8L4Gh,Cardi B,4kYSro6naA4h99UJvo89HB,1,['4wFjTWCunQFKtukqrNijEt']
Noah Cyrus,55fhWPvDiMpLnE4ZzNXZyW,Alan Walker,7vk5e3vY1uw9plTHJAMwjN,1,['5yFSF6qQA1rcLsQRnBsZgb']
Digital Farm Animals,5fyDppLDl1juIu1BcUT5zh,Alan Walker,7vk5e3vY1uw9plTHJAMwjN,1,['5yFSF6qQA1rcLsQRnBsZgb']
Juliander,4gvkdged3Xw3ImXFm3jiay,Alan Walker,7vk5e3vY1uw9plTHJAMwjN,1,['5yFSF6qQA1rcLsQRnBsZgb']
Noah Cyrus,55fhWPvDiMpLnE4ZzNXZyW,Digital Farm Animals,5fyDppLDl1juIu1BcUT5zh,1,['5yFSF6qQA1rcLsQRnBsZgb']
Juliander,4gvkdged3Xw3ImXFm3jiay,Noah Cyrus,55fhWPvDiMpLnE4ZzNXZyW,1,['5yFSF6qQA1rcLsQRnBsZgb']
Juliander,4gvkdged3Xw3ImXFm3jiay,Digital Farm Animals,5fyDppLDl1juIu1BcUT5zh,1,['5yFSF6qQA1rcLsQRnBsZgb']
Kygo,23fqKkggKUBHNkbKtXEls4,John Newman,34v5MVKeQnIo0CWYMbbrPf,1,['3hXGamYfZIrMsvMWLA0JXW']
Nathaniel Alford,6FB9Zw1TSMrw3LIzIvlNGG,Ty Dolla $ign,7c0XG5cIJTrrAgEC3ULPiq,1,['270aLuFCbX32hhBr8MQyPM']
Twice As Nice,1WdM0BAEXN9RpUdPOzEZdx,Ty Dolla $ign,7c0XG5cIJTrrAgEC3ULPiq,1,['270aLuFCbX32hhBr8MQyPM']
The-Dream,1W3FSF1BLpY3hlVIgvenLz,Ty Dolla $ign,7c0XG5cIJTrrAgEC3ULPiq,1,['270aLuFCbX32hhBr8MQyPM']
Twice As Nice,1WdM0BAEXN9RpUdPOzEZdx,Nathaniel Alford,6FB9Zw1TSMrw3LIzIvlNGG,1,['270aLuFCbX32hhBr8MQyPM']
Lil Wayne,55Aa2cqylxrFIXC767Z865,Nathaniel Alford,6FB9Zw1TSMrw3LIzIvlNGG,1,['270aLuFCbX32hhBr8MQyPM']
The-Dream,1W3FSF1BLpY3hlVIgvenLz,Nathaniel Alford,6FB9Zw1TSMrw3LIzIvlNGG,1,['270aLuFCbX32hhBr8MQyPM']
Twice As Nice,1WdM0BAEXN9RpUdPOzEZdx,Lil Wayne,55Aa2cqylxrFIXC767Z865,1,['270aLuFCbX32hhBr8MQyPM']
The-Dream,1W3FSF1BLpY3hlVIgvenLz,Twice As Nice,1WdM0BAEXN9RpUdPOzEZdx,1,['270aLuFCbX32hhBr8MQyPM']
The-Dream,1W3FSF1BLpY3hlVIgvenLz,Lil Wayne,55Aa2cqylxrFIXC767Z865,1,['270aLuFCbX32hhBr8MQyPM']
Future,1RyvyyTE3xzB2ZywiAwp0i,Ty Dolla $ign,7c0XG5cIJTrrAgEC3ULPiq,2,"['14EgW52HVqnLHd30bgbPxg', '2EPbvVyo2qrrmeiEm57Cfl']"
Swae Lee,1zNqQNIdeOUZHb8zbZRFMX,Ty Dolla $ign,7c0XG5cIJTrrAgEC3ULPiq,1,['2EPbvVyo2qrrmeiEm57Cfl']
Future,1RyvyyTE3xzB2ZywiAwp0i,Swae Lee,1zNqQNIdeOUZHb8zbZRFMX,1,['2EPbvVyo2qrrmeiEm57Cfl']
Pitbull,0TnOYISbd1XYRBk9myaseg,Fifth Harmony,1l8Fu6IkuTP0U5QetQJ5Xt,1,['0Pki3Th0SL5rJ5e6ShUbJJ']
YG,0A0FS04o6zMoto8OKPsDwY,Ty Dolla $ign,7c0XG5cIJTrrAgEC3ULPiq,1,['1Mb187X5w3OUQNH6P5M28Y']
Sebastian Yatra,07YUOmWljBTXwIseAUd9TW,Dalmata,3jGlU8UMMo44I2xeLQ6FD3,1,['5TmZYdHW6HJ9gt7Aokuql5']
Yo Gotti,6Ha4aES39QiVjR0L2lwuwq,Chris Brown,7bXgB6jMjp9ATFy66eO08Z,1,['5gx2E5aIXMRBellPZW1up5']
A Boogie Wit da Hoodie,31W5EY0aAly4Qieq6OFu6I,Chris Brown,7bXgB6jMjp9ATFy66eO08Z,1,['5gx2E5aIXMRBellPZW1up5']
Kodak Black,46SHBwWsqBkxI7EeeBEQG7,Chris Brown,7bXgB6jMjp9ATFy66eO08Z,1,['5gx2E5aIXMRBellPZW1up5']
A Boogie Wit da Hoodie,31W5EY0aAly4Qieq6OFu6I,Yo Gotti,6Ha4aES39QiVjR0L2lwuwq,1,['5gx2E5aIXMRBellPZW1up5']
Kodak Black,46SHBwWsqBkxI7EeeBEQG7,Yo Gotti,6Ha4aES39QiVjR0L2lwuwq,1,['5gx2E5aIXMRBellPZW1up5']
21 Savage,1URnnhqYAYcrqrcwql10ft,Offset,4DdkRBBYG6Yk9Ka8tdJ9BW,6,"['0tdCy39PgWN8LFWu34ORn3', '3oxCefEI6Tc6Z6t20J4IvH', '5u6vkDnOyaf8LsteDAj2ub', '6HR1z11h0ROUlWP4Kx8Z7G', '6m6Oy3F6GG0zRwH03rWmTv', '7vg47qMIEdLfNdTE3WLf0T']"
Travis Scott,0Y5tJX1MQlPlqiwlOH1tJY,21 Savage,1URnnhqYAYcrqrcwql10ft,1,['5u6vkDnOyaf8LsteDAj2ub']
Travis Scott,0Y5tJX1MQlPlqiwlOH1tJY,Offset,4DdkRBBYG6Yk9Ka8tdJ9BW,2,"['5u6vkDnOyaf8LsteDAj2ub', '6urLjX35oXXRYtcH1b3dCh']"
Travis Scott,0Y5tJX1MQlPlqiwlOH1tJY,Metro Boomin,0iEtIxbK0KxaSlF7G42ZOp,2,"['3wAI7MIQtTgwcRmwchPZBc', '5u6vkDnOyaf8LsteDAj2ub']"
Quavo,0VRj0yCOv2FXJNP47XQnx5,21 Savage,1URnnhqYAYcrqrcwql10ft,1,['0tdCy39PgWN8LFWu34ORn3']
Quavo,0VRj0yCOv2FXJNP47XQnx5,Offset,4DdkRBBYG6Yk9Ka8tdJ9BW,2,"['0tdCy39PgWN8LFWu34ORn3', '6urLjX35oXXRYtcH1b3dCh']"
Quavo,0VRj0yCOv2FXJNP47XQnx5,Metro Boomin,0iEtIxbK0KxaSlF7G42ZOp,1,['0tdCy39PgWN8LFWu34ORn3']
Bobby (Boris) Pickett,42MRYPhQfcEXqb18dl5ERX,The Crypt-Kickers,4frDtYgwXXKkbyQzjOmJG5,1,['0xxZY5C9xxij3D1HkzbnfC']
Rihanna,5pKCCKE2ajJHZ9KAiaK11H,N.E.R.D,5wPoxI5si3eJsYYwyXV4Wi,1,['6tUgfsOa8PLkoede5nOR7D']
David Guetta,1Cs0zKBU1kc0i8ypK3B9ai,AFROJACK,4D75GcNG95ebPtNvoNVXhz,1,['0tPQPaOKM32WgMSbPCYyRH']
David Guetta,1Cs0zKBU1kc0i8ypK3B9ai,Charli xcx,25uiPmTg16RbhZWAqwLBy5,1,['0tPQPaOKM32WgMSbPCYyRH']
David Guetta,1Cs0zKBU1kc0i8ypK3B9ai,French Montana,6vXTefBL93Dj5IqAWq6OTv,1,['0tPQPaOKM32WgMSbPCYyRH']
Charli xcx,25uiPmTg16RbhZWAqwLBy5,AFROJACK,4D75GcNG95ebPtNvoNVXhz,1,['0tPQPaOKM32WgMSbPCYyRH']
AFROJACK,4D75GcNG95ebPtNvoNVXhz,French Montana,6vXTefBL93Dj5IqAWq6OTv,1,['0tPQPaOKM32WgMSbPCYyRH']
Charli xcx,25uiPmTg16RbhZWAqwLBy5,French Montana,6vXTefBL93Dj5IqAWq6OTv,1,['0tPQPaOKM32WgMSbPCYyRH']
Yebba,1ooV8YZC1KbpEcrmI8WH0F,Sam Smith,2wY79sveU1sp5g7SokKOiI,1,['5ZX1X9Rl4zbx1Wwyn3idVD']
Kygo,23fqKkggKUBHNkbKtXEls4,OneRepublic,5Pwc4xIPtQLFEnJriah9YJ,1,['5gIRPQWULwrvIt0F6pY7ph']
Prince Royce,3MHaV05u0io8fQbZ2XPtlC,Bad Bunny,4q3ewBCX7sLwd24euuV69X,1,['5hcisvFMidkMJlElTO9Qmw']
J Balvin,1vyhD5VmyZ7KMfW5gqLgo5,Prince Royce,3MHaV05u0io8fQbZ2XPtlC,1,['5hcisvFMidkMJlElTO9Qmw']
Mambo Kingz,2T1aUibqR2QC2sINIDQOAK,Prince Royce,3MHaV05u0io8fQbZ2XPtlC,1,['5hcisvFMidkMJlElTO9Qmw']
Prince Royce,3MHaV05u0io8fQbZ2XPtlC,DJ Luian,64aJYyrXljOodnUG6jvhRD,1,['5hcisvFMidkMJlElTO9Qmw']
J Balvin,1vyhD5VmyZ7KMfW5gqLgo5,Mambo Kingz,2T1aUibqR2QC2sINIDQOAK,1,['5hcisvFMidkMJlElTO9Qmw']
J Balvin,1vyhD5VmyZ7KMfW5gqLgo5,DJ Luian,64aJYyrXljOodnUG6jvhRD,1,['5hcisvFMidkMJlElTO9Qmw']
Nego do Borel,1B0Rp4SWGnFgGCPU5Pju6E,Maluma,1r4hJ1h58CWwUQe3MxPuau,1,['5cepAtqnEQ6yVG6088zMMu']
Big Sean,0c173mlxpT3dSFRgMO8XPh,Metro Boomin,0iEtIxbK0KxaSlF7G42ZOp,4,"['0fWBFDRTIuk8ZgNdZqhCer', '3wAI7MIQtTgwcRmwchPZBc', '42XnD59SFcomCJu55EPhqJ', '7DuvVy7JfFgXwWlVzyyPys']"
Big Sean,0c173mlxpT3dSFRgMO8XPh,21 Savage,1URnnhqYAYcrqrcwql10ft,1,['7DuvVy7JfFgXwWlVzyyPys']
Manuel Turizo,0tmwSHipWxN12fsoLcFU3B,Piso 21,4bw2Am3p9ji3mYsXNXtQcd,1,['1j6xOGusnyXq3l6IryKF3G']
Nicki Minaj,0hCNtLu0JehylgoiP8L4Gh,Lil Uzi Vert,4O15NlyKLIASxsJ0PrXPfz,1,['6GNifiuBPrKFpwNBYnooFm']
Nicki Minaj,0hCNtLu0JehylgoiP8L4Gh,Oh Wonder,5cIc3SBFuBLVxJz58W2tU9,1,['6GNifiuBPrKFpwNBYnooFm']
Beyoncé,6vWDO969PvNqNYHIOW5v0m,Eminem,7dGJo4pcD2V6oG8kP0tJRR,1,['5PIBgH1cUFwu5IiUk9tnN9']
Jason Derulo,07YZf4WDAMNwqr4jfgOZ8y,French Montana,6vXTefBL93Dj5IqAWq6OTv,1,['2z4pcBLQXF2BXKFvd0BuB6']
Lil Uzi Vert,4O15NlyKLIASxsJ0PrXPfz,NAV,7rkW85dBwwrJtlHRDkJDAC,1,['1Faq8G2y56A8fRv7HsLq25']
Kiiara,4u5smJBskI6Adzv08PuiUP,Ty Dolla $ign,7c0XG5cIJTrrAgEC3ULPiq,1,['14EgW52HVqnLHd30bgbPxg']
Future,1RyvyyTE3xzB2ZywiAwp0i,Kiiara,4u5smJBskI6Adzv08PuiUP,1,['14EgW52HVqnLHd30bgbPxg']
Famous Dex,0WOxhx4hikIsyF3CRPLC8W,A$AP Rocky,13ubrt8QOOCPljQ2FL1Kca,1,['0dSIrRkA4PadGll16TgbnV']
Daddy Yankee,4VMYDCV2IEDYJArk749S6m,Camila Cabello,4nDoRrQiYLoBzwC5BhVJzF,1,['3whrwq4DtvucphBPUogRuJ']
Luis Fonsi,4V8Sr092TqfHkfAA5fXXqG,Demi Lovato,6S2OmqARrzebs0tKUEyXyp,1,['2hl6q70unbviGo3g1R7uFx']
MØ,0bdfiayQAKewqEvaU6rXCv,Diplo,5fMUXHkw8R8eOP2RNVYEZX,1,['68m6iwhKElLTBaGRG1LLwE']
Lauren Jauregui,3J0BpFVUc9LeOIVeN5uNhU,Steve Aoki,77AiFEVeAVj2ORpC85QVJs,1,['5mAxA6Q1SIym6dPNiFLUyd']
G-Eazy,02kJSzxNuaWGqwubyUba0Z,Zoe Nash,1yFie7615gesdLbvVVpYU5,1,['2WWruw7ul9N7eqoHELyMc2']
X Ambassadors,3NPpFNZtSTHheNBaWC82rB,mgk,6TIYQ3jFPwQSRmorSezPxX,1,['0OI7AFifLSoGzpb8bdBLLV']
Bebe Rexha,64M6ah0SkkRsnPGtGiRAbb,mgk,6TIYQ3jFPwQSRmorSezPxX,1,['0OI7AFifLSoGzpb8bdBLLV']
X Ambassadors,3NPpFNZtSTHheNBaWC82rB,Bebe Rexha,64M6ah0SkkRsnPGtGiRAbb,1,['0OI7AFifLSoGzpb8bdBLLV']
Flo Rida,0jnsk9HBra6NMjO2oANoPY,Maluma,1r4hJ1h58CWwUQe3MxPuau,1,['6ayTAnEwP3Yo4DOjLsN5r2']
J Balvin,1vyhD5VmyZ7KMfW5gqLgo5,Anitta,7FNnA9vBm6EKceENgCGRMb,1,['3Ga6eKrUFf12ouh9Yw3v2D']
BTS,3Nrfpe0tUJi4K4DXYWgMUX,Desiigner,7pFeBzX627ff0VnN6bxPR4,1,['7Ed6BkggCS2KaKY5YlINaF']
BTS,3Nrfpe0tUJi4K4DXYWgMUX,Steve Aoki,77AiFEVeAVj2ORpC85QVJs,1,['7Ed6BkggCS2KaKY5YlINaF']
Steve Aoki,77AiFEVeAVj2ORpC85QVJs,Desiigner,7pFeBzX627ff0VnN6bxPR4,1,['7Ed6BkggCS2KaKY5YlINaF']
Craig David,2JyWXPbkqI5ZJa3gwqVa0c,Bastille,7EQ0qTo7fWT7DPxmxtSYEc,1,['34t13rSSZtr22CjcmroMmh']
Maluma,1r4hJ1h58CWwUQe3MxPuau,French Montana,6vXTefBL93Dj5IqAWq6OTv,1,['3t6j6WNv2OSn6qm5Vxynub']
Anita Kerr Singers,0vbEs3DgphJ2RGZqh4qFLT,Bobby Helms,38EmEgXkgK51MT2tPY0EoC,1,['4IdXngKo4g5exqZ0fQTecu']
B. Swanson Quartet,0JXiS2FrAg3wQYJHcmZdrc,Frank Sinatra,1Mxqyy3pSjf8kZZL4QVxS0,1,['0SUKNXEqZnRw7g0NO139FM']
The Harlem Community Choir,0vneleczrRRNPF1vj0x0vy,John Lennon,4x1nvY2FN8jxqAFA0DA02H,1,['3zJw3rugfpVrmBeDDnUYzy']
The Plastic Ono Band,4m2kfAHEnK7Z7qLGxeWtro,John Lennon,4x1nvY2FN8jxqAFA0DA02H,1,['3zJw3rugfpVrmBeDDnUYzy']
Yoko Ono,2s4tjL6W3qrblOe0raIzwJ,John Lennon,4x1nvY2FN8jxqAFA0DA02H,1,['3zJw3rugfpVrmBeDDnUYzy']
The Harlem Community Choir,0vneleczrRRNPF1vj0x0vy,The Plastic Ono Band,4m2kfAHEnK7Z7qLGxeWtro,1,['3zJw3rugfpVrmBeDDnUYzy']
The Harlem Community Choir,0vneleczrRRNPF1vj0x0vy,Yoko Ono,2s4tjL6W3qrblOe0raIzwJ,1,['3zJw3rugfpVrmBeDDnUYzy']
Yoko Ono,2s4tjL6W3qrblOe0raIzwJ,The Plastic Ono Band,4m2kfAHEnK7Z7qLGxeWtro,1,['3zJw3rugfpVrmBeDDnUYzy']
Ken Darby Singers,69UfPJgUmFFAVT740qGVZi,Bing Crosby,6ZjFtWeHP9XN7FeKSUe80S,1,['3XsaSIPWvM61RIFfeb0BBR']
Bing Crosby,6ZjFtWeHP9XN7FeKSUe80S,John Scott Trotter & His Orchestra,735L650pvygCZZlPMyHqsN,1,['3XsaSIPWvM61RIFfeb0BBR']
Ken Darby Singers,69UfPJgUmFFAVT740qGVZi,John Scott Trotter & His Orchestra,735L650pvygCZZlPMyHqsN,1,['3XsaSIPWvM61RIFfeb0BBR']
Kodak Black,46SHBwWsqBkxI7EeeBEQG7,Lil Wayne,55Aa2cqylxrFIXC767Z865,1,['4DTpngLjoHj5gFxEZFeD3J']
Ed Sheeran,6eUKZXaKkcviH0Ku9w2n3V,Beyoncé,6vWDO969PvNqNYHIOW5v0m,1,['1bhUWB0zJMIKr9yVPrkEuI']
G-Eazy,02kJSzxNuaWGqwubyUba0Z,Halsey,26VFTg2z8YR0cCuwLzESi2,1,['5k38wzpLb15YgncyWdTZE4']
David Guetta,1Cs0zKBU1kc0i8ypK3B9ai,Martin Garrix,60d24wfXkVzDSfLS6hyCjZ,1,['0OlnLZY4cmQzT6ZGttvWBM']
Jamie Scott,29QbBR0oTzA7A0kiOzrbbr,Martin Garrix,60d24wfXkVzDSfLS6hyCjZ,1,['0OlnLZY4cmQzT6ZGttvWBM']
Romy Dya,5gWzmnHTLNXz5CjOc0wAuK,Martin Garrix,60d24wfXkVzDSfLS6hyCjZ,1,['0OlnLZY4cmQzT6ZGttvWBM']
David Guetta,1Cs0zKBU1kc0i8ypK3B9ai,Jamie Scott,29QbBR0oTzA7A0kiOzrbbr,1,['0OlnLZY4cmQzT6ZGttvWBM']
David Guetta,1Cs0zKBU1kc0i8ypK3B9ai,Romy Dya,5gWzmnHTLNXz5CjOc0wAuK,1,['0OlnLZY4cmQzT6ZGttvWBM']
Jamie Scott,29QbBR0oTzA7A0kiOzrbbr,Romy Dya,5gWzmnHTLNXz5CjOc0wAuK,1,['0OlnLZY4cmQzT6ZGttvWBM']
Taylor Swift,06HL4z0CvFAxyc27GXpf02,Ed Sheeran,6eUKZXaKkcviH0Ku9w2n3V,1,['2x0WlnmfG39ZuDmstl9xfX']
Taylor Swift,06HL4z0CvFAxyc27GXpf02,Future,1RyvyyTE3xzB2ZywiAwp0i,1,['2x0WlnmfG39ZuDmstl9xfX']
Future,1RyvyyTE3xzB2ZywiAwp0i,Ed Sheeran,6eUKZXaKkcviH0Ku9w2n3V,1,['2x0WlnmfG39ZuDmstl9xfX']
The Pogues,2wzMOQwNT6ZvVB4amvhFAH,Kirsty MacColl,6UlNIFEuWlBqb4TvlVCekq,1,['3VTNVsTTu05dmTsVFrmGpK']
Damso,2UwqpfQtNuhBwviIC0f2ie,Booba,58wXmynHaAWI5hwlPZP3qL,1,['6xqAP7kpdgCy8lERQHh29c']
The Fontane Sisters,1Ml4OuStDoympbREURAM15,Perry Como,5v8jlSmAQfrkTjAlpUfWtu,1,['6IeK3Ap5m3HabwJxgI6eSE']
Mitchell Ayres & His Orchestra,0HS96tPggl2nwiz3gNWWI5,Perry Como,5v8jlSmAQfrkTjAlpUfWtu,1,['6IeK3Ap5m3HabwJxgI6eSE']
Mitchell Ayres & His Orchestra,0HS96tPggl2nwiz3gNWWI5,The Fontane Sisters,1Ml4OuStDoympbREURAM15,1,['6IeK3Ap5m3HabwJxgI6eSE']
Michael Bublé,1GxkXlMwML1oSg5eLPiAz3,Shania Twain,5e4Dhzv426EvQe3aDb64jL,1,['2gbCG4Rt9984UZ7Tc0dIFd']
Henri René and His Orchestra,0oK8UXKZbQezeRhE0KeBAV,Eartha Kitt,1AwO9pWEBSBoWdEZu28XDC,1,['1foCxQtxBweJtZmdxhEHVO']
Marshmello,64KEffDW9EtZ1y2vBYgq8T,Migos,6oMuImdp5ZcFhWP0ESe6mG,1,['0nhVrTiCGiGRCoZOJiWzm1']
G-Eazy,02kJSzxNuaWGqwubyUba0Z,Charlie Puth,6VuMaDnrHyPL1p4EHjYLi7,1,['3qk4wRMDlaeagZGjSYbsOV']
Charli xcx,25uiPmTg16RbhZWAqwLBy5,Tove Lo,4NHQUGzhtTLFvgF5SZesLK,1,['1So1tVk3gybvc2I0JY8K22']
Charli xcx,25uiPmTg16RbhZWAqwLBy5,ALMA,6c0mTNAxJxlp9HpKTUZwA8,1,['1So1tVk3gybvc2I0JY8K22']
Tove Lo,4NHQUGzhtTLFvgF5SZesLK,ALMA,6c0mTNAxJxlp9HpKTUZwA8,1,['1So1tVk3gybvc2I0JY8K22']
Big Sean,0c173mlxpT3dSFRgMO8XPh,2 Chainz,17lzZA2AlOHwCwFALHttmp,1,['42XnD59SFcomCJu55EPhqJ']
Metro Boomin,0iEtIxbK0KxaSlF7G42ZOp,2 Chainz,17lzZA2AlOHwCwFALHttmp,1,['42XnD59SFcomCJu55EPhqJ']
Travis Scott,0Y5tJX1MQlPlqiwlOH1tJY,Trippie Redd,6Xgp2XMz1fhVYe7i6yNAax,1,['4apiNNK0jp9uqn3JDG9My1']
Big Sean,0c173mlxpT3dSFRgMO8XPh,Kash Doll,3u579Gdap91lMptBSdXTpf,1,['0fWBFDRTIuk8ZgNdZqhCer']
Metro Boomin,0iEtIxbK0KxaSlF7G42ZOp,Kash Doll,3u579Gdap91lMptBSdXTpf,1,['0fWBFDRTIuk8ZgNdZqhCer']
Michael Bublé,1GxkXlMwML1oSg5eLPiAz3,The Puppini Sisters,1svaANJTE5KrG16fTGDqOs,1,['3nfxV3jfRcRWISwek49LTg']
Charlie Puth,6VuMaDnrHyPL1p4EHjYLi7,French Montana,6vXTefBL93Dj5IqAWq6OTv,1,['6ju3FaV3aVLzGzwERKZuFK']
Ed Sheeran,6eUKZXaKkcviH0Ku9w2n3V,Eminem,7dGJo4pcD2V6oG8kP0tJRR,1,['1cS0TgbR263ey9jn0MwD2s']
Alicia Keys,3DiDSECUqqY1AuBP8qtaIa,Eminem,7dGJo4pcD2V6oG8kP0tJRR,1,['2rozzUGTRWqhTa2NzJAl8I']
PHresher,0FTrIsp2Mg7Bkf8eXQrISa,Eminem,7dGJo4pcD2V6oG8kP0tJRR,1,['2MdMjF20umbTe4y2FgdnG8']
X Ambassadors,3NPpFNZtSTHheNBaWC82rB,Eminem,7dGJo4pcD2V6oG8kP0tJRR,1,['5p9ufaI7TwrlXtmiKCz3q3']
Skylar Grey,4utLUGcTvOJFr6aqIJtYWV,Eminem,7dGJo4pcD2V6oG8kP0tJRR,1,['107CfwBqfICzcKur8k7UCA']
Kehlani,0cGUm45nv7Z6M6qdXYQGTX,Eminem,7dGJo4pcD2V6oG8kP0tJRR,1,['6Ww0J5EFjiPxkgZpEkRQVN']
Pink,2IaM2MOwxviyS7FytyD2iA,Eminem,7dGJo4pcD2V6oG8kP0tJRR,1,['4hGZxsGcFnuCJXn25EWj5j']
Kendrick Lamar,2YZyLoL8N0Wb9xBt1NhZWg,N.E.R.D,5wPoxI5si3eJsYYwyXV4Wi,1,['2svutFGaCycRmYc1mWbfQh']
Pharrell Williams,2RdwBSPQiwcmiDo9kixcl8,N.E.R.D,5wPoxI5si3eJsYYwyXV4Wi,1,['2svutFGaCycRmYc1mWbfQh']
Pharrell Williams,2RdwBSPQiwcmiDo9kixcl8,Kendrick Lamar,2YZyLoL8N0Wb9xBt1NhZWg,1,['2svutFGaCycRmYc1mWbfQh']
Andrea Bocelli,3EA9hVIzKfFiQI0Kikz2wo,Ed Sheeran,6eUKZXaKkcviH0Ku9w2n3V,1,['3zl7j5ua8mF4JDYuxrfo01']
G-Eazy,02kJSzxNuaWGqwubyUba0Z,Drew Love,76yeOnINtQSXyoEHbkYmtY,1,['7aW0z1jKq6FgB7ffpbocg6']
Future,1RyvyyTE3xzB2ZywiAwp0i,MC Fioti,2W6kbe0nm96COrHzNmfLLd,1,['4zWO4gvuFtw6EJZC5FFGlr']
J Balvin,1vyhD5VmyZ7KMfW5gqLgo5,MC Fioti,2W6kbe0nm96COrHzNmfLLd,1,['4zWO4gvuFtw6EJZC5FFGlr']
Stefflon Don,2ExGrw6XpbtUAJHTLtUXUD,MC Fioti,2W6kbe0nm96COrHzNmfLLd,1,['4zWO4gvuFtw6EJZC5FFGlr']
Juan Magán,1ackd5XprZEkH3McKbQD51,MC Fioti,2W6kbe0nm96COrHzNmfLLd,1,['4zWO4gvuFtw6EJZC5FFGlr']
Future,1RyvyyTE3xzB2ZywiAwp0i,J Balvin,1vyhD5VmyZ7KMfW5gqLgo5,1,['4zWO4gvuFtw6EJZC5FFGlr']
Future,1RyvyyTE3xzB2ZywiAwp0i,Stefflon Don,2ExGrw6XpbtUAJHTLtUXUD,1,['4zWO4gvuFtw6EJZC5FFGlr']
Future,1RyvyyTE3xzB2ZywiAwp0i,Juan Magán,1ackd5XprZEkH3McKbQD51,1,['4zWO4gvuFtw6EJZC5FFGlr']
J Balvin,1vyhD5VmyZ7KMfW5gqLgo5,Stefflon Don,2ExGrw6XpbtUAJHTLtUXUD,1,['4zWO4gvuFtw6EJZC5FFGlr']
Juan Magán,1ackd5XprZEkH3McKbQD51,J Balvin,1vyhD5VmyZ7KMfW5gqLgo5,1,['4zWO4gvuFtw6EJZC5FFGlr']
Juan Magán,1ackd5XprZEkH3McKbQD51,Stefflon Don,2ExGrw6XpbtUAJHTLtUXUD,1,['4zWO4gvuFtw6EJZC5FFGlr']
ZAAC,76Xa625geVw0Q7BdyxNjA2,Anitta,7FNnA9vBm6EKceENgCGRMb,1,['6u0EAxf1OJTLS7CvInuNd7']
Maejor,3XcCT5MPlQPWFTJyzXbfuX,Anitta,7FNnA9vBm6EKceENgCGRMb,1,['6u0EAxf1OJTLS7CvInuNd7']
Tropkillaz,5bzWtCkjIAMgN93gLt56SO,Anitta,7FNnA9vBm6EKceENgCGRMb,1,['6u0EAxf1OJTLS7CvInuNd7']
DJ Yuri Martins,0xA8Rmfl9di0sVaPl9AyR9,Anitta,7FNnA9vBm6EKceENgCGRMb,1,['6u0EAxf1OJTLS7CvInuNd7']
Maejor,3XcCT5MPlQPWFTJyzXbfuX,ZAAC,76Xa625geVw0Q7BdyxNjA2,1,['6u0EAxf1OJTLS7CvInuNd7']
Tropkillaz,5bzWtCkjIAMgN93gLt56SO,ZAAC,76Xa625geVw0Q7BdyxNjA2,1,['6u0EAxf1OJTLS7CvInuNd7']
DJ Yuri Martins,0xA8Rmfl9di0sVaPl9AyR9,ZAAC,76Xa625geVw0Q7BdyxNjA2,1,['6u0EAxf1OJTLS7CvInuNd7']
Maejor,3XcCT5MPlQPWFTJyzXbfuX,Tropkillaz,5bzWtCkjIAMgN93gLt56SO,1,['6u0EAxf1OJTLS7CvInuNd7']
DJ Yuri Martins,0xA8Rmfl9di0sVaPl9AyR9,Maejor,3XcCT5MPlQPWFTJyzXbfuX,1,['6u0EAxf1OJTLS7CvInuNd7']
DJ Yuri Martins,0xA8Rmfl9di0sVaPl9AyR9,Tropkillaz,5bzWtCkjIAMgN93gLt56SO,1,['6u0EAxf1OJTLS7CvInuNd7']
Travis Scott,0Y5tJX1MQlPlqiwlOH1tJY,Huncho Jack,6extd4B6hl8VTmnlhpl2bY,13,"['11cCVYamncF0ezwjj1irQ0', '2hIFuoXhzcZGvmdtSE35lc', '4RgoqOBE34Q6zZj8K7RUAx', '4vwfOiyWxXeEdx4ejAJgdx', '5vuiHi3QYbwcm1OKJOYnrf', '628Ueb4sRiXApObhcU9iPU', '6urLjX35oXXRYtcH1b3dCh', '7CWiWkccuRRdrmaW6AjVEf', '7J6bnDDitOwfelaJNixHhL', '7JGyxh8G8QZnu4AMJuCqlj', '7bTH8LgGSwyNNE4r1k95Zp', '7foypmc7KZyU716Yv63BPe', '7g7raxdQpiLZT7aOlib4S1']"
Quavo,0VRj0yCOv2FXJNP47XQnx5,Huncho Jack,6extd4B6hl8VTmnlhpl2bY,13,"['11cCVYamncF0ezwjj1irQ0', '2hIFuoXhzcZGvmdtSE35lc', '4RgoqOBE34Q6zZj8K7RUAx', '4vwfOiyWxXeEdx4ejAJgdx', '5vuiHi3QYbwcm1OKJOYnrf', '628Ueb4sRiXApObhcU9iPU', '6urLjX35oXXRYtcH1b3dCh', '7CWiWkccuRRdrmaW6AjVEf', '7J6bnDDitOwfelaJNixHhL', '7JGyxh8G8QZnu4AMJuCqlj', '7bTH8LgGSwyNNE4r1k95Zp', '7foypmc7KZyU716Yv63BPe', '7g7raxdQpiLZT7aOlib4S1']"
Takeoff,3EW0kQ1skZiK1NHg3Spt9J,Huncho Jack,6extd4B6hl8VTmnlhpl2bY,1,['4vwfOiyWxXeEdx4ejAJgdx']
Travis Scott,0Y5tJX1MQlPlqiwlOH1tJY,Takeoff,3EW0kQ1skZiK1NHg3Spt9J,1,['4vwfOiyWxXeEdx4ejAJgdx']
Quavo,0VRj0yCOv2FXJNP47XQnx5,Takeoff,3EW0kQ1skZiK1NHg3Spt9J,1,['4vwfOiyWxXeEdx4ejAJgdx']
Offset,4DdkRBBYG6Yk9Ka8tdJ9BW,Huncho Jack,6extd4B6hl8VTmnlhpl2bY,1,['6urLjX35oXXRYtcH1b3dCh']
21 Savage,1URnnhqYAYcrqrcwql10ft,Cardi B,4kYSro6naA4h99UJvo89HB,1,['0dIoGTQXDh1wVnhIiSyYEa']
Michael Bublé,1GxkXlMwML1oSg5eLPiAz3,Idina Menzel,73Np75Wv2tju61Eo9Zw4IR,1,['0Ie5uiv54KgCr7P4sYDTHl']
Blake Shelton,1UTPBmNbXNTittyMJrNkvw,Gwen Stefani,4yiQZ8tQPux8cPriYMWUFP,1,['2OQ6a4CfUeYskpTTgyawyJ']
The Andrews Sisters,2NCGI6dLTxLdI9XHdv7QfM,Bing Crosby,6ZjFtWeHP9XN7FeKSUe80S,2,"['04vLj9QUXoKdRlsp3gkURo', '4Zo33RKIwOIiVsZZtXsKU4']"
Tony Bennett,2lolQgalUvZDfp5vvVtTYV,Count Basie Big Band,5OBN8AfE5Rv0K9lbAg16cO,1,['2VsCE6ui7N4IRzGIGT7Di8']
Joe Reisman's Orchestra and Chorus,2qkfMoOIz3BqLD91C1B09a,Lou Monte,7dbKeVkihtOifdiu7f3rUg,1,['1BB9hv4471pPlNqOAnDglV']
Quavo,0VRj0yCOv2FXJNP47XQnx5,Quality Control,6i392l38cR3uBPF0DbNs7S,1,['3wdfLVUhmX64lIyWIIEW8s']
Quality Control,6i392l38cR3uBPF0DbNs7S,Lil Yachty,6icQOAFXDZKsumw3YXyusw,1,['3wdfLVUhmX64lIyWIIEW8s']
Quavo,0VRj0yCOv2FXJNP47XQnx5,Lil Yachty,6icQOAFXDZKsumw3YXyusw,1,['3wdfLVUhmX64lIyWIIEW8s']
Ozuna,1i8SpTcr7yvPOmcqrbnVXY,Cardi B,4kYSro6naA4h99UJvo89HB,1,['2m2ZGfJcs3lHWNPzhWH3XH']
Calvin Harris,7CajNmpbOovFoOoasH2HaY,SZA,7tYKF4w9nC0nq9CsPZTHyP,1,['0P6AWOA4LG1XOctzaVu5tt']
Funk Wav,4A0TivfinfALCAMJqqjZIk,SZA,7tYKF4w9nC0nq9CsPZTHyP,1,['0P6AWOA4LG1XOctzaVu5tt']
Zac Efron,6U1dBXJhC8gXFjamvFTmHg,Zendaya,6sCbFbEjbYepqswM1vWjjs,2,"['43ay9lQZ5rfNcOOHhRF2cM', '630sXRhIcfwr2e4RdNtjKN']"
The Greatest Showman Ensemble,63nv0hWWDob56Rk8GlNpN8,Keala Settle,7HV2RI2qNug4EcQqLbCAKS,2,"['2xGjteMU3E1tkEPVFBO08U', '43ay9lQZ5rfNcOOHhRF2cM']"
Juan Magán,1ackd5XprZEkH3McKbQD51,Belinda,5LeiVcEnsZcwc133TUhJNW,1,['3xWEI23MLJrD0dpDcDUTW6']
Manuel Turizo,0tmwSHipWxN12fsoLcFU3B,Juan Magán,1ackd5XprZEkH3McKbQD51,1,['3xWEI23MLJrD0dpDcDUTW6']
Juan Magán,1ackd5XprZEkH3McKbQD51,Snova,5oOyEfGd8NxAKA41zGQhoj,1,['3xWEI23MLJrD0dpDcDUTW6']
Juan Magán,1ackd5XprZEkH3McKbQD51,B-Case,1o9x7ez0NvhDb7gBqrYnUj,1,['3xWEI23MLJrD0dpDcDUTW6']
Manuel Turizo,0tmwSHipWxN12fsoLcFU3B,Belinda,5LeiVcEnsZcwc133TUhJNW,1,['3xWEI23MLJrD0dpDcDUTW6']
Belinda,5LeiVcEnsZcwc133TUhJNW,Snova,5oOyEfGd8NxAKA41zGQhoj,1,['3xWEI23MLJrD0dpDcDUTW6']
B-Case,1o9x7ez0NvhDb7gBqrYnUj,Belinda,5LeiVcEnsZcwc133TUhJNW,1,['3xWEI23MLJrD0dpDcDUTW6']
Manuel Turizo,0tmwSHipWxN12fsoLcFU3B,Snova,5oOyEfGd8NxAKA41zGQhoj,1,['3xWEI23MLJrD0dpDcDUTW6']
Manuel Turizo,0tmwSHipWxN12fsoLcFU3B,B-Case,1o9x7ez0NvhDb7gBqrYnUj,1,['3xWEI23MLJrD0dpDcDUTW6']
B-Case,1o9x7ez0NvhDb7gBqrYnUj,Snova,5oOyEfGd8NxAKA41zGQhoj,1,['3xWEI23MLJrD0dpDcDUTW6']
Hugh Jackman,5F1aoppMtU3OMiltO8ymJ2,Keala Settle,7HV2RI2qNug4EcQqLbCAKS,1,['43ay9lQZ5rfNcOOHhRF2cM']
Hugh Jackman,5F1aoppMtU3OMiltO8ymJ2,Zac Efron,6U1dBXJhC8gXFjamvFTmHg,1,['43ay9lQZ5rfNcOOHhRF2cM']
Hugh Jackman,5F1aoppMtU3OMiltO8ymJ2,Zendaya,6sCbFbEjbYepqswM1vWjjs,1,['43ay9lQZ5rfNcOOHhRF2cM']
Hugh Jackman,5F1aoppMtU3OMiltO8ymJ2,The Greatest Showman Ensemble,63nv0hWWDob56Rk8GlNpN8,1,['43ay9lQZ5rfNcOOHhRF2cM']
Zac Efron,6U1dBXJhC8gXFjamvFTmHg,Keala Settle,7HV2RI2qNug4EcQqLbCAKS,1,['43ay9lQZ5rfNcOOHhRF2cM']
Zendaya,6sCbFbEjbYepqswM1vWjjs,Keala Settle,7HV2RI2qNug4EcQqLbCAKS,1,['43ay9lQZ5rfNcOOHhRF2cM']
The Greatest Showman Ensemble,63nv0hWWDob56Rk8GlNpN8,Zac Efron,6U1dBXJhC8gXFjamvFTmHg,1,['43ay9lQZ5rfNcOOHhRF2cM']
The Greatest Showman Ensemble,63nv0hWWDob56Rk8GlNpN8,Zendaya,6sCbFbEjbYepqswM1vWjjs,1,['43ay9lQZ5rfNcOOHhRF2cM']
Nicki Minaj,0hCNtLu0JehylgoiP8L4Gh,A$AP Ferg,5dHt1vcEm9qb8fCyLcB3HL,1,['2YzmfPLqUx5CJOaw5ThsBV']
Nick Waterhouse,0V7uVrIYr4FwFvUN9S4kYr,Ofenbach,4AKwRarlmsUlLjIwt38NLw,1,['2NF8A7C6tICScdRaZ0BrEe']
Shaggy,5EvFsr3kj42KNv97ZEnqij,Rik Rok,67wCYxOq4A1ohAs7jWYaOJ,1,['1lzr43nnXAijIGYnCT8M8H']
Eurythmics,0NKDgy9j66h3DLnN8qu1bB,Annie Lennox,5MspMQqdVbdwP6ax3GXqum,1,['1TfqLAPs4K3s2rJMoCokcS']
Eurythmics,0NKDgy9j66h3DLnN8qu1bB,Dave Stewart,7gcCQIlkkfbul5Mt0jBQkg,1,['1TfqLAPs4K3s2rJMoCokcS']
Annie Lennox,5MspMQqdVbdwP6ax3GXqum,Dave Stewart,7gcCQIlkkfbul5Mt0jBQkg,1,['1TfqLAPs4K3s2rJMoCokcS']
Shakira,0EmeFodog0BfCgMzAIvKQp,Wyclef Jean,7aBzpmFXB4WWpPl2F7RjBe,1,['3ZFTkvIE7kyPt6Nu3PEa7V']
Don Omar,33ScadVnbm2X8kkUqOkC6Z,Lucenzo,5bv5RplEOwdCvhq0EILh9E,1,['2a1o6ZejUi8U3wzzOtCOYw']
Drake,3TVXtAsR1Inumwj472S9r4,,,0,[]
Bruno Mars,0du5cEVh5yTK9QJze8zA0C,,,0,[]
James Arthur,4IWBUUAFIplrNtaOHcJPRM,,,0,[]
Justin Timberlake,31TPClRtHm23RisEBtV3X7,,,0,[]
Shawn Mendes,7n2wHs1TKAczGzO7Dd2rGr,,,0,[]
Calvin Harris,7CajNmpbOovFoOoasH2HaY,,,0,[]
Twenty One Pilots,3YQKmKGau1PzlVlkL1iodx,,,0,[]
Sia,5WUlDfRSoLAfcVSX1WnrxN,,,0,[]
CNCO,0eecdvMrqBftK0M1VKhaF4,,,0,[]
Alessia Cara,2wUjUUtkb5lvLKcGKsKqsR,,,0,[]
Aminé,3Gm5F95VdRxW3mqCn8RPBJ,,,0,[]
Sage The Gemini,6d47Z08T4snK50HgTEHo5Z,,,0,[]
John Legend,5y2Xq6xcjJb2jVM54GHK3t,,,0,[]
Alan Walker,7vk5e3vY1uw9plTHJAMwjN,,,0,[]
Zara Larsson,1Xylc3o4UrD53lo9CvFvVg,,,0,[]
Big Sean,0c173mlxpT3dSFRgMO8XPh,,,0,[]
Justin Bieber,1uNFoZAHBGtllmzznpCI3s,,,0,[]
DNCE,6T5tfhQCknKG4UnH90qGnz,,,0,[]
The Weeknd,1Xyo4u8uXC1ZmMpatF05PJ,,,0,[]
Desiigner,7pFeBzX627ff0VnN6bxPR4,,,0,[]
Ariana Grande,66CXWjxzNUsdJxJ2JdwvnR,,,0,[]
J. Cole,6l3HvQ5sa6mXTsMTB19rO5,,,0,[]
Daddy Yankee,4VMYDCV2IEDYJArk749S6m,,,0,[]
Sebastian Yatra,07YUOmWljBTXwIseAUd9TW,,,0,[]
Adele,4dpARuHxo51G3z768sgnrY,,,0,[]
Martin Jensen,4ehtJnVumNf6xzSCDk8aLB,,,0,[]
MC G15,3Nipsl6GVwwGyeAk0J29C6,,,0,[]
Rihanna,5pKCCKE2ajJHZ9KAiaK11H,,,0,[]
Rag'n'Bone Man,4f9iBmdUOhQWeP7dcAn1pf,,,0,[]
Lukas Graham,25u4wHJWxCA9vO0CzxAbK7,,,0,[]
Young M.A,7LvoDJUNGnOrPdGRzVtOJ9,,,0,[]
Luke Christopher,787bCXOIvGeBw0Bc4kEjhD,,,0,[]
Little Mix,3e7awlrlDSwF3iM0WBjGMp,,,0,[]
Ozuna,1i8SpTcr7yvPOmcqrbnVXY,,,0,[]
Michael Jackson,3fMbdgg4jU18AjLCKBhRSm,,,0,[]
Maluma,1r4hJ1h58CWwUQe3MxPuau,,,0,[]
Petit Biscuit,6gK1Uct5FEdaUWRWpU4Cl2,,,0,[]
MØ,0bdfiayQAKewqEvaU6rXCv,,,0,[]
Jon Bellion,50JJSqHUf2RQ9xsHs0KMHg,,,0,[]
Andy Grammer,2oX42qP5ineK3hrhBECLmj,,,0,[]
Wisin,3E6xrwgnVfYCrCs0ePERDz,,,0,[]
Queen,1dfeR4HaWDbWqFHLkxsg1d,,,0,[]
Lil Uzi Vert,4O15NlyKLIASxsJ0PrXPfz,,,0,[]
Ed Sheeran,6eUKZXaKkcviH0Ku9w2n3V,,,0,[]
ZAYN,5ZsFI1h6hIdQRw2ti0hz81,,,0,[]
Foster The People,7gP3bB2nilZXLfPHJhMdvc,,,0,[]
Childish Gambino,73sIBHcqh3Z3NyqHKZ7FOL,,,0,[]
Galantis,4sTQVOfp9vEMCemLw50sbu,,,0,[]
Pharrell Williams,2RdwBSPQiwcmiDo9kixcl8,,,0,[]
Niall Horan,1Hsdzj7Dlq2I7tHP7501T4,,,0,[]
Bebe Rexha,64M6ah0SkkRsnPGtGiRAbb,,,0,[]
The Jackson 5,2iE18Oxc8YSumAU232n4rW,,,0,[]
AJR,6s22t5Y3prQHyaHWUN1R1C,,,0,[]
Calum Scott,6ydoSd3N2mwgwBHtF6K7eX,,,0,[]
Kiiara,4u5smJBskI6Adzv08PuiUP,,,0,[]
Nicky Jam,1SupJlEpv7RS2tPNRaHViT,,,0,[]
Flo Rida,0jnsk9HBra6NMjO2oANoPY,,,0,[]
Rae Sremmurd,7iZtZyCzp3LItcw1wtPI3D,,,0,[]
Travis Scott,0Y5tJX1MQlPlqiwlOH1tJY,,,0,[]
San Holo,0jNDKefhfSbLR9sFvcPLHo,,,0,[]
State of Sound,05o1zW8b6PV6rEquXr74sB,,,0,[]
Joel Adams,36jaGQtMj5UWD0eO1fCVdD,,,0,[]
Coldplay,4gzpq5DPGxSnKTe4SA8HAU,,,0,[]
Anne-Marie,1zNqDE7qDGCsyzJwohVaoX,,,0,[]
J Balvin,1vyhD5VmyZ7KMfW5gqLgo5,,,0,[]
Tove Lo,4NHQUGzhtTLFvgF5SZesLK,,,0,[]
James Hersey,0lzV2CiahHRiGd6qpADtPS,,,0,[]
Eminem,7dGJo4pcD2V6oG8kP0tJRR,,,0,[]
M.I.A.,0QJIPDAEDILuo8AIq3pMuU,,,0,[]
James Bay,4EzkuveR9pLvDVFNx6foYD,,,0,[]
Kanye West,5K4W6rqBFWDnAN6FQUkS6x,,,0,[]
Post Malone,246dkjvS1zLTtiykXe5h60,,,0,[]
MiC LOWRY,0AJUYWKztkg5dnrHDIBv47,,,0,[]
Stevie Wonder,7guDJrEfX3qb6FEbdPA5qi,,,0,[]
JP Cooper,4kYGAK2zu9EAomwj3hXkXy,,,0,[]
Lady Gaga,1HY2Jd0NmPuamShAr6KMms,,,0,[]
Milky Chance,1hzfo8twXdOegF3xireCYs,,,0,[]
Passenger,0gadJ2b9A4SKsB1RFkBb66,,,0,[]
Sam Smith,2wY79sveU1sp5g7SokKOiI,,,0,[]
Maroon 5,04gDigrS5kc9YWfZHwBETP,,,0,[]
Selena Gomez,0C8ZW7ezQVs4URX5aX7Kqx,,,0,[]
The Killers,0C0XlULifJtAgn6ZNCW2eu,,,0,[]
Bryson Tiller,2EMAnMvWE2eb56ToJVfCWs,,,0,[]
Hozier,2FXC3k01G6Gw61bmprjgqS,,,0,[]
Isaiah Firebrace,5lXfVoQxVgC5fpjkVqvNYn,,,0,[]
VÉRITÉ,1Fr6agZ6iSM5Ynn2k4C8sc,,,0,[]
The xx,3iOvXCl6edW5Um0fXEBRXy,,,0,[]
London Grammar,3Bd1cgCjtCI32PYvDC3ynO,,,0,[]
A R I Z O N A,7hOGhpa8RMSuDOWntGIAJt,,,0,[]
The Chainsmokers,69GGBxA162lTqCwzJG5jLp,,,0,[]
Halsey,26VFTg2z8YR0cCuwLzESi2,,,0,[]
Olivia Holt,188VINPQh5dyNfLUkevKqf,,,0,[]
Lauv,5JZ7CnR6gTvEMKX4g70Amv,,,0,[]
Migos,6oMuImdp5ZcFhWP0ESe6mG,,,0,[]
La La Land Cast,6T70tWxqyIpdVbsFvPzqM3,,,0,[]
Julia Michaels,0ZED1XzwlLHW4ZaG4lOT6m,,,0,[]
PnB Rock,21WS9wngs9AqFckK7yYJPM,,,0,[]
Oasis,2DaxqgrOhkeH0fpeiQq2f4,,,0,[]
John Mayer,0hEurMDQu99nJRq8pTxO14,,,0,[]
Ugly God,3Fdm9TFJQCLmC3AWMuGExi,,,0,[]
Imagine Dragons,53XhwfbYqKCa1cC15pYq2q,,,0,[]
James Blunt,7KMqksf0UMdyA0UCf4R3ux,,,0,[]
Cosculluela,00me4Ke1LsvMxt5kydlMyU,,,0,[]
Beyoncé,6vWDO969PvNqNYHIOW5v0m,,,0,[]
Ryan Gosling,6kXm2YCtdUOpRYNKeKhfue,,,0,[]
Justin Hurwitz,2snm3HmsnDUDxbIChdl2Oj,,,0,[]
Khalid,6LuN9FCkKOj5PcnpouEgny,,,0,[]
Sam Hunt,2kucQ9jQwuD8jWdtR9Ef38,,,0,[]
Alesso,4AVFqumd2ogHFlRbKIjp1t,,,0,[]
Aaron Carter,5338fdSzGNOFD4cxAxDTeq,,,0,[]
KALEO,7jdFEYD2LTYjfwxOdlVjmc,,,0,[]
Journey,0rvjqX7ttXeg3mTy8Xscbt,,,0,[]
Sigrid,4TrraAsitQKl821DQY42cZ,,,0,[]
Dua Lipa,6M2wZ9GZgrQXHCFfjv46we,,,0,[]
XXXTENTACION,15UsOTVnJzReFVN1VCnxy4,,,0,[]
Sabrina Carpenter,74KM79TiuVKeVCqs8QtB0B,,,0,[]
BTS,3Nrfpe0tUJi4K4DXYWgMUX,,,0,[]
Marian Hill,1xHQO9GJIW9OXHxGBISYc5,,,0,[]
Chance the Rapper,1anyVhU62p31KFi8MEzkbf,,,0,[]
Ellie Goulding,0X2BH1fck6amBIoJhDVmmJ,,,0,[]
Christina Perri,7H55rcKCfwqkyDFH9wpKM6,,,0,[]
The Goo Goo Dolls,2sil8z5kiy4r76CRTXxBCA,,,0,[]
Snow Patrol,3rIZMv9rysU7JkLzEaC5Jp,,,0,[]
Bon Iver,4LEiUm1SRbFMgfqnQTwUbQ,,,0,[]
Future,1RyvyyTE3xzB2ZywiAwp0i,,,0,[]
Danny Ocean,5H1nN1SzW0qNeUEZvuXjAj,,,0,[]
Kodak Black,46SHBwWsqBkxI7EeeBEQG7,,,0,[]
Lana Del Rey,00FQb4jTyendYWaN8pK0wa,,,0,[]
Bag Raiders,6fXEqmGQEt6ONuqVmwrN46,,,0,[]
MAX,1bqxdqvUtPWZri43cKHac8,,,0,[]
Stormzy,2SrSdSvpminqmStGELCSNd,,,0,[]
MC Kevinho,1mXAhKnZEdF6rotyyd4GBi,,,0,[]
Ayo & Teo,27mFvqQj8KpjmdKIqcw1mG,,,0,[]
Emma Stone,68Uwx1d3EbjDJhYsLjqvIq,,,0,[]
Russ,1z7b1Pr1rSlvWRzsW3HOrS,,,0,[]
Lorde,163tK9Wjr9P9DmM0AVK7lm,,,0,[]
Astrid S,3AVfmawzu83sp94QW7CEGm,,,0,[]
Frank Ocean,2h93pZq0e7k5yf4dywlkpM,,,0,[]
Wiktoria,3gbaHBYDy62irTs0ZsHNmi,,,0,[]
Robin Bengtsson,1CQLPgGkfHrxNMqrXt5oWS,,,0,[]
Nano,48Z0MG7G6UQeWYibHpXgQe,,,0,[]
Linkin Park,6XyY86QOPPrYVGvF9ch6wz,,,0,[]
Chuck Berry,293zczrfYafIItmnmM3coR,,,0,[]
Boef,0Jsk5iYMr5aNjHury7blm1,,,0,[]
Kendrick Lamar,2YZyLoL8N0Wb9xBt1NhZWg,,,0,[]
Iggy Azalea,5yG7ZAZafVaAlMTeBybKAL,,,0,[]
Logic,4xRYI6VqpkE3UwrDrAZL8L,,,0,[]
alt-J,3XHO7cRUPCLOr6jwp8vsx5,,,0,[]
Harry Styles,6KImCVD70vtIoJWnq6nGn3,,,0,[]
Joey Bada$$,2P5sC9cVZDToPxyomzF1UH,,,0,[]
blackbear,2cFrymmkijnjDg9SS92EPM,,,0,[]
Lord Huron,6ltzsmQQbmdoHHbLZ4ZN25,,,0,[]
Shakira,0EmeFodog0BfCgMzAIvKQp,,,0,[]
Paramore,74XFHRwlV6OrjEM0A2NCMF,,,0,[]
Charlie Puth,6VuMaDnrHyPL1p4EHjYLi7,,,0,[]
NAV,7rkW85dBwwrJtlHRDkJDAC,,,0,[]
OneRepublic,5Pwc4xIPtQLFEnJriah9YJ,,,0,[]
Hailee Steinfeld,5p7f24Rk5HkUZsaS3BLG5F,,,0,[]
Fall Out Boy,4UXqAaa6dQYAk18Lv7PEgX,,,0,[]
Gorillaz,3AA28KZvwAUcZuOKwyblJQ,,,0,[]
Phoenix,1xU878Z1QtBldR7ru9owdU,,,0,[]
HAIM,4Ui2kfOqGujY81UcPrb5KE,,,0,[]
Playboi Carti,699OTQXzgjhIYAHMy9RyPD,,,0,[]
Nacho,2ayNSoKPCRAfjp6hQ76hRu,,,0,[]
Electric Light Orchestra,7jefIIksOi1EazgRTfW2Pk,,,0,[]
Fleetwood Mac,08GQAI4eElDnROBrJRGE0X,,,0,[]
Miley Cyrus,5YGY8feqx7naU7z4HrwZM6,,,0,[]
Ofenbach,4AKwRarlmsUlLjIwt38NLw,,,0,[]
Salvador Sobral,0GfYO21pue5u0sVEYk9HZO,,,0,[]
Sunstroke Project,3c55dzx6W0ZFs0frtEgIsm,,,0,[]
Blanche,3qMyym6ov558YgVuOOscEm,,,0,[]
Soundgarden,5xUf6j4upBrXZPg6AI4MRK,,,0,[]
Audioslave,2ziB7fzrXBoh1HUPS6sVFn,,,0,[]
Chris Cornell,0XHiH53dHrvbwfjYM7en7I,,,0,[]
Camila Cabello,4nDoRrQiYLoBzwC5BhVJzF,,,0,[]
Muse,12Chz98pHFMPJEknJQMWvI,,,0,[]
Piso 21,4bw2Am3p9ji3mYsXNXtQcd,,,0,[]
J Hus,2a0uxJgbvvIRI4GX8pYfcr,,,0,[]
Rita Ora,5CCwRZC6euC8Odo6y9X8jr,,,0,[]
Axwell /\ Ingrosso,2XnBwblw31dfGnspMIwgWz,,,0,[]
Anitta,7FNnA9vBm6EKceENgCGRMb,,,0,[]
Foo Fighters,7jy3rLJdDQY21OgRLCZ9sD,,,0,[]
Arcade Fire,3kjuyTCjPG1WMFCiyc5IuB,,,0,[]
Manuel Turizo,0tmwSHipWxN12fsoLcFU3B,,,0,[]
Katy Perry,6jJ0s89eD6GaHleKKya26X,,,0,[]
Taylor Swift,06HL4z0CvFAxyc27GXpf02,,,0,[]
ItaloBrothers,5nkYRuiIHg2xXHFC8bfosJ,,,0,[]
Mobb Deep,6O2zJ0tId7g07yzHtX0yap,,,0,[]
Kamferdrops,3LzHaN3Y3gT35BudaFqVyy,,,0,[]
Moon Taxi,5DK8eK7fjvRsziXzyr3sFA,,,0,[]
Lynyrd Skynyrd,4MVyzYMgTwdP7Z49wAZHx0,,,0,[]
Kesha,6LqNN22kT3074XbTVUrhzX,,,0,[]
21 Savage,1URnnhqYAYcrqrcwql10ft,,,0,[]
C. Tangana,5TYxZTjIPqKM8K8NuP9woO,,,0,[]
LANY,49tQo2QULno7gxHutgccqF,,,0,[]
Demi Lovato,6S2OmqARrzebs0tKUEyXyp,,,0,[]
Portugal. The Man,4kI8Ie27vjvonwaB2ePh8T,,,0,[]
The Script,3AQRLZ9PuTAozP28Skbq8V,,,0,[]
Vance Joy,10exVja0key0uqUkk6LJRT,,,0,[]
Mc Livinho,7me0S5Z40qVWj3gzyK8aC3,,,0,[]
EXO,3cjEqqelV9zb4BYE3qDQ4O,,,0,[]
Tyler The Creator,4V8LLVI7PbaPR0K2TGSxFF,,,0,[]
Romeo Santos,5lwmRuXgjX8xIwlnauTZIP,,,0,[]
Charli xcx,25uiPmTg16RbhZWAqwLBy5,,,0,[]
Cardi B,4kYSro6naA4h99UJvo89HB,,,0,[]
Pabllo Vittar,6tzRZ39aZlNqlUzQlkuhDV,,,0,[]
6LACK,4IVAbR2w4JJNJDDRFP3E83,,,0,[]
P!nk,1KCSPY1glIKqW2TotWuXOR,,,0,[]
Fifth Harmony,1l8Fu6IkuTP0U5QetQJ5Xt,,,0,[]
DJ Jonathan,5RSYz1KaYXbHfKdlaxAI8O,,,0,[]
Thomas Rhett,6x2LnllRG5uGarZMsD4iO8,,,0,[]
Chris Brown,7bXgB6jMjp9ATFy66eO08Z,,,0,[]
Bonnie Tyler,0SD4eZCN4Kr0wQk56hCdh2,,,0,[]
Thirty Seconds To Mars,0RqtSIYZmd4fiBKVFqyIqD,,,0,[]
Martin Garrix,60d24wfXkVzDSfLS6hyCjZ,,,0,[]
Jason Derulo,07YZf4WDAMNwqr4jfgOZ8y,,,0,[]
Tay-K,2ODbg2404zUzTi02qIPEjB,,,0,[]
Kelly Clarkson,3BmGtnKgCSGYIUhmivXKWX,,,0,[]
U2,51Blml2LZPmy7TTiAg47vQ,,,0,[]
Lil Pump,3wyVrVrFCkukjdVIdirGVY,,,0,[]
Nick Jonas,4Rxn7Im3LGfyRkY2FlHhWi,,,0,[]
Tove Styrke,2QSPrJfYeRXaltEEiriXN9,,,0,[]
A$AP Ferg,5dHt1vcEm9qb8fCyLcB3HL,,,0,[]
Earth Wind & Fire,4QQgXkCYTt3BlENzhyNETg,,,0,[]
Niska,7CUFPNi1TU8RowpnFRSsZV,,,0,[]
A Boogie Wit da Hoodie,31W5EY0aAly4Qieq6OFu6I,,,0,[]
Tom Petty,2UZMlIwnkgAEDBsw1Rejkn,,,0,[]
Tom Petty and the Heartbreakers,4tX2TplrkIP4v05BNC903e,,,0,[]
NF,6fOMl44jA4Sp5b9PpYCkzz,,,0,[]
Big Shaq,7mnAzEmgquhrVtGob81SmO,,,0,[]
Bausa,13bDjug9N0pyv3ZUINjkDV,,,0,[]
Red Hot Chili Peppers,0L8ExT028jH3ddEcZwqJJ5,,,0,[]
Louis Tomlinson,57WHJIHrjOE3iAxpihhMnp,,,0,[]
Daya,6Dd3NScHWwnW6obMFbl1BH,,,0,[]
Liam Payne,5pUo3fmmHT8bhCyHE52hA6,,,0,[]
Young Thug,50co4Is1HCEo8bhOyUWKpn,,,0,[]
Ray Parker Jr.,0NyzfcGDZZ6GM25EBG9BYK,,,0,[]
AC/DC,711MCceyCBcFnzjGY4Q7Un,,,0,[]
Rockwell,3xs0LEzcPXtgNfMNcHzLIP,,,0,[]
Blue Öyster Cult,00tVTdpEhQQw1bqdu8RCx2,,,0,[]
The Citizens of Halloween,4LazDzEGshEUn9D2zbm6w2,,,0,[]
Lil Xan,3EXdLajEO02ziZ90P90bSW,,,0,[]
G-Eazy,02kJSzxNuaWGqwubyUba0Z,,,0,[]
Bastille,7EQ0qTo7fWT7DPxmxtSYEc,,,0,[]
Wiz Khalifa,137W8MRPWKqSmrBGDBFSop,,,0,[]
Mariah Carey,4iHNK0tOyZPYnBU7nGAgpQ,,,0,[]
6ix9ine,7gZfnEnfiaHzxARJ2LeXrf,,,0,[]
Lil Peep,2kCcBybjl3SAtIcwdWpUe3,,,0,[]
Wham!,5lpH0xAS4fVfLkACg9DAuM,,,0,[]
22 Savage,7x8MuRMbm9XIldHSJOtoNo,,,0,[]
YBN Nahmir,3gGUMEwIX6XodWsYEvKSal,,,0,[]
Jason Mraz,4phGZZrJZRo4ElhRtViYdl,,,0,[]
Brenda Lee,4cPHsZM98sKzmV26wlwD2W,,,0,[]
Salmo,3hBQ4zniNdQf1cqqo6hzuW,,,0,[]
Andy Williams,4sj6D0zlMOl25nprDJBiU9,,,0,[]
Michael Bublé,1GxkXlMwML1oSg5eLPiAz3,,,0,[]
Band Aid,35S20clEkkSNUo23ViaslZ,,,0,[]
MC's Jhowzinho & Kadinho,2Q4r4Epfaaho06ONTHx7OS,,,0,[]
José Feliciano,7K78lVZ8XzkjfRSI7570FF,,,0,[]
Jaden,0xOeVMOz2fVg5BJY3N6akT,,,0,[]
Chris Rea,5KEG7G8LDYlHgFDqZyEEs2,,,0,[]
Paul McCartney,4STHEaNw4mPZ2tzheohgXB,,,0,[]
Shakin' Stevens,0wi4yTYlGtEnbGo4ltZTib,,,0,[]
Nat King Cole,7v4imS0moSyGdXyLgVTIV7,,,0,[]
Burl Ives,0MHgLfmQdutffmvWe5XBTN,,,0,[]
Elvis Presley,43ZHCT0cAZBISjO8DG9PnE,,,0,[]
John Williams,3dRfiJ2650SZu6GbydcHNb,,,0,[]
Pentatonix,26AHtbjWKiwYzsoGoUZq53,,,0,[]
Bad Bunny,4q3ewBCX7sLwd24euuV69X,,,0,[]
Vince Guaraldi Trio,4ytkhMSAnrDP8XzRNlw9FS,,,0,[]
Britney Spears,26dSoYclwsYLMAKD3tpOr4,,,0,[]
Bing Crosby,6ZjFtWeHP9XN7FeKSUe80S,,,0,[]
Elton John,3PhoLpVuITZKcymswpck5b,,,0,[]
Daryl Hall & John Oates,77tT1kLj6mCWtFNqiOmP9H,,,0,[]
Meghan Trainor,6JL8zeS1NmiOftqZTRgdTz,,,0,[]
Kylie Minogue,4RVnAU35WRWra6OZ3CbbMA,,,0,[]
Bobby Helms,38EmEgXkgK51MT2tPY0EoC,,,0,[]
Wolfine,2OnKRchqP7tT0FzTvWIFI7,,,0,[]
The Beach Boys,3oDbviiivRWhXwIE8hxkVV,,,0,[]
The Ronettes,7CyeXFnOrfC1N6z4naIpgo,,,0,[]
Bruce Springsteen,3eqjTLE0HfPfh78zjh6TqT,,,0,[]
*NSYNC,6Ff53KvcvAj5U7Z1vojB5o,,,0,[]
Boney M.,54R6Y0I7jGUCveDTtI21nb,,,0,[]
Judy Garland,0hItVPjwJLVZrFqOyIsxPf,,,0,[]
Leona Lewis,5lKZWd6HiSCLfnDGrq9RAm,,,0,[]
Melanie Thornton,2apYMRrg5FxN4go0pfsCvf,,,0,[]
Eagles,0ECwFtbIWEVNwjlrfc6xoL,,,0,[]
Bryan Adams,3Z02hBLubJxuFJfhacLSDc,,,0,[]
Slade,10n5lhNDoSMUHWLlnST1yw,,,0,[]
Dean Martin,49e4v89VmlDcFCMyDv9wQ9,,,0,[]
Darlene Love,391oLRVmoTkumiN79HkTWu,,,0,[]
Destiny's Child,1Y8cdNmUJH7yBTd9yOvr5i,,,0,[]
Gene Autry,5ixB75BQR3ADoWQkcHQJTs,,,0,[]
Wizzard,7823Dim2TzjiQQ9wRQxyi9,,,0,[]
Tony Bennett,2lolQgalUvZDfp5vvVtTYV,,,0,[]
Frank Sinatra,1Mxqyy3pSjf8kZZL4QVxS0,,,0,[]
Jona Lewie,3nohf4qILMr5aUSOsolwxB,,,0,[]
Pretenders,0GByy3DcfbQwDvXGCWmzv9,,,0,[]
George Ezra,2ysnwxxNtSgbb9t1m2Ur4j,,,0,[]
Carpenters,1eEfMU2AhEo7XnKgL7c304,,,0,[]
Cliff Richard,2nvKpWcP8etYTq4JrRiUiy,,,0,[]
Thurl Ravenscroft,5Gejwv3xz2DpLcxVpMD6hL,,,0,[]
Kay Starr,7rpf45DdbpweG51Acze45i,,,0,[]
Nat King Cole Trio,3OpnoUqoRIHWbsFs4Nw0NQ,,,0,[]
Perry Como,5v8jlSmAQfrkTjAlpUfWtu,,,0,[]
Mud,3cqIsBnzV3BabbPWKz8Txf,,,0,[]
Peggy Lee,602DnpaSXJB4b9DZrvxbDc,,,0,[]
The Platters,6KWcxMWVNVIYbdOQyJtsSy,,,0,[]
Outkast,1G9G7WwrXka3Z1r7aIDjI7,,,0,[]
Bee Gees,1LZEQNv7sE11VDY3SdxQeN,,,0,[]
The Clash,3RGLhK1IP9jnYFH4BRFJBS,,,0,[]
Aretha Franklin,7nwUJBm0HE4ZxD3f5cy5ok,,,0,[]
The Beatles,3WrFJ7ztbogyGnTHbHJFl2,,,0,[]
TOTO,0PFtn5NtBbbUNbU9EAmIWF,,,0,[]
