artist_1,artist_1_id,artist_2,artist_2_id,count,song_ids
Justin Bieber,1uNFoZAHBGtllmzznpCI3s,The Kid LAROI,2tIP7SsRs7vjIcLrU85W8J,1,['567e29TDzLwZwfDuEpGTwo']
Elton John,3PhoLpVuITZKcymswpck5b,Dua Lipa,6M2wZ9GZgrQXHCFfjv46we,1,['6JIC3hbC28JZKZ8AlAqX8h']
Elton John,3PhoLpVuITZKcymswpck5b,PNAU,6n28c9qs9hNGriNa72b26u,1,['6JIC3hbC28JZKZ8AlAqX8h']
Dua Lipa,6M2wZ9GZgrQXHCFfjv46we,PNAU,6n28c9qs9hNGriNa72b26u,1,['6JIC3hbC28JZKZ8AlAqX8h']
Jack Harlow,2LIk90788K0zvyj2JJVwkJ,Lil Nas X,7jVv8c5Fj3E9VhNjxT4snq,1,['5Z9KJZvQzH6PFmb8SNkxuk']
Imagine Dragons,53XhwfbYqKCa1cC15pYq2q,JID,6U3ybJ9UHNKEdsH7ktGBZ7,1,['3CIyK1V4JEJkg02E4EJnDl']
Imagine Dragons,53XhwfbYqKCa1cC15pYq2q,Arcane,57nPqD7z62gDdq37US9XJR,2,"['3CIyK1V4JEJkg02E4EJnDl', '5UlnuulVAVmmesw4VzqHdG']"
League of Legends,47mIJdHORyRerp4os813jD,Imagine Dragons,53XhwfbYqKCa1cC15pYq2q,2,"['3CIyK1V4JEJkg02E4EJnDl', '5UlnuulVAVmmesw4VzqHdG']"
Arcane,57nPqD7z62gDdq37US9XJR,JID,6U3ybJ9UHNKEdsH7ktGBZ7,1,['3CIyK1V4JEJkg02E4EJnDl']
League of Legends,47mIJdHORyRerp4os813jD,JID,6U3ybJ9UHNKEdsH7ktGBZ7,1,['3CIyK1V4JEJkg02E4EJnDl']
League of Legends,47mIJdHORyRerp4os813jD,Arcane,57nPqD7z62gDdq37US9XJR,2,"['3CIyK1V4JEJkg02E4EJnDl', '5UlnuulVAVmmesw4VzqHdG']"
Cherish,1c70yCa8sRgIiQxl3HOEFo,ACRAZE,4pnp4w9g30yLfVIAFnZMRd,1,['20on25jryn53hWghthWWW3']
Doja Cat,5cj0lLjcoR7YOSnhnX0Po5,SZA,7tYKF4w9nC0nq9CsPZTHyP,1,['3DarAbFujv6eYNliUTyqtz']
BTS,3Nrfpe0tUJi4K4DXYWgMUX,Coldplay,4gzpq5DPGxSnKTe4SA8HAU,1,['46HNZY1i7O6jwTA7Slo2PI']
Mc Danny,3PZTvUS5fUUhV3EKAjqdZk,Zé Felipe,7cmuxPnXRJxwuYDHfbD8Eu,1,['5VTjBl3ddZEiG2LrH4VzyR']
DaBaby,4r63FhuTkUYltbVAg5TQnk,Dua Lipa,6M2wZ9GZgrQXHCFfjv46we,1,['5nujrmhLynf4yMoMtj8AQF']
Marília Mendonça,1yR65psqiazQpeM79CcGh8,George Henrique & Rodrigo,3FlCKtwOEYQQYyGVEbxG2Z,1,['2wSCalnGOnXdAJC0Fn8OUY']
Tainy,0GM7qgcRCORpGnfcN2tCiB,Bad Bunny,4q3ewBCX7sLwd24euuV69X,2,"['4gzsuuZypVbxs0Af1LSZyB', '71wFwRo8xGc4lrcyKwsvba']"
Tainy,0GM7qgcRCORpGnfcN2tCiB,Julieta Venegas,2QWIScpFDNxmS6ZEMIUvgm,1,['4gzsuuZypVbxs0Af1LSZyB']
Julieta Venegas,2QWIScpFDNxmS6ZEMIUvgm,Bad Bunny,4q3ewBCX7sLwd24euuV69X,1,['4gzsuuZypVbxs0Af1LSZyB']
Mc Danny,3PZTvUS5fUUhV3EKAjqdZk,Paulo Pires,3whgFbrRxsOmYVrq3t4hCY,1,['4fSHADbZbhpZCT9oJpxwbP']
Paulo Pires,3whgFbrRxsOmYVrq3t4hCY,Marcynho Sensação,4dnPDc045bVjibyATxVUOs,1,['4fSHADbZbhpZCT9oJpxwbP']
Mc Danny,3PZTvUS5fUUhV3EKAjqdZk,Marcynho Sensação,4dnPDc045bVjibyATxVUOs,1,['4fSHADbZbhpZCT9oJpxwbP']
Mauro Castillo,36CUTsdtNgCwMq6zKD1l8I,Carolina Gaitán,4zonL9YdcI15v7dYqVLuMV,1,['52xJxFP6TqMuO4Yt0eOkMz']
Carolina Gaitán,4zonL9YdcI15v7dYqVLuMV,Adassa,72kqSqk124Vnl1wtT6q9Fh,1,['52xJxFP6TqMuO4Yt0eOkMz']
Rhenzy Feliz,2as15AH2BTrPk8v4gyElmr,Carolina Gaitán,4zonL9YdcI15v7dYqVLuMV,1,['52xJxFP6TqMuO4Yt0eOkMz']
Diane Guerrero,18MFcGBHtyW0mU3ufcm0X1,Carolina Gaitán,4zonL9YdcI15v7dYqVLuMV,1,['52xJxFP6TqMuO4Yt0eOkMz']
Carolina Gaitán,4zonL9YdcI15v7dYqVLuMV,Stephanie Beatriz,5PYToRCsrnvikZg3yl2JMr,1,['52xJxFP6TqMuO4Yt0eOkMz']
Encanto - Cast,3xLU748QxpTmIVaiNXXg0P,Carolina Gaitán,4zonL9YdcI15v7dYqVLuMV,1,['52xJxFP6TqMuO4Yt0eOkMz']
Mauro Castillo,36CUTsdtNgCwMq6zKD1l8I,Adassa,72kqSqk124Vnl1wtT6q9Fh,1,['52xJxFP6TqMuO4Yt0eOkMz']
Rhenzy Feliz,2as15AH2BTrPk8v4gyElmr,Mauro Castillo,36CUTsdtNgCwMq6zKD1l8I,1,['52xJxFP6TqMuO4Yt0eOkMz']
Diane Guerrero,18MFcGBHtyW0mU3ufcm0X1,Mauro Castillo,36CUTsdtNgCwMq6zKD1l8I,1,['52xJxFP6TqMuO4Yt0eOkMz']
Mauro Castillo,36CUTsdtNgCwMq6zKD1l8I,Stephanie Beatriz,5PYToRCsrnvikZg3yl2JMr,1,['52xJxFP6TqMuO4Yt0eOkMz']
Mauro Castillo,36CUTsdtNgCwMq6zKD1l8I,Encanto - Cast,3xLU748QxpTmIVaiNXXg0P,1,['52xJxFP6TqMuO4Yt0eOkMz']
Rhenzy Feliz,2as15AH2BTrPk8v4gyElmr,Adassa,72kqSqk124Vnl1wtT6q9Fh,1,['52xJxFP6TqMuO4Yt0eOkMz']
Diane Guerrero,18MFcGBHtyW0mU3ufcm0X1,Adassa,72kqSqk124Vnl1wtT6q9Fh,1,['52xJxFP6TqMuO4Yt0eOkMz']
Stephanie Beatriz,5PYToRCsrnvikZg3yl2JMr,Adassa,72kqSqk124Vnl1wtT6q9Fh,1,['52xJxFP6TqMuO4Yt0eOkMz']
Encanto - Cast,3xLU748QxpTmIVaiNXXg0P,Adassa,72kqSqk124Vnl1wtT6q9Fh,1,['52xJxFP6TqMuO4Yt0eOkMz']
Diane Guerrero,18MFcGBHtyW0mU3ufcm0X1,Rhenzy Feliz,2as15AH2BTrPk8v4gyElmr,1,['52xJxFP6TqMuO4Yt0eOkMz']
Rhenzy Feliz,2as15AH2BTrPk8v4gyElmr,Stephanie Beatriz,5PYToRCsrnvikZg3yl2JMr,1,['52xJxFP6TqMuO4Yt0eOkMz']
Rhenzy Feliz,2as15AH2BTrPk8v4gyElmr,Encanto - Cast,3xLU748QxpTmIVaiNXXg0P,1,['52xJxFP6TqMuO4Yt0eOkMz']
Diane Guerrero,18MFcGBHtyW0mU3ufcm0X1,Stephanie Beatriz,5PYToRCsrnvikZg3yl2JMr,2,"['3XoYqtiWHhsk59frZupImG', '52xJxFP6TqMuO4Yt0eOkMz']"
Diane Guerrero,18MFcGBHtyW0mU3ufcm0X1,Encanto - Cast,3xLU748QxpTmIVaiNXXg0P,1,['52xJxFP6TqMuO4Yt0eOkMz']
Encanto - Cast,3xLU748QxpTmIVaiNXXg0P,Stephanie Beatriz,5PYToRCsrnvikZg3yl2JMr,2,"['4b1yxSdlumA8N4fEk4UOZp', '52xJxFP6TqMuO4Yt0eOkMz']"
Marília Mendonça,1yR65psqiazQpeM79CcGh8,Maiara & Maraisa,59jlthNnbmim5l9tmNA7se,3,"['053zWWZDziDJd3U94x8RuP', '3YvE7uo4ffseBoJPh8IhHp', '4qsOrxBv09HhNSpsgMRXdC']"
Bad Bunny,4q3ewBCX7sLwd24euuV69X,JHAYCO,6nVcHLIgY5pE2YCl8ubca1,2,"['41oY4WCTj5kccfesTVFnvN', '4MzXwWMhyBbmu6hOcLVD49']"
Calum Scott,6ydoSd3N2mwgwBHtF6K7eX,Lost Frequencies,7f5Zgnp2spUuuzKplmRkt7,1,['3mfER4ORePHvN35cbZ3dkV']
Tiago PZK,5Y3MV9DZ0d87NnVm56qSY1,Bizarrap,716NhGYqD1jl2wI1Qkgq36,1,['2Gq636OOGgxCTqEuzCZhsa']
The Weeknd,1Xyo4u8uXC1ZmMpatF05PJ,Ariana Grande,66CXWjxzNUsdJxJ2JdwvnR,2,"['1oFAF1hdPOickyHgbuRjyX', '37BZB0z9T8Xu7U3e65qxFy']"
Gustah,0nzfP49X2nrzmmkwZf180L,Xamã,5YwzDz4RJfTiMHS4tdR5Lf,1,['0NBgyml7T0IvUNbXIkcSpH']
Xamã,5YwzDz4RJfTiMHS4tdR5Lf,Neo Beats,6PERJZF7wohA034PAxDK0b,1,['0NBgyml7T0IvUNbXIkcSpH']
Bagua Records,2450WxbFxHjnttFAv31zGk,Xamã,5YwzDz4RJfTiMHS4tdR5Lf,1,['0NBgyml7T0IvUNbXIkcSpH']
Gustah,0nzfP49X2nrzmmkwZf180L,Neo Beats,6PERJZF7wohA034PAxDK0b,1,['0NBgyml7T0IvUNbXIkcSpH']
Gustah,0nzfP49X2nrzmmkwZf180L,Bagua Records,2450WxbFxHjnttFAv31zGk,1,['0NBgyml7T0IvUNbXIkcSpH']
Bagua Records,2450WxbFxHjnttFAv31zGk,Neo Beats,6PERJZF7wohA034PAxDK0b,1,['0NBgyml7T0IvUNbXIkcSpH']
zzoilo,7c53ZFyajVMTo08HmvoB6b,Aitana,7eLcDZDYHXZCebtQmVFL25,1,['5TMLavqGRKNxgzMBrVpC9R']
Mari Fernandez,0BHm7qbh3ENxvXzkQAG7MP,Marcynho Sensação,4dnPDc045bVjibyATxVUOs,1,['72g37RoelSnovZakG5MwnF']
Matheus Fernandes,37mqXU98U5GmH5ZDtlHM1c,Avine Vinny,4KDxYlnGZEiS60pAnfZf4W,1,['2RGIuYTsyyHoOCqW0krvNE']
The Weeknd,1Xyo4u8uXC1ZmMpatF05PJ,Post Malone,246dkjvS1zLTtiykXe5h60,1,['1nltpRhEiXikwDlVn4UADk']
Bruno Mars,0du5cEVh5yTK9QJze8zA0C,Anderson .Paak,3jK9MiCrA42lLAdMGUZpwa,3,"['02VBYrHfVwfEWXk5DXyf0T', '60gTdTwaNtGAzIxKfeGVfJ', '7sMBvZCSUl99bJLXZaLa0b']"
Bruno Mars,0du5cEVh5yTK9QJze8zA0C,Silk Sonic,6PvvGcCY2XtUcSRld1Wilr,3,"['02VBYrHfVwfEWXk5DXyf0T', '60gTdTwaNtGAzIxKfeGVfJ', '7sMBvZCSUl99bJLXZaLa0b']"
Anderson .Paak,3jK9MiCrA42lLAdMGUZpwa,Silk Sonic,6PvvGcCY2XtUcSRld1Wilr,3,"['02VBYrHfVwfEWXk5DXyf0T', '60gTdTwaNtGAzIxKfeGVfJ', '7sMBvZCSUl99bJLXZaLa0b']"
Aventura,1qto4hHid1P71emI6Fd8xi,Bad Bunny,4q3ewBCX7sLwd24euuV69X,1,['2vmfvSoZBFAt9hhRoEByLi']
CKay,048LktY5zMnakWq7PTtFrz,Dj Yo!,7iTLGcddv1bOPirdYJjKVy,1,['4gvrJnKCKIPiacNsWVQwEU']
CKay,048LktY5zMnakWq7PTtFrz,AX'EL,5fUXK5m3BNwoRgTyKq8tnz,1,['4gvrJnKCKIPiacNsWVQwEU']
AX'EL,5fUXK5m3BNwoRgTyKq8tnz,Dj Yo!,7iTLGcddv1bOPirdYJjKVy,1,['4gvrJnKCKIPiacNsWVQwEU']
Tiësto,2o5jDhtHVPhrJdv3cEQ99Z,Ava Max,4npEfmQ6YuiwW1GpUmaq3F,1,['18asYwWugKjjsihZ0YvRxO']
Nightcrawlers,1gALaWbNDnwS2ECV09sn2A,Riton,7i9j813KFoSBMldGqlh2Z1,1,['4cG7HUWYHBV6R6tHn1gxrl']
Mufasa & Hypeman,4L2dV3zY7RmkeiNO035Fi0,Riton,7i9j813KFoSBMldGqlh2Z1,1,['4cG7HUWYHBV6R6tHn1gxrl']
Mufasa,23rdR5gsZI5BqncTEKLtDU,Riton,7i9j813KFoSBMldGqlh2Z1,1,['4cG7HUWYHBV6R6tHn1gxrl']
Dopamine,3Edve4VIATi0OZngclQlkN,Riton,7i9j813KFoSBMldGqlh2Z1,1,['4cG7HUWYHBV6R6tHn1gxrl']
Nightcrawlers,1gALaWbNDnwS2ECV09sn2A,Mufasa & Hypeman,4L2dV3zY7RmkeiNO035Fi0,1,['4cG7HUWYHBV6R6tHn1gxrl']
Nightcrawlers,1gALaWbNDnwS2ECV09sn2A,Mufasa,23rdR5gsZI5BqncTEKLtDU,1,['4cG7HUWYHBV6R6tHn1gxrl']
Nightcrawlers,1gALaWbNDnwS2ECV09sn2A,Dopamine,3Edve4VIATi0OZngclQlkN,1,['4cG7HUWYHBV6R6tHn1gxrl']
Mufasa,23rdR5gsZI5BqncTEKLtDU,Mufasa & Hypeman,4L2dV3zY7RmkeiNO035Fi0,1,['4cG7HUWYHBV6R6tHn1gxrl']
Dopamine,3Edve4VIATi0OZngclQlkN,Mufasa & Hypeman,4L2dV3zY7RmkeiNO035Fi0,1,['4cG7HUWYHBV6R6tHn1gxrl']
Mufasa,23rdR5gsZI5BqncTEKLtDU,Dopamine,3Edve4VIATi0OZngclQlkN,1,['4cG7HUWYHBV6R6tHn1gxrl']
MC Levin,0guw2RGoUqaWKpoCY5DzWY,DJ Nikolas Alves Exclusive,23buF7CmOZll8oQveAvsut,1,['0JdkDCdrhMOaeXjIZdeBXN']
MC Levin,0guw2RGoUqaWKpoCY5DzWY,DJ Kaioken,1aQbanZ6xPrOtTYtsMdm3Q,1,['0JdkDCdrhMOaeXjIZdeBXN']
MC Levin,0guw2RGoUqaWKpoCY5DzWY,DJ Gege,2BvV4u6AUwFCrAriUIo9Sm,1,['0JdkDCdrhMOaeXjIZdeBXN']
DJ Kaioken,1aQbanZ6xPrOtTYtsMdm3Q,DJ Nikolas Alves Exclusive,23buF7CmOZll8oQveAvsut,1,['0JdkDCdrhMOaeXjIZdeBXN']
DJ Nikolas Alves Exclusive,23buF7CmOZll8oQveAvsut,DJ Gege,2BvV4u6AUwFCrAriUIo9Sm,1,['0JdkDCdrhMOaeXjIZdeBXN']
DJ Kaioken,1aQbanZ6xPrOtTYtsMdm3Q,DJ Gege,2BvV4u6AUwFCrAriUIo9Sm,1,['0JdkDCdrhMOaeXjIZdeBXN']
Justin Quiles,14zUHaJZo1mnYtn6IBRaRP,Blessd,1TA5sGRlKUJXBN4ZyJuDIX,1,['6lX6l7OuA3qrnIRfdsr0dw']
Blessd,1TA5sGRlKUJXBN4ZyJuDIX,Lenny Tavárez,1pQWsZQehhS4wavwh7Fnxd,1,['6lX6l7OuA3qrnIRfdsr0dw']
Justin Quiles,14zUHaJZo1mnYtn6IBRaRP,Lenny Tavárez,1pQWsZQehhS4wavwh7Fnxd,2,"['5W1qmxHrMlQGGAiFA3ZQqP', '6lX6l7OuA3qrnIRfdsr0dw']"
Justin Bieber,1uNFoZAHBGtllmzznpCI3s,Daniel Caesar,20wkVLutqVOYrc0kxFs7rA,1,['4iJyoBOLtHqaGxP12qzhQI']
Justin Bieber,1uNFoZAHBGtllmzznpCI3s,GIVĒON,4fxd5Ee7UefO4CUXgwJ7IP,1,['4iJyoBOLtHqaGxP12qzhQI']
Daniel Caesar,20wkVLutqVOYrc0kxFs7rA,GIVĒON,4fxd5Ee7UefO4CUXgwJ7IP,1,['4iJyoBOLtHqaGxP12qzhQI']
Mae Muller,1BEUkE2CSUgHTLSBMZdnFB,NEIKED,5H6xmHXjsq98NLbEjuE29f,1,['6f5ExP43esnvdKPddwKXJH']
NEIKED,5H6xmHXjsq98NLbEjuE29f,Polo G,6AgTAQt8XS6jRWi4sX7w49,1,['6f5ExP43esnvdKPddwKXJH']
Mae Muller,1BEUkE2CSUgHTLSBMZdnFB,Polo G,6AgTAQt8XS6jRWi4sX7w49,1,['6f5ExP43esnvdKPddwKXJH']
Rvssian,1fctva4kpRbg2k3v7kwRuS,Rauw Alejandro,1mcTU81TzQhprhouKaTkpq,1,['2BEcap3xJtmiPaHKyfQi4e']
Rvssian,1fctva4kpRbg2k3v7kwRuS,Chris Brown,7bXgB6jMjp9ATFy66eO08Z,1,['2BEcap3xJtmiPaHKyfQi4e']
Rauw Alejandro,1mcTU81TzQhprhouKaTkpq,Chris Brown,7bXgB6jMjp9ATFy66eO08Z,1,['2BEcap3xJtmiPaHKyfQi4e']
Marcynho Sensação,4dnPDc045bVjibyATxVUOs,Zé Felipe,7cmuxPnXRJxwuYDHfbD8Eu,1,['4kGdnA7FzSVsXC29LPghej']
WILLOW,3rWZHrfrsPBxVy692yAIxF,THE ANXIETY,64H8UqGLbJFHwKtGxiV8OP,1,['07MDkzWARZaLEdKxo6yArG']
Tyler Cole,1xoxekeb8jUVHKJB7m6bfg,THE ANXIETY,64H8UqGLbJFHwKtGxiV8OP,1,['07MDkzWARZaLEdKxo6yArG']
Tyler Cole,1xoxekeb8jUVHKJB7m6bfg,WILLOW,3rWZHrfrsPBxVy692yAIxF,1,['07MDkzWARZaLEdKxo6yArG']
Tiësto,2o5jDhtHVPhrJdv3cEQ99Z,KAROL G,790FomKkXshlbRYZFtlgla,1,['0bI7K9Becu2dtXK1Q3cZNB']
Swae Lee,1zNqQNIdeOUZHb8zbZRFMX,Post Malone,246dkjvS1zLTtiykXe5h60,1,['0RiRZpuVRbi7oqRdSMwhQY']
The Weeknd,1Xyo4u8uXC1ZmMpatF05PJ,Swedish House Mafia,1h6Cn3P4NGzXbaXidqURXs,1,['0VO8gYVDSwM1Qdd2GsMoYK']
Rauw Alejandro,1mcTU81TzQhprhouKaTkpq,Chencho Corleone,37230BxxYs9ksS7OkZw3IU,1,['6mmPpaltUZK7xjNlBPQQ0p']
Trueno,2x7PC78TmgqpEIjaGAZ0Oz,Tiago PZK,5Y3MV9DZ0d87NnVm56qSY1,1,['6P096SaOzrgGxs8NWOfX7M']
L-Gante,4YYxffPVDFe9XoqqbRW6Bq,TINI,7vXDAI8JwjW531ouMGbfcp,1,['0lJE8f0lx8mUSfMyxeYpiC']
iann dior,6ASri4ePR7RlsvIQgWPJpS,24kGoldn,6fWVd57NKTalqvmjRd2t8Z,1,['4jPy3l0RUwlUI9T5XHBW2m']
Kali Uchis,1U1el3k54VvEUzo3ybLPlM,Amaarae,21UPYSRWFKwtqvSAnFnSvS,1,['09gysnJpfQ3ublBmJDfcEC']
Amaarae,21UPYSRWFKwtqvSAnFnSvS,MOLIY,2hVWBpjLW4Q7fboYz2pVYK,1,['09gysnJpfQ3ublBmJDfcEC']
Kali Uchis,1U1el3k54VvEUzo3ybLPlM,MOLIY,2hVWBpjLW4Q7fboYz2pVYK,1,['09gysnJpfQ3ublBmJDfcEC']
Maria Becerra,1DxLCyH42yaHKGK3cl5bvG,J Balvin,1vyhD5VmyZ7KMfW5gqLgo5,1,['6D2TCm4nf5nxAcdGJ7w3QP']
Mora,0Q8NcsJwoCbZOHHW63su5S,Bad Bunny,4q3ewBCX7sLwd24euuV69X,1,['0G2zPzWqVjR68iNPmx2TBe']
Mora,0Q8NcsJwoCbZOHHW63su5S,Sech,77ziqFxp5gaInVrF2lj4ht,2,"['0G2zPzWqVjR68iNPmx2TBe', '30W8VKHrAZmHzObnwAoc1u']"
Bad Bunny,4q3ewBCX7sLwd24euuV69X,Sech,77ziqFxp5gaInVrF2lj4ht,1,['0G2zPzWqVjR68iNPmx2TBe']
PEDRO SAMPAIO,5wbf52LA6kcaboHSN6NEF1,Anitta,7FNnA9vBm6EKceENgCGRMb,1,['7ARoqP7G8UYW8SyYPyPp7k']
The Weeknd,1Xyo4u8uXC1ZmMpatF05PJ,Doja Cat,5cj0lLjcoR7YOSnhnX0Po5,1,['0k4d5YPDr1r7FX77VdqWez']
Maria Becerra,1DxLCyH42yaHKGK3cl5bvG,TINI,7vXDAI8JwjW531ouMGbfcp,1,['0cOa970mzTWAxKtltpkpLc']
Boney M.,54R6Y0I7jGUCveDTtI21nb,Majestic,6QMABvTzixnxzsLYyhqRxI,1,['0b18g3G5spr4ZCkz7Y6Q0Q']
J Balvin,1vyhD5VmyZ7KMfW5gqLgo5,Nio Garcia,5hdhHgpxyniooUiQVaPxQ0,1,['05bfbizlM5AX6Mf1RRyMho']
Bad Bunny,4q3ewBCX7sLwd24euuV69X,Nio Garcia,5hdhHgpxyniooUiQVaPxQ0,1,['05bfbizlM5AX6Mf1RRyMho']
J Balvin,1vyhD5VmyZ7KMfW5gqLgo5,Bad Bunny,4q3ewBCX7sLwd24euuV69X,2,"['05bfbizlM5AX6Mf1RRyMho', '0fea68AdmYNygeTGI4RC18']"
The Weeknd,1Xyo4u8uXC1ZmMpatF05PJ,ROSALÍA,7ltDVBr6mKbRvohxheJ9h1,1,['6Y46tOTRhkBamosyuWa6YX']
Jax Jones,4Q6nIcaBED8qUel8bBx6Cr,Joel Corry,6DgP9otnZw5z6daOntINxp,1,['6Dy1jexKYriXAVG6evyUTJ']
Charli xcx,25uiPmTg16RbhZWAqwLBy5,Joel Corry,6DgP9otnZw5z6daOntINxp,1,['6Dy1jexKYriXAVG6evyUTJ']
Joel Corry,6DgP9otnZw5z6daOntINxp,Saweetie,6cK3NBO6uP7hh0oyuVELFl,1,['6Dy1jexKYriXAVG6evyUTJ']
Charli xcx,25uiPmTg16RbhZWAqwLBy5,Jax Jones,4Q6nIcaBED8qUel8bBx6Cr,1,['6Dy1jexKYriXAVG6evyUTJ']
Jax Jones,4Q6nIcaBED8qUel8bBx6Cr,Saweetie,6cK3NBO6uP7hh0oyuVELFl,1,['6Dy1jexKYriXAVG6evyUTJ']
Charli xcx,25uiPmTg16RbhZWAqwLBy5,Saweetie,6cK3NBO6uP7hh0oyuVELFl,1,['6Dy1jexKYriXAVG6evyUTJ']
21 Savage,1URnnhqYAYcrqrcwql10ft,Drake,3TVXtAsR1Inumwj472S9r4,13,"['0sSRLXxknVTQDStgU1NqpY', '1bDbXMyjaUIooNwFE9wn0N', '29YW2xXlo6Pc6M0SBTCXYN', '2BcMwX1MPV6ZHP4tUT9uq6', '2KLwPaRDOB87XOYAT2fgxh', '2ZL7WZcjuYKi1KUDtp4kCC', '34tz0eDhGuFErIuW3q4mPX', '3F5CgOj3wFlRv51JsHbxhe', '45pUWUeEWGoSdH6UF162G8', '46s57QULU02Voy0Kup6UEb', '4Flfb4fGscN9kXPOduQLrv', '7GeTsDIc5ykNB6lORO6Cee', '7l2nxyx7IkBX5orhkALg0V']"
Project Pat,08Ld63UgKrJ0nZnCkzHtzc,Drake,3TVXtAsR1Inumwj472S9r4,1,['2BcMwX1MPV6ZHP4tUT9uq6']
Project Pat,08Ld63UgKrJ0nZnCkzHtzc,21 Savage,1URnnhqYAYcrqrcwql10ft,1,['2BcMwX1MPV6ZHP4tUT9uq6']
Matheus Fernandes,37mqXU98U5GmH5ZDtlHM1c,Dilsinho,4NUePmzDvCYqilXBFa91Hg,1,['1bWBG6IkMnDr3qvCKSvQT7']
Macklemore,3JhNCzhSMTxs9WLGJJxWOY,Ryan Lewis,4myTppRgh0rojLxx8RycOp,1,['22skzmqfdWrjJylampe0kt']
Macklemore,3JhNCzhSMTxs9WLGJJxWOY,Macklemore & Ryan Lewis,6WLvgbfYXQPO396oJEYCsi,1,['22skzmqfdWrjJylampe0kt']
Macklemore,3JhNCzhSMTxs9WLGJJxWOY,Ray Dalton,4e0nWw2r4BoQSKPQ2zpU13,1,['22skzmqfdWrjJylampe0kt']
Ryan Lewis,4myTppRgh0rojLxx8RycOp,Macklemore & Ryan Lewis,6WLvgbfYXQPO396oJEYCsi,1,['22skzmqfdWrjJylampe0kt']
Ray Dalton,4e0nWw2r4BoQSKPQ2zpU13,Ryan Lewis,4myTppRgh0rojLxx8RycOp,1,['22skzmqfdWrjJylampe0kt']
Ray Dalton,4e0nWw2r4BoQSKPQ2zpU13,Macklemore & Ryan Lewis,6WLvgbfYXQPO396oJEYCsi,1,['22skzmqfdWrjJylampe0kt']
Tarcísio do Acordeon,48HORs6F9P7IgdyKrk4MZC,Marcynho Sensação,4dnPDc045bVjibyATxVUOs,1,['50gPsfGHy5OnPauA9455DM']
Anuel AA,2R21vXR83lH98kGeO99Y66,JHAYCO,6nVcHLIgY5pE2YCl8ubca1,2,"['3JCaq3KDSROg3TXhdiDa9n', '3xv8JksRyqHa1lwkM9xvJf']"
Future,1RyvyyTE3xzB2ZywiAwp0i,Drake,3TVXtAsR1Inumwj472S9r4,3,"['0k1WUmIRnG3xU6fvvDVfRG', '59nOXPmaKlBfGMDeOVGrIK', '6wyhUr4Xw8z5uSy0AhoZfU']"
Drake,3TVXtAsR1Inumwj472S9r4,Young Thug,50co4Is1HCEo8bhOyUWKpn,1,['0k1WUmIRnG3xU6fvvDVfRG']
Future,1RyvyyTE3xzB2ZywiAwp0i,Young Thug,50co4Is1HCEo8bhOyUWKpn,3,"['0k1WUmIRnG3xU6fvvDVfRG', '3XOalgusokruzA5ZBA2Qcb', '7HCX1Ch3mklJyEdpwPZBFW']"
Ed Sheeran,6eUKZXaKkcviH0Ku9w2n3V,Fireboy DML,75VKfyoBlkmrJFDqo1o2VY,1,['4hJhHbkhZFnxmWbAkZRoe0']
Grupo Firme,1dKdetem2xEmjgvyymzytS,Carin Leon,66ihevNkSYNzRAl44dx6jJ,1,['7E9GeFGfjXw9LAI4ay6rsw']
SAINt JHN,0H39MdGGX6dbnnQPt6NQkZ,Imanbek,5rGrDvrLOV2VV8SCFVGWlj,1,['0zLCBJZSiELJf02ucPP9wb']
Marília Mendonça,1yR65psqiazQpeM79CcGh8,Tayrone,2T1se5h5FRkw7ZfR7yxdlm,1,['1tYJnXtKLoWVIL4lZOouQG']
Khalid,6LuN9FCkKOj5PcnpouEgny,Billie Eilish,6qqNVTkY8uBg9cP3Jd7DAH,1,['0u2P5u6lvoDfwTYjAADbn4']
Christian Nodal,0XwVARXT135rw8lyw1EeWP,Gera MX,2hejA1Dkf8v8R0koF44FvW,1,['2MnLkFqY9Rpg9s3Zv6ZJdK']
DJ Matt D,1rIc4yTieeRq25NA3T8RQ5,Menor MC,78Y1NpgD0yMKoBetaYlUzS,1,['0yL7K9MzC20uBesZTPY81r']
DJ Matt D,1rIc4yTieeRq25NA3T8RQ5,MC GP,5s27i7oqhNWIcE4HeoVdq0,1,['0yL7K9MzC20uBesZTPY81r']
DJ Matt D,1rIc4yTieeRq25NA3T8RQ5,Vulgo FK,27azwwkxutWL1BWMkgNIh0,1,['0yL7K9MzC20uBesZTPY81r']
MC GP,5s27i7oqhNWIcE4HeoVdq0,Menor MC,78Y1NpgD0yMKoBetaYlUzS,1,['0yL7K9MzC20uBesZTPY81r']
Vulgo FK,27azwwkxutWL1BWMkgNIh0,Menor MC,78Y1NpgD0yMKoBetaYlUzS,1,['0yL7K9MzC20uBesZTPY81r']
Vulgo FK,27azwwkxutWL1BWMkgNIh0,MC GP,5s27i7oqhNWIcE4HeoVdq0,1,['0yL7K9MzC20uBesZTPY81r']
J Balvin,1vyhD5VmyZ7KMfW5gqLgo5,Skrillex,5he5w2lnU9x7JFhnwcekXX,1,['1q0PYXTbDsirp2l74ng6pn']
DJ Patrick Muniz,2MUXvv3lFulPYMUCtNrEBu,Dj Olliver,6akRUh5g0XiVQaZj6U23fd,1,['0DsPj89zlY3Us7xb5cXK5h']
DJ Patrick Muniz,2MUXvv3lFulPYMUCtNrEBu,Mc Topre,6bmZfABIjvLMAMYwujdjFy,1,['0DsPj89zlY3Us7xb5cXK5h']
DJ Patrick Muniz,2MUXvv3lFulPYMUCtNrEBu,Mc Rennan,6ZiGAU6TJQEyidFQ22eIOS,1,['0DsPj89zlY3Us7xb5cXK5h']
Dj Olliver,6akRUh5g0XiVQaZj6U23fd,Mc Topre,6bmZfABIjvLMAMYwujdjFy,1,['0DsPj89zlY3Us7xb5cXK5h']
Mc Rennan,6ZiGAU6TJQEyidFQ22eIOS,Dj Olliver,6akRUh5g0XiVQaZj6U23fd,1,['0DsPj89zlY3Us7xb5cXK5h']
Mc Rennan,6ZiGAU6TJQEyidFQ22eIOS,Mc Topre,6bmZfABIjvLMAMYwujdjFy,1,['0DsPj89zlY3Us7xb5cXK5h']
Sean Paul,3Isy6kedDrgPYoTS1dazA9,Dua Lipa,6M2wZ9GZgrQXHCFfjv46we,1,['48QmG1dfvMuYLxMPt7KSRA']
Sebastian Yatra,07YUOmWljBTXwIseAUd9TW,Myke Towers,7iK8PXO48WeuP03g8YR51W,1,['655JkvIwu2rDCaD1hPf04g']
LUM!X,0TKFPt9w0AAEnhB9bd0pLy,Gabry Ponte,5ENS85nZShljwNgg4wFD7D,1,['2USlegnFJLrVLpoVfPimKB']
Prezioso,3iMzbvXlgNUpoFccD60bvr,Gabry Ponte,5ENS85nZShljwNgg4wFD7D,1,['2USlegnFJLrVLpoVfPimKB']
LUM!X,0TKFPt9w0AAEnhB9bd0pLy,Prezioso,3iMzbvXlgNUpoFccD60bvr,1,['2USlegnFJLrVLpoVfPimKB']
Os Barões Da Pisadinha,5Lv2GUVwqmQBPwrTrxucE5,Zé Felipe,7cmuxPnXRJxwuYDHfbD8Eu,1,['2R9IrE42Mw4zdUXAEFNiZL']
Don Omar,33ScadVnbm2X8kkUqOkC6Z,Lucenzo,5bv5RplEOwdCvhq0EILh9E,1,['2a1o6ZejUi8U3wzzOtCOYw']
Rauw Alejandro,1mcTU81TzQhprhouKaTkpq,Marc Seguí,5FQ8tBUtIamA2hRtatrYUF,1,['4OwhwvKESFtuu06dTgct7i']
Pol Granch,1aMt4A5jrQHxDYyC7rXgV0,Marc Seguí,5FQ8tBUtIamA2hRtatrYUF,1,['4OwhwvKESFtuu06dTgct7i']
Pol Granch,1aMt4A5jrQHxDYyC7rXgV0,Rauw Alejandro,1mcTU81TzQhprhouKaTkpq,1,['4OwhwvKESFtuu06dTgct7i']
Lady Gaga,1HY2Jd0NmPuamShAr6KMms,Bradley Cooper,4VIvfOurcf0vuLRxLkGnIG,1,['2VxeLyX666F8uXCJ0dZF8B']
Grupo Firme,1dKdetem2xEmjgvyymzytS,Maluma,1r4hJ1h58CWwUQe3MxPuau,1,['5BE9B2FiFWBbBdoIQ1m1UP']
Joel Corry,6DgP9otnZw5z6daOntINxp,MNEK,7uMh23xWiuR7zsNkuNcm2G,1,['6cx06DFPPHchuUAcTxznu9']
Kendrick Lamar,2YZyLoL8N0Wb9xBt1NhZWg,Baby Keem,5SXuuuRpukkTvsLuUknva1,2,"['0YeUVm23SAkUruwEx9LWnt', '3QFInJAm9eyaho5vBzxInN']"
Travis Scott,0Y5tJX1MQlPlqiwlOH1tJY,Drake,3TVXtAsR1Inumwj472S9r4,2,"['2KLwPaRDOB87XOYAT2fgxh', '40iJIUlhi6renaREYGeIDS']"
Dalex,0KPX4Ucy9dk82uj4GpKesn,Dímelo Flow,3fZk3Gm5dN5v5yfYMQ04Bx,1,['5W1qmxHrMlQGGAiFA3ZQqP']
Dímelo Flow,3fZk3Gm5dN5v5yfYMQ04Bx,Sech,77ziqFxp5gaInVrF2lj4ht,1,['5W1qmxHrMlQGGAiFA3ZQqP']
Justin Quiles,14zUHaJZo1mnYtn6IBRaRP,Dímelo Flow,3fZk3Gm5dN5v5yfYMQ04Bx,1,['5W1qmxHrMlQGGAiFA3ZQqP']
Dímelo Flow,3fZk3Gm5dN5v5yfYMQ04Bx,Arcángel,4SsVbpTthjScTS7U2hmr1X,1,['5W1qmxHrMlQGGAiFA3ZQqP']
De La Ghetto,3EiLUeyEcA6fbRPSHkG5kb,Dímelo Flow,3fZk3Gm5dN5v5yfYMQ04Bx,1,['5W1qmxHrMlQGGAiFA3ZQqP']
Lenny Tavárez,1pQWsZQehhS4wavwh7Fnxd,Dímelo Flow,3fZk3Gm5dN5v5yfYMQ04Bx,1,['5W1qmxHrMlQGGAiFA3ZQqP']
Dalex,0KPX4Ucy9dk82uj4GpKesn,Sech,77ziqFxp5gaInVrF2lj4ht,1,['5W1qmxHrMlQGGAiFA3ZQqP']
Dalex,0KPX4Ucy9dk82uj4GpKesn,Justin Quiles,14zUHaJZo1mnYtn6IBRaRP,1,['5W1qmxHrMlQGGAiFA3ZQqP']
Dalex,0KPX4Ucy9dk82uj4GpKesn,Arcángel,4SsVbpTthjScTS7U2hmr1X,1,['5W1qmxHrMlQGGAiFA3ZQqP']
Dalex,0KPX4Ucy9dk82uj4GpKesn,De La Ghetto,3EiLUeyEcA6fbRPSHkG5kb,1,['5W1qmxHrMlQGGAiFA3ZQqP']
Dalex,0KPX4Ucy9dk82uj4GpKesn,Lenny Tavárez,1pQWsZQehhS4wavwh7Fnxd,1,['5W1qmxHrMlQGGAiFA3ZQqP']
Justin Quiles,14zUHaJZo1mnYtn6IBRaRP,Sech,77ziqFxp5gaInVrF2lj4ht,1,['5W1qmxHrMlQGGAiFA3ZQqP']
Arcángel,4SsVbpTthjScTS7U2hmr1X,Sech,77ziqFxp5gaInVrF2lj4ht,1,['5W1qmxHrMlQGGAiFA3ZQqP']
De La Ghetto,3EiLUeyEcA6fbRPSHkG5kb,Sech,77ziqFxp5gaInVrF2lj4ht,1,['5W1qmxHrMlQGGAiFA3ZQqP']
Lenny Tavárez,1pQWsZQehhS4wavwh7Fnxd,Sech,77ziqFxp5gaInVrF2lj4ht,1,['5W1qmxHrMlQGGAiFA3ZQqP']
Justin Quiles,14zUHaJZo1mnYtn6IBRaRP,Arcángel,4SsVbpTthjScTS7U2hmr1X,1,['5W1qmxHrMlQGGAiFA3ZQqP']
Justin Quiles,14zUHaJZo1mnYtn6IBRaRP,De La Ghetto,3EiLUeyEcA6fbRPSHkG5kb,1,['5W1qmxHrMlQGGAiFA3ZQqP']
De La Ghetto,3EiLUeyEcA6fbRPSHkG5kb,Arcángel,4SsVbpTthjScTS7U2hmr1X,1,['5W1qmxHrMlQGGAiFA3ZQqP']
Lenny Tavárez,1pQWsZQehhS4wavwh7Fnxd,Arcángel,4SsVbpTthjScTS7U2hmr1X,1,['5W1qmxHrMlQGGAiFA3ZQqP']
Lenny Tavárez,1pQWsZQehhS4wavwh7Fnxd,De La Ghetto,3EiLUeyEcA6fbRPSHkG5kb,1,['5W1qmxHrMlQGGAiFA3ZQqP']
The Weeknd,1Xyo4u8uXC1ZmMpatF05PJ,Gesaffelstein,3hteYQFiMFbJY7wS0xDymP,2,"['1cKHdTo9u0ZymJdPGSh6nq', '2vXKRlJBXyOcvZYTdNeckS']"
L.V.,2LhsePRtgCo4THVKULQBL7,Coolio,3y24n3XhZ96wgwRXjvS17T,1,['1DIXPcTDzTj8ZMHt3PDt8p']
SUGA,0ebNdVaOfp6N0oZ1guIxM8,Juice WRLD,4MCBfE4596Uoi2O4DtmEMz,1,['7DF8lvLdV3htIbuTWpc7lR']
BTS,3Nrfpe0tUJi4K4DXYWgMUX,Juice WRLD,4MCBfE4596Uoi2O4DtmEMz,1,['7DF8lvLdV3htIbuTWpc7lR']
SUGA,0ebNdVaOfp6N0oZ1guIxM8,BTS,3Nrfpe0tUJi4K4DXYWgMUX,1,['7DF8lvLdV3htIbuTWpc7lR']
Justin Bieber,1uNFoZAHBGtllmzznpCI3s,Juice WRLD,4MCBfE4596Uoi2O4DtmEMz,1,['1cA4wEmLkKlttS6N89LbJh']
Alesso,4AVFqumd2ogHFlRbKIjp1t,Katy Perry,6jJ0s89eD6GaHleKKya26X,1,['5902W4uHWzhtOff1UK7the']
Camila Cabello,4nDoRrQiYLoBzwC5BhVJzF,Shawn Mendes,7n2wHs1TKAczGzO7Dd2rGr,2,"['66VenHDtrQAw7FCjyF2J56', '6v3KW9xbzN5yKLt9YKDYA2']"
Maroon 5,04gDigrS5kc9YWfZHwBETP,Wiz Khalifa,137W8MRPWKqSmrBGDBFSop,1,['1XGmzt0PVuFgQYYnV2It7A']
Rich Brian,2IDLDx25HU1nQMKde4n61a,bbno$,41X1TR6hrK8Q2ZCpp2EqCz,1,['5rW7qTn83sCKtqBoneJs63']
Gunna,2hlmm7s2ICUX0LVIhVFlZQ,Internet Money,6MPCFvOQv5cIGfw3jODMF0,1,['7hxHWCCAIIxFLCzvDgnQHX']
Don Toliver,4Gso3d4CscCijv0lmajZWs,Internet Money,6MPCFvOQv5cIGfw3jODMF0,1,['7hxHWCCAIIxFLCzvDgnQHX']
Internet Money,6MPCFvOQv5cIGfw3jODMF0,NAV,7rkW85dBwwrJtlHRDkJDAC,1,['7hxHWCCAIIxFLCzvDgnQHX']
Gunna,2hlmm7s2ICUX0LVIhVFlZQ,Don Toliver,4Gso3d4CscCijv0lmajZWs,1,['7hxHWCCAIIxFLCzvDgnQHX']
Gunna,2hlmm7s2ICUX0LVIhVFlZQ,NAV,7rkW85dBwwrJtlHRDkJDAC,1,['7hxHWCCAIIxFLCzvDgnQHX']
Don Toliver,4Gso3d4CscCijv0lmajZWs,NAV,7rkW85dBwwrJtlHRDkJDAC,1,['7hxHWCCAIIxFLCzvDgnQHX']
Marshmello,64KEffDW9EtZ1y2vBYgq8T,Jonas Brothers,7gOdHgIoIKoe4i9Tta6qdD,1,['4qu63nuBpdn0qHUHuObEj1']
Lil Durk,3hcs9uc56yIGFCSy9leWe7,Morgan Wallen,4oUHIQIBe0LHzYfvXNW4QM,1,['3DZ8dbKg4OTSSqGARvecYd']
Olga Merediz,2Go6wC0GsnkVeRoVwh8rqX,Stephanie Beatriz,5PYToRCsrnvikZg3yl2JMr,1,['4b1yxSdlumA8N4fEk4UOZp']
Olga Merediz,2Go6wC0GsnkVeRoVwh8rqX,Encanto - Cast,3xLU748QxpTmIVaiNXXg0P,1,['4b1yxSdlumA8N4fEk4UOZp']
LIT killah,1vqR17Iv8VFdzure1TAXEq,Tiago PZK,5Y3MV9DZ0d87NnVm56qSY1,2,"['4TGwERXRlyQtBdggYTHo6j', '6w8yBI2vthyN9UnwO4UBWb']"
Nate Dogg,1Oa0bMld0A3u5OTYfMzp5h,Eminem,7dGJo4pcD2V6oG8kP0tJRR,1,['4xkOaSrkexMciUUogZKVTS']
Anuel AA,2R21vXR83lH98kGeO99Y66,Myke Towers,7iK8PXO48WeuP03g8YR51W,1,['3xv8JksRyqHa1lwkM9xvJf']
JHAYCO,6nVcHLIgY5pE2YCl8ubca1,Myke Towers,7iK8PXO48WeuP03g8YR51W,1,['3xv8JksRyqHa1lwkM9xvJf']
Boza,2NfSBtmWe7oPw1EmetJVso,Lunay,47MpMsUfWtgyIIBEFOr4FE,1,['7cx9L3i88euMfx1oNCqDAD']
Lenny Tavárez,1pQWsZQehhS4wavwh7Fnxd,Boza,2NfSBtmWe7oPw1EmetJVso,1,['7cx9L3i88euMfx1oNCqDAD']
Juhn,2LmcxBak1alK1bf7d1beTr,Boza,2NfSBtmWe7oPw1EmetJVso,1,['7cx9L3i88euMfx1oNCqDAD']
Boza,2NfSBtmWe7oPw1EmetJVso,Beéle,7a0XAaPaK2aDSqa8p3QnC7,1,['7cx9L3i88euMfx1oNCqDAD']
Lenny Tavárez,1pQWsZQehhS4wavwh7Fnxd,Lunay,47MpMsUfWtgyIIBEFOr4FE,1,['7cx9L3i88euMfx1oNCqDAD']
Juhn,2LmcxBak1alK1bf7d1beTr,Lunay,47MpMsUfWtgyIIBEFOr4FE,1,['7cx9L3i88euMfx1oNCqDAD']
Lunay,47MpMsUfWtgyIIBEFOr4FE,Beéle,7a0XAaPaK2aDSqa8p3QnC7,1,['7cx9L3i88euMfx1oNCqDAD']
Lenny Tavárez,1pQWsZQehhS4wavwh7Fnxd,Juhn,2LmcxBak1alK1bf7d1beTr,1,['7cx9L3i88euMfx1oNCqDAD']
Lenny Tavárez,1pQWsZQehhS4wavwh7Fnxd,Beéle,7a0XAaPaK2aDSqa8p3QnC7,1,['7cx9L3i88euMfx1oNCqDAD']
Juhn,2LmcxBak1alK1bf7d1beTr,Beéle,7a0XAaPaK2aDSqa8p3QnC7,1,['7cx9L3i88euMfx1oNCqDAD']
Maria Becerra,1DxLCyH42yaHKGK3cl5bvG,Tiago PZK,5Y3MV9DZ0d87NnVm56qSY1,1,['4TGwERXRlyQtBdggYTHo6j']
Nicki Nicole,2UZIAOlrnyZmyzt1nuXr9y,Tiago PZK,5Y3MV9DZ0d87NnVm56qSY1,1,['4TGwERXRlyQtBdggYTHo6j']
Maria Becerra,1DxLCyH42yaHKGK3cl5bvG,LIT killah,1vqR17Iv8VFdzure1TAXEq,1,['4TGwERXRlyQtBdggYTHo6j']
LIT killah,1vqR17Iv8VFdzure1TAXEq,Nicki Nicole,2UZIAOlrnyZmyzt1nuXr9y,1,['4TGwERXRlyQtBdggYTHo6j']
Maria Becerra,1DxLCyH42yaHKGK3cl5bvG,Nicki Nicole,2UZIAOlrnyZmyzt1nuXr9y,1,['4TGwERXRlyQtBdggYTHo6j']
The Weeknd,1Xyo4u8uXC1ZmMpatF05PJ,Daft Punk,4tZwfgrHOc3mvqYlEYSvVi,1,['7MXVkk9YMctZqd1Srtv4MB']
The Weeknd,1Xyo4u8uXC1ZmMpatF05PJ,Tyler The Creator,4V8LLVI7PbaPR0K2TGSxFF,1,['1NhjYYcYTRywc0di98xHxf']
The Weeknd,1Xyo4u8uXC1ZmMpatF05PJ,Lil Wayne,55Aa2cqylxrFIXC767Z865,1,['5XbA7TAqsD0fj0dGBrbb0D']
Future,1RyvyyTE3xzB2ZywiAwp0i,Gunna,2hlmm7s2ICUX0LVIhVFlZQ,3,"['2Hph3X77ySNgBCIak5CMc6', '3XOalgusokruzA5ZBA2Qcb', '7HCX1Ch3mklJyEdpwPZBFW']"
Gunna,2hlmm7s2ICUX0LVIhVFlZQ,Young Thug,50co4Is1HCEo8bhOyUWKpn,4,"['28ZGbkz2MDnpvHhSRQw4f1', '2ZGEjmwyeZ3rpEezkZwqOP', '3XOalgusokruzA5ZBA2Qcb', '7HCX1Ch3mklJyEdpwPZBFW']"
21 Savage,1URnnhqYAYcrqrcwql10ft,Gunna,2hlmm7s2ICUX0LVIhVFlZQ,1,['3XLbDUB5BX2WqL2qoAsvtb']
Gunna,2hlmm7s2ICUX0LVIhVFlZQ,Lil Baby,5f7VJjfbwm532GiveGC0ZK,1,['0boodYr1uIpSVmGSP65Fmk']
Gunna,2hlmm7s2ICUX0LVIhVFlZQ,Kodak Black,46SHBwWsqBkxI7EeeBEQG7,1,['49W1ZqawgaAwbIY3Hlrp0K']
Sick Luke,0hk4xVujcyOr6USD95wcWb,thasup,19i93sA0D7yS9dYoVNBqAA,1,['3NbehQmQsyuN17EP7dW5mJ']
Sick Luke,0hk4xVujcyOr6USD95wcWb,Sfera Ebbasta,23TFHmajVfBtlRx5MXqgoz,1,['3NbehQmQsyuN17EP7dW5mJ']
thasup,19i93sA0D7yS9dYoVNBqAA,Sfera Ebbasta,23TFHmajVfBtlRx5MXqgoz,2,"['3NbehQmQsyuN17EP7dW5mJ', '3gUzi41YOt3VExeyHSLsMj']"
Gunna,2hlmm7s2ICUX0LVIhVFlZQ,G Herbo,5QdEbQJ3ylBnc3gsIASAT5,1,['5ts6i8uvQcihNqmUcxRMFk']
Chlöe,1FtBEIWAwvw5ymBen5GICR,Gunna,2hlmm7s2ICUX0LVIhVFlZQ,1,['4xTRiW8KxQjf6JxeyozXkZ']
Bonez MC,1aS5tqEs9ci5P9KD9tZWa6,Gzuz,5eioJDe26lOqkAMbuhzZYs,2,"['0Dfyjnusld4dFOUl91gf0z', '1dLYHdJhQ0LlZyyJmn3FLu']"
Sick Luke,0hk4xVujcyOr6USD95wcWb,Shiva,2K5nCggbhSZ00YCYP5qkZS,1,['1QlqHpITeEHB4EWFGqks9J']
Sick Luke,0hk4xVujcyOr6USD95wcWb,Capo Plaza,5SulO4l40qDuV9zUGLZx7n,1,['1QlqHpITeEHB4EWFGqks9J']
Sick Luke,0hk4xVujcyOr6USD95wcWb,Tedua,1AgAVqo74e2q4FVvg0xpT7,1,['1QlqHpITeEHB4EWFGqks9J']
Sick Luke,0hk4xVujcyOr6USD95wcWb,Pyrex,7h1amg0X7Q5d0D5KfuyKTg,1,['1QlqHpITeEHB4EWFGqks9J']
Shiva,2K5nCggbhSZ00YCYP5qkZS,Capo Plaza,5SulO4l40qDuV9zUGLZx7n,1,['1QlqHpITeEHB4EWFGqks9J']
Tedua,1AgAVqo74e2q4FVvg0xpT7,Shiva,2K5nCggbhSZ00YCYP5qkZS,1,['1QlqHpITeEHB4EWFGqks9J']
Shiva,2K5nCggbhSZ00YCYP5qkZS,Pyrex,7h1amg0X7Q5d0D5KfuyKTg,1,['1QlqHpITeEHB4EWFGqks9J']
Tedua,1AgAVqo74e2q4FVvg0xpT7,Capo Plaza,5SulO4l40qDuV9zUGLZx7n,1,['1QlqHpITeEHB4EWFGqks9J']
Capo Plaza,5SulO4l40qDuV9zUGLZx7n,Pyrex,7h1amg0X7Q5d0D5KfuyKTg,1,['1QlqHpITeEHB4EWFGqks9J']
Tedua,1AgAVqo74e2q4FVvg0xpT7,Pyrex,7h1amg0X7Q5d0D5KfuyKTg,1,['1QlqHpITeEHB4EWFGqks9J']
Gurinder Gill,5DHi2MeoRgAwPE0A0qwRMl,AP Dhillon,6LEG9Ld1aLImEFEVHdWNSB,1,['29m79w9xPMH4YCD6r8JSmV']
Intense,0OS0NZnK7TGIAWx8MkWNFN,AP Dhillon,6LEG9Ld1aLImEFEVHdWNSB,1,['29m79w9xPMH4YCD6r8JSmV']
Intense,0OS0NZnK7TGIAWx8MkWNFN,Gurinder Gill,5DHi2MeoRgAwPE0A0qwRMl,1,['29m79w9xPMH4YCD6r8JSmV']
Gunna,2hlmm7s2ICUX0LVIhVFlZQ,Drake,3TVXtAsR1Inumwj472S9r4,1,['0lEjxUUlKqjqXrVlIHFduD']
Avril Lavigne,0p4nmQO2msCgU4IF37Wi3j,blackbear,2cFrymmkijnjDg9SS92EPM,1,['4jUAn4mBt4LBsRREJkeCSr']
Hugo & Guilherme,1LIuN7ov1IBQDdLsU83ojl,Marília Mendonça,1yR65psqiazQpeM79CcGh8,1,['6Zw25LRLP0j0MsezDFIUM4']
Luude,20cmhoGvN0eyzhmsHJH1Mg,Colin Hay,5mxB08ktCukEhGMg2YZeEv,1,['3Oww84xrmgjyr5J1ilOmAf']
The Game,0NbfKEOTQCcwd6o7wSDOHI,Kanye West,5K4W6rqBFWDnAN6FQUkS6x,1,['6Ab81Bs9fcOwaTYuBsUUpI']
Labrinth,2feDdbD5araYcm6JhFHHw7,Zendaya,6sCbFbEjbYepqswM1vWjjs,3,"['10hMM5nsZQf66ldBlgWBfG', '6LtHYDgYHRCHoKK3snfr2w', '76YSWx6L6FNsuaP6GWBb8P']"
Rauw Alejandro,1mcTU81TzQhprhouKaTkpq,Alvaro Diaz,5J7rXWjtn5HzUkJ4Jet8Fr,1,['1mSviQV9iQnGSRyvTIuxAj']
Mainstreet,25XJqeReVV38w0tR04GGBd,Chefin,68PYmgkbRP1qZnEWOry7sB,1,['3QGxgNaqaFSpORp2OVLXHR']
Travis Barker,4exLIFE8sISLr28sqG1qNX,iann dior,6ASri4ePR7RlsvIQgWPJpS,1,['36uNbyvWCUwSk3AnpQmu2I']
iann dior,6ASri4ePR7RlsvIQgWPJpS,mgk,6TIYQ3jFPwQSRmorSezPxX,2,"['36uNbyvWCUwSk3AnpQmu2I', '4UHyrGQCHu0Orh2utUxbNY']"
Travis Barker,4exLIFE8sISLr28sqG1qNX,mgk,6TIYQ3jFPwQSRmorSezPxX,1,['36uNbyvWCUwSk3AnpQmu2I']
Drake,3TVXtAsR1Inumwj472S9r4,Wizkid,3tVQdUvClmAT7URs9V3rsp,1,['1zi7xx7UVEFkmKfv06H8x0']
Drake,3TVXtAsR1Inumwj472S9r4,Kyla,6TK7fjRPdy2GW2pJzNF23L,1,['1zi7xx7UVEFkmKfv06H8x0']
Wizkid,3tVQdUvClmAT7URs9V3rsp,Kyla,6TK7fjRPdy2GW2pJzNF23L,1,['1zi7xx7UVEFkmKfv06H8x0']
Devi Sri Prasad,5sSzCxHtgL82pYDvx2QyEU,Sid Sriram,7qjJw7ZM2ekDSahLXPjIlN,1,['2YmXGUx32C3CUEgcAyHcGf']
Chandra Bose,3gZ3IpjebAehFzIYhFIJDK,Devi Sri Prasad,5sSzCxHtgL82pYDvx2QyEU,1,['2YmXGUx32C3CUEgcAyHcGf']
Chandra Bose,3gZ3IpjebAehFzIYhFIJDK,Sid Sriram,7qjJw7ZM2ekDSahLXPjIlN,1,['2YmXGUx32C3CUEgcAyHcGf']
Sam Tompkins,04uu8U3I1h26Fp2NBkPTRZ,JNR CHOI,1Z25ZlGHqqlr3o1UGQOfNn,1,['5vUnjhBzRJJIAOJPde6zDx']
La Pantera,0IEzMvarfVycBJAXjjEZOL,Quevedo,52iwsT98xCoGgiGntTiR7K,1,['0Bv7O6fmZk3GrNQFYJaXPn']
La Pantera,0IEzMvarfVycBJAXjjEZOL,Juseph,5kgDdP7a4TsvkF08gpJGX0,1,['0Bv7O6fmZk3GrNQFYJaXPn']
La Pantera,0IEzMvarfVycBJAXjjEZOL,ABHIR,2D8UzkIVdg1bj0Iqz6gjk0,1,['0Bv7O6fmZk3GrNQFYJaXPn']
La Pantera,0IEzMvarfVycBJAXjjEZOL,BEJO,0adJG3bdFTHCkTY28NkY4u,1,['0Bv7O6fmZk3GrNQFYJaXPn']
La Pantera,0IEzMvarfVycBJAXjjEZOL,Cruz Cafuné,0jeYkqwckGJoHQhhXwgzk3,1,['0Bv7O6fmZk3GrNQFYJaXPn']
EL IMA,00vsUIEaNHw6qoQnh8DQM2,La Pantera,0IEzMvarfVycBJAXjjEZOL,1,['0Bv7O6fmZk3GrNQFYJaXPn']
Quevedo,52iwsT98xCoGgiGntTiR7K,Juseph,5kgDdP7a4TsvkF08gpJGX0,1,['0Bv7O6fmZk3GrNQFYJaXPn']
ABHIR,2D8UzkIVdg1bj0Iqz6gjk0,Quevedo,52iwsT98xCoGgiGntTiR7K,1,['0Bv7O6fmZk3GrNQFYJaXPn']
BEJO,0adJG3bdFTHCkTY28NkY4u,Quevedo,52iwsT98xCoGgiGntTiR7K,1,['0Bv7O6fmZk3GrNQFYJaXPn']
Cruz Cafuné,0jeYkqwckGJoHQhhXwgzk3,Quevedo,52iwsT98xCoGgiGntTiR7K,1,['0Bv7O6fmZk3GrNQFYJaXPn']
EL IMA,00vsUIEaNHw6qoQnh8DQM2,Quevedo,52iwsT98xCoGgiGntTiR7K,1,['0Bv7O6fmZk3GrNQFYJaXPn']
ABHIR,2D8UzkIVdg1bj0Iqz6gjk0,Juseph,5kgDdP7a4TsvkF08gpJGX0,1,['0Bv7O6fmZk3GrNQFYJaXPn']
BEJO,0adJG3bdFTHCkTY28NkY4u,Juseph,5kgDdP7a4TsvkF08gpJGX0,1,['0Bv7O6fmZk3GrNQFYJaXPn']
Cruz Cafuné,0jeYkqwckGJoHQhhXwgzk3,Juseph,5kgDdP7a4TsvkF08gpJGX0,1,['0Bv7O6fmZk3GrNQFYJaXPn']
EL IMA,00vsUIEaNHw6qoQnh8DQM2,Juseph,5kgDdP7a4TsvkF08gpJGX0,1,['0Bv7O6fmZk3GrNQFYJaXPn']
BEJO,0adJG3bdFTHCkTY28NkY4u,ABHIR,2D8UzkIVdg1bj0Iqz6gjk0,1,['0Bv7O6fmZk3GrNQFYJaXPn']
Cruz Cafuné,0jeYkqwckGJoHQhhXwgzk3,ABHIR,2D8UzkIVdg1bj0Iqz6gjk0,1,['0Bv7O6fmZk3GrNQFYJaXPn']
EL IMA,00vsUIEaNHw6qoQnh8DQM2,ABHIR,2D8UzkIVdg1bj0Iqz6gjk0,1,['0Bv7O6fmZk3GrNQFYJaXPn']
BEJO,0adJG3bdFTHCkTY28NkY4u,Cruz Cafuné,0jeYkqwckGJoHQhhXwgzk3,1,['0Bv7O6fmZk3GrNQFYJaXPn']
EL IMA,00vsUIEaNHw6qoQnh8DQM2,BEJO,0adJG3bdFTHCkTY28NkY4u,1,['0Bv7O6fmZk3GrNQFYJaXPn']
EL IMA,00vsUIEaNHw6qoQnh8DQM2,Cruz Cafuné,0jeYkqwckGJoHQhhXwgzk3,1,['0Bv7O6fmZk3GrNQFYJaXPn']
Bad Bunny,4q3ewBCX7sLwd24euuV69X,ROSALÍA,7ltDVBr6mKbRvohxheJ9h1,1,['2XIc1pqjXV3Cr2BQUGNBck']
Charli xcx,25uiPmTg16RbhZWAqwLBy5,Rina Sawayama,2KEqzdPS7M5YwGmiuPTdr5,1,['50ZFpw2wS6ERvLmW8TINhq']
Mahmood,06nvjg4wBANK6DCHjqtPNd,BLANCO,1MRiIeZbc0cRuxOafDUCtH,1,['1ZMGp9MTXbtAPvcKa0U3zS']
Nicki Minaj,0hCNtLu0JehylgoiP8L4Gh,Lil Baby,5f7VJjfbwm532GiveGC0ZK,2,"['1PNs0uGru3TcrA94kpyGnc', '7lcI4X8RZxK4zIknJcwpBq']"
WILLOW,3rWZHrfrsPBxVy692yAIxF,mgk,6TIYQ3jFPwQSRmorSezPxX,1,['3tBZ60j1jQ7NJm8IjelyQe']
21 Savage,1URnnhqYAYcrqrcwql10ft,King Von,6QtgPSJPSzcnn7dPZ4VINp,1,['6BczFLHW9aIf9aWn5NFuNL']
A$AP Rocky,13ubrt8QOOCPljQ2FL1Kca,$NOT,5IbEL2xjRtKsunfmsahLuO,1,['3YFnfm9z8RmPFIZ7C16u4e']
Malik Montana,1Kjs5u8GQf6zCFdTj6SI9E,DaChoyce,6nStjcAtMWhraEtrTrePkl,1,['2jG3STVcZ9fjYlhXPi7nJ1']
SRNO,0Kwf0zcciIFGLCKiqNcO6Q,Malik Montana,1Kjs5u8GQf6zCFdTj6SI9E,1,['2jG3STVcZ9fjYlhXPi7nJ1']
Malik Montana,1Kjs5u8GQf6zCFdTj6SI9E,The Plug,5r3fI2q1YU3QyVP7oncOQ9,1,['2jG3STVcZ9fjYlhXPi7nJ1']
SRNO,0Kwf0zcciIFGLCKiqNcO6Q,DaChoyce,6nStjcAtMWhraEtrTrePkl,1,['2jG3STVcZ9fjYlhXPi7nJ1']
The Plug,5r3fI2q1YU3QyVP7oncOQ9,DaChoyce,6nStjcAtMWhraEtrTrePkl,1,['2jG3STVcZ9fjYlhXPi7nJ1']
SRNO,0Kwf0zcciIFGLCKiqNcO6Q,The Plug,5r3fI2q1YU3QyVP7oncOQ9,1,['2jG3STVcZ9fjYlhXPi7nJ1']
Dr. Dre,6DPYiyq5kWVQS4RGwxzPC7,Eminem,7dGJo4pcD2V6oG8kP0tJRR,2,"['3a2jFwnts4Cf0OwJbK61SL', '7iXF2W9vKmDoGAhlHdpyIa']"
Daddy Yankee,4VMYDCV2IEDYJArk749S6m,Bad Bunny,4q3ewBCX7sLwd24euuV69X,2,"['48AJSd42lXpicsGqcgopof', '69vlMrzHwATKzupwNcUPyK']"
Taylor Swift,06HL4z0CvFAxyc27GXpf02,Ed Sheeran,6eUKZXaKkcviH0Ku9w2n3V,1,['6N1K5OVVCopBjGViHs2IvP']
Fivio Foreign,14CHVeJGrR5xgUGQFV5BVM,Kanye West,5K4W6rqBFWDnAN6FQUkS6x,1,['4huBDGP4I3S0pYI0EaRN1c']
Fivio Foreign,14CHVeJGrR5xgUGQFV5BVM,Alicia Keys,3DiDSECUqqY1AuBP8qtaIa,1,['4huBDGP4I3S0pYI0EaRN1c']
Alicia Keys,3DiDSECUqqY1AuBP8qtaIa,Kanye West,5K4W6rqBFWDnAN6FQUkS6x,1,['4huBDGP4I3S0pYI0EaRN1c']
Becky G,4obzFoKoKRHIphyHzJ35G3,KAROL G,790FomKkXshlbRYZFtlgla,1,['7FlQk2gJ6TBrHHiidvdR2O']
Dr. Dre,6DPYiyq5kWVQS4RGwxzPC7,Snoop Dogg,7hJcb9fa4alzcOq3EaNPoG,2,"['4LwU4Vp6od3Sb08CsP99GC', '503OTo2dSqe7qk76rgsbep']"
2Pac,1ZwdS5xdxEREPySFridCfh,Roger,3GMoVpWJy4smKuxFuFTwXC,1,['3ia3dJETSOllPsv3LJkE35']
2Pac,1ZwdS5xdxEREPySFridCfh,Dr. Dre,6DPYiyq5kWVQS4RGwxzPC7,1,['3ia3dJETSOllPsv3LJkE35']
Roger,3GMoVpWJy4smKuxFuFTwXC,Dr. Dre,6DPYiyq5kWVQS4RGwxzPC7,1,['3ia3dJETSOllPsv3LJkE35']
Dido,2mpeljBig2IXLXRAFO9AAs,Eminem,7dGJo4pcD2V6oG8kP0tJRR,1,['3UmaczJpikHgJFyBTAJVoz']
Juice WRLD,4MCBfE4596Uoi2O4DtmEMz,Eminem,7dGJo4pcD2V6oG8kP0tJRR,1,['7FIWs0pqAYbP91WWM0vlTQ']
Jonita Gandhi,00sCATpEvwH48ays7PlQFU,Anirudh Ravichander,4zCH9qm4R2DADamUHMCa6O,1,['6yvxu91deFKt3X1QoV6qMv']
Bring Me The Horizon,1Ffb6ejR6Fe5IamqA5oRUF,Ed Sheeran,6eUKZXaKkcviH0Ku9w2n3V,1,['7vrKEP66NdiQDPryPG6olO']
Mc Pedrinho,1etNnR2SdlelBQAICa2Q5m,PEDRO SAMPAIO,5wbf52LA6kcaboHSN6NEF1,1,['5zNxUkUW9WiV5oyg6gh2wB']
Wesley Safadão,1AL2GKpmRrKXkYIcASuRFa,Dj Guuga,1cNPXWhKfjI0fT5EMCnamR,1,['1M5OUvKG03C0QtzvxRS4Zk']
Dj Guuga,1cNPXWhKfjI0fT5EMCnamR,Zé Felipe,7cmuxPnXRJxwuYDHfbD8Eu,1,['1M5OUvKG03C0QtzvxRS4Zk']
Wesley Safadão,1AL2GKpmRrKXkYIcASuRFa,Zé Felipe,7cmuxPnXRJxwuYDHfbD8Eu,1,['1M5OUvKG03C0QtzvxRS4Zk']
Halsey,26VFTg2z8YR0cCuwLzESi2,The Chainsmokers,69GGBxA162lTqCwzJG5jLp,1,['7BKLCZ1jbUBVqRi2FVlTVw']
Coldplay,4gzpq5DPGxSnKTe4SA8HAU,The Chainsmokers,69GGBxA162lTqCwzJG5jLp,1,['6RUKPb4LETWmmr3iAEQktW']
Tyga,5LHRHt1k9lMyONurDHEdrp,Doja Cat,5cj0lLjcoR7YOSnhnX0Po5,1,['3vySEUpD0tc801F2WZDLYw']
Kygo,23fqKkggKUBHNkbKtXEls4,DNCE,6T5tfhQCknKG4UnH90qGnz,1,['4RAR8g8fZNB106ezUurnE0']
Tarcísio do Acordeon,48HORs6F9P7IgdyKrk4MZC,Mc Don Juan,7Lmrb6KcIzfkmgbtokjsAL,1,['5yRgMxdDhdYlbUQNCOlW3o']
Mc Don Juan,7Lmrb6KcIzfkmgbtokjsAL,DG e Batidão Stronda,7gIeuq2qBfYhO1budb6TSQ,1,['5yRgMxdDhdYlbUQNCOlW3o']
Tarcísio do Acordeon,48HORs6F9P7IgdyKrk4MZC,DG e Batidão Stronda,7gIeuq2qBfYhO1budb6TSQ,1,['5yRgMxdDhdYlbUQNCOlW3o']
Dj Serpinha,17CbKzT0I4256iVuPvrZXr,MC Teteu,6ulkDr2Bnu7Qlbrs5iDOF1,1,['3qmdfYpfvKRIXmWaLllHZ3']
Gotye,2AsusXITU8P25dlRNhcAbG,Kimbra,6hk7Yq1DU9QcCCrz9uc0Ti,1,['1qDrWA6lyx8cLECdZE7TV7']
Residente,5GcWBUX00IPuWVGMIRK1sS,Bizarrap,716NhGYqD1jl2wI1Qkgq36,1,['2dG9k8jtnkjzJjUToz9i9i']
Camila Cabello,4nDoRrQiYLoBzwC5BhVJzF,Ed Sheeran,6eUKZXaKkcviH0Ku9w2n3V,1,['2DB4DdfCFMw1iaR6JaR03a']
Justin Bieber,1uNFoZAHBGtllmzznpCI3s,Omah Lay,5yOvAmpIR7hVxiS6Ls5DPO,1,['6tTeRmhhuwDl5Y4UiJdHuO']
Lil Wayne,55Aa2cqylxrFIXC767Z865,mgk,6TIYQ3jFPwQSRmorSezPxX,2,"['1T4tQ4SSagbhAKpvcWg035', '4Gm1VAxKdLS9aL7bkbZZyr']"
Dominic Fike,6USv9qhCn6zfxlBQIYJ9qs,Zendaya,6sCbFbEjbYepqswM1vWjjs,1,['7JIIY2oDPFkURYMCLJuzhe']
t-low,3tQzzidoPfVifoURnDfgmD,Miksu / Macloud,76dRoxKtDwYkgCQePok9cU,2,"['1W1N3usYjgI3XGQA0iX9Vq', '5IQvs70wHdurk63TnCV6ZP']"
Kevin Gates,1gPhS1zisyXr5dHTYZyiMe,Juicy J,5gCRApTajqwbnHHPbr2Fpi,1,['1ojBtNRMzjL7ptLPZCzfRz']
Megan Thee Stallion,181bsRPaVXVlUKXrxwZfHK,Dua Lipa,6M2wZ9GZgrQXHCFfjv46we,1,['3JXF3LsUjyDIHjuwhXxdjo']
Tyler The Creator,4V8LLVI7PbaPR0K2TGSxFF,Rex Orange County,7pbDxGE6nQSZVfiFdq9lOL,1,['1TDeDFUYHjZKLsO6bzoVg1']
Future,1RyvyyTE3xzB2ZywiAwp0i,Lil Durk,3hcs9uc56yIGFCSy9leWe7,1,['0VlpgNPHWCyh8xxLcaK2fp']
AnnenMayKantereit,23xqmJEN3oVxwzqtNIyR5m,Giant Rooks,5wD0owYApRtYmjPWavWKvb,1,['0oA9wBGDY4uyILLg4GymWP']
Bring Me The Horizon,1Ffb6ejR6Fe5IamqA5oRUF,mgk,6TIYQ3jFPwQSRmorSezPxX,1,['25wdC7CJmCJPgnKw9rYquJ']
Feid,2LRoIwlKmHjgvigdNGBHNo,Alejo,50sIhX3HytFEwQXZJLUZQE,1,['4srcMdbm2qzVG98tJajHxp']
Alejo,50sIhX3HytFEwQXZJLUZQE,ROBI,6ISKc7ev3V4EGnEagkXexc,1,['4srcMdbm2qzVG98tJajHxp']
Feid,2LRoIwlKmHjgvigdNGBHNo,ROBI,6ISKc7ev3V4EGnEagkXexc,1,['4srcMdbm2qzVG98tJajHxp']
BoyWithUke,1Cd373x8qzC7SNUg5IToqp,blackbear,2cFrymmkijnjDg9SS92EPM,1,['4ZUpTMKPYFTfJqamWFU9Zv']
Tokischa,2p4aN0Uxkk3iT3HK0cJ2cJ,ROSALÍA,7ltDVBr6mKbRvohxheJ9h1,1,['5gCNf9wMVrYuM2fvfgLTlF']
Mc Frog,5xKesKsXI1jv2TorLOnbbm,Davi Kneip,6rygauyIMQJrXRC4e5rQJP,2,"['3sd2p4kE7xQmFH3lPnFl6h', '6cS0vHihdIXy77v828qYwR']"
Dj Gabriel do Borel,6HJiLhKqnOh32p3LSNWsR3,Davi Kneip,6rygauyIMQJrXRC4e5rQJP,2,"['3sd2p4kE7xQmFH3lPnFl6h', '6cS0vHihdIXy77v828qYwR']"
Luísa Sonza,4PzYKhC14sTJNEr0dzoo0d,Davi Kneip,6rygauyIMQJrXRC4e5rQJP,2,"['3sd2p4kE7xQmFH3lPnFl6h', '6cS0vHihdIXy77v828qYwR']"
Mc Frog,5xKesKsXI1jv2TorLOnbbm,Dj Gabriel do Borel,6HJiLhKqnOh32p3LSNWsR3,2,"['3sd2p4kE7xQmFH3lPnFl6h', '6cS0vHihdIXy77v828qYwR']"
Luísa Sonza,4PzYKhC14sTJNEr0dzoo0d,Mc Frog,5xKesKsXI1jv2TorLOnbbm,2,"['3sd2p4kE7xQmFH3lPnFl6h', '6cS0vHihdIXy77v828qYwR']"
Luísa Sonza,4PzYKhC14sTJNEr0dzoo0d,Dj Gabriel do Borel,6HJiLhKqnOh32p3LSNWsR3,2,"['3sd2p4kE7xQmFH3lPnFl6h', '6cS0vHihdIXy77v828qYwR']"
Jordan Fisher,60wslYioiBcxSTInM4nIy2,4*TOWN (From Disney and Pixar’s Turning Red),7jLpPyJ5gQxCvwiBsUfFu6,1,['4bV5sf2B4hWBBd5HQ8S7KB']
Finneas O'Connell,7hCuNVmOMT7ntattMgmL96,4*TOWN (From Disney and Pixar’s Turning Red),7jLpPyJ5gQxCvwiBsUfFu6,1,['4bV5sf2B4hWBBd5HQ8S7KB']
Topher Ngo,10WKlp1bjWxC1IWbpX4Q6l,4*TOWN (From Disney and Pixar’s Turning Red),7jLpPyJ5gQxCvwiBsUfFu6,1,['4bV5sf2B4hWBBd5HQ8S7KB']
Grayson Villanueva,0wSCwQI0t7XUj0zdGO25PZ,4*TOWN (From Disney and Pixar’s Turning Red),7jLpPyJ5gQxCvwiBsUfFu6,1,['4bV5sf2B4hWBBd5HQ8S7KB']
Josh Levi,6NvsNA4Ea62yJh7ePTS8gz,4*TOWN (From Disney and Pixar’s Turning Red),7jLpPyJ5gQxCvwiBsUfFu6,1,['4bV5sf2B4hWBBd5HQ8S7KB']
Jordan Fisher,60wslYioiBcxSTInM4nIy2,Finneas O'Connell,7hCuNVmOMT7ntattMgmL96,1,['4bV5sf2B4hWBBd5HQ8S7KB']
Topher Ngo,10WKlp1bjWxC1IWbpX4Q6l,Jordan Fisher,60wslYioiBcxSTInM4nIy2,1,['4bV5sf2B4hWBBd5HQ8S7KB']
Grayson Villanueva,0wSCwQI0t7XUj0zdGO25PZ,Jordan Fisher,60wslYioiBcxSTInM4nIy2,1,['4bV5sf2B4hWBBd5HQ8S7KB']
Jordan Fisher,60wslYioiBcxSTInM4nIy2,Josh Levi,6NvsNA4Ea62yJh7ePTS8gz,1,['4bV5sf2B4hWBBd5HQ8S7KB']
Topher Ngo,10WKlp1bjWxC1IWbpX4Q6l,Finneas O'Connell,7hCuNVmOMT7ntattMgmL96,1,['4bV5sf2B4hWBBd5HQ8S7KB']
Grayson Villanueva,0wSCwQI0t7XUj0zdGO25PZ,Finneas O'Connell,7hCuNVmOMT7ntattMgmL96,1,['4bV5sf2B4hWBBd5HQ8S7KB']
Josh Levi,6NvsNA4Ea62yJh7ePTS8gz,Finneas O'Connell,7hCuNVmOMT7ntattMgmL96,1,['4bV5sf2B4hWBBd5HQ8S7KB']
Grayson Villanueva,0wSCwQI0t7XUj0zdGO25PZ,Topher Ngo,10WKlp1bjWxC1IWbpX4Q6l,1,['4bV5sf2B4hWBBd5HQ8S7KB']
Topher Ngo,10WKlp1bjWxC1IWbpX4Q6l,Josh Levi,6NvsNA4Ea62yJh7ePTS8gz,1,['4bV5sf2B4hWBBd5HQ8S7KB']
Grayson Villanueva,0wSCwQI0t7XUj0zdGO25PZ,Josh Levi,6NvsNA4Ea62yJh7ePTS8gz,1,['4bV5sf2B4hWBBd5HQ8S7KB']
J Balvin,1vyhD5VmyZ7KMfW5gqLgo5,Ed Sheeran,6eUKZXaKkcviH0Ku9w2n3V,1,['0bBd6K5X4W7t9GyXcaVOA7']
blackbear,2cFrymmkijnjDg9SS92EPM,mgk,6TIYQ3jFPwQSRmorSezPxX,2,"['3MTm8eZ2wCEtpyZqqhP6Dn', '50eJOxJiGmJ7PBZaTKpje1']"
Daddy Yankee,4VMYDCV2IEDYJArk749S6m,Myke Towers,7iK8PXO48WeuP03g8YR51W,1,['3qUdysxsu5FDvOl7nR5vln']
Daddy Yankee,4VMYDCV2IEDYJArk749S6m,Sech,77ziqFxp5gaInVrF2lj4ht,1,['272vIYVYzfAgHUQRUYWmhP']
Rauw Alejandro,1mcTU81TzQhprhouKaTkpq,Daddy Yankee,4VMYDCV2IEDYJArk749S6m,1,['4e4t1qNN47CzmCxFffzs4U']
Nile Rodgers,3yDIp0kaq9EFKe07X1X2rz,Daddy Yankee,4VMYDCV2IEDYJArk749S6m,1,['4e4t1qNN47CzmCxFffzs4U']
Rauw Alejandro,1mcTU81TzQhprhouKaTkpq,Nile Rodgers,3yDIp0kaq9EFKe07X1X2rz,1,['4e4t1qNN47CzmCxFffzs4U']
Pitbull,0TnOYISbd1XYRBk9myaseg,Daddy Yankee,4VMYDCV2IEDYJArk749S6m,1,['5Pg4qYTcvCUBBq3jBhKq0t']
NATTI NATASHA,1GDbiv3spRmZ1XdM1jQbT7,Daddy Yankee,4VMYDCV2IEDYJArk749S6m,1,['4pN4uE4g6srE6376NDwMJP']
Daddy Yankee,4VMYDCV2IEDYJArk749S6m,Becky G,4obzFoKoKRHIphyHzJ35G3,1,['4pN4uE4g6srE6376NDwMJP']
NATTI NATASHA,1GDbiv3spRmZ1XdM1jQbT7,Becky G,4obzFoKoKRHIphyHzJ35G3,1,['4pN4uE4g6srE6376NDwMJP']
El Alfa,2oQX8QiMXOyuqbcZEFsZfm,Daddy Yankee,4VMYDCV2IEDYJArk749S6m,1,['4OAPnWJ3J5w4c4IBLh2chn']
Daddy Yankee,4VMYDCV2IEDYJArk749S6m,Lil Jon,7sfl4Xt5KmfyDs2T3SVSMK,1,['4OAPnWJ3J5w4c4IBLh2chn']
El Alfa,2oQX8QiMXOyuqbcZEFsZfm,Lil Jon,7sfl4Xt5KmfyDs2T3SVSMK,1,['4OAPnWJ3J5w4c4IBLh2chn']
A$AP Rocky,13ubrt8QOOCPljQ2FL1Kca,Tyler The Creator,4V8LLVI7PbaPR0K2TGSxFF,1,['5x8NgG7Ya18m9wafOvvWYk']
A$AP Rocky,13ubrt8QOOCPljQ2FL1Kca,Nigo,2rAnv6brcXaglLZBB4XXEn,1,['5x8NgG7Ya18m9wafOvvWYk']
Nigo,2rAnv6brcXaglLZBB4XXEn,Tyler The Creator,4V8LLVI7PbaPR0K2TGSxFF,2,"['5x8NgG7Ya18m9wafOvvWYk', '6f44p3Kc4ayD9VtbC9Clkr']"
Gunna,2hlmm7s2ICUX0LVIhVFlZQ,mgk,6TIYQ3jFPwQSRmorSezPxX,1,['28ZGbkz2MDnpvHhSRQw4f1']
Young Thug,50co4Is1HCEo8bhOyUWKpn,mgk,6TIYQ3jFPwQSRmorSezPxX,1,['28ZGbkz2MDnpvHhSRQw4f1']
mgk,6TIYQ3jFPwQSRmorSezPxX,Landon Barker,7tWnepocfeqynsYC75hWoF,1,['28ZGbkz2MDnpvHhSRQw4f1']
Gunna,2hlmm7s2ICUX0LVIhVFlZQ,Landon Barker,7tWnepocfeqynsYC75hWoF,1,['28ZGbkz2MDnpvHhSRQw4f1']
Young Thug,50co4Is1HCEo8bhOyUWKpn,Landon Barker,7tWnepocfeqynsYC75hWoF,1,['28ZGbkz2MDnpvHhSRQw4f1']
Ak4:20,1SiLK8gdECx2iEm2SSj0Bl,Pailita,4yxLYO2imECxGYTTV7RQKb,1,['40w8JmvwYUP2HUiXPxjy99']
Ak4:20,1SiLK8gdECx2iEm2SSj0Bl,Cris Mj,1Yj5Xey7kTwvZla8sqdsdE,1,['40w8JmvwYUP2HUiXPxjy99']
Cris Mj,1Yj5Xey7kTwvZla8sqdsdE,Pailita,4yxLYO2imECxGYTTV7RQKb,1,['40w8JmvwYUP2HUiXPxjy99']
Kehlani,0cGUm45nv7Z6M6qdXYQGTX,Justin Bieber,1uNFoZAHBGtllmzznpCI3s,1,['4WghJOMjDpGdlk3b8aJIgy']
Duki,1bAftSH8umNcGZ0uyV7LMg,De La Ghetto,3EiLUeyEcA6fbRPSHkG5kb,1,['6bQ5823aHmFVKLZW8E7rRo']
Duki,1bAftSH8umNcGZ0uyV7LMg,Quevedo,52iwsT98xCoGgiGntTiR7K,1,['6bQ5823aHmFVKLZW8E7rRo']
De La Ghetto,3EiLUeyEcA6fbRPSHkG5kb,Quevedo,52iwsT98xCoGgiGntTiR7K,1,['6bQ5823aHmFVKLZW8E7rRo']
Dreamville,1iNqsUDUraNWrj00bqssQG,JID,6U3ybJ9UHNKEdsH7ktGBZ7,1,['1BzXvBpIFWJgu0P8P6xmP4']
Dreamville,1iNqsUDUraNWrj00bqssQG,J. Cole,6l3HvQ5sa6mXTsMTB19rO5,1,['1BzXvBpIFWJgu0P8P6xmP4']
Dreamville,1iNqsUDUraNWrj00bqssQG,Kenny Mason,4mwdnO2jZrMmMVrjcHsZBv,1,['1BzXvBpIFWJgu0P8P6xmP4']
Dreamville,1iNqsUDUraNWrj00bqssQG,Sheck Wes,2RDOrhPqAM4jzTRCEb19qX,1,['1BzXvBpIFWJgu0P8P6xmP4']
JID,6U3ybJ9UHNKEdsH7ktGBZ7,J. Cole,6l3HvQ5sa6mXTsMTB19rO5,1,['1BzXvBpIFWJgu0P8P6xmP4']
Kenny Mason,4mwdnO2jZrMmMVrjcHsZBv,JID,6U3ybJ9UHNKEdsH7ktGBZ7,1,['1BzXvBpIFWJgu0P8P6xmP4']
Sheck Wes,2RDOrhPqAM4jzTRCEb19qX,JID,6U3ybJ9UHNKEdsH7ktGBZ7,1,['1BzXvBpIFWJgu0P8P6xmP4']
Kenny Mason,4mwdnO2jZrMmMVrjcHsZBv,J. Cole,6l3HvQ5sa6mXTsMTB19rO5,1,['1BzXvBpIFWJgu0P8P6xmP4']
Sheck Wes,2RDOrhPqAM4jzTRCEb19qX,J. Cole,6l3HvQ5sa6mXTsMTB19rO5,1,['1BzXvBpIFWJgu0P8P6xmP4']
Sheck Wes,2RDOrhPqAM4jzTRCEb19qX,Kenny Mason,4mwdnO2jZrMmMVrjcHsZBv,1,['1BzXvBpIFWJgu0P8P6xmP4']
Gryffin,2ZRQcIgzPCVaT9XKhXZIzh,OneRepublic,5Pwc4xIPtQLFEnJriah9YJ,1,['4W1JavoraGzh83nluQHY6C']
WIU,3MrDVzg7ZXaYMyQmbDInr7,Matuê,5nP8x4uEFjAAmDzwOEc9b8,1,['6bTdZ7xfKp3NqqADJ8HLyj']
Matuê,5nP8x4uEFjAAmDzwOEc9b8,Teto,68YeXpLt3jB7JHQS5ZjMGo,1,['6bTdZ7xfKp3NqqADJ8HLyj']
WIU,3MrDVzg7ZXaYMyQmbDInr7,Teto,68YeXpLt3jB7JHQS5ZjMGo,1,['6bTdZ7xfKp3NqqADJ8HLyj']
Kali Uchis,1U1el3k54VvEUzo3ybLPlM,Tyler The Creator,4V8LLVI7PbaPR0K2TGSxFF,1,['7KA4W4McWYRpgf0fWsJZWB']
WILLOW,3rWZHrfrsPBxVy692yAIxF,Camila Cabello,4nDoRrQiYLoBzwC5BhVJzF,1,['73cnVqsbZygieKi8xF10sO']
David Guetta,1Cs0zKBU1kc0i8ypK3B9ai,Becky Hill,4EPJlUEBy49EX1wuFOvtjK,1,['1WCEAGGRD066z2Q89ObXTq']
David Guetta,1Cs0zKBU1kc0i8ypK3B9ai,Ella Henderson,7nDsS0l5ZAzMedVRKPP8F1,1,['1WCEAGGRD066z2Q89ObXTq']
Becky Hill,4EPJlUEBy49EX1wuFOvtjK,Ella Henderson,7nDsS0l5ZAzMedVRKPP8F1,1,['1WCEAGGRD066z2Q89ObXTq']
OmenXIII,760kxYHN5QTrD1DehiimjB,CORPSE,7yntSJ6uojO3z6GFUVwhAW,1,['041sluNZwBxTCOuu766eNi']
Lazza,0jdNdfi4vAuVi7a6cPDFBM,Sfera Ebbasta,23TFHmajVfBtlRx5MXqgoz,2,"['3gUzi41YOt3VExeyHSLsMj', '6BUueuMQR4k7CuoMEsnGou']"
Pusha T,0ONHkAv9pCAFxb0zJwDNTy,JAY-Z,3nFkdlSjzX9mRTtwJOzDYB,2,"['5QNW6Vx14N4OfJ7D0eDg0d', '7kQJCw0ZkvHgfJqRwPblmG']"
Pusha T,0ONHkAv9pCAFxb0zJwDNTy,Pharrell Williams,2RdwBSPQiwcmiDo9kixcl8,2,"['5QNW6Vx14N4OfJ7D0eDg0d', '7kQJCw0ZkvHgfJqRwPblmG']"
Pharrell Williams,2RdwBSPQiwcmiDo9kixcl8,JAY-Z,3nFkdlSjzX9mRTtwJOzDYB,2,"['5QNW6Vx14N4OfJ7D0eDg0d', '7kQJCw0ZkvHgfJqRwPblmG']"
Pharrell Williams,2RdwBSPQiwcmiDo9kixcl8,Nile Rodgers,3yDIp0kaq9EFKe07X1X2rz,1,['2Foc5Q5nqNiosCNqttzHof']
Pharrell Williams,2RdwBSPQiwcmiDo9kixcl8,Thomas Bangalter,41vv2Tj1knysv6MuFUmdwi,1,['2Foc5Q5nqNiosCNqttzHof']
Guy-Manuel de Homem-Christo,2NvZ35VexRu6LmfVlArMPq,Pharrell Williams,2RdwBSPQiwcmiDo9kixcl8,1,['2Foc5Q5nqNiosCNqttzHof']
Pharrell Williams,2RdwBSPQiwcmiDo9kixcl8,Daft Punk,4tZwfgrHOc3mvqYlEYSvVi,1,['2Foc5Q5nqNiosCNqttzHof']
Nile Rodgers,3yDIp0kaq9EFKe07X1X2rz,Thomas Bangalter,41vv2Tj1knysv6MuFUmdwi,1,['2Foc5Q5nqNiosCNqttzHof']
Guy-Manuel de Homem-Christo,2NvZ35VexRu6LmfVlArMPq,Nile Rodgers,3yDIp0kaq9EFKe07X1X2rz,1,['2Foc5Q5nqNiosCNqttzHof']
Nile Rodgers,3yDIp0kaq9EFKe07X1X2rz,Daft Punk,4tZwfgrHOc3mvqYlEYSvVi,1,['2Foc5Q5nqNiosCNqttzHof']
Guy-Manuel de Homem-Christo,2NvZ35VexRu6LmfVlArMPq,Thomas Bangalter,41vv2Tj1knysv6MuFUmdwi,1,['2Foc5Q5nqNiosCNqttzHof']
Thomas Bangalter,41vv2Tj1knysv6MuFUmdwi,Daft Punk,4tZwfgrHOc3mvqYlEYSvVi,1,['2Foc5Q5nqNiosCNqttzHof']
Guy-Manuel de Homem-Christo,2NvZ35VexRu6LmfVlArMPq,Daft Punk,4tZwfgrHOc3mvqYlEYSvVi,1,['2Foc5Q5nqNiosCNqttzHof']
Jax Jones,4Q6nIcaBED8qUel8bBx6Cr,MNEK,7uMh23xWiuR7zsNkuNcm2G,1,['3sa06xVNmLLYIxdNNmVQN8']
Swedish House Mafia,1h6Cn3P4NGzXbaXidqURXs,Connie Constance,4RB2kk5dmocmMiHFBlmOEt,1,['3nEHrvNNtgLv9rneTAYVr4']
L7NNON,0JjPiLQNgAFaEkwoy56B1C,Os Hawaianos,6f6ccYxDNgsPCMemKceSY4,1,['4SIBZgMomGFnrIWjmq7Np8']
L7NNON,0JjPiLQNgAFaEkwoy56B1C,DJ Bel da CDD,6cBgK7jLKrcynjD5E6mKNu,1,['4SIBZgMomGFnrIWjmq7Np8']
L7NNON,0JjPiLQNgAFaEkwoy56B1C,DJ Biel do Furduncinho,6Us5Zsn5MAHBk7SHBUsG5X,2,"['4SIBZgMomGFnrIWjmq7Np8', '5vC8UAOHeG95ehRzZChniB']"
DJ Bel da CDD,6cBgK7jLKrcynjD5E6mKNu,Os Hawaianos,6f6ccYxDNgsPCMemKceSY4,1,['4SIBZgMomGFnrIWjmq7Np8']
DJ Biel do Furduncinho,6Us5Zsn5MAHBk7SHBUsG5X,Os Hawaianos,6f6ccYxDNgsPCMemKceSY4,1,['4SIBZgMomGFnrIWjmq7Np8']
DJ Biel do Furduncinho,6Us5Zsn5MAHBk7SHBUsG5X,DJ Bel da CDD,6cBgK7jLKrcynjD5E6mKNu,1,['4SIBZgMomGFnrIWjmq7Np8']
Matheus Fernandes,37mqXU98U5GmH5ZDtlHM1c,Xand Avião,43DRDu6nLSeIedZ7T1A616,1,['2qmG7dokbGpDGD0T5wORWt']
Future,1RyvyyTE3xzB2ZywiAwp0i,Southside,23DYJsw4uSCguIqiTIDtcN,1,['6OrTKLtcF7EBayOV2QqkSK']
Travis Scott,0Y5tJX1MQlPlqiwlOH1tJY,Southside,23DYJsw4uSCguIqiTIDtcN,1,['6OrTKLtcF7EBayOV2QqkSK']
Travis Scott,0Y5tJX1MQlPlqiwlOH1tJY,Future,1RyvyyTE3xzB2ZywiAwp0i,2,"['0OoNzMdPSgbkM5MkcuEZfm', '6OrTKLtcF7EBayOV2QqkSK']"
Lil Baby,5f7VJjfbwm532GiveGC0ZK,Ed Sheeran,6eUKZXaKkcviH0Ku9w2n3V,1,['2UN0lp72LAusrXi8LLVomt']
Pusha T,0ONHkAv9pCAFxb0zJwDNTy,Lil Uzi Vert,4O15NlyKLIASxsJ0PrXPfz,1,['1dp8aQANyTRKssDeAYPiZe']
Pusha T,0ONHkAv9pCAFxb0zJwDNTy,Don Toliver,4Gso3d4CscCijv0lmajZWs,1,['1dp8aQANyTRKssDeAYPiZe']
Don Toliver,4Gso3d4CscCijv0lmajZWs,Lil Uzi Vert,4O15NlyKLIASxsJ0PrXPfz,1,['1dp8aQANyTRKssDeAYPiZe']
Pusha T,0ONHkAv9pCAFxb0zJwDNTy,Kanye West,5K4W6rqBFWDnAN6FQUkS6x,2,"['1ZM8toCOlnfBKJdvR8GqUq', '3Wx98ijEDnsxyMYePCuFNI']"
Shakira,0EmeFodog0BfCgMzAIvKQp,Rauw Alejandro,1mcTU81TzQhprhouKaTkpq,1,['2rurDawMfoKP4uHyb2kJBt']
Pusha T,0ONHkAv9pCAFxb0zJwDNTy,Kid Cudi,0fA0VVWsXO9YnASrzqfmYu,1,['1ZM8toCOlnfBKJdvR8GqUq']
Kid Cudi,0fA0VVWsXO9YnASrzqfmYu,Kanye West,5K4W6rqBFWDnAN6FQUkS6x,1,['1ZM8toCOlnfBKJdvR8GqUq']
Jimin,1oSPZhvZMIrWW5I41kPkkY,HA SUNG WOON,3OBkZ9NG8F0Fn4oNpg0yuU,1,['2gzhQaCTeNgxpeB2TPllyY']
Ali Sethi,3NegWDGp038A3FIi3gSYzl,Shae Gill,3bWIy9AUrQdiNeS62Bp3OP,1,['7lvDsmTRXFE3dK4OjvRiWB']
hey daisy,38PzLQE4GW8o7A18oGhi0x,Nicky Youre,7qmpXeNz2ojlMl2EEfkeLs,1,['5YqEzk3C5c3UZ1D5fJUlXA']
Paulo Londra,3vQ0GE3mI0dAaxIMYe5g7z,Bizarrap,716NhGYqD1jl2wI1Qkgq36,1,['2uky0VCI2EZni0nArOPznM']
Pailita,4yxLYO2imECxGYTTV7RQKb,Polimá Westcoast,768O5GliF0bqscyghggrbE,2,"['0OTNHGKcqQbk51bOYe462Y', '6wtZPYBIXUvCpXwVjMCJBf']"
Drake,3TVXtAsR1Inumwj472S9r4,Lil Baby,5f7VJjfbwm532GiveGC0ZK,2,"['65OVbaJR5O1RmwOQx0875b', '7Ddk8FhoYKdsVoX9AOCPMm']"
Future,1RyvyyTE3xzB2ZywiAwp0i,Tems,687cZJR45JO7jhk1LHIbgq,1,['59nOXPmaKlBfGMDeOVGrIK']
Drake,3TVXtAsR1Inumwj472S9r4,Tems,687cZJR45JO7jhk1LHIbgq,1,['59nOXPmaKlBfGMDeOVGrIK']
Future,1RyvyyTE3xzB2ZywiAwp0i,Kanye West,5K4W6rqBFWDnAN6FQUkS6x,1,['7rWCWzPRftzZTZtIyQtaDU']
SUGA,0ebNdVaOfp6N0oZ1guIxM8,PSY,2dd5mrQZvg6SmahdgVKDzh,1,['5oH4DQAuu1J1800RzUsBWa']
Justin Bieber,1uNFoZAHBGtllmzznpCI3s,Don Toliver,4Gso3d4CscCijv0lmajZWs,1,['2KdKh9vHbKW0tZLqtpxxI0']
Future,1RyvyyTE3xzB2ZywiAwp0i,EST Gee,4FlG0V0jhLO4qGpayFOphj,1,['53wBhj706wDMNuBj4FJ0RI']
Future,1RyvyyTE3xzB2ZywiAwp0i,Kodak Black,46SHBwWsqBkxI7EeeBEQG7,1,['39YXI3na4MIpVZhJj3GFi7']
Henrique & Juliano,3p7PcrEHaaKLJnPUGOtRlT,Luan Santana,3qvcCP2J0fWi0m0uQDUf6r,1,['0sjhY8nPIm6cPOQfyUPmJe']
Chencho Corleone,37230BxxYs9ksS7OkZw3IU,Bad Bunny,4q3ewBCX7sLwd24euuV69X,1,['6Sq7ltF9Qa7SNFBsV5Cogx']
Rauw Alejandro,1mcTU81TzQhprhouKaTkpq,Bad Bunny,4q3ewBCX7sLwd24euuV69X,1,['4tYFy8ALRjIZvnvSLw5lxN']
Bad Bunny,4q3ewBCX7sLwd24euuV69X,Bomba Estéreo,5n9bMYfz9qss2VOW89EVs2,1,['3k3NWokhRRkEPhCzPmV8TW']
Tony Dize,3LKXWvXFWrkwUzJWxzwVpW,Bad Bunny,4q3ewBCX7sLwd24euuV69X,1,['1797zYiX4cKosMH836X9Gt']
The Marías,2sSGPbdZJkaSE2AbcGOACx,Bad Bunny,4q3ewBCX7sLwd24euuV69X,1,['0E0DRHf5PfMeor0ZCwB3oT']
Buscabulla,0MoaBi6dSquXp6rrlqlF8R,Bad Bunny,4q3ewBCX7sLwd24euuV69X,1,['44XjoNvtwevktFKjvVe1vH']
Jack Harlow,2LIk90788K0zvyj2JJVwkJ,Drake,3TVXtAsR1Inumwj472S9r4,1,['3EMp20j5E42MxfFbsEsIvD']
Jack Harlow,2LIk90788K0zvyj2JJVwkJ,Pharrell Williams,2RdwBSPQiwcmiDo9kixcl8,1,['3u8bblcJtOxxmGzJrviWLp']
Jack Harlow,2LIk90788K0zvyj2JJVwkJ,Justin Timberlake,31TPClRtHm23RisEBtV3X7,1,['4obgLgDkkjoGpRMa9lyFWW']
Jack Harlow,2LIk90788K0zvyj2JJVwkJ,Lil Wayne,55Aa2cqylxrFIXC767Z865,1,['1hs54MGy1J69I52GvzsrbB']
Eslabon Armado,0XeEobZplHxzM9QzFQWLiR,DannyLux,6ElqtIfQsAkEYypgfJIjeK,1,['7KDYKPhxFFRDBSbgcfLxUT']
Eslabon Armado,0XeEobZplHxzM9QzFQWLiR,Junior H,7Gi6gjaWy3DxyilpF1a8Is,1,['2gpaJPUWNx2xmOwy2NNLu8']
Jay Rock,28ExwzUQsvgJooOI0X1mr3,Kendrick Lamar,2YZyLoL8N0Wb9xBt1NhZWg,1,['2HbKqm4o0w5wEeEFXm2sD4']
Kendrick Lamar,2YZyLoL8N0Wb9xBt1NhZWg,Blxst,4qXC0i02bSFstECuXP2ZpL,1,['2g6tReTlM2Akp41g0HaeXN']
Amanda Reifer,1PpDfXOUG7gxUjR1quWnwp,Kendrick Lamar,2YZyLoL8N0Wb9xBt1NhZWg,1,['2g6tReTlM2Akp41g0HaeXN']
Amanda Reifer,1PpDfXOUG7gxUjR1quWnwp,Blxst,4qXC0i02bSFstECuXP2ZpL,1,['2g6tReTlM2Akp41g0HaeXN']
Sampha,2WoVwexZuODvclzULjPQtm,Kendrick Lamar,2YZyLoL8N0Wb9xBt1NhZWg,1,['4xIhSUJantE6BMl3u8dtCJ']
Kendrick Lamar,2YZyLoL8N0Wb9xBt1NhZWg,Taylour Paige,7nkr1fevjIVmgx5biwAWVo,1,['0RAvy97QRPzO2AfK5Dw6j3']
Kendrick Lamar,2YZyLoL8N0Wb9xBt1NhZWg,Summer Walker,57LYzLEk2LcFghVwuWbcuS,1,['401160izncPtca3CmX3dvM']
Kendrick Lamar,2YZyLoL8N0Wb9xBt1NhZWg,Ghostface Killah,6FD0unjzGQhX3b6eMccMJe,1,['401160izncPtca3CmX3dvM']
Summer Walker,57LYzLEk2LcFghVwuWbcuS,Ghostface Killah,6FD0unjzGQhX3b6eMccMJe,1,['401160izncPtca3CmX3dvM']
Kendrick Lamar,2YZyLoL8N0Wb9xBt1NhZWg,Kodak Black,46SHBwWsqBkxI7EeeBEQG7,1,['3tYTyAt1q6BFBiGyYVOLhi']
Sam Dew,1SIw8nXWjvAKeb6Dhh85cz,Kendrick Lamar,2YZyLoL8N0Wb9xBt1NhZWg,1,['0YeUVm23SAkUruwEx9LWnt']
Sam Dew,1SIw8nXWjvAKeb6Dhh85cz,Baby Keem,5SXuuuRpukkTvsLuUknva1,1,['0YeUVm23SAkUruwEx9LWnt']
Tanna Leone,1bPYCoigTRLOQwNfjpwmff,Kendrick Lamar,2YZyLoL8N0Wb9xBt1NhZWg,1,['7zvfDihYiJ8RQ1nRcpKBF5']
Kendrick Lamar,2YZyLoL8N0Wb9xBt1NhZWg,Beth Gibbons,6Lt6KFXX3P0v6vfrynQAMo,1,['6NZOc8kO0Fxo0fLPvIdLnW']
Post Malone,246dkjvS1zLTtiykXe5h60,Roddy Ricch,757aE44tKEUQEqRuT6GnEB,1,['32vE1nuG8T9c8bhmZdRY6d']
KALUSH,46rVVJwHWNS7C7MaWXd842,Kalush Orchestra,6fNkvAT7XRYuIynD5RTSLf,1,['2vHzOWRKYPLu8umRPIFuOq']
Duki,1bAftSH8umNcGZ0uyV7LMg,Morat,5C4PDR4LnhZTbVnKWXuDKD,1,['3ehHqgYRzmeUi345MfHS2N']
Chris Jedi,0qTZZWLzuD59Un5r1speHm,Anuel AA,2R21vXR83lH98kGeO99Y66,1,['6DoL1yYIwEW7VZMRaJhoJI']
Chris Jedi,0qTZZWLzuD59Un5r1speHm,Chencho Corleone,37230BxxYs9ksS7OkZw3IU,1,['6DoL1yYIwEW7VZMRaJhoJI']
Chris Jedi,0qTZZWLzuD59Un5r1speHm,Ñengo Flow,12vb80Km0Ew53ABfJOepVz,1,['6DoL1yYIwEW7VZMRaJhoJI']
Anuel AA,2R21vXR83lH98kGeO99Y66,Chencho Corleone,37230BxxYs9ksS7OkZw3IU,1,['6DoL1yYIwEW7VZMRaJhoJI']
Ñengo Flow,12vb80Km0Ew53ABfJOepVz,Anuel AA,2R21vXR83lH98kGeO99Y66,1,['6DoL1yYIwEW7VZMRaJhoJI']
Ñengo Flow,12vb80Km0Ew53ABfJOepVz,Chencho Corleone,37230BxxYs9ksS7OkZw3IU,1,['6DoL1yYIwEW7VZMRaJhoJI']
Alonzo,2z2TRvloJt4EfUNQp9rHAi,Ninho,6Te49r3A6f5BiIgBRxH7FH,1,['6OZwia8loN0aPS0vTvsBjR']
Alonzo,2z2TRvloJt4EfUNQp9rHAi,Naps,6W5uA6CNMf3hd2j4a2XWCx,1,['6OZwia8loN0aPS0vTvsBjR']
Ninho,6Te49r3A6f5BiIgBRxH7FH,Naps,6W5uA6CNMf3hd2j4a2XWCx,1,['6OZwia8loN0aPS0vTvsBjR']
Wesley Safadão,1AL2GKpmRrKXkYIcASuRFa,Rogerinho,5JbQpbeFaKfuZVFzKwaawP,1,['3ShKPhFkexrwl7WoyTtNND']
BYOR,0Upxnyh9nIUNSOmNE8WF4R,Imanbek,5rGrDvrLOV2VV8SCFVGWlj,1,['7fZBQnc0zXwVybgCIrQQil']
347aidan,0bBz5bRBkExaej2HxtVfCw,Sleepy Hallow,6EPlBSH2RSiettczlz7ihV,1,['6EbVuwU7EnKeF2hdpViXCH']
XXXTENTACION,15UsOTVnJzReFVN1VCnxy4,Kanye West,5K4W6rqBFWDnAN6FQUkS6x,1,['06JvOZ39sK8D8SqiqfaxDU']
Dua Lipa,6M2wZ9GZgrQXHCFfjv46we,Calvin Harris,7CajNmpbOovFoOoasH2HaY,2,"['3h8tI65xdfpQyTAy7Grqwa', '76dIZzTdrNO15mGBrU3MHi']"
Young Thug,50co4Is1HCEo8bhOyUWKpn,Calvin Harris,7CajNmpbOovFoOoasH2HaY,1,['3h8tI65xdfpQyTAy7Grqwa']
Young Thug,50co4Is1HCEo8bhOyUWKpn,Dua Lipa,6M2wZ9GZgrQXHCFfjv46we,1,['3h8tI65xdfpQyTAy7Grqwa']
Wazir Patar,3bCfmBmsKvp4UXialp6xNZ,Sidhu Moose Wala,4PULA4EFzYTrxYvOVlwpiQ,1,['7B4uYqxTpTOS1sgxFB9Ann']
James Hype,43BxCL6t4c73BQnIJtry5v,Miggy Dela Rosa,45ruzGUmIr8WLjLOPJ9mGU,1,['4zN21mbAuaD0WqtmaTZZeP']
Post Malone,246dkjvS1zLTtiykXe5h60,Doja Cat,5cj0lLjcoR7YOSnhnX0Po5,1,['0O6u0VJ46W86TxN9wgyqDj']
Post Malone,246dkjvS1zLTtiykXe5h60,The Kid LAROI,2tIP7SsRs7vjIcLrU85W8J,1,['2OcSE0EXzgUuqkM1NIJPHJ']
Post Malone,246dkjvS1zLTtiykXe5h60,Gunna,2hlmm7s2ICUX0LVIhVFlZQ,1,['4IxeKzzxUSEgivgtbSbyIK']
Post Malone,246dkjvS1zLTtiykXe5h60,Fleet Foxes,4EVpmkEwrLYEg6jIsiPMIb,1,['6R9c642Hs3tOdLowjYaWt2']
Ozuna,1i8SpTcr7yvPOmcqrbnVXY,Tiago PZK,5Y3MV9DZ0d87NnVm56qSY1,1,['6ojZtz3sZr6ynvejLOqgCj']
MC G15,3Nipsl6GVwwGyeAk0J29C6,Mc Don Juan,7Lmrb6KcIzfkmgbtokjsAL,1,['7qD2vjd3btuOgwpQPEY7ci']
Mc Davi,1cYhx7ZOhYoVmnDPb9KMwo,Mc Don Juan,7Lmrb6KcIzfkmgbtokjsAL,1,['7qD2vjd3btuOgwpQPEY7ci']
Mc Davi,1cYhx7ZOhYoVmnDPb9KMwo,MC G15,3Nipsl6GVwwGyeAk0J29C6,1,['7qD2vjd3btuOgwpQPEY7ci']
Villano Antillano,1pi7nGhOM7PTHR5YEgXVGq,Bizarrap,716NhGYqD1jl2wI1Qkgq36,1,['4hceSKjrkDTO0nMKFcb3sj']
21 Savage,1URnnhqYAYcrqrcwql10ft,Pharrell Williams,2RdwBSPQiwcmiDo9kixcl8,1,['3S68RFe1lsdCdTMPIMJM3X']
Pharrell Williams,2RdwBSPQiwcmiDo9kixcl8,Tyler The Creator,4V8LLVI7PbaPR0K2TGSxFF,1,['3S68RFe1lsdCdTMPIMJM3X']
21 Savage,1URnnhqYAYcrqrcwql10ft,Tyler The Creator,4V8LLVI7PbaPR0K2TGSxFF,1,['3S68RFe1lsdCdTMPIMJM3X']
Halsey,26VFTg2z8YR0cCuwLzESi2,BTS,3Nrfpe0tUJi4K4DXYWgMUX,1,['4a9tbd947vo9K8Vti9JwcI']
Marshmello,64KEffDW9EtZ1y2vBYgq8T,Khalid,6LuN9FCkKOj5PcnpouEgny,1,['10xV5l9nhLvFpR8mqzs0bL']
glaive,4cJKDGSv4Dz9QycXYmo565,mgk,6TIYQ3jFPwQSRmorSezPxX,1,['7IRe1bo7Zm0q5Fn9MlNMZM']
Feid,2LRoIwlKmHjgvigdNGBHNo,Polimá Westcoast,768O5GliF0bqscyghggrbE,1,['6wtZPYBIXUvCpXwVjMCJBf']
Polimá Westcoast,768O5GliF0bqscyghggrbE,Paloma Mami,7rOlQwf8OuFLFQp4aydjBt,1,['6wtZPYBIXUvCpXwVjMCJBf']
De La Ghetto,3EiLUeyEcA6fbRPSHkG5kb,Polimá Westcoast,768O5GliF0bqscyghggrbE,1,['6wtZPYBIXUvCpXwVjMCJBf']
Feid,2LRoIwlKmHjgvigdNGBHNo,Pailita,4yxLYO2imECxGYTTV7RQKb,1,['6wtZPYBIXUvCpXwVjMCJBf']
Feid,2LRoIwlKmHjgvigdNGBHNo,Paloma Mami,7rOlQwf8OuFLFQp4aydjBt,1,['6wtZPYBIXUvCpXwVjMCJBf']
Feid,2LRoIwlKmHjgvigdNGBHNo,De La Ghetto,3EiLUeyEcA6fbRPSHkG5kb,1,['6wtZPYBIXUvCpXwVjMCJBf']
Pailita,4yxLYO2imECxGYTTV7RQKb,Paloma Mami,7rOlQwf8OuFLFQp4aydjBt,1,['6wtZPYBIXUvCpXwVjMCJBf']
De La Ghetto,3EiLUeyEcA6fbRPSHkG5kb,Pailita,4yxLYO2imECxGYTTV7RQKb,1,['6wtZPYBIXUvCpXwVjMCJBf']
De La Ghetto,3EiLUeyEcA6fbRPSHkG5kb,Paloma Mami,7rOlQwf8OuFLFQp4aydjBt,1,['6wtZPYBIXUvCpXwVjMCJBf']
DJ Robin,06VwNCd4PPAxBuxheaf5bz,Schürze,3S46qb1V62vKdGl1sR6LEQ,1,['5ucyKDPjLpYLGadsRO1wSB']
Louis Theroux,016Rz5DsXUPPxosNTZLYcv,Duke & Jones,3jNm5wvIx1eR5NDdXhMkNV,1,['1I4lCSP69P74nU3a6Su5L2']
Luis R Conriquez,0pePYDrJGk8gqMRbXrLJC8,La Adictiva,49EE6lVLgU8sp7dFgPshgM,1,['5kpxVMDvYGRmNqawPqDTYR']
MC Mari,2AdUWxNm17kkGZiPGuorth,Zé Felipe,7cmuxPnXRJxwuYDHfbD8Eu,1,['5PZAbR6JHYYV9xp5gv0XES']
Jung Kook,6HaGTQPmzraVmaVxvz6EUc,Charlie Puth,6VuMaDnrHyPL1p4EHjYLi7,1,['5Odq8ohlgIbQKMZivbWkEo']
BTS,3Nrfpe0tUJi4K4DXYWgMUX,Charlie Puth,6VuMaDnrHyPL1p4EHjYLi7,1,['5Odq8ohlgIbQKMZivbWkEo']
BTS,3Nrfpe0tUJi4K4DXYWgMUX,Jung Kook,6HaGTQPmzraVmaVxvz6EUc,2,"['1RDvyOk4WtPCtoqciJwVn8', '5Odq8ohlgIbQKMZivbWkEo']"
Lil Nas X,7jVv8c5Fj3E9VhNjxT4snq,YoungBoy Never Broke Again,7wlFDEWiM5OoIAt8RSli8b,1,['3GbQcjKWT7eVpUfzqwUjxv']
Eminem,7dGJo4pcD2V6oG8kP0tJRR,Snoop Dogg,7hJcb9fa4alzcOq3EaNPoG,1,['7My9ca9QEIR8MvIOdIrTWA']
NAYEON,1VwDG9aBflQupaFNjUru9A,Felix of Stray Kids,4UIOuc84ExWojcUzFGtb8W,1,['4zHvWi4iFAG45lgiN7smLC']
Jack Harlow,2LIk90788K0zvyj2JJVwkJ,Chris Brown,7bXgB6jMjp9ATFy66eO08Z,1,['64pUytZWfCpeeMBN0XAadF']
Mc Vitin Da Igrejinha,6junQmlAntqTBJPTYCq25a,MC Tairon,7ujbuq6hAjLSf7cGr6au0b,1,['0i4UV3HjjvsUuV3BajEXoD']
Dj Win,04NtfTeul9H9B41tPvF3MG,MC Tairon,7ujbuq6hAjLSf7cGr6au0b,1,['0i4UV3HjjvsUuV3BajEXoD']
life song,7kqNP68mp3gmojwNasfhiq,MC Tairon,7ujbuq6hAjLSf7cGr6au0b,1,['0i4UV3HjjvsUuV3BajEXoD']
Dj Win,04NtfTeul9H9B41tPvF3MG,Mc Vitin Da Igrejinha,6junQmlAntqTBJPTYCq25a,1,['0i4UV3HjjvsUuV3BajEXoD']
Mc Vitin Da Igrejinha,6junQmlAntqTBJPTYCq25a,life song,7kqNP68mp3gmojwNasfhiq,1,['0i4UV3HjjvsUuV3BajEXoD']
Dj Win,04NtfTeul9H9B41tPvF3MG,life song,7kqNP68mp3gmojwNasfhiq,1,['0i4UV3HjjvsUuV3BajEXoD']
Cardi B,4kYSro6naA4h99UJvo89HB,Kanye West,5K4W6rqBFWDnAN6FQUkS6x,1,['3uJFmluXzYedoJcvhpC1AW']
Lil Durk,3hcs9uc56yIGFCSy9leWe7,Cardi B,4kYSro6naA4h99UJvo89HB,1,['3uJFmluXzYedoJcvhpC1AW']
Lil Durk,3hcs9uc56yIGFCSy9leWe7,Kanye West,5K4W6rqBFWDnAN6FQUkS6x,1,['3uJFmluXzYedoJcvhpC1AW']
Charli xcx,25uiPmTg16RbhZWAqwLBy5,Tiësto,2o5jDhtHVPhrJdv3cEQ99Z,1,['3Z7CaxQkqbIs1rewKi6v4W']
21 Savage,1URnnhqYAYcrqrcwql10ft,Calvin Harris,7CajNmpbOovFoOoasH2HaY,1,['5ycvEFxPeQqqkdOUgWhrJl']
Kygo,23fqKkggKUBHNkbKtXEls4,Dean Lewis,3QSQFmccmX81fWCUSPTS7y,1,['1O73ZKgl0THUImkHW6dfAL']
L7NNON,0JjPiLQNgAFaEkwoy56B1C,Bianca,7Jb6GR4PIxHSkDJK8MWuVg,1,['5vC8UAOHeG95ehRzZChniB']
DJ Biel do Furduncinho,6Us5Zsn5MAHBk7SHBUsG5X,Bianca,7Jb6GR4PIxHSkDJK8MWuVg,1,['5vC8UAOHeG95ehRzZChniB']
Journey,0rvjqX7ttXeg3mTy8Xscbt,Steve Perry,5xQKoGD7Ql92fWd1uWwKkf,1,['0muK9BAzu2TJXQgWPsEj6e']
Mora,0Q8NcsJwoCbZOHHW63su5S,Feid,2LRoIwlKmHjgvigdNGBHNo,1,['5jt25aFjW2kNoBqaEVaz5W']
Quevedo,52iwsT98xCoGgiGntTiR7K,Bizarrap,716NhGYqD1jl2wI1Qkgq36,1,['2tTmW7RDtMQtBk7m2rYeSw']
Brent Faiyaz,3tlXnStJ1fFhdScmQeLpuG,Dahi,5BozIJTTNCufaZpjhy2der,1,['3zakx7RAwdkUQlOoQ7SJRt']
Brent Faiyaz,3tlXnStJ1fFhdScmQeLpuG,Tyler The Creator,4V8LLVI7PbaPR0K2TGSxFF,1,['3zakx7RAwdkUQlOoQ7SJRt']
Tyler The Creator,4V8LLVI7PbaPR0K2TGSxFF,Dahi,5BozIJTTNCufaZpjhy2der,1,['3zakx7RAwdkUQlOoQ7SJRt']
Fivio Foreign,14CHVeJGrR5xgUGQFV5BVM,The Kid LAROI,2tIP7SsRs7vjIcLrU85W8J,1,['5QvW5lK6mkfTegpAK9JOO7']
Becky G,4obzFoKoKRHIphyHzJ35G3,TINI,7vXDAI8JwjW531ouMGbfcp,1,['3AbNNvo2OmyeDMvRBgf9vk']
Anitta,7FNnA9vBm6EKceENgCGRMb,TINI,7vXDAI8JwjW531ouMGbfcp,1,['3AbNNvo2OmyeDMvRBgf9vk']
Becky G,4obzFoKoKRHIphyHzJ35G3,Anitta,7FNnA9vBm6EKceENgCGRMb,1,['3AbNNvo2OmyeDMvRBgf9vk']
Alicia Keys,3DiDSECUqqY1AuBP8qtaIa,Brent Faiyaz,3tlXnStJ1fFhdScmQeLpuG,1,['2krESug6AyfOL07tlaGwts']
Burna Boy,3wcj11K77LjEY1PkEazffa,Ed Sheeran,6eUKZXaKkcviH0Ku9w2n3V,1,['0HaRLPnr887lcQM2YQzkff']
Drake,3TVXtAsR1Inumwj472S9r4,Brent Faiyaz,3tlXnStJ1fFhdScmQeLpuG,1,['6N9U1wkWniSXD4TKD4ln0h']
The Neptunes,0KuF7reCTOZwV7YJnHQqgr,Brent Faiyaz,3tlXnStJ1fFhdScmQeLpuG,1,['6N9U1wkWniSXD4TKD4ln0h']
The Neptunes,0KuF7reCTOZwV7YJnHQqgr,Drake,3TVXtAsR1Inumwj472S9r4,1,['6N9U1wkWniSXD4TKD4ln0h']
Joony,0gY0jm6QAzJCAslmZC3T35,Brent Faiyaz,3tlXnStJ1fFhdScmQeLpuG,1,['48oQGynnS8RLiYRFsJ6pDL']
Brent Faiyaz,3tlXnStJ1fFhdScmQeLpuG,Tre' Amani,48Py72qV4J4hzvJXXRDNz0,1,['01VzuxoBYMAJLObfU0w6dI']
Ana Castela,2CKOmarVWvWqkNWUatHCex,Melody,7ySZCEP4HFGckYYPK5rqFI,1,['7AwVSKaQxpidrtYBerkHKk']
Dj Chris No Beat,0vdcZzmneH0nK9CYFHQBjk,Ana Castela,2CKOmarVWvWqkNWUatHCex,1,['7AwVSKaQxpidrtYBerkHKk']
Dj Chris No Beat,0vdcZzmneH0nK9CYFHQBjk,Melody,7ySZCEP4HFGckYYPK5rqFI,1,['7AwVSKaQxpidrtYBerkHKk']
Justin Timberlake,31TPClRtHm23RisEBtV3X7,Calvin Harris,7CajNmpbOovFoOoasH2HaY,2,"['5lfWrciYtohtIMVDVZd0Rf', '6clzeGvi1CFioMOolbAOlX']"
Halsey,26VFTg2z8YR0cCuwLzESi2,Calvin Harris,7CajNmpbOovFoOoasH2HaY,2,"['5lfWrciYtohtIMVDVZd0Rf', '6clzeGvi1CFioMOolbAOlX']"
Pharrell Williams,2RdwBSPQiwcmiDo9kixcl8,Calvin Harris,7CajNmpbOovFoOoasH2HaY,2,"['5lfWrciYtohtIMVDVZd0Rf', '6clzeGvi1CFioMOolbAOlX']"
Halsey,26VFTg2z8YR0cCuwLzESi2,Justin Timberlake,31TPClRtHm23RisEBtV3X7,2,"['5lfWrciYtohtIMVDVZd0Rf', '6clzeGvi1CFioMOolbAOlX']"
Pharrell Williams,2RdwBSPQiwcmiDo9kixcl8,Justin Timberlake,31TPClRtHm23RisEBtV3X7,2,"['5lfWrciYtohtIMVDVZd0Rf', '6clzeGvi1CFioMOolbAOlX']"
Halsey,26VFTg2z8YR0cCuwLzESi2,Pharrell Williams,2RdwBSPQiwcmiDo9kixcl8,2,"['5lfWrciYtohtIMVDVZd0Rf', '6clzeGvi1CFioMOolbAOlX']"
Lazza,0jdNdfi4vAuVi7a6cPDFBM,thasup,19i93sA0D7yS9dYoVNBqAA,1,['3gUzi41YOt3VExeyHSLsMj']
RAF Camora,0Dvx6p8JDyzeOPGmaCIH1L,Bonez MC,1aS5tqEs9ci5P9KD9tZWa6,3,"['1dLYHdJhQ0LlZyyJmn3FLu', '5pUhMwmYr4gf6Lt3U5qsHz', '7k6aVgrtJqNTMVqk5yMWKD']"
Steve Lacy,57vWImR43h4CaDao012Ofp,Fousheé,6trIghKwHRUyxwvm66HLHH,1,['2FPmvXIMpjgzJQbUeJo8Iv']
Porter Robinson,3dz0NnIZhtKKeXZxLOxCam,League of Legends,47mIJdHORyRerp4os813jD,1,['3WBRfkOozHEsG0hbrBzwlm']
Jason Derulo,07YZf4WDAMNwqr4jfgOZ8y,Sofía Reyes,0haZhu4fFKt0Ag94kZDiz2,1,['737gzPI5VAmgUGWiJ9yXuu']
Sofía Reyes,0haZhu4fFKt0Ag94kZDiz2,De La Ghetto,3EiLUeyEcA6fbRPSHkG5kb,1,['737gzPI5VAmgUGWiJ9yXuu']
Jason Derulo,07YZf4WDAMNwqr4jfgOZ8y,De La Ghetto,3EiLUeyEcA6fbRPSHkG5kb,1,['737gzPI5VAmgUGWiJ9yXuu']
Pritam,1wRPtKGflJrBx9BmLsSwlU,Arijit Singh,4YRxDV8wJFPHPTeXepOstw,2,"['4UMIv5jd9gK98a39BQRD9X', '6VBhH7CyP56BXjp8VsDFPZ']"
Pritam,1wRPtKGflJrBx9BmLsSwlU,Amitabh Bhattacharya,2fMqTqiTxUDlmcOEPaQSsx,2,"['4UMIv5jd9gK98a39BQRD9X', '6VBhH7CyP56BXjp8VsDFPZ']"
Amitabh Bhattacharya,2fMqTqiTxUDlmcOEPaQSsx,Arijit Singh,4YRxDV8wJFPHPTeXepOstw,2,"['4UMIv5jd9gK98a39BQRD9X', '6VBhH7CyP56BXjp8VsDFPZ']"
Lana Del Rey,00FQb4jTyendYWaN8pK0wa,The Weeknd,1Xyo4u8uXC1ZmMpatF05PJ,1,['5gDWsRxpJ2lZAffh5p7K0w']
Russ,1z7b1Pr1rSlvWRzsW3HOrS,Ed Sheeran,6eUKZXaKkcviH0Ku9w2n3V,1,['5bLGQqcpsz5ISWeihZfJnR']
Mac Miller,4LLpKhyESsyAXpc4laK94U,The Temper Trap,4W48hZAnAHVOC2c8WH8pcq,1,['0N9C80kcgL0xXGduKnYKWi']
Grupo Marca Registrada,1gW6pz5n1aK249L0GvfQCC,Junior H,7Gi6gjaWy3DxyilpF1a8Is,1,['4w273WCBXwM4P3jTX5HkB2']
BEAM,46MWeeHNVMYRIIofQBEX98,Beyoncé,6vWDO969PvNqNYHIOW5v0m,1,['0314PeD1sQNonfVWix3B2K']
Grace Jones,2f9ZiYA2ic1r1voObUimdd,Beyoncé,6vWDO969PvNqNYHIOW5v0m,1,['5YLGlPYkZBDXieMwzVve7g']
Tems,687cZJR45JO7jhk1LHIbgq,Beyoncé,6vWDO969PvNqNYHIOW5v0m,1,['5YLGlPYkZBDXieMwzVve7g']
Grace Jones,2f9ZiYA2ic1r1voObUimdd,Tems,687cZJR45JO7jhk1LHIbgq,1,['5YLGlPYkZBDXieMwzVve7g']
Lil Baby,5f7VJjfbwm532GiveGC0ZK,NAV,7rkW85dBwwrJtlHRDkJDAC,1,['3GdWfmQBiiJrDUvSZS1bGv']
Travis Scott,0Y5tJX1MQlPlqiwlOH1tJY,NAV,7rkW85dBwwrJtlHRDkJDAC,1,['3GdWfmQBiiJrDUvSZS1bGv']
Travis Scott,0Y5tJX1MQlPlqiwlOH1tJY,Lil Baby,5f7VJjfbwm532GiveGC0ZK,1,['3GdWfmQBiiJrDUvSZS1bGv']
Normani,2cWZOOzeOm4WmBJRnD5R7I,Calvin Harris,7CajNmpbOovFoOoasH2HaY,1,['22PTmk4mzAVi92WiQPAcFp']
Tinashe,0NIIxcxNHmOoyBx03SfTCD,Calvin Harris,7CajNmpbOovFoOoasH2HaY,1,['22PTmk4mzAVi92WiQPAcFp']
Offset,4DdkRBBYG6Yk9Ka8tdJ9BW,Calvin Harris,7CajNmpbOovFoOoasH2HaY,1,['22PTmk4mzAVi92WiQPAcFp']
Tinashe,0NIIxcxNHmOoyBx03SfTCD,Normani,2cWZOOzeOm4WmBJRnD5R7I,1,['22PTmk4mzAVi92WiQPAcFp']
Normani,2cWZOOzeOm4WmBJRnD5R7I,Offset,4DdkRBBYG6Yk9Ka8tdJ9BW,1,['22PTmk4mzAVi92WiQPAcFp']
Tinashe,0NIIxcxNHmOoyBx03SfTCD,Offset,4DdkRBBYG6Yk9Ka8tdJ9BW,1,['22PTmk4mzAVi92WiQPAcFp']
Lyanno,1Ts9of7VPZElwPQnqnDSfW,Rauw Alejandro,1mcTU81TzQhprhouKaTkpq,1,['1aUq8rjW1EwkAkMri4VfJy']
Brray,1GKIlPFdcewHtpDVCQ8zmJ,Rauw Alejandro,1mcTU81TzQhprhouKaTkpq,1,['1aUq8rjW1EwkAkMri4VfJy']
Brray,1GKIlPFdcewHtpDVCQ8zmJ,Lyanno,1Ts9of7VPZElwPQnqnDSfW,1,['1aUq8rjW1EwkAkMri4VfJy']
BTS,3Nrfpe0tUJi4K4DXYWgMUX,benny blanco,5CiGnKThu5ctn9pBxv7DGa,1,['0xzI1KAr0Yd9tv8jlIk3sn']
benny blanco,5CiGnKThu5ctn9pBxv7DGa,Snoop Dogg,7hJcb9fa4alzcOq3EaNPoG,1,['0xzI1KAr0Yd9tv8jlIk3sn']
BTS,3Nrfpe0tUJi4K4DXYWgMUX,Snoop Dogg,7hJcb9fa4alzcOq3EaNPoG,1,['0xzI1KAr0Yd9tv8jlIk3sn']
DJ Khaled,0QHgL1lAIqAw0HtD7YldmP,Drake,3TVXtAsR1Inumwj472S9r4,2,"['510mvRgE4jLSsJcBh2pH0j', '7Ddk8FhoYKdsVoX9AOCPMm']"
DJ Khaled,0QHgL1lAIqAw0HtD7YldmP,Lil Baby,5f7VJjfbwm532GiveGC0ZK,2,"['6pr7X9UZCDn8CruopaNVha', '7Ddk8FhoYKdsVoX9AOCPMm']"
Charlie Puth,6VuMaDnrHyPL1p4EHjYLi7,Calvin Harris,7CajNmpbOovFoOoasH2HaY,1,['0b5CzUhyShYuDdtW5J4wm2']
Shenseea,1OFOShsIbhy1l5x73yuVyB,Calvin Harris,7CajNmpbOovFoOoasH2HaY,1,['0b5CzUhyShYuDdtW5J4wm2']
Shenseea,1OFOShsIbhy1l5x73yuVyB,Charlie Puth,6VuMaDnrHyPL1p4EHjYLi7,1,['0b5CzUhyShYuDdtW5J4wm2']
50 Cent,3q7HBObVc0L8jNeTe5Gofh,Eminem,7dGJo4pcD2V6oG8kP0tJRR,1,['7rK0iM6jwuo1oizdx8suQA']
Dj Tk,0mfeoleda752Uj4JbEZDIN,Mc Jacaré,6qrqAYlS6lUj2BVXax7SZW,1,['5PSkF3QpVMlAx8U5Inxj39']
Hugo & Guilherme,1LIuN7ov1IBQDdLsU83ojl,Guilherme & Benuto,6m6e7D2TnV0aYMllFFwMxu,1,['1ELsaYdj2NlxLvkx9g24xZ']
Olivia Newton-John,4BoRxUdrcgbbq1rxJvvhg9,John Travolta,4hKkEHkaqCsyxNxXEsszVH,1,['5SzXtCkaw4WWDvGSTTiF6a']
Paulo Londra,3vQ0GE3mI0dAaxIMYe5g7z,Ed Sheeran,6eUKZXaKkcviH0Ku9w2n3V,1,['6N7LquYjc3c53qr4PSJbi5']
Shakira,0EmeFodog0BfCgMzAIvKQp,Black Eyed Peas,1yxSLGMDHlW21z4YXirZDS,1,['4UyVCLbNG8yhrqbzeSmdho']
David Guetta,1Cs0zKBU1kc0i8ypK3B9ai,Black Eyed Peas,1yxSLGMDHlW21z4YXirZDS,1,['4UyVCLbNG8yhrqbzeSmdho']
Shakira,0EmeFodog0BfCgMzAIvKQp,David Guetta,1Cs0zKBU1kc0i8ypK3B9ai,1,['4UyVCLbNG8yhrqbzeSmdho']
Ovy On The Drums,3m5qlPf2OkihLz3dRYnkPA,Quevedo,52iwsT98xCoGgiGntTiR7K,1,['3pjvkWO9fqiRRBE1tDLu3S']
Luan Santana,3qvcCP2J0fWi0m0uQDUf6r,Luísa Sonza,4PzYKhC14sTJNEr0dzoo0d,1,['4vWh6tEfcLzdvYWp2IlOJS']
Luis R Conriquez,0pePYDrJGk8gqMRbXrLJC8,Peso Pluma,12GqGscKJx3aE4t07u7eVZ,1,['3gfSH9aYZbyGjdmbeoWliw']
Britney Spears,26dSoYclwsYLMAKD3tpOr4,Elton John,3PhoLpVuITZKcymswpck5b,1,['5TJEBoTCDbJXiKMdCN9pd3']
Maldy,4IndUOBCZYZg61557iq2A9,KAROL G,790FomKkXshlbRYZFtlgla,1,['6Vn1vje8yMw2OY6IOk9dkH']
David Guetta,1Cs0zKBU1kc0i8ypK3B9ai,Bebe Rexha,64M6ah0SkkRsnPGtGiRAbb,1,['4uUG5RXrOk84mYEfFvj3cK']
DJ Khaled,0QHgL1lAIqAw0HtD7YldmP,Rick Ross,1sBkRIssrMs1AbVkOJbc7a,1,['2sOj9vyd6yiss9W1IK6chU']
DJ Khaled,0QHgL1lAIqAw0HtD7YldmP,Lil Wayne,55Aa2cqylxrFIXC767Z865,1,['2sOj9vyd6yiss9W1IK6chU']
DJ Khaled,0QHgL1lAIqAw0HtD7YldmP,JAY-Z,3nFkdlSjzX9mRTtwJOzDYB,1,['2sOj9vyd6yiss9W1IK6chU']
DJ Khaled,0QHgL1lAIqAw0HtD7YldmP,John Legend,5y2Xq6xcjJb2jVM54GHK3t,1,['2sOj9vyd6yiss9W1IK6chU']
DJ Khaled,0QHgL1lAIqAw0HtD7YldmP,Fridayy,7sP4SQ0WY6jfps1I19Ot7i,1,['2sOj9vyd6yiss9W1IK6chU']
Rick Ross,1sBkRIssrMs1AbVkOJbc7a,Lil Wayne,55Aa2cqylxrFIXC767Z865,1,['2sOj9vyd6yiss9W1IK6chU']
Rick Ross,1sBkRIssrMs1AbVkOJbc7a,JAY-Z,3nFkdlSjzX9mRTtwJOzDYB,1,['2sOj9vyd6yiss9W1IK6chU']
Rick Ross,1sBkRIssrMs1AbVkOJbc7a,John Legend,5y2Xq6xcjJb2jVM54GHK3t,1,['2sOj9vyd6yiss9W1IK6chU']
Rick Ross,1sBkRIssrMs1AbVkOJbc7a,Fridayy,7sP4SQ0WY6jfps1I19Ot7i,1,['2sOj9vyd6yiss9W1IK6chU']
JAY-Z,3nFkdlSjzX9mRTtwJOzDYB,Lil Wayne,55Aa2cqylxrFIXC767Z865,1,['2sOj9vyd6yiss9W1IK6chU']
Lil Wayne,55Aa2cqylxrFIXC767Z865,John Legend,5y2Xq6xcjJb2jVM54GHK3t,1,['2sOj9vyd6yiss9W1IK6chU']
Lil Wayne,55Aa2cqylxrFIXC767Z865,Fridayy,7sP4SQ0WY6jfps1I19Ot7i,1,['2sOj9vyd6yiss9W1IK6chU']
JAY-Z,3nFkdlSjzX9mRTtwJOzDYB,John Legend,5y2Xq6xcjJb2jVM54GHK3t,1,['2sOj9vyd6yiss9W1IK6chU']
JAY-Z,3nFkdlSjzX9mRTtwJOzDYB,Fridayy,7sP4SQ0WY6jfps1I19Ot7i,1,['2sOj9vyd6yiss9W1IK6chU']
John Legend,5y2Xq6xcjJb2jVM54GHK3t,Fridayy,7sP4SQ0WY6jfps1I19Ot7i,1,['2sOj9vyd6yiss9W1IK6chU']
DJ Khaled,0QHgL1lAIqAw0HtD7YldmP,Future,1RyvyyTE3xzB2ZywiAwp0i,2,"['5kYSScXYOZYyi0fxramiW6', '6pr7X9UZCDn8CruopaNVha']"
DJ Khaled,0QHgL1lAIqAw0HtD7YldmP,SZA,7tYKF4w9nC0nq9CsPZTHyP,1,['5kYSScXYOZYyi0fxramiW6']
Future,1RyvyyTE3xzB2ZywiAwp0i,SZA,7tYKF4w9nC0nq9CsPZTHyP,1,['5kYSScXYOZYyi0fxramiW6']
Future,1RyvyyTE3xzB2ZywiAwp0i,Lil Baby,5f7VJjfbwm532GiveGC0ZK,2,"['2wdgjxZPgtrPd8OUqMSuYh', '6pr7X9UZCDn8CruopaNVha']"
DJ Khaled,0QHgL1lAIqAw0HtD7YldmP,Kanye West,5K4W6rqBFWDnAN6FQUkS6x,1,['0O82CIwSU4tY11rQhxqAHC']
DJ Khaled,0QHgL1lAIqAw0HtD7YldmP,Eminem,7dGJo4pcD2V6oG8kP0tJRR,1,['0O82CIwSU4tY11rQhxqAHC']
Kanye West,5K4W6rqBFWDnAN6FQUkS6x,Eminem,7dGJo4pcD2V6oG8kP0tJRR,1,['0O82CIwSU4tY11rQhxqAHC']
Selena Gomez,0C8ZW7ezQVs4URX5aX7Kqx,Rema,46pWGuE3dSwY3bMMXGBvVS,1,['1s7oOCT8vauUh01PbJD6ps']
DJ Khaled,0QHgL1lAIqAw0HtD7YldmP,Juice WRLD,4MCBfE4596Uoi2O4DtmEMz,1,['47IySiC5o08gz0z5VDiH93']
DJ Khaled,0QHgL1lAIqAw0HtD7YldmP,Lil Durk,3hcs9uc56yIGFCSy9leWe7,1,['1oSh0SKc4MwmXSGiTtqSXp']
DJ Khaled,0QHgL1lAIqAw0HtD7YldmP,21 Savage,1URnnhqYAYcrqrcwql10ft,1,['1oSh0SKc4MwmXSGiTtqSXp']
DJ Khaled,0QHgL1lAIqAw0HtD7YldmP,Roddy Ricch,757aE44tKEUQEqRuT6GnEB,1,['1oSh0SKc4MwmXSGiTtqSXp']
21 Savage,1URnnhqYAYcrqrcwql10ft,Lil Durk,3hcs9uc56yIGFCSy9leWe7,1,['1oSh0SKc4MwmXSGiTtqSXp']
Lil Durk,3hcs9uc56yIGFCSy9leWe7,Roddy Ricch,757aE44tKEUQEqRuT6GnEB,1,['1oSh0SKc4MwmXSGiTtqSXp']
21 Savage,1URnnhqYAYcrqrcwql10ft,Roddy Ricch,757aE44tKEUQEqRuT6GnEB,1,['1oSh0SKc4MwmXSGiTtqSXp']
DJ Khaled,0QHgL1lAIqAw0HtD7YldmP,Don Toliver,4Gso3d4CscCijv0lmajZWs,1,['67QVeMvttYHbB1Zuvh0cn6']
DJ Khaled,0QHgL1lAIqAw0HtD7YldmP,Travis Scott,0Y5tJX1MQlPlqiwlOH1tJY,1,['67QVeMvttYHbB1Zuvh0cn6']
Travis Scott,0Y5tJX1MQlPlqiwlOH1tJY,Don Toliver,4Gso3d4CscCijv0lmajZWs,1,['67QVeMvttYHbB1Zuvh0cn6']
DJ Khaled,0QHgL1lAIqAw0HtD7YldmP,Quavo,0VRj0yCOv2FXJNP47XQnx5,1,['3kT6P4hFj0IVr45TjKOLRp']
DJ Khaled,0QHgL1lAIqAw0HtD7YldmP,Takeoff,3EW0kQ1skZiK1NHg3Spt9J,1,['3kT6P4hFj0IVr45TjKOLRp']
Quavo,0VRj0yCOv2FXJNP47XQnx5,Takeoff,3EW0kQ1skZiK1NHg3Spt9J,2,"['3kT6P4hFj0IVr45TjKOLRp', '4vVjPTApwXZwB2H3mBq3ml']"
Mc Paiva ZS,0gHj4MPwwcZ8Zl9CY0hqT5,MC Ryan SP,75i9GaW2MJUgt4BkdUnuUY,1,['1OZ4uv7OAP24Ix6j3vojLt']
Mc Paiva ZS,0gHj4MPwwcZ8Zl9CY0hqT5,Kotim,210Sy1oGhvPu929TKoSVcN,1,['1OZ4uv7OAP24Ix6j3vojLt']
Kotim,210Sy1oGhvPu929TKoSVcN,MC Ryan SP,75i9GaW2MJUgt4BkdUnuUY,1,['1OZ4uv7OAP24Ix6j3vojLt']
Gorillaz,3AA28KZvwAUcZuOKwyblJQ,Tame Impala,5INjqkS1o8h1imAzPqGZBb,1,['64dLd6rVqDLtkXFYrEUHIU']
Gorillaz,3AA28KZvwAUcZuOKwyblJQ,Bootie Brown,6GI3CJjT2bOnMfprCpjT1d,1,['64dLd6rVqDLtkXFYrEUHIU']
Tame Impala,5INjqkS1o8h1imAzPqGZBb,Bootie Brown,6GI3CJjT2bOnMfprCpjT1d,1,['64dLd6rVqDLtkXFYrEUHIU']
Omega Sapien,46KQM3HJyONaKRTbcfNPlU,Balming Tiger,6vbKIm1WsvhMMDpthYONc1,1,['1XkMxUilV0E3ChDERZJUEq']
bj wnjn,4E4TZnDHlrhclSJgeund1d,Balming Tiger,6vbKIm1WsvhMMDpthYONc1,1,['1XkMxUilV0E3ChDERZJUEq']
Mudd the student,4xHlg3Tcv7TZZzFq0aW2hQ,Balming Tiger,6vbKIm1WsvhMMDpthYONc1,1,['1XkMxUilV0E3ChDERZJUEq']
RM,2auC28zjQyVTsiZKNgPRGs,Balming Tiger,6vbKIm1WsvhMMDpthYONc1,1,['1XkMxUilV0E3ChDERZJUEq']
Omega Sapien,46KQM3HJyONaKRTbcfNPlU,bj wnjn,4E4TZnDHlrhclSJgeund1d,1,['1XkMxUilV0E3ChDERZJUEq']
Omega Sapien,46KQM3HJyONaKRTbcfNPlU,Mudd the student,4xHlg3Tcv7TZZzFq0aW2hQ,1,['1XkMxUilV0E3ChDERZJUEq']
RM,2auC28zjQyVTsiZKNgPRGs,Omega Sapien,46KQM3HJyONaKRTbcfNPlU,1,['1XkMxUilV0E3ChDERZJUEq']
bj wnjn,4E4TZnDHlrhclSJgeund1d,Mudd the student,4xHlg3Tcv7TZZzFq0aW2hQ,1,['1XkMxUilV0E3ChDERZJUEq']
RM,2auC28zjQyVTsiZKNgPRGs,bj wnjn,4E4TZnDHlrhclSJgeund1d,1,['1XkMxUilV0E3ChDERZJUEq']
RM,2auC28zjQyVTsiZKNgPRGs,Mudd the student,4xHlg3Tcv7TZZzFq0aW2hQ,1,['1XkMxUilV0E3ChDERZJUEq']
Romeo Santos,5lwmRuXgjX8xIwlnauTZIP,ROSALÍA,7ltDVBr6mKbRvohxheJ9h1,1,['7jfmlr5W2AQWUGLVhT8ofl']
Juanes,0UWZUmn7sybxMCqrw9tGa7,Morat,5C4PDR4LnhZTbVnKWXuDKD,1,['4scwMEdlKi8qWJzzyDB8Z3']
RAF Camora,0Dvx6p8JDyzeOPGmaCIH1L,Gzuz,5eioJDe26lOqkAMbuhzZYs,1,['1dLYHdJhQ0LlZyyJmn3FLu']
Eliza Rose,4XC335ouK6pXyq4QiIb8bP,Interplanetary Criminal,6uJ51uV5rYzu1MJkC4CceI,1,['39JofJHEtg8I4fSyo7Imft']
Zara Larsson,1Xylc3o4UrD53lo9CvFvVg,Alesso,4AVFqumd2ogHFlRbKIjp1t,1,['1bgKMxPQU7JIZEhNsM1vFs']
Yeat,3qiHUAX7zY4Qnjx8TNUzVx,Lil Uzi Vert,4O15NlyKLIASxsJ0PrXPfz,1,['1a019wP7IdYLexwbmfZPm3']
Kygo,23fqKkggKUBHNkbKtXEls4,Gryffin,2ZRQcIgzPCVaT9XKhXZIzh,1,['21H0pUV2uPIPcFnFhgTBjo']
Kygo,23fqKkggKUBHNkbKtXEls4,Calum Scott,6ydoSd3N2mwgwBHtF6K7eX,1,['21H0pUV2uPIPcFnFhgTBjo']
Gryffin,2ZRQcIgzPCVaT9XKhXZIzh,Calum Scott,6ydoSd3N2mwgwBHtF6K7eX,1,['21H0pUV2uPIPcFnFhgTBjo']
Yandel,0eHQ9o50hj6ZDNBt6Ys1sD,Feid,2LRoIwlKmHjgvigdNGBHNo,1,['6JUMswocQ7Hp46kj9kyljT']
Duki,1bAftSH8umNcGZ0uyV7LMg,Paulo Londra,3vQ0GE3mI0dAaxIMYe5g7z,1,['5GF0X7GdNmnouKcdhhRmtm']
Pineapple StormTv,09U6hmCerKcIJrixubiBjm,Chris MC,0obu7Om4zu9ahul5DI4JtY,1,['7qoIhutxU269Zqo9PG5IOj']
Pineapple StormTv,09U6hmCerKcIJrixubiBjm,Salve Malak,7zxFc10N9BP2lg73b8cwZ0,1,['7qoIhutxU269Zqo9PG5IOj']
Pineapple StormTv,09U6hmCerKcIJrixubiBjm,Tz da Coronel,3lIU3RoZiHen1QXAQ3KQ9e,1,['7qoIhutxU269Zqo9PG5IOj']
Pineapple StormTv,09U6hmCerKcIJrixubiBjm,MC Cabelinho,1WQBwwssN6r8DSjUlkyUGW,1,['7qoIhutxU269Zqo9PG5IOj']
Pineapple StormTv,09U6hmCerKcIJrixubiBjm,Chefin,68PYmgkbRP1qZnEWOry7sB,1,['7qoIhutxU269Zqo9PG5IOj']
Pineapple StormTv,09U6hmCerKcIJrixubiBjm,L7NNON,0JjPiLQNgAFaEkwoy56B1C,1,['7qoIhutxU269Zqo9PG5IOj']
Pineapple StormTv,09U6hmCerKcIJrixubiBjm,Luísa Sonza,4PzYKhC14sTJNEr0dzoo0d,1,['7qoIhutxU269Zqo9PG5IOj']
Pineapple StormTv,09U6hmCerKcIJrixubiBjm,Oruam,4yGgbQJMq9orWypwqtdzYT,1,['7qoIhutxU269Zqo9PG5IOj']
Pineapple StormTv,09U6hmCerKcIJrixubiBjm,Xamã,5YwzDz4RJfTiMHS4tdR5Lf,1,['7qoIhutxU269Zqo9PG5IOj']
Pineapple StormTv,09U6hmCerKcIJrixubiBjm,N.I.N.A,32NfHH4nSmu97Z4RQjPyET,1,['7qoIhutxU269Zqo9PG5IOj']
Chris MC,0obu7Om4zu9ahul5DI4JtY,Salve Malak,7zxFc10N9BP2lg73b8cwZ0,1,['7qoIhutxU269Zqo9PG5IOj']
Chris MC,0obu7Om4zu9ahul5DI4JtY,Tz da Coronel,3lIU3RoZiHen1QXAQ3KQ9e,1,['7qoIhutxU269Zqo9PG5IOj']
Chris MC,0obu7Om4zu9ahul5DI4JtY,MC Cabelinho,1WQBwwssN6r8DSjUlkyUGW,1,['7qoIhutxU269Zqo9PG5IOj']
Chris MC,0obu7Om4zu9ahul5DI4JtY,Chefin,68PYmgkbRP1qZnEWOry7sB,1,['7qoIhutxU269Zqo9PG5IOj']
L7NNON,0JjPiLQNgAFaEkwoy56B1C,Chris MC,0obu7Om4zu9ahul5DI4JtY,1,['7qoIhutxU269Zqo9PG5IOj']
Chris MC,0obu7Om4zu9ahul5DI4JtY,Luísa Sonza,4PzYKhC14sTJNEr0dzoo0d,1,['7qoIhutxU269Zqo9PG5IOj']
Chris MC,0obu7Om4zu9ahul5DI4JtY,Oruam,4yGgbQJMq9orWypwqtdzYT,1,['7qoIhutxU269Zqo9PG5IOj']
Chris MC,0obu7Om4zu9ahul5DI4JtY,Xamã,5YwzDz4RJfTiMHS4tdR5Lf,1,['7qoIhutxU269Zqo9PG5IOj']
Chris MC,0obu7Om4zu9ahul5DI4JtY,N.I.N.A,32NfHH4nSmu97Z4RQjPyET,1,['7qoIhutxU269Zqo9PG5IOj']
Tz da Coronel,3lIU3RoZiHen1QXAQ3KQ9e,Salve Malak,7zxFc10N9BP2lg73b8cwZ0,1,['7qoIhutxU269Zqo9PG5IOj']
MC Cabelinho,1WQBwwssN6r8DSjUlkyUGW,Salve Malak,7zxFc10N9BP2lg73b8cwZ0,1,['7qoIhutxU269Zqo9PG5IOj']
Chefin,68PYmgkbRP1qZnEWOry7sB,Salve Malak,7zxFc10N9BP2lg73b8cwZ0,1,['7qoIhutxU269Zqo9PG5IOj']
L7NNON,0JjPiLQNgAFaEkwoy56B1C,Salve Malak,7zxFc10N9BP2lg73b8cwZ0,1,['7qoIhutxU269Zqo9PG5IOj']
Luísa Sonza,4PzYKhC14sTJNEr0dzoo0d,Salve Malak,7zxFc10N9BP2lg73b8cwZ0,1,['7qoIhutxU269Zqo9PG5IOj']
Oruam,4yGgbQJMq9orWypwqtdzYT,Salve Malak,7zxFc10N9BP2lg73b8cwZ0,1,['7qoIhutxU269Zqo9PG5IOj']
Xamã,5YwzDz4RJfTiMHS4tdR5Lf,Salve Malak,7zxFc10N9BP2lg73b8cwZ0,1,['7qoIhutxU269Zqo9PG5IOj']
N.I.N.A,32NfHH4nSmu97Z4RQjPyET,Salve Malak,7zxFc10N9BP2lg73b8cwZ0,1,['7qoIhutxU269Zqo9PG5IOj']
MC Cabelinho,1WQBwwssN6r8DSjUlkyUGW,Tz da Coronel,3lIU3RoZiHen1QXAQ3KQ9e,1,['7qoIhutxU269Zqo9PG5IOj']
Tz da Coronel,3lIU3RoZiHen1QXAQ3KQ9e,Chefin,68PYmgkbRP1qZnEWOry7sB,1,['7qoIhutxU269Zqo9PG5IOj']
L7NNON,0JjPiLQNgAFaEkwoy56B1C,Tz da Coronel,3lIU3RoZiHen1QXAQ3KQ9e,1,['7qoIhutxU269Zqo9PG5IOj']
Tz da Coronel,3lIU3RoZiHen1QXAQ3KQ9e,Luísa Sonza,4PzYKhC14sTJNEr0dzoo0d,1,['7qoIhutxU269Zqo9PG5IOj']
Tz da Coronel,3lIU3RoZiHen1QXAQ3KQ9e,Oruam,4yGgbQJMq9orWypwqtdzYT,1,['7qoIhutxU269Zqo9PG5IOj']
Tz da Coronel,3lIU3RoZiHen1QXAQ3KQ9e,Xamã,5YwzDz4RJfTiMHS4tdR5Lf,1,['7qoIhutxU269Zqo9PG5IOj']
N.I.N.A,32NfHH4nSmu97Z4RQjPyET,Tz da Coronel,3lIU3RoZiHen1QXAQ3KQ9e,1,['7qoIhutxU269Zqo9PG5IOj']
MC Cabelinho,1WQBwwssN6r8DSjUlkyUGW,Chefin,68PYmgkbRP1qZnEWOry7sB,1,['7qoIhutxU269Zqo9PG5IOj']
L7NNON,0JjPiLQNgAFaEkwoy56B1C,MC Cabelinho,1WQBwwssN6r8DSjUlkyUGW,1,['7qoIhutxU269Zqo9PG5IOj']
MC Cabelinho,1WQBwwssN6r8DSjUlkyUGW,Luísa Sonza,4PzYKhC14sTJNEr0dzoo0d,1,['7qoIhutxU269Zqo9PG5IOj']
MC Cabelinho,1WQBwwssN6r8DSjUlkyUGW,Oruam,4yGgbQJMq9orWypwqtdzYT,1,['7qoIhutxU269Zqo9PG5IOj']
MC Cabelinho,1WQBwwssN6r8DSjUlkyUGW,Xamã,5YwzDz4RJfTiMHS4tdR5Lf,1,['7qoIhutxU269Zqo9PG5IOj']
MC Cabelinho,1WQBwwssN6r8DSjUlkyUGW,N.I.N.A,32NfHH4nSmu97Z4RQjPyET,1,['7qoIhutxU269Zqo9PG5IOj']
L7NNON,0JjPiLQNgAFaEkwoy56B1C,Chefin,68PYmgkbRP1qZnEWOry7sB,1,['7qoIhutxU269Zqo9PG5IOj']
Luísa Sonza,4PzYKhC14sTJNEr0dzoo0d,Chefin,68PYmgkbRP1qZnEWOry7sB,1,['7qoIhutxU269Zqo9PG5IOj']
Oruam,4yGgbQJMq9orWypwqtdzYT,Chefin,68PYmgkbRP1qZnEWOry7sB,1,['7qoIhutxU269Zqo9PG5IOj']
Xamã,5YwzDz4RJfTiMHS4tdR5Lf,Chefin,68PYmgkbRP1qZnEWOry7sB,1,['7qoIhutxU269Zqo9PG5IOj']
N.I.N.A,32NfHH4nSmu97Z4RQjPyET,Chefin,68PYmgkbRP1qZnEWOry7sB,1,['7qoIhutxU269Zqo9PG5IOj']
L7NNON,0JjPiLQNgAFaEkwoy56B1C,Luísa Sonza,4PzYKhC14sTJNEr0dzoo0d,1,['7qoIhutxU269Zqo9PG5IOj']
L7NNON,0JjPiLQNgAFaEkwoy56B1C,Oruam,4yGgbQJMq9orWypwqtdzYT,1,['7qoIhutxU269Zqo9PG5IOj']
L7NNON,0JjPiLQNgAFaEkwoy56B1C,Xamã,5YwzDz4RJfTiMHS4tdR5Lf,1,['7qoIhutxU269Zqo9PG5IOj']
L7NNON,0JjPiLQNgAFaEkwoy56B1C,N.I.N.A,32NfHH4nSmu97Z4RQjPyET,1,['7qoIhutxU269Zqo9PG5IOj']
Luísa Sonza,4PzYKhC14sTJNEr0dzoo0d,Oruam,4yGgbQJMq9orWypwqtdzYT,1,['7qoIhutxU269Zqo9PG5IOj']
Luísa Sonza,4PzYKhC14sTJNEr0dzoo0d,Xamã,5YwzDz4RJfTiMHS4tdR5Lf,1,['7qoIhutxU269Zqo9PG5IOj']
N.I.N.A,32NfHH4nSmu97Z4RQjPyET,Luísa Sonza,4PzYKhC14sTJNEr0dzoo0d,1,['7qoIhutxU269Zqo9PG5IOj']
Oruam,4yGgbQJMq9orWypwqtdzYT,Xamã,5YwzDz4RJfTiMHS4tdR5Lf,1,['7qoIhutxU269Zqo9PG5IOj']
N.I.N.A,32NfHH4nSmu97Z4RQjPyET,Oruam,4yGgbQJMq9orWypwqtdzYT,1,['7qoIhutxU269Zqo9PG5IOj']
N.I.N.A,32NfHH4nSmu97Z4RQjPyET,Xamã,5YwzDz4RJfTiMHS4tdR5Lf,1,['7qoIhutxU269Zqo9PG5IOj']
Sam Smith,2wY79sveU1sp5g7SokKOiI,Kim Petras,3Xt3RrJMFv5SZkCfUE8C1J,1,['0NZPBYD5qbEWRs3PrGiRkT']
j-hope,0b1sIQumIAsNbqAoIClSpy,Crush,6aLdhHUqgdKE86xbtNmY8g,1,['5aucVLKiumD89mxVCB4zvS']
Pablito Pesadilla,41vcoPejPG3vv8emJ2R5Ox,Polimá Westcoast,768O5GliF0bqscyghggrbE,1,['0kTMK4gNFfLXaTb62w1UaJ']
Pablito Pesadilla,41vcoPejPG3vv8emJ2R5Ox,Nickoog Clk,6rHwFb0YjWexAYxTjm4eIj,1,['0kTMK4gNFfLXaTb62w1UaJ']
Pablito Pesadilla,41vcoPejPG3vv8emJ2R5Ox,Fran C,5NenY2Jl9wwLRxf86go4Y8,1,['0kTMK4gNFfLXaTb62w1UaJ']
Nickoog Clk,6rHwFb0YjWexAYxTjm4eIj,Polimá Westcoast,768O5GliF0bqscyghggrbE,1,['0kTMK4gNFfLXaTb62w1UaJ']
Fran C,5NenY2Jl9wwLRxf86go4Y8,Polimá Westcoast,768O5GliF0bqscyghggrbE,1,['0kTMK4gNFfLXaTb62w1UaJ']
Fran C,5NenY2Jl9wwLRxf86go4Y8,Nickoog Clk,6rHwFb0YjWexAYxTjm4eIj,1,['0kTMK4gNFfLXaTb62w1UaJ']
Aitch,2PJEagPIxaBugeMjIyKVXF,Luciano,3CJKkU0XuElRT1z8rEtIYg,1,['7sJNeWTXkZCEC7OnFMpGWL']
Luciano,3CJKkU0XuElRT1z8rEtIYg,BIA,6veh5zbFpm31XsPdjBgPER,1,['7sJNeWTXkZCEC7OnFMpGWL']
Aitch,2PJEagPIxaBugeMjIyKVXF,BIA,6veh5zbFpm31XsPdjBgPER,1,['7sJNeWTXkZCEC7OnFMpGWL']
Rosa Walton,1X0HaTcdkHW7LviblBiEeq,Hallie Coggins,5JNkPX6dYGLeEm4cUjHNGc,1,['7mykoq6R3BArsSpNDjFQTm']
Dedublüman,5PRW6j58xEEWL4DDVEITKT,Mavzer Tabancas,7vyG44Uv5jGIwwm2Ha0nE0,1,['5ATwkalJ9FnLp7Zcvxo1rl']
Dina Rae,5jNmxPYz8QE5rYp4GDil8t,Eminem,7dGJo4pcD2V6oG8kP0tJRR,1,['4woTEX1wYOTGDqNXuavlRC']
Luciano,3CJKkU0XuElRT1z8rEtIYg,Central Cee,5H4yInM5zmHqpKIoMNAx4r,1,['1Fb8gCHRkmNAaN8vytd5vg']
Wisin & Yandel,1wZtkThiXbVNtj6hee6dz9,ROSALÍA,7ltDVBr6mKbRvohxheJ9h1,1,['6OzUIp8KjuwxJnCWkXp1uL']
Jubin Nautiyal,1tqysapcCh1lWEAc9dIFpa,Yohani,6hyCmqlpgEhkMKKr65sFgI,1,['0zlGnseLGzRIBA0TJcb3Bo']
Tanishk Bagchi,4f7KfxeHq9BiylGmyXepGt,Yohani,6hyCmqlpgEhkMKKr65sFgI,1,['0zlGnseLGzRIBA0TJcb3Bo']
Rashmi Virag,5r2baeTwcCJnuIsDIlxUJo,Yohani,6hyCmqlpgEhkMKKr65sFgI,1,['0zlGnseLGzRIBA0TJcb3Bo']
Surya Ragunaathan,0GiAC4VvvYCypjRH6IiasK,Yohani,6hyCmqlpgEhkMKKr65sFgI,1,['0zlGnseLGzRIBA0TJcb3Bo']
Jubin Nautiyal,1tqysapcCh1lWEAc9dIFpa,Tanishk Bagchi,4f7KfxeHq9BiylGmyXepGt,1,['0zlGnseLGzRIBA0TJcb3Bo']
Jubin Nautiyal,1tqysapcCh1lWEAc9dIFpa,Rashmi Virag,5r2baeTwcCJnuIsDIlxUJo,1,['0zlGnseLGzRIBA0TJcb3Bo']
Surya Ragunaathan,0GiAC4VvvYCypjRH6IiasK,Jubin Nautiyal,1tqysapcCh1lWEAc9dIFpa,1,['0zlGnseLGzRIBA0TJcb3Bo']
Tanishk Bagchi,4f7KfxeHq9BiylGmyXepGt,Rashmi Virag,5r2baeTwcCJnuIsDIlxUJo,1,['0zlGnseLGzRIBA0TJcb3Bo']
Surya Ragunaathan,0GiAC4VvvYCypjRH6IiasK,Tanishk Bagchi,4f7KfxeHq9BiylGmyXepGt,1,['0zlGnseLGzRIBA0TJcb3Bo']
Surya Ragunaathan,0GiAC4VvvYCypjRH6IiasK,Rashmi Virag,5r2baeTwcCJnuIsDIlxUJo,1,['0zlGnseLGzRIBA0TJcb3Bo']
Xand Avião,43DRDu6nLSeIedZ7T1A616,Guilherme & Benuto,6m6e7D2TnV0aYMllFFwMxu,1,['3yHXEidSu4gYVRqKoI653O']
Cris Mj,1Yj5Xey7kTwvZla8sqdsdE,Stars Music Chile,2NZD6Gqfk60GEcAAnJKVsR,2,"['0NO2zL0kw8sGGnaMvHKAZF', '2pR6bipXfJySBhje19SW02']"
Standly,0rjms710nwQTdrQheXHJfz,Stars Music Chile,2NZD6Gqfk60GEcAAnJKVsR,2,"['0NO2zL0kw8sGGnaMvHKAZF', '2pR6bipXfJySBhje19SW02']"
Standly,0rjms710nwQTdrQheXHJfz,Cris Mj,1Yj5Xey7kTwvZla8sqdsdE,2,"['0NO2zL0kw8sGGnaMvHKAZF', '2pR6bipXfJySBhje19SW02']"
Mari Fernandez,0BHm7qbh3ENxvXzkQAG7MP,Gustavo Mioto,1X6ORK7IekgmyjV6IFPszP,1,['4ASA1PZyWGbuc4d9N8OAcF']
Baby Rasta,0GgyFUpOyzWDRDqx8FCTDN,Rauw Alejandro,1mcTU81TzQhprhouKaTkpq,1,['4UGqAW9i7NtE5mW9xzm6yk']
Robin Schulz,3t5xRXzsuZmMDkQzgOX35S,Oliver Tree,6TLwD7HPWuiOzvXEa3oCNe,1,['73vIOb4Q7YN6HeJTbscRx5']
Juicy J,5gCRApTajqwbnHHPbr2Fpi,Katy Perry,6jJ0s89eD6GaHleKKya26X,1,['4jbmgIyjGoXjY01XxatOx6']
Juice WRLD,4MCBfE4596Uoi2O4DtmEMz,Marshmello,64KEffDW9EtZ1y2vBYgq8T,1,['6XO8RlYuJCiI0v3IA48FeJ']
Nardo Wick,0Njy6yR9LykNKYg9yE23QN,Lil Baby,5f7VJjfbwm532GiveGC0ZK,1,['0VOMBffX1llDu37yQUt3u3']
Young Thug,50co4Is1HCEo8bhOyUWKpn,Lil Baby,5f7VJjfbwm532GiveGC0ZK,1,['1Py8c3dkLF0YczcAyBFBEM']
Lil Baby,5f7VJjfbwm532GiveGC0ZK,Fridayy,7sP4SQ0WY6jfps1I19Ot7i,1,['1T4k0sw0HldDg004Kw4Oct']
Ozuna,1i8SpTcr7yvPOmcqrbnVXY,Feid,2LRoIwlKmHjgvigdNGBHNo,1,['1zsPaEkglFvxjAhrM8yhpr']
Shakira,0EmeFodog0BfCgMzAIvKQp,Ozuna,1i8SpTcr7yvPOmcqrbnVXY,1,['6G12ZafqofSq7YtrMqUm76']
Lana Del Rey,00FQb4jTyendYWaN8pK0wa,Taylor Swift,06HL4z0CvFAxyc27GXpf02,1,['1wtOxkiel43cVs0Yux5Q4h']
Feid,2LRoIwlKmHjgvigdNGBHNo,JHAYCO,6nVcHLIgY5pE2YCl8ubca1,1,['5NxhMcHSVY3Z7ykWxZf3aj']
JHAYCO,6nVcHLIgY5pE2YCl8ubca1,Sech,77ziqFxp5gaInVrF2lj4ht,1,['5NxhMcHSVY3Z7ykWxZf3aj']
Feid,2LRoIwlKmHjgvigdNGBHNo,Sech,77ziqFxp5gaInVrF2lj4ht,1,['5NxhMcHSVY3Z7ykWxZf3aj']
Post Malone,246dkjvS1zLTtiykXe5h60,Mark Morrison,6V3F8MZrOKdT9fU686ybE9,1,['6Ole34qqbgkZ60IyrcVm7e']
Post Malone,246dkjvS1zLTtiykXe5h60,Sickick,3NR7hAacOhmcztWvD7vJfS,1,['6Ole34qqbgkZ60IyrcVm7e']
Sickick,3NR7hAacOhmcztWvD7vJfS,Mark Morrison,6V3F8MZrOKdT9fU686ybE9,1,['6Ole34qqbgkZ60IyrcVm7e']
Jorge & Mateus,1elUiq4X7pxej6FRlrEzjM,Diego & Victor Hugo,3k68C6mNMJL6OaAdWeW2ZF,1,['6gyhp7IcNhTYzwlk8utsgP']
Peter Fox,6rqlONGmPuP2wJVSfliLBI,Inéz,6zBax4hSAI1BJYgwF61EP5,1,['4YxZQd3I4rj1nqkXgvpCk4']
Feid,2LRoIwlKmHjgvigdNGBHNo,Morat,5C4PDR4LnhZTbVnKWXuDKD,1,['0cubEBmB9wjsdBwXNFmzFy']
Bobby (Boris) Pickett,42MRYPhQfcEXqb18dl5ERX,The Crypt-Kickers,4frDtYgwXXKkbyQzjOmJG5,1,['0xxZY5C9xxij3D1HkzbnfC']
Tiago Doidão,6JyfXyzoX303xiXFwhT9Za,Juliano Maderada,72DK3UxDm7IOR9jCwnZKEz,1,['3pgKhQdt8MNXUhh9698qmi']
Eurythmics,0NKDgy9j66h3DLnN8qu1bB,Annie Lennox,5MspMQqdVbdwP6ax3GXqum,1,['1TfqLAPs4K3s2rJMoCokcS']
Eurythmics,0NKDgy9j66h3DLnN8qu1bB,Dave Stewart,7gcCQIlkkfbul5Mt0jBQkg,1,['1TfqLAPs4K3s2rJMoCokcS']
Annie Lennox,5MspMQqdVbdwP6ax3GXqum,Dave Stewart,7gcCQIlkkfbul5Mt0jBQkg,1,['1TfqLAPs4K3s2rJMoCokcS']
Travis Scott,0Y5tJX1MQlPlqiwlOH1tJY,21 Savage,1URnnhqYAYcrqrcwql10ft,2,"['2KLwPaRDOB87XOYAT2fgxh', '4WuOWVnAqvEQxgSRrspBgt']"
Mora,0Q8NcsJwoCbZOHHW63su5S,Quevedo,52iwsT98xCoGgiGntTiR7K,1,['3vKYvbzB7801a5qd47pxkm']
Feid,2LRoIwlKmHjgvigdNGBHNo,Paulo Londra,3vQ0GE3mI0dAaxIMYe5g7z,1,['1O9FJyTicBMSqIv0RLRy4i']
Mora,0Q8NcsJwoCbZOHHW63su5S,paopao,5AS4y4rlmbUYDCdg35qmI9,1,['6eP29HuqLSONvO7xTb5dSH']
Mora,0Q8NcsJwoCbZOHHW63su5S,YOVNGCHIMI,4aSlfXDn9R60UlbZEboBUy,1,['559YUIWxUc8Mx4lsla13Ff']
Mora,0Q8NcsJwoCbZOHHW63su5S,De La Ghetto,3EiLUeyEcA6fbRPSHkG5kb,1,['0fuyLaeHh0TvQ65m5ojgP2']
Tiësto,2o5jDhtHVPhrJdv3cEQ99Z,Tate McRae,45dkTj5sMRSjrmBSBeiHym,1,['36gcliMRX1vCpgnrZE3dFZ']
Mora,0Q8NcsJwoCbZOHHW63su5S,Danny Ocean,5H1nN1SzW0qNeUEZvuXjAj,1,['3kcj2zzabr8qnR4MnMeWv2']
TWISTED,1rPf3UFQ9PzH7MafzfHTnG,Oliver Tree,6TLwD7HPWuiOzvXEa3oCNe,1,['5Zlb01Jcn0Ld49zazzZJSB']
Ángela Aguilar,3abT87tqQ4Q5PA5nw6CYyH,Yuridia,5B8ApeENp4bE4EE3LI8jK2,1,['4H6o1bxKRGzmsE0vzo968m']
MC MENOR HR,33yjk1kQbu7otNngO5pQb8,MC MENOR SG,3hXocXy7cs7SZ1JLZUgKBp,1,['1597vvneWf0zoQrg2D8yH6']
MC MENOR HR,33yjk1kQbu7otNngO5pQb8,DJ ESCOBAR,65tpb4BwAnD3HOUs8MC6TB,1,['1597vvneWf0zoQrg2D8yH6']
MC MENOR SG,3hXocXy7cs7SZ1JLZUgKBp,DJ ESCOBAR,65tpb4BwAnD3HOUs8MC6TB,1,['1597vvneWf0zoQrg2D8yH6']
MEDUZA,0xRXCcSX89eobfrshSVdyu,James Carter,5344K3N7rx7kw1HjO8psuq,1,['3rb0tMq42WfggucPm0HHkA']
MEDUZA,0xRXCcSX89eobfrshSVdyu,Elley Duhé,67MNhiAICFY6Pwc2YxCO0K,1,['3rb0tMq42WfggucPm0HHkA']
MEDUZA,0xRXCcSX89eobfrshSVdyu,FAST BOY,56Qz2XwGj7FxnNKrfkWjnb,1,['3rb0tMq42WfggucPm0HHkA']
James Carter,5344K3N7rx7kw1HjO8psuq,Elley Duhé,67MNhiAICFY6Pwc2YxCO0K,1,['3rb0tMq42WfggucPm0HHkA']
James Carter,5344K3N7rx7kw1HjO8psuq,FAST BOY,56Qz2XwGj7FxnNKrfkWjnb,1,['3rb0tMq42WfggucPm0HHkA']
FAST BOY,56Qz2XwGj7FxnNKrfkWjnb,Elley Duhé,67MNhiAICFY6Pwc2YxCO0K,1,['3rb0tMq42WfggucPm0HHkA']
Ana Castela,2CKOmarVWvWqkNWUatHCex,Israel & Rodolffo,41QLxRXlc2NwfJZkHGHKid,1,['0SCMVUZ21uYYB8cc0ScfbV']
Jorge & Mateus,1elUiq4X7pxej6FRlrEzjM,Matheus & Kauan,2Z0lRIqr997lIUiPtrpKCr,1,['2M4kQD87lKnAS9vFlb4Bez']
Foudeqush,0XFgM33h3Ls5tj1M9IKUWd,Ludwig Göransson,24eDfi2MSYo3A87hCcgpIL,1,['2LSsSV7V33wM9EKQA2xjGS']
Ovy On The Drums,3m5qlPf2OkihLz3dRYnkPA,KAROL G,790FomKkXshlbRYZFtlgla,1,['16dUQ4quIHDe4ZZ0wF1EMN']
Duki,1bAftSH8umNcGZ0uyV7LMg,Bizarrap,716NhGYqD1jl2wI1Qkgq36,1,['7MkylDYvKTSuWgrsBhHlsG']
Travis Scott,0Y5tJX1MQlPlqiwlOH1tJY,Pharrell Williams,2RdwBSPQiwcmiDo9kixcl8,1,['5unjCay0kUjuej5ebn4nS4']
FIFA Sound,5C01hDqpEmrmDfUhX9YWsH,Jung Kook,6HaGTQPmzraVmaVxvz6EUc,1,['1RDvyOk4WtPCtoqciJwVn8']
BTS,3Nrfpe0tUJi4K4DXYWgMUX,FIFA Sound,5C01hDqpEmrmDfUhX9YWsH,1,['1RDvyOk4WtPCtoqciJwVn8']
Shakira,0EmeFodog0BfCgMzAIvKQp,Freshlyground,7AcV1lk8Zrgo1691PDWEle,1,['2Cd9iWfcOpGDHLz6tVA3G4']
Sfera Ebbasta,23TFHmajVfBtlRx5MXqgoz,Shiva,2K5nCggbhSZ00YCYP5qkZS,1,['1MboxS3hV7Wr8UVO59uRth']
Ken Darby Singers,69UfPJgUmFFAVT740qGVZi,Bing Crosby,6ZjFtWeHP9XN7FeKSUe80S,1,['3XsaSIPWvM61RIFfeb0BBR']
Bing Crosby,6ZjFtWeHP9XN7FeKSUe80S,John Scott Trotter & His Orchestra,735L650pvygCZZlPMyHqsN,1,['3XsaSIPWvM61RIFfeb0BBR']
Ken Darby Singers,69UfPJgUmFFAVT740qGVZi,John Scott Trotter & His Orchestra,735L650pvygCZZlPMyHqsN,1,['3XsaSIPWvM61RIFfeb0BBR']
Yoko Ono,2s4tjL6W3qrblOe0raIzwJ,John Lennon,4x1nvY2FN8jxqAFA0DA02H,1,['27RYrbL6S02LNVhDWVl38b']
B. Swanson Quartet,0JXiS2FrAg3wQYJHcmZdrc,Frank Sinatra,1Mxqyy3pSjf8kZZL4QVxS0,1,['0SUKNXEqZnRw7g0NO139FM']
The Fontane Sisters,1Ml4OuStDoympbREURAM15,Perry Como,5v8jlSmAQfrkTjAlpUfWtu,1,['6IeK3Ap5m3HabwJxgI6eSE']
Mitchell Ayres & His Orchestra,0HS96tPggl2nwiz3gNWWI5,Perry Como,5v8jlSmAQfrkTjAlpUfWtu,1,['6IeK3Ap5m3HabwJxgI6eSE']
Mitchell Ayres & His Orchestra,0HS96tPggl2nwiz3gNWWI5,The Fontane Sisters,1Ml4OuStDoympbREURAM15,1,['6IeK3Ap5m3HabwJxgI6eSE']
Elton John,3PhoLpVuITZKcymswpck5b,Ed Sheeran,6eUKZXaKkcviH0Ku9w2n3V,1,['0hz5PNF2wejwUKCMpesQWt']
070 Shake,12Zk1DFhCbHY6v3xep2ZjI,RAYE,5KKpBU5eC2tJDzf0wmlRp2,2,"['4rPJSqrov3zqGwXlemLBMw', '5mHdCZtVyb4DcJw8799hZp']"
Arcángel,4SsVbpTthjScTS7U2hmr1X,Bad Bunny,4q3ewBCX7sLwd24euuV69X,1,['2mnXxnrX5vCGolNkaFvVeM']
Metro Boomin,0iEtIxbK0KxaSlF7G42ZOp,The Weeknd,1Xyo4u8uXC1ZmMpatF05PJ,1,['2dHHgzDwk4BJdRwy9uXhTO']
Metro Boomin,0iEtIxbK0KxaSlF7G42ZOp,21 Savage,1URnnhqYAYcrqrcwql10ft,4,"['1UsQe17Ef7tV1ahFqHEFR3', '2Yt4SXIgmoaPZHGdRafp4P', '2dHHgzDwk4BJdRwy9uXhTO', '4WuOWVnAqvEQxgSRrspBgt']"
21 Savage,1URnnhqYAYcrqrcwql10ft,The Weeknd,1Xyo4u8uXC1ZmMpatF05PJ,1,['2dHHgzDwk4BJdRwy9uXhTO']
Metro Boomin,0iEtIxbK0KxaSlF7G42ZOp,Future,1RyvyyTE3xzB2ZywiAwp0i,4,"['0OoNzMdPSgbkM5MkcuEZfm', '0vjeOZ3Ft5jvAi9SBFJm1j', '2Hh3ETdQKrmSI3QS0hme7g', '2N9LEu6Pf8nDcp3GjWJT1Z']"
Metro Boomin,0iEtIxbK0KxaSlF7G42ZOp,Chris Brown,7bXgB6jMjp9ATFy66eO08Z,1,['0vjeOZ3Ft5jvAi9SBFJm1j']
Future,1RyvyyTE3xzB2ZywiAwp0i,Chris Brown,7bXgB6jMjp9ATFy66eO08Z,1,['0vjeOZ3Ft5jvAi9SBFJm1j']
Travis Scott,0Y5tJX1MQlPlqiwlOH1tJY,Metro Boomin,0iEtIxbK0KxaSlF7G42ZOp,4,"['0OoNzMdPSgbkM5MkcuEZfm', '1pacwLXyRO47ka0v6LTIiY', '4WuOWVnAqvEQxgSRrspBgt', '5wG3HvLhF6Y5KTGlK0IW3J']"
Metro Boomin,0iEtIxbK0KxaSlF7G42ZOp,Don Toliver,4Gso3d4CscCijv0lmajZWs,3,"['221qmpQeBNV87sUjQeUTVH', '2Hh3ETdQKrmSI3QS0hme7g', '2N9LEu6Pf8nDcp3GjWJT1Z']"
Future,1RyvyyTE3xzB2ZywiAwp0i,Don Toliver,4Gso3d4CscCijv0lmajZWs,2,"['2Hh3ETdQKrmSI3QS0hme7g', '2N9LEu6Pf8nDcp3GjWJT1Z']"
Metro Boomin,0iEtIxbK0KxaSlF7G42ZOp,Young Nudy,5yPzzu25VzEk8qrGTLIrE1,1,['2Yt4SXIgmoaPZHGdRafp4P']
21 Savage,1URnnhqYAYcrqrcwql10ft,Young Nudy,5yPzzu25VzEk8qrGTLIrE1,1,['2Yt4SXIgmoaPZHGdRafp4P']
Metro Boomin,0iEtIxbK0KxaSlF7G42ZOp,Young Thug,50co4Is1HCEo8bhOyUWKpn,2,"['2VtgzixdB967bHDNu5A1nh', '5wG3HvLhF6Y5KTGlK0IW3J']"
Travis Scott,0Y5tJX1MQlPlqiwlOH1tJY,Young Thug,50co4Is1HCEo8bhOyUWKpn,1,['5wG3HvLhF6Y5KTGlK0IW3J']
Metro Boomin,0iEtIxbK0KxaSlF7G42ZOp,John Legend,5y2Xq6xcjJb2jVM54GHK3t,1,['0YFqKxV9uNu6LUeYkLOKRS']
Metro Boomin,0iEtIxbK0KxaSlF7G42ZOp,Mustafa,1zkKkDDra0jlsiJYz57P3P,1,['1UsQe17Ef7tV1ahFqHEFR3']
21 Savage,1URnnhqYAYcrqrcwql10ft,Mustafa,1zkKkDDra0jlsiJYz57P3P,1,['1UsQe17Ef7tV1ahFqHEFR3']
Metro Boomin,0iEtIxbK0KxaSlF7G42ZOp,A$AP Rocky,13ubrt8QOOCPljQ2FL1Kca,1,['3SsJ17EnPIu1B4GZshqjIS']
Metro Boomin,0iEtIxbK0KxaSlF7G42ZOp,Takeoff,3EW0kQ1skZiK1NHg3Spt9J,1,['3SsJ17EnPIu1B4GZshqjIS']
A$AP Rocky,13ubrt8QOOCPljQ2FL1Kca,Takeoff,3EW0kQ1skZiK1NHg3Spt9J,1,['3SsJ17EnPIu1B4GZshqjIS']
Metro Boomin,0iEtIxbK0KxaSlF7G42ZOp,Gunna,2hlmm7s2ICUX0LVIhVFlZQ,1,['6SeNRCX36QFj0nm89vTDxZ']
Stephen Sanchez,5XKFrudbV4IiuE5WuTPRmT,Em Beihold,7o2ZQYM7nTsaVdkXY38UAA,1,['1Y3LN4zO1Edc2EluIoSPJN']
The Pogues,2wzMOQwNT6ZvVB4amvhFAH,Kirsty MacColl,6UlNIFEuWlBqb4TvlVCekq,1,['3VTNVsTTu05dmTsVFrmGpK']
Blake Shelton,1UTPBmNbXNTittyMJrNkvw,Gwen Stefani,4yiQZ8tQPux8cPriYMWUFP,1,['2OQ6a4CfUeYskpTTgyawyJ']
Mert Demir,1Zj4GtouAnxHq4qw7ooLfm,Mabel Matiz,1dpqJqIuNqideTvmxBsSku,1,['4OH5Cd8ZOI1eSgJSC9PYmU']
Henri René and His Orchestra,0oK8UXKZbQezeRhE0KeBAV,Eartha Kitt,1AwO9pWEBSBoWdEZu28XDC,1,['1foCxQtxBweJtZmdxhEHVO']
Dj LK da Escócia,6WIjKbyqeO9MkfNMFJsF50,Tchakabum,7iJl63aJyNd8C6NZlMv6kp,1,['4UldILPVpnZO69ffK4B9aA']
Dj LK da Escócia,6WIjKbyqeO9MkfNMFJsF50,MC Ryan SP,75i9GaW2MJUgt4BkdUnuUY,1,['4UldILPVpnZO69ffK4B9aA']
mc jhenny,6Ka3TKKRqhWwbmuxjhrmo6,Dj LK da Escócia,6WIjKbyqeO9MkfNMFJsF50,1,['4UldILPVpnZO69ffK4B9aA']
Dj LK da Escócia,6WIjKbyqeO9MkfNMFJsF50,Mc RF,7rnLNmWx3ibYo5uQcghVgQ,1,['4UldILPVpnZO69ffK4B9aA']
MC Ryan SP,75i9GaW2MJUgt4BkdUnuUY,Tchakabum,7iJl63aJyNd8C6NZlMv6kp,1,['4UldILPVpnZO69ffK4B9aA']
mc jhenny,6Ka3TKKRqhWwbmuxjhrmo6,Tchakabum,7iJl63aJyNd8C6NZlMv6kp,1,['4UldILPVpnZO69ffK4B9aA']
Tchakabum,7iJl63aJyNd8C6NZlMv6kp,Mc RF,7rnLNmWx3ibYo5uQcghVgQ,1,['4UldILPVpnZO69ffK4B9aA']
mc jhenny,6Ka3TKKRqhWwbmuxjhrmo6,MC Ryan SP,75i9GaW2MJUgt4BkdUnuUY,1,['4UldILPVpnZO69ffK4B9aA']
MC Ryan SP,75i9GaW2MJUgt4BkdUnuUY,Mc RF,7rnLNmWx3ibYo5uQcghVgQ,1,['4UldILPVpnZO69ffK4B9aA']
mc jhenny,6Ka3TKKRqhWwbmuxjhrmo6,Mc RF,7rnLNmWx3ibYo5uQcghVgQ,1,['4UldILPVpnZO69ffK4B9aA']
Don Toliver,4Gso3d4CscCijv0lmajZWs,SZA,7tYKF4w9nC0nq9CsPZTHyP,1,['4NqkE7kRUvMDEdcqD96EDO']
Phoebe Bridgers,1r1uxoy19fzMxunt3ONAkG,SZA,7tYKF4w9nC0nq9CsPZTHyP,1,['4h5x3XHLVYFJaItKuO2rhy']
Travis Scott,0Y5tJX1MQlPlqiwlOH1tJY,SZA,7tYKF4w9nC0nq9CsPZTHyP,1,['6koKhrBBcExADvWuOgceNZ']
Ol' Dirty Bastard,50NoVNy9GU1lCrDV8iGpyu,SZA,7tYKF4w9nC0nq9CsPZTHyP,1,['5IcP1PPnleZ2kuwKDyfNC5']
A Boogie Wit da Hoodie,31W5EY0aAly4Qieq6OFu6I,Kodak Black,46SHBwWsqBkxI7EeeBEQG7,1,['6yDPFrHZLQbQa9Itd2J4Gp']
Kelly Clarkson,3BmGtnKgCSGYIUhmivXKWX,Ariana Grande,66CXWjxzNUsdJxJ2JdwvnR,1,['2O3MQ6H3gjrIWDcpeTrikT']
Quevedo,52iwsT98xCoGgiGntTiR7K,Myke Towers,7iK8PXO48WeuP03g8YR51W,1,['0Sfn2TYbpQtCGMBf6C0Y6T']
Cris Mj,1Yj5Xey7kTwvZla8sqdsdE,Duki,1bAftSH8umNcGZ0uyV7LMg,1,['0NO2zL0kw8sGGnaMvHKAZF']
Cris Mj,1Yj5Xey7kTwvZla8sqdsdE,Nicki Nicole,2UZIAOlrnyZmyzt1nuXr9y,1,['0NO2zL0kw8sGGnaMvHKAZF']
Duki,1bAftSH8umNcGZ0uyV7LMg,Nicki Nicole,2UZIAOlrnyZmyzt1nuXr9y,1,['0NO2zL0kw8sGGnaMvHKAZF']
Standly,0rjms710nwQTdrQheXHJfz,Duki,1bAftSH8umNcGZ0uyV7LMg,1,['0NO2zL0kw8sGGnaMvHKAZF']
Duki,1bAftSH8umNcGZ0uyV7LMg,Stars Music Chile,2NZD6Gqfk60GEcAAnJKVsR,1,['0NO2zL0kw8sGGnaMvHKAZF']
Standly,0rjms710nwQTdrQheXHJfz,Nicki Nicole,2UZIAOlrnyZmyzt1nuXr9y,1,['0NO2zL0kw8sGGnaMvHKAZF']
Stars Music Chile,2NZD6Gqfk60GEcAAnJKVsR,Nicki Nicole,2UZIAOlrnyZmyzt1nuXr9y,1,['0NO2zL0kw8sGGnaMvHKAZF']
Cardi B,4kYSro6naA4h99UJvo89HB,ROSALÍA,7ltDVBr6mKbRvohxheJ9h1,1,['4CD623yLJVvKJxUyzaTqtC']
RM,2auC28zjQyVTsiZKNgPRGs,Youjeen,4wVcCedmr7FHtUlFnIeJIG,1,['1AZjCZSGEjlxUufFQwSszF']
Michael Bublé,1GxkXlMwML1oSg5eLPiAz3,Idina Menzel,73Np75Wv2tju61Eo9Zw4IR,1,['0Ie5uiv54KgCr7P4sYDTHl']
The Andrews Sisters,2NCGI6dLTxLdI9XHdv7QfM,Bing Crosby,6ZjFtWeHP9XN7FeKSUe80S,1,['1GQ3cCJMAhLqWARyVZWxnO']
Ñengo Flow,12vb80Km0Ew53ABfJOepVz,Bad Bunny,4q3ewBCX7sLwd24euuV69X,1,['54ELExv56KCAB4UP9cOCzC']
Brett Eldredge,0qSX3s5pJnAlSsgsCne8Cz,Meghan Trainor,6JL8zeS1NmiOftqZTRgdTz,1,['5Q2P43CJra0uRAogjHyJDK']
Michael Bublé,1GxkXlMwML1oSg5eLPiAz3,The Puppini Sisters,1svaANJTE5KrG16fTGDqOs,1,['3nfxV3jfRcRWISwek49LTg']
Ariana Grande,66CXWjxzNUsdJxJ2JdwvnR,Liz Gillies,7pLntWGInZPQxc4kXxzzjB,1,['6YJdPrH3i2POzu7hdHIRrb']
John Legend,5y2Xq6xcjJb2jVM54GHK3t,Stevie Wonder,7guDJrEfX3qb6FEbdPA5qi,1,['4hnzXzE7JiU5QAZFF9OUsI']
Naeleck,2DYDFBqoaBP2i9XrTGpOgF,Sarah Rebecca,58obmxGKVKCenZAkACSMgJ,1,['52CTlUPosFjUvXUAadKOVV']
Michael Bublé,1GxkXlMwML1oSg5eLPiAz3,Shania Twain,5e4Dhzv426EvQe3aDb64jL,1,['2gbCG4Rt9984UZ7Tc0dIFd']
Justin Bieber,1uNFoZAHBGtllmzznpCI3s,USHER,23zg3TcAtWQy7J6upgbUnj,1,['3eYnKe0LhQA1B5HEkQaRTP']
Boris Karloff,35uPgDW1J4hq6tqQ0LJcot,Thurl Ravenscroft,5LCQTpuQCzKjfv233UFQnb,1,['4qP2V09IpTct5A1ZSnr1zh']
Louis Armstrong,19eLuQmk9aCobbVDHc6eek,The Commanders,3VrWSWV74xyECVDt2zBy4T,1,['33GkcZ89Aj254FaJoFwCl9']
Brett Eldredge,0qSX3s5pJnAlSsgsCne8Cz,Kelly Clarkson,3BmGtnKgCSGYIUhmivXKWX,1,['2CYnG4UCBBEKIiux3S0jBU']
Ana Castela,2CKOmarVWvWqkNWUatHCex,Zé Felipe,7cmuxPnXRJxwuYDHfbD8Eu,1,['2hkwwmmLC90T8BQ7t3xufq']
Luan Pereira,5kVgcCdPbeUwxBqWxi2Ktl,Zé Felipe,7cmuxPnXRJxwuYDHfbD8Eu,1,['2hkwwmmLC90T8BQ7t3xufq']
Ana Castela,2CKOmarVWvWqkNWUatHCex,Luan Pereira,5kVgcCdPbeUwxBqWxi2Ktl,1,['2hkwwmmLC90T8BQ7t3xufq']
Michael Bublé,1GxkXlMwML1oSg5eLPiAz3,Dolly Parton,32vWCbZh0xZ4o9gkz4PsEU,1,['6SvzJUQd3FnuOJI1KWl9hq']
Carol Richards,0Im4XjInyfMuA2lVkalOGK,Bing Crosby,6ZjFtWeHP9XN7FeKSUe80S,1,['7ehhnVu3JUWMaSJzY1zC4k']
Shilpa Rao,19LIHDDSHBD5NyYHI3gpzB,Vishal-Shekhar,6Mv8GjQa7LKUGCAqa9qqdb,1,['0CtZpaOhtzvLV3FfcsVpQo']
Caralisa Monteiro,2Yf4MRVpt0rcAd5y5h5ph1,Vishal-Shekhar,6Mv8GjQa7LKUGCAqa9qqdb,1,['0CtZpaOhtzvLV3FfcsVpQo']
Vishal Dadlani,6CXEwIaXYfVJ84biCxqc9k,Vishal-Shekhar,6Mv8GjQa7LKUGCAqa9qqdb,1,['0CtZpaOhtzvLV3FfcsVpQo']
Shekhar Ravjiani,4xd7mLI7urqrxELaXhAvzw,Vishal-Shekhar,6Mv8GjQa7LKUGCAqa9qqdb,1,['0CtZpaOhtzvLV3FfcsVpQo']
Kumaar,0m3D4grap8VFSzbJMqgNVk,Vishal-Shekhar,6Mv8GjQa7LKUGCAqa9qqdb,1,['0CtZpaOhtzvLV3FfcsVpQo']
Shilpa Rao,19LIHDDSHBD5NyYHI3gpzB,Caralisa Monteiro,2Yf4MRVpt0rcAd5y5h5ph1,1,['0CtZpaOhtzvLV3FfcsVpQo']
Shilpa Rao,19LIHDDSHBD5NyYHI3gpzB,Vishal Dadlani,6CXEwIaXYfVJ84biCxqc9k,1,['0CtZpaOhtzvLV3FfcsVpQo']
Shilpa Rao,19LIHDDSHBD5NyYHI3gpzB,Shekhar Ravjiani,4xd7mLI7urqrxELaXhAvzw,1,['0CtZpaOhtzvLV3FfcsVpQo']
Kumaar,0m3D4grap8VFSzbJMqgNVk,Shilpa Rao,19LIHDDSHBD5NyYHI3gpzB,1,['0CtZpaOhtzvLV3FfcsVpQo']
Caralisa Monteiro,2Yf4MRVpt0rcAd5y5h5ph1,Vishal Dadlani,6CXEwIaXYfVJ84biCxqc9k,1,['0CtZpaOhtzvLV3FfcsVpQo']
Caralisa Monteiro,2Yf4MRVpt0rcAd5y5h5ph1,Shekhar Ravjiani,4xd7mLI7urqrxELaXhAvzw,1,['0CtZpaOhtzvLV3FfcsVpQo']
Kumaar,0m3D4grap8VFSzbJMqgNVk,Caralisa Monteiro,2Yf4MRVpt0rcAd5y5h5ph1,1,['0CtZpaOhtzvLV3FfcsVpQo']
Shekhar Ravjiani,4xd7mLI7urqrxELaXhAvzw,Vishal Dadlani,6CXEwIaXYfVJ84biCxqc9k,1,['0CtZpaOhtzvLV3FfcsVpQo']
Kumaar,0m3D4grap8VFSzbJMqgNVk,Vishal Dadlani,6CXEwIaXYfVJ84biCxqc9k,1,['0CtZpaOhtzvLV3FfcsVpQo']
Kumaar,0m3D4grap8VFSzbJMqgNVk,Shekhar Ravjiani,4xd7mLI7urqrxELaXhAvzw,1,['0CtZpaOhtzvLV3FfcsVpQo']
Carin Leon,66ihevNkSYNzRAl44dx6jJ,Grupo Frontera,6XkjpgcEsYab502Vr1bBeW,1,['6Um358vY92UBv5DloTRX9L']
Fuerza Regida,0ys2OFYzWYB5hRDLCsBqxt,Grupo Frontera,6XkjpgcEsYab502Vr1bBeW,1,['0IKeDy5bT9G0bA7ZixRT4A']
Dj TG Beats,6Eni0bpQP6Z3G2CIN7VJRh,MC K.K,6TtI28JVtV3RufOCwLvHod,1,['6Hio4nlyWL2WBL8nYlbuGt']
Dj Aurélio,2aBp5B1hhPlvVWbocbfA6x,MC K.K,6TtI28JVtV3RufOCwLvHod,1,['6Hio4nlyWL2WBL8nYlbuGt']
MC Lipivox,03R5vvmqjPsxS7Y5be6IAY,MC K.K,6TtI28JVtV3RufOCwLvHod,1,['6Hio4nlyWL2WBL8nYlbuGt']
Dj Aurélio,2aBp5B1hhPlvVWbocbfA6x,Dj TG Beats,6Eni0bpQP6Z3G2CIN7VJRh,1,['6Hio4nlyWL2WBL8nYlbuGt']
MC Lipivox,03R5vvmqjPsxS7Y5be6IAY,Dj TG Beats,6Eni0bpQP6Z3G2CIN7VJRh,1,['6Hio4nlyWL2WBL8nYlbuGt']
MC Lipivox,03R5vvmqjPsxS7Y5be6IAY,Dj Aurélio,2aBp5B1hhPlvVWbocbfA6x,1,['6Hio4nlyWL2WBL8nYlbuGt']
Shakira,0EmeFodog0BfCgMzAIvKQp,Wyclef Jean,7aBzpmFXB4WWpPl2F7RjBe,1,['3ZFTkvIE7kyPt6Nu3PEa7V']
Kid Cudi,0fA0VVWsXO9YnASrzqfmYu,David Guetta,1Cs0zKBU1kc0i8ypK3B9ai,1,['0Xh6R6XLoTDRBYriQRgkHj']
Nelly Furtado,2jw70GZXlAI8QzWeY2bgRc,Timbaland,5Y5TRrQiqgUO4S36tzjIRZ,1,['2gam98EZKrF9XuOkU13ApN']
Lady Gaga,1HY2Jd0NmPuamShAr6KMms,Colby O'Donis,7fObcBw9VM3x7ntWKCYl0z,1,['1dzQoRqT5ucxXVaAhTcT0J']
JAY-Z,3nFkdlSjzX9mRTtwJOzDYB,Beyoncé,6vWDO969PvNqNYHIOW5v0m,1,['0TwBtDAWpkpM3srywFVOV5']
Rihanna,5pKCCKE2ajJHZ9KAiaK11H,Calvin Harris,7CajNmpbOovFoOoasH2HaY,1,['1zv3WFUbZ5vPxFq9I2jAU1']
GAYLE,2VSHKHBTiXWplO8lxcnUC9,,,0,[]
Glass Animals,4yvcSjfu4PC0CYQyLy4wSq,,,0,[]
Farruko,329e4yvIujISKGKz1BZZbO,,,0,[]
Adele,4dpARuHxo51G3z768sgnrY,,,0,[]
Ed Sheeran,6eUKZXaKkcviH0Ku9w2n3V,,,0,[]
Olivia Rodrigo,1McMsnEElThX1knmY4oliG,,,0,[]
Doja Cat,5cj0lLjcoR7YOSnhnX0Po5,,,0,[]
The Weeknd,1Xyo4u8uXC1ZmMpatF05PJ,,,0,[]
Bad Bunny,4q3ewBCX7sLwd24euuV69X,,,0,[]
Lil Nas X,7jVv8c5Fj3E9VhNjxT4snq,,,0,[]
Jaymes Young,6QrQ7OrISRYIfS5mtacaw2,,,0,[]
CKay,048LktY5zMnakWq7PTtFrz,,,0,[]
Måneskin,0lAWpj5szCSwM4rUMHYmrr,,,0,[]
Rauw Alejandro,1mcTU81TzQhprhouKaTkpq,,,0,[]
Justin Bieber,1uNFoZAHBGtllmzznpCI3s,,,0,[]
LISA,5L1lO4eRHmJ7a0Q6csE5cT,,,0,[]
Henrique & Juliano,3p7PcrEHaaKLJnPUGOtRlT,,,0,[]
Taylor Swift,06HL4z0CvFAxyc27GXpf02,,,0,[]
PEDRO SAMPAIO,5wbf52LA6kcaboHSN6NEF1,,,0,[]
The Walters,027TpXKGwdXP7iwbjUSpV8,,,0,[]
BTS,3Nrfpe0tUJi4K4DXYWgMUX,,,0,[]
BoyWithUke,1Cd373x8qzC7SNUg5IToqp,,,0,[]
Gusttavo Lima,7MiDcPa6UiV3In7lIM71IN,,,0,[]
Billie Eilish,6qqNVTkY8uBg9cP3Jd7DAH,,,0,[]
The Neighbourhood,77SW9BnxLY8rJ0RciFqkHh,,,0,[]
Dua Lipa,6M2wZ9GZgrQXHCFfjv46we,,,0,[]
Harry Styles,6KImCVD70vtIoJWnq6nGn3,,,0,[]
Sebastian Yatra,07YUOmWljBTXwIseAUd9TW,,,0,[]
SZA,7tYKF4w9nC0nq9CsPZTHyP,,,0,[]
Black Eyed Peas,1yxSLGMDHlW21z4YXirZDS,,,0,[]
Calibre 50,4jogXSSvlyMkODGSZ2wc2P,,,0,[]
Tiësto,2o5jDhtHVPhrJdv3cEQ99Z,,,0,[]
Emmy Meli,71szvmFWd7TUa7b6XmXj9k,,,0,[]
Kodak Black,46SHBwWsqBkxI7EeeBEQG7,,,0,[]
Oliver Tree,6TLwD7HPWuiOzvXEa3oCNe,,,0,[]
The Killers,0C0XlULifJtAgn6ZNCW2eu,,,0,[]
Trueno,2x7PC78TmgqpEIjaGAZ0Oz,,,0,[]
Maluma,1r4hJ1h58CWwUQe3MxPuau,,,0,[]
Jorge & Mateus,1elUiq4X7pxej6FRlrEzjM,,,0,[]
João Gomes,4JNo6Q5KdcRf1vtSX9mB0S,,,0,[]
Grupo Firme,1dKdetem2xEmjgvyymzytS,,,0,[]
Jessica Darrow,4vdAAzZBUKbsrvHi6UR7B7,,,0,[]
Zé Neto & Cristiano,487N2T9nIPEHrlTZLL3SQs,,,0,[]
Steve Lacy,57vWImR43h4CaDao012Ofp,,,0,[]
Imagine Dragons,53XhwfbYqKCa1cC15pYq2q,,,0,[]
Shawn Mendes,7n2wHs1TKAczGzO7Dd2rGr,,,0,[]
Felipe Amorim,3CIIaeZuFYrAD6PRVyuO4U,,,0,[]
Tones And I,2NjfBq1NflQcKSeiDooVjY,,,0,[]
Queen,1dfeR4HaWDbWqFHLkxsg1d,,,0,[]
Lewis Capaldi,4GNC7GD6oZMSxPGyXy4MNB,,,0,[]
Playboi Carti,699OTQXzgjhIYAHMy9RyPD,,,0,[]
Ruth B.,2WzaAvm2bBCf4pEhyuDgCY,,,0,[]
Post Malone,246dkjvS1zLTtiykXe5h60,,,0,[]
Fleetwood Mac,08GQAI4eElDnROBrJRGE0X,,,0,[]
Avicii,1vCWHaC5f2uS3yhpwWbIA6,,,0,[]
Michael Jackson,3fMbdgg4jU18AjLCKBhRSm,,,0,[]
Masked Wolf,1uU7g3DNSbsu0QjSEqZtEd,,,0,[]
Surf Curse,1gl0S9pS0Zw0qfa14rDD3D,,,0,[]
Sleepy Hallow,6EPlBSH2RSiettczlz7ihV,,,0,[]
Bruno Mars,0du5cEVh5yTK9QJze8zA0C,,,0,[]
Jason Derulo,07YZf4WDAMNwqr4jfgOZ8y,,,0,[]
Eminem,7dGJo4pcD2V6oG8kP0tJRR,,,0,[]
Journey,0rvjqX7ttXeg3mTy8Xscbt,,,0,[]
a-ha,2jzc5TC5TVFLXQlBNiIUzE,,,0,[]
Miley Cyrus,5YGY8feqx7naU7z4HrwZM6,,,0,[]
Tom Odell,2txHhyCwHjUEpJjWrEyqyX,,,0,[]
SALES,6vVztIuqdDHvYWxOEXCzjN,,,0,[]
Polo G,6AgTAQt8XS6jRWi4sX7w49,,,0,[]
Nirvana,6olE6TJLqED3rqDCT0FyPh,,,0,[]
Matheus & Kauan,2Z0lRIqr997lIUiPtrpKCr,,,0,[]
Juice WRLD,4MCBfE4596Uoi2O4DtmEMz,,,0,[]
The Police,5NGO30tJxFlKixkPSgXcFE,,,0,[]
ABBA,0LcJLqbBmaGUft1e9Mm8HV,,,0,[]
IVE,6RHTUrRF63xao58xh9FXYJ,,,0,[]
Coldplay,4gzpq5DPGxSnKTe4SA8HAU,,,0,[]
Shouse,2TcGJdSOiOvITBzhvfX8XB,,,0,[]
Ariana Grande,66CXWjxzNUsdJxJ2JdwvnR,,,0,[]
Kanye West,5K4W6rqBFWDnAN6FQUkS6x,,,0,[]
Whitney Houston,6XpaIBNiVzIetEPCWDvAFP,,,0,[]
TWICE,7n2Ycct7Beij7Dj7meI4X0,,,0,[]
OneRepublic,5Pwc4xIPtQLFEnJriah9YJ,,,0,[]
Conan Gray,4Uc8Dsxct0oMqx0P6i60ea,,,0,[]
J. Cole,6l3HvQ5sa6mXTsMTB19rO5,,,0,[]
Britney Spears,26dSoYclwsYLMAKD3tpOr4,,,0,[]
Elley Duhé,67MNhiAICFY6Pwc2YxCO0K,,,0,[]
GoldSkull,13GA8qxVLDZs0oh1zZ872C,,,0,[]
Arctic Monkeys,7Ln80lUS6He07XvHI8qqHH,,,0,[]
Hozier,2FXC3k01G6Gw61bmprjgqS,,,0,[]
Duncan Laurence,3klZnJvYGIbWritVwQD434,,,0,[]
Tate McRae,45dkTj5sMRSjrmBSBeiHym,,,0,[]
GIVĒON,4fxd5Ee7UefO4CUXgwJ7IP,,,0,[]
XXXTENTACION,15UsOTVnJzReFVN1VCnxy4,,,0,[]
John Legend,5y2Xq6xcjJb2jVM54GHK3t,,,0,[]
Maroon 5,04gDigrS5kc9YWfZHwBETP,,,0,[]
Vance Joy,10exVja0key0uqUkk6LJRT,,,0,[]
Edison Lighthouse,1NRzxuPpdGushT8YmF5NAa,,,0,[]
James Arthur,4IWBUUAFIplrNtaOHcJPRM,,,0,[]
Beach House,56ZTgzPBDge0OvCGgMO3OY,,,0,[]
Travis Scott,0Y5tJX1MQlPlqiwlOH1tJY,,,0,[]
Vundabar,1W4itxt3vwhmrgLEBuVHJ6,,,0,[]
The Rare Occasions,1QfpRUtH14JLoY6F6AYmwt,,,0,[]
JNR CHOI,1Z25ZlGHqqlr3o1UGQOfNn,,,0,[]
Benson Boone,22wbnEMDvgVIAGdFeek6ET,,,0,[]
Kali Uchis,1U1el3k54VvEUzo3ybLPlM,,,0,[]
V,3JsHnjpbhX4SnySpvpa9DK,,,0,[]
Lauren Spencer Smith,79AyR6ATpj2LTPxfb6FX50,,,0,[]
NIKI,2kxP07DLgs4xlWz8YHlvfh,,,0,[]
Gunna,2hlmm7s2ICUX0LVIhVFlZQ,,,0,[]
David Kushner,33NVpKoXjItPwUJTMZIOiY,,,0,[]
Stromae,5j4HeCoUlzhfWtjAfM1acR,,,0,[]
SiM,2BM933ADIluGGrPBOhPgIt,,,0,[]
ENHYPEN,5t5FqBwTcgKTaWmfEbwQY9,,,0,[]
Frank Ocean,2h93pZq0e7k5yf4dywlkpM,,,0,[]
Labrinth,2feDdbD5araYcm6JhFHHw7,,,0,[]
Muse,12Chz98pHFMPJEknJQMWvI,,,0,[]
Chris Brown,7bXgB6jMjp9ATFy66eO08Z,,,0,[]
The Lumineers,16oZKvXb6WkQlVAjwo2Wbg,,,0,[]
Kep1er,5R7AMwDeroq6Ls0COQYpS4,,,0,[]
Bruno Major,0hDjKSKjl1DC7ovYTDJHe8,,,0,[]
Charlie Puth,6VuMaDnrHyPL1p4EHjYLi7,,,0,[]
Stephanie Beatriz,5PYToRCsrnvikZg3yl2JMr,,,0,[]
Chase Atlantic,7cYEt1pqMgXJdq00hAwVpT,,,0,[]
Lana Del Rey,00FQb4jTyendYWaN8pK0wa,,,0,[]
Meat Loaf,7dnB1wSxbYa8CejeVg98hz,,,0,[]
Muni Long,7tjVFCxJdwT4NdrTmjyjQ6,,,0,[]
girl in red,3uwAm6vQy7kWPS2bciKWx9,,,0,[]
Yung Lean,67lytN32YpUxiSeWlKfHJ3,,,0,[]
Ryan Castro,7j6DKwmjbxvpQO8h914uEz,,,0,[]
The Chainsmokers,69GGBxA162lTqCwzJG5jLp,,,0,[]
Anitta,7FNnA9vBm6EKceENgCGRMb,,,0,[]
Em Beihold,7o2ZQYM7nTsaVdkXY38UAA,,,0,[]
Lord Huron,6ltzsmQQbmdoHHbLZ4ZN25,,,0,[]
Rkomi,056KMTw6IztdQjBmFfVyO3,,,0,[]
La rappresentante di lista,0YmQyGKpZgGSDxsC8iEGQU,,,0,[]
Elisa,2ARH58Hit3yC6ziGdhma23,,,0,[]
sangiovanni,7dL0nOHwnSAsNAwpkPSGWP,,,0,[]
Red Hot Chili Peppers,0L8ExT028jH3ddEcZwqJJ5,,,0,[]
ROSALÍA,7ltDVBr6mKbRvohxheJ9h1,,,0,[]
Irama,5iot8OPcosJN9nCl7I5SdK,,,0,[]
Zé Felipe,7cmuxPnXRJxwuYDHfbD8Eu,,,0,[]
Dargen D'Amico,7muPB2GhV0sEg2K1Fgj0Xm,,,0,[]
Jung Kook,6HaGTQPmzraVmaVxvz6EUc,,,0,[]
Dove Cameron,2W8yFh0Ga6Yf3jiayVxwkE,,,0,[]
Future,1RyvyyTE3xzB2ZywiAwp0i,,,0,[]
Shiva,2K5nCggbhSZ00YCYP5qkZS,,,0,[]
Tyler The Creator,4V8LLVI7PbaPR0K2TGSxFF,,,0,[]
50 Cent,3q7HBObVc0L8jNeTe5Gofh,,,0,[]
Kendrick Lamar,2YZyLoL8N0Wb9xBt1NhZWg,,,0,[]
Sia,5WUlDfRSoLAfcVSX1WnrxN,,,0,[]
Jack Harlow,2LIk90788K0zvyj2JJVwkJ,,,0,[]
Christian Nodal,0XwVARXT135rw8lyw1EeWP,,,0,[]
Tarkan,2yMN0IP20GOaN6q0p0zL5k,,,0,[]
Luan Santana,3qvcCP2J0fWi0m0uQDUf6r,,,0,[]
Zion & Lennox,21451j1KhjAiaYKflxBjr1,,,0,[]
Linkin Park,6XyY86QOPPrYVGvF9ch6wz,,,0,[]
Cris Mj,1Yj5Xey7kTwvZla8sqdsdE,,,0,[]
Lil Durk,3hcs9uc56yIGFCSy9leWe7,,,0,[]
Rogerinho,5JbQpbeFaKfuZVFzKwaawP,,,0,[]
Florence + The Machine,1moxjboGR7GNWYIMWsRjgG,,,0,[]
Wesley Safadão,1AL2GKpmRrKXkYIcASuRFa,,,0,[]
TREASURE,3KonOYiLsU53m4yT7gNotP,,,0,[]
Lil Peep,2kCcBybjl3SAtIcwdWpUe3,,,0,[]
Eden Muñoz,1gJdf4Yybu4X5A2xYV3NMV,,,0,[]
Dave,6Ip8FS7vWT1uKkJSweANQK,,,0,[]
Khalid,6LuN9FCkKOj5PcnpouEgny,,,0,[]
shadowraze,0TO6y1x0LQodwBnxGtQu9o,,,0,[]
JVKE,164Uj4eKjl6zTBKfJLFKKK,,,0,[]
C. Tangana,5TYxZTjIPqKM8K8NuP9woO,,,0,[]
Tulus,2iDVt6mFbtbDEZG5ax0dTi,,,0,[]
NMIXX,28ot3wh4oNmoFOdVajibBl,,,0,[]
Yeat,3qiHUAX7zY4Qnjx8TNUzVx,,,0,[]
Rammstein,6wWVKhxIU2cEi0K81v7HvP,,,0,[]
Gloria Groove,7rXMvXRnWHaSwnVvPeUUfw,,,0,[]
Cornelia Jakobs,7cYZ8F0N2jby95FsxU9hh4,,,0,[]
(G)I-DLE,2AfmfGFbe0A0WsTYm0SDTx,,,0,[]
Danny Ocean,5H1nN1SzW0qNeUEZvuXjAj,,,0,[]
Stray Kids,2dIgFjalVxs4ThymZ67YCE,,,0,[]
UZI,51DevdOxIJin6DB1FXJpD1,,,0,[]
Charli xcx,25uiPmTg16RbhZWAqwLBy5,,,0,[]
Demi Lovato,6S2OmqARrzebs0tKUEyXyp,,,0,[]
WILLOW,3rWZHrfrsPBxVy692yAIxF,,,0,[]
Pharrell Williams,2RdwBSPQiwcmiDo9kixcl8,,,0,[]
Red Velvet,1z4g3DjTBBZKhvAroFlhOM,,,0,[]
Paulo Londra,3vQ0GE3mI0dAaxIMYe5g7z,,,0,[]
Daddy Yankee,4VMYDCV2IEDYJArk749S6m,,,0,[]
mgk,6TIYQ3jFPwQSRmorSezPxX,,,0,[]
Foo Fighters,7jy3rLJdDQY21OgRLCZ9sD,,,0,[]
Yahritza Y Su Esencia,51ZSh80McCt7vbqHouzW0A,,,0,[]
Lucky Daye,5Vuvs6Py2JRU7WiFDVsI7J,,,0,[]
Lil Tjay,6jGMq4yGs7aQzuGsMgVgZR,,,0,[]
Troye Sivan,3WGpXCj9YhhfX11TToZcXP,,,0,[]
Teto,68YeXpLt3jB7JHQS5ZjMGo,,,0,[]
BIGBANG,4Kxlr1PRlDKEB0ekOCyHgX,,,0,[]
Dylan Conrique,2S054G7qnCK45KY0XzpX30,,,0,[]
Lil Baby,5f7VJjfbwm532GiveGC0ZK,,,0,[]
Camila Cabello,4nDoRrQiYLoBzwC5BhVJzF,,,0,[]
Morgan Wallen,4oUHIQIBe0LHzYfvXNW4QM,,,0,[]
Lizzo,56oDRnqbIiwx4mymNEv7dS,,,0,[]
SEVENTEEN,7nqOGRxlXj7N2JYbgNEjYH,,,0,[]
Mr.Kitty,0pWwt5vGNzezEhfAcc420Y,,,0,[]
cakal,6CPZWzcKiOKkHn4L2XI4i2,,,0,[]
Guns N' Roses,3qm84nBOXUEQ2vnTfUTTFC,,,0,[]
The Kid LAROI,2tIP7SsRs7vjIcLrU85W8J,,,0,[]
KAROL G,790FomKkXshlbRYZFtlgla,,,0,[]
Megan Thee Stallion,181bsRPaVXVlUKXrxwZfHK,,,0,[]
Pusha T,0ONHkAv9pCAFxb0zJwDNTy,,,0,[]
Panic! At The Disco,20JZFwl6HVl6yg8a4H3ZqK,,,0,[]
Jessi,64k5e9kV9MdukXjFrR5R37,,,0,[]
Kevin Kaarl,6OBGbSaBUvQtk9wpQfDbOE,,,0,[]
Leah Kate,6oWOHAOyBUn6aJlKIPJK9r,,,0,[]
The Goo Goo Dolls,2sil8z5kiy4r76CRTXxBCA,,,0,[]
anees,2HPqVfdPh9JkBSlFG5hK6h,,,0,[]
Luciano,3CJKkU0XuElRT1z8rEtIYg,,,0,[]
Sam Smith,2wY79sveU1sp5g7SokKOiI,,,0,[]
LE SSERAFIM,4SpbR6yFEvexJuaBpgAU5p,,,0,[]
A$AP Rocky,13ubrt8QOOCPljQ2FL1Kca,,,0,[]
Lady Gaga,1HY2Jd0NmPuamShAr6KMms,,,0,[]
TOMORROW X TOGETHER,0ghlgldX5Dd6720Q3qFyQB,,,0,[]
Stephen Sanchez,5XKFrudbV4IiuE5WuTPRmT,,,0,[]
Suki Waterhouse,5GGJosGMs08YEmKTZJe1fL,,,0,[]
My Chemical Romance,7FBcuc1gsnv6Y1nwFtNRCb,,,0,[]
Sam Ryder,1rvnJJghrxl1xakJZct08m,,,0,[]
Chanel,5DeX42pr2TilrnsUgjG8D1,,,0,[]
Subwoolfer,633Va8wlM3hrqQ4xjqRfOf,,,0,[]
S10,1zT9SWCzN45r7oVhy0VYLK,,,0,[]
Jovem Dionisio,4m5LghDfOKFZNEBZ0GO1OQ,,,0,[]
TINI,7vXDAI8JwjW531ouMGbfcp,,,0,[]
Victor Cibrian,1iXdpCz3AeLEAvzqeNodt8,,,0,[]
Paloma Faith,4fwuXg6XQHfdlOdmw36OHa,,,0,[]
Benzz,2GYIFLUsVVHPPUzOfJndRh,,,0,[]
One Direction,4AK6F7OLvEQ5QYCBNiQWHq,,,0,[]
Kate Bush,1aSxMhuvixZ8h9dK9jIDwL,,,0,[]
Tears For Fears,4bthk9UfsYUYdcFyqxmSUU,,,0,[]
Sidhu Moose Wala,4PULA4EFzYTrxYvOVlwpiQ,,,0,[]
Musical Youth,2CuzDPkRD6BJBvdWqCrt2I,,,0,[]
Childish Gambino,73sIBHcqh3Z3NyqHKZ7FOL,,,0,[]
Duki,1bAftSH8umNcGZ0uyV7LMg,,,0,[]
Joji,3MZsBdqDrRTJihTHQrO6Dq,,,0,[]
Halsey,26VFTg2z8YR0cCuwLzESi2,,,0,[]
Keisya Levronka,4EiSzlOeMnJcp2U8ayCQ3a,,,0,[]
Drake,3TVXtAsR1Inumwj472S9r4,,,0,[]
Luke Combs,718COspgdWOnwOFpJHRZHS,,,0,[]
Beyoncé,6vWDO969PvNqNYHIOW5v0m,,,0,[]
NAYEON,1VwDG9aBflQupaFNjUru9A,,,0,[]
Lasso,3SCOuAxngTC1yGjKMcIPEd,,,0,[]
j-hope,0b1sIQumIAsNbqAoIClSpy,,,0,[]
Metallica,2ye2Wgw4gimLv2eAKyk1NB,,,0,[]
Manuel Turizo,0tmwSHipWxN12fsoLcFU3B,,,0,[]
LF SYSTEM,0HxX6imltnNXJyQhu4nsiO,,,0,[]
Cigarettes After Sex,1QAJqy2dA3ihHBFIHRphZj,,,0,[]
Yung Gravy,2YOYua8FpudSEiB9s88IgQ,,,0,[]
Feid,2LRoIwlKmHjgvigdNGBHNo,,,0,[]
Brent Faiyaz,3tlXnStJ1fFhdScmQeLpuG,,,0,[]
Burna Boy,3wcj11K77LjEY1PkEazffa,,,0,[]
Kid Cudi,0fA0VVWsXO9YnASrzqfmYu,,,0,[]
aespa,6YVMFz59CuY7ngCxTxjpxE,,,0,[]
Pashanim,34LetYSjEuG2fBb4Z8PwPg,,,0,[]
Rema,46pWGuE3dSwY3bMMXGBvVS,,,0,[]
Rosa Linn,46xBNx0j6cwY6sD9LgMTm1,,,0,[]
Nessa Barrett,7pwufEBGfggjoI8twqlsmQ,,,0,[]
Seafret,4Ly0KABsxlx4fNj63zJTrF,,,0,[]
Luísa Sonza,4PzYKhC14sTJNEr0dzoo0d,,,0,[]
Central Cee,5H4yInM5zmHqpKIoMNAx4r,,,0,[]
Marília Mendonça,1yR65psqiazQpeM79CcGh8,,,0,[]
Ezhel,6LnJKrtFnTEGdbWQ2riWCL,,,0,[]
Rex Orange County,7pbDxGE6nQSZVfiFdq9lOL,,,0,[]
AJR,6s22t5Y3prQHyaHWUN1R1C,,,0,[]
Rels B,2IMZYfNi21MGqxopj9fWx8,,,0,[]
Sofia Carson,7bp2lSdh12wcA8LyB1srfJ,,,0,[]
Kordhell,2W6WP4pHQTFlbr2z9S4n54,,,0,[]
Olivia Newton-John,4BoRxUdrcgbbq1rxJvvhg9,,,0,[]
Luar La L,4axKuDPr6WKcDCyh8vueTY,,,0,[]
NewJeans,6HvZYsbFfjnjFrWF950C9d,,,0,[]
Nicki Minaj,0hCNtLu0JehylgoiP8L4Gh,,,0,[]
Mata,0MIG6gMcQTSvFbKvUwK0id,,,0,[]
Ghost,1Qp56T7n950O3EGMsSl81D,,,0,[]
Beach Weather,7I3bkknknQkIiatWiupQgD,,,0,[]
BLACKPINK,41MozSoPIsD1dJM0CLPjZF,,,0,[]
Nina Chuba,2kS9NyuATpYwjeB93h24H5,,,0,[]
Danna Paola,5xSx2FM8mQnrfgM1QsHniB,,,0,[]
Armani White,2qAwMsiIjTzlmfAkXKvhVA,,,0,[]
Louis Tomlinson,57WHJIHrjOE3iAxpihhMnp,,,0,[]
Anuel AA,2R21vXR83lH98kGeO99Y66,,,0,[]
The 1975,3mIj9lX2MWuHmhNCA7LSCW,,,0,[]
d4vd,5y8tKLUfMvliMe8IKamR32,,,0,[]
Fujii Kaze,6bDWAcdtVR3WHz2xtiIPUi,,,0,[]
Oxlade,3WTrdbZU99dgTtt3ZkyamT,,,0,[]
Keane,53A0W3U0s8diEn9RhXQhVz,,,0,[]
Zach Bryan,40ZNYROS4zLfyyBSs2PGe2,,,0,[]
Quevedo,52iwsT98xCoGgiGntTiR7K,,,0,[]
Dxrk ダーク,5TvFfw1MgSntdU9A7yncyA,,,0,[]
PnB Rock,21WS9wngs9AqFckK7yYJPM,,,0,[]
Montell Fish,5nvWOyAkfNgVLKESq4fOj2,,,0,[]
Maria Becerra,1DxLCyH42yaHKGK3cl5bvG,,,0,[]
Omar Apollo,5FxD8fkQZ6KcsSYupDVoSO,,,0,[]
Earth Wind & Fire,4QQgXkCYTt3BlENzhyNETg,,,0,[]
Grupo Frontera,6XkjpgcEsYab502Vr1bBeW,,,0,[]
Paramore,74XFHRwlV6OrjEM0A2NCMF,,,0,[]
Dean Lewis,3QSQFmccmX81fWCUSPTS7y,,,0,[]
southstar,1GVuCyb4PlArufUZDUnRQi,,,0,[]
Lil Yachty,6icQOAFXDZKsumw3YXyusw,,,0,[]
Kenshi Yonezu,1snhtMLeb2DYoMOcVbb8iB,,,0,[]
blink-182,6FBDaR13swtiWwGhX1WQsP,,,0,[]
Hotel Ugly,35WVTyRnKAoaGExqgktVyb,,,0,[]
Lil Uzi Vert,4O15NlyKLIASxsJ0PrXPfz,,,0,[]
Meghan Trainor,6JL8zeS1NmiOftqZTRgdTz,,,0,[]
Cults,3Oim8XBPbznAa8Jj8QzNc8,,,0,[]
Rihanna,5pKCCKE2ajJHZ9KAiaK11H,,,0,[]
Jin,5vV3bFXnN6D6N3Nj4xRvaV,,,0,[]
Disney Characters,6utdPEv71mR0DnGp74cJIz,,,0,[]
Ray Parker Jr.,0NyzfcGDZZ6GM25EBG9BYK,,,0,[]
AC/DC,711MCceyCBcFnzjGY4Q7Un,,,0,[]
Andrew Gold,5fmvGUlMVgmnCn45f1he7d,,,0,[]
Rockwell,3xs0LEzcPXtgNfMNcHzLIP,,,0,[]
Backstreet Boys,5rSXSAkZ67PYJSvpUpkOr7,,,0,[]
Ava Max,4npEfmQ6YuiwW1GpUmaq3F,,,0,[]
Rick James,0FrpdcVlJQqibaz5HfBUrL,,,0,[]
Screamin' Jay Hawkins,3VBpsrUi2vV7Uj87ONHu7Z,,,0,[]
Mariah Carey,4iHNK0tOyZPYnBU7nGAgpQ,,,0,[]
ThxSoMch,4MvZhE1iuzttcoyepkpfdF,,,0,[]
21 Savage,1URnnhqYAYcrqrcwql10ft,,,0,[]
Selena Gomez,0C8ZW7ezQVs4URX5aX7Kqx,,,0,[]
Mora,0Q8NcsJwoCbZOHHW63su5S,,,0,[]
Aerosmith,7Ey4PD4MYsKc5I2dolUwbH,,,0,[]
Isabel LaRosa,5arKwJZEvT5uKq4o0JfqR4,,,0,[]
Wham!,5lpH0xAS4fVfLkACg9DAuM,,,0,[]
Brenda Lee,4cPHsZM98sKzmV26wlwD2W,,,0,[]
Bobby Helms,38EmEgXkgK51MT2tPY0EoC,,,0,[]
Michael Bublé,1GxkXlMwML1oSg5eLPiAz3,,,0,[]
Freddie Dredd,0dlDsD7y6ccmDm8tuWCU6F,,,0,[]
Eladio Carrion,5XJDexmWFLWOkjOEjOVX3e,,,0,[]
Dean Martin,49e4v89VmlDcFCMyDv9wQ9,,,0,[]
Andy Williams,4sj6D0zlMOl25nprDJBiU9,,,0,[]
Kelly Clarkson,3BmGtnKgCSGYIUhmivXKWX,,,0,[]
King,5NHm4TU5Twz7owibYxJfFU,,,0,[]
José Feliciano,7K78lVZ8XzkjfRSI7570FF,,,0,[]
Shakin' Stevens,0wi4yTYlGtEnbGo4ltZTib,,,0,[]
Tory Lanez,2jku7tDXc6XoB6MO2hFuqg,,,0,[]
Burl Ives,0MHgLfmQdutffmvWe5XBTN,,,0,[]
The Ronettes,7CyeXFnOrfC1N6z4naIpgo,,,0,[]
Bellakath,4yjm4SvYqC5FFuLbB6TyHr,,,0,[]
Paul McCartney,4STHEaNw4mPZ2tzheohgXB,,,0,[]
Chris Rea,5KEG7G8LDYlHgFDqZyEEs2,,,0,[]
Band Aid,35S20clEkkSNUo23ViaslZ,,,0,[]
Nat King Cole,7v4imS0moSyGdXyLgVTIV7,,,0,[]
Darlene Love,391oLRVmoTkumiN79HkTWu,,,0,[]
Elvis Presley,43ZHCT0cAZBISjO8DG9PnE,,,0,[]
The Jackson 5,2iE18Oxc8YSumAU232n4rW,,,0,[]
John Williams,3dRfiJ2650SZu6GbydcHNb,,,0,[]
Frank Sinatra,1Mxqyy3pSjf8kZZL4QVxS0,,,0,[]
New West,69bG9tC62d8oTFC9aTTosn,,,0,[]
INTERWORLD,5hKGLu4Ik88FzWcTPhWNTN,,,0,[]
RM,2auC28zjQyVTsiZKNgPRGs,,,0,[]
Elton John,3PhoLpVuITZKcymswpck5b,,,0,[]
Chuck Berry,293zczrfYafIItmnmM3coR,,,0,[]
Bruce Springsteen,3eqjTLE0HfPfh78zjh6TqT,,,0,[]
The Beach Boys,3oDbviiivRWhXwIE8hxkVV,,,0,[]
PinkPantheress,78rUTD7y6Cy67W1RVzYs7t,,,0,[]
Eagles,0ECwFtbIWEVNwjlrfc6xoL,,,0,[]
Daryl Hall & John Oates,77tT1kLj6mCWtFNqiOmP9H,,,0,[]
Miguel,360IAlyVv4PCEVjgyMZrxK,,,0,[]
Gene Autry,5ixB75BQR3ADoWQkcHQJTs,,,0,[]
Bing Crosby,6ZjFtWeHP9XN7FeKSUe80S,,,0,[]
*NSYNC,6Ff53KvcvAj5U7Z1vojB5o,,,0,[]
Stevie Wonder,7guDJrEfX3qb6FEbdPA5qi,,,0,[]
La Mosca,60nua3AsVSfADZtg5Hdz3W,,,0,[]
Vegedream,4eYnorQRhVHT2KBl2UyHHd,,,0,[]
Jonas Brothers,7gOdHgIoIKoe4i9Tta6qdD,,,0,[]
Leona Lewis,5lKZWd6HiSCLfnDGrq9RAm,,,0,[]
Kylie Minogue,4RVnAU35WRWra6OZ3CbbMA,,,0,[]
Donny Hathaway,0HU0U9kdXEHZVxUNbuQe8S,,,0,[]
Pentatonix,26AHtbjWKiwYzsoGoUZq53,,,0,[]
Wizzard,7823Dim2TzjiQQ9wRQxyi9,,,0,[]
Ella Fitzgerald,5V0MlUE1Bft0mbLlND7FJz,,,0,[]
Tony Bennett,2lolQgalUvZDfp5vvVtTYV,,,0,[]
Katy Perry,6jJ0s89eD6GaHleKKya26X,,,0,[]
Slade,10n5lhNDoSMUHWLlnST1yw,,,0,[]
Melanie Thornton,2apYMRrg5FxN4go0pfsCvf,,,0,[]
Alessia Cara,2wUjUUtkb5lvLKcGKsKqsR,,,0,[]
Sarah Connor,7e52Ytzjj1q71DUj2cSlch,,,0,[]
Cliff Richard,2nvKpWcP8etYTq4JrRiUiy,,,0,[]
Bryan Adams,3Z02hBLubJxuFJfhacLSDc,,,0,[]
Otis Redding,60df5JBRRPcnSpsIMxxwQm,,,0,[]
Vince Guaraldi Trio,4ytkhMSAnrDP8XzRNlw9FS,,,0,[]
Judy Garland,0hItVPjwJLVZrFqOyIsxPf,,,0,[]
Perry Como,5v8jlSmAQfrkTjAlpUfWtu,,,0,[]
Boney M.,54R6Y0I7jGUCveDTtI21nb,,,0,[]
Céline Dion,4S9EykWXhStSc15wEx8QFK,,,0,[]
Mud,3cqIsBnzV3BabbPWKz8Txf,,,0,[]
Gayla Peevey,1suIIDedjFJRuu8k7b55hZ,,,0,[]
Carpenters,1eEfMU2AhEo7XnKgL7c304,,,0,[]
Jessie J,2gsggkzM5R49q6jpPvazou,,,0,[]
Liam Payne,5pUo3fmmHT8bhCyHE52hA6,,,0,[]
Jona Lewie,3nohf4qILMr5aUSOsolwxB,,,0,[]
Train,3FUY2gzHeIiaesXtOAdB7A,,,0,[]
Pretenders,0GByy3DcfbQwDvXGCWmzv9,,,0,[]
Luis Miguel,2nszmSgqreHSdJA3zWPyrW,,,0,[]
Kay Starr,7rpf45DdbpweG51Acze45i,,,0,[]
Johnny Mathis,21LGsW7bziR4Ledx7WZ1Wf,,,0,[]
Outkast,1G9G7WwrXka3Z1r7aIDjI7,,,0,[]
Gala,3OqTvcWgb0xaainosGVvuZ,,,0,[]
