song_name,artist_names,genres,parent_genres,album,release_date,spotify_track_id,album_label,ISRC,yearly_streams,artist_ids
rockstar,"Post Malone, 21 Savage",,,rockstar,2017-09-15,7wGoVu4Dady5GV0Sv4UIsx,Universal Music Group,USUM71710087,136693118,"246dkjvS1zLTtiykXe5h60, 1URnnhqYAYcrqrcwql10ft"
Havana (feat. Young Thug),"Camila Cabello, Young Thug","pop, rap, melodic rap, trap","Hip Hop, Pop",Havana (feat. Young Thug),2017-08-03,0ofbQMrRDsUaVKq2mGLEAb,Syco Music/Epic,USSM11706905,39356510,"4nDoRrQiYLoBzwC5BhVJzF, 50co4Is1HCEo8bhOyUWKpn"
New Rules,Dua Lipa,pop,Pop,Dua Lipa (Deluxe),2017-06-02,2ekn2ttSfGqwhhate0LSR0,Warner Records,GBAHT1600310,419157767,6M2wZ9GZgrQXHCFfjv46we
Wolves,"Selena Gomez, Marshmello","pop, edm","Electronic, Pop",Wolves,2017-10-25,7EmGUiUaOSGDnUUQUDrOXC,Universal Music Group,USUM71712103,282346911,"0C8ZW7ezQVs4URX5aX7Kqx, 64KEffDW9EtZ1y2vBYgq8T"
Shape of You,Ed Sheeran,soft pop,Pop,÷ (Deluxe),2017-03-03,7qiZfU4dY1lWllzX7mPBI3,Atlantic Records UK,GBAHS1600463,488523973,6eUKZXaKkcviH0Ku9w2n3V
River (feat. Ed Sheeran),"Eminem, Ed Sheeran","rap, hip hop, soft pop","Hip Hop, Pop",Revival,2017-12-15,5UEnHoDYpsxlfzWLZIc7LD,Universal Music Group,USUM71712944,288396868,"7dGJo4pcD2V6oG8kP0tJRR, 6eUKZXaKkcviH0Ku9w2n3V"
Échame La Culpa,"Luis Fonsi, Demi Lovato","latin, ",Latin,Échame La Culpa,2017-11-17,1zsG4eaZmkA1dvjDDsAGLK,Universal Music Group,USUM71712163,305344916,"4V8Sr092TqfHkfAA5fXXqG, 6S2OmqARrzebs0tKUEyXyp"
What Lovers Do (feat. SZA),"Maroon 5, SZA","pop, r&b","Pop, R&B",Red Pill Blues (Deluxe),2017-11-03,3hBBKuWJfxlIlnd9QFoC8k,Universal Music Group,USUM71709292,196876455,"04gDigrS5kc9YWfZHwBETP, 7tYKF4w9nC0nq9CsPZTHyP"
Gucci Gang,Lil Pump,,,Lil Pump,2017-10-06,43ZyHQITOjhciSUUNPVRHc,Warner Records,USWB11701486,116808280,3wyVrVrFCkukjdVIdirGVY
Him & I (with Halsey),"G-Eazy, Halsey",,,The Beautiful & Damned,2017-12-15,5k38wzpLb15YgncyWdTZE4,BPG/RVG/RCA Records,USRC11701867,216377050,"02kJSzxNuaWGqwubyUba0Z, 26VFTg2z8YR0cCuwLzESi2"
Perfect,Ed Sheeran,soft pop,Pop,÷ (Deluxe),2017-03-03,0tgVpDi06FyKpA1z0VMD4v,Atlantic Records UK,GBAHS1700024,454639958,6eUKZXaKkcviH0Ku9w2n3V
Despacito - Remix,"Luis Fonsi, Daddy Yankee, Justin Bieber","latin, reggaeton, ",Latin,Despacito Feat. Justin Bieber (Remix),2017-04-17,5CtI0qwDJkDQGwXD1H1cLb,Universal Music Group,USUM71703825,119066031,"4V8Sr092TqfHkfAA5fXXqG, 4VMYDCV2IEDYJArk749S6m, 1uNFoZAHBGtllmzznpCI3s"
Let You Down,NF,christian hip hop,Hip Hop,Perception,2017-10-06,6mrKP2jyIQmM0rw6fQryjr,Universal Music Group,USUM71708226,249075433,6fOMl44jA4Sp5b9PpYCkzz
Corazón (feat. Nego do Borel),"Maluma, Nego do Borel","reggaeton, latin, urbano latino, funk, funk pop, brazilian funk, brazilian pop","Hip Hop, Pop, R&B, Latin",Corazón (feat. Nego do Borel),2017-11-03,4lESS6vuruP6a79KWRaQou,Sony Music Latin,USSD11700459,189957087,"1r4hJ1h58CWwUQe3MxPuau, 1B0Rp4SWGnFgGCPU5Pju6E"
Silence,"Marshmello, Khalid","edm, ",Electronic,Silence,2017-08-11,7vGuf3Y35N4wmASOKLUVVU,Joytime Collective/RCA Records,USRC11701901,285872863,"64KEffDW9EtZ1y2vBYgq8T, 6LuN9FCkKOj5PcnpouEgny"
Criminal,"NATTI NATASHA, Ozuna","reggaeton, latin, urbano latino, bachata, trap latino",Latin,Criminal,2017-09-01,6Za3190Sbw39BBC77WSS1C,Pina Records,USB271700112,232069656,"1GDbiv3spRmZ1XdM1jQbT7, 1i8SpTcr7yvPOmcqrbnVXY"
Too Good At Goodbyes,Sam Smith,soft pop,Pop,The Thrill Of It All (Special Edition),2017-11-03,1mXVgsBdtIVeCLJnSnmtdV,PLG - Capitol,GBUM71704089,348854251,2wY79sveU1sp5g7SokKOiI
Young Dumb & Broke,Khalid,,,American Teen,2017-04-27,5Z3GHaZ6ec9bsiI5BenrbY,"Right Hand Music Group, LLC/RCA Records",USRC11700144,259948342,6LuN9FCkKOj5PcnpouEgny
Mi Gente,"J Balvin, Willy William","reggaeton, latin, ",Latin,Mi Gente,2017-06-30,2rb5MvYT7ZIxbKW5hfcHx8,Universal Music Group,FR22F1701790,123001799,"1vyhD5VmyZ7KMfW5gqLgo5, 4RSyJzf7ef6Iu2rnLdabNq"
I Fall Apart,Post Malone,,,Stoney (Deluxe),2016-12-09,75ZvA4QfFiZvzhj2xkaWAh,Universal Records,USUM71614475,421565226,246dkjvS1zLTtiykXe5h60
No Limit,"G-Eazy, A$AP Rocky, Cardi B","rap, ",Hip Hop,The Beautiful & Damned,2017-12-15,2DQ1ITjI0YoLFzuADN1ZBW,BPG/RVG/RCA Records,USRC11702117,134403586,"02kJSzxNuaWGqwubyUba0Z, 13ubrt8QOOCPljQ2FL1Kca, 4kYSro6naA4h99UJvo89HB"
Perfect Duet (Ed Sheeran & Beyoncé),"Ed Sheeran, Beyoncé","soft pop, ",Pop,Perfect Duet (Ed Sheeran & Beyoncé),2017-11-30,1bhUWB0zJMIKr9yVPrkEuI,Atlantic Records UK,GBAHS1701196,242451868,"6eUKZXaKkcviH0Ku9w2n3V, 6vWDO969PvNqNYHIOW5v0m"
Feel It Still,Portugal. The Man,,,Woodstock,2017-06-16,6QgjcU0zLnzq5OrUoSZ3OK,Atlantic Records,USAT21700437,259633350,4kI8Ie27vjvonwaB2ePh8T
Me Rehúso,Danny Ocean,reggaeton,Latin,Me Rehúso,2016-09-16,6De0lHrwBfPfrhorm9q1Xl,Atlantic Records,USWL11700128,139090396,5H1nN1SzW0qNeUEZvuXjAj
Sensualidad,"Bad Bunny, Prince Royce, J Balvin, Mambo Kingz, DJ Luian","reggaeton, trap latino, latin, urbano latino, bachata, bachata pop","Latin, Pop",Sensualidad,2017-11-03,5hcisvFMidkMJlElTO9Qmw,Hear This Music,QZ7B81700004,181654878,"4q3ewBCX7sLwd24euuV69X, 3MHaV05u0io8fQbZ2XPtlC, 1vyhD5VmyZ7KMfW5gqLgo5, 2T1aUibqR2QC2sINIDQOAK, 64aJYyrXljOodnUG6jvhRD"
"Let Me Go (with Alesso, Florida Georgia Line & watt)","Hailee Steinfeld, Alesso, Florida Georgia Line, WATT","edm, country, pop country, acoustic country, ","Country, Electronic","Let Me Go (with Alesso, Florida Georgia Line & watt)",2017-09-08,5AEtlRudpgdT5FtNiuly6Y,Universal Music Group,USUM71709685,207382310,"5p7f24Rk5HkUZsaS3BLG5F, 4AVFqumd2ogHFlRbKIjp1t, 3b8QkneNDz4JHKKKlLgYZg, 4olE3I5QU0dvSR7LIpqTXc"
Downtown,"Anitta, J Balvin","brazilian pop, funk pop, funk carioca, funk, pagode baiano, reggaeton, latin","Pop, R&B, Hip Hop, Latin",Downtown,2017-11-19,3Ga6eKrUFf12ouh9Yw3v2D,WM Brazil,BRWMB0700761,208652626,"7FNnA9vBm6EKceENgCGRMb, 1vyhD5VmyZ7KMfW5gqLgo5"
Thunder,Imagine Dragons,,,Evolve,2017-06-23,0tKcYR2II1VCQWT79i5NrW,Universal Music Group,USUM71704167,77549260,53XhwfbYqKCa1cC15pYq2q
Dusk Till Dawn (feat. Sia) - Radio Edit,"ZAYN, Sia",,,Dusk Till Dawn (feat. Sia) [Radio Edit],2017-09-07,1j4kHkkpqZRBwE0A4CN4Yv,RCA Records Label,USRC11702155,172297376,"5ZsFI1h6hIdQRw2ti0hz81, 5WUlDfRSoLAfcVSX1WnrxN"
XO Tour Llif3,Lil Uzi Vert,melodic rap,Hip Hop,Luv Is Rage 2,2017-08-25,7GX5flRQZVHRAGd6B4TmDO,Generation Now/Atlantic,USAT21703440,342606300,4O15NlyKLIASxsJ0PrXPfz
Mayores,"Becky G, Bad Bunny","reggaeton, latin, trap latino, urbano latino",Latin,Mayores,2017-07-14,7JNh1cfm0eXjqFVOzKLyau,Kemosabe Records/RCA Records/Sony Music Latin,USRC11701270,89836642,"4obzFoKoKRHIphyHzJ35G3, 4q3ewBCX7sLwd24euuV69X"
Se Preparó,Ozuna,"reggaeton, latin, trap latino, urbano latino",Latin,Odisea,2017-08-25,1m69ELEgE6k5ZWsap40ozt,VP Records Corp/Dimelo Vi,USXDR1700552,120206446,1i8SpTcr7yvPOmcqrbnVXY
Bartier Cardi (feat. 21 Savage),"Cardi B, 21 Savage",,,Bartier Cardi (feat. 21 Savage),2017-12-22,75FDPwaULRdYDn4StFN2rT,KSR/Atlantic,USAT21705413,109092799,"4kYSro6naA4h99UJvo89HB, 1URnnhqYAYcrqrcwql10ft"
1-800-273-8255,"Logic, Alessia Cara, Khalid",,,Everybody,2017-05-05,5tz69p7tJuGPeMGwNTxYuV,Def Jam Recordings,USUM71702778,158413753,"4xRYI6VqpkE3UwrDrAZL8L, 2wUjUUtkb5lvLKcGKsKqsR, 6LuN9FCkKOj5PcnpouEgny"
Unforgettable,"French Montana, Swae Lee",,,Jungle Rules,2017-07-14,3B54sVLJ402zGa6Xm4YGNe,Bad Boy Entertainment/Epic Records,USSM11703478,219586873,"6vXTefBL93Dj5IqAWq6OTv, 1zNqQNIdeOUZHb8zbZRFMX"
Meant to Be (feat. Florida Georgia Line),"Bebe Rexha, Florida Georgia Line","country, pop country, acoustic country",Country,All Your Fault: Pt. 2,2017-08-11,7iDa6hUg2VgEL1o1HjmfBn,Warner Records,USWB11701181,306382898,"64M6ah0SkkRsnPGtGiRAbb, 3b8QkneNDz4JHKKKlLgYZg"
How Long,Charlie Puth,"soft pop, pop",Pop,How Long,2017-10-05,32DGGj6KlNuBr6WaqRxpxi,Artist Partner,USAT21702278,122915863,6VuMaDnrHyPL1p4EHjYLi7
Vai malandra (feat. Tropkillaz & DJ Yuri Martins),"Anitta, ZAAC, Maejor, Tropkillaz, DJ Yuri Martins","brazilian pop, funk pop, funk carioca, funk, pagode baiano, brazilian funk","Hip Hop, Pop, R&B, Latin",Vai malandra (feat. Tropkillaz & DJ Yuri Martins),2017-12-18,6u0EAxf1OJTLS7CvInuNd7,WM Brazil,BRWMB1700650,53255362,"7FNnA9vBm6EKceENgCGRMb, 76Xa625geVw0Q7BdyxNjA2, 3XcCT5MPlQPWFTJyzXbfuX, 5bzWtCkjIAMgN93gLt56SO, 0xA8Rmfl9di0sVaPl9AyR9"
Congratulations,"Post Malone, Quavo",,,Stoney (Deluxe),2016-12-09,3a1lNhkSLSkpJE4MSHpDu9,Universal Records,USUM71614484,305686666,"246dkjvS1zLTtiykXe5h60, 0VRj0yCOv2FXJNP47XQnx5"
HUMBLE.,Kendrick Lamar,"hip hop, west coast hip hop",Hip Hop,DAMN.,2017-04-14,7KXjTSCq5nL1LoYtL7XAwS,Aftermath,USUM71703085,287312894,2YZyLoL8N0Wb9xBt1NhZWg
Man's Not Hot,Big Shaq,,,Man's Not Hot,2017-09-22,2nUJvBO87SkxCViQsLc9Zr,Universal Music Group,GBUM71705147,36448991,7mnAzEmgquhrVtGob81SmO
Stargazing,"Kygo, Justin Jesso","tropical house, ",Electronic,Stargazing - EP,2017-09-21,0Zbbxnx4SGGHoIow4PpISP,Kygo,SEBGA1700242,90724749,"23fqKkggKUBHNkbKtXEls4, 1QDrz3DMMaz3TB1cm0PGDu"
Candy Paint,Post Malone,,,Candy Paint,2017-10-20,42CeaId2XNlxugDvyqHfDf,Universal Music Group,USUM71711842,122261775,246dkjvS1zLTtiykXe5h60
Déjala Que Vuelva (feat. Manuel Turizo),"Piso 21, Manuel Turizo","reggaeton, colombian pop, pop urbano, latin","Pop, Latin",Déjala Que Vuelva (feat. Manuel Turizo),2017-10-20,33bnxcjePIkcmNjEFTJX0l,WM Mexico,MXF151700546,188231688,"4bw2Am3p9ji3mYsXNXtQcd, 0tmwSHipWxN12fsoLcFU3B"
Ric Flair Drip (with Metro Boomin),"Offset, Metro Boomin",,,Without Warning,2017-10-30,7sO5G9EABYOXQKNPNiE9NR,"Slaughter Gang, LLC/Epic/Quality Control Music/Motown/Capitol/Boominati Worldwide/Republic",QZ45A1700064,333395549,"4DdkRBBYG6Yk9Ka8tdJ9BW, 0iEtIxbK0KxaSlF7G42ZOp"
I Miss You (feat. Julia Michaels),"Clean Bandit, Julia Michaels",,,I Miss You (feat. Julia Michaels),2017-10-26,2xmrfQpmS2iJExTlklLoAL,Atlantic Records UK,GBAHS1701012,187181922,"6MDME20pz9RveH9rEXvrOM, 0ZED1XzwlLHW4ZaG4lOT6m"
Something Just Like This,"The Chainsmokers, Coldplay",,,Memories...Do Not Open,2017-04-07,6RUKPb4LETWmmr3iAEQktW,Disruptor Records/Columbia,USQX91700278,235621251,"69GGBxA162lTqCwzJG5jLp, 4gzpq5DPGxSnKTe4SA8HAU"
Bank Account,21 Savage,,,Issa Album,2017-09-23,2fQrGHiQOvpL9UgPvtYy6G,"Slaughter Gang, LLC/Epic Records",USSM11705546,148542196,1URnnhqYAYcrqrcwql10ft
Closer,"The Chainsmokers, Halsey",,,Closer,2016-07-29,7BKLCZ1jbUBVqRi2FVlTVw,Disruptor Records/Columbia,USQX91601347,248456853,"69GGBxA162lTqCwzJG5jLp, 26VFTg2z8YR0cCuwLzESi2"
One Dance,"Drake, Wizkid, Kyla","rap, hip hop, afrobeats, afrobeat, afropop, azonto, afroswing, afropiano, dancehall, ","Traditional music, R&B, Pop, Hip Hop",Views,2016-05-06,1xznGGDReH1oQq0xzbwXa3,Universal Music Group,USCM51600028,127011930,"3TVXtAsR1Inumwj472S9r4, 3tVQdUvClmAT7URs9V3rsp, 6TK7fjRPdy2GW2pJzNF23L"
Havana - Remix,"Camila Cabello, Daddy Yankee","pop, reggaeton, latin","Latin, Pop",Havana (Remix),2017-11-12,3whrwq4DtvucphBPUogRuJ,Syco Music/Epic,USSM11709272,53147240,"4nDoRrQiYLoBzwC5BhVJzF, 4VMYDCV2IEDYJArk749S6m"
Felices los 4,Maluma,"reggaeton, latin, urbano latino",Latin,Felices los 4,2017-04-21,0qYTZCo5Bwh1nsUFGZP3zn,Sony Music Latin,USSD11700134,54582758,1r4hJ1h58CWwUQe3MxPuau
Attention,Charlie Puth,"soft pop, pop",Pop,Attention,2017-04-20,4iLqG9SeJSnt0cSPICSjxv,Artist Partner,USAT21700928,110033644,6VuMaDnrHyPL1p4EHjYLi7
Perro Fiel (feat. Nicky Jam),"Shakira, Nicky Jam","latin pop, latin, reggaeton","Latin, Pop",El Dorado,2017-05-26,70lnL3QaSOIIyMa2X9aVRL,Sony Music Latin,USSD11700143,55184288,"0EmeFodog0BfCgMzAIvKQp, 1SupJlEpv7RS2tPNRaHViT"
Bodak Yellow,Cardi B,,,Bodak Yellow,2017-06-16,2771LMNxwf62FTAdpJMQfM,KSR/Atlantic,USAT21701762,75709062,4kYSro6naA4h99UJvo89HB
Despacito (Featuring Daddy Yankee),"Luis Fonsi, Daddy Yankee","latin, reggaeton",Latin,Despacito (Featuring Daddy Yankee),2017-01-13,4aWmUDTfIPGksMNLV2rQP2,Universal Music Group,USUM71607007,49133010,"4V8Sr092TqfHkfAA5fXXqG, 4VMYDCV2IEDYJArk749S6m"
Que Va,"Alex Sensation, Ozuna","reggaeton, latin, trap latino, urbano latino",Latin,Que Va,2017-08-04,7ofxPmTNMj2GP07g1VZa0O,Universal Music Group,USUM71703862,74420897,"0OROVBEZCocg0FcgJpyBse, 1i8SpTcr7yvPOmcqrbnVXY"
More Than You Know,Axwell /\ Ingrosso,,,More Than You Know,2017-07-28,71bBFbfn2OBK5QwUJSLS44,Universal Music Group,GBUM71701735,140869050,2XnBwblw31dfGnspMIwgWz
Never Be the Same,Camila Cabello,pop,Pop,Never Be the Same,2017-12-17,6VpQdig9pdpTSIFItgkJV5,Syco Music/Epic,USSM11710323,14926065,4nDoRrQiYLoBzwC5BhVJzF
MotorSport,"Migos, Nicki Minaj, Cardi B","trap, ",Hip Hop,MotorSport,2017-10-27,1YZfcVLbbJwfizR5cDOp3q,"Quality Control Music, LLC",USUM71712002,26018326,"6oMuImdp5ZcFhWP0ESe6mG, 0hCNtLu0JehylgoiP8L4Gh, 4kYSro6naA4h99UJvo89HB"
Báilame - Remix,"Nacho, Yandel, Bad Bunny, Mambo Kingz, DJ Luian","reggaeton, latin, urbano latino, trap latino",Latin,Báilame (Remix),2017-07-31,3VClLWqNn80Llv0PJOsKgr,Universal Music Group,USUM71708122,84522940,"2ayNSoKPCRAfjp6hQ76hRu, 0eHQ9o50hj6ZDNBt6Ys1sD, 4q3ewBCX7sLwd24euuV69X, 2T1aUibqR2QC2sINIDQOAK, 64aJYyrXljOodnUG6jvhRD"
Sorry Not Sorry,Demi Lovato,,,Tell Me You Love Me (Deluxe),2017-09-29,3m660poUr1chesgkkjQM7P,Universal Music Group,USUM71707196,137804799,6S2OmqARrzebs0tKUEyXyp
There's Nothing Holdin' Me Back,Shawn Mendes,pop,Pop,Illuminate (Deluxe),2017-04-20,79cuOz3SPQTuFrp8WgftAu,Universal Music Group,USUM71702833,107383382,7n2wHs1TKAczGzO7Dd2rGr
So Far Away (feat. Jamie Scott & Romy Dya),"Martin Garrix, David Guetta, Jamie Scott, Romy Dya","edm, electronica, progressive house, dance, ",Electronic,So Far Away (feat. Jamie Scott & Romy Dya),2017-12-01,0OlnLZY4cmQzT6ZGttvWBM,Epic Amsterdam,NLM5S1600075,109215375,"60d24wfXkVzDSfLS6hyCjZ, 1Cs0zKBU1kc0i8ypK3B9ai, 29QbBR0oTzA7A0kiOzrbbr, 5gWzmnHTLNXz5CjOc0wAuK"
Billie Jean,Michael Jackson,,,Thriller 25 Super Deluxe Edition,2008-02-08,5ChkMS8OtdzJeqyybCc9R5,Epic/Legacy,USSM19902991,4976342,3fMbdgg4jU18AjLCKBhRSm
Believer,Imagine Dragons,,,Evolve,2017-06-23,0CcQNd8CINkwQfe1RDtGV6,Universal Music Group,USUM71700626,51423081,53XhwfbYqKCa1cC15pYq2q
Bum Bum Tam Tam,"MC Fioti, Future, J Balvin, Stefflon Don, Juan Magán","funk, brazilian funk, rap, reggaeton, latin, dancehall","Hip Hop, Traditional music, R&B, Latin",Bum Bum Tam Tam,2017-12-15,4zWO4gvuFtw6EJZC5FFGlr,Universal Music Group,GBUM71706300,121647204,"2W6kbe0nm96COrHzNmfLLd, 1RyvyyTE3xzB2ZywiAwp0i, 1vyhD5VmyZ7KMfW5gqLgo5, 2ExGrw6XpbtUAJHTLtUXUD, 1ackd5XprZEkH3McKbQD51"
Escápate Conmigo (feat. Ozuna),"Wisin, Ozuna","reggaeton, latin, trap latino, urbano latino",Latin,Victory,2017-12-01,1KSqYYJFyfTecXFk9M0prc,Sony Music Latin,USSD11700076,60314832,"3E6xrwgnVfYCrCs0ePERDz, 1i8SpTcr7yvPOmcqrbnVXY"
Plain Jane,A$AP Ferg,rap,Hip Hop,Still Striving,2017-08-18,4dVpf9jZjcORqGTLUaeYj9,RCA Records Label,USRC11701803,102271740,5dHt1vcEm9qb8fCyLcB3HL
Robarte un Beso,"Carlos Vives, Sebastian Yatra","colombian pop, vallenato, latin, latin pop, reggaeton","Pop, Latin",VIVES,2017-11-10,0JcNysfWVWaMS7R6vzGB2k,Sony Music Latin,USSD11700301,64788294,"4vhNDa5ycK0ST968ek7kRr, 07YUOmWljBTXwIseAUd9TW"
Symphony (feat. Zara Larsson),"Clean Bandit, Zara Larsson",,,Symphony (feat. Zara Larsson),2017-03-16,1x5sYLZiu9r5E43kMlt9f8,Atlantic Records UK,GBAHS1700199,88490330,"6MDME20pz9RveH9rEXvrOM, 1Xylc3o4UrD53lo9CvFvVg"
Anywhere,Rita Ora,,,Anywhere,2017-10-20,7EI6Iki24tBHAMxtb4xQN2,Atlantic Records UK,GBAHS1701111,137298583,5CCwRZC6euC8Odo6y9X8jr
PICK IT UP (feat. A$AP Rocky),"Famous Dex, A$AP Rocky",rap,Hip Hop,Pick It Up (feat. A$AP Rocky),2017-10-20,3ncgNpxLoBQ65ABk4djDyd,300 Entertainment,QMCE31701367,88764826,"0WOxhx4hikIsyF3CRPLC8W, 13ubrt8QOOCPljQ2FL1Kca"
Suena El Dembow,"Joey Montana, Sebastian Yatra","reggaeton, colombian pop, latin","Pop, Latin",Suena El Dembow,2017-09-01,5TysCiZtv1HnSWcTcUFusI,Universal Music Group,USUM71708007,73216699,"3ATyg4fGC9F8trfb0GRWmX, 07YUOmWljBTXwIseAUd9TW"
Codeine Dreaming (feat. Lil Wayne),"Kodak Black, Lil Wayne","rap, hip hop",Hip Hop,Project Baby 2: All Grown Up (Deluxe Edition),2017-11-24,4DTpngLjoHj5gFxEZFeD3J,Atlantic Records,USAT21705082,72470927,"46SHBwWsqBkxI7EeeBEQG7, 55Aa2cqylxrFIXC767Z865"
Lonely Together (feat. Rita Ora),"Avicii, Rita Ora","edm, ",Electronic,AVĪCI (01),2017-08-09,2OALaHcDdKkjYEpAr0Qzab,Universal Music AB,SE5R71700108,118010597,"1vCWHaC5f2uS3yhpwWbIA6, 5CCwRZC6euC8Odo6y9X8jr"
I Like Me Better,Lauv,,,I Like Me Better,2017-05-19,1wjzFQodRWrPcQ0AnYnvQ9,Lauv,GBWWP1702907,122299724,5JZ7CnR6gTvEMKX4g70Amv
"I'm the One (feat. Justin Bieber, Quavo, Chance the Rapper & Lil Wayne)","DJ Khaled, Justin Bieber, Quavo, Chance the Rapper, Lil Wayne","rap, hip hop",Hip Hop,Grateful,2017-06-22,3DXncPQOG4VBw3QHh3S817,Epic/We The Best,USSM11703300,66593805,"0QHgL1lAIqAw0HtD7YldmP, 1uNFoZAHBGtllmzznpCI3s, 0VRj0yCOv2FXJNP47XQnx5, 1anyVhU62p31KFi8MEzkbf, 55Aa2cqylxrFIXC767Z865"
Mi Gente (feat. Beyoncé),"J Balvin, Willy William, Beyoncé","reggaeton, latin, ",Latin,Mi Gente (feat. Beyoncé),2017-09-28,7fwXWKdDNI5IutOMc5OKYw,Universal Music Group,FR22F1702140,6657183,"1vyhD5VmyZ7KMfW5gqLgo5, 4RSyJzf7ef6Iu2rnLdabNq, 6vWDO969PvNqNYHIOW5v0m"
All Falls Down (feat. Juliander),"Alan Walker, Noah Cyrus, Digital Farm Animals, Juliander",,,All Falls Down (feat. Juliander),2017-10-27,5yFSF6qQA1rcLsQRnBsZgb,Kreatell Music,NOG841715010,101101453,"7vk5e3vY1uw9plTHJAMwjN, 55fhWPvDiMpLnE4ZzNXZyW, 5fyDppLDl1juIu1BcUT5zh, 4gvkdged3Xw3ImXFm3jiay"
Wild Thoughts (feat. Rihanna & Bryson Tiller),"DJ Khaled, Rihanna, Bryson Tiller",r&b,R&B,Grateful,2017-06-22,1OAh8uOEOvTDqkKFsKksCi,Epic/We The Best,USSM11705088,52557016,"0QHgL1lAIqAw0HtD7YldmP, 5pKCCKE2ajJHZ9KAiaK11H, 2EMAnMvWE2eb56ToJVfCWs"
goosebumps,Travis Scott,rap,Hip Hop,Birds In The Trap Sing McKnight,2016-09-16,6gBFPUFcJLzWGx4lenP6h2,Cactus Jack / Epic,USSM11607555,222394741,0Y5tJX1MQlPlqiwlOH1tJY
Bad At Love,Halsey,,,hopeless fountain kingdom (Deluxe),2017-06-02,7y9iMe8SOB6z3NoHE2OfXl,Astralwerks (ASW),USUM71702220,31879029,26VFTg2z8YR0cCuwLzESi2
Strip That Down,"Liam Payne, Quavo",,,Strip That Down,2017-05-18,6EpRaXYhGOB3fj4V2uDkMJ,Universal Music Group,GBUM71701628,70350787,"5pUo3fmmHT8bhCyHE52hA6, 0VRj0yCOv2FXJNP47XQnx5"
"Feels (feat. Pharrell Williams, Katy Perry & Big Sean)","Calvin Harris, Pharrell Williams, Katy Perry, Big Sean, Funk Wav","edm, pop, ","Electronic, Pop",Funk Wav Bounces Vol.1,2017-06-30,5bcTCxgc7xVfSaMV3RuVke,Columbia,GBARL1700772,43498678,"7CajNmpbOovFoOoasH2HaY, 2RdwBSPQiwcmiDo9kixcl8, 6jJ0s89eD6GaHleKKya26X, 0c173mlxpT3dSFRgMO8XPh, 4A0TivfinfALCAMJqqjZIk"
That's What I Like,Bruno Mars,,,24K Magic,2016-11-17,0KKkJNfGyhkQ5aFogxQAPU,Atlantic Records,USAT21602948,116832455,0du5cEVh5yTK9QJze8zA0C
Bonita,"J Balvin, Jowell & Randy","reggaeton, latin, urbano latino",Latin,Bonita,2017-06-02,693iqPOQvhI7PobtR8CC8v,Universal Music Group,USLZJ1770735,30805979,"1vyhD5VmyZ7KMfW5gqLgo5, 4IMAo2UQchVFyPH24PAjUs"
Can't Hold Us (feat. Ray Dalton),"Macklemore, Ryan Lewis, Macklemore & Ryan Lewis, Ray Dalton",,,The Heist,2012-10-09,3bidbhpOYeV4knp8AIu8Xn,Macklemore,GMM881200021,3132472,"3JhNCzhSMTxs9WLGJJxWOY, 4myTppRgh0rojLxx8RycOp, 6WLvgbfYXQPO396oJEYCsi, 4e0nWw2r4BoQSKPQ2zpU13"
Tip Toe (feat. French Montana),"Jason Derulo, French Montana",,,Tip Toe (feat. French Montana),2017-11-10,2z4pcBLQXF2BXKFvd0BuB6,Beluga Heights/Warner Records,USWB11702102,117648205,"07YZf4WDAMNwqr4jfgOZ8y, 6vXTefBL93Dj5IqAWq6OTv"
Jocelyn Flores,XXXTENTACION,emo rap,Hip Hop,17,2017-08-25,7m9OqQk4RVRkw9JJdeAw96,Bad Vibes Forever / EMPIRE,USUYG1156892,454144523,15UsOTVnJzReFVN1VCnxy4
BUTTERFLY EFFECT,Travis Scott,rap,Hip Hop,BUTTERFLY EFFECT,2017-05-18,1yxgsra98r3qAtxqiGZPiX,Epic/Grand Hustle,USSM11704799,96068106,0Y5tJX1MQlPlqiwlOH1tJY
LOVE. FEAT. ZACARI.,"Kendrick Lamar, Zacari","hip hop, west coast hip hop, ",Hip Hop,DAMN.,2017-04-14,6PGoSes0D9eUDeeAafB2As,Aftermath,USUM71703088,105214978,"2YZyLoL8N0Wb9xBt1NhZWg, 3qBKjEOanahMxlRojwCzhI"
"Home (with Machine Gun Kelly, X Ambassadors & Bebe Rexha)","mgk, X Ambassadors, Bebe Rexha",,,"Home (with Machine Gun Kelly, X Ambassadors & Bebe Rexha) [From Bright: The Album]",2017-11-18,0OI7AFifLSoGzpb8bdBLLV,Atlantic Records,USAT21704829,41951231,"6TIYQ3jFPwQSRmorSezPxX, 3NPpFNZtSTHheNBaWC82rB, 64M6ah0SkkRsnPGtGiRAbb"
Friends (with BloodPop®),"Justin Bieber, BloodPop®",,,Friends (with BloodPop®),2017-08-17,7nZmah2llfvLDiUjm0kiyz,Universal Music Group,USUM71709101,53199960,"1uNFoZAHBGtllmzznpCI3s, 1okJ4NC308qbtY9LyHn6DO"
Hey Ya!,Outkast,"southern hip hop, hip hop",Hip Hop,Speakerboxxx/The Love Below,2003-00-00,2PpruBYCo4H7WOBJ7Q2EwM,Arista,USAR10300924,2185051,1G9G7WwrXka3Z1r7aIDjI7
Cheap Thrills,Sia,,,This Is Acting,2016-01-29,27SdWb2rFzO6GWiYDBTD9j,Monkey Puzzle Records/RCA Records,USRC11502935,2147183,5WUlDfRSoLAfcVSX1WnrxN
Galway Girl,Ed Sheeran,soft pop,Pop,÷ (Deluxe),2017-03-03,0afhq8XCExXpqazXczTSve,Atlantic Records UK,GBAHS1700026,67842041,6eUKZXaKkcviH0Ku9w2n3V
Sky Walker (feat. Travis Scott),"Miguel, Travis Scott","r&b, rap","R&B, Hip Hop",War & Leisure,2017-12-01,5WoaF1B5XIEnWfmb5NZikf,ByStorm Entertainment/RCA Records,USRC11701703,85047718,"360IAlyVv4PCEVjgyMZrxK, 0Y5tJX1MQlPlqiwlOH1tJY"
Swalla (feat. Nicki Minaj & Ty Dolla $ign),"Jason Derulo, Nicki Minaj, Ty Dolla $ign",,,Swalla (feat. Nicki Minaj & Ty Dolla $ign),2017-02-23,6kex4EBAj0WHXDKZMEJaaF,Beluga Heights/Warner Records,USWB11700237,40882162,"07YZf4WDAMNwqr4jfgOZ8y, 0hCNtLu0JehylgoiP8L4Gh, 7c0XG5cIJTrrAgEC3ULPiq"
Betrayed,Lil Xan,cloud rap,Hip Hop,Betrayed,2017-10-19,6NWl2m8asvH83xjuXVNsuG,Columbia,USSM11708983,90280781,3EXdLajEO02ziZ90P90bSW
Stay,"Zedd, Alessia Cara","edm, ",Electronic,Stay +,2017-12-29,0I20rLT2MJDhcF96AjbNYo,UMGRI Interscope,USUM71700736,42703266,"2qxJFvFYMEDqd7ui6kSAcq, 2wUjUUtkb5lvLKcGKsKqsR"
I Get the Bag (feat. Migos),"Gucci Mane, Migos","southern hip hop, rap, trap",Hip Hop,Mr. Davis,2017-10-13,1XRgIKC5TPwo7nWGyKqgG0,Guwop Enterprises/Atlantic,USAT21703179,59427304,"13y7CgLHjMVRMDqxdx0Xdo, 6oMuImdp5ZcFhWP0ESe6mG"
Slide (feat. Frank Ocean & Migos),"Calvin Harris, Frank Ocean, Migos, Funk Wav","edm, trap, ","Electronic, Hip Hop",Funk Wav Bounces Vol.1,2017-06-30,7tr2za8SQg2CI8EDgrdtNl,Columbia,GBARL1700262,1174113,"7CajNmpbOovFoOoasH2HaY, 2h93pZq0e7k5yf4dywlkpM, 6oMuImdp5ZcFhWP0ESe6mG, 4A0TivfinfALCAMJqqjZIk"
Location,Khalid,,,American Teen,2017-04-27,152lZdxL1OR0ZMW6KquMif,"Right Hand Music Group, LLC/RCA Records",TCACO1662934,152012834,6LuN9FCkKOj5PcnpouEgny
Don't Let Me Down,"The Chainsmokers, Daya",,,The Chainsmokers- Japan Special Edition,2016-08-10,0QsvXIfqM0zZoerQfsI9lm,Disruptor Records/Columbia,USQX91600011,2204901,"69GGBxA162lTqCwzJG5jLp, 6Dd3NScHWwnW6obMFbl1BH"
It Ain't Me (with Selena Gomez),"Kygo, Selena Gomez","tropical house, pop","Pop, Electronic",It Ain't Me (with Selena Gomez),2017-02-16,3eR23VReFzcdmS7TYCrhCe,Kygo,SEBGA1700015,42097435,"23fqKkggKUBHNkbKtXEls4, 0C8ZW7ezQVs4URX5aX7Kqx"
Tell Me You Love Me,Demi Lovato,,,Tell Me You Love Me,2017-09-29,5Htb1uFQ1KrkFXlefS8oGj,Universal Music Group,USUM71709091,59417410,6S2OmqARrzebs0tKUEyXyp
Mask Off,Future,rap,Hip Hop,FUTURE,2017-06-30,0VgkVdmE4gld66l8iyGjgx,Epic/Freebandz/A1,USSM11701444,50744184,1RyvyyTE3xzB2ZywiAwp0i
Pumped Up Kicks,Foster The People,,,Torches,2011-05-23,7w87IxuO7BDcJ3YUqCyMTT,Columbia,USSM11002931,683869,7gP3bB2nilZXLfPHJhMdvc
Bella y Sensual,"Romeo Santos, Daddy Yankee, Nicky Jam","bachata, bachata pop, latin, reggaeton","Latin, Pop",Golden,2017-07-21,0ERbK7qVqveCaBWIiYCrl3,Sony Music Latin,USSD11700316,49482313,"5lwmRuXgjX8xIwlnauTZIP, 4VMYDCV2IEDYJArk749S6m, 1SupJlEpv7RS2tPNRaHViT"
MIC Drop (feat. Desiigner) [Steve Aoki Remix],"BTS, Desiigner, Steve Aoki","k-pop, electro house, edm","Electronic, Pop",MIC Drop (feat. Desiigner) [Steve Aoki Remix],2017-11-24,7Ed6BkggCS2KaKY5YlINaF,BIGHIT MUSIC / HYBE,QM7281796627,17434891,"3Nrfpe0tUJi4K4DXYWgMUX, 7pFeBzX627ff0VnN6bxPR4, 77AiFEVeAVj2ORpC85QVJs"
SUTRA,"Sebastian Yatra, Dalmata","colombian pop, reggaeton, latin","Pop, Latin",SUTRA,2017-10-13,5TmZYdHW6HJ9gt7Aokuql5,Universal Music Group,USUM71709898,71912429,"07YUOmWljBTXwIseAUd9TW, 3jGlU8UMMo44I2xeLQ6FD3"
Say You Won't Let Go,James Arthur,soft pop,Pop,Back from the Edge,2016-10-28,5uCax9HTNlzGybIStD3vDh,Columbia,DEE861600586,270245085,4IWBUUAFIplrNtaOHcJPRM
Vuelve,"Daddy Yankee, Bad Bunny","reggaeton, latin, trap latino, urbano latino",Latin,Vuelve,2017-09-29,0lJCqIx5BhZtf6QtYI2fbv,Universal Music Group,US2BU1700915,54650449,"4VMYDCV2IEDYJArk749S6m, 4q3ewBCX7sLwd24euuV69X"
Ain't No Mountain High Enough,"Marvin Gaye, Tammi Terrell","motown, soul, northern soul, quiet storm",R&B,United,1967-08-29,2H3ZUSE54pST4ubRd5FzFR,Universal Music Group,USMO16700534,671343,"3koiLjNrgRTNbOwViDipeA, 75jNCko3SnEMI5gwGqrbb8"
Glorious (feat. Skylar Grey),"Macklemore, Skylar Grey",,,GEMINI,2017-09-22,0CokSRCu5hZgPxcZBaEzVE,Bendo LLC,QZ8TY1700001,44326230,"3JhNCzhSMTxs9WLGJJxWOY, 4utLUGcTvOJFr6aqIJtYWV"
Bella,Wolfine,reggaeton,Latin,Bella,2017-12-29,4R55IUi2x7S5ek2SpebOiE,WM Mexico,MXF151700775,96704925,2OnKRchqP7tT0FzTvWIFI7
Mama,"Jonas Blue, William Singe","tropical house, ",Electronic,Jonas Blue: Electronic Nature - The Mix 2017,2017-07-14,0NiXXAI876aGImAd6rTj8w,UMOD (Universal Music On Demand),GBUM71701777,48066868,"1HBjj22wzbscIZ9sEb5dyf, 5exS0bytCYdixgv02DaCm3"
Una Lady Como Tú,Manuel Turizo,"reggaeton, latin, colombian pop","Pop, Latin",Una Lady Como Tú,2017-04-10,7MHN1aCFtLXjownGhvEQlF,Sony Music Latin/La Industria,USSD11700117,35738640,0tmwSHipWxN12fsoLcFU3B
Look What You Made Me Do,Taylor Swift,,,reputation,2017-11-10,5troof8mcGO3AafoDbk1gc,"Big Machine Records, LLC",USCJY1750000,26238022,06HL4z0CvFAxyc27GXpf02
Olha a Explosão,MC Kevinho,"funk, brazilian funk, funk pop","Hip Hop, R&B, Pop",Olha a Explosão,2016-12-15,6m2LNopVJKsvBB9l7Z1rwn,GR6 Music,QZ5AB1646416,7262066,1mXAhKnZEdF6rotyyd4GBi
End Game,"Taylor Swift, Ed Sheeran, Future","soft pop, rap","Hip Hop, Pop",reputation,2017-11-10,2x0WlnmfG39ZuDmstl9xfX,"Big Machine Records, LLC",USCJY1750004,50482633,"06HL4z0CvFAxyc27GXpf02, 6eUKZXaKkcviH0Ku9w2n3V, 1RyvyyTE3xzB2ZywiAwp0i"
I Want You Back,The Jackson 5,"motown, christmas","Jazz, R&B",Diana Ross Presents The Jackson 5,1969-12-18,3b0EOvScbZUc0qJx0E1L2z,Universal Music Group,USMO19400306,621768,2iE18Oxc8YSumAU232n4rW
Starboy,"The Weeknd, Daft Punk","french house, electronic, electro","Hip Hop, Electronic",Starboy,2016-11-25,5aAx2yezTd8zXrkmtKl66Z,Universal Music Group,USUG11600976,66727416,"1Xyo4u8uXC1ZmMpatF05PJ, 4tZwfgrHOc3mvqYlEYSvVi"
Don't Stop Me Now - Remastered 2011,Queen,"classic rock, rock, glam rock",Rock,Jazz (2011 Remaster),1978-11-10,5T8EDUDqKcs6OSOwEsfqG7,EMI,GBUM71029610,70316069,1dfeR4HaWDbWqFHLkxsg1d
Real Friends,Camila Cabello,pop,Pop,Real Friends,2017-12-06,4V6MRo0CEAC9MwAm7dkPuL,Syco Music/Epic,USSM11706923,9059565,4nDoRrQiYLoBzwC5BhVJzF
Go Flex,Post Malone,,,Stoney (Deluxe),2016-12-09,5yuShbu70mtHXY0yLzCQLQ,Universal Records,USUM71603455,73024707,246dkjvS1zLTtiykXe5h60
Stayin' Alive - From  Saturday Night Fever  Soundtrack,Bee Gees,disco,R&B,Greatest,1979-01-01,6pyzBTIjcO2AMkKE6x2Otb,Universal Music Group,NLF057790034,587405,1LZEQNv7sE11VDY3SdxQeN
Slippery (feat. Gucci Mane),"Migos, Gucci Mane","trap, southern hip hop, rap",Hip Hop,Culture,2017-04-07,6p8NuHm8uCGnn2Dtbtf7zE,Quality Control Music,QMCE31600876,25463980,"6oMuImdp5ZcFhWP0ESe6mG, 13y7CgLHjMVRMDqxdx0Xdo"
Ahora Dice,"Chris Jedi, J Balvin, Ozuna, Arcángel","trap latino, reggaeton, urbano latino, latin",Latin,Ahora Dice,2017-03-17,22eADXu8DfOAUEDw4vU8qy,Universal Music Group,USUM71606219,16611220,"0qTZZWLzuD59Un5r1speHm, 1vyhD5VmyZ7KMfW5gqLgo5, 1i8SpTcr7yvPOmcqrbnVXY, 4SsVbpTthjScTS7U2hmr1X"
September,Earth Wind & Fire,disco,R&B,"Now, Then & Forever",2013-09-10,1mqlc0vEP9mU1kZgTi6LIQ,Legacy Recordings,USSM17800419,10191773,4QQgXkCYTt3BlENzhyNETg
Pretty Girl - Cheat Codes X CADE Remix,"Maggie Lindemann, Cheat Codes, CADE",,,Pretty Girl (Cheat Codes X CADE Remix),2017-03-02,1NDxZ7cFAo481dtYWdrUnR,300 Entertainment,QMCE31701175,24915323,"0uGk2czvcpWQA383Im6ajf, 7DMveApC7UnC2NPfPvlHSU, 0CEK8AzyeD5ZUdUloB6yQV"
3 A.M.,"Jesse & Joy, Gente De Zona","latin pop, latin, latin dance","Latin, Pop",3 A.M.,2017-08-18,0yyZN5ASdrYu0XYWFzfxUu,WM Mexico,MXF151700465,14606619,"1mX1TWKpNxDSAH16LgDfiR, 2cy1zPcrFcXAJTP0APWewL"
Passionfruit,Drake,"rap, hip hop",Hip Hop,More Life,2017-03-18,7hDc8b7IXETo14hHIHdnhd,Universal Music Group,USCM51700072,26428319,3TVXtAsR1Inumwj472S9r4
Wanted You (feat. Lil Uzi Vert),"NAV, Lil Uzi Vert",melodic rap,Hip Hop,Wanted You (feat. Lil Uzi Vert),2017-11-03,790MhTXPFrYkrqCKvpg4t1,XO Records,USUG11702054,38334377,"7rkW85dBwwrJtlHRDkJDAC, 4O15NlyKLIASxsJ0PrXPfz"
Roll in Peace (feat. XXXTENTACION),"Kodak Black, XXXTENTACION",emo rap,Hip Hop,Project Baby 2: All Grown Up,2017-08-18,40oKW22ZNNkEdZLJTScaQI,Atlantic Records,USAT21703137,70662078,"46SHBwWsqBkxI7EeeBEQG7, 15UsOTVnJzReFVN1VCnxy4"
Photograph,Ed Sheeran,soft pop,Pop,x (Wembley Edition),2013-00-00,6fxVffaTuwjgEk5h9QyRjy,Atlantic Records UK,GBAHS1400094,173462775,6eUKZXaKkcviH0Ku9w2n3V
Whatever It Takes,Imagine Dragons,,,Evolve,2017-06-23,4IWAyPf1KMq7JCyGeCjTeH,Universal Music Group,USUM71703515,36949372,53XhwfbYqKCa1cC15pYq2q
What About Us,P!nk,,,Beautiful Trauma,2017-10-13,0Qh38w01QRXK6KHIv0e3hb,RCA Records Label,USRC11701586,54734920,1KCSPY1glIKqW2TotWuXOR
Dirty Sexy Money (feat. Charli XCX & French Montana),"David Guetta, AFROJACK, Charli xcx, French Montana","edm, dance, big room, hyperpop, art pop, ","Pop, Electronic",Dirty Sexy Money (feat. Charli XCX & French Montana),2017-11-02,0tPQPaOKM32WgMSbPCYyRH,Parlophone (France),GB28K1700061,19201589,"1Cs0zKBU1kc0i8ypK3B9ai, 4D75GcNG95ebPtNvoNVXhz, 25uiPmTg16RbhZWAqwLBy5, 6vXTefBL93Dj5IqAWq6OTv"
Rockabye (feat. Sean Paul & Anne-Marie),"Clean Bandit, Anne-Marie, Sean Paul",dancehall,Traditional music,Rockabye (feat. Sean Paul & Anne-Marie),2016-10-21,5knuzwU65gJK7IF5yJsuaW,Atlantic Records UK,GBAHS1600363,17128061,"6MDME20pz9RveH9rEXvrOM, 1zNqDE7qDGCsyzJwohVaoX, 3Isy6kedDrgPYoTS1dazA9"
Naked,James Arthur,soft pop,Pop,Naked,2017-11-24,7krbSH3rd8lhIZvuzTV3Bl,Columbia Local,DEE861702596,67016896,4IWBUUAFIplrNtaOHcJPRM
I Don’t Wanna Live Forever (Fifty Shades Darker),"ZAYN, Taylor Swift",,,I Don’t Wanna Live Forever (Fifty Shades Darker),2016-12-09,3NdDpSvN911VPGivFlV5d0,Universal Music Group,USQ4E1602586,57452958,"5ZsFI1h6hIdQRw2ti0hz81, 06HL4z0CvFAxyc27GXpf02"
Bad and Boujee (feat. Lil Uzi Vert),"Migos, Lil Uzi Vert","trap, melodic rap",Hip Hop,Culture,2017-04-07,4Km5HrUvYTaSUfiSGPJeQR,Quality Control Music,QMCE31600796,5617235,"6oMuImdp5ZcFhWP0ESe6mG, 4O15NlyKLIASxsJ0PrXPfz"
Redbone,Childish Gambino,,," Awaken, My Love! ",2016-12-02,3kxfsdsCpFgN412fpnW85Y,Glassnote Entertainment Group LLC,USYAH1600107,72220703,73sIBHcqh3Z3NyqHKZ7FOL
You Make My Dreams (Come True),Daryl Hall & John Oates,soft rock,Rock,Voices,1980-00-00,4o6BgsqLIBViaGVbx5rbRk,RCA/BMG Heritage,USRC10301828,549012,77tT1kLj6mCWtFNqiOmP9H
Agora Vai Sentar,MC's Jhowzinho & Kadinho,"funk, brazilian funk, brega funk","Hip Hop, Pop, R&B",Agora Vai Sentar,2017-07-03,0pDaqgIForVNO4jrtTxcWT,Warner Music Brasil sob licenciamento exclusivo da Play Produtora e Start Music,US7VG1794555,2085191,2Q4r4Epfaaho06ONTHx7OS
Fuck Love,"XXXTENTACION, Trippie Redd","emo rap, melodic rap",Hip Hop,17,2017-08-25,7AQim7LbvFVZJE3O8TYgf2,Bad Vibes Forever / EMPIRE,USUYG1156898,313235910,"15UsOTVnJzReFVN1VCnxy4, 6Xgp2XMz1fhVYe7i6yNAax"
Tú Foto,Ozuna,"reggaeton, latin, trap latino, urbano latino",Latin,Odisea,2017-08-25,5zSOVwaY3sVjnmLhuEfsuf,VP Records Corp/Dimelo Vi,USXDR1700551,7946796,1i8SpTcr7yvPOmcqrbnVXY
24K Magic,Bruno Mars,,,24K Magic,2016-11-17,6b8Be6ljOzmkOmFslEb23P,Atlantic Records,USAT21602944,17284736,0du5cEVh5yTK9QJze8zA0C
Ghostface Killers (feat. Travis Scott),"21 Savage, Offset, Metro Boomin, Travis Scott",rap,Hip Hop,Without Warning,2017-10-30,5u6vkDnOyaf8LsteDAj2ub,"Slaughter Gang, LLC/Epic/Quality Control Music/Motown/Capitol/Boominati Worldwide/Republic",QZ45A1700062,13148231,"1URnnhqYAYcrqrcwql10ft, 4DdkRBBYG6Yk9Ka8tdJ9BW, 0iEtIxbK0KxaSlF7G42ZOp, 0Y5tJX1MQlPlqiwlOH1tJY"
Castle on the Hill,Ed Sheeran,soft pop,Pop,÷ (Deluxe),2017-03-03,6PCUP3dWmTjcTtXY02oFdT,Atlantic Records UK,GBAHS1600462,19715232,6eUKZXaKkcviH0Ku9w2n3V
It Wasn't Me,"Shaggy, Rik Rok","reggae, riddim, dancehall, ragga, lovers rock","Traditional music, Rock, Electronic, R&B, Hip Hop",Hot Shot (International Version #2),2000-00-00,1lzr43nnXAijIGYnCT8M8H,Geffen,USMC10000393,536092,"5EvFsr3kj42KNv97ZEnqij, 67wCYxOq4A1ohAs7jWYaOJ"
DNA.,Kendrick Lamar,"hip hop, west coast hip hop",Hip Hop,DAMN.,2017-04-14,6HZILIRieu8S0iqY8kIKhj,Aftermath,USUM71703079,43321157,2YZyLoL8N0Wb9xBt1NhZWg
Stir Fry,Migos,trap,Hip Hop,Stir Fry,2017-12-20,4fndbjoz1qJyK6JcLdKfzm,"Quality Control Music, LLC",USUM71714081,21197879,6oMuImdp5ZcFhWP0ESe6mG
I Feel It Coming,"The Weeknd, Daft Punk","french house, electronic, electro","Hip Hop, Electronic",Starboy,2016-11-24,5GXAXm5YOmYT0kL5jHvYBt,Universal Republic Records,USUG11600996,17840664,"1Xyo4u8uXC1ZmMpatF05PJ, 4tZwfgrHOc3mvqYlEYSvVi"
White Iverson,Post Malone,,,Stoney (Deluxe),2016-12-09,6eT7xZZlB2mwyzJ2sUKG6w,Universal Records,USUM71511528,47089308,246dkjvS1zLTtiykXe5h60
Reggaetón Lento (Remix),"CNCO, Little Mix","reggaeton, latin, ",Latin,Glory Days: The Platinum Edition,2017-11-24,5PB8zB1MOZASboLquvinMF,Syco Music,GBHMU1700053,9273512,"0eecdvMrqBftK0M1VKhaF4, 3e7awlrlDSwF3iM0WBjGMp"
Thinking out Loud,Ed Sheeran,soft pop,Pop,x (Wembley Edition),2013-00-00,1Slwb6dOYkBlWal1PGtnNg,Atlantic Records UK,GBAHS1400099,206383607,6eUKZXaKkcviH0Ku9w2n3V
Scared to Be Lonely,"Martin Garrix, Dua Lipa","edm, electronica, progressive house, pop","Electronic, Pop",Scared to Be Lonely,2017-01-27,3ebXMykcMXOcLeJ9xZ17XH,Epic Amsterdam,NLM5S1600025,36596971,"60d24wfXkVzDSfLS6hyCjZ, 6M2wZ9GZgrQXHCFfjv46we"
Should I Stay or Should I Go - Remastered,The Clash,punk,Rock,Combat Rock (Remastered),1982-00-00,39shmbIHICJ2Wxnk1fPSdz,Sony Music UK,GBARL1200670,521206,3RGLhK1IP9jnYFH4BRFJBS
2U (feat. Justin Bieber),"David Guetta, Justin Bieber","edm, dance, ",Electronic,2U (feat. Justin Bieber),2017-06-09,3A7qX2QjDlPnazUsRk5y0M,Parlophone (France),GB28K1700019,10078270,"1Cs0zKBU1kc0i8ypK3B9ai, 1uNFoZAHBGtllmzznpCI3s"
Without You (feat. Sandro Cavazza),"Avicii, Sandro Cavazza","edm, ",Electronic,AVĪCI (01),2017-08-10,6WbADFqMvR8N5u0BvtsWQE,Universal Music Group,SE5R71700101,105052984,"1vCWHaC5f2uS3yhpwWbIA6, 5JYo7gm2dkyLLlWHjxS7Dy"
The Way Life Goes (feat. Oh Wonder),"Lil Uzi Vert, Oh Wonder","melodic rap, ",Hip Hop,Luv Is Rage 2,2017-08-25,2eAZfqOm4EnOF9VvN50Tyc,Generation Now/Atlantic,USAT21703429,20201298,"4O15NlyKLIASxsJ0PrXPfz, 5cIc3SBFuBLVxJz58W2tU9"
Issues,Julia Michaels,,,Nervous System,2017-07-28,7vu0JkJh0ldukEYbTVcqd0,J/Republic,USUM71615691,63114037,0ZED1XzwlLHW4ZaG4lOT6m
Explícale (feat. Bad Bunny),"Yandel, Bad Bunny","reggaeton, urbano latino, latin, trap latino",Latin,#Update,2017-09-08,1LszjjoVwDDZcWUQbzeDLG,Sony Music Latin,USSD11700390,17296443,"0eHQ9o50hj6ZDNBt6Ys1sD, 4q3ewBCX7sLwd24euuV69X"
Sober,"G-Eazy, Charlie Puth","soft pop, pop",Pop,The Beautiful & Damned,2017-12-15,3qk4wRMDlaeagZGjSYbsOV,BPG/RVG/RCA Records,USRC11702908,10675078,"02kJSzxNuaWGqwubyUba0Z, 6VuMaDnrHyPL1p4EHjYLi7"
Saint,"Huncho Jack, Travis Scott, Quavo","rap, ",Hip Hop,"Huncho Jack, Jack Huncho",2017-12-21,7foypmc7KZyU716Yv63BPe,Quality Control Music - Epic,USUM71714118,11455403,"6extd4B6hl8VTmnlhpl2bY, 0Y5tJX1MQlPlqiwlOH1tJY, 0VRj0yCOv2FXJNP47XQnx5"
Uptown Funk (feat. Bruno Mars),"Mark Ronson, Bruno Mars",,,Uptown Special,2015-01-12,32OlwWuMpZ6b0aN2RZOeMS,Columbia,GBARL1401524,1770080,"3hv9jJF3adDNsBSIQDqcjp, 0du5cEVh5yTK9QJze8zA0C"
Slow Hands,Niall Horan,,,Flicker (Deluxe),2017-10-20,38yBBH2jacvDxrznF7h08J,Universal Music Group,USUG11700631,19089628,1Hsdzj7Dlq2I7tHP7501T4
Wait,Maroon 5,pop,Pop,Red Pill Blues (Deluxe),2017-11-03,1Qg9jWGDkKAGZXj5v2OG59,Universal Music Group,USUM71710370,49325086,04gDigrS5kc9YWfZHwBETP
Happy - From  Despicable Me 2 ,Pharrell Williams,,,G I R L,2014-03-03,5b88tNINg4Q4nrRbrCXUmg,Columbia,USQ4E1300686,499229,2RdwBSPQiwcmiDo9kixcl8
Rewrite The Stars,"Zac Efron, Zendaya","musicals, ",Classical,Rewrite The Stars,2017-11-17,630sXRhIcfwr2e4RdNtjKN,Atlantic Records,USAT21704623,177034155,"6U1dBXJhC8gXFjamvFTmHg, 6sCbFbEjbYepqswM1vWjjs"
Paris,The Chainsmokers,,,Memories...Do Not Open,2017-04-07,72jbDTw1piOOj770jWNeaG,Disruptor Records/Columbia,USQX91603031,10082984,69GGBxA162lTqCwzJG5jLp
Hey DJ,"CNCO, Yandel","reggaeton, latin, urbano latino",Latin,Hey DJ,2017-04-07,209gZgcfLq2aUuu51vOWBl,Sony Music Latin,USSD11700118,3417730,"0eecdvMrqBftK0M1VKhaF4, 0eHQ9o50hj6ZDNBt6Ys1sD"
El Farsante,Ozuna,"reggaeton, latin, trap latino, urbano latino",Latin,Odisea,2017-08-25,5EId1m4DNwTf3at31w8bPJ,VP Records Corp/Dimelo Vi,USXDR1700562,7769924,1i8SpTcr7yvPOmcqrbnVXY
Light It Up (feat. Nyla & Fuse ODG) - Remix,"Major Lazer, Nyla, Fuse ODG","moombahton, dancehall, azonto, afrobeats, hiplife","R&B, Traditional music, Electronic",Peace Is The Mission: Extended,2015-06-01,0L7loeTIg6akW84aEQZpCT,Because Music,QMUY41500182,484011,"738wLrAtLtCtFOLvQBXOXp, 4VZY0nxYMSNotbS7WjNVQy, 374sWpAJsbZckf98df2jJJ"
No Promises (feat. Demi Lovato),"Cheat Codes, Demi Lovato",,,No Promises (feat. Demi Lovato),2017-03-31,1louJpMmzEicAn7lzDalPW,Parlophone UK,QMCE31700953,10608856,"7DMveApC7UnC2NPfPvlHSU, 6S2OmqARrzebs0tKUEyXyp"
CAN'T STOP THE FEELING! (from DreamWorks Animation's  TROLLS ),Justin Timberlake,,,CAN'T STOP THE FEELING! (from DreamWorks Animation's  TROLLS ),2016-05-06,6JV2JOEocMgcZxYSZelKcc,Villa 40/RCA Records,USRC11600876,5786335,31TPClRtHm23RisEBtV3X7
Superstition - Single Version,Stevie Wonder,"motown, soul",R&B,Song Review: A Greatest Hits Collection,1996-01-01,5lXcSvHRVjQJ3LB2rLKQog,Universal Music Group,USMO10000310,481227,7guDJrEfX3qb6FEbdPA5qi
IDGAF,Dua Lipa,pop,Pop,Dua Lipa (Deluxe),2017-06-02,76cy1WJvNGJTj78UqeA5zr,Warner Records,GBAHT1600301,617221492,6M2wZ9GZgrQXHCFfjv46we
This Is Me,"Keala Settle, The Greatest Showman Ensemble",musicals,Classical,This Is Me,2017-10-27,2xGjteMU3E1tkEPVFBO08U,Atlantic Records,USAT21704622,186755835,"7HV2RI2qNug4EcQqLbCAKS, 63nv0hWWDob56Rk8GlNpN8"
Back to You (feat. Bebe Rexha & Digital Farm Animals),"Louis Tomlinson, Bebe Rexha, Digital Farm Animals",,,Back to You (feat. Bebe Rexha & Digital Farm Animals),2017-07-21,7F9vK8hNFMml4GtHsaXui6,Syco Music,GBHMU1700037,32022659,"57WHJIHrjOE3iAxpihhMnp, 64M6ah0SkkRsnPGtGiRAbb, 5fyDppLDl1juIu1BcUT5zh"
Africa,TOTO,soft rock,Rock,Toto IV,1982-04-08,2374M0fQpWi3dLnB54qaLX,Columbia,USSM19801941,158402305,0PFtn5NtBbbUNbU9EAmIWF
Dubai Shit,"Huncho Jack, Travis Scott, Quavo, Offset","rap, ",Hip Hop,"Huncho Jack, Jack Huncho",2017-12-21,6urLjX35oXXRYtcH1b3dCh,Quality Control Music - Epic,USUM71714127,5159668,"6extd4B6hl8VTmnlhpl2bY, 0Y5tJX1MQlPlqiwlOH1tJY, 0VRj0yCOv2FXJNP47XQnx5, 4DdkRBBYG6Yk9Ka8tdJ9BW"
Chambea,Bad Bunny,"reggaeton, trap latino, latin, urbano latino",Latin,Chambea,2017-12-01,6ElmxV9B2mSNscEjP27M7i,Rimas Music LLC.,QZ5FN1782854,3965730,4q3ewBCX7sLwd24euuV69X
Happier,Ed Sheeran,soft pop,Pop,÷ (Deluxe),2017-03-03,2RttW7RAu5nOAfq6YFvApB,Atlantic Records UK,GBAHS1700028,189426800,6eUKZXaKkcviH0Ku9w2n3V
Beat It,Michael Jackson,,,Thriller 25 Super Deluxe Edition,2008-02-08,1OOtq8tRnDM8kG2gqUPjAj,Epic/Legacy,USSM19902990,459574,3fMbdgg4jU18AjLCKBhRSm
Look At Me!,XXXTENTACION,emo rap,Hip Hop,Revenge,2017-05-16,6eYxmK9fdL4hwLnXG2zY3s,Bad Vibes Forever / EMPIRE,USUYG1142045,159205191,15UsOTVnJzReFVN1VCnxy4
Your Song,Rita Ora,,,Your Song,2017-05-25,4c2W3VKsOFoIg2SFaO6DY5,Atlantic Records UK,GBAHT1700323,15193846,5CCwRZC6euC8Odo6y9X8jr
Rake It Up (feat. Nicki Minaj),"Yo Gotti, Nicki Minaj","memphis rap, southern hip hop, ",Hip Hop,I Still Am,2017-10-27,4knL4iPxPOZjQzTUlELGSY,Epic/CMG,USSM11705366,457182,"6Ha4aES39QiVjR0L2lwuwq, 0hCNtLu0JehylgoiP8L4Gh"
Chantaje (feat. Maluma),"Shakira, Maluma","latin pop, latin, reggaeton, urbano latino","Latin, Pop",El Dorado,2017-05-26,6mICuAdrwEjh6Y6lroV2Kg,Sony Music Latin,USSD11600299,455521,"0EmeFodog0BfCgMzAIvKQp, 1r4hJ1h58CWwUQe3MxPuau"
GUMMO,6ix9ine,,,GUMMO,2017-11-10,2vjmyyAnDUzilFYxOlTdO1,Strainge Entertainment,QMEU31720103,10789466,7gZfnEnfiaHzxARJ2LeXrf
Don't Stop Believin',Journey,"album rock, classic rock",Rock,Escape (Bonus Track Version),1981-00-00,4bHsxqR3GMrXTxEPLuK5ue,Columbia,USSM18100116,13387402,0rvjqX7ttXeg3mTy8Xscbt
Hips Don't Lie (feat. Wyclef Jean),"Shakira, Wyclef Jean","latin pop, latin, ","Latin, Pop","Oral Fixation, Vol. 2 (Expanded Edition)",2005-11-28,3ZFTkvIE7kyPt6Nu3PEa7V,Epic,USSM10600677,446042,"0EmeFodog0BfCgMzAIvKQp, 7aBzpmFXB4WWpPl2F7RjBe"
Síguelo Bailando,Ozuna,"reggaeton, latin, trap latino, urbano latino",Latin,Odisea,2017-08-25,5Y9fnynLlIvqtM710MHzfz,VP Records Corp/Dimelo Vi,USXDR1700560,232683935,1i8SpTcr7yvPOmcqrbnVXY
iSpy (feat. Lil Yachty),"KYLE, Lil Yachty",,,iSpy (feat. Lil Yachty),2016-12-02,2EEeOnHehOozLq4aS0n6SL,independently popular.,USAT21700378,443498,"4qBgvVog0wzW75IQ48mU7v, 6icQOAFXDZKsumw3YXyusw"
You Shook Me All Night Long,AC/DC,"rock, hard rock, classic rock, rock and roll",Rock,Back In Black,1980-07-25,2SiXAy7TuUkycRVbbWDEpo,Columbia,AUAP08000047,442882,711MCceyCBcFnzjGY4Q7Un
Most Girls,Hailee Steinfeld,,,Most Girls,2017-04-28,2mfUa8bLs2s5N4VaqJZ4lZ,Universal Music Group,USUM71703935,442821,5p7f24Rk5HkUZsaS3BLG5F
...Ready For It?,Taylor Swift,,,reputation,2017-11-10,2yLa0QULdQr0qAIvVwN6B5,"Big Machine Records, LLC",USCJY1750003,8841917,06HL4z0CvFAxyc27GXpf02
Too Much To Ask,Niall Horan,,,Flicker (Deluxe),2017-10-20,4v094LQ9eF10k2O2Te2ngK,Universal Music Group,USUG11701396,16662113,1Hsdzj7Dlq2I7tHP7501T4
The Greatest Show,"Hugh Jackman, Keala Settle, Zac Efron, Zendaya, The Greatest Showman Ensemble",musicals,Classical,The Greatest Show,2017-10-27,43ay9lQZ5rfNcOOHhRF2cM,Atlantic Records,USAT21704616,73788859,"5F1aoppMtU3OMiltO8ymJ2, 7HV2RI2qNug4EcQqLbCAKS, 6U1dBXJhC8gXFjamvFTmHg, 6sCbFbEjbYepqswM1vWjjs, 63nv0hWWDob56Rk8GlNpN8"
A Different Way (with Lauv),"DJ Snake, Lauv",,,A Different Way (with Lauv),2017-09-21,0Wv5wuenRLI3BcwgT3HPIP,Universal Music Group,USUG11701418,12127257,"540vIaP2JwjQb9dm3aArA4, 5JZ7CnR6gTvEMKX4g70Amv"
Never Enough,Loren Allred,,,The Greatest Showman (Original Motion Picture Soundtrack),2017-12-08,0Gl5s8IhMmQE5YQwM8Qx1J,Atlantic Records,USAT21704621,52987304,0LyOADBjj28cbvJWTXUEGA
Dreamer,Axwell /\ Ingrosso,,,More Than You Know,2017-07-28,0RTzJVkunbGwuRjXDFHnjf,Pophouse Entertainment Group,GBUM71706224,21176020,2XnBwblw31dfGnspMIwgWz
Walk On Water (feat. Beyoncé),"Eminem, Beyoncé","rap, hip hop, ",Hip Hop,Revival,2017-12-15,5PIBgH1cUFwu5IiUk9tnN9,Universal Music Group,USUM71712645,5370642,"7dGJo4pcD2V6oG8kP0tJRR, 6vWDO969PvNqNYHIOW5v0m"
A Million Dreams,"Ziv Zaifman, Hugh Jackman, Michelle Williams",musicals,Classical,The Greatest Showman (Original Motion Picture Soundtrack),2017-12-08,0RoA7ObU6phWpqhlC9zH4Z,Atlantic Records,USAT21704617,55334886,"2cQr2KbzdRtIFlfbHGnNsL, 5F1aoppMtU3OMiltO8ymJ2, 2LAqcqAQ8KPTsl1HBgBrqM"
Good Old Days (feat. Kesha),"Macklemore, Kesha",,,GEMINI,2017-09-22,2Za1AlJNvksouPPWbXpR2X,Bendo LLC,QZ8TY1700016,9618885,"3JhNCzhSMTxs9WLGJJxWOY, 6LqNN22kT3074XbTVUrhzX"
Delicate,Taylor Swift,,,reputation,2017-11-10,6NFyWDv5CjfwuzoCkw47Xf,"Big Machine Records, LLC",USCJY1750007,88269044,06HL4z0CvFAxyc27GXpf02
Sign of the Times,Harry Styles,,,Harry Styles,2017-05-12,5Ohxk2dO5COHF1krpoPigN,Columbia,USSM11703595,11647242,6KImCVD70vtIoJWnq6nGn3
There for You,"Martin Garrix, Troye Sivan","edm, electronica, progressive house, ",Electronic,There for You,2017-05-26,6jA8HL9i4QGzsj6fjoxp8Y,Epic Amsterdam,NLM5S1600060,5089905,"60d24wfXkVzDSfLS6hyCjZ, 3WGpXCj9YhhfX11TToZcXP"
The Other Side,"Hugh Jackman, Zac Efron",musicals,Classical,The Greatest Showman (Original Motion Picture Soundtrack),2017-12-08,2cKovq3l6OJjhVVDbVKOsr,Atlantic Records,USAT21704620,40375361,"5F1aoppMtU3OMiltO8ymJ2, 6U1dBXJhC8gXFjamvFTmHg"
The Weekend - Funk Wav Remix,"SZA, Calvin Harris, Funk Wav","r&b, edm, ","Electronic, R&B",The Weekend (Funk Wav Remix),2017-12-15,0P6AWOA4LG1XOctzaVu5tt,Top Dawg Entertainment/RCA Records,USRC11702939,39958755,"7tYKF4w9nC0nq9CsPZTHyP, 7CajNmpbOovFoOoasH2HaY, 4A0TivfinfALCAMJqqjZIk"
Sucker for You,Matt Terry,,,Trouble,2017-11-24,4vkVvmjIiQibQ6zJnC1Q9z,RCA Records Label,GBARL1701990,11540087,2JLqTvFXmC87BksiCsBezV
Lose Yourself - From  8 Mile  Soundtrack,Eminem,"rap, hip hop",Hip Hop,Curtain Call (Deluxe),2005-12-06,7w9bgPAmPTtrkt2v16QWvQ,Universal Music Group,USIR10211559,65940711,7dGJo4pcD2V6oG8kP0tJRR
Mr. Brightside,The Killers,alternative rock,Rock,Hot Fuss,2004-06-15,7oK9VyNzrYvRFo7nQEYkWN,Island Records,USIR20400274,78344381,0C0XlULifJtAgn6ZNCW2eu
Dive,Ed Sheeran,soft pop,Pop,÷ (Deluxe),2017-03-03,51ChrwmUPDJvedPQnIU8Ls,Atlantic Records UK,GBAHS1700022,955435,6eUKZXaKkcviH0Ku9w2n3V
We Don't Talk Anymore (feat. Selena Gomez),"Charlie Puth, Selena Gomez","soft pop, pop",Pop,Nine Track Mind,2015-11-05,68EMU2RD1ECNeOeJ5qAXCV,Artist Partner,USAT21502909,4433526,"6VuMaDnrHyPL1p4EHjYLi7, 0C8ZW7ezQVs4URX5aX7Kqx"
Treat You Better,Shawn Mendes,pop,Pop,Illuminate,2017-04-20,3AFfyUXTfj12PgrOkZiiJo,Universal Music Group,USUM71604711,2505718,7n2wHs1TKAczGzO7Dd2rGr
Let Me Love You,"DJ Snake, Justin Bieber",,,Encore,2016-08-05,4pdPtRcBmOSQDlJ3Fk945m,Universal Music Group,QMZSY1600015,469745,"540vIaP2JwjQb9dm3aArA4, 1uNFoZAHBGtllmzznpCI3s"
Stranger Things (feat. OneRepublic),"Kygo, OneRepublic","tropical house, soft pop","Pop, Electronic",Kids in Love,2017-11-03,5gIRPQWULwrvIt0F6pY7ph,Kygo,SEBGA1700446,466258,"23fqKkggKUBHNkbKtXEls4, 5Pwc4xIPtQLFEnJriah9YJ"
Loco Enamorado,"Abraham Mateo, Farruko, Christian Daniel","reggaeton, trap latino, latin, bachata",Latin,Loco Enamorado,2017-06-23,4N1c5rmWOzRmB9SMacr5wB,Sony Music Entertainment,ES5021701658,3437150,"2bxxlINUlcMQQb39K7IopR, 329e4yvIujISKGKz1BZZbO, 2fC8dVxeS2bsfIDvFj1M4V"
Drowning (feat. Kodak Black),"A Boogie Wit da Hoodie, Kodak Black","melodic rap, ",Hip Hop,The Bigger Artist,2017-09-29,1f5cbQtDrykjarZVrShaDI,Highbridge The Label,USAT21701817,3405203,"31W5EY0aAly4Qieq6OFu6I, 46SHBwWsqBkxI7EeeBEQG7"
Quiero Repetir,"Ozuna, J Balvin","reggaeton, latin, trap latino, urbano latino",Latin,Odisea,2017-08-25,0MIcPSq9n2z5H8TAfEstri,VP Records Corp/Dimelo Vi,USXDR1700557,82742825,"1i8SpTcr7yvPOmcqrbnVXY, 1vyhD5VmyZ7KMfW5gqLgo5"
WONDERWaLL - Remastered,Oasis,"britpop, madchester, rock","Pop, Rock",(What's The Story) Morning Glory? [Remastered],1995-10-02,5qqabIl2vWzo9ApSC317sa,Big Brother,GBQCP1400109,161675136,2DaxqgrOhkeH0fpeiQq2f4
Body Like A Back Road,Sam Hunt,"country, pop country",Country,Body Like A Back Road,2017-02-01,7mldq42yDuxiUNn08nvzHO,MCA Nashville,USUM71700575,2063772,2kucQ9jQwuD8jWdtR9Ef38
The Scientist,Coldplay,,,A Rush of Blood to the Head,2002-08-27,75JFxkI2RXiU7L9VXzMkle,Parlophone Records Limited,GBAYE0200772,8519539,4gzpq5DPGxSnKTe4SA8HAU
Déjate Llevar,"Juan Magán, Belinda, Manuel Turizo, Snova, B-Case","reggaeton, latin, latin pop, colombian pop, ","Pop, Latin",Déjate Llevar,2017-11-28,3xWEI23MLJrD0dpDcDUTW6,Universal Music Group,ES5701700901,72111665,"1ackd5XprZEkH3McKbQD51, 5LeiVcEnsZcwc133TUhJNW, 0tmwSHipWxN12fsoLcFU3B, 5oOyEfGd8NxAKA41zGQhoj, 1o9x7ez0NvhDb7gBqrYnUj"
La Modelo,"Ozuna, Cardi B","reggaeton, latin, trap latino, urbano latino, ",Latin,La Modelo (feat. Cardi B),2017-12-22,2m2ZGfJcs3lHWNPzhWH3XH,VP Records Corp/Dimelo Vi,USXDR1700550,16506205,"1i8SpTcr7yvPOmcqrbnVXY, 4kYSro6naA4h99UJvo89HB"
Plain Jane REMIX (feat. Nicki Minaj),"A$AP Ferg, Nicki Minaj","rap, ",Hip Hop,Plain Jane REMIX (feat. Nicki Minaj),2017-12-15,2YzmfPLqUx5CJOaw5ThsBV,A$AP Worldwide/Polo Grounds Music/RCA Records,USRC11703649,1476378,"5dHt1vcEm9qb8fCyLcB3HL, 0hCNtLu0JehylgoiP8L4Gh"
Come Alive,"Hugh Jackman, Keala Settle, Daniel Everidge, Zendaya, The Greatest Showman Ensemble",musicals,Classical,The Greatest Showman (Original Motion Picture Soundtrack),2017-12-08,5xNUR50KxswPRAvx7S163g,Atlantic Records,USAT21704619,24638714,"5F1aoppMtU3OMiltO8ymJ2, 7HV2RI2qNug4EcQqLbCAKS, 2Rimf9z3oYDBeszSXFACRR, 6sCbFbEjbYepqswM1vWjjs, 63nv0hWWDob56Rk8GlNpN8"
Como Antes (feat. Wisin),"Yandel, Wisin","reggaeton, urbano latino, latin",Latin,#Update,2017-09-08,5YzA563GXTuwQaRq24z1k5,Sony Music Latin,USSD11700379,1975644,"0eHQ9o50hj6ZDNBt6Ys1sD, 3E6xrwgnVfYCrCs0ePERDz"
Finesse - Remix; feat. Cardi B,"Bruno Mars, Cardi B",,,Finesse (Remix) [feat. Cardi B],2017-12-20,3Vo4wInECJQuz9BIBMOu8i,Atlantic Records,USAT21705441,286310798,"0du5cEVh5yTK9QJze8zA0C, 4kYSro6naA4h99UJvo89HB"
From Now On,"Hugh Jackman, The Greatest Showman Ensemble",musicals,Classical,The Greatest Showman (Original Motion Picture Soundtrack),2017-12-08,3IkWmgGsXbsafrunwPojXO,Atlantic Records,USAT21704626,22574546,"5F1aoppMtU3OMiltO8ymJ2, 63nv0hWWDob56Rk8GlNpN8"
Feels Great (feat. Fetty Wap & CVBZ),"Cheat Codes, Fetty Wap, CVBZ",,,Feels Great (feat. Fetty Wap & CVBZ),2017-10-12,5uu28fUesZMl89lf9CLrgN,300 Entertainment,QMCE31701396,1508419,"7DMveApC7UnC2NPfPvlHSU, 6PXS4YHDkKvl1wkIl4V8DL, 0pt7PX4Hftlg8mV1ySU84Q"
Filthy,Justin Timberlake,,,Filthy,2018-01-05,1L3NV7VrCiuE8C5QlhdeQL,RCA Records Label,USRC11702778,32330866,31TPClRtHm23RisEBtV3X7
All The Stars (with SZA),"Kendrick Lamar, SZA","hip hop, west coast hip hop, r&b","Hip Hop, R&B",All The Stars (with SZA),2018-01-04,66kQ7wr4d2LwwSjr7HXcyr,Black Panther (TDE/DMG) PS,USUM71713947,19961432,"2YZyLoL8N0Wb9xBt1NhZWg, 7tYKF4w9nC0nq9CsPZTHyP"
For You (Fifty Shades Freed) (& Rita Ora),"Liam Payne, Rita Ora",,,For You (Fifty Shades Freed) [From  Fifty Shades Freed (Original Motion Picture Soundtrack) ],2018-01-05,5hM6sP0Gh1jD57drszNueC,Universal Music Group,USQ4E1703341,150280328,"5pUo3fmmHT8bhCyHE52hA6, 5CCwRZC6euC8Odo6y9X8jr"
Designer,Lil Pump,,,Designer,2017-12-30,4xKdh72z7sb51GRyHii3B6,Tha Lights Global,QMGR31859644,2507028,3wyVrVrFCkukjdVIdirGVY
If You Leave Me Now (feat. Boyz II Men),"Charlie Puth, Boyz II Men","soft pop, pop, new jack swing, r&b, quiet storm","R&B, Pop",If You Leave Me Now (feat. Boyz II Men),2018-01-04,2iLGgm4O5Hia8aSfSzXS3H,Artist Partner,USAT21705421,686041,"6VuMaDnrHyPL1p4EHjYLi7, 6O74knDqdv3XaWtkII7Xjp"
Nowadays (feat. Landon Cube),"Lil Skies, Landon Cube","melodic rap, ",Hip Hop,Nowadays (feat. Landon Cube),2017-12-20,689uBlyIufk2LUhAwjny4w,All We Got Ent.,USAT21705314,2874688,"7d3WFRME3vBY2cgoP38RDo, 04ei5kNgmDuNAydFhhIHnD"
Tightrope,Michelle Williams,musicals,Classical,The Greatest Showman (Original Motion Picture Soundtrack),2017-12-08,0GVuLQtPXFaL18ijEOqoAa,Atlantic Records,USAT21704624,9069508,2LAqcqAQ8KPTsl1HBgBrqM
Everybody Dies In Their Nightmares,XXXTENTACION,emo rap,Hip Hop,17,2017-08-25,3GVkPk8mqxz0itaAriG1L7,Bad Vibes Forever / EMPIRE,USUYG1156894,211604535,15UsOTVnJzReFVN1VCnxy4
Rubbin Off The Paint,YBN Nahmir,,,Rubbin Off The Paint,2017-10-20,0taOCiup4HNG9LmbduVlJj,Human Re Sources / M.M.M,QM24S1704221,3129804,3gGUMEwIX6XodWsYEvKSal
A Million Dreams (Reprise),"Austyn Johnson, Cameron Seely, Hugh Jackman",musicals,Classical,The Greatest Showman (Original Motion Picture Soundtrack),2017-12-08,66y7x28jXOPrcmu3D5Zjh6,Atlantic Records,USAT21704618,506561,"6Y20PijIkUoCtuvtkz37dO, 0nFUCMGlkx1lMZnHL6ArVJ, 5F1aoppMtU3OMiltO8ymJ2"
Designer,Lil Pump,,,Designer,2018-01-09,1LXbv9jiTtdBdHadZ317Gt,Warner Records,USWB11702529,3985738,3wyVrVrFCkukjdVIdirGVY
Breathe,"Jax Jones, Ina Wroldsen",norwegian pop,Pop,Breathe,2017-12-01,6tvQzeCPwOytDlBYCIOY0n,Universal Music Group,GBUM71706192,118182235,"4Q6nIcaBED8qUel8bBx6Cr, 7hssUdpvtY5oiARaUDgFZ3"
Dembow,Danny Ocean,reggaeton,Latin,Dembow,2017-12-08,2EzRdhuoPyNJDlep7lnNf2,Atlantic Records,USWL11700269,169363895,5H1nN1SzW0qNeUEZvuXjAj
'Till I Collapse,"Eminem, Nate Dogg","rap, hip hop, g-funk, west coast hip hop, gangster rap",Hip Hop,The Eminem Show,2002-05-26,6yr8GiTHWvFfi4o6Q5ebdT,Universal Music Group,USIR10211066,22829177,"7dGJo4pcD2V6oG8kP0tJRR, 1Oa0bMld0A3u5OTYfMzp5h"
My My My!,Troye Sivan,,,My My My!,2018-01-11,2Tq2R8sRftNEqdgJK5HadO,Universal Music Group,AUUM71701255,47698869,3WGpXCj9YhhfX11TToZcXP
Nowadays (feat. Landon Cube),"Lil Skies, Landon Cube","melodic rap, ",Hip Hop,Life of a Dark Rose,2017-12-12,2u7mxWSeoqTXndK5e08jMp,All We Got Ent.,USAT21705314,85463502,"7d3WFRME3vBY2cgoP38RDo, 04ei5kNgmDuNAydFhhIHnD"
Havana (feat. Young Thug),"Camila Cabello, Young Thug","pop, rap, melodic rap, trap","Hip Hop, Pop",Camila,2018-01-12,1rfofaqEpACxVEHIZBJe6W,Syco Music/Epic,USSM11706905,555259106,"4nDoRrQiYLoBzwC5BhVJzF, 50co4Is1HCEo8bhOyUWKpn"
Never Be the Same,Camila Cabello,pop,Pop,Camila,2018-01-12,4eWQlBRaTjPPUlzacqEeoQ,Syco Music/Epic,USSM11710323,304122017,4nDoRrQiYLoBzwC5BhVJzF
Real Friends,Camila Cabello,pop,Pop,Camila,2018-01-12,3iq9nhbI8fcnNamxMft1uv,Syco Music/Epic,USSM11706923,36239146,4nDoRrQiYLoBzwC5BhVJzF
She Loves Control,Camila Cabello,pop,Pop,Camila,2018-01-12,5HwnezK198pJCEj1l2Adjy,Syco Music/Epic,USSM11706920,65608037,4nDoRrQiYLoBzwC5BhVJzF
In the Dark,Camila Cabello,pop,Pop,Camila,2018-01-12,1GO9vCm5Cra5uWGSWQ5mGK,Syco Music/Epic,USSM11706925,4571628,4nDoRrQiYLoBzwC5BhVJzF
All These Years,Camila Cabello,pop,Pop,Camila,2018-01-12,4XLu3tTSZiPFVC9mmuR6Zp,Syco Music/Epic,USSM11706919,5469620,4nDoRrQiYLoBzwC5BhVJzF
Consequences,Camila Cabello,pop,Pop,Camila,2018-01-12,7sTtHHrD0zDpmzQzH3zegz,Syco Music/Epic,USSM11706922,5251458,4nDoRrQiYLoBzwC5BhVJzF
Inside Out,Camila Cabello,pop,Pop,Camila,2018-01-12,5xi2SXmF3A5AIsuGXiUIZu,Syco Music/Epic,USSM11706921,3539264,4nDoRrQiYLoBzwC5BhVJzF
Spotlight,"Marshmello, Lil Peep","edm, emo rap, cloud rap","Hip Hop, Electronic",Spotlight,2018-01-12,6VrCmhRBFnuGKmtNfk4jDs,Joytime Collective / Lil Peep,TCADL1806966,17986820,"64KEffDW9EtZ1y2vBYgq8T, 2kCcBybjl3SAtIcwdWpUe3"
Into It,Camila Cabello,pop,Pop,Camila,2018-01-12,2gxqozTaq2NYylvS8jd57G,Syco Music/Epic,USSM11706926,4720994,4nDoRrQiYLoBzwC5BhVJzF
Something's Gotta Give,Camila Cabello,pop,Pop,Camila,2018-01-12,7IL3UOlcJ6nmcCMwpnlfcA,Syco Music/Epic,USSM11706924,3580507,4nDoRrQiYLoBzwC5BhVJzF
EL BAÑO,"Enrique Iglesias, Bad Bunny","latin pop, latin, reggaeton, trap latino, urbano latino","Latin, Pop",EL BAÑO,2018-01-12,2vvdTrdryjsl8DmPIMDWZU,RCA Records/Sony Music International/Sony Music Latin,USRC11701002,143945195,"7qG3b048QCHVRO5Pv1T5lw, 4q3ewBCX7sLwd24euuV69X"
"King's Dead (with Kendrick Lamar, Future & James Blake)","Jay Rock, Kendrick Lamar, Future, James Blake","hip hop, west coast hip hop, rap, ",Hip Hop,"King's Dead (with Kendrick Lamar, Future & James Blake)",2018-01-12,51rXHuKN8Loc4sUlKPODgH,Black Panther (TDE/DMG) PS,USUM71714093,178977562,"28ExwzUQsvgJooOI0X1mr3, 2YZyLoL8N0Wb9xBt1NhZWg, 1RyvyyTE3xzB2ZywiAwp0i, 53KwLdlmrlCelAZMaLVZqU"
All The Stars (with SZA),"Kendrick Lamar, SZA","hip hop, west coast hip hop, r&b","Hip Hop, R&B",All The Stars (with SZA),2018-01-04,12SJpYZEdj4kzWZ8FPFg4Y,Universal Music Group,USUM71713947,53593299,"2YZyLoL8N0Wb9xBt1NhZWg, 7tYKF4w9nC0nq9CsPZTHyP"
Zombie,The Cranberries,,,No Need To Argue (The Complete Sessions 1994-1995),1994-10-03,6xy6jNeNTYwjnKTDzMyHw2,Universal Music Group,USIR29400443,5978785,7t0rwkOPGlDPEhaOcVtOt9
Linger,The Cranberries,,,"Everybody Else Is Doing It, So Why Can't We? (The Complete Sessions 1991-1993)",1993-03-01,1aLNpg2kKvUncflV8xE5AA,Universal Music Group,USIR29300085,3314537,7t0rwkOPGlDPEhaOcVtOt9
La Modelo,Lean Trap,,,Trap Reco 3,2018-01-14,76DNqvSyzL9VCkhlnByqLf,Lobster Productions,QZ22B1884725,7270153,3gTZHK9u10mTyoEoT9tJaE
KEKE,"6ix9ine, Fetty Wap, A Boogie Wit da Hoodie",melodic rap,Hip Hop,KEKE,2018-01-14,0zl3PdjIl320fK0pxBGWNR,Scumgang Records,QMEU31800083,21473622,"7gZfnEnfiaHzxARJ2LeXrf, 6PXS4YHDkKvl1wkIl4V8DL, 31W5EY0aAly4Qieq6OFu6I"
Dreams,The Cranberries,,,"Everybody Else Is Doing It, So Why Can't We?",1993-03-01,0md12GKBGH8ZuLG2fTfGUz,Universal Music Group,USIR29300080,989265,7t0rwkOPGlDPEhaOcVtOt9
Ode To My Family,The Cranberries,,,No Need To Argue (The Complete Sessions 1994-1995),1994-10-03,1eQuRtkMEPhf2DGzpBVTE6,Universal Music Group,USIR29400440,906509,7t0rwkOPGlDPEhaOcVtOt9
Sick Boy,The Chainsmokers,,,Sick Boy,2018-01-17,7jqDzXJS0K0Re8uphYNit0,Disruptor Records/Columbia,USQX91702676,68084039,69GGBxA162lTqCwzJG5jLp
Capital Letters,"Hailee Steinfeld, BloodPop®",,,Capital Letters [From  Fifty Shades Freed (Original Motion Picture Soundtrack) ],2018-01-12,3towKHKVOXCCcL1fHv6xFO,Universal Music Group,USQ4E1703340,105587295,"5p7f24Rk5HkUZsaS3BLG5F, 1okJ4NC308qbtY9LyHn6DO"
Supplies,Justin Timberlake,,,Supplies,2018-01-18,4Z6YruMINNspGet1gQyYlK,RCA Records Label,USRC11702976,5153721,31TPClRtHm23RisEBtV3X7
Machika,"J Balvin, Jeon, Anitta","reggaeton, latin, brazilian pop, funk pop, funk carioca, funk, pagode baiano","Pop, R&B, Hip Hop, Latin",Machika,2018-01-19,4vKltMFviBKMdhYu3FDLY0,UMLE - Latino,USUM71713886,4600298,"1vyhD5VmyZ7KMfW5gqLgo5, 3ECsaSd1fom8coUUkkFzqt, 7FNnA9vBm6EKceENgCGRMb"
Cupido (feat. Quavo),"Sfera Ebbasta, Quavo","italian trap, trap, ",Hip Hop,Rockstar,2018-01-19,0dLToDou8YHYJpQltj3Ijy,Universal Music Italia srL.,ITUM71701731,9896568,"23TFHmajVfBtlRx5MXqgoz, 0VRj0yCOv2FXJNP47XQnx5"
Rockstar,Sfera Ebbasta,"italian trap, trap",Hip Hop,Rockstar,2018-01-19,3js3wKPw8VxBWtcXtwyUnA,Universal Music Italia srL.,ITUM71701729,4828409,23TFHmajVfBtlRx5MXqgoz
"These Days (feat. Jess Glynne, Macklemore & Dan Caplen)","Rudimental, Jess Glynne, Macklemore, Dan Caplen",,,"These Days (feat. Jess Glynne, Macklemore & Dan Caplen)",2018-01-19,5CLGzJsGqhCEECcpnFQA8x,Atlantic Records UK,GBAHS1701239,463110705,"4WN5naL3ofxrVBgFpguzKo, 4ScCswdRlyA23odg9thgIO, 3JhNCzhSMTxs9WLGJJxWOY, 2U3FuHYvL3vhkbDAXm24Ep"
The Good Side,Troye Sivan,,,The Good Side,2018-01-18,5zZw8cn8WKoplKaeMPSvwi,Universal Music Group,AUUM71701256,793989,3WGpXCj9YhhfX11TToZcXP
Miss You (with Major Lazer & Tory Lanez),"Cashmere Cat, Major Lazer, Tory Lanez","moombahton, ",Electronic,Miss You (with Major Lazer & Tory Lanez),2018-01-16,0as7lPxkBPctZ7uVmchRNM,Universal Music Group,USUM71713848,39836750,"2LZDXcxJWgsJfKXZv9a5eG, 738wLrAtLtCtFOLvQBXOXp, 2jku7tDXc6XoB6MO2hFuqg"
Sciroppo (feat. DrefGold),"Sfera Ebbasta, DrefGold","italian trap, trap",Hip Hop,Rockstar,2018-01-19,4VVG3HBGaqSNZqIpmewIA6,Universal Music Italia srL.,ITUM71701737,4234732,"23TFHmajVfBtlRx5MXqgoz, 6jwzGu5VdkR5tsRROYuxso"
Ricchi x Sempre,Sfera Ebbasta,"italian trap, trap",Hip Hop,Rockstar,2018-01-19,0kHTkvGavvk2MjBTSUtOZx,Universal Music Italia srL.,ITUM71701733,2282071,23TFHmajVfBtlRx5MXqgoz
Serpenti A Sonagli,Sfera Ebbasta,"italian trap, trap",Hip Hop,Rockstar,2018-01-19,5Z0Mx6SeUAFA2rgZB9t1Nu,Universal Music Italia srL.,ITUM71701730,1210151,23TFHmajVfBtlRx5MXqgoz
Uber,Sfera Ebbasta,"italian trap, trap",Hip Hop,Rockstar,2018-01-19,4oZhBLWGhtIyBckervj3sb,Universal Music Italia srL.,ITUM71701734,1183199,23TFHmajVfBtlRx5MXqgoz
Dura,Daddy Yankee,"reggaeton, latin",Latin,Dura,2018-01-18,2j2fIJGh4PMdXt9ULI5Tlc,Universal Music Group,US2BU1700200,279602312,4VMYDCV2IEDYJArk749S6m
XNX,Sfera Ebbasta,"italian trap, trap",Hip Hop,Rockstar,2018-01-19,0W2dRTfCkaanZgRimFEMay,Universal Music Italia srL.,ITUM71701732,563811,23TFHmajVfBtlRx5MXqgoz
Barking,Ramz,"afroswing, grime","Traditional music, Electronic",Barking,2017-12-01,7amMgNDcObIDkIXv4xcvc2,Universal Music Group,GBUM71706255,69139364,6ywXRaHY7m2DJ0dd7CsLAB
God's Plan,Drake,"rap, hip hop",Hip Hop,Scary Hours,2018-01-20,2XW4DbS6NddZxRPm5rMCeY,Cash Money/Drake LP6,USCM51800004,776178003,3TVXtAsR1Inumwj472S9r4
Diplomatic Immunity,Drake,"rap, hip hop",Hip Hop,Scary Hours,2018-01-20,3tvkzvUTF0yoq3pdBi81I0,Universal Music Group,USCM51800006,8874294,3TVXtAsR1Inumwj472S9r4
Machika,"J Balvin, Jeon, Anitta","reggaeton, latin, brazilian pop, funk pop, funk carioca, funk, pagode baiano","Pop, R&B, Hip Hop, Latin",Machika,2018-01-19,6MNGxu8MprKGkchUchkJsy,Universal Music Group,USUM71713886,84529053,"1vyhD5VmyZ7KMfW5gqLgo5, 3ECsaSd1fom8coUUkkFzqt, 7FNnA9vBm6EKceENgCGRMb"
i Shyne,"Carnage, Lil Pump",,,i Shyne,2018-01-19,0AcHbiMs86CCgprvc7E1gs,Heavyweight Records,USA2P1803104,3623112,"7CCjtD0hCK005Bvg2WG1a7, 3wyVrVrFCkukjdVIdirGVY"
Que Tiro Foi Esse,Jojo Maronttinni,"pagode, brazilian funk, funk, funk pop","Hip Hop, R&B, Pop, Latin",Que Tiro Foi Esse,2017-12-29,2ri2wEE24Tm7fOJ7sGiz7P,Universal Music Group,BRPK11700024,1068898,6bGwi8TG7T8Vcp415XooE5
Esperándote,Manuel Turizo,"reggaeton, latin, colombian pop","Pop, Latin",Esperándote,2017-12-07,1nfyE13arjOuO54HH0zmqj,Sony Music Latin/La Industria,USQX91702666,85602918,0tmwSHipWxN12fsoLcFU3B
Scooby Doo Papa!,Lean Trap,,,Trap Reco 4,2018-01-19,6csZYoffpZ7iuSw83x2zVy,Trapnational Records,QZ22B1885906,4973108,3gTZHK9u10mTyoEoT9tJaE
Diplomatic Immunity,Drake,"rap, hip hop",Hip Hop,Scary Hours,2018-01-20,5goGDc74vVREyN8al8CkPh,Cash Money/Drake LP6,USCM51800006,25129812,3TVXtAsR1Inumwj472S9r4
Mine,Bazzi,,,Mine,2017-10-12,6tHWl8ows5JOZq9Yfaqn3M,ZZZ Entertainment,USAT21704227,206095375,4GvEc3ANtPPjt1ZJllr5Zl
The Last Of The Real Ones,Fall Out Boy,"emo, pop punk, emo pop","Rock, Pop",M A N I A,2018-01-19,6HWGLValLZlHVPjbwEW4Kq,Island Records,USUM71704115,572465,4UXqAaa6dQYAk18Lv7PEgX
HOLD ME TIGHT OR DON’T,Fall Out Boy,"emo, pop punk, emo pop","Rock, Pop",M A N I A,2018-01-19,00TVmX9spquyg0UKuN57l3,Island Records,USUM71704114,557997,4UXqAaa6dQYAk18Lv7PEgX
Red Roses (feat. Landon Cube),"Lil Skies, Landon Cube","melodic rap, ",Hip Hop,Life of a Dark Rose,2017-12-12,3ZhTT6yjZwpPph5MIJ53XY,All We Got Ent.,USAT21704162,50524234,"7d3WFRME3vBY2cgoP38RDo, 04ei5kNgmDuNAydFhhIHnD"
Stay Frosty Royal Milk Tea,Fall Out Boy,"emo, pop punk, emo pop","Rock, Pop",M A N I A,2018-01-19,1p3IwVdURZOKKont78V3lg,Universal Music Group,USUM71704113,526097,4UXqAaa6dQYAk18Lv7PEgX
Solita,"Ozuna, Mambo Kingz, DJ Luian, Bad Bunny, Wisin, Almighty","reggaeton, latin, trap latino, urbano latino, trap","Latin, Hip Hop",Solita,2018-01-19,7rwX0O3RlxqqIjQM8evm5E,Hear This Music,QZ7B81700005,135382612,"1i8SpTcr7yvPOmcqrbnVXY, 2T1aUibqR2QC2sINIDQOAK, 64aJYyrXljOodnUG6jvhRD, 4q3ewBCX7sLwd24euuV69X, 3E6xrwgnVfYCrCs0ePERDz, 6P6GTRTigHBp8ZesNtpCKH"
Miss You (with Major Lazer & Tory Lanez),"Cashmere Cat, Major Lazer, Tory Lanez","moombahton, ",Electronic,Miss You (with Major Lazer & Tory Lanez),2018-01-16,7HdZY9UJTylIiNcSDFyUDc,Benny Blanco Major,USUM71713848,2009406,"2LZDXcxJWgsJfKXZv9a5eG, 738wLrAtLtCtFOLvQBXOXp, 2jku7tDXc6XoB6MO2hFuqg"
Walk It Talk It,"Migos, Drake","trap, rap, hip hop",Hip Hop,Culture II,2018-01-26,1jr1BnpXymcf2i97mTR8tJ,Universal Music Group,USUM71800983,5965584,"6oMuImdp5ZcFhWP0ESe6mG, 3TVXtAsR1Inumwj472S9r4"
Narcos,Migos,trap,Hip Hop,Culture II,2018-01-26,0wbnC9AUenxp613TYaJsGK,"Quality Control Music, LLC",USUM71800980,81325353,6oMuImdp5ZcFhWP0ESe6mG
Stir Fry,Migos,trap,Hip Hop,Culture II,2018-01-26,2tek8UnoiJdkmpPMqa5KRQ,Universal Music Group,USUM71714081,5852199,6oMuImdp5ZcFhWP0ESe6mG
BBO (Bad Bitches Only),"Migos, 21 Savage","trap, ",Hip Hop,Culture II,2018-01-26,4BHzHISX21PYwGXiBEUQ70,"Quality Control Music, LLC",USUM71800970,14055005,"6oMuImdp5ZcFhWP0ESe6mG, 1URnnhqYAYcrqrcwql10ft"
Supastars,Migos,trap,Hip Hop,Culture II,2018-01-26,0egwbpNUagfbqFuqaPd6jt,Universal Music Group,USUM71800438,4101860,6oMuImdp5ZcFhWP0ESe6mG
Say Something (feat. Chris Stapleton),"Justin Timberlake, Chris Stapleton",country,Country,Say Something (feat. Chris Stapleton),2018-01-25,09ts3GnICqYEU5PkQCpJK3,RCA Records Label,USRC11703503,9774617,"31TPClRtHm23RisEBtV3X7, 4YLtscXsxbVgi031ovDDdh"
MotorSport,"Migos, Nicki Minaj, Cardi B","trap, ",Hip Hop,Culture II,2018-01-26,3g9Mi3kTzzmjBUXN7wnGjI,Universal Music Group,USUM71712002,4894711,"6oMuImdp5ZcFhWP0ESe6mG, 0hCNtLu0JehylgoiP8L4Gh, 4kYSro6naA4h99UJvo89HB"
Higher We Go - Intro,Migos,trap,Hip Hop,Culture II,2018-01-26,3kh6liHZ8IHHRFMHXNJ79Y,Universal Music Group,USUM71800977,3268665,6oMuImdp5ZcFhWP0ESe6mG
White Sand,"Migos, Travis Scott, Ty Dolla $ign, Big Sean","trap, rap, ",Hip Hop,Culture II,2018-01-26,2KokOIKdw4zZutDil85Ugh,"Quality Control Music, LLC",USUM71800984,6377885,"6oMuImdp5ZcFhWP0ESe6mG, 0Y5tJX1MQlPlqiwlOH1tJY, 7c0XG5cIJTrrAgEC3ULPiq, 0c173mlxpT3dSFRgMO8XPh"
The Middle,"Zedd, Maren Morris, Grey","edm, country, ","Country, Electronic",The Middle,2018-01-23,09IStsImFySgyp0pIQdqAc,UMGRI Interscope,USUM71800463,245473884,"2qxJFvFYMEDqd7ui6kSAcq, 6WY7D3jk8zTrHtmkqqo5GI, 4lDBihdpMlOalxy1jkUbPl"
Notice Me,"Migos, Post Malone","trap, ",Hip Hop,Culture II,2018-01-26,07W9fL0ee9LsqD9c3kNrdo,Universal Music Group,USUM71800988,3788987,"6oMuImdp5ZcFhWP0ESe6mG, 246dkjvS1zLTtiykXe5h60"
Auto Pilot,Migos,trap,Hip Hop,Culture II,2018-01-26,4Kw3CztmD15X1QGDnnHmLD,"Quality Control Music, LLC",USUM71800969,3486174,6oMuImdp5ZcFhWP0ESe6mG
Emoji A Chain,Migos,trap,Hip Hop,Culture II,2018-01-26,0G9rmRmQDFk9O2tzZLyRkc,"Quality Control Music, LLC",USUM71800974,4304652,6oMuImdp5ZcFhWP0ESe6mG
Gang Gang,Migos,trap,Hip Hop,Culture II,2018-01-26,0KJEIWTEKMfBL2J7Sn3X5I,Universal Music Group,USUM71800976,3322113,6oMuImdp5ZcFhWP0ESe6mG
CC,"Migos, Gucci Mane","trap, southern hip hop, rap",Hip Hop,Culture II,2018-01-26,35ffVv9x4mtzBh5rF1K9sP,"Quality Control Music, LLC",USUM71800972,3309607,"6oMuImdp5ZcFhWP0ESe6mG, 13y7CgLHjMVRMDqxdx0Xdo"
Too Much Jewelry,Migos,trap,Hip Hop,Culture II,2018-01-26,2rIY8S6doGY1SEZIh7siw1,Universal Music Group,USUM71800986,2455423,6oMuImdp5ZcFhWP0ESe6mG
Crown the Kings,Migos,trap,Hip Hop,Culture II,2018-01-26,0pdW4B6Sq4MMNz1sFtkR5G,Universal Music Group,USUM71800973,1730741,6oMuImdp5ZcFhWP0ESe6mG
Too Playa,"Migos, 2 Chainz","trap, rap, southern hip hop",Hip Hop,Culture II,2018-01-26,3BvXHtUdGbfLOVxfRWn6NT,Universal Music Group,USUM71800981,1610224,"6oMuImdp5ZcFhWP0ESe6mG, 17lzZA2AlOHwCwFALHttmp"
Beast,Migos,trap,Hip Hop,Culture II,2018-01-26,4Fj5G5b8MeCrCRDP5JDvpr,Universal Music Group,USUM71800971,1562242,6oMuImdp5ZcFhWP0ESe6mG
Flooded,Migos,trap,Hip Hop,Culture II,2018-01-26,2nwp9gU9ZGyKRzMswpfc7k,Universal Music Group,USUM71800975,1501273,6oMuImdp5ZcFhWP0ESe6mG
Open It Up,Migos,trap,Hip Hop,Culture II,2018-01-26,2LOkdHHNKdEx24cQELBaD8,"Quality Control Music, LLC",USUM71800987,1491148,6oMuImdp5ZcFhWP0ESe6mG
Movin' Too Fast,Migos,trap,Hip Hop,Culture II,2018-01-26,4jB8tS25Afh6aXC5w2MbXQ,Universal Music Group,USUM71800979,844927,6oMuImdp5ZcFhWP0ESe6mG
Cara Italia,Ghali,italian trap,Hip Hop,Cara Italia,2018-01-26,7K8krdGeSIvwDGw1WUqJuK,Sto Records,IT4U11800059,2017829,3egWSWp7Y4FyCKIyvXbw7L
Helium (Sia vs. David Guetta & Afrojack),"Sia, David Guetta, AFROJACK","edm, dance, big room",Electronic,Helium (Sia vs. David Guetta & Afrojack),2018-01-25,2ludbmtPoyCPe2K08fAlFl,Monkey Puzzle/Atlantic,USAT21800455,790077,"5WUlDfRSoLAfcVSX1WnrxN, 1Cs0zKBU1kc0i8ypK3B9ai, 4D75GcNG95ebPtNvoNVXhz"
Work Hard,Migos,trap,Hip Hop,Culture II,2018-01-26,5UzUZULhZL8bW4BqI1ZNOF,"Quality Control Music, LLC",USUM71800985,729297,6oMuImdp5ZcFhWP0ESe6mG
Made Men,Migos,trap,Hip Hop,Culture II,2018-01-26,3XAWpSxJMPeIwxXc5g9en1,"Quality Control Music, LLC",USUM71800978,723961,6oMuImdp5ZcFhWP0ESe6mG
Top Down On Da NAWF,Migos,trap,Hip Hop,Culture II,2018-01-26,3Jo2cNQKU6Je7LVClYyJH9,"Quality Control Music, LLC",USUM71800982,653283,6oMuImdp5ZcFhWP0ESe6mG
Stir Fry,Migos,trap,Hip Hop,Culture II,2018-01-26,2UVbBKQOdFAekPTRsnkzcf,"Quality Control Music, LLC",USUM71714081,186406755,6oMuImdp5ZcFhWP0ESe6mG
Walk It Talk It,"Migos, Drake","trap, rap, hip hop",Hip Hop,Culture II,2018-01-26,6n4U3TlzUGhdSFbUUhTvLP,"Quality Control Music, LLC",USUM71800983,251948503,"6oMuImdp5ZcFhWP0ESe6mG, 3TVXtAsR1Inumwj472S9r4"
MotorSport,"Migos, Nicki Minaj, Cardi B","trap, ",Hip Hop,Culture II,2018-01-26,4wFjTWCunQFKtukqrNijEt,"Quality Control Music, LLC",USUM71712002,66448971,"6oMuImdp5ZcFhWP0ESe6mG, 0hCNtLu0JehylgoiP8L4Gh, 4kYSro6naA4h99UJvo89HB"
Notice Me,"Migos, Post Malone","trap, ",Hip Hop,Culture II,2018-01-26,3OnOomd79OjqSYHchCQ6ht,"Quality Control Music, LLC",USUM71800988,26404645,"6oMuImdp5ZcFhWP0ESe6mG, 246dkjvS1zLTtiykXe5h60"
Gang Gang,Migos,trap,Hip Hop,Culture II,2018-01-26,6RKkHI2fkmgZq7uQPPav8f,"Quality Control Music, LLC",USUM71800976,7512200,6oMuImdp5ZcFhWP0ESe6mG
Supastars,Migos,trap,Hip Hop,Culture II,2018-01-26,7yt6eiZQCkVFEzwGp4Pbor,"Quality Control Music, LLC",USUM71800438,2786968,6oMuImdp5ZcFhWP0ESe6mG
Scooby Doo Pa Pa,Dj Kass,,,Scooby Doo Pa Pa,2017-09-12,1xndOD8CreR5ctkOv5G1LN,DJ KASS,TCADG1759991,8110558,431Pb5EV8KsCBGTw96ZTQ4
Praying,Kesha,,,Rainbow,2017-08-11,0jdny0dhgjUwoIp5GkqEaA,Kemosabe Records/RCA Records,USRC11701134,1819665,6LqNN22kT3074XbTVUrhzX
Higher We Go - Intro,Migos,trap,Hip Hop,Culture II,2018-01-26,43dOwOq0mB4i6j4SpcSkqC,"Quality Control Music, LLC",USUM71800977,573894,6oMuImdp5ZcFhWP0ESe6mG
Love Galore (feat. Travis Scott),"SZA, Travis Scott","r&b, rap","R&B, Hip Hop",Ctrl,2017-06-09,0q75NwOoFiARAVp4EXU4Bs,Top Dawg Entertainment/RCA Records,USRC11700886,1110207,"7tYKF4w9nC0nq9CsPZTHyP, 0Y5tJX1MQlPlqiwlOH1tJY"
LOYALTY. FEAT. RIHANNA.,"Kendrick Lamar, Rihanna","hip hop, west coast hip hop, ",Hip Hop,DAMN.,2017-04-14,6SwRhMLwNqEi6alNPVG00n,Aftermath,USUM71703086,1105657,"2YZyLoL8N0Wb9xBt1NhZWg, 5pKCCKE2ajJHZ9KAiaK11H"
All Falls Down,"Alan Walker, Noah Cyrus, Digital Farm Animals, Juliander",,,New Year's Eve 2017/18,2017-12-22,0UBLhedidy1DjSF4ncF5zL,Legacy Recordings,NOG841715010,991321,"7vk5e3vY1uw9plTHJAMwjN, 55fhWPvDiMpLnE4ZzNXZyW, 5fyDppLDl1juIu1BcUT5zh, 4gvkdged3Xw3ImXFm3jiay"
New Freezer (feat. Kendrick Lamar),"Rich The Kid, Kendrick Lamar","trap, hip hop, west coast hip hop",Hip Hop,New Freezer (feat. Kendrick Lamar),2017-09-25,4pYZLpX23Vx8rwDpJCpPTA,Interscope Records,USUM71708973,42578992,"1pPmIToKXyGdsCF6LmqLmI, 2YZyLoL8N0Wb9xBt1NhZWg"
Stay With Me,Sam Smith,soft pop,Pop,In The Lonely Hour,2014-01-01,5Db9VIdDsN5yu3Eu7CT0i4,Capitol Records,GBUM71308833,2679251,2wY79sveU1sp5g7SokKOiI
Pray For Me (with Kendrick Lamar),"The Weeknd, Kendrick Lamar","hip hop, west coast hip hop",Hip Hop,Pray For Me (with Kendrick Lamar),2018-02-02,4ofvoCdXq99vpMZO4Cfp8x,Universal Music Group,USUM71800001,214067478,"1Xyo4u8uXC1ZmMpatF05PJ, 2YZyLoL8N0Wb9xBt1NhZWg"
Say Something (feat. Chris Stapleton),"Justin Timberlake, Chris Stapleton",country,Country,Man of the Woods,2018-02-02,1LhMopPAallLeaeNutqbgS,RCA Records Label,USRC11703503,175217640,"31TPClRtHm23RisEBtV3X7, 4YLtscXsxbVgi031ovDDdh"
Filthy,Justin Timberlake,,,Man of the Woods,2018-02-02,5ZpjODX6OH1xZs3AOewTO6,RCA Records Label,USRC11702778,12513024,31TPClRtHm23RisEBtV3X7
Man of the Woods,Justin Timberlake,,,Man of the Woods,2018-02-02,4KTU5aa5s547f1JF5DImhF,RCA Records Label,USRC11703497,5468425,31TPClRtHm23RisEBtV3X7
Supplies,Justin Timberlake,,,Man of the Woods,2018-02-02,6jT85s2dZ55HBqjXYi2rfI,RCA Records Label,USRC11702976,4093365,31TPClRtHm23RisEBtV3X7
Midnight Summer Jam,Justin Timberlake,,,Man of the Woods,2018-02-02,1KAhsLqLYiqCZ1G8ljKDtB,RCA Records Label,USRC11703494,1399525,31TPClRtHm23RisEBtV3X7
Sauce,Justin Timberlake,,,Man of the Woods,2018-02-02,249c7UYQRwLb8tUykq8IwX,RCA Records Label,USRC11703496,791979,31TPClRtHm23RisEBtV3X7
Higher Higher,Justin Timberlake,,,Man of the Woods,2018-02-02,7GfhZZq8plOVTeqsDMbftc,RCA Records Label,USRC11703499,769418,31TPClRtHm23RisEBtV3X7
Get Out,CHVRCHES,synthpop,Pop,Get Out,2018-01-31,5MbeIktglgTouqOHnVunxp,Glassnote Entertainment Group LLC,GBZN81800001,728706,3CjlHNtplJyTf9npxaPl5w
Morning Light (feat. Alicia Keys),"Justin Timberlake, Alicia Keys","r&b, neo soul",R&B,Man of the Woods,2018-02-02,3KnLHwhRhJGuQM822JVSoI,RCA Records Label,USRC11703502,722801,"31TPClRtHm23RisEBtV3X7, 3DiDSECUqqY1AuBP8qtaIa"
Attention (feat. Offset),"Rich Brian, Offset",,,Amen,2018-02-02,16wWFYS9S4hKBk2Ofj3Ss6,88rising Music / EMPIRE,USUYG1181126,670987,"2IDLDx25HU1nQMKde4n61a, 4DdkRBBYG6Yk9Ka8tdJ9BW"
Wave,Justin Timberlake,,,Man of the Woods,2018-02-02,1a8051h021Rfl01OhAjjV6,RCA Records Label,USRC11703500,658139,31TPClRtHm23RisEBtV3X7
Bad Boy,Red Velvet,k-pop,Pop,The Perfect Red Velvet - The 2nd Album Repackage,2018-01-29,5GKwq4sO5ZHKuWaDmdwMQc,SM Entertainment,KRA301800049,621280,1z4g3DjTBBZKhvAroFlhOM
Montana,Justin Timberlake,,,Man of the Woods,2018-02-02,3mNfKVgSiejiZYmFRVjNbQ,RCA Records Label,USRC11703506,600476,31TPClRtHm23RisEBtV3X7
Pray For Me (with Kendrick Lamar),"The Weeknd, Kendrick Lamar","hip hop, west coast hip hop",Hip Hop,Pray For Me (with Kendrick Lamar),2018-02-02,6ZNo7Vi0TE9ul1fhKd4S1M,Top Dawg Ent./Aftermath/Interscope Records,USUM71800001,13246723,"1Xyo4u8uXC1ZmMpatF05PJ, 2YZyLoL8N0Wb9xBt1NhZWg"
Dreamer,Axwell /\ Ingrosso,,,More Than You Know,2017-07-28,7hvxMYq9JW5W0vFwiu1Zdr,Universal Music Group,GBUM71706224,32917556,2XnBwblw31dfGnspMIwgWz
El Farsante - Remix,"Ozuna, Romeo Santos","reggaeton, latin, trap latino, urbano latino, bachata, bachata pop","Latin, Pop",El Farsante (Remix),2018-01-30,7uYgVgRSgqluZclLS7wpp4,VP Records Corp/Dimelo Vi,USXDR1800020,88599256,"1i8SpTcr7yvPOmcqrbnVXY, 5lwmRuXgjX8xIwlnauTZIP"
Ta Tum Tum,"MC Kevinho, Simone & Simaria","funk, brazilian funk, funk pop, sertanejo, sertanejo universitário, forró, arrocha, brazilian pop","Country, Hip Hop, Pop, R&B, Latin",Ta Tum Tum,2018-01-30,42TXKY5AaAn4dzAcRLyNoK,Universal Music Group,BRUM71800244,543950,"1mXAhKnZEdF6rotyyd4GBi, 0MInKJqZscEeNc5K3K0mkE"
Bounce Out With That,YBN Nahmir,,,Bounce Out With That,2018-02-01,5lZsh9Qf7CbHI9Fcc7Zcsq,M.M.M. / Human Re Sources,QM24S1801141,45648557,3gGUMEwIX6XodWsYEvKSal
rockstar,"Post Malone, 21 Savage",,,rockstar,2017-09-15,1OmcAT5Y8eg5bUPv9qJT4R,Universal Music Group,USUM71710087,34790724,"246dkjvS1zLTtiykXe5h60, 1URnnhqYAYcrqrcwql10ft"
T'd Up,Rae Sremmurd,,,T’d Up,2018-02-05,2Bv0MbaqYx2IrQa7Z6xBT0,Eardruma /Interscope Records,USUM71801097,1845148,7iZtZyCzp3LItcw1wtPI3D
Heaven,Julia Michaels,,,Heaven [From  Fifty Shades Freed (Original Motion Picture Soundtrack) ],2018-01-26,4QfNOZN7vrQCQKK1ZJ3XPb,Universal Music AB,USQ4E1703344,87496453,0ZED1XzwlLHW4ZaG4lOT6m
All of Me,John Legend,"soft pop, neo soul","R&B, Pop",Love In The Future (South Africa Tour Edition),2012-00-00,3uhBIQ7tv8j1FME8cFGEfG,G.O.O.D. Music/Columbia,USSM11303954,36983504,5y2Xq6xcjJb2jVM54GHK3t
Halo,Beyoncé,,,I AM...SASHA FIERCE - Platinum Edition,2008-00-00,2CvOqDpQIMw69cCzWqr5yr,Music World Music/Columbia,USSM10804556,57450572,6vWDO969PvNqNYHIOW5v0m
All The Stars (with SZA),"Kendrick Lamar, SZA","hip hop, west coast hip hop, r&b","Hip Hop, R&B",Black Panther The Album Music From And Inspired By,2018-02-09,2Imq77E6CEJR5TPUxlJvTY,Universal Music Group,USUM71713947,71377350,"2YZyLoL8N0Wb9xBt1NhZWg, 7tYKF4w9nC0nq9CsPZTHyP"
Black Panther,Kendrick Lamar,"hip hop, west coast hip hop",Hip Hop,Black Panther The Album Music From And Inspired By,2018-02-09,3vKU0GTHo5nl3kTCYAiqc3,Universal Music Group,USUM71714096,2305438,2YZyLoL8N0Wb9xBt1NhZWg
X (with 2 Chainz & Saudi),"ScHoolboy Q, 2 Chainz, Saudi","rap, southern hip hop, ",Hip Hop,Black Panther The Album Music From And Inspired By,2018-02-09,4iEpZuwhEuoilKaZjXQPbF,Universal Music Group,USUM71714098,2204390,"5IcR3N7QB1j6KBL8eImZ8m, 17lzZA2AlOHwCwFALHttmp, 37Qsf5KCKljH7mL134xp4k"
The Ways (with Swae Lee),"Khalid, Swae Lee",,,Black Panther The Album Music From And Inspired By,2018-02-09,3pf6HWXtEalIWoZcPTFbc6,Universal Music Group,USUM71714102,1907247,"6LuN9FCkKOj5PcnpouEgny, 1zNqQNIdeOUZHb8zbZRFMX"
Big Shot (with Travis Scott),"Kendrick Lamar, Travis Scott","hip hop, west coast hip hop, rap",Hip Hop,Black Panther The Album Music From And Inspired By,2018-02-09,5cXg9IQS34FzLVdHhp7hu7,Black Panther (TDE/DMG) PS,USUM71714108,28625633,"2YZyLoL8N0Wb9xBt1NhZWg, 0Y5tJX1MQlPlqiwlOH1tJY"
FRIENDS,"Marshmello, Anne-Marie","edm, ",Electronic,FRIENDS,2018-02-09,08bNPGLD8AhKpnnERrAc6G,Atlantic Records UK,GBAHS1800025,597890782,"64KEffDW9EtZ1y2vBYgq8T, 1zNqDE7qDGCsyzJwohVaoX"
Look Alive (feat. Drake),"BlocBoy JB, Drake","memphis rap, rap, hip hop",Hip Hop,Look Alive (feat. Drake),2018-02-09,4qKcDkK6siZ7Jp1Jb4m0aL,OVO Sound/Warner Records,USWB11800211,496266105,"4TEJudQY2pXxVHPE3gD2EU, 3TVXtAsR1Inumwj472S9r4"
Opps (with Yugen Blakrok),"Vince Staples, Yugen Blakrok",,,Black Panther The Album Music From And Inspired By,2018-02-09,0Pw6Gg8QChw5iSRRSrcWXP,Universal Music Group,USUM71714103,1384966,"68kEuyFKyqrdQQLLsmiatm, 3kv1Edgn5HlEWCuEKr1Y9x"
Paramedic!,SOB X RBE,hyphy,Hip Hop,Black Panther The Album Music From And Inspired By,2018-02-09,2tPcTFiQF9MbVUyjZ3zDhA,Black Panther (TDE/DMG) PS,USUM71714105,26779571,2TImI3DW7o5MdRXJs4D37h
I Am,Jorja Smith,,,Black Panther The Album Music From And Inspired By,2018-02-09,0DJBgBiYeSn6n1AXAkFVE8,Black Panther (TDE/DMG) PS,USUM71714104,11997790,1CoZyIx7UvdxT5c8UkMzHd
Nuh Ready Nuh Ready (feat. PARTYNEXTDOOR),"Calvin Harris, PARTYNEXTDOOR","edm, r&b","Electronic, R&B",Nuh Ready Nuh Ready (feat. PARTYNEXTDOOR),2018-02-08,2rYyq0b3XWwmWl0k727OVG,Columbia,GBARL1800141,5540145,"7CajNmpbOovFoOoasH2HaY, 2HPaUgqeutzr3jx5a9WyDV"
Bloody Waters (with Anderson .Paak & James Blake),"Ab-Soul, Anderson .Paak, James Blake",,,Black Panther The Album Music From And Inspired By,2018-02-09,0YOXGfOvoxzAl9XkxH8eEK,Universal Music Group,USUM71714107,1080793,"0g9vAlRPK9Gt3FKCekk4TW, 3jK9MiCrA42lLAdMGUZpwa, 53KwLdlmrlCelAZMaLVZqU"
Wild Love,James Bay,,,Wild Love,2018-02-08,6JnRLa50GuHzF0ucg9AGMI,Universal Music Group,USUM71800827,933223,4EzkuveR9pLvDVFNx6foYD
Redemption (with Babes Wodumo),"Zacari, Babes Wodumo",gqom,Traditional music,Black Panther The Album Music From And Inspired By,2018-02-09,4YMHk2VRIQpRv4aFtRzH12,Universal Music Group,USUM71714100,868398,"3qBKjEOanahMxlRojwCzhI, 3jfVtv9mWfW0c5b3Fx440e"
Redemption Interlude,Zacari,,,Black Panther The Album Music From And Inspired By,2018-02-09,0bi1T5Y9aXT4JAOOU2NLcV,Universal Music Group,USUM71714142,825060,3qBKjEOanahMxlRojwCzhI
Scooby Doo Pa Pa,Dj Kass,,,Scooby Doo Pa Pa,2018-01-19,7qwULjvTujatIaoWC1lu8b,eOne Music,TCADG1759991,5579567,431Pb5EV8KsCBGTw96ZTQ4
Seasons (with Sjava & Reason),"Mozzy, Sjava, REASON","afro soul, afropop, ","R&B, Pop",Black Panther The Album Music From And Inspired By,2018-02-09,35cOyocq8Gb6UcT0NWeTwn,Black Panther (TDE/DMG) PS,USUM71714097,2550629,"4AA474G2hRfrHyGrfyDseO, 4RfOLIFy2xEmlWzXEVmLJn, 6XpXnnKHIhCOUbOLOJGe6o"
Ta Tum Tum,"MC Kevinho, Simone & Simaria","funk, brazilian funk, funk pop, sertanejo, sertanejo universitário, forró, arrocha, brazilian pop","Country, Hip Hop, Pop, R&B, Latin",Ta Tum Tum,2018-01-29,6etab3UBCo5GOTMZqUvRka,Universal Music Ltda.,BRUM71800244,7354248,"1mXAhKnZEdF6rotyyd4GBi, 0MInKJqZscEeNc5K3K0mkE"
All The Stars (with SZA),"Kendrick Lamar, SZA","hip hop, west coast hip hop, r&b","Hip Hop, R&B",Black Panther The Album Music From And Inspired By,2018-02-09,3GCdLUSnKSMJhs4Tj6CV3s,Black Panther (TDE/DMG) PS,USUM71713947,337315067,"2YZyLoL8N0Wb9xBt1NhZWg, 7tYKF4w9nC0nq9CsPZTHyP"
X (with 2 Chainz & Saudi),"ScHoolboy Q, 2 Chainz, Saudi","rap, southern hip hop, ",Hip Hop,Black Panther The Album Music From And Inspired By,2018-02-09,4LmAnpjlhWTahvRkYR8xJa,Black Panther (TDE/DMG) PS,USUM71714098,51930091,"5IcR3N7QB1j6KBL8eImZ8m, 17lzZA2AlOHwCwFALHttmp, 37Qsf5KCKljH7mL134xp4k"
Black Panther,Kendrick Lamar,"hip hop, west coast hip hop",Hip Hop,Black Panther The Album Music From And Inspired By,2018-02-09,5qN4HFkapdAOV94XPryVof,Black Panther (TDE/DMG) PS,USUM71714096,15371561,2YZyLoL8N0Wb9xBt1NhZWg
The Ways (with Swae Lee),"Khalid, Swae Lee",,,Black Panther The Album Music From And Inspired By,2018-02-09,5jyyPsIGM2yqkZN9R3TmvN,Black Panther (TDE/DMG) PS,USUM71714102,37656659,"6LuN9FCkKOj5PcnpouEgny, 1zNqQNIdeOUZHb8zbZRFMX"
Opps (with Yugen Blakrok),"Vince Staples, Yugen Blakrok",,,Black Panther The Album Music From And Inspired By,2018-02-09,7bUcBztfGqO7cSI2gMZeCI,Black Panther (TDE/DMG) PS,USUM71714103,13917890,"68kEuyFKyqrdQQLLsmiatm, 3kv1Edgn5HlEWCuEKr1Y9x"
Bloody Waters (with Anderson .Paak & James Blake),"Ab-Soul, Anderson .Paak, James Blake",,,Black Panther The Album Music From And Inspired By,2018-02-09,4KXwFI9pgJLpUIAc9oSL8j,Black Panther (TDE/DMG) PS,USUM71714107,6926607,"0g9vAlRPK9Gt3FKCekk4TW, 3jK9MiCrA42lLAdMGUZpwa, 53KwLdlmrlCelAZMaLVZqU"
Scooby Doo Pa Pa,Dj Kass,,,Scooby Doo Pa Pa,2017-09-12,0SSfauqRemnAzOmTJyMn3v,Dj Kass,TCADM1834235,1630610,431Pb5EV8KsCBGTw96ZTQ4
Redemption (with Babes Wodumo),"Zacari, Babes Wodumo",gqom,Traditional music,Black Panther The Album Music From And Inspired By,2018-02-09,76iVOVsliCHlWqKuDnCfhE,Black Panther (TDE/DMG) PS,USUM71714100,4810228,"3qBKjEOanahMxlRojwCzhI, 3jfVtv9mWfW0c5b3Fx440e"
Redemption Interlude,Zacari,,,Black Panther The Album Music From And Inspired By,2018-02-09,4FpfU1O7WCLBnmwu5XAFk4,Black Panther (TDE/DMG) PS,USUM71714142,1198826,3qBKjEOanahMxlRojwCzhI
Envolvimento,MC Loma e As Gêmeas Lacração,"funk, brega funk, funk pop, brazilian funk","Hip Hop, Pop, R&B",Envolvimento,2018-02-02,1Wolb8MRcXR2IMMaELTRpE,Start Music,QZ5AB1857661,2844380,6tdM5Njlln7nWkonCppW0u
For You (Fifty Shades Freed) (& Rita Ora),"Liam Payne, Rita Ora",,,For You (Fifty Shades Freed) [From  Fifty Shades Freed (Original Motion Picture Soundtrack) ],2018-01-05,4ESIYCrLnFoUd1mVbISDot,Republic/Universal/FSF,USQ4E1703341,1650309,"5pUo3fmmHT8bhCyHE52hA6, 5CCwRZC6euC8Odo6y9X8jr"
Capital Letters,"Hailee Steinfeld, BloodPop®",,,Capital Letters [From  Fifty Shades Freed (Original Motion Picture Soundtrack) ],2018-01-12,2bllegdYt2WoYdbRZyJ730,Republic/Universal/FSF,USQ4E1703340,4346974,"5p7f24Rk5HkUZsaS3BLG5F, 1okJ4NC308qbtY9LyHn6DO"
Heaven - From  Fifty Shades Freed  Soundtrack,Julia Michaels,,,Heaven [From  Fifty Shades Freed (Original Motion Picture Soundtrack) ],2018-01-26,3cysp2UU6xmV61ZlnQsa8s,Republic/Universal/FSF,USQ4E1703344,958865,0ZED1XzwlLHW4ZaG4lOT6m
Make You Feel My Love,Adele,soft pop,Pop,19,2008-01-28,7rPLZ8Krm6CZIbraFUlnWZ,XL Recordings/Columbia,GBBKS0700586,900747,4dpARuHxo51G3z768sgnrY
a thousand years,Christina Perri,soft pop,Pop,a thousand years,2011-10-18,6lanRgr6wXibZr8KgzXxBl,Atlantic Records,USAT21102141,1258939,7H55rcKCfwqkyDFH9wpKM6
Take Me to Church,Hozier,,,Hozier (Special Edition),2014-09-19,3KYOGt8IO6j8wptkG9THag,Columbia,USSM11307291,8179224,2FXC3k01G6Gw61bmprjgqS
Love Me Like You Do - From  Fifty Shades Of Grey ,Ellie Goulding,,,Delirium (Deluxe),2015-11-06,3zHq9ouUJQFQRf3cm1rRLu,Polydor Records,GBUM71406823,695947,0X2BH1fck6amBIoJhDVmmJ
Let Her Go,Passenger,folk pop,Pop,All The Little Lights,2012-00-00,2jyjhRf6DVbMPU5zxagN2h,Inertia Pty Limited,GBMQN1100004,15939790,0gadJ2b9A4SKsB1RFkBb66
Iris,The Goo Goo Dolls,,,Dizzy up the Girl,1998-00-00,6Qyc6fS4DsZjB2mRW9DsQs,Warner Records,USWB19800160,613337,2sil8z5kiy4r76CRTXxBCA
Passionfruit,Drake,"rap, hip hop",Hip Hop,More Life,2017-03-18,5mCPDVBb16L4XQwDdbRUpz,Cash Money Records/Young Money Ent./Universal Rec.,USCM51700072,42051021,3TVXtAsR1Inumwj472S9r4
The Night We Met,Lord Huron,,,Strange Trails,2015-04-06,6mORGLOz79w6VsCRLWYYuK,Play It Again Sam,US53Q1200103,11033254,6ltzsmQQbmdoHHbLZ4ZN25
Love Yourself,Justin Bieber,,,Purpose (Deluxe),2015-11-13,3hB5DgAiMAQ4DzYbsMq1IT,Universal Music Group,USUM71516761,560456,1uNFoZAHBGtllmzznpCI3s
Love Lies,"Khalid, Normani",,,Love Lies,2018-02-14,45Egmo7icyopuzJN0oMEdk,RCA Records Label,USRC11703646,452268212,"6LuN9FCkKOj5PcnpouEgny, 2cWZOOzeOm4WmBJRnD5R7I"
You Owe Me,The Chainsmokers,,,Sick Boy...You Owe Me,2018-02-16,1USJRpWDFhxwhCajPXBeel,Disruptor Records/Columbia,USQX91702850,27084038,69GGBxA162lTqCwzJG5jLp
Amorfoda,Bad Bunny,"reggaeton, trap latino, latin, urbano latino",Latin,Amorfoda,2018-02-15,3ITvHA9zhZZdBJsOsAUegF,Rimas Entertainment LLC,QM24S1802664,154316457,4q3ewBCX7sLwd24euuV69X
Thought Contagion,Muse,"alternative rock, rock",Rock,Thought Contagion,2018-02-15,35zrlBOjpfDPMcZzglWOuV,Warner Bros.,GBAHT1800045,785564,12Chz98pHFMPJEknJQMWvI
Moon River,Frank Ocean,,,Moon River,2018-02-14,41cpvQ2GyGb2BRdIRSsTqK,Blonded,QM24S1802611,749295,2h93pZq0e7k5yf4dywlkpM
Getting Over You,Lauv,,,Getting Over You,2018-02-14,2BNkTvg1kHAAfGvqh56x5a,Lauv,GBWWP1803555,22248753,5JZ7CnR6gTvEMKX4g70Amv
"1, 2, 3 (feat. Jason Derulo & De La Ghetto)","Sofía Reyes, Jason Derulo, De La Ghetto","latin pop, reggaeton, trap latino, urbano latino","Pop, Latin","1, 2, 3 (feat. Jason Derulo & De La Ghetto)",2018-02-16,4QtiVmuA88tPQiCOHZuQ5b,WEA Latina,USWL11700238,268015011,"0haZhu4fFKt0Ag94kZDiz2, 07YZf4WDAMNwqr4jfgOZ8y, 3EiLUeyEcA6fbRPSHkG5kb"
Mad Love,"Sean Paul, David Guetta, Becky G","dancehall, edm, dance, reggaeton, latin","Electronic, Traditional music, Latin",Mad Love,2018-02-15,3soOPBuMK8YMdWnV7xpEyf,Universal-Island Records Ltd.,GBUM71800437,129819488,"3Isy6kedDrgPYoTS1dazA9, 1Cs0zKBU1kc0i8ypK3B9ai, 4obzFoKoKRHIphyHzJ35G3"
rockstar,"Post Malone, 21 Savage",,,rockstar (feat. 21 Savage),2018-02-02,2U7Hu2RaNQNRi7izoJyZaX,Universal Music Group,USUM71710087,168998886,"246dkjvS1zLTtiykXe5h60, 1URnnhqYAYcrqrcwql10ft"
Me Niego (feat. Ozuna & Wisin),"Reik, Ozuna, Wisin","latin pop, reggaeton, latin, trap latino, urbano latino","Latin, Pop",Me Niego (feat. Ozuna & Wisin),2018-02-16,6jA8JUuPCGYjFcgw0AoM5T,RCA Records Label,MXF011800071,332540769,"0vR2qb8m9WHeZ5ByCbimq2, 1i8SpTcr7yvPOmcqrbnVXY, 3E6xrwgnVfYCrCs0ePERDz"
Leave a Light On,Tom Walker,,,Leave a Light On,2017-10-13,6lOWoTqVnAWXchddtTH31W,Relentless Records,GBARL1701655,47107345,7z2avKuuiMAT4XZJFv8Rvh
Cocky (feat. London On Da Track),"A$AP Rocky, Gucci Mane, 21 Savage, London On Da Track","rap, southern hip hop, trap, ",Hip Hop,Cocky (feat. London On Da Track),2018-02-16,1nO2NjuFkGaAWcMdJ1pNrp,RCA Records Label,USRC11800213,3981514,"13ubrt8QOOCPljQ2FL1Kca, 13y7CgLHjMVRMDqxdx0Xdo, 1URnnhqYAYcrqrcwql10ft, 5Nf5yishRW9Ye174sJISkg"
Amorfoda,Bad Bunny,"reggaeton, trap latino, latin, urbano latino",Latin,Amorfoda,2018-02-15,3zaMCRR8g6AvyMLMcuQ73N,Hear This Music Dist.,TCADM1875911,2098263,4q3ewBCX7sLwd24euuV69X
Do Right,Glades,,,Do Right,2017-12-15,45w70aQhNwke1yrQZO0ffm,Glades,TCADJ1751740,3669956,14rP13jdQNgQvuPA2AkBgm
Sick Boy,The Chainsmokers,,,Sick Boy...You Owe Me,2018-02-16,2IKZkwHI5zsZf70STuhvOX,Disruptor Records/Columbia,USQX91702676,48631415,69GGBxA162lTqCwzJG5jLp
Thunder,Imagine Dragons,,,Evolve,2017-06-23,5VnDkUNyX6u5Sk0yZiP8XB,Kid Ina Korner / Interscope,USUM71704167,8035654,53XhwfbYqKCa1cC15pYq2q
Believer,Imagine Dragons,,,Evolve,2017-06-23,1NtIMM4N0cFa1dNzN15chl,Kid Ina Korner / Interscope,USUM71700626,5902438,53XhwfbYqKCa1cC15pYq2q
Whatever It Takes,Imagine Dragons,,,Evolve,2017-06-23,73NbHgUZ51H65Bfo2HFKUi,Kid Ina Korner / Interscope,USUM71703515,4378802,53XhwfbYqKCa1cC15pYq2q
Psycho (feat. Ty Dolla $ign),"Post Malone, Ty Dolla $ign",,,Psycho (feat. Ty Dolla $ign),2018-02-23,7wrDRQgHlvDnimrRHfQZxt,Universal Music Group,USUM71710836,9132272,"246dkjvS1zLTtiykXe5h60, 7c0XG5cIJTrrAgEC3ULPiq"
Want You Back,5 Seconds of Summer,,,Want You Back,2018-02-22,2Pvr8rYuh5J8V7QglJhH6W,Universal Music Group,GBUM71800363,25493383,5Rl15oVamLq7FbSb0NNBNy
44 More,Logic,,,44 More,2018-02-23,2V1nJCtknnPvSFUJ0a7BUk,Universal Music Group,USUM71801134,1752164,4xRYI6VqpkE3UwrDrAZL8L
Like I Do,"David Guetta, Martin Garrix, Brooks","edm, dance, electronica, progressive house, future house",Electronic,Like I Do,2018-02-22,6RnkFd8Fqqgk1Uni8RgqCQ,Parlophone (France),GB28K1820005,188302301,"1Cs0zKBU1kc0i8ypK3B9ai, 60d24wfXkVzDSfLS6hyCjZ, 4mHAu7NX2UNsnGXjviBD9e"
Next To Me,Imagine Dragons,,,Evolve,2017-06-23,7EUfNvyCVxQV3oN5ScA2Lb,Universal Music Group,USUM71704654,6244230,53XhwfbYqKCa1cC15pYq2q
BILLY,6ix9ine,,,DAY69,2018-02-23,1Caok88z2uxMiPt4oV055r,ScumGang Records / TenThousand Projects,QMEU31802751,1156466,7gZfnEnfiaHzxARJ2LeXrf
RONDO,"6ix9ine, Tory Lanez, Young Thug","rap, melodic rap, trap",Hip Hop,DAY69,2018-02-23,0d2vY2TqqmWPuXUm1vcwa5,ScumGang Records / TenThousand Projects,QMEU31802847,1106955,"7gZfnEnfiaHzxARJ2LeXrf, 2jku7tDXc6XoB6MO2hFuqg, 50co4Is1HCEo8bhOyUWKpn"
KEKE,"6ix9ine, Fetty Wap, A Boogie Wit da Hoodie",melodic rap,Hip Hop,DAY69,2018-02-23,2riK2ngTJvk4gk71b3Hem4,ScumGang Records / TenThousand Projects,QMEU31800083,932236,"7gZfnEnfiaHzxARJ2LeXrf, 6PXS4YHDkKvl1wkIl4V8DL, 31W5EY0aAly4Qieq6OFu6I"
GUMMO,6ix9ine,,,DAY69,2018-02-23,0VtxQUpwnkeedz0QhhuOgA,ScumGang Records / TenThousand Projects,QMEU31720103,8618214,7gZfnEnfiaHzxARJ2LeXrf
Make Me Feel,Janelle Monáe,alternative r&b,R&B,Make Me Feel,2018-02-22,79GsUxLyzxgnN4I1E11dtO,Bad Boy Records,USAT21800745,802089,6ueGR6SWhUJfvEhqkvMsVs
KOODA,6ix9ine,,,DAY69,2018-02-23,1ob7M7lGdLSE0IWi2ymy6x,ScumGang Records / TenThousand Projects,QMEU31723575,624067,7gZfnEnfiaHzxARJ2LeXrf
Wait (feat. A Boogie Wit da Hoodie),"Maroon 5, A Boogie Wit da Hoodie","pop, melodic rap","Hip Hop, Pop",Wait (feat. A Boogie Wit da Hoodie),2018-01-26,0SvxydoxEEkXt9aMAqTfpB,Interscope Records*,USUM71800126,3223536,"04gDigrS5kc9YWfZHwBETP, 31W5EY0aAly4Qieq6OFu6I"
Psycho (feat. Ty Dolla $ign),"Post Malone, Ty Dolla $ign",,,Psycho (feat. Ty Dolla $ign),2018-02-23,65NwOZqoXny4JxqAPlfxRF,Universal Records,USUM71710836,271160926,"246dkjvS1zLTtiykXe5h60, 7c0XG5cIJTrrAgEC3ULPiq"
44 More,Logic,,,44 More,2018-02-23,6iyp6udVpLuq3MCUulZT4h,Def Jam Recordings,USUM71801134,15676456,4xRYI6VqpkE3UwrDrAZL8L
RONDO,"6ix9ine, Tory Lanez, Young Thug","rap, melodic rap, trap",Hip Hop,DAY69,2018-02-23,1Y500yrabUJY2mIQS3RDt4,ScumGang Records / TenThousand Projects,QMEU31802847,5393673,"7gZfnEnfiaHzxARJ2LeXrf, 2jku7tDXc6XoB6MO2hFuqg, 50co4Is1HCEo8bhOyUWKpn"
BILLY,6ix9ine,,,DAY69,2018-02-23,7bRRHQelMfrP86QYQlCsAq,ScumGang Records / TenThousand Projects,QMEU31802751,23569543,7gZfnEnfiaHzxARJ2LeXrf
KEKE,"6ix9ine, Fetty Wap, A Boogie Wit da Hoodie",melodic rap,Hip Hop,DAY69,2018-02-23,7q1ikCoQLytPP5TTzDy7JK,ScumGang Records / TenThousand Projects,QMEU31800083,8145479,"7gZfnEnfiaHzxARJ2LeXrf, 6PXS4YHDkKvl1wkIl4V8DL, 31W5EY0aAly4Qieq6OFu6I"
Mi Mala - Remix,"Mau y Ricky, KAROL G, Becky G, Leslie Grace, Lali","reggaeton, latin pop, latin, urbano latino, bachata, ","Latin, Pop",Mi Mala (Remix),2018-02-09,6kOHug1s9Nd5gsHrX8irs2,Sony Music Latin,USSD11800007,529536,"2wkoKEfS6dXwThbyTnZWFU, 790FomKkXshlbRYZFtlgla, 4obzFoKoKRHIphyHzJ35G3, 6BeO1KuAWBqFriL1mLHtNc, 22P1OY4TRFRwhP0q29loQ8"
The Middle,"Zedd, Maren Morris, Grey","edm, country, ","Country, Electronic",The Middle,2018-01-23,2ARqIya5NAuvFVHSN3bL0m,Universal Music Group,USUM71800463,315848197,"2qxJFvFYMEDqd7ui6kSAcq, 6WY7D3jk8zTrHtmkqqo5GI, 4lDBihdpMlOalxy1jkUbPl"
Beautiful,Bazzi,,,Beautiful,2017-09-18,1OilOIju6R9ia8vilNjChh,Bazzi,TCADE1707724,27058509,4GvEc3ANtPPjt1ZJllr5Zl
Plug Walk,Rich The Kid,trap,Hip Hop,Plug Walk,2018-02-08,0gD6lWJhbXHWNVwQziSVvl,Interscope Records,USUM71800892,34621182,1pPmIToKXyGdsCF6LmqLmI
Mamita,CNCO,"reggaeton, latin",Latin,Mamita,2017-10-20,5ojXuKXBYq0apcNucYSDXq,Sony Music Latin,USSD11700441,8147547,0eecdvMrqBftK0M1VKhaF4
Thunder,Imagine Dragons,,,Evolve,2017-06-23,26gceVsA1ybT8qsX3aYLEn,Universal Music Group,USUM71704167,127150040,53XhwfbYqKCa1cC15pYq2q
Believer,Imagine Dragons,,,Evolve,2017-06-23,7Izh7zLJGw1Nscd62Exxj4,Universal Music Group,USUM71700626,119403750,53XhwfbYqKCa1cC15pYq2q
Whatever It Takes,Imagine Dragons,,,Evolve,2017-06-23,7F3uo3304R2CTvOseU3H7u,Universal Music Group,USUM71703515,83287973,53XhwfbYqKCa1cC15pYq2q
I'm Yours,Jason Mraz,"soft pop, acoustic pop",Pop,We Sing. We Dance. We Steal Things. (Bonus Tracks Version),2008-05-01,3S0OXQeoh0w6AY8WQVckRW,Atlantic Records/ATG,USEE10800667,155827508,4phGZZrJZRo4ElhRtViYdl
SAD!,XXXTENTACION,emo rap,Hip Hop,SAD!,2018-03-02,35ieKju5aLWFN5UgfJ27mL,"Bad Vibes Forever, LLC",USUG11800208,33816842,15UsOTVnJzReFVN1VCnxy4
Everyday,"Logic, Marshmello",edm,Electronic,Everyday,2018-03-02,6zOhgKfbMiQWToE6K13s2s,Def Jam Recordings,USUM71802154,10837024,"4xRYI6VqpkE3UwrDrAZL8L, 64KEffDW9EtZ1y2vBYgq8T"
"Top Off (feat. JAY Z, Future & Beyoncé)","DJ Khaled, JAY-Z, Future, Beyoncé","hip hop, east coast hip hop, rap, ",Hip Hop,"Top Off (feat. JAY Z, Future & Beyoncé)",2018-03-02,1W6wxOOYyJyyok8fqYSZ3m,Epic/We The Best,USSM11802097,17117917,"0QHgL1lAIqAw0HtD7YldmP, 3nFkdlSjzX9mRTtwJOzDYB, 1RyvyyTE3xzB2ZywiAwp0i, 6vWDO969PvNqNYHIOW5v0m"
X,"Nicky Jam, J Balvin","reggaeton, latin",Latin,X,2018-03-02,39N9RPD9MRb5WmoLzNzPeA,Sony Music Latin,USSD11800024,475658351,"1SupJlEpv7RS2tPNRaHViT, 1vyhD5VmyZ7KMfW5gqLgo5"
changes,XXXTENTACION,emo rap,Hip Hop,changes,2018-03-02,4PANCoXZX3RaT2D6mqSdEU,"Bad Vibes Forever, LLC",USUG11800211,12417742,15UsOTVnJzReFVN1VCnxy4
Powerglide (feat. Juicy J),"Rae Sremmurd, Swae Lee, Slim Jxmmi, Juicy J","memphis rap, crunk",Hip Hop,Powerglide (feat. Juicy J),2018-03-01,2yUbCEiaolfSMluDo9RMmG,Eardruma/Interscope Records,USUM71802281,69859507,"7iZtZyCzp3LItcw1wtPI3D, 1zNqQNIdeOUZHb8zbZRFMX, 7EEiVZvj6RCEtVX2F2pyxu, 5gCRApTajqwbnHHPbr2Fpi"
Dime Si Te Acuerdas,Bad Bunny,"reggaeton, trap latino, latin, urbano latino",Latin,Dime Si Te Acuerdas,2018-02-22,49VSioK272TASR4r9vRTuP,Rimas Entertainment LLC,QM24S1803356,4311972,4q3ewBCX7sLwd24euuV69X
Put Me Back Together (feat. Kiiara),"Cheat Codes, Kiiara",,,Put Me Back Together (feat. Kiiara),2018-03-01,2zLIP4R6Yt3afkyh7uhmar,300 Entertainment,QMCE31801672,669244,"7DMveApC7UnC2NPfPvlHSU, 4u5smJBskI6Adzv08PuiUP"
B.I.D,Tory Lanez,,,MEMORIES DON'T DIE,2018-03-02,5mTdAqporE8e0dEk1U8Pkx,Universal Music Group,USUM71800614,632866,2jku7tDXc6XoB6MO2hFuqg
Daydream (백일몽),j-hope,"k-pop, k-rap","Pop, Hip Hop",Hope World,2018-03-02,4YAgH8s0JFfwikTNwe0aIk,BIGHIT MUSIC / HYBE,QMDA61890753,623057,0b1sIQumIAsNbqAoIClSpy
No Excuses,Meghan Trainor,,,No Excuses,2018-03-01,7fCNUWi6uflDTQ08srxMZk,Epic,USSM11801528,606497,6JL8zeS1NmiOftqZTRgdTz
Hurt To Look (feat. Rae Sremmurd),"Swae Lee, Rae Sremmurd",,,Hurt To Look (feat. Rae Sremmurd),2018-03-01,07VJGBnywGutMZ72kRyEop,Eardruma/Interscope Records,USUM71802283,582233,"1zNqQNIdeOUZHb8zbZRFMX, 7iZtZyCzp3LItcw1wtPI3D"
Amantes de una Noche,"NATTI NATASHA, Bad Bunny","reggaeton, latin, urbano latino, bachata, trap latino",Latin,Amantes de una Noche,2018-01-12,2iCOdoyDmWG3hWkbtH1KB2,Pina Records,USB271800102,2125248,"1GDbiv3spRmZ1XdM1jQbT7, 4q3ewBCX7sLwd24euuV69X"
Everyday,"Logic, Marshmello",edm,Electronic,Bobby Tarantino II,2018-03-09,4EAV2cKiqKP5UPZmY6dejk,Def Jam Recordings,USUM71802154,111237863,"4xRYI6VqpkE3UwrDrAZL8L, 64KEffDW9EtZ1y2vBYgq8T"
Contra,Logic,,,Bobby Tarantino II,2018-03-09,7u90MSvVyEjL0c8icaE7jl,Def Jam Recordings,USUM71802492,17050512,4xRYI6VqpkE3UwrDrAZL8L
44 More,Logic,,,Bobby Tarantino II,2018-03-09,3e7Y6sfFlIdBMJhX7wpqVO,Def Jam Recordings,USUM71801134,38760252,4xRYI6VqpkE3UwrDrAZL8L
Overnight,Logic,,,Bobby Tarantino II,2018-03-09,3s3VVLE1kB7Xk2AoJKlGmr,Def Jam Recordings,USUM71802490,9967108,4xRYI6VqpkE3UwrDrAZL8L
Indica Badu,"Logic, Wiz Khalifa",rap,Hip Hop,Bobby Tarantino II,2018-03-09,0jqBo5RYn008f4ZY8kPewW,Def Jam Recordings,USUM71802517,8497659,"4xRYI6VqpkE3UwrDrAZL8L, 137W8MRPWKqSmrBGDBFSop"
Bella,Wolfine,reggaeton,Latin,Bella,2017-12-29,3xcCix7Jv1Rp90YVmgo35D,WM Mexico,COC011732190,113351983,2OnKRchqP7tT0FzTvWIFI7
Wassup,"Logic, Big Sean",,,Bobby Tarantino II,2018-03-09,5KVciTEfXvpcFHR3RFbtJy,Def Jam Recordings,USUM71802525,7285644,"4xRYI6VqpkE3UwrDrAZL8L, 0c173mlxpT3dSFRgMO8XPh"
BoomTrap Protocol,Logic,,,Bobby Tarantino II,2018-03-09,4fZxGiES1FKbNqJPrI4L3s,Def Jam Recordings,USUM71802515,6169468,4xRYI6VqpkE3UwrDrAZL8L
Yuck,Logic,,,Bobby Tarantino II,2018-03-09,0D5CXSUx8GOCHSY8KWgi9h,Def Jam Recordings,USUM71802494,7013230,4xRYI6VqpkE3UwrDrAZL8L
Midnight,Logic,,,Bobby Tarantino II,2018-03-09,1GtVGc1UYin3zpMUdNSSpM,Def Jam Recordings,USUM71802496,10644787,4xRYI6VqpkE3UwrDrAZL8L
Warm It Up,"Logic, Young Sinatra",,,Bobby Tarantino II,2018-03-09,3W4JFzOQdo5J2Wgt9DFg24,Def Jam Recordings,USUM71802815,6063501,"4xRYI6VqpkE3UwrDrAZL8L, 1iBGuNBYRKnNdKxm0kKNM0"
Wizard Of Oz,Logic,,,Bobby Tarantino II,2018-03-09,2ycWek3FNNVHBhz2TcnOzZ,Def Jam Recordings,USUM71802519,6575701,4xRYI6VqpkE3UwrDrAZL8L
Grandpa's Space Ship,Logic,,,Bobby Tarantino II,2018-03-09,3atCD3dVosUsd3KM2yzfeC,Def Jam Recordings,USUM71802488,2015165,4xRYI6VqpkE3UwrDrAZL8L
State Of Emergency,"Logic, 2 Chainz","rap, southern hip hop",Hip Hop,Bobby Tarantino II,2018-03-09,58cvckETahSOG74RP5WE99,Def Jam Recordings,USUM71802523,5400846,"4xRYI6VqpkE3UwrDrAZL8L, 17lzZA2AlOHwCwFALHttmp"
66,"Lil Yachty, Trippie Redd",melodic rap,Hip Hop,Lil Boat 2,2018-03-09,6tarvNiKnEjYMj1VZhlDqR,"Quality Control Music, LLC",USUM71802600,27152323,"6icQOAFXDZKsumw3YXyusw, 6Xgp2XMz1fhVYe7i6yNAax"
BOOM!,"Lil Yachty, Ugly God",,,Lil Boat 2,2018-03-09,2PsZsnqSMXt4oKi0xHVvgF,"Quality Control Music, LLC",USUM71802566,840500,"6icQOAFXDZKsumw3YXyusw, 3Fdm9TFJQCLmC3AWMuGExi"
TALK TO ME NICE,"Lil Yachty, Quavo",,,Lil Boat 2,2018-03-09,5uAMiB0RMCjdq7p5mEjfY1,"Quality Control Music, LLC",USUM71802922,827936,"6icQOAFXDZKsumw3YXyusw, 0VRj0yCOv2FXJNP47XQnx5"
Sanctify,Olly Alexander (Years & Years),,,Sanctify,2018-03-07,7gbpozqwdFoqvv19BTk2hu,Polydor Records,GBUM71801040,800669,5vBSrE1xujD2FXYRarbAXc
BABY DADDY,"Lil Yachty, Lil Pump, Offset",,,Lil Boat 2,2018-03-09,3ALgsy4RtDm58xl3VNoSgZ,"Quality Control Music, LLC",USUM71802565,1340505,"6icQOAFXDZKsumw3YXyusw, 3wyVrVrFCkukjdVIdirGVY, 4DdkRBBYG6Yk9Ka8tdJ9BW"
she ready,"Lil Yachty, PnB Rock",melodic rap,Hip Hop,Lil Boat 2,2018-03-09,2jey6aQoRNao7Ou9ftOXFC,"Quality Control Music, LLC",USUM71802598,758908,"6icQOAFXDZKsumw3YXyusw, 21WS9wngs9AqFckK7yYJPM"
SELF MADE,Lil Yachty,,,Lil Boat 2,2018-03-09,3Uvi9diL18dYSUc3vcKk0n,"Quality Control Music, LLC",USUM71802597,757372,6icQOAFXDZKsumw3YXyusw
NBAYOUNGBOAT,"Lil Yachty, YoungBoy Never Broke Again",,,Lil Boat 2,2018-03-09,6K2anECyrckidwf5wxS78Q,"Quality Control Music, LLC",USUM71802594,706130,"6icQOAFXDZKsumw3YXyusw, 7wlFDEWiM5OoIAt8RSli8b"
OOPS,"Lil Yachty, 2 Chainz, K$upreme","rap, southern hip hop, ",Hip Hop,Lil Boat 2,2018-03-09,6M1qLtDxfOeBSbM5HnIo54,"Quality Control Music, LLC",USUM71802595,686454,"6icQOAFXDZKsumw3YXyusw, 17lzZA2AlOHwCwFALHttmp, 7trxpXo6hVUnoB22sbCkEd"
GET MONEY BROS.,"Lil Yachty, Tee Grizzley",,,Lil Boat 2,2018-03-09,6asKJPlXOTx6BLyGnEAagB,"Quality Control Music, LLC",USUM71802580,617750,"6icQOAFXDZKsumw3YXyusw, 6AUl0ykLLpvTktob97x9hO"
Ahora,J Balvin,"reggaeton, latin",Latin,Ahora,2018-02-26,54OB85nuxYGfl7qRQXuz7c,Universal Music Group,USUM71802359,51201856,1vyhD5VmyZ7KMfW5gqLgo5
El Préstamo,Maluma,"reggaeton, latin, urbano latino",Latin,El Préstamo,2018-03-09,0QS5rZpm5zN9wV9lJgjyUE,Sony Music Latin,USSD11800080,68793130,1r4hJ1h58CWwUQe3MxPuau
Personal,HRVY,,,Talk To Ya - EP,2017-11-30,1UVuZnfWsGvS9TzZTVIkdv,Universal Music Group,GBUM71705474,2112207,28y6CyJNkGNjJQKrlx4AmN
Nevermind,Dennis Lloyd,,,Nevermind,2017-06-30,63SevszngYpZOwf63o61K4,WM Italy,USHM91642610,360631826,3EOEK57CV77D4ovYVcmiyt
Bounce Out With That FT. YBN Nahmir,"DJ A1, YBN Nahmir",,,Streets Don't Lie 2,2018-03-13,00gpGR84M27moP7AFuqHIx,DJ A1,QM24S1804453,4816077,"7ao5uJZUsPeVpWlNkkjWyx, 3gGUMEwIX6XodWsYEvKSal"
1950,King Princess,,,1950,2018-02-23,0CZ8lquoTX2Dkg7Ak2inwA,"Zelig Records, LLC./Columbia Records",USSM11801303,95139270,6beUvFUlKliUYJdLOXNj9C
Marry Me,Thomas Rhett,"country, acoustic country, pop country",Country,Life Changes,2017-09-08,0OWZFobGSIW9GrSlQ9C5pc,The Valory Music Co.,USLXJ1707373,7333207,6x2LnllRG5uGarZMsD4iO8
SAD!,XXXTENTACION,emo rap,Hip Hop,?,2018-03-16,3ee8Jmje8o58CHK66QrVC2,"Bad Vibes Forever, LLC",USUG11800208,730253235,15UsOTVnJzReFVN1VCnxy4
Moonlight,XXXTENTACION,emo rap,Hip Hop,?,2018-03-16,0JP9xo3adEtGSdUEISiszL,"Bad Vibes Forever, LLC",USUG11800209,512754979,15UsOTVnJzReFVN1VCnxy4
changes,XXXTENTACION,emo rap,Hip Hop,?,2018-03-16,7AFASza1mXqntmGtbxXprO,"Bad Vibes Forever, LLC",USUG11800211,354245338,15UsOTVnJzReFVN1VCnxy4
the remedy for a broken heart (why am I so in love),XXXTENTACION,emo rap,Hip Hop,?,2018-03-16,4UKCKdYiLN6IMA5ZESUTL7,"Bad Vibes Forever, LLC",USUG11800488,160569497,15UsOTVnJzReFVN1VCnxy4
NUMB,XXXTENTACION,emo rap,Hip Hop,?,2018-03-16,01TnVDiet1DFTsyWKUKovl,"Bad Vibes Forever, LLC",USUG11800453,53948923,15UsOTVnJzReFVN1VCnxy4
Freaky Friday (feat. Chris Brown),"Lil Dicky, Chris Brown",r&b,R&B,Freaky Friday (feat. Chris Brown),2018-03-15,10Igtw8bSDyyFs7KIsKngZ,Commission/BMG,QMRSZ1800280,290176541,"1tqhsYv8yBBdwANFNzHtcr, 7bXgB6jMjp9ATFy66eO08Z"
infinity (888) - feat. Joey Bada$$,"XXXTENTACION, Joey Bada$$","emo rap, hip hop, rap",Hip Hop,?,2018-03-16,7J2gyNghNTzl4EsLhXp01Q,"Bad Vibes Forever, LLC",USUG11800504,17446707,"15UsOTVnJzReFVN1VCnxy4, 2P5sC9cVZDToPxyomzF1UH"
going down!,XXXTENTACION,emo rap,Hip Hop,?,2018-03-16,7CkbRn6S0itJqcqn88AtSV,"Bad Vibes Forever, LLC",USUG11800449,20058315,15UsOTVnJzReFVN1VCnxy4
"ALONE, PART 3",XXXTENTACION,emo rap,Hip Hop,?,2018-03-16,2oe6dDthgthqUkfL3czpEd,"Bad Vibes Forever, LLC",USUG11800454,12238320,15UsOTVnJzReFVN1VCnxy4
Remind Me to Forget,"Kygo, Miguel","tropical house, r&b","R&B, Electronic",Kids in Love,2017-11-03,6xTU6B6nFwKKTSZ9ySXS80,Kygo,SEBGA1800417,216154268,"23fqKkggKUBHNkbKtXEls4, 360IAlyVv4PCEVjgyMZrxK"
"I don’t even speak spanish lol - feat. Rio Santana, Judah, Andrez Babii","XXXTENTACION, Rio Santana, Judah, Andrez Babii","emo rap, christian hip hop",Hip Hop,?,2018-03-16,14boA065HMHWvqyPPEeN4y,"Bad Vibes Forever, LLC",USUG11800451,16016955,"15UsOTVnJzReFVN1VCnxy4, 3mLdH6xxrscTf2poCN9Kzy, 2V0DROfM2ieFSOcA3SHJLD, 4DROs1Ye9DiLY3X8L7xvl8"
Everybody Hates Me,The Chainsmokers,,,Sick Boy...Everybody Hates Me,2018-03-16,3pIigjAWkzwAonXpJ1fmSF,Disruptor Records/Columbia,USQX91702851,34765653,69GGBxA162lTqCwzJG5jLp
Floor 555,XXXTENTACION,emo rap,Hip Hop,?,2018-03-16,6r7ULK6c5CLVvImjTIztl1,"Bad Vibes Forever, LLC",USUG11800452,7458584,15UsOTVnJzReFVN1VCnxy4
$$$ - with Matt Ox,"XXXTENTACION, Matt OX","emo rap, rage rap",Hip Hop,?,2018-03-16,65u1dHQyQyE4y4aN2eDmMF,"Bad Vibes Forever, LLC",USUG11800448,9889360,"15UsOTVnJzReFVN1VCnxy4, 2J6pigOrBmKQgqJUY5UM7r"
Hope,XXXTENTACION,emo rap,Hip Hop,?,2018-03-16,2ZRo7axmMPeSVUvDbGkJah,"Bad Vibes Forever, LLC",USUG11800447,109977286,15UsOTVnJzReFVN1VCnxy4
SMASH! - feat. PnB Rock,"XXXTENTACION, PnB Rock","emo rap, melodic rap",Hip Hop,?,2018-03-16,6rAGFgcGtlIdYxlhDizXNo,"Bad Vibes Forever, LLC",USUG11800210,6071046,"15UsOTVnJzReFVN1VCnxy4, 21WS9wngs9AqFckK7yYJPM"
Pain = BESTFRIEND - feat. Travis Barker,"XXXTENTACION, Travis Barker","emo rap, rap rock","Hip Hop, Rock",?,2018-03-16,4zI04ezdmrN0lT2pHykYrd,"Bad Vibes Forever, LLC",USUG11800444,5495918,"15UsOTVnJzReFVN1VCnxy4, 4exLIFE8sISLr28sqG1qNX"
Done For Me (feat. Kehlani),"Charlie Puth, Kehlani","soft pop, pop, ",Pop,Done For Me (feat. Kehlani),2018-03-15,76S09sHj7GGMJAtOLjmVQ2,Artist Partner,USAT21702279,17574769,"6VuMaDnrHyPL1p4EHjYLi7, 0cGUm45nv7Z6M6qdXYQGTX"
before I close my eyes,XXXTENTACION,emo rap,Hip Hop,?,2018-03-16,16x9bQHw8TBNaGDyULvwad,"Bad Vibes Forever, LLC",USUG11800446,7973409,15UsOTVnJzReFVN1VCnxy4
love yourself (interlude),XXXTENTACION,emo rap,Hip Hop,?,2018-03-16,1Znlc3UZAbSodFaMBjdpsX,"Bad Vibes Forever, LLC",USUG11800505,4409147,15UsOTVnJzReFVN1VCnxy4
schizophrenia,XXXTENTACION,emo rap,Hip Hop,?,2018-03-16,5b6zjsBrZCqe6RFycLz2tc,"Bad Vibes Forever, LLC",USUG11800487,2397236,15UsOTVnJzReFVN1VCnxy4
Introduction (instructions),XXXTENTACION,emo rap,Hip Hop,?,2018-03-16,2aOPvzjpMwikBgngKcxsA9,"Bad Vibes Forever, LLC",USUG11800489,1879061,15UsOTVnJzReFVN1VCnxy4
Alien,"Sabrina Carpenter, Jonas Blue",tropical house,Electronic,Alien,2018-03-16,0RUTnY2B3s05fZuCHsNaUP,Hollywood Records,USHR11838415,14043544,"74KM79TiuVKeVCqs8QtB0B, 1HBjj22wzbscIZ9sEb5dyf"
La player (Bandolera),Zion & Lennox,"reggaeton, latin",Latin,La Player (Bandolera),2018-02-23,0VKkyBKCXyR99navhVRqcP,WEA Latina,USWL11700273,212301309,21451j1KhjAiaYKflxBjr1
Wait,Maroon 5,pop,Pop,Red Pill Blues (Deluxe),2017-11-03,4lUnFLtn8w3W76FiYDRzmO,222 Records/Interscope Records,USUM71710370,11748669,04gDigrS5kc9YWfZHwBETP
Loca Remix,"KHEA, Bad Bunny, Duki, Cazzu","argentine trap, trap, trap latino, reggaeton, latin, urbano latino, turreo","Hip Hop, Latin",Loca Remix,2018-03-15,2CRbiMK0W14l71SpDKqKZM,Rimas Music & Hear This Music,QM24S1804919,17070168,"4m6ubhNsdwF4psNf3R8kwR, 4q3ewBCX7sLwd24euuV69X, 1bAftSH8umNcGZ0uyV7LMg, 6w3SkAHYPsQ1bxV7VDlG5y"
Lemon (feat. Drake) - Drake Remix,"N.E.R.D, Rihanna, Drake","rap, hip hop",Hip Hop,Lemon (feat. Drake) [Drake Remix],2018-03-18,739vCwA3EpBSkk3uDsI2wB,i am OTHER/Columbia,USSM11802961,34010410,"5wPoxI5si3eJsYYwyXV4Wi, 5pKCCKE2ajJHZ9KAiaK11H, 3TVXtAsR1Inumwj472S9r4"
Sick Boy,The Chainsmokers,,,Sick Boy...Everybody Hates Me,2018-03-16,2JfXj2TERIkHwJpnG9f8uX,Disruptor Records/Columbia,USQX91702676,39368142,69GGBxA162lTqCwzJG5jLp
Te Amo,"Piso 21, Paulo Londra","reggaeton, colombian pop, pop urbano, argentine trap, trap latino","Hip Hop, Pop, Latin",Te Amo,2018-03-15,2RVrdr062uLFxXwIxwdXPH,WM Mexico,MXF151800091,133900665,"4bw2Am3p9ji3mYsXNXtQcd, 3vQ0GE3mI0dAaxIMYe5g7z"
El Clavo,Prince Royce,"bachata, latin, bachata pop","Latin, Pop",El Clavo,2018-03-16,0LKErfBZ5FbBiLB4OcZRbL,Sony Music Latin,USSD11800008,21621107,3MHaV05u0io8fQbZ2XPtlC
In My Blood,Shawn Mendes,pop,Pop,In My Blood,2018-03-22,79jX8RM5CgPqDKdGEKNW9K,Island Records,USUM71803183,129744087,7n2wHs1TKAczGzO7Dd2rGr
Say Amen (Saturday Night),Panic! At The Disco,emo,Rock,Say Amen for Silver Linings,2018-03-21,4qSsjDGXplb6422X2INvFW,DCD2 / Fueled By Ramen,USAT21801041,6516056,20JZFwl6HVl6yg8a4H3ZqK
(Fuck A) Silver Lining,Panic! At The Disco,emo,Rock,Say Amen for Silver Linings,2018-03-21,7g58rb2dFDCvcmLBwpHR9F,DCD2 / Fueled By Ramen,USAT21801042,680907,20JZFwl6HVl6yg8a4H3ZqK
JAPAN,Famous Dex,,,JAPAN,2018-03-16,4lTiuD1DwBKo4L7wqMkD7C,300 Entertainment,QMCE31801678,12565646,0WOxhx4hikIsyF3CRPLC8W
Lost In Japan,Shawn Mendes,pop,Pop,Lost In Japan,2018-03-23,7wvYmO5QscgIDDT0eNwbYX,Island Records,USUM71803548,40419976,7n2wHs1TKAczGzO7Dd2rGr
Flames,"David Guetta, Sia","edm, dance, ",Electronic,Flames,2018-03-22,33IOhptvC2Qoy2UhjiHXLV,Parlophone (France),GB28K1800010,247783229,"1Cs0zKBU1kc0i8ypK3B9ai, 5WUlDfRSoLAfcVSX1WnrxN"
Color Blind,"Diplo, Lil Xan","moombahton, cloud rap","Hip Hop, Electronic",Color Blind,2018-03-22,7thTA3hqO2MgOlzo0rPInX,Columbia,USSM11802644,848410,"5fMUXHkw8R8eOP2RNVYEZX, 3EXdLajEO02ziZ90P90bSW"
Paradise,George Ezra,,,Staying at Tamara's,2018-03-23,38zwkK6TtTjIW9tpYBfZ3D,Columbia,GBARL1701373,31166401,2ysnwxxNtSgbb9t1m2Ur4j
Worry No More (feat. Lil Yachty & Santigold),"Diplo, Lil Yachty, Santigold","moombahton, ",Electronic,Worry No More (feat. Lil Yachty & Santigold),2018-03-02,6GW4n7EdAV9w8YpAgtJnuc,WM Australia,USZ4V1800019,574479,"5fMUXHkw8R8eOP2RNVYEZX, 6icQOAFXDZKsumw3YXyusw, 6Jrxnp0JgqmeUX1veU591p"
Indecente,Anitta,"brazilian pop, funk pop, funk carioca, funk, pagode baiano","Pop, R&B, Hip Hop, Latin",Indecente,2018-03-26,5FOCkGt7bp22nBVfQ4WSIT,WM Brazil,BRWMB1800152,8873708,7FNnA9vBm6EKceENgCGRMb
You Are The Reason,Calum Scott,soft pop,Pop,Only Human (Deluxe),2018-03-09,2VgJDTfkuwlm7WIHnvtRCQ,Universal Music Group,USUM71710315,17138730,6ydoSd3N2mwgwBHtF6K7eX
Home With You,Madison Beer,,,As She Pleases,2018-02-02,11GGSyTB8cS9TgONHBOhEX,WM Sweden,UKELY1800005,12546385,2kRfqPViCqYdSGhYSM9R0Q
Tequila,Dan + Shay,country,Country,Tequila,2018-01-10,7Il2yWQmsqKgSkLQvHTPUI,Warner Records,USWB11702518,11817779,7z5WFjZAIYejWy0NI5lv4T
No Te Vas,Nacho,"reggaeton, latin",Latin,No Te Vas,2018-02-02,6yuArSnBrhykjkCxb8eXvl,Universal Music Group,USUM71713593,542857,2ayNSoKPCRAfjp6hQ76hRu
Call Out My Name,The Weeknd,,,"My Dear Melancholy,",2018-03-29,1gm616Plq4ScqNi7TVkZ5N,Universal Republic Records,USUG11800560,313421758,1Xyo4u8uXC1ZmMpatF05PJ
Try Me,The Weeknd,,,"My Dear Melancholy,",2018-03-29,2poOAWEj1CStqTVPgIHZ8s,Universal Republic Records,USUG11800562,50376709,1Xyo4u8uXC1ZmMpatF05PJ
Wasted Times,The Weeknd,,,"My Dear Melancholy,",2018-03-30,72TyiiduRmczEbDIEtKQdR,Universal Republic Records,USUG11800564,56672236,1Xyo4u8uXC1ZmMpatF05PJ
I Was Never There,"The Weeknd, Gesaffelstein",,,"My Dear Melancholy,",2018-03-29,56d6kYZhfhzpoC3s1dRU2V,Universal Republic Records,USUG11800570,28489734,"1Xyo4u8uXC1ZmMpatF05PJ, 3hteYQFiMFbJY7wS0xDymP"
Hurt You,"The Weeknd, Gesaffelstein",,,"My Dear Melancholy,",2018-03-30,13wNEvWmBsWaWVtiLPRIW5,Universal Republic Records,USUG11800566,31217098,"1Xyo4u8uXC1ZmMpatF05PJ, 3hteYQFiMFbJY7wS0xDymP"
Privilege,The Weeknd,,,"My Dear Melancholy,",2018-03-30,26Fqtv4Aa7kyd1WWGHai6A,Universal Republic Records,USUG11800568,24671721,1Xyo4u8uXC1ZmMpatF05PJ
Plug Walk,Rich The Kid,trap,Hip Hop,The World Is Yours,2018-03-30,6mAz8D1TmlTuef90dbNIiZ,Rich The Kid / (TDE/ISR PS),USUM71800892,164272433,1pPmIToKXyGdsCF6LmqLmI
New Freezer (feat. Kendrick Lamar),"Rich The Kid, Kendrick Lamar","trap, hip hop, west coast hip hop",Hip Hop,The World Is Yours,2018-03-30,0eHCArTPhwUxatY7cEXRiK,Rich The Kid / (TDE/ISR PS),USUM71708973,20018000,"1pPmIToKXyGdsCF6LmqLmI, 2YZyLoL8N0Wb9xBt1NhZWg"
Bad Company (feat. BlocBoy JB),"A$AP Rocky, BlocBoy JB","rap, memphis rap",Hip Hop,Bad Company (feat. BlocBoy JB),2018-03-28,3ZYwSDF9knZI0RVlKR4PHC,A$AP Worldwide/Polo Grounds Music/RCA Records,USRC11801012,9225934,"13ubrt8QOOCPljQ2FL1Kca, 4TEJudQY2pXxVHPE3gD2EU"
Be Careful,Cardi B,,,Be Careful,2018-03-30,6J3YPOejivwLSjM2dru5Ad,Atlantic/KSR,USAT21801270,5709934,4kYSro6naA4h99UJvo89HB
Too Gone (feat. Khalid),"Rich The Kid, Khalid","trap, ",Hip Hop,The World Is Yours,2018-03-30,4j30n3zuJQJ5qGA6rSTaST,Rich The Kid / (TDE/ISR PS),USUM71802188,748822,"1pPmIToKXyGdsCF6LmqLmI, 6LuN9FCkKOj5PcnpouEgny"
OKRA,Tyler The Creator,,,OKRA,2018-03-30,74ZovzRxHBvCq5yIwe8boh,Columbia,USQX91800697,4916010,4V8LLVI7PbaPR0K2TGSxFF
End Of Discussion (feat. Lil Wayne),"Rich The Kid, Lil Wayne","trap, rap, hip hop",Hip Hop,The World Is Yours,2018-03-30,0qFX9pVJQB4lBMxRoFXqGr,Rich The Kid / (TDE/ISR PS),USUM71802410,2760069,"1pPmIToKXyGdsCF6LmqLmI, 55Aa2cqylxrFIXC767Z865"
Pray,"Sam Smith, Logic","soft pop, ",Pop,Pray,2018-03-29,3n3b5WNEohHP7Ou4ndBo6b,Capitol,GBUM71801265,649913,"2wY79sveU1sp5g7SokKOiI, 4xRYI6VqpkE3UwrDrAZL8L"
Chasing Fire,Lauv,,,Chasing Fire,2018-03-29,1xy4apMFecGGkgBeaHFZ2M,Lauv,GBWWP1803692,24249107,5JZ7CnR6gTvEMKX4g70Amv
Pineapple (feat. Gucci Mane & Quavo),"Ty Dolla $ign, Gucci Mane, Quavo","southern hip hop, rap, trap, ",Hip Hop,Pineapple (feat. Gucci Mane & Quavo),2018-03-30,0TFVOjSvPTjFHkiZZekK5k,Atlantic Records,USAT21801215,6376510,"7c0XG5cIJTrrAgEC3ULPiq, 13y7CgLHjMVRMDqxdx0Xdo, 0VRj0yCOv2FXJNP47XQnx5"
No Question (feat Future),"Rich The Kid, Future","trap, rap",Hip Hop,The World Is Yours,2018-03-30,0ITqOOwNtw5DP2GLYAlTQx,Rich The Kid / (TDE/ISR PS),USUM71802400,614680,"1pPmIToKXyGdsCF6LmqLmI, 1RyvyyTE3xzB2ZywiAwp0i"
Sofiane,Boef,,,Sofiane,2018-03-30,7aK0LpCyxzN5K9pAP20MVC,TRIFECTA,NLX1N1800001,592989,0Jsk5iYMr5aNjHury7blm1
Lost It (feat. Quavo & Offset),"Rich The Kid, Quavo, Offset","trap, ",Hip Hop,The World Is Yours,2018-03-30,0P1O6JO2i19etVxXqgPHpa,Rich The Kid / (TDE/ISR PS),USUM71803278,583857,"1pPmIToKXyGdsCF6LmqLmI, 0VRj0yCOv2FXJNP47XQnx5, 4DdkRBBYG6Yk9Ka8tdJ9BW"
What I Need (feat. Kehlani),"Hayley Kiyoko, Kehlani",,,Expectations,2018-03-30,5nFyaoBWwwMJ9fv33tZ2MB,Atlantic Records,USAT21800189,543128,"3LjhVl7GzYsza1biQjTpaN, 0cGUm45nv7Z6M6qdXYQGTX"
Fiebre (feat. Wisin & Yandel),"Ricky Martin, Wisin, Yandel","latin pop, latin, reggaeton, urbano latino","Latin, Pop",Fiebre (feat. Wisin & Yandel),2018-02-23,0oFqlgK2LJ9eMlpGBCmRvf,Sony Music Latin,USSD11800013,2568248,"7slfeZO9LsJbWgpkIoXBUJ, 3E6xrwgnVfYCrCs0ePERDz, 0eHQ9o50hj6ZDNBt6Ys1sD"
Largado As Traças - Acústico,Zé Neto & Cristiano,"sertanejo, sertanejo universitário, arrocha, agronejo","Country, Latin",Zé Neto & Cristiano - Acústico,2018-03-14,74gguwbBvfBTurNJUWFOsC,Som Livre,BRWNV1800001,8101328,487N2T9nIPEHrlTZLL3SQs
Sober Up (feat. Rivers Cuomo),"AJR, Rivers Cuomo",,,The Click,2017-06-09,5537GkcZu99NDs1gH9iCOY,"Ultra Records, LLC",QMRSZ1701240,2117148,"6s22t5Y3prQHyaHWUN1R1C, 4LAz9VRX8Nat9kvIzgkg2v"
Don't Leave Me,BTS,k-pop,Pop,FACE YOURSELF,2018-04-04,3zIG0WuI5RoJsFYnErkFDU,Universal Music LLC,JPPO01801148,585978,3Nrfpe0tUJi4K4DXYWgMUX
Playinwitme (feat. Kehlani),"KYLE, Kehlani",,,Playinwitme (feat. Kehlani),2018-03-20,43cFjTTCD9Cni4aSL0sORz,independently popular.,USAT21801141,55446419,"4qBgvVog0wzW75IQ48mU7v, 0cGUm45nv7Z6M6qdXYQGTX"
Drip (feat. Migos),"Cardi B, Migos",trap,Hip Hop,Drip (feat. Migos),2018-04-04,7jpdFaZYgx93A67hLe8kwc,Atlantic/KSR,USAT21801395,594510,"4kYSro6naA4h99UJvo89HB, 6oMuImdp5ZcFhWP0ESe6mG"
A$AP Forever (feat. Moby),"A$AP Rocky, Moby","rap, downtempo, trip hop","Electronic, Hip Hop, Pop",A$AP Forever (feat. Moby),2018-04-05,1YmF9PvLhIISIANoMLIYGq,A$AP Worldwide/Polo Grounds Music/RCA Records,USRC11800615,18083336,"13ubrt8QOOCPljQ2FL1Kca, 3OsRAKCvk37zwYcnzRf5XF"
One Kiss (with Dua Lipa),"Calvin Harris, Dua Lipa","edm, pop","Electronic, Pop",One Kiss (with Dua Lipa),2018-04-06,7ef4DlsgrMEH11cDZd32M6,Sony Music UK,GBARL1800368,657920190,"7CajNmpbOovFoOoasH2HaY, 6M2wZ9GZgrQXHCFfjv46we"
Drip (feat. Migos),"Cardi B, Migos",trap,Hip Hop,Invasion of Privacy,2018-04-06,2qcG0nZ6S3zZV0UrkY5nFo,Atlantic/KSR,USAT21801395,30368771,"4kYSro6naA4h99UJvo89HB, 6oMuImdp5ZcFhWP0ESe6mG"
Be Careful,Cardi B,,,Invasion of Privacy,2018-04-06,2Yl4OmDby9iitgNWZPwxkd,Atlantic/KSR,USAT21801270,77257506,4kYSro6naA4h99UJvo89HB
Get Up 10,Cardi B,,,Invasion of Privacy,2018-04-06,7p2ewixAShLpjDZrnzZK7c,Atlantic/KSR,USAT21801427,10457962,4kYSro6naA4h99UJvo89HB
I Do (feat. SZA),"Cardi B, SZA",r&b,R&B,Invasion of Privacy,2018-04-06,1f5PNhkNgUpvDEeZfcIlO1,Atlantic/KSR,USAT21801435,25079295,"4kYSro6naA4h99UJvo89HB, 7tYKF4w9nC0nq9CsPZTHyP"
JAPAN,Famous Dex,,,Dex Meets Dexter,2018-04-06,5PTG6rrL6EPFD9E2QMI2pl,300 Entertainment,QMCE31801678,125845570,0WOxhx4hikIsyF3CRPLC8W
I Like It,"Cardi B, Bad Bunny, J Balvin","reggaeton, trap latino, latin, urbano latino",Latin,Invasion of Privacy,2018-04-06,58q2HKrzhC3ozto2nDdN4z,Atlantic/KSR,USAT21801431,674210840,"4kYSro6naA4h99UJvo89HB, 4q3ewBCX7sLwd24euuV69X, 1vyhD5VmyZ7KMfW5gqLgo5"
Bodak Yellow,Cardi B,,,Invasion of Privacy,2018-04-06,6KBYefIoo7KydImq1uUQlL,Atlantic/KSR,USAT21701762,58238849,4kYSro6naA4h99UJvo89HB
Bartier Cardi (feat. 21 Savage),"Cardi B, 21 Savage",,,Invasion of Privacy,2018-04-06,0dIoGTQXDh1wVnhIiSyYEa,Atlantic/KSR,USAT21705413,29760591,"4kYSro6naA4h99UJvo89HB, 1URnnhqYAYcrqrcwql10ft"
Bickenhead,Cardi B,,,Invasion of Privacy,2018-04-06,17Yq72h0p15OhCbZ5lJ5gd,Atlantic/KSR,USAT21801428,11723395,4kYSro6naA4h99UJvo89HB
Best Life (feat. Chance The Rapper),"Cardi B, Chance the Rapper",,,Invasion of Privacy,2018-04-06,00B7TZ0Xawar6NZ00JFomN,Atlantic/KSR,USAT21801430,11882167,"4kYSro6naA4h99UJvo89HB, 1anyVhU62p31KFi8MEzkbf"
PICK IT UP (feat. A$AP Rocky),"Famous Dex, A$AP Rocky",rap,Hip Hop,Dex Meets Dexter,2018-04-06,0dSIrRkA4PadGll16TgbnV,300 Entertainment,QMCE31701365,55034291,"0WOxhx4hikIsyF3CRPLC8W, 13ubrt8QOOCPljQ2FL1Kca"
Ring (feat. Kehlani),"Cardi B, Kehlani",,,Invasion of Privacy,2018-04-06,5DfWF0jqMgZDCiu9zJENTA,Atlantic/KSR,USAT21801432,12994733,"4kYSro6naA4h99UJvo89HB, 0cGUm45nv7Z6M6qdXYQGTX"
A Good Night,"John Legend, BloodPop®","soft pop, neo soul, ","R&B, Pop",A Good Night,2018-04-06,7gevvAspxft2qQmcvJjNBH,Columbia,USSM11802309,882113,"5y2Xq6xcjJb2jVM54GHK3t, 1okJ4NC308qbtY9LyHn6DO"
Betrayed,Lil Xan,cloud rap,Hip Hop,TOTAL XANARCHY,2018-04-06,4vaxvNDaLSoD36iZX515ug,Columbia,USSM11708983,31856483,3EXdLajEO02ziZ90P90bSW
She Bad,"Cardi B, YG",hyphy,Hip Hop,Invasion of Privacy,2018-04-06,0CfmNX2TXk7yoJqHJiixnp,Atlantic/KSR,USAT21801434,5591973,"4kYSro6naA4h99UJvo89HB, 0A0FS04o6zMoto8OKPsDwY"
Money Bag,Cardi B,,,Invasion of Privacy,2018-04-06,1vBeIXlzbAieGoDqInav5j,Atlantic/KSR,USAT21801433,6510534,4kYSro6naA4h99UJvo89HB
Hard 2 Face Reality,"Poo Bear, Justin Bieber, Jay Electronica",alternative hip hop,Hip Hop,Hard 2 Face Reality,2018-04-06,0sPJELXHyWpFgkxlzvvRFI,"Bearthday Music, LLC",USUG11702132,4760084,"3JXpwnHbLvXxY99EuXqFPX, 1uNFoZAHBGtllmzznpCI3s, 0TkqXdyWLsssJH7okthMPQ"
Thru Your Phone,Cardi B,,,Invasion of Privacy,2018-04-06,74cVJfmK18rhWnscIpGXjt,Atlantic/KSR,USAT21801436,7032681,4kYSro6naA4h99UJvo89HB
Love Is Madness (feat. Halsey),"Thirty Seconds To Mars, Halsey","modern rock, ",Rock,AMERICA,2018-04-06,04CyO54TZk5tEylFg2Df41,Thirty Seconds To Mars,USUG11800159,669078,"0RqtSIYZmd4fiBKVFqyIqD, 26VFTg2z8YR0cCuwLzESi2"
Nice For What,Drake,"rap, hip hop",Hip Hop,Nice For What,2018-04-06,1cTZMwcBJT0Ka3UJPXOeeN,Cash Money/Drake LP6,USCM51800077,334206586,3TVXtAsR1Inumwj472S9r4
To My Love - Tainy Remix,"Bomba Estéreo, Tainy","latin alternative, reggaeton",Latin,Amanecer (Remixed),2016-12-16,5LciLoxa1gK70yIUeoHgRx,Sony Music Latin,USSD11600324,32674559,"5n9bMYfz9qss2VOW89EVs2, 0GM7qgcRCORpGnfcN2tCiB"
I Wanna Know (feat. Bea Miller),"NOTD, Bea Miller",,,I Wanna Know (feat. Bea Miller),2018-03-16,18W92Zm1KjLCbUIszOhpkD,Universal Music AB,SEUM71800123,61669739,"5jAMCwdNHWr7JThxtMuEyy, 1o2NpYGqHiCq7FoiYdyd1x"
Mine,Bazzi,,,COSMIC,2018-04-12,2lYjH3ZbCrW7CHmSRvVCN3,iamcosmic,USAT21704864,2468374,4GvEc3ANtPPjt1ZJllr5Zl
Barbie Tingz,Nicki Minaj,,,Barbie Tingz,2018-04-12,2qsQ8eVDPmobZpvDxQCVQu,Nicki Minaj/Cash Money,USCM51800075,15190996,0hCNtLu0JehylgoiP8L4Gh
Beautiful,Bazzi,,,COSMIC,2018-04-12,1le5DusoKra9I92ExgBWYK,iamcosmic,TCADE1707724,722779,4GvEc3ANtPPjt1ZJllr5Zl
Chun-Li,Nicki Minaj,,,Chun-Li,2018-04-12,2gTYVoQCUh0QNUaFix01ld,Nicki Minaj/Cash Money,USCM51800081,59661099,0hCNtLu0JehylgoiP8L4Gh
Let Me,ZAYN,,,Let Me,2018-04-12,7Fg342AJtNsIDdwCfX0paC,RCA Records Label,USRC11800871,79272014,5ZsFI1h6hIdQRw2ti0hz81
Mine,Bazzi,,,COSMIC,2018-04-12,7uzmGiiJyRfuViKKK3lVmR,iamcosmic,USAT21704227,234065469,4GvEc3ANtPPjt1ZJllr5Zl
Esskeetit,Lil Pump,,,Esskeetit,2018-04-13,44KKhCyI0BGS6LvVyDqJtH,Warner Records,USWB11800706,87327963,3wyVrVrFCkukjdVIdirGVY
Guatemala (feat. Slim Jxmmi) - From Swaecation,"Rae Sremmurd, Swae Lee, Slim Jxmmi",,,Guatemala (feat. Slim Jxmmi),2018-04-11,6sTDhYVVXU3HSDuG7mBLRU,Mike WiLL Made-It,USUM71803952,10286625,"7iZtZyCzp3LItcw1wtPI3D, 1zNqQNIdeOUZHb8zbZRFMX, 7EEiVZvj6RCEtVX2F2pyxu"
Youngblood,5 Seconds of Summer,,,Youngblood,2018-04-12,55S2PQgSMYAhgoTCcGCDfw,Capitol,GBUM71800366,100797476,5Rl15oVamLq7FbSb0NNBNy
1942 (feat. Yo Gotti & YBN Nahmir),"G-Eazy, Yo Gotti, YBN Nahmir","memphis rap, southern hip hop, ",Hip Hop,1942 (feat. Yo Gotti & YBN Nahmir),2018-04-13,794QVQtFNy7hvtjQP1keQd,BPG/RVG/RCA Records,USRC11703045,31694576,"02kJSzxNuaWGqwubyUba0Z, 6Ha4aES39QiVjR0L2lwuwq, 3gGUMEwIX6XodWsYEvKSal"
Beautiful,Bazzi,,,COSMIC,2018-04-12,5TVirkSwFEXF1nLJEebe2I,iamcosmic,TCADE1707724,21289761,4GvEc3ANtPPjt1ZJllr5Zl
September - Recorded at The Tracking Room Nashville,Taylor Swift,,,Spotify Singles,2018-04-13,5eGX87IiKsGuzS3iw4CfCX,"Big Machine Records, LLC",USCJY1831800,785310,06HL4z0CvFAxyc27GXpf02
Sky Full Of Song,Florence + The Machine,baroque pop,Pop,Sky Full Of Song,2018-04-12,5mdooqkfMvf7LtIFKReUYg,EMI,GBUM71706494,768111,1moxjboGR7GNWYIMWsRjgG
Ferrari,Bebe Rexha,,,Expectations,2018-04-13,41dykwc7XRMk44xgg8hykQ,Warner Bros.,USWB11800705,623106,64M6ah0SkkRsnPGtGiRAbb
Anybody (feat. Nicki Minaj),"Young Thug, Nicki Minaj","rap, melodic rap, trap, ",Hip Hop,Hear No Evil,2018-04-13,5I30ByMf5nhgbSokY1EZiN,300 Entertainment/Atl,USAT21801877,2207571,"50co4Is1HCEo8bhOyUWKpn, 0hCNtLu0JehylgoiP8L4Gh"
Te Boté - Remix,"Nio Garcia, Casper Magico, Bad Bunny, Darell, Ozuna, Nicky Jam","reggaeton, trap latino, urbano latino, latin, dembow",Latin,Te Boté (Remix),2018-04-13,3V8UKqhEK5zBkBb6d6ub8i,"Flow La Movie, Inc.",QM4TW1811888,496162043,"5hdhHgpxyniooUiQVaPxQ0, 1fux65HMCBvfJHqlBc4Nno, 4q3ewBCX7sLwd24euuV69X, 1TtXnWcUs0FCkaZDPGYHdf, 1i8SpTcr7yvPOmcqrbnVXY, 1SupJlEpv7RS2tPNRaHViT"
Pineapple,KAROL G,"reggaeton, latin, urbano latino",Latin,Pineapple,2018-03-02,24snQ8Ew7aIKYCt0ulXHvx,Universal Music Group,USUM71802222,3445980,790FomKkXshlbRYZFtlgla
Propaganda - Ao Vivo,Jorge & Mateus,"sertanejo, sertanejo universitário, arrocha, agronejo","Country, Latin",Terra Sem Cep (Ao Vivo),2018-02-23,74n5d5M21JnC4WJ6gdkggK,Som Livre,BRRGE1800746,10532433,1elUiq4X7pxej6FRlrEzjM
Lullaby,"Sigala, Paloma Faith",,,Lullaby,2018-02-23,5xzCzOAOfRi4DOttSzvznR,Ministry of Sound Recordings,GBCEN1700257,6462524,"1IueXOQyABrMOprrzwQJWN, 4fwuXg6XQHfdlOdmw36OHa"
Amor de Verdade,"MC Kekel, MC Rita","funk, brazilian funk","Hip Hop, R&B",Amor de Verdade,2018-03-30,76KDy62J99FKu6ZsxMJy3j,KondZilla,BRKO11800053,2936451,"2ZXnTEyYopSLCDiz5Z0XIf, 5yES5e4EJpUB0tfmWi3eao"
Duro y Suave,"Leslie Grace, Noriel","bachata, trap latino, dembow, reggaeton, trap","Latin, Hip Hop",Duro y Suave,2018-01-19,31M5m42C3EGlbydf9XB5to,Sony Music Latin,USSD11700398,69316163,"6BeO1KuAWBqFriL1mLHtNc, 3RtNN1VnooWEn3KQk03DUL"
Madura (feat. Bad Bunny),"Cosculluela, Bad Bunny","reggaeton, trap latino, latin hip hop, latin, urbano latino","Latin, Hip Hop",Madura (feat. Bad Bunny),2018-04-13,0r9d60ZYPAlFHq8qnUtkXN,WEA Latina,USWL11800164,151637831,"00me4Ke1LsvMxt5kydlMyU, 4q3ewBCX7sLwd24euuV69X"
GOTTI,6ix9ine,,,Day69: Graduation Day,2018-04-10,27oFpFktCq9JIXjJQRuv7a,ScumGang Records / TenThousand Projects,QMEU31886336,12374413,7gZfnEnfiaHzxARJ2LeXrf
No Hay Nadie Más,Sebastian Yatra,"colombian pop, reggaeton, latin","Pop, Latin",No Hay Nadie Más,2018-01-26,6wos8Ds5FKMe33GjBHRake,Universal Music Group,USUM71713890,1714662,07YUOmWljBTXwIseAUd9TW
Por Perro,"Sebastian Yatra, Luis Figueroa, Lary Over","colombian pop, reggaeton, latin, salsa, salsa romantica, trap latino, trap, dembow","Pop, Latin, Hip Hop",Por Perro,2018-03-30,1XM5PgxjpYcF0JuE9nfUbS,UMLE - Latino,USUM71802269,12537067,"07YUOmWljBTXwIseAUd9TW, 7waNCUQ1Ne7OoNHgqpgMZ7, 1jSjfSgDjedJdi5MoyRu78"
KOD,J. Cole,rap,Hip Hop,KOD,2018-04-20,7yotKA30dwTKNEGomV9ZsI,J. Cole P&D,QMJMT1801596,91462426,6l3HvQ5sa6mXTsMTB19rO5
no tears left to cry,Ariana Grande,pop,Pop,no tears left to cry,2018-04-20,5SxkdsY1ufZzoq9iXceLw9,Universal Records,USUM71805289,344788433,66CXWjxzNUsdJxJ2JdwvnR
Photograph,J. Cole,rap,Hip Hop,KOD,2018-04-20,0bhnUFDQFCEHCBlsQfHnj5,J. Cole P&D,QMJMT1801597,25378158,6l3HvQ5sa6mXTsMTB19rO5
ATM,J. Cole,rap,Hip Hop,KOD,2018-04-20,2UciqgwVDwro0fev3MFbxJ,J. Cole P&D,QMJMT1801599,41872028,6l3HvQ5sa6mXTsMTB19rO5
Motiv8,J. Cole,rap,Hip Hop,KOD,2018-04-20,1AT4xjNarTswd0UZ5FlmKF,J. Cole P&D,QMJMT1801600,35450045,6l3HvQ5sa6mXTsMTB19rO5
Kevin’s Heart,J. Cole,rap,Hip Hop,KOD,2018-04-20,6tZ3b7ik1QDXFAZlXib0YZ,J. Cole P&D,QMJMT1801601,40483874,6l3HvQ5sa6mXTsMTB19rO5
The Cut Off (feat. kiLL edward),"J. Cole, kiLL edward","rap, ",Hip Hop,KOD,2018-04-20,3rFF7kSm5qBOOPs6ljFgPp,J. Cole P&D,QMJMT1801598,17625597,"6l3HvQ5sa6mXTsMTB19rO5, 3EWxytcxaM0tksU6v3je2Q"
1985 - Intro to “The Fall Off”,J. Cole,rap,Hip Hop,KOD,2018-04-20,7EulRO07ZgchxqKUHb8Pvc,J. Cole P&D,QMJMT1801606,28189429,6l3HvQ5sa6mXTsMTB19rO5
BRACKETS,J. Cole,rap,Hip Hop,KOD,2018-04-20,5sWbwccBcyHsg5LEKWGZo9,J. Cole P&D,QMJMT1801602,17773711,6l3HvQ5sa6mXTsMTB19rO5
Intro,J. Cole,rap,Hip Hop,KOD,2018-04-19,2AfWCBwGGCsZtvVnGF3QYE,J. Cole P&D,QMJMT1801595,8982395,6l3HvQ5sa6mXTsMTB19rO5
FRIENDS (feat. kiLL edward),"J. Cole, kiLL edward","rap, ",Hip Hop,KOD,2018-04-20,6onwlDmIVKE8bBgyBRSuS0,J. Cole P&D,QMJMT1801604,13369793,"6l3HvQ5sa6mXTsMTB19rO5, 3EWxytcxaM0tksU6v3je2Q"
Once an Addict - Interlude,J. Cole,rap,Hip Hop,KOD,2018-04-20,0Px86mRlxdB3YqpK6KXWlr,J. Cole P&D,QMJMT1801603,11574188,6l3HvQ5sa6mXTsMTB19rO5
Window Pain - Outro,J. Cole,rap,Hip Hop,KOD,2018-04-20,5Lgqu1th1KqlG97OF2gWGe,J. Cole P&D,QMJMT1801605,14694319,6l3HvQ5sa6mXTsMTB19rO5
Wake Me Up - Radio Edit,Avicii,edm,Electronic,True,2013-01-01,6g1NlCpW7fgqDnWbCCDrHl,Universal Music Group,SEUM71301326,85213583,1vCWHaC5f2uS3yhpwWbIA6
Levels - Radio Edit,Avicii,edm,Electronic,True,2013-01-01,5B03nSG8pLE48jh7kmasuL,Universal Music AB,SEUM71100962,34476400,1vCWHaC5f2uS3yhpwWbIA6
Somebody,"The Chainsmokers, Drew Love",,,Sick Boy,2018-04-20,3pWcj8hxj3fsb9TDAcMpEl,Disruptor Records/Columbia,USQX91800357,96713967,"69GGBxA162lTqCwzJG5jLp, 76yeOnINtQSXyoEHbkYmtY"
Waiting For Love,Avicii,edm,Electronic,Stories,2015-10-02,6nsLzJfvp5OLd4mgqUJkpq,Universal Music Group,CHB701400134,27129165,1vCWHaC5f2uS3yhpwWbIA6
Familiar,"Liam Payne, J Balvin","reggaeton, latin",Latin,Familiar,2018-04-20,0Y4hwUppbGc8aIBmiTz30A,Capitol Records UK / EMI,GBUM71800362,113943791,"5pUo3fmmHT8bhCyHE52hA6, 1vyhD5VmyZ7KMfW5gqLgo5"
OTW,"Khalid, 6LACK, Ty Dolla $ign",,,OTW,2018-04-20,6Hgh47WXVKtXN5zGOu0hjI,"Right Hand Music Group, LLC/RCA Records",USRC11801716,201200444,"6LuN9FCkKOj5PcnpouEgny, 4IVAbR2w4JJNJDDRFP3E83, 7c0XG5cIJTrrAgEC3ULPiq"
Hey Brother,Avicii,edm,Electronic,True,2013-01-01,3zKST4nk4QJE77oLjUZ0Ng,Universal Music Group,CH3131340084,21022812,1vCWHaC5f2uS3yhpwWbIA6
2002,Anne-Marie,,,2002,2018-04-19,4Pbg79cTBu4vgSphoyNq3j,Atlantic Records UK,GBAHS1800094,8177001,1zNqDE7qDGCsyzJwohVaoX
The Nights,Avicii,edm,Electronic,The Days / Nights,2014-01-01,0ct6r3EGTcMLPtrXHDvVjc,Universal Music AB,CH3131340464,19060887,1vCWHaC5f2uS3yhpwWbIA6
lovely (with Khalid),"Billie Eilish, Khalid",,,lovely (with Khalid),2018-04-19,0u2P5u6lvoDfwTYjAADbn4,Darkroom,USUM71804190,277019519,"6qqNVTkY8uBg9cP3Jd7DAH, 6LuN9FCkKOj5PcnpouEgny"
CLOSE (feat. Travis Scott) - From SR3MM,"Rae Sremmurd, Swae Lee, Slim Jxmmi, Travis Scott",rap,Hip Hop,CLOSE (feat. Travis Scott),2018-04-18,3qKCDFZp192KBEEtFj7fDa,Mike WiLL Made-It,USUM71803949,2111933,"7iZtZyCzp3LItcw1wtPI3D, 1zNqQNIdeOUZHb8zbZRFMX, 7EEiVZvj6RCEtVX2F2pyxu, 0Y5tJX1MQlPlqiwlOH1tJY"
You Owe Me,The Chainsmokers,,,Sick Boy...Everybody Hates Me,2018-03-16,3ZBksMOUTbOTIgIwV0RaLg,Disruptor Records/Columbia,USQX91702850,676900,69GGBxA162lTqCwzJG5jLp
Tesla (feat. Sfera Ebbasta & DrefGold),"Capo Plaza, Sfera Ebbasta, DrefGold","italian trap, trap",Hip Hop,20,2018-04-20,093RgZ7RXHZwIrxZhZYX4Q,WMI Italy,IT4U11800062,2412983,"5SulO4l40qDuV9zUGLZx7n, 23TFHmajVfBtlRx5MXqgoz, 6jwzGu5VdkR5tsRROYuxso"
Drink About,"Seeb, Dagny",norwegian pop,Pop,Drink About,2018-04-06,2GGGm4MLQynB3I4E4ycIYC,Universal Music AS,NOUM71800038,18319467,"5iNrZmtVMtYev5M9yoWpEq, 6Paz0vXJJ9bCPf0fEm3qzg"
No Role Modelz,J. Cole,rap,Hip Hop,2014 Forest Hills Drive,2014-12-09,62vpWI1CHwFy7tMIcSStl8,Roc Nation/Columbia,USQX91402598,3006152,6l3HvQ5sa6mXTsMTB19rO5
Broken Arrows,Avicii,edm,Electronic,Stories,2015-10-02,2BVVmJQZv4fOPWavI9mkIj,Universal Music Group,CHB701400188,3820152,1vCWHaC5f2uS3yhpwWbIA6
The Days,Avicii,edm,Electronic,The Days / Nights,2014-01-01,5Iy2Jj87Ha0C0IBlNE1I4y,Universal Music AB,CH3131340471,3254024,1vCWHaC5f2uS3yhpwWbIA6
You Make Me,Avicii,edm,Electronic,True,2013-01-01,7HC3sppue0re7HPfo5zscF,Universal Music Group,CH3131340083,4082212,1vCWHaC5f2uS3yhpwWbIA6
You Be Love (feat. Billy Raffoul),"Avicii, Billy Raffoul","edm, ",Electronic,AVĪCI (01),2017-08-09,12ip0ceCeszDTDFxDY1AXJ,Universal Music AB,SE5R71700104,3169446,"1vCWHaC5f2uS3yhpwWbIA6, 5gw5ANPCVcxU0maLiGRzzP"
For A Better Day,Avicii,edm,Electronic,Stories,2015-10-02,3c3XJ9P1BjOtmNXKvdVyHK,Universal Music Group,CHB701400189,4055805,1vCWHaC5f2uS3yhpwWbIA6
I Could Be The One (Avicii Vs. Nicky Romero) - Nicktim / Radio Edit,"Avicii, Nicky Romero","edm, big room, electro house, progressive house",Electronic,I Could Be The One [Avicii vs Nicky Romero],2012-01-01,2bNrvWD9d5Zn9tS8XvcaMk,Universal Music Group,SEUM71201601,2894655,"1vCWHaC5f2uS3yhpwWbIA6, 5ChF3i92IPZHduM7jN3dpg"
Addicted To You,Avicii,edm,Electronic,True,2013-01-01,0xIVvRmjztR1AwuHrkhH41,Universal Music Group,CH3131340085,2838311,1vCWHaC5f2uS3yhpwWbIA6
Silhouettes - Original Radio Edit,Avicii,edm,Electronic,Silhouettes,2012-01-01,1nO67wic65N413c11zKxM7,Virgin,SEUM71200477,2609070,1vCWHaC5f2uS3yhpwWbIA6
Seek Bromance - Avicii Vocal Edit,"Tim Berg, Avicii",edm,Electronic,Seek Bromance,2010-10-22,6J7ZSdEEYo3ns4gnHdwRL0,Ministry of Sound Recordings,CH3131000194,1786542,"7iLc4hrjOjQPfg1E3cCHg1, 1vCWHaC5f2uS3yhpwWbIA6"
Dear Boy,Avicii,edm,Electronic,True,2013-01-01,3qC3qmZNDXu62hc8YbhWsy,Universal Music Group,CH3131340086,752218,1vCWHaC5f2uS3yhpwWbIA6
Collide - Radio Edit,"Leona Lewis, Avicii",edm,Electronic,Collide (Radio Edit),2011-08-19,3bxtgzAeAZPdRtKoPL5GG2,Syco Music UK,GBHMU1100020,699765,"5lKZWd6HiSCLfnDGrq9RAm, 1vCWHaC5f2uS3yhpwWbIA6"
Answerphone (feat. Yxng Bane),"Banx & Ranx, Ella Eyre, Yxng Bane","afroswing, grime","Traditional music, Electronic",Answerphone (feat. Yxng Bane),2018-03-15,1HagMz5nWk1HmevNCBOxF3,Parlophone UK,GBAYE1800222,35656645,"2uFC1dAj5b0YU7vulKNZ0p, 66TrUkUZ3RM29dqeDQRgyA, 5AbLpsnTQVNB3OEadYiVrK"
Sick Boy,The Chainsmokers,,,Sick Boy,2018-04-20,08hm0V6cTsWDX62hW42sEv,Disruptor Records/Columbia,USQX91702676,17094425,69GGBxA162lTqCwzJG5jLp
Everybody Hates Me,The Chainsmokers,,,Sick Boy,2018-04-20,7GCKSaadrwpoVSiwbEGkfv,Disruptor Records/Columbia,USQX91702851,1229124,69GGBxA162lTqCwzJG5jLp
Creeping (feat. Rich the Kid),"Lil Skies, Rich The Kid","melodic rap, trap",Hip Hop,Creeping (feat. Rich the Kid),2018-03-23,7ms3VzLTfr7fXNOqA4Mkx9,All We Got Ent.,USAT21801155,641781,"7d3WFRME3vBY2cgoP38RDo, 1pPmIToKXyGdsCF6LmqLmI"
Sin Pijama,"Becky G, NATTI NATASHA","reggaeton, latin, urbano latino, bachata",Latin,Sin Pijama,2018-04-20,2ijef6ni2amuunRoKTlgww,Sony Music Latin,USSD11800157,337190302,"4obzFoKoKRHIphyHzJ35G3, 1GDbiv3spRmZ1XdM1jQbT7"
Psycho (feat. Ty Dolla $ign),"Post Malone, Ty Dolla $ign",,,beerbongs & bentleys,2018-04-27,3swc6WTsr7rl9DqQKQA55C,Republic Records,USUM71710836,422025531,"246dkjvS1zLTtiykXe5h60, 7c0XG5cIJTrrAgEC3ULPiq"
Paranoid,Post Malone,,,beerbongs & bentleys,2018-04-27,3fpVWegR6YOS1Yk5HSMYIq,Republic Records,USUM71710835,129346771,246dkjvS1zLTtiykXe5h60
Better Now,Post Malone,,,beerbongs & bentleys,2018-04-27,7dt6x5M1jzdTEt8oCbisTK,Republic Records,USUM71805170,686038136,246dkjvS1zLTtiykXe5h60
Spoil My Night (feat. Swae Lee),"Post Malone, Swae Lee",,,beerbongs & bentleys,2018-04-27,5VuxWXbt7XENQCtE9TzpTv,Republic Records,USUM71805153,99563977,"246dkjvS1zLTtiykXe5h60, 1zNqQNIdeOUZHb8zbZRFMX"
Rich & Sad,Post Malone,,,beerbongs & bentleys,2018-04-27,2VdT56BGpdqNHUgOe1j5vc,Republic Records,USUM71805166,84921986,246dkjvS1zLTtiykXe5h60
rockstar (feat. 21 Savage),"Post Malone, 21 Savage",,,beerbongs & bentleys,2018-04-27,0e7ipj03S05BNilyu5bRzt,Republic Records,USUM71710087,411534095,"246dkjvS1zLTtiykXe5h60, 1URnnhqYAYcrqrcwql10ft"
Zack And Codeine,Post Malone,,,beerbongs & bentleys,2018-04-27,5lZZmityu9TAjNvSY6GLhR,Republic Records,USUM71805167,58502901,246dkjvS1zLTtiykXe5h60
Over Now,Post Malone,,,beerbongs & bentleys,2018-04-27,09IOPhEh1OMe0HD9b36FJk,Republic Records,USUM71805169,68046119,246dkjvS1zLTtiykXe5h60
Ball For Me (feat. Nicki Minaj),"Post Malone, Nicki Minaj",,,beerbongs & bentleys,2018-04-27,6IaieqiCVvsNvEt6Y7yOFa,Republic Records,USUM71710834,152082540,"246dkjvS1zLTtiykXe5h60, 0hCNtLu0JehylgoiP8L4Gh"
Takin' Shots,Post Malone,,,beerbongs & bentleys,2018-04-27,5ffntNJnJOeFv7b7DCd0Bw,Republic Records,USUM71805168,52554973,246dkjvS1zLTtiykXe5h60
Stay,Post Malone,,,beerbongs & bentleys,2018-04-27,4H7WNRErSbONkM06blBoGc,Republic Records,USUM71805172,92029738,246dkjvS1zLTtiykXe5h60
Same Bitches (feat. G-Eazy & YG),"Post Malone, G-Eazy, YG",hyphy,Hip Hop,beerbongs & bentleys,2018-04-27,688QpQAwqsLdBR6lr13wK1,Republic Records,USUM71805174,58241930,"246dkjvS1zLTtiykXe5h60, 02kJSzxNuaWGqwubyUba0Z, 0A0FS04o6zMoto8OKPsDwY"
Otherside,Post Malone,,,beerbongs & bentleys,2018-04-27,4qWCFTuNnmGNdY4egtb4ZY,Republic Records,USUM71805171,38843826,246dkjvS1zLTtiykXe5h60
92 Explorer,Post Malone,,,beerbongs & bentleys,2018-04-27,1D2L6MefbXon28PzIk9I3r,Republic Records,USUM71805176,59258781,246dkjvS1zLTtiykXe5h60
Blame It On Me,Post Malone,,,beerbongs & bentleys,2018-04-27,1ZemPoaj7LBj1RAQrb89EC,Republic Records,USUM71805173,34613261,246dkjvS1zLTtiykXe5h60
Candy Paint,Post Malone,,,beerbongs & bentleys,2018-04-27,32lItqlMi4LBhb4k0BaSaC,Republic Records,USUM71711842,123542611,246dkjvS1zLTtiykXe5h60
Sugar Wraith,Post Malone,,,beerbongs & bentleys,2018-04-27,0MrRAUcB8AZiB9ue2VOBYe,Republic Records,USUM71805177,31116066,246dkjvS1zLTtiykXe5h60
Jonestown (Interlude),Post Malone,,,beerbongs & bentleys,2018-04-27,0R6Jlsq25eZB3Wftpxi3oF,Republic Records,USUM71805175,16102736,246dkjvS1zLTtiykXe5h60
2002,Anne-Marie,,,Speak Your Mind (Deluxe),2018-04-27,6SFStUDQZNaGPKWOx9ZiJB,Atlantic Records UK,GBAHS1800094,180437476,1zNqDE7qDGCsyzJwohVaoX
I Wanna Know (feat. Bea Miller),"NOTD, Bea Miller",,,I Wanna Know (feat. Bea Miller) - Remixes,2018-04-27,2og9I9rQwr2XdTLJUupfT1,Universal Music AB,SEUM71800123,13040755,"5jAMCwdNHWr7JThxtMuEyy, 1o2NpYGqHiCq7FoiYdyd1x"
Famous,Mason Ramsey,country,Country,Famous,2018-04-27,2HGymMoOdB4ZYv0AAqYmgF,Atlantic/Big Loud Records,USAT21802034,12521721,6xvpfMjWTougrRRtK7iikz
Neymar,"Capital Bra, Ufo361","german hip hop, turkish hip hop",Hip Hop,Neymar,2018-04-27,0d0d2CuQSQDF7Q7vNhwA3i,Team Kuku,DEWS21700044,10840391,"4WZGDpNwrC0vNQyl9QzF7d, 5pVRwX5ZQR7hfJ18w8ZYkl"
Was erlebt (feat. Bonez MC),"Gzuz, Bonez MC",german hip hop,Hip Hop,Was erlebt,2018-04-27,7g7aSJiEcQP8s3PTzqM4Fj,Vertigo/Capitol,DEUM71800984,629619,"5eioJDe26lOqkAMbuhzZYs, 1aS5tqEs9ci5P9KD9tZWa6"
Só Quer Vrau,"MC MM, DJ RD","funk, brazilian funk, brega funk","Hip Hop, Pop, R&B",Só Quer Vrau,2018-04-06,68uKHxQzoY6gd7YSKJf21J,KondZilla,BRKO11800060,5736749,"3a5ydeAaojKa3CHWe5PVWK, 0tvACMjTDrW7HCo4F2wiIb"
Fuleragem,MC WM,"funk, brazilian funk, brega funk","Hip Hop, Pop, R&B",Fuleragem,2018-02-26,6tuzPD1zPPvwMbGiD0TBay,WM Brazil,BXPYA1800029,607175,14D0I0RYqvIorkPL2EWoQh
Ye vs. the People (starring TI as the People),Kanye West,rap,Hip Hop,Ye vs. the People (starring TI as the People),2018-04-28,69b0SDYOymaqYwm3la237H,Rock The World/IDJ/Kanye LP7,USUM71806072,4511152,5K4W6rqBFWDnAN6FQUkS6x
Dura - Remix,"Daddy Yankee, NATTI NATASHA, Becky G, Bad Bunny","reggaeton, latin, urbano latino, bachata, trap latino",Latin,Dura (Remix),2018-04-27,6U2NuJILEOEpW2tVCuqKHb,El Cartel Records (EC3),US2BU1800400,148994437,"4VMYDCV2IEDYJArk749S6m, 1GDbiv3spRmZ1XdM1jQbT7, 4obzFoKoKRHIphyHzJ35G3, 4q3ewBCX7sLwd24euuV69X"
Nena Maldicion (feat. Lenny Tavarez),"Paulo Londra, Lenny Tavárez","argentine trap, trap latino, reggaeton, urbano latino","Hip Hop, Latin",Nena Maldicion (feat. Lenny Tavarez),2018-01-30,3TnhQSRwT3AVMdXw5JPq0x,Paulo Londra,TCADL1878978,35051940,"3vQ0GE3mI0dAaxIMYe5g7z, 1pQWsZQehhS4wavwh7Fnxd"
Lift Yourself,Kanye West,rap,Hip Hop,Lift Yourself,2018-04-29,3uYDO9dPLTVrgfwg7EYXSf,Rock The World/IDJ/Kanye LP7,USUM71806044,11625266,5K4W6rqBFWDnAN6FQUkS6x
Youth (feat. Khalid),"Shawn Mendes, Khalid","pop, ",Pop,Youth (feat. Khalid),2018-05-03,3Wf2YGdYT8xVdNsQSoRKk9,Island Records,USUM71804955,34923455,"7n2wHs1TKAczGzO7Dd2rGr, 6LuN9FCkKOj5PcnpouEgny"
Watch (feat. Lil Uzi Vert & Kanye West),"Travis Scott, Lil Uzi Vert, Kanye West","rap, melodic rap",Hip Hop,Watch (feat. Lil Uzi Vert & Kanye West),2018-05-04,3DoBTwfr8yi2LN08SBpFkN,Epic/Grand Hustle/Cactus Jack,USSM11804504,51233857,"0Y5tJX1MQlPlqiwlOH1tJY, 4O15NlyKLIASxsJ0PrXPfz, 5K4W6rqBFWDnAN6FQUkS6x"
Peace & Love,"Charlie Charles, Sfera Ebbasta, Ghali","italian trap, trap",Hip Hop,Peace & Love,2018-05-04,4BGmYEDOK1swwoxTtfmVZD,Universal Music Italia srL.,ITUM71800483,6983414,"1UCxzrM5WJh9ure5vCcsim, 23TFHmajVfBtlRx5MXqgoz, 3egWSWp7Y4FyCKIyvXbw7L"
Powerglide (feat. Juicy J) - From SR3MM,"Rae Sremmurd, Swae Lee, Slim Jxmmi, Juicy J","memphis rap, crunk",Hip Hop,SR3MM,2018-05-04,1BuZAIO8WZpavWVbbq3Lci,Mike WiLL Made-It,USUM71802281,78250555,"7iZtZyCzp3LItcw1wtPI3D, 1zNqQNIdeOUZHb8zbZRFMX, 7EEiVZvj6RCEtVX2F2pyxu, 5gCRApTajqwbnHHPbr2Fpi"
Genius,"Sia, Diplo, Labrinth, LSD","moombahton, ",Electronic,Genius,2018-05-03,73F87Sqh6jQWucOOvz1WFx,Records/Columbia,USQX91800798,23576294,"5WUlDfRSoLAfcVSX1WnrxN, 5fMUXHkw8R8eOP2RNVYEZX, 2feDdbD5araYcm6JhFHHw7, 6IZ4ctovY9dl7bgHClAvKJ"
CLOSE (feat. Travis Scott) - From SR3MM,"Rae Sremmurd, Swae Lee, Slim Jxmmi, Travis Scott",rap,Hip Hop,SR3MM,2018-05-04,1oUudyBYVGMIC8JXeIsFzq,Mike WiLL Made-It,USUM71803949,7774478,"7iZtZyCzp3LItcw1wtPI3D, 1zNqQNIdeOUZHb8zbZRFMX, 7EEiVZvj6RCEtVX2F2pyxu, 0Y5tJX1MQlPlqiwlOH1tJY"
Hunger,Florence + The Machine,baroque pop,Pop,Hunger,2018-05-03,6HJcuxVgYjxcYDnPG0ystc,EMI,GBUM71800802,1689528,1moxjboGR7GNWYIMWsRjgG
You Can Cry,"Marshmello, Juicy J, James Arthur","edm, memphis rap, crunk, soft pop","Hip Hop, Electronic, Pop",You Can Cry,2018-05-04,3ZbJMlEL4Kcme0ONRO7Slx,Joytime Collective/Columbia,USQX91800946,6492193,"64KEffDW9EtZ1y2vBYgq8T, 5gCRApTajqwbnHHPbr2Fpi, 4IWBUUAFIplrNtaOHcJPRM"
Bloom,Troye Sivan,,,Bloom,2018-05-02,1hSOt9IeshMkuKP9ri4hOf,EMI Recorded Music Australia Pty Ltd,AUUM71800411,1538036,3WGpXCj9YhhfX11TToZcXP
Accelerate (feat. Ty Dolla $ign & 2 Chainz),"Christina Aguilera, Ty Dolla $ign, 2 Chainz","rap, southern hip hop",Hip Hop,Accelerate (feat. Ty Dolla $ign & 2 Chainz),2018-05-03,5eQ9IwVa9EodrmIItRQpaA,RCA Records Label,USRC11801866,873350,"1l7ZsJRRS8wlW3WfJfPfNS, 7c0XG5cIJTrrAgEC3ULPiq, 17lzZA2AlOHwCwFALHttmp"
The Way I Am,Charlie Puth,"soft pop, pop",Pop,The Way I Am,2018-05-03,5Co8mnbtshK44Uh96aHxdu,Artist Partner,USAT21702277,855702,6VuMaDnrHyPL1p4EHjYLi7
Buckets (feat. Future) - From SR3MM,"Rae Sremmurd, Swae Lee, Slim Jxmmi, Future",rap,Hip Hop,SR3MM,2018-05-04,2TtWdYXulGcHCeUJUWwZ4M,Mike WiLL Made-It,USUM71805883,841747,"7iZtZyCzp3LItcw1wtPI3D, 1zNqQNIdeOUZHb8zbZRFMX, 7EEiVZvj6RCEtVX2F2pyxu, 1RyvyyTE3xzB2ZywiAwp0i"
Guatemala - From Swaecation,"Rae Sremmurd, Swae Lee, Slim Jxmmi",,,SR3MM,2018-05-04,0TCnOEVeLQMXOUrpPlM7uY,Mike WiLL Made-It,USUM71803952,26172886,"7iZtZyCzp3LItcw1wtPI3D, 1zNqQNIdeOUZHb8zbZRFMX, 7EEiVZvj6RCEtVX2F2pyxu"
Jump (with Trippie Redd),"Julia Michaels, Trippie Redd",melodic rap,Hip Hop,Jump (with Trippie Redd),2018-05-04,2OvV4NjEBRE9v8Oo7QeUCq,J/Republic,USUM71805739,16040069,"0ZED1XzwlLHW4ZaG4lOT6m, 6Xgp2XMz1fhVYe7i6yNAax"
I'll Be There,Jess Glynne,,,I'll Be There,2018-05-03,083Qf6hn6sFL6xiOHlZUyn,Atlantic Records UK,GBAHS1800322,82990656,4ScCswdRlyA23odg9thgIO
Bedtime Stories (feat. The Weeknd) - From SR3MM,"Rae Sremmurd, Swae Lee, Slim Jxmmi, The Weeknd",,,SR3MM,2018-05-04,6nI74KsH94IN0J2vp5shdT,Mike WiLL Made-It,USUM71805882,813885,"7iZtZyCzp3LItcw1wtPI3D, 1zNqQNIdeOUZHb8zbZRFMX, 7EEiVZvj6RCEtVX2F2pyxu, 1Xyo4u8uXC1ZmMpatF05PJ"
Italiana,"J-AX, Fedez",,,Italiana,2018-05-04,0ptaq4BSl6jrXfGyLzJjYE,Epic,ITB001800140,711493,"2iK8weavvfS2xJCmzNzNE5, 3pgCLfNbw5ozIfoNsvDU7i"
MOVE TO MIAMI,"Enrique Iglesias, Pitbull","latin pop, latin, ","Latin, Pop",MOVE TO MIAMI,2018-05-03,1BuTNbYxxFYezD1tT8AJR9,RCA Records/Sony Music International/Sony Music Latin,USRC11801626,689210,"7qG3b048QCHVRO5Pv1T5lw, 0TnOYISbd1XYRBk9myaseg"
Up In My Cocina - From SR3MM,"Rae Sremmurd, Swae Lee, Slim Jxmmi",,,SR3MM,2018-05-04,4669wTPqp7Xwz2H7v4QKi1,Mike WiLL Made-It,USUM71805880,681065,"7iZtZyCzp3LItcw1wtPI3D, 1zNqQNIdeOUZHb8zbZRFMX, 7EEiVZvj6RCEtVX2F2pyxu"
Bella - Remix,"Wolfine, Maluma","reggaeton, latin, urbano latino",Latin,Bella (Remix),2018-05-04,0SaYeGhSXN0dDWstyNTQ56,WM Mexico,COC011832583,99249738,"2OnKRchqP7tT0FzTvWIFI7, 1r4hJ1h58CWwUQe3MxPuau"
This Is America,Childish Gambino,,,This Is America,2018-05-06,0b9oOr2ZgvyQu88wzixux9,Wolf+Rothstein/RCA Records,USRC11801773,208329960,73sIBHcqh3Z3NyqHKZ7FOL
Marinero,Maluma,"reggaeton, latin, urbano latino",Latin,Marinero,2018-05-05,0IEUbDOzcwi6Ju1ZAJ23rk,Sony Music Latin,USSD11800176,1151464,1r4hJ1h58CWwUQe3MxPuau
La Cintura,Alvaro Soler,,,La Cintura,2018-03-29,19MBk3PbNFE36wqIqkMq9H,Airforce1,DEUM71800524,121219932,2urF8dgLVfDjunO0pcHUEe
Back To You - From 13 Reasons Why – Season 2 Soundtrack,Selena Gomez,pop,Pop,Back To You (From 13 Reasons Why – Season 2 Soundtrack),2018-05-10,4hQ6UGyWQIGJmHSo0J88JW,UMGRI Interscope,USUM71805992,196580645,0C8ZW7ezQVs4URX5aX7Kqx
Four Out Of Five,Arctic Monkeys,"indie, garage rock",Rock,Tranquility Base Hotel & Casino,2018-05-10,5Z5nbOXhsSbySVC7WUc6y9,Domino Recording Co,GBCEL1800169,8739826,7Ln80lUS6He07XvHI8qqHH
Star Treatment,Arctic Monkeys,"indie, garage rock",Rock,Tranquility Base Hotel & Casino,2018-05-10,0b93tWwuoAC0nXe1CfR30I,Domino Recording Co,GBCEL1800164,6399280,7Ln80lUS6He07XvHI8qqHH
One Point Perspective,Arctic Monkeys,"indie, garage rock",Rock,Tranquility Base Hotel & Casino,2018-05-10,1t67WYNfUxfOiwaz7SJ66b,Domino Recording Co,GBCEL1800165,5202312,7Ln80lUS6He07XvHI8qqHH
Tranquility Base Hotel & Casino,Arctic Monkeys,"indie, garage rock",Rock,Tranquility Base Hotel & Casino,2018-05-10,2URDbWGmPz3vhagl25p8OC,Domino Recording Co,GBCEL1800167,4859074,7Ln80lUS6He07XvHI8qqHH
American Sports,Arctic Monkeys,"indie, garage rock",Rock,Tranquility Base Hotel & Casino,2018-05-10,2HbYLDA1SigY1ilC94ieVu,Domino Recording Co,GBCEL1800166,3831387,7Ln80lUS6He07XvHI8qqHH
Golden Trunks,Arctic Monkeys,"indie, garage rock",Rock,Tranquility Base Hotel & Casino,2018-05-10,0U6Vg6RUmzADUO0Y9fVKft,Domino Recording Co,GBCEL1800168,3568174,7Ln80lUS6He07XvHI8qqHH
"Girls (feat. Cardi B, Bebe Rexha & Charli XCX)","Rita Ora, Bebe Rexha, Charli xcx, Cardi B","hyperpop, art pop, ",Pop,"Girls (feat. Cardi B, Bebe Rexha & Charli XCX)",2018-05-11,1YNQscOx6OqBQjxgJVhEeW,Atlantic Records UK,GBAHS1800321,52686172,"5CCwRZC6euC8Odo6y9X8jr, 64M6ah0SkkRsnPGtGiRAbb, 25uiPmTg16RbhZWAqwLBy5, 4kYSro6naA4h99UJvo89HB"
The World's First Ever Monster Truck Front Flip,Arctic Monkeys,"indie, garage rock",Rock,Tranquility Base Hotel & Casino,2018-05-10,5rqQTEIVK2PTuXU9GI2wT0,Domino Recording Co,GBCEL1800170,2729502,7Ln80lUS6He07XvHI8qqHH
She Looks Like Fun,Arctic Monkeys,"indie, garage rock",Rock,Tranquility Base Hotel & Casino,2018-05-10,60T4FDF1tTcFlXkI08FFhL,Domino Recording Co,GBCEL1800172,1971153,7Ln80lUS6He07XvHI8qqHH
Science Fiction,Arctic Monkeys,"indie, garage rock",Rock,Tranquility Base Hotel & Casino,2018-05-10,6hkfgHhYXyDVYahUOZhGRd,Domino Recording Co,GBCEL1800171,1973529,7Ln80lUS6He07XvHI8qqHH
Batphone,Arctic Monkeys,"indie, garage rock",Rock,Tranquility Base Hotel & Casino,2018-05-10,7aiKdAM9WYW3GzWSA9OXIl,Domino Recording Co,GBCEL1800173,1831585,7Ln80lUS6He07XvHI8qqHH
The Ultracheese,Arctic Monkeys,"indie, garage rock",Rock,Tranquility Base Hotel & Casino,2018-05-10,3PhbzvTllkq1rkULafc6ns,Domino Recording Co,GBCEL1800174,1812066,7Ln80lUS6He07XvHI8qqHH
Audio,"Sia, Diplo, Labrinth, LSD","moombahton, ",Electronic,Audio,2018-05-10,7boPPE857KEqCIHNwFkDop,Records/Columbia,USQX91800797,71380487,"5WUlDfRSoLAfcVSX1WnrxN, 5fMUXHkw8R8eOP2RNVYEZX, 2feDdbD5araYcm6JhFHHw7, 6IZ4ctovY9dl7bgHClAvKJ"
New Light,John Mayer,singer-songwriter,Folk/Acoustic,New Light,2018-05-10,3bH4HzoZZFq8UpZmI2AMgV,Snack Money,QM4TW1898425,56149453,0hEurMDQu99nJRq8pTxO14
Déjala Que Vuelva (feat. Manuel Turizo),"Piso 21, Manuel Turizo","reggaeton, colombian pop, pop urbano, latin","Pop, Latin",Ubuntu,2018-05-11,1j6xOGusnyXq3l6IryKF3G,WM Mexico,MXF151700546,70088380,"4bw2Am3p9ji3mYsXNXtQcd, 0tmwSHipWxN12fsoLcFU3B"
Shoota (feat. Lil Uzi Vert),"Playboi Carti, Lil Uzi Vert","rage rap, melodic rap",Hip Hop,Die Lit,2018-05-11,2BJSMvOGABRxokHKB0OI8i,AWGE Label,USUM71804149,35405369,"699OTQXzgjhIYAHMy9RyPD, 4O15NlyKLIASxsJ0PrXPfz"
Attention,Charlie Puth,"soft pop, pop",Pop,Voicenotes,2018-05-11,5cF0dROlMOK5uNZtivgu50,Artist Partner,USAT21700928,24861408,6VuMaDnrHyPL1p4EHjYLi7
Patient,Charlie Puth,"soft pop, pop",Pop,Voicenotes,2018-05-11,2ZrHbO88rM6Ijeg0aJmSzl,Artist Partner,USAT21702280,912892,6VuMaDnrHyPL1p4EHjYLi7
Done for Me (feat. Kehlani),"Charlie Puth, Kehlani","soft pop, pop, ",Pop,Voicenotes,2018-05-11,1lsBTdE6MGsKeZCD6llNu7,Artist Partner,USAT21702279,39929705,"6VuMaDnrHyPL1p4EHjYLi7, 0cGUm45nv7Z6M6qdXYQGTX"
R.I.P.,Playboi Carti,rage rap,Hip Hop,Die Lit,2018-05-11,3L0IKstjUgDFVQAbQIRZRv,AWGE Label,USUM71804150,829435,699OTQXzgjhIYAHMy9RyPD
How Long,Charlie Puth,"soft pop, pop",Pop,Voicenotes,2018-05-11,6wmAHw1szh5RCKSRjiXhPe,Artist Partner,USAT21702278,9032501,6VuMaDnrHyPL1p4EHjYLi7
Love Hurts (feat. Travis Scott),"Playboi Carti, Travis Scott","rage rap, rap",Hip Hop,Die Lit,2018-05-11,3K6U7TamNyVSWcFH8pCQHX,AWGE Label,USUM71804153,788379,"699OTQXzgjhIYAHMy9RyPD, 0Y5tJX1MQlPlqiwlOH1tJY"
If You're Over Me,Olly Alexander (Years & Years),,,If You're Over Me,2018-05-10,01k24g94i1JvkFLQmVEdCd,Polydor Records,GBUM71801455,20005636,5vBSrE1xujD2FXYRarbAXc
Quarter Past Midnight,Bastille,,,Quarter Past Midnight,2018-05-09,1etiUDkISHELzQGMY79ryt,EMI (Virgin),GBUM71801713,693931,7EQ0qTo7fWT7DPxmxtSYEc
The Way I Am,Charlie Puth,"soft pop, pop",Pop,Voicenotes,2018-05-11,6qNALlmZa1ESnCxJmXE1K9,Artist Partner,USAT21702277,692184,6VuMaDnrHyPL1p4EHjYLi7
Fell In Luv (feat. Bryson Tiller),"Playboi Carti, Bryson Tiller","rage rap, r&b","R&B, Hip Hop",Die Lit,2018-05-11,1s9DTymg5UQrdorZf43JQm,AWGE Label,USUM71804159,663300,"699OTQXzgjhIYAHMy9RyPD, 2EMAnMvWE2eb56ToJVfCWs"
British,Dark Polo Gang,"italian trap, trap",Hip Hop,British,2018-05-11,3eIRxkHV1xKsSJ8WWFfGjE,Universal Music Italia srL.,ITUM71800479,647852,4CuMwzDzEdlUJMEna38VQ0
Right Now (feat. Pi'erre Bourne),"Playboi Carti, Pi’erre Bourne","rage rap, melodic rap",Hip Hop,Die Lit,2018-05-11,475jSz0H6U3duJyNiDS0tT,AWGE Label,USUM71804157,644116,"699OTQXzgjhIYAHMy9RyPD, 3x3jSlhyv5CiCZDZlaTq0M"
Do I Wanna Know?,Arctic Monkeys,"indie, garage rock",Rock,AM,2013-01-01,3rq5w4bQGigXOfdN30ATJt,EMI Recorded Music Australia Pty Ltd,GBCEL1300362,628049,7Ln80lUS6He07XvHI8qqHH
All Girls Are The Same,Juice WRLD,"melodic rap, emo rap",Hip Hop,All Girls Are The Same,2018-04-13,1dNyRyz1QBN9kO1etUs1PI,Juice WRLD Mixtape / ISR P&D,USUG11800651,7976309,4MCBfE4596Uoi2O4DtmEMz
Toy,Netta,,,Toy,2018-03-11,7vuTcvFnvlqWlWb4u60nvY,Tedy,IL5181100107,6038731,4Z4afeDmHFxPmJorIwupbZ
Fuego,Eleni Foureira,laïko,,Fuego,2018-03-09,22ppznuzVF9LKamaaqMMqu,A-P Records / Panik Records,SE5W31800201,3318504,39E15l8zeCDYpSZwFNX4G2
Lie to Me,MIKOLAS,,,Lie to Me,2018-04-06,6zBdVVksaTQeAzwfszbovz,Ariola/Hansa Local,CZN271711111,2558212,6Kz7MXIUFMtp5Ts91lagtR
You Let Me Walk Alone,Michael Schulte,,,Dreamer,2018-05-04,07qlsG6DYRLBbovwca9Vbr,VERY US RECORDS,DEPT21800004,1271569,21aa4pj9BvbFB2iT8kRpnq
Lucid Dreams,Juice WRLD,"melodic rap, emo rap",Hip Hop,Lucid Dreams,2018-05-04,32iYwQ4OYiurnGnOfJ1aEh,Juice WRLD Mixtape / ISR P&D,USUG11800685,9501358,4MCBfE4596Uoi2O4DtmEMz
Heaven,Kane Brown,"country, pop country",Country,Kane Brown (Deluxe Edition),2017-10-06,1HXy5I3HTWq8OvxCn0z7G7,RCA Records Label Nashville,USRN11700088,1104639,3oSJ7TBVCWMDMiYjXNiCKE
Dance You Off,Benjamin Ingrosso,,,Dance You Off,2018-02-26,0s3P5PImfDZYWIseR3b39D,Sony Music Entertainment,SEWEE1701301,504372,7jEEE187pVG6InOxn03oA5
Jettski Grizzley (feat. Lil Pump),"Tee Grizzley, Lil Pump",,,Activated,2018-05-11,2VKf0WEOpq06JE5PTNr9wa,300 Entertainment,QMCE31801750,1744513,"6AUl0ykLLpvTktob97x9hO, 3wyVrVrFCkukjdVIdirGVY"
Clout (feat. 21 Savage),"Ty Dolla $ign, 21 Savage",,,Beach House 3 (Deluxe Edition),2018-05-11,1u0CD4fcBUB1xrG9fNgejh,Atlantic Records,USAT21802197,569543,"7c0XG5cIJTrrAgEC3ULPiq, 1URnnhqYAYcrqrcwql10ft"
Yes Indeed,"Lil Baby, Drake","rap, hip hop",Hip Hop,Yes Indeed,2018-05-15,1wsf1YFQSYND45y0GzJmf7,"Quality Control Music, LLC",USUM71806749,5036327,"5f7VJjfbwm532GiveGC0ZK, 3TVXtAsR1Inumwj472S9r4"
Culpable O No - Miénteme Como Siempre,Luis Miguel,"mariachi, bolero, latin pop","Latin, Pop",Busca Una Mujer,1988-11-25,7BwxbmYFy0l3ROHDjV2c14,WEA Latina,USWI18800034,1823239,2nszmSgqreHSdJA3zWPyrW
Bohemian Rhapsody - Remastered 2011,Queen,"classic rock, rock, glam rock",Rock,A Night At The Opera (2011 Remaster),1975-11-21,1AhDOtG9vPSOmsWgNW0BEY,Universal Music Group,GBUM71029604,3441151,1dfeR4HaWDbWqFHLkxsg1d
Unica,Ozuna,"reggaeton, latin, trap latino, urbano latino",Latin,Unica,2018-04-26,6752EZMgXswvRBH3N2PilO,VP Records Corp/Dimelo Vi,USXDR1800333,82592307,1i8SpTcr7yvPOmcqrbnVXY
Yes Indeed,"Lil Baby, Drake","rap, hip hop",Hip Hop,Harder Than Ever,2018-05-18,6vN77lE9LK6HP2DewaN6HZ,"Quality Control Music, LLC",USUM71806749,272701505,"5f7VJjfbwm532GiveGC0ZK, 3TVXtAsR1Inumwj472S9r4"
FAKE LOVE,BTS,k-pop,Pop,Love Yourself 轉 'Tear',2018-05-18,3aW0ds4A4tSQDIp75FqWTo,BIGHIT MUSIC / HYBE,QM4TX1817912,62010876,3Nrfpe0tUJi4K4DXYWgMUX
Back To You,Selena Gomez,pop,Pop,13 Reasons Why (Season 2),2018-05-18,514rhnksEwHUh6LxXsQ4Y9,UMGRI Interscope,USUM71805992,167024348,0C8ZW7ezQVs4URX5aX7Kqx
Playinwitme (feat. Kehlani),"KYLE, Kehlani",,,Light of Mine,2018-05-18,4F1yvJfQ7gJkrcgFJQDjOr,independently popular.,USAT21801141,111609196,"4qBgvVog0wzW75IQ48mU7v, 0cGUm45nv7Z6M6qdXYQGTX"
Solo (feat. Demi Lovato),"Clean Bandit, Demi Lovato",,,Solo (feat. Demi Lovato),2018-05-17,6kPJZM97LwdG9QIsT7khp6,Atlantic Records UK,GBAHS1800328,419329117,"6MDME20pz9RveH9rEXvrOM, 6S2OmqARrzebs0tKUEyXyp"
Sangria Wine,"Pharrell Williams, Camila Cabello",pop,Pop,Sangria Wine,2018-05-18,6XlSyYFTU1nodeWwwzVgTV,Columbia,USSM11804437,23496755,"2RdwBSPQiwcmiDo9kixcl8, 4nDoRrQiYLoBzwC5BhVJzF"
The Truth Untold,"BTS, Steve Aoki","k-pop, electro house, edm","Electronic, Pop",Love Yourself 轉 'Tear',2018-05-18,48XfojJC87VKLlUotYV0Gm,BIGHIT MUSIC / HYBE,QM4TX1817913,9608647,"3Nrfpe0tUJi4K4DXYWgMUX, 77AiFEVeAVj2ORpC85QVJs"
Airplane pt.2,BTS,k-pop,Pop,Love Yourself 轉 'Tear',2018-05-18,1trFxVLL8WKhYap543e74l,BIGHIT MUSIC / HYBE,QM4TX1817918,9962623,3Nrfpe0tUJi4K4DXYWgMUX
El Préstamo,Maluma,"reggaeton, latin, urbano latino",Latin,F.A.M.E.,2018-05-18,2XVilv6s9GETnw9PG4T9Mz,Sony Music Latin,USSD11800080,82378346,1r4hJ1h58CWwUQe3MxPuau
Where Were You In The Morning?,Shawn Mendes,pop,Pop,Where Were You In The Morning?,2018-05-18,5cuRYDNIcSu5noyXQpULKg,Island Records,USUM71804952,4956785,7n2wHs1TKAczGzO7Dd2rGr
134340,BTS,k-pop,Pop,Love Yourself 轉 'Tear',2018-05-18,38td8VabuKlQt72Q2VnhbO,BIGHIT MUSIC / HYBE,QM4TX1817914,4680376,3Nrfpe0tUJi4K4DXYWgMUX
Paradise,BTS,k-pop,Pop,Love Yourself 轉 'Tear',2018-05-18,01dmH2IPkrLNWIMPNXlreE,BIGHIT MUSIC / HYBE,QM4TX1817915,4806223,3Nrfpe0tUJi4K4DXYWgMUX
Love Maze,BTS,k-pop,Pop,Love Yourself 轉 'Tear',2018-05-18,645YBsxhFPSOKxGep3uHLv,BIGHIT MUSIC / HYBE,QM4TX1817916,4706132,3Nrfpe0tUJi4K4DXYWgMUX
Magic Shop,BTS,k-pop,Pop,Love Yourself 轉 'Tear',2018-05-18,22ryCgQttpV7oCrn7llGRu,BIGHIT MUSIC / HYBE,QM4TX1817917,4698451,3Nrfpe0tUJi4K4DXYWgMUX
Anpanman,BTS,k-pop,Pop,Love Yourself 轉 'Tear',2018-05-18,4lRwa7PKcGIuJMwtPIYKdy,BIGHIT MUSIC / HYBE,QM4TX1817919,7773431,3Nrfpe0tUJi4K4DXYWgMUX
Jackie Chan,"Tiësto, Dzeko, Preme, Post Malone","edm, trance, big room, house, dance, ",Electronic,Jackie Chan,2018-05-18,4kWO6O1BUXcZmaxitpVUwp,"Universal Music, a division of Universal International Music BV",CYA111800123,366664524,"2o5jDhtHVPhrJdv3cEQ99Z, 5vQfv3s2Z2SRdPZKr82ABw, 0bdJZl7TDeiymDYzMJnVh2, 246dkjvS1zLTtiykXe5h60"
So What,BTS,k-pop,Pop,Love Yourself 轉 'Tear',2018-05-18,4CvId64YZSB0RfRdfzPIQU,BIGHIT MUSIC / HYBE,QM4TX1817920,3698515,3Nrfpe0tUJi4K4DXYWgMUX
Corazón (feat. Nego do Borel),"Maluma, Nego do Borel","reggaeton, latin, urbano latino, funk, funk pop, brazilian funk, brazilian pop","Hip Hop, Pop, R&B, Latin",F.A.M.E.,2018-05-18,5cepAtqnEQ6yVG6088zMMu,Sony Music Latin,USSD11700459,33410795,"1r4hJ1h58CWwUQe3MxPuau, 1B0Rp4SWGnFgGCPU5Pju6E"
Intro: Singularity,BTS,k-pop,Pop,Love Yourself 轉 'Tear',2018-05-18,6ePyl2ns4b7MVYhjsj32ZK,BIGHIT MUSIC / HYBE,QM4TX1817911,4326139,3Nrfpe0tUJi4K4DXYWgMUX
Outro: Tear,BTS,k-pop,Pop,Love Yourself 轉 'Tear',2018-05-18,5p10VwQ8LRoyTc8LFrvPw6,BIGHIT MUSIC / HYBE,QM4TX1817921,2182141,3Nrfpe0tUJi4K4DXYWgMUX
Por Perro,"Sebastian Yatra, Luis Figueroa, Lary Over","colombian pop, reggaeton, latin, salsa, salsa romantica, trap latino, trap, dembow","Pop, Latin, Hip Hop",MANTRA,2018-05-18,2alIsNw1mqEShbWyO1HXZZ,UMLE - Latino,USUM71802269,116683833,"07YUOmWljBTXwIseAUd9TW, 7waNCUQ1Ne7OoNHgqpgMZ7, 1jSjfSgDjedJdi5MoyRu78"
Champion (feat. Travis Scott),"NAV, Travis Scott","melodic rap, rap",Hip Hop,RECKLESS,2018-05-18,6nO3tr47nr2P7f3hXb8JIo,Republic Records,USUM71806667,32370922,"7rkW85dBwwrJtlHRDkJDAC, 0Y5tJX1MQlPlqiwlOH1tJY"
Start Again,"OneRepublic, Logic","soft pop, ",Pop,Start Again,2018-05-16,5DR5ROdgm8iSxhZKLXEIbi,UMGRI Interscope,USUM71805991,835139,"5Pwc4xIPtQLFEnJriah9YJ, 4xRYI6VqpkE3UwrDrAZL8L"
Fall In Line (feat. Demi Lovato),"Christina Aguilera, Demi Lovato",,,Fall In Line (feat. Demi Lovato),2018-05-16,25qfFpoGhk9Njgu5nl36sS,RCA Records Label,USRC11801868,820660,"1l7ZsJRRS8wlW3WfJfPfNS, 6S2OmqARrzebs0tKUEyXyp"
Faith (feat. Quavo),"NAV, Quavo","melodic rap, ",Hip Hop,RECKLESS,2018-05-18,3NelcGZ46JmV9LqOD1pnxA,Republic Records,USUM71806665,704091,"7rkW85dBwwrJtlHRDkJDAC, 0VRj0yCOv2FXJNP47XQnx5"
"Welcome to the Party (with French Montana & Lil Pump, feat. Zhavia Ward) - from Deadpool 2","Diplo, French Montana, Lil Pump, Zhavia","moombahton, ",Electronic,"Welcome to the Party (with French Montana & Lil Pump, feat. Zhavia Ward) [from Deadpool 2]",2018-05-15,5mqzhMuUpvnMfwNz6iepmO,Columbia,USQX91800862,26897467,"5fMUXHkw8R8eOP2RNVYEZX, 6vXTefBL93Dj5IqAWq6OTv, 3wyVrVrFCkukjdVIdirGVY, 1CO6e7WRJvSFenmQO8n64C"
Taste (feat. Offset),"Tyga, Offset",,,Taste (feat. Offset),2018-05-16,5IaHrVsrferBYDm0bDyABy,Last Kings Music / EMPIRE,USUYG1198481,467229076,"5LHRHt1k9lMyONurDHEdrp, 4DdkRBBYG6Yk9Ka8tdJ9BW"
Wanted You (feat. Lil Uzi Vert),"NAV, Lil Uzi Vert",melodic rap,Hip Hop,RECKLESS,2018-05-18,1Faq8G2y56A8fRv7HsLq25,Republic Records,USUG11702054,672044,"7rkW85dBwwrJtlHRDkJDAC, 4O15NlyKLIASxsJ0PrXPfz"
Dinero,"Jennifer Lopez, DJ Khaled, Cardi B",,,Dinero,2018-05-17,22mQXNE0nCuWq4yOwcadIn,Epic/Nuyorican Productions,USSM11800314,614841,"2DlGxzQSjYe5N6G9nkYghR, 0QHgL1lAIqAw0HtD7YldmP, 4kYSro6naA4h99UJvo89HB"
Amor Falso,Aldair Playboy,"brega funk, brega, forró, sertanejo, arrocha, pagode baiano, piseiro, funk, tecnobrega","Country, Pop, R&B, Latin",Amor Falso,2018-03-23,00zzSEe82JTtz68XlARnh7,Valmir Mendonça Promoções,uscgj1873594,6981926,6LjdKBMnP1Da8Oe6WhrN56
No Hay Nadie Más,Sebastian Yatra,"colombian pop, reggaeton, latin","Pop, Latin",MANTRA,2018-05-18,3IPJg1sdqLj12kFIndaonN,UMLE - Latino,USUM71713890,9621750,07YUOmWljBTXwIseAUd9TW
The Night We Met,Lord Huron,,,Strange Trails,2015-04-03,24MGEzm6xAO1nFgVVp37YI,[PIAS],US53Q1200103,3837854,6ltzsmQQbmdoHHbLZ4ZN25
Start Again (feat. Logic),"OneRepublic, Logic","soft pop, ",Pop,13 Reasons Why (Season 2),2018-05-18,1Nj2oBISdFDSF8eDuXcALz,UMGRI Interscope,USUM71805991,48935535,"5Pwc4xIPtQLFEnJriah9YJ, 4xRYI6VqpkE3UwrDrAZL8L"
Lucid Dreams,Juice WRLD,"melodic rap, emo rap",Hip Hop,Goodbye & Good Riddance,2018-05-23,0X8DcetL926BYiPJYstJTc,Juice WRLD Mixtape / ISR P&D,USUG11800685,161934743,4MCBfE4596Uoi2O4DtmEMz
All Girls Are The Same,Juice WRLD,"melodic rap, emo rap",Hip Hop,Goodbye & Good Riddance,2018-05-23,3H2JThgdBxezwj1wwafQS8,Juice WRLD Mixtape / ISR P&D,USUG11800651,57958341,4MCBfE4596Uoi2O4DtmEMz
Nervous,Shawn Mendes,pop,Pop,Nervous,2018-05-23,3ltYJpvukgAb9hLpCLoDOm,Island Records,USUM71804963,754486,7n2wHs1TKAczGzO7Dd2rGr
Delicate,Taylor Swift,,,reputation,2017-11-10,7CneiDesUKFJO3Ix01dnfr,"Big Machine Records, LLC",USCJY1750007,23262825,06HL4z0CvFAxyc27GXpf02
Mi Cama,KAROL G,"reggaeton, latin, urbano latino",Latin,Mi Cama,2018-05-11,7sFYVcKSb24qg0dAkqLEFj,UMLE - Latino,USUM71806196,72553258,790FomKkXshlbRYZFtlgla
Body,"Loud Luxury, Brando",,,Body,2017-10-27,43V1z6QToNNWNldV4FEG6r,Armada,NLF711710457,92079448,"6t1gpxYbY8OlLA7D2RiikQ, 5uEeqYFuIChoWKy34jp8xE"
Bipolar,"Chris Jedi, Ozuna, Brytiago","trap latino, reggaeton, urbano latino, latin, trap","Latin, Hip Hop",Bipolar,2018-03-07,4WzsycqZkpkS48H9AAAGux,UMLE - Latino,USUM71713799,1156494,"0qTZZWLzuD59Un5r1speHm, 1i8SpTcr7yvPOmcqrbnVXY, 00XhexlJEXQstHimpZN910"
In My Blood,Shawn Mendes,pop,Pop,Shawn Mendes,2018-05-25,21YnmkSDhUkmkkni22Svc4,Island Records,USUM71803183,104210440,7n2wHs1TKAczGzO7Dd2rGr
Praise The Lord (Da Shine) (feat. Skepta),"A$AP Rocky, Skepta","rap, grime","Electronic, Hip Hop",TESTING,2018-05-25,7ycWLEP1GsNjVvcjawXz3z,A$AP Worldwide/Polo Grounds Music/RCA Records,USRC11800930,254657283,"13ubrt8QOOCPljQ2FL1Kca, 2p1fiYHYiXz9qi0JJyxBzN"
Nervous,Shawn Mendes,pop,Pop,Shawn Mendes,2018-05-25,0Dq49j3dELbttQVUJbtn0c,Island Records,USUM71804963,33859869,7n2wHs1TKAczGzO7Dd2rGr
Youth feat. Khalid,"Shawn Mendes, Khalid","pop, ",Pop,Shawn Mendes,2018-05-25,5SwEgzUFDHwpWHKrbnP32Z,Island Records,USUM71804955,58960434,"7n2wHs1TKAczGzO7Dd2rGr, 6LuN9FCkKOj5PcnpouEgny"
"A$AP Forever REMIX (feat. Moby, T.I. & Kid Cudi)","A$AP Rocky, Moby, T.I., Kid Cudi","rap, downtempo, trip hop, southern hip hop, ","Electronic, Hip Hop, Pop",TESTING,2018-05-25,3oHkMCVJyOcjg5FhfLc2Rq,A$AP Worldwide/Polo Grounds Music/RCA Records,USRC11802276,5494946,"13ubrt8QOOCPljQ2FL1Kca, 3OsRAKCvk37zwYcnzRf5XF, 4OBJLual30L7gRl5UkeRcT, 0fA0VVWsXO9YnASrzqfmYu"
Distorted Records,A$AP Rocky,rap,Hip Hop,TESTING,2018-05-25,57q6BgYP4gN6hPQViCB3um,A$AP Worldwide/Polo Grounds Music/RCA Records,USRC11801922,2338331,13ubrt8QOOCPljQ2FL1Kca
Where Were You In The Morning?,Shawn Mendes,pop,Pop,Shawn Mendes,2018-05-25,51wrmElSLxFzc0vSQPeTxs,Island Records,USUM71804952,12057320,7n2wHs1TKAczGzO7Dd2rGr
Fukk Sleep (feat. FKA twigs),"A$AP Rocky, FKA twigs","rap, art pop, alternative r&b","R&B, Pop, Hip Hop",TESTING,2018-05-25,1AqemxWsT0iGg5Lvkm16Bt,A$AP Worldwide/Polo Grounds Music/RCA Records,USRC11801926,4342652,"13ubrt8QOOCPljQ2FL1Kca, 6nB0iY1cjSY1KyhYyuIIKH"
Tony Tone,A$AP Rocky,rap,Hip Hop,TESTING,2018-05-25,52eYVUkFTOVozbVFIaFrnV,A$AP Worldwide/Polo Grounds Music/RCA Records,USRC11801924,2781427,13ubrt8QOOCPljQ2FL1Kca
Like To Be You feat. Julia Michaels,"Shawn Mendes, Julia Michaels","pop, ",Pop,Shawn Mendes,2018-05-25,5QskYLFPX9y7pLU0VEMNbr,Island Records,USUM71804959,28575246,"7n2wHs1TKAczGzO7Dd2rGr, 0ZED1XzwlLHW4ZaG4lOT6m"
Lost In Japan,Shawn Mendes,pop,Pop,Shawn Mendes,2018-05-25,6WBTeFDEfAJbaSUUc1V1xQ,Island Records,USUM71803548,16629374,7n2wHs1TKAczGzO7Dd2rGr
CALLDROPS (feat. Kodak Black),"A$AP Rocky, Kodak Black","rap, ",Hip Hop,TESTING,2018-05-25,1wGYcpJZ59rePkNu4zHmLu,A$AP Worldwide/Polo Grounds Music/RCA Records,USRC11801930,1992385,"13ubrt8QOOCPljQ2FL1Kca, 46SHBwWsqBkxI7EeeBEQG7"
Buck Shots,A$AP Rocky,rap,Hip Hop,TESTING,2018-05-25,6ImrWnhjEOw5re3cGLMIHJ,A$AP Worldwide/Polo Grounds Music/RCA Records,USRC11801932,2626849,13ubrt8QOOCPljQ2FL1Kca
Fallin' All In You,Shawn Mendes,pop,Pop,Shawn Mendes,2018-05-25,5I8oEqbk2ZBmQfXCrZbUFb,Island Records,USUM71804960,5759823,7n2wHs1TKAczGzO7Dd2rGr
If You Know You Know,Pusha T,,,DAYTONA,2018-05-25,6bGwKHXHNLmTy6yt147FPh,"Getting Out Our Dreams, Inc./Def Jam Recordings",USUM71807351,5638267,0ONHkAv9pCAFxb0zJwDNTy
Gunz N Butter (feat. Juicy J),"A$AP Rocky, Juicy J","rap, memphis rap, crunk",Hip Hop,TESTING,2018-05-25,5N521RK66Z1FP0Oz6B4OlT,A$AP Worldwide/Polo Grounds Music/RCA Records,USRC11801934,1890289,"13ubrt8QOOCPljQ2FL1Kca, 5gCRApTajqwbnHHPbr2Fpi"
Particular Taste,Shawn Mendes,pop,Pop,Shawn Mendes,2018-05-25,1mmAqhLcvPrknbslMiDlyU,Island Records,USUM71804958,3902532,7n2wHs1TKAczGzO7Dd2rGr
Why,Shawn Mendes,pop,Pop,Shawn Mendes,2018-05-25,1KXFoiT2n4QXRsFvhWNI4I,Island Records,USUM71804961,3798856,7n2wHs1TKAczGzO7Dd2rGr
Because I Had You,Shawn Mendes,pop,Pop,Shawn Mendes,2018-05-25,7hlhojpax9zg2FNdBLY5ox,Island Records,USUM71804962,3866914,7n2wHs1TKAczGzO7Dd2rGr
OG Beeper,A$AP Rocky,rap,Hip Hop,TESTING,2018-05-25,5TX0mfUkpGlU6j2xa00ERx,A$AP Worldwide/Polo Grounds Music/RCA Records,USRC11801938,1750954,13ubrt8QOOCPljQ2FL1Kca
Mutual,Shawn Mendes,pop,Pop,Shawn Mendes,2018-05-25,0rrfXLr1p1yxsUy7LrKoYT,Island Records,USUM71804954,3802695,7n2wHs1TKAczGzO7Dd2rGr
Queen,Shawn Mendes,pop,Pop,Shawn Mendes,2018-05-25,17FyWGvqby379Q92sn23jW,Island Records,USUM71804964,3002162,7n2wHs1TKAczGzO7Dd2rGr
Brotha Man (feat. French Montana),"A$AP Rocky, French Montana","rap, ",Hip Hop,TESTING,2018-05-25,6MmtDonkpvSoRx9ACwrGDu,A$AP Worldwide/Polo Grounds Music/RCA Records,USRC11801936,1045431,"13ubrt8QOOCPljQ2FL1Kca, 6vXTefBL93Dj5IqAWq6OTv"
Purity (feat. Frank Ocean),"A$AP Rocky, Frank Ocean","rap, ",Hip Hop,TESTING,2018-05-25,2MF4HtZHBoUliOi9nOAbS0,A$AP Worldwide/Polo Grounds Music/RCA Records,USRC11801946,1648891,"13ubrt8QOOCPljQ2FL1Kca, 2h93pZq0e7k5yf4dywlkpM"
What Would Meek Do?,"Pusha T, Kanye West",rap,Hip Hop,DAYTONA,2018-05-25,5vnuJ8EopkP5dHukpOmT3L,"Getting Out Our Dreams, Inc./Def Jam Recordings",USUM71807355,3054903,"0ONHkAv9pCAFxb0zJwDNTy, 5K4W6rqBFWDnAN6FQUkS6x"
Perfectly Wrong,Shawn Mendes,pop,Pop,Shawn Mendes,2018-05-25,0UTHr20nqVFMoji8xYE9yl,Island Records,USUM71804956,3639700,7n2wHs1TKAczGzO7Dd2rGr
Entertainer,ZAYN,,,Entertainer,2018-05-23,5LTGmestwpHZ1BfCmpFQJx,RCA Records Label,USRC11802219,6496952,5ZsFI1h6hIdQRw2ti0hz81
Mi Gente,"J Balvin, Willy William","reggaeton, latin, ",Latin,Vibras,2018-05-25,7COfe3P7KgfwDwIRB8LIDw,UMLE - Latino,FR22F1701790,42474374,"1vyhD5VmyZ7KMfW5gqLgo5, 4RSyJzf7ef6Iu2rnLdabNq"
When You're Ready,Shawn Mendes,pop,Pop,Shawn Mendes,2018-05-25,03vyB3AHCuEGfhh7wPc7Yf,Island Records,USUM71804957,2165539,7n2wHs1TKAczGzO7Dd2rGr
Ahora,J Balvin,"reggaeton, latin",Latin,Vibras,2018-05-25,2yBWnRKj0Zx7AF1kufajvW,UMLE - Latino,USUM71802359,15951268,1vyhD5VmyZ7KMfW5gqLgo5
Kids Turned Out Fine,A$AP Rocky,rap,Hip Hop,TESTING,2018-05-25,0qp8MuZNKelOGTK2HPlXBA,A$AP Worldwide/Polo Grounds Music/RCA Records,USRC11801928,927252,13ubrt8QOOCPljQ2FL1Kca
The Games We Play,Pusha T,,,DAYTONA,2018-05-25,7iEoaTyBCqLaAwJnOP1BTn,"Getting Out Our Dreams, Inc./Def Jam Recordings",USUM71807353,1565782,0ONHkAv9pCAFxb0zJwDNTy
Hun43rd,A$AP Rocky,rap,Hip Hop,TESTING,2018-05-25,1r33iukEx0COYuBzyXPmPP,A$AP Worldwide/Polo Grounds Music/RCA Records,USRC11801940,905894,13ubrt8QOOCPljQ2FL1Kca
Ambiente,J Balvin,"reggaeton, latin",Latin,Vibras,2018-05-25,6VrBWh90BiwWmwKtvwWFcq,UMLE - Latino,USUM71802250,52841492,1vyhD5VmyZ7KMfW5gqLgo5
Hard Piano,"Pusha T, Rick Ross",southern hip hop,Hip Hop,DAYTONA,2018-05-25,3HgA5R5alihocnOYE9ihpS,"Getting Out Our Dreams, Inc./Def Jam Recordings",USUM71807368,1475294,"0ONHkAv9pCAFxb0zJwDNTy, 1sBkRIssrMs1AbVkOJbc7a"
High Hopes,Panic! At The Disco,emo,Rock,High Hopes on Saturday Night,2018-05-23,2djdCbLj1pzRmrDNe7PkW2,DCD2 / Fueled By Ramen,USAT21801174,867940,20JZFwl6HVl6yg8a4H3ZqK
Changes,A$AP Rocky,rap,Hip Hop,TESTING,2018-05-25,1dzwFgBlZNxt28aQOinNGn,A$AP Worldwide/Polo Grounds Music/RCA Records,USRC11801942,821445,13ubrt8QOOCPljQ2FL1Kca
Come Back Baby,Pusha T,,,DAYTONA,2018-05-25,2BuBXn15gj4MNYZydyWgrk,"Getting Out Our Dreams, Inc./Def Jam Recordings",USUM71807370,819203,0ONHkAv9pCAFxb0zJwDNTy
One Night Stand,Capital Bra,german hip hop,Hip Hop,One Night Stand,2018-05-25,4gALhhysObk59C3fxeTLwh,Team Kuku,DEWS21700051,9030014,4WZGDpNwrC0vNQyl9QzF7d
Live It Up - Official Song 2018 FIFA World Cup Russia,"Nicky Jam, Will Smith, Era Istrefi","reggaeton, latin, ",Latin,Live It Up (Official Song 2018 FIFA World Cup Russia),2018-05-25,4DnHUy01jEA4b5ydC3HgsT,Sony Music Latin,USSD11800241,49148371,"1SupJlEpv7RS2tPNRaHViT, 41qil2VaGbD194gaEcmmyx, 4poL7YCSkG7kMnWjAdDU91"
Santeria,Pusha T,,,DAYTONA,2018-05-25,4LKSaRoKNnlpKXTT663BrT,"Getting Out Our Dreams, Inc./Def Jam Recordings",USUM71807357,781854,0ONHkAv9pCAFxb0zJwDNTy
Infrared,Pusha T,,,DAYTONA,2018-05-25,6cpsixIHI63L0hwh3CwZg3,"Getting Out Our Dreams, Inc./Def Jam Recordings",USUM71807372,1439319,0ONHkAv9pCAFxb0zJwDNTy
"Black Tux, White Collar",A$AP Rocky,rap,Hip Hop,TESTING,2018-05-25,0ssVSd3juASNuehS9LWMFW,A$AP Worldwide/Polo Grounds Music/RCA Records,USRC11801944,754554,13ubrt8QOOCPljQ2FL1Kca
No Es Justo,"J Balvin, Zion & Lennox","reggaeton, latin",Latin,Vibras,2018-05-25,5qFeMRz4TvetPmzjre9Dq7,UMLE - Latino,USUM71804471,243331704,"1vyhD5VmyZ7KMfW5gqLgo5, 21451j1KhjAiaYKflxBjr1"
Cuando Tú Quieras,J Balvin,"reggaeton, latin",Latin,Vibras,2018-05-25,1tWpgH8rErSXPOkQKFCag9,UMLE - Latino,USUM71802251,684414,1vyhD5VmyZ7KMfW5gqLgo5
Ao Vivo E A Cores,"Matheus & Kauan, Anitta","sertanejo, sertanejo universitário, arrocha, agronejo, brazilian pop, funk pop, funk carioca, funk, pagode baiano","Country, Pop, R&B, Hip Hop, Latin",Intensamente Hoje!,2018-05-10,2Ab1wPTEqulaCGoBak1gUo,Universal Music Ltda.,BRUM71800025,34061676,"2Z0lRIqr997lIUiPtrpKCr, 7FNnA9vBm6EKceENgCGRMb"
I'm Upset,Drake,"rap, hip hop",Hip Hop,I'm Upset,2018-05-26,54oMZ3blwWwuPN4wEoG5mk,Young Money Entertainment / Cash Money Records/ Republic Records,USCM51800121,61719258,3TVXtAsR1Inumwj472S9r4
TATI,"6ix9ine, DJ SpinKing",,,TATI,2018-05-27,6kp0inxIexxSiDJfWqq0ZL,"TenThousand Projects, LLC",QMEU31810102,43977372,"7gZfnEnfiaHzxARJ2LeXrf, 1qSJaftSab2kTTsj7fLxvM"
Romance Com Safadeza,"Wesley Safadão, Anitta","forró, sertanejo, piseiro, arrocha, sertanejo universitário, brazilian pop, funk pop, funk carioca, funk, pagode baiano","Country, Pop, R&B, Hip Hop, Latin",Romance Com Safadeza,2018-04-13,0RBOFW5424gCCCZrgECbt6,Som Livre,BRWRT1800018,1758557,"1AL2GKpmRrKXkYIcASuRFa, 7FNnA9vBm6EKceENgCGRMb"
Girls Like You (feat. Cardi B) - Cardi B Version,"Maroon 5, Cardi B","pop, ",Pop,Girls Like You (feat. Cardi B),2018-05-30,6FRLCMO5TUHTexlWo8ym1W,Interscope Records*,USUM71805272,37462326,"04gDigrS5kc9YWfZHwBETP, 4kYSro6naA4h99UJvo89HB"
Give Yourself A Try,The 1975,,,Give Yourself A Try,2018-05-31,619pVMIK3WvX529JIkQTY3,Polydor Records,GBK3W1800737,5170857,3mIj9lX2MWuHmhNCA7LSCW
Humility (feat. George Benson),"Gorillaz, George Benson","smooth jazz, jazz funk, soul jazz",Jazz,Humility (feat. George Benson),2018-05-31,5fGWdNGGnvKrrHL6U7c1Vp,Parlophone UK,GBAYE1800407,941407,"3AA28KZvwAUcZuOKwyblJQ, 4N8BwYTEC6XqykGvXXlmfv"
I Like Me Better,Lauv,,,I met you when I was 18. (the playlist),2018-05-31,2P91MQbaiQOfbiz9VqhqKQ,Lauv,GBWWP1702907,157494181,5JZ7CnR6gTvEMKX4g70Amv
You Deserve Better,James Arthur,soft pop,Pop,You Deserve Better / At My Weakest,2018-06-01,4S1GTwPVpkSy7CsJIDKPEz,Columbia Local,DEE861802120,675557,4IWBUUAFIplrNtaOHcJPRM
5 in the Morning,Charli xcx,"hyperpop, art pop",Pop,5 in the Morning,2018-05-31,62VpKdGyA7OIyUCj3a3LPU,Atlantic Records UK,GBAHS1800383,651096,25uiPmTg16RbhZWAqwLBy5
Simple,Florida Georgia Line,"country, pop country, acoustic country",Country,Florida Georgia Line,2018-06-01,4P92FrvmYQSAfOpp4cpFEi,"BMLG Records, LLC",QM3E21802116,24403783,3b8QkneNDz4JHKKKlLgYZg
All Mine,Kanye West,rap,Hip Hop,ye,2018-06-01,3qnoOm4fwZPBS116f5hpgF,"Getting Out Our Dreams, Inc./Def Jam Recordings",USUM71807681,115155282,5K4W6rqBFWDnAN6FQUkS6x
Yikes,Kanye West,rap,Hip Hop,ye,2018-06-01,2r4JRwcbIeuAzWjH4YXlLs,"Getting Out Our Dreams, Inc./Def Jam Recordings",USUM71807679,52285353,5K4W6rqBFWDnAN6FQUkS6x
Ghost Town,"Kanye West, PARTYNEXTDOOR","rap, r&b","R&B, Hip Hop",ye,2018-06-01,6Bg7MznA9X0dIhlAsLyBYj,"Getting Out Our Dreams, Inc./Def Jam Recordings",USUM71807761,37526386,"5K4W6rqBFWDnAN6FQUkS6x, 2HPaUgqeutzr3jx5a9WyDV"
Wouldn't Leave,"Kanye West, PARTYNEXTDOOR","rap, r&b","R&B, Hip Hop",ye,2018-06-01,3dG6tjetoR4GMmUGZUprLt,"Getting Out Our Dreams, Inc./Def Jam Recordings",USUM71807687,21028429,"5K4W6rqBFWDnAN6FQUkS6x, 2HPaUgqeutzr3jx5a9WyDV"
I Thought About Killing You,Kanye West,rap,Hip Hop,ye,2018-06-01,6EuE9M1viu9gkdFSafia9o,"Getting Out Our Dreams, Inc./Def Jam Recordings",USUM71807677,17928724,5K4W6rqBFWDnAN6FQUkS6x
Violent Crimes,Kanye West,rap,Hip Hop,ye,2018-06-01,2VYb3Fb5iK5Y8HGZ8oEEkp,"Getting Out Our Dreams, Inc./Def Jam Recordings",USUM71807795,22065965,5K4W6rqBFWDnAN6FQUkS6x
No Mistakes,Kanye West,rap,Hip Hop,ye,2018-06-01,1DdgqEZk4Hqfpl3drdXJun,"Getting Out Our Dreams, Inc./Def Jam Recordings",USUM71807685,17137287,5K4W6rqBFWDnAN6FQUkS6x
Rise,"Jonas Blue, Jack & Jack","tropical house, ",Electronic,Rise,2018-05-25,3u1S1OmAUhx5DRlLrXqyp3,Positiva,GBUM71802109,295725664,"1HBjj22wzbscIZ9sEb5dyf, 1INuLZXjjVbcJRyWvD1iSq"
Clandestino,"Shakira, Maluma","latin pop, latin, reggaeton, urbano latino","Latin, Pop",Clandestino,2018-06-08,7DrluKkTviBwCc8AV3VGmf,Sony Music Latin,USQX91801065,174001357,"0EmeFodog0BfCgMzAIvKQp, 1r4hJ1h58CWwUQe3MxPuau"
Freeee (Ghost Town Pt. 2),"KIDS SEE GHOSTS, Ty Dolla $ign",,,KIDS SEE GHOSTS,2018-06-08,7GRTrWsP3yo2Fx8umJfA1X,"Getting Out Our Dreams, Inc./Def Jam Recordings",USUM71808248,9325125,"2hPgGN4uhvXAxiXQBIXOmE, 7c0XG5cIJTrrAgEC3ULPiq"
4th Dimension,"KIDS SEE GHOSTS, Louis Prima","swing music, big band","Easy listening, Jazz",KIDS SEE GHOSTS,2018-06-08,5cQMfg4AEejKUfNA44ZGep,"Getting Out Our Dreams, Inc./Def Jam Recordings",USUM71808236,1046155,"2hPgGN4uhvXAxiXQBIXOmE, 52lBOxCxbJg0ttXEW9CQpW"
Cudi Montage,KIDS SEE GHOSTS,,,KIDS SEE GHOSTS,2018-06-08,4ffyvGU97UkoUkHEOPzPZT,"Getting Out Our Dreams, Inc./Def Jam Recordings",USUM71808240,971583,2hPgGN4uhvXAxiXQBIXOmE
Kids See Ghosts,KIDS SEE GHOSTS,,,KIDS SEE GHOSTS,2018-06-08,0ORk2pZ1dogkyfcdFfFKt8,"Getting Out Our Dreams, Inc./Def Jam Recordings",USUM71808246,958848,2hPgGN4uhvXAxiXQBIXOmE
Feel The Love,KIDS SEE GHOSTS,,,KIDS SEE GHOSTS,2018-06-08,10lgpgAGhQBv0WqcrzGM7D,"Getting Out Our Dreams, Inc./Def Jam Recordings",USUM71808242,935620,2hPgGN4uhvXAxiXQBIXOmE
Berlin lebt,Capital Bra,german hip hop,Hip Hop,Berlin lebt,2018-06-08,1uJ7IQJdeAvmUDpIyZb0be,Team Kuku,DEWS21700041,5417397,4WZGDpNwrC0vNQyl9QzF7d
Fire,KIDS SEE GHOSTS,,,KIDS SEE GHOSTS,2018-06-08,1Sibh8cVXp5DPC0hRjKiim,"Getting Out Our Dreams, Inc./Def Jam Recordings",USUM71808244,714753,2hPgGN4uhvXAxiXQBIXOmE
Reborn,KIDS SEE GHOSTS,,,KIDS SEE GHOSTS,2018-06-08,2Cbm6GtXnMurwRhvefK7sp,"Getting Out Our Dreams, Inc./Def Jam Recordings",USUM71808238,664795,2hPgGN4uhvXAxiXQBIXOmE
Casanova,"Summer Cem, Bausa",german hip hop,Hip Hop,Casanova,2018-05-25,35lIK2q78MSgv3Abb4qAjk,Banger Musik/WM Germany,DEA621800470,603534,"3drqpTL4sQOckmAfF9i1wg, 13bDjug9N0pyv3ZUINjkDV"
God's Plan,Drake,"rap, hip hop",Hip Hop,Scary Hours,2018-01-20,6T8cJz5lAqGer9GUHGyelE,Universal Music Group,USCM51800004,43453536,3TVXtAsR1Inumwj472S9r4
Reborn,KIDS SEE GHOSTS,,,KIDS SEE GHOSTS,2018-06-08,4RVbK6cV0VqWdpCDcx3hiT,"Getting Out Our Dreams, Inc./Def Jam Recordings",USUM71808238,26765815,2hPgGN4uhvXAxiXQBIXOmE
Feel The Love,"KIDS SEE GHOSTS, Pusha T",,,KIDS SEE GHOSTS,2018-06-08,3aUFrxO1B8EW63QchEl3wX,"Getting Out Our Dreams, Inc./Def Jam Recordings",USUM71808242,11715976,"2hPgGN4uhvXAxiXQBIXOmE, 0ONHkAv9pCAFxb0zJwDNTy"
4th Dimension,"KIDS SEE GHOSTS, Louis Prima","swing music, big band","Easy listening, Jazz",KIDS SEE GHOSTS,2018-06-08,6JyEh4kl9DLwmSAoNDRn5b,"Getting Out Our Dreams, Inc./Def Jam Recordings",USUM71808236,11840659,"2hPgGN4uhvXAxiXQBIXOmE, 52lBOxCxbJg0ttXEW9CQpW"
Fire,KIDS SEE GHOSTS,,,KIDS SEE GHOSTS,2018-06-08,7oHkit3F3vimtsBbnZkU0G,"Getting Out Our Dreams, Inc./Def Jam Recordings",USUM71808244,8018761,2hPgGN4uhvXAxiXQBIXOmE
Kids See Ghosts,"KIDS SEE GHOSTS, Yasiin Bey",,,KIDS SEE GHOSTS,2018-06-08,2I3dW2dCBZAJGj5X21E53k,"Getting Out Our Dreams, Inc./Def Jam Recordings",USUM71808246,7216870,"2hPgGN4uhvXAxiXQBIXOmE, 6r2niOTnexy9xss5g8GWXH"
Cudi Montage,KIDS SEE GHOSTS,,,KIDS SEE GHOSTS,2018-06-08,4kUZvXB3LC3an3HX6h0s17,"Getting Out Our Dreams, Inc./Def Jam Recordings",USUM71808240,7123712,2hPgGN4uhvXAxiXQBIXOmE
Jogo do Amor,MC Bruninho,"brega funk, funk, brega","Country, Pop, R&B",Jogo do Amor,2018-05-08,3MxbRHE1u74SoMNR9iURIZ,Thiago Gravações,QZ5AB1935449,2889345,3shPgAzHMyRwWOkXeoWKeB
Better Not (feat. Wafia),"Louis The Child, Wafia",,,Better Not (feat. Wafia),2018-04-13,447yWcDPg1ddgcHBLGpJC0,Louis The Child / Interscope PS,USUM71804511,31626329,"7wg1qvie3KqDNQbAkTdbX0, 0FL2d6iFFNAV3yBUbXjZ1U"
Rich Sex (feat. Lil Wayne),"Nicki Minaj, Lil Wayne","rap, hip hop",Hip Hop,Rich Sex (feat. Lil Wayne),2018-06-11,7kph8uPhOXHMfKzPJvIeah,Young Money/Cash Money Records,USCM51800133,3488688,"0hCNtLu0JehylgoiP8L4Gh, 55Aa2cqylxrFIXC767Z865"
Dance To This (feat. Ariana Grande),"Troye Sivan, Ariana Grande",pop,Pop,Dance To This (feat. Ariana Grande),2018-06-13,1NbGcdgwRHZ5rbPIT9hdR3,EMI Recorded Music Australia Pty Ltd,AUUM71800523,24593062,"3WGpXCj9YhhfX11TToZcXP, 66CXWjxzNUsdJxJ2JdwvnR"
Smog,Damso,pop urbaine,Hip Hop,Smog,2018-06-13,0oImBBuW9pWxX8RIgLAGRH,Universal Music Division Capitol Music France,FRUM71801226,584075,2UwqpfQtNuhBwviIC0f2ie
Bed (feat. Ariana Grande),"Nicki Minaj, Ariana Grande",pop,Pop,Bed (feat. Ariana Grande),2018-06-14,1ZEm9cJC05rawV2tptNfTS,Young Money/Cash Money Records,USCM51800135,93334298,"0hCNtLu0JehylgoiP8L4Gh, 66CXWjxzNUsdJxJ2JdwvnR"
Girls Like You (feat. Cardi B) - Cardi B Version,"Maroon 5, Cardi B","pop, ",Pop,Red Pill Blues (Deluxe),2018-06-15,7fa9MBXhVfQ8P8Df9OEbD8,Interscope Records*,USUM71805272,556873956,"04gDigrS5kc9YWfZHwBETP, 4kYSro6naA4h99UJvo89HB"
Youngblood,5 Seconds of Summer,,,Youngblood (Deluxe),2018-06-15,2iUXsYOEPhVqEBwsqP70rE,Capitol,GBUM71800366,388208873,5Rl15oVamLq7FbSb0NNBNy
Ocean (feat. Khalid),"Martin Garrix, Khalid","edm, electronica, progressive house, ",Electronic,Ocean (feat. Khalid),2018-06-15,3nc420PXjTdBV5TN0gCFkS,Epic Amsterdam,NLM5S1800214,227443063,"60d24wfXkVzDSfLS6hyCjZ, 6LuN9FCkKOj5PcnpouEgny"
Born To Be Yours,"Kygo, Imagine Dragons","tropical house, ",Electronic,Born To Be Yours,2018-06-15,0kHyKhJMukHEPfeh8s7rdM,Kygo,SEBGA1802355,171334377,"23fqKkggKUBHNkbKtXEls4, 53XhwfbYqKCa1cC15pYq2q"
Bigger Than You (feat. Drake & Quavo),"2 Chainz, Drake, Quavo","rap, southern hip hop, hip hop, ",Hip Hop,Bigger Than You feat. Drake & Quavo,2018-06-15,5S1IUPueD0xE0vj4zU3nSf,Def Jam Recordings,USUG11801242,25584478,"17lzZA2AlOHwCwFALHttmp, 3TVXtAsR1Inumwj472S9r4, 0VRj0yCOv2FXJNP47XQnx5"
DDU-DU DDU-DU,BLACKPINK,k-pop,Pop,SQUARE UP,2018-06-15,7b8YOVV5quZcSKEijDgyWB,YG Entertainment,KRA401800096,18267012,41MozSoPIsD1dJM0CLPjZF
Valentine,5 Seconds of Summer,,,Youngblood (Deluxe),2018-06-15,19hh7DkfRBrpRGYfKlw7jb,Capitol,GBUM71800365,2070173,5Rl15oVamLq7FbSb0NNBNy
Growing Pains,Alessia Cara,,,Growing Pains,2018-06-15,003eoIwxETJujVWmNFMoZy,Def Jam Recordings,USUM71808193,9809956,2wUjUUtkb5lvLKcGKsKqsR
Smog,Damso,pop urbaine,Hip Hop,Lithopédion,2018-06-15,1h1wmYG39fp6ZTgwlJ3Cv3,Universal Music Division Carthage Music,FRUM71801226,2439688,2UwqpfQtNuhBwviIC0f2ie
Forever Young,BLACKPINK,k-pop,Pop,SQUARE UP,2018-06-15,2naEVOadudtXHwtZNfjMDM,YG Entertainment,KRA401800097,2691830,41MozSoPIsD1dJM0CLPjZF
Lie To Me,5 Seconds of Summer,,,Youngblood (Deluxe),2018-06-15,3567eNX2L3RkkMkwspncMH,Capitol,GBUM71800364,718161,5Rl15oVamLq7FbSb0NNBNy
Let Me Live (feat. Anne-Marie & Mr Eazi),"Rudimental, Major Lazer, Anne-Marie, Mr Eazi","moombahton, afrobeats, afrobeat, afropop, azonto, afroswing, hiplife, dancehall","Traditional music, R&B, Pop, Electronic",Let Me Live (feat. Anne-Marie & Mr Eazi),2018-06-15,3D1rlKmZdpYUeMtRRLNawc,Atlantic Records UK,GBAHS1800368,15439717,"4WN5naL3ofxrVBgFpguzKo, 738wLrAtLtCtFOLvQBXOXp, 1zNqDE7qDGCsyzJwohVaoX, 4TAoP0f9OuWZUesao43xUW"
Feu de bois,Damso,pop urbaine,Hip Hop,Lithopédion,2018-06-15,4L0Iwsk1s8cbdBcEgdm8K5,Universal Music Division Carthage Music,FRUM71801224,663720,2UwqpfQtNuhBwviIC0f2ie
Want You Back,5 Seconds of Summer,,,Youngblood (Deluxe),2018-06-15,2vHfabj6nFebekTYODqntl,Capitol,GBUM71800363,1712604,5Rl15oVamLq7FbSb0NNBNy
Your Love,"David Guetta, Showtek","edm, dance, hardstyle, big room, electronica",Electronic,Your Love,2018-06-14,0tgbSxoFjZ20MjfoKwWevV,Parlophone (France),GB28K1800065,645104,"1Cs0zKBU1kc0i8ypK3B9ai, 3gk0OYeLFWYupGFRHqLSR7"
I'm a Mess,Bebe Rexha,,,I'm a Mess,2018-06-15,3BT6pJdmvpsjCHsbZg9fzF,Warner Bros.,USWB11800739,638588,64M6ah0SkkRsnPGtGiRAbb
Talk Fast,5 Seconds of Summer,,,Youngblood (Deluxe),2018-06-15,1pMrGc8rMC5qx0zMak8tkd,Capitol,GBUM71800869,608311,5Rl15oVamLq7FbSb0NNBNy
Moving Along,5 Seconds of Summer,,,Youngblood (Deluxe),2018-06-15,4UQajPk0EPvbwWTl0fYi4C,Capitol,GBUM71800868,603089,5Rl15oVamLq7FbSb0NNBNy
If Walls Could Talk,5 Seconds of Summer,,,Youngblood (Deluxe),2018-06-15,0nCVLAhIUrLQ34Vw5vTXNP,Capitol,GBUM71800870,592705,5Rl15oVamLq7FbSb0NNBNy
Not For Radio,"Nas, Diddy, 070 Shake","east coast hip hop, hip hop, ",Hip Hop,NASIR,2018-06-15,5FYu8uBB6E11mepU601601,Mass Appeal / NAS,QM8RL1800580,2554824,"20qISvAhX20dpIbOOzGK3q, 59wfkuBoNyhDMQGCljbUbA, 12Zk1DFhCbHY6v3xep2ZjI"
Cops Shot The Kid,"Nas, Kanye West","east coast hip hop, hip hop, rap",Hip Hop,NASIR,2018-06-15,1vi9adPJiD4d22ybGp25hy,Mass Appeal / NAS,QM8RL1800581,3301639,"20qISvAhX20dpIbOOzGK3q, 5K4W6rqBFWDnAN6FQUkS6x"
White Label,Nas,"east coast hip hop, hip hop",Hip Hop,NASIR,2018-06-15,5JoUwqXt9IPLbiJ6pXwarL,Mass Appeal / NAS,QM8RL1800582,1344457,20qISvAhX20dpIbOOzGK3q
Adam and Eve,"Nas, The-Dream","east coast hip hop, hip hop, r&b","Hip Hop, R&B",NASIR,2018-06-15,0BSPhsCKfwENstErymcD80,Mass Appeal / NAS,QM8RL1800585,1873302,"20qISvAhX20dpIbOOzGK3q, 1W3FSF1BLpY3hlVIgvenLz"
everything,"Nas, The-Dream, Kanye West","east coast hip hop, hip hop, r&b, rap","Hip Hop, R&B",NASIR,2018-06-15,3XaNHbNa9Chz9plhRpcaof,Mass Appeal / NAS,QM8RL1800584,1821280,"20qISvAhX20dpIbOOzGK3q, 1W3FSF1BLpY3hlVIgvenLz, 5K4W6rqBFWDnAN6FQUkS6x"
Bonjour,"Nas, The WRLDFMS Tony Williams","east coast hip hop, hip hop, ",Hip Hop,NASIR,2018-06-15,6w9lmWBgqzPQHNQo5KaORN,Mass Appeal / NAS,QM8RL1800583,1189558,"20qISvAhX20dpIbOOzGK3q, 6TTVdg5UOUHsyiYPHgxLaq"
Boo'd Up,Ella Mai,r&b,R&B,READY,2017-02-22,0At2qAoaVjIwWNAqrscXli,10 Summers / Interscope PS,USUM71700987,50751755,7HkdQ0gt53LP4zmHsL0nap
ocean eyes,Billie Eilish,,,dont smile at me,2017-12-22,7hDVYcQq6MxkdJGweuCtl9,Darkroom,US23A1500056,29558082,6qqNVTkY8uBg9cP3Jd7DAH
What Lovers Do (feat. SZA),"Maroon 5, SZA","pop, r&b","Pop, R&B",Red Pill Blues (Deluxe),2017-11-03,4nYsmWkuTaowTMy4gskmBw,222 Records/Interscope Records,USUM71709292,1269781,"04gDigrS5kc9YWfZHwBETP, 7tYKF4w9nC0nq9CsPZTHyP"
Revenge,XXXTENTACION,emo rap,Hip Hop,17,2017-08-25,5TXDeTFVRVY7Cvt0Dw4vWW,Bad Vibes Forever / EMPIRE,USUYG1156895,14899898,15UsOTVnJzReFVN1VCnxy4
Carry On,XXXTENTACION,emo rap,Hip Hop,17,2017-08-25,2yZax79pOrYuyIFVW2cZY2,Bad Vibes Forever / EMPIRE,USUYG1156899,10042439,15UsOTVnJzReFVN1VCnxy4
Depression & Obsession,XXXTENTACION,emo rap,Hip Hop,17,2017-08-25,2H3wWrnO758y0fPH7Ilerg,Bad Vibes Forever / EMPIRE,USUYG1156893,6856871,15UsOTVnJzReFVN1VCnxy4
Save Me,XXXTENTACION,emo rap,Hip Hop,17,2017-08-25,2UwbhMie1EAYuTZ0QXeMwl,Bad Vibes Forever / EMPIRE,USUYG1156896,3773991,15UsOTVnJzReFVN1VCnxy4
I Don't Wanna Do This Anymore,XXXTENTACION,emo rap,Hip Hop,Revenge,2017-05-16,5de9Ho64dovuQI8Uhn5gPD,Bad Vibes Forever / EMPIRE,USUYG1142046,5775423,15UsOTVnJzReFVN1VCnxy4
Orlando,XXXTENTACION,emo rap,Hip Hop,17,2017-08-25,05bnEv2dpFzmGVLGdjD9UP,Bad Vibes Forever / EMPIRE,USUYG1156900,1881828,15UsOTVnJzReFVN1VCnxy4
Dead Inside (Interlude),XXXTENTACION,emo rap,Hip Hop,17,2017-08-25,2vQwlW8H1jFveGNXwZfJCV,Bad Vibes Forever / EMPIRE,USUYG1156897,1610767,15UsOTVnJzReFVN1VCnxy4
APESHIT,The Carters,,,EVERYTHING IS LOVE,2018-06-16,0E6PsO3ymCfUh7pJQjBgkj,Roc Nation – JAY-Z Duet,QMJMT1801769,76440853,4fpTMHe34LC5t3h5ztK8qu
Ayala (Outro),XXXTENTACION,emo rap,Hip Hop,17,2017-08-25,5xbrhx2tMMcN68IT3cJbhS,Bad Vibes Forever / EMPIRE,USUYG1156901,895619,15UsOTVnJzReFVN1VCnxy4
YuNg BrAtZ,XXXTENTACION,emo rap,Hip Hop,Revenge,2017-05-16,2ooF4088y5L72c4YTEJQoB,Bad Vibes Forever / EMPIRE,USUYG1142051,1510825,15UsOTVnJzReFVN1VCnxy4
Looking for a Star,XXXTENTACION,emo rap,Hip Hop,Revenge,2017-05-16,1B3TX5FbmcVROMv2riOwyE,Bad Vibes Forever / EMPIRE,USUYG1142047,738208,15UsOTVnJzReFVN1VCnxy4
Slipknot,"XXXTENTACION, Kin$oul, Killstation","emo rap, dark trap, cloud rap, horrorcore",Hip Hop,Revenge,2017-05-16,3QVIBuVrIe5IHOZepa7JBZ,Bad Vibes Forever / EMPIRE,USUYG1142050,730566,"15UsOTVnJzReFVN1VCnxy4, 6HhsbprrJmKeaH8SgSlGge, 0zPILh9oEH0fDagpkHTQQ8"
RIP Roach,"XXXTENTACION, Ski Mask The Slump God","emo rap, ",Hip Hop,Revenge,2017-05-16,658I1uDnmLSiltFCf98AWE,Bad Vibes Forever / EMPIRE,USUYG1142052,667603,"15UsOTVnJzReFVN1VCnxy4, 2rhFzFmezpnW82MNqEKVry"
King,XXXTENTACION,emo rap,Hip Hop,Revenge,2017-05-16,1Wh5LO3TWAvaeDrwp4FZgo,Bad Vibes Forever / EMPIRE,USUYG1142049,644233,15UsOTVnJzReFVN1VCnxy4
The Explanation,XXXTENTACION,emo rap,Hip Hop,17,2017-08-25,0VJYhKhrHgJ7fgjGaC2k07,Bad Vibes Forever / EMPIRE,USUYG1156891,633580,15UsOTVnJzReFVN1VCnxy4
Again (feat. XXXTENTACION),"Noah Cyrus, XXXTENTACION",emo rap,Hip Hop,Again (feat. XXXTENTACION),2017-09-22,2S2od3hT7ceytw7d1pTRuE,"Records Label, LLC",QM33K1700076,626095,"55fhWPvDiMpLnE4ZzNXZyW, 15UsOTVnJzReFVN1VCnxy4"
What in XXXTarnation,"XXXTENTACION, Ski Mask The Slump God","emo rap, ",Hip Hop,"XXXTENTACION Presents: Members Only, Vol. 3",2017-07-14,79R3qLqdbwUSYWX4cEOpbJ,Bad Vibes Forever / EMPIRE,USUYG1151308,605465,"15UsOTVnJzReFVN1VCnxy4, 2rhFzFmezpnW82MNqEKVry"
the light is coming (feat. Nicki Minaj),"Ariana Grande, Nicki Minaj","pop, ",Pop,the light is coming,2018-06-20,5iZ4hcpCgFVijq5OOjBTKZ,Republic Records,USUM71808542,9015687,"66CXWjxzNUsdJxJ2JdwvnR, 0hCNtLu0JehylgoiP8L4Gh"
What Lovers Do (feat. SZA),"Maroon 5, SZA","pop, r&b","Pop, R&B",Red Pill Blues (Deluxe),2018-06-15,0GxQ1A5L9xnMOytbP6eKBG,Interscope Records*,USUM71709292,85977992,"04gDigrS5kc9YWfZHwBETP, 7tYKF4w9nC0nq9CsPZTHyP"
BOSS,The Carters,,,EVERYTHING IS LOVE,2018-06-16,4F8V44j8cbjHnXjfW2HruU,Roc Nation – JAY-Z Duet,QMJMT1801770,625557,4fpTMHe34LC5t3h5ztK8qu
the light is coming (feat. Nicki Minaj),"Ariana Grande, Nicki Minaj","pop, ",Pop,the light is coming,2018-06-20,397Un0hOSVgAdLcIHpGAxp,Republic Records,USUM71808552,580783,"66CXWjxzNUsdJxJ2JdwvnR, 0hCNtLu0JehylgoiP8L4Gh"
Enemies,Lauv,,,I met you when I was 18. (the playlist),2018-05-31,3JJYIoJ5FyY9E0DGjr7SXF,Lauv,GBKPL1809576,30706431,5JZ7CnR6gTvEMKX4g70Amv
Radioactive,Imagine Dragons,,,Night Visions (Deluxe),2012-09-04,6Ep6BzIOB9tz3P4sWqiiAB,Universal Music Group,USUM71201074,592677,53XhwfbYqKCa1cC15pYq2q
Meant to Be (feat. Florida Georgia Line),"Bebe Rexha, Florida Georgia Line","country, pop country, acoustic country",Country,Expectations,2018-06-22,4e4fqjx0Izh4svvTef1z7e,Warner Records,USWB11701181,149280958,"64M6ah0SkkRsnPGtGiRAbb, 3b8QkneNDz4JHKKKlLgYZg"
Sober,Demi Lovato,,,Sober,2018-06-21,0STK94RxUulYqWzwFlyAb5,Island Records,USUM71808000,21945232,6S2OmqARrzebs0tKUEyXyp
High Hopes,Panic! At The Disco,emo,Rock,Pray for the Wicked,2018-06-22,1rqqCSm0Qe4I9rUvWncaom,DCD2 / Fueled By Ramen,USAT21801174,245664165,20JZFwl6HVl6yg8a4H3ZqK
Dancing's Not a Crime,Panic! At The Disco,emo,Rock,Pray for the Wicked,2018-06-22,6PFoEnjp0PAe5siGswjH9i,DCD2 / Fueled By Ramen,USAT21801176,2238229,20JZFwl6HVl6yg8a4H3ZqK
Say Amen (Saturday Night),Panic! At The Disco,emo,Rock,Pray for the Wicked,2018-06-22,76vMKwFtdDDCLcM6zXybjB,DCD2 / Fueled By Ramen,USAT21801041,4263264,20JZFwl6HVl6yg8a4H3ZqK
"Hey Look Ma, I Made It",Panic! At The Disco,emo,Rock,Pray for the Wicked,2018-06-22,22oEJW6r2rMb9z4IntfyEa,DCD2 / Fueled By Ramen,USAT21801173,3420379,20JZFwl6HVl6yg8a4H3ZqK
Roaring 20s,Panic! At The Disco,emo,Rock,Pray for the Wicked,2018-06-22,0wdV94AXGRphrbkDWLNzVC,DCD2 / Fueled By Ramen,USAT21801175,2758914,20JZFwl6HVl6yg8a4H3ZqK
King of the Clouds,Panic! At The Disco,emo,Rock,Pray for the Wicked,2018-06-22,50Hv5NZIM0puIUoBttjpfb,DCD2 / Fueled By Ramen,USAT21801179,1400382,20JZFwl6HVl6yg8a4H3ZqK
One of the Drunks,Panic! At The Disco,emo,Rock,Pray for the Wicked,2018-06-22,5trCWbYtza0QUxdmF9HAPX,DCD2 / Fueled By Ramen,USAT21801177,756964,20JZFwl6HVl6yg8a4H3ZqK
(Fuck A) Silver Lining,Panic! At The Disco,emo,Rock,Pray for the Wicked,2018-06-22,3BDxv4ORzOpXAsa4lWVl4i,DCD2 / Fueled By Ramen,USAT21801042,735460,20JZFwl6HVl6yg8a4H3ZqK
Only You (with Little Mix),"Cheat Codes, Little Mix",,,Only You (with Little Mix),2018-06-22,54l9GJGQ1UCFKe2tzt1Vxt,Syco Music,GBHMU1800034,48436355,"7DMveApC7UnC2NPfPvlHSU, 3e7awlrlDSwF3iM0WBjGMp"
The Overpass,Panic! At The Disco,emo,Rock,Pray for the Wicked,2018-06-22,4hUR3thIs01mQUtVmZFJ8F,DCD2 / Fueled By Ramen,USAT21801178,701234,20JZFwl6HVl6yg8a4H3ZqK
Kennzeichen B-TK,"Capital Bra, King Khalil",german hip hop,Hip Hop,Berlin lebt,2018-06-22,4kAIdBQEmb1M9ryd9tNSCD,Team Kuku,DEWS21700042,687672,"4WZGDpNwrC0vNQyl9QzF7d, 08ao8gzTHBtNf5Laf9jjwR"
Dying in LA,Panic! At The Disco,emo,Rock,Pray for the Wicked,2018-06-22,18xmRkPWE0sGUzFyNNAAhN,DCD2 / Fueled By Ramen,USAT21801181,684539,20JZFwl6HVl6yg8a4H3ZqK
Old Fashioned,Panic! At The Disco,emo,Rock,Pray for the Wicked,2018-06-22,18ULKfQl3KpCnklAKFfO2t,DCD2 / Fueled By Ramen,USAT21801180,659343,20JZFwl6HVl6yg8a4H3ZqK
Berlin lebt,Capital Bra,german hip hop,Hip Hop,Berlin lebt,2018-06-22,1zl1smQ584EZKCfLVeYWNq,Team Kuku,DEWS21700041,654089,4WZGDpNwrC0vNQyl9QzF7d
I'm a Mess,Bebe Rexha,,,Expectations,2018-06-22,04ZTP5KsCypmtCmQg5tH9R,Warner Records,USWB11800739,166771881,64M6ah0SkkRsnPGtGiRAbb
Drop (feat. Blac Youngsta & BlocBoy JB),"G-Eazy, Blac Youngsta, BlocBoy JB",memphis rap,Hip Hop,Drop (feat. Blac Youngsta & BlocBoy JB),2018-06-21,61TklWcG8PbT5hvUTzwLaY,BPG/RVG/RCA Records,USRC11802556,617486,"02kJSzxNuaWGqwubyUba0Z, 41klVmDluQZmGGqoidNfbe, 4TEJudQY2pXxVHPE3gD2EU"
A l'Ammoniaque,PNL,pop urbaine,Hip Hop,A l'Ammoniaque,2018-06-23,6aH3QgooXRmx8k8jzrSm3V,QLF RECORDS,TCADR1895025,1881136,3NH8t45zOTqzlZgBvZRjvB
Shotgun,George Ezra,,,Staying at Tamara's,2018-03-23,4ofwffwvvnbSkrMSCKQDaC,Columbia,GBARL1701372,217489826,2ysnwxxNtSgbb9t1m2Ur4j
El Anillo,Jennifer Lopez,,,El Anillo,2018-04-26,2SpfMQ5TuKsMj1trNwrLVA,Sony Music Latin,QZCJV1800001,570907,2DlGxzQSjYe5N6G9nkYghR
Din Din Din (Participação especial de MC Pupio e MC Doguinha),"LUDMILLA, Mc Doguinha, MC Pupio","pagode, brazilian pop, funk pop, funk, pagode baiano, funk carioca, samba, brazilian funk","Hip Hop, Pop, R&B, Latin",Din Din Din (Participação especial de MC Pupio e MC Doguinha),2018-06-06,78Q2gghkt8iLJ7J0Uc4QYb,WM Brazil,BRWMB1800471,556160,"3CDoRporvSjdzTrm99a3gi, 6GX3y0u61X0EHZZogsQFbL, 0n9VWli2NkR8OqJS4dXTqw"
Lust,Lil Skies,melodic rap,Hip Hop,Life of a Dark Rose,2017-12-12,7oJrVhiTPZGBXWPwhxjy9S,All We Got Ent.,USAT21705305,9278348,7d3WFRME3vBY2cgoP38RDo
Legends,Juice WRLD,"melodic rap, emo rap",Hip Hop,Legends,2018-06-22,1Knctxx9vGZxpZfF66BIEa,Juice WRLD / Interscope PS,USUG11801263,2178129,4MCBfE4596Uoi2O4DtmEMz
Let Me Down Slowly,Alec Benjamin,,,Let Me Down Slowly,2018-05-25,2uaiyLKnYvazyfR0Ky3Kbk,P2018,USAT21802284,15109909,5IH6FPUwQTxPSXurCrcIov
I Know You (feat. Yung Pinch),"Lil Skies, Yung Pinch",melodic rap,Hip Hop,I Know You (feat. Yung Pinch),2018-05-31,5Cg98kiDYtCEHmjcKD0CJD,All We Got Ent.,USAT21802510,549183,"7d3WFRME3vBY2cgoP38RDo, 61qMnYXa1GxSBoV3IiYKjZ"
"Big Bank feat. 2 Chainz, Big Sean, Nicki Minaj","YG, 2 Chainz, Big Sean, Nicki Minaj","hyphy, rap, southern hip hop, ",Hip Hop,"Big Bank feat. 2 Chainz, Big Sean, Nicki Minaj",2018-05-25,2RM4jf1Xa9zPgMGRDiht8O,Def Jam Recordings,USUM71807398,24992874,"0A0FS04o6zMoto8OKPsDwY, 17lzZA2AlOHwCwFALHttmp, 0c173mlxpT3dSFRgMO8XPh, 0hCNtLu0JehylgoiP8L4Gh"
Calypso,"Luis Fonsi, Stefflon Don","latin, dancehall","Traditional music, Latin",Calypso,2018-06-14,4178A5NkEjcsGc64jpBO6d,UMLE - Latino,USUM71803779,44266547,"4V8Sr092TqfHkfAA5fXXqG, 2ExGrw6XpbtUAJHTLtUXUD"
Nonstop,Drake,"rap, hip hop",Hip Hop,Scorpion,2018-06-29,2Vx8E3K5icPZR7OCklWBXX,Republic Records,USCM51800191,93237013,3TVXtAsR1Inumwj472S9r4
Survival,Drake,"rap, hip hop",Hip Hop,Scorpion,2018-06-29,71SEHJPt1iDwGkBhUOAXDP,Republic Records,USCM51800189,39819574,3TVXtAsR1Inumwj472S9r4
Emotionless,Drake,"rap, hip hop",Hip Hop,Scorpion,2018-06-29,1v1IXPXl73Z7zy6f5tUa9n,Republic Records,USCM51800199,50319931,3TVXtAsR1Inumwj472S9r4
Elevate,Drake,"rap, hip hop",Hip Hop,Scorpion,2018-06-29,4uloft7ZE54WflsuqFmjC7,Republic Records,USCM51800196,43860523,3TVXtAsR1Inumwj472S9r4
Don’t Matter To Me,"Drake, Michael Jackson","rap, hip hop, ",Hip Hop,Scorpion,2018-06-29,36ONiya0OANYknz0GgJmwB,Republic Records,USCM51800208,104190662,"3TVXtAsR1Inumwj472S9r4, 3fMbdgg4jU18AjLCKBhRSm"
8 Out Of 10,Drake,"rap, hip hop",Hip Hop,Scorpion,2018-06-29,5fcM0StdQxMjzulVGhFkHN,Republic Records,USCM51800202,38979324,3TVXtAsR1Inumwj472S9r4
God's Plan,Drake,"rap, hip hop",Hip Hop,Scorpion,2018-06-29,2VWbHHhWnMzKWPUs4IEEW9,Republic Records,USCM51800004,69589784,3TVXtAsR1Inumwj472S9r4
I'm Upset,Drake,"rap, hip hop",Hip Hop,Scorpion,2018-06-29,1iSZPndzmY6NvL1jAtIvY1,Republic Records,USCM51800121,57709013,3TVXtAsR1Inumwj472S9r4
Talk Up,"Drake, JAY-Z","rap, hip hop, east coast hip hop",Hip Hop,Scorpion,2018-06-29,3Yw09dj3cTXsAzlLjgBfIP,Republic Records,USCM51800194,35516339,"3TVXtAsR1Inumwj472S9r4, 3nFkdlSjzX9mRTtwJOzDYB"
Mob Ties,Drake,"rap, hip hop",Hip Hop,Scorpion,2018-06-29,7txPE73wHbuXYkM1h8zNrG,Republic Records,USCM51800211,49390940,3TVXtAsR1Inumwj472S9r4
Can’t Take A Joke,Drake,"rap, hip hop",Hip Hop,Scorpion,2018-06-29,7cfvP13Bqb1EyCZQiYsLum,Republic Records,USCM51800215,37822468,3TVXtAsR1Inumwj472S9r4
Nice For What,Drake,"rap, hip hop",Hip Hop,Scorpion,2018-06-29,0HVv5bEOiI9a0QfgcASXpX,Republic Records,USCM51800077,63815998,3TVXtAsR1Inumwj472S9r4
Sandra’s Rose,Drake,"rap, hip hop",Hip Hop,Scorpion,2018-06-29,1sPLURKAosM3Jampgp9AWq,Republic Records,USCM51800218,28917178,3TVXtAsR1Inumwj472S9r4
In My Feelings,Drake,"rap, hip hop",Hip Hop,Scorpion,2018-06-29,0bAkKNCQfWkexHFn7fIKns,Republic Records,USCM51800206,138113768,3TVXtAsR1Inumwj472S9r4
Is There More,Drake,"rap, hip hop",Hip Hop,Scorpion,2018-06-29,2QoOyCFpDo4NblMLP7vBRT,Republic Records,USCM51800209,19767044,3TVXtAsR1Inumwj472S9r4
Summer Games,Drake,"rap, hip hop",Hip Hop,Scorpion,2018-06-29,0w1ZtnzQmtmuuoKxHT0pLL,Republic Records,USCM51800224,28462841,3TVXtAsR1Inumwj472S9r4
Peak,Drake,"rap, hip hop",Hip Hop,Scorpion,2018-06-29,2RAeY8dPj6KmStROfEigjV,Republic Records,USCM51800220,20944415,3TVXtAsR1Inumwj472S9r4
Jaded,Drake,"rap, hip hop",Hip Hop,Scorpion,2018-06-29,3jipFRgLyKK0oJoG1pKicx,Republic Records,USCM51800227,23223132,3TVXtAsR1Inumwj472S9r4
Finesse,Drake,"rap, hip hop",Hip Hop,Scorpion,2018-06-29,590bUp2TKTfTS9NfiD4Nmn,Republic Records,USCM51800225,23270552,3TVXtAsR1Inumwj472S9r4
Blue Tint,Drake,"rap, hip hop",Hip Hop,Scorpion,2018-06-29,1Jrj3k5L36dPkU6KAclU7g,Republic Records,USCM51800201,27912350,3TVXtAsR1Inumwj472S9r4
That’s How You Feel,Drake,"rap, hip hop",Hip Hop,Scorpion,2018-06-29,0SVsEdvot6vU4byv5yW0oj,Republic Records,USCM51800195,24241041,3TVXtAsR1Inumwj472S9r4
After Dark,"Drake, Static Major, Ty Dolla $ign","rap, hip hop, ",Hip Hop,Scorpion,2018-06-29,4IvenHmD0spfFDOKphoUDp,Republic Records,USCM51800213,26536397,"3TVXtAsR1Inumwj472S9r4, 3pbi8H08p95NUZ7m6ybxUV, 7c0XG5cIJTrrAgEC3ULPiq"
Ratchet Happy Birthday,Drake,"rap, hip hop",Hip Hop,Scorpion,2018-06-29,16x6tqeSkIjoLEf7SJLlYy,Republic Records,USCM51800188,16905037,3TVXtAsR1Inumwj472S9r4
March 14,Drake,"rap, hip hop",Hip Hop,Scorpion,2018-06-29,40IiSjljbAhrSbdJ3HxSfH,Republic Records,USCM51800222,14285356,3TVXtAsR1Inumwj472S9r4
Final Fantasy,Drake,"rap, hip hop",Hip Hop,Scorpion,2018-06-29,7ijJ5crvsnCvCLJbHpyq3j,Republic Records,USCM51800217,14875534,3TVXtAsR1Inumwj472S9r4
Humility (feat. George Benson),"Gorillaz, George Benson","smooth jazz, jazz funk, soul jazz",Jazz,The Now Now,2018-06-29,3NeiYiBn3rQBgurfVk92Zm,Parlophone UK,GBAYE1800407,2868225,"3AA28KZvwAUcZuOKwyblJQ, 4N8BwYTEC6XqykGvXXlmfv"
Tranz,Gorillaz,,,The Now Now,2018-06-29,7jYUaoOfdcYgUvkK8NnFfx,Parlophone UK,GBAYE1800408,1579827,3AA28KZvwAUcZuOKwyblJQ
Estamos Bien,Bad Bunny,"reggaeton, trap latino, latin, urbano latino",Latin,Estamos Bien,2018-06-28,7glCSQqV5o6NU88Cn4zPZn,Rimas Music,QM24S1819423,72500826,4q3ewBCX7sLwd24euuV69X
X (feat. Maluma & Ozuna) - Remix,"Nicky Jam, J Balvin, Maluma, Ozuna","reggaeton, latin, urbano latino, trap latino",Latin,X (feat. Maluma & Ozuna) [Remix],2018-06-29,6JjPBQfI2Y8nIjnm65X6Pw,Sony Music Latin,USSD11800257,131775006,"1SupJlEpv7RS2tPNRaHViT, 1vyhD5VmyZ7KMfW5gqLgo5, 1r4hJ1h58CWwUQe3MxPuau, 1i8SpTcr7yvPOmcqrbnVXY"
Hunger,Florence + The Machine,baroque pop,Pop,High As Hope,2018-06-29,6Ju28M6P8Y8sLjBgWjyUUD,EMI,GBUM71800802,1456098,1moxjboGR7GNWYIMWsRjgG
Patricia,Florence + The Machine,baroque pop,Pop,High As Hope,2018-06-29,6nmr64Mo4RD3R1pLshvmoG,EMI,GBUM71800809,849107,1moxjboGR7GNWYIMWsRjgG
Mad Love,"Sean Paul, David Guetta, Becky G","dancehall, edm, dance, reggaeton, latin","Electronic, Traditional music, Latin",Mad Love The Prequel,2018-06-29,4dSoDnmR9opAQ8KxUc9SbC,Universal-Island Records Ltd.,GBUM71800437,29379149,"3Isy6kedDrgPYoTS1dazA9, 1Cs0zKBU1kc0i8ypK3B9ai, 4obzFoKoKRHIphyHzJ35G3"
Vaina Loca,"Ozuna, Manuel Turizo","reggaeton, latin, trap latino, urbano latino, colombian pop","Pop, Latin",Vaina Loca,2018-06-28,1s2B5cndbqK8rPJEIcKJRQ,VP Records Corp/Dimelo Vi,USXDR1800901,84486175,"1i8SpTcr7yvPOmcqrbnVXY, 0tmwSHipWxN12fsoLcFU3B"
Connection,OneRepublic,soft pop,Pop,Connection,2018-06-26,3T4UodGkfZObJ43RtA5KFU,Mosley / Interscope,USUM71808832,44110827,5Pwc4xIPtQLFEnJriah9YJ
June,Florence + The Machine,baroque pop,Pop,High As Hope,2018-06-29,2yoaXLItTfWNpdFFpdF3Ti,EMI,GBUM71800801,701269,1moxjboGR7GNWYIMWsRjgG
Kansas,Gorillaz,,,The Now Now,2018-06-29,7FJ7lHtpbWvPKe3zCoeAWC,Parlophone UK,GBAYE1800410,686084,3AA28KZvwAUcZuOKwyblJQ
Hollywood (feat. Snoop Dogg & Jamie Principle),"Gorillaz, Snoop Dogg, Jamie Principle","g-funk, west coast hip hop, gangster rap, hip hop, rap, chicago house, acid house, hip house","Electronic, Hip Hop",The Now Now,2018-06-29,0P2Dxoy0mdzM9NlFQoLZbc,Parlophone UK,GBAYE1800409,676845,"3AA28KZvwAUcZuOKwyblJQ, 7hJcb9fa4alzcOq3EaNPoG, 5obQFNrkFoWB51hm1JTHMw"
Asesina,"Brytiago, Darell","trap latino, reggaeton, urbano latino, trap, dembow","Latin, Hip Hop",Asesina,2018-05-11,6rbhaJsE4uLzpPf8WYSHDK,2018 Business Music,QM4TX1806458,112534301,"00XhexlJEXQstHimpZN910, 1TtXnWcUs0FCkaZDPGYHdf"
Big God,Florence + The Machine,baroque pop,Pop,High As Hope,2018-06-29,1NcXkWB3UwXfMt8izByICb,EMI,GBUM71800804,656403,1moxjboGR7GNWYIMWsRjgG
Sorcererz,Gorillaz,,,The Now Now,2018-06-29,0IJK096XrKQd14Q6fNqW0e,Parlophone UK,GBAYE1800411,654269,3AA28KZvwAUcZuOKwyblJQ
South London Forever,Florence + The Machine,baroque pop,Pop,High As Hope,2018-06-29,3MZ7TxuXNnwYXm2KZGap5g,EMI,GBUM71800803,647879,1moxjboGR7GNWYIMWsRjgG
Believer,Imagine Dragons,,,Evolve,2017-06-23,5VKSZDsidOFHrtlJb33Syo,Kid Ina Korner / Interscope,USUM71700626,22214302,53XhwfbYqKCa1cC15pYq2q
Thunder,Imagine Dragons,,,Evolve,2017-06-23,7BrsBU0BAytRDvROM4yCbn,Kid Ina Korner / Interscope,USUM71704167,21389558,53XhwfbYqKCa1cC15pYq2q
DDU-DU DDU-DU - KR Ver.,BLACKPINK,k-pop,Pop,SQUARE UP,2018-06-15,2CWnuF7ht55Ajyeg4WPvWu,YGEX,KRA401800096,36781909,41MozSoPIsD1dJM0CLPjZF
Dura,Daddy Yankee,"reggaeton, latin",Latin,Dura,2018-01-18,6KuqAtoeVzxAYOaMveLNpH,El Cartel Records (EC3),US2BU1700200,37984661,4VMYDCV2IEDYJArk749S6m
Échame La Culpa,"Luis Fonsi, Demi Lovato","latin, ",Latin,Échame La Culpa,2017-11-17,2hl6q70unbviGo3g1R7uFx,Echame La Culpa PS,USUM71712163,34169754,"4V8Sr092TqfHkfAA5fXXqG, 6S2OmqARrzebs0tKUEyXyp"
Wolves,"Selena Gomez, Marshmello","pop, edm","Electronic, Pop",Wolves,2017-10-25,0tBbt8CrmxbjRP0pueQkyU,Selena Gomez PS,USUM71712103,64029644,"0C8ZW7ezQVs4URX5aX7Kqx, 64KEffDW9EtZ1y2vBYgq8T"
One Dance,"Drake, Wizkid, Kyla","rap, hip hop, afrobeats, afrobeat, afropop, azonto, afroswing, afropiano, dancehall, ","Traditional music, R&B, Pop, Hip Hop",Views,2016-05-06,1zi7xx7UVEFkmKfv06H8x0,Cash Money Records/Young Money Ent./Universal Rec.,USCM51600028,56300771,"3TVXtAsR1Inumwj472S9r4, 3tVQdUvClmAT7URs9V3rsp, 6TK7fjRPdy2GW2pJzNF23L"
Wake Me Up,Avicii,edm,Electronic,True,2013-09-13,4h8VwCb1MTGoLKueQ1WgbD,Universal Music AB,SEUM71301326,50899754,1vCWHaC5f2uS3yhpwWbIA6
Sorry Not Sorry,Demi Lovato,,,Tell Me You Love Me,2017-09-29,3Du2K5dLzmduCNp6uwuaL0,Demi LP2 - Island/Hollywood,USUM71707196,15072677,6S2OmqARrzebs0tKUEyXyp
More Than You Know,Axwell /\ Ingrosso,,,More Than You Know,2017-07-28,6h5PAsRni4IRlxWr6uDPTP,Pophouse Entertainment Group,GBUM71701735,12509517,2XnBwblw31dfGnspMIwgWz
Without You (feat. Sandro Cavazza),"Avicii, Sandro Cavazza","edm, ",Electronic,AVĪCI (01),2017-08-10,6Pgkp4qUoTmJIPn7ReaGxL,Universal Music AB,SE5R71700101,26434323,"1vCWHaC5f2uS3yhpwWbIA6, 5JYo7gm2dkyLLlWHjxS7Dy"
Whatever It Takes,Imagine Dragons,,,Evolve,2017-06-23,0yt31hMKZMiyIEfiBiLD2N,Kid Ina Korner / Interscope,USUM71703515,9159714,53XhwfbYqKCa1cC15pYq2q
Let You Down,NF,christian hip hop,Hip Hop,Perception,2017-10-06,52okn5MNA47tk87PeZJLEL,NF Real Music,USUM71708226,31710837,6fOMl44jA4Sp5b9PpYCkzz
Usted,"Juan Magán, Mala Rodríguez","reggaeton, latin, latin hip hop","Latin, Hip Hop",Usted,2018-03-30,79HTe42PihWUUq4BDjcuCq,Universal Music Spain S.L.,ES5701800180,1139773,"1ackd5XprZEkH3McKbQD51, 3Ces1OJeGOVGcUB0wPaPXJ"
Despacito - Remix,"Luis Fonsi, Daddy Yankee, Justin Bieber","latin, reggaeton, ",Latin,Despacito Feat. Justin Bieber (Remix),2017-04-17,6rPO02ozF3bM7NnOV4h6s2,Republic/UMLE,USUM71703825,8590680,"4V8Sr092TqfHkfAA5fXXqG, 4VMYDCV2IEDYJArk749S6m, 1uNFoZAHBGtllmzznpCI3s"
Party In The U.S.A.,Miley Cyrus,,,The Time Of Our Lives,2009-01-01,5Q0Nhxo0l2bP3pNjpGJwV1,Hollywood Records,USHR10924519,1679156,5YGY8feqx7naU7z4HrwZM6
Ride,Twenty One Pilots,,,Blurryface,2015-05-15,2Z8WuEywRWYTKe1NybPQEW,Fueled By Ramen,USAT21500598,775173,3YQKmKGau1PzlVlkL1iodx
Ain't No Mountain High Enough,"Marvin Gaye, Tammi Terrell","motown, soul, northern soul, quiet storm",R&B,United,1967-08-29,1LeWIs2hP2r5yOQnVuYoI5,Motown (Capitol),USMO16700534,719899,"3koiLjNrgRTNbOwViDipeA, 75jNCko3SnEMI5gwGqrbb8"
Starships,Nicki Minaj,,,Pink Friday ... Roman Reloaded,2011-01-01,1oHNvJVbFkexQc0BpQp7Y4,Nicki Minaj/Cash Money,USCM51200060,677231,0hCNtLu0JehylgoiP8L4Gh
Cheerleader (Felix Jaehn Remix) - Radio Edit,"OMI, Felix Jaehn",tropical house,Electronic,Me 4 U,2015-10-16,7vFoFDWqTX0mHzLfrF1Cfy,"Ultra Records, LLC",USUS11202574,636702,"5MouCg6ta7zAxsfMEbc1uh, 4bL2B6hmLlMWnUEZnorEtG"
Let Me Love You,"DJ Snake, Justin Bieber",,,Encore,2016-08-05,0lYBSQXN6rCTvUZvg9S0lU,DJ Snake Def Jam,QMZSY1600015,616465,"540vIaP2JwjQb9dm3aArA4, 1uNFoZAHBGtllmzznpCI3s"
In My Mind,"Dynoro, Gigi D'Agostino","eurodance, italo dance",Pop,In My Mind,2018-06-08,0E9ZjEAyAwOXZ7wJC0PD33,Columbia/B1 Recordings,QZ22B1859046,401508530,"3v6Ji4uoWtKRkhuDUaxi9n, 1OAjDaKgg00KCUYqDe68un"
Shake It Off,Taylor Swift,,,1989 (Deluxe),2014-01-01,0cqRj7pUJDkTCEsJkx8snD,"Big Machine Records, LLC",USCJY1431349,578086,06HL4z0CvFAxyc27GXpf02
SoulMate,Justin Timberlake,,,SoulMate,2018-07-03,4YLtrBhzjsI2LT6ybXQHeD,RCA Records Label,USRC11802710,4168025,31TPClRtHm23RisEBtV3X7
WIFI LIT,Future,rap,Hip Hop,BEASTMODE 2,2018-07-06,6WlxcZKpEV6Bwe9InoVhMp,Epic/Freebandz,USSM11806108,5800396,1RyvyyTE3xzB2ZywiAwp0i
If You're Over Me,Olly Alexander (Years & Years),,,Palo Santo (Deluxe),2018-07-06,1oc3jna2ablnfIKLYbKujl,Polydor Records,GBUM71801455,45638453,5vBSrE1xujD2FXYRarbAXc
Für Euch alle (feat. Samra & Capital Bra),"Bushido, Samra, Capital Bra",german hip hop,Hip Hop,Für Euch alle (feat. Samra & Capital Bra),2018-07-06,78CLZUWhsxIDwObCKOh1fh,Sony Music/Bushido,DEFZ71800017,6617639,"3c96G4d2lUOxhomM2mby5S, 6h1s4i4XKIYv4ErDelLDN0, 4WZGDpNwrC0vNQyl9QzF7d"
RACKS BLUE,Future,rap,Hip Hop,BEASTMODE 2,2018-07-06,4lc61NBCDzy2srBHDQeTfN,Epic/Freebandz,USSM11806110,765575,1RyvyyTE3xzB2ZywiAwp0i
Drug Addicts,Lil Pump,,,Drug Addicts,2018-07-06,6tpHfEM8eaETzlPOARYWfZ,Warner Records,USWB11800962,14679716,3wyVrVrFCkukjdVIdirGVY
CUDDLE MY WRIST,Future,rap,Hip Hop,BEASTMODE 2,2018-07-06,5UVNjOSh27encRBqTpBWup,Epic/Freebandz,USSM11806109,694508,1RyvyyTE3xzB2ZywiAwp0i
Karma,Olly Alexander (Years & Years),,,Palo Santo (Deluxe),2018-07-06,7BZeyb1wPX9t78rWbLWiky,Polydor Records,GBUM71801550,683258,5vBSrE1xujD2FXYRarbAXc
Who Want The Smoke?,"Lil Yachty, Cardi B, Offset",,,Who Want The Smoke?,2018-07-06,3LR0t8XqZ1FUj6nj01sXN0,"Quality Control Music, LLC",USUG11801411,1785919,"6icQOAFXDZKsumw3YXyusw, 4kYSro6naA4h99UJvo89HB, 4DdkRBBYG6Yk9Ka8tdJ9BW"
31 DAYS,Future,rap,Hip Hop,BEASTMODE 2,2018-07-06,7MywASx2OFZngfoORjo1yy,Epic/Freebandz,USSM11806111,644434,1RyvyyTE3xzB2ZywiAwp0i
Three Lions (Football's Coming Home),Baddiel Skinner & Lightning Seeds,,,Three Lions,2010-06-07,0Ai6qtPfiEYGCqBGJYWD1W,Sony Music UK,GBBBM9602007,1691221,3LtYMPncqtiugGwOuuLq3h
Millidelphia (feat. Swizz Beatz),"Meek Mill, Swizz Beatz","rap, ",Hip Hop,Legends of the Summer,2018-07-06,1dQ84P0W0lOckT02lPEhhP,MMG/Atlantic,USAT21803439,1187821,"20sxb77xiYeusSH8cVdatc, 2cADQgiLMjNhbsfeN52Bf3"
No Quiero Amarte (feat. Zion & Lennox),"Justin Quiles, Zion & Lennox","reggaeton, latin",Latin,No Quiero Amarte (feat. Zion & Lennox),2018-04-20,5bITfqKGaPakO1l99hOMsI,WEA Latina,USWL11800141,47092427,"14zUHaJZo1mnYtn6IBRaRP, 21451j1KhjAiaYKflxBjr1"
Simple,Florida Georgia Line,"country, pop country, acoustic country",Country,Florida Georgia Line,2018-07-06,6fYkv8bGKiZl4Y3LYrFfAZ,"BMLG Records, LLC",QM3E21802116,1779963,3b8QkneNDz4JHKKKlLgYZg
What Lovers Do,"Maroon 5, SZA","pop, r&b","Pop, R&B",Red Pill Blues,2017-11-03,5SDCeGVT08a1RMXIBJF2O5,Interscope Records*,USUM71709292,1179194,"04gDigrS5kc9YWfZHwBETP, 7tYKF4w9nC0nq9CsPZTHyP"
Summertime Magic,Childish Gambino,,,Summer Pack,2018-07-11,4j3GWI86JvSaF0BLdmgcfF,Wolf+Rothstein/RCA Records,USRC11802726,49613076,73sIBHcqh3Z3NyqHKZ7FOL
Jumpsuit,Twenty One Pilots,,,Jumpsuit / Nico And The Niners,2018-07-11,6cQnrSlTxhHCCiUpKrs7g3,Fueled By Ramen,USAT21804142,15161211,3YQKmKGau1PzlVlkL1iodx
Nico And The Niners,Twenty One Pilots,,,Jumpsuit / Nico And The Niners,2018-07-11,6ZIuit0z4eQg77F1RGkp0L,Fueled By Ramen,USAT21804144,11933434,3YQKmKGau1PzlVlkL1iodx
Wasted (feat. Lil Uzi Vert),"Juice WRLD, Lil Uzi Vert","melodic rap, emo rap",Hip Hop,Goodbye & Good Riddance,2018-05-23,3obgSF06ki98lYNLNq5vCB,Juice WRLD Mixtape / ISR P&D,USUG11800948,81305341,"4MCBfE4596Uoi2O4DtmEMz, 4O15NlyKLIASxsJ0PrXPfz"
Feels Like Summer,Childish Gambino,,,Summer Pack,2018-07-11,7p4vHnYXkxlzvfePJVpcTr,Wolf+Rothstein/RCA Records,USRC11802773,20642639,73sIBHcqh3Z3NyqHKZ7FOL
Estamos Bien,Street Rappers,,,Mi Barrio,2017-09-30,1gng5xQBiYCVDkHS0IKLyk,Unique Music Connection,USA2P1851148,3666124,1iPOay2JCcgNMPvBaPe9Ky
Lucid Dreams,Juice WRLD,"melodic rap, emo rap",Hip Hop,Goodbye & Good Riddance,2018-05-23,0s3nnoMeVWz3989MkNQiRf,Juice WRLD Mixtape / ISR P&D,USUG11800685,395899340,4MCBfE4596Uoi2O4DtmEMz
God is a woman,Ariana Grande,pop,Pop,God is a woman,2018-07-13,7gkWXbAxIYuvtOpcN3p9GJ,Republic Records,USUM71808574,110254178,66CXWjxzNUsdJxJ2JdwvnR
Eastside (with Halsey & Khalid),"benny blanco, Halsey, Khalid",,,Eastside (with Halsey & Khalid),2018-07-12,0d2iYfpKoM0QCKvcLCkBao,Benny Blanco Solo Album PS,USUM71809132,387320003,"5CiGnKThu5ctn9pBxv7DGa, 26VFTg2z8YR0cCuwLzESi2, 6LuN9FCkKOj5PcnpouEgny"
All Girls Are The Same,Juice WRLD,"melodic rap, emo rap",Hip Hop,Goodbye & Good Riddance,2018-05-23,0XySogm94T51XF5F2jumXm,Juice WRLD Mixtape / ISR P&D,USUG11800651,123997141,4MCBfE4596Uoi2O4DtmEMz
Hopeless Romantic (feat. Swae Lee),"Wiz Khalifa, Swae Lee","rap, ",Hip Hop,Rolling Papers 2,2018-07-13,7IBSffWIu7P2MC7kMwy2FM,Taylor Gang/Atlantic,USAT21802517,49697697,"137W8MRPWKqSmrBGDBFSop, 1zNqQNIdeOUZHb8zbZRFMX"
Hot Now,Wiz Khalifa,rap,Hip Hop,Rolling Papers 2,2018-07-13,4Q3HHwkLVwHrSVad0RUz3V,Taylor Gang/Atlantic,USAT21804229,866023,137W8MRPWKqSmrBGDBFSop
Fr Fr (feat. Lil Skies),"Wiz Khalifa, Lil Skies","rap, melodic rap",Hip Hop,Rolling Papers 2,2018-07-13,1RagpNpkD3KcjXMLGMe99V,Taylor Gang/Atlantic,USAT21804241,14836880,"137W8MRPWKqSmrBGDBFSop, 7d3WFRME3vBY2cgoP38RDo"
Real Rich (feat. Gucci Mane),"Wiz Khalifa, Gucci Mane","rap, southern hip hop, trap",Hip Hop,Rolling Papers 2,2018-07-13,5t8djD6oZcfAyqF4cTQfFb,Taylor Gang/Atlantic,USAT21802090,1285105,"137W8MRPWKqSmrBGDBFSop, 13y7CgLHjMVRMDqxdx0Xdo"
Ocean,Wiz Khalifa,rap,Hip Hop,Rolling Papers 2,2018-07-13,3qNTqHjFfyJzMgZoYcUqjV,Taylor Gang/Atlantic,USAT21804230,652567,137W8MRPWKqSmrBGDBFSop
Sun In Our Eyes,"MØ, Diplo",moombahton,Electronic,Sun In Our Eyes,2018-07-12,5vsRm2aCBl5T2qdpvwtrf6,Chess Club/RCA Victor,GBARL1800842,630915,"0bdfiayQAKewqEvaU6rXCv, 5fMUXHkw8R8eOP2RNVYEZX"
Rolling Papers 2,Wiz Khalifa,rap,Hip Hop,Rolling Papers 2,2018-07-13,3Ulh8AlXmYztutPMN59e0s,Taylor Gang/Atlantic,USAT21804235,618426,137W8MRPWKqSmrBGDBFSop
Despacito (Featuring Daddy Yankee),"Luis Fonsi, Daddy Yankee","latin, reggaeton",Latin,Despacito (Featuring Daddy Yankee),2017-01-13,7CUYHcu0RnbOnMz4RuN07w,UMLE - Latino,USUM71607007,2769697,"4V8Sr092TqfHkfAA5fXXqG, 4VMYDCV2IEDYJArk749S6m"
Largado Às Traças - Ao Vivo,Zé Neto & Cristiano,"sertanejo, sertanejo universitário, arrocha, agronejo","Country, Latin",Esquece o Mundo Lá Fora (ao Vivo),2018-05-18,1IJH7QjV5V99eJBtKXqGXE,Som Livre,BRWNV1800130,5742758,487N2T9nIPEHrlTZLL3SQs
Zum Zum,"Daddy Yankee, R.K.M & Ken-Y, Arcángel","reggaeton, latin, trap latino, urbano latino",Latin,Zum Zum,2018-06-15,7lEhOiFtcLXY4P7cuTKuQ8,Pina Records,USB271800106,1121518,"4VMYDCV2IEDYJArk749S6m, 3jFjgKOGfVLWfXX8q5wrsg, 4SsVbpTthjScTS7U2hmr1X"
Lie,NF,christian hip hop,Hip Hop,Perception,2017-10-06,07FkzikE6FuHIa8Ma7zJGc,NF Real Music,USUM71708227,13235639,6fOMl44jA4Sp5b9PpYCkzz
Counting Stars,OneRepublic,soft pop,Pop,Native,2013-01-01,2tpWsVSb9UEmDRxAl1zhX1,Mosley / Interscope,USUM71301306,1638600,5Pwc4xIPtQLFEnJriah9YJ
Riptide,Vance Joy,folk pop,Pop,Dream Your Life Away,2014-09-08,7yq4Qj7cqayVTp3FF9CWbm,F-Stop Records/Atlantic,AULI01385760,1051351,10exVja0key0uqUkk6LJRT
No Me Acuerdo,"Thalia, NATTI NATASHA","latin pop, reggaeton, latin, urbano latino, bachata","Latin, Pop",No Me Acuerdo,2018-06-01,00EPIEnX1JFjff8sC6bccd,Sony Music Latin,USSD11800192,99336818,"23wEWD21D4TPYiJugoXmYb, 1GDbiv3spRmZ1XdM1jQbT7"
I Might Need Security,Chance the Rapper,,,I Might Need Security,2018-07-19,3EApebexZ7YqDIqw2EMTDh,Chance the Rapper,QMEZE1831563,12514934,1anyVhU62p31KFi8MEzkbf
New Light,John Mayer,singer-songwriter,Folk/Acoustic,New Light,2018-06-29,40FLJc17FMZaPmCQEEZgB0,Columbia,USSM11806100,10805496,0hEurMDQu99nJRq8pTxO14
65th & Ingleside,Chance the Rapper,,,65th & Ingleside,2018-07-16,5H0NU2sHWUnWCcZyYlX46X,Chance the Rapper,QMEZE1831560,4203314,1anyVhU62p31KFi8MEzkbf
Work Out,Chance the Rapper,,,Work Out,2018-07-18,3PdgIdRXJjgxfOr7slldel,Chance the Rapper,QMEZE1831562,2043417,1anyVhU62p31KFi8MEzkbf
Bohemian Rhapsody - Remastered 2011,Queen,"classic rock, rock, glam rock",Rock,A Night At The Opera (Deluxe Remastered Version),1975-11-21,7tFiyTwD0nx5a1eklYtX2J,Hollywood Records,GBUM71029604,167849732,1dfeR4HaWDbWqFHLkxsg1d
Toda - Remix,"Alex Rose, Cazzu, Rauw Alejandro, Lenny Tavárez","trap latino, reggaeton, urbano latino, argentine trap, turreo, trap, latin","Hip Hop, Latin",Toda (Remix),2018-06-01,7nD2JPaxIKUdxd2UWgnaGL,"2018 Oidos Fresh, distributed by GLAD Empire",QM4TX1838235,106922097,"2DspEsT7UXGKd2VaaedgG4, 6w3SkAHYPsQ1bxV7VDlG5y, 1mcTU81TzQhprhouKaTkpq, 1pQWsZQehhS4wavwh7Fnxd"
Wala Cam,"Chance the Rapper, Supa Bwe, Forever Band",,,Wala Cam,2018-07-17,2cEnYJKLSZPH7MFSk6C05c,Chance the Rapper,QMEZE1831561,557934,"1anyVhU62p31KFi8MEzkbf, 05kWC05qQmocVoC5Udgl6D, 0yWuhITiYSrjzBrgT4NKsb"
In My Feelings,Drake,"rap, hip hop",Hip Hop,Scorpion,2018-06-29,2G7V7zsVDxg1yRsu7Ew9RJ,Cash Money/Drake LP6,USCM51800206,563998096,3TVXtAsR1Inumwj472S9r4
Don’t Matter To Me (with Michael Jackson),"Drake, Michael Jackson","rap, hip hop, ",Hip Hop,Scorpion,2018-06-29,6G8kHiVZ1jW7vHMPVRNZU0,Cash Money/Drake LP6,USCM51800208,107806869,"3TVXtAsR1Inumwj472S9r4, 3fMbdgg4jU18AjLCKBhRSm"
Nonstop,Drake,"rap, hip hop",Hip Hop,Scorpion,2018-06-29,0TlLq3lA83rQOYtrqBqSct,Cash Money/Drake LP6,USCM51800191,254694154,3TVXtAsR1Inumwj472S9r4
God's Plan,Drake,"rap, hip hop",Hip Hop,Scorpion,2018-06-29,6DCZcSspjsKoFjzjrWoCdn,Cash Money/Drake LP6,USCM51800004,236811127,3TVXtAsR1Inumwj472S9r4
Nice For What,Drake,"rap, hip hop",Hip Hop,Scorpion,2018-06-29,3CA9pLiwRIGtUBiMjbZmRw,Cash Money/Drake LP6,USCM51800077,165096637,3TVXtAsR1Inumwj472S9r4
I'm Upset,Drake,"rap, hip hop",Hip Hop,Scorpion,2018-06-29,3qN5qMTKyEEmiTZD38BNTT,Cash Money/Drake LP6,USCM51800121,55028517,3TVXtAsR1Inumwj472S9r4
Natural,Imagine Dragons,,,Natural,2018-07-17,4zIO3ilp5HvTeK3HJHxhMP,Kid Ina Korner / Interscope,USUM71806694,168522759,53XhwfbYqKCa1cC15pYq2q
Mob Ties,Drake,"rap, hip hop",Hip Hop,Scorpion,2018-06-29,7rC5Pl8rQSX4myONQHYPBK,Cash Money/Drake LP6,USCM51800211,46640735,3TVXtAsR1Inumwj472S9r4
you should see me in a crown,Billie Eilish,,,you should see me in a crown,2018-07-18,6vsV4D8BM6PioRr1UOx0n2,Darkroom,USUM71810049,46234614,6qqNVTkY8uBg9cP3Jd7DAH
Medicina,Anitta,"brazilian pop, funk pop, funk carioca, funk, pagode baiano","Pop, R&B, Hip Hop, Latin",Medicina,2018-07-19,4R5xvs5X0phd0EYWyGigju,WM Brazil,BRWMB1800552,40347301,7FNnA9vBm6EKceENgCGRMb
Happy Now,"Zedd, Elley Duhé","edm, ",Electronic,Happy Now,2018-07-18,4keoy2fqgwGnbWlm3ZVZFa,UMGRI Interscope,USUM71808663,158131747,"2qxJFvFYMEDqd7ui6kSAcq, 67MNhiAICFY6Pwc2YxCO0K"
Love It If We Made It,The 1975,,,Love It If We Made It,2018-07-19,0ORgAzmFh8N97SseJvmqgC,The 1975 Artist Deal P/S,GBK3W1800771,1023478,3mIj9lX2MWuHmhNCA7LSCW
Emotionless,Drake,"rap, hip hop",Hip Hop,Scorpion,2018-06-29,5Psnhdkyanjpgc2P8A5TSM,Cash Money/Drake LP6,USCM51800199,8765111,3TVXtAsR1Inumwj472S9r4
Pablo,"Rvssian, Sfera Ebbasta","trap latino, italian trap, trap","Hip Hop, Latin",Pablo,2018-07-20,0l8vhDaEztxLCQsFOAX64d,Universal Music Italia srL.,USA2P1853227,4111227,"1fctva4kpRbg2k3v7kwRuS, 23TFHmajVfBtlRx5MXqgoz"
Elevate,Drake,"rap, hip hop",Hip Hop,Scorpion,2018-06-29,3szf2z1Cy1QMrtHrbn8rz9,Cash Money/Drake LP6,USCM51800196,7640908,3TVXtAsR1Inumwj472S9r4
Can’t Take A Joke,Drake,"rap, hip hop",Hip Hop,Scorpion,2018-06-29,1dUHF4RyMmMTveJ0Rby6Xm,Cash Money/Drake LP6,USCM51800215,6708098,3TVXtAsR1Inumwj472S9r4
Thru These Tears,LANY,,,Thru These Tears,2018-07-17,4gB61mP4tNChn4LgfquMhi,Polydor Records,GBUM71804234,8706870,49tQo2QULno7gxHutgccqF
Sour Diesel,ZAYN,,,Sour Diesel,2018-07-18,4N6KSqFCkI0SMunnlMUJnF,RCA Records Label,USRC11802740,707380,5ZsFI1h6hIdQRw2ti0hz81
Zooted (feat. French Montana & Farruko),"Becky G, French Montana, Farruko","reggaeton, latin, trap latino",Latin,Zooted (feat. French Montana & Farruko),2018-07-20,3clw56k8jqFaXnwdejV4Yo,Kemosabe Records/RCA Records/Sony Music Latin,USRC11802677,705929,"4obzFoKoKRHIphyHzJ35G3, 6vXTefBL93Dj5IqAWq6OTv, 329e4yvIujISKGKz1BZZbO"
Blue Tint,Drake,"rap, hip hop",Hip Hop,Scorpion,2018-06-29,4n1bdaKwynQndm47x5HqWX,Cash Money/Drake LP6,USCM51800201,631286,3TVXtAsR1Inumwj472S9r4
After Dark (feat. Static Major & Ty Dolla $ign),"Drake, Static Major, Ty Dolla $ign","rap, hip hop, ",Hip Hop,Scorpion,2018-06-29,3mvYQKm8h6M5K5h0nVPY9S,Cash Money/Drake LP6,USCM51800213,617991,"3TVXtAsR1Inumwj472S9r4, 3pbi8H08p95NUZ7m6ybxUV, 7c0XG5cIJTrrAgEC3ULPiq"
Something Human,Muse,"alternative rock, rock",Rock,Something Human,2018-07-19,2kPQFWoXuRz6jNsEo48Inm,Warner Bros.,GBAHT1800329,608154,12Chz98pHFMPJEknJQMWvI
Survival,Drake,"rap, hip hop",Hip Hop,Scorpion,2018-06-29,2yg9UN4eo5eMVJ7OB4RWj3,Cash Money/Drake LP6,USCM51800189,605554,3TVXtAsR1Inumwj472S9r4
Summer Games,Drake,"rap, hip hop",Hip Hop,Scorpion,2018-06-29,4HG1YiGBseVKzjyKcmAJen,Cash Money/Drake LP6,USCM51800224,601289,3TVXtAsR1Inumwj472S9r4
8 Out Of 10,Drake,"rap, hip hop",Hip Hop,Scorpion,2018-06-29,0zqy3ss4CwD6u4QPksS0nI,Cash Money/Drake LP6,USCM51800202,585750,3TVXtAsR1Inumwj472S9r4
Love It If We Made It,The 1975,,,Love It If We Made It,2018-07-19,7MRY4VpCuZvBmFda6ZCk2G,Polydor Records,GBK3W1800771,603022,3mIj9lX2MWuHmhNCA7LSCW
Bella ciao - HUGEL Remix,"El Profesor, HUGEL","latin house, afro house, tech house",Electronic,Bella ciao (HUGEL Remix),2018-06-04,1MFSD0AkPk8Yq7TDEhrHcb,Spinnin' Records,FR22F1800090,2348059,"2gTcdmBwgyh3EORKIXCzlw, 5PlfkPxwCpRRWQJBxCa0By"
FEFE (feat. Nicki Minaj & Murda Beatz),"6ix9ine, Nicki Minaj, Murda Beatz",,,FEFE (feat. Nicki Minaj & Murda Beatz),2018-07-22,2E124GmJRnBJuXbTb4cPUB,"TenThousand Projects, LLC",QMEU31894160,338686229,"7gZfnEnfiaHzxARJ2LeXrf, 0hCNtLu0JehylgoiP8L4Gh, 3CbYyyd8wH3RT6t0jwpdzC"
Be Alright,Dean Lewis,,,Be Alright,2018-06-29,3EPXxR3ImUwfayaurPi3cm,Universal Music Australia Pty. Ltd.,AUUM71800255,292110842,3QSQFmccmX81fWCUSPTS7y
BILLY,6ix9ine,,,Day69: Graduation Day,2018-04-10,5KhFaq45chTw8RGfWo8T8J,ScumGang Records / TenThousand Projects,QMEU31802751,533150,7gZfnEnfiaHzxARJ2LeXrf
Hipócrita,"Anuel AA, Zion","reggaeton, trap latino, urbano latino, latin",Latin,Real Hasta la Muerte,2018-07-17,6XBjCetHKdO5L9cwMDVffw,"2018 Real Hasta La Muerte, Inc.",QM6MZ1820541,87420006,"2R21vXR83lH98kGeO99Y66, 1pgDilWYDWLoOgGjf1iHNu"
Leave Me,Rich The Kid,trap,Hip Hop,Leave Me,2018-07-13,2SqLCiXVl3JQ3sQjCTJ9pr,Rich The Kid / (TDE/ISR PS),USUM71809942,537042,1pPmIToKXyGdsCF6LmqLmI
Believer,Imagine Dragons,,,Evolve,2017-06-23,0pqnGHJpmpxLKifKRmU6WP,Kid Ina Korner / Interscope,USUM71700626,157533452,53XhwfbYqKCa1cC15pYq2q
Thunder,Imagine Dragons,,,Evolve,2017-06-23,1zB4vmk8tFRmM9UULNzbLB,Kid Ina Korner / Interscope,USUM71704167,138130603,53XhwfbYqKCa1cC15pYq2q
SWISH,Tyga,,,SWISH,2018-07-25,55GiOwtxNajXVbpjjIzMnD,Last Kings Music / EMPIRE,USUYG1208803,88722928,5LHRHt1k9lMyONurDHEdrp
Whatever It Takes,Imagine Dragons,,,Evolve,2017-06-23,6Qn5zhYkTa37e91HC1D7lb,Kid Ina Korner / Interscope,USUM71703515,40485860,53XhwfbYqKCa1cC15pYq2q
No Brainer,"DJ Khaled, Justin Bieber, Quavo, Chance the Rapper",,,No Brainer,2018-07-27,5WvAo7DNuPRmk4APhdPzi8,Epic/We The Best,USSM11806283,251941321,"0QHgL1lAIqAw0HtD7YldmP, 1uNFoZAHBGtllmzznpCI3s, 0VRj0yCOv2FXJNP47XQnx5, 1anyVhU62p31KFi8MEzkbf"
One Day (feat. Ryan Tedder),"Logic, Ryan Tedder",,,One Day (feat. Ryan Tedder),2018-07-27,6e2PtJYcltVk76nLwxBzRn,Def Jam Recordings,USUM71810248,11887180,"4xRYI6VqpkE3UwrDrAZL8L, 4we5S2VLjgY9KzIzApL1KI"
Side Effects (feat. Emily Warren),"The Chainsmokers, Emily Warren",,,Sick Boy...Side Effects,2018-07-27,5yNEdBlZMxpcVtGKz5NFk5,Disruptor Records/Columbia,USQX91801629,26246655,"69GGBxA162lTqCwzJG5jLp, 1oKdM70mJD8VvDOTKeS8t1"
Don't Leave Me Alone (feat. Anne-Marie),"David Guetta, Anne-Marie","edm, dance, ",Electronic,Don't Leave Me Alone (feat. Anne-Marie),2018-07-26,2lYTJK94hb0fd1LQtb6Dhk,Parlophone (France),GB28K1800087,53832033,"1Cs0zKBU1kc0i8ypK3B9ai, 1zNqDE7qDGCsyzJwohVaoX"
Darkside,"Alan Walker, Au/Ra, Tomine Harket",,,Darkside,2018-07-27,1snWlbcbgQpJfknoI30DWG,Kreatell Music,NOG841806010,82163931,"7vk5e3vY1uw9plTHJAMwjN, 1eMmoIprPDWeFdB1FxU6ZV, 6064pL9Hu3Wx2bwJMeOx6o"
Mi Cama - Remix,"KAROL G, J Balvin, Nicky Jam","reggaeton, latin, urbano latino",Latin,Mi Cama (Remix),2018-07-13,38QmUDpkoYlNbMKvpvAsrE,UMLE - Latino,USUM71809354,53416021,"790FomKkXshlbRYZFtlgla, 1vyhD5VmyZ7KMfW5gqLgo5, 1SupJlEpv7RS2tPNRaHViT"
TELÉFONO,Aitana,,,TELÉFONO,2018-07-26,5h8VHxOBK1VWWj46T8fSly,Universal Music Spain S.L.,ES5701800652,4775962,7eLcDZDYHXZCebtQmVFL25
Whenever (feat. Conor Maynard),"Kris Kross Amsterdam, The Boy Next Door, Conor Maynard",,,Whenever (feat. Conor Maynard),2018-06-22,3DGar7krWlmrXRFHBcQF6z,Spinnin' Records,NLZ541800507,96333321,"4LcUpNlXFEleaLlelmkv2R, 4QfOh8rJ0OddhhXHD5QyWs, 6mU8ucezzms5I2kNH6HNlu"
Hot Summer,"DJ Durel, Migos",trap,Hip Hop,Hot Summer,2018-07-27,3fEpuoSr8ufvyRR7s2jB3U,"Quality Control Music, LLC",USUG11801523,536832,"1MHslxKWxauC559dXYEX1C, 6oMuImdp5ZcFhWP0ESe6mG"
Plug Walk,Rich The Kid,trap,Hip Hop,The World Is Yours,2018-03-30,1ZAyjvIk9YiD76yYy0TEG6,Rich The Kid / (TDE/ISR PS),USUM71800892,45596116,1pPmIToKXyGdsCF6LmqLmI
Estamos Bien,Don Khuma,,,Vivencias,2016-06-10,1DRJZUVcs6i6TkdNUXAi6m,DKM Latina,QM6MZ1856007,5287532,0IsDyC7yhWO36zl3qlFzGH
Criminal,Trío Los Josefinos,,,Bésame,2016-04-07,1lXQskY1Op1KzFG4GVcVpe,Linux GTB Music,QM6MZ1858517,2797797,67mFhErdTWmJ9slGMC6vOf
Till I Collapse,"Eminem, Nate Dogg","rap, hip hop, g-funk, west coast hip hop, gangster rap",Hip Hop,The Eminem Show,2002-05-26,4xkOaSrkexMciUUogZKVTS,Aftermath,USIR10211066,7945265,"7dGJo4pcD2V6oG8kP0tJRR, 1Oa0bMld0A3u5OTYfMzp5h"
Síguelo Bailando,Tropijazz,,,Rumba de Cajón,2016-03-17,6Vf5qHrEJSkVYgyvYJ6QXs,DKM Latina,QM6MZ1860102,3604621,3J8pdA8hGN7lMw8ENo5fRv
La Cintura (feat. Flo Rida & TINI) - Remix,"Alvaro Soler, Flo Rida, TINI",latin pop,Pop,La Cintura (Remix),2018-07-26,56gH0zGe3SP9SGNoQ2pWwn,Airforce1,DEUM71802820,11040638,"2urF8dgLVfDjunO0pcHUEe, 0jnsk9HBra6NMjO2oANoPY, 7vXDAI8JwjW531ouMGbfcp"
STARGAZING,Travis Scott,rap,Hip Hop,ASTROWORLD,2018-08-03,7wBJfHzpfI3032CSD7CE2m,Cactus Jack / Epic,USSM11806658,169184728,0Y5tJX1MQlPlqiwlOH1tJY
SICKO MODE,Travis Scott,rap,Hip Hop,ASTROWORLD,2018-08-03,2xLMifQCjDGFmkHkpNLD9h,Cactus Jack / Epic,USSM11806660,435825750,0Y5tJX1MQlPlqiwlOH1tJY
CAROUSEL,Travis Scott,rap,Hip Hop,ASTROWORLD,2018-08-03,7KZ5MMVgBVox9ycroB2UrI,Cactus Jack / Epic,USSM11806659,33770565,0Y5tJX1MQlPlqiwlOH1tJY
R.I.P. SCREW,Travis Scott,rap,Hip Hop,ASTROWORLD,2018-08-03,4SZepBIPDRwPaHIjAKwRDb,Cactus Jack / Epic,USSM11806661,24233145,0Y5tJX1MQlPlqiwlOH1tJY
NO BYSTANDERS,Travis Scott,rap,Hip Hop,ASTROWORLD,2018-08-03,6OaVWaGfhXn70ZJfdVcabn,Cactus Jack / Epic,USSM11806663,23925616,0Y5tJX1MQlPlqiwlOH1tJY
STOP TRYING TO BE GOD,Travis Scott,rap,Hip Hop,ASTROWORLD,2018-08-03,1xYpVRspgaLxdJLOTQkTjg,Cactus Jack / Epic,USSM11806662,29028703,0Y5tJX1MQlPlqiwlOH1tJY
WAKE UP,Travis Scott,rap,Hip Hop,ASTROWORLD,2018-08-03,20MuVazoNMv6xjKPnRFOxG,Cactus Jack / Epic,USSM11806665,34722274,0Y5tJX1MQlPlqiwlOH1tJY
5% TINT,Travis Scott,rap,Hip Hop,ASTROWORLD,2018-08-03,11kDth1aKUEUMq9r1pqyds,Cactus Jack / Epic,USSM11806666,17957104,0Y5tJX1MQlPlqiwlOH1tJY
SKELETONS,Travis Scott,rap,Hip Hop,ASTROWORLD,2018-08-03,6NMtzpDQBTOfJwMzgMX0zl,Cactus Jack / Epic,USSM11806664,14708499,0Y5tJX1MQlPlqiwlOH1tJY
YOSEMITE,Travis Scott,rap,Hip Hop,ASTROWORLD,2018-08-03,7lAK3oHbfEnvUQWosrMMpR,Cactus Jack / Epic,USSM11806669,102345352,0Y5tJX1MQlPlqiwlOH1tJY
NC-17,Travis Scott,rap,Hip Hop,ASTROWORLD,2018-08-03,6BJbOXDlgVAXSaq6wYFYT2,Cactus Jack / Epic,USSM11806667,16503109,0Y5tJX1MQlPlqiwlOH1tJY
ASTROTHUNDER,Travis Scott,rap,Hip Hop,ASTROWORLD,2018-08-03,4MXhiYIRDMGAuvZc5IFTwC,Cactus Jack / Epic,USSM11806668,14685636,0Y5tJX1MQlPlqiwlOH1tJY
WHO? WHAT!,Travis Scott,rap,Hip Hop,ASTROWORLD,2018-08-03,4KYS9GK68yeuUJ8vJfPxrq,Cactus Jack / Epic,USSM11806748,15777082,0Y5tJX1MQlPlqiwlOH1tJY
CAN'T SAY,Travis Scott,rap,Hip Hop,ASTROWORLD,2018-08-03,27a1mYSG5tYg7dmEjWBcmL,Cactus Jack / Epic,USSM11806670,25933734,0Y5tJX1MQlPlqiwlOH1tJY
BUTTERFLY EFFECT,Travis Scott,rap,Hip Hop,ASTROWORLD,2018-08-02,6xcJyGpfZbuuiequtnlKt4,Cactus Jack / Epic,USSM11704799,46669214,0Y5tJX1MQlPlqiwlOH1tJY
HOUSTONFORNICATION,Travis Scott,rap,Hip Hop,ASTROWORLD,2018-08-03,58TaFP5j5i9swOf584yon2,Cactus Jack / Epic,USSM11806671,14535299,0Y5tJX1MQlPlqiwlOH1tJY
COFFEE BEAN,Travis Scott,rap,Hip Hop,ASTROWORLD,2018-08-03,6vnfObZ4Ys70SBAtti1xZ9,Cactus Jack / Epic,USSM11806672,8701901,0Y5tJX1MQlPlqiwlOH1tJY
Melodien (feat. Juju),"Capital Bra, Juju",german hip hop,Hip Hop,Melodien (feat. Juju),2018-08-03,5d35jcJj7WjDQBOHCHPY6t,Sony Music/BMA,DEFZ71800018,21305503,"4WZGDpNwrC0vNQyl9QzF7d, 4sg4no0TXdsrM1s4SVUwNF"
"BIG BANK (feat. 2 Chainz, Big Sean, Nicki Minaj)","YG, 2 Chainz, Big Sean, Nicki Minaj","hyphy, rap, southern hip hop, ",Hip Hop,STAY DANGEROUS,2018-08-03,0ZNrc4kNeQYD9koZ3KvCsy,Def Jam Recordings,USUM71807398,82938894,"0A0FS04o6zMoto8OKPsDwY, 17lzZA2AlOHwCwFALHttmp, 0c173mlxpT3dSFRgMO8XPh, 0hCNtLu0JehylgoiP8L4Gh"
Beautiful (feat. Camila Cabello),"Bazzi, Camila Cabello",pop,Pop,Beautiful (feat. Camila Cabello),2018-08-02,4VUwkH455At9kENOfzTqmF,iamcosmic,USAT21810504,202509033,"4GvEc3ANtPPjt1ZJllr5Zl, 4nDoRrQiYLoBzwC5BhVJzF"
High On Life (feat. Bonn),"Martin Garrix, Bonn","edm, electronica, progressive house, ",Electronic,High On Life (feat. Bonn),2018-07-29,4ut5G4rgB1ClpMTMfjoIuy,Epic Amsterdam,NLM5S1800265,73621344,"60d24wfXkVzDSfLS6hyCjZ, 7Io0XduXk7aOHFHA7sLru2"
500 PS,"Bonez MC, RAF Camora",german hip hop,Hip Hop,500 PS,2018-08-03,641R77CBy4bOLGRcA9sgHy,187 Strassenbande,DEUM71803991,16289966,"1aS5tqEs9ci5P9KD9tZWa6, 0Dvx6p8JDyzeOPGmaCIH1L"
Too Much (feat. Timbaland),"ZAYN, Timbaland",,,Too Much (feat. Timbaland),2018-08-02,7jhlKPpAUqgV1m6AOTO19U,RCA Records Label,USRC11802882,930296,"5ZsFI1h6hIdQRw2ti0hz81, 5Y5TRrQiqgUO4S36tzjIRZ"
Missing U,Robyn,,,Missing U,2018-08-01,4Sn5B44sLfQ364FUL98jvN,Cherrytree Records/Kierszenbaum 33%,SEWKZ1800001,862058,6UE7nl9mha6s8z0wFQFIZ2
Ladders,Mac Miller,,,Swimming,2018-08-03,39NDBdU5Xkm5pCFGa5kZtI,Warner Records,USWB11801217,8835851,4LLpKhyESsyAXpc4laK94U
Hurt Feelings,Mac Miller,,,Swimming,2018-08-03,5p7GiBZNL1afJJDUrOA6C8,Warner Records,USWB11801212,5931988,4LLpKhyESsyAXpc4laK94U
Come Back to Earth,Mac Miller,,,Swimming,2018-08-03,01z2fBGB8Hl3Jd3zXe4IXR,Warner Records,USWB11801211,5173152,4LLpKhyESsyAXpc4laK94U
HANDGUN (feat. A$AP Rocky),"YG, A$AP Rocky","hyphy, rap",Hip Hop,STAY DANGEROUS,2018-08-03,50wkDxcIfamIajKwmgp0iB,Def Jam Recordings,USUM71810436,685498,"0A0FS04o6zMoto8OKPsDwY, 13ubrt8QOOCPljQ2FL1Kca"
What's the Use?,Mac Miller,,,Swimming,2018-08-03,2dgrYdgguVZKeCsrVb9XEs,Warner Records,USWB11801213,3832045,4LLpKhyESsyAXpc4laK94U
Cuando Te Besé,"Becky G, Paulo Londra","reggaeton, latin, argentine trap, trap latino","Hip Hop, Latin",Cuando Te Besé,2018-08-02,2XXMDz7SPZ4mSFN1PXfHUy,Sony Music Latin,USSD11800274,184082097,"4obzFoKoKRHIphyHzJ35G3, 3vQ0GE3mI0dAaxIMYe5g7z"
Self Care,Mac Miller,,,Swimming,2018-08-03,5bJ1DrEM4hNCafcDd1oxHx,Warner Records,USWB11801215,37345380,4LLpKhyESsyAXpc4laK94U
BULLETPROOF (feat. Jay 305),"YG, Jay 305","hyphy, ",Hip Hop,STAY DANGEROUS,2018-08-03,1qUdAB72nSWPZwDqH9KMYD,Def Jam Recordings,USUM71809911,567166,"0A0FS04o6zMoto8OKPsDwY, 2l2o6ibYa7h1w4HwaS1uZV"
Lean Wit Me,Juice WRLD,"melodic rap, emo rap",Hip Hop,Goodbye & Good Riddance,2018-05-23,29tc0GbW0pTSBZSCZF3NWk,Juice WRLD Mixtape / ISR P&D,USUG11800945,92214379,4MCBfE4596Uoi2O4DtmEMz
Chica Paranormal,Paulo Londra,"argentine trap, trap latino, reggaeton","Hip Hop, Latin",Chica Paranormal,2018-07-24,2r77vqSZkOktTSgmAOoHsV,Big Ligas,TCADS1893987,33396693,3vQ0GE3mI0dAaxIMYe5g7z
Body (feat. brando),"Loud Luxury, Brando",,,Body (feat. brando),2017-10-27,7K7MUBCnzgBAvMVW2RTWNs,disco:wax,NLF711710457,208960834,"6t1gpxYbY8OlLA7D2RiikQ, 5uEeqYFuIChoWKy34jp8xE"
Taking A Walk,Trippie Redd,melodic rap,Hip Hop,Taking A Walk,2018-08-06,6ArSQdZWckNt208EzsgUM5,"TenThousand Projects, LLC",QMEU31814796,1901675,6Xgp2XMz1fhVYe7i6yNAax
Album of the Year - Freestyle,J. Cole,rap,Hip Hop,Album of the Year (Freestyle),2018-08-07,6rDaCGqcQB1urhpCrrD599,J. Cole P&D,QMJMT1801853,4592798,6l3HvQ5sa6mXTsMTB19rO5
Nephew (feat. Lil Pump),"Smokepurpp, Lil Pump",,,Nephew (feat. Lil Pump),2018-07-27,0ibOcbkp2XG46Do8jcy0bL,Alamo Records / Interscope,USUM71810095,14748722,"21dooacK2WGBB5amYvKyfM, 3wyVrVrFCkukjdVIdirGVY"
Taking A Walk,Trippie Redd,melodic rap,Hip Hop,LIFE'S A TRIP,2018-08-10,4mHgYpuGHu99Mw69E83CP2,"TenThousand Projects, LLC",QMEU31814796,41673316,6Xgp2XMz1fhVYe7i6yNAax
Thunderclouds,"Sia, Diplo, Labrinth, LSD","moombahton, ",Electronic,Thunderclouds,2018-08-09,5a8RPWgKSmcGBGcffmIrUi,Records/Columbia,USQX91801532,110507159,"5WUlDfRSoLAfcVSX1WnrxN, 5fMUXHkw8R8eOP2RNVYEZX, 2feDdbD5araYcm6JhFHHw7, 6IZ4ctovY9dl7bgHClAvKJ"
Bed (feat. Ariana Grande),"Nicki Minaj, Ariana Grande",pop,Pop,Queen,2018-08-09,4ZUfbHQOBeEOyf6EArWXA3,Young Money/Cash Money Records,USCM51800136,1260015,"0hCNtLu0JehylgoiP8L4Gh, 66CXWjxzNUsdJxJ2JdwvnR"
Missing My Idols,Trippie Redd,melodic rap,Hip Hop,LIFE'S A TRIP,2018-08-10,5HnxL39pSgVVQMLP7WnSfv,"TenThousand Projects, LLC",QMEU31814017,2222366,6Xgp2XMz1fhVYe7i6yNAax
Together,Trippie Redd,melodic rap,Hip Hop,LIFE'S A TRIP,2018-08-10,6m3LlhdZ0HWn4D7Nnm06MQ,"TenThousand Projects, LLC",QMEU31814794,1581309,6Xgp2XMz1fhVYe7i6yNAax
Barbie Dreams,Nicki Minaj,,,Queen,2018-08-10,6Poyf51k7W3NKnsGwAI90B,Young Money/Cash Money Records,USCM51800139,19372581,0hCNtLu0JehylgoiP8L4Gh
Forever Ever,"Trippie Redd, Young Thug, Reese LAFLARE","melodic rap, rap, trap, ",Hip Hop,LIFE'S A TRIP,2018-08-10,2c3qwFINQyRGwyqI97UQiA,"TenThousand Projects, LLC",QMEU31815209,1542675,"6Xgp2XMz1fhVYe7i6yNAax, 50co4Is1HCEo8bhOyUWKpn, 07V3atNq2TyPNDYmzp6Dyy"
Mala Mía,Maluma,"reggaeton, latin, urbano latino",Latin,Mala Mía,2018-08-10,62o8KoI44JfN7aYxgTnPvh,Sony Music Latin,USSD11800303,142661776,1r4hJ1h58CWwUQe3MxPuau
WORKIN ME,Quavo,,,W O R K I N M E,2018-08-10,33tNYw9oMtSkGe27NpgS64,Quality Control Music/Motown Records/Capitol Records,USUG11801633,34686359,0VRj0yCOv2FXJNP47XQnx5
Shake It Up,Trippie Redd,melodic rap,Hip Hop,LIFE'S A TRIP,2018-08-10,6yz0Jndhv0QjKdpcEMbOjz,"TenThousand Projects, LLC",QMEU31814018,2602559,6Xgp2XMz1fhVYe7i6yNAax
BANG!,Trippie Redd,melodic rap,Hip Hop,LIFE'S A TRIP,2018-08-10,1pF74yw15wXk12A1NPVWHD,"TenThousand Projects, LLC",QMEU31814795,1407862,6Xgp2XMz1fhVYe7i6yNAax
Bird Shit,Trippie Redd,melodic rap,Hip Hop,LIFE'S A TRIP,2018-08-10,1j2l6jMz85PaXuDiF08Vcv,"TenThousand Projects, LLC",QMEU31814016,812141,6Xgp2XMz1fhVYe7i6yNAax
Wish - Trippie Mix,"Diplo, Trippie Redd","moombahton, melodic rap","Hip Hop, Electronic",LIFE'S A TRIP,2018-08-10,6IpvkngH89cA3hhPC84Leg,"TenThousand Projects, LLC",QMEU31815210,1377277,"5fMUXHkw8R8eOP2RNVYEZX, 6Xgp2XMz1fhVYe7i6yNAax"
Dark Knight Dummo,"Trippie Redd, Travis Scott","melodic rap, rap",Hip Hop,LIFE'S A TRIP,2018-08-10,4apiNNK0jp9uqn3JDG9My1,"TenThousand Projects, LLC",QMEU31724288,1274027,"6Xgp2XMz1fhVYe7i6yNAax, 0Y5tJX1MQlPlqiwlOH1tJY"
Majesty (with Labrinth & feat. Eminem),"Nicki Minaj, Labrinth, Eminem","rap, hip hop",Hip Hop,Queen,2018-08-10,38TgLPNHsPzgqri5G4SPun,Young Money/Cash Money Records,USCM51800138,6064496,"0hCNtLu0JehylgoiP8L4Gh, 2feDdbD5araYcm6JhFHHw7, 7dGJo4pcD2V6oG8kP0tJRR"
Kept Back (feat. Lil Pump) - Bonus Track Version,"Gucci Mane, Lil Pump","southern hip hop, rap, trap, ",Hip Hop,Kept Back (feat. Lil Pump),2018-08-09,384Oc8MQzITdL2DGyCeivN,Guwop Enterprises/Atlantic,USAT21810437,681499,"13y7CgLHjMVRMDqxdx0Xdo, 3wyVrVrFCkukjdVIdirGVY"
Chun-Li,Nicki Minaj,,,Queen,2018-08-09,1sTDW7kALobTFVctlaSHC4,Young Money/Cash Money Records,USCM51800082,671725,0hCNtLu0JehylgoiP8L4Gh
Levitate,Twenty One Pilots,,,Jumpsuit / Levitate / Nico And The Niners,2018-08-08,0bfKYrMLEDJ4fvcxzrMIwB,Fueled By Ramen,USAT21804361,659164,3YQKmKGau1PzlVlkL1iodx
Ganja Burn,Nicki Minaj,,,Queen,2018-08-10,3LHYmz86DxGInsRp3wiiW5,Young Money/Cash Money Records,USCM51800137,3755596,0hCNtLu0JehylgoiP8L4Gh
UKA UKA,Trippie Redd,melodic rap,Hip Hop,LIFE'S A TRIP,2018-08-10,5FTrzXtDMz3adIbLmVShk4,"TenThousand Projects, LLC",QMEU31814015,600876,6Xgp2XMz1fhVYe7i6yNAax
Bed (feat. Ariana Grande),"Nicki Minaj, Ariana Grande",pop,Pop,Queen,2018-08-10,3L4GsGLgxpHieVQH86H8bv,Young Money/Cash Money Records,USCM51800135,20790173,"0hCNtLu0JehylgoiP8L4Gh, 66CXWjxzNUsdJxJ2JdwvnR"
Chun-Li,Nicki Minaj,,,Queen,2018-08-10,1e4rwBPVI32vZtTJu7mJ4J,Young Money/Cash Money Records,USCM51800081,5851689,0hCNtLu0JehylgoiP8L4Gh
Rich Sex (feat. Lil Wayne),"Nicki Minaj, Lil Wayne","rap, hip hop",Hip Hop,Queen,2018-08-10,2D1MK9oaxy7axXggy3iVbp,Young Money/Cash Money Records,USCM51800133,2633393,"0hCNtLu0JehylgoiP8L4Gh, 55Aa2cqylxrFIXC767Z865"
91's,PNL,pop urbaine,Hip Hop,91's,2018-08-10,58st6r10Ze6QomHs0BMUA8,QLF RECORDS,TCADT1878472,2028477,3NH8t45zOTqzlZgBvZRjvB
Chun Swae (feat. Swae Lee),"Nicki Minaj, Swae Lee",,,Queen,2018-08-10,03It1uO69CjGWP3yyVe465,Young Money/Cash Money Records,USCM51800143,1903901,"0hCNtLu0JehylgoiP8L4Gh, 1zNqQNIdeOUZHb8zbZRFMX"
Thought I Knew You (feat. The Weeknd),"Nicki Minaj, The Weeknd",,,Queen,2018-08-10,5vAEnWrHxLv78uwZrAJcX6,Young Money/Cash Money Records,USCM51800141,1281804,"0hCNtLu0JehylgoiP8L4Gh, 1Xyo4u8uXC1ZmMpatF05PJ"
LLC,Nicki Minaj,,,Queen,2018-08-10,7CKR3FcBqSsGcgce0ECe1z,Young Money/Cash Money Records,USCM51800144,662917,0hCNtLu0JehylgoiP8L4Gh
Hard White,Nicki Minaj,,,Queen,2018-08-10,1hHbmfNfXIwHyHCYO8ae3I,Young Money/Cash Money Records,USCM51800140,614898,0hCNtLu0JehylgoiP8L4Gh
Tie Me Down (with Elley Duhé),"Gryffin, Elley Duhé","edm, melodic bass, future bass, ",Electronic,Tie Me Down (with Elley Duhé),2018-08-03,4QVS8YCpK71R4FsxSMCjhP,Darkroom,USUM71810504,24693110,"2ZRQcIgzPCVaT9XKhXZIzh, 67MNhiAICFY6Pwc2YxCO0K"
idontwannabeyouanymore,Billie Eilish,,,dont smile at me,2017-12-22,41zXlQxzTi6cGAjpOXyLYH,Darkroom,USUM71707712,37985075,6qqNVTkY8uBg9cP3Jd7DAH
Mo Bamba,Sheck Wes,,,Mo Bamba,2017-09-19,3QybPutx0Tjk472bBKjNWn,Cactus Jack Records/ISR PS,QM24S1703585,56957916,2RDOrhPqAM4jzTRCEb19qX
Blah Blah Blah,Armin van Buuren,"trance, progressive house, electronica, edm",Electronic,Blah Blah Blah,2018-05-18,0tp6mwUt99QnfY95T30Lqj,disco:wax,NLF711805914,39483663,0SfsnGyD8FpIN4U4WCkBZ5
ocean eyes,Billie Eilish,,,Ocean Eyes,2016-11-18,2uIX8YMNjGMD7441kqyyNU,Darkroom,US23A1500056,36968890,6qqNVTkY8uBg9cP3Jd7DAH
2002,Anne-Marie,,,Speak Your Mind (Deluxe),2018-04-27,2BgEsaKNfHUdlh97KmvFyo,Atlantic Records UK,GBAHS1800094,151304461,1zNqDE7qDGCsyzJwohVaoX
I Say a Little Prayer,Aretha Franklin,"soul, motown, jazz blues","Blues, R&B",Aretha Now,1968-06-14,3NfxSdJnVdon1axzloJgba,Rhino Atlantic,USAT20801207,3421119,7nwUJBm0HE4ZxD3f5cy5ok
Respect,Aretha Franklin,"soul, motown, jazz blues","Blues, R&B",I Never Loved a Man the Way I Love You,1967-03-10,7s25THrKz86DM225dOYwnr,Rhino Atlantic,USAT20801240,3529732,7nwUJBm0HE4ZxD3f5cy5ok
(You Make Me Feel Like) A Natural Woman,Aretha Franklin,"soul, motown, jazz blues","Blues, R&B",Lady Soul (With Bonus Selections),1968-01-22,5K09WxKdlkroDyEVyOSySy,Rhino Atlantic,USAT20801219,1942445,7nwUJBm0HE4ZxD3f5cy5ok
Think,Aretha Franklin,"soul, motown, jazz blues","Blues, R&B",Aretha Now,1968-06-14,4yQw7FR9lcvL6RHtegbJBh,Rhino Atlantic,USAT20801206,1829900,7nwUJBm0HE4ZxD3f5cy5ok
Chain of Fools,Aretha Franklin,"soul, motown, jazz blues","Blues, R&B",Lady Soul (With Bonus Selections),1968-01-22,2oZmMp5M6L0Rh7G84Um2tF,Rhino Atlantic,USAT20801215,1387872,7nwUJBm0HE4ZxD3f5cy5ok
TOOTIMETOOTIMETOOTIME,The 1975,,,TOOTIMETOOTIMETOOTIME,2018-08-15,6wvlEKW2qxucJSBXYpMV2P,Polydor Records,GBK3W1800807,2756869,3mIj9lX2MWuHmhNCA7LSCW
Son of a Preacher Man,Aretha Franklin,"soul, motown, jazz blues","Blues, R&B",This Girl's in Love with You,1970-01-15,4uCbetXW9LStYPUjCpBVp9,Rhino Atlantic,USAT20801270,1230790,7nwUJBm0HE4ZxD3f5cy5ok
God is a woman,Ariana Grande,pop,Pop,Sweetener,2018-08-17,5OCJzvD7sykQEKHH7qAC3C,Republic Records,USUM71808574,212552176,66CXWjxzNUsdJxJ2JdwvnR
breathin,Ariana Grande,pop,Pop,Sweetener,2018-08-17,4OafepJy2teCjYJbvFE60J,Republic Records,USUM71808582,217492161,66CXWjxzNUsdJxJ2JdwvnR
no tears left to cry,Ariana Grande,pop,Pop,Sweetener,2018-08-17,2qT1uLXPVPzGgFOx4jtEuo,Republic Records,USUM71805289,177657106,66CXWjxzNUsdJxJ2JdwvnR
sweetener,Ariana Grande,pop,Pop,Sweetener,2018-08-17,70khXICDeTTxgYtw3EysKH,Republic Records,USUM71808576,30058194,66CXWjxzNUsdJxJ2JdwvnR
everytime,Ariana Grande,pop,Pop,Sweetener,2018-08-17,0WdR2AyLW1Drd3OUdwezM0,Republic Records,USUM71808580,27549846,66CXWjxzNUsdJxJ2JdwvnR
raindrops (an angel cried),Ariana Grande,pop,Pop,Sweetener,2018-08-17,0v2LUO8oTHnkjQ8MmKuXyk,Republic Records,USUM71808568,8958462,66CXWjxzNUsdJxJ2JdwvnR
R.E.M,Ariana Grande,pop,Pop,Sweetener,2018-08-17,1xWH8zYtDeS9mW1JJG23VZ,Republic Records,USUM71808571,15628733,66CXWjxzNUsdJxJ2JdwvnR
blazed (feat. Pharrell Williams),"Ariana Grande, Pharrell Williams","pop, ",Pop,Sweetener,2018-08-17,4mLkiFppf8Xvem6BSY34qw,Republic Records,USUM71808570,7265064,"66CXWjxzNUsdJxJ2JdwvnR, 2RdwBSPQiwcmiDo9kixcl8"
pete davidson,Ariana Grande,pop,Pop,Sweetener,2018-08-17,0XOnMqLQDO89iAg7dWWwnG,Republic Records,USUM71808591,12684375,66CXWjxzNUsdJxJ2JdwvnR
Promises (with Sam Smith),"Calvin Harris, Sam Smith, Jessie Reyez","edm, soft pop, ","Electronic, Pop",Promises (with Sam Smith),2018-08-17,5N5k9nd479b1xpDZ4usjrg,Columbia,GBARL1801049,313855394,"7CajNmpbOovFoOoasH2HaY, 2wY79sveU1sp5g7SokKOiI, 3KedxarmBCyFBevnqQHy3P"
successful,Ariana Grande,pop,Pop,Sweetener,2018-08-17,5YeHLHDdQ4nKHk81XFWhCU,Republic Records,USUM71808578,8373625,66CXWjxzNUsdJxJ2JdwvnR
goodnight n go,Ariana Grande,pop,Pop,Sweetener,2018-08-17,14kYOiFVPb7E7NfFbqhdln,Republic Records,USUM71808588,13092807,66CXWjxzNUsdJxJ2JdwvnR
the light is coming (feat. Nicki Minaj),"Ariana Grande, Nicki Minaj","pop, ",Pop,Sweetener,2018-08-17,0sdbFOyfgAhAhWq8DpzkaW,Republic Records,USUM71808542,8730237,"66CXWjxzNUsdJxJ2JdwvnR, 0hCNtLu0JehylgoiP8L4Gh"
better off,Ariana Grande,pop,Pop,Sweetener,2018-08-17,3NbTQ8ZbHU6MSEVUFAVCJ9,Republic Records,USUM71808586,7858403,66CXWjxzNUsdJxJ2JdwvnR
get well soon,Ariana Grande,pop,Pop,Sweetener,2018-08-17,7u6DMPznGbpziuEgCE0JGQ,Republic Records,USUM71808594,7521754,66CXWjxzNUsdJxJ2JdwvnR
borderline (feat. Missy Elliott),"Ariana Grande, Missy Elliott","pop, hip hop","Hip Hop, Pop",Sweetener,2018-08-17,4b7mLZQWsy0rLnrMtPA9fQ,Republic Records,USUM71808584,6389200,"66CXWjxzNUsdJxJ2JdwvnR, 2wIVse2owClT7go1WT98tk"
Happier,"Marshmello, Bastille","edm, ",Electronic,Happier,2018-08-17,2dpaYNEQHiRxtZbfNsse99,Astralwerks,USUG11801651,417196248,"64KEffDW9EtZ1y2vBYgq8T, 7EQ0qTo7fWT7DPxmxtSYEc"
Chanel (Go Get It) [feat. Gunna & Lil Baby],"Young Thug, Young Stoner Life, Gunna, Lil Baby","rap, melodic rap, trap, ",Hip Hop,Slime Language,2018-08-17,0kCBorRrKZkSztd9m0QI3r,300 Entertainment/Atl,USAT21810482,8624208,"50co4Is1HCEo8bhOyUWKpn, 1xr2G8Hlx4QWmT9HaUbmoO, 2hlmm7s2ICUX0LVIhVFlZQ, 5f7VJjfbwm532GiveGC0ZK"
Real Friends,"Camila Cabello, Swae Lee","pop, ",Pop,Real Friends,2018-08-16,5vnpANH92iEajvGwE2oQ6r,Syco Music/Epic,USSM11806903,1279152,"4nDoRrQiYLoBzwC5BhVJzF, 1zNqQNIdeOUZHb8zbZRFMX"
All I Am,Jess Glynne,,,All I Am,2018-08-17,6X6SdJzxyw7GzxwP2fr9WV,Atlantic Records UK,GBAHS1800455,24004138,4ScCswdRlyA23odg9thgIO
It's A Slime (feat. Lil Uzi Vert),"Young Thug, Young Stoner Life, Lil Uzi Vert","rap, melodic rap, trap",Hip Hop,Slime Language,2018-08-17,3HxYOwZZHZn5mC1drqPQqR,300 Entertainment/Atl,USAT21810483,605658,"50co4Is1HCEo8bhOyUWKpn, 1xr2G8Hlx4QWmT9HaUbmoO, 4O15NlyKLIASxsJ0PrXPfz"
Side To Side,"Ariana Grande, Nicki Minaj","pop, ",Pop,Dangerous Woman,2016-05-20,1pKeFVVUOPjFsOABub0OaV,Universal Records,USUM71602107,604159,"66CXWjxzNUsdJxJ2JdwvnR, 0hCNtLu0JehylgoiP8L4Gh"
Quiere Beber,Anuel AA,"reggaeton, trap latino, urbano latino, latin",Latin,Real Hasta la Muerte,2018-07-17,3rPAD722s5FFNnwjC91t7Z,"2018 Real Hasta La Muerte, Inc.",QM6MZ1820540,116082087,2R21vXR83lH98kGeO99Y66
Celoso,Lele Pons,,,Celoso,2018-08-17,33zcmmElV1YbRZe57biUjg,10:22 PM / UMLE,USUM71812248,68245556,6i3DxIlAqnDkwELLw4aVrx
Take on Me,a-ha,"new wave, synthpop","Rock, Pop",Hunting High and Low,1985-06-01,2WfaOiMkCvy7F5fcp2zZ8L,Rhino,USWB19901214,2360627,2jzc5TC5TVFLXQlBNiIUzE
Culpables,Manuel Turizo,"reggaeton, latin, colombian pop","Pop, Latin",Culpables,2018-07-26,3RD0PGolM0mETGHaprwgMn,Sony Music Latin/La Industria,QMEU31814237,25326214,0tmwSHipWxN12fsoLcFU3B
In My Blood,Shawn Mendes,pop,Pop,Shawn Mendes,2018-05-25,2QZ7WLBE8h2y1Y5Fb8RYbH,Island Records,USUM71803183,74729137,7n2wHs1TKAczGzO7Dd2rGr
MANTRA,Bring Me The Horizon,"metalcore, emo, screamo, rock, post-hardcore, metal","Rock, Metal",MANTRA,2018-08-21,7dRj3sTBYkNbEx5kdNHriv,RCA Records Label,GBARL1801065,603289,1Ffb6ejR6Fe5IamqA5oRUF
Vaina Loca,"Ozuna, Manuel Turizo","reggaeton, latin, trap latino, urbano latino, colombian pop","Pop, Latin",Aura,2018-08-24,48zFZh27QU5qsrBjn4C2FA,VP Records Corp/Dimelo Vi,USXDR1800901,234497755,"1i8SpTcr7yvPOmcqrbnVXY, 0tmwSHipWxN12fsoLcFU3B"
IDOL,"BTS, Nicki Minaj","k-pop, ",Pop,Love Yourself 結 'Answer',2018-08-24,03iCbZaM4OkRR4We6wIzvx,BIGHIT MUSIC / HYBE,QM6MZ1886155,20342559,"3Nrfpe0tUJi4K4DXYWgMUX, 0hCNtLu0JehylgoiP8L4Gh"
IDOL,BTS,k-pop,Pop,Love Yourself 結 'Answer',2018-08-24,2AIWoHr9DF6y4KALCBKWQS,BIGHIT MUSIC / HYBE,QM6MZ1886144,11829855,3Nrfpe0tUJi4K4DXYWgMUX
Unica,Ozuna,"reggaeton, latin, trap latino, urbano latino",Latin,Aura,2018-08-24,33b2wX9d0kxqxhi7lcsC1A,VP Records Corp/Dimelo Vi,USXDR1800333,39753547,1i8SpTcr7yvPOmcqrbnVXY
Goodbye (feat. Nicki Minaj & Willy William),"Jason Derulo, David Guetta, Nicki Minaj, Willy William","edm, dance, ",Electronic,Goodbye (feat. Nicki Minaj & Willy William),2018-08-24,5Xn4IyTtW6FUGIUyWjbUHG,Beluga Heights/Warner Records,USWB11801760,99223082,"07YZf4WDAMNwqr4jfgOZ8y, 1Cs0zKBU1kc0i8ypK3B9ai, 0hCNtLu0JehylgoiP8L4Gh, 4RSyJzf7ef6Iu2rnLdabNq"
Euphoria,BTS,k-pop,Pop,Love Yourself 結 'Answer',2018-08-24,3p6hnejEQYXkiTO1lAzVc0,BIGHIT MUSIC / HYBE,QM6MZ1886130,3819200,3Nrfpe0tUJi4K4DXYWgMUX
I'm Fine,BTS,k-pop,Pop,Love Yourself 結 'Answer',2018-08-24,0EQMrxdeiBhry9JCxskko3,BIGHIT MUSIC / HYBE,QM6MZ1886143,2974099,3Nrfpe0tUJi4K4DXYWgMUX
Trivia 起 : Just Dance,BTS,k-pop,Pop,Love Yourself 結 'Answer',2018-08-24,0usLRFLmYXYahKNgXxsuJc,BIGHIT MUSIC / HYBE,QM6MZ1886131,2223974,3Nrfpe0tUJi4K4DXYWgMUX
Serendipity (Full Length Edition),BTS,k-pop,Pop,Love Yourself 結 'Answer',2018-08-24,5cQB9fbuQCz4muQUFkv3rR,BIGHIT MUSIC / HYBE,QM6MZ1886132,2076454,3Nrfpe0tUJi4K4DXYWgMUX
Risiko,"Bonez MC, RAF Camora",german hip hop,Hip Hop,Risiko,2018-08-24,6pLKMPAUlBCjHjylj2Nbd9,187 Strassenbande,DEUM71804775,3945482,"1aS5tqEs9ci5P9KD9tZWa6, 0Dvx6p8JDyzeOPGmaCIH1L"
Trivia 轉 : Seesaw,BTS,k-pop,Pop,Love Yourself 結 'Answer',2018-08-24,1ZPpGPko8oULTmi34rozMh,BIGHIT MUSIC / HYBE,QM6MZ1886140,2581106,3Nrfpe0tUJi4K4DXYWgMUX
Answer : Love Myself,BTS,k-pop,Pop,Love Yourself 結 'Answer',2018-08-24,4eVkn18rN4GguUWOsR6Use,BIGHIT MUSIC / HYBE,QM6MZ1886145,2027103,3Nrfpe0tUJi4K4DXYWgMUX
The Return,Logic,,,The Return,2018-08-24,0ATmjiSoHDCHeeQ9FcvZOW,Def Jam Recordings,USUM71812555,3137695,4xRYI6VqpkE3UwrDrAZL8L
Right Now,"Nick Jonas, Robin Schulz",tropical house,Electronic,Right Now,2018-08-24,43wzy7JxMEfvCh8ZFeZKYk,Island Records,USUM71810623,1923717,"4Rxn7Im3LGfyRkY2FlHhWi, 3t5xRXzsuZmMDkQzgOX35S"
Trivia 承 : Love,BTS,k-pop,Pop,Love Yourself 結 'Answer',2018-08-24,6aHCXTCkPiB4zgXKpB7BHS,BIGHIT MUSIC / HYBE,QM6MZ1886135,804415,3Nrfpe0tUJi4K4DXYWgMUX
Me Dijeron,Ozuna,"reggaeton, latin, trap latino, urbano latino",Latin,Aura,2018-08-24,17UUYZ290omPaJY4wKeyHh,VP Records Corp/Dimelo Vi,USXDR1800651,32337263,1i8SpTcr7yvPOmcqrbnVXY
Tribe (with J. Cole),"Bas, J. Cole",rap,Hip Hop,Milky Way,2018-08-24,0YAQnYt2oB8OdoaeqnHyTI,J. Cole/ DreamVille,USUM71810356,764545,"70gP6Ry4Uo0Yx6uzPIdaiJ, 6l3HvQ5sa6mXTsMTB19rO5"
Ibiza,"Ozuna, Romeo Santos","reggaeton, latin, trap latino, urbano latino, bachata, bachata pop","Latin, Pop",Aura,2018-08-24,1h9P5WJwyvK8OB7O2YiXgp,VP Records Corp/Dimelo Vi,USXDR1800670,73482639,"1i8SpTcr7yvPOmcqrbnVXY, 5lwmRuXgjX8xIwlnauTZIP"
First Time,"Liam Payne, French Montana",,,First Time - EP,2018-08-24,63MtMwfhxUvM2cyUNb5Iux,Capitol Records UK / EMI,GBUM71802031,719532,"5pUo3fmmHT8bhCyHE52hA6, 6vXTefBL93Dj5IqAWq6OTv"
DNA,BTS,k-pop,Pop,Love Yourself 承 'Her',2017-09-18,5SE57ljOIUJ1ybL9U6CuBH,BIGHIT MUSIC / HYBE,KRA381702187,1765348,3Nrfpe0tUJi4K4DXYWgMUX
Aura,"Ozuna, Arthur Hanlon","reggaeton, latin, trap latino, urbano latino, bachata pop","Pop, Latin",Aura,2018-08-24,1AVu7Kc2MRrLfOG1RCEf07,VP Records Corp/Dimelo Vi,USXDR1800650,2656626,"1i8SpTcr7yvPOmcqrbnVXY, 2tYwhzzfvvDr29BbBFcHhB"
Epiphany,BTS,k-pop,Pop,Love Yourself 結 'Answer',2018-08-24,7L8hkKW4hnemNfuOfEZcle,BIGHIT MUSIC / HYBE,QM6MZ1886142,1806165,3Nrfpe0tUJi4K4DXYWgMUX
Quiero Mas,"Ozuna, Wisin, Yandel","reggaeton, latin, trap latino, urbano latino",Latin,Aura,2018-08-24,1aYcpI8hXtpAEdBq8fp1pH,VP Records Corp/Dimelo Vi,USXDR1800654,580994,"1i8SpTcr7yvPOmcqrbnVXY, 3E6xrwgnVfYCrCs0ePERDz, 0eHQ9o50hj6ZDNBt6Ys1sD"
Devuelveme,Ozuna,"reggaeton, latin, trap latino, urbano latino",Latin,Aura,2018-08-24,5uvucCRBTkxv7VxIDLOqe7,VP Records Corp/Dimelo Vi,USXDR1800652,579860,1i8SpTcr7yvPOmcqrbnVXY
Drew Barrymore,Bryce Vine,,,Drew Barrymore,2017-12-01,0OgGn1ofaj55l2PcihQQGV,Sire,USQY51770936,32677291,1ShZZUjkbXCjhwrb18BA8I
8 Letters,Why Don't We,,,8 Letters,2018-08-09,6AkFxZzBfyzV5RF7mGkASM,Atlantic Records,USAT21810389,1625039,2jnIB6XdLvnJUeNTy5A0J2
Side Effects (feat. Emily Warren),"The Chainsmokers, Emily Warren",,,Sick Boy...Save Yourself,2018-08-24,3OtQmFLS5b3pTgIf44GQFJ,Disruptor Records/Columbia,USQX91801629,16647383,"69GGBxA162lTqCwzJG5jLp, 1oKdM70mJD8VvDOTKeS8t1"
My Blood,Twenty One Pilots,,,My Blood And A Few Others From Trench,2018-08-27,2nqwxzn7svkN30dVGbXdWf,Fueled By Ramen,USAT21810686,3547663,3YQKmKGau1PzlVlkL1iodx
La Cintura,Alvaro Soler,,,Mar de Colores,2018-09-07,3I7tLVbxJlrRUum7JdPJvH,Sony Music Entertainment,DEUM71800524,4805205,2urF8dgLVfDjunO0pcHUEe
Ya No Tiene Novio,"Sebastian Yatra, Mau y Ricky","colombian pop, reggaeton, latin, latin pop","Pop, Latin",Ya No Tiene Novio,2018-08-10,7uQmJ1jgNzBpATSoWKSPFu,UMLE - Latino,USUM71809940,115456606,"07YUOmWljBTXwIseAUd9TW, 2wkoKEfS6dXwThbyTnZWFU"
The Ringer,Eminem,"rap, hip hop",Hip Hop,Kamikaze,2018-08-31,2jt2WxXMCD4zjACthkJQVE,Aftermath,USUM71813329,93033398,7dGJo4pcD2V6oG8kP0tJRR
Lucky You (feat. Joyner Lucas),"Eminem, Joyner Lucas","rap, hip hop, ",Hip Hop,Kamikaze,2018-08-31,60SdxE8apGAxMiRrpbmLY0,Aftermath,USUM71813334,215065218,"7dGJo4pcD2V6oG8kP0tJRR, 6C1ohJrd5VydigQtaGy5Wa"
Greatest,Eminem,"rap, hip hop",Hip Hop,Kamikaze,2018-08-31,2XTquzYQAdT1Hk78bOUwsv,Aftermath,USUM71813333,49810538,7dGJo4pcD2V6oG8kP0tJRR
Not Alike (feat. Royce Da 5'9),"Eminem, Royce Da 5'9""","rap, hip hop, ",Hip Hop,Kamikaze,2018-08-31,28FGV3ORH14MYORd7s5dlU,Aftermath,USUM71813339,54735600,"7dGJo4pcD2V6oG8kP0tJRR, 6DVipHzYsPlIoA0DW8Gmns"
Kamikaze,Eminem,"rap, hip hop",Hip Hop,Kamikaze,2018-08-31,2gsNpSn7VvvJuSrIDfRoYy,Aftermath,USUM71813340,40580907,7dGJo4pcD2V6oG8kP0tJRR
Normal,Eminem,"rap, hip hop",Hip Hop,Kamikaze,2018-08-31,0evt4UZbdhnHtcAnxkm6A1,Aftermath,USUM71813336,28949634,7dGJo4pcD2V6oG8kP0tJRR
Fall,Eminem,"rap, hip hop",Hip Hop,Kamikaze,2018-08-31,58QhkbaAkLFnn7JwAnAato,Aftermath,USUM71813341,67924036,7dGJo4pcD2V6oG8kP0tJRR
Stepping Stone,Eminem,"rap, hip hop",Hip Hop,Kamikaze,2018-08-31,60Z57Wdrn0pEVpHI7d7GAX,Aftermath,USUM71813338,27793547,7dGJo4pcD2V6oG8kP0tJRR
Paul - Skit,Paul Rosenberg,,,Kamikaze,2018-08-31,0Uv5Kp8sEnriJjkX4oLfNI,Aftermath,USUM71813335,19687028,6bwVWdQfr6ttzrGLboVkjg
Em Calls Paul - Skit,Eminem,"rap, hip hop",Hip Hop,Kamikaze,2018-08-31,6B3zy3LOKHndqsviCr2z15,Aftermath,USUM71813337,14360174,7dGJo4pcD2V6oG8kP0tJRR
Venom - Music From The Motion Picture,Eminem,"rap, hip hop",Hip Hop,Kamikaze,2018-08-31,2SL6oP2YAEQbqsrkOzRGO4,Aftermath,USUM71813345,92984959,7dGJo4pcD2V6oG8kP0tJRR
Nice Guy (with Jessie Reyez),"Eminem, Jessie Reyez","rap, hip hop, ",Hip Hop,Kamikaze,2018-08-31,09FfQO3PqHO4HIJL511Ksi,Aftermath,USUM71813342,18273729,"7dGJo4pcD2V6oG8kP0tJRR, 3KedxarmBCyFBevnqQHy3P"
Good Guy (feat. Jessie Reyez),"Eminem, Jessie Reyez","rap, hip hop, ",Hip Hop,Kamikaze,2018-08-31,4g32MdRoqwGKQd3NXIRhpU,Aftermath,USUM71813343,22729458,"7dGJo4pcD2V6oG8kP0tJRR, 3KedxarmBCyFBevnqQHy3P"
BEBE,"6ix9ine, Anuel AA","reggaeton, trap latino, urbano latino, latin",Latin,BEBE,2018-08-31,7ATATJztoWLcqDAcVVof0C,"TenThousand Projects, LLC",QMEU31816243,189799640,"7gZfnEnfiaHzxARJ2LeXrf, 2R21vXR83lH98kGeO99Y66"
Lucky Strike,Troye Sivan,,,Bloom,2018-08-31,5mTJcvxRxq3uF5wUjjciDw,EMI Recorded Music Australia Pty Ltd,AUUM71800526,1508945,3WGpXCj9YhhfX11TToZcXP
REMEDY,Alesso,edm,Electronic,REMEDY,2018-08-31,6jreFSOTUAViWjKyzOC4Kg,10:22 pm,USUM71813046,69036558,4AVFqumd2ogHFlRbKIjp1t
Dance To This (feat. Ariana Grande),"Troye Sivan, Ariana Grande",pop,Pop,Bloom,2018-08-31,17JYzDCW1UTndfURuTydF2,EMI Recorded Music Australia Pty Ltd,AUUM71800523,3883891,"3WGpXCj9YhhfX11TToZcXP, 66CXWjxzNUsdJxJ2JdwvnR"
8 Letters,Why Don't We,,,8 Letters,2018-08-31,4zRZAmBQP8vhNPf9i9opXt,Atlantic Records,USAT21810389,28518071,2jnIB6XdLvnJUeNTy5A0J2
Plum,Troye Sivan,,,Bloom,2018-08-31,4FtGhkcEHma8WjuzFYSr2o,EMI Recorded Music Australia Pty Ltd,AUUM71800524,686827,3WGpXCj9YhhfX11TToZcXP
Seventeen,Troye Sivan,,,Bloom,2018-08-31,6UiQFxMYJgILcLTjLrO0OQ,EMI Recorded Music Australia Pty Ltd,AUUM71800521,684289,3WGpXCj9YhhfX11TToZcXP
Superhero,Lauv,,,Superhero,2018-08-30,1Fo4OvzP9PThFKMeMIAEYu,Lauv,GBKPL1819693,678315,5JZ7CnR6gTvEMKX4g70Amv
My My My!,Troye Sivan,,,Bloom,2018-08-31,1YHT1FZv5t3ZFLsVPuy6Rq,EMI Recorded Music Australia Pty Ltd,AUUM71701255,664599,3WGpXCj9YhhfX11TToZcXP
River (feat. Ed Sheeran),"Eminem, Ed Sheeran","rap, hip hop, soft pop","Hip Hop, Pop",Revival,2017-12-15,1cS0TgbR263ey9jn0MwD2s,Aftermath,USUM71712944,4148388,"7dGJo4pcD2V6oG8kP0tJRR, 6eUKZXaKkcviH0Ku9w2n3V"
Amigos Con Derechos,"Reik, Maluma","latin pop, reggaeton, latin, urbano latino","Latin, Pop",Amigos Con Derechos,2018-08-31,2zDj4WjbNDmrRL6Z4YjjCA,RCA Records Label,MXF011800409,115745698,"0vR2qb8m9WHeZ5ByCbimq2, 1r4hJ1h58CWwUQe3MxPuau"
Noticed,Lil Mosey,melodic rap,Hip Hop,Noticed,2018-07-20,7d6XJZjnm7iWcKwYL9z5kC,Mogul Vision / Interscope PS,USUM71809565,54631906,5zctI4wO9XSKS8XwcnqEHk
Magic In The Hamptons (feat. Lil Yachty),"Social House, Lil Yachty",,,Magic In The Hamptons (feat. Lil Yachty),2018-06-08,2Yer0p7uB2lVBUAtANuuQp,Silent Records / Social House,USUM71806833,6800602,"5UjifI1TYefXWn9GdqDOHl, 6icQOAFXDZKsumw3YXyusw"
Electricity,"Silk City, Dua Lipa, Mark Ronson, Diplo","pop, moombahton","Electronic, Pop",Electricity,2018-09-06,5N4erncE7kuUccm7zEmwzk,Columbia,USQX91802285,165473847,"2X97ZAqRKRMYFIDqtvGgGc, 6M2wZ9GZgrQXHCFfjv46we, 3hv9jJF3adDNsBSIQDqcjp, 5fMUXHkw8R8eOP2RNVYEZX"
I Love It (& Lil Pump),"Kanye West, Lil Pump","rap, ",Hip Hop,I Love It,2018-09-07,4S8d14HvHb70ImctNgVzQQ,"Getting Out Our Dreams, Inc./Def Jam Recordings",USUM71814031,274760009,"5K4W6rqBFWDnAN6FQUkS6x, 3wyVrVrFCkukjdVIdirGVY"
Nina Cried Power (feat. Mavis Staples),"Hozier, Mavis Staples",soul,R&B,Nina Cried Power - EP,2018-09-06,7wR5r0KYGXBpyWXCdyYs3F,Columbia,USSM11806788,983191,"2FXC3k01G6Gw61bmprjgqS, 0cTSCsVx04SSht9V6cpKN0"
Want To,Dua Lipa,pop,Pop,Want To,2018-09-05,0CBFOvHlyqy30Q5tbyNHfQ,Urban,GBAHT1800503,24364838,6M2wZ9GZgrQXHCFfjv46we
Everybody Dies,Logic,,,Everybody Dies,2018-09-07,5SLhbyOJgcKGTDNWaQN91M,Def Jam Recordings,USUM71813549,871081,4xRYI6VqpkE3UwrDrAZL8L
Missin You Crazy,Russ,,,ZOO,2018-09-07,4ve2uzqdwnHr20G5YgMMqr,Columbia,USSM11806564,785651,1z7b1Pr1rSlvWRzsW3HOrS
The Flute Song,Russ,,,ZOO,2018-09-07,6pGuOWYOFDcSgmVvFWRWSv,Columbia,USSM11806561,2473540,1z7b1Pr1rSlvWRzsW3HOrS
Verleden Tijd,"Frenna, Lil Kleine",,,Verleden Tijd,2018-09-07,4kuexchmxuc5NXmokfo1WH,777 Records BV / Top Notch Music BV,NLG661800785,11109319,"6m1LYS5NQonxjOcQFPQOb5, 3AlRiyjMywTVNzTcHbf9QT"
Love Someone,Lukas Graham,,,Love Someone,2018-09-07,2JqnpexlO9dmvjUMCaLCLJ,Warner Records,USWB11801903,45068899,25u4wHJWxCA9vO0CzxAbK7
Be Somebody (feat. Kiiara),"Steve Aoki, Nicky Romero, Kiiara","electro house, edm, big room, progressive house, ",Electronic,Be Somebody (feat. Kiiara),2018-09-07,1MobXMNPi9e1onV0ElsPEj,"Ultra Records, LLC",USUS11800257,642567,"77AiFEVeAVj2ORpC85QVJs, 5ChF3i92IPZHduM7jN3dpg, 4u5smJBskI6Adzv08PuiUP"
Leave Me Alone,Flipp Dinero,melodic rap,Hip Hop,Leave Me Alone,2018-09-04,14mHfNsSHN0FbLftyjrV9g,Cinematic/Epic/We The Best,QMKSC1800039,115940506,2HUwZ0kumzCSlhFcjFZfpp
Trap Phone (feat. Capo Plaza),"Guè, Capo Plaza","italian trap, trap",Hip Hop,Trap Phone (feat. Capo Plaza),2018-09-07,7iBEOLwjgoPVOXBNKwdoiq,Universal Music Italia srL.,ITUM71800768,620198,"7F2utINZ6tSokSiZTQBE27, 5SulO4l40qDuV9zUGLZx7n"
Just Got Paid,"Sigala, Ella Eyre, Meghan Trainor, French Montana",,,Just Got Paid,2018-09-07,0v3BMLcwUmAwyqJaf5997o,Ministry of Sound Recordings,GBCEN1800093,616394,"1IueXOQyABrMOprrzwQJWN, 66TrUkUZ3RM29dqeDQRgyA, 6JL8zeS1NmiOftqZTRgdTz, 6vXTefBL93Dj5IqAWq6OTv"
Donald Trump,Mac Miller,,,Blue Slide Park,2011-00-00,1yYzuNd0KRyHVJ3NH8apBt,Universal Music Group International,USA2P1173908,2501982,4LLpKhyESsyAXpc4laK94U
Weekend (feat. Miguel),"Mac Miller, Miguel",r&b,R&B,GO:OD AM,2015-09-18,6GnhWMhgJb7uyiiPEiEkDA,Warner Records,USWB11508643,2164735,"4LLpKhyESsyAXpc4laK94U, 360IAlyVv4PCEVjgyMZrxK"
Wings,Mac Miller,,,Swimming,2018-08-03,16umSNZfofRpDqTvf8DIAo,Warner Records,USWB11801216,823686,4LLpKhyESsyAXpc4laK94U
2009,Mac Miller,,,Swimming,2018-08-03,6dFn6my1sHK2bcf23GlHwM,Warner Records,USWB11801221,1879443,4LLpKhyESsyAXpc4laK94U
Perfecto,Mac Miller,,,Swimming,2018-08-03,0Xcy81PsJCOO6mhLZaQyQ4,Warner Records,USWB11801214,634423,4LLpKhyESsyAXpc4laK94U
So It Goes,Mac Miller,,,Swimming,2018-08-03,0EA2RhRHL4KWeNa7JfD1Yw,Warner Records,USWB11801222,604682,4LLpKhyESsyAXpc4laK94U
Best Day Ever,Mac Miller,,,Best Day Ever (5th Anniversary Remastered Edition),2016-06-03,2jeWxoYEARpy0lGGahsKd5,"Rostrum Records, LLC",QZ3GT1600013,600695,4LLpKhyESsyAXpc4laK94U
Dang! (feat. Anderson .Paak),"Mac Miller, Anderson .Paak",,,The Divine Feminine,2016-09-16,5iUQMwxUPdJBFeGkePtM66,Warner Records,USWB11601217,592144,"4LLpKhyESsyAXpc4laK94U, 3jK9MiCrA42lLAdMGUZpwa"
Trip,Ella Mai,r&b,R&B,Trip,2018-08-03,7noud145AHZGg74vpWOsCa,10 Summers / Interscope PS,USUM71810720,24925433,7HkdQ0gt53LP4zmHsL0nap
My Favorite Part,"Mac Miller, Ariana Grande",pop,Pop,The Divine Feminine,2016-09-16,66wkCYWlXzSTQAfnsPBptt,Warner Records,USWB11601441,563627,"4LLpKhyESsyAXpc4laK94U, 66CXWjxzNUsdJxJ2JdwvnR"
RAP DEVIL,mgk,,,RAP DEVIL,2018-09-08,63TyoT9Ee03rQxv8xmdJ2l,Bad Boy / Interscope,USUM71813833,11556171,6TIYQ3jFPwQSRmorSezPxX
Love Someone,Lukas Graham,,,Love Someone,2018-09-07,6r3baE6njwU4aoJq6zPukG,Copenhagen Records / Then We Take The World,USWB11801903,3401466,25u4wHJWxCA9vO0CzxAbK7
Drip Too Hard,"Lil Baby, Gunna",melodic rap,Hip Hop,Drip Too Hard,2018-09-12,1BxkZE73h9BN3qwuA15TA3,"Quality Control Music/Young Stoner Life Records, a 300 Entertainment Label/Motown Records/Capitol Records",USUG11801811,25379940,"5f7VJjfbwm532GiveGC0ZK, 2hlmm7s2ICUX0LVIhVFlZQ"
SLOW DANCING IN THE DARK,Joji,,,SLOW DANCING IN THE DARK,2018-09-12,0UyljEbX9dqI1K0sqdv6B6,"88rising Music/12Tone Music, LLC",ZZOPM1800452,34528615,3MZsBdqDrRTJihTHQrO6Dq
Wake Up in the Sky,"Gucci Mane, Bruno Mars, Kodak Black","southern hip hop, rap, trap, ",Hip Hop,Wake Up in the Sky,2018-09-14,0QIjsbm2fh1cJ45XO9eGqq,Guwop Enterprises/Atlantic,USAT21811087,121776037,"13y7CgLHjMVRMDqxdx0Xdo, 0du5cEVh5yTK9QJze8zA0C, 46SHBwWsqBkxI7EeeBEQG7"
Better,Khalid,,,Better,2018-09-14,4T3fNx3CgwDRRYgmFCbD4J,"Right Hand Music Group, LLC/RCA Records",USRC11803179,79512317,6LuN9FCkKOj5PcnpouEgny
Say My Name,"David Guetta, Bebe Rexha, J Balvin","edm, dance, reggaeton, latin","Electronic, Latin",7,2018-09-14,0YammaEkYSeo9vQYZ1OwS6,Parlophone (France),GB28K1800089,86606759,"1Cs0zKBU1kc0i8ypK3B9ai, 64M6ah0SkkRsnPGtGiRAbb, 1vyhD5VmyZ7KMfW5gqLgo5"
Don't Leave Me Alone (feat. Anne-Marie),"David Guetta, Anne-Marie","edm, dance, ",Electronic,7,2018-09-14,2zy9TMoZlYGuCNY4TLqG24,Parlophone (France),GB28K1800087,51595414,"1Cs0zKBU1kc0i8ypK3B9ai, 1zNqDE7qDGCsyzJwohVaoX"
Mariners Apartment Complex,Lana Del Rey,,,Mariners Apartment Complex,2018-09-12,4UAW2gObi5o6sJla0qZpPn,Polydor Records,USUG11801801,4125887,00FQb4jTyendYWaN8pK0wa
Kokain,"Bonez MC, RAF Camora, Gzuz",german hip hop,Hip Hop,Kokain,2018-09-14,1H3oIeKUEHpBhXUiso0IMH,187 Strassenbande,DEUM71805105,11063798,"1aS5tqEs9ci5P9KD9tZWa6, 0Dvx6p8JDyzeOPGmaCIH1L, 5eioJDe26lOqkAMbuhzZYs"
Burn Out (feat. Dewain Whitmore),"Martin Garrix, Justin Mylo, Dewain Whitmore","edm, electronica, progressive house, future house, ",Electronic,Burn Out (feat. Dewain Whitmore),2018-09-14,7IWTIkiWGWNQyYfOLdMrGD,Epic Amsterdam,NLM5S1800332,4807072,"60d24wfXkVzDSfLS6hyCjZ, 7MFJyevu6jq0shwDuVLymu, 1E1W3to8HhGSkkIEUMwEjd"
Pretty Little Fears (feat. J. Cole),"6LACK, J. Cole",rap,Hip Hop,East Atlanta Love Letter,2018-09-14,4at3d5QWnlibMVN75ECDrp,LVRN Records,USUM71812666,4961392,"4IVAbR2w4JJNJDDRFP3E83, 6l3HvQ5sa6mXTsMTB19rO5"
Flames,"David Guetta, Sia","edm, dance, ",Electronic,7,2018-09-14,66BjcDhhwWCcQIBxHMpKXh,Parlophone (France),GB28K1800010,34555792,"1Cs0zKBU1kc0i8ypK3B9ai, 5WUlDfRSoLAfcVSX1WnrxN"
Balenciaga Challenge (feat. Offset),"6LACK, Offset",,,East Atlanta Love Letter,2018-09-14,6Zisja44KqMZj4GM4UY6Yv,LVRN Records,USUM71812672,2620385,"4IVAbR2w4JJNJDDRFP3E83, 4DdkRBBYG6Yk9Ka8tdJ9BW"
East Atlanta Love Letter (feat. Future),"6LACK, Future",rap,Hip Hop,East Atlanta Love Letter,2018-09-14,6rJmWa5DvQ3Nby3tdcX2L0,LVRN Records,USUM71812660,1312441,"4IVAbR2w4JJNJDDRFP3E83, 1RyvyyTE3xzB2ZywiAwp0i"
Sincerity Is Scary,The 1975,,,Sincerity Is Scary,2018-09-13,06Vthiq8nNDuT5nOcch535,Polydor Records,GBK3W1800834,738496,3mIj9lX2MWuHmhNCA7LSCW
BONNIE & CLYDE,"Loredana, Mozzik",german hip hop,Hip Hop,BONNIE & CLYDE,2018-09-14,5UtiebKGhsSce9gX1qCqic,Loredana,DEQ021804684,6525055,"2Im8m4STDBosjfmb5hmP80, 1pkDzgHvVqC17qYGKfLPpb"
Borsello (feat. Sfera Ebbasta & DrefGold),"Guè, Sfera Ebbasta, DrefGold","italian trap, trap",Hip Hop,Sinatra,2018-09-14,6gAySqc7QK27KEASxmc7Ag,Universal Music Italia srL.,ITUM71800769,661675,"7F2utINZ6tSokSiZTQBE27, 23TFHmajVfBtlRx5MXqgoz, 6jwzGu5VdkR5tsRROYuxso"
Unfair,6LACK,,,East Atlanta Love Letter,2018-09-14,3Q33RhbyoFul9LdKKjticI,LVRN Records,USUM71812654,653668,4IVAbR2w4JJNJDDRFP3E83
Loaded Gun,6LACK,,,East Atlanta Love Letter,2018-09-14,1wb7Mqon4o1ViLjaLV9f8U,LVRN Records,USUM71812656,637272,4IVAbR2w4JJNJDDRFP3E83
Ciumeira - Ao Vivo,Marília Mendonça,"sertanejo, sertanejo universitário, arrocha, forró","Country, Latin",Ciumeira (ao Vivo),2018-08-24,2H1liABu20HXBOmbt5SQz1,Som Livre,BRWNV1800261,16103779,1yR65psqiazQpeM79CcGh8
Culpables,"KAROL G, Anuel AA","reggaeton, latin, urbano latino, trap latino",Latin,Culpables,2018-09-14,6q8Lb50EtqNeeJXXe8mMAH,UMLE - Latino,USUM71813507,95228979,"790FomKkXshlbRYZFtlgla, 2R21vXR83lH98kGeO99Y66"
La Cintura,Alvaro Soler,,,Mar De Colores,2018-09-07,355kY0VYYf2AUOnUsU56Xq,Airforce1,DEUM71800524,562950,2urF8dgLVfDjunO0pcHUEe
Creep On Me,"GASHI, French Montana, DJ Snake",,,Creep On Me,2018-08-22,1MUL6DO2gVimj2YrVedubd,Honesty Saves Time/RCA Records,USRC11803059,5231536,"0JOxt5QOwq0czoJxvSc5hS, 6vXTefBL93Dj5IqAWq6OTv, 540vIaP2JwjQb9dm3aArA4"
REEL IT IN,Aminé,,,ONEPOINTFIVE,2018-08-15,5qHirGR7M9tdm6C17DlzSY,Republic Records,USUM71811853,51748959,3Gm5F95VdRxW3mqCn8RPBJ
New Patek,Lil Uzi Vert,melodic rap,Hip Hop,New Patek,2018-09-18,0Fpen1PTuEnCmOJtUU9Iud,Generation Now/Atlantic,USAT21811270,63677541,4O15NlyKLIASxsJ0PrXPfz
Falling Down - Bonus Track,"Lil Peep, XXXTENTACION","emo rap, cloud rap",Hip Hop,Falling Down (Bonus Track),2018-09-19,0Dn40gxVCMo5TkgS8Ik18Q,Columbia,USQX91802294,145147915,"2kCcBybjl3SAtIcwdWpUe3, 15UsOTVnJzReFVN1VCnxy4"
Killshot,Eminem,"rap, hip hop",Hip Hop,Killshot,2018-09-19,1jo3TwNGCXfNdB5uba3ZVv,Aftermath,USUM71814876,67877240,7dGJo4pcD2V6oG8kP0tJRR
Side Effects (feat. Emily Warren),"The Chainsmokers, Emily Warren",,,Sick Boy...This Feeling,2018-09-18,5hrXLJJrnKraxRQntH0Vv9,Disruptor Records/Columbia,USQX91801629,3075224,"69GGBxA162lTqCwzJG5jLp, 1oKdM70mJD8VvDOTKeS8t1"
No Stylist (feat. Drake),"French Montana, Drake","rap, hip hop",Hip Hop,No Stylist,2018-09-20,04MLEeAMuV9IlHEsD8vF6A,Epic,USSM11807535,123232326,"6vXTefBL93Dj5IqAWq6OTv, 3TVXtAsR1Inumwj472S9r4"
This Feeling (feat. Kelsea Ballerini),"The Chainsmokers, Kelsea Ballerini",country,Country,Sick Boy...This Feeling,2018-09-18,15kQGEy89K8deJcZVFEn0N,Disruptor Records/Columbia,USQX91802210,66526928,"69GGBxA162lTqCwzJG5jLp, 3RqBeV12Tt7A8xH3zBDDUF"
RAP DEVIL,mgk,,,BINGE,2018-09-21,43TP6JCWXgkc2D7Xjz5hBr,Bad Boy / Interscope,USUM71813833,11243279,6TIYQ3jFPwQSRmorSezPxX
Let You Love Me,Rita Ora,,,Let You Love Me,2018-09-21,6xtcFXSo8H9BZN637BMVKS,Atlantic Records UK,GBAHS1800674,93901038,5CCwRZC6euC8Odo6y9X8jr
90MIN,Salmo,italian trap,Hip Hop,90MIN,2018-09-21,1YzlPeHWPU0JeM0u4ya5zj,Epic,ITB001800495,2824330,3hBQ4zniNdQf1cqqo6hzuW
Guiding Light,Mumford & Sons,"folk, indie folk, folk rock","Folk/Acoustic, Rock",Guiding Light,2018-09-20,3qzp4hb3YaRIkezSceqpRR,"Mumford & Sons, under exclusive license to Glassnote Entertainment Group LLC",GBUM71805626,1023137,3gd8FJtBJtkRxdfbTu19U2
Zero - From the Original Motion Picture  Ralph Breaks The Internet ,Imagine Dragons,,,Zero (From the Original Motion Picture  Ralph Breaks The Internet ),2018-09-19,0cDwUAF7yQrOLRcFfJpSc2,Wreck It Ralph 2 ST (KIK / ISR / Disney) PS,USWD11890242,986056,53XhwfbYqKCa1cC15pYq2q
INTERNATIONAL GANGSTAS,"Farid Bang, CAPO, 6ix9ine, SCH","german hip hop, pop urbaine",Hip Hop,INTERNATIONAL GANGSTAS,2018-09-21,4IAVIBh9jbYN30DwpHFMD4,Banger Musik,DEQ021804919,2777352,"2JwyRtuXf2l6sTnSnGVIa1, 5y9wg9qkGBl0n9v9RzaPKu, 7gZfnEnfiaHzxARJ2LeXrf, 2kXKa3aAFngGz2P4GjG5w2"
NEW ORLEANS,BROCKHAMPTON,,,iridescence,2018-09-21,5kkxyqYSQrnHpfsmkjKi81,Question Everything/RCA Records,USRC11803282,839166,1Bl6wpkWCQ4KVgnASpvzzA
J'OUVERT,BROCKHAMPTON,,,iridescence,2018-09-21,3djWN7th03XZtmF5s3C1Lv,Question Everything/RCA Records,USRC11803291,816879,1Bl6wpkWCQ4KVgnASpvzzA
Head Above Water,Avril Lavigne,,,Head Above Water,2018-09-19,1N7YeVU0ZwAFbOhwM61ef6,BMG Rights Management (US) LLC,QMRSZ1801749,19106794,0p4nmQO2msCgU4IF37Wi3j
Venice Bitch,Lana Del Rey,,,Venice Bitch,2018-09-18,7AluhhfZ0AO0Zw8MoUstzN,Polydor Records,USUG11801802,693298,00FQb4jTyendYWaN8pK0wa
THUG LIFE,BROCKHAMPTON,,,iridescence,2018-09-21,2c09gumRCmu3qmbcqdQbUN,Question Everything/RCA Records,USRC11803283,647999,1Bl6wpkWCQ4KVgnASpvzzA
BERLIN,BROCKHAMPTON,,,iridescence,2018-09-21,7GxBuIJugWanLsYj0mDrFX,Question Everything/RCA Records,USRC11803284,638679,1Bl6wpkWCQ4KVgnASpvzzA
UFF,"Veysel, Gzuz",german hip hop,Hip Hop,UFF,2018-09-21,6XjEOPgbgHKcaHcunEHSJJ,Bela Boyz,DEXJ21800007,2322568,"4VuARVJiWGsH2msKTdsKdQ, 5eioJDe26lOqkAMbuhzZYs"
O Bebê,"MC Kevinho, MC Kekel","funk, brazilian funk, funk pop","Hip Hop, R&B, Pop",O Bebê,2018-09-11,51HrDv54pSe1IqynORNXBd,KondZilla,BRKO11800179,6456734,"1mXAhKnZEdF6rotyyd4GBi, 2ZXnTEyYopSLCDiz5Z0XIf"
Sin (feat. Jaden Smith),"Young Thug, Jaden","rap, melodic rap, trap, ",Hip Hop,On the Run,2018-09-24,1Jl21sidRpEdlVBvYbssLx,300 Entertainment/Atl,USAT21811264,19380661,"50co4Is1HCEo8bhOyUWKpn, 0xOeVMOz2fVg5BJY3N6akT"
High (feat. Elton John),"Young Thug, Elton John","rap, melodic rap, trap, ",Hip Hop,On the Run,2018-09-24,7iMDaY1LnASwCk2uUpMtii,300 Entertainment/Atl,USAT21811269,1484027,"50co4Is1HCEo8bhOyUWKpn, 3PhoLpVuITZKcymswpck5b"
"Let Me Go (with Alesso, Florida Georgia Line & watt)","Hailee Steinfeld, Alesso, Florida Georgia Line, WATT","edm, country, pop country, acoustic country, ","Country, Electronic","Let Me Go (with Alesso, Florida Georgia Line & watt)",2017-09-08,5Gu0PDLN4YJeW75PpBSg9p,Universal Records,USUM71709685,5661823,"5p7f24Rk5HkUZsaS3BLG5F, 4AVFqumd2ogHFlRbKIjp1t, 3b8QkneNDz4JHKKKlLgYZg, 4olE3I5QU0dvSR7LIpqTXc"
Sweet but Psycho,Ava Max,,,Sweet but Psycho,2018-08-17,25sgk305KZfyuqVBQIahim,Atlantic Records,USAT21802011,186588814,4npEfmQ6YuiwW1GpUmaq3F
Mona Lisa (feat. Kendrick Lamar),"Lil Wayne, Kendrick Lamar","rap, hip hop, west coast hip hop",Hip Hop,Tha Carter V,2018-09-28,0dbTQYW3Ad1FTzIA9t90E8,"Young Money Records, Inc.",USUG11802109,65204351,"55Aa2cqylxrFIXC767Z865, 2YZyLoL8N0Wb9xBt1NhZWg"
Don't Cry (feat. XXXTENTACION),"Lil Wayne, XXXTENTACION","rap, hip hop, emo rap",Hip Hop,Tha Carter V,2018-09-28,5BQrp63SHCVf4bzCzJePne,"Young Money Records, Inc.",USUG11802103,38819005,"55Aa2cqylxrFIXC767Z865, 15UsOTVnJzReFVN1VCnxy4"
Let It Fly (feat. Travis Scott),"Lil Wayne, Travis Scott","rap, hip hop",Hip Hop,Tha Carter V,2018-09-28,0CBQ0m3mufWH75LTYB3s6h,"Young Money Records, Inc.",USUG11802106,27889593,"55Aa2cqylxrFIXC767Z865, 0Y5tJX1MQlPlqiwlOH1tJY"
Dedicate,Lil Wayne,"rap, hip hop",Hip Hop,Tha Carter V,2018-09-28,0Y7di9ZCmB6Elad5WISaPc,"Young Money Records, Inc.",USUG11802104,19646409,55Aa2cqylxrFIXC767Z865
"Taki Taki (with Selena Gomez, Ozuna & Cardi B)","DJ Snake, Selena Gomez, Ozuna, Cardi B","pop, reggaeton, latin, trap latino, urbano latino, ","Latin, Pop","Taki Taki (with Selena Gomez, Ozuna & Cardi B)",2018-09-28,4w8niZpiMy6qz1mntFA5uM,"DJ Snake Music Productions Limited, under exclusive license to Geffen Records",USUG11801723,435905069,"540vIaP2JwjQb9dm3aArA4, 0C8ZW7ezQVs4URX5aX7Kqx, 1i8SpTcr7yvPOmcqrbnVXY, 4kYSro6naA4h99UJvo89HB"
Uproar,"Lil Wayne, Swizz Beatz","rap, hip hop, ",Hip Hop,Tha Carter V,2018-09-28,3wScL5W8H40zzCKN0atfBk,"Young Money Records, Inc.",USUG11802105,36467779,"55Aa2cqylxrFIXC767Z865, 2cADQgiLMjNhbsfeN52Bf3"
Can't Be Broken,Lil Wayne,"rap, hip hop",Hip Hop,Tha Carter V,2018-09-28,5cGpjfgAvidLy6znwkCxkP,"Young Money Records, Inc.",USUG11802107,17208121,55Aa2cqylxrFIXC767Z865
Dark Side Of The Moon (feat. Nicki Minaj),"Lil Wayne, Nicki Minaj","rap, hip hop, ",Hip Hop,Tha Carter V,2018-09-28,5IvdLxVB8gwwcgnEkXSSW2,"Young Money Records, Inc.",USUG11802108,9885285,"55Aa2cqylxrFIXC767Z865, 0hCNtLu0JehylgoiP8L4Gh"
What About Me (feat. Sosamann),"Lil Wayne, Sosamann","rap, hip hop, ",Hip Hop,Tha Carter V,2018-09-28,3JX0dOCIAiaR8MP3ryXWuM,"Young Money Records, Inc.",USUG11802110,19344033,"55Aa2cqylxrFIXC767Z865, 3Bj81IbILbuj2uEwWXMdXI"
I Love You Dwayne,Lil Wayne,"rap, hip hop",Hip Hop,Tha Carter V,2018-09-28,3ZVw1HR1QAQoKBygbhG4CE,"Young Money Records, Inc.",USUG11802102,3640218,55Aa2cqylxrFIXC767Z865
Open Letter,Lil Wayne,"rap, hip hop",Hip Hop,Tha Carter V,2018-09-28,2DnH4XlEkghUdE8ymdVom5,"Young Money Records, Inc.",USUG11802111,8228373,55Aa2cqylxrFIXC767Z865
Dope Niggaz (feat. Snoop Dogg),"Lil Wayne, Snoop Dogg","rap, hip hop, g-funk, west coast hip hop, gangster rap",Hip Hop,Tha Carter V,2018-09-28,2AwyHlbA6f641SEkizD5JG,"Young Money Records, Inc.",USUG11802115,8587983,"55Aa2cqylxrFIXC767Z865, 7hJcb9fa4alzcOq3EaNPoG"
Famous (feat. Reginae Carter),"Lil Wayne, Reginae Carter","rap, hip hop, ",Hip Hop,Tha Carter V,2018-09-28,05r1GGg1Rhs0RcUg27C82a,"Young Money Records, Inc.",USUG11802112,9540689,"55Aa2cqylxrFIXC767Z865, 66jpZDjMcxF3SfDfwK7GXe"
Problems,Lil Wayne,"rap, hip hop",Hip Hop,Tha Carter V,2018-09-28,0ubdf6zWT1It2saK41SkO0,"Young Money Records, Inc.",USUG11802114,6637494,55Aa2cqylxrFIXC767Z865
Hittas,Lil Wayne,"rap, hip hop",Hip Hop,Tha Carter V,2018-09-28,5s6pKnF3ZPtuqvEx1i1V7U,"Young Money Records, Inc.",USUG11802116,6284294,55Aa2cqylxrFIXC767Z865
Open Safe,Lil Wayne,"rap, hip hop",Hip Hop,Tha Carter V,2018-09-28,7EgI0dCaQuHFe3OTj5EpWI,"Young Money Records, Inc.",USUG11802118,5948507,55Aa2cqylxrFIXC767Z865
Took His Time,Lil Wayne,"rap, hip hop",Hip Hop,Tha Carter V,2018-09-28,1Dk3CfJEtqvj7Xg2AWwfEn,"Young Money Records, Inc.",USUG11802117,5760063,55Aa2cqylxrFIXC767Z865
Shallow,"Lady Gaga, Bradley Cooper","art pop, pop, ",Pop,Shallow,2018-09-27,5lK18Pt33xNudq4qYDxIm8,A Star is Born OST,USUM71813192,7345076,"1HY2Jd0NmPuamShAr6KMms, 4VIvfOurcf0vuLRxLkGnIG"
Start This Shit Off Right (feat. Ashanti & Mack Maine),"Lil Wayne, Ashanti, Mack Maine","rap, hip hop, r&b, ","Hip Hop, R&B",Tha Carter V,2018-09-28,6wqWfSOZvTK18SAczoYm1L,"Young Money Records, Inc.",USUG11802119,3758080,"55Aa2cqylxrFIXC767Z865, 5rkVyNGXEgeUqKkB5ccK83, 18AOdS1Qw4XXnQSiPJQr1B"
Demon,Lil Wayne,"rap, hip hop",Hip Hop,Tha Carter V,2018-09-28,1kaxyXcAi5ZHF3Q94QXsHK,"Young Money Records, Inc.",USUG11802120,3721574,55Aa2cqylxrFIXC767Z865
Mess,Lil Wayne,"rap, hip hop",Hip Hop,Tha Carter V,2018-09-28,6y4pOReFqH2wzo4CV91cZC,"Young Money Records, Inc.",USUG11802121,4454553,55Aa2cqylxrFIXC767Z865
Used 2,Lil Wayne,"rap, hip hop",Hip Hop,Tha Carter V,2018-09-28,68lOQPb5tX8U2cQRuas0L2,"Young Money Records, Inc.",USUG11802124,4304865,55Aa2cqylxrFIXC767Z865
Let It All Work Out,Lil Wayne,"rap, hip hop",Hip Hop,Tha Carter V,2018-09-28,3BUWNzPWz2mDbptZmGEXpB,"Young Money Records, Inc.",USUG11802148,5177064,55Aa2cqylxrFIXC767Z865
Dope New Gospel (feat. Nivea),"Lil Wayne, Nivea","rap, hip hop, ",Hip Hop,Tha Carter V,2018-09-28,7cG6SxmQ24hQWnR8UThrk2,"Young Money Records, Inc.",USUG11802122,3287656,"55Aa2cqylxrFIXC767Z865, 15Dh5PvHQj909E0RgAe0aN"
Perfect Strangers,Lil Wayne,"rap, hip hop",Hip Hop,Tha Carter V,2018-09-28,4E3qImtJzRqLt8ZZyLceOE,"Young Money Records, Inc.",USUG11802123,3369014,55Aa2cqylxrFIXC767Z865
Lost In Japan - Remix,"Shawn Mendes, Zedd","pop, edm","Electronic, Pop",Lost In Japan (Remix),2018-09-27,575NJxNUVDqwJGdzBrlLbv,Island Records,USUM71813582,28020450,"7n2wHs1TKAczGzO7Dd2rGr, 2qxJFvFYMEDqd7ui6kSAcq"
"If I'm Lyin, I'm Flyin",Kodak Black,,,"If I'm Lyin, I'm Flyin",2018-09-28,2uMTscYuCT3BZ0OCzH3MwN,Atlantic Records,USAT21811276,6750395,46SHBwWsqBkxI7EeeBEQG7
Everybody Dies,Logic,,,YSIV,2018-09-28,2Egoo3acImq7hV6TfYV90E,Def Jam Recordings,USUM71813549,1749157,4xRYI6VqpkE3UwrDrAZL8L
"Wu Tang Forever (ft. Ghostface Killah, Raekwon, RZA, Method Man, Inspectah Deck, Cappadonna, Jackpot Scotty Wotty, U-God, Masta Killa, GZA)","Logic, Ghostface Killah, Raekwon, RZA, Method Man, Inspectah Deck, Cappadonna, Jackpot Scotty Wotty, U-God, Masta Killa, GZA","east coast hip hop, hardcore hip hop, hip hop, boom bap",Hip Hop,YSIV,2018-09-28,6VDz4m1vEGHDDqQojf1mpc,Def Jam Recordings,USUM71815323,2395976,"4xRYI6VqpkE3UwrDrAZL8L, 6FD0unjzGQhX3b6eMccMJe, 2yQf6b8hxahZaT5dHlWaB1, 4iCwCMnqsNZ6atvRiADgtn, 4VmEWwd8y9MCLwexFMdpwt, 4OBbOrkD4geIjOLrICN3wO, 0dS5xeDefwoUNasLUHnCjR, 09XH5qagU5qcWhYXcQYsjX, 0G070wUUUBptmqGEKAAUVx, 0ME1RawvWt3qOJnYnxVqeh, 6ns6XAOsw4B0nDUIovAOUO"
100 Miles and Running (ft. Wale & John Lindahl),"Logic, Wale, John Lindahl",,,YSIV,2018-09-28,4CstQ0SUkl0YkoeZkIZlIx,Def Jam Recordings,USUM71815294,1725745,"4xRYI6VqpkE3UwrDrAZL8L, 67nwj3Y5sZQLl72VNUHEYE, 2ei3ToTz5SL3pVp17X0Vkd"
There's No Way (feat. Julia Michaels),"Lauv, Julia Michaels",,,There's No Way (feat. Julia Michaels),2018-09-27,2hnxrRNzF74mdDzpQZQukQ,Lauv,GBKPL1821527,55207537,"5JZ7CnR6gTvEMKX4g70Amv, 0ZED1XzwlLHW4ZaG4lOT6m"
ICONIC (ft. Jaden Smith),"Logic, Jaden",,,YSIV,2018-09-28,1FmdAhS8FqRoEJ4jcSfuKZ,Def Jam Recordings,USUM71815309,3518124,"4xRYI6VqpkE3UwrDrAZL8L, 0xOeVMOz2fVg5BJY3N6akT"
Thank You (ft. Lucy Rose & The RattPack),"Logic, Lucy Rose, The RattPack",,,YSIV,2018-09-28,4ut9fdC5ncgcvCo0KaphNY,Def Jam Recordings,USUM71815285,979778,"4xRYI6VqpkE3UwrDrAZL8L, 2uvY5pgdD9t1CZ5zMNw1rl, 3Ll0OyHvpoQmGP9TMQAhKV"
The Return,Logic,,,YSIV,2018-09-28,5ZcMWSpUeUPvO87FkSZbJB,Def Jam Recordings,USUM71812555,1554737,4xRYI6VqpkE3UwrDrAZL8L
The Glorious Five,Logic,,,YSIV,2018-09-28,066QkK1heGoXBUPBbcOhEG,Def Jam Recordings,USUM71815289,932263,4xRYI6VqpkE3UwrDrAZL8L
YSIV,Logic,,,YSIV,2018-09-28,3irKogkH8P1B1nONmEcHgY,Def Jam Recordings,USUM71815302,1542023,4xRYI6VqpkE3UwrDrAZL8L
Ordinary Day (ft. Hailee Steinfeld),"Logic, Hailee Steinfeld",,,YSIV,2018-09-28,2zIAPysksDdMAiG33qH6kW,Def Jam Recordings,USUM71815299,832873,"4xRYI6VqpkE3UwrDrAZL8L, 5p7f24Rk5HkUZsaS3BLG5F"
One Day (ft. Ryan Tedder),"Logic, Ryan Tedder",,,YSIV,2018-09-28,7rKKh8AGVXuNXgLBpTBTFH,Def Jam Recordings,USUM71810248,784964,"4xRYI6VqpkE3UwrDrAZL8L, 4we5S2VLjgY9KzIzApL1KI"
Diamond Heart,"Alan Walker, Sophia Somajo",,,Diamond Heart,2018-09-28,4J4zx8xGJpuGndrVc06KaT,Kreatell Music,NOG841809010,36894557,"7vk5e3vY1uw9plTHJAMwjN, 5T8zbK3dic52T9bFu0aY8z"
"Tied Up (feat. Mr Eazi, RAYE and Jake Gosling)","Major Lazer, Mr Eazi, RAYE, Jake Gosling","moombahton, afrobeats, afrobeat, afropop, azonto, afroswing, hiplife, dancehall, ","Traditional music, R&B, Pop, Electronic",Tied Up...Orkant/Balance Pon It...,2018-09-26,0zC401uLD0oQFxeM4QW1dk,Because Music,QMUY41800213,660451,"738wLrAtLtCtFOLvQBXOXp, 4TAoP0f9OuWZUesao43xUW, 5KKpBU5eC2tJDzf0wmlRp2, 20twLKFb2Nhd8duUH0k2DJ"
Love No More,"Loud Luxury, anders",,,Love No More,2018-08-31,15fZrZhdK0g1BS9sDeW6sD,Armada,NLF711809207,8910474,"6t1gpxYbY8OlLA7D2RiikQ, 6G1yTgvoYsuVb2Ja8cVVJ2"
Dark Side Of The Moon (feat. Nicki Minaj),"Lil Wayne, Nicki Minaj","rap, hip hop, ",Hip Hop,Tha Carter V,2018-09-27,00mrTzjxIRuWJY01sRBJmO,"Young Money Records, Inc.",USUG11802131,877954,"55Aa2cqylxrFIXC767Z865, 0hCNtLu0JehylgoiP8L4Gh"
You Say,Lauren Daigle,"christian, worship, ccm, pop worship","Pop, Hip Hop",Look Up Child,2018-09-07,3ngc7rGlfeFaskU90EWl4R,Centricity Music (CEY),US8391800158,1168776,40LHVA5BTQp9RxHOQ9JPYj
Drip Too Hard (Lil Baby & Gunna),"Lil Baby, Gunna",melodic rap,Hip Hop,Drip Harder,2018-10-05,78QR3Wp35dqAhFEc2qAGjE,"Quality Control Music/Young Stoner Life Records, a 300 Entertainment Label/Motown Records/Capitol Records",USUG11801811,172302469,"5f7VJjfbwm532GiveGC0ZK, 2hlmm7s2ICUX0LVIhVFlZQ"
Without Me,Halsey,,,Without Me,2018-10-04,5p7ujcrUXASCNwRaWNHR1C,Capitol Records,USUM71813499,262839190,26VFTg2z8YR0cCuwLzESi2
STOOPID,"6ix9ine, Bobby Shmurda",,,STOOPID,2018-10-05,1jQvUmf16VE9WQCPuK2e8K,"TenThousand Projects, LLC",QMEU31819472,64283904,"7gZfnEnfiaHzxARJ2LeXrf, 34Y0ldeyUv7jBvukWOGASO"
"Never Recover (Lil Baby & Gunna, Drake)","Lil Baby, Gunna, Drake","melodic rap, rap, hip hop",Hip Hop,Drip Harder,2018-10-05,6wWaVoUOzLQJHd3bWAUpdZ,"Quality Control Music/Young Stoner Life Records, a 300 Entertainment Label/Motown Records/Capitol Records",USUG11801946,83678513,"5f7VJjfbwm532GiveGC0ZK, 2hlmm7s2ICUX0LVIhVFlZQ, 3TVXtAsR1Inumwj472S9r4"
Mo Bamba,Sheck Wes,,,MUDBOY,2018-10-05,1xzBco0xcoJEDXktl7Jxrr,Cactus Jack Records/ G.O.O.D. Music/ Interscope Records,QM24S1703585,190941636,2RDOrhPqAM4jzTRCEb19qX
Morph,Twenty One Pilots,,,Trench,2018-10-05,01vv2AjxgP4uUyb8waYO5Y,Fueled By Ramen,USAT21810685,11363367,3YQKmKGau1PzlVlkL1iodx
Shallow,"Lady Gaga, Bradley Cooper","art pop, pop, ",Pop,A Star Is Born Soundtrack,2018-10-05,2VxeLyX666F8uXCJ0dZF8B,A Star is Born OST,USUM71813192,226657432,"1HY2Jd0NmPuamShAr6KMms, 4VIvfOurcf0vuLRxLkGnIG"
Off White VLONE (Lil Baby & Gunna feat. Lil Durk & NAV),"Lil Baby, Gunna, Lil Durk, NAV","melodic rap, drill",Hip Hop,Drip Harder,2018-10-05,6PoKfDY78ih5OveWirggRX,"Quality Control Music/Young Stoner Life Records, a 300 Entertainment Label/Motown Records/Capitol Records",USUG11801942,3912954,"5f7VJjfbwm532GiveGC0ZK, 2hlmm7s2ICUX0LVIhVFlZQ, 3hcs9uc56yIGFCSy9leWe7, 7rkW85dBwwrJtlHRDkJDAC"
My Blood,Twenty One Pilots,,,Trench,2018-10-05,5HeKOKc4phmLn8e4I7EkzD,Fueled By Ramen,USAT21810686,17804955,3YQKmKGau1PzlVlkL1iodx
Chlorine,Twenty One Pilots,,,Trench,2018-10-05,23OXdR7YuUBVWh5hSnYJau,Fueled By Ramen,USAT21810687,9498218,3YQKmKGau1PzlVlkL1iodx
Tints (feat. Kendrick Lamar),"Anderson .Paak, Kendrick Lamar","hip hop, west coast hip hop",Hip Hop,Tints (feat. Kendrick Lamar),2018-10-04,1gnwGVoG7V08vMX3hyr90x,Aftermath,ZZOPM1800659,5532215,"3jK9MiCrA42lLAdMGUZpwa, 2YZyLoL8N0Wb9xBt1NhZWg"
Jumpsuit,Twenty One Pilots,,,Trench,2018-10-05,1E1uGhNdBe6Dddbgs2KqtZ,Fueled By Ramen,USAT21804142,5784410,3YQKmKGau1PzlVlkL1iodx
Business Is Business (Lil Baby & Gunna),"Lil Baby, Gunna",melodic rap,Hip Hop,Drip Harder,2018-10-05,7roKDmJDOzkpfGpUQJ5EnL,"Quality Control Music/Young Stoner Life Records, a 300 Entertainment Label/Motown Records/Capitol Records",USUG11801845,1928048,"5f7VJjfbwm532GiveGC0ZK, 2hlmm7s2ICUX0LVIhVFlZQ"
Smithereens,Twenty One Pilots,,,Trench,2018-10-05,5G6Gt9RtNaeIE418pd4yre,Fueled By Ramen,USAT21810688,4773972,3YQKmKGau1PzlVlkL1iodx
Neon Gravestones,Twenty One Pilots,,,Trench,2018-10-05,0sXvjZV7p4uvyPN4uQo3FH,Fueled By Ramen,USAT21810689,4692387,3YQKmKGau1PzlVlkL1iodx
The Hype,Twenty One Pilots,,,Trench,2018-10-05,7I3skNaQdvZSS7zXY2VHId,Fueled By Ramen,USAT21810690,3840769,3YQKmKGau1PzlVlkL1iodx
Nico and the Niners,Twenty One Pilots,,,Trench,2018-10-05,5SehvGGC53A7SZKCLXQcyt,Fueled By Ramen,USAT21804144,5391911,3YQKmKGau1PzlVlkL1iodx
Levitate,Twenty One Pilots,,,Trench,2018-10-05,2uBhGx3m5iJrtsql8Qk00j,Fueled By Ramen,USAT21804361,3696721,3YQKmKGau1PzlVlkL1iodx
Belly (Lil Baby & Gunna),"Lil Baby, Gunna",melodic rap,Hip Hop,Drip Harder,2018-10-05,1yQvL8SzbF5JCroRKk9F07,"Quality Control Music/Young Stoner Life Records, a 300 Entertainment Label/Motown Records/Capitol Records",USUG11801851,1059863,"5f7VJjfbwm532GiveGC0ZK, 2hlmm7s2ICUX0LVIhVFlZQ"
1999,"Charli xcx, Troye Sivan","hyperpop, art pop, ",Pop,1999,2018-10-05,05mAIVLkIWc2d1UBYZBCp8,Atlantic Records UK,GBAHS1800662,32852205,"25uiPmTg16RbhZWAqwLBy5, 3WGpXCj9YhhfX11TToZcXP"
Nummer unterdrückt,"Bonez MC, RAF Camora",german hip hop,Hip Hop,Palmen aus Plastik 2,2018-10-05,2SRVj6ceeIffVEm9NFyRHI,187 Strassenbande,DEUM71805106,2233685,"1aS5tqEs9ci5P9KD9tZWa6, 0Dvx6p8JDyzeOPGmaCIH1L"
Multi Millionaire (feat. Lil Uzi Vert),"Lil Pump, Lil Uzi Vert",melodic rap,Hip Hop,Multi Millionaire (feat. Lil Uzi Vert),2018-10-05,7q8cy4uoA2itYATsKeXhcq,Warner Records,USWB11802132,4771201,"3wyVrVrFCkukjdVIdirGVY, 4O15NlyKLIASxsJ0PrXPfz"
500 PS,"Bonez MC, RAF Camora",german hip hop,Hip Hop,Palmen aus Plastik 2,2018-10-05,4UOXo3xWnxYdTf3sFyRaUG,187 Strassenbande,DEUM71803991,6072337,"1aS5tqEs9ci5P9KD9tZWa6, 0Dvx6p8JDyzeOPGmaCIH1L"
Cut My Lip,Twenty One Pilots,,,Trench,2018-10-05,6gFtgkh8ShkrJn52Cbdhxy,Fueled By Ramen,USAT21810691,3470488,3YQKmKGau1PzlVlkL1iodx
Deep End (Lil Baby & Gunna),Lil Baby,,,Drip Harder,2018-10-05,16QjPRt5HYK0dnLGmGRCvf,"Quality Control Music/Young Stoner Life Records, a 300 Entertainment Label/Motown Records/Capitol Records",USUG11801944,948736,5f7VJjfbwm532GiveGC0ZK
Bandito,Twenty One Pilots,,,Trench,2018-10-05,5INKIG4QNuD4xq7qZcfPzp,Fueled By Ramen,USAT21810692,3469207,3YQKmKGau1PzlVlkL1iodx
Pet Cheetah,Twenty One Pilots,,,Trench,2018-10-05,7daBwTiPNOVgoMUG4SICgh,Fueled By Ramen,USAT21810693,2821635,3YQKmKGau1PzlVlkL1iodx
Kokain,"Bonez MC, RAF Camora, Gzuz",german hip hop,Hip Hop,Palmen aus Plastik 2,2018-10-05,4Bj3usjRTckEJARO0dLbDf,187 Strassenbande,DEUM71805105,3381223,"1aS5tqEs9ci5P9KD9tZWa6, 0Dvx6p8JDyzeOPGmaCIH1L, 5eioJDe26lOqkAMbuhzZYs"
World Is Yours (Lil Baby & Gunna),Gunna,melodic rap,Hip Hop,Drip Harder,2018-10-05,0p0jvYdazuWBMC8QacxpUH,"Quality Control Music/Young Stoner Life Records, a 300 Entertainment Label/Motown Records/Capitol Records",USUG11801855,903590,2hlmm7s2ICUX0LVIhVFlZQ
Polaroid,"Jonas Blue, Liam Payne, Lennon Stella","tropical house, ",Electronic,Polaroid,2018-10-05,1wsLHgXJ4SKIfd5ePSX1hD,Positiva,GBUM71806109,13218553,"1HBjj22wzbscIZ9sEb5dyf, 5pUo3fmmHT8bhCyHE52hA6, 1cZQSpDsxgKIX2yW5OR9Ot"
Legend,Twenty One Pilots,,,Trench,2018-10-05,1CDVadnneswMxi6gBqJTtC,Fueled By Ramen,USAT21810694,2606777,3YQKmKGau1PzlVlkL1iodx
I Am (Lil Baby & Gunna),"Lil Baby, Gunna",melodic rap,Hip Hop,Drip Harder,2018-10-05,3F57PtOdqRpD6euFYqtKXX,"Quality Control Music/Young Stoner Life Records, a 300 Entertainment Label/Motown Records/Capitol Records",USUG11801940,861888,"5f7VJjfbwm532GiveGC0ZK, 2hlmm7s2ICUX0LVIhVFlZQ"
Underdog (Lil Baby & Gunna),"Lil Baby, Gunna",melodic rap,Hip Hop,Drip Harder,2018-10-05,2Am26UXisQ91vBLYdqd7Pa,"Quality Control Music/Young Stoner Life Records, a 300 Entertainment Label/Motown Records/Capitol Records",USUG11801849,858217,"5f7VJjfbwm532GiveGC0ZK, 2hlmm7s2ICUX0LVIhVFlZQ"
Ja Mann!,"Bonez MC, RAF Camora",german hip hop,Hip Hop,Palmen aus Plastik 2,2018-10-05,4XHP5B63UsW0GniEx7oMHu,187 Strassenbande,DEUM71805108,827630,"1aS5tqEs9ci5P9KD9tZWa6, 0Dvx6p8JDyzeOPGmaCIH1L"
Close Friends (Lil Baby & Gunna),Lil Baby,,,Drip Harder,2018-10-05,5nzhL67GpF9szXWg5y509A,"Quality Control Music/Young Stoner Life Records, a 300 Entertainment Label/Motown Records/Capitol Records",USUG11801853,5709915,5f7VJjfbwm532GiveGC0ZK
Prominent,"Bonez MC, RAF Camora",german hip hop,Hip Hop,Palmen aus Plastik 2,2018-10-05,4JxvECbZ3Oes1eUrmhQNSH,187 Strassenbande,DEUM71805104,816231,"1aS5tqEs9ci5P9KD9tZWa6, 0Dvx6p8JDyzeOPGmaCIH1L"
Leave the City,Twenty One Pilots,,,Trench,2018-10-05,5HCXMBxZIVaVLXpyoqPM3g,Fueled By Ramen,USAT21810695,804008,3YQKmKGau1PzlVlkL1iodx
Kompanie,"Bonez MC, RAF Camora, Hanybal",german hip hop,Hip Hop,Palmen aus Plastik 2,2018-10-05,6Cy4jkukjKnIqGYkU7xCeF,187 Strassenbande,DEUM71805109,801843,"1aS5tqEs9ci5P9KD9tZWa6, 0Dvx6p8JDyzeOPGmaCIH1L, 2HdP7fpDiLWAvElYGg75gd"
My Jeans (Lil Baby & Gunna feat. Young Thug),"Lil Baby, Gunna, Young Thug","melodic rap, rap, trap",Hip Hop,Drip Harder,2018-10-05,4T7cJdrTRqOBESPYfvfj2x,"Quality Control Music/Young Stoner Life Records, a 300 Entertainment Label/Motown Records/Capitol Records",USUG11801847,775468,"5f7VJjfbwm532GiveGC0ZK, 2hlmm7s2ICUX0LVIhVFlZQ, 50co4Is1HCEo8bhOyUWKpn"
Von ihnen gelernt,"Bonez MC, RAF Camora",german hip hop,Hip Hop,Palmen aus Plastik 2,2018-10-05,3uMpllxUKlpuXHczoHJ0U5,187 Strassenbande,DEUM71805107,721882,"1aS5tqEs9ci5P9KD9tZWa6, 0Dvx6p8JDyzeOPGmaCIH1L"
Trust My Lonely,Alessia Cara,,,Trust My Lonely,2018-10-05,0qbfdprRS71e9up5pOmbQo,Def Jam Recordings,USUM71814361,719621,2wUjUUtkb5lvLKcGKsKqsR
Always Remember Us This Way,Lady Gaga,"art pop, pop",Pop,A Star Is Born Soundtrack,2018-10-05,74iZuPGwyL33VlTr6jTnab,A Star is Born OST,USUM71813195,15042493,1HY2Jd0NmPuamShAr6KMms
Born To Be Yours,"Kygo, Imagine Dragons","tropical house, ",Electronic,KYGO HITS COLLECTION 2018 - JAPAN ONLY EDITION,2018-10-10,4M3FO0ji6Lc8vwD1sgf1nc,Kygo,SEBGA1802355,37637643,"23fqKkggKUBHNkbKtXEls4, 53XhwfbYqKCa1cC15pYq2q"
MIA (feat. Drake),"Bad Bunny, Drake","reggaeton, trap latino, latin, urbano latino, rap, hip hop","Hip Hop, Latin",MIA (feat. Drake),2018-10-11,116H0KvKr2Zl4RPuVBruDO,OVO Sound/Warner Records,USWB11802236,301055099,"4q3ewBCX7sLwd24euuV69X, 3TVXtAsR1Inumwj472S9r4"
Tanta Falta,Bryant Myers,"trap latino, reggaeton, trap, urbano latino, dembow","Latin, Hip Hop",Tanta Falta,2018-10-10,0sPTfDSZgE3KvcvqaKPtEx,eOne Music,USKO11800840,11496779,6w9ToX5slZ4uIdmD17hJ3c
Está Rico,"Marc Anthony, Will Smith, Bad Bunny","salsa, salsa romantica, merengue, bachata, latin, reggaeton, trap latino, urbano latino",Latin,Está Rico,2018-09-28,2wRkBumdItthjYP9XknImg,Sony Music Latin,USSD11800332,35179866,"4wLXwxDeWQ8mtUIRPxGiD6, 41qil2VaGbD194gaEcmmyx, 4q3ewBCX7sLwd24euuV69X"
PPP,KEVIN ROLDAN,"reggaeton, trap latino, urbano latino",Latin,PPP,2018-09-07,1DcxnVNFAyVl2sDQ646pXS,UMLE - Latino,USUM71813232,54517471,1RBzGO6Nm3uyhUSxP7EDWO
ZEZE (feat. Travis Scott & Offset),"Kodak Black, Offset, Travis Scott",rap,Hip Hop,ZEZE (feat. Travis Scott & Offset),2018-10-12,7l3E7lcozEodtVsSTCkcaA,Atlantic Records,USAT21811523,190412340,"46SHBwWsqBkxI7EeeBEQG7, 4DdkRBBYG6Yk9Ka8tdJ9BW, 0Y5tJX1MQlPlqiwlOH1tJY"
PASS OUT (feat. 21 Savage),"Quavo, 21 Savage",,,QUAVO HUNCHO,2018-10-12,3edzl4zvKFi0D3iuF6cs2f,Quality Control Music/Motown Records/Capitol Records,USUG11801819,15868009,"0VRj0yCOv2FXJNP47XQnx5, 1URnnhqYAYcrqrcwql10ft"
Woman Like Me (feat. Nicki Minaj),"Little Mix, Nicki Minaj",,,Woman Like Me (feat. Nicki Minaj),2018-10-12,6rrTr2HEAzlpC4KWZxF3S1,Syco Music,GBHMU1800054,59489115,"3e7awlrlDSwF3iM0WBjGMp, 0hCNtLu0JehylgoiP8L4Gh"
FLIP THE SWITCH (feat. Drake),"Quavo, Drake","rap, hip hop",Hip Hop,QUAVO HUNCHO,2018-10-12,1rlIrbWboTRGeKfHhgbJRZ,Quality Control Music/Motown Records/Capitol Records,USUG11801831,6821154,"0VRj0yCOv2FXJNP47XQnx5, 3TVXtAsR1Inumwj472S9r4"
BIGGEST ALLEY OOP,Quavo,,,QUAVO HUNCHO,2018-10-12,6Q36XucqrejMId3RydVhch,Quality Control Music/Motown Records/Capitol Records,USUG11801815,3056314,0VRj0yCOv2FXJNP47XQnx5
RERUN (feat. Travis Scott),"Quavo, Travis Scott",rap,Hip Hop,QUAVO HUNCHO,2018-10-12,0JYAsQJWIuaYUvZGF1qapT,Quality Control Music/Motown Records/Capitol Records,USUG11801841,3051163,"0VRj0yCOv2FXJNP47XQnx5, 0Y5tJX1MQlPlqiwlOH1tJY"
WORKIN ME,Quavo,,,QUAVO HUNCHO,2018-10-12,4MAsYGSgxsaj73dC2lvFC4,Quality Control Music/Motown Records/Capitol Records,USUG11801633,20072347,0VRj0yCOv2FXJNP47XQnx5
LOSE IT (feat. Lil Baby),"Quavo, Lil Baby",,,QUAVO HUNCHO,2018-10-12,69PkhA9q3xCWU2CzoZnLAu,Quality Control Music/Motown Records/Capitol Records,USUG11801829,4832689,"0VRj0yCOv2FXJNP47XQnx5, 5f7VJjfbwm532GiveGC0ZK"
HUNCHO DREAMS,Quavo,,,QUAVO HUNCHO,2018-10-12,7pVzUPjJ83QojsVcOthmxP,Quality Control Music/Motown Records/Capitol Records,USUG11801817,1070622,0VRj0yCOv2FXJNP47XQnx5
Trip,Ella Mai,r&b,R&B,Ella Mai,2018-10-12,6CTWathupIiDs7U4InHnDA,10 Summers / Interscope PS,USUM71810720,33491362,7HkdQ0gt53LP4zmHsL0nap
GIVE IT TO EM (feat. Saweetie),"Quavo, Saweetie",,,QUAVO HUNCHO,2018-10-12,1kvt3N2KmoSAunaEJNrgNM,Quality Control Music/Motown Records/Capitol Records,USUG11801825,948471,"0VRj0yCOv2FXJNP47XQnx5, 6cK3NBO6uP7hh0oyuVELFl"
SHINE,Quavo,,,QUAVO HUNCHO,2018-10-12,1yHdfeCpeKPmSzQdfqHtq8,Quality Control Music/Motown Records/Capitol Records,USUG11801978,853552,0VRj0yCOv2FXJNP47XQnx5
All I Am,Jess Glynne,,,Always In Between (Deluxe),2018-10-12,5GNjiM8jZCgbqjHklAcT9e,Atlantic Records UK,GBAHS1800455,11034257,4ScCswdRlyA23odg9thgIO
CHAMPAGNE ROSÉ (feat. Madonna & Cardi B),"Quavo, Madonna, Cardi B",,,QUAVO HUNCHO,2018-10-12,2i4WKnGYntsN4jEvDjkKBE,Quality Control Music/Motown Records/Capitol Records,USUG11801821,820643,"0VRj0yCOv2FXJNP47XQnx5, 6tbjWDEIzxoDsBA1FuhfPW, 4kYSro6naA4h99UJvo89HB"
Thursday,Jess Glynne,,,Always In Between (Deluxe),2018-10-12,3ji4bcQugJj5B6NRGYDNwP,Atlantic Records UK,GBAHS1800454,819438,4ScCswdRlyA23odg9thgIO
KEEP THAT SHIT (feat. Takeoff),"Quavo, Takeoff",,,QUAVO HUNCHO,2018-10-12,2QApWGconWQE8BjaNfh7ik,Quality Control Music/Motown Records/Capitol Records,USUG11801837,810718,"0VRj0yCOv2FXJNP47XQnx5, 3EW0kQ1skZiK1NHg3Spt9J"
FUCK 12 (feat. Offset),"Quavo, Offset",,,QUAVO HUNCHO,2018-10-12,2jBQmxZpQxF8jJfEdjJ9Qv,Quality Control Music/Motown Records/Capitol Records,USUG11801827,780745,"0VRj0yCOv2FXJNP47XQnx5, 4DdkRBBYG6Yk9Ka8tdJ9BW"
I'm Still Here,Sia,,,I'm Still Here,2018-10-12,5KGTKwOePys7aH4o6EzXEP,Monkey Puzzle/Atlantic,USAT21811468,752482,5WUlDfRSoLAfcVSX1WnrxN
Fightclub (feat. Samra & AK Ausserkontrolle),"Capital Bra, Samra, AK AUSSERKONTROLLE",german hip hop,Hip Hop,Fightclub (feat. Samra & AK Ausserkontrolle),2018-10-12,3eMwf7uAEn1VJcmd12gMmi,Bushido,DEFZ71800064,1271633,"4WZGDpNwrC0vNQyl9QzF7d, 6h1s4i4XKIYv4ErDelLDN0, 07SFzTMeYf5P8Rd32a9Zzw"
HOW BOUT THAT?,Quavo,,,QUAVO HUNCHO,2018-10-12,7H0NHzIEzCoIENLC2o8Obj,Quality Control Music/Motown Records/Capitol Records,USUG11801813,700236,0VRj0yCOv2FXJNP47XQnx5
LOST (feat. Kid Cudi),"Quavo, Kid Cudi",,,QUAVO HUNCHO,2018-10-12,2H5CLUmtvo2VHEeWzMtUqW,Quality Control Music/Motown Records/Capitol Records,USUG11801823,684999,"0VRj0yCOv2FXJNP47XQnx5, 0fA0VVWsXO9YnASrzqfmYu"
Under Pressure,"Shawn Mendes, teddy<3","pop, ",Pop,Under Pressure,2018-09-25,2fLyikLZmHxW4XdToFpDdN,EMI,GBUM71806796,628538,"7n2wHs1TKAczGzO7Dd2rGr, 62FaS5AarFCrus8LxSVKKW"
I'll Never Love Again - Film Version - Radio Edit,"Lady Gaga, Bradley Cooper","art pop, pop, ",Pop,A Star Is Born Soundtrack (Without Dialogue),2018-10-05,3DKpA54hrFIdPN6AtL9HXa,A Star is Born OST,USUM71815946,15716024,"1HY2Jd0NmPuamShAr6KMms, 4VIvfOurcf0vuLRxLkGnIG"
Fine China,"Future, Juice WRLD","rap, melodic rap, emo rap",Hip Hop,Fine China,2018-10-15,2NRGaA1GyCmTYfm2GRPkUe,Epic/Freebandz/Grade A/Interscope,USSM11808143,2739460,"1RyvyyTE3xzB2ZywiAwp0i, 4MCBfE4596Uoi2O4DtmEMz"
when the party's over,Billie Eilish,,,when the party's over,2018-10-17,14JzyD6FlBD5z0wV5P07YI,Darkroom,USUM71815958,155362637,6qqNVTkY8uBg9cP3Jd7DAH
Consequences - orchestra,Camila Cabello,pop,Pop,Consequences (orchestra),2018-10-09,1ArLnG0bHaHPXqf08sEKM0,Syco Music/Epic,USSM11807751,16937156,4nDoRrQiYLoBzwC5BhVJzF
Look What I Found,Lady Gaga,"art pop, pop",Pop,A Star Is Born Soundtrack,2018-10-05,1l9G7M8gNyQsgOGWZGoQsT,A Star is Born OST,USUM71813196,5020830,1HY2Jd0NmPuamShAr6KMms
Sunflower - Spider-Man: Into the Spider-Verse,"Post Malone, Swae Lee",,,Sunflower (Spider-Man: Into the Spider-Verse),2018-10-18,1A6OTy97kk0mMdm78rHsm8,Universal Records,USUM71814888,178881268,"246dkjvS1zLTtiykXe5h60, 1zNqQNIdeOUZHb8zbZRFMX"
Better,Khalid,,,Suncity,2018-10-19,2OpBganfGk2GVdSlRdxzaX,"Right Hand Music Group, LLC/RCA Records",USRC11803179,24334814,6LuN9FCkKOj5PcnpouEgny
Fine China,"Future, Juice WRLD","rap, melodic rap, emo rap",Hip Hop,Future & Juice WRLD Present... WRLD ON DRUGS,2018-10-19,5274I4mUMnYczyeXkGDWZN,Epic/Freebandz/Grade A/Interscope,USSM11808143,70024079,"1RyvyyTE3xzB2ZywiAwp0i, 4MCBfE4596Uoi2O4DtmEMz"
Suncity (feat. Empress Of),"Khalid, Empress Of",,,Suncity,2018-10-18,4AhSkRYioEIfGvCV19peYN,"Right Hand Music Group, LLC/RCA Records",USRC11803519,53702017,"6LuN9FCkKOj5PcnpouEgny, 5QuBVnBPEzwYvFrgBbwpmU"
Kiss and Make Up,"Dua Lipa, BLACKPINK","pop, k-pop",Pop,Dua Lipa (Complete Edition),2015-00-00,13hvHEstJ4sNbzdroPrPI3,Warner Records,GBAHT1800505,117852259,"6M2wZ9GZgrQXHCFfjv46we, 41MozSoPIsD1dJM0CLPjZF"
Vertigo,Khalid,,,Suncity,2018-10-18,06GcodDliPWAYFX2LSFLIu,"Right Hand Music Group, LLC/RCA Records",USRC11803516,7823467,6LuN9FCkKOj5PcnpouEgny
Ruin My Life,Zara Larsson,,,Ruin My Life,2018-10-18,5tAa8Uaqr4VvA3693mbIhU,Epic/Record Company TEN,USSM11807704,103507308,1Xylc3o4UrD53lo9CvFvVg
Jet Lag (feat. Young Scooter),"Future, Juice WRLD, Young Scooter","rap, melodic rap, emo rap, trap",Hip Hop,Future & Juice WRLD Present... WRLD ON DRUGS,2018-10-19,2OsDoAzo5SGq10qwmKSQBv,Epic/Freebandz/Grade A/Interscope,USSM11808179,4834242,"1RyvyyTE3xzB2ZywiAwp0i, 4MCBfE4596Uoi2O4DtmEMz, 4cmA2QDPdzh8W2ytpyUGes"
Saturday Nights,Khalid,,,Suncity,2018-10-18,5kfNriitmkNE8mUbZ7gbq8,"Right Hand Music Group, LLC/RCA Records",USRC11803517,56637288,6LuN9FCkKOj5PcnpouEgny
Noticed,Lil Mosey,melodic rap,Hip Hop,Northsbest,2018-10-19,6JQvHMSaR8flFsN53ypOfP,Mogul Vision / Interscope PS,USUM71809565,55766402,5zctI4wO9XSKS8XwcnqEHk
Astronauts,"Future, Juice WRLD","rap, melodic rap, emo rap",Hip Hop,Future & Juice WRLD Present... WRLD ON DRUGS,2018-10-19,2vs5ubqg8QUbfyWZpMfvWe,Epic/Freebandz/Grade A/Interscope,USSM11808180,3012903,"1RyvyyTE3xzB2ZywiAwp0i, 4MCBfE4596Uoi2O4DtmEMz"
Motion,Khalid,,,Suncity,2018-10-18,1gOyBTO1fDLDTH8Ap12Wyp,"Right Hand Music Group, LLC/RCA Records",USRC11803518,3784641,6LuN9FCkKOj5PcnpouEgny
Red Bentley (feat. Young Thug),"Future, Juice WRLD, Young Thug","rap, melodic rap, emo rap, trap",Hip Hop,Future & Juice WRLD Present... WRLD ON DRUGS,2018-10-19,3fFBZvG777xoKyvcrBq7lc,Epic/Freebandz/Grade A/Interscope,USSM11808181,1703514,"1RyvyyTE3xzB2ZywiAwp0i, 4MCBfE4596Uoi2O4DtmEMz, 50co4Is1HCEo8bhOyUWKpn"
Make It Back,Juice WRLD,"melodic rap, emo rap",Hip Hop,Future & Juice WRLD Present... WRLD ON DRUGS,2018-10-19,2EhJijFUs0WUmNClDBpYJq,Epic/Freebandz/Grade A/Interscope,USSM11808182,1691370,4MCBfE4596Uoi2O4DtmEMz
Hard Work Pays Off,"Future, Juice WRLD","rap, melodic rap, emo rap",Hip Hop,Future & Juice WRLD Present... WRLD ON DRUGS,2018-10-19,6gzIcEUuswJQGfJNPYMjjv,Epic/Freebandz/Grade A/Interscope,USSM11808193,12656047,"1RyvyyTE3xzB2ZywiAwp0i, 4MCBfE4596Uoi2O4DtmEMz"
9.13,Khalid,,,Suncity,2018-10-18,1k0QMCm5kF3CBjCQ37vDLl,"Right Hand Music Group, LLC/RCA Records",USRC11803515,1094556,6LuN9FCkKOj5PcnpouEgny
Cry Alone,Lil Peep,"emo rap, cloud rap",Hip Hop,Cry Alone,2018-10-18,4uHscE8VF6F6mKU3ECjIKr,Columbia,USQX91802367,1059165,2kCcBybjl3SAtIcwdWpUe3
Get Dripped (feat. Playboi Carti),"Lil Yachty, Playboi Carti",rage rap,Hip Hop,Nuthin' 2 Prove,2018-10-19,3m2aDCqn8eT5ElXDUiboGU,Quality Control Music/Motown Records/Capitol Records,USUG11801948,5163064,"6icQOAFXDZKsumw3YXyusw, 699OTQXzgjhIYAHMy9RyPD"
Transformer (feat. Nicki Minaj),"Future, Nicki Minaj","rap, ",Hip Hop,Future & Juice WRLD Present... WRLD ON DRUGS,2018-10-19,2MfcvcvWSUkstTDZXYIakq,Epic/Freebandz/Grade A/Interscope,USSM11808192,1667493,"1RyvyyTE3xzB2ZywiAwp0i, 0hCNtLu0JehylgoiP8L4Gh"
Imposible,"Luis Fonsi, Ozuna","latin, reggaeton, trap latino, urbano latino",Latin,Imposible,2018-10-19,3ao3OVxHlb3C08vAaApUlm,UMLE - Latino,USUM71816407,79226234,"4V8Sr092TqfHkfAA5fXXqG, 1i8SpTcr7yvPOmcqrbnVXY"
Oxy (feat. Lil Wayne),"Future, Lil Wayne","rap, hip hop",Hip Hop,Future & Juice WRLD Present... WRLD ON DRUGS,2018-10-19,0nWMTq3fBceV1uZlhFn6of,Epic/Freebandz/Grade A/Interscope,USSM11808183,974687,"1RyvyyTE3xzB2ZywiAwp0i, 55Aa2cqylxrFIXC767Z865"
New Rules,Dua Lipa,pop,Pop,Dua Lipa (Complete Edition),2015-00-00,2xJCMIJfcNYDc5iR0sAm2O,Warner Records,GBAHT1600310,61594694,6M2wZ9GZgrQXHCFfjv46we
7 Am Freestyle,"Future, Juice WRLD","rap, melodic rap, emo rap",Hip Hop,Future & Juice WRLD Present... WRLD ON DRUGS,2018-10-19,1hHe7cirScEJWgAS0JFqTL,Epic/Freebandz/Grade A/Interscope,USSM11808184,947551,"1RyvyyTE3xzB2ZywiAwp0i, 4MCBfE4596Uoi2O4DtmEMz"
Salem's Interlude,Khalid,,,Suncity,2018-10-19,0v75ti1d2M6pd0sC42UNNN,"Right Hand Music Group, LLC/RCA Records",USRC11803520,946528,6LuN9FCkKOj5PcnpouEgny
Roli Glitzer Glitzer (feat. Luciano & Eno),"Capital Bra, Luciano, Eno",german hip hop,Hip Hop,Roli Glitzer Glitzer (feat. Luciano & Eno),2018-10-19,6Yocr5JJOjupv71R5uhye5,Bushido,DEFZ71800061,2604157,"4WZGDpNwrC0vNQyl9QzF7d, 3CJKkU0XuElRT1z8rEtIYg, 3GBBxBdoolb0B5YizZq9bF"
Realer N Realer,"Future, Juice WRLD","rap, melodic rap, emo rap",Hip Hop,Future & Juice WRLD Present... WRLD ON DRUGS,2018-10-19,4VMiNOpnjRwSCwmHaUfOMM,Epic/Freebandz/Grade A/Interscope,USSM11808187,868306,"1RyvyyTE3xzB2ZywiAwp0i, 4MCBfE4596Uoi2O4DtmEMz"
Different (feat. Yung Bans),"Future, Juice WRLD, Yung Bans","rap, melodic rap, emo rap, cloud rap",Hip Hop,Future & Juice WRLD Present... WRLD ON DRUGS,2018-10-19,3thLnNvO9IctWoccbsZyJV,Epic/Freebandz/Grade A/Interscope,USSM11808185,847580,"1RyvyyTE3xzB2ZywiAwp0i, 4MCBfE4596Uoi2O4DtmEMz, 6WkUZyqghQei2G809wMKuZ"
Blow That Smoke (feat. Tove Lo),"Major Lazer, Tove Lo","moombahton, ",Electronic,Major Lazer Essentials,2018-10-19,1wcYgcBH8WW1kXNezuFBqU,WM Australia,QMUY41800145,837748,"738wLrAtLtCtFOLvQBXOXp, 4NHQUGzhtTLFvgF5SZesLK"
Shorty,"Future, Juice WRLD","rap, melodic rap, emo rap",Hip Hop,Future & Juice WRLD Present... WRLD ON DRUGS,2018-10-19,5ExHDzOoOhC4xZGPh9zyQZ,Epic/Freebandz/Grade A/Interscope,USSM11808186,827219,"1RyvyyTE3xzB2ZywiAwp0i, 4MCBfE4596Uoi2O4DtmEMz"
It's Not Living (If It's Not With You),The 1975,,,It's Not Living (If It's Not With You),2018-10-18,0D4yVl9Pn45xW2s63MFCmT,Polydor Records,GBK3W1800838,816694,3mIj9lX2MWuHmhNCA7LSCW
Fingers,ZAYN,,,Fingers,2018-10-18,5rBZF2fl4Avi4K0tvrQ0YF,RCA Records Label,USRC11803497,806236,5ZsFI1h6hIdQRw2ti0hz81
WRLD On Drugs,"Future, Juice WRLD","rap, melodic rap, emo rap",Hip Hop,Future & Juice WRLD Present... WRLD ON DRUGS,2018-10-19,3xBHLZwRfi0fjO9euaj5zf,Epic/Freebandz/Grade A/Interscope,USSM11808189,797444,"1RyvyyTE3xzB2ZywiAwp0i, 4MCBfE4596Uoi2O4DtmEMz"
Ain't Livin Right (feat. Gunna),"Future, Juice WRLD, Gunna","rap, melodic rap, emo rap",Hip Hop,Future & Juice WRLD Present... WRLD ON DRUGS,2018-10-19,0JR7iZZ6Ql79sXW3rbiS3F,Epic/Freebandz/Grade A/Interscope,USSM11808191,718044,"1RyvyyTE3xzB2ZywiAwp0i, 4MCBfE4596Uoi2O4DtmEMz, 2hlmm7s2ICUX0LVIhVFlZQ"
Yacht Club (feat. Juice WRLD),"Lil Yachty, Juice WRLD","melodic rap, emo rap",Hip Hop,Nuthin' 2 Prove,2018-10-19,5R2rsbwCDXORX2tLfprRmM,Quality Control Music/Motown Records/Capitol Records,USUG11801956,1887040,"6icQOAFXDZKsumw3YXyusw, 4MCBfE4596Uoi2O4DtmEMz"
No Issue,"Future, Juice WRLD","rap, melodic rap, emo rap",Hip Hop,Future & Juice WRLD Present... WRLD ON DRUGS,2018-10-19,7L95O7D34EWhwtDCQkwGMR,Epic/Freebandz/Grade A/Interscope,USSM11808188,691132,"1RyvyyTE3xzB2ZywiAwp0i, 4MCBfE4596Uoi2O4DtmEMz"
SaintLaurentYSL (feat. Lil Baby),"Lil Yachty, Lil Baby",,,Nuthin' 2 Prove,2018-10-19,1Wc1SQwiThvSu9dMc5opth,Quality Control Music/Motown Records/Capitol Records,USUG11801958,676819,"6icQOAFXDZKsumw3YXyusw, 5f7VJjfbwm532GiveGC0ZK"
DrIP DrIp Drip (feat. Meek Mill),"Tory Lanez, Meek Mill",rap,Hip Hop,DrIP DrIp Drip,2018-10-19,39Bq9cOTO0H8M6P9iKLVdq,Mad Love/Interscope Records,USUM71815963,659766,"2jku7tDXc6XoB6MO2hFuqg, 20sxb77xiYeusSH8cVdatc"
"Standard (feat. Trettmann, Gringo, Ufo361 & Gzuz)","KITSCHKRIEG, Trettmann, Gzuz, GRiNGO, Ufo361","german hip hop, turkish hip hop",Hip Hop,"Standard (feat. Trettmann, Gringo, Ufo361 & Gzuz)",2018-10-19,4Nip6oiJU24LqcUEi7u19S,BMG Rights Management GmbH,DELV41801573,5513335,"5tHiL8SKSaZGMBUPIiSmX4, 6QzzeKV0VcnT2vJMYDPuL4, 5eioJDe26lOqkAMbuhzZYs, 5Sjj30aHCmKcM9SdVX7PBK, 5pVRwX5ZQR7hfJ18w8ZYkl"
Always Remember Us This Way,Lady Gaga,"art pop, pop",Pop,A Star Is Born Soundtrack (Without Dialogue),2018-10-05,2rbDhOo9Fh61Bbu23T2qCk,A Star is Born OST,USUM71813195,68812328,1HY2Jd0NmPuamShAr6KMms
Topanga,Trippie Redd,melodic rap,Hip Hop,Topanga,2018-10-22,3tcnWNjEXyXCbFR9zonrX2,"TenThousand Projects, LLC",QMEU31819473,12773008,6Xgp2XMz1fhVYe7i6yNAax
seoul (prod. HONNE),RM,"k-pop, k-rap","Pop, Hip Hop",mono.,2018-10-22,73ipE4lfZ53pvBbJPXkiEK,BIGHIT MUSIC / HYBE,QM6P41828291,568099,2auC28zjQyVTsiZKNgPRGs
Money,Cardi B,,,Money,2018-10-23,2GGMabyHXnJmjY6CXhhB2e,Atlantic/KSR,USAT21811495,73407548,4kYSro6naA4h99UJvo89HB
Expectations,Lauren Jauregui,,,Expectations,2018-10-24,1EXotCuzdXR34W1MoP6Um7,Columbia,USSM11807844,574919,3J0BpFVUc9LeOIVeN5uNhU
Waste It On Me (feat. BTS),"Steve Aoki, BTS","electro house, edm, k-pop","Electronic, Pop",Waste It On Me (feat. BTS),2018-10-25,2r1T6xGTVaNAqBoPH4lZEE,"Ultra Records, LLC",USUS11800312,15815234,"77AiFEVeAVj2ORpC85QVJs, 3Nrfpe0tUJi4K4DXYWgMUX"
Arms Around You (feat. Maluma & Swae Lee),"XXXTENTACION, Lil Pump, Swae Lee, Maluma","emo rap, reggaeton, latin, urbano latino","Hip Hop, Latin",Arms Around You (feat. Maluma & Swae Lee),2018-10-25,2LskIZrCeLxRvCiGP8gxlh,Warner Records,USWB11802264,168433468,"15UsOTVnJzReFVN1VCnxy4, 3wyVrVrFCkukjdVIdirGVY, 1zNqQNIdeOUZHb8zbZRFMX, 1r4hJ1h58CWwUQe3MxPuau"
Kamikaze,Lil Mosey,melodic rap,Hip Hop,Northsbest,2018-10-19,1iPBD72u3nAyFEeardYuBV,Mogul Vision / Interscope PS,USUM71813614,1148965,5zctI4wO9XSKS8XwcnqEHk
Close To Me (with Diplo) (feat. Swae Lee),"Ellie Goulding, Diplo, Swae Lee","moombahton, ",Electronic,Close To Me (feat. Swae Lee),2018-10-24,5JEx7HbmvHQQswJCsoo9rA,Polydor Records,GBUM71805350,88871215,"0X2BH1fck6amBIoJhDVmmJ, 5fMUXHkw8R8eOP2RNVYEZX, 1zNqQNIdeOUZHb8zbZRFMX"
Happy Now,"Kygo, Sandro Cavazza","tropical house, ",Electronic,Happy Now,2018-10-26,14sOS5L36385FJ3OL8hew4,Kygo,SEBGA1803418,78626210,"23fqKkggKUBHNkbKtXEls4, 5JYo7gm2dkyLLlWHjxS7Dy"
Love Someone,Lukas Graham,,,3 (The Purple Album),2018-10-26,0OCRwXbQRdOZ1OtB4Imsp1,Warner Records,USWB11801903,1292535,25u4wHJWxCA9vO0CzxAbK7
Checklist (with Calvin Harris) (feat. Wizkid),"Normani, Calvin Harris, Wizkid","edm, afrobeats, afrobeat, afropop, azonto, afroswing, afropiano, dancehall","Traditional music, R&B, Pop, Electronic",Normani x Calvin Harris,2018-10-21,5xesHO6GLWTrjsKOjAXRmf,Keep Cool/RCA Records,USRC11803546,5244432,"2cWZOOzeOm4WmBJRnD5R7I, 7CajNmpbOovFoOoasH2HaY, 3tVQdUvClmAT7URs9V3rsp"
SLOW DANCING IN THE DARK,Joji,,,BALLADS 1,2018-10-26,0rKtyWc8bvkriBthvHKY8d,88rising Music/Warner Records,ZZOPM1800452,12489133,3MZsBdqDrRTJihTHQrO6Dq
MiAMi (feat. Gunna),"Tory Lanez, Gunna",melodic rap,Hip Hop,LoVE me NOw,2018-10-26,6bMIExEulvwM2X6zsuiYwr,Mad Love/Interscope Records,USUM71815989,2784631,"2jku7tDXc6XoB6MO2hFuqg, 2hlmm7s2ICUX0LVIhVFlZQ"
Last Memory,Takeoff,,,Last Memory,2018-10-26,66XXCMX3Na7KNfm5e0tOVZ,Quality Control Music/Motown Records/Capitol Records,USUG11801773,4817451,3EW0kQ1skZiK1NHg3Spt9J
TEST DRIVE,Joji,,,BALLADS 1,2018-10-26,1DMEzmAoQIikcL52psptQL,88rising Music/Warner Records,ZZOPM1800561,1894526,3MZsBdqDrRTJihTHQrO6Dq
YEAH RIGHT,Joji,,,BALLADS 1,2018-10-26,1VGzxJnVQND7Cg5H5wGj14,88rising Music/Warner Records,USUYG1194991,1301118,3MZsBdqDrRTJihTHQrO6Dq
Siren,"The Chainsmokers, Aazar","bass house, edm trap","Electronic, Hip Hop",Sick Boy...Siren,2018-10-26,7Bvp5JUJiyUrMgvH4DR0wH,Disruptor Records/Columbia,USQX91802987,711908,"69GGBxA162lTqCwzJG5jLp, 7oNtf1MwhHcyXRsYXE1WsG"
Atrasadinha - Ao Vivo,"Felipe Araújo, Ferrugem","sertanejo, sertanejo universitário, pagode, arrocha, samba","Country, Latin",Por Inteiro (Primeira Metade) [Ao Vivo],2018-09-20,5EKHbW7mXcAR4hCyS3YXjb,Universal Music International Ltda.,BRUM71802663,24027436,"47uyFQHOD02S0lj9ptRpoB, 5ZfBThYiIIhL7jHMG8gDB2"
NO FUN,Joji,,,BALLADS 1,2018-10-26,4sbtM9ORGwmxGkXfctXbJq,88rising Music/Warner Records,ZZOPM1800566,659073,3MZsBdqDrRTJihTHQrO6Dq
CAN'T GET OVER YOU (feat. Clams Casino),"Joji, Clams Casino","cloud rap, witch house","Hip Hop, Electronic",BALLADS 1,2018-10-26,39oeKRgsLeynDIbWuXyA47,88rising Music/Warner Records,ZZOPM1800563,636424,"3MZsBdqDrRTJihTHQrO6Dq, 5vSQUyT33qxr1xAX2Tkf3A"
Cuando Nadie Ve,Morat,"colombian pop, latin pop",Pop,Balas Perdidas,2018-10-25,71iAechwVKGu26pahzFL0k,Universal Music Spain S.L.,ES5701800456,2354539,5C4PDR4LnhZTbVnKWXuDKD
Better,Khalid,,,Suncity,2018-10-18,6zeeWid2sgw4lap2jV61PZ,"Right Hand Music Group, LLC/RCA Records",USRC11803180,130780516,6LuN9FCkKOj5PcnpouEgny
Love Someone,Lukas Graham,,,3 (The Purple Album),2018-10-26,3id2EVGKc3eFAMn9nFnB0r,Copenhagen Records / Then We Take The World,USWB11801903,76355734,25u4wHJWxCA9vO0CzxAbK7
Thriller,Michael Jackson,,,Thriller 25 Super Deluxe Edition,2008-02-08,3S2R0EVwBSAVMd5UMgKTL0,Epic/Legacy,USSM19902989,4717271,3fMbdgg4jU18AjLCKBhRSm
Highway to Hell,AC/DC,"rock, hard rock, classic rock, rock and roll",Rock,Highway to Hell,1979-07-27,2zYzyRzz6pRmhPzyfMEC8s,Columbia,AUAP07900028,3166825,711MCceyCBcFnzjGY4Q7Un
Another One Bites The Dust - Remastered 2011,Queen,"classic rock, rock, glam rock",Rock,The Game (2011 Remaster),1980-06-27,5vdp5UmvTsnMEMESIF2Ym7,EMI,GBUM71029605,81049800,1dfeR4HaWDbWqFHLkxsg1d
Asesina,"Brytiago, Darell, Arevi","trap latino, reggaeton, urbano latino, trap, dembow, ","Latin, Hip Hop",Asesina,2018-05-10,56CvVCJYRQNWwM4vF4neCD,No Label Name B.V.,BGA671845201,7275971,"00XhexlJEXQstHimpZN910, 1TtXnWcUs0FCkaZDPGYHdf, 7B8bUnxkbByXXeCQIIUvIT"
Meer,Luciano,german hip hop,Hip Hop,Meer,2018-10-26,6hcqxx32EL884qpJXDstsA,Urban,DEUM71806501,1187822,3CJKkU0XuElRT1z8rEtIYg
Ghostbusters,Ray Parker Jr.,,,Arista Heritage Series: Ray Parker,2000-00-00,5PIB8aoUJoCRh1O5TEGdOj,Arista,USAR18400117,2390229,0NyzfcGDZZ6GM25EBG9BYK
Monster Mash,"Bobby (Boris) Pickett, The Crypt-Kickers",,,The Original Monster Mash,1962-00-00,0xxZY5C9xxij3D1HkzbnfC,Decca Music Group Ltd.,GBBBA7360050,914279,"42MRYPhQfcEXqb18dl5ERX, 4frDtYgwXXKkbyQzjOmJG5"
Zombie,The Cranberries,,,No Need To Argue,1994-10-03,2IZZqH4K02UIYg5EohpNHF,Island Records,USIR29400443,866065,7t0rwkOPGlDPEhaOcVtOt9
Disturbia,Rihanna,,,Good Girl Gone Bad: Reloaded,2007-03-31,30VrBsh1STRBoIrhQOAwzK,Def Jam Recordings,USUM70814476,840675,5pKCCKE2ajJHZ9KAiaK11H
This Is Halloween,The Citizens of Halloween,,,The Nightmare Before Christmas Special Edition (Original Motion Picture Soundtrack/Japan Release Version),2006-10-24,3TjhLjBbR74kY1MicLTD9n,Walt Disney Records,USWD10422982,830149,4LazDzEGshEUn9D2zbm6w2
(Don't Fear) The Reaper,Blue Öyster Cult,"classic rock, hard rock",Rock,Agents Of Fortune,1976-00-00,5QTxFnGygVM4jFQiBovmRo,Columbia,USSM17600477,815570,00tVTdpEhQQw1bqdu8RCx2
This Is Halloween,Marilyn Manson,"industrial metal, industrial rock, industrial, metal, nu metal","Rock, Metal",The Nightmare Before Christmas Special Edition (Original Motion Picture Soundtrack/Japan Release Version),2006-10-24,7zC3NyXdjzeebeKmXuGvHC,Walt Disney Records,USWD10629948,793624,2VYQTNDsvvKN9wmU5W7xpj
Starboy,"The Weeknd, Daft Punk","french house, electronic, electro","Hip Hop, Electronic",Starboy,2016-11-25,7MXVkk9YMctZqd1Srtv4MB,Universal Republic Records,USUG11600976,1344464,"1Xyo4u8uXC1ZmMpatF05PJ, 4tZwfgrHOc3mvqYlEYSvVi"
A Nightmare on My Street,DJ Jazzy Jeff & The Fresh Prince,,,"He's The DJ, I'm The Rapper",1988-03-29,2aRjuScpka878tUWOsLYpQ,Jive,USJI18800007,618623,1mG23iQeR29Ojhq89D5gbh
Under Pressure - Remastered 2011,"Queen, David Bowie","classic rock, rock, glam rock, art rock",Rock,Hot Space (2011 Remaster),1982-05-03,2fuCquhmrzHpu5xcA1ci9x,EMI,GBUM71029622,59848952,"1dfeR4HaWDbWqFHLkxsg1d, 0oSGxfWSnnOXhD2fKuz2Gy"
10 Freaky Girls (with 21 Savage),"Metro Boomin, 21 Savage",,,NOT ALL HEROES WEAR CAPES,2018-11-02,43lYaovU2FoeuBMNusVVVW,Republic Records,USUG11802481,23960652,"0iEtIxbK0KxaSlF7G42ZOp, 1URnnhqYAYcrqrcwql10ft"
Overdue (with Travis Scott),"Metro Boomin, Travis Scott",rap,Hip Hop,NOT ALL HEROES WEAR CAPES,2018-11-02,2mYDDUkBcgFNBqkWctyyuc,Republic Records,USUG11802479,6989120,"0iEtIxbK0KxaSlF7G42ZOp, 0Y5tJX1MQlPlqiwlOH1tJY"
Don't Come Out The House (with 21 Savage),"Metro Boomin, 21 Savage",,,NOT ALL HEROES WEAR CAPES,2018-11-02,1m6lqaLvUTxPjOo98fJH8U,Republic Records,USUG11802480,19397931,"0iEtIxbK0KxaSlF7G42ZOp, 1URnnhqYAYcrqrcwql10ft"
Space Cadet (feat. Gunna),"Metro Boomin, Gunna",melodic rap,Hip Hop,NOT ALL HEROES WEAR CAPES,2018-11-02,5gub2bpJRgJP4m4MliqtdV,Republic Records,USUG11802484,18218143,"0iEtIxbK0KxaSlF7G42ZOp, 2hlmm7s2ICUX0LVIhVFlZQ"
I Found You (with Calvin Harris),"benny blanco, Calvin Harris",edm,Electronic,I Found You (with Calvin Harris),2018-11-02,5sdb5pMhcK44SSLsj1moUh,Benny Blanco Solo Album PS,USUM71817583,31422742,"5CiGnKThu5ctn9pBxv7DGa, 7CajNmpbOovFoOoasH2HaY"
Dreamcatcher (feat. Swae Lee & Travis Scott),"Metro Boomin, Swae Lee, Travis Scott",rap,Hip Hop,NOT ALL HEROES WEAR CAPES,2018-11-02,6osMzmRHCVETbZMHceLRmh,Republic Records,USUG11802482,6111175,"0iEtIxbK0KxaSlF7G42ZOp, 1zNqQNIdeOUZHb8zbZRFMX, 0Y5tJX1MQlPlqiwlOH1tJY"
This Feeling (feat. Kelsea Ballerini),"The Chainsmokers, Kelsea Ballerini",country,Country,Sick Boy...Siren,2018-10-26,4edS9dC0JPBlSS4p4gMOT0,Disruptor Records/Columbia,USQX91802210,22148189,"69GGBxA162lTqCwzJG5jLp, 3RqBeV12Tt7A8xH3zBDDUF"
"No More (feat. Travis Scott, Kodak Black & 21 Savage)","Metro Boomin, Travis Scott, Kodak Black, 21 Savage","rap, ",Hip Hop,NOT ALL HEROES WEAR CAPES,2018-11-02,1HLL8X0LH20F6Z9SLXLIjr,Republic Records,USUG11802488,6515207,"0iEtIxbK0KxaSlF7G42ZOp, 0Y5tJX1MQlPlqiwlOH1tJY, 46SHBwWsqBkxI7EeeBEQG7, 1URnnhqYAYcrqrcwql10ft"
Machine,Imagine Dragons,,,Machine,2018-10-31,5ftQSVAHs7iqULWKQn0fjK,Kid Ina Korner / Interscope,USUM71816159,4336289,53XhwfbYqKCa1cC15pYq2q
10AM/Save The World (feat. Gucci Mane),"Metro Boomin, Gucci Mane","southern hip hop, rap, trap",Hip Hop,NOT ALL HEROES WEAR CAPES,2018-11-02,6qZANDqrSAvfuSjcxBP1PD,Republic Records,USUG11802478,1753680,"0iEtIxbK0KxaSlF7G42ZOp, 13y7CgLHjMVRMDqxdx0Xdo"
Up To Something (feat. Travis Scott & Young Thug),"Metro Boomin, Travis Scott, Young Thug","rap, melodic rap, trap",Hip Hop,NOT ALL HEROES WEAR CAPES,2018-11-02,27P4XoNXXEV4lTc3sB61RK,Republic Records,USUG11802538,2382626,"0iEtIxbK0KxaSlF7G42ZOp, 0Y5tJX1MQlPlqiwlOH1tJY, 50co4Is1HCEo8bhOyUWKpn"
Last Memory,Takeoff,,,The Last Rocket,2018-11-02,1fvCggAYrW0VtCljtqv4h2,Quality Control Music/Motown Records/Capitol Records,USUG11801773,4618966,3EW0kQ1skZiK1NHg3Spt9J
Baby (feat. MARINA & Luis Fonsi),"Clean Bandit, MARINA, Luis Fonsi",latin,Latin,Baby (feat. MARINA & Luis Fonsi),2018-11-02,1fLhGF1JfGQYj6EZLndD86,Atlantic Records UK,GBAHS1800640,4842341,"6MDME20pz9RveH9rEXvrOM, 6CwfuxIqcltXDGjfZsMd9A, 4V8Sr092TqfHkfAA5fXXqG"
Lesbian (feat. Gunna & Young Thug),"Metro Boomin, Gunna, Young Thug","melodic rap, rap, trap",Hip Hop,NOT ALL HEROES WEAR CAPES,2018-11-02,3tkFCUaISwablf9MJydsuB,Republic Records,USUG11802486,1585569,"0iEtIxbK0KxaSlF7G42ZOp, 2hlmm7s2ICUX0LVIhVFlZQ, 50co4Is1HCEo8bhOyUWKpn"
Casper,Takeoff,,,The Last Rocket,2018-11-02,1B4gJRq61xTs6r1O0Uq2iY,Quality Control Music/Motown Records/Capitol Records,USUG11801771,3598203,3EW0kQ1skZiK1NHg3Spt9J
Prima di ogni cosa,Fedez,,,Prima di ogni cosa,2018-11-02,0juSegsrO7siAAjlNATKV2,Epic,ITB001800555,906995,3pgCLfNbw5ozIfoNsvDU7i
"Only You (feat. WizKid, Offset & J Balvin)","Metro Boomin, J Balvin, Wizkid, Offset","reggaeton, latin, afrobeats, afrobeat, afropop, azonto, afroswing, afropiano, dancehall, ","Traditional music, R&B, Pop, Latin",NOT ALL HEROES WEAR CAPES,2018-11-02,0KPiSFlz5OUCgw7nwvhYWe,Republic Records,USUG11802487,1476660,"0iEtIxbK0KxaSlF7G42ZOp, 1vyhD5VmyZ7KMfW5gqLgo5, 3tVQdUvClmAT7URs9V3rsp, 4DdkRBBYG6Yk9Ka8tdJ9BW"
Dreamer,"Martin Garrix, Mike Yung","edm, electronica, progressive house, ",Electronic,Dreamer,2018-11-01,0wUxh6XMc698xPCfgBaPRV,Epic Amsterdam,NLM5S1800387,875026,"60d24wfXkVzDSfLS6hyCjZ, 4UffC3o3JiLSg7pa5DpQbp"
Dip (feat. Nicki Minaj),"Tyga, Nicki Minaj",,,Dip (feat. Nicki Minaj),2018-10-29,4hXDobvUaXyDFLnmecoY0z,Last Kings Music / EMPIRE,USUYG1223807,12209615,"5LHRHt1k9lMyONurDHEdrp, 0hCNtLu0JehylgoiP8L4Gh"
Somebody To Love - Remastered 2011,Queen,"classic rock, rock, glam rock",Rock,A Day At The Races (Deluxe Remastered Version),1976-12-10,6cFZ4PLC19taNlpl9pbGMf,Hollywood Records,GBUM71029613,61131824,1dfeR4HaWDbWqFHLkxsg1d
Only 1 (Interlude) (with Travis Scott),"Metro Boomin, Travis Scott",rap,Hip Hop,NOT ALL HEROES WEAR CAPES,2018-11-02,2kJAhu7mesSEkML8zviSNX,Republic Records,USUG11802485,843971,"0iEtIxbK0KxaSlF7G42ZOp, 0Y5tJX1MQlPlqiwlOH1tJY"
Borrowed Love (feat. Swae Lee & WizKid),"Metro Boomin, Swae Lee, Wizkid","afrobeats, afrobeat, afropop, azonto, afroswing, afropiano, dancehall","Traditional music, R&B, Pop",NOT ALL HEROES WEAR CAPES,2018-11-02,0McI9sOmkpfd4E72njtU0G,Republic Records,USUG11802483,2636828,"0iEtIxbK0KxaSlF7G42ZOp, 1zNqQNIdeOUZHb8zbZRFMX, 3tVQdUvClmAT7URs9V3rsp"
We Will Rock You - Remastered 2011,Queen,"classic rock, rock, glam rock",Rock,News Of The World (2011 Remaster),1977-10-28,4pbJqGIASGPr0ZpGpnWkDn,EMI,GBUM71029618,48003483,1dfeR4HaWDbWqFHLkxsg1d
She Gon Wink,Takeoff,,,The Last Rocket,2018-11-02,5oeKHrUHPT4lUKrDRVlWNp,Quality Control Music/Motown Records/Capitol Records,USUG11802217,811120,3EW0kQ1skZiK1NHg3Spt9J
Martian - Intro,Takeoff,,,The Last Rocket,2018-11-02,2YFIQqnq4dS67Ndz8Iel0b,Quality Control Music/Motown Records/Capitol Records,USUG11801986,740884,3EW0kQ1skZiK1NHg3Spt9J
Party For One,Carly Rae Jepsen,,,Party For One,2018-11-01,39YLC6osLe9btq1vpsDglx,Silent Records IGA,USUM71817605,727904,6sFIWsNpZYqfjUpaCgueju
Runaway,Lil Peep,"emo rap, cloud rap",Hip Hop,Runaway,2018-11-01,6W4f0lzPGSIKsbTRhNk8VI,Columbia,USQX91802365,712372,2kCcBybjl3SAtIcwdWpUe3
No Complaints (feat. Offset & Drake) (Bonus),"Metro Boomin, Offset, Drake","rap, hip hop",Hip Hop,NOT ALL HEROES WEAR CAPES,2018-11-02,304CtPEPYQS6hbM4CubVti,Republic Records,USUG11700928,709042,"0iEtIxbK0KxaSlF7G42ZOp, 4DdkRBBYG6Yk9Ka8tdJ9BW, 3TVXtAsR1Inumwj472S9r4"
Asesina - Remix,"Brytiago, Daddy Yankee, Ozuna, Darell, Anuel AA","trap latino, reggaeton, urbano latino, trap, latin, dembow","Latin, Hip Hop",Asesina (Remix),2018-10-31,59PYgzOiOjGDzjDT5N5oOX,Business Music/Duars Music,QM6P41831934,43870589,"00XhexlJEXQstHimpZN910, 4VMYDCV2IEDYJArk749S6m, 1i8SpTcr7yvPOmcqrbnVXY, 1TtXnWcUs0FCkaZDPGYHdf, 2R21vXR83lH98kGeO99Y66"
Mountains,"Sia, Diplo, Labrinth, LSD","moombahton, ",Electronic,Mountains,2018-11-01,4gnZPWL9c1ZunZuqc8Asbu,Records/Columbia,USQX91801800,683528,"5WUlDfRSoLAfcVSX1WnrxN, 5fMUXHkw8R8eOP2RNVYEZX, 2feDdbD5araYcm6JhFHHw7, 6IZ4ctovY9dl7bgHClAvKJ"
Allein,Capital Bra,german hip hop,Hip Hop,Allein,2018-11-02,4tW7mc0pab35DznfVlr3px,Bushido,DEFZ71800080,666187,4WZGDpNwrC0vNQyl9QzF7d
Ich liebe es (feat. XATAR & SAMY),"Capital Bra, XATAR, SAMY",german hip hop,Hip Hop,Allein,2018-11-02,71XGMPKmWtVxO7bGcGZhbn,Bushido,DEFZ71800070,657250,"4WZGDpNwrC0vNQyl9QzF7d, 6XFQvBHGEr3mRfOHcqPXv8, 3m785bWzNnoLuIJP88DUN1"
Ella Quiere Beber - Remix,"Anuel AA, Romeo Santos","reggaeton, trap latino, urbano latino, latin, bachata, bachata pop","Latin, Pop",Ella Quiere Beber (Remix),2018-11-02,2cYnZNzFRFK0H7vSNxPsUq,"Real Hasta La Muerte, LLC",QM6P41842818,75364141,"2R21vXR83lH98kGeO99Y66, 5lwmRuXgjX8xIwlnauTZIP"
Killer Queen - Remastered 2011,Queen,"classic rock, rock, glam rock",Rock,Sheer Heart Attack (Deluxe Remastered Version),1974-11-08,7GqWnsKhMtEW0nzki5o0d8,Hollywood Records,GBUM71029606,35438279,1dfeR4HaWDbWqFHLkxsg1d
Tempo,EXO,k-pop,Pop,DON’T MESS UP MY TEMPO – The 5th Album,2018-11-02,4EjUFjzi4ErWjklOA3Aslu,SM Entertainment,KRA301800481,1826873,3cjEqqelV9zb4BYE3qDQ4O
"thank u, next",Ariana Grande,pop,Pop,"thank u, next",2018-11-03,2rPE9A1vEgShuZxxzR2tZH,Universal Records,USUM71819361,354759269,66CXWjxzNUsdJxJ2JdwvnR
All I Want for Christmas Is You,Mariah Carey,christmas,Jazz,Merry Christmas,1994-10-28,0bYg9bo50gSsH3LtXe2SQn,Columbia,USSM19400325,147933460,4iHNK0tOyZPYnBU7nGAgpQ
POP/STARS,"K/DA, Madison Beer, (G)I-DLE, Jaira Burns, League of Legends","k-pop, ",Pop,POP/STARS,2018-11-03,5sbooPcNgIE22DwO0VNGUJ,Riot Games,NLRD51859885,18919213,"4gOc8TsQed9eqnqJct2c5v, 2kRfqPViCqYdSGhYSM9R0Q, 2AfmfGFbe0A0WsTYm0SDTx, 0tRFWXqKBBQcu5oFVOgVzX, 47mIJdHORyRerp4os813jD"
Crazy Little Thing Called Love - Remastered 2011,Queen,"classic rock, rock, glam rock",Rock,The Game (2011 Remaster),1980-06-27,6xdLJrVj4vIXwhuG8TMopk,EMI,GBUM71029612,12763170,1dfeR4HaWDbWqFHLkxsg1d
We Are The Champions - Remastered 2011,Queen,"classic rock, rock, glam rock",Rock,News Of The World (2011 Remaster),1977-10-28,1lCRw5FEZ1gPDNPzy1K4zW,EMI,GBUM71029619,14523707,1dfeR4HaWDbWqFHLkxsg1d
Thunderclouds,"Sia, Diplo, Labrinth, LSD","moombahton, ",Electronic,Mountains,2018-11-01,2c7GlMNmF7pbohjykutmLP,Records/Columbia,USQX91801532,42147957,"5WUlDfRSoLAfcVSX1WnrxN, 5fMUXHkw8R8eOP2RNVYEZX, 2feDdbD5araYcm6JhFHHw7, 6IZ4ctovY9dl7bgHClAvKJ"
Adan y Eva,Paulo Londra,"argentine trap, trap latino, reggaeton","Hip Hop, Latin",Adan y Eva,2018-11-05,6FyRXC8tJUh863JCkyWqtk,WEA Latina,USWL11801206,116947703,3vQ0GE3mI0dAaxIMYe5g7z
Créeme,"KAROL G, Maluma","reggaeton, latin, urbano latino",Latin,Créeme,2018-11-02,1mT47pKLXUwPYGwB91GcNz,UMLE - Latino,USUM71817050,14345088,"790FomKkXshlbRYZFtlgla, 1r4hJ1h58CWwUQe3MxPuau"
Bubalu,"Becky G, Prince Royce, DJ Luian, Mambo Kingz, Anuel AA","reggaeton, latin, bachata, bachata pop, trap latino, urbano latino","Latin, Pop",Bubalu,2018-11-06,7dNwJbsT0sg1le5kVugGJb,Hear This Music,QZ7B81700010,56181872,"4obzFoKoKRHIphyHzJ35G3, 3MHaV05u0io8fQbZ2XPtlC, 64aJYyrXljOodnUG6jvhRD, 2T1aUibqR2QC2sINIDQOAK, 2R21vXR83lH98kGeO99Y66"
What Lovers Do,"Maroon 5, SZA","pop, r&b","Pop, R&B",Red Pill Blues (Deluxe),2017-11-03,0WdGQhoAP2LBsqr5Jhit2g,Interscope Records*,USUM71709292,13996154,"04gDigrS5kc9YWfZHwBETP, 7tYKF4w9nC0nq9CsPZTHyP"
BAD!,XXXTENTACION,emo rap,Hip Hop,BAD!,2018-11-09,4CH66Rxcjcj3VBHwmIBj4T,Bad Vibes Forever / EMPIRE,USUYG1225643,60241211,15UsOTVnJzReFVN1VCnxy4
Bad Liar,Imagine Dragons,,,Origins (Deluxe),2018-11-09,2RSHsoi04658QL5xgQVov3,Kid Ina Korner / Interscope,USUM71816161,81272986,53XhwfbYqKCa1cC15pYq2q
Natural,Imagine Dragons,,,Origins (Deluxe),2018-11-09,2FY7b99s15jUprqC0M5NCT,Kid Ina Korner / Interscope,USUM71806694,73609009,53XhwfbYqKCa1cC15pYq2q
Falling Down - Bonus Track,"Lil Peep, XXXTENTACION","emo rap, cloud rap",Hip Hop,"Come Over When You're Sober, Pt. 2",2018-11-09,4jvjzW7Hm0yK4LvvE0Paz9,Columbia,USQX91802294,73735870,"2kCcBybjl3SAtIcwdWpUe3, 15UsOTVnJzReFVN1VCnxy4"
Armed And Dangerous,Juice WRLD,"melodic rap, emo rap",Hip Hop,Armed And Dangerous,2018-11-09,6SAKXCj5jyF6IgPCPbZ5ra,Juice WRLD Mixtape / ISR P&D,USUG11802039,39970425,4MCBfE4596Uoi2O4DtmEMz
Topanga,Trippie Redd,melodic rap,Hip Hop,A Love Letter To You 3,2018-11-09,5aXgz1oKK8Q9z9xvTmSnrO,"TenThousand Projects, LLC",QMEU31819473,41934794,6Xgp2XMz1fhVYe7i6yNAax
Sex with My Ex,Lil Peep,"emo rap, cloud rap",Hip Hop,"Come Over When You're Sober, Pt. 2",2018-11-09,0H1Had94fszD13qsFsP1U5,Columbia,USQX91802366,4965224,2kCcBybjl3SAtIcwdWpUe3
Machine,Imagine Dragons,,,Origins (Deluxe),2018-11-09,4uGY9CqDtGtaTTLg1cgsWD,Kid Ina Korner / Interscope,USUM71816159,4931173,53XhwfbYqKCa1cC15pYq2q
1400 / 999 Freestyle,"Trippie Redd, Juice WRLD","melodic rap, emo rap",Hip Hop,A Love Letter To You 3,2018-11-09,75lcPkAkUsKWHGBlGM476R,"TenThousand Projects, LLC",QMEU31819746,17529294,"6Xgp2XMz1fhVYe7i6yNAax, 4MCBfE4596Uoi2O4DtmEMz"
Rise,"Jonas Blue, Jack & Jack","tropical house, ",Electronic,Blue,2018-11-09,3KLygy1YWhmrQx0GRs7IOx,Positiva,GBUM71802109,49884569,"1HBjj22wzbscIZ9sEb5dyf, 1INuLZXjjVbcJRyWvD1iSq"
CABRIOLET (feat. Sfera Ebbasta),"Salmo, Sfera Ebbasta","italian trap, trap",Hip Hop,Playlist,2018-11-09,7wC76LWyNxaP3hjGzbWOcN,Epic,ITB001800501,4891154,"3hBQ4zniNdQf1cqqo6hzuW, 23TFHmajVfBtlRx5MXqgoz"
Life is Beautiful,Lil Peep,"emo rap, cloud rap",Hip Hop,"Come Over When You're Sober, Pt. 2",2018-11-09,5rYpwP1dHWGVMrSZbTmt3e,Columbia,USQX91802370,4844480,2kCcBybjl3SAtIcwdWpUe3
STAI ZITTO (feat. Fabri Fibra),"Salmo, Fabri Fibra",italian trap,Hip Hop,Playlist,2018-11-09,2rgOAX5Cj3pk8JFnaPwJbd,Epic,ITB001800496,4711224,"3hBQ4zniNdQf1cqqo6hzuW, 7u710e44HW3K7A5eTnRqHC"
Zero - From the Original Motion Picture  Ralph Breaks The Internet ,Imagine Dragons,,,Origins (Deluxe),2018-11-09,2bzitsPcImYC6DZWvvLCQi,Kid Ina Korner / Interscope,USWD11890242,5737528,53XhwfbYqKCa1cC15pYq2q
Runaway,Lil Peep,"emo rap, cloud rap",Hip Hop,"Come Over When You're Sober, Pt. 2",2018-11-09,1FBi1YWCAxlRmfuUbMINqO,Columbia,USQX91802365,3804442,2kCcBybjl3SAtIcwdWpUe3
Toxic Waste,Trippie Redd,melodic rap,Hip Hop,A Love Letter To You 3,2018-11-09,1SxagO9GK0UUeEYLmH8Pln,"TenThousand Projects, LLC",QMEU31819736,1785035,6Xgp2XMz1fhVYe7i6yNAax
Broken Smile (My All),Lil Peep,"emo rap, cloud rap",Hip Hop,"Come Over When You're Sober, Pt. 2",2018-11-09,1BCBBO8VUEFOb6RBct4XDp,Columbia,USQX91802364,3045331,2kCcBybjl3SAtIcwdWpUe3
Boomerang,Imagine Dragons,,,Origins (Deluxe),2018-11-09,2B1fuWoWaYnCXbjYp1gXg5,Kid Ina Korner / Interscope,USUM71816158,1789642,53XhwfbYqKCa1cC15pYq2q
Love Scars 3,Trippie Redd,melodic rap,Hip Hop,A Love Letter To You 3,2018-11-09,0AcicReEGm1qcENjqzh1Tg,"TenThousand Projects, LLC",QMEU31819739,4447831,6Xgp2XMz1fhVYe7i6yNAax
Waste It On Me (feat. BTS),"Steve Aoki, BTS","electro house, edm, k-pop","Electronic, Pop",Neon Future III,2018-11-09,2J0X46UkpfLlWbuCXFgDLr,"Ultra Records, LLC",USUS11800289,24283613,"77AiFEVeAVj2ORpC85QVJs, 3Nrfpe0tUJi4K4DXYWgMUX"
Veneno,Anitta,"brazilian pop, funk pop, funk carioca, funk, pagode baiano","Pop, R&B, Hip Hop, Latin",Solo,2018-11-09,1KFN3kB4hc6r7ILpifFsqf,WM Brazil,BRWMB1800798,8056950,7FNnA9vBm6EKceENgCGRMb
Cry Alone,Lil Peep,"emo rap, cloud rap",Hip Hop,"Come Over When You're Sober, Pt. 2",2018-11-09,4kQazx3VMaDKUG1IIaC94i,Columbia,USQX91802367,1600144,2kCcBybjl3SAtIcwdWpUe3
Cool Out,Imagine Dragons,,,Origins (Deluxe),2018-11-09,6LXMUR2rpxFBDo6nilS3yX,Kid Ina Korner / Interscope,USUM71816160,1543037,53XhwfbYqKCa1cC15pYq2q
Negative Energy,"Trippie Redd, Kodie Shane","melodic rap, ",Hip Hop,A Love Letter To You 3,2018-11-09,0ZPCxNK4DIrF8KqrN3DxfA,"TenThousand Projects, LLC",QMEU31819737,927123,"6Xgp2XMz1fhVYe7i6yNAax, 1CUeN4GnHAGUk9nAXPorF4"
Can't Love,Trippie Redd,melodic rap,Hip Hop,A Love Letter To You 3,2018-11-09,2dKtWPLZvbCzwLRliNn8UI,"TenThousand Projects, LLC",QMEU31819738,904502,6Xgp2XMz1fhVYe7i6yNAax
IL CIELO NELLA STANZA (feat. NSTASIA),"Salmo, NSTASIA","italian trap, ",Hip Hop,Playlist,2018-11-09,2fkVZYFv9hOejIsLzZy8ad,Epic,ITB001800497,5004729,"3hBQ4zniNdQf1cqqo6hzuW, 2BBgFkNBBMln3m2G2Bm2bt"
West Coast,Imagine Dragons,,,Origins (Deluxe),2018-11-09,2nkoWsTZa8LKPNGdjI5uxj,Kid Ina Korner / Interscope,USUM71816162,1504271,53XhwfbYqKCa1cC15pYq2q
Fire Starter,"Trippie Redd, Emani 22","melodic rap, ",Hip Hop,A Love Letter To You 3,2018-11-09,2lvOt6VAufWlstrqutilVb,"TenThousand Projects, LLC",QMEU31819735,876686,"6Xgp2XMz1fhVYe7i6yNAax, 7JngWflkjFnNJSz07XLV2w"
RICCHI E MORTI,Salmo,italian trap,Hip Hop,Playlist,2018-11-09,2sCkQ5AoGNKy0urYd2E3BT,Epic,ITB001800504,857492,3hBQ4zniNdQf1cqqo6hzuW
HO PAURA DI USCIRE,Salmo,italian trap,Hip Hop,Playlist,2018-11-09,4Nc1FDBI1NUiN48MjTiXEi,Epic,ITB001800506,842201,3hBQ4zniNdQf1cqqo6hzuW
DISPOVERY CHANNEL (feat. Nitro),"Salmo, Nitro",italian trap,Hip Hop,Playlist,2018-11-09,77F0NNChJGfDBp3fTCWaDc,Epic,ITB001800498,839962,"3hBQ4zniNdQf1cqqo6hzuW, 6jQZzWW3JlEtcRDSzFVKSP"
16 Lines,Lil Peep,"emo rap, cloud rap",Hip Hop,"Come Over When You're Sober, Pt. 2",2018-11-09,6akBF8JWM8lrpqejdwIfYI,Columbia,USQX91802369,833376,2kCcBybjl3SAtIcwdWpUe3
Leanin',Lil Peep,"emo rap, cloud rap",Hip Hop,"Come Over When You're Sober, Pt. 2",2018-11-09,6cX1iTffMIAU8lEWSOYIIO,Columbia,USQX91802368,822761,2kCcBybjl3SAtIcwdWpUe3
SPARARE ALLA LUNA (feat. Coez),"Salmo, Coez","italian trap, indie","Rock, Hip Hop",Playlist,2018-11-09,4spkZ6gRKh827yp6JI6TN1,Epic,ITB001800502,797708,"3hBQ4zniNdQf1cqqo6hzuW, 5dXlc7MnpaTeUIsHLVe3n4"
Bullet In A Gun,Imagine Dragons,,,Origins (Deluxe),2018-11-09,3R4Xk37WTagjzODMNEQLvs,Kid Ina Korner / Interscope,USUM71816163,777480,53XhwfbYqKCa1cC15pYq2q
A.L.L.T.Y. 3,"Trippie Redd, Baby Goth","melodic rap, ",Hip Hop,A Love Letter To You 3,2018-11-09,2ppse4DOEFlzaW7Xu3U76r,"TenThousand Projects, LLC",QMEU31819741,772644,"6Xgp2XMz1fhVYe7i6yNAax, 0ECSmon1BUiFnB33X24eLI"
No Me Acuerdo,"Thalia, NATTI NATASHA","latin pop, reggaeton, latin, urbano latino, bachata","Latin, Pop",Valiente,2018-11-09,1G586ld1gbaECg4Bc6w40O,Sony Music Latin,USSD11800192,10654807,"23wEWD21D4TPYiJugoXmYb, 1GDbiv3spRmZ1XdM1jQbT7"
LUNEDI',Salmo,italian trap,Hip Hop,Playlist,2018-11-09,1VNARx6Sm6ZYAsDMCGiU1B,Epic,ITB001800499,1335174,3hBQ4zniNdQf1cqqo6hzuW
I Tried Loving,Trippie Redd,melodic rap,Hip Hop,A Love Letter To You 3,2018-11-09,7uenITonAmg7wXmFd3kkms,"TenThousand Projects, LLC",QMEU31819743,730700,6Xgp2XMz1fhVYe7i6yNAax
IDGAF,Lil Peep,"emo rap, cloud rap",Hip Hop,"Come Over When You're Sober, Pt. 2",2018-11-09,6zZhlOWizcEG1T7zsTdI6N,Columbia,USQX91802372,729929,2kCcBybjl3SAtIcwdWpUe3
Hate Me,Lil Peep,"emo rap, cloud rap",Hip Hop,"Come Over When You're Sober, Pt. 2",2018-11-09,2FoRvrNWBtrJiSgIjmivKG,Columbia,USQX91802371,726346,2kCcBybjl3SAtIcwdWpUe3
Elevate & Motivate,"Trippie Redd, YoungBoy Never Broke Again, Nel-Denarro","melodic rap, ",Hip Hop,A Love Letter To You 3,2018-11-09,5Tp5zlCgbwXLMa3pgYsNMl,"TenThousand Projects, LLC",QMEU31819742,704795,"6Xgp2XMz1fhVYe7i6yNAax, 7wlFDEWiM5OoIAt8RSli8b, 5zLbjnuArhVlVklkT5GoQD"
Loyalty Before Royalty,Trippie Redd,melodic rap,Hip Hop,A Love Letter To You 3,2018-11-09,284fVGdbsPtigjjI0jmKXo,"TenThousand Projects, LLC",QMEU31819745,698863,6Xgp2XMz1fhVYe7i6yNAax
Only,Imagine Dragons,,,Origins (Deluxe),2018-11-09,1uRBbjQ3uNFXCncWyNomHf,Kid Ina Korner / Interscope,USUM71816165,687028,53XhwfbYqKCa1cC15pYq2q
Empty Space,James Arthur,soft pop,Pop,Empty Space,2018-10-19,1uru26I2JKd2mQZt0MDCUe,Columbia Local,DEE861805366,14917659,4IWBUUAFIplrNtaOHcJPRM
Asesina,"Brytiago, Darell, Barloe Team","trap latino, reggaeton, urbano latino, trap, dembow, ","Latin, Hip Hop",Asesina,2018-05-10,6R66bI4nkzvvNba80pWU2t,"Strange Fruits Music Group, LLC",MXD781804896,1179112,"00XhexlJEXQstHimpZN910, 1TtXnWcUs0FCkaZDPGYHdf, 4okiIReqptfBJ5UULmWycZ"
Desconocidos,"Mau y Ricky, Manuel Turizo, Camilo","reggaeton, latin pop, latin, colombian pop","Pop, Latin",Desconocidos,2018-10-12,0s5DNDV6LAKn2u2Ufa3VjQ,Sony Music Latin,USSD11800344,48115396,"2wkoKEfS6dXwThbyTnZWFU, 0tmwSHipWxN12fsoLcFU3B, 28gNT5KBp7IjEOQoevXf9N"
Polaroid,"Jonas Blue, Liam Payne, Lennon Stella","tropical house, ",Electronic,Blue,2018-11-09,6XqvFyJGdUD5IWee02ARKU,Positiva,GBUM71806109,6793548,"1HBjj22wzbscIZ9sEb5dyf, 5pUo3fmmHT8bhCyHE52hA6, 1cZQSpDsxgKIX2yW5OR9Ot"
Calma - Remix,"Pedro Capó, Farruko","latin pop, latin, reggaeton, trap latino","Latin, Pop",Calma (Remix),2018-10-05,5iwz1NiezX7WWjnCgY5TH4,Sony Music Latin,USSD11800343,75104361,"4QVBYiagIaa6ZGSPMbybpy, 329e4yvIujISKGKz1BZZbO"
Radio Ga Ga - Live Aid,Queen,"classic rock, rock, glam rock",Rock,Bohemian Rhapsody (The Original Soundtrack),2018-10-19,0YwBZKT8JE4U5TwmYE9BV9,EMI,GBUM71805980,5658771,1dfeR4HaWDbWqFHLkxsg1d
I Want To Break Free - Single Remix,Queen,"classic rock, rock, glam rock",Rock,The Works (Deluxe Edition 2011 Remaster),1984-02-27,2AkmdLbVKS1steeZdy8H1l,EMI,GBUM71029625,1664383,1dfeR4HaWDbWqFHLkxsg1d
bellyache,Billie Eilish,,,Bellyache,2017-02-24,51NFxnQvaosfDDutk0tams,Darkroom,USUM71615103,36192259,6qqNVTkY8uBg9cP3Jd7DAH
SOLO,JENNIE,k-pop,Pop,SOLO,2018-11-12,2wVDWtLKXunswWecARNILj,"YG Entertainment, distributed through Interscope Records",KRA401800139,45906068,250b0Wlc5Vk0CoUsaCY84M
Adictiva,"Daddy Yankee, Anuel AA","reggaeton, latin, trap latino, urbano latino",Latin,Adictiva,2018-11-09,6MJUCumnQsQEKbCy28tbCP,El Cartel Records (EC3),US2BU1801109,53279536,"4VMYDCV2IEDYJArk749S6m, 2R21vXR83lH98kGeO99Y66"
Rêves bizarres (feat. Damso),"Orelsan, Damso",pop urbaine,Hip Hop,Rêves bizarres (feat. Damso),2018-11-14,0DXytBddBKZYbfDMP4X0kc,Wagram Music / 3ème Bureau,FR6F31801600,667411,"4FpJcNgOvIpSBeJgRg3OfN, 2UwqpfQtNuhBwviIC0f2ie"
Treat You Better,Shawn Mendes,pop,Pop,Illuminate,2017-04-20,3QGsuHI8jO1Rx4JWLUh9jd,Island Records,USUM71604711,598241,7n2wHs1TKAczGzO7Dd2rGr
Woman Like Me (feat. Nicki Minaj),"Little Mix, Nicki Minaj",,,LM5 (Deluxe),2018-11-16,222B3aljXx6fFwKmFjuBED,Syco Music,GBHMU1800106,56571824,"3e7awlrlDSwF3iM0WBjGMp, 0hCNtLu0JehylgoiP8L4Gh"
Beach House,The Chainsmokers,,,Sick Boy...Beach House,2018-11-16,0N8MGHEDAq29ip7RrlrTeN,Disruptor Records/Columbia,USQX91803217,15680074,69GGBxA162lTqCwzJG5jLp
Strip (feat. Sharaya J),"Little Mix, Sharaya J",,,LM5 (Deluxe),2018-11-16,6XkEw1h2Hq4fGnSm0JuSIs,Syco Music,GBHMU1800090,1474719,"3e7awlrlDSwF3iM0WBjGMp, 6Z4puj0KYgtcxJrVXKmvBX"
Take One,Kodak Black,,,Take One,2018-11-16,6fI3tBVND8zUXZi9rr2Yps,Atlantic Records,USAT21812314,5238240,46SHBwWsqBkxI7EeeBEQG7
The Mantra (with Pharrell & Kendrick Lamar),"Mike WiLL Made-It, Pharrell Williams, Kendrick Lamar","hip hop, west coast hip hop",Hip Hop,Creed II: The Album,2018-11-16,74wpYGsVh2J13iAmmg1Uln,Creed 2 Soundtrack,USUM71819430,872651,"0NWbwDZY1VkRqFafuQm6wk, 2RdwBSPQiwcmiDo9kixcl8, 2YZyLoL8N0Wb9xBt1NhZWg"
Beloved,Mumford & Sons,"folk, indie folk, folk rock","Folk/Acoustic, Rock",Delta,2018-11-16,7HFgnF1oPMzkCqEMBOA2yI,Universal-Island Records Ltd.,GBUM71805627,871329,3gd8FJtBJtkRxdfbTu19U2
Rewrite The Stars (with James Arthur & Anne-Marie),"James Arthur, Anne-Marie","soft pop, ",Pop,Rewrite The Stars (with James Arthur & Anne-Marie),2018-10-25,6mQLN3zRtAp6ovjusyYKrV,Atlantic Records,USAT21811554,34595773,"4IWBUUAFIplrNtaOHcJPRM, 1zNqDE7qDGCsyzJwohVaoX"
Rêves bizarres,"Orelsan, Damso",pop urbaine,Hip Hop,La fête est finie - EPILOGUE,2018-11-16,7lhuM9WUqdThw72dCBRmQW,Wagram Music / 3ème Bureau,FR6F31801600,811230,"4FpJcNgOvIpSBeJgRg3OfN, 2UwqpfQtNuhBwviIC0f2ie"
The Greatest Show,Panic! At The Disco,emo,Rock,The Greatest Show,2018-11-02,55PZSFcKQxXH5BOOcDA6yI,Atlantic Records,USAT21811547,805845,20JZFwl6HVl6yg8a4H3ZqK
No Candle No Light (feat. Nicki Minaj),"ZAYN, Nicki Minaj",,,No Candle No Light (feat. Nicki Minaj),2018-11-15,49ATdDBSasXb6wsHdrB2xQ,RCA Records Label,USRC11803676,787724,"5ZsFI1h6hIdQRw2ti0hz81, 0hCNtLu0JehylgoiP8L4Gh"
6 Summers,Anderson .Paak,,,Oxnard,2018-11-16,0lG7iyNSstVOLV6faMIHdD,Aftermath,ZZOPM1800713,738419,3jK9MiCrA42lLAdMGUZpwa
A Million Dreams,P!nk,,,A Million Dreams,2018-10-24,0oagwWkGlBoACUuKvTmqZV,Atlantic Records,USAT21811548,695050,1KCSPY1glIKqW2TotWuXOR
Tints (feat. Kendrick Lamar),"Anderson .Paak, Kendrick Lamar","hip hop, west coast hip hop",Hip Hop,Oxnard,2018-11-16,7c3SbTuufigBWURcICnAWy,Aftermath,ZZOPM1800659,671633,"3jK9MiCrA42lLAdMGUZpwa, 2YZyLoL8N0Wb9xBt1NhZWg"
Guiding Light,Mumford & Sons,"folk, indie folk, folk rock","Folk/Acoustic, Rock",Delta,2018-11-16,3W3RQneS2yhA7E5l1dJW18,Universal-Island Records Ltd.,GBUM71805626,654030,3gd8FJtBJtkRxdfbTu19U2
Cataleya,Samra,german hip hop,Hip Hop,Cataleya,2018-11-09,3MrTi2XjvQCZm8V1P1ryuR,Sony Music/BMA,DEFZ71800051,636952,6h1s4i4XKIYv4ErDelLDN0
Last Christmas,Wham!,christmas,Jazz,LAST CHRISTMAS,1984-11-29,2FRnf9qhLbvw8fu4IBXx78,Epic,GBBBM8400019,102898784,5lpH0xAS4fVfLkACg9DAuM
Santa Tell Me,Ariana Grande,pop,Pop,Santa Tell Me,2014-11-24,0lizgQ7Qw35od7CYaoMBZb,Universal Records,USUM71417401,89877930,66CXWjxzNUsdJxJ2JdwvnR
Hurts Like Hell (feat. Offset),"Madison Beer, Offset",,,Hurts Like Hell (feat. Offset),2018-11-09,3WefHNGtjexZvi66ZEx9u4,Access Records,UKELY1800123,6282687,"2kRfqPViCqYdSGhYSM9R0Q, 4DdkRBBYG6Yk9Ka8tdJ9BW"
Reggaetón en lo Oscuro,Wisin & Yandel,"reggaeton, urbano latino",Latin,Reggaetón en lo Oscuro,2018-10-25,3aUTkuo4ObA6QPtZSu5NBq,Sony Music Latin,USSD11800356,5713198,1wZtkThiXbVNtj6hee6dz9
Rockin' Around The Christmas Tree - Single Version,Brenda Lee,christmas,Jazz,Anthology 1956-1980 (Volume 1 & 2),1991-01-01,1XBc4r6ltXjkFJBrsttwIF,Interscope,USMC15848998,10658002,4cPHsZM98sKzmV26wlwD2W
It's Beginning to Look a Lot like Christmas,Michael Bublé,christmas,Jazz,Christmas,2011-10-24,0lLdorYw7lVrJydTINhWdI,143/Reprise,USRE11100700,76969641,1GxkXlMwML1oSg5eLPiAz3
Mistletoe,Justin Bieber,,,Under The Mistletoe (Deluxe Edition),2011-01-01,7xapw9Oy21WpfEcib2ErSA,RBMG/Def Jam,USUM71116290,59097830,1uNFoZAHBGtllmzznpCI3s
Jingle Bell Rock,Bobby Helms,christmas,Jazz,Jingle Bell Rock/Captain Santa Claus (And His Reindeer Space Patrol),1957-12-02,7vQbuQcyTflfCIOu3Uzzya,Geffen,USMC15746480,70819557,38EmEgXkgK51MT2tPY0EoC
Love Of My Life - Remastered 2011,Queen,"classic rock, rock, glam rock",Rock,A Night At The Opera (Deluxe Edition 2011 Remaster),1975-11-21,4YJUTdZ0Pgl0ZeNyHYXeLd,EMI,GBUM71100536,2369293,1dfeR4HaWDbWqFHLkxsg1d
come out and play,Billie Eilish,,,come out and play,2018-11-20,7wC5eZcFS1Q1BsQ35DU6H4,Darkroom,USUM71818958,39431734,6qqNVTkY8uBg9cP3Jd7DAH
10 Freaky Girls (with 21 Savage),"Metro Boomin, 21 Savage",,,NOT ALL HEROES WEAR CAPES (Deluxe),2018-11-06,0AluA5RNsa4Cx6XRhf2hWZ,Republic Records,USUG11802481,28276242,"0iEtIxbK0KxaSlF7G42ZOp, 1URnnhqYAYcrqrcwql10ft"
Don't Come Out The House (with 21 Savage),"Metro Boomin, 21 Savage",,,NOT ALL HEROES WEAR CAPES (Deluxe),2018-11-06,2Grb4G6t9VIqo6moKUloom,Republic Records,USUG11802480,7918746,"0iEtIxbK0KxaSlF7G42ZOp, 1URnnhqYAYcrqrcwql10ft"
Space Cadet (feat. Gunna),"Metro Boomin, Gunna",melodic rap,Hip Hop,NOT ALL HEROES WEAR CAPES (Deluxe),2018-11-06,1fewSx2d5KIZ04wsooEBOz,Republic Records,USUG11802484,10805483,"0iEtIxbK0KxaSlF7G42ZOp, 2hlmm7s2ICUX0LVIhVFlZQ"
This Feeling (feat. Kelsea Ballerini),"The Chainsmokers, Kelsea Ballerini",country,Country,Sick Boy...Beach House,2018-11-16,6LKYeyLt4G4SlZ6OJwFhVS,Disruptor Records/Columbia,USQX91802210,21563194,"69GGBxA162lTqCwzJG5jLp, 3RqBeV12Tt7A8xH3zBDDUF"
It's the Most Wonderful Time of the Year,Andy Williams,"christmas, adult standards","Easy listening, Jazz",The Andy Williams Christmas Album,1963-11-24,5hslUAKq9I9CG2bAulFkHN,Columbia/Legacy,USSM16300086,64176593,4sj6D0zlMOl25nprDJBiU9
Do They Know It's Christmas? - 1984 Version,Band Aid,christmas,Jazz,Do They Know It's Christmas?,2004-01-01,0247StOpd3AkeBQzANX4Zf,EMI,GBF088400001,62502461,35S20clEkkSNUo23ViaslZ
Let You Love Me,Rita Ora,,,Phoenix (Deluxe Edition),2018-11-23,5Fla3zyOCcIRqrDoKLU0DP,Atlantic Records UK,GBAHS1800674,50225636,5CCwRZC6euC8Odo6y9X8jr
Reggaeton,J Balvin,"reggaeton, latin",Latin,Reggaeton,2018-11-17,2D3z17LBMJ2HEHeBFFjTLi,UMLE - Latino,USUM71818622,37645914,1vyhD5VmyZ7KMfW5gqLgo5
Only Want You,Rita Ora,,,Phoenix (Deluxe Edition),2018-11-23,2CTN6UuO2dNEVZXR0DJVk2,Atlantic Records UK,GBAHS1800676,4881474,5CCwRZC6euC8Odo6y9X8jr
Sundress,A$AP Rocky,rap,Hip Hop,Sundress,2018-11-20,2aPTvyE09vUCRwVvj0I8WK,A$AP Worldwide/Polo Grounds Music/RCA Records,USRC11803252,2685308,13ubrt8QOOCPljQ2FL1Kca
Let It Snow! Let It Snow! Let It Snow! (with The B. Swanson Quartet),"Frank Sinatra, B. Swanson Quartet","christmas, big band, adult standards, swing music, vocal jazz, jazz, ","Easy listening, Jazz",Christmas Songs By Sinatra,1948-00-00,7inXu0Eaeg02VsM8kHNvzM,Legacy Recordings,USSM10018232,48752714,"1Mxqyy3pSjf8kZZL4QVxS0, 0JXiS2FrAg3wQYJHcmZdrc"
Parado no Bailão,"MC L da Vinte, MC Gury","funk de bh, funk, brazilian funk, funk carioca","Hip Hop, R&B, R&b",Parado no Bailão,2018-07-23,3Hb9kUdm4yf839Fle4RIdT,Funk Explode,QZ5AB2004464,9657660,"0lHB0Qc4pmD5RkTLlHeESo, 6fOyYqdh6p0ZWLs9zUDoyt"
Baller los,MERO,"german hip hop, turkish hip hop",Hip Hop,Baller los,2018-11-23,1IPRghUN3LFPNbCTsfBJx9,Groove Attack TraX,DEQ021807983,10509784,5wyWp867LWGjFmYZXVSFnZ
Holly Jolly Christmas,Michael Bublé,christmas,Jazz,Christmas,2011-10-24,6tjituizSxwSmBB5vtgHZE,143/Reprise,USRE11100705,42491451,1GxkXlMwML1oSg5eLPiAz3
White Christmas - 1947 Version,"Bing Crosby, Ken Darby Singers, John Scott Trotter & His Orchestra","christmas, ",Jazz,Holiday Inn (Original Motion Picture Soundtrack),1942-01-01,4so0Wek9Ig1p6CRCHuINwW,Geffen,USMC14750470,43171887,"6ZjFtWeHP9XN7FeKSUe80S, 69UfPJgUmFFAVT740qGVZi, 735L650pvygCZZlPMyHqsN"
Have Yourself A Merry Little Christmas,Sam Smith,soft pop,Pop,Have Yourself A Merry Little Christmas,2014-12-05,1Qi2wh8fFgDV7tl4Sj3f2K,PLG - Capitol,GBUM71406655,41022249,2wY79sveU1sp5g7SokKOiI
Wonderful Christmastime [Edited Version] - Remastered 2011 / Edited Version,Paul McCartney,,,McCartney II (Special Edition),1980-05-16,7Lbxvt42JsNSKVCaN63qhD,Paul McCartney Catalog,GBCCS1000181,50548427,4STHEaNw4mPZ2tzheohgXB
Happy Xmas (War Is Over) - Remastered 2010,"John Lennon, The Harlem Community Choir, The Plastic Ono Band, Yoko Ono","christmas, art rock, avant-garde, art pop","Pop, Rock, Classical, Jazz",Power To The People - The Hits,2010-10-04,3zJw3rugfpVrmBeDDnUYzy,EMI Catalogue,GBAYE1000862,52982606,"4x1nvY2FN8jxqAFA0DA02H, 0vneleczrRRNPF1vj0x0vy, 4m2kfAHEnK7Z7qLGxeWtro, 2s4tjL6W3qrblOe0raIzwJ"
Driving Home for Christmas,Chris Rea,christmas,Jazz,The Works,2007-11-10,3Z3QhZAZpqwZa1phsbQ3JZ,Rhino,GBAHS9904091,41881740,5KEG7G8LDYlHgFDqZyEEs2
The Christmas Song (Merry Christmas To You),Nat King Cole,"christmas, adult standards, vocal jazz","Easy listening, Jazz",The Christmas Song (Expanded Edition),1962-00-00,4PS1e8f2LvuTFgUs1Cn3ON,CAPITOL CATALOG MKT (C92),USCA29900551,35683232,7v4imS0moSyGdXyLgVTIV7
Underneath the Tree,Kelly Clarkson,christmas,Jazz,Wrapped In Red,2013-10-25,3nAp4IvdMPPWEH9uuXFFV5,RCA Records Label,GBCTA1300103,36584410,3BmGtnKgCSGYIUhmivXKWX
Feliz Navidad,José Feliciano,"christmas, bolero","Latin, Jazz",The Definite Best,2001-09-03,7taXf5odg9xCAZERYfyOkS,RCA Records Label,USRC19900930,36075260,7K78lVZ8XzkjfRSI7570FF
Santa Claus Is Coming to Town,Michael Bublé,christmas,Jazz,Christmas,2011-10-24,5Ber68jZ7ytegr2UISEdb7,143/Reprise,USRE11100701,29075330,1GxkXlMwML1oSg5eLPiAz3
A Holly Jolly Christmas - Single Version,Burl Ives,christmas,Jazz,Have A Holly Jolly Christmas,1965-01-01,65Q2mv3UlVi9eO70OpsmSe,Geffen,USMC16414508,37239903,0MHgLfmQdutffmvWe5XBTN
KIKA,"6ix9ine, Tory Lanez",,,DUMMY BOY,2018-11-27,6Gy7rXB6Ku5vIWC7WGWsl3,Scumgang Records,QMEU31821969,59856200,"7gZfnEnfiaHzxARJ2LeXrf, 2jku7tDXc6XoB6MO2hFuqg"
MAMA,"6ix9ine, Nicki Minaj, Kanye West",rap,Hip Hop,DUMMY BOY,2018-11-27,1oJ8EDr2pv94IvSd6ZmDgo,Scumgang Records,QMEU31821955,38718762,"7gZfnEnfiaHzxARJ2LeXrf, 0hCNtLu0JehylgoiP8L4Gh, 5K4W6rqBFWDnAN6FQUkS6x"
TIC TOC,"6ix9ine, Lil Baby",,,DUMMY BOY,2018-11-27,4m5Cd9kAbIxg6t9sMrQWtk,Scumgang Records,QMEU31821954,50490509,"7gZfnEnfiaHzxARJ2LeXrf, 5f7VJjfbwm532GiveGC0ZK"
WAKA,"6ix9ine, A Boogie Wit da Hoodie",melodic rap,Hip Hop,DUMMY BOY,2018-11-27,6o79O9qBP3OAkWOXajAQIS,Scumgang Records,QMEU31821956,21020571,"7gZfnEnfiaHzxARJ2LeXrf, 31W5EY0aAly4Qieq6OFu6I"
KANGA,"6ix9ine, Kanye West",rap,Hip Hop,DUMMY BOY,2018-11-27,0EwS8XJQspgrj1zSUXhFkl,Scumgang Records,QMEU31821960,8925563,"7gZfnEnfiaHzxARJ2LeXrf, 5K4W6rqBFWDnAN6FQUkS6x"
FEEFA,"6ix9ine, Gunna",melodic rap,Hip Hop,DUMMY BOY,2018-11-27,26jYPsHHSOxCTz4cLt6SbQ,Scumgang Records,QMEU31821958,5040869,"7gZfnEnfiaHzxARJ2LeXrf, 2hlmm7s2ICUX0LVIhVFlZQ"
MALA,"6ix9ine, Anuel AA","reggaeton, trap latino, urbano latino, latin",Latin,DUMMY BOY,2018-11-27,0LQ1J0BCzA2qnAgp9MkkNE,Scumgang Records,QMEU31821953,34739197,"7gZfnEnfiaHzxARJ2LeXrf, 2R21vXR83lH98kGeO99Y66"
DUMMY,"6ix9ine, TrifeDrew",,,DUMMY BOY,2018-11-27,3uPuEFKEzGTn628CCQZUCF,Scumgang Records,QMEU31821957,2013406,"7gZfnEnfiaHzxARJ2LeXrf, 3cWGilyM7pw2Q1bGbTXuBr"
WONDO,6ix9ine,,,DUMMY BOY,2018-11-27,3jHsYztlhj1GunIF6yIePH,Scumgang Records,QMEU31821959,1875183,7gZfnEnfiaHzxARJ2LeXrf
Going Bad (feat. Drake),"Meek Mill, Drake","rap, hip hop",Hip Hop,Championships,2018-11-30,2IRZnDFmlqMuOrYOLnZZyc,MMG/Atlantic,USAT21812710,74478028,"20sxb77xiYeusSH8cVdatc, 3TVXtAsR1Inumwj472S9r4"
Nothing Breaks Like a Heart (feat. Miley Cyrus),"Mark Ronson, Miley Cyrus",,,Nothing Breaks Like a Heart (feat. Miley Cyrus),2018-11-30,27rdGxbavYJeBphck5MZAF,Columbia,GBARL1801571,57140482,"3hv9jJF3adDNsBSIQDqcjp, 5YGY8feqx7naU7z4HrwZM6"
Nuketown (feat. Juice WRLD),"Ski Mask The Slump God, Juice WRLD","melodic rap, emo rap",Hip Hop,STOKELEY,2018-11-30,74lnM5V6ecvoTPV0fvptx9,Republic Records,USUM71820931,18408056,"2rhFzFmezpnW82MNqEKVry, 4MCBfE4596Uoi2O4DtmEMz"
Uptown Vibes (feat. Fabolous & Anuel AA),"Meek Mill, Anuel AA, Fabolous","rap, reggaeton, trap latino, urbano latino, latin, ","Latin, Hip Hop",Championships,2018-11-30,2tnlNVAhuQGgoFJxALVeXx,MMG/Atlantic,USAT21812557,6312057,"20sxb77xiYeusSH8cVdatc, 2R21vXR83lH98kGeO99Y66, 0YWxKQj2Go9CGHCp77UOyy"
Rockin' Around The Christmas Tree,Brenda Lee,christmas,Jazz,Merry Christmas From Brenda Lee,1964-10-19,2EjXfH91m7f8HiJN1yQg97,MCA Nashville,USMC15848998,60433289,4cPHsZM98sKzmV26wlwD2W
On Me (feat. Cardi B),"Meek Mill, Cardi B","rap, ",Hip Hop,Championships,2018-11-30,3DnZfpfe8wLeJgzc00gKeW,MMG/Atlantic,USAT21812558,6838911,"20sxb77xiYeusSH8cVdatc, 4kYSro6naA4h99UJvo89HB"
What's Free (feat. Rick Ross & Jay Z),"Meek Mill, JAY-Z, Rick Ross","rap, hip hop, east coast hip hop, southern hip hop",Hip Hop,Championships,2018-11-30,4iQ5gmTAzWfK8JyFC2LBox,MMG/Atlantic,USAT21812564,4634118,"20sxb77xiYeusSH8cVdatc, 3nFkdlSjzX9mRTtwJOzDYB, 1sBkRIssrMs1AbVkOJbc7a"
Foot Fungus,Ski Mask The Slump God,,,STOKELEY,2018-11-30,3EikYy40GMSp8l5mDV6IQo,Republic Records,USUM71820928,6066404,2rhFzFmezpnW82MNqEKVry
Time (feat. Meek Mill),"Lil Baby, Meek Mill",rap,Hip Hop,Street Gossip,2018-11-30,1Szfm2XAx3Kgl55dyl8sTU,Quality Control Music/Motown Records/Capitol Records,USUG11802293,3353874,"5f7VJjfbwm532GiveGC0ZK, 20sxb77xiYeusSH8cVdatc"
Pure Cocaine,Lil Baby,,,Street Gossip,2018-11-30,577YBGuskWkVDCxZrLRB4v,Quality Control Music/Motown Records/Capitol Records,USUG11802285,2510733,5f7VJjfbwm532GiveGC0ZK
Solo (feat. Demi Lovato),"Clean Bandit, Demi Lovato",,,What Is Love? (Deluxe Edition),2018-11-30,3NuK5xMlSlB6K2Qp16zf3h,Atlantic Records UK,GBAHS1800328,29383497,"6MDME20pz9RveH9rEXvrOM, 6S2OmqARrzebs0tKUEyXyp"
Ready (feat. Gunna),"Lil Baby, Gunna",melodic rap,Hip Hop,Street Gossip,2018-11-30,4F6yN5FsFW10Ucx7cLCzBh,Quality Control Music/Motown Records/Capitol Records,USUG11802289,1052756,"5f7VJjfbwm532GiveGC0ZK, 2hlmm7s2ICUX0LVIhVFlZQ"
Happy Birthday,Sfera Ebbasta,"italian trap, trap",Hip Hop,Rockstar (Popstar Edition),2018-11-30,7Cw97917dvg5xm6XMAA4Y2,Universal Music Italia srL.,ITUM71801129,3880843,23TFHmajVfBtlRx5MXqgoz
Global,Lil Baby,,,Street Gossip,2018-11-30,7cW1wHpSLYgKWzoWlOCPFJ,Quality Control Music/Motown Records/Capitol Records,USUG11802281,970977,5f7VJjfbwm532GiveGC0ZK
I Always Wanna Die (Sometimes),The 1975,,,A Brief Inquiry Into Online Relationships,2018-11-30,3HPpOFmDibEO06Z2q4ZN5u,Dirty Hit Ltd,GBK3W1800842,955805,3mIj9lX2MWuHmhNCA7LSCW
Crush A Lot,Lil Baby,,,Street Gossip,2018-11-30,39RWYLt6hgk9BbhkDgaHW9,Quality Control Music/Motown Records/Capitol Records,USUG11802277,925986,5f7VJjfbwm532GiveGC0ZK
Intro,Meek Mill,rap,Hip Hop,Championships,2018-11-30,3EQ9QP2E7wjYQba8OSPBst,MMG/Atlantic,USAT21812555,1623621,20sxb77xiYeusSH8cVdatc
Mama (feat. Ellie Goulding),"Clean Bandit, Ellie Goulding",,,What Is Love? (Deluxe Edition),2018-11-30,3WDIhWoRWVcaHdRwMEHkkS,Atlantic Records UK,GBAHS1800641,811986,"6MDME20pz9RveH9rEXvrOM, 0X2BH1fck6amBIoJhDVmmJ"
LA LA,Ski Mask The Slump God,,,STOKELEY,2018-11-30,2PCKWNZYcwyFKd4lVRWE8k,Republic Records,USUM71820932,807135,2rhFzFmezpnW82MNqEKVry
Trauma,Meek Mill,rap,Hip Hop,Championships,2018-11-30,45CCe4gu08OYG1I4MH8TU6,MMG/Atlantic,USAT21812556,793688,20sxb77xiYeusSH8cVdatc
Better To Lie (with Jesse & Swae Lee),"benny blanco, Jesse®, Swae Lee",,,Better To Lie (with Jesse & Swae Lee),2018-11-30,61sqsOPon94ecMskeEXwev,Friends Keep Secrets/Interscope Records,USUM71819661,2802022,"5CiGnKThu5ctn9pBxv7DGa, 4as3khXWaPjfkFdCA0JWMo, 1zNqQNIdeOUZHb8zbZRFMX"
Respect the Game,Meek Mill,rap,Hip Hop,Championships,2018-11-30,6pUBrvKfJL4qmn95mxU7rC,MMG/Atlantic,USAT21812559,1506429,20sxb77xiYeusSH8cVdatc
Word On The Street,Lil Baby,,,Street Gossip,2018-11-30,52i143Ph5c3RQaQFBXWix1,Quality Control Music/Motown Records/Capitol Records,USUG11802297,779116,5f7VJjfbwm532GiveGC0ZK
Tic Tac Toe (feat. Kodak Black),"Meek Mill, Kodak Black","rap, ",Hip Hop,Championships,2018-11-30,35J4wXQeRuHNOEArMy6FOe,MMG/Atlantic,USAT21812562,1456318,"20sxb77xiYeusSH8cVdatc, 46SHBwWsqBkxI7EeeBEQG7"
Vas A Quedarte,Aitana,,,Tráiler,2018-11-29,2b3JxLi8KAiOsD8ehnOxDZ,Universal Music Spain S.L.,ES5701801182,767899,7eLcDZDYHXZCebtQmVFL25
Faucet Failure,Ski Mask The Slump God,,,STOKELEY,2018-11-30,1ThmUihH9dF8EV08ku5AXN,Republic Records,USUM71820924,1429929,2rhFzFmezpnW82MNqEKVry
So High,Ski Mask The Slump God,,,STOKELEY,2018-11-30,3nTDO6k4R6i3FpKx0QNgJ5,Republic Records,USUM71820941,746473,2rhFzFmezpnW82MNqEKVry
Realist In It (feat. Gucci Mane & Offset),"Lil Baby, Gucci Mane, Offset","southern hip hop, rap, trap, ",Hip Hop,Street Gossip,2018-11-30,2WqTKOAUmv7hz9ZzGnXHrY,Quality Control Music/Motown Records/Capitol Records,USUG11802287,732058,"5f7VJjfbwm532GiveGC0ZK, 13y7CgLHjMVRMDqxdx0Xdo, 4DdkRBBYG6Yk9Ka8tdJ9BW"
Far Gone (feat. Lil Baby),"Ski Mask The Slump God, Lil Baby",,,STOKELEY,2018-11-30,6RiMRVxOiEYd4QSu1cxrls,Republic Records,USUM71820929,721824,"2rhFzFmezpnW82MNqEKVry, 5f7VJjfbwm532GiveGC0ZK"
"Splash Warning (feat. Future, Roddy Ricch and Young Thug)","Meek Mill, Future, Roddy Ricch, Young Thug","rap, melodic rap, trap",Hip Hop,Championships,2018-11-30,6cPnE82DKBLd7sg02ZNg8K,MMG/Atlantic,USAT21812560,713167,"20sxb77xiYeusSH8cVdatc, 1RyvyyTE3xzB2ZywiAwp0i, 757aE44tKEUQEqRuT6GnEB, 50co4Is1HCEo8bhOyUWKpn"
Anyway (feat. 2 Chainz & Gucci Mane),"Lil Baby, 2 Chainz, Gucci Mane","rap, southern hip hop, trap",Hip Hop,Street Gossip,2018-11-30,3zxiTHxE4MxwuYf8aLQ9ax,Quality Control Music/Motown Records/Capitol Records,USUG11802273,708528,"5f7VJjfbwm532GiveGC0ZK, 17lzZA2AlOHwCwFALHttmp, 13y7CgLHjMVRMDqxdx0Xdo"
SICKO MODE - Skrillex Remix,"Travis Scott, Skrillex","rap, dubstep, edm, electro, electronic","Electronic, Hip Hop",SICKO MODE (Skrillex Remix),2018-11-28,0u695M7KyzXaPIjpEbxOkB,Cactus Jack / Epic,USSM11808418,2020103,"0Y5tJX1MQlPlqiwlOH1tJY, 5he5w2lnU9x7JFhnwcekXX"
This Week,Lil Baby,,,Street Gossip,2018-11-30,3yIZgYN7AKO3cDueyhpuCS,Quality Control Music/Motown Records/Capitol Records,USUG11802295,704584,5f7VJjfbwm532GiveGC0ZK
Be My Mistake,The 1975,,,A Brief Inquiry Into Online Relationships,2018-11-30,0AG2l0IboWNSwjUkMr2Aq7,Dirty Hit Ltd,GBK3W1800833,703181,3mIj9lX2MWuHmhNCA7LSCW
Let It Snow! Let It Snow! Let It Snow!,Dean Martin,"christmas, adult standards, big band, swing music","Easy listening, Jazz",A Winter Romance,1959-01-01,2uFaJJtFpPDc5Pa95XzTvg,Capitol Records,USCA25900140,30857012,49e4v89VmlDcFCMyDv9wQ9
Fairytale of New York (feat. Kirsty MacColl),"The Pogues, Kirsty MacColl","celtic rock, christmas, folk punk, celtic, ","Traditional music, Rock, Jazz, Folk/Acoustic",If I Should Fall from Grace with God (Expanded Edition),1988-09-05,3VTNVsTTu05dmTsVFrmGpK,WM UK,GBAHT8703085,30564960,"2wzMOQwNT6ZvVB4amvhFAH, 6UlNIFEuWlBqb4TvlVCekq"
Santa Baby,"Ariana Grande, Liz Gillies","pop, christmas","Jazz, Pop",Christmas Kisses,2013-01-01,6YJdPrH3i2POzu7hdHIRrb,Universal Records,USUM71318549,22686756,"66CXWjxzNUsdJxJ2JdwvnR, 7pLntWGInZPQxc4kXxzzjB"
"Baby, It's Cold Outside (feat. Meghan Trainor)","Brett Eldredge, Meghan Trainor","country, christmas, ","Jazz, Country",Glow,2016-10-28,5Q2P43CJra0uRAogjHyJDK,Atlantic Nashville,USAT21602517,26990886,"0qSX3s5pJnAlSsgsCne8Cz, 6JL8zeS1NmiOftqZTRgdTz"
My Only Wish (This Year),Britney Spears,pop,Pop,Julesanger - God Jul,2018-11-13,75zwAkyhjTb6CVX9gMJSU4,3rd Floor,USJI10000522,12930030,26dSoYclwsYLMAKD3tpOr4
Lonesome Train,Stan Kenton,"big band, cool jazz","Easy listening, Jazz",Concepts Of Artistry In Rhythm,1990-01-01,46DwQbCUzWr4bT0Uu2lDK8,Capitol Records,USCA29001294,7387237,2cFCoDyEaPrw8QVnrDlPKU
Sleigh Ride,The Ronettes,christmas,Jazz,Julesanger - God Jul,2018-11-13,4rERoP56GEEjKmshbphPBK,3rd Floor,USSM10905166,16630205,7CyeXFnOrfC1N6z4naIpgo
Blue Christmas,Elvis Presley,"rockabilly, rock and roll",Rock,Elvis' Christmas Album,1957-10-15,3QiAAp20rPC3dcAtKtMaqQ,RCA Victor,USRC15701155,25551720,43ZHCT0cAZBISjO8DG9PnE
Merry Christmas Everyone - Remastered,Shakin' Stevens,"christmas, rockabilly","Jazz, Rock",Merry Christmas Everyone,1991-00-00,2ISl1zekPsc26sUQpVt8UB,Epic,GBBBN0500739,27910340,0wi4yTYlGtEnbGo4ltZTib
Jingle Bell Rock - Daryl's Version,Daryl Hall & John Oates,soft rock,Rock,Jingle Bell Rock,1983-11-01,6pVW5LRWgeLaHudxauOTJU,Legacy Recordings,USRC10900416,26482125,77tT1kLj6mCWtFNqiOmP9H
Christmas Lights,Coldplay,,,Christmas Lights,2010-12-01,4fzyvSu73BhGvi96p2zwjL,Parlophone UK,GBAYE1001401,25018845,4gzpq5DPGxSnKTe4SA8HAU
I'll Be Home,Meghan Trainor,,,Title,2015-03-04,1hy6kKvsPbv7VTcllCuATC,Epic,USSM11408623,15614634,6JL8zeS1NmiOftqZTRgdTz
Santa Baby (with Henri René & His Orchestra),"Eartha Kitt, Henri René and His Orchestra","christmas, exotica","Jazz, Easy listening",Heavenly Eartha,2002-00-00,1foCxQtxBweJtZmdxhEHVO,RCA Bluebird,USBB10101085,11177335,"1AwO9pWEBSBoWdEZu28XDC, 0oK8UXKZbQezeRhE0KeBAV"
Hallelujah,Pentatonix,christmas,Jazz,A Pentatonix Christmas,2016-10-21,550rQQCGkrTzvp4SfpOPzx,RCA Records Label,USRC11601833,11201250,26AHtbjWKiwYzsoGoUZq53
Santa Baby,Kylie Minogue,dance pop,Pop,Kylie Christmas,2015-11-13,2SBr3MK1sdMs8IxdRcN6qz,Parlophone UK,GBAYE1500956,17903066,4RVnAU35WRWra6OZ3CbbMA
Calling My Spirit,Kodak Black,,,Calling My Spirit,2018-11-30,6bXSYxP6WDlNCr6Jk1H3MW,Atlantic Records,USAT21812416,1423704,46SHBwWsqBkxI7EeeBEQG7
Winter Wonderland,Bing Crosby,christmas,Jazz,Winter Wonderland,1998-01-01,5VEuraNSVxMTzDTtrmL3lQ,EMI Gold,USCA28800092,5660772,6ZjFtWeHP9XN7FeKSUe80S
Step Into Christmas - Remastered 1995,Elton John,,,Caribou (Remastered 1995),1974-06-28,11P4sSu6BH2lAbWk1sL6cK,EMI,GBAMB9500053,18300306,3PhoLpVuITZKcymswpck5b
Santa Claus Is Coming To Town,The Jackson 5,"motown, christmas","Jazz, R&B",Merry Christmas,1970-01-01,6a1hzBiTkgqTsDA0Xgfh9z,UMC (Universal Music Catalogue),USMO17082641,7099075,2iE18Oxc8YSumAU232n4rW
Santa's Coming for Us,Sia,,,Everyday Is Christmas,2017-11-17,3AlpkljBS1AU7HFVPms8K6,Monkey Puzzle/Atlantic,USAT21704210,11949680,5WUlDfRSoLAfcVSX1WnrxN
Winter Wonderland,Tony Bennett,"vocal jazz, christmas, big band, adult standards, jazz","Easy listening, Jazz",Snowfall - The Tony Bennett Christmas Album,1968-11-06,4ricyQVd20UQde1jpXCSuJ,Columbia,USSM19400327,13497666,2lolQgalUvZDfp5vvVtTYV
Run Rudolph Run,Chuck Berry,"rockabilly, rock and roll",Rock,Rock 'N' Roll Rarities,1986-01-01,2pnPe4pJtq7689i5ydzvJJ,Geffen*,USMC15819663,14857792,293zczrfYafIItmnmM3coR
Carol of the Bells (From  Home Alone  Soundtrack),John Williams,soundtrack,Easy listening,Home Alone (Original Motion Picture Soundtrack),1990-00-00,4tHqQMWSqmL6YjXwsqthDI,Masterworks,USSM19912814,7890033,3dRfiJ2650SZu6GbydcHNb
Christmas (Baby Please Come Home),Mariah Carey,christmas,Jazz,Merry Christmas,1994-10-28,3PIDciSFdrQxSQSihim3hN,Columbia,USSM19402077,18638505,4iHNK0tOyZPYnBU7nGAgpQ
"Merry Christmas, Happy Holidays",*NSYNC,,,Home For Christmas,1998-10-23,15coTBAzEN1bOeipoNDZAR,RCA Records Label,DEA819800761,6384601,6Ff53KvcvAj5U7Z1vojB5o
whoa (mind in awe),XXXTENTACION,emo rap,Hip Hop,SKINS,2018-12-07,7pdF27mSDuPWhppnHAmWHa,Bad Vibes Forever / EMPIRE,USUYG1226220,43112616,15UsOTVnJzReFVN1VCnxy4
BAD!,XXXTENTACION,emo rap,Hip Hop,SKINS,2018-12-07,22An65gG31JLf9n18qjdhZ,Bad Vibes Forever / EMPIRE,USUYG1225643,40367408,15UsOTVnJzReFVN1VCnxy4
Guardian angel,XXXTENTACION,emo rap,Hip Hop,SKINS,2018-12-07,7uqcLJFlSYjVPLUz1vPxkY,Bad Vibes Forever / EMPIRE,USUYG1226218,13868011,15UsOTVnJzReFVN1VCnxy4
One Minute (feat. Kanye West & Travis Barker),"XXXTENTACION, Kanye West, Travis Barker","emo rap, rap, rap rock","Hip Hop, Rock",SKINS,2018-12-07,0T6RSXxFhW8dRTWHI604ld,Bad Vibes Forever / EMPIRE,USUYG1226223,8771023,"15UsOTVnJzReFVN1VCnxy4, 5K4W6rqBFWDnAN6FQUkS6x, 4exLIFE8sISLr28sqG1qNX"
Train food,XXXTENTACION,emo rap,Hip Hop,SKINS,2018-12-07,5lar0mCUejpILVkAz50s2J,Bad Vibes Forever / EMPIRE,USUYG1226219,7998519,15UsOTVnJzReFVN1VCnxy4
I don't let go,XXXTENTACION,emo rap,Hip Hop,SKINS,2018-12-07,4axYWgXASdsCBHuwInAubT,Bad Vibes Forever / EMPIRE,USUYG1226225,11020903,15UsOTVnJzReFVN1VCnxy4
STARING AT THE SKY,XXXTENTACION,emo rap,Hip Hop,SKINS,2018-12-07,4KpKyRFwN0gcwj58Uqjv7q,Bad Vibes Forever / EMPIRE,USUYG1226222,7226706,15UsOTVnJzReFVN1VCnxy4
what are you so afraid of,XXXTENTACION,emo rap,Hip Hop,SKINS,2018-12-07,57nOpVSc3j9o03Cr928ZM4,Bad Vibes Forever / EMPIRE,USUYG1226226,8493682,15UsOTVnJzReFVN1VCnxy4
difference (interlude),XXXTENTACION,emo rap,Hip Hop,SKINS,2018-12-07,5itzep0nGnq7hxCfFNsTIR,Bad Vibes Forever / EMPIRE,USUYG1226224,6698908,15UsOTVnJzReFVN1VCnxy4
Eastside (with Halsey & Khalid),"benny blanco, Halsey, Khalid",,,FRIENDS KEEP SECRETS,2018-12-07,7FGq80cy8juXBCD2nrqdWU,Friends Keep Secrets/Interscope Records,USUM71809132,44427406,"5CiGnKThu5ctn9pBxv7DGa, 26VFTg2z8YR0cCuwLzESi2, 6LuN9FCkKOj5PcnpouEgny"
Introduction,XXXTENTACION,emo rap,Hip Hop,SKINS,2018-12-07,0QSt5KmJzRqU1gFJJfQJ0Q,Bad Vibes Forever / EMPIRE,USUYG1226217,2329429,15UsOTVnJzReFVN1VCnxy4
Wake Up in the Sky,"Gucci Mane, Bruno Mars, Kodak Black","southern hip hop, rap, trap, ",Hip Hop,Evil Genius,2018-12-07,2G1tXoGBaEMJ7FKGnkf6ud,Guwop Enterprises/Atlantic,USAT21811087,35022182,"13y7CgLHjMVRMDqxdx0Xdo, 0du5cEVh5yTK9QJze8zA0C, 46SHBwWsqBkxI7EeeBEQG7"
lovely,"Billie Eilish, Khalid",,,dont smile at me (Expanded Edition),2017-08-11,1NJcg626wLln4pGHpiV7mf,Darkroom,USUM71804190,30926204,"6qqNVTkY8uBg9cP3Jd7DAH, 6LuN9FCkKOj5PcnpouEgny"
idontwannabeyouanymore,Billie Eilish,,,dont smile at me (Expanded Edition),2017-08-11,40T5GIqQ1CegGm2PTEl8Bu,Darkroom,USUM71707712,22583760,6qqNVTkY8uBg9cP3Jd7DAH
Roses (with Juice WRLD feat. Brendon Urie),"benny blanco, Juice WRLD, Brendon Urie","melodic rap, emo rap, ",Hip Hop,FRIENDS KEEP SECRETS,2018-12-07,1KVczjazCcCCgM3gXXUl47,Friends Keep Secrets/Interscope Records,USUM71820961,14515294,"5CiGnKThu5ctn9pBxv7DGa, 4MCBfE4596Uoi2O4DtmEMz, 6eYFryfcEu3QSq59D62wZQ"
BiPolar (feat. Quavo),"Gucci Mane, Quavo","southern hip hop, rap, trap, ",Hip Hop,Evil Genius,2018-12-07,5Ta1sXtO9tXOaUacYm7tH8,Guwop Enterprises/Atlantic,USAT21812664,806759,"13y7CgLHjMVRMDqxdx0Xdo, 0VRj0yCOv2FXJNP47XQnx5"
Project Dreams,"Marshmello, Roddy Ricch","edm, melodic rap","Electronic, Hip Hop",Project Dreams,2018-12-07,0PowxVSTY2uh1CPc8EPKyX,Joytime Collective,TCADZ1825745,2640672,"64KEffDW9EtZ1y2vBYgq8T, 757aE44tKEUQEqRuT6GnEB"
One More Sleep,Leona Lewis,,,"Christmas, With Love",2013-12-02,78pn8k7RogKo2oxl0DyX6d,Syco Music,GBHMU1300298,11097834,5lKZWd6HiSCLfnDGrq9RAm
"Santa Claus Is Comin' to Town - Live at C.W. Post College, Greenvale, NY - December 1975",Bruce Springsteen,,,"Santa Claus Is Comin' to Town (Live at C.W. Post College, Greenvale, NY - December 1975)",1981-00-00,6s2wpWPFPAgKg2LXxi1Oee,NITRON concepts,USSM17500461,11009747,3eqjTLE0HfPfh78zjh6TqT
You Make It Feel Like Christmas (feat. Blake Shelton),"Gwen Stefani, Blake Shelton",country,Country,You Make It Feel Like Christmas,2017-10-06,2OQ6a4CfUeYskpTTgyawyJ,UMGRI Interscope,USUM71708114,9538010,"4yiQZ8tQPux8cPriYMWUFP, 1UTPBmNbXNTittyMJrNkvw"
White Christmas (with Shania Twain),"Michael Bublé, Shania Twain","christmas, country","Jazz, Country",Christmas,2011-10-24,2gbCG4Rt9984UZ7Tc0dIFd,143/Reprise,USRE11100703,8728172,"1GxkXlMwML1oSg5eLPiAz3, 5e4Dhzv426EvQe3aDb64jL"
Armed And Dangerous,Juice WRLD,"melodic rap, emo rap",Hip Hop,Goodbye & Good Riddance,2018-12-10,5wujBwqG7INdStqGd4tRMX,Juice WRLD Mixtape / ISR P&D,USUG11802039,19506389,4MCBfE4596Uoi2O4DtmEMz
It's Beginning to Look a Lot Like Christmas (with Mitchell Ayres & His Orchestra),"Perry Como, The Fontane Sisters, Mitchell Ayres & His Orchestra","christmas, adult standards, ","Easy listening, Jazz",Greatest Christmas Songs,1999-08-23,2pXpURmn6zC5ZYDMms6fwa,RCA Records Label,USRC15106173,20313218,"5v8jlSmAQfrkTjAlpUfWtu, 1Ml4OuStDoympbREURAM15, 0HS96tPggl2nwiz3gNWWI5"
It's Not Living (If It's Not With You),The 1975,,,A Brief Inquiry Into Online Relationships,2018-11-30,3TgMcrV32NUKjEG2ujn9eh,Polydor Records,GBK3W1800838,646790,3mIj9lX2MWuHmhNCA7LSCW
Lucid Dreams,Juice WRLD,"melodic rap, emo rap",Hip Hop,Goodbye & Good Riddance,2018-12-10,285pBltuF7vW8TeWk8hdRR,Juice WRLD Mixtape / ISR P&D,USUG11800685,36399991,4MCBfE4596Uoi2O4DtmEMz
All Girls Are The Same,Juice WRLD,"melodic rap, emo rap",Hip Hop,Goodbye & Good Riddance,2018-12-10,4VXIryQMWpIdGgYR4TrjT1,Juice WRLD Mixtape / ISR P&D,USUG11800651,7849634,4MCBfE4596Uoi2O4DtmEMz
BEBE,"6ix9ine, Anuel AA","reggaeton, trap latino, urbano latino, latin",Latin,DUMMY BOY,2018-11-27,4KkUjFkcQvGvWekl8RATDn,Scumgang Records,QMEU31816243,26379622,"7gZfnEnfiaHzxARJ2LeXrf, 2R21vXR83lH98kGeO99Y66"
FEFE,"6ix9ine, Nicki Minaj, Murda Beatz",,,DUMMY BOY,2018-11-27,4QIyEq7TcTdAcxjI2AFlAK,Scumgang Records,QMEU31894160,21599728,"7gZfnEnfiaHzxARJ2LeXrf, 0hCNtLu0JehylgoiP8L4Gh, 3CbYyyd8wH3RT6t0jwpdzC"
MoshPit (feat. Juice WRLD),"Kodak Black, Juice WRLD","melodic rap, emo rap",Hip Hop,MoshPit (feat. Juice WRLD),2018-12-12,6RWa3fCOR5QQrQ9A3Wd3KR,Atlantic Records,USAT21812418,754011,"46SHBwWsqBkxI7EeeBEQG7, 4MCBfE4596Uoi2O4DtmEMz"
Best Part (feat. H.E.R.),"Daniel Caesar, H.E.R.",r&b,R&B,H.E.R.,2017-10-20,4OBZT9EnhYIV17t4pGw7ig,MBK Entertainment/RCA Records,CADDS1700022,6135010,"20wkVLutqVOYrc0kxFs7rA, 3Y7RZ31TRPVadSFVy1o8os"
imagine,Ariana Grande,pop,Pop,imagine,2018-12-14,0todbbT9g5uQGbeFCiBf2F,Republic Records,USUM71822236,39037947,66CXWjxzNUsdJxJ2JdwvnR
ZEZE (feat. Travis Scott & Offset),"Kodak Black, Offset, Travis Scott",rap,Hip Hop,Dying to Live,2018-12-14,0FZ4Dmg8jJJAPJnvBIzD9z,Atlantic Records,USAT21811523,45397849,"46SHBwWsqBkxI7EeeBEQG7, 4DdkRBBYG6Yk9Ka8tdJ9BW, 0Y5tJX1MQlPlqiwlOH1tJY"
MoshPit (feat. Juice WRLD),"Kodak Black, Juice WRLD","melodic rap, emo rap",Hip Hop,Dying to Live,2018-12-14,4KX8vXbouybtUptEyYxtIk,Atlantic Records,USAT21812418,6932039,"46SHBwWsqBkxI7EeeBEQG7, 4MCBfE4596Uoi2O4DtmEMz"
Hope,"The Chainsmokers, Winona Oak",,,Sick Boy,2018-12-14,4BiiOzZCrXEzHRLYcYFiD5,Disruptor Records/Columbia,USQX91803485,3229250,"69GGBxA162lTqCwzJG5jLp, 3XC57xz74X3xUi1hv4mge1"
"Familia (with Anuel Aa, feat. Bantu) - Spider-Man: Into the Spider-Verse","Nicki Minaj, Anuel AA, Bantu","reggaeton, trap latino, urbano latino, latin, afro house","Electronic, Latin",Spider-Man: Into the Spider-Verse (Soundtrack From & Inspired by the Motion Picture),2018-12-14,4Uy3kNxW2kB8AEoXljEcth,Universal Records,USUM71820327,13152435,"0hCNtLu0JehylgoiP8L4Gh, 2R21vXR83lH98kGeO99Y66, 6tt0iYnpHERj05WATWRiom"
Calling My Spirit,Kodak Black,,,Dying to Live,2018-12-14,2MShy1GSSgbmGUxADNIao5,Atlantic Records,USAT21812416,5997093,46SHBwWsqBkxI7EeeBEQG7
There You Are,ZAYN,,,Icarus Falls,2018-12-13,155EsNGoXo7XSVF84oTPam,RCA Records Label,USRC11803754,930721,5ZsFI1h6hIdQRw2ti0hz81
Lost Control,"Alan Walker, Sorana",,,Different World,2018-12-14,0lG6QM1jjbbX5UUn3DPmrZ,Kreatell Music,NOG841813020,875243,"7vk5e3vY1uw9plTHJAMwjN, 1PnnRNGfichOAfPOn5mVyx"
Solo de Mi,Bad Bunny,"reggaeton, trap latino, latin, urbano latino",Latin,Solo de Mi,2018-12-14,5YOkA7qd2983FtBQnP8sYx,Rimas Music,QM7281869444,8750990,4q3ewBCX7sLwd24euuV69X
Scared of the Dark (feat. XXXTENTACION),"Lil Wayne, Ty Dolla $ign, XXXTENTACION","rap, hip hop, emo rap",Hip Hop,Spider-Man: Into the Spider-Verse (Soundtrack From & Inspired by the Motion Picture),2018-12-14,3vWzyGTu6Ovo1GdrcJqH6e,Universal Records,USUM71820737,792097,"55Aa2cqylxrFIXC767Z865, 7c0XG5cIJTrrAgEC3ULPiq, 15UsOTVnJzReFVN1VCnxy4"
Reggaetón en lo Oscuro,Wisin & Yandel,"reggaeton, urbano latino",Latin,Los Campeones del Pueblo  The Big Leagues ,2018-12-14,7LLXLd0pisbEAdIVK502VM,Sony Music Latin,USSD11800356,703899,1wZtkThiXbVNtj6hee6dz9
Amanece,"Anuel AA, Haze","reggaeton, trap latino, urbano latino, latin",Latin,Amanece,2018-12-14,1LiN0Z98FkR1t0m8KmLcAH,House of Haze,USDXS1806044,14511856,"2R21vXR83lH98kGeO99Y66, 77iZVjeYoYSl5P0K9mIiUE"
Thank God It's Christmas - 2011 Remaster,Queen,"classic rock, rock, glam rock",Rock,The Works (Deluxe Remastered Version),1984-02-27,3AymrUApW5JKKaNrHQhcBG,Hollywood Records,GBUM71103767,7983728,1dfeR4HaWDbWqFHLkxsg1d
What Christmas Means To Me,Stevie Wonder,"motown, soul",R&B,Someday At Christmas,1967-11-01,3h1EREJfCwyv6cG7CGak5d,Motown,USMO16782670,7980221,7guDJrEfX3qb6FEbdPA5qi
Rudolph The Red-Nosed Reindeer,Dean Martin,"christmas, adult standards, big band, swing music","Easy listening, Jazz",A Winter Romance,1959-01-01,2L9QLAhrvtP4EYg1lY0Tnw,Capitol Records,USCA28900496,6074706,49e4v89VmlDcFCMyDv9wQ9
Sunflower - Spider-Man: Into the Spider-Verse,"Post Malone, Swae Lee",,,Spider-Man: Into the Spider-Verse (Soundtrack From & Inspired by the Motion Picture),2018-12-14,3KkXRkHbMCARz0aVfEt68P,Universal Records,USUM71814888,55641962,"246dkjvS1zLTtiykXe5h60, 1zNqQNIdeOUZHb8zbZRFMX"
Splashin,Rich The Kid,trap,Hip Hop,Splashin,2018-12-04,79OEIr4J4FHV0O3KrhaXRb,Rich The Kid / (TDE/ISR PS),USUM71820721,6057970,1pPmIToKXyGdsCF6LmqLmI
In My Head,Peter Manos,,,In My Head,2018-05-15,1tT55K6VEyO6XFDxK4lDQe,Peter Manos / Human Re Sources,TCADC1791536,4727860,4K9aclpXgCPNFGEqRlFPal
This Feeling,"The Chainsmokers, Kelsea Ballerini",country,Country,Sick Boy,2018-12-14,4NBTZtAt1F13VvlSKe6KTl,Disruptor Records/Columbia,USQX91802210,8665898,"69GGBxA162lTqCwzJG5jLp, 3RqBeV12Tt7A8xH3zBDDUF"
Sleigh Ride,The Ronettes,christmas,Jazz,A Christmas Gift For You From Phil Spector,1963-00-00,5ASM6Qjiav2xPe7gRkQMsQ,Legacy Recordings,USSM10905166,15229740,7CyeXFnOrfC1N6z4naIpgo
My Only Wish (This Year),Britney Spears,pop,Pop,Five Songs Of Christmas - Pop,2012-11-16,1UQbxSOVbauPxaUh337GTx,Legacy Recordings,USJI10000522,11233213,26dSoYclwsYLMAKD3tpOr4
a lot,21 Savage,,,i am > i was,2018-12-21,2t8yVaLvJ0RenpXUIAC52d,"Slaughter Gang, LLC/Epic Records",QZ45A1700126,17000702,1URnnhqYAYcrqrcwql10ft
monster,21 Savage,,,i am > i was,2018-12-21,2FUNBaa5DwItJtYEBgAblU,"Slaughter Gang, LLC/Epic Records",QZ45A1700096,16080793,1URnnhqYAYcrqrcwql10ft
all my friends,21 Savage,,,i am > i was,2018-12-21,4paAidoE8VAemwU4jgCc6l,"Slaughter Gang, LLC/Epic Records",QZ45A1700090,11827801,1URnnhqYAYcrqrcwql10ft
break da law,21 Savage,,,i am > i was,2018-12-21,5ZSIExfQuVv69tw5Qw3yDl,"Slaughter Gang, LLC/Epic Records",QZ45A1700085,3614156,1URnnhqYAYcrqrcwql10ft
1.5,21 Savage,,,i am > i was,2018-12-21,2wOXxtHZgRkkrkEbKLzzqs,"Slaughter Gang, LLC/Epic Records",QZ45A1700089,3555036,1URnnhqYAYcrqrcwql10ft
can't leave without it,21 Savage,,,i am > i was,2018-12-21,0hPLZrnDgtKxrym1BHjDhd,"Slaughter Gang, LLC/Epic Records",QZ45A1700091,5370840,1URnnhqYAYcrqrcwql10ft
gun smoke,21 Savage,,,i am > i was,2018-12-21,4f1XXGjZZ9EkFkrbPJek6X,"Slaughter Gang, LLC/Epic Records",QZ45A1700088,3215987,1URnnhqYAYcrqrcwql10ft
out for the night,21 Savage,,,i am > i was,2018-12-21,0ZKKJTv21zJpNrKiL0LYyV,"Slaughter Gang, LLC/Epic Records",QZ45A1700087,3079434,1URnnhqYAYcrqrcwql10ft
asmr,21 Savage,,,i am > i was,2018-12-21,2QgfDF0fQ4sskDthP8MG5w,"Slaughter Gang, LLC/Epic Records",QZ45A1700092,3166871,1URnnhqYAYcrqrcwql10ft
a&t,21 Savage,,,i am > i was,2018-12-21,6ho88pvz4c8WCSFbdVXNia,"Slaughter Gang, LLC/Epic Records",QZ45A1700086,2212430,1URnnhqYAYcrqrcwql10ft
Startender (feat. Offset and Tyga),"A Boogie Wit da Hoodie, Tyga, Offset","melodic rap, ",Hip Hop,Hoodie SZN,2018-12-21,0jAfdqv18goRTUxm3ilRjb,Highbridge the Label / Atlantic Records,USAT21812919,11909703,"31W5EY0aAly4Qieq6OFu6I, 5LHRHt1k9lMyONurDHEdrp, 4DdkRBBYG6Yk9Ka8tdJ9BW"
ball w/o you,21 Savage,,,i am > i was,2018-12-21,50a8bKqlwDEqeiEknrzkTO,"Slaughter Gang, LLC/Epic Records",QZ45A1700093,2902212,1URnnhqYAYcrqrcwql10ft
Benzema,Capital Bra,german hip hop,Hip Hop,Benzema,2018-12-21,7KPGeiXWDsGEvFK62wzU8E,Bra Musik,DEFZ71800081,9641771,4WZGDpNwrC0vNQyl9QzF7d
Fire On Fire - From  Watership Down ,Sam Smith,soft pop,Pop,Fire On Fire (From  Watership Down ),2018-12-21,5rFj8OzffT0iggSjcBaeND,PLG - Capitol,GBUM71807533,4181955,2wY79sveU1sp5g7SokKOiI
Demons and Angels (feat. Juice WRLD),"A Boogie Wit da Hoodie, Juice WRLD","melodic rap, emo rap",Hip Hop,Hoodie SZN,2018-12-21,3L19besdNQzd342qL78xqm,Highbridge the Label / Atlantic Records,USAT21812920,5030252,"31W5EY0aAly4Qieq6OFu6I, 4MCBfE4596Uoi2O4DtmEMz"
Look Back at It,A Boogie Wit da Hoodie,melodic rap,Hip Hop,Hoodie SZN,2018-12-21,3Ol2xnObFdKV9pmRD2t9x8,Highbridge the Label / Atlantic Records,USAT21812667,9805991,31W5EY0aAly4Qieq6OFu6I
Swervin (feat. 6ix9ine),"A Boogie Wit da Hoodie, 6ix9ine","melodic rap, ",Hip Hop,Hoodie SZN,2018-12-21,1wJRveJZLSb1rjhnUHQiv6,Highbridge the Label / Atlantic Records,USAT21812918,3165720,"31W5EY0aAly4Qieq6OFu6I, 7gZfnEnfiaHzxARJ2LeXrf"
pad lock,21 Savage,,,i am > i was,2018-12-21,5stbfxsPi8gcOH2LCuA4Le,"Slaughter Gang, LLC/Epic Records",QZ45A1700095,863756,1URnnhqYAYcrqrcwql10ft
good day,21 Savage,,,i am > i was,2018-12-21,2LqoYvMudv9xoTqNLFKILj,"Slaughter Gang, LLC/Epic Records",QZ45A1700094,857246,1URnnhqYAYcrqrcwql10ft
4L,21 Savage,,,i am > i was,2018-12-21,1uULQtJ8rbsX5TwjPpPc9Q,"Slaughter Gang, LLC/Epic Records",QZ45A1700129,842608,1URnnhqYAYcrqrcwql10ft
letter 2 my momma,21 Savage,,,i am > i was,2018-12-21,55xNjVrGJxgqcEFqCyejTM,"Slaughter Gang, LLC/Epic Records",QZ45A1700097,815068,1URnnhqYAYcrqrcwql10ft
Lelele,"Azet, Zuna",german hip hop,Hip Hop,Lelele,2018-12-20,31Zs71Yb7YoPlFx2p1uKRX,KMN Gang,DEQ021808483,798854,"39KEQQAG9JhIt71g9NEVhh, 2otUckChxWf2cp6UP2cD6e"
Joy To The World,Nat King Cole,"christmas, adult standards, vocal jazz","Easy listening, Jazz",The Christmas Song (Expanded Edition),1962-00-00,1VuAamHM7P3VQQEXYGG3Uu,CAPITOL CATALOG MKT (C92),USCA29900569,5139885,7v4imS0moSyGdXyLgVTIV7
Christmas (Baby Please Come Home),Darlene Love,christmas,Jazz,Five Songs Of Christmas - Romantic,2012-11-16,6bNuwzORFWORu9Ym7dBCPl,Legacy Recordings,USSM10905172,5199127,391oLRVmoTkumiN79HkTWu
I'll Be Home for Christmas,Michael Bublé,christmas,Jazz,Christmas,2011-10-24,0tXPhc8LvM4dPvoRwI66XQ,143/Reprise,USRE11100712,5032726,1GxkXlMwML1oSg5eLPiAz3
Do You Hear What I Hear?,Bing Crosby,christmas,Jazz,Winter Wonderland,1998-01-01,4EZUcj7c8n9pWIwHqN0DoH,EMI Gold,USCA29000190,4989785,6ZjFtWeHP9XN7FeKSUe80S
"Baby, It's Cold Outside",Dean Martin,"christmas, adult standards, big band, swing music","Easy listening, Jazz",A Winter Romance,1959-01-01,4MrfQL4TYQXJBlZYpAHTuE,Capitol Records,USCA25900260,4927356,49e4v89VmlDcFCMyDv9wQ9
Jingle Bells (feat. The Puppini Sisters),"Michael Bublé, The Puppini Sisters","christmas, swing music, electro swing","Jazz, Easy listening",Christmas,2011-10-24,4qBejt9FeqLI9blHI1Nq1x,143/Reprise,USRE11100702,4832463,"1GxkXlMwML1oSg5eLPiAz3, 1svaANJTE5KrG16fTGDqOs"
Mistletoe And Holly - Remastered 1999,Frank Sinatra,"christmas, big band, adult standards, swing music, vocal jazz, jazz","Easy listening, Jazz",A Jolly Christmas From Frank Sinatra,1957-09,7faDzZnZYqTyYThx2sbHVQ,Capitol Records,USCA29900547,4805440,1Mxqyy3pSjf8kZZL4QVxS0
Santa Claus Is Coming To Town,The Jackson 5,"motown, christmas","Jazz, R&B",Jackson Five Christmas Album,1970-01-01,4rMWDm28mERZcRPc1f3yir,UNI/MOTOWN,USMO17082641,5477986,2iE18Oxc8YSumAU232n4rW
Happy Xmas (War Is Over) (feat. Sean Ono Lennon),"Miley Cyrus, Mark Ronson, Sean Ono Lennon",,,Happy Xmas (War Is Over) (feat. Sean Ono Lennon),2018-12-14,5KHzV8Gf3aweIMImliFAOs,Columbia,GBARL1801766,3342991,"5YGY8feqx7naU7z4HrwZM6, 3hv9jJF3adDNsBSIQDqcjp, 5JUYSPkis2Mk6HUbmMqk1m"
Jingle Bells - Remastered 1999,Frank Sinatra,"christmas, big band, adult standards, swing music, vocal jazz, jazz","Easy listening, Jazz",A Jolly Christmas From Frank Sinatra,1957-09,4HEOgBHRCExyYVeTyrXsnL,Capitol Records,USCA29900545,3800254,1Mxqyy3pSjf8kZZL4QVxS0
I Saw Mommy Kissing Santa Claus,The Jackson 5,"motown, christmas","Jazz, R&B",Jackson Five Christmas Album,1970-01-01,0vmANNClszGQZ0FISySK61,UNI/MOTOWN,USMO17082669,3697704,2iE18Oxc8YSumAU232n4rW
Have Yourself A Merry Little Christmas -  Meet Me In St. Louis  Original Cast Recording,Judy Garland,christmas,Jazz,The Complete Decca Masters (Plus),1994-01-01,4eqne0oIdt9GW2ubiliny0,Interscope,USMC14447439,3499253,0hItVPjwJLVZrFqOyIsxPf
Little Saint Nick - 1991 Remix,The Beach Boys,baroque pop,Pop,The Beach Boys' Christmas Album,1964-11-09,5xlS0QkVrSH7ssEbBgBzbM,Capitol Records,USCA29100193,3729933,3oDbviiivRWhXwIE8hxkVV
Here Comes Santa Claus (Right Down Santa Claus Lane) - 1947 Version,Gene Autry,christmas,Jazz,Rudolph The Red Nosed Reindeer And Other Christmas Classics,1947-00-00,25leEEaz1gIpp7o21Fqyjo,Columbia/Legacy,USSM10309760,3434351,5ixB75BQR3ADoWQkcHQJTs
Cold December Night,Michael Bublé,christmas,Jazz,Christmas,2011-10-24,4FPrAERfkPKOBKrRoyuxLu,143/Reprise,USRE11100711,3183010,1GxkXlMwML1oSg5eLPiAz3
Christmas Time,Backstreet Boys,,,Kerst,2006-11-20,5x37oQPX5730aqxlvXT2qa,Sony BMG Music Entertainment,USJI10000524,3025055,5rSXSAkZ67PYJSvpUpkOr7
Wow.,Post Malone,,,Wow.,2018-12-24,6MWtB6iiXyIwun0YzU6DFP,Republic Records,USUM71822626,30782007,246dkjvS1zLTtiykXe5h60
Solo de Mi,Bad Bunny,"reggaeton, trap latino, latin, urbano latino",Latin,X 100PRE,2018-12-23,4uP3pUP18ennmz0tb3GphR,Rimas Entertainment LLC,QM7281869444,11516590,4q3ewBCX7sLwd24euuV69X
Christmas Time,Bryan Adams,,,Ultimate Pop Christmas,2007-01-01,0hnErtVKN1JyvfBNfpWDpO,Spectrum,USUMG9900538,1430908,3Z02hBLubJxuFJfhacLSDc
Wonderful Dream (Holidays Are Coming) - Radio Version,Melanie Thornton,christmas,Jazz,Ready To Fly,2001-01-01,0SvD6EdetxVtXei2JhkV4B,X-cell Records,DEE860100979,1376866,2apYMRrg5FxN4go0pfsCvf
Mary's Boy Child / Oh My Lord,Boney M.,disco,R&B,Worldmusic for Christmas,2017-11-10,2qqZ5fOGuNvYVzgPFDLQ4l,Sony Music Catalog,DED167800014,2393013,54R6Y0I7jGUCveDTtI21nb
Baby It's Cold Outside (with Michael Bublé),"Idina Menzel, Michael Bublé","musicals, christmas","Jazz, Classical",Holiday Wishes,2014-10-10,0Ie5uiv54KgCr7P4sYDTHl,Warner Records,USWB11402616,2436713,"73Np75Wv2tju61Eo9Zw4IR, 1GxkXlMwML1oSg5eLPiAz3"
Merry Xmas Everybody,Slade,"glam rock, christmas","Jazz, Rock",Wall Of Hits,1991-01-01,3iwZ8hg0q1kTBB5kjg0nO4,Polydor Records,GBAKW7301006,2344557,10n5lhNDoSMUHWLlnST1yw
Sleigh Ride,Ella Fitzgerald,"vocal jazz, jazz, swing music, jazz blues, big band, christmas","Easy listening, Jazz, Blues",Ella Wishes You A Swinging Christmas (Expanded Edition),1960-00-00,79a2ejVzj2SpXkpWdfv1Co,Universal Classics & Jazz,USF096025290,2576673,5V0MlUE1Bft0mbLlND7FJz
It's Beginning To Look Like Christmas,Bing Crosby,christmas,Jazz,White Christmas,1945-01-01,44mYhOVgerj2qPjkGDVA6n,Geffen,USMC15151057,2461503,6ZjFtWeHP9XN7FeKSUe80S
"White Christmas - Spotify Singles - Holiday, Recorded at Air Studios, London",George Ezra,,,"White Christmas (Spotify Singles - Holiday, Recorded at Air Studios, London)",2017-11-29,7F9oCEKbqjN99cV5HpvYER,Columbia,GBARL1702164,2285091,2ysnwxxNtSgbb9t1m2Ur4j
Shake Up Christmas,Train,soft pop,Pop,"Save Me, San Francisco (Golden Gate Edition)",2010-12-01,1NghHeg0wE32eBYrQBVQXL,Columbia,USSM11003859,2308748,3FUY2gzHeIiaesXtOAdB7A
Feliz Navidad - Recorded at Spotify Studios NYC,Why Don't We,,,Spotify Singles - Christmas,2018-11-19,4uqRDeCgXPLQFYqA5uf5Tr,Atlantic Records,USAT21811936,2017932,2jnIB6XdLvnJUeNTy5A0J2
Last Christmas,Ariana Grande,pop,Pop,Christmas Kisses,2013-01-01,5xDrO9DEDJGUQGfyoHvgDJ,Universal Records,USUM71318388,2403070,66CXWjxzNUsdJxJ2JdwvnR
NI BIEN NI MAL,Bad Bunny,"reggaeton, trap latino, latin, urbano latino",Latin,X 100PRE,2018-12-23,278kSqsZIiYp8p3QjYAqa8,Rimas Entertainment LLC,QM7281884659,6329540,4q3ewBCX7sLwd24euuV69X
Oh Holy Night,Nina Nesbitt,,,Oh Holy Night,2018-11-19,2HD7DoEe9FdtvGdAdQIv5W,Sony Music/Seven.One Starwatch,GBCEJ1800217,2327980,7AzjETXRUKNRSJHMW9GIqd
Man With The Bag,Jessie J,,,This Christmas Day,2018-10-26,2Ysi49tRdVH74d1Cnc4o94,Republic Records,USUM71517734,2307697,2gsggkzM5R49q6jpPvazou
Christmas (Baby Please Come Home),Michael Bublé,christmas,Jazz,Christmas,2011-10-24,66WPXyhXqMlkM1kZhyEXWK,143/Reprise,USRE11100708,2143161,1GxkXlMwML1oSg5eLPiAz3
This Christmas,Christina Aguilera,,,My Kind Of Christmas,2000-11-03,32h59T8q2SonUPJ006lyXt,RCA Records Label,USRC10000697,2307465,1l7ZsJRRS8wlW3WfJfPfNS
Have Yourself a Merry Little Christmas,Christina Aguilera,,,My Kind Of Christmas,2000-11-03,0iV9yfj1knFNOSEiuTHZwl,RCA Records Label,USRC10000692,2386053,1l7ZsJRRS8wlW3WfJfPfNS
Happy Xmas (War Is Over),Céline Dion,variété française,,Ihre schönsten Weihnachtslieder,1993-00-00,1wur1SW656paPv7EyTqWu4,Columbia,CAC229800219,2203484,4S9EykWXhStSc15wEx8QFK
Sleigh Ride,Carpenters,"christmas, adult standards","Easy listening, Jazz",Christmas Portrait (Special Edition),1978-00-00,597IVBYr60vm0HKjgOnztJ,Universal Special Markets,USWWW0129703,2413982,1eEfMU2AhEo7XnKgL7c304
Mele Kalikimaka (Merry Christmas),"Bing Crosby, The Andrews Sisters","christmas, big band, swing music","Easy listening, Jazz",White Christmas,1945-01-01,04vLj9QUXoKdRlsp3gkURo,Geffen,USMC15005830,2313200,"6ZjFtWeHP9XN7FeKSUe80S, 2NCGI6dLTxLdI9XHdv7QfM"
This Christmas,Donny Hathaway,soul,R&B,Donny Hathaway,1971-00-00,7MSYSOobsombc1mbDWFxtD,Rhino Atlantic,USAT20180585,2381333,0HU0U9kdXEHZVxUNbuQe8S
All I Want for Christmas Is You,Michael Bublé,christmas,Jazz,Christmas,2011-10-24,0xPaZrF25ltzvz1a2Pm5DQ,143/Reprise,USRE11100704,2091387,1GxkXlMwML1oSg5eLPiAz3
Rockin' Around the Christmas Tree - Rerecorded Version,Brenda Lee,christmas,Jazz,A Brenda Lee Christmas,1991-00-00,09OojFvtrM9YRzRjnXqJjA,Warner Records,USWB19903772,1070562,4cPHsZM98sKzmV26wlwD2W
Please Come Home For Christmas - Bonus Track,Eagles,"classic rock, soft rock",Rock,Long Road Out Of Eden,2007-01-01,70f0ToGXTEtLKFSwHMbHoC,Universal Music Group International,USJ5T0700064,1029818,0ECwFtbIWEVNwjlrfc6xoL
Do They Know It's Christmas? - 2014,Band Aid 30,christmas,Jazz,Do They Know It's Christmas? (2014),2014-01-01,3iMRGDhn0ghHIUMmlKrJOh,EMI,GBUM71406395,1019409,6KfzyefHYuqfWaI5taICaN
O Holy Night,Mariah Carey,christmas,Jazz,Merry Christmas,1994-10-28,3B7FO3kJ5kv3mX7yiaB7sT,Columbia,USSM19400521,2021998,4iHNK0tOyZPYnBU7nGAgpQ
Christmas Time Is Here - Recorded at Sound Emporium Nashville,Devin Dawson,country,Country,Spotify Singles - Christmas,2018-11-19,1dinW5tLGDdPhxtW8vMkUn,Atlantic/Warner Music Nashville,USWB11802361,2081504,2ySHS7UojGu20XfUPaBlyu
Christmas All Over Again,Tom Petty and the Heartbreakers,classic rock,Rock,A Very Special Christmas 2,1992-01-01,4EM8ZRafUv02ugYyJoJo7o,Universal Strategic Marketing,USUG10400534,985942,4tX2TplrkIP4v05BNC903e
Silver Bells,Dean Martin,"christmas, adult standards, big band, swing music","Easy listening, Jazz",The Dean Martin Christmas Album,1966-00-00,4QX5pZQpQTgVlkqfUTDim0,Legacy Recordings,USQX91301990,2149826,49e4v89VmlDcFCMyDv9wQ9
Have Yourself a Merry Little Christmas (feat. Esperanza Spalding),"John Legend, Esperanza Spalding","soft pop, neo soul, vocal jazz, jazz","Jazz, R&B, Pop",A Legendary Christmas,2018-10-26,3yQbBL8hsYtUhXSrmbKq8X,Columbia,USSM11807715,963243,"5y2Xq6xcjJb2jVM54GHK3t, 5bepW5vcdRzheNc0F8lHJ5"
Sleigh Ride (with Percy Faith & His Orchestra),"Johnny Mathis, Percy Faith & His Orchestra","christmas, orchestra, easy listening","Jazz, Easy listening, Classical",Merry Christmas (with Percy Faith & His Orchestra),1958-10-06,6XAdcAseYtijN0QUnQFsH2,Columbia,USSM19922270,1999930,"21LGsW7bziR4Ledx7WZ1Wf, 24DQLSng7bKZD4GXLIaQbv"
Rudolph The Red-Nosed Reindeer,Burl Ives,christmas,Jazz,Have A Holly Jolly Christmas,1965-01-01,4hXAK3mjFVFOOiJQ3rKAXi,Geffen,USMC16516116,2098432,0MHgLfmQdutffmvWe5XBTN
Have Yourself a Merry Little Christmas,Michael Bublé,christmas,Jazz,Christmas,2011-10-24,1DnSNqCQM3LUxqFuXt184Q,143/Reprise,USRE11100707,1841687,1GxkXlMwML1oSg5eLPiAz3
Here Comes Santa Claus (Right Down Santa Claus Lane),Elvis Presley,"rockabilly, rock and roll",Rock,Elvis' Christmas Album,1957-10-15,7n7VsX3sv66znBwA8b5uhp,RCA Victor,USRC15701156,1926451,43ZHCT0cAZBISjO8DG9PnE
The First Noel - Remastered 1999,Frank Sinatra,"christmas, big band, adult standards, swing music, vocal jazz, jazz","Easy listening, Jazz",A Jolly Christmas From Frank Sinatra,1957-09,6keKIzkXWdbwJWMBJQUwYl,Capitol Records,USCA29900550,2050932,1Mxqyy3pSjf8kZZL4QVxS0
Santa Baby,Michael Bublé,christmas,Jazz,Christmas,2011-10-24,6DwnAl6l63e83dDgIzY8P4,143/Reprise,USRE11100706,1721369,1GxkXlMwML1oSg5eLPiAz3
"You're A Mean One, Mr. Grinch - From Dr. Seuss' 'How The Grinch Stole Christmas'",Thurl Ravenscroft,christmas,Jazz,How The Grinch Stole Christmas,1999-00-00,6Tof6kPUc2a17GKaKz4IXz,Sony Classical,UST1C0450084,2084009,5Gejwv3xz2DpLcxVpMD6hL
Stop the Cavalry - Radio Edit,Jona Lewie,christmas,Jazz,The Best of Jona Lewie,2002-02-11,517HDzHbAwuGM25wiU5r9J,Metro,GBAHW0500175,1763429,3nohf4qILMr5aUSOsolwxB
Frosty The Snowman,Ella Fitzgerald,"vocal jazz, jazz, swing music, jazz blues, big band, christmas","Easy listening, Jazz, Blues",Ella Wishes You A Swinging Christmas (Expanded Edition),1960-00-00,76nIlhb7sx9W9ceQKVKreg,Universal Classics & Jazz,USF096025350,1909134,5V0MlUE1Bft0mbLlND7FJz
Caro,Bad Bunny,"reggaeton, trap latino, latin, urbano latino",Latin,X 100PRE,2018-12-23,6it15CsDlkqB7N4lF0C1qM,Rimas Entertainment LLC,QM7281884669,4335352,4q3ewBCX7sLwd24euuV69X
Bring Me Love,John Legend,"soft pop, neo soul","R&B, Pop",A Legendary Christmas,2018-10-26,1aoIbIxOlTOgH9nyiJvFPz,Columbia,USSM11807717,1882930,5y2Xq6xcjJb2jVM54GHK3t
The Christmas Song (Chestnuts Roasting On An Open Fire),"Justin Bieber, USHER",r&b,R&B,Under The Mistletoe (Deluxe Edition),2011-01-01,3eYnKe0LhQA1B5HEkQaRTP,RBMG/Def Jam,USUM71116397,1801930,"1uNFoZAHBGtllmzznpCI3s, 23zg3TcAtWQy7J6upgbUnj"
8 Days of Christmas,Destiny's Child,,,The Writing's On The Wall,1999-09-07,3WrG9BpOPQWUus3FjA1Tny,Columbia,USSM10016220,1760984,1Y8cdNmUJH7yBTd9yOvr5i
200 Mph,"Bad Bunny, Diplo","reggaeton, trap latino, latin, urbano latino, moombahton","Latin, Electronic",X 100PRE,2018-12-23,5jGUJXnELDaDTgiRjD9lsg,Rimas Entertainment LLC,QM7281884665,1621635,"4q3ewBCX7sLwd24euuV69X, 5fMUXHkw8R8eOP2RNVYEZX"
The Little Drummer Boy,Bing Crosby,christmas,Jazz,Winter Wonderland,1998-01-01,2zHu4GAsQIw2skGszWEMFY,EMI Gold,USCA28400043,1920525,6ZjFtWeHP9XN7FeKSUe80S
Thank God It's Christmas - Non-Album Single,Queen,"classic rock, rock, glam rock",Rock,The Works (Deluxe Edition 2011 Remaster),1984-02-27,2xGO2UjzxeVQSIkyg98vck,EMI,GBUM71103767,1889855,1dfeR4HaWDbWqFHLkxsg1d
Christmas Time Is Here - Vocal,Vince Guaraldi Trio,christmas,Jazz,A Charlie Brown Christmas [2012 Remastered & Expanded Edition],1965-00-00,299lFlaAsNQdgbIZNPmIA0,Craft Recordings,USC4R1201098,1054872,4ytkhMSAnrDP8XzRNlw9FS
Merry Christmas Darling - Album Version/Remix,Carpenters,"christmas, adult standards","Easy listening, Jazz",Christmas Portrait (Special Edition),1978-00-00,1QXg7pVx5hpAZWw8KIAcGw,Universal Special Markets,USWWW0129689,1005214,1eEfMU2AhEo7XnKgL7c304
2000 Miles - 2007 Remaster,Pretenders,,,Learning to Crawl (Expanded & Remastered),1984-00-00,5wTM2Bm8phDwHAuOsfBwhU,Rhino/Warner Records,GBAHT0700195,905004,0GByy3DcfbQwDvXGCWmzv9
Silent Night,Carpenters,"christmas, adult standards","Easy listening, Jazz",Christmas Portrait (Special Edition),1978-00-00,0i7lZhEMEheehKyCtBJIIL,Universal Special Markets,USWWW0129700,871756,1eEfMU2AhEo7XnKgL7c304
Sleigh Ride,Andy Williams,"christmas, adult standards","Easy listening, Jazz",Merry Christmas,1965-00-00,5ymVfeMK8cDew5vzntTuc7,Columbia/Legacy,USSM16501255,869713,4sj6D0zlMOl25nprDJBiU9
The Man With The Bag,Kay Starr,"christmas, vocal jazz",Jazz,Her Greatest Hits,2010-07-26,56dllQaFZBw3SPTiKZvqYH,Pacific,GBGVZ1010605,859869,7rpf45DdbpweG51Acze45i
Rockin' Around The Christmas Tree,Mel & Kim,christmas,Jazz,Rockin' Around The Christmas Tree,1987-11-23,5gpImN0eqlucE3a3r121SF,UMC (Universal Music Catalogue),GBAAA8700049,815389,5XnIjshjqYVE2eDVgSt9Ro
All I Want For Christmas (Is My Two Front Teeth),Nat King Cole Trio,"vocal jazz, christmas",Jazz,The Complete Capitol Recordings Of The Nat King Cole Trio,1993-01-01,4FQJyi8gnbhKy623wNx6Ps,Capitol Records,USCA29000117,811652,3OpnoUqoRIHWbsFs4Nw0NQ
I Wish It Could Be Christmas Everyday,Wizzard,"christmas, glam rock","Jazz, Rock",I Wish It Could Be Christmas Everyday,2007-11-19,1mH6tZC6iXIHPI6EixCwxw,Parlophone UK,GBAYE7300088,809924,7823Dim2TzjiQQ9wRQxyi9
Here We Come a-Caroling / We Wish You a Merry Christmas,Perry Como,"christmas, adult standards","Easy listening, Jazz",I Wish It Could Be Christmas Forever,1982-09-12,4LUAIXN6bpnEVaJZOLfuDt,RCA Records Label,USRC10101100,800397,5v8jlSmAQfrkTjAlpUfWtu
The Happiest Christmas Tree,Nat King Cole,"christmas, adult standards, vocal jazz","Easy listening, Jazz",The Christmas Song (Expanded Edition),1962-00-00,5aJP0MZjb8LtPAT5WicCZm,CAPITOL CATALOG MKT (C92),USCA20904183,795770,7v4imS0moSyGdXyLgVTIV7
Notificação Preferida - Ao Vivo,Zé Neto & Cristiano,"sertanejo, sertanejo universitário, arrocha, agronejo","Country, Latin",Esquece o Mundo Lá Fora (ao Vivo),2018-05-18,2qkNnJvQvhLiZ63X1L3eFz,Som Livre,BRWNV1800144,4119669,487N2T9nIPEHrlTZLL3SQs
What Child Is This?/The Holly And The Ivy,Bing Crosby,christmas,Jazz,Winter Wonderland,1998-01-01,4DywxkC9fZ59pBIOS8UFuX,EMI Gold,USCA28800316,779163,6ZjFtWeHP9XN7FeKSUe80S
Winter Wonderland,Hannah Kerr,"ccm, christian, christmas, pop worship","Pop, Hip Hop, Jazz",Christmas Eve in Bethlehem,2018-10-19,6KsFSrVS3DwG4xNAPQvznC,Black River Christian,USS9T1800026,777725,5FxshnB3eJ2YDn8xN8zDKq
I'll Be Home For Christmas,Bing Crosby,christmas,Jazz,White Christmas,1945-01-01,4lftz0V8DZhWSVtL4GrzMH,Geffen,USMC14303203,772392,6ZjFtWeHP9XN7FeKSUe80S
Puntos Suspensivos,Piso 21,"reggaeton, colombian pop, pop urbano","Pop, Latin",Ubuntu,2018-05-11,04cd1MHVq1D8v1nuTZoCdv,WM Mexico,MXF151800123,2439718,4bw2Am3p9ji3mYsXNXtQcd
HaifischNikez Allstars,"LX, Maxwell, Bonez MC, Gzuz, Sa4",german hip hop,Hip Hop,HaifischNikez Allstars,2018-12-28,0kLA41xkWzzYzMIEGFuDkP,187 Strassenbande,DEUM71807695,2007343,"10XY9PZCJKzUFzZOdtlQLU, 0b62itBWBdLgiecXjXCqKC, 1aS5tqEs9ci5P9KD9tZWa6, 5eioJDe26lOqkAMbuhzZYs, 5qZLYtTL3ldN6Uw7OXHESR"
Agora é Tudo Meu,"DENNIS, MC Kevinho","funk, brazilian funk, funk carioca, funk pop, funk melody","Hip Hop, R&B, Country, Pop",Agora é Tudo Meu,2018-12-07,5yH8pYxNckOU1cxfPsMIaz,Sony Music Entertainment,BRT3O1800110,2625451,"6xlRSRMLgZbsSNd0BMobwy, 1mXAhKnZEdF6rotyyd4GBi"
Quem Me Dera,"Márcia Fellipe, Jerry Smith","forró, piseiro, sertanejo, arrocha, sertanejo universitário, brega, funk, brazilian funk, brega funk","Country, Hip Hop, Pop, R&B, Latin",Made In Studio,2018-12-12,2lAyctg5FocS67eksHoyIg,Universal Music Ltda.,BRUM71803940,1986381,"3OxZ4asD88P1lJJmLcXz4K, 6OpOg5HVCc8xVf7OVrd5Fk"
Só Pra Castigar,Wesley Safadão,"forró, sertanejo, piseiro, arrocha, sertanejo universitário","Country, Latin",Ws Mais uma Vez,2018-09-12,2X8sssaxS5GReg6945B6RW,Som Livre,BRWRT1800026,1914870,1AL2GKpmRrKXkYIcASuRFa
Não Fala Não pra Mim,"Humberto & Ronaldo, Jerry Smith","sertanejo, sertanejo universitário, arrocha, funk, brazilian funk, brega funk","Country, Hip Hop, Pop, R&B, Latin",Não Fala Não pra Mim,2018-06-15,0PaAB17axL9hn88mHiw8g0,Humberto e Ronaldo,QZ5AB1964638,532741,"1zEo6Fk1iaaOYFlFPBHCFn, 6OpOg5HVCc8xVf7OVrd5Fk"
Like I Do,"David Guetta, Martin Garrix, Brooks","edm, dance, electronica, progressive house, future house",Electronic,7,2018-09-14,4aBYzs8RxZMuqyOanNlf8I,Parlophone (France),GB28K1820005,869598,"1Cs0zKBU1kc0i8ypK3B9ai, 60d24wfXkVzDSfLS6hyCjZ, 4mHAu7NX2UNsnGXjviBD9e"
Sweet Dreams (Are Made of This) - 2005 Remaster,"Eurythmics, Annie Lennox, Dave Stewart","new wave, synthpop, ","Rock, Pop",Sweet Dreams (Are Made Of This),1983-01-04,1TfqLAPs4K3s2rJMoCokcS,RCA Records Label,GBARL0300589,697842,"0NKDgy9j66h3DLnN8qu1bB, 5MspMQqdVbdwP6ax3GXqum, 7gcCQIlkkfbul5Mt0jBQkg"
I Wanna Dance with Somebody (Who Loves Me),Whitney Houston,,,Whitney,1987-06-02,2tUBqZG2AbRi7Q0BIrVrEj,Arista/Legacy,USAR18700121,692027,6XpaIBNiVzIetEPCWDvAFP
