song_name,artist_names,genres,parent_genres,album,release_date,spotify_track_id,yearly_streams,artist_ids
"thank u, next",Ariana Grande,pop,Pop,"thank u, next",2019-02-08,3e9HZxeyfWwjeyPAMmWSSQ,600237240,66CXWjxzNUsdJxJ2JdwvnR
Sunflower - Spider-Man: Into the Spider-Verse,"Post Malone, Swae Lee",,,Hollywood's Bleeding,2019-09-06,0RiRZpuVRbi7oqRdSMwhQY,986906846,"246dkjvS1zLTtiykXe5h60, 1zNqQNIdeOUZHb8zbZRFMX"
"Taki Taki (with Selena Gomez, Ozuna & Cardi B)","DJ Snake, Selena Gomez, Ozuna, Cardi B","pop, reggaeton, latin, trap latino, urbano latino, ","Latin, Pop","Taki Taki (with Selena Gomez, Ozuna & Cardi B)",2018-09-28,4w8niZpiMy6qz1mntFA5uM,353713290,"540vIaP2JwjQb9dm3aArA4, 0C8ZW7ezQVs4URX5aX7Kqx, 1i8SpTcr7yvPOmcqrbnVXY, 4kYSro6naA4h99UJvo89HB"
Wow.,Post Malone,,,Hollywood's Bleeding,2019-09-06,7xQAfvXzm3AkraOtGPWIZg,751530434,246dkjvS1zLTtiykXe5h60
MIA (feat. Drake),"Bad Bunny, Drake","reggaeton, trap latino, latin, urbano latino, rap, hip hop","Hip Hop, Latin",MIA (feat. Drake),2018-10-11,116H0KvKr2Zl4RPuVBruDO,385397401,"4q3ewBCX7sLwd24euuV69X, 3TVXtAsR1Inumwj472S9r4"
SICKO MODE,Travis Scott,rap,Hip Hop,ASTROWORLD,2018-08-03,2xLMifQCjDGFmkHkpNLD9h,458994547,0Y5tJX1MQlPlqiwlOH1tJY
Without Me,Halsey,,,Manic,2020-01-17,6FZDfxM3a3UCqtzo5pxSLZ,605653817,26VFTg2z8YR0cCuwLzESi2
Sweet but Psycho,Ava Max,,,Heaven & Hell,2020-09-18,7DnAm9FOTWE3cUvso43HhI,583092868,4npEfmQ6YuiwW1GpUmaq3F
Calma - Remix,"Pedro Capó, Farruko","latin pop, latin, reggaeton, trap latino","Latin, Pop",Calma (Remix),2018-10-05,5iwz1NiezX7WWjnCgY5TH4,591435651,"4QVBYiagIaa6ZGSPMbybpy, 329e4yvIujISKGKz1BZZbO"
Happier,"Marshmello, Bastille","edm, ",Electronic,Happier,2018-08-17,2dpaYNEQHiRxtZbfNsse99,620829467,"64KEffDW9EtZ1y2vBYgq8T, 7EQ0qTo7fWT7DPxmxtSYEc"
Adan y Eva,Paulo Londra,"argentine trap, trap latino, reggaeton","Hip Hop, Latin",Homerun,2019-05-23,132ALUzVLmqYB4UsBj5qD6,323821628,3vQ0GE3mI0dAaxIMYe5g7z
ZEZE (feat. Travis Scott & Offset),"Kodak Black, Offset, Travis Scott",rap,Hip Hop,Dying to Live,2018-12-14,0FZ4Dmg8jJJAPJnvBIzD9z,234743093,"46SHBwWsqBkxI7EeeBEQG7, 4DdkRBBYG6Yk9Ka8tdJ9BW, 0Y5tJX1MQlPlqiwlOH1tJY"
Going Bad (feat. Drake),"Meek Mill, Drake","rap, hip hop",Hip Hop,Championships,2018-11-30,2IRZnDFmlqMuOrYOLnZZyc,424959272,"20sxb77xiYeusSH8cVdatc, 3TVXtAsR1Inumwj472S9r4"
Mo Bamba,Sheck Wes,,,MUDBOY,2018-10-05,1xzBco0xcoJEDXktl7Jxrr,183562149,2RDOrhPqAM4jzTRCEb19qX
High Hopes,Panic! At The Disco,emo,Rock,Pray for the Wicked,2018-06-22,1rqqCSm0Qe4I9rUvWncaom,470921270,20JZFwl6HVl6yg8a4H3ZqK
Eastside (with Halsey & Khalid),"benny blanco, Halsey, Khalid",,,FRIENDS KEEP SECRETS,2018-12-07,7FGq80cy8juXBCD2nrqdWU,437445791,"5CiGnKThu5ctn9pBxv7DGa, 26VFTg2z8YR0cCuwLzESi2, 6LuN9FCkKOj5PcnpouEgny"
Girls Like You (feat. Cardi B) - Cardi B Version,"Maroon 5, Cardi B","pop, ",Pop,Red Pill Blues (Deluxe),2018-06-15,7fa9MBXhVfQ8P8Df9OEbD8,391247076,"04gDigrS5kc9YWfZHwBETP, 4kYSro6naA4h99UJvo89HB"
Drip Too Hard (Lil Baby & Gunna),"Lil Baby, Gunna",melodic rap,Hip Hop,Drip Harder,2018-10-05,78QR3Wp35dqAhFEc2qAGjE,268726609,"5f7VJjfbwm532GiveGC0ZK, 2hlmm7s2ICUX0LVIhVFlZQ"
I Like It,"Cardi B, Bad Bunny, J Balvin","reggaeton, trap latino, latin, urbano latino",Latin,Invasion of Privacy,2018-04-06,58q2HKrzhC3ozto2nDdN4z,232540653,"4kYSro6naA4h99UJvo89HB, 4q3ewBCX7sLwd24euuV69X, 1vyhD5VmyZ7KMfW5gqLgo5"
Better Now,Post Malone,,,beerbongs & bentleys,2018-04-27,7dt6x5M1jzdTEt8oCbisTK,405953336,246dkjvS1zLTtiykXe5h60
Lucid Dreams,Juice WRLD,"melodic rap, emo rap",Hip Hop,Goodbye & Good Riddance,2018-12-10,285pBltuF7vW8TeWk8hdRR,413902280,4MCBfE4596Uoi2O4DtmEMz
Bohemian Rhapsody - Remastered 2011,Queen,"classic rock, rock, glam rock",Rock,A Night At The Opera (2011 Remaster),1975-11-21,4u7EnebtmKWzUH433cf5Qv,445820624,1dfeR4HaWDbWqFHLkxsg1d
Shallow,"Lady Gaga, Bradley Cooper","art pop, pop, ",Pop,A Star Is Born Soundtrack,2018-10-05,2VxeLyX666F8uXCJ0dZF8B,714097238,"1HY2Jd0NmPuamShAr6KMms, 4VIvfOurcf0vuLRxLkGnIG"
God's Plan,Drake,"rap, hip hop",Hip Hop,Scorpion,2018-06-29,6DCZcSspjsKoFjzjrWoCdn,249679896,3TVXtAsR1Inumwj472S9r4
rockstar (feat. 21 Savage),"Post Malone, 21 Savage",,,beerbongs & bentleys,2018-04-27,0e7ipj03S05BNilyu5bRzt,395449434,"246dkjvS1zLTtiykXe5h60, 1URnnhqYAYcrqrcwql10ft"
SAD!,XXXTENTACION,emo rap,Hip Hop,?,2018-03-16,3ee8Jmje8o58CHK66QrVC2,360048630,15UsOTVnJzReFVN1VCnxy4
Arms Around You (feat. Maluma & Swae Lee),"XXXTENTACION, Lil Pump, Swae Lee, Maluma","emo rap, reggaeton, latin, urbano latino","Hip Hop, Latin",Arms Around You (feat. Maluma & Swae Lee),2018-10-25,2LskIZrCeLxRvCiGP8gxlh,122376635,"15UsOTVnJzReFVN1VCnxy4, 3wyVrVrFCkukjdVIdirGVY, 1zNqQNIdeOUZHb8zbZRFMX, 1r4hJ1h58CWwUQe3MxPuau"
In My Mind,"Dynoro, Gigi D'Agostino","eurodance, italo dance",Pop,In My Mind,2018-06-08,0E9ZjEAyAwOXZ7wJC0PD33,267397652,"3v6Ji4uoWtKRkhuDUaxi9n, 1OAjDaKgg00KCUYqDe68un"
imagine,Ariana Grande,pop,Pop,"thank u, next",2019-02-08,39LmTF9RgyakzSYX8txrow,119598649,66CXWjxzNUsdJxJ2JdwvnR
Ella Quiere Beber - Remix,"Anuel AA, Romeo Santos","reggaeton, trap latino, urbano latino, latin, bachata, bachata pop","Latin, Pop",Ella Quiere Beber (Remix),2018-11-02,3f5lA8nnc4YYF1qf78WpHw,214333583,"2R21vXR83lH98kGeO99Y66, 5lwmRuXgjX8xIwlnauTZIP"
Better,Khalid,,,Suncity,2018-10-18,6zeeWid2sgw4lap2jV61PZ,353040764,6LuN9FCkKOj5PcnpouEgny
Promises (with Sam Smith),"Calvin Harris, Sam Smith, Jessie Reyez","edm, soft pop, ","Electronic, Pop",Promises (with Sam Smith),2018-08-17,5N5k9nd479b1xpDZ4usjrg,206233231,"7CajNmpbOovFoOoasH2HaY, 2wY79sveU1sp5g7SokKOiI, 3KedxarmBCyFBevnqQHy3P"
when the party's over,Billie Eilish,,,"WHEN WE ALL FALL ASLEEP, WHERE DO WE GO?",2019-03-29,43zdsphuZLzwA9k4DJhU0I,521514431,6qqNVTkY8uBg9cP3Jd7DAH
One Kiss (with Dua Lipa),"Calvin Harris, Dua Lipa","edm, pop","Electronic, Pop",96 Months,2024-08-08,76dIZzTdrNO15mGBrU3MHi,179844243,"7CajNmpbOovFoOoasH2HaY, 6M2wZ9GZgrQXHCFfjv46we"
Nothing Breaks Like a Heart (feat. Miley Cyrus),"Mark Ronson, Miley Cyrus",,,Late Night Feelings,2019-06-21,02dRkCEc8Q5ch4TTcnLxOn,167869894,"3hv9jJF3adDNsBSIQDqcjp, 5YGY8feqx7naU7z4HrwZM6"
Vaina Loca,"Ozuna, Manuel Turizo","reggaeton, latin, trap latino, urbano latino, colombian pop","Pop, Latin",Aura,2018-08-24,48zFZh27QU5qsrBjn4C2FA,83761855,"1i8SpTcr7yvPOmcqrbnVXY, 0tmwSHipWxN12fsoLcFU3B"
Close To Me (with Diplo) (feat. Swae Lee),"Ellie Goulding, Diplo, Swae Lee","moombahton, ",Electronic,Close To Me (feat. Swae Lee),2018-10-24,5JEx7HbmvHQQswJCsoo9rA,241771587,"0X2BH1fck6amBIoJhDVmmJ, 5fMUXHkw8R8eOP2RNVYEZX, 1zNqQNIdeOUZHb8zbZRFMX"
Leave Me Alone,Flipp Dinero,melodic rap,Hip Hop,Leave Me Alone,2018-09-04,14mHfNsSHN0FbLftyjrV9g,119910695,2HUwZ0kumzCSlhFcjFZfpp
Moonlight,XXXTENTACION,emo rap,Hip Hop,?,2018-03-16,0JP9xo3adEtGSdUEISiszL,314664397,15UsOTVnJzReFVN1VCnxy4
Wake Up in the Sky,"Gucci Mane, Bruno Mars, Kodak Black","southern hip hop, rap, trap, ",Hip Hop,Evil Genius,2018-12-07,2G1tXoGBaEMJ7FKGnkf6ud,156117240,"13y7CgLHjMVRMDqxdx0Xdo, 0du5cEVh5yTK9QJze8zA0C, 46SHBwWsqBkxI7EeeBEQG7"
Adictiva,"Daddy Yankee, Anuel AA","reggaeton, latin, trap latino, urbano latino",Latin,Adictiva,2018-11-09,6MJUCumnQsQEKbCy28tbCP,144255522,"4VMYDCV2IEDYJArk749S6m, 2R21vXR83lH98kGeO99Y66"
In My Feelings,Drake,"rap, hip hop",Hip Hop,Scorpion,2018-06-29,2G7V7zsVDxg1yRsu7Ew9RJ,140455238,3TVXtAsR1Inumwj472S9r4
Taste (feat. Offset),"Tyga, Offset",,,Legendary,2019-06-07,2toVe5hfuIi97ytDPDbQFt,218778176,"5LHRHt1k9lMyONurDHEdrp, 4DdkRBBYG6Yk9Ka8tdJ9BW"
Be Alright,Dean Lewis,,,A Place We Knew,2019-03-22,5qrSlOut2rNAWv3ubArkNy,364068877,3QSQFmccmX81fWCUSPTS7y
Solo de Mi,Bad Bunny,"reggaeton, trap latino, latin, urbano latino",Latin,X 100PRE,2018-12-23,4uP3pUP18ennmz0tb3GphR,81880924,4q3ewBCX7sLwd24euuV69X
Shape of You,Ed Sheeran,soft pop,Pop,÷ (Deluxe),2017-03-03,7qiZfU4dY1lWllzX7mPBI3,353578651,6eUKZXaKkcviH0Ku9w2n3V
Don't Stop Me Now - Remastered 2011,Queen,"classic rock, rock, glam rock",Rock,Jazz (2011 Remaster),1978-11-10,5T8EDUDqKcs6OSOwEsfqG7,287730019,1dfeR4HaWDbWqFHLkxsg1d
Saturday Nights,Khalid,,,Suncity,2018-10-18,5kfNriitmkNE8mUbZ7gbq8,207066874,6LuN9FCkKOj5PcnpouEgny
Havana (feat. Young Thug),"Camila Cabello, Young Thug","pop, rap, melodic rap, trap","Hip Hop, Pop",Camila,2018-01-12,1rfofaqEpACxVEHIZBJe6W,202327212,"4nDoRrQiYLoBzwC5BhVJzF, 50co4Is1HCEo8bhOyUWKpn"
Youngblood,5 Seconds of Summer,,,Youngblood (Deluxe),2018-06-15,2iUXsYOEPhVqEBwsqP70rE,334669623,5Rl15oVamLq7FbSb0NNBNy
whoa (mind in awe),XXXTENTACION,emo rap,Hip Hop,SKINS,2018-12-07,7pdF27mSDuPWhppnHAmWHa,49751673,15UsOTVnJzReFVN1VCnxy4
Money,Cardi B,,,Money,2018-10-23,2GGMabyHXnJmjY6CXhhB2e,97576044,4kYSro6naA4h99UJvo89HB
Desconocidos,"Mau y Ricky, Manuel Turizo, Camilo","reggaeton, latin pop, latin, colombian pop","Pop, Latin",Para Aventuras y Curiosidades,2019-05-03,56f5qnyAlZdlz8wrUDA50h,272523952,"2wkoKEfS6dXwThbyTnZWFU, 0tmwSHipWxN12fsoLcFU3B, 28gNT5KBp7IjEOQoevXf9N"
BEBE,"6ix9ine, Anuel AA","reggaeton, trap latino, urbano latino, latin",Latin,DUMMY BOY,2018-11-27,4KkUjFkcQvGvWekl8RATDn,58832475,"7gZfnEnfiaHzxARJ2LeXrf, 2R21vXR83lH98kGeO99Y66"
Nonstop,Drake,"rap, hip hop",Hip Hop,Scorpion,2018-06-29,0TlLq3lA83rQOYtrqBqSct,101244428,3TVXtAsR1Inumwj472S9r4
Look Back at It,A Boogie Wit da Hoodie,melodic rap,Hip Hop,Hoodie SZN,2018-12-21,3Ol2xnObFdKV9pmRD2t9x8,245999607,31W5EY0aAly4Qieq6OFu6I
monster,21 Savage,,,i am > i was,2018-12-21,2FUNBaa5DwItJtYEBgAblU,37258457,1URnnhqYAYcrqrcwql10ft
Cuando Te Besé,"Becky G, Paulo Londra","reggaeton, latin, argentine trap, trap latino","Hip Hop, Latin",Cuando Te Besé,2018-08-02,2XXMDz7SPZ4mSFN1PXfHUy,44259294,"4obzFoKoKRHIphyHzJ35G3, 3vQ0GE3mI0dAaxIMYe5g7z"
Te Boté - Remix,"Nio Garcia, Casper Magico, Bad Bunny, Darell, Ozuna, Nicky Jam","reggaeton, trap latino, urbano latino, latin, dembow",Latin,Te Boté (Remix),2018-04-13,3V8UKqhEK5zBkBb6d6ub8i,78574677,"5hdhHgpxyniooUiQVaPxQ0, 1fux65HMCBvfJHqlBc4Nno, 4q3ewBCX7sLwd24euuV69X, 1TtXnWcUs0FCkaZDPGYHdf, 1i8SpTcr7yvPOmcqrbnVXY, 1SupJlEpv7RS2tPNRaHViT"
Solo (feat. Demi Lovato),"Clean Bandit, Demi Lovato",,,What Is Love? (Deluxe Edition),2018-11-30,3NuK5xMlSlB6K2Qp16zf3h,89617971,"6MDME20pz9RveH9rEXvrOM, 6S2OmqARrzebs0tKUEyXyp"
a lot,21 Savage,,,i am > i was,2018-12-21,2t8yVaLvJ0RenpXUIAC52d,208239865,1URnnhqYAYcrqrcwql10ft
New Rules,Dua Lipa,pop,Pop,Dua Lipa (Complete Edition),2015-00-00,2xJCMIJfcNYDc5iR0sAm2O,124455526,6M2wZ9GZgrQXHCFfjv46we
Psycho (feat. Ty Dolla $ign),"Post Malone, Ty Dolla $ign",,,beerbongs & bentleys,2018-04-27,3swc6WTsr7rl9DqQKQA55C,195603663,"246dkjvS1zLTtiykXe5h60, 7c0XG5cIJTrrAgEC3ULPiq"
Reggaeton,J Balvin,"reggaeton, latin",Latin,Reggaeton,2018-11-17,2D3z17LBMJ2HEHeBFFjTLi,110316702,1vyhD5VmyZ7KMfW5gqLgo5
Body (feat. brando),"Loud Luxury, Brando",,,Body (feat. brando),2017-10-27,7K7MUBCnzgBAvMVW2RTWNs,199561494,"6t1gpxYbY8OlLA7D2RiikQ, 5uEeqYFuIChoWKy34jp8xE"
Bad Liar,Imagine Dragons,,,Origins (Deluxe),2018-11-09,2RSHsoi04658QL5xgQVov3,193969417,53XhwfbYqKCa1cC15pYq2q
Kiss and Make Up,"Dua Lipa, BLACKPINK","pop, k-pop",Pop,Dua Lipa (Complete Edition),2015-00-00,13hvHEstJ4sNbzdroPrPI3,84678606,"6M2wZ9GZgrQXHCFfjv46we, 41MozSoPIsD1dJM0CLPjZF"
Ruin My Life,Zara Larsson,,,Ruin My Life,2018-10-18,5tAa8Uaqr4VvA3693mbIhU,83274204,1Xylc3o4UrD53lo9CvFvVg
KIKA,"6ix9ine, Tory Lanez",,,DUMMY BOY,2018-11-27,6Gy7rXB6Ku5vIWC7WGWsl3,56248812,"7gZfnEnfiaHzxARJ2LeXrf, 2jku7tDXc6XoB6MO2hFuqg"
The Middle,"Zedd, Maren Morris, Grey","edm, country, ","Country, Electronic",The Middle,2018-01-23,09IStsImFySgyp0pIQdqAc,175754033,"2qxJFvFYMEDqd7ui6kSAcq, 6WY7D3jk8zTrHtmkqqo5GI, 4lDBihdpMlOalxy1jkUbPl"
lovely,"Billie Eilish, Khalid",,,dont smile at me (Expanded Edition),2017-08-11,1NJcg626wLln4pGHpiV7mf,190034741,"6qqNVTkY8uBg9cP3Jd7DAH, 6LuN9FCkKOj5PcnpouEgny"
Imposible,"Luis Fonsi, Ozuna","latin, reggaeton, trap latino, urbano latino",Latin,VIDA,2019-02-01,4cuGZb0iFyHtwaSKdKrJkF,89684485,"4V8Sr092TqfHkfAA5fXXqG, 1i8SpTcr7yvPOmcqrbnVXY"
Ya No Tiene Novio,"Sebastian Yatra, Mau y Ricky","colombian pop, reggaeton, latin, latin pop","Pop, Latin",Ya No Tiene Novio,2018-08-10,7uQmJ1jgNzBpATSoWKSPFu,49342091,"07YUOmWljBTXwIseAUd9TW, 2wkoKEfS6dXwThbyTnZWFU"
BAD!,XXXTENTACION,emo rap,Hip Hop,SKINS,2018-12-07,22An65gG31JLf9n18qjdhZ,34442787,15UsOTVnJzReFVN1VCnxy4
Jocelyn Flores,XXXTENTACION,emo rap,Hip Hop,17,2017-08-25,7m9OqQk4RVRkw9JJdeAw96,260460676,15UsOTVnJzReFVN1VCnxy4
no tears left to cry,Ariana Grande,pop,Pop,Sweetener,2018-08-17,2qT1uLXPVPzGgFOx4jtEuo,154319901,66CXWjxzNUsdJxJ2JdwvnR
Another One Bites The Dust - Remastered 2011,Queen,"classic rock, rock, glam rock",Rock,The Game (2011 Remaster),1980-06-27,5vdp5UmvTsnMEMESIF2Ym7,276114065,1dfeR4HaWDbWqFHLkxsg1d
Startender (feat. Offset and Tyga),"A Boogie Wit da Hoodie, Tyga, Offset","melodic rap, ",Hip Hop,Hoodie SZN,2018-12-21,0jAfdqv18goRTUxm3ilRjb,79937113,"31W5EY0aAly4Qieq6OFu6I, 5LHRHt1k9lMyONurDHEdrp, 4DdkRBBYG6Yk9Ka8tdJ9BW"
Atrasadinha - Ao Vivo,"Felipe Araújo, Ferrugem","sertanejo, sertanejo universitário, pagode, arrocha, samba","Country, Latin",Por Inteiro (Primeira Metade) [Ao Vivo],2018-09-20,5EKHbW7mXcAR4hCyS3YXjb,21481126,"47uyFQHOD02S0lj9ptRpoB, 5ZfBThYiIIhL7jHMG8gDB2"
Natural,Imagine Dragons,,,Origins (Deluxe),2018-11-09,2FY7b99s15jUprqC0M5NCT,133932624,53XhwfbYqKCa1cC15pYq2q
Bubalu,"Becky G, Prince Royce, DJ Luian, Mambo Kingz, Anuel AA","reggaeton, latin, bachata, bachata pop, trap latino, urbano latino","Latin, Pop",Bubalu,2018-11-06,7dNwJbsT0sg1le5kVugGJb,94435486,"4obzFoKoKRHIphyHzJ35G3, 3MHaV05u0io8fQbZ2XPtlC, 64aJYyrXljOodnUG6jvhRD, 2T1aUibqR2QC2sINIDQOAK, 2R21vXR83lH98kGeO99Y66"
Beautiful (feat. Camila Cabello),"Bazzi, Camila Cabello",pop,Pop,Beautiful (feat. Camila Cabello),2018-08-02,4VUwkH455At9kENOfzTqmF,110323177,"4GvEc3ANtPPjt1ZJllr5Zl, 4nDoRrQiYLoBzwC5BhVJzF"
Billie Jean,Michael Jackson,,,Thriller,1982-11-30,7J1uxwnxfQLu4APicE5Rnj,870194,3fMbdgg4jU18AjLCKBhRSm
FEFE,"6ix9ine, Nicki Minaj, Murda Beatz",,,DUMMY BOY,2018-11-27,2l8nEO0vsTRCRnGqQty6qx,38215560,"7gZfnEnfiaHzxARJ2LeXrf, 0hCNtLu0JehylgoiP8L4Gh, 3CbYyyd8wH3RT6t0jwpdzC"
Love Someone,Lukas Graham,,,3 (The Purple Album),2018-10-26,3id2EVGKc3eFAMn9nFnB0r,128371806,25u4wHJWxCA9vO0CzxAbK7
2002,Anne-Marie,,,Speak Your Mind (Deluxe),2018-04-27,2BgEsaKNfHUdlh97KmvFyo,290392031,1zNqDE7qDGCsyzJwohVaoX
Nice For What,Drake,"rap, hip hop",Hip Hop,Scorpion,2018-06-29,3CA9pLiwRIGtUBiMjbZmRw,26141405,3TVXtAsR1Inumwj472S9r4
Amanece,"Anuel AA, Haze","reggaeton, trap latino, urbano latino, latin",Latin,Amanece,2018-12-14,1LiN0Z98FkR1t0m8KmLcAH,201259287,"2R21vXR83lH98kGeO99Y66, 77iZVjeYoYSl5P0K9mIiUE"
IDGAF,Dua Lipa,pop,Pop,Dua Lipa (Deluxe),2017-06-02,76cy1WJvNGJTj78UqeA5zr,143425447,6M2wZ9GZgrQXHCFfjv46we
FRIENDS,"Marshmello, Anne-Marie","edm, ",Electronic,FRIENDS,2018-02-09,08bNPGLD8AhKpnnERrAc6G,107230844,"64KEffDW9EtZ1y2vBYgq8T, 1zNqDE7qDGCsyzJwohVaoX"
I Love It (& Lil Pump),"Kanye West, Lil Pump","rap, ",Hip Hop,I Love It,2018-09-07,4S8d14HvHb70ImctNgVzQQ,50959569,"5K4W6rqBFWDnAN6FQUkS6x, 3wyVrVrFCkukjdVIdirGVY"
Believer,Imagine Dragons,,,Evolve,2017-06-23,0pqnGHJpmpxLKifKRmU6WP,343080186,53XhwfbYqKCa1cC15pYq2q
Closer,"The Chainsmokers, Halsey",,,Closer,2016-07-29,7BKLCZ1jbUBVqRi2FVlTVw,193248040,"69GGBxA162lTqCwzJG5jLp, 26VFTg2z8YR0cCuwLzESi2"
Armed And Dangerous,Juice WRLD,"melodic rap, emo rap",Hip Hop,Goodbye & Good Riddance,2018-12-10,5wujBwqG7INdStqGd4tRMX,89699062,4MCBfE4596Uoi2O4DtmEMz
Under Pressure - Remastered 2011,"Queen, David Bowie","classic rock, rock, glam rock, art rock",Rock,Hot Space (2011 Remaster),1982-05-03,2fuCquhmrzHpu5xcA1ci9x,193127265,"1dfeR4HaWDbWqFHLkxsg1d, 0oSGxfWSnnOXhD2fKuz2Gy"
Shotgun,George Ezra,,,Staying at Tamara's,2018-03-23,4ofwffwvvnbSkrMSCKQDaC,93550720,2ysnwxxNtSgbb9t1m2Ur4j
What Lovers Do,"Maroon 5, SZA","pop, r&b","Pop, R&B",Red Pill Blues (Deluxe),2017-11-03,0WdGQhoAP2LBsqr5Jhit2g,16537918,"04gDigrS5kc9YWfZHwBETP, 7tYKF4w9nC0nq9CsPZTHyP"
Perfect,Ed Sheeran,soft pop,Pop,÷ (Deluxe),2017-03-03,0tgVpDi06FyKpA1z0VMD4v,310304897,6eUKZXaKkcviH0Ku9w2n3V
MALA,"6ix9ine, Anuel AA","reggaeton, trap latino, urbano latino, latin",Latin,DUMMY BOY,2018-11-27,0LQ1J0BCzA2qnAgp9MkkNE,56889039,"7gZfnEnfiaHzxARJ2LeXrf, 2R21vXR83lH98kGeO99Y66"
Let You Love Me,Rita Ora,,,Phoenix (Deluxe Edition),2018-11-23,5Fla3zyOCcIRqrDoKLU0DP,84445194,5CCwRZC6euC8Odo6y9X8jr
No Stylist (feat. Drake),"French Montana, Drake","rap, hip hop",Hip Hop,No Stylist,2018-09-20,04MLEeAMuV9IlHEsD8vF6A,60567142,"6vXTefBL93Dj5IqAWq6OTv, 3TVXtAsR1Inumwj472S9r4"
idontwannabeyouanymore,Billie Eilish,,,dont smile at me (Expanded Edition),2017-08-11,40T5GIqQ1CegGm2PTEl8Bu,185239405,6qqNVTkY8uBg9cP3Jd7DAH
Amigos Con Derechos,"Reik, Maluma","latin pop, reggaeton, latin, urbano latino","Latin, Pop",Amigos Con Derechos,2018-08-31,2zDj4WjbNDmrRL6Z4YjjCA,30719217,"0vR2qb8m9WHeZ5ByCbimq2, 1r4hJ1h58CWwUQe3MxPuau"
Rise,"Jonas Blue, Jack & Jack","tropical house, ",Electronic,Blue,2018-11-09,3KLygy1YWhmrQx0GRs7IOx,74051416,"1HBjj22wzbscIZ9sEb5dyf, 1INuLZXjjVbcJRyWvD1iSq"
Happy Now,"Kygo, Sandro Cavazza","tropical house, ",Electronic,Happy Now,2018-10-26,14sOS5L36385FJ3OL8hew4,63896821,"23fqKkggKUBHNkbKtXEls4, 5JYo7gm2dkyLLlWHjxS7Dy"
Falling Down - Bonus Track,"Lil Peep, XXXTENTACION","emo rap, cloud rap",Hip Hop,"Come Over When You're Sober, Pt. 2",2018-11-09,4jvjzW7Hm0yK4LvvE0Paz9,56718657,"2kCcBybjl3SAtIcwdWpUe3, 15UsOTVnJzReFVN1VCnxy4"
All The Stars (with SZA),"Kendrick Lamar, SZA","hip hop, west coast hip hop, r&b","Hip Hop, R&B",Black Panther The Album Music From And Inspired By,2018-02-09,3GCdLUSnKSMJhs4Tj6CV3s,17550201,"2YZyLoL8N0Wb9xBt1NhZWg, 7tYKF4w9nC0nq9CsPZTHyP"
I Fall Apart,Post Malone,,,Stoney (Deluxe),2016-12-09,75ZvA4QfFiZvzhj2xkaWAh,116832184,246dkjvS1zLTtiykXe5h60
Parado no Bailão,"MC L da Vinte, MC Gury","funk de bh, funk, brazilian funk, funk carioca","Hip Hop, R&B, R&b",Parado no Bailão,2018-07-23,3Hb9kUdm4yf839Fle4RIdT,3935741,"0lHB0Qc4pmD5RkTLlHeESo, 6fOyYqdh6p0ZWLs9zUDoyt"
Sin Pijama,"Becky G, NATTI NATASHA","reggaeton, latin, urbano latino, bachata",Latin,Sin Pijama,2018-04-20,2ijef6ni2amuunRoKTlgww,17529449,"4obzFoKoKRHIphyHzJ35G3, 1GDbiv3spRmZ1XdM1jQbT7"
changes,XXXTENTACION,emo rap,Hip Hop,?,2018-03-16,7AFASza1mXqntmGtbxXprO,110624983,15UsOTVnJzReFVN1VCnxy4
YOSEMITE,Travis Scott,rap,Hip Hop,ASTROWORLD,2018-08-03,7lAK3oHbfEnvUQWosrMMpR,45803074,0Y5tJX1MQlPlqiwlOH1tJY
Thunder,Imagine Dragons,,,Evolve,2017-06-23,1zB4vmk8tFRmM9UULNzbLB,258870697,53XhwfbYqKCa1cC15pYq2q
God is a woman,Ariana Grande,pop,Pop,Sweetener,2018-08-17,5OCJzvD7sykQEKHH7qAC3C,45686483,66CXWjxzNUsdJxJ2JdwvnR
Rewrite The Stars (with James Arthur & Anne-Marie),"James Arthur, Anne-Marie","soft pop, ",Pop,Rewrite The Stars (with James Arthur & Anne-Marie),2018-10-25,6mQLN3zRtAp6ovjusyYKrV,49406835,"4IWBUUAFIplrNtaOHcJPRM, 1zNqDE7qDGCsyzJwohVaoX"
breathin,Ariana Grande,pop,Pop,Sweetener,2018-08-17,4OafepJy2teCjYJbvFE60J,47437538,66CXWjxzNUsdJxJ2JdwvnR
SOLO,JENNIE,k-pop,Pop,SOLO,2018-11-12,2wVDWtLKXunswWecARNILj,23565564,250b0Wlc5Vk0CoUsaCY84M
Africa,TOTO,soft rock,Rock,Toto IV,1982-04-08,2374M0fQpWi3dLnB54qaLX,110915843,0PFtn5NtBbbUNbU9EAmIWF
Mala Mía,Maluma,"reggaeton, latin, urbano latino",Latin,Mala Mía,2018-08-10,62o8KoI44JfN7aYxgTnPvh,11227586,1r4hJ1h58CWwUQe3MxPuau
Look Alive (feat. Drake),"BlocBoy JB, Drake","memphis rap, rap, hip hop",Hip Hop,Look Alive (feat. Drake),2018-02-09,4qKcDkK6siZ7Jp1Jb4m0aL,51316997,"4TEJudQY2pXxVHPE3gD2EU, 3TVXtAsR1Inumwj472S9r4"
Young Dumb & Broke,Khalid,,,American Teen,2017-04-27,5Z3GHaZ6ec9bsiI5BenrbY,22223039,6LuN9FCkKOj5PcnpouEgny
Electricity,"Silk City, Dua Lipa, Mark Ronson, Diplo","pop, moombahton","Electronic, Pop",Electricity,2018-09-06,5N4erncE7kuUccm7zEmwzk,55379203,"2X97ZAqRKRMYFIDqtvGgGc, 6M2wZ9GZgrQXHCFfjv46we, 3hv9jJF3adDNsBSIQDqcjp, 5fMUXHkw8R8eOP2RNVYEZX"
Somebody To Love - Remastered 2011,Queen,"classic rock, rock, glam rock",Rock,A Day At The Races (Deluxe Edition 2011 Remaster),1976-12-10,4rDbp1vnvEhieiccprPMdI,68914902,1dfeR4HaWDbWqFHLkxsg1d
Notificação Preferida - Ao Vivo,Zé Neto & Cristiano,"sertanejo, sertanejo universitário, arrocha, agronejo","Country, Latin",Esquece o Mundo Lá Fora (ao Vivo),2018-05-18,2qkNnJvQvhLiZ63X1L3eFz,7106944,487N2T9nIPEHrlTZLL3SQs
Feel It Still,Portugal. The Man,,,Woodstock,2017-06-16,6QgjcU0zLnzq5OrUoSZ3OK,1557946,4kI8Ie27vjvonwaB2ePh8T
No Es Justo,"J Balvin, Zion & Lennox","reggaeton, latin",Latin,Vibras,2018-05-25,5qFeMRz4TvetPmzjre9Dq7,10738438,"1vyhD5VmyZ7KMfW5gqLgo5, 21451j1KhjAiaYKflxBjr1"
Jackie Chan,"Tiësto, Dzeko, Preme, Post Malone","edm, trance, big room, house, dance, ",Electronic,Jackie Chan,2018-05-18,4kWO6O1BUXcZmaxitpVUwp,29475974,"2o5jDhtHVPhrJdv3cEQ99Z, 5vQfv3s2Z2SRdPZKr82ABw, 0bdJZl7TDeiymDYzMJnVh2, 246dkjvS1zLTtiykXe5h60"
I Like Me Better,Lauv,,,I met you when I was 18. (the playlist),2018-05-31,2P91MQbaiQOfbiz9VqhqKQ,288231385,5JZ7CnR6gTvEMKX4g70Amv
Culpables,"KAROL G, Anuel AA","reggaeton, latin, urbano latino, trap latino",Latin,Culpables,2018-09-14,6q8Lb50EtqNeeJXXe8mMAH,45997391,"790FomKkXshlbRYZFtlgla, 2R21vXR83lH98kGeO99Y66"
Fuck Love,"XXXTENTACION, Trippie Redd","emo rap, melodic rap",Hip Hop,17,2017-08-25,7AQim7LbvFVZJE3O8TYgf2,59596779,"15UsOTVnJzReFVN1VCnxy4, 6Xgp2XMz1fhVYe7i6yNAax"
Ciumeira - Ao Vivo,Marília Mendonça,"sertanejo, sertanejo universitário, arrocha, forró","Country, Latin",Ciumeira (ao Vivo),2018-08-24,2H1liABu20HXBOmbt5SQz1,668142,1yR65psqiazQpeM79CcGh8
Back To You - From 13 Reasons Why – Season 2 Soundtrack,Selena Gomez,pop,Pop,Back To You (From 13 Reasons Why – Season 2 Soundtrack),2018-05-10,4hQ6UGyWQIGJmHSo0J88JW,51224204,0C8ZW7ezQVs4URX5aX7Kqx
Can't Hold Us (feat. Ray Dalton),"Macklemore, Ryan Lewis, Macklemore & Ryan Lewis, Ray Dalton",,,The Heist,2012-10-09,22skzmqfdWrjJylampe0kt,2574870,"3JhNCzhSMTxs9WLGJJxWOY, 4myTppRgh0rojLxx8RycOp, 6WLvgbfYXQPO396oJEYCsi, 4e0nWw2r4BoQSKPQ2zpU13"
Quem Me Dera,"Márcia Fellipe, Jerry Smith","forró, piseiro, sertanejo, arrocha, sertanejo universitário, brega, funk, brazilian funk, brega funk","Country, Hip Hop, Pop, R&B, Latin",Made In Studio,2018-12-12,2lAyctg5FocS67eksHoyIg,4476986,"3OxZ4asD88P1lJJmLcXz4K, 6OpOg5HVCc8xVf7OVrd5Fk"
NI BIEN NI MAL,Bad Bunny,"reggaeton, trap latino, latin, urbano latino",Latin,X 100PRE,2018-12-23,278kSqsZIiYp8p3QjYAqa8,92964817,4q3ewBCX7sLwd24euuV69X
Só Pra Castigar,Wesley Safadão,"forró, sertanejo, piseiro, arrocha, sertanejo universitário","Country, Latin",Ws Mais uma Vez,2018-09-12,2X8sssaxS5GReg6945B6RW,1855033,1AL2GKpmRrKXkYIcASuRFa
Yes Indeed,"Lil Baby, Drake","rap, hip hop",Hip Hop,Harder Than Ever,2018-05-18,6vN77lE9LK6HP2DewaN6HZ,12611824,"5f7VJjfbwm532GiveGC0ZK, 3TVXtAsR1Inumwj472S9r4"
Say My Name,"David Guetta, Bebe Rexha, J Balvin","edm, dance, reggaeton, latin","Electronic, Latin",7,2018-09-14,0YammaEkYSeo9vQYZ1OwS6,124602073,"1Cs0zKBU1kc0i8ypK3B9ai, 64M6ah0SkkRsnPGtGiRAbb, 1vyhD5VmyZ7KMfW5gqLgo5"
This Feeling,"The Chainsmokers, Kelsea Ballerini",country,Country,Sick Boy,2018-12-14,4NBTZtAt1F13VvlSKe6KTl,102014288,"69GGBxA162lTqCwzJG5jLp, 3RqBeV12Tt7A8xH3zBDDUF"
all my friends,21 Savage,,,i am > i was,2018-12-21,4paAidoE8VAemwU4jgCc6l,8186281,1URnnhqYAYcrqrcwql10ft
I'm a Mess,Bebe Rexha,,,Expectations,2018-06-22,04ZTP5KsCypmtCmQg5tH9R,39406397,64M6ah0SkkRsnPGtGiRAbb
"Familia (with Anuel Aa, feat. Bantu) - Spider-Man: Into the Spider-Verse","Nicki Minaj, Anuel AA, Bantu","reggaeton, trap latino, urbano latino, latin, afro house","Electronic, Latin",Spider-Man: Into the Spider-Verse (Soundtrack From & Inspired by the Motion Picture),2018-12-14,4Uy3kNxW2kB8AEoXljEcth,18342030,"0hCNtLu0JehylgoiP8L4Gh, 2R21vXR83lH98kGeO99Y66, 6tt0iYnpHERj05WATWRiom"
Congratulations,"Post Malone, Quavo",,,Stoney (Deluxe),2016-12-09,3a1lNhkSLSkpJE4MSHpDu9,142006864,"246dkjvS1zLTtiykXe5h60, 0VRj0yCOv2FXJNP47XQnx5"
No Brainer,"DJ Khaled, Justin Bieber, Quavo, Chance the Rapper",,,No Brainer,2018-07-27,5WvAo7DNuPRmk4APhdPzi8,2957709,"0QHgL1lAIqAw0HtD7YldmP, 1uNFoZAHBGtllmzznpCI3s, 0VRj0yCOv2FXJNP47XQnx5, 1anyVhU62p31KFi8MEzkbf"
Meant to Be (feat. Florida Georgia Line),"Bebe Rexha, Florida Georgia Line","country, pop country, acoustic country",Country,Expectations,2018-06-22,4e4fqjx0Izh4svvTef1z7e,93977282,"64M6ah0SkkRsnPGtGiRAbb, 3b8QkneNDz4JHKKKlLgYZg"
Woman Like Me (feat. Nicki Minaj),"Little Mix, Nicki Minaj",,,LM5 (Deluxe),2018-11-16,222B3aljXx6fFwKmFjuBED,27815096,"3e7awlrlDSwF3iM0WBjGMp, 0hCNtLu0JehylgoiP8L4Gh"
Roses (with Juice WRLD feat. Brendon Urie),"benny blanco, Juice WRLD, Brendon Urie","melodic rap, emo rap, ",Hip Hop,FRIENDS KEEP SECRETS,2018-12-07,1KVczjazCcCCgM3gXXUl47,34006774,"5CiGnKThu5ctn9pBxv7DGa, 4MCBfE4596Uoi2O4DtmEMz, 6eYFryfcEu3QSq59D62wZQ"
XO Tour Llif3,Lil Uzi Vert,melodic rap,Hip Hop,Luv Is Rage 2,2017-08-25,7GX5flRQZVHRAGd6B4TmDO,87250711,4O15NlyKLIASxsJ0PrXPfz
Agora é Tudo Meu,"DENNIS, MC Kevinho","funk, brazilian funk, funk carioca, funk pop, funk melody","Hip Hop, R&B, Country, Pop",Agora é Tudo Meu,2018-12-07,5yH8pYxNckOU1cxfPsMIaz,9799691,"6xlRSRMLgZbsSNd0BMobwy, 1mXAhKnZEdF6rotyyd4GBi"
Nuketown (feat. Juice WRLD),"Ski Mask The Slump God, Juice WRLD","melodic rap, emo rap",Hip Hop,STOKELEY,2018-11-30,74lnM5V6ecvoTPV0fvptx9,24416788,"2rhFzFmezpnW82MNqEKVry, 4MCBfE4596Uoi2O4DtmEMz"
X,"Nicky Jam, J Balvin","reggaeton, latin",Latin,X,2018-03-02,39N9RPD9MRb5WmoLzNzPeA,623835,"1SupJlEpv7RS2tPNRaHViT, 1vyhD5VmyZ7KMfW5gqLgo5"
One Dance,"Drake, Wizkid, Kyla","rap, hip hop, afrobeats, afrobeat, afropop, azonto, afroswing, afropiano, dancehall, ","Traditional music, R&B, Pop, Hip Hop",Views,2016-05-06,1zi7xx7UVEFkmKfv06H8x0,1473728,"3TVXtAsR1Inumwj472S9r4, 3tVQdUvClmAT7URs9V3rsp, 6TK7fjRPdy2GW2pJzNF23L"
TIC TOC,"6ix9ine, Lil Baby",,,DUMMY BOY,2018-11-27,4m5Cd9kAbIxg6t9sMrQWtk,3262111,"7gZfnEnfiaHzxARJ2LeXrf, 5f7VJjfbwm532GiveGC0ZK"
"These Days (feat. Jess Glynne, Macklemore & Dan Caplen)","Rudimental, Jess Glynne, Macklemore, Dan Caplen",,,Toast to Our Differences (Deluxe Edition),2019-01-25,20ZP3Om9DvDazXrNUC7WM2,26526602,"4WN5naL3ofxrVBgFpguzKo, 4ScCswdRlyA23odg9thgIO, 3JhNCzhSMTxs9WLGJJxWOY, 2U3FuHYvL3vhkbDAXm24Ep"
Say You Won't Let Go,James Arthur,soft pop,Pop,Back from the Edge,2016-10-28,5uCax9HTNlzGybIStD3vDh,281985613,4IWBUUAFIplrNtaOHcJPRM
Love Lies,"Khalid, Normani",,,Love Lies,2018-02-14,45Egmo7icyopuzJN0oMEdk,28618471,"6LuN9FCkKOj5PcnpouEgny, 2cWZOOzeOm4WmBJRnD5R7I"
No Me Acuerdo,"Thalia, NATTI NATASHA","latin pop, reggaeton, latin, urbano latino, bachata","Latin, Pop",Valiente,2018-11-09,1G586ld1gbaECg4Bc6w40O,606923,"23wEWD21D4TPYiJugoXmYb, 1GDbiv3spRmZ1XdM1jQbT7"
Asesina - Remix,"Brytiago, Daddy Yankee, Ozuna, Darell, Anuel AA","trap latino, reggaeton, urbano latino, trap, latin, dembow","Latin, Hip Hop",Asesina (Remix),2018-10-31,59PYgzOiOjGDzjDT5N5oOX,47378044,"00XhexlJEXQstHimpZN910, 4VMYDCV2IEDYJArk749S6m, 1i8SpTcr7yvPOmcqrbnVXY, 1TtXnWcUs0FCkaZDPGYHdf, 2R21vXR83lH98kGeO99Y66"
"Never Recover (Lil Baby & Gunna, Drake)","Lil Baby, Gunna, Drake","melodic rap, rap, hip hop",Hip Hop,Drip Harder,2018-10-05,6wWaVoUOzLQJHd3bWAUpdZ,10996102,"5f7VJjfbwm532GiveGC0ZK, 2hlmm7s2ICUX0LVIhVFlZQ, 3TVXtAsR1Inumwj472S9r4"
Lucky You (feat. Joyner Lucas),"Eminem, Joyner Lucas","rap, hip hop, ",Hip Hop,Kamikaze,2018-08-31,60SdxE8apGAxMiRrpbmLY0,23814474,"7dGJo4pcD2V6oG8kP0tJRR, 6C1ohJrd5VydigQtaGy5Wa"
Best Part (feat. H.E.R.),"Daniel Caesar, H.E.R.",r&b,R&B,Freudian,2017-08-25,1RMJOxR6GRPsBHL8qeC2ux,79073445,"20wkVLutqVOYrc0kxFs7rA, 3Y7RZ31TRPVadSFVy1o8os"
Fine China,"Future, Juice WRLD","rap, melodic rap, emo rap",Hip Hop,Future & Juice WRLD Present... WRLD ON DRUGS,2018-10-19,5274I4mUMnYczyeXkGDWZN,23763279,"1RyvyyTE3xzB2ZywiAwp0i, 4MCBfE4596Uoi2O4DtmEMz"
Praise The Lord (Da Shine) (feat. Skepta),"A$AP Rocky, Skepta","rap, grime","Electronic, Hip Hop",TESTING,2018-05-25,7ycWLEP1GsNjVvcjawXz3z,31097512,"13ubrt8QOOCPljQ2FL1Kca, 2p1fiYHYiXz9qi0JJyxBzN"
Despacito - Remix,"Luis Fonsi, Daddy Yankee, Justin Bieber","latin, reggaeton, ",Latin,VIDA,2019-02-01,1vnnXMrBeEWiRg3YCMCjQq,1367109,"4V8Sr092TqfHkfAA5fXXqG, 4VMYDCV2IEDYJArk749S6m, 1uNFoZAHBGtllmzznpCI3s"
PPP,KEVIN ROLDAN,"reggaeton, trap latino, urbano latino",Latin,PPP,2018-09-07,1DcxnVNFAyVl2sDQ646pXS,21480836,1RBzGO6Nm3uyhUSxP7EDWO
Too Good At Goodbyes,Sam Smith,soft pop,Pop,The Thrill Of It All (Special Edition),2017-11-03,1mXVgsBdtIVeCLJnSnmtdV,231333261,2wY79sveU1sp5g7SokKOiI
We Will Rock You - Remastered 2011,Queen,"classic rock, rock, glam rock",Rock,News Of The World (2011 Remaster),1977-10-28,4pbJqGIASGPr0ZpGpnWkDn,66125699,1dfeR4HaWDbWqFHLkxsg1d
September,Earth Wind & Fire,disco,R&B,September (sped up + slowed),1978-11-18,3kXoKlD84c6OmIcOLfrfEs,4013545,4QQgXkCYTt3BlENzhyNETg
"Thunderclouds (feat. Sia, Diplo, and Labrinth)","Sia, Diplo, Labrinth, LSD","moombahton, ",Electronic,"LABRINTH, SIA & DIPLO PRESENT... LSD",2019-04-12,4lJNen4SMTIJMahALc3DcB,28617216,"5WUlDfRSoLAfcVSX1WnrxN, 5fMUXHkw8R8eOP2RNVYEZX, 2feDdbD5araYcm6JhFHHw7, 6IZ4ctovY9dl7bgHClAvKJ"
Space Cadet (feat. Gunna),"Metro Boomin, Gunna",melodic rap,Hip Hop,NOT ALL HEROES WEAR CAPES (Deluxe),2018-11-06,1fewSx2d5KIZ04wsooEBOz,61920486,"0iEtIxbK0KxaSlF7G42ZOp, 2hlmm7s2ICUX0LVIhVFlZQ"
Noticed,Lil Mosey,melodic rap,Hip Hop,Northsbest,2018-10-19,6JQvHMSaR8flFsN53ypOfP,48302613,5zctI4wO9XSKS8XwcnqEHk
Finesse - Remix; feat. Cardi B,"Bruno Mars, Cardi B",,,Finesse (Remix) [feat. Cardi B],2017-12-20,3Vo4wInECJQuz9BIBMOu8i,577058,"0du5cEVh5yTK9QJze8zA0C, 4kYSro6naA4h99UJvo89HB"
Ric Flair Drip (with Metro Boomin),"Offset, Metro Boomin",,,Without Warning,2017-10-30,7sO5G9EABYOXQKNPNiE9NR,41578309,"4DdkRBBYG6Yk9Ka8tdJ9BW, 0iEtIxbK0KxaSlF7G42ZOp"
Jenifer,Gabriel Diniz,"forró, sertanejo, sertanejo universitário, arrocha","Country, Latin",À Vontade,2019-02-01,7wMAgaPiKzTNxpDWu2BPfk,15102071,3WQ1s2QFvL6crxBvrVhwzj
Hey Ya!,Outkast,"southern hip hop, hip hop",Hip Hop,Speakerboxxx/The Love Below,2003-00-00,2PpruBYCo4H7WOBJ7Q2EwM,1440215,1G9G7WwrXka3Z1r7aIDjI7
Mr. Brightside,The Killers,alternative rock,Rock,Hot Fuss,2004-00-00,003vvx7Niy0yvhvHt4a68B,22411003,0C0XlULifJtAgn6ZNCW2eu
Take on Me,a-ha,"new wave, synthpop","Rock, Pop",Hunting High and Low,1985-06-01,2WfaOiMkCvy7F5fcp2zZ8L,565994,2jzc5TC5TVFLXQlBNiIUzE
Ibiza,"Ozuna, Romeo Santos","reggaeton, latin, trap latino, urbano latino, bachata, bachata pop","Latin, Pop",Aura,2018-08-24,1h9P5WJwyvK8OB7O2YiXgp,14680935,"1i8SpTcr7yvPOmcqrbnVXY, 5lwmRuXgjX8xIwlnauTZIP"
HUMBLE.,Kendrick Lamar,"hip hop, west coast hip hop",Hip Hop,DAMN.,2017-04-14,7KXjTSCq5nL1LoYtL7XAwS,40538055,2YZyLoL8N0Wb9xBt1NhZWg
Não Fala Não pra Mim,"Humberto & Ronaldo, Jerry Smith","sertanejo, sertanejo universitário, arrocha, funk, brazilian funk, brega funk","Country, Hip Hop, Pop, R&B, Latin",Não Fala Não pra Mim,2018-06-15,0PaAB17axL9hn88mHiw8g0,560658,"1zEo6Fk1iaaOYFlFPBHCFn, 6OpOg5HVCc8xVf7OVrd5Fk"
Splashin,Rich The Kid,trap,Hip Hop,The World Is Yours 2,2019-03-22,3KLo7ByvjCNyBrfz5DZ2mO,81665930,1pPmIToKXyGdsCF6LmqLmI
Cheap Thrills,Sia,,,This Is Acting,2016-01-29,27SdWb2rFzO6GWiYDBTD9j,554971,5WUlDfRSoLAfcVSX1WnrxN
WONDERWaLL - Remastered,Oasis,"britpop, madchester, rock","Pop, Rock",(What's The Story) Morning Glory? [Remastered],1995-10-02,5qqabIl2vWzo9ApSC317sa,165134319,2DaxqgrOhkeH0fpeiQq2f4
Everybody Dies In Their Nightmares,XXXTENTACION,emo rap,Hip Hop,17,2017-08-25,3GVkPk8mqxz0itaAriG1L7,20455258,15UsOTVnJzReFVN1VCnxy4
In My Blood,Shawn Mendes,pop,Pop,Shawn Mendes,2018-05-25,2QZ7WLBE8h2y1Y5Fb8RYbH,64548884,7n2wHs1TKAczGzO7Dd2rGr
Quiere Beber,Anuel AA,"reggaeton, trap latino, urbano latino, latin",Latin,Real Hasta la Muerte,2018-07-17,3rPAD722s5FFNnwjC91t7Z,2878922,2R21vXR83lH98kGeO99Y66
Mine,Bazzi,,,COSMIC,2018-04-12,7uzmGiiJyRfuViKKK3lVmR,19419211,4GvEc3ANtPPjt1ZJllr5Zl
MAMA,"6ix9ine, Nicki Minaj, Kanye West",rap,Hip Hop,DUMMY BOY,2018-11-27,1oJ8EDr2pv94IvSd6ZmDgo,4648038,"7gZfnEnfiaHzxARJ2LeXrf, 0hCNtLu0JehylgoiP8L4Gh, 5K4W6rqBFWDnAN6FQUkS6x"
Créeme,"KAROL G, Maluma","reggaeton, latin, urbano latino",Latin,OCEAN,2019-05-03,4EKZsrsCKyqr64FBHLc0DU,93469270,"790FomKkXshlbRYZFtlgla, 1r4hJ1h58CWwUQe3MxPuau"
Puntos Suspensivos,Piso 21,"reggaeton, colombian pop, pop urbano","Pop, Latin",Ubuntu,2018-05-11,04cd1MHVq1D8v1nuTZoCdv,10444408,4bw2Am3p9ji3mYsXNXtQcd
goosebumps,Travis Scott,rap,Hip Hop,Birds In The Trap Sing McKnight,2016-09-16,6gBFPUFcJLzWGx4lenP6h2,137088727,0Y5tJX1MQlPlqiwlOH1tJY
Project Dreams,"Marshmello, Roddy Ricch","edm, melodic rap","Electronic, Hip Hop",Project Dreams,2018-12-07,0PowxVSTY2uh1CPc8EPKyX,13101321,"64KEffDW9EtZ1y2vBYgq8T, 757aE44tKEUQEqRuT6GnEB"
Stayin' Alive - From  Saturday Night Fever  Soundtrack,Bee Gees,disco,R&B,Tales From The Brothers Gibb,1990-10-01,79hJaqmVdohltPBNN6BULM,536886,1LZEQNv7sE11VDY3SdxQeN
Medley da Gaiola - DENNIS Remix,"MC Kevin o Chris, DENNIS","funk, funk carioca, brazilian funk, brega funk, funk pop, funk melody","Hip Hop, Pop, R&B, Country",Medley da Gaiola (DENNIS Remix),2018-08-27,7rLegaz7zKB6EtDNzcslKE,536447,"2UMj7NCbuqy1yUZmiSYGjJ, 6xlRSRMLgZbsSNd0BMobwy"
Don't Stop Believin' (2022 Remaster),Journey,"album rock, classic rock",Rock,Escape (2022 Remaster),1981-07-17,5RKQ5NdjSh2QzD4MaunT91,26448847,0rvjqX7ttXeg3mTy8Xscbt
Thinking out Loud,Ed Sheeran,soft pop,Pop,x (Wembley Edition),2013-00-00,1Slwb6dOYkBlWal1PGtnNg,100347749,6eUKZXaKkcviH0Ku9w2n3V
Topanga,Trippie Redd,melodic rap,Hip Hop,A Love Letter To You 3,2018-11-09,5aXgz1oKK8Q9z9xvTmSnrO,6090626,6Xgp2XMz1fhVYe7i6yNAax
bellyache,Billie Eilish,,,Bellyache,2017-02-24,51NFxnQvaosfDDutk0tams,125588211,6qqNVTkY8uBg9cP3Jd7DAH
Look At Me!,XXXTENTACION,emo rap,Hip Hop,Revenge,2017-05-16,6eYxmK9fdL4hwLnXG2zY3s,6986641,15UsOTVnJzReFVN1VCnxy4
"Quem Pegou, Pegou - Ao Vivo",Henrique & Juliano,"sertanejo, sertanejo universitário, arrocha, agronejo","Country, Latin","Quem Pegou, Pegou (Ao Vivo)",2018-08-20,0kCqaybZgYcLYxzZymmBoc,524230,3p7PcrEHaaKLJnPUGOtRlT
Always Remember Us This Way,Lady Gaga,"art pop, pop",Pop,A Star Is Born Soundtrack (Without Dialogue),2018-10-05,2rbDhOo9Fh61Bbu23T2qCk,172146721,1HY2Jd0NmPuamShAr6KMms
Benzema,Capital Bra,german hip hop,Hip Hop,Benzema,2018-12-21,7KPGeiXWDsGEvFK62wzU8E,7801764,4WZGDpNwrC0vNQyl9QzF7d
ocean eyes,Billie Eilish,,,Ocean Eyes,2016-11-18,2uIX8YMNjGMD7441kqyyNU,174000961,6qqNVTkY8uBg9cP3Jd7DAH
Photograph,Ed Sheeran,soft pop,Pop,x (Wembley Edition),2013-00-00,6fxVffaTuwjgEk5h9QyRjy,195029499,6eUKZXaKkcviH0Ku9w2n3V
Fire On Fire - From  Watership Down ,Sam Smith,soft pop,Pop,Fire On Fire (From  Watership Down ),2018-12-21,5rFj8OzffT0iggSjcBaeND,37962242,2wY79sveU1sp5g7SokKOiI
Trampoline,SHAED,,,MELT,2018-09-21,0lsRatBUs9HNIZAmoGABzk,26288833,3KwmxIhSe9UTSEF37kwngR
"Let Me Go (with Alesso, Florida Georgia Line & watt)","Hailee Steinfeld, Alesso, Florida Georgia Line, WATT","edm, country, pop country, acoustic country, ","Country, Electronic","Let Me Go (with Alesso, Florida Georgia Line & watt)",2017-09-08,5Gu0PDLN4YJeW75PpBSg9p,42910172,"5p7f24Rk5HkUZsaS3BLG5F, 4AVFqumd2ogHFlRbKIjp1t, 3b8QkneNDz4JHKKKlLgYZg, 4olE3I5QU0dvSR7LIpqTXc"
Rewrite The Stars,"Zac Efron, Zendaya","musicals, ",Classical,Rewrite The Stars,2017-11-17,630sXRhIcfwr2e4RdNtjKN,6669610,"6U1dBXJhC8gXFjamvFTmHg, 6sCbFbEjbYepqswM1vWjjs"
Wolves,"Selena Gomez, Marshmello","pop, edm","Electronic, Pop",Wolves,2017-10-25,0tBbt8CrmxbjRP0pueQkyU,26804200,"0C8ZW7ezQVs4URX5aX7Kqx, 64KEffDW9EtZ1y2vBYgq8T"
Swervin (feat. 6ix9ine),"A Boogie Wit da Hoodie, 6ix9ine","melodic rap, ",Hip Hop,Hoodie SZN,2018-12-21,1wJRveJZLSb1rjhnUHQiv6,346465962,"31W5EY0aAly4Qieq6OFu6I, 7gZfnEnfiaHzxARJ2LeXrf"
Happier,Ed Sheeran,soft pop,Pop,÷ (Deluxe),2017-03-03,2RttW7RAu5nOAfq6YFvApB,42912960,6eUKZXaKkcviH0Ku9w2n3V
Ocean (feat. Khalid),"Martin Garrix, Khalid","edm, electronica, progressive house, ",Electronic,Ocean (feat. Khalid),2018-06-15,3nc420PXjTdBV5TN0gCFkS,4164314,"60d24wfXkVzDSfLS6hyCjZ, 6LuN9FCkKOj5PcnpouEgny"
All Girls Are The Same,Juice WRLD,"melodic rap, emo rap",Hip Hop,Goodbye & Good Riddance,2018-12-10,4VXIryQMWpIdGgYR4TrjT1,30939956,4MCBfE4596Uoi2O4DtmEMz
Something Just Like This,"The Chainsmokers, Coldplay",,,Memories...Do Not Open,2017-04-07,6RUKPb4LETWmmr3iAEQktW,152252829,"69GGBxA162lTqCwzJG5jLp, 4gzpq5DPGxSnKTe4SA8HAU"
This Is Me,"Keala Settle, The Greatest Showman Ensemble",musicals,Classical,This Is Me,2017-10-27,2xGjteMU3E1tkEPVFBO08U,2251843,"7HV2RI2qNug4EcQqLbCAKS, 63nv0hWWDob56Rk8GlNpN8"
Happy Now,"Zedd, Elley Duhé","edm, ",Electronic,Happy Now,2018-07-18,4keoy2fqgwGnbWlm3ZVZFa,9178570,"2qxJFvFYMEDqd7ui6kSAcq, 67MNhiAICFY6Pwc2YxCO0K"
Born To Be Yours,"Kygo, Imagine Dragons","tropical house, ",Electronic,KYGO HITS COLLECTION 2018 - JAPAN ONLY EDITION,2018-10-10,4M3FO0ji6Lc8vwD1sgf1nc,1137287,"23fqKkggKUBHNkbKtXEls4, 53XhwfbYqKCa1cC15pYq2q"
Call Out My Name,The Weeknd,,,"My Dear Melancholy,",2018-03-30,09mEdoA6zrmBPgTEN5qXmN,7974174,1Xyo4u8uXC1ZmMpatF05PJ
I'm Yours,Jason Mraz,"soft pop, acoustic pop",Pop,We Sing. We Dance. We Steal Things. (Bonus Tracks Version),2008-05-01,3S0OXQeoh0w6AY8WQVckRW,98928861,4phGZZrJZRo4ElhRtViYdl
come out and play,Billie Eilish,,,come out and play,2018-11-20,7wC5eZcFS1Q1BsQ35DU6H4,4131359,6qqNVTkY8uBg9cP3Jd7DAH
Silence,"Marshmello, Khalid","edm, ",Electronic,Silence,2017-08-11,7vGuf3Y35N4wmASOKLUVVU,21813214,"64KEffDW9EtZ1y2vBYgq8T, 6LuN9FCkKOj5PcnpouEgny"
Demons and Angels (feat. Juice WRLD),"A Boogie Wit da Hoodie, Juice WRLD","melodic rap, emo rap",Hip Hop,Hoodie SZN,2018-12-21,3L19besdNQzd342qL78xqm,5565198,"31W5EY0aAly4Qieq6OFu6I, 4MCBfE4596Uoi2O4DtmEMz"
In My Head,Peter Manos,,,In My Head,2018-05-15,1tT55K6VEyO6XFDxK4lDQe,1119832,4K9aclpXgCPNFGEqRlFPal
Treat You Better,Shawn Mendes,pop,Pop,Illuminate,2017-04-20,3QGsuHI8jO1Rx4JWLUh9jd,32422871,7n2wHs1TKAczGzO7Dd2rGr
HaifischNikez Allstars,"LX, Maxwell, Bonez MC, Gzuz, Sa4",german hip hop,Hip Hop,HaifischNikez Allstars,2018-12-28,0kLA41xkWzzYzMIEGFuDkP,544655,"10XY9PZCJKzUFzZOdtlQLU, 0b62itBWBdLgiecXjXCqKC, 1aS5tqEs9ci5P9KD9tZWa6, 5eioJDe26lOqkAMbuhzZYs, 5qZLYtTL3ldN6Uw7OXHESR"
10 Freaky Girls (with 21 Savage),"Metro Boomin, 21 Savage",,,NOT ALL HEROES WEAR CAPES (Deluxe),2018-11-06,0AluA5RNsa4Cx6XRhf2hWZ,4274688,"0iEtIxbK0KxaSlF7G42ZOp, 1URnnhqYAYcrqrcwql10ft"
Crushed Up,Future,rap,Hip Hop,Future Hndrxx Presents: The WIZRD,2019-01-18,7wcyO1rrH3Ru4t659IjG41,37304888,1RyvyyTE3xzB2ZywiAwp0i
medicine,Bring Me The Horizon,"metalcore, emo, screamo, rock, post-hardcore, metal","Rock, Metal",medicine,2019-01-03,03CbQgFxnBFoaaVJTfEqMD,861296,1Ffb6ejR6Fe5IamqA5oRUF
Undecided,Chris Brown,r&b,R&B,Undecided,2019-01-04,7uiBocndm12aKbsdnQ3Scx,40291681,7bXgB6jMjp9ATFy66eO08Z
I Found You / Nilda’s Story (with Calvin Harris & Miguel),"benny blanco, Calvin Harris, Miguel","edm, r&b","Electronic, R&B",I Found You / Nilda’s Story (with Calvin Harris & Miguel),2019-01-04,3eVuglKxN2sjoIGHAsFAge,815387,"5CiGnKThu5ctn9pBxv7DGa, 7CajNmpbOovFoOoasH2HaY, 360IAlyVv4PCEVjgyMZrxK"
Che cazzo ridi (feat. Tedua & Trippie Redd),"Fedez, Tedua, Trippie Redd","italian trap, melodic rap",Hip Hop,Che cazzo ridi (feat. Tedua & Trippie Redd),2019-01-04,7GeC7Nb58zsPnlFSfF0HZU,672376,"3pgCLfNbw5ozIfoNsvDU7i, 1AgAVqo74e2q4FVvg0xpT7, 6Xgp2XMz1fhVYe7i6yNAax"
Calling My Spirit,Kodak Black,,,Dying to Live,2018-12-14,2MShy1GSSgbmGUxADNIao5,16514370,46SHBwWsqBkxI7EeeBEQG7
Hope,"The Chainsmokers, Winona Oak",,,Sick Boy,2018-12-14,4BiiOzZCrXEzHRLYcYFiD5,59018397,"69GGBxA162lTqCwzJG5jLp, 3XC57xz74X3xUi1hv4mge1"
STARGAZING,Travis Scott,rap,Hip Hop,ASTROWORLD,2018-08-03,7wBJfHzpfI3032CSD7CE2m,2933903,0Y5tJX1MQlPlqiwlOH1tJY
Butterfly Doors,Lil Pump,,,Harverd Dropout,2019-02-22,5X4c1AVbFfl8u36AE5QLCI,28566176,3wyVrVrFCkukjdVIdirGVY
Sola,Manuel Turizo,"reggaeton, latin, colombian pop","Pop, Latin",Sola,2018-11-09,675w3ACw5xZR3ODhUJlEVN,66408334,0tmwSHipWxN12fsoLcFU3B
Killer Queen - Remastered 2011,Queen,"classic rock, rock, glam rock",Rock,Sheer Heart Attack (Deluxe Edition 2011 Remaster),1974-11-08,4cIPLtg1avt2Jm3ne9S1zy,7045145,1dfeR4HaWDbWqFHLkxsg1d
Someone You Loved,Lewis Capaldi,soft pop,Pop,Divinely Uninspired To A Hellish Extent,2019-05-17,7qEHsqek33rTcFNT9PFqLf,823780323,4GNC7GD6oZMSxPGyXy4MNB
WHEN I WAS OLDER - Music Inspired By The Film ROMA,Billie Eilish,,,WHEN I WAS OLDER (Music Inspired By The Film ROMA),2019-01-09,7tGEAA1f8MydT7eVbbO9Zy,5172777,6qqNVTkY8uBg9cP3Jd7DAH
Lie To Me,5 Seconds of Summer,,,Youngblood (Deluxe),2018-06-15,3567eNX2L3RkkMkwspncMH,601762,5Rl15oVamLq7FbSb0NNBNy
Unforgettable,"French Montana, Swae Lee",,,Jungle Rules,2017-07-14,3B54sVLJ402zGa6Xm4YGNe,606022,"6vXTefBL93Dj5IqAWq6OTv, 1zNqQNIdeOUZHb8zbZRFMX"
Dancing With A Stranger (with Normani),"Sam Smith, Normani","soft pop, ",Pop,Love Goes,2020-10-30,3xgT3xIlFGqZjYW9QlhJWp,560659214,"2wY79sveU1sp5g7SokKOiI, 2cWZOOzeOm4WmBJRnD5R7I"
Lost in the Fire (feat. The Weeknd),"Gesaffelstein, The Weeknd",,,Hyperion,2019-03-08,2vXKRlJBXyOcvZYTdNeckS,68882186,"3hteYQFiMFbJY7wS0xDymP, 1Xyo4u8uXC1ZmMpatF05PJ"
Giant (with Rag'n'Bone Man),"Calvin Harris, Rag'n'Bone Man","edm, ",Electronic,Giant (with Rag'n'Bone Man),2019-01-11,5itOtNx0WxtJmi1TQ3RuRd,278801574,"7CajNmpbOovFoOoasH2HaY, 4f9iBmdUOhQWeP7dcAn1pf"
DODI,Shindy,german hip hop,Hip Hop,DODI,2019-01-11,63THFs9ovzO3WQsz4lzh0H,8500483,5j21TGkrNEAJe3gG9VlS34
hope is a dangerous thing for a woman like me to have - but I have it,Lana Del Rey,,,hope is a dangerous thing for a woman like me to have - but i have it,2019-01-09,1PfUKiMDKIlPEF9FfdJawc,1797371,00FQb4jTyendYWaN8pK0wa
Baila Baila Baila,Ozuna,"reggaeton, latin, trap latino, urbano latino",Latin,Baila Baila Baila,2019-01-05,7uH27oIt4a6cIFCA8ZPcyG,301330276,1i8SpTcr7yvPOmcqrbnVXY
Jumpin on a Jet,Future,rap,Hip Hop,Future Hndrxx Presents: The WIZRD,2019-01-18,1I3ZAmPmbFV78oNKnibOiW,4303359,1RyvyyTE3xzB2ZywiAwp0i
Nights Like This (feat. Ty Dolla $ign),"Kehlani, Ty Dolla $ign",,,While We Wait,2019-02-22,6ZRuF2n1CQxyxxAAWsKJOy,98657395,"0cGUm45nv7Z6M6qdXYQGTX, 7c0XG5cIJTrrAgEC3ULPiq"
Without Me (with Juice WRLD),"Halsey, Juice WRLD","melodic rap, emo rap",Hip Hop,Without Me (with Juice WRLD),2019-01-09,6Zc5f20q7sOe1IC1c1jQvZ,750487,"26VFTg2z8YR0cCuwLzESi2, 4MCBfE4596Uoi2O4DtmEMz"
Estado Decadente - Acústico,Zé Neto & Cristiano,"sertanejo, sertanejo universitário, arrocha, agronejo","Country, Latin",Acústico de Novo,2019-01-11,4eB8rsNNm5791m3uvEBNLR,727464,487N2T9nIPEHrlTZLL3SQs
More Than That,Lauren Jauregui,,,More Than That,2019-01-11,180WImKPbvdUrboKUov5f4,719969,3J0BpFVUc9LeOIVeN5uNhU
Te Vi,"Piso 21, Micro TDH","reggaeton, colombian pop, pop urbano, ","Pop, Latin",Te Vi,2018-12-14,059bcIhyc2SBwm6sw2AZzd,209597510,"4bw2Am3p9ji3mYsXNXtQcd, 1aWJsBQa67l72j1VT3D6Ow"
È sempre bello,Coez,indie,Rock,È sempre bello,2019-01-11,18LXrvm337xqvFxpaB9Puj,697014,5dXlc7MnpaTeUIsHLVe3n4
Let Me Down Slowly,Alec Benjamin,,,Narrated For You,2018-11-16,2qxmye6gAegTMjLKEBoR3d,375966129,5IH6FPUwQTxPSXurCrcIov
So Close,"NOTD, Felix Jaehn, Captain Cuts, Georgia Ku","tropical house, ",Electronic,So Close (feat. Georgia Ku),2018-11-02,7FjZU7XFs7P9jHI9Z0yRhK,28905636,"5jAMCwdNHWr7JThxtMuEyy, 4bL2B6hmLlMWnUEZnorEtG, 0rlKkLkpsCnJbZethGBfAk, 5mYakBbBzPMQTfkVMIgiDM"
Pure Cocaine,Lil Baby,,,Street Gossip,2018-11-30,577YBGuskWkVDCxZrLRB4v,12328503,5f7VJjfbwm532GiveGC0ZK
Secreto,"Anuel AA, KAROL G","reggaeton, trap latino, urbano latino, latin",Latin,Secreto,2019-01-15,5W83ErFkO3aKAIS1WMi6u0,358927858,"2R21vXR83lH98kGeO99Y66, 790FomKkXshlbRYZFtlgla"
7 rings,Ariana Grande,pop,Pop,"thank u, next",2019-02-08,6ocbgoVGwYJhOv1GgI9NsF,961361480,66CXWjxzNUsdJxJ2JdwvnR
First Off (feat. Travis Scott),"Future, Travis Scott",rap,Hip Hop,Future Hndrxx Presents: The WIZRD,2019-01-18,3WRIaWsws011vHMd9uzPjG,28728227,"1RyvyyTE3xzB2ZywiAwp0i, 0Y5tJX1MQlPlqiwlOH1tJY"
Hobby Hobby,MERO,"german hip hop, turkish hip hop",Hip Hop,Hobby Hobby,2019-01-18,260R90ctQ1SiPax90PuEsT,14731761,5wyWp867LWGjFmYZXVSFnZ
Keanu Reeves,Logic,,,Confessions of a Dangerous Mind,2019-05-10,1JIgaRnqtzS7DuGM3hVZU9,49403965,4xRYI6VqpkE3UwrDrAZL8L
Mile High,"James Blake, Travis Scott, Metro Boomin","rap, ",Hip Hop,Assume Form,2019-01-18,64ydkbrt0xhdJXRaam06Mc,4819380,"53KwLdlmrlCelAZMaLVZqU, 0Y5tJX1MQlPlqiwlOH1tJY, 0iEtIxbK0KxaSlF7G42ZOp"
Never Stop,Future,rap,Hip Hop,Future Hndrxx Presents: The WIZRD,2019-01-18,1AGPmw3QJBNfOK6XioDhZp,1782850,1RyvyyTE3xzB2ZywiAwp0i
Stamm Fort (feat. Sfera Ebbasta),"Luchè, Sfera Ebbasta","italian trap, canzone napoletana, neomelodico, trap","Traditional music, Hip Hop, Folk/Acoustic",Stamm Fort,2019-01-18,7hHf4gz7kGmkuwa6XMc88W,1624427,"3yiEJ9SByXZMXTwaKdVFN4, 23TFHmajVfBtlRx5MXqgoz"
Rocket Ship,Future,rap,Hip Hop,Future Hndrxx Presents: The WIZRD,2019-01-18,4HfaOznGhHYWqPtpLYz2PB,899669,1RyvyyTE3xzB2ZywiAwp0i
Temptation,Future,rap,Hip Hop,Future Hndrxx Presents: The WIZRD,2019-01-18,2gXOzCwbVXACCaYRj4Qrep,888614,1RyvyyTE3xzB2ZywiAwp0i
F&N,Future,rap,Hip Hop,Future Hndrxx Presents: The WIZRD,2019-01-18,5YP6yKgGGsXKukqxXypVAf,844795,1RyvyyTE3xzB2ZywiAwp0i
Promise U That,Future,rap,Hip Hop,Future Hndrxx Presents: The WIZRD,2019-01-18,7EB2UpfRbS4QVjZQlKLi3Z,1489579,1RyvyyTE3xzB2ZywiAwp0i
Pure Water (with Migos),"Mustard, Migos",trap,Hip Hop,Perfect Ten,2019-06-28,3j84U36KvLeXNDPv4t5pI8,244589209,"0YinUQ50QDB7ZxSCLyQ40k, 6oMuImdp5ZcFhWP0ESe6mG"
Unicorn Purp (feat. Young Thug & Gunna),"Future, Young Thug, Gunna","rap, melodic rap, trap",Hip Hop,Future Hndrxx Presents: The WIZRD,2019-01-18,2U3LJfQB0ALLxC7Yy0QW7l,748878,"1RyvyyTE3xzB2ZywiAwp0i, 50co4Is1HCEo8bhOyUWKpn, 2hlmm7s2ICUX0LVIhVFlZQ"
Wenn die Sonne untergeht,"Azet, Zuna",german hip hop,Hip Hop,Wenn die Sonne untergeht,2019-01-18,23N0z3XkwS2ErcNKsgCWAb,731797,"39KEQQAG9JhIt71g9NEVhh, 2otUckChxWf2cp6UP2cD6e"
7 Minutes,Dean Lewis,,,7 Minutes,2019-01-18,2BkyYZmU4JuWW2sYi9EzpC,11283105,3QSQFmccmX81fWCUSPTS7y
Call the Coroner,Future,rap,Hip Hop,Future Hndrxx Presents: The WIZRD,2019-01-18,1WlU4jsJ8AoTB96dgd8LJA,719302,1RyvyyTE3xzB2ZywiAwp0i
Almost (Sweet Music),Hozier,,,"Wasteland, Baby!",2019-03-01,7uttm8Iurm5uK67Vr9G2Sp,14994906,2FXC3k01G6Gw61bmprjgqS
Faceshot,Future,rap,Hip Hop,Future Hndrxx Presents: The WIZRD,2019-01-18,5R2pz8i4k4bvRAqiIFXzKz,683956,1RyvyyTE3xzB2ZywiAwp0i
Bebi Liguei - Ao Vivo,Marília Mendonça,"sertanejo, sertanejo universitário, arrocha, forró","Country, Latin",Bebi Liguei (Ao Vivo),2018-12-16,1T7aSWZQIorPMzRT8jTMXc,2556569,1yR65psqiazQpeM79CcGh8
Lie To Me (feat. Julia Michaels),"5 Seconds of Summer, Julia Michaels",,,Lie To Me (feat. Julia Michaels),2018-12-21,6GzApXoBQiiAjak3tOQfV3,22977632,"5Rl15oVamLq7FbSb0NNBNy, 0ZED1XzwlLHW4ZaG4lOT6m"
Grip,"Seeb, Bastille",,,Grip,2018-12-06,3gicyfiEVMGONgzygpWjNT,585922,"5iNrZmtVMtYev5M9yoWpEq, 7EQ0qTo7fWT7DPxmxtSYEc"
Sauce!,XXXTENTACION,emo rap,Hip Hop,"XXXTENTACION Presents: Members Only, Vol. 4",2019-01-23,3jq1RpStaB1YGyN3rRZGca,12493544,15UsOTVnJzReFVN1VCnxy4
Gassed Up!,"XXXTENTACION, Flyboy Tarantino, Kid Trunks, Bass Santana, Kin$oul","emo rap, ",Hip Hop,"XXXTENTACION Presents: Members Only, Vol. 4",2019-01-23,15Y949TGjUppdT78h0S49P,841752,"15UsOTVnJzReFVN1VCnxy4, 6kYViCeiqcUZXgPVdCIKBi, 57SA5Qv24Vydwd6bJnV8fI, 0O1cTzccAEKaEFShgzAK9V, 6HhsbprrJmKeaH8SgSlGge"
Make Eem Run!,"Bass Santana, XXXTENTACION, Ski Mask The Slump God","emo rap, ",Hip Hop,"XXXTENTACION Presents: Members Only, Vol. 4",2019-01-23,44nlOJLjLqwNgYcT277V25,656653,"0O1cTzccAEKaEFShgzAK9V, 15UsOTVnJzReFVN1VCnxy4, 2rhFzFmezpnW82MNqEKVry"
Touch Eem Body,"XXXTENTACION, Bass Santana, Kin$oul, Reddz","emo rap, ",Hip Hop,"XXXTENTACION Presents: Members Only, Vol. 4",2019-01-23,2WOxBv9WElDqB0opEAbCC4,646319,"15UsOTVnJzReFVN1VCnxy4, 0O1cTzccAEKaEFShgzAK9V, 6HhsbprrJmKeaH8SgSlGge, 71sg3tAkpnG5jjfNWFX8zo"
MIDDLE CHILD,J. Cole,rap,Hip Hop,MIDDLE CHILD,2019-01-23,2JvzF1RMd7lE3KmFlsyZD8,471425764,6l3HvQ5sa6mXTsMTB19rO5
Speechless (feat. Erika Sirola),"Robin Schulz, Erika Sirola","tropical house, ",Electronic,Speechless (feat. Erika Sirola),2018-11-16,1rCcsYnmqbMYdkG7kS9GC5,74936100,"3t5xRXzsuZmMDkQzgOX35S, 1OHw2r7Diz2rc9JktaFV6N"
Swan Song - From the Motion Picture  Alita: Battle Angel ,Dua Lipa,pop,Pop,Swan Song (From the Motion Picture  Alita: Battle Angel ),2019-01-24,5600nq7TiBraBX2jobyJ3l,41805799,6M2wZ9GZgrQXHCFfjv46we
i'm so tired...,"Lauv, Troye Sivan",,,~how i'm feeling~,2020-03-06,4vjpLMyL3ZO6aphdYr8XYw,370792539,"5JZ7CnR6gTvEMKX4g70Amv, 3WGpXCj9YhhfX11TToZcXP"
Anxiety (with Selena Gomez),"Julia Michaels, Selena Gomez",pop,Pop,Inner Monologue Part 1,2019-01-24,1XJ93XskwJf7PCyIVLbNBt,8259091,"0ZED1XzwlLHW4ZaG4lOT6m, 0C8ZW7ezQVs4URX5aX7Kqx"
Prinzessa,Capital Bra,german hip hop,Hip Hop,Prinzessa,2019-01-25,7r55d7IhAj5UGKiYbXBwRP,15959029,4WZGDpNwrC0vNQyl9QzF7d
Girls Have Fun (feat. G-Eazy & Rich The Kid),"Tyga, G-Eazy, Rich The Kid",trap,Hip Hop,Girls Have Fun (feat. G-Eazy & Rich The Kid),2019-01-23,1NHlyKgtR4roNylOhidKSv,5201321,"5LHRHt1k9lMyONurDHEdrp, 02kJSzxNuaWGqwubyUba0Z, 1pPmIToKXyGdsCF6LmqLmI"
Con Calma,"Daddy Yankee, Snow","reggaeton, latin, ",Latin,Con Calma,2019-01-24,5w9c2J52mkdntKOmRLeM2m,715027898,"4VMYDCV2IEDYJArk749S6m, 3uZFBSsMiooimnprFL9jD1"
Harmony Hall,Vampire Weekend,"indie, baroque pop","Pop, Rock",Harmony Hall / 2021,2019-01-24,5kXDF4OmM5COyeo6z97nEk,831675,5BvJzeQpmsdsFp4HGUYUEx
Orbit,Shirin David,"german hip hop, german pop","Hip Hop, Pop",Orbit,2019-01-25,0dUjcVPXy2Npz7RAmylgOS,753901,0JBdTCGs111JKKYfLqOEBa
mother tongue,Bring Me The Horizon,"metalcore, emo, screamo, rock, post-hardcore, metal","Rock, Metal",amo,2019-01-25,5IwUFTiNkarb5HEtNRtRtc,741890,1Ffb6ejR6Fe5IamqA5oRUF
Thotiana,Blueface,,,Famous Cryp,2018-12-18,3oh6SCCeLuXhFpEyepla6G,144487661,3Fl1V19tmjt57oBdxXKAjJ
Derdim Olsun,Reynmen,"turkish pop, turkish hip hop","Hip Hop, Pop",Derdim Olsun,2019-01-25,0m0Ew7RcwZaBS8psxgE00P,3297760,1Fg19vpUJpAAPFjnKaVYVW
3 Nights,Dominic Fike,,,"Don't Forget About Me, Demos",2018-10-16,0uI7yAKUf52Cn7y3sYyjiX,241871669,6USv9qhCn6zfxlBQIYJ9qs
Un Año,"Sebastian Yatra, Reik","colombian pop, reggaeton, latin, latin pop","Pop, Latin",FANTASÍA,2019-04-12,2vrpcQNg6itmgVZWsNjWe0,151149121,"07YUOmWljBTXwIseAUd9TW, 0vR2qb8m9WHeZ5ByCbimq2"
bury a friend,Billie Eilish,,,"WHEN WE ALL FALL ASLEEP, WHERE DO WE GO?",2019-03-29,4SSnFejRGlZikf02HLewEF,541390748,6qqNVTkY8uBg9cP3Jd7DAH
Racks on Racks,Lil Pump,,,Harverd Dropout,2019-02-22,56lQI55srtE2glxdPffDLT,8271926,3wyVrVrFCkukjdVIdirGVY
Terremoto,"Anitta, MC Kevinho","brazilian pop, funk pop, funk carioca, funk, pagode baiano, brazilian funk","Hip Hop, Pop, R&B, Latin",Terremoto,2019-02-01,7G2XZhDNHo7SSDWSVxC0UT,9659413,"7FNnA9vBm6EKceENgCGRMb, 1mXAhKnZEdF6rotyyd4GBi"
One Call,Gunna,melodic rap,Hip Hop,Drip or Drown 2,2019-02-22,3pq5dd3Hwg2uJ3d63v9YRx,5695796,2hlmm7s2ICUX0LVIhVFlZQ
Bones (feat. OneRepublic),"Galantis, OneRepublic",soft pop,Pop,Bones (feat. OneRepublic),2019-01-31,1pfgsjmxVZhoZpeDx6POKv,17583158,"4sTQVOfp9vEMCemLw50sbu, 5Pwc4xIPtQLFEnJriah9YJ"
I've Been Waiting (w/ ILoveMakonnen & Fall Out Boy),"Lil Peep, ILOVEMAKONNEN, Fall Out Boy","emo rap, cloud rap, emo, pop punk, emo pop","Hip Hop, Rock, Pop",I've Been Waiting (w/ ILoveMakonnen & Fall Out Boy),2019-01-31,2v5JTeM6hSmi5wWy7jiwrI,5782535,"2kCcBybjl3SAtIcwdWpUe3, 3aGFCoR8xGN6DKwvdzeSja, 4UXqAaa6dQYAk18Lv7PEgX"
Don't Call Me Up,Mabel,,,Ivy To Roses (Mixtape),2019-01-18,5WHTFyqSii0lmT9R21abT8,415230966,1MIVXf74SZHmTIp4V4paH4
7 rings (feat. 2 Chainz) - Remix,"Ariana Grande, 2 Chainz","pop, rap, southern hip hop","Pop, Hip Hop",7 rings (Remix),2019-02-01,6AyI8UGx8Y4peb7pLOy2pf,765354,"66CXWjxzNUsdJxJ2JdwvnR, 17lzZA2AlOHwCwFALHttmp"
ROMEO & JULIET,"Loredana, Mozzik",german hip hop,Hip Hop,ROMEO & JULIET,2019-02-01,3uB8KqnEoQq5bTQ1JFHJ7Y,2016123,"2Im8m4STDBosjfmb5hmP80, 1pkDzgHvVqC17qYGKfLPpb"
Alone,Marshmello,edm,Electronic,Alone,2016-05-13,12mGwph2YzDIlChtq3EdXP,15069185,64KEffDW9EtZ1y2vBYgq8T
Dile la Verdad,"The Rudeboyz, Jowell & Randy, Manuel Turizo","reggaeton, urbano latino, latin, colombian pop","Pop, Latin",Dile la Verdad,2019-01-11,6qP73DRFGojLuIk1siIhNE,18517695,"7ciBW1p3KBsYIkFk4UmwS8, 4IMAo2UQchVFyPH24PAjUs, 0tmwSHipWxN12fsoLcFU3B"
Everyday,"Logic, Marshmello",edm,Electronic,Bobby Tarantino II,2018-03-09,4EAV2cKiqKP5UPZmY6dejk,14119265,"4xRYI6VqpkE3UwrDrAZL8L, 64KEffDW9EtZ1y2vBYgq8T"
you should see me in a crown,Billie Eilish,,,"WHEN WE ALL FALL ASLEEP, WHERE DO WE GO?",2019-03-29,3XF5xLJHOQQRbWya6hBp7d,152053292,6qqNVTkY8uBg9cP3Jd7DAH
She Will Be Loved - Radio Mix,Maroon 5,pop,Pop,Songs About Jane: 10th Anniversary Edition,2002-00-00,4llK75pXNWZz6KAho2Gp16,1366241,04gDigrS5kc9YWfZHwBETP
my boy,Billie Eilish,,,dont smile at me (Expanded Edition),2017-08-11,0FQhAHyHGsrbSHvDURmFPn,4424727,6qqNVTkY8uBg9cP3Jd7DAH
I Tuoi Particolari,Ultimo,,,I Tuoi Particolari,2019-02-06,524euygKKFWurhvIdSrkg6,7946556,3hN3iJMbbBmqBSAMx5veDa
Lost In Japan,Shawn Mendes,pop,Pop,Shawn Mendes,2018-05-25,79esEXlqqmq0GPz0xQSZTV,143302577,7n2wHs1TKAczGzO7Dd2rGr
"break up with your girlfriend, i'm bored",Ariana Grande,pop,Pop,"thank u, next",2019-02-08,4kV4N9D1iKVxx1KLvtTpjS,437732762,66CXWjxzNUsdJxJ2JdwvnR
needy,Ariana Grande,pop,Pop,"thank u, next",2019-02-08,1TEL6MlSSVLSdhOSddidlJ,82989855,66CXWjxzNUsdJxJ2JdwvnR
NASA,Ariana Grande,pop,Pop,"thank u, next",2018-02-07,4SPu0Ql902hTVXkBoNIYtq,82943355,66CXWjxzNUsdJxJ2JdwvnR
bloodline,Ariana Grande,pop,Pop,"thank u, next",2019-02-08,2hloaUoRonYssMuqLCBLTX,74791595,66CXWjxzNUsdJxJ2JdwvnR
bad idea,Ariana Grande,pop,Pop,"thank u, next",2018-02-07,7EQpvVujgytLVY8vKiDHAg,72101431,66CXWjxzNUsdJxJ2JdwvnR
fake smile,Ariana Grande,pop,Pop,"thank u, next",2019-02-08,3wFLWP0FcIqHK1wb1CPthQ,53532993,66CXWjxzNUsdJxJ2JdwvnR
ghostin,Ariana Grande,pop,Pop,"thank u, next",2018-02-07,4lD7gHKF1e8Y9stQuVezZB,43513294,66CXWjxzNUsdJxJ2JdwvnR
in my head,Ariana Grande,pop,Pop,"thank u, next",2019-02-08,4T652DlATVHe0jdLKaN3Bw,34883858,66CXWjxzNUsdJxJ2JdwvnR
make up,Ariana Grande,pop,Pop,"thank u, next",2019-02-08,27356GVuMPFWiJSZCragoM,31253242,66CXWjxzNUsdJxJ2JdwvnR
Talk,"Khalid, Disclosure",house,Electronic,Talk,2019-02-07,0rTV5WefWd1J3OwIheTzxM,123286296,"6LuN9FCkKOj5PcnpouEgny, 6nS5roXSAGhTGr34W6n7Et"
Who Do You Love,"The Chainsmokers, 5 Seconds of Summer",,,Who Do You Love,2019-02-07,5rAtoPMDrOFN5wLdM6YmRx,218680839,"69GGBxA162lTqCwzJG5jLp, 5Rl15oVamLq7FbSb0NNBNy"
Ferrari,"Eno, MERO","german hip hop, turkish hip hop",Hip Hop,Ferrari,2019-02-08,4AgK0CwpwcekXVdAoYB2VO,14700023,"3GBBxBdoolb0B5YizZq9bF, 5wyWp867LWGjFmYZXVSFnZ"
Better When You're Gone,"David Guetta, Brooks, Loote","edm, dance, future house, ",Electronic,Better When You're Gone,2019-02-08,4Tvw0lweq9l2JPQKFbpbBQ,21389971,"1Cs0zKBU1kc0i8ypK3B9ai, 4mHAu7NX2UNsnGXjviBD9e, 00TKPo9MxwZ0j4ooveIxWZ"
Hallo Hallo,"Azet, Zuna",german hip hop,Hip Hop,Hallo Hallo,2019-02-08,3aYAAXlB1yvUs5MJ0FI3bh,1618974,"39KEQQAG9JhIt71g9NEVhh, 2otUckChxWf2cp6UP2cD6e"
One Last Time,Ariana Grande,pop,Pop,My Everything,2014-08-24,1CAksvEO6oRHd9bBKWAfuY,2652921,66CXWjxzNUsdJxJ2JdwvnR
Into You,Ariana Grande,pop,Pop,Dangerous Woman,2016-04-01,76FZM38RC8XaAjJ77CVTNe,1987432,66CXWjxzNUsdJxJ2JdwvnR
Side To Side,"Ariana Grande, Nicki Minaj","pop, ",Pop,Dangerous Woman,2016-04-01,44ONERBHALxftQNWq6dmyd,1376529,"66CXWjxzNUsdJxJ2JdwvnR, 0hCNtLu0JehylgoiP8L4Gh"
Soldi,Mahmood,,,Gioventù Bruciata,2019-02-22,4szQkW1CDHqbRZGltXJdd3,47475769,06nvjg4wBANK6DCHjqtPNd
La ragazza con il cuore di latta,Irama,,,Giovani per sempre,2019-02-08,0NmyHZZMfVBiUSOfDmz9Bf,2150688,5iot8OPcosJN9nCl7I5SdK
This Is America,Childish Gambino,,,This Is America,2018-05-06,0b9oOr2ZgvyQu88wzixux9,662400,73sIBHcqh3Z3NyqHKZ7FOL
Big Plans,Why Don't We,,,Big Plans,2019-01-17,6Yx181fZzA0YE2EkUsYruq,23726383,2jnIB6XdLvnJUeNTy5A0J2
All of Me,John Legend,"soft pop, neo soul","R&B, Pop",Love In The Future (Expanded Edition),2013-08-30,3U4isOIWM3VvDubwSI3y7a,134813252,5y2Xq6xcjJb2jVM54GHK3t
Robbery,Juice WRLD,"melodic rap, emo rap",Hip Hop,Death Race For Love,2019-03-08,6Hj9jySrnFppAI0sEMCZpJ,214039550,4MCBfE4596Uoi2O4DtmEMz
Murder on My Mind,YNW Melly,melodic rap,Hip Hop,I AM YOU,2018-08-03,7eBqSVxrzQZtK2mmgRG6lC,256405301,1cNDP5yjU5vjeR8qMf4grg
Stay With Me,Sam Smith,soft pop,Pop,In The Lonely Hour (Deluxe),2014-01-01,5MxWTfmlmRDx6VZHvB9xV8,925306,2wY79sveU1sp5g7SokKOiI
Make You Feel My Love,Adele,soft pop,Pop,19,2008-01-27,273QnyCvJB65rScHJ1nPZb,843563,4dpARuHxo51G3z768sgnrY
Halo,Beyoncé,,,I AM...SASHA FIERCE - Platinum Edition,2008-00-00,2CvOqDpQIMw69cCzWqr5yr,834975,6vWDO969PvNqNYHIOW5v0m
Every Breath You Take,The Police,,,Synchronicity (Remastered 2003),1983-06-17,1JSTJqkT5qHq8MDJnJbRE1,28178192,5NGO30tJxFlKixkPSgXcFE
a thousand years,Christina Perri,soft pop,Pop,a thousand years,2011-10-18,6lanRgr6wXibZr8KgzXxBl,791354,7H55rcKCfwqkyDFH9wpKM6
If I Ain't Got You,Alicia Keys,"r&b, neo soul",R&B,The Diary Of Alicia Keys,2003-12-02,3XVBdLihbNbxUwZosxcGuJ,733558,3DiDSECUqqY1AuBP8qtaIa
The Night We Met,Lord Huron,,,Strange Trails,2015-04-06,3hRV0jL3vUpRrcy398teAU,697812,6ltzsmQQbmdoHHbLZ4ZN25
Please Me,"Cardi B, Bruno Mars",,,Please Me,2019-02-15,0PG9fbaaHFHfre2gUVo7AN,140443870,"4kYSro6naA4h99UJvo89HB, 0du5cEVh5yTK9QJze8zA0C"
365,"Zedd, Katy Perry","edm, pop","Electronic, Pop",365,2019-02-14,2XWjPtKdi5sucFYtVav07d,48293521,"2qxJFvFYMEDqd7ui6kSAcq, 6jJ0s89eD6GaHleKKya26X"
Think About You,"Kygo, Valerie Broussard","tropical house, ",Electronic,Think About You,2019-02-14,3Kuu5vASpXK8oRsxOvau6P,25131850,"23fqKkggKUBHNkbKtXEls4, 6eVWXmKBW7Iltub01D9R1c"
11 Minutes (with Halsey feat. Travis Barker),"YUNGBLUD, Halsey, Travis Barker",rap rock,Rock,11 Minutes (with Halsey feat. Travis Barker),2019-02-14,4mGdjNMo0RonTlOEb7cYg4,39115293,"6Ad91Jof8Niiw0lGLLi3NW, 26VFTg2z8YR0cCuwLzESi2, 4exLIFE8sISLr28sqG1qNX"
Red Room,Offset,,,FATHER OF 4,2019-02-22,4TWflhgevIGo448fWc6mQq,42568480,4DdkRBBYG6Yk9Ka8tdJ9BW
Dumb Blonde (feat. Nicki Minaj),"Avril Lavigne, Nicki Minaj",,,Head Above Water,2019-02-15,1Spmq0UazGU6ovMIlGldZX,1750446,"0p4nmQO2msCgU4IF37Wi3j, 0hCNtLu0JehylgoiP8L4Gh"
Never Go Back,Dennis Lloyd,,,Never Go Back,2019-02-15,2QrXzOqLCVDRZHkToA0tSR,10243846,3EOEK57CV77D4ovYVcmiyt
Last Hurrah,Bebe Rexha,,,Last Hurrah,2019-02-15,0i0wnv9UoFdZ5MfuFGQzMy,61022698,64M6ah0SkkRsnPGtGiRAbb
DNA,"KC Rebell, Summer Cem, Capital Bra",german hip hop,Hip Hop,DNA,2019-02-15,4BD9yUEFI07WaDJ381DDMq,7827341,"5p7mWeX4RlvqBCxylfiXdE, 3drqpTL4sQOckmAfF9i1wg, 4WZGDpNwrC0vNQyl9QzF7d"
Forever Alone,Paulo Londra,"argentine trap, trap latino, reggaeton","Hip Hop, Latin",Forever Alone,2019-02-13,5NPzbTzFxIQPaheZuPhn4f,15075580,3vQ0GE3mI0dAaxIMYe5g7z
Speed It Up,Gunna,melodic rap,Hip Hop,Drip or Drown 2,2019-02-22,6PfI6EeLNiNGVAVg11nv7D,4340420,2hlmm7s2ICUX0LVIhVFlZQ
Pa Olvidarte (feat. Manuel Turizo) - Remix,"ChocQuibTown, Zion & Lennox, Farruko, Manuel Turizo","colombian pop, latin alternative, reggaeton, latin, trap latino","Pop, Latin",Pa Olvidarte (feat. Manuel Turizo) [Remix],2019-02-01,2ktoFujjJtantyMoVdBJlX,45632927,"6tkyhGe9hGI3Lcfo4gVh6Z, 21451j1KhjAiaYKflxBjr1, 329e4yvIujISKGKz1BZZbO, 0tmwSHipWxN12fsoLcFU3B"
Ta To Gucci (Remix),"Cauty, Brytiago, Darell, Cosculluela, Rafa Pabön, Chencho Corleone","reggaeton, urbano latino, trap latino, trap, dembow, latin hip hop","Latin, Hip Hop",Cauty VS Young Cauty,2018-12-07,7kuRvjpeUcn6qNV9IBXC2C,9677878,"2QUvtLq6oQaX0LNsYY2fas, 00XhexlJEXQstHimpZN910, 1TtXnWcUs0FCkaZDPGYHdf, 00me4Ke1LsvMxt5kydlMyU, 11YLRSsZA3YVuQQtHXKTlz, 37230BxxYs9ksS7OkZw3IU"
Baby,"Amenazzy, Nicky Jam, Farruko","trap latino, reggaeton, dembow, urbano latino, latin",Latin,Baby,2018-12-21,2IA8cFA46DkjgbsRG7kKbp,29010937,"6kq4GHwUcUojGIu0ziSNXf, 1SupJlEpv7RS2tPNRaHViT, 329e4yvIujISKGKz1BZZbO"
Mixed Personalities (feat. Kanye West),"YNW Melly, Kanye West","melodic rap, rap",Hip Hop,We All Shine,2019-01-18,6vWEAOUSxohKxhp0K1BsxL,111679619,"1cNDP5yjU5vjeR8qMf4grg, 5K4W6rqBFWDnAN6FQUkS6x"
Gib Ihm,Shirin David,"german hip hop, german pop","Hip Hop, Pop",Gib Ihm,2019-02-15,5iIgIxtMNeogKaFUfvuAbs,3416867,0JBdTCGs111JKKYfLqOEBa
Power Over Me,Dermot Kennedy,,,Power Over Me,2018-12-14,0OGNtqKkjI7FCE9HZ4Khgo,5101190,5KNNVgR6LBIABRIomyCwKJ
Bola Rebola,"Tropkillaz, J Balvin, Anitta, ZAAC","brazilian funk, brazilian pop, funk, reggaeton, latin, funk pop, funk carioca, pagode baiano","Hip Hop, Pop, R&B, Latin",Bola Rebola,2019-02-22,1OUPXna2MCgAt3VNmXJBtg,48576007,"5bzWtCkjIAMgN93gLt56SO, 1vyhD5VmyZ7KMfW5gqLgo5, 7FNnA9vBm6EKceENgCGRMb, 76Xa625geVw0Q7BdyxNjA2"
Legacy (feat. Travis Scott & 21 Savage),"Offset, Travis Scott, 21 Savage","rap, ",Hip Hop,FATHER OF 4,2019-02-22,7pMRoGLEJuFM2wl5pt0R99,19410192,"4DdkRBBYG6Yk9Ka8tdJ9BW, 0Y5tJX1MQlPlqiwlOH1tJY, 1URnnhqYAYcrqrcwql10ft"
I Guess I Just Feel Like,John Mayer,singer-songwriter,Folk/Acoustic,I Guess I Just Feel Like,2019-02-22,1HNywa8Bk0TmzRwQrzhtPo,2832943,0hEurMDQu99nJRq8pTxO14
Be Like Me (feat. Lil Wayne),"Lil Pump, Lil Wayne","rap, hip hop",Hip Hop,Harverd Dropout,2019-02-22,6flur5o18COKeafnjLHRiJ,6704637,"3wyVrVrFCkukjdVIdirGVY, 55Aa2cqylxrFIXC767Z865"
No Sleep (feat. Bonn),"Martin Garrix, Bonn","edm, electronica, progressive house, ",Electronic,No Sleep (feat. Bonn),2019-02-21,1ahVFh0ViDZr8LvkEVlq3B,34889291,"60d24wfXkVzDSfLS6hyCjZ, 7Io0XduXk7aOHFHA7sLru2"
Walk Me Home,P!nk,,,Hurts 2B Human,2019-04-25,6jfEZdUJ2Yla6h7gTJgKuo,111078701,1KCSPY1glIKqW2TotWuXOR
Outstanding,Gunna,melodic rap,Hip Hop,Drip or Drown 2,2019-02-22,76PwajqH3ej4hnk9tgaJpp,3345059,2hlmm7s2ICUX0LVIhVFlZQ
How Did I Get Here (feat. J. Cole),"Offset, J. Cole",rap,Hip Hop,FATHER OF 4,2019-02-22,32iPykTXUNZ9oGyACGUybq,3227251,"4DdkRBBYG6Yk9Ka8tdJ9BW, 6l3HvQ5sa6mXTsMTB19rO5"
Wild Wild West (feat. Gunna),"Offset, Gunna",melodic rap,Hip Hop,FATHER OF 4,2019-02-22,0SQ8yalm13UIJuebuZkQlH,1633022,"4DdkRBBYG6Yk9Ka8tdJ9BW, 2hlmm7s2ICUX0LVIhVFlZQ"
Clout (feat. Cardi B),"Offset, Cardi B",,,FATHER OF 4,2019-02-22,59ywHNwwchG4nZJMLyxSzd,51953252,"4DdkRBBYG6Yk9Ka8tdJ9BW, 4kYSro6naA4h99UJvo89HB"
Lick,Offset,,,FATHER OF 4,2019-02-22,4W9XGjEUVG9junR70FOLii,2237499,4DdkRBBYG6Yk9Ka8tdJ9BW
Peer Pressure (feat. Julia Michaels),"James Bay, Julia Michaels",,,Peer Pressure (feat. Julia Michaels),2019-02-22,4JWQC6gyYoPRnxRxk0ta2M,858574,"4EzkuveR9pLvDVFNx6foYD, 0ZED1XzwlLHW4ZaG4lOT6m"
Goutte d'eau,Ninho,pop urbaine,Hip Hop,Destin,2019-03-22,0rQbvQpjQ6QeeCAnVRzokf,5021855,6Te49r3A6f5BiIgBRxH7FH
Father Of 4 (feat. Big Rube),"Offset, Big Rube",,,FATHER OF 4,2019-02-22,57QievAWQ13DWl20Obiz8E,791366,"4DdkRBBYG6Yk9Ka8tdJ9BW, 39uOfkRb9XnAEW9zs3JCbb"
Wit It,Gunna,melodic rap,Hip Hop,Drip or Drown 2,2019-02-22,1unFtbwcAnSGgYPmp52vc0,785070,2hlmm7s2ICUX0LVIhVFlZQ
Capital Bra je m'appelle,Capital Bra,german hip hop,Hip Hop,Capital Bra je m'appelle,2019-02-22,6VMAFT0zfide2Jg8MVZAPz,2096787,4WZGDpNwrC0vNQyl9QzF7d
Drop Out,Lil Pump,,,Harverd Dropout,2019-02-22,1O01cSag3DaCGneWQgPBL4,768041,3wyVrVrFCkukjdVIdirGVY
Tats On My Face,Offset,,,FATHER OF 4,2019-02-22,4TzXqUIcdpAmre24puQ6Uu,732940,4DdkRBBYG6Yk9Ka8tdJ9BW
Fragen,"Azet, Zuna",german hip hop,Hip Hop,Fragen,2019-02-22,26pr9oLIVAc1L62F2exIRT,717174,"39KEQQAG9JhIt71g9NEVhh, 2otUckChxWf2cp6UP2cD6e"
Vamos pra Gaiola,"MC Kevin o Chris, FP do Trem Bala","funk, funk carioca, brazilian funk, brega funk","Hip Hop, Pop, R&B",Vamos pra Gaiola,2019-01-11,7FiIQXpIeLo3ITfGGpb8PB,3451240,"2UMj7NCbuqy1yUZmiSYGjJ, 5hPHLE5ssifxHX5bhK8iXR"
Envy Me,Calboy,melodic rap,Hip Hop,Wildboy,2019-05-31,7rvyVWja33WG9R97oeJAjx,94402452,0HkcYmcjrBR3SCw9Ld5VZk
I'll Never Love Again - Film Version - Radio Edit,"Lady Gaga, Bradley Cooper","art pop, pop, ",Pop,A Star Is Born Soundtrack (Without Dialogue),2018-10-05,3DKpA54hrFIdPN6AtL9HXa,3004614,"1HY2Jd0NmPuamShAr6KMms, 4VIvfOurcf0vuLRxLkGnIG"
Esclavo de Tus Besos,"Manuel Turizo, Ozuna","reggaeton, latin, colombian pop, trap latino, urbano latino","Pop, Latin",Esclavo de Tus Besos,2019-02-15,3g4UyIcQwutiG0TfW32GnX,105148236,"0tmwSHipWxN12fsoLcFU3B, 1i8SpTcr7yvPOmcqrbnVXY"
Girls Need Love (with Drake) - Remix,"Summer Walker, Drake","r&b, rap, hip hop","Hip Hop, R&B",Last Day Of Summer,2018-10-19,14SaZBTjxlorHJQxXh01Hu,18960599,"57LYzLEk2LcFghVwuWbcuS, 3TVXtAsR1Inumwj472S9r4"
What A Time (feat. Niall Horan),"Julia Michaels, Niall Horan",,,Inner Monologue Part 1,2019-01-24,5WtfUKzXircvW8l5aaVZWT,3304828,"0ZED1XzwlLHW4ZaG4lOT6m, 1Hsdzj7Dlq2I7tHP7501T4"
Sucker,Jonas Brothers,,,Happiness Begins,2019-06-07,22vgEDb5hykfaTwLuskFGD,598971095,7gOdHgIoIKoe4i9Tta6qdD
"I Can’t Get Enough (benny blanco, Selena Gomez, J Balvin, Tainy)","benny blanco, Selena Gomez, J Balvin, Tainy","pop, reggaeton, latin","Latin, Pop","I Can’t Get Enough (benny blanco, Selena Gomez, J Balvin, Tainy)",2019-02-28,1WSGTYKLEpKfNQYYW5Oymt,129020612,"5CiGnKThu5ctn9pBxv7DGa, 0C8ZW7ezQVs4URX5aX7Kqx, 1vyhD5VmyZ7KMfW5gqLgo5, 0GM7qgcRCORpGnfcN2tCiB"
Rule The World (feat. Ariana Grande),"2 Chainz, Ariana Grande","rap, southern hip hop, pop","Pop, Hip Hop",Rap Or Go To The League,2019-03-01,1R6VwZ8TuHRzxZUxe88n4I,4593965,"17lzZA2AlOHwCwFALHttmp, 66CXWjxzNUsdJxJ2JdwvnR"
Hear Me Calling,Juice WRLD,"melodic rap, emo rap",Hip Hop,Death Race For Love,2019-03-08,13ZyrkCDmRz5xY3seuAWYk,36710091,4MCBfE4596Uoi2O4DtmEMz
I,Lil Skies,melodic rap,Hip Hop,Shelby,2019-03-01,4ZT9FnbFu1PaBfV3itxiqT,57532684,7d3WFRME3vBY2cgoP38RDo
Whip (feat. Travis Scott),"2 Chainz, Travis Scott","rap, southern hip hop",Hip Hop,Rap Or Go To The League,2019-03-01,6Z4rmc0uujCpl8yXe3yjgI,4421950,"17lzZA2AlOHwCwFALHttmp, 0Y5tJX1MQlPlqiwlOH1tJY"
Almeda,Solange,"alternative r&b, neo soul",R&B,When I Get Home,2019-03-01,6IAgarq2wDeYzpsY2Kx0Hw,2735112,2auiVi8sUZo17dLy1HwrTU
Bad Girls (feat. Gucci Mane),"Lil Skies, Gucci Mane","melodic rap, southern hip hop, rap, trap",Hip Hop,Shelby,2019-03-01,0hCHNYL8ApQCGNwJrYN1FY,4158628,"7d3WFRME3vBY2cgoP38RDo, 13y7CgLHjMVRMDqxdx0Xdo"
HP,Maluma,"reggaeton, latin, urbano latino",Latin,11:11,2019-05-17,1LIqNVhaIgxXUt2eVoIQJ3,294170748,1r4hJ1h58CWwUQe3MxPuau
Momma I Hit A Lick (feat. Kendrick Lamar),"2 Chainz, Kendrick Lamar","rap, southern hip hop, hip hop, west coast hip hop",Hip Hop,Rap Or Go To The League,2019-03-01,7jKUnzzOGhAlPjr7LkIUlE,1515838,"17lzZA2AlOHwCwFALHttmp, 2YZyLoL8N0Wb9xBt1NhZWg"
Stay Flo,Solange,"alternative r&b, neo soul",R&B,When I Get Home,2019-03-01,6GCIYIWUBSLontW6divqsw,811241,2auiVi8sUZo17dLy1HwrTU
Flux,Ellie Goulding,,,Flux,2019-03-01,4zb3kFL9fXrrfTwIY4CcDy,785963,0X2BH1fck6amBIoJhDVmmJ
Nowadays Pt. 2 (feat. Landon Cube),"Lil Skies, Landon Cube","melodic rap, ",Hip Hop,Shelby,2019-03-01,0Goo25lbtpwor5vb0K2r21,751710,"7d3WFRME3vBY2cgoP38RDo, 04ei5kNgmDuNAydFhhIHnD"
Nobody,"Martin Jensen, James Arthur",soft pop,Pop,Nobody,2019-03-01,2qfEcCkEo5NscA9GL7ER72,2052503,"4ehtJnVumNf6xzSCDk8aLB, 4IWBUUAFIplrNtaOHcJPRM"
Burnin' Up,Jonas Brothers,,,Burnin' Up/ When You Look Me In The Eyes (UK Version),2008-09-22,68r3esIMdWpIeZqWZQDnfY,686991,7gOdHgIoIKoe4i9Tta6qdD
Aullando,"Wisin & Yandel, Romeo Santos","reggaeton, urbano latino, bachata, bachata pop, latin","Latin, Pop",Los Campeones del Pueblo  The Big Leagues ,2018-12-14,7BuHdm4lQqcyG3qTwdkxus,104407936,"1wZtkThiXbVNtj6hee6dz9, 5lwmRuXgjX8xIwlnauTZIP"
Pa Mí - Remix,"Dalex, Rafa Pabön, KHEA, Sech, Cazzu, Feid, Lenny Tavárez","reggaeton, argentine trap, trap, trap latino, urbano latino, turreo","Hip Hop, Latin",Pa Mí (Remix),2019-02-07,224EVTFiLsdQignUFLvDeH,123812842,"0KPX4Ucy9dk82uj4GpKesn, 11YLRSsZA3YVuQQtHXKTlz, 4m6ubhNsdwF4psNf3R8kwR, 77ziqFxp5gaInVrF2lj4ht, 6w3SkAHYPsQ1bxV7VDlG5y, 2LRoIwlKmHjgvigdNGBHNo, 1pQWsZQehhS4wavwh7Fnxd"
Hoje Eu Vou Parar Na Gaiola,"Mc Livinho, Rennan da Penha","funk, brazilian funk, funk carioca, brega funk","Hip Hop, Pop, R&B",Hoje Eu Vou Parar Na Gaiola,2018-10-17,0IQCOAw9ZAI6WnXIrl481F,1266318,"7me0S5Z40qVWj3gzyK8aC3, 7ecRwFks8F2vYad383BkKf"
Caro,Bad Bunny,"reggaeton, trap latino, latin, urbano latino",Latin,X 100PRE,2018-12-23,6it15CsDlkqB7N4lF0C1qM,5062745,4q3ewBCX7sLwd24euuV69X
Ni Gucci Ni Prada,Kenny Man,reggaeton,Latin,Ni Gucci Ni Prada,2018-09-14,32lexhcz93AinKK0qLTZaZ,1285949,6SGvRyZuaSuWmP6IWUKpGf
Dancin (feat. Luvli) - Krono Remix,"Aaron Smith, Krono, Luvli",,,Dancin (feat. Luvli) [Krono Remix],2014-11-07,6WkJ2OK163XXS2oARUC9JM,100432584,"77qukKzmdI5BeMBR7WGUrN, 17TFSnqADESRM8BPSaM5aB, 6dqohi36avY0M9urnyhITr"
"Thotiana (feat. Cardi B, YG) [Remix]","Blueface, Cardi B, YG",hyphy,Hip Hop,"Thotiana (feat. Cardi B, YG) [Remix]",2019-02-18,1JkrD47SDpAbyvqKtolcea,11676982,"3Fl1V19tmjt57oBdxXKAjJ, 4kYSro6naA4h99UJvo89HB, 0A0FS04o6zMoto8OKPsDwY"
Just You and I,Tom Walker,,,What a Time To Be Alive,2019-03-01,03x2rVJRFUrvwlfxoHd9Mo,58037838,7z2avKuuiMAT4XZJFv8Rvh
wish you were gay,Billie Eilish,,,"WHEN WE ALL FALL ASLEEP, WHERE DO WE GO?",2019-03-29,3Fj47GNK2kUF0uaEDgXLaD,300057456,6qqNVTkY8uBg9cP3Jd7DAH
Faucet Failure,Ski Mask The Slump God,,,STOKELEY,2018-11-30,1ThmUihH9dF8EV08ku5AXN,67991598,2rhFzFmezpnW82MNqEKVry
CROWN,TOMORROW X TOGETHER,k-pop,Pop,The Dream Chapter: STAR,2019-03-04,32h6yQGn4oAhZ0HRsTMX26,3628798,0ghlgldX5Dd6720Q3qFyQB
Old Town Road,Lil Nas X,,,7,2019-06-21,0F7FA14euOIX8KcbEturGH,462945474,7jVv8c5Fj3E9VhNjxT4snq
Two of Us,Louis Tomlinson,,,Two of Us,2019-03-07,3fd5jcZKAzoiivM4ZDwhyU,1485341,57WHJIHrjOE3iAxpihhMnp
Fast,Juice WRLD,"melodic rap, emo rap",Hip Hop,Death Race For Love,2019-03-08,6MjNilJCVKJq0LfFvo5jWJ,42718445,4MCBfE4596Uoi2O4DtmEMz
My Bad,Khalid,,,Free Spirit,2019-04-05,2XKFnwB6djxrJCjR3PdeRb,86880889,6LuN9FCkKOj5PcnpouEgny
Empty,Juice WRLD,"melodic rap, emo rap",Hip Hop,Death Race For Love,2019-03-08,41MCdlvXOl62B7Kv86Bb1v,16961188,4MCBfE4596Uoi2O4DtmEMz
Wolke 10,MERO,"german hip hop, turkish hip hop",Hip Hop,YA HERO YA MERO,2019-03-15,200cTjC6si5Xz9af2QeHi2,24623140,5wyWp867LWGjFmYZXVSFnZ
Maze,Juice WRLD,"melodic rap, emo rap",Hip Hop,Death Race For Love,2019-03-08,4mUIe9gfsdtsVP2zFIl74x,11228502,4MCBfE4596Uoi2O4DtmEMz
Here With Me,"Marshmello, CHVRCHES","edm, synthpop","Electronic, Pop",Here With Me,2019-03-08,5icOoE6VgqFKohjWWNp0Ac,272374472,"64KEffDW9EtZ1y2vBYgq8T, 3CjlHNtplJyTf9npxaPl5w"
HeMotions,Juice WRLD,"melodic rap, emo rap",Hip Hop,Death Race For Love,2019-03-08,6phY2gnvf9WwCiXlLMQOY3,4129125,4MCBfE4596Uoi2O4DtmEMz
Make Believe,Juice WRLD,"melodic rap, emo rap",Hip Hop,Death Race For Love,2019-03-08,6eiztdXRkooWsBt2xToMWI,13039181,4MCBfE4596Uoi2O4DtmEMz
Flaws And Sins,Juice WRLD,"melodic rap, emo rap",Hip Hop,Death Race For Love,2019-03-08,2BSbCCbaSCzkOEZa6N5901,3910021,4MCBfE4596Uoi2O4DtmEMz
Big,Juice WRLD,"melodic rap, emo rap",Hip Hop,Death Race For Love,2019-03-08,4rWC4tiO4NCwRHdh6vyu6b,1800425,4MCBfE4596Uoi2O4DtmEMz
Feeling,Juice WRLD,"melodic rap, emo rap",Hip Hop,Death Race For Love,2019-03-08,2Jh3UqxnHJMyzMzku4uOtE,4624052,4MCBfE4596Uoi2O4DtmEMz
Demonz (feat. Brent Faiyaz) - Interlude,"Juice WRLD, Brent Faiyaz","melodic rap, emo rap, r&b","Hip Hop, R&B",Death Race For Love,2019-03-08,5ZOEulH7fvK4ZkMLTOyKL0,1046168,"4MCBfE4596Uoi2O4DtmEMz, 3tlXnStJ1fFhdScmQeLpuG"
Who Shot Cupid?,Juice WRLD,"melodic rap, emo rap",Hip Hop,Death Race For Love,2019-03-08,06LFFPPS7MylCZXps3cO4m,1635929,4MCBfE4596Uoi2O4DtmEMz
Ring Ring (with Rvssian feat. Clever),"Juice WRLD, Rvssian, Clever","melodic rap, emo rap, trap latino, ","Hip Hop, Latin",Death Race For Love,2019-03-08,4zxpssj8DyrfZcEUSUiNxG,2238799,"4MCBfE4596Uoi2O4DtmEMz, 1fctva4kpRbg2k3v7kwRuS, 5yy76ufVriyvidNSvXlRU1"
Syphilis,Juice WRLD,"melodic rap, emo rap",Hip Hop,Death Race For Love,2019-03-08,4dOmgE4ULbySxpeGObN8RL,900434,4MCBfE4596Uoi2O4DtmEMz
ON GOD (feat. Young Thug),"Juice WRLD, Young Thug","melodic rap, emo rap, rap, trap",Hip Hop,Death Race For Love,2019-03-08,572BChNcXOIvtfn2TGmTKc,888930,"4MCBfE4596Uoi2O4DtmEMz, 50co4Is1HCEo8bhOyUWKpn"
Desire,Juice WRLD,"melodic rap, emo rap",Hip Hop,Death Race For Love,2019-03-08,15LOSQ3z91ZB2wMiMhiCjZ,830791,4MCBfE4596Uoi2O4DtmEMz
So Am I,Ava Max,,,So Am I,2019-03-07,0uUNN1nSoUx1A4fkDCWDQ7,203823993,4npEfmQ6YuiwW1GpUmaq3F
Lo/Hi,The Black Keys,"blues rock, garage rock, modern blues, rock","Rock, Blues",Lo/Hi,2019-03-07,6XRgC4KAp4upKu0v7H4tQo,791570,7mnBLXK823vNxN3UWB7Gfz
Out My Way,Juice WRLD,"melodic rap, emo rap",Hip Hop,Death Race For Love,2019-03-08,0baYVkFX4vIXXmIuHRWXDN,774439,4MCBfE4596Uoi2O4DtmEMz
The Bees Knees,Juice WRLD,"melodic rap, emo rap",Hip Hop,Death Race For Love,2019-03-08,6LkawpJyy0TZJ6Z41gMVyy,757146,4MCBfE4596Uoi2O4DtmEMz
10 Feet,Juice WRLD,"melodic rap, emo rap",Hip Hop,Death Race For Love,2019-03-08,4Z9cAwlkruSbWblPBthygg,751468,4MCBfE4596Uoi2O4DtmEMz
Soltera,"Lunay, Gaby Music, Chris Jedi","reggaeton, trap latino, urbano latino",Latin,Soltera,2019-02-21,4T4CZ3Q4z3GG7lU720YYhM,54381541,"47MpMsUfWtgyIIBEFOr4FE, 1r3tpVQ08jFAA2P4xzV5o4, 0qTZZWLzuD59Un5r1speHm"
Contando Lunares (feat. Cruz Cafuné),"Don Patricio, Cruz Cafuné",,,La Dura Vida del Joven Rapero,2019-01-27,6Cs7b9bu3fy5XhMwBA9Tz4,9342647,"6vPXtLmNd3mW0dd1Rb9eQ9, 0jeYkqwckGJoHQhhXwgzk3"
Too Late For Love,John Lundvik,,,Too Late For Love,2019-02-23,6Jf8Y84YSdqeJfEPDJFEZu,1282044,11LbPHLi2sCqOVjknt0jmW
Mademoiselle,Sfera Ebbasta,"italian trap, trap",Hip Hop,Mademoiselle,2019-03-12,2aPnpV1hT7l3eP10uSGK6c,4095442,23TFHmajVfBtlRx5MXqgoz
The Bones,Maren Morris,country,Country,GIRL,2019-03-08,3npzogdOEiVsieXmmhBepL,32411833,6WY7D3jk8zTrHtmkqqo5GI
Numb Numb Juice,ScHoolboy Q,,,CrasH Talk,2019-04-26,6tByydPskASjm9jTPkNQq0,14032202,5IcR3N7QB1j6KBL8eImZ8m
Undrunk,FLETCHER,,,Undrunk,2019-01-25,5SHhPFh68OhUmuRPymKX9d,23018004,5qa31A9HySw3T7MKWI9bGg
Si Se Da,"Myke Towers, Farruko","reggaeton, trap latino, urbano latino, latin",Latin,Si Se Da,2019-02-26,5KbBGUpIZd6gVFUU8tqYiQ,127896512,"7iK8PXO48WeuP03g8YR51W, 329e4yvIujISKGKz1BZZbO"
R.I.P. (feat. Rita Ora & Anitta),"Sofía Reyes, Rita Ora, Anitta","latin pop, brazilian pop, funk pop, funk carioca, funk, pagode baiano","Pop, R&B, Hip Hop, Latin",R.I.P. (feat. Rita Ora & Anitta),2019-03-15,6JqpFboOH2bq9pzaYbkKBn,44900506,"0haZhu4fFKt0Ag94kZDiz2, 5CCwRZC6euC8Odo6y9X8jr, 7FNnA9vBm6EKceENgCGRMb"
"No New Friends (feat. Sia, Diplo, and Labrinth)","Sia, Diplo, Labrinth, LSD","moombahton, ",Electronic,"LABRINTH, SIA & DIPLO PRESENT... LSD",2019-04-12,6Dma0t0hOe6Bd6u5YRKF3n,21687655,"5WUlDfRSoLAfcVSX1WnrxN, 5fMUXHkw8R8eOP2RNVYEZX, 2feDdbD5araYcm6JhFHHw7, 6IZ4ctovY9dl7bgHClAvKJ"
Wir ticken,"Capital Bra, Samra",german hip hop,Hip Hop,Wir ticken,2019-03-15,1mdJ39D1lrR3aWIOhgeNaE,13784193,"4WZGDpNwrC0vNQyl9QzF7d, 6h1s4i4XKIYv4ErDelLDN0"
Jay Jay,MERO,"german hip hop, turkish hip hop",Hip Hop,YA HERO YA MERO,2019-03-15,3YxCKq3YPnTekAofhaHABZ,3032062,5wyWp867LWGjFmYZXVSFnZ
Freaky,Tory Lanez,,,Freaky,2019-03-15,0NJp8GyCOWnQh71xKSPfuV,36284134,2jku7tDXc6XoB6MO2hFuqg
Contra La Pared,"Sean Paul, J Balvin","dancehall, reggaeton, latin","Traditional music, Latin",Contra La Pared,2019-03-14,37eGbhE1xVFSvcKkqGb6i1,159477301,"3Isy6kedDrgPYoTS1dazA9, 1vyhD5VmyZ7KMfW5gqLgo5"
Wie Buffon,MERO,"german hip hop, turkish hip hop",Hip Hop,YA HERO YA MERO,2019-03-15,09Yoq7UUSqh9aJSBoRMDfA,823340,5wyWp867LWGjFmYZXVSFnZ
Tic Toc (with Tory Lanez),"Rich The Kid, Tory Lanez","trap, ",Hip Hop,Tic Toc (with Tory Lanez),2019-03-15,7cWmR9RLLMY6bj28q4bhvz,778206,"1pPmIToKXyGdsCF6LmqLmI, 2jku7tDXc6XoB6MO2hFuqg"
Träume werden wahr,"MERO, BRADO","german hip hop, turkish hip hop",Hip Hop,YA HERO YA MERO,2019-03-15,2GxHx0bbc0BK7Z0ChMJUtO,772902,"5wyWp867LWGjFmYZXVSFnZ, 0Mh0QuhaJ6WIW0qrJwzMmt"
Alleen,KC Rebell,german hip hop,Hip Hop,Alleen,2019-03-15,3UDsmMZsEMsvM82OcdqJWu,6145928,5p7mWeX4RlvqBCxylfiXdE
Hops,MERO,"german hip hop, turkish hip hop",Hip Hop,YA HERO YA MERO,2019-03-15,4fgV3PU9JBlpJu0w4Yhr76,744605,5wyWp867LWGjFmYZXVSFnZ
Wow. - Remix,"Post Malone, Roddy Ricch, Tyga","melodic rap, ",Hip Hop,Wow. (Remix),2019-03-15,0fcq51a3gOI6gPvzc0YLsk,27796050,"246dkjvS1zLTtiykXe5h60, 757aE44tKEUQEqRuT6GnEB, 5LHRHt1k9lMyONurDHEdrp"
Que Le De,"Rauw Alejandro, Nicky Jam","reggaeton, urbano latino, trap latino, latin",Latin,Que Le De,2019-01-25,08aYFNUTIOMGq93e2VSArQ,10185839,"1mcTU81TzQhprhouKaTkpq, 1SupJlEpv7RS2tPNRaHViT"
Pass auf wen du liebst,Ufo361,"german hip hop, turkish hip hop",Hip Hop,Pass auf wen du liebst,2019-03-17,5NsCv3I7o0f6vSQScG01f1,8914958,5pVRwX5ZQR7hfJ18w8ZYkl
Cherry Lady,Capital Bra,german hip hop,Hip Hop,Cherry Lady,2019-03-22,3r1cV21xPMkgCmxk8VqWOB,26441863,4WZGDpNwrC0vNQyl9QzF7d
Confessions of a Dangerous Mind,Logic,,,Confessions of a Dangerous Mind,2019-05-10,4EQSeRRJmk3h3HQ5KlkzVy,7284112,4xRYI6VqpkE3UwrDrAZL8L
Price On My Head (feat. The Weeknd),"NAV, The Weeknd","melodic rap, ",Hip Hop,Bad Habits (Deluxe),2019-03-26,4hqOmrCCJKyiuwDexd8c2t,15871445,"7rkW85dBwwrJtlHRDkJDAC, 1Xyo4u8uXC1ZmMpatF05PJ"
Patience,Tame Impala,"indie, psychedelic pop","Rock, Pop",Patience,2019-03-22,2drEUEg0TYQR6dDEHkpuPE,2132100,5INjqkS1o8h1imAzPqGZBb
On My Way,"Alan Walker, Sabrina Carpenter, Farruko","reggaeton, trap latino, latin",Latin,Live Fast (Japan Exclusive),2019-08-09,7KhHA3mzt7A3LFlOJEAKpI,170060450,"7vk5e3vY1uw9plTHJAMwjN, 74KM79TiuVKeVCqs8QtB0B, 329e4yvIujISKGKz1BZZbO"
Fingías,Paloma Mami,"chilean trap, reggaeton chileno","Hip Hop, Latin",Fingías,2019-03-22,7o0oY5wRcoV7oPuDhD2J1z,11987768,7rOlQwf8OuFLFQp4aydjBt
Maman ne le sait pas (feat. Niska),"Ninho, Niska",pop urbaine,Hip Hop,Destin,2019-03-22,5c2HadbVTsMKjja4gohEFI,6447614,"6Te49r3A6f5BiIgBRxH7FH, 7CUFPNi1TU8RowpnFRSsZV"
Blackberry Sky,Eno,german hip hop,Hip Hop,Blackberry Sky,2019-03-22,4cawYWrqMRz0T0hOIVxk6j,11200401,3GBBxBdoolb0B5YizZq9bF
Ya Salame,"Luciano, Samra",german hip hop,Hip Hop,Ya Salame,2019-03-22,0EDSU9JYeKABA14OcOuM7b,3667155,"3CJKkU0XuElRT1z8rEtIYg, 6h1s4i4XKIYv4ErDelLDN0"
Affalterbach,"Shindy, Shirin David","german hip hop, german pop","Hip Hop, Pop",Affalterbach,2019-03-26,1L8LtC2s161XwY6YrtnQjw,10501134,"5j21TGkrNEAJe3gG9VlS34, 0JBdTCGs111JKKYfLqOEBa"
Te Robaré,"Nicky Jam, Ozuna","reggaeton, latin, trap latino, urbano latino",Latin,Intimo,2019-11-01,4PJ3umtW1aWdfh5EITHc6T,290244899,"1SupJlEpv7RS2tPNRaHViT, 1i8SpTcr7yvPOmcqrbnVXY"
La vie qu'on mène,Ninho,pop urbaine,Hip Hop,Destin,2019-03-22,0Jh6iWjna1wk5le0Ahn7No,2231423,6Te49r3A6f5BiIgBRxH7FH
I Don't Belong In This Club,"Why Don't We, Macklemore",,,I Don't Belong In This Club,2019-03-20,45ZGEdLxCZvdMX9jWlsAAx,29194083,"2jnIB6XdLvnJUeNTy5A0J2, 3JhNCzhSMTxs9WLGJJxWOY"
Puerto Rico,Fero47,german hip hop,Hip Hop,Puerto Rico,2019-03-22,0ypCvaP431mEM6znlVHNRP,5839878,4A7HeXSd4HtQuf6IR5XZ1b
Fall Threw (feat. Young Thug & Gunna),"Rich The Kid, Young Thug, Gunna","trap, rap, melodic rap",Hip Hop,The World Is Yours 2,2019-03-22,4bi9YrkOvmg4Eb7h00AW2c,2922996,"1pPmIToKXyGdsCF6LmqLmI, 50co4Is1HCEo8bhOyUWKpn, 2hlmm7s2ICUX0LVIhVFlZQ"
Sans peine,Ninho,pop urbaine,Hip Hop,Destin,2019-03-22,4smLSyGtyNJLPb9J1Iuwsb,829601,6Te49r3A6f5BiIgBRxH7FH
La vivance (feat. Koba LaD),"Ninho, Koba LaD",pop urbaine,Hip Hop,Destin,2019-03-22,4waeGjPW1ovLjhbScVibAH,822784,"6Te49r3A6f5BiIgBRxH7FH, 1q7T9rFQ2a2ukA1PU51fo3"
Paris c'est magique,Ninho,pop urbaine,Hip Hop,Destin,2019-03-22,5gNZjp6r2TfC3uh9iopWxt,821558,6Te49r3A6f5BiIgBRxH7FH
Tap (feat. Meek Mill),"NAV, Meek Mill","melodic rap, rap",Hip Hop,Bad Habits (Deluxe),2019-03-26,5rU6kDNXZLXIinFezpbWbO,16685705,"7rkW85dBwwrJtlHRDkJDAC, 20sxb77xiYeusSH8cVdatc"
To My Grave,NAV,melodic rap,Hip Hop,Bad Habits,2019-03-22,3iKALqmeWDBWRlQU8z03kA,766415,7rkW85dBwwrJtlHRDkJDAC
Jusqu'à minuit (feat. JuL),"Ninho, Jul",pop urbaine,Hip Hop,Destin,2019-03-22,4DwppHaJ76CJ0GYOFwrQoJ,758689,"6Te49r3A6f5BiIgBRxH7FH, 3IW7ScrzXmPvZhB27hmfgy"
What I Like About You (feat. Theresa Rex),"Jonas Blue, Theresa Rex","tropical house, ",Electronic,What I Like About You (feat. Theresa Rex),2019-03-22,4NSW0Km5ZG60L8FthUebPJ,74267188,"1HBjj22wzbscIZ9sEb5dyf, 6t9tbRO9Lv6Oq6xtVwfdrn"
Jeune Lossa,Ninho,pop urbaine,Hip Hop,Destin,2019-03-22,1AaJX4YEeklJyRYisD10JT,749519,6Te49r3A6f5BiIgBRxH7FH
Big Pac,Ninho,pop urbaine,Hip Hop,Destin,2019-03-22,5C6WBcv7ILoSpREAZsnArO,721656,6Te49r3A6f5BiIgBRxH7FH
Au DD,PNL,pop urbaine,Hip Hop,Deux frères,2019-04-05,5lCxlSBFyP5g4EhVypAoOu,32414172,3NH8t45zOTqzlZgBvZRjvB
Moonlight,Gaullin,slap house,Electronic,Moonlight,2018-09-07,0A5gdlrpAuQqZ2iFgnqBFW,26178542,1aQwKFn00nswXRDUDipm0K
Cristina,Sebastian Yatra,"colombian pop, reggaeton, latin","Pop, Latin",FANTASÍA,2019-04-12,703iVQrfbQsXt7Uzgy1h8k,22415712,07YUOmWljBTXwIseAUd9TW
Si Estuviésemos Juntos,Bad Bunny,"reggaeton, trap latino, latin, urbano latino",Latin,X 100PRE,2018-12-23,35wvL50xvKpCHEJPxLOLPI,1282564,4q3ewBCX7sLwd24euuV69X
bad guy,Billie Eilish,,,"WHEN WE ALL FALL ASLEEP, WHERE DO WE GO?",2019-03-29,2Fxmhks0bxGSBdJ92vM42m,1052358787,6qqNVTkY8uBg9cP3Jd7DAH
all the good girls go to hell,Billie Eilish,,,"WHEN WE ALL FALL ASLEEP, WHERE DO WE GO?",2019-03-29,6IRdLKIyS4p7XNiP8r6rsx,159097280,6qqNVTkY8uBg9cP3Jd7DAH
xanny,Billie Eilish,,,"WHEN WE ALL FALL ASLEEP, WHERE DO WE GO?",2019-03-29,4QIo4oxwzzafcBWkKjDpXY,94619840,6qqNVTkY8uBg9cP3Jd7DAH
my strange addiction,Billie Eilish,,,"WHEN WE ALL FALL ASLEEP, WHERE DO WE GO?",2019-03-29,3Tc57t9l2O8FwQZtQOvPXK,102431765,6qqNVTkY8uBg9cP3Jd7DAH
ilomilo,Billie Eilish,,,"WHEN WE ALL FALL ASLEEP, WHERE DO WE GO?",2019-03-29,7qEKqBCD2vE5vIBsrUitpD,49239706,6qqNVTkY8uBg9cP3Jd7DAH
i love you,Billie Eilish,,,"WHEN WE ALL FALL ASLEEP, WHERE DO WE GO?",2019-03-29,6CcJMwBtXByIz4zQLzFkKc,157184058,6qqNVTkY8uBg9cP3Jd7DAH
8,Billie Eilish,,,"WHEN WE ALL FALL ASLEEP, WHERE DO WE GO?",2019-03-29,6X29iaaazwho3ab7GNue5r,34732688,6qqNVTkY8uBg9cP3Jd7DAH
listen before i go,Billie Eilish,,,"WHEN WE ALL FALL ASLEEP, WHERE DO WE GO?",2019-03-29,0tMSssfxAL2oV8Vri0mFHE,45354784,6qqNVTkY8uBg9cP3Jd7DAH
goodbye,Billie Eilish,,,"WHEN WE ALL FALL ASLEEP, WHERE DO WE GO?",2019-03-29,3LgWsmilsrWXiPYQFRD0T7,15893634,6qqNVTkY8uBg9cP3Jd7DAH
Con Altura,"ROSALÍA, J Balvin, El Guincho","latin, reggaeton, drill","Hip Hop, Latin",Con Altura,2019-03-28,2qG5sZ7Si6sdK74qLxedYM,363263081,"7ltDVBr6mKbRvohxheJ9h1, 1vyhD5VmyZ7KMfW5gqLgo5, 1oMiDFyAgmIzw9ZBQYHOJI"
Deutschland,Rammstein,"industrial metal, metal, industrial rock, industrial","Rock, Metal",Rammstein,2019-05-17,2bPGTMB5sFfFYQ2YvSmup0,10949528,6wWVKhxIU2cEi0K81v7HvP
Self,Khalid,,,Free Spirit,2019-04-05,1WqLtczgKdbHFHhefOU0y7,11589141,6LuN9FCkKOj5PcnpouEgny
Kills You Slowly,The Chainsmokers,,,World War Joy...Kills You Slowly,2019-03-29,1Pz3QmQFBFuI60rxCQBeW6,6675666,69GGBxA162lTqCwzJG5jLp
Verte Ir,"DJ Luian, Mambo Kingz, Anuel AA, Nicky Jam, Darell, Brytiago","reggaeton, trap latino, urbano latino, latin, dembow, trap","Latin, Hip Hop",Verte Ir,2019-03-28,4lzxJ4jCuFDXXGkE1LmpKR,266393254,"64aJYyrXljOodnUG6jvhRD, 2T1aUibqR2QC2sINIDQOAK, 2R21vXR83lH98kGeO99Y66, 1SupJlEpv7RS2tPNRaHViT, 1TtXnWcUs0FCkaZDPGYHdf, 00XhexlJEXQstHimpZN910"
Don't Worry Bout Me,Zara Larsson,,,Don't Worry Bout Me,2019-03-28,507tQXutCPYNFkpOq8tmKF,18487210,1Xylc3o4UrD53lo9CvFvVg
Racks in the Middle (feat. Roddy Ricch and Hit-Boy),"Nipsey Hussle, Roddy Ricch, Hit-Boy","west coast hip hop, melodic rap, ",Hip Hop,Racks in the Middle (feat. Roddy Ricch and Hit-Boy),2019-02-15,6ya8ejoKgw906Y8LWclqrp,23040641,"0EeQBlQJFiAfJeVN2vT9s0, 757aE44tKEUQEqRuT6GnEB, 6q3p11nP1p80Ey6LrOOSed"
Dedication (feat. Kendrick Lamar),"Nipsey Hussle, Kendrick Lamar","west coast hip hop, hip hop",Hip Hop,Victory Lap,2018-02-16,6fIjnWrv46njJHLDAY2JdC,2198363,"0EeQBlQJFiAfJeVN2vT9s0, 2YZyLoL8N0Wb9xBt1NhZWg"
Last Time That I Checc'd (feat. YG),"Nipsey Hussle, YG","west coast hip hop, hyphy",Hip Hop,Victory Lap,2018-02-16,39xWBHPM4E9MwzEy5gbM7p,1498155,"0EeQBlQJFiAfJeVN2vT9s0, 0A0FS04o6zMoto8OKPsDwY"
Grinding All My Life,Nipsey Hussle,west coast hip hop,Hip Hop,Victory Lap,2018-02-16,3R9j8urSPiBbapNbyuSYkE,813259,0EeQBlQJFiAfJeVN2vT9s0
Double Up (feat. Belly and Dom Kennedy),"Nipsey Hussle, Belly, Dom Kennedy","west coast hip hop, ",Hip Hop,Victory Lap,2018-02-16,4iVD0fTHGxV9JWloujsL3s,781007,"0EeQBlQJFiAfJeVN2vT9s0, 0FOWNUFHPnMy0vOw1siGqi, 3s8alQfNnY0roAHaJh7Xxt"
MONOPOLY (with Victoria Monét),"Ariana Grande, Victoria Monét","pop, alternative r&b","R&B, Pop",MONOPOLY,2019-04-01,6tsOcBnaKgzK22yEiqRh8P,44810524,"66CXWjxzNUsdJxJ2JdwvnR, 63XBtGSEZINSyXylZxEUbv"
Insomnia,Daya,,,Insomnia,2019-03-08,7hzlzoOwCZ4D3Ow5YZK4kj,11104433,6Dd3NScHWwnW6obMFbl1BH
Kill This Love,BLACKPINK,k-pop,Pop,KILL THIS LOVE,2019-04-04,4pUCKHjJ4Ijewc37rRrvHn,185716446,41MozSoPIsD1dJM0CLPjZF
Tal Vez,Paulo Londra,"argentine trap, trap latino, reggaeton","Hip Hop, Latin",Homerun,2019-05-23,5jW3rF4URMdK7tO2xjS5EI,248951627,3vQ0GE3mI0dAaxIMYe5g7z
Talk (feat. Disclosure),"Khalid, Disclosure",house,Electronic,Free Spirit,2019-04-05,6TqXcAFInzjp0bODyvrWEq,391135051,"6LuN9FCkKOj5PcnpouEgny, 6nS5roXSAGhTGr34W6n7Et"
Outta My Head (with John Mayer),Khalid,,,Free Spirit,2019-04-05,09oZ9eXQ2fo6YDrPzJqAoP,67294769,6LuN9FCkKOj5PcnpouEgny
Old Town Road (feat. Billy Ray Cyrus) - Remix,"Lil Nas X, Billy Ray Cyrus",,,7,2019-06-21,2YpeDb67231RjR0MgVLzsG,810921039,"7jVv8c5Fj3E9VhNjxT4snq, 60rpJ9SgigSd16DOAG7GSa"
Don't Pretend,"Khalid, SAFE",sexy drill,,Free Spirit,2019-04-05,1E6DEDWDKHoOW0fcFuDghV,13589374,"6LuN9FCkKOj5PcnpouEgny, 3bnpcWBcvlfq4hPFJjNPbz"
Cool,Jonas Brothers,,,Happiness Begins,2019-06-07,7yfi8B8opXjnRh4VZnOkz9,41392958,7gOdHgIoIKoe4i9Tta6qdD
Bad Luck,Khalid,,,Free Spirit,2019-04-05,2vsuel3g4zaLYSOY0mOMbi,7157761,6LuN9FCkKOj5PcnpouEgny
Free Spirit,Khalid,,,Free Spirit,2019-04-05,2kAIpGWnlFLQh48iut6Zzq,5435285,6LuN9FCkKOj5PcnpouEgny
Right Back,Khalid,,,Free Spirit,2019-04-05,5A1w94uzc1kO1Zhe8WWxC3,6471731,6LuN9FCkKOj5PcnpouEgny
Intro,Khalid,,,Free Spirit,2019-04-05,5BfMJ6iytQnu1r7iiCYSXe,4399664,6LuN9FCkKOj5PcnpouEgny
Autre monde,PNL,pop urbaine,Hip Hop,Deux frères,2019-04-05,2aG2nLUd8NNI7vFuOLBCe0,2133277,3NH8t45zOTqzlZgBvZRjvB
Deux frères,PNL,pop urbaine,Hip Hop,Deux frères,2019-04-05,6hzi3AGB39FjxFqcjgbWs7,3375797,3NH8t45zOTqzlZgBvZRjvB
Chang,PNL,pop urbaine,Hip Hop,Deux frères,2019-04-05,5n9NAd0Y5OUeOGU0nVtLua,1995383,3NH8t45zOTqzlZgBvZRjvB
Paradise,Bazzi,,,Soul Searching,2019-08-09,0Rx0DJI556Ix5gBny6EWmn,162060985,4GvEc3ANtPPjt1ZJllr5Zl
Paradise,Khalid,,,Free Spirit,2019-04-05,6fOOKqQWcSy33ApU1wqkkW,4138874,6LuN9FCkKOj5PcnpouEgny
Blanka,PNL,pop urbaine,Hip Hop,Deux frères,2019-04-05,295SxdR1DqunCNwd0U767w,1919430,3NH8t45zOTqzlZgBvZRjvB
Hundred,Khalid,,,Free Spirit,2019-04-05,0HEckRWFSknIupbGzavk5d,5001832,6LuN9FCkKOj5PcnpouEgny
Celsius,PNL,pop urbaine,Hip Hop,Deux frères,2019-04-05,5Bj9llJ7xr70Ny2nWiSM6G,1168772,3NH8t45zOTqzlZgBvZRjvB
Hasta la vista,PNL,pop urbaine,Hip Hop,Deux frères,2019-04-05,6YHnhfw8yMCx4vZvsgem3D,1848720,3NH8t45zOTqzlZgBvZRjvB
Twenty One,Khalid,,,Free Spirit,2019-04-05,1NgCWYuBLfqBDA3b8MgSVU,3905293,6LuN9FCkKOj5PcnpouEgny
Harami,Samra,german hip hop,Hip Hop,Harami,2019-04-05,5xIODxqlpUnRVA9ewZUCug,6849426,6h1s4i4XKIYv4ErDelLDN0
Don't Know What To Do,BLACKPINK,k-pop,Pop,KILL THIS LOVE,2019-04-04,1TaQciB8qqRZ9fxWGhS65X,12802419,41MozSoPIsD1dJM0CLPjZF
Cœurs,PNL,pop urbaine,Hip Hop,Deux frères,2019-04-05,0VPKan5aM2nQy5voiAjjUo,1034856,3NH8t45zOTqzlZgBvZRjvB
Shenmue,PNL,pop urbaine,Hip Hop,Deux frères,2019-04-05,5gqh2FMBquUEwDsRUU4pCF,1010939,3NH8t45zOTqzlZgBvZRjvB
Bluffin',Khalid,,,Free Spirit,2019-04-05,42w7pX3r1TpLR0i55Ek5ND,2300654,6LuN9FCkKOj5PcnpouEgny
Menace,PNL,pop urbaine,Hip Hop,Deux frères,2019-04-05,3cdxShmWeMHolKPDi3SRXM,947643,3NH8t45zOTqzlZgBvZRjvB
Zoulou tchaing,PNL,pop urbaine,Hip Hop,Deux frères,2019-04-05,1gRMO4h3NGb1ZJA7TNdMPj,940383,3NH8t45zOTqzlZgBvZRjvB
Kuta ubud,PNL,pop urbaine,Hip Hop,Deux frères,2019-04-05,25yiHDniULzQL1BaFgV4Tq,922291,3NH8t45zOTqzlZgBvZRjvB
Poquito,"Anitta, Swae Lee","brazilian pop, funk pop, funk carioca, funk, pagode baiano, ","Pop, R&B, Hip Hop, Latin",Kisses,2019-04-05,5qm2otRZaeZaqdLVVohUjq,917921,"7FNnA9vBm6EKceENgCGRMb, 1zNqQNIdeOUZHb8zbZRFMX"
Kick It,BLACKPINK,k-pop,Pop,KILL THIS LOVE,2019-04-04,5R0cvR5BMFkLomChhmcCzr,2883965,41MozSoPIsD1dJM0CLPjZF
Alive,Khalid,,,Free Spirit,2019-04-05,12VqHHz4wvVcnEdSivjLeQ,877271,6LuN9FCkKOj5PcnpouEgny
91's,PNL,pop urbaine,Hip Hop,Deux frères,2019-04-05,4LAGHmHcSt0HHwXCJcFri6,869429,3NH8t45zOTqzlZgBvZRjvB
Déconnecté,PNL,pop urbaine,Hip Hop,Deux frères,2019-04-05,7qqPnzVQILmJeldy9smPLj,842352,3NH8t45zOTqzlZgBvZRjvB
Heaven,Khalid,,,Free Spirit,2019-04-05,0Hgqglypzt6Qs5Duqskcqs,832728,6LuN9FCkKOj5PcnpouEgny
La misère est si belle,PNL,pop urbaine,Hip Hop,Deux frères,2019-04-05,1s3XtkdfT3obSCbQVWtvX9,825860,3NH8t45zOTqzlZgBvZRjvB
Inmortal,Aventura,"bachata, bachata pop","Latin, Pop",Utopia,2019-04-05,2swZ0X1njeU32SNJeBKIfW,803296,1qto4hHid1P71emI6Fd8xi
Hope Not,BLACKPINK,k-pop,Pop,KILL THIS LOVE,2019-04-05,7mW8ar9hy7GSeH4lohyOKs,745730,41MozSoPIsD1dJM0CLPjZF
Ela É do Tipo,MC Kevin o Chris,"funk, funk carioca, brazilian funk, brega funk","Hip Hop, Pop, R&B",Ela É do Tipo,2019-03-07,2x8TNY9KwNvD19gVGs4WOP,16061241,2UMj7NCbuqy1yUZmiSYGjJ
cOcO MAmA,Dardan,german hip hop,Hip Hop,cOcO MAmA,2019-04-05,0oOPa0AlLnjCO6eci0HIdH,640298,3pjq2pDV9RR6VY55wBjVnp
Chlorine,Twenty One Pilots,,,Trench,2018-10-05,23OXdR7YuUBVWh5hSnYJau,8731764,3YQKmKGau1PzlVlkL1iodx
CHopstix (feat. Travis Scott),"ScHoolboy Q, Travis Scott",rap,Hip Hop,CrasH Talk,2019-04-26,2EGtBS7Ws3ajiSkJLviFJ4,17365424,"5IcR3N7QB1j6KBL8eImZ8m, 0Y5tJX1MQlPlqiwlOH1tJY"
Sanguine Paradise,Lil Uzi Vert,melodic rap,Hip Hop,Sanguine Paradise,2019-04-09,3XiNC94b4Tq1xwv70sQJGN,127569510,4O15NlyKLIASxsJ0PrXPfz
SOS (feat. Aloe Blacc),"Avicii, Aloe Blacc","edm, ",Electronic,TIM,2019-06-06,2x0RZdkZcD8QRI53XT4GI5,336535602,"1vCWHaC5f2uS3yhpwWbIA6, 0id62QV2SZZfvBn9xpmuCl"
That's a Rack,Lil Uzi Vert,melodic rap,Hip Hop,That's a Rack,2019-04-09,4pCEIQ6wBVuaJdER5bALtO,20982159,4O15NlyKLIASxsJ0PrXPfz
Wake Me Up,Avicii,edm,Electronic,True,2013-01-01,0nrRP2bk19rLc0orkWPQk2,10989396,1vCWHaC5f2uS3yhpwWbIA6
Swing,Danny Ocean,reggaeton,Latin,54+1,2019-03-22,4DbhxwlkhTbCTqlZptxmI6,42927283,5H1nN1SzW0qNeUEZvuXjAj
Boy With Luv (feat. Halsey),"BTS, Halsey","k-pop, ",Pop,MAP OF THE SOUL : PERSONA,2019-04-12,4a9tbd947vo9K8Vti9JwcI,261504425,"3Nrfpe0tUJi4K4DXYWgMUX, 26VFTg2z8YR0cCuwLzESi2"
Mikrokosmos,BTS,k-pop,Pop,MAP OF THE SOUL : PERSONA,2019-04-12,5hnbE5BF2e8BCk9OMR1UVC,18801822,3Nrfpe0tUJi4K4DXYWgMUX
Make It Right,BTS,k-pop,Pop,MAP OF THE SOUL : PERSONA,2019-04-12,6KUE0HSSudAp9AOycaF6SH,18423901,3Nrfpe0tUJi4K4DXYWgMUX
HOME,BTS,k-pop,Pop,MAP OF THE SOUL : PERSONA,2019-04-12,7lthOBXNue2IvedLRfkod8,16442038,3Nrfpe0tUJi4K4DXYWgMUX
Dionysus,BTS,k-pop,Pop,MAP OF THE SOUL : PERSONA,2019-04-12,6JdS5rJvJaRA7B1tcm7kxZ,15134946,3Nrfpe0tUJi4K4DXYWgMUX
Jamais Vu,BTS,k-pop,Pop,MAP OF THE SOUL : PERSONA,2019-04-12,0eeeyCAGnGZInPtpkdYiPa,12992565,3Nrfpe0tUJi4K4DXYWgMUX
Intro : Persona,BTS,k-pop,Pop,MAP OF THE SOUL : PERSONA,2019-04-12,2GXWzWPsYlTZcvVW8JIu69,8775556,3Nrfpe0tUJi4K4DXYWgMUX
Rolex,"Capital Bra, Summer Cem, KC Rebell",german hip hop,Hip Hop,CB6,2019-04-12,38lQ7lYhN3eSWepnZHaiBF,11210438,"4WZGDpNwrC0vNQyl9QzF7d, 3drqpTL4sQOckmAfF9i1wg, 5p7mWeX4RlvqBCxylfiXdE"
Sixteen,Ellie Goulding,,,Sixteen,2019-04-12,4PkIDTPGedm0enzdvilLNd,77350814,0X2BH1fck6amBIoJhDVmmJ
"Heaven Can Wait (feat. Sia, Diplo, and Labrinth)","Sia, Diplo, Labrinth, LSD","moombahton, ",Electronic,"LABRINTH, SIA & DIPLO PRESENT... LSD",2019-04-12,2VDTgXwf3F6kcpX4HI0BKy,858117,"5WUlDfRSoLAfcVSX1WnrxN, 5fMUXHkw8R8eOP2RNVYEZX, 2feDdbD5araYcm6JhFHHw7, 6IZ4ctovY9dl7bgHClAvKJ"
Bye Bye,"Capital Bra, Nimo",german hip hop,Hip Hop,CB6,2019-04-12,60yqRJXgkrPEvP977ZIOWb,764119,"4WZGDpNwrC0vNQyl9QzF7d, 3ZuBEj9ppJe8GSdKaMTfMN"
Que Mas Pues - Remix,"Sech, Justin Quiles, Maluma, Nicky Jam, Farruko, Dalex, Lenny Tavárez","reggaeton, urbano latino, latin, trap latino, argentine trap","Hip Hop, Latin",Sueños,2019-04-19,7fODjB7BrQTGqh0hogW6XD,156585347,"77ziqFxp5gaInVrF2lj4ht, 14zUHaJZo1mnYtn6IBRaRP, 1r4hJ1h58CWwUQe3MxPuau, 1SupJlEpv7RS2tPNRaHViT, 329e4yvIujISKGKz1BZZbO, 0KPX4Ucy9dk82uj4GpKesn, 1pQWsZQehhS4wavwh7Fnxd"
Borderline,Tame Impala,"indie, psychedelic pop","Rock, Pop",The Slow Rush,2020-02-14,5hM5arv9KDbCHS0k9uqwjr,715904,5INjqkS1o8h1imAzPqGZBb
Can We Pretend (feat. Cash Cash),"P!nk, Cash Cash",edm,Electronic,Can We Pretend (feat. Cash Cash),2019-04-11,3O0e0LHTpza0rYVDbZfQ4r,691914,"1KCSPY1glIKqW2TotWuXOR, 1LOB7jTeEV14pHai6EXSzF"
Rebota,Guaynaa,reggaeton,Latin,Rebota,2018-12-14,2YRvdf9cdS88y1wB1WhKoE,23104731,0BqURncJM5B1BBu7UM51eq
Piece Of Your Heart,"MEDUZA, Goodboys",,,Piece Of Your Heart,2019-02-01,1DFD5Fotzgn6yYXkYsKiGs,408269839,"0xRXCcSX89eobfrshSVdyu, 2nm38smINjms1LtczR0Cei"
Pop Out (feat. Lil Tjay),"Polo G, Lil Tjay","brooklyn drill, melodic rap",Hip Hop,Die A Legend,2019-06-07,6uFn47ACjqYkc0jADwEdj1,210945832,"6AgTAQt8XS6jRWi4sX7w49, 6jGMq4yGs7aQzuGsMgVgZR"
Power is Power (feat. The Weeknd & Travis Scott),"SZA, The Weeknd, Travis Scott, Game of Thrones","r&b, rap, ","R&B, Hip Hop",For The Throne (Music Inspired by the HBO Series Game of Thrones),2019-04-26,4cbdPT6uaBOgOQe3fLMofl,40586718,"7tYKF4w9nC0nq9CsPZTHyP, 1Xyo4u8uXC1ZmMpatF05PJ, 0Y5tJX1MQlPlqiwlOH1tJY, 22JdJVovP3pV9XkGTih01c"
Carry On (from the Original Motion Picture  POKÉMON Detective Pikachu ),"Kygo, Rita Ora","tropical house, ",Electronic,Carry On (from the Original Motion Picture  POKÉMON Detective Pikachu ),2019-04-19,3y3brCCecHC3Db18aIOnny,111828515,"23fqKkggKUBHNkbKtXEls4, 5CCwRZC6euC8Odo6y9X8jr"
Earth,Lil Dicky,,,Earth,2019-04-18,2S1LebN6AXXQqJolBxlWgO,59874721,1tqhsYv8yBBdwANFNzHtcr
Medellín (with Maluma),"Madonna, Maluma","reggaeton, latin, urbano latino",Latin,Medellín (with Maluma),2019-04-17,3tTV4DYlhkiXRNiiXwIAPf,922248,"6tbjWDEIzxoDsBA1FuhfPW, 1r4hJ1h58CWwUQe3MxPuau"
Before I Let Go - Homecoming Live Bonus Track,Beyoncé,,,HOMECOMING: THE LIVE ALBUM,2019-04-16,3FUXVbi9ugVUqJ3rPrfd2G,5658944,6vWDO969PvNqNYHIOW5v0m
Con Calma - Remix,"Daddy Yankee, Katy Perry, Snow","reggaeton, latin, pop, ","Latin, Pop",Con Calma (Remix),2019-04-19,4au7FRcgZzChASRYu279xH,14358101,"4VMYDCV2IEDYJArk749S6m, 6jJ0s89eD6GaHleKKya26X, 3uZFBSsMiooimnprFL9jD1"
Slide (feat. Blueface & Lil Tjay),"French Montana, Blueface, Lil Tjay","brooklyn drill, melodic rap",Hip Hop,Slide (feat. Blueface & Lil Tjay),2019-04-16,40Zb4FZ6nS1Hj8RVfaLkCV,699505,"6vXTefBL93Dj5IqAWq6OTv, 3Fl1V19tmjt57oBdxXKAjJ, 6jGMq4yGs7aQzuGsMgVgZR"
FANCY,TWICE,k-pop,Pop,FANCY YOU,2019-04-22,2FXd6kKCtBIc6UfN1gH1pA,12972648,7n2Ycct7Beij7Dj7meI4X0
Otro Trago,"Sech, Darell","reggaeton, urbano latino, trap latino, dembow",Latin,Sueños,2019-04-19,1Ej96GIBCTvgH7tNX1r3qr,379255058,"77ziqFxp5gaInVrF2lj4ht, 1TtXnWcUs0FCkaZDPGYHdf"
Hold Up,Beyoncé,,,Lemonade,2016-04-23,0rzNMzZsubFcXSEh7dnem7,5574100,6vWDO969PvNqNYHIOW5v0m
Sorry,Beyoncé,,,Lemonade,2016-04-23,0lnIJmgcUpEpe4AZACjayW,5638628,6vWDO969PvNqNYHIOW5v0m
Formation,Beyoncé,,,Lemonade,2016-04-23,6g0Orsxv6glTJCt4cHsRsQ,5994353,6vWDO969PvNqNYHIOW5v0m
6 Inch (feat. The Weeknd),"Beyoncé, The Weeknd",,,Lemonade,2016-04-23,0pxNyJJiL2zZZ5GgJ4JhsQ,3220811,"6vWDO969PvNqNYHIOW5v0m, 1Xyo4u8uXC1ZmMpatF05PJ"
Don't Hurt Yourself (feat. Jack White),"Beyoncé, Jack White",blues rock,Rock,Lemonade,2016-04-23,78eouBKVRyhbSzJwChr6QM,2893085,"6vWDO969PvNqNYHIOW5v0m, 4FZ3j1oH43e7cukCALsCwf"
Pray You Catch Me,Beyoncé,,,Lemonade,2016-04-23,7rLDARtJALM7QdiJDMXW7m,1992817,6vWDO969PvNqNYHIOW5v0m
Daddy Lessons,Beyoncé,,,Lemonade,2016-04-23,71OvX5NNLrmz7rpq1ANTQn,2651057,6vWDO969PvNqNYHIOW5v0m
Freedom (feat. Kendrick Lamar),"Beyoncé, Kendrick Lamar","hip hop, west coast hip hop",Hip Hop,Lemonade,2016-04-23,7aBxcRw77817BrkdPChAGY,1917981,"6vWDO969PvNqNYHIOW5v0m, 2YZyLoL8N0Wb9xBt1NhZWg"
All Night,Beyoncé,,,Lemonade,2016-04-23,7oAuqs6akGnPU3Tb00ZmyM,1925174,6vWDO969PvNqNYHIOW5v0m
Sorry - Original Demo,Beyoncé,,,Lemonade,2016-04-23,6eR1N0EBHiDkGDzegX99d3,2385638,6vWDO969PvNqNYHIOW5v0m
Love Drought,Beyoncé,,,Lemonade,2016-04-23,2RQAG0wQt35UzAPEyVJFWN,1722872,6vWDO969PvNqNYHIOW5v0m
Sandcastles,Beyoncé,,,Lemonade,2016-04-23,2FNPJWVdGxYhWaotd6rULS,1537738,6vWDO969PvNqNYHIOW5v0m
Jenny of Oldstones (Game of Thrones),Florence + The Machine,baroque pop,Pop,Jenny of Oldstones (Game of Thrones),2019-04-22,1u0THw5xaGd7sYzJEh48Lt,1437457,1moxjboGR7GNWYIMWsRjgG
Forward (feat. James Blake),"Beyoncé, James Blake",,,Lemonade,2016-04-23,2bOWJIYSbhwg2NMQq1QMYH,684903,"6vWDO969PvNqNYHIOW5v0m, 53KwLdlmrlCelAZMaLVZqU"
Truth Hurts,Lizzo,,,Cuz I Love You (Super Deluxe),2019-04-19,3HWzoMvoF3TQfYg4UPszDq,439283700,56oDRnqbIiwx4mymNEv7dS
Goddamn (feat. A Boogie wit da Hoodie),"Tyga, A Boogie Wit da Hoodie",melodic rap,Hip Hop,Goddamn (feat. A Boogie wit da Hoodie),2019-04-15,0Zl4G9qcdXV5hVhdOirNHG,2686793,"5LHRHt1k9lMyONurDHEdrp, 31W5EY0aAly4Qieq6OFu6I"
Suge,DaBaby,,,Baby On Baby,2019-03-01,2gwkD6igEhQbDQegRCcdoB,268148985,4r63FhuTkUYltbVAg5TQnk
ME! (feat. Brendon Urie of Panic! At The Disco),"Taylor Swift, Brendon Urie",,,ME!,2019-04-26,4Sib57MmYGJzSvkW84jTwh,92665016,"06HL4z0CvFAxyc27GXpf02, 6eYFryfcEu3QSq59D62wZQ"
Light It Up (with Tyga & Chris Brown),"Marshmello, Tyga, Chris Brown","edm, r&b","Electronic, R&B",Light It Up (with Tyga & Chris Brown),2019-04-25,4Q8aDd3H6LF8t4eY7So9O8,23532642,"64KEffDW9EtZ1y2vBYgq8T, 5LHRHt1k9lMyONurDHEdrp, 7bXgB6jMjp9ATFy66eO08Z"
Floating (feat. 21 Savage),"ScHoolboy Q, 21 Savage",,,CrasH Talk,2019-04-26,4NN6N5TxBO5k9uqu0W4gfQ,12004074,"5IcR3N7QB1j6KBL8eImZ8m, 1URnnhqYAYcrqrcwql10ft"
Summer Days (feat. Macklemore & Patrick Stump of Fall Out Boy),"Martin Garrix, Macklemore, Fall Out Boy","edm, electronica, progressive house, emo, pop punk, emo pop","Electronic, Rock, Pop",The Martin Garrix Experience,2019-07-10,40OMBMYRk5IQL6xCzGM0JA,243224760,"60d24wfXkVzDSfLS6hyCjZ, 3JhNCzhSMTxs9WLGJJxWOY, 4UXqAaa6dQYAk18Lv7PEgX"
Drugs & The Internet,Lauv,,,Drugs & The Internet,2019-04-26,4SHhui9S7lFYGHXikfneGo,13900116,5JZ7CnR6gTvEMKX4g70Amv
Hurts 2B Human (feat. Khalid),"P!nk, Khalid",,,Hurts 2B Human,2019-04-25,2BM7nF0pMIpLQOT04o691Z,5579926,"1KCSPY1glIKqW2TotWuXOR, 6LuN9FCkKOj5PcnpouEgny"
Do You Mean (feat. Ty Dolla $ign & bülow),"The Chainsmokers, Ty Dolla $ign, bülow",,,World War Joy...Do You Mean,2019-04-26,5MvLsT03RBp67RLoeISCdl,16337902,"69GGBxA162lTqCwzJG5jLp, 7c0XG5cIJTrrAgEC3ULPiq, 5vBrKGOjN10BMwB0cJADj4"
Vossi Bop,Stormzy,"grime, uk drill","Electronic, Pop",Vossi Bop,2019-04-26,44ZJ4hLD5onikKsVLQaILr,75946301,2SrSdSvpminqmStGELCSNd
Next,"Ufo361, RIN","german hip hop, turkish hip hop, cloud rap",Hip Hop,Next,2019-04-26,1x4MJYA9mJRph3fygU51K4,3630181,"5pVRwX5ZQR7hfJ18w8ZYkl, 18ISxWwWjV6rPLoVCXf1dz"
"Enzo (with Sheck Wes, feat. Offset, 21 Savage & Gucci Mane)","DJ Snake, Sheck Wes, Offset, 21 Savage, Gucci Mane","southern hip hop, rap, trap",Hip Hop,"Enzo (with Sheck Wes, feat. Offset, 21 Savage & Gucci Mane)",2019-04-24,6mCqxnyOhr4tHMbRbQL4Yn,4003930,"540vIaP2JwjQb9dm3aArA4, 2RDOrhPqAM4jzTRCEb19qX, 4DdkRBBYG6Yk9Ka8tdJ9BW, 1URnnhqYAYcrqrcwql10ft, 13y7CgLHjMVRMDqxdx0Xdo"
Gang Gang,ScHoolboy Q,,,CrasH Talk,2019-04-26,6kqPWdv1pNXp6A2CowGSFA,899757,5IcR3N7QB1j6KBL8eImZ8m
CrasH,ScHoolboy Q,,,CrasH Talk,2019-04-26,6BKAKoo7J2vwJGZJs5dhGD,855453,5IcR3N7QB1j6KBL8eImZ8m
Baila Baila Baila - Remix,"Ozuna, Daddy Yankee, J Balvin, Farruko, Anuel AA","reggaeton, latin, trap latino, urbano latino",Latin,"Baila Baila Baila (Remix) [feat. Farruko, Anuel Aa]",2019-04-25,7mWFF4gPADjTQjC97CgFVt,97166469,"1i8SpTcr7yvPOmcqrbnVXY, 4VMYDCV2IEDYJArk749S6m, 1vyhD5VmyZ7KMfW5gqLgo5, 329e4yvIujISKGKz1BZZbO, 2R21vXR83lH98kGeO99Y66"
Dangerous (feat. Kid Cudi),"ScHoolboy Q, Kid Cudi",,,CrasH Talk,2019-04-26,0IH3D0P8OrQFs6ajcqbm0R,821086,"5IcR3N7QB1j6KBL8eImZ8m, 0fA0VVWsXO9YnASrzqfmYu"
5200,ScHoolboy Q,,,CrasH Talk,2019-04-26,1e3GEwsaXtBNtPfooQimDn,815137,5IcR3N7QB1j6KBL8eImZ8m
Tales,ScHoolboy Q,,,CrasH Talk,2019-04-26,6kmSmIbfnGTaGCgwFW7umS,788434,5IcR3N7QB1j6KBL8eImZ8m
"Calipso (with Dardust) (feat. Sfera Ebbasta, Mahmood & Fabri Fibra)","Charlie Charles, Sfera Ebbasta, Mahmood, Fabri Fibra","italian trap, trap",Hip Hop,"Calipso (with Dardust) (feat. Sfera Ebbasta, Mahmood & Fabri Fibra)",2019-04-26,45zJRuzK9e6AO527NOW7Fy,776158,"1UCxzrM5WJh9ure5vCcsim, 23TFHmajVfBtlRx5MXqgoz, 06nvjg4wBANK6DCHjqtPNd, 7u710e44HW3K7A5eTnRqHC"
Drunk (feat. 6LACK),"ScHoolboy Q, 6LACK",,,CrasH Talk,2019-04-26,06Y14QBRyzmPRqrswAfF4J,755508,"5IcR3N7QB1j6KBL8eImZ8m, 4IVAbR2w4JJNJDDRFP3E83"
Lies (feat. Ty Dolla $ign & YG),"ScHoolboy Q, Ty Dolla $ign, YG",hyphy,Hip Hop,CrasH Talk,2019-04-26,7gPHxxAq4YjK7GoLT3Vch3,737610,"5IcR3N7QB1j6KBL8eImZ8m, 7c0XG5cIJTrrAgEC3ULPiq, 0A0FS04o6zMoto8OKPsDwY"
okay,"LANY, Julia Michaels",,,okay,2019-04-23,1a0Mg4XPdt4EKsUz5beRZY,705351,"49tQo2QULno7gxHutgccqF, 0ZED1XzwlLHW4ZaG4lOT6m"
"Hey Look Ma, I Made It",Panic! At The Disco,emo,Rock,Pray for the Wicked,2018-06-22,22oEJW6r2rMb9z4IntfyEa,26320594,20JZFwl6HVl6yg8a4H3ZqK
Stop Snitchin,YG,hyphy,Hip Hop,Stop Snitchin,2019-04-24,3hhs1XHsWvbH0mP9D1BT2Z,683454,0A0FS04o6zMoto8OKPsDwY
Punto G,KAROL G,"reggaeton, latin, urbano latino",Latin,OCEAN,2019-05-03,2E82gORVSA7UMEz5M1IP3b,17793447,790FomKkXshlbRYZFtlgla
Juice,Lizzo,,,Cuz I Love You,2019-04-19,0k664IuFwVP557Gnx7RhIl,43782494,56oDRnqbIiwx4mymNEv7dS
Out Of Love,Alessia Cara,,,The Pains Of Growing,2018-11-30,4WzhjxvLP95y7AMDy0Atwb,14044875,2wUjUUtkb5lvLKcGKsKqsR
Get You The Moon (feat. Snøw),"Kina, Snøw",,,Get You The Moon (feat. Snøw),2018-10-08,4ZLzoOkj0MPWrTLvooIuaa,123134143,"4qIVPF0s71ZYW3qzhu5GkF, 5fSVkkuijRIpxuvSqysYiP"
Homicide,"Logic, Eminem","rap, hip hop",Hip Hop,Homicide,2019-05-03,0Lw6aQcBFWTQ9m4MSwwwes,26703849,"4xRYI6VqpkE3UwrDrAZL8L, 7dGJo4pcD2V6oG8kP0tJRR"
If I Can't Have You,Shawn Mendes,pop,Pop,Shawn Mendes (Deluxe),2019-06-19,2bT1PH7Cw3J9p3t7nlXCdh,417470729,7n2wHs1TKAczGzO7Dd2rGr
Hold Me While You Wait,Lewis Capaldi,soft pop,Pop,Divinely Uninspired To A Hellish Extent,2019-05-17,60iSKGrGazRzICtMjADNSM,24071000,4GNC7GD6oZMSxPGyXy4MNB
Joy,Bastille,,,Joy,2019-05-02,3QpkbrYXtlU3LRJu3sTK6V,842922,7EQ0qTo7fWT7DPxmxtSYEc
Vermissen (feat. Henning May),"Juju, Henning May","german hip hop, german pop","Hip Hop, Pop",Bling Bling,2019-06-14,07f2b3CTdgKKlhv0mqUksz,26944177,"4sg4no0TXdsrM1s4SVUwNF, 1cH0i2n6YLrWFDDemqztay"
"Go Loko (feat. Tyga, Jon Z)","YG, Tyga, Jon Z","hyphy, trap latino, trap, dembow","Latin, Hip Hop",4REAL 4REAL,2019-05-24,1kK6DwzyXJSp58u5HYWwuD,155020998,"0A0FS04o6zMoto8OKPsDwY, 5LHRHt1k9lMyONurDHEdrp, 5bWUlnPx9OYKsLiUJrhCA1"
MIDDLE CHILD,PnB Rock,melodic rap,Hip Hop,TrapStar Turnt PopStar,2019-05-02,4AEzAEnbm9uRgbmTdeI63K,1853868,21WS9wngs9AqFckK7yYJPM
Date La Vuelta,"Luis Fonsi, Sebastian Yatra, Nicky Jam","latin, colombian pop, reggaeton","Pop, Latin",Date La Vuelta,2019-04-24,5lwVd35Zg6DJ4qibVMq99H,16540923,"4V8Sr092TqfHkfAA5fXXqG, 07YUOmWljBTXwIseAUd9TW, 1SupJlEpv7RS2tPNRaHViT"
Hey Julie! (feat. Lil Yachty),"KYLE, Lil Yachty",,,Hey Julie! (feat. Lil Yachty),2018-12-03,1jkEorRvoRQNo1WZfD1X5q,4146065,"4qBgvVog0wzW75IQ48mU7v, 6icQOAFXDZKsumw3YXyusw"
There's Nothing Holdin' Me Back,Shawn Mendes,pop,Pop,Illuminate (Deluxe),2017-04-20,7JJmb5XwzOO8jgpou264Ml,1828850,7n2wHs1TKAczGzO7Dd2rGr
Beer Never Broke My Heart,Luke Combs,country,Country,Beer Never Broke My Heart,2019-05-08,5eDvChP4WAPPrtaQeI9MhT,2046306,718COspgdWOnwOFpJHRZHS
I Don't Care (with Justin Bieber),"Ed Sheeran, Justin Bieber","soft pop, ",Pop,No.6 Collaborations Project,2019-07-12,0hVXuCcriWRGvwMV1r5Yn9,818346388,"6eUKZXaKkcviH0Ku9w2n3V, 1uNFoZAHBGtllmzznpCI3s"
Homicide (feat. Eminem),"Logic, Eminem","rap, hip hop",Hip Hop,Confessions of a Dangerous Mind,2019-05-10,7M2tXmeS15NAzEn7ABFeBg,90151915,"4xRYI6VqpkE3UwrDrAZL8L, 7dGJo4pcD2V6oG8kP0tJRR"
"Tough Love (feat. Agnes, Vargas & Lagola)","Avicii, Agnes, Vargas & Lagola","edm, ",Electronic,TIM,2019-06-06,1yfyIdEw5U2bD5I6gxQCxW,30686279,"1vCWHaC5f2uS3yhpwWbIA6, 6SsTlCsuCYleNza6xGwynu, 2fVW2ix4ANKiofDZIsy1XR"
Pa Mí - Remix,"Dalex, Rafa Pabön, KHEA, Sech, Feid, Cazzu, Lenny Tavárez","reggaeton, argentine trap, trap, trap latino, urbano latino, turreo","Hip Hop, Latin",Climaxxx,2019-05-10,7g8YaUQABMal0zWe7a2ijz,200055329,"0KPX4Ucy9dk82uj4GpKesn, 11YLRSsZA3YVuQQtHXKTlz, 4m6ubhNsdwF4psNf3R8kwR, 77ziqFxp5gaInVrF2lj4ht, 2LRoIwlKmHjgvigdNGBHNo, 6w3SkAHYPsQ1bxV7VDlG5y, 1pQWsZQehhS4wavwh7Fnxd"
Soltera (Remix),"Lunay, Daddy Yankee, Bad Bunny","reggaeton, latin, trap latino, urbano latino",Latin,Épico,2019-10-25,4t9a07PAghtQMRAIP9FQ7Z,415609929,"47MpMsUfWtgyIIBEFOr4FE, 4VMYDCV2IEDYJArk749S6m, 4q3ewBCX7sLwd24euuV69X"
Stay (Don't Go Away) [feat. Raye],"David Guetta, RAYE","edm, dance, ",Electronic,Stay (Don't Go Away) [feat. Raye],2019-05-09,4YhN72dRYL2Z3MsaKyT7rS,5528846,"1Cs0zKBU1kc0i8ypK3B9ai, 5KKpBU5eC2tJDzf0wmlRp2"
Nautilus,Shindy,german hip hop,Hip Hop,Nautilus,2019-05-10,7IkZpSOJKGXCGhqAvHs7FG,12682374,5j21TGkrNEAJe3gG9VlS34
Icy (feat. Gucci Mane),"Logic, Gucci Mane","southern hip hop, rap, trap",Hip Hop,Confessions of a Dangerous Mind,2019-05-10,5sCwso3aURYAdieWEFI1nE,3677994,"4xRYI6VqpkE3UwrDrAZL8L, 13y7CgLHjMVRMDqxdx0Xdo"
COMMANDO (feat. G-Eazy),"Logic, G-Eazy",,,Confessions of a Dangerous Mind,2019-05-10,2SDFznsHkeFXiPFwN0npVM,3134222,"4xRYI6VqpkE3UwrDrAZL8L, 02kJSzxNuaWGqwubyUba0Z"
A Whole New World (End Title) - From  Aladdin ,"ZAYN, Zhavia",,,A Whole New World (End Title) [From  Aladdin ],2019-05-09,1iWHabUgUuuKLBa0TzTHfk,83040132,"5ZsFI1h6hIdQRw2ti0hz81, 1CO6e7WRJvSFenmQO8n64C"
Mama/Show Love (feat. YBN Cordae),"Logic, Cordae",,,Confessions of a Dangerous Mind,2019-05-10,43IfdE75ficQgsI8QGBvwb,965753,"4xRYI6VqpkE3UwrDrAZL8L, 0huGjMyP507tBCARyzSkrv"
Falling Like The Stars,James Arthur,soft pop,Pop,Falling Like The Stars,2019-05-10,15xWRPHQMeqgdkGzInx3PY,18126954,4IWBUUAFIplrNtaOHcJPRM
clickbait,Logic,,,Confessions of a Dangerous Mind,2019-05-10,0XIsaklmegqPEdOr38DVEt,852238,4xRYI6VqpkE3UwrDrAZL8L
Still Ballin (feat. Wiz Khalifa),"Logic, Wiz Khalifa",rap,Hip Hop,Confessions of a Dangerous Mind,2019-05-10,0ZN72tCEgbwPXEtj6TPMxK,828466,"4xRYI6VqpkE3UwrDrAZL8L, 137W8MRPWKqSmrBGDBFSop"
Wannabe,Logic,,,Confessions of a Dangerous Mind,2019-05-10,2CqMWqcHywYRvwzdw2Wh4P,823319,4xRYI6VqpkE3UwrDrAZL8L
Can't Take It From Me (feat. Skip Marley),"Major Lazer, Skip Marley","moombahton, reggae","Electronic, R&B",Can't Take It From Me (feat. Skip Marley),2019-05-10,1MBtNXoT6cXrrSstG07Lf7,801943,"738wLrAtLtCtFOLvQBXOXp, 4ryoUS0W8qXokfMxrlJt6O"
Bad,James Bay,,,Oh My Messy Mind,2019-05-10,3xRcQ04b0l5RiU2w7lJhCD,757766,4EzkuveR9pLvDVFNx6foYD
Out Of Sight,Logic,,,Confessions of a Dangerous Mind,2019-05-10,3Z6O6zNyxqmqevwy5Dy4cs,755081,4xRYI6VqpkE3UwrDrAZL8L
Pardon My Ego,Logic,,,Confessions of a Dangerous Mind,2019-05-10,45uPKvMUFmObuDYka9AnKa,732677,4xRYI6VqpkE3UwrDrAZL8L
"100 Bands (feat. Quavo, 21 Savage, YG & Meek Mill)","Mustard, Quavo, YG, Meek Mill","hyphy, rap",Hip Hop,"100 Bands (feat. Quavo, 21 Savage, YG & Meek Mill)",2019-05-10,5duCElafuovM4ZSmkQL4hn,728644,"0YinUQ50QDB7ZxSCLyQ40k, 0VRj0yCOv2FXJNP47XQnx5, 0A0FS04o6zMoto8OKPsDwY, 20sxb77xiYeusSH8cVdatc"
All Day And Night,"Jax Jones, Martin Solveig, Madison Beer, Europa","french house, ",Electronic,Snacks,2019-07-12,5naYe7rLMZcLfO1DKg48MK,53731462,"4Q6nIcaBED8qUel8bBx6Cr, 1bj5GrcLom5gZFF5t949Xl, 2kRfqPViCqYdSGhYSM9R0Q, 2NlKrNMdpYxGjt3Pvw87rC"
La Playa,Myke Towers,"reggaeton, trap latino, urbano latino",Latin,La Playa,2019-04-09,0jeS8PyyIRAG0A3t5DtL71,1960777,7iK8PXO48WeuP03g8YR51W
Love Me Less (feat. Quinn XCII),"MAX, Quinn XCII",,,Love Me Less (feat. Quinn XCII),2019-04-05,2tOOcDDYkh0PSjr6GwPEAJ,20715847,"1bqxdqvUtPWZri43cKHac8, 3ApUX1o6oSz321MMECyIYd"
Don't Give Up On Me - (From  Five Feet Apart ),Andy Grammer,,,Don't Give Up On Me (From  Five Feet Apart ),2019-02-13,4Y0TtDriFlN3XZoQx6PYsu,1223556,2oX42qP5ineK3hrhBECLmj
Solo Pienso En Ti (feat. De La Ghetto & Justin Quiles),"Paulo Londra, De La Ghetto, Justin Quiles","argentine trap, trap latino, reggaeton, urbano latino","Hip Hop, Latin",Homerun,2019-05-23,3H9GDhVVTlmFQSmpt51qiP,27724431,"3vQ0GE3mI0dAaxIMYe5g7z, 3EiLUeyEcA6fbRPSHkG5kb, 14zUHaJZo1mnYtn6IBRaRP"
lovely (with Khalid),"Billie Eilish, Khalid",,,lovely (with Khalid),2018-04-19,0u2P5u6lvoDfwTYjAADbn4,270623566,"6qqNVTkY8uBg9cP3Jd7DAH, 6LuN9FCkKOj5PcnpouEgny"
Cuaderno,"Dalex, Nicky Jam, Justin Quiles, Sech, Lenny Tavárez, Feid, Rafa Pabön","reggaeton, latin, urbano latino, trap latino, argentine trap","Hip Hop, Latin",Climaxxx,2019-05-10,7anSoGdgtmJTAPZBzcPhO6,133360949,"0KPX4Ucy9dk82uj4GpKesn, 1SupJlEpv7RS2tPNRaHViT, 14zUHaJZo1mnYtn6IBRaRP, 77ziqFxp5gaInVrF2lj4ht, 1pQWsZQehhS4wavwh7Fnxd, 2LRoIwlKmHjgvigdNGBHNo, 11YLRSsZA3YVuQQtHXKTlz"
EARFQUAKE,Tyler The Creator,,,IGOR,2019-05-17,5hVghJ4KaYES3BFUATCYn0,177312035,4V8LLVI7PbaPR0K2TGSxFF
I THINK,Tyler The Creator,,,IGOR,2019-05-17,4f8Mh5wuWHOsfXtzjrJB3t,23492693,4V8LLVI7PbaPR0K2TGSxFF
IGOR'S THEME,Tyler The Creator,,,IGOR,2019-05-17,51RN0kzWd7xeR4th5HsEtW,10926306,4V8LLVI7PbaPR0K2TGSxFF
RUNNING OUT OF TIME,Tyler The Creator,,,IGOR,2019-05-17,5QvBXUm5MglLJ3iBfTX2Wo,14766793,4V8LLVI7PbaPR0K2TGSxFF
NEW MAGIC WAND,Tyler The Creator,,,IGOR,2019-05-17,0fv2KH6hac06J86hBUTcSf,12725062,4V8LLVI7PbaPR0K2TGSxFF
A BOY IS A GUN*,Tyler The Creator,,,IGOR,2019-05-17,1nXZnTALNXiPlvXotqHm66,10230984,4V8LLVI7PbaPR0K2TGSxFF
WHAT'S GOOD,Tyler The Creator,,,IGOR,2019-05-17,6bOkaEXc5CopinGazSLokx,9689955,4V8LLVI7PbaPR0K2TGSxFF
PUPPET,Tyler The Creator,,,IGOR,2019-05-17,0wEC0GNF74lAqrEFZJMl1m,9018443,4V8LLVI7PbaPR0K2TGSxFF
Nightmare,Halsey,,,Nightmare,2019-05-17,340UVheS8z3ncW9TTUhAbc,53227435,26VFTg2z8YR0cCuwLzESi2
"GONE, GONE / THANK YOU",Tyler The Creator,,,IGOR,2019-05-17,1hz7SRTGUNAtIQ46qiNv2p,8549842,4V8LLVI7PbaPR0K2TGSxFF
I DON'T LOVE YOU ANYMORE,Tyler The Creator,,,IGOR,2019-05-17,5A0M6B0RBSXSNWv0wcppZ9,5093105,4V8LLVI7PbaPR0K2TGSxFF
ARE WE STILL FRIENDS?,Tyler The Creator,,,IGOR,2019-05-17,5TxRUOsGeWeRl3xOML59Ai,5152508,4V8LLVI7PbaPR0K2TGSxFF
Wieder Lila,"Samra, Capital Bra",german hip hop,Hip Hop,Wieder Lila,2019-05-17,2kkcJ8tSDV42LdWcPjy6We,23586629,"6h1s4i4XKIYv4ErDelLDN0, 4WZGDpNwrC0vNQyl9QzF7d"
Higher (feat. Nipsey Hussle & John Legend),"DJ Khaled, Nipsey Hussle, John Legend","west coast hip hop, soft pop, neo soul","R&B, Pop, Hip Hop",Father Of Asahd,2019-05-17,6O10oTtZIZ4DkkUqyfCbrR,6677532,"0QHgL1lAIqAw0HtD7YldmP, 0EeQBlQJFiAfJeVN2vT9s0, 5y2Xq6xcjJb2jVM54GHK3t"
Celebrate (feat. Travis Scott & Post Malone),"DJ Khaled, Travis Scott, Post Malone","rap, ",Hip Hop,Father Of Asahd,2019-05-17,0b6UoVjUzFyZNpHI0aAhKt,9981587,"0QHgL1lAIqAw0HtD7YldmP, 0Y5tJX1MQlPlqiwlOH1tJY, 246dkjvS1zLTtiykXe5h60"
Just Us (feat. SZA),"DJ Khaled, SZA",r&b,R&B,Father Of Asahd,2019-05-17,0BnTBAGmr9FtYwkZrwKhwS,29356244,"0QHgL1lAIqAw0HtD7YldmP, 7tYKF4w9nC0nq9CsPZTHyP"
Rescue Me,OneRepublic,soft pop,Pop,Rescue Me,2019-05-17,0mjAU3yKR1QnXnHtjGJqTM,204469447,5Pwc4xIPtQLFEnJriah9YJ
Wish Wish (feat. Cardi B & 21 Savage),"DJ Khaled, Cardi B, 21 Savage",,,Father Of Asahd,2019-05-17,1Hd2XLitkt1PYCWSbfF5qV,13776791,"0QHgL1lAIqAw0HtD7YldmP, 4kYSro6naA4h99UJvo89HB, 1URnnhqYAYcrqrcwql10ft"
Doin' Time,Lana Del Rey,,,Norman Fucking Rockwell!,2019-08-30,0Oqc0kKFsQ6MhFOLBNZIGX,20938432,00FQb4jTyendYWaN8pK0wa
Zeig dich,Rammstein,"industrial metal, metal, industrial rock, industrial","Rock, Metal",Rammstein,2019-05-17,3d3k8g4GTVx9EFIFlOZOEX,1895137,6wWVKhxIU2cEi0K81v7HvP
11 PM,Maluma,"reggaeton, latin, urbano latino",Latin,11:11,2019-05-17,7KbF6AdprOXEEHlsq11Z6d,282065182,1r4hJ1h58CWwUQe3MxPuau
Gib Gas,"Ufo361, Luciano","german hip hop, turkish hip hop",Hip Hop,Gib Gas,2019-05-17,7MqL7uh6zGd8x0B9srz3r0,1777656,"5pVRwX5ZQR7hfJ18w8ZYkl, 3CJKkU0XuElRT1z8rEtIYg"
Ausländer,Rammstein,"industrial metal, metal, industrial rock, industrial","Rock, Metal",Rammstein,2019-05-17,7j43FohbLVulScL7S9sQZk,1733858,6wWVKhxIU2cEi0K81v7HvP
Unsainted,Slipknot,"nu metal, metal, alternative metal, rap metal, heavy metal",Metal,We Are Not Your Kind,2019-08-09,5mpUKTdskZea0gStWzeHUZ,3243929,05fG473iIaoy82BF1aGhL8
Puppe,Rammstein,"industrial metal, metal, industrial rock, industrial","Rock, Metal",Rammstein,2019-05-17,2iFgHPoa7FNHwgLnjXzu7F,971336,6wWVKhxIU2cEi0K81v7HvP
GRoCERIES,"Chance the Rapper, TisaKorean, Murda Beatz",,,GRoCERIES,2019-05-17,0yFvWTLs3iIwDbc91noXGT,3653323,"1anyVhU62p31KFi8MEzkbf, 6lEhBhAv6HOopjXssi09cq, 3CbYyyd8wH3RT6t0jwpdzC"
Sex,Rammstein,"industrial metal, metal, industrial rock, industrial","Rock, Metal",Rammstein,2019-05-17,15f16lrsDzFeNpHYBTzHLI,926457,6wWVKhxIU2cEi0K81v7HvP
"Jealous (feat. Chris Brown, Lil Wayne & Big Sean)","DJ Khaled, Chris Brown, Lil Wayne, Big Sean","r&b, rap, hip hop, ","Hip Hop, R&B",Father Of Asahd,2019-05-17,6Dq8FZrvx9S28iyaKSwn9x,4594383,"0QHgL1lAIqAw0HtD7YldmP, 7bXgB6jMjp9ATFy66eO08Z, 55Aa2cqylxrFIXC767Z865, 0c173mlxpT3dSFRgMO8XPh"
One,Lewis Capaldi,soft pop,Pop,Divinely Uninspired To A Hellish Extent,2019-05-17,5C1TucCRf4Vjjree1OItyv,911102,4GNC7GD6oZMSxPGyXy4MNB
Letzte Träne,Kontra K,german hip hop,Hip Hop,Letzte Träne,2019-05-16,64A5aseVdsvdNOjobGQclN,2264432,4lDiJcOJ2GLCK6p9q5BgfK
Fliegst Du mit,Shirin David,"german hip hop, german pop","Hip Hop, Pop",Fliegst Du mit,2019-05-17,7d5OMedGbW3CZwFfiNMGeI,896266,0JBdTCGs111JKKYfLqOEBa
Radio,Rammstein,"industrial metal, metal, industrial rock, industrial","Rock, Metal",Rammstein,2019-05-17,5vZ4IeUenK2cHub2d7yfWk,864399,6wWVKhxIU2cEi0K81v7HvP
Weather the Storm (feat. Meek Mill & Lil Baby),"DJ Khaled, Meek Mill, Lil Baby","rap, ",Hip Hop,Father Of Asahd,2019-05-17,6xVhqLT40s5sVhepe9Mckc,1521724,"0QHgL1lAIqAw0HtD7YldmP, 20sxb77xiYeusSH8cVdatc, 5f7VJjfbwm532GiveGC0ZK"
Bruises,Lewis Capaldi,soft pop,Pop,Divinely Uninspired To A Hellish Extent,2019-05-17,4Of7rzpRpV1mWRbhp5rAqG,122014940,4GNC7GD6oZMSxPGyXy4MNB
Was ich liebe,Rammstein,"industrial metal, metal, industrial rock, industrial","Rock, Metal",Rammstein,2019-05-17,4anzVbFPUuZTw0KQeZ0qnu,802974,6wWVKhxIU2cEi0K81v7HvP
Arcade,Duncan Laurence,,,Small Town Boy (Track By Track),2020-11-12,1J14CdDAvBTE1AJYUOwl6C,30604900,3klZnJvYGIbWritVwQD434
Blame It on Your Love (feat. Lizzo),"Charli xcx, Lizzo","hyperpop, art pop, ",Pop,Blame It on Your Love,2019-05-15,1MfuskV4ODUp14C2dnyPgW,751520,"25uiPmTg16RbhZWAqwLBy5, 56oDRnqbIiwx4mymNEv7dS"
Diamant,Rammstein,"industrial metal, metal, industrial rock, industrial","Rock, Metal",Rammstein,2019-05-17,1UZs9dauJnxrqYxMIzxnwC,727330,6wWVKhxIU2cEi0K81v7HvP
"No Brainer (feat. Justin Bieber, Chance the Rapper & Quavo)","DJ Khaled, Justin Bieber, Chance the Rapper, Quavo",,,Father Of Asahd,2019-05-17,03nPEoQOYMuDe7KmGljpmd,1400164,"0QHgL1lAIqAw0HtD7YldmP, 1uNFoZAHBGtllmzznpCI3s, 1anyVhU62p31KFi8MEzkbf, 0VRj0yCOv2FXJNP47XQnx5"
Tattoo,Rammstein,"industrial metal, metal, industrial rock, industrial","Rock, Metal",Rammstein,2019-05-17,6X5zsgjDlssIkv0sVYZgx1,724383,6wWVKhxIU2cEi0K81v7HvP
"You Stay (feat. Meek Mill, J Balvin, Lil Baby & Jeremih)","DJ Khaled, Meek Mill, J Balvin, Lil Baby, Jeremih","rap, reggaeton, latin, ","Latin, Hip Hop",Father Of Asahd,2019-05-17,4U6ubKsTd8RBDP5tPPhh7I,723894,"0QHgL1lAIqAw0HtD7YldmP, 20sxb77xiYeusSH8cVdatc, 1vyhD5VmyZ7KMfW5gqLgo5, 5f7VJjfbwm532GiveGC0ZK, 3KV3p5EY4AvKxOlhGHORLg"
Weit weg,Rammstein,"industrial metal, metal, industrial rock, industrial","Rock, Metal",Rammstein,2019-05-17,0sMmtnF7by7WPNeRXCam9H,720376,6wWVKhxIU2cEi0K81v7HvP
She Got Me,Luca Hänni,german pop,Pop,She Got Me,2019-03-08,6TNK1SFt77MvTFoiTloiFQ,1499777,5JbALDn35ZrLwVAle4xVqZ
Spirit in the Sky,KEiiNO,"europop, norwegian pop",Pop,Spirit in the Sky,2019-01-25,7B7O5jgFpWfc9orZw6FN4K,1395314,0chh7dlaUzEreDTulHiOlm
ME! (feat. Brendon Urie of Panic! At The Disco),"Taylor Swift, Brendon Urie, Panic! At The Disco",emo,Rock,Lover,2019-08-23,2Rk4JlNc2TPmZe2af99d45,218146736,"06HL4z0CvFAxyc27GXpf02, 6eYFryfcEu3QSq59D62wZQ, 20JZFwl6HVl6yg8a4H3ZqK"
No Me Conoce - Remix,"JHAYCO, J Balvin, Bad Bunny","reggaeton, trap latino, urbano latino, latin",Latin,Famouz,2019-05-24,4R8BJggjosTswLxtkw8V7P,375937969,"6nVcHLIgY5pE2YCl8ubca1, 1vyhD5VmyZ7KMfW5gqLgo5, 4q3ewBCX7sLwd24euuV69X"
The London (feat. J. Cole & Travis Scott),"Young Thug, J. Cole, Travis Scott","rap, melodic rap, trap",Hip Hop,So Much Fun,2019-08-16,3s4mrPrEFFPF0LmAfutW0n,317246955,"50co4Is1HCEo8bhOyUWKpn, 6l3HvQ5sa6mXTsMTB19rO5, 0Y5tJX1MQlPlqiwlOH1tJY"
Cross Me (feat. Chance the Rapper & PnB Rock),"Ed Sheeran, Chance the Rapper, PnB Rock","soft pop, melodic rap","Hip Hop, Pop",No.6 Collaborations Project,2019-07-12,4wuCQX7JvAZLlrcmH4AeZF,185084170,"6eUKZXaKkcviH0Ku9w2n3V, 1anyVhU62p31KFi8MEzkbf, 21WS9wngs9AqFckK7yYJPM"
Easier,5 Seconds of Summer,,,CALM,2020-03-27,2txofPPP3lkiNLTUUHeJHS,106865905,5Rl15oVamLq7FbSb0NNBNy
Not Ok,"Kygo, Chelsea Cutler","tropical house, ",Electronic,Not Ok,2019-05-23,6aoGtdWXBkYQ2O2wnyIz2x,29377996,"23fqKkggKUBHNkbKtXEls4, 5JMLG56F1X5mFmWNmS0iAp"
Isis,"Joyner Lucas, Logic",,,Isis,2019-05-23,36TO60sxDduIsO3xH8IcUh,34204460,"6C1ohJrd5VydigQtaGy5Wa, 4xRYI6VqpkE3UwrDrAZL8L"
Marlboro Rot,Samra,german hip hop,Hip Hop,Marlboro Rot,2019-05-24,4e6l3QGj4RZesjDLVqYk3H,4270766,6h1s4i4XKIYv4ErDelLDN0
Vintage,RIN,"german hip hop, cloud rap",Hip Hop,Vintage,2019-05-24,6xwI9R3ZHT9nWtSYvffYQm,2914507,18ISxWwWjV6rPLoVCXf1dz
Purple Emoji (feat. J. Cole),"Ty Dolla $ign, J. Cole",rap,Hip Hop,Purple Emoji (feat. J. Cole),2019-05-20,3OJ4LEE50iFELaHiZ09zif,873480,"7c0XG5cIJTrrAgEC3ULPiq, 6l3HvQ5sa6mXTsMTB19rO5"
One Touch,"Jess Glynne, Jax Jones",,,Always in Between (Deluxe),2018-10-12,3eS1VMcEmq2IUgpaeDysCb,837982,"4ScCswdRlyA23odg9thgIO, 4Q6nIcaBED8qUel8bBx6Cr"
In The Dark,YG,hyphy,Hip Hop,4REAL 4REAL,2019-05-24,6l26j7uCiDstBiYTuiaInV,2738617,0A0FS04o6zMoto8OKPsDwY
Homerun (Intro),Paulo Londra,"argentine trap, trap latino, reggaeton","Hip Hop, Latin",Homerun,2019-05-23,7kh95COsNZjnTmc6aF76n7,1976895,3vQ0GE3mI0dAaxIMYe5g7z
Todo Mundo Vai Sofrer - Ao Vivo,Marília Mendonça,"sertanejo, sertanejo universitário, arrocha, forró","Country, Latin","Todos Os Cantos, Vol. 2 (ao Vivo)",2019-05-17,4E6RdcCWMiHTu7zy1VTNDo,17128250,1yR65psqiazQpeM79CcGh8
Shotta Flow,NLE Choppa,,,Shotta Flow,2019-01-17,4dAMdQ6g4kGmnc1MDHsg77,7547746,0ErzCpIMyLcjPiwT4elrtZ
La Boca,"Mau y Ricky, Camilo","reggaeton, latin pop, colombian pop","Pop, Latin",Para Aventuras y Curiosidades,2019-05-03,0UQwlF2pRkr1lMN6kNNUj3,42578129,"2wkoKEfS6dXwThbyTnZWFU, 28gNT5KBp7IjEOQoevXf9N"
Never Really Over,Katy Perry,pop,Pop,Smile,2020-08-28,1IIV8jglA0klVZy17q665k,253198861,6jJ0s89eD6GaHleKKya26X
SOS,"Avicii, Aloe Blacc","edm, ",Electronic,SOS (feat. Aloe Blacc),2019-04-10,0n2nEtLP3OzDdi12ziIekx,17980462,"1vCWHaC5f2uS3yhpwWbIA6, 0id62QV2SZZfvBn9xpmuCl"
Mother's Daughter,Miley Cyrus,,,SHE IS COMING,2019-05-31,2WyRfGeHo97VC5mP1BBSzr,92062874,5YGY8feqx7naU7z4HrwZM6
Press,Cardi B,,,Press,2019-05-31,6dPyzkyZwoj9LqjQXOFdVv,19383056,4kYSro6naA4h99UJvo89HB
Find U Again (feat. Camila Cabello),"Mark Ronson, Camila Cabello",pop,Pop,Late Night Feelings,2019-06-21,5Uw7Dut2lZfexn3Y09swpf,74019421,"3hv9jJF3adDNsBSIQDqcjp, 4nDoRrQiYLoBzwC5BhVJzF"
Call You Mine (feat. Bebe Rexha),"The Chainsmokers, Bebe Rexha",,,World War Joy...Push My Luck,2019-11-08,6IJTc8xo6XasOU8fpxMU57,207328266,"69GGBxA162lTqCwzJG5jLp, 64M6ah0SkkRsnPGtGiRAbb"
Ritual,"Tiësto, Jonas Blue, Rita Ora","edm, trance, big room, house, dance, tropical house, ",Electronic,Ritual,2019-05-31,3M9Apu4OZfylLTFKvgEtKa,101321426,"2o5jDhtHVPhrJdv3cEQ99Z, 1HBjj22wzbscIZ9sEb5dyf, 5CCwRZC6euC8Odo6y9X8jr"
Callaita,"Bad Bunny, Tainy","reggaeton, trap latino, latin, urbano latino",Latin,Un Verano Sin Ti,2022-05-06,71wFwRo8xGc4lrcyKwsvba,478232047,"4q3ewBCX7sLwd24euuV69X, 0GM7qgcRCORpGnfcN2tCiB"
Under Enemy Arms,Trippie Redd,melodic rap,Hip Hop,Under Enemy Arms,2019-05-29,1NF9EkR5OpMaoVWbsllcm9,3357096,6Xgp2XMz1fhVYe7i6yNAax
D.R.E.A.M. (feat. Ghostface Killah),"Miley Cyrus, Ghostface Killah","east coast hip hop, hardcore hip hop, hip hop",Hip Hop,SHE IS COMING,2019-05-31,42zePe03Iq8tvFcJAIKkp8,2588095,"5YGY8feqx7naU7z4HrwZM6, 6FD0unjzGQhX3b6eMccMJe"
Aute Cuture,ROSALÍA,latin,Latin,Aute Cuture,2019-05-30,7dQFpbs34ufIEU745DVclf,7221988,7ltDVBr6mKbRvohxheJ9h1
Unholy,Miley Cyrus,,,SHE IS COMING,2019-05-31,6vjymPak0JRQC2P84XlI9t,3750611,5YGY8feqx7naU7z4HrwZM6
Love Thru The Computer (feat. Justin Bieber),"Gucci Mane, Justin Bieber","southern hip hop, rap, trap, ",Hip Hop,Love Thru The Computer (feat. Justin Bieber),2019-05-31,1VsqQEYObJsOPaeZwEXRPg,3224792,"13y7CgLHjMVRMDqxdx0Xdo, 1uNFoZAHBGtllmzznpCI3s"
Cattitude (feat. RuPaul),"Miley Cyrus, RuPaul",,,SHE IS COMING,2019-05-31,0uZd8cKaTyNogTREourFY5,954824,"5YGY8feqx7naU7z4HrwZM6, 2SdOKxC1sSxEyv8JYERaNe"
Broke Leg (with Quavo & Tyga),"Tory Lanez, Quavo, Tyga",,,LoVE me NOw (ReLoAdeD),2018-10-26,5CKtlUULFD5aPVX4PL02H6,4867044,"2jku7tDXc6XoB6MO2hFuqg, 0VRj0yCOv2FXJNP47XQnx5, 5LHRHt1k9lMyONurDHEdrp"
Party Up The Street,"Miley Cyrus, Swae Lee, Mike WiLL Made-It",,,SHE IS COMING,2019-05-31,3DB14jHq2qNoByUN5W2gz1,891748,"5YGY8feqx7naU7z4HrwZM6, 1zNqQNIdeOUZHb8zbZRFMX, 0NWbwDZY1VkRqFafuQm6wk"
The Search,NF,christian hip hop,Hip Hop,The Search,2019-07-26,3oLe5ZILASG8vU5dxIMfLY,4976343,6fOMl44jA4Sp5b9PpYCkzz
The Most,Miley Cyrus,,,SHE IS COMING,2019-05-31,1U4W2b7SdGXjNuJ7K591Re,843346,5YGY8feqx7naU7z4HrwZM6
Spicy (with Diplo & Charli XCX),"Herve Pagez, Diplo, Charli xcx","moombahton, hyperpop, art pop","Pop, Electronic",Spicy (with Diplo & Charli XCX),2019-05-30,7hzjWGFi2HKUGOXp1LiQ3V,842008,"31JFnMfmvwzZGdEnXaKGek, 5fMUXHkw8R8eOP2RNVYEZX, 25uiPmTg16RbhZWAqwLBy5"
La Haine,Luciano,german hip hop,Hip Hop,La Haine,2019-05-31,2AHJLtc81zIfj9EKcVEzmJ,6144032,3CJKkU0XuElRT1z8rEtIYg
Malediven,MERO,"german hip hop, turkish hip hop",Hip Hop,Malediven,2019-05-31,0H0MIfeqip6GKmafftx7kC,1467890,5wyWp867LWGjFmYZXVSFnZ
Glad He's Gone,Tove Lo,,,Glad He's Gone,2019-05-31,6aIAuKNU8JlVaTmoCYYN6U,774221,4NHQUGzhtTLFvgF5SZesLK
"Rocket Man (I Think It's Going To Be A Long, Long Time)",Elton John,,,Honky Chateau,1972-05-19,3gdewACMIVMEWVbyb8O9sY,6543481,3PhoLpVuITZKcymswpck5b
ReBoTa,Guayna,,,ReBoTa,2019-05-25,3LzJUPmudZeeJhUpeXYcuV,1920749,3OhUwA1syjRoS0WdUL0ATz
Ransom,Lil Tecca,"melodic rap, rap",Hip Hop,We Love You Tecca,2019-08-30,1lOe9qE0vR9zwWQAOk6CoO,464353819,4Ga1P7PMIsmqEZqhYZQgDo
Amor Genuino,Ozuna,"reggaeton, latin, trap latino, urbano latino",Latin,Amor Genuino,2019-06-04,6pK5edDoyrn4mWwRSVc2a5,22783592,1i8SpTcr7yvPOmcqrbnVXY
MOWGLI II,PNL,pop urbaine,Hip Hop,MOWGLI II,2019-06-05,1w2OwBeojIZI8hTI5WkMkV,1967738,3NH8t45zOTqzlZgBvZRjvB
Starving,"Hailee Steinfeld, Grey, Zedd",edm,Electronic,HAIZ,2016-08-19,6875MeXyCW0wLyT72Eetmo,1249034,"5p7f24Rk5HkUZsaS3BLG5F, 4lDBihdpMlOalxy1jkUbPl, 2qxJFvFYMEDqd7ui6kSAcq"
Tough Love,"Avicii, Agnes, Vargas & Lagola","edm, ",Electronic,Tough Love (feat. Vargas & Lagola),2019-05-09,0uxDHazXSSu9bSZ28LsnAN,935531,"1vCWHaC5f2uS3yhpwWbIA6, 6SsTlCsuCYleNza6xGwynu, 2fVW2ix4ANKiofDZIsy1XR"
Heaven,Avicii,edm,Electronic,TIM,2019-06-06,0vrmHPfoBadXVr2n0m1aqZ,94962901,1vCWHaC5f2uS3yhpwWbIA6
CIVIL WAR - Bonus,Russ,,,CIVIL WAR (Bonus),2019-05-08,5tmu5pAFHkUSl8Fo8ncyA4,1901185,1z7b1Pr1rSlvWRzsW3HOrS
Peace Of Mind (feat. Vargas & Lagola),"Avicii, Vargas & Lagola","edm, ",Electronic,TIM,2019-06-06,6ZEYvUSgON3J5Qe1RYi3Jo,2510356,"1vCWHaC5f2uS3yhpwWbIA6, 2fVW2ix4ANKiofDZIsy1XR"
Only Human,Jonas Brothers,,,Happiness Begins,2019-06-07,0DiDStADDVh3SvAsoJAFMk,182748769,7gOdHgIoIKoe4i9Tta6qdD
Dream Glow (BTS World Original Soundtrack) - Pt. 1,"BTS, Charli xcx","k-pop, hyperpop, art pop",Pop,Dream Glow (BTS World Original Soundtrack) [Pt. 1],2019-06-07,4c1WgUnHXq2LEncGHKgj1I,18648089,"3Nrfpe0tUJi4K4DXYWgMUX, 25uiPmTg16RbhZWAqwLBy5"
Veleno 7,"Gemitaiz, MadMan",italian trap,Hip Hop,Veleno 7,2019-06-07,3fV9z98dnQLSIPIMMJXCm7,5357554,"4upwdFMlZBmQ68jP9jPzjK, 3MkkSf3u5KU52Mb2iMrqeX"
Haute (feat. J Balvin & Chris Brown),"Tyga, J Balvin, Chris Brown","reggaeton, latin, r&b","Latin, R&B",Legendary,2019-06-07,1jlnBQGP2DtSEhMgQaz7a7,11936580,"5LHRHt1k9lMyONurDHEdrp, 1vyhD5VmyZ7KMfW5gqLgo5, 7bXgB6jMjp9ATFy66eO08Z"
Tricheur,"Nekfeu, Damso",pop urbaine,Hip Hop,Les étoiles vagabondes,2019-06-06,5ZwRTJD1bTACtIuW5Iibnu,5543306,"4LXBc13z5EWsc5N32bLxfH, 2UwqpfQtNuhBwviIC0f2ie"
Hold The Line (feat. A R I Z O N A),"Avicii, A R I Z O N A","edm, ",Electronic,TIM,2019-06-06,6EBlOYNcZ8MrdEov9lEdV6,3226360,"1vCWHaC5f2uS3yhpwWbIA6, 7hOGhpa8RMSuDOWntGIAJt"
Heart Upon My Sleeve (feat. Imagine Dragons),"Avicii, Imagine Dragons","edm, ",Electronic,TIM,2019-06-06,6kXNnS7JJz0nAv4XEwEmQJ,3925187,"1vCWHaC5f2uS3yhpwWbIA6, 53XhwfbYqKCa1cC15pYq2q"
I Believe,Jonas Brothers,,,Happiness Begins,2019-06-07,1vYh9x8UmFTLbXiizk9Qc5,2566864,7gOdHgIoIKoe4i9Tta6qdD
Bad Reputation (feat. Joe Janiak),"Avicii, Joe Janiak","edm, tropical house",Electronic,TIM,2019-06-06,0HZgYFimoJG9Ijy8InUWcV,3194944,"1vCWHaC5f2uS3yhpwWbIA6, 142TY556WknD1ZRV8XilJQ"
Government Official,Future,rap,Hip Hop,SAVE ME,2019-06-07,2QEnZJ8FwpBoyLKcFcgceT,2471438,1RyvyyTE3xzB2ZywiAwp0i
Freak (feat. Bonn),"Avicii, Bonn","edm, ",Electronic,TIM,2019-06-06,6NVjujGb9fnl25fjzm5dTy,1660808,"1vCWHaC5f2uS3yhpwWbIA6, 7Io0XduXk7aOHFHA7sLru2"
Ain't A Thing (feat. Bonn),"Avicii, Bonn","edm, ",Electronic,TIM,2019-06-06,3MhNgzZwFtUF6jSr6pRSkW,977771,"1vCWHaC5f2uS3yhpwWbIA6, 7Io0XduXk7aOHFHA7sLru2"
Used To Be,Jonas Brothers,,,Happiness Begins,2019-06-07,2n6red10oCd6YhlEUp6jXy,967592,7gOdHgIoIKoe4i9Tta6qdD
Mad Love,Mabel,,,High Expectations,2019-08-02,0bfWT3AgM7ZTuqesJvRP6H,106004659,1MIVXf74SZHmTIp4V4paH4
Cheum,Nekfeu,,,Les étoiles vagabondes,2019-06-06,3eG36tERWexe2lm75Ea3Y8,928881,4LXBc13z5EWsc5N32bLxfH
Les étoiles vagabondes,Nekfeu,,,Les étoiles vagabondes,2019-06-06,1FN3Bo2tGTBxvEb5b83vFV,917471,4LXBc13z5EWsc5N32bLxfH
Every Single Time,Jonas Brothers,,,Happiness Begins,2019-06-07,76F54HHrw84yqAYqrAJkbr,903223,7gOdHgIoIKoe4i9Tta6qdD
Love Her,Jonas Brothers,,,Happiness Begins,2019-06-07,2hgk8iKN9UdoM4ILlJ9F5N,886348,7gOdHgIoIKoe4i9Tta6qdD
Rollercoaster,Jonas Brothers,,,Happiness Begins,2019-06-07,7dxKdQC9Vo1hDxIUnt1z0Q,873040,7gOdHgIoIKoe4i9Tta6qdD
Don't Throw it Away,Jonas Brothers,,,Happiness Begins,2019-06-07,24eP9hGnGR6RCQvllQVkCm,862750,7gOdHgIoIKoe4i9Tta6qdD
Fades Away (feat. Noonie Bao),"Avicii, Noonie Bao","edm, ",Electronic,TIM,2019-06-06,6aPDvttLmezuUlv60ExTH9,841061,"1vCWHaC5f2uS3yhpwWbIA6, 1vIuPjtFhqIPE2n9W2ePgO"
Alunissons,Nekfeu,,,Les étoiles vagabondes,2019-06-06,48MQ3gJuiksM6zyLPRTFKj,836561,4LXBc13z5EWsc5N32bLxfH
XanaX Damage,Future,rap,Hip Hop,SAVE ME,2019-06-07,3tZ4zv4UuenjJGSNUMfBNG,832656,1RyvyyTE3xzB2ZywiAwp0i
All Around The World (La La La),"R3HAB, A Touch Of Class","slap house, edm, europop, eurodance","Electronic, Pop",All Around The World (La La La),2019-04-05,02itaCXOdC54J0ISjqqFAp,105576121,"6cEuCEZu7PAE9ZSzLLc2oQ, 5wTdspmxzb8V4ZjvDodpBo"
Never Leave Me (feat. Joe Janiak),"Avicii, Joe Janiak","edm, tropical house",Electronic,TIM,2019-06-06,7zGEU6BXl2c4TxpzIAr7BI,820031,"1vCWHaC5f2uS3yhpwWbIA6, 142TY556WknD1ZRV8XilJQ"
Te Soñé De Nuevo,Ozuna,"reggaeton, latin, trap latino, urbano latino",Latin,Te Soñé De Nuevo,2019-06-06,5s8LepdwU0THzpd0M7nLsa,51390232,1i8SpTcr7yvPOmcqrbnVXY
I Think I'm OKAY (with YUNGBLUD & Travis Barker),"mgk, YUNGBLUD, Travis Barker",rap rock,Rock,Hotel Diablo,2019-07-05,2gTdDMpNxIRFSiu7HutMCg,42177705,"6TIYQ3jFPwQSRmorSezPxX, 6Ad91Jof8Niiw0lGLLi3NW, 4exLIFE8sISLr28sqG1qNX"
Excuse Me Mr Sir (feat. Vargas & Lagola),"Avicii, Vargas & Lagola","edm, ",Electronic,TIM,2019-06-06,5dVUSdsePmEKkq4ryfrobU,814061,"1vCWHaC5f2uS3yhpwWbIA6, 2fVW2ix4ANKiofDZIsy1XR"
Hesitate,Jonas Brothers,,,Happiness Begins,2019-06-07,7fiFJADUcHwTdYLmnZeLAy,810407,7gOdHgIoIKoe4i9Tta6qdD
Takotsubo,Nekfeu,,,Les étoiles vagabondes,2019-06-06,2SlzpQnpdEetONMktRWUKS,804253,4LXBc13z5EWsc5N32bLxfH
Dans l'univers,"Nekfeu, Vanessa Paradis","variété française, chanson, french pop, french house","Easy listening, Electronic, Pop",Les étoiles vagabondes,2019-06-06,3OmMEncU5Z8hZJVKwAMZpk,801164,"4LXBc13z5EWsc5N32bLxfH, 1FmxE030Xe2H8Bn9bdv6Pd"
Elle pleut,"Nekfeu, Nemir",,,Les étoiles vagabondes,2019-06-06,31ljIjVJOgopnyNposqPhm,798518,"4LXBc13z5EWsc5N32bLxfH, 5f6nz3iqzrfiUfKOIKvLvd"
Irina Shayk,Ufo361,"german hip hop, turkish hip hop",Hip Hop,Irina Shayk,2019-06-07,4Sokm1cWK36H2WctWWRGf1,785727,5pVRwX5ZQR7hfJ18w8ZYkl
Menteur menteur,Nekfeu,,,Les étoiles vagabondes,2019-06-06,5BX0UF54txMgYG73sVNeJJ,778252,4LXBc13z5EWsc5N32bLxfH
Voyage léger,Nekfeu,,,Les étoiles vagabondes,2019-06-06,0sSvwmaVvkcIARs3uaLmlj,774927,4LXBc13z5EWsc5N32bLxfH
Happy When I'm Sad,Jonas Brothers,,,Happiness Begins,2019-06-07,6DibqiBTKMob2SjBwKqRfS,770528,7gOdHgIoIKoe4i9Tta6qdD
Strangers,Jonas Brothers,,,Happiness Begins,2019-06-07,5md87aD3pGXRghKUbZdyh8,759149,7gOdHgIoIKoe4i9Tta6qdD
NENENE,Fero47,german hip hop,Hip Hop,NENENE,2019-06-07,5AiqL0ezAAauDuVK5EJvXU,753790,4A7HeXSd4HtQuf6IR5XZ1b
Please Tell Me,Future,rap,Hip Hop,SAVE ME,2019-06-07,4ANFPo7dzs2DdPuONXC9bp,745157,1RyvyyTE3xzB2ZywiAwp0i
Trust,Jonas Brothers,,,Happiness Begins,2019-06-07,5MoU7TaAvgBa8W0XVwXAd7,744921,7gOdHgIoIKoe4i9Tta6qdD
Comeback,Jonas Brothers,,,Happiness Begins,2019-06-07,064tgRK6FYBwikCdxaHFV1,742973,7gOdHgIoIKoe4i9Tta6qdD
No Guidance (feat. Drake),"Chris Brown, Drake","r&b, rap, hip hop","Hip Hop, R&B",Indigo,2019-06-28,6XHVuErjQ4XNm6nDPVCxVX,326286546,"7bXgB6jMjp9ATFy66eO08Z, 3TVXtAsR1Inumwj472S9r4"
Maghreb Gang (feat. French Montana & Khaled),"Farid Bang, French Montana, Khaled","german hip hop, raï, gnawa","Hip Hop, Traditional music",Maghreb Gang (feat. French Montana & Khaled),2019-06-07,1IBUPdwV9TvaipSODdt8QY,8319805,"2JwyRtuXf2l6sTnSnGVIa1, 6vXTefBL93Dj5IqAWq6OTv, 28ztjHIXceRRntmTUfnmUX"
Speechless (Full),Naomi Scott,,,Aladdin (Original Motion Picture Soundtrack),2019-05-22,0XPsOSYzDJZJArevQNm2AR,9537535,2Zi3RrdQqk63Xj0914STkS
"Down Bad (feat. JID, Bas, J. Cole, EARTHGANG & Young Nudy)","Dreamville, JID, Bas, J. Cole, EARTHGANG, Young Nudy","rap, ",Hip Hop,Revenge Of The Dreamers III,2019-07-05,36J0iaPDGbYGsHvYpaYs3k,12526376,"1iNqsUDUraNWrj00bqssQG, 6U3ybJ9UHNKEdsH7ktGBZ7, 70gP6Ry4Uo0Yx6uzPIdaiJ, 6l3HvQ5sa6mXTsMTB19rO5, 5MbNzCW3qokGyoo9giHA3V, 5yPzzu25VzEk8qrGTLIrE1"
when the party's over - Recorded at Spotify Studios NYC,Lewis Capaldi,soft pop,Pop,Spotify Singles,2019-06-12,6H7fWtwEUHVfTyZD7zeG4w,6156010,4GNC7GD6oZMSxPGyXy4MNB
You Need To Calm Down,Taylor Swift,,,Lover,2019-08-23,6RRNNciQGZEXnqk8SQ9yv5,283117549,06HL4z0CvFAxyc27GXpf02
Loco Contigo (feat. J. Balvin & Tyga),"DJ Snake, J Balvin, Tyga","reggaeton, latin, ",Latin,Carte Blanche,2019-07-25,6osaMSJh9NguagEDQcZaKx,384575662,"540vIaP2JwjQb9dm3aArA4, 1vyhD5VmyZ7KMfW5gqLgo5, 5LHRHt1k9lMyONurDHEdrp"
Sanctuary,Joji,,,Nectar,2020-09-24,5F1ZmucV0uJY14y2dYKePa,32445140,3MZsBdqDrRTJihTHQrO6Dq
A Brand New Day (BTS World Original Soundtrack) [Pt. 2],"BTS, Zara Larsson","k-pop, ",Pop,A Brand New Day (BTS World Original Soundtrack) [Pt. 2],2019-06-14,5XkyZyKMdFungjDb9cUKc3,4383131,"3Nrfpe0tUJi4K4DXYWgMUX, 1Xylc3o4UrD53lo9CvFvVg"
Olabilir,MERO,"german hip hop, turkish hip hop",Hip Hop,Olabilir,2019-06-14,5b195aHKKd6oTr4f7DoRCo,16386031,5wyWp867LWGjFmYZXVSFnZ
Royal Rumble,"Kalazh44, Capital Bra, Samra, Nimo, Luciano",german hip hop,Hip Hop,Royal Rumble,2019-06-14,4Rif4wqdvzy84dhP1apC4Y,7283129,"5sRQkVexJlax2iISuqL8cV, 4WZGDpNwrC0vNQyl9QzF7d, 6h1s4i4XKIYv4ErDelLDN0, 3ZuBEj9ppJe8GSdKaMTfMN, 3CJKkU0XuElRT1z8rEtIYg"
Focus (feat. 21 Savage),"Bazzi, 21 Savage",,,Focus (feat. 21 Savage),2019-06-13,12iDo4Kdw9vA2X1lN3UTVu,20884227,"4GvEc3ANtPPjt1ZJllr5Zl, 1URnnhqYAYcrqrcwql10ft"
Bounce Back,Little Mix,,,Bounce Back,2019-06-14,5KPKjcE2trO2hBWRzkb2Mo,3621985,3e7awlrlDSwF3iM0WBjGMp
Sad Song (feat. TINI),"Alesso, TINI","edm, latin pop","Electronic, Pop",Sad Song (feat. TINI),2019-06-14,2JoIjuzRplpYGvvLpSW2on,2832581,"4AVFqumd2ogHFlRbKIjp1t, 7vXDAI8JwjW531ouMGbfcp"
Diamonds (feat. Capital Bra),"Summer Cem, Capital Bra",german hip hop,Hip Hop,Diamonds (feat. Capital Bra),2019-06-14,2QpxC2yag7Ec7Ut1dovXKb,10008216,"3drqpTL4sQOckmAfF9i1wg, 4WZGDpNwrC0vNQyl9QzF7d"
Faz Gostoso (feat. Anitta),"Madonna, Anitta","brazilian pop, funk pop, funk carioca, funk, pagode baiano","Pop, R&B, Hip Hop, Latin",Madame X (Deluxe),2019-06-14,2SC14LGDbRWRlyLg9Wupa0,746253,"6tbjWDEIzxoDsBA1FuhfPW, 7FNnA9vBm6EKceENgCGRMb"
It's You,Ali Gatie,,,YOU,2019-11-08,5DqdesEfbRyOlSS3Tf6c29,298608305,4rTv3Ejc7hKMtmoBOK1B4T
Blank Space,Taylor Swift,,,1989 (Deluxe),2014-01-01,1u8c2t2Cy7UBoG4ArRcF5g,1364359,06HL4z0CvFAxyc27GXpf02
Delicate,Taylor Swift,,,reputation (Big Machine Radio Release Special),2017-11-10,5sOch9Cf4uxcMtwFzMtNqQ,715869,06HL4z0CvFAxyc27GXpf02
Let You Know,"Flume, London Grammar","future bass, ",Electronic,Let You Know,2019-06-14,7p0tz5SeCrSxTLSvwR8W3D,710420,"6nxWCVXbOlEVRexSbLsTer, 3Bd1cgCjtCI32PYvDC3ynO"
Another Place,Bastille,,,Doom Days,2019-06-14,4ENLZqdPMDub5us6YLSAKa,697663,7EQ0qTo7fWT7DPxmxtSYEc
Estamos Arriba,"Bad Bunny, Myke Towers","reggaeton, trap latino, latin, urbano latino",Latin,Estamos Arriba,2019-06-14,0bCPJsVGDxPYwQMDZMi4NW,685308,"4q3ewBCX7sLwd24euuV69X, 7iK8PXO48WeuP03g8YR51W"
Money In The Grave (Drake ft. Rick Ross),"Drake, Rick Ross","rap, hip hop, southern hip hop",Hip Hop,The Best In The World Pack,2019-06-15,5ry2OE6R2zPQFDO85XkgRb,361263328,"3TVXtAsR1Inumwj472S9r4, 1sBkRIssrMs1AbVkOJbc7a"
Omertà,Drake,"rap, hip hop",Hip Hop,The Best In The World Pack,2019-06-15,3kCwyvhvVTyehIzYN2I0nF,8877352,3TVXtAsR1Inumwj472S9r4
The Git Up,Blanco Brown,"country hip hop, country","Country, Hip Hop",Honeysuckle & Lightning Bugs,2019-10-10,2KKijf6Ett4kmVNJze2roh,102067400,3yzRiNMZdTsSUgplcyYZ4i
On A Roll,Ashley O,,,On A Roll,2019-06-14,56JyMaElW79S7TDWh1Zw1m,48239884,14scxEoUN7Dcx1m4EQ7oHe
Panini,Lil Nas X,,,Panini,2019-09-13,1000nHvUdawXuUHgBod4Wv,352051770,7jVv8c5Fj3E9VhNjxT4snq
Señorita,"Shawn Mendes, Camila Cabello",pop,Pop,Shawn Mendes (Deluxe),2019-06-19,6v3KW9xbzN5yKLt9YKDYA2,1070267706,"7n2wHs1TKAczGzO7Dd2rGr, 4nDoRrQiYLoBzwC5BhVJzF"
Tilidin,"Capital Bra, Samra",german hip hop,Hip Hop,Tilidin,2019-06-20,1VEMUkGFio5uURvN8x1DZJ,28903609,"4WZGDpNwrC0vNQyl9QzF7d, 6h1s4i4XKIYv4ErDelLDN0"
One Thing Right,"Marshmello, Kane Brown","edm, country, pop country","Country, Electronic",One Thing Right,2019-06-21,4hPpVbbakQNv8YTHYaOJP4,181600204,"64KEffDW9EtZ1y2vBYgq8T, 3oSJ7TBVCWMDMiYjXNiCKE"
Rodeo,"Lil Nas X, Cardi B",,,7,2019-06-21,4ak7xjvBeBOcJGWFDX9w5n,77500479,"7jVv8c5Fj3E9VhNjxT4snq, 4kYSro6naA4h99UJvo89HB"
MEGATRON,Nicki Minaj,,,MEGATRON,2019-06-21,1ZDmxwg7Lywlx68b7SsJjj,16044099,0hCNtLu0JehylgoiP8L4Gh
That's Life (feat. Mac Miller & Sia),"88-Keys, Mac Miller, Sia","alternative hip hop, ",Hip Hop,That's Life (feat. Mac Miller & Sia),2019-06-20,5h0Jgt873QtgL6nJRBGfT6,1957360,"6RedK3o51NbUJuJxXlT4kj, 4LLpKhyESsyAXpc4laK94U, 5WUlDfRSoLAfcVSX1WnrxN"
Runaway,"Sebastian Yatra, Daddy Yankee, NATTI NATASHA, Jonas Brothers","colombian pop, reggaeton, latin, urbano latino, bachata, ","Latin, Pop",Runaway,2019-06-21,7BuSE9uTIw931wtZYzvZcQ,103747537,"07YUOmWljBTXwIseAUd9TW, 4VMYDCV2IEDYJArk749S6m, 1GDbiv3spRmZ1XdM1jQbT7, 7gOdHgIoIKoe4i9Tta6qdD"
All Night (BTS World Original Soundtrack) [Pt. 3],"BTS, Juice WRLD","k-pop, melodic rap, emo rap","Hip Hop, Pop",All Night (BTS World Original Soundtrack) [Pt. 3],2019-06-21,70sKIAQgaVN2zWEEyOpyMZ,1921011,"3Nrfpe0tUJi4K4DXYWgMUX, 4MCBfE4596Uoi2O4DtmEMz"
weR mAChT PaRA 2,"Dardan, Eno",german hip hop,Hip Hop,weR mAChT PaRA 2,2019-06-21,2nvmHDiEWXRzS6FUDzUhVL,3049950,"3pjq2pDV9RR6VY55wBjVnp, 3GBBxBdoolb0B5YizZq9bF"
EFH,Shindy,german hip hop,Hip Hop,EFH,2019-06-21,1fsaruaCPeyVquN9iQLHzX,1648506,5j21TGkrNEAJe3gG9VlS34
F9mily (You & Me),"Lil Nas X, Travis Barker",rap rock,Rock,7,2019-06-21,1ABQT5SxlUTNapSbSzblGx,951630,"7jVv8c5Fj3E9VhNjxT4snq, 4exLIFE8sISLr28sqG1qNX"
All the Time,Zara Larsson,,,All the Time,2019-06-21,3OTSBoYKO7HzGVj8Bu2OH9,4180245,1Xylc3o4UrD53lo9CvFvVg
Kick It,Lil Nas X,,,7,2019-06-21,3qIV7Rnj3ZxLs2JcLPUbFV,788676,7jVv8c5Fj3E9VhNjxT4snq
Lalala,"Y2K, bbno$",meme rap,Hip Hop,Lalala,2019-06-28,51Fjme0JiitpyXKuyQiCDo,406857505,"6USMTwO0MNDnKte5a5h0xx, 41X1TR6hrK8Q2ZCpp2EqCz"
Bring U Down,Lil Nas X,,,7,2019-06-21,3fsH9s00dbn9mSgUu7Yi9D,739886,7jVv8c5Fj3E9VhNjxT4snq
Tú No Amas,"Mambo Kingz, DJ Luian, Anuel AA, KAROL G, Arcángel","reggaeton, trap latino, urbano latino, latin",Latin,Tú No Amas,2019-06-19,5J64qSSq0VZuh0CiI9o9Nq,3269652,"2T1aUibqR2QC2sINIDQOAK, 64aJYyrXljOodnUG6jvhRD, 2R21vXR83lH98kGeO99Y66, 790FomKkXshlbRYZFtlgla, 4SsVbpTthjScTS7U2hmr1X"
Out The Mud,"Lil Baby, Future",rap,Hip Hop,Out The Mud,2019-06-21,2wZjsbwmWfNVslgV5afl1L,3858373,"5f7VJjfbwm532GiveGC0ZK, 1RyvyyTE3xzB2ZywiAwp0i"
C7osure (You Like),Lil Nas X,,,7,2019-06-21,4no0eHn4fEB7tN1yZSXMma,9188061,7jVv8c5Fj3E9VhNjxT4snq
Make It Hot,"Major Lazer, Anitta","moombahton, brazilian pop, funk pop, funk carioca, funk, pagode baiano","Pop, R&B, Hip Hop, Electronic, Latin",Make It Hot,2019-06-19,0QopfywHKJZH8bnt8Cj9qr,683935,"738wLrAtLtCtFOLvQBXOXp, 7FNnA9vBm6EKceENgCGRMb"
Post Malone (feat. RANI),"Sam Feldt, RANI","tropical house, ",Electronic,Post Malone (feat. RANI) [Joe Stone Remix],2019-08-16,36orMWv2PgvnzXsd5CJ0yL,166479583,"20gsENnposVs2I4rQ5kvrf, 3SYnDj7btg9gFY7ps8m5d5"
Don't Check On Me (feat. Justin Bieber & Ink),"Chris Brown, Justin Bieber, Ink","r&b, ",R&B,Indigo,2019-06-28,7ILEWkpfdK6AjH2D7jppWk,49981364,"7bXgB6jMjp9ATFy66eO08Z, 1uNFoZAHBGtllmzznpCI3s, 4ZhFCxPekpmV12n2xMeF2z"
Cambio,"Ozuna, Anuel AA","reggaeton, latin, trap latino, urbano latino",Latin,Cambio,2019-06-25,3cg9A9GVyZAT2CPevqWr65,5606572,"1i8SpTcr7yvPOmcqrbnVXY, 2R21vXR83lH98kGeO99Y66"
Beautiful People (feat. Khalid),"Ed Sheeran, Khalid","soft pop, ",Pop,No.6 Collaborations Project,2019-07-12,70eFcWOvlMObDhURTqT4Fv,561440458,"6eUKZXaKkcviH0Ku9w2n3V, 6LuN9FCkKOj5PcnpouEgny"
QUE PRETENDES,"J Balvin, Bad Bunny","reggaeton, latin, trap latino, urbano latino",Latin,OASIS,2019-06-28,25ZAibhr3bdlMCLmubZDVt,243022680,"1vyhD5VmyZ7KMfW5gqLgo5, 4q3ewBCX7sLwd24euuV69X"
LA CANCIÓN,"J Balvin, Bad Bunny","reggaeton, latin, trap latino, urbano latino",Latin,OASIS,2019-06-28,0fea68AdmYNygeTGI4RC18,350601983,"1vyhD5VmyZ7KMfW5gqLgo5, 4q3ewBCX7sLwd24euuV69X"
Higher Love,"Kygo, Whitney Houston","tropical house, ",Electronic,Golden Hour,2020-05-29,1kKYjjfNYxE0YYgLa7vgVY,244663742,"23fqKkggKUBHNkbKtXEls4, 6XpaIBNiVzIetEPCWDvAFP"
MOJAITA,"J Balvin, Bad Bunny","reggaeton, latin, trap latino, urbano latino",Latin,OASIS,2019-06-28,71pEiUWwfDFiRO6RmFpnBf,10916176,"1vyhD5VmyZ7KMfW5gqLgo5, 4q3ewBCX7sLwd24euuV69X"
YO LE LLEGO,"J Balvin, Bad Bunny","reggaeton, latin, trap latino, urbano latino",Latin,OASIS,2019-06-28,0uIfrUwwg0Z7KTitul7E3T,5624975,"1vyhD5VmyZ7KMfW5gqLgo5, 4q3ewBCX7sLwd24euuV69X"
UN PESO,"J Balvin, Bad Bunny, Marciano Cantero","reggaeton, latin, trap latino, urbano latino, rock en español, symphonic rock, mexican rock, latin rock","Latin, Rock",OASIS,2019-06-28,7hynhxDoDpgMIV12JuVtNa,8117628,"1vyhD5VmyZ7KMfW5gqLgo5, 4q3ewBCX7sLwd24euuV69X, 5QzDzXfXC5lepOBeQXBiVO"
CUIDAO POR AHÍ,"J Balvin, Bad Bunny","reggaeton, latin, trap latino, urbano latino",Latin,OASIS,2019-06-28,6SYSu569pfYdkDT9A5lZqi,3511856,"1vyhD5VmyZ7KMfW5gqLgo5, 4q3ewBCX7sLwd24euuV69X"
ODIO,"J Balvin, Bad Bunny","reggaeton, latin, trap latino, urbano latino",Latin,OASIS,2019-06-28,7alOsNr36sJ8CyOEP4aILq,4192699,"1vyhD5VmyZ7KMfW5gqLgo5, 4q3ewBCX7sLwd24euuV69X"
Hate Me (with Juice WRLD),"Ellie Goulding, Juice WRLD","melodic rap, emo rap",Hip Hop,Hate Me (with Juice WRLD),2019-06-26,6kls8cSlUyHW2BUOkDJIZE,145347250,"0X2BH1fck6amBIoJhDVmmJ, 4MCBfE4596Uoi2O4DtmEMz"
COMO UN BEBÉ,"J Balvin, Bad Bunny, Mr Eazi","reggaeton, latin, trap latino, urbano latino, afrobeats, afrobeat, afropop, azonto, afroswing, hiplife, dancehall","Traditional music, R&B, Pop, Latin",OASIS,2019-06-28,7knLcYCOSaURD0d7HUULFM,4122190,"1vyhD5VmyZ7KMfW5gqLgo5, 4q3ewBCX7sLwd24euuV69X, 4TAoP0f9OuWZUesao43xUW"
ON OFF (feat. Maître Gims),"Shirin David, GIMS","german hip hop, german pop, french pop, pop urbaine","Pop, Hip Hop",ON OFF (feat. Maître Gims),2019-06-27,554Ip3S1rbeES9TNWXGoK1,7388760,"0JBdTCGs111JKKYfLqOEBa, 0GOx72r5AAEKRGQFn3xqXK"
Shot,"Ufo361, Data Luv","german hip hop, turkish hip hop",Hip Hop,Shot,2019-06-28,7yosVOH7pRWrKANBDbsBqI,6042291,"5pVRwX5ZQR7hfJ18w8ZYkl, 2gtmbs0Uas9TBSMqkA4zjE"
When I Grow Up,NF,christian hip hop,Hip Hop,The Search,2019-07-26,5rLyYxZNzca00ENADO9m54,6372820,6fOMl44jA4Sp5b9PpYCkzz
LOVE AGAIN,"Daniel Caesar, Brandy",r&b,R&B,CASE STUDY 01,2019-06-28,2fhePAlCSsJplwkjqMYpVm,876859,"20wkVLutqVOYrc0kxFs7rA, 05oH07COxkXKIMt6mIPRee"
Heartbeat (BTS World Original Soundtrack),BTS,k-pop,Pop,BTS WORLD (Original Soundtrack),2019-06-28,5EgYDyMDCi8X0zDydTF7Rb,4251361,3Nrfpe0tUJi4K4DXYWgMUX
Im Plus,Luciano,german hip hop,Hip Hop,Im Plus,2019-06-27,4HzB8cumQgivTBscS2b487,788694,3CJKkU0XuElRT1z8rEtIYg
SUPERPOSITION,"Daniel Caesar, John Mayer",singer-songwriter,Folk/Acoustic,CASE STUDY 01,2019-06-28,45PxuJqJBnPXZKLxoo9Apj,756271,"20wkVLutqVOYrc0kxFs7rA, 0hEurMDQu99nJRq8pTxO14"
Si Supieras,"Daddy Yankee, Wisin & Yandel","reggaeton, latin, urbano latino",Latin,Si Supieras,2019-06-28,7MRU4vOkywuhZ9kbFiPuiu,74742943,"4VMYDCV2IEDYJArk749S6m, 1wZtkThiXbVNtj6hee6dz9"
"Baguettes in the Face (feat. NAV, Playboi Carti & A Boogie Wit da Hoodie)","Mustard, NAV, Playboi Carti, A Boogie Wit da Hoodie","melodic rap, rage rap",Hip Hop,Perfect Ten,2019-06-28,2zjGJ0dChMR0KxBZS15aqo,74977643,"0YinUQ50QDB7ZxSCLyQ40k, 7rkW85dBwwrJtlHRDkJDAC, 699OTQXzgjhIYAHMy9RyPD, 31W5EY0aAly4Qieq6OFu6I"
Evoluiu,"MC Kevin o Chris, Sodré","funk, funk carioca, brazilian funk, brega funk","Hip Hop, Pop, R&B",Evoluiu,2019-03-15,0WhDotK0QXigmsrlw0DxKK,1270100,"2UMj7NCbuqy1yUZmiSYGjJ, 07qgzS86XBNsyrY6MAVDAc"
Lençol Dobrado,"João Gustavo e Murilo, Analaga","sertanejo, sertanejo universitário",Latin,Espelho no Teto,2018-12-21,5pRGXCDY0eT6R1QicAn7Uk,3087421,"6xerOqBLmelL3xZNZkVbGl, 4LTPxLxjiT5pzYd5WZAR3v"
Party In The U.S.A.,Miley Cyrus,,,The Time Of Our Lives (International Version),2009-01-01,3E7dfMvvCLUddWissuqMwr,1657187,5YGY8feqx7naU7z4HrwZM6
Sweet Home Alabama,Lynyrd Skynyrd,"southern rock, classic rock, rock",Rock,Second Helping (Expanded Edition),1974-04-15,7e89621JPkKaeDSTQ3avtg,702508,4MVyzYMgTwdP7Z49wAZHx0
Good as Hell,Lizzo,,,Good as Hell,2016-03-09,3Yh9lZcWyKrK9GjbhuS0hR,146659717,56oDRnqbIiwx4mymNEv7dS
Goodbyes (feat. Young Thug),"Post Malone, Young Thug","rap, melodic rap, trap",Hip Hop,Hollywood's Bleeding,2019-09-06,0t3ZvGKlmYmVsDzBJAXK8C,501130662,"246dkjvS1zLTtiykXe5h60, 50co4Is1HCEo8bhOyUWKpn"
Best Part of Me (feat. YEBBA),"Ed Sheeran, Yebba","soft pop, ",Pop,No.6 Collaborations Project,2019-07-12,0VsGaRXR5WAzpu51unJTis,38989311,"6eUKZXaKkcviH0Ku9w2n3V, 1ooV8YZC1KbpEcrmI8WH0F"
Under The Sun (with J. Cole & Lute feat. DaBaby),"Dreamville, J. Cole, Lute, DaBaby","rap, ",Hip Hop,Revenge Of The Dreamers III,2019-07-05,6MF4tRr5lU8qok8IKaFOBE,10031440,"1iNqsUDUraNWrj00bqssQG, 6l3HvQ5sa6mXTsMTB19rO5, 75WcpJKWXBV3o3cfluWapK, 4r63FhuTkUYltbVAg5TQnk"
HO PAURA DI USCIRE 2 - prod. Mace,"MACHETE, Salmo, Lazza",italian trap,Hip Hop,MACHETE MIXTAPE 4,2019-07-05,0nFCpnM7nistUWXRZpzOWM,4928769,"7Do8se3ZoaVqUt3woqqSrD, 3hBQ4zniNdQf1cqqo6hzuW, 0jdNdfi4vAuVi7a6cPDFBM"
BLOW (with Chris Stapleton & Bruno Mars),"Ed Sheeran, Chris Stapleton, Bruno Mars","soft pop, country, ","Country, Pop",No.6 Collaborations Project,2019-07-12,7hvO2qCwJVZxiyoA7c9i5d,18200074,"6eUKZXaKkcviH0Ku9w2n3V, 4YLtscXsxbVgi031ovDDdh, 0du5cEVh5yTK9QJze8zA0C"
"Costa Rica (with Bas & JID feat. Guapdad 4000, Reese LAFLARE, Jace, Mez, Smokepurpp, Buddy & Ski Mask The Slump God)","Dreamville, Bas, JID, Guapdad 4000, Reese LAFLARE, Jace, Mez, Smokepurpp, Buddy, Ski Mask The Slump God",,,Revenge Of The Dreamers III,2019-07-05,5WnfnSpuNEGXyEt78PBA6d,4727860,"1iNqsUDUraNWrj00bqssQG, 70gP6Ry4Uo0Yx6uzPIdaiJ, 6U3ybJ9UHNKEdsH7ktGBZ7, 0NcPKaSNIHAM2RfioH9vMT, 07V3atNq2TyPNDYmzp6Dyy, 0vaKiuLwFJLVU664A8GTjE, 30C5wgn4celhRP3Tytv7R6, 21dooacK2WGBB5amYvKyfM, 6PDLwWvgYNMfBRLqC1h5cJ, 2rhFzFmezpnW82MNqEKVry"
YOSHI (feat. Fabri Fibra) - prod. Strage,"MACHETE, Dani Faiv, thasup, Fabri Fibra",italian trap,Hip Hop,MACHETE MIXTAPE 4,2019-07-05,3Hh0ZcGIqIkSiJVZGLcVLx,11854781,"7Do8se3ZoaVqUt3woqqSrD, 0ffKEtMDnROKWyJtXUnLbJ, 19i93sA0D7yS9dYoVNBqAA, 7u710e44HW3K7A5eTnRqHC"
Instagram,"Dimitri Vegas & Like Mike, David Guetta, Daddy Yankee, Afro Bros, NATTI NATASHA, Dimitri Vegas, Like Mike","big room, electronica, edm, electro, dance, reggaeton, latin, moombahton, dancehall, urbano latino, bachata, ","Latin, Electronic, Traditional music, Hip Hop",Instagram,2019-07-05,0U6bQIAh6MCGo1xjbIIx2S,102232830,"73jBynjsVtofjRpdpRAJGk, 1Cs0zKBU1kc0i8ypK3B9ai, 4VMYDCV2IEDYJArk749S6m, 3wtMPMvPtiFylbnNXF6CAj, 1GDbiv3spRmZ1XdM1jQbT7, 2HkAI0YrEcgoR8QdaURqhO, 4pwXiI7Z5ZStkgKowZyoKi"
STAR WARS - prod. Young Miles - Crookers x Nic Sarno,"MACHETE, Fabri Fibra, Massimo Pericolo",italian trap,Hip Hop,MACHETE MIXTAPE 4,2019-07-05,2umL0eO9N7iNxDay6i2rVi,2252299,"7Do8se3ZoaVqUt3woqqSrD, 7u710e44HW3K7A5eTnRqHC, 1El4YQA8oCXX7ynFSxRTFq"
MARYLEAN (feat. Marracash) - prod. Low Kidd,"MACHETE, Salmo, Nitro, Marracash",italian trap,Hip Hop,MACHETE MIXTAPE 4,2019-07-05,28fRkU3vhqAJdl9i9458pQ,3661786,"7Do8se3ZoaVqUt3woqqSrD, 3hBQ4zniNdQf1cqqo6hzuW, 6jQZzWW3JlEtcRDSzFVKSP, 5AZuEF0feCXMkUCwQiQlW7"
MAMMASTOMALE (feat. Salmo) - prod. Dade,"MACHETE, Gemitaiz, Izi, Salmo",italian trap,Hip Hop,MACHETE MIXTAPE 4,2019-07-05,5nFX29WZIulql4m4ic0KRw,922287,"7Do8se3ZoaVqUt3woqqSrD, 4upwdFMlZBmQ68jP9jPzjK, 6289Bbkkk3gaCbh1K7Rv8F, 3hBQ4zniNdQf1cqqo6hzuW"
Jetzt rufst du an,Loredana,german hip hop,Hip Hop,Jetzt rufst du an,2019-07-05,5opjywL6TBjJRF22TcFDMo,8846786,2Im8m4STDBosjfmb5hmP80
LamboTruck (with Cozz feat. REASON & Childish Major),"Dreamville, Cozz, REASON, Childish Major",,,Revenge Of The Dreamers III,2019-07-05,1OS9fNE87zO4Z696lBXriv,895773,"1iNqsUDUraNWrj00bqssQG, 5oFkj1qSlyBUmV5d6Edgtq, 6XpXnnKHIhCOUbOLOJGe6o, 4bMNzAopkqYTwkBLwMKsF1"
Milionària,ROSALÍA,latin,Latin,Fucking Money Man,2019-07-03,2K3bjojp1sCLdMMoO5lJ2p,4129988,7ltDVBr6mKbRvohxheJ9h1
NO WAY (feat. Nitro) - prod. Low Kidd,"MACHETE, Tedua, thasup, Nitro",italian trap,Hip Hop,MACHETE MIXTAPE 4,2019-07-05,2gUn6S1SuuXK0BvypPKnir,840870,"7Do8se3ZoaVqUt3woqqSrD, 1AgAVqo74e2q4FVvg0xpT7, 19i93sA0D7yS9dYoVNBqAA, 6jQZzWW3JlEtcRDSzFVKSP"
Wells Fargo (with JID & EARTHGANG feat. Buddy & Guapdad 4000) - Interlude,"Dreamville, JID, EARTHGANG, Buddy, Guapdad 4000",,,Revenge Of The Dreamers III,2019-07-05,2gtFMLjQpCTGekMi4oXZxN,1465237,"1iNqsUDUraNWrj00bqssQG, 6U3ybJ9UHNKEdsH7ktGBZ7, 5MbNzCW3qokGyoo9giHA3V, 6PDLwWvgYNMfBRLqC1h5cJ, 0NcPKaSNIHAM2RfioH9vMT"
BUD SPENCER - prod. Dade - Low Kidd - Salmo,"MACHETE, Salmo, Lazza",italian trap,Hip Hop,MACHETE MIXTAPE 4,2019-07-05,46HYFOcfvg2W8a8FccaRvO,811946,"7Do8se3ZoaVqUt3woqqSrD, 3hBQ4zniNdQf1cqqo6hzuW, 0jdNdfi4vAuVi7a6cPDFBM"
Proud,Marshmello,edm,Electronic,Joytime III,2019-07-03,4YXKVaWzHaVyDq2pVS5cgR,795841,64KEffDW9EtZ1y2vBYgq8T
IO PUO' (feat. Salmo) - prod. Low Kidd,"MACHETE, Jack The Smoker, Beba, Salmo",italian trap,Hip Hop,MACHETE MIXTAPE 4,2019-07-05,2zVawCwOXmkr5pFw5O6MoB,788066,"7Do8se3ZoaVqUt3woqqSrD, 0vZAzVAFQL1gKLBPfnXMaS, 6ZpOQK1OKdCybuOgMkdbUh, 3hBQ4zniNdQf1cqqo6hzuW"
"Oh Wow...Swerve (with J. Cole feat. Zoink Gang, KEY! & Maxo Kream)","Dreamville, J. Cole, Zoink Gang, KEY!, Maxo Kream","rap, ",Hip Hop,Revenge Of The Dreamers III,2019-07-05,7wxDKfgFtRTbupcG4xDhtj,777230,"1iNqsUDUraNWrj00bqssQG, 6l3HvQ5sa6mXTsMTB19rO5, 3OBsADexDJ29wg3OGVoAji, 2tMOCIpxj6jwM9e6pmwGiP, 6xS5PpBWaVYraexEkEjjXv"
Yallah Goodbye (feat. Gringo),"Summer Cem, GRiNGO",german hip hop,Hip Hop,Yallah Goodbye (feat. Gringo),2019-07-05,70zRDnEkOhVb51fZA13khd,1362147,"3drqpTL4sQOckmAfF9i1wg, 5Sjj30aHCmKcM9SdVX7PBK"
GANG! - prod. Strage,"MACHETE, Salmo, Hell Raton",italian trap,Hip Hop,MACHETE MIXTAPE 4,2019-07-05,1ZCzbEj3F8SqqtKSupWaBo,724491,"7Do8se3ZoaVqUt3woqqSrD, 3hBQ4zniNdQf1cqqo6hzuW, 6g5SF1Yz63eoPUnJgRHfrz"
Swivel (with EARTHGANG) - From The Album  Mirrorland ,"Dreamville, EARTHGANG",,,Revenge Of The Dreamers III,2019-07-05,03XfngWwNfhEjrnEga73Rg,719092,"1iNqsUDUraNWrj00bqssQG, 5MbNzCW3qokGyoo9giHA3V"
Sunset (with J. Cole feat. Young Nudy),"Dreamville, J. Cole, Young Nudy","rap, ",Hip Hop,Revenge Of The Dreamers III,2019-07-05,3pZO6GoVPeSYDxxsH6vCdj,2892425,"1iNqsUDUraNWrj00bqssQG, 6l3HvQ5sa6mXTsMTB19rO5, 5yPzzu25VzEk8qrGTLIrE1"
comethru,Jeremy Zucker,,,"summer,",2018-09-28,18uwL0vNUanqZH0ro2QcOP,106742343,3gIRvgZssIb9aiirIg0nI3
SPIRIT - From Disney's  The Lion King ,Beyoncé,,,The Lion King: The Gift,2019-07-19,6ucmgsair6pvRYfwgvI6e0,6043814,6vWDO969PvNqNYHIOW5v0m
bad guy (with Justin Bieber),"Billie Eilish, Justin Bieber",,,bad guy (with Justin Bieber),2019-07-11,3yNZ5r3LKfdmjoS3gkhUCT,134561463,"6qqNVTkY8uBg9cP3Jd7DAH, 1uNFoZAHBGtllmzznpCI3s"
Antisocial (with Travis Scott),"Ed Sheeran, Travis Scott","soft pop, rap","Hip Hop, Pop",No.6 Collaborations Project,2019-07-12,1DhRbox3xkceP64k3JeYfW,94212394,"6eUKZXaKkcviH0Ku9w2n3V, 0Y5tJX1MQlPlqiwlOH1tJY"
South of the Border (feat. Camila Cabello & Cardi B),"Ed Sheeran, Camila Cabello, Cardi B","soft pop, pop, ",Pop,No.6 Collaborations Project,2019-07-12,4vUmTMuQqjdnvlZmAH61Qk,250126582,"6eUKZXaKkcviH0Ku9w2n3V, 4nDoRrQiYLoBzwC5BhVJzF, 4kYSro6naA4h99UJvo89HB"
Remember The Name (feat. Eminem & 50 Cent),"Ed Sheeran, Eminem, 50 Cent","soft pop, rap, hip hop, east coast hip hop","Hip Hop, Pop",No.6 Collaborations Project,2019-07-12,0AtP8EkGPn6SwxKDaUuXec,46081673,"6eUKZXaKkcviH0Ku9w2n3V, 7dGJo4pcD2V6oG8kP0tJRR, 3q7HBObVc0L8jNeTe5Gofh"
Take Me Back to London (feat. Stormzy),"Ed Sheeran, Stormzy","soft pop, grime, uk drill","Electronic, Pop",No.6 Collaborations Project,2019-07-12,1AI7UPw3fgwAFkvAlZWhE0,35367373,"6eUKZXaKkcviH0Ku9w2n3V, 2SrSdSvpminqmStGELCSNd"
Nothing On You (feat. Paulo Londra & Dave),"Ed Sheeran, Paulo Londra, Dave","soft pop, argentine trap, trap latino, reggaeton, grime, uk drill, drill","Hip Hop, Electronic, Latin, Pop",No.6 Collaborations Project,2019-07-12,2qRN7PWiHRLprw4FpDeI9N,22132869,"6eUKZXaKkcviH0Ku9w2n3V, 3vQ0GE3mI0dAaxIMYe5g7z, 6Ip8FS7vWT1uKkJSweANQK"
Feels (feat. Young Thug & J Hus),"Ed Sheeran, Young Thug, J Hus","soft pop, rap, melodic rap, trap, grime, afroswing, afrobeats","R&B, Traditional music, Electronic, Hip Hop, Pop",No.6 Collaborations Project,2019-07-12,1Bdptrvb7nQkq8kCw3siE9,10145015,"6eUKZXaKkcviH0Ku9w2n3V, 50co4Is1HCEo8bhOyUWKpn, 2a0uxJgbvvIRI4GX8pYfcr"
Put It All on Me (feat. Ella Mai),"Ed Sheeran, Ella Mai","soft pop, r&b","R&B, Pop",No.6 Collaborations Project,2019-07-12,5T03itPFOPGGkvVPvPiyla,10834365,"6eUKZXaKkcviH0Ku9w2n3V, 7HkdQ0gt53LP4zmHsL0nap"
1000 Nights (feat. Meek Mill & A Boogie Wit da Hoodie),"Ed Sheeran, Meek Mill, A Boogie Wit da Hoodie","soft pop, rap, melodic rap","Hip Hop, Pop",No.6 Collaborations Project,2019-07-12,4vIKzWqtn44umal5jXq4wE,8968082,"6eUKZXaKkcviH0Ku9w2n3V, 20sxb77xiYeusSH8cVdatc, 31W5EY0aAly4Qieq6OFu6I"
Way To Break My Heart (feat. Skrillex),"Ed Sheeran, Skrillex","soft pop, dubstep, edm, electro, electronic","Electronic, Hip Hop, Pop",No.6 Collaborations Project,2019-07-12,5d1rmWWF1725tnYjq6rMDB,8455029,"6eUKZXaKkcviH0Ku9w2n3V, 5he5w2lnU9x7JFhnwcekXX"
I Don't Want Your Money (feat. H.E.R.),"Ed Sheeran, H.E.R.","soft pop, r&b","R&B, Pop",No.6 Collaborations Project,2019-07-12,3FHXUqaUer9o231Je1zxIN,8355192,"6eUKZXaKkcviH0Ku9w2n3V, 3Y7RZ31TRPVadSFVy1o8os"
Zombie,"Samra, Capital Bra",german hip hop,Hip Hop,Zombie,2019-07-11,6fDC5DIa4bt6NbPZWR1yxM,8531782,"6h1s4i4XKIYv4ErDelLDN0, 4WZGDpNwrC0vNQyl9QzF7d"
Old Town Road - Remix,"Lil Nas X, Billy Ray Cyrus, Mason Ramsey, Young Thug","country, rap, melodic rap, trap","Country, Hip Hop",Old Town Road (Remix),2019-07-12,6jmZlyf9DxcIoRrjw02YXm,15230971,"7jVv8c5Fj3E9VhNjxT4snq, 60rpJ9SgigSd16DOAG7GSa, 6xvpfMjWTougrRRtK7iikz, 50co4Is1HCEo8bhOyUWKpn"
Thing for You (with Martin Solveig),"David Guetta, Martin Solveig","edm, dance, french house",Electronic,Thing For You (With Martin Solveig),2019-07-12,0IhTEIjFaRt3B2NQYf9azQ,4595792,"1Cs0zKBU1kc0i8ypK3B9ai, 1bj5GrcLom5gZFF5t949Xl"
Raffaello,Shindy,german hip hop,Hip Hop,Drama,2019-07-12,7GGhY0m7PZ408BYVXgXtjt,2265147,5j21TGkrNEAJe3gG9VlS34
Can You Feel the Love Tonight,"Beyoncé, Childish Gambino, Billy Eichner, Seth Rogen",,,The Lion King (Original Motion Picture Soundtrack),2019-07-10,1zSKtBze2IReYU44W0lDzd,962768,"6vWDO969PvNqNYHIOW5v0m, 73sIBHcqh3Z3NyqHKZ7FOL, 0FVsUxcFSlxwIM7Qs31s6J, 7xX39IyguhWsTIg4eU2reH"
Time - Edit,NF,christian hip hop,Hip Hop,The Search,2019-07-26,1gZFRYcPz3wKevEaNYRwfW,40292256,6fOMl44jA4Sp5b9PpYCkzz
Harder (with Bebe Rexha),"Jax Jones, Bebe Rexha",,,Snacks,2019-07-12,5RgBnDtHKFHgtVdqabjGE3,2801230,"4Q6nIcaBED8qUel8bBx6Cr, 64M6ah0SkkRsnPGtGiRAbb"
Wiggle It (feat. City Girls),"French Montana, City Girls",,,Wiggle It (feat. City Girls),2019-07-11,4vfsh1GHqHZtTlkusq9j5E,759762,"6vXTefBL93Dj5IqAWq6OTv, 37hAfseJWi0G3Scife12Il"
Ela,Reynmen,"turkish pop, turkish hip hop","Hip Hop, Pop",Ela,2019-07-13,2VUTPdW21gPVVTEmvdSwos,11479788,1Fg19vpUJpAAPFjnKaVYVW
Rebota - Remix,"Guaynaa, Nicky Jam, Farruko, Becky G, Sech","reggaeton, latin, trap latino, urbano latino",Latin,Rebota (Remix),2019-07-12,3dWpRjCmaHbroNahuSeX11,43993291,"0BqURncJM5B1BBu7UM51eq, 1SupJlEpv7RS2tPNRaHViT, 329e4yvIujISKGKz1BZZbO, 4obzFoKoKRHIphyHzJ35G3, 77ziqFxp5gaInVrF2lj4ht"
Shotta Flow (feat. Blueface) [Remix],"NLE Choppa, Blueface",,,Shotta Flow (Feat. Blueface) [Remix],2019-06-20,67XyC1GdSkKb9sbRRkUDXS,65720175,"0ErzCpIMyLcjPiwT4elrtZ, 3Fl1V19tmjt57oBdxXKAjJ"
I Love You 3000,Stephanie Poetri,,,I Love You 3000,2019-06-03,5DuSzOxHDi1qZycpzIWyhO,588281,0HS00NN7MAfF59aJnfcxSO
Baila Conmigo (feat. Kelly Ruiz),"Dayvi, Victor Cardenas, Kelly Ruíz",guaracha,Latin,Baila Conmigo (feat. Kelly Ruiz),2018-12-28,4Clmg1g8n2yBYG13Z1oSdG,65760457,"2TWBei99x2tV70bdYbWdAf, 00CMSJdbf36zOzKB3z8JrR, 0cCNT5RyWndpS7Zx7ISEDw"
Por Eso Vine,Paulo Londra,"argentine trap, trap latino, reggaeton","Hip Hop, Latin",Homerun,2019-05-23,5qN1G8fSHq4Sv5FRoOkNGu,4670068,3vQ0GE3mI0dAaxIMYe5g7z
Dance Monkey,Tones And I,,,Welcome To The Madhouse (Deluxe),2021-07-16,2N8m6CYs74qQO4mjVcXO30,764208309,2NjfBq1NflQcKSeiDooVjY
How Do You Sleep?,Sam Smith,soft pop,Pop,Love Goes,2020-10-30,34pRqzRiFcIuyRMuuEayzY,399479470,2wY79sveU1sp5g7SokKOiI
MOOD 4 EVA (feat. Oumou Sangaré),"Beyoncé, JAY-Z, Childish Gambino, Oumou Sangaré","hip hop, east coast hip hop, rap, afropop","Pop, Hip Hop",The Lion King: The Gift,2019-07-19,7oqftogUN82Q7VNy2TmTJW,11012020,"6vWDO969PvNqNYHIOW5v0m, 3nFkdlSjzX9mRTtwJOzDYB, 73sIBHcqh3Z3NyqHKZ7FOL, 65CKKZilbcSKkAPC9a5Mvh"
China,"Anuel AA, Daddy Yankee, KAROL G, J Balvin, Ozuna","reggaeton, trap latino, urbano latino, latin",Latin,China,2019-07-19,2ksOAxtIxY8yElEWw8RhgK,486837636,"2R21vXR83lH98kGeO99Y66, 4VMYDCV2IEDYJArk749S6m, 790FomKkXshlbRYZFtlgla, 1vyhD5VmyZ7KMfW5gqLgo5, 1i8SpTcr7yvPOmcqrbnVXY"
BROWN SKIN GIRL,"Blue Ivy, SAINt JHN, Beyoncé, Wizkid","afrobeats, afrobeat, afropop, azonto, afroswing, afropiano, dancehall","Traditional music, R&B, Pop",The Lion King: The Gift,2019-07-19,0B3FovCVaGKS5w1FTidEUP,11155049,"3XV0lFzNs8BCTwhJTcMiBr, 0H39MdGGX6dbnnQPt6NQkZ, 6vWDO969PvNqNYHIOW5v0m, 3tVQdUvClmAT7URs9V3rsp"
"Royalty (feat. Ky-Mani Marley, Stefflon Don & Vybz Kartel)","XXXTENTACION, Ky-Mani Marley, Stefflon Don, Vybz Kartel","emo rap, reggae, ragga, roots reggae, dancehall, soca, riddim","Traditional music, Hip Hop, Electronic, R&B","Royalty (feat. Ky-Mani Marley, Stefflon Don & Vybz Kartel)",2019-07-19,0OTBOHjEaoqroFlfut1ZsH,2385931,"15UsOTVnJzReFVN1VCnxy4, 1XTGADISSMRf8B4TcVGYUC, 2ExGrw6XpbtUAJHTLtUXUD, 2NUz5P42WqkxilbI8ocN76"
I.F.L.Y.,Bazzi,,,Soul Searching,2019-08-09,4a6q8CR2hzLk2plDkSxkfD,151951243,4GvEc3ANtPPjt1ZJllr5Zl
Neptun,"KC Rebell, RAF Camora",german hip hop,Hip Hop,Neptun,2019-07-18,3GmfHF5RUe6r5C9UbvIXQp,2905883,"5p7mWeX4RlvqBCxylfiXdE, 0Dvx6p8JDyzeOPGmaCIH1L"
Baby,"Quality Control, Lil Baby, DaBaby",,,Baby,2019-07-17,2nKYHpmwjLaEOXS3o7QMiz,22006904,"6i392l38cR3uBPF0DbNs7S, 5f7VJjfbwm532GiveGC0ZK, 4r63FhuTkUYltbVAg5TQnk"
On Time,"Ufo361, Gunna","german hip hop, turkish hip hop, melodic rap",Hip Hop,On Time,2019-07-19,4e3VIoNlhRV6seqSAerKtG,798638,"5pVRwX5ZQR7hfJ18w8ZYkl, 2hlmm7s2ICUX0LVIhVFlZQ"
Mekanın Sahibi,Norm Ender,turkish hip hop,Hip Hop,Mekanın Sahibi,2019-07-19,3loy88Lp5qoTHhL8GhRfVZ,8232942,3S6gaE89XewFAvZqsMuJDJ
Gone,"Charli xcx, Christine and the Queens","hyperpop, art pop, french pop",Pop,Gone,2019-07-17,4UQeq4HUvC5uPEA9pWTgPW,704748,"25uiPmTg16RbhZWAqwLBy5, 04vj3iPUiVh5melWr0w3xT"
The Archer,Taylor Swift,,,Lover,2019-08-23,3pHkh7d0lzM2AldUtz2x37,49284497,06HL4z0CvFAxyc27GXpf02
"Taki Taki (feat. Selena Gomez, Ozuna & Cardi B)","DJ Snake, Selena Gomez, Ozuna, Cardi B","pop, reggaeton, latin, trap latino, urbano latino, ","Latin, Pop",Carte Blanche,2019-07-25,0KoiMHhqKLoL4xM54rcWYY,95896652,"540vIaP2JwjQb9dm3aArA4, 0C8ZW7ezQVs4URX5aX7Kqx, 1i8SpTcr7yvPOmcqrbnVXY, 4kYSro6naA4h99UJvo89HB"
Old Town Road (feat. RM of BTS) - Seoul Town Road Remix,"Lil Nas X, RM, BTS","k-pop, k-rap","Pop, Hip Hop",Old Town Road (feat. RM of BTS) [Seoul Town Road Remix],2019-07-24,6woeVu3fVMflqen1t4N6pg,14069124,"7jVv8c5Fj3E9VhNjxT4snq, 2auC28zjQyVTsiZKNgPRGs, 3Nrfpe0tUJi4K4DXYWgMUX"
Otro Trago - Remix,"Sech, Ozuna, Anuel AA, Darell, Nicky Jam","reggaeton, urbano latino, latin, trap latino, dembow",Latin,Otro Trago (Remix),2019-07-26,4bTZeO72FwMa6wKOiqoynL,225763114,"77ziqFxp5gaInVrF2lj4ht, 1i8SpTcr7yvPOmcqrbnVXY, 2R21vXR83lH98kGeO99Y66, 1TtXnWcUs0FCkaZDPGYHdf, 1SupJlEpv7RS2tPNRaHViT"
Takeaway,"The Chainsmokers, ILLENIUM, Lennon Stella","melodic bass, future bass, edm, ",Electronic,World War Joy,2019-12-06,3g0mEQx3NTanacLseoP0Gw,201848365,"69GGBxA162lTqCwzJG5jLp, 45eNHdiiabvmbp4erw26rg, 1cZQSpDsxgKIX2yW5OR9Ot"
Gold Roses (feat. Drake),"Rick Ross, Drake","southern hip hop, rap, hip hop",Hip Hop,Port of Miami 2,2019-08-15,1rX5L6pyl3rVWb55D8Cprr,14231163,"1sBkRIssrMs1AbVkOJbc7a, 3TVXtAsR1Inumwj472S9r4"
All Day Long,"Chance the Rapper, John Legend","soft pop, neo soul","R&B, Pop",The Big Day,2019-07-26,1g3ErLqysBJ5EIGdYYMWFZ,3310717,"1anyVhU62p31KFi8MEzkbf, 5y2Xq6xcjJb2jVM54GHK3t"
"Fuego (with Sean Paul & Anitta, feat. Tainy)","DJ Snake, Sean Paul, Anitta, Tainy","dancehall, brazilian pop, funk pop, funk carioca, funk, pagode baiano, reggaeton","Pop, Traditional music, R&B, Hip Hop, Latin",Carte Blanche,2019-07-25,660eekzsNZ7sdATvfIsAkR,973035,"540vIaP2JwjQb9dm3aArA4, 3Isy6kedDrgPYoTS1dazA9, 7FNnA9vBm6EKceENgCGRMb, 0GM7qgcRCORpGnfcN2tCiB"
Leave Me Alone,NF,christian hip hop,Hip Hop,The Search,2019-07-26,3EtyEzMpfKSaoVhPunvbRV,3550506,6fOMl44jA4Sp5b9PpYCkzz
Hot Shower,"Chance the Rapper, MadeinTYO, DaBaby",,,The Big Day,2019-07-26,00ko9WaS4jOX1kEk3gvHjf,26510697,"1anyVhU62p31KFi8MEzkbf, 5SyGEPymt1G2uto47tVWvZ, 4r63FhuTkUYltbVAg5TQnk"
Do You Remember,"Chance the Rapper, Death Cab for Cutie",,,The Big Day,2019-07-26,67xBtV07CC73eFw7z5oCvU,3997046,"1anyVhU62p31KFi8MEzkbf, 0YrtvWJMgSdVrk3SfNjTbx"
Bellacoso,"Residente, Bad Bunny","latin hip hop, reggaeton, trap latino, latin, urbano latino","Latin, Hip Hop",Bellacoso,2019-07-26,1kMUGCt7XLDc5Q64Vl0H8S,42312635,"5GcWBUX00IPuWVGMIRK1sS, 4q3ewBCX7sLwd24euuV69X"
Nummer,"Ufo361, RAF Camora","german hip hop, turkish hip hop",Hip Hop,Nummer,2019-07-26,7HCTUZPqclRvsiefXWwyFz,850903,"5pVRwX5ZQR7hfJ18w8ZYkl, 0Dvx6p8JDyzeOPGmaCIH1L"
Single Again,Big Sean,,,Single Again,2019-07-26,7IP0lO9tHfNwBWZ9X6TJ84,802341,0c173mlxpT3dSFRgMO8XPh
RNP (feat. Anderson .Paak),"Cordae, Anderson .Paak",,,The Lost Boy,2019-07-26,5lw8Mgb4LyhriPIC86gV6e,3868891,"0huGjMyP507tBCARyzSkrv, 3jK9MiCrA42lLAdMGUZpwa"
Mein Kopf,MERO,"german hip hop, turkish hip hop",Hip Hop,Mein Kopf,2019-07-26,4IdkFCIZvHcPmBHTKLP35p,752959,5wyWp867LWGjFmYZXVSFnZ
Eternal,"Chance the Rapper, Smino",,,The Big Day,2019-07-26,5LeStoyvjAHpM52IYogOq0,1583921,"1anyVhU62p31KFi8MEzkbf, 1ybINI1qPiFbwDXamRtwxD"
Caught Up (feat. Khalid),"Majid Jordan, Khalid",,,Caught Up (feat. Khalid),2019-07-24,1opARDDYaOeE1QUdwXmBGu,725304,"4HzKw8XcD0piJmDrrPRCYk, 6LuN9FCkKOj5PcnpouEgny"
Flash Pose,"Pabllo Vittar, Charli xcx","brazilian pop, funk pop, tecnobrega, hyperpop, art pop","Pop, Country",Flash Pose,2019-07-26,5GsJcnO3rgpZFOrzL2EISO,688392,"6tzRZ39aZlNqlUzQlkuhDV, 25uiPmTg16RbhZWAqwLBy5"
We Go High,Chance the Rapper,,,The Big Day,2019-07-26,01GmGxOPy22EdAZGC0X6q1,812040,1anyVhU62p31KFi8MEzkbf
Handsome,"Chance the Rapper, Megan Thee Stallion",,,The Big Day,2019-07-26,1xsP6AITcWNigBYBYVnVZw,2002817,"1anyVhU62p31KFi8MEzkbf, 181bsRPaVXVlUKXrxwZfHK"
Ballin Flossin,"Chance the Rapper, Shawn Mendes",pop,Pop,The Big Day,2019-07-26,4pnIUqhf1AQMFrJPd4BbrT,722646,"1anyVhU62p31KFi8MEzkbf, 7n2wHs1TKAczGzO7Dd2rGr"
Slide Around,"Chance the Rapper, Lil Durk, Nicki Minaj","drill, ",Hip Hop,The Big Day,2019-07-26,0QBRshHeQLEThdj2TqxM9n,706626,"1anyVhU62p31KFi8MEzkbf, 3hcs9uc56yIGFCSy9leWe7, 0hCNtLu0JehylgoiP8L4Gh"
I Got You (Always and Forever),"Chance the Rapper, En Vogue, Ari Lennox, Kierra Sheard","new jack swing, alternative r&b, neo soul, gospel, gospel r&b, worship","R&B, Pop",The Big Day,2019-07-26,333OkWOgbV6C8I5wRLfuSx,676467,"1anyVhU62p31KFi8MEzkbf, 5fikk4h5qbEebqK2Fc6e48, 1vaQ6v3pOFxAIrFoPrAcom, 4x3CdMQ3YjnPn4Evhyni5y"
La Boca - Remix,"Mau y Ricky, Camilo, Lunay","reggaeton, latin pop, colombian pop","Pop, Latin",La Boca (Remix),2019-07-17,2EEmzqzM70CybVspgM7YRT,48225816,"2wkoKEfS6dXwThbyTnZWFU, 28gNT5KBp7IjEOQoevXf9N, 47MpMsUfWtgyIIBEFOr4FE"
Tijolão - Ao Vivo,Jorge & Mateus,"sertanejo, sertanejo universitário, arrocha, agronejo","Country, Latin",Tijolão (ao Vivo),2019-05-24,6QwFUcPc5nhsqZuhXUYtV7,5748589,1elUiq4X7pxej6FRlrEzjM
Roo,"Chance the Rapper, Taylor Bennett, CocoRosie",,,The Big Day,2019-07-26,5LWprrbySabBAMm0aE447a,625239,"1anyVhU62p31KFi8MEzkbf, 6CqjoQyGZlnhnq5gAUz92c, 05fo024EFotg9songSENOZ"
boyfriend (with Social House),"Ariana Grande, Social House","pop, ",Pop,boyfriend,2019-08-02,0Ryd8975WihbObpp5cPW1t,220843950,"66CXWjxzNUsdJxJ2JdwvnR, 5UjifI1TYefXWn9GdqDOHl"
"fuck, i'm lonely","Lauv, Anne-Marie",,,~how i'm feeling~,2020-02-20,3Hig6FDiszzWDPIKSP9swE,169995158,"5JZ7CnR6gTvEMKX4g70Amv, 1zNqDE7qDGCsyzJwohVaoX"
Dreams Money Can Buy,Drake,"rap, hip hop",Hip Hop,Care Package,2019-08-02,1qyFlfPREPbRcS2BNszdYI,2341585,3TVXtAsR1Inumwj472S9r4
How Bout Now,Drake,"rap, hip hop",Hip Hop,Care Package,2019-08-02,4n4BflhWjCHIxrI4v7Xt9s,2882967,3TVXtAsR1Inumwj472S9r4
The Motion,Drake,"rap, hip hop",Hip Hop,Nothing Was The Same (Deluxe),2013-01-01,3t8pnImpBpOwxdtYBpKvA9,2781382,3TVXtAsR1Inumwj472S9r4
Trust Issues,Drake,"rap, hip hop",Hip Hop,Care Package,2019-08-02,4Wjhj0WjkyECccfHVIgaTq,2775721,3TVXtAsR1Inumwj472S9r4
Days in The East,Drake,"rap, hip hop",Hip Hop,Care Package,2019-08-02,4czcw3NVLY0of5hTD7OufN,1634815,3TVXtAsR1Inumwj472S9r4
5 Am in Toronto,Drake,"rap, hip hop",Hip Hop,Care Package,2019-08-02,0FnxK9FEAQyPJ284QcieNb,1629565,3TVXtAsR1Inumwj472S9r4
Club Paradise,Drake,"rap, hip hop",Hip Hop,Care Package,2019-08-02,6MR5IBSNfDmiwnrlQpVw4w,1005693,3TVXtAsR1Inumwj472S9r4
4pm in Calabasas,Drake,"rap, hip hop",Hip Hop,Care Package,2019-08-02,6C9SwoZ5OrxcvkntgA5t8s,1637770,3TVXtAsR1Inumwj472S9r4
Draft Day,Drake,"rap, hip hop",Hip Hop,Care Package,2019-08-02,3W3FVHEDetkiRkkGKDmdir,927811,3TVXtAsR1Inumwj472S9r4
Jodeci Freestyle (feat. J. Cole),"Drake, J. Cole","rap, hip hop",Hip Hop,Care Package,2019-08-02,2xUHiyGeGrWmmfv7NbDTWC,888057,"3TVXtAsR1Inumwj472S9r4, 6l3HvQ5sa6mXTsMTB19rO5"
I Get Lonely,Drake,"rap, hip hop",Hip Hop,Care Package,2019-08-02,2ducmmobqydJmv8or1OKTo,822246,3TVXtAsR1Inumwj472S9r4
Atrévete,"Nicky Jam, Sech","reggaeton, latin, urbano latino",Latin,Intimo,2019-11-01,26Qhn2T88XqVinXQpmSarj,67453851,"1SupJlEpv7RS2tPNRaHViT, 77ziqFxp5gaInVrF2lj4ht"
Girls Love Beyoncé (feat. James Fauntleroy),"Drake, James Fauntleroy","rap, hip hop, ",Hip Hop,Care Package,2019-08-02,56NDFbD0tCUawnqeU2wcvv,790950,"3TVXtAsR1Inumwj472S9r4, 5ooSG9S0glqP5ZrqqaHBvT"
Right Back (feat. A Boogie Wit Da Hoodie),"Khalid, A Boogie Wit da Hoodie",melodic rap,Hip Hop,Right Back (feat. A Boogie Wit Da Hoodie),2019-08-13,6PYnUsNEpYC7A4BS2sjw3L,42641630,"6LuN9FCkKOj5PcnpouEgny, 31W5EY0aAly4Qieq6OFu6I"
OMG (with Carly Rae Jepsen),"Gryffin, Carly Rae Jepsen","edm, melodic bass, future bass, ",Electronic,OMG (with Carly Rae Jepsen),2019-07-31,2j9YmQRxtjuVwb4XN95oT8,772189,"2ZRQcIgzPCVaT9XKhXZIzh, 6sFIWsNpZYqfjUpaCgueju"
My Side,Drake,"rap, hip hop",Hip Hop,Care Package,2019-08-02,4alHkxxwAhvoGg3dJCATKV,732308,3TVXtAsR1Inumwj472S9r4
Eiskalt,"Loredana, Mozzik",german hip hop,Hip Hop,Eiskalt,2019-08-02,52UVKsw31NTOCTNPTpwbFJ,9348717,"2Im8m4STDBosjfmb5hmP80, 1pkDzgHvVqC17qYGKfLPpb"
Free Spirit (feat. Rick Ross),"Drake, Rick Ross","rap, hip hop, southern hip hop",Hip Hop,Care Package,2019-08-02,18t8ypY0HYaQuGBxg2KdT2,699242,"3TVXtAsR1Inumwj472S9r4, 1sBkRIssrMs1AbVkOJbc7a"
Can I,Drake,"rap, hip hop",Hip Hop,Care Package,2019-08-02,3e0ZGE7Gp034iLknjQk4QW,684206,3TVXtAsR1Inumwj472S9r4
Paris Morton Music,Drake,"rap, hip hop",Hip Hop,Care Package,2019-08-02,73IE87H0g2MBmdn41lkVto,669961,3TVXtAsR1Inumwj472S9r4
Si Se Da - Remix,"Myke Towers, Farruko, Arcángel, Sech, Zion","reggaeton, trap latino, urbano latino, latin",Latin,Si Se da Remix,2019-08-02,6K5BsR04ijf3FHNzjbaagD,94739913,"7iK8PXO48WeuP03g8YR51W, 329e4yvIujISKGKz1BZZbO, 4SsVbpTthjScTS7U2hmr1X, 77ziqFxp5gaInVrF2lj4ht, 1pgDilWYDWLoOgGjf1iHNu"
Love Me,Lil Tecca,"melodic rap, rap",Hip Hop,We Love You Tecca,2019-08-30,4e0FYxSROat25pH16zMTZI,75637450,4Ga1P7PMIsmqEZqhYZQgDo
Fear Inoculum,TOOL,"progressive metal, alternative metal, progressive rock, metal","Metal, Rock",Fear Inoculum,2019-08-30,39zWYYZStDgWi32sOU9AX4,4453735,2yEwvVSSSUkcLeSTNyHKh8
All For Us - from the HBO Original Series Euphoria,"Labrinth, Zendaya",,,All For Us (from the HBO Original Series Euphoria),2019-08-04,10hMM5nsZQf66ldBlgWBfG,10023057,"2feDdbD5araYcm6JhFHHw7, 6sCbFbEjbYepqswM1vWjjs"
Small Talk,Katy Perry,pop,Pop,Small Talk,2019-08-09,4NmE2ytXI8S2svTRSmEdpO,27856402,6jJ0s89eD6GaHleKKya26X
Hot Girl Summer (feat. Nicki Minaj & Ty Dolla $ign),"Megan Thee Stallion, Ty Dolla $ign, Nicki Minaj",,,Hot Girl Summer (feat. Nicki Minaj & Ty Dolla $ign),2019-08-09,5N1o6d8zGcSZSeMFkOUQOk,60557631,"181bsRPaVXVlUKXrxwZfHK, 7c0XG5cIJTrrAgEC3ULPiq, 0hCNtLu0JehylgoiP8L4Gh"
!,Trippie Redd,melodic rap,Hip Hop,!,2019-08-09,5a1ofLoPiAn5xxf5UE6472,1969789,6Xgp2XMz1fhVYe7i6yNAax
Snake Skin,Trippie Redd,melodic rap,Hip Hop,!,2019-08-09,48BycLu4MtbVvCumpvMMbP,3155792,6Xgp2XMz1fhVYe7i6yNAax
No Way!,Bazzi,,,Soul Searching,2019-08-09,0yYwS7CXKIPC4kWPvZQfsT,8684514,4GvEc3ANtPPjt1ZJllr5Zl
They Afraid Of You,"Trippie Redd, Playboi Carti","melodic rap, rage rap",Hip Hop,!,2019-08-09,5CMUThHlepHR8c1xD0QYzs,1016847,"6Xgp2XMz1fhVYe7i6yNAax, 699OTQXzgjhIYAHMy9RyPD"
Mac 10,"Trippie Redd, Lil Baby, Lil Duke","melodic rap, ",Hip Hop,!,2019-08-09,4NbHIhW0P5skMNvtOMPDUL,2119834,"6Xgp2XMz1fhVYe7i6yNAax, 5f7VJjfbwm532GiveGC0ZK, 06Qf6vq8AVIpE9XIw8LAsY"
Critical Darling,Slipknot,"nu metal, metal, alternative metal, rap metal, heavy metal",Metal,We Are Not Your Kind,2019-08-09,3XFaGEb6daqdj39ThpJ2XI,867435,05fG473iIaoy82BF1aGhL8
Tutu,"Camilo, Pedro Capó","colombian pop, latin pop, latin","Pop, Latin",Por Primera Vez,2020-04-17,1Ol5LmdNDNpFu1oNwfgkux,199941831,"28gNT5KBp7IjEOQoevXf9N, 4QVBYiagIaa6ZGSPMbybpy"
Hair Down (feat. Kendrick Lamar),"SiR, Kendrick Lamar","alternative r&b, neo soul, hip hop, west coast hip hop","R&B, Hip Hop",Hair Down (feat. Kendrick Lamar),2019-08-08,6sq5mqtS3jwJjvBHALknJH,836022,"3QTDHixorJelOLxoxcjqGx, 2YZyLoL8N0Wb9xBt1NhZWg"
Nero Forte,Slipknot,"nu metal, metal, alternative metal, rap metal, heavy metal",Metal,We Are Not Your Kind,2019-08-09,56fiFTRrSiHHH3gBeaTg2P,821009,05fG473iIaoy82BF1aGhL8
Be Yourself,Trippie Redd,melodic rap,Hip Hop,!,2019-08-09,7znO2T2deQ7nZUbyxEAMDB,815960,6Xgp2XMz1fhVYe7i6yNAax
Naeem,Bon Iver,indie folk,Folk/Acoustic,"i,i",2019-08-09,1ff60tDWdcdVN6PtKQXWny,781309,4LEiUm1SRbFMgfqnQTwUbQ
Immortal,"Trippie Redd, The Game","melodic rap, west coast hip hop, gangster rap, hip hop",Hip Hop,!,2019-08-09,3Ht9qyE5RZZVkBSV8kcf6v,765908,"6Xgp2XMz1fhVYe7i6yNAax, 0NbfKEOTQCcwd6o7wSDOHI"
I Try,Trippie Redd,melodic rap,Hip Hop,!,2019-08-09,45DANEAozzOPHrqmERidgn,742162,6Xgp2XMz1fhVYe7i6yNAax
Birth Of The Cruel,Slipknot,"nu metal, metal, alternative metal, rap metal, heavy metal",Metal,We Are Not Your Kind,2019-08-09,7I6p0xNYahHpUUXj785URX,727928,05fG473iIaoy82BF1aGhL8
Throw It Away,Trippie Redd,melodic rap,Hip Hop,!,2019-08-09,0y5gx9hco8okaSecaH22k1,675439,6Xgp2XMz1fhVYe7i6yNAax
Rooting For You,Alessia Cara,,,Rooting For You,2019-08-09,1spZPzBLYeVTvd0iDWXgC2,675290,2wUjUUtkb5lvLKcGKsKqsR
My Type,Saweetie,,,ICY,2019-03-29,5KBARWIxeMGkvUax9VtVC9,9445521,6cK3NBO6uP7hh0oyuVELFl
Daddy (feat. Rich The Kid),"Blueface, Rich The Kid",trap,Hip Hop,Dirt Bag,2019-08-09,4hanO6Du5J7QEguNHYZHmw,1725271,"3Fl1V19tmjt57oBdxXKAjJ, 1pPmIToKXyGdsCF6LmqLmI"
Goteo,Duki,"argentine trap, trap, trap latino","Hip Hop, Latin",Súper Sangre Joven,2019-11-01,57kdZIOAaolxAjB67d2yU3,67073090,1bAftSH8umNcGZ0uyV7LMg
CANGURO,WOS,argentine trap,Hip Hop,CANGURO,2019-08-09,4wyNKAZe82BNlp2lHiR1FX,24797584,5YCc6xS5Gpj3EkaYGdjyNK
Did It Again,Lil Tecca,"melodic rap, rap",Hip Hop,We Love You Tecca,2019-08-30,4guBZjUyrGoHsTahO3IHdj,74867500,4Ga1P7PMIsmqEZqhYZQgDo
Ransom (with Juice WRLD) - Remix,"Lil Tecca, Juice WRLD","melodic rap, rap, emo rap",Hip Hop,We Love You Tecca,2019-08-30,2WsuSYJNXGKXVYkHPnq2yp,65151455,"4Ga1P7PMIsmqEZqhYZQgDo, 4MCBfE4596Uoi2O4DtmEMz"
Lover,Taylor Swift,,,Lover,2019-08-23,1dGr1c8CrMLDpV6mPbImSI,171787573,06HL4z0CvFAxyc27GXpf02
"Yo x Ti, Tu x Mi","ROSALÍA, Ozuna","latin, reggaeton, trap latino, urbano latino",Latin,"Yo x Ti, Tu x Mi",2019-08-15,7BlBVFwvbWvcwNcUarQmjk,203856399,"7ltDVBr6mKbRvohxheJ9h1, 1i8SpTcr7yvPOmcqrbnVXY"
Slide Away,Miley Cyrus,,,Slide Away,2019-08-16,44ADyYoY5liaRa3EOAl4uf,81993232,5YGY8feqx7naU7z4HrwZM6
Bad Bad Bad (feat. Lil Baby),"Young Thug, Lil Baby","rap, melodic rap, trap, ",Hip Hop,So Much Fun,2019-08-16,1GeNui6m825V8jP4uKiIaH,71464609,"50co4Is1HCEo8bhOyUWKpn, 5f7VJjfbwm532GiveGC0ZK"
Won't Be Late (feat. Drake),"Swae Lee, Drake","rap, hip hop",Hip Hop,Won't Be Late (feat. Drake),2019-08-16,2sqsNXfN0HtgDEgaHXiUTa,23068287,"1zNqQNIdeOUZHb8zbZRFMX, 3TVXtAsR1Inumwj472S9r4"
Motivation,Normani,,,Motivation,2019-08-16,0rIAC4PXANcKmitJfoqmVm,115416782,2cWZOOzeOm4WmBJRnD5R7I
Baby (Lil Baby feat. DaBaby),"Quality Control, Lil Baby, DaBaby",,,Quality Control: Control The Streets Volume 2,2019-08-16,5MPPttjfGap2C6j6eKcO6J,84639925,"6i392l38cR3uBPF0DbNs7S, 5f7VJjfbwm532GiveGC0ZK, 4r63FhuTkUYltbVAg5TQnk"
Hot (feat. Gunna),"Young Thug, Gunna","rap, melodic rap, trap",Hip Hop,So Much Fun,2019-08-16,5Z8HZM6iQMhhqyPcCGY5g9,97026659,"50co4Is1HCEo8bhOyUWKpn, 2hlmm7s2ICUX0LVIhVFlZQ"
What's the Move (feat. Lil Uzi Vert),"Young Thug, Lil Uzi Vert","rap, melodic rap, trap",Hip Hop,So Much Fun,2019-08-16,3pTScODwk9tggZzmuH6xDY,2897256,"50co4Is1HCEo8bhOyUWKpn, 4O15NlyKLIASxsJ0PrXPfz"
Surf (feat. Gunna),"Young Thug, Gunna","rap, melodic rap, trap",Hip Hop,So Much Fun,2019-08-16,6igOR5QCn09zAVF2ikZjsV,2915456,"50co4Is1HCEo8bhOyUWKpn, 2hlmm7s2ICUX0LVIhVFlZQ"
Just How It Is,Young Thug,"rap, melodic rap, trap",Hip Hop,So Much Fun,2019-08-16,5KYhIFNTp4VQUqlsbLWTTu,901960,50co4Is1HCEo8bhOyUWKpn
Sup Mate (feat. Future),"Young Thug, Future","rap, melodic rap, trap",Hip Hop,So Much Fun,2019-08-16,0zNHMc1cGKe4MO5rtGtKRh,878253,"50co4Is1HCEo8bhOyUWKpn, 1RyvyyTE3xzB2ZywiAwp0i"
Home (feat. Bonn),"Martin Garrix, Bonn","edm, electronica, progressive house, ",Electronic,Home (feat. Bonn),2019-08-16,4aTtHoSBB0CuQGA6vXBNyp,828670,"60d24wfXkVzDSfLS6hyCjZ, 7Io0XduXk7aOHFHA7sLru2"
Be Honest,"Jorja Smith, Burna Boy","afrobeats, afrobeat, afropop, afroswing, dancehall, afropiano","Traditional music, R&B, Pop",Lost & Found,2019-10-15,3IWs9dAwTqN0EFhOIcBDfs,55941878,"1CoZyIx7UvdxT5c8UkMzHd, 3wcj11K77LjEY1PkEazffa"
Ecstasy (feat. Machine Gun Kelly),"Young Thug, mgk","rap, melodic rap, trap, ",Hip Hop,So Much Fun,2019-08-16,1yBbxDXEfr8boXM1ubvBHi,771670,"50co4Is1HCEo8bhOyUWKpn, 6TIYQ3jFPwQSRmorSezPxX"
"Nicki Nicole: Bzrp Music Sessions, Vol. 13","Bizarrap, Nicki Nicole","argentine trap, trap latino, urbano latino","Hip Hop, Latin","Nicki Nicole: Bzrp Music Sessions, Vol. 13",2019-08-14,2S93hylQBYLndMnaJuso8S,14717721,"716NhGYqD1jl2wI1Qkgq36, 2UZIAOlrnyZmyzt1nuXr9y"
In Your Arms (with X Ambassadors),"ILLENIUM, X Ambassadors","melodic bass, future bass, edm, ",Electronic,ASCEND,2019-08-16,70YPzqSEwJvAIQ6nMs1cjY,706574,"45eNHdiiabvmbp4erw26rg, 3NPpFNZtSTHheNBaWC82rB"
Heartless (feat. Morgan Wallen),"Diplo, Morgan Wallen","moombahton, country","Country, Electronic",Heartless (feat. Morgan Wallen),2019-08-16,0rFQ5cKYJ9WtHSKp9sxVYt,27776329,"5fMUXHkw8R8eOP2RNVYEZX, 4oUHIQIBe0LHzYfvXNW4QM"
Jet Lag,A$AP Ferg,rap,Hip Hop,Floor Seats,2019-08-16,0AUurCHJ6A8Ua4yXyKXNuM,1295031,5dHt1vcEm9qb8fCyLcB3HL
Mannequin Challenge (feat. Juice WRLD),"Young Thug, Juice WRLD","rap, melodic rap, trap, emo rap",Hip Hop,So Much Fun,2019-08-16,5TnLXSd4h6G06Fbt2ApOpa,682625,"50co4Is1HCEo8bhOyUWKpn, 4MCBfE4596Uoi2O4DtmEMz"
Yeah,Luciano,german hip hop,Hip Hop,Yeah,2019-08-15,7HRuk2l86d8mgdmjhq4ypo,679268,3CJKkU0XuElRT1z8rEtIYg
Light It Up,Young Thug,"rap, melodic rap, trap",Hip Hop,So Much Fun,2019-08-16,41mzryVlFLlz6b1BCtJAjx,665862,50co4Is1HCEo8bhOyUWKpn
Te Soñé de Nuevo,"Ozuna, Barloe Team","reggaeton, latin, trap latino, urbano latino, ",Latin,Te Soñé de Nuevo,2019-06-01,7lR4UmEDJ1ngczVX2NiNi4,2482366,"1i8SpTcr7yvPOmcqrbnVXY, 4okiIReqptfBJ5UULmWycZ"
SLOW DANCING IN THE DARK,Joji,,,BALLADS 1,2018-10-26,0rKtyWc8bvkriBthvHKY8d,40403215,3MZsBdqDrRTJihTHQrO6Dq
Outnumbered,Dermot Kennedy,,,Without Fear,2019-10-04,4Ta3PhWmY50ZLU1uhKFKPE,41709366,5KNNVgR6LBIABRIomyCwKJ
Teeth,5 Seconds of Summer,,,13 Reasons Why (Season 3),2019-08-23,26wLOs3ZuHJa2Ihhx6QIE6,106493333,5Rl15oVamLq7FbSb0NNBNy
The Man,Taylor Swift,,,Lover,2019-08-23,3RauEVgRgj1IuWdJ9fDs70,55994906,06HL4z0CvFAxyc27GXpf02
Cruel Summer,Taylor Swift,,,Lover,2019-08-23,1BxfuPKGuaTgP7aM0Bbdwr,45499626,06HL4z0CvFAxyc27GXpf02
I Forgot That You Existed,Taylor Swift,,,Lover,2019-08-23,43rA71bccXFGD4C8GOpIlN,35832335,06HL4z0CvFAxyc27GXpf02
I Think He Knows,Taylor Swift,,,Lover,2019-08-23,2YWtcWi3a83pdEg3Gif4Pd,20293823,06HL4z0CvFAxyc27GXpf02
Miss Americana & The Heartbreak Prince,Taylor Swift,,,Lover,2019-08-23,214nt20w5wOxJnY462klLw,20560966,06HL4z0CvFAxyc27GXpf02
Paper Rings,Taylor Swift,,,Lover,2019-08-23,4y5bvROuBDPr5fuwXbIBZR,24522609,06HL4z0CvFAxyc27GXpf02
Cornelia Street,Taylor Swift,,,Lover,2019-08-23,12M5uqx0ZuwkpLp5rJim1a,19154120,06HL4z0CvFAxyc27GXpf02
London Boy,Taylor Swift,,,Lover,2019-08-23,1LLXZFeAHK9R4xUramtUKw,18851220,06HL4z0CvFAxyc27GXpf02
Death By A Thousand Cuts,Taylor Swift,,,Lover,2019-08-23,2dgFqt3w9xIQRjhPtwNk3D,16488150,06HL4z0CvFAxyc27GXpf02
Soon You’ll Get Better (feat. The Chicks),"Taylor Swift, The Chicks",country,Country,Lover,2019-08-23,4AYtqFyFbX0Xkc2wtcygTr,10038462,"06HL4z0CvFAxyc27GXpf02, 25IG9fa7cbdmCIy3OnuH57"
False God,Taylor Swift,,,Lover,2019-08-23,5hQSXkFgbxjZo9uCwd11so,10436781,06HL4z0CvFAxyc27GXpf02
Afterglow,Taylor Swift,,,Lover,2019-08-23,1SymEzIT3H8UZfibCs3TYi,13338610,06HL4z0CvFAxyc27GXpf02
Daylight,Taylor Swift,,,Lover,2019-08-23,1fzAuUVbzlhZ1lJAx9PtY6,9006326,06HL4z0CvFAxyc27GXpf02
It’s Nice To Have A Friend,Taylor Swift,,,Lover,2019-08-23,1SmiQ65iSAbPto6gPFlBYm,7680088,06HL4z0CvFAxyc27GXpf02
Adicto (with Anuel AA & Ozuna),"Tainy, Anuel AA, Ozuna","reggaeton, trap latino, urbano latino, latin",Latin,Adicto (with Anuel AA & Ozuna),2019-08-22,3jbT1Y5MoPwEIpZndDDwVq,208735836,"0GM7qgcRCORpGnfcN2tCiB, 2R21vXR83lH98kGeO99Y66, 1i8SpTcr7yvPOmcqrbnVXY"
NO HALO,BROCKHAMPTON,,,GINGER,2019-08-23,694vvR5o19xHPhhJ5QdLN7,4713489,1Bl6wpkWCQ4KVgnASpvzzA
Nummer 1,"Capital Bra, Samra",german hip hop,Hip Hop,Nummer 1,2019-08-22,3drwaFqLSEjqzjNRbjap0R,5589516,"4WZGDpNwrC0vNQyl9QzF7d, 6h1s4i4XKIYv4ErDelLDN0"
Fuck it I love you,Lana Del Rey,,,Norman Fucking Rockwell!,2019-08-30,7MtVPRGtZl6rPjMfLoI3Lh,10809326,00FQb4jTyendYWaN8pK0wa
I Warned Myself,Charlie Puth,"soft pop, pop",Pop,I Warned Myself,2019-08-21,3707IBa4HnS3zDDoWfeUBl,10117166,6VuMaDnrHyPL1p4EHjYLi7
BOY BYE,BROCKHAMPTON,,,GINGER,2019-08-23,6e7hIhOLH9zvb3zP5O5gt0,846773,1Bl6wpkWCQ4KVgnASpvzzA
SUGAR,BROCKHAMPTON,,,GINGER,2019-08-23,6U0FIYXCQ3TGrk4tFpLrEA,800406,1Bl6wpkWCQ4KVgnASpvzzA
People,The 1975,,,People,2019-08-22,39sJbSgJmIrB9J1pkRbpaX,763604,3mIj9lX2MWuHmhNCA7LSCW
The greatest,Lana Del Rey,,,Norman Fucking Rockwell!,2019-08-30,6ERZ30cRjVWGtVLhczX9aL,3038858,00FQb4jTyendYWaN8pK0wa
Roller,Apache 207,german hip hop,Hip Hop,Platte,2019-10-25,6hw1Sy9wZ8UCxYGdpKrU6M,108637038,1qQLhymHXFPtP5U8KNKsm6
Intro-Résumé,Miami Yacine,german hip hop,Hip Hop,Intro-Résumé,2019-08-21,7kQMPnMzK1bykUxmF4QXbV,709242,1XKjtpH5P81gpOXDB91IEB
hot girl bummer,blackbear,,,everything means nothing,2020-08-21,2mt1IqcFyY1zmYZT8Q3xw9,280915497,2cFrymmkijnjDg9SS92EPM
#PROUDCATOWNERREMIX,"XXXTENTACION, Rico Nasty","emo rap, ",Hip Hop,#PROUDCATOWNERREMIX,2019-08-20,5dkZ2DrcPJrqwlRQe6Q35e,679370,"15UsOTVnJzReFVN1VCnxy4, 2OaHYHb2XcFPvqL3VsyPzU"
Brillis,Shirin David,"german hip hop, german pop","Hip Hop, Pop",Brillis,2019-08-22,0sHeIbgbNzKF8rGspC1FHV,677725,0JBdTCGs111JKKYfLqOEBa
ST. PERCY,BROCKHAMPTON,,,GINGER,2019-08-23,3wE9jU1zReHLMHLgAsWIYX,664212,1Bl6wpkWCQ4KVgnASpvzzA
quando a bad bater - ao vivo,Luan Santana,"sertanejo, sertanejo universitário, arrocha","Country, Latin",VIVA (Ao Vivo),2019-08-22,5gvrBqNFFEWcxYPt3mamvJ,9211780,3qvcCP2J0fWi0m0uQDUf6r
F.N,Lil Tjay,"brooklyn drill, melodic rap",Hip Hop,True 2 Myself,2019-10-11,0RLLvYBopDwooCyvnTwgYu,71523124,6jGMq4yGs7aQzuGsMgVgZR
Babushka Boi,A$AP Rocky,rap,Hip Hop,Babushka Boi,2019-08-28,643PW82aBMUa1FiWi5VQY7,18785599,13ubrt8QOOCPljQ2FL1Kca
Bezerk (feat. A$AP Ferg),"Big Sean, Hit-Boy, A$AP Ferg",rap,Hip Hop,Bezerk,2019-08-26,2B9wgj9XzbJZLty03PRbVo,4695720,"0c173mlxpT3dSFRgMO8XPh, 6q3p11nP1p80Ey6LrOOSed, 5dHt1vcEm9qb8fCyLcB3HL"
BUTTERFLY EFFECT,Travis Scott,rap,Hip Hop,ASTROWORLD,2018-08-02,6xcJyGpfZbuuiequtnlKt4,31390005,0Y5tJX1MQlPlqiwlOH1tJY
Circles,Post Malone,,,Hollywood's Bleeding,2019-09-06,21jGcNKet2qwijlDFuPiPb,516587059,246dkjvS1zLTtiykXe5h60
Norman fucking Rockwell,Lana Del Rey,,,Norman Fucking Rockwell!,2019-08-30,3RIgHHpnFKj5Rni1shokDj,9588477,00FQb4jTyendYWaN8pK0wa
Graduation (with Juice WRLD),"benny blanco, Juice WRLD","melodic rap, emo rap",Hip Hop,Graduation (with Juice WRLD),2019-08-30,6cjSh516BbrNUs213jDAGm,14924743,"5CiGnKThu5ctn9pBxv7DGa, 4MCBfE4596Uoi2O4DtmEMz"
Pneuma,TOOL,"progressive metal, alternative metal, progressive rock, metal","Metal, Rock",Fear Inoculum,2019-08-30,03sEzk1VyrUZSgyhoQR0LZ,1995505,2yEwvVSSSUkcLeSTNyHKh8
Cinnamon Girl,Lana Del Rey,,,Norman Fucking Rockwell!,2019-08-30,2mdEsXPu8ZmkHRRtAdC09e,5749205,00FQb4jTyendYWaN8pK0wa
Mariners Apartment Complex,Lana Del Rey,,,Norman Fucking Rockwell!,2019-08-30,6OG05bPAwUuV3OMvy2Vy1P,4686137,00FQb4jTyendYWaN8pK0wa
Love song,Lana Del Rey,,,Norman Fucking Rockwell!,2019-08-30,5tyMJlMqaggzvuX7TtlrTe,3935251,00FQb4jTyendYWaN8pK0wa
Invincible,TOOL,"progressive metal, alternative metal, progressive rock, metal","Metal, Rock",Fear Inoculum,2019-08-30,2xKDKtJBLDPd7BF3VmSQQO,1763026,2yEwvVSSSUkcLeSTNyHKh8
Venice Bitch,Lana Del Rey,,,Norman Fucking Rockwell!,2019-08-30,3hwQhakFwm9soLEBnSDH17,3767735,00FQb4jTyendYWaN8pK0wa
Shots,Lil Tecca,"melodic rap, rap",Hip Hop,We Love You Tecca,2019-08-30,5xjei7JnROsAzLY2a7RdZU,10742516,4Ga1P7PMIsmqEZqhYZQgDo
How to disappear,Lana Del Rey,,,Norman Fucking Rockwell!,2019-08-30,4qUtC2BwFC154Ha8YQRrkk,1641986,00FQb4jTyendYWaN8pK0wa
California,Lana Del Rey,,,Norman Fucking Rockwell!,2019-08-30,7oTE1KmtU2ml9zBhv9Reao,1656731,00FQb4jTyendYWaN8pK0wa
7empest,TOOL,"progressive metal, alternative metal, progressive rock, metal","Metal, Rock",Fear Inoculum,2019-08-30,0gGfmw4csswZmFPj9YK8GW,923777,2yEwvVSSSUkcLeSTNyHKh8
UP IN SMOKE,RIN,"german hip hop, cloud rap",Hip Hop,UP IN SMOKE,2019-08-30,01vR5Z7AHinp9D2wu2BNQS,2896227,18ISxWwWjV6rPLoVCXf1dz
Litanie contre la Peur,TOOL,"progressive metal, alternative metal, progressive rock, metal","Metal, Rock",Fear Inoculum,2019-08-30,4qE9yOgBNsARadpZTAb6RH,856609,2yEwvVSSSUkcLeSTNyHKh8
Descending,TOOL,"progressive metal, alternative metal, progressive rock, metal","Metal, Rock",Fear Inoculum,2019-08-30,0aTiUssEOy0Mt69bsavj6K,853394,2yEwvVSSSUkcLeSTNyHKh8
Vendetta,RAF Camora,german hip hop,Hip Hop,Vendetta,2019-08-30,28r8yfatcoOTY7ZjqhKaJM,848303,0Dvx6p8JDyzeOPGmaCIH1L
The Next Best American Record,Lana Del Rey,,,Norman Fucking Rockwell!,2019-08-30,7vRfxLcDDwgYW2WTrtEgUV,800030,00FQb4jTyendYWaN8pK0wa
Happiness is a butterfly,Lana Del Rey,,,Norman Fucking Rockwell!,2019-08-30,3lG6OtGDsYAOALxEmubQQm,783313,00FQb4jTyendYWaN8pK0wa
Fendi Drip,"Luciano, Ufo361, Lil Baby","german hip hop, turkish hip hop, ",Hip Hop,MILLIES,2019-08-29,1e9QSdX5uLUw6vbrkZJyXi,758571,"3CJKkU0XuElRT1z8rEtIYg, 5pVRwX5ZQR7hfJ18w8ZYkl, 5f7VJjfbwm532GiveGC0ZK"
Legion Inoculant,TOOL,"progressive metal, alternative metal, progressive rock, metal","Metal, Rock",Fear Inoculum,2019-08-30,48C0O5CXfQdfjUCUhOs1YP,758365,2yEwvVSSSUkcLeSTNyHKh8
Not 20 Anymore,Bebe Rexha,,,Not 20 Anymore,2019-08-30,7vWbERTWGCiu6fil02e9kj,749279,64M6ah0SkkRsnPGtGiRAbb
"El Favor (with Nicky Jam & Sech, feat. Farruko, Zion & Lunay)","Dímelo Flow, Nicky Jam, Sech, Farruko, Zion, Lunay","reggaeton, urbano latino, latin, trap latino",Latin,"El Favor (with Nicky Jam & Sech, feat. Farruko, Zion & Lunay)",2019-08-30,684EjRHwNsZQ9hCQxL4NYL,67729637,"3fZk3Gm5dN5v5yfYMQ04Bx, 1SupJlEpv7RS2tPNRaHViT, 77ziqFxp5gaInVrF2lj4ht, 329e4yvIujISKGKz1BZZbO, 1pgDilWYDWLoOgGjf1iHNu, 47MpMsUfWtgyIIBEFOr4FE"
Liar,Camila Cabello,pop,Pop,Romance,2019-12-06,073ILU1C3APNRGF66VhtyA,195603789,4nDoRrQiYLoBzwC5BhVJzF
Shameless,Camila Cabello,pop,Pop,Romance,2019-12-06,2ogKhhoMClkFXek7ZgxAhN,30269527,4nDoRrQiYLoBzwC5BhVJzF
Saint-Tropez,Post Malone,,,Hollywood's Bleeding,2019-09-06,05mDaV9Vb3wrzjF6OPZnhq,158601690,246dkjvS1zLTtiykXe5h60
Hollywood's Bleeding,Post Malone,,,Hollywood's Bleeding,2019-09-06,7sWRlDoTDX8geTR8zzr2vt,124144530,246dkjvS1zLTtiykXe5h60
Enemies (feat. DaBaby),"Post Malone, DaBaby",,,Hollywood's Bleeding,2019-09-06,0Xek5rqai2jcOWCYWJfVCF,126029133,"246dkjvS1zLTtiykXe5h60, 4r63FhuTkUYltbVAg5TQnk"
Take What You Want (feat. Ozzy Osbourne & Travis Scott),"Post Malone, Ozzy Osbourne, Travis Scott","metal, glam metal, heavy metal, hard rock, rap","Metal, Rock, Hip Hop",Hollywood's Bleeding,2019-09-06,7CZyCXKG6d5ALeq41sLzbw,188797872,"246dkjvS1zLTtiykXe5h60, 6ZLTlhejhndI4Rh53vYhrY, 0Y5tJX1MQlPlqiwlOH1tJY"
Die For Me (feat. Future & Halsey),"Post Malone, Future, Halsey","rap, ",Hip Hop,Hollywood's Bleeding,2019-09-06,59PYPDxTbqJpiGfyogPb5h,28154588,"246dkjvS1zLTtiykXe5h60, 1RyvyyTE3xzB2ZywiAwp0i, 26VFTg2z8YR0cCuwLzESi2"
On The Road (feat. Meek Mill & Lil Baby),"Post Malone, Meek Mill, Lil Baby","rap, ",Hip Hop,Hollywood's Bleeding,2019-09-06,12Fkyg9lpmaz2zmKOfw2Y2,65023382,"246dkjvS1zLTtiykXe5h60, 20sxb77xiYeusSH8cVdatc, 5f7VJjfbwm532GiveGC0ZK"
A Thousand Bad Times,Post Malone,,,Hollywood's Bleeding,2019-09-06,2J0NXdHr6MYvKDSxB7k3V2,48936256,246dkjvS1zLTtiykXe5h60
Allergic,Post Malone,,,Hollywood's Bleeding,2019-09-06,1YscJ7yVTlFxW3eF6pv5ba,35996204,246dkjvS1zLTtiykXe5h60
Staring At The Sun (feat. SZA),"Post Malone, SZA",r&b,R&B,Hollywood's Bleeding,2019-09-06,5KE9b4x7Zj2A8XtbkqhqTe,32947429,"246dkjvS1zLTtiykXe5h60, 7tYKF4w9nC0nq9CsPZTHyP"
I'm Gonna Be,Post Malone,,,Hollywood's Bleeding,2019-09-06,1ckLp8lCl8LipXI0ypX72m,33426974,246dkjvS1zLTtiykXe5h60
Internet,Post Malone,,,Hollywood's Bleeding,2019-09-06,0KAzP1Rbp0Vz5pw8i1KDDI,17341701,246dkjvS1zLTtiykXe5h60
Myself,Post Malone,,,Hollywood's Bleeding,2019-09-06,2cvOfKHOHgwQlLiuLKP2xR,23133720,246dkjvS1zLTtiykXe5h60
I Know,Post Malone,,,Hollywood's Bleeding,2019-09-06,6b2mfHMqWCA74XmUuVJm8r,19116112,246dkjvS1zLTtiykXe5h60
Huracan,"Samra, Capital Bra",german hip hop,Hip Hop,Huracan,2019-09-05,6AFIVhbJLR7YVvW9fLFMu1,8040402,"6h1s4i4XKIYv4ErDelLDN0, 4WZGDpNwrC0vNQyl9QzF7d"
Kein Plan,"Loredana, MERO","german hip hop, turkish hip hop",Hip Hop,KING LORI,2019-09-13,2d3WpbJFBND2vwMJyULdfU,13567047,"2Im8m4STDBosjfmb5hmP80, 5wyWp867LWGjFmYZXVSFnZ"
Wanted,OneRepublic,soft pop,Pop,Wanted,2019-09-06,6hLkeOMrhZ2CMLBp2of576,9318845,5Pwc4xIPtQLFEnJriah9YJ
Carry Me Away,John Mayer,singer-songwriter,Folk/Acoustic,Carry Me Away,2019-09-06,6TL3MOcVW8i1UiJkvhpDbR,904926,0hEurMDQu99nJRq8pTxO14
Susamam,"Şanışer, Kamufle, Mert Şenel, Mirac, Aga B, Defkhan, Aspova, Yeis Sensura, Sehabe, Deniz Tekin, Ozbi, Sokrat St, Tahribad-ı İsyan, Beta, Server Uraz, Hayki, Ados, Fuat","turkish hip hop, turkish pop, breakbeat","Electronic, Hip Hop, Pop",Susamam,2019-09-06,1aHKVxoYHAWvedbVUTP9SF,1500424,"5LUxu287CsPM7jy3yS3l86, 0JnDkp29FlLpGwsnub400t, 5YP7LI1ddSh4JFYe03h7ue, 7xoGvuN5XfZ3T4dZoJvMCr, 3QKeYTHlgDrec7FDej6XiN, 5piE2MZ1wGpBjpDud8kTOS, 2sjnyyL9NXijL3Fr2eLikf, 08zaslX1yBxta9zqc2yoWJ, 6P5Tw2kwv3BAa3iONsQe9x, 4TdvNk4wmn5DgBFiLDeCj0, 4DG2pTwQBor7a6wtoEABau, 7ouCgJkxRBIJljUiQVJK65, 7KNe21hAKV93GU7joDCs7e, 6Qhj2IvvWhPa0OgHHruMRL, 14obHIpcXd2SsTyR9VBsLL, 6I65kFgfXDWx56jwnip3TU, 4jtv7mIerRdHNQOkFtKyDW, 6tRmpYzDIjWoRHzbJO7Cpx"
Indeciso,"Reik, J Balvin, Lalo Ebratt","latin pop, reggaeton, latin","Latin, Pop",Indeciso,2019-08-23,59s0s39NFWScuHDbHytI14,115515486,"0vR2qb8m9WHeZ5ByCbimq2, 1vyhD5VmyZ7KMfW5gqLgo5, 1GAymyGBvB4gQy5Z5LZ1Wj"
Ride It,Regard,,,Ride It,2019-07-26,2tnVG71enUj33Ic2nFN6kZ,224475222,4ofCBoyEiGSePFAG500xev
Méchant,"Niska, Ninho",pop urbaine,Hip Hop,Mr Sal,2019-09-05,75bVc27bDSOAhMAL38cXpV,706008,"7CUFPNi1TU8RowpnFRSsZV, 6Te49r3A6f5BiIgBRxH7FH"
Te Quemaste,"Manuel Turizo, Anuel AA","reggaeton, latin, colombian pop, trap latino, urbano latino","Pop, Latin",ADN,2019-08-23,4fj7e6Tc48Bmomwyz2Z2XC,57287205,"0tmwSHipWxN12fsoLcFU3B, 2R21vXR83lH98kGeO99Y66"
Show & Tell,Melanie Martinez,,,K-12,2019-09-06,7po7c8LzxTZ0ybU41qT5gD,1975118,63yrD80RY3RNEM2YDpUpO8
223's (feat. 9lokknine),"YNW Melly, 9lokknine","melodic rap, ",Hip Hop,Melly vs. Melvin,2019-11-22,29ZXwWOOLz9t5fa3eT3i7T,133308877,"1cNDP5yjU5vjeR8qMf4grg, 0ceH34CATvfgphxnLRWFkm"
Wheels on the Bus,Melanie Martinez,,,K-12,2019-09-06,2plUcsOZm6pi1kFUncqLni,645850,63yrD80RY3RNEM2YDpUpO8
Don’t Call Me Angel (Charlie’s Angels) (with Miley Cyrus & Lana Del Rey),"Ariana Grande, Miley Cyrus, Lana Del Rey","pop, ",Pop,Charlie's Angels (Original Motion Picture Soundtrack),2019-11-01,6zegtH6XXd2PDPLvy1Y0n2,133563043,"66CXWjxzNUsdJxJ2JdwvnR, 5YGY8feqx7naU7z4HrwZM6, 00FQb4jTyendYWaN8pK0wa"
Graveyard,Halsey,,,Manic,2020-01-17,2ufmtcIFdFpuUYBPXK5f67,145167518,26VFTg2z8YR0cCuwLzESi2
Que Calor (with J Balvin & El Alfa),"Major Lazer, J Balvin, El Alfa, Diplo","moombahton, reggaeton, latin, dembow, urbano latino","Latin, Electronic",Que Calor (with J Balvin & El Alfa),2019-09-11,1G2CAJeP7rCwOZjlSJ0Zw3,94429136,"738wLrAtLtCtFOLvQBXOXp, 1vyhD5VmyZ7KMfW5gqLgo5, 2oQX8QiMXOyuqbcZEFsZfm, 5fMUXHkw8R8eOP2RNVYEZX"
Behind Barz - Bonus,Drake,"rap, hip hop",Hip Hop,Behind Barz (Bonus),2019-09-13,4B7fTyj1FIPvP9tT5X3DnR,50483678,3TVXtAsR1Inumwj472S9r4
Mood Swings,A Boogie Wit da Hoodie,melodic rap,Hip Hop,Mood Swings,2019-09-13,2xE16muNCmhZwSOv3i1d1H,3026322,31W5EY0aAly4Qieq6OFu6I
Panini - DaBaby Remix,"Lil Nas X, DaBaby",,,Panini,2019-09-13,4SDgTLDYrJ2UrHbkRkg7MD,32951658,"7jVv8c5Fj3E9VhNjxT4snq, 4r63FhuTkUYltbVAg5TQnk"
Genick,Loredana,german hip hop,Hip Hop,KING LORI,2019-09-13,1AGjF8pckOxTGeb5zubyqH,5906566,2Im8m4STDBosjfmb5hmP80
Somebody To Love,OneRepublic,soft pop,Pop,Somebody To Love,2019-09-04,0yc37FvbXRwwFaQxzpxbsd,829144,5Pwc4xIPtQLFEnJriah9YJ
Mother,Charlie Puth,"soft pop, pop",Pop,Mother,2019-09-12,6rVNnvyNeibts1uOqdSNIw,779645,6VuMaDnrHyPL1p4EHjYLi7
Camelot,NLE Choppa,,,Camelot,2019-09-13,4sWuPniHClkInYAnzXAYUF,94846197,0ErzCpIMyLcjPiwT4elrtZ
Supera - Ao Vivo,Marília Mendonça,"sertanejo, sertanejo universitário, arrocha, forró","Country, Latin","Todos Os Cantos, Vol. 3 (Ao Vivo)",2019-08-16,3GmJxfnUDrIs1iCfKUELFz,13497987,1yR65psqiazQpeM79CcGh8
"DJ No Pare (feat. Zion, Dalex, Lenny Tavárez) - Remix","Justin Quiles, NATTI NATASHA, Farruko, Lenny Tavárez, Dalex, Zion","reggaeton, latin, urbano latino, bachata, trap latino, argentine trap","Hip Hop, Latin","DJ No Pare (feat. Zion, Dalex, Lenny Tavárez) [Remix]",2019-09-06,1ndyl3wJCFs872XZ3ztPk6,89347454,"14zUHaJZo1mnYtn6IBRaRP, 1GDbiv3spRmZ1XdM1jQbT7, 329e4yvIujISKGKz1BZZbO, 1pQWsZQehhS4wavwh7Fnxd, 0KPX4Ucy9dk82uj4GpKesn, 1pgDilWYDWLoOgGjf1iHNu"
Sentou e Gostou,"MC JottaPê, MC M10, DJ RD","funk, brega funk, brazilian funk, agronejo","Country, Hip Hop, Pop, R&B",Sentou e Gostou,2019-07-01,6V43u5SCjkfMpxMAXRPifr,677929,"5GqnSMX8p2hxqsM6LqDty3, 2kMDiFDvjMOoLfcZbLgA6s, 0tvACMjTDrW7HCo4F2wiIb"
Die For Me (feat. Future & Halsey),"Post Malone, Halsey, Future",rap,Hip Hop,Hollywood's Bleeding,2019-09-06,2C6WXnmZ66tHhHlnvwePiK,47781640,"246dkjvS1zLTtiykXe5h60, 26VFTg2z8YR0cCuwLzESi2, 1RyvyyTE3xzB2ZywiAwp0i"
Memories,Maroon 5,pop,Pop,JORDI (Deluxe),2021-06-11,4cktbXiXOapiLBMprHFErI,370084251,04gDigrS5kc9YWfZHwBETP
110,"Capital Bra, Samra, LEA","german hip hop, german pop","Hip Hop, Pop",Berlin lebt 2,2019-10-03,67ojvEGRPAUCOohuMPqoRC,47599450,"4WZGDpNwrC0vNQyl9QzF7d, 6h1s4i4XKIYv4ErDelLDN0, 5Yo5iU2nf4H41waPl4ZnS1"
Ronin,"Bushido, Animus",german hip hop,Hip Hop,Ronin,2019-09-20,2l2UsmkfgmRC6fIDwwsiNM,4204017,"3c96G4d2lUOxhomM2mby5S, 4Mt1ci7cKg2DpDS5kJ5mHS"
200 km/h,Apache 207,german hip hop,Hip Hop,Platte,2019-10-25,2PGA1AsJal6cyMNmKyE56q,37380673,1qQLhymHXFPtP5U8KNKsm6
Feelings,Lauv,,,~how i'm feeling~,2019-11-14,1cL3ucXzG2hj3XOUPIWdvZ,54223067,5JZ7CnR6gTvEMKX4g70Amv
Summer Cem (feat. Luciano),"Summer Cem, Luciano",german hip hop,Hip Hop,Summer Cem (feat. Luciano),2019-09-20,3QIrkRSTz3yPd44HzN6qJr,7111805,"3drqpTL4sQOckmAfF9i1wg, 3CJKkU0XuElRT1z8rEtIYg"
Adriana,RAF Camora,german hip hop,Hip Hop,Adriana,2019-09-20,4G3gFk4oyvt8klQEVJBzea,3731790,0Dvx6p8JDyzeOPGmaCIH1L
INTRO,DaBaby,,,KIRK,2019-09-27,77KMttn3Lic7ZQKDlPqp8v,20744218,4r63FhuTkUYltbVAg5TQnk
Fuori E Dentro (feat. thasup),"Gemitaiz, MadMan, thasup",italian trap,Hip Hop,Scatola Nera,2019-09-19,34UHhwlly3SHryWuVfMOJm,862327,"4upwdFMlZBmQ68jP9jPzjK, 3MkkSf3u5KU52Mb2iMrqeX, 19i93sA0D7yS9dYoVNBqAA"
God Is A Dancer (with Mabel),"Tiësto, Mabel","edm, trance, big room, house, dance, ",Electronic,God Is A Dancer (with Mabel),2019-09-20,6fenHIxXuuzKB55wY4WCHP,1493637,"2o5jDhtHVPhrJdv3cEQ99Z, 1MIVXf74SZHmTIp4V4paH4"
Esagono (feat. Salmo),"Gemitaiz, MadMan, Salmo",italian trap,Hip Hop,Scatola Nera,2019-09-19,0Rsfm3UqHkNzKsb6L0Yz3Y,747774,"4upwdFMlZBmQ68jP9jPzjK, 3MkkSf3u5KU52Mb2iMrqeX, 3hBQ4zniNdQf1cqqo6hzuW"
No Te Debí Besar,"C. Tangana, Paloma Mami","flamenco, chilean trap, reggaeton chileno","Hip Hop, Latin",No Te Debí Besar,2019-09-12,1KdwnsWOvhM53vezy5ROuf,14533168,"5TYxZTjIPqKM8K8NuP9woO, 7rOlQwf8OuFLFQp4aydjBt"
Nur mit Dir (feat. Xavier Naidoo),"Shirin David, Xavier Naidoo","german hip hop, german pop","Hip Hop, Pop",SUPERSIZE,2019-09-19,6hh1ikcv3CPsq3a7e9ItNR,700947,"0JBdTCGs111JKKYfLqOEBa, 47RPLpnGhBRTjQrRBOev9s"
Pin the Grenade,blink-182,"pop punk, punk, emo pop, rock, skate punk, emo","Rock, Pop, Metal",NINE,2019-09-20,330cmrgtnIj4NtPTYdDOZv,696456,6FBDaR13swtiWwGhX1WQsP
Quizás,"Rich Music LTD, Dalex, Sech, Justin Quiles, Wisin, Zion, Dímelo Flow, Lenny Tavárez, Feid","reggaeton, urbano latino, latin, trap latino, argentine trap","Hip Hop, Latin",Quizás,2019-09-20,4AjWbAwRpxk2worpjNH5CS,20643988,"2kqUKsTuEj1lPbm6BSn1AU, 0KPX4Ucy9dk82uj4GpKesn, 77ziqFxp5gaInVrF2lj4ht, 14zUHaJZo1mnYtn6IBRaRP, 3E6xrwgnVfYCrCs0ePERDz, 1pgDilWYDWLoOgGjf1iHNu, 3fZk3Gm5dN5v5yfYMQ04Bx, 1pQWsZQehhS4wavwh7Fnxd, 2LRoIwlKmHjgvigdNGBHNo"
Hit Contagiante,"Felipe Original, MC Kevin o Chris, Sodré, JS o Mão de Ouro","brega funk, funk, brega, funk carioca, brazilian funk","Hip Hop, Country, Pop, R&B",Hit Contagiante,2019-07-26,5dKesZwp6deuhEeW8F1UEi,5286585,"2Cra8I2P4OnMkVguqZRVwi, 2UMj7NCbuqy1yUZmiSYGjJ, 07qgzS86XBNsyrY6MAVDAc, 7C7NNCiIFavKH6oDarjp0v"
Cuerpo en Venta,"Noriel, Myke Towers, Rauw Alejandro, Almighty","trap latino, dembow, reggaeton, trap, urbano latino, latin","Latin, Hip Hop",Cuerpo en Venta,2019-08-09,2B94bbI1a4LyBpK1439oP7,34309965,"3RtNN1VnooWEn3KQk03DUL, 7iK8PXO48WeuP03g8YR51W, 1mcTU81TzQhprhouKaTkpq, 6P6GTRTigHBp8ZesNtpCKH"
Feel Special,TWICE,k-pop,Pop,Feel Special,2019-09-23,14rWuS6yllHOdfZ8sZsZUj,21830592,7n2Ycct7Beij7Dj7meI4X0
Fantasias,"Rauw Alejandro, Farruko","reggaeton, urbano latino, trap latino, latin",Latin,Fantasias,2019-08-29,6mAN61JH0dzyZpWslS11jy,142361657,"1mcTU81TzQhprhouKaTkpq, 329e4yvIujISKGKz1BZZbO"
BOP,DaBaby,,,KIRK,2019-09-27,6Ozh9Ok6h4Oi1wUSLtBseN,124252527,4r63FhuTkUYltbVAg5TQnk
VIBEZ,DaBaby,,,KIRK,2019-09-27,0fySG6A6qLE8IvDpayb5bM,86810955,4r63FhuTkUYltbVAg5TQnk
Writing on the Wall (feat. Post Malone & Cardi B),"French Montana, Rvssian, Post Malone, Cardi B","trap latino, ",Latin,Writing on the Wall (feat. Post Malone & Cardi B),2019-09-27,7x9nXsowok1JszkVztI5NI,39626507,"6vXTefBL93Dj5IqAWq6OTv, 1fctva4kpRbg2k3v7kwRuS, 246dkjvS1zLTtiykXe5h60, 4kYSro6naA4h99UJvo89HB"
RAW SHIT (feat. Migos),"DaBaby, Migos",trap,Hip Hop,KIRK,2019-09-27,1CCDIow4pPYyJYzhtTUYz2,6693814,"4r63FhuTkUYltbVAg5TQnk, 6oMuImdp5ZcFhWP0ESe6mG"
TOES (feat. Lil Baby & Moneybagg Yo),"DaBaby, Lil Baby, Moneybagg Yo",memphis rap,Hip Hop,KIRK,2019-09-27,2FvD20Z8aoWIePi7PoN8sG,4941668,"4r63FhuTkUYltbVAg5TQnk, 5f7VJjfbwm532GiveGC0ZK, 3tJoFztHeIJkJWMrx0td2f"
OFF THE RIP,DaBaby,,,KIRK,2019-09-27,3e39X4Q74yJzsYUEeyf4ws,2018912,4r63FhuTkUYltbVAg5TQnk
"GOSPEL (feat. Chance The Rapper, Gucci Mane & YK Osiris)","DaBaby, Chance the Rapper, Gucci Mane, YK Osiris","southern hip hop, rap, trap, ",Hip Hop,KIRK,2019-09-27,0WoAkdHmgPmEXfiBox1flk,1955580,"4r63FhuTkUYltbVAg5TQnk, 1anyVhU62p31KFi8MEzkbf, 13y7CgLHjMVRMDqxdx0Xdo, 7meyrw7Or5DwteYxDJrkCM"
POP STAR (feat. Kevin Gates),"DaBaby, Kevin Gates",,,KIRK,2019-09-27,2TsD9kSbgYx5fSNRsoNURE,1896736,"4r63FhuTkUYltbVAg5TQnk, 1gPhS1zisyXr5dHTYZyiMe"
Honda Civic,"The Cratez, Bonez MC",german hip hop,Hip Hop,Honda Civic,2019-09-27,0WFgtxiLNr99YaoSdYR3Ud,8374693,"3pVfscwg2QxhdHtk966inb, 1aS5tqEs9ci5P9KD9tZWa6"
Lonely,"Diplo, Jonas Brothers","moombahton, ",Electronic,Lonely,2019-09-27,4fwo6czG5nvOQMzhOto1ya,44787533,"5fMUXHkw8R8eOP2RNVYEZX, 7gOdHgIoIKoe4i9Tta6qdD"
Qué Pena,"Maluma, J Balvin","reggaeton, latin, urbano latino",Latin,Qué Pena,2019-09-27,5099x34vBakWpGkHourFxP,60904648,"1r4hJ1h58CWwUQe3MxPuau, 1vyhD5VmyZ7KMfW5gqLgo5"
Si Te Vas,"Sech, Ozuna","reggaeton, urbano latino, latin, trap latino",Latin,Si Te Vas,2019-09-26,6Y4PDQv4XjYjHLeLmvyOt0,107854024,"77ziqFxp5gaInVrF2lj4ht, 1i8SpTcr7yvPOmcqrbnVXY"
iPHONE (with Nicki Minaj),"DaBaby, Nicki Minaj",,,KIRK,2019-09-27,3GX2hFAekmSduZzcS52OnR,1773772,"4r63FhuTkUYltbVAg5TQnk, 0hCNtLu0JehylgoiP8L4Gh"
REALLY (feat. Stunna 4 Vegas),"DaBaby, Stunna 4 Vegas",,,KIRK,2019-09-27,7vxGCUPJhe0fXfBkwVPFcP,1717360,"4r63FhuTkUYltbVAg5TQnk, 44IvvHRk2XF243QLA2VOa8"
Chicken Noodle Soup (feat. Becky G),"j-hope, Becky G","k-pop, k-rap, reggaeton, latin","Pop, Hip Hop, Latin",Chicken Noodle Soup (feat. Becky G),2019-09-27,6wyr4ReB05D9sJB1Rsmcqo,4184306,"0b1sIQumIAsNbqAoIClSpy, 4obzFoKoKRHIphyHzJ35G3"
Good Thing (with Kehlani),"Zedd, Kehlani","edm, ",Electronic,Good Thing (with Kehlani),2019-09-27,5aUSEPNd3m5xliFK4pn5mU,60931816,"2qxJFvFYMEDqd7ui6kSAcq, 0cGUm45nv7Z6M6qdXYQGTX"
XXL,DaBaby,,,KIRK,2019-09-27,4LH1gsNA3wUS6QKkGZoJN8,1652742,4r63FhuTkUYltbVAg5TQnk
2002,"Sido, Apache 207","german hip hop, german pop","Hip Hop, Pop",Ich & keine Maske,2019-09-26,2u8AXJyk8pICzj2wyPBL0b,14196728,"4Yttlv9ndGjCDCVLqM7ACq, 1qQLhymHXFPtP5U8KNKsm6"
PROLLY HEARD,DaBaby,,,KIRK,2019-09-27,0O7mJ0noFBLn8MMUJrFaF1,959633,4r63FhuTkUYltbVAg5TQnk
Fabergé,RIN,"german hip hop, cloud rap",Hip Hop,Fabergé,2019-09-27,7lnQCEtaDJeMZN75siSxLc,1637518,18ISxWwWjV6rPLoVCXf1dz
Trampoline (with ZAYN),"SHAED, ZAYN",,,Melt (Deluxe),2019-12-27,2ez6qvOTHKeI3ss80NGqnI,129685612,"3KwmxIhSe9UTSEF37kwngR, 5ZsFI1h6hIdQRw2ti0hz81"
THERE HE GO,DaBaby,,,KIRK,2019-09-27,0pegcONe6MuDQRoPCtCBRf,898553,4r63FhuTkUYltbVAg5TQnk
Hash Hash,SSIO,german hip hop,Hip Hop,Hash Hash,2019-09-26,0AuriGfdxWcFNLBCPMUJ71,885617,3IrUyDPQlQFcB5lMWhPml2
Gaiola É o Troco,"MC Du Black, DJ 2F","funk, brega funk, brazilian funk, funk carioca","Hip Hop, Pop, R&B",Gaiola É o Troco,2019-06-07,3Uq45ipGutypFPmETfaoaH,8724123,"6v4PBIzRAGaLp43LVureQc, 3tkq9ZnBaejLPLRpg8kGET"
El Triste,José José,bolero,Latin,Jose Jose (1),1970-00-00,0aTMBEfPCCkKkneU6gLmDD,611197,4mN0qcMxWX8oToqfDPM5yV
VALENTINO,24kGoldn,,,DROPPED OUTTA COLLEGE,2019-11-22,6piAUJJQFD8oHDUr0b7l7q,62864818,6fWVd57NKTalqvmjRd2t8Z
Stuck In A Dream (feat. Gunna),"Lil Mosey, Gunna",melodic rap,Hip Hop,Certified Hitmaker,2019-11-08,7iHHxY2NLlJRAmlAmC4ahQ,87120641,"5zctI4wO9XSKS8XwcnqEHk, 2hlmm7s2ICUX0LVIhVFlZQ"
AYA,"Murda, Ezhel","turkish hip hop, turkish pop","Hip Hop, Pop",AYA,2019-09-20,4IJEw3fDvS6XF4sDc3bvjK,5967682,"2y1VzMKAa5nmfXKtJL9jnj, 6LnJKrtFnTEGdbWQ2riWCL"
HIGHEST IN THE ROOM,Travis Scott,rap,Hip Hop,HIGHEST IN THE ROOM,2019-10-04,3eekarcy7kvN4yt5ZFzltW,309682412,0Y5tJX1MQlPlqiwlOH1tJY
"10,000 Hours (with Justin Bieber)","Dan + Shay, Justin Bieber","country, ",Country,"10,000 Hours (with Justin Bieber)",2019-10-04,2wrJq5XKLnmhRXHIAf9xBa,193331911,"7z5WFjZAIYejWy0NI5lv4T, 1uNFoZAHBGtllmzznpCI3s"
Bandit (with YoungBoy Never Broke Again),"Juice WRLD, YoungBoy Never Broke Again","melodic rap, emo rap, ",Hip Hop,Bandit (with YoungBoy Never Broke Again),2019-10-04,6Gg1gjgKi2AK4e0qzsR7sd,177166322,"4MCBfE4596Uoi2O4DtmEMz, 7wlFDEWiM5OoIAt8RSli8b"
Cry for Me,Camila Cabello,pop,Pop,Cry for Me,2019-10-04,40nPimvmG05WYS7983bawZ,14156991,4nDoRrQiYLoBzwC5BhVJzF
Playing Games (with Bryson Tiller) - Extended Version,"Summer Walker, Bryson Tiller",r&b,R&B,Over It,2019-10-04,2xyx0o4xNOLLjBSbOOdcbA,19857643,"57LYzLEk2LcFghVwuWbcuS, 2EMAnMvWE2eb56ToJVfCWs"
Berlin lebt wie nie zuvor,"Capital Bra, Samra",german hip hop,Hip Hop,Berlin lebt 2,2019-10-03,2pfio0uHpT4USTPBNeTIWo,4534289,"4WZGDpNwrC0vNQyl9QzF7d, 6h1s4i4XKIYv4ErDelLDN0"
Nice To Meet Ya,Niall Horan,,,Heartbreak Weather,2020-03-13,0DrFTaAX2srXPkuag35djb,78393439,1Hsdzj7Dlq2I7tHP7501T4
Come Thru (with Usher),"Summer Walker, USHER",r&b,R&B,Over It,2019-10-04,3TTMUI5dFcbeNSDTTDY9M8,4266434,"57LYzLEk2LcFghVwuWbcuS, 23zg3TcAtWQy7J6upgbUnj"
POPOPOP,Gambi,pop urbaine,Hip Hop,Popopop,2019-10-04,18HNGxDOcshRU2Hdu8tMOM,15719311,1lB3I3SI30v2ZOpR4XQqzJ
Sims,Lauv,,,~how i'm feeling~,2019-10-03,7sJwGtoWgkVRwzujlyT3cp,836650,5JZ7CnR6gTvEMKX4g70Amv
Jopping,SuperM,k-pop,Pop,SuperM - The 1st Mini Album,2019-10-04,5WrEilrRI5cIW0DxMvQYPZ,5026361,5BHFSMEjfLVx1JwRWjAOsE
Gigolò (feat. Sfera Ebbasta & Capo Plaza),"Lazza, Sfera Ebbasta, Capo Plaza","italian trap, trap",Hip Hop,Re Mida (Aurum),2019-10-03,4KilYheWwxakB1L43ECTeP,807084,"0jdNdfi4vAuVi7a6cPDFBM, 23TFHmajVfBtlRx5MXqgoz, 5SulO4l40qDuV9zUGLZx7n"
The Less I Know The Better,Tame Impala,"indie, psychedelic pop","Rock, Pop",Currents,2015-07-17,6K4t31amVTZDgR3sKmwUJJ,21017108,5INjqkS1o8h1imAzPqGZBb
Ballin' (with Roddy Ricch),"Mustard, Roddy Ricch",melodic rap,Hip Hop,Perfect Ten,2019-06-28,3QzAOrNlsabgbMwlZt7TAY,72849792,"0YinUQ50QDB7ZxSCLyQ40k, 757aE44tKEUQEqRuT6GnEB"
What Am I,Why Don't We,,,Big Plans,2019-01-17,0TMGV2zMZXOILVtQLtkI3G,22062387,2jnIB6XdLvnJUeNTy5A0J2
Bellaquita,"Dalex, Lenny Tavárez","reggaeton, urbano latino, trap latino, argentine trap","Hip Hop, Latin",Bellaquita,2019-09-06,1tpbAGsGpZee5jDHMcLrUJ,31878920,"0KPX4Ucy9dk82uj4GpKesn, 1pQWsZQehhS4wavwh7Fnxd"
Lights Up,Harry Styles,,,Fine Line,2019-12-13,4jAIqgrPjKLTY9Gbez25Qb,171011882,6KImCVD70vtIoJWnq6nGn3
Easy,Camila Cabello,pop,Pop,Easy,2019-10-11,46D0hYb1B7qiU33VtXt21W,31990248,4nDoRrQiYLoBzwC5BhVJzF
Quizas,"Rich Music LTD, Sech, Dalex, Justin Quiles, Lenny Tavárez, Feid, Wisin, Zion","reggaeton, urbano latino, trap latino, argentine trap, latin","Hip Hop, Latin",The Academy,2019-10-11,5Id5B3dxJZhPcV9GzgYZZe,93048667,"2kqUKsTuEj1lPbm6BSn1AU, 77ziqFxp5gaInVrF2lj4ht, 0KPX4Ucy9dk82uj4GpKesn, 14zUHaJZo1mnYtn6IBRaRP, 1pQWsZQehhS4wavwh7Fnxd, 2LRoIwlKmHjgvigdNGBHNo, 3E6xrwgnVfYCrCs0ePERDz, 1pgDilWYDWLoOgGjf1iHNu"
original me (feat. dan reynolds of imagine dragons),"YUNGBLUD, Dan Reynolds",,,original me (feat. dan reynolds of imagine dragons),2019-10-09,4KzOYxD4qIkUtZV9ZYakGu,933897,"6Ad91Jof8Niiw0lGLLi3NW, 3k3gbUT7bF0jYmFmAKBQtU"
Wir sind Kral,"Ufo361, Ezhel","german hip hop, turkish hip hop, turkish pop","Hip Hop, Pop",Wir sind Kral,2019-10-10,44Fc0oSgRn1MFwu18TcY8S,5257182,"5pVRwX5ZQR7hfJ18w8ZYkl, 6LnJKrtFnTEGdbWQ2riWCL"
Puta Madre,RAF Camora,german hip hop,Hip Hop,Puta Madre,2019-10-11,6cHxkkZ3TZUKsjd13pIO1p,1330252,0Dvx6p8JDyzeOPGmaCIH1L
Twisted (feat. Logic & A$AP Rocky),"French Montana, Juicy J, Logic, A$AP Rocky","memphis rap, crunk, rap",Hip Hop,Twisted (feat. Logic & A$AP Rocky),2019-10-11,5xEWiG0ug0rOymOjlzSGzx,707394,"6vXTefBL93Dj5IqAWq6OTv, 5gCRApTajqwbnHHPbr2Fpi, 4xRYI6VqpkE3UwrDrAZL8L, 13ubrt8QOOCPljQ2FL1Kca"
Make No Sense,YoungBoy Never Broke Again,,,AI YoungBoy 2,2019-10-11,6klLvorLoo1sxvZcjJIY8I,28324633,7wlFDEWiM5OoIAt8RSli8b
Oye,"TINI, Sebastian Yatra","latin pop, colombian pop, reggaeton, latin","Pop, Latin",Oye,2019-10-11,09nSCeCs6eYfAIJVfye1CE,4090970,"7vXDAI8JwjW531ouMGbfcp, 07YUOmWljBTXwIseAUd9TW"
RITMO (Bad Boys For Life),"Black Eyed Peas, J Balvin","reggaeton, latin",Latin,Translation,2020-06-18,4NCsrTzgVfsDo8nWyP8PPc,212689345,"1yxSLGMDHlW21z4YXirZDS, 1vyhD5VmyZ7KMfW5gqLgo5"
Harleys In Hawaii,Katy Perry,pop,Pop,Harleys In Hawaii,2019-10-16,5nCthAh3jt4xKuLJAifAaR,26733744,6jJ0s89eD6GaHleKKya26X
Wieso tust Du dir das an?,Apache 207,german hip hop,Hip Hop,Platte,2019-10-25,6dNB3XdAzx7kTf5wa8Rg89,26777248,1qQLhymHXFPtP5U8KNKsm6
Make It Right (feat. Lauv),"BTS, Lauv","k-pop, ",Pop,Make It Right (feat. Lauv),2019-10-18,314ZkcV7oLWG8yWE7LABvH,42873724,"3Nrfpe0tUJi4K4DXYWgMUX, 5JZ7CnR6gTvEMKX4g70Amv"
I Wanna Rock (feat. Gunna),"G-Eazy, Gunna",melodic rap,Hip Hop,Scary Nights,2019-10-18,5bzaS5tAni5oUpW7bWVdtY,4185875,"02kJSzxNuaWGqwubyUba0Z, 2hlmm7s2ICUX0LVIhVFlZQ"
Keine Liebe,"RIN, Bausa","german hip hop, cloud rap",Hip Hop,Keine Liebe,2019-10-18,41wZE5FpxbPaZqXtlmBhPG,6436526,"18ISxWwWjV6rPLoVCXf1dz, 13bDjug9N0pyv3ZUINjkDV"
Lose Control,"MEDUZA, Becky Hill, Goodboys",,,Lose Control,2019-10-11,7CHi4DtfK4heMlQaudCuHK,103945719,"0xRXCcSX89eobfrshSVdyu, 4EPJlUEBy49EX1wuFOvtjK, 2nm38smINjms1LtczR0Cei"
Que Tire Pa Lante,Daddy Yankee,"reggaeton, latin",Latin,Que Tire Pa Lante,2019-10-18,6RyaV7owmVU6fzEPE17sF1,100464346,4VMYDCV2IEDYJArk749S6m
Surtada - Remix Brega Funk,"Dadá Boladão, Tati Zaqui, OIK","brega funk, brega, funk, funk pop, brazilian funk","Hip Hop, Country, Pop, R&B",Surtada (Remix Brega Funk),2019-09-25,5F8ffc8KWKNawllr5WsW0r,22431693,"36SRwzRkX5zW3ABjJrevqX, 0e68cnJyUTJu1nEuxxMSLm, 1B5n6jsxvFldc6Nq8Wx8VJ"
DHL,Frank Ocean,,,DHL,2019-10-19,2INhKpUdzh7v0j041gZNsz,5273842,2h93pZq0e7k5yf4dywlkpM
Somebody,"Internet Money, Lil Tecca, A Boogie Wit da Hoodie","melodic rap, rap",Hip Hop,Somebody,2019-10-11,735RSTb2xbtWbDtKD9XDYi,14729102,"6MPCFvOQv5cIGfw3jODMF0, 4Ga1P7PMIsmqEZqhYZQgDo, 31W5EY0aAly4Qieq6OFu6I"
BEST ON EARTH (feat. BIA) - Bonus,"Russ, BIA",,,BEST ON EARTH (feat. BIA) [Bonus],2019-10-18,2Xo3rLHjXfdb4avN68aQyi,1881857,"1z7b1Pr1rSlvWRzsW3HOrS, 6veh5zbFpm31XsPdjBgPER"
Lose You To Love Me,Selena Gomez,pop,Pop,Rare,2020-01-10,4l0Mvzj72xxOpRrp6h8nHi,247670122,0C8ZW7ezQVs4URX5aX7Kqx
The Heart Wants What It Wants,Selena Gomez,pop,Pop,The Heart Wants What It Wants,2014-01-01,6wJwkMo278iWVlWl1XQ4WA,696251,0C8ZW7ezQVs4URX5aX7Kqx
Look At Her Now,Selena Gomez,pop,Pop,Rare,2020-01-10,7eOkHIcaoUhngxxypM5Ajr,103587011,0C8ZW7ezQVs4URX5aX7Kqx
July,Noah Cyrus,,,THE END OF EVERYTHING,2020-05-15,6J2LdBN97cDWn0MLxYh9HB,37905955,55fhWPvDiMpLnE4ZzNXZyW
Follow God,Kanye West,rap,Hip Hop,JESUS IS KING,2019-10-25,2QpGZOhTCHHiKmpSO9FW4h,86650523,5K4W6rqBFWDnAN6FQUkS6x
Selah,Kanye West,rap,Hip Hop,JESUS IS KING,2019-10-25,39JRmdKFka1Oe09FoOCPI4,21893363,5K4W6rqBFWDnAN6FQUkS6x
Closed On Sunday,Kanye West,rap,Hip Hop,JESUS IS KING,2019-10-25,3JWiDGQX2eTlFvKj3Yssj3,23313233,5K4W6rqBFWDnAN6FQUkS6x
On God,Kanye West,rap,Hip Hop,JESUS IS KING,2019-10-25,2SasoXZyv82yYgHiVOvxQn,23501479,5K4W6rqBFWDnAN6FQUkS6x
Every Hour,"Kanye West, Sunday Service Choir","rap, gospel, gospel r&b, worship","R&B, Hip Hop, Pop",JESUS IS KING,2019-10-25,1WnqWQcWcuQbVzgE7ecfCY,13362143,"5K4W6rqBFWDnAN6FQUkS6x, 2c9O21YLFy4tFI9zCVhbFg"
Everything We Need,"Kanye West, Ty Dolla $ign, Ant Clemons","rap, ",Hip Hop,JESUS IS KING,2019-10-25,24bnCCysWnbNRNUT4LpHcP,20048663,"5K4W6rqBFWDnAN6FQUkS6x, 7c0XG5cIJTrrAgEC3ULPiq, 028lPW2NdWHdSPCkRkcyhd"
Water,"Kanye West, Ant Clemons","rap, ",Hip Hop,JESUS IS KING,2019-10-25,454Epa1vrCGFddHXKyC1kb,13179475,"5K4W6rqBFWDnAN6FQUkS6x, 028lPW2NdWHdSPCkRkcyhd"
Use This Gospel,"Kanye West, Clipse, Kenny G","rap, southern hip hop, smooth jazz, christmas","Jazz, Hip Hop",JESUS IS KING,2019-10-25,0oPOuDmmkVp3h6puekhs6P,18230812,"5K4W6rqBFWDnAN6FQUkS6x, 2J257euzcjnDLipsyJH3F2, 6I3M904Y9IwgDjrQ9pANiB"
God Is,Kanye West,rap,Hip Hop,JESUS IS KING,2019-10-25,6xRWoYwfwIKnT8bQGzKbxR,13885448,5K4W6rqBFWDnAN6FQUkS6x
Hands On,"Kanye West, Fred Hammond","rap, gospel, worship, gospel r&b","R&B, Hip Hop, Pop",JESUS IS KING,2019-10-25,7r6aR2f57resC5r93LwMfK,11663676,"5K4W6rqBFWDnAN6FQUkS6x, 2ndyVAdV9UqF1XjyTJt484"
Orphans,Coldplay,,,Everyday Life,2019-11-22,03T4ttRCiLXST6MZjeMwmR,39212847,4gzpq5DPGxSnKTe4SA8HAU
Jesus Is Lord,Kanye West,rap,Hip Hop,JESUS IS KING,2019-10-25,7sBgFMWqDWQgrsNSpIBoe8,8469816,5K4W6rqBFWDnAN6FQUkS6x
Trigger,"Major Lazer, Khalid, Death Stranding: Timefall, Diplo",moombahton,Electronic,Trigger,2019-10-24,0Z26mbSHJ1dkUu7g9DDgif,41068193,"738wLrAtLtCtFOLvQBXOXp, 6LuN9FCkKOj5PcnpouEgny, 4rojTfP5nRkmYpdSbWQgV4, 5fMUXHkw8R8eOP2RNVYEZX"
Good as Hell (feat. Ariana Grande) - Remix,"Lizzo, Ariana Grande",pop,Pop,Good as Hell (feat. Ariana Grande) [Remix],2016-00-00,07Oz5StQ7GRoygNLaXs2pd,88906793,"56oDRnqbIiwx4mymNEv7dS, 66CXWjxzNUsdJxJ2JdwvnR"
Doch in der Nacht,Apache 207,german hip hop,Hip Hop,Platte,2019-10-25,3uhTOxvu2h2YEm0uPNF2vi,2295384,1qQLhymHXFPtP5U8KNKsm6
MAMACITA,"Tyga, YG, Carlos Santana","hyphy, ",Hip Hop,MAMACITA,2019-10-25,51wFQM8W0YfXTmHusXUr5i,4365754,"5LHRHt1k9lMyONurDHEdrp, 0A0FS04o6zMoto8OKPsDwY, 0MsXN56oNCyqorqEPViWgQ"
Frail State Of Mind,The 1975,,,Frail State Of Mind,2019-10-24,2i1CnSeLjppv41BTuc7qhY,813211,3mIj9lX2MWuHmhNCA7LSCW
Sex mit dir,Apache 207,german hip hop,Hip Hop,Platte,2019-10-25,0PEwVF6TStGXMTnQMAk9kl,767533,1qQLhymHXFPtP5U8KNKsm6
Face to Face,Rex Orange County,bedroom pop,Pop,Pony,2019-10-25,0YdIIMb2MHuxoUudkAY9gS,766914,7pbDxGE6nQSZVfiFdq9lOL
Aventura,"Lunay, Anuel AA, Ozuna","reggaeton, trap latino, urbano latino, latin",Latin,Épico,2019-10-25,37zdqI4r1gswIzczSBkRon,74820412,"47MpMsUfWtgyIIBEFOr4FE, 2R21vXR83lH98kGeO99Y66, 1i8SpTcr7yvPOmcqrbnVXY"
Raising Hell (feat. Big Freedia),"Kesha, Big Freedia",bounce,Hip Hop,Raising Hell (feat. Big Freedia),2019-10-24,3Ex5RFJRUdpHcDOLXJOVLy,695384,"6LqNN22kT3074XbTVUrhzX, 2gyv1akuIB9fQvXoGSPaJr"
Alocao (With Bad Gyal),"Omar Montes, Bad Gyal","flamenco, flamenco urbano, flamenco pop, neoperreo","Latin, Pop, Electronic",Alocao (With Bad Gyal),2019-10-24,6RyuoOJXNzlVWpfC5xQyeI,12219733,"3lY9Fxceu60W1rbon7PkuF, 4F4pp8NUW08JuXwnoxglpN"
ROXANNE,Arizona Zervas,,,ROXANNE,2019-10-10,696DnlkuDOXcMAnKlTgXXK,248774554,0vRvGUQVUjytro0xpb26bs
It Might Be Time,Tame Impala,"indie, psychedelic pop","Rock, Pop",It Might Be Time,2019-10-28,2P0NiuAfypaw5UZJoo0n0o,2394571,5INjqkS1o8h1imAzPqGZBb
Thriller,Michael Jackson,,,Thriller,1982-11-30,2LlQb7Uoj1kKyGhlkBf9aC,2286778,3fMbdgg4jU18AjLCKBhRSm
Ghostbusters,Ray Parker Jr.,,,Greatest Hits,1990-01-01,6thXB4RmajS4oZPNiBAKy0,1429689,0NyzfcGDZZ6GM25EBG9BYK
Monster Mash,"Bobby (Boris) Pickett, The Crypt-Kickers",,,The Original Monster Mash,1962-00-00,0xxZY5C9xxij3D1HkzbnfC,1337496,"42MRYPhQfcEXqb18dl5ERX, 4frDtYgwXXKkbyQzjOmJG5"
Highway to Hell,AC/DC,"rock, hard rock, classic rock, rock and roll",Rock,Highway to Hell,1979-07-27,2zYzyRzz6pRmhPzyfMEC8s,1904551,711MCceyCBcFnzjGY4Q7Un
SUPREME - L'ego (feat. tha Supreme & Sfera Ebbasta),"Marracash, thasup, Sfera Ebbasta","italian trap, trap",Hip Hop,Persona,2019-10-31,020wG4EHTwBy5h2rbpxqvK,10580175,"5AZuEF0feCXMkUCwQiQlW7, 19i93sA0D7yS9dYoVNBqAA, 23TFHmajVfBtlRx5MXqgoz"
This Is Halloween,The Citizens of Halloween,,,The Nightmare Before Christmas,1993-01-01,63y2aL2dT6zzw8FOSLaNrp,1132674,4LazDzEGshEUn9D2zbm6w2
Disturbia,Rihanna,,,Good Girl Gone Bad: Reloaded,2007-03-31,30VrBsh1STRBoIrhQOAwzK,889811,5pKCCKE2ajJHZ9KAiaK11H
Somebody's Watching Me - Single Version,Rockwell,,,Somebody’s Watching Me (Sped Up),2023-09-22,2QN9zL3SzXdGqqmXO68gFp,866190,3xs0LEzcPXtgNfMNcHzLIP
APPARTENGO - Il sangue (feat. Massimo Pericolo),"Marracash, Massimo Pericolo",italian trap,Hip Hop,Persona,2019-10-31,2tpfOljBdskx8G331TjRps,826881,"5AZuEF0feCXMkUCwQiQlW7, 1El4YQA8oCXX7ynFSxRTFq"
QUALCOSA IN CUI CREDERE - Lo scheletro (feat. Guè Pequeno),"Marracash, Guè",italian trap,Hip Hop,Persona,2019-10-31,39hRcGieqFaKfZ7LN91Vy5,799618,"5AZuEF0feCXMkUCwQiQlW7, 7F2utINZ6tSokSiZTQBE27"
QUELLI CHE NON PENSANO - Il cervello (feat. Coez),"Marracash, Coez","italian trap, indie","Rock, Hip Hop",Persona,2019-10-31,6l1Jnqfu7GAOV4MDgA2bNP,785313,"5AZuEF0feCXMkUCwQiQlW7, 5dXlc7MnpaTeUIsHLVe3n4"
BODY PARTS - I denti,Marracash,italian trap,Hip Hop,Persona,2019-10-31,4WOXQYfq3fYVRMcaXuHBAD,749033,5AZuEF0feCXMkUCwQiQlW7
SPORT - I muscoli (feat. Luchè),"Marracash, Luchè","italian trap, canzone napoletana, neomelodico","Traditional music, Hip Hop, Folk/Acoustic",Persona,2019-10-31,3HVm4g9bZHo0aMsjzGS7Ro,716211,"5AZuEF0feCXMkUCwQiQlW7, 3yiEJ9SByXZMXTwaKdVFN4"
Superstition - Single Version,Stevie Wonder,"motown, soul",R&B,The Definitive Collection,2002-10-29,1h2xVEoJORqrg71HocgqXd,715520,7guDJrEfX3qb6FEbdPA5qi
Zombie,The Cranberries,,,No Need To Argue (The Complete Sessions 1994-1995),1994-10-03,7EZC6E7UjZe63f1jRmkWxt,701580,7t0rwkOPGlDPEhaOcVtOt9
Don't Start Now,Dua Lipa,pop,Pop,Future Nostalgia,2020-03-27,3PfIrDoz19wz7qK7tYeu62,214189803,6M2wZ9GZgrQXHCFfjv46we
Bad To You (with Normani & Nicki Minaj),"Ariana Grande, Normani, Nicki Minaj","pop, ",Pop,Charlie's Angels (Original Motion Picture Soundtrack),2019-11-01,7vJS1DPc3FzBtqBs8n3mW5,20299137,"66CXWjxzNUsdJxJ2JdwvnR, 2cWZOOzeOm4WmBJRnD5R7I, 0hCNtLu0JehylgoiP8L4Gh"
Hot (Remix) [feat. Gunna and Travis Scott],"Young Thug, Travis Scott, Gunna","rap, melodic rap, trap",Hip Hop,So Much Fun (Deluxe),2019-12-20,4ea9w8c4ROqiZpJVhfBA3m,65708685,"50co4Is1HCEo8bhOyUWKpn, 0Y5tJX1MQlPlqiwlOH1tJY, 2hlmm7s2ICUX0LVIhVFlZQ"
Immortal,21 Savage,,,Immortal,2019-10-31,4IO8X9W69dIQe0EC5ALXhq,17805139,1URnnhqYAYcrqrcwql10ft
Whine Up,"Nicky Jam, Anuel AA","reggaeton, latin, trap latino, urbano latino",Latin,Intimo,2019-11-01,2pWOMNQJW3g2zmGjP0Vkb0,79029303,"1SupJlEpv7RS2tPNRaHViT, 2R21vXR83lH98kGeO99Y66"
Used To Love (with Dean Lewis),"Martin Garrix, Dean Lewis","edm, electronica, progressive house, ",Electronic,Used To Love (with Dean Lewis),2019-10-31,7pWK1kMgHy5lNNiIfuRbkP,29009903,"60d24wfXkVzDSfLS6hyCjZ, 3QSQFmccmX81fWCUSPTS7y"
Love Me More,Trippie Redd,melodic rap,Hip Hop,A Love Letter To You 4,2019-11-22,6uYgCE2OEulOw5zhHvZsHf,7691659,6Xgp2XMz1fhVYe7i6yNAax
KARMA,Nimo,german hip hop,Hip Hop,KARMA,2019-10-31,6oX9RuILbVIglevEhbg8iM,11677080,3ZuBEj9ppJe8GSdKaMTfMN
Some que ele vem atrás,"Anitta, Marília Mendonça","brazilian pop, funk pop, funk carioca, funk, pagode baiano, sertanejo, sertanejo universitário, arrocha, forró","Country, Pop, R&B, Hip Hop, Latin",Some que ele vem atrás,2019-10-30,2qD7VoDYcrAPY0cVEfpsR5,5542019,"7FNnA9vBm6EKceENgCGRMb, 1yR65psqiazQpeM79CcGh8"
All I Want for Christmas Is You,Mariah Carey,christmas,Jazz,Merry Christmas,1994-10-28,0bYg9bo50gSsH3LtXe2SQn,154471340,4iHNK0tOyZPYnBU7nGAgpQ
Chama Ela (feat. Pedro Sampaio),"Lexa, PEDRO SAMPAIO","funk pop, funk, brazilian pop, brazilian funk, funk carioca, brega funk","Hip Hop, Pop, R&B",Chama Ela (feat. Pedro Sampaio),2019-09-20,14kRWkCWBYfQqILflEcpSJ,640954,"0jTDeBJQr3unrK29LklnAv, 5wbf52LA6kcaboHSN6NEF1"
Cheirosa - Ao Vivo,Jorge & Mateus,"sertanejo, sertanejo universitário, arrocha, agronejo","Country, Latin",Cheirosa (Ao Vivo),2019-10-11,2PWjKmjyTZeDpmOUa3a5da,4298876,1elUiq4X7pxej6FRlrEzjM
In My Room,Frank Ocean,,,In My Room,2019-11-02,4S4Mfvv03M1cHgIOJcbUCL,4527986,2h93pZq0e7k5yf4dywlkpM
Pa' Olvidarme De Ella,"Piso 21, Christian Nodal","reggaeton, colombian pop, pop urbano, banda, ranchera, mariachi, norteño, música mexicana, grupera","Latin, Pop",Pa' Olvidarme De Ella,2019-09-06,1cVlW9WQiGlFdWUXFdFZGh,24570497,"4bw2Am3p9ji3mYsXNXtQcd, 0XwVARXT135rw8lyw1EeWP"
Yellow Hearts,Ant Saunders,,,Yellow Hearts,2019-06-18,2W4yABdLc4Jnds67Poi5Nl,64299230,4jpsw9CQS439N0B7SecMgf
Push My Luck,The Chainsmokers,,,World War Joy...Push My Luck,2019-11-08,2a3dopgTF1q4rMVDJ1rwBU,5087553,69GGBxA162lTqCwzJG5jLp
Woah,Lil Baby,,,My Turn,2020-02-28,02RCbjb9czvQKNGBmEmWob,49108326,5f7VJjfbwm532GiveGC0ZK
blun7 a swishland,thasup,italian trap,Hip Hop,23 6451,2019-11-15,7HwvPmK74MBRDhCIyMXReP,20697646,19i93sA0D7yS9dYoVNBqAA
Candy,Doja Cat,,,Amala,2018-03-30,1VJwtWR6z7SpZRwipI12be,45049252,5cj0lLjcoR7YOSnhnX0Po5
Hasta Que Salga el Sol,Ozuna,"reggaeton, latin, trap latino, urbano latino",Latin,Nibiru,2019-11-29,0dDboLfmRNsTBscy4j3Rnl,15356877,1i8SpTcr7yvPOmcqrbnVXY
Jerry Sprunger (with T-Pain),"Tory Lanez, T-Pain",,,Chixtape 5,2019-11-15,6JsHgIkMYHcbNtKfsal2Mg,8794569,"2jku7tDXc6XoB6MO2hFuqg, 3aQeKQSyrW4qWr35idm0cy"
Everyday Life,Coldplay,,,Everyday Life,2019-11-03,6WMf0Om41Z6HlMzXFuZ4F0,787298,4gzpq5DPGxSnKTe4SA8HAU
Kafa Leyla,"BRADO, MERO","german hip hop, turkish hip hop",Hip Hop,Kafa Leyla,2019-11-07,1BEo3epznRQuYhuQH8bZu9,1445027,"0Mh0QuhaJ6WIW0qrJwzMmt, 5wyWp867LWGjFmYZXVSFnZ"
Tusa,"KAROL G, Nicki Minaj","reggaeton, latin, urbano latino, ",Latin,KG0516,2021-03-26,0dKg2vGC1hFqcK5LGTaKzX,145149036,"790FomKkXshlbRYZFtlgla, 0hCNtLu0JehylgoiP8L4Gh"
Turn Me On (feat. Vula),"Riton, Oliver Heldens, Vula","house, future house, disco house",Electronic,Turn Me On (feat. Vula),2019-09-13,0qaWEvPkts34WF68r8Dzx9,24257914,"7i9j813KFoSBMldGqlh2Z1, 5nki7yRhxgM509M5ADlN1p, 6YqhcZlSE8ugUcmoHLw9gz"
Last Christmas,Wham!,christmas,Jazz,LAST CHRISTMAS,1984-11-29,2FRnf9qhLbvw8fu4IBXx78,116577820,5lpH0xAS4fVfLkACg9DAuM
Can We Kiss Forever?,"Kina, Adriana Proenza",,,Can We Kiss Forever?,2018-08-31,58wyJLv6yH1La9NIZPl3ne,15278918,"4qIVPF0s71ZYW3qzhu5GkF, 7KHA7OOevgTDFhlym0oEyP"
If the World Was Ending (feat. Julia Michaels),"JP Saxe, Julia Michaels",,,If the World Was Ending (feat. Julia Michaels),2019-10-17,2kJwzbxV2ppxnQoYw4GLBZ,36051043,"66W9LaWS0DPdL7Sz8iYGYe, 0ZED1XzwlLHW4ZaG4lOT6m"
Juicy,"Doja Cat, Tyga",,,Hot Pink,2019-11-07,7f5trao56t7sB7f14QDTmp,11671382,"5cj0lLjcoR7YOSnhnX0Po5, 5LHRHt1k9lMyONurDHEdrp"
GIANTS,"True Damage, Becky G, Keke Palmer, JEON SOYEON, Duckwrth, Thutmose, League of Legends","reggaeton, latin, k-pop, ","Pop, Latin",GIANTS,2019-11-10,5C0ivQMxes2lWuOANhvVAm,6831797,"7xX15v6ahAkcT14kHfB9wB, 4obzFoKoKRHIphyHzJ35G3, 2YFBOR9KIxC6WqHclkj9Yq, 6Xg22wJOAcnvPUfk5WvODH, 6I3MElirhT5t6Kf7p0hGk9, 1igl9M102nuD96lo3ZoW5d, 47mIJdHORyRerp4os813jD"
"Down Like That (feat. Rick Ross, Lil Baby & S-X)","KSI, S-X, Lil Baby, Rick Ross",southern hip hop,Hip Hop,"Down Like That (feat. Rick Ross, Lil Baby & S-X)",2019-11-08,4etKC4ngPKsQDHUMnYgV3A,4705199,"1nzgtKYFckznkcVMR3Gg4z, 0JYmighF3zbuA81Di54CZN, 5f7VJjfbwm532GiveGC0ZK, 1sBkRIssrMs1AbVkOJbc7a"
Santa Tell Me,Ariana Grande,pop,Pop,Santa Tell Me,2014-11-24,0lizgQ7Qw35od7CYaoMBZb,87886865,66CXWjxzNUsdJxJ2JdwvnR
Lover (Remix) [feat. Shawn Mendes],"Taylor Swift, Shawn Mendes",pop,Pop,Lover (Remix) [feat. Shawn Mendes],2019-11-13,3i9UVldZOE0aD0JnyfAZZ0,40972693,"06HL4z0CvFAxyc27GXpf02, 7n2wHs1TKAczGzO7Dd2rGr"
Hola - Remix,"Dalex, Lenny Tavárez, Chencho Corleone, Juhn, Dímelo Flow","reggaeton, urbano latino, trap latino, argentine trap","Hip Hop, Latin",Hola (Remix),2019-11-01,5stPVcRqb4qixbafP9e8lt,51839268,"0KPX4Ucy9dk82uj4GpKesn, 1pQWsZQehhS4wavwh7Fnxd, 37230BxxYs9ksS7OkZw3IU, 2LmcxBak1alK1bf7d1beTr, 3fZk3Gm5dN5v5yfYMQ04Bx"
everything i wanted,Billie Eilish,,,everything i wanted,2019-11-13,3ZCTVFBt2Brf31RLEnCkWJ,177946722,6qqNVTkY8uBg9cP3Jd7DAH
Mean It,"Lauv, LANY",,,~how i'm feeling~,2020-02-20,4z1rk9qlsqhp5LJm5qvXZF,57863692,"5JZ7CnR6gTvEMKX4g70Amv, 49tQo2QULno7gxHutgccqF"
Tongue Tied (with YUNGBLUD & blackbear),"Marshmello, YUNGBLUD, blackbear","edm, ",Electronic,Tongue Tied (with YUNGBLUD & blackbear),2019-11-13,7jzldCBnJjpJM3epzJ85KE,12745487,"64KEffDW9EtZ1y2vBYgq8T, 6Ad91Jof8Niiw0lGLLi3NW, 2cFrymmkijnjDg9SS92EPM"
Reply (feat. Lil Uzi Vert),"A Boogie Wit da Hoodie, Lil Uzi Vert",melodic rap,Hip Hop,Reply (feat. Lil Uzi Vert),2019-11-15,364spZLB5bhNlnPrzvUB41,7138802,"31W5EY0aAly4Qieq6OFu6I, 4O15NlyKLIASxsJ0PrXPfz"
Up All Night,Khalid,,,Up All Night,2019-11-14,1mpD5Q8IM32I4bF6eCpU74,47511933,6LuN9FCkKOj5PcnpouEgny
Living Proof,Camila Cabello,pop,Pop,Romance,2019-12-06,4jFD7byoPdGkEdjHLMduR9,13455771,4nDoRrQiYLoBzwC5BhVJzF
Beauty In The Benz (feat. Snoop Dogg),"Tory Lanez, Snoop Dogg","g-funk, west coast hip hop, gangster rap, hip hop, rap",Hip Hop,Chixtape 5,2019-11-15,0BpYTh0O2ut5wvt0QtDGt4,923752,"2jku7tDXc6XoB6MO2hFuqg, 7hJcb9fa4alzcOq3EaNPoG"
Blanco,J Balvin,"reggaeton, latin",Latin,Colores,2020-03-19,5pXy29xzxR3aTB0SYRI590,34349128,1vyhD5VmyZ7KMfW5gqLgo5
Flames (with ZAYN),"R3HAB, ZAYN, Jungleboi","slap house, edm, ",Electronic,Flames (with ZAYN),2019-11-15,2DcZd7oFgctIJZG5pFncyD,883321,"6cEuCEZu7PAE9ZSzLLc2oQ, 5ZsFI1h6hIdQRw2ti0hz81, 1igVsxmGxt1VTKPulM0EuA"
fuck 3x,thasup,italian trap,Hip Hop,23 6451,2019-11-15,5YxP1CkunbhUQVvctFOHa7,3402865,19i93sA0D7yS9dYoVNBqAA
sw1n6o - feat. Salmo,"thasup, Salmo",italian trap,Hip Hop,23 6451,2019-11-15,0I26eEAwEoii0wHuFqwhYO,849202,"19i93sA0D7yS9dYoVNBqAA, 3hBQ4zniNdQf1cqqo6hzuW"
come fa1,thasup,italian trap,Hip Hop,23 6451,2019-11-15,5tlRHNdTy4la5CuTkbYeQE,825923,19i93sA0D7yS9dYoVNBqAA
The Take (feat. Chris Brown),"Tory Lanez, Chris Brown",r&b,R&B,Chixtape 5,2019-11-15,0Odu228D0yGcFySGuxU4rY,791575,"2jku7tDXc6XoB6MO2hFuqg, 7bXgB6jMjp9ATFy66eO08Z"
2ollipop,thasup,italian trap,Hip Hop,23 6451,2019-11-15,5nL0vuUo0oBm26obUe5Ogu,757936,19i93sA0D7yS9dYoVNBqAA
occh1 purpl3 - feat. Marracash,"thasup, Marracash",italian trap,Hip Hop,23 6451,2019-11-15,7gRPkCEa3YMaxET5ZYT7Ni,723099,"19i93sA0D7yS9dYoVNBqAA, 5AZuEF0feCXMkUCwQiQlW7"
m12ano - feat. Mara Sattei,"thasup, Mara Sattei",italian trap,Hip Hop,23 6451,2019-11-15,0LfMuWu6FKNSDHEoxHu9iK,687717,"19i93sA0D7yS9dYoVNBqAA, 0zoMmzmyi8N8LwzhyXPvtk"
Death,"Trippie Redd, DaBaby","melodic rap, ",Hip Hop,A Love Letter To You 4,2019-11-22,3Kd6Wp3lG5HXMB2dlvuy7y,15482068,"6Xgp2XMz1fhVYe7i6yNAax, 4r63FhuTkUYltbVAg5TQnk"
Gan-Ga - Remix,"Bryant Myers, Anuel AA","trap latino, reggaeton, trap, urbano latino, dembow, latin","Latin, Hip Hop",Gan-Ga (Remix),2019-11-15,27qRmG3zOWPvMYUkpPdQ1g,3228591,"6w9ToX5slZ4uIdmD17hJ3c, 2R21vXR83lH98kGeO99Y66"
None Of Your Concern,"Jhené Aiko, Big Sean","r&b, ",R&B,None Of Your Concern,2019-11-15,1nal3Tf1OCV53KigMZXsZ7,672234,"5ZS223C6JyBfXasXxrRqOk, 0c173mlxpT3dSFRgMO8XPh"
Watermelon Sugar,Harry Styles,,,Fine Line,2019-12-13,6UelLqGlWMcVH1E5c4H7lY,99200050,6KImCVD70vtIoJWnq6nGn3
Falling,Trevor Daniel,,,Nicotine,2020-03-26,2rRJrJEo19S2J82BDsQ3F7,127484851,7uaIm6Pw7xplS8Dy06V6pT
It's Beginning to Look a Lot like Christmas,Michael Bublé,christmas,Jazz,Christmas (Deluxe Special Edition),2011-10-24,1rv46mRwDqMEhOBZ7vODg3,73867785,1GxkXlMwML1oSg5eLPiAz3
Jingle Bell Rock,Bobby Helms,christmas,Jazz,Jingle Bell Rock/Captain Santa Claus (And His Reindeer Space Patrol),1957-12-02,7vQbuQcyTflfCIOu3Uzzya,67483885,38EmEgXkgK51MT2tPY0EoC
Rockin' Around The Christmas Tree,Brenda Lee,christmas,Jazz,Merry Christmas From Brenda Lee,1964-10-19,2EjXfH91m7f8HiJN1yQg97,67697908,4cPHsZM98sKzmV26wlwD2W
Mistletoe,Justin Bieber,,,Under The Mistletoe (Deluxe Edition),2011-01-01,7xapw9Oy21WpfEcib2ErSA,61286419,1uNFoZAHBGtllmzznpCI3s
Ayy Macarena,Tyga,,,Ayy Macarena,2019-11-13,6LcauUZjF1eXQrgqMUecHX,53297394,5LHRHt1k9lMyONurDHEdrp
Before You Go,Lewis Capaldi,soft pop,Pop,Divinely Uninspired To A Hellish Extent (Extended Edition),2019-11-22,2gMXnyrvIjhVBUZwvLZDMP,73443170,4GNC7GD6oZMSxPGyXy4MNB
Vete,Bad Bunny,"reggaeton, trap latino, latin, urbano latino",Latin,YHLQMDLG,2020-02-29,2n7ohqg1s68ToAHh4u9mcW,97873904,4q3ewBCX7sLwd24euuV69X
LOYAL (feat. Drake),"PARTYNEXTDOOR, Drake","r&b, rap, hip hop","Hip Hop, R&B",PARTYMOBILE,2020-03-26,3LnJM1B5Mjgx5LfT9plXUU,22247950,"2HPaUgqeutzr3jx5a9WyDV, 3TVXtAsR1Inumwj472S9r4"
Own It (feat. Ed Sheeran & Burna Boy),"Stormzy, Burna Boy, Ed Sheeran","grime, uk drill, afrobeats, afrobeat, afropop, afroswing, dancehall, afropiano, soft pop","Traditional music, R&B, Pop, Electronic",Heavy Is The Head,2019-12-13,4QPEwDdOMhY7rNS05mTyMR,50370215,"2SrSdSvpminqmStGELCSNd, 3wcj11K77LjEY1PkEazffa, 6eUKZXaKkcviH0Ku9w2n3V"
6 Kiss,"Trippie Redd, Juice WRLD, YNW Melly","melodic rap, emo rap",Hip Hop,A Love Letter To You 4,2019-11-22,7tgjDlQsMR8RvkdlNCJA58,13480663,"6Xgp2XMz1fhVYe7i6yNAax, 4MCBfE4596Uoi2O4DtmEMz, 1cNDP5yjU5vjeR8qMf4grg"
Who Needs Love,Trippie Redd,melodic rap,Hip Hop,A Love Letter To You 4,2019-11-22,2ktxr00GpTtbMNeBjNeY8D,11094939,6Xgp2XMz1fhVYe7i6yNAax
Champion Of The World,Coldplay,,,Everyday Life,2019-11-22,6mf7BNgXs8JipPr2QILnyN,1089801,4gzpq5DPGxSnKTe4SA8HAU
Love Sick,Trippie Redd,melodic rap,Hip Hop,A Love Letter To You 4,2019-11-22,2PRKaIkl62537yLUt8VhHR,1011273,6Xgp2XMz1fhVYe7i6yNAax
Leray,Trippie Redd,melodic rap,Hip Hop,A Love Letter To You 4,2019-11-22,6GivWRmlYtefJr28jev6e0,993607,6Xgp2XMz1fhVYe7i6yNAax
bad vibes forever,"XXXTENTACION, PnB Rock, Trippie Redd","emo rap, melodic rap",Hip Hop,bad vibes forever,2019-11-22,69dXVFCMiz3SL1L7M24NdX,5120371,"15UsOTVnJzReFVN1VCnxy4, 21WS9wngs9AqFckK7yYJPM, 6Xgp2XMz1fhVYe7i6yNAax"
This Ain't That,"Trippie Redd, Lil Mosey",melodic rap,Hip Hop,A Love Letter To You 4,2019-11-22,07NMFSwppnky8JyIQIxAQZ,872437,"6Xgp2XMz1fhVYe7i6yNAax, 5zctI4wO9XSKS8XwcnqEHk"
Hate Me,"Trippie Redd, YoungBoy Never Broke Again","melodic rap, ",Hip Hop,A Love Letter To You 4,2019-11-22,1FxTz4x5X7ewAICkKhB3kA,870641,"6Xgp2XMz1fhVYe7i6yNAax, 7wlFDEWiM5OoIAt8RSli8b"
Real Feel,Trippie Redd,melodic rap,Hip Hop,A Love Letter To You 4,2019-11-22,6Dqja51kHdm93TJGkX7T16,853930,6Xgp2XMz1fhVYe7i6yNAax
Love You For A Long Time,Maggie Rogers,,,Love You For A Long Time,2019-11-21,6QTPacyXkZWG9FMwq6L1hJ,829561,4NZvixzsSefsNiIqXn0NDe
Bang Bang,YNW Melly,melodic rap,Hip Hop,Melly vs. Melvin,2019-11-22,66FltlEV09mPJYAyfYm8De,2780522,1cNDP5yjU5vjeR8qMf4grg
Til The End of Time,Trippie Redd,melodic rap,Hip Hop,A Love Letter To You 4,2019-11-22,3Z9vHQOOPvRtOnTPyXLkWD,756115,6Xgp2XMz1fhVYe7i6yNAax
Something Real (with London On Da Track & Chris Brown),"Summer Walker, London On Da Track, Chris Brown",r&b,R&B,Something Real (with London On Da Track & Chris Brown),2019-11-22,4otQJBpb8okSeykALR3eCH,717870,"57LYzLEk2LcFghVwuWbcuS, 5Nf5yishRW9Ye174sJISkg, 7bXgB6jMjp9ATFy66eO08Z"
Make It to Heaven (with Raye),"David Guetta, MORTEN, RAYE","edm, dance, ",Electronic,Make It To Heaven (with Raye),2019-11-21,5dS2dvXVPe7AR6UwBpnomW,713966,"1Cs0zKBU1kc0i8ypK3B9ai, 19HFRWmRCl27kTk6LeqAO8, 5KKpBU5eC2tJDzf0wmlRp2"
Skifahren (feat. Joshi Mizu),"The Cratez, Bausa, Maxwell, Joshi Mizu",german hip hop,Hip Hop,Skifahren (feat. Joshi Mizu),2019-11-15,1E1YyZjbteIz2XQyLvtRxD,1371174,"3pVfscwg2QxhdHtk966inb, 13bDjug9N0pyv3ZUINjkDV, 0b62itBWBdLgiecXjXCqKC, 03bmDyr8klGV17DKQnPZVA"
Combatchy (feat. MC Rebecca),"Anitta, Lexa, Luísa Sonza, Rebecca","brazilian pop, funk pop, funk carioca, funk, pagode baiano, brazilian funk, brega funk","Hip Hop, Pop, R&B, Latin",Combatchy (feat. MC Rebecca),2019-11-20,2bPtwnrpFNEe8N7Q85kLHw,17983282,"7FNnA9vBm6EKceENgCGRMb, 0jTDeBJQr3unrK29LklnAv, 4PzYKhC14sTJNEr0dzoo0d, 5MS6HieNmKxzkAM8amE8sr"
U Deserve It,"Trippie Redd, Chris King, Quan'ta","melodic rap, ",Hip Hop,A Love Letter To You 4,2019-11-22,4hQ6o8ECY5MyHyodnyOHEw,691735,"6Xgp2XMz1fhVYe7i6yNAax, 19Nq4oCJmRe9pxcCfxRgU7, 2kuTXO1yl1horIqmc9JQnI"
All For Me,"Trippie Redd, Smokepurpp","melodic rap, ",Hip Hop,A Love Letter To You 4,2019-11-22,01kOu8BA8yzAHx9LUidTi9,691227,"6Xgp2XMz1fhVYe7i6yNAax, 21dooacK2WGBB5amYvKyfM"
It's the Most Wonderful Time of the Year,Andy Williams,"christmas, adult standards","Easy listening, Jazz",The Andy Williams Christmas Album,1963-00-00,1IcR6RlgvDczfvoWJSSY2A,63139961,4sj6D0zlMOl25nprDJBiU9
Into the Unknown,"Idina Menzel, AURORA","musicals, norwegian pop, art pop","Pop, Classical",Frozen 2 (Original Motion Picture Soundtrack/Deluxe Edition),2019-11-15,3Z0oQ8r78OUaHvGPiDBR3W,38453127,"73Np75Wv2tju61Eo9Zw4IR, 1WgXqy2Dd70QQOU7Ay074N"
Holly Jolly Christmas,Michael Bublé,christmas,Jazz,Christmas (Deluxe Special Edition),2011-10-24,67mgz7S5y7hnCE63YBjfO6,49793178,1GxkXlMwML1oSg5eLPiAz3
Let It Snow! Let It Snow! Let It Snow! (with The B. Swanson Quartet),"Frank Sinatra, B. Swanson Quartet","christmas, big band, adult standards, swing music, vocal jazz, jazz, ","Easy listening, Jazz",The Classic Christmas Album,1945-00-00,0SUKNXEqZnRw7g0NO139FM,50026802,"1Mxqyy3pSjf8kZZL4QVxS0, 0JXiS2FrAg3wQYJHcmZdrc"
Do They Know It's Christmas? - 1984 Version,Band Aid,christmas,Jazz,Do They Know It’s Christmas?,1984-11-25,4Yg2w0P29BBBMixyeNjDtj,51851414,35S20clEkkSNUo23ViaslZ
Underneath the Tree,Kelly Clarkson,christmas,Jazz,Wrapped In Red,2013-10-25,3nAp4IvdMPPWEH9uuXFFV5,45244592,3BmGtnKgCSGYIUhmivXKWX
Into the Unknown - Panic! At The Disco Version,Panic! At The Disco,emo,Rock,Frozen 2 (Original Motion Picture Soundtrack/Deluxe Edition),2019-11-15,421eObjg0DTm2qajJl5OJm,6979716,20JZFwl6HVl6yg8a4H3ZqK
Show Yourself,"Idina Menzel, Evan Rachel Wood","musicals, ",Classical,Frozen 2 (Original Motion Picture Soundtrack/Deluxe Edition),2019-11-15,50WeOnXhM1H7AZEeIDoWfZ,5714191,"73Np75Wv2tju61Eo9Zw4IR, 3MyB0MyKec3Jq0AH2llk7v"
Bellaquita - Remix,"Dalex, Lenny Tavárez, Anitta, NATTI NATASHA, Farruko, Justin Quiles","reggaeton, urbano latino, trap latino, argentine trap, brazilian pop, funk pop, funk carioca, funk, pagode baiano, latin, bachata","Hip Hop, Latin, Pop, R&B",Bellaquita (Remix),2019-11-22,1Xnn1TPyr5h0hpRAT4B4EA,29937814,"0KPX4Ucy9dk82uj4GpKesn, 1pQWsZQehhS4wavwh7Fnxd, 7FNnA9vBm6EKceENgCGRMb, 1GDbiv3spRmZ1XdM1jQbT7, 329e4yvIujISKGKz1BZZbO, 14zUHaJZo1mnYtn6IBRaRP"
Heartless,The Weeknd,,,After Hours,2020-03-20,6bnF93Rx87YqUBLSgjiMU8,93734471,1Xyo4u8uXC1ZmMpatF05PJ
Starboy,"The Weeknd, Daft Punk","french house, electronic, electro","Hip Hop, Electronic",Starboy,2016-11-25,7MXVkk9YMctZqd1Srtv4MB,3612961,"1Xyo4u8uXC1ZmMpatF05PJ, 4tZwfgrHOc3mvqYlEYSvVi"
The Hills,The Weeknd,,,Beauty Behind The Madness,2015-08-28,7fBv7CLKzipRk6EC6TWHOB,729029,1Xyo4u8uXC1ZmMpatF05PJ
Soldi in Nero - feat. Sfera Ebbasta,"Shiva, Sfera Ebbasta","italian trap, trap",Hip Hop,Soldi in Nero (feat. Sfera Ebbasta),2019-11-28,1Xm2e1vDwOMeJJioWuG1s7,1946984,"2K5nCggbhSZ00YCYP5qkZS, 23TFHmajVfBtlRx5MXqgoz"
Obsession,EXO,k-pop,Pop,OBSESSION – The 6th Album,2019-11-27,7fK0csBoqbcgUuWGV0cpoD,674706,3cjEqqelV9zb4BYE3qDQ4O
Feliz Navidad,José Feliciano,"christmas, bolero","Latin, Jazz",My Name Is José Feliciano,2001-00-00,3qCeq0rWK67SoBDgFd2sId,47235813,7K78lVZ8XzkjfRSI7570FF
Happy Xmas (War Is Over) - Remastered 2010,"John Lennon, The Harlem Community Choir, The Plastic Ono Band, Yoko Ono","christmas, art rock, avant-garde, art pop","Pop, Rock, Classical, Jazz",Power To The People - The Hits,2010-10-04,3zJw3rugfpVrmBeDDnUYzy,49873588,"4x1nvY2FN8jxqAFA0DA02H, 0vneleczrRRNPF1vj0x0vy, 4m2kfAHEnK7Z7qLGxeWtro, 2s4tjL6W3qrblOe0raIzwJ"
Blinding Lights,The Weeknd,,,After Hours,2020-03-20,0VjIjW4GlUZAMYd2vXMi3b,104635897,1Xyo4u8uXC1ZmMpatF05PJ
Der Bratan bleibt der gleiche,Capital Bra,german hip hop,Hip Hop,Der Bratan bleibt der gleiche,2019-11-28,2M39v73rNJmAXUXIW0oagP,7142650,4WZGDpNwrC0vNQyl9QzF7d
Fantasía,Ozuna,"reggaeton, latin, trap latino, urbano latino",Latin,Nibiru,2019-11-29,40rXWke6SnXiGkSmaT8ZUr,10787388,1i8SpTcr7yvPOmcqrbnVXY
Ne reviens pas,"Gradur, Heuss L'enfoiré",pop urbaine,Hip Hop,Zone 59,2019-11-29,4TnFANpjVwVKWzkxNzIyFH,22666053,"2tcoLkA9Hexz70Kuc1NTUl, 3YwqjMyrRfuixi2pbgTGCE"
Tip Toe (feat. A Boogie Wit da Hoodie),"Roddy Ricch, A Boogie Wit da Hoodie",melodic rap,Hip Hop,Please Excuse Me for Being Antisocial,2019-12-06,6ztvsy3C6hPjVg9j4x1XKJ,9434696,"757aE44tKEUQEqRuT6GnEB, 31W5EY0aAly4Qieq6OFu6I"
Wonderful Christmastime - Edited Version / Remastered 2011,Paul McCartney,,,McCartney II (Special Edition),1980-05-16,1SV1fxF65n9NhRHp3KlBuu,41618464,4STHEaNw4mPZ2tzheohgXB
White Christmas - 1947 Version,"Bing Crosby, Ken Darby Singers, John Scott Trotter & His Orchestra","christmas, ",Jazz,White Christmas,1945-01-01,3XsaSIPWvM61RIFfeb0BBR,37767091,"6ZjFtWeHP9XN7FeKSUe80S, 69UfPJgUmFFAVT740qGVZi, 735L650pvygCZZlPMyHqsN"
The Christmas Song (Merry Christmas To You),Nat King Cole,"christmas, adult standards, vocal jazz","Easy listening, Jazz",The Nat King Cole Story,1961-09-25,5humEOJehpAwMJEJmb0JJ2,38394388,7v4imS0moSyGdXyLgVTIV7
Driving Home for Christmas - 2019 Remaster,Chris Rea,christmas,Jazz,"Dancing with Strangers (Deluxe Edition, 2019 Remaster)",1987-08-02,27qAMKrDdKEs8HDXcvR24R,42304213,5KEG7G8LDYlHgFDqZyEEs2
A Holly Jolly Christmas,Burl Ives,christmas,Jazz,A Holly Jolly Christmas,2024-10-25,2nSjVyGwkGehPs6yQw1ztC,33909708,0MHgLfmQdutffmvWe5XBTN
Have Yourself A Merry Little Christmas,Sam Smith,soft pop,Pop,Have Yourself A Merry Little Christmas,2014-12-05,1Qi2wh8fFgDV7tl4Sj3f2K,32865199,2wY79sveU1sp5g7SokKOiI
Let It Snow! Let It Snow! Let It Snow!,Dean Martin,"christmas, adult standards, big band, swing music","Easy listening, Jazz",A Winter Romance,1959-01-01,2uFaJJtFpPDc5Pa95XzTvg,32081172,49e4v89VmlDcFCMyDv9wQ9
It's Beginning to Look a Lot Like Christmas (with Mitchell Ayres & His Orchestra),"Perry Como, The Fontane Sisters, Mitchell Ayres & His Orchestra","christmas, adult standards, ","Easy listening, Jazz",Greatest Christmas Songs,1999-08-20,6IeK3Ap5m3HabwJxgI6eSE,28764560,"5v8jlSmAQfrkTjAlpUfWtu, 1Ml4OuStDoympbREURAM15, 0HS96tPggl2nwiz3gNWWI5"
Sleigh Ride,The Ronettes,christmas,Jazz,Sleigh Ride,2020-12-04,7fUYUcWy853HS8YJn0b3Sr,32443296,7CyeXFnOrfC1N6z4naIpgo
Merry Christmas Everyone,Shakin' Stevens,"christmas, rockabilly","Jazz, Rock",Merry Christmas Everyone,1991-11-25,2TE4xW3ImvpltVU0cPcKUn,33553035,0wi4yTYlGtEnbGo4ltZTib
Santa Claus Is Coming to Town,Michael Bublé,christmas,Jazz,Christmas (Deluxe Special Edition),2011-10-24,7Ivelh8N9J25Yj9KKxYj6w,28040503,1GxkXlMwML1oSg5eLPiAz3
Jingle Bell Rock - Daryl's Version,Daryl Hall & John Oates,soft rock,Rock,Jingle Bell Rock,1983-11-01,6pVW5LRWgeLaHudxauOTJU,28518165,77tT1kLj6mCWtFNqiOmP9H
Fairytale of New York (feat. Kirsty MacColl),"The Pogues, Kirsty MacColl","celtic rock, christmas, folk punk, celtic, ","Traditional music, Rock, Jazz, Folk/Acoustic",If I Should Fall from Grace with God (Expanded Edition),1988-09-05,3VTNVsTTu05dmTsVFrmGpK,28753280,"2wzMOQwNT6ZvVB4amvhFAH, 6UlNIFEuWlBqb4TvlVCekq"
Blue Christmas,Elvis Presley,"rockabilly, rock and roll",Rock,Elvis' Christmas Album,1957-10-15,3QiAAp20rPC3dcAtKtMaqQ,25661359,43ZHCT0cAZBISjO8DG9PnE
Christmas (Baby Please Come Home),Mariah Carey,christmas,Jazz,Merry Christmas,1994-10-28,3PIDciSFdrQxSQSihim3hN,23769923,4iHNK0tOyZPYnBU7nGAgpQ
My Only Wish (This Year),Britney Spears,pop,Pop,My Only Wish (This Year),2000-11-14,0YWUHZPJVg4iujddsJDwhM,20199215,26dSoYclwsYLMAKD3tpOr4
Step Into Christmas - Remastered 1995,Elton John,,,Caribou (Remastered 1995),1974-06-28,11P4sSu6BH2lAbWk1sL6cK,20465666,3PhoLpVuITZKcymswpck5b
Christmas Lights,Coldplay,,,Christmas Lights,2010-12-01,4fzyvSu73BhGvi96p2zwjL,18996878,4gzpq5DPGxSnKTe4SA8HAU
I'll Be Home,Meghan Trainor,,,Title (Expanded Edition),2015-01-09,0lTurWECr2XL607eJAj1A3,13875317,6JL8zeS1NmiOftqZTRgdTz
Hallelujah,Pentatonix,christmas,Jazz,A Pentatonix Christmas,2016-10-21,550rQQCGkrTzvp4SfpOPzx,8130872,26AHtbjWKiwYzsoGoUZq53
Run Rudolph Run,Chuck Berry,"rockabilly, rock and roll",Rock,Rock 'N' Roll Rarities,1986-01-01,2pnPe4pJtq7689i5ydzvJJ,16692795,293zczrfYafIItmnmM3coR
"Santa Claus Is Comin' to Town - Live at C.W. Post College, Greenvale, NY - December 1975",Bruce Springsteen,,,"Santa Claus Is Comin' to Town (Live at C.W. Post College, Greenvale, NY - December 1975)",1981-00-00,6s2wpWPFPAgKg2LXxi1Oee,14102265,3eqjTLE0HfPfh78zjh6TqT
Like It's Christmas,Jonas Brothers,,,Like It's Christmas,2019-11-08,1OjmlSFuzYflWjSMTCyTJv,18982019,7gOdHgIoIKoe4i9Tta6qdD
Santa Baby,"Ariana Grande, Liz Gillies","pop, christmas","Jazz, Pop",Christmas Kisses,2013-01-01,6YJdPrH3i2POzu7hdHIRrb,15819824,"66CXWjxzNUsdJxJ2JdwvnR, 7pLntWGInZPQxc4kXxzzjB"
Winter Wonderland,Tony Bennett,"vocal jazz, christmas, big band, adult standards, jazz","Easy listening, Jazz",Snowfall: The Tony Bennett Christmas Album,1968-10-06,1yxcKrEcxt4O03IIC25yHk,10338670,2lolQgalUvZDfp5vvVtTYV
Santa's Coming for Us,Sia,,,Everyday Is Christmas (Deluxe Edition),2018-11-01,1N1ZpYUJc9fwrqk53FGgWv,13454203,5WUlDfRSoLAfcVSX1WnrxN
No Idea,Don Toliver,,,Heaven Or Hell,2020-03-13,7AzlLxHn24DxjgQX73F9fU,41549584,4Gso3d4CscCijv0lmajZWs
Santa Baby,Kylie Minogue,dance pop,Pop,Kylie Christmas,2015-11-13,2SBr3MK1sdMs8IxdRcN6qz,12719510,4RVnAU35WRWra6OZ3CbbMA
Santa Claus Is Coming To Town,The Jackson 5,"motown, christmas","Jazz, R&B",Merry Christmas,1970-01-01,6a1hzBiTkgqTsDA0Xgfh9z,19124012,2iE18Oxc8YSumAU232n4rW
Santa Baby (with Henri René & His Orchestra),"Eartha Kitt, Henri René and His Orchestra","christmas, exotica","Jazz, Easy listening",Heavenly Eartha,2002-00-00,1foCxQtxBweJtZmdxhEHVO,7191237,"1AwO9pWEBSBoWdEZu28XDC, 0oK8UXKZbQezeRhE0KeBAV"
Thank God It's Christmas - Non-Album Single,Queen,"classic rock, rock, glam rock",Rock,The Works (Deluxe Edition 2011 Remaster),1984-02-27,2xGO2UjzxeVQSIkyg98vck,13686524,1dfeR4HaWDbWqFHLkxsg1d
One More Sleep,Leona Lewis,,,"Christmas, With Love",2013-12-02,78pn8k7RogKo2oxl0DyX6d,12919718,5lKZWd6HiSCLfnDGrq9RAm
Christmas (Baby Please Come Home),Darlene Love,christmas,Jazz,"Christmas (Baby, Please Come Home)",2020-12-04,47ohYW8e7dxCYn9qbUMBCI,24346468,391oLRVmoTkumiN79HkTWu
White Christmas (with Shania Twain),"Michael Bublé, Shania Twain","christmas, country","Jazz, Country",Christmas,2011-10-24,2gbCG4Rt9984UZ7Tc0dIFd,6929052,"1GxkXlMwML1oSg5eLPiAz3, 5e4Dhzv426EvQe3aDb64jL"
Adore You,Harry Styles,,,Fine Line,2019-12-13,3jjujdWJ72nww5eGnfs2E7,74277496,6KImCVD70vtIoJWnq6nGn3
My Oh My (feat. DaBaby),"Camila Cabello, DaBaby","pop, ",Pop,Romance,2019-12-06,3yOlyBJuViE2YSGn3nVE1K,51110073,"4nDoRrQiYLoBzwC5BhVJzF, 4r63FhuTkUYltbVAg5TQnk"
SUGA's Interlude,"Halsey, SUGA, BTS",k-pop,Pop,Manic,2020-01-17,1ZoQVu9XBssJBdeKMgF2eV,2441117,"26VFTg2z8YR0cCuwLzESi2, 0ebNdVaOfp6N0oZ1guIxM8, 3Nrfpe0tUJi4K4DXYWgMUX"
bad vibes forever (feat. PnB Rock & Trippie Redd),"XXXTENTACION, PnB Rock, Trippie Redd","emo rap, melodic rap",Hip Hop,Bad Vibes Forever,2019-12-06,03eJ2DclFWXYU8GWgANdmZ,6651462,"15UsOTVnJzReFVN1VCnxy4, 21WS9wngs9AqFckK7yYJPM, 6Xgp2XMz1fhVYe7i6yNAax"
Family,"The Chainsmokers, Kygo",tropical house,Electronic,World War Joy,2019-12-06,3TKpJrY9q49Mj1JOsM9zGL,21335599,"69GGBxA162lTqCwzJG5jLp, 23fqKkggKUBHNkbKtXEls4"
KEIN SCHLAF,"Nimo, Hava",german hip hop,Hip Hop,KEIN SCHLAF,2019-12-05,6416zJN0FGPmh1Ph4BH2h3,6978455,"3ZuBEj9ppJe8GSdKaMTfMN, 3Mn6d673ieRza7uw6zY2Zv"
Ex Bitch,XXXTENTACION,emo rap,Hip Hop,Bad Vibes Forever,2019-12-06,40KuvsFD0zpUFuCcmt5Xm0,1840704,15UsOTVnJzReFVN1VCnxy4
COLT,Samra,german hip hop,Hip Hop,COLT,2019-12-05,76IVpz47q3ghkxoUeTTEKb,5764749,6h1s4i4XKIYv4ErDelLDN0
Christmas Tree Farm,Taylor Swift,,,Christmas Tree Farm,2019-12-06,2mvabkN1i2gLnGAPUVdwek,13606740,06HL4z0CvFAxyc27GXpf02
Finally // beautiful stranger,Halsey,,,Manic,2020-01-17,42SOtYBdnfj9zEdZSlAq5k,953495,26VFTg2z8YR0cCuwLzESi2
Tiffany,Shindy,german hip hop,Hip Hop,Tiffany,2019-12-06,2L0H5LWEuIAvrzfzTruyCB,901833,5j21TGkrNEAJe3gG9VlS34
Peta (feat. Meek Mill),"Roddy Ricch, Meek Mill","melodic rap, rap",Hip Hop,Please Excuse Me for Being Antisocial,2019-12-06,4bl1HBZliBuYpFZjWgefE4,1636190,"757aE44tKEUQEqRuT6GnEB, 20sxb77xiYeusSH8cVdatc"
Start Wit Me (feat. Gunna),"Roddy Ricch, Gunna",melodic rap,Hip Hop,Please Excuse Me for Being Antisocial,2019-12-06,7A20WnLkjtZU2d7hIB6Ziu,3079097,"757aE44tKEUQEqRuT6GnEB, 2hlmm7s2ICUX0LVIhVFlZQ"
Legends,Juice WRLD,"melodic rap, emo rap",Hip Hop,Legends,2018-06-22,1Knctxx9vGZxpZfF66BIEa,26877704,4MCBfE4596Uoi2O4DtmEMz
Lean Wit Me,Juice WRLD,"melodic rap, emo rap",Hip Hop,Goodbye & Good Riddance,2018-12-10,3oDkdAySo1VQQG0ptV7uwa,9623926,4MCBfE4596Uoi2O4DtmEMz
Black & White,Juice WRLD,"melodic rap, emo rap",Hip Hop,Goodbye & Good Riddance,2018-12-10,1fCeXjoRExPP2qwSBh2aST,2815675,4MCBfE4596Uoi2O4DtmEMz
Wasted (feat. Lil Uzi Vert),"Juice WRLD, Lil Uzi Vert","melodic rap, emo rap",Hip Hop,Goodbye & Good Riddance,2018-12-10,1a7WZZZH7LzyvorhpOJFTe,2690495,"4MCBfE4596Uoi2O4DtmEMz, 4O15NlyKLIASxsJ0PrXPfz"
Let Me Know (I Wonder Why Freestyle),Juice WRLD,"melodic rap, emo rap",Hip Hop,Let Me Know (I Wonder Why Freestyle),2019-12-07,3wwo0bJvDSorOpNfzEkfXx,17450263,4MCBfE4596Uoi2O4DtmEMz
Hide (feat. Seezyn),"Juice WRLD, Seezyn","melodic rap, emo rap, ",Hip Hop,Spider-Man: Into the Spider-Verse (Soundtrack From & Inspired by the Motion Picture),2018-12-14,6rz0dTA0PdhXImFV5EjM0w,757888,"4MCBfE4596Uoi2O4DtmEMz, 1jIVEaq8GmqMYb8nFNAZgb"
1400 / 999 Freestyle,"Trippie Redd, Juice WRLD","melodic rap, emo rap",Hip Hop,A Love Letter To You 3,2018-11-09,75lcPkAkUsKWHGBlGM476R,748345,"6Xgp2XMz1fhVYe7i6yNAax, 4MCBfE4596Uoi2O4DtmEMz"
The Box,Roddy Ricch,melodic rap,Hip Hop,Please Excuse Me for Being Antisocial,2019-12-06,0nbXyq5TXYPCO7pr3N8S4I,40593143,757aE44tKEUQEqRuT6GnEB
Futsal Shuffle 2020,Lil Uzi Vert,melodic rap,Hip Hop,Futsal Shuffle 2020,2019-12-12,2Ec33AVlkTTq8BHFgBTdQs,40313244,4O15NlyKLIASxsJ0PrXPfz
Falling,Harry Styles,,,Fine Line,2019-12-13,1ZMiCix7XSAbfAJlEZWMCp,29972876,6KImCVD70vtIoJWnq6nGn3
Golden,Harry Styles,,,Fine Line,2019-12-13,45S5WTQEGOB1VHr1Q4FuPl,14003540,6KImCVD70vtIoJWnq6nGn3
Cherry,Harry Styles,,,Fine Line,2019-12-13,2IOFZdYYkFxEHVz1w34PoL,12888381,6KImCVD70vtIoJWnq6nGn3
She,Harry Styles,,,Fine Line,2019-12-13,6SQLk9HSNketfgs2AyIiMs,10404729,6KImCVD70vtIoJWnq6nGn3
To Be So Lonely,Harry Styles,,,Fine Line,2019-12-13,5JiH89mHrv9oWHlD0T326z,9319160,6KImCVD70vtIoJWnq6nGn3
"Sunflower, Vol. 6",Harry Styles,,,Fine Line,2019-12-13,6iYMfxznTBlcVOgRHab2W0,8985629,6KImCVD70vtIoJWnq6nGn3
Treat People With Kindness,Harry Styles,,,Fine Line,2019-12-13,03mMSLEJCPoGJwQhHpN5y0,7039539,6KImCVD70vtIoJWnq6nGn3
Fine Line,Harry Styles,,,Fine Line,2019-12-13,6VzcQuzTNTMFnJ6rBSaLH9,7201207,6KImCVD70vtIoJWnq6nGn3
Canyon Moon,Harry Styles,,,Fine Line,2019-12-13,5IhzJOXNE7ki0IIJbZbnGq,5960533,6KImCVD70vtIoJWnq6nGn3
Audacity (feat. Headie One),"Stormzy, Headie One","grime, uk drill, drill","Hip Hop, Electronic, Pop",Heavy Is The Head,2019-12-13,6Oq4fiDzKaFMU89dTvM24u,957039,"2SrSdSvpminqmStGELCSNd, 6UCQYrcJ6wab6gnQ89OJFh"
Future Nostalgia,Dua Lipa,pop,Pop,Future Nostalgia,2020-03-27,6zrJLhslleCHby0wbUnvVy,917661,6M2wZ9GZgrQXHCFfjv46we
Liberdade Provisória - Ao Vivo,Henrique & Juliano,"sertanejo, sertanejo universitário, arrocha, agronejo","Country, Latin","Ao Vivo no Ibirapuera, Vol. 1",2020-01-31,3Ghyp3X5Ua9ypHnBIgOObI,16912054,3p7PcrEHaaKLJnPUGOtRlT
Roses - Imanbek Remix,"SAINt JHN, Imanbek",slap house,Electronic,While The World Was Burning,2020-11-20,0zLCBJZSiELJf02ucPP9wb,17427506,"0H39MdGGX6dbnnQPt6NQkZ, 5rGrDvrLOV2VV8SCFVGWlj"
I Saw Mommy Kissing Santa Claus,The Jackson 5,"motown, christmas","Jazz, R&B",Merry Christmas,1970-01-01,3lkYS3iMpWMVpaJ0yJAFrJ,10436455,2iE18Oxc8YSumAU232n4rW
SENTADÃO,"PEDRO SAMPAIO, Felipe Original, JS o Mão de Ouro","funk, funk pop, brazilian funk, funk carioca, brega funk, brazilian pop, brega","Hip Hop, Pop, Country, R&B",SENTADÃO,2019-11-22,4lKuzrdZrJuCAedbIslF3A,4517360,"5wbf52LA6kcaboHSN6NEF1, 2Cra8I2P4OnMkVguqZRVwi, 7C7NNCiIFavKH6oDarjp0v"
Suicidal,YNW Melly,melodic rap,Hip Hop,Melly vs. Melvin,2019-11-22,1iSqfoUFnQwV0QW1EfUit8,16412364,1cNDP5yjU5vjeR8qMf4grg
Sigues Con El,"Arcángel, Sech, Dímelo Flow","reggaeton, trap latino, urbano latino",Latin,Sigues Con El,2019-12-13,7sQKy5vlPQllr0k9IjYJv3,16489286,"4SsVbpTthjScTS7U2hmr1X, 77ziqFxp5gaInVrF2lj4ht, 3fZk3Gm5dN5v5yfYMQ04Bx"
Hop Off A Jet (feat. Travis Scott),"Young Thug, Travis Scott","rap, melodic rap, trap",Hip Hop,So Much Fun (Deluxe),2019-12-20,3RZftiuTcLOqpsd8ZlwNhr,4280881,"50co4Is1HCEo8bhOyUWKpn, 0Y5tJX1MQlPlqiwlOH1tJY"
You Make It Feel Like Christmas (feat. Blake Shelton),"Gwen Stefani, Blake Shelton",country,Country,You Make It Feel Like Christmas,2017-10-06,2OQ6a4CfUeYskpTTgyawyJ,7709619,"4yiQZ8tQPux8cPriYMWUFP, 1UTPBmNbXNTittyMJrNkvw"
Mit Dir,Loredana,german hip hop,Hip Hop,Mit Dir,2019-12-20,26FNTVsgF4m31xvDgFfhGW,863692,2Im8m4STDBosjfmb5hmP80
why are you here,mgk,,,why are you here,2019-12-18,63h44N1oLElnzut7RxZt6Z,839837,6TIYQ3jFPwQSRmorSezPxX
"Merry Christmas, Happy Holidays",*NSYNC,,,Home For Christmas,1998-10-23,15coTBAzEN1bOeipoNDZAR,7447183,6Ff53KvcvAj5U7Z1vojB5o
I'll Be Home for Christmas,Michael Bublé,christmas,Jazz,Christmas (Deluxe Special Edition),2011-10-24,0GyXfYRuvG9nt71zF99SER,6652341,1GxkXlMwML1oSg5eLPiAz3
What Christmas Means To Me,Stevie Wonder,"motown, soul",R&B,Someday At Christmas (Expanded Edition),1967-00-00,7xZsOJBebpV9lsX3XUV7x3,6474101,7guDJrEfX3qb6FEbdPA5qi
"Baby, It's Cold Outside (feat. Meghan Trainor)","Brett Eldredge, Meghan Trainor","country, christmas, ","Jazz, Country",Glow,2016-10-28,5Q2P43CJra0uRAogjHyJDK,6084316,"0qSX3s5pJnAlSsgsCne8Cz, 6JL8zeS1NmiOftqZTRgdTz"
"Baby, It's Cold Outside",Dean Martin,"christmas, adult standards, big band, swing music","Easy listening, Jazz",A Winter Romance,1959-01-01,4MrfQL4TYQXJBlZYpAHTuE,6371432,49e4v89VmlDcFCMyDv9wQ9
Carol of the Bells (From  Home Alone  Soundtrack),John Williams,soundtrack,Easy listening,Home Alone (Original Motion Picture Soundtrack),1990-00-00,4tHqQMWSqmL6YjXwsqthDI,6136350,3dRfiJ2650SZu6GbydcHNb
Mistletoe And Holly - Remastered 1999,Frank Sinatra,"christmas, big band, adult standards, swing music, vocal jazz, jazz","Easy listening, Jazz",A Jolly Christmas From Frank Sinatra,1957-09,7faDzZnZYqTyYThx2sbHVQ,5969425,1Mxqyy3pSjf8kZZL4QVxS0
Rudolph The Red-Nosed Reindeer,Dean Martin,"christmas, adult standards, big band, swing music","Easy listening, Jazz",A Winter Romance,1959-01-01,2L9QLAhrvtP4EYg1lY0Tnw,6148764,49e4v89VmlDcFCMyDv9wQ9
Joy To The World,Nat King Cole,"christmas, adult standards, vocal jazz","Easy listening, Jazz",The Christmas Song (Expanded Edition),1962-00-00,1VuAamHM7P3VQQEXYGG3Uu,5232716,7v4imS0moSyGdXyLgVTIV7
Jingle Bells - Remastered 1999,Frank Sinatra,"christmas, big band, adult standards, swing music, vocal jazz, jazz","Easy listening, Jazz",A Jolly Christmas From Frank Sinatra,1957-09,4HEOgBHRCExyYVeTyrXsnL,5199690,1Mxqyy3pSjf8kZZL4QVxS0
Jingle Bells (feat. The Puppini Sisters),"Michael Bublé, The Puppini Sisters","christmas, swing music, electro swing","Jazz, Easy listening",Christmas (Deluxe Special Edition),2011-10-24,3nfxV3jfRcRWISwek49LTg,5047802,"1GxkXlMwML1oSg5eLPiAz3, 1svaANJTE5KrG16fTGDqOs"
It's Beginning To Look Like Christmas,Bing Crosby,christmas,Jazz,White Christmas,1945-01-01,44mYhOVgerj2qPjkGDVA6n,5075934,6ZjFtWeHP9XN7FeKSUe80S
Psycho,Red Velvet,k-pop,Pop,‘The ReVe Festival’ Finale,2019-12-23,3CYH422oy1cZNoo0GTG1TK,10473244,1z4g3DjTBBZKhvAroFlhOM
Last Christmas,Ariana Grande,pop,Pop,Christmas Kisses,2013-01-01,5xDrO9DEDJGUQGfyoHvgDJ,3824878,66CXWjxzNUsdJxJ2JdwvnR
All I Want (For Christmas),Liam Payne,,,LP1,2019-12-06,0JM8LI4HxrQs2Reqr2naYo,3848209,5pUo3fmmHT8bhCyHE52hA6
Shake Up Christmas,Train,soft pop,Pop,"Save Me, San Francisco (Golden Gate Edition)",2010-12-01,1NghHeg0wE32eBYrQBVQXL,3720327,3FUY2gzHeIiaesXtOAdB7A
Sleigh Ride,Ella Fitzgerald,"vocal jazz, jazz, swing music, jazz blues, big band, christmas","Easy listening, Jazz, Blues",Ella Wishes You A Swinging Christmas (Expanded Edition),1960-01-01,4ukUoXLuFzMixyZyabSGc4,4180739,5V0MlUE1Bft0mbLlND7FJz
This Christmas,Donny Hathaway,soul,R&B,Donny Hathaway,1971-00-00,7MSYSOobsombc1mbDWFxtD,4237741,0HU0U9kdXEHZVxUNbuQe8S
Do You Hear What I Hear?,Bing Crosby,christmas,Jazz,Winter Wonderland,1998-01-01,4EZUcj7c8n9pWIwHqN0DoH,4159531,6ZjFtWeHP9XN7FeKSUe80S
Cozy Little Christmas,Katy Perry,pop,Pop,Cozy Little Christmas,2018-11-15,02FaKXXL7KUtRc7K0k54tL,3799187,6jJ0s89eD6GaHleKKya26X
All I Want for Christmas Is You,Michael Bublé,christmas,Jazz,Christmas (Deluxe Special Edition),2011-10-24,5S8rkSt8wio92kjIOjbJ0U,3070716,1GxkXlMwML1oSg5eLPiAz3
Mary's Boy Child / Oh My Lord,Boney M.,disco,R&B,Worldmusic for Christmas,2017-11-10,2qqZ5fOGuNvYVzgPFDLQ4l,3025685,54R6Y0I7jGUCveDTtI21nb
Happy Xmas (War Is Over),Céline Dion,variété française,,These are Special Times,1998-10-30,2ohR9Qj4TgZafZCptO9cly,3046587,4S9EykWXhStSc15wEx8QFK
Christmas Time,Bryan Adams,,,Christmas EP,2019-11-15,7LoFMtL7hxP9tr5HYyyUrJ,1585016,3Z02hBLubJxuFJfhacLSDc
Wonderful Dream (Holidays Are Coming) - Radio Version,Melanie Thornton,christmas,Jazz,Ready To Fly,2001-01-01,0SvD6EdetxVtXei2JhkV4B,1560251,2apYMRrg5FxN4go0pfsCvf
Merry Xmas Everybody,Slade,"glam rock, christmas","Jazz, Rock",Merry Xmas Everybody,1973-11-07,0z5jr9YE1siursT3dJUwDV,2747265,10n5lhNDoSMUHWLlnST1yw
Little Saint Nick - 1991 Remix,The Beach Boys,baroque pop,Pop,The Beach Boys' Christmas Album,1964-11-09,5xlS0QkVrSH7ssEbBgBzbM,3194645,3oDbviiivRWhXwIE8hxkVV
Make It To Christmas,Alessia Cara,,,Make It To Christmas,2019-11-08,6RS6rcjnWrdfVuu2U2W2dj,2815804,2wUjUUtkb5lvLKcGKsKqsR
Cold December Night,Michael Bublé,christmas,Jazz,Christmas,2011-10-24,4FPrAERfkPKOBKrRoyuxLu,2705556,1GxkXlMwML1oSg5eLPiAz3
O Holy Night,Mariah Carey,christmas,Jazz,Merry Christmas,1994-10-28,3B7FO3kJ5kv3mX7yiaB7sT,2626908,4iHNK0tOyZPYnBU7nGAgpQ
Winter Wonderland,Bing Crosby,christmas,Jazz,Winter Wonderland,1998-01-01,5VEuraNSVxMTzDTtrmL3lQ,2845678,6ZjFtWeHP9XN7FeKSUe80S
Have Yourself a Merry Little Christmas,Christina Aguilera,,,My Kind Of Christmas,2000-11-03,0iV9yfj1knFNOSEiuTHZwl,2664113,1l7ZsJRRS8wlW3WfJfPfNS
Christmas (Baby Please Come Home),Michael Bublé,christmas,Jazz,Christmas,2011-10-24,66WPXyhXqMlkM1kZhyEXWK,2493482,1GxkXlMwML1oSg5eLPiAz3
Here Comes Santa Claus (Right Down Santa Claus Lane) - 1947 Version,Gene Autry,christmas,Jazz,Rudolph The Red Nosed Reindeer And Other Christmas Classics,1947-00-00,25leEEaz1gIpp7o21Fqyjo,2616174,5ixB75BQR3ADoWQkcHQJTs
Christmas Time,Backstreet Boys,,,Pop & Wave - Christmas Edition,2019-09-27,72NzBkyGzlInzlFGarAK7k,2441493,5rSXSAkZ67PYJSvpUpkOr7
Frosty The Snowman,Ella Fitzgerald,"vocal jazz, jazz, swing music, jazz blues, big band, christmas","Easy listening, Jazz, Blues",Ella Wishes You A Swinging Christmas (Expanded Edition),1960-01-01,65irrLqfCMRiO3p87P4C0D,2595822,5V0MlUE1Bft0mbLlND7FJz
Here Comes Santa Claus (Right Down Santa Claus Lane),Elvis Presley,"rockabilly, rock and roll",Rock,Elvis' Christmas Album,1957-10-15,7n7VsX3sv66znBwA8b5uhp,2549507,43ZHCT0cAZBISjO8DG9PnE
Mele Kalikimaka (Merry Christmas),"Bing Crosby, The Andrews Sisters","christmas, big band, swing music","Easy listening, Jazz",White Christmas,1945-01-01,04vLj9QUXoKdRlsp3gkURo,2581707,"6ZjFtWeHP9XN7FeKSUe80S, 2NCGI6dLTxLdI9XHdv7QfM"
Baby It's Cold Outside (with Michael Bublé),"Idina Menzel, Michael Bublé","musicals, christmas","Jazz, Classical",Holiday Wishes,2014-10-10,0Ie5uiv54KgCr7P4sYDTHl,2401399,"73Np75Wv2tju61Eo9Zw4IR, 1GxkXlMwML1oSg5eLPiAz3"
Have Yourself A Merry Little Christmas,Judy Garland,christmas,Jazz,ベスト・オブ・ジュディ・ガーランド,1989-01-01,1fEo7EnPl1LEn0CAy1xPL5,2618086,0hItVPjwJLVZrFqOyIsxPf
"White Christmas - Spotify Singles - Holiday, Recorded at Air Studios, London",George Ezra,,,"White Christmas (Spotify Singles - Holiday, Recorded at Air Studios, London)",2017-11-29,7F9oCEKbqjN99cV5HpvYER,2277157,2ysnwxxNtSgbb9t1m2Ur4j
Have Yourself a Merry Little Christmas,Michael Bublé,christmas,Jazz,Christmas (Deluxe Special Edition),2011-10-24,4QMEcIbG9GtSrkbvk7Pswd,2306752,1GxkXlMwML1oSg5eLPiAz3
Rockin' Around the Christmas Tree - Rerecorded Version,Brenda Lee,christmas,Jazz,A Brenda Lee Christmas,1991-00-00,09OojFvtrM9YRzRjnXqJjA,1150162,4cPHsZM98sKzmV26wlwD2W
8 Days of Christmas,Destiny's Child,,,The Writing's On The Wall,1999-09-07,3WrG9BpOPQWUus3FjA1Tny,2193849,1Y8cdNmUJH7yBTd9yOvr5i
Santa Claus Is Comin' to Town,Frank Sinatra,"christmas, big band, adult standards, swing music, vocal jazz, jazz","Easy listening, Jazz",The Classic Christmas Album,1945-00-00,7g85e2INdCFIScc4ZO6gBG,1086492,1Mxqyy3pSjf8kZZL4QVxS0
Please Come Home for Christmas - 2013 Remaster,Eagles,"classic rock, soft rock",Rock,Please Come Home for Christmas / Funky New Year (2013 Remaster),1978-11-27,3QIoEi8Enr9uHffwInGIsC,1904996,0ECwFtbIWEVNwjlrfc6xoL
Glittery - From The Kacey Musgraves Christmas Show,"Kacey Musgraves, Troye Sivan",,,The Kacey Musgraves Christmas Show,2019-11-29,4dFtIGQBrYjiskk7fN5Wmx,2044226,"70kkdajctXSbqSMJbQO424, 3WGpXCj9YhhfX11TToZcXP"
This Christmas,Christina Aguilera,,,My Kind Of Christmas,2000-11-03,32h59T8q2SonUPJ006lyXt,2108906,1l7ZsJRRS8wlW3WfJfPfNS
Rockin' Around The Christmas Tree,Mel & Kim,christmas,Jazz,Rockin' Around The Christmas Tree,1987-11-23,5gpImN0eqlucE3a3r121SF,1940087,5XnIjshjqYVE2eDVgSt9Ro
Man With The Bag,Jessie J,,,This Christmas Day,2018-10-26,2Ysi49tRdVH74d1Cnc4o94,2067349,2gsggkzM5R49q6jpPvazou
Santa Baby,Michael Bublé,christmas,Jazz,Christmas,2011-10-24,6DwnAl6l63e83dDgIzY8P4,1979435,1GxkXlMwML1oSg5eLPiAz3
"Mary, Did You Know?",Pentatonix,christmas,Jazz,That's Christmas To Me (Deluxe Edition),2015-10-30,4z8sz6E4YyFuEkv5o7IJni,1946687,26AHtbjWKiwYzsoGoUZq53
Silver Bells,Dean Martin,"christmas, adult standards, big band, swing music","Easy listening, Jazz",The Dean Martin Christmas Album,1966-00-00,4QX5pZQpQTgVlkqfUTDim0,2192876,49e4v89VmlDcFCMyDv9wQ9
The Christmas Song (Chestnuts Roasting On An Open Fire),"Justin Bieber, USHER",r&b,R&B,Under The Mistletoe (Deluxe Edition),2011-01-01,3eYnKe0LhQA1B5HEkQaRTP,1971180,"1uNFoZAHBGtllmzznpCI3s, 23zg3TcAtWQy7J6upgbUnj"
"Baby, It's Cold Outside (feat. Kelly Clarkson)","John Legend, Kelly Clarkson","soft pop, neo soul, christmas","Jazz, R&B, Pop",A Legendary Christmas: Deluxe Edition,2019-11-08,54q6WgqyTXjwOSrevVR8z9,993330,"5y2Xq6xcjJb2jVM54GHK3t, 3BmGtnKgCSGYIUhmivXKWX"
White Christmas,Michael Bublé,christmas,Jazz,Christmas (Deluxe Special Edition),2011-10-24,4buHBCFNm5WvttEDevaj9C,991922,1GxkXlMwML1oSg5eLPiAz3
Silent Night,Michael Bublé,christmas,Jazz,Christmas (Deluxe Special Edition),2011-10-24,3Iev01vjk4AQP2AU36wNvU,1896157,1GxkXlMwML1oSg5eLPiAz3
Silent Night,Mariah Carey,christmas,Jazz,Merry Christmas,1994-10-28,1sFWEpf1aPYN576LS1aa4Y,1917609,4iHNK0tOyZPYnBU7nGAgpQ
Oh Holy Night,Nina Nesbitt,,,Oh Holy Night,2018-11-19,2HD7DoEe9FdtvGdAdQIv5W,1864345,7AzjETXRUKNRSJHMW9GIqd
HERE (For Christmas),Lukas Graham,,,HERE (For Christmas),2019-11-08,1Cth2nNUYYfCiSoIei6rCi,936404,25u4wHJWxCA9vO0CzxAbK7
Winter Wonderland,Hannah Kerr,"ccm, christian, christmas, pop worship","Pop, Hip Hop, Jazz",Christmas Eve in Bethlehem,2018-10-19,6KsFSrVS3DwG4xNAPQvznC,1855221,5FxshnB3eJ2YDn8xN8zDKq
O Tannenbaum,Vince Guaraldi Trio,christmas,Jazz,A Charlie Brown Christmas [2012 Remastered & Expanded Edition],2012-01-01,4YhY2qHdBmSX33uj8ms0oq,1179556,4ytkhMSAnrDP8XzRNlw9FS
Christmas Time Is Here,Vince Guaraldi Trio,christmas,Jazz,Charlie Brown Holiday Hits,1998-01-01,3bMfUUpzUzqWp9II00yRhE,1083461,4ytkhMSAnrDP8XzRNlw9FS
Sleigh Ride,Carpenters,"christmas, adult standards","Easy listening, Jazz",Christmas Portrait (Special Edition/Reissue),1978-10-13,07RmHXaYqBdUyfAESPZkRO,1073499,1eEfMU2AhEo7XnKgL7c304
Frosty the Snowman,The Ronettes,christmas,Jazz,Sleigh Ride,2020-12-04,0OcpVNf7hnJBPbTFMSG7CI,1056846,7CyeXFnOrfC1N6z4naIpgo
Rudolph The Red-Nosed Reindeer,Burl Ives,christmas,Jazz,A Holly Jolly Christmas,2024-12-17,0f5slGJQq4iafoxngc95h1,1016182,0MHgLfmQdutffmvWe5XBTN
The First Noel - Remastered 1999,Frank Sinatra,"christmas, big band, adult standards, swing music, vocal jazz, jazz","Easy listening, Jazz",A Jolly Christmas From Frank Sinatra,1957-09,6keKIzkXWdbwJWMBJQUwYl,1004677,1Mxqyy3pSjf8kZZL4QVxS0
"You're A Mean One, Mr. Grinch - From Dr. Seuss' 'How The Grinch Stole Christmas'",Thurl Ravenscroft,christmas,Jazz,How The Grinch Stole Christmas,1999-00-00,6Tof6kPUc2a17GKaKz4IXz,1004221,5Gejwv3xz2DpLcxVpMD6hL
2000 Miles - 2007 Remaster,Pretenders,,,Learning to Crawl (Expanded & Remastered),1984-00-00,5wTM2Bm8phDwHAuOsfBwhU,928725,0GByy3DcfbQwDvXGCWmzv9
Merry Christmas Darling - Remix,Carpenters,"christmas, adult standards","Easy listening, Jazz",Christmas Portrait (Special Edition/Reissue),1978-10-13,0z5HSQGWgnjdNvwbOmhB2w,919789,1eEfMU2AhEo7XnKgL7c304
I Wish It Could Be Christmas Everyday,Wizzard,"christmas, glam rock","Jazz, Rock",I Wish It Could Be Christmas Everyday,2007-11-19,1mH6tZC6iXIHPI6EixCwxw,919027,7823Dim2TzjiQQ9wRQxyi9
The Little Drummer Boy,Bing Crosby,christmas,Jazz,Winter Wonderland,1998-01-01,2zHu4GAsQIw2skGszWEMFY,915986,6ZjFtWeHP9XN7FeKSUe80S
Christmas Time Is Here,Brett Eldredge,"country, christmas","Jazz, Country",Glow (Deluxe Edition),2018-10-26,1moEucbMhmAK6KVPoNw6ms,876732,0qSX3s5pJnAlSsgsCne8Cz
Wrapped in Red,Kelly Clarkson,christmas,Jazz,Wrapped In Red,2013-10-25,2nMZx7QHerfo4Wv37xNUEC,874193,3BmGtnKgCSGYIUhmivXKWX
Mis Deseos / Feliz Navidad (with Thalia),"Michael Bublé, Thalia","christmas, latin pop","Jazz, Pop",Christmas,2011-10-24,0kmrXYtFI8cgxsShrJpThx,868878,"1GxkXlMwML1oSg5eLPiAz3, 23wEWD21D4TPYiJugoXmYb"
Bring Me Love,John Legend,"soft pop, neo soul","R&B, Pop",A Legendary Christmas,2019-11-08,36myXd7iOvlpoecKzCTHZj,833644,5y2Xq6xcjJb2jVM54GHK3t
All I Want For Christmas (Is My Two Front Teeth),Nat King Cole Trio,"vocal jazz, christmas",Jazz,The Complete Capitol Recordings Of The Nat King Cole Trio,1993-01-01,4FQJyi8gnbhKy623wNx6Ps,827797,3OpnoUqoRIHWbsFs4Nw0NQ
Stop The Cavalry,Jona Lewie,christmas,Jazz,Heart Skips Beat,1982-00-00,2bPQuniBB9x0fRtxDly0kr,827250,3nohf4qILMr5aUSOsolwxB
A Holly Jolly Christmas,Brett Eldredge,"country, christmas","Jazz, Country",Glow (Deluxe Edition),2018-10-26,1GpPsjjd4D1jsteGYpGGIN,823961,0qSX3s5pJnAlSsgsCne8Cz
"Writing on the Wall (feat. Post Malone, Cardi B & Rvssian)","French Montana, Post Malone, Cardi B, Rvssian",trap latino,Latin,MONTANA,2019-12-06,7ntUbTIwmwOD6ygCMRZT6e,2047261,"6vXTefBL93Dj5IqAWq6OTv, 246dkjvS1zLTtiykXe5h60, 4kYSro6naA4h99UJvo89HB, 1fctva4kpRbg2k3v7kwRuS"
Say So,Doja Cat,,,Hot Pink,2019-11-07,3Dv1eDb0MEgF93GpLXlucZ,4637336,5cj0lLjcoR7YOSnhnX0Po5
Never Seen the Rain,Tones And I,,,Never Seen the Rain,2019-07-15,2grAr8pWMuLWn8ZYEE9wDV,4399886,2NjfBq1NflQcKSeiDooVjY
HIGHEST IN THE ROOM (feat. ROSALÍA & Lil Baby) - REMIX,"Travis Scott, ROSALÍA, Lil Baby","rap, latin, ","Latin, Hip Hop",JACKBOYS,2019-12-27,7h0d2h0fUmzbs7zeFigJPn,13117339,"0Y5tJX1MQlPlqiwlOH1tJY, 7ltDVBr6mKbRvohxheJ9h1, 5f7VJjfbwm532GiveGC0ZK"
GANG GANG,"JACKBOYS, Sheck Wes",,,JACKBOYS,2019-12-27,6uJONCdr2rC65BNmCnTBWK,9392629,"7A8S43ryYdbWpJKeHRZRcq, 2RDOrhPqAM4jzTRCEb19qX"
OUT WEST (feat. Young Thug),"JACKBOYS, Travis Scott, Young Thug","rap, melodic rap, trap",Hip Hop,JACKBOYS,2019-12-27,6gi6y1xwmVszDWkUqab1qw,10316065,"7A8S43ryYdbWpJKeHRZRcq, 0Y5tJX1MQlPlqiwlOH1tJY, 50co4Is1HCEo8bhOyUWKpn"
Had Enough (feat. Quavo & Offset),"Don Toliver, Offset, Quavo",,,Had Enough (feat. Quavo & Offset),2019-12-27,2jrAaawDRCn1JjeouxAyDN,8942020,"4Gso3d4CscCijv0lmajZWs, 4DdkRBBYG6Yk9Ka8tdJ9BW, 0VRj0yCOv2FXJNP47XQnx5"
WHAT TO DO? (feat. Don Toliver),"JACKBOYS, Travis Scott, Don Toliver","rap, ",Hip Hop,JACKBOYS,2019-12-27,4AO1XhrgJczQ9bNVxdfKQe,8908173,"7A8S43ryYdbWpJKeHRZRcq, 0Y5tJX1MQlPlqiwlOH1tJY, 4Gso3d4CscCijv0lmajZWs"
GATTI,"JACKBOYS, Pop Smoke, Travis Scott","brooklyn drill, drill, new york drill, rap",Hip Hop,JACKBOYS,2019-12-27,40mjsnRjCpycdUw3xhS20g,6296850,"7A8S43ryYdbWpJKeHRZRcq, 0eDvMgVFoNV3TpwtrVCoTj, 0Y5tJX1MQlPlqiwlOH1tJY"
JACKBOYS,JACKBOYS,,,JACKBOYS,2019-12-27,62zKJrpbLxz6InR3tGyr7o,3811100,7A8S43ryYdbWpJKeHRZRcq
"Alone, Pt. II","Alan Walker, Ava Max",,,"Alone, Pt. II",2019-12-27,0bMbDctzMmTyK2j74j3nF3,3462770,"7vk5e3vY1uw9plTHJAMwjN, 4npEfmQ6YuiwW1GpUmaq3F"
Perreo en La Luna,"Rich Music LTD, Sech, Dalex, Justin Quiles, Lenny Tavárez, Feid","reggaeton, urbano latino, trap latino, argentine trap","Hip Hop, Latin",The Academy,2019-10-11,0RDgqtvOHLwcI6yz9bjsZV,3790673,"2kqUKsTuEj1lPbm6BSn1AU, 77ziqFxp5gaInVrF2lj4ht, 0KPX4Ucy9dk82uj4GpKesn, 14zUHaJZo1mnYtn6IBRaRP, 1pQWsZQehhS4wavwh7Fnxd, 2LRoIwlKmHjgvigdNGBHNo"
Maniac,Conan Gray,,,Kid Krow,2020-03-20,6KfoDhO4XUWSbnyKjNp9c4,2651740,4Uc8Dsxct0oMqx0P6i60ea
Vor der Tür,Gzuz,german hip hop,Hip Hop,Vor der Tür,2019-12-23,2LgsKzO8lCeXk0TMd9veWW,677873,5eioJDe26lOqkAMbuhzZYs
Uptown Funk (feat. Bruno Mars),"Mark Ronson, Bruno Mars",,,Uptown Special,2015-01-12,32OlwWuMpZ6b0aN2RZOeMS,909206,"3hv9jJF3adDNsBSIQDqcjp, 0du5cEVh5yTK9QJze8zA0C"
Pumped Up Kicks,Foster The People,,,Torches,2011-05-23,7w87IxuO7BDcJ3YUqCyMTT,797931,7gP3bB2nilZXLfPHJhMdvc
