song_name,artist_names,genres,parent_genres,album,release_date,spotify_track_id,album_label,ISRC,yearly_streams,artist_ids
DÁKITI,"Bad Bunny, JHAYCO","reggaeton, trap latino, latin, urbano latino",Latin,EL ÚLTIMO TOUR DEL MUNDO,2020-11-27,4MzXwWMhyBbmu6hOcLVD49,Rimas Entertainment LLC,QMFME2004132,798144862,"4q3ewBCX7sLwd24euuV69X, 6nVcHLIgY5pE2YCl8ubca1"
Blinding Lights,The Weeknd,,,After Hours,2020-03-20,0VjIjW4GlUZAMYd2vXMi3b,Republic Records,USUG11904206,893467091,1Xyo4u8uXC1ZmMpatF05PJ
BICHOTA,KAROL G,"reggaeton, latin, urbano latino",Latin,BICHOTA,2020-10-23,7vrJn5hDSXRmdXoR30KgF1,UMLE - Latino,USUM72019324,207610127,790FomKkXshlbRYZFtlgla
Mood (feat. iann dior),"24kGoldn, iann dior",melodic rap,Hip Hop,Mood (feat. iann dior),2020-07-24,3tjFYV6RSFtuktYl3ZtYcq,Records/Columbia,USQX92003025,241561776,"6fWVd57NKTalqvmjRd2t8Z, 6ASri4ePR7RlsvIQgWPJpS"
positions,Ariana Grande,pop,Pop,Positions,2020-10-30,35mvY5S1H3J2QZyna3TFe0,Republic Records,USUM72019412,509078228,66CXWjxzNUsdJxJ2JdwvnR
34+35,Ariana Grande,pop,Pop,Positions,2020-10-30,6Im9k8u9iIzKMrmV7BWtlF,Republic Records,USUM72020423,349656927,66CXWjxzNUsdJxJ2JdwvnR
"Lemonade (feat. Gunna, Don Toliver & NAV)","Internet Money, Gunna, Don Toliver, NAV",melodic rap,Hip Hop,B4 The Storm,2020-08-28,7hxHWCCAIIxFLCzvDgnQHX,Internet Money Records/ TenThousand Projects,QZJ842000368,416457801,"6MPCFvOQv5cIGfw3jODMF0, 2hlmm7s2ICUX0LVIhVFlZQ, 4Gso3d4CscCijv0lmajZWs, 7rkW85dBwwrJtlHRDkJDAC"
LA NOCHE DE ANOCHE,"Bad Bunny, ROSALÍA","reggaeton, trap latino, latin, urbano latino",Latin,EL ÚLTIMO TOUR DEL MUNDO,2020-11-27,2XIc1pqjXV3Cr2BQUGNBck,Rimas Entertainment LLC,QMFME2066840,399529719,"4q3ewBCX7sLwd24euuV69X, 7ltDVBr6mKbRvohxheJ9h1"
Dynamite,BTS,k-pop,Pop,BE,2020-11-20,4saklk6nie3yiGePpBwUoc,BIGHIT MUSIC / HYBE,QM7282022872,590720686,3Nrfpe0tUJi4K4DXYWgMUX
Hawái,Maluma,"reggaeton, latin, urbano latino",Latin,PAPI JUANCHO,2020-08-21,1yoMvmasuxZfqHEipJhRbp,Sony Music Latin,USSD12000190,295129667,1r4hJ1h58CWwUQe3MxPuau
Levitating (feat. DaBaby),"Dua Lipa, DaBaby","pop, ",Pop,Future Nostalgia,2020-03-27,5nujrmhLynf4yMoMtj8AQF,Warner Records,GBAHT2000942,977464260,"6M2wZ9GZgrQXHCFfjv46we, 4r63FhuTkUYltbVAg5TQnk"
Watermelon Sugar,Harry Styles,,,Fine Line,2019-12-13,6UelLqGlWMcVH1E5c4H7lY,Columbia,USSM11912587,587605374,6KImCVD70vtIoJWnq6nGn3
Roses - Imanbek Remix,"SAINt JHN, Imanbek",slap house,Electronic,While The World Was Burning,2020-11-20,0zLCBJZSiELJf02ucPP9wb,HITCO,RUB421901499,329515640,"0H39MdGGX6dbnnQPt6NQkZ, 5rGrDvrLOV2VV8SCFVGWlj"
Whoopty,CJ,dembow,Latin,Whoopty,2020-08-20,5vGLcdRuSbUhD8ScwsGSdA,CJ Music Group/T-Series,USA2P2031043,126000846,7arQA31aZVS8yS6zUveWzb
Anyone,Justin Bieber,,,Anyone,2021-01-01,31qCy5ZaophVA81wtlwLc4,RBMG/Def Jam,USUM72023175,169949977,1uNFoZAHBGtllmzznpCI3s
WAP (feat. Megan Thee Stallion),"Cardi B, Megan Thee Stallion",,,WAP (feat. Megan Thee Stallion),2020-08-07,4Oun2ylbjFKMPTiaSbbCih,Atlantic/KSR,USAT22005111,278017272,"4kYSro6naA4h99UJvo89HB, 181bsRPaVXVlUKXrxwZfHK"
Dance Monkey,Tones And I,,,Dance Monkey,2019-05-10,1rgnBhdG2JDFTbYkYRZAku,Sony Music Entertainment,QZES71982312,260473108,2NjfBq1NflQcKSeiDooVjY
Therefore I Am,Billie Eilish,,,Therefore I Am,2020-11-12,54bFM56PmE4YLRnqpW6Tha,Darkroom/Interscope Records,USUM72021500,234564395,6qqNVTkY8uBg9cP3Jd7DAH
WITHOUT YOU,The Kid LAROI,,,F*CK LOVE (SAVAGE),2020-11-06,27OeeYzk6klgBh83TSvGMA,Columbia,USSM12006586,484908740,2tIP7SsRs7vjIcLrU85W8J
What You Know Bout Love,Pop Smoke,"brooklyn drill, drill, new york drill",Hip Hop,Shoot For The Stars Aim For The Moon,2020-07-03,1tkg4EHVoqnhR6iFEXb60y,Victor Victor Worldwide,USUM72013339,284785395,0eDvMgVFoNV3TpwtrVCoTj
HOLIDAY,Lil Nas X,,,HOLIDAY,2020-11-13,6zFMeegAMYQo0mt8rXtrli,Columbia,USSM12006375,157455446,7jVv8c5Fj3E9VhNjxT4snq
ROCKSTAR (feat. Roddy Ricch),"DaBaby, Roddy Ricch",melodic rap,Hip Hop,BLAME IT ON BABY,2020-04-17,7ytR5pFWmSjzHJIeQkgog4,South Coast Music Group/Interscope Records,USUM72007941,301139992,"4r63FhuTkUYltbVAg5TQnk, 757aE44tKEUQEqRuT6GnEB"
Head & Heart (feat. MNEK),"Joel Corry, MNEK","dance pop, ",Pop,Head & Heart (feat. MNEK),2020-07-03,6cx06DFPPHchuUAcTxznu9,Atlantic Records UK,UK4ZF2000305,392872300,"6DgP9otnZw5z6daOntINxp, 7uMh23xWiuR7zsNkuNcm2G"
Monster (Shawn Mendes & Justin Bieber),"Shawn Mendes, Justin Bieber","pop, ",Pop,Wonder,2020-12-04,1HbA4N1MiOsPthALesGFR1,Shawn Mendes LP4-5 PS/ Island,USUM72018810,157480070,"7n2wHs1TKAczGzO7Dd2rGr, 1uNFoZAHBGtllmzznpCI3s"
Reloj,"Rauw Alejandro, Anuel AA","reggaeton, urbano latino, trap latino, latin",Latin,Afrodisíaco,2020-11-13,4loQgPwJHocL3dFwLfjb1J,Sony Music Latin/Duars Entertainment,USSD12000471,231761101,"1mcTU81TzQhprhouKaTkpq, 2R21vXR83lH98kGeO99Y66"
Afterglow,Ed Sheeran,soft pop,Pop,Afterglow,2020-12-21,0E4Y1XIbs8GrAT1YqVy6dq,Atlantic Records UK,GBAHS2001193,131389065,6eUKZXaKkcviH0Ku9w2n3V
Hecha Pa' Mi,Boza,"reggaeton, urbano latino",Latin,Más Negro Que Rojo,2020-07-31,3VvA1wSxukMLsvXoXtlwWx,Sony Music Latin,USSD12000196,280822291,2NfSBtmWe7oPw1EmetJVso
Recairei - Ao Vivo,Os Barões Da Pisadinha,"piseiro, forró, sertanejo, arrocha, brega, tecnobrega, agronejo, sertanejo universitário","Country, Latin",Piseiro 2020 Ao Vivo,2020-10-15,2JTir3y1VuJQmexiTCMcTP,Sony Music Entertainment,BXDW72000006,15852422,5Lv2GUVwqmQBPwrTrxucE5
Vida de Rico,Camilo,colombian pop,Pop,Vida de Rico,2020-09-21,73nAK3HgQK8dak83Y2WQ8F,Sony Music Latin,USSD12000388,70347078,28gNT5KBp7IjEOQoevXf9N
La Nota,"Manuel Turizo, Rauw Alejandro, Myke Towers","reggaeton, latin, colombian pop, urbano latino, trap latino","Pop, Latin",La Nota,2020-10-08,7ndTONDDRFGiPnnhOzOXxq,Sony Music Latin/La Industria,QZDYA1800024,132646951,"0tmwSHipWxN12fsoLcFU3B, 1mcTU81TzQhprhouKaTkpq, 7iK8PXO48WeuP03g8YR51W"
Don't Start Now,Dua Lipa,pop,Pop,Future Nostalgia,2020-03-27,3PfIrDoz19wz7qK7tYeu62,Warner Records,GBAHT1901121,483512272,6M2wZ9GZgrQXHCFfjv46we
Chica Ideal,"Sebastian Yatra, Guaynaa","colombian pop, reggaeton, latin","Pop, Latin",Chica Ideal,2020-10-16,21N4Buj4xsyLb218lYle61,UMLE - Latino,USUM72017740,117105323,"07YUOmWljBTXwIseAUd9TW, 0BqURncJM5B1BBu7UM51eq"
willow,Taylor Swift,,,evermore,2020-12-10,3Uo7WG0vmLQ07WB4BDwy7D,Taylor Swift,USUG12004699,137152845,06HL4z0CvFAxyc27GXpf02
La Tóxica,Farruko,"reggaeton, trap latino, latin",Latin,La Tóxica,2020-07-24,15OjBeqNX3bShsGYQbteRv,Sony Music Latin,USSD12000175,87277217,329e4yvIujISKGKz1BZZbO
Relación - Remix,"Sech, Daddy Yankee, J Balvin, ROSALÍA, Farruko","reggaeton, urbano latino, latin, trap latino",Latin,Relación (Remix),2020-09-04,35UUpTmrcFXNIVIN26ujXl,Rich Music,QM9WM2000051,112660860,"77ziqFxp5gaInVrF2lj4ht, 4VMYDCV2IEDYJArk749S6m, 1vyhD5VmyZ7KMfW5gqLgo5, 7ltDVBr6mKbRvohxheJ9h1, 329e4yvIujISKGKz1BZZbO"
you broke me first,Tate McRae,,,you broke me first,2020-04-17,45bE4HXI0AwGZXfZtMp8JR,RCA Records Label,USRC12000832,412234217,45dkTj5sMRSjrmBSBeiHym
For The Night (feat. Lil Baby & DaBaby),"Pop Smoke, Lil Baby, DaBaby","brooklyn drill, drill, new york drill, ",Hip Hop,Shoot For The Stars Aim For The Moon,2020-07-03,0PvFJmanyNQMseIFrU708S,Victor Victor Worldwide,USUM72013355,241433418,"0eDvMgVFoNV3TpwtrVCoTj, 5f7VJjfbwm532GiveGC0ZK, 4r63FhuTkUYltbVAg5TQnk"
Lonely (with benny blanco),"Justin Bieber, benny blanco",,,Lonely (with benny blanco),2020-10-16,4y4spB9m0Q6026KfkAvy9Q,Friends Keep Secrets/Def Jam Recordings/Interscope Records,USUM72019170,111385613,"1uNFoZAHBGtllmzznpCI3s, 5CiGnKThu5ctn9pBxv7DGa"
Snowman,Sia,,,Everyday Is Christmas (Deluxe Edition),2018-11-01,7uoFMmxln0GPXQ0AcCBXRq,Monkey Puzzle/Atlantic,USAT21704212,186476568,5WUlDfRSoLAfcVSX1WnrxN
Savage Love (Laxed - Siren Beat),"Jawsh 685, Jason Derulo",,,Savage Love (Laxed - Siren Beat),2020-06-11,1xQ6trAsedVPCdbtDAmk0c,Columbia,USSM12003798,169987518,"56mfhUDKa1vec6rSLZV5Eg, 07YZf4WDAMNwqr4jfgOZ8y"
Prisoner (feat. Dua Lipa),"Miley Cyrus, Dua Lipa",pop,Pop,Plastic Hearts,2020-11-27,2Oycxb8QbPkpHTo8ZrmG0B,RCA Records Label,USRC12003364,228693701,"5YGY8feqx7naU7z4HrwZM6, 6M2wZ9GZgrQXHCFfjv46we"
Someone You Loved,Lewis Capaldi,soft pop,Pop,Divinely Uninspired To A Hellish Extent,2019-05-17,7qEHsqek33rTcFNT9PFqLf,Vertigo Berlin,DEUM71807062,509964591,4GNC7GD6oZMSxPGyXy4MNB
BEBÉ,"Camilo, El Alfa","colombian pop, dembow, urbano latino, latin, reggaeton","Pop, Latin",BEBÉ,2020-11-25,7D7EH7MGyNHWSkqrszerI1,Sony Music Latin,USSD12000562,78059588,"28gNT5KBp7IjEOQoevXf9N, 2oQX8QiMXOyuqbcZEFsZfm"
The Business,Tiësto,"edm, trance, big room, house, dance",Electronic,The Business,2020-09-16,6f3Slt0GbA2bPZlz0aIFXN,Atlantic Records,CYA112000624,623109503,2o5jDhtHVPhrJdv3cEQ99Z
Circles,Post Malone,,,Hollywood's Bleeding,2019-09-06,21jGcNKet2qwijlDFuPiPb,Republic Records,USUM71915699,370891222,246dkjvS1zLTtiykXe5h60
Bandido,"Myke Towers, Juhn","reggaeton, trap latino, urbano latino",Latin,Bandido,2020-12-10,1xK1Gg9SxG8fy2Ya373oqb,White World Music,QMFME2047291,418209144,"7iK8PXO48WeuP03g8YR51W, 2LmcxBak1alK1bf7d1beTr"
Laugh Now Cry Later (feat. Lil Durk),"Drake, Lil Durk","rap, hip hop, drill",Hip Hop,Laugh Now Cry Later (feat. Lil Durk),2020-08-14,2SAqBLGA283SUiwJ3xOUVI,OVO,USUG12001748,164979958,"3TVXtAsR1Inumwj472S9r4, 3hcs9uc56yIGFCSy9leWe7"
TE MUDASTE,Bad Bunny,"reggaeton, trap latino, latin, urbano latino",Latin,EL ÚLTIMO TOUR DEL MUNDO,2020-11-27,5RubKOuDoPn5Kj5TLVxSxY,Rimas Entertainment LLC,QMFME2066837,167699288,4q3ewBCX7sLwd24euuV69X
Blueberry Faygo,Lil Mosey,melodic rap,Hip Hop,Certified Hitmaker,2020-02-06,22LAwLoDA5b4AaGSkg6bKW,Mogul Vision/Interscope Records,USUM72001714,134565081,5zctI4wO9XSKS8XwcnqEHk
Basta Você Me Ligar - Ao Vivo,"Os Barões Da Pisadinha, Xand Avião","piseiro, forró, sertanejo, arrocha, brega, tecnobrega, agronejo, sertanejo universitário","Country, Latin",DVD Novo dos Barões da Pisadinha Ao Vivo,2020-10-15,3rRin3LyLY92kpEbkCgwf4,Sony Music Entertainment,BXDW72000012,7177834,"5Lv2GUVwqmQBPwrTrxucE5, 43DRDu6nLSeIedZ7T1A616"
Una Locura,"Ozuna, J Balvin, Chencho Corleone","reggaeton, latin, trap latino, urbano latino",Latin,ENOC,2020-09-04,5y7DaS3jAc9eZzcSOoUIwU,Aura Music Corp.,USXDR2000574,94336024,"1i8SpTcr7yvPOmcqrbnVXY, 1vyhD5VmyZ7KMfW5gqLgo5, 37230BxxYs9ksS7OkZw3IU"
Tusa,"KAROL G, Nicki Minaj","reggaeton, latin, urbano latino, ",Latin,Tusa,2019-11-07,7k4t7uLgtOxPwTpFmtJNTY,TUSA - Karol G & Nicki Minaj,USUM71921183,67283658,"790FomKkXshlbRYZFtlgla, 0hCNtLu0JehylgoiP8L4Gh"
Goosebumps,HVME,slap house,Electronic,Goosebumps,2020-06-12,20McUFi8KCIVdNDLrkTDuZ,Columbia/B1 Recordings,TCAEW2040509,138611842,2o08sCWF5yyo2G4DCiT7T9
Good Days,SZA,r&b,R&B,Good Days,2020-12-25,3YJJjQPAbDT7mGpX3WtQ9A,Top Dawg Entertainment/RCA Records,USRC12004189,343282519,7tYKF4w9nC0nq9CsPZTHyP
Se Te Nota (with Guaynaa),"Lele Pons, Guaynaa",reggaeton,Latin,Se Te Nota (with Guaynaa),2020-09-02,11EnQRgRMJwMAesfkB5pnu,Shots Studios & Music/10:22pm/Interscope Records,USUM72016220,63481228,"6i3DxIlAqnDkwELLw4aVrx, 0BqURncJM5B1BBu7UM51eq"
Dreams - 2004 Remaster,Fleetwood Mac,"classic rock, soft rock",Rock,Rumours (Super Deluxe),1977-02-04,0ofHAoxe9vBkTCp2UQIavz,Rhino/Warner Records,USWB11301111,239750358,08GQAI4eElDnROBrJRGE0X
La Curiosidad,"Jay Wheeler, DJ Nelson, Myke Towers","reggaeton, trap latino, urbano latino",Latin,Platonicos,2020-06-12,4HYDUMY0xSpeBr0AMY9cUz,Linked Music / Dynamic Records / EMPIRE,USUYG1313832,85060009,"2cPqdH7XMvwaBJEVjheH8g, 2ydZrTy8U3kOMOzx20s3dg, 7iK8PXO48WeuP03g8YR51W"
Amor ou o Litrão,"Petter Ferraz, Menor Nico","piseiro, forró, brega funk, arrocha, brega","Country, Pop",Amor ou o Litrão,2020-10-16,7qmnP8Woc47dLSrMD5MxL1,k+ produçoes,QZNJV2045851,6320799,"6gGJH7joTDx9M3xREiAq9U, 0xTWPVQfXgaj6Je1inSRKw"
Mi Niña,"Wisin, Myke Towers, Los Legendarios","reggaeton, latin, trap latino, urbano latino",Latin,Mi Niña,2020-09-23,2bgcUk2A3jjKbCJ7KPquTi,La Base Music Group/ WK Records,QMBZ92014731,116977723,"3E6xrwgnVfYCrCs0ePERDz, 7iK8PXO48WeuP03g8YR51W, 0n6sKrG0xKAf8xmdqeNGke"
Put Your Records On,Ritt Momney,bedroom pop,Pop,Put Your Records On,2020-04-24,6AGOKlMZWLCaEJGnaROtF9,Columbia,USQX92004148,106718578,7MPGCB854Qo4alYMOPkBka
Sweater Weather,The Neighbourhood,,,I Love You.,2013-04-22,2QjOHCTQ1Jl3zawyYOpxh6,Columbia,USSM11300080,499318337,77SW9BnxLY8rJ0RciFqkHh
Rain On Me (with Ariana Grande),"Lady Gaga, Ariana Grande","art pop, pop",Pop,Chromatica,2020-05-29,7ju97lgwC2rKQ6wwsf9no9,Interscope,USUM72004304,130428534,"1HY2Jd0NmPuamShAr6KMms, 66CXWjxzNUsdJxJ2JdwvnR"
The Box,Roddy Ricch,melodic rap,Hip Hop,Please Excuse Me for Being Antisocial,2019-12-06,0nbXyq5TXYPCO7pr3N8S4I,Atlantic Records,USAT21906978,166667927,757aE44tKEUQEqRuT6GnEB
Si Me Tomo Una Cerveza,"Migrantes, Alico","cumbia, cuarteto, rkt, turreo",Latin,Si Me Tomo una Cerveza,2020-11-07,3lCbsHaN1wCxyDzcNN2x4N,LEB Records,QMFME2040289,24190518,"48R2gYdPKtfnfKAzhSVPUx, 7n3wAgh1j3RRbxYzfZTQDF"
Before You Go,Lewis Capaldi,soft pop,Pop,Divinely Uninspired To A Hellish Extent (Extended Edition),2019-11-22,2gMXnyrvIjhVBUZwvLZDMP,Vertigo Berlin,DEUM71905868,389385810,4GNC7GD6oZMSxPGyXy4MNB
Heather,Conan Gray,,,Kid Krow,2020-03-20,4xqrdfXkTW4T0RauPLv3WA,Republic Records,USUM71924264,372642227,4Uc8Dsxct0oMqx0P6i60ea
Holy (feat. Chance The Rapper),"Justin Bieber, Chance the Rapper",,,Holy,2020-09-18,5u1n1kITHCxxp8twBcZxWy,RBMG/Def Jam,USUM72017013,90268983,"1uNFoZAHBGtllmzznpCI3s, 1anyVhU62p31KFi8MEzkbf"
"Ay, DiOs Mío!",KAROL G,"reggaeton, latin, urbano latino",Latin,"Ay, DiOs Mío!",2020-07-10,7x4ASXYEKfQBCewcZhK776,UMLE - Latino,USUM72013593,46154684,790FomKkXshlbRYZFtlgla
Jeans,Justin Quiles,reggaeton,Latin,Jeans,2020-08-14,3GtnId3Cm1Xa6joCj08nzW,WEA Latina,USWL12000290,58811549,14zUHaJZo1mnYtn6IBRaRP
bad guy,Billie Eilish,,,"WHEN WE ALL FALL ASLEEP, WHERE DO WE GO?",2019-03-29,2Fxmhks0bxGSBdJ92vM42m,Darkroom/Interscope Records,USUM71900764,268572729,6qqNVTkY8uBg9cP3Jd7DAH
Paradise (feat. Dermot Kennedy),"MEDUZA, Dermot Kennedy",,,Paradise,2020-10-30,6ft4hAq6yde8jPZY2i5zLr,Universal-Island Records Ltd.,GBUM72005075,307623577,"0xRXCcSX89eobfrshSVdyu, 5KNNVgR6LBIABRIomyCwKJ"
Breaking Me,"Topic, A7S",,,Breaking Me,2019-12-19,3H7ihDc1dqLriiWXwsc2po,Virgin,DEUM71906724,191329855,"0u6GtibW46tFX7koQ6uNJZ, 5Wg2b4Mp42gicxEeDNawf7"
Say So,Doja Cat,,,Hot Pink,2019-11-07,3Dv1eDb0MEgF93GpLXlucZ,Kemosabe Records/RCA Records,USRC11903454,42355210,5cj0lLjcoR7YOSnhnX0Po5
Body,Megan Thee Stallion,,,Good News,2020-11-20,0A1hoCfMLkiAgvhWkkucJa,300 Entertainment,QMCE32000683,47733015,181bsRPaVXVlUKXrxwZfHK
GIRL LIKE ME,"Black Eyed Peas, Shakira","latin pop, latin","Latin, Pop",Translation,2020-06-18,2vBET2pmrQqafaS6zIaYta,Universal Music Division Polydor France,USSM12003440,209209282,"1yxSLGMDHlW21z4YXirZDS, 0EmeFodog0BfCgMzAIvKQp"
UN DIA (ONE DAY) (Feat. Tainy),"J Balvin, Dua Lipa, Bad Bunny, Tainy","reggaeton, latin, pop, trap latino, urbano latino","Latin, Pop",UN DIA (ONE DAY) (Feat. Tainy),2020-07-24,0EhpEsp4L0oRGM0vmeaN5e,Universal Music Latino/ NEON16,QZM5U2000001,168392224,"1vyhD5VmyZ7KMfW5gqLgo5, 6M2wZ9GZgrQXHCFfjv46we, 4q3ewBCX7sLwd24euuV69X, 0GM7qgcRCORpGnfcN2tCiB"
Meia Noite (Você tem meu Whatsapp),Tarcísio do Acordeon,"piseiro, forró, arrocha, sertanejo, seresta, brega","Country, Latin",Diferente dos Iguais,2020-12-17,6sPBi0qLI6KM3yXX56NxsA,Sua Música,BCTOE2000008,28776303,48HORs6F9P7IgdyKrk4MZC
death bed (coffee for your head),"Powfu, beabadoobee",bedroom pop,Pop,death bed (coffee for your head),2020-02-08,7eJMfftS33KTjuF7lTsMCx,Columbia,USSM12000925,217585360,"6bmlMHgSheBauioMgKv2tn, 35l9BRT7MXmM8bv2WDQiyB"
Sunflower - Spider-Man: Into the Spider-Verse,"Post Malone, Swae Lee",,,Hollywood's Bleeding,2019-09-06,0RiRZpuVRbi7oqRdSMwhQY,Republic Records,USUM71814888,362792539,"246dkjvS1zLTtiykXe5h60, 1zNqQNIdeOUZHb8zbZRFMX"
Parce (feat. Justin Quiles),"Maluma, Lenny Tavárez, Justin Quiles","reggaeton, latin, urbano latino, trap latino, argentine trap","Hip Hop, Latin",PAPI JUANCHO,2020-08-21,4RJz8NfIe09gpKMiRUWKhJ,Sony Music Latin,USSD12000217,75461445,"1r4hJ1h58CWwUQe3MxPuau, 1pQWsZQehhS4wavwh7Fnxd, 14zUHaJZo1mnYtn6IBRaRP"
Tattoo - Remix with Camilo,"Rauw Alejandro, Camilo","reggaeton, urbano latino, trap latino, latin, colombian pop","Pop, Latin",Afrodisíaco,2020-11-13,4G3PTss3mU33Tau7t4KbwE,Sony Music Latin/Duars Entertainment,USSD12000188,45750396,"1mcTU81TzQhprhouKaTkpq, 28gNT5KBp7IjEOQoevXf9N"
Investe Em Mim,Jonas Esticado,"forró, sertanejo, piseiro, arrocha, sertanejo universitário","Country, Latin",Investe Em Mim,2019-12-13,15k1TDabqSEmyXOwMq9RM7,Som Livre,BRRGE1911893,4521432,22jNvLBrXGKr4CcV2tw8Ag
Take You Dancing,Jason Derulo,,,Take You Dancing,2020-07-22,59qrUpoplZxbIZxk6X0Bm3,Atlantic Records,USAT22004479,101108729,07YZf4WDAMNwqr4jfgOZ8y
Life Goes On,BTS,k-pop,Pop,BE,2020-11-20,249gnXrbfmV8NG6jTEMSwD,BIGHIT MUSIC / HYBE,QMBZ92051791,151463594,3Nrfpe0tUJi4K4DXYWgMUX
Don't Stop Me Now - Remastered 2011,Queen,"classic rock, rock, glam rock",Rock,Jazz (2011 Remaster),1978-11-10,5T8EDUDqKcs6OSOwEsfqG7,EMI,GBUM71029610,8024991,1dfeR4HaWDbWqFHLkxsg1d
Wishing Well,Juice WRLD,"melodic rap, emo rap",Hip Hop,Legends Never Die,2020-07-10,2U5WueTLIK5WJLD7mvDODv,Grade A Productions/Interscope Records,USUG12001905,122290545,4MCBfE4596Uoi2O4DtmEMz
"Nathy Peluso: Bzrp Music Sessions, Vol. 36","Bizarrap, NATHY PELUSO","argentine trap, trap latino, urbano latino, latin hip hop","Hip Hop, Latin","Nathy Peluso: Bzrp Music Sessions, Vol. 36",2020-11-27,78SeXVRJ7KCqVmOwTiFjnI,DALE PLAY Records,UYB282001011,47918655,"716NhGYqD1jl2wI1Qkgq36, 3VHAySZQPlfGlNLslzXYpN"
Lucid Dreams,Juice WRLD,"melodic rap, emo rap",Hip Hop,Goodbye & Good Riddance,2018-12-10,285pBltuF7vW8TeWk8hdRR,Juice WRLD Mixtape / ISR P&D,USUG11800685,284140313,4MCBfE4596Uoi2O4DtmEMz
Wonder,Shawn Mendes,pop,Pop,Wonder,2020-12-04,6ZuahEctZD6w75peme58hm,Shawn Mendes LP4-5 PS/ Island,USUM72018522,59903312,7n2wHs1TKAczGzO7Dd2rGr
Tá Rocheda,Os Barões Da Pisadinha,"piseiro, forró, sertanejo, arrocha, brega, tecnobrega, agronejo, sertanejo universitário","Country, Latin",As Melhores 2018,2019-09-26,3dPvQLKl42dMYWV4LWRTLK,Sony Music Entertainment,QZGLM1999120,1016049,5Lv2GUVwqmQBPwrTrxucE5
Alô Ambev (Segue Sua Vida) - Ao Vivo,Zé Neto & Cristiano,"sertanejo, sertanejo universitário, arrocha, agronejo","Country, Latin",Por Mais Beijos Ao Vivo,2020-03-26,5m5aY6S9ttfIG157xli2Rs,Som Livre,BRWNV1900308,21953309,487N2T9nIPEHrlTZLL3SQs
Rita,Tierry,"arrocha, piseiro, forró, brega, sertanejo, seresta, sertanejo universitário","Country, Latin",Aô Saudade da Mãe dos Meninos,2020-07-17,1nDCZBI8MaHXI2f36dnQyG,Tierry,QZHZ52076795,1003958,4FUMTycjZlEY6ZxMgqNjC8
I Gotta Feeling,Black Eyed Peas,,,THE E.N.D. (THE ENERGY NEVER DIES) [Deluxe Version],2009-01-01,4kLLWz7srcuLKA7Et40PQR,Interscope,USUM70965169,2934187,1yxSLGMDHlW21z4YXirZDS
Señorita,"Shawn Mendes, Camila Cabello",pop,Pop,Shawn Mendes (Deluxe),2019-06-19,6v3KW9xbzN5yKLt9YKDYA2,Island Records,USUM71911283,306038605,"7n2wHs1TKAczGzO7Dd2rGr, 4nDoRrQiYLoBzwC5BhVJzF"
Memories,Maroon 5,pop,Pop,Memories,2019-09-20,2b8fOow8UzyDFAE27YhOZM,222 Records/Interscope Records,USUM71913350,157716971,04gDigrS5kc9YWfZHwBETP
Adore You,Harry Styles,,,Fine Line,2019-12-13,3jjujdWJ72nww5eGnfs2E7,Columbia,USSM11912588,248994881,6KImCVD70vtIoJWnq6nGn3
Amor da Despedida,"Os Barões Da Pisadinha, Fernando & Sorocaba","piseiro, forró, sertanejo, arrocha, brega, tecnobrega, agronejo, sertanejo universitário","Country, Latin",Amor da Despedida,2020-11-06,0WlmiIK5qFQ4dAB4mCA4sI,Sony Music Entertainment,BXDW72000078,2443670,"5Lv2GUVwqmQBPwrTrxucE5, 1oSgjdbgLYULVmEBojPRw8"
SO DONE,The Kid LAROI,,,F*CK LOVE (SAVAGE),2020-11-06,3qgPpwtuRu5oP8EtFSj8HE,Columbia,USSM12005922,22331576,2tIP7SsRs7vjIcLrU85W8J
MODO TURBO,"Luísa Sonza, Pabllo Vittar, Anitta","brazilian pop, funk pop, funk, tecnobrega, funk carioca, pagode baiano","Pop, R&B, Hip Hop, Latin, Country",MODO TURBO,2020-12-21,0YqTL3nSL36OFdHwHoqCag,Universal Music Ltda.,BRUM72003429,15409113,"4PzYKhC14sTJNEr0dzoo0d, 6tzRZ39aZlNqlUzQlkuhDV, 7FNnA9vBm6EKceENgCGRMb"
Golden,Harry Styles,,,Fine Line,2019-12-13,45S5WTQEGOB1VHr1Q4FuPl,Columbia,USSM11912586,153384411,6KImCVD70vtIoJWnq6nGn3
Shape of You,Ed Sheeran,soft pop,Pop,÷ (Deluxe),2017-03-03,7qiZfU4dY1lWllzX7mPBI3,Atlantic Records UK,GBAHS1600463,325369248,6eUKZXaKkcviH0Ku9w2n3V
goosebumps,Travis Scott,rap,Hip Hop,Birds In The Trap Sing McKnight,2016-09-16,6gBFPUFcJLzWGx4lenP6h2,Cactus Jack / Epic,USSM11607555,300809533,0Y5tJX1MQlPlqiwlOH1tJY
Lance Individual,Jorge & Mateus,"sertanejo, sertanejo universitário, arrocha, agronejo","Country, Latin",Lance Individual,2020-11-13,7GLWWrk1YlkPYqJK3ynIA0,Som Livre,BRRGE2010642,16868524,1elUiq4X7pxej6FRlrEzjM
Life Is Good (feat. Drake),"Future, Drake","rap, hip hop",Hip Hop,High Off Life,2020-05-15,1K5KBOgreBi5fkEHvg5ap3,Epic/Freebandz,USSM11914962,117135519,"1RyvyyTE3xzB2ZywiAwp0i, 3TVXtAsR1Inumwj472S9r4"
pov,Ariana Grande,pop,Pop,Positions,2020-10-30,3UoULw70kMsiVXxW0L3A33,Republic Records,USUM72020441,38641112,66CXWjxzNUsdJxJ2JdwvnR
Hawái - Remix,"Maluma, The Weeknd","reggaeton, latin, urbano latino, ",Latin,Hawái (Remix),2020-11-05,0GzuHFG4Ql6DoyxFRnIk3F,Sony Music Latin,USSD12000526,40399721,"1r4hJ1h58CWwUQe3MxPuau, 1Xyo4u8uXC1ZmMpatF05PJ"
La Jeepeta - Remix,"Nio Garcia, Anuel AA, Myke Towers, Brray, Juanka","reggaeton, trap latino, urbano latino, latin, neoperreo, reggaeton chileno, rkt","Latin, Electronic",Now Or Never,2020-07-24,6bvfJf4KjonPMuPfGfy3S2,"Flow La Movie, Inc.",QM6MZ2057011,24460968,"5hdhHgpxyniooUiQVaPxQ0, 2R21vXR83lH98kGeO99Y66, 7iK8PXO48WeuP03g8YR51W, 1GKIlPFdcewHtpDVCQ8zmJ, 3Wb38LDP3N4tkobValgE9D"
lovely (with Khalid),"Billie Eilish, Khalid",,,lovely (with Khalid),2018-04-19,0u2P5u6lvoDfwTYjAADbn4,Darkroom,USUM71804190,382837550,"6qqNVTkY8uBg9cP3Jd7DAH, 6LuN9FCkKOj5PcnpouEgny"
Despeinada,"Ozuna, Camilo","reggaeton, latin, trap latino, urbano latino, colombian pop","Pop, Latin",ENOC,2020-09-04,0JAZWvvqttGFm4UMDsPQXC,Aura Music Corp.,USXDR2000590,45069387,"1i8SpTcr7yvPOmcqrbnVXY, 28gNT5KBp7IjEOQoevXf9N"
Bohemian Rhapsody - Remastered 2011,Queen,"classic rock, rock, glam rock",Rock,A Night At The Opera (2011 Remaster),1975-11-21,4u7EnebtmKWzUH433cf5Qv,EMI,GBUM71029604,297033721,1dfeR4HaWDbWqFHLkxsg1d
Come & Go (with Marshmello),"Juice WRLD, Marshmello","melodic rap, emo rap, edm","Electronic, Hip Hop",Legends Never Die,2020-07-10,2Y0wPrPQBrGhoLn14xRYCG,Grade A Productions/Interscope Records,USUG12001904,128047616,"4MCBfE4596Uoi2O4DtmEMz, 64KEffDW9EtZ1y2vBYgq8T"
I Wanna Dance with Somebody (Who Loves Me),Whitney Houston,,,Whitney,1987-06-02,2tUBqZG2AbRi7Q0BIrVrEj,Arista/Legacy,USAR18700121,2080236,6XpaIBNiVzIetEPCWDvAFP
Hello (feat. A Boogie Wit da Hoodie),"Pop Smoke, A Boogie Wit da Hoodie","brooklyn drill, drill, new york drill, melodic rap",Hip Hop,Shoot For The Stars Aim For The Moon (Deluxe),2020-07-20,2r6OAV3WsYtXuXjvJ1lIDi,Victor Victor Worldwide,USUM72014370,90439443,"0eDvMgVFoNV3TpwtrVCoTj, 31W5EY0aAly4Qieq6OFu6I"
"Ele É Ele, Eu Sou Eu","Wesley Safadão, Os Barões Da Pisadinha","forró, sertanejo, piseiro, arrocha, sertanejo universitário, brega, tecnobrega, agronejo","Country, Latin",Safadão Amplificado,2020-11-12,7EWXP47VlXKO3r7mNxuWHw,Som Livre,BX12K2000006,68832161,"1AL2GKpmRrKXkYIcASuRFa, 5Lv2GUVwqmQBPwrTrxucE5"
Letícia,Zé Vaqueiro,"piseiro, forró, sertanejo, arrocha, brega","Country, Latin",O Original,2020-10-01,2R1OgezGfBMeiAcMpJ1EkH,Zé Vaqueiro,BCJDF2000006,898359,5K8Rmjmf4RZFffz94EmBRt
Robbery,Juice WRLD,"melodic rap, emo rap",Hip Hop,Death Race For Love,2019-03-08,6Hj9jySrnFppAI0sEMCZpJ,Grade A Productions/Interscope Records,USUG11900302,109569319,4MCBfE4596Uoi2O4DtmEMz
Polvo,"Nicky Jam, Myke Towers","reggaeton, latin, trap latino, urbano latino",Latin,Polvo,2020-11-20,68mrW6gXHgupgSiDHgaDi5,Sony Music Latin,USSD12000502,82464039,"1SupJlEpv7RS2tPNRaHViT, 7iK8PXO48WeuP03g8YR51W"
Falling,Trevor Daniel,,,Nicotine,2020-03-26,2rRJrJEo19S2J82BDsQ3F7,Alamo/Interscope Records,USUYG1221109,101323945,7uaIm6Pw7xplS8Dy06V6pT
Sunday Best,Surfaces,,,Where the Light Is,2019-01-06,1Cv1YLb4q0RzL6pybtaMLo,"Surfaces, LLC / TenThousand Projects, LLC",TCAEA1802695,4207513,4ETSs924pXMzjIeD6E9b4u
September,Earth Wind & Fire,disco,R&B,"Now, Then & Forever",2013-09-11,4f2GB5ZC7vOUYPAg69N2Xw,Legacy Recordings,USSM17800419,8541041,4QQgXkCYTt3BlENzhyNETg
Break My Heart,Dua Lipa,pop,Pop,Future Nostalgia,2020-03-27,017PF4Q3l4DBUiWoXk4OWT,Warner Records,GBAHT1901303,148021574,6M2wZ9GZgrQXHCFfjv46we
Reminds Me Of You,"Juice WRLD, The Kid LAROI","melodic rap, emo rap, ",Hip Hop,Reminds Me Of You,2020-12-08,5YSHygGN9D0mID1NsVd5my,Grade A Productions/Interscope Records,USLD91730127,19632374,"4MCBfE4596Uoi2O4DtmEMz, 2tIP7SsRs7vjIcLrU85W8J"
Can't Hold Us (feat. Ray Dalton),"Macklemore, Ryan Lewis, Macklemore & Ryan Lewis, Ray Dalton",,,The Heist,2012-10-09,3bidbhpOYeV4knp8AIu8Xn,Macklemore,GMM881200021,61715816,"3JhNCzhSMTxs9WLGJJxWOY, 4myTppRgh0rojLxx8RycOp, 6WLvgbfYXQPO396oJEYCsi, 4e0nWw2r4BoQSKPQ2zpU13"
Ride It,Regard,,,Ride It,2019-07-26,2tnVG71enUj33Ic2nFN6kZ,Ministry of Sound Recordings,GBCEN1900047,160701965,4ofCBoyEiGSePFAG500xev
Figurinha - Ao Vivo,"Douglas & Vinicius, MC Bruninho","sertanejo, sertanejo universitário, arrocha, piseiro, brega funk, funk, brega","Country, Pop, R&B, Latin",Ao Vivo no Golf Estate,2020-07-10,187Pge0WmJNoS73kaIORSE,WorkShow,BRWNV2000076,1595089,"7M83IzPXGA4ClZJ5reW2Ro, 3shPgAzHMyRwWOkXeoWKeB"
Toosie Slide,Drake,"rap, hip hop",Hip Hop,Dark Lane Demo Tapes,2020-05-01,466cKvZn1j45IpxDdYZqdA,OVO,USUG12001281,40791988,3TVXtAsR1Inumwj472S9r4
POPSTAR (feat. Drake),"DJ Khaled, Drake","rap, hip hop",Hip Hop,POPSTAR (feat. Drake),2020-07-17,6EDO9iiTtwNv6waLwa1UUq,OVO/We The Best/Epic,USSM12004501,84826425,"0QHgL1lAIqAw0HtD7YldmP, 3TVXtAsR1Inumwj472S9r4"
Midnight Sky,Miley Cyrus,,,Plastic Hearts,2020-11-27,4i2qxFEVVUi8yOYoxB8TCX,RCA Records Label,USRC12002653,35818633,5YGY8feqx7naU7z4HrwZM6
HIGHEST IN THE ROOM,Travis Scott,rap,Hip Hop,HIGHEST IN THE ROOM,2019-10-04,3eekarcy7kvN4yt5ZFzltW,Cactus Jack/Epic,USSM11904276,145932795,0Y5tJX1MQlPlqiwlOH1tJY
Head Shoulders Knees & Toes (feat. Norma Jean Martine),"Ofenbach, Quarterhead, Norma Jean Martine",,,Head Shoulders Knees & Toes (feat. Norma Jean Martine),2020-05-08,6i7zAdNhzUN2k1HcrBxPHG,Elektra France,FRY682000003,59993090,"4AKwRarlmsUlLjIwt38NLw, 2h6hAChW74hB9HvrNoK1RY, 2fsk4VlJdNF6G8cCMDrrzB"
Kings & Queens,Ava Max,,,Heaven & Hell,2020-09-18,7a53HqqArd4b9NF4XAmlbI,Atlantic Records,USAT21906943,14435017,4npEfmQ6YuiwW1GpUmaq3F
Shallow,"Lady Gaga, Bradley Cooper","art pop, pop, ",Pop,A Star Is Born Soundtrack,2018-10-05,2VxeLyX666F8uXCJ0dZF8B,A Star is Born OST,USUM71813192,319455504,"1HY2Jd0NmPuamShAr6KMms, 4VIvfOurcf0vuLRxLkGnIG"
Só Tem Eu,Zé Felipe,"piseiro, sertanejo, arrocha, agronejo, forró, sertanejo universitário","Country, Latin",Só Tem Eu,2020-10-09,1X0MaGErD8rcspqQs9s2m0,Som Livre,BRTLW2000044,835306,7cmuxPnXRJxwuYDHfbD8Eu
Train Wreck,James Arthur,soft pop,Pop,Back from the Edge,2016-10-28,55Am8neGJkdj2ADaM3aw5H,Columbia,DEE861600590,111539843,4IWBUUAFIplrNtaOHcJPRM
Closer,"The Chainsmokers, Halsey",,,Closer,2016-07-29,7BKLCZ1jbUBVqRi2FVlTVw,Disruptor Records/Columbia,USQX91601347,120498876,"69GGBxA162lTqCwzJG5jLp, 26VFTg2z8YR0cCuwLzESi2"
Go Crazy,"Chris Brown, Young Thug","r&b, rap, melodic rap, trap","Hip Hop, R&B",Slime & B,2020-05-08,1IIKrJVP1C9N7iPtG6eOsK,Chris Brown Entertainment/300 Entertainment/RCA Records,USRC12001468,18145352,"7bXgB6jMjp9ATFy66eO08Z, 50co4Is1HCEo8bhOyUWKpn"
Godzilla (feat. Juice WRLD),"Eminem, Juice WRLD","rap, hip hop, melodic rap, emo rap",Hip Hop,Music To Be Murdered By,2020-01-17,7FIWs0pqAYbP91WWM0vlTQ,Shady/Aftermath/Interscope Records,USUM72000788,108927755,"7dGJo4pcD2V6oG8kP0tJRR, 4MCBfE4596Uoi2O4DtmEMz"
Mi Cuarto,Jerry Di,reggaeton,Latin,DI LETRA,2020-04-03,6fmQjRuo7XvRFCK2qex5hQ,Nacho,USUM72002612,30172472,7f02bxFbZIOVdSbYRNYvLT
Intentions (feat. Quavo),"Justin Bieber, Quavo",,,Changes,2020-02-14,4umIPjkehX1r7uhmGvXiSV,RBMG/Def Jam,USUM72001302,41013243,"1uNFoZAHBGtllmzznpCI3s, 0VRj0yCOv2FXJNP47XQnx5"
ROXANNE,Arizona Zervas,,,ROXANNE,2019-10-10,696DnlkuDOXcMAnKlTgXXK,Arizona Zervas,USSM11914320,51240060,0vRvGUQVUjytro0xpb26bs
Mood Swings (feat. Lil Tjay),"Pop Smoke, Lil Tjay","brooklyn drill, drill, new york drill, melodic rap",Hip Hop,Shoot For The Stars Aim For The Moon,2020-07-03,5rZlwNFl01HqLWBQGryKSm,Victor Victor Worldwide,USUM72013632,61042696,"0eDvMgVFoNV3TpwtrVCoTj, 6jGMq4yGs7aQzuGsMgVgZR"
I Don't Care (with Justin Bieber),"Ed Sheeran, Justin Bieber","soft pop, ",Pop,No.6 Collaborations Project,2019-07-12,0hVXuCcriWRGvwMV1r5Yn9,Atlantic Records UK,GBAHS1900672,38537156,"6eUKZXaKkcviH0Ku9w2n3V, 1uNFoZAHBGtllmzznpCI3s"
Sofia,Clairo,bedroom pop,Pop,Immunity,2019-08-02,7B3z0ySL9Rr0XvZEAjWZzM,FADER Label,US4HB1900086,48330267,3l0CmX0FuQjFxr8SK7Vqag
Wake Me Up,Avicii,edm,Electronic,True,2013-01-01,0nrRP2bk19rLc0orkWPQk2,Universal Music AB,SEUM71301326,172170704,1vCWHaC5f2uS3yhpwWbIA6
Caramelo,Ozuna,"reggaeton, latin, trap latino, urbano latino",Latin,ENOC,2020-09-04,5Jm4w8jmPEBTLjI9vH4fXo,Aura Music Corp.,USXDR2000567,12170988,1i8SpTcr7yvPOmcqrbnVXY
rockstar (feat. 21 Savage),"Post Malone, 21 Savage",,,beerbongs & bentleys,2018-04-27,0e7ipj03S05BNilyu5bRzt,Republic Records,USUM71710087,25255364,"246dkjvS1zLTtiykXe5h60, 1URnnhqYAYcrqrcwql10ft"
"Whats Poppin (feat. DaBaby, Tory Lanez & Lil Wayne) [Remix] - Bonus Track","Jack Harlow, Tory Lanez, DaBaby, Lil Wayne","rap, hip hop",Hip Hop,Thats What They All Say,2020-12-11,0ZLuW8uOXdFNWcI40C0OC2,Generation Now/Atlantic,USAT22007702,64369187,"2LIk90788K0zvyj2JJVwkJ, 2jku7tDXc6XoB6MO2hFuqg, 4r63FhuTkUYltbVAg5TQnk, 55Aa2cqylxrFIXC767Z865"
Daisy,Ashnikko,,,Daisy,2020-07-09,0AUvWawuP0ibk4SQ3sIZjk,Parlophone UK,GBAYE2000596,13111063,3PyJHH2wyfQK3WZrk9rpmP
Believer,Imagine Dragons,,,Evolve,2017-06-23,0pqnGHJpmpxLKifKRmU6WP,Kid Ina Korner / Interscope,USUM71700626,355959303,53XhwfbYqKCa1cC15pYq2q
All Girls Are The Same,Juice WRLD,"melodic rap, emo rap",Hip Hop,Goodbye & Good Riddance,2018-12-10,4VXIryQMWpIdGgYR4TrjT1,Juice WRLD Mixtape / ISR P&D,USUG11800651,100362492,4MCBfE4596Uoi2O4DtmEMz
Angst,Apache 207,german hip hop,Hip Hop,Angst,2021-01-01,5yUzqd3H7cmJ1no6B4uTzu,Four Music/Two Sides,DEQ322000447,5317174,1qQLhymHXFPtP5U8KNKsm6
Tyler Herro,Jack Harlow,,,Thats What They All Say,2020-12-11,3w1WjD2zJqjBjDz5fwqQPJ,Generation Now/Atlantic,USAT22006588,40658488,2LIk90788K0zvyj2JJVwkJ
At My Worst,Pink Sweat$,,,At My Worst (Joel Corry Remix),2020-12-04,2tI4WyzqOOwC23S5m0kqcB,Atlantic Records,USAT22003823,44570182,1W7FNibLa0O0b572tB2w7t
ily (i love you baby) (feat. Emilee),"Surf Mesa, Emilee",,,ily (i love you baby) (feat. Emilee),2019-11-26,62aP9fBQKYKxi7PDXwcUAS,Astralwerks,QZJRC1945204,35949658,"1lmU3giNF3CSbkVSQmLpHQ, 4ArPQ1Opcksbbf3CPwEjWE"
Dior,Pop Smoke,"brooklyn drill, drill, new york drill",Hip Hop,Meet The Woo,2019-07-26,79s5XnCN4TJKTVMSmOx8Ep,Victor Victor Worldwide/Republic Records,USUM71914275,144009889,0eDvMgVFoNV3TpwtrVCoTj
Oh Juliana,"Niack, Two Maloka, DJ Léo da 17","funk, brazilian funk, brega funk","Hip Hop, Pop, R&B",Oh Juliana,2020-06-30,4xWzZmX4K1yyrdtRfbUvjt,Niack,BCRIX2000015,795741,"5uYe4bcAXlMP7d4mrOYkML, 1v2nDgCQIAgO0tTXWcQbgh, 2K709GZR5lppCr7ATLKlbz"
Way Out (feat. Big Sean),"Jack Harlow, Big Sean",,,Thats What They All Say,2020-12-11,57VeLYXrvNxe8Vs18K2M9W,Generation Now/Atlantic,USAT22007707,21580915,"2LIk90788K0zvyj2JJVwkJ, 0c173mlxpT3dSFRgMO8XPh"
Stuck with U (with Justin Bieber),"Ariana Grande, Justin Bieber","pop, ",Pop,Stuck with U,2020-05-08,4HBZA5flZLE435QTztThqH,"Ariana Grande & Justin Bieber Stuck With U""- Charity""",USUM72009644,82159612,"66CXWjxzNUsdJxJ2JdwvnR, 1uNFoZAHBGtllmzznpCI3s"
my ex's best friend (with blackbear),"mgk, blackbear",,,Tickets To My Downfall,2020-09-25,7kDUspsoYfLkWnZR7qwHZl,Bad Boy/Interscope Records,USUM72014730,138666234,"6TIYQ3jFPwQSRmorSezPxX, 2cFrymmkijnjDg9SS92EPM"
Jocelyn Flores,XXXTENTACION,emo rap,Hip Hop,17,2017-08-25,7m9OqQk4RVRkw9JJdeAw96,Bad Vibes Forever / EMPIRE,USUYG1156892,221898136,15UsOTVnJzReFVN1VCnxy4
Heat Waves,Glass Animals,,,Dreamland (+ Bonus Levels),2020-08-06,02MWAaffLxlfxAUY7c5dvx,Polydor Records,GBUM72000433,910186915,4yvcSjfu4PC0CYQyLy4wSq
ALÔ AMBEV - funk remix,DJ Lucas Beat,"agronejo, piseiro, sertanejo, funk","Country, R&B, Latin",ALÔ AMBEV - funk remix,2020-12-01,4yD8WmB9NJVz1qYLD98iS1,iMusics,USANG2119304,773342,2zWqENF4cnsd1nLmraG9IE
7 rings,Ariana Grande,pop,Pop,"thank u, next",2019-02-08,6ocbgoVGwYJhOv1GgI9NsF,Republic Records,USUM71900110,234655697,66CXWjxzNUsdJxJ2JdwvnR
If the World Was Ending (feat. Julia Michaels),"JP Saxe, Julia Michaels",,,If the World Was Ending (feat. Julia Michaels),2019-10-17,2kJwzbxV2ppxnQoYw4GLBZ,Arista Records,USQX91902708,110856412,"66W9LaWS0DPdL7Sz8iYGYe, 0ZED1XzwlLHW4ZaG4lOT6m"
SICKO MODE,Travis Scott,rap,Hip Hop,ASTROWORLD,2018-08-03,2xLMifQCjDGFmkHkpNLD9h,Cactus Jack / Epic,USSM11806660,125836728,0Y5tJX1MQlPlqiwlOH1tJY
champagne problems,Taylor Swift,,,evermore,2020-12-11,0sY6ZUTh4yoctD8VIXz339,Taylor Swift,USUG12004700,19829281,06HL4z0CvFAxyc27GXpf02
De Menina pra Mulher - Ao Vivo,Gusttavo Lima,"sertanejo, sertanejo universitário, arrocha, agronejo, piseiro, forró","Country, Latin",De Menina pra Mulher (Ao Vivo),2020-09-17,42P3wMiPfXQM93TYZotuPQ,Sony Music Entertainment,BXBAL2000012,759761,7MiDcPa6UiV3In7lIM71IN
7,"Ufo361, Bonez MC","german hip hop, turkish hip hop",Hip Hop,7,2021-01-01,3ipliatTDndCmnYGaNiAbI,Stay High,DEQ022010810,1503933,"5pVRwX5ZQR7hfJ18w8ZYkl, 1aS5tqEs9ci5P9KD9tZWa6"
Daddy Issues,The Neighbourhood,,,Wiped Out!,2015-10-30,5E30LdtzQTGqRvNd7l6kG5,Columbia,USSM11506747,300570806,77SW9BnxLY8rJ0RciFqkHh
Pulei na Piscina - Ao Vivo,Guilherme & Benuto,"sertanejo, sertanejo universitário, agronejo, arrocha, piseiro","Country, Latin",Pulei na Piscina (Ao Vivo),2020-08-21,1uA7fD01YlQr1Rm0oyNB4H,Sony Music Entertainment,BCVV82000008,752928,6m6e7D2TnV0aYMllFFwMxu
Hey Ya!,Outkast,"southern hip hop, hip hop",Hip Hop,Speakerboxxx/The Love Below,2003-00-00,2PpruBYCo4H7WOBJ7Q2EwM,Arista,USAR10300924,1822655,1G9G7WwrXka3Z1r7aIDjI7
How You Like That,BLACKPINK,k-pop,Pop,THE ALBUM,2020-10-02,4SFknyjLcyTLJFPKD2m96o,YG Entertainment/Interscope Records,KRA402000111,54600235,41MozSoPIsD1dJM0CLPjZF
Rainha da Favela,LUDMILLA,"pagode, brazilian pop, funk pop, funk, pagode baiano, funk carioca, samba","Pop, R&B, Hip Hop, Latin",Rainha da Favela,2020-11-12,3vu864xi5Xis9VfOsJpmXu,WM Brazil,BRWMB2000901,744290,3CDoRporvSjdzTrm99a3gi
Something Just Like This,"The Chainsmokers, Coldplay",,,Memories...Do Not Open,2017-04-07,6RUKPb4LETWmmr3iAEQktW,Disruptor Records/Columbia,USQX91700278,59837457,"69GGBxA162lTqCwzJG5jLp, 4gzpq5DPGxSnKTe4SA8HAU"
Perfect,Ed Sheeran,soft pop,Pop,÷ (Deluxe),2017-03-03,0tgVpDi06FyKpA1z0VMD4v,Atlantic Records UK,GBAHS1700024,330945071,6eUKZXaKkcviH0Ku9w2n3V
Happier,"Marshmello, Bastille","edm, ",Electronic,Happier,2018-08-17,2dpaYNEQHiRxtZbfNsse99,Astralwerks,USUG11801651,4655272,"64KEffDW9EtZ1y2vBYgq8T, 7EQ0qTo7fWT7DPxmxtSYEc"
God's Plan,Drake,"rap, hip hop",Hip Hop,Scorpion,2018-06-29,6DCZcSspjsKoFjzjrWoCdn,Cash Money/Drake LP6,USCM51800004,733078,3TVXtAsR1Inumwj472S9r4
Azul,J Balvin,"reggaeton, latin",Latin,Colores,2020-03-19,2lCkncy6bIB0LTMT7kvrD1,UMLE - Latino,USUM72001731,4693033,1vyhD5VmyZ7KMfW5gqLgo5
I Like It,"Cardi B, Bad Bunny, J Balvin","reggaeton, trap latino, latin, urbano latino",Latin,Invasion of Privacy,2018-04-06,58q2HKrzhC3ozto2nDdN4z,Atlantic/KSR,USAT21801431,729266,"4kYSro6naA4h99UJvo89HB, 4q3ewBCX7sLwd24euuV69X, 1vyhD5VmyZ7KMfW5gqLgo5"
hot girl bummer,blackbear,,,everything means nothing,2020-08-21,2mt1IqcFyY1zmYZT8Q3xw9,Beartrap / Alamo / Interscope Records,USUG11902959,74904470,2cFrymmkijnjDg9SS92EPM
Tú Me Dejaste De Querer,"C. Tangana, Niño de Elche, La Húngara","flamenco, flamenco pop, flamenco urbano","Latin, Pop",Tú Me Dejaste De Querer,2020-11-05,0XinBYhf1X3kdvKQHOX971,Sony Music Entertainment,ES5022000718,17498924,"5TYxZTjIPqKM8K8NuP9woO, 5IbUz6BcOu6IVY512oxavP, 7xtnpHS34mLlxGZDVUBHSU"
Feel So Close - Radio Edit,Calvin Harris,edm,Electronic,18 Months,2012-10-29,1gihuPhrLraKYrJMAEONyc,Columbia,GBARL1100748,720834,7CajNmpbOovFoOoasH2HaY
Safaera,"Bad Bunny, Jowell & Randy, Ñengo Flow","reggaeton, trap latino, latin, urbano latino",Latin,YHLQMDLG,2020-02-29,2DEZmgHKAvm41k4J3R2E9Y,Rimas Entertainment LLC,QM4TX2030965,715471,"4q3ewBCX7sLwd24euuV69X, 4IMAo2UQchVFyPH24PAjUs, 12vb80Km0Ew53ABfJOepVz"
Say You Won't Let Go,James Arthur,soft pop,Pop,Back from the Edge,2016-10-28,5uCax9HTNlzGybIStD3vDh,Columbia,DEE861600586,280723510,4IWBUUAFIplrNtaOHcJPRM
La Luz,"Sech, J Balvin","reggaeton, urbano latino, latin",Latin,La Luz,2020-10-31,5zj8WNkBrEzlI5FKeYV4ol,Rich Music,QM9WM2000116,10579926,"77ziqFxp5gaInVrF2lj4ht, 1vyhD5VmyZ7KMfW5gqLgo5"
De Cora <3,"Rauw Alejandro, J Balvin","reggaeton, urbano latino, trap latino, latin",Latin,Afrodisíaco,2020-11-13,22Sh5dlwbERqJAq1fZk5b2,Sony Music Latin/Duars Entertainment,USSD12000495,17175685,"1mcTU81TzQhprhouKaTkpq, 1vyhD5VmyZ7KMfW5gqLgo5"
Cidade Inteira,"Eric Land, Xand Avião","piseiro, forró, sertanejo, arrocha, brega, seresta, sertanejo universitário","Country, Latin",Cidade Inteira,2020-01-31,7J3QMuDCSv56jRSiD9jFBF,Eric Land,BRZAW2000001,700985,"007FXgr0jLBJxhPJjacXQH, 43DRDu6nLSeIedZ7T1A616"
Pumped Up Kicks,Foster The People,,,Torches,2011-05-23,7w87IxuO7BDcJ3YUqCyMTT,Columbia,USSM11002931,699498,7gP3bB2nilZXLfPHJhMdvc
Billie Jean,Michael Jackson,,,Thriller 25 Super Deluxe Edition,2008-02-08,5ChkMS8OtdzJeqyybCc9R5,Epic/Legacy,USSM19902991,13085827,3fMbdgg4jU18AjLCKBhRSm
everything i wanted,Billie Eilish,,,everything i wanted,2019-11-13,3ZCTVFBt2Brf31RLEnCkWJ,Darkroom/Interscope Records,USUM71922577,92795655,6qqNVTkY8uBg9cP3Jd7DAH
Falling,Harry Styles,,,Fine Line,2019-12-13,1ZMiCix7XSAbfAJlEZWMCp,Columbia,USSM11912590,143456680,6KImCVD70vtIoJWnq6nGn3
Take on Me,a-ha,"new wave, synthpop","Rock, Pop",Hunting High and Low,1985-06-01,2WfaOiMkCvy7F5fcp2zZ8L,Rhino,USWB19901214,34493045,2jzc5TC5TVFLXQlBNiIUzE
Hayloft,Mother Mother,,,O My Heart,2008-09-23,2kS6td1yvmpNgZTt1q5pQq,Last Gang,CAL450882108,79752520,0e86yPdC41PGRkLp2Q1Bph
Love Not War (The Tampa Beat),"Jason Derulo, Nuka",,,Love Not War (The Tampa Beat),2020-11-20,4Lt6GXGzYsa1tgkv3nGSTm,Robots & Humans,GBARL2001440,72842100,"07YZf4WDAMNwqr4jfgOZ8y, 1XynjLPAyPi8SZAx8LHN0Z"
SAD!,XXXTENTACION,emo rap,Hip Hop,?,2018-03-16,3ee8Jmje8o58CHK66QrVC2,"Bad Vibes Forever, LLC",USUG11800208,92956417,15UsOTVnJzReFVN1VCnxy4
Don't Stop Believin',Journey,"album rock, classic rock",Rock,Escape (Bonus Track Version),1981-00-00,4bHsxqR3GMrXTxEPLuK5ue,Columbia,USSM18100116,5362128,0rvjqX7ttXeg3mTy8Xscbt
Tequila Shots,Kid Cudi,,,Man On The Moon III: The Chosen,2020-12-11,30KctD1WsHKTIYczXjip5a,Republic Records,USUM72023838,2664073,0fA0VVWsXO9YnASrzqfmYu
24K Magic,Bruno Mars,,,24K Magic,2016-11-17,6b8Be6ljOzmkOmFslEb23P,Atlantic Records,USAT21602944,684115,0du5cEVh5yTK9QJze8zA0C
Deep End,Fousheé,,,Deep End,2020-07-31,6HlE9t71z9DjGi7KqSyEpA,Not specified,USRC12002568,11114075,6trIghKwHRUyxwvm66HLHH
Why'd You Only Call Me When You're High?,Arctic Monkeys,"indie, garage rock",Rock,AM,2013-01-01,48q0vSHcJdhK3IiXH8C5WJ,EMI Recorded Music Australia Pty Ltd,GBCEL1300370,123032186,7Ln80lUS6He07XvHI8qqHH
All We Got (feat. KIDDO),"Robin Schulz, KIDDO","tropical house, ",Electronic,All We Got (feat. KIDDO),2020-10-16,1FP9s72rDYty6mfoOEYKnE,WM Germany,DEA622000934,51525359,"3t5xRXzsuZmMDkQzgOX35S, 5pXe6yFchq1oyYK3rq2A8i"
Do I Wanna Know?,Arctic Monkeys,"indie, garage rock",Rock,AM,2013-01-01,3rq5w4bQGigXOfdN30ATJt,EMI Recorded Music Australia Pty Ltd,GBCEL1300362,151590262,7Ln80lUS6He07XvHI8qqHH
Yellow,Coldplay,,,Parachutes,2000-07-10,3AJwUDP919kvQ9QcozQPxg,Parlophone UK,GBAYE0000267,289123321,4gzpq5DPGxSnKTe4SA8HAU
All of Me,John Legend,"soft pop, neo soul","R&B, Pop",Love In The Future (Expanded Edition),2013-08-30,3U4isOIWM3VvDubwSI3y7a,G.O.O.D. Music/Columbia,USSM11303954,251782586,5y2Xq6xcjJb2jVM54GHK3t
"no body, no crime (feat. HAIM)","Taylor Swift, HAIM",,,evermore,2020-12-10,6NriykdkRrjQMZo1sfVYUo,Taylor Swift,USUG12004707,5133976,"06HL4z0CvFAxyc27GXpf02, 4Ui2kfOqGujY81UcPrb5KE"
Lovesick Girls,BLACKPINK,k-pop,Pop,THE ALBUM,2020-10-02,4Ws314Ylb27BVsvlZOy30C,YG Entertainment/Interscope Records,KRA402000136,14800652,41MozSoPIsD1dJM0CLPjZF
Electric Love,BØRNS,,,Dopamine,2015-10-16,2GiJYvgVaD2HtM8GqD9EgQ,UMGRI Interscope,USUM71416307,46825529,1KP6TWI40m7p3QBTU6u2xo
Star Shopping,Lil Peep,"emo rap, cloud rap",Hip Hop,Star Shopping,2015-00-00,30bqVoKjX479ab90a8Pafp,Lil Peep,UKELY1800203,52053263,2kCcBybjl3SAtIcwdWpUe3
Maniac,Conan Gray,,,Kid Krow,2020-03-20,6KfoDhO4XUWSbnyKjNp9c4,Republic Records,USUM71920712,52949247,4Uc8Dsxct0oMqx0P6i60ea
Ice Cream (with Selena Gomez),"BLACKPINK, Selena Gomez","k-pop, pop",Pop,THE ALBUM,2020-10-02,4JUPEh2DVSXFGExu4Uxevz,YG Entertainment/Interscope Records,KRA402000131,8318802,"41MozSoPIsD1dJM0CLPjZF, 0C8ZW7ezQVs4URX5aX7Kqx"
HACIENDO QUE ME AMAS,Bad Bunny,"reggaeton, trap latino, latin, urbano latino",Latin,EL ÚLTIMO TOUR DEL MUNDO,2020-11-27,26QApq0cuO9brJigr0C0W4,Rimas Entertainment LLC,QMFME2066843,9234234,4q3ewBCX7sLwd24euuV69X
Someone To You,BANNERS,,,Where The Shadow Ends,2019-10-04,2f0pn9DkEJwAzXApnFh5cr,Island Records,USUM71705215,53719832,4qWnlmXWuGv2TtuxtIWlJX
In Your Eyes,The Weeknd,,,After Hours,2020-03-20,7szuecWAPwGoV1e5vGu8tl,Republic Records,USUG12000657,92730757,1Xyo4u8uXC1ZmMpatF05PJ
The Woo (feat. 50 Cent & Roddy Ricch),"Pop Smoke, 50 Cent, Roddy Ricch","brooklyn drill, drill, new york drill, east coast hip hop, melodic rap",Hip Hop,Shoot For The Stars Aim For The Moon,2020-07-03,1H7KnK26kc1YyellpbINEn,Victor Victor Worldwide,USUM72013367,11066371,"0eDvMgVFoNV3TpwtrVCoTj, 3q7HBObVc0L8jNeTe5Gofh, 757aE44tKEUQEqRuT6GnEB"
Every Breath You Take,The Police,,,Synchronicity (Remastered 2003),1983-06-17,1JSTJqkT5qHq8MDJnJbRE1,Polydor Records,GBAAM0201110,222237149,5NGO30tJxFlKixkPSgXcFE
Ponte Pa' Mi,Justin Quiles,reggaeton,Latin,Ponte Pa' Mi,2020-11-20,4C6BlqqMwjFzOXzqpTeoWR,WEA Latina,USWL12000479,58403270,14zUHaJZo1mnYtn6IBRaRP
Diamonds,Sam Smith,soft pop,Pop,Love Goes,2020-10-30,1hJIbOjWpid6LtnozHmzRS,PLG - Capitol,GBUM72002531,20140131,2wY79sveU1sp5g7SokKOiI
Fever,"Dua Lipa, Angèle","pop, french pop, variété française, chanson","Easy listening, Pop",Future Nostalgia,2020-03-27,3F1P0QzdXtBz0MXy7KIO5w,Warner Records,GBAHT2000834,8507031,"6M2wZ9GZgrQXHCFfjv46we, 3QVolfxko2UyCOtexhVTli"
The Less I Know The Better,Tame Impala,"indie, psychedelic pop","Rock, Pop",Currents,2015-07-17,6K4t31amVTZDgR3sKmwUJJ,Universal Music Australia Pty. Ltd.,AUUM71500303,36925593,5INjqkS1o8h1imAzPqGZBb
Smells Like Teen Spirit,Nirvana,"grunge, rock",Rock,Nevermind (Deluxe Edition),1991-09-26,1f3yAtsJtY87CTmM8RLnxf,Geffen,USGF19942501,238525115,6olE6TJLqED3rqDCT0FyPh
Take Me To Church,Hozier,,,Hozier,2014-09-19,3dYD57lRAUcMHufyqn9GcI,Universal-Island Records Ltd.,IEACJ1300031,296525565,2FXC3k01G6Gw61bmprjgqS
when the party's over,Billie Eilish,,,"WHEN WE ALL FALL ASLEEP, WHERE DO WE GO?",2019-03-29,43zdsphuZLzwA9k4DJhU0I,Darkroom/Interscope Records,USUM71815958,45639310,6qqNVTkY8uBg9cP3Jd7DAH
Be Alright,Dean Lewis,,,A Place We Knew,2019-03-22,5qrSlOut2rNAWv3ubArkNy,Universal Music Australia Pty. Ltd.,AUUM71800255,23574637,3QSQFmccmX81fWCUSPTS7y
Without Me,Halsey,,,Manic,2020-01-17,6FZDfxM3a3UCqtzo5pxSLZ,Capitol Records,USUM71813499,42858488,26VFTg2z8YR0cCuwLzESi2
THE SCOTTS,"THE SCOTTS, Travis Scott, Kid Cudi","rap, ",Hip Hop,THE SCOTTS,2020-04-24,39Yp9wwQiSRIDOvrVg7mbk,Cactus Jack / Epic,USSM12002217,630424,"2PaZWGu5T5nHjY2xxAkFsT, 0Y5tJX1MQlPlqiwlOH1tJY, 0fA0VVWsXO9YnASrzqfmYu"
Everybody Dies In Their Nightmares,XXXTENTACION,emo rap,Hip Hop,17,2017-08-25,3GVkPk8mqxz0itaAriG1L7,Bad Vibes Forever / EMPIRE,USUYG1156894,25936776,15UsOTVnJzReFVN1VCnxy4
Dancing in My Room,347aidan,,,Dancing in My Room,2020-10-26,6Pgmqg15yVexuOgtzuxwoX,Columbia,USQX92004785,15617415,0bBz5bRBkExaej2HxtVfCw
Moonlight,XXXTENTACION,emo rap,Hip Hop,?,2018-03-16,0JP9xo3adEtGSdUEISiszL,"Bad Vibes Forever, LLC",USUG11800209,29296065,15UsOTVnJzReFVN1VCnxy4
Party Girl,StaySolidRocky,,,Fallin',2020-07-15,3IJYUaN3tx04S4TYyZHKoP,Columbia,USSM12002247,1231596,1XLWox9w1Yvbodui0SRhUQ
BOOKER T,Bad Bunny,"reggaeton, trap latino, latin, urbano latino",Latin,EL ÚLTIMO TOUR DEL MUNDO,2020-11-27,26w9NTiE9NGjW1ZvIOd1So,Rimas Entertainment LLC,QMFME2066844,44493789,4q3ewBCX7sLwd24euuV69X
Get You The Moon (feat. Snøw),"Kina, Snøw",,,Get You The Moon (feat. Snøw),2018-10-08,4ZLzoOkj0MPWrTLvooIuaa,Columbia,USSM11808093,613032,"4qIVPF0s71ZYW3qzhu5GkF, 5fSVkkuijRIpxuvSqysYiP"
E-GIRLS ARE RUINING MY LIFE!,"CORPSE, Savage Ga$p",dark trap,Hip Hop,E-GIRLS ARE RUINING MY LIFE!,2020-09-25,7bCfHiRcfUjG0YVVNUL7Ve,CORPSE,QZK6M2028073,3969030,"7yntSJ6uojO3z6GFUVwhAW, 0x7qiZJaal6j8qS7yCydFk"
I CAN'T STOP ME,TWICE,k-pop,Pop,Eyes wide open,2020-10-26,3apeXzypBMnUfYcZYNX6DH,WM Japan,US5TA2000134,4018206,7n2Ycct7Beij7Dj7meI4X0
SLOW DANCING IN THE DARK,Joji,,,BALLADS 1,2018-10-26,0rKtyWc8bvkriBthvHKY8d,88rising Music/Warner Records,ZZOPM1800452,609686,3MZsBdqDrRTJihTHQrO6Dq
gold rush,Taylor Swift,,,evermore,2020-12-11,5BK0uqwY9DNfZ630STAEaq,Taylor Swift,USUG12004702,2050701,06HL4z0CvFAxyc27GXpf02
Be Kind (with Halsey),"Marshmello, Halsey","edm, ",Electronic,Be Kind (with Halsey),2020-05-01,3Z8FwOEN59mRMxDCtb8N0A,Astralwerks,USUG12001567,8345776,"64KEffDW9EtZ1y2vBYgq8T, 26VFTg2z8YR0cCuwLzESi2"
‘tis the damn season,Taylor Swift,,,evermore,2020-12-10,4GBkffrtA51p17JH35irGA,Taylor Swift,USUG12004704,677445,06HL4z0CvFAxyc27GXpf02
"Mood (Remix) feat. Justin Bieber, J Balvin & iann dior","24kGoldn, Justin Bieber, J Balvin, iann dior","reggaeton, latin, melodic rap","Latin, Hip Hop","Mood (Remix) feat. Justin Bieber, J Balvin & iann dior",2020-11-06,6FuGJB290AQMAHTfjOYVaK,Records/Columbia,USQX92004563,2700407,"6fWVd57NKTalqvmjRd2t8Z, 1uNFoZAHBGtllmzznpCI3s, 1vyhD5VmyZ7KMfW5gqLgo5, 6ASri4ePR7RlsvIQgWPJpS"
Lose Control,"MEDUZA, Becky Hill, Goodboys",,,Lose Control,2019-10-11,7CHi4DtfK4heMlQaudCuHK,Virgin,DEUM71905792,3358840,"0xRXCcSX89eobfrshSVdyu, 4EPJlUEBy49EX1wuFOvtjK, 2nm38smINjms1LtczR0Cei"
"10,000 Hours (with Justin Bieber)","Dan + Shay, Justin Bieber","country, ",Country,"10,000 Hours (with Justin Bieber)",2019-10-04,2wrJq5XKLnmhRXHIAf9xBa,Warner Music Nashville,USWB11902440,4759481,"7z5WFjZAIYejWy0NI5lv4T, 1uNFoZAHBGtllmzznpCI3s"
Are You Bored Yet? (feat. Clairo),"Wallows, Clairo","indie, bedroom pop","Pop, Rock",Nothing Happens,2019-03-22,57RA3JGafJm5zRtKJiKPIm,Atlantic Records,USAT21812258,3354945,"0NIPkIjTV8mB795yEIiPYL, 3l0CmX0FuQjFxr8SK7Vqag"
Photograph,Ed Sheeran,soft pop,Pop,x (Wembley Edition),2013-00-00,6fxVffaTuwjgEk5h9QyRjy,Atlantic Records UK,GBAHS1400094,52884792,6eUKZXaKkcviH0Ku9w2n3V
Physical,Dua Lipa,pop,Pop,Future Nostalgia,2020-03-27,3AzjcOeAmA57TIOr9zF1ZW,Warner Records,GBAHT1901298,1370141,6M2wZ9GZgrQXHCFfjv46we
Thinking out Loud,Ed Sheeran,soft pop,Pop,x (Wembley Edition),2013-00-00,1Slwb6dOYkBlWal1PGtnNg,Atlantic Records UK,GBAHS1400099,13926179,6eUKZXaKkcviH0Ku9w2n3V
Cry Baby (feat. DaBaby),"Megan Thee Stallion, DaBaby",,,Good News,2020-11-20,4aarlAfLKVCTxUDNgbwhjH,300 Entertainment,QMCE32000678,12854352,"181bsRPaVXVlUKXrxwZfHK, 4r63FhuTkUYltbVAg5TQnk"
Save Your Tears,The Weeknd,,,After Hours,2020-03-20,5QO79kh1waicV47BqGRL3g,Republic Records,USUG12000658,709562973,1Xyo4u8uXC1ZmMpatF05PJ
"thank u, next",Ariana Grande,pop,Pop,"thank u, next",2019-02-08,3e9HZxeyfWwjeyPAMmWSSQ,Republic Records,USUM71819361,651244,66CXWjxzNUsdJxJ2JdwvnR
Tick Tock (feat. 24kGoldn),"Clean Bandit, Mabel, 24kGoldn",,,Tick Tock (feat. 24kGoldn),2020-08-21,27u7t9d7ZQoyjsCROHuZJ3,Atlantic Records UK,GBAHS2000775,664138,"6MDME20pz9RveH9rEXvrOM, 1MIVXf74SZHmTIp4V4paH4, 6fWVd57NKTalqvmjRd2t8Z"
Vibez,ZAYN,,,Vibez,2021-01-08,709F3MwiVvLD0LQXeKs5Cz,RCA Records Label,USRC12003149,7636528,5ZsFI1h6hIdQRw2ti0hz81
drivers license,Olivia Rodrigo,,,drivers license,2021-01-08,7lPN2DXiMsVn7XUKtOW1CS,Olivia Rodrigo PS,USUG12004749,707249499,1McMsnEElThX1knmY4oliG
Wasted On You,Morgan Wallen,country,Country,Dangerous: The Double Album,2021-01-08,3cBsEDNhFI9E82vPj3kvi3,Big Loud / Republic,USUG12004194,22171609,4oUHIQIBe0LHzYfvXNW4QM
Best Friend (feat. Doja Cat),"Saweetie, Doja Cat",,,Best Friend (feat. Doja Cat),2021-01-07,2etHQJxIbV0soyPhelVs9Y,ICY/Warner Records,USWB12004547,136649414,"6cK3NBO6uP7hh0oyuVELFl, 5cj0lLjcoR7YOSnhnX0Po5"
Somebody’s Problem,Morgan Wallen,country,Country,Dangerous: The Double Album,2021-01-08,42lqBjPYlmL1EXpMDXvhSN,Big Loud / Republic,USUG12004195,18828349,4oUHIQIBe0LHzYfvXNW4QM
Allenamento #4,Capo Plaza,"italian trap, trap",Hip Hop,Allenamento #4,2021-01-08,2CX0oyET6hQ6UfbtCZhTv7,WM Italy,ITLDR2100006,1227269,5SulO4l40qDuV9zUGLZx7n
Sand In My Boots,Morgan Wallen,country,Country,Dangerous: The Double Album,2021-01-08,0uRrG2jRR5tuifsYIJHEao,Big Loud / Republic,USUG12004193,6374966,4oUHIQIBe0LHzYfvXNW4QM
865,Morgan Wallen,country,Country,Dangerous: The Double Album,2021-01-08,0sKEilrw1GrBlG6qsTCrP4,Big Loud / Republic,USUG12004197,3293502,4oUHIQIBe0LHzYfvXNW4QM
Warning,Morgan Wallen,country,Country,Dangerous: The Double Album,2021-01-08,64SCQtbRtmO28ks1QhS3w5,Big Loud / Republic,USUG12004198,1858863,4oUHIQIBe0LHzYfvXNW4QM
More Surprised Than Me,Morgan Wallen,country,Country,Dangerous: The Double Album,2021-01-08,5NhcE6cuJjVYyVEKp97zOt,Big Loud / Republic,USUG12004196,1619814,4oUHIQIBe0LHzYfvXNW4QM
Neon Eyes,Morgan Wallen,country,Country,Dangerous: The Double Album,2021-01-08,3kOi5KZTcCOdqFlUjF9CDZ,Big Loud / Republic,USUG12004199,1611431,4oUHIQIBe0LHzYfvXNW4QM
7 Summers,Morgan Wallen,country,Country,Dangerous: The Double Album,2021-01-08,23V03OIpI0BpblCZredJGe,Big Loud / Republic,QZ22S1800133,836652,4oUHIQIBe0LHzYfvXNW4QM
Talk About Love (feat. Young Thug),"Zara Larsson, Young Thug","rap, melodic rap, trap",Hip Hop,Talk About Love (feat. Young Thug),2021-01-08,1qA9TnEJ2sUub9QkN9K3Mv,Epic/Record Company TEN,USSM12006974,831139,"1Xylc3o4UrD53lo9CvFvVg, 50co4Is1HCEo8bhOyUWKpn"
More Than My Hometown,Morgan Wallen,country,Country,Dangerous: The Double Album,2021-01-08,5OELUCYgOHKFAvCERnAvfS,Big Loud / Republic,QZ22S1800117,2949333,4oUHIQIBe0LHzYfvXNW4QM
it’s time to go - bonus track,Taylor Swift,,,evermore (deluxe version),2021-01-07,1kdWw77ZpYOkhxeuhzU1j6,TS/Republic,USUG12004721,823248,06HL4z0CvFAxyc27GXpf02
Outlaw (feat. Ben Burgess),"Morgan Wallen, Ben Burgess","country, texas country",Country,Dangerous: The Double Album,2021-01-08,2NK6dtSujGIyilnEgbw8MX,Big Loud / Republic,USUG12004201,771945,"4oUHIQIBe0LHzYfvXNW4QM, 7pnTkKShdYS8BnmTHhcEaa"
Cover Me Up,Morgan Wallen,country,Country,Dangerous: The Double Album,2021-01-08,0mKnuxVkPi5h0kuvZl44VM,Big Loud / Republic,QZ22S1800057,1495735,4oUHIQIBe0LHzYfvXNW4QM
Still Goin Down,Morgan Wallen,country,Country,Dangerous: The Double Album,2021-01-08,1d0rJOxrY9cpoAVgzyYLot,Big Loud / Republic,USUG12004206,765800,4oUHIQIBe0LHzYfvXNW4QM
Dangerous,Morgan Wallen,country,Country,Dangerous: The Double Album,2021-01-08,0R8ShcBTOvXjKCsp0Mu0Hx,Big Loud / Republic,USUG12004208,763943,4oUHIQIBe0LHzYfvXNW4QM
Whiskey’d My Way,Morgan Wallen,country,Country,Dangerous: The Double Album,2021-01-08,4kPLqNab6ZMGxbzsg423iX,Big Loud / Republic,USUG12004202,754490,4oUHIQIBe0LHzYfvXNW4QM
Wonderin’ Bout The Wind,Morgan Wallen,country,Country,Dangerous: The Double Album,2021-01-08,2p6hbwOB2u5hI4Uc8FDNL3,Big Loud / Republic,USUG12004203,730364,4oUHIQIBe0LHzYfvXNW4QM
Only Thing That’s Gone (feat. Chris Stapleton),"Morgan Wallen, Chris Stapleton",country,Country,Dangerous: The Double Album,2021-01-08,0CfPMZ1DSdzglsMRpLDM2H,Big Loud / Republic,USUG12004205,722729,"4oUHIQIBe0LHzYfvXNW4QM, 4YLtscXsxbVgi031ovDDdh"
7 Summers,Morgan Wallen,country,Country,Dangerous: The Double Album,2021-01-08,4obHzpwGrjoTuZh2DItEMZ,Big Loud / Republic,QZ22S1800133,2227095,4oUHIQIBe0LHzYfvXNW4QM
Still Goin Down,Morgan Wallen,country,Country,Dangerous: The Double Album,2021-01-08,2Qz8kpCjxulML39zB6gQxY,Big Loud / Republic,USUG12004206,719930,4oUHIQIBe0LHzYfvXNW4QM
Livin’ The Dream,Morgan Wallen,country,Country,Dangerous: The Double Album,2021-01-08,3O9lWje3TSupR4vObAg9Yu,Big Loud / Republic,USUG12004219,708185,4oUHIQIBe0LHzYfvXNW4QM
All I Want - From  High School Musical: The Musical: The Series ,"Olivia Rodrigo, Disney",,,All I Want (From  High School Musical: The Musical: The Series ),2019-11-27,4Yxc55NX3tAXC2mHRAhtcW,Walt Disney Records,USWD11995182,24057199,"1McMsnEElThX1knmY4oliG, 3xvaSlT4xsyk6lY1ESOspO"
Streets,Doja Cat,,,Hot Pink,2019-11-07,60ynsPSSKe6O3sfwRnIBRf,Kemosabe Records/RCA Records,USRC11903460,408082841,5cj0lLjcoR7YOSnhnX0Po5
July,Noah Cyrus,,,THE END OF EVERYTHING,2020-05-15,6J2LdBN97cDWn0MLxYh9HB,Records/Columbia,USQX91901092,2796542,55fhWPvDiMpLnE4ZzNXZyW
No Te Enamores - Remix,"Milly, Farruko, Nio Garcia, Jay Wheeler, Amenazzy","reggaeton, trap latino, latin, dembow, urbano latino",Latin,No Te Enamores (Remix),2020-11-20,2mM3gZ0BbPwPPMelbA8vgt,Carbon Fiber Music,QZL432000087,126073777,"7kXCcNRLEnblbTAppPraBp, 329e4yvIujISKGKz1BZZbO, 5hdhHgpxyniooUiQVaPxQ0, 2cPqdH7XMvwaBJEVjheH8g, 6kq4GHwUcUojGIu0ziSNXf"
Fly Away,Tones And I,,,Fly Away,2020-11-13,5ri4zqtWhG07hIuNNDWP76,Elektra (NEK),USAT22006865,27758439,2NjfBq1NflQcKSeiDooVjY
Chemtrails Over The Country Club,Lana Del Rey,,,Chemtrails Over The Country Club,2021-01-11,1PZDyestTVydtHpaIcfUJg,Polydor Records,GBUM72006081,8127291,00FQb4jTyendYWaN8pK0wa
Remember That Night?,Sara Kays,,,Remember That Night?,2020-11-06,1nYzjrdVQ8RpF93M0jPFW7,P2021,USAT22007230,25358160,7Lk9V7E1u5gqSHmtcKlOqH
The Hills,The Weeknd,,,Beauty Behind The Madness,2015-08-28,7fBv7CLKzipRk6EC6TWHOB,Universal Republic Records,USUG11500737,158986130,1Xyo4u8uXC1ZmMpatF05PJ
Astronaut In The Ocean,Masked Wolf,,,Astronaut In The Ocean,2021-01-06,3Ofmpyhv5UAQ70mENzB277,Elektra (NEK),USAT22100017,32643085,1uU7g3DNSbsu0QjSEqZtEd
"34+35 Remix (feat. Doja Cat, Megan Thee Stallion) - Remix","Ariana Grande, Doja Cat, Megan Thee Stallion","pop, ",Pop,34+35 (Remix),2021-01-15,3jjBPF4NDMCU51psU8JPpR,Republic Records,USUM72024483,36738072,"66CXWjxzNUsdJxJ2JdwvnR, 5cj0lLjcoR7YOSnhnX0Po5, 181bsRPaVXVlUKXrxwZfHK"
Bad Boy (with Young Thug),"Juice WRLD, Young Thug","melodic rap, emo rap, rap, trap",Hip Hop,Bad Boy (with Young Thug),2021-01-15,43CIWpJaJHRcI4mUSjqgc2,Grade A Productions/Interscope Records,USUG12002097,34922445,"4MCBfE4596Uoi2O4DtmEMz, 50co4Is1HCEo8bhOyUWKpn"
De Una Vez,Selena Gomez,pop,Pop,De Una Vez,2021-01-14,0HC6S4VpCGAZvyxTdrMRIQ,Interscope Records,USUG12100191,14165646,0C8ZW7ezQVs4URX5aX7Kqx
Vibez,ZAYN,,,Nobody Is Listening,2021-01-15,6T6D9CIrHkALcHPafDFA6L,RCA Records Label,USRC12003149,20373713,5ZsFI1h6hIdQRw2ti0hz81
Connexion,ZAYN,,,Nobody Is Listening,2021-01-15,5euRP53moGQyGCsq8aNjvo,RCA Records Label,USRC12003403,1196538,5ZsFI1h6hIdQRw2ti0hz81
Daisy,Ashnikko,,,DEMIDEVIL,2021-01-15,2g1KggY9PKvsoEAOaiz4xx,Parlophone UK,GBAYE2000596,17433726,3PyJHH2wyfQK3WZrk9rpmP
Better,ZAYN,,,Nobody Is Listening,2021-01-15,5CBnWXD8M7e8Q6WubFLtXy,RCA Records Label,USRC12002988,1048017,5ZsFI1h6hIdQRw2ti0hz81
Don't Play,"Anne-Marie, KSI, Digital Farm Animals",,,Don't Play,2021-01-15,4I5bvu2KDsrCg0EWHIcvul,Asylum Records,GBAHS2001192,4462683,"1zNqDE7qDGCsyzJwohVaoX, 1nzgtKYFckznkcVMR3Gg4z, 5fyDppLDl1juIu1BcUT5zh"
Calamity,ZAYN,,,Nobody Is Listening,2021-01-15,1hGHHKR7KFF2Wl78LBgKBz,RCA Records Label,USRC12003400,905262,5ZsFI1h6hIdQRw2ti0hz81
Outside,ZAYN,,,Nobody Is Listening,2021-01-15,6f8cT6qJ1KqqVXjx0xRJBt,RCA Records Label,USRC12003401,903633,5ZsFI1h6hIdQRw2ti0hz81
Lie Lie Lie,Joshua Bassett,,,Lie Lie Lie,2021-01-14,1jOBlsvKhdqjZAlUAia4Qz,Warner Records,USWB12003660,888543,4VdV2qRAYBLINR6uU72V1J
Goosebumps - Remix,"Travis Scott, HVME","rap, slap house","Hip Hop, Electronic",Goosebumps (Remix),2021-01-15,5uEYRdEIh9Bo4fpjDd4Na9,Cactus Jack/Epic,USSM12100202,356408615,"0Y5tJX1MQlPlqiwlOH1tJY, 2o08sCWF5yyo2G4DCiT7T9"
Sweat,ZAYN,,,Nobody Is Listening,2021-01-15,6ZHRi0QxzSnlevyhyNkj4a,RCA Records Label,USRC12003404,813863,5ZsFI1h6hIdQRw2ti0hz81
Tightrope,ZAYN,,,Nobody Is Listening,2021-01-15,44ngiCPfS8FfdJOqN0eULl,RCA Records Label,USRC12003407,789803,5ZsFI1h6hIdQRw2ti0hz81
When Love's Around (feat. Syd),"ZAYN, Syd",alternative r&b,R&B,Nobody Is Listening,2021-01-15,6bL1Rqcx1RXG6VsMmrYN8F,RCA Records Label,USRC12003402,786654,"5ZsFI1h6hIdQRw2ti0hz81, 3jk39CGeaaSO3FPKNx1RUx"
Masterpiece,DaBaby,,,Masterpiece,2021-01-15,26UxwWl9xCb83OynXELJcL,South Coast Music Group/Interscope Records,USUM72100156,773702,4r63FhuTkUYltbVAg5TQnk
Ohne Dich,"KASIMIR1441, badmómzjay, WILDBWOYS",german hip hop,Hip Hop,Ohne Dich,2021-01-14,4hSJUp6k7QeHLxU32MrLIU,Bis Es Klappt Records,DECE72006792,21031449,"7ADRm1oT7VmhRRZrZqycV6, 7oWrEQO1d3klp0Qrfh7a5h, 44yXVrsMTsKGUBHZsYFZNq"
Buss It,Erica Banks,,,Buss It,2020-05-15,78xj07VVFK5uHTaGPIu13S,1501 Certified Ent/Warner Records,USUYG1312999,7112912,2SXhbucehn00OBVKhzxDyM
HASTA ABAJO,"KEVIN ROLDAN, Bryant Myers, Lyanno","reggaeton, trap latino, urbano latino, trap, dembow","Latin, Hip Hop",KrING,2019-10-04,4PEfJZpVjdclfzZ9XO8uDw,UMLE - Latino,USUM71913434,75563022,"1RBzGO6Nm3uyhUSxP7EDWO, 6w9ToX5slZ4uIdmD17hJ3c, 1Ts9of7VPZElwPQnqnDSfW"
Más De La Una,"Piso 21, Maluma","reggaeton, colombian pop, pop urbano, latin, urbano latino","Pop, Latin",Más De La Una,2020-12-03,69Y5IZuBvGyzySFt5x7kCq,WM Mexico,MXF152000572,2211884,"4bw2Am3p9ji3mYsXNXtQcd, 1r4hJ1h58CWwUQe3MxPuau"
Can You Feel My Heart,Bring Me The Horizon,"metalcore, emo, screamo, rock, post-hardcore, metal","Rock, Metal",Sempiternal (Expanded Edition),2013-04-01,0WSa1sucoNRcEeULlZVQXj,RCA Records Label,GBARL1202415,23426172,1Ffb6ejR6Fe5IamqA5oRUF
Hope,XXXTENTACION,emo rap,Hip Hop,?,2018-03-16,2ZRo7axmMPeSVUvDbGkJah,"Bad Vibes Forever, LLC",USUG11800447,53027834,15UsOTVnJzReFVN1VCnxy4
SO DONE,The Kid LAROI,,,F*CK LOVE (SAVAGE),2020-11-04,2gqWRRCXnma9L8xQ1RdemQ,Columbia,USSM12005922,44595828,2tIP7SsRs7vjIcLrU85W8J
Lo Vas A Olvidar (with ROSALÍA),"Billie Eilish, ROSALÍA",latin,Latin,Lo Vas A Olvidar (with ROSALÍA),2021-01-21,0jagsVVkxwxhmTIicnOaon,Columbia,USUM72100008,1118571,"6qqNVTkY8uBg9cP3Jd7DAH, 7ltDVBr6mKbRvohxheJ9h1"
Ropa Cara,Camilo,colombian pop,Pop,Ropa Cara,2021-01-18,7BIy3EGQhg98CsRdKYHnJC,Sony Music Latin,USSD12000609,55922439,28gNT5KBp7IjEOQoevXf9N
Violent,carolesdaughter,,,Violent,2020-11-23,7CFfqRW50ffULvBv7lfIIg,Arista Records,USQX92005133,834141,2hiq2iBnUik3mrOfEgRSpB
Mds,"Kawe, Mc Lele JP, Original Quality","brazilian trap, brazilian hip hop, trap, trap funk, funk consciente, funk","Hip Hop, R&B, Latin, Electronic",Mds,2020-05-19,0QglpM23kl9ldvVdoYNZwF,OQProduções,QZHZ32082915,15880105,"1TYJOhNSxMOODWiDVhuyZb, 1mV9h1AwhRXSjBFcYpajgY, 5ZTnWo7IY6rdIxm6aTSR84"
Lo Vas A Olvidar (with ROSALÍA),"Billie Eilish, ROSALÍA",latin,Latin,Lo Vas A Olvidar (with ROSALÍA),2021-01-21,0psS4i5YooJrXfDnGvWRLi,Darkroom/Interscope Records,USUM72100008,30671166,"6qqNVTkY8uBg9cP3Jd7DAH, 7ltDVBr6mKbRvohxheJ9h1"
Skin,Sabrina Carpenter,,,Skin,2021-01-22,03B2SfXuvDh1m9F4tqrX07,Island Records,USUM72100805,37080517,74KM79TiuVKeVCqs8QtB0B
Antes,"Anuel AA, Ozuna","reggaeton, trap latino, urbano latino, latin",Latin,Los Dioses,2021-01-22,73O30uMI7n6DuzBmbtO7kC,Real Hasta La Muerte LLC & Aura Music Corp.,USXDR2011403,49381114,"2R21vXR83lH98kGeO99Y66, 1i8SpTcr7yvPOmcqrbnVXY"
Lifestyle (feat. Adam Levine),"Jason Derulo, Adam Levine",,,Lifestyle (feat. Adam Levine),2021-01-21,0osvOdeD3YXZiWkT8MKolJ,"Future History/Artist Partner Group, Inc.",USAT22100064,14931734,"07YZf4WDAMNwqr4jfgOZ8y, 4bYPcJP5jwMhSivRcqie2n"
Los Dioses,"Anuel AA, Ozuna","reggaeton, trap latino, urbano latino, latin",Latin,Los Dioses,2021-01-22,7oHsIIDKbEJlFULg1HF0pP,Real Hasta La Muerte LLC & Aura Music Corp.,USXDR2011401,5242040,"2R21vXR83lH98kGeO99Y66, 1i8SpTcr7yvPOmcqrbnVXY"
Paradies,"Gzuz, Bonez MC, Sa4, 187 Strassenbande",german hip hop,Hip Hop,Paradies,2021-01-22,6qNLO4HzHeVvHxTaCFMXrf,187 Strassenbande,DEVY82000190,826903,"5eioJDe26lOqkAMbuhzZYs, 1aS5tqEs9ci5P9KD9tZWa6, 5qZLYtTL3ldN6Uw7OXHESR, 2j2rh3oQh4QEUnNTDKYSJD"
Demonio (feat. Sfera Ebbasta),"Capo Plaza, Sfera Ebbasta","italian trap, trap",Hip Hop,PLAZA,2021-01-22,6jawrhd9Ad5td8mIvEZkjm,WM Italy,ITLDR2100008,750554,"5SulO4l40qDuV9zUGLZx7n, 23TFHmajVfBtlRx5MXqgoz"
100,"Anuel AA, Ozuna","reggaeton, trap latino, urbano latino, latin",Latin,Los Dioses,2021-01-22,2sqgNScWya6T8PwKMELYW8,Real Hasta La Muerte LLC & Aura Music Corp.,USXDR2011402,735631,"2R21vXR83lH98kGeO99Y66, 1i8SpTcr7yvPOmcqrbnVXY"
Facas - Ao Vivo,"Diego & Victor Hugo, Bruno & Marrone","sertanejo, sertanejo universitário, arrocha, piseiro, agronejo, sertanejo tradicional","Country, Latin",Facas (Ao Vivo),2020-10-15,1ere9b9vDw2N3m9d4uiXxa,Sony Music Entertainment,BRSME2004729,49474900,"3k68C6mNMJL6OaAdWeW2ZF, 5JXhkyafynxCvxtov7C1PV"
changes,XXXTENTACION,emo rap,Hip Hop,?,2018-03-16,7AFASza1mXqntmGtbxXprO,"Bad Vibes Forever, LLC",USUG11800211,654154,15UsOTVnJzReFVN1VCnxy4
In the End,Linkin Park,"nu metal, rap metal, rock, alternative metal","Metal, Rock",Hybrid Theory (Bonus Edition),2000-10-24,60a0Rd6pjrkxjPbaKzXjfq,Warner Records,USWB10002407,60734056,6XyY86QOPPrYVGvF9ch6wz
Celebrity,IU,"k-pop, k-ballad",Pop,Celebrity,2021-01-27,4RewTiGEGoO7FWNZUmp1f4,EDAM Entertainment,KRA382100464,756243,3HqSLMAZ3g3d5poNaI7GOU
Esquema Preferido,"DJ Ivis, Tarcísio do Acordeon","piseiro, forró, arrocha, sertanejo, brega, seresta","Country, Latin",Baile do DJ Ivis: Piseiro Hits,2020-11-26,27X3qzgB0Show6qfw5wNOK,DJ Ivis,BR90B2002405,50208653,"0RPzmE1iY76tx1eBBXFyYn, 48HORs6F9P7IgdyKrk4MZC"
Martin & Gina,Polo G,,,THE GOAT,2020-05-15,1VLtjHwRWOVJiE5Py7JxoQ,Columbia,USQX92002595,155355235,6AgTAQt8XS6jRWi4sX7w49
Baila Conmigo (with Rauw Alejandro),"Selena Gomez, Rauw Alejandro","pop, reggaeton, urbano latino, trap latino, latin","Latin, Pop",Baila Conmigo (with Rauw Alejandro),2021-01-29,0D75ciM842cdUMKSMfAR9y,Interscope Records,USUG12100193,89118775,"0C8ZW7ezQVs4URX5aX7Kqx, 1mcTU81TzQhprhouKaTkpq"
You (with Marshmello & Vance Joy),"benny blanco, Marshmello, Vance Joy","edm, folk pop","Electronic, Pop",You (with Marshmello & Vance Joy),2021-01-29,1GkHyypTFkUf0QQKwYoXH4,Interscope / Friends Keep Secrets / Joytime Collective,USUM72100060,12580090,"5CiGnKThu5ctn9pBxv7DGa, 64KEffDW9EtZ1y2vBYgq8T, 10exVja0key0uqUkk6LJRT"
"GRAVITY (FEAT. TYLER, THE CREATOR)","Brent Faiyaz, Dahi, Tyler The Creator","r&b, ",R&B,"Gravity (feat. Tyler, The Creator)",2021-01-29,6u3CPnFMKANYgfdiifFOiJ,Lost Kids,QM24S2100085,1970820,"3tlXnStJ1fFhdScmQeLpuG, 5BozIJTTNCufaZpjhy2der, 4V8LLVI7PbaPR0K2TGSxFF"
Agua de Jamaica,Maluma,"reggaeton, latin, urbano latino",Latin,#7DJ (7 Días En Jamaica),2021-01-28,41BzKiCrKpUQHS3TP0jmdr,Sony Music Latin,USSD12000450,10620428,1r4hJ1h58CWwUQe3MxPuau
Higher (feat. iann dior),"Clean Bandit, iann dior",melodic rap,Hip Hop,Higher (feat. iann dior),2021-01-29,4OoYfejHABzYe2mG8p5s8b,Atlantic Records UK,GBAHS2001165,902152,"6MDME20pz9RveH9rEXvrOM, 6ASri4ePR7RlsvIQgWPJpS"
Finesse Out The Gang Way (feat. Lil Baby),"Lil Durk, Lil Baby","drill, ",Hip Hop,The Voice (Deluxe),2021-01-29,15bnyEOUVRkwWlxR4F7xzF,Alamo (Geffen Records),USUM72024673,885608,"3hcs9uc56yIGFCSy9leWe7, 5f7VJjfbwm532GiveGC0ZK"
NO HUGS,Ufo361,"german hip hop, turkish hip hop",Hip Hop,NO HUGS,2021-01-29,6lWncv0txvt3Qwf5jY3ogH,Stay High,DEQ022008864,869272,5pVRwX5ZQR7hfJ18w8ZYkl
Your Love (9PM),"ATB, Topic, A7S","trance, ",Electronic,Your Love (9PM),2021-01-15,5YaskwnGDZFDRipaqzbwQx,Virgin,DECE72003523,342475762,"7jZM5w05mGhw6wTB1okhD9, 0u6GtibW46tFX7koQ6uNJZ, 5Wg2b4Mp42gicxEeDNawf7"
Mr. Brightside,The Killers,alternative rock,Rock,Hot Fuss,2004-00-00,003vvx7Niy0yvhvHt4a68B,Island Records,USIR20400274,203635261,0C0XlULifJtAgn6ZNCW2eu
Coração Na Cama - Ao Vivo,Hugo & Guilherme,"sertanejo, sertanejo universitário, agronejo, arrocha","Country, Latin","No Pelo 3, Pt. 1 (Ao Vivo)",2020-11-13,2nZj5YymF54qhAu7RneVP6,Som Livre,BRWNV2000188,25021531,1LIuN7ov1IBQDdLsU83ojl
On Me,Lil Baby,,,On Me,2020-12-04,4Iedi94TIaB2GGb1nMB68v,Quality Control Music/Motown Records,USUG12004399,2802131,5f7VJjfbwm532GiveGC0ZK
Sign of the Times,Harry Styles,,,Harry Styles,2017-05-12,5Ohxk2dO5COHF1krpoPigN,Columbia,USSM11703595,1377592,6KImCVD70vtIoJWnq6nGn3
Stressed Out,Twenty One Pilots,,,Blurryface,2015-05-15,3CRDbSIZ4r5MsZ0YwxuEkn,Fueled By Ramen,USAT21500597,32836626,3YQKmKGau1PzlVlkL1iodx
505,Arctic Monkeys,"indie, garage rock",Rock,Favourite Worst Nightmare (Standard Version),2007-04-24,58ge6dfP91o9oXMzq3XkIS,Domino/Warner Records,GBCEL0700074,8346685,7Ln80lUS6He07XvHI8qqHH
Arcade,Duncan Laurence,,,Small Town Boy (Track By Track),2020-11-12,1J14CdDAvBTE1AJYUOwl6C,"Universal Music, a division of Universal International Music BV",NL1TK1900001,402882065,3klZnJvYGIbWritVwQD434
Buss It,Erica Banks,,,Erica Banks,2020-06-19,25j0Sape7qZbq6ZPLFefTT,1501 Certified Ent/Warner Records,USUYG1312999,688315,2SXhbucehn00OBVKhzxDyM
Up,Cardi B,,,Up,2021-02-05,1XXimziG1uhM0eDNCZCrUl,Atlantic Records,USAT22100061,10576238,4kYSro6naA4h99UJvo89HB
Floating Through Space,"Sia, David Guetta","edm, dance",Electronic,Floating Through Space,2021-02-04,2AceGjiX9isUbXmMZa0Dl1,Monkey Puzzle/Atlantic,USAT22007180,4955511,"5WUlDfRSoLAfcVSX1WnrxN, 1Cs0zKBU1kc0i8ypK3B9ai"
Pressure (feat. Tove Lo),"Martin Garrix, Tove Lo","edm, electronica, progressive house, ",Electronic,Pressure (feat. Tove Lo),2021-02-05,4ga4WvRNhMsIL38pkBbnIN,Epic Amsterdam,NLM5S2101180,1947021,"60d24wfXkVzDSfLS6hyCjZ, 4NHQUGzhtTLFvgF5SZesLK"
GNF (OKOKOK),Polo G,,,GNF (OKOKOK),2021-02-05,1A8990rtwHQ417l3yADe5t,Columbia,USSM12100506,2477851,6AgTAQt8XS6jRWi4sX7w49
Provide (feat. Chris Brown & Mark Morrison),"G-Eazy, Chris Brown, Mark Morrison","r&b, ",R&B,Provide (feat. Chris Brown & Mark Morrison),2021-02-05,0tQmgwFKw9069z1BXniOiA,BPG/RVG/RCA Records,USRC12100026,923598,"02kJSzxNuaWGqwubyUba0Z, 7bXgB6jMjp9ATFy66eO08Z, 6V3F8MZrOKdT9fU686ybE9"
Making A Fire,Foo Fighters,"rock, post-grunge, alternative rock, grunge, modern rock","Rock, Metal",Medicine At Midnight,2021-02-05,2u8NmvhYX6wiviyxJTOhEi,RCA Records Label,USRW32000007,920439,7jy3rLJdDQY21OgRLCZ9sD
What Other People Say,"Sam Fischer, Demi Lovato",,,What Other People Say,2021-02-04,2h9TDNEXRhcDIV3fsoEVq9,RCA Records Label,GBARL2001671,14288167,"6L1XC7NrmgWRlwAeLJvVtA, 6S2OmqARrzebs0tKUEyXyp"
Starboy,"The Weeknd, Daft Punk","french house, electronic, electro","Hip Hop, Electronic",Starboy,2016-11-25,7MXVkk9YMctZqd1Srtv4MB,Universal Republic Records,USUG11600976,50321229,"1Xyo4u8uXC1ZmMpatF05PJ, 4tZwfgrHOc3mvqYlEYSvVi"
I Feel It Coming,"The Weeknd, Daft Punk","french house, electronic, electro","Hip Hop, Electronic",Starboy,2016-11-24,5GXAXm5YOmYT0kL5jHvYBt,Universal Republic Records,USUG11600996,32720342,"1Xyo4u8uXC1ZmMpatF05PJ, 4tZwfgrHOc3mvqYlEYSvVi"
Can't Feel My Face,The Weeknd,,,Beauty Behind The Madness,2015-08-28,22VdIZQfgXJea34mQxlt81,Universal Republic Records,USUG11500741,5461958,1Xyo4u8uXC1ZmMpatF05PJ
Earned It (Fifty Shades Of Grey),The Weeknd,,,Beauty Behind The Madness,2015-08-28,4frLb7nWtsz2ymBE6k2GRP,Universal Republic Records,USUG11500923,6851950,1Xyo4u8uXC1ZmMpatF05PJ
Call Out My Name,The Weeknd,,,"My Dear Melancholy,",2018-03-30,09mEdoA6zrmBPgTEN5qXmN,Universal Republic Records,USUG11800560,3428092,1Xyo4u8uXC1ZmMpatF05PJ
Heartless,The Weeknd,,,After Hours,2020-03-20,6bnF93Rx87YqUBLSgjiMU8,Republic Records,USUG11904007,2550262,1Xyo4u8uXC1ZmMpatF05PJ
Often,The Weeknd,,,Beauty Behind The Madness,2015-08-28,4PhsKqMdgMEUSstTDAmMpg,Universal Republic Records,USUG11401323,760508,1Xyo4u8uXC1ZmMpatF05PJ
After Hours,The Weeknd,,,After Hours,2020-03-20,2p8IUWQDrpjuFltbdgLOag,Republic Records,USUG12000586,724141,1Xyo4u8uXC1ZmMpatF05PJ
Die For You,The Weeknd,,,Starboy,2016-11-24,2LBqCSwhJGcFQeTHMVGwy3,Universal Republic Records,USUG11600995,6286526,1Xyo4u8uXC1ZmMpatF05PJ
Just the Way You Are,Bruno Mars,,,Doo-Wops & Hooligans,2010-05-11,7BqBn9nzAq8spo5e7cZ0dJ,Atlantic Records,USAT21001269,115261442,0du5cEVh5yTK9QJze8zA0C
Riptide,Vance Joy,folk pop,Pop,Dream Your Life Away,2014-09-08,7yq4Qj7cqayVTp3FF9CWbm,F-Stop Records/Atlantic,AULI01385760,225718684,10exVja0key0uqUkk6LJRT
Wellerman - Sea Shanty / 220 KID x Billen Ted Remix,"Nathan Evans, 220 KID","sea shanties, ",Metal,Wellerman (Sea Shanty / 220 KID x Billen Ted Remix),2021-01-21,3iw6V4LH7yPj1ESORX9RIN,Polydor Records,GBUM72100298,173756236,"1PKErrAhYFdfrDymGHRQRo, 4Euia7UzdRshy1DJOSMTcs"
Up,Cardi B,,,Up (Instrumental),2021-02-04,1M4OcYkxAtu3ErzSgDEfoi,Atlantic Records,USAT22100061,321449865,4kYSro6naA4h99UJvo89HB
Heartbreak Anniversary,GIVĒON,r&b,R&B,TAKE TIME,2020-03-27,3FAJ6O0NOHQV8Mc5Ri6ENp,Epic/Not So Fast,USSM12000998,502101021,4fxd5Ee7UefO4CUXgwJ7IP
Counting Stars,OneRepublic,soft pop,Pop,Native,2013-01-01,2tpWsVSb9UEmDRxAl1zhX1,Mosley / Interscope,USUM71301306,233401956,5Pwc4xIPtQLFEnJriah9YJ
Love Story,Taylor Swift,,,Fearless,2008-01-01,7bad461siaxECNlaYsmIo6,Open Road,USCJY0803275,1637843,06HL4z0CvFAxyc27GXpf02
Love Story (Taylor’s Version),Taylor Swift,,,Love Story (Taylor’s Version),2021-02-12,3CeCwYWvdfXbZLXFhBrbnf,Taylor Swift,USUG12100342,33243054,06HL4z0CvFAxyc27GXpf02
Calling My Phone,"Lil Tjay, 6LACK","brooklyn drill, melodic rap, ",Hip Hop,Calling My Phone,2021-02-12,5Kskr9LcNYa0tpt5f0ZEJx,Columbia,USSM12100388,143268039,"6jGMq4yGs7aQzuGsMgVgZR, 4IVAbR2w4JJNJDDRFP3E83"
We're Good,Dua Lipa,pop,Pop,Future Nostalgia (The Moonlight Edition),2021-02-11,1diS6nkxMQc3wwC4G1j0bh,Warner Records,GBAHT2001117,226446002,6M2wZ9GZgrQXHCFfjv46we
Astronaut In The Ocean,Masked Wolf,,,Astronaut In The Ocean,2019-06-07,3VT8hOC5vuDXBsHrR53WFh,Teamwrk,USAT22100017,383488914,1uU7g3DNSbsu0QjSEqZtEd
LOCATION,"KAROL G, Anuel AA, J Balvin","reggaeton, latin, urbano latino, trap latino",Latin,LOCATION,2021-02-12,5Km4r87BoX2qqtoprYS1gh,UMLE - Latino,USUM72023897,43287514,"790FomKkXshlbRYZFtlgla, 2R21vXR83lH98kGeO99Y66, 1vyhD5VmyZ7KMfW5gqLgo5"
At My Worst,Pink Sweat$,,,PINK PLANET,2021-02-12,2MJz8BxxMsERULatmBikDH,Atlantic Records,USAT22003823,94372742,1W7FNibLa0O0b572tB2w7t
Big (feat. Gunna),"Rita Ora, David Guetta, Imanbek, Gunna","edm, dance, slap house, melodic rap","Electronic, Hip Hop",Big (feat. Gunna),2021-02-11,0BjfodYJYki5xbxHJZe0Cf,Columbia/B1 Recordings,GBAHS2100008,1028550,"5CCwRZC6euC8Odo6y9X8jr, 1Cs0zKBU1kc0i8ypK3B9ai, 5rGrDvrLOV2VV8SCFVGWlj, 2hlmm7s2ICUX0LVIhVFlZQ"
Rich Nigga Problems,A$AP Rocky,rap,Hip Hop,Rich Nigga Problems,2021-02-12,4i9ATUqGrKhfzQ0k8UnSBf,Six Course Music Group/RCA Records,USRC12100140,891064,13ubrt8QOOCPljQ2FL1Kca
Ella No Es Tuya - Remix,"Rochy RD, Myke Towers, Nicki Nicole","dembow, reggaeton, trap latino, urbano latino, argentine trap","Hip Hop, Latin",Ella No Es Tuya (Remix),2021-02-03,5YYW3yRktprLRr47WK219Y,Sony Music Latin,USSD12100003,184944994,"4riOEaOW5hCeqomFDBk0aP, 7iK8PXO48WeuP03g8YR51W, 2UZIAOlrnyZmyzt1nuXr9y"
Cover Me In Sunshine,"P!nk, Willow Sage Hart",,,Cover Me In Sunshine,2021-02-12,6Tio0ZoDeSQnI7EBAqWer2,RCA Records Label,USRC12100138,59272947,"1KCSPY1glIKqW2TotWuXOR, 0gAILSEru1PKMwP0tAqNLS"
My Head & My Heart,Ava Max,,,Heaven & Hell,2020-09-18,1KixkQVDUHggZMU9dUobgm,Atlantic Records,USAT22007121,139139570,4npEfmQ6YuiwW1GpUmaq3F
911,Sech,"reggaeton, urbano latino",Latin,911,2021-02-05,2TksvaRivgAEj780DgRB73,Rich Music,QM9WM2000134,82432866,77ziqFxp5gaInVrF2lj4ht
Friday (feat. Mufasa & Hypeman) - Dopamine Re-Edit,"Riton, Nightcrawlers, Mufasa & Hypeman, Mufasa, Dopamine","house, ",Electronic,Friday (feat. Mufasa & Hypeman) [Dopamine Re-Edit],2021-01-15,4cG7HUWYHBV6R6tHn1gxrl,Ministry of Sound Recordings,GBCEN2000163,531204014,"7i9j813KFoSBMldGqlh2Z1, 1gALaWbNDnwS2ECV09sn2A, 4L2dV3zY7RmkeiNO035Fi0, 23rdR5gsZI5BqncTEKLtDU, 3Edve4VIATi0OZngclQlkN"
What It Feels Like,"Nipsey Hussle, JAY-Z","west coast hip hop, hip hop, east coast hip hop, rap",Hip Hop,What It Feels Like,2021-02-12,7iNGwN4yuxATUtv0qYXJ8Q,Six Course Music Group/RCA Records,USRC12100342,752993,"0EeQBlQJFiAfJeVN2vT9s0, 3nFkdlSjzX9mRTtwJOzDYB"
No Comprendo,"Jamule, Capital Bra",german hip hop,Hip Hop,No Comprendo,2021-02-11,5ezbc8nalmV7JqLQQfHwTV,Life Is Pain,DECE72100087,750812,"4sVieJlKgpZ2k9ESNS5IdN, 4WZGDpNwrC0vNQyl9QzF7d"
Blank Space,Taylor Swift,,,1989 (Deluxe),2014-01-01,1u8c2t2Cy7UBoG4ArRcF5g,"Big Machine Records, LLC",USCJY1431309,43748373,06HL4z0CvFAxyc27GXpf02
Xerecard,"Jeff Costa, Mc Danny","brega funk, piseiro, funk, brega, forró","Country, Pop, R&B",Xerecard,2020-10-18,1O74aTse7W5hd2rAvnEVaW,Love Funk & Adm Mídias Brasil,QZEQU2076765,1520569,"7FMscVRC6dsjpDpgt1r4Hn, 3PZTvUS5fUUhV3EKAjqdZk"
WONDERWaLL,Oasis,"britpop, madchester, rock","Pop, Rock",Time Flies...1994-2009,2010-00-00,1DadkoAI2gicYJfindPY20,Sony Music Labels Inc.,GBAAW9500189,2163597,2DaxqgrOhkeH0fpeiQq2f4
Fiel,"Los Legendarios, Wisin, JHAYCO","reggaeton, latin, trap latino, urbano latino",Latin,Los Legendarios 001,2021-02-04,7Bk0uXKk1uPT0XuQbpFzvs,La Base Music Group/ WK Records,QM4TW2136314,405556753,"0n6sKrG0xKAf8xmdqeNGke, 3E6xrwgnVfYCrCs0ePERDz, 6nVcHLIgY5pE2YCl8ubca1"
a thousand years,Christina Perri,soft pop,Pop,a thousand years,2011-10-18,6lanRgr6wXibZr8KgzXxBl,Atlantic Records,USAT21102141,751684,7H55rcKCfwqkyDFH9wpKM6
Let Her Go,Passenger,folk pop,Pop,All The Little Lights,2012-00-00,2jyjhRf6DVbMPU5zxagN2h,Inertia Pty Limited,GBMQN1100004,2741222,0gadJ2b9A4SKsB1RFkBb66
telepatía,Kali Uchis,,,Sin Miedo (del Amor y Otros Demonios) ∞,2020-12-04,6tDDoYIxWvMLTdKpjFkc1B,EMI / Interscope,GBUM72005748,500188072,1U1el3k54VvEUzo3ybLPlM
Somebody That I Used To Know,"Gotye, Kimbra",,,Making Mirrors,2011-01-01,1qDrWA6lyx8cLECdZE7TV7,Universal-Island Records Ltd.,AUZS21100040,111325420,"2AsusXITU8P25dlRNhcAbG, 6hk7Yq1DU9QcCCrz9uc0Ti"
Whoopty,CJ,dembow,Latin,Loyalty Over Royalty,2021-02-19,1t9WgS8FN0534tLBRwbaxO,Warner Records,USA2P2031043,177586566,7arQA31aZVS8yS6zUveWzb
test drive,Ariana Grande,pop,Pop,Positions (Deluxe),2021-02-19,3eZYOQO4UzKrUDYDghtnFw,Republic Records,USUM72102132,17750658,66CXWjxzNUsdJxJ2JdwvnR
CLOUDS,NF,christian hip hop,Hip Hop,CLOUDS,2021-02-18,5UMMPHPp6vRP6ghPpSUOzp,NF Real Music,USUM72101209,4517584,6fOMl44jA4Sp5b9PpYCkzz
Madonna,"Bausa, Apache 207",german hip hop,Hip Hop,Madonna,2021-02-19,0DAQryfUiFZdWFo76RYBc8,WM Germany,DEA622000742,5936752,"13bDjug9N0pyv3ZUINjkDV, 1qQLhymHXFPtP5U8KNKsm6"
"34+35 Remix (feat. Doja Cat, Megan Thee Stallion) - Remix","Ariana Grande, Doja Cat, Megan Thee Stallion","pop, ",Pop,Positions (Deluxe),2021-02-19,2sQH02O2HBCPJCztBrCWNa,Republic Records,USUM72024483,7689325,"66CXWjxzNUsdJxJ2JdwvnR, 5cj0lLjcoR7YOSnhnX0Po5, 181bsRPaVXVlUKXrxwZfHK"
worst behavior,Ariana Grande,pop,Pop,Positions (Deluxe),2021-02-19,6KIKaWKE9wV6mLjho3w61y,Republic Records,USUM72102133,1095078,66CXWjxzNUsdJxJ2JdwvnR
Fake A Smile,"Alan Walker, salem ilese",,,Fake A Smile,2021-02-19,6rAGFY9D3ah6Lb7fUgbNNH,Kreatell Music,NOG842102010,1018701,"7vk5e3vY1uw9plTHJAMwjN, 3QJUFtGBGL05vo0kCJZsmT"
main thing,Ariana Grande,pop,Pop,Positions (Deluxe),2021-02-19,2uL48Qwc88pu7S9JjT6Jvv,Republic Records,USUM72102135,980085,66CXWjxzNUsdJxJ2JdwvnR
Tapão Na Raba,Raí Saia Rodada,"forró, piseiro, sertanejo, arrocha, brega, raï, seresta, sertanejo universitário","Country, Latin",Som No Talo,2021-01-22,58pgi1RpcU2fVJsxhm7BIr,Som Livre,BRS4R2000060,68722837,0NiaKn55OzJswiYevvlKfz
someone like u - interlude,Ariana Grande,pop,Pop,Positions (Deluxe),2021-02-19,3Os1431WclqyKxWqMzRESE,Republic Records,USUM72102131,829942,66CXWjxzNUsdJxJ2JdwvnR
CHICKEN TENDIES,Clinton Kane,,,CHICKEN TENDIES,2021-02-19,0awuNCj9gwJEM0seER22DW,Columbia,USSM12100758,824317,7okSU80WTrn4LXlyXYbX3P
motive (with Doja Cat),"Ariana Grande, Doja Cat","pop, ",Pop,Positions,2020-10-30,5GkQIP5mWPi4KZLLXeuFTT,Republic Records,USUM72020425,1505726,"66CXWjxzNUsdJxJ2JdwvnR, 5cj0lLjcoR7YOSnhnX0Po5"
Overdrive,Conan Gray,,,Overdrive,2021-02-19,3QyoC6OvQUmpQwQZ18iaTs,Universal Records,USUM72100677,776212,4Uc8Dsxct0oMqx0P6i60ea
PILL BREAKER (feat. blackbear & Machine Gun Kelly),"Trippie Redd, Travis Barker, mgk, blackbear","melodic rap, rap rock, ","Hip Hop, Rock",Pegasus: Neon Shark vs Pegasus Presented By Travis Barker (Deluxe),2021-02-19,7jjnn6K7p5MgOFuqLypAcM,1400 Entertainment/TenThousand Projects,QZJ842000771,767377,"6Xgp2XMz1fhVYe7i6yNAax, 4exLIFE8sISLr28sqG1qNX, 6TIYQ3jFPwQSRmorSezPxX, 2cFrymmkijnjDg9SS92EPM"
Gasoline (feat. Taylor Swift),"HAIM, Taylor Swift",,,Women In Music Pt III (Expanded Edition),2021-02-19,2bzUVEvpZ7At5cYz1kOLI9,Polydor Records,GBUM72006758,763293,"4Ui2kfOqGujY81UcPrb5KE, 06HL4z0CvFAxyc27GXpf02"
SugarCrash!,ElyOtto,hyperpop,Pop,SugarCrash!,2020-08-25,3FxPbp05KjMBa4HbhAJTH0,ElyOtto,TCAFB2092742,29032415,4b19vuzlDcNdU4quI7L6sW
WONDERWaLL - Remastered,Oasis,"britpop, madchester, rock","Pop, Rock",(What's The Story) Morning Glory? [Remastered],1995-10-02,5qqabIl2vWzo9ApSC317sa,Big Brother,GBQCP1400109,22808743,2DaxqgrOhkeH0fpeiQq2f4
Jerusalema (feat. Nomcebo Zikode),"Master KG, Nomcebo Zikode","amapiano, gqom, afrobeats, ","R&B, Electronic, Traditional music",Jerusalema,2020-01-24,2MlOUXmcofMackX3bxfSwi,Elektra France,ZA82Y1900130,740694,"523y9KSneKh6APd1hKxLuF, 4cfKtwkefMW3aiXtxfw8w6"
One More Time,Daft Punk,"french house, electronic, electro","Hip Hop, Electronic",Discovery,2001-03-12,0DiWol3AO6WpXZgp0goxAV,Daft Life Ltd./ADA France,GBDUW0000053,6823990,4tZwfgrHOc3mvqYlEYSvVi
Back in Blood (feat. Lil Durk),"Pooh Shiesty, Lil Durk","memphis rap, drill",Hip Hop,Shiesty Season,2021-02-05,7FGdjbZ32vMybPuP0IuE7d,Atlantic Records,USAT22007048,63992944,"5F1aAS1duwlzExnPs3l2Xe, 3hcs9uc56yIGFCSy9leWe7"
Instant Crush (feat. Julian Casablancas),"Daft Punk, Julian Casablancas","french house, electronic, electro, ","Hip Hop, Electronic",Random Access Memories,2013-05-20,2cGxRwrMyEAp8dEbuZaVv6,Columbia,USQX91300105,2993094,"4tZwfgrHOc3mvqYlEYSvVi, 1rAv1GhTQ2rmG94p9lU3rB"
Get Lucky (Radio Edit) [feat. Pharrell Williams and Nile Rodgers],"Pharrell Williams, Nile Rodgers, Thomas Bangalter, Guy-Manuel de Homem-Christo, Daft Punk","french house, electronic, electro","Hip Hop, Electronic",Get Lucky (Radio Edit) [feat. Pharrell Williams and Nile Rodgers],2013-04-19,2Foc5Q5nqNiosCNqttzHof,Columbia,USQX91300809,1998512,"2RdwBSPQiwcmiDo9kixcl8, 3yDIp0kaq9EFKe07X1X2rz, 41vv2Tj1knysv6MuFUmdwi, 2NvZ35VexRu6LmfVlArMPq, 4tZwfgrHOc3mvqYlEYSvVi"
"Harder, Better, Faster, Stronger",Daft Punk,"french house, electronic, electro","Hip Hop, Electronic",Discovery,2001-03-12,5W3cjX2J3tjhG8zb6u0qHn,Daft Life Ltd./ADA France,GBDUW0000059,1952941,4tZwfgrHOc3mvqYlEYSvVi
Around the World,Daft Punk,"french house, electronic, electro","Hip Hop, Electronic",Homework,1997-01-17,1pKYYY0dkg23sQQXi0Q5zN,Daft Life Ltd./ADA France,GBDUW0600009,933382,4tZwfgrHOc3mvqYlEYSvVi
Get Lucky (feat. Pharrell Williams and Nile Rodgers),"Daft Punk, Pharrell Williams, Nile Rodgers","french house, electronic, electro, ","Hip Hop, Electronic",Random Access Memories,2013-05-20,69kOkLUCkxIZYexIgSG8rq,Columbia,USQX91300108,728909,"4tZwfgrHOc3mvqYlEYSvVi, 2RdwBSPQiwcmiDo9kixcl8, 3yDIp0kaq9EFKe07X1X2rz"
Something About Us,Daft Punk,"french house, electronic, electro","Hip Hop, Electronic",Discovery,2001-03-12,1NeLwFETswx8Fzxl2AFl91,Daft Life Ltd./ADA France,GBDUW0000064,713655,4tZwfgrHOc3mvqYlEYSvVi
Hot N*gga,Bobby Shmurda,,,Hot N*gga,2014-07-25,19gEmPjfqSZT0ulDRfjl0m,Epic/GS9,USSM11405787,729088,34Y0ldeyUv7jBvukWOGASO
Fan de Tus Fotos,"Nicky Jam, Romeo Santos","reggaeton, latin, bachata, bachata pop","Latin, Pop",Fan de Tus Fotos,2021-02-08,1mauYRwbpoGQX6itP2FAJC,Sony Music Latin,USSD12100027,53632417,"1SupJlEpv7RS2tPNRaHViT, 5lwmRuXgjX8xIwlnauTZIP"
Only Wanna Be With You - Pokémon 25 Version,Post Malone,,,Only Wanna Be With You (Pokémon 25 Version),2021-02-25,3SawmGBjjq8EOYZJV11cJm,Republic Records,USUM72102513,7464020,246dkjvS1zLTtiykXe5h60
AP - Music from the film Boogie,Pop Smoke,"brooklyn drill, drill, new york drill",Hip Hop,AP (Music from the film Boogie),2021-02-26,17vGPZ5EsdvtgAOCD4FLWI,Victor Victor Worldwide / Republic Records,USUM72102409,13487647,0eDvMgVFoNV3TpwtrVCoTj
Tú Me Dejaste De Querer,"C. Tangana, Niño de Elche, La Húngara","flamenco, flamenco pop, flamenco urbano","Latin, Pop",El Madrileño,2021-02-26,5ddFjrPG8NgQQ6xlOQIVd2,Sony Music Entertainment,ES5022000718,6633566,"5TYxZTjIPqKM8K8NuP9woO, 5IbUz6BcOu6IVY512oxavP, 7xtnpHS34mLlxGZDVUBHSU"
All We Got (feat. KIDDO),"Robin Schulz, KIDDO","tropical house, ",Electronic,IIII,2021-02-26,1iAyJBksvAI6DQEnzv8l1E,WM Germany,DEA622000934,16147229,"3t5xRXzsuZmMDkQzgOX35S, 5pXe6yFchq1oyYK3rq2A8i"
Párteme La Cara,"C. Tangana, Ed Maverick","flamenco, mexican indie, latin folk",Latin,El Madrileño,2021-02-26,5gEUDNQvoQjdjklrwPdGwD,Sony Music Entertainment,ES5022100002,3123182,"5TYxZTjIPqKM8K8NuP9woO, 3JSSjGYcIkgsrz7892CelT"
Madonna,"Bausa, Apache 207",german hip hop,Hip Hop,100 Pro,2021-02-26,6a3kNt1UlUOapDKmEr3JzZ,WM Germany,DEA622000742,2396296,"13bDjug9N0pyv3ZUINjkDV, 1qQLhymHXFPtP5U8KNKsm6"
PROBLEMA,Daddy Yankee,"reggaeton, latin",Latin,PROBLEMA,2021-02-26,2dl5K2ScW7jYhAhuem06cm,Republic Records,USUG12100762,54160757,4VMYDCV2IEDYJArk749S6m
BED,"Joel Corry, RAYE, David Guetta","dance pop, edm, dance","Electronic, Pop",BED,2021-02-26,7jXQUrVhEpXdymfFWNDnQW,Universal Music Australia Pty. Ltd.,UK4ZF2100069,785434,"6DgP9otnZw5z6daOntINxp, 5KKpBU5eC2tJDzf0wmlRp2, 1Cs0zKBU1kc0i8ypK3B9ai"
ROLLIN N CONTROLLIN FREESTYLE,DUSTY LOCANE,"brooklyn drill, new york drill, drill, uk drill","Hip Hop, Pop",ROLLIN N CONTROLLIN FREESTYLE,2020-08-07,1xqRKo0SDFDO5Jy8yEVD0X,95MM / EMPIRE,USUYG1329885,1482956,22hWz22JAmIhIEp0u1X01L
Another One Bites The Dust - Remastered 2011,Queen,"classic rock, rock, glam rock",Rock,The Game (2011 Remaster),1980-06-27,5vdp5UmvTsnMEMESIF2Ym7,EMI,GBUM71029605,130438754,1dfeR4HaWDbWqFHLkxsg1d
Devil Eyes,Hippie Sabotage,,,Providence,2016-02-05,7MiZjKawmXTsTNePyTfPyL,iHipHop Distribution,US7SR1600006,15369556,4dM6NDYSfLcspt8GLoT5aE
Payphone,"Maroon 5, Wiz Khalifa","pop, rap","Pop, Hip Hop",Overexposed Track By Track,2012-01-01,1XGmzt0PVuFgQYYnV2It7A,Interscope Records*,USUM71203347,30548198,"04gDigrS5kc9YWfZHwBETP, 137W8MRPWKqSmrBGDBFSop"
Bang!,AJR,,,Bang!,2020-02-12,53BHUFdQphHiZUUG3nx9zn,S-Curve Records,QMRSZ2000128,1406409,6s22t5Y3prQHyaHWUN1R1C
CHIAMAMI PER NOME,"Francesca Michielin, Fedez",,,CHIAMAMI PER NOME,2021-03-03,0ZqHo6eTBHUcOVjZzPvftT,RCA Records Label,ITB002100101,1507240,"4jFlmD92WULLlaRS8Cj6QS, 3pgCLfNbw5ozIfoNsvDU7i"
Stereo Hearts (feat. Adam Levine),"Gym Class Heroes, Adam Levine",,,The Papercut Chronicles II,2011-11-11,0qOnSQQF0yzuPWsXrQ9paz,Decaydance/Fueled By Ramen,USAT21101071,89277239,"4IJczjB0fJ04gs4uvP0Fli, 4bYPcJP5jwMhSivRcqie2n"
What’s Next,Drake,"rap, hip hop",Hip Hop,Scary Hours 2,2021-03-05,3aQem4jVGdhtg116TmJnHz,OVO,USUG12101041,132259039,3TVXtAsR1Inumwj472S9r4
Wants and Needs (feat. Lil Baby),"Drake, Lil Baby","rap, hip hop, ",Hip Hop,Scary Hours 2,2021-03-05,65OVbaJR5O1RmwOQx0875b,OVO,USUG12101042,266372080,"3TVXtAsR1Inumwj472S9r4, 5f7VJjfbwm532GiveGC0ZK"
Lemon Pepper Freestyle (feat. Rick Ross),"Drake, Rick Ross","rap, hip hop, southern hip hop",Hip Hop,Scary Hours 2,2021-03-05,4FRW5Nza1Ym91BGV4nFWXI,OVO,USUG12101043,38249274,"3TVXtAsR1Inumwj472S9r4, 1sBkRIssrMs1AbVkOJbc7a"
Leave The Door Open,"Bruno Mars, Anderson .Paak, Silk Sonic",,,Leave The Door Open,2021-03-05,7MAibcTli4IisCtbHKrGMh,Aftermath Entertainment/Atlantic,USAT22100906,608632072,"0du5cEVh5yTK9QJze8zA0C, 3jK9MiCrA42lLAdMGUZpwa, 6PvvGcCY2XtUcSRld1Wilr"
Hold On,Justin Bieber,,,Hold On,2021-03-05,4u4NyuceXP7Uzh7XFJKCr1,RBMG/Def Jam,USUM72102322,39528460,1uNFoZAHBGtllmzznpCI3s
Selfish Love (with Selena Gomez),"DJ Snake, Selena Gomez",pop,Pop,Selfish Love (with Selena Gomez),2021-03-04,3XoflnowYPFRPOh3uFvHcm,DJ Snake Music Productions Limited,USUG12100197,15286326,"540vIaP2JwjQb9dm3aArA4, 0C8ZW7ezQVs4URX5aX7Kqx"
Life's A Mess II (with Clever & Post Malone),"Juice WRLD, Clever, Post Malone","melodic rap, emo rap, ",Hip Hop,Life’s A Mess II (with Clever & Post Malone),2021-03-05,4O3RwH1TFG1EjPezLIYehI,Grade A/Posty/Interscope/Republic,USUG12100792,2941568,"4MCBfE4596Uoi2O4DtmEMz, 5yy76ufVriyvidNSvXlRU1, 246dkjvS1zLTtiykXe5h60"
Machu Picchu,"Camilo, Evaluna Montaner","colombian pop, ",Pop,Mis Manos,2021-03-04,6RV9pRLIQiXm3qTGeyQluf,Sony Music Latin,USSD12100055,63240092,"28gNT5KBp7IjEOQoevXf9N, 52qzWdNUp6ebjcNsvgZSiC"
Ropa Cara,Camilo,colombian pop,Pop,Mis Manos,2021-03-04,2zY1iTaEgs8ROkkWtWLe7l,Sony Music Latin,USSD12000609,17085872,28gNT5KBp7IjEOQoevXf9N
BEBÉ,"Camilo, El Alfa","colombian pop, dembow, urbano latino, latin, reggaeton","Pop, Latin",Mis Manos,2021-03-04,3Zf4GutWZ7Hv3wsVQsSQPs,Sony Music Latin,USSD12000562,27562658,"28gNT5KBp7IjEOQoevXf9N, 2oQX8QiMXOyuqbcZEFsZfm"
Mona Lisa,"Booba, JSX",pop urbaine,Hip Hop,ULTRA,2021-03-04,5LYRIyhmlrDAQsYdHEvP0f,Universal Music Distribution Deal,FR8R62100003,2647905,"58wXmynHaAWI5hwlPZP3qL, 7J0JxtOPMKWufOraoIqjiH"
Vida de Rico,Camilo,colombian pop,Pop,Mis Manos,2021-03-04,4nTduFjaTmGysc9WKNuCcs,Sony Music Latin,USSD12000388,17317782,28gNT5KBp7IjEOQoevXf9N
Real As It Gets (feat. EST Gee),"Lil Baby, EST Gee",,,Real As It Gets (feat. EST Gee),2021-03-04,7eX3um6NpOQKWJMGCi97XD,Quality Control Music/Motown Records,USUG12100126,3239588,"5f7VJjfbwm532GiveGC0ZK, 4FlG0V0jhLO4qGpayFOphj"
GP,Booba,pop urbaine,Hip Hop,ULTRA,2021-03-04,1COYNecOxmnapvty8PVR4s,Universal Music Distribution Deal,FR8R62100004,1046926,58wXmynHaAWI5hwlPZP3qL
Además de Mí - Remix,"Rusherking, KHEA, Duki, Maria Becerra, LIT killah, Tiago PZK","argentine trap, cuarteto, trap, trap latino, urbano latino","Hip Hop, Latin",Además de Mí (Remix),2021-03-04,7I8L3vYCLThw2FDrE6LuzE,Fifty One,QM4TX2108898,31696289,"3Apb2lGmGJaBmr0TTBJvIZ, 4m6ubhNsdwF4psNf3R8kwR, 1bAftSH8umNcGZ0uyV7LMg, 1DxLCyH42yaHKGK3cl5bvG, 1vqR17Iv8VFdzure1TAXEq, 5Y3MV9DZ0d87NnVm56qSY1"
PEPPERMINT,Luciano,german hip hop,Hip Hop,PEPPERMINT,2021-03-04,6V1lWr7s8CO5VkxXe4hBtg,URBAN,DECE72100995,913038,3CJKkU0XuElRT1z8rEtIYg
Bonne journée,"Booba, SDM",pop urbaine,Hip Hop,ULTRA,2021-03-04,3jRTJfW2nvUM4eoZoihnfW,Universal Music Distribution Deal,FR8R62100006,870096,"58wXmynHaAWI5hwlPZP3qL, 0LKAV3zJ8a8AIGnyc5OvfB"
RST,Booba,pop urbaine,Hip Hop,ULTRA,2021-03-04,4aiIh5wCetSjn6IuU9QX1F,Universal Music Distribution Deal,FR8R62100005,869421,58wXmynHaAWI5hwlPZP3qL
Ultra,Booba,pop urbaine,Hip Hop,ULTRA,2021-03-04,0jKtpN3rsW1831n2w6OfH9,Universal Music Distribution Deal,FR8R62100012,831642,58wXmynHaAWI5hwlPZP3qL
Aventador,"Capital Bra, Jamule",german hip hop,Hip Hop,Aventador,2021-03-04,5T7pVU8KMd7hpyqfWt0nhy,URBAN,DECE72101293,818857,"4WZGDpNwrC0vNQyl9QzF7d, 4sVieJlKgpZ2k9ESNS5IdN"
SYGL (feat. Shindy),"CRO, Shindy","german hip hop, german pop","Hip Hop, Pop",SYGL (feat. Shindy),2021-03-04,1tUF7dEhqmV2Z1pTsGAGnD,Urban,DEUM72100288,817286,"3utZ2yeQk0Z3BCOBWP7Vlu, 5j21TGkrNEAJe3gG9VlS34"
VVV,"Booba, Maes",pop urbaine,Hip Hop,ULTRA,2021-03-04,0Q1ZthgaRH9sLIHHDrzX4X,Universal Music Distribution Deal,FR8R62100010,813545,"58wXmynHaAWI5hwlPZP3qL, 6L34dW6SKMSDaGIfYDU19j"
BED,"Joel Corry, RAYE, David Guetta","dance pop, edm, dance","Electronic, Pop",BED,2021-02-26,0siYMEsGrzzzlWLXK5zJfS,Perfect Havoc / Asylum Records,UK4ZF2100069,208525862,"6DgP9otnZw5z6daOntINxp, 5KKpBU5eC2tJDzf0wmlRp2, 1Cs0zKBU1kc0i8ypK3B9ai"
Je sais,Booba,pop urbaine,Hip Hop,ULTRA,2021-03-04,352ZjWTgxP3OOjsZYpv0kz,Universal Music Distribution Deal,FR8R62100007,795341,58wXmynHaAWI5hwlPZP3qL
Azerty,Booba,pop urbaine,Hip Hop,ULTRA,2021-03-04,4uqh1AFQaNojpqgtQFgUPE,Universal Music Distribution Deal,FR8R62000005,790840,58wXmynHaAWI5hwlPZP3qL
Vue sur la mer,"Booba, Dala","pop urbaine, ",Hip Hop,ULTRA,2021-03-04,6cXNliTOTb6IrU4YhyH10J,Universal Music Distribution Deal,FR8R62100008,783883,"58wXmynHaAWI5hwlPZP3qL, 6kvvDgFMvd02LlVlGX55GN"
Sacrifice,Bebe Rexha,,,Sacrifice,2021-03-05,1RSBK5VWdjPjHEmRhAkS4Q,Warner Records,USWB12100011,776401,64M6ah0SkkRsnPGtGiRAbb
Batom de Cereja - Ao Vivo,Israel & Rodolffo,"sertanejo, sertanejo universitário, piseiro, agronejo, arrocha","Country, Latin","Aqui e Agora, Vol.1 (Ao Vivo)",2021-01-29,2MZQAvsA7aZDssppBLRxYp,Som Livre,BRRGE2012363,117990636,41QLxRXlc2NwfJZkHGHKid
CHIAMAMI PER NOME,"Francesca Michielin, Fedez",,,FEAT (Fuori dagli spazi),2021-03-05,7mRh8GlpYlZB6pYliqn2a5,RCA Records Label,ITB002100101,2568323,"4jFlmD92WULLlaRS8Cj6QS, 3pgCLfNbw5ozIfoNsvDU7i"
Wellerman - Sea Shanty,Nathan Evans,sea shanties,Metal,Wellerman (Sea Shanty),2021-01-21,54OBgO0Xwu20Jak9TMXbR7,Polydor Records,GBUM72100297,751622,1PKErrAhYFdfrDymGHRQRo
ZITTI E BUONI,Måneskin,,,ZITTI E BUONI,2021-03-03,1lWWoec2z1j88GRblI5anV,RCA Records Label,ITB002100112,4616947,0lAWpj5szCSwM4rUMHYmrr
VOCE,Madame,italian trap,Hip Hop,VOCE,2021-03-03,1eIS75JS5rfbJpSu6ZC9EO,Universal Music Italia srL. (Sugar),ITZ042100004,3472558,1vgQksyJ0IVz8y9XerEOy3
La genesi del tuo colore,Irama,,,La genesi del tuo colore,2021-03-04,0HyDNYQmQ3obfA81D3y9tG,WM Italy,ITQ002100039,715033,5iot8OPcosJN9nCl7I5SdK
Musica leggerissima,"Colapesce, Dimartino",italian singer-songwriter,Folk/Acoustic,I Mortali²,2021-03-03,5vYXOk1umkpp7JhXZm6rDI,RCA Numero Uno,IT3GN2100008,5665133,"2KX2VLr3Eu6sn6EtxzCtvf, 1k3zqz5SgrYCE0wpcfJX3g"
Beautiful Mistakes (feat. Megan Thee Stallion),"Maroon 5, Megan Thee Stallion","pop, ",Pop,Beautiful Mistakes (feat. Megan Thee Stallion),2021-03-03,6fRxMU4LWwyaSSowV441IU,222 Records/Interscope Records,USUM72103449,150005026,"04gDigrS5kc9YWfZHwBETP, 181bsRPaVXVlUKXrxwZfHK"
No Role Modelz,J. Cole,rap,Hip Hop,2014 Forest Hills Drive,2014-12-09,62vpWI1CHwFy7tMIcSStl8,Roc Nation/Columbia,USQX91402598,103950864,6l3HvQ5sa6mXTsMTB19rO5
Cupid's Chokehold / Breakfast in America,Gym Class Heroes,,,The Papercut Chronicles,2005-02-22,2Lhdl74nwwVGOE2Gv35QuK,Decaydance/Fueled By Ramen/ATL,US56V0407211,65915355,4IJczjB0fJ04gs4uvP0Fli
On The Ground,ROSÉ,k-pop,Pop,R,2021-03-12,2pn8dNVSpYnAtlKFC8Q0DJ,YG Entertainment/Interscope Records,KRA402100040,81180398,3eVa5w3URK5duf6eyVDbu9
Gone,ROSÉ,k-pop,Pop,R,2021-03-12,2dHoVW9AxJVSRebPRyV2aA,YG Entertainment/Interscope Records,KRA402100041,29402596,3eVa5w3URK5duf6eyVDbu9
Baila Conmigo (with Rauw Alejandro),"Selena Gomez, Rauw Alejandro","pop, reggaeton, urbano latino, trap latino, latin","Latin, Pop",Revelación - EP,2021-03-12,079Ey5uxL04AKPQgVQwx5h,Selena Gomez Latin Project,USUG12100193,170621325,"0C8ZW7ezQVs4URX5aX7Kqx, 1mcTU81TzQhprhouKaTkpq"
Follow You,Imagine Dragons,,,Follow You / Cutthroat,2021-03-12,7FdUvDkaE24o3FPIWTvzv2,KIDinaKORNER/Interscope Records,USUM72102981,121860963,53XhwfbYqKCa1cC15pYq2q
Dámelo To’ (feat. Myke Towers),"Selena Gomez, Myke Towers","pop, reggaeton, trap latino, urbano latino","Pop, Latin",Revelación - EP,2021-03-12,36CiGk9oRdwTnBDMgKEfjl,Selena Gomez Latin Project,USUG12100194,6426522,"0C8ZW7ezQVs4URX5aX7Kqx, 7iK8PXO48WeuP03g8YR51W"
DAYWALKER! (feat. CORPSE),"mgk, CORPSE",dark trap,Hip Hop,DAYWALKER! (feat. CORPSE),2021-03-12,2NnJpRXIlx35Vij3bPZO0h,Bad Boy/Interscope Records,USUM72102268,2288913,"6TIYQ3jFPwQSRmorSezPxX, 7yntSJ6uojO3z6GFUVwhAW"
LOST,"NF, Hopsin","christian hip hop, ",Hip Hop,LOST,2021-03-11,2MZrOmrVxRmmOoFW6dhenG,NF Real Music,USUM72101208,1973245,"6fOMl44jA4Sp5b9PpYCkzz, 7EWU4FhUJM1sZQgQKdENeT"
Patience (feat. YUNGBLUD & Polo G),"KSI, YUNGBLUD, Polo G",,,Patience (feat. YUNGBLUD & Polo G),2021-03-12,5J5CpT6bgE6KYKk23jgp9W,BMG Rights Management (US) LLC,QMRSZ2100337,6155698,"1nzgtKYFckznkcVMR3Gg4z, 6Ad91Jof8Niiw0lGLLi3NW, 6AgTAQt8XS6jRWi4sX7w49"
"L-Gante: Bzrp Music Sessions, Vol.38","Bizarrap, L-Gante","argentine trap, trap latino, urbano latino, rkt, turreo","Hip Hop, Latin","L-Gante: Bzrp Music Sessions, Vol. 38",2021-03-10,1Crj1zkRMpsEjb9NOR6Zof,DALE PLAY Records,UYB282101014,50920088,"716NhGYqD1jl2wI1Qkgq36, 4YYxffPVDFe9XoqqbRW6Bq"
Travesuras - Remix,"Nio Garcia, Casper Magico, Ozuna, Wisin & Yandel, Myke Towers, Flow La Movie","reggaeton, trap latino, urbano latino, latin",Latin,Travesuras (Remix),2021-03-11,0VWLId2RwPCno9s1cJm2Vy,"Flow La Movie, Inc",QM4TX2144186,63244014,"5hdhHgpxyniooUiQVaPxQ0, 1fux65HMCBvfJHqlBc4Nno, 1i8SpTcr7yvPOmcqrbnVXY, 1wZtkThiXbVNtj6hee6dz9, 7iK8PXO48WeuP03g8YR51W, 2oT7xd9iTO2ejLsNGIMa5f"
Feels (feat. Khalid),"WATTS, Khalid",,,Feels (feat. Khalid),2021-03-12,6LZ9FO9UsGIcTKbShnfNsG,Keep Cool/RCA Records,USRC12100506,873126,"4B3aifxHtpcKHuNi12lmSt, 6LuN9FCkKOj5PcnpouEgny"
De Una Vez,Selena Gomez,pop,Pop,Revelación - EP,2021-03-12,1v3lhrZEsOcazqR2QIyyRu,Selena Gomez Latin Project,USUG12100191,789107,0C8ZW7ezQVs4URX5aX7Kqx
Troca de Calçada,Marília Mendonça,"sertanejo, sertanejo universitário, arrocha, forró","Country, Latin",Troca de Calçada,2021-01-29,4AAIAVjSyiq1N7SXKkwXZe,Som Livre,BRWNV2000231,2474654,1yR65psqiazQpeM79CcGh8
To the Bone,Pamungkas,"indonesian indie, indonesian pop","Rock, Pop",Flying Solo,2019-06-14,3pCt2wRdBDa2kCisIdHWgF,Mas Pam Records,FR2X41995983,5909677,7d86ERlvO5UG44j7Va0Y0C
cardigan,Taylor Swift,,,folklore,2020-07-24,4R2kfaDFhslZEMJqAFNpdd,Taylor Swift,USUG12002836,3203934,06HL4z0CvFAxyc27GXpf02
exile (feat. Bon Iver),"Taylor Swift, Bon Iver",indie folk,Folk/Acoustic,folklore,2020-07-24,4pvb0WLRcMtbPGmtejJJ6y,Taylor Swift,USUG12002838,6391316,"06HL4z0CvFAxyc27GXpf02, 4LEiUm1SRbFMgfqnQTwUbQ"
SugarCrash!,ElyOtto,hyperpop,Pop,SugarCrash!,2020-08-25,2ePtv8MlBO9nuuXABqAfEX,Otto Dynamite/RCA Records,TCAFB2092742,60899713,4b19vuzlDcNdU4quI7L6sW
When I Was Your Man,Bruno Mars,,,Unorthodox Jukebox,2012-12-05,0B7wvvmu9EISAwZnOpjhNI,Atlantic Records,USAT21207280,7844793,0du5cEVh5yTK9QJze8zA0C
Peaches (feat. Daniel Caesar & Giveon),"Justin Bieber, Daniel Caesar, GIVĒON",r&b,R&B,Justice,2021-03-19,4iJyoBOLtHqaGxP12qzhQI,RBMG/Def Jam,USUM72102636,950706042,"1uNFoZAHBGtllmzznpCI3s, 20wkVLutqVOYrc0kxFs7rA, 4fxd5Ee7UefO4CUXgwJ7IP"
Hold On,Justin Bieber,,,Justice,2021-03-19,1nahzW3kfMuwReTka28tH5,RBMG/Def Jam,USUM72102322,311366779,1uNFoZAHBGtllmzznpCI3s
As I Am (feat. Khalid),"Justin Bieber, Khalid",,,Justice,2021-03-19,4MmMxyew8yq1OEyJOMaX6M,RBMG/Def Jam,USUM72102629,4241420,"1uNFoZAHBGtllmzznpCI3s, 6LuN9FCkKOj5PcnpouEgny"
Anyone,Justin Bieber,,,Justice,2021-03-19,2WnAKZefdRHxtBEkRjFOHC,RBMG/Def Jam,USUM72023175,123593819,1uNFoZAHBGtllmzznpCI3s
Unstable (feat. The Kid LAROI),"Justin Bieber, The Kid LAROI",,,Justice,2021-03-19,137mSruegm1u6x9NvwiagR,RBMG/Def Jam,USUM72102130,24625764,"1uNFoZAHBGtllmzznpCI3s, 2tIP7SsRs7vjIcLrU85W8J"
2 Much,Justin Bieber,,,Justice,2021-03-19,0oaY19dUwZimIgzn3ZZLZO,RBMG/Def Jam,USUM72102628,16734880,1uNFoZAHBGtllmzznpCI3s
Holy (feat. Chance The Rapper),"Justin Bieber, Chance the Rapper",,,Justice,2021-03-19,6Xgq7MvZiet0hVi3KaDSgJ,RBMG/Def Jam,USUM72017013,90638464,"1uNFoZAHBGtllmzznpCI3s, 1anyVhU62p31KFi8MEzkbf"
Deserve You,Justin Bieber,,,Justice,2021-03-19,5NU40QTlXrDUJzDBdv79bg,RBMG/Def Jam,USUM72102630,16486296,1uNFoZAHBGtllmzznpCI3s
Off My Face,Justin Bieber,,,Justice,2021-03-19,3T03rPwlL8NVk1yIaxeD8U,RBMG/Def Jam,USUM72102631,21709160,1uNFoZAHBGtllmzznpCI3s
Lonely (with benny blanco),"Justin Bieber, benny blanco",,,Justice,2021-03-19,3S8jK1mGzQi24ilFb45DAZ,RBMG/Def Jam,USUM72019170,68694104,"1uNFoZAHBGtllmzznpCI3s, 5CiGnKThu5ctn9pBxv7DGa"
Die For You (feat. Dominic Fike),"Justin Bieber, Dominic Fike",,,Justice,2021-03-19,6Z2pe32hFnUd2x5NgO5KFc,RBMG/Def Jam,USUM72102633,2350030,"1uNFoZAHBGtllmzznpCI3s, 6USv9qhCn6zfxlBQIYJ9qs"
Love You Different (feat. BEAM),"Justin Bieber, BEAM",,,Justice,2021-03-19,1EsTfiu26JucTyc5npjJU4,RBMG/Def Jam,USUM72102637,2202596,"1uNFoZAHBGtllmzznpCI3s, 46MWeeHNVMYRIIofQBEX98"
Loved By You (feat. Burna Boy),"Justin Bieber, Burna Boy","afrobeats, afrobeat, afropop, afroswing, dancehall, afropiano","Traditional music, R&B, Pop",Justice,2021-03-19,2tB9OFgAHjAds3cqquLlvp,RBMG/Def Jam,USUM72102638,13922109,"1uNFoZAHBGtllmzznpCI3s, 3wcj11K77LjEY1PkEazffa"
Ghost,Justin Bieber,,,Justice,2021-03-19,5dPz35akJjPqb17yeqNwqH,RBMG/Def Jam,USUM72102635,2132716,1uNFoZAHBGtllmzznpCI3s
Somebody,Justin Bieber,,,Justice,2021-03-19,0pYUyZ3aQR1fAOdhXfoD3R,RBMG/Def Jam,USUM72102634,2018557,1uNFoZAHBGtllmzznpCI3s
White Dress,Lana Del Rey,,,Chemtrails Over The Country Club,2021-03-19,4Hl9rOqYomojCmxYfr25im,Polydor Records,GBUM72006075,4012863,00FQb4jTyendYWaN8pK0wa
Headshot (feat. Polo G & Fivio Foreign),"Lil Tjay, Polo G, Fivio Foreign","brooklyn drill, melodic rap, new york drill, drill, uk drill","Hip Hop, Pop",Headshot,2021-03-19,6cQ08IpBxxfGcSKxqE3NmB,Columbia,USSM12101091,16068805,"6jGMq4yGs7aQzuGsMgVgZR, 6AgTAQt8XS6jRWi4sX7w49, 14CHVeJGrR5xgUGQFV5BVM"
MLK Interlude,-,,,Justice,2021-03-19,680qLWCMRfR6evrNNBCE9e,RBMG/Def Jam,USUM72102632,2312479,28QlAisHETVQGqLPDfo3eC
Chemtrails Over The Country Club,Lana Del Rey,,,Chemtrails Over The Country Club,2021-03-19,7bPWdJgx8vek7S5i5yAtvG,Polydor Records,GBUM72006081,3563958,00FQb4jTyendYWaN8pK0wa
Mannschaft (feat. Freeze Corleone),"SCH, Freeze corleone","pop urbaine, drill",Hip Hop,JVLIVS II,2021-03-19,03cOUvF1fyW60AuUfUNiDc,Rec. 118,FRZ042100088,1144876,"2kXKa3aAFngGz2P4GjG5w2, 76Pl0epAMXVXJspaSuz8im"
Tu Veneno,J Balvin,"reggaeton, latin",Latin,Tu Veneno,2021-03-19,5KFHrrBMyGj5MhVbZMM3ts,"Sueños Globales, LLC",QZM5U2100028,12004231,1vyhD5VmyZ7KMfW5gqLgo5
Tulsa Jesus Freak,Lana Del Rey,,,Chemtrails Over The Country Club,2021-03-19,0hyImI8JaWONOrzKH7kJsC,Polydor Records,GBUM72006083,1086616,00FQb4jTyendYWaN8pK0wa
Wild At Heart,Lana Del Rey,,,Chemtrails Over The Country Club,2021-03-19,5RJot1fR8C90lLXzHtUqpo,Polydor Records,GBUM72006078,939974,00FQb4jTyendYWaN8pK0wa
Crack,SCH,pop urbaine,Hip Hop,JVLIVS II,2021-03-19,52yZydTRNmxinmjt5hjk95,Rec. 118,FRZ042100077,936979,2kXKa3aAFngGz2P4GjG5w2
Dark But Just A Game,Lana Del Rey,,,Chemtrails Over The Country Club,2021-03-19,1dBBmAddRRIw6GwF7dPz6z,Polydor Records,GBUM72006082,929129,00FQb4jTyendYWaN8pK0wa
LOW LIFE,"Ufo361, RIN","german hip hop, turkish hip hop, cloud rap",Hip Hop,LOW LIFE,2021-03-19,3IjfWBZrBISpcLhIMY44T6,Stay High,DEQ022008862,911491,"5pVRwX5ZQR7hfJ18w8ZYkl, 18ISxWwWjV6rPLoVCXf1dz"
Let Me Love You Like A Woman,Lana Del Rey,,,Chemtrails Over The Country Club,2021-03-19,1gxdWpeOUBpvB908fiZs4D,Polydor Records,GBUM72005484,879919,00FQb4jTyendYWaN8pK0wa
Grand bain,SCH,pop urbaine,Hip Hop,JVLIVS II,2021-03-19,7n2IirOomwTTGdGZVZ3vCD,Rec. 118,FRZ042100084,841910,2kXKa3aAFngGz2P4GjG5w2
Fournaise,SCH,pop urbaine,Hip Hop,JVLIVS II,2021-03-19,0RJn54iW71JQg9g2ZJVAPF,Rec. 118,FRZ042100080,816789,2kXKa3aAFngGz2P4GjG5w2
As I Am (feat. Khalid),"Justin Bieber, Khalid",,,Justice,2021-03-19,6F2r4HgpJnvKDmkN6JEN6J,RBMG/Def Jam,USUM72102629,64647564,"1uNFoZAHBGtllmzznpCI3s, 6LuN9FCkKOj5PcnpouEgny"
Ghost,Justin Bieber,,,Justice,2021-03-19,6I3mqTwhRpn34SLVafSH7G,RBMG/Def Jam,USUM72102635,165427122,1uNFoZAHBGtllmzznpCI3s
Love You Different (feat. BEAM),"Justin Bieber, BEAM",,,Justice,2021-03-19,27UcQ6dAvQrgH9C880rCM3,RBMG/Def Jam,USUM72102637,10315919,"1uNFoZAHBGtllmzznpCI3s, 46MWeeHNVMYRIIofQBEX98"
Die For You (feat. Dominic Fike),"Justin Bieber, Dominic Fike",,,Justice,2021-03-19,7aely3H8kMj9o0gt6vXHE1,RBMG/Def Jam,USUM72102633,11087879,"1uNFoZAHBGtllmzznpCI3s, 6USv9qhCn6zfxlBQIYJ9qs"
Somebody,Justin Bieber,,,Justice,2021-03-19,3buwFfY33H32wfZ6X9poV3,RBMG/Def Jam,USUM72102634,7744435,1uNFoZAHBGtllmzznpCI3s
Talking to the Moon,Bruno Mars,,,Doo-Wops & Hooligans,2010-05-11,161DnLWsx1i3u1JT05lzqU,Atlantic Records,USAT21001985,265378719,0du5cEVh5yTK9QJze8zA0C
Runaway,AURORA,"norwegian pop, art pop",Pop,All My Demons Greeting Me As A Friend (Deluxe),2016-03-11,1v1oIWf2Xgh54kIWuKsDf6,Decca (UMO),GBUM71500527,196525293,1WgXqy2Dd70QQOU7Ay074N
Girls Like Us,Zoe Wees,,,Girls Like Us,2021-01-12,5SFXOMJJ334Wn2PwBHeRZN,Capitol Records UK / EMI,GBUM72006522,6944174,03d2mJXSMtuPI0nIvLnhoS
You All Over Me (feat. Maren Morris) (Taylor’s Version) (From The Vault),"Taylor Swift, Maren Morris",country,Country,You All Over Me (feat. Maren Morris) (Taylor’s Version) (From The Vault),2021-03-26,5pcjystBtalYeqaiXCcgEY,Taylor Swift,USUG12100637,16213911,"06HL4z0CvFAxyc27GXpf02, 6WY7D3jk8zTrHtmkqqo5GI"
MONTERO (Call Me By Your Name),Lil Nas X,,,MONTERO (Call Me By Your Name),2021-03-26,3BZEcbdtXQSo7OrvKRJ6mb,Columbia,USSM12100531,109542878,7jVv8c5Fj3E9VhNjxT4snq
Mood (feat. iann dior),"24kGoldn, iann dior",melodic rap,Hip Hop,El Dorado,2021-03-26,4jPy3l0RUwlUI9T5XHBW2m,Records/Columbia,USQX92003025,402815504,"6fWVd57NKTalqvmjRd2t8Z, 6ASri4ePR7RlsvIQgWPJpS"
BICHOTA,KAROL G,"reggaeton, latin, urbano latino",Latin,KG0516,2021-03-26,1WvrDdouh6C51In1SdATbq,UMLE - Latino,USUM72019324,76878897,790FomKkXshlbRYZFtlgla
Richer (feat. Polo G),"Rod Wave, Polo G",,,SoulFly,2021-03-26,7HsjuVBM93Z2RoxjpWLgTT,Alamo Records,USLD91731549,8492159,"45TgXXqMDdF8BkjA83OM7z, 6AgTAQt8XS6jRWi4sX7w49"
LOCATION,"KAROL G, Anuel AA, J Balvin","reggaeton, latin, urbano latino, trap latino",Latin,KG0516,2021-03-26,478g4LSkyMB1PMkVOVmIaE,UMLE - Latino,USUM72023897,27187322,"790FomKkXshlbRYZFtlgla, 2R21vXR83lH98kGeO99Y66, 1vyhD5VmyZ7KMfW5gqLgo5"
JUST LIKE YOU,NF,christian hip hop,Hip Hop,CLOUDS (THE MIXTAPE),2021-03-26,7tTRFVlFzk6yTnoMcParmi,NF Real Music,USUM72101211,1870500,6fOMl44jA4Sp5b9PpYCkzz
EL MAKINON,"KAROL G, Mariah Angeliq","reggaeton, latin, urbano latino, trap latino",Latin,KG0516,2021-03-26,2FSGUA0gFgGeQdprjtGM2M,UMLE - Latino,USUM72023904,234704231,"790FomKkXshlbRYZFtlgla, 0KKUc4amZyvswV2YL6WTar"
Titans (feat. Sia & Labrinth),"Major Lazer, Sia, Labrinth","moombahton, ",Electronic,Music Is The Weapon (Reloaded),2021-03-26,2nYPVp7BJuoaJ4rQmg5FM5,WM Australia,QMUY42100008,1025819,"738wLrAtLtCtFOLvQBXOXp, 5WUlDfRSoLAfcVSX1WnrxN, 2feDdbD5araYcm6JhFHHw7"
Dancing With The Devil,Demi Lovato,,,Dancing With The Devil,2021-03-26,2kONpeXXK70YEs7c0UQbmq,Island Records,USUM72101957,1007384,6S2OmqARrzebs0tKUEyXyp
JETSKI (feat. Lil Mosey & Lil Tecca),"Internet Money, Lil Tecca, Lil Mosey","melodic rap, rap",Hip Hop,JETSKI (feat. Lil Mosey & Lil Tecca),2021-03-26,2vl0D1b0M6UHlD1Fjh5j1m,Internet Money Records / 10K Projects,QZJ842000897,920378,"6MPCFvOQv5cIGfw3jODMF0, 4Ga1P7PMIsmqEZqhYZQgDo, 5zctI4wO9XSKS8XwcnqEHk"
Tusa,"KAROL G, Nicki Minaj","reggaeton, latin, urbano latino, ",Latin,KG0516,2021-03-26,0dKg2vGC1hFqcK5LGTaKzX,UMLE - Latino,USUM71921183,3339660,"790FomKkXshlbRYZFtlgla, 0hCNtLu0JehylgoiP8L4Gh"
Street Runner,Rod Wave,,,SoulFly,2021-03-26,3JYxIozjRsvEmHrIvfFhud,Alamo Records,USLD91730830,888934,45TgXXqMDdF8BkjA83OM7z
Tombstone,Rod Wave,,,SoulFly,2021-03-26,5pRTz4O2qOkr5nawemy6Wb,Alamo Records,USLD91731547,858726,45TgXXqMDdF8BkjA83OM7z
Wasted Love (feat. Lagique),"Ofenbach, Lagique",,,Wasted Love (feat. Lagique),2021-01-08,2pPO9YecZimmuVQfIzfV6U,Elektra France,FR9W12028036,126339598,"4AKwRarlmsUlLjIwt38NLw, 1PbtWtrN7jZpd4toqxrjm2"
Lifetime,Justin Bieber,,,Justice (Triple Chucks Deluxe),2021-03-26,10Z9RbwrTbQ0gQeNRJ2dC1,RBMG/Def Jam,USUM72102644,838057,1uNFoZAHBGtllmzznpCI3s
Bang!,AJR,,,OK ORCHESTRA,2021-03-26,2I2AqFb0f9UNnolWc2MafC,Black Butter,QMRSZ2000128,825373,6s22t5Y3prQHyaHWUN1R1C
Frag mich nicht,"Miksu / Macloud, Nimo, Jamule",german hip hop,Hip Hop,Frag mich nicht,2021-03-26,46zfTi4Wg6mmkOBPimtg6X,FUTURA,DEQ022100986,812141,"76dRoxKtDwYkgCQePok9cU, 3ZuBEj9ppJe8GSdKaMTfMN, 4sVieJlKgpZ2k9ESNS5IdN"
Explícito,Myke Towers,"reggaeton, trap latino, urbano latino",Latin,Para Mi Ex,2020-12-15,6qraVL4IJaIj0IuEexYJNa,White World Music,QMFMF2007349,26231601,7iK8PXO48WeuP03g8YR51W
Disco Arranhado - Funk Remix,"Malu, DJ Lucas Beat","arrocha, piseiro, brega, forró, seresta, funk, agronejo, sertanejo","Country, R&B, Latin",Disco Arranhado (Funk Remix),2021-01-22,2Gjt4rUHBUH0rMKpBg0hF4,Essaéhit,BX9K42100029,57728893,"3fll16LLw6kdDxWzSpJPEQ, 2zWqENF4cnsd1nLmraG9IE"
Paradigmas,Jorge & Mateus,"sertanejo, sertanejo universitário, arrocha, agronejo","Country, Latin","Tudo Em Paz, Vol. 1",2021-01-22,158ukl5rih76dOEsp0I91H,Som Livre,BRRGE2100027,6332489,1elUiq4X7pxej6FRlrEzjM
Quero Ver é Me Esquecer (feat. Jorge) - Ao Vivo,"Os Barões Da Pisadinha, Jorge","piseiro, forró, sertanejo, arrocha, brega, tecnobrega, agronejo, sertanejo universitário","Country, Latin","Da Roça Pra Cidade (Ao Vivo), Vol. 02",2021-02-19,2SUPbyD77tJuOUbqbxct6l,Sony Music Entertainment,BXDW72100011,23139547,"5Lv2GUVwqmQBPwrTrxucE5, 6gLW5LlLEXdtWaS0EWfzaJ"
Cloud 9,Beach Bunny,,,Honeymoon,2020-02-14,6vFsBXYczYsP0H3lgunZOm,Mom+Pop,USQE91600054,54678289,2vnB6tuQMaQpORiRdvXF9H
Bang!,AJR,,,OK ORCHESTRA,2021-03-26,5FQPpxOXsvkMN6v18gtpwY,S-Curve Records,QMRSZ2000128,1406077,6s22t5Y3prQHyaHWUN1R1C
Slumber Party (feat. Princess Nokia),"Ashnikko, Princess Nokia",,,DEMIDEVIL,2021-01-15,11ZulcYY4lowvcQm4oe3VJ,Parlophone UK,GBAYE2000706,62063106,"3PyJHH2wyfQK3WZrk9rpmP, 6lay1nwbE6hTx1jivysUAL"
The Nights,Avicii,edm,Electronic,The Days / Nights,2014-01-01,0ct6r3EGTcMLPtrXHDvVjc,Universal Music AB,CH3131340464,221079403,1vCWHaC5f2uS3yhpwWbIA6
Film out,BTS,k-pop,Pop,Film out,2021-04-01,3UHPGOkUcE4hE7sqBF4Snt,Universal Music LLC,JPPO02100554,43782213,3Nrfpe0tUJi4K4DXYWgMUX
deja vu,Olivia Rodrigo,,,deja vu,2021-04-01,61KpQadow081I2AsbeLcsb,Olivia Rodrigo PS,USUG12101240,159087216,1McMsnEElThX1knmY4oliG
Calling My Phone,"Lil Tjay, 6LACK","brooklyn drill, melodic rap, ",Hip Hop,Destined 2 Win,2021-04-02,3J8EOeKLTLXORtWPpOU5bE,Columbia,USSM12100388,167301781,"6jGMq4yGs7aQzuGsMgVgZR, 4IVAbR2w4JJNJDDRFP3E83"
Met Him Last Night (feat. Ariana Grande),"Demi Lovato, Ariana Grande",pop,Pop,Dancing With The Devil…The Art of Starting Over (Expanded Edition),2021-04-01,4yyX2Iu4xJjW9xMvBZKSBi,Island Records,USUM72103751,42090102,"6S2OmqARrzebs0tKUEyXyp, 66CXWjxzNUsdJxJ2JdwvnR"
Headshot (feat. Polo G & Fivio Foreign),"Lil Tjay, Polo G, Fivio Foreign","brooklyn drill, melodic rap, new york drill, drill, uk drill","Hip Hop, Pop",Destined 2 Win,2021-04-02,4eNOLmx8r2IJAVKvBBL1jv,Columbia,USSM12101091,48114352,"6jGMq4yGs7aQzuGsMgVgZR, 6AgTAQt8XS6jRWi4sX7w49, 14CHVeJGrR5xgUGQFV5BVM"
Run It Up (feat. Offset & Moneybagg Yo),"Lil Tjay, Offset, Moneybagg Yo","brooklyn drill, melodic rap, memphis rap",Hip Hop,Destined 2 Win,2021-04-02,1dg3qy5DjoJodawfOCgrTP,Columbia,USSM12101540,30266135,"6jGMq4yGs7aQzuGsMgVgZR, 4DdkRBBYG6Yk9Ka8tdJ9BW, 3tJoFztHeIJkJWMrx0td2f"
Dancing With The Devil,Demi Lovato,,,Dancing With The Devil…The Art of Starting Over (Expanded Edition),2021-04-01,0VQ3GSPdl4njPOr3lyaoaD,Island Records,USUM72101957,5836326,6S2OmqARrzebs0tKUEyXyp
Born 2 Be Great,Lil Tjay,"brooklyn drill, melodic rap",Hip Hop,Destined 2 Win,2021-04-02,3AmqJsyZDFA8EHC461R7bY,Columbia,USSM12101530,796464,6jGMq4yGs7aQzuGsMgVgZR
Under Pressure - Remastered 2011,"Queen, David Bowie","classic rock, rock, glam rock, art rock",Rock,Hot Space (2011 Remaster),1982-05-03,2fuCquhmrzHpu5xcA1ci9x,EMI,GBUM71029622,8338277,"1dfeR4HaWDbWqFHLkxsg1d, 0oSGxfWSnnOXhD2fKuz2Gy"
WACHA,"KHEA, Duki","argentine trap, trap, trap latino","Hip Hop, Latin",WACHA,2021-04-01,5RmSunLqeDqNWww8LWhAiK,Young Flex/Interscope Records,USLD91731698,8659745,"4m6ubhNsdwF4psNf3R8kwR, 1bAftSH8umNcGZ0uyV7LMg"
Bubblegum Bitch,MARINA,,,Electra Heart,2012-04-27,1yOL7ZiXGx5ULeLoktAUAg,Atlantic Records UK,GBFFS1200008,32840740,6CwfuxIqcltXDGjfZsMd9A
Mr. Perfectly Fine (Taylor’s Version) (From The Vault),Taylor Swift,,,Mr. Perfectly Fine (Taylor’s Version) (From The Vault),2021-04-07,7l2tmgUhV7Y2aJHjiszifg,Taylor Swift,USUG12100638,5184828,06HL4z0CvFAxyc27GXpf02
Shy Away,Twenty One Pilots,,,Shy Away,2021-04-07,2z0IupRlVRlDN5r2IVqHyN,Fueled By Ramen,USAT22101330,27687401,3YQKmKGau1PzlVlkL1iodx
Another Love,Tom Odell,,,Long Way Down,2013-06-17,7jtQIBanIiJOMS6RyCx6jZ,ITNO/Columbia,GBARL1300107,238299149,2txHhyCwHjUEpJjWrEyqyX
RAPSTAR,Polo G,,,RAPSTAR,2021-04-09,43PGPuHIlVOc04jrZVh9L6,Columbia,USSM12101640,213762716,6AgTAQt8XS6jRWi4sX7w49
Mr. Perfectly Fine (Taylor’s Version) (From The Vault),Taylor Swift,,,Fearless (Taylor's Version),2021-04-09,2CYVETnhM9aytqrazYYwrK,Taylor Swift,USUG12100638,39247394,06HL4z0CvFAxyc27GXpf02
Kiss Me More (feat. SZA),"Doja Cat, SZA",r&b,R&B,Kiss Me More (feat. SZA),2021-04-09,748mdHapucXQri7IAO8yFK,Kemosabe Records/RCA Records,USRC12100543,363116541,"5cj0lLjcoR7YOSnhnX0Po5, 7tYKF4w9nC0nq9CsPZTHyP"
Fearless (Taylor’s Version),Taylor Swift,,,Fearless (Taylor's Version),2021-04-09,77sMIMlNaSURUAXq5coCxE,Taylor Swift,USUG12100618,9038593,06HL4z0CvFAxyc27GXpf02
You Belong With Me (Taylor’s Version),Taylor Swift,,,Fearless (Taylor's Version),2021-04-09,1qrpoAMXodY6895hGKoUpA,Taylor Swift,USUG12100622,9178902,06HL4z0CvFAxyc27GXpf02
Love Story (Taylor’s Version),Taylor Swift,,,Fearless (Taylor's Version),2021-04-09,6YvqWjhGD8mB5QXcbcUKtx,Taylor Swift,USUG12100342,19002493,06HL4z0CvFAxyc27GXpf02
Fifteen (Taylor’s Version),Taylor Swift,,,Fearless (Taylor's Version),2021-04-09,2nqio0SfWg6gh2eCtfuMa5,Taylor Swift,USUG12100619,6761147,06HL4z0CvFAxyc27GXpf02
Hey Stephen (Taylor’s Version),Taylor Swift,,,Fearless (Taylor's Version),2021-04-09,550erGcdD9n6PnwxrvYqZT,Taylor Swift,USUG12100620,6274671,06HL4z0CvFAxyc27GXpf02
White Horse (Taylor’s Version),Taylor Swift,,,Fearless (Taylor's Version),2021-04-09,5YL553x8sHderRBDlm3NM3,Taylor Swift,USUG12100621,5353387,06HL4z0CvFAxyc27GXpf02
The Way I Loved You (Taylor’s Version),Taylor Swift,,,Fearless (Taylor's Version),2021-04-09,22bPsP2jCgbLUvh82U0Z3M,Taylor Swift,USUG12100626,6491547,06HL4z0CvFAxyc27GXpf02
Breathe (feat. Colbie Caillat) (Taylor’s Version),"Taylor Swift, Colbie Caillat",,,Fearless (Taylor's Version),2021-04-09,7HC7R2D8WjXVcUHJyEGjRs,Taylor Swift,USUG12100623,4995261,"06HL4z0CvFAxyc27GXpf02, 6aZyMrc4doVtZyKNilOmwu"
Forever & Always (Taylor’s Version),Taylor Swift,,,Fearless (Taylor's Version),2021-04-09,1msEuwSBneBKpVCZQcFTsU,Taylor Swift,USUG12100627,4922079,06HL4z0CvFAxyc27GXpf02
X Gon' Give It To Ya,DMX,"east coast hip hop, hardcore hip hop",Hip Hop,The Definition Of X: Pick Of The Litter,2007-06-12,1zzxoZVylsna2BQB65Ppcb,RAL,USDJ20201342,7985501,1HwM5zlC5qNWhJtM00yXzG
Tell Me Why (Taylor’s Version),Taylor Swift,,,Fearless (Taylor's Version),2021-04-09,0k0vFacOHNuArLWMiH60p7,Taylor Swift,USUG12100624,4483647,06HL4z0CvFAxyc27GXpf02
You’re Not Sorry (Taylor’s Version),Taylor Swift,,,Fearless (Taylor's Version),2021-04-09,6iiAfo4wTA2CVC3Uwx9uh8,Taylor Swift,USUG12100625,4451002,06HL4z0CvFAxyc27GXpf02
You All Over Me (feat. Maren Morris) (Taylor’s Version) (From The Vault),"Taylor Swift, Maren Morris",country,Country,Fearless (Taylor's Version),2021-04-09,4CHpVfAhuxNJ3ibExe6kxO,Taylor Swift,USUG12100637,7712896,"06HL4z0CvFAxyc27GXpf02, 6WY7D3jk8zTrHtmkqqo5GI"
Otra Noche Sin Ti,"J Balvin, Khalid","reggaeton, latin, ",Latin,Otra Noche Sin Ti,2021-04-09,2CdTLdDjwZdVcm0bresVWx,"Sueños Globales, LLC",QZM5U2100039,27860509,"1vyhD5VmyZ7KMfW5gqLgo5, 6LuN9FCkKOj5PcnpouEgny"
That’s When (feat. Keith Urban) (Taylor’s Version) (From The Vault),"Taylor Swift, Keith Urban",country,Country,Fearless (Taylor's Version),2021-04-09,7eResoqEJJAVTkQYSqvO3P,Taylor Swift,USUG12100640,4232498,"06HL4z0CvFAxyc27GXpf02, 0u2FHSq3ln94y5Q57xazwf"
The Best Day (Taylor’s Version),Taylor Swift,,,Fearless (Taylor's Version),2021-04-09,6ON9UuIq49xXY9GPmHIYRp,Taylor Swift,USUG12100628,2528971,06HL4z0CvFAxyc27GXpf02
We Were Happy (Taylor’s Version) (From The Vault),Taylor Swift,,,Fearless (Taylor's Version),2021-04-09,34V9RiEPe8MNdU32qJsJa1,Taylor Swift,USUG12100639,2516869,06HL4z0CvFAxyc27GXpf02
Don’t You (Taylor’s Version) (From The Vault),Taylor Swift,,,Fearless (Taylor's Version),2021-04-09,4uuEGH5SVuzkkSFjo2DEiY,Taylor Swift,USUG12100641,2452246,06HL4z0CvFAxyc27GXpf02
Change (Taylor’s Version),Taylor Swift,,,Fearless (Taylor's Version),2021-04-09,3ExweHKZF9B752DPQByRVT,Taylor Swift,USUG12100629,2398339,06HL4z0CvFAxyc27GXpf02
Jump Then Fall (Taylor’s Version),Taylor Swift,,,Fearless (Taylor's Version),2021-04-09,2m3ObD945KvpE5y9A1eUWm,Taylor Swift,USUG12100630,2358714,06HL4z0CvFAxyc27GXpf02
Forever & Always (Piano Version) (Taylor’s Version),Taylor Swift,,,Fearless (Taylor's Version),2021-04-09,01QdEx6kFr78ZejhQtWR5m,Taylor Swift,USUG12100632,2226139,06HL4z0CvFAxyc27GXpf02
Bye Bye Baby (Taylor’s Version) (From The Vault),Taylor Swift,,,Fearless (Taylor's Version),2021-04-09,4qUijfYU8EoIWiY6oSyrgT,Taylor Swift,USUG12100642,2208999,06HL4z0CvFAxyc27GXpf02
Untouchable (Taylor’s Version),Taylor Swift,,,Fearless (Taylor's Version),2021-04-09,0tQ9vBYpldCuikPsbgOVKA,Taylor Swift,USUG12100631,2205384,06HL4z0CvFAxyc27GXpf02
Ruff Ryders' Anthem,DMX,"east coast hip hop, hardcore hip hop",Hip Hop,It's Dark And Hell Is Hot,1998-05-01,1BKT2I9x4RGKaKqW4up34s,Def Jam Recordings,USRL19800734,3830310,1HwM5zlC5qNWhJtM00yXzG
Today Was A Fairytale (Taylor’s Version),Taylor Swift,,,Fearless (Taylor's Version),2021-04-09,2JoJrsEV15OzbijS47lids,Taylor Swift,USUG12100636,2205003,06HL4z0CvFAxyc27GXpf02
Come In With The Rain (Taylor’s Version),Taylor Swift,,,Fearless (Taylor's Version),2021-04-09,1n2wszmJyVkw6FHqyLnQsY,Taylor Swift,USUG12100633,1235904,06HL4z0CvFAxyc27GXpf02
The Other Side Of The Door (Taylor’s Version),Taylor Swift,,,Fearless (Taylor's Version),2021-04-09,1cSFlSBdpT4F5vb1frQ231,Taylor Swift,USUG12100635,1171822,06HL4z0CvFAxyc27GXpf02
Superstar (Taylor’s Version),Taylor Swift,,,Fearless (Taylor's Version),2021-04-09,51A8eKvvZz9uydvIZ7xRSV,Taylor Swift,USUG12100634,1158077,06HL4z0CvFAxyc27GXpf02
Party Up,DMX,"east coast hip hop, hardcore hip hop",Hip Hop,...And Then There Was X,1999-12-21,0LWkaEyQRkF0XAms8Bg1fC,RAL,USDJ29905352,2584361,1HwM5zlC5qNWhJtM00yXzG
BANKROLL (feat. A$AP Rocky & A$AP Ferg),"BROCKHAMPTON, A$AP Rocky, A$AP Ferg",rap,Hip Hop,"ROADRUNNER: NEW LIGHT, NEW MACHINE",2021-04-09,3MK6OsCb4VJGdPxvXjW8Q9,Question Everything/RCA Records,USRC12100218,1059600,"1Bl6wpkWCQ4KVgnASpvzzA, 13ubrt8QOOCPljQ2FL1Kca, 5dHt1vcEm9qb8fCyLcB3HL"
Where The Hood At,DMX,"east coast hip hop, hardcore hip hop",Hip Hop,Grand Champ,2003-01-01,6RUpJeXT6U4SPEafnr9Wr7,RAL (Rush Associated Label),USDJ20300668,2380176,1HwM5zlC5qNWhJtM00yXzG
La Nota,"Manuel Turizo, Rauw Alejandro, Myke Towers","reggaeton, latin, colombian pop, urbano latino, trap latino","Pop, Latin",Dopamina,2021-04-09,5VzNsUnLmYcRfRfxpQsusa,Sony Music Latin/La Industria,QZDYA1800024,48380891,"0tmwSHipWxN12fsoLcFU3B, 1mcTU81TzQhprhouKaTkpq, 7iK8PXO48WeuP03g8YR51W"
Leere Hände (feat. Sido & Samra),"SANTOS, Sido, Samra","german hip hop, german pop","Hip Hop, Pop",Leere Hände (feat. Sido & Samra),2021-04-08,5QEqzFV7R8KSSCJa37tfvs,Urban,DECE72101761,959124,"4hK7sEnm0se5bqoI3Yb5o1, 4Yttlv9ndGjCDCVLqM7ACq, 6h1s4i4XKIYv4ErDelLDN0"
AM,"Nio Garcia, Flow La Movie","reggaeton, trap latino",Latin,AM,2021-01-28,2dNhNlpZAtV4lwAFW45LIv,"Flow La Movie, Inc.",QM4TW2137909,198450881,"5hdhHgpxyniooUiQVaPxQ0, 2oT7xd9iTO2ejLsNGIMa5f"
KIDS FROM THE BLOCK,Luciano,german hip hop,Hip Hop,KIDS FROM THE BLOCK,2021-04-08,26hbmLeqiz8loWjFshsegF,URBAN,DECE72102433,861845,3CJKkU0XuElRT1z8rEtIYg
Esquema Preferido (feat. Tarcísio do Acordeon),"DJ Ivis, Tarcísio do Acordeon","piseiro, forró, arrocha, sertanejo, brega, seresta","Country, Latin",Esquema Preferido (feat. Tarcísio do Acordeon),2020-11-26,7cgF1aSGBXWlTgNbon3g2p,Sony Music Entertainment,BXZVR2100001,3394189,"0RPzmE1iY76tx1eBBXFyYn, 48HORs6F9P7IgdyKrk4MZC"
Liberdade (Quando o Grave Bate Forte),"Alok, Mc Don Juan, Dj GBR","brazilian bass, electronic, slap house, electro house, funk, funk consciente, brazilian funk, trap funk","Electronic, Hip Hop, R&B, Latin",Liberdade (Quando o Grave Bate Forte),2020-12-18,2QLbRVzixE282JSQjBz2DG,GR6 Music,BXG6R2001563,42157336,"0NGAZxHanS9e0iNHpR8f2W, 7Lmrb6KcIzfkmgbtokjsAL, 0IhzJFf4QBEz0ifqLwScKV"
MONTERO (Call Me By Your Name),Lil Nas X,,,MONTERO (Call Me By Your Name),2021-03-31,67BtfxlNbhBmCDR2L2l8qd,Columbia,USSM12100531,778535745,7jVv8c5Fj3E9VhNjxT4snq
Body,"Russ Millions, Tion Wayne","uk drill, drill, grime, afroswing","Traditional music, Hip Hop, Electronic, Pop",Body,2021-03-25,3CVb6hkMrlF7eHhXi5B3PZ,Atlantic Records UK,GBAHS2100158,25751899,"3FoFW2AoUGRHBacC6i4x4p, 7b79bQFziJFedJb75k6hFt"
Levitating,Dua Lipa,pop,Pop,Future Nostalgia,2020-03-27,39LLxExYz6ewLAcYrzQQyP,Warner Records,GBAHT1901299,215937666,6M2wZ9GZgrQXHCFfjv46we
Good Without,Mimi Webb,,,Good Without,2021-03-26,15OCqNPYoLziEAsbVnqRj5,Epic,USSM12101148,8604233,3GxKJzJK4LpsYGXQrw77wz
The Real Slim Shady,Eminem,"rap, hip hop",Hip Hop,The Marshall Mathers LP,2000-05-23,3yfqSUWxFvZELEM4PmlwIR,Interscope,USIR10000448,165022055,7dGJo4pcD2V6oG8kP0tJRR
911,Sech,"reggaeton, urbano latino",Latin,42,2021-04-15,2p2Q23iaaPSEa1tI6TsCVX,Rich Music,QM9WM2000134,126567049,77ziqFxp5gaInVrF2lj4ht
LA CANCIÓN,"J Balvin, Bad Bunny","reggaeton, latin, trap latino, urbano latino",Latin,OASIS,2019-06-28,0fea68AdmYNygeTGI4RC18,Universal Music Latino / Rimas,USUM71911618,4421755,"1vyhD5VmyZ7KMfW5gqLgo5, 4q3ewBCX7sLwd24euuV69X"
Solid (feat. Drake),"Young Stoner Life, Young Thug, Gunna, Drake","rap, melodic rap, trap, hip hop",Hip Hop,Slime Language 2,2021-04-16,6rTInqW3YECMkQsBEHw4sd,300 Entertainment,QMCE32100237,60383134,"1xr2G8Hlx4QWmT9HaUbmoO, 50co4Is1HCEo8bhOyUWKpn, 2hlmm7s2ICUX0LVIhVFlZQ, 3TVXtAsR1Inumwj472S9r4"
Diamonds Dancing (feat. Travis Scott),"Young Stoner Life, Young Thug, Gunna, Travis Scott","rap, melodic rap, trap",Hip Hop,Slime Language 2,2021-04-16,7uZqvqXzzYMKrexKxdcGmd,300 Entertainment,QMCE32100198,7515766,"1xr2G8Hlx4QWmT9HaUbmoO, 50co4Is1HCEo8bhOyUWKpn, 2hlmm7s2ICUX0LVIhVFlZQ, 0Y5tJX1MQlPlqiwlOH1tJY"
Ski,"Young Stoner Life, Young Thug, Gunna","rap, melodic rap, trap",Hip Hop,Slime Language 2,2021-04-16,6755DFiZ7CWe2WMdTGW5C1,300 Entertainment,QMCE32100185,9231974,"1xr2G8Hlx4QWmT9HaUbmoO, 50co4Is1HCEo8bhOyUWKpn, 2hlmm7s2ICUX0LVIhVFlZQ"
Proud of You (feat. Lil Uzi Vert & Yung Kayo),"Young Stoner Life, Young Thug, Yung Kayo, Lil Uzi Vert","rap, melodic rap, trap, rage rap",Hip Hop,Slime Language 2,2021-04-16,16eZmQoeajKH8G2nPe2chk,300 Entertainment,QMCE32100201,2309411,"1xr2G8Hlx4QWmT9HaUbmoO, 50co4Is1HCEo8bhOyUWKpn, 7J0hrNYCO5DgAx0XaRJqkh, 4O15NlyKLIASxsJ0PrXPfz"
You,"Regard, Troye Sivan, Tate McRae",,,You,2021-04-16,2cc8Sw1OnCuA5bV8nqWqpE,Ministry of Sound Recordings,GBCEN2100035,47239127,"4ofCBoyEiGSePFAG500xev, 3WGpXCj9YhhfX11TToZcXP, 45dkTj5sMRSjrmBSBeiHym"
Came and Saw (feat. Rowdy Rebel),"Young Stoner Life, Young Thug, Rowdy Rebel","rap, melodic rap, trap, brooklyn drill, new york drill",Hip Hop,Slime Language 2,2021-04-16,3GkEnNf2RWmdwkA2FfjQ3g,300 Entertainment,QMCE32100199,1164983,"1xr2G8Hlx4QWmT9HaUbmoO, 50co4Is1HCEo8bhOyUWKpn, 6LXRvV2OAtXF7685fzh3mj"
Gone Are The Days (feat. James Gillespie),"Kygo, James Gillespie","tropical house, ",Electronic,Gone Are The Days (feat. James Gillespie),2021-04-15,1MGGLyAMVQo3T9gSEBJjyH,Kygo/RCA Records,USRC12100639,1139571,"23fqKkggKUBHNkbKtXEls4, 6wlk4iqaEgEvADMVG6QMd8"
Slatty (feat. Yak Gotti & Lil Duke),"Young Stoner Life, Young Thug, Gunna, Lil Duke, Yak Gotti","rap, melodic rap, trap, ",Hip Hop,Slime Language 2,2021-04-16,0ky8syPEVEfD7qCxMTW49X,300 Entertainment,QMCE32100197,1130258,"1xr2G8Hlx4QWmT9HaUbmoO, 50co4Is1HCEo8bhOyUWKpn, 2hlmm7s2ICUX0LVIhVFlZQ, 06Qf6vq8AVIpE9XIw8LAsY, 0dvFTsuG02c4cRbcSQ8zE6"
Paid the Fine (feat. Lil Baby & YTB Trench),"Young Stoner Life, Young Thug, Gunna, YTB Trench, Lil Baby","rap, melodic rap, trap, ",Hip Hop,Slime Language 2,2021-04-16,0GqaZ1L5KAXMNngAZbGvLf,300 Entertainment,QMCE32100200,1019259,"1xr2G8Hlx4QWmT9HaUbmoO, 50co4Is1HCEo8bhOyUWKpn, 2hlmm7s2ICUX0LVIhVFlZQ, 5PHYg0IcnpyZJ1y9euAx4i, 5f7VJjfbwm532GiveGC0ZK"
shots in the dark,"iann dior, Trippie Redd",melodic rap,Hip Hop,Still Here,2021-04-16,6e7jXXhVt7lOj07fffOdJl,10K Projects,QZJ842000925,900559,"6ASri4ePR7RlsvIQgWPJpS, 6Xgp2XMz1fhVYe7i6yNAax"
UNTER VERDACHT,"Capital Bra, NGEE",german hip hop,Hip Hop,UNTER VERDACHT,2021-04-15,54AnAMobwJ5ElDCTcPFJk5,URBAN,DECE72102668,853891,"4WZGDpNwrC0vNQyl9QzF7d, 3Hvx3BM0K4FHBs9J3k8G6V"
Aloha,"Maluma, Beéle, Rauw Alejandro, Mambo Kingz, DJ Luian, Darell","reggaeton, latin, urbano latino, trap latino, dembow",Latin,"Aloha (feat. Darell, Mambo Kingz & Dj Luian)",2021-03-05,5RAIMjdrCEjpjaR5tBATXU,Hear This Music,QZ7B82100019,77268870,"1r4hJ1h58CWwUQe3MxPuau, 7a0XAaPaK2aDSqa8p3QnC7, 1mcTU81TzQhprhouKaTkpq, 2T1aUibqR2QC2sINIDQOAK, 64aJYyrXljOodnUG6jvhRD, 1TtXnWcUs0FCkaZDPGYHdf"
"Volta Bebê, Volta Neném","Dj Guuga, DJ Ivis","funk, piseiro, brega funk, brazilian funk, arrocha, forró, sertanejo, brega","Country, Hip Hop, Pop, R&B, Latin","Volta Bebê, Volta Neném",2021-03-27,4wQUopWk9Ed7Ng5qpKN5qd,GR6 Music,BXG6R2100268,78022250,"1cNPXWhKfjI0fT5EMCnamR, 0RPzmE1iY76tx1eBBXFyYn"
Não Pode Se Apaixonar,"Xand Avião, DJ Ivis, Mc Danny","forró, piseiro, sertanejo, arrocha, sertanejo universitário, brega, brega funk, funk","Country, Pop, R&B, Latin",Não Pode Se Apaixonar,2021-02-12,1HoapWs5KcMzs8QYdgg9Kt,Som Livre,BRVOR2100100,6240327,"43DRDu6nLSeIedZ7T1A616, 0RPzmE1iY76tx1eBBXFyYn, 3PZTvUS5fUUhV3EKAjqdZk"
Rasputin,"Majestic, Boney M.",disco,R&B,Rasputin,2021-02-26,0b18g3G5spr4ZCkz7Y6Q0Q,NITRON music,DEE862100256,201550315,"6QMABvTzixnxzsLYyhqRxI, 54R6Y0I7jGUCveDTtI21nb"
Vida Louca,"Mc Poze do Rodo, Neo Beats, Mainstreet","brazilian trap, trap funk, trap, brazilian hip hop, funk, brazilian funk, funk consciente","Hip Hop, R&B, Latin, Electronic",Vida Louca,2021-04-02,7IG7laqVpcvIIULrwWP5SA,Mainstreet Records,BXPFF2100001,13095413,"28ie4NNTa2VW2QV4Zray8M, 6PERJZF7wohA034PAxDK0b, 25XJqeReVV38w0tR04GGBd"
Pareja Del Año,"Sebastian Yatra, Myke Towers","colombian pop, reggaeton, latin, trap latino, urbano latino","Pop, Latin",Pareja Del Año,2021-04-16,2rCbl9naJYhaxjLsfx88uM,UMLE - Latino,USUM72104664,402965045,"07YUOmWljBTXwIseAUd9TW, 7iK8PXO48WeuP03g8YR51W"
Save Your Tears (with Ariana Grande) (Remix),"The Weeknd, Ariana Grande",pop,Pop,Save Your Tears (Remix),2021-04-23,37BZB0z9T8Xu7U3e65qxFy,Republic Records,USUG12101839,559308971,"1Xyo4u8uXC1ZmMpatF05PJ, 66CXWjxzNUsdJxJ2JdwvnR"
Botella Tras Botella,"Gera MX, Christian Nodal","mexican hip hop, latin hip hop, banda, ranchera, mariachi, norteño, música mexicana, grupera","Latin, Hip Hop",Botella Tras Botella,2021-04-23,2MnLkFqY9Rpg9s3Zv6ZJdK,Virgin Music México,MXUM62100001,242236196,"2hejA1Dkf8v8R0koF44FvW, 0XwVARXT135rw8lyw1EeWP"
Best Friend (feat. Doja Cat),"Saweetie, Doja Cat",,,Best Friend (feat. Doja Cat) [Remix EP] [Extended Edition],2021-04-23,20BOju91NaEFK5Py4VJ2pp,ICY/Warner Records,USWB12004547,107620241,"6cK3NBO6uP7hh0oyuVELFl, 5cj0lLjcoR7YOSnhnX0Po5"
Come Through (feat. Chris Brown),"H.E.R., Chris Brown",r&b,R&B,Come Through (feat. Chris Brown),2021-04-23,3krZxyBsWEHfEfJegYaWTd,MBK Entertainment/RCA Records,USRC12100712,4157610,"3Y7RZ31TRPVadSFVy1o8os, 7bXgB6jMjp9ATFy66eO08Z"
Paradigmas,Jorge & Mateus,"sertanejo, sertanejo universitário, arrocha, agronejo","Country, Latin",Tudo Em Paz,2021-04-22,17UfXrL7Run3GyZJW4uRjC,Som Livre,BRRGE2100027,11092074,1elUiq4X7pxej6FRlrEzjM
Esquema Preferido (feat. Tarcísio do Acordeon),"DJ Ivis, Tarcísio do Acordeon","piseiro, forró, arrocha, sertanejo, brega, seresta","Country, Latin",Baile do DJ Ivis: Piseiro Hits,2020-11-26,0e6NlGJxYlHvAN8SKxad7N,Sony Music Entertainment,BR90B2002405,2955246,"0RPzmE1iY76tx1eBBXFyYn, 48HORs6F9P7IgdyKrk4MZC"
Krvn,UZI,"turkish hip hop, drill",Hip Hop,Kan,2021-03-19,4a1WLOoydq7u011UG9jjC9,M.O.B. Entertainment,FR2X42129699,3039562,51DevdOxIJin6DB1FXJpD1
Drunk-Dazed,ENHYPEN,k-pop,Pop,BORDER : CARNIVAL,2021-04-26,1wcr8DjnN59Awev8nnKpQ4,BELIFT LAB,USA2P2108330,1447039,5t5FqBwTcgKTaWmfEbwQY9
The Night We Met,Lord Huron,,,Strange Trails,2015-04-06,3hRV0jL3vUpRrcy398teAU,Play It Again Sam,US53Q1200103,14387207,6ltzsmQQbmdoHHbLZ4ZN25
Freaks,Surf Curse,indie,Rock,Buds,2015-05-10,0HUTL8i4y4MiGCPId7M7wb,Big Joy Records,TCACA1429223,13443466,1gl0S9pS0Zw0qfa14rDD3D
Big Gangsta,Kevin Gates,,,Big Gangsta,2021-03-26,03ERnTvSV5fy8WAyvA4uNP,Bread Winners' Association,USAT21902781,704060,1gPhS1zisyXr5dHTYZyiMe
Your Power,Billie Eilish,,,Your Power,2021-04-29,5qNh5WtzMbfpSj2jLlBkoD,Darkroom/Interscope Records,USUM72105934,133938341,6qqNVTkY8uBg9cP3Jd7DAH
Σ. MOROSE,Damso,pop urbaine,Hip Hop,QALF infinity,2021-04-28,0fukO3WYYUHaXOrvEohpEG,Trente-quatre Centimes,BE6JP2100005,2278267,2UwqpfQtNuhBwviIC0f2ie
Π. VANTABLACK,Damso,pop urbaine,Hip Hop,QALF infinity,2021-04-28,2n3dCM1RqyhzH5FZQW4jxA,Trente-quatre Centimes,BE6JP2100003,1247804,2UwqpfQtNuhBwviIC0f2ie
Ρ. DOSE,Damso,pop urbaine,Hip Hop,QALF infinity,2021-04-28,0pU7enpfjSu21LwCb1708u,Trente-quatre Centimes,BE6JP2100004,1116961,2UwqpfQtNuhBwviIC0f2ie
Υ. 2 DIAMANTS,Damso,pop urbaine,Hip Hop,QALF infinity,2021-04-28,1swQocGVyXMAamWDjNzoLx,Trente-quatre Centimes,BE6JP2100007,1065800,2UwqpfQtNuhBwviIC0f2ie
Τ. CHIALER,"Damso, YG Pablo","pop urbaine, ",Hip Hop,QALF infinity,2021-04-28,3xkB3FONm2ZZKUpo5NRYGa,Trente-quatre Centimes,BE6JP2100006,1053244,"2UwqpfQtNuhBwviIC0f2ie, 3UHc2YZGHYS6TEYMJeDf1D"
Ο. OG,Damso,pop urbaine,Hip Hop,QALF infinity,2021-04-28,63ALxy05IGeKrfOjvGG7lO,Trente-quatre Centimes,BE6JP2100002,1041441,2UwqpfQtNuhBwviIC0f2ie
Φ. THEVIE RADIO,Damso,pop urbaine,Hip Hop,QALF infinity,2021-04-28,4URf8X1z0ZGaPemh0dKx2M,Trente-quatre Centimes,BE6JP2100008,974141,2UwqpfQtNuhBwviIC0f2ie
Ψ. PASSION,Damso,pop urbaine,Hip Hop,QALF infinity,2021-04-28,7cg10lYnXMynfGg8K06rzL,Trente-quatre Centimes,BE6JP2100010,906293,2UwqpfQtNuhBwviIC0f2ie
Χ. ZWAAR,Damso,pop urbaine,Hip Hop,QALF infinity,2021-04-28,2MH75OFe8QGguBKeh0esLj,Trente-quatre Centimes,BE6JP2100009,853905,2UwqpfQtNuhBwviIC0f2ie
Ω. VIVRE UN PEU,Damso,pop urbaine,Hip Hop,QALF infinity,2021-04-28,5UNFWkGaEJgQFqoJxZWMzm,Trente-quatre Centimes,BE6JP2100011,783257,2UwqpfQtNuhBwviIC0f2ie
One Dance,"Drake, Wizkid, Kyla","rap, hip hop, afrobeats, afrobeat, afropop, azonto, afroswing, afropiano, dancehall, ","Traditional music, R&B, Pop, Hip Hop",Views,2016-05-06,1zi7xx7UVEFkmKfv06H8x0,Cash Money Records/Young Money Ent./Universal Rec.,USCM51600028,83580314,"3TVXtAsR1Inumwj472S9r4, 3tVQdUvClmAT7URs9V3rsp, 6TK7fjRPdy2GW2pJzNF23L"
love race (feat. Kellin Quinn),"mgk, Kellin Quinn",pop punk,Rock,love race (feat. Kellin Quinn),2021-04-29,1F9kEuwT29fgqlovIclu81,Bad Boy/Interscope Records,USUM72106268,7086872,"6TIYQ3jFPwQSRmorSezPxX, 3M9XAM57a4qFz3v6Lq27t2"
WITHOUT YOU (with Miley Cyrus),"The Kid LAROI, Miley Cyrus",,,WITHOUT YOU (with Miley Cyrus),2021-04-30,1EHUQesfVKwbthtNcpBi9g,Columbia,USSM12101722,27573502,"2tIP7SsRs7vjIcLrU85W8J, 5YGY8feqx7naU7z4HrwZM6"
"I DID IT (feat. Post Malone, Megan Thee Stallion, Lil Baby & DaBaby)","DJ Khaled, Post Malone, DaBaby, Megan Thee Stallion, Lil Baby",,,KHALED KHALED,2021-04-30,20GrahbI4AzAOWxpYfDKkf,Epic/We The Best,USSM12102187,19011336,"0QHgL1lAIqAw0HtD7YldmP, 246dkjvS1zLTtiykXe5h60, 4r63FhuTkUYltbVAg5TQnk, 181bsRPaVXVlUKXrxwZfHK, 5f7VJjfbwm532GiveGC0ZK"
durag activity (with Travis Scott),"Baby Keem, Travis Scott",rap,Hip Hop,durag activity (with Travis Scott),2021-04-30,4JJcP0Rv9AgyPD6ZGaC8EE,Columbia,USSM12101860,7485416,"5SXuuuRpukkTvsLuUknva1, 0Y5tJX1MQlPlqiwlOH1tJY"
Choker,Twenty One Pilots,,,Choker,2021-04-30,3ydI3CesHBnaY01Qff9jOr,Fueled By Ramen,USAT22101329,4681361,3YQKmKGau1PzlVlkL1iodx
Girl From Rio,Anitta,"brazilian pop, funk pop, funk carioca, funk, pagode baiano","Pop, R&B, Hip Hop, Latin",Girl From Rio,2021-04-29,2plRom0urixt6BE8t7kOhQ,Warner Records,USWB12101015,3794332,7FNnA9vBm6EKceENgCGRMb
LET IT GO (feat. Justin Bieber & 21 Savage),"DJ Khaled, 21 Savage, Justin Bieber",,,KHALED KHALED,2021-04-30,1cEhrSF6EylAEqdhUGuNpX,Epic/We The Best,USSM12102186,6842674,"0QHgL1lAIqAw0HtD7YldmP, 1URnnhqYAYcrqrcwql10ft, 1uNFoZAHBGtllmzznpCI3s"
EVERY CHANCE I GET (feat. Lil Baby & Lil Durk),"DJ Khaled, Lil Baby, Lil Durk",drill,Hip Hop,KHALED KHALED,2021-04-30,1EJIcDYXwSqipW5dFe4uJz,Epic/We The Best,USSM12102263,20722825,"0QHgL1lAIqAw0HtD7YldmP, 5f7VJjfbwm532GiveGC0ZK, 3hcs9uc56yIGFCSy9leWe7"
In the morning,ITZY,k-pop,Pop,GUESS WHO,2021-04-30,2QdH0rKlV3d9Y6lWzcnlBH,JYP Entertainment,US5TA2100004,27431208,2KC9Qb60EaY0kW4eH68vr3
POPSTAR (feat. Drake),"DJ Khaled, Drake","rap, hip hop",Hip Hop,KHALED KHALED,2021-04-30,1sbEeUY8KsdvgiQi26JBFz,Epic/We The Best,USSM12004501,6904829,"0QHgL1lAIqAw0HtD7YldmP, 3TVXtAsR1Inumwj472S9r4"
"Snow Tha Product: Bzrp Music Sessions, Vol. 39","Bizarrap, Snow Tha Product","argentine trap, trap latino, urbano latino, latin hip hop, mexican hip hop","Hip Hop, Latin","Snow Tha Product: Bzrp Music Sessions, Vol. 39",2021-04-28,3ke6it1vTmHtz2ApcIVUz5,WEA Latina/DALE PLAY Records,UYB282101015,18621118,"716NhGYqD1jl2wI1Qkgq36, 3p3jPcp8b7WL9XYj4xlsWj"
BLESSED (feat. Capital Bra),"CRO, Capital Bra","german hip hop, german pop","Hip Hop, Pop",trip,2021-04-29,6kxErsVgalFeBlxRfHCuUv,Urban,DEUM72100283,998915,"3utZ2yeQk0Z3BCOBWP7Vlu, 4WZGDpNwrC0vNQyl9QzF7d"
On Me (Remix) (with Megan Thee Stallion),"Lil Baby, Megan Thee Stallion",,,On Me (Remix) (with Megan Thee Stallion),2021-04-27,589jILaMtVqRiVxubmnLiF,Quality Control Music/Motown Records,USUG12100156,845615,"5f7VJjfbwm532GiveGC0ZK, 181bsRPaVXVlUKXrxwZfHK"
"BODY IN MOTION (feat. Bryson Tiller, Lil Baby & Roddy Ricch)","DJ Khaled, Bryson Tiller, Roddy Ricch, Lil Baby","r&b, melodic rap, ","Hip Hop, R&B",KHALED KHALED,2021-04-30,1IZGMPe57hATuLJgmMR4eP,Epic/We The Best,USSM12102264,840018,"0QHgL1lAIqAw0HtD7YldmP, 2EMAnMvWE2eb56ToJVfCWs, 757aE44tKEUQEqRuT6GnEB, 5f7VJjfbwm532GiveGC0ZK"
GREECE (feat. Drake),"DJ Khaled, Drake","rap, hip hop",Hip Hop,KHALED KHALED,2021-04-30,3gruCKVuhCsRjs3a3dG8CA,Epic/We The Best,USSM12004502,838724,"0QHgL1lAIqAw0HtD7YldmP, 3TVXtAsR1Inumwj472S9r4"
Miénteme,"TINI, Maria Becerra","latin pop, argentine trap","Hip Hop, Pop",Miénteme,2021-04-29,0cOa970mzTWAxKtltpkpLc,Sony Music Latin,USHR12141512,277083027,"7vXDAI8JwjW531ouMGbfcp, 1DxLCyH42yaHKGK3cl5bvG"
Hero,"AFROJACK, David Guetta","edm, big room, dance",Electronic,Hero,2021-04-30,29p6UW08MXzwj9thWBW3uF,Wall Recordings,CYA222100011,799382,"4D75GcNG95ebPtNvoNVXhz, 1Cs0zKBU1kc0i8ypK3B9ai"
Little Bit of Love,Tom Grennan,,,Evering Road (Deluxe),2021-03-12,3Iba59sFmGhQ4kbCY5L8AX,Insanity Records,GBARL2001197,94090902,5SHxzwjek1Pipl1Yk11UHv
"SORRY NOT SORRY (feat. Nas, JAY-Z & James Fauntleroy) - Harmonies by The Hive","DJ Khaled, Nas, JAY-Z, James Fauntleroy","east coast hip hop, hip hop, rap, ",Hip Hop,KHALED KHALED,2021-04-30,5OypcrFg58e4k2iYHi69ED,Epic/We The Best,USSM12102184,787385,"0QHgL1lAIqAw0HtD7YldmP, 20qISvAhX20dpIbOOzGK3q, 3nFkdlSjzX9mRTtwJOzDYB, 5ooSG9S0glqP5ZrqqaHBvT"
Só Não Divulga,"Fernando & Sorocaba, Tarcísio do Acordeon","sertanejo, sertanejo universitário, agronejo, piseiro, arrocha, forró, seresta, brega","Country, Latin",Só Não Divulga,2021-02-25,3HquWF2pZmWYu3WAEP9Heb,Sony Music Entertainment,BR3T82100001,21964026,"1oSgjdbgLYULVmEBojPRw8, 48HORs6F9P7IgdyKrk4MZC"
Preta do Cabelo Cacheado,Th CDM,"brega funk, funk, brega, piseiro","Country, Pop, R&B",Preta do Cabelo Cacheado,2018-05-08,3lJ8BcGM1ROQ1ufneU3Qya,PHproduções,BX8F92100030,798984,736JbivCkAkdLP9xOA3jLs
"Body (Remix) [feat. ArrDee, E1 (3x3), ZT (3x3), Bugzy Malone, Buni, Fivio Foreign & Darkoo]","Tion Wayne, Russ Millions, ArrDee, E1 (3x3), ZT (3x3), Bugzy Malone, Buni, Fivio Foreign, Darkoo","uk drill, drill, grime, afroswing, brooklyn drill, new york drill, afrobeats, afrobeat","Traditional music, R&B, Hip Hop, Electronic, Pop","Body (Remix) [feat. ArrDee, E1 (3x3), ZT (3x3), Bugzy Malone, Buni, Fivio Foreign & Darkoo]",2021-04-22,6uvMKqNlrSvcC4NaKnrwjZ,Atlantic Records UK,GBAHS2100229,132838325,"7b79bQFziJFedJb75k6hFt, 3glwpkS2UIcYp8vojjnbr5, 7m0BsF0t3K9WQFgKoPejfk, 63ebc5zUpJ36aoTDQJHa9B, 2uIRmVaCVpHQjaVgph5clS, 4Dokdwa3WB7ilQ2c2qvIBL, 5AiY4bxeXerLXx03JADdQv, 14CHVeJGrR5xgUGQFV5BVM, 4QSTyDpxsKmv3UfavVUImR"
Coração Na Cama - Ao Vivo,Hugo & Guilherme,"sertanejo, sertanejo universitário, agronejo, arrocha","Country, Latin",No Pelo 3 (Ao Vivo),2021-04-30,7vCvUJyjMxRkPeo19nxmuk,Som Livre,BRWNV2000188,781103,1LIuN7ov1IBQDdLsU83ojl
512,"Mora, JHAYCO","urbano latino, reggaeton, trap latino",Latin,Primer Dia de Clases,2021-02-05,5jzEwSyyymBlf1fa1o39T2,Rimas Entertainment LLC,QM4TW2165662,134452371,"0Q8NcsJwoCbZOHHW63su5S, 6nVcHLIgY5pE2YCl8ubca1"
Dick (feat. Doja Cat),"StarBoi3, Doja Cat",,,Dick (feat. Doja Cat),2021-04-23,3nY8AqaMNNHHLYV4380ol0,Not specified,USRC12100749,71584402,"2WgfkM8S11vg4kxLgDY3F5, 5cj0lLjcoR7YOSnhnX0Po5"
Ramen & OJ,"Joyner Lucas, Lil Baby",,,Ramen & OJ,2021-04-30,4TIqzdAssasqx3DAe6cG9J,Twenty Nine Music Group,QZES92173120,17750627,"6C1ohJrd5VydigQtaGy5Wa, 5f7VJjfbwm532GiveGC0ZK"
Floating Through Space,"Sia, David Guetta","edm, dance",Electronic,Music (Songs From And Inspired By The Motion Picture),2021-02-12,0XwSUpdrF7nR7hVxbDs7mb,Monkey Puzzle/Atlantic,USAT22007180,709256,"5WUlDfRSoLAfcVSX1WnrxN, 1Cs0zKBU1kc0i8ypK3B9ai"
NEVER LEFT,Lil Tecca,"melodic rap, rap",Hip Hop,NEVER LEFT,2021-05-06,21UkXrc9kD48rNpTMI2ecz,Galactic / Republic Records,USUM72107053,32591051,4Ga1P7PMIsmqEZqhYZQgDo
Bipolar,"Mc Davi, Mc Pedrinho, Mc Don Juan, DJ 900","funk, funk consciente, brazilian funk, trap funk","Hip Hop, R&B, Latin, Electronic",Bipolar,2021-04-09,0qxLQ6opocOGyFnlXqJ53x,GR6 Music,BXG6R2100310,77030650,"1cYhx7ZOhYoVmnDPb9KMwo, 1etNnR2SdlelBQAICa2Q5m, 7Lmrb6KcIzfkmgbtokjsAL, 6Ovxg5WDcnSQc8iQXv0IvI"
i n t e r l u d e,J. Cole,rap,Hip Hop,i n t e r l u d e,2021-05-07,2gyYjQWXKxemhAyMPgctIx,"Dreamville, Inc., Under exclusive license to Roc Nation Records",QMJMT2103619,16857118,6l3HvQ5sa6mXTsMTB19rO5
Miss The Rage (feat. Playboi Carti),"Trippie Redd, Playboi Carti","melodic rap, rage rap",Hip Hop,Miss The Rage (feat. Playboi Carti),2021-05-07,2BITQ360Knh6qNAOqR7Dyq,1400 Entertainment / 10K Projects,QZJ842000983,115841228,"6Xgp2XMz1fhVYe7i6yNAax, 699OTQXzgjhIYAHMy9RyPD"
Higher Power,Coldplay,,,Higher Power,2021-05-07,0939D7aT18uBDS2MTjWzct,Parlophone UK,GBAYE2100379,38775672,4gzpq5DPGxSnKTe4SA8HAU
Run,OneRepublic,soft pop,Pop,Run,2021-05-05,2UbVnbE5FH6008mAm6Mmgw,Mosley Music/Interscope Records,USUM72004315,132701241,5Pwc4xIPtQLFEnJriah9YJ
What You Need,Don Toliver,,,What You Need,2021-05-04,6LcX2hBbXaJcK4AuefE936,Cactus Jack / WeRunIt Ent. / Atlantic,USAT22101243,3334660,4Gso3d4CscCijv0lmajZWs
Extasy,"187 Strassenbande, Bonez MC, Frauenarzt",german hip hop,Hip Hop,Extasy,2021-05-06,5OqIKA0ETzvxocl2IS7nV6,187 Strassenbande,DECE72102343,3956700,"2j2rh3oQh4QEUnNTDKYSJD, 1aS5tqEs9ci5P9KD9tZWa6, 38KSpOSYnwQX9zcOcVKdym"
2/Catorce,"Rauw Alejandro, Mr. Naisgai","reggaeton, urbano latino, trap latino, latin",Latin,2/Catorce,2021-02-14,71R8HJxQk5qMiRstrlXN9t,Sony Music Latin/Duars Entertainment,USSD12100059,85123914,"1mcTU81TzQhprhouKaTkpq, 37BIBvfliXJpSgn10yQUJM"
Tiempo,Ozuna,"reggaeton, latin, trap latino, urbano latino",Latin,Tiempo,2021-05-06,5H6SZcjJzBNsB2VzKW2Ivd,Aura Music Corp.,USXDR2100333,972677,1i8SpTcr7yvPOmcqrbnVXY
All I Know So Far,P!nk,,,All I Know So Far,2021-05-07,4LmN3eU1R1vVEdKuDELpGk,RCA Records Label,USRC12100608,920835,1KCSPY1glIKqW2TotWuXOR
Tipo Gin - Ao Vivo,MC Kevin o Chris,"funk, funk carioca, brazilian funk, brega funk","Hip Hop, Pop, R&B",Todo Mundo Ama O Chris (Ao Vivo),2021-04-09,4llr8mcoauwrHBtjGb7F9S,MC Kevin o Chris,BX5EU2100016,31516193,2UMj7NCbuqy1yUZmiSYGjJ
ELMAS,"Luciano, Lil Zey","german hip hop, turkish hip hop",Hip Hop,ELMAS,2021-05-06,37yAd2kwEI9axbB6UznrOQ,URBAN,DECE72102950,827929,"3CJKkU0XuElRT1z8rEtIYg, 7Gx2wDVHyW5HJh7dc2t5h7"
Me Fije,"Alex Rose, Rauw Alejandro","trap latino, reggaeton, urbano latino, latin",Latin,Me Fije,2021-03-18,6Et5KimMg3IXwD6lJPGmQw,WK Records,QM4TX2162142,13542782,"2DspEsT7UXGKd2VaaedgG4, 1mcTU81TzQhprhouKaTkpq"
Get Together,David Guetta,"edm, dance",Electronic,Get Together,2021-05-07,46W9QGI2bVjitikXmpHFgv,Parlophone (France),UKWLG2100066,790922,1Cs0zKBU1kc0i8ypK3B9ai
Poblado,"Crissin, Totoy El Frio, Natan & Shander","reggaeton, urbano latino",Latin,Poblado,2020-12-11,7xT1n5JKpB0bMPh6FL589e,Kapital Music & Entertainment,TCAFG2051514,55462023,"6VOoiigTiLVgsMQPP1JOdC, 5IYRfypwG9BDDh5ZRPI80z, 5OBK3iQwjNQqElPmn4TgAE"
One Day,Lovejoy,,,Are You Alright?,2021-05-08,0IUprcNjE2hDtlvY8rq2W9,Anvil Cat Records,QZHN62127816,2605323,33tFkBLsl6f8TjKkV0uF0C
Hot Sauce,NCT DREAM,k-pop,Pop,Hot Sauce - The 1st Album,2021-05-10,6B8MM3PVQtUbZLay7tP7er,SM Entertainment,KRA302100144,713188,1gBUSTR3TyDdTVFIaQnc02
a m a r i,J. Cole,rap,Hip Hop,The Off-Season,2021-05-14,2cnKST6T9qUo2i907lm8zX,"Dreamville, Inc., Under exclusive license to Roc Nation Records",QMJMT2103632,47491682,6l3HvQ5sa6mXTsMTB19rO5
m y . l i f e (with 21 Savage & Morray),"J. Cole, 21 Savage, Morray","rap, ",Hip Hop,The Off-Season,2021-05-14,1D3z6HTiQsNmZxjl7F7eoG,"Dreamville, Inc., Under exclusive license to Roc Nation Records",QMJMT2103634,68404912,"6l3HvQ5sa6mXTsMTB19rO5, 1URnnhqYAYcrqrcwql10ft, 44vREmJC0OlVZjZaGLqVEd"
p r i d e . i s . t h e . d e v i l (with Lil Baby),"J. Cole, Lil Baby","rap, ",Hip Hop,The Off-Season,2021-05-14,5W8jRrZ6tWrTrqnKRtIQBf,"Dreamville, Inc., Under exclusive license to Roc Nation Records",QMJMT2103642,64469181,"6l3HvQ5sa6mXTsMTB19rO5, 5f7VJjfbwm532GiveGC0ZK"
i n t e r l u d e,J. Cole,rap,Hip Hop,The Off-Season,2021-05-14,08LwMWf5Tcfsd752EPzFV0,"Dreamville, Inc., Under exclusive license to Roc Nation Records",QMJMT2103619,28850851,6l3HvQ5sa6mXTsMTB19rO5
a p p l y i n g . p r e s s u r e,J. Cole,rap,Hip Hop,The Off-Season,2021-05-14,1d7q712nXjG98HiwHk7HFS,"Dreamville, Inc., Under exclusive license to Roc Nation Records",QMJMT2103636,17754744,6l3HvQ5sa6mXTsMTB19rO5
1 0 0 . m i l ‘ (with Bas),"J. Cole, Bas","rap, ",Hip Hop,The Off-Season,2021-05-14,4n6NDfYake476trCjJRNl0,"Dreamville, Inc., Under exclusive license to Roc Nation Records",QMJMT2103640,16958251,"6l3HvQ5sa6mXTsMTB19rO5, 70gP6Ry4Uo0Yx6uzPIdaiJ"
p u n c h i n ‘ . t h e . c l o c k,J. Cole,rap,Hip Hop,The Off-Season,2021-05-14,57ZUX6TNyKLBydAdVVd02x,"Dreamville, Inc., Under exclusive license to Roc Nation Records",QMJMT2103638,14898600,6l3HvQ5sa6mXTsMTB19rO5
l e t . g o . m y . h a n d (with Bas & 6LACK),"J. Cole, Bas, 6LACK","rap, ",Hip Hop,The Off-Season,2021-05-14,0GAyuCo975IHGxxiLKDufB,"Dreamville, Inc., Under exclusive license to Roc Nation Records",QMJMT2103644,18783551,"6l3HvQ5sa6mXTsMTB19rO5, 70gP6Ry4Uo0Yx6uzPIdaiJ, 4IVAbR2w4JJNJDDRFP3E83"
good 4 u,Olivia Rodrigo,,,good 4 u,2021-05-14,6PERP62TejQjgHu81OHxgM,Olivia Rodrigo PS,USUG12101245,43029667,1McMsnEElThX1knmY4oliG
t h e . c l i m b . b a c k,J. Cole,rap,Hip Hop,The Off-Season,2021-05-14,5lLNBIyjp72btcnrjBG751,"Dreamville, Inc., Under exclusive license to Roc Nation Records",QMJMT2003122,13549075,6l3HvQ5sa6mXTsMTB19rO5
9 5 . s o u t h,J. Cole,rap,Hip Hop,The Off-Season,2021-05-14,5R691ipUYRDYW6ehapjoj6,"Dreamville, Inc., Under exclusive license to Roc Nation Records",QMJMT2103630,21135597,6l3HvQ5sa6mXTsMTB19rO5
9 5 . s o u t h,J. Cole,rap,Hip Hop,The Off-Season,2021-05-14,4GSBObGq3DuiKFlytKBbEw,"Dreamville, Inc., Under exclusive license to Roc Nation Records",QMJMT2103631,3502504,6l3HvQ5sa6mXTsMTB19rO5
h u n g e r . o n . h i l l s i d e (with Bas),"J. Cole, Bas","rap, ",Hip Hop,The Off-Season,2021-05-14,5BwQjRasNcdRPuVWKcHto2,"Dreamville, Inc., Under exclusive license to Roc Nation Records",QMJMT2103652,12456200,"6l3HvQ5sa6mXTsMTB19rO5, 70gP6Ry4Uo0Yx6uzPIdaiJ"
c l o s e,J. Cole,rap,Hip Hop,The Off-Season,2021-05-14,4YiY551vHi6glMtgVxuqAy,"Dreamville, Inc., Under exclusive license to Roc Nation Records",QMJMT2103650,10712648,6l3HvQ5sa6mXTsMTB19rO5
Seeing Green (with Drake & Lil Wayne),"Nicki Minaj, Drake, Lil Wayne","rap, hip hop",Hip Hop,Beam Me Up Scotty,2021-05-14,1TZv3bujNaYz646eezRE91,Republic Records,USUM72108068,15165983,"0hCNtLu0JehylgoiP8L4Gh, 3TVXtAsR1Inumwj472S9r4, 55Aa2cqylxrFIXC767Z865"
Straightenin,Migos,trap,Hip Hop,Straightenin,2021-05-14,3X2r2CnHOJeV5YekPTgBnK,Quality Control Music/Motown Records,USUG12100188,14332298,6oMuImdp5ZcFhWP0ESe6mG
"His & Hers (feat. Don Toliver, Lil Uzi Vert & Gunna)","Internet Money, Gunna, Don Toliver, Lil Uzi Vert",melodic rap,Hip Hop,"His & Hers (feat. Don Toliver, Lil Uzi Vert & Gunna)",2021-05-13,2IePEfMAtqWS6rLXXFZIgI,Internet Money / 10K Projects,QZJ842000873,25544225,"6MPCFvOQv5cIGfw3jODMF0, 2hlmm7s2ICUX0LVIhVFlZQ, 4Gso3d4CscCijv0lmajZWs, 4O15NlyKLIASxsJ0PrXPfz"
Fractions,Nicki Minaj,,,Beam Me Up Scotty,2021-05-14,28PeqNMnFfVQnXvXmyf88G,Republic Records,USUM72108062,1219634,0hCNtLu0JehylgoiP8L4Gh
We Are The People (feat. Bono & The Edge) - Official UEFA EURO 2020 Song,"Martin Garrix, Bono, The Edge","edm, electronica, progressive house, ",Electronic,We Are The People (feat. Bono & The Edge) [Official UEFA EURO 2020 Song],2021-05-13,2iL0W5qi0ivZ9WRXbZ74cS,Epic Amsterdam,NLM5S2101216,5610234,"60d24wfXkVzDSfLS6hyCjZ, 0m2Wc2gfNUWaAuBK7URPIJ, 1X8wFHJFucBUmBc7spQ4jP"
Electric - Pokemon 25 Version,Katy Perry,pop,Pop,Electric,2021-05-14,63eV5hreY9feQP2CmYavpj,Capitol Records,USUM72105194,984156,6jJ0s89eD6GaHleKKya26X
Itty Bitty Piggy,Nicki Minaj,,,Beam Me Up Scotty,2021-05-14,1uYxHHZBRliM9cNzCxq93g,Republic Records,USUM72108015,925185,0hCNtLu0JehylgoiP8L4Gh
Sal y Perrea,Sech,"reggaeton, urbano latino",Latin,42,2021-04-15,5u7twkeask1VIyDeNTElSU,Rich Music,QM9WM2100010,108123209,77ziqFxp5gaInVrF2lj4ht
Build a Bitch,Bella Poarch,,,Build a Bitch,2021-05-14,7BoobGhD4x5K96Me0hqC8Q,Warner Records,USWB12101016,199535779,26cMerAxjx9GedFt0lMDjm
Ich darf das,Shirin David,"german hip hop, german pop","Hip Hop, Pop",Ich darf das,2021-05-13,4txsSBdT4yVJtUj41YaQEB,Juicy Money Records,DECE72102935,2362687,0JBdTCGs111JKKYfLqOEBa
malibu,sangiovanni,,,sangiovanni,2021-05-13,01hEpx8jnOG4q7nDK14Rhi,Universal Music Italia srL. (Sugar),ITZ042100057,50456274,7dL0nOHwnSAsNAwpkPSGWP
Freaks,Surf Curse,indie,Rock,Freaks,2021-05-15,7EkWXAI1wn8Ii883ecd9xr,Surf Curse,USAT22102269,259465002,1gl0S9pS0Zw0qfa14rDD3D
Next Level,aespa,k-pop,Pop,Next Level,2021-05-17,2zrhoHlFKxFTRF5aMyxMoQ,SM Entertainment,KRA302100169,1548380,6YVMFz59CuY7ngCxTxjpxE
Ram Pam Pam,"NATTI NATASHA, Becky G","reggaeton, latin, urbano latino, bachata",Latin,Ram Pam Pam,2021-04-20,4DHDIdeayp8xvlyg22wREO,Sony Music Latin,USB272100106,91459204,"1GDbiv3spRmZ1XdM1jQbT7, 4obzFoKoKRHIphyHzJ35G3"
good 4 u,Olivia Rodrigo,,,SOUR,2021-05-21,4ZtFanR9U6ndgddUvNcjcG,Olivia Rodrigo PS,USUG12101245,1081261179,1McMsnEElThX1knmY4oliG
Butter,BTS,k-pop,Pop,Butter,2021-05-21,3VqeTFIvhxu3DIe4eZVzGq,BIGHIT MUSIC / HYBE,QM6MZ2156864,121839470,3Nrfpe0tUJi4K4DXYWgMUX
deja vu,Olivia Rodrigo,,,SOUR,2021-05-21,6HU7h9RYOaPRFeh0R3UeAr,Olivia Rodrigo PS,USUG12101240,509762926,1McMsnEElThX1knmY4oliG
drivers license,Olivia Rodrigo,,,SOUR,2021-05-21,5wANPM4fQCJwkGd4rN57mH,Olivia Rodrigo PS,USUG12004749,475118833,1McMsnEElThX1knmY4oliG
brutal,Olivia Rodrigo,,,SOUR,2021-05-21,6SRsiMl7w1USE4mFqrOhHC,Olivia Rodrigo PS,USUG12101242,222103863,1McMsnEElThX1knmY4oliG
traitor,Olivia Rodrigo,,,SOUR,2021-05-21,5CZ40GBx1sQ9agT82CLQCT,Olivia Rodrigo PS,USUG12101243,551439886,1McMsnEElThX1knmY4oliG
enough for you,Olivia Rodrigo,,,SOUR,2021-05-21,2TOzTqQXNmR2zDJXihjZ2e,Olivia Rodrigo PS,USUG12101246,132256066,1McMsnEElThX1knmY4oliG
"1 step forward, 3 steps back",Olivia Rodrigo,,,SOUR,2021-05-21,4wcBRRpIfesgcyUtis7PEg,Olivia Rodrigo PS,USUG12101244,109017878,1McMsnEElThX1knmY4oliG
happier,Olivia Rodrigo,,,SOUR,2021-05-21,2tGvwE8GcFKwNdAXMnlbfl,Olivia Rodrigo PS,USUG12101247,389902911,1McMsnEElThX1knmY4oliG
"jealousy, jealousy",Olivia Rodrigo,,,SOUR,2021-05-21,0MMyJUC3WNnFS1lit5pTjk,Olivia Rodrigo PS,USUG12101248,271771560,1McMsnEElThX1knmY4oliG
favorite crime,Olivia Rodrigo,,,SOUR,2021-05-21,5JCoSi02qi3jJeHdZXMmR8,Olivia Rodrigo PS,USUG12101249,320490267,1McMsnEElThX1knmY4oliG
hope ur ok,Olivia Rodrigo,,,SOUR,2021-05-21,1zejeOnykpCoyVSit6Bwp3,Olivia Rodrigo PS,USUG12101250,79464095,1McMsnEElThX1knmY4oliG
SUN GOES DOWN,Lil Nas X,,,SUN GOES DOWN,2021-05-21,34eF4BoV8FPk0uhAAoqU7h,Columbia,USSM12102220,28143705,7jVv8c5Fj3E9VhNjxT4snq
Butter (Instrumental),BTS,k-pop,Pop,Butter,2021-05-21,1e0Wxoraz9IzFhREDqgJAe,BIGHIT MUSIC / HYBE,QM6N22184974,8991821,3Nrfpe0tUJi4K4DXYWgMUX
GANG GANG (with Lil Wayne),"Polo G, Lil Wayne","rap, hip hop",Hip Hop,GANG GANG (with Lil Wayne),2021-05-21,4VW44pawoOHPUjlN7DX5vk,Columbia,USSM12102890,20309743,"6AgTAQt8XS6jRWi4sX7w49, 55Aa2cqylxrFIXC767Z865"
Heartbreak Anthem (with David Guetta & Little Mix),"Galantis, David Guetta, Little Mix","edm, dance, ",Electronic,Heartbreak Anthem (with David Guetta & Little Mix),2021-05-20,5K6Ssv4Z3zRvxt0P6EKUAP,Big Beat Records,USAT22102165,166126723,"4sTQVOfp9vEMCemLw50sbu, 1Cs0zKBU1kc0i8ypK3B9ai, 3e7awlrlDSwF3iM0WBjGMp"
Our Song,"Anne-Marie, Niall Horan",,,Our Song,2021-05-21,5zqObw7wjBgL9TDiAymxPn,Atlantic Records/Asylum,GBAHS2100222,43093377,"1zNqDE7qDGCsyzJwohVaoX, 1Hsdzj7Dlq2I7tHP7501T4"
Saturday,Twenty One Pilots,,,Scaled And Icy,2021-05-21,60dwJ8dnqZ4WrIdiu7LkNR,Fueled By Ramen,USAT22101332,5925677,3YQKmKGau1PzlVlkL1iodx
Shy Away,Twenty One Pilots,,,Scaled And Icy,2021-05-21,2nG54Y4a3sH9YpfxMolOyi,Fueled By Ramen,USAT22101330,6634722,3YQKmKGau1PzlVlkL1iodx
Cover Me In Sunshine,"P!nk, Willow Sage Hart",,,All I Know So Far: Setlist,2021-05-21,0UKUfxIkDAMZz7hMdiVX3m,RCA Records Label,USRC12100138,71060587,"1KCSPY1glIKqW2TotWuXOR, 0gAILSEru1PKMwP0tAqNLS"
Good Day,Twenty One Pilots,,,Scaled And Icy,2021-05-21,3uwYgNxFDfx1GoLB6tLoUn,Fueled By Ramen,USAT22101328,1214644,3YQKmKGau1PzlVlkL1iodx
Choker,Twenty One Pilots,,,Scaled And Icy,2021-05-21,732E6ibFkQR5lNIPEeiEnx,Fueled By Ramen,USAT22101329,2041591,3YQKmKGau1PzlVlkL1iodx
Boy With Luv (feat. Halsey),"BTS, Halsey","k-pop, ",Pop,MAP OF THE SOUL : PERSONA,2019-04-12,5KawlOMHjWeUjQtnuRs22c,BIGHIT MUSIC / HYBE,QM6MZ1917908,11840043,"3Nrfpe0tUJi4K4DXYWgMUX, 26VFTg2z8YR0cCuwLzESi2"
The Outside,Twenty One Pilots,,,Scaled And Icy,2021-05-21,0yzj6eBs5a6X6d3P5qaQ5J,Fueled By Ramen,USAT22101331,1923990,3YQKmKGau1PzlVlkL1iodx
Mask,Dream,,,Mask,2021-05-21,3IxMaULfjq4IT2IN6v54PB,Dream Music,QZHN72119462,2701405,6LArUyIoMiHmDvvOAsE2cd
Never Take It,Twenty One Pilots,,,Scaled And Icy,2021-05-21,1edgaGx2x2AQeWtL2OPEMW,Fueled By Ramen,USAT22101333,987424,3YQKmKGau1PzlVlkL1iodx
Mulberry Street,Twenty One Pilots,,,Scaled And Icy,2021-05-21,19kX6hSlYH31js2SL4jgrj,Fueled By Ramen,USAT22101334,979172,3YQKmKGau1PzlVlkL1iodx
No Chances,Twenty One Pilots,,,Scaled And Icy,2021-05-21,2OdfQjIJlomZFUBTEDKMre,Fueled By Ramen,USAT22101337,948716,3YQKmKGau1PzlVlkL1iodx
Todo De Ti,Rauw Alejandro,"reggaeton, urbano latino, trap latino, latin",Latin,Todo De Ti,2021-05-20,4fSIb4hdOQ151TILNsSEaF,Sony Music Latin/Duars Entertainment,USSD12100202,188282254,1mcTU81TzQhprhouKaTkpq
Formidable,Twenty One Pilots,,,Scaled And Icy,2021-05-21,2jfyY5GIc7wsYVIrCnjblC,Fueled By Ramen,USAT22101335,934596,3YQKmKGau1PzlVlkL1iodx
Telepathy,BTS,k-pop,Pop,BE,2020-11-20,2FVpOsjT1iquZ3SpCjZ9Ne,BIGHIT MUSIC / HYBE,QMFME2038760,929584,3Nrfpe0tUJi4K4DXYWgMUX
Redecorate,Twenty One Pilots,,,Scaled And Icy,2021-05-21,2XPmTamsj7d9i3gzLCL4JI,Fueled By Ramen,USAT22101338,900075,3YQKmKGau1PzlVlkL1iodx
Bounce Man,Twenty One Pilots,,,Scaled And Icy,2021-05-21,2GkmE8BrD00ngyjs2PT9Fp,Fueled By Ramen,USAT22101336,885774,3YQKmKGau1PzlVlkL1iodx
Vielen Dank,"187 Strassenbande, Bonez MC, Maxwell, LX, Sa4",german hip hop,Hip Hop,Vielen Dank,2021-05-20,4xN9cgMVhYyhnugUFZdhcZ,187 Strassenbande,DECE72103182,812090,"2j2rh3oQh4QEUnNTDKYSJD, 1aS5tqEs9ci5P9KD9tZWa6, 0b62itBWBdLgiecXjXCqKC, 10XY9PZCJKzUFzZOdtlQLU, 5qZLYtTL3ldN6Uw7OXHESR"
ZITTI E BUONI,Måneskin,,,Teatro d'ira - Vol. I,2021-03-19,776AftMmFFAWUIEAb3lHhw,RCA Records Label,ITB002100112,170423257,0lAWpj5szCSwM4rUMHYmrr
Voilà,Barbara Pravi,"chanson, french pop","Easy listening, Pop",Voilà,2020-11-06,1uAOCTevGnyKIDbgZdOCnE,Universal Music Division Virgin Music,FRUM72001645,7066579,3L4wiBOSDLkJ18OISXZDA8
Dark Side,Blind Channel,,,Dark Side,2021-01-21,6A8B1kJ9ZNHbl2uFPN6Wtm,WM Finland,FIRAN2100001,6130561,3L58J6a7f0jyy2p6f3MSAs
SHUM,Go_A,,,SHUM,2021-03-10,7mEDVrAHDnQJStDo8jKJJm,ROCKSOULANA MUSIC,QM4TX2159313,7220906,4kvCU3MzggM2piZCqvxj0x
Tout l'univers,Gjon's Tears,,,Tout l'univers,2021-03-10,3MvY2XbGYFi6p2dgmdcOYG,Jo & Co,FR7S02100060,3748162,0RIwEP1SaALlxn9jOVqHfA
10 Years,Daði Freyr,,,10 Years,2021-03-13,4O0LQKVT6hGmVGNwizmydg,Samlist,GBKPL2144231,3642732,3Hb64DQZIhDCgyHKrzBXOL
El Diablo,Elena Tsagrinou,,,El Diablo,2021-05-12,5qqQgao22OUr6rx3y0TPIe,Panik Records,GRPA12100050,2512480,4TgsxeFPNtkZ5lneq9AceU
Je me casse,Destiny,,,Je me casse,2021-03-30,559RWsQqSe4fNUffI9P7mW,JAGGED HOUSE,MTAO82100010,854971,1D6ueetjwqW491iboMI3NT
Discoteque,THE ROOP,,,Discoteque,2021-01-21,7dMOzsTZOUtOF7W5kLN0gf,WM Finland,FIWMA2100003,842722,34G31kGbSQmemVlI0G784o
Voices,Tusse,,,Voices,2021-02-27,5zxZ7M4RgWZUHlMEwac8vt,Universal Music AB,SEUM72001633,781736,1BwDWgdDJe3TJXLZkBkpsI
Mata Hari,Efendi,,,Mata Hari,2021-03-15,3wuvVwA5RaifHz1uqKac8P,BMF Records,AZA012100001,771763,4oe1qp9xGSFxMYH4X9AXtl
I WANNA BE YOUR SLAVE,Måneskin,,,Teatro d'ira - Vol. I,2021-03-19,4pt5fDVTg5GhEvEtlz9dKk,RCA Records Label,ITB002100115,489111513,0lAWpj5szCSwM4rUMHYmrr
CORALINE,Måneskin,,,Teatro d'ira - Vol. I,2021-03-19,7HMz8o0m7ASQ3ImFPfhWTY,RCA Records Label,ITB002100113,16014819,0lAWpj5szCSwM4rUMHYmrr
Astronaut In The Ocean,Masked Wolf,,,Astronaut In The Ocean (International Remixes),2019-01-01,0BGwAKW4u8kWOhWFflZxfl,Elektra (NEK),USAT22100017,225065144,1uU7g3DNSbsu0QjSEqZtEd
Qué Más Pues?,"J Balvin, Maria Becerra","reggaeton, latin, argentine trap","Hip Hop, Latin",Qué Más Pues?,2021-05-28,6hf0RpxTbOprT5nnwzkk8e,"Sueños Globales, LLC",QZM5U2100064,297338495,"1vyhD5VmyZ7KMfW5gqLgo5, 1DxLCyH42yaHKGK3cl5bvG"
734,Juice WRLD,"melodic rap, emo rap",Hip Hop,Goodbye & Good Riddance (Anniversary Edition),2021-05-28,6vB8bdQCCTDDIH8fhRfuXA,Grade A Productions/Interscope Records,USUG12100799,3616113,4MCBfE4596Uoi2O4DtmEMz
100 MILLONES,"Bad Bunny, Luar La L","reggaeton, trap latino, latin, urbano latino",Latin,100 MILLONES,2021-05-28,4Ixc50wY5pbUvNEogTQ2wL,Rimas Entertainment LLC,QM6P42150794,1129860,"4q3ewBCX7sLwd24euuV69X, 4axKuDPr6WKcDCyh8vueTY"
Tell Em,"Cochise, $NOT","rage rap, ",Hip Hop,Tell Em,2021-05-28,7nc7mlSdWYeFom84zZ8Wr8,Columbia,USSM12103018,70775896,"46HzS7yz0c9udVwtbHk1sx, 5IbEL2xjRtKsunfmsahLuO"
Leave Before You Love Me (with Jonas Brothers),"Marshmello, Jonas Brothers","edm, ",Electronic,Leave Before You Love Me,2021-05-21,4qu63nuBpdn0qHUHuObEj1,Republic Records,USUG12102313,222190439,"64KEffDW9EtZ1y2vBYgq8T, 7gOdHgIoIKoe4i9Tta6qdD"
Rosenkrieg,"Loredana, Mozzik",german hip hop,Hip Hop,Rosenkrieg,2021-05-28,6DiaHETMcKdX7FwuGXwp1O,Loredana,DEQ022103483,925801,"2Im8m4STDBosjfmb5hmP80, 1pkDzgHvVqC17qYGKfLPpb"
Shine Your Light (feat. Akon),"Master KG, David Guetta, Akon","amapiano, gqom, afrobeats, edm, dance, ","R&B, Electronic, Traditional music",Shine Your Light (feat. Akon),2021-05-28,2ttfqpA40dpzzz9QhxnFCv,Elektra France,ZA82Y2100043,816193,"523y9KSneKh6APd1hKxLuF, 1Cs0zKBU1kc0i8ypK3B9ai, 0z4gvV4rjIZ9wHck67ucSV"
Baby Me Atende,"Matheus Fernandes, Dilsinho","piseiro, sertanejo, pagode, forró, arrocha, samba","Country, Latin",Baby Me Atende,2021-02-26,5R9KPXQVeyqsHZoPLMgfNy,Som Livre,BRWNV2100001,17233367,"37mqXU98U5GmH5ZDtlHM1c, 4NUePmzDvCYqilXBFa91Hg"
Killer (feat. Jack Harlow & Cordae) - Remix,"Eminem, Jack Harlow, Cordae","rap, hip hop, ",Hip Hop,Killer (feat. Jack Harlow & Cordae) [Remix],2021-05-28,7zl7kehxesNEo2pYkKXTSe,Shady/Aftermath/Interscope Records,USUG12100047,3524254,"7dGJo4pcD2V6oG8kP0tJRR, 2LIk90788K0zvyj2JJVwkJ, 0huGjMyP507tBCARyzSkrv"
0X1=LOVESONG (I Know I Love You) feat. Seori,"TOMORROW X TOGETHER, Seori","k-pop, ",Pop,The Chaos Chapter: FREEZE,2021-05-31,1Z8TPHiKeCUyClxV6WTTIf,Republic Records - TXT,USA2P2108442,1048823,"0ghlgldX5Dd6720Q3qFyQB, 2bWTIIQP9zaVc55RaMGu7e"
Anti-Romantic,TOMORROW X TOGETHER,k-pop,Pop,The Chaos Chapter: FREEZE,2021-05-31,44tTqUi3xi7E28QLzHVdUA,Republic Records - TXT,USA2P2108441,859051,0ghlgldX5Dd6720Q3qFyQB
0X1=LOVESONG (I Know I Love you),"TOMORROW X TOGETHER, Seori","k-pop, ",Pop,The Chaos Chapter: FREEZE,2021-05-31,3yTkoTuiKRGL2VAlQd7xsC,Universal Music LLC,USA2P2108442,9311385,"0ghlgldX5Dd6720Q3qFyQB, 2bWTIIQP9zaVc55RaMGu7e"
Anti-Romantic,TOMORROW X TOGETHER,k-pop,Pop,The Chaos Chapter: FREEZE,2021-05-31,6Aw4ogv0H5cbKfHDqIyruw,Universal Music LLC,USA2P2108441,816030,0ghlgldX5Dd6720Q3qFyQB
Beggin',Måneskin,,,Chosen,2017-12-08,3Wrjm47oTz2sjIgck11l5e,RCA Records Label,ITB001700846,815775334,0lAWpj5szCSwM4rUMHYmrr
Lost Cause,Billie Eilish,,,Lost Cause,2021-06-02,2xdwCJLfKCkat14mlgR26M,Darkroom/Interscope Records,USUM72105929,75875512,6qqNVTkY8uBg9cP3Jd7DAH
Iko Iko (My Bestie),"Justin Wellington, Small Jam","reggae, roots reggae",R&B,Iko Iko (My Bestie),2019-06-03,7MC4XR9M9amdmKQr2iDF7i,RCA Records Label,QZFYX1950028,91802654,"5lTjv8Ag00qHSGhvK4JbeF, 6c8akjSeJQw2NYemV6qVT8"
Butter (Hotter Remix),BTS,k-pop,Pop,Butter (Hotter Remix),2021-05-28,38ZffdGref7ax4nX1JUDYT,BIGHIT MUSIC / HYBE,QM6P42115677,1010235,3Nrfpe0tUJi4K4DXYWgMUX
t r a n s p a r e n t s o u l feat. Travis Barker,"WILLOW, Travis Barker",rap rock,Rock,t r a n s p a r e n t s o u l feat. Travis Barker,2021-04-27,1QL7nSDZCwZMnbisV4KOXt,"MSFTSMusic / Roc Nation Records, LLC",QMJMT2103571,51083223,"3rWZHrfrsPBxVy692yAIxF, 4exLIFE8sISLr28sqG1qNX"
Yonaguni,Bad Bunny,"reggaeton, trap latino, latin, urbano latino",Latin,Yonaguni,2021-06-04,2JPLbjOn0wPCngEot2STUS,Rimas Entertainment LLC,QM6P42169803,620397451,4q3ewBCX7sLwd24euuV69X
Voice of the Heroes,"Lil Baby, Lil Durk",drill,Hip Hop,The Voice of the Heroes,2021-06-04,3E3pb3qH11iny6TFDJvsg5,Quality Control Music/Alamo Records/Motown Records,USUG12101598,4296558,"5f7VJjfbwm532GiveGC0ZK, 3hcs9uc56yIGFCSy9leWe7"
Last Train Home,John Mayer,singer-songwriter,Folk/Acoustic,Last Train Home,2021-06-04,1fzf9Aad4y1RWrmwosAK5y,Columbia,USSM12101687,6439718,0hEurMDQu99nJRq8pTxO14
By Your Side (feat. Tom Grennan),"Calvin Harris, Tom Grennan","edm, ",Electronic,By Your Side (feat. Tom Grennan),2021-06-04,0vR2rIVORmgeKiGIgNT0fV,Columbia,GBARL2100439,64538029,"7CajNmpbOovFoOoasH2HaY, 5SHxzwjek1Pipl1Yk11UHv"
late at night,Roddy Ricch,melodic rap,Hip Hop,late at night,2021-06-04,1fxYz1s15pyZLsJT0Hdh1m,Atlantic Records,USAT22102236,50750729,757aE44tKEUQEqRuT6GnEB
Hats Off (feat. Travis Scott),"Lil Baby, Lil Durk, Travis Scott","drill, rap",Hip Hop,The Voice of the Heroes,2021-06-04,4lUmnwRybYH7mMzf16xB0y,Quality Control Music/Alamo Records/Motown Records,USUG12101600,7324233,"5f7VJjfbwm532GiveGC0ZK, 3hcs9uc56yIGFCSy9leWe7, 0Y5tJX1MQlPlqiwlOH1tJY"
2040,"Lil Baby, Lil Durk",drill,Hip Hop,The Voice of the Heroes,2021-06-04,2ELp0EL65yitpfJYwc5983,Quality Control Music/Alamo Records/Motown Records,USUG12101599,962177,"5f7VJjfbwm532GiveGC0ZK, 3hcs9uc56yIGFCSy9leWe7"
u love u (with Tate McRae),"blackbear, Tate McRae",,,u love u (with Tate McRae),2021-06-04,1xBQDoxqFyloelbnfju8na,Beartrap/ Alamo/ Interscope Records,USUG12102378,933635,"2cFrymmkijnjDg9SS92EPM, 45dkTj5sMRSjrmBSBeiHym"
Who I Want,"Lil Baby, Lil Durk",drill,Hip Hop,The Voice of the Heroes,2021-06-04,3vJKLsUYcC7mARUTOMUPaJ,Quality Control Music/Alamo Records/Motown Records,USUG12101601,864303,"5f7VJjfbwm532GiveGC0ZK, 3hcs9uc56yIGFCSy9leWe7"
Still Runnin (feat. Meek Mill),"Lil Baby, Lil Durk, Meek Mill","drill, rap",Hip Hop,The Voice of the Heroes,2021-06-04,5cAN3P7jWVf78gev1eF7TJ,Quality Control Music/Alamo Records/Motown Records,USUG12101604,819266,"5f7VJjfbwm532GiveGC0ZK, 3hcs9uc56yIGFCSy9leWe7, 20sxb77xiYeusSH8cVdatc"
Troca,Jorge & Mateus,"sertanejo, sertanejo universitário, arrocha, agronejo","Country, Latin",Tudo Em Paz,2021-04-22,6HV630GY0GT3RN2efFRmbP,Som Livre,BRRGE2102171,13242862,1elUiq4X7pxej6FRlrEzjM
As the World Caves In,Matt Maltese,,,As the World Caves In,2017-03-06,4JE6agBLHGA5TaF6FlqfBD,Cafe Bleu Recordings,GBAHS1700229,3822529,12j6dJrPXanCBwY599pZxf
Don't fight the feeling,EXO,k-pop,Pop,DON'T FIGHT THE FEELING - Special Album,2021-06-07,42fR3oINF3KfXCDtheoNiY,SM Entertainment,KRA302100186,1744527,3cjEqqelV9zb4BYE3qDQ4O
Petrouchka (feat. PLK),"Soso Maness, PLK",pop urbaine,Hip Hop,Avec le temps,2021-06-04,03y045SZqaC94yfXl1cU4E,RCA Group,FR9W12041647,16974759,"0oeiA5U9u1U45Gos5cywUU, 3DCWeG2J1fZeu0Oe6i5Q6m"
Loco,"Justin Quiles, Chimbala, Zion & Lennox","reggaeton, dembow, latin",Latin,Loco,2021-05-13,6PDlkWmrq2ZKiUuFt2aQsH,WEA Latina,USWL12100223,77180059,"14zUHaJZo1mnYtn6IBRaRP, 4VVEpEhC8NcR7AqNEds42U, 21451j1KhjAiaYKflxBjr1"
Butter,BTS,k-pop,Pop,"Butter (Hotter, Sweeter, Cooler)",2021-06-04,2bgTY4UwhfBYhGT4HUYStN,BIGHIT MUSIC / HYBE,QM6MZ2156864,415111534,3Nrfpe0tUJi4K4DXYWgMUX
Alcohol-Free,TWICE,k-pop,Pop,Alcohol-Free,2021-06-09,6HTwoo4dUOvePNqMsTarPA,Republic Records - TWICE,US5TA2100022,968951,7n2Ycct7Beij7Dj7meI4X0
Dinero,Trinidad Cardona,,,Dinero,2018-02-02,3ggtU1ZOKO8ZNiqPNyXGcm,Run It Up Records/Island,USUM71800195,104791759,4wP1kxjUsc9IR4Iy2smL7o
Alcohol-Free,TWICE,k-pop,Pop,Alcohol-Free,2021-06-09,3iPbmpKBMflYd7UjdYftoj,WM Japan,US5TA2100022,33607656,7n2Ycct7Beij7Dj7meI4X0
"Eladio Carrion: Bzrp Music Sessions, Vol. 40","Bizarrap, Eladio Carrion","argentine trap, trap latino, urbano latino, trap","Hip Hop, Latin","Eladio Carrion: Bzrp Music Sessions, Vol. 40",2021-06-09,1VauUM5CBX7nkLcgafQL2B,DALE PLAY Records,UYB282101016,19765540,"716NhGYqD1jl2wI1Qkgq36, 5XJDexmWFLWOkjOEjOVX3e"
Solar Power,Lorde,,,Solar Power,2021-06-10,3KdoeNlEN0BoAKWzaRLNZa,Universal Music New Zealand Limited,NZUM72100178,37472676,163tK9Wjr9P9DmM0AVK7lm
RAPSTAR,Polo G,,,Hall of Fame,2021-06-11,18vXApRmJSgQ6wG2ll9AOg,Columbia,USSM12101640,252828718,6AgTAQt8XS6jRWi4sX7w49
Having Our Way (feat. Drake),"Migos, Drake","trap, rap, hip hop",Hip Hop,Culture III,2021-06-11,2NM0qHzx4Ohy8iXHEEgwlO,Quality Control Music/Motown Records,USUG12101672,23017372,"6oMuImdp5ZcFhWP0ESe6mG, 3TVXtAsR1Inumwj472S9r4"
No Return (with The Kid LAROI & Lil Durk),"Polo G, The Kid LAROI, Lil Durk",drill,Hip Hop,Hall of Fame,2021-06-11,23OYT3SFtoJqhiAUqktbc1,Columbia,USSM12103058,13516398,"6AgTAQt8XS6jRWi4sX7w49, 2tIP7SsRs7vjIcLrU85W8J, 3hcs9uc56yIGFCSy9leWe7"
Need to Know,Doja Cat,,,Need to Know,2021-06-11,10hcDov7xmcRviA8jLwEaI,Kemosabe Records/RCA Records,USRC12101120,21792275,5cj0lLjcoR7YOSnhnX0Po5
Beautiful Mistakes (feat. Megan Thee Stallion),"Maroon 5, Megan Thee Stallion","pop, ",Pop,JORDI (Deluxe),2021-06-11,5zFglKYiknIxks8geR8rcL,Interscope Records*,USUM72103449,147964561,"04gDigrS5kc9YWfZHwBETP, 181bsRPaVXVlUKXrxwZfHK"
Avalanche,Migos,trap,Hip Hop,Culture III,2021-06-11,4KD0lLJ4OGonZhBeKtct9I,Quality Control Music/Motown Records,USUG12101634,4480048,6oMuImdp5ZcFhWP0ESe6mG
Black Hearted,Polo G,,,Hall of Fame,2021-06-11,25qk9xa71F1POdI4vj7rbi,Columbia,USSM12103061,5694683,6AgTAQt8XS6jRWi4sX7w49
Straightenin,Migos,trap,Hip Hop,Culture III,2021-06-11,15EH2glphTjcarRjAsc0EB,Quality Control Music/Motown Records,USUG12100188,9863008,6oMuImdp5ZcFhWP0ESe6mG
Painting Pictures,Polo G,,,Hall of Fame,2021-06-11,25uBGaikHi0DhMiGMfuXYE,Columbia,USSM12103057,2430471,6AgTAQt8XS6jRWi4sX7w49
GANG GANG (with Lil Wayne),"Polo G, Lil Wayne","rap, hip hop",Hip Hop,Hall of Fame,2021-06-11,0ezwvY7TkCwDEkKR49084k,Columbia,USSM12102890,8290028,"6AgTAQt8XS6jRWi4sX7w49, 55Aa2cqylxrFIXC767Z865"
Malibu (feat. Polo G),"Migos, Polo G","trap, ",Hip Hop,Culture III,2021-06-11,3v1zVVdzNVNt7vmI9VG2gq,Quality Control Music/Motown Records,USUG12101678,3183950,"6oMuImdp5ZcFhWP0ESe6mG, 6AgTAQt8XS6jRWi4sX7w49"
Toxic,Polo G,,,Hall of Fame,2021-06-11,3h3NKhcfHkr6GvEpC3FRI5,Columbia,USSM12103059,2277724,6AgTAQt8XS6jRWi4sX7w49
Thot Shit,Megan Thee Stallion,,,Thot Shit,2021-06-11,5zNW5ARjYhJQJz1AChP33n,300 Entertainment,QMCE32100339,104661215,181bsRPaVXVlUKXrxwZfHK
Lost,Maroon 5,pop,Pop,JORDI (Deluxe),2021-06-11,18XlJEroUwFo0tLZxscgXE,Interscope Records*,USUM72106314,6410263,04gDigrS5kc9YWfZHwBETP
Clueless (with Pop Smoke & Fivio Foreign),"Polo G, Pop Smoke, Fivio Foreign","brooklyn drill, drill, new york drill, uk drill","Hip Hop, Pop",Hall of Fame,2021-06-11,4CPcZHzSvIBM8AKhdHUwnL,Columbia,USSM12103071,2966082,"6AgTAQt8XS6jRWi4sX7w49, 0eDvMgVFoNV3TpwtrVCoTj, 14CHVeJGrR5xgUGQFV5BVM"
Modern Day,Migos,trap,Hip Hop,Culture III,2021-06-11,2Igem6Q4sfvXGJ3JkG7Baw,Quality Control Music/Motown Records,USUG12101596,2162395,6oMuImdp5ZcFhWP0ESe6mG
Antisocial (feat. Juice WRLD),"Migos, Juice WRLD","trap, melodic rap, emo rap",Hip Hop,Culture III,2021-06-11,3lakLxKgelrvKBTyGwDXhX,Quality Control Music/Motown Records,USUG12102587,2048033,"6oMuImdp5ZcFhWP0ESe6mG, 4MCBfE4596Uoi2O4DtmEMz"
Light It Up (feat. Pop Smoke),"Migos, Pop Smoke","trap, brooklyn drill, drill, new york drill",Hip Hop,Culture III,2021-06-11,5rIjbX7rQMj8Gh9Oxd4Vrc,Quality Control Music/Motown Records,USUG12102602,2056287,"6oMuImdp5ZcFhWP0ESe6mG, 0eDvMgVFoNV3TpwtrVCoTj"
Type Shit (feat. Cardi B),"Migos, Cardi B","trap, ",Hip Hop,Culture III,2021-06-11,4N4wemxs9Em6nJ5kXTjEsS,Quality Control Music/Motown Records,USUG12101675,1243104,"6oMuImdp5ZcFhWP0ESe6mG, 4kYSro6naA4h99UJvo89HB"
Boom,Polo G,,,Hall of Fame,2021-06-11,6vQnpXl0KvwTfLpIhoOLHc,Columbia,USSM12103060,1180169,6AgTAQt8XS6jRWi4sX7w49
Party Lyfe (with DaBaby),"Polo G, DaBaby",,,Hall of Fame,2021-06-11,38Z8SRBxln5pP7yWLqRYwC,Columbia,USSM12103066,1965971,"6AgTAQt8XS6jRWi4sX7w49, 4r63FhuTkUYltbVAg5TQnk"
Picasso (feat. Future),"Migos, Future","trap, rap",Hip Hop,Culture III,2021-06-11,2kPlWEOm2tQlaZRE01IbBQ,Quality Control Music/Motown Records,USUG12101687,1165494,"6oMuImdp5ZcFhWP0ESe6mG, 1RyvyyTE3xzB2ZywiAwp0i"
Birthday,Migos,trap,Hip Hop,Culture III,2021-06-11,7tt5I7ztXfKzZRqyL2FCYb,Quality Control Music/Motown Records,USUG12101681,1127430,6oMuImdp5ZcFhWP0ESe6mG
Vaccine,Migos,trap,Hip Hop,Culture III,2021-06-11,5Qs6gTnyrG0KGYbuCzoK5k,Quality Control Music/Motown Records,USUG12101684,1112155,6oMuImdp5ZcFhWP0ESe6mG
Epidemic,Polo G,,,Hall of Fame,2021-06-11,1SjBcdzWbs79UTCrH4qXJf,Columbia,USSM12005752,1097369,6AgTAQt8XS6jRWi4sX7w49
Memories,Maroon 5,pop,Pop,JORDI (Deluxe),2021-06-11,4cktbXiXOapiLBMprHFErI,Interscope Records*,USUM71913350,139777995,04gDigrS5kc9YWfZHwBETP
Heart of a Giant (with Rod Wave),"Polo G, Rod Wave",,,Hall of Fame,2021-06-11,6Q7Tv7ZxmoOokvuPchcaO1,Columbia,USSM12103064,1061704,"6AgTAQt8XS6jRWi4sX7w49, 45TgXXqMDdF8BkjA83OM7z"
Broken Guitars (with Scorey),"Polo G, Scorey",melodic rap,Hip Hop,Hall of Fame,2021-06-11,4QSehYD2iCp1L3l4B3QNv0,Columbia,USSM12103062,1055330,"6AgTAQt8XS6jRWi4sX7w49, 0X3nsc84A9qlFilmlWNwQb"
Jane,Migos,trap,Hip Hop,Culture III,2021-06-11,7g43YzKWtb1NMRcwD896ww,Quality Control Music/Motown Records,USUG12102584,1834714,6oMuImdp5ZcFhWP0ESe6mG
Go Part 1 (with G Herbo),"Polo G, G Herbo",drill,Hip Hop,Hall of Fame,2021-06-11,1EnWTwagv0XR5OJ51WMdzj,Columbia,USSM12103063,1033891,"6AgTAQt8XS6jRWi4sX7w49, 5QdEbQJ3ylBnc3gsIASAT5"
Fame & Riches (with Roddy Ricch),"Polo G, Roddy Ricch",melodic rap,Hip Hop,Hall of Fame,2021-06-11,7oPHGO39MQVukHZjdz4b9S,Columbia,USSM12103069,986670,"6AgTAQt8XS6jRWi4sX7w49, 757aE44tKEUQEqRuT6GnEB"
What You See (feat. Justin Bieber),"Migos, Justin Bieber","trap, ",Hip Hop,Culture III,2021-06-11,58H8cWvvaFLFg2g7SdOO44,Quality Control Music/Motown Records,USUG12102581,973161,"6oMuImdp5ZcFhWP0ESe6mG, 1uNFoZAHBGtllmzznpCI3s"
Bloody Canvas,Polo G,,,Hall of Fame,2021-06-11,7Cj3tnMCpXpHgE8CIISbGq,Columbia,USSM12103072,954292,6AgTAQt8XS6jRWi4sX7w49
So Real,Polo G,,,Hall of Fame,2021-06-11,0NvHg9fiix03UG7hdYx6DI,Columbia,USSM12103068,937452,6AgTAQt8XS6jRWi4sX7w49
For the Love of New York (with Nicki Minaj),"Polo G, Nicki Minaj",,,Hall of Fame,2021-06-11,09b7tlISM5nQic0l2Qv9lP,Columbia,USSM12103070,922494,"6AgTAQt8XS6jRWi4sX7w49, 0hCNtLu0JehylgoiP8L4Gh"
Zooted Freestyle,Polo G,,,Hall of Fame,2021-06-11,43Ykyd3WD3tfaFDhunMZHp,Columbia,USSM12103065,910970,6AgTAQt8XS6jRWi4sX7w49
Losses (with Young Thug),"Polo G, Young Thug","rap, melodic rap, trap",Hip Hop,Hall of Fame,2021-06-11,0f6U1lMWlbjnyYBctfjji1,Columbia,USSM12103067,910896,"6AgTAQt8XS6jRWi4sX7w49, 50co4Is1HCEo8bhOyUWKpn"
Roadrunner,Migos,trap,Hip Hop,Culture III,2021-06-11,5DxA8tzKieKkOrvKnCrADi,Quality Control Music/Motown Records,USUG12101690,894969,6oMuImdp5ZcFhWP0ESe6mG
Sweet Dreams,"Alan Walker, Imanbek",slap house,Electronic,Sweet Dreams,2021-06-11,4uDhts78RdwIDjEqPrYVKp,Kreatell Music,NOG842104010,866739,"7vk5e3vY1uw9plTHJAMwjN, 5rGrDvrLOV2VV8SCFVGWlj"
MILLE – feat. Orietta Berti,"Fedez, Achille Lauro, Orietta Berti","italian trap, ",Hip Hop,MILLE – feat. Orietta Berti,2021-06-11,6qdMhG7pRFi0csRlFGvLE4,Columbia,ITB002100421,16051582,"3pgCLfNbw5ozIfoNsvDU7i, 0lI3rF4hi4op6UxqlLHPzv, 6W7O7oseXcbYLoiarQrpOw"
Faz Amor Comigo Só Hoje - Ao Vivo,"Israel & Rodolffo, Wesley Safadão","sertanejo, sertanejo universitário, piseiro, agronejo, arrocha, forró","Country, Latin",Faz Amor Comigo Só Hoje (Ao Vivo),2021-05-26,7Kba4OaxQFQ1zlknQUpNqN,Som Livre,BRRGE2102237,18594528,"41QLxRXlc2NwfJZkHGHKid, 1AL2GKpmRrKXkYIcASuRFa"
Summer,Calvin Harris,edm,Electronic,Motion,2014-10-31,6YUTL4dYpB9xZO5qExPf05,Columbia,GBARL1400296,683057,7CajNmpbOovFoOoasH2HaY
Welcome to the Internet,Bo Burnham,comedy,Country,Inside (The Songs),2021-06-10,25AvaE23MXl06YRtQcQoJS,Bo Burnham,USA2P2122073,3489320,2Waw2sSbqvAwK8NwACNjVo
Fiel - Remix,"Wisin, JHAYCO, Anuel AA, Los Legendarios, Myke Towers","reggaeton, latin, trap latino, urbano latino",Latin,Fiel (Remix),2021-06-15,43qcs9NpJhDxtG91zxFkj7,La Base Music Group/ WK Records,QM7282185404,133776739,"3E6xrwgnVfYCrCs0ePERDz, 6nVcHLIgY5pE2YCl8ubca1, 2R21vXR83lH98kGeO99Y66, 0n6sKrG0xKAf8xmdqeNGke, 7iK8PXO48WeuP03g8YR51W"
LUMBERJACK,Tyler The Creator,,,LUMBERJACK,2021-06-16,64v1g2HcPumBz2Wd1rT56b,Columbia,USQX92102133,9823396,4V8LLVI7PbaPR0K2TGSxFF
Ramenez la coupe à la maison,Vegedream,"pop urbaine, shatta","Hip Hop, Latin",Marchand de sable,2018-07-20,1m0UFnuTktOkksvjbF9z0m,Universal Music Division Island Def Jam,UKGD81800015,48064372,4eYnorQRhVHT2KBl2UyHHd
Holiday,KSI,,,Holiday,2021-06-18,6nV2dFZXpv1JlqDWBeTXRl,BMG Rights Management (US) LLC,QMRSZ2101354,21130467,1nzgtKYFckznkcVMR3Gg4z
Ball If I Want To,DaBaby,,,Ball If I Want To,2021-06-18,0cu0rhnlCnJ7JIeHRiLpj3,South Coast Music Group/Interscope Records,USUM72109804,32543505,4r63FhuTkUYltbVAg5TQnk
working,"Tate McRae, Khalid",,,working,2021-06-17,31sSFHIe4NaxltVFOEIcTa,RCA Records Label,USRC12101632,5666770,"45dkTj5sMRSjrmBSBeiHym, 6LuN9FCkKOj5PcnpouEgny"
MI FAI IMPAZZIRE,"BLANCO, Sfera Ebbasta","italian trap, trap",Hip Hop,MI FAI IMPAZZIRE,2021-06-17,1x3Qb8np6S1UvpSLthwEJN,Universal Music Italia srL.,ITUM72100652,23901235,"1MRiIeZbc0cRuxOafDUCtH, 23TFHmajVfBtlRx5MXqgoz"
Poblado - Remix,"J Balvin, KAROL G, Nicky Jam, Crissin, Totoy El Frio, Natan & Shander","reggaeton, latin, urbano latino",Latin,Poblado (Remix),2021-06-18,1WedZeiezCmCEOzLwhx0hV,Universal Music Latino,QZ5BF1600040,121463124,"1vyhD5VmyZ7KMfW5gqLgo5, 790FomKkXshlbRYZFtlgla, 1SupJlEpv7RS2tPNRaHViT, 6VOoiigTiLVgsMQPP1JOdC, 5IYRfypwG9BDDh5ZRPI80z, 5OBK3iQwjNQqElPmn4TgAE"
SCHMETTERLING,Luciano,german hip hop,Hip Hop,SCHMETTERLING,2021-06-17,0it0PhmH2Tq2Xl5o49pdMo,URBAN,DECE72103198,862164,3CJKkU0XuElRT1z8rEtIYg
Remember,"Becky Hill, David Guetta","edm, dance",Electronic,Remember,2021-06-18,4laAKIq9ZxBCwf99rauPYb,Polydor Records,GBUM72102420,18608048,"4EPJlUEBy49EX1wuFOvtjK, 1Cs0zKBU1kc0i8ypK3B9ai"
Não Nasceu pra Namorar,"MC Zaquin, MC Rick","funk, funk de bh, brega funk, brazilian funk","Hip Hop, Pop, R&B, R&b",Não Nasceu pra Namorar,2021-02-25,6pQKUKBpwr6GhfhcFFFozo,Funk Explode Records,BX9L12100029,24492868,"1OwYxVDNKP9JtSpp5E0uA4, 1mvpEXClANunyiHFtAXCxt"
Ficha Limpa,Gusttavo Lima,"sertanejo, sertanejo universitário, arrocha, agronejo, piseiro, forró","Country, Latin","Falando de Amor, Vol. 1",2021-06-19,5SwyN9hzmWjBsINlif8li8,Sony Music Entertainment,BRSME2101204,52564667,7MiDcPa6UiV3In7lIM71IN
Kiss cam (podryw roku),"Mata, Pedro, francis",,,Kiss cam (podryw roku),2021-06-21,5hfJcAXpOVb65HtYqgtoE4,SBM Label,PLS282100066,1442888,"0MIG6gMcQTSvFbKvUwK0id, 2LI7lXaNJU420lffFWJUcT, 6HdxibJzoNkDUUDHagx3Ko"
Ella,Boza,"reggaeton, urbano latino",Latin,Ella,2021-04-16,66S2z95FN3nUAr9S1gUIsp,Sony Music Latin,USSD12100166,2125975,2NfSBtmWe7oPw1EmetJVso
2:50 Remix,"MYA, TINI, Duki","cuarteto, latin pop, argentine trap, trap, trap latino","Hip Hop, Latin, Pop",2:50 Remix,2021-06-21,74znaWw1hmQBusGPSOuTFy,Columbia,ARF102100135,43962671,"5Rj6rNR8zIlUUDCs1OyPmW, 7vXDAI8JwjW531ouMGbfcp, 1bAftSH8umNcGZ0uyV7LMg"
"No Me Conocen (Remix) [con DUKI, Rei & Tiago PZK]","BANDIDO, Duki, Rei, Tiago PZK","rkt, turreo, argentine trap, trap, trap latino, urbano latino","Hip Hop, Latin","No Me Conocen (Remix) (Con Duki, Rei & Tiago Pzk)",2021-06-16,7COGuXyTr12KvdaYXMqheC,DALE PLAY Records,UYB282113006,56203420,"7CSpCpNGTK9589bTi44SzE, 1bAftSH8umNcGZ0uyV7LMg, 4IG1SDlwgNKzqTmjBrvY3K, 5Y3MV9DZ0d87NnVm56qSY1"
Todo De Ti,Rauw Alejandro,"reggaeton, urbano latino, trap latino, latin",Latin,VICE VERSA,2021-06-25,5RwV8BvLfX5injfqYodke9,Sony Music Latin/Duars Entertainment,USSD12100202,477884901,1mcTU81TzQhprhouKaTkpq
Kiss Me More (feat. SZA),"Doja Cat, SZA",r&b,R&B,Planet Her,2021-06-25,3DarAbFujv6eYNliUTyqtz,Kemosabe Records/RCA Records,USRC12100543,565317942,"5cj0lLjcoR7YOSnhnX0Po5, 7tYKF4w9nC0nq9CsPZTHyP"
Bad Habits,Ed Sheeran,soft pop,Pop,Bad Habits,2021-06-25,6PQ88X9TkUIAUIZJHW2upE,Atlantic Records UK,GBAHS2100318,596189578,6eUKZXaKkcviH0Ku9w2n3V
WUSYANAME (feat. Youngboy Never Broke Again & Ty Dolla $ign),"Tyler The Creator, YoungBoy Never Broke Again, Ty Dolla $ign",,,CALL ME IF YOU GET LOST,2021-06-25,5B0kgjHULYJhAQkK5XsMoC,Columbia,USQX92102132,40440978,"4V8LLVI7PbaPR0K2TGSxFF, 7wlFDEWiM5OoIAt8RSli8b, 7c0XG5cIJTrrAgEC3ULPiq"
You Right,"Doja Cat, The Weeknd",,,Planet Her,2021-06-25,0k4d5YPDr1r7FX77VdqWez,Kemosabe Records/RCA Records,USRC12100544,246117321,"5cj0lLjcoR7YOSnhnX0Po5, 1Xyo4u8uXC1ZmMpatF05PJ"
AM Remix,"Nio Garcia, J Balvin, Bad Bunny","reggaeton, trap latino, latin, urbano latino",Latin,AM Remix,2021-06-24,05bfbizlM5AX6Mf1RRyMho,Flow La Movie,QMBZ92185047,317876935,"5hdhHgpxyniooUiQVaPxQ0, 1vyhD5VmyZ7KMfW5gqLgo5, 4q3ewBCX7sLwd24euuV69X"
LEMONHEAD (feat. 42 Dugg),"Tyler The Creator, 42 Dugg",,,CALL ME IF YOU GET LOST,2021-06-25,5fbHRCsGpFIOLRtlhCRFDR,Columbia,USQX92102131,12182317,"4V8LLVI7PbaPR0K2TGSxFF, 45gHcnDnMC15sgx3VL7ROG"
LUMBERJACK,Tyler The Creator,,,CALL ME IF YOU GET LOST,2021-06-25,0BiK5BbYNFLb88CCOxBFJe,Columbia,USQX92102133,13377689,4V8LLVI7PbaPR0K2TGSxFF
SIR BAUDELAIRE (feat. DJ Drama),"Tyler The Creator, DJ Drama",southern hip hop,Hip Hop,CALL ME IF YOU GET LOST,2021-06-25,4ydmav4vl7hebadtfZtMrg,Columbia,USQX92102129,7640293,"4V8LLVI7PbaPR0K2TGSxFF, 5oNgAs7j5XcBMzWv3HAnHG"
JUGGERNAUT (feat. Lil Uzi Vert & Pharrell Williams),"Tyler The Creator, Lil Uzi Vert, Pharrell Williams","melodic rap, ",Hip Hop,CALL ME IF YOU GET LOST,2021-06-25,7z4xW9WY86uH3gd1V9pfCM,Columbia,USQX92102142,16755512,"4V8LLVI7PbaPR0K2TGSxFF, 4O15NlyKLIASxsJ0PrXPfz, 2RdwBSPQiwcmiDo9kixcl8"
CORSO,Tyler The Creator,,,CALL ME IF YOU GET LOST,2021-06-25,46oHvXwpEZOFX518we1nJD,Columbia,USQX92102130,9503981,4V8LLVI7PbaPR0K2TGSxFF
HOT WIND BLOWS (feat. Lil Wayne),"Tyler The Creator, Lil Wayne","rap, hip hop",Hip Hop,CALL ME IF YOU GET LOST,2021-06-25,3JJL91ilRV6fXhKqu0FGXs,Columbia,USQX92102134,9889197,"4V8LLVI7PbaPR0K2TGSxFF, 55Aa2cqylxrFIXC767Z865"
MASSA,Tyler The Creator,,,CALL ME IF YOU GET LOST,2021-06-25,2goHCrsDJaflEwQ930ef0o,Columbia,USQX92102135,6958729,4V8LLVI7PbaPR0K2TGSxFF
SWEET / I THOUGHT YOU WANTED TO DANCE (feat. Brent Faiyaz & Fana Hues),"Tyler The Creator, Brent Faiyaz, Fana Hues","r&b, alternative r&b",R&B,CALL ME IF YOU GET LOST,2021-06-25,3EG9FJ0ToLfgnc1IG2Z1wz,Columbia,USQX92102138,9142721,"4V8LLVI7PbaPR0K2TGSxFF, 3tlXnStJ1fFhdScmQeLpuG, 4yJHrytMK7mqtKsXVGaBNg"
RUNITUP (feat. Teezo Touchdown),"Tyler The Creator, Teezo Touchdown",,,CALL ME IF YOU GET LOST,2021-06-25,13HsOwrwTA5HgLuoaDHncP,Columbia,USQX92102136,6666154,"4V8LLVI7PbaPR0K2TGSxFF, 0fGcIStdT1OpFFhOC7Wp36"
Ain't Shit,Doja Cat,,,Planet Her,2021-06-25,5lAnYvAIkSDNXqfo7DyFUm,Kemosabe Records/RCA Records,USRC12101540,204017648,5cj0lLjcoR7YOSnhnX0Po5
I Don't Do Drugs (feat. Ariana Grande),"Doja Cat, Ariana Grande",pop,Pop,Planet Her,2021-06-25,0FFsgUoFibYISzMxuGS61W,Kemosabe Records/RCA Records,USRC12101536,16756510,"5cj0lLjcoR7YOSnhnX0Po5, 66CXWjxzNUsdJxJ2JdwvnR"
MANIFESTO (feat. Domo Genesis),"Tyler The Creator, Domo Genesis",,,CALL ME IF YOU GET LOST,2021-06-25,6qouBO0wJtYc3k7DfKRUBx,Columbia,USQX92102137,5268933,"4V8LLVI7PbaPR0K2TGSxFF, 6vHBuUxrcpn1do5UaEJ7g6"
Need to Know,Doja Cat,,,Planet Her,2021-06-25,3Vi5XqYrmQgOYBajMWSvCi,Kemosabe Records/RCA Records,USRC12101120,492244479,5cj0lLjcoR7YOSnhnX0Po5
2/Catorce,"Rauw Alejandro, Mr. Naisgai","reggaeton, urbano latino, trap latino, latin",Latin,VICE VERSA,2021-06-25,0PwFN7vRvY80Hnkoew2x3f,Sony Music Latin/Duars Entertainment,USSD12100059,118463921,"1mcTU81TzQhprhouKaTkpq, 37BIBvfliXJpSgn10yQUJM"
WILSHIRE,Tyler The Creator,,,CALL ME IF YOU GET LOST,2021-06-25,1pbbsI2KGPOMu0HmuGccBu,Columbia,USQX92102143,4657054,4V8LLVI7PbaPR0K2TGSxFF
RISE! (feat. DAISY WORLD),"Tyler The Creator, DAISY WORLD",,,CALL ME IF YOU GET LOST,2021-06-25,4Hta7Oy5W9HD0UgT1P8PPV,Columbia,USQX92102140,4475107,"4V8LLVI7PbaPR0K2TGSxFF, 53rBi3LpNcMJUTSANS6uYT"
Woman,Doja Cat,,,Planet Her,2021-06-25,6Uj1ctrBOjOas8xZXGqKk4,Kemosabe Records/RCA Records,USRC12101532,493163270,5cj0lLjcoR7YOSnhnX0Po5
MOMMA TALK,Tyler The Creator,,,CALL ME IF YOU GET LOST,2021-06-25,2HrRwAKgIzjTeuKoaj4akH,Columbia,USQX92102139,2478286,4V8LLVI7PbaPR0K2TGSxFF
BLESSED,Tyler The Creator,,,CALL ME IF YOU GET LOST,2021-06-25,2X5m6irq8boS50Efx4oWew,Columbia,USQX92102141,2427252,4V8LLVI7PbaPR0K2TGSxFF
SAFARI,Tyler The Creator,,,CALL ME IF YOU GET LOST,2021-06-25,09xpQPfKWdio1wx6v17dGa,Columbia,USQX92102409,2470289,4V8LLVI7PbaPR0K2TGSxFF
Naked,Doja Cat,,,Planet Her,2021-06-25,0CsR9Y9SnC6ZWmekmVqSHz,Kemosabe Records/RCA Records,USRC12101533,3825842,5cj0lLjcoR7YOSnhnX0Po5
Get Into It (Yuh),Doja Cat,,,Planet Her,2021-06-25,0W6I02J9xcqK8MtSeosEXb,Kemosabe Records/RCA Records,USRC12101535,194723942,5cj0lLjcoR7YOSnhnX0Po5
Payday (feat. Young Thug),"Doja Cat, Young Thug","rap, melodic rap, trap",Hip Hop,Planet Her,2021-06-25,2HolBGR6tpiWI80MXoV1dJ,Kemosabe Records/RCA Records,USRC12101534,3715628,"5cj0lLjcoR7YOSnhnX0Po5, 50co4Is1HCEo8bhOyUWKpn"
Love To Dream,Doja Cat,,,Planet Her,2021-06-25,6Q9IUoBTNLHgBib1FSFGbj,Kemosabe Records/RCA Records,USRC12101537,2105218,5cj0lLjcoR7YOSnhnX0Po5
Sommergewitter,Pashanim,german hip hop,Hip Hop,Sommergewitter,2021-06-24,2H7jZg2HliuQhZjfBblLrZ,Urban,DECE72103812,26325464,34LetYSjEuG2fBb4Z8PwPg
Been Like This,Doja Cat,,,Planet Her,2021-06-25,7y3xU9vEC1s8DSuuoSYKih,Kemosabe Records/RCA Records,USRC12101538,3560106,5cj0lLjcoR7YOSnhnX0Po5
Options (feat. JID),"Doja Cat, JID",,,Planet Her,2021-06-25,1ayV64ur8VWgc6OPtPRl1q,Kemosabe Records/RCA Records,USRC12101539,2743002,"5cj0lLjcoR7YOSnhnX0Po5, 6U3ybJ9UHNKEdsH7ktGBZ7"
Red Light Green Light,DaBaby,,,Red Light Green Light,2021-06-25,1YDebgap5OFwXEBG18NJvy,South Coast Music Group/Interscope Records,USUM72109724,30130300,4r63FhuTkUYltbVAg5TQnk
Imagine,Doja Cat,,,Planet Her,2021-06-25,5CC5krEgwJXuoA0F9scOFg,Kemosabe Records/RCA Records,USRC12101541,1044851,5cj0lLjcoR7YOSnhnX0Po5
Alone,Doja Cat,,,Planet Her,2021-06-25,45Nc6nYgV3yBvAeRaZt689,Kemosabe Records/RCA Records,USRC12101542,942629,5cj0lLjcoR7YOSnhnX0Po5
"Não, Não Vou",Mari Fernandez,"piseiro, sertanejo, forró, arrocha, agronejo, sertanejo universitário","Country, Latin",Piseiro Sofrência,2021-04-29,0xBQvhJAm6f7J142ympKOn,Waguim Elite CDs,BCFWR2100002,36856443,0BHm7qbh3ENxvXzkQAG7MP
Sexo Virtual,Rauw Alejandro,"reggaeton, urbano latino, trap latino, latin",Latin,VICE VERSA,2021-06-25,0giiXonRhODYy4J1iy4Lb3,Sony Music Latin/Duars Entertainment,USSD12100294,40476925,1mcTU81TzQhprhouKaTkpq
Nothing Else Matters,"Miley Cyrus, WATT, Elton John, Yo-Yo Ma, Robert Trujillo, Chad Smith","classical, chamber music, rap metal, rap rock","Classical, Metal, Rock",Nothing Else Matters,2021-06-22,2mC33mxgLJN3IT65MGN3B0,Blackened Recordings / Universal Music,QMKHM2100037,846251,"5YGY8feqx7naU7z4HrwZM6, 4olE3I5QU0dvSR7LIpqTXc, 3PhoLpVuITZKcymswpck5b, 5Dl3HXZjG6ZOWT5cV375lk, 3rROvEsUJJ9y55g1PLaA16, 4DW34vji6G9GgGY0k2mic7"
OHMAMI,Chase Atlantic,,,OHMAMI,2021-06-25,2zVaxB54fNngkbWs5uZnla,Fearless Records,US5262124147,823076,7cYEt1pqMgXJdq00hAwVpT
Meu Pedaço de Pecado,João Gomes,"piseiro, forró, sertanejo, arrocha, brega","Country, Latin",Meu Pedaço de Pecado,2021-05-28,7mz8C0h5Lug50qYq6KH0wp,WGH Music,QZHZ52103185,1873214,4JNo6Q5KdcRf1vtSX9mB0S
All Eyes On Me,Bo Burnham,comedy,Country,Inside (The Songs),2021-06-10,3rV5y8rcQrwRt9fWGLmjOQ,Bo Burnham,USA2P2122078,12468173,2Waw2sSbqvAwK8NwACNjVo
Reckless,Madison Beer,,,Reckless,2021-06-04,5ajjAnNRh8bxFvaVHzpPjh,Epic/Sing It Loud,USSM12102874,64933615,2kRfqPViCqYdSGhYSM9R0Q
As the World Caves In,Sarah Cothran,,,As the World Caves In,2021-06-10,7LAmsNJpBaNvNg7VZPXxSv,2949896 Records DK2,QZHNB2115936,15496955,3kft86DbqCNr7rjq3pEj0G
Tiroteo - Remix,"Marc Seguí, Rauw Alejandro, Pol Granch","reggaeton, urbano latino, trap latino, latin, ",Latin,Tiroteo (Remix),2021-04-01,4OwhwvKESFtuu06dTgct7i,WEA Latina,USWL12100143,186579059,"5FQ8tBUtIamA2hRtatrYUF, 1mcTU81TzQhprhouKaTkpq, 1aMt4A5jrQHxDYyC7rXgV0"
Meu Pedaço de Pecado,João Gomes,"piseiro, forró, sertanejo, arrocha, brega","Country, Latin",Meu Pedaço de Pecado,2021-05-28,5dApIvFnEdEx0PZvPJF22d,Sua Música,BCSUV2100394,5791414,4JNo6Q5KdcRf1vtSX9mB0S
"Nicky Jam: Bzrp Music Sessions, Vol. 41","Bizarrap, Nicky Jam","argentine trap, trap latino, urbano latino, reggaeton, latin","Hip Hop, Latin","Nicky Jam: Bzrp Music Sessions, Vol. 41",2021-06-30,03LfOYi0icz4souspZVVhq,DALE PLAY Records,UYB282101017,80323165,"716NhGYqD1jl2wI1Qkgq36, 1SupJlEpv7RS2tPNRaHViT"
Wasting Time ( feat. Drake & The Neptunes ),"Brent Faiyaz, Drake, The Neptunes","r&b, rap, hip hop, ","Hip Hop, R&B",Wasting Time ( feat. Drake & The Neptunes ),2021-07-01,48WidxP9CqyYtk97pwGZ3c,Lost kids,QM24S2103302,7749576,"3tlXnStJ1fFhdScmQeLpuG, 3TVXtAsR1Inumwj472S9r4, 0KuF7reCTOZwV7YJnHQqgr"
Wrecked,Imagine Dragons,,,Wrecked,2021-07-02,2d1MywHy6FwKdzxFuSJnwl,KIDinaKORNER/Interscope Records,USUM72110166,17915119,53XhwfbYqKCa1cC15pYq2q
Renegade (feat. Taylor Swift),"Big Red Machine, Taylor Swift",,,Renegade (feat. Taylor Swift),2021-07-02,1aU1wpYBSpP0M6IiihY5Ue,Jagjaguwar,US38Y2141505,4557806,"7gXy60xRcwYujBFoYHnR2O, 06HL4z0CvFAxyc27GXpf02"
In Da Getto,"J Balvin, Skrillex","reggaeton, latin, dubstep, edm, electro, electronic","Electronic, Hip Hop, Latin",In Da Getto,2021-07-02,63aj87TQG6F3RVO5nbG2VQ,"Sueños Globales, LLC",QZM5U2100095,88521601,"1vyhD5VmyZ7KMfW5gqLgo5, 5he5w2lnU9x7JFhnwcekXX"
Lieben wir,Shirin David,"german hip hop, german pop","Hip Hop, Pop",Lieben wir,2021-07-01,49gzU1IS1B6P3GATSZ5eCE,Juicy Money Records,DECE72103694,2586942,0JBdTCGs111JKKYfLqOEBa
If You Really Love Me (How Will I Know),"David Guetta, MistaJam, John Newman","edm, dance, ",Electronic,If You Really Love Me (How Will I Know),2021-07-02,1V7bZ9gEIwFQpm8yGxRHNA,Parlophone UK,UKWLG2100070,890810,"1Cs0zKBU1kc0i8ypK3B9ai, 3qi5fhSI6aUecvRN0XqIJ2, 34v5MVKeQnIo0CWYMbbrPf"
I Believed It (feat. Mac Miller),"dvsn, Ty Dolla $ign, Mac Miller","alternative r&b, ",R&B,I Believed It (feat. Mac Miller),2021-07-01,6oIahjoSHQ3GQJg0hrLdzY,OVO Sound/Warner Records,USWB12101519,841137,"7e1ICztHM2Sc4JNLxeMXYl, 7c0XG5cIJTrrAgEC3ULPiq, 4LLpKhyESsyAXpc4laK94U"
Vaccine,Logic,,,Vaccine,2021-07-02,3SDCwIs4eizbx4rDIgB9Lf,Def Jam Recordings,USUM72111017,783292,4xRYI6VqpkE3UwrDrAZL8L
Aquelas Coisas,João Gomes,"piseiro, forró, sertanejo, arrocha, brega","Country, Latin",Eu Tenho a Senha,2021-06-01,0FqVtQxRD3HsPltldG5v5M,Sua Música,BCSUV2100321,41233364,4JNo6Q5KdcRf1vtSX9mB0S
MORENA,Luan Santana,"sertanejo, sertanejo universitário, arrocha","Country, Latin",MORENA,2021-06-17,4PQdrXMDHDPl1RczrrlADd,Sony Music Entertainment,BR27R2100001,59659565,3qvcCP2J0fWi0m0uQDUf6r
Love Tonight (Edit),Shouse,,,Love Tonight,2017-12-14,6OufwUcCqo81guU2jAlDVP,Hell Beach,USQY51798087,161859184,2TcGJdSOiOvITBzhvfX8XB
Party In The U.S.A.,Miley Cyrus,,,The Time Of Our Lives (International Version),2009-01-01,3E7dfMvvCLUddWissuqMwr,Hollywood Records,USHR10924519,2796605,5YGY8feqx7naU7z4HrwZM6
Sweet Home Alabama,Lynyrd Skynyrd,"southern rock, classic rock, rock",Rock,Second Helping (Expanded Edition),1974-04-15,7e89621JPkKaeDSTQ3avtg,Geffen*,USMC17446153,773527,4MVyzYMgTwdP7Z49wAZHx0
Chicken Fried,Zac Brown Band,"country, acoustic country",Country,The Foundation,2008-11-17,3eBnEo9WL34ulBCZlLpUQO,Home Grown Music,USAT20804178,754682,6yJCxee7QumYr820xdIsjo
Born in the U.S.A.,Bruce Springsteen,,,Born In The U.S.A.,1984-06-04,0dOg1ySSI7NkpAe89Zo0b9,Columbia,USSM18400406,736243,3eqjTLE0HfPfh78zjh6TqT
Fortunate Son,Creedence Clearwater Revival,"classic rock, southern rock, country rock",Rock,Willy And The Poor Boys (Expanded Edition),1969-11-02,4BP3uh0hFLFRb5cjsgLqDh,Craft Recordings,USC4R0817618,735010,3IYUhFvPQItj6xySrBmZkd
A Tu Merced,Bad Bunny,"reggaeton, trap latino, latin, urbano latino",Latin,YHLQMDLG,2020-02-29,4r9jkMEnArtWGH2rL2FZl0,Rimas Entertainment LLC,QM4TX2030959,1393864,4q3ewBCX7sLwd24euuV69X
Here's Your Perfect,Jamie Miller,,,Here's Your Perfect,2021-04-30,2aTKrdenCq5qBOoJPFdn4P,Atlantic Records,USAT22101294,74387903,2LkkwxA19J8C52wPQl5bG6
Hotel California - 2013 Remaster,Eagles,"classic rock, soft rock",Rock,Hotel California (2013 Remaster),1976-12-08,40riOy7x9W7GXjyGp4pjAv,Rhino/Elektra,USEE11300353,683531,0ECwFtbIWEVNwjlrfc6xoL
Uptown Funk (feat. Bruno Mars),"Mark Ronson, Bruno Mars",,,Uptown Special,2015-01-12,32OlwWuMpZ6b0aN2RZOeMS,Columbia,GBARL1401524,1598992,"3hv9jJF3adDNsBSIQDqcjp, 0du5cEVh5yTK9QJze8zA0C"
double take,Dhruv,,,double take,2019-05-24,2CVChktEKBsM6v4IfdFU5k,dhruv,GBMJG1911043,108861470,70NcAr4ZtA3FAqU16iQZSb
De Museo,Bad Bunny,"reggaeton, trap latino, latin, urbano latino",Latin,De Museo,2021-07-06,267NGliXM8YLVZiKAD9Otm,Rimas Entertainment LLC,QMFME2107290,23522718,4q3ewBCX7sLwd24euuV69X
Meu Pedaço de Pecado,João Gomes,"piseiro, forró, sertanejo, arrocha, brega","Country, Latin",Eu Tenho a Senha,2021-06-01,2kJRlOyrxsy7Ot3c5TZ8Q6,Sua Música,BCSUV2100318,107895702,4JNo6Q5KdcRf1vtSX9mB0S
Three Lions (Football's Coming Home),Baddiel Skinner & Lightning Seeds,,,Three Lions,2010-06-07,0Ai6qtPfiEYGCqBGJYWD1W,Sony Music UK,GBBBM9602007,3497535,3LtYMPncqtiugGwOuuLq3h
Volando - Remix,"Mora, Bad Bunny, Sech","urbano latino, reggaeton, trap latino, latin",Latin,Volando (Remix),2021-07-08,0G2zPzWqVjR68iNPmx2TBe,Rimas Entertainment LLC,QMFME2105596,277114779,"0Q8NcsJwoCbZOHHW63su5S, 4q3ewBCX7sLwd24euuV69X, 77ziqFxp5gaInVrF2lj4ht"
FULANITO,"Becky G, El Alfa","reggaeton, latin, dembow, urbano latino",Latin,FULANITO,2021-06-03,59L8x0xy8njj75vzVCPMqg,Kemosabe Records/RCA Records/Sony Music Latin,USRC12100954,50660859,"4obzFoKoKRHIphyHzJ35G3, 2oQX8QiMXOyuqbcZEFsZfm"
Permission to Dance,BTS,k-pop,Pop,Butter / Permission to Dance,2021-07-09,0LThjFY2iTtNdd4wviwVV2,BIGHIT MUSIC,QMFME2102684,64498513,3Nrfpe0tUJi4K4DXYWgMUX
STAY (with Justin Bieber),"The Kid LAROI, Justin Bieber",,,STAY (with Justin Bieber),2021-07-09,5HCyWlXZPP0y6Gqq8TgA20,Columbia,USSM12103949,88575849,"2tIP7SsRs7vjIcLrU85W8J, 1uNFoZAHBGtllmzznpCI3s"
NDA,Billie Eilish,,,NDA,2021-07-09,6uqyE384HDSsuwpoF4mjrL,Darkroom/Interscope Records,USUM72105935,41669019,6qqNVTkY8uBg9cP3Jd7DAH
Motley Crew,Post Malone,,,Motley Crew,2021-07-09,40uMIn2zJLAQhNXghRjBed,Republic Records,USUM72111566,113425265,246dkjvS1zLTtiykXe5h60
The Jackie (with J. Cole & Lil Tjay),"Bas, J. Cole, Lil Tjay","rap, brooklyn drill, melodic rap",Hip Hop,The Jackie (with J. Cole & Lil Tjay),2021-07-09,15qKrPi4Kg0z7g9HlwWyeb,Dreamville/Interscope,USUM72111591,4182508,"70gP6Ry4Uo0Yx6uzPIdaiJ, 6l3HvQ5sa6mXTsMTB19rO5, 6jGMq4yGs7aQzuGsMgVgZR"
Sobrio,Maluma,"reggaeton, latin, urbano latino",Latin,Sobrio,2021-07-08,4HzqWEdAbzcVFDv0pvxV4w,Sony Music Latin,USSD12100322,227734710,1r4hJ1h58CWwUQe3MxPuau
Clash (feat. Stormzy),"Dave, Stormzy","grime, uk drill, drill","Hip Hop, Electronic, Pop",Clash (feat. Stormzy),2021-07-08,2oUwMN5VfdGX10XeQJLBBi,Neighbourhood,GBUM72103840,4091965,"6Ip8FS7vWT1uKkJSweANQK, 2SrSdSvpminqmStGELCSNd"
Memory,"Kane Brown, blackbear","country, pop country, ",Country,Memory,2021-07-09,34chhNX59Wo9HMFCsI3K8Y,RCA Records Label Nashville,USRN12100086,3229890,"3oSJ7TBVCWMDMiYjXNiCKE, 2cFrymmkijnjDg9SS92EPM"
Baby Me Atende - Ao Vivo,"Matheus Fernandes, Dilsinho","piseiro, sertanejo, pagode, forró, arrocha, samba","Country, Latin","Na Praia, Pt. 1 (Ao Vivo)",2021-07-09,1bWBG6IkMnDr3qvCKSvQT7,Som Livre,BRWNV2100001,35624081,"37mqXU98U5GmH5ZDtlHM1c, 4NUePmzDvCYqilXBFa91Hg"
Permission to Dance (Instrumental),BTS,k-pop,Pop,Butter / Permission to Dance,2021-07-09,0gptQQwXDtDYkkgoQl1V9T,BIGHIT MUSIC,QMFME2102686,999771,3Nrfpe0tUJi4K4DXYWgMUX
WHOLE LOTTA MONEY (feat. Nicki Minaj) - Remix,"BIA, Nicki Minaj",,,WHOLE LOTTA MONEY (feat. Nicki Minaj) [Remix],2021-07-09,67G6iaOw8DZqp1z8STR89R,Epic,USSM12104708,3156560,"6veh5zbFpm31XsPdjBgPER, 0hCNtLu0JehylgoiP8L4Gh"
911 (Remix),"Sech, JHAYCO","reggaeton, urbano latino, trap latino",Latin,911 (Remix),2021-07-09,27RSJHEA99Y0Vsow7nA37A,Rich Music,QM9WM2100036,141480771,"77ziqFxp5gaInVrF2lj4ht, 6nVcHLIgY5pE2YCl8ubca1"
Entre Nosotros,"Tiago PZK, LIT killah","argentine trap, urbano latino, trap latino, trap","Hip Hop, Latin",Entre Nosotros,2021-07-08,6w8yBI2vthyN9UnwO4UBWb,WM Chile,ARGT32100004,174782975,"5Y3MV9DZ0d87NnVm56qSY1, 1vqR17Iv8VFdzure1TAXEq"
Chamo Teu Vulgo Malvadão,"mc jhenny, Mc Gw, KOSTA","funk carioca, funk, brazilian funk, brega funk, phonk","Hip Hop, Pop, R&B",Chamo Teu Vulgo Malvadão,2021-06-05,4mdlehe2znCTAzlFhrOa09,Love Funk,QZHZ52144962,1429521,"6Ka3TKKRqhWwbmuxjhrmo6, 0f1IECbrVV952unZkzrsg2, 3wyruz219YVh90qRnzFBTY"
Passatempo,Wesley Safadão,"forró, sertanejo, piseiro, arrocha, sertanejo universitário","Country, Latin",WS Sem Limites,2021-06-17,3ibiPPqHxdmX4nNp4kNHE9,Som Livre,BX12K2100005,1407880,1AL2GKpmRrKXkYIcASuRFa
Sweet Caroline,Neil Diamond,,,Sweet Caroline,1969-06-06,62AuGbAkt8Ox2IrFFb8GKV,Geffen,USMC16991138,882931,7mEIug7XUlQHikrFxjTWes
Seven Nation Army,The White Stripes,"garage rock, blues rock, rock, alternative rock",Rock,Elephant,2003-04-01,3dPQuX8Gs42Y7b454ybpMR,Legacy Recordings,USVT10300001,733713,4F84IBURUo98rz4r61KF70
Vindaloo,Fat Les,,,Vindaloo,1998-06-08,6rok0MW3ze4KBEng4ZBAna,Union Square Music,GBAWV9800958,727463,4BHU68IINW0fZNRIvSOir5
Bezos I,Bo Burnham,comedy,Country,Inside (The Songs),2021-06-10,0Kdj7nwaYQmvhxnqZaIQuW,Bo Burnham,USA2P2122060,36095811,2Waw2sSbqvAwK8NwACNjVo
Pepas,Farruko,"reggaeton, trap latino, latin",Latin,Pepas,2021-06-24,5fwSHlTEWpluwOM0Sxnh5k,Sony Music Latin,USSD12100307,276479845,329e4yvIujISKGKz1BZZbO
What A Time (feat. Niall Horan),"Julia Michaels, Niall Horan",,,Inner Monologue Part 1,2019-01-24,5WtfUKzXircvW8l5aaVZWT,Republic Records,USUM71900686,700862,"0ZED1XzwlLHW4ZaG4lOT6m, 1Hsdzj7Dlq2I7tHP7501T4"
KESI - Remix,"Camilo, Shawn Mendes","colombian pop, pop",Pop,KESI (Remix),2021-07-14,0IqCoZ168iRc9LqfrYgpZy,Sony Music Latin,USSD12100348,17752815,"28gNT5KBp7IjEOQoevXf9N, 7n2wHs1TKAczGzO7Dd2rGr"
Tell The Vision (feat. Kanye West & Pusha T),"Pop Smoke, Kanye West, Pusha T","brooklyn drill, drill, new york drill, rap, ",Hip Hop,Faith,2021-07-16,2UwALqx6yOsXTFt7zRxnts,Victor Victor Worldwide,USUM72112384,11271499,"0eDvMgVFoNV3TpwtrVCoTj, 5K4W6rqBFWDnAN6FQUkS6x, 0ONHkAv9pCAFxb0zJwDNTy"
Bout A Million (feat. 42 Dugg & 21 Savage),"Pop Smoke, 21 Savage, 42 Dugg","brooklyn drill, drill, new york drill, ",Hip Hop,Faith,2021-07-16,4LaGu95Ui2s4vprSQYWUAZ,Victor Victor Worldwide,USUM72112386,14276812,"0eDvMgVFoNV3TpwtrVCoTj, 1URnnhqYAYcrqrcwql10ft, 45gHcnDnMC15sgx3VL7ROG"
More Time,Pop Smoke,"brooklyn drill, drill, new york drill",Hip Hop,Faith,2021-07-16,2wzionesqIt3x5Sglb4n91,Victor Victor Worldwide,USUM72112383,4634142,0eDvMgVFoNV3TpwtrVCoTj
Demeanor (feat. Dua Lipa),"Pop Smoke, Dua Lipa","brooklyn drill, drill, new york drill, pop","Hip Hop, Pop",Faith,2021-07-16,3DMs7bahbQTnoxCjgP7qoK,Victor Victor Worldwide,USUM72112397,13595594,"0eDvMgVFoNV3TpwtrVCoTj, 6M2wZ9GZgrQXHCFfjv46we"
Manslaughter (feat. Rick Ross & The-Dream),"Pop Smoke, Rick Ross, The-Dream","brooklyn drill, drill, new york drill, southern hip hop, r&b","Hip Hop, R&B",Faith,2021-07-16,5EVzgDPaM0LCM3M5exl3z8,Victor Victor Worldwide,USUM72112385,4205266,"0eDvMgVFoNV3TpwtrVCoTj, 1sBkRIssrMs1AbVkOJbc7a, 1W3FSF1BLpY3hlVIgvenLz"
Coupe,Pop Smoke,"brooklyn drill, drill, new york drill",Hip Hop,Faith,2021-07-16,4wNKxMbE3n1gRm4F6OaCP1,Victor Victor Worldwide,USUM72112391,4436563,0eDvMgVFoNV3TpwtrVCoTj
Brush Em (feat. Rah Swish),"Pop Smoke, Rah Swish","brooklyn drill, drill, new york drill",Hip Hop,Faith,2021-07-16,3MmvQKMKdN3UhVS3eGzJIW,Victor Victor Worldwide,USUM72112387,2631741,"0eDvMgVFoNV3TpwtrVCoTj, 4FeLiFUPdxVfFo8oOfA4BH"
Woo Baby (feat. Chris Brown),"Pop Smoke, Chris Brown","brooklyn drill, drill, new york drill, r&b","Hip Hop, R&B",Faith,2021-07-16,58T4yPLn4NjBYXfRxeweyM,Victor Victor Worldwide,USUM72112396,8195487,"0eDvMgVFoNV3TpwtrVCoTj, 7bXgB6jMjp9ATFy66eO08Z"
Genius (feat. Lil Tjay & Swae Lee),"Pop Smoke, Lil Tjay, Swae Lee","brooklyn drill, drill, new york drill, melodic rap, ",Hip Hop,Faith,2021-07-16,0kNYrbMehFxp1eleTwUjkP,Victor Victor Worldwide,USUM72112393,4045589,"0eDvMgVFoNV3TpwtrVCoTj, 6jGMq4yGs7aQzuGsMgVgZR, 1zNqQNIdeOUZHb8zbZRFMX"
30 (feat. Bizzy Banks),"Pop Smoke, Bizzy Banks","brooklyn drill, drill, new york drill",Hip Hop,Faith,2021-07-16,24YG5Z8Of1VHovrfXsbvCZ,Victor Victor Worldwide,USUM72112389,2289517,"0eDvMgVFoNV3TpwtrVCoTj, 7s3eCGNZMrwUQraXlocCBv"
Good News,Pop Smoke,"brooklyn drill, drill, new york drill",Hip Hop,Faith,2021-07-16,1oZq1wMYbEkr7ovRV7OWty,Victor Victor Worldwide,USUM72112382,1436036,0eDvMgVFoNV3TpwtrVCoTj
What’s Crackin (feat. Takeoff),"Pop Smoke, Takeoff","brooklyn drill, drill, new york drill, ",Hip Hop,Faith,2021-07-16,1jbXYNuBFgN0BiNRO2cGov,Victor Victor Worldwide,USUM72112392,2225024,"0eDvMgVFoNV3TpwtrVCoTj, 3EW0kQ1skZiK1NHg3Spt9J"
Wild Side (feat. Cardi B),"Normani, Cardi B",,,Wild Side (feat. Cardi B),2021-07-16,4XkrlDVc8UQUvsyRsxvU0M,Keep Cool/RCA Records,USRC12101473,11955256,"2cWZOOzeOm4WmBJRnD5R7I, 4kYSro6naA4h99UJvo89HB"
Shot in the Dark,John Mayer,singer-songwriter,Folk/Acoustic,Sob Rock,2021-07-16,239yM7BAQ2CkNc61ogPGXo,Columbia,USSM12101682,2236431,0hEurMDQu99nJRq8pTxO14
"Top Shotta (feat. Pusha T, TRAVI & Beam)","Pop Smoke, The Neptunes, BEAM, Pusha T, TRAVI","brooklyn drill, drill, new york drill, ",Hip Hop,Faith,2021-07-16,7ClZUuzhHULLKjjrHEz6HF,Victor Victor Worldwide,USUM72112388,1372844,"0eDvMgVFoNV3TpwtrVCoTj, 0KuF7reCTOZwV7YJnHQqgr, 46MWeeHNVMYRIIofQBEX98, 0ONHkAv9pCAFxb0zJwDNTy, 4np9Zzw0SEYQLcGv28P51q"
Holy Smokes,"Trippie Redd, Lil Uzi Vert",melodic rap,Hip Hop,Holy Smokes (feat. Lil Uzi Vert),2021-07-16,3EpF150nXMSNjiH0bbmXIL,"1400 Entertainment, Inc. / 10K Projects",QZJ842001118,6464206,"6Xgp2XMz1fhVYe7i6yNAax, 4O15NlyKLIASxsJ0PrXPfz"
Mr. Jones (feat. Future),"Pop Smoke, Future","brooklyn drill, drill, new york drill, rap",Hip Hop,Faith,2021-07-16,3Zg68ElzsOAHABZsfXlljo,Victor Victor Worldwide,USUM72112394,2151718,"0eDvMgVFoNV3TpwtrVCoTj, 1RyvyyTE3xzB2ZywiAwp0i"
Beat The Speaker,Pop Smoke,"brooklyn drill, drill, new york drill",Hip Hop,Faith,2021-07-16,73gEzDLKZNPJms5HkSwBmd,Victor Victor Worldwide,USUM72112390,1336570,0eDvMgVFoNV3TpwtrVCoTj
t r a n s p a r e n t s o u l feat. Travis Barker,"WILLOW, Travis Barker",rap rock,Rock,lately I feel EVERYTHING,2021-07-16,5JKnYZOhSP7rOK0jPYcCjV,"MSFTSMusic / Roc Nation Records, LLC",QMJMT2103571,26460282,"3rWZHrfrsPBxVy692yAIxF, 4exLIFE8sISLr28sqG1qNX"
Dance Monkey,Tones And I,,,Welcome To The Madhouse (Deluxe),2021-07-16,2N8m6CYs74qQO4mjVcXO30,Elektra (NEK),QZES71982312,161218361,2NjfBq1NflQcKSeiDooVjY
Last Train Home,John Mayer,singer-songwriter,Folk/Acoustic,Sob Rock,2021-07-16,0tgBtQ0ISnMQOKorrN9HLX,Columbia,USSM12101687,2003347,0hEurMDQu99nJRq8pTxO14
Back Door (feat. Quavo & Kodak Black),"Pop Smoke, Quavo, Kodak Black","brooklyn drill, drill, new york drill, ",Hip Hop,Faith,2021-07-16,6f84PrgxSWSv4EBRweHXZJ,Victor Victor Worldwide,USUM72112400,1103367,"0eDvMgVFoNV3TpwtrVCoTj, 0VRj0yCOv2FXJNP47XQnx5, 46SHBwWsqBkxI7EeeBEQG7"
Merci Beaucoup,Pop Smoke,"brooklyn drill, drill, new york drill",Hip Hop,Faith,2021-07-16,6mPZVis3gEGSSR2rhxlehT,Victor Victor Worldwide,USUM72112401,1077851,0eDvMgVFoNV3TpwtrVCoTj
8-Ball (feat. Kid Cudi),"Pop Smoke, Kid Cudi","brooklyn drill, drill, new york drill, ",Hip Hop,Faith,2021-07-16,4j0Pv2jLMmtn2kyw6JVt8u,Victor Victor Worldwide,USUM72112399,1057865,"0eDvMgVFoNV3TpwtrVCoTj, 0fA0VVWsXO9YnASrzqfmYu"
Number 2 (feat. Future & 21 Savage),"KSI, Future, 21 Savage","rap, ",Hip Hop,All Over The Place (Platinum VIP Edition),2021-07-16,5qR6mlCWqzHMi1b1S8TrBB,BMG Rights Management (US) LLC,QMRSZ2100336,1038314,"1nzgtKYFckznkcVMR3Gg4z, 1RyvyyTE3xzB2ZywiAwp0i, 1URnnhqYAYcrqrcwql10ft"
Zukunft,RAF Camora,german hip hop,Hip Hop,Zukunft,2021-07-16,34tKBUUl8bAeqex8i82Z0L,Indipendenza,DEQ022117685,1034519,0Dvx6p8JDyzeOPGmaCIH1L
Spoiled (feat. Pharrell),"Pop Smoke, Pharrell Williams","brooklyn drill, drill, new york drill, ",Hip Hop,Faith,2021-07-16,20SBt8RWsCwOqdBbzova1C,Victor Victor Worldwide,USUM72112398,1027395,"0eDvMgVFoNV3TpwtrVCoTj, 2RdwBSPQiwcmiDo9kixcl8"
New Light,John Mayer,singer-songwriter,Folk/Acoustic,Sob Rock,2021-07-16,4T6FWA703h6H7zk1FoSARw,Columbia,USSM11806100,1018838,0hEurMDQu99nJRq8pTxO14
Holiday,KSI,,,All Over The Place (Platinum VIP Edition),2021-07-15,14Bcv6siTBPw3TlP84dasC,BMG Rights Management (US) LLC,QMRSZ2101354,6592160,1nzgtKYFckznkcVMR3Gg4z
Shouldn't Matter but It Does,John Mayer,singer-songwriter,Folk/Acoustic,Sob Rock,2021-07-16,3MthJpM1IEYp2ulZe00LvP,Columbia,USSM12101679,1000650,0hEurMDQu99nJRq8pTxO14
Love Again,Dua Lipa,pop,Pop,Future Nostalgia,2020-03-27,4rPkN1FMzQyFNP9cLUGIIB,Warner Records,GBAHT1901302,141890997,6M2wZ9GZgrQXHCFfjv46we
Wild Blue,John Mayer,singer-songwriter,Folk/Acoustic,Sob Rock,2021-07-16,4VFGpluBaU1WcquEMzhSz6,Columbia,USSM12101681,942553,0hEurMDQu99nJRq8pTxO14
No Time (feat. Lil Durk),"KSI, Lil Durk",drill,Hip Hop,All Over The Place (Platinum VIP Edition),2021-07-16,1vicAuW47ccp1l5mYmaWi7,BMG Rights Management (US) LLC,QMRSZ2100345,928784,"1nzgtKYFckznkcVMR3Gg4z, 3hcs9uc56yIGFCSy9leWe7"
People Watching,Conan Gray,,,People Watching,2021-07-15,4JeOesjcWWlprTAvucDSJX,Republic Records,USUM72109491,1617568,4Uc8Dsxct0oMqx0P6i60ea
Why You No Love Me,John Mayer,singer-songwriter,Folk/Acoustic,Sob Rock,2021-07-16,3hwjxbqGvTRUPi38fLgeM7,Columbia,USSM12101680,868122,0hEurMDQu99nJRq8pTxO14
Se For Amor,"João Gomes, Vitor Fernandes","piseiro, forró, sertanejo, arrocha, brega, seresta","Country, Latin",Eu Tenho a Senha,2021-06-01,5F2xRvRFkxDvqdFtUNAEyw,Sua Música,BCSUV2100319,22978463,"4JNo6Q5KdcRf1vtSX9mB0S, 3TJGVUkSJzk5ZPixMFczZX"
2055,Sleepy Hallow,"brooklyn drill, new york drill",Hip Hop,Still Sleep?,2021-06-02,4XvcHTUfIlWfyJTRG0aqlo,Winners Circle/RCA Records,USRC12100442,227382648,6EPlBSH2RSiettczlz7ihV
penhasco.,Luísa Sonza,"brazilian pop, funk pop, funk","Pop, R&B",DOCE 22,2021-07-18,5VTqW8raQYnj2avZ27nO2a,Universal Music Ltda.,BRUM72100659,4313628,4PzYKhC14sTJNEr0dzoo0d
como si no importara,"Emilia, Duki","argentine trap, trap, trap latino","Hip Hop, Latin",como si no importara,2021-07-13,1GYJpuLq41vEVKXiHGEY9j,Sony Music Latin,USSD12100347,17475438,"0AqlFI0tz2DsEoJlKSIiT9, 1bAftSH8umNcGZ0uyV7LMg"
Stoned at the Nail Salon,Lorde,,,Stoned at the Nail Salon,2021-07-21,0WLVSnKqQBK4UPom1TESHK,Universal Music New Zealand Limited,NZUM72100180,707957,163tK9Wjr9P9DmM0AVK7lm
Stoned at the Nail Salon,Lorde,,,Stoned at the Nail Salon,2021-07-21,6oAa31g091sMNe1TKo5LBS,Universal Music New Zealand Limited,NZUM72100180,3139377,163tK9Wjr9P9DmM0AVK7lm
Better Believe,"Belly, The Weeknd, Young Thug","rap, melodic rap, trap",Hip Hop,Better Believe,2021-07-22,3zs87EV3EZSh2UpiXxT52Y,"XO | Roc Nation Records, LLC",QMJMT2103512,8389450,"0FOWNUFHPnMy0vOw1siGqi, 1Xyo4u8uXC1ZmMpatF05PJ, 50co4Is1HCEo8bhOyUWKpn"
París,Ingratax,,,París,2021-07-09,4bF2y8rR7GUjrd5LNEvej3,Room28,MXB952100097,157164459,62YF0FglEltB3CnVIjoko8
STAY (with Justin Bieber),"The Kid LAROI, Justin Bieber",,,F*CK LOVE 3: OVER YOU,2021-07-23,5PjdY0CKGZdEuoNab3yDmX,Columbia,USSM12103949,1127501485,"2tIP7SsRs7vjIcLrU85W8J, 1uNFoZAHBGtllmzznpCI3s"
INDUSTRY BABY (feat. Jack Harlow),"Lil Nas X, Jack Harlow",,,INDUSTRY BABY (feat. Jack Harlow),2021-07-23,27NovPIUIRrOZoCHxABJwK,Columbia,USSM12104539,325698091,"7jVv8c5Fj3E9VhNjxT4snq, 2LIk90788K0zvyj2JJVwkJ"
Permission to Dance,BTS,k-pop,Pop,Permission to Dance,2021-07-23,5eXBXreN3d1zdj6Sa8dS0u,BIGHIT MUSIC,QMFME2102684,210845969,3Nrfpe0tUJi4K4DXYWgMUX
NOT SOBER (feat. Polo G & Stunna Gambino),"The Kid LAROI, Polo G, Stunna Gambino",,,F*CK LOVE 3: OVER YOU,2021-07-23,1JXBNvlDEl2epKSJ9EOgKX,Columbia,USSM12104952,40838080,"2tIP7SsRs7vjIcLrU85W8J, 6AgTAQt8XS6jRWi4sX7w49, 15ZjD8Gus20Miqw3fdOaXX"
Don't Go Yet,Camila Cabello,pop,Pop,Don't Go Yet,2021-07-23,1058fW9H3fZA6QjYCdOBad,Epic,USSM12104771,172658218,4nDoRrQiYLoBzwC5BhVJzF
Clash (feat. Stormzy),"Dave, Stormzy","grime, uk drill, drill","Hip Hop, Electronic, Pop",We're All Alone In This Together,2021-07-22,2zxEc1GCSCxbHIXTfhraRC,Neighbourhood,GBUM72103840,7625831,"6Ip8FS7vWT1uKkJSweANQK, 2SrSdSvpminqmStGELCSNd"
Over The Top (feat. Drake),"Smiley, Drake","rap, hip hop",Hip Hop,Over The Top (feat. Drake),2021-07-23,3yaYgjEFkRw3PVjW9mV1TO,OVO Sound/Warner Records,USWB12102367,28679201,"6jeg7JBX9J9097esK752iR, 3TVXtAsR1Inumwj472S9r4"
New Normal,Khalid,,,New Normal,2021-07-21,2CIYemjFXdmCWpJnfbtrD6,"Right Hand Music Group, LLC/RCA Records",USRC12101788,4448404,6LuN9FCkKOj5PcnpouEgny
Verdansk,Dave,"grime, uk drill, drill","Hip Hop, Electronic, Pop",We're All Alone In This Together,2021-07-22,7IPKXYU2rTMnrLW5IZ7ZI5,Neighbourhood,GBUM72104336,1967587,6Ip8FS7vWT1uKkJSweANQK
Blaues Licht,"RAF Camora, Bonez MC",german hip hop,Hip Hop,Zukunft,2021-07-16,08EPQiLMyGB8GJX2EiVoCM,Indipendenza,DEQ022105672,15849970,"0Dvx6p8JDyzeOPGmaCIH1L, 1aS5tqEs9ci5P9KD9tZWa6"
In The Fire,Dave,"grime, uk drill, drill","Hip Hop, Electronic, Pop",We're All Alone In This Together,2021-07-22,3mtaSob1BQO4HMSA8lWKRt,Neighbourhood,GBUM72104337,1110989,6Ip8FS7vWT1uKkJSweANQK
System (feat. WizKid),"Dave, Wizkid","grime, uk drill, drill, afrobeats, afrobeat, afropop, azonto, afroswing, afropiano, dancehall","Traditional music, R&B, Pop, Hip Hop, Electronic",We're All Alone In This Together,2021-07-22,5gOtq0sKU24ZF8hnXlSp1V,Neighbourhood,GBUM72104339,1095296,"6Ip8FS7vWT1uKkJSweANQK, 3tVQdUvClmAT7URs9V3rsp"
STILL CHOSE YOU (feat. Mustard),"The Kid LAROI, Mustard",,,F*CK LOVE 3: OVER YOU,2021-07-23,637YZncqOkeFzcTmr7YijJ,Columbia,USSM12100804,1026115,"2tIP7SsRs7vjIcLrU85W8J, 0YinUQ50QDB7ZxSCLyQ40k"
We're All Alone,Dave,"grime, uk drill, drill","Hip Hop, Electronic, Pop",We're All Alone In This Together,2021-07-22,22agj1ppHejR41cUyf7k6v,Neighbourhood,GBUM72104335,1023135,6Ip8FS7vWT1uKkJSweANQK
OVER YOU,The Kid LAROI,,,F*CK LOVE 3: OVER YOU,2021-07-23,5vqJLLFlnmCaui7Ng7YAn1,Columbia,USSM12104951,1011272,2tIP7SsRs7vjIcLrU85W8J
Kiss My (Uh Oh),"Anne-Marie, Little Mix",,,Therapy,2021-07-23,0MWiSBKm8Avs8iDIxcertp,Atlantic Records/Asylum,GBAHS2100220,3770941,"1zNqDE7qDGCsyzJwohVaoX, 3e7awlrlDSwF3iM0WBjGMp"
SAME ENERGY,The Kid LAROI,,,F*CK LOVE 3: OVER YOU,2021-07-23,3mXOssdHHkN6AvLw6ZgKiL,Columbia,USSM12104953,946862,2tIP7SsRs7vjIcLrU85W8J
Our Song,"Anne-Marie, Niall Horan",,,Therapy,2021-07-23,3fGW43fnu3OHEw6ohTC2Bw,Atlantic Records/Asylum,GBAHS2100222,5235335,"1zNqDE7qDGCsyzJwohVaoX, 1Hsdzj7Dlq2I7tHP7501T4"
Zero Saudade - Ao Vivo,"Os Barões Da Pisadinha, Maiara & Maraisa","piseiro, forró, sertanejo, arrocha, brega, tecnobrega, agronejo, sertanejo universitário","Country, Latin","Da Roça Pra Cidade (Ao Vivo), Vol. 05",2021-05-19,1oIqP923yBKV45IaXm5s14,Sony Music Entertainment,BXDW72100049,8245549,"5Lv2GUVwqmQBPwrTrxucE5, 59jlthNnbmim5l9tmNA7se"
Se Joga no Passinho,"Brisa Star, Thiago Jhonathan (TJ)","piseiro, forró, arrocha, sertanejo, brega, tecnobrega","Country, Latin",Se Joga no Passinho,2021-06-18,6w9Rge1G5t5zAMLk2WNnXh,Sony Music Entertainment,BXI8I2100073,1584798,"7fKfVo62Yx50GtTdIgeBqk, 0cZ0hBu2JZFT99wDzEfS89"
Fancy Like,Walker Hayes,country,Country,Country Stuff,2021-06-04,3ZozFqJJlDBNIm4xqxn2ZD,Monument Records,USQX92101534,28114190,7sKxqpSqbIzphAKAhrqvlf
Never Going Home,Kungs,,,Never Going Home,2021-05-21,0xfMlIW8lS40qvpsUw1l0X,Universal Music Division Island Def Jam,FR9W12110749,47190111,7keGfmQR4X5w0two1xKZ7d
Chosen (feat. Ty Dolla $ign),"Blxst, Tyga, Ty Dolla $ign",,,No Love Lost (Deluxe),2020-12-04,1dIWPXMX4kRHj6Dt2DStUQ,Red Bull Records Inc. / Evgle LLC,USP6L2000552,103698222,"4qXC0i02bSFstECuXP2ZpL, 5LHRHt1k9lMyONurDHEdrp, 7c0XG5cIJTrrAgEC3ULPiq"
Cúrame,Rauw Alejandro,"reggaeton, urbano latino, trap latino, latin",Latin,VICE VERSA,2021-06-25,3PwRuzdphgedcWVUOVYJ7I,Sony Music Latin/Duars Entertainment,USSD12100296,198046127,1mcTU81TzQhprhouKaTkpq
Pain,PinkPantheress,bedroom pop,Pop,Pain,2021-06-07,7CIERzyqIwLVKGp00YbHRO,Parlophone UK,QZFZ52145391,32262852,78rUTD7y6Cy67W1RVzYs7t
As the World Caves In,Sarah Cothran,,,As the World Caves In,2021-06-10,2xXNLutYAOELYVObYb1C1S,Republic Records,QZHNB2115936,2185175,3kft86DbqCNr7rjq3pEj0G
YaMeFui,"Bizarrap, Duki, Nicki Nicole","argentine trap, trap latino, urbano latino, trap","Hip Hop, Latin",YaMeFui,2021-07-28,42ahuAFlYGjIGBpVdHcLij,DALE PLAY Records,UYB282101018,26447985,"716NhGYqD1jl2wI1Qkgq36, 1bAftSH8umNcGZ0uyV7LMg, 2UZIAOlrnyZmyzt1nuXr9y"
Happier Than Ever,Billie Eilish,,,Happier Than Ever,2021-07-30,4RVwu0g32PAqgUiJoXsdF8,Darkroom/Interscope Records,USUM72105936,422458765,6qqNVTkY8uBg9cP3Jd7DAH
Getting Older,Billie Eilish,,,Happier Than Ever,2021-07-30,4HOryCnbme0zBnF8LWij3f,Darkroom/Interscope Records,USUM72105922,17827966,6qqNVTkY8uBg9cP3Jd7DAH
Oxytocin,Billie Eilish,,,Happier Than Ever,2021-07-30,4t2OeILB07eMGTXSUbMPEu,Darkroom/Interscope Records,USUM72104675,20669108,6qqNVTkY8uBg9cP3Jd7DAH
I Didn't Change My Number,Billie Eilish,,,Happier Than Ever,2021-07-30,7bcy34fBT2ap1L4bfPsl9q,Darkroom/Interscope Records,USUM72105926,14041891,6qqNVTkY8uBg9cP3Jd7DAH
Billie Bossa Nova,Billie Eilish,,,Happier Than Ever,2021-07-30,2KnuaZYoGzDoHiBTNYOTXG,Darkroom/Interscope Records,USUM72105927,17352203,6qqNVTkY8uBg9cP3Jd7DAH
NDA,Billie Eilish,,,Happier Than Ever,2021-07-30,38GBNKZUhfBkk3oNlWzRYd,Darkroom/Interscope Records,USUM72105935,29828094,6qqNVTkY8uBg9cP3Jd7DAH
Skate,"Bruno Mars, Anderson .Paak, Silk Sonic",,,Skate,2021-07-30,2sXf2JdbB2GlNju00kw9WE,Aftermath Entertainment/Atlantic,USAT22104222,37448432,"0du5cEVh5yTK9QJze8zA0C, 3jK9MiCrA42lLAdMGUZpwa, 6PvvGcCY2XtUcSRld1Wilr"
Lost Cause,Billie Eilish,,,Happier Than Ever,2021-07-30,4191RXFPa7Ge9XkA4cWlna,Darkroom/Interscope Records,USUM72105929,18708576,6qqNVTkY8uBg9cP3Jd7DAH
GOLDWING,Billie Eilish,,,Happier Than Ever,2021-07-30,0FfqyjhB6Kspvit1oOo7ax,Darkroom/Interscope Records,USUM72105928,8589283,6qqNVTkY8uBg9cP3Jd7DAH
Halley's Comet,Billie Eilish,,,Happier Than Ever,2021-07-30,5XsAal7ZcWg1I5T4NcRjkv,Darkroom/Interscope Records,USUM72105930,9898050,6qqNVTkY8uBg9cP3Jd7DAH
my future,Billie Eilish,,,Happier Than Ever,2021-07-30,3YUMWmx8EJq0DurfuIwoGh,Darkroom/Interscope Records,USUM72013019,12987747,6qqNVTkY8uBg9cP3Jd7DAH
Your Power,Billie Eilish,,,Happier Than Ever,2021-07-30,042Sl6Mn83JHyLEqdK7uI0,Darkroom/Interscope Records,USUM72105934,14385425,6qqNVTkY8uBg9cP3Jd7DAH
OverHeated,Billie Eilish,,,Happier Than Ever,2021-07-30,5uSG6fUPRaehaV820zcpsK,Darkroom/Interscope Records,USUM72105932,6492054,6qqNVTkY8uBg9cP3Jd7DAH
Not My Responsibility,Billie Eilish,,,Happier Than Ever,2021-07-30,4T2zre0jqstNJ5Gt0WG9lz,Darkroom/Interscope Records,USUM72105931,5330564,6qqNVTkY8uBg9cP3Jd7DAH
Male Fantasy,Billie Eilish,,,Happier Than Ever,2021-07-30,4ak9GGe6afmi2HbxEjvhIC,Darkroom/Interscope Records,USUM72105937,9003801,6qqNVTkY8uBg9cP3Jd7DAH
Therefore I Am,Billie Eilish,,,Happier Than Ever,2021-07-30,20R4HfKloPKgXDqU7UKk3x,Darkroom/Interscope Records,USUM72021500,18627624,6qqNVTkY8uBg9cP3Jd7DAH
Everybody Dies,Billie Eilish,,,Happier Than Ever,2021-07-30,5jhBwnqzNNrENXnYrAdoCe,Darkroom/Interscope Records,USUM72105933,6175174,6qqNVTkY8uBg9cP3Jd7DAH
Se Me Olvidó,"Gera MX, Rels B","mexican hip hop, latin hip hop, urbano latino, trap latino","Hip Hop, Latin",Se Me Olvidó,2021-07-30,7xLYLM5K6S1TwiSdfuhZQg,Rich Vagos Entertainment,QZHZ62174281,5655126,"2hejA1Dkf8v8R0koF44FvW, 2IMZYfNi21MGqxopj9fWx8"
From the Garden (feat. Lil Uzi Vert),"Isaiah Rashad, Lil Uzi Vert",melodic rap,Hip Hop,The House Is Burning,2021-07-30,3Dah4SWoWwekrG4GShaHVP,Top Dawg Entertainment/Warner Records,USWB12101901,880404,"6aaMZ3fcfLv4tEbmY7bjRM, 4O15NlyKLIASxsJ0PrXPfz"
ALMAS GEMELAS,Myke Towers,"reggaeton, trap latino, urbano latino",Latin,ALMAS GEMELAS,2021-07-22,2KcNrONbZ0hvBPjvrDO2tx,WEA Latina,USWL12100336,65828346,7iK8PXO48WeuP03g8YR51W
Better Days,Dermot Kennedy,,,Better Days,2021-07-28,2vCKQ9NNCTXoAF8ltW0Zv9,Riggins Recording,USUG12102831,757394,5KNNVgR6LBIABRIomyCwKJ
Se Joga no Passinho,"Brisa Star, Thiago Jhonathan (TJ)","piseiro, forró, arrocha, sertanejo, brega, tecnobrega","Country, Latin",Se Joga no Passinho,2021-06-18,41pFFOnh1glVNIlrWOpBjb,Brisa Star,BXI8I2100073,7368703,"7fKfVo62Yx50GtTdIgeBqk, 0cZ0hBu2JZFT99wDzEfS89"
Rolê,"Tarcísio do Acordeon, Marcynho Sensação","piseiro, forró, arrocha, sertanejo, seresta, brega","Country, Latin",Rolê,2021-07-23,25141FAgU1OmwoC9W2i5E3,Sua Música,BCTOE2100101,31780835,"48HORs6F9P7IgdyKrk4MZC, 4dnPDc045bVjibyATxVUOs"
Auf & Ab,Montez,"german pop, german hip hop","Hip Hop, Pop",Auf & Ab,2021-07-30,0RSZ8EmUPEN3ySfCgytPke,Vertigo Berlin,DEUM72117051,20934156,5ZY4M2aGiTaZQEP6HfqeJc
Volví,"Aventura, Bad Bunny","bachata, bachata pop, reggaeton, trap latino, latin, urbano latino","Latin, Pop",Volví,2021-08-03,2vmfvSoZBFAt9hhRoEByLi,Rimas Entertainment LLC,QMFME2168127,311562761,"1qto4hHid1P71emI6Fd8xi, 4q3ewBCX7sLwd24euuV69X"
Dandelions,Ruth B.,,,Safe Haven,2017-05-05,2eAvDnpXP5W0cVtiI0PUxV,Columbia,USSM11703468,119486675,2WzaAvm2bBCf4pEhyuDgCY
Take My Breath - Single Version,The Weeknd,,,Take My Breath,2021-08-06,6OGogr19zPTM4BALXuMQpF,XO / Republic Records,USUG12102076,37294724,1Xyo4u8uXC1ZmMpatF05PJ
Lose,"KSI, Lil Wayne","rap, hip hop",Hip Hop,Lose,2021-08-06,7nVERWQXlgZRQsYw4fHf3b,BMG Rights Management (US) LLC,QMRSZ2101877,6643667,"1nzgtKYFckznkcVMR3Gg4z, 55Aa2cqylxrFIXC767Z865"
Love Runs Out (feat. G-Eazy & Sasha Alex Sloan),"Martin Garrix, G-Eazy, Sasha Alex Sloan","edm, electronica, progressive house, ",Electronic,Love Runs Out (feat. G-Eazy & Sasha Alex Sloan),2021-08-06,3jbAzLVcHiI5hYSkcKe1Ty,Epic Amsterdam,NLM5S2101396,4150793,"60d24wfXkVzDSfLS6hyCjZ, 02kJSzxNuaWGqwubyUba0Z, 4xnihxcoXWK3UqryOSnbw5"
SUVs (Black on Black),"Jack Harlow, Pooh Shiesty",memphis rap,Hip Hop,SUVs (Black on Black),2021-08-03,1MIGkQxcdAt2lDx6ySpsc5,Generation Now/Atlantic,USAT22102616,7200773,"2LIk90788K0zvyj2JJVwkJ, 5F1aAS1duwlzExnPs3l2Xe"
@ my worst,blackbear,,,@ my worst,2021-08-06,0mHGftgYtmpH4y17T3VZ2E,Alamo/Columbia,USQX92103034,945570,2cFrymmkijnjDg9SS92EPM
REPEAT IT (with Gunna),"Lil Tecca, Gunna","melodic rap, rap",Hip Hop,REPEAT IT,2021-08-06,21AJQhGZpujjZQXByZAXpr,Galactic Records/Republic Records,USUM72113370,13511325,"4Ga1P7PMIsmqEZqhYZQgDo, 2hlmm7s2ICUX0LVIhVFlZQ"
i hope ur miserable until ur dead,Nessa Barrett,,,i hope ur miserable until ur dead,2021-08-06,4ka1FkKAMde6dQAFFMXKac,Warner Records,USWB12102325,2914367,7pwufEBGfggjoI8twqlsmQ
Love Tonight (David Guetta Remix Edit),"Shouse, David Guetta","edm, dance",Electronic,Love Tonight (David Guetta Remix),2021-06-11,2prnn41CblB8B4yWACDljP,Hell Beach,USA2P2120718,22200660,"2TcGJdSOiOvITBzhvfX8XB, 1Cs0zKBU1kc0i8ypK3B9ai"
Dark Red,Steve Lacy,,,Dark Red,2017-02-20,37y7iDayfwm3WXn5BiAoRk,Three Quarter,GBKPL1778015,165766468,57vWImR43h4CaDao012Ofp
Bilmem Mi?,Sefo,"turkish hip hop, turkish pop","Hip Hop, Pop",Bilmem Mi?,2021-07-09,6wbDn8NI3ygkOeDJiS0ASi,3TR6AP2,QMFME2103846,20818405,1ITjgqpqMDJlqZGAK3mlPQ
AOK,Tai Verdes,,,TV,2021-05-20,1sx0XsWUusUoPstbvokZjP,Arista Records,USQX92101406,77011571,2kCO8LXN1usaOPL3iEE28I
Quer Voar,Matuê,"brazilian trap, trap, brazilian hip hop, trap funk","Hip Hop, Electronic",Quer Voar,2021-08-11,7aZusA4cWXz3Wv9e9uhavz,Sony Music Entertainment,BXW922100012,50984557,5nP8x4uEFjAAmDzwOEc9b8
papercuts,mgk,,,papercuts,2021-08-12,3nkW3TPQjBip1lER4h78NX,Bad Boy/Interscope Records,USUM72113154,5370495,6TIYQ3jFPwQSRmorSezPxX
Rumors (feat. Cardi B),"Lizzo, Cardi B",,,Rumors (feat. Cardi B),2021-08-13,6KgtcmCF9Ky68XC7ezxl3s,Nice Life/Atlantic,USAT22104137,54101401,"56oDRnqbIiwx4mymNEv7dS, 4kYSro6naA4h99UJvo89HB"
Don't Be Shy,"Tiësto, KAROL G","edm, trance, big room, house, dance, reggaeton, latin, urbano latino","Electronic, Latin",Don't Be Shy,2021-08-12,0bI7K9Becu2dtXK1Q3cZNB,Atlantic Records,CYA112000981,191578278,"2o5jDhtHVPhrJdv3cEQ99Z, 790FomKkXshlbRYZFtlgla"
Love Me Now (feat. Zoe Wees),"Kygo, Zoe Wees","tropical house, ",Electronic,Love Me Now (feat. Zoe Wees),2021-08-13,1c1sdxrYLIiuJOlE7PPttb,Kygo/RCA Records,USRC12102261,6362152,"23fqKkggKUBHNkbKtXEls4, 03d2mJXSMtuPI0nIvLnhoS"
Cold Heart - PNAU Remix,"Elton John, Dua Lipa, PNAU","pop, ",Pop,Cold Heart (PNAU Remix),2021-08-13,6zSpb8dQRaw0M1dK8PBwQz,EMI,GBUM72104705,159129877,"3PhoLpVuITZKcymswpck5b, 6M2wZ9GZgrQXHCFfjv46we, 6n28c9qs9hNGriNa72b26u"
Im Schatten der Feigenbäume,Shindy,german hip hop,Hip Hop,Im Schatten der Feigenbäume,2021-08-12,4RXaGSgu3taiAD1ZjZtnF2,Sony Music/Friends with Money,DEXH32100005,1088488,5j21TGkrNEAJe3gG9VlS34
OUT OUT (feat. Charli XCX & Saweetie),"Joel Corry, Jax Jones, Charli xcx, Saweetie","dance pop, hyperpop, art pop, ",Pop,OUT OUT (feat. Charli XCX & Saweetie),2021-08-13,6Dy1jexKYriXAVG6evyUTJ,Atlantic Records UK,UK4ZF2100518,157344617,"6DgP9otnZw5z6daOntINxp, 4Q6nIcaBED8qUel8bBx6Cr, 25uiPmTg16RbhZWAqwLBy5, 6cK3NBO6uP7hh0oyuVELFl"
Just for Me,PinkPantheress,bedroom pop,Pop,Just for me,2021-08-13,6OTKVgVpVaVjhRLYizPJKA,Parlophone UK,GBAYE2101058,16897571,78rUTD7y6Cy67W1RVzYs7t
Loquita,"Reik, Rauw Alejandro","latin pop, reggaeton, urbano latino, trap latino, latin","Latin, Pop",Loquita,2021-08-12,2OTULPNeQUkwQ0tNzcG7tj,Sony Music México,MXF012100160,814580,"0vR2qb8m9WHeZ5ByCbimq2, 1mcTU81TzQhprhouKaTkpq"
Você Beberia Ou Não Beberia?,Zé Neto & Cristiano,"sertanejo, sertanejo universitário, arrocha, agronejo","Country, Latin",Você Beberia Ou Não Beberia?,2021-07-22,4P7IXYPAkinTdZrBF5bGWp,Som Livre,BRWNV2100023,25592498,487N2T9nIPEHrlTZLL3SQs
Se Essa Bunda,"Costa Gold, Kawe, André Nine","brazilian hip hop, brazilian trap, boom bap, trap, trap funk","Hip Hop, Electronic",Se Essa Bunda,2021-07-29,7gMWTBRgB5CZdNDSuweCyr,Som Livre,BRRGE2102342,3043036,"7q1aEytv83jXNECmyaMhgn, 1TYJOhNSxMOODWiDVhuyZb, 5cc7XCY3YdVmFDYw9LklMq"
Senta Danada,"Zé Felipe, Os Barões Da Pisadinha","piseiro, sertanejo, arrocha, agronejo, forró, sertanejo universitário, brega, tecnobrega","Country, Latin",Senta Danada,2021-07-16,2R9IrE42Mw4zdUXAEFNiZL,Som Livre,BRTLW2100007,7121201,"7cmuxPnXRJxwuYDHfbD8Eu, 5Lv2GUVwqmQBPwrTrxucE5"
Mi Debilidad,Maria Becerra,argentine trap,Hip Hop,Mi Debilidad,2021-07-29,70LLyzO7jT6DsQvCwwHDch,300 Entertainment,QMCE32100529,5093975,1DxLCyH42yaHKGK3cl5bvG
Take My Breath - Single Version,The Weeknd,,,Take My Breath,2021-08-05,6M3PsepEj5gyJoIi7Xvr7u,XO / Republic Records,USUG12102076,212570330,1Xyo4u8uXC1ZmMpatF05PJ
Queendom,Red Velvet,k-pop,Pop,Queendom - The 6th Mini Album,2021-08-16,6SpPr7K4YQ2wp8jU6uOTmQ,SM Entertainment,KRA302100268,3248410,1z4g3DjTBBZKhvAroFlhOM
Raataan Lambiyan (From  Shershaah ),"Tanishk Bagchi, Jubin Nautiyal, Asees Kaur","bollywood, hindi pop, desi, desi pop, bhajan, devotional, gujarati garba","New age, Hip Hop, Pop, Jazz",Raataan Lambiyan (From  Shershaah ),2021-07-30,2rOnSn2piaqLAlYjtfUBlY,Sony Music Entertainment India Pvt. Ltd.,INS172102667,55697121,"4f7KfxeHq9BiylGmyXepGt, 1tqysapcCh1lWEAc9dIFpa, 1sVmXkzX2ukc6QvasrDBES"
Essence (feat. Justin Bieber & Tems),"Wizkid, Justin Bieber, Tems","afrobeats, afrobeat, afropop, azonto, afroswing, afropiano, dancehall, alté","Traditional music, R&B, Pop",Essence (feat. Justin Bieber & Tems),2021-08-13,1mSdbey7RstGLY2udgXv74,Starboy/RCA Records,USRC12102450,5411380,"3tVQdUvClmAT7URs9V3rsp, 1uNFoZAHBGtllmzznpCI3s, 687cZJR45JO7jhk1LHIbgq"
LO$ER=LO♡ER,TOMORROW X TOGETHER,k-pop,Pop,The Chaos Chapter: FIGHT OR ESCAPE,2021-08-17,21aOLk12MksET8AsbU0SI6,Republic Records - TXT,USA2P2119859,7437353,0ghlgldX5Dd6720Q3qFyQB
Ranjha (From  Shershaah ),"Jasleen Royal, B Praak, Romy","hindi pop, bollywood, gujarati pop, desi, hindi indie, desi pop, punjabi pop, sufi","Hip Hop, Pop, Rock, Traditional music",Ranjha (From  Shershaah ),2021-08-05,72zHuDxFQTjbL51qJQSA7j,Sony Music Entertainment India Pvt. Ltd.,INS172102719,44794051,"74OaRjmyh0XyRZsQQQ5l7c, 56SjZARoEvag3RoKWIb16j, 0bRPtPZQkWHeG7MGk9eWlh"
Loverboy,A-Wall,bedroom pop,Pop,Loverboy,2019-06-28,3CboywxfJIgvHqi2FF4exb,Revolution Records,QZFZ41979172,7066167,56OjNTX2bkrdGcB0staUOV
edamame,"bbno$, Rich Brian","meme rap, ",Hip Hop,edamame,2021-07-24,1uMHCAyGmHqyygoNRuo7MV,"bbno$, Rich Brian appears courtesy of 88Rising",QMUY42100151,49241255,"41X1TR6hrK8Q2ZCpp2EqCz, 2IDLDx25HU1nQMKde4n61a"
Mood Ring,Lorde,,,Mood Ring,2021-08-17,1I042sygvOn2C5SybTCuJ1,Universal Music New Zealand Limited,NZUM72100187,711158,163tK9Wjr9P9DmM0AVK7lm
Visiting Hours,Ed Sheeran,soft pop,Pop,Visiting Hours,2021-08-19,44V6EzbUSYgyfsNiP0FrlA,Atlantic Records/Asylum,GBAHS2100680,31783675,6eUKZXaKkcviH0Ku9w2n3V
INFERNO,"Sub Urban, Bella Poarch",,,INFERNO,2021-08-13,7aonAWn0J0AJ47ZU9WHCXC,Warner Records,USWB12101521,14079659,"7gXb99Sf9nNmpNYeAgIQFG, 26cMerAxjx9GedFt0lMDjm"
Summer of Love (Shawn Mendes & Tainy),"Shawn Mendes, Tainy","pop, reggaeton","Pop, Latin",Summer Of Love,2021-08-20,0z8hI3OPS8ADPWtoCjjLl6,Shawn Mendes LP4-5 PS/ Island,USUM72114707,69865558,"7n2wHs1TKAczGzO7Dd2rGr, 0GM7qgcRCORpGnfcN2tCiB"
Don’t Go (with Justin Bieber & Don Toliver),"Skrillex, Justin Bieber, Don Toliver","dubstep, edm, electro, electronic, ","Electronic, Hip Hop",Don’t Go (with Justin Bieber & Don Toliver),2021-08-20,55sgQENF3LY1sUcJUwasLl,OWSLA/Atlantic,USAT22101786,23395152,"5he5w2lnU9x7JFhnwcekXX, 1uNFoZAHBGtllmzznpCI3s, 4Gso3d4CscCijv0lmajZWs"
Mood Ring,Lorde,,,Solar Power,2021-08-20,6FE9EXi8TYg09hR4xv5PWJ,Universal Music New Zealand Limited,NZUM72100187,7651593,163tK9Wjr9P9DmM0AVK7lm
Matt Hardy 999 (feat. Juice WRLD),"Trippie Redd, Juice WRLD","melodic rap, emo rap",Hip Hop,Trip At Knight,2021-08-20,4zbr7Cp3UB00FurUovPU03,"1400 Entertainment, Inc. / 10K Projects",QZJ842001147,9494742,"6Xgp2XMz1fhVYe7i6yNAax, 4MCBfE4596Uoi2O4DtmEMz"
Miss The Rage (feat. Playboi Carti),"Trippie Redd, Playboi Carti","melodic rap, rage rap",Hip Hop,Trip At Knight,2021-08-20,6iBlllot0wdy8f7V5t8OnR,"1400 Entertainment, Inc. / 10K Projects",QZJ842000983,10745215,"6Xgp2XMz1fhVYe7i6yNAax, 699OTQXzgjhIYAHMy9RyPD"
Rich MF (feat. Polo G & Lil Durk),"Trippie Redd, Polo G, Lil Durk","melodic rap, drill",Hip Hop,Trip At Knight,2021-08-20,5KQxun2WxwDMsV7HCN2ONK,"1400 Entertainment, Inc. / 10K Projects",QZJ842001154,6767904,"6Xgp2XMz1fhVYe7i6yNAax, 6AgTAQt8XS6jRWi4sX7w49, 3hcs9uc56yIGFCSy9leWe7"
Loco,"Justin Quiles, Chimbala, Zion & Lennox","reggaeton, dembow, latin",Latin,La Última Promesa,2021-08-19,6b2HYgqcK9mvktt4GxAu72,WEA Latina,USWL12100223,82122824,"14zUHaJZo1mnYtn6IBRaRP, 4VVEpEhC8NcR7AqNEds42U, 21451j1KhjAiaYKflxBjr1"
Solar Power,Lorde,,,Solar Power,2021-08-20,5VmpLtRycwbA54XsTffKq4,Universal Music New Zealand Limited,NZUM72100178,4569105,163tK9Wjr9P9DmM0AVK7lm
The Path,Lorde,,,Solar Power,2021-08-20,0jdbVCxHze7xkrdyac3Ksn,Universal Music New Zealand Limited,NZUM72100177,1340550,163tK9Wjr9P9DmM0AVK7lm
Danny Phantom (feat. XXXTENTACION),"Trippie Redd, XXXTENTACION","melodic rap, emo rap",Hip Hop,Trip At Knight,2021-08-20,4LYNt6hWctTuZWYiwafuD6,"1400 Entertainment, Inc. / 10K Projects",QZJ842001150,2146673,"6Xgp2XMz1fhVYe7i6yNAax, 15UsOTVnJzReFVN1VCnxy4"
I GUESS I'M IN LOVE,Clinton Kane,,,I GUESS I'M IN LOVE,2021-08-20,1is8gU4RVcN4J8xItxWoOY,Columbia,USSM12104467,98529948,7okSU80WTrn4LXlyXYbX3P
Stoned at the Nail Salon,Lorde,,,Solar Power,2021-08-20,51dhTHnxNi215JiLXdyurb,Universal Music New Zealand Limited,NZUM72100180,2008773,163tK9Wjr9P9DmM0AVK7lm
MP5 (feat. SoFaygo),"Trippie Redd, SoFaygo","melodic rap, rage rap",Hip Hop,Trip At Knight,2021-08-20,2wbcBAG51wD8fQw8ykL2Ab,"1400 Entertainment, Inc. / 10K Projects",QZJ842001142,1960707,"6Xgp2XMz1fhVYe7i6yNAax, 2SJhf6rTOU53g8yBdAjPby"
Change My Clothes,"Dream, Alec Benjamin",,,Change My Clothes,2021-08-20,4mnjwMLCk3JZkhkok3u5g1,Dream Music / Alec Benjamin appears courtesy of Elektra Records,QZK6G2188949,2681280,"6LArUyIoMiHmDvvOAsE2cd, 5IH6FPUwQTxPSXurCrcIov"
California,Lorde,,,Solar Power,2021-08-20,0ZJLssJk51m0r4j9OvXcju,Universal Music New Zealand Limited,NZUM72100179,1166820,163tK9Wjr9P9DmM0AVK7lm
Molly Hearts,Trippie Redd,melodic rap,Hip Hop,Trip At Knight,2021-08-20,4J4SkI6qmb5ngZVw9mf9op,"1400 Entertainment, Inc. / 10K Projects",QZJ842001141,1163568,6Xgp2XMz1fhVYe7i6yNAax
Holy Smokes (feat. Lil Uzi Vert),"Trippie Redd, Lil Uzi Vert",melodic rap,Hip Hop,Trip At Knight,2021-08-20,26LC5kDFE0vWJzVyaENajX,"1400 Entertainment, Inc. / 10K Projects",QZJ842001118,2750084,"6Xgp2XMz1fhVYe7i6yNAax, 4O15NlyKLIASxsJ0PrXPfz"
Chasing Stars (feat. James Bay),"Alesso, Marshmello, James Bay","edm, ",Electronic,Chasing Stars (feat. James Bay),2021-08-20,6y6xhAgZjvxy5kR5rigpY3,10:22 pm/Astralwerks,USUG12103606,1130727,"4AVFqumd2ogHFlRbKIjp1t, 64KEffDW9EtZ1y2vBYgq8T, 4EzkuveR9pLvDVFNx6foYD"
Wenn du mich siehst,"RAF Camora, Juju",german hip hop,Hip Hop,Wenn du mich siehst,2021-08-20,3hxJ3qXqg8ysYBF1QmO8Ir,Indipendenza,DEQ022105876,1089273,"0Dvx6p8JDyzeOPGmaCIH1L, 4sg4no0TXdsrM1s4SVUwNF"
Fallen Fruit,Lorde,,,Solar Power,2021-08-20,1F4QwL9Rj3retjba8AmkfA,Universal Music New Zealand Limited,NZUM72100181,1064787,163tK9Wjr9P9DmM0AVK7lm
Demon Time (feat. Ski Mask The Slump God),"Trippie Redd, Ski Mask The Slump God","melodic rap, ",Hip Hop,Trip At Knight,2021-08-20,0gcbrwbpdxGHE9nW0TCoKP,"1400 Entertainment, Inc. / 10K Projects",QZJ842001146,1054477,"6Xgp2XMz1fhVYe7i6yNAax, 2rhFzFmezpnW82MNqEKVry"
Super Cell,Trippie Redd,melodic rap,Hip Hop,Trip At Knight,2021-08-20,5KvKGFFNm1Y7jHTjaJF74h,"1400 Entertainment, Inc. / 10K Projects",QZJ842001144,1051682,6Xgp2XMz1fhVYe7i6yNAax
Secrets from a Girl (Who's Seen it All),Lorde,,,Solar Power,2021-08-20,7xgTVcQqY25wPns8HYxPXc,Universal Music New Zealand Limited,NZUM72100182,1036329,163tK9Wjr9P9DmM0AVK7lm
Finish Line,Trippie Redd,melodic rap,Hip Hop,Trip At Knight,2021-08-20,1MJJcJnun68wUdIafVWBzZ,"1400 Entertainment, Inc. / 10K Projects",QZJ842001143,899708,6Xgp2XMz1fhVYe7i6yNAax
The Man with the Axe,Lorde,,,Solar Power,2021-08-20,34kfMYJHLe5w352VsZ5hJ0,Universal Music New Zealand Limited,NZUM72100183,888525,163tK9Wjr9P9DmM0AVK7lm
Chega E Senta - Ao Vivo,John Amplificado,"piseiro, sertanejo, forró, arrocha","Country, Latin",Chega E Senta (Ao Vivo),2021-08-06,2ookQf9qP2qiBuNFnNXyfl,Virgin Music Label And Artist Services (S&D),BXWOW2100001,38096491,2zjdf1M6DGPcBFnvEYmydy
Dominoes,Lorde,,,Solar Power,2021-08-20,7hyKvmmy6IUPvRP149vZyy,Universal Music New Zealand Limited,NZUM72100184,833200,163tK9Wjr9P9DmM0AVK7lm
Big Star,Lorde,,,Solar Power,2021-08-20,6Hgk1HQsWfx6VmivH45Csc,Universal Music New Zealand Limited,NZUM72100185,815146,163tK9Wjr9P9DmM0AVK7lm
Arranhão - Ao Vivo,Henrique & Juliano,"sertanejo, sertanejo universitário, arrocha, agronejo","Country, Latin",Arranhão (Ao Vivo),2021-08-06,4u06FbRh6FvV2FQZkouzCw,Virgin Music Label And Artist Services (S&D),BCVDD2100001,91019603,3p7PcrEHaaKLJnPUGOtRlT
Like I Can,Sam Smith,soft pop,Pop,In The Lonely Hour (Deluxe),2014-01-01,0mJBiaODgK0XjOLCN5fItq,PLG - Capitol,GBUM71308834,90306093,2wY79sveU1sp5g7SokKOiI
Supernatural,Trippie Redd,melodic rap,Hip Hop,Trip At Knight,2021-08-20,0Vn54m592UkfxfuvAuSr3H,"1400 Entertainment, Inc. / 10K Projects",QZJ842001145,803519,6Xgp2XMz1fhVYe7i6yNAax
Betrayal (feat. Drake),"Trippie Redd, Drake","melodic rap, rap, hip hop",Hip Hop,Trip At Knight (Complete Edition),2021-08-21,4mOkfIYbMX9PXx27hj8NTi,"1400 Entertainment, Inc. / 10K Projects",QZJ842001215,3311367,"6Xgp2XMz1fhVYe7i6yNAax, 3TVXtAsR1Inumwj472S9r4"
Thunderous,Stray Kids,k-pop,Pop,NOEASY,2021-08-23,3XHJUG5I2zYqOEmEZUX68n,Sony Music Labels Inc.,US5TA2100068,9646389,2dIgFjalVxs4ThymZ67YCE
DOMINO,Stray Kids,k-pop,Pop,NOEASY,2021-08-23,6h9xMouzZfgzhfAJJnVoZz,Sony Music Labels Inc.,US5TA2100069,1518431,2dIgFjalVxs4ThymZ67YCE
CHEESE,Stray Kids,k-pop,Pop,NOEASY,2021-08-23,5Kllw7Fco57MHtMEGgRdoc,Sony Music Labels Inc.,US5TA2100067,735011,2dIgFjalVxs4ThymZ67YCE
"Paint It, Black",The Rolling Stones,"classic rock, rock",Rock,Aftermath,1966-04-15,63T7DJ1AFDD6Bn8VzG6JE8,"ABKCO Music and Records, Inc.",USA176610020,709975,22bE4uQ6baNwSHPVcDxLCe
Where Are You Now,"Lost Frequencies, Calum Scott","tropical house, soft pop","Pop, Electronic",Where Are You Now,2021-07-30,3uUuGVFu1V7jTQL60S1r8z,Epic Amsterdam,BEHP42100067,201243417,"7f5Zgnp2spUuuzKplmRkt7, 6ydoSd3N2mwgwBHtF6K7eX"
Butter (Megan Thee Stallion Remix),"BTS, Megan Thee Stallion","k-pop, ",Pop,Butter (Megan Thee Stallion Remix),2021-08-27,3JR0ducCexKbeK47g6AHm5,BIGHIT MUSIC,QMFME2195608,38827030,"3Nrfpe0tUJi4K4DXYWgMUX, 181bsRPaVXVlUKXrxwZfHK"
family ties (with Kendrick Lamar),"Baby Keem, Kendrick Lamar","hip hop, west coast hip hop",Hip Hop,family ties (with Kendrick Lamar),2021-08-27,7Bpx2vsWfQFBACRz4h3IqH,Columbia,USSM12105949,27074865,"5SXuuuRpukkTvsLuUknva1, 2YZyLoL8N0Wb9xBt1NhZWg"
"I am not a woman, I'm a god",Halsey,,,"If I Can’t Have Love, I Want Power",2021-08-27,5RhFmJifQe83FpQ6ZFFTZ5,Capitol Records,USUM72106132,10225584,26VFTg2z8YR0cCuwLzESi2
"Belly, The Weeknd - Die For It (ft. Nas)","Belly, The Weeknd, Nas","east coast hip hop, hip hop",Hip Hop,See You Next Wednesday,2021-08-27,2Nc1v8I86FUGorwjXKo0in,"XO | Roc Nation Records, LLC",QMJMT2103522,3881821,"0FOWNUFHPnMy0vOw1siGqi, 1Xyo4u8uXC1ZmMpatF05PJ, 20qISvAhX20dpIbOOzGK3q"
Run,OneRepublic,soft pop,Pop,Human (Deluxe),2021-08-27,6KL88T4Ma4ABXqzgUoEwkd,Mosley Music/Interscope Records,USUM72004315,42781608,5Pwc4xIPtQLFEnJriah9YJ
Sharing Locations (feat. Lil Baby & Lil Durk),"Meek Mill, Lil Durk, Lil Baby","rap, drill, ",Hip Hop,Sharing Locations (feat. Lil Baby & Lil Durk),2021-08-27,3J4VKkUpLvomXJbn9ZAypO,MMG/Atlantic,USAT22105014,11399834,"20sxb77xiYeusSH8cVdatc, 3hcs9uc56yIGFCSy9leWe7, 5f7VJjfbwm532GiveGC0ZK"
999 (with Camilo),"Selena Gomez, Camilo","pop, colombian pop",Pop,999 (with Camilo),2021-08-26,0EtuSDTRJYUwlPf4y6coIz,Interscope Records,USUG12103609,3494958,"0C8ZW7ezQVs4URX5aX7Kqx, 28gNT5KBp7IjEOQoevXf9N"
REPEAT IT (with Gunna),"Lil Tecca, Gunna","melodic rap, rap",Hip Hop,We Love You Tecca 2,2021-08-27,4s6vwFgPdCtidpEw8KuQT6,Galactic / Republic Records,USUM72113370,4103083,"4Ga1P7PMIsmqEZqhYZQgDo, 2hlmm7s2ICUX0LVIhVFlZQ"
Someday,OneRepublic,soft pop,Pop,Human (Deluxe),2021-08-27,6aDsgHPZsMztSbZernzlF8,Mosley Music/Interscope Records,USUM72004317,966585,5Pwc4xIPtQLFEnJriah9YJ
"CHOPPA SHOOT THE LOUDEST (with Chief Keef, feat.Trippie Redd)","Lil Tecca, Chief Keef, Trippie Redd","melodic rap, rap, drill",Hip Hop,We Love You Tecca 2,2021-08-27,2MyQK6cKu9IAzNXiBm7TD0,Galactic / Republic Records,USUM72113382,922296,"4Ga1P7PMIsmqEZqhYZQgDo, 15iVAtD3s3FsQR4w1v6M0P, 6Xgp2XMz1fhVYe7i6yNAax"
The Tradition,Halsey,,,"If I Can’t Have Love, I Want Power",2021-08-27,3e2bWR3uFw1utzl37g4z3S,Capitol Records,USUM72106122,915388,26VFTg2z8YR0cCuwLzESi2
Wow Wow (feat. Becky G),"Maria Becerra, Becky G","argentine trap, reggaeton, latin","Hip Hop, Latin",Animal,2021-08-26,4Yip3hds5IHyT7AqoNHfmX,300 Entertainment,QMCE32100698,27663444,"1DxLCyH42yaHKGK3cl5bvG, 4obzFoKoKRHIphyHzJ35G3"
Remember (with David Guetta),"Becky Hill, David Guetta","edm, dance",Electronic,Only Honest On The Weekend,2021-08-27,6feiJqgHqeSvkGUzf11AYs,Polydor Records,GBUM72102420,8731637,"4EPJlUEBy49EX1wuFOvtjK, 1Cs0zKBU1kc0i8ypK3B9ai"
Bells in Santa Fe,Halsey,,,"If I Can’t Have Love, I Want Power",2021-08-27,1Knd3MtE5sEQMh6txcg0k0,Capitol Records,USUM72106123,848006,26VFTg2z8YR0cCuwLzESi2
justified,Kacey Musgraves,,,justified,2021-08-27,6IW4TUC3zHW4tpikDg1w7Y,MCA Nashville,USUM72106231,844691,70kkdajctXSbqSMJbQO424
Easier than Lying,Halsey,,,"If I Can’t Have Love, I Want Power",2021-08-27,7N1TIml2jRQRgXUrpXgXrk,Capitol Records,USUM72106124,806215,26VFTg2z8YR0cCuwLzESi2
Lilith,Halsey,,,"If I Can’t Have Love, I Want Power",2021-08-27,5pteD2j5hzE9qeP8BrVT1o,Capitol Records,USUM72106125,776212,26VFTg2z8YR0cCuwLzESi2
Loverboy,A-Wall,bedroom pop,Pop,Helios,2019-08-04,0qXP5fMhxGzxALOkXYUxfP,Lord A-Wall Records,QZFZ41979172,29154823,56OjNTX2bkrdGcB0staUOV
Zero Saudade - Ao Vivo,"Os Barões Da Pisadinha, Maiara & Maraisa","piseiro, forró, sertanejo, arrocha, brega, tecnobrega, agronejo, sertanejo universitário","Country, Latin",Da Roça Pra Cidade (Ao Vivo),2021-08-25,1hs2hRwPfyFLoYIf6jY1W7,Sony Music Entertainment,BXDW72100049,4934472,"5Lv2GUVwqmQBPwrTrxucE5, 59jlthNnbmim5l9tmNA7se"
Jail,Kanye West,rap,Hip Hop,Donda,2021-08-29,42ZrMq4BKsWDrrbMnMRYaK,Rock The World/IDJ/Kanye LP7,USUM72116263,50762019,5K4W6rqBFWDnAN6FQUkS6x
Hurricane,Kanye West,rap,Hip Hop,Donda,2021-08-29,0RbW8kWozrVSIGb4V13o0o,Rock The World/IDJ/Kanye LP7,USUM72116311,109764733,5K4W6rqBFWDnAN6FQUkS6x
Off The Grid,Kanye West,rap,Hip Hop,Donda,2021-08-29,2gbMPBrBVj3CuNTLp2dHYs,Rock The World/IDJ/Kanye LP7,USUM72116304,66822823,5K4W6rqBFWDnAN6FQUkS6x
Ok Ok pt 2,Kanye West,rap,Hip Hop,Donda,2021-08-29,1QCqedB1ibmRO9x7Ikb5LI,Rock The World/IDJ/Kanye LP7,USUM72116308,9303266,5K4W6rqBFWDnAN6FQUkS6x
God Breathed,Kanye West,rap,Hip Hop,Donda,2021-08-29,1dPNJDYuW9QAtkOpK3eBvO,Rock The World/IDJ/Kanye LP7,USUM72116306,19029291,5K4W6rqBFWDnAN6FQUkS6x
Praise God,Kanye West,rap,Hip Hop,Donda,2021-08-29,0Zm7NKJgoKY6ZWwtoEUILK,Rock The World/IDJ/Kanye LP7,USUM72116287,34808608,5K4W6rqBFWDnAN6FQUkS6x
Moon,Kanye West,rap,Hip Hop,Donda,2021-08-29,2Rd4eJ4KwXQQn2sMSToyUM,Rock The World/IDJ/Kanye LP7,USUM72116291,60568793,5K4W6rqBFWDnAN6FQUkS6x
Jonah,Kanye West,rap,Hip Hop,Donda,2021-08-29,3gWzTnziivUYzqXtnvgN8q,Rock The World/IDJ/Kanye LP7,USUM72116302,22862650,5K4W6rqBFWDnAN6FQUkS6x
Believe What I Say,Kanye West,rap,Hip Hop,Donda,2021-08-29,73uxnSsFMeJ15POpd3zgrV,Rock The World/IDJ/Kanye LP7,USUM72116288,25543448,5K4W6rqBFWDnAN6FQUkS6x
Junya,Kanye West,rap,Hip Hop,Donda,2021-08-29,1aF9TeHZbe6OVo9dtjPuzK,Rock The World/IDJ/Kanye LP7,USUM72116283,17845221,5K4W6rqBFWDnAN6FQUkS6x
Donda Chant,Kanye West,rap,Hip Hop,Donda,2021-08-29,3VlW71ZRJPEjd17W0bW28D,Rock The World/IDJ/Kanye LP7,USUM72116307,8158252,5K4W6rqBFWDnAN6FQUkS6x
24,Kanye West,rap,Hip Hop,Donda,2021-08-29,7DBFslKWQzoRgO0HBBkL3u,Rock The World/IDJ/Kanye LP7,USUM72116289,17462589,5K4W6rqBFWDnAN6FQUkS6x
Heaven and Hell,Kanye West,rap,Hip Hop,Donda,2021-08-29,2ZUJsR8HEktit58X6FuPQM,Rock The World/IDJ/Kanye LP7,USUM72116292,20980096,5K4W6rqBFWDnAN6FQUkS6x
Remote Control,Kanye West,rap,Hip Hop,Donda,2021-08-29,3SYLoL8KHxdQPYIkfwmUjN,Rock The World/IDJ/Kanye LP7,USUM72116290,17652400,5K4W6rqBFWDnAN6FQUkS6x
Donda,Kanye West,rap,Hip Hop,Donda,2021-08-29,2TJ1FOCmCBkKm418MjVw5D,Rock The World/IDJ/Kanye LP7,USUM72116313,11980068,5K4W6rqBFWDnAN6FQUkS6x
No Child Left Behind,Kanye West,rap,Hip Hop,Donda,2021-08-29,3onYsG7nB3FwEVHYYWCrIM,Rock The World/IDJ/Kanye LP7,USUM72116303,20754175,5K4W6rqBFWDnAN6FQUkS6x
Keep My Spirit Alive,Kanye West,rap,Hip Hop,Donda,2021-08-29,4IlOyxGATYUp7YVy5zrSW8,Rock The World/IDJ/Kanye LP7,USUM72116293,11870883,5K4W6rqBFWDnAN6FQUkS6x
Jesus Lord,Kanye West,rap,Hip Hop,Donda,2021-08-29,56JwgcQcxo08w7YXrBzrA5,Rock The World/IDJ/Kanye LP7,USUM72116264,12707249,5K4W6rqBFWDnAN6FQUkS6x
Pure Souls,Kanye West,rap,Hip Hop,Donda,2021-08-29,7up5MwPUHQdv4DkzQRHRWP,Rock The World/IDJ/Kanye LP7,USUM72116299,17206401,5K4W6rqBFWDnAN6FQUkS6x
New Again,Kanye West,rap,Hip Hop,Donda,2021-08-29,2GPTiPR5db727wu1tFvFt4,Rock The World/IDJ/Kanye LP7,USUM72116296,10967462,5K4W6rqBFWDnAN6FQUkS6x
Tell The Vision,Kanye West,rap,Hip Hop,Donda,2021-08-29,34TiQsddaGhd8lmzJfxSzH,Rock The World/IDJ/Kanye LP7,USUM72116312,7880253,5K4W6rqBFWDnAN6FQUkS6x
Lord I Need You,Kanye West,rap,Hip Hop,Donda,2021-08-29,5YRFttxjAEgm2nq5Z2tlqK,Rock The World/IDJ/Kanye LP7,USUM72116278,9221270,5K4W6rqBFWDnAN6FQUkS6x
Come to Life,Kanye West,rap,Hip Hop,Donda,2021-08-29,6DZz58CbF0AKw5PCKqNKcM,Rock The World/IDJ/Kanye LP7,USUM72116280,9697359,5K4W6rqBFWDnAN6FQUkS6x
Junya pt 2,Kanye West,rap,Hip Hop,Donda,2021-08-29,7soCc4TpT99bOhJoCiMqFN,Rock The World/IDJ/Kanye LP7,USUM72116256,5874245,5K4W6rqBFWDnAN6FQUkS6x
Jesus Lord pt 2,Kanye West,rap,Hip Hop,Donda,2021-08-29,72dummgz1gSqm8faekYYQh,Rock The World/IDJ/Kanye LP7,USUM72116310,5279596,5K4W6rqBFWDnAN6FQUkS6x
Rolling in the Deep,Adele,soft pop,Pop,21,2011-01-19,6IAZHEBUIGJ6NJKxxOBIEr,XL Recordings,GBBKS1000335,104167084,4dpARuHxo51G3z768sgnrY
Ok Ok,Kanye West,rap,Hip Hop,Donda,2021-08-29,4VYEnxm7lmtG5sEEbcmORB,Rock The World/IDJ/Kanye LP7,USUM72116286,18826882,5K4W6rqBFWDnAN6FQUkS6x
Bilmem Mi?,Sefo,"turkish hip hop, turkish pop","Hip Hop, Pop",Bilmem Mi?,2021-07-08,0IF4B98sMyCv1lZjpS1FGz,3TR6AP2,QZK6F2183475,2487015,1ITjgqpqMDJlqZGAK3mlPQ
Mon Amour - Remix,"zzoilo, Aitana","latin pop, ",Pop,Mon Amour (Remix),2021-08-18,5TMLavqGRKNxgzMBrVpC9R,Universal Music Spain S.L.,ES5702101693,137196841,"7c53ZFyajVMTo08HmvoB6b, 7eLcDZDYHXZCebtQmVFL25"
Gangsta's Paradise,"Coolio, L.V.","west coast hip hop, g-funk, new jack swing","Hip Hop, R&B",Gangsta's Paradise,1995-11-07,7lQWRAjyhTpCWFC0jmclT4,"Tommy Boy Music, LLC",USTB10400128,60656221,"3y24n3XhZ96wgwRXjvS17T, 2LhsePRtgCo4THVKULQBL7"
Jail pt 2,Kanye West,rap,Hip Hop,Donda,2021-08-29,7f1w2rZoIf7g56McEUTh5W,Rock The World/IDJ/Kanye LP7,USUM72116309,5786339,5K4W6rqBFWDnAN6FQUkS6x
Meet Me At Our Spot,"THE ANXIETY, WILLOW, Tyler Cole",,,THE ANXIETY,2020-03-13,07MDkzWARZaLEdKxo6yArG,"MSFTSMusic / Roc Nation Records, LLC",QMJMT2002693,200453385,"64H8UqGLbJFHwKtGxiV8OP, 3rWZHrfrsPBxVy692yAIxF, 1xoxekeb8jUVHKJB7m6bfg"
Life Goes On,Oliver Tree,,,"Ugly is Beautiful: Shorter, Thicker & Uglier (Deluxe)",2021-05-28,0eu4C55hL6x29mmeAjytzC,Atlantic Records,USAT22007153,239980960,6TLwD7HPWuiOzvXEa3oCNe
I Still Have Faith In You,ABBA,,,I Still Have Faith In You / Don't Shut Me Down,2021-09-02,3ddxe0WYUpNPtSnHgQOad5,Polar Music International AB,SE6XG2100101,5541259,0LcJLqbBmaGUft1e9Mm8HV
Girls Want Girls (with Lil Baby),"Drake, Lil Baby","rap, hip hop, ",Hip Hop,Certified Lover Boy,2021-09-03,37Nqx7iavZpotJSDXZWbJ3,OVO,USUG12104399,150440670,"3TVXtAsR1Inumwj472S9r4, 5f7VJjfbwm532GiveGC0ZK"
Champagne Poetry,Drake,"rap, hip hop",Hip Hop,Certified Lover Boy,2021-09-03,2HSmyk2qMN8WQjuGhaQgCk,OVO,USUG12104397,70177141,3TVXtAsR1Inumwj472S9r4
Fair Trade (with Travis Scott),"Drake, Travis Scott","rap, hip hop",Hip Hop,Certified Lover Boy,2021-09-03,40iJIUlhi6renaREYGeIDS,OVO,USUG12104402,214959821,"3TVXtAsR1Inumwj472S9r4, 0Y5tJX1MQlPlqiwlOH1tJY"
Papi’s Home,Drake,"rap, hip hop",Hip Hop,Certified Lover Boy,2021-09-03,6jy9yJfgCsMHdu2Oz4BGKX,OVO,USUG12104398,38434606,3TVXtAsR1Inumwj472S9r4
Way 2 Sexy (with Future & Young Thug),"Drake, Future, Young Thug","rap, hip hop, melodic rap, trap",Hip Hop,Certified Lover Boy,2021-09-03,0k1WUmIRnG3xU6fvvDVfRG,OVO,USUG12104403,246623723,"3TVXtAsR1Inumwj472S9r4, 1RyvyyTE3xzB2ZywiAwp0i, 50co4Is1HCEo8bhOyUWKpn"
In The Bible (with Lil Durk & Giveon),"Drake, Lil Durk, GIVĒON","rap, hip hop, drill, r&b","Hip Hop, R&B",Certified Lover Boy,2021-09-03,61S79KIVA4I9FXbnsylEHT,OVO,USUG12104400,36552412,"3TVXtAsR1Inumwj472S9r4, 3hcs9uc56yIGFCSy9leWe7, 4fxd5Ee7UefO4CUXgwJ7IP"
Love All (with JAY-Z),"Drake, JAY-Z","rap, hip hop, east coast hip hop",Hip Hop,Certified Lover Boy,2021-09-03,4VCbgIdr8ptegWeJpqLVHH,OVO,USUG12104401,36004146,"3TVXtAsR1Inumwj472S9r4, 3nFkdlSjzX9mRTtwJOzDYB"
TSU,Drake,"rap, hip hop",Hip Hop,Certified Lover Boy,2021-09-03,4s7QLoImIwmPi9L6dq1nVW,OVO,USUG12104404,40355682,3TVXtAsR1Inumwj472S9r4
N 2 Deep,"Drake, Future","rap, hip hop",Hip Hop,Certified Lover Boy,2021-09-03,34D6FJysnQioVingDKufuf,OVO,USUG12104405,30438924,"3TVXtAsR1Inumwj472S9r4, 1RyvyyTE3xzB2ZywiAwp0i"
Knife Talk (with 21 Savage ft. Project Pat),"Drake, 21 Savage, Project Pat","rap, hip hop, memphis rap, southern hip hop, crunk, gangster rap",Hip Hop,Certified Lover Boy,2021-09-03,2BcMwX1MPV6ZHP4tUT9uq6,OVO,USUG12104409,207387032,"3TVXtAsR1Inumwj472S9r4, 1URnnhqYAYcrqrcwql10ft, 08Ld63UgKrJ0nZnCkzHtzc"
No Friends In The Industry,Drake,"rap, hip hop",Hip Hop,Certified Lover Boy,2021-09-03,2tUL6dZf1mywCj5WvCPZw6,OVO,USUG12104408,46587392,3TVXtAsR1Inumwj472S9r4
Pipe Down,Drake,"rap, hip hop",Hip Hop,Certified Lover Boy,2021-09-03,11pEKMLmavDu8fxOB5QjbQ,OVO,USUG12104406,25221967,3TVXtAsR1Inumwj472S9r4
7am On Bridle Path,Drake,"rap, hip hop",Hip Hop,Certified Lover Boy,2021-09-03,42m3eP1JJhtzffal9B136J,OVO,USUG12104410,22503496,3TVXtAsR1Inumwj472S9r4
Yebba’s Heartbreak,"Drake, Yebba","rap, hip hop, ",Hip Hop,Certified Lover Boy,2021-09-03,1PDP7mLiAMwhfmgIwzhOm2,OVO,USUG12104407,17335719,"3TVXtAsR1Inumwj472S9r4, 1ooV8YZC1KbpEcrmI8WH0F"
IMY2 (with Kid Cudi),"Drake, Kid Cudi","rap, hip hop, ",Hip Hop,Certified Lover Boy,2021-09-03,7F9cT6hIRhnFCYP6GKS0tf,OVO,USUG12104437,21871299,"3TVXtAsR1Inumwj472S9r4, 0fA0VVWsXO9YnASrzqfmYu"
Race My Mind,Drake,"rap, hip hop",Hip Hop,Certified Lover Boy,2021-09-03,2Q3jFbyE61mCjS3SkW4toJ,OVO,USUG12104411,21307080,3TVXtAsR1Inumwj472S9r4
You Only Live Twice (with Lil Wayne & Rick Ross),"Drake, Lil Wayne, Rick Ross","rap, hip hop, southern hip hop",Hip Hop,Certified Lover Boy,2021-09-03,50ceCGZ3oD3U5caQV5bP6f,OVO,USUG12104438,16369783,"3TVXtAsR1Inumwj472S9r4, 55Aa2cqylxrFIXC767Z865, 1sBkRIssrMs1AbVkOJbc7a"
Fountains (with Tems),"Drake, Tems","rap, hip hop, afrobeats, alté, afrobeat","Traditional music, R&B, Hip Hop",Certified Lover Boy,2021-09-03,08XWh5c0BMyD1nKVxxl91z,OVO,USUG12104412,21240887,"3TVXtAsR1Inumwj472S9r4, 687cZJR45JO7jhk1LHIbgq"
Get Along Better,"Drake, Ty Dolla $ign","rap, hip hop, ",Hip Hop,Certified Lover Boy,2021-09-03,5ScbulRnixQ2XAdvrPMFjz,OVO,USUG12104413,14770270,"3TVXtAsR1Inumwj472S9r4, 7c0XG5cIJTrrAgEC3ULPiq"
F*****g Fans,Drake,"rap, hip hop",Hip Hop,Certified Lover Boy,2021-09-03,3RkNXZvOSMMElmmXztDc94,OVO,USUG12104414,12312466,3TVXtAsR1Inumwj472S9r4
The Remorse,Drake,"rap, hip hop",Hip Hop,Certified Lover Boy,2021-09-03,1cCXT1cErAY6tmIqHbodrt,OVO,USUG12104415,10641454,3TVXtAsR1Inumwj472S9r4
Don't Shut Me Down,ABBA,,,I Still Have Faith In You / Don't Shut Me Down,2021-09-02,2AHnmlkyZbnxqSA66B7jK3,Polar Music International AB,SE6XG2100104,10585791,0LcJLqbBmaGUft1e9Mm8HV
Diferença Mara,Juliette,"brazilian pop, nova mpb, forró","Pop, Latin",Juliette,2021-09-03,0dLkZwE2Xt4ETtUt5cED2l,Virgin Music Label And Artist Services (S&D),BC3RD2100002,1298797,5coW9ioCpvEYGx4v1nvWec
HOT DEMON B!TCHES NEAR U ! ! !,"CORPSE, Night Lovell","dark trap, emo rap, horrorcore",Hip Hop,HOT DEMON B!TCHES NEAR U ! ! !,2021-09-03,7v4pPS4A7NgY7bxFA3Etv3,CORPSE,QZMEN2136652,7375178,"7yntSJ6uojO3z6GFUVwhAW, 2y246nnP9pQT0E6v3ZMMOO"
Monday,Imagine Dragons,,,Mercury - Act 1,2021-09-03,6tvDAC8atHIjyLgvOEK1fK,Kid Ina Korner / Interscope,USUM72111265,1148983,53XhwfbYqKCa1cC15pYq2q
Bença,Juliette,"brazilian pop, nova mpb, forró","Pop, Latin",Juliette,2021-09-03,3IyHot1hbizbIjvCkRrLHT,Virgin Music Label And Artist Services (S&D),BC3RD2100001,1147764,5coW9ioCpvEYGx4v1nvWec
Good Ones,Charli xcx,"hyperpop, art pop",Pop,Good Ones,2021-09-02,6PZpNMstpIiRenGK5UyG5D,Asylum Records,GBAHS2100596,1101480,25uiPmTg16RbhZWAqwLBy5
Fun Tonight - Pabllo Vittar Remix,"Lady Gaga, Pabllo Vittar","art pop, pop, brazilian pop, funk pop, tecnobrega","Pop, Country",Dawn Of Chromatica,2021-09-03,70FhY7hwautR5xB1qnHzVn,Interscope,USUM72116155,1030421,"1HY2Jd0NmPuamShAr6KMms, 6tzRZ39aZlNqlUzQlkuhDV"
Wrecked,Imagine Dragons,,,Mercury - Act 1,2021-09-03,149BxWeweaCqmsyedkNiiE,Kid Ina Korner / Interscope,USUM72110166,5989165,53XhwfbYqKCa1cC15pYq2q
911 - Charli XCX & A. G. Cook Remix,"Lady Gaga, Charli xcx, A. G. Cook","art pop, pop, hyperpop",Pop,Dawn Of Chromatica,2021-09-03,4xx8LCv4tUv7PNk6g7VQmY,Interscope,USUM72116157,1010149,"1HY2Jd0NmPuamShAr6KMms, 25uiPmTg16RbhZWAqwLBy5, 335TWGWGFan4vaacJzSiU8"
Ley Seca,"JHAYCO, Anuel AA","reggaeton, trap latino, urbano latino, latin",Latin,Timelezz,2021-09-03,3JCaq3KDSROg3TXhdiDa9n,N&E Entertainment LLC,USUM72113444,144093223,"6nVcHLIgY5pE2YCl8ubca1, 2R21vXR83lH98kGeO99Y66"
Vixe Que Gostoso,Juliette,"brazilian pop, nova mpb, forró","Pop, Latin",Juliette,2021-09-03,2JMOMpspSaGua3VK2EFcGZ,Virgin Music Label And Artist Services (S&D),BC3RD2100006,975849,5coW9ioCpvEYGx4v1nvWec
Blue Notes 2 (feat. Lil Uzi Vert),"Meek Mill, Lil Uzi Vert","rap, melodic rap",Hip Hop,Blue Notes 2 (feat. Lil Uzi Vert),2021-09-01,488HG8lR11JswT2YgcWGRB,MMG/Atlantic,USAT22105012,972573,"20sxb77xiYeusSH8cVdatc, 4O15NlyKLIASxsJ0PrXPfz"
Dancing Queen,ABBA,,,Arrival,1976-00-00,0GjEhVFGZW8afUYGChu3Rr,Polar Music International AB,SEAYD7601020,3688416,0LcJLqbBmaGUft1e9Mm8HV
Doce,Juliette,"brazilian pop, nova mpb, forró","Pop, Latin",Juliette,2021-09-03,152WIAB8132LWxC8Eftmym,Virgin Music Label And Artist Services (S&D),BC3RD2100003,968557,5coW9ioCpvEYGx4v1nvWec
Sei Lá,Juliette,"brazilian pop, nova mpb, forró","Pop, Latin",Juliette,2021-09-03,7aAiQcMSunHj82SWq1qkUw,Virgin Music Label And Artist Services (S&D),BC3RD2100004,907719,5coW9ioCpvEYGx4v1nvWec
Follow You,Imagine Dragons,,,Mercury - Act 1,2021-09-03,375kzpRydDdOxOSCGMK53b,Kid Ina Korner / Interscope,USUM72102981,3248659,53XhwfbYqKCa1cC15pYq2q
Mandarinen,Shindy,german hip hop,Hip Hop,Mandarinen,2021-09-02,4HOWTItpwHvQSNyyiwWsPT,Sony Music/Friends with Money,DEXH32100001,888870,5j21TGkrNEAJe3gG9VlS34
Benzin,Juliette,"brazilian pop, nova mpb, forró","Pop, Latin",Juliette,2021-09-03,15zJ06ES4cb5elQNwey99F,Virgin Music Label And Artist Services (S&D),BC3RD2100005,886501,5coW9ioCpvEYGx4v1nvWec
Ela e Ela,Zé Neto & Cristiano,"sertanejo, sertanejo universitário, arrocha, agronejo","Country, Latin",Chaaama,2021-08-26,5Yu1AOnIzC1tWRJ4U0uW7u,Som Livre,BRWNV2100027,17611014,487N2T9nIPEHrlTZLL3SQs
Jugaste y Sufrí,"Eslabon Armado, DannyLux","corridos tumbados, sad sierreño, corrido, sierreño, música mexicana, corridos bélicos, electro corridos",Latin,Corta Venas,2020-12-18,3NqBxTOMCJ3zW9CIP51td4,DEL Records,USE7D2000268,86823058,"0XeEobZplHxzM9QzFQWLiR, 6ElqtIfQsAkEYypgfJIjeK"
A La Antigüita,Calibre 50,"banda, corrido, norteño, música mexicana, sierreño, grupera",Latin,Vamos Bien,2021-02-05,798ahLNEcoFER7Vywg1FMT,"Andaluz Music, LLC (Catalog)",QM2EJ1500901,46118384,4jogXSSvlyMkODGSZ2wc2P
She Knows (feat. Amber Coffman & Cults),"J. Cole, Cults, Amber Coffman","rap, dubstep, dub","R&B, Electronic, Hip Hop",Born Sinner (Deluxe Version),2013-06-18,0Fs9cdPDhptWEDJmiCbkEW,Roc Nation LLC,USQX91301184,35876933,"6l3HvQ5sa6mXTsMTB19rO5, 3Oim8XBPbznAa8Jj8QzNc8, 4vpGVGgxSDcCTmqYbsOnsn"
Happier Than Ever - Edit,Billie Eilish,,,Happier Than Ever (Edit),2021-07-28,32BeYxKPrig1LefHsC0Xuo,Darkroom/Interscope Records,USUM72116908,100623433,6qqNVTkY8uBg9cP3Jd7DAH
Nostálgico,"Rvssian, Rauw Alejandro, Chris Brown","trap latino, reggaeton, urbano latino, latin, r&b","Latin, R&B",Nostálgico,2021-09-08,2BEcap3xJtmiPaHKyfQi4e,Sony Music Latin,USSD12100318,151529259,"1fctva4kpRbg2k3v7kwRuS, 1mcTU81TzQhprhouKaTkpq, 7bXgB6jMjp9ATFy66eO08Z"
Shivers,Ed Sheeran,soft pop,Pop,Shivers,2021-09-10,6bQfNiqyCX7UaQSvVVGo4I,Atlantic Records UK,GBAHS2100671,16756981,6eUKZXaKkcviH0Ku9w2n3V
LALISA,LISA,k-pop,Pop,LALISA,2021-09-10,7uQZVznj0uQOGC9KhV2Mg6,YG Entertainment/Interscope Records,KRA402100098,108900615,5L1lO4eRHmJ7a0Q6csE5cT
family ties (with Kendrick Lamar),"Baby Keem, Kendrick Lamar","hip hop, west coast hip hop",Hip Hop,The Melodic Blue,2021-09-10,3QFInJAm9eyaho5vBzxInN,Columbia,USSM12105949,120613699,"5SXuuuRpukkTvsLuUknva1, 2YZyLoL8N0Wb9xBt1NhZWg"
In Da Getto,"J Balvin, Skrillex","reggaeton, latin, dubstep, edm, electro, electronic","Electronic, Hip Hop, Latin",JOSE,2021-09-10,1q0PYXTbDsirp2l74ng6pn,"Sueños Globales, LLC",QZM5U2100095,130505742,"1vyhD5VmyZ7KMfW5gqLgo5, 5he5w2lnU9x7JFhnwcekXX"
Qué Más Pues?,"J Balvin, Maria Becerra","reggaeton, latin, argentine trap","Hip Hop, Latin",JOSE,2021-09-10,6D2TCm4nf5nxAcdGJ7w3QP,"Sueños Globales, LLC",QZM5U2100064,148993053,"1vyhD5VmyZ7KMfW5gqLgo5, 1DxLCyH42yaHKGK3cl5bvG"
MONEY,LISA,k-pop,Pop,LALISA,2021-09-10,7hU3IHwjX150XLoTVmjD0q,YG Entertainment/Interscope Records,KRA402100099,283267547,5L1lO4eRHmJ7a0Q6csE5cT
Una Nota,"J Balvin, Sech","reggaeton, latin, urbano latino",Latin,JOSE,2021-09-10,7iqOIHHEmu6Vhw25GgQ2eA,"Sueños Globales, LLC",QZM5U2100115,68505591,"1vyhD5VmyZ7KMfW5gqLgo5, 77ziqFxp5gaInVrF2lj4ht"
range brothers (with Kendrick Lamar),"Baby Keem, Kendrick Lamar","hip hop, west coast hip hop",Hip Hop,The Melodic Blue,2021-09-10,0UTyLmkQgPOEIz95OVAJTR,Columbia,USSM12106861,5200071,"5SXuuuRpukkTvsLuUknva1, 2YZyLoL8N0Wb9xBt1NhZWg"
Astronaut In The Ocean,Masked Wolf,,,Astronomical,2021-09-10,5AUE3qJ6sCsgdUaaVK02uq,Teamwrk,USAT22100017,1274221,1uU7g3DNSbsu0QjSEqZtEd
Poblado - Remix,"J Balvin, KAROL G, Nicky Jam, Crissin, Totoy El Frio, Natan & Shander","reggaeton, latin, urbano latino",Latin,JOSE,2021-09-10,2K1CQMoG2Dy5nmeOYnhoi8,"Sueños Globales, LLC",QZ5BF1600040,31527815,"1vyhD5VmyZ7KMfW5gqLgo5, 790FomKkXshlbRYZFtlgla, 1SupJlEpv7RS2tPNRaHViT, 6VOoiigTiLVgsMQPP1JOdC, 5IYRfypwG9BDDh5ZRPI80z, 5OBK3iQwjNQqElPmn4TgAE"
2CB,"RAF Camora, Luciano",german hip hop,Hip Hop,Zukunft,2021-07-16,2r9gIpt17PhZv0y2nCpFHC,Indipendenza,DEQ022150430,5321504,"0Dvx6p8JDyzeOPGmaCIH1L, 3CJKkU0XuElRT1z8rEtIYg"
Lonely (with Lil Wayne),"DaBaby, Lil Wayne","rap, hip hop",Hip Hop,Lonely (with Lil Wayne),2021-09-09,6pmNoWKk0r6zfIjWneJRxR,South Coast Music / Interscope PS,USUM72116498,2626070,"4r63FhuTkUYltbVAg5TQnk, 55Aa2cqylxrFIXC767Z865"
trademark usa,Baby Keem,,,The Melodic Blue,2021-09-10,15hJmqqEtASVXl6sM7i4UF,Columbia,USSM12106858,1019836,5SXuuuRpukkTvsLuUknva1
Have Mercy,Chlöe,,,Have Mercy,2021-09-10,5SixeLvPsYpk7qq9lo5xYg,Parkwood Entertainment/Columbia,USSM12105357,45572324,1FtBEIWAwvw5ymBen5GICR
Obsessed With You,Central Cee,"uk drill, drill, grime","Hip Hop, Electronic, Pop",Obsessed With You,2021-09-10,4PYfFHKfjYz6dwAtZhBy1z,Central Cee,ZZOPM2110165,23138455,5H4yInM5zmHqpKIoMNAx4r
simple times,Kacey Musgraves,,,star-crossed,2021-09-10,1lNEXDlxVhsWaq2DLBUDgC,Kacey Musgraves,USUM72106230,901918,70kkdajctXSbqSMJbQO424
Bala Love,"Mc Anjim, Dj Lv Mdp, DJ PH DA SERRA","funk de bh, funk, brazilian funk","Hip Hop, R&B, R&b",Bala Love,2021-06-18,48Ll1C6qAnP2UjnopQDh4a,Mc Anjim,QZHZ52119798,43334917,"0DjQFfVxBipTFTXRCwImMP, 01CFmzv28eTtJAjhrvOsiW, 7Dq3oCz43MCuWBRgWTltZI"
Notti In Bianco,BLANCO,,,Blu Celeste,2021-09-09,1PWOkqMORYdGa0OEh2GaXM,Universal Music Italia srL.,ITUM72000788,880102,1MRiIeZbc0cRuxOafDUCtH
Angel Baby,Troye Sivan,,,Angel Baby,2021-09-09,2m6Ko3CY1qXNNja8AlugNc,EMI Recorded Music Australia Pty Ltd,AUUM72100371,870300,3WGpXCj9YhhfX11TToZcXP
Fancy Like,Walker Hayes,country,Country,Fancy Like (feat. Kesha),2021-09-10,0lnpnsrVaW9elGgRxpDCgE,Monument Records,USQX92101534,10038502,7sKxqpSqbIzphAKAhrqvlf
Blu Celeste,BLANCO,,,Blu Celeste,2021-09-09,0BeXxjO6mgLDzg4xA6UheO,Universal Music Italia srL.,ITUM72100907,855944,1MRiIeZbc0cRuxOafDUCtH
I Don't Wanna Talk (I Just Wanna Dance),Glass Animals,,,Dreamland (+ Bonus Levels),2021-09-09,6IbCvfmmICEEAyDwQ9zcbt,Polydor Records,GBUM72105458,855804,4yvcSjfu4PC0CYQyLy4wSq
issues,Baby Keem,,,The Melodic Blue,2021-09-10,7MmBhKBQnaa0I8TaDJs9ia,Columbia,USSM12106862,841947,5SXuuuRpukkTvsLuUknva1
Astronaut In The Ocean,Masked Wolf,,,Astronomical,2021-09-10,6E90gq0KO6FYZVOXx8kCcC,Elektra (NEK),USAT22100017,107499538,1uU7g3DNSbsu0QjSEqZtEd
Nota de Repúdio - Ao Vivo,Gusttavo Lima,"sertanejo, sertanejo universitário, arrocha, agronejo, piseiro, forró","Country, Latin",Nota de Repúdio (Ao Vivo),2021-09-03,3agFBAMPiIvzfTh7a9Udm6,Sony Music Entertainment,BXBAL2100005,23606693,7MiDcPa6UiV3In7lIM71IN
love nwantiti (feat. ElGrande Toto) - North African Remix,"CKay, ElGrandeToto","afrobeats, afrobeat, afropop, arabic rap, moroccan pop","Traditional music, R&B, Pop, Hip Hop",love nwantiti (feat. ElGrande Toto) [North African Remix],2020-08-21,1EYeZGTMCjV7uVey5fNWXM,WM South Africa,ZA34K2000415,21237693,"048LktY5zMnakWq7PTtFrz, 4BFLElxtBEdsdwGA1kHTsx"
love nwantiti (ah ah ah),CKay,"afrobeats, afrobeat, afropop","Traditional music, R&B, Pop",CKay The First,2019-08-30,2Xr1dTzJee307rmrkt8c0g,Chocolate City Music,QMEU31910213,270340507,048LktY5zMnakWq7PTtFrz
Shivers,Ed Sheeran,soft pop,Pop,Shivers,2021-09-13,75MNhvTCCKsST3YqqUiU9r,Atlantic Records UK,GBAHS2100671,163410980,6eUKZXaKkcviH0Ku9w2n3V
love nwantiti (feat. Dj Yo! & AX'EL) - Remix,"CKay, Dj Yo!, AX'EL","afrobeats, afrobeat, afropop, ","Traditional music, R&B, Pop",love nwantiti (feat. Dj Yo! & AX'EL) [Remix],2021-09-09,4gvrJnKCKIPiacNsWVQwEU,WM South Africa,QZHN32199953,239384839,"048LktY5zMnakWq7PTtFrz, 7iTLGcddv1bOPirdYJjKVy, 5fUXK5m3BNwoRgTyKq8tnz"
"...And to Those I Love, Thanks for Sticking Around",$uicideboy$,"dark trap, emo rap, horrorcore, punk rap, cloud rap, underground hip hop",Hip Hop,Stop Staring At the Shadows,2020-02-14,30QR0ndUdiiMQMA9g1PGCm,G59 Records,QZAPK1900020,44508841,1VPmR4DJC1PlOtd0IADAO0
Buscate Otro,"Jc La Nevula, Atomic Otro Way",dembow,Latin,Buscate Otro,2017-04-12,4aczXDNX8bX98fLkNNdwPO,JL Music,ES71G1719116,2382545,"6KBhywwNM5dStjqjHeNndc, 05i5DIXDf4Ai4NEPEi3uBZ"
INDUSTRY BABY (feat. Jack Harlow),"Lil Nas X, Jack Harlow",,,MONTERO,2021-09-17,5Z9KJZvQzH6PFmb8SNkxuk,Columbia,USSM12104539,539573692,"7jVv8c5Fj3E9VhNjxT4snq, 2LIk90788K0zvyj2JJVwkJ"
THATS WHAT I WANT,Lil Nas X,,,MONTERO,2021-09-17,0e8nrvls4Qqv5Rfa2UhqmO,Columbia,USSM12105732,270033616,7jVv8c5Fj3E9VhNjxT4snq
MONTERO (Call Me By Your Name),Lil Nas X,,,MONTERO,2021-09-17,1SC5rEoYDGUK4NfG82494W,Columbia,USSM12100531,262439636,7jVv8c5Fj3E9VhNjxT4snq
SCOOP (feat. Doja Cat),"Lil Nas X, Doja Cat",,,MONTERO,2021-09-17,6bpq1jGkVz66Q3LYeoXdjZ,Columbia,USSM12105734,19929323,"7jVv8c5Fj3E9VhNjxT4snq, 5cj0lLjcoR7YOSnhnX0Po5"
Wildest Dreams (Taylor's Version),Taylor Swift,,,Wildest Dreams (Taylor's Version),2021-09-17,1Ov37jtRQ2YNAe8HzfczkL,Taylor Swift,USUG12103658,76145669,06HL4z0CvFAxyc27GXpf02
DEAD RIGHT NOW,Lil Nas X,,,MONTERO,2021-09-17,3grVoZ10bm2jUGpo7BxpuF,Columbia,USSM12105731,10445513,7jVv8c5Fj3E9VhNjxT4snq
DOLLA SIGN SLIME (feat. Megan Thee Stallion),"Lil Nas X, Megan Thee Stallion",,,MONTERO,2021-09-17,7zQirOExB0VR8yWUOqYeio,Columbia,USSM12105737,13671585,"7jVv8c5Fj3E9VhNjxT4snq, 181bsRPaVXVlUKXrxwZfHK"
ONE OF ME (feat. Elton John),"Lil Nas X, Elton John",,,MONTERO,2021-09-17,3JR2RztQcOjUQGQSybxDIO,Columbia,USSM12105735,7539021,"7jVv8c5Fj3E9VhNjxT4snq, 3PhoLpVuITZKcymswpck5b"
SUN GOES DOWN,Lil Nas X,,,MONTERO,2021-09-17,6btdl1Vl6Ta5lUwUSOFW2H,Columbia,USSM12102220,9911625,7jVv8c5Fj3E9VhNjxT4snq
LOST IN THE CITADEL,Lil Nas X,,,MONTERO,2021-09-17,6th8IdY4lYeM0QlSQJhhkp,Columbia,USSM12105736,8200216,7jVv8c5Fj3E9VhNjxT4snq
TALES OF DOMINICA,Lil Nas X,,,MONTERO,2021-09-17,5S4PZ7AuYlYiVIVik3wHUf,Columbia,USSM12106488,9544304,7jVv8c5Fj3E9VhNjxT4snq
AM I DREAMING (feat. Miley Cyrus),"Lil Nas X, Miley Cyrus",,,MONTERO,2021-09-17,6isTQfKXhNO3EyJd9mSxx8,Columbia,USSM12105739,7632690,"7jVv8c5Fj3E9VhNjxT4snq, 5YGY8feqx7naU7z4HrwZM6"
DONT WANT IT,Lil Nas X,,,MONTERO,2021-09-17,4vsJWPwWPS27gRM4oLjBNO,Columbia,USSM12105741,6472950,7jVv8c5Fj3E9VhNjxT4snq
VOID,Lil Nas X,,,MONTERO,2021-09-17,3e6ebtUCZ0tZL1J7wvM8Xi,Columbia,USSM12105740,4978811,7jVv8c5Fj3E9VhNjxT4snq
LIFE AFTER SALEM,Lil Nas X,,,MONTERO,2021-09-17,6D3t4w54PgLNGQ48R7th7R,Columbia,USSM12106092,3888910,7jVv8c5Fj3E9VhNjxT4snq
DiE4u,Bring Me The Horizon,"metalcore, emo, screamo, rock, post-hardcore, metal","Rock, Metal",DiE4u,2021-09-16,2gT72HL4Y84K2Mle3miAMJ,RCA Records Label,GBARL2101316,1072605,1Ffb6ejR6Fe5IamqA5oRUF
Breakdown (feat. Demi Lovato),"G-Eazy, Demi Lovato",,,Breakdown (feat. Demi Lovato),2021-09-17,6g478D6h32WUmvtlhcpbNE,BPG/RVG/RCA Records,USRC12101825,1056088,"02kJSzxNuaWGqwubyUba0Z, 6S2OmqARrzebs0tKUEyXyp"
V12 (feat. Lil Uzi Vert),"iann dior, Lil Uzi Vert",melodic rap,Hip Hop,V12 (feat. Lil Uzi Vert),2021-09-14,4ZUNw5tDBZTOqzPEVIYyOy,10K Projects,QZJ842001171,956567,"6ASri4ePR7RlsvIQgWPJpS, 4O15NlyKLIASxsJ0PrXPfz"
Wildest Dreams,Taylor Swift,,,1989,2014-01-01,3fVnlF4pGqWI9flVENcT28,"Big Machine Records, LLC",USCJY1431379,9364842,06HL4z0CvFAxyc27GXpf02
Rolê,"Tarcísio do Acordeon, Marcynho Sensação","piseiro, forró, arrocha, sertanejo, seresta, brega","Country, Latin",Rolê,2021-07-23,50gPsfGHy5OnPauA9455DM,Sua Música,BCTOE2100101,6940823,"48HORs6F9P7IgdyKrk4MZC, 4dnPDc045bVjibyATxVUOs"
Bored,Billie Eilish,,,Bored,2017-03-30,04sN26COy28wTXYj3dMoiZ,Darkroom,USUM71702756,104678863,6qqNVTkY8uBg9cP3Jd7DAH
Miss The Rage (feat. Playboi Carti),"Trippie Redd, Playboi Carti","melodic rap, rage rap",Hip Hop,Trip At Knight (Complete Edition),2021-08-21,5gZYpjakt37G3c58FKcQwJ,"1400 Entertainment, Inc. / 10K Projects",QZJ842000983,5024008,"6Xgp2XMz1fhVYe7i6yNAax, 699OTQXzgjhIYAHMy9RyPD"
Without Me,Eminem,"rap, hip hop",Hip Hop,The Eminem Show,2002-05-26,7lQ8MOhq6IN2w8EYcFNSUk,Aftermath,USIR10211038,77518807,7dGJo4pcD2V6oG8kP0tJRR
My Universe,"Coldplay, BTS",k-pop,Pop,My Universe,2021-09-24,3FeVmId7tL5YN8B7R3imoM,Parlophone UK,GBAYE2100952,83065505,"4gzpq5DPGxSnKTe4SA8HAU, 3Nrfpe0tUJi4K4DXYWgMUX"
Your Heart,"Joyner Lucas, J. Cole",rap,Hip Hop,Your Heart,2021-09-24,2DTpP3caqX3QdJIEoS83mD,Twenty Nine Music Group,QMDA62127388,11450018,"6C1ohJrd5VydigQtaGy5Wa, 6l3HvQ5sa6mXTsMTB19rO5"
SEJODIOTO,KAROL G,"reggaeton, latin, urbano latino",Latin,SEJODIOTO,2021-09-21,704LUEih663hiE3CnyUrFW,UMLE - Latino,USUM72117129,52728932,790FomKkXshlbRYZFtlgla
too easy,"Gunna, Future","melodic rap, rap",Hip Hop,too easy,2021-09-24,4eL3XeuGaEoVT8ttDh3hwY,300 Entertainment,QMCE32100757,7014905,"2hlmm7s2ICUX0LVIhVFlZQ, 1RyvyyTE3xzB2ZywiAwp0i"
LOCO - English Ver.,ITZY,k-pop,Pop,CRAZY IN LOVE,2021-09-24,01QhKtUc12FGw2wX7dMYvv,JYP Entertainment,US5TA2100060,971069,2KC9Qb60EaY0kW4eH68vr3
My Universe - Instrumental,"Coldplay, BTS",k-pop,Pop,My Universe,2021-09-24,2sp32rIevQhpbo0Z4aQzoe,Parlophone UK,GBAYE2100927,866006,"4gzpq5DPGxSnKTe4SA8HAU, 3Nrfpe0tUJi4K4DXYWgMUX"
For Tonight,GIVĒON,r&b,R&B,For Tonight,2021-09-24,61Emqg95O9zo1GNOcyxq4Y,Epic,USSM12106837,825097,4fxd5Ee7UefO4CUXgwJ7IP
LOCO,ITZY,k-pop,Pop,CRAZY IN LOVE,2021-09-24,59c0HrzmHfyQs6LgDw5cHe,WM Japan,US5TA2100051,28815789,2KC9Qb60EaY0kW4eH68vr3
A Maior Saudade - Ao Vivo,Henrique & Juliano,"sertanejo, sertanejo universitário, arrocha, agronejo","Country, Latin",A Maior Saudade (Ao Vivo),2021-09-03,5Q0ZnQjk4lQpScX7ujswun,Virgin Music Label And Artist Services (S&D),BCVDD2100003,4909102,3p7PcrEHaaKLJnPUGOtRlT
La Sinvergüenza,"Christian Nodal, Banda MS de Sergio Lizárraga","banda, ranchera, mariachi, norteño, música mexicana, grupera, corrido",Latin,La Sinvergüenza,2021-09-24,1xO7tp4J5Wj0NeKrzIpd1V,"Producciones Ladon, S.A de C.V./Sony Music México",MXF202100001,786876,"0XwVARXT135rw8lyw1EeWP, 2C6i0I5RiGzDKN9IAF8reh"
Expectativa x Realidade,Matheus & Kauan,"sertanejo, sertanejo universitário, arrocha, agronejo","Country, Latin",Expectativa x Realidade,2021-07-02,1wdhj1r7aeWVDUl9d18YKu,Universal Music Ltda.,BRUM72100444,765597,2Z0lRIqr997lIUiPtrpKCr
Ya Supérame (En Vivo),Grupo Firme,"banda, corrido, norteño, sierreño, grupera, música mexicana, corridos bélicos, corridos tumbados",Latin,Ya Supérame (En Vivo),2021-08-13,6HIIuuUIEzH1meVdGbMXyf,Music VIP Entertainment Inc,QZDQH2148787,5875689,1dKdetem2xEmjgvyymzytS
ONLY,LeeHi,"k-ballad, k-pop",Pop,4 ONLY,2021-09-09,6TBJkXHPhu3EsMk1bshwuI,"Genie Music Corporation, Stone Music Entertainment",KRC712100039,9379148,7cVZApDoQZpS447nHTsNqu
Till I Collapse,"Eminem, Nate Dogg","rap, hip hop, g-funk, west coast hip hop, gangster rap",Hip Hop,The Eminem Show,2002-05-26,4xkOaSrkexMciUUogZKVTS,Aftermath,USIR10211066,16936437,"7dGJo4pcD2V6oG8kP0tJRR, 1Oa0bMld0A3u5OTYfMzp5h"
"Last One Standing (feat. Polo G, Mozzy & Eminem) - From Venom: Let There Be Carnage","Skylar Grey, Polo G, Mozzy, Eminem","rap, hip hop",Hip Hop,"Last One Standing (feat. Polo G, Mozzy & Eminem) [From Venom: Let There Be Carnage]",2021-09-30,5W8HXMOMLtXLz0RGKUtnlZ,Shady Records/Interscope Records,USUM72118408,32952762,"4utLUGcTvOJFr6aqIJtYWV, 6AgTAQt8XS6jRWi4sX7w49, 4AA474G2hRfrHyGrfyDseO, 7dGJo4pcD2V6oG8kP0tJRR"
fue mejor (feat. SZA),"Kali Uchis, SZA",r&b,R&B,fue mejor (feat. SZA),2021-09-29,1CrPPsibP3uTc3DSI5vQC5,EMI / Interscope,GBUM72106930,1570013,"1U1el3k54VvEUzo3ybLPlM, 7tYKF4w9nC0nq9CsPZTHyP"
Pepas,Farruko,"reggaeton, trap latino, latin",Latin,La 167,2021-10-01,2B4GHvToeLTOBB4QLzW3Ni,Sony Music Latin,USSD12100307,302822954,329e4yvIujISKGKz1BZZbO
The Feels,TWICE,k-pop,Pop,The Feels,2021-10-01,1XyzcGhmO7iUamSS94XfqY,Republic Records - TWICE,US5TA2100080,1331640,7n2Ycct7Beij7Dj7meI4X0
Sharing Locations (feat. Lil Baby & Lil Durk),"Meek Mill, Lil Durk, Lil Baby","rap, drill, ",Hip Hop,Expensive Pain,2021-10-01,3T9BKc4kB7ukeNQrCqv6ZV,MMG/Atlantic,USAT22105014,5870183,"20sxb77xiYeusSH8cVdatc, 3hcs9uc56yIGFCSy9leWe7, 5f7VJjfbwm532GiveGC0ZK"
Sal y Perrea - Remix,"Sech, Daddy Yankee, J Balvin","reggaeton, urbano latino, latin",Latin,Sal y Perrea (Remix),2021-09-30,1mG8VynhqySA52bALfYrvO,Rich Music,QM9WM2100065,930379,"77ziqFxp5gaInVrF2lj4ht, 4VMYDCV2IEDYJArk749S6m, 1vyhD5VmyZ7KMfW5gqLgo5"
Vodka,Apache 207,german hip hop,Hip Hop,Kapitel II Vodka (2sad2disco),2021-10-01,5axqVsveGtmOkq7H1wV3c0,Four Music/Two Sides,DEQ322100300,906543,1qQLhymHXFPtP5U8KNKsm6
ANTIPATICO,Salmo,italian trap,Hip Hop,FLOP,2021-10-01,5mJDKaEsF02C8BOZoJ14rl,Columbia,ITB002100656,882103,3hBQ4zniNdQf1cqqo6hzuW
Intro (Hate on Me),Meek Mill,rap,Hip Hop,Expensive Pain,2021-10-01,4s7TIubkdsgdtDEDFEAYVL,MMG/Atlantic,USAT22105804,877299,20sxb77xiYeusSH8cVdatc
El Incomprendido,"Farruko, Victor Cardenas, Dj Adoni","reggaeton, trap latino, latin, guaracha, dembow",Latin,La 167,2021-10-01,2mL37yB3f3Lfy4iiXV02Qf,Sony Music Latin,USSD12100701,11885217,"329e4yvIujISKGKz1BZZbO, 00CMSJdbf36zOzKB3z8JrR, 3JfbHWZ07sSBjbojTU2hAt"
Linda,"Tokischa, ROSALÍA","dembow, neoperreo, latin","Latin, Electronic",Linda,2021-09-01,1ahCrpeTt94LL7y1aXw0Y8,Sony Music Latin,USSD12100649,7745468,"2p4aN0Uxkk3iT3HK0cJ2cJ, 7ltDVBr6mKbRvohxheJ9h1"
we fell in love in october,girl in red,bedroom pop,Pop,we fell in love in october / forget her,2018-11-21,1BYZxKSf0aTxp8ZFoeyM3d,world in red,GBKPL1828677,22854323,3uwAm6vQy7kWPS2bciKWx9
GHIGLIOTTINA - feat. Noyz Narcos,"Salmo, Noyz Narcos",italian trap,Hip Hop,FLOP,2021-10-01,01BCvCKQNDmFQQQSjrzPnm,Columbia,ITB002100659,810736,"3hBQ4zniNdQf1cqqo6hzuW, 49UAapOfpOg1ZOU4xf2NgY"
Groupies,"Doode, Teto, Matuê","brazilian trap, trap, trap funk, brazilian hip hop","Hip Hop, Electronic",Groupies,2021-09-28,3ua3rqwBNmeGeQfcKnA3bT,Sony Music Entertainment,BXW922100020,1581400,"3Ns5FA1ANQOzsHLWspsrC6, 68YeXpLt3jB7JHQS5ZjMGo, 5nP8x4uEFjAAmDzwOEc9b8"
MI SENTO BENE,Salmo,italian trap,Hip Hop,FLOP,2021-10-01,2v4kWcQ7LWML8TEQmLDAEO,Columbia,ITB002100657,799657,3hBQ4zniNdQf1cqqo6hzuW
Thunder,"Gabry Ponte, LUM!X, Prezioso","slap house, italo dance, melbourne bounce","Pop, Electronic",Thunder,2021-05-07,2USlegnFJLrVLpoVfPimKB,Spinnin' Records,ITV952100014,26749413,"5ENS85nZShljwNgg4wFD7D, 0TKFPt9w0AAEnhB9bd0pLy, 3iMzbvXlgNUpoFccD60bvr"
KUMITE,Salmo,italian trap,Hip Hop,FLOP,2021-10-01,6yaNNYWPjkWHbh1jADEyJO,Columbia,ITB002100662,788207,3hBQ4zniNdQf1cqqo6hzuW
The Feels,TWICE,k-pop,Pop,The Feels,2021-10-01,6pgqZ7Iw4LfHlfgWWaRFSY,WM Japan,US5TA2100080,51792132,7n2Ycct7Beij7Dj7meI4X0
Revoada No Colchão,"Zé Felipe, Marcynho Sensação","piseiro, sertanejo, arrocha, agronejo, forró, sertanejo universitário, brega","Country, Latin",Revoada No Colchão,2021-09-17,4kGdnA7FzSVsXC29LPghej,Som Livre,BRTLW2100020,33357060,"7cmuxPnXRJxwuYDHfbD8Eu, 4dnPDc045bVjibyATxVUOs"
Classic,MKTO,,,MKTO,2012-00-00,6FE2iI43OZnszFLuLtvvmg,Columbia/M2V,USSM11301446,33703534,2l35CQqtYRh3d8ZIiBep4v
Venom - Music From The Motion Picture,Eminem,"rap, hip hop",Hip Hop,Kamikaze,2018-08-31,2SL6oP2YAEQbqsrkOzRGO4,Aftermath,USUM71813345,14165764,7dGJo4pcD2V6oG8kP0tJRR
Hurricane,Kanye West,rap,Hip Hop,Donda,2021-08-29,6Hfu9sc7jvv6coyy2LlzBF,Rock The World/IDJ/Kanye LP7,USUM72116311,41777705,5K4W6rqBFWDnAN6FQUkS6x
Moon,Kanye West,rap,Hip Hop,Donda,2021-08-29,7CC6UbCs4iGsePSzFxYxNn,Rock The World/IDJ/Kanye LP7,USUM72116291,7739206,5K4W6rqBFWDnAN6FQUkS6x
Off The Grid,Kanye West,rap,Hip Hop,Donda,2021-08-29,6LNoArVBBVZzUTUiAX2aKO,Rock The World/IDJ/Kanye LP7,USUM72116304,2303065,5K4W6rqBFWDnAN6FQUkS6x
Praise God,Kanye West,rap,Hip Hop,Donda,2021-08-29,0WSEq9Ko4kFPt8yo3ICd6T,Rock The World/IDJ/Kanye LP7,USUM72116287,98619504,5K4W6rqBFWDnAN6FQUkS6x
Teenagers,My Chemical Romance,"emo, pop punk, emo pop","Rock, Pop",The Black Parade,2006-10-20,7j31rVgGX9Q2blT92VBEA0,Reprise,USRE10602912,8868790,7FBcuc1gsnv6Y1nwFtNRCb
Someone Like You,Adele,soft pop,Pop,21,2011-01-19,5lkpeJwmQKgY3bX2zChjxX,XL Recordings,GBBKS1000351,79973438,4dpARuHxo51G3z768sgnrY
Lo Siento BB:/ (with Bad Bunny & Julieta Venegas),"Tainy, Bad Bunny, Julieta Venegas","reggaeton, trap latino, latin, urbano latino, latin pop, latin rock","Latin, Pop, Rock",Lo Siento BB:/ (with Bad Bunny & Julieta Venegas),2021-10-05,4gzsuuZypVbxs0Af1LSZyB,Neon16,USA2P2135437,186405817,"0GM7qgcRCORpGnfcN2tCiB, 4q3ewBCX7sLwd24euuV69X, 2QWIScpFDNxmS6ZEMIUvgm"
Savage,aespa,k-pop,Pop,Savage - The 1st Mini Album,2021-10-05,3dbLT62Cvs46Ju7a8gpr36,SM Entertainment,KRA302100326,15229644,6YVMFz59CuY7ngCxTxjpxE
Working for the Knife,Mitski,,,Working for the Knife,2021-10-05,46OaeacE8RjnE49MB5B2Lt,Dead Oceans,USJ5G2125002,1536912,2uYWxilOVlUdk4oV9DvwqK
When We Were Young,Adele,soft pop,Pop,25,2015-11-20,6O5TrlFWTYvznd9fMC0VvU,XL Recordings,GBBKS1500217,67112096,4dpARuHxo51G3z768sgnrY
Coração Cachorro,"Avine Vinny, Matheus Fernandes","piseiro, forró, sertanejo, arrocha, sertanejo universitário, pagode","Country, Latin",Coração Cachorro,2021-09-10,2RGIuYTsyyHoOCqW0krvNE,Sony Music Entertainment,BCAVV2100080,59328691,"4KDxYlnGZEiS60pAnfZf4W, 37mqXU98U5GmH5ZDtlHM1c"
Está Dañada,Ivan Cornejo,"sad sierreño, corridos tumbados, corrido, música mexicana, sierreño",Latin,Alma Vacía,2021-08-20,6G2xXQRSZlEzYsUEb3uvuR,"Manzana Records, Inc.",QZMFV2000188,31351438,6PH3FLQAxtqYy46Zv08bpV
"Ptazeta: Bzrp Music Sessions, Vol. 45","Bizarrap, Ptazeta","argentine trap, trap latino, urbano latino, ","Hip Hop, Latin","Ptazeta: Bzrp Music Sessions, Vol. 45",2021-10-06,4axxCbc4tWlpqHP5UbJMc3,DALE PLAY Records,UYB282101021,2489141,"716NhGYqD1jl2wI1Qkgq36, 5UN0rzL594mWY2RbOtZqIN"
MAMMAMIA,Måneskin,,,MAMMAMIA,2021-10-08,78SCmQ8A7KQSMdkem2SwBP,Epic,ITB002100961,18725210,0lAWpj5szCSwM4rUMHYmrr
Flocky Flocky (feat. Travis Scott),"Don Toliver, Travis Scott",rap,Hip Hop,Life of a DON,2021-10-08,25r6MZ4Gtd76l43qnZI1DG,Cactus Jack / Atlantic,USAT22106111,9651317,"4Gso3d4CscCijv0lmajZWs, 0Y5tJX1MQlPlqiwlOH1tJY"
Red Eye (feat. TroyBoi),"Justin Bieber, TroyBoi",edm trap,Hip Hop,Justice (The Complete Edition),2021-10-08,24OeEKPQ8qqNZnPevRHxUT,RBMG/Def Jam,USUM72102641,6146177,"1uNFoZAHBGtllmzznpCI3s, 0tvpihdAsKiNnP6sWS3jUI"
Ateo,"C. Tangana, NATHY PELUSO","flamenco, latin hip hop","Latin, Hip Hop",Ateo,2021-10-07,5xiAfKzE3mbxYbOkUZPR11,Sony Music Entertainment,ES5022101546,22802717,"5TYxZTjIPqKM8K8NuP9woO, 3VHAySZQPlfGlNLslzXYpN"
edamame,"bbno$, Rich Brian","meme rap, ",Hip Hop,eat ya veggies,2021-10-08,5rW7qTn83sCKtqBoneJs63,bbno$,QMUY42100151,63534111,"41X1TR6hrK8Q2ZCpp2EqCz, 2IDLDx25HU1nQMKde4n61a"
XSCAPE,Don Toliver,,,Life of a DON,2021-10-08,0jNFDcGAXPs5ahngmD5R6n,Cactus Jack / Atlantic,USAT22106108,1030290,4Gso3d4CscCijv0lmajZWs
Boyz (feat. Nicki Minaj),"Jesy Nelson, Nicki Minaj",,,Boyz (feat. Nicki Minaj),2021-10-08,59nbIJxGb1qkrzbtTomZkL,Polydor Records,GBUM72105299,1019672,"73KwqWuob0R53I14Vs56p9, 0hCNtLu0JehylgoiP8L4Gh"
5X,Don Toliver,,,Life of a DON,2021-10-08,2OcbewDrWFNTYRqpSzJBCY,Cactus Jack / Atlantic,USAT22106109,975361,4Gso3d4CscCijv0lmajZWs
Ela e Ela,Zé Neto & Cristiano,"sertanejo, sertanejo universitário, arrocha, agronejo","Country, Latin",Chaaama,2021-10-07,7pvrsbBKUQI2QmA74WCJa5,Som Livre,BRWNV2100027,18108302,487N2T9nIPEHrlTZLL3SQs
Way Bigger,Don Toliver,,,Life of a DON,2021-10-08,0HNKMJ2EKCaT2EqcCBj1EH,Cactus Jack / Atlantic,USAT22106110,904866,4Gso3d4CscCijv0lmajZWs
Prada (feat. Lil Tecca),"24kGoldn, Lil Tecca","melodic rap, rap",Hip Hop,Prada (feat. Lil Tecca),2021-10-08,4wuMS7NGVbU7hdu94K5icd,Records/Columbia,USQX92103580,859445,"6fWVd57NKTalqvmjRd2t8Z, 4Ga1P7PMIsmqEZqhYZQgDo"
What You Need,Don Toliver,,,Life of a DON,2021-10-08,7iC56CDz8miPDKaH0OEIqS,Cactus Jack / Atlantic,USAT22101243,847718,4Gso3d4CscCijv0lmajZWs
Venom - Remix,Eminem,"rap, hip hop",Hip Hop,"Last One Standing (feat. Polo G, Mozzy & Eminem) [From Venom: Let There Be Carnage]",2021-10-05,6kUaRtXf19fu5IQWjmwsEJ,Shady Records/Interscope Records,USUG12105252,815372,7dGJo4pcD2V6oG8kP0tJRR
Acapulco,Jason Derulo,,,Acapulco,2021-09-03,3eJH2nAjvNXdmPfBkALiPZ,Atlantic Records,USAT22102812,72290258,07YZf4WDAMNwqr4jfgOZ8y
You (feat. Travis Scott),"Don Toliver, Travis Scott",rap,Hip Hop,Life of a DON,2021-10-08,4qS2KPWvsQzLvRa9oCHw41,Cactus Jack / Atlantic,USAT22106119,799162,"4Gso3d4CscCijv0lmajZWs, 0Y5tJX1MQlPlqiwlOH1tJY"
Guapa,RAF Camora,german hip hop,Hip Hop,Zukunft 1 & 2,2021-10-01,5FsV0biZgb8tmQtau5LxKz,Indipendenza,DEQ022150431,794031,0Dvx6p8JDyzeOPGmaCIH1L
Você Beberia Ou Não Beberia?,Zé Neto & Cristiano,"sertanejo, sertanejo universitário, arrocha, agronejo","Country, Latin",Chaaama,2021-10-07,2ixi9HWJw5lnLDmRMsiCS5,Som Livre,BRWNV2100023,4976716,487N2T9nIPEHrlTZLL3SQs
"Trava na Pose, Chama no Zoom, Dá um Close (feat. Mc Rennan)","DJ Patrick Muniz, Dj Olliver, Mc Topre, Mc Rennan","funk, brazilian funk, funk carioca","Hip Hop, R&B","Trava na Pose, Chama no Zoom, Dá um Close (feat. Mc Rennan)",2021-09-28,0DsPj89zlY3Us7xb5cXK5h,Tratto Entretenimentos,BCLWS2100147,27019981,"2MUXvv3lFulPYMUCtNrEBu, 6akRUh5g0XiVQaZj6U23fd, 6bmZfABIjvLMAMYwujdjFy, 6ZiGAU6TJQEyidFQ22eIOS"
Love In The Dark,Adele,soft pop,Pop,25,2015-11-20,0DuWDLjriRPjDRoPgaCslY,XL Recordings,GBBKS1500221,55264373,4dpARuHxo51G3z768sgnrY
"Who Want Smoke?? (feat. G Herbo, Lil Durk & 21 Savage)","Nardo Wick, G Herbo, Lil Durk, 21 Savage","drill, ",Hip Hop,"Who Want Smoke?? (feat. G Herbo, Lil Durk & 21 Savage)",2021-10-08,4yNoUQkYf1QF8iYlEzNynH,Not specified,USRC12101071,15509250,"0Njy6yR9LykNKYg9yE23QN, 5QdEbQJ3ylBnc3gsIASAT5, 3hcs9uc56yIGFCSy9leWe7, 1URnnhqYAYcrqrcwql10ft"
WFM,RealestK,,,WFM,2021-10-06,18ddJHQ7CUzNBiy55L0Xjj,1893821 Records DK,QZNWS2127360,26268584,35R1B97CfrqKFFI3QBkTDx
I Love You So,The Walters,,,Songs for Dads,2014-11-28,1175r6ZmkUjX8dRJLz9Ohk,The Walters,TCACC1438995,9936296,027TpXKGwdXP7iwbjUSpV8
Infinity,Jaymes Young,,,Feel Something,2017-06-23,1SOClUWhOi8vHZYMz3GluK,Atlantic Records,USAT21700859,85618036,6QrQ7OrISRYIfS5mtacaw2
Set Fire to the Rain,Adele,soft pop,Pop,21,2011-01-19,7j4OmvkjRz0PrjFADlHfQx,XL Recordings,GBBKS1000348,33900040,4dpARuHxo51G3z768sgnrY
Tamed-Dashed,ENHYPEN,k-pop,Pop,DIMENSION : DILEMMA,2021-10-12,1zoyteFQmeUUqyOl2Xznpy,BELIFT LAB,USA2P2135692,1569357,5t5FqBwTcgKTaWmfEbwQY9
Careless Whisper,George Michael,,,Ladies And Gentlemen... The Best Of George Michael,1998-11-09,4jDmJ51x1o9NZB5Nxxc7gY,Sony Music Entertainment,GBBBM8402006,23964998,19ra5tSw0tWufvUp8GotLo
Índigo,"Camilo, Evaluna Montaner","colombian pop, ",Pop,Índigo,2021-10-13,4knc1Fp3kbuq8bH2byOvLu,Sony Music Latin,USSD12100733,60791531,"28gNT5KBp7IjEOQoevXf9N, 52qzWdNUp6ebjcNsvgZSiC"
Easy On Me,Adele,soft pop,Pop,Easy On Me,2021-10-14,0gplL1WMoJ6iYaPgMCL0gX,Columbia,USSM12105970,268759528,4dpARuHxo51G3z768sgnrY
Send My Love (To Your New Lover),Adele,soft pop,Pop,25,2015-11-20,563SfWAHJs4FBZMkRN0IFN,XL Recordings,GBBKS1500215,14802158,4dpARuHxo51G3z768sgnrY
Sky,Playboi Carti,rage rap,Hip Hop,Whole Lotta Red,2020-12-25,29TPjc8wxfz4XMn21O7VsZ,AWGE/Interscope Records,USUM72024699,63943617,699OTQXzgjhIYAHMy9RyPD
My Universe,"Coldplay, BTS",k-pop,Pop,Music Of The Spheres,2021-10-15,46HNZY1i7O6jwTA7Slo2PI,Parlophone UK,GBAYE2100952,222582610,"4gzpq5DPGxSnKTe4SA8HAU, 3Nrfpe0tUJi4K4DXYWgMUX"
Let Somebody Go,"Coldplay, Selena Gomez",pop,Pop,Music Of The Spheres,2021-10-15,4cGqn0E8JCSY9gQllQj4Mf,Parlophone UK,GBAYE2100947,27786158,"4gzpq5DPGxSnKTe4SA8HAU, 0C8ZW7ezQVs4URX5aX7Kqx"
Bubbly (with Drake & Travis Scott),"Young Thug, Drake, Travis Scott","rap, melodic rap, trap, hip hop",Hip Hop,Punk,2021-10-15,4KDNRh9Oor80z3XIxdWlui,300 Entertainment/Atl,USAT22106845,15739596,"50co4Is1HCEo8bhOyUWKpn, 3TVXtAsR1Inumwj472S9r4, 0Y5tJX1MQlPlqiwlOH1tJY"
Santé,Stromae,french pop,Pop,Santé,2021-10-15,3vXnuFnC5RhPGwsFi0ORcI,Universal Music Division Carthage Music,BET672100001,2267754,5j4HeCoUlzhfWtjAfM1acR
Make You Feel My Love,Adele,soft pop,Pop,19,2008-01-27,273QnyCvJB65rScHJ1nPZb,XL Recordings,GBBKS0700586,9714790,4dpARuHxo51G3z768sgnrY
Undeniable (feat. X Ambassadors),"Kygo, X Ambassadors","tropical house, ",Electronic,Undeniable (feat. X Ambassadors),2021-10-15,71qB68guEJjbvtjlkZ8DF5,Kygo/RCA Records,USRC12102908,3593062,"23fqKkggKUBHNkbKtXEls4, 3NPpFNZtSTHheNBaWC82rB"
Chasing Pavements,Adele,soft pop,Pop,19,2008-01-27,0Z5ok0QLLttAKsujOZYOXf,XL Recordings,GBBKS0700574,9986984,4dpARuHxo51G3z768sgnrY
All I Ask,Adele,soft pop,Pop,25,2015-11-20,6DEMMeWXfmFAXgDUMMzeg6,XL Recordings,GBBKS1500223,9754921,4dpARuHxo51G3z768sgnrY
Hello,Adele,soft pop,Pop,25,2015-11-20,1Yk0cQdMLx5RzzFTYwmuld,XL Recordings,GBBKS1500214,7865079,4dpARuHxo51G3z768sgnrY
Faking Love (feat. Saweetie),"Anitta, Saweetie","brazilian pop, funk pop, funk carioca, funk, pagode baiano, ","Pop, R&B, Hip Hop, Latin",Faking Love (feat. Saweetie),2021-10-14,3V7jLMYvvg4BHi4tmDveNc,Warner Records,USWB12103555,1127558,"7FNnA9vBm6EKceENgCGRMb, 6cK3NBO6uP7hh0oyuVELFl"
Livin It Up (with Post Malone & A$AP Rocky),"Young Thug, A$AP Rocky, Post Malone","rap, melodic rap, trap, ",Hip Hop,Punk,2021-10-15,7zjEyeBsaw9gV0jofJLfOM,300 Entertainment/Atl,USAT22106837,6541985,"50co4Is1HCEo8bhOyUWKpn, 13ubrt8QOOCPljQ2FL1Kca, 246dkjvS1zLTtiykXe5h60"
Stressed (with J. Cole & T-Shyne),"Young Thug, J. Cole, T-Shyne","rap, melodic rap, trap, ",Hip Hop,Punk,2021-10-15,0uqsdBw9KvD8jSWmfMmMAp,300 Entertainment/Atl,USAT22106825,1112466,"50co4Is1HCEo8bhOyUWKpn, 6l3HvQ5sa6mXTsMTB19rO5, 14qypx78D3Jd1mm7c2BqQb"
Higher Power,Coldplay,,,Music Of The Spheres,2021-10-15,65OR4ywy8Cgs3FDHK82Idl,Parlophone UK,GBAYE2100379,2709047,4gzpq5DPGxSnKTe4SA8HAU
Rich Nigga Shit (with Juice WRLD),"Young Thug, Juice WRLD","rap, melodic rap, trap, emo rap",Hip Hop,Punk,2021-10-15,1XRzIGsdYaLi0jHeGlcHGP,300 Entertainment/Atl,USAT22106835,1076482,"50co4Is1HCEo8bhOyUWKpn, 4MCBfE4596Uoi2O4DtmEMz"
Here We Go,Mac Miller,,,Faces,2021-10-15,40dlJFdqfm8CayhmmS9UB7,Warner Records,USWB12103311,1045102,4LLpKhyESsyAXpc4laK94U
Unfollow,"Duki, Justin Quiles, Bizarrap","argentine trap, trap, trap latino, reggaeton, urbano latino","Hip Hop, Latin",Unfollow,2021-10-14,6GsD646HrIDJJpzoY9T1Rt,SSJ Records / DALE PLAY Records,UYB282140001,13733365,"1bAftSH8umNcGZ0uyV7LMg, 14zUHaJZo1mnYtn6IBRaRP, 716NhGYqD1jl2wI1Qkgq36"
Die Slow (with Strick),"Young Thug, Strick","rap, melodic rap, trap, ",Hip Hop,Punk,2021-10-15,6wuGK7wlZFjX2NYmParJwl,300 Entertainment/Atl,USAT22106823,863632,"50co4Is1HCEo8bhOyUWKpn, 2WInxWtfee6mRhUQUmIRAH"
Rumour Has It,Adele,soft pop,Pop,21,2011-01-19,4roNDqb3Mm6EUAPCtW0Sct,XL Recordings,GBBKS1000349,860603,4dpARuHxo51G3z768sgnrY
Water Under the Bridge,Adele,soft pop,Pop,25,2015-11-20,2DRMuw0U0QbkVQxWxdJV3M,XL Recordings,GBBKS1500219,833049,4dpARuHxo51G3z768sgnrY
Späti,Gzuz,german hip hop,Hip Hop,Späti,2021-10-14,1S4Ehm8b7O4n9lIy3uAMS1,187 Strassenbande,DECE72105108,826054,5eioJDe26lOqkAMbuhzZYs
Skyfall,Adele,soft pop,Pop,Skyfall,2012-10-04,6VObnIkLVruX4UVyxWhlqm,XL Recordings/Columbia,GBBKS1200164,817340,4dpARuHxo51G3z768sgnrY
Putariazinha,Felipe Amorim,"piseiro, forró, arrocha, sertanejo, agronejo, brega","Country, Latin",Putariazinha,2021-09-03,2jwrYBGz7osKI31v50bS7b,OnePlay,BCOOP2100001,3218657,3CIIaeZuFYrAD6PRVyuO4U
Toxic,BoyWithUke,,,Faded,2021-09-10,2kaNmAbqrtOf7Rdr3fnCWl,BoyWithUke,TCAFS2101442,12424136,1Cd373x8qzC7SNUg5IToqp
masquerade,siouxxie sixxsta,hyperpop,Pop,masquerade,2020-06-17,64EA2RKyciBwCuVczLH6Ct,1515760 Records DK2,QZK6P2005393,19499585,0OO76E5lRfeyBI3fkA73Dr
Better Days (NEIKED x Mae Muller x Polo G),"NEIKED, Mae Muller, Polo G",,,Better Days (NEIKED x Mae Muller x Polo G),2021-09-24,6f5ExP43esnvdKPddwKXJH,Capitol Records UK / EMI,GBUM72106057,103833939,"5H6xmHXjsq98NLbEjuE29f, 1BEUkE2CSUgHTLSBMZdnFB, 6AgTAQt8XS6jRWi4sX7w49"
I Love You So,The Walters,,,I Love You So,2014-11-28,4SqWKzw0CbA05TGszDgMlc,Warner Records,TCACC1438995,110364552,027TpXKGwdXP7iwbjUSpV8
Moth To A Flame (with The Weeknd),"Swedish House Mafia, The Weeknd","edm, ",Electronic,Moth To A Flame,2021-10-22,2gpWyfu7eZ01zzncHpxOtA,Republic Records,USUG12105524,142960201,"1h6Cn3P4NGzXbaXidqURXs, 1Xyo4u8uXC1ZmMpatF05PJ"
Cold Heart - PNAU Remix,"Elton John, Dua Lipa, PNAU","pop, ",Pop,The Lockdown Sessions,2021-10-22,7rglLriMNBPAyuJOMGwi39,EMI,GBUM72104705,271934228,"3PhoLpVuITZKcymswpck5b, 6M2wZ9GZgrQXHCFfjv46we, 6n28c9qs9hNGriNa72b26u"
"SG (with Ozuna, Megan Thee Stallion & LISA of BLACKPINK)","DJ Snake, Ozuna, Megan Thee Stallion, LISA","reggaeton, latin, trap latino, urbano latino, k-pop","Pop, Latin","SG (with Ozuna, Megan Thee Stallion & LISA of BLACKPINK)",2021-10-22,6IPNp9PfaEqrzotY47TIWy,DJ Snake Music Productions Limited,USUG12103119,48468070,"540vIaP2JwjQb9dm3aArA4, 1i8SpTcr7yvPOmcqrbnVXY, 181bsRPaVXVlUKXrxwZfHK, 5L1lO4eRHmJ7a0Q6csE5cT"
Not In The Mood (feat. Fivio Foreign & Kay Flock),"Lil Tjay, Fivio Foreign, Kay Flock","brooklyn drill, melodic rap, new york drill, drill, uk drill","Hip Hop, Pop",Not In The Mood (feat. Fivio Foreign & Kay Flock),2021-10-22,25GyyK9CyZRiDCsPY51fIT,Columbia,USSM12108019,5086995,"6jGMq4yGs7aQzuGsMgVgZR, 14CHVeJGrR5xgUGQFV5BVM, 2AMeiDbfU2vonrTkpXDKUu"
Present,Khalid,,,Present,2021-10-22,6RBfz4bNLNzvt37HycN1Xf,"Right Hand Music Group, LLC/RCA Records",USRC12102849,2704615,6LuN9FCkKOj5PcnpouEgny
If You Lie Down With Me,Lana Del Rey,,,Blue Banisters,2021-10-22,1RPsOAaHaRu8JlVdeaciuL,Polydor Records,GBUM72104284,988130,00FQb4jTyendYWaN8pK0wa
Dynamite,"Sean Paul, Sia","dancehall, ",Traditional music,Dynamite,2021-10-22,0fQfJFfngYfG26560HLMLN,Universal-Island Records Ltd.,GBUM72106932,806651,"3Isy6kedDrgPYoTS1dazA9, 5WUlDfRSoLAfcVSX1WnrxN"
Rock with you,SEVENTEEN,k-pop,Pop,SEVENTEEN 9th Mini Album 'Attacca',2021-10-22,6LnEoRQKMcaFTR5UvaKuBy,PLEDIS Entertainment,USA2P2135688,804203,7nqOGRxlXj7N2JYbgNEjYH
GALOPA,PEDRO SAMPAIO,"funk, funk pop, brazilian funk, funk carioca, brega funk, brazilian pop","Hip Hop, Pop, R&B",GALOPA,2021-09-16,2wG1R0uDFwyobcWzVssC1J,WM Brazil,BRWMB2100721,44221174,5wbf52LA6kcaboHSN6NEF1
Nuestra Canción,"Monsieur Periné, Vicente Garcia","colombian pop, latin alternative, latin indie, guaracha, latin folk, spanish-language reggae, bachata","Latin, Pop",Caja de Música,2015-06-16,5reQI13tWWYDLMrGcUF4Mk,Monsieur Perine,COSO11500079,20665986,"36KsCCwgI0Dep97yVJWmkK, 2Otnykd696YidQYfEGVmNq"
Ghost Town,Benson Boone,,,Ghost Town,2021-10-15,135Lf4Q0CzlMNfOxbEUsLH,"Night Street Records, Inc./Warner Records Inc.",USWB12103472,47501766,22wbnEMDvgVIAGdFeek6ET
Somebody's Watching Me,Rockwell,,,Somebody's Watching Me,1984-01-30,7jwQlYGpOml9ETGre1HqGA,UNI/MOTOWN,USMO18400484,4066558,3xs0LEzcPXtgNfMNcHzLIP
Dealer,Lana Del Rey,,,Blue Banisters,2021-10-22,7iqQz931tn59mK6IZ3knRx,Polydor Records,GBUM72104279,1507146,00FQb4jTyendYWaN8pK0wa
double take,Dhruv,,,double take,2019-05-24,47isJpIIO8m7BJEhiFhnaf,Little Worry/RCA Records,GBMJG1911043,2251579,70NcAr4ZtA3FAqU16iQZSb
Salimo de Noche,"Tiago PZK, Trueno","argentine trap, urbano latino","Hip Hop, Latin",Salimo de Noche,2021-10-21,6P096SaOzrgGxs8NWOfX7M,WM Chile,AR3N42100003,75847419,"5Y3MV9DZ0d87NnVm56qSY1, 2x7PC78TmgqpEIjaGAZ0Oz"
FEEL ME??,Trueno,argentine trap,Hip Hop,FEEL ME??,2021-09-09,4kELKaXaNP4EQR8Q8xNIID,2021 Sur Capital Records (por Tierra Agencia),ARRWN2000080,17875589,2x7PC78TmgqpEIjaGAZ0Oz
Shivers,Ed Sheeran,soft pop,Pop,=,2021-10-25,50nfwKoDiSYg8zOCREWAm5,Atlantic Records UK,GBAHS2100671,220231249,6eUKZXaKkcviH0Ku9w2n3V
Bad Habits,Ed Sheeran,soft pop,Pop,=,2021-10-25,3rmo8F54jFF8OgYsqTxm5d,Atlantic Records UK,GBAHS2100318,194414166,6eUKZXaKkcviH0Ku9w2n3V
Overpass Graffiti,Ed Sheeran,soft pop,Pop,=,2021-10-25,4btFHqumCO31GksfuBLLv3,Atlantic Records UK,GBAHS2100673,75113903,6eUKZXaKkcviH0Ku9w2n3V
First Times,Ed Sheeran,soft pop,Pop,=,2021-10-25,5QYnNhTKsN3kE7OaqILA1U,Atlantic Records UK,GBAHS2100672,9330243,6eUKZXaKkcviH0Ku9w2n3V
Tides,Ed Sheeran,soft pop,Pop,=,2021-10-25,2JiHR4gCDjXwYVRDmwdk95,Atlantic Records UK,GBAHS2100670,6767232,6eUKZXaKkcviH0Ku9w2n3V
2step,Ed Sheeran,soft pop,Pop,=,2021-10-25,2SUxn2O9NHL6GHGQFgwCY0,Atlantic Records UK,GBAHS2100677,11902582,6eUKZXaKkcviH0Ku9w2n3V
Enemy (with JID) - from the series Arcane League of Legends,"Imagine Dragons, JID, Arcane, League of Legends",,,Enemy (with JID) [from the series Arcane League of Legends],2021-10-28,1r9xUipOqoNwggBpENDsvJ,KIDinaKORNER/Interscope Records,USUM72119916,186594338,"53XhwfbYqKCa1cC15pYq2q, 6U3ybJ9UHNKEdsH7ktGBZ7, 57nPqD7z62gDdq37US9XJR, 47mIJdHORyRerp4os813jD"
The Joker And The Queen,Ed Sheeran,soft pop,Pop,=,2021-10-25,3NuLxTXowTRcguTh9RsPmM,Atlantic Records UK,GBAHS2100674,4970041,6eUKZXaKkcviH0Ku9w2n3V
Visiting Hours,Ed Sheeran,soft pop,Pop,=,2021-10-25,0rt63HYAAIzUZo5O2D0uA6,Atlantic Records UK,GBAHS2100680,8368751,6eUKZXaKkcviH0Ku9w2n3V
Toxic,BoyWithUke,,,Toxic,2021-10-29,2gQPv5jvVPqU2a9HhMNO1v,Republic Records,TCAFS2101442,122943572,1Cd373x8qzC7SNUg5IToqp
Leave Your Life,Ed Sheeran,soft pop,Pop,=,2021-10-25,0YbI9lWxUBsCJLb6EBydkr,Atlantic Records UK,GBAHS2100675,4786734,6eUKZXaKkcviH0Ku9w2n3V
Collide,Ed Sheeran,soft pop,Pop,=,2021-10-25,5sv0WnUs74Orn6GoPmC5im,Atlantic Records UK,GBAHS2100676,4798225,6eUKZXaKkcviH0Ku9w2n3V
Stop The Rain,Ed Sheeran,soft pop,Pop,=,2021-10-25,0VuDtcT7H4CAljLZEH021x,Atlantic Records UK,GBAHS2100678,4580580,6eUKZXaKkcviH0Ku9w2n3V
Love In Slow Motion,Ed Sheeran,soft pop,Pop,=,2021-10-25,1i4F583d9v9RabcfOlKKVL,Atlantic Records UK,GBAHS2100679,3694505,6eUKZXaKkcviH0Ku9w2n3V
Tell It To My Heart,"MEDUZA, Hozier",,,Tell It To My Heart,2021-10-29,46nvQpUDsxpS08UTFOeKTA,Universal-Island Records Ltd.,GBUM72106958,3448485,"0xRXCcSX89eobfrshSVdyu, 2FXC3k01G6Gw61bmprjgqS"
Demon High,Lil Uzi Vert,melodic rap,Hip Hop,Demon High,2021-10-29,5MAnH0CFbD13INQBsnKI9y,Generation Now/Atlantic,USAT22106945,1099725,4O15NlyKLIASxsJ0PrXPfz
Oh Na Na,"Camila Cabello, Myke Towers, Tainy","pop, reggaeton, trap latino, urbano latino","Pop, Latin",Oh Na Na,2021-10-29,03NqHNdG3Ur6kciQWK6e8V,Epic,USSM12105951,2651288,"4nDoRrQiYLoBzwC5BhVJzF, 7iK8PXO48WeuP03g8YR51W, 0GM7qgcRCORpGnfcN2tCiB"
Thriller,Michael Jackson,,,Thriller 25 Super Deluxe Edition,2008-02-08,3S2R0EVwBSAVMd5UMgKTL0,Epic/Legacy,USSM19902989,6171170,3fMbdgg4jU18AjLCKBhRSm
Sandman,Ed Sheeran,soft pop,Pop,=,2021-10-25,2Ldb2ytuC9AxhpAkVEJBI6,Atlantic Records UK,GBAHS2100681,1880662,6eUKZXaKkcviH0Ku9w2n3V
Be Right Now,Ed Sheeran,soft pop,Pop,=,2021-10-25,3BiiSLo0wyHAY7lpCEO6ge,Atlantic Records UK,GBAHS2100682,1006933,6eUKZXaKkcviH0Ku9w2n3V
Mahvettim,cakal,"turkish hip hop, drill",Hip Hop,Mahvettim,2021-10-29,1GWxwShcDEdSvlr0jcpYI1,Perros Blancos,FRX762165316,3448902,6CPZWzcKiOKkHn4L2XI4i2
Telepath,Conan Gray,,,Telepath,2021-10-29,3Z39gbqdaGL3WJXBG0gcuE,Republic Records,USUM72119694,984310,4Uc8Dsxct0oMqx0P6i60ea
Dictadura,Anuel AA,"reggaeton, trap latino, urbano latino, latin",Latin,Dictadura,2021-10-28,4yoc5cUWk4OFvqOcvFvw0o,"Real Hasta La Muerte, LLC",QMDA62165404,5663244,2R21vXR83lH98kGeO99Y66
"Family (feat. Bebe Rexha, Ty Dolla $ign & A Boogie Wit da Hoodie)","David Guetta, Bebe Rexha, Ty Dolla $ign, A Boogie Wit da Hoodie","edm, dance, melodic rap","Electronic, Hip Hop","Family (feat. Bebe Rexha, Ty Dolla $ign & A Boogie Wit da Hoodie)",2021-10-29,0HLhptvI8NozbOHRLNniFz,Atlantic Records,USAT22104477,962887,"1Cs0zKBU1kc0i8ypK3B9ai, 64M6ah0SkkRsnPGtGiRAbb, 7c0XG5cIJTrrAgEC3ULPiq, 31W5EY0aAly4Qieq6OFu6I"
Sabe,"Nicki Nicole, Rauw Alejandro","argentine trap, reggaeton, urbano latino, trap latino, latin","Hip Hop, Latin",Parte de Mí,2021-10-28,0XYZhJIcwKNjd0tjbSXwaQ,Sony Music Latin/DALE PLAY Records,UYB282100015,911738,"2UZIAOlrnyZmyzt1nuXr9y, 1mcTU81TzQhprhouKaTkpq"
Be a Hoe/Break a Hoe,"Shirin David, Kitty Kat","german hip hop, german pop","Hip Hop, Pop",Be a Hoe/Break a Hoe,2021-10-28,2NkKIjlfLa9o9Yfsq2tl99,Juicy Money Records,DECE72105066,906147,"0JBdTCGs111JKKYfLqOEBa, 2YkKzgHa7xT6aW8QaSsQMd"
Sandman,A$AP Rocky,rap,Hip Hop,LIVE.LOVE.A$AP,2011-10-31,0qkA0NU7cDKWkFXNGRcNaB,A$AP Worldwide/Polo Grounds Music/RCA Records,USRC12100019,897613,13ubrt8QOOCPljQ2FL1Kca
Highway to Hell,AC/DC,"rock, hard rock, classic rock, rock and roll",Rock,Highway to Hell,1979-07-27,2zYzyRzz6pRmhPzyfMEC8s,Columbia,AUAP07900028,3894386,711MCceyCBcFnzjGY4Q7Un
Ghostbusters,Ray Parker Jr.,,,Greatest Hits,1990-01-01,6thXB4RmajS4oZPNiBAKy0,Arista,USAR18400008,3064987,0NyzfcGDZZ6GM25EBG9BYK
Monster Mash,"Bobby (Boris) Pickett, The Crypt-Kickers",,,The Original Monster Mash,1962-00-00,0xxZY5C9xxij3D1HkzbnfC,Decca Music Group Ltd.,GBBBA7360050,2857758,"42MRYPhQfcEXqb18dl5ERX, 4frDtYgwXXKkbyQzjOmJG5"
This Is Halloween,Disney Characters,,,Nightmare Before Christmas,2008-10-27,4a9RlnJ0v1T7HgLtps1HvI,Mixed Repertoire,USWD10422982,2762774,6utdPEv71mR0DnGp74cJIz
Toxic,Britney Spears,pop,Pop,In The Zone,2003-11-13,6I9VzXrHxO9rA9A5euc8Ak,Jive,USJI10301005,3008827,26dSoYclwsYLMAKD3tpOr4
Sweet Dreams (Are Made of This) - 2005 Remaster,"Eurythmics, Annie Lennox, Dave Stewart","new wave, synthpop, ","Rock, Pop",Sweet Dreams (Are Made Of This),1983-01-04,1TfqLAPs4K3s2rJMoCokcS,RCA Records Label,GBARL0300589,1879281,"0NKDgy9j66h3DLnN8qu1bB, 5MspMQqdVbdwP6ax3GXqum, 7gcCQIlkkfbul5Mt0jBQkg"
Do It To It,"ACRAZE, Cherish","tech house, ",Electronic,Do It To It,2021-08-20,20on25jryn53hWghthWWW3,"Thrive Music, LLC",QZFPL2100100,139757538,"4pnp4w9g30yLfVIAFnZMRd, 1c70yCa8sRgIiQxl3HOEFo"
Disturbia,Rihanna,,,Good Girl Gone Bad: Reloaded,2007-03-31,30VrBsh1STRBoIrhQOAwzK,Def Jam Recordings,USUM70814476,1911953,5pKCCKE2ajJHZ9KAiaK11H
Somebody's Watching Me - Single Version,Rockwell,,,80's -ベスト100-,2020-07-29,69stxc6hQrJHOzoUwOplKs,Universal Music LLC,USMO10000307,2098551,3xs0LEzcPXtgNfMNcHzLIP
"Spooky, Scary Skeletons - Undead Tombstone Remix",Andrew Gold,,,Halloween Howls: Fun & Scary Music (Deluxe Edition),2019-10-18,1sUdq3kWa9dJXHu3eYOUll,Craft Recordings,USC4R1902694,1285342,5fmvGUlMVgmnCn45f1he7d
Superstition,Stevie Wonder,"motown, soul",R&B,Talking Book,1972-10-28,4N0TP4Rmj6QQezWV88ARNJ,Motown,USMO17200984,977731,7guDJrEfX3qb6FEbdPA5qi
Thriller - 2003 Edit,Michael Jackson,,,Number Ones,1979-00-00,0wQy2OO7jKjm0OOmA7gv3f,Epic,USSM10313532,912636,3fMbdgg4jU18AjLCKBhRSm
Everybody (Backstreet's Back) - Radio Edit,Backstreet Boys,,,Backstreet's Back,1997-08-12,1di1BEgJYzPvXUuinsYJGP,Jive,USJI19710083,777374,5rSXSAkZ67PYJSvpUpkOr7
Sweet but Psycho,Ava Max,,,Heaven & Hell,2020-09-18,7DnAm9FOTWE3cUvso43HhI,Atlantic Records,USAT21802011,763274,4npEfmQ6YuiwW1GpUmaq3F
Time Warp,"Little Nell, Patricia Quinn, Richard O'Brien",,,The Rocky Horror Picture Show - Original Soundtrack,1975-01-10,4WFeJTXNHIS2wURtwlAkhu,Ode Sounds & Visuals,USA560853992,734396,"213WFYdlgojElnXhDyhwke, 7Akz0poR4eUgNM0ciCWqIs, 0aIOdrjH5s3hJqxmKoAEUg"
All I Want for Christmas Is You,Mariah Carey,christmas,Jazz,Merry Christmas,1994-10-28,0bYg9bo50gSsH3LtXe2SQn,Columbia,USSM19400325,200746762,4iHNK0tOyZPYnBU7nGAgpQ
SAD GIRLZ LUV MONEY Remix (feat. Kali Uchis and Moliy),"Amaarae, Kali Uchis, MOLIY","alté, afrobeats",R&B,SAD GIRLZ LUV MONEY Remix (feat. Kali Uchis and Moliy),2021-09-16,15HMh4yxdf4wyxSZSlOgGZ,Golden Child Entertainment Ltd,US23A1540104,30672353,"21UPYSRWFKwtqvSAnFnSvS, 1U1el3k54VvEUzo3ybLPlM, 2hVWBpjLW4Q7fboYz2pVYK"
Lost in the Fire (feat. The Weeknd),"Gesaffelstein, The Weeknd",,,Hyperion,2019-03-08,2vXKRlJBXyOcvZYTdNeckS,Columbia,USQX91803314,21778571,"3hteYQFiMFbJY7wS0xDymP, 1Xyo4u8uXC1ZmMpatF05PJ"
"Anuel AA: Bzrp Music Sessions, Vol. 46","Bizarrap, Anuel AA","argentine trap, trap latino, urbano latino, reggaeton, latin","Hip Hop, Latin","Anuel AA: Bzrp Music Sessions, Vol. 46",2021-11-03,1mrGEef8GuaEnDdw8J5BQp,DALE PLAY Records,UYB282101022,11439541,"716NhGYqD1jl2wI1Qkgq36, 2R21vXR83lH98kGeO99Y66"
ESCAPE PLAN,Travis Scott,rap,Hip Hop,ESCAPE PLAN / MAFIA,2021-11-05,4R67rQNSbbsR4TdUVOIdez,Cactus Jack/Epic,USSM12104018,39394335,0Y5tJX1MQlPlqiwlOH1tJY
One Right Now (with The Weeknd),"Post Malone, The Weeknd",,,One Right Now,2021-11-05,00Blm7zeNqgYLPtW6zg8cj,Republic Records,USUM72120404,122211307,"246dkjvS1zLTtiykXe5h60, 1Xyo4u8uXC1ZmMpatF05PJ"
MAFIA,Travis Scott,rap,Hip Hop,ESCAPE PLAN / MAFIA,2021-11-05,08F16baYbciTva9P4BvpiI,Cactus Jack/Epic,USSM12108561,17668670,0Y5tJX1MQlPlqiwlOH1tJY
Smokin Out The Window,"Bruno Mars, Anderson .Paak, Silk Sonic",,,Smokin Out The Window,2021-11-05,4iN16F8JtVxG2UTzp3avGl,Aftermath Entertainment/Atlantic,USAT22105952,16185368,"0du5cEVh5yTK9QJze8zA0C, 3jK9MiCrA42lLAdMGUZpwa, 6PvvGcCY2XtUcSRld1Wilr"
No Love (with SZA),"Summer Walker, SZA",r&b,R&B,Still Over It,2021-11-05,08SB2OtZkaliju77WYEKxk,LVRN/Interscope Records,USUM72118238,9341304,"57LYzLEk2LcFghVwuWbcuS, 7tYKF4w9nC0nq9CsPZTHyP"
The Motto,"Tiësto, Ava Max","edm, trance, big room, house, dance, ",Electronic,The Motto,2021-11-04,18asYwWugKjjsihZ0YvRxO,Atlantic Records,CYA112001070,55377933,"2o5jDhtHVPhrJdv3cEQ99Z, 4npEfmQ6YuiwW1GpUmaq3F"
Bitter - Narration By Cardi B,"Summer Walker, Cardi B","r&b, ",R&B,Still Over It,2021-11-05,5cwnxz6QPfbOf731UPqphs,LVRN/Interscope Records,USUM72118247,2063770,"57LYzLEk2LcFghVwuWbcuS, 4kYSro6naA4h99UJvo89HB"
When You Danced With Me,ABBA,,,Voyage,2021-11-05,46OKHucGhjhskazqD8tKnH,Polar Music International AB,SE6XG2100102,1248604,0LcJLqbBmaGUft1e9Mm8HV
Ex For A Reason (with JT from City Girls),"Summer Walker, JT, City Girls","r&b, ",R&B,Still Over It,2021-11-05,1De7cOMrdUnVpjWBaowMg4,LVRN/Interscope Records,USUM72118243,1938371,"57LYzLEk2LcFghVwuWbcuS, 39af15p0feaAOdL9DTRj3m, 37hAfseJWi0G3Scife12Il"
Throw It Away,Summer Walker,r&b,R&B,Still Over It,2021-11-05,21DN44aYlSoyfOQcboC0IP,LVRN/Interscope Records,USUM72118236,1119566,57LYzLEk2LcFghVwuWbcuS
Don't Shut Me Down,ABBA,,,Voyage,2021-11-05,3ARUWZ4hryYXhp6X7KHcaD,Polar Music International AB,SE6XG2100104,1882332,0LcJLqbBmaGUft1e9Mm8HV
Reciprocate,Summer Walker,r&b,R&B,Still Over It,2021-11-05,5xGqh5mjKgOhp9TOlFeCcJ,LVRN/Interscope Records,USUM72118241,1072988,57LYzLEk2LcFghVwuWbcuS
You Don’t Know Me,Summer Walker,r&b,R&B,Still Over It,2021-11-05,7gpIj4wMeTKptFxetrNKzY,LVRN/Interscope Records,USUM72118235,989134,57LYzLEk2LcFghVwuWbcuS
I Still Have Faith In You,ABBA,,,Voyage,2021-11-05,3D9TYPbNo1nnTwE4eLKxnJ,Polar Music International AB,SE6XG2100101,977395,0LcJLqbBmaGUft1e9Mm8HV
Toxic (with Lil Durk),"Summer Walker, Lil Durk","r&b, drill","Hip Hop, R&B",Still Over It,2021-11-05,4blMQHONplzay3YkNIUlcn,LVRN/Interscope Records,USUM72118257,896533,"57LYzLEk2LcFghVwuWbcuS, 3hcs9uc56yIGFCSy9leWe7"
Circus,Summer Walker,r&b,R&B,Still Over It,2021-11-05,2vdposMtmLoanI0pflut4F,LVRN/Interscope Records,USUM72118244,894847,57LYzLEk2LcFghVwuWbcuS
Unloyal (with Ari Lennox),"Summer Walker, Ari Lennox","r&b, alternative r&b, neo soul",R&B,Still Over It,2021-11-05,081Shn2hU3YxvQmGaCPegr,LVRN/Interscope Records,USUM72118252,890189,"57LYzLEk2LcFghVwuWbcuS, 1vaQ6v3pOFxAIrFoPrAcom"
Little Things,ABBA,,,Voyage,2021-11-05,1vLPyotXnRlM2EJIHK16LW,Polar Music International AB,SE6XG2100103,875412,0LcJLqbBmaGUft1e9Mm8HV
Constant Bullshit,Summer Walker,r&b,R&B,Still Over It,2021-11-05,1luvsaicSpNDRLgOtRZxWO,LVRN/Interscope Records,USUM72118251,872557,57LYzLEk2LcFghVwuWbcuS
Insane,Summer Walker,r&b,R&B,Still Over It,2021-11-05,3pcxxaUxAMSfz2zgetHydD,LVRN/Interscope Records,USUM72118232,865654,57LYzLEk2LcFghVwuWbcuS
Just A Notion,ABBA,,,Voyage,2021-11-05,3ZqqHOM10rD7y3G6bxDXTv,Polar Music International AB,SE6XG2100105,840145,0LcJLqbBmaGUft1e9Mm8HV
Jumpin (feat. Polo G),"NLE Choppa, Polo G",,,Jumpin (feat. Polo G),2021-11-05,1z7LV5wkExwW8YJk0IrPUA,Warner Records,USWB12104153,829520,"0ErzCpIMyLcjPiwT4elrtZ, 6AgTAQt8XS6jRWi4sX7w49"
Switch A Nigga Out,Summer Walker,r&b,R&B,Still Over It,2021-11-05,5Mv7yjian35AddlklJgg1v,LVRN/Interscope Records,USUM72118248,828410,57LYzLEk2LcFghVwuWbcuS
Keep An Eye On Dan,ABBA,,,Voyage,2021-11-05,1OC16r1BdQO6hK2iqmvwXF,Polar Music International AB,SE6XG2100107,814337,0LcJLqbBmaGUft1e9Mm8HV
I Can Be That Woman,ABBA,,,Voyage,2021-11-05,2JNzo5lIfJNFXV1ttcLD7r,Polar Music International AB,SE6XG2100106,806345,0LcJLqbBmaGUft1e9Mm8HV
Esqueça-Me Se For Capaz,"Marília Mendonça, Maiara & Maraisa","sertanejo, sertanejo universitário, arrocha, forró, piseiro","Country, Latin",Festa das Patroas 35%,2021-10-14,4qsOrxBv09HhNSpsgMRXdC,Som Livre,BRWNV2100044,63066886,"1yR65psqiazQpeM79CcGh8, 59jlthNnbmim5l9tmNA7se"
Todo Mundo Menos Você,"Marília Mendonça, Maiara & Maraisa","sertanejo, sertanejo universitário, arrocha, forró, piseiro","Country, Latin",Festa das Patroas 35%,2021-10-14,053zWWZDziDJd3U94x8RuP,Som Livre,BRWNV2100065,38413480,"1yR65psqiazQpeM79CcGh8, 59jlthNnbmim5l9tmNA7se"
Ameaça,"Paulo Pires, Mc Danny, Marcynho Sensação","piseiro, forró, arrocha, sertanejo, brega funk, brega, funk","Country, Pop, R&B, Latin",Ameaça,2021-10-14,4fSHADbZbhpZCT9oJpxwbP,Paulo Pires,BCPL82000031,33538669,"3whgFbrRxsOmYVrq3t4hCY, 3PZTvUS5fUUhV3EKAjqdZk, 4dnPDc045bVjibyATxVUOs"
Ela me Falou Que Quer Rave,"MC Levin, DJ Nikolas Alves Exclusive, DJ Kaioken, DJ Gege","funk, brega funk, brazilian funk","Hip Hop, Pop, R&B",Ela me Falou Que Quer Rave,2021-10-25,0JdkDCdrhMOaeXjIZdeBXN,Ritmo dos Fluxos Records,QZNJX2185510,19365370,"0guw2RGoUqaWKpoCY5DzWY, 23buF7CmOZll8oQveAvsut, 1aQbanZ6xPrOtTYtsMdm3Q, 2BvV4u6AUwFCrAriUIo9Sm"
23 (With Ape Drums),"Randy, Ape Drums","reggaeton, moombahton","Electronic, Latin","Romances de una Nota 2021, Vol.2",2021-10-14,4vv8wcnT04GHHbUCFBAiHF,Roses and Wine Music / One RPM,QZHZ62138180,2461100,"7qYeIN2r4H1kBvr0Gm9Iav, 4HJnsUVBubdKJ2aV0sr48u"
Yours,Jin,k-pop,Pop,Jirisan (Original Television Soundtrack) Pt. 4,2021-11-07,10IfXtjKQmOiON7tNAHv0y,"에이스토리, 모스트콘텐츠",KRMIM2143610,5552211,5vV3bFXnN6D6N3Nj4xRvaV
Enchanted,Taylor Swift,,,Speak Now,2010-10-25,04S1pkp1VaIqjg8zZqknR5,"Big Machine Records, LLC",USCJY1003663,53331336,06HL4z0CvFAxyc27GXpf02
WFM,RealestK,,,WFM,2021-10-06,1DNA2z7Txysjk3cNz2nDLm,Columbia,USSM12108482,2313552,35R1B97CfrqKFFI3QBkTDx
Una Vaina Loca,"Fuego, Manuel Turizo, Duki","trap latino, reggaeton, latin, colombian pop, argentine trap, trap","Hip Hop, Pop, Latin",Una Vaina Loca,2021-10-21,2qEoAz0i6yEz5dPggABcLH,Chosen Few/ WK Records,QMDA62163176,18120558,"7wU2WGCJ8HxkekHHE2QLul, 0tmwSHipWxN12fsoLcFU3B, 1bAftSH8umNcGZ0uyV7LMg"
Nothing,Bruno Major,,,To Let A Good Thing Die,2020-06-05,2IAR0DziHCjSu16gR4ihvy,Bruno Major,GBKPL1962806,5499098,0hDjKSKjl1DC7ovYTDJHe8
Locked out of Heaven,Bruno Mars,,,Unorthodox Jukebox,2012-12-05,5g7sDjBhZ4I3gcFIpkrLuI,Atlantic Records,USAT21207276,5861389,0du5cEVh5yTK9QJze8zA0C
All Too Well,Taylor Swift,,,Red (Deluxe Edition),2012-10-22,1q3RiD1tIWUpGsNFADMlvl,"Big Machine Records, LLC",USCJY1231021,2721626,06HL4z0CvFAxyc27GXpf02
masquerade,siouxxie sixxsta,hyperpop,Pop,masquerade,2021-11-11,0RYHqnmtNRfbYxP6Dn8Vse,Elektra (NEK),USAT22107451,3268531,0OO76E5lRfeyBI3fkA73Dr
Bite Me,Avril Lavigne,,,Bite Me,2021-11-10,4bNa2MHnPB7zckROAHh8mR,DTA Records,USAT22107181,1797069,0p4nmQO2msCgU4IF37Wi3j
All Too Well (10 Minute Version) (Taylor's Version) (From The Vault),Taylor Swift,,,Red (Taylor's Version),2021-11-12,5enxwA8aAbwZbf5qCHORXi,Taylor Swift,USUG12103690,161185501,06HL4z0CvFAxyc27GXpf02
Red (Taylor's Version),Taylor Swift,,,Red (Taylor's Version),2021-11-12,4OAuvHryIVv4kMDNSLuPt6,Taylor Swift,USUG12103662,33256736,06HL4z0CvFAxyc27GXpf02
Smokin Out The Window,"Bruno Mars, Anderson .Paak, Silk Sonic",,,An Evening With Silk Sonic,2021-11-11,7sMBvZCSUl99bJLXZaLa0b,Aftermath Entertainment/Atlantic,USAT22105952,108512601,"0du5cEVh5yTK9QJze8zA0C, 3jK9MiCrA42lLAdMGUZpwa, 6PvvGcCY2XtUcSRld1Wilr"
All Too Well (Taylor's Version),Taylor Swift,,,Red (Taylor's Version),2021-11-12,1IBhYEvvi02tDVByxIiTh4,Taylor Swift,USUG12103665,4374870,06HL4z0CvFAxyc27GXpf02
I Knew You Were Trouble (Taylor's Version),Taylor Swift,,,Red (Taylor's Version),2021-11-12,6tNSmBKSjFV1366ASuULfZ,Taylor Swift,USUG12103664,4264232,06HL4z0CvFAxyc27GXpf02
State Of Grace (Taylor's Version),Taylor Swift,,,Red (Taylor's Version),2021-11-12,5lFDIbYMcFHPPgzMcnPqSz,Taylor Swift,USUG12103661,4058851,06HL4z0CvFAxyc27GXpf02
22 (Taylor's Version),Taylor Swift,,,Red (Taylor's Version),2021-11-12,2T9WeqSMJJb8YBDHPYGU4p,Taylor Swift,USUG12103666,3911785,06HL4z0CvFAxyc27GXpf02
Already Dead,Juice WRLD,"melodic rap, emo rap",Hip Hop,Already Dead,2021-11-12,7qM1BWAsZMTYh4BcYLb0uQ,Grade A Productions/Interscope Records,USUG12105423,39079067,4MCBfE4596Uoi2O4DtmEMz
We Are Never Ever Getting Back Together (Taylor's Version),Taylor Swift,,,Red (Taylor's Version),2021-11-12,31CdkzHnMbvJuKZvtCQfR6,Taylor Swift,USUG12103668,3592681,06HL4z0CvFAxyc27GXpf02
Treacherous (Taylor's Version),Taylor Swift,,,Red (Taylor's Version),2021-11-12,0YrMTMLpLq1UIkWgghNM6c,Taylor Swift,USUG12103663,3512231,06HL4z0CvFAxyc27GXpf02
Nothing New (feat. Phoebe Bridgers) (Taylor’s Version) (From The Vault),"Taylor Swift, Phoebe Bridgers",,,Red (Taylor's Version),2021-11-12,01K4zKU104LyJ8gMb7227B,Taylor Swift,USUG12103683,24279791,"06HL4z0CvFAxyc27GXpf02, 1r1uxoy19fzMxunt3ONAkG"
I Almost Do (Taylor's Version),Taylor Swift,,,Red (Taylor's Version),2021-11-12,2r9CbjYgFhtAmcFv1cSquB,Taylor Swift,USUG12103667,11629343,06HL4z0CvFAxyc27GXpf02
Run (feat. Ed Sheeran) (Taylor’s Version) (From The Vault),"Taylor Swift, Ed Sheeran",soft pop,Pop,Red (Taylor's Version),2021-11-12,4IQkfUsrwXol38VV3U7t7T,Taylor Swift,USUG12103688,19918478,"06HL4z0CvFAxyc27GXpf02, 6eUKZXaKkcviH0Ku9w2n3V"
Everything Has Changed (feat. Ed Sheeran) (Taylor’s Version),"Taylor Swift, Ed Sheeran",soft pop,Pop,Red (Taylor's Version),2021-11-12,5uQQcvcXoCwKPK5sYvarzO,Taylor Swift,USUG12103674,2988393,"06HL4z0CvFAxyc27GXpf02, 6eUKZXaKkcviH0Ku9w2n3V"
Stay Stay Stay (Taylor's Version),Taylor Swift,,,Red (Taylor's Version),2021-11-12,1ftFtW8S1621tu0MIQy0Sg,Taylor Swift,USUG12103669,2964136,06HL4z0CvFAxyc27GXpf02
Better Man (Taylor's Version) (From The Vault),Taylor Swift,,,Red (Taylor's Version),2021-11-12,1gWRnZ52AK1ZUvpjjTteKf,Taylor Swift,USUG12103682,2898283,06HL4z0CvFAxyc27GXpf02
The Last Time (feat. Gary Lightbody of Snow Patrol) (Taylor’s Version),"Taylor Swift, Gary Lightbody",,,Red (Taylor's Version),2021-11-12,0y6kdSRCVQhSsHSpWvTUm7,Taylor Swift,USUG12103670,10799411,"06HL4z0CvFAxyc27GXpf02, 3fCQnw6VSudXBTN5d2QP2z"
Leave The Door Open,"Bruno Mars, Anderson .Paak, Silk Sonic",,,An Evening With Silk Sonic,2021-11-11,1LPSkqVhWVRUkKE03YUkpB,Aftermath Entertainment/Atlantic,USAT22100906,66891719,"0du5cEVh5yTK9QJze8zA0C, 3jK9MiCrA42lLAdMGUZpwa, 6PvvGcCY2XtUcSRld1Wilr"
LA FAMA (with The Weeknd),"ROSALÍA, The Weeknd","latin, ",Latin,LA FAMA (with The Weeknd),2021-11-11,6dmXZ9B5HdFAyzHeTneYBK,Columbia,USSM12107750,69433472,"7ltDVBr6mKbRvohxheJ9h1, 1Xyo4u8uXC1ZmMpatF05PJ"
Holy Ground (Taylor's Version),Taylor Swift,,,Red (Taylor's Version),2021-11-12,661CJWXysgwKXI1dreYNBU,Taylor Swift,USUG12103671,2628699,06HL4z0CvFAxyc27GXpf02
Message In A Bottle (Taylor's Version) (From The Vault),Taylor Swift,,,Red (Taylor's Version),2021-11-12,3z6XUommYDWPHeFhmhhT6j,Taylor Swift,USUG12103685,15184822,06HL4z0CvFAxyc27GXpf02
Begin Again (Taylor's Version),Taylor Swift,,,Red (Taylor's Version),2021-11-12,05GsNucq8Bngd9fnd4fRa0,Taylor Swift,USUG12103676,8969930,06HL4z0CvFAxyc27GXpf02
Babe (Taylor's Version) (From The Vault),Taylor Swift,,,Red (Taylor's Version),2021-11-12,0v4z1tuZvn6LGknom9Qx7d,Taylor Swift,USUG12103684,10093273,06HL4z0CvFAxyc27GXpf02
I Bet You Think About Me (feat. Chris Stapleton) (Taylor’s Version) (From The Vault),"Taylor Swift, Chris Stapleton",country,Country,Red (Taylor's Version),2021-11-12,4CkgMiMqZ5JzW9iYXSTMTL,Taylor Swift,USUG12103686,21582172,"06HL4z0CvFAxyc27GXpf02, 4YLtscXsxbVgi031ovDDdh"
The Lucky One (Taylor's Version),Taylor Swift,,,Red (Taylor's Version),2021-11-12,4e5ayHsOLJNLTGfjau2mEw,Taylor Swift,USUG12103673,8266194,06HL4z0CvFAxyc27GXpf02
Sad Beautiful Tragic (Taylor's Version),Taylor Swift,,,Red (Taylor's Version),2021-11-12,21SralRv4ucDT3i1rYrr85,Taylor Swift,USUG12103672,2382979,06HL4z0CvFAxyc27GXpf02
Starlight (Taylor's Version),Taylor Swift,,,Red (Taylor's Version),2021-11-12,2bspOurPlpKv27SVt7UbHy,Taylor Swift,USUG12103675,2303813,06HL4z0CvFAxyc27GXpf02
Come Back...Be Here (Taylor's Version),Taylor Swift,,,Red (Taylor's Version),2021-11-12,4pNApnaUWAL2J4KO2eqokq,Taylor Swift,USUG12103678,8179229,06HL4z0CvFAxyc27GXpf02
The Moment I Knew (Taylor's Version),Taylor Swift,,,Red (Taylor's Version),2021-11-12,0NRHj8hDwwmSPaA41o379r,Taylor Swift,USUG12103677,8035759,06HL4z0CvFAxyc27GXpf02
The Very First Night (Taylor's Version) (From The Vault),Taylor Swift,,,Red (Taylor's Version),2021-11-12,6pYNq0ZwpPVazKzsqpf0G8,Taylor Swift,USUG12103689,11441693,06HL4z0CvFAxyc27GXpf02
Forever Winter (Taylor's Version) (From The Vault),Taylor Swift,,,Red (Taylor's Version),2021-11-12,0EepXu0NfnnUX8efEZR167,Taylor Swift,USUG12103687,2126599,06HL4z0CvFAxyc27GXpf02
Girl At Home (Taylor's Version),Taylor Swift,,,Red (Taylor's Version),2021-11-12,0DMVrlMUn01M0IcpDbwgu7,Taylor Swift,USUG12103679,6475939,06HL4z0CvFAxyc27GXpf02
Blast Off,"Bruno Mars, Anderson .Paak, Silk Sonic",,,An Evening With Silk Sonic,2021-11-11,21afd9hCjpQ6lE5DPbcPHP,Aftermath Entertainment/Atlantic,USAT22106195,8257659,"0du5cEVh5yTK9QJze8zA0C, 3jK9MiCrA42lLAdMGUZpwa, 6PvvGcCY2XtUcSRld1Wilr"
Bad Man (Smooth Criminal),Polo G,,,Bad Man (Smooth Criminal),2021-11-12,6RfhBNU1FPWTG7VESlfgOl,Columbia,USSM12108708,16487100,6AgTAQt8XS6jRWi4sX7w49
Fly As Me,"Bruno Mars, Anderson .Paak, Silk Sonic",,,An Evening With Silk Sonic,2021-11-11,7HEWQj82REyDOKMAAlB9pc,Aftermath Entertainment/Atlantic,USAT22106191,6217313,"0du5cEVh5yTK9QJze8zA0C, 3jK9MiCrA42lLAdMGUZpwa, 6PvvGcCY2XtUcSRld1Wilr"
Ronan (Taylor's Version),Taylor Swift,,,Red (Taylor's Version),2021-11-12,0WE0h1qUWJBt97DtvuMWRN,Taylor Swift,USUG12103681,1837652,06HL4z0CvFAxyc27GXpf02
After Last Night (with Thundercat & Bootsy Collins),"Bruno Mars, Anderson .Paak, Silk Sonic, Thundercat, Bootsy Collins",,,An Evening With Silk Sonic,2021-11-11,7ozvuHnA1zWzuTvReLChVL,Aftermath Entertainment/Atlantic,USAT22103103,6078933,"0du5cEVh5yTK9QJze8zA0C, 3jK9MiCrA42lLAdMGUZpwa, 6PvvGcCY2XtUcSRld1Wilr, 4frXpPxQQZwbCu3eTGnZEw, 5K0rbdBrs2tNXe5LeWMATT"
State Of Grace (Acoustic Version) (Taylor's Version),Taylor Swift,,,Red (Taylor's Version),2021-11-12,3CiOGu8nBPGfrJr4whAOZX,Taylor Swift,USUG12103680,1793104,06HL4z0CvFAxyc27GXpf02
Skate,"Bruno Mars, Anderson .Paak, Silk Sonic",,,An Evening With Silk Sonic,2021-11-11,71l8BEtJPXXlWbV6hhTHWK,Aftermath Entertainment/Atlantic,USAT22104222,8048639,"0du5cEVh5yTK9QJze8zA0C, 3jK9MiCrA42lLAdMGUZpwa, 6PvvGcCY2XtUcSRld1Wilr"
Put On A Smile,"Bruno Mars, Anderson .Paak, Silk Sonic",,,An Evening With Silk Sonic,2021-11-11,5U4laaEEChW8FOtZXCu8C7,Aftermath Entertainment/Atlantic,USAT22106193,5521146,"0du5cEVh5yTK9QJze8zA0C, 3jK9MiCrA42lLAdMGUZpwa, 6PvvGcCY2XtUcSRld1Wilr"
777,"Bruno Mars, Anderson .Paak, Silk Sonic",,,An Evening With Silk Sonic,2021-11-12,4zm8xZiV5FxJu62EHEvZaT,Aftermath Entertainment/Atlantic,USAT22106194,4255421,"0du5cEVh5yTK9QJze8zA0C, 3jK9MiCrA42lLAdMGUZpwa, 6PvvGcCY2XtUcSRld1Wilr"
Silk Sonic Intro,"Bruno Mars, Anderson .Paak, Silk Sonic",,,An Evening With Silk Sonic,2021-11-11,5joiME4fAdb6FqrsXOs3u9,Aftermath Entertainment/Atlantic,USAT22100909,2531787,"0du5cEVh5yTK9QJze8zA0C, 3jK9MiCrA42lLAdMGUZpwa, 6PvvGcCY2XtUcSRld1Wilr"
feel like shit,Tate McRae,,,feel like shit,2021-11-11,2EBnvom1dTybtm75a3Xh1T,RCA Records Label,USRC12103112,18800348,45dkTj5sMRSjrmBSBeiHym
Bar,"TINI, L-Gante","latin pop, rkt, turreo","Pop, Latin",Bar,2021-11-11,0lJE8f0lx8mUSfMyxeYpiC,Sony Music Latin,USHR12142718,47117604,"7vXDAI8JwjW531ouMGbfcp, 4YYxffPVDFe9XoqqbRW6Bq"
SCIENTIST,TWICE,k-pop,Pop,Formula of Love: O+T=<3,2021-11-12,0BJMgVrnWIvgYsjq8KaPeh,Republic Records - TWICE,US5TA2100098,894300,7n2Ycct7Beij7Dj7meI4X0
All Too Well (Taylor's Version),Taylor Swift,,,Red (Taylor's Version),2021-11-12,3nsfB1vus2qaloUdcBZvDu,Taylor Swift,USUG12103665,30020021,06HL4z0CvFAxyc27GXpf02
I Knew You Were Trouble (Taylor's Version),Taylor Swift,,,Red (Taylor's Version),2021-11-12,6AtZLIzUINvExIUy4QhdjP,Taylor Swift,USUG12103664,17308470,06HL4z0CvFAxyc27GXpf02
22 (Taylor's Version),Taylor Swift,,,Red (Taylor's Version),2021-11-12,3yII7UwgLF6K5zW3xad3MP,Taylor Swift,USUG12103666,14117887,06HL4z0CvFAxyc27GXpf02
State Of Grace (Taylor's Version),Taylor Swift,,,Red (Taylor's Version),2021-11-12,6lzc0Al0zfZOIFsFvBS1ki,Taylor Swift,USUG12103661,14800585,06HL4z0CvFAxyc27GXpf02
We Are Never Ever Getting Back Together (Taylor's Version),Taylor Swift,,,Red (Taylor's Version),2021-11-12,5YqltLsjdqFtvqE7Nrysvs,Taylor Swift,USUG12103668,11509490,06HL4z0CvFAxyc27GXpf02
Treacherous (Taylor's Version),Taylor Swift,,,Red (Taylor's Version),2021-11-12,3S7HNKPakdwNEBFIVTL6dZ,Taylor Swift,USUG12103663,10319016,06HL4z0CvFAxyc27GXpf02
Better Man (Taylor's Version) (From The Vault),Taylor Swift,,,Red (Taylor's Version),2021-11-12,4OmFmE0fzcMG6g0Y8p4eSD,Taylor Swift,USUG12103682,9608854,06HL4z0CvFAxyc27GXpf02
Everything Has Changed (feat. Ed Sheeran) (Taylor’s Version),"Taylor Swift, Ed Sheeran",soft pop,Pop,Red (Taylor's Version),2021-11-12,7qEUFOVcxRI19tbT68JcYK,Taylor Swift,USUG12103674,8075176,"06HL4z0CvFAxyc27GXpf02, 6eUKZXaKkcviH0Ku9w2n3V"
Stay Stay Stay (Taylor's Version),Taylor Swift,,,Red (Taylor's Version),2021-11-12,7eQj6r5PIdYKEIZjucBMcq,Taylor Swift,USUG12103669,7802872,06HL4z0CvFAxyc27GXpf02
Holy Ground (Taylor's Version),Taylor Swift,,,Red (Taylor's Version),2021-11-12,7J4b3LVCIGO4CMBDFLPoP6,Taylor Swift,USUG12103671,7255115,06HL4z0CvFAxyc27GXpf02
Sad Beautiful Tragic (Taylor's Version),Taylor Swift,,,Red (Taylor's Version),2021-11-12,73qMN9bXy7MSPwwGfH3wQr,Taylor Swift,USUG12103672,5849243,06HL4z0CvFAxyc27GXpf02
Starlight (Taylor's Version),Taylor Swift,,,Red (Taylor's Version),2021-11-12,7A2cNLRT0YJc1yjxHlKihs,Taylor Swift,USUG12103675,5733718,06HL4z0CvFAxyc27GXpf02
Forever Winter (Taylor's Version) (From The Vault),Taylor Swift,,,Red (Taylor's Version),2021-11-12,3oGVx9RBmiYGv5ZCecWLkx,Taylor Swift,USUG12103687,7099327,06HL4z0CvFAxyc27GXpf02
The Feels,TWICE,k-pop,Pop,Formula of Love: O+T=<3,2021-11-12,1qE8DOtw7zdXHMgZm20eLM,WM Japan,US5TA2100080,50020815,7n2Ycct7Beij7Dj7meI4X0
State Of Grace (Acoustic Version) (Taylor's Version),Taylor Swift,,,Red (Taylor's Version),2021-11-12,5jAIouBES8LWMiriuNq170,Taylor Swift,USUG12103680,4036868,06HL4z0CvFAxyc27GXpf02
Ronan (Taylor's Version),Taylor Swift,,,Red (Taylor's Version),2021-11-12,7nWui6jiMM2m9qFmET1Mtj,Taylor Swift,USUG12103681,2976289,06HL4z0CvFAxyc27GXpf02
Smells Like Teen Spirit - Remastered 2021,Nirvana,"grunge, rock",Rock,Nevermind (30th Anniversary Deluxe),1991-09-24,2Lz99y9ZH6btuLt9nPMuX6,Geffen,USGF19942501,1695714,6olE6TJLqED3rqDCT0FyPh
Last Christmas,Wham!,christmas,Jazz,LAST CHRISTMAS,1984-11-29,2FRnf9qhLbvw8fu4IBXx78,Epic,GBBBM8400019,157104454,5lpH0xAS4fVfLkACg9DAuM
White Christmas - 1947 Version,"Bing Crosby, Ken Darby Singers, John Scott Trotter & His Orchestra","christmas, ",Jazz,Holiday Inn (Original Motion Picture Soundtrack),1942-01-01,4so0Wek9Ig1p6CRCHuINwW,Geffen,USMC14750470,59846681,"6ZjFtWeHP9XN7FeKSUe80S, 69UfPJgUmFFAVT740qGVZi, 735L650pvygCZZlPMyHqsN"
abcdefu,GAYLE,,,abcdefu,2021-08-13,4fouWK6XVHhzl78KzQ1UjL,Atlantic/Arthouse Records,USAT22103652,189649384,2VSHKHBTiXWplO8lxcnUC9
It's Beginning to Look a Lot like Christmas,Michael Bublé,christmas,Jazz,Christmas,2011-10-24,0lLdorYw7lVrJydTINhWdI,143/Reprise,USRE11100700,117684407,1GxkXlMwML1oSg5eLPiAz3
Jingle Bell Rock,Bobby Helms,christmas,Jazz,Jingle Bell Rock/Captain Santa Claus (And His Reindeer Space Patrol),1957-12-02,7vQbuQcyTflfCIOu3Uzzya,Geffen,USMC15746480,118655926,38EmEgXkgK51MT2tPY0EoC
Rockin' Around The Christmas Tree,Brenda Lee,christmas,Jazz,Merry Christmas From Brenda Lee,1964-10-19,2EjXfH91m7f8HiJN1yQg97,MCA Nashville,USMC15848998,119871097,4cPHsZM98sKzmV26wlwD2W
Life Of The Party (with André 3000),"Kanye West, André 3000","rap, ",Hip Hop,Donda (Deluxe),2021-11-14,2yBb1CRq98SSWRuDSn36SZ,"Getting Out Our Dreams II, LLC / Def Jam Recordings",USUM72116981,3079223,"5K4W6rqBFWDnAN6FQUkS6x, 74V3dE1a51skRkdII8y2C6"
Smells Like Teen Spirit - Remastered,Nirvana,"grunge, rock",Rock,Nevermind (30th Anniversary Super Deluxe),1991-09-24,0gucTLf7trAf37Ua1uAyAu,Geffen,USGF19942501,32732004,6olE6TJLqED3rqDCT0FyPh
SCIENTIST,TWICE,k-pop,Pop,Formula of Love: O+T=<3,2021-11-12,2J0TRU2EDG29qlmxdGa4xa,WM Japan,US5TA2100098,3181474,7n2Ycct7Beij7Dj7meI4X0
Notion,The Rare Occasions,,,Futureproof,2016-08-05,4cHKd6qPMR1TMx55KHlida,The Rare Occasions,ushm21617726,14713332,1QfpRUtH14JLoY6F6AYmwt
Gangsta's Paradise,"Coolio, L.V.","west coast hip hop, g-funk, new jack swing","Hip Hop, R&B",Gangsta's Paradise,1995-11-07,3iXI6ZaNBoL2dNv9K7LBh3,"Tommy Boy Music, LLC",USTB10250016,760173,"3y24n3XhZ96wgwRXjvS17T, 2LhsePRtgCo4THVKULQBL7"
Gangsta's Paradise,"Coolio, L.V.","west coast hip hop, g-funk, new jack swing","Hip Hop, R&B",Gangsta's Paradise,1995-11-07,1DIXPcTDzTj8ZMHt3PDt8p,"Tommy Boy Music, LLC",USTB10400128,5493089,"3y24n3XhZ96wgwRXjvS17T, 2LhsePRtgCo4THVKULQBL7"
Time Time,"Trei Degete, Squeezie, Myd, KronoMuzik","french house, ",Electronic,Time Time,2021-11-15,5wKDPtbdggE1roeVp3UdXX,Balai Steak // Play Two,FRDA82100180,796437,"1APMveRvLxWAB5AI0j11DD, 0xECfhlRzRRIIe2Co5HX6n, 3QFiymmbJlVBPpnrOatEAk, 7B53Suqn5TsVu6S6gIgqeA"
Tacones Rojos,Sebastian Yatra,"colombian pop, reggaeton, latin","Pop, Latin",Tacones Rojos,2021-10-22,0Be7sopyKMv8Y8npsUkax2,UMLE - Latino,USUM72119612,48468654,07YUOmWljBTXwIseAUd9TW
SAD GIRLZ LUV MONEY Remix (feat. Kali Uchis and Moliy),"Amaarae, Kali Uchis, MOLIY","alté, afrobeats",R&B,SAD GIRLZ LUV MONEY Remix (feat. Kali Uchis and Moliy),2021-09-16,09gysnJpfQ3ublBmJDfcEC,0207 Def Jam,US23A1540104,67087949,"21UPYSRWFKwtqvSAnFnSvS, 1U1el3k54VvEUzo3ybLPlM, 2hVWBpjLW4Q7fboYz2pVYK"
All Too Well (Sad Girl Autumn Version) - Recorded at Long Pond Studios,Taylor Swift,,,All Too Well (Sad Girl Autumn Version) - Recorded at Long Pond Studios,2021-11-18,1n3b9Eekoy3S9ZSZ5DmTW1,Taylor Swift,USUG12105679,1637208,06HL4z0CvFAxyc27GXpf02
L'odeur de l'essence,Orelsan,,,L'odeur de l'essence,2021-11-17,5BBs3RhjLk4PB3LMz6k6AW,Wagram Music / 3ème Bureau,FR6F32102420,835076,4FpJcNgOvIpSBeJgRg3OfN
Medallo,"Blessd, Justin Quiles, Lenny Tavárez","reggaeton, urbano latino, trap latino, argentine trap","Hip Hop, Latin",Hecho En Medellín,2021-10-27,6lX6l7OuA3qrnIRfdsr0dw,WEA Latina,COA6W2102282,46415109,"1TA5sGRlKUJXBN4ZyJuDIX, 14zUHaJZo1mnYtn6IBRaRP, 1pQWsZQehhS4wavwh7Fnxd"
Easy On Me,Adele,soft pop,Pop,30,2021-11-19,46IZ0fSY2mpAiktS3KOqds,Columbia,USSM12105970,227677008,4dpARuHxo51G3z768sgnrY
Oh My God,Adele,soft pop,Pop,30,2021-11-19,3Kkjo3cT83cw09VJyrLNwX,Columbia,USSM12105973,101887979,4dpARuHxo51G3z768sgnrY
Strangers By Nature,Adele,soft pop,Pop,30,2021-11-19,13CVSGLSFl4UxpDVR6u3dq,Columbia,USSM12105969,24564461,4dpARuHxo51G3z768sgnrY
My Little Love,Adele,soft pop,Pop,30,2021-11-19,2DuPBbS5mIldXnh7Wum8Cy,Columbia,USSM12105971,36728105,4dpARuHxo51G3z768sgnrY
Can I Get It,Adele,soft pop,Pop,30,2021-11-19,6w8ZPYdnGajyfPddTWdthN,Columbia,USSM12105974,46491200,4dpARuHxo51G3z768sgnrY
I Drink Wine,Adele,soft pop,Pop,30,2021-11-19,6v0UJD4a2FtleHeSYVX02A,Columbia,USSM12105975,41251293,4dpARuHxo51G3z768sgnrY
Cry Your Heart Out,Adele,soft pop,Pop,30,2021-11-19,09u787BYeYIGd2mFIJ505t,Columbia,USSM12105972,23730056,4dpARuHxo51G3z768sgnrY
To Be Loved,Adele,soft pop,Pop,30,2021-11-19,10ImcQk9tihY1EKMDIbvXJ,Columbia,USSM12105979,23511342,4dpARuHxo51G3z768sgnrY
All Night Parking (with Erroll Garner) Interlude,Adele,soft pop,Pop,30,2021-11-19,496vIKS2INz840xZaKncvR,Columbia,USSM12105976,19377191,4dpARuHxo51G3z768sgnrY
Woman Like Me,Adele,soft pop,Pop,30,2021-11-19,2c6xRsQBv7pynuhYhWoHxo,Columbia,USSM12105977,18092376,4dpARuHxo51G3z768sgnrY
Hold On,Adele,soft pop,Pop,30,2021-11-19,6bGMSP3H9YqkmaLnaJTIoF,Columbia,USSM12105978,19373667,4dpARuHxo51G3z768sgnrY
Love Is A Game,Adele,soft pop,Pop,30,2021-11-19,2j3GxEsbNYNeEzz86wDY4J,Columbia,USSM12105980,16185630,4dpARuHxo51G3z768sgnrY
∞ LOVE (feat. Guè),"Marracash, Guè",italian trap,Hip Hop,"NOI, LORO, GLI ALTRI",2021-11-19,2VyZWWKamfq7kVnh5gMgPd,Universal Music Italia srL.,ITUM72101342,4924217,"5AZuEF0feCXMkUCwQiQlW7, 7F2utINZ6tSokSiZTQBE27"
LORO,Marracash,italian trap,Hip Hop,"NOI, LORO, GLI ALTRI",2021-11-19,0A85tPJ5uRYudixySOsfIV,Universal Music Italia srL.,ITUM72101339,1145723,5AZuEF0feCXMkUCwQiQlW7
Súbelo,"Anuel AA, Myke Towers, JHAYCO","reggaeton, trap latino, urbano latino, latin",Latin,Súbelo,2021-11-18,3fHEwAssCgM4wJYdjT5Ch0,"Real Hasta La Muerte, LLC",QMDA62184373,6531653,"2R21vXR83lH98kGeO99Y66, 7iK8PXO48WeuP03g8YR51W, 6nVcHLIgY5pE2YCl8ubca1"
L'odeur de l'essence,Orelsan,,,Civilisation,2021-11-19,4c3TC1eWvz6BgOqSlOAKdT,Wagram Music / 3ème Bureau,FR6F32102420,1085312,4FpJcNgOvIpSBeJgRg3OfN
IO,Marracash,italian trap,Hip Hop,"NOI, LORO, GLI ALTRI",2021-11-19,1U4dpTSsugnH510JzzCykV,Universal Music Italia srL.,ITUM72101359,1072349,5AZuEF0feCXMkUCwQiQlW7
PAGLIACCIO,Marracash,italian trap,Hip Hop,"NOI, LORO, GLI ALTRI",2021-11-19,5uMhO2tMkDsReokIzL1V3G,Universal Music Italia srL.,ITUM72101341,1054971,5AZuEF0feCXMkUCwQiQlW7
CRAZY LOVE,Marracash,italian trap,Hip Hop,"NOI, LORO, GLI ALTRI",2021-11-19,3HYK8FMGNQu1Whl8DdtsRC,Universal Music Italia srL.,ITUM72101360,1049646,5AZuEF0feCXMkUCwQiQlW7
NEMESI (feat. BLANCO),"Marracash, BLANCO","italian trap, ",Hip Hop,"NOI, LORO, GLI ALTRI",2021-11-19,1oMZnVIuo6GmUNnemu8sLu,Universal Music Italia srL.,ITUM72101453,1030480,"5AZuEF0feCXMkUCwQiQlW7, 1MRiIeZbc0cRuxOafDUCtH"
La Quête,Orelsan,,,Civilisation,2021-11-19,0w6lsLBvhtGcqMYA7MB7r6,Wagram Music / 3ème Bureau,FR6F32102360,1007723,4FpJcNgOvIpSBeJgRg3OfN
Shonen,Orelsan,,,Civilisation,2021-11-19,3Z8gDycWX48tv06vVRMQtg,Wagram Music / 3ème Bureau,FR6F32102350,991816,4FpJcNgOvIpSBeJgRg3OfN
Presepada,"Marília Mendonça, Maiara & Maraisa","sertanejo, sertanejo universitário, arrocha, forró, piseiro","Country, Latin",Festa das Patroas 35%,2021-10-14,3YvE7uo4ffseBoJPh8IhHp,Som Livre,BRWNV2100062,34110766,"1yR65psqiazQpeM79CcGh8, 59jlthNnbmim5l9tmNA7se"
Du propre,Orelsan,,,Civilisation,2021-11-19,17gkoi8EGPO1XssTOYK5ki,Wagram Music / 3ème Bureau,FR6F32102370,935664,4FpJcNgOvIpSBeJgRg3OfN
DUBBI,Marracash,italian trap,Hip Hop,"NOI, LORO, GLI ALTRI",2021-11-19,7fI5RJec8R3jJ95pljZnkN,Universal Music Italia srL.,ITUM72101362,935625,5AZuEF0feCXMkUCwQiQlW7
COSPLAYER,Marracash,italian trap,Hip Hop,"NOI, LORO, GLI ALTRI",2021-11-19,09FMFnWC5RYkvvvsjOus9B,Universal Music Italia srL.,ITUM72101361,923208,5AZuEF0feCXMkUCwQiQlW7
Vai Lá Em Casa Hoje,"George Henrique & Rodrigo, Marília Mendonça","sertanejo, sertanejo universitário, agronejo, arrocha, forró","Country, Latin",Vai Lá Em Casa Hoje,2021-10-22,1c4htMHiolERc0YJvZNdlc,Worldshow Promoções e Eventos,BRWOS2100055,44681931,"3FlCKtwOEYQQYyGVEbxG2Z, 1yR65psqiazQpeM79CcGh8"
LAUREA AD HONOREM (feat. Calcutta),"Marracash, Calcutta ","italian trap, indie","Rock, Hip Hop","NOI, LORO, GLI ALTRI",2021-11-19,5xJNgaimelFOPWnK9U4IUO,Universal Music Italia srL.,ITUM72101363,869957,"5AZuEF0feCXMkUCwQiQlW7, 582KhTHEVOONNQLmQ5612r"
Santa Tell Me,Ariana Grande,pop,Pop,Santa Tell Me,2014-11-24,0lizgQ7Qw35od7CYaoMBZb,Universal Records,USUM71417401,105186427,66CXWjxzNUsdJxJ2JdwvnR
It's the Most Wonderful Time of the Year,Andy Williams,"christmas, adult standards","Easy listening, Jazz",The Andy Williams Christmas Album,1963-00-00,1IcR6RlgvDczfvoWJSSY2A,Columbia,USSM16300086,98549950,4sj6D0zlMOl25nprDJBiU9
Toma Toma Vapo Vapo,"Zé Felipe, Mc Danny","piseiro, sertanejo, arrocha, agronejo, forró, sertanejo universitário, brega funk, brega, funk","Country, Pop, R&B, Latin",Toma Toma Vapo Vapo,2021-11-11,5VTjBl3ddZEiG2LrH4VzyR,Som Livre,BRTLW2100027,25596278,"7cmuxPnXRJxwuYDHfbD8Eu, 3PZTvUS5fUUhV3EKAjqdZk"
Mistletoe,Justin Bieber,,,Under The Mistletoe (Deluxe Edition),2011-01-01,7xapw9Oy21WpfEcib2ErSA,RBMG/Def Jam,USUM71116290,75720596,1uNFoZAHBGtllmzznpCI3s
Underneath the Tree,Kelly Clarkson,christmas,Jazz,Wrapped In Red,2013-10-25,3nAp4IvdMPPWEH9uuXFFV5,RCA Records Label,GBCTA1300103,76035063,3BmGtnKgCSGYIUhmivXKWX
The Christmas Song (Merry Christmas To You),Nat King Cole,"christmas, adult standards, vocal jazz","Easy listening, Jazz",The Christmas Song (Expanded Edition),1962-00-00,4PS1e8f2LvuTFgUs1Cn3ON,CAPITOL CATALOG MKT (C92),USCA29900551,54160535,7v4imS0moSyGdXyLgVTIV7
Feliz Navidad,José Feliciano,"christmas, bolero","Latin, Jazz",My Name Is José Feliciano,2001-00-00,3qCeq0rWK67SoBDgFd2sId,RCA Records Label,USRC19900930,80831422,7K78lVZ8XzkjfRSI7570FF
DANCE CRIP,Trueno,argentine trap,Hip Hop,DANCE CRIP,2021-11-17,1kjs5eR4DMzyB0gm1Z8waV,©️ Ⓟ 2022 Sur Capital Records (por Tierra Agencia),ARRWN2000082,46166585,2x7PC78TmgqpEIjaGAZ0Oz
I AM WOMAN,Emmy Meli,,,I AM WOMAN,2021-11-19,3nOz1U41SZZ0N3fuUWr9nb,Disruptor Records/Arista Records,USAR12100239,44828028,71szvmFWd7TUa7b6XmXj9k
abcdefu (angrier),GAYLE,,,abcdefu (angrier),2021-09-24,1EQFOouqdKYdpbNoOHRVO2,Atlantic Records/Arthouse Records,USAT22105185,4881812,2VSHKHBTiXWplO8lxcnUC9
Sleigh Ride,The Ronettes,christmas,Jazz,Sleigh Ride,2020-12-04,7fUYUcWy853HS8YJn0b3Sr,Legacy Recordings,USSM10905166,69808156,7CyeXFnOrfC1N6z4naIpgo
Let It Snow! Let It Snow! Let It Snow! (with The B. Swanson Quartet),"Frank Sinatra, B. Swanson Quartet","christmas, big band, adult standards, swing music, vocal jazz, jazz, ","Easy listening, Jazz",Christmas Songs by Sinatra,1994-11-08,4kKdvXD0ez7jp1296JmAts,Columbia/Legacy,USSM10018232,66380001,"1Mxqyy3pSjf8kZZL4QVxS0, 0JXiS2FrAg3wQYJHcmZdrc"
Holly Jolly Christmas,Michael Bublé,christmas,Jazz,Christmas,2011-10-24,6tjituizSxwSmBB5vtgHZE,143/Reprise,USRE11100705,63602219,1GxkXlMwML1oSg5eLPiAz3
Let It Snow! Let It Snow! Let It Snow!,Dean Martin,"christmas, adult standards, big band, swing music","Easy listening, Jazz",A Winter Romance,1959-01-01,2uFaJJtFpPDc5Pa95XzTvg,Capitol Records,USCA25900140,63725604,49e4v89VmlDcFCMyDv9wQ9
Súbelo,"Anuel AA, Myke Towers, JHAYCO","reggaeton, trap latino, urbano latino, latin",Latin,Las Leyendas Nunca Mueren,2021-11-26,3xv8JksRyqHa1lwkM9xvJf,"Real Hasta La Muerte, LLC",QMDA62184373,20466007,"2R21vXR83lH98kGeO99Y66, 7iK8PXO48WeuP03g8YR51W, 6nVcHLIgY5pE2YCl8ubca1"
Wonderful Christmastime - Edited Version / Remastered 2011,Paul McCartney,,,McCartney II (Special Edition),1980-05-16,1SV1fxF65n9NhRHp3KlBuu,Paul McCartney Catalog,GBCCS1000219,59883046,4STHEaNw4mPZ2tzheohgXB
Driving Home for Christmas - 2019 Remaster,Chris Rea,christmas,Jazz,"Dancing with Strangers (Deluxe Edition, 2019 Remaster)",1987-08-02,27qAMKrDdKEs8HDXcvR24R,Rhino,GBAHS1900389,66855780,5KEG7G8LDYlHgFDqZyEEs2
Do They Know It's Christmas? - 1984 Version,Band Aid,christmas,Jazz,Do They Know It's Christmas?,2004-01-01,0247StOpd3AkeBQzANX4Zf,EMI,GBF088400001,55560713,35S20clEkkSNUo23ViaslZ
Happy Xmas (War Is Over) - Remastered 2010,"John Lennon, Yoko Ono",christmas,Jazz,Signature Box,2010-10-05,27RYrbL6S02LNVhDWVl38b,EMI Catalogue,GBAYE1000862,62501553,"4x1nvY2FN8jxqAFA0DA02H, 2s4tjL6W3qrblOe0raIzwJ"
Man On The Moon,"Alan Walker, Benjamin Ingrosso",,,World Of Walker,2021-11-26,0zqBZqm5czQ3A4EoSdKFHj,Kreatell Music,NOG842108010,842695,"7vk5e3vY1uw9plTHJAMwjN, 7jEEE187pVG6InOxn03oA5"
Merry Christmas Everyone,Shakin' Stevens,"christmas, rockabilly","Jazz, Rock",Merry Christmas Everyone,1991-11-25,2TE4xW3ImvpltVU0cPcKUn,Sony Music CG,GBARL0801716,55669651,0wi4yTYlGtEnbGo4ltZTib
Sport,Apache 207,german hip hop,Hip Hop,Sport,2021-11-26,0rRn3j1DLkhEI6XL52Gaie,Four Music/Two Sides,DEQ322100375,803053,1qQLhymHXFPtP5U8KNKsm6
Step Into Christmas - Remastered 1995,Elton John,,,Goodbye Yellow Brick Road (40th Anniversary Celebration / Super Deluxe),1973-10-05,6sBWmE23q6xQHlnEZ8jYPT,UMC (Universal Music Catalogue),GBAMB9500053,47572497,3PhoLpVuITZKcymswpck5b
It's Beginning to Look a Lot Like Christmas (with Mitchell Ayres & His Orchestra),"Perry Como, The Fontane Sisters, Mitchell Ayres & His Orchestra","christmas, adult standards, ","Easy listening, Jazz",Greatest Christmas Songs,1999-08-23,2pXpURmn6zC5ZYDMms6fwa,RCA Records Label,USRC15106173,43180581,"5v8jlSmAQfrkTjAlpUfWtu, 1Ml4OuStDoympbREURAM15, 0HS96tPggl2nwiz3gNWWI5"
A Holly Jolly Christmas,Burl Ives,christmas,Jazz,Have A Holly Jolly Christmas,1965-10-01,77khP2fIVhSW23NwxrRluh,Geffen,USMC16414508,43623157,0MHgLfmQdutffmvWe5XBTN
Jingle Bell Rock - Daryl's Version,Daryl Hall & John Oates,soft rock,Rock,Jingle Bell Rock,1983-11-01,6pVW5LRWgeLaHudxauOTJU,Legacy Recordings,USRC10900416,29664552,77tT1kLj6mCWtFNqiOmP9H
Santa Claus Is Coming to Town,Michael Bublé,christmas,Jazz,Christmas,2011-10-24,5Ber68jZ7ytegr2UISEdb7,143/Reprise,USRE11100701,20350049,1GxkXlMwML1oSg5eLPiAz3
Christmas (Baby Please Come Home),Darlene Love,christmas,Jazz,"Christmas (Baby, Please Come Home)",2020-12-04,47ohYW8e7dxCYn9qbUMBCI,Legacy Recordings,USSM10905172,33238696,391oLRVmoTkumiN79HkTWu
Santa Claus Is Coming To Town,The Jackson 5,"motown, christmas","Jazz, R&B",Merry Christmas,1970-01-01,6a1hzBiTkgqTsDA0Xgfh9z,UMC (Universal Music Catalogue),USMO17082641,33265309,2iE18Oxc8YSumAU232n4rW
Blue Christmas,Elvis Presley,"rockabilly, rock and roll",Rock,Elvis' Christmas Album,1957-10-15,3QiAAp20rPC3dcAtKtMaqQ,RCA Victor,USRC15701155,28339440,43ZHCT0cAZBISjO8DG9PnE
My Only Wish (This Year),Britney Spears,pop,Pop,My Only Wish (This Year),2000-11-14,0YWUHZPJVg4iujddsJDwhM,Jive,USJI10000522,26314212,26dSoYclwsYLMAKD3tpOr4
Christmas (Baby Please Come Home),Mariah Carey,christmas,Jazz,Merry Christmas,1994-10-28,3PIDciSFdrQxSQSihim3hN,Columbia,USSM19402077,31633204,4iHNK0tOyZPYnBU7nGAgpQ
Fairytale of New York (feat. Kirsty MacColl),"The Pogues, Kirsty MacColl","celtic rock, christmas, folk punk, celtic, ","Traditional music, Rock, Jazz, Folk/Acoustic",If I Should Fall from Grace with God (Expanded Edition),1988-09-05,3VTNVsTTu05dmTsVFrmGpK,WM UK,GBAHT8703085,28084631,"2wzMOQwNT6ZvVB4amvhFAH, 6UlNIFEuWlBqb4TvlVCekq"
Run Rudolph Run,Chuck Berry,"rockabilly, rock and roll",Rock,Rock 'N' Roll Rarities,1986-01-01,2pnPe4pJtq7689i5ydzvJJ,Geffen*,USMC15819663,29674443,293zczrfYafIItmnmM3coR
Thank God It's Christmas - Non-Album Single,Queen,"classic rock, rock, glam rock",Rock,The Works (Deluxe Edition 2011 Remaster),1984-02-27,2xGO2UjzxeVQSIkyg98vck,EMI,GBUM71103767,26527218,1dfeR4HaWDbWqFHLkxsg1d
It'll Be Okay,Shawn Mendes,pop,Pop,It'll Be Okay,2021-12-01,2KnLkZ3z7PO3kgVGHGqDpD,Shawn Mendes LP4-5 PS/ Island,USUM72122321,32899126,7n2wHs1TKAczGzO7Dd2rGr
I Hate U,SZA,r&b,R&B,I Hate U,2021-12-03,5dXWFMwD7I7zXsInONVl0H,Top Dawg Entertainment/RCA Records,USRC12103605,56214897,7tYKF4w9nC0nq9CsPZTHyP
Wandered To LA (with Justin Bieber),"Juice WRLD, Justin Bieber","melodic rap, emo rap, ",Hip Hop,Wandered To LA (with Justin Bieber),2021-12-03,5J6rTmMjF9DVIAF8G3M9n4,Grade A Productions/Interscope Records,USUG12105746,12914041,"4MCBfE4596Uoi2O4DtmEMz, 1uNFoZAHBGtllmzznpCI3s"
Merry Christmas,"Ed Sheeran, Elton John","soft pop, ",Pop,= (Christmas Edition),2021-12-01,0aoUM0zcu0kCX7Cv7O939I,Atlantic Records UK,GBAHS2101360,56489153,"6eUKZXaKkcviH0Ku9w2n3V, 3PhoLpVuITZKcymswpck5b"
Just Look Up (From Don’t Look Up),"Ariana Grande, Kid Cudi","pop, ",Pop,Just Look Up (From Don’t Look Up),2021-12-03,3QPBocWfIcOCdFFvmqn60F,Republic Records,USUM72121498,4139760,"66CXWjxzNUsdJxJ2JdwvnR, 0fA0VVWsXO9YnASrzqfmYu"
Jefe,Ninho,pop urbaine,Hip Hop,Jefe,2021-12-03,6HTJgY7iWWlVLSDHsfHePf,Rec. 118 / Mal Luné Music,FR9W12136756,8898246,6Te49r3A6f5BiIgBRxH7FH
VVS,Ninho,pop urbaine,Hip Hop,Jefe,2021-12-03,5S12Ds2RswM2ITC0u1J01f,Rec. 118 / Mal Luné Music,FR9W12136757,1255496,6Te49r3A6f5BiIgBRxH7FH
Sky Priority,Ninho,pop urbaine,Hip Hop,Jefe,2021-12-03,6ItXr7qOXzK6KlhTbUu6hp,Rec. 118 / Mal Luné Music,FR9W12136758,1201332,6Te49r3A6f5BiIgBRxH7FH
Intro,Ninho,pop urbaine,Hip Hop,Jefe,2021-12-03,1xYzN6PXSwoOChUJnq8eJU,Rec. 118 / Mal Luné Music,FR9W12136755,1188138,6Te49r3A6f5BiIgBRxH7FH
OG,Ninho,pop urbaine,Hip Hop,Jefe,2021-12-03,4rhBWOjhizvPajnOhp7q5H,Rec. 118 / Mal Luné Music,FR9W12136759,1125242,6Te49r3A6f5BiIgBRxH7FH
Arme de poing,Ninho,pop urbaine,Hip Hop,Jefe,2021-12-03,2WYpG3Kv1xRTqMSNXVOpAN,Rec. 118 / Mal Luné Music,FR9W12136760,1095923,6Te49r3A6f5BiIgBRxH7FH
No Life,Ninho,pop urbaine,Hip Hop,Jefe,2021-12-03,0iPf1xVxV7rlbG4wn3ANFa,Rec. 118 / Mal Luné Music,FR9W12136762,1053053,6Te49r3A6f5BiIgBRxH7FH
Don’t Play (with Lil Baby),"Polo G, Lil Baby",,,Hall of Fame 2.0,2021-12-03,2QIBJFl8DJR1mDh9GwfZef,Columbia,USSM12108927,1045651,"6AgTAQt8XS6jRWi4sX7w49, 5f7VJjfbwm532GiveGC0ZK"
Vérité,Ninho,pop urbaine,Hip Hop,Jefe,2021-12-03,1O1EqgvgRyj1ejZPUxI0UX,Rec. 118 / Mal Luné Music,FR9W12136761,1035199,6Te49r3A6f5BiIgBRxH7FH
Bad Man (Smooth Criminal),Polo G,,,Hall of Fame 2.0,2021-12-03,62l3NSQPUxvcwwzKUmysrE,Columbia,USSM12108708,5097549,6AgTAQt8XS6jRWi4sX7w49
Young N Dumb,Polo G,,,Hall of Fame 2.0,2021-12-03,4dZTNKRngStyYNueXCO2FR,Columbia,USSM12108931,972491,6AgTAQt8XS6jRWi4sX7w49
MERCEDES,XoMusic,,,MERCEDES,2021-12-02,7xz5EOIoDcQvXBD7eynlLr,Xomusic,QZMEV2189916,923455,0WjSAbrLXrBIpfWSrZIRi2
RER D,Ninho,pop urbaine,Hip Hop,Jefe,2021-12-03,4HvjAQ0ODJVwutBx08bGhG,Rec. 118 / Mal Luné Music,FR9W12136763,908279,6Te49r3A6f5BiIgBRxH7FH
Démons,"Angèle, Damso","french pop, variété française, chanson, pop urbaine","Easy listening, Pop, Hip Hop",Nonante-Cinq,2021-12-02,3gAEAmxdP1GIjgQ3Zud2mE,Angèle VL Records,BE8HB2100021,873832,"3QVolfxko2UyCOtexhVTli, 2UwqpfQtNuhBwviIC0f2ie"
Aïcha,Ninho,pop urbaine,Hip Hop,Jefe,2021-12-03,3u2NGFCIe5Ynxv8djbpVP8,Rec. 118 / Mal Luné Music,FR9W12136765,866212,6Te49r3A6f5BiIgBRxH7FH
Santa Baby,Kylie Minogue,dance pop,Pop,Kylie Christmas,2015-11-13,2SBr3MK1sdMs8IxdRcN6qz,Parlophone UK,GBAYE1500956,19999352,4RVnAU35WRWra6OZ3CbbMA
Santa Baby (with Henri René & His Orchestra),"Eartha Kitt, Henri René and His Orchestra","christmas, exotica","Jazz, Easy listening",Heavenly Eartha,2002-00-00,1foCxQtxBweJtZmdxhEHVO,RCA Bluebird,USBB10101085,18417810,"1AwO9pWEBSBoWdEZu28XDC, 0oK8UXKZbQezeRhE0KeBAV"
"Santa Claus Is Comin' to Town - Live at C.W. Post College, Greenvale, NY - December 1975",Bruce Springsteen,,,"Santa Claus Is Comin' to Town (Live at C.W. Post College, Greenvale, NY - December 1975)",1981-00-00,6s2wpWPFPAgKg2LXxi1Oee,NITRON concepts,USSM17500461,20344885,3eqjTLE0HfPfh78zjh6TqT
Christmas Lights,Coldplay,,,Christmas Lights,2010-12-01,4fzyvSu73BhGvi96p2zwjL,Parlophone UK,GBAYE1001401,17666300,4gzpq5DPGxSnKTe4SA8HAU
"Baby, It's Cold Outside",Dean Martin,"christmas, adult standards, big band, swing music","Easy listening, Jazz",A Winter Romance,1959-01-01,4MrfQL4TYQXJBlZYpAHTuE,Capitol Records,USCA25900260,17748718,49e4v89VmlDcFCMyDv9wQ9
Carol of the Bells (From  Home Alone  Soundtrack),John Williams,soundtrack,Easy listening,Home Alone (Original Motion Picture Soundtrack),1990-00-00,4tHqQMWSqmL6YjXwsqthDI,Masterworks,USSM19912814,14048489,3dRfiJ2650SZu6GbydcHNb
Have Yourself A Merry Little Christmas,Sam Smith,soft pop,Pop,Have Yourself A Merry Little Christmas,2014-12-05,1Qi2wh8fFgDV7tl4Sj3f2K,PLG - Capitol,GBUM71406655,19850806,2wY79sveU1sp5g7SokKOiI
Like It's Christmas,Jonas Brothers,,,Like It's Christmas,2019-11-08,1OjmlSFuzYflWjSMTCyTJv,Jonas Brothers,USUG11903894,8523561,7gOdHgIoIKoe4i9Tta6qdD
Joy To The World,Nat King Cole,"christmas, adult standards, vocal jazz","Easy listening, Jazz",The Christmas Song (Expanded Edition),1962-00-00,1VuAamHM7P3VQQEXYGG3Uu,CAPITOL CATALOG MKT (C92),USCA29900569,13816720,7v4imS0moSyGdXyLgVTIV7
ELEVEN,IVE,k-pop,Pop,ELEVEN,2021-12-01,7n2FZQsaLb7ZRfRPfEeIvr,STARSHIP Entertainment,KRA382163861,24146769,6RHTUrRF63xao58xh9FXYJ
Notion,The Rare Occasions,,,Notion,2021-12-02,0sTlGEld0h8kIPZaKDYUf4,Elektra (NEK),USHM21617726,3202722,1QfpRUtH14JLoY6F6AYmwt
Alien Blues,Vundabar,,,Gawk,2015-07-24,6UjeFOCGYgMpBUtqKg1Je3,Gawk Records,USDY41567486,9860021,1W4itxt3vwhmrgLEBuVHJ6
Super Gremlin,Kodak Black,,,Sniper Gang Presents Syko Bob & Snapkatt: Nightmare Babies,2021-10-30,4A8cWXxKfIL3lAyUDzXbCF,Atlantic/Sniper Gang,USAT22107295,26761899,46SHBwWsqBkxI7EeeBEQG7
MIDDLE OF THE NIGHT,Elley Duhé,,,MIDDLE OF THE NIGHT,2020-01-10,58HvfVOeJY7lUuCqF0m3ly,Not Fit For Society/RCA Records,USRC11903813,11414918,67MNhiAICFY6Pwc2YxCO0K
No Lie,"Sean Paul, Dua Lipa","dancehall, pop","Traditional music, Pop",Mad Love The Prequel,2018-06-29,48QmG1dfvMuYLxMPt7KSRA,Universal-Island Records Ltd.,GBUM71604557,16850925,"3Isy6kedDrgPYoTS1dazA9, 6M2wZ9GZgrQXHCFfjv46we"
"Morad: Bzrp Music Sessions, Vol. 47","Bizarrap, Morad","argentine trap, trap latino, urbano latino, ","Hip Hop, Latin","Morad: Bzrp Music Sessions, Vol. 47",2021-12-08,39yyHtQ4tkjZzd8TfIBKQw,DALE PLAY Records,UYB282101023,4776908,"716NhGYqD1jl2wI1Qkgq36, 4az97MtWmBQ5Db3GfDh9j9"
Girl Of My Dreams (with SUGA of BTS),"Juice WRLD, SUGA, BTS","melodic rap, emo rap, k-pop","Hip Hop, Pop",Fighting Demons,2021-12-10,7DF8lvLdV3htIbuTWpc7lR,Grade A Productions/Interscope Records,USUG12105745,27877112,"4MCBfE4596Uoi2O4DtmEMz, 0ebNdVaOfp6N0oZ1guIxM8, 3Nrfpe0tUJi4K4DXYWgMUX"
Wandered To LA (with Justin Bieber),"Juice WRLD, Justin Bieber","melodic rap, emo rap, ",Hip Hop,Fighting Demons,2021-12-10,1cA4wEmLkKlttS6N89LbJh,Grade A Productions/Interscope Records,USUG12105746,25790242,"4MCBfE4596Uoi2O4DtmEMz, 1uNFoZAHBGtllmzznpCI3s"
Burn,Juice WRLD,"melodic rap, emo rap",Hip Hop,Fighting Demons,2021-12-10,0QwKxajohg1rAMMmv1AWe1,Grade A Productions/Interscope Records,USUG12105417,16535967,4MCBfE4596Uoi2O4DtmEMz
Already Dead,Juice WRLD,"melodic rap, emo rap",Hip Hop,Fighting Demons,2021-12-10,2quVkyLSVr5wX2QIhnexUt,Grade A Productions/Interscope Records,USUG12105423,18220723,4MCBfE4596Uoi2O4DtmEMz
Feline (with Polo G & Trippie Redd),"Juice WRLD, Polo G, Trippie Redd","melodic rap, emo rap",Hip Hop,Fighting Demons,2021-12-10,5R4Yrc2j4jw1itr4hKcN26,Grade A Productions/Interscope Records,USUG12105422,9422363,"4MCBfE4596Uoi2O4DtmEMz, 6AgTAQt8XS6jRWi4sX7w49, 6Xgp2XMz1fhVYe7i6yNAax"
You Wouldn't Understand,Juice WRLD,"melodic rap, emo rap",Hip Hop,Fighting Demons,2021-12-10,2W1Aq2c6PUSHBC0golgHLK,Grade A Productions/Interscope Records,USUG12105416,6449361,4MCBfE4596Uoi2O4DtmEMz
Rockstar In His Prime,Juice WRLD,"melodic rap, emo rap",Hip Hop,Fighting Demons,2021-12-10,0v36cov6Z6aEV5ZgIlqZMk,Grade A Productions/Interscope Records,USUG12105426,8928877,4MCBfE4596Uoi2O4DtmEMz
Doom,Juice WRLD,"melodic rap, emo rap",Hip Hop,Fighting Demons,2021-12-10,38Vh0iUlilcvnBNWS4saSD,Grade A Productions/Interscope Records,USUG12105410,5960043,4MCBfE4596Uoi2O4DtmEMz
Go Hard,Juice WRLD,"melodic rap, emo rap",Hip Hop,Fighting Demons,2021-12-10,7FAND3cHMvepHjpBp8gOZ9,Grade A Productions/Interscope Records,USUG12105427,4848529,4MCBfE4596Uoi2O4DtmEMz
Not Enough,Juice WRLD,"melodic rap, emo rap",Hip Hop,Fighting Demons,2021-12-10,59NTlSZN6G2eCs4jcf46C0,Grade A Productions/Interscope Records,USUG12102474,5804070,4MCBfE4596Uoi2O4DtmEMz
Relocate,Juice WRLD,"melodic rap, emo rap",Hip Hop,Fighting Demons,2021-12-10,1AtC4WzAiT2RoDEkGknqMT,Grade A Productions/Interscope Records,USUG12105420,2520781,4MCBfE4596Uoi2O4DtmEMz
From My Window,Juice WRLD,"melodic rap, emo rap",Hip Hop,Fighting Demons,2021-12-10,6U0vwOILZNn5O6w1IZ1Mzr,Grade A Productions/Interscope Records,USUG12105419,2426282,4MCBfE4596Uoi2O4DtmEMz
Feel Alone,Juice WRLD,"melodic rap, emo rap",Hip Hop,Fighting Demons,2021-12-10,2hA6oxAuJI94AydLWQ2qEU,Grade A Productions/Interscope Records,USUG12106076,2319637,4MCBfE4596Uoi2O4DtmEMz
Until The Plug Comes Back Around,Juice WRLD,"melodic rap, emo rap",Hip Hop,Fighting Demons,2021-12-10,22mPEYsHFBwVwjmkwx2cHT,Grade A Productions/Interscope Records,USUG12106073,1417642,4MCBfE4596Uoi2O4DtmEMz
Eminem Speaks,Juice WRLD,"melodic rap, emo rap",Hip Hop,Fighting Demons,2021-12-10,0WSTCrEsC2rsM8zavpfM5I,Grade A Productions/Interscope Records,USUG12105425,1309118,4MCBfE4596Uoi2O4DtmEMz
My Life In A Nutshell,Juice WRLD,"melodic rap, emo rap",Hip Hop,Fighting Demons,2021-12-10,7soheVOGSiTE8boPNzDibi,Grade A Productions/Interscope Records,USUG12105418,1207582,4MCBfE4596Uoi2O4DtmEMz
Juice WRLD Speaks,Juice WRLD,"melodic rap, emo rap",Hip Hop,Fighting Demons,2021-12-10,1fw2lym3kCvhxbIs8UQGHk,Grade A Productions/Interscope Records,USUG12105756,1064251,4MCBfE4596Uoi2O4DtmEMz
Juice WRLD Speaks 2,Juice WRLD,"melodic rap, emo rap",Hip Hop,Fighting Demons,2021-12-10,2pumRJcJLkPPejrEvwLAlu,Grade A Productions/Interscope Records,USUG12105429,1041510,4MCBfE4596Uoi2O4DtmEMz
Arranhão - Ao Vivo,Henrique & Juliano,"sertanejo, sertanejo universitário, arrocha, agronejo","Country, Latin",Manifesto Musical (Ao Vivo / Vol. 1),2021-12-10,3IMLoeLerS7TMpKjxUgAhx,Virgin Music Label And Artist Services (S&D),BCVDD2100001,20563905,3p7PcrEHaaKLJnPUGOtRlT
NO CHÃO NOVINHA,"Anitta, PEDRO SAMPAIO","brazilian pop, funk pop, funk carioca, funk, pagode baiano, brazilian funk, brega funk","Hip Hop, Pop, R&B, Latin",NO CHÃO NOVINHA,2021-12-09,7ARoqP7G8UYW8SyYPyPp7k,WM Brazil,BRWMB2101163,2801462,"7FNnA9vBm6EKceENgCGRMb, 5wbf52LA6kcaboHSN6NEF1"
Cada Quien,"Grupo Firme, Maluma","banda, corrido, norteño, sierreño, grupera, música mexicana, corridos bélicos, corridos tumbados, reggaeton, latin, urbano latino",Latin,Cada Quien,2021-12-08,5BE9B2FiFWBbBdoIQ1m1UP,Music VIP Entertainment Inc,QZDQH2156523,913220,"1dKdetem2xEmjgvyymzytS, 1r4hJ1h58CWwUQe3MxPuau"
White Christmas,Amy Grant,"christmas, ccm, christian","Pop, Hip Hop, Jazz",Tennessee Christmas,2016-10-21,370oYn3s5EKu7ziUpMQQTr,Amy Grant,USUG11600771,7439077,72Nhcx7prNk2ZCxhx0Y5es
Rudolph The Red-Nosed Reindeer,Dean Martin,"christmas, adult standards, big band, swing music","Easy listening, Jazz",A Winter Romance,1959-01-01,2L9QLAhrvtP4EYg1lY0Tnw,Capitol Records,USCA28900496,13033819,49e4v89VmlDcFCMyDv9wQ9
A Maior Saudade - Ao Vivo,Henrique & Juliano,"sertanejo, sertanejo universitário, arrocha, agronejo","Country, Latin",Manifesto Musical (Ao Vivo / Vol. 1),2021-12-10,14JKzKrJbPDflw8XyATMey,Virgin Music Label And Artist Services (S&D),BCVDD2100003,4529612,3p7PcrEHaaKLJnPUGOtRlT
Parada Louca,"Mari Fernandez, Marcynho Sensação","piseiro, sertanejo, forró, arrocha, agronejo, sertanejo universitário, brega","Country, Latin",Parada Louca,2021-10-29,72g37RoelSnovZakG5MwnF,Sony Music Entertainment,BCZT72100014,10509702,"0BHm7qbh3ENxvXzkQAG7MP, 4dnPDc045bVjibyATxVUOs"
Cada Quien,"Grupo F1rmo, Malumma",,,Cada Quien,2021-12-01,2CGbKCiVUTHxhIJtP6Gvdi,XDrecords,QZTPX2173990,906498,"1TvpKRrUuwpyfFHRC3OJ6N, 2FC37ksP8mB49ORkV2Rojp"
Last Christmas,Ariana Grande,pop,Pop,Christmas Kisses,2013-01-01,5xDrO9DEDJGUQGfyoHvgDJ,Universal Records,USUM71318388,8146391,66CXWjxzNUsdJxJ2JdwvnR
Jingle Bells - Remastered 1999,Frank Sinatra,"christmas, big band, adult standards, swing music, vocal jazz, jazz","Easy listening, Jazz",A Jolly Christmas From Frank Sinatra,1957-09,4HEOgBHRCExyYVeTyrXsnL,Capitol Records,USCA29900545,19793446,1Mxqyy3pSjf8kZZL4QVxS0
You Make It Feel Like Christmas (feat. Blake Shelton),"Gwen Stefani, Blake Shelton",country,Country,You Make It Feel Like Christmas,2017-10-06,2OQ6a4CfUeYskpTTgyawyJ,UMGRI Interscope,USUM71708114,18282564,"4yiQZ8tQPux8cPriYMWUFP, 1UTPBmNbXNTittyMJrNkvw"
Pope Is a Rockstar,SALES,bedroom pop,Pop,SALES LP,2016-04-20,0So2sgVa8aJiARPl2P29u2,SALES,TCACN1687807,19766314,6vVztIuqdDHvYWxOEXCzjN
I Saw Mommy Kissing Santa Claus,The Jackson 5,"motown, christmas","Jazz, R&B",Merry Christmas,1970-01-01,3lkYS3iMpWMVpaJ0yJAFrJ,UMC (Universal Music Catalogue),USMO17082669,11563794,2iE18Oxc8YSumAU232n4rW
Dynamite,BTS,k-pop,Pop,BE,2020-11-20,5QDLhrAOJJdNAmCTJ8xMyW,BIGHIT MUSIC,QM7282022872,18581988,3Nrfpe0tUJi4K4DXYWgMUX
Mujeres Divinas,Vicente Fernández,"mariachi, ranchera, música mexicana, bolero, banda, norteño",Latin,El Cuatrero,1982-00-00,2PxGGRmj5yunYdNF2Ud2vm,Sony Music Latin,MXF148700181,901518,4PPoI9LuYeFX8V674Z1R6l
Acá Entre Nos,Vicente Fernández,"mariachi, ranchera, música mexicana, bolero, banda, norteño",Latin,Que De Raro Tiene,1992-00-00,2FDFz5TuYlpP180AUicAcl,Columbia,MXF149000149,867226,4PPoI9LuYeFX8V674Z1R6l
Un Millón de Primaveras,Vicente Fernández,"mariachi, ranchera, música mexicana, bolero, banda, norteño",Latin,Vicente Fernandez Para Siempre,2007-08-26,6j5LtifAnuTjTYvml61yFZ,Columbia,MXF010700416,830575,4PPoI9LuYeFX8V674Z1R6l
Desesperados,"Rauw Alejandro, Chencho Corleone","reggaeton, urbano latino, trap latino, latin",Latin,VICE VERSA,2021-12-10,6mmPpaltUZK7xjNlBPQQ0p,Sony Music Latin/Duars Entertainment,USSD12100779,19218358,"1mcTU81TzQhprhouKaTkpq, 37230BxxYs9ksS7OkZw3IU"
Butter,BTS,k-pop,Pop,"Butter (Hotter, Sweeter, Cooler)",2021-06-04,1mWdTewIgB3gtBM3TOSFhB,BIGHIT MUSIC,QM6MZ2156864,14307944,3Nrfpe0tUJi4K4DXYWgMUX
Permission to Dance,BTS,k-pop,Pop,Permission to Dance,2021-07-23,3XYRV7ZSHqIRDG87DKTtry,BIGHIT MUSIC,QMFME2102684,4733943,3Nrfpe0tUJi4K4DXYWgMUX
Broadway Girls (feat. Morgan Wallen),"Lil Durk, Morgan Wallen","drill, country","Country, Hip Hop",Broadway Girls (feat. Morgan Wallen),2021-12-17,3DZ8dbKg4OTSSqGARvecYd,Alamo,USQX92105926,13538308,"3hcs9uc56yIGFCSy9leWe7, 4oUHIQIBe0LHzYfvXNW4QM"
tears in the club (feat. the weeknd),"FKA twigs, The Weeknd","art pop, alternative r&b, ","R&B, Pop",tears in the club (feat. the weeknd),2021-12-16,60wMNCIWYZwbOywZXgfQ9P,Atlantic Records,USAT22108057,2059565,"6nB0iY1cjSY1KyhYyuIIKH, 1Xyo4u8uXC1ZmMpatF05PJ"
thailand,Roddy Ricch,melodic rap,Hip Hop,LIVE LIFE FAST,2021-12-17,0qHPxjC83zQYcxe39xSShx,Atlantic Records,USAT22107931,1040325,757aE44tKEUQEqRuT6GnEB
25 million,Roddy Ricch,melodic rap,Hip Hop,LIVE LIFE FAST,2021-12-17,2lUDBd7JrgAMltcp6dcd7D,Atlantic Records,USAT22107946,1869476,757aE44tKEUQEqRuT6GnEB
One More Sleep,Leona Lewis,,,"Christmas, With Love",2013-12-02,78pn8k7RogKo2oxl0DyX6d,Syco Music,GBHMU1300298,14116020,5lKZWd6HiSCLfnDGrq9RAm
Poison,"Aaliyah, The Weeknd","r&b, ",R&B,Poison (feat. The Weeknd),2021-12-17,7M4fSXTAUQih72cf0FbMgA,Blackground Records 2.0 / EMPIRE,USUYG1403560,917594,"0urTpYCsixqZwgNTkPJOJ4, 1Xyo4u8uXC1ZmMpatF05PJ"
hibachi (feat. Kodak Black & 21 Savage),"Roddy Ricch, 21 Savage, Kodak Black","melodic rap, ",Hip Hop,LIVE LIFE FAST,2021-12-17,7FCDmAel69bzxRkOxbh2dB,Atlantic Records,USAT22107934,847630,"757aE44tKEUQEqRuT6GnEB, 1URnnhqYAYcrqrcwql10ft, 46SHBwWsqBkxI7EeeBEQG7"
Deck The Hall,Nat King Cole,"christmas, adult standards, vocal jazz","Easy listening, Jazz",The Christmas Song (Expanded Edition),1962-00-00,0rHToGels2lt8Y0mCYoF90,CAPITOL CATALOG MKT (C92),USCA29900552,4985239,7v4imS0moSyGdXyLgVTIV7
Please Come Home for Christmas - 2013 Remaster,Eagles,"classic rock, soft rock",Rock,Please Come Home for Christmas / Funky New Year (2013 Remaster),1978-11-27,3QIoEi8Enr9uHffwInGIsC,Rhino/Elektra,USEE11300376,12319833,0ECwFtbIWEVNwjlrfc6xoL
Little Saint Nick - 1991 Remix,The Beach Boys,baroque pop,Pop,The Beach Boys' Christmas Album,1964-11-09,5xlS0QkVrSH7ssEbBgBzbM,Capitol Records,USCA29100193,10813770,3oDbviiivRWhXwIE8hxkVV
"Santa, Can’t You Hear Me","Kelly Clarkson, Ariana Grande","christmas, pop","Jazz, Pop",When Christmas Comes Around...,2021-10-15,2O3MQ6H3gjrIWDcpeTrikT,Atlantic Records,USAT22104760,12548501,"3BmGtnKgCSGYIUhmivXKWX, 66CXWjxzNUsdJxJ2JdwvnR"
What Christmas Means To Me,Stevie Wonder,"motown, soul",R&B,Mono Singles,2019-10-25,1V0qqWBbIWt8hlAjxTZedR,UNI/MOTOWN,USMO10500444,11149423,7guDJrEfX3qb6FEbdPA5qi
Santa's Coming for Us,Sia,,,Everyday Is Christmas (Deluxe Edition),2018-11-01,1N1ZpYUJc9fwrqk53FGgWv,Monkey Puzzle/Atlantic,USAT21704210,9630036,5WUlDfRSoLAfcVSX1WnrxN
Here Comes Santa Claus (Right Down Santa Claus Lane) - 1947 Version,Gene Autry,christmas,Jazz,Rudolph The Red Nosed Reindeer And Other Christmas Classics,1947-00-00,25leEEaz1gIpp7o21Fqyjo,Columbia/Legacy,USSM10309760,6362956,5ixB75BQR3ADoWQkcHQJTs
I'll Be Home for Christmas,Michael Bublé,christmas,Jazz,Christmas,2011-10-24,0tXPhc8LvM4dPvoRwI66XQ,143/Reprise,USRE11100712,8942758,1GxkXlMwML1oSg5eLPiAz3
I Wish It Could Be Christmas Everyday,Wizzard,"christmas, glam rock","Jazz, Rock",I Wish It Could Be Christmas Everyday,2007-11-19,1mH6tZC6iXIHPI6EixCwxw,Parlophone UK,GBAYE7300088,7852557,7823Dim2TzjiQQ9wRQxyi9
Mele Kalikimaka - Single Version,"Bing Crosby, The Andrews Sisters","christmas, big band, swing music","Easy listening, Jazz",Their Complete Recordings Together,1996-11-19,1GQ3cCJMAhLqWARyVZWxnO,Geffen,USMC15005830,5918376,"6ZjFtWeHP9XN7FeKSUe80S, 2NCGI6dLTxLdI9XHdv7QfM"
Sleigh Ride,Ella Fitzgerald,"vocal jazz, jazz, swing music, jazz blues, big band, christmas","Easy listening, Jazz, Blues",Ella Wishes You A Swinging Christmas (Expanded Edition),1960-01-01,4ukUoXLuFzMixyZyabSGc4,Verve Reissues,USF096025290,7370795,5V0MlUE1Bft0mbLlND7FJz
Merry Christmas Baby,Otis Redding,"soul, motown, soul blues","R&B, Blues",Merry Christmas Baby / White Christmas,1968-00-00,4STCTQ1h0VuWfvDyhGOxkv,Rhino Atlantic,USAT20000317,3919127,60df5JBRRPcnSpsIMxxwQm
Todo De Ti,Rauw Alejandro,"reggaeton, urbano latino, trap latino, latin",Latin,VICE VERSA,2021-12-10,3rdAz1fbUfZxYgaCviYhRo,Sony Music Latin/Duars Entertainment,USSD12100202,18257334,1mcTU81TzQhprhouKaTkpq
Cúrame,Rauw Alejandro,"reggaeton, urbano latino, trap latino, latin",Latin,VICE VERSA,2021-12-10,1FlL8ycld6uVDDyhV7P5FA,Sony Music Latin/Duars Entertainment,USSD12100296,9695356,1mcTU81TzQhprhouKaTkpq
Enemy - From the series Arcane League of Legends,"Imagine Dragons, Arcane, League of Legends",,,Enemy (from the series Arcane League of Legends),2021-10-27,5UlnuulVAVmmesw4VzqHdG,KIDinaKORNER/Interscope Records,USUM72120989,3791521,"53XhwfbYqKCa1cC15pYq2q, 57nPqD7z62gDdq37US9XJR, 47mIJdHORyRerp4os813jD"
Winter Wonderland,Tony Bennett,"vocal jazz, christmas, big band, adult standards, jazz","Easy listening, Jazz",Snowfall: The Tony Bennett Christmas Album,1968-10-06,1yxcKrEcxt4O03IIC25yHk,Columbia/Legacy,USSM19400327,7196934,2lolQgalUvZDfp5vvVtTYV
Merry Xmas Everybody,Slade,"glam rock, christmas","Jazz, Rock",Merry Xmas Everybody,1973-11-07,4dBQWyoZmmgvFBlALGlqZi,BMG Rights Management (UK) Limited,GBAKW7301006,5777679,10n5lhNDoSMUHWLlnST1yw
Hallelujah,Pentatonix,christmas,Jazz,A Pentatonix Christmas,2016-10-21,550rQQCGkrTzvp4SfpOPzx,RCA Records Label,USRC11601833,4684500,26AHtbjWKiwYzsoGoUZq53
Frosty The Snowman,Ella Fitzgerald,"vocal jazz, jazz, swing music, jazz blues, big band, christmas","Easy listening, Jazz, Blues",Ella Wishes You A Swinging Christmas (Expanded Edition),1960-01-01,65irrLqfCMRiO3p87P4C0D,Verve Reissues,USF096025350,5688206,5V0MlUE1Bft0mbLlND7FJz
"Merry Christmas, Happy Holidays",*NSYNC,,,Home For Christmas,1998-10-23,15coTBAzEN1bOeipoNDZAR,RCA Records Label,DEA819800761,5411522,6Ff53KvcvAj5U7Z1vojB5o
This Christmas,Donny Hathaway,soul,R&B,Donny Hathaway,1971-00-00,7MSYSOobsombc1mbDWFxtD,Rhino Atlantic,USAT20180585,5533697,0HU0U9kdXEHZVxUNbuQe8S
Mistletoe And Holly - Remastered 1999,Frank Sinatra,"christmas, big band, adult standards, swing music, vocal jazz, jazz","Easy listening, Jazz",A Jolly Christmas From Frank Sinatra,1957-09,7faDzZnZYqTyYThx2sbHVQ,Capitol Records,USCA29900547,5557818,1Mxqyy3pSjf8kZZL4QVxS0
I'll Be Home,Meghan Trainor,,,Title (Expanded Edition),2015-01-09,0lTurWECr2XL607eJAj1A3,Epic,USSM11408623,4996572,6JL8zeS1NmiOftqZTRgdTz
"Baby, It's Cold Outside (feat. Meghan Trainor)","Brett Eldredge, Meghan Trainor","country, christmas, ","Jazz, Country",Glow,2016-10-28,5Q2P43CJra0uRAogjHyJDK,Atlantic Nashville,USAT21602517,5305377,"0qSX3s5pJnAlSsgsCne8Cz, 6JL8zeS1NmiOftqZTRgdTz"
Baby It's Cold Outside (with Michael Bublé),"Idina Menzel, Michael Bublé","musicals, christmas","Jazz, Classical",Holiday Wishes,2014-10-10,0Ie5uiv54KgCr7P4sYDTHl,Warner Records,USWB11402616,4758908,"73Np75Wv2tju61Eo9Zw4IR, 1GxkXlMwML1oSg5eLPiAz3"
Jingle Bells (feat. The Puppini Sisters),"Michael Bublé, The Puppini Sisters","christmas, swing music, electro swing","Jazz, Easy listening",Christmas,2011-10-24,4qBejt9FeqLI9blHI1Nq1x,143/Reprise,USRE11100702,5028204,"1GxkXlMwML1oSg5eLPiAz3, 1svaANJTE5KrG16fTGDqOs"
Do You Hear What I Hear? - Remastered 2006,Bing Crosby,christmas,Jazz,Christmas Carols,2021-10-29,2Uiv8YvD3q63FGTUjkYvxT,UME - Global Clearing House,USCA20600974,5137230,6ZjFtWeHP9XN7FeKSUe80S
Christmas Without You,Ava Max,,,Christmas Without You,2020-10-15,1QLZKzC2pjP4ySf4ALrNhm,Atlantic Records,USAT22006602,4692497,4npEfmQ6YuiwW1GpUmaq3F
Oh Santa! (feat. Ariana Grande & Jennifer Hudson),"Mariah Carey, Ariana Grande, Jennifer Hudson","christmas, pop, ","Jazz, Pop",Mariah Carey's Magical Christmas Special (Apple TV+ Original Soundtrack),2020-12-11,2VkuxjlbnbaBiWYpdBGVol,Legacy Recordings,USQX92005061,4931745,"4iHNK0tOyZPYnBU7nGAgpQ, 66CXWjxzNUsdJxJ2JdwvnR, 35GL8Cu2GKTcHzKGi75xl5"
Happy Holiday / The Holiday Season,Andy Williams,"christmas, adult standards","Easy listening, Jazz",The Andy Williams Christmas Album,1963-00-00,1Wf14bTyb6UeKojy8ykPYm,Columbia,USSM10027541,4576126,4sj6D0zlMOl25nprDJBiU9
Rudolph The Red-Nosed Reindeer,Burl Ives,christmas,Jazz,Have A Holly Jolly Christmas,1965-10-01,47otoIkhx3fkdivEXL5OB6,Geffen,USMC16516116,4700088,0MHgLfmQdutffmvWe5XBTN
Christmas Tree Farm,Taylor Swift,,,Christmas Tree Farm,2019-12-06,2mvabkN1i2gLnGAPUVdwek,Taylor Swift,USUG11904285,4469713,06HL4z0CvFAxyc27GXpf02
White Christmas (with Shania Twain),"Michael Bublé, Shania Twain","christmas, country","Jazz, Country",Christmas,2011-10-24,2gbCG4Rt9984UZ7Tc0dIFd,143/Reprise,USRE11100703,4483657,"1GxkXlMwML1oSg5eLPiAz3, 5e4Dhzv426EvQe3aDb64jL"
It's Beginning To Look A Lot Like Christmas,Bing Crosby,christmas,Jazz,Christmas,2015-09-30,1uh1iaMqBdx4XyrXhssKGD,Geffen,USMC15151057,4700405,6ZjFtWeHP9XN7FeKSUe80S
Have Yourself A Merry Little Christmas,Judy Garland,christmas,Jazz,Meet Me In St. Louis,1944-01-01,030mot3ZKR3oskfMsqDB2R,Geffen,USMC14447439,4718108,0hItVPjwJLVZrFqOyIsxPf
Christmas Time Is Here - Vocal,Vince Guaraldi Trio,christmas,Jazz,A Charlie Brown Christmas [2012 Remastered & Expanded Edition],1965-00-00,299lFlaAsNQdgbIZNPmIA0,Craft Recordings,USC4R1201098,4608566,4ytkhMSAnrDP8XzRNlw9FS
Wonderful Dream (Holidays Are Coming) - Radio Version,Melanie Thornton,christmas,Jazz,Ready To Fly,2001-01-01,0SvD6EdetxVtXei2JhkV4B,X-cell Records,DEE860100979,2200654,2apYMRrg5FxN4go0pfsCvf
Christmas Time,Bryan Adams,,,Christmas EP,2019-11-15,7LoFMtL7hxP9tr5HYyyUrJ,Universal Music Enterprises,USUMG9900538,2131778,3Z02hBLubJxuFJfhacLSDc
Mistletoe and Wine,Cliff Richard,christmas,Jazz,Together With Cliff Richard,1991-11-18,3AgiRs3oxc2dFh0CPUHXJs,Parlophone UK,GBAYE8800240,3422679,2nvKpWcP8etYTq4JrRiUiy
Santa Baby,"Ariana Grande, Liz Gillies","pop, christmas","Jazz, Pop",Christmas Kisses,2013-01-01,6YJdPrH3i2POzu7hdHIRrb,Universal Records,USUM71318549,3165889,"66CXWjxzNUsdJxJ2JdwvnR, 7pLntWGInZPQxc4kXxzzjB"
Have Yourself a Merry Little Christmas,Michael Bublé,christmas,Jazz,Christmas,2011-10-24,1DnSNqCQM3LUxqFuXt184Q,143/Reprise,USRE11100707,3284618,1GxkXlMwML1oSg5eLPiAz3
Mary's Boy Child / Oh My Lord,Boney M.,disco,R&B,Worldmusic for Christmas,2017-11-10,2qqZ5fOGuNvYVzgPFDLQ4l,Sony Music Catalog,DED167800014,3000266,54R6Y0I7jGUCveDTtI21nb
All I Want for Christmas Is You,Michael Bublé,christmas,Jazz,Christmas,2011-10-24,0xPaZrF25ltzvz1a2Pm5DQ,143/Reprise,USRE11100704,3148381,1GxkXlMwML1oSg5eLPiAz3
Here Comes Santa Claus (Right Down Santa Claus Lane),Elvis Presley,"rockabilly, rock and roll",Rock,Elvis' Christmas Album,1957-10-15,7n7VsX3sv66znBwA8b5uhp,RCA Victor,USRC15701156,3247821,43ZHCT0cAZBISjO8DG9PnE
O Tannenbaum,Vince Guaraldi Trio,christmas,Jazz,A Charlie Brown Christmas [2012 Remastered & Expanded Edition],1965-00-00,34rzJNfTd5e9s3TICFMPD0,Craft Recordings,USC4R1201093,3715672,4ytkhMSAnrDP8XzRNlw9FS
Christmas (Baby Please Come Home),Michael Bublé,christmas,Jazz,Christmas,2011-10-24,66WPXyhXqMlkM1kZhyEXWK,143/Reprise,USRE11100708,2873089,1GxkXlMwML1oSg5eLPiAz3
Make It To Christmas,Alessia Cara,,,Make It To Christmas,2019-11-08,6RS6rcjnWrdfVuu2U2W2dj,"EP Entertainment, LLC / Def Jam",USUM71922143,2819091,2wUjUUtkb5lvLKcGKsKqsR
Shake Up Christmas,Train,soft pop,Pop,"Save Me, San Francisco (Golden Gate Edition)",2010-12-01,1NghHeg0wE32eBYrQBVQXL,Columbia,USSM11003859,2915915,3FUY2gzHeIiaesXtOAdB7A
Lonely This Christmas,Mud,"glam rock, christmas","Jazz, Rock","A's, B's And Rarities",2005-12-20,5DMItYJluCFc7YtFdP4aXo,Parlophone UK,GBAYE7400041,3243669,3cqIsBnzV3BabbPWKz8Txf
(There's No Place Like) Home for the Holidays - 1959 Version,Perry Como,"christmas, adult standards","Easy listening, Jazz",Season's Greetings,1991-08-26,0hvN2v6fAcB6xWyW7UaooA,RCA Records Label,USRC10101096,3366141,5v8jlSmAQfrkTjAlpUfWtu
The Christmas Song (Shawn Mendes & Camila Cabello),"Shawn Mendes, Camila Cabello",pop,Pop,Wonder (Holiday Deluxe),2020-12-05,66VenHDtrQAw7FCjyF2J56,Shawn Mendes LP4-5 PS/ Island,USUM72023748,2595742,"7n2wHs1TKAczGzO7Dd2rGr, 4nDoRrQiYLoBzwC5BhVJzF"
This Christmas,Christina Aguilera,,,My Kind Of Christmas,2000-11-03,32h59T8q2SonUPJ006lyXt,RCA Records Label,USRC10000697,2913514,1l7ZsJRRS8wlW3WfJfPfNS
Happy Xmas (War Is Over),Céline Dion,variété française,,These are Special Times,1998-10-30,2ohR9Qj4TgZafZCptO9cly,Columbia,CAC229800219,2676273,4S9EykWXhStSc15wEx8QFK
Christmas Tree,V,k-pop,Pop,"Our Beloved Summer (Original Television Soundtrack), Pt. 5",2021-12-24,186NCtNk1tUYS7c2DxgJ7O,MOST CONTENTS,KRMIM2179411,7827950,3JsHnjpbhX4SnySpvpa9DK
2000 Miles - 2007 Remaster,Pretenders,,,Learning to Crawl (Expanded & Remastered),1984-00-00,5wTM2Bm8phDwHAuOsfBwhU,Rhino/Warner Records,GBAHT0700195,3105687,0GByy3DcfbQwDvXGCWmzv9
Stop The Cavalry,Jona Lewie,christmas,Jazz,Heart Skips Beat,1982-00-00,2bPQuniBB9x0fRtxDly0kr,Stiff Records,GBAHW0500394,2879830,3nohf4qILMr5aUSOsolwxB
Have Yourself A Merry Little Christmas - Remastered 1999,Frank Sinatra,"christmas, big band, adult standards, swing music, vocal jazz, jazz","Easy listening, Jazz",A Jolly Christmas From Frank Sinatra,1957-09,2FPfeYlrbSBR8PwCU0zaqq,Capitol Records,USCA29900549,2704929,1Mxqyy3pSjf8kZZL4QVxS0
Cold December Night,Michael Bublé,christmas,Jazz,Christmas,2011-10-24,4FPrAERfkPKOBKrRoyuxLu,143/Reprise,USRE11100711,2583679,1GxkXlMwML1oSg5eLPiAz3
Bring Me Love,John Legend,"soft pop, neo soul","R&B, Pop",A Legendary Christmas,2019-11-08,36myXd7iOvlpoecKzCTHZj,Columbia,USSM11807717,2628804,5y2Xq6xcjJb2jVM54GHK3t
Under The Mistletoe - Bonus Track,"Kelly Clarkson, Brett Eldredge","christmas, country","Jazz, Country",When Christmas Comes Around...,2021-10-15,2CYnG4UCBBEKIiux3S0jBU,Atlantic Records,USAT22104830,2564923,"3BmGtnKgCSGYIUhmivXKWX, 0qSX3s5pJnAlSsgsCne8Cz"
The Christmas Sweater,Michael Bublé,christmas,Jazz,Christmas (Deluxe 10th Anniversary Edition),2021-11-19,30QRKfHBopZn6UNqqSJQ9O,Reprise,USRE12100589,2411267,1GxkXlMwML1oSg5eLPiAz3
Butter (Megan Thee Stallion Remix),"BTS, Megan Thee Stallion","k-pop, ",Pop,Butter (Megan Thee Stallion Remix),2021-08-27,474VqnPDr0251lsQBB8sQB,BIGHIT MUSIC,QMFME2195608,3408782,"3Nrfpe0tUJi4K4DXYWgMUX, 181bsRPaVXVlUKXrxwZfHK"
"Mary, Did You Know?",Pentatonix,christmas,Jazz,That's Christmas To Me (Deluxe Edition),2015-10-30,4z8sz6E4YyFuEkv5o7IJni,RCA Records Label,USRC11402151,2547296,26AHtbjWKiwYzsoGoUZq53
Rockin' Around the Christmas Tree - Rerecorded Version,Brenda Lee,christmas,Jazz,A Brenda Lee Christmas,1991-00-00,09OojFvtrM9YRzRjnXqJjA,Warner Records,USWB19903772,1299368,4cPHsZM98sKzmV26wlwD2W
White Christmas,Michael Bublé,christmas,Jazz,Christmas (Deluxe Special Edition),2011-10-24,4buHBCFNm5WvttEDevaj9C,Reprise,USRE11900523,1286174,1GxkXlMwML1oSg5eLPiAz3
O Holy Night,Mariah Carey,christmas,Jazz,Merry Christmas,1994-10-28,3B7FO3kJ5kv3mX7yiaB7sT,Columbia,USSM19400521,2435442,4iHNK0tOyZPYnBU7nGAgpQ
Merry Christmas Darling - Remix,Carpenters,"christmas, adult standards","Easy listening, Jazz",Christmas Portrait (Special Edition/Reissue),1978-10-13,0z5HSQGWgnjdNvwbOmhB2w,A&M,USAM17800383,2891847,1eEfMU2AhEo7XnKgL7c304
Frosty the Snowman,The Ronettes,christmas,Jazz,Sleigh Ride,2020-12-04,0OcpVNf7hnJBPbTFMSG7CI,Legacy Recordings,USSM10905163,2870577,7CyeXFnOrfC1N6z4naIpgo
A Holly Jolly Christmas,Brett Eldredge,"country, christmas","Jazz, Country",Glow (Deluxe Edition),2018-10-26,1GpPsjjd4D1jsteGYpGGIN,Atlantic Records,USWB11802016,2438053,0qSX3s5pJnAlSsgsCne8Cz
Winter Wonderland - Remastered,Bing Crosby,christmas,Jazz,Christmas,2015-09-30,3pdQTWpq09XCBosbTtYIiZ,Geffen,USCA20600964,2456293,6ZjFtWeHP9XN7FeKSUe80S
Silent Night,Michael Bublé,christmas,Jazz,Christmas,2011-10-24,6B14wYcEpWhyDvxWRb9Df8,143/Reprise,USRE11100709,2385311,1GxkXlMwML1oSg5eLPiAz3
Santa Claus Is Comin' to Town,Frank Sinatra,"christmas, big band, adult standards, swing music, vocal jazz, jazz","Easy listening, Jazz",Christmas Songs by Sinatra,1994-11-08,6YeDjSHCDmJKgU8foiaruL,Columbia/Legacy,USSM10018231,1234306,1Mxqyy3pSjf8kZZL4QVxS0
God Rest Ye Merry Gentlemen - Single Version,Bing Crosby,christmas,Jazz,Christmas Carols,2021-10-29,06IdUbnrpRZ0IKI9IlO96I,UME - Global Clearing House,USMC14250037,2587734,6ZjFtWeHP9XN7FeKSUe80S
My Kind Of Present,Meghan Trainor,,,A Very Trainor Christmas,2020-10-30,2rkb8ijsPapKDMEh0cSe8I,Epic,USSM12005068,1167870,6JL8zeS1NmiOftqZTRgdTz
Let It Snow! - 10th Anniversary,Michael Bublé,christmas,Jazz,Christmas (Deluxe 10th Anniversary Edition),2021-11-19,2EmEXCi8ue7p5Xqmqz10kW,Reprise,USRE12100587,1157697,1GxkXlMwML1oSg5eLPiAz3
"Caroling, Caroling",Nat King Cole,"christmas, adult standards, vocal jazz","Easy listening, Jazz",The Christmas Song (Expanded Edition),1962-00-00,11Z7sdkpC5IaaydoIvDn74,CAPITOL CATALOG MKT (C92),USCA29900572,2640039,7v4imS0moSyGdXyLgVTIV7
Santa Baby,Michael Bublé,christmas,Jazz,Christmas,2011-10-24,6DwnAl6l63e83dDgIzY8P4,143/Reprise,USRE11100706,1143291,1GxkXlMwML1oSg5eLPiAz3
Bloqueado - Ao Vivo,Gusttavo Lima,"sertanejo, sertanejo universitário, arrocha, agronejo, piseiro, forró","Country, Latin",Buteco in Boston (Ao Vivo),2021-12-16,6nkoWsFZeFt5dUdNmlIceh,Sony Music Entertainment,BXBAL2100049,6194546,7MiDcPa6UiV3In7lIM71IN
Blue Christmas,Michael Bublé,christmas,Jazz,Christmas,2011-10-24,6Lh85Pe18pqvNdDoWgTVUC,143/Reprise,USRE11100710,2190967,1GxkXlMwML1oSg5eLPiAz3
Linus And Lucy,Vince Guaraldi Trio,christmas,Jazz,A Charlie Brown Christmas [2012 Remastered & Expanded Edition],1965-00-00,0MmNrhvLcoWjo7AOr0vgka,Craft Recordings,USC4R1201096,1515497,4ytkhMSAnrDP8XzRNlw9FS
"You're A Mean One, Mr. Grinch - From Dr. Seuss' 'How The Grinch Stole Christmas'",Thurl Ravenscroft,christmas,Jazz,How The Grinch Stole Christmas,1999-00-00,6Tof6kPUc2a17GKaKz4IXz,Sony Classical,UST1C0450084,1469420,5Gejwv3xz2DpLcxVpMD6hL
Cool Yule,"Louis Armstrong, The Commanders","jazz, swing music, big band, vocal jazz, jazz blues, christmas","Easy listening, Jazz, Blues",White Christmas (Deluxe Edition),2021-12-01,0HYlVsZx8pLI2YoECmUQAd,UME - Global Clearing House,USMC15385420,1370761,"19eLuQmk9aCobbVDHc6eek, 3VrWSWV74xyECVDt2zBy4T"
Silver Bells,"Bing Crosby, Carol Richards","christmas, ",Jazz,White Christmas,1945-01-01,7ehhnVu3JUWMaSJzY1zC4k,Geffen,USMC15005832,1322416,"6ZjFtWeHP9XN7FeKSUe80S, 0Im4XjInyfMuA2lVkalOGK"
The Man with the Bag,Kay Starr,"christmas, vocal jazz",Jazz,Presenting Kay Starr,1950-11-26,2n1xrggQtAGEV1AgzvooGB,Universal Digital Enterprises,DEZZ42172522,1298786,7rpf45DdbpweG51Acze45i
The Little Drummer Boy - Remastered 2006,Bing Crosby,christmas,Jazz,Christmas Carols,2021-10-29,4FuRG9hTnc4s4EYb05st0p,UME - Global Clearing House,USCA20600967,1283390,6ZjFtWeHP9XN7FeKSUe80S
O Come All Ye Faithful,Nat King Cole,"christmas, adult standards, vocal jazz","Easy listening, Jazz",The Christmas Song (Expanded Edition),1962-00-00,0H1zX27yxoDrsrQA1hk5Uq,CAPITOL CATALOG MKT (C92),USCA29900574,1205304,7v4imS0moSyGdXyLgVTIV7
I'll Be Home For Christmas - Single Version,Bing Crosby,christmas,Jazz,Bing's Gold Records - The Original Decca Recordings,1997-11-04,1fjOitI0vZ41P63p1MQLcc,Geffen,USMC14303203,1159625,6ZjFtWeHP9XN7FeKSUe80S
Winter Wonderland,Darlene Love,christmas,Jazz,"Christmas (Baby, Please Come Home)",2020-12-04,51KCex2aoD4Ni2cRF5mFWe,Legacy Recordings,USSM10905170,1155574,391oLRVmoTkumiN79HkTWu
Someday At Christmas,Stevie Wonder,"motown, soul",R&B,Mono Singles,2019-10-25,2X5noCM9Klrm4zXfyyPdRN,UNI/MOTOWN,USMO10500418,1134011,7guDJrEfX3qb6FEbdPA5qi
The First Noël,Andy Williams,"christmas, adult standards","Easy listening, Jazz",The Andy Williams Christmas Album,1963-00-00,4r87anpJZfl5p6OsBZnrZs,Columbia,USSM19912716,1101227,4sj6D0zlMOl25nprDJBiU9
Nota de Repúdio - Ao Vivo,Gusttavo Lima,"sertanejo, sertanejo universitário, arrocha, agronejo, piseiro, forró","Country, Latin",Buteco in Boston (Ao Vivo),2021-12-16,6qdJZIjxrPaJjaGqlXFLSs,Sony Music Entertainment,BXBAL2100005,1806290,7MiDcPa6UiV3In7lIM71IN
Molhando o Volante,Jorge & Mateus,"sertanejo, sertanejo universitário, arrocha, agronejo","Country, Latin",Molhando o Volante,2021-12-10,3ITkrUvAA6gzxer2UIom3P,Som Livre,BRRGE2102566,3618116,1elUiq4X7pxej6FRlrEzjM
8 Days of Christmas,Destiny's Child,,,The Writing's On The Wall,1999-09-07,3WrG9BpOPQWUus3FjA1Tny,Columbia,USSM10016220,1039193,1Y8cdNmUJH7yBTd9yOvr5i
Silent Night,Mariah Carey,christmas,Jazz,Merry Christmas,1994-10-28,1sFWEpf1aPYN576LS1aa4Y,Columbia,USSM10026204,1038495,4iHNK0tOyZPYnBU7nGAgpQ
Peru,"Fireboy DML, Ed Sheeran","afrobeats, afrobeat, afropop, afropiano, afroswing, afro soul, soft pop","R&B, Traditional music, Pop",Peru,2021-12-24,4hJhHbkhZFnxmWbAkZRoe0,Universal-Island Records Ltd.,USUYG1403104,6583453,"75VKfyoBlkmrJFDqo1o2VY, 6eUKZXaKkcviH0Ku9w2n3V"
We Don't Talk About Bruno,"Carolina Gaitán, Mauro Castillo, Adassa, Rhenzy Feliz, Diane Guerrero, Stephanie Beatriz, Encanto - Cast",,,Encanto (Original Motion Picture Soundtrack),2021-11-19,52xJxFP6TqMuO4Yt0eOkMz,Walt Disney Records,USWD12112915,8150026,"4zonL9YdcI15v7dYqVLuMV, 36CUTsdtNgCwMq6zKD1l8I, 72kqSqk124Vnl1wtT6q9Fh, 2as15AH2BTrPk8v4gyElmr, 18MFcGBHtyW0mU3ufcm0X1, 5PYToRCsrnvikZg3yl2JMr, 3xLU748QxpTmIVaiNXXg0P"
Malvadão 3,"Xamã, Gustah, Neo Beats, Bagua Records","brazilian hip hop, brazilian trap, trap, trap funk","Hip Hop, Electronic",Malvadão 3,2021-11-30,0NBgyml7T0IvUNbXIkcSpH,Bagua Records,QZNJZ2122225,7512712,"5YwzDz4RJfTiMHS4tdR5Lf, 0nzfP49X2nrzmmkwZf180L, 6PERJZF7wohA034PAxDK0b, 2450WxbFxHjnttFAv31zGk"
Surface Pressure,Jessica Darrow,,,Encanto (Original Motion Picture Soundtrack),2021-11-19,760jhRscwGbIIe1m1IIQpU,Walt Disney Records,USWD12112914,4942105,4vdAAzZBUKbsrvHi6UR7B7
Se Le Ve,"Dímelo Flow, Dalex, Sech, Justin Quiles, Arcángel, De La Ghetto, Lenny Tavárez","reggaeton, urbano latino, trap latino, argentine trap","Hip Hop, Latin",Se Le Ve,2021-08-12,5W1qmxHrMlQGGAiFA3ZQqP,Rich Music,QM9WM2100063,3186136,"3fZk3Gm5dN5v5yfYMQ04Bx, 0KPX4Ucy9dk82uj4GpKesn, 77ziqFxp5gaInVrF2lj4ht, 14zUHaJZo1mnYtn6IBRaRP, 4SsVbpTthjScTS7U2hmr1X, 3EiLUeyEcA6fbRPSHkG5kb, 1pQWsZQehhS4wavwh7Fnxd"
Ella - Remix,"Boza, Lunay, Lenny Tavárez, Juhn, Beéle","reggaeton, urbano latino, trap latino, argentine trap","Hip Hop, Latin",Ella (Remix),2021-10-29,7iHHlCbsFou5DZSW5HCPfs,Sony Music Latin,USSD12100763,3082804,"2NfSBtmWe7oPw1EmetJVso, 47MpMsUfWtgyIIBEFOr4FE, 1pQWsZQehhS4wavwh7Fnxd, 2LmcxBak1alK1bf7d1beTr, 7a0XAaPaK2aDSqa8p3QnC7"
"Tiago PZK: Bzrp Music Sessions, Vol. 48","Bizarrap, Tiago PZK","argentine trap, trap latino, urbano latino","Hip Hop, Latin","Tiago PZK: Bzrp Music Sessions, Vol. 48",2021-12-29,2Gq636OOGgxCTqEuzCZhsa,WEA Latina/DALE PLAY Records,UYB282101025,4014303,"716NhGYqD1jl2wI1Qkgq36, 5Y3MV9DZ0d87NnVm56qSY1"
TO THE,GoldSkull,,,TO THE,1998-04-05,3kvm9xedJN0uVx9kFmcFdf,Firefly Media LLC,QZTAU2145013,783737,13GA8qxVLDZs0oh1zZ872C
Pandora,"DJ Matt D, Menor MC, MC GP, Vulgo FK","funk consciente, funk, brazilian trap, trap funk, trap, brazilian hip hop","Hip Hop, R&B, Latin, Electronic",Pandora,2021-11-26,0yL7K9MzC20uBesZTPY81r,GREE CASSUA,BXG5C2100582,1744108,"1rIc4yTieeRq25NA3T8RQ5, 78Y1NpgD0yMKoBetaYlUzS, 5s27i7oqhNWIcE4HeoVdq0, 27azwwkxutWL1BWMkgNIh0"
Can't Hold Us (feat. Ray Dalton),"Macklemore, Ryan Lewis, Macklemore & Ryan Lewis, Ray Dalton",,,The Heist,2012-10-09,22skzmqfdWrjJylampe0kt,Macklemore,GMM881200002,1370877,"3JhNCzhSMTxs9WLGJJxWOY, 5mZJerulcERBZV7xnhrVp1, 5BcAKTbp20cv7tC5VqPFoC, 4e0nWw2r4BoQSKPQ2zpU13"
Happy New Year,ABBA,,,Super Trouper,1980-00-00,4AsvGVDWs16fqIiIdDzyvX,Polar Music International AB,SEAYD8001060,1172902,0LcJLqbBmaGUft1e9Mm8HV
Gimme! Gimme! Gimme! (A Man After Midnight),ABBA,,,Voulez-Vous,1979-00-00,3vkQ5DAB1qQMYO4Mr9zJN6,Polar Music International AB,SEAYD7901120,1118762,0LcJLqbBmaGUft1e9Mm8HV
Memories (feat. Kid Cudi),"David Guetta, Kid Cudi","edm, dance, ",Electronic,One Love (New Version),2009-00-00,0Xh6R6XLoTDRBYriQRgkHj,EMI,FRZID0900480,1039853,"1Cs0zKBU1kc0i8ypK3B9ai, 0fA0VVWsXO9YnASrzqfmYu"
When I’m Gone (with Katy Perry),"Alesso, Katy Perry","edm, pop","Electronic, Pop",When I’m Gone (with Katy Perry),2021-12-29,5902W4uHWzhtOff1UK7the,10:22PM/Astralwerks,USUG12106230,1005426,"4AVFqumd2ogHFlRbKIjp1t, 6jJ0s89eD6GaHleKKya26X"
Give Me Everything (feat. Nayer),"Pitbull, AFROJACK, Ne-Yo, Nayer","edm, big room, latin dance","Electronic, Latin",Planet Pit (Deluxe Version),2011-06-17,4QNpBfC0zvjKqPJcyqBy9W,Mr.305/Polo Grounds Music/J Records,USJAY1100032,934775,"0TnOYISbd1XYRBk9myaseg, 4D75GcNG95ebPtNvoNVXhz, 21E3waRsmPlU7jZsS13rcj, 1ruutHJcECI7cos2n5TqpO"
Hips Don't Lie (feat. Wyclef Jean),"Shakira, Wyclef Jean","latin pop, latin, ","Latin, Pop","Oral Fixation, Vol. 2 (Expanded Edition)",2005-11-28,3ZFTkvIE7kyPt6Nu3PEa7V,Epic,USSM10600677,914165,"0EmeFodog0BfCgMzAIvKQp, 7aBzpmFXB4WWpPl2F7RjBe"
Danza Kuduro,"Don Omar, Lucenzo","reggaeton, urbano latino",Latin,Meet The Orphans,2010-01-01,2a1o6ZejUi8U3wzzOtCOYw,UMLE - Machete,USUM71020778,910354,"33ScadVnbm2X8kkUqOkC6Z, 5bv5RplEOwdCvhq0EILh9E"
Crazy In Love (feat. JAY-Z),"Beyoncé, JAY-Z","hip hop, east coast hip hop, rap",Hip Hop,Dangerously In Love,2003-03-10,0TwBtDAWpkpM3srywFVOV5,Columbia,USSM10305425,905056,"6vWDO969PvNqNYHIOW5v0m, 3nFkdlSjzX9mRTtwJOzDYB"
Wannabe,Spice Girls,,,Spice,1996-01-01,1Je1IMUlBXcx1Fz0WE7oPT,Virgin Records,GBAAA9600008,902377,0uq5PttqEjj3IH1bzwcrXF
Promiscuous,"Nelly Furtado, Timbaland",,,Loose,2006-01-01,2gam98EZKrF9XuOkU13ApN,Mosley / Geffen,USUM70603473,898695,"2jw70GZXlAI8QzWeY2bgRc, 5Y5TRrQiqgUO4S36tzjIRZ"
Higher Love,"Kygo, Whitney Houston","tropical house, ",Electronic,Golden Hour,2020-05-29,1kKYjjfNYxE0YYgLa7vgVY,Kygo,USRC11901901,897222,"23fqKkggKUBHNkbKtXEls4, 6XpaIBNiVzIetEPCWDvAFP"
