spotify_track_id,song_name,artist_names,artist_ids,yearly_streams,parent_genres,genres,album,album_date,album_label,release_date,release_date_precision,album_type
5PjdY0CKGZdEuoNab3yDmX,STAY (with Justin Bieber),"['The Kid LAROI', 'Justin Bieber']","['2tIP7SsRs7vjIcLrU85W8J', '1uNFoZAHBGtllmzznpCI3s']",1005128091,,,F*CK LOVE 3: OVER YOU,2021-07-23,Columbia,2021-07-23,day,album
4fouWK6XVHhzl78KzQ1UjL,abcdefu,['GAYLE'],['2VSHKHBTiXWplO8lxcnUC9'],586840157,,,abcdefu,2021-08-13,Atlantic/Arthouse Records,2021-08-13,day,single
7rglLriMNBPAyuJOMGwi39,Cold Heart - PNAU Remix,"['Elton John', 'Dua Lipa', 'PNAU']","['3PhoLpVuITZKcymswpck5b', '6M2wZ9GZgrQXHCFfjv46we', '6n28c9qs9hNGriNa72b26u']",349761462,Pop,"pop, ",The Lockdown Sessions,2021-10-22,EMI,2021-10-22,day,album
02MWAaffLxlfxAUY7c5dvx,Heat Waves,['Glass Animals'],['4yvcSjfu4PC0CYQyLy4wSq'],1170100656,,,Dreamland (+ Bonus Levels),2020-08-06,Polydor Records,2020-08-06,day,album
2B4GHvToeLTOBB4QLzW3Ni,Pepas,['Farruko'],['329e4yvIujISKGKz1BZZbO'],508677337,Latin,"reggaeton, trap latino, latin",La 167,2021-10-01,Sony Music Latin,2021-10-01,day,album
5Z9KJZvQzH6PFmb8SNkxuk,INDUSTRY BABY (feat. Jack Harlow),"['Lil Nas X', 'Jack Harlow']","['7jVv8c5Fj3E9VhNjxT4snq', '2LIk90788K0zvyj2JJVwkJ']",722676936,,,MONTERO,2021-09-17,Columbia,2021-09-17,day,album
46IZ0fSY2mpAiktS3KOqds,Easy On Me,['Adele'],['4dpARuHxo51G3z768sgnrY'],637092540,Pop,soft pop,30,2021-11-19,Columbia,2021-11-19,day,album
1r9xUipOqoNwggBpENDsvJ,Enemy (with JID) - from the series Arcane League of Legends,"['Imagine Dragons', 'JID', 'Arcane', 'League of Legends']","['53XhwfbYqKCa1cC15pYq2q', '6U3ybJ9UHNKEdsH7ktGBZ7', '57nPqD7z62gDdq37US9XJR', '47mIJdHORyRerp4os813jD']",126422057,,,Enemy (with JID) [from the series Arcane League of Legends],2021-10-28,KIDinaKORNER/Interscope Records,2021-10-28,day,single
20on25jryn53hWghthWWW3,Do It To It,"['ACRAZE', 'Cherish']","['4pnp4w9g30yLfVIAFnZMRd', '1c70yCa8sRgIiQxl3HOEFo']",323722765,Electronic,"tech house, ",Do It To It,2021-08-20,"Thrive Music, LLC",2021-08-20,day,single
3rmo8F54jFF8OgYsqTxm5d,Bad Habits,['Ed Sheeran'],['6eUKZXaKkcviH0Ku9w2n3V'],471164532,Pop,soft pop,=,2021-10-25,Atlantic Records UK,2021-10-25,day,album
50nfwKoDiSYg8zOCREWAm5,Shivers,['Ed Sheeran'],['6eUKZXaKkcviH0Ku9w2n3V'],558011016,Pop,soft pop,=,2021-10-25,Atlantic Records UK,2021-10-25,day,album
4ZtFanR9U6ndgddUvNcjcG,good 4 u,['Olivia Rodrigo'],['1McMsnEElThX1knmY4oliG'],492803612,,,SOUR,2021-05-21,Olivia Rodrigo PS,2021-05-21,day,album
6Uj1ctrBOjOas8xZXGqKk4,Woman,['Doja Cat'],['5cj0lLjcoR7YOSnhnX0Po5'],598645502,,,Planet Her,2021-06-25,Kemosabe Records/RCA Records,2021-06-25,day,album
3DarAbFujv6eYNliUTyqtz,Kiss Me More (feat. SZA),"['Doja Cat', 'SZA']","['5cj0lLjcoR7YOSnhnX0Po5', '7tYKF4w9nC0nq9CsPZTHyP']",381647404,R&B,r&b,Planet Her,2021-06-25,Kemosabe Records/RCA Records,2021-06-25,day,album
0VjIjW4GlUZAMYd2vXMi3b,Blinding Lights,['The Weeknd'],['1Xyo4u8uXC1ZmMpatF05PJ'],612434139,,,After Hours,2020-03-20,Republic Records,2020-03-20,day,album
46HNZY1i7O6jwTA7Slo2PI,My Universe,"['Coldplay', 'BTS']","['4gzpq5DPGxSnKTe4SA8HAU', '3Nrfpe0tUJi4K4DXYWgMUX']",489249619,Pop,k-pop,Music Of The Spheres,2021-10-15,Parlophone UK,2021-10-15,day,album
2JPLbjOn0wPCngEot2STUS,Yonaguni,['Bad Bunny'],['4q3ewBCX7sLwd24euuV69X'],456767895,Latin,"reggaeton, trap latino, latin, urbano latino",Yonaguni,2021-06-04,Rimas Entertainment LLC,2021-06-04,day,single
1SC5rEoYDGUK4NfG82494W,MONTERO (Call Me By Your Name),['Lil Nas X'],['7jVv8c5Fj3E9VhNjxT4snq'],286633445,,,MONTERO,2021-09-17,Columbia,2021-09-17,day,album
5VTjBl3ddZEiG2LrH4VzyR,Toma Toma Vapo Vapo,"['Zé Felipe', 'Mc Danny']","['7cmuxPnXRJxwuYDHfbD8Eu', '3PZTvUS5fUUhV3EKAjqdZk']",26481047,"Country, Pop, R&B, Latin","piseiro, sertanejo, arrocha, agronejo, forró, sertanejo universitário, brega funk, brega, funk",Toma Toma Vapo Vapo,2021-11-11,Som Livre,2021-11-11,day,single
5nujrmhLynf4yMoMtj8AQF,Levitating (feat. DaBaby),"['Dua Lipa', 'DaBaby']","['6M2wZ9GZgrQXHCFfjv46we', '4r63FhuTkUYltbVAg5TQnk']",430964868,Pop,"pop, ",Future Nostalgia,2020-03-27,Warner Records,2020-03-27,day,album
1SOClUWhOi8vHZYMz3GluK,Infinity,['Jaymes Young'],['6QrQ7OrISRYIfS5mtacaw2'],373774912,,,Feel Something,2017-06-23,Atlantic Records,2017-06-23,day,album
2Xr1dTzJee307rmrkt8c0g,love nwantiti (ah ah ah),['CKay'],['048LktY5zMnakWq7PTtFrz'],209055879,"Traditional music, R&B, Pop","afrobeats, afrobeat, afropop",CKay The First,2019-08-30,Chocolate City Music,2019-08-30,day,album
1c4htMHiolERc0YJvZNdlc,Vai Lá Em Casa Hoje,"['George Henrique & Rodrigo', 'Marília Mendonça']","['3FlCKtwOEYQQYyGVEbxG2Z', '1yR65psqiazQpeM79CcGh8']",44646277,"Country, Latin","sertanejo, sertanejo universitário, arrocha, agronejo, forró",Vai Lá Em Casa Hoje,2021-10-22,Worldshow Promoções e Eventos,2021-10-22,day,single
3Wrjm47oTz2sjIgck11l5e,Beggin',['Måneskin'],['0lAWpj5szCSwM4rUMHYmrr'],281881810,,,Chosen,2017-12-08,RCA Records Label,2017-12-08,day,album
3Vi5XqYrmQgOYBajMWSvCi,Need to Know,['Doja Cat'],['5cj0lLjcoR7YOSnhnX0Po5'],306259528,,,Planet Her,2021-06-25,Kemosabe Records/RCA Records,2021-06-25,day,album
4gzsuuZypVbxs0Af1LSZyB,Lo Siento BB:/ (with Bad Bunny & Julieta Venegas),"['Tainy', 'Bad Bunny', 'Julieta Venegas']","['0GM7qgcRCORpGnfcN2tCiB', '4q3ewBCX7sLwd24euuV69X', '2QWIScpFDNxmS6ZEMIUvgm']",392546388,"Latin, Pop, Rock","reggaeton, trap latino, latin, urbano latino, latin pop, latin rock",Lo Siento BB:/ (with Bad Bunny & Julieta Venegas),2021-10-05,Neon16,2021-10-05,day,single
3rdAz1fbUfZxYgaCviYhRo,Todo De Ti,['Rauw Alejandro'],['1mcTU81TzQhprhouKaTkpq'],217658715,Latin,"reggaeton, urbano latino, trap latino, latin",VICE VERSA,2021-12-10,Sony Music Latin/Duars Entertainment,2021-12-10,day,album
4fSHADbZbhpZCT9oJpxwbP,Ameaça,"['Paulo Pires', 'Mc Danny', 'Marcynho Sensação']","['3whgFbrRxsOmYVrq3t4hCY', '3PZTvUS5fUUhV3EKAjqdZk', '4dnPDc045bVjibyATxVUOs']",13559869,"Country, Pop, R&B, Latin","piseiro, forró, arrocha, sertanejo, brega funk, brega, funk",Ameaça,2021-10-14,Paulo Pires,2021-10-14,day,single
6I3mqTwhRpn34SLVafSH7G,Ghost,['Justin Bieber'],['1uNFoZAHBGtllmzznpCI3s'],665651309,,,Justice,2021-03-19,RBMG/Def Jam,2021-03-19,day,album
7hU3IHwjX150XLoTVmjD0q,MONEY,['LISA'],['5L1lO4eRHmJ7a0Q6csE5cT'],139472133,Pop,k-pop,LALISA,2021-09-10,YG Entertainment/Interscope Records,2021-09-10,day,single
52xJxFP6TqMuO4Yt0eOkMz,We Don't Talk About Bruno,"['Carolina Gaitán', 'Mauro Castillo', 'Adassa', 'Rhenzy Feliz', 'Diane Guerrero', 'Stephanie Beatriz', 'Encanto - Cast']","['4zonL9YdcI15v7dYqVLuMV', '36CUTsdtNgCwMq6zKD1l8I', '72kqSqk124Vnl1wtT6q9Fh', '2as15AH2BTrPk8v4gyElmr', '18MFcGBHtyW0mU3ufcm0X1', '5PYToRCsrnvikZg3yl2JMr', '3xLU748QxpTmIVaiNXXg0P']",255883730,,,Encanto (Original Motion Picture Soundtrack),2021-11-19,Walt Disney Records,2021-11-19,day,album
4qsOrxBv09HhNSpsgMRXdC,Esqueça-Me Se For Capaz,"['Marília Mendonça', 'Maiara & Maraisa']","['1yR65psqiazQpeM79CcGh8', '59jlthNnbmim5l9tmNA7se']",34224269,"Country, Latin","sertanejo, sertanejo universitário, arrocha, forró, piseiro",Festa das Patroas 35%,2021-10-14,Som Livre,2021-10-14,day,album
4MzXwWMhyBbmu6hOcLVD49,DÁKITI,"['Bad Bunny', 'JHAYCO']","['4q3ewBCX7sLwd24euuV69X', '6nVcHLIgY5pE2YCl8ubca1']",317285047,Latin,"reggaeton, trap latino, latin, urbano latino",EL ÚLTIMO TOUR DEL MUNDO,2020-11-27,Rimas Entertainment LLC,2020-11-27,day,album
3uUuGVFu1V7jTQL60S1r8z,Where Are You Now,"['Lost Frequencies', 'Calum Scott']","['7f5Zgnp2spUuuzKplmRkt7', '6ydoSd3N2mwgwBHtF6K7eX']",534655160,"Pop, Electronic","tropical house, soft pop",Where Are You Now,2021-07-30,Epic Amsterdam,2021-07-30,day,single
0e8nrvls4Qqv5Rfa2UhqmO,THATS WHAT I WANT,['Lil Nas X'],['7jVv8c5Fj3E9VhNjxT4snq'],442650204,,,MONTERO,2021-09-17,Columbia,2021-09-17,day,album
2Gq636OOGgxCTqEuzCZhsa,"Tiago PZK: Bzrp Music Sessions, Vol. 48","['Bizarrap', 'Tiago PZK']","['716NhGYqD1jl2wI1Qkgq36', '5Y3MV9DZ0d87NnVm56qSY1']",167282958,"Hip Hop, Latin","argentine trap, trap latino, urbano latino","Tiago PZK: Bzrp Music Sessions, Vol. 48",2021-12-29,WEA Latina/DALE PLAY Records,2021-12-29,day,single
37BZB0z9T8Xu7U3e65qxFy,Save Your Tears (with Ariana Grande) (Remix),"['The Weeknd', 'Ariana Grande']","['1Xyo4u8uXC1ZmMpatF05PJ', '66CXWjxzNUsdJxJ2JdwvnR']",107002855,Pop,pop,Save Your Tears (Remix),2021-04-23,Republic Records,2021-04-23,day,single
0NBgyml7T0IvUNbXIkcSpH,Malvadão 3,"['Xamã', 'Gustah', 'Neo Beats', 'Bagua Records']","['5YwzDz4RJfTiMHS4tdR5Lf', '0nzfP49X2nrzmmkwZf180L', '6PERJZF7wohA034PAxDK0b', '2450WxbFxHjnttFAv31zGk']",123444927,"Hip Hop, Electronic","brazilian hip hop, brazilian trap, trap, trap funk",Malvadão 3,2021-11-30,Bagua Records,2021-11-30,day,single
5TMLavqGRKNxgzMBrVpC9R,Mon Amour - Remix,"['zzoilo', 'Aitana']","['7c53ZFyajVMTo08HmvoB6b', '7eLcDZDYHXZCebtQmVFL25']",227040026,Pop,"latin pop, ",Mon Amour (Remix),2021-08-18,Universal Music Spain S.L.,2021-08-18,day,single
72g37RoelSnovZakG5MwnF,Parada Louca,"['Mari Fernandez', 'Marcynho Sensação']","['0BHm7qbh3ENxvXzkQAG7MP', '4dnPDc045bVjibyATxVUOs']",18012541,"Country, Latin","piseiro, sertanejo, forró, arrocha, agronejo, sertanejo universitário, brega",Parada Louca,2021-10-29,Sony Music Entertainment,2021-10-29,day,single
3IMLoeLerS7TMpKjxUgAhx,Arranhão - Ao Vivo,['Henrique & Juliano'],['3p7PcrEHaaKLJnPUGOtRlT'],11729071,"Country, Latin","sertanejo, sertanejo universitário, arrocha, agronejo",Manifesto Musical (Ao Vivo / Vol. 1),2021-12-10,Virgin Music Label And Artist Services (S&D),2021-12-10,day,album
2RGIuYTsyyHoOCqW0krvNE,Coração Cachorro,"['Avine Vinny', 'Matheus Fernandes']","['4KDxYlnGZEiS60pAnfZf4W', '37mqXU98U5GmH5ZDtlHM1c']",2170069,"Country, Latin","piseiro, forró, sertanejo, arrocha, sertanejo universitário, pagode",Coração Cachorro,2021-09-10,Sony Music Entertainment,2021-09-10,day,single
5enxwA8aAbwZbf5qCHORXi,All Too Well (10 Minute Version) (Taylor's Version) (From The Vault),['Taylor Swift'],['06HL4z0CvFAxyc27GXpf02'],106208169,,,Red (Taylor's Version),2021-11-12,Taylor Swift,2021-11-12,day,album
00Blm7zeNqgYLPtW6zg8cj,One Right Now (with The Weeknd),"['Post Malone', 'The Weeknd']","['246dkjvS1zLTtiykXe5h60', '1Xyo4u8uXC1ZmMpatF05PJ']",179649070,,,One Right Now,2021-11-05,Republic Records,2021-11-05,day,single
7sMBvZCSUl99bJLXZaLa0b,Smokin Out The Window,"['Bruno Mars', 'Anderson .Paak', 'Silk Sonic']","['0du5cEVh5yTK9QJze8zA0C', '3jK9MiCrA42lLAdMGUZpwa', '6PvvGcCY2XtUcSRld1Wilr']",60144740,,,An Evening With Silk Sonic,2021-11-11,Aftermath Entertainment/Atlantic,2021-11-11,day,album
2wG1R0uDFwyobcWzVssC1J,GALOPA,['PEDRO SAMPAIO'],['5wbf52LA6kcaboHSN6NEF1'],8959292,"Hip Hop, Pop, R&B","funk, funk pop, brazilian funk, funk carioca, brega funk, brazilian pop",GALOPA,2021-09-16,WM Brazil,2021-09-16,day,single
4SqWKzw0CbA05TGszDgMlc,I Love You So,['The Walters'],['027TpXKGwdXP7iwbjUSpV8'],490218370,,,I Love You So,2014-11-28,Warner Records,2014-11-28,day,single
2vmfvSoZBFAt9hhRoEByLi,Volví,"['Aventura', 'Bad Bunny']","['1qto4hHid1P71emI6Fd8xi', '4q3ewBCX7sLwd24euuV69X']",147713593,"Latin, Pop","bachata, bachata pop, reggaeton, trap latino, latin, urbano latino",Volví,2021-08-03,Rimas Entertainment LLC,2021-08-03,day,single
1mWdTewIgB3gtBM3TOSFhB,Butter,['BTS'],['3Nrfpe0tUJi4K4DXYWgMUX'],174399868,Pop,k-pop,"Butter (Hotter, Sweeter, Cooler)",2021-06-04,BIGHIT MUSIC,2021-06-04,day,single
2gQPv5jvVPqU2a9HhMNO1v,Toxic,['BoyWithUke'],['1Cd373x8qzC7SNUg5IToqp'],170430058,,,Toxic,2021-10-29,Republic Records,2021-10-29,day,single
6nkoWsFZeFt5dUdNmlIceh,Bloqueado - Ao Vivo,['Gusttavo Lima'],['7MiDcPa6UiV3In7lIM71IN'],45404370,"Country, Latin","sertanejo, sertanejo universitário, arrocha, agronejo, piseiro, forró",Buteco in Boston (Ao Vivo),2021-12-16,Sony Music Entertainment,2021-12-16,day,album
4RVwu0g32PAqgUiJoXsdF8,Happier Than Ever,['Billie Eilish'],['6qqNVTkY8uBg9cP3Jd7DAH'],404623485,,,Happier Than Ever,2021-07-30,Darkroom/Interscope Records,2021-07-30,day,album
4gvrJnKCKIPiacNsWVQwEU,love nwantiti (feat. Dj Yo! & AX'EL) - Remix,"['CKay', 'Dj Yo!', ""AX'EL""]","['048LktY5zMnakWq7PTtFrz', '7iTLGcddv1bOPirdYJjKVy', '5fUXK5m3BNwoRgTyKq8tnz']",87200510,"Traditional music, R&B, Pop","afrobeats, afrobeat, afropop, ",love nwantiti (feat. Dj Yo! & AX'EL) [Remix],2021-09-09,WM South Africa,2021-09-09,day,single
18asYwWugKjjsihZ0YvRxO,The Motto,"['Tiësto', 'Ava Max']","['2o5jDhtHVPhrJdv3cEQ99Z', '4npEfmQ6YuiwW1GpUmaq3F']",380407187,Electronic,"edm, trance, big room, house, dance, ",The Motto,2021-11-04,Atlantic Records,2021-11-04,day,single
2QjOHCTQ1Jl3zawyYOpxh6,Sweater Weather,['The Neighbourhood'],['77SW9BnxLY8rJ0RciFqkHh'],664517216,,,I Love You.,2013-04-22,Columbia,2013-04-22,day,album
4cG7HUWYHBV6R6tHn1gxrl,Friday (feat. Mufasa & Hypeman) - Dopamine Re-Edit,"['Riton', 'Nightcrawlers', 'Mufasa & Hypeman', 'Mufasa', 'Dopamine']","['7i9j813KFoSBMldGqlh2Z1', '1gALaWbNDnwS2ECV09sn2A', '4L2dV3zY7RmkeiNO035Fi0', '23rdR5gsZI5BqncTEKLtDU', '3Edve4VIATi0OZngclQlkN']",38440069,Electronic,"house, ",Friday (feat. Mufasa & Hypeman) [Dopamine Re-Edit],2021-01-15,Ministry of Sound Recordings,2021-01-15,day,single
3YvE7uo4ffseBoJPh8IhHp,Presepada,"['Marília Mendonça', 'Maiara & Maraisa']","['1yR65psqiazQpeM79CcGh8', '59jlthNnbmim5l9tmNA7se']",11502453,"Country, Latin","sertanejo, sertanejo universitário, arrocha, forró, piseiro",Festa das Patroas 35%,2021-10-14,Som Livre,2021-10-14,day,album
5wANPM4fQCJwkGd4rN57mH,drivers license,['Olivia Rodrigo'],['1McMsnEElThX1knmY4oliG'],391428895,,,SOUR,2021-05-21,Olivia Rodrigo PS,2021-05-21,day,album
3PfIrDoz19wz7qK7tYeu62,Don't Start Now,['Dua Lipa'],['6M2wZ9GZgrQXHCFfjv46we'],300561167,Pop,pop,Future Nostalgia,2020-03-27,Warner Records,2020-03-27,day,album
5CZ40GBx1sQ9agT82CLQCT,traitor,['Olivia Rodrigo'],['1McMsnEElThX1knmY4oliG'],432061552,,,SOUR,2021-05-21,Olivia Rodrigo PS,2021-05-21,day,album
0JdkDCdrhMOaeXjIZdeBXN,Ela me Falou Que Quer Rave,"['MC Levin', 'DJ Nikolas Alves Exclusive', 'DJ Kaioken', 'DJ Gege']","['0guw2RGoUqaWKpoCY5DzWY', '23buF7CmOZll8oQveAvsut', '1aQbanZ6xPrOtTYtsMdm3Q', '2BvV4u6AUwFCrAriUIo9Sm']",1869014,"Hip Hop, Pop, R&B","funk, brega funk, brazilian funk",Ela me Falou Que Quer Rave,2021-10-25,Ritmo dos Fluxos Records,2021-10-25,day,single
6UelLqGlWMcVH1E5c4H7lY,Watermelon Sugar,['Harry Styles'],['6KImCVD70vtIoJWnq6nGn3'],487511743,,,Fine Line,2019-12-13,Columbia,2019-12-13,day,album
0Be7sopyKMv8Y8npsUkax2,Tacones Rojos,['Sebastian Yatra'],['07YUOmWljBTXwIseAUd9TW'],33676558,"Pop, Latin","colombian pop, reggaeton, latin",Tacones Rojos,2021-10-22,UMLE - Latino,2021-10-22,day,single
6lX6l7OuA3qrnIRfdsr0dw,Medallo,"['Blessd', 'Justin Quiles', 'Lenny Tavárez']","['1TA5sGRlKUJXBN4ZyJuDIX', '14zUHaJZo1mnYtn6IBRaRP', '1pQWsZQehhS4wavwh7Fnxd']",185576177,"Hip Hop, Latin","reggaeton, urbano latino, trap latino, argentine trap",Hecho En Medellín,2021-10-27,WEA Latina,2021-10-27,day,album
5dXWFMwD7I7zXsInONVl0H,I Hate U,['SZA'],['7tYKF4w9nC0nq9CsPZTHyP'],81922715,R&B,r&b,I Hate U,2021-12-03,Top Dawg Entertainment/RCA Records,2021-12-03,day,single
4iJyoBOLtHqaGxP12qzhQI,Peaches (feat. Daniel Caesar & Giveon),"['Justin Bieber', 'Daniel Caesar', 'GIVĒON']","['1uNFoZAHBGtllmzznpCI3s', '20wkVLutqVOYrc0kxFs7rA', '4fxd5Ee7UefO4CUXgwJ7IP']",257572782,R&B,r&b,Justice,2021-03-19,RBMG/Def Jam,2021-03-19,day,album
1LPSkqVhWVRUkKE03YUkpB,Leave The Door Open,"['Bruno Mars', 'Anderson .Paak', 'Silk Sonic']","['0du5cEVh5yTK9QJze8zA0C', '3jK9MiCrA42lLAdMGUZpwa', '6PvvGcCY2XtUcSRld1Wilr']",71077263,,,An Evening With Silk Sonic,2021-11-11,Aftermath Entertainment/Atlantic,2021-11-11,day,album
6f5ExP43esnvdKPddwKXJH,Better Days (NEIKED x Mae Muller x Polo G),"['NEIKED', 'Mae Muller', 'Polo G']","['5H6xmHXjsq98NLbEjuE29f', '1BEUkE2CSUgHTLSBMZdnFB', '6AgTAQt8XS6jRWi4sX7w49']",116804154,,,Better Days (NEIKED x Mae Muller x Polo G),2021-09-24,Capitol Records UK / EMI,2021-09-24,day,single
2BEcap3xJtmiPaHKyfQi4e,Nostálgico,"['Rvssian', 'Rauw Alejandro', 'Chris Brown']","['1fctva4kpRbg2k3v7kwRuS', '1mcTU81TzQhprhouKaTkpq', '7bXgB6jMjp9ATFy66eO08Z']",100952440,"Latin, R&B","trap latino, reggaeton, urbano latino, latin, r&b",Nostálgico,2021-09-08,Sony Music Latin,2021-09-08,day,single
4kLLWz7srcuLKA7Et40PQR,I Gotta Feeling,['Black Eyed Peas'],['1yxSLGMDHlW21z4YXirZDS'],10386818,,,THE E.N.D. (THE ENERGY NEVER DIES) [Deluxe Version],2009-01-01,Interscope,2009-01-01,day,album
798ahLNEcoFER7Vywg1FMT,A La Antigüita,['Calibre 50'],['4jogXSSvlyMkODGSZ2wc2P'],2531233,Latin,"banda, corrido, norteño, música mexicana, sierreño, grupera",Vamos Bien,2021-02-05,"Andaluz Music, LLC (Catalog)",2021-02-05,day,album
4kGdnA7FzSVsXC29LPghej,Revoada No Colchão,"['Zé Felipe', 'Marcynho Sensação']","['7cmuxPnXRJxwuYDHfbD8Eu', '4dnPDc045bVjibyATxVUOs']",1125503,"Country, Latin","piseiro, sertanejo, arrocha, agronejo, forró, sertanejo universitário, brega",Revoada No Colchão,2021-09-17,Som Livre,2021-09-17,day,single
07MDkzWARZaLEdKxo6yArG,Meet Me At Our Spot,"['THE ANXIETY', 'WILLOW', 'Tyler Cole']","['64H8UqGLbJFHwKtGxiV8OP', '3rWZHrfrsPBxVy692yAIxF', '1xoxekeb8jUVHKJB7m6bfg']",95569593,,,THE ANXIETY,2020-03-13,"MSFTSMusic / Roc Nation Records, LLC",2020-03-13,day,album
0bI7K9Becu2dtXK1Q3cZNB,Don't Be Shy,"['Tiësto', 'KAROL G']","['2o5jDhtHVPhrJdv3cEQ99Z', '790FomKkXshlbRYZFtlgla']",113636783,"Electronic, Latin","edm, trance, big room, house, dance, reggaeton, latin, urbano latino",Don't Be Shy,2021-08-12,Atlantic Records,2021-08-12,day,single
0RiRZpuVRbi7oqRdSMwhQY,Sunflower - Spider-Man: Into the Spider-Verse,"['Post Malone', 'Swae Lee']","['246dkjvS1zLTtiykXe5h60', '1zNqQNIdeOUZHb8zbZRFMX']",328805888,,,Hollywood's Bleeding,2019-09-06,Republic Records,2019-09-06,day,album
5QDLhrAOJJdNAmCTJ8xMyW,Dynamite,['BTS'],['3Nrfpe0tUJi4K4DXYWgMUX'],288984365,Pop,k-pop,BE,2020-11-20,BIGHIT MUSIC,2020-11-20,day,album
3Kkjo3cT83cw09VJyrLNwX,Oh My God,['Adele'],['4dpARuHxo51G3z768sgnrY'],160472403,Pop,soft pop,30,2021-11-19,Columbia,2021-11-19,day,album
6f3Slt0GbA2bPZlz0aIFXN,The Business,['Tiësto'],['2o5jDhtHVPhrJdv3cEQ99Z'],60020345,Electronic,"edm, trance, big room, house, dance",The Business,2020-09-16,Atlantic Records,2020-09-16,day,single
3nOz1U41SZZ0N3fuUWr9nb,I AM WOMAN,['Emmy Meli'],['71szvmFWd7TUa7b6XmXj9k'],53897958,,,I AM WOMAN,2021-11-19,Disruptor Records/Arista Records,2021-11-19,day,single
2gpWyfu7eZ01zzncHpxOtA,Moth To A Flame (with The Weeknd),"['Swedish House Mafia', 'The Weeknd']","['1h6Cn3P4NGzXbaXidqURXs', '1Xyo4u8uXC1ZmMpatF05PJ']",131889786,Electronic,"edm, ",Moth To A Flame,2021-10-22,Republic Records,2021-10-22,day,single
4A8cWXxKfIL3lAyUDzXbCF,Super Gremlin,['Kodak Black'],['46SHBwWsqBkxI7EeeBEQG7'],53361297,,,Sniper Gang Presents Syko Bob & Snapkatt: Nightmare Babies,2021-10-30,Atlantic/Sniper Gang,2021-10-30,day,album
6mmPpaltUZK7xjNlBPQQ0p,Desesperados,"['Rauw Alejandro', 'Chencho Corleone']","['1mcTU81TzQhprhouKaTkpq', '37230BxxYs9ksS7OkZw3IU']",602733531,Latin,"reggaeton, urbano latino, trap latino, latin",VICE VERSA,2021-12-10,Sony Music Latin/Duars Entertainment,2021-12-10,day,album
0eu4C55hL6x29mmeAjytzC,Life Goes On,['Oliver Tree'],['6TLwD7HPWuiOzvXEa3oCNe'],48343821,,,"Ugly is Beautiful: Shorter, Thicker & Uglier (Deluxe)",2021-05-28,Atlantic Records,2021-05-28,day,album
003vvx7Niy0yvhvHt4a68B,Mr. Brightside,['The Killers'],['0C0XlULifJtAgn6ZNCW2eu'],248851820,Rock,alternative rock,Hot Fuss,2004-00-00,Island Records,2004,year,album
6P096SaOzrgGxs8NWOfX7M,Salimo de Noche,"['Tiago PZK', 'Trueno']","['5Y3MV9DZ0d87NnVm56qSY1', '2x7PC78TmgqpEIjaGAZ0Oz']",52039271,"Hip Hop, Latin","argentine trap, urbano latino",Salimo de Noche,2021-10-21,WM Chile,2021-10-21,day,single
1kjs5eR4DMzyB0gm1Z8waV,DANCE CRIP,['Trueno'],['2x7PC78TmgqpEIjaGAZ0Oz'],21517381,Hip Hop,argentine trap,DANCE CRIP,2021-11-17,©️ Ⓟ 2022 Sur Capital Records (por Tierra Agencia),2021-11-17,day,single
4HzqWEdAbzcVFDv0pvxV4w,Sobrio,['Maluma'],['1r4hJ1h58CWwUQe3MxPuau'],63221651,Latin,"reggaeton, latin, urbano latino",Sobrio,2021-07-08,Sony Music Latin,2021-07-08,day,single
0lJE8f0lx8mUSfMyxeYpiC,Bar,"['TINI', 'L-Gante']","['7vXDAI8JwjW531ouMGbfcp', '4YYxffPVDFe9XoqqbRW6Bq']",13446916,"Pop, Latin","latin pop, rkt, turreo",Bar,2021-11-11,Sony Music Latin,2021-11-11,day,single
3ITkrUvAA6gzxer2UIom3P,Molhando o Volante,['Jorge & Mateus'],['1elUiq4X7pxej6FRlrEzjM'],23324665,"Country, Latin","sertanejo, sertanejo universitário, arrocha, agronejo",Molhando o Volante,2021-12-10,Som Livre,2021-12-10,day,single
4jPy3l0RUwlUI9T5XHBW2m,Mood (feat. iann dior),"['24kGoldn', 'iann dior']","['6fWVd57NKTalqvmjRd2t8Z', '6ASri4ePR7RlsvIQgWPJpS']",105603546,Hip Hop,melodic rap,El Dorado,2021-03-26,Records/Columbia,2021-03-26,day,album
2kJRlOyrxsy7Ot3c5TZ8Q6,Meu Pedaço de Pecado,['João Gomes'],['4JNo6Q5KdcRf1vtSX9mB0S'],999268,"Country, Latin","piseiro, forró, sertanejo, arrocha, brega",Eu Tenho a Senha,2021-06-01,Sua Música,2021-06-01,day,album
6HIIuuUIEzH1meVdGbMXyf,Ya Supérame (En Vivo),['Grupo Firme'],['1dKdetem2xEmjgvyymzytS'],994346,Latin,"banda, corrido, norteño, sierreño, grupera, música mexicana, corridos bélicos, corridos tumbados",Ya Supérame (En Vivo),2021-08-13,Music VIP Entertainment Inc,2021-08-13,day,single
5QO79kh1waicV47BqGRL3g,Save Your Tears,['The Weeknd'],['1Xyo4u8uXC1ZmMpatF05PJ'],458989348,,,After Hours,2020-03-20,Republic Records,2020-03-20,day,album
09gysnJpfQ3ublBmJDfcEC,SAD GIRLZ LUV MONEY Remix (feat. Kali Uchis and Moliy),"['Amaarae', 'Kali Uchis', 'MOLIY']","['21UPYSRWFKwtqvSAnFnSvS', '1U1el3k54VvEUzo3ybLPlM', '2hVWBpjLW4Q7fboYz2pVYK']",54002085,R&B,"alté, afrobeats",SAD GIRLZ LUV MONEY Remix (feat. Kali Uchis and Moliy),2021-09-16,0207 Def Jam,2021-09-16,day,single
6D2TCm4nf5nxAcdGJ7w3QP,Qué Más Pues?,"['J Balvin', 'Maria Becerra']","['1vyhD5VmyZ7KMfW5gqLgo5', '1DxLCyH42yaHKGK3cl5bvG']",26827356,"Hip Hop, Latin","reggaeton, latin, argentine trap",JOSE,2021-09-10,"Sueños Globales, LLC",2021-09-10,day,album
0G2zPzWqVjR68iNPmx2TBe,Volando - Remix,"['Mora', 'Bad Bunny', 'Sech']","['0Q8NcsJwoCbZOHHW63su5S', '4q3ewBCX7sLwd24euuV69X', '77ziqFxp5gaInVrF2lj4ht']",116488669,Latin,"urbano latino, reggaeton, trap latino, latin",Volando (Remix),2021-07-08,Rimas Entertainment LLC,2021-07-08,day,single
7ARoqP7G8UYW8SyYPyPp7k,NO CHÃO NOVINHA,"['Anitta', 'PEDRO SAMPAIO']","['7FNnA9vBm6EKceENgCGRMb', '5wbf52LA6kcaboHSN6NEF1']",972451,"Hip Hop, Pop, R&B, Latin","brazilian pop, funk pop, funk carioca, funk, pagode baiano, brazilian funk, brega funk",NO CHÃO NOVINHA,2021-12-09,WM Brazil,2021-12-09,day,single
760jhRscwGbIIe1m1IIQpU,Surface Pressure,['Jessica Darrow'],['4vdAAzZBUKbsrvHi6UR7B7'],43192967,,,Encanto (Original Motion Picture Soundtrack),2021-11-19,Walt Disney Records,2021-11-19,day,album
053zWWZDziDJd3U94x8RuP,Todo Mundo Menos Você,"['Marília Mendonça', 'Maiara & Maraisa']","['1yR65psqiazQpeM79CcGh8', '59jlthNnbmim5l9tmNA7se']",1609595,"Country, Latin","sertanejo, sertanejo universitário, arrocha, forró, piseiro",Festa das Patroas 35%,2021-10-14,Som Livre,2021-10-14,day,album
0k4d5YPDr1r7FX77VdqWez,You Right,"['Doja Cat', 'The Weeknd']","['5cj0lLjcoR7YOSnhnX0Po5', '1Xyo4u8uXC1ZmMpatF05PJ']",164131766,,,Planet Her,2021-06-25,Kemosabe Records/RCA Records,2021-06-25,day,album
7pvrsbBKUQI2QmA74WCJa5,Ela e Ela,['Zé Neto & Cristiano'],['487N2T9nIPEHrlTZLL3SQs'],939782,"Country, Latin","sertanejo, sertanejo universitário, arrocha, agronejo",Chaaama,2021-10-07,Som Livre,2021-10-07,day,album
0cOa970mzTWAxKtltpkpLc,Miénteme,"['TINI', 'Maria Becerra']","['7vXDAI8JwjW531ouMGbfcp', '1DxLCyH42yaHKGK3cl5bvG']",10952489,"Hip Hop, Pop","latin pop, argentine trap",Miénteme,2021-04-29,Sony Music Latin,2021-04-29,day,single
37y7iDayfwm3WXn5BiAoRk,Dark Red,['Steve Lacy'],['57vWImR43h4CaDao012Ofp'],293705407,,,Dark Red,2017-02-20,Three Quarter,2017-02-20,day,single
6qdJZIjxrPaJjaGqlXFLSs,Nota de Repúdio - Ao Vivo,['Gusttavo Lima'],['7MiDcPa6UiV3In7lIM71IN'],932688,"Country, Latin","sertanejo, sertanejo universitário, arrocha, agronejo, piseiro, forró",Buteco in Boston (Ao Vivo),2021-12-16,Sony Music Entertainment,2021-12-16,day,album
0b18g3G5spr4ZCkz7Y6Q0Q,Rasputin,"['Majestic', 'Boney M.']","['6QMABvTzixnxzsLYyhqRxI', '54R6Y0I7jGUCveDTtI21nb']",932417,R&B,disco,Rasputin,2021-02-26,NITRON music,2021-02-26,day,single
0pqnGHJpmpxLKifKRmU6WP,Believer,['Imagine Dragons'],['53XhwfbYqKCa1cC15pYq2q'],391276277,,,Evolve,2017-06-23,Kid Ina Korner / Interscope,2017-06-23,day,album
2KnLkZ3z7PO3kgVGHGqDpD,It'll Be Okay,['Shawn Mendes'],['7n2wHs1TKAczGzO7Dd2rGr'],68377547,Pop,pop,It'll Be Okay,2021-12-01,Shawn Mendes LP4-5 PS/ Island,2021-12-01,day,single
05bfbizlM5AX6Mf1RRyMho,AM Remix,"['Nio Garcia', 'J Balvin', 'Bad Bunny']","['5hdhHgpxyniooUiQVaPxQ0', '1vyhD5VmyZ7KMfW5gqLgo5', '4q3ewBCX7sLwd24euuV69X']",49394530,Latin,"reggaeton, trap latino, latin, urbano latino",AM Remix,2021-06-24,Flow La Movie,2021-06-24,day,single
2jwrYBGz7osKI31v50bS7b,Putariazinha,['Felipe Amorim'],['3CIIaeZuFYrAD6PRVyuO4U'],911990,"Country, Latin","piseiro, forró, arrocha, sertanejo, agronejo, brega",Putariazinha,2021-09-03,OnePlay,2021-09-03,day,single
6dmXZ9B5HdFAyzHeTneYBK,LA FAMA (with The Weeknd),"['ROSALÍA', 'The Weeknd']","['7ltDVBr6mKbRvohxheJ9h1', '1Xyo4u8uXC1ZmMpatF05PJ']",41061779,Latin,"latin, ",LA FAMA (with The Weeknd),2021-11-11,Columbia,2021-11-11,day,single
6Dy1jexKYriXAVG6evyUTJ,OUT OUT (feat. Charli XCX & Saweetie),"['Joel Corry', 'Jax Jones', 'Charli xcx', 'Saweetie']","['6DgP9otnZw5z6daOntINxp', '4Q6nIcaBED8qUel8bBx6Cr', '25uiPmTg16RbhZWAqwLBy5', '6cK3NBO6uP7hh0oyuVELFl']",21569022,Pop,"dance pop, hyperpop, art pop, ",OUT OUT (feat. Charli XCX & Saweetie),2021-08-13,Atlantic Records UK,2021-08-13,day,single
2N8m6CYs74qQO4mjVcXO30,Dance Monkey,['Tones And I'],['2NjfBq1NflQcKSeiDooVjY'],126652856,,,Welcome To The Madhouse (Deluxe),2021-07-16,Elektra (NEK),2021-07-16,day,album
3p6eieHX6oEOzJStPtEsLu,Si Te Pudiera Mentir,Calibre 50,4jogXSSvlyMkODGSZ2wc2P,904848,Latin,"banda, corrido, norteño, música mexicana, sierreño, grupera",Simplemente Gracias,2019-08-16,"Andaluz Music, LLC (Catalog)",2019-08-16,day,album
6HU7h9RYOaPRFeh0R3UeAr,deja vu,['Olivia Rodrigo'],['1McMsnEElThX1knmY4oliG'],336304279,,,SOUR,2021-05-21,Olivia Rodrigo PS,2021-05-21,day,album
4u7EnebtmKWzUH433cf5Qv,Bohemian Rhapsody - Remastered 2011,['Queen'],['1dfeR4HaWDbWqFHLkxsg1d'],244652734,Rock,"classic rock, rock, glam rock",A Night At The Opera (2011 Remaster),1975-11-21,EMI,1975-11-21,day,album
2BcMwX1MPV6ZHP4tUT9uq6,Knife Talk (with 21 Savage ft. Project Pat),"['Drake', '21 Savage', 'Project Pat']","['3TVXtAsR1Inumwj472S9r4', '1URnnhqYAYcrqrcwql10ft', '08Ld63UgKrJ0nZnCkzHtzc']",118529227,Hip Hop,"rap, hip hop, memphis rap, southern hip hop, crunk, gangster rap",Certified Lover Boy,2021-09-03,OVO,2021-09-03,day,album
1bWBG6IkMnDr3qvCKSvQT7,Baby Me Atende - Ao Vivo,"['Matheus Fernandes', 'Dilsinho']","['37mqXU98U5GmH5ZDtlHM1c', '4NUePmzDvCYqilXBFa91Hg']",887992,"Country, Latin","piseiro, sertanejo, pagode, forró, arrocha, sertanejo universitário, samba","Na Praia, Pt. 1 (Ao Vivo)",2021-07-09,Som Livre,2021-07-09,day,album
14JKzKrJbPDflw8XyATMey,A Maior Saudade - Ao Vivo,['Henrique & Juliano'],['3p7PcrEHaaKLJnPUGOtRlT'],883386,"Country, Latin","sertanejo, sertanejo universitário, arrocha, agronejo",Manifesto Musical (Ao Vivo / Vol. 1),2021-12-10,Virgin Music Label And Artist Services (S&D),2021-12-10,day,album
0W6I02J9xcqK8MtSeosEXb,Get Into It (Yuh),['Doja Cat'],['5cj0lLjcoR7YOSnhnX0Po5'],96352338,,,Planet Her,2021-06-25,Kemosabe Records/RCA Records,2021-06-25,day,album
7qEHsqek33rTcFNT9PFqLf,Someone You Loved,['Lewis Capaldi'],['4GNC7GD6oZMSxPGyXy4MNB'],376004074,Pop,soft pop,Divinely Uninspired To A Hellish Extent,2019-05-17,Vertigo Berlin,2019-05-17,day,album
1FlL8ycld6uVDDyhV7P5FA,Cúrame,['Rauw Alejandro'],['1mcTU81TzQhprhouKaTkpq'],33125968,Latin,"reggaeton, urbano latino, trap latino, latin",VICE VERSA,2021-12-10,Sony Music Latin/Duars Entertainment,2021-12-10,day,album
22skzmqfdWrjJylampe0kt,Can't Hold Us (feat. Ray Dalton),"['Macklemore', 'Ryan Lewis', 'Macklemore & Ryan Lewis', 'Ray Dalton']","['3JhNCzhSMTxs9WLGJJxWOY', '5mZJerulcERBZV7xnhrVp1', '5BcAKTbp20cv7tC5VqPFoC', '4e0nWw2r4BoQSKPQ2zpU13']",200668853,,,The Heist,2012-10-09,Macklemore,2012-10-09,day,album
7qiZfU4dY1lWllzX7mPBI3,Shape of You,['Ed Sheeran'],['6eUKZXaKkcviH0Ku9w2n3V'],241746936,Pop,soft pop,÷ (Deluxe),2017-03-03,Atlantic Records UK,2017-03-03,day,album
29TPjc8wxfz4XMn21O7VsZ,Sky,['Playboi Carti'],['699OTQXzgjhIYAHMy9RyPD'],36323493,Hip Hop,rage rap,Whole Lotta Red,2020-12-25,AWGE/Interscope Records,2020-12-25,day,album
2eAvDnpXP5W0cVtiI0PUxV,Dandelions,['Ruth B.'],['2WzaAvm2bBCf4pEhyuDgCY'],545914437,,,Safe Haven,2017-05-05,Columbia,2017-05-05,day,album
21jGcNKet2qwijlDFuPiPb,Circles,['Post Malone'],['246dkjvS1zLTtiykXe5h60'],249621055,,,Hollywood's Bleeding,2019-09-06,Republic Records,2019-09-06,day,album
5T8EDUDqKcs6OSOwEsfqG7,Don't Stop Me Now - Remastered 2011,['Queen'],['1dfeR4HaWDbWqFHLkxsg1d'],3653015,Rock,"classic rock, rock, glam rock",Jazz (2011 Remaster),1978-11-10,EMI,1978-11-10,day,album
50gPsfGHy5OnPauA9455DM,Rolê,"['Tarcísio do Acordeon', 'Marcynho Sensação']","['48HORs6F9P7IgdyKrk4MZC', '4dnPDc045bVjibyATxVUOs']",841045,"Country, Latin","piseiro, forró, arrocha, sertanejo, seresta, brega",Rolê,2021-07-23,Sua Música,2021-07-23,day,single
3JCaq3KDSROg3TXhdiDa9n,Ley Seca,"['JHAYCO', 'Anuel AA']","['6nVcHLIgY5pE2YCl8ubca1', '2R21vXR83lH98kGeO99Y66']",50413782,Latin,"reggaeton, trap latino, urbano latino, latin",Timelezz,2021-09-03,N&E Entertainment LLC,2021-09-03,day,album
0k1WUmIRnG3xU6fvvDVfRG,Way 2 Sexy (with Future & Young Thug),"['Drake', 'Future', 'Young Thug']","['3TVXtAsR1Inumwj472S9r4', '1RyvyyTE3xzB2ZywiAwp0i', '50co4Is1HCEo8bhOyUWKpn']",32635786,Hip Hop,"rap, hip hop, melodic rap, trap",Certified Lover Boy,2021-09-03,OVO,2021-09-03,day,album
41wtwzCZkXwpnakmwJ239F,Si Veo a Tu Mamá,['Bad Bunny'],['4q3ewBCX7sLwd24euuV69X'],2427769,Latin,"reggaeton, trap latino, latin, urbano latino",YHLQMDLG,2020-02-29,Rimas Entertainment LLC,2020-02-29,day,album
4hJhHbkhZFnxmWbAkZRoe0,Peru,"['Fireboy DML', 'Ed Sheeran']","['75VKfyoBlkmrJFDqo1o2VY', '6eUKZXaKkcviH0Ku9w2n3V']",40807418,"R&B, Traditional music, Pop","afrobeats, afrobeat, afropop, afropiano, afroswing, afro soul, soft pop",Peru,2021-12-24,Universal-Island Records Ltd.,2021-12-24,day,single
0ofHAoxe9vBkTCp2UQIavz,Dreams - 2004 Remaster,['Fleetwood Mac'],['08GQAI4eElDnROBrJRGE0X'],5599623,Rock,"classic rock, soft rock",Rumours (Super Deluxe),1977-02-04,Rhino/Warner Records,1977-02-04,day,album
0nrRP2bk19rLc0orkWPQk2,Wake Me Up,['Avicii'],['1vCWHaC5f2uS3yhpwWbIA6'],147946101,Electronic,edm,True,2013-01-01,Universal Music AB,2013-01-01,day,album
5ChkMS8OtdzJeqyybCc9R5,Billie Jean,['Michael Jackson'],['3fMbdgg4jU18AjLCKBhRSm'],804831,,,Thriller 25 Super Deluxe Edition,2008-02-08,Epic/Legacy,2008-02-08,day,album
7E9GeFGfjXw9LAI4ay6rsw,El Tóxico,"Grupo Firme, Carin Leon","1dKdetem2xEmjgvyymzytS, 66ihevNkSYNzRAl44dx6jJ",804765,Latin,"banda, corrido, norteño, sierreño, grupera, música mexicana, corridos bélicos, corridos tumbados, ranchera, sad sierreño",El Tóxico,2020-10-27,Music VIP Entertainment Inc,2020-10-27,day,single
6E90gq0KO6FYZVOXx8kCcC,Astronaut In The Ocean,['Masked Wolf'],['1uU7g3DNSbsu0QjSEqZtEd'],30525239,,,Astronomical,2021-09-10,Elektra (NEK),2021-09-10,day,album
7EkWXAI1wn8Ii883ecd9xr,Freaks,['Surf Curse'],['1gl0S9pS0Zw0qfa14rDD3D'],142916706,Rock,indie,Freaks,2021-05-15,Surf Curse,2021-05-15,day,single
0zLCBJZSiELJf02ucPP9wb,Roses - Imanbek Remix,"['SAINt JHN', 'Imanbek']","['0H39MdGGX6dbnnQPt6NQkZ', '5rGrDvrLOV2VV8SCFVGWlj']",794705,Electronic,slap house,While The World Was Burning,2020-11-20,HITCO,2020-11-20,day,album
4XvcHTUfIlWfyJTRG0aqlo,2055,['Sleepy Hallow'],['6EPlBSH2RSiettczlz7ihV'],46158407,Hip Hop,"brooklyn drill, new york drill",Still Sleep?,2021-06-02,Winners Circle/RCA Records,2021-06-02,day,album
1tYJnXtKLoWVIL4lZOouQG,Cê Tá Preparada - Ao Vivo,"Tayrone, Marília Mendonça","2T1se5h5FRkw7ZfR7yxdlm, 1yR65psqiazQpeM79CcGh8",793078,"Country, Latin","arrocha, seresta, brega, sertanejo, forró, piseiro, sertanejo universitário",Cê Tá Preparada (Ao Vivo),2021-07-16,Universal Music Ltda.,2021-07-16,day,single
0u2P5u6lvoDfwTYjAADbn4,lovely (with Khalid),"['Billie Eilish', 'Khalid']","['6qqNVTkY8uBg9cP3Jd7DAH', '6LuN9FCkKOj5PcnpouEgny']",408050312,,,lovely (with Khalid),2018-04-19,Darkroom,2018-04-19,day,single
5g7sDjBhZ4I3gcFIpkrLuI,Locked out of Heaven,['Bruno Mars'],['0du5cEVh5yTK9QJze8zA0C'],261518622,,,Unorthodox Jukebox,2012-12-05,Atlantic Records,2012-12-05,day,album
4pt5fDVTg5GhEvEtlz9dKk,I WANNA BE YOUR SLAVE,['Måneskin'],['0lAWpj5szCSwM4rUMHYmrr'],42077804,,,Teatro d'ira - Vol. I,2021-03-19,RCA Records Label,2021-03-19,day,album
2MnLkFqY9Rpg9s3Zv6ZJdK,Botella Tras Botella,"['Gera MX', 'Christian Nodal']","['2hejA1Dkf8v8R0koF44FvW', '0XwVARXT135rw8lyw1EeWP']",786830,"Latin, Hip Hop","mexican hip hop, latin hip hop, banda, ranchera, mariachi, norteño, música mexicana, grupera",Botella Tras Botella,2021-04-23,Virgin Music México,2021-04-23,day,single
6IAZHEBUIGJ6NJKxxOBIEr,Rolling in the Deep,['Adele'],['4dpARuHxo51G3z768sgnrY'],64893513,Pop,soft pop,21,2011-01-19,XL Recordings,2011-01-19,day,album
0yL7K9MzC20uBesZTPY81r,Pandora,"['DJ Matt D', 'Menor MC', 'MC GP', 'Vulgo FK']","['1rIc4yTieeRq25NA3T8RQ5', '78Y1NpgD0yMKoBetaYlUzS', '5s27i7oqhNWIcE4HeoVdq0', '27azwwkxutWL1BWMkgNIh0']",31141094,"Hip Hop, R&B, Latin, Electronic","funk consciente, funk, brazilian trap, trap funk, trap, brazilian hip hop",Pandora,2021-11-26,GREE CASSUA,2021-11-26,day,single
0tgVpDi06FyKpA1z0VMD4v,Perfect,['Ed Sheeran'],['6eUKZXaKkcviH0Ku9w2n3V'],325345856,Pop,soft pop,÷ (Deluxe),2017-03-03,Atlantic Records UK,2017-03-03,day,album
3eJH2nAjvNXdmPfBkALiPZ,Acapulco,['Jason Derulo'],['07YZf4WDAMNwqr4jfgOZ8y'],38515960,,,Acapulco,2021-09-03,Atlantic Records,2021-09-03,day,single
1q0PYXTbDsirp2l74ng6pn,In Da Getto,"['J Balvin', 'Skrillex']","['1vyhD5VmyZ7KMfW5gqLgo5', '5he5w2lnU9x7JFhnwcekXX']",780674,"Electronic, Hip Hop, Latin","reggaeton, latin, dubstep, edm, electro, electronic",JOSE,2021-09-10,"Sueños Globales, LLC",2021-09-10,day,album
7lQ8MOhq6IN2w8EYcFNSUk,Without Me,['Eminem'],['7dGJo4pcD2V6oG8kP0tJRR'],434406070,Hip Hop,"rap, hip hop",The Eminem Show,2002-05-26,Aftermath,2002-05-26,day,album
0DsPj89zlY3Us7xb5cXK5h,"Trava na Pose, Chama no Zoom, Dá um Close (feat. Mc Rennan)","['DJ Patrick Muniz', 'Dj Olliver', 'Mc Topre', 'Mc Rennan']","['2MUXvv3lFulPYMUCtNrEBu', '6akRUh5g0XiVQaZj6U23fd', '6bmZfABIjvLMAMYwujdjFy', '6ZiGAU6TJQEyidFQ22eIOS']",775319,"Hip Hop, R&B","funk, brazilian funk, funk carioca","Trava na Pose, Chama no Zoom, Dá um Close (feat. Mc Rennan)",2021-09-28,Tratto Entretenimentos,2021-09-28,day,single
4bHsxqR3GMrXTxEPLuK5ue,Don't Stop Believin',['Journey'],['0rvjqX7ttXeg3mTy8Xscbt'],6018322,Rock,"album rock, classic rock",Escape (Bonus Track Version),1981-00-00,Columbia,1981,year,album
2WfaOiMkCvy7F5fcp2zZ8L,Take on Me,['a-ha'],['2jzc5TC5TVFLXQlBNiIUzE'],3785027,"Rock, Pop","new wave, synthpop",Hunting High and Low,1985-06-01,Rhino,1985-06-01,day,album
0ct6r3EGTcMLPtrXHDvVjc,The Nights,['Avicii'],['1vCWHaC5f2uS3yhpwWbIA6'],162596463,Electronic,edm,The Days / Nights,2014-01-01,Universal Music AB,2014-01-01,day,album
3E7dfMvvCLUddWissuqMwr,Party In The U.S.A.,['Miley Cyrus'],['5YGY8feqx7naU7z4HrwZM6'],4151283,,,The Time Of Our Lives (International Version),2009-01-01,Hollywood Records,2009-01-01,day,album
7jtQIBanIiJOMS6RyCx6jZ,Another Love,['Tom Odell'],['2txHhyCwHjUEpJjWrEyqyX'],684593997,,,Long Way Down,2013-06-17,ITNO/Columbia,2013-06-17,day,album
48QmG1dfvMuYLxMPt7KSRA,No Lie,"['Sean Paul', 'Dua Lipa']","['3Isy6kedDrgPYoTS1dazA9', '6M2wZ9GZgrQXHCFfjv46we']",101532400,"Traditional music, Pop","dancehall, pop",Mad Love The Prequel,2018-06-29,Universal-Island Records Ltd.,2018-06-29,day,album
0So2sgVa8aJiARPl2P29u2,Pope Is a Rockstar,['SALES'],['6vVztIuqdDHvYWxOEXCzjN'],9906612,Pop,bedroom pop,SALES LP,2016-04-20,SALES,2016-04-20,day,album
18vXApRmJSgQ6wG2ll9AOg,RAPSTAR,['Polo G'],['6AgTAQt8XS6jRWi4sX7w49'],31496700,,,Hall of Fame,2021-06-11,Columbia,2021-06-11,day,album
2rCbl9naJYhaxjLsfx88uM,Pareja Del Año,"['Sebastian Yatra', 'Myke Towers']","['07YUOmWljBTXwIseAUd9TW', '7iK8PXO48WeuP03g8YR51W']",6062265,"Pop, Latin","colombian pop, reggaeton, latin, trap latino, urbano latino",Pareja Del Año,2021-04-16,UMLE - Latino,2021-04-16,day,single
0gucTLf7trAf37Ua1uAyAu,Smells Like Teen Spirit - Remastered,['Nirvana'],['6olE6TJLqED3rqDCT0FyPh'],271386996,Rock,"grunge, rock",Nevermind (30th Anniversary Super Deluxe),1991-09-24,Geffen,1991-09-24,day,album
1wdhj1r7aeWVDUl9d18YKu,Expectativa x Realidade,['Matheus & Kauan'],['2Z0lRIqr997lIUiPtrpKCr'],739658,"Country, Latin","sertanejo, sertanejo universitário, arrocha, agronejo",Expectativa x Realidade,2021-07-02,Universal Music Ltda.,2021-07-02,day,single
285pBltuF7vW8TeWk8hdRR,Lucid Dreams,['Juice WRLD'],['4MCBfE4596Uoi2O4DtmEMz'],83771540,Hip Hop,"melodic rap, emo rap",Goodbye & Good Riddance,2018-12-10,Juice WRLD Mixtape / ISR P&D,2018-12-10,day,album
1JSTJqkT5qHq8MDJnJbRE1,Every Breath You Take,['The Police'],['5NGO30tJxFlKixkPSgXcFE'],179848908,,,Synchronicity (Remastered 2003),1983-06-17,Polydor Records,1983-06-17,day,album
2ixi9HWJw5lnLDmRMsiCS5,Você Beberia Ou Não Beberia?,['Zé Neto & Cristiano'],['487N2T9nIPEHrlTZLL3SQs'],736768,"Country, Latin","sertanejo, sertanejo universitário, arrocha, agronejo",Chaaama,2021-10-07,Som Livre,2021-10-07,day,album
3vkQ5DAB1qQMYO4Mr9zJN6,Gimme! Gimme! Gimme! (A Man After Midnight),['ABBA'],['0LcJLqbBmaGUft1e9Mm8HV'],2776822,,,Voulez-Vous,1979-00-00,Polar Music International AB,1979,year,album
7n2FZQsaLb7ZRfRPfEeIvr,ELEVEN,['IVE'],['6RHTUrRF63xao58xh9FXYJ'],27084557,Pop,k-pop,ELEVEN,2021-12-01,STARSHIP Entertainment,2021-12-01,day,single
5vdp5UmvTsnMEMESIF2Ym7,Another One Bites The Dust - Remastered 2011,['Queen'],['1dfeR4HaWDbWqFHLkxsg1d'],733886,Rock,"classic rock, rock, glam rock",The Game (2011 Remaster),1980-06-27,EMI,1980-06-27,day,album
3AJwUDP919kvQ9QcozQPxg,Yellow,['Coldplay'],['4gzpq5DPGxSnKTe4SA8HAU'],412011287,,,Parachutes,2000-07-10,Parlophone UK,2000-07-10,day,album
2USlegnFJLrVLpoVfPimKB,Thunder,"['Gabry Ponte', 'LUM!X', 'Prezioso']","['5ENS85nZShljwNgg4wFD7D', '0TKFPt9w0AAEnhB9bd0pLy', '3iMzbvXlgNUpoFccD60bvr']",72345997,"Pop, Electronic","slap house, italo dance, melbourne bounce",Thunder,2021-05-07,Spinnin' Records,2021-05-07,day,single
6OufwUcCqo81guU2jAlDVP,Love Tonight (Edit),['Shouse'],['2TcGJdSOiOvITBzhvfX8XB'],729032,,,Love Tonight,2017-12-14,Hell Beach,2017-12-14,day,single
35mvY5S1H3J2QZyna3TFe0,positions,['Ariana Grande'],['66CXWjxzNUsdJxJ2JdwvnR'],95590221,Pop,pop,Positions,2020-10-30,Republic Records,2020-10-30,day,album
0WSEq9Ko4kFPt8yo3ICd6T,Praise God,['Kanye West'],['5K4W6rqBFWDnAN6FQUkS6x'],44945806,Hip Hop,rap,Donda,2021-08-29,Rock The World/IDJ/Kanye LP7,2021-08-29,day,album
2R9IrE42Mw4zdUXAEFNiZL,Senta Danada,"['Zé Felipe', 'Os Barões Da Pisadinha']","['7cmuxPnXRJxwuYDHfbD8Eu', '5Lv2GUVwqmQBPwrTrxucE5']",725696,"Country, Latin","piseiro, sertanejo, arrocha, agronejo, forró, sertanejo universitário, brega, tecnobrega",Senta Danada,2021-07-16,Som Livre,2021-07-16,day,single
2a1o6ZejUi8U3wzzOtCOYw,Danza Kuduro,"['Don Omar', 'Lucenzo']","['33ScadVnbm2X8kkUqOkC6Z', '5bv5RplEOwdCvhq0EILh9E']",4602379,Latin,"reggaeton, urbano latino",Meet The Orphans,2010-01-01,UMLE - Machete,2010-01-01,day,album
39LLxExYz6ewLAcYrzQQyP,Levitating,['Dua Lipa'],['6M2wZ9GZgrQXHCFfjv46we'],37039964,Pop,pop,Future Nostalgia,2020-03-27,Warner Records,2020-03-27,day,album
3yfqSUWxFvZELEM4PmlwIR,The Real Slim Shady,['Eminem'],['7dGJo4pcD2V6oG8kP0tJRR'],380144508,Hip Hop,"rap, hip hop",The Marshall Mathers LP,2000-05-23,Interscope,2000-05-23,day,album
0GjEhVFGZW8afUYGChu3Rr,Dancing Queen,['ABBA'],['0LcJLqbBmaGUft1e9Mm8HV'],2289798,,,Arrival,1976-00-00,Polar Music International AB,1976,year,album
2tUBqZG2AbRi7Q0BIrVrEj,I Wanna Dance with Somebody (Who Loves Me),['Whitney Houston'],['6XpaIBNiVzIetEPCWDvAFP'],2865966,,,Whitney,1987-06-02,Arista/Legacy,1987-06-02,day,album
4OwhwvKESFtuu06dTgct7i,Tiroteo - Remix,"['Marc Seguí', 'Rauw Alejandro', 'Pol Granch']","['5FQ8tBUtIamA2hRtatrYUF', '1mcTU81TzQhprhouKaTkpq', '1aMt4A5jrQHxDYyC7rXgV0']",4282366,Latin,"reggaeton, urbano latino, trap latino, latin, ",Tiroteo (Remix),2021-04-01,WEA Latina,2021-04-01,day,single
1qE8DOtw7zdXHMgZm20eLM,The Feels,['TWICE'],['7n2Ycct7Beij7Dj7meI4X0'],19303907,Pop,k-pop,Formula of Love: O+T=<3,2021-11-12,WM Japan,2021-11-12,day,album
2tpWsVSb9UEmDRxAl1zhX1,Counting Stars,['OneRepublic'],['5Pwc4xIPtQLFEnJriah9YJ'],304916560,Pop,soft pop,Native,2013-01-01,Mosley / Interscope,2013-01-01,day,album
2VxeLyX666F8uXCJ0dZF8B,Shallow,"['Lady Gaga', 'Bradley Cooper']","['1HY2Jd0NmPuamShAr6KMms', '4VIvfOurcf0vuLRxLkGnIG']",56076137,Pop,"art pop, pop, ",A Star Is Born Soundtrack,2018-10-05,A Star is Born OST,2018-10-05,day,album
4xqrdfXkTW4T0RauPLv3WA,Heather,['Conan Gray'],['4Uc8Dsxct0oMqx0P6i60ea'],311759341,,,Kid Krow,2020-03-20,Republic Records,2020-03-20,day,album
5BE9B2FiFWBbBdoIQ1m1UP,Cada Quien,"['Grupo Firme', 'Maluma']","['1dKdetem2xEmjgvyymzytS', '1r4hJ1h58CWwUQe3MxPuau']",708552,Latin,"banda, corrido, norteño, sierreño, grupera, música mexicana, corridos bélicos, corridos tumbados, reggaeton, latin, urbano latino",Cada Quien,2021-12-08,Music VIP Entertainment Inc,2021-12-08,day,single
6cx06DFPPHchuUAcTxznu9,Head & Heart (feat. MNEK),"['Joel Corry', 'MNEK']","['6DgP9otnZw5z6daOntINxp', '7uMh23xWiuR7zsNkuNcm2G']",707172,Pop,"dance pop, ",Head & Heart (feat. MNEK),2020-07-03,Atlantic Records UK,2020-07-03,day,single
5E30LdtzQTGqRvNd7l6kG5,Daddy Issues,['The Neighbourhood'],['77SW9BnxLY8rJ0RciFqkHh'],224438675,,,Wiped Out!,2015-10-30,Columbia,2015-10-30,day,album
62vpWI1CHwFy7tMIcSStl8,No Role Modelz,['J. Cole'],['6l3HvQ5sa6mXTsMTB19rO5'],2216602,Hip Hop,rap,2014 Forest Hills Drive,2014-12-09,Roc Nation/Columbia,2014-12-09,day,album
3QFInJAm9eyaho5vBzxInN,family ties (with Kendrick Lamar),"['Baby Keem', 'Kendrick Lamar']","['5SXuuuRpukkTvsLuUknva1', '2YZyLoL8N0Wb9xBt1NhZWg']",44572393,Hip Hop,"hip hop, west coast hip hop",The Melodic Blue,2021-09-10,Columbia,2021-09-10,day,album
2tGvwE8GcFKwNdAXMnlbfl,happier,['Olivia Rodrigo'],['1McMsnEElThX1knmY4oliG'],199225391,,,SOUR,2021-05-21,Olivia Rodrigo PS,2021-05-21,day,album
40iJIUlhi6renaREYGeIDS,Fair Trade (with Travis Scott),"['Drake', 'Travis Scott']","['3TVXtAsR1Inumwj472S9r4', '0Y5tJX1MQlPlqiwlOH1tJY']",28249449,Hip Hop,"rap, hip hop",Certified Lover Boy,2021-09-03,OVO,2021-09-03,day,album
6I9VzXrHxO9rA9A5euc8Ak,Toxic,['Britney Spears'],['26dSoYclwsYLMAKD3tpOr4'],5130081,Pop,pop,In The Zone,2003-11-13,Jive,2003-11-13,day,album
5W1qmxHrMlQGGAiFA3ZQqP,Se Le Ve,"['Dímelo Flow', 'Dalex', 'Sech', 'Justin Quiles', 'Arcángel', 'De La Ghetto', 'Lenny Tavárez']","['3fZk3Gm5dN5v5yfYMQ04Bx', '0KPX4Ucy9dk82uj4GpKesn', '77ziqFxp5gaInVrF2lj4ht', '14zUHaJZo1mnYtn6IBRaRP', '4SsVbpTthjScTS7U2hmr1X', '3EiLUeyEcA6fbRPSHkG5kb', '1pQWsZQehhS4wavwh7Fnxd']",71636040,"Hip Hop, Latin","reggaeton, urbano latino, trap latino, argentine trap",Se Le Ve,2021-08-12,Rich Music,2021-08-12,day,single
6M3PsepEj5gyJoIi7Xvr7u,Take My Breath - Single Version,['The Weeknd'],['1Xyo4u8uXC1ZmMpatF05PJ'],10248812,,,Take My Breath,2021-08-05,XO / Republic Records,2021-08-05,day,single
2vXKRlJBXyOcvZYTdNeckS,Lost in the Fire (feat. The Weeknd),"['Gesaffelstein', 'The Weeknd']","['3hteYQFiMFbJY7wS0xDymP', '1Xyo4u8uXC1ZmMpatF05PJ']",78745295,,,Hyperion,2019-03-08,Columbia,2019-03-08,day,album
1yoMvmasuxZfqHEipJhRbp,Hawái,['Maluma'],['1r4hJ1h58CWwUQe3MxPuau'],695072,Latin,"reggaeton, latin, urbano latino",PAPI JUANCHO,2020-08-21,Sony Music Latin,2020-08-21,day,album
1DIXPcTDzTj8ZMHt3PDt8p,Gangsta's Paradise,"['Coolio', 'L.V.']","['3y24n3XhZ96wgwRXjvS17T', '2LhsePRtgCo4THVKULQBL7']",304916220,"Hip Hop, R&B","west coast hip hop, g-funk, new jack swing",Gangsta's Paradise,1995-11-07,"Tommy Boy Music, LLC",1995-11-07,day,album
2gMXnyrvIjhVBUZwvLZDMP,Before You Go,['Lewis Capaldi'],['4GNC7GD6oZMSxPGyXy4MNB'],69778430,Pop,soft pop,Divinely Uninspired To A Hellish Extent (Extended Edition),2019-11-22,Vertigo Berlin,2019-11-22,day,album
2Fxmhks0bxGSBdJ92vM42m,bad guy,['Billie Eilish'],['6qqNVTkY8uBg9cP3Jd7DAH'],1623468,,,"WHEN WE ALL FALL ASLEEP, WHERE DO WE GO?",2019-03-29,Darkroom/Interscope Records,2019-03-29,day,album
58HvfVOeJY7lUuCqF0m3ly,MIDDLE OF THE NIGHT,['Elley Duhé'],['67MNhiAICFY6Pwc2YxCO0K'],610544095,,,MIDDLE OF THE NIGHT,2020-01-10,Not Fit For Society/RCA Records,2020-01-10,day,single
3kvm9xedJN0uVx9kFmcFdf,TO THE,['GoldSkull'],['13GA8qxVLDZs0oh1zZ872C'],765577,,,TO THE,1998-04-05,Firefly Media LLC,1998-04-05,day,single
48q0vSHcJdhK3IiXH8C5WJ,Why'd You Only Call Me When You're High?,['Arctic Monkeys'],['7Ln80lUS6He07XvHI8qqHH'],150946902,Rock,"indie, garage rock",AM,2013-01-01,EMI Recorded Music Australia Pty Ltd,2013-01-01,day,album
7DF8lvLdV3htIbuTWpc7lR,Girl Of My Dreams (with SUGA of BTS),"['Juice WRLD', 'SUGA', 'BTS']","['4MCBfE4596Uoi2O4DtmEMz', '0ebNdVaOfp6N0oZ1guIxM8', '3Nrfpe0tUJi4K4DXYWgMUX']",3935493,"Hip Hop, Pop","melodic rap, emo rap, k-pop",Fighting Demons,2021-12-10,Grade A Productions/Interscope Records,2021-12-10,day,album
04sN26COy28wTXYj3dMoiZ,Bored,['Billie Eilish'],['6qqNVTkY8uBg9cP3Jd7DAH'],61932422,,,Bored,2017-03-30,Darkroom,2017-03-30,day,single
3dYD57lRAUcMHufyqn9GcI,Take Me To Church,['Hozier'],['2FXC3k01G6Gw61bmprjgqS'],167580001,,,Hozier,2014-09-19,Universal-Island Records Ltd.,2014-09-19,day,album
1J14CdDAvBTE1AJYUOwl6C,Arcade,['Duncan Laurence'],['3klZnJvYGIbWritVwQD434'],46577545,,,Small Town Boy (Track By Track),2020-11-12,"Universal Music, a division of Universal International Music BV",2020-11-12,day,album
161DnLWsx1i3u1JT05lzqU,Talking to the Moon,['Bruno Mars'],['0du5cEVh5yTK9QJze8zA0C'],95466914,,,Doo-Wops & Hooligans,2010-05-11,Atlantic Records,2010-05-11,day,album
5JCoSi02qi3jJeHdZXMmR8,favorite crime,['Olivia Rodrigo'],['1McMsnEElThX1knmY4oliG'],113350608,,,SOUR,2021-05-21,Olivia Rodrigo PS,2021-05-21,day,album
58ge6dfP91o9oXMzq3XkIS,505,['Arctic Monkeys'],['7Ln80lUS6He07XvHI8qqHH'],472717584,Rock,"indie, garage rock",Favourite Worst Nightmare (Standard Version),2007-04-24,Domino/Warner Records,2007-04-24,day,album
45bE4HXI0AwGZXfZtMp8JR,you broke me first,['Tate McRae'],['45dkTj5sMRSjrmBSBeiHym'],41514054,,,you broke me first,2020-04-17,RCA Records Label,2020-04-17,day,single
60ynsPSSKe6O3sfwRnIBRf,Streets,['Doja Cat'],['5cj0lLjcoR7YOSnhnX0Po5'],48800053,,,Hot Pink,2019-11-07,Kemosabe Records/RCA Records,2019-11-07,day,album
3FAJ6O0NOHQV8Mc5Ri6ENp,Heartbreak Anniversary,['GIVĒON'],['4fxd5Ee7UefO4CUXgwJ7IP'],19016859,R&B,r&b,TAKE TIME,2020-03-27,Epic/Not So Fast,2020-03-27,day,album
04S1pkp1VaIqjg8zZqknR5,Enchanted,['Taylor Swift'],['06HL4z0CvFAxyc27GXpf02'],18380290,,,Speak Now,2010-10-25,"Big Machine Records, LLC",2010-10-25,day,album
1u8c2t2Cy7UBoG4ArRcF5g,Blank Space,['Taylor Swift'],['06HL4z0CvFAxyc27GXpf02'],315622158,,,1989 (Deluxe),2014-01-01,"Big Machine Records, LLC",2014-01-01,day,album
1cA4wEmLkKlttS6N89LbJh,Wandered To LA (with Justin Bieber),"['Juice WRLD', 'Justin Bieber']","['4MCBfE4596Uoi2O4DtmEMz', '1uNFoZAHBGtllmzznpCI3s']",3732420,Hip Hop,"melodic rap, emo rap, ",Fighting Demons,2021-12-10,Grade A Productions/Interscope Records,2021-12-10,day,album
5902W4uHWzhtOff1UK7the,When I’m Gone (with Katy Perry),"['Alesso', 'Katy Perry']","['4AVFqumd2ogHFlRbKIjp1t', '6jJ0s89eD6GaHleKKya26X']",13795185,"Electronic, Pop","edm, pop",When I’m Gone (with Katy Perry),2021-12-29,10:22PM/Astralwerks,2021-12-29,day,single
7m9OqQk4RVRkw9JJdeAw96,Jocelyn Flores,['XXXTENTACION'],['15UsOTVnJzReFVN1VCnxy4'],16505651,Hip Hop,emo rap,17,2017-08-25,Bad Vibes Forever / EMPIRE,2017-08-25,day,album
3U4isOIWM3VvDubwSI3y7a,All of Me,['John Legend'],['5y2Xq6xcjJb2jVM54GHK3t'],81083371,"R&B, Pop","soft pop, neo soul",Love In The Future (Expanded Edition),2013-08-30,G.O.O.D. Music/Columbia,2013-08-30,day,album
4cktbXiXOapiLBMprHFErI,Memories,['Maroon 5'],['04gDigrS5kc9YWfZHwBETP'],65664233,Pop,pop,JORDI (Deluxe),2021-06-11,Interscope Records*,2021-06-11,day,album
7yq4Qj7cqayVTp3FF9CWbm,Riptide,['Vance Joy'],['10exVja0key0uqUkk6LJRT'],289330871,Pop,folk pop,Dream Your Life Away,2014-09-08,F-Stop Records/Atlantic,2014-09-08,day,album
2ZRo7axmMPeSVUvDbGkJah,Hope,['XXXTENTACION'],['15UsOTVnJzReFVN1VCnxy4'],43227091,Hip Hop,emo rap,?,2018-03-16,"Bad Vibes Forever, LLC",2018-03-16,day,album
3XYRV7ZSHqIRDG87DKTtry,Permission to Dance,['BTS'],['3Nrfpe0tUJi4K4DXYWgMUX'],13576480,Pop,k-pop,Permission to Dance,2021-07-23,BIGHIT MUSIC,2021-07-23,day,single
6v3KW9xbzN5yKLt9YKDYA2,Señorita,"['Shawn Mendes', 'Camila Cabello']","['7n2wHs1TKAczGzO7Dd2rGr', '4nDoRrQiYLoBzwC5BhVJzF']",100014884,Pop,pop,Shawn Mendes (Deluxe),2019-06-19,Island Records,2019-06-19,day,album
5Ts1DYOuouQLgzTaisxWYh,Love Grows (Where My Rosemary Goes),Edison Lighthouse,1NRzxuPpdGushT8YmF5NAa,31711551,,,Love Grows (Where My Rosemary Goes) & Other Gems,1970-01-01,Crimson,1970-01-01,day,album
5uCax9HTNlzGybIStD3vDh,Say You Won't Let Go,['James Arthur'],['4IWBUUAFIplrNtaOHcJPRM'],75228719,Pop,soft pop,Back from the Edge,2016-10-28,Columbia,2016-10-28,day,album
32BeYxKPrig1LefHsC0Xuo,Happier Than Ever - Edit,['Billie Eilish'],['6qqNVTkY8uBg9cP3Jd7DAH'],30154076,,,Happier Than Ever (Edit),2021-07-28,Darkroom/Interscope Records,2021-07-28,day,single
5UlnuulVAVmmesw4VzqHdG,Enemy - From the series Arcane League of Legends,"['Imagine Dragons', 'Arcane', 'League of Legends']","['53XhwfbYqKCa1cC15pYq2q', '57nPqD7z62gDdq37US9XJR', '47mIJdHORyRerp4os813jD']",24187136,,,Enemy (from the series Arcane League of Legends),2021-10-27,KIDinaKORNER/Interscope Records,2021-10-27,day,single
7fBv7CLKzipRk6EC6TWHOB,The Hills,['The Weeknd'],['1Xyo4u8uXC1ZmMpatF05PJ'],232301736,,,Beauty Behind The Madness,2015-08-28,Universal Republic Records,2015-08-28,day,album
3rq5w4bQGigXOfdN30ATJt,Do I Wanna Know?,['Arctic Monkeys'],['7Ln80lUS6He07XvHI8qqHH'],177616211,Rock,"indie, garage rock",AM,2013-01-01,EMI Recorded Music Australia Pty Ltd,2013-01-01,day,album
7H0ya83CMmgFcOhw0UB6ow,Space Song,Beach House,56ZTgzPBDge0OvCGgMO3OY,81718062,Pop,dream pop,Depression Cherry,2015-08-28,Sub Pop Records,2015-08-28,day,album
1XGmzt0PVuFgQYYnV2It7A,Payphone,"['Maroon 5', 'Wiz Khalifa']","['04gDigrS5kc9YWfZHwBETP', '137W8MRPWKqSmrBGDBFSop']",302250118,"Pop, Hip Hop","pop, rap",Overexposed Track By Track,2012-01-01,Interscope Records*,2012-01-01,day,album
5lkpeJwmQKgY3bX2zChjxX,Someone Like You,['Adele'],['4dpARuHxo51G3z768sgnrY'],3602504,Pop,soft pop,21,2011-01-19,XL Recordings,2011-01-19,day,album
6gBFPUFcJLzWGx4lenP6h2,goosebumps,['Travis Scott'],['0Y5tJX1MQlPlqiwlOH1tJY'],18270688,Hip Hop,rap,Birds In The Trap Sing McKnight,2016-09-16,Cactus Jack / Epic,2016-09-16,day,album
5rW7qTn83sCKtqBoneJs63,edamame,"['bbno$', 'Rich Brian']","['41X1TR6hrK8Q2ZCpp2EqCz', '2IDLDx25HU1nQMKde4n61a']",7406417,Hip Hop,"meme rap, ",eat ya veggies,2021-10-08,bbno$,2021-10-08,day,album
4rPkN1FMzQyFNP9cLUGIIB,Love Again,['Dua Lipa'],['6M2wZ9GZgrQXHCFfjv46we'],3658946,Pop,pop,Future Nostalgia,2020-03-27,Warner Records,2020-03-27,day,album
11iIikXxC6NP0Ma8vMD27x,Alien Blues,Vundabar,1W4itxt3vwhmrgLEBuVHJ6,25479033,,,Gawk,2015-07-24,"Gawk Records, under exclusive license to Amuseio AB",2015-07-24,day,album
7hxHWCCAIIxFLCzvDgnQHX,"Lemonade (feat. Gunna, Don Toliver & NAV)","['Internet Money', 'Gunna', 'Don Toliver', 'NAV']","['6MPCFvOQv5cIGfw3jODMF0', '2hlmm7s2ICUX0LVIhVFlZQ', '4Gso3d4CscCijv0lmajZWs', '7rkW85dBwwrJtlHRDkJDAC']",649986,Hip Hop,melodic rap,B4 The Storm,2020-08-28,Internet Money Records/ TenThousand Projects,2020-08-28,day,album
0sTlGEld0h8kIPZaKDYUf4,Notion,['The Rare Occasions'],['1QfpRUtH14JLoY6F6AYmwt'],112113728,,,Notion,2021-12-02,Elektra (NEK),2021-12-02,day,single
4btFHqumCO31GksfuBLLv3,Overpass Graffiti,['Ed Sheeran'],['6eUKZXaKkcviH0Ku9w2n3V'],7520470,Pop,soft pop,=,2021-10-25,Atlantic Records UK,2021-10-25,day,album
2LBqCSwhJGcFQeTHMVGwy3,Die For You,['The Weeknd'],['1Xyo4u8uXC1ZmMpatF05PJ'],477816999,,,Starboy,2016-11-24,Universal Republic Records,2016-11-24,day,album
0hYFc3HSZHDaDzquLVRwBH,TO THE MOON,JNR CHOI,1Z25ZlGHqqlr3o1UGQOfNn,18719576,,,TO THE MOON,2021-11-05,Independent,2021-11-05,day,single
4qu63nuBpdn0qHUHuObEj1,Leave Before You Love Me (with Jonas Brothers),"['Marshmello', 'Jonas Brothers']","['64KEffDW9EtZ1y2vBYgq8T', '7gOdHgIoIKoe4i9Tta6qdD']",25030379,Electronic,"edm, ",Leave Before You Love Me,2021-05-21,Republic Records,2021-05-21,day,single
3DZ8dbKg4OTSSqGARvecYd,Broadway Girls (feat. Morgan Wallen),"['Lil Durk', 'Morgan Wallen']","['3hcs9uc56yIGFCSy9leWe7', '4oUHIQIBe0LHzYfvXNW4QM']",2973640,"Country, Hip Hop","drill, country",Broadway Girls (feat. Morgan Wallen),2021-12-17,Alamo,2021-12-17,day,single
5rohUzwEoRsUvAA1Bf3DLo,Dos Oruguitas,Sebastian Yatra,07YUOmWljBTXwIseAUd9TW,49754678,"Pop, Latin","colombian pop, reggaeton, latin",Encanto (Original Motion Picture Soundtrack),2021-11-19,Walt Disney Records,2021-11-19,day,album
4b1yxSdlumA8N4fEk4UOZp,The Family Madrigal,"Stephanie Beatriz, Olga Merediz, Encanto - Cast","5PYToRCsrnvikZg3yl2JMr, 2Go6wC0GsnkVeRoVwh8rqX, 3xLU748QxpTmIVaiNXXg0P",69754703,,,Encanto (Original Motion Picture Soundtrack),2021-11-19,Walt Disney Records,2021-11-19,day,album
135Lf4Q0CzlMNfOxbEUsLH,Ghost Town,['Benson Boone'],['22wbnEMDvgVIAGdFeek6ET'],2955047,,,Ghost Town,2021-10-15,"Night Street Records, Inc./Warner Records Inc.",2021-10-15,day,single
6tDDoYIxWvMLTdKpjFkc1B,telepatía,['Kali Uchis'],['1U1el3k54VvEUzo3ybLPlM'],2900961,,,Sin Miedo (del Amor y Otros Demonios) ∞,2020-12-04,EMI / Interscope,2020-12-04,day,album
6w8yBI2vthyN9UnwO4UBWb,Entre Nosotros,"['Tiago PZK', 'LIT killah']","['5Y3MV9DZ0d87NnVm56qSY1', '1vqR17Iv8VFdzure1TAXEq']",3018370,"Hip Hop, Latin","argentine trap, urbano latino, trap latino, trap",Entre Nosotros,2021-07-08,WM Chile,2021-07-08,day,single
4xkOaSrkexMciUUogZKVTS,Till I Collapse,"['Eminem', 'Nate Dogg']","['7dGJo4pcD2V6oG8kP0tJRR', '1Oa0bMld0A3u5OTYfMzp5h']",157371330,Hip Hop,"rap, hip hop, g-funk, west coast hip hop, gangster rap",The Eminem Show,2002-05-26,Aftermath,2002-05-26,day,album
1ZMiCix7XSAbfAJlEZWMCp,Falling,['Harry Styles'],['6KImCVD70vtIoJWnq6nGn3'],60205539,,,Fine Line,2019-12-13,Columbia,2019-12-13,day,album
0MMyJUC3WNnFS1lit5pTjk,"jealousy, jealousy",['Olivia Rodrigo'],['1McMsnEElThX1knmY4oliG'],57315297,,,SOUR,2021-05-21,Olivia Rodrigo PS,2021-05-21,day,album
68Dni7IE4VyPkTOH9mRWHr,No Role Modelz,J. Cole,6l3HvQ5sa6mXTsMTB19rO5,364680303,Hip Hop,rap,2014 Forest Hills Drive,2014-12-09,Roc Nation Records LLC,2014-12-09,day,album
3XoYqtiWHhsk59frZupImG,What Else Can I Do?,"Diane Guerrero, Stephanie Beatriz","18MFcGBHtyW0mU3ufcm0X1, 5PYToRCsrnvikZg3yl2JMr",51723355,,,Encanto (Original Motion Picture Soundtrack),2021-11-19,Walt Disney Records,2021-11-19,day,album
3xv8JksRyqHa1lwkM9xvJf,Súbelo,"['Anuel AA', 'Myke Towers', 'JHAYCO']","['2R21vXR83lH98kGeO99Y66', '7iK8PXO48WeuP03g8YR51W', '6nVcHLIgY5pE2YCl8ubca1']",3695711,Latin,"reggaeton, trap latino, urbano latino, latin",Las Leyendas Nunca Mueren,2021-11-26,"Real Hasta La Muerte, LLC",2021-11-26,day,album
6ocbgoVGwYJhOv1GgI9NsF,7 rings,['Ariana Grande'],['66CXWjxzNUsdJxJ2JdwvnR'],1421955,Pop,pop,"thank u, next",2019-02-08,Republic Records,2019-02-08,day,album
186NCtNk1tUYS7c2DxgJ7O,Christmas Tree,['V'],['3JsHnjpbhX4SnySpvpa9DK'],18396265,Pop,k-pop,"Our Beloved Summer (Original Television Soundtrack), Pt. 5",2021-12-24,MOST CONTENTS,2021-12-24,day,single
5S9Zs5g9lTWnLIboN1pdlU,Fingers Crossed,Lauren Spencer Smith,79AyR6ATpj2LTPxfb6FX50,70602239,,,Fingers Crossed,2022-01-05,Lauren Spencer-Smith,2022-01-05,day,single
7iHHlCbsFou5DZSW5HCPfs,Ella - Remix,"['Boza', 'Lunay', 'Lenny Tavárez', 'Juhn', 'Beéle']","['2NfSBtmWe7oPw1EmetJVso', '47MpMsUfWtgyIIBEFOr4FE', '1pQWsZQehhS4wavwh7Fnxd', '2LmcxBak1alK1bf7d1beTr', '7a0XAaPaK2aDSqa8p3QnC7']",26144181,"Hip Hop, Latin","reggaeton, urbano latino, trap latino, argentine trap",Ella (Remix),2021-10-29,Sony Music Latin,2021-10-29,day,single
4TGwERXRlyQtBdggYTHo6j,Entre Nosotros (Remix) [con Nicki Nicole],"Tiago PZK, LIT killah, Maria Becerra, Nicki Nicole","5Y3MV9DZ0d87NnVm56qSY1, 1vqR17Iv8VFdzure1TAXEq, 1DxLCyH42yaHKGK3cl5bvG, 2UZIAOlrnyZmyzt1nuXr9y",63805021,"Hip Hop, Latin","argentine trap, urbano latino, trap latino, trap",Entre Nosotros (Remix) [con Nicki Nicole],2022-01-05,WEA Latina,2022-01-05,day,single
68HocO7fx9z0MgDU0ZPHro,Every Summertime,NIKI,2kxP07DLgs4xlWz8YHlvfh,64119319,,,Every Summertime,2021-08-10,"MARVEL/Hollywood Records, Inc./Interscope Records",2021-08-10,day,single
2K7xn816oNHJZ0aVqdQsha,Softcore,The Neighbourhood,77SW9BnxLY8rJ0RciFqkHh,291254239,,,Hard To Imagine The Neighbourhood Ever Changing,2018-11-02,Columbia,2018-11-02,day,album
7MXVkk9YMctZqd1Srtv4MB,Starboy,"['The Weeknd', 'Daft Punk']","['1Xyo4u8uXC1ZmMpatF05PJ', '4tZwfgrHOc3mvqYlEYSvVi']",307657845,"Hip Hop, Electronic","french house, electronic, electro",Starboy,2016-11-25,Universal Republic Records,2016-11-25,day,album
1nH2PkJL1XoUq8oE6tBZoU,Sacrifice,The Weeknd,1Xyo4u8uXC1ZmMpatF05PJ,141435735,,,Dawn FM,2022-01-06,XO / Republic Records,2022-01-06,day,album
3KyKxJ4P3pVCgaZwaq2rUC,Gasoline,The Weeknd,1Xyo4u8uXC1ZmMpatF05PJ,30704933,,,Dawn FM,2022-01-06,XO / Republic Records,2022-01-06,day,album
2Ghp894n1laIf2w98VeAOJ,How Do I Make You Love Me?,The Weeknd,1Xyo4u8uXC1ZmMpatF05PJ,28477327,,,Dawn FM,2022-01-06,XO / Republic Records,2022-01-06,day,album
3jQvH2VoTRe5CEnIS0MnCE,Dawn FM,The Weeknd,1Xyo4u8uXC1ZmMpatF05PJ,4639944,,,Dawn FM,2022-01-07,Universal Republic Records,2022-01-07,day,album
2SLwbpExuoBDZBpjfefCtV,Out of Time,The Weeknd,1Xyo4u8uXC1ZmMpatF05PJ,53139758,,,Dawn FM,2022-01-06,XO / Republic Records,2022-01-06,day,album
0mL82sxCRjrs3br407IdJh,Is There Someone Else?,The Weeknd,1Xyo4u8uXC1ZmMpatF05PJ,46926262,,,Dawn FM,2022-01-06,XO / Republic Records,2022-01-06,day,album
0XvDZGVqGYM7P4rgzRnWhq,Take My Breath,The Weeknd,1Xyo4u8uXC1ZmMpatF05PJ,3816593,,,Dawn FM,2022-01-07,Universal Republic Records,2022-01-07,day,album
1NhjYYcYTRywc0di98xHxf,"Here We Go… Again (feat. Tyler, the Creator)","The Weeknd, Tyler The Creator","1Xyo4u8uXC1ZmMpatF05PJ, 4V8LLVI7PbaPR0K2TGSxFF",20349067,,,Dawn FM,2022-01-06,XO / Republic Records,2022-01-06,day,album
1E5Xu8dur0fAjSP1VpVhAZ,Best Friends,The Weeknd,1Xyo4u8uXC1ZmMpatF05PJ,20241292,,,Dawn FM,2022-01-06,XO / Republic Records,2022-01-06,day,album
5XbA7TAqsD0fj0dGBrbb0D,I Heard You’re Married (feat. Lil Wayne),"The Weeknd, Lil Wayne","1Xyo4u8uXC1ZmMpatF05PJ, 55Aa2cqylxrFIXC767Z865",15848971,Hip Hop,"rap, hip hop",Dawn FM,2022-01-06,XO / Republic Records,2022-01-06,day,album
5Fxstmke6g6iWEQ2UoGWpa,Starry Eyes,The Weeknd,1Xyo4u8uXC1ZmMpatF05PJ,3240654,,,Dawn FM,2022-01-07,Universal Republic Records,2022-01-07,day,album
2D4dV2KXDTszzJ3p3cFqhA,Less Than Zero,The Weeknd,1Xyo4u8uXC1ZmMpatF05PJ,27469339,,,Dawn FM,2022-01-06,XO / Republic Records,2022-01-06,day,album
759ndr57jb0URg4j9YSWml,A Tale By Quincy,The Weeknd,1Xyo4u8uXC1ZmMpatF05PJ,10644730,,,Dawn FM,2022-01-06,XO / Republic Records,2022-01-06,day,album
3vJcz8exedHCjQ9ed95NqU,Every Angel is Terrifying,The Weeknd,1Xyo4u8uXC1ZmMpatF05PJ,8858176,,,Dawn FM,2022-01-06,XO / Republic Records,2022-01-06,day,album
0iZ7MgaUedNHqlqg9PMqsY,Don’t Break My Heart,The Weeknd,1Xyo4u8uXC1ZmMpatF05PJ,2704248,,,Dawn FM,2022-01-07,Universal Republic Records,2022-01-07,day,album
3LnpBazWpD31QMTn6LgVGv,pushin P (feat. Young Thug),"Gunna, Future, Young Thug","2hlmm7s2ICUX0LVIhVFlZQ, 1RyvyyTE3xzB2ZywiAwp0i, 50co4Is1HCEo8bhOyUWKpn",32069170,Hip Hop,"melodic rap, rap, trap",DS4EVER,2022-01-07,300 Entertainment,2022-01-07,day,album
1NlK2NtpuUazpziLhnJwEV,Phantom Regret by Jim,The Weeknd,1Xyo4u8uXC1ZmMpatF05PJ,6306586,,,Dawn FM,2022-01-06,XO / Republic Records,2022-01-06,day,album
3XLbDUB5BX2WqL2qoAsvtb,thought i was playing,"Gunna, 21 Savage","2hlmm7s2ICUX0LVIhVFlZQ, 1URnnhqYAYcrqrcwql10ft",7427108,Hip Hop,"melodic rap, ",DS4EVER,2022-01-07,300 Entertainment,2022-01-07,day,album
2ZGEjmwyeZ3rpEezkZwqOP,mop (feat. Young Thug),"Gunna, Young Thug","2hlmm7s2ICUX0LVIhVFlZQ, 50co4Is1HCEo8bhOyUWKpn",3285673,Hip Hop,"melodic rap, rap, trap",DS4EVER,2022-01-07,300 Entertainment,2022-01-07,day,album
5UwA4sYMyaLALd3F2hUgjR,poochie gown,Gunna,2hlmm7s2ICUX0LVIhVFlZQ,2483775,Hip Hop,melodic rap,DS4EVER,2022-01-07,300 Entertainment,2022-01-07,day,album
0boodYr1uIpSVmGSP65Fmk,25k jacket (feat. Lil Baby),"Gunna, Lil Baby","2hlmm7s2ICUX0LVIhVFlZQ, 5f7VJjfbwm532GiveGC0ZK",4072161,Hip Hop,"melodic rap, ",DS4EVER,2022-01-07,300 Entertainment,2022-01-07,day,album
0syVTyo71ordJjSd8cuElB,private island,Gunna,2hlmm7s2ICUX0LVIhVFlZQ,2278026,Hip Hop,melodic rap,DS4EVER,2022-01-07,300 Entertainment,2022-01-07,day,album
2iCDO8ePNuCvMiMFc0FQdA,alotta cake,Gunna,2hlmm7s2ICUX0LVIhVFlZQ,3353536,Hip Hop,melodic rap,DS4EVER,2022-01-07,300 Entertainment,2022-01-07,day,album
49W1ZqawgaAwbIY3Hlrp0K,how you did that (feat. Kodak Black),"Gunna, Kodak Black","2hlmm7s2ICUX0LVIhVFlZQ, 46SHBwWsqBkxI7EeeBEQG7",2392679,Hip Hop,"melodic rap, ",DS4EVER,2022-01-07,300 Entertainment,2022-01-07,day,album
3NbehQmQsyuN17EP7dW5mJ,SOLITE PARE (feat. thasup & Sfera Ebbasta),"Sick Luke, thasup, Sfera Ebbasta","0hk4xVujcyOr6USD95wcWb, 19i93sA0D7yS9dYoVNBqAA, 23TFHmajVfBtlRx5MXqgoz",2043698,Hip Hop,"italian trap, trap",X2,2022-01-07,Universal Music Italia srL.,2022-01-07,day,album
2Ep9xSNftebXZkSQp1yM25,livin wild,Gunna,2hlmm7s2ICUX0LVIhVFlZQ,1122351,Hip Hop,melodic rap,DS4EVER,2022-01-07,300 Entertainment,2022-01-07,day,album
6hP9uvjkqnt8u2i9u2xhJC,south to west,Gunna,2hlmm7s2ICUX0LVIhVFlZQ,1105080,Hip Hop,melodic rap,DS4EVER,2022-01-07,300 Entertainment,2022-01-07,day,album
2Hph3X77ySNgBCIak5CMc6,too easy,"Gunna, Future","2hlmm7s2ICUX0LVIhVFlZQ, 1RyvyyTE3xzB2ZywiAwp0i",1918428,Hip Hop,"melodic rap, rap",DS4EVER,2022-01-07,300 Entertainment,2022-01-07,day,album
5ts6i8uvQcihNqmUcxRMFk,idk that bitch (feat. G Herbo),"Gunna, G Herbo","2hlmm7s2ICUX0LVIhVFlZQ, 5QdEbQJ3ylBnc3gsIASAT5",1062487,Hip Hop,"melodic rap, drill",DS4EVER,2022-01-07,300 Entertainment,2022-01-07,day,album
4xTRiW8KxQjf6JxeyozXkZ,you & me,"Gunna, Chlöe","2hlmm7s2ICUX0LVIhVFlZQ, 1FtBEIWAwvw5ymBen5GICR",1040011,Hip Hop,"melodic rap, ",DS4EVER,2022-01-07,300 Entertainment,2022-01-07,day,album
6gPPoRYJwCsoB2VVdPJfmo,Miserable Man,David Kushner,33NVpKoXjItPwUJTMZIOiY,5337926,,,Miserable Man,2022-01-07,David Kushner,2022-01-07,day,single
2uir82NkzZ8yIT01L6UoJj,flooded,Gunna,2hlmm7s2ICUX0LVIhVFlZQ,940569,Hip Hop,melodic rap,DS4EVER,2022-01-07,300 Entertainment,2022-01-07,day,album
0Dfyjnusld4dFOUl91gf0z,Wenn ich will,"Gzuz, Bonez MC","5eioJDe26lOqkAMbuhzZYs, 1aS5tqEs9ci5P9KD9tZWa6",872038,Hip Hop,german hip hop,Wenn ich will,2022-01-06,187 Strassenbande,2022-01-06,day,single
1QlqHpITeEHB4EWFGqks9J,"DREAM TEAM (feat. Pyrex, Capo Plaza, Tedua & Shiva)","Sick Luke, Shiva, Capo Plaza, Tedua, Pyrex","0hk4xVujcyOr6USD95wcWb, 2K5nCggbhSZ00YCYP5qkZS, 5SulO4l40qDuV9zUGLZx7n, 1AgAVqo74e2q4FVvg0xpT7, 7h1amg0X7Q5d0D5KfuyKTg",794006,Hip Hop,"italian trap, trap",X2,2022-01-07,Universal Music Italia srL.,2022-01-07,day,album
2vgUijXOTRMnWXDtvgMp2b,Take My Breath,The Weeknd,1Xyo4u8uXC1ZmMpatF05PJ,20206058,,,Dawn FM,2022-01-06,XO / Republic Records,2022-01-06,day,album
6krYS8KtmNAYyb5uTZiYW4,Dawn FM,The Weeknd,1Xyo4u8uXC1ZmMpatF05PJ,10573595,,,Dawn FM,2022-01-06,XO / Republic Records,2022-01-06,day,album
6zzdyvVWjGrQBraSvuqJPY,Starry Eyes,The Weeknd,1Xyo4u8uXC1ZmMpatF05PJ,11228659,,,Dawn FM,2022-01-06,XO / Republic Records,2022-01-06,day,album
6a4GH1gljLL7VvmO9u5O92,Don’t Break My Heart,The Weeknd,1Xyo4u8uXC1ZmMpatF05PJ,8764531,,,Dawn FM,2022-01-06,XO / Republic Records,2022-01-06,day,album
7bp3zmEvpHLa0h32nhDUkB,L’enfer,Stromae,5j4HeCoUlzhfWtjAfM1acR,10604698,Pop,french pop,L’enfer,2022-01-09,Universal Music Division Carthage Music,2022-01-09,day,single
0KCSJzsQVxkloxoT7dyrqV,The Rumbling (TV Size),SiM,2BM933ADIluGGrPBOhPgIt,11574325,"Pop, Rock","anime, j-rock",The Rumbling (TV Size),2022-01-10,PONY CANYON INC.,2022-01-10,day,single
7ecbsiAQ6PNdiAq0hplVZo,Blessed-Cursed,ENHYPEN,5t5FqBwTcgKTaWmfEbwQY9,1541870,Pop,k-pop,DIMENSION : ANSWER,2022-01-10,BELIFT LAB,2022-01-10,day,album
5elW2CKSoqjYoJ32AGDxf1,Polaroid Love,ENHYPEN,5t5FqBwTcgKTaWmfEbwQY9,36883659,Pop,k-pop,DIMENSION : ANSWER,2022-01-10,BELIFT LAB,2022-01-10,day,album
29m79w9xPMH4YCD6r8JSmV,Excuses,"AP Dhillon, Gurinder Gill, Intense","6LEG9Ld1aLImEFEVHdWNSB, 5DHi2MeoRgAwPE0A0qwRMl, 0OS0NZnK7TGIAWx8MkWNFN",77353366,"Traditional music, Hip Hop, Pop","punjabi hip hop, punjabi pop, desi, bhangra, desi hip hop, desi pop",Excuses,2020-07-24,RUN-UP RECORDS,2020-07-24,day,single
1bjhYUwKUHEg5fHknxFObO,Lost,Frank Ocean,2h93pZq0e7k5yf4dywlkpM,65792216,,,channel ORANGE,2012-01-01,Red Zone Entertainment / IDJ,2012-01-01,day,album
6EtKlIQmGPB9SX8UjDJG5s,Formula,Labrinth,2feDdbD5araYcm6JhFHHw7,89293329,,,Euphoria (Original Score from the HBO Series),2019-10-04,Masterworks,2019-10-04,day,album
0lEjxUUlKqjqXrVlIHFduD,P power (feat. Drake),"Gunna, Drake","2hlmm7s2ICUX0LVIhVFlZQ, 3TVXtAsR1Inumwj472S9r4",7834981,Hip Hop,"melodic rap, rap, hip hop",DS4EVER,2022-01-13,300 Entertainment,2022-01-13,day,album
4jUAn4mBt4LBsRREJkeCSr,Love It When You Hate Me (feat. blackbear),"Avril Lavigne, blackbear","0p4nmQO2msCgU4IF37Wi3j, 2cFrymmkijnjDg9SS92EPM",1076628,,,Love It When You Hate Me (feat. blackbear),2022-01-14,DTA Records,2022-01-14,day,single
6hIr2IDeBDXfRFk0rYe5Tz,Won’t Stand Down,Muse,12Chz98pHFMPJEknJQMWvI,1000919,Rock,"alternative rock, rock",Won’t Stand Down,2022-01-13,Warner Records,2022-01-13,day,single
5719MEdRQcH4c3phXqX7WN,Mal Feito - Ao Vivo,"Hugo & Guilherme, Marília Mendonça","1LIuN7ov1IBQDdLsU83ojl, 1yR65psqiazQpeM79CcGh8",68582395,"Country, Latin","sertanejo, sertanejo universitário, agronejo, arrocha, forró",Mal Feito (Ao Vivo),2022-01-14,Som Livre,2022-01-14,day,single
7AVyve7cFYTd51ha5i9kE2,Down Under (feat. Colin Hay),"Luude, Colin Hay","20cmhoGvN0eyzhmsHJH1Mg, 5mxB08ktCukEhGMg2YZeEv",16918101,Electronic,drum and bass,Down Under (feat. Colin Hay),2021-11-19,Sweat It Out,2021-11-19,day,single
3kfqYE0jGONOrkVpkPPOd5,Iffy,Chris Brown,7bXgB6jMjp9ATFy66eO08Z,844867,R&B,r&b,Iffy,2022-01-14,Chris Brown Entertainment/RCA Records,2022-01-14,day,single
4MTmAFWHpvB9kPMSRgLFRp,WHERE WE ARE,The Lumineers,16oZKvXb6WkQlVAjwo2Wbg,815620,"Pop, Folk/Acoustic","folk pop, indie folk",BRIGHTSIDE,2022-01-14,Decca (UMO),2022-01-14,day,album
6Ab81Bs9fcOwaTYuBsUUpI,Eazy,"The Game, Kanye West","0NbfKEOTQCcwd6o7wSDOHI, 5K4W6rqBFWDnAN6FQUkS6x",20316169,Hip Hop,"west coast hip hop, gangster rap, hip hop, rap",Eazy,2022-01-15,"100 Entertainment, Inc",2022-01-15,day,single
0hQNbQKW2dDATH1ngj4TI6,WA DA DA,Kep1er,5R7AMwDeroq6Ls0COQYpS4,19091955,Pop,k-pop,FIRST IMPACT,2022-01-03,"WAKEONE, Swing Entertainment",2022-01-03,day,single
2IAR0DziHCjSu16gR4ihvy,Nothing,['Bruno Major'],['0hDjKSKjl1DC7ovYTDJHe8'],729847,,,To Let A Good Thing Die,2020-06-05,Bruno Major,2020-06-05,day,album
10hMM5nsZQf66ldBlgWBfG,All For Us - from the HBO Original Series Euphoria,"['Labrinth', 'Zendaya']","['2feDdbD5araYcm6JhFHHw7', '6sCbFbEjbYepqswM1vWjjs']",44028720,,,All For Us (from the HBO Original Series Euphoria),2019-08-04,Republic Records,2019-08-04,day,single
1mSviQV9iQnGSRyvTIuxAj,Problemón,"Alvaro Diaz, Rauw Alejandro","5J7rXWjtn5HzUkJ4Jet8Fr, 1mcTU81TzQhprhouKaTkpq",51696098,Latin,"reggaeton, urbano latino, trap latino, latin",Felicilandia,2021-10-29,"UMG Recordings, Inc./Universal Music Latino",2021-10-29,day,album
3QGxgNaqaFSpORp2OVLXHR,212,"Chefin, Mainstreet","68PYmgkbRP1qZnEWOry7sB, 25XJqeReVV38w0tR04GGBd",52844303,"Hip Hop, Electronic","brazilian trap, trap funk, trap, brazilian hip hop",212,2022-01-15,Mainstreet Records,2022-01-15,day,single
3jjujdWJ72nww5eGnfs2E7,Adore You,['Harry Styles'],['6KImCVD70vtIoJWnq6nGn3'],89732385,,,Fine Line,2019-12-13,Columbia,2019-12-13,day,album
1BSMpVGWs3v5BZKnAQziAc,Light Switch,Charlie Puth,6VuMaDnrHyPL1p4EHjYLi7,30100313,Pop,"soft pop, pop",Light Switch,2022-01-20,Atlantic Records,2022-01-20,day,single
3oRW9ZGPRbLRMneQ5lwflt,Waiting On A Miracle,Stephanie Beatriz,5PYToRCsrnvikZg3yl2JMr,14765101,,,Encanto (Original Motion Picture Soundtrack),2021-11-19,Walt Disney Records,2021-11-19,day,album
3M0lSi5WW79CXQamgSBIjx,Swim,Chase Atlantic,7cYEt1pqMgXJdq00hAwVpT,50620659,,,Chase Atlantic,2017-10-04,Warner Records,2017-10-04,day,album
1G1R0XgChe18Zr1o6tlmN6,Watercolor Eyes - From “Euphoria” An HBO Original Series,Lana Del Rey,00FQb4jTyendYWaN8pK0wa,7473187,,,Watercolor Eyes (From “Euphoria” An HBO Original Series),2022-01-21,Polydor Records,2022-01-21,day,single
36uNbyvWCUwSk3AnpQmu2I,thought it was (feat. Machine Gun Kelly & Travis Barker),"iann dior, Travis Barker, mgk","6ASri4ePR7RlsvIQgWPJpS, 4exLIFE8sISLr28sqG1qNX, 6TIYQ3jFPwQSRmorSezPxX",1980959,"Hip Hop, Rock","melodic rap, rap rock, ",on to better things,2022-01-20,10K Projects,2022-01-20,day,album
391CwgcBxvUHmEKda2b5In,I'd Do Anything For Love (But I Won't Do That) - Single Edit,Meat Loaf,7dnB1wSxbYa8CejeVg98hz,1123499,,,Bat Out Of Hell II: Back Into Hell,1993-00-00,Geffen*,1993,year,album
7mzHEzbsl5iOvBRuXwReZU,Paradise By the Dashboard Light,Meat Loaf,7dnB1wSxbYa8CejeVg98hz,1019703,,,Bat Out Of Hell,1977-00-00,Cleveland International/ Epic/Legacy,1977,year,album
0VafPclbphrwh36WraHWws,Bat Out of Hell,Meat Loaf,7dnB1wSxbYa8CejeVg98hz,972742,,,Bat Out Of Hell,1977-00-00,Cleveland International/ Epic/Legacy,1977,year,album
3xRH6FPVtheDyNla3T1FE7,Hrs and Hrs,Muni Long,7tjVFCxJdwT4NdrTmjyjQ6,36486533,,,Public Displays Of Affection,2021-11-19,Supergiant Records,2021-11-19,day,single
1WzOonguDKuWQrTTf5yR0D,Jigsaw,Conan Gray,4Uc8Dsxct0oMqx0P6i60ea,825859,,,Jigsaw,2022-01-21,Republic Records,2022-01-21,day,single
1zi7xx7UVEFkmKfv06H8x0,One Dance,"['Drake', 'Wizkid', 'Kyla']","['3TVXtAsR1Inumwj472S9r4', '3tVQdUvClmAT7URs9V3rsp', '6TK7fjRPdy2GW2pJzNF23L']",158368608,"Traditional music, R&B, Pop, Hip Hop","rap, hip hop, afrobeats, afrobeat, afropop, azonto, afroswing, afropiano, dancehall, ",Views,2016-05-06,Cash Money Records/Young Money Ent./Universal Rec.,2016-05-06,day,album
2YmXGUx32C3CUEgcAyHcGf,Srivalli (From  Pushpa - The Rise )(Telugu),"Devi Sri Prasad, Sid Sriram, Chandra Bose","5sSzCxHtgL82pYDvx2QyEU, 7qjJw7ZM2ekDSahLXPjIlN, 3gZ3IpjebAehFzIYhFIJDK",711919,Pop,"telugu pop, tollywood, tamil dance, tamil pop, kollywood",Srivalli (From  Pushpa - The Rise )(Telugu),2021-10-13,Aditya Music,2021-10-13,day,single
1BYZxKSf0aTxp8ZFoeyM3d,we fell in love in october,['girl in red'],['3uwAm6vQy7kWPS2bciKWx9'],17947339,Pop,bedroom pop,we fell in love in october / forget her,2018-11-21,world in red,2018-11-21,day,single
0fea68AdmYNygeTGI4RC18,LA CANCIÓN,"['J Balvin', 'Bad Bunny']","['1vyhD5VmyZ7KMfW5gqLgo5', '4q3ewBCX7sLwd24euuV69X']",307611854,Latin,"reggaeton, latin, trap latino, urbano latino",OASIS,2019-06-28,Universal Music Latino / Rimas,2019-06-28,day,album
4r9jkMEnArtWGH2rL2FZl0,A Tu Merced,['Bad Bunny'],['4q3ewBCX7sLwd24euuV69X'],124976397,Latin,"reggaeton, trap latino, latin, urbano latino",YHLQMDLG,2020-02-29,Rimas Entertainment LLC,2020-02-29,day,album
3XOalgusokruzA5ZBA2Qcb,pushin P (feat. Young Thug),"Gunna, Future, Young Thug","2hlmm7s2ICUX0LVIhVFlZQ, 1RyvyyTE3xzB2ZywiAwp0i, 50co4Is1HCEo8bhOyUWKpn",127662233,Hip Hop,"melodic rap, rap, trap",DS4EVER,2022-01-13,300 Entertainment,2022-01-13,day,album
5vUnjhBzRJJIAOJPde6zDx,TO THE MOON,"JNR CHOI, Sam Tompkins","1Z25ZlGHqqlr3o1UGQOfNn, 04uu8U3I1h26Fp2NBkPTRZ",96770437,,,TO THE MOON,2021-11-06,Jnr Choi/Epic,2021-11-06,day,single
79nEEoEPY2w8EXj9hjn5oc,Ginseng Strip 2002,Yung Lean,67lytN32YpUxiSeWlKfHJ3,61388614,Hip Hop,cloud rap,Lavender,2013-08-16,YEAR0001,2013-08-16,day,single
0Bv7O6fmZk3GrNQFYJaXPn,"Cayó La Noche (feat. Cruz Cafuné, Abhir Hathi, Bejo, EL IMA) [Remix]","La Pantera, Quevedo, Juseph, ABHIR, BEJO, Cruz Cafuné, EL IMA","0IEzMvarfVycBJAXjjEZOL, 52iwsT98xCoGgiGntTiR7K, 5kgDdP7a4TsvkF08gpJGX0, 2D8UzkIVdg1bj0Iqz6gjk0, 0adJG3bdFTHCkTY28NkY4u, 0jeYkqwckGJoHQhhXwgzk3, 00vsUIEaNHw6qoQnh8DQM2",109400475,Latin,"reggaeton, ","Cayó La Noche (feat. Cruz Cafuné, Abhir Hathi, Bejo, EL IMA) [Remix]",2022-01-14,La Pantera,2022-01-14,day,single
2XIc1pqjXV3Cr2BQUGNBck,LA NOCHE DE ANOCHE,"['Bad Bunny', 'ROSALÍA']","['4q3ewBCX7sLwd24euuV69X', '7ltDVBr6mKbRvohxheJ9h1']",3191339,Latin,"reggaeton, trap latino, latin, urbano latino",EL ÚLTIMO TOUR DEL MUNDO,2020-11-27,Rimas Entertainment LLC,2020-11-27,day,album
6K5ph5mq1qprHae3TrgTj5,Surface Pressure - From  Encanto /Soundtrack Version,Jessica Darrow,4vdAAzZBUKbsrvHi6UR7B7,84275586,,,Surface Pressure (From  Encanto ),2022-01-27,UME - Global Clearing House,2022-01-27,day,compilation
78kygHp1dvW1kncYjBgbe1,Mujeriego,Ryan Castro,7j6DKwmjbxvpQO8h914uEz,84909848,Latin,reggaeton,Mujeriego,2021-12-17,Sony Music Entertainment,2021-12-17,day,single
3t4KHjd8uQpJJ2fa0fRIpR,High,The Chainsmokers,69GGBxA162lTqCwzJG5jLp,14895311,,,High,2022-01-28,Disruptor Records/Columbia,2022-01-28,day,single
6ylDpki1VpIsc525KC1ojF,Tacones Rojos,Sebastian Yatra,07YUOmWljBTXwIseAUd9TW,168912636,"Pop, Latin","colombian pop, reggaeton, latin",Dharma,2022-01-28,UMLE - Latino,2022-01-28,day,album
35COLcFjvONwVv6jkG23gI,Boys Don't Cry,Anitta,7FNnA9vBm6EKceENgCGRMb,8598505,"Pop, R&B, Hip Hop, Latin","brazilian pop, funk pop, funk carioca, funk, pagode baiano",Boys Don't Cry,2022-01-27,Warner Records,2022-01-27,day,single
6MOst484piqXpzPPRRe8i5,vice city,XXXTENTACION,15UsOTVnJzReFVN1VCnxy4,2083756,Hip Hop,emo rap,vice city,2022-01-28,Columbia,2022-01-28,day,single
50ZFpw2wS6ERvLmW8TINhq,Beg for You (feat. Rina Sawayama),"Charli xcx, Rina Sawayama","25uiPmTg16RbhZWAqwLBy5, 2KEqzdPS7M5YwGmiuPTdr5",1087923,Pop,"hyperpop, art pop, ",Beg For You (feat. Rina Sawayama),2022-01-27,Atlantic Records UK,2022-01-27,day,single
655JkvIwu2rDCaD1hPf04g,Pareja Del Año,"Sebastian Yatra, Myke Towers","07YUOmWljBTXwIseAUd9TW, 7iK8PXO48WeuP03g8YR51W",809292,"Pop, Latin","colombian pop, reggaeton, latin, trap latino, urbano latino",Dharma,2022-01-28,UMLE - Latino,2022-01-28,day,album
3o9kpgkIcffx0iSwxhuNI2,Numb Little Bug,Em Beihold,7o2ZQYM7nTsaVdkXY38UAA,95711859,,,Numb Little Bug,2022-01-28,"Republic Records/Moon Projects, LLC.",2022-01-28,day,single
3hRV0jL3vUpRrcy398teAU,The Night We Met,['Lord Huron'],['6ltzsmQQbmdoHHbLZ4ZN25'],80629088,,,Strange Trails,2015-04-06,Play It Again Sam,2015-04-06,day,album
6N22FZs2ZhPBYi3b9XPajV,Still Don't Know My Name,['Labrinth'],['2feDdbD5araYcm6JhFHHw7'],27732387,,,Euphoria (Original Score from the HBO Series),2019-10-04,Masterworks,2019-10-04,day,album
53O5nAlq04RKmSBqW0SFvG,Down Under (feat. Colin Hay),"Luude, Colin Hay","20cmhoGvN0eyzhmsHJH1Mg, 5mxB08ktCukEhGMg2YZeEv",4666953,Electronic,drum and bass,Down Under (feat. Colin Hay),2022-02-01,Warner Records,2022-02-01,day,single
1v7L65Lzy0j0vdpRjJewt1,Lose Yourself,['Eminem'],['7dGJo4pcD2V6oG8kP0tJRR'],277068852,Hip Hop,"rap, hip hop",Just Lose It,2004-01-01,Aftermath,2004-01-01,day,single
1ZMGp9MTXbtAPvcKa0U3zS,Brividi,"Mahmood, BLANCO","06nvjg4wBANK6DCHjqtPNd, 1MRiIeZbc0cRuxOafDUCtH",49130179,,,Brividi,2022-02-02,Universal Music Italia srL.,2022-02-02,day,single
0GsZZWhBMIQXAmPYPJ3PRQ,INSUPERABILE,Rkomi,056KMTw6IztdQjBmFfVyO3,5373057,Hip Hop,italian trap,TAXI DRIVER,2022-02-02,Universal Music Italia srL.,2022-02-02,day,album
0jLeyuu6mtsD384054xLah,Ciao Ciao,La rappresentante di lista,0YmQyGKpZgGSDxsC8iEGQU,6332400,,,Ciao Ciao,2022-02-02,Woodworm Publishing Srl,2022-02-02,day,single
42Xba467wgGvYrR2EE6s0i,Cigarettes,Juice WRLD,4MCBfE4596Uoi2O4DtmEMz,32930551,Hip Hop,"melodic rap, emo rap",Cigarettes,2022-02-02,Grade A Productions/Interscope Records,2022-02-02,day,single
6KmAKMya9pOL5RUl0FS46a,O Forse Sei Tu,Elisa,2ARH58Hit3yC6ziGdhma23,4559443,Folk/Acoustic,italian singer-songwriter,Ritorno Al Futuro / Back To The Future,2022-02-03,Universal Music Italia srL.,2022-02-03,day,single
5HujDMiRNqZwEzVAh3oFD3,farfalle,sangiovanni,7dL0nOHwnSAsNAwpkPSGWP,4376187,,,farfalle,2022-02-03,Universal Music Italia srL. (Sugar),2022-02-03,day,single
1HhNoOuqm1a5MXYEgAFl8o,Enemy (with JID) - from the series Arcane League of Legends,"Imagine Dragons, JID, Arcane, League of Legends","53XhwfbYqKCa1cC15pYq2q, 6U3ybJ9UHNKEdsH7ktGBZ7, 57nPqD7z62gDdq37US9XJR, 47mIJdHORyRerp4os813jD",426802733,,,Mercury - Act 1,2021-09-03,KIDinaKORNER/Interscope Records,2021-09-03,day,album
3AVXwaOGCEL8cmBecfcsFJ,Light Switch,Charlie Puth,6VuMaDnrHyPL1p4EHjYLi7,281026622,Pop,"soft pop, pop",Light Switch (Instrumental),2022-01-19,Atlantic Records,2022-01-19,day,single
1PNs0uGru3TcrA94kpyGnc,Do We Have A Problem?,"Nicki Minaj, Lil Baby","0hCNtLu0JehylgoiP8L4Gh, 5f7VJjfbwm532GiveGC0ZK",16787475,,,Do We Have A Problem?,2022-02-04,Republic Records,2022-02-04,day,single
0IuVhCflrQPMGRrOyoY5RW,she's all i wanna be,Tate McRae,45dkTj5sMRSjrmBSBeiHym,139279688,,,she's all i wanna be,2022-02-04,RCA Records Label,2022-02-04,day,single
3a94TbZOxhkI9xuNwYL53b,Black Summer,Red Hot Chili Peppers,0L8ExT028jH3ddEcZwqJJ5,7943927,Rock,"funk rock, alternative rock, rock",Black Summer,2022-02-04,Warner Records,2022-02-04,day,single
2J3oaXTqKjGGHCOQLeBnBA,SAOKO,ROSALÍA,7ltDVBr6mKbRvohxheJ9h1,7803386,Latin,latin,SAOKO,2022-02-04,Columbia,2022-02-04,day,single
2AAyBZmMVZSZfgzXRYJOWQ,emo girl (feat. WILLOW),"mgk, WILLOW","6TIYQ3jFPwQSRmorSezPxX, 3rWZHrfrsPBxVy692yAIxF",6786243,,,emo girl (feat. WILLOW),2022-02-04,Bad Boy/Interscope Records,2022-02-04,day,single
6BczFLHW9aIf9aWn5NFuNL,Don't Play That,"King Von, 21 Savage","6QtgPSJPSzcnn7dPZ4VINp, 1URnnhqYAYcrqrcwql10ft",5228235,Hip Hop,"drill, ",Don't Play That,2022-02-04,"Forever and a Day, LLC / EMPIRE",2022-02-04,day,single
2QH0jR41d11GTubjRSRdJo,I'm Tired - From  Euphoria  An Original HBO Series,Labrinth,2feDdbD5araYcm6JhFHHw7,2660381,,,Yeh I Fuckin' Did It / I'm Tired (From  Euphoria  An Original HBO Series),2022-02-04,Columbia,2022-02-04,day,single
0hluyTCTSua59xYuIRqpe5,Ovunque Sarai,Irama,5iot8OPcosJN9nCl7I5SdK,8423888,,,Ovunque Sarai,2022-02-03,WM Italy,2022-02-03,day,single
7gVzhRCrLRUBEGdS7zNTp0,Malvada,Zé Felipe,7cmuxPnXRJxwuYDHfbD8Eu,55338675,"Country, Latin","piseiro, sertanejo, arrocha, agronejo, forró, sertanejo universitário",Malvada,2022-01-28,Som Livre,2022-01-28,day,single
3Oww84xrmgjyr5J1ilOmAf,Down Under (feat. Colin Hay),"Luude, Colin Hay","20cmhoGvN0eyzhmsHJH1Mg, 5mxB08ktCukEhGMg2YZeEv",64298053,Electronic,drum and bass,Down Under (feat. Colin Hay),2021-11-19,Sweat It Out!,2021-11-19,day,single
3gK5ckT0cq3t5enyqzzRgV,GALOPA,PEDRO SAMPAIO,5wbf52LA6kcaboHSN6NEF1,3226869,"Hip Hop, Pop, R&B","funk, funk pop, brazilian funk, funk carioca, brega funk, brazilian pop",CHAMA MEU NOME,2022-02-02,WM Brazil,2022-02-02,day,album
3zpGLSQ8QbbUnNjweWPLMD,Doja,"$NOT, A$AP Rocky","5IbEL2xjRtKsunfmsahLuO, 13ubrt8QOOCPljQ2FL1Kca",5545583,Hip Hop,rap,Doja,2022-02-04,300 Entertainment,2022-02-04,day,single
3FVa0R2evbgjVOd3bejudr,Dove Si Balla,Dargen D'Amico,7muPB2GhV0sEg2K1Fgj0Xm,1570695,,,Dove Si Balla,2022-02-02,Universal Music Italia srL.,2022-02-02,day,single
2jG3STVcZ9fjYlhXPi7nJ1,Jetlag (feat. The Plug),"Malik Montana, DaChoyce, SRNO, The Plug","1Kjs5u8GQf6zCFdTj6SI9E, 6nStjcAtMWhraEtrTrePkl, 0Kwf0zcciIFGLCKiqNcO6Q, 5r3fI2q1YU3QyVP7oncOQ9",1603221,Electronic,grime,Jetlag (feat. The Plug),2022-02-06,Epic/Malik Montana,2022-02-06,day,single
1ZdhOMWyFR8Iv9eylMGYg2,Mount Everest,Labrinth,2feDdbD5araYcm6JhFHHw7,99971504,,,Imagination & the Misfit Kid,2019-11-22,Syco Music,2019-11-22,day,album
2t16D9V5FmmRAJjsSpwvZf,When I R.I.P.,Labrinth,2feDdbD5araYcm6JhFHHw7,18726515,,,Euphoria (Original Score from the HBO Series),2019-10-04,Masterworks,2019-10-04,day,album
3a2jFwnts4Cf0OwJbK61SL,Gospel (with Eminem),"Dr. Dre, Eminem","6DPYiyq5kWVQS4RGwxzPC7, 7dGJo4pcD2V6oG8kP0tJRR",5028590,Hip Hop,"g-funk, gangster rap, west coast hip hop, hip hop, rap",Gospel (with Eminem),2022-02-04,Aftermath/Interscope Records,2022-02-04,day,single
6potEImiklXkwD9qFzpu15,Forever,Labrinth,2feDdbD5araYcm6JhFHHw7,21886352,,,Euphoria (Original Score from the HBO Series),2019-10-04,Masterworks,2019-10-04,day,album
3yMC1KsTwh0ceXdIe4QQAQ,Fingers Crossed,Lauren Spencer Smith,79AyR6ATpj2LTPxfb6FX50,86164572,,,Fingers Crossed,2022-01-05,"Three Name Productions, Inc./ Island Records & Republic Records",2022-01-05,day,single
2bBClS4zzrRd4Aj59NaKSv,Super Gremlin,Kodak Black,46SHBwWsqBkxI7EeeBEQG7,20881134,,,Grinding All Season,2022-02-08,Atlantic Records,2022-02-08,day,single
35wvL50xvKpCHEJPxLOLPI,Si Estuviésemos Juntos,['Bad Bunny'],['4q3ewBCX7sLwd24euuV69X'],4890660,Latin,"reggaeton, trap latino, latin, urbano latino",X 100PRE,2018-12-23,Rimas Entertainment LLC,2018-12-23,day,album
69vlMrzHwATKzupwNcUPyK,La Santa,"['Bad Bunny', 'Daddy Yankee']","['4q3ewBCX7sLwd24euuV69X', '4VMYDCV2IEDYJArk749S6m']",82385304,Latin,"reggaeton, trap latino, latin, urbano latino",YHLQMDLG,2020-02-29,Rimas Entertainment LLC,2020-02-29,day,album
7CAdT0HdiQNlt1C7xk2hep,Stay Alive (Prod. SUGA of BTS),Jung Kook,6HaGTQPmzraVmaVxvz6EUc,49223500,Pop,k-pop,Stay Alive (Prod. SUGA of BTS),2022-02-11,BIGHIT MUSIC,2022-02-11,day,single
6N1K5OVVCopBjGViHs2IvP,The Joker And The Queen (feat. Taylor Swift),"Ed Sheeran, Taylor Swift","6eUKZXaKkcviH0Ku9w2n3V, 06HL4z0CvFAxyc27GXpf02",35739243,Pop,"soft pop, ",The Joker And The Queen (feat. Taylor Swift),2022-02-11,Atlantic Records UK,2022-02-11,day,single
4huBDGP4I3S0pYI0EaRN1c,City of Gods,"Fivio Foreign, Kanye West, Alicia Keys","14CHVeJGrR5xgUGQFV5BVM, 5K4W6rqBFWDnAN6FQUkS6x, 3DiDSECUqqY1AuBP8qtaIa",22636945,"Hip Hop, R&B, Pop","brooklyn drill, new york drill, drill, uk drill, rap, r&b, neo soul",City of Gods,2022-02-11,RichFish/Columbia,2022-02-11,day,single
59CfNbkERJ3NoTXDvoURjj,Boyfriend,Dove Cameron,2W8yFh0Ga6Yf3jiayVxwkE,304651042,,,Boyfriend,2022-02-11,Disruptor Records/Columbia,2022-02-11,day,single
1ri9ZUkBJVFUdgwzCnfcYs,MAMIII,"Becky G, KAROL G","4obzFoKoKRHIphyHzJ35G3, 790FomKkXshlbRYZFtlgla",243217751,Latin,"reggaeton, latin, urbano latino",MAMIII,2022-02-10,Kemosabe Records/RCA Records,2022-02-10,day,single
7lcI4X8RZxK4zIknJcwpBq,Bussin,"Nicki Minaj, Lil Baby","0hCNtLu0JehylgoiP8L4Gh, 5f7VJjfbwm532GiveGC0ZK",5146734,,,Bussin,2022-02-11,Republic Records,2022-02-11,day,single
66bLKGXOk3kPWWHP7Tbrki,Celebrity Skin,Doja Cat,5cj0lLjcoR7YOSnhnX0Po5,1091350,,,Celebrity Skin,2022-02-11,Kemosabe Records/RCA Records,2022-02-11,day,single
3YFnfm9z8RmPFIZ7C16u4e,Doja,"$NOT, A$AP Rocky","5IbEL2xjRtKsunfmsahLuO, 13ubrt8QOOCPljQ2FL1Kca",1080441,Hip Hop,rap,Ethereal,2022-02-11,300 Entertainment,2022-02-11,day,album
70pwY1UfPmSVE3ybPjFy0p,Worst Day,Future,1RyvyyTE3xzB2ZywiAwp0i,2644480,Hip Hop,rap,Worst Day,2022-02-11,Epic,2022-02-11,day,single
4Yi4RRhp3nfKR1FDbXlHBp,Pensando a lei,Shiva,2K5nCggbhSZ00YCYP5qkZS,906241,Hip Hop,italian trap,Pensando a lei,2022-02-11,Milano Ovest,2022-02-11,day,single
503OTo2dSqe7qk76rgsbep,Still D.R.E.,"Dr. Dre, Snoop Dogg","6DPYiyq5kWVQS4RGwxzPC7, 7hJcb9fa4alzcOq3EaNPoG",106867195,Hip Hop,"g-funk, gangster rap, west coast hip hop, hip hop, rap",2001,1999-11-16,Aftermath,1999-11-16,day,album
0fv2KH6hac06J86hBUTcSf,NEW MAGIC WAND,"['Tyler, The Creator']",['4V8LLVI7PbaPR0K2TGSxFF'],18546216,,,IGOR,2019-05-17,Columbia,2019-05-17,day,album
4LwU4Vp6od3Sb08CsP99GC,The Next Episode,"Dr. Dre, Snoop Dogg","6DPYiyq5kWVQS4RGwxzPC7, 7hJcb9fa4alzcOq3EaNPoG",15773986,Hip Hop,"g-funk, gangster rap, west coast hip hop, hip hop, rap",2001,1999-11-16,Aftermath,1999-11-16,day,album
7iL6o9tox1zgHpKUfh9vuC,In Da Club,50 Cent,3q7HBObVc0L8jNeTe5Gofh,66287722,Hip Hop,east coast hip hop,Get Rich Or Die Tryin',2003-02-06,Shady Records,2003-02-06,day,album
3ia3dJETSOllPsv3LJkE35,California Love - Original Version,"2Pac, Roger, Dr. Dre","1ZwdS5xdxEREPySFridCfh, 3GMoVpWJy4smKuxFuFTwXC, 6DPYiyq5kWVQS4RGwxzPC7",5671702,"Hip Hop, R&B","gangster rap, west coast hip hop, g-funk, hip hop, quiet storm, rap",Greatest Hits,1998-01-01,2Pac Greatest Hits,1998-01-01,day,compilation
7iXF2W9vKmDoGAhlHdpyIa,Forgot About Dre,"Dr. Dre, Eminem","6DPYiyq5kWVQS4RGwxzPC7, 7dGJo4pcD2V6oG8kP0tJRR",2879370,Hip Hop,"g-funk, gangster rap, west coast hip hop, hip hop, rap",2001,1999-11-16,Aftermath,1999-11-16,day,album
7KXjTSCq5nL1LoYtL7XAwS,HUMBLE.,['Kendrick Lamar'],['2YZyLoL8N0Wb9xBt1NhZWg'],7133190,Hip Hop,"hip hop, west coast hip hop",DAMN.,2017-04-14,Aftermath,2017-04-14,day,album
3UmaczJpikHgJFyBTAJVoz,Stan,"Eminem, Dido","7dGJo4pcD2V6oG8kP0tJRR, 2mpeljBig2IXLXRAFO9AAs",47713425,Hip Hop,"rap, hip hop, ",The Marshall Mathers LP,2000-05-23,Interscope,2000-05-23,day,album
7FIWs0pqAYbP91WWM0vlTQ,Godzilla (feat. Juice WRLD),"['Eminem', 'Juice WRLD']","['7dGJo4pcD2V6oG8kP0tJRR', '4MCBfE4596Uoi2O4DtmEMz']",45581826,Hip Hop,"rap, hip hop, melodic rap, emo rap",Music To Be Murdered By,2020-01-17,Shady/Aftermath/Interscope Records,2020-01-17,day,album
1dGr1c8CrMLDpV6mPbImSI,Lover,['Taylor Swift'],['06HL4z0CvFAxyc27GXpf02'],4905093,,,Lover,2019-08-23,Taylor Swift,2019-08-23,day,album
7BqBn9nzAq8spo5e7cZ0dJ,Just the Way You Are,['Bruno Mars'],['0du5cEVh5yTK9QJze8zA0C'],32458306,,,Doo-Wops & Hooligans,2010-05-11,Atlantic Records,2010-05-11,day,album
1Slwb6dOYkBlWal1PGtnNg,Thinking out Loud,['Ed Sheeran'],['6eUKZXaKkcviH0Ku9w2n3V'],861870,Pop,soft pop,x (Wembley Edition),2013-00-00,Atlantic Records UK,2013,year,album
2J2Z1SkXYghSajLibnQHOa,Unstoppable,Sia,5WUlDfRSoLAfcVSX1WnrxN,312877534,,,This Is Acting,2016-01-29,Monkey Puzzle Records/RCA Records,2016-01-29,day,album
6yvxu91deFKt3X1QoV6qMv,Arabic Kuthu - Halamithi Habibo (From  Beast ),"Anirudh Ravichander, Jonita Gandhi","4zCH9qm4R2DADamUHMCa6O, 00sCATpEvwH48ays7PlQFU",5109531,"Hip Hop, Pop","kollywood, tamil pop, tamil dance, tollywood, tamil hip hop, telugu pop, bollywood, hindi pop, desi",Arabic Kuthu - Halamithi Habibo (From  Beast ),2022-02-14,Sun Pictures,2022-02-14,day,single
62Yo3FDddWY8ydu6PW2wyz,Nail Tech,Jack Harlow,2LIk90788K0zvyj2JJVwkJ,83198226,,,Nail Tech,2022-02-18,Generation Now/Atlantic,2022-02-18,day,single
0UXlu64mDLvfzR8IXMz06J,Ya No Somos Ni Seremos,Christian Nodal,0XwVARXT135rw8lyw1EeWP,61517706,Latin,"banda, ranchera, mariachi, norteño, música mexicana, grupera",Ya No Somos Ni Seremos,2022-02-18,"Producciones Ladon, S.A de C.V./Sony Music México",2022-02-18,day,single
7vrKEP66NdiQDPryPG6olO,Bad Habits (feat. Bring Me The Horizon),"Ed Sheeran, Bring Me The Horizon","6eUKZXaKkcviH0Ku9w2n3V, 1Ffb6ejR6Fe5IamqA5oRUF",1257665,"Rock, Metal, Pop","soft pop, metalcore, emo, screamo, rock, post-hardcore, metal",Bad Habits (feat. Bring Me The Horizon),2022-02-08,Atlantic Records UK,2022-02-08,day,single
5zNxUkUW9WiV5oyg6gh2wB,DANÇARINA,"PEDRO SAMPAIO, Mc Pedrinho","5wbf52LA6kcaboHSN6NEF1, 1etNnR2SdlelBQAICa2Q5m",95931225,"Hip Hop, Pop, R&B","funk, funk pop, brazilian funk, funk carioca, brega funk, brazilian pop",CHAMA MEU NOME,2022-02-02,WM Brazil,2022-02-02,day,album
7qT1uoiwvXEHSjaiHbw0n1,Geççek,Tarkan,2yMN0IP20GOaN6q0p0zL5k,1007472,Pop,"turkish pop, t-pop",Geççek,2022-02-17,HİTT MÜZİK PRD.,2022-02-17,day,single
60gTdTwaNtGAzIxKfeGVfJ,Love's Train,"Bruno Mars, Anderson .Paak, Silk Sonic","0du5cEVh5yTK9QJze8zA0C, 3jK9MiCrA42lLAdMGUZpwa, 6PvvGcCY2XtUcSRld1Wilr",929343,,,Love's Train,2022-02-14,Aftermath Entertainment/Atlantic,2022-02-14,day,single
1M5OUvKG03C0QtzvxRS4Zk,Depende,"Dj Guuga, Wesley Safadão, Zé Felipe","1cNPXWhKfjI0fT5EMCnamR, 1AL2GKpmRrKXkYIcASuRFa, 7cmuxPnXRJxwuYDHfbD8Eu",10868721,"Country, Hip Hop, Pop, R&B, Latin","funk, piseiro, brega funk, brazilian funk, arrocha, forró, sertanejo, sertanejo universitário, agronejo",Depende,2022-01-21,Goldmann South America,2022-01-21,day,single
53RxHysDJ0cjugMcPymwja,ABALO EMOCIONAL - Ao Vivo,Luan Santana,3qvcCP2J0fWi0m0uQDUf6r,18014821,"Country, Latin","sertanejo, sertanejo universitário, arrocha",LUAN CITY AVENIDA AMARILDO SANTANA (Ao Vivo),2022-02-03,Sony Music Entertainment,2022-02-03,day,single
5gflgO9EPbIBf16n5TKnQS,Yo Voy (feat. Daddy Yankee),Zion & Lennox,21451j1KhjAiaYKflxBjr1,184898784,Latin,"reggaeton, latin",Motivando a la Yal,2004-05-04,Baby Records Inc,2004-05-04,day,album
7BKLCZ1jbUBVqRi2FVlTVw,Closer,"['The Chainsmokers', 'Halsey']","['69GGBxA162lTqCwzJG5jLp', '26VFTg2z8YR0cCuwLzESi2']",8292609,,,Closer,2016-07-29,Disruptor Records/Columbia,2016-07-29,day,single
60a0Rd6pjrkxjPbaKzXjfq,In the End,['Linkin Park'],['6XyY86QOPPrYVGvF9ch6wz'],2302655,"Metal, Rock","nu metal, rap metal, rock, alternative metal",Hybrid Theory (Bonus Edition),2000-10-24,Warner Records,2000-10-24,day,album
1O2pcBJGej0pmH2Y9XZMs6,Una Noche en Medellín,Cris Mj,1Yj5Xey7kTwvZla8sqdsdE,450179365,"Latin, Hip Hop","reggaeton chileno, chilean trap, chilean mambo, reggaeton",Una Noche en Medellín,2022-01-21,Nabru Records LLC,2022-01-21,day,single
5kqNIqFjijuzvVLhuY9B8j,La Zona,['Bad Bunny'],['4q3ewBCX7sLwd24euuV69X'],35925625,Latin,"reggaeton, trap latino, latin, urbano latino",YHLQMDLG,2020-02-29,Rimas Entertainment LLC,2020-02-29,day,album
54VFhe501kUbDYj2OrueMp,AHHH HA,Lil Durk,3hcs9uc56yIGFCSy9leWe7,1653650,Hip Hop,drill,AHHH HA,2022-02-22,Alamo,2022-02-22,day,single
6RUKPb4LETWmmr3iAEQktW,Something Just Like This,"['The Chainsmokers', 'Coldplay']","['69GGBxA162lTqCwzJG5jLp', '4gzpq5DPGxSnKTe4SA8HAU']",103647696,,,Memories...Do Not Open,2017-04-07,Disruptor Records/Columbia,2017-04-07,day,album
0qYW2jULeN9giEty0ee9Fy,Botadinha Saliente,Rogerinho,5JbQpbeFaKfuZVFzKwaawP,13647915,"Country, Pop, R&B, Latin","piseiro, arrocha, forró, pagode baiano, brega funk, brega, funk",Botadinha Saliente,2022-01-28,MC Rogerinho Oficial,2022-01-28,day,single
1Y5Jvi3eLi4Chwqch9GMem,Super Gremlin,Kodak Black,46SHBwWsqBkxI7EeeBEQG7,59389978,,,Back For Everything,2022-02-25,Atlantic Records,2022-02-25,day,album
3vySEUpD0tc801F2WZDLYw,Freaky Deaky,"Tyga, Doja Cat","5LHRHt1k9lMyONurDHEdrp, 5cj0lLjcoR7YOSnhnX0Po5",27848805,,,Freaky Deaky,2022-02-25,Kemosabe / RCA Records / Last Kings Music / EMPIRE,2022-02-25,day,single
4RAR8g8fZNB106ezUurnE0,Dancing Feet (feat. DNCE),"Kygo, DNCE","23fqKkggKUBHNkbKtXEls4, 6T5tfhQCknKG4UnH90qGnz",1021251,Electronic,"tropical house, ",Dancing Feet (feat. DNCE),2022-02-25,Kygo/RCA Records,2022-02-25,day,single
3jHYDEB0YUNJCSEMF2um60,CHICKEN TERIYAKI,ROSALÍA,7ltDVBr6mKbRvohxheJ9h1,952111,Latin,latin,CHICKEN TERIYAKI,2022-02-24,Columbia,2022-02-24,day,single
1VSngtLdJhrlfHkLxTyOXK,King,Florence + The Machine,1moxjboGR7GNWYIMWsRjgG,842986,Pop,baroque pop,King,2022-02-23,Polydor Records,2022-02-23,day,single
2rDZhKnPaPG054ExZ6nXUS,Jordan,Ryan Castro,7j6DKwmjbxvpQO8h914uEz,155942330,Latin,reggaeton,Jordan,2021-04-30,King Records,2021-04-30,day,single
2wSCalnGOnXdAJC0Fn8OUY,Vai Lá Em Casa Hoje,"George Henrique & Rodrigo, Marília Mendonça","3FlCKtwOEYQQYyGVEbxG2Z, 1yR65psqiazQpeM79CcGh8",10687058,"Country, Latin","sertanejo, sertanejo universitário, arrocha, agronejo, forró",Vai Lá Em Casa Hoje,2021-10-22,Worldshow Promoções e Eventos,2021-10-22,day,single
76YSWx6L6FNsuaP6GWBb8P,All For Us,"Labrinth, Zendaya","2feDdbD5araYcm6JhFHHw7, 6sCbFbEjbYepqswM1vWjjs",45378752,,,Imagination & the Misfit Kid,2019-11-21,Syco Music,2019-11-21,day,album
5yRgMxdDhdYlbUQNCOlW3o,Não Vou Te Bloquear - Ao vivo,"Mc Don Juan, Tarcísio do Acordeon, DG e Batidão Stronda","7Lmrb6KcIzfkmgbtokjsAL, 48HORs6F9P7IgdyKrk4MZC, 7gIeuq2qBfYhO1budb6TSQ",1562912,"Country, Hip Hop, R&B, Latin, Electronic","funk, funk consciente, brazilian funk, trap funk, piseiro, forró, arrocha, sertanejo, seresta, brega",Summer (EP 1) [Ao vivo],2021-11-05,WM Brazil,2021-11-05,day,single
3qmdfYpfvKRIXmWaLllHZ3,Black Lança (Catucando Gostosinho),"MC Teteu, Dj Serpinha","6ulkDr2Bnu7Qlbrs5iDOF1, 17CbKzT0I4256iVuPvrZXr",797260,"Hip Hop, Pop, R&B","funk, brazilian funk, brega funk",Black Lança (Catucando Gostosinho),2021-12-03,2click Produções,2021-12-03,day,single
5lCAtKxkZL6tFDyGX9t87j,Eu Já Tava Bem - Ao Vivo,Wesley Safadão,1AL2GKpmRrKXkYIcASuRFa,1512112,"Country, Latin","forró, sertanejo, piseiro, arrocha, sertanejo universitário",WS On Board (Ao Vivo),2022-01-07,Som Livre,2022-01-07,day,album
0dcnrLo8s1rhjm8euGjI4n,DARARI,TREASURE,3KonOYiLsU53m4yT7gNotP,35101227,Pop,k-pop,THE SECOND STEP : CHAPTER ONE,2022-02-15,YG Entertainment,2022-02-15,day,single
6LtHYDgYHRCHoKK3snfr2w,I’m Tired (with Zendaya) - Bonus Track,"Labrinth, Zendaya","2feDdbD5araYcm6JhFHHw7, 6sCbFbEjbYepqswM1vWjjs",42620406,,,I’m Tired (with Zendaya) - Bonus Track,2022-02-28,Columbia,2022-02-28,day,single
5TXDeTFVRVY7Cvt0Dw4vWW,Revenge,['XXXTENTACION'],['15UsOTVnJzReFVN1VCnxy4'],218306508,Hip Hop,emo rap,17,2017-08-25,Bad Vibes Forever / EMPIRE,2017-08-25,day,album
30bqVoKjX479ab90a8Pafp,Star Shopping,['Lil Peep'],['2kCcBybjl3SAtIcwdWpUe3'],4521867,Hip Hop,"emo rap, cloud rap",Star Shopping,2015-00-00,Lil Peep,2015,year,single
1kBMIYqe0ILRUJZ7K2PV0k,Cigarettes,Juice WRLD,4MCBfE4596Uoi2O4DtmEMz,787583,Hip Hop,"melodic rap, emo rap",Fighting Demons (Extended Edition),2021-12-10,Grade A Productions/Interscope Records,2021-12-10,day,album
3GZD6HmiNUhxXYf8Gch723,Lost,Frank Ocean,2h93pZq0e7k5yf4dywlkpM,79863397,,,channel ORANGE,2012-07-10,Red Zone Entertainment / IDJ,2012-07-10,day,album
1qDrWA6lyx8cLECdZE7TV7,Somebody That I Used To Know,"['Gotye', 'Kimbra']","['2AsusXITU8P25dlRNhcAbG', '6hk7Yq1DU9QcCCrz9uc0Ti']",3768284,,,Making Mirrors,2011-01-01,Universal-Island Records Ltd.,2011-01-01,day,album
74WROFXsox6wkeUrEK2DS6,Chale,Eden Muñoz,1gJdf4Yybu4X5A2xYV3NMV,78318444,Latin,"banda, corrido, norteño, corridos bélicos, corridos tumbados, música mexicana",Chale,2022-02-18,Lizos Music,2022-02-18,day,single
2dG9k8jtnkjzJjUToz9i9i,"Residente: Bzrp Music Sessions, Vol. 49","Bizarrap, Residente","716NhGYqD1jl2wI1Qkgq36, 5GcWBUX00IPuWVGMIRK1sS",25147778,"Hip Hop, Latin","argentine trap, trap latino, urbano latino, latin hip hop","Residente: Bzrp Music Sessions, Vol. 49",2022-03-03,DALE PLAY Records,2022-03-03,day,single
0QBzMgT7NIeoCYy3sJCof1,Bam Bam (feat. Ed Sheeran),"Camila Cabello, Ed Sheeran","4nDoRrQiYLoBzwC5BhVJzF, 6eUKZXaKkcviH0Ku9w2n3V",79588344,Pop,"pop, soft pop",Bam Bam (feat. Ed Sheeran),2022-03-04,Epic,2022-03-04,day,single
6tTeRmhhuwDl5Y4UiJdHuO,attention (with Justin Bieber),"Omah Lay, Justin Bieber","5yOvAmpIR7hVxiS6Ls5DPO, 1uNFoZAHBGtllmzznpCI3s",7741194,"R&B, Traditional music, Pop","afrobeats, afrobeat, afropop, afropiano, afro soul, alté, afroswing, ",attention (with Justin Bieber),2022-03-03,KeyQaad/Sire Records,2022-03-03,day,single
374EllG6WyKdKvklfanNZT,ay! (feat. Lil Wayne),"mgk, Lil Wayne","6TIYQ3jFPwQSRmorSezPxX, 55Aa2cqylxrFIXC767Z865",6506771,Hip Hop,"rap, hip hop",ay! (feat. Lil Wayne),2022-03-04,Bad Boy/Interscope Records,2022-03-04,day,single
531KGXtBroSrOX9LVmiIgc,Starlight,Dave,6Ip8FS7vWT1uKkJSweANQK,82300930,"Hip Hop, Electronic, Pop","grime, uk drill, drill",Starlight,2022-03-03,Dave / Neighbourhood Recordings,2022-03-03,day,single
7JIIY2oDPFkURYMCLJuzhe,Elliot's Song - From  Euphoria  An HBO Original Series,"Dominic Fike, Zendaya","6USv9qhCn6zfxlBQIYJ9qs, 6sCbFbEjbYepqswM1vWjjs",5402370,,,Elliot's Song (From  Euphoria  An HBO Original Series),2022-03-04,Columbia,2022-03-04,day,single
7k0wVBW3cvV6Xmb87JikIf,Last Call,Khalid,6LuN9FCkKOj5PcnpouEgny,1132010,,,Last Call,2022-03-03,"Right Hand Music Group, LLC/RCA Records",2022-03-03,day,single
1CsuHmKOfCYxPoO4xjlAWV,L’enfer,Stromae,5j4HeCoUlzhfWtjAfM1acR,3450681,Pop,french pop,Multitude,2022-03-03,Universal Music Division Carthage Music,2022-03-03,day,album
1W1N3usYjgI3XGQA0iX9Vq,Sehnsucht,"Miksu / Macloud, t-low","76dRoxKtDwYkgCQePok9cU, 3tQzzidoPfVifoURnDfgmD",2583954,Hip Hop,german hip hop,Sehnsucht,2022-03-04,FUTURA,2022-03-04,day,single
6w2jx3gzQAtoKP22czcANv,Fils de joie,Stromae,5j4HeCoUlzhfWtjAfM1acR,964672,Pop,french pop,Multitude,2022-03-03,Universal Music Division Carthage Music,2022-03-03,day,album
3Mcxi78U3lCjt8DMKa6YY4,Santé,Stromae,5j4HeCoUlzhfWtjAfM1acR,832808,Pop,french pop,Multitude,2022-03-03,Universal Music Division Carthage Music,2022-03-03,day,album
48fzAdCxamFYCHNXXLk6zn,showdown,shadowraze,0TO6y1x0LQodwBnxGtQu9o,1643780,"Pop, Hip Hop","phonk, hyperpop",showdown,2022-03-04,Союз Мьюзик,2022-03-04,day,single
2GiZ3sC2p1Cc2t2gbdMKsN,Invaincu,Stromae,5j4HeCoUlzhfWtjAfM1acR,806715,Pop,french pop,Multitude,2022-03-03,Universal Music Division Carthage Music,2022-03-03,day,album
4UG2Fm0E98LhE2dlNxiAXx,this is what falling in love feels like,JVKE,164Uj4eKjl6zTBKfJLFKKK,32654893,,,this is what falling in love feels like,2021-09-03,JVKE,2021-09-03,day,single
3IAfUEeaXRX9s9UdKOJrFI,Envolver,Anitta,7FNnA9vBm6EKceENgCGRMb,107665227,"Pop, R&B, Hip Hop, Latin","brazilian pop, funk pop, funk carioca, funk, pagode baiano",Envolver,2021-11-11,WEA Latina,2021-11-11,day,single
3GaGWoU1KfVqgl7vnRHP55,Demasiadas Mujeres,C. Tangana,5TYxZTjIPqKM8K8NuP9woO,76700067,Latin,flamenco,El Madrileño,2021-02-26,Sony Music Entertainment,2021-02-26,day,album
2hHeGD57S0BcopfVcmehdl,Hati-Hati di Jalan,Tulus,2iDVt6mFbtbDEZG5ax0dTi,37071993,"Rock, Pop","indonesian pop, indonesian indie",Manusia,2022-03-03,TulusCompany,2022-03-03,day,album
2WL6GQzPuK9Nrpy9XwNEbz,Something In The Way - Remastered,Nirvana,6olE6TJLqED3rqDCT0FyPh,88095740,Rock,"grunge, rock",Nevermind (30th Anniversary Super Deluxe),1991-09-24,Geffen,1991-09-24,day,album
1m2PksrrMpIev63uPxT1V0,O.O,NMIXX,28ot3wh4oNmoFOdVajibBl,5210211,Pop,k-pop,AD MARE,2022-02-22,JYP Entertainment,2022-02-22,day,single
7BbaIYAdi3pg4MGl6PHwPv,Monëy so big,Yeat,3qiHUAX7zY4Qnjx8TNUzVx,21360368,Hip Hop,rage rap,Up 2 Më,2021-09-10,TwizzyRich,2021-09-10,day,album
1ojBtNRMzjL7ptLPZCzfRz,Thinking with My Dick (feat. Juicy J),"Kevin Gates, Juicy J","1gPhS1zisyXr5dHTYZyiMe, 5gCRApTajqwbnHHPbr2Fpi",14099168,Hip Hop,"memphis rap, crunk",Stranger Than Fiction,2013-07-16,Bread Winners' Association/Atlantic,2013-07-16,day,album
7mFj0LlWtEJaEigguaWqYh,Sweetest Pie,"Megan Thee Stallion, Dua Lipa","181bsRPaVXVlUKXrxwZfHK, 6M2wZ9GZgrQXHCFfjv46we",163739530,Pop,pop,Sweetest Pie,2022-03-11,300 Entertainment,2022-03-11,day,single
1TDeDFUYHjZKLsO6bzoVg1,"OPEN A WINDOW (feat. Tyler, The Creator)","Rex Orange County, Tyler The Creator","7pbDxGE6nQSZVfiFdq9lOL, 4V8LLVI7PbaPR0K2TGSxFF",1988365,Pop,"bedroom pop, ",WHO CARES?,2022-03-11,Rex Orange County,2022-03-11,day,album
0HqZX76SFLDz2aW8aiqi7G,Bones,Imagine Dragons,53XhwfbYqKCa1cC15pYq2q,129379350,,,Bones,2022-03-11,KIDinaKORNER/Interscope Records,2022-03-11,day,single
40mxAPW0mpgZ4EGPWiFxt9,iPad,The Chainsmokers,69GGBxA162lTqCwzJG5jLp,993456,,,iPad,2022-03-11,Disruptor Records/Columbia,2022-03-11,day,single
6eOGjyegLDZqCvCZ3divgp,Zeit,Rammstein,6wWVKhxIU2cEi0K81v7HvP,943594,"Rock, Metal","industrial metal, metal, industrial rock, industrial",Zeit,2022-03-10,Rammstein,2022-03-10,day,single
0VlpgNPHWCyh8xxLcaK2fp,Petty Too (feat. Future),"Lil Durk, Future","3hcs9uc56yIGFCSy9leWe7, 1RyvyyTE3xzB2ZywiAwp0i",875254,Hip Hop,"drill, rap",7220,2022-03-11,Alamo,2022-03-11,day,album
4EVzu5mYyigjyLrryKbZs7,VERMELHO,Gloria Groove,7rXMvXRnWHaSwnVvPeUUfw,2440047,"Hip Hop, Pop, Latin","brazilian pop, funk pop, pagode, brazilian funk",LADY LESTE,2022-02-10,SB Music,2022-02-10,day,album
7cx9L3i88euMfx1oNCqDAD,Ella - Remix,"Boza, Lunay, Lenny Tavárez, Juhn, Beéle","2NfSBtmWe7oPw1EmetJVso, 47MpMsUfWtgyIIBEFOr4FE, 1pQWsZQehhS4wavwh7Fnxd, 2LmcxBak1alK1bf7d1beTr, 7a0XAaPaK2aDSqa8p3QnC7",767749,"Hip Hop, Latin","reggaeton, urbano latino, trap latino, argentine trap",Bucle,2022-03-11,Sony Music Latin,2022-03-11,day,album
697bFWgzBRm6bmnYWd8GyD,Hold Me Closer,Cornelia Jakobs,7cYZ8F0N2jby95FsxU9hh4,1915776,,,Hold Me Closer,2022-02-26,WM Sweden,2022-02-26,day,single
5qaEfEh1AtSdrdrByCP7qR,Demons,Imagine Dragons,53XhwfbYqKCa1cC15pYq2q,62048192,,,Night Visions,2012-09-04,Kid Ina Korner / Interscope,2012-09-04,day,album
0oA9wBGDY4uyILLg4GymWP,Tom's Diner,"AnnenMayKantereit, Giant Rooks","23xqmJEN3oVxwzqtNIyR5m, 5wD0owYApRtYmjPWavWKvb",59521968,Pop,"german pop, ",Tom's Diner,2019-06-28,Vertigo Berlin,2019-06-28,day,single
0IGUXY4JbK18bu9oD4mPIm,TOMBOY,(G)I-DLE,2AfmfGFbe0A0WsTYm0SDTx,7858599,Pop,k-pop,I NEVER DIE,2022-03-14,Cube Entertainment,2022-03-14,day,album
1UdzJEpgJxtuXAlCOvD4S0,Fuera del mercado,Danny Ocean,5H1nN1SzW0qNeUEZvuXjAj,230190527,Latin,reggaeton,@dannocean,2022-02-17,Atlantic Records,2022-02-17,day,album
02VBYrHfVwfEWXk5DXyf0T,Leave The Door Open,"Bruno Mars, Anderson .Paak, Silk Sonic","0du5cEVh5yTK9QJze8zA0C, 3jK9MiCrA42lLAdMGUZpwa, 6PvvGcCY2XtUcSRld1Wilr",56038569,,,An Evening With Silk Sonic,2021-11-11,Aftermath Entertainment/Atlantic,2021-11-11,day,album
1Al4Z4K76RCKj31mExavs7,maybe (feat. Bring Me The Horizon),"mgk, Bring Me The Horizon","6TIYQ3jFPwQSRmorSezPxX, 1Ffb6ejR6Fe5IamqA5oRUF",9843629,"Rock, Metal","metalcore, emo, screamo, rock, post-hardcore, metal",maybe (feat. Bring Me The Horizon),2022-03-16,Bad Boy/Interscope Records,2022-03-16,day,single
63irPUP3xB74fHdw1Aw9zR,MANIAC,Stray Kids,2dIgFjalVxs4ThymZ67YCE,1944907,Pop,k-pop,ODDINARY,2022-03-18,Republic Records - Stray Kids,2022-03-18,day,album
70AYiGbc4mWZGEqiipBBDb,CANDY,ROSALÍA,7ltDVBr6mKbRvohxheJ9h1,17778433,Latin,latin,MOTOMAMI,2022-03-18,Columbia,2022-03-18,day,album
6Y46tOTRhkBamosyuWa6YX,LA FAMA,"ROSALÍA, The Weeknd","7ltDVBr6mKbRvohxheJ9h1, 1Xyo4u8uXC1ZmMpatF05PJ",37893775,Latin,"latin, ",MOTOMAMI,2022-03-18,Columbia,2022-03-18,day,album
3i6sCTU7ENlnHpHvrHUitW,Sometimes,Juice WRLD,4MCBfE4596Uoi2O4DtmEMz,7902249,Hip Hop,"melodic rap, emo rap",Fighting Demons (Deluxe),2022-03-18,Grade A Productions/Interscope Records,2022-03-18,day,album
72jYQj3RgTR1DFLfibD71B,ARASAN DA,UZI,51DevdOxIJin6DB1FXJpD1,15451786,Hip Hop,"turkish hip hop, drill",ARASAN DA,2022-03-18,Ava Music / Avrupa Müzik,2022-03-18,day,single
2FYGZDfsAnNsrm1gVbyKnG,SAOKO,ROSALÍA,7ltDVBr6mKbRvohxheJ9h1,19036979,Latin,latin,MOTOMAMI,2022-03-18,Columbia,2022-03-18,day,album
4b3rGL8LDSkbARUUA20136,VENOM,Stray Kids,2dIgFjalVxs4ThymZ67YCE,1365155,Pop,k-pop,ODDINARY,2022-03-18,Republic Records - Stray Kids,2022-03-18,day,album
4QDpsNBlllaLGj8zbF2EE0,Charmer,Stray Kids,2dIgFjalVxs4ThymZ67YCE,1258884,Pop,k-pop,ODDINARY,2022-03-18,Republic Records - Stray Kids,2022-03-18,day,album
4kroNlz8BTfswE4M0i3YCh,HENTAI,ROSALÍA,7ltDVBr6mKbRvohxheJ9h1,2136383,Latin,latin,MOTOMAMI,2022-03-18,Columbia,2022-03-18,day,album
6hH6QJ9ZAO0Z6m7PfvLoXW,CHICKEN TERIYAKI,ROSALÍA,7ltDVBr6mKbRvohxheJ9h1,5204354,Latin,latin,MOTOMAMI,2022-03-18,Columbia,2022-03-18,day,album
2L7hSYdvF0CtaM6JisfKEG,FREEZE,Stray Kids,2dIgFjalVxs4ThymZ67YCE,1150668,Pop,k-pop,ODDINARY,2022-03-18,Republic Records - Stray Kids,2022-03-18,day,album
4srcMdbm2qzVG98tJajHxp,Pantysito,"Alejo, Feid, ROBI","50sIhX3HytFEwQXZJLUZQE, 2LRoIwlKmHjgvigdNGBHNo, 6ISKc7ev3V4EGnEagkXexc",120571282,Latin,"reggaeton, urbano latino",Pantysito,2022-03-18,UMLE - Latino,2022-03-18,day,single
6Jrdb6CFOJEGaHjaa6c4WR,IDGAF (with blackbear),"BoyWithUke, blackbear","1Cd373x8qzC7SNUg5IToqp, 2cFrymmkijnjDg9SS92EPM",29787403,,,IDGAF,2022-03-18,Republic Records,2022-03-18,day,single
4kXxEhuatrvwrTQycA7s9B,BIZCOCHITO,ROSALÍA,7ltDVBr6mKbRvohxheJ9h1,18310047,Latin,latin,MOTOMAMI,2022-03-18,Columbia,2022-03-18,day,album
2xo84jGkxFPrZmmBtS3Pkd,Lonely St.,Stray Kids,2dIgFjalVxs4ThymZ67YCE,1004905,Pop,k-pop,ODDINARY,2022-03-18,Republic Records - Stray Kids,2022-03-18,day,album
5tmrMIajDQRBcJQPaoAGdk,BULERÍAS,ROSALÍA,7ltDVBr6mKbRvohxheJ9h1,918279,Latin,latin,MOTOMAMI,2022-03-18,Columbia,2022-03-18,day,album
0oHn3CGVerdfLqIrN6CT42,"Muddy Water (Changbin, Hyunjin, HAN, Felix)",Stray Kids,2dIgFjalVxs4ThymZ67YCE,905567,Pop,k-pop,ODDINARY,2022-03-18,Republic Records - Stray Kids,2022-03-18,day,album
2LzRBroL4J9pXLf1Nsen4s,"Waiting For Us (Bang Chan, Lee Know, Seungmin, I.N)",Stray Kids,2dIgFjalVxs4ThymZ67YCE,894522,Pop,k-pop,ODDINARY,2022-03-18,Republic Records - Stray Kids,2022-03-18,day,album
6ygEPi8EtVkUO0Xarcgs63,MOTOMAMI,ROSALÍA,7ltDVBr6mKbRvohxheJ9h1,884476,Latin,latin,MOTOMAMI,2022-03-18,Columbia,2022-03-18,day,album
2MismgPSA3HxJUEV2pEl25,G3 N15,ROSALÍA,7ltDVBr6mKbRvohxheJ9h1,881620,Latin,latin,MOTOMAMI,2022-03-18,Columbia,2022-03-18,day,album
5dry5tz8yLcLuOJ3l6ZEQd,Used to Know Me,Charli xcx,25uiPmTg16RbhZWAqwLBy5,881302,Pop,"hyperpop, art pop",CRASH,2022-03-18,Atlantic Records,2022-03-18,day,album
5gCNf9wMVrYuM2fvfgLTlF,LA COMBI VERSACE,"ROSALÍA, Tokischa","7ltDVBr6mKbRvohxheJ9h1, 2p4aN0Uxkk3iT3HK0cJ2cJ",848334,"Latin, Electronic","latin, dembow, neoperreo",MOTOMAMI,2022-03-18,Columbia,2022-03-18,day,album
4QlMiL1BPCBzLfn1XbSkpg,DIABLO,ROSALÍA,7ltDVBr6mKbRvohxheJ9h1,834316,Latin,latin,MOTOMAMI,2022-03-18,Columbia,2022-03-18,day,album
7BDHDiidJ8WV349p3HTxTV,MANIAC,Stray Kids,2dIgFjalVxs4ThymZ67YCE,30847590,Pop,k-pop,ODDINARY,2022-03-18,Sony Music Labels Inc.,2022-03-18,day,album
3uwnnTQcHM1rDqSfA4gQNz,Cool for the Summer,Demi Lovato,6S2OmqARrzebs0tKUEyXyp,88481582,,,Confident,2015-01-01,Hollywood Records,2015-01-01,day,album
3sd2p4kE7xQmFH3lPnFl6h,sentaDONA (Remix) s2,"Davi Kneip, Mc Frog, Dj Gabriel do Borel, Luísa Sonza","6rygauyIMQJrXRC4e5rQJP, 5xKesKsXI1jv2TorLOnbbm, 6HJiLhKqnOh32p3LSNWsR3, 4PzYKhC14sTJNEr0dzoo0d",54381929,"Country, Hip Hop, Pop, R&B, R&b","funk de bh, funk, brega funk, agronejo, funk pop, brazilian funk, funk carioca, brazilian pop",sentaDONA (Remix) s2,2022-03-17,Davi Kneip,2022-03-17,day,single
4bV5sf2B4hWBBd5HQ8S7KB,Nobody Like U,"4*TOWN (From Disney and Pixar’s Turning Red), Jordan Fisher, Finneas O'Connell, Topher Ngo, Grayson Villanueva, Josh Levi","7jLpPyJ5gQxCvwiBsUfFu6, 60wslYioiBcxSTInM4nIy2, 7hCuNVmOMT7ntattMgmL96, 10WKlp1bjWxC1IWbpX4Q6l, 0wSCwQI0t7XUj0zdGO25PZ, 6NvsNA4Ea62yJh7ePTS8gz",24797303,,,Turning Red (Original Motion Picture Soundtrack),2022-03-11,Walt Disney Records,2022-03-11,day,album
0y60itmpH0aPKsFiGxmtnh,Wait a Minute!,['WILLOW'],['3rWZHrfrsPBxVy692yAIxF'],216445592,,,ARDIPITHECUS,2015-01-11,Roc Nation W Smith P&D,2015-01-11,day,album
5VwOAFFqlLikti3l1RJnPz,VENOM,Stray Kids,2dIgFjalVxs4ThymZ67YCE,790957,Pop,k-pop,ODDINARY,2022-03-18,Sony Music Labels Inc.,2022-03-18,day,album
1oFAF1hdPOickyHgbuRjyX,Save Your Tears (Remix) (with Ariana Grande) - Bonus Track,"The Weeknd, Ariana Grande","1Xyo4u8uXC1ZmMpatF05PJ, 66CXWjxzNUsdJxJ2JdwvnR",290018723,Pop,pop,After Hours (Deluxe),2020-03-20,XO / Republic Records,2020-03-20,day,album
4UPQiDmYScn2C6S2C2WATY,Just a Cloud Away,Pharrell Williams,2RdwBSPQiwcmiDo9kixcl8,4649367,,,Despicable Me 2 (Original Motion Picture Soundtrack),2013-06-18,Back Lot Music,2013-06-18,day,compilation
2oBMZYteeO8DyXV9gDx6Za,Feel My Rhythm,Red Velvet,1z4g3DjTBBZKhvAroFlhOM,17743072,Pop,k-pop,‘The ReVe Festival 2022 - Feel My Rhythm’,2022-03-21,SM Entertainment,2022-03-21,day,single
5lAnYvAIkSDNXqfo7DyFUm,Ain't Shit,['Doja Cat'],['5cj0lLjcoR7YOSnhnX0Po5'],29347231,,,Planet Her,2021-06-25,Kemosabe Records/RCA Records,2021-06-25,day,album
2PipF4mcI9d6cqq5AAp7GU,Save Your Tears (Remix) (with Ariana Grande) - Bonus Track,"The Weeknd, Ariana Grande","1Xyo4u8uXC1ZmMpatF05PJ, 66CXWjxzNUsdJxJ2JdwvnR",1450816,Pop,pop,After Hours (Deluxe),2020-03-20,XO / Republic Records,2020-03-20,day,album
2gpQi3hbcUAcEG8m2dlgfB,Plan A,Paulo Londra,3vQ0GE3mI0dAaxIMYe5g7z,118948217,"Hip Hop, Latin","argentine trap, trap latino, reggaeton",Plan A,2022-03-23,WEA Latina,2022-03-23,day,single
50kpGaPAhYJ3sGmk6vplg0,Love Yourself,Justin Bieber,1uNFoZAHBGtllmzznpCI3s,26731365,,,Purpose (Deluxe),2015-11-13,RBMG/Def Jam,2015-11-13,day,album
48AJSd42lXpicsGqcgopof,X ÚLTIMA VEZ,"Daddy Yankee, Bad Bunny","4VMYDCV2IEDYJArk749S6m, 4q3ewBCX7sLwd24euuV69X",194182851,Latin,"reggaeton, latin, trap latino, urbano latino",LEGENDADDY,2022-03-25,Republic Records,2022-03-25,day,album
0bBd6K5X4W7t9GyXcaVOA7,Sigue,"J Balvin, Ed Sheeran","1vyhD5VmyZ7KMfW5gqLgo5, 6eUKZXaKkcviH0Ku9w2n3V",23382361,"Latin, Pop","reggaeton, latin, soft pop",Sigue/Forever My Love,2022-03-25,Universal Music Latino / Asylum Records UK,2022-03-25,day,single
3XjN0mvFkQp1FMVM9Ro5hm,RUMBATÓN,Daddy Yankee,4VMYDCV2IEDYJArk749S6m,40511971,Latin,"reggaeton, latin",LEGENDADDY,2022-03-25,Republic Records,2022-03-25,day,album
50eJOxJiGmJ7PBZaTKpje1,make up sex (feat. blackbear),"mgk, blackbear","6TIYQ3jFPwQSRmorSezPxX, 2cFrymmkijnjDg9SS92EPM",8148252,,,mainstream sellout,2022-03-25,Bad Boy / Interscope,2022-03-25,day,album
25wdC7CJmCJPgnKw9rYquJ,maybe (feat. Bring Me The Horizon),"mgk, Bring Me The Horizon","6TIYQ3jFPwQSRmorSezPxX, 1Ffb6ejR6Fe5IamqA5oRUF",8845639,"Rock, Metal","metalcore, emo, screamo, rock, post-hardcore, metal",mainstream sellout,2022-03-25,Bad Boy / Interscope,2022-03-25,day,album
65MqlYPOWReasKWcuCaOCW,REMIX,Daddy Yankee,4VMYDCV2IEDYJArk749S6m,2616771,Latin,"reggaeton, latin",LEGENDADDY,2022-03-25,Republic Records,2022-03-25,day,album
3qUdysxsu5FDvOl7nR5vln,PASATIEMPO,"Daddy Yankee, Myke Towers","4VMYDCV2IEDYJArk749S6m, 7iK8PXO48WeuP03g8YR51W",2469046,Latin,"reggaeton, latin, trap latino, urbano latino",LEGENDADDY,2022-03-25,Republic Records,2022-03-25,day,album
272vIYVYzfAgHUQRUYWmhP,PARA SIEMPRE,"Daddy Yankee, Sech","4VMYDCV2IEDYJArk749S6m, 77ziqFxp5gaInVrF2lj4ht",2498010,Latin,"reggaeton, latin, urbano latino",LEGENDADDY,2022-03-25,Republic Records,2022-03-25,day,album
2bdqU7C4softKNcMYDFi96,chaotic,Tate McRae,45dkTj5sMRSjrmBSBeiHym,8374926,,,chaotic,2022-03-25,RCA Records Label,2022-03-25,day,single
4e4t1qNN47CzmCxFffzs4U,AGUA,"Daddy Yankee, Rauw Alejandro, Nile Rodgers","4VMYDCV2IEDYJArk749S6m, 1mcTU81TzQhprhouKaTkpq, 3yDIp0kaq9EFKe07X1X2rz",2160140,Latin,"reggaeton, latin, urbano latino, trap latino, ",LEGENDADDY,2022-03-25,Republic Records,2022-03-25,day,album
7IatvjEcXEeeXnHC2gMZ2j,CAMPEÓN,Daddy Yankee,4VMYDCV2IEDYJArk749S6m,1228984,Latin,"reggaeton, latin",LEGENDADDY,2022-03-25,Republic Records,2022-03-25,day,album
0DGTcMqvVR7fmBXgiG6jz4,Just A Cloud Away,Pharrell Williams,2RdwBSPQiwcmiDo9kixcl8,11684329,,,Just A Cloud Away,2013-00-00,Columbia,2013,year,single
3tBZ60j1jQ7NJm8IjelyQe,emo girl (feat. WILLOW),"mgk, WILLOW","6TIYQ3jFPwQSRmorSezPxX, 3rWZHrfrsPBxVy692yAIxF",3512079,,,mainstream sellout,2022-03-25,Bad Boy / Interscope,2022-03-25,day,album
51GN2McXgVYpNJPlePLP1g,UNO QUITAO Y OTRO PUESTO,Daddy Yankee,4VMYDCV2IEDYJArk749S6m,1128441,Latin,"reggaeton, latin",LEGENDADDY,2022-03-25,Republic Records,2022-03-25,day,album
4jzz1dFGn1osftEfcKSAeV,LEGENDADDY,Daddy Yankee,4VMYDCV2IEDYJArk749S6m,1125953,Latin,"reggaeton, latin",LEGENDADDY,2022-03-25,Republic Records,2022-03-25,day,album
6HC6V5flWY29ON64Y7XNMS,born with horns,mgk,6TIYQ3jFPwQSRmorSezPxX,1087872,,,mainstream sellout,2022-03-25,Bad Boy / Interscope,2022-03-25,day,album
1T4tQ4SSagbhAKpvcWg035,ay! (feat. Lil Wayne),"mgk, Lil Wayne","6TIYQ3jFPwQSRmorSezPxX, 55Aa2cqylxrFIXC767Z865",1864194,Hip Hop,"rap, hip hop",mainstream sellout,2022-03-25,Bad Boy / Interscope,2022-03-25,day,album
5Pg4qYTcvCUBBq3jBhKq0t,HOT,"Daddy Yankee, Pitbull","4VMYDCV2IEDYJArk749S6m, 0TnOYISbd1XYRBk9myaseg",1050380,Latin,"reggaeton, latin, ",LEGENDADDY,2022-03-25,Republic Records,2022-03-25,day,album
4pN4uE4g6srE6376NDwMJP,ZONA DEL PERREO,"Daddy Yankee, NATTI NATASHA, Becky G","4VMYDCV2IEDYJArk749S6m, 1GDbiv3spRmZ1XdM1jQbT7, 4obzFoKoKRHIphyHzJ35G3",1030663,Latin,"reggaeton, latin, urbano latino",LEGENDADDY,2022-03-25,Republic Records,2022-03-25,day,album
5TEib5VIhLhDVj3pmoeK7W,god save me,mgk,6TIYQ3jFPwQSRmorSezPxX,1029077,,,mainstream sellout,2022-03-25,Bad Boy / Interscope,2022-03-25,day,album
4Gm1VAxKdLS9aL7bkbZZyr,drug dealer (feat. Lil Wayne),"mgk, Lil Wayne","6TIYQ3jFPwQSRmorSezPxX, 55Aa2cqylxrFIXC767Z865",1015457,Hip Hop,"rap, hip hop",mainstream sellout,2022-03-25,Bad Boy / Interscope,2022-03-25,day,album
6rEpJ5uF56xgL2r61xABqc,EL ABUSADOR DEL ABUSADOR,Daddy Yankee,4VMYDCV2IEDYJArk749S6m,953165,Latin,"reggaeton, latin",LEGENDADDY,2022-03-25,Republic Records,2022-03-25,day,album
4OAPnWJ3J5w4c4IBLh2chn,BOMBÓN,"Daddy Yankee, El Alfa, Lil Jon","4VMYDCV2IEDYJArk749S6m, 2oQX8QiMXOyuqbcZEFsZfm, 7sfl4Xt5KmfyDs2T3SVSMK",917868,"Hip Hop, Latin","reggaeton, latin, dembow, urbano latino, crunk",LEGENDADDY,2022-03-25,Republic Records,2022-03-25,day,album
4UHyrGQCHu0Orh2utUxbNY,fake love don't last (feat. iann dior),"mgk, iann dior","6TIYQ3jFPwQSRmorSezPxX, 6ASri4ePR7RlsvIQgWPJpS",908458,Hip Hop,melodic rap,mainstream sellout,2022-03-25,Bad Boy / Interscope,2022-03-25,day,album
0XugRTkCzcwTJ0ZZJbeVHO,mainstream sellout,mgk,6TIYQ3jFPwQSRmorSezPxX,898020,,,mainstream sellout,2022-03-25,Bad Boy / Interscope,2022-03-25,day,album
5x8NgG7Ya18m9wafOvvWYk,"Lost and Found Freestyle 2019 (with Tyler, The Creator & Nigo)","A$AP Rocky, Tyler The Creator, Nigo","13ubrt8QOOCPljQ2FL1Kca, 4V8LLVI7PbaPR0K2TGSxFF, 2rAnv6brcXaglLZBB4XXEn",897817,Hip Hop,"rap, ",I Know NIGO!,2022-03-25,Victor Victor Worldwide,2022-03-25,day,album
14UzhtAQyCRGsuSjInmiJi,5150,mgk,6TIYQ3jFPwQSRmorSezPxX,865195,,,mainstream sellout,2022-03-25,Bad Boy / Interscope,2022-03-25,day,album
28ZGbkz2MDnpvHhSRQw4f1,"die in california (feat. Gunna, Young Thug & Landon Barker)","mgk, Gunna, Young Thug, Landon Barker","6TIYQ3jFPwQSRmorSezPxX, 2hlmm7s2ICUX0LVIhVFlZQ, 50co4Is1HCEo8bhOyUWKpn, 7tWnepocfeqynsYC75hWoF",858159,Hip Hop,"melodic rap, rap, trap, ",mainstream sellout,2022-03-25,Bad Boy / Interscope,2022-03-25,day,album
5Q9h2r0aU17WD8nn0HkSg9,ENCHULETIAO,Daddy Yankee,4VMYDCV2IEDYJArk749S6m,856747,Latin,"reggaeton, latin",LEGENDADDY,2022-03-25,Republic Records,2022-03-25,day,album
6f44p3Kc4ayD9VtbC9Clkr,"Come On, Let's Go (with Nigo)","Tyler The Creator, Nigo","4V8LLVI7PbaPR0K2TGSxFF, 2rAnv6brcXaglLZBB4XXEn",846954,,,I Know NIGO!,2022-03-25,Victor Victor Worldwide,2022-03-25,day,album
5UWwZ5lm5PKu6eKsHAGxOk,Everlong,Foo Fighters,7jy3rLJdDQY21OgRLCZ9sD,3064257,"Rock, Metal","rock, post-grunge, alternative rock, grunge, modern rock",The Colour And The Shape,1997-05-20,RCA Records Label,1997-05-20,day,album
6HJIZUOiZDE814XMhRGSZN,Soy El Unico,Yahritza Y Su Esencia,51ZSh80McCt7vbqHouzW0A,26257032,Latin,"sad sierreño, música mexicana, corridos tumbados, banda, corrido, sierreño",Soy El Unico,2022-03-25,Lumbre Music,2022-03-25,day,single
7x8dCjCr0x6x2lXKujYD34,The Pretender,Foo Fighters,7jy3rLJdDQY21OgRLCZ9sD,977171,"Rock, Metal","rock, post-grunge, alternative rock, grunge, modern rock","Echoes, Silence, Patience & Grace",2007-09-25,RCA Records Label,2007-09-25,day,album
5OQsiBsky2k2kDKy2bX2eT,Learn to Fly,Foo Fighters,7jy3rLJdDQY21OgRLCZ9sD,921056,"Rock, Metal","rock, post-grunge, alternative rock, grunge, modern rock",There Is Nothing Left To Lose,1999-11-02,RCA Records Label,1999-11-02,day,album
5FZxsHWIvUsmSK1IAvm2pp,Best of You,Foo Fighters,7jy3rLJdDQY21OgRLCZ9sD,898715,"Rock, Metal","rock, post-grunge, alternative rock, grunge, modern rock",In Your Honor,2005-06-14,RCA Records Label,2005-06-14,day,album
23CKxEwKWsLs6LD5poGOLM,Over,Lucky Daye,5Vuvs6Py2JRU7WiFDVsI7J,2355787,,,Candydrip,2022-03-10,Keep Cool/RCA Records,2022-03-10,day,album
75JFxkI2RXiU7L9VXzMkle,The Scientist,['Coldplay'],['4gzpq5DPGxSnKTe4SA8HAU'],19350662,,,A Rush of Blood to the Head,2002-08-27,Parlophone Records Limited,2002-08-27,day,album
6cS0vHihdIXy77v828qYwR,sentaDONA (Remix) s2,"Luísa Sonza, Davi Kneip, Mc Frog, Dj Gabriel do Borel","4PzYKhC14sTJNEr0dzoo0d, 6rygauyIMQJrXRC4e5rQJP, 5xKesKsXI1jv2TorLOnbbm, 6HJiLhKqnOh32p3LSNWsR3",1135619,"Country, Hip Hop, Pop, R&B, R&b","brazilian pop, funk pop, funk, funk de bh, brega funk, agronejo, brazilian funk, funk carioca",sentaDONA (Remix) s2,2022-03-17,Davi Kneip,2022-03-17,day,single
6fxVffaTuwjgEk5h9QyRjy,Photograph,['Ed Sheeran'],['6eUKZXaKkcviH0Ku9w2n3V'],24339908,Pop,soft pop,x (Wembley Edition),2013-00-00,Atlantic Records UK,2013,year,album
0U1W2LZVUX7qTm7dDpqxh6,When You're Gone,Shawn Mendes,7n2wHs1TKAczGzO7Dd2rGr,81476535,Pop,pop,When You're Gone,2022-03-31,Shawn Mendes LP4-5 PS/ Island,2022-03-31,day,single
4LRPiXqCikLlN15c3yImP7,As It Was,Harry Styles,6KImCVD70vtIoJWnq6nGn3,452598650,,,As It Was,2022-03-31,Columbia,2022-03-31,day,single
40w8JmvwYUP2HUiXPxjy99,Me Arrepentí,"Ak4:20, Pailita, Cris Mj","1SiLK8gdECx2iEm2SSj0Bl, 4yxLYO2imECxGYTTV7RQKb, 1Yj5Xey7kTwvZla8sqdsdE",20945756,"Latin, Hip Hop","reggaeton chileno, chilean trap, chilean mambo, mambo, urbano latino, reggaeton",Me Arrepentí,2022-03-30,Ak4:20,2022-03-30,day,single
4WghJOMjDpGdlk3b8aJIgy,up at night (feat. justin bieber),"Kehlani, Justin Bieber","0cGUm45nv7Z6M6qdXYQGTX, 1uNFoZAHBGtllmzznpCI3s",5767264,,,up at night (feat. justin bieber),2022-03-30,TSNMI / Atlantic,2022-03-30,day,single
1HvTxgCj0mTzQlEo0zLvFb,In My Head,Lil Tjay,6jGMq4yGs7aQzuGsMgVgZR,58411060,Hip Hop,"brooklyn drill, melodic rap",In My Head,2022-04-01,Columbia,2022-04-01,day,single
45S5WTQEGOB1VHr1Q4FuPl,Golden,['Harry Styles'],['6KImCVD70vtIoJWnq6nGn3'],39569538,,,Fine Line,2019-12-13,Columbia,2019-12-13,day,album
6bQ5823aHmFVKLZW8E7rRo,Si Quieren Frontear,"Duki, De La Ghetto, Quevedo","1bAftSH8umNcGZ0uyV7LMg, 3EiLUeyEcA6fbRPSHkG5kb, 52iwsT98xCoGgiGntTiR7K",58568162,"Hip Hop, Latin","argentine trap, trap, trap latino, reggaeton, urbano latino",Si Quieren Frontear,2022-03-31,DALE PLAY Records / SSJ Records,2022-03-31,day,single
1BzXvBpIFWJgu0P8P6xmP4,Stick (with JID & J. Cole feat. Kenny Mason & Sheck Wes),"Dreamville, JID, J. Cole, Kenny Mason, Sheck Wes","1iNqsUDUraNWrj00bqssQG, 6U3ybJ9UHNKEdsH7ktGBZ7, 6l3HvQ5sa6mXTsMTB19rO5, 4mwdnO2jZrMmMVrjcHsZBv, 2RDOrhPqAM4jzTRCEb19qX",994576,Hip Hop,"rap, ",D-Day: A Gangsta Grillz Mixtape,2022-03-31,Dreamville/Interscope Records,2022-03-31,day,album
2a5cbTg2UIi784t9E2wT35,Black Summer,Red Hot Chili Peppers,0L8ExT028jH3ddEcZwqJJ5,925558,Rock,"funk rock, alternative rock, rock",Unlimited Love,2022-04-01,Warner Records,2022-04-01,day,album
4W1JavoraGzh83nluQHY6C,You Were Loved (with OneRepublic),"Gryffin, OneRepublic","2ZRQcIgzPCVaT9XKhXZIzh, 5Pwc4xIPtQLFEnJriah9YJ",895461,"Electronic, Pop","edm, melodic bass, future bass, soft pop",You Were Loved (with OneRepublic),2022-04-01,Darkroom/Interscope Records,2022-04-01,day,single
5Ohxk2dO5COHF1krpoPigN,Sign of the Times,['Harry Styles'],['6KImCVD70vtIoJWnq6nGn3'],15661098,,,Harry Styles,2017-05-12,Columbia,2017-05-12,day,album
2m6Ko3CY1qXNNja8AlugNc,Angel Baby,['Troye Sivan'],['3WGpXCj9YhhfX11TToZcXP'],141263307,,,Angel Baby,2021-09-09,EMI Recorded Music Australia Pty Ltd,2021-09-09,day,single
7JJmb5XwzOO8jgpou264Ml,There's Nothing Holdin' Me Back,['Shawn Mendes'],['7n2wHs1TKAczGzO7Dd2rGr'],115583218,Pop,pop,Illuminate (Deluxe),2017-04-20,Island Records,2017-04-20,day,album
7afaZ37wJJL6880z1NRgJS,Fim de Semana no Rio,Teto,68YeXpLt3jB7JHQS5ZjMGo,14415920,"Hip Hop, Electronic","brazilian trap, trap, trap funk, brazilian hip hop",Fim de Semana no Rio,2022-03-30,Sony Music Entertainment,2022-03-30,day,single
0B7wvvmu9EISAwZnOpjhNI,When I Was Your Man,['Bruno Mars'],['0du5cEVh5yTK9QJze8zA0C'],98868051,,,Unorthodox Jukebox,2012-12-05,Atlantic Records,2012-12-05,day,album
6bTdZ7xfKp3NqqADJ8HLyj,Vampiro,"Matuê, WIU, Teto","5nP8x4uEFjAAmDzwOEc9b8, 3MrDVzg7ZXaYMyQmbDInr7, 68YeXpLt3jB7JHQS5ZjMGo",37474623,"Hip Hop, Electronic","brazilian trap, trap, brazilian hip hop, trap funk",Vampiro,2022-03-29,Sony Music Entertainment,2022-03-29,day,single
3TSLqZssCoCdDlMhCJ08XW,Still Life,BIGBANG,4Kxlr1PRlDKEB0ekOCyHgX,9462488,Pop,k-pop,Still Life,2022-04-05,YG Entertainment,2022-04-05,day,single
7KA4W4McWYRpgf0fWsJZWB,See You Again (feat. Kali Uchis),"['Tyler, The Creator', 'Kali Uchis']","['4V8LLVI7PbaPR0K2TGSxFF', '1U1el3k54VvEUzo3ybLPlM']",23346179,,,Flower Boy,2017-07-21,Columbia,2017-07-21,day,album
7dDrR6vMK1JAwZZ5MIWgme,birthday cake,Dylan Conrique,2S054G7qnCK45KY0XzpX30,2278679,,,birthday cake,2022-02-02,KYN Entertainment,2022-02-02,day,single
0Q5VnK2DYzRyfqQRJuUtvi,LOVE DIVE,IVE,6RHTUrRF63xao58xh9FXYJ,71129077,Pop,k-pop,LOVE DIVE,2022-04-05,STARSHIP Entertainment,2022-04-05,day,single
2SJZdZ5DLtlRosJ2xHJJJa,Chance,Paulo Londra,3vQ0GE3mI0dAaxIMYe5g7z,24045757,"Hip Hop, Latin","argentine trap, trap latino, reggaeton",Chance,2022-04-06,WEA Latina,2022-04-06,day,single
1rDQ4oMwGJI7B4tovsBOxc,First Class,Jack Harlow,2LIk90788K0zvyj2JJVwkJ,156823695,,,First Class,2022-04-08,Generation Now/Atlantic,2022-04-08,day,single
2DB4DdfCFMw1iaR6JaR03a,Bam Bam (feat. Ed Sheeran),"Camila Cabello, Ed Sheeran","4nDoRrQiYLoBzwC5BhVJzF, 6eUKZXaKkcviH0Ku9w2n3V",479751225,Pop,"pop, soft pop",Familia,2022-04-07,Epic,2022-04-07,day,album
73cnVqsbZygieKi8xF10sO,psychofreak (feat. WILLOW),"Camila Cabello, WILLOW","4nDoRrQiYLoBzwC5BhVJzF, 3rWZHrfrsPBxVy692yAIxF",13859919,Pop,"pop, ",Familia,2022-04-07,Epic,2022-04-07,day,album
1jIMjbzcGCcCQn5iMu9CUc,That's Hilarious,Charlie Puth,6VuMaDnrHyPL1p4EHjYLi7,6805417,Pop,"soft pop, pop",That's Hilarious,2022-04-08,Atlantic Records,2022-04-08,day,single
6ws54n2IzyrIxxyzlG2bVJ,Right On,Lil Baby,5f7VJjfbwm532GiveGC0ZK,8504902,,,Right On,2022-04-08,Quality Control Music/Motown Records,2022-04-08,day,single
1WCEAGGRD066z2Q89ObXTq,Crazy What Love Can Do,"David Guetta, Becky Hill, Ella Henderson","1Cs0zKBU1kc0i8ypK3B9ai, 4EPJlUEBy49EX1wuFOvtjK, 7nDsS0l5ZAzMedVRKPP8F1",103913405,Electronic,"edm, dance, ",Crazy What Love Can Do,2022-04-08,Parlophone UK,2022-04-08,day,single
041sluNZwBxTCOuu766eNi,POLTERGEIST!,"CORPSE, OmenXIII","7yntSJ6uojO3z6GFUVwhAW, 760kxYHN5QTrD1DehiimjB",894519,Hip Hop,"dark trap, horrorcore, emo rap, cloud rap",POLTERGEIST!,2022-04-08,CORPSE,2022-04-08,day,single
4QWumyD2uwiePBBha9XBHI,No Ouvidinho,Felipe Amorim,3CIIaeZuFYrAD6PRVyuO4U,35387497,"Country, Latin","piseiro, forró, arrocha, sertanejo, agronejo, brega",No Ouvidinho,2022-03-11,One Play,2022-03-11,day,single
1qCHidBbWAgv3pn6UbZ4Lg,Don't Go Yet,Camila Cabello,4nDoRrQiYLoBzwC5BhVJzF,865538,Pop,pop,Familia,2022-04-07,Epic,2022-04-07,day,album
5hPxC9i9lj9pJwg7DK2MvC,Zick Zack,Rammstein,6wWVKhxIU2cEi0K81v7HvP,859903,"Rock, Metal","industrial metal, metal, industrial rock, industrial",Zick Zack,2022-04-07,Rammstein,2022-04-07,day,single
6BUueuMQR4k7CuoMEsnGou,PIOVE (feat. Sfera Ebbasta),"Lazza, Sfera Ebbasta","0jdNdfi4vAuVi7a6cPDFBM, 23TFHmajVfBtlRx5MXqgoz",823765,Hip Hop,"italian trap, trap",SIRIO,2022-04-07,Universal Music Italia srL.,2022-04-07,day,album
5QNW6Vx14N4OfJ7D0eDg0d,Neck & Wrist (feat. JAY-Z & Pharrell),"Pusha T, JAY-Z, Pharrell Williams","0ONHkAv9pCAFxb0zJwDNTy, 3nFkdlSjzX9mRTtwJOzDYB, 2RdwBSPQiwcmiDo9kixcl8",812915,Hip Hop,"hip hop, east coast hip hop, rap, ",Neck & Wrist,2022-04-06,"Getting Out Our Dreams, Inc./Def Jam Recordings",2022-04-06,day,single
2Foc5Q5nqNiosCNqttzHof,Get Lucky (Radio Edit) [feat. Pharrell Williams and Nile Rodgers],"['Pharrell Williams', 'Nile Rodgers', 'Thomas Bangalter', 'Guy-Manuel de Homem-Christo', 'Daft Punk']","['2RdwBSPQiwcmiDo9kixcl8', '3yDIp0kaq9EFKe07X1X2rz', '41vv2Tj1knysv6MuFUmdwi', '2NvZ35VexRu6LmfVlArMPq', '4tZwfgrHOc3mvqYlEYSvVi']",14364304,"Hip Hop, Electronic","french house, electronic, electro",Get Lucky (Radio Edit) [feat. Pharrell Williams and Nile Rodgers],2013-04-19,Columbia,2013-04-19,day,single
1K8AtBJXcdq5mywMnZuARP,Termina Comigo Antes - Ao Vivo,Gusttavo Lima,7MiDcPa6UiV3In7lIM71IN,18233890,"Country, Latin","sertanejo, sertanejo universitário, arrocha, agronejo, piseiro, forró",Termina Comigo Antes (Ao Vivo),2022-03-31,Sony Music Entertainment,2022-03-31,day,single
6QBqlD1zfGNZa7dNTLcx4B,Soy El Unico,Yahritza Y Su Esencia,51ZSh80McCt7vbqHouzW0A,1853017,Latin,"sad sierreño, música mexicana, corridos tumbados, banda, corrido, sierreño",Soy El Unico,2022-03-30,Lumbre Music,2022-03-30,day,single
3FkeNbs9Zeiqkr3WkbOiGp,Envolver,Anitta,7FNnA9vBm6EKceENgCGRMb,239744353,"Pop, R&B, Hip Hop, Latin","brazilian pop, funk pop, funk carioca, funk, pagode baiano",Versions of Me,2022-04-12,Warner Records,2022-04-12,day,album
6Z165JvPnS8PYvGW8oLGLc,Flowers,Lauren Spencer Smith,79AyR6ATpj2LTPxfb6FX50,35873776,,,Flowers,2022-04-14,"Three Name Productions, Inc./ Island Records & Republic Records",2022-04-14,day,single
3sa06xVNmLLYIxdNNmVQN8,Where Did You Go? (feat. MNEK),"Jax Jones, MNEK","4Q6nIcaBED8qUel8bBx6Cr, 7uMh23xWiuR7zsNkuNcm2G",110157150,,,Where Did You Go (feat. MNEK),2022-02-04,Polydor Records,2022-02-04,day,single
1TUuhV75FeOF6UObRsABo2,Don't Think Jesus,Morgan Wallen,4oUHIQIBe0LHzYfvXNW4QM,6121223,Country,country,Don't Think Jesus,2022-04-15,Big Loud Records / Republic Records,2022-04-15,day,single
0VO8gYVDSwM1Qdd2GsMoYK,Moth To A Flame (with The Weeknd),"Swedish House Mafia, The Weeknd","1h6Cn3P4NGzXbaXidqURXs, 1Xyo4u8uXC1ZmMpatF05PJ",18513600,Electronic,"edm, ",Paradise Again,2022-04-15,Republic Records,2022-04-15,day,album
1PckUlxKqWQs3RlWXVBLw3,About Damn Time,Lizzo,56oDRnqbIiwx4mymNEv7dS,241012376,,,About Damn Time,2022-04-14,Nice Life/Atlantic,2022-04-14,day,single
7AYP21Q4qnxw2WxETEvSRb,Memories,Conan Gray,4Uc8Dsxct0oMqx0P6i60ea,3139231,,,Memories,2022-04-15,Republic Records,2022-04-15,day,single
3nEHrvNNtgLv9rneTAYVr4,Heaven Takes You Home (feat. Connie Constance),"Swedish House Mafia, Connie Constance","1h6Cn3P4NGzXbaXidqURXs, 4RB2kk5dmocmMiHFBlmOEt",850690,Electronic,"edm, ",Paradise Again,2022-04-15,Republic Records,2022-04-15,day,album
6Zw25LRLP0j0MsezDFIUM4,Mal Feito - Ao Vivo,"Hugo & Guilherme, Marília Mendonça","1LIuN7ov1IBQDdLsU83ojl, 1yR65psqiazQpeM79CcGh8",11133660,"Country, Latin","sertanejo, sertanejo universitário, agronejo, arrocha, forró",Próximo Passo (Ao Vivo),2022-04-14,Som Livre,2022-04-14,day,album
6vo0dV9t7PCQZKsLFwVwZ5,Darl+ing,SEVENTEEN,7nqOGRxlXj7N2JYbgNEjYH,755618,Pop,k-pop,Darl+ing,2022-04-15,PLEDIS Entertainment,2022-04-15,day,single
4SIBZgMomGFnrIWjmq7Np8,Desenrola Bate Joga de Ladin (feat. DJ Biel do Furduncinho),"L7NNON, Os Hawaianos, DJ Bel da CDD, DJ Biel do Furduncinho","0JjPiLQNgAFaEkwoy56B1C, 6f6ccYxDNgsPCMemKceSY4, 6cBgK7jLKrcynjD5E6mKNu, 6Us5Zsn5MAHBk7SHBUsG5X",5622675,"Hip Hop, R&B, Electronic","brazilian trap, brazilian hip hop, trap funk, trap, funk carioca, brazilian funk, funk",Desenrola Bate Joga de Ladin (feat. DJ Biel do Furduncinho),2022-04-08,Papatunes,2022-04-08,day,single
2qmG7dokbGpDGD0T5wORWt,Balanço da Rede,"Matheus Fernandes, Xand Avião","37mqXU98U5GmH5ZDtlHM1c, 43DRDu6nLSeIedZ7T1A616",29210492,"Country, Latin","piseiro, sertanejo, pagode, forró, arrocha, sertanejo universitário, brega",Balanço da Rede,2022-02-24,Som Livre,2022-02-24,day,single
0zCgWGmDF0aih5qexATyBn,After Dark,Mr.Kitty,0pWwt5vGNzezEhfAcc420Y,173974383,"Metal, Electronic","witch house, darkwave",Time,2014-08-08,Juggernaut Music Group,2014-08-08,day,album
123hB20IVD2yw1NMIgrqb3,İmdat,cakal,6CPZWzcKiOKkHn4L2XI4i2,14609136,Hip Hop,"turkish hip hop, drill",İmdat,2022-04-15,Perros Blancos,2022-04-15,day,single
7o2CTH4ctstm8TNelqjb51,Sweet Child O' Mine,Guns N' Roses,3qm84nBOXUEQ2vnTfUTTFC,129917530,"Rock, Metal","rock, glam metal, hard rock, classic rock",Appetite For Destruction,1987-07-21,Guns N Roses P&D,1987-07-21,day,album
6JIC3hbC28JZKZ8AlAqX8h,Cold Heart - PNAU Remix,"Elton John, Dua Lipa, PNAU","3PhoLpVuITZKcymswpck5b, 6M2wZ9GZgrQXHCFfjv46we, 6n28c9qs9hNGriNa72b26u",514850259,Pop,"pop, ",The Lockdown Sessions,2021-10-22,EMI,2021-10-22,day,album
1r8ZCjfrQxoy2wVaBUbpwg,THOUSAND MILES,The Kid LAROI,2tIP7SsRs7vjIcLrU85W8J,99686115,,,THOUSAND MILES,2022-04-22,Columbia,2022-04-22,day,single
7dSZ6zGTQx66c2GF91xCrb,PROVENZA,KAROL G,790FomKkXshlbRYZFtlgla,621508685,Latin,"reggaeton, latin, urbano latino",PROVENZA,2022-04-22,BICHOTA RECORDS / INTERSCOPE RECORDS / UNIVERSAL MUSIC LATINO,2022-04-22,day,single
5IQvs70wHdurk63TnCV6ZP,We Made It,"t-low, Miksu / Macloud","3tQzzidoPfVifoURnDfgmD, 76dRoxKtDwYkgCQePok9cU",7744896,Hip Hop,german hip hop,We Made It,2022-04-22,Spinnup,2022-04-22,day,single
6OrTKLtcF7EBayOV2QqkSK,Hold That Heat (feat. Travis Scott),"Southside, Future, Travis Scott","23DYJsw4uSCguIqiTIDtcN, 1RyvyyTE3xzB2ZywiAwp0i, 0Y5tJX1MQlPlqiwlOH1tJY",2102792,Hip Hop,rap,Hold That Heat (feat. Travis Scott),2022-04-22,Epic,2022-04-22,day,single
2UN0lp72LAusrXi8LLVomt,2step (feat. Lil Baby),"Ed Sheeran, Lil Baby","6eUKZXaKkcviH0Ku9w2n3V, 5f7VJjfbwm532GiveGC0ZK",12496768,Pop,"soft pop, ",2step (feat. Lil Baby),2022-04-22,Atlantic Records UK,2022-04-22,day,single
1dp8aQANyTRKssDeAYPiZe,Scrape It Off (feat. Lil Uzi Vert & Don Toliver),"Pusha T, Lil Uzi Vert, Don Toliver","0ONHkAv9pCAFxb0zJwDNTy, 4O15NlyKLIASxsJ0PrXPfz, 4Gso3d4CscCijv0lmajZWs",2055552,Hip Hop,"melodic rap, ",It's Almost Dry,2022-04-22,Getting Out Our Dreams Inc. (G.O.O.D.) Music / IDJ,2022-04-22,day,album
3Wx98ijEDnsxyMYePCuFNI,Dreamin Of The Past (feat. Kanye West),"Pusha T, Kanye West","0ONHkAv9pCAFxb0zJwDNTy, 5K4W6rqBFWDnAN6FQUkS6x",1100266,Hip Hop,rap,It's Almost Dry,2022-04-22,Getting Out Our Dreams Inc. (G.O.O.D.) Music / IDJ,2022-04-22,day,album
2PljnVsnl2PRwCvfhbdQup,Plan B,Megan Thee Stallion,181bsRPaVXVlUKXrxwZfHK,1902372,,,Plan B,2022-04-22,300 Entertainment,2022-04-22,day,single
2rurDawMfoKP4uHyb2kJBt,Te Felicito,"Shakira, Rauw Alejandro","0EmeFodog0BfCgMzAIvKQp, 1mcTU81TzQhprhouKaTkpq",415088765,"Latin, Pop","latin pop, latin, reggaeton, urbano latino, trap latino",Te Felicito,2022-04-21,Sony Music Latin,2022-04-21,day,single
1ZM8toCOlnfBKJdvR8GqUq,Rock N Roll (feat. Kanye West & Kid Cudi),"Pusha T, Kanye West, Kid Cudi","0ONHkAv9pCAFxb0zJwDNTy, 5K4W6rqBFWDnAN6FQUkS6x, 0fA0VVWsXO9YnASrzqfmYu",992967,Hip Hop,"rap, ",It's Almost Dry,2022-04-22,Getting Out Our Dreams Inc. (G.O.O.D.) Music / IDJ,2022-04-22,day,album
7kQJCw0ZkvHgfJqRwPblmG,Neck & Wrist (feat. JAY-Z & Pharrell Williams),"Pusha T, JAY-Z, Pharrell Williams","0ONHkAv9pCAFxb0zJwDNTy, 3nFkdlSjzX9mRTtwJOzDYB, 2RdwBSPQiwcmiDo9kixcl8",981198,Hip Hop,"hip hop, east coast hip hop, rap, ",It's Almost Dry,2022-04-22,Getting Out Our Dreams Inc. (G.O.O.D.) Music / IDJ,2022-04-22,day,album
7qQMtg44hxQ0ga7NhyyNxR,Brambleton,Pusha T,0ONHkAv9pCAFxb0zJwDNTy,902108,,,It's Almost Dry,2022-04-22,Getting Out Our Dreams Inc. (G.O.O.D.) Music / IDJ,2022-04-22,day,album
30W8VKHrAZmHzObnwAoc1u,TUS LÁGRIMAS,"Mora, Sech","0Q8NcsJwoCbZOHHW63su5S, 77ziqFxp5gaInVrF2lj4ht",44248200,Latin,"urbano latino, reggaeton, trap latino",MICRODOSIS,2022-04-01,Rimas Entertainment LLC,2022-04-01,day,album
3XyNi4ARXWBgzeDFKoJPqy,Let The Smokers Shine The Coupes,Pusha T,0ONHkAv9pCAFxb0zJwDNTy,841083,,,It's Almost Dry,2022-04-22,Getting Out Our Dreams Inc. (G.O.O.D.) Music / IDJ,2022-04-22,day,album
2DgdHcjWmO3qd50RzuBLgZ,House of Memories,Panic! At The Disco,20JZFwl6HVl6yg8a4H3ZqK,138730802,Rock,emo,Death of a Bachelor,2016-01-15,Decaydance/Fueled By Ramen,2016-01-15,day,album
2gzhQaCTeNgxpeB2TPllyY,With you,"Jimin, HA SUNG WOON","1oSPZhvZMIrWW5I41kPkkY, 3OBkZ9NG8F0Fn4oNpg0yuU",38063238,Pop,"k-pop, ","Our Blues, Pt. 4 (Original Television Soundtrack)",2022-04-24,"Genie Music Corporation, Stone Music Entertainment",2022-04-24,day,single
7lvDsmTRXFE3dK4OjvRiWB,Pasoori,"Shae Gill, Ali Sethi","3bWIy9AUrQdiNeS62Bp3OP, 3NegWDGp038A3FIi3gSYzl",95131237,"Hip Hop, Pop, Traditional music, Rock","desi, hindi pop, desi pop, indian indie, ghazal, sufi, qawwali, hindi indie",Pasoori,2022-02-07,Giraffe Pakistan,2022-02-07,day,single
4IaxDf2FixiQXq0mW7key9,ZOOM,Jessi,64k5e9kV9MdukXjFrR5R37,36389035,"Pop, Hip Hop","k-pop, k-rap",ZOOM,2022-04-13,P NATION,2022-04-13,day,single
3RfTeIrWS8LNrfHYwechtt,Sunroof,"Nicky Youre, hey daisy","7qmpXeNz2ojlMl2EEfkeLs, 38PzLQE4GW8o7A18oGhi0x",704008,,,Sunroof,2021-11-26,Thirty Knots,2021-11-26,day,single
2uky0VCI2EZni0nArOPznM,"Paulo Londra: Bzrp Music Sessions, Vol. 23","Bizarrap, Paulo Londra","716NhGYqD1jl2wI1Qkgq36, 3vQ0GE3mI0dAaxIMYe5g7z",59841704,"Hip Hop, Latin","argentine trap, trap latino, urbano latino, reggaeton","Paulo Londra: Bzrp Music Sessions, Vol. 23",2022-04-25,DALE PLAY Records / Paulo Londra,2022-04-25,day,single
75UMtPC77vqKRwfSuYuNPO,San Lucas,Kevin Kaarl,6OBGbSaBUvQtk9wpQfDbOE,27684319,Latin,"latin folk, mexican indie",San Lucas,2019-11-07,Kevin Kaarl,2019-11-07,day,album
0OTNHGKcqQbk51bOYe462Y,ULTRA SOLO,"Polimá Westcoast, Pailita","768O5GliF0bqscyghggrbE, 4yxLYO2imECxGYTTV7RQKb",158926740,"Latin, Hip Hop","chilean trap, reggaeton chileno, chilean mambo, mambo, reggaeton, urbano latino",ULTRA SOLO,2022-02-14,Sony Music Entertainment Chile S.A,2022-02-14,day,single
4h4QlmocP3IuwYEj2j14p8,Sunroof,"Nicky Youre, hey daisy","7qmpXeNz2ojlMl2EEfkeLs, 38PzLQE4GW8o7A18oGhi0x",364793243,,,Sunroof,2021-12-03,Columbia,2021-12-03,day,single
6Jkm5kUldvIqxzI1Pa7nXH,10 Things I Hate About You,Leah Kate,6oWOHAOyBUn6aJlKIPJK9r,40270033,,,10 Things I Hate About You,2022-03-23,"Leah Kate, under exclusive license to 10K Projects / MDDN",2022-03-23,day,single
6Qyc6fS4DsZjB2mRW9DsQs,Iris,['The Goo Goo Dolls'],['2sil8z5kiy4r76CRTXxBCA'],70606649,,,Dizzy up the Girl,1998-00-00,Warner Records,1998,year,album
769Ld8demNhMgVLAQcjTDn,sun and moon,anees,2HPqVfdPh9JkBSlFG5hK6h,4566805,,,sun and moon,2022-04-06,Anees LLC,2022-04-06,day,single
65OVbaJR5O1RmwOQx0875b,Wants and Needs (feat. Lil Baby),"['Drake', 'Lil Baby']","['3TVXtAsR1Inumwj472S9r4', '5f7VJjfbwm532GiveGC0ZK']",804854,Hip Hop,"rap, hip hop, ",Scary Hours 2,2021-03-05,OVO,2021-03-05,day,single
59nOXPmaKlBfGMDeOVGrIK,WAIT FOR U (feat. Drake & Tems),"Future, Drake, Tems","1RyvyyTE3xzB2ZywiAwp0i, 3TVXtAsR1Inumwj472S9r4, 687cZJR45JO7jhk1LHIbgq",344567085,"Traditional music, R&B, Pop, Hip Hop","rap, hip hop, afrobeats, alté, afrobeat, afropop",I NEVER LIKED YOU,2022-04-29,Epic/Freebandz,2022-04-29,day,album
3FSwpQ9dBZBeBV6UdYHI2R,712PM,Future,1RyvyyTE3xzB2ZywiAwp0i,9124564,Hip Hop,rap,I NEVER LIKED YOU,2022-04-29,Epic/Freebandz,2022-04-29,day,album
7rWCWzPRftzZTZtIyQtaDU,KEEP IT BURNIN (feat. Kanye West),"Future, Kanye West","1RyvyyTE3xzB2ZywiAwp0i, 5K4W6rqBFWDnAN6FQUkS6x",6493409,Hip Hop,rap,I NEVER LIKED YOU,2022-04-29,Epic/Freebandz,2022-04-29,day,album
5oH4DQAuu1J1800RzUsBWa,That That (prod. & feat. SUGA of BTS),"PSY, SUGA","2dd5mrQZvg6SmahdgVKDzh, 0ebNdVaOfp6N0oZ1guIxM8",57882567,Pop,k-pop,PSY 9th,2022-04-29,P NATION,2022-04-29,day,album
0AAVJIN4plafvmNKqRCltG,I'M DAT N****,Future,1RyvyyTE3xzB2ZywiAwp0i,6525109,Hip Hop,rap,I NEVER LIKED YOU,2022-04-29,Epic/Freebandz,2022-04-29,day,album
2KdKh9vHbKW0tZLqtpxxI0,Honest (feat. Don Toliver),"Justin Bieber, Don Toliver","1uNFoZAHBGtllmzznpCI3s, 4Gso3d4CscCijv0lmajZWs",33723081,,,Honest,2022-04-29,Justin Bieber 2021 PS/ Def Jam,2022-04-29,day,single
6wyhUr4Xw8z5uSy0AhoZfU,I'M ON ONE (feat. Drake),"Future, Drake","1RyvyyTE3xzB2ZywiAwp0i, 3TVXtAsR1Inumwj472S9r4",16860798,Hip Hop,"rap, hip hop",I NEVER LIKED YOU,2022-04-29,Epic/Freebandz,2022-04-29,day,album
1qMMYpVatbRITKCfq1gasi,PUFFIN ON ZOOTIEZ,Future,1RyvyyTE3xzB2ZywiAwp0i,50399481,Hip Hop,rap,I NEVER LIKED YOU,2022-04-29,Epic/Freebandz,2022-04-29,day,album
7HCX1Ch3mklJyEdpwPZBFW,FOR A NUT (feat. Gunna & Young Thug),"Future, Gunna, Young Thug","1RyvyyTE3xzB2ZywiAwp0i, 2hlmm7s2ICUX0LVIhVFlZQ, 50co4Is1HCEo8bhOyUWKpn",4006256,Hip Hop,"rap, melodic rap, trap",I NEVER LIKED YOU,2022-04-29,Epic/Freebandz,2022-04-29,day,album
1ei3hzQmrgealgRKFxIcWn,In The Stars,Benson Boone,22wbnEMDvgVIAGdFeek6ET,148925870,,,In The Stars,2022-04-29,Warner Records,2022-04-29,day,single
4XJRpBOG0bU3Nxnvam3FnC,LOVE YOU BETTER,Future,1RyvyyTE3xzB2ZywiAwp0i,4334627,Hip Hop,rap,I NEVER LIKED YOU,2022-04-29,Epic/Freebandz,2022-04-29,day,album
1Ijpng3ZLhTRcEd8iqh4p4,GOLD STACKS,Future,1RyvyyTE3xzB2ZywiAwp0i,2628545,Hip Hop,rap,I NEVER LIKED YOU,2022-04-29,Epic/Freebandz,2022-04-29,day,album
2tzgSUZOUKopYbRqQOVT8X,MASSAGING ME,Future,1RyvyyTE3xzB2ZywiAwp0i,2551618,Hip Hop,rap,I NEVER LIKED YOU,2022-04-29,Epic/Freebandz,2022-04-29,day,album
53wBhj706wDMNuBj4FJ0RI,CHICKENS (feat. EST Gee),"Future, EST Gee","1RyvyyTE3xzB2ZywiAwp0i, 4FlG0V0jhLO4qGpayFOphj",2370677,Hip Hop,"rap, ",I NEVER LIKED YOU,2022-04-29,Epic/Freebandz,2022-04-29,day,album
2XRn6Qu0Wd1KvOND8JbaTx,Beautiful Girl,Luciano,3CJKkU0XuElRT1z8rEtIYg,38761300,Hip Hop,german hip hop,Beautiful Girl,2022-04-28,URBAN,2022-04-28,day,single
39YXI3na4MIpVZhJj3GFi7,VOODOO (feat. Kodak Black),"Future, Kodak Black","1RyvyyTE3xzB2ZywiAwp0i, 46SHBwWsqBkxI7EeeBEQG7",2139385,Hip Hop,"rap, ",I NEVER LIKED YOU,2022-04-29,Epic/Freebandz,2022-04-29,day,album
2UqL5OiGs3hfY6W8gudKjm,WE JUS WANNA GET HIGH,Future,1RyvyyTE3xzB2ZywiAwp0i,1278820,Hip Hop,rap,I NEVER LIKED YOU,2022-04-29,Epic/Freebandz,2022-04-29,day,album
7EBg0P4VY9IHBF5hq6WQZS,HOLY GHOST,Future,1RyvyyTE3xzB2ZywiAwp0i,1237507,Hip Hop,rap,I NEVER LIKED YOU,2022-04-29,Epic/Freebandz,2022-04-29,day,album
16MQETUgqXwY4lZcyRafU3,Love Me More,Sam Smith,2wY79sveU1sp5g7SokKOiI,1930677,Pop,soft pop,Love Me More,2022-04-28,Capitol Records UK / EMI,2022-04-28,day,single
48QmKjg2FI6BfNW7SX1h86,BACK TO THE BASICS,Future,1RyvyyTE3xzB2ZywiAwp0i,1075569,Hip Hop,rap,I NEVER LIKED YOU,2022-04-29,Epic/Freebandz,2022-04-29,day,album
7HFyGCuGYFmHjxnjujBxM1,THE WAY THINGS GOING,Future,1RyvyyTE3xzB2ZywiAwp0i,1027370,Hip Hop,rap,I NEVER LIKED YOU,2022-04-29,Epic/Freebandz,2022-04-29,day,album
514GW1c9Jn21KgZmO6mZIE,Armee der Tristen,Rammstein,6wWVKhxIU2cEi0K81v7HvP,1005028,"Rock, Metal","industrial metal, metal, industrial rock, industrial",Zeit,2022-04-29,Rammstein,2022-04-29,day,album
0UuNO0yYvsMPlyLF7RfQlg,Angst,Rammstein,6wWVKhxIU2cEi0K81v7HvP,968395,"Rock, Metal","industrial metal, metal, industrial rock, industrial",Zeit,2022-04-29,Rammstein,2022-04-29,day,album
2KsHzM4L7ThhNJB6MHXkPx,Zeit,Rammstein,6wWVKhxIU2cEi0K81v7HvP,935187,"Rock, Metal","industrial metal, metal, industrial rock, industrial",Zeit,2022-04-29,Rammstein,2022-04-29,day,album
2w7Ca8DNYXBCgA6Bht7o0N,Zick Zack,Rammstein,6wWVKhxIU2cEi0K81v7HvP,929134,"Rock, Metal","industrial metal, metal, industrial rock, industrial",Zeit,2022-04-29,Rammstein,2022-04-29,day,album
1QxIFMs4M8qd5cbJJu80v4,Skyline,Khalid,6LuN9FCkKOj5PcnpouEgny,1740931,,,Skyline,2022-04-28,"Right Hand Music Group, LLC/RCA Records",2022-04-28,day,single
0sjhY8nPIm6cPOQfyUPmJe,ERRO PLANEJADO - Ao Vivo,"Luan Santana, Henrique & Juliano","3qvcCP2J0fWi0m0uQDUf6r, 3p7PcrEHaaKLJnPUGOtRlT",13077858,"Country, Latin","sertanejo, sertanejo universitário, arrocha, agronejo",ERRO PLANEJADO (Ao Vivo),2022-04-13,Sony Music Entertainment,2022-04-13,day,single
296nXCOv97WJNRWzIBQnoj,FEARLESS,LE SSERAFIM,4SpbR6yFEvexJuaBpgAU5p,28188808,Pop,k-pop,FEARLESS,2022-05-02,SOURCE MUSIC,2022-05-02,day,single
6Xom58OOXk2SoU711L2IXO,Moscow Mule,Bad Bunny,4q3ewBCX7sLwd24euuV69X,692389206,Latin,"reggaeton, trap latino, latin, urbano latino",Un Verano Sin Ti,2022-05-06,Rimas Entertainment LLC,2022-05-06,day,album
1dm6z1fWB0cErMszU25dy2,Después de la Playa,Bad Bunny,4q3ewBCX7sLwd24euuV69X,312125686,Latin,"reggaeton, trap latino, latin, urbano latino",Un Verano Sin Ti,2022-05-06,Rimas Entertainment LLC,2022-05-06,day,album
6Sq7ltF9Qa7SNFBsV5Cogx,Me Porto Bonito,"Bad Bunny, Chencho Corleone","4q3ewBCX7sLwd24euuV69X, 37230BxxYs9ksS7OkZw3IU",1049208238,Latin,"reggaeton, trap latino, latin, urbano latino",Un Verano Sin Ti,2022-05-06,Rimas Entertainment LLC,2022-05-06,day,album
41oY4WCTj5kccfesTVFnvN,Tarot,"Bad Bunny, JHAYCO","4q3ewBCX7sLwd24euuV69X, 6nVcHLIgY5pE2YCl8ubca1",467582219,Latin,"reggaeton, trap latino, latin, urbano latino",Un Verano Sin Ti,2022-05-06,Rimas Entertainment LLC,2022-05-06,day,album
1IHWl5LamUGEuP4ozKQSXZ,Tití Me Preguntó,Bad Bunny,4q3ewBCX7sLwd24euuV69X,944771372,Latin,"reggaeton, trap latino, latin, urbano latino",Un Verano Sin Ti,2022-05-06,Rimas Entertainment LLC,2022-05-06,day,album
5CzixCxDkRXX9mScCmah8O,Un Ratito,Bad Bunny,4q3ewBCX7sLwd24euuV69X,263393406,Latin,"reggaeton, trap latino, latin, urbano latino",Un Verano Sin Ti,2022-05-06,Rimas Entertainment LLC,2022-05-06,day,album
4tYFy8ALRjIZvnvSLw5lxN,Party,"Bad Bunny, Rauw Alejandro","4q3ewBCX7sLwd24euuV69X, 1mcTU81TzQhprhouKaTkpq",480191669,Latin,"reggaeton, trap latino, latin, urbano latino",Un Verano Sin Ti,2022-05-06,Rimas Entertainment LLC,2022-05-06,day,album
3k3NWokhRRkEPhCzPmV8TW,Ojitos Lindos,"Bad Bunny, Bomba Estéreo","4q3ewBCX7sLwd24euuV69X, 5n9bMYfz9qss2VOW89EVs2",810969558,Latin,"reggaeton, trap latino, latin, urbano latino, latin alternative",Un Verano Sin Ti,2022-05-06,Rimas Entertainment LLC,2022-05-06,day,album
5kVZxyMY1gfdCLiChsfjn1,Yo No Soy Celoso,Bad Bunny,4q3ewBCX7sLwd24euuV69X,185622214,Latin,"reggaeton, trap latino, latin, urbano latino",Un Verano Sin Ti,2022-05-06,Rimas Entertainment LLC,2022-05-06,day,album
31i56LZnwE6uSu3exoHjtB,Neverita,Bad Bunny,4q3ewBCX7sLwd24euuV69X,451817568,Latin,"reggaeton, trap latino, latin, urbano latino",Un Verano Sin Ti,2022-05-06,Rimas Entertainment LLC,2022-05-06,day,album
1797zYiX4cKosMH836X9Gt,La Corriente,"Bad Bunny, Tony Dize","4q3ewBCX7sLwd24euuV69X, 3LKXWvXFWrkwUzJWxzwVpW",351885088,Latin,"reggaeton, trap latino, latin, urbano latino",Un Verano Sin Ti,2022-05-06,Rimas Entertainment LLC,2022-05-06,day,album
0wHFktze2PHC5jDt3B17DC,First Class,Jack Harlow,2LIk90788K0zvyj2JJVwkJ,361256315,,,Come Home The Kids Miss You,2022-05-06,Generation Now/Atlantic,2022-05-06,day,album
28GCbKgjlVD9eDmasGbe0T,Me Fui de Vacaciones,Bad Bunny,4q3ewBCX7sLwd24euuV69X,175931050,Latin,"reggaeton, trap latino, latin, urbano latino",Un Verano Sin Ti,2022-05-06,Rimas Entertainment LLC,2022-05-06,day,album
5Eax0qFko2dh7Rl2lYs3bx,Efecto,Bad Bunny,4q3ewBCX7sLwd24euuV69X,751929927,Latin,"reggaeton, trap latino, latin, urbano latino",Un Verano Sin Ti,2022-05-06,Rimas Entertainment LLC,2022-05-06,day,album
18HOjcvTVV7W8YzBuOsAPS,Un Verano Sin Ti,Bad Bunny,4q3ewBCX7sLwd24euuV69X,108478318,Latin,"reggaeton, trap latino, latin, urbano latino",Un Verano Sin Ti,2022-05-06,Rimas Entertainment LLC,2022-05-06,day,album
4d4ZXH4dr5bYfgErHiZCX2,Dos Mil 16,Bad Bunny,4q3ewBCX7sLwd24euuV69X,200015120,Latin,"reggaeton, trap latino, latin, urbano latino",Un Verano Sin Ti,2022-05-06,Rimas Entertainment LLC,2022-05-06,day,album
2uflssWlCaJ6CbTMOsUpNI,Aguacero,Bad Bunny,4q3ewBCX7sLwd24euuV69X,158162710,Latin,"reggaeton, trap latino, latin, urbano latino",Un Verano Sin Ti,2022-05-06,Rimas Entertainment LLC,2022-05-06,day,album
2NMjggapJcXXM7WccGEBUO,Enséñame a Bailar,Bad Bunny,4q3ewBCX7sLwd24euuV69X,102336881,Latin,"reggaeton, trap latino, latin, urbano latino",Un Verano Sin Ti,2022-05-06,Rimas Entertainment LLC,2022-05-06,day,album
0E0DRHf5PfMeor0ZCwB3oT,Otro Atardecer,"Bad Bunny, The Marías","4q3ewBCX7sLwd24euuV69X, 2sSGPbdZJkaSE2AbcGOACx",148886605,"Pop, Latin","reggaeton, trap latino, latin, urbano latino, bedroom pop",Un Verano Sin Ti,2022-05-06,Rimas Entertainment LLC,2022-05-06,day,album
44XjoNvtwevktFKjvVe1vH,Andrea,"Bad Bunny, Buscabulla","4q3ewBCX7sLwd24euuV69X, 0MoaBi6dSquXp6rrlqlF8R",200153019,Latin,"reggaeton, trap latino, latin, urbano latino, latin indie",Un Verano Sin Ti,2022-05-06,Rimas Entertainment LLC,2022-05-06,day,album
6VrQTLzzuyGIYjUDe4kAZk,Un Coco,Bad Bunny,4q3ewBCX7sLwd24euuV69X,218870748,Latin,"reggaeton, trap latino, latin, urbano latino",Un Verano Sin Ti,2022-05-06,Rimas Entertainment LLC,2022-05-06,day,album
0UvZcEfpzVyx47QsRbjyBz,El Apagón,Bad Bunny,4q3ewBCX7sLwd24euuV69X,77186346,Latin,"reggaeton, trap latino, latin, urbano latino",Un Verano Sin Ti,2022-05-06,Rimas Entertainment LLC,2022-05-06,day,album
0wihfILRNOwE2156Shezc8,Agosto,Bad Bunny,4q3ewBCX7sLwd24euuV69X,76756025,Latin,"reggaeton, trap latino, latin, urbano latino",Un Verano Sin Ti,2022-05-06,Rimas Entertainment LLC,2022-05-06,day,album
4d1CG5ei1E2vGbvmgf5KKv,This Love (Taylor’s Version),Taylor Swift,06HL4z0CvFAxyc27GXpf02,18028199,,,This Love (Taylor’s Version),2022-05-06,Taylor Swift,2022-05-06,day,single
71wFwRo8xGc4lrcyKwsvba,Callaita,"Bad Bunny, Tainy","4q3ewBCX7sLwd24euuV69X, 0GM7qgcRCORpGnfcN2tCiB",141962306,Latin,"reggaeton, trap latino, latin, urbano latino",Un Verano Sin Ti,2022-05-06,Rimas Entertainment LLC,2022-05-06,day,album
0LnS7aOdOdI1dNKZqdOLz4,Dua Lipa,Jack Harlow,2LIk90788K0zvyj2JJVwkJ,47001594,,,Come Home The Kids Miss You,2022-05-06,Generation Now/Atlantic,2022-05-06,day,album
3EMp20j5E42MxfFbsEsIvD,Churchill Downs (feat. Drake),"Jack Harlow, Drake","2LIk90788K0zvyj2JJVwkJ, 3TVXtAsR1Inumwj472S9r4",19718510,Hip Hop,"rap, hip hop",Come Home The Kids Miss You,2022-05-06,Generation Now/Atlantic,2022-05-06,day,album
1Ov37jtRQ2YNAe8HzfczkL,Wildest Dreams (Taylor's Version),['Taylor Swift'],['06HL4z0CvFAxyc27GXpf02'],5330249,,,Wildest Dreams (Taylor's Version),2021-09-17,Taylor Swift,2021-09-17,day,single
7Bot6AB2dsvZEyqzUL8AUH,I'd Do Anything To Make You Smile,Jack Harlow,2LIk90788K0zvyj2JJVwkJ,2605045,,,Come Home The Kids Miss You,2022-05-06,Generation Now/Atlantic,2022-05-06,day,album
4CuZSJLlmUrEfcXUm6pQk9,Young Harleezy,Jack Harlow,2LIk90788K0zvyj2JJVwkJ,2545103,,,Come Home The Kids Miss You,2022-05-06,Generation Now/Atlantic,2022-05-06,day,album
7qFtkIa3KfhJAlWLVE1GCI,Talk Of The Town,Jack Harlow,2LIk90788K0zvyj2JJVwkJ,2405720,,,Come Home The Kids Miss You,2022-05-05,Generation Now/Atlantic,2022-05-05,day,album
6NHpyYvJyQsg2nXXzGYc2R,Thought You Should Know,Morgan Wallen,4oUHIQIBe0LHzYfvXNW4QM,5534172,Country,country,Thought You Should Know,2022-05-06,Big Loud Records / Republic Records,2022-05-06,day,single
3ioJs8DQw527GmqJIp5gZG,Nail Tech,Jack Harlow,2LIk90788K0zvyj2JJVwkJ,7040491,,,Come Home The Kids Miss You,2022-05-06,Generation Now/Atlantic,2022-05-06,day,album
7IBLt4Qarf4JDLxIQDv2O5,D.M.B.,A$AP Rocky,13ubrt8QOOCPljQ2FL1Kca,3201516,Hip Hop,rap,D.M.B.,2022-05-05,A$AP Worldwide/Polo Grounds Music/RCA Records,2022-05-05,day,single
0203aGEIzVVlmvQ8lX4fmV,Side Piece,Jack Harlow,2LIk90788K0zvyj2JJVwkJ,2343929,,,Come Home The Kids Miss You,2022-05-06,Generation Now/Atlantic,2022-05-06,day,album
3u8bblcJtOxxmGzJrviWLp,Movie Star (feat. Pharrell Williams),"Jack Harlow, Pharrell Williams","2LIk90788K0zvyj2JJVwkJ, 2RdwBSPQiwcmiDo9kixcl8",2292100,,,Come Home The Kids Miss You,2022-05-06,Generation Now/Atlantic,2022-05-06,day,album
2SUxn2O9NHL6GHGQFgwCY0,2step,['Ed Sheeran'],['6eUKZXaKkcviH0Ku9w2n3V'],4581024,Pop,soft pop,=,2021-10-25,Atlantic Records UK,2021-10-25,day,album
5hNsSrWcClSp0tg4Jdd4UY,I Got A Shot,Jack Harlow,2LIk90788K0zvyj2JJVwkJ,2074586,,,Come Home The Kids Miss You,2022-05-06,Generation Now/Atlantic,2022-05-06,day,album
4obgLgDkkjoGpRMa9lyFWW,Parent Trap (feat. Justin Timberlake),"Jack Harlow, Justin Timberlake","2LIk90788K0zvyj2JJVwkJ, 31TPClRtHm23RisEBtV3X7",1201953,,,Come Home The Kids Miss You,2022-05-05,Generation Now/Atlantic,2022-05-05,day,album
22xea6Z2a8BbyVeCksSBX9,Like A Blade Of Grass,Jack Harlow,2LIk90788K0zvyj2JJVwkJ,2014139,,,Come Home The Kids Miss You,2022-05-06,Generation Now/Atlantic,2022-05-06,day,album
1hs54MGy1J69I52GvzsrbB,Poison (feat. Lil Wayne),"Jack Harlow, Lil Wayne","2LIk90788K0zvyj2JJVwkJ, 55Aa2cqylxrFIXC767Z865",1170614,Hip Hop,"rap, hip hop",Come Home The Kids Miss You,2022-05-06,Generation Now/Atlantic,2022-05-06,day,album
0oWraSo5ASJ0h1BEagTyEw,Hold My Hand,Lady Gaga,1HY2Jd0NmPuamShAr6KMms,2837000,Pop,"art pop, pop",Hold My Hand (Music From The Motion Picture  Top Gun: Maverick ),2022-05-03,Interscope Records,2022-05-03,day,single
7ky2X6PAaUZTQjaDniHRot,Lil Secret,Jack Harlow,2LIk90788K0zvyj2JJVwkJ,1142144,,,Come Home The Kids Miss You,2022-05-05,Generation Now/Atlantic,2022-05-05,day,album
3M214U0mwSm041GsQR3nrO,Toxic,BoyWithUke,1Cd373x8qzC7SNUg5IToqp,28117891,,,Serotonin Dreams,2022-05-06,Republic Records,2022-05-06,day,album
7KDYKPhxFFRDBSbgcfLxUT,SI SUPIERAS,"Eslabon Armado, DannyLux","0XeEobZplHxzM9QzFQWLiR, 6ElqtIfQsAkEYypgfJIjeK",997338,Latin,"corridos tumbados, sad sierreño, corrido, sierreño, música mexicana, corridos bélicos, electro corridos",NOSTALGIA,2022-05-06,DEL Records,2022-05-06,day,album
2gpaJPUWNx2xmOwy2NNLu8,DOS MORRITAS,"Eslabon Armado, Junior H","0XeEobZplHxzM9QzFQWLiR, 7Gi6gjaWy3DxyilpF1a8Is",920361,Latin,"corridos tumbados, sad sierreño, corrido, sierreño, música mexicana, corridos bélicos, banda",NOSTALGIA,2022-05-06,DEL Records,2022-05-06,day,album
4ZUpTMKPYFTfJqamWFU9Zv,IDGAF (with blackbear),"BoyWithUke, blackbear","1Cd373x8qzC7SNUg5IToqp, 2cFrymmkijnjDg9SS92EPM",715962,,,Serotonin Dreams,2022-05-06,Republic Records,2022-05-06,day,album
5MMW4CZsZiZt2iuqAXzzWC,The Heart Part 5,Kendrick Lamar,2YZyLoL8N0Wb9xBt1NhZWg,20012726,Hip Hop,"hip hop, west coast hip hop",The Heart Part 5,2022-05-08,pgLang/Top Dawg Entertainment/Aftermath/Interscope Records,2022-05-08,day,single
1HsSIPLTQT354yJcQGfEY3,Good Boy Gone Bad,TOMORROW X TOGETHER,0ghlgldX5Dd6720Q3qFyQB,5437670,Pop,k-pop,minisode 2: Thursday's Child,2022-05-09,Republic Records - TXT,2022-05-09,day,single
1exxGxUMlJWD1h9YcE9YZH,Opening Sequence,TOMORROW X TOGETHER,0ghlgldX5Dd6720Q3qFyQB,1938509,Pop,k-pop,minisode 2: Thursday's Child,2022-05-09,Republic Records - TXT,2022-05-09,day,single
20pl0RVGT7P6L1Jr9p51nw,Trust Fund Baby,TOMORROW X TOGETHER,0ghlgldX5Dd6720Q3qFyQB,888142,Pop,k-pop,minisode 2: Thursday's Child,2022-05-09,Republic Records - TXT,2022-05-09,day,single
04CHEoMbrLOiX8co3EG5dO,Thursday's Child Has Far To Go,TOMORROW X TOGETHER,0ghlgldX5Dd6720Q3qFyQB,873218,Pop,k-pop,minisode 2: Thursday's Child,2022-05-09,Republic Records - TXT,2022-05-09,day,single
6AOrC7t2WS5ykYcnoHpiS2,Lonely Boy (The tattoo on my ring finger),TOMORROW X TOGETHER,0ghlgldX5Dd6720Q3qFyQB,843895,Pop,k-pop,minisode 2: Thursday's Child,2022-05-09,Republic Records - TXT,2022-05-09,day,single
0T5iIrXA4p5GsubkhuBIKV,Until I Found You,Stephen Sanchez,5XKFrudbV4IiuE5WuTPRmT,177839469,,,Until I Found You,2021-09-01,Republic Records,2021-09-01,day,single
5ZjV4yevHO1QhMw8AjyQbZ,Good Looking,Suki Waterhouse,5GGJosGMs08YEmKTZJe1fL,5748402,,,Good Looking,2017-10-20,This Rough Magic,2017-10-20,day,single
2HbKqm4o0w5wEeEFXm2sD4,Money Trees,"['Kendrick Lamar', 'Jay Rock']","['2YZyLoL8N0Wb9xBt1NhZWg', '28ExwzUQsvgJooOI0X1mr3']",25055894,Hip Hop,"hip hop, west coast hip hop, ","good kid, m.A.A.d city",2012-00-00,Aftermath,2012,year,album
0hquQWY3xvYqN4qtiquniF,Vegas (From the Original Motion Picture Soundtrack ELVIS),Doja Cat,5cj0lLjcoR7YOSnhnX0Po5,271134377,,,Vegas (From the Original Motion Picture Soundtrack ELVIS),2022-05-06,Kemosabe Records/RCA Records,2022-05-06,day,single
2FeBslNBMdR9V58uv6hd2t,N95,Kendrick Lamar,2YZyLoL8N0Wb9xBt1NhZWg,75100615,Hip Hop,"hip hop, west coast hip hop",Mr. Morale & The Big Steppers,2022-05-13,pgLang/Top Dawg Entertainment/Aftermath/Interscope Records,2022-05-13,day,album
05zd5Nv0e02ZqrlC8A2cwx,United In Grief,Kendrick Lamar,2YZyLoL8N0Wb9xBt1NhZWg,36566509,Hip Hop,"hip hop, west coast hip hop",Mr. Morale & The Big Steppers,2022-05-13,pgLang/Top Dawg Entertainment/Aftermath/Interscope Records,2022-05-13,day,album
6gI9b2VsoWhjhIuIeToDVs,Die Hard,"Kendrick Lamar, Blxst, Amanda Reifer","2YZyLoL8N0Wb9xBt1NhZWg, 4qXC0i02bSFstECuXP2ZpL, 1PpDfXOUG7gxUjR1quWnwp",57536613,Hip Hop,"hip hop, west coast hip hop, ",Mr. Morale & The Big Steppers,2022-05-13,pgLang/Top Dawg Entertainment/Aftermath/Interscope Records,2022-05-13,day,album
4xIhSUJantE6BMl3u8dtCJ,Father Time (feat. Sampha),"Kendrick Lamar, Sampha","2YZyLoL8N0Wb9xBt1NhZWg, 2WoVwexZuODvclzULjPQtm",32291717,Hip Hop,"hip hop, west coast hip hop, ",Mr. Morale & The Big Steppers,2022-05-13,pgLang/Top Dawg Entertainment/Aftermath/Interscope Records,2022-05-13,day,album
5p56JT5F9a1z9pwXnqTg7d,Worldwide Steppers,Kendrick Lamar,2YZyLoL8N0Wb9xBt1NhZWg,21216657,Hip Hop,"hip hop, west coast hip hop",Mr. Morale & The Big Steppers,2022-05-13,pgLang/Top Dawg Entertainment/Aftermath/Interscope Records,2022-05-13,day,album
6kYGOFNUMxpab09L5Ukoke,Rich Spirit,Kendrick Lamar,2YZyLoL8N0Wb9xBt1NhZWg,37303128,Hip Hop,"hip hop, west coast hip hop",Mr. Morale & The Big Steppers,2022-05-13,pgLang/Top Dawg Entertainment/Aftermath/Interscope Records,2022-05-13,day,album
0RAvy97QRPzO2AfK5Dw6j3,We Cry Together,"Kendrick Lamar, Taylour Paige","2YZyLoL8N0Wb9xBt1NhZWg, 7nkr1fevjIVmgx5biwAWVo",22289519,Hip Hop,"hip hop, west coast hip hop, ",Mr. Morale & The Big Steppers,2022-05-13,pgLang/Top Dawg Entertainment/Aftermath/Interscope Records,2022-05-13,day,album
401160izncPtca3CmX3dvM,Purple Hearts,"Kendrick Lamar, Summer Walker, Ghostface Killah","2YZyLoL8N0Wb9xBt1NhZWg, 57LYzLEk2LcFghVwuWbcuS, 6FD0unjzGQhX3b6eMccMJe",18954085,"Hip Hop, R&B","hip hop, west coast hip hop, r&b, east coast hip hop, hardcore hip hop",Mr. Morale & The Big Steppers,2022-05-13,pgLang/Top Dawg Entertainment/Aftermath/Interscope Records,2022-05-13,day,album
3tYTyAt1q6BFBiGyYVOLhi,Silent Hill,"Kendrick Lamar, Kodak Black","2YZyLoL8N0Wb9xBt1NhZWg, 46SHBwWsqBkxI7EeeBEQG7",30106392,Hip Hop,"hip hop, west coast hip hop, ",Mr. Morale & The Big Steppers,2022-05-13,pgLang/Top Dawg Entertainment/Aftermath/Interscope Records,2022-05-13,day,album
7pj6P5WnxkZsw3XRc8eMe1,Count Me Out,Kendrick Lamar,2YZyLoL8N0Wb9xBt1NhZWg,24361797,Hip Hop,"hip hop, west coast hip hop",Mr. Morale & The Big Steppers,2022-05-13,pgLang/Top Dawg Entertainment/Aftermath/Interscope Records,2022-05-13,day,album
2Az5ykbQiZtFWtACCMvWlP,Rich - Interlude,Kendrick Lamar,2YZyLoL8N0Wb9xBt1NhZWg,14123144,Hip Hop,"hip hop, west coast hip hop",Mr. Morale & The Big Steppers,2022-05-13,pgLang/Top Dawg Entertainment/Aftermath/Interscope Records,2022-05-13,day,album
0YeUVm23SAkUruwEx9LWnt,Savior,"Kendrick Lamar, Baby Keem, Sam Dew","2YZyLoL8N0Wb9xBt1NhZWg, 5SXuuuRpukkTvsLuUknva1, 1SIw8nXWjvAKeb6Dhh85cz",20998320,Hip Hop,"hip hop, west coast hip hop, ",Mr. Morale & The Big Steppers,2022-05-13,pgLang/Top Dawg Entertainment/Aftermath/Interscope Records,2022-05-13,day,album
2IwbW2jd0Ncv99Aroe77Ru,Crown,Kendrick Lamar,2YZyLoL8N0Wb9xBt1NhZWg,12654671,Hip Hop,"hip hop, west coast hip hop",Mr. Morale & The Big Steppers,2022-05-13,pgLang/Top Dawg Entertainment/Aftermath/Interscope Records,2022-05-13,day,album
7zvfDihYiJ8RQ1nRcpKBF5,Mr. Morale,"Kendrick Lamar, Tanna Leone","2YZyLoL8N0Wb9xBt1NhZWg, 1bPYCoigTRLOQwNfjpwmff",13744373,Hip Hop,"hip hop, west coast hip hop, ",Mr. Morale & The Big Steppers,2022-05-13,pgLang/Top Dawg Entertainment/Aftermath/Interscope Records,2022-05-13,day,album
19Fg3WrTfo35Ji3PtfZE6J,Auntie Diaries,Kendrick Lamar,2YZyLoL8N0Wb9xBt1NhZWg,11000423,Hip Hop,"hip hop, west coast hip hop",Mr. Morale & The Big Steppers,2022-05-13,pgLang/Top Dawg Entertainment/Aftermath/Interscope Records,2022-05-13,day,album
5PPUw4Xo3Hz6rl4GpBfd3c,Savior - Interlude,Kendrick Lamar,2YZyLoL8N0Wb9xBt1NhZWg,10229329,Hip Hop,"hip hop, west coast hip hop",Mr. Morale & The Big Steppers,2022-05-13,pgLang/Top Dawg Entertainment/Aftermath/Interscope Records,2022-05-13,day,album
6NZOc8kO0Fxo0fLPvIdLnW,Mother I Sober (feat. Beth Gibbons of Portishead),"Kendrick Lamar, Beth Gibbons","2YZyLoL8N0Wb9xBt1NhZWg, 6Lt6KFXX3P0v6vfrynQAMo",8723141,Hip Hop,"hip hop, west coast hip hop, ",Mr. Morale & The Big Steppers,2022-05-13,pgLang/Top Dawg Entertainment/Aftermath/Interscope Records,2022-05-13,day,album
5LOiuvbH62YGtnwe6Ltt4T,Mirror,Kendrick Lamar,2YZyLoL8N0Wb9xBt1NhZWg,9886047,Hip Hop,"hip hop, west coast hip hop",Mr. Morale & The Big Steppers,2022-05-13,pgLang/Top Dawg Entertainment/Aftermath/Interscope Records,2022-05-13,day,album
7DwcBgdzqhFJltEaV1XF81,Cooped Up (with Roddy Ricch),"Post Malone, Roddy Ricch","246dkjvS1zLTtiykXe5h60, 757aE44tKEUQEqRuT6GnEB",41716381,Hip Hop,melodic rap,Cooped Up,2022-05-12,Mercury Records/Republic Records,2022-05-12,day,single
7FlQk2gJ6TBrHHiidvdR2O,MAMIII,"Becky G, KAROL G","4obzFoKoKRHIphyHzJ35G3, 790FomKkXshlbRYZFtlgla",269409656,Latin,"reggaeton, latin, urbano latino",ESQUEMAS,2022-05-13,Kemosabe Records/RCA Records/Sony Music Latin,2022-05-13,day,album
6Pif6RkFoYzLygdqktus4Q,The Foundations of Decay,My Chemical Romance,7FBcuc1gsnv6Y1nwFtNRCb,4371874,"Rock, Pop","emo, pop punk, emo pop",The Foundations of Decay,2022-05-12,Reprise,2022-05-12,day,single
5uU1uuyaUIBOiiUSQG7Wl3,You Proof,Morgan Wallen,4oUHIQIBe0LHzYfvXNW4QM,17303042,Country,country,You Proof,2022-05-13,Big Loud / Mercury Records / Republic Records,2022-05-13,day,single
63WuQOXohQIxOxIFA2K7bR,SUPERMODEL,Måneskin,0lAWpj5szCSwM4rUMHYmrr,79976776,,,SUPERMODEL,2022-05-13,Epic,2022-05-13,day,single
3I1Smy5zhzNEc9grpjwY1s,what would you do?,Tate McRae,45dkTj5sMRSjrmBSBeiHym,1098352,,,what would you do?,2022-05-13,RCA Records Label,2022-05-13,day,single
2vHzOWRKYPLu8umRPIFuOq,Stefania (Kalush Orchestra),"KALUSH, Kalush Orchestra","46rVVJwHWNS7C7MaWXd842, 6fNkvAT7XRYuIynD5RTSLf",7832882,,,Stefania (Kalush Orchestra),2022-03-18,Columbia Local,2022-03-18,day,single
3nhGk6VnrDHy67pXvMhdPa,SPACE MAN,Sam Ryder,1rvnJJghrxl1xakJZct08m,3425544,,,SPACE MAN,2022-02-22,Parlophone UK,2022-02-22,day,single
3XREkzDHsWdBL5tybyCDBH,SloMo,Chanel,5DeX42pr2TilrnsUgjG8D1,4915736,Latin,bachata,SloMo,2021-12-24,BMG Rights Management and Administration (Spain) S.L.U,2021-12-24,day,single
50Cf2eYv8zT3v2HAkwhIiL,Give That Wolf A Banana,Subwoolfer,633Va8wlM3hrqQ4xjqRfOf,1925441,,,Give That Wolf A Banana,2022-01-10,Universal Music AS,2022-01-10,day,single
7uQ7e7nzbtyX87eIYHpj6Z,De Diepte,S10,1zT9SWCzN45r7oVhy0VYLK,1807110,Pop,nederpop,De Diepte,2022-03-03,Noah's Ark BV,2022-03-03,day,single
1R0a2iXumgCiFb7HEZ7gUE,Don’t Blame Me,['Taylor Swift'],['06HL4z0CvFAxyc27GXpf02'],203469988,,,reputation,2017-11-10,"Big Machine Records, LLC",2017-11-10,day,album
4Dvkj6JhhA12EX05fT7y2e,As It Was,Harry Styles,6KImCVD70vtIoJWnq6nGn3,1247554720,,,Harry's House,2022-05-20,Columbia,2022-05-20,day,album
1qEmFfgcLObUfQm0j1W2CK,Late Night Talking,Harry Styles,6KImCVD70vtIoJWnq6nGn3,495488942,,,Harry's House,2022-05-20,Columbia,2022-05-20,day,album
5LYMamLv12UPbemOaTPyeV,Music For a Sushi Restaurant,Harry Styles,6KImCVD70vtIoJWnq6nGn3,154015270,,,Harry's House,2022-05-20,Columbia,2022-05-20,day,album
4j6kId9QIqhoXvqHKgSKa0,Grapejuice,Harry Styles,6KImCVD70vtIoJWnq6nGn3,74650537,,,Harry's House,2022-05-20,Columbia,2022-05-20,day,album
6uvh0In7u1Xn4HgxOfAn8O,Matilda,Harry Styles,6KImCVD70vtIoJWnq6nGn3,161887385,,,Harry's House,2022-05-20,Columbia,2022-05-20,day,album
3i058E8uxTsYqJ5NWZzqSj,Little Freak,Harry Styles,6KImCVD70vtIoJWnq6nGn3,88585195,,,Harry's House,2022-05-20,Columbia,2022-05-20,day,album
51Zw1cKDgkad0CXv23HCMU,Daylight,Harry Styles,6KImCVD70vtIoJWnq6nGn3,109292793,,,Harry's House,2022-05-20,Columbia,2022-05-20,day,album
35TyJIMR3xRouUuo2sjS6v,Cinema,Harry Styles,6KImCVD70vtIoJWnq6nGn3,62759612,,,Harry's House,2022-05-20,Columbia,2022-05-20,day,album
69w5X6uTrOaWM32IetSzvO,Daydreaming,Harry Styles,6KImCVD70vtIoJWnq6nGn3,60225714,,,Harry's House,2022-05-20,Columbia,2022-05-20,day,album
1mw0RgNXIpYRyyCdBQbLgA,Love Of My Life,Harry Styles,6KImCVD70vtIoJWnq6nGn3,73308719,,,Harry's House,2022-05-20,Columbia,2022-05-20,day,album
0rzaRSujxA0bKyjJl6vHYq,Satellite,Harry Styles,6KImCVD70vtIoJWnq6nGn3,82791889,,,Harry's House,2022-05-20,Columbia,2022-05-20,day,album
2NcQic8JxdjAlAHuNbOIRE,Keep Driving,Harry Styles,6KImCVD70vtIoJWnq6nGn3,61079438,,,Harry's House,2022-05-20,Columbia,2022-05-20,day,album
6qj02zSeEJGWZ4c0dn5QzJ,Boyfriends,Harry Styles,6KImCVD70vtIoJWnq6nGn3,43461184,,,Harry's House,2022-05-20,Columbia,2022-05-20,day,album
3ehHqgYRzmeUi345MfHS2N,París,"Morat, Duki","5C4PDR4LnhZTbVnKWXuDKD, 1bAftSH8umNcGZ0uyV7LMg",13186691,"Hip Hop, Pop, Latin","colombian pop, latin pop, argentine trap, trap, trap latino",París,2022-05-20,Universal Music Spain S.L.,2022-05-20,day,single
6DoL1yYIwEW7VZMRaJhoJI,La Llevo Al Cielo (Ft. Ñengo Flow),"Chris Jedi, Anuel AA, Chencho Corleone, Ñengo Flow","0qTZZWLzuD59Un5r1speHm, 2R21vXR83lH98kGeO99Y66, 37230BxxYs9ksS7OkZw3IU, 12vb80Km0Ew53ABfJOepVz",192545807,Latin,"trap latino, reggaeton, urbano latino, latin",La Llevo Al Cielo (Ft. Ñengo Flow),2022-05-20,UMLE - Latino,2022-05-20,day,single
6hFwju6M40CKovKBPu5IpY,ACORDA PEDRINHO,Jovem Dionisio,4m5LghDfOKFZNEBZ0GO1OQ,27561444,Latin,"nova mpb, mpb","Acorda, Pedrinho",2022-03-24,Jovem Dionisio,2022-03-24,day,album
6OZwia8loN0aPS0vTvsBjR,TOUT VA BIEN (feat. Ninho & Naps),"Alonzo, Ninho, Naps","2z2TRvloJt4EfUNQp9rHAi, 6Te49r3A6f5BiIgBRxH7FH, 6W5uA6CNMf3hd2j4a2XWCx",4439084,"Latin, Hip Hop","pop urbaine, chicha",QUARTIERS NORD,2022-05-20,ONLY PRO,2022-05-20,day,album
6Ulh9GPYz6JKdv04qc3q2U,Dengo,João Gomes,4JNo6Q5KdcRf1vtSX9mB0S,4346471,"Country, Latin","piseiro, forró, sertanejo, arrocha, brega",Digo Ou Não Digo,2022-05-20,JG Shows,2022-05-20,day,album
3ShKPhFkexrwl7WoyTtNND,Tchuco Nela,"Rogerinho, Wesley Safadão","5JbQpbeFaKfuZVFzKwaawP, 1AL2GKpmRrKXkYIcASuRFa",4396970,"Country, Pop, R&B, Latin","piseiro, arrocha, forró, pagode baiano, brega funk, brega, funk, sertanejo, sertanejo universitário",Tchuco Nela,2022-04-08,AgitoFunk,2022-04-08,day,single
7kYbxvrGXv8cmKjkqgqhrw,La Triple T,TINI,7vXDAI8JwjW531ouMGbfcp,3411096,Pop,latin pop,La Triple T,2022-05-05,Sony Music Latin,2022-05-05,day,single
2NWaWZZLFMcr5P4uI2KvWy,En El Radio Un Cochinero,Victor Cibrian,1iXdpCz3AeLEAvzqeNodt8,24115418,Latin,"corrido, corridos bélicos, corridos tumbados, banda",En El Radio Un Cochinero,2022-05-13,Rancho Humilde,2022-05-13,day,single
62ke5zFUJN6RvtXZgVH0F8,Only Love Can Hurt Like This,Paloma Faith,4fwuXg6XQHfdlOdmw36OHa,159758627,,,A Perfect Contradiction (Outsiders' Expanded Edition),2014-03-10,RCA Records Label,2014-03-10,day,album
6A3SB2C4U6JtCavQOXLYNN,Je M'appelle,Benzz,2GYIFLUsVVHPPUzOfJndRh,1598687,"Hip Hop, Pop","uk drill, drill",Je M'appelle,2022-04-21,Universal-Island Records Ltd.,2022-04-21,day,single
5O2P9iiztwhomNh8xkR9lJ,Night Changes,['One Direction'],['4AK6F7OLvEQ5QYCBNiQWHq'],214700054,,,FOUR (Deluxe),2014-11-17,Syco Music,2014-11-17,day,album
7fZBQnc0zXwVybgCIrQQil,Belly Dancer,"Imanbek, BYOR","5rGrDvrLOV2VV8SCFVGWlj, 0Upxnyh9nIUNSOmNE8WF4R",161176855,Electronic,"slap house, ",Belly Dancer,2022-02-18,Musical Freedom,2022-02-18,day,single
6EbVuwU7EnKeF2hdpViXCH,Die Young (feat. 347aidan),"Sleepy Hallow, 347aidan","6EPlBSH2RSiettczlz7ihV, 0bBz5bRBkExaej2HxtVfCw",45781577,Hip Hop,"brooklyn drill, new york drill, ",Die Young (feat. 347aidan),2022-05-25,Winners Circle/RCA Records,2022-05-25,day,single
06JvOZ39sK8D8SqiqfaxDU,True Love,"Kanye West, XXXTENTACION","5K4W6rqBFWDnAN6FQUkS6x, 15UsOTVnJzReFVN1VCnxy4",51482863,Hip Hop,"rap, emo rap",True Love,2022-05-27,Columbia,2022-05-27,day,single
7fYRg3CEbk6rNCuzNzMT06,Potion (with Dua Lipa & Young Thug),"Calvin Harris, Dua Lipa, Young Thug","7CajNmpbOovFoOoasH2HaY, 6M2wZ9GZgrQXHCFfjv46we, 50co4Is1HCEo8bhOyUWKpn",83630569,"Electronic, Hip Hop, Pop","edm, pop, rap, melodic rap, trap",Potion (with Dua Lipa & Young Thug),2022-05-27,Columbia,2022-05-27,day,single
7l9IqDtVWJurTvkQHq1BGh,she's all i wanna be,Tate McRae,45dkTj5sMRSjrmBSBeiHym,55158436,,,i used to think i could fly,2022-05-27,RCA Records Label,2022-05-27,day,album
3RhyHYnYxuGnP8njFlNxHq,don't come back,Tate McRae,45dkTj5sMRSjrmBSBeiHym,1089390,,,i used to think i could fly,2022-05-27,RCA Records Label,2022-05-27,day,album
3MTm8eZ2wCEtpyZqqhP6Dn,gfy (with Machine Gun Kelly),"blackbear, mgk","2cFrymmkijnjDg9SS92EPM, 6TIYQ3jFPwQSRmorSezPxX",1019918,,,gfy (with Machine Gun Kelly),2022-05-27,Alamo/Columbia,2022-05-27,day,single
7ef4DlsgrMEH11cDZd32M6,One Kiss (with Dua Lipa),"['Calvin Harris', 'Dua Lipa']","['7CajNmpbOovFoOoasH2HaY', '6M2wZ9GZgrQXHCFfjv46we']",305051614,"Electronic, Pop","edm, pop",One Kiss (with Dua Lipa),2018-04-06,Sony Music UK,2018-04-06,day,single
4qeMMEoVX97kGLbGgfFm2r,One Life,Ed Sheeran,6eUKZXaKkcviH0Ku9w2n3V,983595,Pop,soft pop,= (Tour Edition),2022-05-27,Atlantic Records UK,2022-05-27,day,album
4ewmHD3aRBmLyTsbGreNLw,what would you do?,Tate McRae,45dkTj5sMRSjrmBSBeiHym,857443,,,i used to think i could fly,2022-05-27,RCA Records Label,2022-05-27,day,album
75FEaRjZTKLhTrFGsfMUXR,Running Up That Hill (A Deal With God),Kate Bush,1aSxMhuvixZ8h9dK9jIDwL,730405899,"Pop, Rock","art pop, baroque pop, art rock",Hounds Of Love,1985-00-00,Parlophone UK,1985,year,album
7B4uYqxTpTOS1sgxFB9Ann,The Last Ride,"Sidhu Moose Wala, Wazir Patar","4PULA4EFzYTrxYvOVlwpiQ, 3bCfmBmsKvp4UXialp6xNZ",6457066,"Traditional music, Hip Hop, Pop","punjabi hip hop, punjabi pop, bhangra, desi hip hop",The Last Ride,2022-05-15,Sidhu Moose Wala,2022-05-15,day,single
1c2hJSwcCfoPEw1su83Sw0,Hold My Hand,Lady Gaga,1HY2Jd0NmPuamShAr6KMms,62615640,Pop,"art pop, pop",Top Gun: Maverick (Music From The Motion Picture),2022-05-27,Interscope Records,2022-05-27,day,album
4RvWPyQ5RL0ao9LPZeSouE,Everybody Wants To Rule The World,Tears For Fears,4bthk9UfsYUYdcFyqxmSUU,149839540,"Rock, Pop","new wave, synthpop",Songs From The Big Chair (Super Deluxe Edition),1985-02-25,UMC (Universal Music Catalogue),1985-02-25,day,album
5W7DOVGQLTigu09afW7QMT,295,Sidhu Moose Wala,4PULA4EFzYTrxYvOVlwpiQ,13085712,"Traditional music, Hip Hop, Pop","punjabi hip hop, punjabi pop, bhangra, desi hip hop",Moosetape,2021-05-15,Sidhu Moose Wala,2021-05-15,day,album
1BkY0N8ChFk2mdLbAUu8ZK,Pass The Dutchie,Musical Youth,2CuzDPkRD6BJBvdWqCrt2I,54907683,R&B,reggae,Anthology,1994-02-28,Geffen,1994-02-28,day,album
4zN21mbAuaD0WqtmaTZZeP,Ferrari,"James Hype, Miggy Dela Rosa","43BxCL6t4c73BQnIJtry5v, 45ruzGUmIr8WLjLOPJ9mGU",254796086,Electronic,"house, tech house, ",Ferrari,2022-04-01,Universal-Island Records Ltd.,2022-04-01,day,single
31tf1qEai5o5f4r66Kd0pU,Me and Your Mama,Childish Gambino,73sIBHcqh3Z3NyqHKZ7FOL,20206648,,," Awaken, My Love! ",2016-12-02,Glassnote Entertainment Group LLC,2016-12-02,day,album
0O6u0VJ46W86TxN9wgyqDj,I Like You (A Happier Song) (with Doja Cat),"Post Malone, Doja Cat","246dkjvS1zLTtiykXe5h60, 5cj0lLjcoR7YOSnhnX0Po5",389514624,,,Twelve Carat Toothache,2022-06-03,Mercury Records/Republic Records,2022-06-03,day,album
32vE1nuG8T9c8bhmZdRY6d,Cooped Up (with Roddy Ricch),"Post Malone, Roddy Ricch","246dkjvS1zLTtiykXe5h60, 757aE44tKEUQEqRuT6GnEB",100442151,Hip Hop,melodic rap,Twelve Carat Toothache,2022-06-03,Mercury Records/Republic Records,2022-06-03,day,album
67dU06KGaJHLLlo5Y5bkD2,Reputation,Post Malone,246dkjvS1zLTtiykXe5h60,9644402,,,Twelve Carat Toothache,2022-06-03,Mercury Records/Republic Records,2022-06-03,day,album
2OcSE0EXzgUuqkM1NIJPHJ,Wasting Angels (with The Kid LAROI),"Post Malone, The Kid LAROI","246dkjvS1zLTtiykXe5h60, 2tIP7SsRs7vjIcLrU85W8J",9602960,,,Twelve Carat Toothache,2022-06-03,Mercury Records/Republic Records,2022-06-03,day,album
1NvpO1o8SpkdH3txtJQQc7,Lemon Tree,Post Malone,246dkjvS1zLTtiykXe5h60,9683220,,,Twelve Carat Toothache,2022-06-03,Mercury Records/Republic Records,2022-06-03,day,album
6Kfoo60npYPdvNxMPMiDpX,Wrapped Around Your Finger,Post Malone,246dkjvS1zLTtiykXe5h60,10976656,,,Twelve Carat Toothache,2022-06-03,Mercury Records/Republic Records,2022-06-03,day,album
4IxeKzzxUSEgivgtbSbyIK,I Cannot Be (A Sadder Song) (with Gunna),"Post Malone, Gunna","246dkjvS1zLTtiykXe5h60, 2hlmm7s2ICUX0LVIhVFlZQ",9073108,Hip Hop,melodic rap,Twelve Carat Toothache,2022-06-03,Mercury Records/Republic Records,2022-06-03,day,album
1nltpRhEiXikwDlVn4UADk,One Right Now (with The Weeknd),"Post Malone, The Weeknd","246dkjvS1zLTtiykXe5h60, 1Xyo4u8uXC1ZmMpatF05PJ",32630300,,,Twelve Carat Toothache,2022-06-03,Mercury Records/Republic Records,2022-06-03,day,album
2meHtZ7N97pJfvTL4hYtfv,Insane,Post Malone,246dkjvS1zLTtiykXe5h60,8535029,,,Twelve Carat Toothache,2022-06-03,Mercury Records/Republic Records,2022-06-03,day,album
6R9c642Hs3tOdLowjYaWt2,Love/Hate Letter To Alcohol (with Fleet Foxes),"Post Malone, Fleet Foxes","246dkjvS1zLTtiykXe5h60, 4EVpmkEwrLYEg6jIsiPMIb",6266621,"Pop, Folk/Acoustic, Rock","indie folk, folk, chamber pop, indie",Twelve Carat Toothache,2022-06-03,Mercury Records/Republic Records,2022-06-03,day,album
7JyFwJC3uRpiNfq7oKafgn,Euthanasia,Post Malone,246dkjvS1zLTtiykXe5h60,2530665,,,Twelve Carat Toothache,2022-06-03,Mercury Records/Republic Records,2022-06-03,day,album
5Ja2u1FPlVxrxeMWEa2dcn,When I’m Alone,Post Malone,246dkjvS1zLTtiykXe5h60,4173938,,,Twelve Carat Toothache,2022-06-03,Mercury Records/Republic Records,2022-06-03,day,album
1oc92BMKYkNxK17C2GtyRM,Distraction,Polo G,6AgTAQt8XS6jRWi4sX7w49,7434823,,,Distraction,2022-06-03,Columbia,2022-06-03,day,single
2GUSz3vtf8jhVXri1CTrQX,Waiting For A Miracle,Post Malone,246dkjvS1zLTtiykXe5h60,2102112,,,Twelve Carat Toothache,2022-06-03,Mercury Records/Republic Records,2022-06-03,day,album
0lmRKkc33g1N9fWW9nZPVc,"New Recording 12, Jan 3, 2020",Post Malone,246dkjvS1zLTtiykXe5h60,1032303,,,Twelve Carat Toothache,2022-06-03,Mercury Records/Republic Records,2022-06-03,day,album
6ojZtz3sZr6ynvejLOqgCj,Nos Comemos (feat. Ozuna),"Tiago PZK, Ozuna","5Y3MV9DZ0d87NnVm56qSY1, 1i8SpTcr7yvPOmcqrbnVXY",31528369,"Hip Hop, Latin","argentine trap, urbano latino, reggaeton, latin, trap latino",Nos Comemos (feat. Ozuna),2022-06-02,WEA Latina,2022-06-02,day,single
4RtPruLRZbyirtJGqYHPQm,Antes de Perderte,Duki,1bAftSH8umNcGZ0uyV7LMg,7940823,"Hip Hop, Latin","argentine trap, trap, trap latino",Antes de Perderte,2022-06-02,DALE PLAY Records / SSJ Records,2022-06-02,day,single
7qD2vjd3btuOgwpQPEY7ci,EU VOU COM CARINHO ELA QUER COM FORÇA,"Mc Don Juan, MC G15, Mc Davi","7Lmrb6KcIzfkmgbtokjsAL, 3Nipsl6GVwwGyeAk0J29C6, 1cYhx7ZOhYoVmnDPb9KMwo",1750629,"Hip Hop, R&B, Latin, Electronic","funk, funk consciente, brazilian funk, trap funk",EU VOU COM CARINHO ELA QUER COM FORÇA,2022-05-13,WM Brazil,2022-05-13,day,single
1EAzCHtS45JvyXNSposHCY,Girasol,Christian Nodal,0XwVARXT135rw8lyw1EeWP,875711,Latin,"banda, ranchera, mariachi, norteño, música mexicana, grupera",Girasol,2022-06-04,"Producciones Ladon, S.A de C.V./Sony Music México",2022-06-04,day,single
4h9wh7iOZ0GGn8QVp4RAOB,I Ain't Worried,OneRepublic,5Pwc4xIPtQLFEnJriah9YJ,590835642,Pop,soft pop,I Ain’t Worried (Music From The Motion Picture  Top Gun: Maverick ),2022-05-13,Interscope Records,2022-05-13,day,single
0fX4oNGBWO3dSGUZcVdVV2,N95,Kendrick Lamar,2YZyLoL8N0Wb9xBt1NhZWg,36214284,Hip Hop,"hip hop, west coast hip hop",Mr. Morale & The Big Steppers,2022-05-13,pgLang/Top Dawg Entertainment/Aftermath/Interscope Records,2022-05-13,day,album
2g6tReTlM2Akp41g0HaeXN,Die Hard,"Kendrick Lamar, Blxst, Amanda Reifer","2YZyLoL8N0Wb9xBt1NhZWg, 4qXC0i02bSFstECuXP2ZpL, 1PpDfXOUG7gxUjR1quWnwp",25300881,Hip Hop,"hip hop, west coast hip hop, ",Mr. Morale & The Big Steppers,2022-05-13,pgLang/Top Dawg Entertainment/Aftermath/Interscope Records,2022-05-13,day,album
4hceSKjrkDTO0nMKFcb3sj,"Villano Antillano: Bzrp Music Sessions, Vol. 51","Bizarrap, Villano Antillano","716NhGYqD1jl2wI1Qkgq36, 1pi7nGhOM7PTHR5YEgXVGq",125428305,"Hip Hop, Electronic, Latin","argentine trap, trap latino, urbano latino, neoperreo","Villano Antillano: Bzrp Music Sessions, Vol. 51",2022-06-08,DALE PLAY Records,2022-06-08,day,single
10SRMwb9EuVS1K9rYsBfHQ,Yet To Come,BTS,3Nrfpe0tUJi4K4DXYWgMUX,107685238,Pop,k-pop,Proof,2022-06-10,BIGHIT MUSIC,2022-06-10,day,album
69xohKu8C1fsflYAiSNbwM,Run BTS,BTS,3Nrfpe0tUJi4K4DXYWgMUX,89609530,Pop,k-pop,Proof,2022-06-10,BIGHIT MUSIC,2022-06-10,day,album
4JzCFEc3O2UEdjKzevvFH5,For Youth,BTS,3Nrfpe0tUJi4K4DXYWgMUX,21797868,Pop,k-pop,Proof,2022-06-10,BIGHIT MUSIC,2022-06-10,day,album
1IthE5GNiRzFN5CVaCa445,Born Singer,BTS,3Nrfpe0tUJi4K4DXYWgMUX,13237480,Pop,k-pop,Proof,2022-06-10,BIGHIT MUSIC,2022-06-10,day,album
6xGruZOHLs39ZbVccQTuPZ,Glimpse of Us,Joji,3MZsBdqDrRTJihTHQrO6Dq,555347680,,,Glimpse of Us,2022-06-10,88rising Music/Warner Records,2022-06-10,day,single
3S68RFe1lsdCdTMPIMJM3X,Cash In Cash Out,"Pharrell Williams, 21 Savage, Tyler The Creator","2RdwBSPQiwcmiDo9kixcl8, 1URnnhqYAYcrqrcwql10ft, 4V8LLVI7PbaPR0K2TGSxFF",27612353,,,Cash In Cash Out,2022-06-10,Columbia,2022-06-10,day,single
6jjYDGxVJsWS0a5wlVF5vS,Butter,BTS,3Nrfpe0tUJi4K4DXYWgMUX,47699134,Pop,k-pop,Proof,2022-06-10,BIGHIT MUSIC,2022-06-10,day,album
6kxaaIeowajN7w21PfMLbu,So Good,Halsey,26VFTg2z8YR0cCuwLzESi2,10039150,,,So Good,2022-06-09,Capitol Records,2022-06-09,day,single
6GoFIkTKX9CIGgM9APx5UB,No More Dream,BTS,3Nrfpe0tUJi4K4DXYWgMUX,1565935,Pop,k-pop,The Best Of BTS (Korea Edition),2017-01-06,Universal Music LLC,2017-01-06,day,compilation
4a9tbd947vo9K8Vti9JwcI,Boy With Luv (feat. Halsey),"BTS, Halsey","3Nrfpe0tUJi4K4DXYWgMUX, 26VFTg2z8YR0cCuwLzESi2",3066486,Pop,"k-pop, ",MAP OF THE SOUL : PERSONA,2019-04-12,BIGHIT MUSIC,2019-04-12,day,album
10xV5l9nhLvFpR8mqzs0bL,Numb,"Marshmello, Khalid","64KEffDW9EtZ1y2vBYgq8T, 6LuN9FCkKOj5PcnpouEgny",137817751,Electronic,"edm, ",Numb,2022-06-10,Joytime Collective/RCA Records,2022-06-10,day,single
17AFcTj1bj9qhWrHbsLDSb,Boy In Luv,BTS,3Nrfpe0tUJi4K4DXYWgMUX,1260792,Pop,k-pop,The Best Of BTS (Korea Edition),2017-01-06,Universal Music LLC,2017-01-06,day,compilation
47zs6e5M9Tsr7HhK45Gh6a,N.O,BTS,3Nrfpe0tUJi4K4DXYWgMUX,1259950,Pop,k-pop,The Best Of BTS (Korea Edition),2017-01-06,Universal Music LLC,2017-01-06,day,compilation
43qX7PiMfluhGyrJrjcP9p,I Need U,BTS,3Nrfpe0tUJi4K4DXYWgMUX,1221258,Pop,k-pop,The Best Of BTS (Korea Edition),2017-01-06,Universal Music LLC,2017-01-06,day,compilation
5FVbvttjEvQ8r2BgUcJgNg,Life Goes On,BTS,3Nrfpe0tUJi4K4DXYWgMUX,1215095,Pop,k-pop,BE,2020-11-20,BIGHIT MUSIC,2020-11-20,day,album
6m1TWFMeon7ai9XLOzdbiR,FAKE LOVE,BTS,3Nrfpe0tUJi4K4DXYWgMUX,1201891,Pop,k-pop,Love Yourself 轉 'Tear',2018-05-18,BIGHIT MUSIC,2018-05-18,day,album
2GXWzWPsYlTZcvVW8JIu69,Intro : Persona,BTS,3Nrfpe0tUJi4K4DXYWgMUX,1198775,Pop,k-pop,MAP OF THE SOUL : PERSONA,2019-04-12,BIGHIT MUSIC,2019-04-12,day,album
0PXd9WwmX3Y04KfHAaldDS,Run,BTS,3Nrfpe0tUJi4K4DXYWgMUX,1186975,Pop,k-pop,The Best Of BTS (Korea Edition),2017-01-06,Universal Music LLC,2017-01-06,day,compilation
4lsn7TSeTBVqeBtlZQnQRw,Blood Sweat & Tears,BTS,3Nrfpe0tUJi4K4DXYWgMUX,1176834,Pop,k-pop,The Best Of BTS (Korea Edition),2017-01-06,Universal Music LLC,2017-01-06,day,compilation
5S5Pnnyx7I4WLtOYeeVSVM,Danger,BTS,3Nrfpe0tUJi4K4DXYWgMUX,1153157,Pop,k-pop,The Best Of BTS (Korea Edition),2017-01-06,Universal Music LLC,2017-01-06,day,compilation
2j1fFjWHCI9KJSwcuYAOyF,Spring Day,BTS,3Nrfpe0tUJi4K4DXYWgMUX,1145400,Pop,k-pop,You Never Walk Alone,2017-02-13,BIGHIT MUSIC,2017-02-13,day,album
6bYJAOHKCvy9cSEAUR8NvG,Fire,BTS,3Nrfpe0tUJi4K4DXYWgMUX,1098148,Pop,k-pop,The Best Of BTS (Korea Edition),2017-01-06,Universal Music LLC,2017-01-06,day,compilation
0fZRNhPJ4AGmwY7rkpdbqK,ON,BTS,3Nrfpe0tUJi4K4DXYWgMUX,1096919,Pop,k-pop,MAP OF THE SOUL : 7,2020-02-21,BIGHIT MUSIC,2020-02-21,day,album
3uRLwBjI2TahxslcMTvpFs,DNA,BTS,3Nrfpe0tUJi4K4DXYWgMUX,1091994,Pop,k-pop,Love Yourself 承 'Her',2017-09-18,BIGHIT MUSIC,2017-09-18,day,album
5YMXGBD6vcYP7IolemyLtK,Euphoria,BTS,3Nrfpe0tUJi4K4DXYWgMUX,1072345,Pop,k-pop,Love Yourself 結 'Answer',2018-08-24,BIGHIT MUSIC,2018-08-24,day,album
0TdWVbcerMAcvljXrl9gpG,Stay,BTS,3Nrfpe0tUJi4K4DXYWgMUX,1027545,Pop,k-pop,BE,2020-11-20,BIGHIT MUSIC,2020-11-20,day,album
1O9AseW10CTi6nBLoj0O6K,SKIN OF MY TEETH,Demi Lovato,6S2OmqARrzebs0tKUEyXyp,1025135,,,SKIN OF MY TEETH,2022-06-10,Island Records,2022-06-10,day,single
6KhAXXgDtEEahVzATvFNcn,Moon,BTS,3Nrfpe0tUJi4K4DXYWgMUX,970595,Pop,k-pop,MAP OF THE SOUL : 7,2020-02-21,BIGHIT MUSIC,2020-02-21,day,album
1e8J3XClxZbFmvIHLI8CE4,IDOL,BTS,3Nrfpe0tUJi4K4DXYWgMUX,968509,Pop,k-pop,Love Yourself 結 'Answer',2018-08-24,BIGHIT MUSIC,2018-08-24,day,album
4bZZVcgWWMWPBwzTTp642w,Filter,BTS,3Nrfpe0tUJi4K4DXYWgMUX,957353,Pop,k-pop,MAP OF THE SOUL : 7,2020-02-21,BIGHIT MUSIC,2020-02-21,day,album
7IRe1bo7Zm0q5Fn9MlNMZM,more than life (feat. glaive),"mgk, glaive","6TIYQ3jFPwQSRmorSezPxX, 4cJKDGSv4Dz9QycXYmo565",931165,"New age, Pop","hyperpop, glitch",more than life (feat. glaive),2022-06-10,Bad Boy/Interscope Records,2022-06-10,day,single
5rNZsITjXf23iFkRA924FV,Intro: Singularity,BTS,3Nrfpe0tUJi4K4DXYWgMUX,919577,Pop,k-pop,Love Yourself 轉 'Tear',2018-05-18,BIGHIT MUSIC,2018-05-18,day,album
1b0aDgrG775i4sPQgJGmkU,Tak Ingin Usai,Keisya Levronka,4EiSzlOeMnJcp2U8ayCQ3a,5467633,Pop,"indonesian pop, malay",Tak Ingin Usai,2022-05-13,PT. Universal Music Indonesia,2022-05-13,day,single
6y8z28epOv5FlaxDv1Lo5B,Jordan,Ryan Castro,7j6DKwmjbxvpQO8h914uEz,50726760,Latin,reggaeton,Jordan,2022-05-24,King Records,2022-05-24,day,single
0rKtyWc8bvkriBthvHKY8d,SLOW DANCING IN THE DARK,['Joji'],['3MZsBdqDrRTJihTHQrO6Dq'],36854102,,,BALLADS 1,2018-10-26,88rising Music/Warner Records,2018-10-26,day,album
1cKHdTo9u0ZymJdPGSh6nq,I Was Never There,"The Weeknd, Gesaffelstein","1Xyo4u8uXC1ZmMpatF05PJ, 3hteYQFiMFbJY7wS0xDymP",259683052,,,"My Dear Melancholy,",2018-03-30,Universal Republic Records,2018-03-30,day,album
5zyZM1EiSqrniyqtprwxpv,Falling Back,Drake,3TVXtAsR1Inumwj472S9r4,32842544,Hip Hop,"rap, hip hop","Honestly, Nevermind",2022-06-16,OVO,2022-06-16,day,album
3F5CgOj3wFlRv51JsHbxhe,Jimmy Cooks (feat. 21 Savage),"Drake, 21 Savage","3TVXtAsR1Inumwj472S9r4, 1URnnhqYAYcrqrcwql10ft",371173338,Hip Hop,"rap, hip hop, ","Honestly, Nevermind",2022-06-17,OVO,2022-06-17,day,album
7a5fliY9SsZENrQWQBZron,Texts Go Green,Drake,3TVXtAsR1Inumwj472S9r4,18372413,Hip Hop,"rap, hip hop","Honestly, Nevermind",2022-06-16,OVO,2022-06-16,day,album
4rmVZajAF7PkrCagGPHbqa,Sticky,Drake,3TVXtAsR1Inumwj472S9r4,54041679,Hip Hop,"rap, hip hop","Honestly, Nevermind",2022-06-17,OVO,2022-06-17,day,album
5lVmzrKaqPpPYtF7udoiNq,Intro,Drake,3TVXtAsR1Inumwj472S9r4,9476389,Hip Hop,"rap, hip hop","Honestly, Nevermind",2022-06-16,OVO,2022-06-16,day,album
0nAZGkBGKQCXyaoSJfRhC1,A Keeper,Drake,3TVXtAsR1Inumwj472S9r4,15784582,Hip Hop,"rap, hip hop","Honestly, Nevermind",2022-06-17,OVO,2022-06-17,day,album
7IaeavdRzXYQWfu2Wt5GlU,Currents,Drake,3TVXtAsR1Inumwj472S9r4,13205946,Hip Hop,"rap, hip hop","Honestly, Nevermind",2022-06-16,OVO,2022-06-16,day,album
7sT7kZEYd1MrmzLLIRVZas,Calling My Name,Drake,3TVXtAsR1Inumwj472S9r4,16070450,Hip Hop,"rap, hip hop","Honestly, Nevermind",2022-06-17,OVO,2022-06-17,day,album
0oiv4E896TUTTeQU0cmIui,Massive,Drake,3TVXtAsR1Inumwj472S9r4,86401904,Hip Hop,"rap, hip hop","Honestly, Nevermind",2022-06-16,OVO,2022-06-16,day,album
23Z3bbYcl1PdcPJemLa4zc,Flight's Booked,Drake,3TVXtAsR1Inumwj472S9r4,12250742,Hip Hop,"rap, hip hop","Honestly, Nevermind",2022-06-16,OVO,2022-06-16,day,album
1MJHXJ8bdoynpEtCLCbkWf,Overdrive,Drake,3TVXtAsR1Inumwj472S9r4,9407041,Hip Hop,"rap, hip hop","Honestly, Nevermind",2022-06-16,OVO,2022-06-16,day,album
6wtZPYBIXUvCpXwVjMCJBf,ULTRA SOLO REMIX,"Polimá Westcoast, Feid, Pailita, Paloma Mami, De La Ghetto","768O5GliF0bqscyghggrbE, 2LRoIwlKmHjgvigdNGBHNo, 4yxLYO2imECxGYTTV7RQKb, 7rOlQwf8OuFLFQp4aydjBt, 3EiLUeyEcA6fbRPSHkG5kb",135704118,"Latin, Hip Hop","chilean trap, reggaeton chileno, chilean mambo, reggaeton, urbano latino, mambo, trap latino",ULTRA SOLO REMIX,2022-06-16,Sony Music Entertainment Chile S.A,2022-06-16,day,single
0PKpNkxX3FkcfgxCQUXXds,Down Hill,Drake,3TVXtAsR1Inumwj472S9r4,7152894,Hip Hop,"rap, hip hop","Honestly, Nevermind",2022-06-16,OVO,2022-06-16,day,album
5KW4KhJIAbVVSH6pJ4GPkb,Tie That Binds,Drake,3TVXtAsR1Inumwj472S9r4,7938887,Hip Hop,"rap, hip hop","Honestly, Nevermind",2022-06-16,OVO,2022-06-16,day,album
2vy9Ry1TNjCD85TiCbTz0r,Liability,Drake,3TVXtAsR1Inumwj472S9r4,6901626,Hip Hop,"rap, hip hop","Honestly, Nevermind",2022-06-17,OVO,2022-06-17,day,album
28n8z9IQKyjMPxmvYMBqZa,The Kind of Love We Make,Luke Combs,718COspgdWOnwOFpJHRZHS,2809386,Country,country,The Kind of Love We Make,2022-06-17,River House Artists/Columbia Nashville,2022-06-17,day,single
3ujiq7yK4Uan5z4876fHLK,Layla,"DJ Robin, Schürze","06VwNCd4PPAxBuxheaf5bz, 3S46qb1V62vKdGl1sR6LEQ",19710718,"Pop, Easy listening","schlagerparty, schlager",Layla,2022-03-25,Polydor x Island Records & Kontor New Media & Summerfield Records,2022-03-25,day,single
1I4lCSP69P74nU3a6Su5L2,Jiggle Jiggle (with Duke & Jones),"Louis Theroux, Duke & Jones","016Rz5DsXUPPxosNTZLYcv, 3jNm5wvIx1eR5NDdXhMkNV",1631206,,,Jiggle Jiggle (with Duke & Jones),2022-05-13,Robots & Humans,2022-05-13,day,single
5kpxVMDvYGRmNqawPqDTYR,JGL,"La Adictiva, Luis R Conriquez","49EE6lVLgU8sp7dFgPshgM, 0pePYDrJGk8gqMRbXrLJC8",40216655,Latin,"banda, norteño, corrido, grupera, corridos bélicos, corridos tumbados, electro corridos, sad sierreño, sierreño, música mexicana",JGL,2022-02-18,Anval Music,2022-02-18,day,single
2KukL7UlQ8TdvpaA7bY3ZJ,BREAK MY SOUL,Beyoncé,6vWDO969PvNqNYHIOW5v0m,84596302,,,BREAK MY SOUL,2022-06-21,Parkwood Entertainment/Columbia,2022-06-21,day,single
5PZAbR6JHYYV9xp5gv0XES,Bandido,"Zé Felipe, MC Mari","7cmuxPnXRJxwuYDHfbD8Eu, 2AdUWxNm17kkGZiPGuorth",22130507,"Country, Pop, R&B, Latin","piseiro, sertanejo, arrocha, agronejo, forró, sertanejo universitário, brega funk, brega, pagode baiano, funk",Bandido,2022-06-17,Som Livre,2022-06-17,day,single
09mEdoA6zrmBPgTEN5qXmN,Call Out My Name,['The Weeknd'],['1Xyo4u8uXC1ZmMpatF05PJ'],244578361,,,"My Dear Melancholy,",2018-03-30,Universal Republic Records,2018-03-30,day,album
0mBP9X2gPCuapvpZ7TGDk3,Left and Right (Feat. Jung Kook of BTS),"Charlie Puth, Jung Kook, BTS","6VuMaDnrHyPL1p4EHjYLi7, 6HaGTQPmzraVmaVxvz6EUc, 3Nrfpe0tUJi4K4DXYWgMUX",282583791,Pop,"soft pop, pop, k-pop",Left and Right (Feat. Jung Kook of BTS),2022-06-24,Atlantic Records,2022-06-24,day,single
4axSuOg3BqsowKjRpj59RU,Carolina - From The Motion Picture “Where The Crawdads Sing”,Taylor Swift,06HL4z0CvFAxyc27GXpf02,3895542,,,Carolina (From The Motion Picture “Where The Crawdads Sing”),2022-06-24,Taylor Swift,2022-06-24,day,single
3GbQcjKWT7eVpUfzqwUjxv,Late To Da Party (F*CK BET) (feat. YoungBoy Never Broke Again),"Lil Nas X, YoungBoy Never Broke Again","7jVv8c5Fj3E9VhNjxT4snq, 7wlFDEWiM5OoIAt8RSli8b",8186777,,,Late To Da Party (F*CK BET) (feat. YoungBoy Never Broke Again),2022-06-24,Columbia,2022-06-24,day,single
7My9ca9QEIR8MvIOdIrTWA,From The D 2 The LBC (with Snoop Dogg),"Eminem, Snoop Dogg","7dGJo4pcD2V6oG8kP0tJRR, 7hJcb9fa4alzcOq3EaNPoG",7602910,Hip Hop,"rap, hip hop, g-funk, west coast hip hop, gangster rap",From The D 2 The LBC (with Snoop Dogg),2022-06-24,Shady/Aftermath/Interscope Records,2022-06-24,day,single
3lOMJTQTd6J34faYwASc33,POP!,NAYEON,1VwDG9aBflQupaFNjUru9A,1400159,Pop,k-pop,IM NAYEON,2022-06-24,Republic Records – NAYEON (TWICE),2022-06-24,day,album
48UKTR66uUOT9LaUvooTNx,The Kind of Love We Make,Luke Combs,718COspgdWOnwOFpJHRZHS,6809037,Country,country,Growin' Up,2022-06-24,River House Artists/Columbia Nashville,2022-06-24,day,album
0TyUOnU4H4GLqOcrH0auc8,Sharks,Imagine Dragons,53XhwfbYqKCa1cC15pYq2q,7295122,,,Sharks,2022-06-24,KIDinaKORNER/Interscope Records,2022-06-24,day,single
49ev1nUTrNxbjm04jaoL5Z,Antes de Perderte,Duki,1bAftSH8umNcGZ0uyV7LMg,5903111,"Hip Hop, Latin","argentine trap, trap, trap latino",Temporada de Reggaetón 2,2022-06-23,DALE PLAY Records / SSJ Records,2022-06-23,day,album
4zHvWi4iFAG45lgiN7smLC,NO PROBLEM (Feat. Felix of Stray Kids),"NAYEON, Felix of Stray Kids","1VwDG9aBflQupaFNjUru9A, 4UIOuc84ExWojcUzFGtb8W",999294,Pop,"k-pop, anime",IM NAYEON,2022-06-24,Republic Records – NAYEON (TWICE),2022-06-24,day,album
64pUytZWfCpeeMBN0XAadF,Psychic,"Chris Brown, Jack Harlow","7bXgB6jMjp9ATFy66eO08Z, 2LIk90788K0zvyj2JJVwkJ",968989,R&B,"r&b, ",Breezy,2022-06-24,Chris Brown Entertainment/RCA Records,2022-06-24,day,album
3SWGtKHaCFEUqfm9ydUFVw,Disaster,Conan Gray,4Uc8Dsxct0oMqx0P6i60ea,918720,,,Superache,2022-06-24,Republic Records,2022-06-24,day,album
5rJ7bdPmr8nfmm2JQ8xHOz,POP!,NAYEON,1VwDG9aBflQupaFNjUru9A,81419786,Pop,k-pop,IM NAYEON,2022-06-24,WM Japan,2022-06-24,day,single
7a8GawTVgHZvBLQOh46he7,I Wanna Be Yours,Arctic Monkeys,7Ln80lUS6He07XvHI8qqHH,116498295,Rock,"indie, garage rock",AM,2013-01-01,EMI Recorded Music Australia Pty Ltd,2013-01-01,day,album
7gwT3HGL84vF7bgtwL1N88,Ojos Marrones,Lasso,3SCOuAxngTC1yGjKMcIPEd,111167852,,,Ojos Marrones,2022-06-03,Universal Music Mexico,2022-06-03,day,single
5JCquuXMmdXNypO32fPb0M,Nublado,Paulo Londra,3vQ0GE3mI0dAaxIMYe5g7z,961796,"Hip Hop, Latin","argentine trap, trap latino, reggaeton",Nublado,2022-06-28,WEA Latina,2022-06-28,day,single
77UICuAzXRYuJqdhcy6R3m,Luces,Paulo Londra,3vQ0GE3mI0dAaxIMYe5g7z,2661892,"Hip Hop, Latin","argentine trap, trap latino, reggaeton",Luces,2022-06-29,WEA Latina,2022-06-29,day,single
0i4UV3HjjvsUuV3BajEXoD,Baile no Morro,"MC Tairon, Mc Vitin Da Igrejinha, Dj Win, life song","7ujbuq6hAjLSf7cGr6au0b, 6junQmlAntqTBJPTYCq25a, 04NtfTeul9H9B41tPvF3MG, 7kqNP68mp3gmojwNasfhiq",22156899,"Hip Hop, R&B, R&b","funk de bh, funk, brazilian funk",Baile no Morro,2022-06-17,Life Song Records,2022-06-17,day,single
4XKXphKH76W4zNpkgFS5o2,MORE,j-hope,0b1sIQumIAsNbqAoIClSpy,23516344,"Pop, Hip Hop","k-pop, k-rap",MORE,2022-07-01,BIGHIT MUSIC,2022-07-01,day,single
3uJFmluXzYedoJcvhpC1AW,Hot Shit (feat. Ye & Lil Durk),"Cardi B, Kanye West, Lil Durk","4kYSro6naA4h99UJvo89HB, 5K4W6rqBFWDnAN6FQUkS6x, 3hcs9uc56yIGFCSy9leWe7",16401755,Hip Hop,"rap, drill",Hot Shit (feat. Ye & Lil Durk),2022-07-01,Atlantic Records,2022-07-01,day,single
54ipXppHLA8U4yqpOFTUhr,Bones,Imagine Dragons,53XhwfbYqKCa1cC15pYq2q,320453701,,,Mercury - Acts 1 & 2,2022-07-01,Kid Ina Korner / Interscope,2022-07-01,day,album
3Z7CaxQkqbIs1rewKi6v4W,Hot In It (feat. Charli XCX),"Tiësto, Charli xcx","2o5jDhtHVPhrJdv3cEQ99Z, 25uiPmTg16RbhZWAqwLBy5",6299914,"Pop, Electronic","edm, trance, big room, house, dance, hyperpop, art pop",Hot In It,2022-06-30,Atlantic Records,2022-06-30,day,single
7sA2SKTo1QbTSSYn5YvJC4,Sharks,Imagine Dragons,53XhwfbYqKCa1cC15pYq2q,6061507,,,Mercury - Acts 1 & 2,2022-07-01,Kid Ina Korner / Interscope,2022-07-01,day,album
5ycvEFxPeQqqkdOUgWhrJl,New Money (with 21 Savage),"Calvin Harris, 21 Savage","7CajNmpbOovFoOoasH2HaY, 1URnnhqYAYcrqrcwql10ft",1002258,Electronic,"edm, ",New Money (with 21 Savage),2022-07-01,Columbia,2022-07-01,day,single
1O73ZKgl0THUImkHW6dfAL,Never Really Loved Me (with Dean Lewis),"Kygo, Dean Lewis","23fqKkggKUBHNkbKtXEls4, 3QSQFmccmX81fWCUSPTS7y",978374,Electronic,"tropical house, ",Never Really Loved Me (with Dean Lewis),2022-07-01,Kygo/RCA Records,2022-07-01,day,single
1JIgFmCP5OCTEGV866WP3b,Rich Minion,Yeat,3qiHUAX7zY4Qnjx8TNUzVx,2522749,Hip Hop,rage rap,Rich Minion,2022-06-29,Back Lot Music,2022-06-29,day,single
5vC8UAOHeG95ehRzZChniB,Ai Preto,"L7NNON, DJ Biel do Furduncinho, Bianca","0JjPiLQNgAFaEkwoy56B1C, 6Us5Zsn5MAHBk7SHBUsG5X, 7Jb6GR4PIxHSkDJK8MWuVg",36051900,"Hip Hop, Pop, R&B, Electronic","brazilian trap, brazilian hip hop, trap funk, trap, funk carioca, brazilian funk, funk, brega funk",Ai Preto,2022-06-03,Papatunes,2022-06-03,day,single
2MuWTIM3b0YEAskbeeFE1i,Master Of Puppets,Metallica,2ye2Wgw4gimLv2eAKyk1NB,94189680,"Rock, Metal","metal, thrash metal, rock, heavy metal, hard rock",Master Of Puppets (Remastered),1986-03-03,Blackened Recordings / Universal Music,1986-03-03,day,album
5ww2BF9slyYgNOk37BlC4u,La Bachata,Manuel Turizo,0tmwSHipWxN12fsoLcFU3B,648567321,"Pop, Latin","reggaeton, latin, colombian pop",La Bachata,2022-05-26,Sony Music Latin/La Industria,2022-05-26,day,single
40SBS57su9xLiE1WqkXOVr,Afraid To Feel,LF SYSTEM,0HxX6imltnNXJyQhu4nsiO,73081532,,,Afraid To Feel,2022-05-02,Warner Records,2022-05-02,day,single
0muK9BAzu2TJXQgWPsEj6e,Separate Ways (Worlds Apart) - Bryce Miller/Alloy Tracks Remix,"Journey, Steve Perry","0rvjqX7ttXeg3mTy8Xscbt, 5xQKoGD7Ql92fWd1uWwKkf",3282667,Rock,"album rock, classic rock",Separate Ways (Worlds Apart) [Bryce Miller/Alloy Tracks Remix],2022-04-12,Legacy Recordings,2022-04-12,day,single
3AVrVz5rK8Hrqo9YGiVGN5,Apocalypse,Cigarettes After Sex,1QAJqy2dA3ihHBFIHRphZj,189220217,Pop,dream pop,Cigarettes After Sex,2017-06-09,PTKF,2017-06-09,day,album
5jt25aFjW2kNoBqaEVaz5W,LA INOCENTE,"Mora, Feid","0Q8NcsJwoCbZOHHW63su5S, 2LRoIwlKmHjgvigdNGBHNo",191390655,Latin,"urbano latino, reggaeton, trap latino",MICRODOSIS,2022-04-01,Rimas Entertainment LLC,2022-04-01,day,album
4cacyP5c3PMlfnyjpg13xW,Betty (Get Money),Yung Gravy,2YOYua8FpudSEiB9s88IgQ,112438852,Hip Hop,meme rap,Betty (Get Money),2022-06-10,Republic Records,2022-06-10,day,single
5sICkBXVmaCQk5aISGR3x1,Enter Sandman,Metallica,2ye2Wgw4gimLv2eAKyk1NB,1608053,"Rock, Metal","metal, thrash metal, rock, heavy metal, hard rock",Metallica,1991-08-12,Blackened Recordings / Universal Music,1991-08-12,day,album
2tTmW7RDtMQtBk7m2rYeSw,"Quevedo: Bzrp Music Sessions, Vol. 52","Bizarrap, Quevedo","716NhGYqD1jl2wI1Qkgq36, 52iwsT98xCoGgiGntTiR7K",882292832,"Hip Hop, Latin","argentine trap, trap latino, urbano latino, reggaeton","Quevedo: Bzrp Music Sessions, Vol. 52",2022-07-06,DALE PLAY Records,2022-07-06,day,single
5CM4UuQ9Gnd6K2YyKGPMoK,Bad Habit,Steve Lacy,57vWImR43h4CaDao012Ofp,10382252,,,Bad Habit,2022-06-29,L-M Records/RCA Records,2022-06-29,day,single
2z9YkcLojiOE7Eu2p9lPZR,Normal,Feid,2LRoIwlKmHjgvigdNGBHNo,82047968,Latin,"reggaeton, urbano latino",Normal,2022-07-08,UMLE - Latino,2022-07-08,day,single
3CIyK1V4JEJkg02E4EJnDl,Enemy (with JID) - from the series Arcane League of Legends,"Imagine Dragons, JID, Arcane, League of Legends","53XhwfbYqKCa1cC15pYq2q, 6U3ybJ9UHNKEdsH7ktGBZ7, 57nPqD7z62gDdq37US9XJR, 47mIJdHORyRerp4os813jD",235567087,,,Mercury - Acts 1 & 2,2022-07-01,Kid Ina Korner / Interscope,2022-07-01,day,album
00imgaPlYRrMGn9o83hfmk,LOOSE CHANGE,Brent Faiyaz,3tlXnStJ1fFhdScmQeLpuG,3524320,R&B,r&b,WASTELAND,2022-07-08,"Lost Kids LLC., Marketed by Venice / Stem",2022-07-08,day,album
3XgGQ1wjo5khvq2UImjyNF,ALL MINE,Brent Faiyaz,3tlXnStJ1fFhdScmQeLpuG,3247911,R&B,r&b,WASTELAND,2022-07-08,"Lost Kids LLC., Marketed by Venice / Stem",2022-07-08,day,album
3zakx7RAwdkUQlOoQ7SJRt,"GRAVITY (FEAT. TYLER, THE CREATOR)","Brent Faiyaz, Dahi, Tyler The Creator","3tlXnStJ1fFhdScmQeLpuG, 5BozIJTTNCufaZpjhy2der, 4V8LLVI7PbaPR0K2TGSxFF",1267840,R&B,"r&b, ",WASTELAND,2022-07-08,"Lost Kids LLC., Marketed by Venice / Stem",2022-07-08,day,album
4lfAwGFU3Zo2ZruXzRG8tw,VILLAIN'S THEME,Brent Faiyaz,3tlXnStJ1fFhdScmQeLpuG,1264371,R&B,r&b,WASTELAND,2022-07-08,"Lost Kids LLC., Marketed by Venice / Stem",2022-07-08,day,album
4xKQtLZn8m2d2KJy13ZujE,PRICE OF FAME,Brent Faiyaz,3tlXnStJ1fFhdScmQeLpuG,1214680,R&B,r&b,WASTELAND,2022-07-08,"Lost Kids LLC., Marketed by Venice / Stem",2022-07-08,day,album
5QvW5lK6mkfTegpAK9JOO7,Paris to Tokyo,"Fivio Foreign, The Kid LAROI","14CHVeJGrR5xgUGQFV5BVM, 2tIP7SsRs7vjIcLrU85W8J",2012885,"Hip Hop, Pop","brooklyn drill, new york drill, drill, uk drill, ",Paris to Tokyo,2022-07-08,RichFish/Columbia,2022-07-08,day,single
3AbNNvo2OmyeDMvRBgf9vk,La Loto,"TINI, Becky G, Anitta","7vXDAI8JwjW531ouMGbfcp, 4obzFoKoKRHIphyHzJ35G3, 7FNnA9vBm6EKceENgCGRMb",11386952,"Pop, R&B, Hip Hop, Latin","latin pop, reggaeton, latin, brazilian pop, funk pop, funk carioca, funk, pagode baiano",La Loto,2022-07-06,Sony Music Latin,2022-07-06,day,single
6MF5JoJYj5uK07Si6fRAPM,HEAL YOUR HEART (INTERLUDE),Brent Faiyaz,3tlXnStJ1fFhdScmQeLpuG,1119662,R&B,r&b,WASTELAND,2022-07-08,"Lost Kids LLC., Marketed by Venice / Stem",2022-07-08,day,album
2krESug6AyfOL07tlaGwts,GHETTO GATSBY (FEAT. ALICIA KEYS),"Brent Faiyaz, Alicia Keys","3tlXnStJ1fFhdScmQeLpuG, 3DiDSECUqqY1AuBP8qtaIa",1062923,R&B,"r&b, neo soul",WASTELAND,2022-07-08,"Lost Kids LLC., Marketed by Venice / Stem",2022-07-08,day,album
5YbPxJwPfrj7uswNwoF1pJ,Last Last,Burna Boy,3wcj11K77LjEY1PkEazffa,104155138,"Traditional music, R&B, Pop","afrobeats, afrobeat, afropop, afroswing, dancehall, afropiano","Love, Damini",2022-07-07,Spaceship/ Bad Habit/Atlantic Records,2022-07-07,day,album
5XFoaqV1Z8XaLJidchVWhh,love.,Kid Cudi,0fA0VVWsXO9YnASrzqfmYu,1011429,,,The Boy Who Flew To The Moon (Vol. 1),2022-07-08,Universal Records,2022-07-08,day,album
2WTHLEVjfefbGoW7F3dXIg,Girls,aespa,6YVMFz59CuY7ngCxTxjpxE,1007378,Pop,k-pop,Girls - The 2nd Mini Album,2022-07-08,SM Entertainment / Warner Records,2022-07-08,day,album
0e0JshRej2NwT7jahEmv52,ROLLING STONE,Brent Faiyaz,3tlXnStJ1fFhdScmQeLpuG,974892,R&B,r&b,WASTELAND,2022-07-08,"Lost Kids LLC., Marketed by Venice / Stem",2022-07-08,day,album
0HaRLPnr887lcQM2YQzkff,For My Hand (feat. Ed Sheeran),"Burna Boy, Ed Sheeran","3wcj11K77LjEY1PkEazffa, 6eUKZXaKkcviH0Ku9w2n3V",974877,"Traditional music, R&B, Pop","afrobeats, afrobeat, afropop, afroswing, dancehall, afropiano, soft pop","Love, Damini",2022-07-07,Spaceship/ Bad Habit/Atlantic Records,2022-07-07,day,album
6N9U1wkWniSXD4TKD4ln0h,WASTING TIME (FEAT. DRAKE & THE NEPTUNES),"Brent Faiyaz, Drake, The Neptunes","3tlXnStJ1fFhdScmQeLpuG, 3TVXtAsR1Inumwj472S9r4, 0KuF7reCTOZwV7YJnHQqgr",953907,"Hip Hop, R&B","r&b, rap, hip hop, ",WASTELAND,2022-07-08,"Lost Kids LLC., Marketed by Venice / Stem",2022-07-08,day,album
48oQGynnS8RLiYRFsJ6pDL,FYTB (FEAT. JOONY),"Brent Faiyaz, Joony","3tlXnStJ1fFhdScmQeLpuG, 0gY0jm6QAzJCAslmZC3T35",919467,R&B,"r&b, ",WASTELAND,2022-07-08,"Lost Kids LLC., Marketed by Venice / Stem",2022-07-08,day,album
0y8lwLPXBsenbF5WAZhlbL,Kleiner Prinz,Pashanim,34LetYSjEuG2fBb4Z8PwPg,901241,Hip Hop,german hip hop,Kleiner Prinz,2022-07-07,Urban,2022-07-07,day,single
01VzuxoBYMAJLObfU0w6dI,ADDICTIONS (FEAT. Tre' Amani),"Brent Faiyaz, Tre' Amani","3tlXnStJ1fFhdScmQeLpuG, 48Py72qV4J4hzvJXXRDNz0",886090,R&B,"r&b, ",WASTELAND,2022-07-08,"Lost Kids LLC., Marketed by Venice / Stem",2022-07-08,day,album
2c2tlXfEmLgUNvxngIi1qL,DEAD MAN WALKING,Brent Faiyaz,3tlXnStJ1fFhdScmQeLpuG,883684,R&B,r&b,WASTELAND,2022-07-08,"Lost Kids LLC., Marketed by Venice / Stem",2022-07-08,day,album
7AwVSKaQxpidrtYBerkHKk,Pipoco,"Ana Castela, Melody, Dj Chris No Beat","2CKOmarVWvWqkNWUatHCex, 7ySZCEP4HFGckYYPK5rqFI, 0vdcZzmneH0nK9CYFHQBjk",42616662,"Country, Pop, Latin","agronejo, sertanejo, sertanejo universitário, piseiro, brazilian pop, funk pop",Pipoco,2022-06-01,Ana Castela,2022-06-01,day,single
3BnDvpeuGOj21Ir2aVEtQo,Calm Down,Rema,46pWGuE3dSwY3bMMXGBvVS,178096252,"Traditional music, R&B, Pop","afrobeats, afrobeat, afropop, afropiano",Rave & Roses,2022-03-24,Mavin Records / Jonzing World,2022-03-24,day,album
0QPRDC97rIQB3Jh3hrVJoH,SNAP,Rosa Linn,46xBNx0j6cwY6sD9LgMTm1,24982388,,,SNAP,2022-03-19,Nvak Collective,2022-03-19,day,single
21szgNA72iLwvBxHQLgwBh,die first,Nessa Barrett,7pwufEBGfggjoI8twqlsmQ,6682118,,,die first,2022-06-24,Warner Records,2022-06-24,day,single
1BxfuPKGuaTgP7aM0Bbdwr,Cruel Summer,['Taylor Swift'],['06HL4z0CvFAxyc27GXpf02'],5060860,,,Lover,2019-08-23,Taylor Swift,2019-08-23,day,album
5UXJzLFdBn6u9FJTCnoHrH,Memories,Conan Gray,4Uc8Dsxct0oMqx0P6i60ea,2359047,,,Superache,2022-06-24,Republic Records,2022-06-24,day,album
6HMtHNpW6YPi1hrw9tgF8P,About Damn Time,Lizzo,56oDRnqbIiwx4mymNEv7dS,278783697,,,Special,2022-07-15,Nice Life/Atlantic,2022-07-15,day,album
7GARzfC1mwhDuk4t9WOACq,MORE,j-hope,0b1sIQumIAsNbqAoIClSpy,21028747,"Pop, Hip Hop","k-pop, k-rap",Jack In The Box,2022-07-15,BIGHIT MUSIC,2022-07-15,day,album
2QWEMqQMJR1KDf6hDjJOs6,Arson,j-hope,0b1sIQumIAsNbqAoIClSpy,18891092,"Pop, Hip Hop","k-pop, k-rap",Jack In The Box,2022-07-15,BIGHIT MUSIC,2022-07-15,day,album
4k6Uh1HXdhtusDW5y8Gbvy,Bad Habit,Steve Lacy,57vWImR43h4CaDao012Ofp,485950038,,,Gemini Rights,2022-07-15,L-M Records/RCA Records,2022-07-15,day,album
70XnKsO3UnIT4FnEwChQXx,= (Equal Sign),j-hope,0b1sIQumIAsNbqAoIClSpy,2568196,"Pop, Hip Hop","k-pop, k-rap",Jack In The Box,2022-07-15,BIGHIT MUSIC,2022-07-15,day,album
2On611HXKQAbaYkuc4NQAm,Pandora's Box,j-hope,0b1sIQumIAsNbqAoIClSpy,1655494,"Pop, Hip Hop","k-pop, k-rap",Jack In The Box,2022-07-15,BIGHIT MUSIC,2022-07-15,day,album
5lfWrciYtohtIMVDVZd0Rf,"Stay With Me (with Justin Timberlake, Halsey, & Pharrell)","Calvin Harris, Justin Timberlake, Halsey, Pharrell Williams","7CajNmpbOovFoOoasH2HaY, 31TPClRtHm23RisEBtV3X7, 26VFTg2z8YR0cCuwLzESi2, 2RdwBSPQiwcmiDo9kixcl8",17016895,Electronic,"edm, ","Stay With Me (with Justin Timberlake, Halsey, & Pharrell)",2022-07-15,Columbia,2022-07-15,day,single
1XIIvx9S19CZVc7eow7EX7,STOP,j-hope,0b1sIQumIAsNbqAoIClSpy,1505013,"Pop, Hip Hop","k-pop, k-rap",Jack In The Box,2022-07-15,BIGHIT MUSIC,2022-07-15,day,album
1fNwwml8UcKvhfM6YEVIRh,What if…,j-hope,0b1sIQumIAsNbqAoIClSpy,1471954,"Pop, Hip Hop","k-pop, k-rap",Jack In The Box,2022-07-15,BIGHIT MUSIC,2022-07-15,day,album
00I41xsW6SunZDJ5fB8KAd,Safety Zone,j-hope,0b1sIQumIAsNbqAoIClSpy,1471444,"Pop, Hip Hop","k-pop, k-rap",Jack In The Box,2022-07-15,BIGHIT MUSIC,2022-07-15,day,album
0PJSXtjkdTjJzZAMyNus02,Music Box : Reflection,j-hope,0b1sIQumIAsNbqAoIClSpy,1391767,"Pop, Hip Hop","k-pop, k-rap",Jack In The Box,2022-07-15,BIGHIT MUSIC,2022-07-15,day,album
0Puudh380z6cOCgMaTNm7h,Future,j-hope,0b1sIQumIAsNbqAoIClSpy,1388177,"Pop, Hip Hop","k-pop, k-rap",Jack In The Box,2022-07-15,BIGHIT MUSIC,2022-07-15,day,album
0M7ai1yfYyb4OlyRgdmtTK,Intro,j-hope,0b1sIQumIAsNbqAoIClSpy,1361668,"Pop, Hip Hop","k-pop, k-rap",Jack In The Box,2022-07-15,BIGHIT MUSIC,2022-07-15,day,album
3gUzi41YOt3VExeyHSLsMj,s!r! (feat. Lazza & Sfera Ebbasta),"thasup, Lazza, Sfera Ebbasta","19i93sA0D7yS9dYoVNBqAA, 0jdNdfi4vAuVi7a6cPDFBM, 23TFHmajVfBtlRx5MXqgoz",3679822,Hip Hop,"italian trap, trap",s!r! (feat. Lazza & Sfera Ebbasta),2022-07-15,Thasup s.r.l.,2022-07-15,day,single
7k6aVgrtJqNTMVqk5yMWKD,Letztes Mal,"Bonez MC, RAF Camora","1aS5tqEs9ci5P9KD9tZWa6, 0Dvx6p8JDyzeOPGmaCIH1L",1188302,Hip Hop,german hip hop,Letztes Mal,2022-07-14,187 Strassenbande,2022-07-14,day,single
13Irp51zj01BZu2XtDrnAg,2 Be Loved (Am I Ready),Lizzo,56oDRnqbIiwx4mymNEv7dS,46768369,,,Special,2022-07-14,Nice Life/Atlantic,2022-07-14,day,album
2FPmvXIMpjgzJQbUeJo8Iv,Sunshine (feat. Fousheé),"Steve Lacy, Fousheé","57vWImR43h4CaDao012Ofp, 6trIghKwHRUyxwvm66HLHH",946528,,,Gemini Rights,2022-07-15,L-M Records/RCA Records,2022-07-15,day,album
3WBRfkOozHEsG0hbrBzwlm,Everything Goes On,"Porter Robinson, League of Legends","3dz0NnIZhtKKeXZxLOxCam, 47mIJdHORyRerp4os813jD",907802,Electronic,"edm, electronic, ",Everything Goes On,2022-07-14,Riot Games,2022-07-14,day,single
6gEOM9IEBzvTdbwNrSkBdC,Fala Mal de Mim - Ao Vivo,Gusttavo Lima,7MiDcPa6UiV3In7lIM71IN,8870870,"Country, Latin","sertanejo, sertanejo universitário, arrocha, agronejo, piseiro, forró",Fala Mal de Mim (Ao Vivo),2022-07-07,Sony Music Entertainment,2022-07-07,day,single
737gzPI5VAmgUGWiJ9yXuu,"1, 2, 3 (feat. Jason Derulo & De La Ghetto)","Sofía Reyes, Jason Derulo, De La Ghetto","0haZhu4fFKt0Ag94kZDiz2, 07YZf4WDAMNwqr4jfgOZ8y, 3EiLUeyEcA6fbRPSHkG5kb",10701483,"Pop, Latin","latin pop, reggaeton, trap latino, urbano latino",Mal De Amores,2022-02-10,WEA Latina,2022-02-10,day,album
6VBhH7CyP56BXjp8VsDFPZ,Kesariya (From  Brahmastra ),"Pritam, Arijit Singh, Amitabh Bhattacharya","1wRPtKGflJrBx9BmLsSwlU, 4YRxDV8wJFPHPTeXepOstw, 2fMqTqiTxUDlmcOEPaQSsx",114628288,"Pop, Hip Hop, Traditional music","bollywood, hindi pop, desi, sufi, bangla pop",Kesariya (From  Brahmastra ),2022-07-17,Sony Music Entertainment India Pvt. Ltd.,2022-07-17,day,single
5gDWsRxpJ2lZAffh5p7K0w,Stargirl Interlude,"The Weeknd, Lana Del Rey","1Xyo4u8uXC1ZmMpatF05PJ, 00FQb4jTyendYWaN8pK0wa",147013242,,,Starboy,2016-11-24,Universal Republic Records,2016-11-24,day,album
1Fid2jjqsHViMX6xNH70hE,Atlantis,Seafret,4Ly0KABsxlx4fNj63zJTrF,180629203,,,Tell Me It's Real (Expanded Edition),2016-01-29,Sweet Jane Recordings,2016-01-29,day,album
7KWKWJnbGJ3Soag6Oopion,CACHORRINHAS,Luísa Sonza,4PzYKhC14sTJNEr0dzoo0d,18103938,"Pop, R&B","brazilian pop, funk pop, funk",CACHORRINHAS,2022-07-18,Sony Music Entertainment,2022-07-18,day,single
2bbwjxA68m9PHZFWgF1fze,GIVENCHY,Duki,1bAftSH8umNcGZ0uyV7LMg,62988614,"Hip Hop, Latin","argentine trap, trap, trap latino",Temporada de Reggaetón 2,2022-07-20,DALE PLAY Records / SSJ Records,2022-07-20,day,album
3GYlZ7tbxLOxe6ewMNVTkw,TV,Billie Eilish,6qqNVTkY8uBg9cP3Jd7DAH,76406905,,,Guitar Songs,2022-07-21,Darkroom/Interscope Records,2022-07-21,day,single
5SHpuW2qjkQtFRpE6P9Nks,The 30th,Billie Eilish,6qqNVTkY8uBg9cP3Jd7DAH,14600856,,,Guitar Songs,2022-07-21,Darkroom/Interscope Records,2022-07-21,day,single
5bLGQqcpsz5ISWeihZfJnR,Are You Entertained,"Russ, Ed Sheeran","1z7b1Pr1rSlvWRzsW3HOrS, 6eUKZXaKkcviH0Ku9w2n3V",9645688,Pop,soft pop,Are You Entertained,2022-07-22,DIEMON / Ed Sheeran appears courtesy of Asylum Records UK,2022-07-22,day,single
3LtpKP5abr2qqjunvjlX5i,Doja,Central Cee,5H4yInM5zmHqpKIoMNAx4r,292833874,"Hip Hop, Electronic, Pop","uk drill, drill, grime",Doja,2022-07-21,Central Cee,2022-07-21,day,single
5ucyKDPjLpYLGadsRO1wSB,Layla,"DJ Robin, Schürze","06VwNCd4PPAxBuxheaf5bz, 3S46qb1V62vKdGl1sR6LEQ",7269599,"Pop, Easy listening","schlagerparty, schlager",Layla (Dutch Version),2022-03-24,Polydor x Island Records & Kontor New Media & Summerfield Records,2022-03-24,day,single
4xxeEWGQNFQ6qehlnev5LS,Te Amo Demais,Marília Mendonça,1yR65psqiazQpeM79CcGh8,7655336,"Country, Latin","sertanejo, sertanejo universitário, arrocha, forró","Decretos Reais, Vol.1",2022-07-21,Som Livre,2022-07-21,day,single
0N9C80kcgL0xXGduKnYKWi,Love Lost,"Mac Miller, The Temper Trap","4LLpKhyESsyAXpc4laK94U, 4W48hZAnAHVOC2c8WH8pcq",6041708,,,"I Love Life, Thank You",2022-07-22,Rostrum Records,2022-07-22,day,album
4w273WCBXwM4P3jTX5HkB2,El Rescate,"Grupo Marca Registrada, Junior H","1gW6pz5n1aK249L0GvfQCC, 7Gi6gjaWy3DxyilpF1a8Is",81624082,Latin,"corrido, corridos bélicos, corridos tumbados, electro corridos, banda, norteño, música mexicana, sad sierreño, sierreño",El Rescate,2022-07-22,RB Music,2022-07-22,day,single
5IgjP7X4th6nMNDh4akUHb,Under The Influence,Chris Brown,7bXgB6jMjp9ATFy66eO08Z,476916760,R&B,r&b,Indigo (Extended),2019-10-04,Chris Brown Entertainment/RCA Records,2019-10-04,day,album
2SwQShWjZsxoGviEyaEMOX,Nerdesin,Ezhel,6LnJKrtFnTEGdbWQ2riWCL,17715682,"Hip Hop, Pop","turkish hip hop, turkish pop",Nerdesin,2022-07-21,StageArt Europe,2022-07-21,day,single
1gH1h30wkQdd9zhY3j7a8T,THE SHADE,Rex Orange County,7pbDxGE6nQSZVfiFdq9lOL,70195821,Pop,bedroom pop,WHO CARES?,2022-03-11,Rex Orange County,2022-03-11,day,album
1FEiijYPJtyswChfcpv3p0,Summertime Sadness,Lana Del Rey,00FQb4jTyendYWaN8pK0wa,150994577,,,Born To Die (Deluxe Version),2011-01-01,Polydor Records,2011-01-01,day,album
68EkhVWIeULhHxcbi1QhzK,World's Smallest Violin,AJR,6s22t5Y3prQHyaHWUN1R1C,6391521,,,OK ORCHESTRA,2021-03-26,Black Butter,2021-03-26,day,album
5ildQOEKmJuWGl2vRkFdYc,DESPECHÁ,ROSALÍA,7ltDVBr6mKbRvohxheJ9h1,176813170,Latin,latin,DESPECHÁ,2022-07-28,Columbia,2022-07-28,day,single
40KCN2nYImUounlfO5Cdzn,BREAK MY SOUL,Beyoncé,6vWDO969PvNqNYHIOW5v0m,7826073,,,RENAISSANCE,2022-07-29,Parkwood Entertainment/Columbia,2022-07-29,day,album
1MpCaOeUWhox2Fgigbe1cL,I'M THAT GIRL,Beyoncé,6vWDO969PvNqNYHIOW5v0m,14464960,,,RENAISSANCE,2022-07-29,Parkwood Entertainment/Columbia,2022-07-29,day,album
1Hohk6AufHZOrrhMXZppax,ALIEN SUPERSTAR,Beyoncé,6vWDO969PvNqNYHIOW5v0m,53719561,,,RENAISSANCE,2022-07-29,Parkwood Entertainment/Columbia,2022-07-29,day,album
1xzi1Jcr7mEi9K2RfzLOqS,CUFF IT,Beyoncé,6vWDO969PvNqNYHIOW5v0m,278387229,,,RENAISSANCE,2022-07-29,Parkwood Entertainment/Columbia,2022-07-29,day,album
0mKGwFMHzTprtS2vpR3b6s,COZY,Beyoncé,6vWDO969PvNqNYHIOW5v0m,13347298,,,RENAISSANCE,2022-07-29,Parkwood Entertainment/Columbia,2022-07-29,day,album
2mqTtvbKxH7SoEQ2oGAnsA,CHURCH GIRL,Beyoncé,6vWDO969PvNqNYHIOW5v0m,13879623,,,RENAISSANCE,2022-07-29,Parkwood Entertainment/Columbia,2022-07-29,day,album
2i5vu6GI7mJ2B2pf9gNFhn,ENERGY (feat. Beam),"Beyoncé, BEAM","6vWDO969PvNqNYHIOW5v0m, 46MWeeHNVMYRIIofQBEX98",5242743,,,RENAISSANCE,2022-07-29,Parkwood Entertainment/Columbia,2022-07-29,day,album
3HyR1j49TY5ACP2lseF1jx,SUMMER RENAISSANCE,Beyoncé,6vWDO969PvNqNYHIOW5v0m,13688019,,,RENAISSANCE,2022-07-29,Parkwood Entertainment/Columbia,2022-07-29,day,album
0Fl4eWzVaMUOdXcOrj6F1q,VIRGO'S GROOVE,Beyoncé,6vWDO969PvNqNYHIOW5v0m,9056408,,,RENAISSANCE,2022-07-29,Parkwood Entertainment/Columbia,2022-07-29,day,album
2VOfPkpiJctQYXVYfnp0X8,PLASTIC OFF THE SOFA,Beyoncé,6vWDO969PvNqNYHIOW5v0m,3943883,,,RENAISSANCE,2022-07-29,Parkwood Entertainment/Columbia,2022-07-29,day,album
7b1NUJTJq9xgg8JiVe0hd6,MOVE (feat. Grace Jones & Tems),"Beyoncé, Grace Jones, Tems","6vWDO969PvNqNYHIOW5v0m, 2f9ZiYA2ic1r1voObUimdd, 687cZJR45JO7jhk1LHIbgq",3569716,"Traditional music, R&B, Pop","art pop, afrobeats, alté, afrobeat, afropop",RENAISSANCE,2022-07-29,Parkwood Entertainment/Columbia,2022-07-29,day,album
1w7cgGZR86yWz1pA2puVJD,HEATED,Beyoncé,6vWDO969PvNqNYHIOW5v0m,7292688,,,RENAISSANCE,2022-07-29,Parkwood Entertainment/Columbia,2022-07-29,day,album
1LCm0lFnEsxR2oPqyHLGX9,THIQUE,Beyoncé,6vWDO969PvNqNYHIOW5v0m,6236328,,,RENAISSANCE,2022-07-29,Parkwood Entertainment/Columbia,2022-07-29,day,album
6zJejIfVYLgjud3lTk4DLB,SNAP,Rosa Linn,46xBNx0j6cwY6sD9LgMTm1,364313672,,,SNAP PACK,2022-07-15,Columbia,2022-07-15,day,single
4DByEumlGTZKSzuVEZ35eo,PURE/HONEY,Beyoncé,6vWDO969PvNqNYHIOW5v0m,5857078,,,RENAISSANCE,2022-07-29,Parkwood Entertainment/Columbia,2022-07-29,day,album
3k4CoiIQXiNBrwrmbBMDxj,ALL UP IN YOUR MIND,Beyoncé,6vWDO969PvNqNYHIOW5v0m,4615214,,,RENAISSANCE,2022-07-29,Parkwood Entertainment/Columbia,2022-07-29,day,album
2XMAWynSTIst5KmLSv0Npf,AMERICA HAS A PROBLEM,Beyoncé,6vWDO969PvNqNYHIOW5v0m,4524614,,,RENAISSANCE,2022-07-29,Parkwood Entertainment/Columbia,2022-07-29,day,album
3GdWfmQBiiJrDUvSZS1bGv,Never Sleep (with Lil Baby feat. Travis Scott),"NAV, Lil Baby, Travis Scott","7rkW85dBwwrJtlHRDkJDAC, 5f7VJjfbwm532GiveGC0ZK, 0Y5tJX1MQlPlqiwlOH1tJY",13087049,Hip Hop,"melodic rap, rap",Never Sleep,2022-07-29,XO Records / Republic Records,2022-07-29,day,single
22PTmk4mzAVi92WiQPAcFp,"New To You (with Normani, Tinashe, & Offset)","Calvin Harris, Normani, Tinashe, Offset","7CajNmpbOovFoOoasH2HaY, 2cWZOOzeOm4WmBJRnD5R7I, 0NIIxcxNHmOoyBx03SfTCD, 4DdkRBBYG6Yk9Ka8tdJ9BW",980613,"R&B, Electronic","edm, alternative r&b, ","New To You (with Normani, Tinashe, & Offset)",2022-07-29,Columbia,2022-07-29,day,single
5pyoxDZ1PX0KxBxiRVxA4U,BREAK MY SOUL,Beyoncé,6vWDO969PvNqNYHIOW5v0m,125337305,,,RENAISSANCE,2022-07-29,Parkwood Entertainment/Columbia,2022-07-29,day,album
0314PeD1sQNonfVWix3B2K,ENERGY (feat. Beam),"Beyoncé, BEAM","6vWDO969PvNqNYHIOW5v0m, 46MWeeHNVMYRIIofQBEX98",11507979,,,RENAISSANCE,2022-07-29,Parkwood Entertainment/Columbia,2022-07-29,day,album
3hUxzQpSfdDqwM3ZTFQY0K,august,['Taylor Swift'],['06HL4z0CvFAxyc27GXpf02'],92042154,,,folklore,2020-07-24,Taylor Swift,2020-07-24,day,album
6ufcuVInt0ocHrUimDjGlb,PLASTIC OFF THE SOFA,Beyoncé,6vWDO969PvNqNYHIOW5v0m,3893285,,,RENAISSANCE,2022-07-29,Parkwood Entertainment/Columbia,2022-07-29,day,album
5YLGlPYkZBDXieMwzVve7g,MOVE (feat. Grace Jones & Tems),"Beyoncé, Grace Jones, Tems","6vWDO969PvNqNYHIOW5v0m, 2f9ZiYA2ic1r1voObUimdd, 687cZJR45JO7jhk1LHIbgq",2838810,"Traditional music, R&B, Pop","art pop, afrobeats, alté, afrobeat, afropop",RENAISSANCE,2022-07-29,Parkwood Entertainment/Columbia,2022-07-29,day,album
79HZAZNnOE97rb2hnI0XQr,LOKERA,"Rauw Alejandro, Lyanno, Brray","1mcTU81TzQhprhouKaTkpq, 1Ts9of7VPZElwPQnqnDSfW, 1GKIlPFdcewHtpDVCQ8zmJ",150279231,Latin,"reggaeton, urbano latino, trap latino, latin",LOKERA,2022-07-25,Sony Music Latin/Duars Entertainment,2022-07-25,day,single
0xzI1KAr0Yd9tv8jlIk3sn,Bad Decisions (with BTS & Snoop Dogg),"benny blanco, BTS, Snoop Dogg","5CiGnKThu5ctn9pBxv7DGa, 3Nrfpe0tUJi4K4DXYWgMUX, 7hJcb9fa4alzcOq3EaNPoG",92221401,"Hip Hop, Pop","k-pop, g-funk, west coast hip hop, gangster rap, hip hop, rap",Bad Decisions (with BTS & Snoop Dogg),2022-08-05,Friends Keep Secrets/Interscope Records,2022-08-05,day,single
0g2Bbgy7P41pFjMWJuzsf4,STAYING ALIVE (feat. Drake & Lil Baby),"DJ Khaled, Drake, Lil Baby","0QHgL1lAIqAw0HtD7YldmP, 3TVXtAsR1Inumwj472S9r4, 5f7VJjfbwm532GiveGC0ZK",38383645,Hip Hop,"rap, hip hop, ",STAYING ALIVE (feat. Drake & Lil Baby),2022-08-05,Epic/We The Best,2022-08-05,day,single
02jLfqc9gMo8PkHEGHY3OT,Si Te La Encuentras Por Ahí,Feid,2LRoIwlKmHjgvigdNGBHNo,41725702,Latin,"reggaeton, urbano latino",Si Te La Encuentras Por Ahí,2022-08-05,UMLE - Latino,2022-08-05,day,single
3fjN3y5x4hN53rykAN2LHQ,cómo dormiste?,Rels B,2IMZYfNi21MGqxopj9fWx8,151655032,Latin,"urbano latino, trap latino",cómo dormiste?,2022-08-04,DALE PLAY Records / Flakk Team,2022-08-04,day,single
6clzeGvi1CFioMOolbAOlX,"Stay With Me (with Justin Timberlake, Halsey & Pharrell)","Calvin Harris, Justin Timberlake, Halsey, Pharrell Williams","7CajNmpbOovFoOoasH2HaY, 31TPClRtHm23RisEBtV3X7, 26VFTg2z8YR0cCuwLzESi2, 2RdwBSPQiwcmiDo9kixcl8",33582317,Electronic,"edm, ",Funk Wav Bounces Vol. 2,2022-08-05,Columbia,2022-08-05,day,album
0b5CzUhyShYuDdtW5J4wm2,Obsessed (with Charlie Puth & Shenseea),"Calvin Harris, Charlie Puth, Shenseea","7CajNmpbOovFoOoasH2HaY, 6VuMaDnrHyPL1p4EHjYLi7, 1OFOShsIbhy1l5x73yuVyB",1225739,"R&B, Traditional music, Electronic, Pop, Hip Hop","edm, soft pop, pop, dancehall, soca, afrobeats",Funk Wav Bounces Vol. 2,2022-08-05,Columbia,2022-08-05,day,album
3h8tI65xdfpQyTAy7Grqwa,Potion (with Dua Lipa & Young Thug),"Calvin Harris, Dua Lipa, Young Thug","7CajNmpbOovFoOoasH2HaY, 6M2wZ9GZgrQXHCFfjv46we, 50co4Is1HCEo8bhOyUWKpn",6671706,"Electronic, Hip Hop, Pop","edm, pop, rap, melodic rap, trap",Funk Wav Bounces Vol. 2,2022-08-05,Columbia,2022-08-05,day,album
7rK0iM6jwuo1oizdx8suQA,Is This Love ('09) (feat. 50 Cent),"Eminem, 50 Cent","7dGJo4pcD2V6oG8kP0tJRR, 3q7HBObVc0L8jNeTe5Gofh",934350,Hip Hop,"rap, hip hop, east coast hip hop",Curtain Call 2,2022-08-05,Aftermath,2022-08-05,day,album
5pUhMwmYr4gf6Lt3U5qsHz,Sommer,"Bonez MC, RAF Camora","1aS5tqEs9ci5P9KD9tZWa6, 0Dvx6p8JDyzeOPGmaCIH1L",929469,Hip Hop,german hip hop,Sommer,2022-08-04,187 Strassenbande,2022-08-04,day,single
5PSkF3QpVMlAx8U5Inxj39,Vento Forte,"Mc Jacaré, Dj Tk","6qrqAYlS6lUj2BVXax7SZW, 0mfeoleda752Uj4JbEZDIN",2788725,"Hip Hop, Pop, R&B, Electronic","funk, funk carioca, brazilian funk, trap funk, brega funk",Vento Forte,2022-07-01,A Chave,2022-07-01,day,single
1ELsaYdj2NlxLvkx9g24xZ,Haja Colírio (feat. Hugo & Guilherme) - Ao Vivo,"Guilherme & Benuto, Hugo & Guilherme","6m6e7D2TnV0aYMllFFwMxu, 1LIuN7ov1IBQDdLsU83ojl",45589970,"Country, Latin","sertanejo, sertanejo universitário, agronejo, arrocha, piseiro",Haja Colírio (feat. Hugo & Guilherme) [Ao Vivo],2022-06-23,Sony Music Entertainment,2022-06-23,day,single
1I4dwH7C0jBAEtz5DjlJgQ,Come Back Home,Sofia Carson,7bp2lSdh12wcA8LyB1srfJ,12087918,,,Purple Hearts (Original Soundtrack),2022-07-29,Hollywood Records,2022-07-29,day,album
4EWCNWgDS8707fNSZ1oaA5,Heartless,Kanye West,5K4W6rqBFWDnAN6FQUkS6x,46069576,Hip Hop,rap,808s & Heartbreak,2008-11-24,Roc-A-Fella,2008-11-24,day,album
6qyS9qBy0mEk3qYaH8mPss,Murder In My Mind,Kordhell,2W6WP4pHQTFlbr2z9S4n54,171265805,"Electronic, Hip Hop","phonk, drift phonk",Murder In My Mind,2022-01-21,Kordhell,2022-01-21,day,single
5nNpVC9AC6DWgrT5RX0e0b,Hopelessly Devoted To You,Olivia Newton-John,4BoRxUdrcgbbq1rxJvvhg9,957816,,,20th Century Masters: The Millennium Collection: Best Of Olivia Newton-John,2002-02-05,"Universal Music Enterprises, a Division of UMG Recordings, Inc.",2002-02-05,day,compilation
5SzXtCkaw4WWDvGSTTiF6a,You're The One That I Want - From “Grease”,"John Travolta, Olivia Newton-John","4hKkEHkaqCsyxNxXEsszVH, 4BoRxUdrcgbbq1rxJvvhg9",876757,Classical,"musicals, ",Para cantar en el coche,2022-08-05,UME - Global Clearing House,2022-08-05,day,compilation
6i1g5ZRmJZAkDwBaUZ3f2i,Caile,Luar La L,4axKuDPr6WKcDCyh8vueTY,163396513,Latin,trap latino,L3tra,2020-12-18,La Mafia Urbana Corp.,2020-12-18,day,album
2pIUpMhHL6L9Z5lnKxJJr9,Attention,NewJeans,6HvZYsbFfjnjFrWF950C9d,63672120,Pop,k-pop,NewJeans 1st EP 'New Jeans',2022-08-01,ADOR,2022-08-01,day,single
4C6Uex2ILwJi9sZXRdmqXp,Super Freaky Girl,Nicki Minaj,0hCNtLu0JehylgoiP8L4Gh,36907448,,,Super Freaky Girl,2022-08-12,Republic Records,2022-08-12,day,single
3JXF3LsUjyDIHjuwhXxdjo,Sweetest Pie,"Megan Thee Stallion, Dua Lipa","181bsRPaVXVlUKXrxwZfHK, 6M2wZ9GZgrQXHCFfjv46we",2641789,Pop,pop,Traumazine,2022-08-12,300 Entertainment,2022-08-12,day,album
6N7LquYjc3c53qr4PSJbi5,Noche de Novela (feat. Ed Sheeran),"Paulo Londra, Ed Sheeran","3vQ0GE3mI0dAaxIMYe5g7z, 6eUKZXaKkcviH0Ku9w2n3V",900119,"Hip Hop, Latin, Pop","argentine trap, trap latino, reggaeton, soft pop",Noche de Novela (feat. Ed Sheeran),2022-08-11,WEA Latina,2022-08-11,day,single
4UyVCLbNG8yhrqbzeSmdho,Don't You Worry,"Black Eyed Peas, Shakira, David Guetta","1yxSLGMDHlW21z4YXirZDS, 0EmeFodog0BfCgMzAIvKQp, 1Cs0zKBU1kc0i8ypK3B9ai",36532795,"Electronic, Latin, Pop","latin pop, latin, edm, dance",Don't You Worry,2022-06-16,Universal Music Division Polydor France,2022-06-16,day,single
4lPAZiTJbaQ4irMzcq0GOU,JESTEM POJ384NY,Mata,0MIG6gMcQTSvFbKvUwK0id,888659,,,JESTEM POJ384NY,2022-08-11,SBM Label,2022-08-11,day,single
1Y62KpDaP5MEL43ZcI6IaG,SIN SEÑAL,"Quevedo, Ovy On The Drums","52iwsT98xCoGgiGntTiR7K, 3m5qlPf2OkihLz3dRYnkPA",12363144,Latin,reggaeton,SIN SEÑAL,2022-07-22,Quevedo,2022-07-22,day,single
4vWh6tEfcLzdvYWp2IlOJS,CORAÇÃO CIGANO - Ao Vivo,"Luan Santana, Luísa Sonza","3qvcCP2J0fWi0m0uQDUf6r, 4PzYKhC14sTJNEr0dzoo0d",4597355,"Country, Pop, R&B, Latin","sertanejo, sertanejo universitário, arrocha, brazilian pop, funk pop, funk",LUAN CITY (Ao Vivo),2022-08-08,Sony Music Entertainment,2022-08-08,day,album
2HZLXBOnaSRhXStMLrq9fD,Mary On A Cross,Ghost,1Qp56T7n950O3EGMsSl81D,44751878,"Rock, Metal","metal, hard rock",Seven Inches Of Satanic Panic,2019-09-13,Loma Vista Recordings,2019-09-13,day,single
7DbdUf8aHSYoliSjO6LZv6,"Sex, Drugs, Etc.",Beach Weather,7I3bkknknQkIiatWiupQgD,176160913,,,Chit Chat,2016-11-04,8123 / Arista Records,2016-11-04,day,single
0a4MMyCrzT0En247IhqZbD,Hype Boy,NewJeans,6HvZYsbFfjnjFrWF950C9d,97927937,Pop,k-pop,NewJeans 1st EP 'New Jeans',2022-08-01,ADOR,2022-08-01,day,single
5PfFHceiEv61KldMOuVrv8,Siempre Pendientes,"Peso Pluma, Luis R Conriquez","12GqGscKJx3aE4t07u7eVZ, 0pePYDrJGk8gqMRbXrLJC8",91645223,Latin,"corrido, corridos tumbados, corridos bélicos, música mexicana, sad sierreño, electro corridos, banda, sierreño",Siempre Pendientes,2022-08-15,Prajin Records,2022-08-15,day,single
5QM0SsyzmBM0pbFY52Xj1X,I'm Not The Only One,Sam Smith,2wY79sveU1sp5g7SokKOiI,121224331,Pop,soft pop,In The Lonely Hour (Deluxe),2014-01-01,PLG - Capitol,2014-01-01,day,album
0skYUMpS0AcbpjcGsAbRGj,Pink Venom,BLACKPINK,41MozSoPIsD1dJM0CLPjZF,127156631,Pop,k-pop,Pink Venom,2022-08-19,YG Entertainment/Interscope Records,2022-08-19,day,single
6VhuP99TE6gYNQRJIlAWFD,Until I Found You,Stephen Sanchez,5XKFrudbV4IiuE5WuTPRmT,287036411,,,Easy On My Eyes,2022-08-19,Republic Records,2022-08-19,day,album
0REv856zadB0e8IM1brlwr,29,Demi Lovato,6S2OmqARrzebs0tKUEyXyp,1895315,,,HOLY FVCK,2022-08-19,Island Records,2022-08-19,day,album
3kUq4sBcmxhnOtNysZ9yrp,Feliz Cumpleaños Ferxxo,Feid,2LRoIwlKmHjgvigdNGBHNo,26020138,Latin,"reggaeton, urbano latino",Feliz Cumpleaños Ferxxo,2022-08-19,UMLE - Latino,2022-08-19,day,single
6yeZM8gyykjaf8w0GqRfK4,Wildberry Lillet,Nina Chuba,2kS9NyuATpYwjeB93h24H5,9863349,"Hip Hop, Pop","german pop, german hip hop",Wildberry Lillet,2022-08-12,Jive,2022-08-12,day,single
2gYj9lubBorOPIVWsTXugG,After LIKE,IVE,6RHTUrRF63xao58xh9FXYJ,84466710,Pop,k-pop,After LIKE,2022-08-22,Starship Entertainment,2022-08-22,day,single
6GD1eomgaGT1Epto6Q5eAo,golden hour,JVKE,164Uj4eKjl6zTBKfJLFKKK,43445487,,,golden hour,2022-07-15,JVKE,2022-07-15,day,single
1mea3bSkSGXuIRvnydlB5b,Viva La Vida,Coldplay,4gzpq5DPGxSnKTe4SA8HAU,138345584,,,Viva La Vida or Death and All His Friends,2008-06-06,Parlophone UK,2008-06-06,day,album
7dMTCS9BLzBqYTlAuHP8TM,XT4S1S,Danna Paola,5xSx2FM8mQnrfgM1QsHniB,891478,,,XT4S1S,2022-08-12,Universal Music Mexico,2022-08-12,day,single
27ZZdyTSQWI7Cug2d2PkqV,BILLIE EILISH.,Armani White,2qAwMsiIjTzlmfAkXKvhVA,102115598,,,BILLIE EILISH.,2022-05-19,"Legendbound, LLC / Def Jam Recordings",2022-05-19,day,single
7D0RhFcb3CrfPuTJ0obrod,Sparks,Coldplay,4gzpq5DPGxSnKTe4SA8HAU,25364166,,,Parachutes,2000-07-10,Parlophone UK,2000-07-10,day,album
72yP0DUlWPyH8P7IoxskwN,Hold Me Closer,"Elton John, Britney Spears","3PhoLpVuITZKcymswpck5b, 26dSoYclwsYLMAKD3tpOr4",14768366,Pop,pop,Hold Me Closer,2022-08-26,EMI,2022-08-26,day,single
2yjlYDiNiQkdxVqTlaSrlX,Super Freaky Girl,Nicki Minaj,0hCNtLu0JehylgoiP8L4Gh,251553029,,,Queen Radio: Volume 1,2022-08-26,Republic Records,2022-08-26,day,album
7Ddk8FhoYKdsVoX9AOCPMm,STAYING ALIVE (feat. Drake & Lil Baby),"DJ Khaled, Drake, Lil Baby","0QHgL1lAIqAw0HtD7YldmP, 3TVXtAsR1Inumwj472S9r4, 5f7VJjfbwm532GiveGC0ZK",31667486,Hip Hop,"rap, hip hop, ",GOD DID,2022-08-26,Epic/We The Best,2022-08-26,day,album
1ga4PztXOIw1yBbdUt2X8v,GATÚBELA,"KAROL G, Maldy","790FomKkXshlbRYZFtlgla, 4IndUOBCZYZg61557iq2A9",170625884,Latin,"reggaeton, latin, urbano latino",GATÚBELA,2022-08-26,BICHOTA RECORDS / INTERSCOPE RECORDS / UNIVERSAL MUSIC LATINO,2022-08-26,day,single
4uUG5RXrOk84mYEfFvj3cK,I'm Good (Blue),"David Guetta, Bebe Rexha","1Cs0zKBU1kc0i8ypK3B9ai, 64M6ah0SkkRsnPGtGiRAbb",522116500,Electronic,"edm, dance, ",I'm Good (Blue),2022-08-26,Parlophone UK,2022-08-26,day,single
0RDqNCRBGrSegk16Avfzuq,Talk that Talk,TWICE,7n2Ycct7Beij7Dj7meI4X0,1769615,Pop,k-pop,BETWEEN 1&2,2022-08-26,Republic Records - TWICE,2022-08-26,day,album
2sOj9vyd6yiss9W1IK6chU,"GOD DID (feat. Rick Ross, Lil Wayne, Jay-Z, John Legend & Fridayy)","DJ Khaled, Rick Ross, Lil Wayne, JAY-Z, John Legend, Fridayy","0QHgL1lAIqAw0HtD7YldmP, 1sBkRIssrMs1AbVkOJbc7a, 55Aa2cqylxrFIXC767Z865, 3nFkdlSjzX9mRTtwJOzDYB, 5y2Xq6xcjJb2jVM54GHK3t, 7sP4SQ0WY6jfps1I19Ot7i",4799193,"Hip Hop, R&B, Pop","southern hip hop, rap, hip hop, east coast hip hop, soft pop, neo soul, ",GOD DID,2022-08-26,Epic/We The Best,2022-08-26,day,album
5kYSScXYOZYyi0fxramiW6,BEAUTIFUL (feat. Future & SZA),"DJ Khaled, Future, SZA","0QHgL1lAIqAw0HtD7YldmP, 1RyvyyTE3xzB2ZywiAwp0i, 7tYKF4w9nC0nq9CsPZTHyP",7712185,"R&B, Hip Hop","rap, r&b",GOD DID,2022-08-26,Epic/We The Best,2022-08-26,day,album
2BJWxD8xKrDv8vneTvTIm9,Beat the Odds,Lil Tjay,6jGMq4yGs7aQzuGsMgVgZR,11725466,Hip Hop,"brooklyn drill, melodic rap",Beat the Odds,2022-08-26,Columbia,2022-08-26,day,single
6pr7X9UZCDn8CruopaNVha,BIG TIME (feat. Future & Lil Baby),"DJ Khaled, Future, Lil Baby","0QHgL1lAIqAw0HtD7YldmP, 1RyvyyTE3xzB2ZywiAwp0i, 5f7VJjfbwm532GiveGC0ZK",2638221,Hip Hop,"rap, ",GOD DID,2022-08-26,Epic/We The Best,2022-08-26,day,album
0O82CIwSU4tY11rQhxqAHC,USE THIS GOSPEL (feat. Kanye West & Eminem) - REMIX,"DJ Khaled, Kanye West, Eminem","0QHgL1lAIqAw0HtD7YldmP, 5K4W6rqBFWDnAN6FQUkS6x, 7dGJo4pcD2V6oG8kP0tJRR",2460563,Hip Hop,"rap, hip hop",GOD DID,2022-08-25,Epic/We The Best,2022-08-25,day,album
3ZQLH6uKCfvgkbnMSVNCQe,YUKON (INTERLUDE),Joji,3MZsBdqDrRTJihTHQrO6Dq,5965153,,,YUKON (INTERLUDE),2022-08-26,88rising Music/Warner Records,2022-08-26,day,single
510mvRgE4jLSsJcBh2pH0j,NO SECRET (feat. Drake),"DJ Khaled, Drake","0QHgL1lAIqAw0HtD7YldmP, 3TVXtAsR1Inumwj472S9r4",1325184,Hip Hop,"rap, hip hop",GOD DID,2022-08-25,Epic/We The Best,2022-08-25,day,album
0WtM2NBVQNNJLh6scP13H8,Calm Down (with Selena Gomez),"Rema, Selena Gomez","46pWGuE3dSwY3bMMXGBvVS, 0C8ZW7ezQVs4URX5aX7Kqx",274259183,"Traditional music, R&B, Pop","afrobeats, afrobeat, afropop, afropiano, pop",Calm Down (with Selena Gomez),2022-08-25,Mavin Records / Jonzing World,2022-08-25,day,single
47IySiC5o08gz0z5VDiH93,Juice WRLD DID (feat. Juice WRLD),"DJ Khaled, Juice WRLD","0QHgL1lAIqAw0HtD7YldmP, 4MCBfE4596Uoi2O4DtmEMz",1238823,Hip Hop,"melodic rap, emo rap",GOD DID,2022-08-26,Epic/We The Best,2022-08-26,day,album
1oSh0SKc4MwmXSGiTtqSXp,"KEEP GOING (feat. Lil Durk, 21 Savage & Roddy Ricch)","DJ Khaled, Lil Durk, 21 Savage, Roddy Ricch","0QHgL1lAIqAw0HtD7YldmP, 3hcs9uc56yIGFCSy9leWe7, 1URnnhqYAYcrqrcwql10ft, 757aE44tKEUQEqRuT6GnEB",1178991,Hip Hop,"drill, melodic rap",GOD DID,2022-08-26,Epic/We The Best,2022-08-26,day,album
67QVeMvttYHbB1Zuvh0cn6,LET'S PRAY (feat. Don Toliver & Travis Scott),"DJ Khaled, Don Toliver, Travis Scott","0QHgL1lAIqAw0HtD7YldmP, 4Gso3d4CscCijv0lmajZWs, 0Y5tJX1MQlPlqiwlOH1tJY",1158124,Hip Hop,rap,GOD DID,2022-08-26,Epic/We The Best,2022-08-26,day,album
3kT6P4hFj0IVr45TjKOLRp,PARTY (feat. Quavo & Takeoff),"DJ Khaled, Quavo, Takeoff","0QHgL1lAIqAw0HtD7YldmP, 0VRj0yCOv2FXJNP47XQnx5, 3EW0kQ1skZiK1NHg3Spt9J",1052872,,,GOD DID,2022-08-26,Epic/We The Best,2022-08-26,day,album
1OZ4uv7OAP24Ix6j3vojLt,Casei Com a Putaria,"Mc Paiva ZS, MC Ryan SP, Kotim","0gHj4MPwwcZ8Zl9CY0hqT5, 75i9GaW2MJUgt4BkdUnuUY, 210Sy1oGhvPu929TKoSVcN",27799764,"Hip Hop, R&B, Latin, Electronic","funk, funk consciente, trap funk, brazilian funk, funk carioca, brazilian trap",Casei Com a Putaria,2022-07-01,Love Funk,2022-07-01,day,single
0kqTXMHiQiB7IECD0WwcPq,Talk that Talk,TWICE,7n2Ycct7Beij7Dj7meI4X0,56218703,Pop,k-pop,BETWEEN 1&2,2022-08-26,WM Japan,2022-08-26,day,album
0yowbJnnbTLpr99f9l1uba,There’d Better Be A Mirrorball,Arctic Monkeys,7Ln80lUS6He07XvHI8qqHH,5260985,Rock,"indie, garage rock",There’d Better Be A Mirrorball,2022-08-30,Domino Recording Co,2022-08-30,day,single
3sNVsP50132BTNlImLx70i,Bound 2,Kanye West,5K4W6rqBFWDnAN6FQUkS6x,75164239,Hip Hop,rap,Yeezus,2013-06-18,Rock The World/IDJ/Kanye/LP6,2013-06-18,day,album
64dLd6rVqDLtkXFYrEUHIU,New Gold (feat. Tame Impala and Bootie Brown),"Gorillaz, Tame Impala, Bootie Brown","3AA28KZvwAUcZuOKwyblJQ, 5INjqkS1o8h1imAzPqGZBb, 6GI3CJjT2bOnMfprCpjT1d",12649406,"Rock, Pop","indie, psychedelic pop, ",New Gold (feat. Tame Impala and Bootie Brown),2022-08-31,Parlophone UK,2022-08-31,day,single
1igXQJ8h25DY4AiVgyGohE,Bigger Than Me,Louis Tomlinson,57WHJIHrjOE3iAxpihhMnp,2241202,,,Bigger Than Me,2022-09-01,BMG Rights Management (UK) Ltd,2022-09-01,day,single
1XkMxUilV0E3ChDERZJUEq,SEXY NUKIM (feat. RM of BTS),"Balming Tiger, Omega Sapien, bj wnjn, Mudd the student, RM","6vbKIm1WsvhMMDpthYONc1, 46KQM3HJyONaKRTbcfNPlU, 4E4TZnDHlrhclSJgeund1d, 4xHlg3Tcv7TZZzFq0aW2hQ, 2auC28zjQyVTsiZKNgPRGs",3265130,"Pop, Hip Hop","k-rap, k-pop",SEXY NUKIM (feat. RM of BTS),2022-09-01,Balming Tiger,2022-09-01,day,single
5TJEBoTCDbJXiKMdCN9pd3,Hold Me Closer,"Elton John, Britney Spears","3PhoLpVuITZKcymswpck5b, 26dSoYclwsYLMAKD3tpOr4",123601237,Pop,pop,The Lockdown Sessions,2021-10-22,EMI,2021-10-22,day,album
7jfmlr5W2AQWUGLVhT8ofl,El Pañuelo,"Romeo Santos, ROSALÍA","5lwmRuXgjX8xIwlnauTZIP, 7ltDVBr6mKbRvohxheJ9h1",8494936,"Latin, Pop","bachata, bachata pop, latin","Fórmula, Vol. 3",2022-09-01,Sony Music Latin,2022-09-01,day,album
0ypjMI7vHiDP4sLB1C0Qna,Talk,Yeat,3qiHUAX7zY4Qnjx8TNUzVx,7153877,Hip Hop,rage rap,Talk,2022-09-02,Field Trip Recordings/Geffen Records,2022-09-02,day,single
6e9Ew4AECYwY5Xgs2ZKMgp,Mercedes Tintia,Anuel AA,2R21vXR83lH98kGeO99Y66,8965412,Latin,"reggaeton, trap latino, urbano latino, latin",Mercedes Tintia,2022-08-25,"Real Hasta La Muerte, LLC",2022-08-25,day,single
4scwMEdlKi8qWJzzyDB8Z3,506,"Morat, Juanes","5C4PDR4LnhZTbVnKWXuDKD, 0UWZUmn7sybxMCqrw9tGa7",1118663,Pop,"colombian pop, latin pop, rock en español",506,2022-09-02,Universal Music Spain S.L.,2022-09-02,day,single
7fSM2taFBEB1WNZl8AOIoo,Detox,Lil Baby,5f7VJjfbwm532GiveGC0ZK,2061428,,,Detox,2022-09-02,Quality Control Music/Motown Records,2022-09-02,day,single
1dLYHdJhQ0LlZyyJmn3FLu,Taxi,"Bonez MC, RAF Camora, Gzuz","1aS5tqEs9ci5P9KD9tZWa6, 0Dvx6p8JDyzeOPGmaCIH1L, 5eioJDe26lOqkAMbuhzZYs",1052124,Hip Hop,german hip hop,Taxi,2022-09-01,187 Strassenbande,2022-09-01,day,single
0uBdQzKghx88d2Lp8SLFKJ,I'm In Love With You,The 1975,3mIj9lX2MWuHmhNCA7LSCW,1004838,,,I'm In Love With You,2022-09-01,Dirty Hit,2022-09-01,day,single
3e10Ct9oFcIdgFjkDUBV2k,Beautiful Love - Free Fire,Justin Bieber,1uNFoZAHBGtllmzznpCI3s,1002841,,,Beautiful Love (Free Fire),2022-08-30,Justin Bieber 2021 PS/ Def Jam,2022-08-30,day,single
39JofJHEtg8I4fSyo7Imft,B.O.T.A. (Baddest Of Them All) - Edit,"Eliza Rose, Interplanetary Criminal","4XC335ouK6pXyq4QiIb8bP, 6uJ51uV5rYzu1MJkC4CceI",103548916,Electronic,"house, uk garage, breakbeat",B.O.T.A. (Baddest Of Them All),2022-08-12,Warner Records,2022-08-12,day,single
1xK59OXxi2TAAAbmZK0kBL,Romantic Homicide,d4vd,5y8tKLUfMvliMe8IKamR32,258774513,,,Romantic Homicide,2022-07-20,Darkroom/Interscope Records,2022-07-20,day,single
0HYAsQwJIO6FLqpyTeD3l6,死ぬのがいいわ,Fujii Kaze,6bDWAcdtVR3WHz2xtiIPUi,97979378,Pop,j-pop,HELP EVER HURT NEVER,2020-05-20,Universal Music LLC,2020-05-20,day,album
3OM6qQmdFV6uy61GIqpRtf,AMAZING,Rex Orange County,7pbDxGE6nQSZVfiFdq9lOL,4184609,Pop,bedroom pop,WHO CARES?,2022-03-11,Rex Orange County,2022-03-11,day,album
2WigMwGJysIh9fRnSJvpjn,KU LO SA - A COLORS SHOW,Oxlade,3WTrdbZU99dgTtt3ZkyamT,57760864,"R&B, Traditional music, Pop","afrobeats, afrobeat, afropop, alté, afro soul, afroswing, afropiano",KU LO SA - A COLORS SHOW,2022-06-10,Troniq Inc,2022-06-10,day,single
0ll8uFnc0nANY35E0Lfxvg,Somewhere Only We Know,Keane,53A0W3U0s8diEn9RhXQhVz,81339899,,,Hopes And Fears,2004-01-01,Universal-Island Records Ltd.,2004-01-01,day,album
4OmfWzukSVD140NiAIEjem,Static,Steve Lacy,57vWImR43h4CaDao012Ofp,53265849,,,Gemini Rights,2022-07-15,L-M Records/RCA Records,2022-07-15,day,album
3WMj8moIAXJhHsyLaqIIHI,Something in the Orange,Zach Bryan,40ZNYROS4zLfyyBSs2PGe2,139187985,Country,"country, red dirt",Something in the Orange,2022-04-22,Warner Records,2022-04-22,day,single
1bgKMxPQU7JIZEhNsM1vFs,Words (feat. Zara Larsson),"Alesso, Zara Larsson","4AVFqumd2ogHFlRbKIjp1t, 1Xylc3o4UrD53lo9CvFvVg",6185149,Electronic,"edm, ",Words (feat. Zara Larsson),2022-04-22,10:22PM,2022-04-22,day,single
53tfEupEzQRtVFOeZvk7xq,DESPECHÁ,ROSALÍA,7ltDVBr6mKbRvohxheJ9h1,318892730,Latin,latin,MOTOMAMI +,2022-09-09,Columbia,2022-09-09,day,album
5uSFGgIfHMT3osrAd9n9ym,Forget Me,Lewis Capaldi,4GNC7GD6oZMSxPGyXy4MNB,81676000,Pop,soft pop,Forget Me,2022-09-09,Vertigo Berlin,2022-09-09,day,single
0oO1AbL92F6329z13C2qQH,Talk,Yeat,3qiHUAX7zY4Qnjx8TNUzVx,8002452,Hip Hop,rage rap,Lyfë,2022-09-09,Field Trip Recordings/Geffen Records,2022-09-09,day,album
7iwJOi3hlMqZt6pj1sQOBj,VISTA AL MAR,Quevedo,52iwsT98xCoGgiGntTiR7K,165106883,Latin,reggaeton,VISTA AL MAR,2022-09-09,Quevedo,2022-09-09,day,single
1a019wP7IdYLexwbmfZPm3,Flawlëss (feat. Lil Uzi Vert),"Yeat, Lil Uzi Vert","3qiHUAX7zY4Qnjx8TNUzVx, 4O15NlyKLIASxsJ0PrXPfz",1130189,Hip Hop,"rage rap, melodic rap",Lyfë,2022-09-09,Field Trip Recordings/Geffen Records,2022-09-09,day,album
21H0pUV2uPIPcFnFhgTBjo,Woke Up in Love,"Kygo, Gryffin, Calum Scott","23fqKkggKUBHNkbKtXEls4, 2ZRQcIgzPCVaT9XKhXZIzh, 6ydoSd3N2mwgwBHtF6K7eX",1097633,"Electronic, Pop","tropical house, edm, melodic bass, future bass, soft pop",Woke Up in Love,2022-09-09,Kygo/RCA Records,2022-09-09,day,single
01kfSdF9zfcDLri5sSWEoL,RAVE,Dxrk ダーク,5TvFfw1MgSntdU9A7yncyA,3374098,"Electronic, Hip Hop","phonk, drift phonk",RAVE,2022-03-18,Dxrk,2022-03-18,day,single
3ZCTVFBt2Brf31RLEnCkWJ,everything i wanted,['Billie Eilish'],['6qqNVTkY8uBg9cP3Jd7DAH'],1590534,,,everything i wanted,2019-11-13,Darkroom/Interscope Records,2019-11-13,day,single
7wdwIaXUuzlu1grzWMFRJm,Mary On A Cross,Ghost,1Qp56T7n950O3EGMsSl81D,102252394,"Rock, Metal","metal, hard rock",[MESSAGE FROM THE CLERGY],2022-09-12,UME - Global Clearing House,2022-09-12,day,compilation
2xbI8Vmyv3TkpTdywpPyNw,Selfish,['PnB Rock'],['21WS9wngs9AqFckK7yYJPM'],2272618,Hip Hop,melodic rap,GTTM: Goin Thru the Motions,2017-01-13,EMPIRE / Atlantic Recording Corporation,2017-01-13,day,album
2CeKVsFFXG4QzA415QygGb,Feliz Cumpleaños Ferxxo,Feid,2LRoIwlKmHjgvigdNGBHNo,200227532,Latin,"reggaeton, urbano latino",FELIZ CUMPLEAÑOS FERXXO TE PIRATEAMOS EL ÁLBUM,2022-09-14,UMLE - Latino,2022-09-14,day,album
0T2pB7P1VdXPhLdQZ488uH,Normal,Feid,2LRoIwlKmHjgvigdNGBHNo,89670196,Latin,"reggaeton, urbano latino",FELIZ CUMPLEAÑOS FERXXO TE PIRATEAMOS EL ÁLBUM,2022-09-14,UMLE - Latino,2022-09-14,day,album
2vsoD8S1OyrWSVIA43hjaU,Si Te La Encuentras Por Ahí,Feid,2LRoIwlKmHjgvigdNGBHNo,4645738,Latin,"reggaeton, urbano latino",FELIZ CUMPLEAÑOS FERXXO TE PIRATEAMOS EL ÁLBUM,2022-09-14,UMLE - Latino,2022-09-14,day,album
1sbNEFiURUYfy024cJX8JG,Ferxxo 100,Feid,2LRoIwlKmHjgvigdNGBHNo,3192950,Latin,"reggaeton, urbano latino",FELIZ CUMPLEAÑOS FERXXO TE PIRATEAMOS EL ÁLBUM,2022-09-14,UMLE - Latino,2022-09-14,day,album
3PpWCS95gDUDRPko3u1MZ9,Prohibidox,Feid,2LRoIwlKmHjgvigdNGBHNo,36395048,Latin,"reggaeton, urbano latino",FELIZ CUMPLEAÑOS FERXXO TE PIRATEAMOS EL ÁLBUM,2022-09-14,UMLE - Latino,2022-09-14,day,album
6JUMswocQ7Hp46kj9kyljT,XQ Te Pones Así,"Feid, Yandel","2LRoIwlKmHjgvigdNGBHNo, 0eHQ9o50hj6ZDNBt6Ys1sD",892666,Latin,"reggaeton, urbano latino, latin",FELIZ CUMPLEAÑOS FERXXO TE PIRATEAMOS EL ÁLBUM,2022-09-14,UMLE - Latino,2022-09-14,day,album
30Xh83fw03PZ2Wfm36H4EZ,Lady Mi Amor,Feid,2LRoIwlKmHjgvigdNGBHNo,871579,Latin,"reggaeton, urbano latino",FELIZ CUMPLEAÑOS FERXXO TE PIRATEAMOS EL ÁLBUM,2022-09-14,UMLE - Latino,2022-09-14,day,album
5GF0X7GdNmnouKcdhhRmtm,Party en el Barrio (feat. Duki),"Paulo Londra, Duki","3vQ0GE3mI0dAaxIMYe5g7z, 1bAftSH8umNcGZ0uyV7LMg",13567429,"Hip Hop, Latin","argentine trap, trap latino, reggaeton, trap",Party en el Barrio (feat. Duki),2022-09-14,WEA Latina,2022-09-14,day,single
7gRFDGEzF9UkBV233yv2dc,Shut Down,BLACKPINK,41MozSoPIsD1dJM0CLPjZF,239862019,Pop,k-pop,BORN PINK,2022-09-15,YG Entertainment/Interscope Records,2022-09-15,day,album
5zwwW9Oq7ubSxoCGyW1nbY,Pink Venom,BLACKPINK,41MozSoPIsD1dJM0CLPjZF,200318115,Pop,k-pop,BORN PINK,2022-09-15,YG Entertainment/Interscope Records,2022-09-15,day,album
0L8LOav65XwLjCLS11gNPD,Typa Girl,BLACKPINK,41MozSoPIsD1dJM0CLPjZF,50776679,Pop,k-pop,BORN PINK,2022-09-16,YG Entertainment/Interscope Records,2022-09-16,day,album
3MJhPqL2IgGs7gHEB2M35q,Hard to Love,BLACKPINK,41MozSoPIsD1dJM0CLPjZF,25974935,Pop,k-pop,BORN PINK,2022-09-16,YG Entertainment/Interscope Records,2022-09-16,day,album
5y4WmuvFX1t3NdSId0MFOh,Yeah Yeah Yeah,BLACKPINK,41MozSoPIsD1dJM0CLPjZF,18023622,Pop,k-pop,BORN PINK,2022-09-15,YG Entertainment/Interscope Records,2022-09-15,day,album
7AdGloF1UHKe1vAZPbqIXH,The Happiest Girl,BLACKPINK,41MozSoPIsD1dJM0CLPjZF,21440321,Pop,k-pop,BORN PINK,2022-09-15,YG Entertainment/Interscope Records,2022-09-15,day,album
0bYVPJvXr8ACmw313cVvhB,Tally,BLACKPINK,41MozSoPIsD1dJM0CLPjZF,17494852,Pop,k-pop,BORN PINK,2022-09-16,YG Entertainment/Interscope Records,2022-09-16,day,album
1Wwh6gmMeolwzbRzfZMY5b,Ready For Love,BLACKPINK,41MozSoPIsD1dJM0CLPjZF,13822600,Pop,k-pop,BORN PINK,2022-09-15,YG Entertainment/Interscope Records,2022-09-15,day,album
0JzG1wJuB4v9UPkSE7LMXi,Hotel,Montell Fish,5nvWOyAkfNgVLKESq4fOj2,24418606,,,Hotel,2022-09-16,"Lord’s Child, LLC",2022-09-16,day,single
3Ne5uYDFzHEFYAPbaBMIck,AUTOMÁTICO,Maria Becerra,1DxLCyH42yaHKGK3cl5bvG,6564535,Hip Hop,argentine trap,AUTOMÁTICO,2022-09-08,300 Entertainment,2022-09-08,day,single
2TktkzfozZifbQhXjT6I33,Evergreen (You Didn’t Deserve Me At All),Omar Apollo,5FxD8fkQZ6KcsSYupDVoSO,88978334,Pop,bedroom pop,Ivory,2022-04-08,Warner Records,2022-04-08,day,album
4f2GB5ZC7vOUYPAg69N2Xw,September,"['Earth, Wind & Fire']",['4QQgXkCYTt3BlENzhyNETg'],5405064,R&B,disco,"Now, Then & Forever",2013-09-11,Legacy Recordings,2013-09-11,day,compilation
7qoIhutxU269Zqo9PG5IOj,Poesia Acústica 13,"Pineapple StormTv, Chris MC, Salve Malak, Tz da Coronel, MC Cabelinho, Chefin, L7NNON, Luísa Sonza, Oruam, Xamã, N.I.N.A","09U6hmCerKcIJrixubiBjm, 0obu7Om4zu9ahul5DI4JtY, 7zxFc10N9BP2lg73b8cwZ0, 3lIU3RoZiHen1QXAQ3KQ9e, 1WQBwwssN6r8DSjUlkyUGW, 68PYmgkbRP1qZnEWOry7sB, 0JjPiLQNgAFaEkwoy56B1C, 4PzYKhC14sTJNEr0dzoo0d, 4yGgbQJMq9orWypwqtdzYT, 5YwzDz4RJfTiMHS4tdR5Lf, 32NfHH4nSmu97Z4RQjPyET",5704356,"Hip Hop, Pop, Classical, R&B, Latin, Electronic","brazilian hip hop, brazilian trap, trap, trap funk, choral, funk consciente, funk carioca, brazilian pop, funk pop, funk, ",Poesia Acústica 13,2022-09-20,Pineapple Storm,2022-09-20,day,compilation
3nqQXoyQOWXiESFLlDF1hG,Unholy (feat. Kim Petras),"Sam Smith, Kim Petras","2wY79sveU1sp5g7SokKOiI, 3Xt3RrJMFv5SZkCfUE8C1J",623599071,Pop,"soft pop, ",Unholy (feat. Kim Petras),2022-09-22,Capitol Records UK / EMI,2022-09-22,day,single
5aucVLKiumD89mxVCB4zvS,Rush Hour (Feat. j-hope of BTS),"Crush, j-hope","6aLdhHUqgdKE86xbtNmY8g, 0b1sIQumIAsNbqAoIClSpy",8899297,"Pop, Hip Hop","k-rap, k-pop, k-ballad",Rush Hour,2022-09-22,피네이션,2022-09-22,day,single
0kTMK4gNFfLXaTb62w1UaJ,BABY OTAKU,"Pablito Pesadilla, Polimá Westcoast, Nickoog Clk, Fran C","41vcoPejPG3vv8emJ2R5Ox, 768O5GliF0bqscyghggrbE, 6rHwFb0YjWexAYxTjm4eIj, 5NenY2Jl9wwLRxf86go4Y8",70695547,"Latin, Hip Hop","guaracha, reggaeton chileno, chilean trap, chilean mambo, mambo",Baby Otaku,2022-08-18,Pablito Pesadilla,2022-08-18,day,single
38T0tPVZHcPZyhtOcCP7pF,STAR WALKIN' (League of Legends Worlds Anthem),Lil Nas X,7jVv8c5Fj3E9VhNjxT4snq,159491286,,,STAR WALKIN' (League of Legends Worlds Anthem),2022-09-22,Columbia,2022-09-22,day,single
0e5UZadoZ5me957hKsxRYh,golden hour,JVKE,164Uj4eKjl6zTBKfJLFKKK,27530086,,,this is what ____ feels like (Vol. 1-4),2022-09-23,JVKE,2022-09-23,day,album
7nFJSfGvvV0WjatTZN6QYi,Bamba (feat. Aitch & BIA),"Luciano, Aitch, BIA","3CJKkU0XuElRT1z8rEtIYg, 2PJEagPIxaBugeMjIyKVXF, 6veh5zbFpm31XsPdjBgPER",9520380,"Hip Hop, Electronic, Pop","german hip hop, grime, uk drill, drill, ",Bamba (feat. Aitch & BIA),2022-09-22,URBAN,2022-09-22,day,single
5TXLMRrIet3CQxkyBZc3yE,No Se Va,Grupo Frontera,6XkjpgcEsYab502Vr1bBeW,12574207,Latin,"cumbia norteña, banda, norteño, música mexicana, corrido, corridos tumbados, grupera, corridos bélicos, tejano",No Se Va,2022-04-28,Grupo Frontera,2022-04-28,day,single
7mykoq6R3BArsSpNDjFQTm,I Really Want to Stay at Your House,"Rosa Walton, Hallie Coggins","1X0HaTcdkHW7LviblBiEeq, 5JNkPX6dYGLeEm4cUjHNGc",27742228,,,"Cyberpunk 2077: Radio, Vol. 2 (Original Soundtrack)",2020-12-18,Lakeshore Records,2020-12-18,day,compilation
5ATwkalJ9FnLp7Zcvxo1rl,Belki,"Dedublüman, Mavzer Tabancas","5PRW6j58xEEWL4DDVEITKT, 7vyG44Uv5jGIwwm2Ha0nE0",7087267,Pop,"arabesk, turkish pop",Belki,2022-08-05,AVRUPA MÜZİK YAPIM,2022-08-05,day,single
7z84Fwf1R3Z2BwHCP620CI,This Is Why,Paramore,74XFHRwlV6OrjEM0A2NCMF,3340134,"Rock, Pop","pop punk, emo, emo pop",This Is Why,2022-09-28,Atlantic Records,2022-09-28,day,single
5hnGrTBaEsdukpDF6aZg8a,How Do I Say Goodbye,Dean Lewis,3QSQFmccmX81fWCUSPTS7y,40081590,,,How Do I Say Goodbye,2022-08-31,Universal Music Australia Pty. Ltd.,2022-08-31,day,single
4woTEX1wYOTGDqNXuavlRC,Superman,"Eminem, Dina Rae","7dGJo4pcD2V6oG8kP0tJRR, 5jNmxPYz8QE5rYp4GDil8t",98914325,Hip Hop,"rap, hip hop, ",The Eminem Show,2002-05-26,Aftermath,2002-05-26,day,album
4zrKN5Sv8JS5mqnbVcsul7,Celestial,Ed Sheeran,6eUKZXaKkcviH0Ku9w2n3V,5465999,Pop,soft pop,Celestial,2022-09-29,Atlantic Records UK,2022-09-29,day,single
7sJNeWTXkZCEC7OnFMpGWL,Bamba (feat. Aitch & BIA),"Luciano, Aitch, BIA","3CJKkU0XuElRT1z8rEtIYg, 2PJEagPIxaBugeMjIyKVXF, 6veh5zbFpm31XsPdjBgPER",21349299,"Hip Hop, Electronic, Pop","german hip hop, grime, uk drill, drill, ",Majestic,2022-09-29,URBAN,2022-09-29,day,album
1Fb8gCHRkmNAaN8vytd5vg,West Connect (feat. Central Cee),"Luciano, Central Cee","3CJKkU0XuElRT1z8rEtIYg, 5H4yInM5zmHqpKIoMNAx4r",1311450,"Hip Hop, Electronic, Pop","german hip hop, uk drill, drill, grime",Majestic,2022-09-29,URBAN,2022-09-29,day,album
6qmvAJSUfVGMubvI2awW7p,uh oh,Tate McRae,45dkTj5sMRSjrmBSBeiHym,3010740,,,uh oh,2022-09-30,RCA Records Label,2022-09-30,day,single
6TsVhM8qIkWN5cJVDIVbbz,Besos Moja2,"Wisin & Yandel, ROSALÍA","1wZtkThiXbVNtj6hee6dz9, 7ltDVBr6mKbRvohxheJ9h1",105880185,Latin,"reggaeton, urbano latino, latin",La Última Misión,2022-09-30,Sony Music Latin,2022-09-30,day,album
11jRCxY01k9jvCdUru0EeP,Body Paint,Arctic Monkeys,7Ln80lUS6He07XvHI8qqHH,1116508,Rock,"indie, garage rock",Body Paint,2022-09-29,Domino Recording Co,2022-09-29,day,single
0zlGnseLGzRIBA0TJcb3Bo,Manike (From  Thank God ),"Yohani, Jubin Nautiyal, Tanishk Bagchi, Rashmi Virag, Surya Ragunaathan","6hyCmqlpgEhkMKKr65sFgI, 1tqysapcCh1lWEAc9dIFpa, 4f7KfxeHq9BiylGmyXepGt, 5r2baeTwcCJnuIsDIlxUJo, 0GiAC4VvvYCypjRH6IiasK",3662733,"New age, Hip Hop, Pop","hindi pop, bollywood, desi, desi pop, bhajan, devotional, ",Manike (From  Thank God ),2022-09-16,T-Series,2022-09-16,day,single
3yHXEidSu4gYVRqKoI653O,Assunto Delicado - Ao Vivo,"Guilherme & Benuto, Xand Avião","6m6e7D2TnV0aYMllFFwMxu, 43DRDu6nLSeIedZ7T1A616",12038281,"Country, Latin","sertanejo, sertanejo universitário, agronejo, arrocha, piseiro, forró, brega",Assunto Delicado (Ao Vivo),2022-08-18,Sony Music Entertainment,2022-08-18,day,single
2pR6bipXfJySBhje19SW02,Marisola,"Stars Music Chile, Cris Mj, Standly","2NZD6Gqfk60GEcAAnJKVsR, 1Yj5Xey7kTwvZla8sqdsdE, 0rjms710nwQTdrQheXHJfz",872389,"Latin, Hip Hop","reggaeton chileno, chilean trap, chilean mambo, reggaeton, mambo, rkt",Marisola,2022-07-22,Virgin Music Chile,2022-07-22,day,single
5JhUm1v5AbI5Yu6jLKCPRO,No Se Va - En Vivo,Grupo Frontera,6XkjpgcEsYab502Vr1bBeW,127512740,Latin,"cumbia norteña, banda, norteño, música mexicana, corrido, corridos tumbados, grupera, corridos bélicos, tejano",No Se Va (En Vivo),2022-04-28,Grupo Frontera,2022-04-28,day,single
3xWGA8pa0IKFI7IMPri4P0,Shivers,Ed Sheeran,6eUKZXaKkcviH0Ku9w2n3V,99021883,Pop,soft pop,= (Tour Edition),2020-00-00,Atlantic Records UK,2020,year,album
7xTDT7gyIrv0xWpwwXExxU,Celestial,Ed Sheeran,6eUKZXaKkcviH0Ku9w2n3V,17784730,Pop,soft pop,= (Tour Edition),2020-00-00,Atlantic Records UK,2020,year,album
6ex1Pz3pntgy4NPtxHXN2V,Bad Habits,Ed Sheeran,6eUKZXaKkcviH0Ku9w2n3V,68979928,Pop,soft pop,= (Tour Edition),2020-00-00,Atlantic Records UK,2020,year,album
6IPwKM3fUUzlElbvKw2sKl,we fell in love in october,girl in red,3uwAm6vQy7kWPS2bciKWx9,18339575,Pop,bedroom pop,we fell in love in october / October Passed Me By,2018-11-21,world in red,2018-11-21,day,single
4UMIv5jd9gK98a39BQRD9X,Kesariya,"Pritam, Arijit Singh, Amitabh Bhattacharya","1wRPtKGflJrBx9BmLsSwlU, 4YRxDV8wJFPHPTeXepOstw, 2fMqTqiTxUDlmcOEPaQSsx",69810630,"Pop, Hip Hop, Traditional music","bollywood, hindi pop, desi, sufi, bangla pop",Brahmastra (Original Motion Picture Soundtrack),2022-10-06,Sony Music Entertainment India Pvt. Ltd.,2022-10-06,day,album
5Odq8ohlgIbQKMZivbWkEo,Left and Right (Feat. Jung Kook of BTS),"Charlie Puth, Jung Kook, BTS","6VuMaDnrHyPL1p4EHjYLi7, 6HaGTQPmzraVmaVxvz6EUc, 3Nrfpe0tUJi4K4DXYWgMUX",139038828,Pop,"soft pop, pop, k-pop",CHARLIE,2022-10-06,Atlantic Records,2022-10-06,day,album
1Ame8XTX6QHY0l0ahqUhgv,THE LONELIEST,Måneskin,0lAWpj5szCSwM4rUMHYmrr,57661834,,,THE LONELIEST,2022-10-07,Epic,2022-10-07,day,single
3O8G8eVrhfXTGttyQ1xVuq,CASE 143,Stray Kids,2dIgFjalVxs4ThymZ67YCE,1597790,Pop,k-pop,MAXIDENT,2022-10-07,Republic Records - Stray Kids,2022-10-07,day,album
05ib88vsMeLfwlAfrZyz99,"TASTE (Lee Know, Hyunjin, Felix)",Stray Kids,2dIgFjalVxs4ThymZ67YCE,1196209,Pop,k-pop,MAXIDENT,2022-10-07,Republic Records - Stray Kids,2022-10-07,day,album
6T4o4xEh61CpgM9v4jG5DJ,"3RACHA (Bang Chan, Changbin, HAN)",Stray Kids,2dIgFjalVxs4ThymZ67YCE,1041371,Pop,k-pop,MAXIDENT,2022-10-07,Republic Records - Stray Kids,2022-10-07,day,album
1HshHZrFIF5MRXWCZntOPr,CHILL,Stray Kids,2dIgFjalVxs4ThymZ67YCE,1008678,Pop,k-pop,MAXIDENT,2022-10-07,Republic Records - Stray Kids,2022-10-07,day,album
7CQhZA3qNDZBoTKWqjD7gR,Give Me Your TMI,Stray Kids,2dIgFjalVxs4ThymZ67YCE,970850,Pop,k-pop,MAXIDENT,2022-10-07,Republic Records - Stray Kids,2022-10-07,day,album
4ASA1PZyWGbuc4d9N8OAcF,Eu Gosto Assim - Ao Vivo,"Gustavo Mioto, Mari Fernandez","1X6ORK7IekgmyjV6IFPszP, 0BHm7qbh3ENxvXzkQAG7MP",81205537,"Country, Latin","sertanejo, sertanejo universitário, arrocha, agronejo, piseiro, forró",Eu Gosto Assim (Ao Vivo),2022-09-16,Universal Music Ltda.,2022-09-16,day,single
1BCXUbnU0486n4eeTyyVIj,Loser,Charlie Puth,6VuMaDnrHyPL1p4EHjYLi7,948404,Pop,"soft pop, pop",CHARLIE,2022-10-06,Atlantic Records,2022-10-06,day,album
078fJxqEUz0LvbHSM6AoXJ,SUPER BOARD,Stray Kids,2dIgFjalVxs4ThymZ67YCE,917751,Pop,k-pop,MAXIDENT,2022-10-07,Republic Records - Stray Kids,2022-10-07,day,album
5XeFesFbtLpXzIVDNQP22n,I Wanna Be Yours,Arctic Monkeys,7Ln80lUS6He07XvHI8qqHH,189241442,Rock,"indie, garage rock",AM,2013-09-09,Domino Recording Co,2013-09-09,day,album
1klq7dgG1Pz0ijci5Pmae1,CASE 143,Stray Kids,2dIgFjalVxs4ThymZ67YCE,9209468,Pop,k-pop,MAXIDENT,2022-10-07,Sony Music Labels Inc.,2022-10-07,day,album
5FVd6KXrgO9B3JPmC8OPst,Do I Wanna Know?,Arctic Monkeys,7Ln80lUS6He07XvHI8qqHH,82036477,Rock,"indie, garage rock",AM,2013-09-09,Domino Recording Co,2013-09-09,day,album
086myS9r57YsLbJpU0TgK9,Why'd You Only Call Me When You're High?,Arctic Monkeys,7Ln80lUS6He07XvHI8qqHH,75464322,Rock,"indie, garage rock",AM,2013-09-09,Domino Recording Co,2013-09-09,day,album
2TDyyEBasw10wu5Uh94bR1,PUNTO 40,"Rauw Alejandro, Baby Rasta","1mcTU81TzQhprhouKaTkpq, 0GgyFUpOyzWDRDqx8FCTDN",55608813,Latin,"reggaeton, urbano latino, trap latino, latin",PUNTO 40,2022-09-22,Sony Music Latin/Duars Entertainment,2022-09-22,day,single
73vIOb4Q7YN6HeJTbscRx5,Miss You,"Oliver Tree, Robin Schulz","6TLwD7HPWuiOzvXEa3oCNe, 3t5xRXzsuZmMDkQzgOX35S",223661165,Electronic,tropical house,Miss You,2022-08-05,Atlantic Records,2022-08-05,day,single
4tRhRLBxIZ34Iw0eCuiC03,Miss You,southstar,1GVuCyb4PlArufUZDUnRQi,27533068,Hip Hop,techno,Miss You,2022-07-30,Columbia/B1 Recordings,2022-07-30,day,single
74loibzxXRL875X20kenvk,Poland,Lil Yachty,6icQOAFXDZKsumw3YXyusw,37899566,,,Poland,2022-10-11,Quality Control Music/Motown Records,2022-10-11,day,single
5odlY52u43F5BjByhxg7wg,golden hour,JVKE,164Uj4eKjl6zTBKfJLFKKK,181652210,,,this is what ____ feels like (Vol. 1-4),2022-09-23,JVKE,2022-09-23,day,album
3EaJDYHA0KnX88JvDhL9oa,Dark Red,Steve Lacy,57vWImR43h4CaDao012Ofp,98868447,,,Dark Red,2017-02-20,Three Quarter,2017-02-20,day,single
6FYfhKknpt05Om6YPcEYAg,we fell in love in october,girl in red,3uwAm6vQy7kWPS2bciKWx9,9039729,Pop,bedroom pop,we fell in love in october / forget her,2018-11-21,world in red,2018-11-21,day,single
3khEEPRyBeOUabbmOPJzAG,KICK BACK,Kenshi Yonezu,1snhtMLeb2DYoMOcVbb8iB,77954697,"Pop, Rock","j-pop, anime, j-rock",KICK BACK,2022-10-12,Sony Music Labels Inc.,2022-10-12,day,single
5FkJHVudUByVjanCqFXRql,After Dark,Mr.Kitty,0pWwt5vGNzezEhfAcc420Y,68204414,"Metal, Electronic","witch house, darkwave",Time,2014-08-08,Juggernaut Music Group,2014-08-08,day,album
4jbmgIyjGoXjY01XxatOx6,Dark Horse,"Katy Perry, Juicy J","6jJ0s89eD6GaHleKKya26X, 5gCRApTajqwbnHHPbr2Fpi",4797655,"Hip Hop, Pop","pop, memphis rap, crunk",PRISM,2013-01-01,Capitol Records (CAP),2013-01-01,day,album
6XO8RlYuJCiI0v3IA48FeJ,Bye Bye,"Marshmello, Juice WRLD","64KEffDW9EtZ1y2vBYgq8T, 4MCBfE4596Uoi2O4DtmEMz",21335800,"Electronic, Hip Hop","edm, melodic rap, emo rap",Bye Bye,2022-10-14,Joytime Collective/Grade A Productions/Interscope Records,2022-10-14,day,single
2wVWGFVkL5I3JGsoWBx2AZ,EDGING,blink-182,6FBDaR13swtiWwGhX1WQsP,3864226,"Rock, Pop, Metal","pop punk, punk, emo pop, rock, skate punk, emo",EDGING,2022-10-14,Columbia,2022-10-14,day,single
6ug9fUi5oLLgQgOF1G8WkM,California Breeze,Lil Baby,5f7VJjfbwm532GiveGC0ZK,8207979,,,It's Only Me,2022-10-14,Quality Control Music/Motown Records,2022-10-14,day,album
4OkFBMU18NidtaefaTjUq1,Real Spill,Lil Baby,5f7VJjfbwm532GiveGC0ZK,2824097,,,It's Only Me,2022-10-14,Quality Control Music/Motown Records,2022-10-14,day,album
0VOMBffX1llDu37yQUt3u3,Pop Out (feat. Nardo Wick),"Lil Baby, Nardo Wick","5f7VJjfbwm532GiveGC0ZK, 0Njy6yR9LykNKYg9yE23QN",2792107,,,It's Only Me,2022-10-14,Quality Control Music/Motown Records,2022-10-14,day,album
6qzBOV7lg2pnYm1tIvjxo3,Heyy,Lil Baby,5f7VJjfbwm532GiveGC0ZK,2400721,,,It's Only Me,2022-10-14,Quality Control Music/Motown Records,2022-10-14,day,album
26Hgx0810XUis01XWvoftB,Stand On It,Lil Baby,5f7VJjfbwm532GiveGC0ZK,1437293,,,It's Only Me,2022-10-14,Quality Control Music/Motown Records,2022-10-14,day,album
1Py8c3dkLF0YczcAyBFBEM,Never Hating (feat. Young Thug),"Lil Baby, Young Thug","5f7VJjfbwm532GiveGC0ZK, 50co4Is1HCEo8bhOyUWKpn",2423786,Hip Hop,"rap, melodic rap, trap",It's Only Me,2022-10-14,Quality Control Music/Motown Records,2022-10-14,day,album
2A0G0bPmlkUXUbvWqrAXzg,Not Finished,Lil Baby,5f7VJjfbwm532GiveGC0ZK,3236442,,,It's Only Me,2022-10-14,Quality Control Music/Motown Records,2022-10-14,day,album
1T4k0sw0HldDg004Kw4Oct,Forever (feat. Fridayy),"Lil Baby, Fridayy","5f7VJjfbwm532GiveGC0ZK, 7sP4SQ0WY6jfps1I19Ot7i",1168188,,,It's Only Me,2022-10-14,Quality Control Music/Motown Records,2022-10-14,day,album
14dJexYlvd3t3XAtD1pYW1,Oh Caroline,The 1975,3mIj9lX2MWuHmhNCA7LSCW,1131506,,,Being Funny In A Foreign Language,2022-10-14,Dirty Hit,2022-10-14,day,album
0BBaLX0AEwUCmsJyI5eJ6U,Perfect Timing,Lil Baby,5f7VJjfbwm532GiveGC0ZK,1130054,,,It's Only Me,2022-10-14,Quality Control Music/Motown Records,2022-10-14,day,album
31lopd32BkJBTSgYE16c5e,In A Minute,Lil Baby,5f7VJjfbwm532GiveGC0ZK,1055256,,,It's Only Me,2022-10-14,Quality Control Music/Motown Records,2022-10-14,day,album
2wdgjxZPgtrPd8OUqMSuYh,From Now On (feat. Future),"Lil Baby, Future","5f7VJjfbwm532GiveGC0ZK, 1RyvyyTE3xzB2ZywiAwp0i",1049350,Hip Hop,rap,It's Only Me,2022-10-14,Quality Control Music/Motown Records,2022-10-14,day,album
4wDXilLhgq8qNnj4wiEp4F,Out Of My System,Louis Tomlinson,57WHJIHrjOE3iAxpihhMnp,1035438,,,Out Of My System,2022-10-14,BMG Rights Management (UK) Limited,2022-10-14,day,single
1zsPaEkglFvxjAhrM8yhpr,Hey Mor,"Ozuna, Feid","1i8SpTcr7yvPOmcqrbnVXY, 2LRoIwlKmHjgvigdNGBHNo",196719060,Latin,"reggaeton, latin, trap latino, urbano latino",OzuTochi,2022-10-07,Aura Music Corp.,2022-10-07,day,album
4FAQjmX7e7JJaFE363uj86,One Up,Central Cee,5H4yInM5zmHqpKIoMNAx4r,1021746,"Hip Hop, Electronic, Pop","uk drill, drill, grime",One Up,2022-10-13,Central Cee,2022-10-13,day,single
561jH07mF1jHuk7KlaeF0s,Mockingbird,Eminem,7dGJo4pcD2V6oG8kP0tJRR,165243505,Hip Hop,"rap, hip hop",Encore (Deluxe Version),2004-11-12,Aftermath,2004-11-12,day,album
3hxIUxnT27p5WcmjGUXNwx,Shut up My Moms Calling,Hotel Ugly,35WVTyRnKAoaGExqgktVyb,51033414,,,Shut up My Moms Calling,2020-02-10,"Hotel Ugly, under exclusive license to Amuseio AB",2020-02-10,day,single
4fsQ0K37TOXa3hEQfjEic1,ANTIFRAGILE,LE SSERAFIM,4SpbR6yFEvexJuaBpgAU5p,103021837,Pop,k-pop,ANTIFRAGILE,2022-10-17,SOURCE MUSIC,2022-10-17,day,single
4FyesJzVpA39hbYvcseO2d,Just Wanna Rock,Lil Uzi Vert,4O15NlyKLIASxsJ0PrXPfz,123265831,Hip Hop,melodic rap,Just Wanna Rock,2022-10-17,Generation Now/Atlantic,2022-10-17,day,single
6NnCWIWV740gP7DQ8kqdIE,Nxde,(G)I-DLE,2AfmfGFbe0A0WsTYm0SDTx,33850709,Pop,k-pop,I love,2022-10-17,Cube Entertainment,2022-10-17,day,single
6G12ZafqofSq7YtrMqUm76,Monotonía,"Shakira, Ozuna","0EmeFodog0BfCgMzAIvKQp, 1i8SpTcr7yvPOmcqrbnVXY",161310409,"Latin, Pop","latin pop, latin, reggaeton, trap latino, urbano latino",Monotonía,2022-10-19,Sony Music Latin,2022-10-19,day,single
4R2kfaDFhslZEMJqAFNpdd,cardigan,['Taylor Swift'],['06HL4z0CvFAxyc27GXpf02'],1989622,,,folklore,2020-07-24,Taylor Swift,2020-07-24,day,album
0V3wPSX9ygBnCm8psDIegu,Anti-Hero,Taylor Swift,06HL4z0CvFAxyc27GXpf02,416377674,,,Midnights,2022-10-21,Taylor Swift,2022-10-21,day,album
5jQI2r1RdgtuT8S3iG8zFC,Lavender Haze,Taylor Swift,06HL4z0CvFAxyc27GXpf02,216276264,,,Midnights,2022-10-21,Taylor Swift,2022-10-21,day,album
1wtOxkiel43cVs0Yux5Q4h,Snow On The Beach (feat. Lana Del Rey),"Taylor Swift, Lana Del Rey","06HL4z0CvFAxyc27GXpf02, 00FQb4jTyendYWaN8pK0wa",175730253,,,Midnights,2022-10-21,Taylor Swift,2022-10-21,day,album
3eX0NZfLtGzoLUxPNvRfqm,Maroon,Taylor Swift,06HL4z0CvFAxyc27GXpf02,164574320,,,Midnights,2022-10-21,Taylor Swift,2022-10-21,day,album
4D7BCuvgdJlYvlX5WlN54t,"You're On Your Own, Kid",Taylor Swift,06HL4z0CvFAxyc27GXpf02,167267781,,,Midnights,2022-10-21,Taylor Swift,2022-10-21,day,album
1DAHLigfUqSLrU3RLG1EKR,Midnight Rain,Taylor Swift,06HL4z0CvFAxyc27GXpf02,12578139,,,Midnights,2022-10-21,Taylor Swift,2022-10-21,day,album
1xwAWUI6Dj0WGC3KiUPN0O,Vigilante Shit,Taylor Swift,06HL4z0CvFAxyc27GXpf02,123424146,,,Midnights,2022-10-21,Taylor Swift,2022-10-21,day,album
0heeNYlwOGuUSe7TgUD27B,Question...?,Taylor Swift,06HL4z0CvFAxyc27GXpf02,116467195,,,Midnights,2022-10-21,Taylor Swift,2022-10-21,day,album
7KokYm8cMIXCsGVmUvKtqf,Karma,Taylor Swift,06HL4z0CvFAxyc27GXpf02,150001907,,,Midnights,2022-10-21,Taylor Swift,2022-10-21,day,album
3qoftcUZaUOncvIYjFSPdE,Bejeweled,Taylor Swift,06HL4z0CvFAxyc27GXpf02,152190822,,,Midnights,2022-10-21,Taylor Swift,2022-10-21,day,album
0A1JLUlkZkp2EFrosoNQi0,Labyrinth,Taylor Swift,06HL4z0CvFAxyc27GXpf02,93147488,,,Midnights,2022-10-21,Taylor Swift,2022-10-21,day,album
0wavGRldH0AWyu2zvTz8zb,Sweet Nothing,Taylor Swift,06HL4z0CvFAxyc27GXpf02,85560617,,,Midnights,2022-10-21,Taylor Swift,2022-10-21,day,album
7zcJSflhqcSGICHUjgncnj,Mastermind,Taylor Swift,06HL4z0CvFAxyc27GXpf02,9137209,,,Midnights,2022-10-21,Taylor Swift,2022-10-21,day,album
3UMrglJeju5yWyYIW6o99b,The Great War,Taylor Swift,06HL4z0CvFAxyc27GXpf02,3683060,,,Midnights (3am Edition),2022-10-22,Taylor Swift,2022-10-22,day,album
0BiqmkasE5FdrChwKfVp8X,Bigger Than The Whole Sky,Taylor Swift,06HL4z0CvFAxyc27GXpf02,3643214,,,Midnights (3am Edition),2022-10-22,Taylor Swift,2022-10-22,day,album
0aV5uARAknQgYhBaK944FP,"Would've, Could've, Should've",Taylor Swift,06HL4z0CvFAxyc27GXpf02,3518231,,,Midnights (3am Edition),2022-10-22,Taylor Swift,2022-10-22,day,album
6J834IBcZJMH38ksrgAqwF,Paris,Taylor Swift,06HL4z0CvFAxyc27GXpf02,40110468,,,Midnights (3am Edition),2022-10-21,Taylor Swift,2022-10-21,day,album
4356PL6jkERzJouVfQQkZo,High Infidelity,Taylor Swift,06HL4z0CvFAxyc27GXpf02,34130307,,,Midnights (3am Edition),2022-10-21,Taylor Swift,2022-10-21,day,album
6wAFvJPpTZVirBKGZ4EnMW,Glitch,Taylor Swift,06HL4z0CvFAxyc27GXpf02,2916058,,,Midnights (3am Edition),2022-10-22,Taylor Swift,2022-10-22,day,album
3QF5RsWzK1lCvf2o2cY65P,Dear Reader,Taylor Swift,06HL4z0CvFAxyc27GXpf02,2779744,,,Midnights (3am Edition),2022-10-22,Taylor Swift,2022-10-22,day,album
1UwUhKmFxGKs59xiWO60Sx,I Ain’t Quite Where I Think I Am,Arctic Monkeys,7Ln80lUS6He07XvHI8qqHH,3010324,Rock,"indie, garage rock",The Car,2022-10-21,Domino Recording Co,2022-10-21,day,album
1zx6GSqLYI2ynzAHnPRKBR,There’d Better Be A Mirrorball,Arctic Monkeys,7Ln80lUS6He07XvHI8qqHH,2810679,Rock,"indie, garage rock",The Car,2022-10-21,Domino Recording Co,2022-10-21,day,album
5hljqZrl0h7RcIhUnOPuve,Sculptures Of Anything Goes,Arctic Monkeys,7Ln80lUS6He07XvHI8qqHH,1659364,Rock,"indie, garage rock",The Car,2022-10-21,Domino Recording Co,2022-10-21,day,album
42GuKw49pPxNAkIhWGwgFs,Body Paint,Arctic Monkeys,7Ln80lUS6He07XvHI8qqHH,2469111,Rock,"indie, garage rock",The Car,2022-10-21,Domino Recording Co,2022-10-21,day,album
2HReNSxrMRcJ0cYMzKAJK6,Jet Skis On The Moat,Arctic Monkeys,7Ln80lUS6He07XvHI8qqHH,1353830,Rock,"indie, garage rock",The Car,2022-10-21,Domino Recording Co,2022-10-21,day,album
0C6dSPCqwKqwos6s1CrDrh,The Car,Arctic Monkeys,7Ln80lUS6He07XvHI8qqHH,1271694,Rock,"indie, garage rock",The Car,2022-10-21,Domino Recording Co,2022-10-21,day,album
5NxhMcHSVY3Z7ykWxZf3aj,En La De Ella,"JHAYCO, Feid, Sech","6nVcHLIgY5pE2YCl8ubca1, 2LRoIwlKmHjgvigdNGBHNo, 77ziqFxp5gaInVrF2lj4ht",23167233,Latin,"reggaeton, trap latino, urbano latino",En La De Ella,2022-10-21,N&E Entertainment LLC,2022-10-21,day,single
4KPi4VNvPOfKqIp1sx19Xf,Big Ideas,Arctic Monkeys,7Ln80lUS6He07XvHI8qqHH,1171350,Rock,"indie, garage rock",The Car,2022-10-21,Domino Recording Co,2022-10-21,day,album
5ygEUpyZy5qtZ1423zymBW,Hello You,Arctic Monkeys,7Ln80lUS6He07XvHI8qqHH,1143722,Rock,"indie, garage rock",The Car,2022-10-21,Domino Recording Co,2022-10-21,day,album
6Ole34qqbgkZ60IyrcVm7e,Cooped Up / Return Of The Mack,"Post Malone, Mark Morrison, Sickick","246dkjvS1zLTtiykXe5h60, 6V3F8MZrOKdT9fU686ybE9, 3NR7hAacOhmcztWvD7vJfS",1012568,,,Cooped Up / Return Of The Mack,2022-10-21,Mercury Records/Republic Records,2022-10-21,day,single
0ug5NqcwcFR2xrfTkc7k8e,Style,['Taylor Swift'],['06HL4z0CvFAxyc27GXpf02'],1000148,,,1989 (Deluxe),2014-01-01,"Big Machine Records, LLC",2014-01-01,day,album
3rWDp9tBPQR9z6U5YyRSK4,Midnight Rain,Taylor Swift,06HL4z0CvFAxyc27GXpf02,197319150,,,Midnights,2022-10-21,Taylor Swift,2022-10-21,day,album
7FmYn9e7KHMXcxqGSj9LjH,Mastermind,Taylor Swift,06HL4z0CvFAxyc27GXpf02,88642152,,,Midnights,2022-10-21,Taylor Swift,2022-10-21,day,album
3pUa0ZxdSeaJXm0EIydD3F,"Would've, Could've, Should've",Taylor Swift,06HL4z0CvFAxyc27GXpf02,60021923,,,Midnights (3am Edition),2022-10-21,Taylor Swift,2022-10-21,day,album
3jzbpOzoYa22FvzBkNkLvC,Bigger Than The Whole Sky,Taylor Swift,06HL4z0CvFAxyc27GXpf02,41499326,,,Midnights (3am Edition),2022-10-21,Taylor Swift,2022-10-21,day,album
5BYl3SodS3rGmafWXRWmB7,The Great War,Taylor Swift,06HL4z0CvFAxyc27GXpf02,45375888,,,Midnights (3am Edition),2022-10-21,Taylor Swift,2022-10-21,day,album
6RJBrG3VHz2hPITjv88chh,Glitch,Taylor Swift,06HL4z0CvFAxyc27GXpf02,23372354,,,Midnights (3am Edition),2022-10-21,Taylor Swift,2022-10-21,day,album
7lFNXsbcbds699xCWO3pSe,Dear Reader,Taylor Swift,06HL4z0CvFAxyc27GXpf02,21205623,,,Midnights (3am Edition),2022-10-21,Taylor Swift,2022-10-21,day,album
6gyhp7IcNhTYzwlk8utsgP,Beijo de Glicose - Ao Vivo,"Diego & Victor Hugo, Jorge & Mateus","3k68C6mNMJL6OaAdWeW2ZF, 1elUiq4X7pxej6FRlrEzjM",947586,"Country, Latin","sertanejo, sertanejo universitário, arrocha, piseiro, agronejo",Beijo de Glicose (Ao Vivo),2022-09-01,Sony Music Entertainment,2022-09-01,day,single
78Sw5GDo6AlGwTwanjXbGh,Here With Me,d4vd,5y8tKLUfMvliMe8IKamR32,115654022,,,Here With Me,2022-09-22,Darkroom/Interscope Records,2022-09-22,day,single
0QHEIqNKsMoOY5urbzN48u,Made You Look,Meghan Trainor,6JL8zeS1NmiOftqZTRgdTz,187665634,,,Takin' It Back,2022-10-21,Epic,2022-10-21,day,album
1V27TTo9FI2sl8xzGr3sCg,Gilded Lily,Cults,3Oim8XBPbznAa8Jj8QzNc8,1883935,,,Offering,2017-10-06,Sinderlyn,2017-10-06,day,album
6PaWZ0PIMxx15YBgCohvXY,Gilded Lily,Cults,3Oim8XBPbznAa8Jj8QzNc8,926562,,,Offering,2022-10-26,Sinderlyn,2022-10-26,day,album
4YxZQd3I4rj1nqkXgvpCk4,Zukunft Pink (feat. Inéz),"Peter Fox, Inéz","6rqlONGmPuP2wJVSfliLBI, 6zBax4hSAI1BJYgwF61EP5",2996233,Pop,german pop,Zukunft Pink (feat. Inéz),2022-10-20,WM Germany,2022-10-20,day,single
35ovElsgyAtQwYPYnZJECg,Lift Me Up - From Black Panther: Wakanda Forever - Music From and Inspired By,Rihanna,5pKCCKE2ajJHZ9KAiaK11H,45853710,,,Lift Me Up (From Black Panther: Wakanda Forever - Music From and Inspired By),2022-10-28,Black Panther 2 Rihanna Recordings,2022-10-28,day,single
0h7QMc9ZRzA9QJrbEHytn2,The Astronaut,Jin,5vV3bFXnN6D6N3Nj4xRvaV,55190895,Pop,k-pop,The Astronaut,2022-10-28,BIGHIT MUSIC,2022-10-28,day,single
34ZAzO78a5DAVNrYIGWcPm,Shirt,SZA,7tYKF4w9nC0nq9CsPZTHyP,75916846,R&B,r&b,Shirt,2022-10-28,Top Dawg Entertainment/RCA Records,2022-10-28,day,single
2RJAKIw6nIkgZVsAIKhmqz,In My Head,Juice WRLD,4MCBfE4596Uoi2O4DtmEMz,12762995,Hip Hop,"melodic rap, emo rap",In My Head,2022-10-28,Grade A Productions/Interscope Records,2022-10-28,day,single
5OX1JvE7gTkOd1DSzlrtFw,Salir Con Vida,"Morat, Feid","5C4PDR4LnhZTbVnKWXuDKD, 2LRoIwlKmHjgvigdNGBHNo",1487282,"Pop, Latin","colombian pop, latin pop, reggaeton, urbano latino",Salir Con Vida,2022-10-28,Universal Music Spain S.L.,2022-10-28,day,single
1Jb0BvBueT6TBcZKIRWoJ6,Lift Me Up - Instrumental,Rihanna,5pKCCKE2ajJHZ9KAiaK11H,1435222,,,Lift Me Up (From Black Panther: Wakanda Forever - Music From and Inspired By),2022-10-28,Black Panther 2 Rihanna Recordings,2022-10-28,day,single
66sBTYlkaiyBwf4fhbIHlZ,Yours,Jin,5vV3bFXnN6D6N3Nj4xRvaV,1066459,Pop,k-pop,Jirisan (Original Television Soundtrack) Pt. 4,2021-11-07,"에이스토리, 모스트콘텐츠",2021-11-07,day,single
4a9RlnJ0v1T7HgLtps1HvI,This Is Halloween,['Disney Characters'],['6utdPEv71mR0DnGp74cJIz'],5805908,,,Nightmare Before Christmas,2008-10-27,Mixed Repertoire,2008-10-27,day,compilation
6thXB4RmajS4oZPNiBAKy0,Ghostbusters,['Ray Parker Jr.'],['0NyzfcGDZZ6GM25EBG9BYK'],4654132,,,Greatest Hits,1990-01-01,Arista,1990-01-01,day,compilation
0xxZY5C9xxij3D1HkzbnfC,Monster Mash,"['Bobby (Boris) Pickett', 'The Crypt-Kickers']","['42MRYPhQfcEXqb18dl5ERX', '4frDtYgwXXKkbyQzjOmJG5']",5278310,,,The Original Monster Mash,1962-00-00,Decca Music Group Ltd.,1962,year,album
3S2R0EVwBSAVMd5UMgKTL0,Thriller,['Michael Jackson'],['3fMbdgg4jU18AjLCKBhRSm'],4853654,,,Thriller 25 Super Deluxe Edition,2008-02-08,Epic/Legacy,2008-02-08,day,album
30VrBsh1STRBoIrhQOAwzK,Disturbia,['Rihanna'],['5pKCCKE2ajJHZ9KAiaK11H'],3549284,,,Good Girl Gone Bad: Reloaded,2007-03-31,Def Jam Recordings,2007-03-31,day,album
2zYzyRzz6pRmhPzyfMEC8s,Highway to Hell,['AC/DC'],['711MCceyCBcFnzjGY4Q7Un'],2103506,Rock,"rock, hard rock, classic rock, rock and roll",Highway to Hell,1979-07-27,Columbia,1979-07-27,day,album
3pgKhQdt8MNXUhh9698qmi,Tá na Hora do Jair Já Ir Embora,"Tiago Doidão, Juliano Maderada","6JyfXyzoX303xiXFwhT9Za, 72DK3UxDm7IOR9jCwnZKEz",1479431,,,Tá na Hora do Jair Já Ir Embora,2022-08-26,Maderada Music,2022-08-26,day,single
1sUdq3kWa9dJXHu3eYOUll,"Spooky, Scary Skeletons - Undead Tombstone Remix",['Andrew Gold'],['5fmvGUlMVgmnCn45f1he7d'],2085535,,,Halloween Howls: Fun & Scary Music (Deluxe Edition),2019-10-18,Craft Recordings,2019-10-18,day,album
0wQy2OO7jKjm0OOmA7gv3f,Thriller - 2003 Edit,['Michael Jackson'],['3fMbdgg4jU18AjLCKBhRSm'],1769662,,,Number Ones,1979-00-00,Epic,1979,year,compilation
69stxc6hQrJHOzoUwOplKs,Somebody's Watching Me - Single Version,['Rockwell'],['3xs0LEzcPXtgNfMNcHzLIP'],1701934,,,80's -ベスト100-,2020-07-29,Universal Music LLC,2020-07-29,day,compilation
1di1BEgJYzPvXUuinsYJGP,Everybody (Backstreet's Back) - Radio Edit,['Backstreet Boys'],['5rSXSAkZ67PYJSvpUpkOr7'],1264016,,,Backstreet's Back,1997-08-12,Jive,1997-08-12,day,album
1TfqLAPs4K3s2rJMoCokcS,Sweet Dreams (Are Made of This) - 2005 Remaster,"['Eurythmics', 'Annie Lennox', 'Dave Stewart']","['0NKDgy9j66h3DLnN8qu1bB', '5MspMQqdVbdwP6ax3GXqum', '7gcCQIlkkfbul5Mt0jBQkg']",1256318,"Rock, Pop","new wave, synthpop, ",Sweet Dreams (Are Made Of This),1983-01-04,RCA Records Label,1983-01-04,day,album
7DnAm9FOTWE3cUvso43HhI,Sweet but Psycho,['Ava Max'],['4npEfmQ6YuiwW1GpUmaq3F'],1205226,,,Heaven & Hell,2020-09-18,Atlantic Records,2020-09-18,day,album
2dCmGcEOQrMQhMMS8Vj7Ca,Super Freak,Rick James,0FrpdcVlJQqibaz5HfBUrL,1177257,R&B,"funk, motown, disco",Street Songs (Deluxe Edition),1981-04-07,Motown,1981-04-07,day,album
3sLhMSePzxSrmxluIqeoAZ,I Put a Spell On You,Screamin' Jay Hawkins,3VBpsrUi2vV7Uj87ONHu7Z,987652,,,At Home with Screamin' Jay Hawkins,1958-00-00,Epic/Legacy,1958,year,album
2bCQHF9gdG5BNDVuEIEnNk,Smooth Criminal - 2012 Remaster,Michael Jackson,3fMbdgg4jU18AjLCKBhRSm,949817,,,Bad 25th Anniversary,2012-09-18,Epic/Legacy,2012-09-18,day,album
0bYg9bo50gSsH3LtXe2SQn,All I Want for Christmas Is You,['Mariah Carey'],['4iHNK0tOyZPYnBU7nGAgpQ'],258213704,Jazz,christmas,Merry Christmas,1994-10-28,Columbia,1994-10-28,day,album
4vVjPTApwXZwB2H3mBq3ml,HOTEL LOBBY (Unc & Phew),"Quavo, Takeoff","0VRj0yCOv2FXJNP47XQnx5, 3EW0kQ1skZiK1NHg3Spt9J",8612322,,,Only Built For Infinity Links,2022-10-07,Quality Control Music/Motown Records,2022-10-07,day,album
2jkyPVk1nbpsZD0KAS98Zw,SPIT IN MY FACE!,ThxSoMch,4MvZhE1iuzttcoyepkpfdF,26798025,,,SPIT IN MY FACE!,2022-11-01,ThxSoMch,2022-11-01,day,single
1bDbXMyjaUIooNwFE9wn0N,Rich Flex,"Drake, 21 Savage","3TVXtAsR1Inumwj472S9r4, 1URnnhqYAYcrqrcwql10ft",232254707,Hip Hop,"rap, hip hop, ",Her Loss,2022-11-04,OVO / Republic Records,2022-11-04,day,album
46s57QULU02Voy0Kup6UEb,Major Distribution,"Drake, 21 Savage","3TVXtAsR1Inumwj472S9r4, 1URnnhqYAYcrqrcwql10ft",68948674,Hip Hop,"rap, hip hop, ",Her Loss,2022-11-04,OVO / Republic Records,2022-11-04,day,album
34tz0eDhGuFErIuW3q4mPX,On BS,"Drake, 21 Savage","3TVXtAsR1Inumwj472S9r4, 1URnnhqYAYcrqrcwql10ft",59507643,Hip Hop,"rap, hip hop, ",Her Loss,2022-11-04,OVO / Republic Records,2022-11-04,day,album
2KLwPaRDOB87XOYAT2fgxh,Pussy & Millions (feat. Travis Scott),"Drake, 21 Savage, Travis Scott","3TVXtAsR1Inumwj472S9r4, 1URnnhqYAYcrqrcwql10ft, 0Y5tJX1MQlPlqiwlOH1tJY",75346556,Hip Hop,"rap, hip hop",Her Loss,2022-11-04,OVO / Republic Records,2022-11-04,day,album
0wshkEEcJUQU33RSRBb5dv,BackOutsideBoyz,Drake,3TVXtAsR1Inumwj472S9r4,34741802,Hip Hop,"rap, hip hop",Her Loss,2022-11-04,OVO / Republic Records,2022-11-04,day,album
2ZL7WZcjuYKi1KUDtp4kCC,Spin Bout U,"Drake, 21 Savage","3TVXtAsR1Inumwj472S9r4, 1URnnhqYAYcrqrcwql10ft",47938859,Hip Hop,"rap, hip hop, ",Her Loss,2022-11-04,OVO / Republic Records,2022-11-04,day,album
7l2nxyx7IkBX5orhkALg0V,Privileged Rappers,"Drake, 21 Savage","3TVXtAsR1Inumwj472S9r4, 1URnnhqYAYcrqrcwql10ft",36931147,Hip Hop,"rap, hip hop, ",Her Loss,2022-11-04,OVO / Republic Records,2022-11-04,day,album
7GeTsDIc5ykNB6lORO6Cee,Circo Loco,"Drake, 21 Savage","3TVXtAsR1Inumwj472S9r4, 1URnnhqYAYcrqrcwql10ft",52721365,Hip Hop,"rap, hip hop, ",Her Loss,2022-11-04,OVO / Republic Records,2022-11-04,day,album
0sSRLXxknVTQDStgU1NqpY,Hours In Silence,"Drake, 21 Savage","3TVXtAsR1Inumwj472S9r4, 1URnnhqYAYcrqrcwql10ft",26019841,Hip Hop,"rap, hip hop, ",Her Loss,2022-11-04,OVO / Republic Records,2022-11-04,day,album
45pUWUeEWGoSdH6UF162G8,Broke Boys,"Drake, 21 Savage","3TVXtAsR1Inumwj472S9r4, 1URnnhqYAYcrqrcwql10ft",32428198,Hip Hop,"rap, hip hop, ",Her Loss,2022-11-04,OVO / Republic Records,2022-11-04,day,album
4Flfb4fGscN9kXPOduQLrv,Treacherous Twins,"Drake, 21 Savage","3TVXtAsR1Inumwj472S9r4, 1URnnhqYAYcrqrcwql10ft",20182810,Hip Hop,"rap, hip hop, ",Her Loss,2022-11-04,OVO / Republic Records,2022-11-04,day,album
410TZrK18uRjtsTunG14cl,Middle of the Ocean,Drake,3TVXtAsR1Inumwj472S9r4,19388555,Hip Hop,"rap, hip hop",Her Loss,2022-11-04,OVO / Republic Records,2022-11-04,day,album
29YW2xXlo6Pc6M0SBTCXYN,More M’s,"Drake, 21 Savage","3TVXtAsR1Inumwj472S9r4, 1URnnhqYAYcrqrcwql10ft",16360733,Hip Hop,"rap, hip hop, ",Her Loss,2022-11-04,OVO / Republic Records,2022-11-04,day,album
2ZlABhxMMa43COmZ97kKsJ,Jumbotron Shit Poppin,Drake,3TVXtAsR1Inumwj472S9r4,17604473,Hip Hop,"rap, hip hop",Her Loss,2022-11-04,OVO / Republic Records,2022-11-04,day,album
4ewazQLXFTDC8XvCbhvtXs,Glimpse of Us,Joji,3MZsBdqDrRTJihTHQrO6Dq,121627034,,,SMITHEREENS,2022-11-04,88rising Music/Warner Records,2022-11-04,day,album
26hOm7dTtBi0TdpDGl141t,Die For You,Joji,3MZsBdqDrRTJihTHQrO6Dq,101484641,,,SMITHEREENS,2022-11-04,88rising Music/Warner Records,2022-11-04,day,album
31bsuKDOzFGzBAoXxtnAJm,I Guess It’s Fuck Me,Drake,3TVXtAsR1Inumwj472S9r4,12159077,Hip Hop,"rap, hip hop",Her Loss,2022-11-04,OVO / Republic Records,2022-11-04,day,album
1MTXYvJ9TSqg9x6WPCDx2n,3AM on Glenwood,21 Savage,1URnnhqYAYcrqrcwql10ft,10516478,,,Her Loss,2022-11-04,OVO / Republic Records,2022-11-04,day,album
1abwytAhbWeHrbsA9eODOy,Feeling Like The End,Joji,3MZsBdqDrRTJihTHQrO6Dq,7519363,,,SMITHEREENS,2022-11-04,88rising Music/Warner Records,2022-11-04,day,album
3vKYvbzB7801a5qd47pxkm,APA,"Mora, Quevedo","0Q8NcsJwoCbZOHHW63su5S, 52iwsT98xCoGgiGntTiR7K",12263250,Latin,"urbano latino, reggaeton, trap latino",PARAÍSO,2022-11-03,Rimas Entertainment LLC,2022-11-03,day,album
0XER3HPMx223xWaAgNKp4Y,My Mind & Me,Selena Gomez,0C8ZW7ezQVs4URX5aX7Kqx,18442874,Pop,pop,My Mind & Me,2022-11-03,Interscope Records,2022-11-03,day,single
0rvbMTIWwMZaMC9UnubDPb,DOMINGO DE BOTE,Mora,0Q8NcsJwoCbZOHHW63su5S,6297985,Latin,"urbano latino, reggaeton, trap latino",PARAÍSO,2022-11-03,Rimas Entertainment LLC,2022-11-03,day,album
7zBscbZUCr4jEABrfV9g03,Before The Day Is Over,Joji,3MZsBdqDrRTJihTHQrO6Dq,6013121,,,SMITHEREENS,2022-11-04,88rising Music/Warner Records,2022-11-04,day,album
4DYKah8mcZf0O4l9Gt7woU,Dissolve,Joji,3MZsBdqDrRTJihTHQrO6Dq,5204148,,,SMITHEREENS,2022-11-04,88rising Music/Warner Records,2022-11-04,day,album
1c39AwcrkN9srI7Az5662I,NIGHT RIDER,Joji,3MZsBdqDrRTJihTHQrO6Dq,5274545,,,SMITHEREENS,2022-11-04,88rising Music/Warner Records,2022-11-04,day,album
63OA8vSo2PhUkmQopR1l64,A Veces (feat. Feid),"Paulo Londra, Feid","3vQ0GE3mI0dAaxIMYe5g7z, 2LRoIwlKmHjgvigdNGBHNo",14244183,"Hip Hop, Latin","argentine trap, trap latino, reggaeton, urbano latino",A Veces (feat. Feid),2022-11-03,WEA Latina,2022-11-03,day,single
5IPl8JpkbtSH1mdyq5ctSx,YUKON (INTERLUDE),Joji,3MZsBdqDrRTJihTHQrO6Dq,5181970,,,SMITHEREENS,2022-11-04,88rising Music/Warner Records,2022-11-04,day,album
3l9YiADzNmEvBfZVPEF49F,CALENTÓN,Mora,0Q8NcsJwoCbZOHHW63su5S,2734672,Latin,"urbano latino, reggaeton, trap latino",PARAÍSO,2022-11-03,Rimas Entertainment LLC,2022-11-03,day,album
0FqBNLXlTNimxmVRdDMj6b,1AM FREESTYLE,Joji,3MZsBdqDrRTJihTHQrO6Dq,5036029,,,SMITHEREENS,2022-11-04,88rising Music/Warner Records,2022-11-04,day,album
0B9D5rzkRgtuAVy4hQ84bD,BLAHBLAHBLAH DEMO,Joji,3MZsBdqDrRTJihTHQrO6Dq,3703125,,,SMITHEREENS,2022-11-04,88rising Music/Warner Records,2022-11-04,day,album
1aOl53hkZGHkl2Snhr7opL,How Do I Say Goodbye,Dean Lewis,3QSQFmccmX81fWCUSPTS7y,58687252,,,The Hardest Love,2022-11-04,Universal Music Australia Pty. Ltd.,2022-11-04,day,album
6v3fbkLKRH6jsa6dho9ocx,BIENVENIDA AL PARAÍSO,Mora,0Q8NcsJwoCbZOHHW63su5S,1348345,Latin,"urbano latino, reggaeton, trap latino",PARAÍSO,2022-11-03,Rimas Entertainment LLC,2022-11-03,day,album
6eP29HuqLSONvO7xTb5dSH,COSITAS,"Mora, paopao","0Q8NcsJwoCbZOHHW63su5S, 5AS4y4rlmbUYDCdg35qmI9",1339760,"R&b, Latin","urbano latino, reggaeton, trap latino, latin r&b",PARAÍSO,2022-11-03,Rimas Entertainment LLC,2022-11-03,day,album
559YUIWxUc8Mx4lsla13Ff,MODELITO,"Mora, YOVNGCHIMI","0Q8NcsJwoCbZOHHW63su5S, 4aSlfXDn9R60UlbZEboBUy",1315421,"Latin, Hip Hop","urbano latino, reggaeton, trap latino, trap",PARAÍSO,2022-11-03,Rimas Entertainment LLC,2022-11-03,day,album
3WdR6kP1JJm2kDLaL6nAyH,EN LA ORILLA,Mora,0Q8NcsJwoCbZOHHW63su5S,1307134,Latin,"urbano latino, reggaeton, trap latino",PARAÍSO,2022-11-03,Rimas Entertainment LLC,2022-11-03,day,album
0fuyLaeHh0TvQ65m5ojgP2,AIRBNB,"Mora, De La Ghetto","0Q8NcsJwoCbZOHHW63su5S, 3EiLUeyEcA6fbRPSHkG5kb",1287335,Latin,"urbano latino, reggaeton, trap latino",PARAÍSO,2022-11-03,Rimas Entertainment LLC,2022-11-03,day,album
6BePGk3eCan4FqaW2X8Qy3,10:35,"Tiësto, Tate McRae","2o5jDhtHVPhrJdv3cEQ99Z, 45dkTj5sMRSjrmBSBeiHym",24475097,Electronic,"edm, trance, big room, house, dance, ",10:35,2022-11-03,Atlantic Records,2022-11-03,day,single
3yIyUQXF050PehHtbkgaDu,CASUALIDAD,Mora,0Q8NcsJwoCbZOHHW63su5S,1242008,Latin,"urbano latino, reggaeton, trap latino",PARAÍSO,2022-11-03,Rimas Entertainment LLC,2022-11-03,day,album
0oBtwScT4B4BR5kZitNWd5,PUNTO G,Quevedo,52iwsT98xCoGgiGntTiR7K,80767176,Latin,reggaeton,PUNTO G,2022-11-04,Quevedo,2022-11-04,day,single
0cubEBmB9wjsdBwXNFmzFy,Salir Con Vida,"Morat, Feid","5C4PDR4LnhZTbVnKWXuDKD, 2LRoIwlKmHjgvigdNGBHNo",1188436,"Pop, Latin","colombian pop, latin pop, reggaeton, urbano latino",SI AYER FUERA HOY,2022-11-04,Universal Music Spain S.L.,2022-11-04,day,album
5S7FewmYYyLNdMOfeEcB6P,COMO HAS ESTAU?,Mora,0Q8NcsJwoCbZOHHW63su5S,1121333,Latin,"urbano latino, reggaeton, trap latino",PARAÍSO,2022-11-03,Rimas Entertainment LLC,2022-11-03,day,album
3kcj2zzabr8qnR4MnMeWv2,EIVISSA,"Mora, Danny Ocean","0Q8NcsJwoCbZOHHW63su5S, 5H1nN1SzW0qNeUEZvuXjAj",1113364,Latin,"urbano latino, reggaeton, trap latino",PARAÍSO,2022-11-03,Rimas Entertainment LLC,2022-11-03,day,album
5RgSwK9Y13567fta5goKTz,TU SABES DONDE VIVO,Mora,0Q8NcsJwoCbZOHHW63su5S,1056548,Latin,"urbano latino, reggaeton, trap latino",PARAÍSO,2022-11-03,Rimas Entertainment LLC,2022-11-03,day,album
5Zlb01Jcn0Ld49zazzZJSB,WORTH NOTHING - Fast & Furious: Drift Tape/Phonk Vol 1,"TWISTED, Oliver Tree","1rPf3UFQ9PzH7MafzfHTnG, 6TLwD7HPWuiOzvXEa3oCNe",23997866,"Electronic, Hip Hop","phonk, drift phonk, ",WORTH NOTHING (Fast & Furious: Drift Tape/Phonk Vol 1),2022-09-28,APG Inc – FF10,2022-09-28,day,single
3tAQNhm1o0kzldsI5QkrB1,Dream On,Aerosmith,7Ey4PD4MYsKc5I2dolUwbH,57723355,Rock,"classic rock, rock",AEROSMITH,1973-00-00,Columbia,1973,year,album
37vVp2sWHuuIBOSl1NswP6,i'm yours,Isabel LaRosa,5arKwJZEvT5uKq4o0JfqR4,4119886,,,i'm yours,2022-10-28,Slumbo Labs/RCA Records,2022-10-28,day,single
4sFGNz4MYpGoz53ZGCwsiE,i'm yours sped up,Isabel LaRosa,5arKwJZEvT5uKq4o0JfqR4,951919,,,i'm yours,2022-10-28,Slumbo Labs/RCA Records,2022-10-28,day,single
4H6o1bxKRGzmsE0vzo968m,Qué Agonía,"Yuridia, Ángela Aguilar","5B8ApeENp4bE4EE3LI8jK2, 3abT87tqQ4Q5PA5nw6CYyH",20589942,"Latin, Pop","latin pop, mariachi, ranchera, banda, música mexicana",Pa' Luego Es Tarde,2022-10-20,Sony Music México,2022-10-20,day,album
6sCvvleqKbeyOkQDieBYgp,Lift Me Up - From Black Panther: Wakanda Forever - Music From and Inspired By,Rihanna,5pKCCKE2ajJHZ9KAiaK11H,84052098,,,Black Panther: Wakanda Forever - Music From and Inspired By,2022-11-11,Roc Nation/Def Jam/Hollywood,2022-11-11,day,album
58cEG7FsVoipRiRKUMgOjo,PUNTO 40,"Rauw Alejandro, Baby Rasta","1mcTU81TzQhprhouKaTkpq, 0GgyFUpOyzWDRDqx8FCTDN",76983525,Latin,"reggaeton, urbano latino, trap latino, latin",SATURNO,2022-11-11,Sony Music Latin/Duars Entertainment,2022-11-11,day,album
33cF8aTmGJ6TsEf23uqGIN,LOKERA,"Rauw Alejandro, Lyanno, Brray","1mcTU81TzQhprhouKaTkpq, 1Ts9of7VPZElwPQnqnDSfW, 1GKIlPFdcewHtpDVCQ8zmJ",88550939,Latin,"reggaeton, urbano latino, trap latino, latin",SATURNO,2022-11-11,Sony Music Latin/Duars Entertainment,2022-11-11,day,album
18zQTt3ifDv6iLni2YuXMg,Born Again,Rihanna,5pKCCKE2ajJHZ9KAiaK11H,5232692,,,Black Panther: Wakanda Forever - Music From and Inspired By,2022-11-11,Roc Nation/Def Jam/Hollywood,2022-11-11,day,album
0r5g8mAptDMwHbvRDJYIPW,LEJOS DEL CIELO,Rauw Alejandro,1mcTU81TzQhprhouKaTkpq,1230406,Latin,"reggaeton, urbano latino, trap latino, latin",SATURNO,2022-11-11,Sony Music Latin/Duars Entertainment,2022-11-11,day,album
1597vvneWf0zoQrg2D8yH6,Evoque Prata,"MC MENOR HR, MC MENOR SG, DJ ESCOBAR","33yjk1kQbu7otNngO5pQb8, 3hXocXy7cs7SZ1JLZUgKBp, 65tpb4BwAnD3HOUs8MC6TB",71889590,"Hip Hop, R&B, R&b","funk, funk carioca, funk de bh, brazilian funk",Evoque Prata,2022-09-09,GUETTO RECORDS,2022-09-09,day,single
3rb0tMq42WfggucPm0HHkA,Bad Memories (feat. Elley Duhé & FAST BOY),"MEDUZA, James Carter, Elley Duhé, FAST BOY","0xRXCcSX89eobfrshSVdyu, 5344K3N7rx7kw1HjO8psuq, 67MNhiAICFY6Pwc2YxCO0K, 56Qz2XwGj7FxnNKrfkWjnb",8144277,,,Bad Memories (feat. Elley Duhé & FAST BOY),2022-07-22,Universal-Island Records Ltd.,2022-07-22,day,single
4o6v3Oooyt7HF20idztRD4,Bombonzinho - Ao Vivo,"Israel & Rodolffo, Ana Castela","41QLxRXlc2NwfJZkHGHKid, 2CKOmarVWvWqkNWUatHCex",47345045,"Country, Latin","sertanejo, sertanejo universitário, piseiro, agronejo, arrocha",Bombonzinho (Ao Vivo),2022-11-03,Som Livre,2022-11-03,day,single
2FRnf9qhLbvw8fu4IBXx78,Last Christmas,['Wham!'],['5lpH0xAS4fVfLkACg9DAuM'],210104119,Jazz,christmas,LAST CHRISTMAS,1984-11-29,Epic,1984-11-29,day,single
2EjXfH91m7f8HiJN1yQg97,Rockin' Around The Christmas Tree,['Brenda Lee'],['4cPHsZM98sKzmV26wlwD2W'],191421917,Jazz,christmas,Merry Christmas From Brenda Lee,1964-10-19,MCA Nashville,1964-10-19,day,album
2M4kQD87lKnAS9vFlb4Bez,Pactos - Ao Vivo,"Matheus & Kauan, Jorge & Mateus","2Z0lRIqr997lIUiPtrpKCr, 1elUiq4X7pxej6FRlrEzjM",1008308,"Country, Latin","sertanejo, sertanejo universitário, arrocha, agronejo",Pactos (Ao Vivo),2022-10-12,Universal Music Ltda.,2022-10-12,day,single
7vQbuQcyTflfCIOu3Uzzya,Jingle Bell Rock,['Bobby Helms'],['38EmEgXkgK51MT2tPY0EoC'],169770220,Jazz,christmas,Jingle Bell Rock/Captain Santa Claus (And His Reindeer Space Patrol),1957-12-02,Geffen,1957-12-02,day,single
0lLdorYw7lVrJydTINhWdI,It's Beginning to Look a Lot like Christmas,['Michael Bublé'],['1GxkXlMwML1oSg5eLPiAz3'],81346889,Jazz,christmas,Christmas,2011-10-24,143/Reprise,2011-10-24,day,album
0lizgQ7Qw35od7CYaoMBZb,Santa Tell Me,['Ariana Grande'],['66CXWjxzNUsdJxJ2JdwvnR'],137015247,Pop,pop,Santa Tell Me,2014-11-24,Universal Records,2014-11-24,day,single
2LSsSV7V33wM9EKQA2xjGS,Con La Brisa,"Foudeqush, Ludwig Göransson","0XFgM33h3Ls5tj1M9IKUWd, 24eDfi2MSYo3A87hCcgpIL",12559820,Easy listening,soundtrack,Black Panther: Wakanda Forever - Music From and Inspired By,2022-11-11,Roc Nation/Def Jam/Hollywood,2022-11-11,day,album
37F7E7BKEw2E4O2L7u0IEp,Limbo,Freddie Dredd,0dlDsD7y6ccmDm8tuWCU6F,46478553,Hip Hop,"phonk, dark trap, memphis rap",Freddie's Inferno,2022-08-11,Doomshop Records/RCA Records,2022-08-11,day,album
0AoBY2Y3qs6dtGgOD6c91N,Alone,Burna Boy,3wcj11K77LjEY1PkEazffa,5814108,"Traditional music, R&B, Pop","afrobeats, afrobeat, afropop, afroswing, dancehall, afropiano",Black Panther: Wakanda Forever - Music From and Inspired By,2022-11-11,Roc Nation/Def Jam/Hollywood,2022-11-11,day,album
6WbAhuwE6fCOriBu5786X1,CAIRO,"KAROL G, Ovy On The Drums","790FomKkXshlbRYZFtlgla, 3m5qlPf2OkihLz3dRYnkPA",64077447,Latin,"reggaeton, latin, urbano latino",CAIRO,2022-11-13,BICHOTA RECORDS / INTERSCOPE RECORDS / UNIVERSAL MUSIC LATINO,2022-11-13,day,single
7MkylDYvKTSuWgrsBhHlsG,"Duki: Bzrp Music Sessions, Vol. 50","Bizarrap, Duki","716NhGYqD1jl2wI1Qkgq36, 1bAftSH8umNcGZ0uyV7LMg",44829794,"Hip Hop, Latin","argentine trap, trap latino, urbano latino, trap","Duki: Bzrp Music Sessions, Vol. 50",2022-11-16,DALE PLAY Records,2022-11-16,day,single
2Lu7qsFpsvDfC05R4GT1lT,SPIT IN MY FACE!,ThxSoMch,4MvZhE1iuzttcoyepkpfdF,1176938,,,SPIT IN MY FACE!,2022-10-31,ThxSoMch,2022-10-31,day,single
5unjCay0kUjuej5ebn4nS4,Down In Atlanta,"Pharrell Williams, Travis Scott","2RdwBSPQiwcmiDo9kixcl8, 0Y5tJX1MQlPlqiwlOH1tJY",13089713,Hip Hop,rap,Down In Atlanta,2022-11-18,Columbia,2022-11-18,day,single
0o9zmvc5f3EFApU52PPIyW,Shinunoga E-Wa,Fujii Kaze,6bDWAcdtVR3WHz2xtiIPUi,63189531,Pop,j-pop,HELP EVER HURT NEVER,2020-05-20,Universal Music LLC,2020-05-20,day,album
2lmWwBLVJ2P0HX491zkYws,Mbappe,Eladio Carrion,5XJDexmWFLWOkjOEjOVX3e,4340466,"Hip Hop, Latin","trap latino, urbano latino, trap",SEN2 KBRN VOL. 2,2022-11-18,Rimas Entertainment LLC,2022-11-18,day,album
2uFaJJtFpPDc5Pa95XzTvg,Let It Snow! Let It Snow! Let It Snow!,['Dean Martin'],['49e4v89VmlDcFCMyDv9wQ9'],117843073,"Easy listening, Jazz","christmas, adult standards, big band, swing music",A Winter Romance,1959-01-01,Capitol Records,1959-01-01,day,album
7uoFMmxln0GPXQ0AcCBXRq,Snowman,['Sia'],['5WUlDfRSoLAfcVSX1WnrxN'],104520120,,,Everyday Is Christmas (Deluxe Edition),2018-11-01,Monkey Puzzle/Atlantic,2018-11-01,day,album
1IcR6RlgvDczfvoWJSSY2A,It's the Most Wonderful Time of the Year,['Andy Williams'],['4sj6D0zlMOl25nprDJBiU9'],125149565,Jazz,christmas,The Andy Williams Christmas Album,1963-00-00,Columbia,1963,year,album
3nAp4IvdMPPWEH9uuXFFV5,Underneath the Tree,['Kelly Clarkson'],['3BmGtnKgCSGYIUhmivXKWX'],100330697,Jazz,christmas,Wrapped In Red,2013-10-25,RCA Records Label,2013-10-25,day,album
6tjituizSxwSmBB5vtgHZE,Holly Jolly Christmas,['Michael Bublé'],['1GxkXlMwML1oSg5eLPiAz3'],99938246,Jazz,christmas,Christmas,2011-10-24,143/Reprise,2011-10-24,day,album
1418IuVKQPTYqt7QNJ9RXN,Maan Meri Jaan,King,5NHm4TU5Twz7owibYxJfFU,73937561,"Hip Hop, Pop, Rock","desi hip hop, hindi hip hop, desi pop, hindi pop, hindi indie, desi",Champagne Talk,2022-09-13,Warner Music India,2022-09-13,day,album
7xapw9Oy21WpfEcib2ErSA,Mistletoe,['Justin Bieber'],['1uNFoZAHBGtllmzznpCI3s'],85061255,,,Under The Mistletoe (Deluxe Edition),2011-01-01,RBMG/Def Jam,2011-01-01,day,album
1RDvyOk4WtPCtoqciJwVn8,Dreamers [Music from the FIFA World Cup Qatar 2022 Official Soundtrack],"Jung Kook, BTS, FIFA Sound","6HaGTQPmzraVmaVxvz6EUc, 3Nrfpe0tUJi4K4DXYWgMUX, 5C01hDqpEmrmDfUhX9YWsH",97917019,Pop,"k-pop, ",Dreamers [Music from the FIFA World Cup Qatar 2022 Official Soundtrack],2022-11-20,Katara Studios | 2101 Records under exclusive license to UnitedMasters LLC,2022-11-20,day,single
3qCeq0rWK67SoBDgFd2sId,Feliz Navidad,['José Feliciano'],['7K78lVZ8XzkjfRSI7570FF'],110047055,"Latin, Jazz","christmas, bolero",My Name Is José Feliciano,2001-00-00,RCA Records Label,2001,year,album
2TE4xW3ImvpltVU0cPcKUn,Merry Christmas Everyone,"[""Shakin' Stevens""]",['0wi4yTYlGtEnbGo4ltZTib'],67806013,"Jazz, Rock","christmas, rockabilly",Merry Christmas Everyone,1991-11-25,Sony Music CG,1991-11-25,day,album
3azJifCSqg9fRij2yKIbWz,The Color Violet,Tory Lanez,2jku7tDXc6XoB6MO2hFuqg,18975348,,,Alone At Prom,2021-12-10,One Umbrella Records,2021-12-10,day,album
2Cd9iWfcOpGDHLz6tVA3G4,Waka Waka (This Time for Africa) [The Official 2010 FIFA World Cup (TM) Song] (feat. Freshlyground),"['Shakira', 'Freshlyground']","['0EmeFodog0BfCgMzAIvKQp', '7AcV1lk8Zrgo1691PDWEle']",3231021,"R&B, Pop, Electronic, Latin","latin pop, latin, afro soul, afropop, dubstep",Waka Waka (This Time for Africa) [The Official 2010 FIFA World Cup (TM) Song] (feat. Freshlyground),2010-05-07,Epic,2010-05-07,day,single
1O9FJyTicBMSqIv0RLRy4i,A Veces (feat. Feid),"Paulo Londra, Feid","3vQ0GE3mI0dAaxIMYe5g7z, 2LRoIwlKmHjgvigdNGBHNo",1882859,"Hip Hop, Latin","argentine trap, trap latino, reggaeton, urbano latino",Back To The Game,2022-11-23,WEA Latina,2022-11-23,day,album
1MboxS3hV7Wr8UVO59uRth,Alleluia (feat. Sfera Ebbasta),"Shiva, Sfera Ebbasta","2K5nCggbhSZ00YCYP5qkZS, 23TFHmajVfBtlRx5MXqgoz",1179898,Hip Hop,"italian trap, trap",Milano Demons,2022-11-25,Milano Ovest,2022-11-25,day,album
77khP2fIVhSW23NwxrRluh,A Holly Jolly Christmas,['Burl Ives'],['0MHgLfmQdutffmvWe5XBTN'],71596629,Jazz,christmas,Have A Holly Jolly Christmas,1965-10-01,Geffen,1965-10-01,day,compilation
7fUYUcWy853HS8YJn0b3Sr,Sleigh Ride,['The Ronettes'],['7CyeXFnOrfC1N6z4naIpgo'],81429836,Jazz,christmas,Sleigh Ride,2020-12-04,Legacy Recordings,2020-12-04,day,compilation
25Jf61edvM78rQHYaWRiIL,Gatita,Bellakath,4yjm4SvYqC5FFuLbB6TyHr,35693943,"Electronic, Latin","reggaeton mexa, reggaeton, neoperreo",Gatita,2022-10-05,2325065 Records DK,2022-10-05,day,single
4so0Wek9Ig1p6CRCHuINwW,White Christmas - 1947 Version,"['Bing Crosby', 'Ken Darby Singers', 'John Scott Trotter & His Orchestra']","['6ZjFtWeHP9XN7FeKSUe80S', '69UfPJgUmFFAVT740qGVZi', '735L650pvygCZZlPMyHqsN']",57945479,Jazz,"christmas, ",Holiday Inn (Original Motion Picture Soundtrack),1942-01-01,Geffen,1942-01-01,day,album
1SV1fxF65n9NhRHp3KlBuu,Wonderful Christmastime - Edited Version / Remastered 2011,['Paul McCartney'],['4STHEaNw4mPZ2tzheohgXB'],63078607,,,McCartney II (Special Edition),1980-05-16,Paul McCartney Catalog,1980-05-16,day,album
27qAMKrDdKEs8HDXcvR24R,Driving Home for Christmas - 2019 Remaster,['Chris Rea'],['5KEG7G8LDYlHgFDqZyEEs2'],60565533,Jazz,christmas,"Dancing with Strangers (Deluxe Edition, 2019 Remaster)",1987-08-02,Rhino,1987-08-02,day,album
27RYrbL6S02LNVhDWVl38b,Happy Xmas (War Is Over) - Remastered 2010,"['John Lennon', 'Yoko Ono']","['4x1nvY2FN8jxqAFA0DA02H', '2s4tjL6W3qrblOe0raIzwJ']",69268745,Jazz,christmas,Signature Box,2010-10-05,EMI Catalogue,2010-10-05,day,compilation
4kKdvXD0ez7jp1296JmAts,Let It Snow! Let It Snow! Let It Snow! (with The B. Swanson Quartet),"['Frank Sinatra', 'B. Swanson Quartet']","['1Mxqyy3pSjf8kZZL4QVxS0', '0JXiS2FrAg3wQYJHcmZdrc']",61504191,"Easy listening, Jazz","christmas, big band, adult standards, swing music, vocal jazz, jazz, ",Christmas Songs by Sinatra,1994-11-08,Columbia/Legacy,1994-11-08,day,compilation
4Yg2w0P29BBBMixyeNjDtj,Do They Know It's Christmas? - 1984 Version,Band Aid,35S20clEkkSNUo23ViaslZ,62081339,Jazz,christmas,Do They Know It’s Christmas?,1984-11-25,EMI,1984-11-25,day,single
4PS1e8f2LvuTFgUs1Cn3ON,The Christmas Song (Merry Christmas To You),['Nat King Cole'],['7v4imS0moSyGdXyLgVTIV7'],64488110,"Easy listening, Jazz","christmas, adult standards, vocal jazz",The Christmas Song (Expanded Edition),1962-00-00,CAPITOL CATALOG MKT (C92),1962,year,album
2pXpURmn6zC5ZYDMms6fwa,It's Beginning to Look a Lot Like Christmas (with Mitchell Ayres & His Orchestra),"['Perry Como', 'The Fontane Sisters', 'Mitchell Ayres & His Orchestra']","['5v8jlSmAQfrkTjAlpUfWtu', '1Ml4OuStDoympbREURAM15', '0HS96tPggl2nwiz3gNWWI5']",48969149,"Easy listening, Jazz","christmas, adult standards, ",Greatest Christmas Songs,1999-08-23,RCA Records Label,1999-08-23,day,album
47ohYW8e7dxCYn9qbUMBCI,Christmas (Baby Please Come Home),['Darlene Love'],['391oLRVmoTkumiN79HkTWu'],52657488,Jazz,christmas,"Christmas (Baby, Please Come Home)",2020-12-04,Legacy Recordings,2020-12-04,day,album
3bH2Eu9A9ymI4UnGHRmoXg,Merry Christmas,"Ed Sheeran, Elton John","6eUKZXaKkcviH0Ku9w2n3V, 3PhoLpVuITZKcymswpck5b",2048875,Pop,"soft pop, ",Merry Christmas,2021-12-03,Atlantic Records UK,2021-12-03,day,single
3QiAAp20rPC3dcAtKtMaqQ,Blue Christmas,['Elvis Presley'],['43ZHCT0cAZBISjO8DG9PnE'],28371373,Rock,"rockabilly, rock and roll",Elvis' Christmas Album,1957-10-15,RCA Victor,1957-10-15,day,album
6a1hzBiTkgqTsDA0Xgfh9z,Santa Claus Is Coming To Town,['The Jackson 5'],['2iE18Oxc8YSumAU232n4rW'],26884134,"Jazz, R&B","motown, christmas",Merry Christmas,1970-01-01,UMC (Universal Music Catalogue),1970-01-01,day,album
4tHqQMWSqmL6YjXwsqthDI,Carol of the Bells (From  Home Alone  Soundtrack),['John Williams'],['3dRfiJ2650SZu6GbydcHNb'],11883093,Easy listening,soundtrack,Home Alone (Original Motion Picture Soundtrack),1990-00-00,Masterworks,1990,year,album
0YWUHZPJVg4iujddsJDwhM,My Only Wish (This Year),['Britney Spears'],['26dSoYclwsYLMAKD3tpOr4'],41026367,Pop,pop,My Only Wish (This Year),2000-11-14,Jive,2000-11-14,day,single
0rHToGels2lt8Y0mCYoF90,Deck The Hall,['Nat King Cole'],['7v4imS0moSyGdXyLgVTIV7'],41438480,"Easy listening, Jazz","christmas, adult standards, vocal jazz",The Christmas Song (Expanded Edition),1962-00-00,CAPITOL CATALOG MKT (C92),1962,year,album
4HEOgBHRCExyYVeTyrXsnL,Jingle Bells - Remastered 1999,['Frank Sinatra'],['1Mxqyy3pSjf8kZZL4QVxS0'],31088907,"Easy listening, Jazz","christmas, big band, adult standards, swing music, vocal jazz, jazz",A Jolly Christmas From Frank Sinatra,1957-09,Capitol Records,1957-09,month,album
5WxVXxCMRnvxUKFq40ELwq,Escapism.,"RAYE, 070 Shake","5KKpBU5eC2tJDzf0wmlRp2, 12Zk1DFhCbHY6v3xep2ZjI",72737077,,,Escapism. (Sped Up),2022-11-25,Human Re Sources,2022-11-25,day,single
11BKm0j4eYoCPPpCONAVwA,Bloody Mary,Lady Gaga,1HY2Jd0NmPuamShAr6KMms,78660472,Pop,"art pop, pop",Born This Way (Special Edition),2011-01-01,Interscope,2011-01-01,day,album
2GThBgzZoZfz0lx1JjBwfe,Those Eyes,New West,69bG9tC62d8oTFC9aTTosn,8291436,,,Those Eyes,2019-05-10,199x,2019-05-10,day,single
2ksyzVfU0WJoBpu8otr4pz,METAMORPHOSIS,INTERWORLD,5hKGLu4Ik88FzWcTPhWNTN,19854279,"Electronic, Hip Hop","phonk, drift phonk",METAMORPHOSIS,2021-11-25,INTERWORLD,2021-11-25,day,single
0QfZ8OHFnFzLe66iFBww2U,Lux Æterna,Metallica,2ye2Wgw4gimLv2eAKyk1NB,1285575,"Rock, Metal","metal, thrash metal, rock, heavy metal, hard rock",Lux Æterna,2022-11-28,EMI,2022-11-28,day,single
2p8IUWQDrpjuFltbdgLOag,After Hours,['The Weeknd'],['1Xyo4u8uXC1ZmMpatF05PJ'],6276034,,,After Hours,2020-03-20,Republic Records,2020-03-20,day,album
5MxFWjuqQIsbNWbMdMdbli,La Jumpa,"Arcángel, Bad Bunny","4SsVbpTthjScTS7U2hmr1X, 4q3ewBCX7sLwd24euuV69X",3828832,Latin,"reggaeton, trap latino, urbano latino, latin",La Jumpa,2022-11-30,Rimas Entertainment LLC.,2022-11-30,day,single
2mnXxnrX5vCGolNkaFvVeM,La Jumpa,"Arcángel, Bad Bunny","4SsVbpTthjScTS7U2hmr1X, 4q3ewBCX7sLwd24euuV69X",106489274,Latin,"reggaeton, trap latino, urbano latino, latin",Sr. Santos,2022-12-01,Rimas Entertainment LLC.,2022-12-01,day,album
2dHHgzDwk4BJdRwy9uXhTO,Creepin' (with The Weeknd & 21 Savage),"Metro Boomin, The Weeknd, 21 Savage","0iEtIxbK0KxaSlF7G42ZOp, 1Xyo4u8uXC1ZmMpatF05PJ, 1URnnhqYAYcrqrcwql10ft",113251501,,,HEROES & VILLAINS,2022-12-02,Republic Records,2022-12-02,day,album
5p8ThxM2OhJ0igfxkz0Z1q,Wild Flower (with youjeen),RM,2auC28zjQyVTsiZKNgPRGs,26108329,"Pop, Hip Hop","k-pop, k-rap",Indigo,2022-12-02,BIGHIT MUSIC,2022-12-02,day,album
0vjeOZ3Ft5jvAi9SBFJm1j,Superhero (Heroes & Villains) [with Future & Chris Brown],"Metro Boomin, Future, Chris Brown","0iEtIxbK0KxaSlF7G42ZOp, 1RyvyyTE3xzB2ZywiAwp0i, 7bXgB6jMjp9ATFy66eO08Z",58370277,"R&B, Hip Hop","rap, r&b",HEROES & VILLAINS,2022-12-02,Republic Records,2022-12-02,day,album
4WuOWVnAqvEQxgSRrspBgt,Niagara Falls (Foot or 2) [with Travis Scott & 21 Savage],"Metro Boomin, Travis Scott, 21 Savage","0iEtIxbK0KxaSlF7G42ZOp, 0Y5tJX1MQlPlqiwlOH1tJY, 1URnnhqYAYcrqrcwql10ft",35936042,Hip Hop,"rap, ",HEROES & VILLAINS,2022-12-02,Republic Records,2022-12-02,day,album
1pacwLXyRO47ka0v6LTIiY,Raindrops (Insane) [with Travis Scott],"Metro Boomin, Travis Scott","0iEtIxbK0KxaSlF7G42ZOp, 0Y5tJX1MQlPlqiwlOH1tJY",16988880,Hip Hop,rap,HEROES & VILLAINS,2022-12-02,Republic Records,2022-12-02,day,album
2Hh3ETdQKrmSI3QS0hme7g,Too Many Nights (feat. Don Toliver & with Future),"Metro Boomin, Future, Don Toliver","0iEtIxbK0KxaSlF7G42ZOp, 1RyvyyTE3xzB2ZywiAwp0i, 4Gso3d4CscCijv0lmajZWs",33935525,Hip Hop,"rap, ",HEROES & VILLAINS,2022-12-02,Republic Records,2022-12-02,day,album
2Yt4SXIgmoaPZHGdRafp4P,Umbrella (with 21 Savage & Young Nudy),"Metro Boomin, 21 Savage, Young Nudy","0iEtIxbK0KxaSlF7G42ZOp, 1URnnhqYAYcrqrcwql10ft, 5yPzzu25VzEk8qrGTLIrE1",11097861,,,HEROES & VILLAINS,2022-12-02,Republic Records,2022-12-02,day,album
5wG3HvLhF6Y5KTGlK0IW3J,Trance (with Travis Scott & Young Thug),"Metro Boomin, Travis Scott, Young Thug","0iEtIxbK0KxaSlF7G42ZOp, 0Y5tJX1MQlPlqiwlOH1tJY, 50co4Is1HCEo8bhOyUWKpn",6632475,Hip Hop,"rap, melodic rap, trap",HEROES & VILLAINS,2022-12-02,Republic Records,2022-12-02,day,album
0YFqKxV9uNu6LUeYkLOKRS,On Time (with John Legend),"Metro Boomin, John Legend","0iEtIxbK0KxaSlF7G42ZOp, 5y2Xq6xcjJb2jVM54GHK3t",11383315,"R&B, Pop","soft pop, neo soul",HEROES & VILLAINS,2022-12-02,Republic Records,2022-12-02,day,album
40xpKrnumGPEvHcw1kuL9R,Yun (with Erykah Badu),RM,2auC28zjQyVTsiZKNgPRGs,3446011,"Pop, Hip Hop","k-pop, k-rap",Indigo,2022-12-02,BIGHIT MUSIC,2022-12-02,day,album
12hD59WtTU92K1VcCXqLlw,Still Life (with Anderson .Paak),RM,2auC28zjQyVTsiZKNgPRGs,3418708,"Pop, Hip Hop","k-pop, k-rap",Indigo,2022-12-02,BIGHIT MUSIC,2022-12-02,day,album
1SN3Ts25sR0tLwcDGLJdNh,Around Me (feat. Don Toliver),"Metro Boomin, Don Toliver","0iEtIxbK0KxaSlF7G42ZOp, 4Gso3d4CscCijv0lmajZWs",9133679,,,HEROES & VILLAINS,2022-12-02,Republic Records,2022-12-02,day,album
03hyZKbj9GWZXD8jALwJA3,Metro Spider (with Young Thug),"Metro Boomin, Young Thug","0iEtIxbK0KxaSlF7G42ZOp, 50co4Is1HCEo8bhOyUWKpn",9221795,Hip Hop,"rap, melodic rap, trap",HEROES & VILLAINS,2022-12-02,Republic Records,2022-12-02,day,album
1UsQe17Ef7tV1ahFqHEFR3,Walk Em Down (Don't Kill Civilians) [with 21 Savage & feat. Mustafa],"Metro Boomin, 21 Savage, Mustafa","0iEtIxbK0KxaSlF7G42ZOp, 1URnnhqYAYcrqrcwql10ft, 1zkKkDDra0jlsiJYz57P3P",4642842,,,HEROES & VILLAINS,2022-12-02,Republic Records,2022-12-02,day,album
40SuiVcQ5NyDk48nZSADK3,All Day (with Tablo),RM,2auC28zjQyVTsiZKNgPRGs,3086850,"Pop, Hip Hop","k-pop, k-rap",Indigo,2022-12-02,BIGHIT MUSIC,2022-12-02,day,album
50y0OQgar3BnwTt1pXdYsM,Lonely,RM,2auC28zjQyVTsiZKNgPRGs,3032203,"Pop, Hip Hop","k-pop, k-rap",Indigo,2022-12-02,BIGHIT MUSIC,2022-12-02,day,album
5AmBIWCnsLscPSYsfCApBy,"Closer (with Paul Blanco, Mahalia)",RM,2auC28zjQyVTsiZKNgPRGs,2985030,"Pop, Hip Hop","k-pop, k-rap",Indigo,2022-12-02,BIGHIT MUSIC,2022-12-02,day,album
2N9LEu6Pf8nDcp3GjWJT1Z,I Can't Save You (Interlude) [with Future & feat. Don Toliver],"Metro Boomin, Future, Don Toliver","0iEtIxbK0KxaSlF7G42ZOp, 1RyvyyTE3xzB2ZywiAwp0i, 4Gso3d4CscCijv0lmajZWs",4360456,Hip Hop,"rap, ",HEROES & VILLAINS,2022-12-02,Republic Records,2022-12-02,day,album
7vPMugKcYwnX9Dh7SrLFHF,Change pt.2,RM,2auC28zjQyVTsiZKNgPRGs,1820488,"Pop, Hip Hop","k-pop, k-rap",Indigo,2022-12-02,BIGHIT MUSIC,2022-12-02,day,album
3XKI5295qhFbwNesz3ollU,Forg_tful (with Kim Sawol),RM,2auC28zjQyVTsiZKNgPRGs,1787229,"Pop, Hip Hop","k-pop, k-rap",Indigo,2022-12-02,BIGHIT MUSIC,2022-12-02,day,album
27RDADqLHPALTugdGEyGtG,Feel The Fiyaaaah (with A$AP Rocky & feat. Takeoff),"Metro Boomin, A$AP Rocky, Takeoff","0iEtIxbK0KxaSlF7G42ZOp, 13ubrt8QOOCPljQ2FL1Kca, 3EW0kQ1skZiK1NHg3Spt9J",7615348,Hip Hop,"rap, ",HEROES & VILLAINS,2022-12-02,Republic Records,2022-12-02,day,album
3wEr5lmE7oaC3qhCbJTY8B,Hectic (with Colde),RM,2auC28zjQyVTsiZKNgPRGs,1696086,"Pop, Hip Hop","k-pop, k-rap",Indigo,2022-12-02,BIGHIT MUSIC,2022-12-02,day,album
5ky45fGKbzGYilDewlBD6Z,No.2 (with parkjiyoon),RM,2auC28zjQyVTsiZKNgPRGs,1632556,"Pop, Hip Hop","k-pop, k-rap",Indigo,2022-12-02,BIGHIT MUSIC,2022-12-02,day,album
0OoNzMdPSgbkM5MkcuEZfm,Lock On Me (with Travis Scott & Future),"Metro Boomin, Travis Scott, Future","0iEtIxbK0KxaSlF7G42ZOp, 0Y5tJX1MQlPlqiwlOH1tJY, 1RyvyyTE3xzB2ZywiAwp0i",2690592,Hip Hop,rap,HEROES & VILLAINS,2022-12-02,Republic Records,2022-12-02,day,album
6KGtAlYvgm4W9PoYabFAYE,One Thing At A Time,Morgan Wallen,4oUHIQIBe0LHzYfvXNW4QM,1586772,Country,country,One Thing At A Time (Sampler),2022-12-02,Big Loud Records / Mercury Records / Republic Records,2022-12-02,day,single
4a1fh9vJMMoRjNrBmEWoM0,All The Money (with Gunna) [Bonus],"Metro Boomin, Gunna","0iEtIxbK0KxaSlF7G42ZOp, 2hlmm7s2ICUX0LVIhVFlZQ",1570818,Hip Hop,melodic rap,HEROES & VILLAINS,2022-12-02,Republic Records,2022-12-02,day,album
3Ga7Uele3zN57vQ4F0HPTW,Tennessee Fan,Morgan Wallen,4oUHIQIBe0LHzYfvXNW4QM,1498298,Country,country,One Thing At A Time (Sampler),2022-12-02,Big Loud Records / Mercury Records / Republic Records,2022-12-02,day,single
4tn5fOYDtxFldIMVOVcKkc,Days That End In Why,Morgan Wallen,4oUHIQIBe0LHzYfvXNW4QM,1311686,Country,country,One Thing At A Time (Sampler),2022-12-02,Big Loud Records / Mercury Records / Republic Records,2022-12-02,day,single
4JBiO7wRnE6ueszEUpo347,Pointless,Lewis Capaldi,4GNC7GD6oZMSxPGyXy4MNB,3424605,Pop,soft pop,Pointless,2022-12-02,Vertigo Berlin,2022-12-02,day,single
0aoUM0zcu0kCX7Cv7O939I,Merry Christmas,"['Ed Sheeran', 'Elton John']","['6eUKZXaKkcviH0Ku9w2n3V', '3PhoLpVuITZKcymswpck5b']",44637935,Pop,"soft pop, ",= (Christmas Edition),2021-12-01,Atlantic Records UK,2021-12-01,day,album
64BuLY7ggczC17w5LSUlSE,Creepin' (with The Weeknd & 21 Savage),"Metro Boomin, The Weeknd, 21 Savage","0iEtIxbK0KxaSlF7G42ZOp, 1Xyo4u8uXC1ZmMpatF05PJ, 1URnnhqYAYcrqrcwql10ft",20633054,,,HEROES & VILLAINS,2022-12-02,Republic Records,2022-12-02,day,album
70UV1HmppYUxBI6yCev4d5,Superhero (Heroes & Villains) [with Future & Chris Brown],"Metro Boomin, Future, Chris Brown","0iEtIxbK0KxaSlF7G42ZOp, 1RyvyyTE3xzB2ZywiAwp0i, 7bXgB6jMjp9ATFy66eO08Z",13389571,"R&B, Hip Hop","rap, r&b",HEROES & VILLAINS,2022-12-02,Republic Records,2022-12-02,day,album
5XJWEh8huqG0l9RgRyArtv,Niagara Falls (Foot or 2) [with Travis Scott & 21 Savage],"Metro Boomin, Travis Scott, 21 Savage","0iEtIxbK0KxaSlF7G42ZOp, 0Y5tJX1MQlPlqiwlOH1tJY, 1URnnhqYAYcrqrcwql10ft",11104668,Hip Hop,"rap, ",HEROES & VILLAINS,2022-12-02,Republic Records,2022-12-02,day,album
4DGrMHTVjxecZbYStawUK1,Too Many Nights (feat. Don Toliver & with Future),"Metro Boomin, Future, Don Toliver","0iEtIxbK0KxaSlF7G42ZOp, 1RyvyyTE3xzB2ZywiAwp0i, 4Gso3d4CscCijv0lmajZWs",9934100,Hip Hop,"rap, ",HEROES & VILLAINS,2022-12-02,Republic Records,2022-12-02,day,album
4qf2G3v1ychaRZ0glmrkES,Raindrops (Insane) [with Travis Scott],"Metro Boomin, Travis Scott","0iEtIxbK0KxaSlF7G42ZOp, 0Y5tJX1MQlPlqiwlOH1tJY",9512329,Hip Hop,rap,HEROES & VILLAINS,2022-12-02,Republic Records,2022-12-02,day,album
31De8hk4QgDsbS26w06h21,Umbrella (with 21 Savage & Young Nudy),"Metro Boomin, 21 Savage, Young Nudy","0iEtIxbK0KxaSlF7G42ZOp, 1URnnhqYAYcrqrcwql10ft, 5yPzzu25VzEk8qrGTLIrE1",8914513,,,HEROES & VILLAINS,2022-12-02,Republic Records,2022-12-02,day,album
7Ap7Fpqnh2BUQBQxbLEC9I,Trance (with Travis Scott & Young Thug),"Metro Boomin, Travis Scott, Young Thug","0iEtIxbK0KxaSlF7G42ZOp, 0Y5tJX1MQlPlqiwlOH1tJY, 50co4Is1HCEo8bhOyUWKpn",7719150,Hip Hop,"rap, melodic rap, trap",HEROES & VILLAINS,2022-12-02,Republic Records,2022-12-02,day,album
2AJ9m2GYvegfJul4GdERER,On Time (with John Legend),"Metro Boomin, John Legend","0iEtIxbK0KxaSlF7G42ZOp, 5y2Xq6xcjJb2jVM54GHK3t",7853271,"R&B, Pop","soft pop, neo soul",HEROES & VILLAINS,2022-12-02,Republic Records,2022-12-02,day,album
639ue9j47l2tnsXBdkKN0T,Walk Em Down (Don't Kill Civilians) [with 21 Savage & feat. Mustafa],"Metro Boomin, 21 Savage, Mustafa","0iEtIxbK0KxaSlF7G42ZOp, 1URnnhqYAYcrqrcwql10ft, 1zkKkDDra0jlsiJYz57P3P",6909412,,,HEROES & VILLAINS,2022-12-02,Republic Records,2022-12-02,day,album
6QMGGtszpwFVyzgktMqorN,I Can't Save You (Interlude) [with Future & feat. Don Toliver],"Metro Boomin, Future, Don Toliver","0iEtIxbK0KxaSlF7G42ZOp, 1RyvyyTE3xzB2ZywiAwp0i, 4Gso3d4CscCijv0lmajZWs",6288906,Hip Hop,"rap, ",HEROES & VILLAINS,2022-12-02,Republic Records,2022-12-02,day,album
5vMaIipCKwFA4wP1505oA1,Lock On Me (with Travis Scott & Future),"Metro Boomin, Travis Scott, Future","0iEtIxbK0KxaSlF7G42ZOp, 0Y5tJX1MQlPlqiwlOH1tJY, 1RyvyyTE3xzB2ZywiAwp0i",5274446,Hip Hop,rap,HEROES & VILLAINS,2022-12-02,Republic Records,2022-12-02,day,album
6SeNRCX36QFj0nm89vTDxZ,All The Money (with Gunna) [Bonus],"Metro Boomin, Gunna","0iEtIxbK0KxaSlF7G42ZOp, 2hlmm7s2ICUX0LVIhVFlZQ",5093639,Hip Hop,melodic rap,HEROES & VILLAINS,2022-12-02,Republic Records,2022-12-02,day,album
1Y3LN4zO1Edc2EluIoSPJN,Until I Found You (with Em Beihold) - Em Beihold Version,"Stephen Sanchez, Em Beihold","5XKFrudbV4IiuE5WuTPRmT, 7o2ZQYM7nTsaVdkXY38UAA",66388900,,,Until I Found You (Em Beihold Version),2022-04-22,Republic Records,2022-04-22,day,single
3PIDciSFdrQxSQSihim3hN,Christmas (Baby Please Come Home),['Mariah Carey'],['4iHNK0tOyZPYnBU7nGAgpQ'],26182735,Jazz,christmas,Merry Christmas,1994-10-28,Columbia,1994-10-28,day,album
6sBWmE23q6xQHlnEZ8jYPT,Step Into Christmas - Remastered 1995,['Elton John'],['3PhoLpVuITZKcymswpck5b'],24914076,,,Goodbye Yellow Brick Road (40th Anniversary Celebration / Super Deluxe),1973-10-05,UMC (Universal Music Catalogue),1973-10-05,day,compilation
2xGO2UjzxeVQSIkyg98vck,Thank God It's Christmas - Non-Album Single,['Queen'],['1dfeR4HaWDbWqFHLkxsg1d'],19369744,Rock,"classic rock, rock, glam rock",The Works (Deluxe Edition 2011 Remaster),1984-02-27,EMI,1984-02-27,day,album
2FPfeYlrbSBR8PwCU0zaqq,Have Yourself A Merry Little Christmas - Remastered 1999,['Frank Sinatra'],['1Mxqyy3pSjf8kZZL4QVxS0'],22474794,"Easy listening, Jazz","christmas, big band, adult standards, swing music, vocal jazz, jazz",A Jolly Christmas From Frank Sinatra,1957-09,Capitol Records,1957-09,month,album
3VTNVsTTu05dmTsVFrmGpK,Fairytale of New York (feat. Kirsty MacColl),"['The Pogues', 'Kirsty MacColl']","['2wzMOQwNT6ZvVB4amvhFAH', '6UlNIFEuWlBqb4TvlVCekq']",22905758,"Traditional music, Rock, Jazz, Folk/Acoustic","celtic rock, christmas, folk punk, celtic, ",If I Should Fall from Grace with God (Expanded Edition),1988-09-05,WM UK,1988-09-05,day,album
2OQ6a4CfUeYskpTTgyawyJ,You Make It Feel Like Christmas (feat. Blake Shelton),"['Gwen Stefani', 'Blake Shelton']","['4yiQZ8tQPux8cPriYMWUFP', '1UTPBmNbXNTittyMJrNkvw']",28630647,Country,country,You Make It Feel Like Christmas,2017-10-06,UMGRI Interscope,2017-10-06,day,album
2pnPe4pJtq7689i5ydzvJJ,Run Rudolph Run,['Chuck Berry'],['293zczrfYafIItmnmM3coR'],33385433,Rock,"rockabilly, rock and roll",Rock 'N' Roll Rarities,1986-01-01,Geffen*,1986-01-01,day,album
4OH5Cd8ZOI1eSgJSC9PYmU,Antidepresan,"Mert Demir, Mabel Matiz","1Zj4GtouAnxHq4qw7ooLfm, 1dpqJqIuNqideTvmxBsSku",36539031,Pop,"turkish pop, arabesk, t-pop",Antidepresan,2022-11-04,Pale Records & Pose Records,2022-11-04,day,single
6s2wpWPFPAgKg2LXxi1Oee,"Santa Claus Is Comin' to Town - Live at C.W. Post College, Greenvale, NY - December 1975",['Bruce Springsteen'],['3eqjTLE0HfPfh78zjh6TqT'],23656617,,,"Santa Claus Is Comin' to Town (Live at C.W. Post College, Greenvale, NY - December 1975)",1981-00-00,NITRON concepts,1981,year,single
5xlS0QkVrSH7ssEbBgBzbM,Little Saint Nick - 1991 Remix,['The Beach Boys'],['3oDbviiivRWhXwIE8hxkVV'],28650934,Pop,baroque pop,The Beach Boys' Christmas Album,1964-11-09,Capitol Records,1964-11-09,day,album
4fzyvSu73BhGvi96p2zwjL,Christmas Lights,['Coldplay'],['4gzpq5DPGxSnKTe4SA8HAU'],16204252,,,Christmas Lights,2010-12-01,Parlophone UK,2010-12-01,day,single
1Qi2wh8fFgDV7tl4Sj3f2K,Have Yourself A Merry Little Christmas,['Sam Smith'],['2wY79sveU1sp5g7SokKOiI'],21382180,Pop,soft pop,Have Yourself A Merry Little Christmas,2014-12-05,PLG - Capitol,2014-12-05,day,single
4MrfQL4TYQXJBlZYpAHTuE,"Baby, It's Cold Outside",['Dean Martin'],['49e4v89VmlDcFCMyDv9wQ9'],7671722,"Easy listening, Jazz","christmas, adult standards, big band, swing music",A Winter Romance,1959-01-01,Capitol Records,1959-01-01,day,album
1foCxQtxBweJtZmdxhEHVO,Santa Baby (with Henri René & His Orchestra),"['Eartha Kitt', 'Henri René and His Orchestra']","['1AwO9pWEBSBoWdEZu28XDC', '0oK8UXKZbQezeRhE0KeBAV']",12346290,"Jazz, Easy listening","christmas, exotica",Heavenly Eartha,2002-00-00,RCA Bluebird,2002,year,album
3NanY0K4okhIQzL33U5Ad8,Boy's a Liar,PinkPantheress,78rUTD7y6Cy67W1RVzYs7t,4945632,Pop,bedroom pop,Boy's a liar,2022-11-30,Warner Records,2022-11-30,day,single
4UldILPVpnZO69ffK4B9aA,Tubarão Te Amo,"Dj LK da Escócia, Tchakabum, MC Ryan SP, mc jhenny, Mc RF","6WIjKbyqeO9MkfNMFJsF50, 7iJl63aJyNd8C6NZlMv6kp, 75i9GaW2MJUgt4BkdUnuUY, 6Ka3TKKRqhWwbmuxjhrmo6, 7rnLNmWx3ibYo5uQcghVgQ",29089362,"Hip Hop, Pop, R&B, Latin, Electronic","funk carioca, funk, brazilian funk, axé, pagode baiano, funk consciente, trap funk, brazilian trap, brega funk",Tubarão Te Amo,2022-09-28,Nas Nuvens Catalog,2022-09-28,day,single
221qmpQeBNV87sUjQeUTVH,Around Me (feat. Don Toliver),"Metro Boomin, Don Toliver","0iEtIxbK0KxaSlF7G42ZOp, 4Gso3d4CscCijv0lmajZWs",4198048,,,HEROES & VILLAINS,2022-12-02,Republic Records,2022-12-02,day,album
2VtgzixdB967bHDNu5A1nh,Metro Spider (with Young Thug),"Metro Boomin, Young Thug","0iEtIxbK0KxaSlF7G42ZOp, 50co4Is1HCEo8bhOyUWKpn",4087021,Hip Hop,"rap, melodic rap, trap",HEROES & VILLAINS,2022-12-02,Republic Records,2022-12-02,day,album
5U1OEoEW4xnalSAToamwZL,Did you know that there's a tunnel under Ocean Blvd,Lana Del Rey,00FQb4jTyendYWaN8pK0wa,7170798,,,Did you know that there's a tunnel under Ocean Blvd,2022-12-07,Polydor Records,2022-12-07,day,single
3SsJ17EnPIu1B4GZshqjIS,Feel The Fiyaaaah (with A$AP Rocky & feat. Takeoff),"Metro Boomin, A$AP Rocky, Takeoff","0iEtIxbK0KxaSlF7G42ZOp, 13ubrt8QOOCPljQ2FL1Kca, 3EW0kQ1skZiK1NHg3Spt9J",2296742,Hip Hop,"rap, ",HEROES & VILLAINS,2022-12-02,Republic Records,2022-12-02,day,album
7yBEKiv1LmO7GM4rOejhcW,SPIT IN MY FACE!,ThxSoMch,4MvZhE1iuzttcoyepkpfdF,16640582,,,SPIT IN MY FACE!,2022-11-01,ThxSoMch,2022-11-01,day,single
1Qrg8KqiBpW07V7PNxwwwL,Kill Bill,SZA,7tYKF4w9nC0nq9CsPZTHyP,131637349,R&B,r&b,SOS,2022-12-08,Top Dawg Entertainment/RCA Records,2022-12-08,day,album
5Y35SjAfXjjG0sFQ3KOxmm,Nobody Gets Me,SZA,7tYKF4w9nC0nq9CsPZTHyP,63149147,R&B,r&b,SOS,2022-12-09,Top Dawg Entertainment/RCA Records,2022-12-09,day,album
2CSRrnOEELmhpq8iaAi9cd,Blind,SZA,7tYKF4w9nC0nq9CsPZTHyP,42262639,R&B,r&b,SOS,2022-12-09,Top Dawg Entertainment/RCA Records,2022-12-09,day,album
5xMw6qCcpd2gBXPGTegC4W,SOS,SZA,7tYKF4w9nC0nq9CsPZTHyP,19394240,R&B,r&b,SOS,2022-12-09,Top Dawg Entertainment/RCA Records,2022-12-09,day,album
6eT2V7nKXyMf47TwPbtgAD,Seek & Destroy,SZA,7tYKF4w9nC0nq9CsPZTHyP,26199622,R&B,r&b,SOS,2022-12-09,Top Dawg Entertainment/RCA Records,2022-12-09,day,album
2GAhgAjOhEmItWLfgisyOn,Low,SZA,7tYKF4w9nC0nq9CsPZTHyP,43667730,R&B,r&b,SOS,2022-12-09,Top Dawg Entertainment/RCA Records,2022-12-09,day,album
1eIXYZWEfJO3Na2LCCnIJE,Love Language,SZA,7tYKF4w9nC0nq9CsPZTHyP,25757483,R&B,r&b,SOS,2022-12-09,Top Dawg Entertainment/RCA Records,2022-12-09,day,album
2wSTnntOPRi7aQneobFtU4,Shirt,SZA,7tYKF4w9nC0nq9CsPZTHyP,50452172,R&B,r&b,SOS,2022-12-09,Top Dawg Entertainment/RCA Records,2022-12-09,day,album
4NqkE7kRUvMDEdcqD96EDO,Used (feat. Don Toliver),"SZA, Don Toliver","7tYKF4w9nC0nq9CsPZTHyP, 4Gso3d4CscCijv0lmajZWs",23109171,R&B,"r&b, ",SOS,2022-12-08,Top Dawg Entertainment/RCA Records,2022-12-08,day,album
4iZ4pt7kvcaH6Yo8UoZ4s2,Snooze,SZA,7tYKF4w9nC0nq9CsPZTHyP,24621903,R&B,r&b,SOS,2022-12-09,Top Dawg Entertainment/RCA Records,2022-12-09,day,album
4h5x3XHLVYFJaItKuO2rhy,Ghost in the Machine (feat. Phoebe Bridgers),"SZA, Phoebe Bridgers","7tYKF4w9nC0nq9CsPZTHyP, 1r1uxoy19fzMxunt3ONAkG",19919537,R&B,"r&b, ",SOS,2022-12-09,Top Dawg Entertainment/RCA Records,2022-12-09,day,album
4fnNBPN9W6AoOYSQS3FJxT,Notice Me,SZA,7tYKF4w9nC0nq9CsPZTHyP,12169328,R&B,r&b,SOS,2022-12-09,Top Dawg Entertainment/RCA Records,2022-12-09,day,album
2Sjx8DWZO5zaTyTAmgo2gY,Gone Girl,SZA,7tYKF4w9nC0nq9CsPZTHyP,13282199,R&B,r&b,SOS,2022-12-09,Top Dawg Entertainment/RCA Records,2022-12-09,day,album
2e2AXpIiJpet5b4qg85Gh6,F2F,SZA,7tYKF4w9nC0nq9CsPZTHyP,12927778,R&B,r&b,SOS,2022-12-09,Top Dawg Entertainment/RCA Records,2022-12-09,day,album
6RQ5IwG7uADz9LDWliJGjU,Special,SZA,7tYKF4w9nC0nq9CsPZTHyP,18256389,R&B,r&b,SOS,2022-12-09,Top Dawg Entertainment/RCA Records,2022-12-09,day,album
4jTs7ny5eSRnKTzxdrFv5I,Smoking on my Ex Pack,SZA,7tYKF4w9nC0nq9CsPZTHyP,9760044,R&B,r&b,SOS,2022-12-09,Top Dawg Entertainment/RCA Records,2022-12-09,day,album
6koKhrBBcExADvWuOgceNZ,Open Arms (feat. Travis Scott),"SZA, Travis Scott","7tYKF4w9nC0nq9CsPZTHyP, 0Y5tJX1MQlPlqiwlOH1tJY",16344352,"R&B, Hip Hop","r&b, rap",SOS,2022-12-08,Top Dawg Entertainment/RCA Records,2022-12-08,day,album
4hTej08FutmriOs7S1hWWy,Conceited,SZA,7tYKF4w9nC0nq9CsPZTHyP,9360973,R&B,r&b,SOS,2022-12-09,Top Dawg Entertainment/RCA Records,2022-12-09,day,album
4Mteyd60tfstDuzfkGqXx1,Too Late,SZA,7tYKF4w9nC0nq9CsPZTHyP,8660399,R&B,r&b,SOS,2022-12-08,Top Dawg Entertainment/RCA Records,2022-12-08,day,album
4PMqSO5qyjpvzhlLI5GnID,Good Days,SZA,7tYKF4w9nC0nq9CsPZTHyP,23220276,R&B,r&b,SOS,2022-12-09,Top Dawg Entertainment/RCA Records,2022-12-09,day,album
74NI58MQexwZjNu1Gu6GjT,Far,SZA,7tYKF4w9nC0nq9CsPZTHyP,8303866,R&B,r&b,SOS,2022-12-09,Top Dawg Entertainment/RCA Records,2022-12-09,day,album
2aJnyNu4PQxQ2lyj5boiMG,I Hate U,SZA,7tYKF4w9nC0nq9CsPZTHyP,10096234,R&B,r&b,SOS,2022-12-09,Top Dawg Entertainment/RCA Records,2022-12-09,day,album
5IcP1PPnleZ2kuwKDyfNC5,Forgiveless (feat. Ol' Dirty Bastard),"SZA, Ol' Dirty Bastard","7tYKF4w9nC0nq9CsPZTHyP, 50NoVNy9GU1lCrDV8iGpyu",2562521,"Hip Hop, R&B","r&b, east coast hip hop, hardcore hip hop",SOS,2022-12-09,Top Dawg Entertainment/RCA Records,2022-12-09,day,album
6yDPFrHZLQbQa9Itd2J4Gp,Water (Drowning Pt. 2) [feat. Kodak Black],"A Boogie Wit da Hoodie, Kodak Black","31W5EY0aAly4Qieq6OFu6I, 46SHBwWsqBkxI7EeeBEQG7",1075640,Hip Hop,"melodic rap, ",Me vs. Myself,2022-12-09,Highbridge The Label,2022-12-09,day,album
3QIoEi8Enr9uHffwInGIsC,Please Come Home for Christmas - 2013 Remaster,['Eagles'],['0ECwFtbIWEVNwjlrfc6xoL'],18702952,Rock,"classic rock, soft rock",Please Come Home for Christmas / Funky New Year (2013 Remaster),1978-11-27,Rhino/Elektra,1978-11-27,day,single
6pVW5LRWgeLaHudxauOTJU,Jingle Bell Rock - Daryl's Version,['Daryl Hall & John Oates'],['77tT1kLj6mCWtFNqiOmP9H'],17759837,Rock,soft rock,Jingle Bell Rock,1983-11-01,Legacy Recordings,1983-11-01,day,single
2O3MQ6H3gjrIWDcpeTrikT,"Santa, Can’t You Hear Me","['Kelly Clarkson', 'Ariana Grande']","['3BmGtnKgCSGYIUhmivXKWX', '66CXWjxzNUsdJxJ2JdwvnR']",15463939,"Jazz, Pop","christmas, pop",When Christmas Comes Around...,2021-10-15,Atlantic Records,2021-10-15,day,album
0JXXNGljqupsJaZsgSbMZV,Sure Thing,Miguel,360IAlyVv4PCEVjgyMZrxK,24324772,R&B,r&b,All I Want Is You,2010-11-26,Jive,2010-11-26,day,album
4rPJSqrov3zqGwXlemLBMw,Escapism. - Sped Up,"RAYE, 070 Shake","5KKpBU5eC2tJDzf0wmlRp2, 12Zk1DFhCbHY6v3xep2ZjI",7250262,,,Escapism. (Sped Up),2022-11-25,Human Re Sources,2022-11-25,day,single
1rv46mRwDqMEhOBZ7vODg3,It's Beginning to Look a Lot like Christmas,Michael Bublé,1GxkXlMwML1oSg5eLPiAz3,73657798,Jazz,christmas,Christmas (Deluxe Special Edition),2011-10-24,Reprise,2011-10-24,day,album
3zkyus0njMCL6phZmNNEeN,LET GO,Central Cee,5H4yInM5zmHqpKIoMNAx4r,46776760,"Hip Hop, Electronic, Pop","uk drill, drill, grime",LET GO,2022-12-15,Central Cee,2022-12-15,day,single
6L4XGeAdRRC32vVJpp8MdM,Face 2 Face,Juice WRLD,4MCBfE4596Uoi2O4DtmEMz,5386585,Hip Hop,"melodic rap, emo rap",Face 2 Face,2022-12-15,Grade A Productions/Interscope Records,2022-12-15,day,single
2t6IxTASaSFkZEt61tQ6W6,PLAYA DEL INGLÉS,"Quevedo, Myke Towers","52iwsT98xCoGgiGntTiR7K, 7iK8PXO48WeuP03g8YR51W",15282071,Latin,"reggaeton, trap latino, urbano latino",PLAYA DEL INGLÉS,2022-12-15,WM Spain,2022-12-15,day,single
0NO2zL0kw8sGGnaMvHKAZF,Marisola - Remix,"Cris Mj, Duki, Nicki Nicole, Standly, Stars Music Chile","1Yj5Xey7kTwvZla8sqdsdE, 1bAftSH8umNcGZ0uyV7LMg, 2UZIAOlrnyZmyzt1nuXr9y, 0rjms710nwQTdrQheXHJfz, 2NZD6Gqfk60GEcAAnJKVsR",10614756,"Hip Hop, Latin","reggaeton chileno, chilean trap, chilean mambo, reggaeton, argentine trap, trap, trap latino, mambo, rkt",Marisola (Remix),2022-12-15,Virgin Music Chile,2022-12-15,day,single
4CD623yLJVvKJxUyzaTqtC,DESPECHÁ RMX,"ROSALÍA, Cardi B","7ltDVBr6mKbRvohxheJ9h1, 4kYSro6naA4h99UJvo89HB",1292870,Latin,"latin, ",DESPECHÁ RMX,2022-12-16,Columbia,2022-12-16,day,single
1DzJbVkBELu6jDu6q0T0tk,Nothing Is Lost (You Give Me Strength),The Weeknd,1Xyo4u8uXC1ZmMpatF05PJ,1242280,,,Avatar: The Way of Water (Original Motion Picture Soundtrack),2022-12-15,Hollywood Records,2022-12-15,day,album
1AZjCZSGEjlxUufFQwSszF,Wild Flower (with youjeen),"RM, Youjeen","2auC28zjQyVTsiZKNgPRGs, 4wVcCedmr7FHtUlFnIeJIG",6810579,"Pop, Hip Hop, Rock","k-pop, k-rap, k-rock",Indigo,2022-12-02,BIGHIT MUSIC,2022-12-02,day,album
6OzUIp8KjuwxJnCWkXp1uL,Besos Moja2,"Wisin & Yandel, ROSALÍA","1wZtkThiXbVNtj6hee6dz9, 7ltDVBr6mKbRvohxheJ9h1",18620769,Latin,"reggaeton, urbano latino, latin",La Última Misión,2022-12-01,Sony Music Latin,2022-12-01,day,album
25leEEaz1gIpp7o21Fqyjo,Here Comes Santa Claus (Right Down Santa Claus Lane) - 1947 Version,['Gene Autry'],['5ixB75BQR3ADoWQkcHQJTs'],16249073,Jazz,christmas,Rudolph The Red Nosed Reindeer And Other Christmas Classics,1947-00-00,Columbia/Legacy,1947,year,album
3pdQTWpq09XCBosbTtYIiZ,Winter Wonderland - Remastered,['Bing Crosby'],['6ZjFtWeHP9XN7FeKSUe80S'],12796788,Jazz,christmas,Christmas,2015-09-30,Geffen,2015-09-30,day,compilation
15coTBAzEN1bOeipoNDZAR,"Merry Christmas, Happy Holidays",['*NSYNC'],['6Ff53KvcvAj5U7Z1vojB5o'],13066200,,,Home For Christmas,1998-10-23,RCA Records Label,1998-10-23,day,album
1VuAamHM7P3VQQEXYGG3Uu,Joy To The World,['Nat King Cole'],['7v4imS0moSyGdXyLgVTIV7'],12537769,"Easy listening, Jazz","christmas, adult standards, vocal jazz",The Christmas Song (Expanded Edition),1962-00-00,CAPITOL CATALOG MKT (C92),1962,year,album
1V0qqWBbIWt8hlAjxTZedR,What Christmas Means To Me,['Stevie Wonder'],['7guDJrEfX3qb6FEbdPA5qi'],12394304,R&B,"motown, soul",Mono Singles,2019-10-25,UNI/MOTOWN,2019-10-25,day,compilation
0CYTGMBYkwUxrj1MWDLrC5,CHORRITO PA LAS ANIMAS,Feid,2LRoIwlKmHjgvigdNGBHNo,13137539,Latin,"reggaeton, urbano latino",SIXDO,2022-12-02,UMLE - Latino,2022-12-02,day,single
79d6fVzRM6DRYxR302AJFY,"Muchachos, Ahora Nos Volvimos a Ilusionar",La Mosca,60nua3AsVSfADZtg5Hdz3W,3361671,Rock,"rock en español, latin rock, argentine rock, ska","Muchachos, Ahora Nos Volvimos a Ilusionar",2022-11-11,Sony Music Argentina,2022-11-11,day,single
1m0UFnuTktOkksvjbF9z0m,Ramenez la coupe à la maison,['Vegedream'],['4eYnorQRhVHT2KBl2UyHHd'],1013095,"Hip Hop, Latin","pop urbaine, shatta",Marchand de sable,2018-07-20,Universal Music Division Island Def Jam,2018-07-20,day,album
2L9QLAhrvtP4EYg1lY0Tnw,Rudolph The Red-Nosed Reindeer,['Dean Martin'],['49e4v89VmlDcFCMyDv9wQ9'],9638413,"Easy listening, Jazz","christmas, adult standards, big band, swing music",A Winter Romance,1959-01-01,Capitol Records,1959-01-01,day,album
1OjmlSFuzYflWjSMTCyTJv,Like It's Christmas,['Jonas Brothers'],['7gOdHgIoIKoe4i9Tta6qdD'],10102689,,,Like It's Christmas,2019-11-08,Jonas Brothers,2019-11-08,day,single
7n7VsX3sv66znBwA8b5uhp,Here Comes Santa Claus (Right Down Santa Claus Lane),['Elvis Presley'],['43ZHCT0cAZBISjO8DG9PnE'],9765422,Rock,"rockabilly, rock and roll",Elvis' Christmas Album,1957-10-15,RCA Victor,1957-10-15,day,album
3r8RuvgbX9s7ammBn07D3W,Ditto,NewJeans,6HvZYsbFfjnjFrWF950C9d,32719286,Pop,k-pop,Ditto,2022-12-19,ADOR,2022-12-19,day,single
23Lyy7ZXRvzfgH4JtDkKrX,No Se Va - EN VIVO,Grupo Frontera,6XkjpgcEsYab502Vr1bBeW,13224953,Latin,"cumbia norteña, banda, norteño, música mexicana, corrido, corridos tumbados, grupera, corridos bélicos, tejano",No Se Va (EN VIVO),2022-04-28,Grupo Frontera,2022-04-28,day,single
1N8TTK1Uoy7UvQNUazfUt5,SPIT IN MY FACE!,ThxSoMch,4MvZhE1iuzttcoyepkpfdF,9630855,,,SPIT IN MY FACE!,2022-12-20,Elektra (NEK),2022-12-20,day,single
78pn8k7RogKo2oxl0DyX6d,One More Sleep,['Leona Lewis'],['5lKZWd6HiSCLfnDGrq9RAm'],7988886,,,"Christmas, With Love",2013-12-02,Syco Music,2013-12-02,day,album
4ilZV1WNjL7IxwE81OnaRY,Gatita,Bellakath,4yjm4SvYqC5FFuLbB6TyHr,12713803,"Electronic, Latin","reggaeton mexa, reggaeton, neoperreo",Gatita,2022-10-05,La Mafia del Perreo,2022-10-05,day,single
1QLZKzC2pjP4ySf4ALrNhm,Christmas Without You,['Ava Max'],['4npEfmQ6YuiwW1GpUmaq3F'],7945390,,,Christmas Without You,2020-10-15,Atlantic Records,2020-10-15,day,single
0Ie5uiv54KgCr7P4sYDTHl,Baby It's Cold Outside (with Michael Bublé),"['Idina Menzel', 'Michael Bublé']","['73Np75Wv2tju61Eo9Zw4IR', '1GxkXlMwML1oSg5eLPiAz3']",7814455,"Jazz, Classical","musicals, christmas",Holiday Wishes,2014-10-10,Warner Records,2014-10-10,day,album
1GQ3cCJMAhLqWARyVZWxnO,Mele Kalikimaka - Single Version,"['Bing Crosby', 'The Andrews Sisters']","['6ZjFtWeHP9XN7FeKSUe80S', '2NCGI6dLTxLdI9XHdv7QfM']",7810463,"Easy listening, Jazz","christmas, big band, swing music",Their Complete Recordings Together,1996-11-19,Geffen,1996-11-19,day,compilation
2SBr3MK1sdMs8IxdRcN6qz,Santa Baby,['Kylie Minogue'],['4RVnAU35WRWra6OZ3CbbMA'],8712799,Pop,dance pop,Kylie Christmas,2015-11-13,Parlophone UK,2015-11-13,day,album
54ELExv56KCAB4UP9cOCzC,Gato de Noche,"Ñengo Flow, Bad Bunny","12vb80Km0Ew53ABfJOepVz, 4q3ewBCX7sLwd24euuV69X",26515020,Latin,"reggaeton, trap latino, latin, urbano latino",Gato de Noche,2022-12-22,Rimas Entertainment LLC,2022-12-22,day,single
7MSYSOobsombc1mbDWFxtD,This Christmas,['Donny Hathaway'],['0HU0U9kdXEHZVxUNbuQe8S'],7051718,R&B,soul,Donny Hathaway,1971-00-00,Rhino Atlantic,1971,year,album
550rQQCGkrTzvp4SfpOPzx,Hallelujah,['Pentatonix'],['26AHtbjWKiwYzsoGoUZq53'],6017156,Jazz,christmas,A Pentatonix Christmas,2016-10-21,RCA Records Label,2016-10-21,day,album
1mH6tZC6iXIHPI6EixCwxw,I Wish It Could Be Christmas Everyday,['Wizzard'],['7823Dim2TzjiQQ9wRQxyi9'],6808058,"Jazz, Rock","christmas, glam rock",I Wish It Could Be Christmas Everyday,2007-11-19,Parlophone UK,2007-11-19,day,single
2mvabkN1i2gLnGAPUVdwek,Christmas Tree Farm,['Taylor Swift'],['06HL4z0CvFAxyc27GXpf02'],6142509,,,Christmas Tree Farm,2019-12-06,Taylor Swift,2019-12-06,day,single
5Q2P43CJra0uRAogjHyJDK,"Baby, It's Cold Outside (feat. Meghan Trainor)","['Brett Eldredge', 'Meghan Trainor']","['0qSX3s5pJnAlSsgsCne8Cz', '6JL8zeS1NmiOftqZTRgdTz']",6594692,"Jazz, Country","country, christmas, ",Glow,2016-10-28,Atlantic Nashville,2016-10-28,day,album
47otoIkhx3fkdivEXL5OB6,Rudolph The Red-Nosed Reindeer,['Burl Ives'],['0MHgLfmQdutffmvWe5XBTN'],6559525,Jazz,christmas,Have A Holly Jolly Christmas,1965-10-01,Geffen,1965-10-01,day,compilation
1N1ZpYUJc9fwrqk53FGgWv,Santa's Coming for Us,['Sia'],['5WUlDfRSoLAfcVSX1WnrxN'],5951178,,,Everyday Is Christmas (Deluxe Edition),2018-11-01,Monkey Puzzle/Atlantic,2018-11-01,day,album
5Ber68jZ7ytegr2UISEdb7,Santa Claus Is Coming to Town,['Michael Bublé'],['1GxkXlMwML1oSg5eLPiAz3'],6693951,Jazz,christmas,Christmas,2011-10-24,143/Reprise,2011-10-24,day,album
4ukUoXLuFzMixyZyabSGc4,Sleigh Ride,['Ella Fitzgerald'],['5V0MlUE1Bft0mbLlND7FJz'],6522654,"Easy listening, Jazz, Blues","vocal jazz, jazz, swing music, jazz blues, big band, christmas",Ella Wishes You A Swinging Christmas (Expanded Edition),1960-01-01,Verve Reissues,1960-01-01,day,album
04t8HpnAGcLaWnBwzVR7H1,Oh Santa!,Mariah Carey,4iHNK0tOyZPYnBU7nGAgpQ,6113706,Jazz,christmas,Merry Christmas II You,2010-11-02,Def Jam Recordings,2010-11-02,day,album
3lkYS3iMpWMVpaJ0yJAFrJ,I Saw Mommy Kissing Santa Claus,['The Jackson 5'],['2iE18Oxc8YSumAU232n4rW'],6507750,"Jazz, R&B","motown, christmas",Merry Christmas,1970-01-01,UMC (Universal Music Catalogue),1970-01-01,day,album
1yxcKrEcxt4O03IIC25yHk,Winter Wonderland,['Tony Bennett'],['2lolQgalUvZDfp5vvVtTYV'],6571991,"Easy listening, Jazz","vocal jazz, christmas, big band, adult standards, jazz",Snowfall: The Tony Bennett Christmas Album,1968-10-06,Columbia/Legacy,1968-10-06,day,album
0tXPhc8LvM4dPvoRwI66XQ,I'll Be Home for Christmas,['Michael Bublé'],['1GxkXlMwML1oSg5eLPiAz3'],6296707,Jazz,christmas,Christmas,2011-10-24,143/Reprise,2011-10-24,day,album
1Wf14bTyb6UeKojy8ykPYm,Happy Holiday / The Holiday Season,['Andy Williams'],['4sj6D0zlMOl25nprDJBiU9'],5765441,Jazz,christmas,The Andy Williams Christmas Album,1963-00-00,Columbia,1963,year,album
02FaKXXL7KUtRc7K0k54tL,Cozy Little Christmas,['Katy Perry'],['6jJ0s89eD6GaHleKKya26X'],5386307,Pop,pop,Cozy Little Christmas,2018-11-15,Capitol Records,2018-11-15,day,single
65irrLqfCMRiO3p87P4C0D,Frosty The Snowman,['Ella Fitzgerald'],['5V0MlUE1Bft0mbLlND7FJz'],6098038,"Easy listening, Jazz, Blues","vocal jazz, jazz, swing music, jazz blues, big band, christmas",Ella Wishes You A Swinging Christmas (Expanded Edition),1960-01-01,Verve Reissues,1960-01-01,day,album
0lTurWECr2XL607eJAj1A3,I'll Be Home,['Meghan Trainor'],['6JL8zeS1NmiOftqZTRgdTz'],5239065,,,Title (Expanded Edition),2015-01-09,Epic,2015-01-09,day,album
2unvC2MlubBY3GxXqrRW00,Merry Xmas Everybody,Slade,10n5lhNDoSMUHWLlnST1yw,5705898,"Jazz, Rock","glam rock, christmas",Crackers,2022-10-07,BMG Rights Management (UK) Ltd,2022-10-07,day,album
4EZUcj7c8n9pWIwHqN0DoH,Do You Hear What I Hear?,['Bing Crosby'],['6ZjFtWeHP9XN7FeKSUe80S'],5599070,Jazz,christmas,Winter Wonderland,1998-01-01,EMI Gold,1998-01-01,day,compilation
1uh1iaMqBdx4XyrXhssKGD,It's Beginning To Look A Lot Like Christmas,['Bing Crosby'],['6ZjFtWeHP9XN7FeKSUe80S'],5307560,Jazz,christmas,Christmas,2015-09-30,Geffen,2015-09-30,day,compilation
0SvD6EdetxVtXei2JhkV4B,Wonderful Dream (Holidays Are Coming) - Radio Version,['Melanie Thornton'],['2apYMRrg5FxN4go0pfsCvf'],2361866,Jazz,christmas,Ready To Fly,2001-01-01,X-cell Records,2001-01-01,day,album
09OojFvtrM9YRzRjnXqJjA,Rockin' Around the Christmas Tree - Rerecorded Version,['Brenda Lee'],['4cPHsZM98sKzmV26wlwD2W'],3700038,Jazz,christmas,A Brenda Lee Christmas,1991-00-00,Warner Records,1991,year,album
6YeDjSHCDmJKgU8foiaruL,Santa Claus Is Comin' to Town,['Frank Sinatra'],['1Mxqyy3pSjf8kZZL4QVxS0'],4121252,"Easy listening, Jazz","christmas, big band, adult standards, swing music, vocal jazz, jazz",Christmas Songs by Sinatra,1994-11-08,Columbia/Legacy,1994-11-08,day,compilation
5xDrO9DEDJGUQGfyoHvgDJ,Last Christmas,['Ariana Grande'],['66CXWjxzNUsdJxJ2JdwvnR'],3798284,Pop,pop,Christmas Kisses,2013-01-01,Universal Records,2013-01-01,day,single
6RS6rcjnWrdfVuu2U2W2dj,Make It To Christmas,['Alessia Cara'],['2wUjUUtkb5lvLKcGKsKqsR'],3797093,,,Make It To Christmas,2019-11-08,"EP Entertainment, LLC / Def Jam",2019-11-08,day,single
2ykBpMiRAKvii89MMclhp9,Ring Out The Bells,Sarah Connor,7e52Ytzjj1q71DUj2cSlch,3674972,"Jazz, Pop","german pop, christmas",Not So Silent Night,2022-11-18,Polydor,2022-11-18,day,album
4qBejt9FeqLI9blHI1Nq1x,Jingle Bells (feat. The Puppini Sisters),"['Michael Bublé', 'The Puppini Sisters']","['1GxkXlMwML1oSg5eLPiAz3', '1svaANJTE5KrG16fTGDqOs']",3758346,"Jazz, Easy listening","christmas, swing music, electro swing",Christmas,2011-10-24,143/Reprise,2011-10-24,day,album
3AgiRs3oxc2dFh0CPUHXJs,Mistletoe and Wine,['Cliff Richard'],['2nvKpWcP8etYTq4JrRiUiy'],3609924,Jazz,christmas,Together With Cliff Richard,1991-11-18,Parlophone UK,1991-11-18,day,album
7LoFMtL7hxP9tr5HYyyUrJ,Christmas Time,['Bryan Adams'],['3Z02hBLubJxuFJfhacLSDc'],1973570,,,Christmas EP,2019-11-15,Universal Music Enterprises,2019-11-15,day,single
7faDzZnZYqTyYThx2sbHVQ,Mistletoe And Holly - Remastered 1999,['Frank Sinatra'],['1Mxqyy3pSjf8kZZL4QVxS0'],4128380,"Easy listening, Jazz","christmas, big band, adult standards, swing music, vocal jazz, jazz",A Jolly Christmas From Frank Sinatra,1957-09,Capitol Records,1957-09,month,album
2EmEXCi8ue7p5Xqmqz10kW,Let It Snow! - 10th Anniversary,['Michael Bublé'],['1GxkXlMwML1oSg5eLPiAz3'],3651804,Jazz,christmas,Christmas (Deluxe 10th Anniversary Edition),2021-11-19,Reprise,2021-11-19,day,album
6YJdPrH3i2POzu7hdHIRrb,Santa Baby,"['Ariana Grande', 'Liz Gillies']","['66CXWjxzNUsdJxJ2JdwvnR', '7pLntWGInZPQxc4kXxzzjB']",3725212,"Jazz, Pop","pop, christmas",Christmas Kisses,2013-01-01,Universal Records,2013-01-01,day,single
4STCTQ1h0VuWfvDyhGOxkv,Merry Christmas Baby,['Otis Redding'],['60df5JBRRPcnSpsIMxxwQm'],3940214,"R&B, Blues","soul, motown, soul blues",Merry Christmas Baby / White Christmas,1968-00-00,Rhino Atlantic,1968,year,single
3bMfUUpzUzqWp9II00yRhE,Christmas Time Is Here,Vince Guaraldi Trio,4ytkhMSAnrDP8XzRNlw9FS,4308581,Jazz,christmas,Charlie Brown Holiday Hits,1998-01-01,Fantasy Records,1998-01-01,day,album
1fEo7EnPl1LEn0CAy1xPL5,Have Yourself A Merry Little Christmas,Judy Garland,0hItVPjwJLVZrFqOyIsxPf,3887373,Jazz,christmas,ベスト・オブ・ジュディ・ガーランド,1989-01-01,Universal Music LLC,1989-01-01,day,album
2X5noCM9Klrm4zXfyyPdRN,Someday At Christmas,['Stevie Wonder'],['7guDJrEfX3qb6FEbdPA5qi'],3822560,R&B,"motown, soul",Mono Singles,2019-10-25,UNI/MOTOWN,2019-10-25,day,compilation
1dtIaSlyrLI04sqYa8nLyN,Rudolph the Red-Nosed Reindeer,Gene Autry,5ixB75BQR3ADoWQkcHQJTs,3658040,Jazz,christmas,Rudolph The Red Nosed Reindeer And Other Christmas Classics,1947-00-00,Columbia/Legacy,1947,year,album
0hvN2v6fAcB6xWyW7UaooA,(There's No Place Like) Home for the Holidays - 1959 Version,['Perry Como'],['5v8jlSmAQfrkTjAlpUfWtu'],3882889,"Easy listening, Jazz","christmas, adult standards",Season's Greetings,1991-08-26,RCA Records Label,1991-08-26,day,album
2qqZ5fOGuNvYVzgPFDLQ4l,Mary's Boy Child / Oh My Lord,['Boney M.'],['54R6Y0I7jGUCveDTtI21nb'],3099596,R&B,disco,Worldmusic for Christmas,2017-11-10,Sony Music Catalog,2017-11-10,day,album
5yNgdD8E6WruhULb4n2Con,Silent Night - 1999 Remaster,Frank Sinatra,1Mxqyy3pSjf8kZZL4QVxS0,3006383,"Easy listening, Jazz","christmas, big band, adult standards, swing music, vocal jazz, jazz",A Jolly Christmas From Frank Sinatra,1957-09,Capitol Records,1957-09,month,album
4QX5pZQpQTgVlkqfUTDim0,Silver Bells,['Dean Martin'],['49e4v89VmlDcFCMyDv9wQ9'],3571812,"Easy listening, Jazz","christmas, adult standards, big band, swing music",The Dean Martin Christmas Album,1966-00-00,Legacy Recordings,1966,year,album
2ohR9Qj4TgZafZCptO9cly,Happy Xmas (War Is Over),['Céline Dion'],['4S9EykWXhStSc15wEx8QFK'],3027922,,variété française,These are Special Times,1998-10-30,Columbia,1998-10-30,day,album
3B7FO3kJ5kv3mX7yiaB7sT,O Holy Night,['Mariah Carey'],['4iHNK0tOyZPYnBU7nGAgpQ'],3227574,Jazz,christmas,Merry Christmas,1994-10-28,Columbia,1994-10-28,day,album
4hnzXzE7JiU5QAZFF9OUsI,What Christmas Means to Me (feat. Stevie Wonder),"John Legend, Stevie Wonder","5y2Xq6xcjJb2jVM54GHK3t, 7guDJrEfX3qb6FEbdPA5qi",3406164,"R&B, Pop","soft pop, neo soul, motown, soul",A Legendary Christmas,2018-10-26,Columbia/Legacy,2018-10-26,day,album
66VenHDtrQAw7FCjyF2J56,The Christmas Song (Shawn Mendes & Camila Cabello),"['Shawn Mendes', 'Camila Cabello']","['7n2wHs1TKAczGzO7Dd2rGr', '4nDoRrQiYLoBzwC5BhVJzF']",1544098,Pop,pop,Wonder (Holiday Deluxe),2020-12-05,Shawn Mendes LP4-5 PS/ Island,2020-12-05,day,album
0OcpVNf7hnJBPbTFMSG7CI,Frosty the Snowman,['The Ronettes'],['7CyeXFnOrfC1N6z4naIpgo'],3419602,Jazz,christmas,Sleigh Ride,2020-12-04,Legacy Recordings,2020-12-04,day,compilation
5DMItYJluCFc7YtFdP4aXo,Lonely This Christmas,['Mud'],['3cqIsBnzV3BabbPWKz8Txf'],3260750,"Jazz, Rock","glam rock, christmas","A's, B's And Rarities",2005-12-20,Parlophone UK,2005-12-20,day,album
5P8Xvy5tzhmfyfA6GplQ8h,I Want a Hippopotamus for Christmas (Hippo the Hero),Gayla Peevey,1suIIDedjFJRuu8k7b55hZ,3258556,Jazz,christmas,I Want a Hippopotamus for Christmas (Hippo the Hero),1953-11-11,Sony Music Entertainment,1953-11-11,day,single
1DnSNqCQM3LUxqFuXt184Q,Have Yourself a Merry Little Christmas,['Michael Bublé'],['1GxkXlMwML1oSg5eLPiAz3'],2782804,Jazz,christmas,Christmas,2011-10-24,143/Reprise,2011-10-24,day,album
0z5HSQGWgnjdNvwbOmhB2w,Merry Christmas Darling - Remix,['Carpenters'],['1eEfMU2AhEo7XnKgL7c304'],3177121,"Easy listening, Jazz","christmas, adult standards",Christmas Portrait (Special Edition/Reissue),1978-10-13,A&M,1978-10-13,day,album
2Ysi49tRdVH74d1Cnc4o94,Man With The Bag,['Jessie J'],['2gsggkzM5R49q6jpPvazou'],2927907,,,This Christmas Day,2018-10-26,Republic Records,2018-10-26,day,album
0JM8LI4HxrQs2Reqr2naYo,All I Want (For Christmas),['Liam Payne'],['5pUo3fmmHT8bhCyHE52hA6'],1435947,,,LP1,2019-12-06,Capitol Records UK / EMI,2019-12-06,day,album
0xPaZrF25ltzvz1a2Pm5DQ,All I Want for Christmas Is You,['Michael Bublé'],['1GxkXlMwML1oSg5eLPiAz3'],1430295,Jazz,christmas,Christmas,2011-10-24,143/Reprise,2011-10-24,day,album
52CTlUPosFjUvXUAadKOVV,Christmas Kaboom,"Naeleck, Sarah Rebecca","2DYDFBqoaBP2i9XrTGpOgF, 58obmxGKVKCenZAkACSMgJ",1428512,Electronic,"electro house, ",Christmas Kaboom,2022-11-25,Signatune,2022-11-25,day,single
2bPQuniBB9x0fRtxDly0kr,Stop The Cavalry,['Jona Lewie'],['3nohf4qILMr5aUSOsolwxB'],2753345,Jazz,christmas,Heart Skips Beat,1982-00-00,Stiff Records,1982,year,album
2gbCG4Rt9984UZ7Tc0dIFd,White Christmas (with Shania Twain),"['Michael Bublé', 'Shania Twain']","['1GxkXlMwML1oSg5eLPiAz3', '5e4Dhzv426EvQe3aDb64jL']",1408060,"Jazz, Country","christmas, country",Christmas,2011-10-24,143/Reprise,2011-10-24,day,album
1NghHeg0wE32eBYrQBVQXL,Shake Up Christmas,['Train'],['3FUY2gzHeIiaesXtOAdB7A'],1397517,Pop,soft pop,"Save Me, San Francisco (Golden Gate Edition)",2010-12-01,Columbia,2010-12-01,day,album
2rkb8ijsPapKDMEh0cSe8I,My Kind Of Present,['Meghan Trainor'],['6JL8zeS1NmiOftqZTRgdTz'],2775113,,,A Very Trainor Christmas,2020-10-30,Epic,2020-10-30,day,album
11Z7sdkpC5IaaydoIvDn74,"Caroling, Caroling",['Nat King Cole'],['7v4imS0moSyGdXyLgVTIV7'],3074094,"Easy listening, Jazz","christmas, adult standards, vocal jazz",The Christmas Song (Expanded Edition),1962-00-00,CAPITOL CATALOG MKT (C92),1962,year,album
3eYnKe0LhQA1B5HEkQaRTP,The Christmas Song (Chestnuts Roasting On An Open Fire),"['Justin Bieber', 'USHER']","['1uNFoZAHBGtllmzznpCI3s', '23zg3TcAtWQy7J6upgbUnj']",2657429,R&B,r&b,Under The Mistletoe (Deluxe Edition),2011-01-01,RBMG/Def Jam,2011-01-01,day,album
5wTM2Bm8phDwHAuOsfBwhU,2000 Miles - 2007 Remaster,['Pretenders'],['0GByy3DcfbQwDvXGCWmzv9'],2971638,,,Learning to Crawl (Expanded & Remastered),1984-00-00,Rhino/Warner Records,1984,year,album
4YhY2qHdBmSX33uj8ms0oq,O Tannenbaum,Vince Guaraldi Trio,4ytkhMSAnrDP8XzRNlw9FS,3048314,Jazz,christmas,A Charlie Brown Christmas [2012 Remastered & Expanded Edition],2012-01-01,Craft Recordings,2012-01-01,day,album
4qP2V09IpTct5A1ZSnr1zh,"You're A Mean One, Mr. Grinch","Thurl Ravenscroft, Boris Karloff","5LCQTpuQCzKjfv233UFQnb, 35uPgDW1J4hq6tqQ0LJcot",1536420,Jazz,christmas,Dr. Seuss' How The Grinch Stole Christmas! (Original TV Soundtrack),1966-12-18,WaterTower Music,1966-12-18,day,compilation
51KCex2aoD4Ni2cRF5mFWe,Winter Wonderland,['Darlene Love'],['391oLRVmoTkumiN79HkTWu'],1506530,Jazz,christmas,"Christmas (Baby, Please Come Home)",2020-12-04,Legacy Recordings,2020-12-04,day,album
33GkcZ89Aj254FaJoFwCl9,Cool Yule,"Louis Armstrong, The Commanders","19eLuQmk9aCobbVDHc6eek, 3VrWSWV74xyECVDt2zBy4T",1464644,"Easy listening, Jazz, Blues","jazz, swing music, big band, vocal jazz, jazz blues, christmas",Louis Wishes You a Cool Yule,2022-10-28,Verve,2022-10-28,day,album
2CYnG4UCBBEKIiux3S0jBU,Under The Mistletoe - Bonus Track,"['Kelly Clarkson', 'Brett Eldredge']","['3BmGtnKgCSGYIUhmivXKWX', '0qSX3s5pJnAlSsgsCne8Cz']",1393256,"Jazz, Country","christmas, country",When Christmas Comes Around...,2021-10-15,Atlantic Records,2021-10-15,day,album
0IrKbfhVKW0xpPEzRDeSUb,Santa Claus Llegó a La Ciudad,Luis Miguel,2nszmSgqreHSdJA3zWPyrW,1387847,"Latin, Pop","mariachi, bolero, latin pop",Navidades Luis Miguel,2006-11-06,WEA Latina,2006-11-06,day,album
2n1xrggQtAGEV1AgzvooGB,The Man with the Bag,['Kay Starr'],['7rpf45DdbpweG51Acze45i'],1347165,Jazz,"christmas, vocal jazz",Presenting Kay Starr,1950-11-26,Universal Digital Enterprises,1950-11-26,day,compilation
39CZ2qjYxtqUdTh8mqwqzy,When a Child Is Born,Johnny Mathis,21LGsW7bziR4Ledx7WZ1Wf,1323062,Jazz,christmas,The Essential Johnny Mathis 3.0,1956-00-00,Columbia/Legacy,1956,year,album
33EcmYsTQVIGRGnGPOfTwu,Linus And Lucy,Vince Guaraldi Trio,4ytkhMSAnrDP8XzRNlw9FS,1315189,Jazz,christmas,Charlie Brown Holiday Hits,1998-01-01,Fantasy Records,1998-01-01,day,album
1fjOitI0vZ41P63p1MQLcc,I'll Be Home For Christmas - Single Version,['Bing Crosby'],['6ZjFtWeHP9XN7FeKSUe80S'],1301014,Jazz,christmas,Bing's Gold Records - The Original Decca Recordings,1997-11-04,Geffen,1997-11-04,day,compilation
2hkwwmmLC90T8BQ7t3xufq,Roça Em Mim,"Zé Felipe, Ana Castela, Luan Pereira","7cmuxPnXRJxwuYDHfbD8Eu, 2CKOmarVWvWqkNWUatHCex, 5kVgcCdPbeUwxBqWxi2Ktl",3701447,"Country, Latin","piseiro, sertanejo, arrocha, agronejo, forró, sertanejo universitário",Roça Em Mim,2022-11-17,Som Livre,2022-11-17,day,single
6Uekkm0MOVT4WznQy0ktVR,God Rest Ye Merry Gentlemen,Bing Crosby,6ZjFtWeHP9XN7FeKSUe80S,1284072,Jazz,christmas,White Christmas,1945-01-01,Geffen,1945-01-01,day,compilation
6SvzJUQd3FnuOJI1KWl9hq,"Cuddle Up, Cozy Down Christmas","Dolly Parton, Michael Bublé","32vWCbZh0xZ4o9gkz4PsEU, 1GxkXlMwML1oSg5eLPiAz3",1276100,"Jazz, Country","country, christmas",A Holly Dolly Christmas (Deluxe Edition),2020-10-02,Warner Records,2020-10-02,day,album
7ehhnVu3JUWMaSJzY1zC4k,Silver Bells,"['Bing Crosby', 'Carol Richards']","['6ZjFtWeHP9XN7FeKSUe80S', '0Im4XjInyfMuA2lVkalOGK']",1270853,Jazz,"christmas, ",White Christmas,1945-01-01,Geffen,1945-01-01,day,compilation
7MOBQpfxrtjPu5hYT21yaG,A Holly Jolly Christmas - From  Rudolph The Red-Nosed Reindeer  Soundtrack,Burl Ives,0MHgLfmQdutffmvWe5XBTN,1261637,Jazz,christmas,Rudolph The Red-Nosed Reindeer,1965-12-01,Geffen,1965-12-01,day,album
4jwZZX8J8eN3w0FOK4FCI3,It's Beginning to Look Like Christmas,Johnny Mathis,21LGsW7bziR4Ledx7WZ1Wf,1249008,Jazz,christmas,Christmas Eve With Johnny Mathis,1986-09-23,Columbia,1986-09-23,day,album
0H1zX27yxoDrsrQA1hk5Uq,O Come All Ye Faithful,['Nat King Cole'],['7v4imS0moSyGdXyLgVTIV7'],1248056,"Easy listening, Jazz","christmas, adult standards, vocal jazz",The Christmas Song (Expanded Edition),1962-00-00,CAPITOL CATALOG MKT (C92),1962,year,album
0CtZpaOhtzvLV3FfcsVpQo,Besharam Rang (From  Pathaan ),"Vishal-Shekhar, Shilpa Rao, Caralisa Monteiro, Vishal Dadlani, Shekhar Ravjiani, Kumaar","6Mv8GjQa7LKUGCAqa9qqdb, 19LIHDDSHBD5NyYHI3gpzB, 2Yf4MRVpt0rcAd5y5h5ph1, 6CXEwIaXYfVJ84biCxqc9k, 4xd7mLI7urqrxELaXhAvzw, 0m3D4grap8VFSzbJMqgNVk",1931669,"Hip Hop, Pop","bollywood, desi, hindi pop, desi pop",Besharam Rang (From  Pathaan ),2022-12-12,YRF Music,2022-12-12,day,single
6Um358vY92UBv5DloTRX9L,Que Vuelvas,"Carin Leon, Grupo Frontera","66ihevNkSYNzRAl44dx6jJ, 6XkjpgcEsYab502Vr1bBeW",5922654,Latin,"banda, norteño, sierreño, corrido, grupera, ranchera, sad sierreño, música mexicana, cumbia norteña, corridos tumbados, corridos bélicos, tejano",Que Vuelvas,2022-12-09,BorderKid Records/Sony Music Latin,2022-12-09,day,single
0mzsLrUNazBaRfYZfjmpSV,Bebe Dame,"Fuerza Regida, Grupo Frontera","0ys2OFYzWYB5hRDLCsBqxt, 6XkjpgcEsYab502Vr1bBeW",2125836,Latin,"corrido, corridos tumbados, corridos bélicos, música mexicana, banda, electro corridos, sierreño, sad sierreño, cumbia norteña, norteño, grupera, tejano",Bebe Dame,2022-12-16,Rancho Humilde/Street Mob Records,2022-12-16,day,single
0IKeDy5bT9G0bA7ZixRT4A,Bebe Dame,"Fuerza Regida, Grupo Frontera","0ys2OFYzWYB5hRDLCsBqxt, 6XkjpgcEsYab502Vr1bBeW",2875192,Latin,"corrido, corridos tumbados, corridos bélicos, música mexicana, banda, electro corridos, sierreño, sad sierreño, cumbia norteña, norteño, grupera, tejano",Sigan Hablando,2022-12-28,Rancho Humilde/Street Mob Records,2022-12-28,day,album
2K9kZpwD2CzTa6iiSYYOoO,Leão,Marília Mendonça,1yR65psqiazQpeM79CcGh8,2256757,"Country, Latin","sertanejo, sertanejo universitário, arrocha, forró","Decretos Reais, Vol. 2",2022-12-09,Som Livre,2022-12-09,day,single
6Hio4nlyWL2WBL8nYlbuGt,Agudo Mágico 3,"MC K.K, Dj TG Beats, Dj Aurélio, MC Lipivox","6TtI28JVtV3RufOCwLvHod, 6Eni0bpQP6Z3G2CIN7VJRh, 2aBp5B1hhPlvVWbocbfA6x, 03R5vvmqjPsxS7Y5be6IAY",2218070,"Hip Hop, R&B","funk, brazilian funk",Agudo Mágico 3,2022-10-10,Authentic Records OFC,2022-10-10,day,single
7J1uxwnxfQLu4APicE5Rnj,Billie Jean,Michael Jackson,3fMbdgg4jU18AjLCKBhRSm,1295002,,,Thriller,1982-11-30,Epic,1982-11-30,day,album
4AsvGVDWs16fqIiIdDzyvX,Happy New Year,['ABBA'],['0LcJLqbBmaGUft1e9Mm8HV'],1261255,,,Super Trouper,1980-00-00,Polar Music International AB,1980,year,album
3ZFTkvIE7kyPt6Nu3PEa7V,Hips Don't Lie (feat. Wyclef Jean),"['Shakira', 'Wyclef Jean']","['0EmeFodog0BfCgMzAIvKQp', '7aBzpmFXB4WWpPl2F7RjBe']",1248563,"Latin, Pop","latin pop, latin, ","Oral Fixation, Vol. 2 (Expanded Edition)",2005-11-28,Epic,2005-11-28,day,album
2PpruBYCo4H7WOBJ7Q2EwM,Hey Ya!,['Outkast'],['1G9G7WwrXka3Z1r7aIDjI7'],1233013,Hip Hop,"southern hip hop, hip hop",Speakerboxxx/The Love Below,2003-00-00,Arista,2003,year,album
0Xh6R6XLoTDRBYriQRgkHj,Memories (feat. Kid Cudi),"['David Guetta', 'Kid Cudi']","['1Cs0zKBU1kc0i8ypK3B9ai', '0fA0VVWsXO9YnASrzqfmYu']",1229942,Electronic,"edm, dance, ",One Love (New Version),2009-00-00,EMI,2009,year,album
2gam98EZKrF9XuOkU13ApN,Promiscuous,"['Nelly Furtado', 'Timbaland']","['2jw70GZXlAI8QzWeY2bgRc', '5Y5TRrQiqgUO4S36tzjIRZ']",1222780,,,Loose,2006-01-01,Mosley / Geffen,2006-01-01,day,album
1dzQoRqT5ucxXVaAhTcT0J,Just Dance,"Lady Gaga, Colby O'Donis","1HY2Jd0NmPuamShAr6KMms, 7fObcBw9VM3x7ntWKCYl0z",1190426,Pop,"art pop, pop, ",The Fame,2008-01-01,Streamline/Interscope,2008-01-01,day,album
3Ucr6hQQuY8cZ0UqXV8uO2,Freed from Desire,Gala,3OqTvcWgb0xaainosGVvuZ,1178393,Pop,eurodance,Come into My Life,1997-00-00,United Music Group,1997,year,album
0TwBtDAWpkpM3srywFVOV5,Crazy In Love (feat. JAY-Z),"['Beyoncé', 'JAY-Z']","['6vWDO969PvNqNYHIOW5v0m', '3nFkdlSjzX9mRTtwJOzDYB']",1161412,Hip Hop,"hip hop, east coast hip hop, rap",Dangerously In Love,2003-03-10,Columbia,2003-03-10,day,album
1zv3WFUbZ5vPxFq9I2jAU1,We Found Love,"Rihanna, Calvin Harris","5pKCCKE2ajJHZ9KAiaK11H, 7CajNmpbOovFoOoasH2HaY",1130922,Electronic,edm,Talk That Talk (Explicit),2011-01-01,Def Jam Recordings,2011-01-01,day,album
