song_name,artist_names,genres,parent_genres,album,release_date,spotify_track_id,yearly_streams,artist_ids
Kill Bill,SZA,r&b,R&B,SOS,2022-12-08,1Qrg8KqiBpW07V7PNxwwwL,1409505641,7tYKF4w9nC0nq9CsPZTHyP
Unholy (feat. Kim Petras),"Sam Smith, Kim Petras","soft pop, ",Pop,Gloria,2023-01-27,0NZPBYD5qbEWRs3PrGiRkT,701952813,"2wY79sveU1sp5g7SokKOiI, 3Xt3RrJMFv5SZkCfUE8C1J"
As It Was,Harry Styles,,,Harry's House,2022-05-20,4Dvkj6JhhA12EX05fT7y2e,1169483131,6KImCVD70vtIoJWnq6nGn3
I'm Good (Blue),"David Guetta, Bebe Rexha","edm, dance, ",Electronic,I'm Good (Blue),2022-08-26,4uUG5RXrOk84mYEfFvj3cK,843114750,"1Cs0zKBU1kc0i8ypK3B9ai, 64M6ah0SkkRsnPGtGiRAbb"
La Bachata,Manuel Turizo,"reggaeton, latin, colombian pop","Pop, Latin",2000,2023-03-17,3tt9i3Hhzq84dPS8H7iSiJ,780957928,0tmwSHipWxN12fsoLcFU3B
"Quevedo: Bzrp Music Sessions, Vol. 52","Bizarrap, Quevedo","argentine trap, trap latino, urbano latino, reggaeton","Hip Hop, Latin","Quevedo: Bzrp Music Sessions, Vol. 52",2022-07-06,2tTmW7RDtMQtBk7m2rYeSw,592894725,"716NhGYqD1jl2wI1Qkgq36, 52iwsT98xCoGgiGntTiR7K"
Creepin' (with The Weeknd & 21 Savage),"Metro Boomin, The Weeknd, 21 Savage",,,HEROES & VILLAINS,2022-12-02,2dHHgzDwk4BJdRwy9uXhTO,988851470,"0iEtIxbK0KxaSlF7G42ZOp, 1Xyo4u8uXC1ZmMpatF05PJ, 1URnnhqYAYcrqrcwql10ft"
Me Porto Bonito,"Bad Bunny, Chencho Corleone","reggaeton, trap latino, latin, urbano latino",Latin,Un Verano Sin Ti,2022-05-06,6Sq7ltF9Qa7SNFBsV5Cogx,549174507,"4q3ewBCX7sLwd24euuV69X, 37230BxxYs9ksS7OkZw3IU"
Tití Me Preguntó,Bad Bunny,"reggaeton, trap latino, latin, urbano latino",Latin,Un Verano Sin Ti,2022-05-06,1IHWl5LamUGEuP4ozKQSXZ,309132388,4q3ewBCX7sLwd24euuV69X
Anti-Hero,Taylor Swift,,,Midnights,2022-10-21,0V3wPSX9ygBnCm8psDIegu,889136937,06HL4z0CvFAxyc27GXpf02
La Jumpa,"Arcángel, Bad Bunny","reggaeton, trap latino, urbano latino, latin",Latin,Sr. Santos,2022-12-01,2mnXxnrX5vCGolNkaFvVeM,401046099,"4SsVbpTthjScTS7U2hmr1X, 4q3ewBCX7sLwd24euuV69X"
DESPECHÁ,ROSALÍA,latin,Latin,MOTOMAMI +,2022-09-09,53tfEupEzQRtVFOeZvk7xq,232406887,7ltDVBr6mKbRvohxheJ9h1
Rich Flex,"Drake, 21 Savage","rap, hip hop, ",Hip Hop,Her Loss,2022-11-04,1bDbXMyjaUIooNwFE9wn0N,304274723,"3TVXtAsR1Inumwj472S9r4, 1URnnhqYAYcrqrcwql10ft"
Hey Mor,"Ozuna, Feid","reggaeton, latin, trap latino, urbano latino",Latin,OzuTochi,2022-10-07,1zsPaEkglFvxjAhrM8yhpr,568499659,"1i8SpTcr7yvPOmcqrbnVXY, 2LRoIwlKmHjgvigdNGBHNo"
Calm Down (with Selena Gomez),"Rema, Selena Gomez","afrobeats, afrobeat, afropop, afropiano, pop","Traditional music, R&B, Pop",Rave & Roses Ultra,2023-04-27,1s7oOCT8vauUh01PbJD6ps,906587838,"46pWGuE3dSwY3bMMXGBvVS, 0C8ZW7ezQVs4URX5aX7Kqx"
Made You Look,Meghan Trainor,,,Takin' It Back,2022-10-21,0QHEIqNKsMoOY5urbzN48u,248609885,6JL8zeS1NmiOftqZTRgdTz
I Ain't Worried,OneRepublic,soft pop,Pop,OneRepublic (Japan Paradise Tour Edition),2023-02-15,4fYte8ZvTK14NEhAOZocBi,717110337,5Pwc4xIPtQLFEnJriah9YJ
Until I Found You (with Em Beihold) - Em Beihold Version,"Stephen Sanchez, Em Beihold",,,Until I Found You (Em Beihold Version),2022-04-22,1Y3LN4zO1Edc2EluIoSPJN,635137717,"5XKFrudbV4IiuE5WuTPRmT, 7o2ZQYM7nTsaVdkXY38UAA"
Efecto,Bad Bunny,"reggaeton, trap latino, latin, urbano latino",Latin,Un Verano Sin Ti,2022-05-06,5Eax0qFko2dh7Rl2lYs3bx,261541087,4q3ewBCX7sLwd24euuV69X
golden hour,JVKE,,,this is what ____ feels like (Vol. 1-4),2022-09-23,5odlY52u43F5BjByhxg7wg,666694640,164Uj4eKjl6zTBKfJLFKKK
Another Love,Tom Odell,,,Long Way Down,2013-06-17,7jtQIBanIiJOMS6RyCx6jZ,772524522,2txHhyCwHjUEpJjWrEyqyX
Ojitos Lindos,"Bad Bunny, Bomba Estéreo","reggaeton, trap latino, latin, urbano latino, latin alternative",Latin,Un Verano Sin Ti,2022-05-06,3k3NWokhRRkEPhCzPmV8TW,369243939,"4q3ewBCX7sLwd24euuV69X, 5n9bMYfz9qss2VOW89EVs2"
CUFF IT,Beyoncé,,,RENAISSANCE,2022-07-29,1xzi1Jcr7mEi9K2RfzLOqS,264325580,6vWDO969PvNqNYHIOW5v0m
Escapism.,"RAYE, 070 Shake",,,My 21st Century Blues,2023-02-03,5mHdCZtVyb4DcJw8799hZp,427862919,"5KKpBU5eC2tJDzf0wmlRp2, 12Zk1DFhCbHY6v3xep2ZjI"
Maan Meri Jaan,King,"desi hip hop, hindi hip hop, desi pop, hindi pop, hindi indie, desi","Hip Hop, Pop, Rock",Champagne Talk,2022-09-13,1418IuVKQPTYqt7QNJ9RXN,119029917,5NHm4TU5Twz7owibYxJfFU
Die For You,The Weeknd,,,Starboy,2016-11-24,2LBqCSwhJGcFQeTHMVGwy3,851940796,1Xyo4u8uXC1ZmMpatF05PJ
Gato de Noche,"Ñengo Flow, Bad Bunny","reggaeton, trap latino, latin, urbano latino",Latin,Gato de Noche,2022-12-22,54ELExv56KCAB4UP9cOCzC,210026758,"12vb80Km0Ew53ABfJOepVz, 4q3ewBCX7sLwd24euuV69X"
Heat Waves,Glass Animals,,,Dreamland,2020-08-07,3USxtqRwSYz57Ewm6wWRMp,547008211,4yvcSjfu4PC0CYQyLy4wSq
Yonaguni,Bad Bunny,"reggaeton, trap latino, latin, urbano latino",Latin,Yonaguni,2021-06-04,2JPLbjOn0wPCngEot2STUS,14022244,4q3ewBCX7sLwd24euuV69X
Here With Me,d4vd,,,Here With Me,2022-09-22,0dS2u2UFd88TIzDDaZDLvS,680524474,5y8tKLUfMvliMe8IKamR32
Bloody Mary,Lady Gaga,"art pop, pop",Pop,Born This Way (Special Edition),2011-01-01,11BKm0j4eYoCPPpCONAVwA,126016183,1HY2Jd0NmPuamShAr6KMms
Under The Influence,Chris Brown,r&b,R&B,Indigo (Extended),2019-10-04,5IgjP7X4th6nMNDh4akUHb,409164223,7bXgB6jMjp9ATFy66eO08Z
Neverita,Bad Bunny,"reggaeton, trap latino, latin, urbano latino",Latin,Un Verano Sin Ti,2022-05-06,31i56LZnwE6uSu3exoHjtB,107038013,4q3ewBCX7sLwd24euuV69X
Miss You,"Oliver Tree, Robin Schulz",tropical house,Electronic,Miss You,2022-08-05,73vIOb4Q7YN6HeJTbscRx5,175783552,"6TLwD7HPWuiOzvXEa3oCNe, 3t5xRXzsuZmMDkQzgOX35S"
Mockingbird,Eminem,"rap, hip hop",Hip Hop,Encore (Deluxe Version),2004-11-12,561jH07mF1jHuk7KlaeF0s,618215003,7dGJo4pcD2V6oG8kP0tJRR
Blinding Lights,The Weeknd,,,After Hours,2020-03-20,0VjIjW4GlUZAMYd2vXMi3b,643904615,1Xyo4u8uXC1ZmMpatF05PJ
Cold Heart - PNAU Remix,"Elton John, Dua Lipa, PNAU","pop, ",Pop,The Lockdown Sessions,2021-10-22,6JIC3hbC28JZKZ8AlAqX8h,448210607,"3PhoLpVuITZKcymswpck5b, 6M2wZ9GZgrQXHCFfjv46we, 6n28c9qs9hNGriNa72b26u"
STAY (with Justin Bieber),"The Kid LAROI, Justin Bieber",,,F*CK LOVE 3+: OVER YOU,2021-07-27,567e29TDzLwZwfDuEpGTwo,571467489,"2tIP7SsRs7vjIcLrU85W8J, 1uNFoZAHBGtllmzznpCI3s"
LET GO,Central Cee,"uk drill, drill, grime","Hip Hop, Electronic, Pop",LET GO,2022-12-15,3zkyus0njMCL6phZmNNEeN,167207279,5H4yInM5zmHqpKIoMNAx4r
Bad Habit,Steve Lacy,,,Gemini Rights,2022-07-15,4k6Uh1HXdhtusDW5y8Gbvy,280198026,57vWImR43h4CaDao012Ofp
I Wanna Be Yours,Arctic Monkeys,"indie, garage rock",Rock,AM,2013-09-09,5XeFesFbtLpXzIVDNQP22n,913517023,7Ln80lUS6He07XvHI8qqHH
Romantic Homicide,d4vd,,,Romantic Homicide,2022-07-20,1xK59OXxi2TAAAbmZK0kBL,562291837,5y8tKLUfMvliMe8IKamR32
No Se Va - EN VIVO,Grupo Frontera,"cumbia norteña, banda, norteño, música mexicana, corrido, corridos tumbados, grupera, corridos bélicos, tejano",Latin,No Se Va (EN VIVO),2022-04-28,23Lyy7ZXRvzfgH4JtDkKrX,141669214,6XkjpgcEsYab502Vr1bBeW
Ditto,NewJeans,k-pop,Pop,Ditto,2022-12-19,3r8RuvgbX9s7ammBn07D3W,299934421,6HvZYsbFfjnjFrWF950C9d
Bombonzinho - Ao Vivo,"Israel & Rodolffo, Ana Castela","sertanejo, sertanejo universitário, piseiro, agronejo, arrocha","Country, Latin","Let's Bora, Vol. 2 (Ao Vivo)",2023-03-02,0SCMVUZ21uYYB8cc0ScfbV,99798598,"41QLxRXlc2NwfJZkHGHKid, 2CKOmarVWvWqkNWUatHCex"
LOKERA,"Rauw Alejandro, Lyanno, Brray","reggaeton, urbano latino, trap latino, latin",Latin,SATURNO,2023-01-24,1aUq8rjW1EwkAkMri4VfJy,131203765,"1mcTU81TzQhprhouKaTkpq, 1Ts9of7VPZElwPQnqnDSfW, 1GKIlPFdcewHtpDVCQ8zmJ"
Sweater Weather,The Neighbourhood,,,I Love You.,2013-04-19,0cQVqPuHQP4KEwc7ZUQmj6,669092160,77SW9BnxLY8rJ0RciFqkHh
Just Wanna Rock,Lil Uzi Vert,melodic rap,Hip Hop,Pink Tape,2023-06-30,4Ls53fBNVfaXTROBi6X8Hw,297078665,4O15NlyKLIASxsJ0PrXPfz
SNAP,Rosa Linn,,,SNAP PACK,2022-07-15,6zJejIfVYLgjud3lTk4DLB,337265058,46xBNx0j6cwY6sD9LgMTm1
Evoque Prata,"MC MENOR HR, MC MENOR SG, DJ ESCOBAR","funk, funk carioca, funk de bh, brazilian funk","Hip Hop, R&B, R&b",Evoque Prata,2022-09-09,1597vvneWf0zoQrg2D8yH6,25741127,"33yjk1kQbu7otNngO5pQb8, 3hXocXy7cs7SZ1JLZUgKBp, 65tpb4BwAnD3HOUs8MC6TB"
Feliz Cumpleaños Ferxxo,Feid,"reggaeton, urbano latino",Latin,FELIZ CUMPLEAÑOS FERXXO TE PIRATEAMOS EL ÁLBUM,2022-09-14,2CeKVsFFXG4QzA415QygGb,423827308,2LRoIwlKmHjgvigdNGBHNo
About Damn Time,Lizzo,,,Special,2022-07-15,6HMtHNpW6YPi1hrw9tgF8P,78108519,56oDRnqbIiwx4mymNEv7dS
Eu Gosto Assim - Ao Vivo,"Gustavo Mioto, Mari Fernandez","sertanejo, sertanejo universitário, arrocha, agronejo, piseiro, forró","Country, Latin",Eu Gosto Assim (Ao Vivo),2022-09-16,4ASA1PZyWGbuc4d9N8OAcF,34153065,"1X6ORK7IekgmyjV6IFPszP, 0BHm7qbh3ENxvXzkQAG7MP"
Moscow Mule,Bad Bunny,"reggaeton, trap latino, latin, urbano latino",Latin,Un Verano Sin Ti,2022-05-06,6Xom58OOXk2SoU711L2IXO,88781414,4q3ewBCX7sLwd24euuV69X
Gatita,Bellakath,"reggaeton mexa, reggaeton, neoperreo","Electronic, Latin",Gatita,2022-10-05,4ilZV1WNjL7IxwE81OnaRY,28388104,4yjm4SvYqC5FFuLbB6TyHr
Bones,Imagine Dragons,,,Mercury - Acts 1 & 2,2022-07-01,54ipXppHLA8U4yqpOFTUhr,528242988,53XhwfbYqKCa1cC15pYq2q
Starboy,"The Weeknd, Daft Punk","french house, electronic, electro","Hip Hop, Electronic",Starboy,2016-11-25,7MXVkk9YMctZqd1Srtv4MB,798368292,"1Xyo4u8uXC1ZmMpatF05PJ, 4tZwfgrHOc3mvqYlEYSvVi"
Bebe Dame,"Fuerza Regida, Grupo Frontera","corrido, corridos tumbados, corridos bélicos, música mexicana, banda, sierreño, electro corridos, sad sierreño, cumbia norteña, norteño, grupera, tejano",Latin,Sigan Hablando,2022-12-28,0IKeDy5bT9G0bA7ZixRT4A,344889477,"0ys2OFYzWYB5hRDLCsBqxt, 6XkjpgcEsYab502Vr1bBeW"
Que Vuelvas,"Carin Leon, Grupo Frontera","banda, norteño, sierreño, corrido, grupera, ranchera, sad sierreño, música mexicana, cumbia norteña, corridos tumbados, corridos bélicos, tejano",Latin,Que Vuelvas,2022-12-09,6Um358vY92UBv5DloTRX9L,391361671,"66ihevNkSYNzRAl44dx6jJ, 6XkjpgcEsYab502Vr1bBeW"
Nobody Gets Me,SZA,r&b,R&B,SOS,2022-12-09,5Y35SjAfXjjG0sFQ3KOxmm,116311316,7tYKF4w9nC0nq9CsPZTHyP
Glimpse of Us,Joji,,,SMITHEREENS,2022-11-04,4ewazQLXFTDC8XvCbhvtXs,226314312,3MZsBdqDrRTJihTHQrO6Dq
Superhero (Heroes & Villains) [with Future & Chris Brown],"Metro Boomin, Future, Chris Brown","rap, r&b","R&B, Hip Hop",HEROES & VILLAINS,2022-12-02,0vjeOZ3Ft5jvAi9SBFJm1j,309466165,"0iEtIxbK0KxaSlF7G42ZOp, 1RyvyyTE3xzB2ZywiAwp0i, 7bXgB6jMjp9ATFy66eO08Z"
Monotonía,"Shakira, Ozuna","latin pop, latin, reggaeton, trap latino, urbano latino","Latin, Pop",Monotonía,2022-10-19,6G12ZafqofSq7YtrMqUm76,124485915,"0EmeFodog0BfCgMzAIvKQp, 1i8SpTcr7yvPOmcqrbnVXY"
PROVENZA,KAROL G,"reggaeton, latin, urbano latino",Latin,MAÑANA SERÁ BONITO,2023-02-24,3HqcNJdZ2seoGxhn0wVNDK,220086534,790FomKkXshlbRYZFtlgla
Tubarão Te Amo,"Dj LK da Escócia, Tchakabum, MC Ryan SP, mc jhenny, Mc RF","funk carioca, funk, brazilian funk, axé, pagode baiano, funk consciente, trap funk, brazilian trap, brega funk","Hip Hop, Pop, R&B, Latin, Electronic",Tubarão Te Amo,2022-09-28,4UldILPVpnZO69ffK4B9aA,4238044,"6WIjKbyqeO9MkfNMFJsF50, 7iJl63aJyNd8C6NZlMv6kp, 75i9GaW2MJUgt4BkdUnuUY, 6Ka3TKKRqhWwbmuxjhrmo6, 7rnLNmWx3ibYo5uQcghVgQ"
Pepas,Farruko,"reggaeton, trap latino, latin",Latin,La 167,2021-10-01,2B4GHvToeLTOBB4QLzW3Ni,4243737,329e4yvIujISKGKz1BZZbO
Roça Em Mim,"Zé Felipe, Ana Castela, Luan Pereira","piseiro, sertanejo, arrocha, agronejo, forró, sertanejo universitário","Country, Latin",Roça Em Mim,2022-11-17,2hkwwmmLC90T8BQ7t3xufq,8613256,"7cmuxPnXRJxwuYDHfbD8Eu, 2CKOmarVWvWqkNWUatHCex, 5kVgcCdPbeUwxBqWxi2Ktl"
Haja Colírio (feat. Hugo & Guilherme) - Ao Vivo,"Guilherme & Benuto, Hugo & Guilherme","sertanejo, sertanejo universitário, agronejo, arrocha, piseiro","Country, Latin",Haja Colírio (feat. Hugo & Guilherme) [Ao Vivo],2022-06-23,1ELsaYdj2NlxLvkx9g24xZ,7351218,"6m6e7D2TnV0aYMllFFwMxu, 1LIuN7ov1IBQDdLsU83ojl"
Until I Found You,Stephen Sanchez,,,Easy On My Eyes,2022-08-19,6VhuP99TE6gYNQRJIlAWFD,230297689,5XKFrudbV4IiuE5WuTPRmT
One Kiss (with Dua Lipa),"Calvin Harris, Dua Lipa","edm, pop","Electronic, Pop",96 Months,2024-08-08,76dIZzTdrNO15mGBrU3MHi,75584767,"7CajNmpbOovFoOoasH2HaY, 6M2wZ9GZgrQXHCFfjv46we"
Running Up That Hill (A Deal With God),Kate Bush,"art pop, baroque pop, art rock","Pop, Rock",Hounds Of Love,1985-00-00,75FEaRjZTKLhTrFGsfMUXR,26488742,1aSxMhuvixZ8h9dK9jIDwL
Shirt,SZA,r&b,R&B,SOS,2022-12-09,2wSTnntOPRi7aQneobFtU4,80031358,7tYKF4w9nC0nq9CsPZTHyP
I Gotta Feeling,Black Eyed Peas,,,THE E.N.D. (THE ENERGY NEVER DIES) [Deluxe Version],2009-01-01,4kLLWz7srcuLKA7Et40PQR,3516465,1yxSLGMDHlW21z4YXirZDS
PUNTO G,Quevedo,reggaeton,Latin,DONDE QUIERO ESTAR,2023-01-20,4WiQA1AGWHFvaxBU6bHghs,236784360,52iwsT98xCoGgiGntTiR7K
Sure Thing,Miguel,r&b,R&B,All I Want Is You,2010-11-26,0JXXNGljqupsJaZsgSbMZV,557508892,360IAlyVv4PCEVjgyMZrxK
PUNTO 40,"Rauw Alejandro, Baby Rasta","reggaeton, urbano latino, trap latino, latin",Latin,SATURNO,2023-01-24,4UGqAW9i7NtE5mW9xzm6yk,45768825,"1mcTU81TzQhprhouKaTkpq, 0GgyFUpOyzWDRDqx8FCTDN"
Dreamers [Music from the FIFA World Cup Qatar 2022 Official Soundtrack],"Jung Kook, BTS, FIFA Sound","k-pop, ",Pop,Dreamers [Music from the FIFA World Cup Qatar 2022 Official Soundtrack],2022-11-20,1RDvyOk4WtPCtoqciJwVn8,54502277,"6HaGTQPmzraVmaVxvz6EUc, 3Nrfpe0tUJi4K4DXYWgMUX, 5C01hDqpEmrmDfUhX9YWsH"
Dandelions,Ruth B.,,,Safe Haven,2017-05-05,2eAvDnpXP5W0cVtiI0PUxV,504185578,2WzaAvm2bBCf4pEhyuDgCY
I Was Never There,"The Weeknd, Gesaffelstein",,,"My Dear Melancholy,",2018-03-30,1cKHdTo9u0ZymJdPGSh6nq,192496212,"1Xyo4u8uXC1ZmMpatF05PJ, 3hteYQFiMFbJY7wS0xDymP"
Shinunoga E-Wa,Fujii Kaze,j-pop,Pop,HELP EVER HURT NEVER,2020-05-20,0o9zmvc5f3EFApU52PPIyW,95105348,6bDWAcdtVR3WHz2xtiIPUi
Sunroof,"Nicky Youre, hey daisy",,,Good Times Go,2023-06-09,5YqEzk3C5c3UZ1D5fJUlXA,102736638,"7qmpXeNz2ojlMl2EEfkeLs, 38PzLQE4GW8o7A18oGhi0x"
Besos Moja2,"Wisin & Yandel, ROSALÍA","reggaeton, urbano latino, latin",Latin,La Última Misión,2022-12-01,6OzUIp8KjuwxJnCWkXp1uL,81571662,"1wZtkThiXbVNtj6hee6dz9, 7ltDVBr6mKbRvohxheJ9h1"
Kiss Me More (feat. SZA),"Doja Cat, SZA",r&b,R&B,Planet Her,2021-06-25,3DarAbFujv6eYNliUTyqtz,2648626,"5cj0lLjcoR7YOSnhnX0Po5, 7tYKF4w9nC0nq9CsPZTHyP"
ANTIFRAGILE,LE SSERAFIM,k-pop,Pop,UNFORGIVEN,2023-05-01,0bMoNdAnxNR0OuQbGDovrr,80298039,4SpbR6yFEvexJuaBpgAU5p
505,Arctic Monkeys,"indie, garage rock",Rock,Favourite Worst Nightmare (Standard Version),2007-04-24,58ge6dfP91o9oXMzq3XkIS,480434786,7Ln80lUS6He07XvHI8qqHH
Qué Agonía,"Yuridia, Ángela Aguilar","latin pop, mariachi, ranchera, banda, música mexicana","Latin, Pop",Pa' Luego Es Tarde,2022-10-20,4H6o1bxKRGzmsE0vzo968m,76672748,"5B8ApeENp4bE4EE3LI8jK2, 3abT87tqQ4Q5PA5nw6CYyH"
LA CANCIÓN,"J Balvin, Bad Bunny","reggaeton, latin, trap latino, urbano latino",Latin,OASIS,2019-06-28,0fea68AdmYNygeTGI4RC18,97476295,"1vyhD5VmyZ7KMfW5gqLgo5, 4q3ewBCX7sLwd24euuV69X"
Lavender Haze,Taylor Swift,,,Midnights,2022-10-21,5jQI2r1RdgtuT8S3iG8zFC,231401402,06HL4z0CvFAxyc27GXpf02
Save Your Tears (Remix) (with Ariana Grande) - Bonus Track,"The Weeknd, Ariana Grande",pop,Pop,After Hours (Deluxe),2020-03-20,1oFAF1hdPOickyHgbuRjyX,151023598,"1Xyo4u8uXC1ZmMpatF05PJ, 66CXWjxzNUsdJxJ2JdwvnR"
Calm Down,Rema,"afrobeats, afrobeat, afropop, afropiano","Traditional music, R&B, Pop",Rave & Roses,2022-03-24,3BnDvpeuGOj21Ir2aVEtQo,92063066,46pWGuE3dSwY3bMMXGBvVS
Gangsta's Paradise,"Coolio, L.V.","west coast hip hop, g-funk, new jack swing","Hip Hop, R&B",Gangsta's Paradise,1995-11-07,1DIXPcTDzTj8ZMHt3PDt8p,109101910,"3y24n3XhZ96wgwRXjvS17T, 2LhsePRtgCo4THVKULQBL7"
Shut Down,BLACKPINK,k-pop,Pop,BORN PINK,2022-09-15,7gRFDGEzF9UkBV233yv2dc,144881658,41MozSoPIsD1dJM0CLPjZF
Gimme! Gimme! Gimme! (A Man After Midnight),ABBA,,,Voulez-Vous,1979-00-00,3vkQ5DAB1qQMYO4Mr9zJN6,3086863,0LcJLqbBmaGUft1e9Mm8HV
I Wanna Dance with Somebody (Who Loves Me),Whitney Houston,,,Whitney,1987-06-02,2tUBqZG2AbRi7Q0BIrVrEj,3230486,6XpaIBNiVzIetEPCWDvAFP
VISTA AL MAR,Quevedo,reggaeton,Latin,DONDE QUIERO ESTAR,2023-01-20,5q86iSKkBtOoNkdgEDY5WV,95635284,52iwsT98xCoGgiGntTiR7K
Low,SZA,r&b,R&B,SOS,2022-12-09,2GAhgAjOhEmItWLfgisyOn,139387778,7tYKF4w9nC0nq9CsPZTHyP
Super Freaky Girl,Nicki Minaj,,,Queen Radio: Volume 1,2022-08-26,2yjlYDiNiQkdxVqTlaSrlX,27351005,0hCNtLu0JehylgoiP8L4Gh
Watermelon Sugar,Harry Styles,,,Fine Line,2019-12-13,6UelLqGlWMcVH1E5c4H7lY,346791959,6KImCVD70vtIoJWnq6nGn3
Novinha do Onlyfans (Tchan Ran Tchan Tchan),Kadu Martins,"piseiro, forró, arrocha, funk de bh, funk","Country, R&B, R&b",Novinha do Onlyfans (Tchan Ran Tchan Tchan),2022-10-14,0oB3IBEhbmgTrL7mV0VnFq,1137868,57VQCKnZ9nhS7bvoviXuZK
Viva La Vida,Coldplay,,,Viva La Vida or Death and All His Friends,2008-06-06,1mea3bSkSGXuIRvnydlB5b,540593305,4gzpq5DPGxSnKTe4SA8HAU
Mr. Brightside,The Killers,alternative rock,Rock,Hot Fuss,2004-00-00,003vvx7Niy0yvhvHt4a68B,7993674,0C0XlULifJtAgn6ZNCW2eu
Left and Right (Feat. Jung Kook of BTS),"Charlie Puth, Jung Kook, BTS","soft pop, pop, k-pop",Pop,CHARLIE,2022-10-06,5Odq8ohlgIbQKMZivbWkEo,222017848,"6VuMaDnrHyPL1p4EHjYLi7, 6HaGTQPmzraVmaVxvz6EUc, 3Nrfpe0tUJi4K4DXYWgMUX"
Late Night Talking,Harry Styles,,,Harry's House,2022-05-20,1qEmFfgcLObUfQm0j1W2CK,160181980,6KImCVD70vtIoJWnq6nGn3
Assunto Delicado - Ao Vivo,"Guilherme & Benuto, Xand Avião","sertanejo, sertanejo universitário, agronejo, arrocha, piseiro, forró, brega","Country, Latin",Assunto Delicado (Ao Vivo),2022-08-18,3yHXEidSu4gYVRqKoI653O,1104729,"6m6e7D2TnV0aYMllFFwMxu, 43DRDu6nLSeIedZ7T1A616"
Without Me,Eminem,"rap, hip hop",Hip Hop,The Eminem Show,2002-05-26,7lQ8MOhq6IN2w8EYcFNSUk,482040139,7dGJo4pcD2V6oG8kP0tJRR
Save Your Tears,The Weeknd,,,After Hours,2020-03-20,5QO79kh1waicV47BqGRL3g,405580618,1Xyo4u8uXC1ZmMpatF05PJ
Marisola - Remix,"Cris Mj, Duki, Nicki Nicole, Standly, Stars Music Chile","reggaeton chileno, chilean trap, chilean mambo, reggaeton, argentine trap, trap, trap latino, mambo, rkt","Hip Hop, Latin",Marisola (Remix),2022-12-15,0NO2zL0kw8sGGnaMvHKAZF,132954547,"1Yj5Xey7kTwvZla8sqdsdE, 1bAftSH8umNcGZ0uyV7LMg, 2UZIAOlrnyZmyzt1nuXr9y, 0rjms710nwQTdrQheXHJfz, 2NZD6Gqfk60GEcAAnJKVsR"
Murder In My Mind,Kordhell,"phonk, drift phonk","Electronic, Hip Hop",Murder In My Mind,2022-01-21,6qyS9qBy0mEk3qYaH8mPss,123428298,2W6WP4pHQTFlbr2z9S4n54
CAIRO,"KAROL G, Ovy On The Drums","reggaeton, latin, urbano latino",Latin,MAÑANA SERÁ BONITO,2023-02-24,16dUQ4quIHDe4ZZ0wF1EMN,152162132,"790FomKkXshlbRYZFtlgla, 3m5qlPf2OkihLz3dRYnkPA"
Dancing Queen,ABBA,,,Arrival,1976-00-00,0GjEhVFGZW8afUYGChu3Rr,2999832,0LcJLqbBmaGUft1e9Mm8HV
SPIT IN MY FACE!,ThxSoMch,,,SPIT IN MY FACE!,2022-12-20,1N8TTK1Uoy7UvQNUazfUt5,126174211,4MvZhE1iuzttcoyepkpfdF
I Like You (A Happier Song) (with Doja Cat),"Post Malone, Doja Cat",,,Twelve Carat Toothache,2022-06-03,0O6u0VJ46W86TxN9wgyqDj,97386369,"246dkjvS1zLTtiykXe5h60, 5cj0lLjcoR7YOSnhnX0Po5"
Can't Hold Us (feat. Ray Dalton),"Macklemore, Ryan Lewis, Macklemore & Ryan Lewis, Ray Dalton",,,The Heist,2012-10-09,22skzmqfdWrjJylampe0kt,437796732,"3JhNCzhSMTxs9WLGJJxWOY, 4myTppRgh0rojLxx8RycOp, 6WLvgbfYXQPO396oJEYCsi, 4e0nWw2r4BoQSKPQ2zpU13"
Jimmy Cooks (feat. 21 Savage),"Drake, 21 Savage","rap, hip hop, ",Hip Hop,"Honestly, Nevermind",2022-06-17,3F5CgOj3wFlRv51JsHbxhe,376110642,"3TVXtAsR1Inumwj472S9r4, 1URnnhqYAYcrqrcwql10ft"
Yellow,Coldplay,,,Parachutes,2000-07-10,3AJwUDP919kvQ9QcozQPxg,563118973,4gzpq5DPGxSnKTe4SA8HAU
Call Out My Name,The Weeknd,,,"My Dear Melancholy,",2018-03-30,09mEdoA6zrmBPgTEN5qXmN,169675746,1Xyo4u8uXC1ZmMpatF05PJ
Leão,Marília Mendonça,"sertanejo, sertanejo universitário, arrocha, forró","Country, Latin",Decretos Reais,2023-05-25,53PpijFATt35Zxfl6LTxoK,182321186,1yR65psqiazQpeM79CcGh8
In Da Club,50 Cent,east coast hip hop,Hip Hop,Get Rich Or Die Tryin',2003-02-06,7iL6o9tox1zgHpKUfh9vuC,2544301,3q7HBObVc0L8jNeTe5Gofh
Midnight Rain,Taylor Swift,,,Midnights,2022-10-21,3rWDp9tBPQR9z6U5YyRSK4,100452642,06HL4z0CvFAxyc27GXpf02
Party,"Bad Bunny, Rauw Alejandro","reggaeton, trap latino, latin, urbano latino",Latin,Un Verano Sin Ti,2022-05-06,4tYFy8ALRjIZvnvSLw5lxN,1063380,"4q3ewBCX7sLwd24euuV69X, 1mcTU81TzQhprhouKaTkpq"
lovely (with Khalid),"Billie Eilish, Khalid",,,lovely (with Khalid),2018-04-19,0u2P5u6lvoDfwTYjAADbn4,503862704,"6qqNVTkY8uBg9cP3Jd7DAH, 6LuN9FCkKOj5PcnpouEgny"
10:35,"Tiësto, Tate McRae","edm, trance, big room, house, dance, ",Electronic,DRIVE,2023-04-21,36gcliMRX1vCpgnrZE3dFZ,198254581,"2o5jDhtHVPhrJdv3cEQ99Z, 45dkTj5sMRSjrmBSBeiHym"
Perfect,Ed Sheeran,soft pop,Pop,÷ (Deluxe),2017-03-03,0tgVpDi06FyKpA1z0VMD4v,472491869,6eUKZXaKkcviH0Ku9w2n3V
Enemy (with JID) - from the series Arcane League of Legends,"Imagine Dragons, JID, Arcane, League of Legends",,,Mercury - Acts 1 & 2,2022-07-01,3CIyK1V4JEJkg02E4EJnDl,109960573,"53XhwfbYqKCa1cC15pYq2q, 6U3ybJ9UHNKEdsH7ktGBZ7, 57nPqD7z62gDdq37US9XJR, 47mIJdHORyRerp4os813jD"
METAMORPHOSIS,INTERWORLD,"phonk, drift phonk","Electronic, Hip Hop",METAMORPHOSIS,2021-11-25,2ksyzVfU0WJoBpu8otr4pz,178721884,5hKGLu4Ik88FzWcTPhWNTN
Te Felicito,"Shakira, Rauw Alejandro","latin pop, latin, reggaeton, urbano latino, trap latino","Latin, Pop",Te Felicito,2022-04-21,2rurDawMfoKP4uHyb2kJBt,45638271,"0EmeFodog0BfCgMzAIvKQp, 1mcTU81TzQhprhouKaTkpq"
Bad Habits,Ed Sheeran,soft pop,Pop,= (Tour Edition),2020-00-00,6ex1Pz3pntgy4NPtxHXN2V,19479241,6eUKZXaKkcviH0Ku9w2n3V
Party In The U.S.A.,Miley Cyrus,,,The Time Of Our Lives (International Version),2009-01-01,3E7dfMvvCLUddWissuqMwr,25008393,5YGY8feqx7naU7z4HrwZM6
Doja,Central Cee,"uk drill, drill, grime","Hip Hop, Electronic, Pop",Doja,2022-07-21,3LtpKP5abr2qqjunvjlX5i,27865264,5H4yInM5zmHqpKIoMNAx4r
Kesariya,"Pritam, Arijit Singh, Amitabh Bhattacharya","bollywood, hindi pop, desi, sufi, bangla pop","Pop, Hip Hop, Traditional music",Brahmastra (Original Motion Picture Soundtrack),2022-10-06,4UMIv5jd9gK98a39BQRD9X,7056760,"1wRPtKGflJrBx9BmLsSwlU, 4YRxDV8wJFPHPTeXepOstw, 2fMqTqiTxUDlmcOEPaQSsx"
No Role Modelz,J. Cole,rap,Hip Hop,2014 Forest Hills Drive,2014-12-09,68Dni7IE4VyPkTOH9mRWHr,503654465,6l3HvQ5sa6mXTsMTB19rO5
STAR WALKIN' (League of Legends Worlds Anthem),Lil Nas X,,,STAR WALKIN' (League of Legends Worlds Anthem),2022-09-22,38T0tPVZHcPZyhtOcCP7pF,74664992,7jVv8c5Fj3E9VhNjxT4snq
Believer,Imagine Dragons,,,Evolve,2017-06-23,0pqnGHJpmpxLKifKRmU6WP,425961141,53XhwfbYqKCa1cC15pYq2q
DÁKITI,"Bad Bunny, JHAYCO","reggaeton, trap latino, latin, urbano latino",Latin,EL ÚLTIMO TOUR DEL MUNDO,2020-11-27,4MzXwWMhyBbmu6hOcLVD49,1015347,"4q3ewBCX7sLwd24euuV69X, 6nVcHLIgY5pE2YCl8ubca1"
Vegas (From the Original Motion Picture Soundtrack ELVIS),Doja Cat,,,Vegas (From the Original Motion Picture Soundtrack ELVIS),2022-05-06,0hquQWY3xvYqN4qtiquniF,3811218,5cj0lLjcoR7YOSnhnX0Po5
Chale,Eden Muñoz,"banda, corrido, norteño, corridos bélicos, corridos tumbados, música mexicana",Latin,Chale,2022-02-18,74WROFXsox6wkeUrEK2DS6,1006775,1gJdf4Yybu4X5A2xYV3NMV
Something in the Orange,Zach Bryan,"country, red dirt",Country,Something in the Orange,2022-04-22,3WMj8moIAXJhHsyLaqIIHI,316073907,40ZNYROS4zLfyyBSs2PGe2
INDUSTRY BABY (feat. Jack Harlow),"Lil Nas X, Jack Harlow",,,MONTERO,2021-09-17,5Z9KJZvQzH6PFmb8SNkxuk,41873052,"7jVv8c5Fj3E9VhNjxT4snq, 2LIk90788K0zvyj2JJVwkJ"
Pactos - Ao Vivo,"Matheus & Kauan, Jorge & Mateus","sertanejo, sertanejo universitário, arrocha, agronejo","Country, Latin",Pactos (Ao Vivo),2022-10-12,2M4kQD87lKnAS9vFlb4Bez,1000390,"2Z0lRIqr997lIUiPtrpKCr, 1elUiq4X7pxej6FRlrEzjM"
JGL,"La Adictiva, Luis R Conriquez","banda, norteño, corrido, grupera, corridos bélicos, corridos tumbados, electro corridos, sad sierreño, sierreño, música mexicana",Latin,JGL,2022-02-18,5kpxVMDvYGRmNqawPqDTYR,1000367,"49EE6lVLgU8sp7dFgPshgM, 0pePYDrJGk8gqMRbXrLJC8"
Space Song,Beach House,dream pop,Pop,Depression Cherry,2015-08-28,7H0ya83CMmgFcOhw0UB6ow,68322599,56ZTgzPBDge0OvCGgMO3OY
Agudo Mágico 3,"MC K.K, Dj TG Beats, Dj Aurélio, MC Lipivox","funk, brazilian funk","Hip Hop, R&B",Agudo Mágico 3,2022-10-10,6Hio4nlyWL2WBL8nYlbuGt,9027050,"6TtI28JVtV3RufOCwLvHod, 6Eni0bpQP6Z3G2CIN7VJRh, 2aBp5B1hhPlvVWbocbfA6x, 03R5vvmqjPsxS7Y5be6IAY"
Superman,"Eminem, Dina Rae","rap, hip hop, ",Hip Hop,The Eminem Show,2002-05-26,4woTEX1wYOTGDqNXuavlRC,160637903,"7dGJo4pcD2V6oG8kP0tJRR, 5jNmxPYz8QE5rYp4GDil8t"
Shivers,Ed Sheeran,soft pop,Pop,= (Tour Edition),2020-00-00,3xWGA8pa0IKFI7IMPri4P0,178675471,6eUKZXaKkcviH0Ku9w2n3V
Dark Red,Steve Lacy,,,Dark Red,2017-02-20,3EaJDYHA0KnX88JvDhL9oa,263660168,57vWImR43h4CaDao012Ofp
Apocalypse,Cigarettes After Sex,dream pop,Pop,Cigarettes After Sex,2017-06-09,0yc6Gst2xkRu0eMLeRMGCX,423865047,1QAJqy2dA3ihHBFIHRphZj
The Color Violet,Tory Lanez,,,Alone At Prom,2021-12-10,3azJifCSqg9fRij2yKIbWz,363988274,2jku7tDXc6XoB6MO2hFuqg
First Class,Jack Harlow,,,Come Home The Kids Miss You,2022-05-06,0wHFktze2PHC5jDt3B17DC,984344,2LIk90788K0zvyj2JJVwkJ
The Real Slim Shady,Eminem,"rap, hip hop",Hip Hop,The Marshall Mathers LP,2000-05-23,3yfqSUWxFvZELEM4PmlwIR,241761749,7dGJo4pcD2V6oG8kP0tJRR
Everybody Wants To Rule The World,Tears For Fears,"new wave, synthpop","Rock, Pop",Songs From The Big Chair (Super Deluxe Edition),1985-02-25,4RvWPyQ5RL0ao9LPZeSouE,390577455,4bthk9UfsYUYdcFyqxmSUU
Don't Stop Me Now - Remastered 2011,Queen,"classic rock, rock, glam rock",Rock,Jazz (2011 Remaster),1978-11-10,5T8EDUDqKcs6OSOwEsfqG7,2394683,1dfeR4HaWDbWqFHLkxsg1d
Média Boa - Ao Vivo,Felipe e Rodrigo,"sertanejo, sertanejo universitário, agronejo","Country, Latin",Média Boa (Ao Vivo),2022-09-09,1dMyIigB6MDsfD3xuG6TbO,980133,7gZu6kPnY9enEi5FvgTO4F
Tarot,"Bad Bunny, JHAYCO","reggaeton, trap latino, latin, urbano latino",Latin,Un Verano Sin Ti,2022-05-06,41oY4WCTj5kccfesTVFnvN,4852726,"4q3ewBCX7sLwd24euuV69X, 6nVcHLIgY5pE2YCl8ubca1"
Antidepresan,"Mert Demir, Mabel Matiz","turkish pop, arabesk, t-pop",Pop,Antidepresan,2022-11-04,4OH5Cd8ZOI1eSgJSC9PYmU,10164940,"1Zj4GtouAnxHq4qw7ooLfm, 1dpqJqIuNqideTvmxBsSku"
good 4 u,Olivia Rodrigo,,,SOUR,2021-05-21,4ZtFanR9U6ndgddUvNcjcG,5216981,1McMsnEElThX1knmY4oliG
Die For You,Joji,,,SMITHEREENS,2022-11-04,26hOm7dTtBi0TdpDGl141t,35750627,3MZsBdqDrRTJihTHQrO6Dq
Ghost,Justin Bieber,,,Justice,2021-03-19,6I3mqTwhRpn34SLVafSH7G,431299438,1uNFoZAHBGtllmzznpCI3s
I Love You So,The Walters,,,I Love You So,2014-11-28,4SqWKzw0CbA05TGszDgMlc,176678053,027TpXKGwdXP7iwbjUSpV8
Unstoppable,Sia,,,This Is Acting,2016-01-29,2J2Z1SkXYghSajLibnQHOa,226922581,5WUlDfRSoLAfcVSX1WnrxN
Take on Me,a-ha,"new wave, synthpop","Rock, Pop",Hunting High and Low,1985-06-01,2WfaOiMkCvy7F5fcp2zZ8L,182643697,2jzc5TC5TVFLXQlBNiIUzE
Pink Venom,BLACKPINK,k-pop,Pop,BORN PINK,2022-09-15,5zwwW9Oq7ubSxoCGyW1nbY,57460055,41MozSoPIsD1dJM0CLPjZF
Desesperados,"Rauw Alejandro, Chencho Corleone","reggaeton, urbano latino, trap latino, latin",Latin,VICE VERSA,2021-12-10,6mmPpaltUZK7xjNlBPQQ0p,6756213,"1mcTU81TzQhprhouKaTkpq, 37230BxxYs9ksS7OkZw3IU"
Ferrari,"James Hype, Miggy Dela Rosa","house, tech house, ",Electronic,Ferrari,2022-04-01,4zN21mbAuaD0WqtmaTZZeP,12084580,"43BxCL6t4c73BQnIJtry5v, 45ruzGUmIr8WLjLOPJ9mGU"
Heather,Conan Gray,,,Kid Krow,2020-03-20,4xqrdfXkTW4T0RauPLv3WA,128548225,4Uc8Dsxct0oMqx0P6i60ea
El Rescate,"Grupo Marca Registrada, Junior H","corrido, corridos bélicos, corridos tumbados, electro corridos, banda, norteño, música mexicana, sad sierreño, sierreño",Latin,El Rescate,2022-07-22,4w273WCBXwM4P3jTX5HkB2,3827616,"1gW6pz5n1aK249L0GvfQCC, 7Gi6gjaWy3DxyilpF1a8Is"
"Sex, Drugs, Etc.",Beach Weather,,,Pineapple Sunrise,2023-03-03,7MlDNspYwfqnHxORufupwq,81224772,7I3bkknknQkIiatWiupQgD
Blind,SZA,r&b,R&B,SOS,2022-12-09,2CSRrnOEELmhpq8iaAi9cd,29226767,7tYKF4w9nC0nq9CsPZTHyP
Danza Kuduro,"Don Omar, Lucenzo","reggaeton, urbano latino",Latin,Meet The Orphans,2010-01-01,2a1o6ZejUi8U3wzzOtCOYw,145667512,"33ScadVnbm2X8kkUqOkC6Z, 5bv5RplEOwdCvhq0EILh9E"
Wake Me Up,Avicii,edm,Electronic,True,2013-01-01,0nrRP2bk19rLc0orkWPQk2,38344137,1vCWHaC5f2uS3yhpwWbIA6
Night Changes,One Direction,,,FOUR (Deluxe),2014-11-17,5O2P9iiztwhomNh8xkR9lJ,333193182,4AK6F7OLvEQ5QYCBNiQWHq
Shape of You,Ed Sheeran,soft pop,Pop,÷ (Deluxe),2017-03-03,7qiZfU4dY1lWllzX7mPBI3,281120197,6eUKZXaKkcviH0Ku9w2n3V
Revenge,XXXTENTACION,emo rap,Hip Hop,17,2017-08-25,5TXDeTFVRVY7Cvt0Dw4vWW,84700718,15UsOTVnJzReFVN1VCnxy4
Easy On Me,Adele,soft pop,Pop,30,2021-11-19,46IZ0fSY2mpAiktS3KOqds,215323594,4dpARuHxo51G3z768sgnrY
GATÚBELA,"KAROL G, Maldy","reggaeton, latin, urbano latino",Latin,MAÑANA SERÁ BONITO,2023-02-24,6Vn1vje8yMw2OY6IOk9dkH,14881764,"790FomKkXshlbRYZFtlgla, 4IndUOBCZYZg61557iq2A9"
Lift Me Up - From Black Panther: Wakanda Forever - Music From and Inspired By,Rihanna,,,Black Panther: Wakanda Forever - Music From and Inspired By,2022-11-11,6sCvvleqKbeyOkQDieBYgp,71564168,5pKCCKE2ajJHZ9KAiaK11H
Hype Boy,NewJeans,k-pop,Pop,NewJeans 1st EP 'New Jeans',2022-08-01,0a4MMyCrzT0En247IhqZbD,108040961,6HvZYsbFfjnjFrWF950C9d
Don't Start Now,Dua Lipa,pop,Pop,Future Nostalgia,2020-03-27,3PfIrDoz19wz7qK7tYeu62,29647138,6M2wZ9GZgrQXHCFfjv46we
Riptide,Vance Joy,folk pop,Pop,Dream Your Life Away (Deluxe Edition),2014-08-05,2uXlHCUbq9OMUwx3hrk06o,484813827,10exVja0key0uqUkk6LJRT
MIDDLE OF THE NIGHT,Elley Duhé,,,MIDDLE OF THE NIGHT,2020-01-10,58HvfVOeJY7lUuCqF0m3ly,37665908,67MNhiAICFY6Pwc2YxCO0K
The Hills,The Weeknd,,,Beauty Behind The Madness,2015-08-28,7fBv7CLKzipRk6EC6TWHOB,159310068,1Xyo4u8uXC1ZmMpatF05PJ
Después de la Playa,Bad Bunny,"reggaeton, trap latino, latin, urbano latino",Latin,Un Verano Sin Ti,2022-05-06,1dm6z1fWB0cErMszU25dy2,922994,4q3ewBCX7sLwd24euuV69X
Billie Jean,Michael Jackson,,,Thriller,1982-11-30,7J1uxwnxfQLu4APicE5Rnj,3542627,3fMbdgg4jU18AjLCKBhRSm
Levitating (feat. DaBaby),"Dua Lipa, DaBaby","pop, ",Pop,Future Nostalgia,2020-03-27,5nujrmhLynf4yMoMtj8AQF,17099474,"6M2wZ9GZgrQXHCFfjv46we, 4r63FhuTkUYltbVAg5TQnk"
Siempre Pendientes,"Peso Pluma, Luis R Conriquez","corrido, corridos tumbados, corridos bélicos, música mexicana, sad sierreño, electro corridos, banda, sierreño",Latin,Siempre Pendientes,2022-08-15,3gfSH9aYZbyGjdmbeoWliw,9719503,"12GqGscKJx3aE4t07u7eVZ, 0pePYDrJGk8gqMRbXrLJC8"
Dream On,Aerosmith,"classic rock, rock",Rock,AEROSMITH,1973-00-00,3tAQNhm1o0kzldsI5QkrB1,21275588,7Ey4PD4MYsKc5I2dolUwbH
Bohemian Rhapsody - Remastered 2011,Queen,"classic rock, rock, glam rock",Rock,A Night At The Opera (2011 Remaster),1975-11-21,4u7EnebtmKWzUH433cf5Qv,913995,1dfeR4HaWDbWqFHLkxsg1d
La Boda Del Huitlacoche - Live,Carin Leon,"banda, norteño, sierreño, corrido, grupera, ranchera, sad sierreño, música mexicana",Latin,Borrachera Con Los Honorables (Live),2020-03-19,1Tcm4Qi0lbzXofH11MIzJs,910022,66ihevNkSYNzRAl44dx6jJ
Woman,Doja Cat,,,Planet Her,2021-06-25,6Uj1ctrBOjOas8xZXGqKk4,16155636,5cj0lLjcoR7YOSnhnX0Po5
La Corriente,"Bad Bunny, Tony Dize","reggaeton, trap latino, latin, urbano latino",Latin,Un Verano Sin Ti,2022-05-06,1797zYiX4cKosMH836X9Gt,908143,"4q3ewBCX7sLwd24euuV69X, 3LKXWvXFWrkwUzJWxzwVpW"
Beijo de Glicose - Ao Vivo,"Diego & Victor Hugo, Jorge & Mateus","sertanejo, sertanejo universitário, arrocha, piseiro, agronejo","Country, Latin",Beijo de Glicose (Ao Vivo),2022-09-01,6gyhp7IcNhTYzwlk8utsgP,907030,"3k68C6mNMJL6OaAdWeW2ZF, 1elUiq4X7pxej6FRlrEzjM"
Too Many Nights (feat. Don Toliver & with Future),"Metro Boomin, Future, Don Toliver","rap, ",Hip Hop,HEROES & VILLAINS,2022-12-02,2Hh3ETdQKrmSI3QS0hme7g,330173618,"0iEtIxbK0KxaSlF7G42ZOp, 1RyvyyTE3xzB2ZywiAwp0i, 4Gso3d4CscCijv0lmajZWs"
Those Eyes,New West,,,Based On A True Story...,2023-10-20,2psRActEWsTlYYd7EDoyVR,377183289,69bG9tC62d8oTFC9aTTosn
Every Breath You Take,The Police,,,Synchronicity (Remastered 2003),1983-06-17,1JSTJqkT5qHq8MDJnJbRE1,295701550,5NGO30tJxFlKixkPSgXcFE
Someone You Loved,Lewis Capaldi,soft pop,Pop,Divinely Uninspired To A Hellish Extent,2019-05-17,7qEHsqek33rTcFNT9PFqLf,533304558,4GNC7GD6oZMSxPGyXy4MNB
Besharam Rang (From  Pathaan ),"Vishal-Shekhar, Shilpa Rao, Caralisa Monteiro, Vishal Dadlani, Shekhar Ravjiani, Kumaar","bollywood, desi, hindi pop, desi pop","Hip Hop, Pop",Besharam Rang (From  Pathaan ),2022-12-12,0CtZpaOhtzvLV3FfcsVpQo,17141167,"6Mv8GjQa7LKUGCAqa9qqdb, 19LIHDDSHBD5NyYHI3gpzB, 2Yf4MRVpt0rcAd5y5h5ph1, 6CXEwIaXYfVJ84biCxqc9k, 4xd7mLI7urqrxELaXhAvzw, 0m3D4grap8VFSzbJMqgNVk"
When I Was Your Man,Bruno Mars,,,Unorthodox Jukebox,2012-12-05,0B7wvvmu9EISAwZnOpjhNI,450903150,0du5cEVh5yTK9QJze8zA0C
Where Are You Now,"Lost Frequencies, Calum Scott","tropical house, soft pop","Pop, Electronic",All Stand Together,2023-11-10,3mfER4ORePHvN35cbZ3dkV,25781150,"7f5Zgnp2spUuuzKplmRkt7, 6ydoSd3N2mwgwBHtF6K7eX"
Una Noche en Medellín,Cris Mj,"reggaeton chileno, chilean trap, chilean mambo, reggaeton","Latin, Hip Hop",Una Noche en Medellín,2022-01-21,1O2pcBJGej0pmH2Y9XZMs6,6364991,1Yj5Xey7kTwvZla8sqdsdE
Don't Stop Believin' (2022 Remaster),Journey,"album rock, classic rock",Rock,Escape (2022 Remaster),1981-07-17,5RKQ5NdjSh2QzD4MaunT91,2339669,0rvjqX7ttXeg3mTy8Xscbt
OMG,NewJeans,k-pop,Pop,NewJeans 'OMG',2023-01-02,65FftemJ1DbbZ45DUfHJXE,451165651,6HvZYsbFfjnjFrWF950C9d
Shut up My Moms Calling,Hotel Ugly,,,Shut up My Moms Calling,2020-02-10,3hxIUxnT27p5WcmjGUXNwx,373008452,35WVTyRnKAoaGExqgktVyb
How Do I Say Goodbye,Dean Lewis,,,The Hardest Love,2022-11-04,1aOl53hkZGHkl2Snhr7opL,39774519,3QSQFmccmX81fWCUSPTS7y
Summertime Sadness,Lana Del Rey,,,Born To Die (Deluxe Version),2011-01-01,1FEiijYPJtyswChfcpv3p0,482010156,00FQb4jTyendYWaN8pK0wa
Do I Wanna Know?,Arctic Monkeys,"indie, garage rock",Rock,AM,2013-09-09,5FVd6KXrgO9B3JPmC8OPst,396623221,7Ln80lUS6He07XvHI8qqHH
Blank Space,Taylor Swift,,,1989 (Deluxe),2014-01-01,1u8c2t2Cy7UBoG4ArRcF5g,614199989,06HL4z0CvFAxyc27GXpf02
After Dark,Mr.Kitty,"witch house, darkwave","Metal, Electronic",Time,2014-08-08,5FkJHVudUByVjanCqFXRql,40490518,0pWwt5vGNzezEhfAcc420Y
Why'd You Only Call Me When You're High?,Arctic Monkeys,"indie, garage rock",Rock,AM,2013-09-09,086myS9r57YsLbJpU0TgK9,384231674,7Ln80lUS6He07XvHI8qqHH
Niagara Falls (Foot or 2) [with Travis Scott & 21 Savage],"Metro Boomin, Travis Scott, 21 Savage","rap, ",Hip Hop,HEROES & VILLAINS,2022-12-02,4WuOWVnAqvEQxgSRrspBgt,22749650,"0iEtIxbK0KxaSlF7G42ZOp, 0Y5tJX1MQlPlqiwlOH1tJY, 1URnnhqYAYcrqrcwql10ft"
Stargirl Interlude,"The Weeknd, Lana Del Rey",,,Starboy,2016-11-24,5gDWsRxpJ2lZAffh5p7K0w,429558422,"1Xyo4u8uXC1ZmMpatF05PJ, 00FQb4jTyendYWaN8pK0wa"
TV,Billie Eilish,,,Guitar Songs,2022-07-21,3GYlZ7tbxLOxe6ewMNVTkw,43864208,6qqNVTkY8uBg9cP3Jd7DAH
Counting Stars,OneRepublic,soft pop,Pop,Native,2013-01-01,2tpWsVSb9UEmDRxAl1zhX1,438767452,5Pwc4xIPtQLFEnJriah9YJ
Atlantis,Seafret,,,Tell Me It's Real (Expanded Edition),2016-01-29,1Fid2jjqsHViMX6xNH70hE,34006235,4Ly0KABsxlx4fNj63zJTrF
Escapism. - Sped Up,"RAYE, 070 Shake",,,Escapism. (Sped Up),2022-11-25,4rPJSqrov3zqGwXlemLBMw,59900397,"5KKpBU5eC2tJDzf0wmlRp2, 12Zk1DFhCbHY6v3xep2ZjI"
"You're On Your Own, Kid",Taylor Swift,,,Midnights,2022-10-21,4D7BCuvgdJlYvlX5WlN54t,9265857,06HL4z0CvFAxyc27GXpf02
Lose Yourself,Eminem,"rap, hip hop",Hip Hop,Just Lose It,2004-01-01,1v7L65Lzy0j0vdpRjJewt1,181388029,7dGJo4pcD2V6oG8kP0tJRR
Somewhere Only We Know,Keane,,,Hopes And Fears,2004-01-01,0ll8uFnc0nANY35E0Lfxvg,414044523,53A0W3U0s8diEn9RhXQhVz
WORTH NOTHING - Fast & Furious: Drift Tape/Phonk Vol 1,"TWISTED, Oliver Tree","phonk, drift phonk, ","Electronic, Hip Hop",WORTH NOTHING (Fast & Furious: Drift Tape/Phonk Vol 1),2022-09-28,5Zlb01Jcn0Ld49zazzZJSB,34804683,"1rPf3UFQ9PzH7MafzfHTnG, 6TLwD7HPWuiOzvXEa3oCNe"
Limbo,Freddie Dredd,"phonk, dark trap, memphis rap",Hip Hop,Freddie's Inferno,2022-08-11,37F7E7BKEw2E4O2L7u0IEp,25188458,0dlDsD7y6ccmDm8tuWCU6F
KICK BACK,Kenshi Yonezu,"j-pop, anime, j-rock","Pop, Rock",KICK BACK,2022-10-12,3khEEPRyBeOUabbmOPJzAG,18376887,1snhtMLeb2DYoMOcVbb8iB
PLAYA DEL INGLÉS,"Quevedo, Myke Towers","reggaeton, trap latino, urbano latino",Latin,DONDE QUIERO ESTAR,2023-01-20,0Sfn2TYbpQtCGMBf6C0Y6T,122477408,"52iwsT98xCoGgiGntTiR7K, 7iK8PXO48WeuP03g8YR51W"
Don’t Blame Me,Taylor Swift,,,reputation,2017-11-10,1R0a2iXumgCiFb7HEZ7gUE,434568389,06HL4z0CvFAxyc27GXpf02
Sunflower - Spider-Man: Into the Spider-Verse,"Post Malone, Swae Lee",,,Hollywood's Bleeding,2019-09-06,0RiRZpuVRbi7oqRdSMwhQY,543118909,"246dkjvS1zLTtiykXe5h60, 1zNqQNIdeOUZHb8zbZRFMX"
Payphone,"Maroon 5, Wiz Khalifa","pop, rap","Pop, Hip Hop",Overexposed Track By Track,2012-01-01,1XGmzt0PVuFgQYYnV2It7A,20364953,"04gDigrS5kc9YWfZHwBETP, 137W8MRPWKqSmrBGDBFSop"
I'm Not The Only One,Sam Smith,soft pop,Pop,In The Lonely Hour (Deluxe),2014-01-01,5QM0SsyzmBM0pbFY52Xj1X,45944071,2wY79sveU1sp5g7SokKOiI
WAIT FOR U (feat. Drake & Tems),"Future, Drake, Tems","rap, hip hop, afrobeats, alté, afrobeat","Traditional music, R&B, Hip Hop",I NEVER LIKED YOU,2022-04-29,59nOXPmaKlBfGMDeOVGrIK,31070924,"1RyvyyTE3xzB2ZywiAwp0i, 3TVXtAsR1Inumwj472S9r4, 687cZJR45JO7jhk1LHIbgq"
CHORRITO PA LAS ANIMAS,Feid,"reggaeton, urbano latino",Latin,SIXDO,2022-12-02,0CYTGMBYkwUxrj1MWDLrC5,301217923,2LRoIwlKmHjgvigdNGBHNo
My Universe,"Coldplay, BTS",k-pop,Pop,Music Of The Spheres,2021-10-15,46HNZY1i7O6jwTA7Slo2PI,83162720,"4gzpq5DPGxSnKTe4SA8HAU, 3Nrfpe0tUJi4K4DXYWgMUX"
Evergreen (You Didn’t Deserve Me At All),Omar Apollo,bedroom pop,Pop,Ivory,2022-04-08,2TktkzfozZifbQhXjT6I33,14084923,5FxD8fkQZ6KcsSYupDVoSO
Demons,Imagine Dragons,,,Night Visions,2012-09-04,5qaEfEh1AtSdrdrByCP7qR,369352336,53XhwfbYqKCa1cC15pYq2q
Good Days,SZA,r&b,R&B,SOS,2022-12-09,4PMqSO5qyjpvzhlLI5GnID,16024700,7tYKF4w9nC0nq9CsPZTHyP
Bejeweled,Taylor Swift,,,Midnights,2022-10-21,3qoftcUZaUOncvIYjFSPdE,2839761,06HL4z0CvFAxyc27GXpf02
Bam Bam (feat. Ed Sheeran),"Camila Cabello, Ed Sheeran","pop, soft pop",Pop,Familia,2022-04-07,2DB4DdfCFMw1iaR6JaR03a,6827860,"4nDoRrQiYLoBzwC5BhVJzF, 6eUKZXaKkcviH0Ku9w2n3V"
LA INOCENTE,"Mora, Feid","urbano latino, reggaeton, trap latino",Latin,MICRODOSIS,2022-04-01,5jt25aFjW2kNoBqaEVaz5W,134627347,"0Q8NcsJwoCbZOHHW63su5S, 2LRoIwlKmHjgvigdNGBHNo"
Snow On The Beach (feat. Lana Del Rey),"Taylor Swift, Lana Del Rey",,,Midnights,2022-10-21,1wtOxkiel43cVs0Yux5Q4h,5298968,"06HL4z0CvFAxyc27GXpf02, 00FQb4jTyendYWaN8pK0wa"
Locked out of Heaven,Bruno Mars,,,Unorthodox Jukebox,2012-12-05,5g7sDjBhZ4I3gcFIpkrLuI,350943381,0du5cEVh5yTK9QJze8zA0C
Bad Memories (feat. Elley Duhé & FAST BOY),"MEDUZA, James Carter, Elley Duhé, FAST BOY",,,Bad Memories (feat. Elley Duhé & FAST BOY),2022-07-22,3rb0tMq42WfggucPm0HHkA,4750975,"0xRXCcSX89eobfrshSVdyu, 5344K3N7rx7kw1HjO8psuq, 67MNhiAICFY6Pwc2YxCO0K, 56Qz2XwGj7FxnNKrfkWjnb"
Karma,Taylor Swift,,,Midnights,2022-10-21,7KokYm8cMIXCsGVmUvKtqf,332082240,06HL4z0CvFAxyc27GXpf02
Take Me To Church,Hozier,,,Hozier,2014-09-19,3dYD57lRAUcMHufyqn9GcI,220615501,2FXC3k01G6Gw61bmprjgqS
Snooze,SZA,r&b,R&B,SOS,2022-12-09,4iZ4pt7kvcaH6Yo8UoZ4s2,649713162,7tYKF4w9nC0nq9CsPZTHyP
Normal,Feid,"reggaeton, urbano latino",Latin,FELIZ CUMPLEAÑOS FERXXO TE PIRATEAMOS EL ÁLBUM,2022-09-14,0T2pB7P1VdXPhLdQZ488uH,238382008,2LRoIwlKmHjgvigdNGBHNo
Yandel 150,"Yandel, Feid","reggaeton, urbano latino, latin",Latin,Resistencia,2023-01-13,4FAKtPVycI4DxoOHC01YqD,630470976,"0eHQ9o50hj6ZDNBt6Ys1sD, 2LRoIwlKmHjgvigdNGBHNo"
Say You Won't Let Go,James Arthur,soft pop,Pop,Back from the Edge,2016-10-28,5uCax9HTNlzGybIStD3vDh,154108858,4IWBUUAFIplrNtaOHcJPRM
Rumble,"Skrillex, Fred again.., Flowdan","dubstep, edm, electro, electronic, stutter house, house, drum and bass, grime","Electronic, Hip Hop",Rumble,2023-01-04,1GfBLbAhZUWdseuDqhocmn,9981167,"5he5w2lnU9x7JFhnwcekXX, 4oLeXFyACqeem2VImYeBFe, 07CimrZi5vs9iEao47TNQ4"
Till I Collapse,"Eminem, Nate Dogg","rap, hip hop, g-funk, west coast hip hop, gangster rap",Hip Hop,The Eminem Show,2002-05-26,4xkOaSrkexMciUUogZKVTS,15040231,"7dGJo4pcD2V6oG8kP0tJRR, 1Oa0bMld0A3u5OTYfMzp5h"
AMG,"Natanael Cano, Peso Pluma, Gabito Ballesteros","corridos tumbados, corrido, corridos bélicos, sad sierreño, electro corridos, sierreño, música mexicana, banda",Latin,Nata Montana,2023-06-30,0FxtC8uFapbpDBliAU3sd6,417971315,"0elWFr7TW8piilVRYJUe4P, 12GqGscKJx3aE4t07u7eVZ, 6Sbl0NT50roqWvy746MfVf"
We Caa Done (feat. Drake),"Popcaan, Drake","dancehall, soca, afrobeats, reggae, riddim, ragga, rap, hip hop","R&B, Traditional music, Hip Hop, Electronic",We Caa Done (feat. Drake),2023-01-06,6rb3wFQ66EWR7DcPG0oEE1,2054666,"62DmErcU7dqZbJaDqwsqzR, 3TVXtAsR1Inumwj472S9r4"
I'll Be Waiting,Cian Ducrot,,,I'll Be Waiting (Sad At Christmas),2022-11-09,0JIhRhZPF5j5dx0FGqTWxy,3082725,49jTY62Cpw3RYo4dLuG43W
Boy's a Liar,PinkPantheress,bedroom pop,Pop,Boy's a liar,2022-11-30,3NanY0K4okhIQzL33U5Ad8,27622135,78rUTD7y6Cy67W1RVzYs7t
Attention,NewJeans,k-pop,Pop,NewJeans 1st EP 'New Jeans',2022-08-01,2pIUpMhHL6L9Z5lnKxJJr9,2800663,6HvZYsbFfjnjFrWF950C9d
drivers license,Olivia Rodrigo,,,SOUR,2021-05-21,5wANPM4fQCJwkGd4rN57mH,22165859,1McMsnEElThX1knmY4oliG
Sie weiß (feat. Mero),"AYLIVA, MERO","german pop, german hip hop, turkish hip hop","Hip Hop, Pop",Sie weiß (feat. Mero),2023-01-06,7DyDjhZMEIK5Ied4juTCyc,16817891,"2rEVnwCPBeGkWMv425KoG1, 5wyWp867LWGjFmYZXVSFnZ"
Very Few Friends,Saint Levant,arabic rap,Hip Hop,Very Few Friends,2022-11-07,2L0PRavRIQIjVcZK4Qgfgi,979289,5ZZsFnpO7frU8h5xH1wtjT
Heart To Heart,Mac DeMarco,indie,Rock,Here Comes The Cowboy,2019-05-10,7EAMXbLcL0qXmciM5SwMh2,87868271,3Sz7ZnJQBIHsXLUSo0OQtM
The Night We Met,Lord Huron,,,Strange Trails,2015-04-06,3hRV0jL3vUpRrcy398teAU,342459755,6ltzsmQQbmdoHHbLZ4ZN25
Shut up My Moms Calling (Sped up),Hotel Ugly,,,Shut up My Moms Calling (Sped up),2022-09-14,31mzt4ZV8C0f52pIz1NSwd,9475502,35WVTyRnKAoaGExqgktVyb
cómo dormiste?,Rels B,"urbano latino, trap latino",Latin,cómo dormiste?,2022-08-04,3fjN3y5x4hN53rykAN2LHQ,10763852,2IMZYfNi21MGqxopj9fWx8
People,Libianca,"afrobeats, afrobeat","Traditional music, R&B",People,2022-12-06,26b3oVLrRUaaybJulow9kz,419641214,7kjSuFGKhLm8b5qXoMhRkJ
Shallow,"Lady Gaga, Bradley Cooper","art pop, pop, ",Pop,A Star Is Born Soundtrack,2018-10-05,2VxeLyX666F8uXCJ0dZF8B,9901407,"1HY2Jd0NmPuamShAr6KMms, 4VIvfOurcf0vuLRxLkGnIG"
Señorita,"Shawn Mendes, Camila Cabello",pop,Pop,Shawn Mendes (Deluxe),2019-06-19,6v3KW9xbzN5yKLt9YKDYA2,975692,"7n2wHs1TKAczGzO7Dd2rGr, 4nDoRrQiYLoBzwC5BhVJzF"
After Hours,The Weeknd,,,After Hours,2020-03-20,2p8IUWQDrpjuFltbdgLOag,18381264,1Xyo4u8uXC1ZmMpatF05PJ
i'm yours,Isabel LaRosa,,,i'm yours,2022-10-28,37vVp2sWHuuIBOSl1NswP6,973443,5arKwJZEvT5uKq4o0JfqR4
"Shakira: Bzrp Music Sessions, Vol. 53","Bizarrap, Shakira","argentine trap, trap latino, urbano latino, latin pop, latin","Hip Hop, Latin, Pop","Shakira: Bzrp Music Sessions, Vol. 53",2023-01-11,4nrPB8O7Y7wsOCJdgXkthe,739876069,"716NhGYqD1jl2wI1Qkgq36, 0EmeFodog0BfCgMzAIvKQp"
Nonsense,Sabrina Carpenter,,,emails i can't send,2022-07-15,6dgUya35uo964z7GZXM07g,503718859,74KM79TiuVKeVCqs8QtB0B
The Hills X Creepin X the Color Violet,LonelyEve,,,The Hills X Creepin X the Color Violet,2022-12-31,1QzwMKkw7GfCY9CM9znmtF,2396299,1PVih0Ygfa7Kk2Y2jrf1kZ
Stay With Me,Sam Smith,soft pop,Pop,In The Lonely Hour (Deluxe),2014-01-01,5MxWTfmlmRDx6VZHvB9xV8,5311226,2wY79sveU1sp5g7SokKOiI
Memories,Maroon 5,pop,Pop,JORDI (Deluxe),2021-06-11,4cktbXiXOapiLBMprHFErI,8231204,04gDigrS5kc9YWfZHwBETP
Billete Grande (En Vivo),"Fuerza Regida, Edgardo Nuñez","corrido, corridos tumbados, corridos bélicos, música mexicana, banda, sierreño, electro corridos, sad sierreño",Latin,Billete Grande (En Vivo),2022-08-02,3XfUFGzbr0LmwFVoLXd9cO,11949517,"0ys2OFYzWYB5hRDLCsBqxt, 0mA4dkNGiN4fqTBi2SLlAv"
Flowers,Miley Cyrus,,,Endless Summer Vacation,2023-08-18,7DSAEUvxU8FajXtRloy8M0,1657728573,5YGY8feqx7naU7z4HrwZM6
VIBE (feat. Jimin of BTS),"TAEYANG, Jimin",k-pop,Pop,VIBE (feat. Jimin of BTS),2023-01-13,61AZsmFB3VoJdmraMk5ZSn,52578367,"6udveWUgX4vu75FF0DTrXV, 1oSPZhvZMIrWW5I41kPkkY"
Cookies N' Cream (feat. ANNA & Sfera Ebbasta),"Guè, ANNA, Sfera Ebbasta","italian trap, trap",Hip Hop,Madreperla,2023-01-13,1xUnvxp9DFrpwXnO0RHKUp,1218593,"7F2utINZ6tSokSiZTQBE27, 7K80yOTC0Id95gRaOxDG5u, 23TFHmajVfBtlRx5MXqgoz"
Gimme (feat. Koffee & Jessie Reyez),"Sam Smith, Original Koffee, Jessie Reyez","soft pop, dancehall, afrobeats, reggae, afrobeat, ","Traditional music, R&B, Pop",Gimme (feat. Koffee & Jessie Reyez),2023-01-11,2GGN92tO0UbNAYrbMbQ4bf,1170287,"2wY79sveU1sp5g7SokKOiI, 1gWjcmBsveEYMxOZ0VRi32, 3KedxarmBCyFBevnqQHy3P"
Fin de Semana,"Oscar Maydon, Junior H","corridos tumbados, corrido, corridos bélicos, electro corridos, sad sierreño, banda, música mexicana, sierreño",Latin,Fin de Semana,2023-01-13,6TBzRwnX2oYd8aOrOuyK1p,300285796,"3l9G1G9MxH6DaRhwLklaf5, 7Gi6gjaWy3DxyilpF1a8Is"
Hips Don't Lie (feat. Wyclef Jean),"Shakira, Wyclef Jean","latin pop, latin, ","Latin, Pop","Oral Fixation, Vol. 2 (Expanded Edition)",2005-11-28,3ZFTkvIE7kyPt6Nu3PEa7V,6829813,"0EmeFodog0BfCgMzAIvKQp, 7aBzpmFXB4WWpPl2F7RjBe"
Puta Mexicana,"DJ Jeeh FDC, MC Menor MT, Yuri Redicopa, Mc Pelé","funk, brazilian funk, funk carioca, ","Hip Hop, R&B",Som das Regiões,2022-12-06,4mD9hjoTckjeL1CrJCx0MT,15124465,"5lal0BjsooQ7ON4t7B73bp, 4EMRE0wdcc2xjv1PCmTqUU, 0pVJXCGsBydS7rq0R4w4hm, 5kfgervAs5bJUOC0vbYB12"
Gilded Lily,Cults,,,Offering,2022-10-26,3Z0qLOS0cqWKPHXkbTXmNF,3886473,3Oim8XBPbznAa8Jj8QzNc8
Nothing Breaks Like a Heart (feat. Miley Cyrus),"Mark Ronson, Miley Cyrus",,,Late Night Feelings,2019-06-21,02dRkCEc8Q5ch4TTcnLxOn,2069973,"3hv9jJF3adDNsBSIQDqcjp, 5YGY8feqx7naU7z4HrwZM6"
Prisoner (feat. Dua Lipa),"Miley Cyrus, Dua Lipa",pop,Pop,Plastic Hearts,2020-11-27,2Oycxb8QbPkpHTo8ZrmG0B,4076527,"5YGY8feqx7naU7z4HrwZM6, 6M2wZ9GZgrQXHCFfjv46we"
Angels Like You,Miley Cyrus,,,Plastic Hearts,2020-11-27,1daDRI9ahBonbWD8YcxOIB,386999685,5YGY8feqx7naU7z4HrwZM6
Before You Go,Lewis Capaldi,soft pop,Pop,Divinely Uninspired To A Hellish Extent (Extended Edition),2019-11-22,2gMXnyrvIjhVBUZwvLZDMP,9985586,4GNC7GD6oZMSxPGyXy4MNB
Wrecking Ball,Miley Cyrus,,,Bangerz (Deluxe Version),2013-10-04,2vwlzO0Qp8kfEtzTsCXfyE,3059194,5YGY8feqx7naU7z4HrwZM6
Players,Coi Leray,,,COI,2023-06-23,755xVrgyHyUpl9EP5e4ICf,287699243,6AMd49uBDJfhf30Ak2QR5s
Set Fire to the Rain,Adele,soft pop,Pop,21,2011-01-19,7j4OmvkjRz0PrjFADlHfQx,466117757,4dpARuHxo51G3z768sgnrY
MOONLIGHT SUNRISE,TWICE,k-pop,Pop,MOONLIGHT SUNRISE,2023-01-20,38DlSDrx9tgc5Gfq6y3aBa,22652196,7n2Ycct7Beij7Dj7meI4X0
AHORA QUÉ,Quevedo,reggaeton,Latin,DONDE QUIERO ESTAR,2023-01-20,5qP24CrDI0rmY5zwRvUfzU,14390771,52iwsT98xCoGgiGntTiR7K
KNIGHT CRAWLER (feat. Juice WRLD),"Trippie Redd, Juice WRLD","melodic rap, emo rap",Hip Hop,MANSION MUSIK,2023-01-20,3fNMgjG8yXaSam46swhz7w,5811513,"6Xgp2XMz1fhVYe7i6yNAax, 4MCBfE4596Uoi2O4DtmEMz"
Komet,"Udo Lindenberg, Apache 207","german pop, neue deutsche welle, schlager, german hip hop","Hip Hop, Pop, Rock",Komet,2023-01-19,7oQepKHmXDaPC3rgeLRvQu,17811373,"7iWcRnQMinCoV2u5ICgsW0, 1qQLhymHXFPtP5U8KNKsm6"
GOSSIP (feat. Tom Morello),"Måneskin, Tom Morello",,,RUSH!,2023-01-20,44Xyja7xYPlVC6v2CeweSi,3488479,"0lAWpj5szCSwM4rUMHYmrr, 74NBPbyyftqJ4SpDZ4c1Ed"
F64,Ed Sheeran,soft pop,Pop,F64,2023-01-19,5DFi6D7SrYHRIgZbY5MqqE,1207425,6eUKZXaKkcviH0Ku9w2n3V
THE LONELIEST,Måneskin,,,RUSH!,2023-01-20,7exHT4swWOKL5addPeqkLP,12680533,0lAWpj5szCSwM4rUMHYmrr
WANDA,Quevedo,reggaeton,Latin,DONDE QUIERO ESTAR,2023-01-20,0Iozrbed8spxoBnmtBMshO,66682700,52iwsT98xCoGgiGntTiR7K
SIN SEÑAL,"Quevedo, Ovy On The Drums",reggaeton,Latin,DONDE QUIERO ESTAR,2023-01-20,3pjvkWO9fqiRRBE1tDLu3S,2257753,"52iwsT98xCoGgiGntTiR7K, 3m5qlPf2OkihLz3dRYnkPA"
YANKEE,Quevedo,reggaeton,Latin,DONDE QUIERO ESTAR,2023-01-20,0FirgnvrpCkkhdaq64Gfen,1073424,52iwsT98xCoGgiGntTiR7K
Ch y la Pizza,"Fuerza Regida, Natanael Cano","corrido, corridos tumbados, corridos bélicos, música mexicana, banda, sierreño, electro corridos, sad sierreño",Latin,Pa Que Hablen,2022-12-30,0UbesRsX2TtiCeamOIVEkp,223536999,"0ys2OFYzWYB5hRDLCsBqxt, 0elWFr7TW8piilVRYJUe4P"
Muñecas,"TINI, La Joaqui, Steve Aoki","latin pop, rkt, turreo, electro house, edm","Electronic, Pop, Latin",Cupido,2023-02-16,4yPmTUkWmUfLPQLCccp0DR,23419257,"7vXDAI8JwjW531ouMGbfcp, 60XHOAhvEBiV6BGBOv8ClM, 77AiFEVeAVj2ORpC85QVJs"
Eres Ese Algo,La Maquinaria Norteña,"norteño-sax, norteño, cumbia norteña, música mexicana, banda",Latin,Al Derecho Y Al Reverso,2022-10-14,6rOy9SIawgruuIWLP5divC,1956999,7uGhSk7fVURjDaiXW1FSbL
Money Trees,"Kendrick Lamar, Jay Rock","hip hop, west coast hip hop, ",Hip Hop,"good kid, m.A.A.d city",2012-00-00,2HbKqm4o0w5wEeEFXm2sD4,344066884,"2YZyLoL8N0Wb9xBt1NhZWg, 28ExwzUQsvgJooOI0X1mr3"
PRC,"Peso Pluma, Natanael Cano","corrido, corridos tumbados, corridos bélicos, música mexicana, sad sierreño, electro corridos, banda, sierreño",Latin,GÉNESIS,2023-06-29,0cNSq9T5l8gZnpY14rsTR2,446473148,"12GqGscKJx3aE4t07u7eVZ, 0elWFr7TW8piilVRYJUe4P"
"Hey, Mickey!",Baby Tate,,,"Hey, Mickey!",2016-09-27,3RKjTYlQrtLXCq5ncswBPp,26335986,3IJ21966TwNZI24MwZHMu4
I Wish you Roses,Kali Uchis,,,I Wish you Roses,2023-01-19,6BQrmjAgPfPTwILoFEK3Hd,3059893,1U1el3k54VvEUzo3ybLPlM
Jhoome Jo Pathaan,"Vishal-Shekhar, Arijit Singh, Sukriti Kakar, Vishal Dadlani, Shekhar Ravjiani, Kumaar","bollywood, desi, hindi pop, bangla pop, desi pop","Pop, Hip Hop",Pathaan,2022-12-22,6FAYpZ4jve8vpvTwUvjK6H,19531809,"6Mv8GjQa7LKUGCAqa9qqdb, 4YRxDV8wJFPHPTeXepOstw, 3FgHkfb3IqG4WKuVe1xCXM, 6CXEwIaXYfVJ84biCxqc9k, 4xd7mLI7urqrxELaXhAvzw, 0m3D4grap8VFSzbJMqgNVk"
LLYLM,ROSALÍA,latin,Latin,LLYLM,2023-01-27,2SiAcexM2p1yX6joESbehd,44322357,7ltDVBr6mKbRvohxheJ9h1
Sugar Rush Ride,TOMORROW X TOGETHER,k-pop,Pop,The Name Chapter: TEMPTATION,2023-01-27,0rhI6gvOeCKA502RdJAbfs,17804350,0ghlgldX5Dd6720Q3qFyQB
LOVE AGAIN,The Kid LAROI,,,LOVE AGAIN,2023-01-27,4sx6NRwL6Ol3V6m9exwGlQ,71159471,2tIP7SsRs7vjIcLrU85W8J
I'm Not Here To Make Friends,"Sam Smith, Calvin Harris, Jessie Reyez","soft pop, edm, ","Electronic, Pop",Gloria,2023-01-27,3i0FkJYlU4MFfYkjFHXXAM,38785803,"2wY79sveU1sp5g7SokKOiI, 7CajNmpbOovFoOoasH2HaY, 3KedxarmBCyFBevnqQHy3P"
Tinnitus (Wanna be a rock),TOMORROW X TOGETHER,k-pop,Pop,The Name Chapter: TEMPTATION,2023-01-27,0f0SbtoKGe41cX5LzlnX6X,4920854,0ghlgldX5Dd6720Q3qFyQB
Devil by the Window,TOMORROW X TOGETHER,k-pop,Pop,The Name Chapter: TEMPTATION,2023-01-27,53H3sGmqiXWO4MwuZAJfyn,2780861,0ghlgldX5Dd6720Q3qFyQB
"Farewell, Neverland",TOMORROW X TOGETHER,k-pop,Pop,The Name Chapter: TEMPTATION,2023-01-27,43mnNatwMMydJ4CxMdQVnJ,1456773,0ghlgldX5Dd6720Q3qFyQB
Happy Fools (feat. Coi Leray),"TOMORROW X TOGETHER, Coi Leray","k-pop, ",Pop,The Name Chapter: TEMPTATION,2023-01-27,77LZvE2XLYn2AW55UxIG8H,1349619,"0ghlgldX5Dd6720Q3qFyQB, 6AMd49uBDJfhf30Ak2QR5s"
PANTIES Y BRASIERES,"Rauw Alejandro, Daddy Yankee","reggaeton, urbano latino, trap latino, latin",Latin,SATURNO,2023-01-24,4uVEdikP5eLUy8Dq6gjiPV,2328563,"1mcTU81TzQhprhouKaTkpq, 4VMYDCV2IEDYJArk749S6m"
Dawns (feat. Maggie Rogers),"Zach Bryan, Maggie Rogers","country, red dirt, ",Country,Dawns (feat. Maggie Rogers),2023-01-27,42TtHTxWk782ZBiqyOi2d1,1165407,"40ZNYROS4zLfyyBSs2PGe2, 4NZvixzsSefsNiIqXn0NDe"
the BLACK seminole.,Lil Yachty,,,Let’s Start Here.,2023-01-27,1rydhdFtKe2CRkiaVb7aGF,1052688,6icQOAFXDZKsumw3YXyusw
MERCHO,"LiL CaKe, Migrantes, Nico Valdi","argentine trap, cumbia, cuarteto, rkt, turreo","Hip Hop, Latin",MERCHO,2022-12-16,1DxEbt6OSbrkRthk6pjZue,204941456,"0niAkxgT6y57bRbT0Ge94z, 48R2gYdPKtfnfKAzhSVPUx, 0uxYECT7XqHNccQAg5Uhe4"
El Gavilán,"Luis R Conriquez, Tony Aguirre, Peso Pluma","corrido, corridos bélicos, corridos tumbados, electro corridos, banda, sad sierreño, sierreño, música mexicana",Latin,El Gavilán,2022-10-21,4ygQ5wSuzzNRevVjup1qV2,27732363,"0pePYDrJGk8gqMRbXrLJC8, 6twEaJ9RPRYiCmWapjG8xh, 12GqGscKJx3aE4t07u7eVZ"
ULALA (OOH LA LA),"Myke Towers, Daddy Yankee","reggaeton, trap latino, urbano latino, latin",Latin,ULALA (OOH LA LA),2022-11-24,4EQOGfssbSpTlV6EZRtrSv,5110045,"7iK8PXO48WeuP03g8YR51W, 4VMYDCV2IEDYJArk749S6m"
Los Collares,"Oscar Maydon, El Padrinito Toys","corridos tumbados, corrido, corridos bélicos, electro corridos, sad sierreño, banda, música mexicana",Latin,Los Collares,2022-09-30,46FdwGMcgz6gik4RCpWBAW,4007896,"3l9G1G9MxH6DaRhwLklaf5, 04mzq9GH08zOBRdV2gzmXm"
cardigan,Taylor Swift,,,folklore,2020-07-24,4R2kfaDFhslZEMJqAFNpdd,466481928,06HL4z0CvFAxyc27GXpf02
Last Night,Morgan Wallen,country,Country,One Thing At A Time,2023-03-03,7K3BhSpAxZBznislvUMVtn,673871754,4oUHIQIBe0LHzYfvXNW4QM
Everything I Love,Morgan Wallen,country,Country,One Thing At A Time,2023-03-03,03fs6oV5JAlbytRYf3371S,13444133,4oUHIQIBe0LHzYfvXNW4QM
I Wrote The Book,Morgan Wallen,country,Country,One Thing At A Time,2023-03-03,7phmBo7bB9I9YifAXqnlqV,11756285,4oUHIQIBe0LHzYfvXNW4QM
Flow Espacial,"Teto, WIU, Matuê","brazilian trap, trap, trap funk, brazilian hip hop","Hip Hop, Electronic",Flow Espacial,2023-01-30,4qDT0BeJ7BjatrN9k8AvB4,1062835,"68YeXpLt3jB7JHQS5ZjMGo, 3MrDVzg7ZXaYMyQmbDInr7, 5nP8x4uEFjAAmDzwOEc9b8"
Zona De Perigo,Léo Santana,"pagode baiano, axé, piseiro, pagode, arrocha, brazilian pop, forró","Country, Pop, Latin",Zona De Perigo,2022-12-08,1jHgfC8T5KxUyC5Ldw6lk9,70192290,7KVJCU4z5L4EUHILL8aMxR
Boy With Luv (feat. Halsey),"BTS, Halsey","k-pop, ",Pop,MAP OF THE SOUL : PERSONA,2019-04-12,4a9tbd947vo9K8Vti9JwcI,8337975,"3Nrfpe0tUJi4K4DXYWgMUX, 26VFTg2z8YR0cCuwLzESi2"
X SI VOLVEMOS,"KAROL G, Romeo Santos","reggaeton, latin, urbano latino, bachata, bachata pop","Latin, Pop",MAÑANA SERÁ BONITO,2023-02-24,4NoOME4Dhf4xgxbHDT7VGe,213871626,"790FomKkXshlbRYZFtlgla, 5lwmRuXgjX8xIwlnauTZIP"
TRUSTFALL,P!nk,,,TRUSTFALL,2023-01-27,4FWbsd91QSvgr1dSWwW51e,10370977,1KCSPY1glIKqW2TotWuXOR
En Paris,"El Chachito, Junior H","corrido, corridos bélicos, corridos tumbados, sad sierreño, sierreño, música mexicana, banda",Latin,En Paris,2022-12-24,1Fuc3pBiPFxAeSJoO8tDh5,77256769,"6OP8Y0UsezppFkU1hZU6EJ, 7Gi6gjaWy3DxyilpF1a8Is"
Just the Way You Are,Bruno Mars,,,Doo-Wops & Hooligans,2010-05-11,7BqBn9nzAq8spo5e7cZ0dJ,222788426,0du5cEVh5yTK9QJze8zA0C
Kahani Suno 2.0,Kaifi Khalil,"desi, indian indie","Hip Hop, Rock",Kahani Suno 2.0,2022-05-31,4VsP4Dm8gsibRxB5I2hEkw,60093901,1n9EM0Y4A89vuRiA93gSS9
Coração de Gelo,WIU,"brazilian trap, trap, trap funk, brazilian hip hop","Hip Hop, Electronic",Manual de Como Amar Errado,2022-11-29,7nFvKgVumc9FcU97zGjjei,11613778,3MrDVzg7ZXaYMyQmbDInr7
Boy's a liar Pt. 2,"PinkPantheress, Ice Spice","bedroom pop, ",Pop,Boy's a liar Pt. 2,2023-02-03,6AQbmUe0Qwf5PZnt4HmTXv,666437216,"78rUTD7y6Cy67W1RVzYs7t, 3LZZPxNDGDFVSIPqf4JuEf"
Sial,Mahalini,"indonesian pop, malay",Pop,fábula,2023-01-23,6dXiWwFrcGieqnoLYzPNp5,87893760,3wOsYKZM0zcKNasi3I7fP4
Rush,Ayra Starr,"afrobeats, afrobeat, afropop, afropiano, afro soul","R&B, Traditional music, Pop",19 & Dangerous (Deluxe),2022-10-21,1xs8bOvm3IzEYmcLJVOc34,24001809,3ZpEKRjHaHANcpk10u6Ntq
Due Vite,Marco Mengoni,italo dance,Pop,MATERIA (PELLE),2022-12-25,4eI0ncpnZuv4A3ssTJRSDY,12212359,3xGlLcG9CUrs5MvFkSLOS5
SUPEREROI,Mr.Rain,,,SUPEREROI,2023-02-08,42koUxIEdY4kVqcLRjp6uE,14920061,59MLbXG0jLVwJup3KAd6m1
CENERE,Lazza,italian trap,Hip Hop,SIRIO,2022-04-07,0mHC3BK9vFGoEU0EcGPWRZ,29065532,0jdNdfi4vAuVi7a6cPDFBM
IL BENE NEL MALE,Madame,italian trap,Hip Hop,IL BENE NEL MALE,2023-02-09,2j8E9m3kDHfxFnGhN4fXaC,7260520,1vgQksyJ0IVz8y9XerEOy3
Lost,Linkin Park,"nu metal, rap metal, rock, alternative metal","Metal, Rock",Lost,2023-02-10,373gDROnujxNTFa1FojYIl,26596531,6XyY86QOPPrYVGvF9ch6wz
Love You Anyway,Luke Combs,country,Country,Love You Anyway,2023-02-10,3qXsX3mYSsD1DmAvc3PE3N,6641569,718COspgdWOnwOFpJHRZHS
Special (feat. SZA),"Lizzo, SZA",r&b,R&B,Special (feat. SZA),2023-02-09,0rc1HCVoReqzzXF9jssqZk,1417842,"56oDRnqbIiwx4mymNEv7dS, 7tYKF4w9nC0nq9CsPZTHyP"
Facilita Aí,Zé Felipe,"piseiro, sertanejo, arrocha, agronejo, forró, sertanejo universitário","Country, Latin",Facilita Aí,2023-02-02,4bT4Gbs7FA4cLyZeKtlGVO,19639777,7cmuxPnXRJxwuYDHfbD8Eu
Running Out Of Time,Paramore,"pop punk, emo, emo pop","Rock, Pop",This Is Why,2023-02-10,5NRtdsFFlmyE8qDMgS08PE,1247541,74XFHRwlV6OrjEM0A2NCMF
In the End,Linkin Park,"nu metal, rap metal, rock, alternative metal","Metal, Rock",Hybrid Theory (Bonus Edition),2000-10-24,60a0Rd6pjrkxjPbaKzXjfq,104403987,6XyY86QOPPrYVGvF9ch6wz
La Bebe,Yng Lvcas,"reggaeton mexa, reggaeton, electro corridos",Latin,LPM,2021-12-24,6odrHMSLjP3aOXC4ipKUC6,96015652,1NNRWkhwmcXRimFYSBpB1y
Love On The Brain,Rihanna,,,ANTI (Deluxe),2016-01-28,5oO3drDxtziYU2H1X23ZIp,35028856,5pKCCKE2ajJHZ9KAiaK11H
Luz do Luar,"Mc Tato, DJ Ak beats","funk, brazilian funk","Hip Hop, R&B",Luz do Luar,2022-06-14,6eNRGL6Nkdg7RhJtmbcl0j,2220873,"7lc98VPDdogFv3eLfCX7sq, 685uhJgfQlrMNuarOzgyea"
A Culpa É Nossa - Ao Vivo,Maiara & Maraisa,"sertanejo, sertanejo universitário, piseiro, arrocha","Country, Latin","Identidade, Ep. 1 (Ao Vivo)",2022-12-16,7nwHsYxiuHo98dLI7UVkyn,1070250,59jlthNnbmim5l9tmNA7se
Umbrella,"Rihanna, JAY-Z","hip hop, east coast hip hop, rap",Hip Hop,Good Girl Gone Bad,2007-01-01,2yPoXCs7BSIUrucMdK5PzV,41767568,"5pKCCKE2ajJHZ9KAiaK11H, 3nFkdlSjzX9mRTtwJOzDYB"
METAMORPHOSIS,ogu,,,death,2023-02-12,4Po4guOVkRUjyrB5N0KqSv,5262375,0PSLP8C3n2b0pFYGjURLcm
Stay,"Rihanna, Mikky Ekko",,,Unapologetic (Edited Version),2012-01-01,789CxjEOtO76BVD1A9yJQH,14720752,"5pKCCKE2ajJHZ9KAiaK11H, 1buzCmyYZE4kcdLRudsb8V"
We Found Love,"Rihanna, Calvin Harris",edm,Electronic,Talk That Talk (Explicit),2011-01-01,1zv3WFUbZ5vPxFq9I2jAU1,345434590,"5pKCCKE2ajJHZ9KAiaK11H, 7CajNmpbOovFoOoasH2HaY"
El Gordo Trae El Mando,Chino Pacas,"corridos tumbados, corrido, corridos bélicos, música mexicana, electro corridos",Latin,El Gordo Trae El Mando,2023-01-27,3kf0WdFOalKWBkCCLJo4mA,295126774,2rmkQLzj0k4nZdQehOUByO
Diamonds,Rihanna,,,Unapologetic (Edited Version),2012-01-01,1z9kQ14XBSN0r2v6fx4IdG,95992897,5pKCCKE2ajJHZ9KAiaK11H
Bitch Better Have My Money,Rihanna,,,Bitch Better Have My Money,2015-03-26,0NTMtAO2BV4tnGvw9EgBVq,13239562,5pKCCKE2ajJHZ9KAiaK11H
Only Girl (In The World),Rihanna,,,Loud (Japan Version),2010-01-01,2ENexcMEMsYk0rVJigVD3i,17216250,5pKCCKE2ajJHZ9KAiaK11H
Needed Me,Rihanna,,,ANTI (Deluxe),2016-01-28,4pAl7FkDMNBsjykPXo91B3,5735016,5pKCCKE2ajJHZ9KAiaK11H
Where Have You Been,Rihanna,,,Talk That Talk (Explicit),2011-01-01,1uN0f4NqMDcReSwXO6PLuG,10229611,5pKCCKE2ajJHZ9KAiaK11H
Run This Town,"JAY-Z, Rihanna, Kanye West","hip hop, east coast hip hop, rap",Hip Hop,The Blueprint 3,2009-09-08,7LR85XLWw2yXqKBSI5brbG,6847894,"3nFkdlSjzX9mRTtwJOzDYB, 5pKCCKE2ajJHZ9KAiaK11H, 5K4W6rqBFWDnAN6FQUkS6x"
Don't Stop The Music,Rihanna,,,Good Girl Gone Bad,2007-01-01,1Jo0Zg7XlrA6z0mFTZVdkn,4077494,5pKCCKE2ajJHZ9KAiaK11H
S&M,Rihanna,,,Loud (Japan Version),2010-01-01,7ySUcLPVX7KudhnmNcgY2D,5249490,5pKCCKE2ajJHZ9KAiaK11H
Work,"Rihanna, Drake","rap, hip hop",Hip Hop,ANTI (Deluxe),2016-01-28,72TFWvU3wUYdUuxejTTIzt,6720030,"5pKCCKE2ajJHZ9KAiaK11H, 3TVXtAsR1Inumwj472S9r4"
Rude Boy,Rihanna,,,Rated R (International Explicit Nokia Exclusive Version),2009-01-01,180tYOjVoVnuDFZdTzgQRe,6506552,5pKCCKE2ajJHZ9KAiaK11H
Love The Way You Lie,"Eminem, Rihanna","rap, hip hop, ",Hip Hop,Recovery,2010-06-18,15JINEqzVMv3SvJTAXAKED,11288595,"7dGJo4pcD2V6oG8kP0tJRR, 5pKCCKE2ajJHZ9KAiaK11H"
Pour It Up,Rihanna,,,Unapologetic (Deluxe),2012-12-11,5r67bGhYXZNqk2m2Wupfmu,3784290,5pKCCKE2ajJHZ9KAiaK11H
Disturbia,Rihanna,,,Good Girl Gone Bad: Reloaded,2007-03-31,30VrBsh1STRBoIrhQOAwzK,2609562,5pKCCKE2ajJHZ9KAiaK11H
This Is What You Came For,"Calvin Harris, Rihanna","edm, ",Electronic,96 Months,2024-08-08,2vlDrKpOC0eSTqTDRcbYyw,1165890,"7CajNmpbOovFoOoasH2HaY, 5pKCCKE2ajJHZ9KAiaK11H"
What's My Name?,"Rihanna, Drake","rap, hip hop",Hip Hop,Loud (Japan Version),2010-01-01,6DkXLzBQT7cwXmTyzAB1DJ,1155074,"5pKCCKE2ajJHZ9KAiaK11H, 3TVXtAsR1Inumwj472S9r4"
Pon de Replay,Rihanna,,,Music Of The Sun,2005-08-29,3U3Ff8ZvL6oEu1r98gCCWW,1122642,5pKCCKE2ajJHZ9KAiaK11H
Wild Thoughts (feat. Rihanna & Bryson Tiller),"DJ Khaled, Rihanna, Bryson Tiller",r&b,R&B,Grateful,2017-06-22,1OAh8uOEOvTDqkKFsKksCi,2212436,"0QHgL1lAIqAw0HtD7YldmP, 5pKCCKE2ajJHZ9KAiaK11H, 2EMAnMvWE2eb56ToJVfCWs"
Watch This - ARIZONATEARS Pluggnb Remix,"Lil Uzi Vert, sped up nightcore, ARIZONATEARS","melodic rap, nightcore, ","Hip Hop, Pop",Watch This (ARIZONATEARS Pluggnb Remix),2023-02-05,0FA4wrjDJvJTTU8AepZTup,136050371,"4O15NlyKLIASxsJ0PrXPfz, 0M2CO5ijP35MDhNwvpgxTV, 2xzyIzdjfeXX6FIQtlAAyw"
All of Me,John Legend,"soft pop, neo soul","R&B, Pop",Love In The Future (Expanded Edition),2013-08-30,3U4isOIWM3VvDubwSI3y7a,1350130,5y2Xq6xcjJb2jVM54GHK3t
Lover,Taylor Swift,,,Lover,2019-08-23,1dGr1c8CrMLDpV6mPbImSI,340716967,06HL4z0CvFAxyc27GXpf02
A&W,Lana Del Rey,,,Did you know that there's a tunnel under Ocean Blvd,2023-03-24,5nW4z3pfZgJAJ2QTCz9AIE,24237747,00FQb4jTyendYWaN8pK0wa
ceilings,Lizzy McAlpine,,,five seconds flat,2022-04-08,2L9N0zZnd37dwF0clgxMGI,185375212,1GmsPCcpKgF9OhlNXjOsbS
Glue Song,beabadoobee,bedroom pop,Pop,Glue Song,2023-02-14,3iBgrkexCzVuPy4O9vx7Mf,11257613,35l9BRT7MXmM8bv2WDQiyB
Di Que Si,"Grupo Marca Registrada, Grupo Frontera","corrido, corridos bélicos, corridos tumbados, electro corridos, banda, norteño, música mexicana, sad sierreño, sierreño, cumbia norteña, grupera, tejano",Latin,Di Que Si,2023-02-03,0kzN7YAMSbmlHOvxlbQW9y,42533124,"1gW6pz5n1aK249L0GvfQCC, 6XkjpgcEsYab502Vr1bBeW"
If We Ever Broke Up,Mae Stephens,,,If We Ever Broke Up,2023-02-10,6maTPqynTmrkWIralgGaoP,65265588,311uEW9rt5g2NmzjGEKS2E
Sure Thing - Sped Up,Miguel,r&b,R&B,Sure Thing (Sped Up),2023-01-27,559SdaPI7mqy9IQiscuaMj,14888182,360IAlyVv4PCEVjgyMZrxK
Heaven,Niall Horan,,,The Show,2023-06-09,5FQ77Cl1ndljtwwImdtjMy,62240594,1Hsdzj7Dlq2I7tHP7501T4
HOPE,NF,christian hip hop,Hip Hop,HOPE,2023-04-07,0EgLxY52mpGsXETyEsgVlP,13772744,6fOMl44jA4Sp5b9PpYCkzz
Nosso Quadro,"AgroPlay, Ana Castela","agronejo, sertanejo, sertanejo universitário, piseiro","Country, Latin",Nosso Quadro,2023-02-02,4uqJelb9THHmJ3OCohg4ZJ,242582842,"0uGWkZRPp1Urk77XBrPBsZ, 2CKOmarVWvWqkNWUatHCex"
Cupido,TINI,latin pop,Pop,Cupido,2023-02-16,04ndZkbKGthTgYSv3xS7en,172798424,7vXDAI8JwjW531ouMGbfcp
Si Me Sobrara el Tiempo,Duki,"argentine trap, trap, trap latino","Hip Hop, Latin",Si Me Sobrara el Tiempo,2023-02-16,2ypbIXW3a7fsLdLtLpZWDZ,1148126,1bAftSH8umNcGZ0uyV7LMg
Ai Papai,"Anitta, Mc Danny, HITMAKER","brazilian pop, funk pop, funk carioca, funk, pagode baiano, piseiro, brega funk, brega, forró, agronejo","Country, Pop, R&B, Hip Hop, Latin",Ai Papai,2022-11-29,4PQ5AInr4YoBauth9YPduL,2272047,"7FNnA9vBm6EKceENgCGRMb, 3PZTvUS5fUUhV3EKAjqdZk, 0Otd1ReHJtVAzwAuRj09Zg"
Saudade da Minha Vida - Ao Vivo,Gusttavo Lima,"sertanejo, sertanejo universitário, arrocha, agronejo, piseiro, forró","Country, Latin",Saudade da Minha Vida (Ao Vivo),2023-01-26,51FFbyL0PjkYtjXJQP0JoP,1174250,7MiDcPa6UiV3In7lIM71IN
Traumatizei - Ao Vivo Em Brasília,Henrique & Juliano,"sertanejo, sertanejo universitário, arrocha, agronejo","Country, Latin",To Be (Ao Vivo Em Brasília EP1),2023-02-03,0JIYoXtJfORxI6gRpHv6ZW,13671033,3p7PcrEHaaKLJnPUGOtRlT
Sem Aliança no Dedo,"MC Xenon, Os Gemeos da Putaria","funk, funk de bh, funk consciente, brazilian funk","Hip Hop, R&B, Latin, R&b",Sem Aliança no Dedo,2022-12-23,22sAwsBH0NoNJXnrBenQuO,20037726,"5vcMPVDXTLhJ4UpOZKXZtg, 5ZEpz4ei1jHqvA4EHUeKqs"
Reminder,The Weeknd,,,Starboy,2016-11-25,37F0uwRSrdzkBiuj0D5UHI,341819544,1Xyo4u8uXC1ZmMpatF05PJ
Komang,Raim Laode,"indonesian pop, indonesian indie","Rock, Pop",Komang,2022-08-17,2AaaE0qvFWtyT8srKNfRhH,115204998,5LcNPa8f8bRmZqELgoRFkN
PAINTING PICTURES,Superstar Pride,,,PAINTING PICTURES,2023-03-13,6KXKcH4QO1MiGrMQOGoADP,52639446,3FBEsNyIwRnOHOf1Rv3SLa
Die For You - Remix,"The Weeknd, Ariana Grande",pop,Pop,Die For You (Remix),2023-02-24,7oDd86yk8itslrA9HRP2ki,127214988,"1Xyo4u8uXC1ZmMpatF05PJ, 66CXWjxzNUsdJxJ2JdwvnR"
TQG,"KAROL G, Shakira","reggaeton, latin, urbano latino, latin pop","Latin, Pop",MAÑANA SERÁ BONITO,2023-02-24,0DWdj2oZMBFSzRsi2Cvfzf,835425544,"790FomKkXshlbRYZFtlgla, 0EmeFodog0BfCgMzAIvKQp"
Tormenta (feat. Bad Bunny),"Gorillaz, Bad Bunny","reggaeton, trap latino, latin, urbano latino",Latin,Cracker Island,2023-02-24,38UYeBLfvpnDSG9GznZdnL,90041612,"3AA28KZvwAUcZuOKwyblJQ, 4q3ewBCX7sLwd24euuV69X"
MIENTRAS ME CURO DEL CORA,KAROL G,"reggaeton, latin, urbano latino",Latin,MAÑANA SERÁ BONITO,2023-02-24,6otePxalBK8AVa20xhZYVQ,157685650,790FomKkXshlbRYZFtlgla
PERO TÚ,"KAROL G, Quevedo","reggaeton, latin, urbano latino",Latin,MAÑANA SERÁ BONITO,2023-02-24,1dw7qShk971xMD6r6mA4VN,26842222,"790FomKkXshlbRYZFtlgla, 52iwsT98xCoGgiGntTiR7K"
TUS GAFITAS,KAROL G,"reggaeton, latin, urbano latino",Latin,MAÑANA SERÁ BONITO,2023-02-24,3gOI5aQD4mOMLsP3aWrkon,12558776,790FomKkXshlbRYZFtlgla
No morë talk,Yeat,rage rap,Hip Hop,AftërLyfe,2023-02-24,7qPiAhk71D2RqLRtnjDL76,1613366,3qiHUAX7zY4Qnjx8TNUzVx
BESTIES,KAROL G,"reggaeton, latin, urbano latino",Latin,MAÑANA SERÁ BONITO,2023-02-24,7eTv2OTr3aY5iKtFdBusoA,5972805,790FomKkXshlbRYZFtlgla
Shmunk (feat. YoungBoy Never Broke Again),"Yeat, YoungBoy Never Broke Again","rage rap, ",Hip Hop,AftërLyfe,2023-02-24,2fpTRcMLt4aKlqULOwuXUP,1492354,"3qiHUAX7zY4Qnjx8TNUzVx, 7wlFDEWiM5OoIAt8RSli8b"
MAÑANA SERÁ BONITO,"KAROL G, Carla Morrison","reggaeton, latin, urbano latino, latin indie",Latin,MAÑANA SERÁ BONITO,2023-02-24,4bycD60yZgR6anIBtmU8UH,3698292,"790FomKkXshlbRYZFtlgla, 0XK6kT7xcZAlcYrNjOgzJe"
OJOS FERRARI,"KAROL G, Justin Quiles, Angel Dior","reggaeton, latin, urbano latino, dembow",Latin,MAÑANA SERÁ BONITO,2023-02-24,5yAIrkplUEpMNeojW8Q30o,2509535,"790FomKkXshlbRYZFtlgla, 14zUHaJZo1mnYtn6IBRaRP, 5qPRgWcEOGRzoIST0sHAiI"
GUCCI LOS PAÑOS,KAROL G,"reggaeton, latin, urbano latino",Latin,MAÑANA SERÁ BONITO,2023-02-24,3CNbrXrUrEARw8zeKNCdYo,4638916,790FomKkXshlbRYZFtlgla
KÁRMIKA,"KAROL G, Bad Gyal, Sean Paul","reggaeton, latin, urbano latino, neoperreo, dancehall","Traditional music, Latin, Electronic",MAÑANA SERÁ BONITO,2023-02-24,3mFNc5EQn30irR983Wg9OD,2412146,"790FomKkXshlbRYZFtlgla, 4F4pp8NUW08JuXwnoxglpN, 3Isy6kedDrgPYoTS1dazA9"
Die 4 Me,Halsey,,,Die 4 Me,2023-02-24,6VYAzAQGFsfEAwdorQaZuU,2336940,26VFTg2z8YR0cCuwLzESi2
Rara Vez,"Milo j, Taiu",argentine trap,Hip Hop,Rara Vez,2023-02-08,7MVIfkyzuUmQ716j8U7yGR,287497097,"19HM5j0ULGSmEoRcrSe5x3, 5szJHKg5xeUlQ9pTqzdpic"
Bëttr 0ff,Yeat,rage rap,Hip Hop,AftërLyfe,2023-02-24,0r9ZhD7QEbIAcvfhDkIsdV,1173913,3qiHUAX7zY4Qnjx8TNUzVx
DAÑAMOS LA AMISTAD,"KAROL G, Sech","reggaeton, latin, urbano latino",Latin,MAÑANA SERÁ BONITO,2023-02-24,3jUDqkHatwtprUmZ8epP8P,1169266,"790FomKkXshlbRYZFtlgla, 77ziqFxp5gaInVrF2lj4ht"
Split,Yeat,rage rap,Hip Hop,AftërLyfe,2023-02-24,3HqGDrSOZ6LbBfX5EsiaAj,1150017,3qiHUAX7zY4Qnjx8TNUzVx
El Azul,"Junior H, Peso Pluma","corridos tumbados, corrido, corridos bélicos, sad sierreño, sierreño, música mexicana, banda, electro corridos",Latin,El Azul,2023-02-10,1haJsMtoBhHfvuM7XWuT3W,495270563,"7Gi6gjaWy3DxyilpF1a8Is, 12GqGscKJx3aE4t07u7eVZ"
Por las Noches,Peso Pluma,"corrido, corridos tumbados, corridos bélicos, música mexicana, sad sierreño, electro corridos, banda",Latin,Por las Noches,2021-06-11,2VzCjpKvPB1l1tqLndtAQa,281155645,12GqGscKJx3aE4t07u7eVZ
Heartless,The Weeknd,,,After Hours,2020-03-20,6bnF93Rx87YqUBLSgjiMU8,13047160,1Xyo4u8uXC1ZmMpatF05PJ
Style,Taylor Swift,,,1989 (Deluxe),2014-01-01,0ug5NqcwcFR2xrfTkc7k8e,487072359,06HL4z0CvFAxyc27GXpf02
Private Landing (feat. Justin Bieber & Future),"Don Toliver, Justin Bieber, Future",rap,Hip Hop,Love Sick,2023-02-24,52NGJPcLUzQq5w7uv4e5gf,19753160,"4Gso3d4CscCijv0lmajZWs, 1uNFoZAHBGtllmzznpCI3s, 1RyvyyTE3xzB2ZywiAwp0i"
Trance (with Travis Scott & Young Thug),"Metro Boomin, Travis Scott, Young Thug","rap, melodic rap, trap",Hip Hop,HEROES & VILLAINS,2022-12-02,5wG3HvLhF6Y5KTGlK0IW3J,288699612,"0iEtIxbK0KxaSlF7G42ZOp, 0Y5tJX1MQlPlqiwlOH1tJY, 50co4Is1HCEo8bhOyUWKpn"
One Dance,"Drake, Wizkid, Kyla","rap, hip hop, afrobeats, afrobeat, afropop, azonto, afroswing, afropiano, dancehall, ","Traditional music, R&B, Pop, Hip Hop",Views,2016-05-06,1zi7xx7UVEFkmKfv06H8x0,311295852,"3TVXtAsR1Inumwj472S9r4, 3tVQdUvClmAT7URs9V3rsp, 6TK7fjRPdy2GW2pJzNF23L"
on the street (with J. Cole),"j-hope, J. Cole","k-pop, k-rap, rap","Pop, Hip Hop",on the street (with J. Cole),2023-03-03,5wxYxygyHpbgv0EXZuqb9V,41816286,"0b1sIQumIAsNbqAoIClSpy, 6l3HvQ5sa6mXTsMTB19rO5"
One Thing At A Time,Morgan Wallen,country,Country,One Thing At A Time,2023-03-03,1rXq0uoV4KTgRN64jXzIxo,19182638,4oUHIQIBe0LHzYfvXNW4QM
Ain’t That Some,Morgan Wallen,country,Country,One Thing At A Time,2023-03-03,2YVlDlk2zRceefo6XlC6DX,11743974,4oUHIQIBe0LHzYfvXNW4QM
Born With A Beer In My Hand,Morgan Wallen,country,Country,One Thing At A Time,2023-03-03,1BAU6v0fuAV914qMUEESR1,3441971,4oUHIQIBe0LHzYfvXNW4QM
Man Made A Bar (feat. Eric Church),"Morgan Wallen, Eric Church","country, acoustic country",Country,One Thing At A Time,2023-03-03,73zawW1ttszLRgT9By826D,6909747,"4oUHIQIBe0LHzYfvXNW4QM, 2IvkS5MXK0vPGnwyJsrEyV"
Devil Don’t Know,Morgan Wallen,country,Country,One Thing At A Time,2023-03-03,2PsbT927UanvyH9VprlNOu,3242000,4oUHIQIBe0LHzYfvXNW4QM
’98 Braves,Morgan Wallen,country,Country,One Thing At A Time,2023-03-03,3oZ6dlSfCE9gZ55MGPJctc,5407456,4oUHIQIBe0LHzYfvXNW4QM
You Proof,Morgan Wallen,country,Country,One Thing At A Time,2023-03-03,5W4kiM2cUYBJXKRudNyxjW,44762867,4oUHIQIBe0LHzYfvXNW4QM
Thinkin’ Bout Me,Morgan Wallen,country,Country,One Thing At A Time,2023-03-03,0PAcdVzhPO4gq1Iym9ESnK,13873920,4oUHIQIBe0LHzYfvXNW4QM
Tennessee Numbers,Morgan Wallen,country,Country,One Thing At A Time,2023-03-03,5NzfnUyVaNrxa2VtoyBWlR,2828089,4oUHIQIBe0LHzYfvXNW4QM
Red Ruby Da Sleeze,Nicki Minaj,,,Red Ruby Da Sleeze,2023-03-03,4ZYAU4A2YBtlNdqOUtc7T2,17722969,0hCNtLu0JehylgoiP8L4Gh
Hope That’s True,Morgan Wallen,country,Country,One Thing At A Time,2023-03-03,2Ej3iV0nulryy9S3UQvjSx,2723326,4oUHIQIBe0LHzYfvXNW4QM
Whiskey Friends,Morgan Wallen,country,Country,One Thing At A Time,2023-03-03,2ewSCWOL7EAjgmgqfI1UlS,2761112,4oUHIQIBe0LHzYfvXNW4QM
Sunrise,Morgan Wallen,country,Country,One Thing At A Time,2023-03-03,0JtgoDDf0ggWaoXCGhcOoT,3844061,4oUHIQIBe0LHzYfvXNW4QM
Thought You Should Know,Morgan Wallen,country,Country,One Thing At A Time,2023-03-03,3Qu3Zh4WTKhP9GEXo0aDnb,6191624,4oUHIQIBe0LHzYfvXNW4QM
Keith Whitley,Morgan Wallen,country,Country,One Thing At A Time,2023-03-03,1vcJdUJDM2NVXBsGncmLyh,1356112,4oUHIQIBe0LHzYfvXNW4QM
In The Bible (feat. HARDY),"Morgan Wallen, HARDY","country, country rock","Country, Rock",One Thing At A Time,2023-03-03,2aw1aEAxMe05MZIS5XiK8U,1344382,"4oUHIQIBe0LHzYfvXNW4QM, 5QNm7E7RU2m64l6Gliu8Oy"
F150-50,Morgan Wallen,country,Country,One Thing At A Time,2023-03-03,77kye8TttXpEbvgoiVjZdo,1221256,4oUHIQIBe0LHzYfvXNW4QM
El Merengue,"Marshmello, Manuel Turizo","edm, reggaeton, latin, colombian pop","Pop, Electronic, Latin",El Merengue,2023-03-03,51FvjPEGKq2zByeeEQ43V9,323839481,"64KEffDW9EtZ1y2vBYgq8T, 0tmwSHipWxN12fsoLcFU3B"
Neon Star (Country Boy Lullaby),Morgan Wallen,country,Country,One Thing At A Time,2023-03-03,1GiwvmI57OTGcKGNigZFJb,1194668,4oUHIQIBe0LHzYfvXNW4QM
Moonlight,Kali Uchis,,,Red Moon In Venus,2023-03-03,0JmnkIqdlnUzPaf8sqBRs3,495135205,1U1el3k54VvEUzo3ybLPlM
Malas Decisiones,Kenia OS,reggaeton mexa,Latin,K23,2022-10-26,6Xj014IHwbLVjiVT6H89on,53948738,31VFEohvhOUKrtAONEBhMG
Shorty Party,"Cartel De Santa, La Kelly","mexican hip hop, latin hip hop, ",Hip Hop,Shorty Party,2023-03-04,55ZATsjPlTeSTNJOuW90pW,146644236,"07PdYoE4jVRF6Ut40GgVSP, 4yEIQ0lJDgUEfsuYx3Gsmr"
Promise,Jimin,k-pop,Pop,Promise,2018-12-31,2RUcwyW74Sv4VracHFrKdh,3713707,1oSPZhvZMIrWW5I41kPkkY
In Ha Mood,Ice Spice,,,In Ha Mood,2023-01-06,0yUaLqhsVsguBpoOPL4cO7,16622296,3LZZPxNDGDFVSIPqf4JuEf
Mas Rica Que Ayer,"Anuel AA, Mambo Kingz, DJ Luian","reggaeton, trap latino, urbano latino, latin",Latin,Mas Rica Que Ayer,2023-03-02,3XjvMZqm2AQ8thMCD6w9w2,46904242,"2R21vXR83lH98kGeO99Y66, 2T1aUibqR2QC2sINIDQOAK, 64aJYyrXljOodnUG6jvhRD"
River,Miley Cyrus,,,Endless Summer Vacation,2023-03-10,04CqLjewJiSAqM210vZAmT,46263294,5YGY8feqx7naU7z4HrwZM6
Jaded,Miley Cyrus,,,Endless Summer Vacation,2023-03-10,3AAY8YicetRPlDAkibHLiS,21306437,5YGY8feqx7naU7z4HrwZM6
Rose Colored Lenses,Miley Cyrus,,,Endless Summer Vacation,2023-03-10,3wH4eUkJ1rL5xTU8PZZyOy,6904150,5YGY8feqx7naU7z4HrwZM6
Miracle (with Ellie Goulding),"Calvin Harris, Ellie Goulding","edm, ",Electronic,Miracle (with Ellie Goulding),2023-03-10,5eTaQYBE1yrActixMAeLcZ,250957318,"7CajNmpbOovFoOoasH2HaY, 0X2BH1fck6amBIoJhDVmmJ"
Thousand Miles (feat. Brandi Carlile),"Miley Cyrus, Brandi Carlile","folk, americana","Country, Folk/Acoustic",Endless Summer Vacation,2023-03-10,1GN6qqehnqUfUHH1gfK81v,5274667,"5YGY8feqx7naU7z4HrwZM6, 2sG4zTOLvjKG1PSoOyf5Ej"
You,Miley Cyrus,,,Endless Summer Vacation,2023-03-10,6FAsJDkg4y5JSWP9ZMKlDj,2854834,5YGY8feqx7naU7z4HrwZM6
Muddy Feet (feat. Sia),"Miley Cyrus, Sia",,,Endless Summer Vacation,2023-03-10,1S1WWTuydW6zljNeHOpZXe,2708612,"5YGY8feqx7naU7z4HrwZM6, 5WUlDfRSoLAfcVSX1WnrxN"
Handstand,Miley Cyrus,,,Endless Summer Vacation,2023-03-10,6fcZVY3WjwKxVKlKFu84rF,1522419,5YGY8feqx7naU7z4HrwZM6
Violet Chemistry,Miley Cyrus,,,Endless Summer Vacation,2023-03-10,00Ga884hbpVvCNyeQdle1U,2616030,5YGY8feqx7naU7z4HrwZM6
MOTTO,NF,christian hip hop,Hip Hop,MOTTO,2023-03-09,3q9PVufz68TRvOao25IMNk,1457449,6fOMl44jA4Sp5b9PpYCkzz
Wildcard,Miley Cyrus,,,Endless Summer Vacation,2023-03-10,1rpfEeYbtYDcnLWSBZBmNH,1313256,5YGY8feqx7naU7z4HrwZM6
SET ME FREE,TWICE,k-pop,Pop,READY TO BE,2023-03-10,4OtVQ2ZxS7yigIjGz5yKg1,1234552,7n2Ycct7Beij7Dj7meI4X0
Island,Miley Cyrus,,,Endless Summer Vacation,2023-03-10,0lJrPatloYarTbsKciShJu,1219541,5YGY8feqx7naU7z4HrwZM6
Oi Balde - Ao Vivo,Zé Neto & Cristiano,"sertanejo, sertanejo universitário, arrocha, agronejo","Country, Latin","Escolhas, Vol. 2 (Ao Vivo)",2023-06-22,4xAGuRRKOgoaZbMGdmTD3N,47951876,487N2T9nIPEHrlTZLL3SQs
En La Intimidad | CROSSOVER #1,"Big One, Emilia, Callejero Fino","argentine trap, cuarteto, cumbia, rkt, turreo","Hip Hop, Latin",En La Intimidad | CROSSOVER #1,2023-02-01,7w7BrPbOjF5OxChs2dxFve,4437098,"2OhUNb01gLwygOizYvTm0e, 0AqlFI0tz2DsEoJlKSIiT9, 6GRwwWAtmusrgAL5JF9Dfr"
Lisa,Young Miko,trap latino,Latin,Lisa,2023-03-03,44FzVABpR2cciquTqADA0D,17969434,3qsKSpcV3ncke3hw52JSMB
Tattoo,Loreen,europop,Pop,Tattoo,2023-02-25,1DmW5Ep6ywYwxc2HMT5BG6,273651545,49aaHxvAJ0tCh0F15OnwIl
Lovers Rock,TV Girl,,,French Exit,2014-06-05,6dBUzqjtbnIa1TwYbyw5CM,220159277,0Y6dVaC9DZtPNH4591M42W
Cupid - Twin Ver.,FIFTY FIFTY,k-pop,Pop,The Beginning,2023-09-22,739WUU1tPFLO4x4HJq561K,695050771,4GJ6xDCF5jaUqD6avOuQT6
Die For You (with Ariana Grande) - Remix,"The Weeknd, Ariana Grande",pop,Pop,Starboy (Deluxe),2023-03-14,4W4fNrZYkobj539TOWsLO2,547402045,"1Xyo4u8uXC1ZmMpatF05PJ, 66CXWjxzNUsdJxJ2JdwvnR"
Smoke Sprite (feat. RM of BTS),"So!YoON!, RM","k-rock, k-pop, k-rap","Pop, Hip Hop, Rock",Episode1 : Love,2023-03-14,5YSkDxmHvzSDWTu4MaEtfa,6157342,"7H5EC2qaylGun66YeRrVHg, 2auC28zjQyVTsiZKNgPRGs"
lo que hay x aquí,Rels B,"urbano latino, trap latino",Latin,lo que hay x aquí,2023-03-09,5IlLm20JXhKbMtsH20NblC,8141618,2IMZYfNi21MGqxopj9fWx8
All Of The Girls You Loved Before,Taylor Swift,,,All Of The Girls You Loved Before,2019-08-23,4P9Q0GojKVXpRTJCaL3kyy,129019627,06HL4z0CvFAxyc27GXpf02
Set Me Free Pt.2,Jimin,k-pop,Pop,Set Me Free Pt.2,2023-03-17,59hBR0BCtJsfIbV9VzCVAp,98112739,1oSPZhvZMIrWW5I41kPkkY
Ella Baila Sola,"Eslabon Armado, Peso Pluma","corridos tumbados, sad sierreño, corrido, sierreño, música mexicana, corridos bélicos, electro corridos, banda",Latin,DESVELADO,2023-04-28,3qQbCzHBycnDpGskqOWY0E,1035140683,"0XeEobZplHxzM9QzFQWLiR, 12GqGscKJx3aE4t07u7eVZ"
Coco Chanel,"Eladio Carrion, Bad Bunny","trap latino, urbano latino, trap, reggaeton, latin","Latin, Hip Hop",3MEN2 KBRN,2023-03-17,0PB0O24JqAuNdOAFVJljMS,292192129,"5XJDexmWFLWOkjOEjOVX3e, 4q3ewBCX7sLwd24euuV69X"
Eat Your Young,Hozier,,,Eat Your Young,2023-03-17,2Jw3VjB1xy5KHBqEeAC6VK,23376755,2FXC3k01G6Gw61bmprjgqS
REMIX EXCLUSIVO,Feid,"reggaeton, urbano latino",Latin,REMIX EXCLUSIVO,2023-03-17,3eqCJfgJJs8iKx49KO12s3,60197893,2LRoIwlKmHjgvigdNGBHNo
Si La Calle Llama - Remix,"Eladio Carrion, Myke Towers","trap latino, urbano latino, trap, reggaeton","Latin, Hip Hop",3MEN2 KBRN,2023-03-17,3qXZqXGniqNt3PK2CBSZgM,28075943,"5XJDexmWFLWOkjOEjOVX3e, 7iK8PXO48WeuP03g8YR51W"
If This Was A Movie (Taylor’s Version),Taylor Swift,,,If This Was A Movie (Taylor’s Version),2021-04-09,0kAZ3H6G9Zac4PMpmobMkj,1746877,06HL4z0CvFAxyc27GXpf02
DEATH,Melanie Martinez,,,PORTALS,2023-03-31,0pwnoUhy57HdGjj1zNzzNV,11650345,63yrD80RY3RNEM2YDpUpO8
Safe & Sound (feat. Joy Williams and John Paul White) (Taylor’s Version),"Taylor Swift, Joy Williams, John Paul White",,,Safe & Sound (Taylor's Version),2021-11-12,2RJnNdu4pb3MypbBroHU0T,1582079,"06HL4z0CvFAxyc27GXpf02, 4TCXgdDPm10ensLNCVnIYa, 1yDI9pWnlrJmi9kZn3gkCb"
Mbappé - Remix,"Eladio Carrion, Future","trap latino, urbano latino, trap, rap","Hip Hop, Latin",3MEN2 KBRN,2023-03-17,1T6CF1qnG0hK0absyeVL5H,1496518,"5XJDexmWFLWOkjOEjOVX3e, 1RyvyyTE3xzB2ZywiAwp0i"
Eyes Open (Taylor's Version),Taylor Swift,,,Eyes Open (Taylor's Version),2021-11-12,2NIBaWXdjaTDmytjjwbEfP,1486765,06HL4z0CvFAxyc27GXpf02
Padre Tiempo,Eladio Carrion,"trap latino, urbano latino, trap","Hip Hop, Latin",3MEN2 KBRN,2023-03-17,1PtXtGJSDKTkB5urVEZ7rf,1477441,5XJDexmWFLWOkjOEjOVX3e
Dijeron Que No La Iba Lograr,"Chino Pacas, Fuerza Regida","corridos tumbados, corrido, corridos bélicos, música mexicana, electro corridos, banda, sierreño, sad sierreño",Latin,Dijeron Que No La Iba Lograr,2023-03-14,7dR09k1an5JEq7ch0Y5hvV,42878041,"2rmkQLzj0k4nZdQehOUByO, 0ys2OFYzWYB5hRDLCsBqxt"
Si Salimos,"Eladio Carrion, 50 Cent","trap latino, urbano latino, trap, east coast hip hop","Hip Hop, Latin",3MEN2 KBRN,2023-03-17,7GfQEUSuqYGeY2L0BfVOXM,1425137,"5XJDexmWFLWOkjOEjOVX3e, 3q7HBObVc0L8jNeTe5Gofh"
El Hokage,Eladio Carrion,"trap latino, urbano latino, trap","Hip Hop, Latin",3MEN2 KBRN,2023-03-17,5GZ4tx6VZxM7V4IQtSJFyx,1412760,5XJDexmWFLWOkjOEjOVX3e
Peso a Peso,"Eladio Carrion, Quavo, Rich The Kid, Ñengo Flow","trap latino, urbano latino, trap, reggaeton","Latin, Hip Hop",3MEN2 KBRN,2023-03-17,1iyvRYYAeuJhrsxTsQW9fh,1311145,"5XJDexmWFLWOkjOEjOVX3e, 0VRj0yCOv2FXJNP47XQnx5, 1pPmIToKXyGdsCF6LmqLmI, 12vb80Km0Ew53ABfJOepVz"
¿Qué Carajos Quieres Tú Ahora?,Eladio Carrion,"trap latino, urbano latino, trap","Hip Hop, Latin",3MEN2 KBRN,2023-03-17,7GuEE0ydKmuXV5DVliachs,1258878,5XJDexmWFLWOkjOEjOVX3e
Gladiador - Remix,"Eladio Carrion, Lil Wayne","trap latino, urbano latino, trap, rap, hip hop","Hip Hop, Latin",3MEN2 KBRN,2023-03-17,1IbYD5V9zCvkPfIPcWqerO,1238900,"5XJDexmWFLWOkjOEjOVX3e, 55Aa2cqylxrFIXC767Z865"
La Bebe - Remix,"Yng Lvcas, Peso Pluma","reggaeton mexa, reggaeton, electro corridos, corrido, corridos tumbados, corridos bélicos, música mexicana, sad sierreño, banda",Latin,La Bebe (Remix),2023-03-17,2UW7JaomAMuX9pZrjVpHAU,854800665,"1NNRWkhwmcXRimFYSBpB1y, 12GqGscKJx3aE4t07u7eVZ"
Cruel Summer,Taylor Swift,,,Lover,2019-08-23,1BxfuPKGuaTgP7aM0Bbdwr,1052478333,06HL4z0CvFAxyc27GXpf02
Enchanted,Taylor Swift,,,Speak Now (Deluxe Package),2010-01-01,3sqrvkNC6IPTIXvvbx9Arw,181342883,06HL4z0CvFAxyc27GXpf02
Christmas Kids,Roar,,,I Can't Handle Change,2010-03-14,40gk32E7YaTFoQwDIWv2SY,6548514,7dIpKWlEeAljA20vFJ82RD
"Arcángel: Bzrp Music Sessions, Vol. 54","Bizarrap, Arcángel","argentine trap, trap latino, urbano latino, reggaeton","Hip Hop, Latin","Arcángel: Bzrp Music Sessions, Vol. 54",2023-03-22,7cQ0LAxT5HHCLGbxcjaxac,51526766,"716NhGYqD1jl2wI1Qkgq36, 4SsVbpTthjScTS7U2hmr1X"
The Light,Juice WRLD,"melodic rap, emo rap",Hip Hop,The Light,2023-03-23,6j5BK1cFX9TjJd5EXHGgAn,2694637,4MCBfE4596Uoi2O4DtmEMz
Vacilão,"Zé Felipe, Igow, Wesley Safadão","piseiro, sertanejo, arrocha, agronejo, forró, sertanejo universitário","Country, Latin",Vacilão,2023-03-16,7CJJ7JC3kj9XdweWTvfVhX,19774379,"7cmuxPnXRJxwuYDHfbD8Eu, 3Uees4yarZxpOrkxJsU8jA, 1AL2GKpmRrKXkYIcASuRFa"
Numb,Linkin Park,"nu metal, rap metal, rock, alternative metal","Metal, Rock",Meteora,2003-03-25,2nLtzopw4rPReszdYBJU6h,63049202,6XyY86QOPPrYVGvF9ch6wz
Like Crazy (English Version),Jimin,k-pop,Pop,FACE,2023-03-24,0u8rZGtXJrLtiSe34FPjGG,86402224,1oSPZhvZMIrWW5I41kPkkY
BESO,"ROSALÍA, Rauw Alejandro","latin, reggaeton, urbano latino, trap latino",Latin,RR,2023-03-24,609E1JCInJncactoMmkDon,477500978,"7ltDVBr6mKbRvohxheJ9h1, 1mcTU81TzQhprhouKaTkpq"
Eyes Closed,Ed Sheeran,soft pop,Pop,- (Deluxe),2023-05-05,3p7XQpdt8Dr6oMXSvRZ9bg,189442237,6eUKZXaKkcviH0Ku9w2n3V
Face-off,Jimin,k-pop,Pop,FACE,2023-03-24,3OdIiWnYRHPYtC313Z0Bwy,6312108,1oSPZhvZMIrWW5I41kPkkY
Alone,Jimin,k-pop,Pop,FACE,2023-03-24,5Hfnps0jaWFpYg55WOPexG,4692272,1oSPZhvZMIrWW5I41kPkkY
VAMPIROS,"ROSALÍA, Rauw Alejandro","latin, reggaeton, urbano latino, trap latino",Latin,RR,2023-03-24,3Eax1yebRxj6LSYpxE9Yd3,6843444,"7ltDVBr6mKbRvohxheJ9h1, 1mcTU81TzQhprhouKaTkpq"
Interlude : Dive,Jimin,k-pop,Pop,FACE,2023-03-24,2qg2jy3v50RwfV5FAqG3a2,3142653,1oSPZhvZMIrWW5I41kPkkY
Candy Necklace (feat. Jon Batiste),"Lana Del Rey, Jon Batiste",,,Did you know that there's a tunnel under Ocean Blvd,2023-03-24,3MlEryrxCKZkcfX18ZLX96,1671664,"00FQb4jTyendYWaN8pK0wa, 0eRbECAGCLLiTyVXPBRexU"
PROMESA,"ROSALÍA, Rauw Alejandro","latin, reggaeton, urbano latino, trap latino",Latin,RR,2023-03-24,75rqqKvzJCGv2oq9C4yFDt,1515936,"7ltDVBr6mKbRvohxheJ9h1, 1mcTU81TzQhprhouKaTkpq"
The Grants,Lana Del Rey,,,Did you know that there's a tunnel under Ocean Blvd,2023-03-24,3KbOflJ5JqHWtmco4PiO3h,1444519,00FQb4jTyendYWaN8pK0wa
Sweet,Lana Del Rey,,,Did you know that there's a tunnel under Ocean Blvd,2023-03-24,6x8g6DxglrzCSwKhv2Q1ee,1380789,00FQb4jTyendYWaN8pK0wa
Fighting Myself,Linkin Park,"nu metal, rap metal, rock, alternative metal","Metal, Rock",Fighting Myself,2023-03-24,5CVZeK7bOC9QxYcZ9gJ5X2,1344427,6XyY86QOPPrYVGvF9ch6wz
"Paris, Texas (feat. SYML)","Lana Del Rey, SYML",,,Did you know that there's a tunnel under Ocean Blvd,2023-03-24,0Oqxt6JixieLHbwMfnJGWO,1264434,"00FQb4jTyendYWaN8pK0wa, 6AyATGg7mDgBlZ4N5uNog0"
Did you know that there's a tunnel under Ocean Blvd,Lana Del Rey,,,Did you know that there's a tunnel under Ocean Blvd,2023-03-24,0HEzuLLojblUOaUSdmJ9gl,1262377,00FQb4jTyendYWaN8pK0wa
"Diablo, Qué Chimba","Maluma, Anuel AA","reggaeton, latin, urbano latino, trap latino",Latin,"Diablo, Qué Chimba",2023-03-23,1mW1e6QAGPnhMbJoDTCLS3,1173366,"1r4hJ1h58CWwUQe3MxPuau, 2R21vXR83lH98kGeO99Y66"
Rover,KAI,k-pop,Pop,Rover - The 3rd Mini Album,2023-03-13,3WUyu94psXrYV6HZbXgcFA,5575724,6iVo62B0bdTknRcrktCmak
Like Crazy,Jimin,k-pop,Pop,FACE,2023-03-24,3Ua0m0YmEjrMi9XErKcNiR,587856300,1oSPZhvZMIrWW5I41kPkkY
Shake It Off,Taylor Swift,,,1989 (Deluxe),2014-01-01,0cqRj7pUJDkTCEsJkx8snD,182650827,06HL4z0CvFAxyc27GXpf02
DOGTOOTH,Tyler The Creator,,,CALL ME IF YOU GET LOST: The Estate Sale,2023-03-31,6OfOzTitafSnsaunQLuNFw,35640216,4V8LLVI7PbaPR0K2TGSxFF
Kitsch,IVE,k-pop,Pop,I've IVE,2023-04-10,7foeH2Emgq8A3LWk3q6dat,6831410,6RHTUrRF63xao58xh9FXYJ
Photograph,Ed Sheeran,soft pop,Pop,x (Wembley Edition),2013-00-00,6fxVffaTuwjgEk5h9QyRjy,1100592,6eUKZXaKkcviH0Ku9w2n3V
Rolling in the Deep,Adele,soft pop,Pop,21,2011-01-19,6IAZHEBUIGJ6NJKxxOBIEr,46880641,4dpARuHxo51G3z768sgnrY
VOID,Melanie Martinez,,,PORTALS,2023-03-30,6wmKvtSmyTqHNo44OBXVN1,20673640,63yrD80RY3RNEM2YDpUpO8
FLOWER,JISOO,k-pop,Pop,ME,2023-03-31,69CrOS7vEHIrhC2ILyEi0s,186611270,6UZ0ba50XreR4TM8u322gs
All Eyes On Me,JISOO,k-pop,Pop,ME,2023-03-31,2YXswOX5aKv6OHRKUcAMLQ,9027226,6UZ0ba50XreR4TM8u322gs
SORRY NOT SORRY,Tyler The Creator,,,CALL ME IF YOU GET LOST: The Estate Sale,2023-03-31,410ZZP746AQeiywhKvXWCo,21085521,4V8LLVI7PbaPR0K2TGSxFF
All Night,"RAF Camora, Luciano",german hip hop,Hip Hop,All Night,2023-03-31,4taclmQm9wFcK4dKQjR5ny,5437921,"0Dvx6p8JDyzeOPGmaCIH1L, 3CJKkU0XuElRT1z8rEtIYg"
WHARF TALK (feat. A$AP Rocky),"Tyler The Creator, A$AP Rocky",rap,Hip Hop,CALL ME IF YOU GET LOST: The Estate Sale,2023-03-31,3u9PAti8muEXXvEjeFpQK0,1693646,"4V8LLVI7PbaPR0K2TGSxFF, 13ubrt8QOOCPljQ2FL1Kca"
CLASSY 101,"Feid, Young Miko","reggaeton, urbano latino, trap latino",Latin,FERXXOCALIPSIS,2023-12-01,1hZsWUnLbqRw09jLAMQSsb,662260550,"2LRoIwlKmHjgvigdNGBHNo, 3qsKSpcV3ncke3hw52JSMB"
TUNNEL VISION,Melanie Martinez,,,PORTALS,2023-03-31,183WuVX0zsr0dHydHkKtGQ,1467382,63yrD80RY3RNEM2YDpUpO8
STUNTMAN (feat. Vince Staples),"Tyler The Creator, Vince Staples",,,CALL ME IF YOU GET LOST: The Estate Sale,2023-03-31,6S4WM9LW6oGkAtBFePffh2,1371955,"4V8LLVI7PbaPR0K2TGSxFF, 68kEuyFKyqrdQQLLsmiatm"
THE CONTORTIONIST,Melanie Martinez,,,PORTALS,2023-03-31,19SwuhO0bMiAcg2kyJydmj,1302805,63yrD80RY3RNEM2YDpUpO8
WHAT A DAY,Tyler The Creator,,,CALL ME IF YOU GET LOST: The Estate Sale,2023-03-31,3v3gyQkwRQGwDUZ7V2q2lF,1262431,4V8LLVI7PbaPR0K2TGSxFF
HEAVEN TO ME,Tyler The Creator,,,CALL ME IF YOU GET LOST: The Estate Sale,2023-03-31,4Z1ZlABSKDlVByJL3y5OVs,1240125,4V8LLVI7PbaPR0K2TGSxFF
EVIL,Melanie Martinez,,,PORTALS,2023-03-31,6UW10CbMTvqciT3X3Ldeox,1233550,63yrD80RY3RNEM2YDpUpO8
"BOYFRIEND, GIRLFRIEND (2020 Demo) (feat. YG)","Tyler The Creator, YG",hyphy,Hip Hop,CALL ME IF YOU GET LOST: The Estate Sale,2023-03-31,2sFEmuVVAa2klHwhFaT0rR,1191391,"4V8LLVI7PbaPR0K2TGSxFF, 0A0FS04o6zMoto8OKPsDwY"
SPIDER WEB,Melanie Martinez,,,PORTALS,2023-03-31,4EXWkO8apwRtwoi6k6nWHe,1164811,63yrD80RY3RNEM2YDpUpO8
Fast Car,Luke Combs,country,Country,Gettin' Old,2023-03-24,1Lo0QY9cvc8sUB2vnIOxDT,252104861,718COspgdWOnwOFpJHRZHS
FAERIE SOIRÉE,Melanie Martinez,,,PORTALS,2023-03-31,3SeNIwGVirXfaTWAOXcU2k,1150261,63yrD80RY3RNEM2YDpUpO8
Não Vitalício (Nunca Mais) - Ao Vivo,"Matheus & Kauan, Mari Fernandez","sertanejo, sertanejo universitário, arrocha, agronejo, piseiro, forró","Country, Latin",Não Vitalício (Nunca Mais) [Ao Vivo],2023-02-03,4sqpSDnTrbS8v7RMNCUyqS,4444902,"2Z0lRIqr997lIUiPtrpKCr, 0BHm7qbh3ENxvXzkQAG7MP"
Duas Três,"Guilherme & Benuto, Ana Castela, Adriano Rhod","sertanejo, sertanejo universitário, agronejo, arrocha, piseiro","Country, Latin",Duas Três,2023-02-09,0redQHBfejmPUhonR5ppGC,9024915,"6m6e7D2TnV0aYMllFFwMxu, 2CKOmarVWvWqkNWUatHCex, 1rzgK16tw9LTPmu6eMFyMF"
Cupid,FIFTY FIFTY,k-pop,Pop,The Beginning: Cupid,2023-02-24,5mg3VB3Qh7jcR5kAAC4DSV,56962408,4GJ6xDCF5jaUqD6avOuQT6
SLUT ME OUT,NLE Choppa,,,Cottonwood 2,2023-04-14,0WoVfPjxsf9MTvPt9ptqeE,65657168,0ErzCpIMyLcjPiwT4elrtZ
Smells Like Teen Spirit - Remastered,Nirvana,"grunge, rock",Rock,Nevermind (30th Anniversary Super Deluxe),1991-09-24,0gucTLf7trAf37Ua1uAyAu,1059048,6olE6TJLqED3rqDCT0FyPh
Search & Rescue,Drake,"rap, hip hop",Hip Hop,Search & Rescue,2023-04-07,7aRCf5cLOFN1U7kvtChY1G,140897533,3TVXtAsR1Inumwj472S9r4
People Pt.2 (feat. IU),"Agust D, IU","k-pop, k-rap, k-ballad","Pop, Hip Hop",D-DAY,2023-04-21,41JPN7pZMTp1sumBOHOzHd,47932149,"5RmQ8k4l3HZ8JoPb4mNsML, 3HqSLMAZ3g3d5poNaI7GOU"
HAPPY,NF,christian hip hop,Hip Hop,HOPE,2023-04-07,3ZEno9fORwMA1HPecdLi0R,8569815,6fOMl44jA4Sp5b9PpYCkzz
Never Felt So Alone,Labrinth,,,Ends & Begins,2023-04-28,6unndO70DvZfnXYcYQMyQJ,77933425,2feDdbD5araYcm6JhFHHw7
Baby Don't Hurt Me,"David Guetta, Anne-Marie, Coi Leray","edm, dance, ",Electronic,Baby Don't Hurt Me,2023-04-06,3BKD1PwArikchz2Zrlp1qi,290356627,"1Cs0zKBU1kc0i8ypK3B9ai, 1zNqDE7qDGCsyzJwohVaoX, 6AMd49uBDJfhf30Ak2QR5s"
Orange,"Sfera Ebbasta, Luciano","italian trap, trap, german hip hop",Hip Hop,Orange,2023-04-06,7jvwORp293fGCP6KfmE8aQ,1220509,"23TFHmajVfBtlRx5MXqgoz, 3CJKkU0XuElRT1z8rEtIYg"
CAREFUL,"NF, Cordae","christian hip hop, ",Hip Hop,HOPE,2023-04-07,7FET9gtiECWn7llt0sfvtU,1115040,"6fOMl44jA4Sp5b9PpYCkzz, 0huGjMyP507tBCARyzSkrv"
CHANEL,"Becky G, Peso Pluma","reggaeton, latin, corrido, corridos tumbados, corridos bélicos, música mexicana, sad sierreño, electro corridos, banda",Latin,CHANEL,2023-03-30,5RcxRGvmYai7kpFSfxe5GY,129168428,"4obzFoKoKRHIphyHzJ35G3, 12GqGscKJx3aE4t07u7eVZ"
I Know - PR1SVX Edit,"Kanii, PR1ISVX",jersey club,Pop,I Know (PR1SVX Edit),2023-03-24,3vcLw8QA3yCOkrj9oLSZNs,12023420,"1S82w4yw9TYIHZ889mPPaW, 0QdSoQy4EwwOACmhZobTQu"
Un Finde | CROSSOVER #2,"Big One, FMK, Ke Personajes","argentine trap, cuarteto, cumbia","Hip Hop, Latin",Un Finde | CROSSOVER #2,2023-04-04,3tiJUOfAEqIrLFRQgGgdoY,145767542,"2OhUNb01gLwygOizYvTm0e, 0dUyjgCyjfj5eMx6bX2TWf, 06Q5VlSAku57lFzyME3HrM"
I AM,IVE,k-pop,Pop,I've IVE,2023-04-10,70t7Q6AYG6ZgTYmJWcnkUM,67542665,6RHTUrRF63xao58xh9FXYJ
See You Again (feat. Kali Uchis),"Tyler The Creator, Kali Uchis",,,Flower Boy,2017-07-21,7KA4W4McWYRpgf0fWsJZWB,532474778,"4V8LLVI7PbaPR0K2TGSxFF, 1U1el3k54VvEUzo3ybLPlM"
El Tsurito,"Junior H, Peso Pluma, Gabito Ballesteros","corridos tumbados, corrido, corridos bélicos, sad sierreño, sierreño, música mexicana, banda, electro corridos",Latin,El Tsurito,2023-04-07,1piak4R3yW4otWWyaSqyCH,35399534,"7Gi6gjaWy3DxyilpF1a8Is, 12GqGscKJx3aE4t07u7eVZ, 6Sbl0NT50roqWvy746MfVf"
Los Ángeles,Aitana,,,Los Ángeles,2023-03-29,7lrMkztvl0MnRSB2i3KRRe,1020207,7eLcDZDYHXZCebtQmVFL25
Peaches,Jack Black,,,The Super Mario Bros. Movie (Original Motion Picture Soundtrack),2023-04-07,4w9soAM7IrmYDhSXLp14p6,34171490,0qpMYTgbXRi1ZcX6vend3T
Pink + White,Frank Ocean,,,Blonde,2016-08-20,3xKsf9qdS1CyvXSMEid6g8,293125172,2h93pZq0e7k5yf4dywlkpM
Maps,Maroon 5,pop,Pop,V,2014-09-02,4gbVRS8gloEluzf0GzDOFc,29644821,04gDigrS5kc9YWfZHwBETP
Daylight,David Kushner,,,The Dichotomy,2024-08-30,2mEMKgLqH3VZaSYO7iYCzp,786230986,33NVpKoXjItPwUJTMZIOiY
Chemical,Post Malone,,,Chemical,2023-04-14,5w40ZYhbBMAlHYNDaVJIUu,313481023,246dkjvS1zLTtiykXe5h60
Kill Bill (feat. Doja Cat),"SZA, Doja Cat","r&b, ",R&B,Kill Bill (feat. Doja Cat),2023-04-14,0CrcwVLUe8wzLUIXgjXVZJ,23724071,"7tYKF4w9nC0nq9CsPZTHyP, 5cj0lLjcoR7YOSnhnX0Po5"
Princess Diana (with Nicki Minaj),"Ice Spice, Nicki Minaj",,,Princess Diana (with Nicki Minaj),2023-04-14,0ZxhtATQ0a6EvQNZ0z6NKV,45524266,"3LZZPxNDGDFVSIPqf4JuEf, 0hCNtLu0JehylgoiP8L4Gh"
EL TONTO,"Lola Indigo, Quevedo",reggaeton,Latin,EL DRAGÓN,2023-04-13,4rKQ8daoK0aklVptea8A9E,18325593,"3bvfu2KAve4lPHrhEFDZna, 52iwsT98xCoGgiGntTiR7K"
Wish You The Best,Lewis Capaldi,soft pop,Pop,Broken By Desire To Be Heavenly Sent,2023-05-19,3gdPwk2wyOXNRnTA1KXnEr,18443661,4GNC7GD6oZMSxPGyXy4MNB
Triste Verano,"Eladio Carrion, Anuel AA","trap latino, urbano latino, trap, reggaeton, latin","Latin, Hip Hop",Triste Verano,2023-04-14,1AOPHC5whvr8K359BZu4kp,1186014,"5XJDexmWFLWOkjOEjOVX3e, 2R21vXR83lH98kGeO99Y66"
Melhor Só,"KayBlack, Baco Exu do Blues, Marquinho no Beat","brazilian trap, trap funk, trap, brazilian hip hop","Hip Hop, Electronic",Melhor Só,2023-03-30,2LTlykcdu0gwb7zcKneo2a,1106782,"2h5Ha0ZiMFmOQD3iYcSXsy, 5akTJ4daDNwrs95KlgQgY5, 3eLR6eOKqqNDtHTbABNkn1"
Igualito a Mi Apá,"Fuerza Regida, Peso Pluma","corrido, corridos tumbados, corridos bélicos, música mexicana, banda, sierreño, electro corridos, sad sierreño",Latin,Pa Que Hablen,2022-12-30,17js0w8GTkTUFGFM6PYvBd,48351711,"0ys2OFYzWYB5hRDLCsBqxt, 12GqGscKJx3aE4t07u7eVZ"
Las Morras,"Peso Pluma, Blessd","corrido, corridos tumbados, corridos bélicos, música mexicana, sad sierreño, electro corridos, banda, reggaeton, urbano latino",Latin,Las Morras,2023-04-04,7Lkxvfl2rkNYWS4kBDCQtN,90400505,"12GqGscKJx3aE4t07u7eVZ, 1TA5sGRlKUJXBN4ZyJuDIX"
Seu Brilho Sumiu - Ao Vivo,"Israel & Rodolffo, Mari Fernandez","sertanejo, sertanejo universitário, piseiro, agronejo, arrocha, forró","Country, Latin","Let's Bora, Vol. 2 (Ao Vivo)",2023-03-02,3PH1nUysW7ybo3Yu8sqlPN,58772282,"41QLxRXlc2NwfJZkHGHKid, 0BHm7qbh3ENxvXzkQAG7MP"
アイドル,YOASOBI,"j-pop, anime",Pop,アイドル,2023-04-12,7ovUcF5uHTBRzUpB6ZOmvt,124358439,64tJ2EAv1R6UaZqc4iOCyj
un x100to,"Grupo Frontera, Bad Bunny","cumbia norteña, banda, norteño, música mexicana, corrido, corridos tumbados, grupera, corridos bélicos, tejano, reggaeton, trap latino, latin, urbano latino",Latin,El Comienzo,2023-08-25,2yzshFeBIwH8tWIqHEFLeD,813462421,"6XkjpgcEsYab502Vr1bBeW, 4q3ewBCX7sLwd24euuV69X"
Frágil,"Yahritza Y Su Esencia, Grupo Frontera","sad sierreño, música mexicana, corridos tumbados, banda, corrido, sierreño, cumbia norteña, norteño, grupera, corridos bélicos, tejano",Latin,Obsessed Pt. 2,2023-09-08,7BVMtLpd7edHeOizt4RWz9,266168297,"51ZSh80McCt7vbqHouzW0A, 6XkjpgcEsYab502Vr1bBeW"
Always,Daniel Caesar,,,NEVER ENOUGH,2023-04-07,2LlOeW5rVcvl3QcPNPcDus,3343090,20wkVLutqVOYrc0kxFs7rA
Double Fantasy (with Future),"The Weeknd, Future",rap,Hip Hop,Double Fantasy,2023-04-21,4VMRsbfZzd3SfQtaJ1Wpwi,48176498,"1Xyo4u8uXC1ZmMpatF05PJ, 1RyvyyTE3xzB2ZywiAwp0i"
Haegeum,Agust D,"k-pop, k-rap","Pop, Hip Hop",D-DAY,2023-04-21,4bjN59DRXFRxBE1g5ne6B1,54734277,5RmQ8k4l3HZ8JoPb4mNsML
HUH?! (feat. j-hope),"Agust D, j-hope","k-pop, k-rap","Pop, Hip Hop",D-DAY,2023-04-21,6XrPzwKeGzEvtan3acn7VH,3176124,"5RmQ8k4l3HZ8JoPb4mNsML, 0b1sIQumIAsNbqAoIClSpy"
D-Day,Agust D,"k-pop, k-rap","Pop, Hip Hop",D-DAY,2023-04-21,22W6wI4hDTjMAYKKBQW9dU,1866836,5RmQ8k4l3HZ8JoPb4mNsML
AMYGDALA,Agust D,"k-pop, k-rap","Pop, Hip Hop",D-DAY,2023-04-21,5fj32MKLHkut2Vod1UodcU,1831147,5RmQ8k4l3HZ8JoPb4mNsML
Alone (with Nicki Minaj),"Kim Petras, Nicki Minaj",,,Alone,2023-04-21,7kOletJ0Q5H4MWe7cfeZXP,2869887,"3Xt3RrJMFv5SZkCfUE8C1J, 0hCNtLu0JehylgoiP8L4Gh"
"Snooze (feat. Ryuichi Sakamoto, WOOSUNG of The Rose)","Agust D, Ryuichi Sakamoto, WOOSUNG","k-pop, k-rap, japanese classical, ambient, k-rock","Electronic, Classical, Pop, Hip Hop, Rock",D-DAY,2023-04-21,4j3M8NrbGSXdMPwEVsnfHE,1597589,"5RmQ8k4l3HZ8JoPb4mNsML, 1tcgfoMTT1szjUeaikxRjA, 5LHu1iF8m0XtRBEJbbwSoo"
SDL,Agust D,"k-pop, k-rap","Pop, Hip Hop",D-DAY,2023-04-21,2vRoAkwc3UBEPW2udvN0u9,1556985,5RmQ8k4l3HZ8JoPb4mNsML
Life Goes On,Agust D,"k-pop, k-rap","Pop, Hip Hop",D-DAY,2023-04-21,7gv3UYPh05ZDP7Io5BIsn7,1532860,5RmQ8k4l3HZ8JoPb4mNsML
Niña Bonita,"Feid, Sean Paul","reggaeton, urbano latino, dancehall","Traditional music, Latin",Niña Bonita,2023-04-21,3Gs7mVfWKl567mjozgxmXv,86508436,"2LRoIwlKmHjgvigdNGBHNo, 3Isy6kedDrgPYoTS1dazA9"
Polar Night,Agust D,"k-pop, k-rap","Pop, Hip Hop",D-DAY,2023-04-21,3JSodIIStqTwXSH7nXOuhe,1406074,5RmQ8k4l3HZ8JoPb4mNsML
Boat,Ed Sheeran,soft pop,Pop,- (Deluxe),2023-05-05,6jemILri7l5LuPhKs2nuXr,2670427,6eUKZXaKkcviH0Ku9w2n3V
Interlude : Dawn,Agust D,"k-pop, k-rap","Pop, Hip Hop",D-DAY,2023-04-21,56tf3cHQkwmvoplotk5QXd,1307810,5RmQ8k4l3HZ8JoPb4mNsML
Erro Gostoso - Ao Vivo,Simone Mendes,"sertanejo, sertanejo universitário, forró, piseiro, agronejo, arrocha","Country, Latin",Cintilante (Ao Vivo / Vol.2),2023-10-20,6vq7r1Pqd3pyI07u63cPZV,58048606,2eK9gcJQ6uqVvJL63dnOM3
M.A - Remix,"BM, Callejero Fino, La Joaqui, Lola Indigo","rkt, turreo, cuarteto, cumbia, ",Latin,M.A (Remix),2023-04-05,7JB29gnUowzSGRdIpeVqRQ,1114430,"5TP8Ubo4jLKEi4Mw2O8fAk, 6GRwwWAtmusrgAL5JF9Dfr, 60XHOAhvEBiV6BGBOv8ClM, 3bvfu2KAve4lPHrhEFDZna"
Super,SEVENTEEN,k-pop,Pop,SEVENTEEN 10th Mini Album 'FML',2023-04-24,3AOf6YEpxQ894FmrwI9k96,32108958,7nqOGRxlXj7N2JYbgNEjYH
Rosa Pastel,"Peso Pluma, Jasiel Nuñez","corrido, corridos tumbados, corridos bélicos, música mexicana, sad sierreño, electro corridos, banda",Latin,Rosa Pastel,2023-04-20,4LreWoO3cpgiIfrRwbOUSF,18151307,"12GqGscKJx3aE4t07u7eVZ, 0T8Ix53aIN4F7aEKj4EnKy"
Shoong! (feat. LISA of BLACKPINK),"TAEYANG, LISA",k-pop,Pop,Down to Earth,2023-04-25,5HrIcZOo1DysX53qDRlRnt,12052568,"6udveWUgX4vu75FF0DTrXV, 5L1lO4eRHmJ7a0Q6csE5cT"
They Don't Love It,Jack Harlow,,,Jackman.,2023-04-28,2dSKFFNoNXKo3hPnlwUdPe,1606422,2LIk90788K0zvyj2JJVwkJ
Mami Chula,"JHAYCO, Quevedo","reggaeton, trap latino, urbano latino",Latin,Mami Chula,2023-04-28,4aJzxp3gimtAdgJn3DL776,15310643,"6nVcHLIgY5pE2YCl8ubca1, 52iwsT98xCoGgiGntTiR7K"
Meltdown,Niall Horan,,,Meltdown,2023-04-28,52Rfxu5AUNMV1qhhC2ZCkb,1454374,1Hsdzj7Dlq2I7tHP7501T4
SUPERNOVA,SAIKO,,,SUPERNOVA,2023-04-19,0zY2rypOdM8xmsf4tUyafF,4576576,2O8vbr4RYPpk6MRA4fio7u
METAMORPHOSIS,Master CC,,,METAMORPHOSIS,1999-00-00,1IArZTLaksXljitIzHzkgy,3495825,0hLvG56rSXh785IbjYpuRQ
The Alcott (feat. Taylor Swift),"The National, Taylor Swift","indie rock, ",Rock,First Two Pages of Frankenstein,2023-04-28,6INztpNwOTlfSKTuPo0HOP,1201061,"2cCUtGK9sDU2EoElnk0GNB, 06HL4z0CvFAxyc27GXpf02"
Common Ground,Jack Harlow,,,Jackman.,2023-04-28,2OZfJcpzSFApBxUA0gXuJz,1189518,2LIk90788K0zvyj2JJVwkJ
Cupid – Twin Ver. (FIFTY FIFTY) – Sped Up Version,sped up 8282,,,Cupid – Twin Ver. (FIFTY FIFTY) – Sped Up Version,2023-04-08,3B228N0GxfUCwPyfNcJxps,28354455,1c0ChJZVluriMPwFrTAmly
Tak Segampang Itu,Anggi Marito,"indonesian pop, malay",Pop,Tak Segampang Itu,2022-12-02,26cvTWJq2E1QqN4jyH2OTU,164722152,1JvbNeV9zG9Sew1JyaWsyx
Conexões de Máfia (feat. Rich The Kid),"Matuê, Rich The Kid","brazilian trap, trap, brazilian hip hop, trap funk","Hip Hop, Electronic",Conexões de Máfia (feat. Rich The Kid),2023-04-30,3ktTWpYdXrYApH54cBo4Ap,32900698,"5nP8x4uEFjAAmDzwOEc9b8, 1pPmIToKXyGdsCF6LmqLmI"
UNFORGIVEN (feat. Nile Rodgers),"LE SSERAFIM, Nile Rodgers","k-pop, ",Pop,UNFORGIVEN,2023-05-01,51vRumtqbkNW9wrKfESwfu,45433636,"4SpbR6yFEvexJuaBpgAU5p, 3yDIp0kaq9EFKe07X1X2rz"
Blue Hair,TV Girl,,,Death of a Party Girl,2018-05-08,39sDitIeCMrVX2QyXHY46t,3288729,0Y6dVaC9DZtPNH4591M42W
Circles,Post Malone,,,Hollywood's Bleeding,2019-09-06,21jGcNKet2qwijlDFuPiPb,56574835,246dkjvS1zLTtiykXe5h60
Don't ever say love me (feat. RM of BTS),"Colde, RM","k-pop, k-rap","Pop, Hip Hop",Love Part 2,2023-05-04,34o6gteNy2T5rieA0xYAgo,6388657,"3VQDqjQ4wJyw8PzpGdlZpB, 2auC28zjQyVTsiZKNgPRGs"
Curtains,Ed Sheeran,soft pop,Pop,- (Deluxe),2023-05-05,6ZZf5a8oiInHDkBe9zXfLP,12195272,6eUKZXaKkcviH0Ku9w2n3V
Fin de semana,Byron Bahamonde,,,Loquito por ti mi amor,2023-05-04,56fgKMdTBPO3vohorGohYR,6460064,1KPfaymzGJ7QvhIUEdsBmg
Mejor Que Yo,"Anuel AA, DJ Luian, Mambo Kingz","reggaeton, trap latino, urbano latino, latin",Latin,Mejor Que Yo,2023-05-04,1VsHc0qIeyjYOyvN5HIEQG,18154509,"2R21vXR83lH98kGeO99Y66, 64aJYyrXljOodnUG6jvhRD, 2T1aUibqR2QC2sINIDQOAK"
LosT,Bring Me The Horizon,"metalcore, emo, screamo, rock, post-hardcore, metal","Rock, Metal",LosT,2023-05-04,5BgnL6gHauuvxe4Ok6W1aC,1377535,1Ffb6ejR6Fe5IamqA5oRUF
Go Hard,Lil Baby,,,Go Hard,2023-05-03,1IzJxbARcQrOWMZgPw1PNj,1230084,5f7VJjfbwm532GiveGC0ZK
MONEY,LISA,k-pop,Pop,LALISA,2021-09-10,7hU3IHwjX150XLoTVmjD0q,34010723,5L1lO4eRHmJ7a0Q6csE5cT
Creep,Radiohead,"art rock, alternative rock",Rock,Pablo Honey,1993-02-22,70LcF31zb1H0PyJoS1Sx1r,210005544,4Z8W4fKeB5YxbusRsdQVPb
Dog Days Are Over,Florence + The Machine,baroque pop,Pop,Lungs (Deluxe Version),2009-00-00,456WNXWhDwYOSf5SpTuqxd,31724126,1moxjboGR7GNWYIMWsRjgG
Spicy,aespa,k-pop,Pop,MY WORLD - The 3rd Mini Album,2023-05-08,1ULdASrNy5rurl1TZfFaMP,1140308,6YVMFz59CuY7ngCxTxjpxE
Area Codes,Kaliii,,,Area Codes,2023-03-17,7sliFe6W30tPBPh6dvZsIH,84143622,1YRqgFNXqRyMDRr8ClS1NL
Something Just Like This,"The Chainsmokers, Coldplay",,,Memories...Do Not Open,2017-04-07,6RUKPb4LETWmmr3iAEQktW,58135120,"69GGBxA162lTqCwzJG5jLp, 4gzpq5DPGxSnKTe4SA8HAU"
hotline (edit),Billie Eilish,,,hotline (edit),2023-05-09,0WFryfbNKPXVtVQlz5dZ8H,5545579,6qqNVTkY8uBg9cP3Jd7DAH
MATHEMATICAL DISRESPECT,Lil Mabu,"new york drill, drill",Hip Hop,MATHEMATICAL DISRESPECT,2023-05-05,0Ymjv0OJeIIPXr6s9wi3iW,25548951,6FAo7ORAHEzSSf5q10LLfN
The Planet,BTS,k-pop,Pop,The Planet,2023-05-12,4IJsVXbSeGPUrgwpVoHmlg,20006377,3Nrfpe0tUJi4K4DXYWgMUX
All My Life (feat. J. Cole),"Lil Durk, J. Cole","drill, rap",Hip Hop,Almost Healed,2023-05-26,6T7FXSuXykeGktMLGp8WgE,184952632,"3hcs9uc56yIGFCSy9leWe7, 6l3HvQ5sa6mXTsMTB19rO5"
Acróstico - Milan + Sasha,Shakira,"latin pop, latin","Latin, Pop",Acróstico (Milan + Sasha),2023-05-11,7txjUEY6McJDJKqIo1Rxjp,99880513,0EmeFodog0BfCgMzAIvKQp
Cha Cha Cha,Käärijä,"finnish pop, finnish hip hop","Hip Hop, Pop",Cha Cha Cha,2023-01-17,5RX8T3EoTuXcybAxe6oPAw,39620251,6LkMGN0t3HDNL8hIvma70r
Un Cigarrillo,Chencho Corleone,reggaeton,Latin,Un Cigarrillo,2023-05-04,4k7CNPArKLf4QuvGfMeHDk,9906892,37230BxxYs9ksS7OkZw3IU
Pacas De Billetes,Natanael Cano,"corridos tumbados, corrido, corridos bélicos, sad sierreño, electro corridos, sierreño, música mexicana, banda",Latin,Nata Montana,2023-06-30,5pnj8s1C1LnwkiIRrsLXSg,12109841,0elWFr7TW8piilVRYJUe4P
Queen of Kings,Alessandra,,,Queen of Kings,2023-01-09,14LdhxElpZS0rKVV4nxtdA,19729276,35HMF6Y8dSzNfeJs3X65fw
Di Que Sí,"Grupo Marca Registrada, Grupo Frontera","corrido, corridos bélicos, corridos tumbados, electro corridos, banda, norteño, música mexicana, sad sierreño, sierreño, cumbia norteña, grupera, tejano",Latin,Don't Stop The Magic,2023-05-12,0pliiCOWPN0IId8sXAqNJr,1169125,"1gW6pz5n1aK249L0GvfQCC, 6XkjpgcEsYab502Vr1bBeW"
Unicorn,Noa Kirel,mizrahi,Pop,Unicorn,2023-03-08,6dUregFbvUNqHP5nphqesK,2638904,1wak0ZG1LUrZPYx8RDTQoD
Abcdario,"Eden Muñoz, Junior H","banda, corrido, norteño, corridos bélicos, corridos tumbados, música mexicana, sad sierreño, sierreño",Latin,Abcdario,2023-05-13,0qCPD6ilr9nXkI4KVZgcns,55927416,"1gJdf4Yybu4X5A2xYV3NMV, 7Gi6gjaWy3DxyilpF1a8Is"
Queencard,(G)I-DLE,k-pop,Pop,I feel,2023-05-15,4uOBL4DDWWVx4RhYKlPbPC,114709412,2AfmfGFbe0A0WsTYm0SDTx
"Angel Pt. 1 (feat. Jimin of BTS, JVKE & Muni Long)","Kodak Black, NLE Choppa, Jimin, JVKE, Muni Long, Fast & Furious: The Fast Saga","k-pop, phonk, drift phonk","Electronic, Pop, Hip Hop","Angel Pt. 1 (feat. Jimin of BTS, JVKE & Muni Long) [Trailer Version]",2023-05-17,1vvcEHQdaUTvWt0EIUYcFK,100023300,"46SHBwWsqBkxI7EeeBEQG7, 0ErzCpIMyLcjPiwT4elrtZ, 1oSPZhvZMIrWW5I41kPkkY, 164Uj4eKjl6zTBKfJLFKKK, 7tjVFCxJdwT4NdrTmjyjQ6, 1lpOgw56wZLDa8gaP6bSIs"
"Angel Pt. 1 (feat. Jimin of BTS, JVKE & Muni Long) - Trailer Version","Jimin, JVKE, Fast & Furious: The Fast Saga, Kodak Black, NLE Choppa, Muni Long","k-pop, phonk, drift phonk, ","Electronic, Pop, Hip Hop","Angel Pt. 1 (feat. Jimin of BTS, JVKE & Muni Long) [Trailer Version]",2023-05-09,5qyjy0xfsHNzWxvXkHVB85,1141356,"1oSPZhvZMIrWW5I41kPkkY, 164Uj4eKjl6zTBKfJLFKKK, 1lpOgw56wZLDa8gaP6bSIs, 46SHBwWsqBkxI7EeeBEQG7, 0ErzCpIMyLcjPiwT4elrtZ, 7tjVFCxJdwT4NdrTmjyjQ6"
WHERE SHE GOES,Bad Bunny,"reggaeton, trap latino, latin, urbano latino",Latin,nadie sabe lo que va a pasar mañana,2023-10-13,2sTDlCxmuZCTDKKk9f1qus,565528743,4q3ewBCX7sLwd24euuV69X
Say Yes To Heaven,Lana Del Rey,,,Say Yes To Heaven,2023-05-19,6GGtHZgBycCgGBUhZo81xe,284218373,00FQb4jTyendYWaN8pK0wa
Mourning,Post Malone,,,AUSTIN,2023-07-28,3pI3nzi2Y0Iyj1nATDOeQV,20835300,246dkjvS1zLTtiykXe5h60
TQM,Fuerza Regida,"corrido, corridos tumbados, corridos bélicos, música mexicana, banda, sierreño, electro corridos, sad sierreño",Latin,Pa las Baby's Y Belikeada,2023-10-20,2O223PoYCkIPSsE4cmnr9v,317715353,0ys2OFYzWYB5hRDLCsBqxt
Cartão Black,"MC Caverinha, KayBlack, Wall Hein","brazilian trap, trap, brazilian hip hop, trap funk","Hip Hop, Electronic",Cartão Black,2023-05-11,12YCtLHGk6tP6RbHDHflCs,23562712,"7tojcuXcZ7eBlQjbAc65Ee, 2h5Ha0ZiMFmOQD3iYcSXsy, 5wEgjH2s4SAiffRmzkBqHB"
Novo Balanço,"Veigh, Bvga Beatz, Prod Malax, Supernova Ent","brazilian trap, trap, trap funk, brazilian hip hop","Hip Hop, Electronic",Dos Prédios Deluxe,2023-05-19,4hKLzFvNwHF6dPosGT30ed,104730228,"4YqwRbMLqGHRHLS1w2ZKse, 7saGN6a32YNpiMPo2SWJxE, 5X5jKBLJ88Ji6tzwfL0g4c, 3prRKGJz16RRMRSIM97nHw"
AMARGURA,KAROL G,"reggaeton, latin, urbano latino",Latin,MAÑANA SERÁ BONITO,2023-02-24,505v13epFXodT9fVAJ6h8k,340687908,790FomKkXshlbRYZFtlgla
Say Yes To Heaven - Sped Up,Lana Del Rey,,,Say Yes To Heaven,2023-05-19,2f5WkystuejnBzgV18GTGa,1251463,00FQb4jTyendYWaN8pK0wa
69,"Nicky Jam, Feid","reggaeton, latin, urbano latino",Latin,69,2023-05-19,13Z5Q40pa1Ly7aQk1oW8Ce,26796994,"1SupJlEpv7RS2tPNRaHViT, 2LRoIwlKmHjgvigdNGBHNo"
Vagabundo,"Sebastian Yatra, Manuel Turizo, Beéle","colombian pop, reggaeton, latin","Pop, Latin",Vagabundo,2023-05-12,1MB8kTH7VKvAMfL9SHgJmG,148444530,"07YUOmWljBTXwIseAUd9TW, 0tmwSHipWxN12fsoLcFU3B, 7a0XAaPaK2aDSqa8p3QnC7"
Have You Ever Seen The Rain,Creedence Clearwater Revival,"classic rock, southern rock, country rock",Rock,Pendulum (Expanded Edition),1970-12-07,2LawezPeJhN4AWuSB0GtAU,149072424,3IYUhFvPQItj6xySrBmZkd
AMERICA HAS A PROBLEM (feat. Kendrick Lamar),"Beyoncé, Kendrick Lamar","hip hop, west coast hip hop",Hip Hop,AMERICA HAS A PROBLEM (feat. Kendrick Lamar),2023-05-19,6l8mgVN9Xf1hiDIFGA6CTE,29541988,"6vWDO969PvNqNYHIOW5v0m, 2YZyLoL8N0Wb9xBt1NhZWg"
Así Lo Quiso Dios,"Eslabon Armado, Luis R Conriquez","corridos tumbados, sad sierreño, corrido, sierreño, música mexicana, corridos bélicos, electro corridos, banda",Latin,DESVELADO,2023-04-28,6X5WZbJzXtk6aO03HlxuZ9,1181277,"0XeEobZplHxzM9QzFQWLiR, 0pePYDrJGk8gqMRbXrLJC8"
Bite Me,ENHYPEN,k-pop,Pop,DARK BLOOD,2023-05-22,7mpdNiaQvygj2rHoxkzMfa,39631860,5t5FqBwTcgKTaWmfEbwQY9
What's Love Got to Do with It - 2015 Remaster,Tina Turner,,,Private Dancer (30th Anniversary Issue),1984-05-29,3ErsOxqe2RmXkR65wkygDz,4747094,1zuJe6b1roixEKMOtyrEak
The Best,Tina Turner,,,Foreign Affair,1989-09-13,6pPWRBubXOBAHnjl5ZIujB,3790092,1zuJe6b1roixEKMOtyrEak
Proud Mary,Tina Turner,,,What's Love Got to Do with It?,1993-00-00,6gJdDnF2TzfA1WPMXuCa3x,1348159,1zuJe6b1roixEKMOtyrEak
We Don't Need Another Hero (Thunderdome),Tina Turner,,,Private Dancer (30th Anniversary Issue),1984-05-29,50XXRUFNjs85P0MjCZ1c9X,1305151,1zuJe6b1roixEKMOtyrEak
Cosas De La Vida,Eros Ramazzotti,italo dance,Pop,Todo Historias,1993-01-01,0z3Voyxi0FH0SQBc7c4wri,1125410,61J0BktHv7PuP3tjTPYXSX
Karma (feat. Ice Spice),"Taylor Swift, Ice Spice",,,Midnights (The Til Dawn Edition),2023-05-26,4i6cwNY6oIUU2XZxPIw82Y,25108761,"06HL4z0CvFAxyc27GXpf02, 3LZZPxNDGDFVSIPqf4JuEf"
Snow On The Beach (feat. More Lana Del Rey),"Taylor Swift, Lana Del Rey",,,Midnights (The Til Dawn Edition),2023-05-26,4zmKGsrXjLmljb5fTaBTot,26304504,"06HL4z0CvFAxyc27GXpf02, 00FQb4jTyendYWaN8pK0wa"
Hits Different,Taylor Swift,,,Midnights (The Til Dawn Edition),2023-05-26,3xYJScVfxByb61dYHTwiby,32337740,06HL4z0CvFAxyc27GXpf02
Dance The Night - From Barbie The Album,Dua Lipa,pop,Pop,Dance The Night (From Barbie The Album),2023-05-25,1vYXt7VSjH9JIM5oRRo7vA,600729730,6M2wZ9GZgrQXHCFfjv46we
War Bout It (feat. 21 Savage),"Lil Durk, 21 Savage","drill, ",Hip Hop,Almost Healed,2023-05-26,4muwDurKeVOB1WBjTVRWlD,2826328,"3hcs9uc56yIGFCSy9leWe7, 1URnnhqYAYcrqrcwql10ft"
Friesenjung,"Ski Aggu, Joost, Otto Waalkes","german hip hop, gabber, ","Electronic, Hip Hop",Friesenjung,2023-05-25,6tAKikIvnoWfUeZrfkopLL,3649445,"6CP5wWvO8oIxedESJNCN4H, 6s5ubAp65wXoTZefE01RNR, 1T6DQ853AlyL47W8a2jC0f"
Bye,Peso Pluma,"corrido, corridos tumbados, corridos bélicos, música mexicana, sad sierreño, electro corridos, banda",Latin,Bye,2023-05-26,6n2P81rPk2RTzwnNNgFOdb,51816576,12GqGscKJx3aE4t07u7eVZ
Pelle Coat,Lil Durk,drill,Hip Hop,Almost Healed,2023-05-26,6KlqjCLNImX7W9zYt2Xa7D,1256006,3hcs9uc56yIGFCSy9leWe7
Stand By Me (feat. Morgan Wallen),"Lil Durk, Morgan Wallen","drill, country","Country, Hip Hop",Almost Healed,2023-05-26,1fXnu2HzxbDtoyvFPWG3Bw,13876287,"3hcs9uc56yIGFCSy9leWe7, 4oUHIQIBe0LHzYfvXNW4QM"
Phir Aur Kya Chahiye (From  Zara Hatke Zara Bachke ),"Sachin-Jigar, Arijit Singh, Amitabh Bhattacharya","gujarati pop, bollywood, hindi pop, desi, gujarati garba, bangla pop","Pop, Hip Hop, Jazz",Phir Aur Kya Chahiye (From  Zara Hatke Zara Bachke ),2023-05-16,5QW9K4A1gMnIi94YUxtsfM,56998803,"1mBydYMVBECdDmMfE2sEUO, 4YRxDV8wJFPHPTeXepOstw, 2fMqTqiTxUDlmcOEPaQSsx"
Car's Outside,James Arthur,soft pop,Pop,YOU,2019-10-18,0otRX6Z89qKkHkQ9OqJpKt,112276342,4IWBUUAFIplrNtaOHcJPRM
august,Taylor Swift,,,folklore,2020-07-24,3hUxzQpSfdDqwM3ZTFQY0K,341084327,06HL4z0CvFAxyc27GXpf02
Tá OK,"DENNIS, MC Kevin o Chris","funk, brazilian funk, funk carioca, funk pop, funk melody, brega funk","Hip Hop, Pop, R&B, Country",Tá OK,2023-05-04,0fABszUFNbNq9IW503Gj8v,177616083,"6xlRSRMLgZbsSNd0BMobwy, 2UMj7NCbuqy1yUZmiSYGjJ"
I Wonder,Kanye West,rap,Hip Hop,Graduation,2007-09-11,7rbECVPkY5UODxoOUVKZnA,33158994,5K4W6rqBFWDnAN6FQUkS6x
"Peso Pluma: Bzrp Music Sessions, Vol. 55","Bizarrap, Peso Pluma","argentine trap, trap latino, urbano latino, corrido, corridos tumbados, corridos bélicos, música mexicana, sad sierreño, electro corridos, banda","Hip Hop, Latin","Peso Pluma: Bzrp Music Sessions, Vol. 55",2023-06-01,5AqiaZwhmC6dIbgWrD5SzV,303105982,"716NhGYqD1jl2wI1Qkgq36, 12GqGscKJx3aE4t07u7eVZ"
Es un Secreto,Plan B,reggaeton,Latin,House of Pleasure,2010-07-20,3KZCP2StVGdWkOKyRZNWA4,123639458,2jSGzJw0ebJLu7OLVSOcBP
Let Me Down Slowly,Alec Benjamin,,,Narrated For You,2018-11-16,2qxmye6gAegTMjLKEBoR3d,70334295,5IH6FPUwQTxPSXurCrcIov
Sprinter,"Dave, Central Cee","grime, uk drill, drill","Hip Hop, Electronic, Pop",Sprinter,2023-06-01,2FDTHlrBguDzQkp7PVj16Q,528039161,"6Ip8FS7vWT1uKkJSweANQK, 5H4yInM5zmHqpKIoMNAx4r"
Popular (with Playboi Carti & Madonna) - From The Idol Vol. 1 (Music from the HBO Original Series),"The Weeknd, Playboi Carti, Madonna","rage rap, ",Hip Hop,Popular (Music from the HBO Original Series),2023-06-02,6WzRpISELf3YglGAh7TXcG,435834065,"1Xyo4u8uXC1ZmMpatF05PJ, 699OTQXzgjhIYAHMy9RyPD, 6tbjWDEIzxoDsBA1FuhfPW"
"Annihilate (Spider-Man: Across the Spider-Verse) (Metro Boomin & Swae Lee, Lil Wayne, Offset)","Metro Boomin, Swae Lee, Lil Wayne, Offset","rap, hip hop, ",Hip Hop,METRO BOOMIN PRESENTS SPIDER-MAN: ACROSS THE SPIDER-VERSE (SOUNDTRACK FROM AND INSPIRED BY THE MOTION PICTURE),2023-06-02,39MK3d3fonIP8Mz9oHCTBB,69396212,"0iEtIxbK0KxaSlF7G42ZOp, 1zNqQNIdeOUZHb8zbZRFMX, 55Aa2cqylxrFIXC767Z865, 4DdkRBBYG6Yk9Ka8tdJ9BW"
S-Class,Stray Kids,k-pop,Pop,5-STAR,2023-06-02,6LuvVxHXQDtsPxtE07Ycbe,26484903,2dIgFjalVxs4ThymZ67YCE
"Calling (Spider-Man: Across the Spider-Verse) (Metro Boomin & Swae Lee, NAV, feat. A Boogie Wit da Hoodie)","Metro Boomin, Swae Lee, NAV, A Boogie Wit da Hoodie",melodic rap,Hip Hop,METRO BOOMIN PRESENTS SPIDER-MAN: ACROSS THE SPIDER-VERSE (SOUNDTRACK FROM AND INSPIRED BY THE MOTION PICTURE),2023-06-02,5rurggqwwudn9clMdcchxT,110211953,"0iEtIxbK0KxaSlF7G42ZOp, 1zNqQNIdeOUZHb8zbZRFMX, 7rkW85dBwwrJtlHRDkJDAC, 31W5EY0aAly4Qieq6OFu6I"
Los del Espacio,"LIT killah, Tiago PZK, Maria Becerra, Duki, Emilia, Rusherking, Big One, FMK","argentine trap, trap latino, trap, urbano latino, cuarteto, cumbia","Hip Hop, Latin",Los del Espacio,2023-06-01,1Hs1uUl8o2VtDp1DABFq0O,227287253,"1vqR17Iv8VFdzure1TAXEq, 5Y3MV9DZ0d87NnVm56qSY1, 1DxLCyH42yaHKGK3cl5bvG, 1bAftSH8umNcGZ0uyV7LMg, 0AqlFI0tz2DsEoJlKSIiT9, 3Apb2lGmGJaBmr0TTBJvIZ, 2OhUNb01gLwygOizYvTm0e, 0dUyjgCyjfj5eMx6bX2TWf"
"Am I Dreaming (Metro Boomin & A$AP Rocky, Roisee)","Metro Boomin, A$AP Rocky, Roisee","rap, ",Hip Hop,METRO BOOMIN PRESENTS SPIDER-MAN: ACROSS THE SPIDER-VERSE (SOUNDTRACK FROM AND INSPIRED BY THE MOTION PICTURE),2023-06-02,6Ec5LeRzkisa5KJtwLfOoW,89564837,"0iEtIxbK0KxaSlF7G42ZOp, 13ubrt8QOOCPljQ2FL1Kca, 5pCGvSxNNUcddlRrG0wsrY"
"All The Way Live (Spider-Man: Across the Spider-Verse) (Metro Boomin & Future, Lil Uzi Vert)","Metro Boomin, Future, Lil Uzi Vert","rap, melodic rap",Hip Hop,METRO BOOMIN PRESENTS SPIDER-MAN: ACROSS THE SPIDER-VERSE (SOUNDTRACK FROM AND INSPIRED BY THE MOTION PICTURE),2023-06-02,0B6g379TMw0nYGXA7y5xHz,12574650,"0iEtIxbK0KxaSlF7G42ZOp, 1RyvyyTE3xzB2ZywiAwp0i, 4O15NlyKLIASxsJ0PrXPfz"
TOPLINE (Feat. Tiger JK),"Stray Kids, Tiger JK","k-pop, k-rap, soundtrack","Pop, Hip Hop, Easy listening",5-STAR,2023-06-02,0jvZ9caE53ubCQXMki6W23,1736014,"2dIgFjalVxs4ThymZ67YCE, 11S00dFcvNvJahis8MTGMD"
El Cielo,"Sky Rompiendo, Feid, Myke Towers","reggaeton, urbano latino, trap latino",Latin,El Cielo,2023-06-02,4PA1wK0leCjmRZlP5dQ8Lv,186381346,"51XrH5fQP2oIQynuKxSWcW, 2LRoIwlKmHjgvigdNGBHNo, 7iK8PXO48WeuP03g8YR51W"
Danger (Spider) (Offset & JID),"Offset, JID",,,METRO BOOMIN PRESENTS SPIDER-MAN: ACROSS THE SPIDER-VERSE (SOUNDTRACK FROM AND INSPIRED BY THE MOTION PICTURE),2023-06-02,3X6qK1LdMkSOhklwRa2ZfG,3851220,"4DdkRBBYG6Yk9Ka8tdJ9BW, 6U3ybJ9UHNKEdsH7ktGBZ7"
Hall of Fame,Stray Kids,k-pop,Pop,5-STAR,2023-06-02,5podb1asONjqwKk1iMVOeG,1478242,2dIgFjalVxs4ThymZ67YCE
Super Bowl,Stray Kids,k-pop,Pop,5-STAR,2023-06-02,3OhW68CiyfCoeGntozuUMl,1460804,2dIgFjalVxs4ThymZ67YCE
ITEM,Stray Kids,k-pop,Pop,5-STAR,2023-06-02,1EWTsgQAEsUrnQ8iawhDSN,1428887,2dIgFjalVxs4ThymZ67YCE
Hoe (feat. Sfera Ebbasta),"Tedua, Sfera Ebbasta","italian trap, trap",Hip Hop,La Divina Commedia,2023-06-02,3VtGh8xE9qRsFyY2Uj1WG3,1307964,"1AgAVqo74e2q4FVvg0xpT7, 23TFHmajVfBtlRx5MXqgoz"
DLC,Stray Kids,k-pop,Pop,5-STAR,2023-06-02,6dyXogYZZ45wBgRY1Wq3P1,1307311,2dIgFjalVxs4ThymZ67YCE
Hummingbird (Metro Boomin & James Blake),"Metro Boomin, James Blake",,,METRO BOOMIN PRESENTS SPIDER-MAN: ACROSS THE SPIDER-VERSE (SOUNDTRACK FROM AND INSPIRED BY THE MOTION PICTURE),2023-06-02,6HexNTb392JS071DoTGo0y,16004779,"0iEtIxbK0KxaSlF7G42ZOp, 53KwLdlmrlCelAZMaLVZqU"
"Link Up (Metro Boomin & Don Toliver, Wizkid feat. BEAM & Toian) - Spider-Verse Remix (Spider-Man: Across the Spider-Verse )","Metro Boomin, Don Toliver, Wizkid, BEAM, Toian","afrobeats, afrobeat, afropop, azonto, afroswing, afropiano, dancehall","Traditional music, R&B, Pop",METRO BOOMIN PRESENTS SPIDER-MAN: ACROSS THE SPIDER-VERSE (SOUNDTRACK FROM AND INSPIRED BY THE MOTION PICTURE),2023-06-02,0y8Pu7x5jXgUjOIJvQIF5L,7164363,"0iEtIxbK0KxaSlF7G42ZOp, 4Gso3d4CscCijv0lmajZWs, 3tVQdUvClmAT7URs9V3rsp, 46MWeeHNVMYRIIofQBEX98, 5sBdzqT2jx5jacEUcBn6X1"
"Home (Metro Boomin & Don Toliver, Lil Uzi Vert)","Metro Boomin, Don Toliver, Lil Uzi Vert",melodic rap,Hip Hop,METRO BOOMIN PRESENTS SPIDER-MAN: ACROSS THE SPIDER-VERSE (SOUNDTRACK FROM AND INSPIRED BY THE MOTION PICTURE),2023-06-02,2qlBAT108lYOzlXhBxBqEv,2396299,"0iEtIxbK0KxaSlF7G42ZOp, 4Gso3d4CscCijv0lmajZWs, 4O15NlyKLIASxsJ0PrXPfz"
Obsessed,"Riar Saab, Abhijay Sharma","punjabi pop, punjabi hip hop, desi hip hop, desi pop, hindi hip hop","Hip Hop, Pop",Obsessed,2022-09-29,6Z4rRhYZVQsYKmrxD40tru,38989143,"34gAaWeYZoRER7MY3KBy1Q, 3x1jBMHHrDUQbtRrvV78h2"
GET LIT,Stray Kids,k-pop,Pop,5-STAR,2023-06-02,7dqUVy6c69qzuAtIFbNeZ8,1248468,2dIgFjalVxs4ThymZ67YCE
Self Love (Spider-Man: Across the Spider-Verse) (Metro Boomin & Coi Leray),"Metro Boomin, Coi Leray",,,METRO BOOMIN PRESENTS SPIDER-MAN: ACROSS THE SPIDER-VERSE (SOUNDTRACK FROM AND INSPIRED BY THE MOTION PICTURE),2023-06-02,0AAMnNeIc6CdnfNU85GwCH,45171622,"0iEtIxbK0KxaSlF7G42ZOp, 6AMd49uBDJfhf30Ak2QR5s"
Phir Aur Kya Chahiye,Riad Mostan,,,Phir Aur Kya Chahiye,2023-05-15,4IyYGIDHD0fQstmW3yHDMl,1826324,4VdulkBQfNtA4VtPjpImaS
Pişman Değilim,"Semicenk, Doğu Swag","turkish pop, arabesk, turkish hip hop","Pop, Hip Hop",Pişman Değilim,2023-06-02,4Sdj67b8WF9PhAXh4tvBi6,35598074,"1CcZoULzFHa8Uhwo6OlQcp, 0uHvlWnhRpaomF4e9IZHLy"
Me Enteré,"Tiago PZK, TINI","argentine trap, urbano latino, ","Hip Hop, Latin",Me Enteré,2023-05-18,5FWQLEX0lavdxiWGBNkBQ4,1149607,"5Y3MV9DZ0d87NnVm56qSY1, 7f57bgAVIYPXI6ykF3BSqa"
Tere Vaaste (From  Zara Hatke Zara Bachke ),"Varun Jain, Sachin-Jigar, Shadab Faridi, Altamash Faridi, Amitabh Bhattacharya","hindi pop, bollywood, desi pop, desi, gujarati pop, gujarati garba, sufi","Hip Hop, Pop, Jazz, Traditional music",Tere Vaaste (From  Zara Hatke Zara Bachke ),2023-05-22,46hzNOUOAlivuCZZ0wE3zi,67234625,"4gzrZDyL5gYiROkv27pYKx, 1mBydYMVBECdDmMfE2sEUO, 6WixbETKEXH0xBf0OB9kRB, 38IHJBGBuaYXHEkIQd4DtF, 2fMqTqiTxUDlmcOEPaQSsx"
Lilith (feat. SUGA of BTS) (Diablo IV Anthem),"Halsey, SUGA",k-pop,Pop,Lilith (feat. SUGA of BTS) (Diablo IV Anthem),2023-06-05,3l6LBCOL9nPsSY29TUY2VE,23889738,"26VFTg2z8YR0cCuwLzESi2, 0ebNdVaOfp6N0oZ1guIxM8"
Trojan Horse,"Dave, Central Cee","grime, uk drill, drill","Hip Hop, Electronic, Pop",Split Decision,2023-06-04,2HALQBSAvpw1oCzL5QsrT2,2488763,"6Ip8FS7vWT1uKkJSweANQK, 5H4yInM5zmHqpKIoMNAx4r"
UK Rap,"Dave, Central Cee","grime, uk drill, drill","Hip Hop, Electronic, Pop",Split Decision,2023-06-04,2VjOTvl50tscmc0RDjPdr2,3613628,"6Ip8FS7vWT1uKkJSweANQK, 5H4yInM5zmHqpKIoMNAx4r"
What It Is (Solo Version),Doechii,,,What It Is (Versions),2023-03-17,73RbfOTJIjHzi2pcVHjeHM,133931219,4E2rKHVDssGJm2SCDOMMJB
The Hillbillies,"Baby Keem, Kendrick Lamar","hip hop, west coast hip hop",Hip Hop,The Hillbillies,2023-06-05,1h6w4POXM2LfG4ZD4xUfZQ,1178099,"5SXuuuRpukkTvsLuUknva1, 2YZyLoL8N0Wb9xBt1NhZWg"
Makeba,Jain,french pop,Pop,Zanaka,2016-10-21,5JdLUE9D743ob2RtgmVpVx,94405242,2HHmvvSQ44ePDH7IKVzgK0
Mona Lisa (Spider-Man: Across the Spider-Verse),Dominic Fike,,,Mona Lisa (Spider-Man: Across the Spider-Verse),2023-06-02,37CoOXIsgF3NzbK1zHZetk,29077728,6USv9qhCn6zfxlBQIYJ9qs
Take Two,BTS,k-pop,Pop,Take Two,2023-06-09,5IAESfJjmOYu7cHyX557kz,98421287,3Nrfpe0tUJi4K4DXYWgMUX
Who Told You (feat. Drake),"J Hus, Drake","grime, afroswing, afrobeats, rap, hip hop","R&B, Traditional music, Electronic, Hip Hop",Who Told You (feat. Drake),2023-06-08,40EXFgNMOIQRQOwJZ8mJkC,36553026,"2a0uxJgbvvIRI4GX8pYfcr, 3TVXtAsR1Inumwj472S9r4"
POLARIS - Remix,"SAIKO, Quevedo, Feid, Mora","reggaeton, urbano latino, trap latino",Latin,POLARIS (Remix),2023-06-08,0EhuGnOS6fTc5l5UNtDEH2,43750327,"2O8vbr4RYPpk6MRA4fio7u, 52iwsT98xCoGgiGntTiR7K, 2LRoIwlKmHjgvigdNGBHNo, 0Q8NcsJwoCbZOHHW63su5S"
TUYA,ROSALÍA,latin,Latin,TUYA,2023-06-08,1HII0EIufOG0nGpWCQixbO,14081397,7ltDVBr6mKbRvohxheJ9h1
Dial Drunk,Noah Kahan,,,Stick Season (We'll All Be Here Forever),2023-06-09,0caJ2wkqp4UmXBwdR2JvB5,11532065,2RQXRUsr4IW1f3mKyKsy4B
VULGAR (with Madonna),"Sam Smith, Madonna","soft pop, ",Pop,VULGAR (with Madonna),2023-06-09,74APVIUFqFFM1ML6SE7xxL,1277288,"2wY79sveU1sp5g7SokKOiI, 6tbjWDEIzxoDsBA1FuhfPW"
The Show,Niall Horan,,,The Show,2023-06-09,2PrxwMxTSEk4oHbdY8majs,1272272,1Hsdzj7Dlq2I7tHP7501T4
Lay Low,Tiësto,"edm, trance, big room, house, dance",Electronic,DRIVE,2023-04-21,3IhM5Mber8KA0NaRNpK2px,20859202,2o5jDhtHVPhrJdv3cEQ99Z
PLEBADA,"El Alfa, Peso Pluma, Chael Produciendo","dembow, urbano latino, latin, reggaeton, corrido, corridos tumbados, corridos bélicos, música mexicana, sad sierreño, electro corridos, banda",Latin,PLEBADA,2023-06-08,7uSLF2yhpjLlYBLtyPX3Lb,12952642,"2oQX8QiMXOyuqbcZEFsZfm, 12GqGscKJx3aE4t07u7eVZ, 2iI5KWXLjw1tqLQsdjuo0e"
"Angel Pt. 2 (feat. Jimin of BTS, Charlie Puth and Muni Long)","JVKE, Jimin, Charlie Puth, Muni Long, Fast & Furious: The Fast Saga","k-pop, soft pop, pop, phonk, drift phonk","Electronic, Pop, Hip Hop","Angel Pt. 1 (feat. Jimin of BTS, JVKE & Muni Long) (FAST X Soundtrack)",2023-05-18,2yjeXq5ahx6UUg2rHaUe6X,12189718,"164Uj4eKjl6zTBKfJLFKKK, 1oSPZhvZMIrWW5I41kPkkY, 6VuMaDnrHyPL1p4EHjYLi7, 7tjVFCxJdwT4NdrTmjyjQ6, 1lpOgw56wZLDa8gaP6bSIs"
Attention,Doja Cat,,,Attention,2023-06-16,11xC6P3iKYpFThT6Ce1KdG,30425154,5cj0lLjcoR7YOSnhnX0Po5
back to the moon,Gunna,melodic rap,Hip Hop,a Gift & a Curse,2023-06-16,3OGCNLxpBmTYRxPZg2yDE5,1314403,2hlmm7s2ICUX0LVIhVFlZQ
DEMBOW BÉLICO,"Tito Double P, Joel De La P, Luis R Conriquez","corrido, corridos tumbados, corridos bélicos, electro corridos, música mexicana, banda, sad sierreño, sierreño",Latin,DEMBOW BÉLICO,2023-06-03,0FkD2FHEZrZIofVkY6XPFK,10532765,"5eumcnUkdmGvkvcsx1WFNG, 4qDRNT8ldCfCjSp9lBzYC5, 0pePYDrJGk8gqMRbXrLJC8"
(It Goes Like) Nanana - Edit,Peggy Gou,,,(It Goes Like) Nanana [Edit],2023-06-15,23RoR84KodL5HWvUTneQ1w,272066783,2mLA48B366zkELXYx7hcDN
fukumean,Gunna,melodic rap,Hip Hop,a Gift & a Curse,2023-06-16,4rXLjWdF2ZZpXCVTfWcshS,525696434,2hlmm7s2ICUX0LVIhVFlZQ
Murder on My Mind,YNW Melly,melodic rap,Hip Hop,I AM YOU,2018-08-03,7eBqSVxrzQZtK2mmgRG6lC,1068660,1cNDP5yjU5vjeR8qMf4grg
Gasolina,Daddy Yankee,"reggaeton, latin",Latin,Barrio Fino (Bonus Track Version),2004-07-13,228BxWXUYQPJrJYHDLOHkj,44090468,4VMYDCV2IEDYJArk749S6m
"Rauw Alejandro: Bzrp Music Sessions, Vol. 56","Bizarrap, Rauw Alejandro","argentine trap, trap latino, urbano latino, reggaeton, latin","Hip Hop, Latin","Rauw Alejandro: Bzrp Music Sessions, Vol. 56",2023-06-21,2NFadq6pUeiVEihLvUlOSr,72853514,"716NhGYqD1jl2wI1Qkgq36, 1mcTU81TzQhprhouKaTkpq"
RoCKSTAR 2.0,"Duki, JHAYCO","argentine trap, trap, trap latino, reggaeton, urbano latino","Hip Hop, Latin",Antes de Ameri,2023-06-22,3XsYMEJutxpTiNXXRvodQH,10806407,"1bAftSH8umNcGZ0uyV7LMg, 6nVcHLIgY5pE2YCl8ubca1"
LADY GAGA,"Peso Pluma, Gabito Ballesteros, Junior H","corrido, corridos tumbados, corridos bélicos, música mexicana, sad sierreño, electro corridos, banda, sierreño",Latin,GÉNESIS,2023-06-29,7mXuWTczZNxG5EDcjFEuJR,489053042,"12GqGscKJx3aE4t07u7eVZ, 6Sbl0NT50roqWvy746MfVf, 7Gi6gjaWy3DxyilpF1a8Is"
SABOR FRESA,Fuerza Regida,"corrido, corridos tumbados, corridos bélicos, música mexicana, banda, sierreño, electro corridos, sad sierreño",Latin,Pa las Baby's Y Belikeada,2023-10-20,3kx21xR6IboC9HVdajgBoc,303739010,0ys2OFYzWYB5hRDLCsBqxt
LUNA,"Peso Pluma, Junior H","corrido, corridos tumbados, corridos bélicos, música mexicana, sad sierreño, electro corridos, banda, sierreño",Latin,GÉNESIS,2023-06-29,3RA55zrRkyPK8Fd86hrMy8,61262842,"12GqGscKJx3aE4t07u7eVZ, 7Gi6gjaWy3DxyilpF1a8Is"
Barbie World (with Aqua) [From Barbie The Album],"Nicki Minaj, Ice Spice, Aqua","europop, eurodance",Pop,Barbie World (with Aqua) [From Barbie The Album],2023-06-23,741UUVE2kuITl0c6zuqqbO,337770498,"0hCNtLu0JehylgoiP8L4Gh, 3LZZPxNDGDFVSIPqf4JuEf, 6kBjAFKyd0he7LiA5GQ3Gz"
Oh U Went (feat. Drake),"Young Thug, Drake","rap, melodic rap, trap, hip hop",Hip Hop,BUSINESS IS BUSINESS,2023-06-23,7qLr3HMApUbyDkUvgIvHnB,10245718,"50co4Is1HCEo8bhOyUWKpn, 3TVXtAsR1Inumwj472S9r4"
VVS,"Peso Pluma, Edgardo Nuñez, Los Dareyes De La Sierra","corrido, corridos tumbados, corridos bélicos, música mexicana, sad sierreño, electro corridos, banda, sierreño",Latin,GÉNESIS,2023-06-29,3B0swL7Qil9bB7eKzBREBK,14996059,"12GqGscKJx3aE4t07u7eVZ, 0mA4dkNGiN4fqTBi2SLlAv, 1ZMJSCQw8DIefcLb1FIpY0"
Parade on Cleveland (feat. Drake),"Young Thug, Drake","rap, melodic rap, trap, hip hop",Hip Hop,BUSINESS IS BUSINESS,2023-06-23,05CTjmZKjZoCKQvM1Ldq9M,2114256,"50co4Is1HCEo8bhOyUWKpn, 3TVXtAsR1Inumwj472S9r4"
BYE,Peso Pluma,"corrido, corridos tumbados, corridos bélicos, música mexicana, sad sierreño, electro corridos, banda",Latin,GÉNESIS,2023-06-29,6f8wbdo8KU5ETWJA7lapgS,54598840,12GqGscKJx3aE4t07u7eVZ
ROSA PASTEL,"Peso Pluma, Jasiel Nuñez","corrido, corridos tumbados, corridos bélicos, música mexicana, sad sierreño, electro corridos, banda",Latin,GÉNESIS,2023-06-22,59vyx2m4EpPk7tk2PzV075,6657865,"12GqGscKJx3aE4t07u7eVZ, 0T8Ix53aIN4F7aEKj4EnKy"
CARNAL,"Peso Pluma, Natanael Cano","corrido, corridos tumbados, corridos bélicos, música mexicana, sad sierreño, electro corridos, banda, sierreño",Latin,GÉNESIS,2023-06-22,3hSV42Sx3dAaYwjOPZgubn,3015321,"12GqGscKJx3aE4t07u7eVZ, 0elWFr7TW8piilVRYJUe4P"
Funk Rave,Anitta,"brazilian pop, funk pop, funk carioca, funk, pagode baiano","Pop, R&B, Hip Hop, Latin",Funk Rave,2023-06-23,0nVpE03Iv9uioPSomEN5v0,2818998,7FNnA9vBm6EKceENgCGRMb
"Wit Da Racks (feat. 21 Savage, Travis Scott & Yak Gotti)","Young Thug, Yak Gotti, Travis Scott, 21 Savage","rap, melodic rap, trap, ",Hip Hop,BUSINESS IS BUSINESS,2023-06-23,0r75DNlHu4recmKUdZeMfG,1670317,"50co4Is1HCEo8bhOyUWKpn, 0dvFTsuG02c4cRbcSQ8zE6, 0Y5tJX1MQlPlqiwlOH1tJY, 1URnnhqYAYcrqrcwql10ft"
Cars Bring Me Out (feat. Future),"Young Thug, Future","rap, melodic rap, trap",Hip Hop,BUSINESS IS BUSINESS,2023-06-23,2Okh2n1EHlGhviAYv75MOB,1550061,"50co4Is1HCEo8bhOyUWKpn, 1RyvyyTE3xzB2ZywiAwp0i"
BABY HELLO,"Rauw Alejandro, Bizarrap","reggaeton, urbano latino, trap latino, latin, argentine trap","Hip Hop, Latin",PLAYA SATURNO,2023-07-07,21N77gfWYoQDvrLvaeiQgi,111111215,"1mcTU81TzQhprhouKaTkpq, 716NhGYqD1jl2wI1Qkgq36"
RUBICON,Peso Pluma,"corrido, corridos tumbados, corridos bélicos, música mexicana, sad sierreño, electro corridos, banda",Latin,GÉNESIS,2023-06-29,0xGZjxYqcNQ8WqxyeZ4eSN,14866355,12GqGscKJx3aE4t07u7eVZ
"One Of The Girls (with JENNIE, Lily Rose Depp)","The Weeknd, JENNIE, Lily-Rose Depp","k-pop, ",Pop,The Idol Episode 4 (Music from the HBO Original Series),2023-06-23,7CyPwkp0oE8Ro9Dd5CUDjW,199338086,"1Xyo4u8uXC1ZmMpatF05PJ, 250b0Wlc5Vk0CoUsaCY84M, 1pBLC0qVRTB5zVMuteQ9jJ"
Money On The Dresser,Young Thug,"rap, melodic rap, trap",Hip Hop,BUSINESS IS BUSINESS,2023-06-23,0k88aN0xmk8Xn1zdnyTiPG,1413615,50co4Is1HCEo8bhOyUWKpn
GAVILÁN II,"Peso Pluma, Tito Double P","corrido, corridos tumbados, corridos bélicos, música mexicana, sad sierreño, electro corridos, banda",Latin,GÉNESIS,2023-06-22,5hNvpD3zyWUv1i7L1SN69P,1377119,"12GqGscKJx3aE4t07u7eVZ, 5eumcnUkdmGvkvcsx1WFNG"
77,"Peso Pluma, Eladio Carrion","corrido, corridos tumbados, corridos bélicos, música mexicana, sad sierreño, electro corridos, banda, trap latino, urbano latino, trap","Latin, Hip Hop",GÉNESIS,2023-06-22,3exe4YcyPO5utmTZcbvQkm,1373675,"12GqGscKJx3aE4t07u7eVZ, 5XJDexmWFLWOkjOEjOVX3e"
ZAPATA,Peso Pluma,"corrido, corridos tumbados, corridos bélicos, música mexicana, sad sierreño, electro corridos, banda",Latin,GÉNESIS,2023-06-22,2RfgqSStQTI0QbHsYxtfzr,1346900,12GqGscKJx3aE4t07u7eVZ
Doomsday (with Juice WRLD & Cordae),"Lyrical Lemonade, Juice WRLD, Cordae","melodic rap, emo rap, ",Hip Hop,Doomsday,2023-06-23,3bkpVSoNvBkvt9LJMFT5at,1304949,"3VrGfWE8YdYMK4ySpnE0ly, 4MCBfE4596Uoi2O4DtmEMz, 0huGjMyP507tBCARyzSkrv"
NUEVA VIDA,Peso Pluma,"corrido, corridos tumbados, corridos bélicos, música mexicana, sad sierreño, electro corridos, banda",Latin,GÉNESIS,2023-06-22,4DG7YsCm7BZL6p9LbJkC04,1296327,12GqGscKJx3aE4t07u7eVZ
antes de perderte (OG VERSION),Duki,"argentine trap, trap, trap latino","Hip Hop, Latin",Antes de Ameri,2023-06-22,6exC3DNfDb9Y8wA2lhnVV8,1285973,1bAftSH8umNcGZ0uyV7LMg
Want Me Dead (feat. 21 Savage),"Young Thug, 21 Savage","rap, melodic rap, trap, ",Hip Hop,BUSINESS IS BUSINESS,2023-06-23,3GXjlz7evuodm50dfiDDWo,1285035,"50co4Is1HCEo8bhOyUWKpn, 1URnnhqYAYcrqrcwql10ft"
Yankee 150,"Yandel, Feid, Daddy Yankee","reggaeton, urbano latino, latin",Latin,Yankee 150,2023-06-16,28BSTgZH1ckI8Xfy8LXaRz,11110003,"0eHQ9o50hj6ZDNBt6Ys1sD, 2LRoIwlKmHjgvigdNGBHNo, 4VMYDCV2IEDYJArk749S6m"
SU CASA,"Peso Pluma, Luis R Conriquez","corrido, corridos tumbados, corridos bélicos, música mexicana, sad sierreño, electro corridos, banda, sierreño",Latin,GÉNESIS,2023-06-22,626vswICsSvlVh4ILUhZJ1,1250142,"12GqGscKJx3aE4t07u7eVZ, 0pePYDrJGk8gqMRbXrLJC8"
Abracadabra (feat. Travis Scott),"Young Thug, Travis Scott","rap, melodic rap, trap",Hip Hop,BUSINESS IS BUSINESS,2023-06-23,4Zsi5pyvmZBxvRg0KeDFMC,1246072,"50co4Is1HCEo8bhOyUWKpn, 0Y5tJX1MQlPlqiwlOH1tJY"
Hellcat Kenny (feat. Lil Uzi Vert),"Young Thug, Lil Uzi Vert","rap, melodic rap, trap",Hip Hop,BUSINESS IS BUSINESS,2023-06-23,5nYygW7bTgPOhckh3uDR9L,1239249,"50co4Is1HCEo8bhOyUWKpn, 4O15NlyKLIASxsJ0PrXPfz"
Gucci Grocery Bag,Young Thug,"rap, melodic rap, trap",Hip Hop,BUSINESS IS BUSINESS,2023-06-23,02vvwHxBoZtnNDQFFE64NQ,1238093,50co4Is1HCEo8bhOyUWKpn
Uncle M,Young Thug,"rap, melodic rap, trap",Hip Hop,BUSINESS IS BUSINESS,2023-06-23,612Gkl43RQdwlzKGPgkudm,1214498,50co4Is1HCEo8bhOyUWKpn
CORAZÓN VACÍO,Maria Becerra,argentine trap,Hip Hop,CORAZÓN VACÍO,2023-06-22,3oNnzH6hmqIGIhJ1NcHlrh,85226043,1DxLCyH42yaHKGK3cl5bvG
Still Rollin,Shubh,"punjabi hip hop, punjabi pop, desi hip hop, desi, hindi hip hop, bhangra","Traditional music, Hip Hop, Pop",Still Rollin,2023-05-19,6oz1L5jcqZWYuId7nxvIan,1025851,5r3wPya2PpeTTsXsGhQU8O
PLEBADA,"El Alfa, Peso Pluma","dembow, urbano latino, latin, reggaeton, corrido, corridos tumbados, corridos bélicos, música mexicana, sad sierreño, electro corridos, banda",Latin,Dembow Worldwide Hits Teteo 42,2023-06-24,1foNLbvX6yP0tMs3eAXspd,2538024,"2oQX8QiMXOyuqbcZEFsZfm, 12GqGscKJx3aE4t07u7eVZ"
MONTAGEM - PR FUNK,S3BZS,"phonk, brazilian funk",Hip Hop,MONTAGEM - PR FUNK,2023-05-01,6YC5ibtCMyXU1RQ1LkQLIn,15553788,6zFMFB1JvNHkHvCSudF4id
Radio,Lana Del Rey,,,Born To Die (Deluxe Version),2011-01-01,0PZ04XgQ14FmKZBg3Gxlhr,125038469,00FQb4jTyendYWaN8pK0wa
LAGUNAS,"Peso Pluma, Jasiel Nuñez","corrido, corridos tumbados, corridos bélicos, música mexicana, sad sierreño, electro corridos, banda",Latin,GÉNESIS,2023-06-29,3HOKxuTDmNVmIlCIpBiD8m,122393751,"12GqGscKJx3aE4t07u7eVZ, 0T8Ix53aIN4F7aEKj4EnKy"
traitor,Olivia Rodrigo,,,SOUR,2021-05-21,5CZ40GBx1sQ9agT82CLQCT,15010306,1McMsnEElThX1knmY4oliG
Primera Cita,Carin Leon,"banda, norteño, sierreño, corrido, grupera, ranchera, sad sierreño, música mexicana",Latin,Colmillo De Leche,2023-05-19,3fJHbMUnzceimOnNjp63fF,348116698,66ihevNkSYNzRAl44dx6jJ
LALA,Myke Towers,"reggaeton, trap latino, urbano latino",Latin,LA VIDA ES UNA,2023-03-23,7ABLbnD53cQK00mhcaOUVG,699275115,7iK8PXO48WeuP03g8YR51W
"Gol Bolinha, Gol Quadrado 2","Mc Pedrinho, DJ 900","funk, brazilian funk, funk consciente","Hip Hop, R&B, Latin","Gol Bolinha, Gol Quadrado 2",2023-06-01,0U9CZWq6umZsN432nh3WWT,44602787,"1etNnR2SdlelBQAICa2Q5m, 6Ovxg5WDcnSQc8iQXv0IvI"
vampire,Olivia Rodrigo,,,GUTS,2023-09-08,1kuGVB7EU95pJObxwvfwKS,648277953,1McMsnEElThX1knmY4oliG
Flooded The Face,Lil Uzi Vert,melodic rap,Hip Hop,Pink Tape,2023-06-30,4daEMLSZCgZ2Mt7gNm2SRa,17944167,4O15NlyKLIASxsJ0PrXPfz
MOJABI GHOST,"Tainy, Bad Bunny","reggaeton, trap latino, latin, urbano latino",Latin,DATA,2023-06-29,4eMKD8MRroxCqugpsxCCNb,202432809,"0GM7qgcRCORpGnfcN2tCiB, 4q3ewBCX7sLwd24euuV69X"
Aye (feat. Travis Scott),"Lil Uzi Vert, Travis Scott","melodic rap, rap",Hip Hop,Pink Tape,2023-06-30,2Hc1LaV6bzFil3dE71eORA,7835637,"4O15NlyKLIASxsJ0PrXPfz, 0Y5tJX1MQlPlqiwlOH1tJY"
Suicide Doors,Lil Uzi Vert,melodic rap,Hip Hop,Pink Tape,2023-06-30,3fDTzkvrOo5xQIO480Qmsb,7640307,4O15NlyKLIASxsJ0PrXPfz
Mi Bello Angel,Natanael Cano,"corridos tumbados, corrido, corridos bélicos, sad sierreño, electro corridos, sierreño, música mexicana, banda",Latin,Nata Montana,2023-06-30,4t46soaqA758rbukTO5pp1,86693204,0elWFr7TW8piilVRYJUe4P
Endless Fashion (feat. Nicki Minaj),"Lil Uzi Vert, Nicki Minaj","melodic rap, ",Hip Hop,Pink Tape,2023-06-30,41bmnQZoDMQdDh5zyomtW7,10626345,"4O15NlyKLIASxsJ0PrXPfz, 0hCNtLu0JehylgoiP8L4Gh"
Crush Em,Lil Uzi Vert,melodic rap,Hip Hop,Pink Tape,2023-06-30,11pn4LFXCIXyprWQk8RSlM,3806303,4O15NlyKLIASxsJ0PrXPfz
x2,Lil Uzi Vert,melodic rap,Hip Hop,Pink Tape,2023-06-30,3a36nM6fPVA8K1vqq6d03o,3630318,4O15NlyKLIASxsJ0PrXPfz
Eres,"Natanael Cano, Junior H","corridos tumbados, corrido, corridos bélicos, sad sierreño, electro corridos, sierreño, música mexicana, banda",Latin,Nata Montana,2023-06-30,6GM5l4aJ9aOhGStxODvNBm,3551718,"0elWFr7TW8piilVRYJUe4P, 7Gi6gjaWy3DxyilpF1a8Is"
Amped,Lil Uzi Vert,melodic rap,Hip Hop,Pink Tape,2023-06-30,2ydwqnjPOcM24MV0kLThwi,2301283,4O15NlyKLIASxsJ0PrXPfz
I Gotta,Lil Uzi Vert,melodic rap,Hip Hop,Pink Tape,2023-06-30,3lcfs9Qjfxzy00VSVkixDv,3522067,4O15NlyKLIASxsJ0PrXPfz
Copa Vacía,"Shakira, Manuel Turizo","latin pop, latin, reggaeton, colombian pop","Pop, Latin",Copa Vacía,2023-06-29,2iVgM5C7m1G4CJGbms301G,19900980,"0EmeFodog0BfCgMzAIvKQp, 0tmwSHipWxN12fsoLcFU3B"
TULUM,"Peso Pluma, Grupo Frontera","corrido, corridos tumbados, corridos bélicos, música mexicana, sad sierreño, electro corridos, banda, cumbia norteña, norteño, grupera, tejano",Latin,GÉNESIS,2023-06-29,7bPp2NmpmyhLJ7zWazAXMu,244465619,"12GqGscKJx3aE4t07u7eVZ, 6XkjpgcEsYab502Vr1bBeW"
Mas Altas Que Bajadas,Natanael Cano,"corridos tumbados, corrido, corridos bélicos, sad sierreño, electro corridos, sierreño, música mexicana, banda",Latin,Nata Montana,2023-06-30,5PLqXnvHH7Gh6CcfiUEr7e,9442913,0elWFr7TW8piilVRYJUe4P
Spin Again,Lil Uzi Vert,melodic rap,Hip Hop,Pink Tape,2023-06-30,1pDbGAAH5GQ8U0KG4fI77H,1979925,4O15NlyKLIASxsJ0PrXPfz
PASIEMPRE,"Tainy, Arcángel, JHAYCO, Myke Towers, Omar Courtz, Arca","reggaeton, trap latino, urbano latino, neoperreo, experimental, art pop, hyperpop","Pop, Rock, Electronic, Latin",DATA,2023-06-29,5NhLA2P7AiV3cloVmwtwLS,18375223,"0GM7qgcRCORpGnfcN2tCiB, 4SsVbpTthjScTS7U2hmr1X, 6nVcHLIgY5pE2YCl8ubca1, 7iK8PXO48WeuP03g8YR51W, 3E12tRURRvPfHz0hAMCFYc, 4SQdUpG4f7UbkJG3cJ2Iyj"
Died and Came Back,Lil Uzi Vert,melodic rap,Hip Hop,Pink Tape,2023-06-30,6kQF79mjbOkvuRvg0J2XZv,1947137,4O15NlyKLIASxsJ0PrXPfz
Nakamura,Lil Uzi Vert,melodic rap,Hip Hop,Pink Tape,2023-06-30,2lophWrG2xqv9CSgSPca5k,1827750,4O15NlyKLIASxsJ0PrXPfz
"Mama, I’m Sorry",Lil Uzi Vert,melodic rap,Hip Hop,Pink Tape,2023-06-30,5V5Xpbmqi2rp1xSJWZTvYu,1730940,4O15NlyKLIASxsJ0PrXPfz
Pancake,"Natanael Cano, Peso Pluma","corridos tumbados, corrido, corridos bélicos, sad sierreño, electro corridos, sierreño, música mexicana, banda",Latin,Nata Montana,2023-06-30,0jofzyjTFcgFIvkK5bXwo3,1724821,"0elWFr7TW8piilVRYJUe4P, 12GqGscKJx3aE4t07u7eVZ"
LA BABY,"Tainy, Daddy Yankee, Feid, Sech","reggaeton, latin, urbano latino",Latin,DATA,2023-06-29,0hDE81j4N2DPLbEY4tiCDs,2948816,"0GM7qgcRCORpGnfcN2tCiB, 4VMYDCV2IEDYJArk749S6m, 2LRoIwlKmHjgvigdNGBHNo, 77ziqFxp5gaInVrF2lj4ht"
That Fiya,Lil Uzi Vert,melodic rap,Hip Hop,Pink Tape,2023-06-30,1bIHv5s0rByq6ZOqDSt8K8,1679500,4O15NlyKLIASxsJ0PrXPfz
Pluto to Mars,Lil Uzi Vert,melodic rap,Hip Hop,Pink Tape,2023-06-30,0WCJSIy75ZVxqY51ce0enc,1678333,4O15NlyKLIASxsJ0PrXPfz
Diran De Mi,"Natanael Cano, Tito Torbellino Jr","corridos tumbados, corrido, corridos bélicos, sad sierreño, electro corridos, sierreño, música mexicana, banda",Latin,Nata Montana,2023-06-30,6ASn03faRVXbbrEcN3KHdN,1660477,"0elWFr7TW8piilVRYJUe4P, 0dXXFVCw0LKzmHFrTLUaQJ"
All Alone,Lil Uzi Vert,melodic rap,Hip Hop,Pink Tape,2023-06-30,6kHYpEnDpMCyGu0E2PlWY1,1629297,4O15NlyKLIASxsJ0PrXPfz
Patience (feat. Don Toliver),"Lil Uzi Vert, Don Toliver","melodic rap, ",Hip Hop,Pink Tape,2023-06-29,31UNoCt5Oq4isrb3SSf1ZK,1620397,"4O15NlyKLIASxsJ0PrXPfz, 4Gso3d4CscCijv0lmajZWs"
En Corto,"Natanael Cano, Chino Pacas","corridos tumbados, corrido, corridos bélicos, sad sierreño, electro corridos, sierreño, música mexicana, banda",Latin,Nata Montana,2023-06-30,1gCkdtayMomPBKi09qXs1C,1607600,"0elWFr7TW8piilVRYJUe4P, 2rmkQLzj0k4nZdQehOUByO"
Werewolf (feat. Bring Me The Horizon),"Lil Uzi Vert, Bring Me The Horizon","melodic rap, metalcore, emo, screamo, rock, post-hardcore, metal","Rock, Hip Hop, Metal",Pink Tape,2023-06-30,3ySqZ8yGoh4Emi9HiPCCdP,1588779,"4O15NlyKLIASxsJ0PrXPfz, 1Ffb6ejR6Fe5IamqA5oRUF"
Viejo Lobo,"Natanael Cano, Luis R Conriquez","corridos tumbados, corrido, corridos bélicos, sad sierreño, electro corridos, sierreño, música mexicana, banda",Latin,Nata Montana,2023-06-30,0lfnjkAemrVz8J9l7khK2t,1468909,"0elWFr7TW8piilVRYJUe4P, 0pePYDrJGk8gqMRbXrLJC8"
Como Es Arriba Es Abajo,"Natanael Cano, Dan Sanchez","corridos tumbados, corrido, corridos bélicos, sad sierreño, electro corridos, sierreño, música mexicana, banda",Latin,Nata Montana,2023-06-30,4eS34o2sqDTK4ypgZq4yLA,1400683,"0elWFr7TW8piilVRYJUe4P, 1yPvnL2XGGehNiOGWzcAAG"
CS,Lil Uzi Vert,melodic rap,Hip Hop,Pink Tape,2023-06-29,6wYGL3Qelrac1WxX70JWOa,1397130,4O15NlyKLIASxsJ0PrXPfz
Fire Alarm (feat. Snow Strippers),"Lil Uzi Vert, Snow Strippers","melodic rap, electroclash, witch house","Rock, Hip Hop, Electronic",Pink Tape,2023-06-30,02Mqx9HzVRyfdCUpPNR6N3,1377900,"4O15NlyKLIASxsJ0PrXPfz, 6TsAG8Ve1icEC8ydeHm3C8"
La Lokerona,"Natanael Cano, HERNAN TREJO","corridos tumbados, corrido, corridos bélicos, sad sierreño, electro corridos, sierreño, música mexicana, banda",Latin,Nata Montana,2023-06-30,6jysIu57wvdVpIqPPogSzm,1366111,"0elWFr7TW8piilVRYJUe4P, 2JW58Zzu11HCWLaMou9UGD"
AFS,Natanael Cano,"corridos tumbados, corrido, corridos bélicos, sad sierreño, electro corridos, sierreño, música mexicana, banda",Latin,Nata Montana,2023-06-30,78xjXucsh201I3tI0a0zn6,1337537,0elWFr7TW8piilVRYJUe4P
Novidade na Área,"Mc Livinho, DJ Matt D","funk, brazilian funk, funk carioca, funk consciente, brazilian trap, trap funk","Hip Hop, R&B, Latin, Electronic",Novidade na Área,2023-06-23,2uhw2oYbugGJbn10wipNX5,74478090,"7me0S5Z40qVWj3gzyK8aC3, 1rIc4yTieeRq25NA3T8RQ5"
Zoom (Bonus Track),Lil Uzi Vert,melodic rap,Hip Hop,Pink Tape,2023-06-30,3VFGA65JnN8EDmnRb5SHW2,1271834,4O15NlyKLIASxsJ0PrXPfz
FANTASMA | AVC,"Tainy, JHAYCO","reggaeton, trap latino, urbano latino",Latin,DATA,2023-06-29,2PFPDjSJpeZE889648rbUP,1248642,"0GM7qgcRCORpGnfcN2tCiB, 6nVcHLIgY5pE2YCl8ubca1"
Vai Novinha Ah Ah Ah,Dyamante DJ,"funk carioca, brazilian funk, funk","Hip Hop, R&B",Ritmo dos Crias,2023-05-25,3Nvzs0cJbLwhXPPlI8xzpC,2540203,3i7Bn2SoEkRVEGkdz9o6Yu
LAS MORRAS,"Peso Pluma, Blessd","corrido, corridos tumbados, corridos bélicos, música mexicana, sad sierreño, electro corridos, banda, reggaeton, urbano latino",Latin,GÉNESIS,2023-06-29,0lc2neV7ZzjZExwCIVG2B3,1203745,"12GqGscKJx3aE4t07u7eVZ, 1TA5sGRlKUJXBN4ZyJuDIX"
deja vu,Olivia Rodrigo,,,SOUR,2021-05-21,6HU7h9RYOaPRFeh0R3UeAr,55615506,1McMsnEElThX1knmY4oliG
Still With You,Jung Kook,k-pop,Pop,Still With You,2020-06-05,0eFMbKCRw8KByXyWBw8WO7,30997261,6HaGTQPmzraVmaVxvz6EUc
My You,Jung Kook,k-pop,Pop,My You,2022-06-13,0pNFrM5L0te1EXGxveeYiR,5745602,6HaGTQPmzraVmaVxvz6EUc
Ali Cabbar,Emir Can İğrek,turkish pop,Pop,Parti İptal,2023-06-02,1u9oZzM8CTeCMXsdTXaOtY,10630689,4XP7cGw4t8BqZ8Du5q3bHg
Firework,Katy Perry,pop,Pop,Teenage Dream,2010-01-01,4r6eNCsrZnQWJzzvFh4nlg,2485068,6jJ0s89eD6GaHleKKya26X
Born in the U.S.A.,Bruce Springsteen,,,Born In The U.S.A.,1984-06-04,0dOg1ySSI7NkpAe89Zo0b9,1141766,3eqjTLE0HfPfh78zjh6TqT
Fortunate Son,Creedence Clearwater Revival,"classic rock, southern rock, country rock",Rock,Willy And The Poor Boys (Expanded Edition),1969-11-02,4BP3uh0hFLFRb5cjsgLqDh,1113973,3IYUhFvPQItj6xySrBmZkd
You Belong With Me (Taylor’s Version),Taylor Swift,,,Fearless (Taylor's Version),2021-04-09,1qrpoAMXodY6895hGKoUpA,84030990,06HL4z0CvFAxyc27GXpf02
Stressed Out,Twenty One Pilots,,,Blurryface,2015-05-15,3CRDbSIZ4r5MsZ0YwxuEkn,48385597,3YQKmKGau1PzlVlkL1iodx
Mine (Taylor's Version),Taylor Swift,,,Speak Now (Taylor's Version),2023-07-07,7G0gBu6nLdhFDPRLc0HdDG,35674804,06HL4z0CvFAxyc27GXpf02
Back To December (Taylor's Version),Taylor Swift,,,Speak Now (Taylor's Version),2023-07-07,79uDOz0zuuWS7HWxzMmTa2,44454592,06HL4z0CvFAxyc27GXpf02
Enchanted (Taylor's Version),Taylor Swift,,,Speak Now (Taylor's Version),2023-07-07,3sW3oSbzsfecv9XoUdGs7h,73573005,06HL4z0CvFAxyc27GXpf02
Sparks Fly (Taylor’s Version),Taylor Swift,,,Speak Now (Taylor's Version),2023-07-07,3MytWN8L7shNYzGl4tAKRp,24873472,06HL4z0CvFAxyc27GXpf02
Better Than Revenge (Taylor's Version),Taylor Swift,,,Speak Now (Taylor's Version),2023-07-07,0NwGC0v03ysCYINtg6ns58,25516405,06HL4z0CvFAxyc27GXpf02
Speak Now (Taylor's Version),Taylor Swift,,,Speak Now (Taylor's Version),2023-07-07,5xXqyjLicvEpch72qEryFT,21802114,06HL4z0CvFAxyc27GXpf02
Dear John (Taylor's Version),Taylor Swift,,,Speak Now (Taylor's Version),2023-07-07,1zU8j1x3yi9xalMF96pzKp,21068216,06HL4z0CvFAxyc27GXpf02
I Can See You (Taylor’s Version) (From The Vault),Taylor Swift,,,Speak Now (Taylor's Version),2023-07-07,5kHMfzgLZP95O9NBy0ku4v,114057528,06HL4z0CvFAxyc27GXpf02
The Story Of Us (Taylor's Version),Taylor Swift,,,Speak Now (Taylor's Version),2023-07-07,6dTA6y0C2ReQklntzZl8l3,17734508,06HL4z0CvFAxyc27GXpf02
Mean (Taylor's Version),Taylor Swift,,,Speak Now (Taylor's Version),2023-07-07,30Y4CV7A6YqtQtTTo7Ue4j,17415414,06HL4z0CvFAxyc27GXpf02
Electric Touch (feat. Fall Out Boy) (Taylor’s Version) (From The Vault),"Taylor Swift, Fall Out Boy","emo, pop punk, emo pop","Rock, Pop",Speak Now (Taylor's Version),2023-07-07,4e3ZNTAV6PCrdYMUrUlMpQ,16474250,"06HL4z0CvFAxyc27GXpf02, 4UXqAaa6dQYAk18Lv7PEgX"
When Emma Falls in Love (Taylor’s Version) (From The Vault),Taylor Swift,,,Speak Now (Taylor's Version),2023-07-07,0zo975x58DlXbZllWvfYhg,16282905,06HL4z0CvFAxyc27GXpf02
Castles Crumbling (feat. Hayley Williams) (Taylor’s Version) (From The Vault),"Taylor Swift, Hayley Williams",art pop,Pop,Speak Now (Taylor's Version),2023-07-07,4ABYxlb92WBIjHu7TIKmml,16886371,"06HL4z0CvFAxyc27GXpf02, 6Rx1JKzBrSzoKQtmbVmBnM"
Haunted (Taylor's Version),Taylor Swift,,,Speak Now (Taylor's Version),2023-07-07,4tMzIAFTFdqGBQLdfbPces,13827344,06HL4z0CvFAxyc27GXpf02
Last Kiss (Taylor's Version),Taylor Swift,,,Speak Now (Taylor's Version),2023-07-07,59KOoHFcw5XfICnO57holu,12002109,06HL4z0CvFAxyc27GXpf02
Never Grow Up (Taylor's Version),Taylor Swift,,,Speak Now (Taylor's Version),2023-07-07,2EFZ9emtKWEglWUQGEQ3P9,11217450,06HL4z0CvFAxyc27GXpf02
Long Live (Taylor's Version),Taylor Swift,,,Speak Now (Taylor's Version),2023-07-07,4hqJ4bSlYJOXb6Z4SRmzxs,14674875,06HL4z0CvFAxyc27GXpf02
Foolish One (Taylor’s Version) (From The Vault),Taylor Swift,,,Speak Now (Taylor's Version),2023-07-07,4s8BIKx4Zh6ryAEz8RTlaU,15253048,06HL4z0CvFAxyc27GXpf02
Innocent (Taylor's Version),Taylor Swift,,,Speak Now (Taylor's Version),2023-07-07,12nBPF4Rh4XLFJV0YLN7uj,9182022,06HL4z0CvFAxyc27GXpf02
Timeless (Taylor’s Version) (From The Vault),Taylor Swift,,,Speak Now (Taylor's Version),2023-07-07,1HCdems7PQZRj42QDWLA0A,14112685,06HL4z0CvFAxyc27GXpf02
Ours (Taylor’s Version),Taylor Swift,,,Speak Now (Taylor's Version),2023-07-07,3yNJkriPzWjkkDAWHIAVUq,8757102,06HL4z0CvFAxyc27GXpf02
Columbia,Quevedo,reggaeton,Latin,Columbia,2023-07-07,6XbtvPmIpyCbjuT0e8cQtp,508274124,52iwsT98xCoGgiGntTiR7K
Superman (Taylor’s Version),Taylor Swift,,,Speak Now (Taylor's Version),2023-07-07,4evLyY5Ue1Wesc61t2KXAU,7586682,06HL4z0CvFAxyc27GXpf02
Super Shy,NewJeans,k-pop,Pop,NewJeans 'Super Shy',2023-07-07,5sdQOyqq2IDhvmx2lHOpwd,377250108,6HvZYsbFfjnjFrWF950C9d
New Jeans,NewJeans,k-pop,Pop,NewJeans 'Super Shy',2023-07-07,6rdkCkjk6D12xRpdMXy0I2,74052258,6HvZYsbFfjnjFrWF950C9d
Do It Like That,"TOMORROW X TOGETHER, Jonas Brothers","k-pop, ",Pop,Do It Like That,2023-07-07,7kaFsQygyiCqRboWCXztxZ,1469667,"0ghlgldX5Dd6720Q3qFyQB, 7gOdHgIoIKoe4i9Tta6qdD"
Mona Lisa,Dominic Fike,,,Sunburn,2023-07-07,71DSaeKtXQaMAqnvMT7Uoc,1235641,6USv9qhCn6zfxlBQIYJ9qs
PICARDÍA,"Rauw Alejandro, Junior H","reggaeton, urbano latino, trap latino, latin, corridos tumbados, corrido, corridos bélicos, sad sierreño, sierreño, música mexicana, banda",Latin,PLAYA SATURNO,2023-07-07,05OnZaYopHpb0z7ktT2FIF,1210266,"1mcTU81TzQhprhouKaTkpq, 7Gi6gjaWy3DxyilpF1a8Is"
Chorni,"DIVINE, Sidhu Moose Wala","hindi hip hop, desi hip hop, punjabi hip hop, punjabi pop, bhangra","Traditional music, Hip Hop, Pop",Chorni,2023-07-07,3GEiVoaUXq468gfYs2EPfh,1203133,"4Ai0pGz6GhQavjzaRhPTvz, 4PULA4EFzYTrxYvOVlwpiQ"
Love Story (Taylor’s Version),Taylor Swift,,,Fearless (Taylor's Version),2021-04-09,6YvqWjhGD8mB5QXcbcUKtx,74667508,06HL4z0CvFAxyc27GXpf02
Mahiye Jinna Sohna,Darshan Raval,"gujarati garba, hindi pop, bollywood, gujarati pop, desi pop, desi","Hip Hop, Pop, Jazz",Dard,2023-08-09,0Jiaz0O4AqnJICa9PxHhaR,12589073,2GoeZ0qOTt6kjsWW4eA6LS
MONTAGEM - PR FUNK,"S3BZS, Mc Gw, Mc Menor Do Alvorada","phonk, brazilian funk, funk, funk carioca","Hip Hop, R&B",MONTAGEM - PR FUNK,2023-05-01,6njJR3OIp3oA0Kc4aC9Tzf,97177076,"6zFMFB1JvNHkHvCSudF4id, 0f1IECbrVV952unZkzrsg2, 0ivrHNM8urVaCkgRX8rtKH"
Love Yourself,Justin Bieber,,,Purpose (Deluxe),2015-11-13,50kpGaPAhYJ3sGmk6vplg0,1156483,1uNFoZAHBGtllmzznpCI3s
What Was I Made For? [From The Motion Picture  Barbie ],Billie Eilish,,,What Was I Made For? [From The Motion Picture  Barbie ],2023-07-13,6wf7Yu7cxBSPrRlWeSeK0Q,522928435,6qqNVTkY8uBg9cP3Jd7DAH
Rush,Troye Sivan,,,Something To Give Each Other,2023-10-13,4ZnkygoWLzcGbQYCm3lkae,127617168,3WGpXCj9YhhfX11TToZcXP
Seven (feat. Latto),"Jung Kook, Latto","k-pop, ",Pop,Seven (feat. Latto),2023-07-14,7x9aauaA9cu6tyfpHnqDLo,860248602,"6HaGTQPmzraVmaVxvz6EUc, 3MdXrJWsbVzdn6fe5JYkSQ"
Overdrive,Post Malone,,,AUSTIN,2023-07-28,3uMO7jmdXxwSijvxNXDgE4,23965160,246dkjvS1zLTtiykXe5h60
S91,KAROL G,"reggaeton, latin, urbano latino",Latin,MAÑANA SERÁ BONITO (BICHOTA SEASON),2023-08-10,0BFQC00Y58JtjMyTXOJazO,115402739,790FomKkXshlbRYZFtlgla
Seven (feat. Latto) (Instrumental),"Jung Kook, Latto","k-pop, ",Pop,Seven (feat. Latto),2023-07-14,2D9mO7arRSeHAEHNVAacaA,3156612,"6HaGTQPmzraVmaVxvz6EUc, 3MdXrJWsbVzdn6fe5JYkSQ"
QUEMA,"Ryan Castro, Peso Pluma, SOG","reggaeton, corrido, corridos tumbados, corridos bélicos, música mexicana, sad sierreño, electro corridos, banda",Latin,EL CANTANTE DEL GHETTO,2024-05-10,0zNMdrDEs5N0JPQ7RYQZln,83529373,"7j6DKwmjbxvpQO8h914uEz, 12GqGscKJx3aE4t07u7eVZ, 18dspUI6gqabm5XCC2RcUD"
Remember Me,"Duki, KHEA, Bizarrap","argentine trap, trap, trap latino, urbano latino","Hip Hop, Latin",Antes de Ameri,2023-06-22,5AAb8GlTnCwkhBTJxw6F90,1310956,"1bAftSH8umNcGZ0uyV7LMg, 4m6ubhNsdwF4psNf3R8kwR, 716NhGYqD1jl2wI1Qkgq36"
Solteiro Forçado - Boiadeira Internacional,Ana Castela,"agronejo, sertanejo, sertanejo universitário, piseiro","Country, Latin",Solteiro Forçado (Boiadeira Internacional),2023-07-07,4Z2i41GDQyu3KRpBavEnyR,40722358,2CKOmarVWvWqkNWUatHCex
"Vai Novinha Ah, Ah, Ah / Citação: O Chêro Da Carolina",Dyamante DJ,"funk carioca, brazilian funk, funk","Hip Hop, R&B",Ritmo dos Crias,2023-05-25,0bfJWhn3r3UQBF8WYKWT4K,3546396,3i7Bn2SoEkRVEGkdz9o6Yu
Halls na Língua,Kadu Martins,"piseiro, forró, arrocha, funk de bh, funk","Country, R&B, R&b",Halls na Língua,2023-03-24,4pWsXhLUdtBKlw9npIXZAl,6976578,57VQCKnZ9nhS7bvoviXuZK
No_se_ve.mp3,"Emilia, LUDMILLA, ZECCA","argentine trap, pagode, brazilian pop, funk pop, funk, pagode baiano, funk carioca, samba, ","Hip Hop, Pop, R&B, Latin",No_se_ve.mp3,2023-05-03,2iIBpwP4FyQ95xgVail3yr,1132577,"0AqlFI0tz2DsEoJlKSIiT9, 3CDoRporvSjdzTrm99a3gi, 2Yia9CwtgcrsN5kVOQ0qRA"
Cheques,Shubh,"punjabi hip hop, punjabi pop, desi hip hop, desi, hindi hip hop, bhangra","Traditional music, Hip Hop, Pop",Still Rollin,2023-05-19,4eBvRhTJ2AcxCsbfTUjoRp,81594221,5r3wPya2PpeTTsXsGhQU8O
Dial Drunk (with Post Malone),"Noah Kahan, Post Malone",,,Dial Drunk (with Post Malone),2023-07-18,22VHOlVYBqytsrAqV8yXBK,16887713,"2RQXRUsr4IW1f3mKyKsy4B, 246dkjvS1zLTtiykXe5h60"
Try That In A Small Town,Jason Aldean,"country, acoustic country",Country,Try That In A Small Town,2023-05-19,4ROknQyR1wOGPfmpTtB3z4,3766892,3FfvYsEGaIb52QPXhg4DcH
Ballena,"Vulgo FK, MC PH, Veigh, Pedro Lotto, Fepache","brazilian trap, trap funk, trap, brazilian hip hop, funk, funk consciente","Hip Hop, R&B, Latin, Electronic",Perdas & Ganhos,2023-07-14,1Vy9Wn5sbiduZKBqBlH3Mc,37446166,"27azwwkxutWL1BWMkgNIh0, 4PLdCloYxu2bMKfuuB9lI5, 4YqwRbMLqGHRHLS1w2ZKse, 23ot0eI6ByBW6LrlBfr2bm, 5dLqjc2m428QbostsKrUYW"
K-POP,"Travis Scott, Bad Bunny, The Weeknd","rap, reggaeton, trap latino, latin, urbano latino, ","Latin, Hip Hop",K-POP,2023-07-21,5L3ecxQnQ9qTBmnLQiwf0C,135658392,"0Y5tJX1MQlPlqiwlOH1tJY, 4q3ewBCX7sLwd24euuV69X, 1Xyo4u8uXC1ZmMpatF05PJ"
Cool With You,NewJeans,k-pop,Pop,NewJeans 2nd EP 'Get Up',2023-07-21,02wk5BttM0QL38ERjLPQJB,36562560,6HvZYsbFfjnjFrWF950C9d
ETA,NewJeans,k-pop,Pop,NewJeans 2nd EP 'Get Up',2023-07-21,56v8WEnGzLByGsDAXDiv4d,61633822,6HvZYsbFfjnjFrWF950C9d
ASAP,NewJeans,k-pop,Pop,NewJeans 2nd EP 'Get Up',2023-07-21,5fpyAakgFOm4YTXkgfPzvV,11724653,6HvZYsbFfjnjFrWF950C9d
Get Up,NewJeans,k-pop,Pop,NewJeans 2nd EP 'Get Up',2023-07-21,1wUnuiXMMvhudmzvcCtlZP,10571427,6HvZYsbFfjnjFrWF950C9d
Love Like This,ZAYN,,,Love Like This,2023-07-21,3P9pRL7V9yM9DhY6NGZjzA,2785569,5ZsFI1h6hIdQRw2ti0hz81
Barbie Girl,Aqua,"europop, eurodance",Pop,Aquarium (Special Edition),1997-01-01,5ZrDlcxIDZyjOzHdYW1ydr,5991427,6kBjAFKyd0he7LiA5GQ3Gz
Speed Drive (From Barbie The Album),Charli xcx,"hyperpop, art pop",Pop,Speed Drive (From Barbie The Album),2023-06-29,5VxmI3IdgAxWVvUnJoLuY2,102178420,25uiPmTg16RbhZWAqwLBy5
From The Start,Laufey,,,Bewitched,2023-09-08,43iIQbw5hx986dUEZbr3eN,72063399,7gW0r5CkdEUMm42w9XpyZO
I'm Just Ken (From Barbie The Album),Ryan Gosling,,,I’m Just Ken (From Barbie The Album),2023-07-21,7jPdqwZug0ovtDZsY5uK4T,41499995,6kXm2YCtdUOpRYNKeKhfue
K-POP,Travis Scott,rap,Hip Hop,K-POP (Chopped & Screwed),2023-07-18,1RlcvK95g0XfRpDvFbGLUO,12751857,0Y5tJX1MQlPlqiwlOH1tJY
A Sky Full of Stars,Coldplay,,,Ghost Stories,2014-05-16,0FDzzruyVECATHXKHFs9eJ,1091942,4gzpq5DPGxSnKTe4SA8HAU
Nothing Compares 2 U,Sinéad O'Connor,,,I Do Not Want What I Haven't Got,1990-07-01,5GHY1DFWKz3Prg2V0Iodqo,4837180,4sD9znwiVFx9cgRPZ42aQ1
Pink (From Barbie The Album),Lizzo,,,Pink (From Barbie The Album),2023-07-21,6QTGiIuNopQu1iV2aa0fDS,3602830,56oDRnqbIiwx4mymNEv7dS
Deli,Ice Spice,,,Like..? (Deluxe),2023-07-21,5JYPXqMwYc0zTODQdjMEZN,2351518,3LZZPxNDGDFVSIPqf4JuEf
On The Radar Freestyle,"Drake, Central Cee","rap, hip hop, uk drill, drill, grime","Hip Hop, Electronic, Pop",On The Radar Freestyle,2023-07-26,1L0OmJV0LnPDWuHCIGmBV6,7013466,"3TVXtAsR1Inumwj472S9r4, 5H4yInM5zmHqpKIoMNAx4r"
WATATI (feat. Aldo Ranks) [From Barbie The Album],"KAROL G, Aldo Ranks","reggaeton, latin, urbano latino, ",Latin,WATATI (feat. Aldo Ranks) [From Barbie The Album],2023-06-01,6MZi5j60L80SZLBxN0bv8s,3494166,"790FomKkXshlbRYZFtlgla, 0lsEtpjLWn4S7KBra82VG3"
HYAENA,Travis Scott,rap,Hip Hop,UTOPIA,2023-07-28,0hL9gOw6XBWsygEUcVjxEc,42180770,0Y5tJX1MQlPlqiwlOH1tJY
MELTDOWN (feat. Drake),"Travis Scott, Drake","rap, hip hop",Hip Hop,UTOPIA,2023-07-28,67nepsnrcZkowTxMWigSbb,190885615,"0Y5tJX1MQlPlqiwlOH1tJY, 3TVXtAsR1Inumwj472S9r4"
FE!N (feat. Playboi Carti),"Travis Scott, Playboi Carti","rap, rage rap",Hip Hop,UTOPIA,2023-07-28,42VsgItocQwOQC3XWZ8JNA,210600424,"0Y5tJX1MQlPlqiwlOH1tJY, 699OTQXzgjhIYAHMy9RyPD"
THANK GOD,Travis Scott,rap,Hip Hop,UTOPIA,2023-07-28,1PH2MDbcBAU094DlgTIND1,46668646,0Y5tJX1MQlPlqiwlOH1tJY
MODERN JAM (feat. Teezo Touchdown),"Travis Scott, Teezo Touchdown","rap, ",Hip Hop,UTOPIA,2023-07-28,3KCNiDi9Pza6ZD8FggNoaw,31240124,"0Y5tJX1MQlPlqiwlOH1tJY, 0fGcIStdT1OpFFhOC7Wp36"
MY EYES,Travis Scott,rap,Hip Hop,UTOPIA,2023-07-28,4kjI1gwQZRKNDkw1nI475M,90537204,0Y5tJX1MQlPlqiwlOH1tJY
DELRESTO (ECHOES) (feat. Beyoncé),"Travis Scott, Beyoncé","rap, ",Hip Hop,UTOPIA,2023-07-28,0OEe83mMZ5kaNw5uZQ7ilG,26759497,"0Y5tJX1MQlPlqiwlOH1tJY, 6vWDO969PvNqNYHIOW5v0m"
SIRENS,Travis Scott,rap,Hip Hop,UTOPIA,2023-07-28,7LSpFCvRZZot2AlmkUzy9k,28465120,0Y5tJX1MQlPlqiwlOH1tJY
GOD'S COUNTRY,Travis Scott,rap,Hip Hop,UTOPIA,2023-07-28,04WxWo7XeVyx22xEsrWRUb,24783320,0Y5tJX1MQlPlqiwlOH1tJY
I KNOW ?,Travis Scott,rap,Hip Hop,UTOPIA,2023-07-28,6wsqVwoiVH2kde4k4KKAFU,292207504,0Y5tJX1MQlPlqiwlOH1tJY
TOPIA TWINS (feat. Rob49 & 21 Savage),"Travis Scott, Rob49, 21 Savage","rap, ",Hip Hop,UTOPIA,2023-07-28,0lodMO0qK83vfPiiD7FMEt,43274587,"0Y5tJX1MQlPlqiwlOH1tJY, 1jBoSSrbz9n4ehQWA4cZgB, 1URnnhqYAYcrqrcwql10ft"
CIRCUS MAXIMUS (feat. The Weeknd & Swae Lee),"Travis Scott, The Weeknd, Swae Lee","rap, ",Hip Hop,UTOPIA,2023-07-28,4GL9GMX9t7Qkprvf1YighZ,20203660,"0Y5tJX1MQlPlqiwlOH1tJY, 1Xyo4u8uXC1ZmMpatF05PJ, 1zNqQNIdeOUZHb8zbZRFMX"
SKITZO (feat. Young Thug),"Travis Scott, Young Thug","rap, melodic rap, trap",Hip Hop,UTOPIA,2023-07-28,0bkV1iQHSxBaksUqgEkcbc,19785588,"0Y5tJX1MQlPlqiwlOH1tJY, 50co4Is1HCEo8bhOyUWKpn"
TELEKINESIS (feat. SZA & Future),"Travis Scott, SZA, Future","rap, r&b","R&B, Hip Hop",UTOPIA,2023-07-28,1i9lZvlaDdWDPyXEE95aiq,137540825,"0Y5tJX1MQlPlqiwlOH1tJY, 7tYKF4w9nC0nq9CsPZTHyP, 1RyvyyTE3xzB2ZywiAwp0i"
LOST FOREVER (feat. Westside Gunn),"Travis Scott, Westside Gunn","rap, boom bap, alternative hip hop, jazz rap",Hip Hop,UTOPIA,2023-07-28,7EiUtdeoWcKqLi5ELZCjYf,15411422,"0Y5tJX1MQlPlqiwlOH1tJY, 0ABk515kENDyATUdpCKVfW"
PARASAIL (feat. Yung Lean & Dave Chappelle),"Travis Scott, Yung Lean, Dave Chappelle","rap, cloud rap, comedy","Hip Hop, Country",UTOPIA,2023-07-28,2Q0aElTZQtEUsoiaQfizu6,13088647,"0Y5tJX1MQlPlqiwlOH1tJY, 67lytN32YpUxiSeWlKfHJ3, 504DdVupqJJUEkzmHzJEfs"
TIL FURTHER NOTICE (feat. James Blake & 21 Savage),"Travis Scott, James Blake, 21 Savage","rap, ",Hip Hop,UTOPIA,2023-07-28,76gcXhY3Zv6wW0BTe9nHJo,23350307,"0Y5tJX1MQlPlqiwlOH1tJY, 53KwLdlmrlCelAZMaLVZqU, 1URnnhqYAYcrqrcwql10ft"
LOOOVE (feat. Kid Cudi),"Travis Scott, Kid Cudi","rap, ",Hip Hop,UTOPIA,2023-07-28,0a4SMs889NwP8oWI7Vemle,15380647,"0Y5tJX1MQlPlqiwlOH1tJY, 0fA0VVWsXO9YnASrzqfmYu"
Enough Is Enough,Post Malone,,,AUSTIN,2023-07-28,3BHFResGQiUvbYToUdaDQz,21625260,246dkjvS1zLTtiykXe5h60
Something Real,Post Malone,,,AUSTIN,2023-07-28,444vevlQjTnKioLLncteGv,5773246,246dkjvS1zLTtiykXe5h60
Don't Understand,Post Malone,,,AUSTIN,2023-07-28,4MTuL20LF3pWebeJbcNh7p,1949196,246dkjvS1zLTtiykXe5h60
Novacandy,Post Malone,,,AUSTIN,2023-07-28,6V1TqJxtw3P0ouCKICvl9l,1697226,246dkjvS1zLTtiykXe5h60
Too Cool To Die,Post Malone,,,AUSTIN,2023-07-28,3FtQes77xlbS9QTVts7p2u,2821638,246dkjvS1zLTtiykXe5h60
Desire (with Sam Smith),"Calvin Harris, Sam Smith","edm, soft pop","Electronic, Pop",Desire (with Sam Smith),2023-07-28,22dUzMFttcR3uU17NcOAIv,23576999,"7CajNmpbOovFoOoasH2HaY, 2wY79sveU1sp5g7SokKOiI"
Sign Me Up,Post Malone,,,AUSTIN,2023-07-28,4mahloUW5K6KeGijwnMGDr,1453521,246dkjvS1zLTtiykXe5h60
Socialite,Post Malone,,,AUSTIN,2023-07-28,3ZcJaN63FKEMxDWWPefsiW,1316652,246dkjvS1zLTtiykXe5h60
Speedometer,Post Malone,,,AUSTIN,2023-07-28,5oJw81e2Tzr2rC0lHXnDPb,1191116,246dkjvS1zLTtiykXe5h60
Chulo pt.2,"Bad Gyal, Tokischa, Young Miko","neoperreo, dembow, trap latino","Latin, Electronic",Chulo pt.2,2023-06-22,0J9g1MMJDhyvOb3NWckHMm,150335621,"4F4pp8NUW08JuXwnoxglpN, 2p4aN0Uxkk3iT3HK0cJ2cJ, 3qsKSpcV3ncke3hw52JSMB"
Jiwa Yang Bersedih,Ghea Indrawari,"indonesian pop, malay",Pop,Jiwa Yang Bersedih,2023-05-18,6XsFgTG4dY768oIB4Dmeu0,70469164,3qL7BzwJOXq3EzAio36aLX
Faz um Vuk Vuk (Teto Espelhado),"MC Kevin o Chris, Dj Nk Da Serra, Mc Magrinho","funk, funk carioca, brazilian funk, brega funk, funk de bh","Hip Hop, Pop, R&B, R&b",Faz um Vuk Vuk (Teto Espelhado),2023-07-20,64CovjRwInpOJW4PiGMprY,84890415,"2UMj7NCbuqy1yUZmiSYGjJ, 3DIMAAaWSlVl1YQ9nsQmUN, 4JA9UvIYD3D5kL7utiGJMI"
Automotivo Bibi Fogosa,"Bibi Babydoll, Dj Brunin XM, KZA Produções",phonk,Hip Hop,Automotivo Bibi Fogosa,2023-05-19,4kRLRWnn5u9wO2wOKAAdEN,99800705,"6R26kGib2ubbZJMh7kKVGV, 6MSMZkBlZT4vhQmjO5Ynv3, 1rRhJIu1ufxCjbmMWon6ax"
Paint The Town Red,Doja Cat,,,Scarlet,2023-09-20,56y1jOTK0XSvJzVv9vHQBK,726113645,5cj0lLjcoR7YOSnhnX0Po5
VENTE CONMIGO,Feid,"reggaeton, urbano latino",Latin,VENTE CONMIGO,2023-08-04,4zzyCocu8LZVqctOGSfVKz,2985359,2LRoIwlKmHjgvigdNGBHNo
EL AMOR DE SU VIDA,"Grupo Frontera, Grupo Firme","cumbia norteña, banda, norteño, música mexicana, corrido, corridos tumbados, grupera, corridos bélicos, tejano, sierreño",Latin,El Comienzo,2023-08-25,0O3U5iwTbiXCREMkvotJuN,252637061,"6XkjpgcEsYab502Vr1bBeW, 1dKdetem2xEmjgvyymzytS"
Lapada Dela - Ao Vivo,"Grupo Menos É Mais, Matheus Fernandes","pagode, samba, piseiro, sertanejo, forró, arrocha","Country, Latin",Confia (Ao Vivo),2023-01-20,4f0aDk7HX37SfzerfznYlr,19173799,"6vTqEFbTtTRJsuIpzZgjxi, 37mqXU98U5GmH5ZDtlHM1c"
MOLETOM,"Luan Pereira, Gustavo Mioto","agronejo, sertanejo, sertanejo universitário, piseiro, arrocha","Country, Latin",MOLETOM,2023-06-29,1mimc5QiUuwmVYdXkWvgOQ,3487095,"5kVgcCdPbeUwxBqWxi2Ktl, 1X6ORK7IekgmyjV6IFPszP"
Flashing Lights,"Kanye West, Dwele","rap, neo soul, smooth r&b","R&B, Hip Hop, R&b",Graduation,2007-09-11,5TRPicyLGbAF2LGBFbHGvO,142994581,"5K4W6rqBFWDnAN6FQUkS6x, 7u6LfVyYpEzMpHLL7jTyvU"
Iris,The Goo Goo Dolls,,,Dizzy up the Girl,1998-00-00,6Qyc6fS4DsZjB2mRW9DsQs,78632015,2sil8z5kiy4r76CRTXxBCA
New Romantics,Taylor Swift,,,1989 (Deluxe),2014-01-01,0qAIiGFKLdV1xpNlEhjpq8,1367934,06HL4z0CvFAxyc27GXpf02
Bad Blood,Taylor Swift,,,1989,2014-01-01,0TvQLMecTE8utzoNmvXRbK,1350205,06HL4z0CvFAxyc27GXpf02
Wildest Dreams,Taylor Swift,,,1989,2014-01-01,3fVnlF4pGqWI9flVENcT28,1341859,06HL4z0CvFAxyc27GXpf02
Out Of The Woods,Taylor Swift,,,1989 (Deluxe),2014-01-01,0qUnBLZ8bJqUNEeQgayL9t,1226291,06HL4z0CvFAxyc27GXpf02
Hukum - Thalaivar Alappara,"Anirudh Ravichander, Super Subu","tamil pop, kollywood, tamil dance, tollywood, tamil hip hop, telugu pop","Hip Hop, Pop",Jailer (Original Motion Picture Soundtrack),2023-07-28,5DgY6Ab0vpyUMKnY9ubFOF,24695231,"4zCH9qm4R2DADamUHMCa6O, 6sXT8Cggm4tmoxhVjaUVs0"
bad idea right?,Olivia Rodrigo,,,GUTS,2023-09-08,3IX0yuEVvDbnqUwMBB3ouC,252654840,1McMsnEElThX1knmY4oliG
Love Me Again,V,k-pop,Pop,Layover,2023-08-11,2N0SPREDYqILVEFSsWF5N5,260060801,3JsHnjpbhX4SnySpvpa9DK
Rainy Days,V,k-pop,Pop,Layover,2023-08-11,5ydjxBSUIDn26MFzU3asP4,95570340,3JsHnjpbhX4SnySpvpa9DK
MI EX TENÍA RAZÓN,KAROL G,"reggaeton, latin, urbano latino",Latin,MAÑANA SERÁ BONITO (BICHOTA SEASON),2023-08-10,54zcJnb3tp9c5OVKREZ1Is,248701795,790FomKkXshlbRYZFtlgla
QLONA,"KAROL G, Peso Pluma","reggaeton, latin, urbano latino, corrido, corridos tumbados, corridos bélicos, música mexicana, sad sierreño, electro corridos, banda",Latin,MAÑANA SERÁ BONITO (BICHOTA SEASON),2023-08-10,5RqSsdzTNPX1uzkmlHCFvK,492021800,"790FomKkXshlbRYZFtlgla, 12GqGscKJx3aE4t07u7eVZ"
UNA NOCHE EN MEDELLÍN - REMIX,"KAROL G, Cris Mj, Ryan Castro","reggaeton, latin, urbano latino, reggaeton chileno, chilean trap, chilean mambo","Latin, Hip Hop",MAÑANA SERÁ BONITO (BICHOTA SEASON),2023-08-10,0GJwUAlBMJTbY4VE7iE761,18651957,"790FomKkXshlbRYZFtlgla, 1Yj5Xey7kTwvZla8sqdsdE, 7j6DKwmjbxvpQO8h914uEz"
ME TENGO QUE IR,"KAROL G, Kali Uchis","reggaeton, latin, urbano latino, ",Latin,MAÑANA SERÁ BONITO (BICHOTA SEASON),2023-08-10,1Uvl2i3MlsoqGConBaKi7G,1502834,"790FomKkXshlbRYZFtlgla, 1U1el3k54VvEUzo3ybLPlM"
OKI DOKI,KAROL G,"reggaeton, latin, urbano latino",Latin,MAÑANA SERÁ BONITO (BICHOTA SEASON),2023-08-10,4gJfPoMIcSDGY0tMGxm6Fu,1499907,790FomKkXshlbRYZFtlgla
BICHOTAG,KAROL G,"reggaeton, latin, urbano latino",Latin,MAÑANA SERÁ BONITO (BICHOTA SEASON),2023-08-10,0JDzwUkxHmoGd7su8ER2Ce,1471921,790FomKkXshlbRYZFtlgla
DISPO,"KAROL G, Young Miko","reggaeton, latin, urbano latino, trap latino",Latin,MAÑANA SERÁ BONITO (BICHOTA SEASON),2023-08-11,4iGQ8o9Ih6J1OuDDGCXSCL,1469340,"790FomKkXshlbRYZFtlgla, 3qsKSpcV3ncke3hw52JSMB"
Holanda,JHAYCO,"reggaeton, trap latino, urbano latino",Latin,Holanda,2023-07-28,6irysuQyZWd7Bjj7ePiOs2,182142562,6nVcHLIgY5pE2YCl8ubca1
GATITA GANGSTER,"KAROL G, Dei V","reggaeton, latin, urbano latino, trap latino",Latin,MAÑANA SERÁ BONITO (BICHOTA SEASON),2023-08-10,5bD6mFl116xCxVMLy7IK9F,1369739,"790FomKkXshlbRYZFtlgla, 2YRyPiW98bpkARAS4B3OQP"
Toca o Trompete,Felipe Amorim,"piseiro, forró, arrocha, sertanejo, agronejo, brega","Country, Latin",Cadê o After? Pt. 1,2023-07-21,54u86CmMqGI1rRuULlTqaB,33943866,3CIIaeZuFYrAD6PRVyuO4U
adore u,"Fred again.., Obongjayar","stutter house, house, alté",Electronic,adore u,2023-08-11,3YgtkOxZsTuaZdL8McA1FQ,1329559,"4oLeXFyACqeem2VImYeBFe, 6l7R1jntPahGxwJt7Tky8h"
Hukum - Thalaivar Alappara - Tamil (From  Jailer ),"Anirudh Ravichander, Super Subu","tamil pop, kollywood, tamil dance, tollywood, tamil hip hop, telugu pop","Hip Hop, Pop",Hukum - Thalaivar Alappara - Tamil (From  Jailer ),2023-07-17,3pDbPKZHrpHAWcJVMsrNwA,4747150,"4zCH9qm4R2DADamUHMCa6O, 6sXT8Cggm4tmoxhVjaUVs0"
Rich Men North of Richmond,Oliver Anthony Music,country,Country,Rich Men North of Richmond,2023-08-11,78Du4CMFgnhdlG33gblkiP,64259320,6IkfE2JyVoKwBZXvuytKX3
Heeriye (feat. Arijit Singh),"Jasleen Royal, Arijit Singh, Dulquer Salmaan","hindi pop, bollywood, gujarati pop, desi, hindi indie, bangla pop, mollywood, malayalam pop","Pop, Hip Hop, Rock",Heeriye (feat. Arijit Singh),2023-07-25,5PUXKVVVQ74C3gl5vKy9Li,142323306,"74OaRjmyh0XyRZsQQQ5l7c, 4YRxDV8wJFPHPTeXepOstw, 3NHwwyb1coYa5cLyI72xSk"
That's What I Like,Bruno Mars,,,24K Magic,2016-11-17,0KKkJNfGyhkQ5aFogxQAPU,97258790,0du5cEVh5yTK9QJze8zA0C
With You,AP Dhillon,"punjabi hip hop, punjabi pop, desi, bhangra, desi hip hop, desi pop","Traditional music, Hip Hop, Pop",With You,2023-08-11,0xIuPDzJSnJywALez8dwKR,48751850,6LEG9Ld1aLImEFEVHdWNSB
MORE,j-hope,"k-pop, k-rap","Pop, Hip Hop",Jack In The Box,2022-07-15,7GARzfC1mwhDuk4t9WOACq,2589344,0b1sIQumIAsNbqAoIClSpy
Prada,"cassö, RAYE, D-Block Europe","grime, uk drill","Electronic, Pop",Prada,2023-08-11,59NraMJsLaMCVtwXTSia8i,298297494,"5wCmhq5J2hPwL2r0eKurxn, 5KKpBU5eC2tJDzf0wmlRp2, 5VadK1havLhK1OpKYsXv9y"
Fode Bem,"Felipe Amorim, Mc Mika","piseiro, forró, arrocha, sertanejo, agronejo, brega, funk de bh, funk","Country, R&B, R&b, Latin",Fode Bem,2023-07-19,7lTVXJfNK4xaJSUXCUac6a,4636861,"3CIIaeZuFYrAD6PRVyuO4U, 6exBFuevXZvHrbP3oKtfWe"
wiggy,Young Miko,trap latino,Latin,wiggy,2023-07-21,4xU4XeklG562EnanWzpY3A,2241098,3qsKSpcV3ncke3hw52JSMB
What Jhumka ? (From  Rocky Aur Rani Kii Prem Kahaani ),"Pritam, Arijit Singh, Jonita Gandhi, Ranveer Singh, Amitabh Bhattacharya","bollywood, hindi pop, desi, sufi, bangla pop, tamil pop, kollywood, tamil dance, hindi hip hop, desi hip hop","Pop, Hip Hop, Traditional music",Rocky Aur Rani Kii Prem Kahaani,2023-07-31,0rU8aU8TSbq6Xz6RWlmA1y,1009456,"1wRPtKGflJrBx9BmLsSwlU, 4YRxDV8wJFPHPTeXepOstw, 00sCATpEvwH48ays7PlQFU, 0lMa3YTHqQnDDTBaxAV7LK, 2fMqTqiTxUDlmcOEPaQSsx"
Heartless,Kanye West,rap,Hip Hop,808s & Heartbreak,2008-11-24,4EWCNWgDS8707fNSZ1oaA5,147722724,5K4W6rqBFWDnAN6FQUkS6x
Dreams - 2004 Remaster,Fleetwood Mac,"classic rock, soft rock",Rock,Rumours (Super Deluxe),1977-02-04,0ofHAoxe9vBkTCp2UQIavz,74661110,08GQAI4eElDnROBrJRGE0X
Used To Be Young,Miley Cyrus,,,Endless Summer Vacation,2023-08-18,41WQUSINanQHfhfKpFDsms,69237340,5YGY8feqx7naU7z4HrwZM6
Single Soon,Selena Gomez,pop,Pop,Single Soon,2023-08-25,6iF4RgIjDvDqyW13PezSj3,57367493,0C8ZW7ezQVs4URX5aX7Kqx
I Remember Everything (feat. Kacey Musgraves),"Zach Bryan, Kacey Musgraves","country, red dirt, ",Country,Zach Bryan,2023-08-25,4KULAymBBJcPRpk1yO4dOG,275268370,"40ZNYROS4zLfyyBSs2PGe2, 70kkdajctXSbqSMJbQO424"
Overtime,Zach Bryan,"country, red dirt",Country,Zach Bryan,2023-08-25,5pIVEk6Di7n1v5khOzJaJL,6254739,40ZNYROS4zLfyyBSs2PGe2
East Side of Sorrow,Zach Bryan,"country, red dirt",Country,Zach Bryan,2023-08-25,00syWkRGIVQvYsg2OwfBUw,10150926,40ZNYROS4zLfyyBSs2PGe2
Summertime's Close,Zach Bryan,"country, red dirt",Country,Zach Bryan,2023-08-25,7eOuUmpnHBlg5zsm8Cs7c3,5934495,40ZNYROS4zLfyyBSs2PGe2
Spotless (feat. The Lumineers),"Zach Bryan, The Lumineers","country, red dirt, folk pop, indie folk","Country, Pop, Folk/Acoustic",Zach Bryan,2023-08-25,0HEytGQM3bG1vKxER7IgVK,12081550,"40ZNYROS4zLfyyBSs2PGe2, 16oZKvXb6WkQlVAjwo2Wbg"
THE GIRLS - BLACKPINK THE GAME OST,BLACKPINK,k-pop,Pop,THE GIRLS (BLACKPINK THE GAME OST),2023-08-25,1mFpMoeZfkIqtqW2AfQ8ba,21283286,41MozSoPIsD1dJM0CLPjZF
Hey Driver (feat. The War and Treaty),"Zach Bryan, The War And Treaty","country, red dirt, ",Country,Zach Bryan,2023-08-25,4pCbJC43j3gSqG6Fen6upD,25095983,"40ZNYROS4zLfyyBSs2PGe2, 6HhV0jtMMK5HYnYgG0xgtz"
Fear and Friday's,Zach Bryan,"country, red dirt",Country,Zach Bryan,2023-08-25,0GMiRrUnQuoGddKMsxGPIZ,7105587,40ZNYROS4zLfyyBSs2PGe2
Fear and Friday's (Poem),Zach Bryan,"country, red dirt",Country,Zach Bryan,2023-08-25,44IXD2J5yyr7PpOZzz2cmQ,2104112,40ZNYROS4zLfyyBSs2PGe2
Ticking,Zach Bryan,"country, red dirt",Country,Zach Bryan,2023-08-25,1HwDRgozGBMyfJTQUfz09A,5527997,40ZNYROS4zLfyyBSs2PGe2
Holy Roller (feat. Sierra Ferrell),"Zach Bryan, Sierra Ferrell","country, red dirt, americana, alt country, bluegrass",Country,Zach Bryan,2023-08-25,3itgPtXSu4I9mr2QD6yrzP,3087318,"40ZNYROS4zLfyyBSs2PGe2, 3oVcF3VdpMuvMvLLyHPT4t"
Tourniquet,Zach Bryan,"country, red dirt",Country,Zach Bryan,2023-08-25,3EvZ03hGAFwGZ2Ebcu86YH,9652422,40ZNYROS4zLfyyBSs2PGe2
El Dorado,Zach Bryan,"country, red dirt",Country,Zach Bryan,2023-08-25,7C1BLYzAvR0KdBpov3GpUZ,1746583,40ZNYROS4zLfyyBSs2PGe2
Jake's Piano - Long Island,Zach Bryan,"country, red dirt",Country,Zach Bryan,2023-08-25,2pUYbyOIOSfDfsnCR3KceZ,1712848,40ZNYROS4zLfyyBSs2PGe2
Tradesman,Zach Bryan,"country, red dirt",Country,Zach Bryan,2023-08-25,6Otmq7JokHh38wKSqUimcS,1656417,40ZNYROS4zLfyyBSs2PGe2
Smaller Acts,Zach Bryan,"country, red dirt",Country,Zach Bryan,2023-08-25,67aaFVnfvFWjxVQMd0jDb5,1626597,40ZNYROS4zLfyyBSs2PGe2
Oklahoman Son,Zach Bryan,"country, red dirt",Country,Zach Bryan,2023-08-25,4ueTr01dkL360w1knfh21C,1511667,40ZNYROS4zLfyyBSs2PGe2
FERXXO 151,"Feid, ICON","reggaeton, urbano latino, ",Latin,"MOR, No Le Temas a La Oscuridad",2023-09-29,0qMYY0Fotjtu181Nj0VS8e,3951688,"2LRoIwlKmHjgvigdNGBHNo, 0SSbTivuMrvdqgCt7ln6jD"
Cheat On Me (feat. Dave),"Burna Boy, Dave","afrobeats, afrobeat, afropop, afroswing, dancehall, afropiano, grime, uk drill, drill","Traditional music, R&B, Pop, Hip Hop, Electronic",I Told Them...,2023-08-24,3FyxwVvc9JqmVl5IVDPaNU,1217146,"3wcj11K77LjEY1PkEazffa, 6Ip8FS7vWT1uKkJSweANQK"
In The Stars,Benson Boone,,,Fireworks & Rollerblades,2024-04-05,315aBOUD3xtj7sUMXtRgMV,8548525,22wbnEMDvgVIAGdFeek6ET
Chaleya (From  Jawan ),"Anirudh Ravichander, Arijit Singh, Shilpa Rao, Kumaar","tamil pop, kollywood, tamil dance, tollywood, tamil hip hop, telugu pop, hindi pop, bollywood, desi, bangla pop, desi pop","Pop, Hip Hop",Chaleya (From  Jawan ),2023-08-14,4nc6XiUze2Yh7wFueGOPv7,10674776,"4zCH9qm4R2DADamUHMCa6O, 4YRxDV8wJFPHPTeXepOstw, 19LIHDDSHBD5NyYHI3gpzB, 0m3D4grap8VFSzbJMqgNVk"
DONDE SE APRENDE A QUERER?,Mora,"urbano latino, reggaeton, trap latino",Latin,ESTRELLA,2023-08-28,0sfk352FO8bJUjWjIsyzSR,28244511,0Q8NcsJwoCbZOHHW63su5S
REINA,"Mora, SAIKO","urbano latino, reggaeton, trap latino, ",Latin,ESTRELLA,2023-08-28,0QRHOAeU8JRaVVn3UoZBih,63415074,"0Q8NcsJwoCbZOHHW63su5S, 2O8vbr4RYPpk6MRA4fio7u"
MEDIA LUNA,Mora,"urbano latino, reggaeton, trap latino",Latin,ESTRELLA,2023-08-28,7h3mCPlHYCPuSG93s7M3Xt,3953289,0Q8NcsJwoCbZOHHW63su5S
PASAJERO,Mora,"urbano latino, reggaeton, trap latino",Latin,ESTRELLA,2023-08-28,1uFAI2C6r3YBQmXCAPGzZv,6356947,0Q8NcsJwoCbZOHHW63su5S
PÓLVORA,"Mora, Yandel","urbano latino, reggaeton, trap latino, latin",Latin,ESTRELLA,2023-08-28,3pQr8EhSzvKN3ZZlaL4Pae,3304741,"0Q8NcsJwoCbZOHHW63su5S, 0eHQ9o50hj6ZDNBt6Ys1sD"
FANTASÍAS,Mora,"urbano latino, reggaeton, trap latino",Latin,ESTRELLA,2023-08-28,2v1EKQQn4UYC6qB13Vphaf,3240123,0Q8NcsJwoCbZOHHW63su5S
LAGUNA,"Mora, Arcángel","urbano latino, reggaeton, trap latino",Latin,ESTRELLA,2023-08-28,0JLKzgJT62z3jNWsDt6znJ,3036047,"0Q8NcsJwoCbZOHHW63su5S, 4SsVbpTthjScTS7U2hmr1X"
EL CHACAL,Mora,"urbano latino, reggaeton, trap latino",Latin,ESTRELLA,2023-08-28,4CQW7jSDYk3kRfv7708NGF,1875290,0Q8NcsJwoCbZOHHW63su5S
LOKITA,Mora,"urbano latino, reggaeton, trap latino",Latin,ESTRELLA,2023-08-28,5Bn7ZZ5EEwUKKN8WV6HmXZ,1618250,0Q8NcsJwoCbZOHHW63su5S
PIDE,"Mora, RaiNao","urbano latino, reggaeton, trap latino, latin r&b","R&b, Latin",ESTRELLA,2023-08-28,2tAwNLAIBtgXdzQOtVq6mL,1523739,"0Q8NcsJwoCbZOHHW63su5S, 42LEQxfXLEuzdqorKBbUVN"
CÓRCEGA,"Mora, Alvaro Diaz","urbano latino, reggaeton, trap latino, ",Latin,ESTRELLA,2023-08-28,0FCiBGB36gPUW49xuoZYJm,1440195,"0Q8NcsJwoCbZOHHW63su5S, 5J7rXWjtn5HzUkJ4Jet8Fr"
UN DESEO,"Mora, RaiNao","urbano latino, reggaeton, trap latino, latin r&b","R&b, Latin",ESTRELLA,2023-08-28,2ECSDcH0Fk1yRO5KkVZwKn,1397427,"0Q8NcsJwoCbZOHHW63su5S, 42LEQxfXLEuzdqorKBbUVN"
DIAMONDS,"Mora, Dei V","urbano latino, reggaeton, trap latino",Latin,ESTRELLA,2023-08-28,6XjsXIb1DUhsmhflFAODv3,1368679,"0Q8NcsJwoCbZOHHW63su5S, 2YRyPiW98bpkARAS4B3OQP"
AYER Y HOY,Mora,"urbano latino, reggaeton, trap latino",Latin,ESTRELLA,2023-08-28,2GwQTPBJTnNfnZ2kHly8nw,1280738,0Q8NcsJwoCbZOHHW63su5S
MAREA,Mora,"urbano latino, reggaeton, trap latino",Latin,ESTRELLA,2023-08-28,5kp2Lc7zL9znAoU9XTm1l1,1269026,0Q8NcsJwoCbZOHHW63su5S
Tengo,Juliette,"brazilian pop, nova mpb, forró","Pop, Latin",Ciclone,2023-08-25,5WV6br0BPUzhJwyBty80s0,3560499,5coW9ioCpvEYGx4v1nvWec
Penhasco2,"Luísa Sonza, Demi Lovato","brazilian pop, funk pop, funk, ","Pop, R&B",Escândalo Íntimo,2023-08-29,2COgAa5ipUrdTuWjyqb10X,11759661,"4PzYKhC14sTJNEr0dzoo0d, 6S2OmqARrzebs0tKUEyXyp"
Campo De Morango,Luísa Sonza,"brazilian pop, funk pop, funk","Pop, R&B",Escândalo Íntimo,2023-08-29,29Mwr4G1352Vh5xZU71DGJ,1280095,4PzYKhC14sTJNEr0dzoo0d
A Dona Aranha,Luísa Sonza,"brazilian pop, funk pop, funk","Pop, R&B",Escândalo Íntimo,2023-08-29,2VRKmQbkOhmpmp5wShHQ1j,1172991,4PzYKhC14sTJNEr0dzoo0d
Last Time I Saw You,Nicki Minaj,,,Last Time I Saw You,2023-09-01,79DPYZ6x8FfzgSgPoPhpC3,4326316,0hCNtLu0JehylgoiP8L4Gh
Demons,Doja Cat,,,Scarlet,2023-09-20,2XkuWK1lXOPkxdWdM78Q0l,13984945,5cj0lLjcoR7YOSnhnX0Po5
Que Onda,"Calle 24, Chino Pacas, Fuerza Regida","corrido, corridos tumbados, corridos bélicos, electro corridos, sad sierreño, música mexicana, banda, sierreño",Latin,Que Onda,2023-08-30,6uIIdjYTxxpWOyWuVXrKQO,325623851,"6dLuQ5qXxIuWc5urxfIiZR, 2rmkQLzj0k4nZdQehOUByO, 0ys2OFYzWYB5hRDLCsBqxt"
HONEY (ARE U COMING?),Måneskin,,,HONEY (ARE U COMING?),2023-09-01,3tNMdL4qjzNHfo7rlVMESK,3883558,0lAWpj5szCSwM4rUMHYmrr
Strangers,Kenya Grace,,,The After Taste,2024-03-21,593knnQN4REEshx8th9zgK,421844163,7uMDnSZyUYNBPLhPMNuaM2
ELOVRGA,"Alex Favela, Grupo Marca Registrada, Joaquin Medina","electro corridos, corrido, corridos tumbados, corridos bélicos, banda, norteño, música mexicana, sad sierreño, sierreño, reggaeton mexa",Latin,ELOVRGA,2023-08-18,2TJKY0WSFufZOzbRNgl6zE,187693613,"5TcnuUD5MHBfd1cO4kweWD, 1gW6pz5n1aK249L0GvfQCC, 6bpv92ES2Vcv2OKA3DAhgw"
Margaritaville,Jimmy Buffett,,,"Changes In Latitudes, Changes In Attitudes",1977-01-01,4EEjMyQub6tgFVshlM9j1M,2441230,28AyklUmMECPwdfo8NEsV0
Mala dos Porta-Mala - Ao Vivo,"Gusttavo Lima, Matheus & Kauan","sertanejo, sertanejo universitário, arrocha, agronejo, piseiro, forró","Country, Latin",Mala dos Porta-Mala (Ao Vivo),2023-07-08,7GScY8oE12cqTiNBzVQpUB,4573128,"7MiDcPa6UiV3In7lIM71IN, 2Z0lRIqr997lIUiPtrpKCr"
Chico,Luísa Sonza,"brazilian pop, funk pop, funk","Pop, R&B",Escândalo Íntimo,2024-05-28,43eRVwfXFkY3kXN4K47gNT,20410949,4PzYKhC14sTJNEr0dzoo0d
Chaleya,"Anirudh Ravichander, Arijit Singh, Shilpa Rao, Kumaar","tamil pop, kollywood, tamil dance, tollywood, tamil hip hop, telugu pop, hindi pop, bollywood, desi, bangla pop, desi pop","Pop, Hip Hop",Jawan,2023-09-05,3xMHXmedL5Rvfxmiar9Ryv,173340958,"4zCH9qm4R2DADamUHMCa6O, 4YRxDV8wJFPHPTeXepOstw, 19LIHDDSHBD5NyYHI3gpzB, 0m3D4grap8VFSzbJMqgNVk"
MONTAGEM - PAREDE,SAMUKA,,,MONTAGEM - PAREDE,2023-09-07,1Bf8wk84B42gGewriwJlT9,2611034,3wGtjtHSh7D31VZV9wPupB
all-american bitch,Olivia Rodrigo,,,GUTS,2023-09-08,34sOdxWu9FljH84UXdRwu1,68810195,1McMsnEElThX1knmY4oliG
get him back!,Olivia Rodrigo,,,GUTS,2023-09-08,2gyxAWHebV7xPYVxqoi86f,113707518,1McMsnEElThX1knmY4oliG
lacy,Olivia Rodrigo,,,GUTS,2023-09-08,6QT6j7rKt7Vk3IuV2AUO9W,38402764,1McMsnEElThX1knmY4oliG
ballad of a homeschooled girl,Olivia Rodrigo,,,GUTS,2023-09-08,5sp71CUt0jXRNqHblPGp7b,34792385,1McMsnEElThX1knmY4oliG
making the bed,Olivia Rodrigo,,,GUTS,2023-09-08,5CscrLqFBgPfZR8fGtikov,37000149,1McMsnEElThX1knmY4oliG
Slow Dancing,V,k-pop,Pop,Layover,2023-09-08,5h1BN75CEh8wdSwE1xrbSe,156817134,3JsHnjpbhX4SnySpvpa9DK
logical,Olivia Rodrigo,,,GUTS,2023-09-08,53dtP2iUMvaF28JZcHnFuU,33270310,1McMsnEElThX1knmY4oliG
the grudge,Olivia Rodrigo,,,GUTS,2023-09-08,3Nl5OkkmS5DaBZvuYofpAt,50923309,1McMsnEElThX1knmY4oliG
love is embarrassing,Olivia Rodrigo,,,GUTS,2023-09-08,26QLJMK8G0M06sk7h7Fkse,36093811,1McMsnEElThX1knmY4oliG
pretty isn’t pretty,Olivia Rodrigo,,,GUTS,2023-09-08,6W9l02gRsXVxzIuQC1oc1X,25901986,1McMsnEElThX1knmY4oliG
teenage dream,Olivia Rodrigo,,,GUTS,2023-09-08,7fesNTgTEMEH0ye8MOgEDY,18537411,1McMsnEElThX1knmY4oliG
Blue,V,k-pop,Pop,Layover,2023-09-08,2UU11hvjN1JIn4iihEodNT,9923067,3JsHnjpbhX4SnySpvpa9DK
For Us,V,k-pop,Pop,Layover,2023-09-08,4HAOgAnILvXCbSODMoRnmD,9852032,3JsHnjpbhX4SnySpvpa9DK
Slow Dancing (Piano Ver.),V,k-pop,Pop,Layover,2023-09-08,7pgbDdy7ax962o9d2xJceV,10250612,3JsHnjpbhX4SnySpvpa9DK
BIPOLAR,"Peso Pluma, Jasiel Nuñez, Junior H","corrido, corridos tumbados, corridos bélicos, música mexicana, sad sierreño, electro corridos, banda, sierreño",Latin,BIPOLAR,2023-09-07,3wlIAXSDtlD9iU8ysld06Z,12748815,"12GqGscKJx3aE4t07u7eVZ, 0T8Ix53aIN4F7aEKj4EnKy, 7Gi6gjaWy3DxyilpF1a8Is"
Bongos (feat. Megan Thee Stallion),"Cardi B, Megan Thee Stallion",,,Bongos (feat. Megan Thee Stallion),2023-09-08,4YQImHflXSiIMXntcwPkx8,10903856,"4kYSro6naA4h99UJvo89HB, 181bsRPaVXVlUKXrxwZfHK"
QUE VUELVAS,"Grupo Frontera, Carin Leon","cumbia norteña, banda, norteño, música mexicana, corrido, corridos tumbados, grupera, corridos bélicos, tejano, sierreño, ranchera, sad sierreño",Latin,El Comienzo,2023-08-25,5HR7yfhSCeoOHRQN05XnZQ,23368784,"6XkjpgcEsYab502Vr1bBeW, 66ihevNkSYNzRAl44dx6jJ"
Según Quién,"Maluma, Carin Leon","reggaeton, latin, urbano latino, banda, norteño, sierreño, corrido, grupera, ranchera, sad sierreño, música mexicana",Latin,Don Juan,2023-08-25,4bw8mcDUSRWfQo63ZTYRnU,263471372,"1r4hJ1h58CWwUQe3MxPuau, 66ihevNkSYNzRAl44dx6jJ"
Slime You Out (feat. SZA),"Drake, SZA","rap, hip hop, r&b","Hip Hop, R&B",For All The Dogs,2023-10-06,0AYt6NMyyLd0rLuvr0UkMH,93129754,"3TVXtAsR1Inumwj472S9r4, 7tYKF4w9nC0nq9CsPZTHyP"
greedy,Tate McRae,,,greedy,2023-09-15,3rUGC1vUpkDG9CZFHMur1t,544189594,45dkTj5sMRSjrmBSBeiHym
Back for More (with Anitta),"TOMORROW X TOGETHER, Anitta","k-pop, brazilian pop, funk pop, funk carioca, funk, pagode baiano","Pop, R&B, Hip Hop, Latin",Back for More (with Anitta),2023-09-15,6uTPA1xlcsk6dbchB2dhzl,9724598,"0ghlgldX5Dd6720Q3qFyQB, 7FNnA9vBm6EKceENgCGRMb"
Snooze (Acoustic) (feat. Justin Bieber),"SZA, Justin Bieber","r&b, ",R&B,Snooze (Acoustic) (feat. Justin Bieber),2023-09-15,5YABYtKx9qa56vBjlXDbmw,5604807,"7tYKF4w9nC0nq9CsPZTHyP, 1uNFoZAHBGtllmzznpCI3s"
Let's Go 4,"Dj GBR, Mc IG, MC Ryan SP, MC PH, Mc Davi, Mc Luki, Mc Don Juan, Mc Kadu, TrapLaudo, MC GP, MC GH do 7","funk, brazilian funk, funk consciente, trap funk, brazilian trap","Hip Hop, R&B, Latin, Electronic",Let's Go 4,2023-08-29,2InS5VWKJQbsFBKOsf1cJB,144529939,"0IhzJFf4QBEz0ifqLwScKV, 2q9wk5fkeU2C9CgCKdh4AN, 75i9GaW2MJUgt4BkdUnuUY, 4PLdCloYxu2bMKfuuB9lI5, 1cYhx7ZOhYoVmnDPb9KMwo, 3I44LJGCaI0gSPPz3n16xn, 7Lmrb6KcIzfkmgbtokjsAL, 21ELc2P2rA3Cu6xw3VWqvv, 39QiJaZ1HzRcpY9xlMKCsF, 5s27i7oqhNWIcE4HeoVdq0, 5XUMgbLR3zyRPesnTQY31C"
DENTRO DA HILUX,"Luan Pereira, MC Ryan SP, Mc Daniel","agronejo, sertanejo, sertanejo universitário, piseiro, funk, funk consciente, trap funk, brazilian funk, brazilian trap","Country, Hip Hop, R&B, Latin, Electronic",DENTRO DA HILUX,2023-08-24,3XIXklO3e0uWUAUkOR7NLI,22837916,"5kVgcCdPbeUwxBqWxi2Ktl, 75i9GaW2MJUgt4BkdUnuUY, 6YzSM19LzpLH0nVKKU6Jsy"
On My Love,"Zara Larsson, David Guetta","edm, dance",Electronic,On My Love,2023-09-15,0dxp7DyPJEo6JhtnjUtBnN,1259693,"1Xylc3o4UrD53lo9CvFvVg, 1Cs0zKBU1kc0i8ypK3B9ai"
Vois sur ton chemin - Techno Mix,BENNETT,techno,Hip Hop,Vois sur ton chemin (Techno Mix),2023-08-04,31nfdEooLEq7dn3UMcIeB5,109317681,1r43wW70tnGUauQYvY5w48
Canudinho - Ao Vivo,"Gusttavo Lima, Ana Castela","sertanejo, sertanejo universitário, arrocha, agronejo, piseiro, forró","Country, Latin",Paraíso Particular Vol. 01 (Ao Vivo),2023-12-21,7g7I8fjEERZH8DH3e6MUw7,40923333,"7MiDcPa6UiV3In7lIM71IN, 2CKOmarVWvWqkNWUatHCex"
OJITOS ROJOS,"Grupo Frontera, Ke Personajes","cumbia norteña, banda, norteño, música mexicana, corrido, corridos tumbados, grupera, corridos bélicos, tejano, cumbia, cuarteto",Latin,El Comienzo,2023-08-25,11PV8CaPqlto9Uejx92C35,4526587,"6XkjpgcEsYab502Vr1bBeW, 06Q5VlSAku57lFzyME3HrM"
Another One Of Me (feat. 21 Savage),"Diddy, The Weeknd, French Montana, 21 Savage","hip hop, east coast hip hop, ",Hip Hop,The Love Album: Off The Grid,2023-09-15,4hGmQboiou09EwhcTWa0H6,1064036,"59wfkuBoNyhDMQGCljbUbA, 1Xyo4u8uXC1ZmMpatF05PJ, 6vXTefBL93Dj5IqAWq6OTv, 1URnnhqYAYcrqrcwql10ft"
My Love Mine All Mine,Mitski,,,The Land Is Inhospitable and So Are We,2023-09-15,3vkCueOmm7xQDoJ17W1Pm3,373126827,2uYWxilOVlUdk4oV9DvwqK
Water,Tyla,afrobeats,R&B,Water,2023-07-28,5aIVCx5tnk0ntmdiinnYvw,280796542,3SozjO3Lat463tQICI9LcE
Clouded,Brent Faiyaz,r&b,R&B,Fuck The World,2020-02-07,2J6OF7CkpdQGSfm1wdclqn,8216109,3tlXnStJ1fFhdScmQeLpuG
September,Earth Wind & Fire,disco,R&B,September (sped up + slowed),1978-11-18,3kXoKlD84c6OmIcOLfrfEs,6365711,4QQgXkCYTt3BlENzhyNETg
El Jefe,"Shakira, Fuerza Regida","latin pop, latin, corrido, corridos tumbados, corridos bélicos, música mexicana, banda, sierreño, electro corridos, sad sierreño","Latin, Pop",El Jefe,2023-09-20,5wjsJIUf6pdrwauPDae43o,34390194,"0EmeFodog0BfCgMzAIvKQp, 0ys2OFYzWYB5hRDLCsBqxt"
Sarah's Place (feat. Noah Kahan),"Zach Bryan, Noah Kahan","country, red dirt, ",Country,Sarah's Place (feat. Noah Kahan),2023-09-21,1fvC3CmNAbsx0V9ULMU8NB,9367915,"40ZNYROS4zLfyyBSs2PGe2, 2RQXRUsr4IW1f3mKyKsy4B"
Buenas,"Quevedo, SAIKO","reggaeton, ",Latin,Buenas,2023-09-22,4sDpxaulErbJ9NBaJDC7cJ,25129712,"52iwsT98xCoGgiGntTiR7K, 2O8vbr4RYPpk6MRA4fio7u"
Agora Hills,Doja Cat,,,Scarlet,2023-09-20,5PyDJG7SQRgWXefgexqIge,248154698,5cj0lLjcoR7YOSnhnX0Po5
Boys Of Faith (feat. Bon Iver),"Zach Bryan, Bon Iver","country, red dirt, indie folk","Country, Folk/Acoustic",Boys Of Faith (feat. Bon Iver),2023-09-21,4Zj2uX6ApCFK9XzjwIhCIr,2975141,"40ZNYROS4zLfyyBSs2PGe2, 4LEiUm1SRbFMgfqnQTwUbQ"
Deep Satin,Zach Bryan,"country, red dirt",Country,Boys Of Faith,2023-09-22,1u2Fe70Qm9VFCIMPWFlfc1,1592043,40ZNYROS4zLfyyBSs2PGe2
ONE MORE TIME,blink-182,"pop punk, punk, emo pop, rock, skate punk, emo","Rock, Pop, Metal",ONE MORE TIME / MORE THAN YOU KNOW,2023-09-21,5VEnzMXc8ocZko4M4TqnR2,1517266,6FBDaR13swtiWwGhX1WQsP
Nine Ball,Zach Bryan,"country, red dirt",Country,Boys Of Faith,2023-09-22,3xOi0YhDREKRURFHoNaAOQ,1475805,40ZNYROS4zLfyyBSs2PGe2
Wet Vagina,Doja Cat,,,Scarlet,2023-09-20,7KaIFFdq8KgBcDDvdgTrIZ,1356084,5cj0lLjcoR7YOSnhnX0Po5
BUBALU,"Feid, Rema","reggaeton, urbano latino, afrobeats, afrobeat, afropop, afropiano","Traditional music, R&B, Pop, Latin","MOR, No Le Temas a La Oscuridad",2023-09-29,0SzrJpUj7Tij35k90crvMW,3948454,"2LRoIwlKmHjgvigdNGBHNo, 46pWGuE3dSwY3bMMXGBvVS"
500lbs,Lil Tecca,"melodic rap, rap",Hip Hop,TEC,2023-09-22,6rjuKpPydT2SxN15TZpV7r,97844025,4Ga1P7PMIsmqEZqhYZQgDo
"Pain, Sweet, Pain",Zach Bryan,"country, red dirt",Country,Boys Of Faith,2023-09-22,4KaCwku7yZUrDRcOc9rMmQ,1259861,40ZNYROS4zLfyyBSs2PGe2
Gun,Doja Cat,,,Scarlet,2023-09-20,23nW05dyMpuazGsFxdqBjB,1215460,5cj0lLjcoR7YOSnhnX0Po5
Barulho Do Foguete - Ao Vivo,Zé Neto & Cristiano,"sertanejo, sertanejo universitário, arrocha, agronejo","Country, Latin","Escolhas, Vol. 2 (Ao Vivo)",2023-06-22,42JNab8NPeCADJ9D3Cl5wS,13913358,487N2T9nIPEHrlTZLL3SQs
Si No Estás,iñigo quintero,,,Si No Estás,2022-09-23,2HafqoJbgXdtjwCOvNEF14,394104913,0jbo7KFNMiIkfBR6ih0yhm
UN PREVIEW,Bad Bunny,"reggaeton, trap latino, latin, urbano latino",Latin,nadie sabe lo que va a pasar mañana,2023-10-13,5ixdmTpCmH5diBA1j154wN,144667110,4q3ewBCX7sLwd24euuV69X
Got Me Started,Troye Sivan,,,Got Me Started,2023-09-20,2Rn2ocU7jk8BqFoh6zwf1Y,5948049,3WGpXCj9YhhfX11TToZcXP
Let Her Go,Passenger,folk pop,Pop,All the Little Lights,2012-02-24,4bzBPrGYD3fQfAadLgIiwT,9890566,0gadJ2b9A4SKsB1RFkBb66
3D (feat. Jack Harlow),"Jung Kook, Jack Harlow","k-pop, ",Pop,3D : The Remixes,2023-10-02,01qFKNWq73UfEslI0GvumE,294342351,"6HaGTQPmzraVmaVxvz6EUc, 2LIk90788K0zvyj2JJVwkJ"
3D (Alternate Ver.),Jung Kook,k-pop,Pop,3D : The Remixes,2023-10-02,5BKiMkWucQVb7wrFi29VtX,6066869,6HaGTQPmzraVmaVxvz6EUc
LUCES DE TECNO,Feid,"reggaeton, urbano latino",Latin,"MOR, No Le Temas a La Oscuridad",2023-09-29,3DBtvrhv3SAgK7s6zBGgbe,8079735,2LRoIwlKmHjgvigdNGBHNo
American Town,Ed Sheeran,soft pop,Pop,Autumn Variations,2023-09-29,19eUFBAnHBuTz6TCJXhu7h,1624649,6eUKZXaKkcviH0Ku9w2n3V
GANGSTERS Y PISTOLAS,"Feid, Ñengo Flow","reggaeton, urbano latino, trap latino",Latin,"MOR, No Le Temas a La Oscuridad",2023-09-29,6pdo6bxRLh7ELtuchVgyjx,1307672,"2LRoIwlKmHjgvigdNGBHNo, 12vb80Km0Ew53ABfJOepVz"
RITMO DE MEDALLO,"Feid, Ryan Castro","reggaeton, urbano latino",Latin,"MOR, No Le Temas a La Oscuridad",2023-09-29,3gquN8yA0TnqD4NemqCnng,1277962,"2LRoIwlKmHjgvigdNGBHNo, 7j6DKwmjbxvpQO8h914uEz"
we fell in love in october,girl in red,bedroom pop,Pop,we fell in love in october / October Passed Me By,2018-11-21,6IPwKM3fUUzlElbvKw2sKl,79551362,3uwAm6vQy7kWPS2bciKWx9
ecstacy (slowed),SUICIDAL-IDOL,hyperpop,Pop,ecstacy (slowed),2023-06-06,1JgknGBbrfmEHeOZH051SS,54433220,6KOszWgIriJLaPOySuBOTI
Sparks,Coldplay,,,Parachutes,2000-07-10,7D0RhFcb3CrfPuTJ0obrod,19358315,4gzpq5DPGxSnKTe4SA8HAU
GODS,"League of Legends, NewJeans",k-pop,Pop,GODS,2023-10-04,210JJAa9nJOgNa0YNrsT5g,22121359,"47mIJdHORyRerp4os813jD, 6HvZYsbFfjnjFrWF950C9d"
"Milo J: Bzrp Music Sessions, Vol. 57","Bizarrap, Milo j","argentine trap, trap latino, urbano latino","Hip Hop, Latin","Milo J: Bzrp Music Sessions, Vol. 57",2023-10-03,1iLbUmb2b2btyAAcQ68a1p,77085387,"716NhGYqD1jl2wI1Qkgq36, 19HM5j0ULGSmEoRcrSe5x3"
Fruto,"Bizarrap, Milo j","argentine trap, trap latino, urbano latino","Hip Hop, Latin",en dormir sin Madrid,2023-10-04,4SW9gHnW8NfKOdqmh0ij45,75953865,"716NhGYqD1jl2wI1Qkgq36, 19HM5j0ULGSmEoRcrSe5x3"
No soy Eterno,"Bizarrap, Milo j","argentine trap, trap latino, urbano latino","Hip Hop, Latin",en dormir sin Madrid,2023-10-04,0aPs3kmiqmt9QG7gWXdefA,10903111,"716NhGYqD1jl2wI1Qkgq36, 19HM5j0ULGSmEoRcrSe5x3"
Toy en el Mic,"Bizarrap, Milo j","argentine trap, trap latino, urbano latino","Hip Hop, Latin",en dormir sin Madrid,2023-10-04,3DeZc9cOc1DM8YNoJV8lAv,14845216,"716NhGYqD1jl2wI1Qkgq36, 19HM5j0ULGSmEoRcrSe5x3"
ANDO,"Jere Klein, Gittobeatz","reggaeton chileno, chilean mambo, chilean trap, rkt, mambo, turreo, reggaeton","Latin, Hip Hop",ÉNFASIS,2023-12-01,4GvEuYAfJlICR2SpMDaBxQ,44037096,"35oGZihZclGoTVuICPXRP9, 4rRwh9ghjocFABAwIwnunp"
Virginia Beach,Drake,"rap, hip hop",Hip Hop,For All The Dogs,2023-10-06,3eP13S8D5m2cweMEg3ZDed,52746574,3TVXtAsR1Inumwj472S9r4
First Person Shooter (feat. J. Cole),"Drake, J. Cole","rap, hip hop",Hip Hop,For All The Dogs,2023-10-06,7aqfrAY2p9BUSiupwk3svU,166665517,"3TVXtAsR1Inumwj472S9r4, 6l3HvQ5sa6mXTsMTB19rO5"
IDGAF (feat. Yeat),"Drake, Yeat","rap, hip hop, rage rap",Hip Hop,For All The Dogs,2023-10-06,2YSzYUF3jWqb9YP9VXmpjE,217809735,"3TVXtAsR1Inumwj472S9r4, 3qiHUAX7zY4Qnjx8TNUzVx"
Calling For You (feat. 21 Savage),"Drake, 21 Savage","rap, hip hop, ",Hip Hop,For All The Dogs,2023-10-06,2nibvvDdAQkVraYP00z2RS,23198867,"3TVXtAsR1Inumwj472S9r4, 1URnnhqYAYcrqrcwql10ft"
Fear Of Heights,Drake,"rap, hip hop",Hip Hop,For All The Dogs,2023-10-06,53KaP77tkliz36LPxWGlWK,19561691,3TVXtAsR1Inumwj472S9r4
Amen (feat. Teezo Touchdown),"Drake, Teezo Touchdown","rap, hip hop, ",Hip Hop,For All The Dogs,2023-10-06,0Mrnt1YqVuW2bqmwu4VxDt,17856788,"3TVXtAsR1Inumwj472S9r4, 0fGcIStdT1OpFFhOC7Wp36"
Daylight,Drake,"rap, hip hop",Hip Hop,For All The Dogs,2023-10-06,4ZT0wGKwlJRjpMUuwZVy3p,21308126,3TVXtAsR1Inumwj472S9r4
7969 Santa,Drake,"rap, hip hop",Hip Hop,For All The Dogs,2023-10-06,1GpWY5RiInhezB8wGWs6oN,16984145,3TVXtAsR1Inumwj472S9r4
Gently (feat. Bad Bunny),"Drake, Bad Bunny","rap, hip hop, reggaeton, trap latino, latin, urbano latino","Hip Hop, Latin",For All The Dogs,2023-10-06,6ZprqcYFC6D9eIZaCoqrSn,47985599,"3TVXtAsR1Inumwj472S9r4, 4q3ewBCX7sLwd24euuV69X"
You & Me (Coachella ver.),JENNIE,k-pop,Pop,JENNIE Special Single [You & Me],2023-10-06,0Vz146N2GxkVJw4kSGXrNi,6007126,250b0Wlc5Vk0CoUsaCY84M
Bahamas Promises,Drake,"rap, hip hop",Hip Hop,For All The Dogs,2023-10-06,3JZjcKImHcmOI9ylL4zrSc,14415358,3TVXtAsR1Inumwj472S9r4
Tried Our Best,Drake,"rap, hip hop",Hip Hop,For All The Dogs,2023-10-06,3IHt4j5uAEl7iBu8Utn985,14135281,3TVXtAsR1Inumwj472S9r4
8am in Charlotte,Drake,"rap, hip hop",Hip Hop,For All The Dogs,2023-10-06,0w3Mfe4PIVjuFjJbe3OlYv,17558641,3TVXtAsR1Inumwj472S9r4
Members Only (feat. PARTYNEXTDOOR),"Drake, PARTYNEXTDOOR","rap, hip hop, r&b","Hip Hop, R&B",For All The Dogs,2023-10-06,24FUBxaAYSBlWsbSnEzDcn,12358718,"3TVXtAsR1Inumwj472S9r4, 2HPaUgqeutzr3jx5a9WyDV"
Rich Baby Daddy (feat. Sexyy Red & SZA),"Drake, Sexyy Red, SZA","rap, hip hop, r&b","Hip Hop, R&B",For All The Dogs,2023-10-06,1yeB8MUNeLo9Ek1UEpsyz6,113580171,"3TVXtAsR1Inumwj472S9r4, 3DbwFQlvLxRSi2uX8mf81A, 7tYKF4w9nC0nq9CsPZTHyP"
Drew A Picasso,Drake,"rap, hip hop",Hip Hop,For All The Dogs,2023-10-06,03rwnftfgpYVO6QDWOZcG6,11584633,3TVXtAsR1Inumwj472S9r4
What Would Pluto Do,Drake,"rap, hip hop",Hip Hop,For All The Dogs,2023-10-06,1DAibqbopEYULPEtE8WHTE,14086710,3TVXtAsR1Inumwj472S9r4
All The Parties (feat. Chief Keef),"Drake, Chief Keef","rap, hip hop, drill",Hip Hop,For All The Dogs,2023-10-06,1PIgY9ybyFT9uWLM5POYGY,10348795,"3TVXtAsR1Inumwj472S9r4, 15iVAtD3s3FsQR4w1v6M0P"
Another Late Night (feat. Lil Yachty),"Drake, Lil Yachty","rap, hip hop, ",Hip Hop,For All The Dogs,2023-10-06,17IBDpAl3J39swaoPlfGpp,11359661,"3TVXtAsR1Inumwj472S9r4, 6icQOAFXDZKsumw3YXyusw"
Screw The World - Interlude,Drake,"rap, hip hop",Hip Hop,For All The Dogs,2023-10-06,0ArVfVP8B5svkfj8clHNzB,5843246,3TVXtAsR1Inumwj472S9r4
Away From Home,Drake,"rap, hip hop",Hip Hop,For All The Dogs,2023-10-06,4IcbUXrAzBtn6iUO1LP471,8586638,3TVXtAsR1Inumwj472S9r4
BBL Love - Interlude,Drake,"rap, hip hop",Hip Hop,For All The Dogs,2023-10-06,1mjAD7IYvI5UGiB7WnppMf,6707798,3TVXtAsR1Inumwj472S9r4
Polar Opposites,Drake,"rap, hip hop",Hip Hop,For All The Dogs,2023-10-06,3oZZfVvLJuDYc4Vn3A63Fw,6625786,3TVXtAsR1Inumwj472S9r4
Y LLORO,Junior H,"corridos tumbados, corrido, corridos bélicos, sad sierreño, sierreño, música mexicana, banda",Latin,$AD BOYZ 4 LIFE II,2023-10-05,6RcAHyC5sAUIbPTkhOQwd8,125344891,7Gi6gjaWy3DxyilpF1a8Is
$AD BOYZ II,Junior H,"corridos tumbados, corrido, corridos bélicos, sad sierreño, sierreño, música mexicana, banda",Latin,$AD BOYZ 4 LIFE II,2023-10-05,68cUJFq7aAbgeurngTmngL,4431688,7Gi6gjaWy3DxyilpF1a8Is
ROCKSTAR,Junior H,"corridos tumbados, corrido, corridos bélicos, sad sierreño, sierreño, música mexicana, banda",Latin,$AD BOYZ 4 LIFE II,2023-10-05,6YOfGIE6iFxC7G8OlGGvzW,1863290,7Gi6gjaWy3DxyilpF1a8Is
SERPIENTE,Junior H,"corridos tumbados, corrido, corridos bélicos, sad sierreño, sierreño, música mexicana, banda",Latin,$AD BOYZ 4 LIFE II,2023-10-05,431Dwa4XSR1z1aWgmCisnP,1528127,7Gi6gjaWy3DxyilpF1a8Is
LA CHERRY,Junior H,"corridos tumbados, corrido, corridos bélicos, sad sierreño, sierreño, música mexicana, banda",Latin,$AD BOYZ 4 LIFE II,2023-10-05,2a8yglXvNw07OWu4lO2ByG,1468407,7Gi6gjaWy3DxyilpF1a8Is
LAS NOCHES,Junior H,"corridos tumbados, corrido, corridos bélicos, sad sierreño, sierreño, música mexicana, banda",Latin,$AD BOYZ 4 LIFE II,2023-10-05,0uQhDYHyoZe5DpncrPolb6,1342142,7Gi6gjaWy3DxyilpF1a8Is
MIÉNTELE,Junior H,"corridos tumbados, corrido, corridos bélicos, sad sierreño, sierreño, música mexicana, banda",Latin,$AD BOYZ 4 LIFE II,2023-10-05,77ewVGidVJETHhGtlNelrg,1310763,7Gi6gjaWy3DxyilpF1a8Is
Reggaeton Champagne,"Bellakath, Dani Flow","reggaeton mexa, reggaeton, neoperreo, electro corridos","Latin, Electronic",Kittyponeo,2023-10-05,7yIIeKUxTpn36X6CFJhgEi,125376392,"4yjm4SvYqC5FFuLbB6TyHr, 1yX62RHdYysNcIrO33WQxJ"
You & Me,JENNIE,k-pop,Pop,JENNIE Special Single [You & Me],2023-10-06,6gcuJpHu0Ey30D5WR76y98,52533531,250b0Wlc5Vk0CoUsaCY84M
ERE,juan karlos,"opm, harana, pinoy indie, p-pop, kundiman","Traditional music, Easy listening, Pop",Sad Songs and Bullshit Part 1,2023-09-22,2BLdelIp46CHvKkyWeqZHL,31389153,0a4r2EnsevvHCukoJ1xFwJ
Penas de Antaño,"Bizarrap, Milo j","argentine trap, trap latino, urbano latino","Hip Hop, Latin",en dormir sin Madrid,2023-10-04,4zYHsmc2V9RyR8eOA0mlx6,2362308,"716NhGYqD1jl2wI1Qkgq36, 19HM5j0ULGSmEoRcrSe5x3"
Stick Season,Noah Kahan,,,Stick Season,2022-10-14,0mflMxspEfB0VbI1kyLiAv,176513224,2RQXRUsr4IW1f3mKyKsy4B
Lollipop,Darell,"reggaeton, trap latino, dembow, urbano latino",Latin,EVERYBODY GO TO THE DISCOTEK,2023-07-28,3cDyocF0Ibdfs1SFQk5cLZ,146415506,1TtXnWcUs0FCkaZDPGYHdf
Tu hai kahan,AUR,"hindi indie, indian indie, hindi hip hop","Hip Hop, Rock",Tu hai kahan,2023-10-16,3zSSCPpLZ5Oc8nelhhGjKz,82279919,2cjQTf2J5yCaNY8qHpW855
MONACO,Bad Bunny,"reggaeton, trap latino, latin, urbano latino",Latin,nadie sabe lo que va a pasar mañana,2023-10-13,4MjDJD8cW7iVeWInc2Bdyj,289285216,4q3ewBCX7sLwd24euuV69X
NADIE SABE,Bad Bunny,"reggaeton, trap latino, latin, urbano latino",Latin,nadie sabe lo que va a pasar mañana,2023-10-13,23d8v6tU6lR77pFKsApMtF,32815143,4q3ewBCX7sLwd24euuV69X
FINA,"Bad Bunny, Young Miko","reggaeton, trap latino, latin, urbano latino",Latin,nadie sabe lo que va a pasar mañana,2023-10-13,3nNmRE0DxHC6ZaKkrpUumS,101721780,"4q3ewBCX7sLwd24euuV69X, 3qsKSpcV3ncke3hw52JSMB"
HIBIKI,"Bad Bunny, Mora","reggaeton, trap latino, latin, urbano latino",Latin,nadie sabe lo que va a pasar mañana,2023-10-13,4qSEvFGCpde73gqIuq3sho,64033131,"4q3ewBCX7sLwd24euuV69X, 0Q8NcsJwoCbZOHHW63su5S"
MR. OCTOBER,Bad Bunny,"reggaeton, trap latino, latin, urbano latino",Latin,nadie sabe lo que va a pasar mañana,2023-10-13,1ODFVLQszq0hCOdZtqV5wq,30872249,4q3ewBCX7sLwd24euuV69X
PERRO NEGRO,"Bad Bunny, Feid","reggaeton, trap latino, latin, urbano latino",Latin,nadie sabe lo que va a pasar mañana,2023-10-13,7iQXYTyuG13aoeHxGG28Nh,311586986,"4q3ewBCX7sLwd24euuV69X, 2LRoIwlKmHjgvigdNGBHNo"
SEDA,"Bad Bunny, Bryant Myers","reggaeton, trap latino, latin, urbano latino, trap, dembow","Latin, Hip Hop",nadie sabe lo que va a pasar mañana,2023-10-13,1YnChEM51BVZ5dRhbVFEMl,46965805,"4q3ewBCX7sLwd24euuV69X, 6w9ToX5slZ4uIdmD17hJ3c"
CYBERTRUCK,Bad Bunny,"reggaeton, trap latino, latin, urbano latino",Latin,nadie sabe lo que va a pasar mañana,2023-10-13,4Jc7252S1P99DjQ1lNGEOc,28743249,4q3ewBCX7sLwd24euuV69X
TELEFONO NUEVO,"Bad Bunny, Luar La L","reggaeton, trap latino, latin, urbano latino",Latin,nadie sabe lo que va a pasar mañana,2023-10-13,01ppKlDRCmPpusO3yNrSRY,31249185,"4q3ewBCX7sLwd24euuV69X, 4axKuDPr6WKcDCyh8vueTY"
GRACIAS POR NADA,Bad Bunny,"reggaeton, trap latino, latin, urbano latino",Latin,nadie sabe lo que va a pasar mañana,2023-10-13,1U3A66OHQyTu4N2QTMsP86,22371784,4q3ewBCX7sLwd24euuV69X
BABY NUEVA,Bad Bunny,"reggaeton, trap latino, latin, urbano latino",Latin,nadie sabe lo que va a pasar mañana,2023-10-13,3NhstUmrlhaN1M6hP8zMbb,40452427,4q3ewBCX7sLwd24euuV69X
VOU 787,Bad Bunny,"reggaeton, trap latino, latin, urbano latino",Latin,nadie sabe lo que va a pasar mañana,2023-10-13,0rDQZJtSGgsB2rdkObpdFa,16811328,4q3ewBCX7sLwd24euuV69X
MERCEDES CAROTA,"Bad Bunny, YOVNGCHIMI","reggaeton, trap latino, latin, urbano latino, trap","Latin, Hip Hop",nadie sabe lo que va a pasar mañana,2023-10-13,3TYOH7ta0101NYssoH5GlU,23180877,"4q3ewBCX7sLwd24euuV69X, 4aSlfXDn9R60UlbZEboBUy"
LOS PITS,Bad Bunny,"reggaeton, trap latino, latin, urbano latino",Latin,nadie sabe lo que va a pasar mañana,2023-10-13,7ucEkWU0SVy0XFdfXESgfY,18555124,4q3ewBCX7sLwd24euuV69X
ACHO PR,"Bad Bunny, Arcángel, De La Ghetto, Ñengo Flow","reggaeton, trap latino, latin, urbano latino",Latin,nadie sabe lo que va a pasar mañana,2023-10-13,1C7lXfx4Y5maVl4AgUVlHA,15428944,"4q3ewBCX7sLwd24euuV69X, 4SsVbpTthjScTS7U2hmr1X, 3EiLUeyEcA6fbRPSHkG5kb, 12vb80Km0Ew53ABfJOepVz"
VUELVE CANDY B,Bad Bunny,"reggaeton, trap latino, latin, urbano latino",Latin,nadie sabe lo que va a pasar mañana,2023-10-13,3mRF0YNsDdFKFnxwg16hSz,13084061,4q3ewBCX7sLwd24euuV69X
NO ME QUIERO CASAR,Bad Bunny,"reggaeton, trap latino, latin, urbano latino",Latin,nadie sabe lo que va a pasar mañana,2023-10-13,39L3LdlHS3gqB62HPWaJRg,19051248,4q3ewBCX7sLwd24euuV69X
THUNDER Y LIGHTNING,"Bad Bunny, Eladio Carrion","reggaeton, trap latino, latin, urbano latino, trap","Latin, Hip Hop",nadie sabe lo que va a pasar mañana,2023-10-13,4pcafPzLDSqQktqSpxHL3E,23164520,"4q3ewBCX7sLwd24euuV69X, 5XJDexmWFLWOkjOEjOVX3e"
BATICANO,Bad Bunny,"reggaeton, trap latino, latin, urbano latino",Latin,nadie sabe lo que va a pasar mañana,2023-10-13,5qzLdvRViHUrRNdkpakG7C,14022147,4q3ewBCX7sLwd24euuV69X
SAY MY GRACE (feat. Travis Scott),"Offset, Travis Scott",rap,Hip Hop,SET IT OFF,2023-10-13,2Gk6fi0dqt91NKvlzGsmm7,11913566,"4DdkRBBYG6Yk9Ka8tdJ9BW, 0Y5tJX1MQlPlqiwlOH1tJY"
Chasing That Feeling,TOMORROW X TOGETHER,k-pop,Pop,The Name Chapter: FREEFALL,2023-10-13,0ZPjVmof45INEERgYfadtv,5771064,0ghlgldX5Dd6720Q3qFyQB
One Of Your Girls,Troye Sivan,,,Something To Give Each Other,2023-10-13,5Eh1nj7IjV9lwpcKAkidyY,75430945,3WGpXCj9YhhfX11TToZcXP
WORTH IT (feat. Don Toliver),"Offset, Don Toliver",,,SET IT OFF,2023-10-13,7kp6XhIxrvNb8BgTwLjaEx,1600942,"4DdkRBBYG6Yk9Ka8tdJ9BW, 4Gso3d4CscCijv0lmajZWs"
DArkSide,Bring Me The Horizon,"metalcore, emo, screamo, rock, post-hardcore, metal","Rock, Metal",DArkSide,2023-10-18,19vHgVS1aukRiQWhTqfKnE,1190197,1Ffb6ejR6Fe5IamqA5oRUF
Oa,LightSound,,,Oa,2023-10-12,2M35TbIZboMTudmjuWJiaA,1183933,5I6QhIabOiR6FtNY3VtSKh
OA,"Anuel AA, Quevedo, Maluma, Mambo Kingz, DJ Luian","reggaeton, trap latino, urbano latino, latin",Latin,OA,2023-10-13,6gMj2DzKR2PjrrbNSwcGFR,11568817,"2R21vXR83lH98kGeO99Y66, 52iwsT98xCoGgiGntTiR7K, 1r4hJ1h58CWwUQe3MxPuau, 2T1aUibqR2QC2sINIDQOAK, 64aJYyrXljOodnUG6jvhRD"
penjaga hati,Nadhif Basalamah,"malay, indonesian pop",Pop,penjaga hati,2023-06-21,7F4tV8SiUy6itZTdAzdafO,87531444,6UgERnTHmjk3qXM9x5vzyO
LOVELY BASTARDS,"ZWE1HVNDXR, yatashigang","phonk, drift phonk","Electronic, Hip Hop",LOVELY BASTARDS,2023-08-25,0EqczV3o6fwksegAavIHpX,1035750,"33rnQWadiG2aauIwIxPxfB, 2GBDI5PSiEnVoH0YnFFRLx"
All Too Well (10 Minute Version) (Taylor's Version) (From The Vault),Taylor Swift,,,Red (Taylor's Version),2021-11-12,5enxwA8aAbwZbf5qCHORXi,2121297,06HL4z0CvFAxyc27GXpf02
Cruel Summer - Live from TS | The Eras Tour,Taylor Swift,,,The Cruelest Summer,2023-10-19,6ClYMObS7f3Nn4AiZHYQt3,3638890,06HL4z0CvFAxyc27GXpf02
TOO MUCH,"The Kid LAROI, Jung Kook, Central Cee","k-pop, uk drill, drill, grime","Hip Hop, Electronic, Pop",THE FIRST TIME,2023-11-10,100fbGocyqbBPQkTDchi2g,60155359,"2tIP7SsRs7vjIcLrU85W8J, 6HaGTQPmzraVmaVxvz6EUc, 5H4yInM5zmHqpKIoMNAx4r"
LOU LOU,"Gabito Ballesteros, Natanael Cano","corrido, corridos tumbados, corridos bélicos, música mexicana, sad sierreño, electro corridos, banda, sierreño",Latin,LOU LOU,2023-10-19,3FvTHuefYV6TxE3Kseqno8,117231901,"6Sbl0NT50roqWvy746MfVf, 0elWFr7TW8piilVRYJUe4P"
ANTHEM PART 3,blink-182,"pop punk, punk, emo pop, rock, skate punk, emo","Rock, Pop, Metal",ONE MORE TIME...,2023-10-20,2kjH4Q6WxvlpGnlgwmv4eG,1289922,6FBDaR13swtiWwGhX1WQsP
Mil Veces,Anitta,"brazilian pop, funk pop, funk carioca, funk, pagode baiano","Pop, R&B, Hip Hop, Latin",Mil Veces,2023-10-20,307kaV2BoOC4pRRzwJUJxf,1242592,7FNnA9vBm6EKceENgCGRMb
A Night To Remember,"beabadoobee, Laufey","bedroom pop, ",Pop,A Night To Remember,2023-10-20,180AbZduI6bYQIzwCHRwu9,1175764,"35l9BRT7MXmM8bv2WDQiyB, 7gW0r5CkdEUMm42w9XpyZO"
Badass,Anirudh Ravichander,"tamil pop, kollywood, tamil dance, tollywood, tamil hip hop, telugu pop","Hip Hop, Pop",Leo (Original Motion Picture Soundtrack),2023-10-19,23y8MwhdvbSalGitHeokpk,2131683,4zCH9qm4R2DADamUHMCa6O
Mood Malandro,"Código FN, Gabito Ballesteros","corrido, corridos bélicos, electro corridos, corridos tumbados, norteño, banda, sad sierreño, sierreño, música mexicana",Latin,Mood Malandro,2023-08-24,0zhymr6RqNuvp0RMIvdpdA,1125006,"4A4qYy2jK9DDN1OHV0nLkH, 6Sbl0NT50roqWvy746MfVf"
Treat You Better,Shawn Mendes,pop,Pop,Illuminate,2017-04-20,3QGsuHI8jO1Rx4JWLUh9jd,7696305,7n2wHs1TKAczGzO7Dd2rGr
PARANOIA,"HEARTSTEEL, League of Legends, BAEKHYUN, tobi lou, ØZI, Cal Scruby","k-pop, k-ballad, chinese r&b, chinese hip hop, mandopop, taiwanese pop, c-pop, taiwanese indie, chinese indie, ","Pop, Hip Hop, R&B",PARANOIA,2023-10-23,29WxJqIfDRMo9isV07kbJP,8236989,"4lY2DXvRv9RPeFcUtn6PUh, 47mIJdHORyRerp4os813jD, 4ufh0WuMZh6y4Dmdnklvdl, 4T8NIfZmVY6TJFqVzN6X49, 7Icsejk4pdIhkq2KO5A0jD, 2wcrc3fjebDRLVdtRUa3pu"
God of Music,SEVENTEEN,k-pop,Pop,SEVENTEEN 11th Mini Album 'SEVENTEENTH HEAVEN',2023-10-23,4MTNimMDRyFZv37Thcktwa,1193134,7nqOGRxlXj7N2JYbgNEjYH
Ordinary Person (From  Leo ),"Anirudh Ravichander, Nikhita Gandhi","tamil pop, kollywood, tamil dance, tollywood, tamil hip hop, telugu pop, bollywood, hindi pop, desi","Hip Hop, Pop",Ordinary Person (From  Leo ),2023-10-24,6FahmzZYKH0zb2f9hrVsvw,2375976,"4zCH9qm4R2DADamUHMCa6O, 3tPQOjkxO3mrYrrgkTeXgH"
Mal Hombre,Kim Loaiza,,,Mal Hombre,2023-10-25,1W2VQFXOAUAncfkWv8Mwq2,1522305,1QivQCLVipV61DiQiyV14A
HARLEY QUINN,"Fuerza Regida, Marshmello","corrido, corridos tumbados, corridos bélicos, música mexicana, banda, sierreño, electro corridos, sad sierreño, edm","Latin, Electronic",Pa las Baby's Y Belikeada,2023-10-20,6CvTEtGagmzQvkUzzyKR9k,196186633,"0ys2OFYzWYB5hRDLCsBqxt, 64KEffDW9EtZ1y2vBYgq8T"
Baile do Bruxo,"Tropa do Bruxo, DJ Ws da Igrejinha, SMU, Triz, Mc Menor Thalis","funk, funk de bh, brazilian trap, brazilian funk, funk carioca","Hip Hop, R&B, R&b",Baile do Bruxo,2023-09-29,00ZKeP47bZtswtANkvxz2j,30530725,"4s3lxX76LwxzMdQEAFYdzv, 0NB5wv4kn6A919CLHUKRmk, 2qATSoNFfzMaTEZFfJpG4c, 4ACGdFl6mPI3lntaYef1gc, 3qjoOrsHcxhgKyBsh4ZOEn"
Style (Taylor's Version),Taylor Swift,,,1989 (Taylor's Version),2023-10-26,1hjRhYpWyqDpPahmSlUTlc,72112117,06HL4z0CvFAxyc27GXpf02
 Slut!  (Taylor's Version) (From The Vault),Taylor Swift,,,1989 (Taylor's Version),2023-10-26,71BqAINEnezjQfxE4VuJfq,117841147,06HL4z0CvFAxyc27GXpf02
Blank Space (Taylor's Version),Taylor Swift,,,1989 (Taylor's Version),2023-10-26,45wMBGri1PORPjM9PwFfrS,56332059,06HL4z0CvFAxyc27GXpf02
Say Don't Go (Taylor's Version) (From The Vault),Taylor Swift,,,1989 (Taylor's Version),2023-10-26,4NioO5R9sHEZh4cGzMHyNt,76516666,06HL4z0CvFAxyc27GXpf02
Is It Over Now? (Taylor's Version) (From The Vault),Taylor Swift,,,1989 (Taylor's Version),2023-10-26,1Iq8oo9XkmmvCQiGOfORiz,206301443,06HL4z0CvFAxyc27GXpf02
Welcome To New York (Taylor's Version),Taylor Swift,,,1989 (Taylor's Version),2023-10-26,1hR8BSuEqPCCZfv93zzzz9,35419787,06HL4z0CvFAxyc27GXpf02
Now That We Don't Talk (Taylor's Version) (From The Vault),Taylor Swift,,,1989 (Taylor's Version),2023-10-26,5KD6AEm19QnMbfWpfoOHMl,142099277,06HL4z0CvFAxyc27GXpf02
Out Of The Woods (Taylor's Version),Taylor Swift,,,1989 (Taylor's Version),2023-10-26,045ZeOHPIzhxxsm8bq5kyE,41983311,06HL4z0CvFAxyc27GXpf02
Suburban Legends (Taylor's Version) (From The Vault),Taylor Swift,,,1989 (Taylor's Version),2023-10-26,6T0sEnqjmHISIKwFETeeiP,42670154,06HL4z0CvFAxyc27GXpf02
All You Had To Do Was Stay (Taylor's Version),Taylor Swift,,,1989 (Taylor's Version),2023-10-26,6GXgd1BPD9bUpqw5AntGV5,28729818,06HL4z0CvFAxyc27GXpf02
Shake It Off (Taylor's Version),Taylor Swift,,,1989 (Taylor's Version),2023-10-26,3pv7Q5v2dpdefwdWIvE7yH,27562200,06HL4z0CvFAxyc27GXpf02
Wildest Dreams (Taylor's Version),Taylor Swift,,,1989 (Taylor's Version),2023-10-26,1K39ty6o1sHwwlZwO6a7wK,61066444,06HL4z0CvFAxyc27GXpf02
Bad Blood (Taylor's Version),Taylor Swift,,,1989 (Taylor's Version),2023-10-26,64FzgoLZ3oXu2SriZblHic,21742220,06HL4z0CvFAxyc27GXpf02
I Wish You Would (Taylor's Version),Taylor Swift,,,1989 (Taylor's Version),2023-10-26,43y1WpBdnEy5TR9aZoSQL9,22273519,06HL4z0CvFAxyc27GXpf02
New Romantics (Taylor's Version),Taylor Swift,,,1989 (Taylor's Version),2023-10-26,2vPMoMDXxu9uX1igWZmXSG,30088436,06HL4z0CvFAxyc27GXpf02
Clean (Taylor's Version),Taylor Swift,,,1989 (Taylor's Version),2023-10-26,2ByBBvpR9b7IynvRmnG7kG,25959451,06HL4z0CvFAxyc27GXpf02
How You Get The Girl (Taylor's Version),Taylor Swift,,,1989 (Taylor's Version),2023-10-26,75W3SngKzTuoQ94uLf3y82,20502655,06HL4z0CvFAxyc27GXpf02
I Know Places (Taylor's Version),Taylor Swift,,,1989 (Taylor's Version),2023-10-26,2f0GI2ZLUtbGqFx8t2Gk6A,20321369,06HL4z0CvFAxyc27GXpf02
Wonderland (Taylor's Version),Taylor Swift,,,1989 (Taylor's Version),2023-10-26,2ve0kuaWUCt4Zx8x4bf1MR,19653931,06HL4z0CvFAxyc27GXpf02
This Love (Taylor’s Version),Taylor Swift,,,1989 (Taylor's Version),2023-10-26,5QVVjX0ZItqlVpEuVCM9Yg,19626756,06HL4z0CvFAxyc27GXpf02
You Are In Love (Taylor's Version),Taylor Swift,,,1989 (Taylor's Version),2023-10-26,4UwqOWDpdeIDVQDuKT6iza,18710210,06HL4z0CvFAxyc27GXpf02
Bad Blood (feat. Kendrick Lamar) (Taylor's Version),"Taylor Swift, Kendrick Lamar","hip hop, west coast hip hop",Hip Hop,1989 (Taylor's Version) [Deluxe],2023-10-27,6qAcApH8obo8eqatCKUHd9,11969440,"06HL4z0CvFAxyc27GXpf02, 2YZyLoL8N0Wb9xBt1NhZWg"
Liebe Grüsse,"RAF Camora, Ski Aggu",german hip hop,Hip Hop,Liebe Grüsse,2023-10-27,5qQLBOEAelSN7JWqX3RIIv,1247782,"0Dvx6p8JDyzeOPGmaCIH1L, 6CP5wWvO8oIxedESJNCN4H"
Thriller,Michael Jackson,,,Thriller,1982-11-30,2LlQb7Uoj1kKyGhlkBf9aC,7567924,3fMbdgg4jU18AjLCKBhRSm
This Is Halloween,Disney Characters,,,Nightmare Before Christmas,2008-10-27,4a9RlnJ0v1T7HgLtps1HvI,6525431,6utdPEv71mR0DnGp74cJIz
Monster Mash,"Bobby (Boris) Pickett, The Crypt-Kickers",,,The Original Monster Mash,1962-00-00,0xxZY5C9xxij3D1HkzbnfC,6295890,"42MRYPhQfcEXqb18dl5ERX, 4frDtYgwXXKkbyQzjOmJG5"
Perfect Night,LE SSERAFIM,k-pop,Pop,Perfect Night,2023-10-27,74X2u8JMVooG2QbjRxXwR8,88533601,4SpbR6yFEvexJuaBpgAU5p
One Love,Shubh,"punjabi hip hop, punjabi pop, desi hip hop, desi, hindi hip hop, bhangra","Traditional music, Hip Hop, Pop",One Love,2023-08-18,5ZLkihi6DVsHwDL3B8ym1t,3234317,5r3wPya2PpeTTsXsGhQU8O
Tu Ha Kahan,"DHH Music, AUR",,,Tu Ha Kahan,2023-10-30,30gZdbnMXujDVRfl6jYrhC,1636767,"0hzQQfSPwlpMbuX8NtDXJb, 6nzBJKAH98XFo8QPmu3TKN"
Ghostbusters,Ray Parker Jr.,,,Greatest Hits,1990-01-01,6thXB4RmajS4oZPNiBAKy0,3992007,0NyzfcGDZZ6GM25EBG9BYK
Somebody's Watching Me - Single Version,Rockwell,,,Somebody’s Watching Me (Sped Up),2023-09-22,2QN9zL3SzXdGqqmXO68gFp,2662982,3xs0LEzcPXtgNfMNcHzLIP
"Spooky, Scary Skeletons - Undead Tombstone Remix",Andrew Gold,,,Halloween Howls: Fun & Scary Music (Deluxe Edition),2019-10-18,1sUdq3kWa9dJXHu3eYOUll,1856110,5fmvGUlMVgmnCn45f1he7d
Five Nights at Freddy's,The Living Tombstone,,,Five Nights at Freddy's,2014-09-19,2ItNKt19iqefEe590Z9GeE,1642527,0I6yADrmeyvw66g7yjkqIF
Sweet but Psycho,Ava Max,,,Heaven & Hell,2020-09-18,7DnAm9FOTWE3cUvso43HhI,1426055,4npEfmQ6YuiwW1GpUmaq3F
Bring Me To Life,Evanescence,alternative metal,Metal,Fallen,2003-03-04,0COqiPhxzoWICwFCS4eZcp,1375063,5nGIFgo0shDenQYSE0Sn7c
Zombie,The Cranberries,,,No Need To Argue (The Complete Sessions 1994-1995),1994-10-03,7EZC6E7UjZe63f1jRmkWxt,1332000,7t0rwkOPGlDPEhaOcVtOt9
Thriller - 2003 Edit,Michael Jackson,,,Number Ones,1979-00-00,0wQy2OO7jKjm0OOmA7gv3f,1240089,3fMbdgg4jU18AjLCKBhRSm
Sweet Dreams (Are Made of This) - 2005 Remaster,"Eurythmics, Annie Lennox, Dave Stewart","new wave, synthpop, ","Rock, Pop",Sweet Dreams (Are Made Of This),1983-01-04,1TfqLAPs4K3s2rJMoCokcS,2545491,"0NKDgy9j66h3DLnN8qu1bB, 5MspMQqdVbdwP6ax3GXqum, 7gcCQIlkkfbul5Mt0jBQkg"
Toxic,Britney Spears,pop,Pop,In The Zone,2003-11-13,6I9VzXrHxO9rA9A5euc8Ak,2575745,26dSoYclwsYLMAKD3tpOr4
All I Want for Christmas Is You,Mariah Carey,christmas,Jazz,Merry Christmas,1994-10-28,0bYg9bo50gSsH3LtXe2SQn,314951635,4iHNK0tOyZPYnBU7nGAgpQ
Last Christmas - Single Version,Wham!,christmas,Jazz,The Singles: Echoes from the Edge of Heaven,2023-07-07,06qMRF18gwbOYYbnP2du6i,287936913,5lpH0xAS4fVfLkACg9DAuM
Now And Then,The Beatles,"classic rock, psychedelic rock",Rock,The Beatles 1967 – 1970 (2023 Edition),2023-11-10,7eT64Q8X2RsgMm4lqtWK4n,18123873,3WrFJ7ztbogyGnTHbHJFl2
Daqui pra Sempre,"Manu, Simone Mendes","tecnobrega, sertanejo, forró, piseiro, brega, arrocha, seresta, sertanejo universitário, agronejo","Country, Latin",Daqui pra Sempre,2023-09-22,35D06z7kmwMmYYbyJ0BkSm,18038413,"0CdnnCbbKD4oIzBmxi2o7r, 2eK9gcJQ6uqVvJL63dnOM3"
Seven (feat. Latto) (Explicit Ver.),"Jung Kook, Latto","k-pop, ",Pop,GOLDEN,2023-11-03,2HRgqmZQC0MC7GeNuDIXHN,224744559,"6HaGTQPmzraVmaVxvz6EUc, 3MdXrJWsbVzdn6fe5JYkSQ"
Standing Next to You,Jung Kook,k-pop,Pop,GOLDEN,2023-11-03,2KslE17cAJNHTsI2MI0jb2,213652694,6HaGTQPmzraVmaVxvz6EUc
Hate You,Jung Kook,k-pop,Pop,GOLDEN,2023-11-03,5ONOlTiqymhzwcFjqcIT6E,20255908,6HaGTQPmzraVmaVxvz6EUc
Yes or No,Jung Kook,k-pop,Pop,GOLDEN,2023-11-03,2gkVEnpahpE3bQuvGuCpAV,39248518,6HaGTQPmzraVmaVxvz6EUc
Please Don't Change (feat. DJ Snake),"Jung Kook, DJ Snake","k-pop, ",Pop,GOLDEN,2023-11-03,0k0GtcnyQLMiXrdEDbLXmJ,18369721,"6HaGTQPmzraVmaVxvz6EUc, 540vIaP2JwjQb9dm3aArA4"
Closer to You (feat. Major Lazer),"Jung Kook, Major Lazer","k-pop, moombahton","Pop, Electronic",GOLDEN,2023-11-03,06Qo2fYR2KS1F7bL338iVT,14042856,"6HaGTQPmzraVmaVxvz6EUc, 738wLrAtLtCtFOLvQBXOXp"
Somebody,Jung Kook,k-pop,Pop,GOLDEN,2023-11-03,5KfJvZ0PZzRdwFRaTUDAA7,13895277,6HaGTQPmzraVmaVxvz6EUc
Shot Glass of Tears,Jung Kook,k-pop,Pop,GOLDEN,2023-11-03,7AbqgE05nFl9qY4FRUiq2p,12445444,6HaGTQPmzraVmaVxvz6EUc
Too Sad to Dance,Jung Kook,k-pop,Pop,GOLDEN,2023-11-03,3bNNvJA7hsGw0wSpGkfOBm,12083479,6HaGTQPmzraVmaVxvz6EUc
Can’t Catch Me Now - from The Hunger Games: The Ballad of Songbirds & Snakes,Olivia Rodrigo,,,The Hunger Games: The Ballad of Songbirds & Snakes (Music From & Inspired By),2023-11-17,17cia5k4BpGVlyEfqrFH50,99192587,1McMsnEElThX1knmY4oliG
La_Original.mp3,"Emilia, TINI","argentine trap, latin pop","Hip Hop, Pop",.mp3,2023-11-03,6Es8Sk3xe1HiJ2MXCfHHwR,24480561,"0AqlFI0tz2DsEoJlKSIiT9, 7vXDAI8JwjW531ouMGbfcp"
White Christmas - 1947 Version,"Bing Crosby, Ken Darby Singers, John Scott Trotter & His Orchestra","christmas, ",Jazz,White Christmas,1945-01-01,3XsaSIPWvM61RIFfeb0BBR,74826085,"6ZjFtWeHP9XN7FeKSUe80S, 69UfPJgUmFFAVT740qGVZi, 735L650pvygCZZlPMyHqsN"
Attention,Charlie Puth,"soft pop, pop",Pop,Voicenotes,2018-05-11,5cF0dROlMOK5uNZtivgu50,29722028,6VuMaDnrHyPL1p4EHjYLi7
DILUVIO,Rauw Alejandro,"reggaeton, urbano latino, trap latino, latin",Latin,PLAYA SATURNO,2023-07-07,2kz1YOhJiNubjigR1gB1VX,84912966,1mcTU81TzQhprhouKaTkpq
Houdini,Dua Lipa,pop,Pop,Radical Optimism,2024-05-03,6D8y7Bck8h11byRY88Pt2z,131399898,6M2wZ9GZgrQXHCFfjv46we
Lovin On Me,Jack Harlow,,,Lovin On Me,2023-11-10,4xhsWYTOGcal8zt0J161CU,206770313,2LIk90788K0zvyj2JJVwkJ
LALALALA,Stray Kids,k-pop,Pop,ROCK-STAR,2023-11-10,79f5CcWzdkkDVD4XAIQgKr,22012073,2dIgFjalVxs4ThymZ67YCE
Northern Attitude (with Hozier),"Noah Kahan, Hozier",,,Northern Attitude (with Hozier),2023-11-10,4oEf84vBYVftf6KmZexhVo,8304975,"2RQXRUsr4IW1f3mKyKsy4B, 2FXC3k01G6Gw61bmprjgqS"
MEGAVERSE,Stray Kids,k-pop,Pop,ROCK-STAR,2023-11-10,3USu1p2lKTzoKFIRDeeJf8,4325327,2dIgFjalVxs4ThymZ67YCE
Drama,aespa,k-pop,Pop,Drama - The 4th Mini Album,2023-11-10,5XWlyfo0kZ8LF7VSyfS4Ew,23232528,6YVMFz59CuY7ngCxTxjpxE
BLIND SPOT,Stray Kids,k-pop,Pop,ROCK-STAR,2023-11-10,6uVpG6300TODQGjOAtXJjh,1455683,2dIgFjalVxs4ThymZ67YCE
COMFLEX,Stray Kids,k-pop,Pop,ROCK-STAR,2023-11-10,2Rz7TEBsIXbI1tKsfQOCjI,1392450,2dIgFjalVxs4ThymZ67YCE
Cover Me,Stray Kids,k-pop,Pop,ROCK-STAR,2023-11-10,5dUjBnP5zrWpWA5RGrr73g,1311824,2dIgFjalVxs4ThymZ67YCE
Leave,Stray Kids,k-pop,Pop,ROCK-STAR,2023-11-10,2zPqhdPGNCwzXnvSvj7WgD,1205148,2dIgFjalVxs4ThymZ67YCE
Lose Control,Teddy Swims,,,I've Tried Everything But Therapy (Part 1),2023-09-15,17phhZDn6oGtzMe56NuWvj,66329945,33qOK5uJ8AR2xuQQAhHump
Jingle Bell Rock,Bobby Helms,christmas,Jazz,Jingle Bell Rock/Captain Santa Claus (And His Reindeer Space Patrol),1957-12-02,7vQbuQcyTflfCIOu3Uzzya,193097314,38EmEgXkgK51MT2tPY0EoC
Dois Fugitivos - Ao Vivo,Simone Mendes,"sertanejo, sertanejo universitário, forró, piseiro, agronejo, arrocha","Country, Latin",Cintilante (Ao Vivo / Vol.2),2023-10-20,4YKujFSyakVjLdH1sDllVc,3630154,2eK9gcJQ6uqVvJL63dnOM3
Santa Tell Me,Ariana Grande,pop,Pop,Santa Tell Me,2014-11-24,0lizgQ7Qw35od7CYaoMBZb,169588019,66CXWjxzNUsdJxJ2JdwvnR
Rockin' Around The Christmas Tree,Brenda Lee,christmas,Jazz,Merry Christmas From Brenda Lee,1964-10-19,2EjXfH91m7f8HiJN1yQg97,234475618,4cPHsZM98sKzmV26wlwD2W
It's Beginning to Look a Lot like Christmas,Michael Bublé,christmas,Jazz,Christmas (Deluxe Special Edition),2011-10-24,1rv46mRwDqMEhOBZ7vODg3,161502086,1GxkXlMwML1oSg5eLPiAz3
Snowman,Sia,,,Everyday Is Christmas (Deluxe Edition),2018-11-01,7uoFMmxln0GPXQ0AcCBXRq,151733459,5WUlDfRSoLAfcVSX1WnrxN
LA PEOPLE,"Peso Pluma, Tito Double P","corrido, corridos tumbados, corridos bélicos, música mexicana, sad sierreño, electro corridos, banda",Latin,GÉNESIS,2023-06-29,1RzjXhgnzqb3dMa5852itx,64402793,"12GqGscKJx3aE4t07u7eVZ, 5eumcnUkdmGvkvcsx1WFNG"
Surround Sound (feat. 21 Savage & Baby Tate),"JID, 21 Savage, Baby Tate",,,The Forever Story (Extended Version),2022-10-31,1udwFobQ1JoOdWPQrp2b6u,92575319,"6U3ybJ9UHNKEdsH7ktGBZ7, 1URnnhqYAYcrqrcwql10ft, 3IJ21966TwNZI24MwZHMu4"
You Broke My Heart,Drake,"rap, hip hop",Hip Hop,For All The Dogs Scary Hours Edition,2023-11-17,5Se32hEA9raeboZerywxka,13344791,3TVXtAsR1Inumwj472S9r4
exes,Tate McRae,,,THINK LATER,2023-12-08,4E63weMCaNZuGPEFMnuEi8,83882930,45dkTj5sMRSjrmBSBeiHym
Evil Ways (feat. J. Cole),"Drake, J. Cole","rap, hip hop",Hip Hop,For All The Dogs Scary Hours Edition,2023-11-17,2ut4BOQSqxLpcX5MtPjzYa,3859127,"3TVXtAsR1Inumwj472S9r4, 6l3HvQ5sa6mXTsMTB19rO5"
Red Button,Drake,"rap, hip hop",Hip Hop,For All The Dogs Scary Hours Edition,2023-11-17,5Mc8XDfGQCMkOEZm9rS1cE,2262747,3TVXtAsR1Inumwj472S9r4
G63,"Sfera Ebbasta, Lazza, Shiva","italian trap, trap",Hip Hop,X2VR,2023-11-17,0lqGKcPzUX4RO4PYysoLes,2052398,"23TFHmajVfBtlRx5MXqgoz, 0jdNdfi4vAuVi7a6cPDFBM, 2K5nCggbhSZ00YCYP5qkZS"
Stories About My Brother,Drake,"rap, hip hop",Hip Hop,For All The Dogs Scary Hours Edition,2023-11-17,0ZB5pdrM1leH58IgokDPZM,1943762,3TVXtAsR1Inumwj472S9r4
VDLC,Sfera Ebbasta,"italian trap, trap",Hip Hop,X2VR,2023-11-17,242NmD3BqOefyiOZQy2MT2,1924835,23TFHmajVfBtlRx5MXqgoz
Sweet Venom,ENHYPEN,k-pop,Pop,ORANGE BLOOD,2023-11-17,2YmfV4lAjrAQvuggKCUX6m,7058239,5t5FqBwTcgKTaWmfEbwQY9
The Shoe Fits,Drake,"rap, hip hop",Hip Hop,For All The Dogs Scary Hours Edition,2023-11-17,2Mph2Rvl5kVg0MYtfV60wZ,1864698,3TVXtAsR1Inumwj472S9r4
Ciao Bella,"Sfera Ebbasta, ANNA","italian trap, trap",Hip Hop,X2VR,2023-11-17,5JuidT91MdTPOEDHL4u3fp,1768081,"23TFHmajVfBtlRx5MXqgoz, 7K80yOTC0Id95gRaOxDG5u"
Fragile,Sfera Ebbasta,"italian trap, trap",Hip Hop,X2VR,2023-11-17,3WsO4fOOc2Yr6oTP7CYa4j,1669574,23TFHmajVfBtlRx5MXqgoz
Calcolatrici,"Sfera Ebbasta, Geolier, Simba La Rue, Baby Gang","italian trap, trap, canzone napoletana, neomelodico, drill","Traditional music, Hip Hop, Folk/Acoustic",X2VR,2023-11-17,6bN41HjY008ggroMFxNLaa,1646026,"23TFHmajVfBtlRx5MXqgoz, 27LlKWxS3KXW7RRAxN5S8s, 2PEMswqQspTSsAltdeF5kO, 3LvwPiJQJ0da0GurKMToV0"
15 Piani,"Sfera Ebbasta, Marracash","italian trap, trap",Hip Hop,X2VR,2023-11-17,05wb6MEyJeG2z1MVCIXxC8,2742674,"23TFHmajVfBtlRx5MXqgoz, 5AZuEF0feCXMkUCwQiQlW7"
Anche Stasera,"Sfera Ebbasta, Elodie","italian trap, trap, ",Hip Hop,X2VR,2023-11-17,5WssaPhjCCUFBMk9PpnHYj,1589821,"23TFHmajVfBtlRx5MXqgoz, 7GgpsUpkj3olseoaTY7TEY"
Wick Man,Drake,"rap, hip hop",Hip Hop,For All The Dogs Scary Hours Edition,2023-11-17,4ASBfwBwwo7DTT2zq9YSLP,1582114,3TVXtAsR1Inumwj472S9r4
Momenti No,"Sfera Ebbasta, Tedua","italian trap, trap",Hip Hop,X2VR,2023-11-17,4IxM8LopMS2014C2LTJEYu,1498039,"23TFHmajVfBtlRx5MXqgoz, 1AgAVqo74e2q4FVvg0xpT7"
3uphon,"Sfera Ebbasta, thasup, Tony Effe","italian trap, trap",Hip Hop,X2VR,2023-11-17,2mmbawJFVgPuQhdQpsHsRl,1466149,"23TFHmajVfBtlRx5MXqgoz, 19i93sA0D7yS9dYoVNBqAA, 6CKch2otN4SPznHf9ms5JF"
Complicato,"Sfera Ebbasta, Paky","italian trap, trap",Hip Hop,X2VR,2023-11-17,6d7BZ0WMfu6OlgA3hIh58P,1351574,"23TFHmajVfBtlRx5MXqgoz, 1KQJOTeIMbixtnSWY4sYs2"
Milano Bene,Sfera Ebbasta,"italian trap, trap",Hip Hop,X2VR,2023-11-17,2O8WUIrr2N2DYC6OqwWCdq,1348814,23TFHmajVfBtlRx5MXqgoz
Gol,"Sfera Ebbasta, Guè","italian trap, trap",Hip Hop,X2VR,2023-11-17,1F4ARcz5U9kgtcjpcYNzTH,1285302,"23TFHmajVfBtlRx5MXqgoz, 7F2utINZ6tSokSiZTQBE27"
It's the Most Wonderful Time of the Year,Andy Williams,"christmas, adult standards","Easy listening, Jazz",The Andy Williams Christmas Album,1963-00-00,1IcR6RlgvDczfvoWJSSY2A,153874923,4sj6D0zlMOl25nprDJBiU9
Let It Snow! Let It Snow! Let It Snow!,Dean Martin,"christmas, adult standards, big band, swing music","Easy listening, Jazz",A Winter Romance,1959-01-01,2uFaJJtFpPDc5Pa95XzTvg,150872190,49e4v89VmlDcFCMyDv9wQ9
Underneath the Tree,Kelly Clarkson,christmas,Jazz,Wrapped In Red,2013-10-25,3nAp4IvdMPPWEH9uuXFFV5,130541995,3BmGtnKgCSGYIUhmivXKWX
La Víctima,Xavi,"corridos tumbados, corrido, corridos bélicos, sad sierreño, música mexicana, banda",Latin,La Víctima,2023-08-17,5XVdHRf4CAJ2Jm0uMIy5qY,82936589,3Me35AWHCGqW4sZ7bWWJt1
Manda um Oi - Ao Vivo,"Guilherme & Benuto, Simone Mendes","sertanejo, sertanejo universitário, agronejo, arrocha, piseiro, forró","Country, Latin",Manda um Oi (Ao Vivo),2023-05-11,7DkhndGTKaqkFxxKN7XlAh,2563245,"6m6e7D2TnV0aYMllFFwMxu, 2eK9gcJQ6uqVvJL63dnOM3"
Holly Jolly Christmas,Michael Bublé,christmas,Jazz,Christmas (Deluxe Special Edition),2011-10-24,67mgz7S5y7hnCE63YBjfO6,116437014,1GxkXlMwML1oSg5eLPiAz3
Feliz Navidad,José Feliciano,"christmas, bolero","Latin, Jazz",My Name Is José Feliciano,2001-00-00,3qCeq0rWK67SoBDgFd2sId,118443876,7K78lVZ8XzkjfRSI7570FF
Mistletoe,Justin Bieber,,,Under The Mistletoe (Deluxe Edition),2011-01-01,7xapw9Oy21WpfEcib2ErSA,100650430,1uNFoZAHBGtllmzznpCI3s
Father Stretch My Hands Pt. 1,Kanye West,rap,Hip Hop,The Life Of Pablo,2016-06-10,4KW1lqgSr8TKrvBII0Brf8,38584159,5K4W6rqBFWDnAN6FQUkS6x
Water - Remix,"Tyla, Travis Scott","afrobeats, rap","R&B, Hip Hop",Water (Remix),2023-11-17,4CljUDO1I5hpKjwSNK6RWY,1127732,"3SozjO3Lat463tQICI9LcE, 0Y5tJX1MQlPlqiwlOH1tJY"
VULTURES,"¥$, Kanye West, Ty Dolla $ign, Bump J","rap, ",Hip Hop,VULTURES,2023-11-22,21vc2kQZMS00cAyNT82a1M,4870629,"4xPQFgDA5M2xa0ZGo5iIsv, 5K4W6rqBFWDnAN6FQUkS6x, 7c0XG5cIJTrrAgEC3ULPiq, 3L6bhGrHegoci41Jx2nP0V"
Ain't No Mountain High Enough,"Marvin Gaye, Tammi Terrell","motown, soul, northern soul, quiet storm",R&B,United,1967-08-29,7tqhbajSfrz2F7E1Z75ASX,1136276,"3koiLjNrgRTNbOwViDipeA, 75jNCko3SnEMI5gwGqrbb8"
Sleigh Ride,The Ronettes,christmas,Jazz,Sleigh Ride,2020-12-04,7fUYUcWy853HS8YJn0b3Sr,108127571,7CyeXFnOrfC1N6z4naIpgo
7 Years,Lukas Graham,,,Lukas Graham (Blue Album),2015-06-16,7129iqBafaphfc3WPCGC0L,1109901,25u4wHJWxCA9vO0CzxAbK7
Labios Mordidos (with KAROL G),"Kali Uchis, KAROL G","reggaeton, latin, urbano latino",Latin,Labios Mordidos (with KAROL G),2023-11-24,1HLaJowFbNM3MPyqnk5vjW,7909359,"1U1el3k54VvEUzo3ybLPlM, 790FomKkXshlbRYZFtlgla"
A Holly Jolly Christmas,Burl Ives,christmas,Jazz,A Holly Jolly Christmas,2024-12-17,2BlRuvtjcthW3CP5zX75YK,80632603,0MHgLfmQdutffmvWe5XBTN
Por Dentro,"Rels B, Kenia OS","urbano latino, trap latino, reggaeton mexa",Latin,Por Dentro,2023-11-23,671fHUAB2n0MocazS1bMB8,1206095,"2IMZYfNi21MGqxopj9fWx8, 31VFEohvhOUKrtAONEBhMG"
The Christmas Song (Merry Christmas To You),Nat King Cole,"christmas, adult standards, vocal jazz","Easy listening, Jazz",The Nat King Cole Story,1961-09-25,5humEOJehpAwMJEJmb0JJ2,78734932,7v4imS0moSyGdXyLgVTIV7
LA FALDA,Myke Towers,"reggaeton, trap latino, urbano latino",Latin,LVEU: VIVE LA TUYA...NO LA MIA,2023-09-18,7iUtQNMRB8ZkKC4AmEuCJC,7315705,7iK8PXO48WeuP03g8YR51W
Let It Snow! Let It Snow! Let It Snow! (with The B. Swanson Quartet),"Frank Sinatra, B. Swanson Quartet","christmas, big band, adult standards, swing music, vocal jazz, jazz, ","Easy listening, Jazz",The Classic Christmas Album,1945-00-00,0SUKNXEqZnRw7g0NO139FM,80066911,"1Mxqyy3pSjf8kZZL4QVxS0, 0JXiS2FrAg3wQYJHcmZdrc"
sonnenbank.mp3,YAKARY,german hip hop,Hip Hop,sonnenbank.mp3,2023-11-24,30vg2QguPyaa7PcAJTn9YE,1131440,6cpOyiEibAAlRlUF4Kk3vI
Merry Christmas Everyone,Shakin' Stevens,"christmas, rockabilly","Jazz, Rock",Merry Christmas Everyone,1991-11-25,2TE4xW3ImvpltVU0cPcKUn,77625934,0wi4yTYlGtEnbGo4ltZTib
It's Beginning to Look a Lot Like Christmas (with Mitchell Ayres & His Orchestra),"Perry Como, The Fontane Sisters, Mitchell Ayres & His Orchestra","christmas, adult standards, ","Easy listening, Jazz",Greatest Christmas Songs,1999-08-20,6IeK3Ap5m3HabwJxgI6eSE,67574896,"5v8jlSmAQfrkTjAlpUfWtu, 1Ml4OuStDoympbREURAM15, 0HS96tPggl2nwiz3gNWWI5"
Happy Xmas (War Is Over) - Remastered 2010,"John Lennon, Yoko Ono",christmas,Jazz,Signature Box,2010-10-05,27RYrbL6S02LNVhDWVl38b,83832308,"4x1nvY2FN8jxqAFA0DA02H, 2s4tjL6W3qrblOe0raIzwJ"
Jingle Bells - Remastered 1999,Frank Sinatra,"christmas, big band, adult standards, swing music, vocal jazz, jazz","Easy listening, Jazz",A Jolly Christmas From Frank Sinatra,1957-09,4HEOgBHRCExyYVeTyrXsnL,57392252,1Mxqyy3pSjf8kZZL4QVxS0
Wonderful Christmastime - Edited Version / Remastered 2011,Paul McCartney,,,McCartney II (Special Edition),1980-05-16,1SV1fxF65n9NhRHp3KlBuu,70410606,4STHEaNw4mPZ2tzheohgXB
Christmas (Baby Please Come Home),Darlene Love,christmas,Jazz,"Christmas (Baby, Please Come Home)",2020-12-04,47ohYW8e7dxCYn9qbUMBCI,60111631,391oLRVmoTkumiN79HkTWu
Blue Christmas,Elvis Presley,"rockabilly, rock and roll",Rock,Elvis' Christmas Album,1957-10-15,3QiAAp20rPC3dcAtKtMaqQ,57197803,43ZHCT0cAZBISjO8DG9PnE
Driving Home for Christmas - 2019 Remaster,Chris Rea,christmas,Jazz,"Dancing with Strangers (Deluxe Edition, 2019 Remaster)",1987-08-02,27qAMKrDdKEs8HDXcvR24R,68340386,5KEG7G8LDYlHgFDqZyEEs2
Deck The Hall,Nat King Cole,"christmas, adult standards, vocal jazz","Easy listening, Jazz",The Christmas Song (Expanded Edition),1962-00-00,0rHToGels2lt8Y0mCYoF90,37909951,7v4imS0moSyGdXyLgVTIV7
Do They Know It's Christmas? - 1984 Version,Band Aid,christmas,Jazz,Do They Know It’s Christmas?,1984-11-25,4Yg2w0P29BBBMixyeNjDtj,61811578,35S20clEkkSNUo23ViaslZ
Feather,Sabrina Carpenter,,,emails i can’t send fwd:,2023-03-17,2Zo1PcszsT9WQ0ANntJbID,43799871,74KM79TiuVKeVCqs8QtB0B
Runaway,"Kanye West, Pusha T","rap, ",Hip Hop,My Beautiful Dark Twisted Fantasy,2010-11-22,3DK6m7It6Pw857FcQftMds,21545832,"5K4W6rqBFWDnAN6FQUkS6x, 0ONHkAv9pCAFxb0zJwDNTy"
Break from Toronto,PARTYNEXTDOOR,r&b,R&B,PARTYNEXTDOOR,2013-07-01,5fEB6ZmVkg63GZg9qO86jh,1114786,2HPaUgqeutzr3jx5a9WyDV
You’re Losing Me (From The Vault),Taylor Swift,,,You're Losing Me (From The Vault),2023-11-29,3CWq0pAKKTWb0K4yiglDc4,79262195,06HL4z0CvFAxyc27GXpf02
MY HOUSE,Beyoncé,,,MY HOUSE,2023-12-01,7omJfT9s6V2IpQNBYyq5C8,10978414,6vWDO969PvNqNYHIOW5v0m
Fairytale of New York (feat. Kirsty MacColl),"The Pogues, Kirsty MacColl","celtic rock, christmas, folk punk, celtic, ","Traditional music, Rock, Jazz, Folk/Acoustic",If I Should Fall from Grace with God (Expanded Edition),1988-09-05,3VTNVsTTu05dmTsVFrmGpK,40543811,"2wzMOQwNT6ZvVB4amvhFAH, 6UlNIFEuWlBqb4TvlVCekq"
Merry Christmas,"Ed Sheeran, Elton John","soft pop, ",Pop,+-=÷× (Tour Collection),2024-09-27,0hz5PNF2wejwUKCMpesQWt,60385515,"6eUKZXaKkcviH0Ku9w2n3V, 3PhoLpVuITZKcymswpck5b"
Christmas (Baby Please Come Home),Mariah Carey,christmas,Jazz,Merry Christmas,1994-10-28,3PIDciSFdrQxSQSihim3hN,41451150,4iHNK0tOyZPYnBU7nGAgpQ
Arjan Vailly,"Manan Bhardwaj, Bhupinder Babbal","hindi pop, desi pop, punjabi pop",Pop,ANIMAL,2023-11-24,4ApCig0GTR4IEp7Ijsyo3r,37532766,"3pQ4aA7dkolyjUAMrVScgh, 5bppkTlu7F930pWlNn1b1g"
"Santa, Can’t You Hear Me","Kelly Clarkson, Ariana Grande","christmas, pop","Jazz, Pop",When Christmas Comes Around...,2021-10-15,2O3MQ6H3gjrIWDcpeTrikT,46480011,"3BmGtnKgCSGYIUhmivXKWX, 66CXWjxzNUsdJxJ2JdwvnR"
My Only Wish (This Year),Britney Spears,pop,Pop,My Only Wish (This Year),2000-11-14,0YWUHZPJVg4iujddsJDwhM,39791392,26dSoYclwsYLMAKD3tpOr4
Run Rudolph Run,Chuck Berry,"rockabilly, rock and roll",Rock,Rock 'N' Roll Rarities,1986-01-01,2pnPe4pJtq7689i5ydzvJJ,39257971,293zczrfYafIItmnmM3coR
Hallelujah,Pentatonix,christmas,Jazz,A Pentatonix Christmas,2016-10-21,550rQQCGkrTzvp4SfpOPzx,31459761,26AHtbjWKiwYzsoGoUZq53
Please Come Home for Christmas - 2013 Remaster,Eagles,"classic rock, soft rock",Rock,Please Come Home for Christmas / Funky New Year (2013 Remaster),1978-11-27,3QIoEi8Enr9uHffwInGIsC,33349919,0ECwFtbIWEVNwjlrfc6xoL
Thank God It's Christmas - Non-Album Single,Queen,"classic rock, rock, glam rock",Rock,The Works (Deluxe Edition 2011 Remaster),1984-02-27,2xGO2UjzxeVQSIkyg98vck,25711853,1dfeR4HaWDbWqFHLkxsg1d
Santa's Coming for Us,Sia,,,Everyday Is Christmas (Deluxe Edition),2018-11-01,1N1ZpYUJc9fwrqk53FGgWv,29721506,5WUlDfRSoLAfcVSX1WnrxN
Little Saint Nick - 1991 Remix,The Beach Boys,baroque pop,Pop,The Beach Boys' Christmas Album,1964-11-09,5xlS0QkVrSH7ssEbBgBzbM,37566963,3oDbviiivRWhXwIE8hxkVV
Santa Baby (with Henri René & His Orchestra),"Eartha Kitt, Henri René and His Orchestra","christmas, exotica","Jazz, Easy listening",Heavenly Eartha,2002-00-00,1foCxQtxBweJtZmdxhEHVO,43937025,"1AwO9pWEBSBoWdEZu28XDC, 0oK8UXKZbQezeRhE0KeBAV"
Like It's Christmas,Jonas Brothers,,,Like It's Christmas,2019-11-08,1OjmlSFuzYflWjSMTCyTJv,25590354,7gOdHgIoIKoe4i9Tta6qdD
Santa Claus Is Coming To Town,The Jackson 5,"motown, christmas","Jazz, R&B",Merry Christmas,1970-01-01,6a1hzBiTkgqTsDA0Xgfh9z,29858827,2iE18Oxc8YSumAU232n4rW
Jingle Bell Rock - Daryl's Version,Daryl Hall & John Oates,soft rock,Rock,Jingle Bell Rock,1983-11-01,6pVW5LRWgeLaHudxauOTJU,23388431,77tT1kLj6mCWtFNqiOmP9H
Christmas Tree Farm,Taylor Swift,,,Christmas Tree Farm,2019-12-06,2mvabkN1i2gLnGAPUVdwek,25194306,06HL4z0CvFAxyc27GXpf02
Godzilla (feat. Juice WRLD),"Eminem, Juice WRLD","rap, hip hop, melodic rap, emo rap",Hip Hop,Music To Be Murdered By,2020-01-17,7FIWs0pqAYbP91WWM0vlTQ,42614636,"7dGJo4pcD2V6oG8kP0tJRR, 4MCBfE4596Uoi2O4DtmEMz"
Satranga (From  ANIMAL ),"Arijit Singh, Shreyas Puranik, Siddharth - Garima","hindi pop, bollywood, desi, bangla pop, bhajan, devotional, gujarati garba, gujarati pop","Pop, New age, Hip Hop, Jazz",Satranga (From  ANIMAL ),2023-10-27,3yHyiUDJdz02FZ6jfUbsmY,48018302,"4YRxDV8wJFPHPTeXepOstw, 5o36rLQd78Zh8CaT8rn59d, 6k6TIai4KyKG1DeIMftSmJ"
Saari Duniya Jalaa Denge,"Jaani, B Praak","punjabi pop, hindi pop, desi, bhangra, bollywood, desi pop","Traditional music, Hip Hop, Pop",ANIMAL,2023-11-24,0YxKKO272sacGBJKjf6FnB,23847306,"5gZhfbckaWo89OzDSk3gdT, 56SjZARoEvag3RoKWIb16j"
Santa Claus Is Coming to Town,Michael Bublé,christmas,Jazz,Christmas (Deluxe Special Edition),2011-10-24,7Ivelh8N9J25Yj9KKxYj6w,12747454,1GxkXlMwML1oSg5eLPiAz3
You Make It Feel Like Christmas (feat. Blake Shelton),"Gwen Stefani, Blake Shelton",country,Country,You Make It Feel Like Christmas,2017-10-06,2OQ6a4CfUeYskpTTgyawyJ,19367243,"4yiQZ8tQPux8cPriYMWUFP, 1UTPBmNbXNTittyMJrNkvw"
Winter Wonderland - Spotify Singles Holiday,Laufey,,,Spotify Singles Holiday,2023-11-14,1LmkdWSxjCV7wKTPsCvYWN,22882484,7gW0r5CkdEUMm42w9XpyZO
"Santa Claus Is Comin' to Town - Live at C.W. Post College, Greenvale, NY - December 1975",Bruce Springsteen,,,"Santa Claus Is Comin' to Town (Live at C.W. Post College, Greenvale, NY - December 1975)",1981-00-00,6s2wpWPFPAgKg2LXxi1Oee,25608654,3eqjTLE0HfPfh78zjh6TqT
Step Into Christmas - Remastered 1995,Elton John,,,Caribou (Remastered 1995),1974-06-28,11P4sSu6BH2lAbWk1sL6cK,26726408,3PhoLpVuITZKcymswpck5b
LUNA,"Feid, ATL Jacob","reggaeton, urbano latino, ",Latin,FERXXOCALIPSIS,2023-12-01,7bywjHOc0wSjGGbj04XbVi,63942931,"2LRoIwlKmHjgvigdNGBHNo, 7jAs1uPnpfNmT6e5qtEPxq"
Pehle Bhi Main,"Vishal Mishra, Raj Shekhar","hindi pop, bollywood, desi","Hip Hop, Pop",ANIMAL,2023-11-24,7yDHHVKLbvDmVw1XXhDDIO,52278882,"5wJ1H6ud777odtZl5gG507, 2DFCHTDIA0t638a4mm37dK"
Needle (feat. Drake),"Nicki Minaj, Drake","rap, hip hop",Hip Hop,Pink Friday 2,2023-12-08,4I4G0LD277PWvfblYtSf91,19203145,"0hCNtLu0JehylgoiP8L4Gh, 3TVXtAsR1Inumwj472S9r4"
run for the hills,Tate McRae,,,THINK LATER,2023-12-08,51hyZpbJlIgZIaX3TtMxmu,13145674,45dkTj5sMRSjrmBSBeiHym
Are You Gone Already,Nicki Minaj,,,Pink Friday 2,2023-12-07,6u378lxN4C0eUnx7ns9Epg,3363750,0hCNtLu0JehylgoiP8L4Gh
Barbie Dangerous,Nicki Minaj,,,Pink Friday 2,2023-12-08,1fKT7RUtOf4xNEqctEFe5L,1888890,0hCNtLu0JehylgoiP8L4Gh
BELLAKEO,"Peso Pluma, Anitta","corrido, corridos tumbados, corridos bélicos, música mexicana, sad sierreño, electro corridos, banda, brazilian pop, funk pop, funk carioca, funk, pagode baiano","Latin, Pop, R&B, Hip Hop",ÉXODO,2024-06-20,5Fohh8kl8403DSoq4KH7Ll,57931100,"12GqGscKJx3aE4t07u7eVZ, 7FNnA9vBm6EKceENgCGRMb"
FTCU,Nicki Minaj,,,Pink Friday 2,2023-12-08,1a73gcEg6h6Re6hHXoVltJ,30129530,0hCNtLu0JehylgoiP8L4Gh
Everybody (feat. Lil Uzi Vert),"Nicki Minaj, Lil Uzi Vert",melodic rap,Hip Hop,Pink Friday 2,2023-12-08,5ZJGv7aGdIr9IGpxzSG18T,22849568,"0hCNtLu0JehylgoiP8L4Gh, 4O15NlyKLIASxsJ0PrXPfz"
leavemealone,"Fred again.., Baby Keem","stutter house, house, ",Electronic,USB,2022-01-18,7iUScoHKNJC5hqtA40vMlj,1641540,"4oLeXFyACqeem2VImYeBFe, 5SXuuuRpukkTvsLuUknva1"
Let Me Calm Down (feat. J. Cole),"Nicki Minaj, J. Cole",rap,Hip Hop,Pink Friday 2,2023-12-08,44gmXwbdHjwQsQvsiraj14,1566966,"0hCNtLu0JehylgoiP8L4Gh, 6l3HvQ5sa6mXTsMTB19rO5"
Beep Beep,Nicki Minaj,,,Pink Friday 2,2023-12-08,5iHC401tsNlJRY46ECSYbo,1515507,0hCNtLu0JehylgoiP8L4Gh
Big Difference,Nicki Minaj,,,Pink Friday 2,2023-12-08,0ZhPWSfAKzeVQbRG08E1iI,1462370,0hCNtLu0JehylgoiP8L4Gh
hurt my feelings,Tate McRae,,,THINK LATER,2023-12-08,4mFcwFOlSCxp6hjemRXwpd,1430059,45dkTj5sMRSjrmBSBeiHym
Fallin 4 U,Nicki Minaj,,,Pink Friday 2,2023-12-08,7aWeQwHSMD6TzPOepi1tlb,1426493,0hCNtLu0JehylgoiP8L4Gh
La Diabla,Xavi,"corridos tumbados, corrido, corridos bélicos, sad sierreño, música mexicana, banda",Latin,La Diabla,2023-11-30,0R6NfOiLzLj4O5VbYSJAjf,76250476,3Me35AWHCGqW4sZ7bWWJt1
Tipo Hollywood,"Mc Ws da leste, Dj Chadin do C, MC Cothiê","funk, funk de bh","R&B, R&b",Tipo Hollywood,2023-09-19,6zLBR9izBeZ1d0pfuwJgRa,1322028,"5Rs4gTYf15iES8jXZqhx2L, 1vzbmGlmb0yoO6drUgxm5C, 0TfWqqSFcyuhcNnp5oL83k"
This Christmas,Donny Hathaway,soul,R&B,Donny Hathaway,1971-00-00,7MSYSOobsombc1mbDWFxtD,19507769,0HU0U9kdXEHZVxUNbuQe8S
Mele Kalikimaka - New mono-to-stereo mix,"Bing Crosby, The Andrews Sisters","christmas, big band, swing music","Easy listening, Jazz",Bing Crosby Christmas Favorites Now in Stereo (New Mono-To-Stereo Mixes),2022-02-12,6yzNzQxqsIY3zRsTwzLI3v,20472248,"6ZjFtWeHP9XN7FeKSUe80S, 2NCGI6dLTxLdI9XHdv7QfM"
Not Allowed,TV Girl,,,Who Really Cares,2016-02-25,3IznIgmXtrUaoPWpQTy5jB,19051726,0Y6dVaC9DZtPNH4591M42W
Santa Tell Me - Naughty Version,Ariana Grande,pop,Pop,Christmas & Chill,2015-12-18,6V2JPFiAeqfZjM3A8VNr5q,7892565,66CXWjxzNUsdJxJ2JdwvnR
Hua Main (From  ANIMAL ),"Raghav Chaitanya, Manoj Muntashir, Pritam","hindi indie, indian indie, hindi pop, bollywood, bhajan, devotional, desi, sufi","New age, Hip Hop, Rock, Pop, Traditional music",Hua Main (From  ANIMAL ),2023-10-11,54PRUdMOYzglMGnsg9kIta,1206832,"3qpyErDI4i90q5EGgSRmNK, 4cAERazLlAzVGA10ORWaUP, 1wRPtKGflJrBx9BmLsSwlU"
Carol of the Bells (From  Home Alone  Soundtrack),John Williams,soundtrack,Easy listening,Home Alone (Original Motion Picture Soundtrack),1990-00-00,4tHqQMWSqmL6YjXwsqthDI,14809105,3dRfiJ2650SZu6GbydcHNb
Christmas Lights,Coldplay,,,Christmas Lights,2010-12-01,4fzyvSu73BhGvi96p2zwjL,19372914,4gzpq5DPGxSnKTe4SA8HAU
Have Yourself A Merry Little Christmas,Sam Smith,soft pop,Pop,Have Yourself A Merry Little Christmas,2014-12-05,1Qi2wh8fFgDV7tl4Sj3f2K,13604490,2wY79sveU1sp5g7SokKOiI
Here Comes Santa Claus (Right Down Santa Claus Lane) - 1947 Version,Gene Autry,christmas,Jazz,Rudolph The Red Nosed Reindeer And Other Christmas Classics,1947-00-00,25leEEaz1gIpp7o21Fqyjo,15067575,5ixB75BQR3ADoWQkcHQJTs
Joy To The World,Nat King Cole,"christmas, adult standards, vocal jazz","Easy listening, Jazz",The Christmas Song (Expanded Edition),1962-00-00,1VuAamHM7P3VQQEXYGG3Uu,15019147,7v4imS0moSyGdXyLgVTIV7
Poco A Poco,"Xavi, Los Dareyes De La Sierra","corridos tumbados, corrido, corridos bélicos, sad sierreño, música mexicana, banda, electro corridos, sierreño",Latin,Poco A Poco,2023-09-21,4loIMejzvt11s97SGVEat8,17154870,"3Me35AWHCGqW4sZ7bWWJt1, 1ZMJSCQw8DIefcLb1FIpY0"
Rudolph The Red-Nosed Reindeer,Burl Ives,christmas,Jazz,A Holly Jolly Christmas,2024-12-17,0f5slGJQq4iafoxngc95h1,12122352,0MHgLfmQdutffmvWe5XBTN
Lace It (with Eminem & benny blanco),"Juice WRLD, Eminem, benny blanco","melodic rap, emo rap, rap, hip hop, ",Hip Hop,The Party Never Ends,2024-11-29,3ip0jk1C5jIBYTyHNX0dWm,9518580,"4MCBfE4596Uoi2O4DtmEMz, 7dGJo4pcD2V6oG8kP0tJRR, 5CiGnKThu5ctn9pBxv7DGa"
DJ Play A Christmas Song,Cher,,,Christmas,2023-10-20,18uSfZqFBxQFi8CsXOIbhy,15036779,72OaDtakiy6yFqkt4TsiFt
DEJA VU,"Luan Santana, Ana Castela","sertanejo, sertanejo universitário, arrocha, agronejo, piseiro","Country, Latin",DEJA VU,2023-12-07,2IDf0IZ9dfw0uDYV2n1bJc,16936733,"3qvcCP2J0fWi0m0uQDUf6r, 2CKOmarVWvWqkNWUatHCex"
Me Leva Pra Casa / Escrito Nas Estrelas / Saudade - Ao Vivo,Lauana Prado,"sertanejo, sertanejo universitário",Latin,Raiz Goiânia (Ao Vivo),2023-10-12,2sYFUcurlISdHlAsnYCEgD,18375452,6TYimByryGphZCtwYopH0y
Christmas Without You,Ava Max,,,Christmas Without You,2020-10-15,1QLZKzC2pjP4ySf4ALrNhm,10887238,4npEfmQ6YuiwW1GpUmaq3F
Closer Than This,Jimin,k-pop,Pop,MUSE,2024-07-19,6qafqn8bBMy7t5c5WqpyRk,20227306,1oSPZhvZMIrWW5I41kPkkY
Here Comes Santa Claus (Right Down Santa Claus Lane),Elvis Presley,"rockabilly, rock and roll",Rock,Elvis' Christmas Album,1957-10-15,7n7VsX3sv66znBwA8b5uhp,10216671,43ZHCT0cAZBISjO8DG9PnE
Rudolph The Red-Nosed Reindeer,Dean Martin,"christmas, adult standards, big band, swing music","Easy listening, Jazz",A Winter Romance,1959-01-01,2L9QLAhrvtP4EYg1lY0Tnw,9979796,49e4v89VmlDcFCMyDv9wQ9
One More Sleep,Leona Lewis,,,"Christmas, With Love",2013-12-02,78pn8k7RogKo2oxl0DyX6d,8665352,5lKZWd6HiSCLfnDGrq9RAm
"Merry Christmas, Happy Holidays",*NSYNC,,,Home For Christmas,1998-10-23,15coTBAzEN1bOeipoNDZAR,8760861,6Ff53KvcvAj5U7Z1vojB5o
"Baby, It's Cold Outside",Dean Martin,"christmas, adult standards, big band, swing music","Easy listening, Jazz",A Winter Romance,1959-01-01,4MrfQL4TYQXJBlZYpAHTuE,9509014,49e4v89VmlDcFCMyDv9wQ9
What Christmas Means To Me,Stevie Wonder,"motown, soul",R&B,Someday At Christmas (Expanded Edition),1967-00-00,7xZsOJBebpV9lsX3XUV7x3,9652051,7guDJrEfX3qb6FEbdPA5qi
Christmas Time Is Here,Vince Guaraldi Trio,christmas,Jazz,Charlie Brown Holiday Hits,1998-01-01,3bMfUUpzUzqWp9II00yRhE,9454385,4ytkhMSAnrDP8XzRNlw9FS
Jingle Bells (feat. The Puppini Sisters),"Michael Bublé, The Puppini Sisters","christmas, swing music, electro swing","Jazz, Easy listening",Christmas (Deluxe Special Edition),2011-10-24,3nfxV3jfRcRWISwek49LTg,8911850,"1GxkXlMwML1oSg5eLPiAz3, 1svaANJTE5KrG16fTGDqOs"
Baby It's Cold Outside (with Michael Bublé),"Idina Menzel, Michael Bublé","musicals, christmas","Jazz, Classical",Holiday Wishes,2014-10-10,0Ie5uiv54KgCr7P4sYDTHl,8311766,"73Np75Wv2tju61Eo9Zw4IR, 1GxkXlMwML1oSg5eLPiAz3"
Frosty The Snowman,Ella Fitzgerald,"vocal jazz, jazz, swing music, jazz blues, big band, christmas","Easy listening, Jazz, Blues",Ella Wishes You A Swinging Christmas (Expanded Edition),1960-01-01,65irrLqfCMRiO3p87P4C0D,7255643,5V0MlUE1Bft0mbLlND7FJz
Last Christmas,Ariana Grande,pop,Pop,Christmas Kisses,2013-01-01,5xDrO9DEDJGUQGfyoHvgDJ,6857994,66CXWjxzNUsdJxJ2JdwvnR
"Baby, It's Cold Outside (feat. Meghan Trainor)","Brett Eldredge, Meghan Trainor","country, christmas, ","Jazz, Country",Glow,2016-10-28,5Q2P43CJra0uRAogjHyJDK,6678309,"0qSX3s5pJnAlSsgsCne8Cz, 6JL8zeS1NmiOftqZTRgdTz"
Happy Holiday / The Holiday Season,Andy Williams,"christmas, adult standards","Easy listening, Jazz",The Andy Williams Christmas Album,1963-00-00,1Wf14bTyb6UeKojy8ykPYm,6842481,4sj6D0zlMOl25nprDJBiU9
I Saw Mommy Kissing Santa Claus,The Jackson 5,"motown, christmas","Jazz, R&B",Merry Christmas,1970-01-01,3lkYS3iMpWMVpaJ0yJAFrJ,7050452,2iE18Oxc8YSumAU232n4rW
Have Yourself A Merry Little Christmas - Remastered 1999,Frank Sinatra,"christmas, big band, adult standards, swing music, vocal jazz, jazz","Easy listening, Jazz",A Jolly Christmas From Frank Sinatra,1957-09,2FPfeYlrbSBR8PwCU0zaqq,7017639,1Mxqyy3pSjf8kZZL4QVxS0
Mistletoe And Holly - Remastered 1999,Frank Sinatra,"christmas, big band, adult standards, swing music, vocal jazz, jazz","Easy listening, Jazz",A Jolly Christmas From Frank Sinatra,1957-09,7faDzZnZYqTyYThx2sbHVQ,6865616,1Mxqyy3pSjf8kZZL4QVxS0
Shake Up Christmas,Train,soft pop,Pop,"Save Me, San Francisco (Golden Gate Edition)",2010-12-01,1NghHeg0wE32eBYrQBVQXL,6458400,3FUY2gzHeIiaesXtOAdB7A
I Wish It Could Be Christmas Everyday,Wizzard,"christmas, glam rock","Jazz, Rock",I Wish It Could Be Christmas Everyday,2007-11-19,1mH6tZC6iXIHPI6EixCwxw,6688306,7823Dim2TzjiQQ9wRQxyi9
I Want a Hippopotamus for Christmas (Hippo the Hero),Gayla Peevey,christmas,Jazz,I Want a Hippopotamus for Christmas (Hippo the Hero),1953-11-11,5P8Xvy5tzhmfyfA6GplQ8h,6212319,1suIIDedjFJRuu8k7b55hZ
I'll Be Home,Meghan Trainor,,,Title (Expanded Edition),2015-01-09,0lTurWECr2XL607eJAj1A3,5928319,6JL8zeS1NmiOftqZTRgdTz
Christmas (Baby Please Come Home),Michael Bublé,christmas,Jazz,Christmas,2011-10-24,66WPXyhXqMlkM1kZhyEXWK,5868076,1GxkXlMwML1oSg5eLPiAz3
Wonderful Dream (Holidays Are Coming) - Radio Version,Melanie Thornton,christmas,Jazz,Ready To Fly,2001-01-01,0SvD6EdetxVtXei2JhkV4B,4459770,2apYMRrg5FxN4go0pfsCvf
Sleigh Ride,Ella Fitzgerald,"vocal jazz, jazz, swing music, jazz blues, big band, christmas","Easy listening, Jazz, Blues",Ella Wishes You A Swinging Christmas (Expanded Edition),1960-01-01,4ukUoXLuFzMixyZyabSGc4,6061640,5V0MlUE1Bft0mbLlND7FJz
Santa Claus Is Comin' to Town,Frank Sinatra,"christmas, big band, adult standards, swing music, vocal jazz, jazz","Easy listening, Jazz",The Classic Christmas Album,1945-00-00,7g85e2INdCFIScc4ZO6gBG,6488277,1Mxqyy3pSjf8kZZL4QVxS0
Merry Xmas Everybody,Slade,"glam rock, christmas","Jazz, Rock",Merry Xmas Everybody,1973-11-07,0z5jr9YE1siursT3dJUwDV,6041573,10n5lhNDoSMUHWLlnST1yw
A Nonsense Christmas,Sabrina Carpenter,,,A Nonsense Christmas,2022-12-07,7yogx3TwxGwSxO2QITsT2q,5483398,74KM79TiuVKeVCqs8QtB0B
Winter Wonderland - Remastered,Bing Crosby,christmas,Jazz,Christmas,2015-09-30,3pdQTWpq09XCBosbTtYIiZ,5968332,6ZjFtWeHP9XN7FeKSUe80S
Do You Hear What I Hear,Bing Crosby,christmas,Jazz,Christmas Eve with Bing Crosby,2012-00-00,1sGl3liCZn91OcFpjOJXIE,5965648,6ZjFtWeHP9XN7FeKSUe80S
Winter Wonderland,Tony Bennett,"vocal jazz, christmas, big band, adult standards, jazz","Easy listening, Jazz",Snowfall: The Tony Bennett Christmas Album,1968-10-06,1yxcKrEcxt4O03IIC25yHk,4650259,2lolQgalUvZDfp5vvVtTYV
Christmas Time,Bryan Adams,,,Christmas EP,2019-11-15,7LoFMtL7hxP9tr5HYyyUrJ,2409847,3Z02hBLubJxuFJfhacLSDc
Santa Baby,Kylie Minogue,dance pop,Pop,Kylie Christmas,2015-11-13,2SBr3MK1sdMs8IxdRcN6qz,3968250,4RVnAU35WRWra6OZ3CbbMA
Happy Xmas (War Is Over),Céline Dion,variété française,,These are Special Times,1998-10-30,2ohR9Qj4TgZafZCptO9cly,3894055,4S9EykWXhStSc15wEx8QFK
Cozy Little Christmas,Katy Perry,pop,Pop,Cozy Little Christmas,2018-11-15,02FaKXXL7KUtRc7K0k54tL,4008640,6jJ0s89eD6GaHleKKya26X
I'll Be Home for Christmas,Michael Bublé,christmas,Jazz,Christmas (Deluxe Special Edition),2011-10-24,0GyXfYRuvG9nt71zF99SER,4098235,1GxkXlMwML1oSg5eLPiAz3
(There's No Place Like) Home for the Holidays - 1959 Version,Perry Como,"christmas, adult standards","Easy listening, Jazz",Season's Greetings,1991-08-26,0hvN2v6fAcB6xWyW7UaooA,4552192,5v8jlSmAQfrkTjAlpUfWtu
O Holy Night,Mariah Carey,christmas,Jazz,Merry Christmas,1994-10-28,3B7FO3kJ5kv3mX7yiaB7sT,4060172,4iHNK0tOyZPYnBU7nGAgpQ
Silver Bells,Dean Martin,"christmas, adult standards, big band, swing music","Easy listening, Jazz",The Dean Martin Christmas Album,1966-00-00,4QX5pZQpQTgVlkqfUTDim0,4148913,49e4v89VmlDcFCMyDv9wQ9
Have Yourself A Merry Little Christmas,Judy Garland,christmas,Jazz,ベスト・オブ・ジュディ・ガーランド,1989-01-01,1fEo7EnPl1LEn0CAy1xPL5,4277493,0hItVPjwJLVZrFqOyIsxPf
Rockin' Around the Christmas Tree - Rerecorded Version,Brenda Lee,christmas,Jazz,A Brenda Lee Christmas,1991-00-00,09OojFvtrM9YRzRjnXqJjA,3599814,4cPHsZM98sKzmV26wlwD2W
Oh Santa! (feat. Ariana Grande & Jennifer Hudson),"Mariah Carey, Ariana Grande, Jennifer Hudson","christmas, pop, ","Jazz, Pop",Mariah Carey's Magical Christmas Special (Apple TV+ Original Soundtrack),2020-12-11,2VkuxjlbnbaBiWYpdBGVol,3630022,"4iHNK0tOyZPYnBU7nGAgpQ, 66CXWjxzNUsdJxJ2JdwvnR, 35GL8Cu2GKTcHzKGi75xl5"
Santa Baby,"Ariana Grande, Liz Gillies","pop, christmas","Jazz, Pop",Christmas Kisses,2013-01-01,6YJdPrH3i2POzu7hdHIRrb,3795233,"66CXWjxzNUsdJxJ2JdwvnR, 7pLntWGInZPQxc4kXxzzjB"
Mistletoe and Wine,Cliff Richard,christmas,Jazz,Together With Cliff Richard,1991-11-18,3AgiRs3oxc2dFh0CPUHXJs,3464563,2nvKpWcP8etYTq4JrRiUiy
Mary's Boy Child / Oh My Lord,Boney M.,disco,R&B,Worldmusic for Christmas,2017-11-10,2qqZ5fOGuNvYVzgPFDLQ4l,3271578,54R6Y0I7jGUCveDTtI21nb
White Christmas,Michael Bublé,christmas,Jazz,Christmas (Deluxe Special Edition),2011-10-24,4buHBCFNm5WvttEDevaj9C,1869255,1GxkXlMwML1oSg5eLPiAz3
White Christmas (with Shania Twain),"Michael Bublé, Shania Twain","christmas, country","Jazz, Country",Christmas,2011-10-24,2gbCG4Rt9984UZ7Tc0dIFd,3624562,"1GxkXlMwML1oSg5eLPiAz3, 5e4Dhzv426EvQe3aDb64jL"
Have Yourself a Merry Little Christmas,Michael Bublé,christmas,Jazz,Christmas (Deluxe Special Edition),2011-10-24,4QMEcIbG9GtSrkbvk7Pswd,3526684,1GxkXlMwML1oSg5eLPiAz3
All I Want for Christmas Is You,Michael Bublé,christmas,Jazz,Christmas (Deluxe Special Edition),2011-10-24,5S8rkSt8wio92kjIOjbJ0U,3453362,1GxkXlMwML1oSg5eLPiAz3
"Caroling, Caroling",Nat King Cole,"christmas, adult standards, vocal jazz","Easy listening, Jazz",The Christmas Song (Expanded Edition),1962-00-00,11Z7sdkpC5IaaydoIvDn74,3930347,7v4imS0moSyGdXyLgVTIV7
Lonely This Christmas,Mud,"glam rock, christmas","Jazz, Rock","A's, B's And Rarities",2005-12-20,5DMItYJluCFc7YtFdP4aXo,3701224,3cqIsBnzV3BabbPWKz8Txf
"Mary, Did You Know?",Pentatonix,christmas,Jazz,That's Christmas To Me (Deluxe Edition),2015-10-30,4z8sz6E4YyFuEkv5o7IJni,3508161,26AHtbjWKiwYzsoGoUZq53
Silent Night - 1999 Remaster,Frank Sinatra,"christmas, big band, adult standards, swing music, vocal jazz, jazz","Easy listening, Jazz",A Jolly Christmas From Frank Sinatra,1957-09,5yNgdD8E6WruhULb4n2Con,2998355,1Mxqyy3pSjf8kZZL4QVxS0
Someday At Christmas,Stevie Wonder,"motown, soul",R&B,Someday At Christmas (Expanded Edition),1967-00-00,0OdTRhhGt8aq4UXh67CKQg,3558394,7guDJrEfX3qb6FEbdPA5qi
O Tannenbaum,Vince Guaraldi Trio,christmas,Jazz,A Charlie Brown Christmas [2012 Remastered & Expanded Edition],2012-01-01,4YhY2qHdBmSX33uj8ms0oq,3697909,4ytkhMSAnrDP8XzRNlw9FS
2000 Miles - 2007 Remaster,Pretenders,,,Learning to Crawl (Expanded & Remastered),1984-00-00,5wTM2Bm8phDwHAuOsfBwhU,3598583,0GByy3DcfbQwDvXGCWmzv9
What Christmas Means to Me (feat. Stevie Wonder),"John Legend, Stevie Wonder","soft pop, neo soul, motown, soul","R&B, Pop",A Legendary Christmas,2018-10-26,4hnzXzE7JiU5QAZFF9OUsI,3190146,"5y2Xq6xcjJb2jVM54GHK3t, 7guDJrEfX3qb6FEbdPA5qi"
Winter Wonderland,Darlene Love,christmas,Jazz,"Christmas (Baby, Please Come Home)",2020-12-04,51KCex2aoD4Ni2cRF5mFWe,3480043,391oLRVmoTkumiN79HkTWu
"You're A Mean One, Mr. Grinch","Thurl Ravenscroft, Boris Karloff",christmas,Jazz,Dr. Seuss' How The Grinch Stole Christmas! (Original TV Soundtrack),1966-12-18,4qP2V09IpTct5A1ZSnr1zh,3202004,"5LCQTpuQCzKjfv233UFQnb, 35uPgDW1J4hq6tqQ0LJcot"
Frosty the Snowman,The Ronettes,christmas,Jazz,Sleigh Ride,2020-12-04,0OcpVNf7hnJBPbTFMSG7CI,3287325,7CyeXFnOrfC1N6z4naIpgo
Make It To Christmas,Alessia Cara,,,Make It To Christmas,2019-11-08,6RS6rcjnWrdfVuu2U2W2dj,1481652,2wUjUUtkb5lvLKcGKsKqsR
Merry Christmas Darling - Remix,Carpenters,"christmas, adult standards","Easy listening, Jazz",Christmas Portrait (Special Edition/Reissue),1978-10-13,0z5HSQGWgnjdNvwbOmhB2w,3242127,1eEfMU2AhEo7XnKgL7c304
Cool Yule,"Louis Armstrong, The Commanders","jazz, swing music, big band, vocal jazz, jazz blues, christmas","Easy listening, Jazz, Blues",Louis Wishes You a Cool Yule,2022-10-28,33GkcZ89Aj254FaJoFwCl9,3194779,"19eLuQmk9aCobbVDHc6eek, 3VrWSWV74xyECVDt2zBy4T"
It's Beginning To Look A Lot Like Christmas,Bing Crosby,christmas,Jazz,Christmas,2015-09-30,1uh1iaMqBdx4XyrXhssKGD,3005819,6ZjFtWeHP9XN7FeKSUe80S
Rockin' Around The Christmas Tree,Miley Cyrus,,,Spotify Singles - Holiday,2017-11-29,5lyikKk6KFWfWCuDDir9Fx,1436173,5YGY8feqx7naU7z4HrwZM6
White Christmas,"Clyde McPhatter, The Drifters","doo-wop, northern soul, boogie-woogie, motown","Blues, R&B",Presenting Clyde McPhatter,1954-07-28,5ja4ZRGHfDpEJf6RxqVx3v,2898876,"4WL6MC4jDW7w7K9hfc4MVS, 1FqqOl9itIUpXr4jZPIVoT"
Christmas In Hollis,Run–D.M.C.,"east coast hip hop, hip hop",Hip Hop,Tougher Than Leather (Expanded Edition),1988-09-16,41onDks2UPbyjer5fMeUWf,1747669,3CQIn7N5CuRDP8wEI7FiDA
Santa Claus Llegó a La Ciudad,Luis Miguel,"mariachi, bolero, latin pop","Latin, Pop",Navidades Luis Miguel,2006-11-06,0IrKbfhVKW0xpPEzRDeSUb,1658589,2nszmSgqreHSdJA3zWPyrW
When a Child Is Born,Johnny Mathis,christmas,Jazz,The Essential Johnny Mathis 3.0,1956-00-00,39CZ2qjYxtqUdTh8mqwqzy,1640259,21LGsW7bziR4Ledx7WZ1Wf
Linus And Lucy,Vince Guaraldi Trio,christmas,Jazz,Charlie Brown Holiday Hits,1998-01-01,33EcmYsTQVIGRGnGPOfTwu,1540510,4ytkhMSAnrDP8XzRNlw9FS
Christmas Eve / Sarajevo 12/24 - Instrumental,Trans-Siberian Orchestra,christmas,Jazz,Christmas Eve and Other Stories,1996-10-15,3sBnSBnzpEYKpJYGsAIbup,1487592,5OSQDUNmll299ldFIF1Dau
The Little Drummer Boy,Bing Crosby,christmas,Jazz,Winter Wonderland,1998-01-01,2zHu4GAsQIw2skGszWEMFY,1487512,6ZjFtWeHP9XN7FeKSUe80S
The Man with the Bag,Kay Starr,"christmas, vocal jazz",Jazz,Presenting Kay Starr,1950-11-26,2n1xrggQtAGEV1AgzvooGB,1414358,7rpf45DdbpweG51Acze45i
8 Days of Christmas,Destiny's Child,,,The Writing's On The Wall,1999-09-07,3WrG9BpOPQWUus3FjA1Tny,1413435,1Y8cdNmUJH7yBTd9yOvr5i
God Rest Ye Merry Gentlemen,Bing Crosby,christmas,Jazz,Christmas Eve with Bing Crosby,2012-00-00,3D4CbgBl04M0FCU7InD0RR,1405629,6ZjFtWeHP9XN7FeKSUe80S
Under The Mistletoe - Bonus Track,"Kelly Clarkson, Brett Eldredge","christmas, country","Jazz, Country",When Christmas Comes Around...,2021-10-15,2CYnG4UCBBEKIiux3S0jBU,1376036,"3BmGtnKgCSGYIUhmivXKWX, 0qSX3s5pJnAlSsgsCne8Cz"
Silver Bells,Bing Crosby,christmas,Jazz,Christmas Eve with Bing Crosby,2012-00-00,7ILJ49So2Cu2V6ZoDjZ1Lp,1337971,6ZjFtWeHP9XN7FeKSUe80S
Rudolph the Red-Nosed Reindeer,Gene Autry,christmas,Jazz,Rudolph The Red Nosed Reindeer And Other Christmas Classics,1947-00-00,1dtIaSlyrLI04sqYa8nLyN,1335244,5ixB75BQR3ADoWQkcHQJTs
O Come All Ye Faithful,Nat King Cole,"christmas, adult standards, vocal jazz","Easy listening, Jazz",The Christmas Song (Expanded Edition),1962-00-00,0H1zX27yxoDrsrQA1hk5Uq,1319391,7v4imS0moSyGdXyLgVTIV7
Husn,Anuv Jain,"indian indie, hindi indie, hindi pop","Rock, Pop",Husn,2023-12-01,0TL0LFcwIBF5eX7arDIKxY,7866154,4gdMJYnopf2nEUcanAwstx
Skyfall,Adele,soft pop,Pop,Skyfall,2012-10-04,6VObnIkLVruX4UVyxWhlqm,5906570,4dpARuHxo51G3z768sgnrY
CRAZYZ,Fuerza Regida,"corrido, corridos tumbados, corridos bélicos, música mexicana, banda, sierreño, electro corridos, sad sierreño",Latin,Pa las Baby's Y Belikeada,2023-10-20,4zfQER4owi8q6NL8Gg63Ya,4624033,0ys2OFYzWYB5hRDLCsBqxt
goosebumps,Travis Scott,rap,Hip Hop,Birds In The Trap Sing McKnight,2016-09-16,6gBFPUFcJLzWGx4lenP6h2,1114656,0Y5tJX1MQlPlqiwlOH1tJY
Modo DND,"Xavi, Tony Aguirre","corridos tumbados, corrido, corridos bélicos, sad sierreño, música mexicana, banda, electro corridos, sierreño",Latin,Modo DND,2023-10-26,1TEKUj8c5iyRNUUxo9SdSD,5120598,"3Me35AWHCGqW4sZ7bWWJt1, 6twEaJ9RPRYiCmWapjG8xh"
Alucin,"Eugenio Esquivel, Grupo Marca Registrada, Sebastian Esquivel, Los Esquivel","electro corridos, corrido, corridos tumbados, corridos bélicos, banda, norteño, música mexicana, sad sierreño, sierreño",Latin,Alucin,2023-11-17,6ED7qim1NAX1HjNU8039WS,5038101,"5HeN1Iza4nZe03sFlonddz, 1gW6pz5n1aK249L0GvfQCC, 1tuNNda2SSH3o4lUms5K6C, 4ZdPHdArIbz2GSBXkozQYC"
Let Me Love You,"DJ Snake, Justin Bieber",,,Encore,2016-08-05,0lYBSQXN6rCTvUZvg9S0lU,3537446,"540vIaP2JwjQb9dm3aArA4, 1uNFoZAHBGtllmzznpCI3s"
Maria Mariah,"JC NO BEAT, DJ F7, MC Meno Dani, Silva Mc","funk, brazilian funk","Hip Hop, R&B",Maria Mariah,2023-11-17,00rxTS5TKv3oXpDA6nWfBi,5423402,"1xglv0oUbyJaycWFhyec8U, 1L5QOwu01wcDbozwIL1XXd, 3LqcLDGw41dRZKsM51H9GI, 7v4hw85pzG0M9kJHlBGsi3"
ROMPE LA DOMPE,"Peso Pluma, Junior H, Oscar Maydon","corrido, corridos tumbados, corridos bélicos, música mexicana, sad sierreño, electro corridos, banda, sierreño",Latin,ROMPE LA DOMPE,2023-12-28,2OWv3lRR8PtOVuHWzQNRs2,6790475,"12GqGscKJx3aE4t07u7eVZ, 7Gi6gjaWy3DxyilpF1a8Is, 3l9G1G9MxH6DaRhwLklaf5"
wherever u r (feat. V of BTS),"UMI, V",k-pop,Pop,wherever u r (feat. V of BTS),2023-12-30,0cGpKQ8RxxLOFqhktEURIj,4979344,"4ClziihVpBeFXNyDH83Lde, 3JsHnjpbhX4SnySpvpa9DK"
Linea Del Perreo,"Uzielito Mix, Yeri Mua, El Jordan 23, Dj Kiire","reggaeton mexa, reggaeton, electro corridos, reggaeton chileno, chilean trap, chilean mambo, mambo","Latin, Hip Hop",Linea Del Perreo,2023-12-12,1Aa54YEL20kiDPI6f4XGdS,1140434,"7wgrXbrp9RJQMri26GZgyH, 2Atk4SWx7daQtItQBa735M, 1fIJZfSmqQkuqfKNRmrS1V, 1jwYIyylx1XF15nbiPtLdu"
Lil Boo Thang,Paul Russell,,,Lil Boo Thang,2023-08-18,0cVyQfDyRnMJ0V3rjjdlU3,2775045,4zoRNhOhsGX3w8yBAnFSQ8
Poker Face,Lady Gaga,"art pop, pop",Pop,The Fame,2008-01-01,1QV6tiMFM6fSOKOGLMHYYg,1619608,1HY2Jd0NmPuamShAr6KMms
Crazy In Love (feat. JAY-Z),"Beyoncé, JAY-Z","hip hop, east coast hip hop, rap",Hip Hop,Dangerously In Love,2003-03-10,0TwBtDAWpkpM3srywFVOV5,1615361,"6vWDO969PvNqNYHIOW5v0m, 3nFkdlSjzX9mRTtwJOzDYB"
Memories (feat. Kid Cudi),"David Guetta, Kid Cudi","edm, dance, ",Electronic,One Love (New Version),2009-00-00,0Xh6R6XLoTDRBYriQRgkHj,1543298,"1Cs0zKBU1kc0i8ypK3B9ai, 0fA0VVWsXO9YnASrzqfmYu"
TiK ToK,Kesha,,,Animal (Expanded Edition),2010-01-01,0HPD5WQqrq7wPWR7P7Dw1i,1457842,6LqNN22kT3074XbTVUrhzX
Murder On The Dancefloor,Sophie Ellis-Bextor,,,Read My Lips (Deluxe Version),2002-06-06,4tKGFmENO69tZR9ahgZu48,1428041,2cBh5lVMg222FFuRU7EfDE
Hey Ya!,Outkast,"southern hip hop, hip hop",Hip Hop,Speakerboxxx/The Love Below,2003-00-00,2PpruBYCo4H7WOBJ7Q2EwM,1396694,1G9G7WwrXka3Z1r7aIDjI7
Overdrive (feat. Norma Jean Martine),"Ofenbach, Norma Jean Martine",,,Overdrive (feat. Norma Jean Martine),2023-10-06,3bK1zVFBKIzYjmptmI4NsJ,1301585,"4AKwRarlmsUlLjIwt38NLw, 2fsk4VlJdNF6G8cCMDrrzB"
Yeah! (feat. Lil Jon & Ludacris),"USHER, Lil Jon, Ludacris","r&b, crunk, southern hip hop","Hip Hop, R&B",Confessions (Expanded Edition),2004-03-23,5rb9QrpfcKFHM1EUbSIurX,1278837,"23zg3TcAtWQy7J6upgbUnj, 7sfl4Xt5KmfyDs2T3SVSMK, 3ipn9JLAPI5GUEo4y4jcoi"
Promiscuous,"Nelly Furtado, Timbaland",,,Loose,2006-01-01,2gam98EZKrF9XuOkU13ApN,1276687,"2jw70GZXlAI8QzWeY2bgRc, 5Y5TRrQiqgUO4S36tzjIRZ"
Titanium (feat. Sia),"David Guetta, Sia","edm, dance, ",Electronic,Nothing but the Beat 2.0,2011-08-24,0lHAMNU8RGiIObScrsRgmP,1268815,"1Cs0zKBU1kc0i8ypK3B9ai, 5WUlDfRSoLAfcVSX1WnrxN"
Happy New Year,ABBA,,,Super Trouper,1980-00-00,4AsvGVDWs16fqIiIdDzyvX,1248118,0LcJLqbBmaGUft1e9Mm8HV
Beauty And A Beat,"Justin Bieber, Nicki Minaj",,,Believe,2012-01-01,6QFCMUUq1T2Vf5sFUXcuQ7,1244445,"1uNFoZAHBGtllmzznpCI3s, 0hCNtLu0JehylgoiP8L4Gh"
