artist_name,artist_id,image_url
The Weeknd,1Xyo4u8uXC1ZmMpatF05PJ,https://i.scdn.co/image/ab6761610000e5eb9e528993a2820267b97f6aae
Daft Punk,4tZwfgrHOc3mvqYlEYSvVi,https://i.scdn.co/image/ab6761610000e5ebdc93bb227980211b325b9d70
The Chainsmokers,69GGBxA162lTqCwzJG5jLp,https://i.scdn.co/image/ab6761610000e5eb44434ab91c37f5407f8e83b6
Halsey,26VFTg2z8YR0cCuwLzESi2,https://i.scdn.co/image/ab6761610000e5eb7f17140567e7df5799d5c3a9
DJ Snake,540vIaP2JwjQb9dm3aArA4,https://i.scdn.co/image/ab6761610000e5ebca97cf089968b569e29d795c
Justin Bieber,1uNFoZAHBGtllmzznpCI3s,https://i.scdn.co/image/ab6761610000e5eb8ae7f2aaa9817a704a87ea36
Clean Bandit,6MDME20pz9RveH9rEXvrOM,https://i.scdn.co/image/ab6761610000e5eb70d80b8ab8e193aef64223ec
Anne-Marie,1zNqDE7qDGCsyzJwohVaoX,https://i.scdn.co/image/ab6761610000e5eb44f98903293dccbee09e37bc
Sean Paul,3Isy6kedDrgPYoTS1dazA9,https://i.scdn.co/image/ab6761610000e5eb60c3e9abe7327c0097738f22
Drake,3TVXtAsR1Inumwj472S9r4,https://i.scdn.co/image/ab6761610000e5eb4293385d324db8558179afd9
Wizkid,3tVQdUvClmAT7URs9V3rsp,https://i.scdn.co/image/ab6761610000e5ebfa2e36a9d14dc11f3233bb4a
Kyla,6TK7fjRPdy2GW2pJzNF23L,https://i.scdn.co/image/ab67616d0000b27357a84c5fd0edb2b290e3d37e
Bruno Mars,0du5cEVh5yTK9QJze8zA0C,https://i.scdn.co/image/ab6761610000e5ebc36dd9eb55fb0db4911f25dd
Maroon 5,04gDigrS5kc9YWfZHwBETP,https://i.scdn.co/image/ab6761610000e5ebf8349dfb619a7f842242de77
Kendrick Lamar,2YZyLoL8N0Wb9xBt1NhZWg,https://i.scdn.co/image/ab6761610000e5eb39ba6dcd4355c03de0b50918
Rae Sremmurd,7iZtZyCzp3LItcw1wtPI3D,https://i.scdn.co/image/ab6761610000e5ebca1568791bf7ac0cf34dbc66
Gucci Mane,13y7CgLHjMVRMDqxdx0Xdo,https://i.scdn.co/image/ab6761610000e5ebb9b77f64bd278ffde2c94428
Shakira,0EmeFodog0BfCgMzAIvKQp,https://i.scdn.co/image/ab6761610000e5eb2528c726e5ddb90a7197e527
Maluma,1r4hJ1h58CWwUQe3MxPuau,https://i.scdn.co/image/ab6761610000e5eba9bc74fbec09e03f06cddf44
ZAYN,5ZsFI1h6hIdQRw2ti0hz81,https://i.scdn.co/image/ab6761610000e5eb7a1fba1bb3618ef71355f82a
Taylor Swift,06HL4z0CvFAxyc27GXpf02,https://i.scdn.co/image/ab6761610000e5ebe672b5f553298dcdccb0e676
James Arthur,4IWBUUAFIplrNtaOHcJPRM,https://i.scdn.co/image/ab6761610000e5eb2a0c6d0343c82be9dd6fce0b
Migos,6oMuImdp5ZcFhWP0ESe6mG,https://i.scdn.co/image/ab6761610000e5ebf4593f7b778219838d858c34
Lil Uzi Vert,4O15NlyKLIASxsJ0PrXPfz,https://i.scdn.co/image/ab6761610000e5eba8ce348f34f18241d3249fa9
Major Lazer,738wLrAtLtCtFOLvQBXOXp,https://i.scdn.co/image/ab6761610000e5eb133f44ab343b35c715a4ac97
MØ,0bdfiayQAKewqEvaU6rXCv,https://i.scdn.co/image/ab6761610000e5ebac74129de4352741004c6171
Martin Garrix,60d24wfXkVzDSfLS6hyCjZ,https://i.scdn.co/image/ab6761610000e5eb45c3688488f871aace7a4a57
Bebe Rexha,64M6ah0SkkRsnPGtGiRAbb,https://i.scdn.co/image/ab6761610000e5ebead1540fa76796266fadba33
Ariana Grande,66CXWjxzNUsdJxJ2JdwvnR,https://i.scdn.co/image/ab6761610000e5eb6725802588d7dc1aba076ca5
Nicki Minaj,0hCNtLu0JehylgoiP8L4Gh,https://i.scdn.co/image/ab6761610000e5eb07a50f0a9a8f11e5a1102cbd
Starley,02A3cEvlLLCbIMVDrK2GHV,https://i.scdn.co/image/ab6761610000e5eb35f7fd848c6ec8218ec904e8
Ryan Riback,33JQK4UoS2aMPYBfdB5Ftt,https://i.scdn.co/image/ab6761610000e5eb3711298a3766f6ad38dac671
Justin Timberlake,31TPClRtHm23RisEBtV3X7,https://i.scdn.co/image/ab6761610000e5eb7a5cfe2597665a3d160e805e
Daya,6Dd3NScHWwnW6obMFbl1BH,https://i.scdn.co/image/ab6761610000e5eb540e862652f24fe2988911b2
Shawn Mendes,7n2wHs1TKAczGzO7Dd2rGr,https://i.scdn.co/image/ab6761610000e5eb58b4b9419486550f6fda0535
Steve Aoki,77AiFEVeAVj2ORpC85QVJs,https://i.scdn.co/image/ab6761610000e5ebcf85b39d94c486218a687248
Louis Tomlinson,57WHJIHrjOE3iAxpihhMnp,https://i.scdn.co/image/ab6761610000e5ebe169df750e95452a1de99692
Calvin Harris,7CajNmpbOovFoOoasH2HaY,https://i.scdn.co/image/ab6761610000e5eb1e4bcd2bef1896648762dd6b
Hailee Steinfeld,5p7f24Rk5HkUZsaS3BLG5F,https://i.scdn.co/image/ab6761610000e5eba961383967f3a3a54e794a15
Grey,4lDBihdpMlOalxy1jkUbPl,https://i.scdn.co/image/ab6761610000e5eb6f0ae12d361fa6a480cbf5a0
Zedd,2qxJFvFYMEDqd7ui6kSAcq,https://i.scdn.co/image/ab6761610000e5ebe28762aed82cde1178fb3873
mgk,6TIYQ3jFPwQSRmorSezPxX,https://i.scdn.co/image/ab6761610000e5eb6659c0c409fee150c1f7c879
Camila Cabello,4nDoRrQiYLoBzwC5BhVJzF,https://i.scdn.co/image/ab6761610000e5eb76470faf6330235edbcb90a9
Twenty One Pilots,3YQKmKGau1PzlVlkL1iodx,https://i.scdn.co/image/ab6761610000e5eb274df4dfcb960867eccedfb5
Sia,5WUlDfRSoLAfcVSX1WnrxN,https://i.scdn.co/image/ab6761610000e5eb64db06dfda27bb045bc1c2f5
Phoebe Ryan,4N874uPqBka1QiCvnCVOtr,https://i.scdn.co/image/ab6761610000e5eb9960e44634b4a3b6c8f9d83e
CNCO,0eecdvMrqBftK0M1VKhaF4,https://i.scdn.co/image/ab6761610000e5ebe61627c00d64dcb4de8001d2
DRAM,5M0lbkGluOPXLeFjApw8r8,https://i.scdn.co/image/ab6761610000e5ebee20a82c49b45b9fbc3baead
Lil Yachty,6icQOAFXDZKsumw3YXyusw,https://i.scdn.co/image/ab6761610000e5eb86c7c38d4c8c461dba55035c
Mike Posner,2KsP6tYLJlTBvSUxnwlVWa,https://i.scdn.co/image/ab6761610000e5eb85e71ac37632766429b0c2cb
Seeb,5iNrZmtVMtYev5M9yoWpEq,https://i.scdn.co/image/ab6761610000e5eb4a11d09ad6ead945d9376e67
J Balvin,1vyhD5VmyZ7KMfW5gqLgo5,https://i.scdn.co/image/ab6761610000e5eb4a350b04a3f9bb77a30b004e
Pharrell Williams,2RdwBSPQiwcmiDo9kixcl8,https://i.scdn.co/image/ab6761610000e5ebf0789cd783c20985ec3deb4e
BIA,6veh5zbFpm31XsPdjBgPER,https://i.scdn.co/image/ab6761610000e5ebd75a6bc718cf1e7ee54f3824
Sky Rompiendo,51XrH5fQP2oIQynuKxSWcW,https://i.scdn.co/image/ab6761610000e5eb13a70d2887a28d861b437b1f
Rihanna,5pKCCKE2ajJHZ9KAiaK11H,https://i.scdn.co/image/ab6761610000e5eb99e4fca7c0b7cb166d915789
Fifth Harmony,1l8Fu6IkuTP0U5QetQJ5Xt,https://i.scdn.co/image/ab6761610000e5eb5acb3cb0a8b87d3952738b97
Ty Dolla $ign,7c0XG5cIJTrrAgEC3ULPiq,https://i.scdn.co/image/ab6761610000e5eb24b3c0f33bc5e3f6a53f84d7
Alessia Cara,2wUjUUtkb5lvLKcGKsKqsR,https://i.scdn.co/image/ab6761610000e5eb6cde43f126518af0ef8eddc2
Ricky Martin,7slfeZO9LsJbWgpkIoXBUJ,https://i.scdn.co/image/ab6761610000e5eb1c0f358293ec7b223fd91fca
The Vamps,7gAppWoH7pcYmphCVTXkzs,https://i.scdn.co/image/ab6761610000e5eb77ef80571a40d9d19cf52208
Matoma,4YXycRbyyAE0wozTk7QMEq,https://i.scdn.co/image/ab6761610000e5eb9e89c8d25b3f4b4be014f2a8
Jonas Blue,1HBjj22wzbscIZ9sEb5dyf,https://i.scdn.co/image/ab6761610000e5eb1382d5a1d6a664832ec547a8
RAYE,5KKpBU5eC2tJDzf0wmlRp2,https://i.scdn.co/image/ab6761610000e5eb5e4949a1e3073b5a34b9d938
Charlie Puth,6VuMaDnrHyPL1p4EHjYLi7,https://i.scdn.co/image/ab6761610000e5ebd5594e3ae145bbb2c096366d
Selena Gomez,0C8ZW7ezQVs4URX5aX7Kqx,https://i.scdn.co/image/ab6761610000e5eb815e520e3ce7fe210046ba66
Aminé,3Gm5F95VdRxW3mqCn8RPBJ,https://i.scdn.co/image/ab6761610000e5ebe7730231c2411fd2df0c03f9
Sage The Gemini,6d47Z08T4snK50HgTEHo5Z,https://i.scdn.co/image/ab6761610000e5ebc654487e4de3245e2d2d89ab
John Legend,5y2Xq6xcjJb2jVM54GHK3t,https://i.scdn.co/image/ab6761610000e5eb01784e44ffd1a339350f4417
Nevada,15NtJjjHRFybdNSMyM9smT,https://i.scdn.co/image/ab6761610000e5eb82c191ba30209be27e1585d9
Mark Morrison,6V3F8MZrOKdT9fU686ybE9,https://i.scdn.co/image/ab6761610000e5eb28ce7bddd2d283e8e0f3141f
Fetty Wap,6PXS4YHDkKvl1wkIl4V8DL,https://i.scdn.co/image/ab6761610000e5eb8ffb1b02e4435c5176b28ed2
Alan Walker,7vk5e3vY1uw9plTHJAMwjN,https://i.scdn.co/image/ab6761610000e5ebbf753c009fd9c2d53351dd3c
Zion & Lennox,21451j1KhjAiaYKflxBjr1,https://i.scdn.co/image/ab6761610000e5ebfa844599a8631cca451a93e5
Zara Larsson,1Xylc3o4UrD53lo9CvFvVg,https://i.scdn.co/image/ab6761610000e5eb7619ca2683b434e139040f70
Alok,0NGAZxHanS9e0iNHpR8f2W,https://i.scdn.co/image/ab6761610000e5ebf7d1bdca65e1cefd4e60c379
Bruno Martini,5veVxxPm1vzgi6pO2iVA8L,https://i.scdn.co/image/ab6761610000e5eb3d9bd1ac9d00c9f45263ad25
Zeeba,7qPLO2XOUaRrRxkvLZ3AEK,https://i.scdn.co/image/ab6761610000e5ebab0d4228f1c3f40790bf32fa
Robin Schulz,3t5xRXzsuZmMDkQzgOX35S,https://i.scdn.co/image/ab6761610000e5eb869ddcc058c5ff2a459ad8d5
David Guetta,1Cs0zKBU1kc0i8ypK3B9ai,https://i.scdn.co/image/ab6761610000e5ebf150017ca69c8793503c2d4f
Cheat Codes,7DMveApC7UnC2NPfPvlHSU,https://i.scdn.co/image/ab6761610000e5ebcb85c5aad19e9ccdac03aab4
Big Sean,0c173mlxpT3dSFRgMO8XPh,https://i.scdn.co/image/ab6761610000e5eb3d5b14b45d4c3d10d23b03ff
DNCE,6T5tfhQCknKG4UnH90qGnz,https://i.scdn.co/image/ab6761610000e5ebf516ed43c65fe21e21a7c5bd
Carlos Vives,4vhNDa5ycK0ST968ek7kRr,https://i.scdn.co/image/ab6761610000e5ebd5976263fc4cfc15b6627f7b
JP Cooper,4kYGAK2zu9EAomwj3hXkXy,https://i.scdn.co/image/ab6761610000e5ebdaa277bb453ad8863ca5e519
Desiigner,7pFeBzX627ff0VnN6bxPR4,https://i.scdn.co/image/ab6761610000e5eb7142aa94e6774b71d88eb3bd
NEIKED,5H6xmHXjsq98NLbEjuE29f,https://i.scdn.co/image/ab6761610000e5eba4bf6df5107fe7b721066b97
Dyo,4H1PNuHElBLVok0lnYMrRb,https://i.scdn.co/image/ab6761610000e5eb67cb5f000aae59377fcb5cf8
J. Cole,6l3HvQ5sa6mXTsMTB19rO5,https://i.scdn.co/image/ab6761610000e5eb4b053c29fd4b317ff825f0dc
Daddy Yankee,4VMYDCV2IEDYJArk749S6m,https://i.scdn.co/image/ab6761610000e5eb99a6ccc4aae5ae5404c9eb30
Nyla,4VZY0nxYMSNotbS7WjNVQy,https://i.scdn.co/image/4533db9f5db75bf8dd362b995876418a89121fa0
Fuse ODG,374sWpAJsbZckf98df2jJJ,https://i.scdn.co/image/ab6761610000e5eb0c2cd15f0c268c23ec6a20fd
Sebastian Yatra,07YUOmWljBTXwIseAUd9TW,https://i.scdn.co/image/ab6761610000e5eb0b9d2cce6f096d2d19f2ee23
21 Savage,1URnnhqYAYcrqrcwql10ft,https://i.scdn.co/image/ab6761610000e5eb4f8f76117470957c0e81e5b2
Metro Boomin,0iEtIxbK0KxaSlF7G42ZOp,https://i.scdn.co/image/ab6761610000e5ebdf9a1555f53a20087b8c5a5c
Future,1RyvyyTE3xzB2ZywiAwp0i,https://i.scdn.co/image/ab6761610000e5eb7565b356bc9d9394eefa2ccb
Adele,4dpARuHxo51G3z768sgnrY,https://i.scdn.co/image/ab6761610000e5eb68f6e5892075d7f22615bd17
Zay Hilfigerrr,7nKeLE1toRtW4M279iS26h,https://i.scdn.co/image/ab6761610000e5ebf7550f0fd384a38a3c9a6200
Zayion McCall,5AsWcQXw4RJFRWBbwa0ti0,https://i.scdn.co/image/ab6761610000e5eb45b60ca950d67ba4c281155d
Enrique Iglesias,7qG3b048QCHVRO5Pv1T5lw,https://i.scdn.co/image/ab6761610000e5eb4fa1405802a42c665b0f2dd1
Wisin,3E6xrwgnVfYCrCs0ePERDz,https://i.scdn.co/image/ab6761610000e5eb5f4755c4dc0e19ab445aaa62
Coldplay,4gzpq5DPGxSnKTe4SA8HAU,https://i.scdn.co/image/ab6761610000e5eb1ba8fc5f5c73e7e9313cc6eb
gnash,3iri9nBFs9e4wN7PLIetAw,https://i.scdn.co/image/ab6761610000e5eb78e3e309ea0bf5dfb2192469
Olivia O'Brien,1QRj3hoop9Mv5VvHQkwPEp,https://i.scdn.co/image/ab6761610000e5ebdedc07bc2d6f72f0041a8c1c
Lil Wayne,55Aa2cqylxrFIXC767Z865,https://i.scdn.co/image/ab6761610000e5ebc1c08e541eae3cc82c6988c4
Wiz Khalifa,137W8MRPWKqSmrBGDBFSop,https://i.scdn.co/image/ab6761610000e5ebc66b0a8c3268f0b6556f64a8
Imagine Dragons,53XhwfbYqKCa1cC15pYq2q,https://i.scdn.co/image/ab6761610000e5ebab47d8dae2b24f5afe7f9d38
X Ambassadors,3NPpFNZtSTHheNBaWC82rB,https://i.scdn.co/image/ab6761610000e5ebfe04e938adb7de2920713b91
Logic,4xRYI6VqpkE3UwrDrAZL8L,https://i.scdn.co/image/ab6761610000e5eb94678f7d5353a9b680f60d23
Martin Jensen,4ehtJnVumNf6xzSCDk8aLB,https://i.scdn.co/image/ab6761610000e5ebbb66aefa6eee7185729d6921
Rob $tone,2hWs22BmQkK4czFtDLnar2,https://i.scdn.co/image/ab6761610000e5ebe38135c98ef2ad510391c684
J. Davi$,1rs3y69kDwkIdGJcOYngQt,https://i.scdn.co/image/ab6761610000e5eba7a6a22d18bc63ae77e49271
J Spooks,36Tn5h23ysORlLKc42UXfe,https://i.scdn.co/image/ab6761610000e5ebf69a67129f090e2f3de12e0c
MC G15,3Nipsl6GVwwGyeAk0J29C6,https://i.scdn.co/image/ab6761610000e5eb1e5e8ecf7f0a1e2d34f53486
Mike Perry,6lB8vOoI4DRrrVxXwuV19c,https://i.scdn.co/image/ab6761610000e5eb4ca7ccebc2f9e6c281cd6ff3
shy martin,7eCmccnRwPmRnWPw61x6jM,https://i.scdn.co/image/ab6761610000e5eb7255fc5bbdd065606dddec62
Rag'n'Bone Man,4f9iBmdUOhQWeP7dcAn1pf,https://i.scdn.co/image/ab6761610000e5eb2e1c186b5007594109f43e2c
XYLØ,6ioOEWNNGK40H8xrGj6XPW,https://i.scdn.co/image/ab6761610000e5ebbde9bcb11abd1c2c3bcf16d7
Lukas Graham,25u4wHJWxCA9vO0CzxAbK7,https://i.scdn.co/image/ab6761610000e5eb1461108c3a182fcf77ee6ea3
Kungs,7keGfmQR4X5w0two1xKZ7d,https://i.scdn.co/image/ab6761610000e5eb3b0676d8b5ef3e99ceb0194e
Cookin' On 3 Burners,726MxZBpkxnnoKl6aN7mmj,https://i.scdn.co/image/ab6761610000e5eba94773629ec7f6f7281c3062
Young M.A,7LvoDJUNGnOrPdGRzVtOJ9,https://i.scdn.co/image/ab6761610000e5eba8d380fa0ca95e0908e7616e
Cashmere Cat,2LZDXcxJWgsJfKXZv9a5eG,https://i.scdn.co/image/ab6761610000e5ebed91e9bebd673752510f4bae
Tory Lanez,2jku7tDXc6XoB6MO2hFuqg,https://i.scdn.co/image/ab6761610000e5ebbd5d3e1b363c3e26710661c3
Noah Cyrus,55fhWPvDiMpLnE4ZzNXZyW,https://i.scdn.co/image/ab6761610000e5ebb27124cea846fa1154cc58e1
Labrinth,2feDdbD5araYcm6JhFHHw7,https://i.scdn.co/image/ab6761610000e5eb7885d725841e0338092f5f6f
Luke Christopher,787bCXOIvGeBw0Bc4kEjhD,https://i.scdn.co/image/ab6761610000e5eb20757625b9abff83ff6cc835
Dakota,2zzpznMuhKlKlqh1ma7Sms,https://i.scdn.co/image/ab6761610000e5eba06bc9a0aa935ce50f31deb2
Chance the Rapper,1anyVhU62p31KFi8MEzkbf,https://i.scdn.co/image/ab6761610000e5ebe8717f034edfa96049ece459
2 Chainz,17lzZA2AlOHwCwFALHttmp,https://i.scdn.co/image/ab6761610000e5ebf556662d187b9191c421be1c
Little Mix,3e7awlrlDSwF3iM0WBjGMp,https://i.scdn.co/image/ab6761610000e5eb08cd53940cbf5813ee5fe565
Bipolar Sunshine,0CjWKoS55T7DOt0HJuwF1H,https://i.scdn.co/image/ab6761610000e5ebddb7e5b029a90a3a86161090
Ozuna,1i8SpTcr7yvPOmcqrbnVXY,https://i.scdn.co/image/ab6761610000e5eb463e10d5f1a533ddd6eb9a04
G-Eazy,02kJSzxNuaWGqwubyUba0Z,https://i.scdn.co/image/ab6761610000e5eb60faff29eca3df2de27aff99
FRENSHIP,7xEFii6utZmQ61kX59HmLH,https://i.scdn.co/image/ab6761610000e5ebf1aedb0338b4298d05280079
Emily Warren,1oKdM70mJD8VvDOTKeS8t1,https://i.scdn.co/image/ab6761610000e5ebd32e900c1a10957e955aac0f
Michael Jackson,3fMbdgg4jU18AjLCKBhRSm,https://i.scdn.co/image/ab6761610000e5eb997cc9a4aec335d46c9481fd
IAmChino,0b2GL7Y02vu50qieoQmw1w,https://i.scdn.co/image/ab6761610000e5ebbce551f814367237a87f7a8a
Pitbull,0TnOYISbd1XYRBk9myaseg,https://i.scdn.co/image/ab6761610000e5eb4051627b19277613e0e62a34
Yandel,0eHQ9o50hj6ZDNBt6Ys1sD,https://i.scdn.co/image/ab6761610000e5ebb28ff26a8cba0079ec44e84e
El Chacal,1xFn1xod58AGaSZjrxdiXA,https://i.scdn.co/image/ab6761610000e5eb6cc0b99e68a34d5bae154582
Chino & Nacho,5NS0854TqZQVoRmJKSWtFZ,https://i.scdn.co/image/ab6761610000e5ebcd07df3b3284d11536a1b00b
Petit Biscuit,6gK1Uct5FEdaUWRWpU4Cl2,https://i.scdn.co/image/ab6761610000e5ebeb1cd0996b2847abfdbb13f6
Kris Kross Amsterdam,4LcUpNlXFEleaLlelmkv2R,https://i.scdn.co/image/ab6761610000e5eb631d71bf6442253811c1400d
Jon Bellion,50JJSqHUf2RQ9xsHs0KMHg,https://i.scdn.co/image/ab6761610000e5eb4edcc18be45e0af37bdb6886
Andy Grammer,2oX42qP5ineK3hrhBECLmj,https://i.scdn.co/image/ab6761610000e5ebdfa641458cddcca4325c6afa
Queen,1dfeR4HaWDbWqFHLkxsg1d,https://i.scdn.co/image/b040846ceba13c3e9c125d68389491094e7f2982
Young Thug,50co4Is1HCEo8bhOyUWKpn,https://i.scdn.co/image/ab6761610000e5eb547d2b41c9f2c97318aad0ed
Travis Scott,0Y5tJX1MQlPlqiwlOH1tJY,https://i.scdn.co/image/ab6761610000e5eb19c2790744c792d05570bb71
Vice,0q4NrXqJnc367PieejuROJ,https://i.scdn.co/image/ab6761610000e5eb13a4ecb26bc30db2098f09e8
Skizzy Mars,00Z3UDoAQwzvGu13HoAM7J,https://i.scdn.co/image/ab6761610000e5eb99b874c875c9ee177aff77dc
Jasmine Thompson,2TL8gYTNgD6nXkyuUdDrMg,https://i.scdn.co/image/ab6761610000e5eb15ad2860f59979308151bdc5
ROZES,6jsjhAEteAlY0vCiLvMLBA,https://i.scdn.co/image/ab6761610000e5eb41292a790af64cde13877762
Ed Sheeran,6eUKZXaKkcviH0Ku9w2n3V,https://i.scdn.co/image/ab6761610000e5eb784daff754ecfe0464ddbeb9
Foster The People,7gP3bB2nilZXLfPHJhMdvc,https://i.scdn.co/image/ab6761610000e5eb22b8e662f0cfdddac8ab22bb
Childish Gambino,73sIBHcqh3Z3NyqHKZ7FOL,https://i.scdn.co/image/ab6761610000e5ebc3dc5429b676b16d451e5f77
Galantis,4sTQVOfp9vEMCemLw50sbu,https://i.scdn.co/image/ab6761610000e5eb7bda087d6fb48d481efd3344
Niall Horan,1Hsdzj7Dlq2I7tHP7501T4,https://i.scdn.co/image/ab6761610000e5ebeccc1cde8e9fdcf1c9289897
Flume,6nxWCVXbOlEVRexSbLsTer,https://i.scdn.co/image/ab6761610000e5ebdcbf7ddf047dd267e4de8978
kai,6xHUXzrfhFgnIv86EBR3Ml,https://i.scdn.co/image/ab6761610000e5eba29018c0516faaeeee23496f
Hook N Sling,3iN9k8uvm4WrgdlOigOH8D,https://i.scdn.co/image/ab6761610000e5eb0ca38f72316696365a5b3b5e
Macklemore,3JhNCzhSMTxs9WLGJJxWOY,https://i.scdn.co/image/ab6761610000e5eb488b3b242f97163a7f8e17b9
Ryan Lewis,4myTppRgh0rojLxx8RycOp,https://i.scdn.co/image/ab6761610000e5eb995bc0b7ca4dcbfe2adb7905
Macklemore & Ryan Lewis,6WLvgbfYXQPO396oJEYCsi,https://i.scdn.co/image/ab67616d0000b27398a02fef3a8b1d80a0f164ec
Ray Dalton,4e0nWw2r4BoQSKPQ2zpU13,https://i.scdn.co/image/ab6761610000e5ebea544db05af03e0f9addeb8d
Piso 21,4bw2Am3p9ji3mYsXNXtQcd,https://i.scdn.co/image/ab6761610000e5eb47256de3ea7bbaeac4bc1843
Hearts & Colors,3wjsrpfO6odEphTZWx45RQ,https://i.scdn.co/image/ab6761610000e5eba1da67d504402ebceda3a2bd
Andrelli,5M2y5A6d5QZjw9JeKClagC,https://i.scdn.co/image/ab6761610000e5eb606a1e8eb0899b300352c769
The Jackson 5,2iE18Oxc8YSumAU232n4rW,https://i.scdn.co/image/19f768d93f6c80f7d4ca5b906e1c0376a3704389
AJR,6s22t5Y3prQHyaHWUN1R1C,https://i.scdn.co/image/ab6761610000e5ebe65fa0329c232ac6f5040f80
Calum Scott,6ydoSd3N2mwgwBHtF6K7eX,https://i.scdn.co/image/ab6761610000e5eb81eb936f95f4ed10b1e36997
KYLE,4qBgvVog0wzW75IQ48mU7v,https://i.scdn.co/image/ab6761610000e5ebeb77665897ce533f73f59bf6
Nause,4PVn1b2WnnXdq80C7uaZLZ,https://i.scdn.co/image/ab6761610000e5ebab76d02d0a7b86e7b3e4e971
Pretty Sister,4bvWFV51SAEocM22uiDOza,https://i.scdn.co/image/ab6761610000e5ebf7bd26b27ec749b09a5fba59
Marvin Gaye,3koiLjNrgRTNbOwViDipeA,https://i.scdn.co/image/cf79bd3e5c787e2ec152eeb1ea5538b0d4cf1434
Tammi Terrell,75jNCko3SnEMI5gwGqrbb8,https://i.scdn.co/image/85df4af2833ce0f0fa25363c59c07e90a12c78d0
Kiiara,4u5smJBskI6Adzv08PuiUP,https://i.scdn.co/image/ab6761610000e5eb3a50ec3bc61d904970f4dd1b
Charly Black,5sK8BsvyDl4TFA6KaBf8or,https://i.scdn.co/image/ab6761610000e5eb9a2d905368962946b801cfd8
Marc E. Bassy,3tQx1LPXbsYjE9VwN1Peaa,https://i.scdn.co/image/ab6761610000e5eb6c044c16a167a8b1ebcf5965
Nicky Jam,1SupJlEpv7RS2tPNRaHViT,https://i.scdn.co/image/ab6761610000e5eb4e0f64cf0dab523714a800a7
Thalia,23wEWD21D4TPYiJugoXmYb,https://i.scdn.co/image/ab6761610000e5ebada9b6cfaa2378c96c7a40c8
Trap Capos,2pQAUIesBqfT87PaM1ijtk,https://i.scdn.co/image/ab6761610000e5eb87dcdc83d51c31a100dd0acb
Noriel,3RtNN1VnooWEn3KQk03DUL,https://i.scdn.co/image/ab6761610000e5eb76986713496efc3717ce32ee
Bryant Myers,6w9ToX5slZ4uIdmD17hJ3c,https://i.scdn.co/image/ab6761610000e5eb27e96bc9bbb0c28566c5d788
Juhn,2LmcxBak1alK1bf7d1beTr,https://i.scdn.co/image/ab6761610000e5eb5bba439efe12092ca32bc68f
Flo Rida,0jnsk9HBra6NMjO2oANoPY,https://i.scdn.co/image/ab6761610000e5eb655ca8f3196953554b479452
Dante Klein,1b4DN8Vj0dnj5cceMFsRYN,https://i.scdn.co/image/ab6761610000e5ebdb6503ebec3b1bce1ea1bb6c
Mark Ronson,3hv9jJF3adDNsBSIQDqcjp,https://i.scdn.co/image/ab6761610000e5eb105cc9628c315b29d299fbb4
Gente De Zona,2cy1zPcrFcXAJTP0APWewL,https://i.scdn.co/image/ab6761610000e5ebcda5da981e7770ec8038fb7c
Marc Anthony,4wLXwxDeWQ8mtUIRPxGiD6,https://i.scdn.co/image/ab6761610000e5eb036b6cb012fd1c34862161c2
Tove Lo,4NHQUGzhtTLFvgF5SZesLK,https://i.scdn.co/image/ab6761610000e5eb2360c963315739fc33b01687
San Holo,0jNDKefhfSbLR9sFvcPLHo,https://i.scdn.co/image/ab6761610000e5eb082c34e225913f6f5ef6f420
Farruko,329e4yvIujISKGKz1BZZbO,https://i.scdn.co/image/ab6761610000e5eb7d36b670eff30cc4de53f67c
Ky-Mani Marley,1XTGADISSMRf8B4TcVGYUC,https://i.scdn.co/image/ab6761610000e5eb5e58da6e2cec104db6eea4fa
State of Sound,05o1zW8b6PV6rEquXr74sB,https://i.scdn.co/image/ab6761610000e5eb489222dcb8d7949073c8469f
Cedric Gervais,4Wjf8diP59VmPG7fi4y724,https://i.scdn.co/image/ab6761610000e5eb577e3855698e0003f8e74e9b
Chris Willis,2qSEpijpT3YSXgxcXac1ly,https://i.scdn.co/image/ab6761610000e5eb220cc16a0a4230776900cb5d
Joel Adams,36jaGQtMj5UWD0eO1fCVdD,https://i.scdn.co/image/ab6761610000e5eb87462cbff7c782a4147b2e8f
Francesco Yates,5X1JzPIIonP3u9lA580pPT,https://i.scdn.co/image/ab6761610000e5ebe5a427073d13d28533aa52f4
Dua Lipa,6M2wZ9GZgrQXHCFfjv46we,https://i.scdn.co/image/ab6761610000e5eb0c68f6c95232e716f0abee8d
Kygo,23fqKkggKUBHNkbKtXEls4,https://i.scdn.co/image/ab6761610000e5ebe5ea1aa1404629c12ad86658
Maty Noyes,5JSXWmQO8csVUy6hSRu8TA,https://i.scdn.co/image/ab6761610000e5eb27320079129b6e719d249ed1
Skrillex,5he5w2lnU9x7JFhnwcekXX,https://i.scdn.co/image/ab6761610000e5eb61f92702ca14484aa263a931
Rick Ross,1sBkRIssrMs1AbVkOJbc7a,https://i.scdn.co/image/ab6761610000e5eb8196a8109c28a8b8aca28fae
James Hersey,0lzV2CiahHRiGd6qpADtPS,https://i.scdn.co/image/ab6761610000e5eb6ed8efd4bf58d7f6a999e8dc
Eminem,7dGJo4pcD2V6oG8kP0tJRR,https://i.scdn.co/image/ab6761610000e5eba00b11c129b27a88fc72f36b
M.I.A.,0QJIPDAEDILuo8AIq3pMuU,https://i.scdn.co/image/ab6761610000e5ebd75b03e7f83d62dcd55617ca
James Bay,4EzkuveR9pLvDVFNx6foYD,https://i.scdn.co/image/ab6761610000e5eb58d57084e75247d33ce25eaf
Kanye West,5K4W6rqBFWDnAN6FQUkS6x,https://i.scdn.co/image/ab6761610000e5eb6e835a500e791bf9c27a422a
KREAM,0DdDnziut7wOo6cAYWVZC5,https://i.scdn.co/image/ab6761610000e5eb4518a931bc31c3339bf48e47
Clara Mae,6RHKEd9dpzQ4c09x8Zdaxu,https://i.scdn.co/image/ab6761610000e5eb4518b121e8fb9387e87592cf
Post Malone,246dkjvS1zLTtiykXe5h60,https://i.scdn.co/image/ab6761610000e5ebe17c0aa1714a03d62b5ce4e0
MiC LOWRY,0AJUYWKztkg5dnrHDIBv47,https://i.scdn.co/image/ab6761610000e5eb3f7dba4868cbae0d04f0512a
Stevie Wonder,7guDJrEfX3qb6FEbdPA5qi,https://i.scdn.co/image/c59faacbed7aa770266bad048660810eca204108
JAY-Z,3nFkdlSjzX9mRTtwJOzDYB,https://i.scdn.co/image/ab6761610000e5ebc75afcd5a9027f60eaebb5e4
DVBBS,5X4LWwbUFNzPkEas04uU82,https://i.scdn.co/image/ab6761610000e5eb7774c26597015306f66cd35b
CMC$,78DWNk8gFHU30TGITAgbM7,https://i.scdn.co/image/ab6761610000e5eb40b47978985b82bbf85c9bcd
Gia Koka,71WExccCBN2mw0klSzfYzz,https://i.scdn.co/image/ab6761610000e5eb8e98c24c90def8f3eda05e22
Lady Gaga,1HY2Jd0NmPuamShAr6KMms,https://i.scdn.co/image/ab6761610000e5ebaadc18cac8d48124357c38e6
Milky Chance,1hzfo8twXdOegF3xireCYs,https://i.scdn.co/image/ab6761610000e5eb44692946203bdd94759116e3
Passenger,0gadJ2b9A4SKsB1RFkBb66,https://i.scdn.co/image/ab6761610000e5eb3eb6f55c271d954cc871954f
Sam Smith,2wY79sveU1sp5g7SokKOiI,https://i.scdn.co/image/ab6761610000e5ebc4c97d96c08e4bb7c5f574aa
Mura Masa,5Q81rlcTFh3k6DQJXPdsot,https://i.scdn.co/image/ab6761610000e5eb3aca38c42551f532b6fefc16
A$AP Rocky,13ubrt8QOOCPljQ2FL1Kca,https://i.scdn.co/image/ab6761610000e5eb5c58c41a506a0d6b32cc6cad
Nate Dogg,1Oa0bMld0A3u5OTYfMzp5h,https://i.scdn.co/image/fd5d1f379a33ee26e2dfaf296bbab0970ec95ede
The Killers,0C0XlULifJtAgn6ZNCW2eu,https://i.scdn.co/image/ab6761610000e5eb207b21f3ed0ee96adce3166a
Bryson Tiller,2EMAnMvWE2eb56ToJVfCWs,https://i.scdn.co/image/ab6761610000e5eb078fdd734b7f0aa782328428
Hozier,2FXC3k01G6Gw61bmprjgqS,https://i.scdn.co/image/ab6761610000e5ebad85a585103dfc2f3439119a
Isaiah Firebrace,5lXfVoQxVgC5fpjkVqvNYn,https://i.scdn.co/image/ab6761610000e5eb6be222257d3fccab6c51c840
VÉRITÉ,1Fr6agZ6iSM5Ynn2k4C8sc,https://i.scdn.co/image/ab6761610000e5eb1e9c5c07c1244a637929678c
99 Percent,3hPPNy5OBzCU1icQO7Nrok,https://i.scdn.co/image/ab6761610000e5eb2280f581c8038244c2fbe3b5
Chris Brown,7bXgB6jMjp9ATFy66eO08Z,https://i.scdn.co/image/ab6761610000e5eba48397e590a1c70e2cda7728
USHER,23zg3TcAtWQy7J6upgbUnj,https://i.scdn.co/image/ab6761610000e5eb716114797a4a644c67c5fa72
Snakehips,2FwJwEswyIUAljqgjNSHgP,https://i.scdn.co/image/ab6761610000e5ebb72a1f15f8a3c15f726db58a
The xx,3iOvXCl6edW5Um0fXEBRXy,https://i.scdn.co/image/ab6761610000e5eb3a96db4736ef035e1fcb2516
Tyga,5LHRHt1k9lMyONurDHEdrp,https://i.scdn.co/image/ab6761610000e5ebc0aa5c92c47f7e766074edce
London Grammar,3Bd1cgCjtCI32PYvDC3ynO,https://i.scdn.co/image/ab6761610000e5eb03fca863ba2e1e379ad19998
Rudimental,4WN5naL3ofxrVBgFpguzKo,https://i.scdn.co/image/ab6761610000e5eb7c9c23377cff3810bf0ef0e7
Don Omar,33ScadVnbm2X8kkUqOkC6Z,https://i.scdn.co/image/ab6761610000e5ebe1a911f620f24ffa1c736346
Jax Jones,4Q6nIcaBED8qUel8bBx6Cr,https://i.scdn.co/image/ab6761610000e5eb09b06c6e39518619ecd56ec5
A R I Z O N A,7hOGhpa8RMSuDOWntGIAJt,https://i.scdn.co/image/ab6761610000e5eb1a32165c7ab5afa3d8e9395d
Tiësto,2o5jDhtHVPhrJdv3cEQ99Z,https://i.scdn.co/image/ab6761610000e5ebe84e08fb1dfa2bf9b5a61563
Bright Sparks,1Dn88PoQjnQgLTOaokePFz,https://i.scdn.co/image/ab6761610000e5eb98e423709081df48a7278992
Luis Fonsi,4V8Sr092TqfHkfAA5fXXqG,https://i.scdn.co/image/ab6761610000e5eb2620d7e19f51d9c4b7e853ce
Olivia Holt,188VINPQh5dyNfLUkevKqf,https://i.scdn.co/image/ab6761610000e5eb78f5b8a5f2e1d6e30d6230b9
Stanaj,3zrUX1hQrUB9aXcOiyQLmN,https://i.scdn.co/image/ab6761610000e5eb7d48323f29210c5c345625fb
NOTD,5jAMCwdNHWr7JThxtMuEyy,https://i.scdn.co/image/ab6761610000e5ebefad82d14906269313783133
Lauv,5JZ7CnR6gTvEMKX4g70Amv,https://i.scdn.co/image/ab6761610000e5ebb173d69f77530d77a991984f
La La Land Cast,6T70tWxqyIpdVbsFvPzqM3,https://i.scdn.co/image/ab6761610000e5eb5af0d1af415910587153c02d
Ryan Gosling,6kXm2YCtdUOpRYNKeKhfue,https://i.scdn.co/image/ab6761610000e5eb2a4a7d2d1e8acd5d95df137e
Emma Stone,68Uwx1d3EbjDJhYsLjqvIq,https://i.scdn.co/image/ab6761610000e5eba48d0fc5e30ce5b742dd7936
Julia Michaels,0ZED1XzwlLHW4ZaG4lOT6m,https://i.scdn.co/image/ab6761610000e5eb1b098899f1cc5be055471b4d
PnB Rock,21WS9wngs9AqFckK7yYJPM,https://i.scdn.co/image/ab6761610000e5eb4962230cc9649e2083ac1665
Oasis,2DaxqgrOhkeH0fpeiQq2f4,https://i.scdn.co/image/ab6761610000e5eb0522e98a6f0cf1ddbee9a74f
John Mayer,0hEurMDQu99nJRq8pTxO14,https://i.scdn.co/image/ab6761610000e5ebe926dd683e1700a6d65bd835
Ugly God,3Fdm9TFJQCLmC3AWMuGExi,https://i.scdn.co/image/ab6761610000e5eb19a0dba6f32ab6d42cefbe5f
Quavo,0VRj0yCOv2FXJNP47XQnx5,https://i.scdn.co/image/ab6761610000e5ebd52229f479361a2375f6021c
Anuel AA,2R21vXR83lH98kGeO99Y66,https://i.scdn.co/image/ab6761610000e5eba23ceb177745632b517cb7b2
PARTYNEXTDOOR,2HPaUgqeutzr3jx5a9WyDV,https://i.scdn.co/image/ab6761610000e5eb957320981e31e862bc2fb844
DJ Khaled,0QHgL1lAIqAw0HtD7YldmP,https://i.scdn.co/image/ab6761610000e5eb084f36c2ae2da4a02494e1e5
James Blunt,7KMqksf0UMdyA0UCf4R3ux,https://i.scdn.co/image/ab6761610000e5eb3863fa2fdb07fb4fe1a9607d
Cosculluela,00me4Ke1LsvMxt5kydlMyU,https://i.scdn.co/image/ab6761610000e5ebf023bccf9a510b84294b3956
Cali Y El Dandee,5DUlefCLzVRzNWaNURTFpK,https://i.scdn.co/image/ab6761610000e5ebda2fa8103c14bed61c439b72
Beyoncé,6vWDO969PvNqNYHIOW5v0m,https://i.scdn.co/image/ab6761610000e5eb247f44069c0bd1781df2f785
Callie Hernandez,13kKxNPnxPeeWQaAaZwvCP,
Sonoya Mizuno,4FFGJ9ERSX06Sl8hD7GRVv,
Jessica Rothe,21yiGQIpkiP8edfxDipQaW,https://i.scdn.co/image/ab6761610000e5eb1fc02d572b7f3fab56918376
Justin Hurwitz,2snm3HmsnDUDxbIChdl2Oj,https://i.scdn.co/image/ab6761610000e5eb152668866cc33ae3fe2f4ede
Kodak Black,46SHBwWsqBkxI7EeeBEQG7,https://i.scdn.co/image/ab6761610000e5eb70c05cf4dc9a7d3ffd02ba19
Khalid,6LuN9FCkKOj5PcnpouEgny,https://i.scdn.co/image/ab6761610000e5eb24ff450c42d4e36fb34a7631
Bahari,0fs8oBR1rx7JIXZi75h7Uu,https://i.scdn.co/image/ab6761610000e5ebad2298158ccc77fbcc2589f5
Thomas Gold,1XLjkBxFokuDTlHt0mQkRe,https://i.scdn.co/image/ab6761610000e5eb6c6cddf69cc7c6517e79905a
Jillian Edwards,6ctgu4FFlnNhMgrKiIzCxp,https://i.scdn.co/image/ab6761610000e5eb148f35fe34fec91d56da3e51
Sam Hunt,2kucQ9jQwuD8jWdtR9Ef38,https://i.scdn.co/image/ab6761610000e5eb800647d0d619aa4bbfc10a53
Jeremih,3KV3p5EY4AvKxOlhGHORLg,https://i.scdn.co/image/ab6761610000e5eb8ddeab89a67542470e2631c8
Alesso,4AVFqumd2ogHFlRbKIjp1t,https://i.scdn.co/image/ab6761610000e5eb327e7178289c299c48e12577
TWENTY88,6g8AmloI8egfrr3dm3SnUL,https://i.scdn.co/image/9558262b975c7ae03f734625f29b18f43e0b697b
The Flint Chozen Choir,09BrKhoBYOu5vHVkBZ5U5X,
Starrah,6DpWtzfwV8fcwP6fXckDVu,https://i.scdn.co/image/ab6761610000e5ebc46dce23b063a36a955aa8f6
The-Dream,1W3FSF1BLpY3hlVIgvenLz,https://i.scdn.co/image/ab6761610000e5eba01ad0bea0957a2e3b7c3ced
Aaron Carter,5338fdSzGNOFD4cxAxDTeq,https://i.scdn.co/image/ab6761610000e5eb7282180bad17abc8b83495f0
KALEO,7jdFEYD2LTYjfwxOdlVjmc,https://i.scdn.co/image/ab6761610000e5ebd12dda5c73df781c0bbfe311
Journey,0rvjqX7ttXeg3mTy8Xscbt,https://i.scdn.co/image/ab6761610000e5ebe848dfb35ea4969099662dfd
Katy Perry,6jJ0s89eD6GaHleKKya26X,https://i.scdn.co/image/ab6761610000e5eb0988562f78810e47a6e3325f
Skip Marley,4ryoUS0W8qXokfMxrlJt6O,https://i.scdn.co/image/ab6761610000e5eb84b0e917bda343819091079b
Axwell /\ Ingrosso,2XnBwblw31dfGnspMIwgWz,https://i.scdn.co/image/ab6761610000e5eb9f6e5d736809c4cb40d59a7e
Kid Ink,6KZDXtSj0SzGOV705nNeh3,https://i.scdn.co/image/ab6761610000e5eb15a85a7957cac2c370e713ab
Nick Jonas,4Rxn7Im3LGfyRkY2FlHhWi,https://i.scdn.co/image/ab6761610000e5eb780447f701c671015c2109a0
Sigrid,4TrraAsitQKl821DQY42cZ,https://i.scdn.co/image/ab6761610000e5eb9cde2d330e957562aac497e0
XXXTENTACION,15UsOTVnJzReFVN1VCnxy4,https://i.scdn.co/image/ab6761610000e5ebf0c20db5ef6c6fbe5135d2e4
Burak Yeter,4ON1ruy5ijE7ZPQthbrkgI,https://i.scdn.co/image/ab6761610000e5eb22735c7f9472e50c557560e3
Danelle Sandoval,7Dz9goFmVZZqvJxZoKg7pF,https://i.scdn.co/image/ab6761610000e5eb26c456a0a47dc3d9557e6eb4
Sabrina Carpenter,74KM79TiuVKeVCqs8QtB0B,https://i.scdn.co/image/ab6761610000e5ebe053b8338322b9c8609ee7ae
BTS,3Nrfpe0tUJi4K4DXYWgMUX,https://i.scdn.co/image/ab6761610000e5ebd642648235ebf3460d2d1f6a
Marian Hill,1xHQO9GJIW9OXHxGBISYc5,https://i.scdn.co/image/ab6761610000e5eb65f01a288ca1ad0194c1e051
Towkio,23sYU61n9f1CzYi8NJhAXS,https://i.scdn.co/image/ab6761610000e5eb7651f44a0b5099c00c7a932e
Chicago Children's Choir,6e64nPdtxyICfh90RJukpg,https://i.scdn.co/image/ab6761610000e5eb80d81c1666c7b206616c01f0
Ellie Goulding,0X2BH1fck6amBIoJhDVmmJ,https://i.scdn.co/image/ab6761610000e5ebc3cd7dc428871e8985d62b9a
Joakim Lundell,0XNvr6bnNywV946ZKaJtr0,https://i.scdn.co/image/ab6761610000e5eb4c316b5689c0e536439c1aa3
Arrhult,6sge2FzdYxWSjWc5sBjmoy,https://i.scdn.co/image/ab6761610000e5ebe90f0ceab03cff3a6b9a434d
Christina Perri,7H55rcKCfwqkyDFH9wpKM6,https://i.scdn.co/image/ab6761610000e5eb9bbbc124c9f0f75af892d97d
The Goo Goo Dolls,2sil8z5kiy4r76CRTXxBCA,https://i.scdn.co/image/ab6761610000e5ebe7b66b8c4ba729848574df7a
Mikky Ekko,1buzCmyYZE4kcdLRudsb8V,https://i.scdn.co/image/ab6761610000e5eb81d954dd35145481964ddd6c
Snow Patrol,3rIZMv9rysU7JkLzEaC5Jp,https://i.scdn.co/image/ab6761610000e5eb9b328846dc38b0a620da1ce2
Bon Iver,4LEiUm1SRbFMgfqnQTwUbQ,https://i.scdn.co/image/ab6761610000e5eb1a0c1f04c95539fd55ef0ebb
Linkin Park,6XyY86QOPPrYVGvF9ch6wz,https://i.scdn.co/image/ab6761610000e5ebc7e6bd9e65eab62a53355576
NAV,7rkW85dBwwrJtlHRDkJDAC,https://i.scdn.co/image/ab6761610000e5ebf276b6e4b25bb6fb7b942ab2
Danny Ocean,5H1nN1SzW0qNeUEZvuXjAj,https://i.scdn.co/image/ab6761610000e5eb3b02770b21517dc3a03e340d
Lana Del Rey,00FQb4jTyendYWaN8pK0wa,https://i.scdn.co/image/ab6761610000e5ebb99cacf8acd5378206767261
Bag Raiders,6fXEqmGQEt6ONuqVmwrN46,https://i.scdn.co/image/ab6761610000e5eb6c3906aa2c7558f9e97d2059
MAX,1bqxdqvUtPWZri43cKHac8,https://i.scdn.co/image/ab6761610000e5eb23e614922b351df9c2e93a2b
Frank Ocean,2h93pZq0e7k5yf4dywlkpM,https://i.scdn.co/image/ab6761610000e5ebee3123e593174208f9754fab
Funk Wav,4A0TivfinfALCAMJqqjZIk,https://i.scdn.co/image/ab6761610000e5eb52c3a2c1fa4472bb5cf6a9bb
Jason Derulo,07YZf4WDAMNwqr4jfgOZ8y,https://i.scdn.co/image/ab6761610000e5eb62fa38af4bdc7322b2103493
Descemer Bueno,5luyt0SUvGkDMY4ILP6Qhl,https://i.scdn.co/image/ab6761610000e5eb4c10be0fddca72620c2b005e
Stormzy,2SrSdSvpminqmStGELCSNd,https://i.scdn.co/image/ab6761610000e5eb674d29e07df021a35df3ddf1
Kranium,1LKo6ZA3RNvKtLa6zDu32S,https://i.scdn.co/image/ab6761610000e5eb89fd6ab4e7e4aed28c5f2b84
MC Kevinho,1mXAhKnZEdF6rotyyd4GBi,https://i.scdn.co/image/ab6761610000e5ebf141dfbb270c65ed99e05ab1
Shaggy,5EvFsr3kj42KNv97ZEnqij,https://i.scdn.co/image/ab6761610000e5eb356dc7e9ba8792cb86a0c50c
Ayo & Teo,27mFvqQj8KpjmdKIqcw1mG,https://i.scdn.co/image/ab6761610000e5eb6e15b70497d56c0eeb7c6026
Alejandro Fernández,6sq1yF0OZEWA4xoXVKW1L9,https://i.scdn.co/image/ab6761610000e5eb452691cfa37fdd5b3417ed0d
Morat,5C4PDR4LnhZTbVnKWXuDKD,https://i.scdn.co/image/ab6761610000e5eb300488e7d301023f9d92d6cc
Russ,1z7b1Pr1rSlvWRzsW3HOrS,https://i.scdn.co/image/ab6761610000e5ebd155a3a187977765ffd9e07a
Lorde,163tK9Wjr9P9DmM0AVK7lm,https://i.scdn.co/image/ab6761610000e5ebc4902f080d3620b3e6da80c3
Hot Shade,3GtCKJA4SkOxN65MWjm82R,https://i.scdn.co/image/ab6761610000e5ebc164cee358395e0b6727b979
Gryffin,2ZRQcIgzPCVaT9XKhXZIzh,https://i.scdn.co/image/ab6761610000e5eba3e9c3422b7ace22d72cceab
ILLENIUM,45eNHdiiabvmbp4erw26rg,https://i.scdn.co/image/ab6761610000e5eb81a0ab3a9a4326929a01b0f1
Nacho,2ayNSoKPCRAfjp6hQ76hRu,https://i.scdn.co/image/ab6761610000e5eb25eedc68c20d267299510656
Stargate,7KUri7klyLaIFXLcuuOMCd,https://i.scdn.co/image/ab6761610000e5eba280725da7a2225cc287fdaf
P!nk,1KCSPY1glIKqW2TotWuXOR,https://i.scdn.co/image/ab6761610000e5eb7bbad89a61061304ec842588
Astrid S,3AVfmawzu83sp94QW7CEGm,https://i.scdn.co/image/ab6761610000e5eba0afba2d87ea2c5adb0c90e3
Wiktoria,3gbaHBYDy62irTs0ZsHNmi,https://i.scdn.co/image/ab6761610000e5eb18ca4b9da995a0d4813de806
Robin Bengtsson,1CQLPgGkfHrxNMqrXt5oWS,https://i.scdn.co/image/ab6761610000e5ebbf35ef6730578d2315dfd78b
Nano,48Z0MG7G6UQeWYibHpXgQe,https://i.scdn.co/image/ab6761610000e5ebb9201334f0a8dc178a9aefef
Knox Fortune,49O0SPoCoTiK2Nn2tOaHyU,https://i.scdn.co/image/ab6761610000e5eb76b73a6ae6631e650ff77000
Kehlani,0cGUm45nv7Z6M6qdXYQGTX,https://i.scdn.co/image/ab6761610000e5eb7c1477b5efba46636dbe1874
MNEK,7uMh23xWiuR7zsNkuNcm2G,https://i.scdn.co/image/ab6761610000e5eb8aead61f68aba43ec002195b
Giggs,3S0tlB4fE7ChxI2pWz8Xip,https://i.scdn.co/image/ab6761610000e5eb422f7a83347f232b060f3ac5
Black Coffee,6wMr4zKPrrR0UVz08WtUWc,https://i.scdn.co/image/ab6761610000e5eb980bed716b6784a79aabf00e
Jorja Smith,1CoZyIx7UvdxT5c8UkMzHd,https://i.scdn.co/image/ab6761610000e5eba6524d02e26778b0b99a33d5
Sampha,2WoVwexZuODvclzULjPQtm,https://i.scdn.co/image/ab6761610000e5eb36d5be1a79a8a98c4d02f012
Chuck Berry,293zczrfYafIItmnmM3coR,https://i.scdn.co/image/d58323616d4f5d22b51e9dfe0ba53aedabe53cd4
Boef,0Jsk5iYMr5aNjHury7blm1,https://i.scdn.co/image/ab6761610000e5ebcf922507be41af695aca42e9
Gorillaz,3AA28KZvwAUcZuOKwyblJQ,https://i.scdn.co/image/ab6761610000e5ebce5f4c2722732fbd7e814dad
Vince Staples,68kEuyFKyqrdQQLLsmiatm,https://i.scdn.co/image/ab6761610000e5eb53054f8bc7e0153daefe12cc
Popcaan,62DmErcU7dqZbJaDqwsqzR,https://i.scdn.co/image/ab6761610000e5ebf502679688eab84d1612616e
Jehnny Beth,2WOMBqEsllg2ICn7D2L8ta,https://i.scdn.co/image/ab6761610000e5eb90b5e4535f1ee55645038536
Iggy Azalea,5yG7ZAZafVaAlMTeBybKAL,https://i.scdn.co/image/ab6761610000e5eb698a6abf2897a8fc8283cc0c
Prince Royce,3MHaV05u0io8fQbZ2XPtlC,https://i.scdn.co/image/ab6761610000e5eb63565a99444e6c03695bf8f7
Demi Lovato,6S2OmqARrzebs0tKUEyXyp,https://i.scdn.co/image/ab6761610000e5ebe106fea940fcf250f8dd5bfe
alt-J,3XHO7cRUPCLOr6jwp8vsx5,https://i.scdn.co/image/ab6761610000e5eb3fb5214e667e278a20878a6b
Maggie Lindemann,0uGk2czvcpWQA383Im6ajf,https://i.scdn.co/image/ab6761610000e5eb3e17e695dc823f15740344b7
CADE,0CEK8AzyeD5ZUdUloB6yQV,https://i.scdn.co/image/ab6761610000e5eb1a4e476ea522525c6396c064
Harry Styles,6KImCVD70vtIoJWnq6nGn3,https://i.scdn.co/image/ab6761610000e5ebf7db7c8ede90a019c54590bb
Louane,7wjeXCtRND2ZdKfMJFu6JC,https://i.scdn.co/image/ab6761610000e5eb4555b8b58c6fc18af085ea53
Jhené Aiko,5ZS223C6JyBfXasXxrRqOk,https://i.scdn.co/image/ab6761610000e5ebbc7ca5ae34cffbb572660ee3
Florida Georgia Line,3b8QkneNDz4JHKKKlLgYZg,https://i.scdn.co/image/ab6761610000e5ebaa2d9bd207a62adc3edf6631
Mavis Staples,0cTSCsVx04SSht9V6cpKN0,https://i.scdn.co/image/ab6761610000e5eb56040cbcdbe7161d9cad01ea
Pusha T,0ONHkAv9pCAFxb0zJwDNTy,https://i.scdn.co/image/ab6761610000e5ebc5b88a3924d8318f25f20594
Joey Bada$$,2P5sC9cVZDToPxyomzF1UH,https://i.scdn.co/image/ab6761610000e5ebae01fe0d10cd8ebb4707c461
ScHoolboy Q,5IcR3N7QB1j6KBL8eImZ8m,https://i.scdn.co/image/ab6761610000e5eba59f2f483877c8d0142f71f3
Chris Jedi,0qTZZWLzuD59Un5r1speHm,https://i.scdn.co/image/ab6761610000e5eb8ea72bf4aa151fa99bf23862
Arcángel,4SsVbpTthjScTS7U2hmr1X,https://i.scdn.co/image/ab6761610000e5ebafdf17286a0d7a23ad388587
blackbear,2cFrymmkijnjDg9SS92EPM,https://i.scdn.co/image/ab6761610000e5eb4f7d049994ac00ed885bfbf2
French Montana,6vXTefBL93Dj5IqAWq6OTv,https://i.scdn.co/image/ab6761610000e5ebadb2f8e09c3e3171956aafe4
Swae Lee,1zNqQNIdeOUZHb8zbZRFMX,https://i.scdn.co/image/ab6761610000e5ebf1be22786da29b0a1284c0a5
Lord Huron,6ltzsmQQbmdoHHbLZ4ZN25,https://i.scdn.co/image/ab6761610000e5eb1d4e4e7e3c5d8fa494fc5f10
A Boogie Wit da Hoodie,31W5EY0aAly4Qieq6OFu6I,https://i.scdn.co/image/ab6761610000e5ebebe9d9f649d6ef85497f71af
U2,51Blml2LZPmy7TTiAg47vQ,https://i.scdn.co/image/ab6761610000e5ebe62be215d2ee31bcd97edaba
Zacari,3qBKjEOanahMxlRojwCzhI,https://i.scdn.co/image/ab6761610000e5ebdb78fbd1c000f16792795648
Damian Lemar Hudson,4L1YBxxAxQx0HG8lgPcFcJ,https://i.scdn.co/image/ab6761610000e5eb7cf3da6c6878969c227da985
MC Eiht,4XqfpACObRB5AsBcUYjL8X,https://i.scdn.co/image/ab6761610000e5eb5f29de77bf36c3d319ea0e23
Paramore,74XFHRwlV6OrjEM0A2NCMF,https://i.scdn.co/image/ab6761610000e5ebb10c34546a4ca2d7faeb8865
Miguel,360IAlyVv4PCEVjgyMZrxK,https://i.scdn.co/image/ab6761610000e5eb35e36c368fdcd26aba296bd1
Playboi Carti,699OTQXzgjhIYAHMy9RyPD,https://i.scdn.co/image/ab6761610000e5ebba50ca67ffc3097f6ea1710a
Felix Snow,1qskAseW7apRxJBpYAO9Yk,https://i.scdn.co/image/ab6761610000e5ebb5d93adc72bc5ae80786f2d1
Danny Brown,7aA592KWirLsnfb5ulGWvU,https://i.scdn.co/image/ab6761610000e5eb196db1757e46efbecd7314c6
Kelela,1U0sIzpRtDkvu1hXXzxh60,https://i.scdn.co/image/ab6761610000e5eb04aa92a1358d041f575abb6e
Peven Everett,0v2oB2xMS64U3lcU5DFuCY,https://i.scdn.co/image/ab67616d0000b273159a180d93fb0e912d5306db
De La Soul,1Z8ODXyhEBi3WynYw0Rya6,https://i.scdn.co/image/ab6761610000e5ebc443011311dcf7f6eeaf507d
Kelvin Mercer,0Qpk1IGiZeB6rRhfK4FVDT,
OneRepublic,5Pwc4xIPtQLFEnJriah9YJ,https://i.scdn.co/image/ab6761610000e5eb57138b98e7ddd5a86ee97a9b
Fall Out Boy,4UXqAaa6dQYAk18Lv7PEgX,https://i.scdn.co/image/ab6761610000e5eb362011ebe6064c38e97e9aac
Grace Jones,2f9ZiYA2ic1r1voObUimdd,https://i.scdn.co/image/ab6761610000e5ebc1c97da9c6326675e8c493cd
Zebra Katz,5Tz4zMiRWqiQVAymWZz99a,https://i.scdn.co/image/ab6761610000e5eba74c4a6d0d60d2c53700fc61
RAY BLK,0CkbPVBpOwwz9NPPglFKyq,https://i.scdn.co/image/ab6761610000e5eb5521dd6bb3a16fd9e5af4e15
Phoenix,1xU878Z1QtBldR7ru9owdU,https://i.scdn.co/image/ab6761610000e5eb722051daeb10119e2e039724
Anthony Hamilton,2DzRMyWgjuMbYvt5BLbpCo,https://i.scdn.co/image/ab6761610000e5eb1e5b3ab2f2ea0676590587ab
Kali Uchis,1U1el3k54VvEUzo3ybLPlM,https://i.scdn.co/image/ab6761610000e5eb6a5bff9f9278d4eea13bb67e
Black Thought,6DJEUXZm0e2rAohdoZ5Voo,https://i.scdn.co/image/ab6761610000e5eb7aabcc743c0f53874ade6bb0
Chuck D,1JfH8gevkDviqs50A5NO0L,https://i.scdn.co/image/ab6761610000e5eb0085774e4b95052d0a82f38a
Big Lenbo,5G1ozOoTwFiVTKjYMj1HAJ,https://i.scdn.co/image/ab6761610000e5ebddfc41189a5935f100e01574
No ID,4TNLCgKNImRbj2bb7g52wH,https://i.scdn.co/image/ab6761610000e5eb11cefa981b437ce95ea8d061
Ansel Elgort,59mjRp0i1B8oWSSMmGWJlJ,https://i.scdn.co/image/ab6761610000e5eb60bb77bfa19bf7241abe4f29
Killer Mike,2N4EYkIlG1kv25g6Wv8LGI,https://i.scdn.co/image/ab6761610000e5eb529dee5aaa5b6d45813f93d9
HAIM,4Ui2kfOqGujY81UcPrb5KE,https://i.scdn.co/image/ab6761610000e5eb09f7ea29906a367f0648e0bc
Juicy J,5gCRApTajqwbnHHPbr2Fpi,https://i.scdn.co/image/ab6761610000e5eb116fc50265ef72d7e66723a5
Neil deGrasse Tyson,1v3r802Az10JtIzSPawWzw,
Lucy Rose,2uvY5pgdD9t1CZ5zMNw1rl,https://i.scdn.co/image/ab6761610000e5eb2ea04f0f860e22e2f08de826
William Singe,5exS0bytCYdixgv02DaCm3,https://i.scdn.co/image/ab6761610000e5ebc805ee1d7065b4be86b27357
Electric Light Orchestra,7jefIIksOi1EazgRTfW2Pk,https://i.scdn.co/image/ab6761610000e5eb6ee22df4403027ae525ced87
Fleetwood Mac,08GQAI4eElDnROBrJRGE0X,https://i.scdn.co/image/ab6761610000e5ebc8752dd511cda8c31e9daee8
Miley Cyrus,5YGY8feqx7naU7z4HrwZM6,https://i.scdn.co/image/ab6761610000e5eb4f6758520b6f0cdd15c753ba
Felix Jaehn,4bL2B6hmLlMWnUEZnorEtG,https://i.scdn.co/image/ab6761610000e5eb9157889cadd0d28c5b45eb93
Hight,34SBu2kvAUh84umN8Pi0iI,https://i.scdn.co/image/ab6761610000e5eb2a981255d75caaf9e2390f81
Alex Aiono,5KPJMJR9PCfMWSfco8i4W4,https://i.scdn.co/image/ab6761610000e5ebc3e7b326f6bf5952323e0105
Ofenbach,4AKwRarlmsUlLjIwt38NLw,https://i.scdn.co/image/ab6761610000e5eb23862a6a0c3572e66e7bfb5c
Salvador Sobral,0GfYO21pue5u0sVEYk9HZO,https://i.scdn.co/image/ab6761610000e5eb87a12ec189eaf90e7e70c9de
Sunstroke Project,3c55dzx6W0ZFs0frtEgIsm,https://i.scdn.co/image/ab6761610000e5ebb9440008d3dfce7a5a0c54f9
Blanche,3qMyym6ov558YgVuOOscEm,https://i.scdn.co/image/ab6761610000e5eb87bb96268d4f2947afc884f6
Soundgarden,5xUf6j4upBrXZPg6AI4MRK,https://i.scdn.co/image/ab6761610000e5ebafa254b2a224584485286526
Audioslave,2ziB7fzrXBoh1HUPS6sVFn,https://i.scdn.co/image/ab6761610000e5eb5a865295befda9e060a72cb0
Chris Cornell,0XHiH53dHrvbwfjYM7en7I,https://i.scdn.co/image/85eb1c9e95d3b74bd7304e8b89d7c48601f07845
Liam Payne,5pUo3fmmHT8bhCyHE52hA6,https://i.scdn.co/image/ab6761610000e5eb4b2a3fffa1076ea1c920dcb2
Anitta,7FNnA9vBm6EKceENgCGRMb,https://i.scdn.co/image/ab6761610000e5ebda2a9d91c5f52a9088851251
Gavin James,25tMQOrIU4LlUo6Sv8v5SE,https://i.scdn.co/image/ab6761610000e5eb0ebb51f670e620337afe780e
Muse,12Chz98pHFMPJEknJQMWvI,https://i.scdn.co/image/ab6761610000e5eb0accbbe13e1aa147dd27671c
Shawn Hook,7blkMNJv8n9ceP9zlA4W2U,https://i.scdn.co/image/ab6761610000e5ebe73644e1df55c8698f7792c3
Vanessa Hudgens,6G9bygHlCyPgNGxK2l3YdE,https://i.scdn.co/image/d069c20515bc253f807a447c195e785beec89b47
J Hus,2a0uxJgbvvIRI4GX8pYfcr,https://i.scdn.co/image/ab6761610000e5eb5e58d093b8bedfa530c2dd61
Troye Sivan,3WGpXCj9YhhfX11TToZcXP,https://i.scdn.co/image/ab6761610000e5eb26e8cb3ff6fc7744b312811b
Lauren Jauregui,3J0BpFVUc9LeOIVeN5uNhU,https://i.scdn.co/image/ab6761610000e5ebd5784ddbd71d5b8ed27fe4d7
Rita Ora,5CCwRZC6euC8Odo6y9X8jr,https://i.scdn.co/image/ab6761610000e5ebc872d3c0c5491a40c98d0c44
MIMI,4GCwfakdZdo3KkBNtzU5vn,https://i.scdn.co/image/ab6761610000e5ebbb6c0fb9e49b8b90d377c1eb
Martin Solveig,1bj5GrcLom5gZFF5t949Xl,https://i.scdn.co/image/ab6761610000e5eb7520cf8cf5c0395d388ce696
Ina Wroldsen,7hssUdpvtY5oiARaUDgFZ3,https://i.scdn.co/image/ab6761610000e5eb8ac8cc52b2eb87ca1ba461e9
Offset,4DdkRBBYG6Yk9Ka8tdJ9BW,https://i.scdn.co/image/ab6761610000e5eb3e7d96e41d99352ab1feebec
Lil Kleine,3AlRiyjMywTVNzTcHbf9QT,https://i.scdn.co/image/ab6761610000e5eb75d6618888bd4f7e84529b1f
Foo Fighters,7jy3rLJdDQY21OgRLCZ9sD,https://i.scdn.co/image/ab6761610000e5ebc884df599abc793c116cdf15
Arcade Fire,3kjuyTCjPG1WMFCiyc5IuB,https://i.scdn.co/image/ab6761610000e5eba044e15eee771205956dcbf8
Pabllo Vittar,6tzRZ39aZlNqlUzQlkuhDV,https://i.scdn.co/image/ab6761610000e5eb1bd98f890c7df79547160c27
Bad Bunny,4q3ewBCX7sLwd24euuV69X,https://i.scdn.co/image/ab6761610000e5eb81f47f44084e0a09b5f0fa13
Manuel Turizo,0tmwSHipWxN12fsoLcFU3B,https://i.scdn.co/image/ab6761610000e5ebfb87d42d66722931e826d630
Jowell & Randy,4IMAo2UQchVFyPH24PAjUs,https://i.scdn.co/image/ab6761610000e5eb2ab68b2708f4007a4623f652
SZA,7tYKF4w9nC0nq9CsPZTHyP,https://i.scdn.co/image/ab6761610000e5ebfd0a9fb6c252a3ba44079acf
Sigala,1IueXOQyABrMOprrzwQJWN,https://i.scdn.co/image/ab6761610000e5eb8c0cfbb67ce0f49f26527aaf
Ella Eyre,66TrUkUZ3RM29dqeDQRgyA,https://i.scdn.co/image/ab6761610000e5eb3cb2184a3dfc288d25a1828b
ItaloBrothers,5nkYRuiIHg2xXHFC8bfosJ,https://i.scdn.co/image/ab6761610000e5eb254aaec7b69659005625b0f9
Stefflon Don,2ExGrw6XpbtUAJHTLtUXUD,https://i.scdn.co/image/ab6761610000e5ebb3c6751ef7b8d174d5f79b4c
Trey Songz,2iojnBLj0qIMiKPvVhLnsH,https://i.scdn.co/image/ab6761610000e5ebc7b9e9a3adcc3f5cbc92fb0b
Skylar Grey,4utLUGcTvOJFr6aqIJtYWV,https://i.scdn.co/image/ab6761610000e5eb49cd98e25add530b33f40cb4
Mobb Deep,6O2zJ0tId7g07yzHtX0yap,https://i.scdn.co/image/ab6761610000e5ebf85a8db4c66d84f796d2afe5
T.I.,4OBJLual30L7gRl5UkeRcT,https://i.scdn.co/image/ab6761610000e5eb12057d342f33c61b3768f2bc
Nas,20qISvAhX20dpIbOOzGK3q,https://i.scdn.co/image/ab6761610000e5eb153198caeef9e3bda92f9285
Kamferdrops,3LzHaN3Y3gT35BudaFqVyy,https://i.scdn.co/image/ab6761610000e5eb8d54584cdc102de17c5aaa75
Moon Taxi,5DK8eK7fjvRsziXzyr3sFA,https://i.scdn.co/image/ab6761610000e5ebe3acf8199e99dbced18d7029
Willy William,4RSyJzf7ef6Iu2rnLdabNq,https://i.scdn.co/image/ab6761610000e5ebb1c62ed15ffe2bc67a633601
A-Trak,3TaUSUXn41GixL7zbvrIDt,https://i.scdn.co/image/ab6761610000e5eb21aab07a9dd7731204e9e2d4
Snoop Dogg,7hJcb9fa4alzcOq3EaNPoG,https://i.scdn.co/image/ab6761610000e5ebc19a88576ebe6fcbb325c297
Takeoff,3EW0kQ1skZiK1NHg3Spt9J,https://i.scdn.co/image/ab6761610000e5ebd986fb8037e0b8e2f9f4f37d
Tyler The Creator,4V8LLVI7PbaPR0K2TGSxFF,https://i.scdn.co/image/ab6761610000e5ebdfa2b0c7544a772042a12e52
Steve Lacy,57vWImR43h4CaDao012Ofp,https://i.scdn.co/image/ab6761610000e5eb09ac9d040c168d4e4f58eb42
Jessie Reyez,3KedxarmBCyFBevnqQHy3P,https://i.scdn.co/image/ab6761610000e5eb9e801308a8c99d52a7f14374
YG,0A0FS04o6zMoto8OKPsDwY,https://i.scdn.co/image/ab6761610000e5eb64ee9bd3f5247c7be0b31312
Thomas Rhett,6x2LnllRG5uGarZMsD4iO8,https://i.scdn.co/image/ab6761610000e5ebd60ccdc3585d4b9698c706b8
Maren Morris,6WY7D3jk8zTrHtmkqqo5GI,https://i.scdn.co/image/ab6761610000e5eb3c3edcda95d7e66e7d4969d4
Lynyrd Skynyrd,4MVyzYMgTwdP7Z49wAZHx0,https://i.scdn.co/image/ab6761610000e5eb451eb07ddc6e68d3e474c2bf
Kesha,6LqNN22kT3074XbTVUrhzX,https://i.scdn.co/image/ab6761610000e5eb2ac07249400857d8b16dc17a
Jennifer Lopez,2DlGxzQSjYe5N6G9nkYghR,https://i.scdn.co/image/ab6761610000e5ebdc125248f01efbffd4efaaf4
C. Tangana,5TYxZTjIPqKM8K8NuP9woO,https://i.scdn.co/image/ab6761610000e5ebdfb9d2cb6a43021d9002a10e
LANY,49tQo2QULno7gxHutgccqF,https://i.scdn.co/image/ab6761610000e5eb90c77d2ffb0fe10130f03230
Portugal. The Man,4kI8Ie27vjvonwaB2ePh8T,https://i.scdn.co/image/ab6761610000e5ebe20c61457ea3c2fdef20c326
Max B,7f35VZGDpomj11PXdNn5D9,https://i.scdn.co/image/fc9e3f5acf8255daa7b368d68a825ceb0325c967
The Dap-Kings Horns,4LFgxG38Y0l4Fo1gdQelay,
The Script,3AQRLZ9PuTAozP28Skbq8V,https://i.scdn.co/image/ab6761610000e5eb4a0b21cd87d8a8752fd32e94
Vance Joy,10exVja0key0uqUkk6LJRT,https://i.scdn.co/image/ab6761610000e5eb8f074ec8c25406680bf26422
Mc Livinho,7me0S5Z40qVWj3gzyK8aC3,https://i.scdn.co/image/ab6761610000e5eb3a0297f679b28d6357b47049
187 Strassenbande,2j2rh3oQh4QEUnNTDKYSJD,https://i.scdn.co/image/ab6761610000e5ebd0be16c471ca57e6485267aa
Bonez MC,1aS5tqEs9ci5P9KD9tZWa6,https://i.scdn.co/image/ab6761610000e5ebd6e3e3c0521f8b8d153d7af3
Gzuz,5eioJDe26lOqkAMbuhzZYs,https://i.scdn.co/image/ab6761610000e5eb0189e5b123b650f31897b9bf
LX,10XY9PZCJKzUFzZOdtlQLU,https://i.scdn.co/image/ab6761610000e5ebf7b062395e91556199e7f57c
RAF Camora,0Dvx6p8JDyzeOPGmaCIH1L,https://i.scdn.co/image/ab6761610000e5eb0f390fb288bfe47c95ad56fa
Maxwell,0b62itBWBdLgiecXjXCqKC,https://i.scdn.co/image/ab6761610000e5ebfd3732651c25a7f4d7131b99
EXO,3cjEqqelV9zb4BYE3qDQ4O,https://i.scdn.co/image/ab6761610000e5ebaf3c4b988a6fef40843cdc83
Cash Cash,1LOB7jTeEV14pHai6EXSzF,https://i.scdn.co/image/ab6761610000e5ebc6b0d99b1a736712a1653d6a
Conor Maynard,6mU8ucezzms5I2kNH6HNlu,https://i.scdn.co/image/ab6761610000e5eb9cf43d8fd322fb5abc2c3d4b
Digital Farm Animals,5fyDppLDl1juIu1BcUT5zh,https://i.scdn.co/image/ab6761610000e5eb3c937ce9295f98248da25b05
Stevie Nicks,7crPfGd2k81ekOoSqQKWWz,https://i.scdn.co/image/ab6761610000e5ebff4ca8de3c5605e889efab75
Rex Orange County,7pbDxGE6nQSZVfiFdq9lOL,https://i.scdn.co/image/ab6761610000e5ebee3852e6b5500f0af5315609
Anna of the North,1mSJCvDX0W7Dn7S9C6vmvI,https://i.scdn.co/image/ab6761610000e5ebf1c61a73fbed8592501ceef1
Alexander Brettin,0VMO6LSExFeqYrtcR8VAre,
Jaden,0xOeVMOz2fVg5BJY3N6akT,https://i.scdn.co/image/ab6761610000e5eb7fcdd9f3bc9e12baf89b1016
Estelle,5T0MSzX9RC5NA6gAI6irSn,https://i.scdn.co/image/ab6761610000e5eb4d51e3664ea42c2dfb09f21b
Romeo Santos,5lwmRuXgjX8xIwlnauTZIP,https://i.scdn.co/image/ab6761610000e5eb6d8b48abede0f9e433aa6e49
Yo Gotti,6Ha4aES39QiVjR0L2lwuwq,https://i.scdn.co/image/ab6761610000e5eb38197044dd7bdb898225e6d7
Becky G,4obzFoKoKRHIphyHzJ35G3,https://i.scdn.co/image/ab6761610000e5eb689f28b643fd40a523e00a96
Maite Perroni,6ModsWtBph2rE6zCTVxvZt,https://i.scdn.co/image/ab6761610000e5eb6f561a1ff5ae441d0577a34c
Poo Bear,3JXpwnHbLvXxY99EuXqFPX,https://i.scdn.co/image/ab6761610000e5eba6e357c9453766329810229c
Charli xcx,25uiPmTg16RbhZWAqwLBy5,https://i.scdn.co/image/ab6761610000e5eb936885667ef44c306483c838
Dimitri Vegas & Like Mike,73jBynjsVtofjRpdpRAJGk,https://i.scdn.co/image/ab6761610000e5ebc67ffae065558fd7f08a845c
Dimitri Vegas,2HkAI0YrEcgoR8QdaURqhO,https://i.scdn.co/image/ab6761610000e5eb1c42444b8875a20621da5f61
Cardi B,4kYSro6naA4h99UJvo89HB,https://i.scdn.co/image/ab6761610000e5eb4e8a7e14e2f602eb9af24e31
Abraham Mateo,2bxxlINUlcMQQb39K7IopR,https://i.scdn.co/image/ab6761610000e5eb82f41b1b72a445689e86d1c1
Christian Daniel,2fC8dVxeS2bsfIDvFj1M4V,https://i.scdn.co/image/ab6761610000e5eb46f6642f806f4d1773dd44ee
Olly Murs,3whuHq0yGx60atvA2RCVRW,https://i.scdn.co/image/ab6761610000e5eb054b9ae2e94ed919c05a363b
Coely,2DzbXUAn0DiYqcgu2wDfaf,https://i.scdn.co/image/ab6761610000e5eb8e5fa57af4831d4b403c7c78
6LACK,4IVAbR2w4JJNJDDRFP3E83,https://i.scdn.co/image/ab6761610000e5ebf8e7a2d1a01fd98e43ee57dc
Rvssian,1fctva4kpRbg2k3v7kwRuS,https://i.scdn.co/image/ab6761610000e5eba1e4324a1f517708d1fd3f98
KAROL G,790FomKkXshlbRYZFtlgla,https://i.scdn.co/image/ab6761610000e5eb4b0754aefc9db490e02205ec
Avicii,1vCWHaC5f2uS3yhpwWbIA6,https://i.scdn.co/image/ab6761610000e5ebae07171f989fb39736674113
Sandro Cavazza,5JYo7gm2dkyLLlWHjxS7Dy,https://i.scdn.co/image/ab6761610000e5ebabc78e987a9deb1cde2734c3
Marshmello,64KEffDW9EtZ1y2vBYgq8T,https://i.scdn.co/image/ab6761610000e5eb53ca421f91678c26b4f15512
Billy Raffoul,5gw5ANPCVcxU0maLiGRzzP,https://i.scdn.co/image/ab6761610000e5ebeff0b75c01e81a22457a318e
Vargas & Lagola,2fVW2ix4ANKiofDZIsy1XR,https://i.scdn.co/image/ab6761610000e5eb7b638a4e471c1e41db0f6970
Aluna,5ITI6SEoUZMIXXkzCfr4oE,https://i.scdn.co/image/ab6761610000e5eb89f77a29b9aee62aacb0eb7e
Eagles Of Death Metal,02uYdhMhCgdB49hZlYRm9o,https://i.scdn.co/image/9084649cb287a4cd52b6955fe9f5dd647fc4e431
BloodPop®,1okJ4NC308qbtY9LyHn6DO,https://i.scdn.co/image/ab6761610000e5ebdedb069c0fd879a2d87f80b2
DJ Jonathan,5RSYz1KaYXbHfKdlaxAI8O,https://i.scdn.co/image/ab6761610000e5eb10cf43df0d29505491797535
Mambo Kingz,2T1aUibqR2QC2sINIDQOAK,https://i.scdn.co/image/ab6761610000e5eb881ed0aa97cc8420685dc90e
DJ Luian,64aJYyrXljOodnUG6jvhRD,https://i.scdn.co/image/ab6761610000e5ebe34cb2ac679537f68b1c60ce
Bonnie Tyler,0SD4eZCN4Kr0wQk56hCdh2,https://i.scdn.co/image/ab6761610000e5eb4ca4431cf4b1227eba8288d8
Oh Wonder,5cIc3SBFuBLVxJz58W2tU9,https://i.scdn.co/image/ab6761610000e5eba1bbe478917fbc2c2e48c7c9
Trippie Redd,6Xgp2XMz1fhVYe7i6yNAax,https://i.scdn.co/image/ab6761610000e5ebf2db81b3312a1f167fc54096
Thirty Seconds To Mars,0RqtSIYZmd4fiBKVFqyIqD,https://i.scdn.co/image/ab6761610000e5eb5307a8a358283efe769d9c2a
A$AP Mob,7yO4IdJjCEPz7YgZMe25iS,https://i.scdn.co/image/ab6761610000e5eb566918b7180f8965defe862e
KEY!,2tMOCIpxj6jwM9e6pmwGiP,https://i.scdn.co/image/ab6761610000e5eb366d101d0cd492ea35dfbb53
Alex Sensation,0OROVBEZCocg0FcgJpyBse,https://i.scdn.co/image/ab6761610000e5eb82e1d726d26d83643e0d2455
Tay-K,2ODbg2404zUzTi02qIPEjB,https://i.scdn.co/image/ab6761610000e5eb51563869e6c481a80c117878
WATT,4olE3I5QU0dvSR7LIpqTXc,https://i.scdn.co/image/ab6761610000e5eb0bd101b7d708edeb1c915452
Kelly Clarkson,3BmGtnKgCSGYIUhmivXKWX,https://i.scdn.co/image/ab6761610000e5eb20b8c7d395994dc81a85f291
HUGEL,5PlfkPxwCpRRWQJBxCa0By,https://i.scdn.co/image/ab6761610000e5ebedefeb58fe6077a005758cbd
Lil Pump,3wyVrVrFCkukjdVIdirGVY,https://i.scdn.co/image/ab6761610000e5eb6bc83a52ca96ea7e6ac30c7f
NATTI NATASHA,1GDbiv3spRmZ1XdM1jQbT7,https://i.scdn.co/image/ab6761610000e5eb90f7f9fdc4aace2429df5883
Joey Montana,3ATyg4fGC9F8trfb0GRWmX,https://i.scdn.co/image/ab6761610000e5eb7c2c597ef0d4aaa8c8eb1822
Tove Styrke,2QSPrJfYeRXaltEEiriXN9,https://i.scdn.co/image/ab6761610000e5eb740bae2676885855f3e5b05a
Jesse & Joy,1mX1TWKpNxDSAH16LgDfiR,https://i.scdn.co/image/ab6761610000e5eb20681c5c3fec528fe11a1646
A$AP Ferg,5dHt1vcEm9qb8fCyLcB3HL,https://i.scdn.co/image/ab6761610000e5eb11b1fd4dfaa772c272ac98ec
Earth Wind & Fire,4QQgXkCYTt3BlENzhyNETg,https://i.scdn.co/image/ab6761610000e5eb9722e16a886767adf1178f92
R3HAB,6cEuCEZu7PAE9ZSzLLc2oQ,https://i.scdn.co/image/ab6761610000e5eb20dfb8f52ef4926a22e552c8
Quintino,1V3VTM7VspiQjcmRhC010n,https://i.scdn.co/image/ab6761610000e5eb4659d63ac8932f7205bb5583
Justin Jesso,1QDrz3DMMaz3TB1cm0PGDu,https://i.scdn.co/image/ab6761610000e5ebcc5bb0de5e1a533d396edc9a
ALMA,6c0mTNAxJxlp9HpKTUZwA8,https://i.scdn.co/image/ab6761610000e5ebfc3b39c7d5ed84d8d79366c4
Niska,7CUFPNi1TU8RowpnFRSsZV,https://i.scdn.co/image/ab6761610000e5eb536e207c626c48b3c2419212
Kollegah,6gto7HVNhu4ARE3P3g8Y5Y,https://i.scdn.co/image/ab6761610000e5ebab301c4e5d1c03c14d1ff239
Farid Bang,2JwyRtuXf2l6sTnSnGVIa1,https://i.scdn.co/image/ab6761610000e5eb909bab2d8a1ebeb1443c5909
Tom Petty,2UZMlIwnkgAEDBsw1Rejkn,https://i.scdn.co/image/ab6761610000e5eb1ef0346826481e5cf1979096
Tom Petty and the Heartbreakers,4tX2TplrkIP4v05BNC903e,https://i.scdn.co/image/ab6761610000e5eb560685c65ae33b3ffbda7f19
NF,6fOMl44jA4Sp5b9PpYCkzz,https://i.scdn.co/image/ab6761610000e5eb1cf142a710a2f3d9b7a62da1
Kane Brown,3oSJ7TBVCWMDMiYjXNiCKE,https://i.scdn.co/image/ab6761610000e5eb7b830f478b2139a50b666521
Lauren Alaina,1v3tdpIdBSW14rHUfiEVOv,https://i.scdn.co/image/ab6761610000e5ebd90ac26517402835f76de11f
Rich The Kid,1pPmIToKXyGdsCF6LmqLmI,https://i.scdn.co/image/ab6761610000e5eb831fd7e9e9fe1b0217791b94
Smokepurpp,21dooacK2WGBB5amYvKyfM,https://i.scdn.co/image/ab6761610000e5eb7caf23154583969c7482e0ec
Big Shaq,7mnAzEmgquhrVtGob81SmO,https://i.scdn.co/image/ab6761610000e5eb31cd6b7c946b2b0e7583f0e5
Bausa,13bDjug9N0pyv3ZUINjkDV,https://i.scdn.co/image/ab6761610000e5ebce213bffe38bebf6f43dabc6
Red Hot Chili Peppers,0L8ExT028jH3ddEcZwqJJ5,https://i.scdn.co/image/ab6761610000e5ebc33cc15260b767ddec982ce8
CVBZ,0pt7PX4Hftlg8mV1ySU84Q,https://i.scdn.co/image/ab6761610000e5eb8eb0733b0b1dbbc6c79d4a42
Moelogo,6mctsJBrfcWvWH7S8h716D,https://i.scdn.co/image/ab6761610000e5eb14630834b4dc1470a2c519b1
The Night Game,79QO0Xmn1dZhvaLicS2Yrs,https://i.scdn.co/image/ab6761610000e5eb0f825187671c2513b7e723a7
De La Ghetto,3EiLUeyEcA6fbRPSHkG5kb,https://i.scdn.co/image/ab6761610000e5eb8cd579cb09a5cbe6560bda53
Juliander,4gvkdged3Xw3ImXFm3jiay,https://i.scdn.co/image/ab6761610000e5eb1643a51004ef97fda8f06af4
John Newman,34v5MVKeQnIo0CWYMbbrPf,https://i.scdn.co/image/ab6761610000e5eb4eaf903c2b9df9217dafeba8
Nathaniel Alford,6FB9Zw1TSMrw3LIzIvlNGG,https://i.scdn.co/image/ab6761610000e5ebf130c6e7e99c94584e620e5f
Twice As Nice,1WdM0BAEXN9RpUdPOzEZdx,https://i.scdn.co/image/ab67616d0000b273628485857e8c05ef9207aaca
Dalmata,3jGlU8UMMo44I2xeLQ6FD3,https://i.scdn.co/image/ab6761610000e5eb081d5aefce3f27103e921bbc
Ray Parker Jr.,0NyzfcGDZZ6GM25EBG9BYK,https://i.scdn.co/image/112bf0d1817b5cffc0874ff8f147d7b6ba2b9cc3
AC/DC,711MCceyCBcFnzjGY4Q7Un,https://i.scdn.co/image/ab6761610000e5ebc4c77549095c86acb4e77b37
Bobby (Boris) Pickett,42MRYPhQfcEXqb18dl5ERX,https://i.scdn.co/image/120fb5b93274fd39d1d761e9dacc71deb891eb95
The Crypt-Kickers,4frDtYgwXXKkbyQzjOmJG5,https://i.scdn.co/image/ab67616d0000b273edf6710f9c0cd81e37fcaf3d
Rockwell,3xs0LEzcPXtgNfMNcHzLIP,https://i.scdn.co/image/ab6772690000c46c38e130e4a87d0d8a46912426
Blue Öyster Cult,00tVTdpEhQQw1bqdu8RCx2,https://i.scdn.co/image/ab6761610000e5eba50ccc99f741a7899654bc16
The Citizens of Halloween,4LazDzEGshEUn9D2zbm6w2,
N.E.R.D,5wPoxI5si3eJsYYwyXV4Wi,https://i.scdn.co/image/ab6761610000e5eb191233557c296f4b113b57be
AFROJACK,4D75GcNG95ebPtNvoNVXhz,https://i.scdn.co/image/ab6761610000e5eb78484e23002e1607039af9b9
Yebba,1ooV8YZC1KbpEcrmI8WH0F,https://i.scdn.co/image/ab6761610000e5ebc7c93edb239b99c22a84bdd9
Nego do Borel,1B0Rp4SWGnFgGCPU5Pju6E,https://i.scdn.co/image/ab6761610000e5eb181cf30ca619fd115d5ab38a
Lil Xan,3EXdLajEO02ziZ90P90bSW,https://i.scdn.co/image/ab6761610000e5eb0e0542a41db531157dabd019
Bastille,7EQ0qTo7fWT7DPxmxtSYEc,https://i.scdn.co/image/ab6761610000e5eba2d481cc638c0edd452b4abd
Famous Dex,0WOxhx4hikIsyF3CRPLC8W,https://i.scdn.co/image/ab6761610000e5eb6a46fc5da66d45d9997690c9
Mariah Carey,4iHNK0tOyZPYnBU7nGAgpQ,https://i.scdn.co/image/ab6761610000e5eb35c3eff5d73f7e20ba3c9a2e
6ix9ine,7gZfnEnfiaHzxARJ2LeXrf,https://i.scdn.co/image/ab6761610000e5ebe496acc0275b2bfd673c21a9
Lil Peep,2kCcBybjl3SAtIcwdWpUe3,https://i.scdn.co/image/ab6761610000e5eb3d9d59e200e82fa53d8781a1
Diplo,5fMUXHkw8R8eOP2RNVYEZX,https://i.scdn.co/image/ab6761610000e5ebdf01727aa674ddefa777797a
Zoe Nash,1yFie7615gesdLbvVVpYU5,https://i.scdn.co/image/ab6761610000e5eb96d1b10689c95ddff1cca2cb
Wham!,5lpH0xAS4fVfLkACg9DAuM,https://i.scdn.co/image/ab6761610000e5eb351ad985210bd9185cd33969
22 Savage,7x8MuRMbm9XIldHSJOtoNo,https://i.scdn.co/image/ab67616d0000b273e03f31b8ea0ad3e9ada7e020
YBN Nahmir,3gGUMEwIX6XodWsYEvKSal,https://i.scdn.co/image/ab6761610000e5ebf952fa6d1dbb23a33dae2aca
Jason Mraz,4phGZZrJZRo4ElhRtViYdl,https://i.scdn.co/image/ab6761610000e5ebc3b370fc26c83312db52af14
Craig David,2JyWXPbkqI5ZJa3gwqVa0c,https://i.scdn.co/image/ab6761610000e5ebf5fa84e65aeb19b122aae9cb
Brenda Lee,4cPHsZM98sKzmV26wlwD2W,https://i.scdn.co/image/ab6761610000e5eb4ea49bdca366a3baa5cbb006
Salmo,3hBQ4zniNdQf1cqqo6hzuW,https://i.scdn.co/image/ab6761610000e5eb1c08dca3af3abd63eb8606fa
Andy Williams,4sj6D0zlMOl25nprDJBiU9,https://i.scdn.co/image/ab6761610000e5eb5888acdca5e748e796b4e69b
Michael Bublé,1GxkXlMwML1oSg5eLPiAz3,https://i.scdn.co/image/ab6761610000e5ebecf79fd5be85dabb0f489107
Band Aid,35S20clEkkSNUo23ViaslZ,https://i.scdn.co/image/0d3b3944d72ce6c7bdae093ee217e6e7d502263c
Bobby Helms,38EmEgXkgK51MT2tPY0EoC,https://i.scdn.co/image/ab6761610000e5ebbec4ae689dc30a2b59a19038
Anita Kerr Singers,0vbEs3DgphJ2RGZqh4qFLT,https://i.scdn.co/image/ab67616d0000b273994470e854ab0012f5614efe
MC's Jhowzinho & Kadinho,2Q4r4Epfaaho06ONTHx7OS,https://i.scdn.co/image/ab6761610000e5eb0fa367617b4719c5bc2b5bde
Frank Sinatra,1Mxqyy3pSjf8kZZL4QVxS0,https://i.scdn.co/image/fc4e0f474fb4c4cb83617aa884dc9fd9822d4411
B. Swanson Quartet,0JXiS2FrAg3wQYJHcmZdrc,
John Lennon,4x1nvY2FN8jxqAFA0DA02H,https://i.scdn.co/image/ab6761610000e5ebba4ddda6af00a6927a4f307c
The Harlem Community Choir,0vneleczrRRNPF1vj0x0vy,
The Plastic Ono Band,4m2kfAHEnK7Z7qLGxeWtro,https://i.scdn.co/image/ab6761610000e5eb01f6227cc7b24c0b740ff848
Yoko Ono,2s4tjL6W3qrblOe0raIzwJ,https://i.scdn.co/image/ab6761610000e5eb2cfed18861c121d7cfe9ee96
José Feliciano,7K78lVZ8XzkjfRSI7570FF,https://i.scdn.co/image/ab6761610000e5eb5f8c900bf430e6bfae9ec7c2
Bing Crosby,6ZjFtWeHP9XN7FeKSUe80S,https://i.scdn.co/image/ab6761610000e5ebc3cc7f45922b9adade39ef19
Ken Darby Singers,69UfPJgUmFFAVT740qGVZi,
John Scott Trotter & His Orchestra,735L650pvygCZZlPMyHqsN,https://i.scdn.co/image/ab67616d0000b2739b843b322415ab92ae8edbfa
Jamie Scott,29QbBR0oTzA7A0kiOzrbbr,https://i.scdn.co/image/ab6761610000e5ebe2a1f4120dcc8e798ab7863d
Romy Dya,5gWzmnHTLNXz5CjOc0wAuK,https://i.scdn.co/image/ab6761610000e5ebc2ec1c7afb33a3cf2e4eb39a
The Pogues,2wzMOQwNT6ZvVB4amvhFAH,https://i.scdn.co/image/066e909db6281a424881f7eb1fd11248050ed390
Kirsty MacColl,6UlNIFEuWlBqb4TvlVCekq,https://i.scdn.co/image/ab6761610000e5eb90e2c409987c4ff1296a2c90
Chris Rea,5KEG7G8LDYlHgFDqZyEEs2,https://i.scdn.co/image/ab6761610000e5eb81aacad025d8338d125debd0
Paul McCartney,4STHEaNw4mPZ2tzheohgXB,https://i.scdn.co/image/ab6761610000e5eb03bf2fe26e397122faa3d323
Shakin' Stevens,0wi4yTYlGtEnbGo4ltZTib,https://i.scdn.co/image/ab6761610000e5eb0cdda37cae32193ecc26fe02
Booba,58wXmynHaAWI5hwlPZP3qL,https://i.scdn.co/image/ab6761610000e5eb96b3ab10e89bad078d125c3a
Damso,2UwqpfQtNuhBwviIC0f2ie,https://i.scdn.co/image/ab6761610000e5eb2c7ede97239d20260baa9cdc
Nat King Cole,7v4imS0moSyGdXyLgVTIV7,https://i.scdn.co/image/ab6761610000e5eb0ec0ea710ed8ce9e490d9c7b
Burl Ives,0MHgLfmQdutffmvWe5XBTN,https://i.scdn.co/image/ab6761610000e5ebcec2dd52046443079ba66472
Elvis Presley,43ZHCT0cAZBISjO8DG9PnE,https://i.scdn.co/image/ab6761610000e5eb9a93e273380982dff84c0d7c
John Williams,3dRfiJ2650SZu6GbydcHNb,https://i.scdn.co/image/ab6761610000e5eb86b13e4d2e65ebf694384ef4
Perry Como,5v8jlSmAQfrkTjAlpUfWtu,https://i.scdn.co/image/67994599f4a13b71c23e0fdfc2ffbf9ab94bb513
The Fontane Sisters,1Ml4OuStDoympbREURAM15,https://i.scdn.co/image/ab6742d3000053b7dc26b2ffee1685e71c4dd417
Mitchell Ayres & His Orchestra,0HS96tPggl2nwiz3gNWWI5,https://i.scdn.co/image/ab67616d0000b2731b50684f4fd392cd822a9419
Pentatonix,26AHtbjWKiwYzsoGoUZq53,https://i.scdn.co/image/ab6761610000e5ebd910f1c80f8283f62540792b
Shania Twain,5e4Dhzv426EvQe3aDb64jL,https://i.scdn.co/image/ab6761610000e5eb01022f4092cb96e0a91811a5
Eartha Kitt,1AwO9pWEBSBoWdEZu28XDC,https://i.scdn.co/image/ab6761610000e5ebfa589cdca77cfcd16bb576c1
Henri René and His Orchestra,0oK8UXKZbQezeRhE0KeBAV,https://i.scdn.co/image/ab67616d0000b273a10829ae8c431c31370e68b2
Vince Guaraldi Trio,4ytkhMSAnrDP8XzRNlw9FS,https://i.scdn.co/image/822d7cac5aa9649b2c8a0be5da89567f8b80ca56
Kash Doll,3u579Gdap91lMptBSdXTpf,https://i.scdn.co/image/ab6761610000e5eb3ae964ef740d482d7cebcc1c
Britney Spears,26dSoYclwsYLMAKD3tpOr4,https://i.scdn.co/image/ab6761610000e5eb3a49b0a3954e460a8a76ed90
Elton John,3PhoLpVuITZKcymswpck5b,https://i.scdn.co/image/ab6761610000e5eb597e69ca488f26e20257b85b
Daryl Hall & John Oates,77tT1kLj6mCWtFNqiOmP9H,https://i.scdn.co/image/ab6761610000e5ebae81417d966e209b735b1160
Meghan Trainor,6JL8zeS1NmiOftqZTRgdTz,https://i.scdn.co/image/ab6761610000e5eb365984489dac7a79eac204e3
The Puppini Sisters,1svaANJTE5KrG16fTGDqOs,https://i.scdn.co/image/ab6761610000e5eb05230e15dc5082f9751c1523
Kylie Minogue,4RVnAU35WRWra6OZ3CbbMA,https://i.scdn.co/image/ab6761610000e5eb9a8ae4546aa5fb59aac60262
Alicia Keys,3DiDSECUqqY1AuBP8qtaIa,https://i.scdn.co/image/ab6761610000e5ebebfd16a3bca87c31c1e20576
PHresher,0FTrIsp2Mg7Bkf8eXQrISa,https://i.scdn.co/image/ab6761610000e5eba3039d5d4743caea0c64d84b
Pink,2IaM2MOwxviyS7FytyD2iA,
Andrea Bocelli,3EA9hVIzKfFiQI0Kikz2wo,https://i.scdn.co/image/ab6761610000e5ebfb101ed2a035fcfa2bd6fee1
Drew Love,76yeOnINtQSXyoEHbkYmtY,https://i.scdn.co/image/ab6761610000e5eb70c3b9d362ee1937ef535a58
MC Fioti,2W6kbe0nm96COrHzNmfLLd,https://i.scdn.co/image/ab6761610000e5eb3498a523248ac2734deaef20
Juan Magán,1ackd5XprZEkH3McKbQD51,https://i.scdn.co/image/ab6761610000e5eb9bff446a54ba1ca20ddbb001
ZAAC,76Xa625geVw0Q7BdyxNjA2,https://i.scdn.co/image/ab6761610000e5ebeb99451a4ad7c2756d97a00b
Maejor,3XcCT5MPlQPWFTJyzXbfuX,https://i.scdn.co/image/ab6761610000e5ebea7af9887c128b62c4a304d8
Tropkillaz,5bzWtCkjIAMgN93gLt56SO,https://i.scdn.co/image/ab6761610000e5eb9b3a943eae22f267672daff8
DJ Yuri Martins,0xA8Rmfl9di0sVaPl9AyR9,https://i.scdn.co/image/ab6761610000e5eb7e221e0f4daf82ba12e425ae
Wolfine,2OnKRchqP7tT0FzTvWIFI7,https://i.scdn.co/image/ab6761610000e5eb96b5ff74160fe7fcc9eb930a
Huncho Jack,6extd4B6hl8VTmnlhpl2bY,https://i.scdn.co/image/ab67616d0000b273631973893e94d01cfcdf0e5e
The Beach Boys,3oDbviiivRWhXwIE8hxkVV,https://i.scdn.co/image/ab6761610000e5eba6132f35731872a047c7588f
The Ronettes,7CyeXFnOrfC1N6z4naIpgo,https://i.scdn.co/image/ab6761610000e5ebc47897b69089f59e31817f26
Bruce Springsteen,3eqjTLE0HfPfh78zjh6TqT,https://i.scdn.co/image/ab6761610000e5eb81df2fa2f937029ec986bbb8
*NSYNC,6Ff53KvcvAj5U7Z1vojB5o,https://i.scdn.co/image/ab6761610000e5eb9414ef07d0ca697726912df1
Idina Menzel,73Np75Wv2tju61Eo9Zw4IR,https://i.scdn.co/image/ab6761610000e5eb6e39cafa090a7f726177bbf7
Boney M.,54R6Y0I7jGUCveDTtI21nb,https://i.scdn.co/image/94f8fa49e6ac6748393ff020567c9b95c7f48c18
Judy Garland,0hItVPjwJLVZrFqOyIsxPf,https://i.scdn.co/image/eb176061d33ff8d04daee54b00a6f4206d1c0ef5
Leona Lewis,5lKZWd6HiSCLfnDGrq9RAm,https://i.scdn.co/image/ab6761610000e5ebe9cf3862b8027eb5b9f6b831
Gwen Stefani,4yiQZ8tQPux8cPriYMWUFP,https://i.scdn.co/image/ab6761610000e5eb64b94bebbaee56f793e24853
Blake Shelton,1UTPBmNbXNTittyMJrNkvw,https://i.scdn.co/image/ab6761610000e5ebaa03b29eb3a550f139fbb955
Melanie Thornton,2apYMRrg5FxN4go0pfsCvf,https://i.scdn.co/image/ab6761610000e5eb9b83bf93cd70ac461df4bc7f
Eagles,0ECwFtbIWEVNwjlrfc6xoL,https://i.scdn.co/image/ab6761610000e5eb0767e116a2307495e37cd7fb
Bryan Adams,3Z02hBLubJxuFJfhacLSDc,https://i.scdn.co/image/ab6761610000e5eb9333e218db341b192817db03
Slade,10n5lhNDoSMUHWLlnST1yw,https://i.scdn.co/image/ab6761610000e5eb11bfa6c1dc072571dd8386b5
Dean Martin,49e4v89VmlDcFCMyDv9wQ9,https://i.scdn.co/image/ab6761610000e5eb63066e18f9af780b2bc73b4f
Darlene Love,391oLRVmoTkumiN79HkTWu,https://i.scdn.co/image/d7d6a7209389a3985020c999b5584bf020772b24
Destiny's Child,1Y8cdNmUJH7yBTd9yOvr5i,https://i.scdn.co/image/ab6761610000e5ebf75e64532704bd6acf0b4e76
Gene Autry,5ixB75BQR3ADoWQkcHQJTs,https://i.scdn.co/image/66a7fe2b2fd9388cf860f88e8636910f161be6cd
Wizzard,7823Dim2TzjiQQ9wRQxyi9,https://i.scdn.co/image/ab6761610000e5eb82c1da4fbef496bb6990c2d4
Tony Bennett,2lolQgalUvZDfp5vvVtTYV,https://i.scdn.co/image/ab6761610000e5ebcd9641c8b449440a77ee19cc
Jona Lewie,3nohf4qILMr5aUSOsolwxB,https://i.scdn.co/image/ab6761610000e5eb5afbdeededca4608227ca03a
Pretenders,0GByy3DcfbQwDvXGCWmzv9,https://i.scdn.co/image/ab6761610000e5ebe1e579234621464c62c08f63
George Ezra,2ysnwxxNtSgbb9t1m2Ur4j,https://i.scdn.co/image/ab6761610000e5ebbe936a26ceb9cbbdec7df15b
Carpenters,1eEfMU2AhEo7XnKgL7c304,https://i.scdn.co/image/ed45f575339b044d7168780a15ff457b85be851a
Cliff Richard,2nvKpWcP8etYTq4JrRiUiy,https://i.scdn.co/image/ab6761610000e5ebb237a1fbb5c5568ebe44a296
The Andrews Sisters,2NCGI6dLTxLdI9XHdv7QfM,https://i.scdn.co/image/ab67616d0000b273b545de9d06f4281d1c43b1f5
Thurl Ravenscroft,5Gejwv3xz2DpLcxVpMD6hL,https://i.scdn.co/image/ab67616d0000b2733179327b8f6c31d3791bbc26
Kay Starr,7rpf45DdbpweG51Acze45i,https://i.scdn.co/image/ab6761610000e5ebe38218257e0c311e50e74345
Nat King Cole Trio,3OpnoUqoRIHWbsFs4Nw0NQ,https://i.scdn.co/image/ab67616d0000b2739a79b3c34293a7474e31ef1d
Mud,3cqIsBnzV3BabbPWKz8Txf,https://i.scdn.co/image/ab67616d0000b27379fb80e5cd7fbc8be0f08b9a
Count Basie Big Band,5OBN8AfE5Rv0K9lbAg16cO,https://i.scdn.co/image/ab67616d0000b273d28ba5e0afc957de19cf467f
Lou Monte,7dbKeVkihtOifdiu7f3rUg,https://i.scdn.co/image/ab67616d0000b273f0a64311563167d102b362d0
Joe Reisman's Orchestra and Chorus,2qkfMoOIz3BqLD91C1B09a,https://i.scdn.co/image/ab67616d0000b2731ed044b8b433c47ae4f6160a
Peggy Lee,602DnpaSXJB4b9DZrvxbDc,https://i.scdn.co/image/ab6761610000e5ebd4a26542545d9aad6c5b49be
The Platters,6KWcxMWVNVIYbdOQyJtsSy,https://i.scdn.co/image/ab6761610000e5eba0035d75c9430827d6961a9d
Quality Control,6i392l38cR3uBPF0DbNs7S,https://i.scdn.co/image/ab67616d0000b273f5c547a4335523f10a802f94
Zac Efron,6U1dBXJhC8gXFjamvFTmHg,https://i.scdn.co/image/735f581e4a58d772bd495494dceae99120ea0f4e
Zendaya,6sCbFbEjbYepqswM1vWjjs,https://i.scdn.co/image/fba29219867535aaed72b65c2cb363040cb98103
Keala Settle,7HV2RI2qNug4EcQqLbCAKS,https://i.scdn.co/image/ab6761610000e5eb3e4e65ab59c7e8197ed3bed1
The Greatest Showman Ensemble,63nv0hWWDob56Rk8GlNpN8,https://i.scdn.co/image/ab67616d0000b273b33c769adce9e164764a7ca0
Belinda,5LeiVcEnsZcwc133TUhJNW,https://i.scdn.co/image/ab6761610000e5ebcd9c84d73483fd0e367cb085
Snova,5oOyEfGd8NxAKA41zGQhoj,https://i.scdn.co/image/ab6761610000e5ebe97ce78555b7afe02f613d50
B-Case,1o9x7ez0NvhDb7gBqrYnUj,https://i.scdn.co/image/ab6761610000e5eb98e68f7bdf75fa9f8f855885
Hugh Jackman,5F1aoppMtU3OMiltO8ymJ2,https://i.scdn.co/image/e8f69e48f7ae80c6247fda3bf03d6155ae0d7282
Outkast,1G9G7WwrXka3Z1r7aIDjI7,https://i.scdn.co/image/ab6761610000e5eb0cb3f95b9f8f7337e135a925
Bee Gees,1LZEQNv7sE11VDY3SdxQeN,https://i.scdn.co/image/1d5a05673975ba0c378cd280344e000b0b865620
Nick Waterhouse,0V7uVrIYr4FwFvUN9S4kYr,https://i.scdn.co/image/ab6761610000e5eb38642e6e2cc283240b97dc47
Rik Rok,67wCYxOq4A1ohAs7jWYaOJ,https://i.scdn.co/image/ab67616d0000b2731154effc6086bff87198e1ca
The Clash,3RGLhK1IP9jnYFH4BRFJBS,https://i.scdn.co/image/ab6761610000e5eb2fc4d22f2e060511db2ae971
Eurythmics,0NKDgy9j66h3DLnN8qu1bB,https://i.scdn.co/image/ab6761610000e5eb145a01fb993c3088fe6ac5e7
Annie Lennox,5MspMQqdVbdwP6ax3GXqum,https://i.scdn.co/image/2bf002eded5952f81c6254286d9a2d354586f070
Dave Stewart,7gcCQIlkkfbul5Mt0jBQkg,https://i.scdn.co/image/ab6761610000e5eb94fdf3ac086d95c63d93772e
Wyclef Jean,7aBzpmFXB4WWpPl2F7RjBe,https://i.scdn.co/image/ab6761610000e5ebad53e714cc3481bd069bfc93
Aretha Franklin,7nwUJBm0HE4ZxD3f5cy5ok,https://i.scdn.co/image/ab6761610000e5ebf12270128127ba170f90097d
Lucenzo,5bv5RplEOwdCvhq0EILh9E,https://i.scdn.co/image/ab6761610000e5eb265dde2b466a2e476b1c2b61
The Beatles,3WrFJ7ztbogyGnTHbHJFl2,https://i.scdn.co/image/ab6761610000e5ebe9348cc01ff5d55971b22433
TOTO,0PFtn5NtBbbUNbU9EAmIWF,https://i.scdn.co/image/ab6761610000e5eba59a5bcab211f964fe9bfb06
Loren Allred,0LyOADBjj28cbvJWTXUEGA,https://i.scdn.co/image/ab6761610000e5ebb6a68a8aa028ac8d8ad16b00
Ziv Zaifman,2cQr2KbzdRtIFlfbHGnNsL,
Michelle Williams,2LAqcqAQ8KPTsl1HBgBrqM,https://i.scdn.co/image/ab6761610000e5eb161adf3b448f71f2a1a301c6
Matt Terry,2JLqTvFXmC87BksiCsBezV,https://i.scdn.co/image/ab6761610000e5ebc721de55d17ef4f1d70a43d9
Daniel Everidge,2Rimf9z3oYDBeszSXFACRR,
Boyz II Men,6O74knDqdv3XaWtkII7Xjp,https://i.scdn.co/image/c8b0d67be35852171d04d7309c2cfe1992a8a4eb
Lil Skies,7d3WFRME3vBY2cgoP38RDo,https://i.scdn.co/image/ab6761610000e5eb1c91ee64878b36dcee243160
Landon Cube,04ei5kNgmDuNAydFhhIHnD,https://i.scdn.co/image/ab6761610000e5ebd9661bc77c93d94f62415d3f
Austyn Johnson,6Y20PijIkUoCtuvtkz37dO,https://i.scdn.co/image/ab6761610000e5ebc7ac7e79ee6b5c0521916963
Cameron Seely,0nFUCMGlkx1lMZnHL6ArVJ,
Jay Rock,28ExwzUQsvgJooOI0X1mr3,https://i.scdn.co/image/ab6761610000e5eb9c48431caf52a2d0f38433ff
James Blake,53KwLdlmrlCelAZMaLVZqU,https://i.scdn.co/image/ab6761610000e5eb93fe5fc8fdb5a98248911a07
The Cranberries,7t0rwkOPGlDPEhaOcVtOt9,https://i.scdn.co/image/143c01f407ed64a4b3bcbc92d24c05ef80981251
Lean Trap,3gTZHK9u10mTyoEoT9tJaE,
Jeon,3ECsaSd1fom8coUUkkFzqt,https://i.scdn.co/image/ab6761610000e5ebf3f1068c4e9ec9d3d2f6193a
Sfera Ebbasta,23TFHmajVfBtlRx5MXqgoz,https://i.scdn.co/image/ab6761610000e5eb001b450ba15d86b0023c2281
Jess Glynne,4ScCswdRlyA23odg9thgIO,https://i.scdn.co/image/ab6761610000e5eba52d6095be04ca6691ba9a96
Dan Caplen,2U3FuHYvL3vhkbDAXm24Ep,https://i.scdn.co/image/ab6761610000e5ebe07f1f78cfe805e6fffea701
DrefGold,6jwzGu5VdkR5tsRROYuxso,https://i.scdn.co/image/ab6761610000e5ebda33001a6829af775a1aea44
Ramz,6ywXRaHY7m2DJ0dd7CsLAB,https://i.scdn.co/image/ab6761610000e5eb043000ee5668e8f8cf30b680
Carnage,7CCjtD0hCK005Bvg2WG1a7,https://i.scdn.co/image/ab6761610000e5eb9dce3cbff297c22fbcd62a96
Jojo Maronttinni,6bGwi8TG7T8Vcp415XooE5,https://i.scdn.co/image/ab6761610000e5eb5c3fd691ef80fe5c3fc71294
Bazzi,4GvEc3ANtPPjt1ZJllr5Zl,https://i.scdn.co/image/ab6761610000e5eb901476fdd0fd274362d445db
Almighty,6P6GTRTigHBp8ZesNtpCKH,https://i.scdn.co/image/ab6761610000e5ebefd18d2fec23083d22c8ed09
Chris Stapleton,4YLtscXsxbVgi031ovDDdh,https://i.scdn.co/image/ab6761610000e5eba0c87c8f329b436eac8b9784
Ghali,3egWSWp7Y4FyCKIyvXbw7L,https://i.scdn.co/image/ab6761610000e5eb98d994da18bd2edd2c72a107
Dj Kass,431Pb5EV8KsCBGTw96ZTQ4,https://i.scdn.co/image/ab6761610000e5ebcba6be5796277271894a6611
CHVRCHES,3CjlHNtplJyTf9npxaPl5w,https://i.scdn.co/image/ab6761610000e5eb15e5ae2c6a8cdf07ed0253ae
Rich Brian,2IDLDx25HU1nQMKde4n61a,https://i.scdn.co/image/ab6761610000e5eb64cf3df9e86296510b3193a3
Red Velvet,1z4g3DjTBBZKhvAroFlhOM,https://i.scdn.co/image/ab6761610000e5eb02a562ea6b1dc718394010ac
Simone & Simaria,0MInKJqZscEeNc5K3K0mkE,https://i.scdn.co/image/ab6761610000e5eba108594c6d9e69bd76ee9ce0
Saudi,37Qsf5KCKljH7mL134xp4k,https://i.scdn.co/image/ab6761610000e5eb14c105a48c334c735301c1d1
BlocBoy JB,4TEJudQY2pXxVHPE3gD2EU,https://i.scdn.co/image/ab6761610000e5eb600f823b07af7fdd65a6b877
Yugen Blakrok,3kv1Edgn5HlEWCuEKr1Y9x,https://i.scdn.co/image/ab6761610000e5eb0611eb094f7d2b86b46289e8
SOB X RBE,2TImI3DW7o5MdRXJs4D37h,https://i.scdn.co/image/ab6761610000e5eb24e6f9ce2527f8241ee1947d
Ab-Soul,0g9vAlRPK9Gt3FKCekk4TW,https://i.scdn.co/image/ab6761610000e5eb53e37d2ad6497c8e5768149a
Anderson .Paak,3jK9MiCrA42lLAdMGUZpwa,https://i.scdn.co/image/ab6761610000e5eb96287bd47570ff13f0c01496
Babes Wodumo,3jfVtv9mWfW0c5b3Fx440e,https://i.scdn.co/image/ab67616d0000b273799143b30879f7496e63a187
Mozzy,4AA474G2hRfrHyGrfyDseO,https://i.scdn.co/image/ab6761610000e5eb95c2739935f8e72ed3fafb97
Sjava,4RfOLIFy2xEmlWzXEVmLJn,https://i.scdn.co/image/ab6761610000e5eb3795a16b55269a8445fab673
REASON,6XpXnnKHIhCOUbOLOJGe6o,https://i.scdn.co/image/ab6761610000e5eb9af6fc84f6e69ecfc82d23af
MC Loma e As Gêmeas Lacração,6tdM5Njlln7nWkonCppW0u,https://i.scdn.co/image/ab6761610000e5eb31d52454bd9236b11b6414b3
Normani,2cWZOOzeOm4WmBJRnD5R7I,https://i.scdn.co/image/ab6761610000e5ebdc6e85ec0f93f5b2cf475487
Sofía Reyes,0haZhu4fFKt0Ag94kZDiz2,https://i.scdn.co/image/ab6761610000e5eb0da5cf6f9cc010dc781697ec
Reik,0vR2qb8m9WHeZ5ByCbimq2,https://i.scdn.co/image/ab6761610000e5ebf87c48cbd2ebcb0a66ce8ae1
Tom Walker,7z2avKuuiMAT4XZJFv8Rvh,https://i.scdn.co/image/ab6761610000e5ebc2384c86f647f1d9ae9fb3ed
London On Da Track,5Nf5yishRW9Ye174sJISkg,https://i.scdn.co/image/ab6761610000e5eb412b6025ef84628ec07970d6
Glades,14rP13jdQNgQvuPA2AkBgm,https://i.scdn.co/image/ab6761610000e5eb89154ed96f25cac1080c2a94
5 Seconds of Summer,5Rl15oVamLq7FbSb0NNBNy,https://i.scdn.co/image/ab6761610000e5eb5048d9616b459ef90f04b6d8
Brooks,4mHAu7NX2UNsnGXjviBD9e,https://i.scdn.co/image/ab6761610000e5eb5d38303cbb04cf3544867bdf
Janelle Monáe,6ueGR6SWhUJfvEhqkvMsVs,https://i.scdn.co/image/ab6761610000e5eb5dab878686269b7b8f4c3ab1
Mau y Ricky,2wkoKEfS6dXwThbyTnZWFU,https://i.scdn.co/image/ab6761610000e5eb4496181f37731cbc794802d7
Leslie Grace,6BeO1KuAWBqFriL1mLHtNc,https://i.scdn.co/image/ab6761610000e5ebbde67f9fdaf3531de31caad2
Lali,22P1OY4TRFRwhP0q29loQ8,https://i.scdn.co/image/ab6761610000e5eb9966b17b3ded0c94986f891f
Slim Jxmmi,7EEiVZvj6RCEtVX2F2pyxu,https://i.scdn.co/image/ab6761610000e5eb0f8d832dfa56744c867179c8
j-hope,0b1sIQumIAsNbqAoIClSpy,https://i.scdn.co/image/ab6761610000e5eb7fbd0592f63c1819b5827772
Young Sinatra,1iBGuNBYRKnNdKxm0kKNM0,
Olly Alexander (Years & Years),5vBSrE1xujD2FXYRarbAXc,https://i.scdn.co/image/ab6761610000e5eb97c652b3442755c921c1277f
YoungBoy Never Broke Again,7wlFDEWiM5OoIAt8RSli8b,https://i.scdn.co/image/ab6761610000e5ebb1d6eaf7ad3417765577cac4
K$upreme,7trxpXo6hVUnoB22sbCkEd,https://i.scdn.co/image/ab6761610000e5ebe35b9e70446149d89f8f9d21
Tee Grizzley,6AUl0ykLLpvTktob97x9hO,https://i.scdn.co/image/ab6761610000e5eb7dbcb7a2ee36263e9dd45523
HRVY,28y6CyJNkGNjJQKrlx4AmN,https://i.scdn.co/image/ab6761610000e5ebbbb8f6c9d02f71a3d0d25f93
Dennis Lloyd,3EOEK57CV77D4ovYVcmiyt,https://i.scdn.co/image/ab6761610000e5ebe98ba0e81c76949960dd6c48
DJ A1,7ao5uJZUsPeVpWlNkkjWyx,
King Princess,6beUvFUlKliUYJdLOXNj9C,https://i.scdn.co/image/ab6761610000e5ebdced725bdaf4014fdf5c3238
Lil Dicky,1tqhsYv8yBBdwANFNzHtcr,https://i.scdn.co/image/ab6761610000e5ebfd1780645d82ecbc3b5253cb
Rio Santana,3mLdH6xxrscTf2poCN9Kzy,https://i.scdn.co/image/ab6761610000e5eb01841a59b8585758bec8f548
Judah,2V0DROfM2ieFSOcA3SHJLD,https://i.scdn.co/image/ab6761610000e5eb59e0dd67a8294f521bd3a07d
Andrez Babii,4DROs1Ye9DiLY3X8L7xvl8,https://i.scdn.co/image/ab6761610000e5ebc687911b0801b68940a4a38c
Matt OX,2J6pigOrBmKQgqJUY5UM7r,https://i.scdn.co/image/ab6761610000e5ebb7d4da804592e9955af57ccf
Travis Barker,4exLIFE8sISLr28sqG1qNX,https://i.scdn.co/image/ab6761610000e5eb217f81a86110ebc7c0e43fb3
KHEA,4m6ubhNsdwF4psNf3R8kwR,https://i.scdn.co/image/ab6761610000e5ebf77927bd5d7fd19637d32d0d
Duki,1bAftSH8umNcGZ0uyV7LMg,https://i.scdn.co/image/ab6761610000e5eb0f682e8d99b232d621a25c3b
Cazzu,6w3SkAHYPsQ1bxV7VDlG5y,https://i.scdn.co/image/ab6761610000e5eb543f7b205d7db7568d5e00c3
Paulo Londra,3vQ0GE3mI0dAaxIMYe5g7z,https://i.scdn.co/image/ab6761610000e5eb3deda947e22df7dd3c8fe2c2
Panic! At The Disco,20JZFwl6HVl6yg8a4H3ZqK,https://i.scdn.co/image/ab6761610000e5ebb256ae9a4b82bfff97776ae2
Santigold,6Jrxnp0JgqmeUX1veU591p,https://i.scdn.co/image/ab6761610000e5eb8d7a5250b491f705d4f060b6
Madison Beer,2kRfqPViCqYdSGhYSM9R0Q,https://i.scdn.co/image/ab6761610000e5ebe0b37426761bbaa441615c5b
Dan + Shay,7z5WFjZAIYejWy0NI5lv4T,https://i.scdn.co/image/ab6761610000e5ebd52ae4e62c64e82541b55d94
Gesaffelstein,3hteYQFiMFbJY7wS0xDymP,https://i.scdn.co/image/ab6761610000e5ebd1b0c16bf77cfe30c09b4951
Hayley Kiyoko,3LjhVl7GzYsza1biQjTpaN,https://i.scdn.co/image/ab6761610000e5eb9518c52fa035e0cfb3d29724
Zé Neto & Cristiano,487N2T9nIPEHrlTZLL3SQs,https://i.scdn.co/image/ab6761610000e5eb7098ffe23a919f7742979c6e
Rivers Cuomo,4LAz9VRX8Nat9kvIzgkg2v,https://i.scdn.co/image/ab6761610000e5ebfa16c573e959a8cec07c6441
Moby,3OsRAKCvk37zwYcnzRf5XF,https://i.scdn.co/image/ab6761610000e5eb85e8c6cc75e2810460c84564
Jay Electronica,0TkqXdyWLsssJH7okthMPQ,https://i.scdn.co/image/ab6761610000e5eb17385ceb1d72a778ce30ccc2
Bomba Estéreo,5n9bMYfz9qss2VOW89EVs2,https://i.scdn.co/image/ab6761610000e5ebcc4d7c642f167846d8aa743b
Tainy,0GM7qgcRCORpGnfcN2tCiB,https://i.scdn.co/image/ab6761610000e5ebb50d43598b9074f0d6146127
Bea Miller,1o2NpYGqHiCq7FoiYdyd1x,https://i.scdn.co/image/ab6761610000e5ebdaaf5f75751b6379c108993c
Florence + The Machine,1moxjboGR7GNWYIMWsRjgG,https://i.scdn.co/image/ab6761610000e5ebe3c37f869b830d1cf1ec829a
Nio Garcia,5hdhHgpxyniooUiQVaPxQ0,https://i.scdn.co/image/ab6761610000e5eb896f795cb3e4125f4f6f394d
Casper Magico,1fux65HMCBvfJHqlBc4Nno,https://i.scdn.co/image/ab6761610000e5eb4b0000c18b1aa72866a66e4d
Darell,1TtXnWcUs0FCkaZDPGYHdf,https://i.scdn.co/image/ab6761610000e5eb594bb04c77f6c06c5b4cf1f3
Jorge & Mateus,1elUiq4X7pxej6FRlrEzjM,https://i.scdn.co/image/ab6761610000e5eb77937baabc49dea13c17c706
Paloma Faith,4fwuXg6XQHfdlOdmw36OHa,https://i.scdn.co/image/ab6761610000e5eb7265a79cf26c2e4b3fed8d66
MC Kekel,2ZXnTEyYopSLCDiz5Z0XIf,https://i.scdn.co/image/ab6761610000e5eb1e60e63d419572771e48c884
MC Rita,5yES5e4EJpUB0tfmWi3eao,https://i.scdn.co/image/ab6761610000e5eb3585dea02bfe1d9a8dd4e607
Luis Figueroa,7waNCUQ1Ne7OoNHgqpgMZ7,https://i.scdn.co/image/ab6761610000e5ebc4f593b0f73180f1f2f7ce58
Lary Over,1jSjfSgDjedJdi5MoyRu78,https://i.scdn.co/image/ab6761610000e5eb77daacf2c076796e402e23c9
kiLL edward,3EWxytcxaM0tksU6v3je2Q,https://i.scdn.co/image/ab67616d0000b273f486f4fb9bc73494968746b7
Billie Eilish,6qqNVTkY8uBg9cP3Jd7DAH,https://i.scdn.co/image/ab6761610000e5eb4a21b4760d2ecb7b0dcdc8da
Capo Plaza,5SulO4l40qDuV9zUGLZx7n,https://i.scdn.co/image/ab6761610000e5eb5b99ddedf89e6734d917ba7f
Dagny,6Paz0vXJJ9bCPf0fEm3qzg,https://i.scdn.co/image/ab6761610000e5eb4355c9c3543b22a7441f2940
Nicky Romero,5ChF3i92IPZHduM7jN3dpg,https://i.scdn.co/image/ab6761610000e5ebf52dbc272680ae6386fa1630
Tim Berg,7iLc4hrjOjQPfg1E3cCHg1,https://i.scdn.co/image/ebae979a746db853d4f8f274719a7ab48f6978d3
Banx & Ranx,2uFC1dAj5b0YU7vulKNZ0p,https://i.scdn.co/image/ab6761610000e5eb43bfc517e340042f5a4da746
Yxng Bane,5AbLpsnTQVNB3OEadYiVrK,https://i.scdn.co/image/ab6761610000e5eb1f103be3db95d934e6df604d
Mason Ramsey,6xvpfMjWTougrRRtK7iikz,https://i.scdn.co/image/ab6761610000e5eb68cca20e8e53a690fb93ef1a
Capital Bra,4WZGDpNwrC0vNQyl9QzF7d,https://i.scdn.co/image/ab6761610000e5eb0809c08ca0610e3e7168e0dc
Ufo361,5pVRwX5ZQR7hfJ18w8ZYkl,https://i.scdn.co/image/ab6761610000e5eb986e3cb0e4a41c52ba7e011c
MC MM,3a5ydeAaojKa3CHWe5PVWK,https://i.scdn.co/image/ab6761610000e5ebd6b4b96bcf1eb09078d93d3e
DJ RD,0tvACMjTDrW7HCo4F2wiIb,https://i.scdn.co/image/ab6761610000e5eb2e1893d32b30a828c430abb5
MC WM,14D0I0RYqvIorkPL2EWoQh,https://i.scdn.co/image/ab6761610000e5eb4f721bff72adb86574d5e85b
Lenny Tavárez,1pQWsZQehhS4wavwh7Fnxd,https://i.scdn.co/image/ab6761610000e5eb3afda6e209cde491e2ec3ace
Charlie Charles,1UCxzrM5WJh9ure5vCcsim,https://i.scdn.co/image/ab6761610000e5ebaf69b8cf262ee5ff09878b5a
LSD,6IZ4ctovY9dl7bgHClAvKJ,https://i.scdn.co/image/ab6761610000e5eb9923e913151e48529710edb2
Christina Aguilera,1l7ZsJRRS8wlW3WfJfPfNS,https://i.scdn.co/image/ab6761610000e5eb1fb7a2d94b56df1f8a61d779
J-AX,2iK8weavvfS2xJCmzNzNE5,https://i.scdn.co/image/ab6761610000e5ebe3a531b350725827c3ed39ea
Fedez,3pgCLfNbw5ozIfoNsvDU7i,https://i.scdn.co/image/ab6761610000e5eb8575fffdb8eab3a8bdaa1ea9
Alvaro Soler,2urF8dgLVfDjunO0pcHUEe,https://i.scdn.co/image/ab6761610000e5eb672653f13ee538bca5aa7512
Arctic Monkeys,7Ln80lUS6He07XvHI8qqHH,https://i.scdn.co/image/ab6761610000e5eb7da39dea0a72f581535fb11f
Dark Polo Gang,4CuMwzDzEdlUJMEna38VQ0,https://i.scdn.co/image/ab6761610000e5eb27ef01a02f53e0328aa034c6
Pi’erre Bourne,3x3jSlhyv5CiCZDZlaTq0M,https://i.scdn.co/image/ab6761610000e5eb057015e505454bc625940dc3
Juice WRLD,4MCBfE4596Uoi2O4DtmEMz,https://i.scdn.co/image/ab6761610000e5eb01ab50f1479f24a42804efd8
Netta,4Z4afeDmHFxPmJorIwupbZ,https://i.scdn.co/image/ab6761610000e5eb1e8bf7dea711bb0c4b4fdaf3
Eleni Foureira,39E15l8zeCDYpSZwFNX4G2,https://i.scdn.co/image/ab6761610000e5eb594169e52b09e23ca2ac1a73
MIKOLAS,6Kz7MXIUFMtp5Ts91lagtR,https://i.scdn.co/image/ab6761610000e5ebbce713c9f8594abdc66defe2
Michael Schulte,21aa4pj9BvbFB2iT8kRpnq,https://i.scdn.co/image/ab6761610000e5eba5af4589b4b74decb04642e5
Benjamin Ingrosso,7jEEE187pVG6InOxn03oA5,https://i.scdn.co/image/ab6761610000e5eb414a4cca954d0a14740e3cc9
Lil Baby,5f7VJjfbwm532GiveGC0ZK,https://i.scdn.co/image/ab6761610000e5eb514da623c55dc9d2155705dd
Luis Miguel,2nszmSgqreHSdJA3zWPyrW,https://i.scdn.co/image/ab6761610000e5eb6481401e529e475116702a29
Dzeko,5vQfv3s2Z2SRdPZKr82ABw,https://i.scdn.co/image/ab6761610000e5eb42ccd4b622194ed8e8194b23
Preme,0bdJZl7TDeiymDYzMJnVh2,https://i.scdn.co/image/ab6761610000e5eb2a5d8de7c26d743e77963684
Zhavia,1CO6e7WRJvSFenmQO8n64C,https://i.scdn.co/image/ab6761610000e5eb863c3d98f5fe13e6f0c95b79
Aldair Playboy,6LjdKBMnP1Da8Oe6WhrN56,https://i.scdn.co/image/ab6761610000e5ebfd94650524ed79cb1f0cd441
Loud Luxury,6t1gpxYbY8OlLA7D2RiikQ,https://i.scdn.co/image/ab6761610000e5eb1d23bc85d27d27f958f9bc95
Brando,5uEeqYFuIChoWKy34jp8xE,https://i.scdn.co/image/ab6761610000e5eb5ab710aa369441bcf11fd9b2
Brytiago,00XhexlJEXQstHimpZN910,https://i.scdn.co/image/ab6761610000e5eb7486acff39c8b4fced069655
Skepta,2p1fiYHYiXz9qi0JJyxBzN,https://i.scdn.co/image/ab6761610000e5eb247e3bd61bd004869b5bffc3
Kid Cudi,0fA0VVWsXO9YnASrzqfmYu,https://i.scdn.co/image/ab6761610000e5eb876faa285687786c3d314ae0
FKA twigs,6nB0iY1cjSY1KyhYyuIIKH,https://i.scdn.co/image/ab6761610000e5eb1a8242e65195789d352c97bd
Will Smith,41qil2VaGbD194gaEcmmyx,https://i.scdn.co/image/ab6761610000e5ebed2ac32344707185c1a7d148
Era Istrefi,4poL7YCSkG7kMnWjAdDU91,https://i.scdn.co/image/ab6761610000e5eb0485432cb1b794ae009c3626
Matheus & Kauan,2Z0lRIqr997lIUiPtrpKCr,https://i.scdn.co/image/ab6761610000e5eb41b37730f9ae1809d34f228e
DJ SpinKing,1qSJaftSab2kTTsj7fLxvM,https://i.scdn.co/image/ab6761610000e5eb6c28a4ee6bf41956bb62fc25
Wesley Safadão,1AL2GKpmRrKXkYIcASuRFa,https://i.scdn.co/image/ab6761610000e5eb0af28bb695bee12eb564990d
The 1975,3mIj9lX2MWuHmhNCA7LSCW,https://i.scdn.co/image/ab6761610000e5eb0c6e752cbb1e6d1416970f5a
George Benson,4N8BwYTEC6XqykGvXXlmfv,https://i.scdn.co/image/ab6761610000e5eb487b00fa17362b8eab3b16c8
Jack & Jack,1INuLZXjjVbcJRyWvD1iSq,https://i.scdn.co/image/ab6761610000e5ebcf82518674b5f48880f0a123
KIDS SEE GHOSTS,2hPgGN4uhvXAxiXQBIXOmE,https://i.scdn.co/image/ab6761610000e5eb22c693c66a5494d88194d543
Louis Prima,52lBOxCxbJg0ttXEW9CQpW,https://i.scdn.co/image/85e8343b215c98ad063417ac2f6b63919557721a
Summer Cem,3drqpTL4sQOckmAfF9i1wg,https://i.scdn.co/image/ab6761610000e5eb25490a5e0aca9dffb2ee836b
Yasiin Bey,6r2niOTnexy9xss5g8GWXH,https://i.scdn.co/image/ab67616d0000b273a919ae19a122c74e27c5bad0
MC Bruninho,3shPgAzHMyRwWOkXeoWKeB,https://i.scdn.co/image/ab6761610000e5eb98e6deb4a05164ad1b90226e
Louis The Child,7wg1qvie3KqDNQbAkTdbX0,https://i.scdn.co/image/ab6761610000e5ebeb2275f3d2e3536302fa084c
Wafia,0FL2d6iFFNAV3yBUbXjZ1U,https://i.scdn.co/image/ab6761610000e5ebed0f88fe9d7ea658a60c6c8e
BLACKPINK,41MozSoPIsD1dJM0CLPjZF,https://i.scdn.co/image/ab6761610000e5ebc9690bc711d04b3d4fd4b87c
Mr Eazi,4TAoP0f9OuWZUesao43xUW,https://i.scdn.co/image/ab6761610000e5eb6bb92fd0515f7bb07ec67a98
Showtek,3gk0OYeLFWYupGFRHqLSR7,https://i.scdn.co/image/ab6761610000e5eb34995d6b17e2274331c5382d
Diddy,59wfkuBoNyhDMQGCljbUbA,https://i.scdn.co/image/ab6761610000e5eb5065f82653e9ad00fdcafa42
070 Shake,12Zk1DFhCbHY6v3xep2ZjI,https://i.scdn.co/image/ab6761610000e5eb6338990250f5d5a447650ba9
The WRLDFMS Tony Williams,6TTVdg5UOUHsyiYPHgxLaq,https://i.scdn.co/image/ab6761610000e5eb99fa6ed1467d2256f6d69f20
Ella Mai,7HkdQ0gt53LP4zmHsL0nap,https://i.scdn.co/image/ab6761610000e5eb4349cc98c1606d1be4fb375d
The Carters,4fpTMHe34LC5t3h5ztK8qu,https://i.scdn.co/image/ab6761610000e5ebeb9a74db18fea9f05d5f6d5a
Kin$oul,6HhsbprrJmKeaH8SgSlGge,https://i.scdn.co/image/ab6761610000e5eb4226b10bf69f35fcc1d10777
Killstation,0zPILh9oEH0fDagpkHTQQ8,https://i.scdn.co/image/ab6761610000e5eb98df1450959832d7a7123d23
Ski Mask The Slump God,2rhFzFmezpnW82MNqEKVry,https://i.scdn.co/image/ab6761610000e5eb6fe251c4f2ab0cffe13c7cd0
King Khalil,08ao8gzTHBtNf5Laf9jjwR,https://i.scdn.co/image/ab6761610000e5eba6928b2678d88a6794707002
Blac Youngsta,41klVmDluQZmGGqoidNfbe,https://i.scdn.co/image/ab6761610000e5eb2031d926472e0341e0e5f0fb
PNL,3NH8t45zOTqzlZgBvZRjvB,https://i.scdn.co/image/ab6761610000e5eb51767bb5e3e3add66699344b
LUDMILLA,3CDoRporvSjdzTrm99a3gi,https://i.scdn.co/image/ab6761610000e5ebc171639017f673a5ecfb92f3
Mc Doguinha,6GX3y0u61X0EHZZogsQFbL,https://i.scdn.co/image/ab6761610000e5eb6b63bed7a3ed12b630fa09b8
MC Pupio,0n9VWli2NkR8OqJS4dXTqw,https://i.scdn.co/image/ab67616d0000b27375e5d73539f6d4411d0be05d
Alec Benjamin,5IH6FPUwQTxPSXurCrcIov,https://i.scdn.co/image/ab6761610000e5eb10164a7f6d166aabbb00c4dd
Yung Pinch,61qMnYXa1GxSBoV3IiYKjZ,https://i.scdn.co/image/ab6761610000e5eb8cdace816d79718f5046728a
Static Major,3pbi8H08p95NUZ7m6ybxUV,https://i.scdn.co/image/ab6761610000e5eb5ccc476e8b18673e01d87420
Jamie Principle,5obQFNrkFoWB51hm1JTHMw,https://i.scdn.co/image/ab6761610000e5eb9ac184fb2521f8cf1a63a8dd
Mala Rodríguez,3Ces1OJeGOVGcUB0wPaPXJ,https://i.scdn.co/image/ab6761610000e5eb9daf9c526ead6228439f2dee
OMI,5MouCg6ta7zAxsfMEbc1uh,https://i.scdn.co/image/ab6761610000e5ebb4318429cc3c4a3b72f5f87a
Dynoro,3v6Ji4uoWtKRkhuDUaxi9n,https://i.scdn.co/image/ab6761610000e5eb71c0e657e2c507f83aeb1627
Gigi D'Agostino,1OAjDaKgg00KCUYqDe68un,https://i.scdn.co/image/ab6761610000e5eb3547c85b33443eb3d8abd004
Bushido,3c96G4d2lUOxhomM2mby5S,https://i.scdn.co/image/ab6761610000e5eba46cc9fa5570f8cb8737aa53
Samra,6h1s4i4XKIYv4ErDelLDN0,https://i.scdn.co/image/ab6761610000e5ebbce9695dd9ae95e1a479185d
Baddiel Skinner & Lightning Seeds,3LtYMPncqtiugGwOuuLq3h,https://i.scdn.co/image/ab6761610000e5eb11e6ef7a8e7a6b79f6ca91e5
Meek Mill,20sxb77xiYeusSH8cVdatc,https://i.scdn.co/image/ab6761610000e5ebc14756c27212bdea80f6cfac
Swizz Beatz,2cADQgiLMjNhbsfeN52Bf3,https://i.scdn.co/image/ab6761610000e5ebaab238968309b88b14407cbd
Justin Quiles,14zUHaJZo1mnYtn6IBRaRP,https://i.scdn.co/image/ab6761610000e5ebbeba3686f2081e55ccea59e8
Street Rappers,1iPOay2JCcgNMPvBaPe9Ky,
benny blanco,5CiGnKThu5ctn9pBxv7DGa,https://i.scdn.co/image/ab6761610000e5eb9e339e423b680759b0006a63
R.K.M & Ken-Y,3jFjgKOGfVLWfXX8q5wrsg,https://i.scdn.co/image/ab6761610000e5eb810d42c1823613afcf0d2363
Alex Rose,2DspEsT7UXGKd2VaaedgG4,https://i.scdn.co/image/ab6761610000e5eb69c83765b128d11ae87700d2
Rauw Alejandro,1mcTU81TzQhprhouKaTkpq,https://i.scdn.co/image/ab6761610000e5ebb271c8a0507c4c1ea795d989
Supa Bwe,05kWC05qQmocVoC5Udgl6D,https://i.scdn.co/image/ab6761610000e5eb2147e860426d21bb1a1fb301
Forever Band,0yWuhITiYSrjzBrgT4NKsb,https://i.scdn.co/image/ab6761610000e5ebf6d359be81cf5dfc62d05099
Elley Duhé,67MNhiAICFY6Pwc2YxCO0K,https://i.scdn.co/image/ab6761610000e5eb44efd91d240d9853049612b4
El Profesor,2gTcdmBwgyh3EORKIXCzlw,https://i.scdn.co/image/ab6761610000e5eb68eeec349171d12a3b735af7
Murda Beatz,3CbYyyd8wH3RT6t0jwpdzC,https://i.scdn.co/image/ab6761610000e5eb526e2147488dbd2eca08ce62
Dean Lewis,3QSQFmccmX81fWCUSPTS7y,https://i.scdn.co/image/ab6761610000e5ebcd4f69d1758be97745a7e961
Zion,1pgDilWYDWLoOgGjf1iHNu,https://i.scdn.co/image/ab67616d0000b273f4371bfd653207b5def22d80
Ryan Tedder,4we5S2VLjgY9KzIzApL1KI,https://i.scdn.co/image/ab6761610000e5eb0e0f48d384c940354bcfc7d1
Au/Ra,1eMmoIprPDWeFdB1FxU6ZV,https://i.scdn.co/image/ab6761610000e5eb2eac2bd8d035f71531b0c08d
Tomine Harket,6064pL9Hu3Wx2bwJMeOx6o,https://i.scdn.co/image/ab6761610000e5eb4199eee29d6e8f4faa3ca77d
Aitana,7eLcDZDYHXZCebtQmVFL25,https://i.scdn.co/image/ab6761610000e5ebf70cb5cef7d3848570900de5
The Boy Next Door,4QfOh8rJ0OddhhXHD5QyWs,https://i.scdn.co/image/ab6761610000e5eb0eba0a2a4ab8d425b7d5df5c
DJ Durel,1MHslxKWxauC559dXYEX1C,https://i.scdn.co/image/ab6761610000e5ebb797ab94f8dd30f5a98fc00b
Don Khuma,0IsDyC7yhWO36zl3qlFzGH,
Trío Los Josefinos,67mFhErdTWmJ9slGMC6vOf,
Tropijazz,3J8pdA8hGN7lMw8ENo5fRv,
TINI,7vXDAI8JwjW531ouMGbfcp,https://i.scdn.co/image/ab6761610000e5eb4a8ba36738058bdccead8cb1
Juju,4sg4no0TXdsrM1s4SVUwNF,https://i.scdn.co/image/ab6761610000e5eb0c95d1ac78f07957bead4040
Bonn,7Io0XduXk7aOHFHA7sLru2,https://i.scdn.co/image/ab6761610000e5eb9e131b7f4869860ed37d41be
Timbaland,5Y5TRrQiqgUO4S36tzjIRZ,https://i.scdn.co/image/ab6761610000e5ebb713079a55dcf937d241dd2b
Robyn,6UE7nl9mha6s8z0wFQFIZ2,https://i.scdn.co/image/ab6761610000e5ebbc142401994ad4c5ddbf7829
Mac Miller,4LLpKhyESsyAXpc4laK94U,https://i.scdn.co/image/ab6761610000e5ebed3b89aa602145fde71a163a
Jay 305,2l2o6ibYa7h1w4HwaS1uZV,https://i.scdn.co/image/ab6761610000e5eb7729801ab464aa4ed67737ac
Reese LAFLARE,07V3atNq2TyPNDYmzp6Dyy,https://i.scdn.co/image/ab6761610000e5ebfa38370f79ed3db9b4ab0f82
Sheck Wes,2RDOrhPqAM4jzTRCEb19qX,https://i.scdn.co/image/ab6761610000e5eb1709525276c11ad492f56354
Armin van Buuren,0SfsnGyD8FpIN4U4WCkBZ5,https://i.scdn.co/image/ab6761610000e5eb90db664ba1bf6574239f859d
Missy Elliott,2wIVse2owClT7go1WT98tk,https://i.scdn.co/image/ab6761610000e5ebf6691f40d906f097e9fbaa4c
Young Stoner Life,1xr2G8Hlx4QWmT9HaUbmoO,https://i.scdn.co/image/ab6761610000e5eb426433c9b6997417d193516c
Gunna,2hlmm7s2ICUX0LVIhVFlZQ,https://i.scdn.co/image/ab6761610000e5ebb978b95b8e03351df8e103af
Lele Pons,6i3DxIlAqnDkwELLw4aVrx,https://i.scdn.co/image/ab6761610000e5ebfc9b670f12ac4e47758569fe
a-ha,2jzc5TC5TVFLXQlBNiIUzE,https://i.scdn.co/image/ab6761610000e5eb0168ba8148c07c2cdeb7d067
Bring Me The Horizon,1Ffb6ejR6Fe5IamqA5oRUF,https://i.scdn.co/image/ab6761610000e5ebe7c9399d0b5d813c20cbec65
Bas,70gP6Ry4Uo0Yx6uzPIdaiJ,https://i.scdn.co/image/ab6761610000e5eb765400c3d2b3a23e55008735
Arthur Hanlon,2tYwhzzfvvDr29BbBFcHhB,https://i.scdn.co/image/ab6761610000e5eb603d3fdb665afe063c59f8b5
Bryce Vine,1ShZZUjkbXCjhwrb18BA8I,https://i.scdn.co/image/ab6761610000e5ebef4095d07eb0637ae48fd0d3
Why Don't We,2jnIB6XdLvnJUeNTy5A0J2,https://i.scdn.co/image/ab6761610000e5eb9160fac7a1ecb8ee89a633ac
Joyner Lucas,6C1ohJrd5VydigQtaGy5Wa,https://i.scdn.co/image/ab6761610000e5eb5499a7cda22fba70a237903d
"Royce Da 5'9""",6DVipHzYsPlIoA0DW8Gmns,https://i.scdn.co/image/ab6761610000e5eb1111efbdf1cd6abd9f6fc5f0
Paul Rosenberg,6bwVWdQfr6ttzrGLboVkjg,
Lil Mosey,5zctI4wO9XSKS8XwcnqEHk,https://i.scdn.co/image/ab6761610000e5eb80cf6091910a50ec6f238709
Social House,5UjifI1TYefXWn9GdqDOHl,https://i.scdn.co/image/ab6761610000e5eb758207d3e4a2ac5341366592
Silk City,2X97ZAqRKRMYFIDqtvGgGc,https://i.scdn.co/image/ab6761610000e5eb5f5c0fc9c7c99744b9254dc2
Frenna,6m1LYS5NQonxjOcQFPQOb5,https://i.scdn.co/image/ab6761610000e5eba13aebf104e2ce75f937ef53
Flipp Dinero,2HUwZ0kumzCSlhFcjFZfpp,https://i.scdn.co/image/ab6761610000e5eb8be85e344141cf541cfab04c
Guè,7F2utINZ6tSokSiZTQBE27,https://i.scdn.co/image/ab6761610000e5eb79b1a7f5cdc2525160bfe8c9
Joji,3MZsBdqDrRTJihTHQrO6Dq,https://i.scdn.co/image/ab6761610000e5eb4111c95b5f430c3265c7304b
Justin Mylo,7MFJyevu6jq0shwDuVLymu,https://i.scdn.co/image/ab6761610000e5ebe661275f1042350e3678b3d9
Dewain Whitmore,1E1W3to8HhGSkkIEUMwEjd,https://i.scdn.co/image/ab67616d0000b2738c9c99b2951f213bdda6f6bd
Loredana,2Im8m4STDBosjfmb5hmP80,https://i.scdn.co/image/ab6761610000e5eb8026865b1d33393b00ed86d5
Mozzik,1pkDzgHvVqC17qYGKfLPpb,https://i.scdn.co/image/ab6761610000e5ebc5cbee665a95a98b63eba946
Marília Mendonça,1yR65psqiazQpeM79CcGh8,https://i.scdn.co/image/ab6761610000e5ebffaebdbc972967729f688e25
GASHI,0JOxt5QOwq0czoJxvSc5hS,https://i.scdn.co/image/ab6761610000e5ebfe6ca3db5a6d9622156fb709
Kelsea Ballerini,3RqBeV12Tt7A8xH3zBDDUF,https://i.scdn.co/image/ab6761610000e5ebb66b3897322ef6750b37afb4
Mumford & Sons,3gd8FJtBJtkRxdfbTu19U2,https://i.scdn.co/image/ab6761610000e5eb22f0413399a2275174f909b4
CAPO,5y9wg9qkGBl0n9v9RzaPKu,https://i.scdn.co/image/ab6761610000e5eb1bea2952e724dda2b251417e
SCH,2kXKa3aAFngGz2P4GjG5w2,https://i.scdn.co/image/ab6761610000e5ebcbdc659419a9f684e547164e
BROCKHAMPTON,1Bl6wpkWCQ4KVgnASpvzzA,https://i.scdn.co/image/ab6761610000e5eb5685a95f87c28ae5efc5ba48
Avril Lavigne,0p4nmQO2msCgU4IF37Wi3j,https://i.scdn.co/image/ab6761610000e5eb5c3349ddba6b8e064c1bab16
Veysel,4VuARVJiWGsH2msKTdsKdQ,https://i.scdn.co/image/ab6761610000e5eb49624ee0702fd56ec2696218
Ava Max,4npEfmQ6YuiwW1GpUmaq3F,https://i.scdn.co/image/ab6761610000e5ebde0f96585c65bb764ee81b67
Sosamann,3Bj81IbILbuj2uEwWXMdXI,https://i.scdn.co/image/ab6761610000e5ebc67143badbb22f610d6ffbcd
Reginae Carter,66jpZDjMcxF3SfDfwK7GXe,
Bradley Cooper,4VIvfOurcf0vuLRxLkGnIG,https://i.scdn.co/image/ab6761610000e5eb9400a1dccee9f0df97847c0f
Ashanti,5rkVyNGXEgeUqKkB5ccK83,https://i.scdn.co/image/ab6761610000e5eb1ebb81323a96e465ad20b932
Mack Maine,18AOdS1Qw4XXnQSiPJQr1B,https://i.scdn.co/image/ab67616d0000b2733dac00d7edd6bd766ed825c5
Nivea,15Dh5PvHQj909E0RgAe0aN,https://i.scdn.co/image/ab6761610000e5eb6cc553edb6dadc7cf6ace2d2
Ghostface Killah,6FD0unjzGQhX3b6eMccMJe,https://i.scdn.co/image/ee2180486a42e11b6a0dfafdba9e2dbb9297a9b3
Raekwon,2yQf6b8hxahZaT5dHlWaB1,https://i.scdn.co/image/03463cee551c78964f76b0067307fba60982129e
RZA,4iCwCMnqsNZ6atvRiADgtn,https://i.scdn.co/image/ab6761610000e5ebf01db23743dc11902c9d3a6c
Method Man,4VmEWwd8y9MCLwexFMdpwt,https://i.scdn.co/image/85fc66422f44f641ba86e39107c290fb9e9ea7b2
Inspectah Deck,4OBbOrkD4geIjOLrICN3wO,https://i.scdn.co/image/ab6761610000e5ebab727b90f310a86dade4ce60
Cappadonna,0dS5xeDefwoUNasLUHnCjR,https://i.scdn.co/image/0e953f5e7bf637412bb396beb27674a7cf996d62
Jackpot Scotty Wotty,09XH5qagU5qcWhYXcQYsjX,
U-God,0G070wUUUBptmqGEKAAUVx,https://i.scdn.co/image/ab6761610000e5eb44e97d44621eae2733a0e7cb
Masta Killa,0ME1RawvWt3qOJnYnxVqeh,https://i.scdn.co/image/38d6a9c7efe44ad0bb500a844783db9e39ffabca
GZA,6ns6XAOsw4B0nDUIovAOUO,https://i.scdn.co/image/99b354cef6f088bc6d5400fffee5095b2a038cfe
Wale,67nwj3Y5sZQLl72VNUHEYE,https://i.scdn.co/image/ab6761610000e5eb204ce9bb25bd19a056cac78a
John Lindahl,2ei3ToTz5SL3pVp17X0Vkd,https://i.scdn.co/image/ab6761610000e5eb033048049acc8dfbd359e7f0
The RattPack,3Ll0OyHvpoQmGP9TMQAhKV,https://i.scdn.co/image/ab6761610000e5ebdf758586de79cd9fa3563f71
Sophia Somajo,5T8zbK3dic52T9bFu0aY8z,https://i.scdn.co/image/ab6761610000e5eb4bfc702c29ff77371094dae0
Jake Gosling,20twLKFb2Nhd8duUH0k2DJ,https://i.scdn.co/image/ab6761610000e5eb1da565cd09094082d1e6b2a5
anders,6G1yTgvoYsuVb2Ja8cVVJ2,https://i.scdn.co/image/ab6761610000e5ebd92f2fa7051588fce02e245f
Lauren Daigle,40LHVA5BTQp9RxHOQ9JPYj,https://i.scdn.co/image/ab6761610000e5ebda1f3f893988db4455af8c1c
Bobby Shmurda,34Y0ldeyUv7jBvukWOGASO,https://i.scdn.co/image/ab6761610000e5ebee12e6771607433caee705a3
Lil Durk,3hcs9uc56yIGFCSy9leWe7,https://i.scdn.co/image/ab6761610000e5eb09791422702c3fa9780468d4
Lennon Stella,1cZQSpDsxgKIX2yW5OR9Ot,https://i.scdn.co/image/ab6761610000e5ebd28e3bcc85f25f2814aa3830
Hanybal,2HdP7fpDiLWAvElYGg75gd,https://i.scdn.co/image/ab6761610000e5eba65e3c0d5cd79ad7d94c3c79
KEVIN ROLDAN,1RBzGO6Nm3uyhUSxP7EDWO,https://i.scdn.co/image/ab6761610000e5eb992c12d0328a03222ef5cc21
Saweetie,6cK3NBO6uP7hh0oyuVELFl,https://i.scdn.co/image/ab6761610000e5eb7c350e80bfc4993f977934d1
Madonna,6tbjWDEIzxoDsBA1FuhfPW,https://i.scdn.co/image/ab6761610000e5eb6ccc1215f5b205aa6b34b48b
AK AUSSERKONTROLLE,07SFzTMeYf5P8Rd32a9Zzw,https://i.scdn.co/image/ab6761610000e5ebebd2638272605ec5a63e9c66
teddy<3,62FaS5AarFCrus8LxSVKKW,https://i.scdn.co/image/ab6761610000e5eb943c5688823b0d313bfb2ef8
Empress Of,5QuBVnBPEzwYvFrgBbwpmU,https://i.scdn.co/image/ab6761610000e5ebbc13e969e791f247cb1d5d7b
Young Scooter,4cmA2QDPdzh8W2ytpyUGes,https://i.scdn.co/image/ab6761610000e5eba92577640045c4dd4d455a91
Luciano,3CJKkU0XuElRT1z8rEtIYg,https://i.scdn.co/image/ab6761610000e5ebf55733229a6dd1c8c7b46d08
Eno,3GBBxBdoolb0B5YizZq9bF,https://i.scdn.co/image/ab6761610000e5eb48676aa41c46906e1dda8092
Yung Bans,6WkUZyqghQei2G809wMKuZ,https://i.scdn.co/image/ab6761610000e5eb25db17f5bbd64d3bf6e44fbc
KITSCHKRIEG,5tHiL8SKSaZGMBUPIiSmX4,https://i.scdn.co/image/ab6761610000e5ebeb0415bad0571f297d12e797
Trettmann,6QzzeKV0VcnT2vJMYDPuL4,https://i.scdn.co/image/ab6761610000e5ebc950c8a3192a7da001324b71
GRiNGO,5Sjj30aHCmKcM9SdVX7PBK,https://i.scdn.co/image/ab6761610000e5ebaf5ae92ad45ff44a0f718253
RM,2auC28zjQyVTsiZKNgPRGs,https://i.scdn.co/image/ab6761610000e5eb847fe9bbfef3acf7981acd2a
Aazar,7oNtf1MwhHcyXRsYXE1WsG,https://i.scdn.co/image/ab6761610000e5eb4861729b66d4b834aa1e1d35
Felipe Araújo,47uyFQHOD02S0lj9ptRpoB,https://i.scdn.co/image/ab6761610000e5eb6c82e6aed2940a24128327af
Ferrugem,5ZfBThYiIIhL7jHMG8gDB2,https://i.scdn.co/image/ab6761610000e5eb55d58f5487c69d5fb149dd67
Clams Casino,5vSQUyT33qxr1xAX2Tkf3A,https://i.scdn.co/image/ab6761610000e5ebeb01ceedf9eb7f7cf92b634a
Arevi,7B8bUnxkbByXXeCQIIUvIT,
Marilyn Manson,2VYQTNDsvvKN9wmU5W7xpj,https://i.scdn.co/image/ab6761610000e5eb9420fc7bac8669f61a9f45c3
DJ Jazzy Jeff & The Fresh Prince,1mG23iQeR29Ojhq89D5gbh,https://i.scdn.co/image/3194246bd54b76c376e2be5a21a61dd7b93aeeb9
David Bowie,0oSGxfWSnnOXhD2fKuz2Gy,https://i.scdn.co/image/ab6761610000e5ebb78f77c5583ae99472dd4a49
MARINA,6CwfuxIqcltXDGjfZsMd9A,https://i.scdn.co/image/ab6761610000e5ebc28e02e9bb9bf19358669fef
Mike Yung,4UffC3o3JiLSg7pa5DpQbp,https://i.scdn.co/image/ab6761610000e5eb7a2fad1fe22fe5766e00d91c
Carly Rae Jepsen,6sFIWsNpZYqfjUpaCgueju,https://i.scdn.co/image/ab6761610000e5eb8272bf414106646e0e4a89f3
XATAR,6XFQvBHGEr3mRfOHcqPXv8,https://i.scdn.co/image/ab6761610000e5ebc648dd11f5c5a46bc8d044fd
SAMY,3m785bWzNnoLuIJP88DUN1,https://i.scdn.co/image/ab6761610000e5eb302b735d2837212f89d3e129
K/DA,4gOc8TsQed9eqnqJct2c5v,https://i.scdn.co/image/ab6761610000e5ebdc1dc943555dfa1ee2a107e5
(G)I-DLE,2AfmfGFbe0A0WsTYm0SDTx,https://i.scdn.co/image/ab6761610000e5eb7fd16327c86d500f83be1d6a
Jaira Burns,0tRFWXqKBBQcu5oFVOgVzX,https://i.scdn.co/image/ab6761610000e5eb7f4e9ba25af27d91de878bca
League of Legends,47mIJdHORyRerp4os813jD,https://i.scdn.co/image/ab6761610000e5ebe80d1ffb81aa6503ad41c574
Fabri Fibra,7u710e44HW3K7A5eTnRqHC,https://i.scdn.co/image/ab6761610000e5ebac0c1fec4ceafbe96eead4cc
Kodie Shane,1CUeN4GnHAGUk9nAXPorF4,https://i.scdn.co/image/ab6761610000e5ebbf9075f73a45f86935693727
NSTASIA,2BBgFkNBBMln3m2G2Bm2bt,https://i.scdn.co/image/ab6761610000e5eba07bd97a2baf98216dc471c3
Emani 22,7JngWflkjFnNJSz07XLV2w,https://i.scdn.co/image/ab6761610000e5ebd694e9d589129dcd5b29e9a9
Nitro,6jQZzWW3JlEtcRDSzFVKSP,https://i.scdn.co/image/ab6761610000e5eb0bfa1522cd64d4fdeafddb3f
Coez,5dXlc7MnpaTeUIsHLVe3n4,https://i.scdn.co/image/ab6761610000e5eb8044505721270eb00050b188
Baby Goth,0ECSmon1BUiFnB33X24eLI,https://i.scdn.co/image/ab6761610000e5eba96e9a4eb45883d5f131109c
Nel-Denarro,5zLbjnuArhVlVklkT5GoQD,https://i.scdn.co/image/ab6761610000e5ebf5a5b13aeb6716485e1c756f
Barloe Team,4okiIReqptfBJ5UULmWycZ,https://i.scdn.co/image/ab6761610000e5eb6094015eeec49bf3ae041486
Camilo,28gNT5KBp7IjEOQoevXf9N,https://i.scdn.co/image/ab6761610000e5eb4d8a681290f905bc52a05c5c
Pedro Capó,4QVBYiagIaa6ZGSPMbybpy,https://i.scdn.co/image/ab6761610000e5eb4d3bdb12e5ac3ef6dbbefdfa
JENNIE,250b0Wlc5Vk0CoUsaCY84M,https://i.scdn.co/image/ab6761610000e5eba8e3627e392a1d8f539cb575
Orelsan,4FpJcNgOvIpSBeJgRg3OfN,https://i.scdn.co/image/ab6761610000e5eb32086a424e6f1e499e347cde
Sharaya J,6Z4puj0KYgtcxJrVXKmvBX,https://i.scdn.co/image/ab6761610000e5eb431ddf70cfbf1ccec0ca8e86
Mike WiLL Made-It,0NWbwDZY1VkRqFafuQm6wk,https://i.scdn.co/image/ab6761610000e5eba1b8879b06ed8204f15d9bc0
Wisin & Yandel,1wZtkThiXbVNtj6hee6dz9,https://i.scdn.co/image/ab6761610000e5ebb5496c4b788e181679069ee8
MC L da Vinte,0lHB0Qc4pmD5RkTLlHeESo,https://i.scdn.co/image/ab6761610000e5ebc8e9b8e9d6b016c4ea287b1c
MC Gury,6fOyYqdh6p0ZWLs9zUDoyt,https://i.scdn.co/image/ab6761610000e5eb51e1dfb79c209376fe5cb858
MERO,5wyWp867LWGjFmYZXVSFnZ,https://i.scdn.co/image/ab6761610000e5eb24466dbb3fca8bf7594b11cd
TrifeDrew,3cWGilyM7pw2Q1bGbTXuBr,https://i.scdn.co/image/ab6761610000e5ebe6eb2b3c8d94f1e448571237
Fabolous,0YWxKQj2Go9CGHCp77UOyy,https://i.scdn.co/image/ab6761610000e5ebece5603bef9fa046ef9a178c
Jesse®,4as3khXWaPjfkFdCA0JWMo,https://i.scdn.co/image/ab6761610000e5ebf8cd19370cdfac5a39c13158
Roddy Ricch,757aE44tKEUQEqRuT6GnEB,https://i.scdn.co/image/ab6761610000e5eb9c30c6b69a55d48decd71600
Liz Gillies,7pLntWGInZPQxc4kXxzzjB,https://i.scdn.co/image/ab6761610000e5eb65474aceb51389aa17d41113
Brett Eldredge,0qSX3s5pJnAlSsgsCne8Cz,https://i.scdn.co/image/ab6761610000e5ebcb090604178620e9a1681bfb
Stan Kenton,2cFCoDyEaPrw8QVnrDlPKU,https://i.scdn.co/image/ab67616d0000b273149f57fdef30786ba1586fdc
Brendon Urie,6eYFryfcEu3QSq59D62wZQ,https://i.scdn.co/image/ab6761610000e5eb5f32a5ef76b9480c601f256f
Daniel Caesar,20wkVLutqVOYrc0kxFs7rA,https://i.scdn.co/image/ab6761610000e5ebe5bc630548fb3517cf90edb8
H.E.R.,3Y7RZ31TRPVadSFVy1o8os,https://i.scdn.co/image/ab6761610000e5eb417db49cde3ed1c5a65e3514
Winona Oak,3XC57xz74X3xUi1hv4mge1,https://i.scdn.co/image/ab6761610000e5ebfe4a25625d06c2df321469b6
Bantu,6tt0iYnpHERj05WATWRiom,https://i.scdn.co/image/ab6761610000e5ebf9483d894c956c3375297d18
Sorana,1PnnRNGfichOAfPOn5mVyx,https://i.scdn.co/image/ab6761610000e5eb6746d3873671fe6159029bf4
Haze,77iZVjeYoYSl5P0K9mIiUE,https://i.scdn.co/image/ab6761610000e5eb1e995c033acc8dd01a359850
Peter Manos,4K9aclpXgCPNFGEqRlFPal,https://i.scdn.co/image/ab6761610000e5ebfc9ffbdf6ec1c9cb2fc3d0f7
Azet,39KEQQAG9JhIt71g9NEVhh,https://i.scdn.co/image/ab6761610000e5eb894850bb103dc08830d172ce
Zuna,2otUckChxWf2cp6UP2cD6e,https://i.scdn.co/image/ab6761610000e5ebe515d0c1306e4acf45ff30a0
Sean Ono Lennon,5JUYSPkis2Mk6HUbmMqk1m,https://i.scdn.co/image/ab6772690000c46c1dc4735e9c5e2aadabe36d9b
Backstreet Boys,5rSXSAkZ67PYJSvpUpkOr7,https://i.scdn.co/image/ab6761610000e5eb7b3634864a78ab6bd1d77c36
Ella Fitzgerald,5V0MlUE1Bft0mbLlND7FJz,https://i.scdn.co/image/3c1d23141059785c8a863137d176319329dc17ef
Train,3FUY2gzHeIiaesXtOAdB7A,https://i.scdn.co/image/ab6761610000e5ebeb96a88993a929eaadbe4864
Nina Nesbitt,7AzjETXRUKNRSJHMW9GIqd,https://i.scdn.co/image/ab6761610000e5eba1632fb9bf6bcc4e31b4c52a
Jessie J,2gsggkzM5R49q6jpPvazou,https://i.scdn.co/image/ab6761610000e5eb91f0dd753c09e051675a1ca6
Céline Dion,4S9EykWXhStSc15wEx8QFK,https://i.scdn.co/image/ab6761610000e5ebc3b380448158e7b6e5863cde
Donny Hathaway,0HU0U9kdXEHZVxUNbuQe8S,https://i.scdn.co/image/2c9a122b0f6a1c6f083b1725f309d3a25636f4ae
Band Aid 30,6KfzyefHYuqfWaI5taICaN,https://i.scdn.co/image/ab6761610000e5ebaa2c1bcaffb88cef6f6bd0b9
Devin Dawson,2ySHS7UojGu20XfUPaBlyu,https://i.scdn.co/image/ab6761610000e5eb1b225879fd38cfcdfe670473
Esperanza Spalding,5bepW5vcdRzheNc0F8lHJ5,https://i.scdn.co/image/ab6761610000e5ebd9f7984689aaeb5faea64bd7
Johnny Mathis,21LGsW7bziR4Ledx7WZ1Wf,https://i.scdn.co/image/ab6761610000e5ebc388621eabac860a2db9af71
Percy Faith & His Orchestra,24DQLSng7bKZD4GXLIaQbv,https://i.scdn.co/image/ab6761610000e5eb79058cfc754be16c2f0070aa
Mel & Kim,5XnIjshjqYVE2eDVgSt9Ro,https://i.scdn.co/image/ab67616d0000b2737fa7d2bd1cacde382f81e7f4
Hannah Kerr,5FxshnB3eJ2YDn8xN8zDKq,https://i.scdn.co/image/ab6761610000e5eb0ea49df4ff5a46da7b169674
Sa4,5qZLYtTL3ldN6Uw7OXHESR,https://i.scdn.co/image/ab6761610000e5eb082ca64ad16f5215d7485217
DENNIS,6xlRSRMLgZbsSNd0BMobwy,https://i.scdn.co/image/ab6761610000e5eb84e9632f86c291cd29960256
Márcia Fellipe,3OxZ4asD88P1lJJmLcXz4K,https://i.scdn.co/image/ab6761610000e5eb61428e01fb240f47dbd75c1d
Jerry Smith,6OpOg5HVCc8xVf7OVrd5Fk,https://i.scdn.co/image/ab6761610000e5eb82c3327bf509daa4f1ef8992
Humberto & Ronaldo,1zEo6Fk1iaaOYFlFPBHCFn,https://i.scdn.co/image/ab6761610000e5ebb1addffcaa446f34f7625193
Whitney Houston,6XpaIBNiVzIetEPCWDvAFP,https://i.scdn.co/image/ab6761610000e5ebcd9f60ab57585bf3b77ecc51
Gabriel Diniz,3WQ1s2QFvL6crxBvrVhwzj,https://i.scdn.co/image/ab6761610000e5ebf5fa8b3959e0520846166529
MC Kevin o Chris,2UMj7NCbuqy1yUZmiSYGjJ,https://i.scdn.co/image/ab6761610000e5ebd11a29336e17e1a56fbc309b
Henrique & Juliano,3p7PcrEHaaKLJnPUGOtRlT,https://i.scdn.co/image/ab6761610000e5eb4dcd8a3bff84cd7703892cf4
SHAED,3KwmxIhSe9UTSEF37kwngR,https://i.scdn.co/image/ab6761610000e5eba2204fd64d75f4a2a06a0b66
Tedua,1AgAVqo74e2q4FVvg0xpT7,https://i.scdn.co/image/ab6761610000e5eb27a6e8c0485db9a55e306783
Lewis Capaldi,4GNC7GD6oZMSxPGyXy4MNB,https://i.scdn.co/image/ab6761610000e5ebea7538654040e553a7b0fc28
Shindy,5j21TGkrNEAJe3gG9VlS34,https://i.scdn.co/image/ab6761610000e5eb2c0bca3629bb26a8fa28cb27
Micro TDH,1aWJsBQa67l72j1VT3D6Ow,https://i.scdn.co/image/ab6761610000e5eb48c6a0c02de934d0378e88a3
Captain Cuts,0rlKkLkpsCnJbZethGBfAk,https://i.scdn.co/image/ab6761610000e5eb281b9562cd02ccc8526f6fba
Georgia Ku,5mYakBbBzPMQTfkVMIgiDM,https://i.scdn.co/image/ab6761610000e5ebcf5742dc7e6b7ec9cb9c99c0
Luchè,3yiEJ9SByXZMXTwaKdVFN4,https://i.scdn.co/image/ab6761610000e5ebc698f23b45124be6a7a0cc9f
Mustard,0YinUQ50QDB7ZxSCLyQ40k,https://i.scdn.co/image/ab6761610000e5eb54406b7007a449aeaac06c44
Flyboy Tarantino,6kYViCeiqcUZXgPVdCIKBi,https://i.scdn.co/image/ab6761610000e5eb2e9bd1c6f4b28744e080b027
Kid Trunks,57SA5Qv24Vydwd6bJnV8fI,https://i.scdn.co/image/ab6761610000e5eb7f71e51f95c716154a8f7d43
Bass Santana,0O1cTzccAEKaEFShgzAK9V,https://i.scdn.co/image/ab6761610000e5eb8c28abe2d849fdfc158f7600
Reddz,71sg3tAkpnG5jjfNWFX8zo,https://i.scdn.co/image/ab6761610000e5eb691d1345545a00d3b01a2ccc
Erika Sirola,1OHw2r7Diz2rc9JktaFV6N,https://i.scdn.co/image/ab6761610000e5eb8d4da3c68ad2dd2a0f8d3986
Snow,3uZFBSsMiooimnprFL9jD1,https://i.scdn.co/image/9d0dec8e40b3e19bb48690caf3d8f9deec7b9ef4
Vampire Weekend,5BvJzeQpmsdsFp4HGUYUEx,https://i.scdn.co/image/ab6761610000e5eb0bb49b0b71ab3f5871860617
Shirin David,0JBdTCGs111JKKYfLqOEBa,https://i.scdn.co/image/ab6761610000e5eb1229864a589d32424ce57b56
Blueface,3Fl1V19tmjt57oBdxXKAjJ,https://i.scdn.co/image/ab6761610000e5eb9ee6c8739ef1f20553231132
Reynmen,1Fg19vpUJpAAPFjnKaVYVW,https://i.scdn.co/image/ab6761610000e5eb08fad1214379b74219e14f23
Dominic Fike,6USv9qhCn6zfxlBQIYJ9qs,https://i.scdn.co/image/ab6761610000e5ebb62462a1a43ff08f8a982791
ILOVEMAKONNEN,3aGFCoR8xGN6DKwvdzeSja,https://i.scdn.co/image/ab6761610000e5ebfc3b69ca13052ab7c7a2be1d
Mabel,1MIVXf74SZHmTIp4V4paH4,https://i.scdn.co/image/ab6761610000e5ebc5c0e1d109d8a876076187f1
The Rudeboyz,7ciBW1p3KBsYIkFk4UmwS8,https://i.scdn.co/image/ab6761610000e5eb274ea34450a205fe554dc331
Ultimo,3hN3iJMbbBmqBSAMx5veDa,https://i.scdn.co/image/ab6761610000e5eb314f49cce61a62a207f9a9da
Disclosure,6nS5roXSAGhTGr34W6n7Et,https://i.scdn.co/image/ab6761610000e5eb3faf416d3be99d63fec18baa
Loote,00TKPo9MxwZ0j4ooveIxWZ,https://i.scdn.co/image/ab6761610000e5eb4faf8955163653dc8f0772c7
Mahmood,06nvjg4wBANK6DCHjqtPNd,https://i.scdn.co/image/ab6761610000e5eba685614306118c1d14c79aa0
Irama,5iot8OPcosJN9nCl7I5SdK,https://i.scdn.co/image/ab6761610000e5eb2796a09b4f2e00a02dbd9e79
YNW Melly,1cNDP5yjU5vjeR8qMf4grg,https://i.scdn.co/image/ab6761610000e5eb4da4a196cc973f65b68fe67b
The Police,5NGO30tJxFlKixkPSgXcFE,https://i.scdn.co/image/1f73a61faca2942cd5ea29c2143184db8645f0b3
Valerie Broussard,6eVWXmKBW7Iltub01D9R1c,https://i.scdn.co/image/ab6761610000e5eb1c0627aa7a8a7cd1e2a64ebf
YUNGBLUD,6Ad91Jof8Niiw0lGLLi3NW,https://i.scdn.co/image/ab6761610000e5eb500931ffc686f1699034e4e5
KC Rebell,5p7mWeX4RlvqBCxylfiXdE,https://i.scdn.co/image/ab6761610000e5ebc0535a95273f106c3c04ecf3
ChocQuibTown,6tkyhGe9hGI3Lcfo4gVh6Z,https://i.scdn.co/image/ab6761610000e5eb271d08d5b2a06315a3934fa6
Cauty,2QUvtLq6oQaX0LNsYY2fas,https://i.scdn.co/image/ab6761610000e5eb736960eb7c7408800b7c7d87
Rafa Pabön,11YLRSsZA3YVuQQtHXKTlz,https://i.scdn.co/image/ab6761610000e5ebbb850ef582e83269a8831f88
Chencho Corleone,37230BxxYs9ksS7OkZw3IU,https://i.scdn.co/image/ab6761610000e5eb7ab9ab65a8d38cad451d3417
Amenazzy,6kq4GHwUcUojGIu0ziSNXf,https://i.scdn.co/image/ab6761610000e5eb5565452c2ded3716f5930d69
Dermot Kennedy,5KNNVgR6LBIABRIomyCwKJ,https://i.scdn.co/image/ab6761610000e5eb5d3281a2029cdc838aef111c
Ninho,6Te49r3A6f5BiIgBRxH7FH,https://i.scdn.co/image/ab6761610000e5eb791b1ecfe6f3101115430fb5
Big Rube,39uOfkRb9XnAEW9zs3JCbb,https://i.scdn.co/image/ab67616d0000b273347003ee68ccd8a5fba5fdd7
FP do Trem Bala,5hPHLE5ssifxHX5bhK8iXR,https://i.scdn.co/image/ab6761610000e5ebe254fcac24ff95bb9a8db8b7
Calboy,0HkcYmcjrBR3SCw9Ld5VZk,https://i.scdn.co/image/ab6761610000e5eb399e66766e938b7bed3a9793
Summer Walker,57LYzLEk2LcFghVwuWbcuS,https://i.scdn.co/image/ab6761610000e5ebe0ff24e6eb6e1c0214f158b6
Jonas Brothers,7gOdHgIoIKoe4i9Tta6qdD,https://i.scdn.co/image/ab6761610000e5eb5cd01c30fed1be9b09b75514
Solange,2auiVi8sUZo17dLy1HwrTU,https://i.scdn.co/image/ab6761610000e5eb631cf0aa859e5a20e836f14f
Dalex,0KPX4Ucy9dk82uj4GpKesn,https://i.scdn.co/image/ab6761610000e5ebff284180f08000247df12e2c
Sech,77ziqFxp5gaInVrF2lj4ht,https://i.scdn.co/image/ab6761610000e5eb2ef2187023b7df95a70b4587
Feid,2LRoIwlKmHjgvigdNGBHNo,https://i.scdn.co/image/ab6761610000e5ebf85ef172c33b0a5a2127fe1e
Rennan da Penha,7ecRwFks8F2vYad383BkKf,https://i.scdn.co/image/ab6761610000e5eb7f6766c3828982e03c2e6055
Kenny Man,6SGvRyZuaSuWmP6IWUKpGf,https://i.scdn.co/image/ab6761610000e5eb1ca83fefde3b41d8a3e4c2d8
Aaron Smith,77qukKzmdI5BeMBR7WGUrN,https://i.scdn.co/image/ab6761610000e5eb4e3b9e4559d3cff50dcc69cf
Krono,17TFSnqADESRM8BPSaM5aB,https://i.scdn.co/image/ab6761610000e5eb059403637d81e8e27e4ab215
Luvli,6dqohi36avY0M9urnyhITr,https://i.scdn.co/image/ab6761610000e5eb462ed9c9989bd377206e1661
TOMORROW X TOGETHER,0ghlgldX5Dd6720Q3qFyQB,https://i.scdn.co/image/ab6761610000e5ebb4ada047a1c3089342294290
Lil Nas X,7jVv8c5Fj3E9VhNjxT4snq,https://i.scdn.co/image/ab6761610000e5eb3758a33e782b46bd7f174e1d
Brent Faiyaz,3tlXnStJ1fFhdScmQeLpuG,https://i.scdn.co/image/ab6761610000e5ebe187dca750abfd3688836309
Clever,5yy76ufVriyvidNSvXlRU1,https://i.scdn.co/image/ab6761610000e5eb05db445d2bab3e55c8fa346c
The Black Keys,7mnBLXK823vNxN3UWB7Gfz,https://i.scdn.co/image/ab6761610000e5eb2383f032c2aebc76cf3780ed
Lunay,47MpMsUfWtgyIIBEFOr4FE,https://i.scdn.co/image/ab6761610000e5eb45d443b065a66c92d166f598
Gaby Music,1r3tpVQ08jFAA2P4xzV5o4,https://i.scdn.co/image/ab6761610000e5ebb4a028685bf94c319f317867
Don Patricio,6vPXtLmNd3mW0dd1Rb9eQ9,https://i.scdn.co/image/ab6761610000e5eb24b02789238a9dfb4b71e579
Cruz Cafuné,0jeYkqwckGJoHQhhXwgzk3,https://i.scdn.co/image/ab6761610000e5eb9f52199eefb0ccb6f69afe2c
John Lundvik,11LbPHLi2sCqOVjknt0jmW,https://i.scdn.co/image/ab6761610000e5eb43224d35768c2d435479b459
FLETCHER,5qa31A9HySw3T7MKWI9bGg,https://i.scdn.co/image/ab6761610000e5ebc0c476d8fedef598522ee5ec
Myke Towers,7iK8PXO48WeuP03g8YR51W,https://i.scdn.co/image/ab6761610000e5eb8372345609bebaf1e948ef7f
BRADO,0Mh0QuhaJ6WIW0qrJwzMmt,https://i.scdn.co/image/ab6761610000e5eb83278f5f65cfd977240d0ecf
Tame Impala,5INjqkS1o8h1imAzPqGZBb,https://i.scdn.co/image/ab6761610000e5eb90357ef28b3a012a1d1b2fa2
Paloma Mami,7rOlQwf8OuFLFQp4aydjBt,https://i.scdn.co/image/ab6761610000e5eb2320f464e8f8911cd8c6ab2a
Fero47,4A7HeXSd4HtQuf6IR5XZ1b,https://i.scdn.co/image/ab6761610000e5ebf4a11ee6bbded3a224302c98
Koba LaD,1q7T9rFQ2a2ukA1PU51fo3,https://i.scdn.co/image/ab6761610000e5eb59d9403f63dbda10b2875c53
Jul,3IW7ScrzXmPvZhB27hmfgy,https://i.scdn.co/image/ab6761610000e5eb043c7633712d706c54b625e6
Theresa Rex,6t9tbRO9Lv6Oq6xtVwfdrn,https://i.scdn.co/image/ab6761610000e5eb46c025fd15d5f222071a0e2c
Gaullin,1aQwKFn00nswXRDUDipm0K,https://i.scdn.co/image/ab6761610000e5eba7ffaa28013e2aca188c5830
ROSALÍA,7ltDVBr6mKbRvohxheJ9h1,https://i.scdn.co/image/ab6761610000e5ebd7bb678bef6d2f26110cae49
El Guincho,1oMiDFyAgmIzw9ZBQYHOJI,https://i.scdn.co/image/ab6761610000e5ebbb7b34620040b2deefef3d3a
Rammstein,6wWVKhxIU2cEi0K81v7HvP,https://i.scdn.co/image/ab6761610000e5eb32845b1556f9dbdfe8ee6575
Nipsey Hussle,0EeQBlQJFiAfJeVN2vT9s0,https://i.scdn.co/image/ab6761610000e5ebe9edae8fe232af1d2995c991
Hit-Boy,6q3p11nP1p80Ey6LrOOSed,https://i.scdn.co/image/ab6761610000e5ebe9a9bf749a0b0de733def4ba
Belly,0FOWNUFHPnMy0vOw1siGqi,https://i.scdn.co/image/ab6761610000e5ebbff23b49045aa4099d7264ed
Dom Kennedy,3s8alQfNnY0roAHaJh7Xxt,https://i.scdn.co/image/ab6761610000e5ebad69887a6aafd59a2806d081
Victoria Monét,63XBtGSEZINSyXylZxEUbv,https://i.scdn.co/image/ab6761610000e5eb0e3524063986882f3706730b
Billy Ray Cyrus,60rpJ9SgigSd16DOAG7GSa,https://i.scdn.co/image/ab6761610000e5ebcedd1ae91e199fd50213222e
SAFE,3bnpcWBcvlfq4hPFJjNPbz,https://i.scdn.co/image/ab6761610000e5ebf27e0f88792dd06c0ac91261
Aventura,1qto4hHid1P71emI6Fd8xi,https://i.scdn.co/image/ab6761610000e5eb4cd0464ef7d8eb8521f72dd8
Dardan,3pjq2pDV9RR6VY55wBjVnp,https://i.scdn.co/image/ab6761610000e5ebc18d203f450d5e5cf0daac3f
Aloe Blacc,0id62QV2SZZfvBn9xpmuCl,https://i.scdn.co/image/ab6761610000e5ebd58b6657f0f41954c0fcee55
Nimo,3ZuBEj9ppJe8GSdKaMTfMN,https://i.scdn.co/image/ab6761610000e5eb1aab812fcc3ea6db840b7953
Guaynaa,0BqURncJM5B1BBu7UM51eq,https://i.scdn.co/image/ab6761610000e5ebc52a3dda9c86c50ecb1fffc3
MEDUZA,0xRXCcSX89eobfrshSVdyu,https://i.scdn.co/image/ab6761610000e5eb4c49dba58421b29648964acd
Goodboys,2nm38smINjms1LtczR0Cei,https://i.scdn.co/image/ab6761610000e5eb1d937e5117364c374aa328bf
Polo G,6AgTAQt8XS6jRWi4sX7w49,https://i.scdn.co/image/ab6761610000e5ebbedf3bdf589da06d1567196c
Lil Tjay,6jGMq4yGs7aQzuGsMgVgZR,https://i.scdn.co/image/ab6761610000e5eb61a229ac35bdd68d42bffe32
Game of Thrones,22JdJVovP3pV9XkGTih01c,https://i.scdn.co/image/ab67616d0000b273d4024fdf2c5056be8a08d09c
TWICE,7n2Ycct7Beij7Dj7meI4X0,https://i.scdn.co/image/ab6761610000e5ebca6c145421fa9ceb58d6f9d4
Jack White,4FZ3j1oH43e7cukCALsCwf,https://i.scdn.co/image/ab6761610000e5eb16204ddc5822afc3e4a1cecf
Lizzo,56oDRnqbIiwx4mymNEv7dS,https://i.scdn.co/image/ab6761610000e5eb6f5d033f2499c49e95a3da76
DaBaby,4r63FhuTkUYltbVAg5TQnk,https://i.scdn.co/image/ab6761610000e5ebbd6918901c1714560669f570
bülow,5vBrKGOjN10BMwB0cJADj4,https://i.scdn.co/image/ab6761610000e5eb3a3d9526271bfce0bfa9e4d9
RIN,18ISxWwWjV6rPLoVCXf1dz,https://i.scdn.co/image/ab6761610000e5ebf413e298c2a4907b9e4fb8e1
Kina,4qIVPF0s71ZYW3qzhu5GkF,https://i.scdn.co/image/ab6761610000e5eb258397c8073298023c532668
Snøw,5fSVkkuijRIpxuvSqysYiP,https://i.scdn.co/image/ab6761610000e5ebc22831830526744ea6efdac8
Henning May,1cH0i2n6YLrWFDDemqztay,https://i.scdn.co/image/ab6761610000e5ebe4e2920d1a6eb49eee07e24b
Jon Z,5bWUlnPx9OYKsLiUJrhCA1,https://i.scdn.co/image/ab6761610000e5ebcca7210f81c4c28fa64aca14
Luke Combs,718COspgdWOnwOFpJHRZHS,https://i.scdn.co/image/ab6761610000e5ebbd634295d99c61823c517c3f
Agnes,6SsTlCsuCYleNza6xGwynu,https://i.scdn.co/image/ab6761610000e5ebc0927a09248d75b7cda51193
Cordae,0huGjMyP507tBCARyzSkrv,https://i.scdn.co/image/ab6761610000e5eb9161ad9d53d8c24e2c79d5a5
Europa,2NlKrNMdpYxGjt3Pvw87rC,https://i.scdn.co/image/ab6761610000e5eb070fc915aced836c728c3151
Quinn XCII,3ApUX1o6oSz321MMECyIYd,https://i.scdn.co/image/ab6761610000e5ebbc5932aa3815f81d966f22a7
Slipknot,05fG473iIaoy82BF1aGhL8,https://i.scdn.co/image/ab6761610000e5ebd0cdb283a7384a0edb665182
TisaKorean,6lEhBhAv6HOopjXssi09cq,https://i.scdn.co/image/ab6761610000e5eb59602b32758ec09d3343866a
Kontra K,4lDiJcOJ2GLCK6p9q5BgfK,https://i.scdn.co/image/ab6761610000e5eb1977142182ef44f545bce907
Duncan Laurence,3klZnJvYGIbWritVwQD434,https://i.scdn.co/image/ab6761610000e5eb7a3fa5fef04357ffa40d4d5c
Luca Hänni,5JbALDn35ZrLwVAle4xVqZ,https://i.scdn.co/image/ab6761610000e5ebb3639831860cb87df64f1cbf
KEiiNO,0chh7dlaUzEreDTulHiOlm,https://i.scdn.co/image/ab6761610000e5eb66035d09a471b17aceb32b58
JHAYCO,6nVcHLIgY5pE2YCl8ubca1,https://i.scdn.co/image/ab6761610000e5ebcc45cb8a69f59976e2895b8c
Chelsea Cutler,5JMLG56F1X5mFmWNmS0iAp,https://i.scdn.co/image/ab6761610000e5eb59a8d157830e44e260fe9669
NLE Choppa,0ErzCpIMyLcjPiwT4elrtZ,https://i.scdn.co/image/ab6761610000e5ebe2c985e8509fc8788a5a5208
RuPaul,2SdOKxC1sSxEyv8JYERaNe,https://i.scdn.co/image/ab6761610000e5eb9f6408e9b3251e1961436d49
Herve Pagez,31JFnMfmvwzZGdEnXaKGek,https://i.scdn.co/image/ab6761610000e5eb7bd50182b9c7ae09b9c8ffe1
Guayna,3OhUwA1syjRoS0WdUL0ATz,
Lil Tecca,4Ga1P7PMIsmqEZqhYZQgDo,https://i.scdn.co/image/ab6761610000e5ebeeba43c460454fcababda14f
Gemitaiz,4upwdFMlZBmQ68jP9jPzjK,https://i.scdn.co/image/ab6761610000e5eb0843266e4d10c66e41f7b9dc
MadMan,3MkkSf3u5KU52Mb2iMrqeX,https://i.scdn.co/image/ab6761610000e5eb344429165fa08532eb9a635a
Nekfeu,4LXBc13z5EWsc5N32bLxfH,https://i.scdn.co/image/4b29b23a7dc7ac866210d93d4a5287c95941696c
Joe Janiak,142TY556WknD1ZRV8XilJQ,https://i.scdn.co/image/ab6761610000e5eb7c5b77780fa7c2fb369e53ae
Noonie Bao,1vIuPjtFhqIPE2n9W2ePgO,https://i.scdn.co/image/cf72b527b5bd2bea8fd94239e154c0990cccbb74
A Touch Of Class,5wTdspmxzb8V4ZjvDodpBo,https://i.scdn.co/image/beca80e48fc5401433d0a134d2b24b990110e56d
Vanessa Paradis,1FmxE030Xe2H8Bn9bdv6Pd,https://i.scdn.co/image/a37befebfb6bf42aaa90f6c1ff6a83ecab583ee6
Nemir,5f6nz3iqzrfiUfKOIKvLvd,https://i.scdn.co/image/ab6761610000e5eb779d609025852f9c0ee76fb7
Khaled,28ztjHIXceRRntmTUfnmUX,https://i.scdn.co/image/ab6761610000e5eb8cadcbb69a08b4aed788923b
Naomi Scott,2Zi3RrdQqk63Xj0914STkS,https://i.scdn.co/image/ab6761610000e5eb51c67b8546e3e3f4d4ac103e
Dreamville,1iNqsUDUraNWrj00bqssQG,https://i.scdn.co/image/ab6761610000e5eb080d11275f15655a11b2610d
JID,6U3ybJ9UHNKEdsH7ktGBZ7,https://i.scdn.co/image/ab6761610000e5eb10781f7b76a5eb0d397e02c9
EARTHGANG,5MbNzCW3qokGyoo9giHA3V,https://i.scdn.co/image/ab6761610000e5ebc0fdef3fa0f8d02f4bbe455a
Young Nudy,5yPzzu25VzEk8qrGTLIrE1,https://i.scdn.co/image/ab6761610000e5eb123cc54c9d92f97d911edc42
Kalazh44,5sRQkVexJlax2iISuqL8cV,https://i.scdn.co/image/ab6761610000e5eb3b727c22fcaad905f37af3cd
Ali Gatie,4rTv3Ejc7hKMtmoBOK1B4T,https://i.scdn.co/image/ab6761610000e5eb528642fef307039a5358e3c0
Blanco Brown,3yzRiNMZdTsSUgplcyYZ4i,https://i.scdn.co/image/ab6761610000e5ebc2fcb4a7b2db8828c242ff41
Ashley O,14scxEoUN7Dcx1m4EQ7oHe,https://i.scdn.co/image/ab67616d0000b2733b2d2706cac8ec23c2207839
88-Keys,6RedK3o51NbUJuJxXlT4kj,https://i.scdn.co/image/ab6761610000e5eb6f46d29060783f927688483a
Y2K,6USMTwO0MNDnKte5a5h0xx,https://i.scdn.co/image/ab6761610000e5ebd39b1490e50c3535d56b486f
bbno$,41X1TR6hrK8Q2ZCpp2EqCz,https://i.scdn.co/image/ab6761610000e5ebae7196326fa12fe1ea99b7e9
Sam Feldt,20gsENnposVs2I4rQ5kvrf,https://i.scdn.co/image/ab6761610000e5eb63679ce54fde629d40df457d
RANI,3SYnDj7btg9gFY7ps8m5d5,https://i.scdn.co/image/ab6761610000e5eb557357954cd331c42d24c7ca
Ink,4ZhFCxPekpmV12n2xMeF2z,https://i.scdn.co/image/ab6761610000e5eb67d880b2944b65bf0396334b
Marciano Cantero,5QzDzXfXC5lepOBeQXBiVO,https://i.scdn.co/image/ab6761610000e5eb11d1ef11d24b22bb64e0af13
GIMS,0GOx72r5AAEKRGQFn3xqXK,https://i.scdn.co/image/ab6761610000e5eb77144f838397a467e807df65
Data Luv,2gtmbs0Uas9TBSMqkA4zjE,https://i.scdn.co/image/ab6761610000e5eba37a7a89cc4143c7768e777e
Brandy,05oH07COxkXKIMt6mIPRee,https://i.scdn.co/image/ab6761610000e5ebb39417aaafb9c373e78594ef
Sodré,07qgzS86XBNsyrY6MAVDAc,https://i.scdn.co/image/ab6761610000e5ebf505879429ddfaa97e0a4a3a
João Gustavo e Murilo,6xerOqBLmelL3xZNZkVbGl,https://i.scdn.co/image/ab6761610000e5eb4451ab12d94fe6f608803f7c
Analaga,4LTPxLxjiT5pzYd5WZAR3v,https://i.scdn.co/image/ab6761610000e5ebdbef5aec8ce305e8d9c2d776
Lute,75WcpJKWXBV3o3cfluWapK,https://i.scdn.co/image/ab6761610000e5eb93963e4c558799e9bb7787d0
MACHETE,7Do8se3ZoaVqUt3woqqSrD,https://i.scdn.co/image/ab6761610000e5eb811b158e40b991a6f2c51c57
Lazza,0jdNdfi4vAuVi7a6cPDFBM,https://i.scdn.co/image/ab6761610000e5eba6fa9c526ac155d3dc888c25
Guapdad 4000,0NcPKaSNIHAM2RfioH9vMT,https://i.scdn.co/image/ab6761610000e5eb9605cdc0a011f5388f8c79e2
Jace,0vaKiuLwFJLVU664A8GTjE,https://i.scdn.co/image/ab6761610000e5eb031a2fc1469745c61e53d2d5
Mez,30C5wgn4celhRP3Tytv7R6,https://i.scdn.co/image/ab6761610000e5ebf1096e8f3f1b8de7e88de0c6
Buddy,6PDLwWvgYNMfBRLqC1h5cJ,https://i.scdn.co/image/ab6761610000e5ebdf9aed812abaa0998e724247
Dani Faiv,0ffKEtMDnROKWyJtXUnLbJ,https://i.scdn.co/image/ab6761610000e5ebe23187090205491a9f4a29e9
thasup,19i93sA0D7yS9dYoVNBqAA,https://i.scdn.co/image/ab6761610000e5ebfe7c9cec92be2b63f9f71cab
Afro Bros,3wtMPMvPtiFylbnNXF6CAj,https://i.scdn.co/image/ab6761610000e5eb88b17625178d27a9d037fbbe
Like Mike,4pwXiI7Z5ZStkgKowZyoKi,https://i.scdn.co/image/ab6761610000e5eb20b28c24daa6aad64f6aa7b9
Massimo Pericolo,1El4YQA8oCXX7ynFSxRTFq,https://i.scdn.co/image/ab6761610000e5ebbcff54d6d50e5509211235a5
Marracash,5AZuEF0feCXMkUCwQiQlW7,https://i.scdn.co/image/ab6761610000e5eb8aa0ff279be0623fce3e6c9d
Izi,6289Bbkkk3gaCbh1K7Rv8F,https://i.scdn.co/image/ab6761610000e5eb073ff5ab47e3987e782f08c2
Cozz,5oFkj1qSlyBUmV5d6Edgtq,https://i.scdn.co/image/ab6761610000e5eb7510dccce9a4abf8c49f8ea2
Childish Major,4bMNzAopkqYTwkBLwMKsF1,https://i.scdn.co/image/ab6761610000e5ebbfa81325c51a89aa9e2dc2d6
Jack The Smoker,0vZAzVAFQL1gKLBPfnXMaS,https://i.scdn.co/image/ab6761610000e5eb02a9f122f96d6fd6ffee3b92
Beba,6ZpOQK1OKdCybuOgMkdbUh,https://i.scdn.co/image/ab6761610000e5eb0329a32020b4b13d903d2180
Zoink Gang,3OBsADexDJ29wg3OGVoAji,
Maxo Kream,6xS5PpBWaVYraexEkEjjXv,https://i.scdn.co/image/ab6761610000e5ebcb38cedfa83aa5eecc386655
Hell Raton,6g5SF1Yz63eoPUnJgRHfrz,https://i.scdn.co/image/ab67616d0000b273e12c9a873f0436d19acd7dc3
Jeremy Zucker,3gIRvgZssIb9aiirIg0nI3,https://i.scdn.co/image/ab6761610000e5eb64df9f37d51342328bc0790c
50 Cent,3q7HBObVc0L8jNeTe5Gofh,https://i.scdn.co/image/dd031b9c5d1b6eba4a691cd89c954255aae787f2
Dave,6Ip8FS7vWT1uKkJSweANQK,https://i.scdn.co/image/ab6761610000e5ebd03e9ecf77419871b96daee1
Billy Eichner,0FVsUxcFSlxwIM7Qs31s6J,https://i.scdn.co/image/ab6761610000e5eb2660d94f968e40fb64887f7d
Seth Rogen,7xX39IyguhWsTIg4eU2reH,https://i.scdn.co/image/ab6761610000e5eb098ada25bad2c88d4b590dc1
City Girls,37hAfseJWi0G3Scife12Il,https://i.scdn.co/image/ab6761610000e5eb5d4891c63de9b0b74a4b7b9e
Stephanie Poetri,0HS00NN7MAfF59aJnfcxSO,https://i.scdn.co/image/ab6761610000e5eb345be17d84c4081794b900f1
Dayvi,2TWBei99x2tV70bdYbWdAf,https://i.scdn.co/image/ab6761610000e5eb0dc7859e57858173b4d8ea0a
Victor Cardenas,00CMSJdbf36zOzKB3z8JrR,https://i.scdn.co/image/ab6761610000e5ebe181e4ef4b29a4b864ca1fc8
Kelly Ruíz,0cCNT5RyWndpS7Zx7ISEDw,https://i.scdn.co/image/ab6761610000e5eb0e2d9437c40c44eeaee97c52
Tones And I,2NjfBq1NflQcKSeiDooVjY,https://i.scdn.co/image/ab6761610000e5eb8bbb776368161a8258cbca3a
Oumou Sangaré,65CKKZilbcSKkAPC9a5Mvh,https://i.scdn.co/image/ab6761610000e5eb701aa97a73c93843574f63ee
Blue Ivy,3XV0lFzNs8BCTwhJTcMiBr,
SAINt JHN,0H39MdGGX6dbnnQPt6NQkZ,https://i.scdn.co/image/ab6761610000e5eb345b522ec424ba302d8c6b63
Vybz Kartel,2NUz5P42WqkxilbI8ocN76,https://i.scdn.co/image/ab6761610000e5eb12b0b63d736e8f57a3539e4f
Norm Ender,3S6gaE89XewFAvZqsMuJDJ,https://i.scdn.co/image/ab6761610000e5eb1a446a4941768741604a3590
Christine and the Queens,04vj3iPUiVh5melWr0w3xT,https://i.scdn.co/image/ab6761610000e5eb15f9f86c69d8db2f685b3792
MadeinTYO,5SyGEPymt1G2uto47tVWvZ,https://i.scdn.co/image/ab6761610000e5eba355df72cb79fb74616b7e23
Death Cab for Cutie,0YrtvWJMgSdVrk3SfNjTbx,https://i.scdn.co/image/ab6761610000e5eb378adae733fc578108e3f534
Residente,5GcWBUX00IPuWVGMIRK1sS,https://i.scdn.co/image/ab6761610000e5eb5bda9ce5834fff3c8baa646f
Smino,1ybINI1qPiFbwDXamRtwxD,https://i.scdn.co/image/ab6761610000e5eb4942e4dee1baf077fe6a9e2c
Majid Jordan,4HzKw8XcD0piJmDrrPRCYk,https://i.scdn.co/image/ab6761610000e5eb3916b72e0d2752aee6974d8e
Megan Thee Stallion,181bsRPaVXVlUKXrxwZfHK,https://i.scdn.co/image/ab6761610000e5eba300c2e412844ab60e397b1b
En Vogue,5fikk4h5qbEebqK2Fc6e48,https://i.scdn.co/image/ab6761610000e5eb6bb7f8ea26ac28c8d18efd8e
Ari Lennox,1vaQ6v3pOFxAIrFoPrAcom,https://i.scdn.co/image/ab6761610000e5ebc9692e23bcfe57043160845c
Kierra Sheard,4x3CdMQ3YjnPn4Evhyni5y,https://i.scdn.co/image/ab6761610000e5eb0943a3e75a3951ea03715ac0
Taylor Bennett,6CqjoQyGZlnhnq5gAUz92c,https://i.scdn.co/image/ab6761610000e5eb3bcde932533540241a4a3790
CocoRosie,05fo024EFotg9songSENOZ,https://i.scdn.co/image/ab6761610000e5eb53897bdf960343962861e4f6
James Fauntleroy,5ooSG9S0glqP5ZrqqaHBvT,https://i.scdn.co/image/ab6761610000e5ebe48a7f38c0aed50db51b3fbe
TOOL,2yEwvVSSSUkcLeSTNyHKh8,https://i.scdn.co/image/ab6761610000e5eb13f5472b709101616c87cba3
Lil Duke,06Qf6vq8AVIpE9XIw8LAsY,https://i.scdn.co/image/ab6761610000e5eb3513370298ee50e52dfc7326
SiR,3QTDHixorJelOLxoxcjqGx,https://i.scdn.co/image/ab6761610000e5eb49650981041de1e313be97d8
The Game,0NbfKEOTQCcwd6o7wSDOHI,https://i.scdn.co/image/ab6761610000e5eba657aa5506945d264e147244
WOS,5YCc6xS5Gpj3EkaYGdjyNK,https://i.scdn.co/image/ab6761610000e5eb22f6f9a2870926d6de2b2d09
Burna Boy,3wcj11K77LjEY1PkEazffa,https://i.scdn.co/image/ab6761610000e5eb2d405f4858ce3cd52d409c98
Bizarrap,716NhGYqD1jl2wI1Qkgq36,https://i.scdn.co/image/ab6761610000e5eb14add0d3419426b84158b913
Nicki Nicole,2UZIAOlrnyZmyzt1nuXr9y,https://i.scdn.co/image/ab6761610000e5ebb4cd562b2dfbfb953c45e881
Morgan Wallen,4oUHIQIBe0LHzYfvXNW4QM,https://i.scdn.co/image/ab6761610000e5ebdf42c758479fe40372584e77
The Chicks,25IG9fa7cbdmCIy3OnuH57,https://i.scdn.co/image/ab6761610000e5eb43d9d87bba466538f5c40901
Apache 207,1qQLhymHXFPtP5U8KNKsm6,https://i.scdn.co/image/ab6761610000e5eb982cd0568dc2bb9e2f813092
Miami Yacine,1XKjtpH5P81gpOXDB91IEB,https://i.scdn.co/image/ab6761610000e5eb99e87c0582685eb5c4a626e1
Rico Nasty,2OaHYHb2XcFPvqL3VsyPzU,https://i.scdn.co/image/ab6761610000e5ebde0db0a172528ee94e9a2cb1
Luan Santana,3qvcCP2J0fWi0m0uQDUf6r,https://i.scdn.co/image/ab6761610000e5ebfde13b4ff04ee1c0f33c6878
Dímelo Flow,3fZk3Gm5dN5v5yfYMQ04Bx,https://i.scdn.co/image/ab6761610000e5ebf64b7eeda594e0ab8deb8b74
Ozzy Osbourne,6ZLTlhejhndI4Rh53vYhrY,https://i.scdn.co/image/ab6761610000e5ebb5b52f7e13f720c7a4856306
Şanışer,5LUxu287CsPM7jy3yS3l86,https://i.scdn.co/image/ab6761610000e5eb1dffaaeded32e297efaaba07
Kamufle,0JnDkp29FlLpGwsnub400t,https://i.scdn.co/image/ab6761610000e5ebd0bcbc8d0448984c5a4902ef
Mert Şenel,5YP7LI1ddSh4JFYe03h7ue,https://i.scdn.co/image/ab6761610000e5ebaf2d08d9539034f893c71ec5
Mirac,7xoGvuN5XfZ3T4dZoJvMCr,https://i.scdn.co/image/ab6761610000e5eb3868e6f7d047dd3c8266eeb5
Aga B,3QKeYTHlgDrec7FDej6XiN,https://i.scdn.co/image/ab6761610000e5ebc3e3151a67f49bba370c2071
Defkhan,5piE2MZ1wGpBjpDud8kTOS,https://i.scdn.co/image/ab6761610000e5eb489601991d38af5523f9f118
Aspova,2sjnyyL9NXijL3Fr2eLikf,https://i.scdn.co/image/ab6761610000e5ebf4fdc086a55bc751ab7e8876
Yeis Sensura,08zaslX1yBxta9zqc2yoWJ,https://i.scdn.co/image/ab6761610000e5eb0f1af7edc6c53f91cab1becd
Sehabe,6P5Tw2kwv3BAa3iONsQe9x,https://i.scdn.co/image/ab6761610000e5eb22b75bcd37f75f8064c41f54
Deniz Tekin,4TdvNk4wmn5DgBFiLDeCj0,https://i.scdn.co/image/ab6761610000e5ebdff3380e2a6200c667c97262
Ozbi,4DG2pTwQBor7a6wtoEABau,https://i.scdn.co/image/ab6761610000e5ebcb7d2ad169e9f31e3136c020
Sokrat St,7ouCgJkxRBIJljUiQVJK65,https://i.scdn.co/image/ab6761610000e5eb7a4496f95b79edc8d1466015
Tahribad-ı İsyan,7KNe21hAKV93GU7joDCs7e,https://i.scdn.co/image/ab6761610000e5eba1365871e9fb0c2ce1dffdda
Beta,6Qhj2IvvWhPa0OgHHruMRL,https://i.scdn.co/image/ab6761610000e5eb0efd25b919dcc2e57d4a940b
Server Uraz,14obHIpcXd2SsTyR9VBsLL,https://i.scdn.co/image/ab6761610000e5ebedde2f488084b53577a10e4c
Hayki,6I65kFgfXDWx56jwnip3TU,https://i.scdn.co/image/ab6761610000e5eb504393465443fdfa809ec2af
Ados,4jtv7mIerRdHNQOkFtKyDW,https://i.scdn.co/image/ab6761610000e5eb9dee454f34d00586cb9538f9
Fuat,6tRmpYzDIjWoRHzbJO7Cpx,https://i.scdn.co/image/ab6761610000e5eb2c01ffbcf5e026275ec56b7a
Lalo Ebratt,1GAymyGBvB4gQy5Z5LZ1Wj,https://i.scdn.co/image/ab6761610000e5ebd309b94c82f84de05bf161be
Regard,4ofCBoyEiGSePFAG500xev,https://i.scdn.co/image/ab6761610000e5eb3a40d117d52a9fe3aacf304f
Melanie Martinez,63yrD80RY3RNEM2YDpUpO8,https://i.scdn.co/image/ab6761610000e5eb77ecd63aaebe2225b07c89f0
9lokknine,0ceH34CATvfgphxnLRWFkm,https://i.scdn.co/image/ab6761610000e5eb1f4f81640c0305a3a027db66
El Alfa,2oQX8QiMXOyuqbcZEFsZfm,https://i.scdn.co/image/ab6761610000e5ebebc38443c371677783ebd465
MC JottaPê,5GqnSMX8p2hxqsM6LqDty3,https://i.scdn.co/image/ab6761610000e5ebc2337effea65a4b0ed9bd8f1
MC M10,2kMDiFDvjMOoLfcZbLgA6s,https://i.scdn.co/image/ab6761610000e5ebc5c17168a8f0bfaf96239b97
LEA,5Yo5iU2nf4H41waPl4ZnS1,https://i.scdn.co/image/ab6761610000e5eb02be37ac508f83b6542bd0e4
Animus,4Mt1ci7cKg2DpDS5kJ5mHS,https://i.scdn.co/image/ab6761610000e5eb5fa2d3722fb63a6b6bcebd67
Xavier Naidoo,47RPLpnGhBRTjQrRBOev9s,https://i.scdn.co/image/ab6761610000e5eb57ecaad62e5b5c2b09475cd8
blink-182,6FBDaR13swtiWwGhX1WQsP,https://i.scdn.co/image/ab6761610000e5eb5da36f8b98dd965336a1507a
Rich Music LTD,2kqUKsTuEj1lPbm6BSn1AU,https://i.scdn.co/image/ab6761610000e5ebb09e14fd2ae3c72dd1caf888
Felipe Original,2Cra8I2P4OnMkVguqZRVwi,https://i.scdn.co/image/ab6761610000e5ebfe0a5563821e7b69603e9cd0
JS o Mão de Ouro,7C7NNCiIFavKH6oDarjp0v,https://i.scdn.co/image/ab6761610000e5eb5321edd77d7b16a8e93c921b
Moneybagg Yo,3tJoFztHeIJkJWMrx0td2f,https://i.scdn.co/image/ab6761610000e5eb6d2f8e8fbf5b13b1baa1eeff
YK Osiris,7meyrw7Or5DwteYxDJrkCM,https://i.scdn.co/image/ab6761610000e5eb9f29ff14efc055f662dbc6d7
Kevin Gates,1gPhS1zisyXr5dHTYZyiMe,https://i.scdn.co/image/ab6761610000e5eb180a7912dbf0e40790292ba3
The Cratez,3pVfscwg2QxhdHtk966inb,https://i.scdn.co/image/ab6761610000e5eb2fa81da9826881fcfc948746
Stunna 4 Vegas,44IvvHRk2XF243QLA2VOa8,https://i.scdn.co/image/ab6761610000e5eb998f92c0ca44fcce09ef7abb
Sido,4Yttlv9ndGjCDCVLqM7ACq,https://i.scdn.co/image/ab6761610000e5ebacad48182c5778b5a0ec77ed
SSIO,3IrUyDPQlQFcB5lMWhPml2,https://i.scdn.co/image/ab6761610000e5ebe05bb5692f746ae2c4db46ed
MC Du Black,6v4PBIzRAGaLp43LVureQc,https://i.scdn.co/image/ab6761610000e5eba235c19017317ee360cecd16
DJ 2F,3tkq9ZnBaejLPLRpg8kGET,https://i.scdn.co/image/ab6761610000e5ebebafe7962df211fd589da654
José José,4mN0qcMxWX8oToqfDPM5yV,https://i.scdn.co/image/ab6761610000e5eb0c387e6ddb399d55a8e51341
24kGoldn,6fWVd57NKTalqvmjRd2t8Z,https://i.scdn.co/image/ab6761610000e5ebdbe6d377ce63a248c0108605
Murda,2y1VzMKAa5nmfXKtJL9jnj,https://i.scdn.co/image/ab6761610000e5eb13d01bac02a3fbfada42b686
Ezhel,6LnJKrtFnTEGdbWQ2riWCL,https://i.scdn.co/image/ab6761610000e5eb9450a4efe117513d3ba47ded
Gambi,1lB3I3SI30v2ZOpR4XQqzJ,https://i.scdn.co/image/ab6761610000e5eb5bb3dc220a685840df46c3d7
SuperM,5BHFSMEjfLVx1JwRWjAOsE,https://i.scdn.co/image/ab6761610000e5eb8d69367047a24d20b0323ff7
Dan Reynolds,3k3gbUT7bF0jYmFmAKBQtU,https://i.scdn.co/image/ab6761610000e5eb984ab28071d59bd99a434f8f
Black Eyed Peas,1yxSLGMDHlW21z4YXirZDS,https://i.scdn.co/image/ab6761610000e5ebb3037310c07b99cbefbd2c6d
Becky Hill,4EPJlUEBy49EX1wuFOvtjK,https://i.scdn.co/image/ab6761610000e5ebd6f6bf343b8bf12f12dc1a25
Dadá Boladão,36SRwzRkX5zW3ABjJrevqX,https://i.scdn.co/image/ab6761610000e5eb41f12eddfb02c5f65e5037ff
Tati Zaqui,0e68cnJyUTJu1nEuxxMSLm,https://i.scdn.co/image/ab6761610000e5ebb9d1b7802679adce5fcd41f2
OIK,1B5n6jsxvFldc6Nq8Wx8VJ,https://i.scdn.co/image/ab6761610000e5eb3abe557ee9a6bf7a84de69e3
Internet Money,6MPCFvOQv5cIGfw3jODMF0,https://i.scdn.co/image/ab6761610000e5eb30cc15d302e22803fcb5ad34
Sunday Service Choir,2c9O21YLFy4tFI9zCVhbFg,https://i.scdn.co/image/ab6761610000e5ebeeddda7878eb282a03c52b1e
Ant Clemons,028lPW2NdWHdSPCkRkcyhd,https://i.scdn.co/image/ab6761610000e5eb4134be1de8807186cc9d0467
Clipse,2J257euzcjnDLipsyJH3F2,https://i.scdn.co/image/dba80f94d4be6d119eb5ffa772016ef58bc51413
Kenny G,6I3M904Y9IwgDjrQ9pANiB,https://i.scdn.co/image/ab6761610000e5ebfce79bf01d99f9434108b56e
Fred Hammond,2ndyVAdV9UqF1XjyTJt484,https://i.scdn.co/image/b97b37a7eb83bcefaea0f2120579729a20fd49c2
Death Stranding: Timefall,4rojTfP5nRkmYpdSbWQgV4,https://i.scdn.co/image/ab6761610000e5ebcbb85295a6d4b8ada9c5ebb0
Carlos Santana,0MsXN56oNCyqorqEPViWgQ,https://i.scdn.co/image/e1bfc98896b3638caa59ef227d52fb1a2208375d
Big Freedia,2gyv1akuIB9fQvXoGSPaJr,https://i.scdn.co/image/ab6761610000e5ebda286204ffc16743f0a161ae
Omar Montes,3lY9Fxceu60W1rbon7PkuF,https://i.scdn.co/image/ab6761610000e5eb90559d5942b29317110bd5be
Bad Gyal,4F4pp8NUW08JuXwnoxglpN,https://i.scdn.co/image/ab6761610000e5eb839b881dfb18d4b260e88064
Arizona Zervas,0vRvGUQVUjytro0xpb26bs,https://i.scdn.co/image/ab6761610000e5ebfc992fcd4e92e84dbdd28d91
Lexa,0jTDeBJQr3unrK29LklnAv,https://i.scdn.co/image/ab6761610000e5eb54b1d7c938ac8300c4253c18
PEDRO SAMPAIO,5wbf52LA6kcaboHSN6NEF1,https://i.scdn.co/image/ab6761610000e5eb17af45f97f547e588f3903f6
Christian Nodal,0XwVARXT135rw8lyw1EeWP,https://i.scdn.co/image/ab6761610000e5eb987de2d53ee07fed17d0e464
Ant Saunders,4jpsw9CQS439N0B7SecMgf,https://i.scdn.co/image/ab6761610000e5ebe12cd95b25e98e9eb586b730
Doja Cat,5cj0lLjcoR7YOSnhnX0Po5,https://i.scdn.co/image/ab6761610000e5ebe94f88ff74ae4ddcab961f97
T-Pain,3aQeKQSyrW4qWr35idm0cy,https://i.scdn.co/image/ab6761610000e5eb99a856ab4ab752d85e50a750
Riton,7i9j813KFoSBMldGqlh2Z1,https://i.scdn.co/image/ab6761610000e5eb43b270773d180b196f8cf7ad
Oliver Heldens,5nki7yRhxgM509M5ADlN1p,https://i.scdn.co/image/ab6761610000e5ebe0de3617061247aa35ff7865
Vula,6YqhcZlSE8ugUcmoHLw9gz,https://i.scdn.co/image/ab6761610000e5eb2c93cf2a65dea25e77931f3f
Adriana Proenza,7KHA7OOevgTDFhlym0oEyP,https://i.scdn.co/image/ab6761610000e5ebdcf08d7b137c2ef14dc1aea5
JP Saxe,66W9LaWS0DPdL7Sz8iYGYe,https://i.scdn.co/image/ab6761610000e5eb4dfe322f669cd92f8c501139
True Damage,7xX15v6ahAkcT14kHfB9wB,https://i.scdn.co/image/ab6761610000e5eb0b2aa63831c896d798875548
Keke Palmer,2YFBOR9KIxC6WqHclkj9Yq,https://i.scdn.co/image/ab6761610000e5eb1e0ba9af6050d856b63be520
JEON SOYEON,6Xg22wJOAcnvPUfk5WvODH,https://i.scdn.co/image/ab6761610000e5ebcca1f211b37c5be8b675c949
Duckwrth,6I3MElirhT5t6Kf7p0hGk9,https://i.scdn.co/image/ab6761610000e5eb68f668b7480880499fab9d8a
Thutmose,1igl9M102nuD96lo3ZoW5d,https://i.scdn.co/image/ab6761610000e5eb0a04663a94428aa9572059ed
KSI,1nzgtKYFckznkcVMR3Gg4z,https://i.scdn.co/image/ab6761610000e5ebcb4ae963f0c01900f3e17712
S-X,0JYmighF3zbuA81Di54CZN,https://i.scdn.co/image/ab6761610000e5ebd37e54ec7d77afd1a485caf3
Jungleboi,1igVsxmGxt1VTKPulM0EuA,https://i.scdn.co/image/ab6761610000e5eba22e6abeabfcf08928c63296
Mara Sattei,0zoMmzmyi8N8LwzhyXPvtk,https://i.scdn.co/image/ab6761610000e5ebed05b218d67bac1120de1311
Trevor Daniel,7uaIm6Pw7xplS8Dy06V6pT,https://i.scdn.co/image/ab6761610000e5eb91fa81ee7feed311d9aedf7e
Maggie Rogers,4NZvixzsSefsNiIqXn0NDe,https://i.scdn.co/image/ab6761610000e5eb42ac28bac739fd27c568cf4b
MORTEN,19HFRWmRCl27kTk6LeqAO8,https://i.scdn.co/image/ab6761610000e5eb9ac615ec13df35bc1017aec1
Joshi Mizu,03bmDyr8klGV17DKQnPZVA,https://i.scdn.co/image/ab6761610000e5ebf500471ec1b6666ea6ca1236
Luísa Sonza,4PzYKhC14sTJNEr0dzoo0d,https://i.scdn.co/image/ab6761610000e5eb8e3bc9d6d6b1e59e32a87cd6
Rebecca,5MS6HieNmKxzkAM8amE8sr,https://i.scdn.co/image/ab6761610000e5eb19c11e9374620fed1f8080af
Chris King,19Nq4oCJmRe9pxcCfxRgU7,https://i.scdn.co/image/ab6761610000e5ebc14f0df152419f8dd777070a
Quan'ta,2kuTXO1yl1horIqmc9JQnI,https://i.scdn.co/image/ab6761610000e5eb94ca5a3b8320ef3118e3ab7e
AURORA,1WgXqy2Dd70QQOU7Ay074N,https://i.scdn.co/image/ab6761610000e5ebeefc6f13cec94fe613a6c1c8
Evan Rachel Wood,3MyB0MyKec3Jq0AH2llk7v,https://i.scdn.co/image/0cfb5aa38a18c0553f138b02394cb1f02dac9d2b
Shiva,2K5nCggbhSZ00YCYP5qkZS,https://i.scdn.co/image/ab6761610000e5eb4b715022bba5af5152d99599
Gradur,2tcoLkA9Hexz70Kuc1NTUl,https://i.scdn.co/image/ab6761610000e5ebd4fd2d73f9e95981f59fa670
Heuss L'enfoiré,3YwqjMyrRfuixi2pbgTGCE,https://i.scdn.co/image/ab6761610000e5ebb6e6024ab43689ab74cbe11e
Don Toliver,4Gso3d4CscCijv0lmajZWs,https://i.scdn.co/image/ab6761610000e5eb62d52993e245cb161f89b01c
SUGA,0ebNdVaOfp6N0oZ1guIxM8,https://i.scdn.co/image/ab6761610000e5eb0fad315ccb6b38517152d2cc
Hava,3Mn6d673ieRza7uw6zY2Zv,https://i.scdn.co/image/ab6761610000e5eb18d778f47eb22cddb8278068
Seezyn,1jIVEaq8GmqMYb8nFNAZgb,https://i.scdn.co/image/ab6761610000e5eb356b28502be25a017e38f395
Headie One,6UCQYrcJ6wab6gnQ89OJFh,https://i.scdn.co/image/ab6761610000e5ebb9c2b9dced33e289fb9a281b
Imanbek,5rGrDvrLOV2VV8SCFVGWlj,https://i.scdn.co/image/ab6761610000e5ebb2f35da2dbdcb7daa6295596
Kacey Musgraves,70kkdajctXSbqSMJbQO424,https://i.scdn.co/image/ab6761610000e5ebc548c7ff983f25641dc71ffe
JACKBOYS,7A8S43ryYdbWpJKeHRZRcq,https://i.scdn.co/image/ab6761610000e5eb440b705481183f0ddaa521d7
Pop Smoke,0eDvMgVFoNV3TpwtrVCoTj,https://i.scdn.co/image/ab6761610000e5eb597f9edd2cd1a892d4412b09
Conan Gray,4Uc8Dsxct0oMqx0P6i60ea,https://i.scdn.co/image/ab6761610000e5ebcc2d67917c6dc6cdfd009964
Gusttavo Lima,7MiDcPa6UiV3In7lIM71IN,https://i.scdn.co/image/ab6761610000e5eb460ff46b35655408cb5ed298
Guilherme & Benuto,6m6e7D2TnV0aYMllFFwMxu,https://i.scdn.co/image/ab6761610000e5eb946d345050cf85e1b67e00d3
Topo La Maskara,3kgQWNZNpp8d8JQZhuKbPP,https://i.scdn.co/image/ab6761610000e5eb81c29ad6c4e074a2ba9a1381
Walshy Fire,3yJLZoq3Ra2VmSW5teVgih,https://i.scdn.co/image/ab6761610000e5ebe60d6cbc5bb4e6085193b6dc
Los Ángeles Azules,0ZCO8oVkMj897cKgFH7fRW,https://i.scdn.co/image/ab6761610000e5eb8d751eb2c4670d689d23734e
Natalia Lafourcade,1hcdI2N1023RvSwLzTtdsp,https://i.scdn.co/image/ab6761610000e5ebefb8cc9d57eabb9f1e3f8d0b
TOKYO’S REVENGE,5TbLOwv8BNnik3f03NZJlt,https://i.scdn.co/image/ab6761610000e5eb624d202f58bbc49cece97952
Olivia Rodrigo,1McMsnEElThX1knmY4oliG,https://i.scdn.co/image/ab6761610000e5ebe03a98785f3658f0b6461ec4
Disney,3xvaSlT4xsyk6lY1ESOspO,https://i.scdn.co/image/ab6761610000e5ebc698d53b77db34027b00f853
Likybo,16Nc36xAtNyQ7BMBcDsaLv,https://i.scdn.co/image/ab6761610000e5ebda5a98ebb49b7da109d2ecf7
White Gold,79KQgTCu4wV38ECYKn62DZ,https://i.scdn.co/image/ab6761610000e5eb59db4301e2bb26748ea272ab
Q-Tip,3ZotbHeyVQKxQCPDJuQ4SU,https://i.scdn.co/image/de7804e485499fb93165fb84bb6d655232c561e2
Denaun,1WjexdTcXHgvlVIPCE8D1Q,
KXNG Crooked,6fFfnKGVI6X3lkCr8Qw1g1,https://i.scdn.co/image/ab6761610000e5eb725f611db39f17a4710b4ab9
Joell Ortiz,1q13yHC6Syg5Y8iPLrRnCq,https://i.scdn.co/image/ab6761610000e5eb5bb359325e38bd69d0ad1e4a
Miksu / Macloud,76dRoxKtDwYkgCQePok9cU,https://i.scdn.co/image/ab6761610000e5eb460f7fe058f05b82d831e0f8
Maes,6L34dW6SKMSDaGIfYDU19j,https://i.scdn.co/image/ab6761610000e5eb94d3aff5f84dfc8bf111f157
Thiaguinho MT,0yApzRdrUqTGqX9MULdnmV,https://i.scdn.co/image/ab6761610000e5eb667e004ab3750817e3212226
Mila,606eWexxNhc6Mj0RuCxMA9,https://i.scdn.co/image/ab6761610000e5eb2a0ae120139e0cb047369b2d
Matthew Wilder,3bmFPbLMiLxtR9tFrTcKcP,https://i.scdn.co/image/ab6761610000e5eb5dcabf363571181dba3ecf66
Surfaces,4ETSs924pXMzjIeD6E9b4u,https://i.scdn.co/image/ab6761610000e5ebcfdf34f73285254900911485
Hayley Williams,6Rx1JKzBrSzoKQtmbVmBnM,https://i.scdn.co/image/ab6761610000e5ebca3aa12c1b46ff911ad53104
ELIF,65AzRSW0jKSs0WtttEXrOw,https://i.scdn.co/image/ab6761610000e5eb703082df638e432d203b4efa
Joker Bra,325L7kby6bkG5qSXXAFEWM,https://i.scdn.co/image/ab6761610000e5ebb9a59f4ff63d984b87cec1c1
VIZE,09agIJMxCD2k87ys9Al0f0,https://i.scdn.co/image/ab6761610000e5eb5c577e45fcf27280ed316fc0
slowthai,3r1XkJ7vCs8kHBSzGvPLdP,https://i.scdn.co/image/ab6761610000e5ebd35231e23d5af811b8fdca7a
SOFT PLAY,3xByNj8XW17oW0wsJhgzYL,https://i.scdn.co/image/ab6761610000e5eb9fa5f402a492619f1aa996ef
Freshlyground,7AcV1lk8Zrgo1691PDWEle,https://i.scdn.co/image/cdc8cf94774db4f0066ca1f90eb3fda45955a420
Jack Harlow,2LIk90788K0zvyj2JJVwkJ,https://i.scdn.co/image/ab6761610000e5ebb645c02cfa05103299775097
MK,1yqxFtPHKcGcv6SXZNdyT9,https://i.scdn.co/image/ab6761610000e5ebffa0888ff64a510cbf665855
Green Day,7oPftvlwr6VrsViSDV7fJY,https://i.scdn.co/image/ab6761610000e5eb6ff0cd5ef2ecf733804984bb
Diodato,2QWrpLRDeBD1NwWAsytBRi,https://i.scdn.co/image/ab6761610000e5eba201722cb2e21e4020030286
Pinguini Tattici Nucleari,6RdcIWVKYYzNzjQRd3oyHS,https://i.scdn.co/image/ab6761610000e5eb3b96cd66c6bf065f7b773a33
Powfu,6bmlMHgSheBauioMgKv2tn,https://i.scdn.co/image/ab6761610000e5eb33ef55ab15e9527d169961c8
beabadoobee,35l9BRT7MXmM8bv2WDQiyB,https://i.scdn.co/image/ab6761610000e5ebe7c6cea0c83857388127fced
Ashe,6P5NO5hzJbuOqSdyPB7SJM,https://i.scdn.co/image/ab6761610000e5ebb050124f9b78ef36d375cdbb
MC Lan,4mb1xtQVGSK5dh8AbtwBiR,https://i.scdn.co/image/ab6761610000e5ebc014a3117475e95d00d197d0
BEAM,46MWeeHNVMYRIIofQBEX98,https://i.scdn.co/image/ab6761610000e5eb20582aa199f291d31d6a719c
K CAMP,5bgfj5zUoWpyeVatGDjn6H,https://i.scdn.co/image/ab6761610000e5eb2948cd9251b72583d6319140
MC Ingryd,09EYYUcfEDOvj3D5f45L99,https://i.scdn.co/image/ab6761610000e5ebbacbe06490f804d2d7f849d3
DJ Henrique da VK,6ac253D3NynjiNAjkkR2TJ,https://i.scdn.co/image/ab6761610000e5eba6859b703998387605215191
Clinton Kane,7okSU80WTrn4LXlyXYbX3P,https://i.scdn.co/image/ab6761610000e5eb579c863d58d74b1d97d7546e
42 Dugg,45gHcnDnMC15sgx3VL7ROG,https://i.scdn.co/image/ab6761610000e5eb40c29d16a1bc236c8c67bb14
G Herbo,5QdEbQJ3ylBnc3gsIASAT5,https://i.scdn.co/image/ab6761610000e5eb1a620eb0a042b4430d340757
Yaviah,0Y30TbA4p8SAfCzy2AFBa8,https://i.scdn.co/image/ab6761610000e5ebd6e7b9afa42ae264c84f22d4
Ñengo Flow,12vb80Km0Ew53ABfJOepVz,https://i.scdn.co/image/ab6761610000e5ebda3f48cf2309aacaab0edce2
Pablo Chill-E,2XcZshqzPKm3iZcmt73R8D,https://i.scdn.co/image/ab6761610000e5eb520b92c668acbb897e22e4ae
Mora,0Q8NcsJwoCbZOHHW63su5S,https://i.scdn.co/image/ab6761610000e5ebc8f6d4d6eb8e7dd5206bd5f4
Kendo Kaponi,1WMwuNKzEFtU6pPkdtryYS,https://i.scdn.co/image/ab6761610000e5eba6db079799d908caddf93b30
WanMor,5XmuuM2C6t4HSPa3FSuU3h,https://i.scdn.co/image/ab6761610000e5eb10f2f244d39f614d2d0b168f
BENEE,0Cp8WN4V8Tu4QJQwCN5Md4,https://i.scdn.co/image/ab6761610000e5eb85ec12826041b0442a7f4499
Gus Dapperton,6sHCvZe1PHrOAuYlwTLNH4,https://i.scdn.co/image/ab6761610000e5ebf0618341e2ce028549d09cb1
Syd,3jk39CGeaaSO3FPKNx1RUx,https://i.scdn.co/image/ab6761610000e5ebe6fda2022b01ffe8a0966131
Rymez,6lUWb46h9Y8H8cqpW3i0pc,https://i.scdn.co/image/ab6761610000e5ebc2f4f2ebac9dde0c1bc628a6
PUBLIC,4vxaQs6vK54nK89J1VtLex,https://i.scdn.co/image/ab6761610000e5eb6864df75e5a62de1062cfd7d
ITZY,2KC9Qb60EaY0kW4eH68vr3,https://i.scdn.co/image/ab6761610000e5eb3448062884d4ad30473e964b
Chief Keef,15iVAtD3s3FsQR4w1v6M0P,https://i.scdn.co/image/ab6761610000e5ebf3d48b48b4603bd55f489655
Kaash Paige,0f2YkMXwFNJNSX7MymevKE,https://i.scdn.co/image/ab6761610000e5ebd1ac2ed836761bedc70762ed
Alida,1kiq2kUV0cbLUhJsr7cpW0,https://i.scdn.co/image/ab6761610000e5eb0c32b72799102d863e6978bd
DripReport,3O5HD95HTEPgoPFOjAb7yV,https://i.scdn.co/image/ab6761610000e5eb4e555136366f277e13c5ca47
HWASA,7bmYpVgQub656uNTu6qGNQ,https://i.scdn.co/image/ab6761610000e5eb4ece7bd9a9ab97e980565614
Monet192,60uPSVM3svOL8kZ3Wkb3Zw,https://i.scdn.co/image/ab6761610000e5eb45e88242c3ae1fe0d5512ab6
Kenny Rogers,4tw2Lmn9tTPUv7Gy7mVPI4,https://i.scdn.co/image/ab6761610000e5eb43eec847b2e3aaa5f4edbd23
Dolly Parton,32vWCbZh0xZ4o9gkz4PsEU,https://i.scdn.co/image/ab6761610000e5eb33c82e34ebf51636457796ff
Topic,0u6GtibW46tFX7koQ6uNJZ,https://i.scdn.co/image/ab6761610000e5eb311541bc44662323717a413b
A7S,5Wg2b4Mp42gicxEeDNawf7,https://i.scdn.co/image/ab6761610000e5ebeb8c8179b711c9b105286df6
Kadhja Bonet,6sqZoZxe9BQwk7Zxh6STfF,https://i.scdn.co/image/ab6761610000e5eb2a6e95fbaa72eea31aab5fdc
Sub Urban,7gXb99Sf9nNmpNYeAgIQFG,https://i.scdn.co/image/ab6761610000e5ebd0eed99b0787e06efa5355f4
Eiffel 65,64rxQRJsLgZwHHyWKB8fiF,https://i.scdn.co/image/ab6761610000e5eb97750c261f871a9504059983
SRNO,0Kwf0zcciIFGLCKiqNcO6Q,https://i.scdn.co/image/ab6761610000e5eb7ab75f70d0686da77f86a036
Marcus Mumford,3bYcjbVAN3rAuU3TMzw2mB,https://i.scdn.co/image/ab6761610000e5eb55cfa2c35798596c0f7ac9ab
Surf Mesa,1lmU3giNF3CSbkVSQmLpHQ,https://i.scdn.co/image/ab6761610000e5eb4abc929c835b815a99fdfaf0
Emilee,4ArPQ1Opcksbbf3CPwEjWE,https://i.scdn.co/image/ab6761610000e5eb75f548daaedafc95a16bccee
Sasha Alex Sloan,4xnihxcoXWK3UqryOSnbw5,https://i.scdn.co/image/ab6761610000e5eb10b7ef8a43b16465acdc0e1d
Bill Withers,1ThoqLcyIYvZn7iWbj8fsj,https://i.scdn.co/image/96b85aec6907206572527e1eeec6569d5e977a38
Rod Wave,45TgXXqMDdF8BkjA83OM7z,https://i.scdn.co/image/ab6761610000e5eb8674f92cf33931fa4cd298c2
Vicetone,0daugAjUgbJSqdlyYNwIbT,https://i.scdn.co/image/ab6761610000e5eb88a66d4ae97dea3d6c323772
Tony Igy,2jpQ0ywffgVHhZFQNWaWYW,https://i.scdn.co/image/ab6761610000e5eb8d001165b5cbee4a7be1e70c
The Strokes,0epOFNiUfyON9EYx7Tpr6V,https://i.scdn.co/image/ab6761610000e5ebc3b137793230f4043feb0089
Leon Bridges,3qnGvpP8Yth1AqSBMqON5x,https://i.scdn.co/image/ab6761610000e5ebd5112a5b16a01e971ebb049c
Mansa Of The Hill,09OSlbN2DUUOG9cbRWdWuT,https://i.scdn.co/image/ab6761610000e5eb9fa0d19b89d7f87660d0ac13
Evaluna Montaner,52qzWdNUp6ebjcNsvgZSiC,https://i.scdn.co/image/ab6761610000e5ebe0fea3817a423295c9236332
jetsonmade,0UcXjTpzt0DmIwPSNwlJfF,https://i.scdn.co/image/ab6761610000e5eb6a13e67d9a08f617cb6b53ff
Zak Abel,6Gk5hoM7eW8NSCYhICMDHw,https://i.scdn.co/image/ab6761610000e5ebf30f0f0e7f93877befa196af
Sam Fischer,6L1XC7NrmgWRlwAeLJvVtA,https://i.scdn.co/image/ab6761610000e5eb3fe34a07ce8c3f3f16d8ea8e
J. Rey Soul,1OB278sOZVSFx5vXqYha83,https://i.scdn.co/image/ab6761610000e5ebfe6a2de8cab9eb58bc7e9c53
THE SCOTTS,2PaZWGu5T5nHjY2xxAkFsT,https://i.scdn.co/image/ab6761610000e5ebd51dd9e8a876c829dedcc8d1
The Rolling Stones,22bE4uQ6baNwSHPVcDxLCe,https://i.scdn.co/image/ab6761610000e5ebe4cea917b68726aadb4854b8
Swarmz,2yPprAQlrIQWu60g09B9MZ,https://i.scdn.co/image/ab6761610000e5ebeee9bb3486276c7ed3363fa8
Tion Wayne,7b79bQFziJFedJb75k6hFt,https://i.scdn.co/image/ab6761610000e5eb7ab375143909a326105e654a
KEVVO,4QrBoWLm2WNlPdbFhmlaUZ,https://i.scdn.co/image/ab6761610000e5eb6ff3be797fcbfdb752e4df0c
Lyanno,1Ts9of7VPZElwPQnqnDSfW,https://i.scdn.co/image/ab6761610000e5eb7f2df745c664488a9a2fe614
GIVĒON,4fxd5Ee7UefO4CUXgwJ7IP,https://i.scdn.co/image/ab6761610000e5eb47864450af324512021641e5
Fivio Foreign,14CHVeJGrR5xgUGQFV5BVM,https://i.scdn.co/image/ab6761610000e5eb366afadc7bfc1671fb1d4f2c
Sosa Geek,2UyyBkpzN5w3hzZBZGvRZb,https://i.scdn.co/image/ab67616d0000b2733154f333558b0bb3d0bab250
Banda MS de Sergio Lizárraga,2C6i0I5RiGzDKN9IAF8reh,https://i.scdn.co/image/ab6761610000e5ebf49a3377cacbeb4fc157949d
StaySolidRocky,1XLWox9w1Yvbodui0SRhUQ,https://i.scdn.co/image/ab6761610000e5eb8c0656a6c20662046ec62a96
IU,3HqSLMAZ3g3d5poNaI7GOU,https://i.scdn.co/image/ab6761610000e5ebbd0642ff425698afac5caffd
Young T & Bugsey,6M6XXCcO5gI68XpIlrUL3Z,https://i.scdn.co/image/ab6761610000e5eb45bb834cd1b75556e524f4ad
Haftbefehl,6ynopZPMBXcIGBI9M02Un5,https://i.scdn.co/image/ab6761610000e5eb7562f7fa923ad0bd0aab2b0a
Bazzazian,7k403TjkSs0KANqh7pe9Vn,https://i.scdn.co/image/ab6761610000e5eb9100eb5ebd2ee8e775745fa2
Joel Corry,6DgP9otnZw5z6daOntINxp,https://i.scdn.co/image/ab6761610000e5eb148be0a90a1600cc71126e5b
Gabriela,1A8aoDrchH5aefQYBCfpLv,https://i.scdn.co/image/ab6761610000e5eb56868384d87a7f6f7260bb9b
Sleepy Hallow,6EPlBSH2RSiettczlz7ihV,https://i.scdn.co/image/ab6761610000e5eb85563828c7493e4edf175379
Fousheé,6trIghKwHRUyxwvm66HLHH,https://i.scdn.co/image/ab6761610000e5eb7696bee0605994f448916795
Natalie Taylor,2WxjxdeF7GGdcCK276qViY,https://i.scdn.co/image/ab6761610000e5eb2456ffb6cdb33c43fbbb14f9
S1mba,71jSVPQ6yskfyvWeiwvT5s,https://i.scdn.co/image/ab6761610000e5eba47fbf9461212cd60ea2ac70
DTG,6kZWqUZqptyxb8Ki5DyBAg,https://i.scdn.co/image/ab6761610000e5eb01811f2063f92befc968380e
John Martin,2auikkNYqigWStoHWK1Grq,https://i.scdn.co/image/ab6761610000e5ebc219fd875a1df4abf7eb157d
Brray,1GKIlPFdcewHtpDVCQ8zmJ,https://i.scdn.co/image/ab6761610000e5eb5e6ea208ab08d1748f7fc34d
Juanka,3Wb38LDP3N4tkobValgE9D,https://i.scdn.co/image/ab6761610000e5eb616db73c0341022c50927951
Pashanim,34LetYSjEuG2fBb4Z8PwPg,https://i.scdn.co/image/ab6761610000e5eb5e52309aaa39f09cb968711c
jxdn,6Y64EaNqpqcZYTgs4c76gF,https://i.scdn.co/image/ab6761610000e5eb347c3519c241e071fb2fcc3a
Agust D,5RmQ8k4l3HZ8JoPb4mNsML,https://i.scdn.co/image/ab6761610000e5eb191d43dca6f2f5a126e43e4b
NiiHWA,1OY65G9NJJHsSt1lGLZU6q,https://i.scdn.co/image/ab6761610000e5eb9d8216a0f10e5aba3affea9b
Kim Jong Wan of NELL,7ksQJtsXSRSrI5306UwIgH,https://i.scdn.co/image/ab67616d0000b2739995021c07c42df413c64743
Nechie,0DO5d7KMv6Gn1mIbDhlyUf,https://i.scdn.co/image/ab6761610000e5ebe370fd5395c3eb092fa854c4
Aiyana-Lee,2IZXxSIGhFtkHJyMh6UTln,https://i.scdn.co/image/ab6761610000e5ebf3baf5747a1114748c05bd99
Alexander 23,6sFHvCyqklnJpXC9Nh1aag,https://i.scdn.co/image/ab6761610000e5eb18a669ce7d059907d54af3c6
Kim Petras,3Xt3RrJMFv5SZkCfUE8C1J,https://i.scdn.co/image/ab6761610000e5eb0796352804c3946cc63293ba
Tego Calderón,3SUT1jjM5hzZj9TLfLZGIP,https://i.scdn.co/image/ab6761610000e5eb145e37118900fb7f7261af16
Tierra Whack,4lPl9gqgox3JDiaJ1yklKh,https://i.scdn.co/image/ab6761610000e5eb5345ee65b6713e1bb1edd921
KALIM,2NJWI8byqTSqDaJRnqJY2z,https://i.scdn.co/image/ab6761610000e5ebf72dd0f3dba11497fb1a563e
Niack,5uYe4bcAXlMP7d4mrOYkML,https://i.scdn.co/image/ab6761610000e5ebd4f310ba59b6376c83b9b847
James Brown,7GaxyUddsPok8BuhxN6OUW,https://i.scdn.co/image/ab6761610000e5eb158342aa8bb8a192c778f2a5
Curren$y,6X8WdFjrNhXATMDSs26aCc,https://i.scdn.co/image/ab6761610000e5ebbba49d18d45cacc36cd6622d
JasonMartin,0399oiMcmbOzzsYQDNYqxn,https://i.scdn.co/image/ab6761610000e5eb12097b6ea5bac519a5783760
King Pharaoh,34nVLWMJTjaMh2aSMOQHei,https://i.scdn.co/image/ab6761610000e5eb894e310f01dffb28449bc3d2
TGT,1lEXbUjKjHQ7uc9jFfEViJ,https://i.scdn.co/image/217dd10eda6c99b08858e03ae3111f052192b169
2Pac,1ZwdS5xdxEREPySFridCfh,https://i.scdn.co/image/ab6761610000e5eb7f5cc432c9c109248ebec1ac
Ludacris,3ipn9JLAPI5GUEo4y4jcoi,https://i.scdn.co/image/adcc1cb654e89f2e404688ae0d1bbc942ce02e5d
VIC MENSA,27w1NoOLMX7tJMYqcetPyG,https://i.scdn.co/image/ab6761610000e5eb409703a456d7a4401f307956
Harry Nach,0NnUMWDCDi1snuMja6IdxH,https://i.scdn.co/image/ab6761610000e5eb1889c327e240a6f9fedb11ad
Run The Jewels,4RnBFZRiMLRyZy0AzzTg2C,https://i.scdn.co/image/ab6761610000e5ebea5eda58996c7f08d423d522
El-P,57UnSUpae3SbRekxNa5Kgl,https://i.scdn.co/image/ab6761610000e5eb0638f3bd379fbd2ceebc8bda
Zack De La Rocha,1jKpNUjiz4KXgaAZD5FI9S,https://i.scdn.co/image/ab6761610000e5ebc4f9d35a3fec310067c3afea
Chris Nolan,1xsYReh7zhty26wD4tprKh,https://i.scdn.co/image/ab6761610000e5eb813c123ddf05307bff65ce83
AVA,7zPS3i8YJBNeDcqXUHfCMr,https://i.scdn.co/image/ab6761610000e5eb7561a218d3c76f69faab15ea
Bosh,6Mm2g25BTeJ6BICPFWGkPg,https://i.scdn.co/image/ab6761610000e5ebbf9816423f19a0d71a83b9fd
Jarabe De Palo,5B6H1Dq77AV1LZWrbNsuH5,https://i.scdn.co/image/ab6761610000e5eb70f08f633c78d37071b55f7a
Tyla Yaweh,1MXZ0hsGic96dWRDKwAwdr,https://i.scdn.co/image/ab6761610000e5ebe43df4cc104a9cc9c11b0b97
The Kid LAROI,2tIP7SsRs7vjIcLrU85W8J,https://i.scdn.co/image/ab6761610000e5ebebf5c408f4d003817161e061
Rowdy Rebel,6LXRvV2OAtXF7685fzh3mj,https://i.scdn.co/image/ab6761610000e5eba292b1fa3ad6c27771a50305
CÉLINE,5ZYOlPpI9FZu2uIPkTB0UA,https://i.scdn.co/image/ab6761610000e5eb69ad03f8e3a57d94ad604653
Shablo,6hkKbkZGvAXuvle2FhCnxy,https://i.scdn.co/image/ab6761610000e5ebf266e447dd598f1f9d32e455
Geolier,27LlKWxS3KXW7RRAxN5S8s,https://i.scdn.co/image/ab6761610000e5ebe697a78a7bdec1ffc38680a4
Nea,7nqlScm2smydSRl13eaP8E,https://i.scdn.co/image/ab6761610000e5ebb0a0f8a73d49395186f40469
Conkarah,7vPGzgDg3qGUY5bWtrO3K4,https://i.scdn.co/image/ab6761610000e5eb888d4c3387dd169c20cdeeee
DJ Fle,2fZcYu4ltOFdwsnDmLQ9jl,https://i.scdn.co/image/ab67616d0000b273f6dd0b0578b5bac7f9d6769c
Jawsh 685,56mfhUDKa1vec6rSLZV5Eg,https://i.scdn.co/image/ab6761610000e5eba161bb6db173854f5a0b6d4e
Peach Tree Rascals,0imE3buPhAowREqCrr4CYe,https://i.scdn.co/image/ab6761610000e5eb172325dbbb7f06fb137f975b
Wallows,0NIPkIjTV8mB795yEIiPYL,https://i.scdn.co/image/ab6761610000e5eb408976d7037d509610b9b4cf
Clairo,3l0CmX0FuQjFxr8SK7Vqag,https://i.scdn.co/image/ab6761610000e5eb4804c4a44c85afea1a72d1bd
Pablo Alborán,5M9Bb4adKAgrOFOhc05Y50,https://i.scdn.co/image/ab6761610000e5eb603fdedea1dab4c77d7d8bcc
Zoe Wees,03d2mJXSMtuPI0nIvLnhoS,https://i.scdn.co/image/ab6761610000e5eb55503d7a59287670fba618b6
Bozza,4WoSAKuoaPxrbwp3Y1PvKb,https://i.scdn.co/image/ab6761610000e5eb9916e5757eb967cb0afb1153
Markim WF,4q3N2WZiTq26rLMdpIGRgP,https://i.scdn.co/image/ab6761610000e5eb8a547a3606b22b9fd6fe3e50
Bilal Wahib,5wV3FoaNbDB6X9INuQvs1K,https://i.scdn.co/image/ab6761610000e5eb644f1cb8a2c0d2e48b22fc4c
Curtis Waters,2JbE7jUIGtpXSzytnyMg6U,https://i.scdn.co/image/ab6761610000e5eba4a1c4875de0f6513bce3890
Harm Franklin,44rJuOJLavqhY6qGgpQW4U,https://i.scdn.co/image/ab6761610000e5eb34d8928536a757f9385d2c38
Jay Wheeler,2cPqdH7XMvwaBJEVjheH8g,https://i.scdn.co/image/ab6761610000e5ebc3d477ec803f698186697d50
DJ Nelson,2ydZrTy8U3kOMOzx20s3dg,https://i.scdn.co/image/ab6761610000e5eb75bd36e435556651eff48254
Jamule,4sVieJlKgpZ2k9ESNS5IdN,https://i.scdn.co/image/ab6761610000e5eb871743495a15ec288891a477
Aya Nakamura,7IlRNXHjoOCgEAWN5qYksg,https://i.scdn.co/image/ab6761610000e5eb8fe3fd15b08ed17abc0ee9db
Tom Gregory,6Rmg5JiRphFMlhkwGNl9Fu,https://i.scdn.co/image/ab6761610000e5eb209caf04f05dc883c2963de5
Boomdabash,4mAsWDGLUIEdo6imU77WG6,https://i.scdn.co/image/ab6761610000e5eb44413ae7596c26f7a7c084d5
Alessandra Amoroso,2pjb5ffSoVTr5lRYQXlnPu,https://i.scdn.co/image/ab6761610000e5eb29f104b8c7ad961cb9d8f3e3
iann dior,6ASri4ePR7RlsvIQgWPJpS,https://i.scdn.co/image/ab6761610000e5eb8378cc80dc9abbad9e998a0d
WILLOW,3rWZHrfrsPBxVy692yAIxF,https://i.scdn.co/image/ab6761610000e5eb0e6e067240dd48810379dc81
Juanfran,7zY0DMisq1oYXvNNgGwHBY,https://i.scdn.co/image/ab6761610000e5eb9b30f76845acaa5f75f14228
King Combs,41I5xI04kixwmonDBl0Sda,https://i.scdn.co/image/ab6761610000e5eb63ece3c6de8bc14eb0c25f54
Numidia,3OMZaRPVE5OI1IkDbZFBFU,https://i.scdn.co/image/ab6761610000e5eb275c92783c3cbc4bbcef80e7
Don Q,5TM9R6dNoJSMq23yZQD6Ee,https://i.scdn.co/image/ab6761610000e5ebd4b3754dbe1cdf6e4a1d2a64
Red Velvet - IRENE & SEULGI,6bwp9ObI8FWvMPCIWVBmhl,https://i.scdn.co/image/ab6761610000e5eb7b13da5a8a3dd6e0d53ff764
Dixie,3DKkhRCGOG4e8IUPYFPfWs,https://i.scdn.co/image/ab6761610000e5ebe483274f5b8c489ce9b94c2e
ATR Son Son,1nGRqM8VNcQOcFsOnhpInD,
Wes,3tXUeiWOSod3mSQ2lOautf,https://i.scdn.co/image/ab6761610000e5ebdce658d80c80eefea4cab2db
Tate McRae,45dkTj5sMRSjrmBSBeiHym,https://i.scdn.co/image/ab6761610000e5eb590259e859082dc3b661b8ac
Tina Turner,1zuJe6b1roixEKMOtyrEak,https://i.scdn.co/image/ab6761610000e5eb22102415297132237b78829d
Danna Paola,5xSx2FM8mQnrfgM1QsHniB,https://i.scdn.co/image/ab6761610000e5eb59b79097fcde8799fe8ce71b
Chael Produciendo,2iI5KWXLjw1tqLQsdjuo0e,https://i.scdn.co/image/ab6761610000e5ebd545cbad91d81e446f58ed4e
One Direction,4AK6F7OLvEQ5QYCBNiQWHq,https://i.scdn.co/image/5bb443424a1ad71603c43d67f5af1a04da6bb3c8
JEON SOMI,7zYj9S9SdIunYCfSm7vzAR,https://i.scdn.co/image/ab6761610000e5eb8acf72a6c3da24a6483255fa
Trueno,2x7PC78TmgqpEIjaGAZ0Oz,https://i.scdn.co/image/ab6761610000e5eba4bb6d6cd37929423df4c630
Taiu,5szJHKg5xeUlQ9pTqzdpic,https://i.scdn.co/image/ab6761610000e5ebff030adba3854364493b73fc
TATOOL,0shHIQr8VamXbzM66kwGQo,https://i.scdn.co/image/ab6761610000e5eb692342f99b7e00437a6cf15e
Clueso,0iFq8SzyZaaQ2Fn6CLDxqW,https://i.scdn.co/image/ab6761610000e5ebb3415d27100a522700a4e4d0
Sonus030,78wZzI7u1cOjXKuYzqZI6l,https://i.scdn.co/image/ab6761610000e5eb3803b3c502ab00aa89a124ed
Two Maloka,1v2nDgCQIAgO0tTXWcQbgh,https://i.scdn.co/image/ab6761610000e5ebc29bc6333fd1353ae698f9cf
DJ Léo da 17,2K709GZR5lppCr7ATLKlbz,https://i.scdn.co/image/ab6761610000e5ebe3dfd94932020c13ff259314
Evlay,2JsDK87cAxuUlz4L4izU7A,https://i.scdn.co/image/ab6761610000e5eb32b92449c2b2d27d4d498a04
Puri,3ADyFy1orEwODaiHmRRMQp,https://i.scdn.co/image/ab6761610000e5eba22623b5c4d912075ba59116
Jhorrmountain,3aAX2y0amckZ7WcWoz2f2o,https://i.scdn.co/image/ab6761610000e5eb49637fe719fddb8e90896f41
BØRNS,1KP6TWI40m7p3QBTU6u2xo,https://i.scdn.co/image/ab6761610000e5eb074f5f432c1475162ab42a64
Rocco Hunt,0L1f9i3L3fkMNENljDOsjG,https://i.scdn.co/image/ab6761610000e5eb43aa7788919c3a313667646f
Ana Mena,6k8mwkKJKKjBILo7ypBspl,https://i.scdn.co/image/ab6761610000e5ebd9896c0931160e24328f2f5c
Jonas Esticado,22jNvLBrXGKr4CcV2tw8Ag,https://i.scdn.co/image/ab6761610000e5ebd4bbf99a641765bc8b4ea8c2
HUMAN(X),365Q4cNnnlsQErzPsUzyXY,https://i.scdn.co/image/ab6761610000e5eb86612d142fc44cf8ea0a8340
Glass Animals,4yvcSjfu4PC0CYQyLy4wSq,https://i.scdn.co/image/ab6761610000e5ebeb2cc96b0ed023c5e3675b6f
SFR,53EHeXzGs4HheTCTnwfPEr,https://i.scdn.co/image/ab6761610000e5eb8eb8adddb148c2819141d753
twocolors,7ACEUD7UsmmXrnj4OLt8f9,https://i.scdn.co/image/ab6761610000e5eb7415da67efe3d0de0f342227
Super Yei,6HqgxkTt9KGyt27zYrwVan,https://i.scdn.co/image/ab6761610000e5eb64ecb00997dfc832658e721c
Sammy,71FfEgML4GAokNHmW1GKPF,https://i.scdn.co/image/ab6761610000e5eb13d1369ba5c2239c8e2e673f
Jone Quest,6wcKDqJRY3TzbcdRKo6EiE,https://i.scdn.co/image/ab6761610000e5eb9185eb7132c119fae783b5e2
Towy,7iXYHQPYLQSz3b3hbPJpk3,https://i.scdn.co/image/ab6761610000e5eb0bb0b76b862bea0955614942
Osquel,2pG0eQLB8CbmmWWmjJi4yd,https://i.scdn.co/image/ab6761610000e5eb5f471fb00207604ed9e01c41
Beltito,6TOKWuw816UU34AE4MCZqr,
Sammy & Falsetto,6AT27ojKlBuZToFIGwQZDc,https://i.scdn.co/image/ab6761610000e5eb07c21ee2a53431ec3deed641
The Blessed Madonna,4TvhRzxIL1le2PWCeUqxQw,https://i.scdn.co/image/ab6761610000e5eb3faa8a7110b06f86f04c4923
BANNERS,4qWnlmXWuGv2TtuxtIWlJX,https://i.scdn.co/image/ab6761610000e5eb8d3bcf6e02576325ec246d34
The Neighbourhood,77SW9BnxLY8rJ0RciFqkHh,https://i.scdn.co/image/ab6761610000e5ebdf0b5ac84376a0a4b2166816
Jerry Di,7f02bxFbZIOVdSbYRNYvLT,https://i.scdn.co/image/ab6761610000e5ebc7c8420452408e13ccb6b3f1
Kofs,5RaQ9nmVGoTye2SI76x3yw,https://i.scdn.co/image/ab6761610000e5eb4dcec872a30e15f2f2cf5f6b
Soso Maness,0oeiA5U9u1U45Gos5cywUU,https://i.scdn.co/image/ab6761610000e5ebed1b1b0bcc43ebd4b23e3e70
Elams,2IoSLl3tqYMq9DzR0d6NJN,https://i.scdn.co/image/ab6761610000e5eb7f79dcfcca6e1e7ee93ad88a
Naps,6W5uA6CNMf3hd2j4a2XWCx,https://i.scdn.co/image/ab6761610000e5eb301657b8cb877183b9bc7a77
Solda,7FXX45sHqoQoCwqtG0ZV8H,https://i.scdn.co/image/ab67616d0000b27305a6f7c1af5093823ddf9ffc
Houari,6zrOXBaNn0DqJeXxgC2eyH,https://i.scdn.co/image/ab6761610000e5eb95b56eab0e494d329066c359
13 Organisé,19u3RGWKsjmbg9eI6zAiNp,https://i.scdn.co/image/ab6761610000e5eb7dee90f2a73339f6ca762872
CRO,3utZ2yeQk0Z3BCOBWP7Vlu,https://i.scdn.co/image/ab6761610000e5eb8431fb1f7c89e2511c2a790e
AJ Tracey,4Xi6LSfFqv26XgP9NKN26U,https://i.scdn.co/image/ab6761610000e5ebc985e94681164c167ba00cca
Kim Loaiza,1QivQCLVipV61DiQiyV14A,https://i.scdn.co/image/ab6761610000e5eb6049c2d18a5ad86839efee0a
Jd Pantoja,7yjRUA0Iz3VI4Kqa5oPJZK,https://i.scdn.co/image/ab6761610000e5eb681e8010f3a907af97abb18f
Lenny Santos,4bODqflR0Wo3i3fCwwCIPq,https://i.scdn.co/image/ab67616d0000b273468689393aefed0955477dce
Manu Gavassi,6xF3XdxG7VHRmQmTJxRqX8,https://i.scdn.co/image/ab6761610000e5eb046820337063f85843abb7d4
Gloria Groove,7rXMvXRnWHaSwnVvPeUUfw,https://i.scdn.co/image/ab6761610000e5eb40d903006ac86513ece09120
Wolftyla,7qd6KGoABHifvXKeFNe2Yb,https://i.scdn.co/image/ab6761610000e5ebf8e79df9925c0ec0894884bc
Ir Sais,4NEThNYJ3WyNcJWcmpjq88,https://i.scdn.co/image/ab6761610000e5eb60b88a369d64d5419641dddd
WhoHeem,5KYEMMz9O9iLIESifKAEOp,https://i.scdn.co/image/ab6761610000e5ebd06bb0f6777493bbf07073ac
The Neptunes,0KuF7reCTOZwV7YJnHQqgr,https://i.scdn.co/image/ab6761610000e5ebcf7dcb181fc5db70e2252aac
Akon,0z4gvV4rjIZ9wHck67ucSV,https://i.scdn.co/image/ab6761610000e5eb8c5984726ddb2c2d90ada28d
RBD,7cjh6y0V9SsyCrWSXTzwOs,https://i.scdn.co/image/ab6761610000e5eb4b907f634ce7a7fd94f9ff6c
Anahí,0TeVa4xdLB8vdzjsvKH6Ri,https://i.scdn.co/image/ab6761610000e5eb11f100b42851d00418bf28de
Dulce María,6kaefrHSdAvxhhCVDFTCEL,https://i.scdn.co/image/ab6761610000e5ebfe28a7d8e4843185b61b9826
Christian Chávez,0aMqt2uGLuHj4eI8oXgVzN,https://i.scdn.co/image/ab6761610000e5eb119b3d58323ce3337c30e1f3
Christopher von Uckermann,5O8cudluftNZ6PCwRzvYxo,https://i.scdn.co/image/ab6761610000e5ebdbf915391a107cabb32a9e1a
Alfonso Herrera,0veZkZPeWoJQ9gt6VAXlkN,https://i.scdn.co/image/ab67616d0000b2735c01f000c3d60a468bf61181
salem ilese,3QJUFtGBGL05vo0kCJZsmT,https://i.scdn.co/image/ab6761610000e5eb3da79849ed72fe525fb8ac00
Master KG,523y9KSneKh6APd1hKxLuF,https://i.scdn.co/image/ab6761610000e5ebcab7641233163bb5d6c5d527
Nomcebo Zikode,4cfKtwkefMW3aiXtxfw8w6,https://i.scdn.co/image/ab6761610000e5eb2ab0f0c0d791e71be715bd17
Os Barões Da Pisadinha,5Lv2GUVwqmQBPwrTrxucE5,https://i.scdn.co/image/ab6761610000e5eb2068f0521942fdb660d7c105
Mc Jacaré,6qrqAYlS6lUj2BVXax7SZW,https://i.scdn.co/image/ab6761610000e5eb2ed1a5ff2234dcddb5e2cab6
Money Man,3Rx4PJ7SP6unkOk5elPUK7,https://i.scdn.co/image/ab6761610000e5eb06e6876ed881bd95a74663fe
Vedo,3wVXTWabe3viT0jF7DfjOL,https://i.scdn.co/image/ab6761610000e5eb8e2211ba041b2a34936c8275
Matuê,5nP8x4uEFjAAmDzwOEc9b8,https://i.scdn.co/image/ab6761610000e5eb654dc6b69f86aeb73527fc07
K4mo,7IziQIyiq8TGse0Mc1laYi,https://i.scdn.co/image/ab6761610000e5eb1269a20db9310ee85e6044fc
Freeze corleone,76Pl0epAMXVXJspaSuz8im,https://i.scdn.co/image/ab6761610000e5ebcbc9cc45e24377c8ca8344e4
Quarterhead,2h6hAChW74hB9HvrNoK1RY,https://i.scdn.co/image/ab6761610000e5ebc5cb9e66baada06b28adc7da
Norma Jean Martine,2fsk4VlJdNF6G8cCMDrrzB,https://i.scdn.co/image/ab6761610000e5ebdf23efd786ca069412c5e7a8
Alonestar,1kwi1Q7X4jPTkHTgayxKhS,https://i.scdn.co/image/ab6761610000e5eb0930c3bb31245f747503fb5a
Rick Live,6VuyrmclG2XOdkqz0AeGcs,https://i.scdn.co/image/ab6761610000e5eb24fcdbdadac8ac08caa4c916
Ritt Momney,7MPGCB854Qo4alYMOPkBka,https://i.scdn.co/image/ab6761610000e5eb19964b137b6380af804f9d89
Stray Kids,2dIgFjalVxs4ThymZ67YCE,https://i.scdn.co/image/ab6761610000e5ebdbe356bad5c3576e77dbf36f
Ashnikko,3PyJHH2wyfQK3WZrk9rpmP,https://i.scdn.co/image/ab6761610000e5eb2aac4462d9f02c0fb2acbc38
Hamza,5gs4Sm2WQUkcGeikMcVHbh,https://i.scdn.co/image/ab6761610000e5eb2bd0ec1b670ff064ee647d72
Donna Summer,2eogQKWWoohI3BSnoG7E2U,https://i.scdn.co/image/ab6761610000e5eb9e708b5a9b76b98301d35123
Lous and The Yakuza,2HPiMwJktBXqakN0hnON2R,https://i.scdn.co/image/ab6761610000e5eb5ea827dbd0659ea8ec3d6171
Keith Urban,0u2FHSq3ln94y5Q57xazwf,https://i.scdn.co/image/ab6761610000e5eb054c067d4cfa3b8094f3400f
Fally Ipupa,6IflU2YrY5Cyw7YoBICosV,https://i.scdn.co/image/ab6761610000e5ebaef56a6cfdcc53e6e8865579
Amanda Shires,5yN0nwLpUCaZ2gr67bndCN,https://i.scdn.co/image/ab6761610000e5ebb69adcb7cdadff8955283d8d
Gentleman,5tlNJfV9UIpgnbWmvUEFu7,https://i.scdn.co/image/ab6761610000e5eb238d9f19f17c35cad9ce7540
Maiara & Maraisa,59jlthNnbmim5l9tmNA7se,https://i.scdn.co/image/ab6761610000e5eb6cd71b4d9e5122a83b79c1fe
Omar Apollo,5FxD8fkQZ6KcsSYupDVoSO,https://i.scdn.co/image/ab6761610000e5ebae8080a07532b843b42acec1
rei brown,4N7IToHBlPXqlrXiv1Nij6,https://i.scdn.co/image/ab6761610000e5eb270cf650b388e57a359f7d63
Rogerinho,5JbQpbeFaKfuZVFzKwaawP,https://i.scdn.co/image/ab6761610000e5eba5e443d11fab4cf7f072ee3b
Dilsinho,4NUePmzDvCYqilXBFa91Hg,https://i.scdn.co/image/ab6761610000e5eb4f89857c16f641ab693c62f5
BLOODY VINYL,0VitAFMCI2apQxKzDjg1PU,https://i.scdn.co/image/ab6761610000e5eb20a9de06270967d4e8b19107
Slait,2KXYAKQTxHuUHDtVgeGn6w,https://i.scdn.co/image/ab6761610000e5eb10f9fb580a55fb1fb298b775
MILES,1gs79u8PKkWAW1yfymbkTt,https://i.scdn.co/image/ab6761610000e5ebf084ebe6f10969f877837163
Taxi B,5FkcU4BVzPptuB6AjobZIL,https://i.scdn.co/image/ab6761610000e5eb58c134246c0804e377a0dc8f
Greg Willen,51ltJZ6rB893AdzgCxSOV3,https://i.scdn.co/image/ab6761610000e5ebf3016149a90f23ec4fdb6a0c
Los Legendarios,0n6sKrG0xKAf8xmdqeNGke,https://i.scdn.co/image/ab6761610000e5eb5326e64f94dea6f77ebc45a9
Van Halen,2cnMpRsOVqtPMfq7YiFE6K,https://i.scdn.co/image/ab6761610000e5ebd8475001d2700686e1008dfb
Lil Jon,7sfl4Xt5KmfyDs2T3SVSMK,https://i.scdn.co/image/ab6761610000e5ebf893feb44e74c8b4c15ecc95
Nelly Furtado,2jw70GZXlAI8QzWeY2bgRc,https://i.scdn.co/image/ab6761610000e5ebd2ce0bf5614b54bd44e059d5
CORPSE,7yntSJ6uojO3z6GFUVwhAW,https://i.scdn.co/image/ab6761610000e5ebed2fd5aa8e1c20922c190d30
Savage Ga$p,0x7qiZJaal6j8qS7yCydFk,https://i.scdn.co/image/ab6761610000e5eb3e32b6c10ff3fe9f4e6fb4d9
HVME,2o08sCWF5yyo2G4DCiT7T9,https://i.scdn.co/image/ab6761610000e5ebfc9a176f6b3ab6dae394bf9c
Octavian,5zfEatKLDdRkgbw6sdLBAQ,https://i.scdn.co/image/ab6761610000e5ebbc876d99c33473e8e055792e
CJ,7arQA31aZVS8yS6zUveWzb,https://i.scdn.co/image/ab6761610000e5ebc6e6cb437c4abce557a785b5
DDG,0WK3H9OErSn5zKOkOV5egm,https://i.scdn.co/image/ab6761610000e5eb6a4532b72d6210ae3a64e1eb
Pink Sweat$,1W7FNibLa0O0b572tB2w7t,https://i.scdn.co/image/ab6761610000e5eb69bda36cbaa450c1c895b5cc
Lexie Liu,6fs2or0cKLEM2xohWq8SoX,https://i.scdn.co/image/ab6761610000e5ebce98eda598d9f5cbff91e536
Seraphine,4TqlcgMFDryY96KWcvrhTv,https://i.scdn.co/image/ab6761610000e5ebba818688ae72d12215ee92f0
Angèle,3QVolfxko2UyCOtexhVTli,https://i.scdn.co/image/ab6761610000e5eb2aefdc0f42eef75a60b341dd
Busta Rhymes,1YfEcTuGvBQ8xSD1f53UnK,https://i.scdn.co/image/ab6761610000e5eb7b31aba081ef084510cde4e3
Nova Twins,7I95CM75shzCjHuTzrepjM,https://i.scdn.co/image/ab6761610000e5ebf363f15fd70f3e3e5c8a8e3c
Douglas & Vinicius,7M83IzPXGA4ClZJ5reW2Ro,https://i.scdn.co/image/ab6761610000e5eb8eb73ab4608a5cfc26bea910
Xand Avião,43DRDu6nLSeIedZ7T1A616,https://i.scdn.co/image/ab6761610000e5eba18abcb3d1c582189fd741e3
grandson,4ZgQDCtRqZlhLswVS6MHN4,https://i.scdn.co/image/ab6761610000e5eb4afdc02ea65bf9a6fa01f3a5
Niño de Elche,5IbUz6BcOu6IVY512oxavP,https://i.scdn.co/image/ab6761610000e5eb34959d72589ac5b7fa308d8d
La Húngara,7xtnpHS34mLlxGZDVUBHSU,https://i.scdn.co/image/ab6761610000e5ebacdc225baaf60fe85bae71ba
System Of A Down,5eAWCfyUhZtHHtBdNk56l1,https://i.scdn.co/image/ab6761610000e5eb60063d3451ade8f9fab397c2
King Von,6QtgPSJPSzcnn7dPZ4VINp,https://i.scdn.co/image/ab6761610000e5eb5c0b2129a88c7d6ed0704556
Ángela Aguilar,3abT87tqQ4Q5PA5nw6CYyH,https://i.scdn.co/image/ab6761610000e5eb9f0635c199897e5448ebe33d
Sean Kingston,6S0dmVVn4udvppDhZIWxCr,https://i.scdn.co/image/ab6761610000e5ebee205e5029a04bd0460e16e4
7ari,292jMVlKq180yzi8WRaVU6,https://i.scdn.co/image/ab6761610000e5eb019fbc806ecabd5e5c5a74d0
Nuka,1XynjLPAyPi8SZAx8LHN0Z,https://i.scdn.co/image/ab6761610000e5ebfb2d0669d4176cc415c4de66
Migrantes,48R2gYdPKtfnfKAzhSVPUx,https://i.scdn.co/image/ab6761610000e5ebf511f8c03d70f192f98f51a6
Alico,7n3wAgh1j3RRbxYzfZTQDF,https://i.scdn.co/image/ab6761610000e5ebf6577a34463e35b2d7f106da
Ricky Montgomery,0ZUvK7zGdXLd78mQr3t1Tw,https://i.scdn.co/image/ab6761610000e5eb1e0b0e47c89504891b7eb484
347aidan,0bBz5bRBkExaej2HxtVfCw,https://i.scdn.co/image/ab6761610000e5eb46fcd3768854ee87e8bb569e
Porky Slim,4ohRzp7ZzPQi3PzCiBrDAm,https://i.scdn.co/image/ab67616d0000b2736a07ab73e017fc10a8eb9e6c
Boza,2NfSBtmWe7oPw1EmetJVso,https://i.scdn.co/image/ab6761610000e5eb67e69bfa7e97cd5c2d35f032
ABRA,3ZJxEmjYZd5VOqZ8o3aXiL,https://i.scdn.co/image/ab6761610000e5eb0e3cafe862beacb70dfd968e
Trio Vegabajeño,5TphiK6LsT4X5NOZxq3NJB,https://i.scdn.co/image/ab67616d0000b273e20a202088e8e3dd69071d66
Billy Idol,7lzordPuZEXxwt9aoVZYmG,https://i.scdn.co/image/ab6761610000e5eb69408d3a9d82c2307dd8699d
Studio Killers,7avo0PmlW8O1YLEt9DnWQT,https://i.scdn.co/image/ab6761610000e5eb555f7f26025f78f56ecc41fa
Marvin Divine,2ipbBHbU59PKSeDXAgMpkd,https://i.scdn.co/image/ab6761610000e5ebc3f3f7a0a1b5eac53ed9a966
NATHY PELUSO,3VHAySZQPlfGlNLslzXYpN,https://i.scdn.co/image/ab6761610000e5ebeb4b8da2a7a209a44d26aa53
The National,2cCUtGK9sDU2EoElnk0GNB,https://i.scdn.co/image/ab6761610000e5ebb6399a59b6016b1d1e8feb67
Phoebe Bridgers,1r1uxoy19fzMxunt3ONAkG,https://i.scdn.co/image/ab6761610000e5eb626686e362d30246e816cc5b
Petter Ferraz,6gGJH7joTDx9M3xREiAq9U,https://i.scdn.co/image/ab6761610000e5ebd79ef8a46217fcc71e66f9db
Menor Nico,0xTWPVQfXgaj6Je1inSRKw,https://i.scdn.co/image/ab6761610000e5ebc0498328e880c254a6bf2881
Jennifer Hudson,35GL8Cu2GKTcHzKGi75xl5,https://i.scdn.co/image/ab6761610000e5eb2662b4a85c8b3e57cb3953cc
Wilbur Soot,2XzXLjXRSeFtsic4ieyLJy,https://i.scdn.co/image/ab67616d0000b2730c49b83c7df5d4f240b80678
DJ Premier,6GEykX11lQqp92UVOQQCC7,https://i.scdn.co/image/ab6761610000e5eb7bbda26434643249f6228ea1
Dr. Dre,6DPYiyq5kWVQS4RGwxzPC7,https://i.scdn.co/image/83d2489cade1dadcdc533ddbcd74993d0ca6d4cb
Sly Pyper,7LzTBVNarOeaDXFdzOugAI,https://i.scdn.co/image/ab6761610000e5eb39d4197f6414303fe1827d3c
Andrew Andraos,0ffoIkovMbaG01Y6U2jyAS,https://i.scdn.co/image/ab6761610000e5eb799cd67c98abdb122386b171
Esprit Ange Andraos,3tEWysDnxoUDsBi1rUruzj,
Otis Redding,60df5JBRRPcnSpsIMxxwQm,https://i.scdn.co/image/4ad89c805aff0fb76b01b6b62b39e21fcd8943c3
Atlantic Holiday,5D9NYfOaGxFKCalJIeia1N,https://i.scdn.co/image/ab6761610000e5eb793b6ba8bb9e42d2b9dd9c23
Ella Henderson,7nDsS0l5ZAzMedVRKPP8F1,https://i.scdn.co/image/ab6761610000e5eb6c6702fe8d62862e6f8bc373
AJ Mitchell,6dn6x1XOng3LOAnfTjUn77,https://i.scdn.co/image/ab6761610000e5eb84d2daebcc48d84b6439438f
James TW,0B3N0ZINFWvizfa8bKiz4v,https://i.scdn.co/image/ab6761610000e5eb856c04f446eb4217fc1de30f
Helene Fischer,7MzHPIXAqIOCnvK0sVY72W,https://i.scdn.co/image/ab6761610000e5eba33986e2319d78e7974c7bfa
Louis Armstrong,19eLuQmk9aCobbVDHc6eek,https://i.scdn.co/image/ab6772690000c46c4a0e9d5e55f9f3721c3243c5
The Commanders,3VrWSWV74xyECVDt2zBy4T,https://i.scdn.co/image/ab6761610000e5eb02b687dc7ba0e93e41c951c5
Norah Jones,2Kx7MNY7cI1ENniW7vT30N,https://i.scdn.co/image/ab6761610000e5ebed83d3ea063d87ce7e708f00
Tarcísio do Acordeon,48HORs6F9P7IgdyKrk4MZC,https://i.scdn.co/image/ab6761610000e5eb7b8414d32572a6f6528be696
Mother Mother,0e86yPdC41PGRkLp2Q1Bph,https://i.scdn.co/image/ab6761610000e5eb90f1016268dd7a972d740fd3
KIDDO,5pXe6yFchq1oyYK3rq2A8i,https://i.scdn.co/image/ab6761610000e5eb6451fd9b87034e34cc245952
Nirvana,6olE6TJLqED3rqDCT0FyPh,https://i.scdn.co/image/84282c28d851a700132356381fcfbadc67ff498b
ABBA,0LcJLqbBmaGUft1e9Mm8HV,https://i.scdn.co/image/ab6761610000e5eb124eba6bf3476404531bd7b2
Purple Disco Machine,2WBJQGf1bT1kxuoqziH5g4,https://i.scdn.co/image/ab6761610000e5ebbd1cb147996bda17ecc97dd7
Sophie and the Giants,4FrXHrpbDLNyO3pbVv8RmF,https://i.scdn.co/image/ab6761610000e5eb6918cd9793257376778b4939
Tierry,4FUMTycjZlEY6ZxMgqNjC8,https://i.scdn.co/image/ab6761610000e5eb8a06cc9d086c155809e6c660
Fernando & Sorocaba,1oSgjdbgLYULVmEBojPRw8,https://i.scdn.co/image/ab6761610000e5eb0c034afc8eef7b7118138bff
Zé Vaqueiro,5K8Rmjmf4RZFffz94EmBRt,https://i.scdn.co/image/ab6761610000e5eb316fa1c2c312358949d9ccd5
Zé Felipe,7cmuxPnXRJxwuYDHfbD8Eu,https://i.scdn.co/image/ab6761610000e5ebee77f986653401a4350e97da
DJ Lucas Beat,2zWqENF4cnsd1nLmraG9IE,https://i.scdn.co/image/ab6761610000e5ebff4d5610d95eaa174873b20d
Eric Land,007FXgr0jLBJxhPJjacXQH,https://i.scdn.co/image/ab6761610000e5eb4d05fcb410210af413f4c8e2
Ben Burgess,7pnTkKShdYS8BnmTHhcEaa,https://i.scdn.co/image/ab6761610000e5eb2170b761ce6d70cde3aecb7f
Milly,7kXCcNRLEnblbTAppPraBp,https://i.scdn.co/image/ab6761610000e5eb727a113658e4753869d437f6
Sara Kays,7Lk9V7E1u5gqSHmtcKlOqH,https://i.scdn.co/image/ab6761610000e5ebb9c26b423d811ca54dbb9758
Masked Wolf,1uU7g3DNSbsu0QjSEqZtEd,https://i.scdn.co/image/ab6761610000e5eb7adb7ea9396861e5df517df9
Joshua Bassett,4VdV2qRAYBLINR6uU72V1J,https://i.scdn.co/image/ab6761610000e5ebd25575e2ad1b2cb7fbda95dc
KASIMIR1441,7ADRm1oT7VmhRRZrZqycV6,https://i.scdn.co/image/ab6761610000e5ebf9c4c6a1a21ba86d51fd2053
badmómzjay,7oWrEQO1d3klp0Qrfh7a5h,https://i.scdn.co/image/ab6761610000e5eb449288e5d868aa22987a3554
WILDBWOYS,44yXVrsMTsKGUBHZsYFZNq,https://i.scdn.co/image/ab6761610000e5eb24fb09d312cb919729940642
Erica Banks,2SXhbucehn00OBVKhzxDyM,https://i.scdn.co/image/ab6761610000e5ebd3c22274244419ece152c234
carolesdaughter,2hiq2iBnUik3mrOfEgRSpB,https://i.scdn.co/image/ab6761610000e5eb5d9806ab2aaeb680d5e7015a
Kawe,1TYJOhNSxMOODWiDVhuyZb,https://i.scdn.co/image/ab6761610000e5eb625c75c6c0d4fde15d579d34
Mc Lele JP,1mV9h1AwhRXSjBFcYpajgY,https://i.scdn.co/image/ab6761610000e5eb2b3aa1dda8edef0d4ae87071
Original Quality,5ZTnWo7IY6rdIxm6aTSR84,https://i.scdn.co/image/ab6761610000e5eb14c024a8653224dd60bc2f33
Adam Levine,4bYPcJP5jwMhSivRcqie2n,https://i.scdn.co/image/ab6761610000e5eb4a61c7615c8125e832ffc32c
Diego & Victor Hugo,3k68C6mNMJL6OaAdWeW2ZF,https://i.scdn.co/image/ab6761610000e5eb713d2a5853dcb4e8dc06b6c9
Bruno & Marrone,5JXhkyafynxCvxtov7C1PV,https://i.scdn.co/image/ab6761610000e5eb83a8b4c40136cada4b083185
DJ Ivis,0RPzmE1iY76tx1eBBXFyYn,https://i.scdn.co/image/ab6761610000e5eb14d72e0b4fbb0e69cbb8da18
Dahi,5BozIJTTNCufaZpjhy2der,https://i.scdn.co/image/ab6761610000e5eb11f6b3ffdb89f565bf23ebb3
ATB,7jZM5w05mGhw6wTB1okhD9,https://i.scdn.co/image/ab6761610000e5eb44d7cffab76f55289e92914d
Hugo & Guilherme,1LIuN7ov1IBQDdLsU83ojl,https://i.scdn.co/image/ab6761610000e5eb0d2061e3fb7229b85db74994
Nathan Evans,1PKErrAhYFdfrDymGHRQRo,https://i.scdn.co/image/ab6761610000e5eb6c1e9fbea3bc797eac5471da
220 KID,4Euia7UzdRshy1DJOSMTcs,https://i.scdn.co/image/ab6761610000e5ebecd1172479d3e4593560462c
Rochy RD,4riOEaOW5hCeqomFDBk0aP,https://i.scdn.co/image/ab6761610000e5eba813356bcf63fd41e073eaa3
Willow Sage Hart,0gAILSEru1PKMwP0tAqNLS,https://i.scdn.co/image/ab67616d0000b273e465904fbcc8de1920c60867
Nightcrawlers,1gALaWbNDnwS2ECV09sn2A,https://i.scdn.co/image/ab6761610000e5ebca5f54fc9bcf6f2d7b77ea72
Mufasa & Hypeman,4L2dV3zY7RmkeiNO035Fi0,https://i.scdn.co/image/ab6761610000e5eb5c93782215efeace4886dbcd
Mufasa,23rdR5gsZI5BqncTEKLtDU,https://i.scdn.co/image/ab6761610000e5eb67dca2f351293ba7276b3959
Dopamine,3Edve4VIATi0OZngclQlkN,https://i.scdn.co/image/ab6761610000e5eb09045f374adcfbb5984d1d99
Jeff Costa,7FMscVRC6dsjpDpgt1r4Hn,https://i.scdn.co/image/ab6761610000e5eb9a3c4b15074cbcd057ab63ac
Mc Danny,3PZTvUS5fUUhV3EKAjqdZk,https://i.scdn.co/image/ab6761610000e5ebf3924328a22aa70fb3957723
Gotye,2AsusXITU8P25dlRNhcAbG,https://i.scdn.co/image/713664fded8bdd28ed84f4b2054815af92999b9c
Kimbra,6hk7Yq1DU9QcCCrz9uc0Ti,https://i.scdn.co/image/ab6761610000e5eb079dadbde6ecb355b1537fa3
Raí Saia Rodada,0NiaKn55OzJswiYevvlKfz,https://i.scdn.co/image/ab6761610000e5eb102a8c7e3c5574b15199f648
ElyOtto,4b19vuzlDcNdU4quI7L6sW,https://i.scdn.co/image/ab6761610000e5ebc1aefef23064d5283c640a5d
Pooh Shiesty,5F1aAS1duwlzExnPs3l2Xe,https://i.scdn.co/image/ab6761610000e5eb1dfee43816a04d0a3f89bb15
Julian Casablancas,1rAv1GhTQ2rmG94p9lU3rB,https://i.scdn.co/image/ab6761610000e5eb97357a72fc531a2c2d3ee47a
Nile Rodgers,3yDIp0kaq9EFKe07X1X2rz,https://i.scdn.co/image/ab6761610000e5ebede7b4f5a5316f0cf586ec7e
Thomas Bangalter,41vv2Tj1knysv6MuFUmdwi,https://i.scdn.co/image/ab6761610000e5eb21d3d979f54b6f9348df55bd
Guy-Manuel de Homem-Christo,2NvZ35VexRu6LmfVlArMPq,https://i.scdn.co/image/ab67616d0000b2731d5cf960a92bb8b03fc2be7f
Ed Maverick,3JSSjGYcIkgsrz7892CelT,https://i.scdn.co/image/ab6761610000e5eb5afdda54261b90d2959c5f2a
DUSTY LOCANE,22hWz22JAmIhIEp0u1X01L,https://i.scdn.co/image/ab6761610000e5eb042de25fd3de47e7037ba551
Hippie Sabotage,4dM6NDYSfLcspt8GLoT5aE,https://i.scdn.co/image/ab6761610000e5ebc837cf4b3ccc6c9e4b9c7634
Francesca Michielin,4jFlmD92WULLlaRS8Cj6QS,https://i.scdn.co/image/ab6761610000e5ebf29896efb3fbd87e399826b9
Gym Class Heroes,4IJczjB0fJ04gs4uvP0Fli,https://i.scdn.co/image/ab6761610000e5ebaf10fe1f51451ea941b2d798
Silk Sonic,6PvvGcCY2XtUcSRld1Wilr,https://i.scdn.co/image/ab6772690000c46ca3ebb27ba9a55044f32af6e1
JSX,7J0JxtOPMKWufOraoIqjiH,https://i.scdn.co/image/ab6761610000e5eb896f4e9bfc90de07d2729de6
EST Gee,4FlG0V0jhLO4qGpayFOphj,https://i.scdn.co/image/ab6761610000e5ebf6ee8f565f86fed366b55840
Rusherking,3Apb2lGmGJaBmr0TTBJvIZ,https://i.scdn.co/image/ab6761610000e5eb21017e2ef6529b761f1629b9
Maria Becerra,1DxLCyH42yaHKGK3cl5bvG,https://i.scdn.co/image/ab6761610000e5ebcd48b338564709cef6823184
LIT killah,1vqR17Iv8VFdzure1TAXEq,https://i.scdn.co/image/ab6761610000e5eb30e27e8b91284e3c061b6e0d
Tiago PZK,5Y3MV9DZ0d87NnVm56qSY1,https://i.scdn.co/image/ab6761610000e5ebe29cc283caab8912cd315718
SDM,0LKAV3zJ8a8AIGnyc5OvfB,https://i.scdn.co/image/ab6761610000e5ebcef13995942c7a300df73050
Dala,6kvvDgFMvd02LlVlGX55GN,https://i.scdn.co/image/ab6761610000e5eb2c0415776d75a5385e0ea525
Israel & Rodolffo,41QLxRXlc2NwfJZkHGHKid,https://i.scdn.co/image/ab6761610000e5eb524b1d6594c12abdb586e876
Måneskin,0lAWpj5szCSwM4rUMHYmrr,https://i.scdn.co/image/ab6761610000e5eb46d0db8a86fda630ec12401f
Madame,1vgQksyJ0IVz8y9XerEOy3,https://i.scdn.co/image/ab6761610000e5ebfde97daf5aa1c6c672654b75
Colapesce,2KX2VLr3Eu6sn6EtxzCtvf,https://i.scdn.co/image/ab6761610000e5ebc4eb284313306a525b1a1a08
Dimartino,1k3zqz5SgrYCE0wpcfJX3g,https://i.scdn.co/image/ab6761610000e5ebf92f268951d0cdaa53ab89fb
ROSÉ,3eVa5w3URK5duf6eyVDbu9,https://i.scdn.co/image/ab6761610000e5eb727a1f1f508238a20ac9fdbf
Hopsin,7EWU4FhUJM1sZQgQKdENeT,https://i.scdn.co/image/ab6761610000e5eb9291e55f0add696c11e6c545
L-Gante,4YYxffPVDFe9XoqqbRW6Bq,https://i.scdn.co/image/ab6761610000e5ebb78e8370aa4f838b9fd091a8
Flow La Movie,2oT7xd9iTO2ejLsNGIMa5f,https://i.scdn.co/image/ab6761610000e5ebd9d45c111ed57ff967cd46ca
WATTS,4B3aifxHtpcKHuNi12lmSt,https://i.scdn.co/image/ab6761610000e5ebfb25a5280bb080ae1d32bdc7
Pamungkas,7d86ERlvO5UG44j7Va0Y0C,https://i.scdn.co/image/ab6761610000e5eb5e3ac408fb21143f3bcd6634
-,28QlAisHETVQGqLPDfo3eC,https://i.scdn.co/image/ab6761610000e5eb7078ada048e31d7b3ea89f3a
Mariah Angeliq,0KKUc4amZyvswV2YL6WTar,https://i.scdn.co/image/ab6761610000e5eb26d64bdf9803f4e16e843b70
Lagique,1PbtWtrN7jZpd4toqxrjm2,https://i.scdn.co/image/ab6761610000e5eb5f10554aaf55b7cc200bb53f
Malu,3fll16LLw6kdDxWzSpJPEQ,https://i.scdn.co/image/ab6761610000e5eb9e9aae9aaaccd91e2d2ac0ea
Jorge,6gLW5LlLEXdtWaS0EWfzaJ,https://i.scdn.co/image/ab6761610000e5ebde3ca2600c0df44f9f6afc01
Beach Bunny,2vnB6tuQMaQpORiRdvXF9H,https://i.scdn.co/image/ab6761610000e5ebc76f04ab8987c4fb298abb3c
Princess Nokia,6lay1nwbE6hTx1jivysUAL,https://i.scdn.co/image/ab6761610000e5eb4410b9e4a565441962223e5c
Tom Odell,2txHhyCwHjUEpJjWrEyqyX,https://i.scdn.co/image/ab6761610000e5eb532e8dd8ba9fbd5e78105a78
Colbie Caillat,6aZyMrc4doVtZyKNilOmwu,https://i.scdn.co/image/ab6761610000e5eb08635ff0ed30023d2ee764a1
DMX,1HwM5zlC5qNWhJtM00yXzG,https://i.scdn.co/image/ab6761610000e5ebd3258669d149a2e4e247a3d2
SANTOS,4hK7sEnm0se5bqoI3Yb5o1,https://i.scdn.co/image/ab6761610000e5eb03520b49d147a870a7a36393
Mc Don Juan,7Lmrb6KcIzfkmgbtokjsAL,https://i.scdn.co/image/ab6761610000e5ebab559c0d48ef955cecd4555d
Dj GBR,0IhzJFf4QBEz0ifqLwScKV,https://i.scdn.co/image/ab6761610000e5eb95aa9ff29c207fb3691b66bd
Russ Millions,3FoFW2AoUGRHBacC6i4x4p,https://i.scdn.co/image/ab6761610000e5eb901d3c1544af6a8de98124d7
Mimi Webb,3GxKJzJK4LpsYGXQrw77wz,https://i.scdn.co/image/ab6761610000e5eb6b7e5dfc8f2e2ecf8df83673
Yung Kayo,7J0hrNYCO5DgAx0XaRJqkh,https://i.scdn.co/image/ab6761610000e5ebfec7597fd686983f22e22a32
James Gillespie,6wlk4iqaEgEvADMVG6QMd8,https://i.scdn.co/image/ab6761610000e5eb6efc08f970fec8032a878e7d
Yak Gotti,0dvFTsuG02c4cRbcSQ8zE6,https://i.scdn.co/image/ab6761610000e5eb4238443e5fc52cfc8a06c9a9
YTB Trench,5PHYg0IcnpyZJ1y9euAx4i,https://i.scdn.co/image/ab6761610000e5eb2018fcbeed7104053c05f89f
NGEE,3Hvx3BM0K4FHBs9J3k8G6V,https://i.scdn.co/image/ab6761610000e5eb3c8839c949ddcef96514c1d6
Beéle,7a0XAaPaK2aDSqa8p3QnC7,https://i.scdn.co/image/ab6761610000e5eb3a404fc0649794f02c02524d
Dj Guuga,1cNPXWhKfjI0fT5EMCnamR,https://i.scdn.co/image/ab6761610000e5eb65b4040713172d81fb036f4b
Majestic,6QMABvTzixnxzsLYyhqRxI,https://i.scdn.co/image/ab6761610000e5eb3d63dab3831fe51393595aaf
Mc Poze do Rodo,28ie4NNTa2VW2QV4Zray8M,https://i.scdn.co/image/ab6761610000e5eb6bb2891aba26ae4298634e4b
Neo Beats,6PERJZF7wohA034PAxDK0b,https://i.scdn.co/image/ab6761610000e5eb4e09a82cd34e5bc91f4374a5
Mainstreet,25XJqeReVV38w0tR04GGBd,https://i.scdn.co/image/ab6761610000e5eba34de48b38aa5fba577ff336
Gera MX,2hejA1Dkf8v8R0koF44FvW,https://i.scdn.co/image/ab6761610000e5eb663bea91b7e4ea8fd6d890c4
UZI,51DevdOxIJin6DB1FXJpD1,https://i.scdn.co/image/ab6761610000e5eb1027e6450e93e81192656ea6
ENHYPEN,5t5FqBwTcgKTaWmfEbwQY9,https://i.scdn.co/image/ab6761610000e5eb1ddfd74a1c2dcaa5f833b61d
Surf Curse,1gl0S9pS0Zw0qfa14rDD3D,https://i.scdn.co/image/ab6761610000e5eb7fabcff4fe07270f07039355
YG Pablo,3UHc2YZGHYS6TEYMJeDf1D,https://i.scdn.co/image/ab6761610000e5eb6e4e8082db38fb9fcb6acd2e
Kellin Quinn,3M9XAM57a4qFz3v6Lq27t2,https://i.scdn.co/image/ab6761610000e5ebfb4ebdcfe9f52548d366f392
Baby Keem,5SXuuuRpukkTvsLuUknva1,https://i.scdn.co/image/ab6761610000e5ebd6f2323c1971fd5a70cd0255
Snow Tha Product,3p3jPcp8b7WL9XYj4xlsWj,https://i.scdn.co/image/ab6761610000e5eb0cf6549b0dfe5177175d3a03
Tom Grennan,5SHxzwjek1Pipl1Yk11UHv,https://i.scdn.co/image/ab6761610000e5eb358effe4ba18cbb4fdfcbdc3
Th CDM,736JbivCkAkdLP9xOA3jLs,https://i.scdn.co/image/ab6761610000e5ebef64fdd565fe3851eb92f4f6
Russ Millions,3glwpkS2UIcYp8vojjnbr5,https://i.scdn.co/image/ab67616d0000b273b8ea4b876287cbbb519ac0fc
ArrDee,7m0BsF0t3K9WQFgKoPejfk,https://i.scdn.co/image/ab6761610000e5ebb7c64a8d2a5be5609d517cc3
E1 (3x3),63ebc5zUpJ36aoTDQJHa9B,https://i.scdn.co/image/ab6761610000e5eb1a2f4328ba3d09a576c703c8
ZT (3x3),2uIRmVaCVpHQjaVgph5clS,https://i.scdn.co/image/ab6761610000e5ebd12df477cc625cd7b9a8e5fe
Bugzy Malone,4Dokdwa3WB7ilQ2c2qvIBL,https://i.scdn.co/image/ab6761610000e5ebba3bc48a0965469eb4a01948
Buni,5AiY4bxeXerLXx03JADdQv,https://i.scdn.co/image/ab6761610000e5eb47173885722c1076e60f9634
Darkoo,4QSTyDpxsKmv3UfavVUImR,https://i.scdn.co/image/ab6761610000e5eb830741d25e40d5ea428d0c3c
StarBoi3,2WgfkM8S11vg4kxLgDY3F5,https://i.scdn.co/image/ab6761610000e5eb715717bbd43e722555fb9df6
Mc Davi,1cYhx7ZOhYoVmnDPb9KMwo,https://i.scdn.co/image/ab6761610000e5eb489d453e5d9e3835c0dae37e
Mc Pedrinho,1etNnR2SdlelBQAICa2Q5m,https://i.scdn.co/image/ab6761610000e5eb84bb7c6edf6a67e3203c8e58
DJ 900,6Ovxg5WDcnSQc8iQXv0IvI,https://i.scdn.co/image/ab6761610000e5eba2ccc530404784d25d2f0110
Frauenarzt,38KSpOSYnwQX9zcOcVKdym,https://i.scdn.co/image/ab6761610000e5eb8f0d54b3adec310c1ab57e19
Mr. Naisgai,37BIBvfliXJpSgn10yQUJM,https://i.scdn.co/image/ab6761610000e5ebd1f86f44c7fd1b4432029611
Lil Zey,7Gx2wDVHyW5HJh7dc2t5h7,https://i.scdn.co/image/ab6761610000e5eba6ebb38642af82d38d0f6fd4
Crissin,6VOoiigTiLVgsMQPP1JOdC,https://i.scdn.co/image/ab6761610000e5eb4b844c3867090abf049b9026
Totoy El Frio,5IYRfypwG9BDDh5ZRPI80z,https://i.scdn.co/image/ab6761610000e5eb3d30ff19be6f78243a466580
Natan & Shander,5OBK3iQwjNQqElPmn4TgAE,https://i.scdn.co/image/ab6761610000e5eb8cd70b8152440101140c9d4e
Lovejoy,33tFkBLsl6f8TjKkV0uF0C,https://i.scdn.co/image/ab6761610000e5eb22689a583f664fe0306f2644
NCT DREAM,1gBUSTR3TyDdTVFIaQnc02,https://i.scdn.co/image/ab6761610000e5eb487454fb2db6c6363ff0fd13
Morray,44vREmJC0OlVZjZaGLqVEd,https://i.scdn.co/image/ab6761610000e5eb1bd9ca94cd74e4bc0a48c141
Bono,0m2Wc2gfNUWaAuBK7URPIJ,https://i.scdn.co/image/ab6761610000e5ebc1ad723d18146d02b4f3ec22
The Edge,1X8wFHJFucBUmBc7spQ4jP,https://i.scdn.co/image/ab6761610000e5eb76a21cc74294052d1448e346
Bella Poarch,26cMerAxjx9GedFt0lMDjm,https://i.scdn.co/image/ab6761610000e5ebb50e9e7f30a36c1fd16ec53b
sangiovanni,7dL0nOHwnSAsNAwpkPSGWP,https://i.scdn.co/image/ab6761610000e5eb38cc4f19a12bd5d013f681fe
aespa,6YVMFz59CuY7ngCxTxjpxE,https://i.scdn.co/image/ab6761610000e5ebf7a1090ad3a35a34fc0ecb57
Dream,6LArUyIoMiHmDvvOAsE2cd,https://i.scdn.co/image/ab6761610000e5eb6f7500437ff98a04fd97b8c5
Barbara Pravi,3L4wiBOSDLkJ18OISXZDA8,https://i.scdn.co/image/ab6761610000e5eb74f24bf07393d18c0f4fdc7d
Blind Channel,3L58J6a7f0jyy2p6f3MSAs,https://i.scdn.co/image/ab6761610000e5eb1325659738f1c1f893424eb3
Go_A,4kvCU3MzggM2piZCqvxj0x,https://i.scdn.co/image/ab6761610000e5eb1f7e6e61de8125f877893c8b
Gjon's Tears,0RIwEP1SaALlxn9jOVqHfA,https://i.scdn.co/image/ab6761610000e5ebd710e292441b1bc6801ce35a
Daði Freyr,3Hb64DQZIhDCgyHKrzBXOL,https://i.scdn.co/image/ab6761610000e5ebf6aea1273b8e1f455efe26a3
Elena Tsagrinou,4TgsxeFPNtkZ5lneq9AceU,https://i.scdn.co/image/ab6761610000e5eb68846badd0ee74b5bcd5fdac
Destiny,1D6ueetjwqW491iboMI3NT,https://i.scdn.co/image/ab6761610000e5ebf05e85dfe5aab15a85a30be5
THE ROOP,34G31kGbSQmemVlI0G784o,https://i.scdn.co/image/ab6761610000e5eb1ae3423cbaaac9411dcd1fac
Tusse,1BwDWgdDJe3TJXLZkBkpsI,https://i.scdn.co/image/ab6761610000e5ebae0898456a485c9ef9d3344b
Efendi,4oe1qp9xGSFxMYH4X9AXtl,https://i.scdn.co/image/ab6761610000e5eb12c76738fd3ea5d2fcfe66b4
Luar La L,4axKuDPr6WKcDCyh8vueTY,https://i.scdn.co/image/ab6761610000e5eb8577ac54ad6af02e2358c549
Cochise,46HzS7yz0c9udVwtbHk1sx,https://i.scdn.co/image/ab6761610000e5eb650f2a8ea60a0dacfbd1e9fe
$NOT,5IbEL2xjRtKsunfmsahLuO,https://i.scdn.co/image/ab6761610000e5eba404df8d0bcfe7afd3aab17d
Matheus Fernandes,37mqXU98U5GmH5ZDtlHM1c,https://i.scdn.co/image/ab6761610000e5eb49727bf298cb5fe23ab10154
Seori,2bWTIIQP9zaVc55RaMGu7e,https://i.scdn.co/image/ab6761610000e5eb639dc73ec795e329d064dbb2
Justin Wellington,5lTjv8Ag00qHSGhvK4JbeF,https://i.scdn.co/image/ab6761610000e5eb9d31ffbce0effe68cf6a63b9
Small Jam,6c8akjSeJQw2NYemV6qVT8,https://i.scdn.co/image/ab6761610000e5eb73c8ba32cac59e1c2e8d92d9
Matt Maltese,12j6dJrPXanCBwY599pZxf,https://i.scdn.co/image/ab6761610000e5ebacea84e27c6152921e9193b3
PLK,3DCWeG2J1fZeu0Oe6i5Q6m,https://i.scdn.co/image/ab6761610000e5eb7807ff8b003a33822c40d28c
Chimbala,4VVEpEhC8NcR7AqNEds42U,https://i.scdn.co/image/ab6761610000e5eb8dae3d78c468f6ac3ac8158e
Trinidad Cardona,4wP1kxjUsc9IR4Iy2smL7o,https://i.scdn.co/image/ab6761610000e5eb00cba750d86a605dad7f662a
Eladio Carrion,5XJDexmWFLWOkjOEjOVX3e,https://i.scdn.co/image/ab6761610000e5eb66465185373d360ded208ecb
Scorey,0X3nsc84A9qlFilmlWNwQb,https://i.scdn.co/image/ab6761610000e5eb700da06e0257fb95d642fc03
Achille Lauro,0lI3rF4hi4op6UxqlLHPzv,https://i.scdn.co/image/ab6761610000e5ebba704c603760425127d2e884
Orietta Berti,6W7O7oseXcbYLoiarQrpOw,https://i.scdn.co/image/ab6761610000e5eba860a7b22598d32155141d4e
Bo Burnham,2Waw2sSbqvAwK8NwACNjVo,https://i.scdn.co/image/ab6761610000e5eb30d9a4acdf8cd3e8c0ad39ab
Vegedream,4eYnorQRhVHT2KBl2UyHHd,https://i.scdn.co/image/ab6761610000e5ebc187ebb3d5895c2e19d406a3
BLANCO,1MRiIeZbc0cRuxOafDUCtH,https://i.scdn.co/image/ab6761610000e5eb927257c3c73487733b7a84c6
MC Zaquin,1OwYxVDNKP9JtSpp5E0uA4,https://i.scdn.co/image/ab6761610000e5ebfdc09d0a3b040e5a15520916
MC Rick,1mvpEXClANunyiHFtAXCxt,https://i.scdn.co/image/ab6761610000e5ebb39e268c8e9b21602d1e7635
Mata,0MIG6gMcQTSvFbKvUwK0id,https://i.scdn.co/image/ab6761610000e5ebbe66f53216b9a4f07e4022be
Pedro,2LI7lXaNJU420lffFWJUcT,https://i.scdn.co/image/ab6761610000e5eb159225f9130f54bfa84afd1f
francis,6HdxibJzoNkDUUDHagx3Ko,https://i.scdn.co/image/ab6761610000e5eb6cadb0fa8d92f7b7c904184e
MYA,5Rj6rNR8zIlUUDCs1OyPmW,https://i.scdn.co/image/ab6761610000e5eb98382976ebdf4f7fe75d8c89
BANDIDO,7CSpCpNGTK9589bTi44SzE,https://i.scdn.co/image/ab6761610000e5ebc3dbf328ffcb88ddb68bf1dd
Rei,4IG1SDlwgNKzqTmjBrvY3K,https://i.scdn.co/image/ab6761610000e5eb96706c686f11c0eb60362d3d
DJ Drama,5oNgAs7j5XcBMzWv3HAnHG,https://i.scdn.co/image/ab6761610000e5eb53ab08562b594332034c6aca
Fana Hues,4yJHrytMK7mqtKsXVGaBNg,https://i.scdn.co/image/ab6761610000e5eb063bccd9d16924d8824389bb
Teezo Touchdown,0fGcIStdT1OpFFhOC7Wp36,https://i.scdn.co/image/ab6761610000e5eb8c248ffca9237c963ad743a4
Domo Genesis,6vHBuUxrcpn1do5UaEJ7g6,https://i.scdn.co/image/ab6761610000e5eb326a61a99773406cc8a6b0dd
DAISY WORLD,53rBi3LpNcMJUTSANS6uYT,https://i.scdn.co/image/ab6761610000e5ebbb8232347d4467d88e44d040
Mari Fernandez,0BHm7qbh3ENxvXzkQAG7MP,https://i.scdn.co/image/ab6761610000e5eb43b588d6503b7498dfb443ec
Yo-Yo Ma,5Dl3HXZjG6ZOWT5cV375lk,https://i.scdn.co/image/ab6761610000e5ebfb0fcd51414e7bbe85e00b6f
Robert Trujillo,3rROvEsUJJ9y55g1PLaA16,https://i.scdn.co/image/ab6761610000e5eb88c4ea3e867352dc49ed9990
Chad Smith,4DW34vji6G9GgGY0k2mic7,https://i.scdn.co/image/894c20ff4cd06d43481fe9dfd23d3c4a20ed8cc3
Chase Atlantic,7cYEt1pqMgXJdq00hAwVpT,https://i.scdn.co/image/ab6761610000e5eb5d10a5bb5f78cd7819cbfad7
João Gomes,4JNo6Q5KdcRf1vtSX9mB0S,https://i.scdn.co/image/ab6761610000e5eb7e80d3bef2e80c1194282416
Sarah Cothran,3kft86DbqCNr7rjq3pEj0G,https://i.scdn.co/image/ab6761610000e5eb97796f4428ecab5f1bfd7af8
Marc Seguí,5FQ8tBUtIamA2hRtatrYUF,https://i.scdn.co/image/ab6761610000e5ebbfb3dbb2565190b37b5962b3
Pol Granch,1aMt4A5jrQHxDYyC7rXgV0,https://i.scdn.co/image/ab6761610000e5eba8754cf7d085b17bfbb58f4a
Big Red Machine,7gXy60xRcwYujBFoYHnR2O,https://i.scdn.co/image/ab6761610000e5eb7ef9466b2e408a35a3b2f72f
MistaJam,3qi5fhSI6aUecvRN0XqIJ2,https://i.scdn.co/image/ab6761610000e5eb15abf4a3b65f02dac110f36d
dvsn,7e1ICztHM2Sc4JNLxeMXYl,https://i.scdn.co/image/ab6761610000e5ebeb241673a5bd438b51ba124e
Shouse,2TcGJdSOiOvITBzhvfX8XB,https://i.scdn.co/image/ab6761610000e5eb3e2bef54371a39e3422a4e46
Zac Brown Band,6yJCxee7QumYr820xdIsjo,https://i.scdn.co/image/ab6761610000e5eb8b236b26cb2d93cfc9f1ada1
Creedence Clearwater Revival,3IYUhFvPQItj6xySrBmZkd,https://i.scdn.co/image/ab6761610000e5ebd2e2b04b7ba5d60b72f54506
Jamie Miller,2LkkwxA19J8C52wPQl5bG6,https://i.scdn.co/image/ab6761610000e5eb1a38249f70ae69febe633308
Dhruv,70NcAr4ZtA3FAqU16iQZSb,https://i.scdn.co/image/ab6761610000e5eb36b9505153852a85708af75e
mc jhenny,6Ka3TKKRqhWwbmuxjhrmo6,https://i.scdn.co/image/ab67616d0000b273816c9444bab85aa203f422bc
Mc Gw,0f1IECbrVV952unZkzrsg2,https://i.scdn.co/image/ab6761610000e5eb31765af3d9cf290ab4fcce69
KOSTA,3wyruz219YVh90qRnzFBTY,https://i.scdn.co/image/ab6761610000e5eb044f1dcca38178f2813d29e5
Neil Diamond,7mEIug7XUlQHikrFxjTWes,https://i.scdn.co/image/f4d0fb18cb338eddee6b482779d946183a743b12
The White Stripes,4F84IBURUo98rz4r61KF70,https://i.scdn.co/image/ab6761610000e5eb70cc06de8fc28226d4743cd9
Fat Les,4BHU68IINW0fZNRIvSOir5,https://i.scdn.co/image/ab6761610000e5ebdb3d15a6c088007a95609e1d
Rah Swish,4FeLiFUPdxVfFo8oOfA4BH,https://i.scdn.co/image/ab6761610000e5ebbdff5ea0a97135d7f6d0d1c0
Bizzy Banks,7s3eCGNZMrwUQraXlocCBv,https://i.scdn.co/image/ab6761610000e5ebc75e0b3ec4c3a1ea49a3f275
TRAVI,4np9Zzw0SEYQLcGv28P51q,https://i.scdn.co/image/ab67616d0000b273bc120155f6df6df8cd82a476
Vitor Fernandes,3TJGVUkSJzk5ZPixMFczZX,https://i.scdn.co/image/ab6761610000e5eb053a51cbb746e4336b4b42b8
Emilia,0AqlFI0tz2DsEoJlKSIiT9,https://i.scdn.co/image/ab6761610000e5ebee635c4207f0faa0e5a90f39
Ingratax,62YF0FglEltB3CnVIjoko8,https://i.scdn.co/image/ab6761610000e5eb385038fe4c44aeb8aa00a77f
Stunna Gambino,15ZjD8Gus20Miqw3fdOaXX,https://i.scdn.co/image/ab6761610000e5ebc113ffc4b0452d9084c8ee86
Smiley,6jeg7JBX9J9097esK752iR,https://i.scdn.co/image/ab6761610000e5eb0612e91e7f1583019092e3d9
Brisa Star,7fKfVo62Yx50GtTdIgeBqk,https://i.scdn.co/image/ab6761610000e5ebf5834f982e4c30140172c2f3
Thiago Jhonathan (TJ),0cZ0hBu2JZFT99wDzEfS89,https://i.scdn.co/image/ab6761610000e5ebf9eeca94eff06f24ae0f0aa9
Walker Hayes,7sKxqpSqbIzphAKAhrqvlf,https://i.scdn.co/image/ab6761610000e5eb1939a4d72d0b0de12ec82c60
Blxst,4qXC0i02bSFstECuXP2ZpL,https://i.scdn.co/image/ab6761610000e5eb7882cddd99f8586dfb9b11a5
PinkPantheress,78rUTD7y6Cy67W1RVzYs7t,https://i.scdn.co/image/ab6761610000e5eb623676def3d96ee9f38356cc
Rels B,2IMZYfNi21MGqxopj9fWx8,https://i.scdn.co/image/ab6761610000e5eb535e229baad7f32f48c0c470
Isaiah Rashad,6aaMZ3fcfLv4tEbmY7bjRM,https://i.scdn.co/image/ab6761610000e5eb1ff1685224034e6c12538722
Marcynho Sensação,4dnPDc045bVjibyATxVUOs,https://i.scdn.co/image/ab6761610000e5eb276962a237ff4cc20deb1197
Montez,5ZY4M2aGiTaZQEP6HfqeJc,https://i.scdn.co/image/ab6761610000e5eb44b079a27567b328307ea2e5
Ruth B.,2WzaAvm2bBCf4pEhyuDgCY,https://i.scdn.co/image/ab6761610000e5eb1da7ba1c178ab9f68d065197
Nessa Barrett,7pwufEBGfggjoI8twqlsmQ,https://i.scdn.co/image/ab6761610000e5ebd9135876f44bfb446e78c07c
Sefo,1ITjgqpqMDJlqZGAK3mlPQ,https://i.scdn.co/image/ab6761610000e5ebc7145b9565b4ebe8b0e50b79
Tai Verdes,2kCO8LXN1usaOPL3iEE28I,https://i.scdn.co/image/ab6761610000e5eb449bb7c30ee9b59e79a89f99
PNAU,6n28c9qs9hNGriNa72b26u,https://i.scdn.co/image/ab6761610000e5ebede8cb4558f41d638f13dfc6
Costa Gold,7q1aEytv83jXNECmyaMhgn,https://i.scdn.co/image/ab6761610000e5eb25686998dc0297f17084b9b0
André Nine,5cc7XCY3YdVmFDYw9LklMq,https://i.scdn.co/image/ab6761610000e5ebc797abbb3e1da7cfc2e9f555
Tanishk Bagchi,4f7KfxeHq9BiylGmyXepGt,https://i.scdn.co/image/ab6761610000e5eb96f049daefd1875282baab0a
Jubin Nautiyal,1tqysapcCh1lWEAc9dIFpa,https://i.scdn.co/image/ab6761610000e5ebc58e9665446297c3be1a0ae0
Asees Kaur,1sVmXkzX2ukc6QvasrDBES,https://i.scdn.co/image/ab6761610000e5eb3f765cdf4d31f22a2ffed8be
Tems,687cZJR45JO7jhk1LHIbgq,https://i.scdn.co/image/ab6761610000e5eb22d7d6f8981c7a27bf68a382
Jasleen Royal,74OaRjmyh0XyRZsQQQ5l7c,https://i.scdn.co/image/ab6761610000e5eb654603f76991dc1275e67d39
B Praak,56SjZARoEvag3RoKWIb16j,https://i.scdn.co/image/ab6761610000e5ebfd469e9e949eab38a6169a42
Romy,0bRPtPZQkWHeG7MGk9eWlh,https://i.scdn.co/image/ab6761610000e5eb1feefe5e8bf8154969b5cdac
A-Wall,56OjNTX2bkrdGcB0staUOV,https://i.scdn.co/image/ab6761610000e5eb31132186d2ea520643e71168
SoFaygo,2SJhf6rTOU53g8yBdAjPby,https://i.scdn.co/image/ab6761610000e5ebb71f4d560676d261488ac383
John Amplificado,2zjdf1M6DGPcBFnvEYmydy,https://i.scdn.co/image/ab6761610000e5eb859552bc2f42ea642ddf4968
Lost Frequencies,7f5Zgnp2spUuuzKplmRkt7,https://i.scdn.co/image/ab6761610000e5eb6a77aaa2cde6783b1ca727e9
zzoilo,7c53ZFyajVMTo08HmvoB6b,https://i.scdn.co/image/ab6761610000e5eb20fd7b40adc1b615cc1d71b4
Coolio,3y24n3XhZ96wgwRXjvS17T,https://i.scdn.co/image/ab6761610000e5eb5ea53fc78df8f7e7559e228d
L.V.,2LhsePRtgCo4THVKULQBL7,https://i.scdn.co/image/ab67616d0000b2735f4a7a3024b630be83448e94
THE ANXIETY,64H8UqGLbJFHwKtGxiV8OP,https://i.scdn.co/image/ab6761610000e5eb9a34535a8a1881e125b2eee5
Tyler Cole,1xoxekeb8jUVHKJB7m6bfg,https://i.scdn.co/image/ab6761610000e5ebc4e9c6b46ca8e6cb1f546e6a
Oliver Tree,6TLwD7HPWuiOzvXEa3oCNe,https://i.scdn.co/image/ab6761610000e5eb2615ef39cf9128c447b31619
Project Pat,08Ld63UgKrJ0nZnCkzHtzc,https://i.scdn.co/image/ab6761610000e5eb39b78c4c789abef99ee335a0
Juliette,5coW9ioCpvEYGx4v1nvWec,https://i.scdn.co/image/ab6761610000e5ebde0721e895515f7c034ae371
Night Lovell,2y246nnP9pQT0E6v3ZMMOO,https://i.scdn.co/image/ab6761610000e5ebb71467f7ae98d2dfc256d854
A. G. Cook,335TWGWGFan4vaacJzSiU8,https://i.scdn.co/image/ab6761610000e5eb46fcb25c1d37f61e5fb2a5fd
Eslabon Armado,0XeEobZplHxzM9QzFQWLiR,https://i.scdn.co/image/ab6761610000e5eb114fc6846b9f0e0746baa6a7
DannyLux,6ElqtIfQsAkEYypgfJIjeK,https://i.scdn.co/image/ab6761610000e5ebf0d29de3085ea9a8a5fc3513
Calibre 50,4jogXSSvlyMkODGSZ2wc2P,https://i.scdn.co/image/ab6761610000e5eb827be814484a1c051889f41a
Cults,3Oim8XBPbznAa8Jj8QzNc8,https://i.scdn.co/image/ab6761610000e5eb92ec52fb43fbd4d2511a9d1d
Amber Coffman,4vpGVGgxSDcCTmqYbsOnsn,https://i.scdn.co/image/7874553c74ad974d3f53ba779b089168a4681359
LISA,5L1lO4eRHmJ7a0Q6csE5cT,https://i.scdn.co/image/ab6761610000e5eb5cd3b3af8b72e32be78571ec
Chlöe,1FtBEIWAwvw5ymBen5GICR,https://i.scdn.co/image/ab6761610000e5eb1a2bd8d86e982d7e12fa0456
Central Cee,5H4yInM5zmHqpKIoMNAx4r,https://i.scdn.co/image/ab6761610000e5ebf6469f2cbf0a7e78744a3173
Mc Anjim,0DjQFfVxBipTFTXRCwImMP,https://i.scdn.co/image/ab6761610000e5eb559c0861a55f10ca712906cb
Dj Lv Mdp,01CFmzv28eTtJAjhrvOsiW,https://i.scdn.co/image/ab6761610000e5eb61797cbf9c0edc95f94753d0
DJ PH DA SERRA,7Dq3oCz43MCuWBRgWTltZI,https://i.scdn.co/image/ab6761610000e5ebface2a0175ea78905b293cd4
CKay,048LktY5zMnakWq7PTtFrz,https://i.scdn.co/image/ab6761610000e5eb6bc8c6ddd810306da5659254
ElGrandeToto,4BFLElxtBEdsdwGA1kHTsx,https://i.scdn.co/image/ab6761610000e5eb3356d76683fee723537247f1
Dj Yo!,7iTLGcddv1bOPirdYJjKVy,https://i.scdn.co/image/ab6761610000e5ebd8619f99ab6b9eaea208951c
AX'EL,5fUXK5m3BNwoRgTyKq8tnz,https://i.scdn.co/image/ab6761610000e5eb7c152fe9c2112bd4ce4228a3
$uicideboy$,1VPmR4DJC1PlOtd0IADAO0,https://i.scdn.co/image/ab6761610000e5ebb0019debdbe359a73295887f
Jc La Nevula,6KBhywwNM5dStjqjHeNndc,https://i.scdn.co/image/ab6761610000e5eb4a2a4935f72c9040bb24f267
Atomic Otro Way,05i5DIXDf4Ai4NEPEi3uBZ,https://i.scdn.co/image/ab6761610000e5eb0aeae383335a4d45eeb28adf
Grupo Firme,1dKdetem2xEmjgvyymzytS,https://i.scdn.co/image/ab6761610000e5eb8d96f038e5ae16ba72809034
LeeHi,7cVZApDoQZpS447nHTsNqu,https://i.scdn.co/image/ab6761610000e5eb05cead99b1a81b82a9a42838
Dj Adoni,3JfbHWZ07sSBjbojTU2hAt,https://i.scdn.co/image/ab6761610000e5eb5e6aa9a3be6fe07c473eecda
Tokischa,2p4aN0Uxkk3iT3HK0cJ2cJ,https://i.scdn.co/image/ab6761610000e5ebef5f39dfc3f133ab974dbf3b
girl in red,3uwAm6vQy7kWPS2bciKWx9,https://i.scdn.co/image/ab6761610000e5ebb3ed437da60866ed52c5238b
Noyz Narcos,49UAapOfpOg1ZOU4xf2NgY,https://i.scdn.co/image/ab6761610000e5eb4180158c8a25e7c85f7e3e1f
Doode,3Ns5FA1ANQOzsHLWspsrC6,https://i.scdn.co/image/ab6761610000e5eb1b7fff8b45dc094e9abd95a7
Teto,68YeXpLt3jB7JHQS5ZjMGo,https://i.scdn.co/image/ab6761610000e5eb25fb448b6e88665ab473c9ef
Gabry Ponte,5ENS85nZShljwNgg4wFD7D,https://i.scdn.co/image/ab6761610000e5ebc73eb3b51fba8b563ba0f6c6
LUM!X,0TKFPt9w0AAEnhB9bd0pLy,https://i.scdn.co/image/ab6761610000e5eb4e813e2521b822c9e6dcbade
Prezioso,3iMzbvXlgNUpoFccD60bvr,https://i.scdn.co/image/ab6761610000e5eb9cc6761bc721c62ffe4138b8
MKTO,2l35CQqtYRh3d8ZIiBep4v,https://i.scdn.co/image/ab6761610000e5ebbc861f3d1ba68614d3a301b4
My Chemical Romance,7FBcuc1gsnv6Y1nwFtNRCb,https://i.scdn.co/image/ab6761610000e5eb9c00ad0308287b38b8fdabc2
Julieta Venegas,2QWIScpFDNxmS6ZEMIUvgm,https://i.scdn.co/image/ab6761610000e5eb44270f00ab4402b3fd91bad1
Mitski,2uYWxilOVlUdk4oV9DvwqK,https://i.scdn.co/image/ab6761610000e5eb4bdb3888818637acb71c4a13
Avine Vinny,4KDxYlnGZEiS60pAnfZf4W,https://i.scdn.co/image/ab6761610000e5ebc03fdf1cfe3566c8c265908f
Ivan Cornejo,6PH3FLQAxtqYy46Zv08bpV,https://i.scdn.co/image/ab6761610000e5eb0a052faab8058ca12cd9ff9b
Ptazeta,5UN0rzL594mWY2RbOtZqIN,https://i.scdn.co/image/ab6761610000e5ebd1bc4542ddbef775ca08fd70
TroyBoi,0tvpihdAsKiNnP6sWS3jUI,https://i.scdn.co/image/ab6761610000e5eb32bd48ff9001195c7aa31675
Jesy Nelson,73KwqWuob0R53I14Vs56p9,https://i.scdn.co/image/ab6761610000e5eb55932dbabc0bf3504d60522f
DJ Patrick Muniz,2MUXvv3lFulPYMUCtNrEBu,https://i.scdn.co/image/ab6761610000e5eb4341ad9c02b167c918b42a17
Dj Olliver,6akRUh5g0XiVQaZj6U23fd,https://i.scdn.co/image/ab6761610000e5eb81878adb1b4b13b185e578ed
Mc Topre,6bmZfABIjvLMAMYwujdjFy,https://i.scdn.co/image/ab6761610000e5eb2adc056dd0909e18c95097ef
Mc Rennan,6ZiGAU6TJQEyidFQ22eIOS,https://i.scdn.co/image/ab6761610000e5eb4034c51e4783752fcb28c26b
Nardo Wick,0Njy6yR9LykNKYg9yE23QN,https://i.scdn.co/image/ab6761610000e5eb5f9a514b78fb68c14233e867
RealestK,35R1B97CfrqKFFI3QBkTDx,https://i.scdn.co/image/ab6761610000e5eb2ae982d651957abe44e558e8
The Walters,027TpXKGwdXP7iwbjUSpV8,https://i.scdn.co/image/ab6761610000e5ebb22c5d2082459db182c28d10
Jaymes Young,6QrQ7OrISRYIfS5mtacaw2,https://i.scdn.co/image/ab6761610000e5eb87528aedec4b8d5586768014
George Michael,19ra5tSw0tWufvUp8GotLo,https://i.scdn.co/image/ab6761610000e5ebd919dbf4e6ed3e695ba6339d
Stromae,5j4HeCoUlzhfWtjAfM1acR,https://i.scdn.co/image/ab6761610000e5ebcc129f1c9b5047760d66aae2
T-Shyne,14qypx78D3Jd1mm7c2BqQb,https://i.scdn.co/image/ab6761610000e5eb1ee2537c3bf60dbe06ac8167
Strick,2WInxWtfee6mRhUQUmIRAH,https://i.scdn.co/image/ab6761610000e5eb397c60218125cb497a72acd6
Felipe Amorim,3CIIaeZuFYrAD6PRVyuO4U,https://i.scdn.co/image/ab6761610000e5eb37ef39c40615bf0f655c404a
BoyWithUke,1Cd373x8qzC7SNUg5IToqp,https://i.scdn.co/image/ab6761610000e5ebc69a43760a45bd0612770a0a
siouxxie sixxsta,0OO76E5lRfeyBI3fkA73Dr,https://i.scdn.co/image/ab6761610000e5eb6ad58a0fb241739b77506086
Mae Muller,1BEUkE2CSUgHTLSBMZdnFB,https://i.scdn.co/image/ab6761610000e5eb35ec25bd2243d96af8d11aee
Swedish House Mafia,1h6Cn3P4NGzXbaXidqURXs,https://i.scdn.co/image/ab6761610000e5eb42d5e423e4083d3e95ae6a80
Kay Flock,2AMeiDbfU2vonrTkpXDKUu,https://i.scdn.co/image/ab6761610000e5ebd89cd40c36bb147b7565a5a9
SEVENTEEN,7nqOGRxlXj7N2JYbgNEjYH,https://i.scdn.co/image/ab6761610000e5eb8912a840e637dacc0d5c7828
Monsieur Periné,36KsCCwgI0Dep97yVJWmkK,https://i.scdn.co/image/ab6761610000e5eb45629a5694ea26bd978b9ca0
Vicente Garcia,2Otnykd696YidQYfEGVmNq,https://i.scdn.co/image/ab6761610000e5eb60f2ccd3d74561e49214d2bf
Benson Boone,22wbnEMDvgVIAGdFeek6ET,https://i.scdn.co/image/ab6761610000e5eb9a39ecd2481c38174aa36260
Arcane,57nPqD7z62gDdq37US9XJR,https://i.scdn.co/image/ab6761610000e5eba056b2ecc1a70ab57cdcc10b
cakal,6CPZWzcKiOKkHn4L2XI4i2,https://i.scdn.co/image/ab6761610000e5ebc9731900394e3b71f8f83da7
Kitty Kat,2YkKzgHa7xT6aW8QaSsQMd,https://i.scdn.co/image/ab6761610000e5eb05fb910ca7b7ce7c9c04bde8
Disney Characters,6utdPEv71mR0DnGp74cJIz,https://i.scdn.co/image/ab67616d0000b273b529754ec345f34cff7090a9
ACRAZE,4pnp4w9g30yLfVIAFnZMRd,https://i.scdn.co/image/ab6761610000e5eb2be6e89c2e98a5d4954d083a
Cherish,1c70yCa8sRgIiQxl3HOEFo,https://i.scdn.co/image/ab6761610000e5ebed896a298ee61f6cec91abc4
Andrew Gold,5fmvGUlMVgmnCn45f1he7d,https://i.scdn.co/image/ab6761610000e5eb5b80adaab28dc1d9bc464eaf
Little Nell,213WFYdlgojElnXhDyhwke,
Patricia Quinn,7Akz0poR4eUgNM0ciCWqIs,
Richard O'Brien,0aIOdrjH5s3hJqxmKoAEUg,https://i.scdn.co/image/ab67616d0000b273b0450c4b342b76c14a2e37a0
Amaarae,21UPYSRWFKwtqvSAnFnSvS,https://i.scdn.co/image/ab6761610000e5eb951cd0ca357be4f9bcc21da1
MOLIY,2hVWBpjLW4Q7fboYz2pVYK,https://i.scdn.co/image/ab6761610000e5eb8ce5068ed525b9a212b9fe15
JT,39af15p0feaAOdL9DTRj3m,https://i.scdn.co/image/ab6761610000e5eb0e1922c7b2462953f5caa964
Paulo Pires,3whgFbrRxsOmYVrq3t4hCY,https://i.scdn.co/image/ab6761610000e5eb6f349b1e86fa61e94ff20119
MC Levin,0guw2RGoUqaWKpoCY5DzWY,https://i.scdn.co/image/ab6761610000e5eb94a9038f40802cbbc4968814
DJ Nikolas Alves Exclusive,23buF7CmOZll8oQveAvsut,https://i.scdn.co/image/ab67616d0000b2732775dafe13d8aa0b52faefaf
DJ Kaioken,1aQbanZ6xPrOtTYtsMdm3Q,https://i.scdn.co/image/ab6761610000e5ebbf2b8b2bebc53cfdd361a8c5
DJ Gege,2BvV4u6AUwFCrAriUIo9Sm,https://i.scdn.co/image/ab6761610000e5eb7d20c70772c18c3a765bce0c
Randy,7qYeIN2r4H1kBvr0Gm9Iav,https://i.scdn.co/image/ab6761610000e5eba5529603d39d1d4b8b932426
Ape Drums,4HJnsUVBubdKJ2aV0sr48u,https://i.scdn.co/image/ab6761610000e5ebdd559a489d48f83e61af1797
Jin,5vV3bFXnN6D6N3Nj4xRvaV,https://i.scdn.co/image/ab6761610000e5eb6d4ee2bb960bc4d9c0a4ce45
Fuego,7wU2WGCJ8HxkekHHE2QLul,https://i.scdn.co/image/ab6761610000e5ebc7481f65612afec0e8614328
Bruno Major,0hDjKSKjl1DC7ovYTDJHe8,https://i.scdn.co/image/ab6761610000e5eb5b43a1fdff498297feb1d128
Gary Lightbody,3fCQnw6VSudXBTN5d2QP2z,https://i.scdn.co/image/ab6761610000e5eb7ddb04387d61f44573b82959
Thundercat,4frXpPxQQZwbCu3eTGnZEw,https://i.scdn.co/image/ab6761610000e5eb299e78573ac6393aa9079d19
Bootsy Collins,5K0rbdBrs2tNXe5LeWMATT,https://i.scdn.co/image/2103311f1aedbaa1c8c9514d79c45f4c3ddbca96
GAYLE,2VSHKHBTiXWplO8lxcnUC9,https://i.scdn.co/image/ab6761610000e5eb3f9b6ba687bc60385c7c34b5
André 3000,74V3dE1a51skRkdII8y2C6,https://i.scdn.co/image/ab6761610000e5eb1984263efe557e8116f0780a
The Rare Occasions,1QfpRUtH14JLoY6F6AYmwt,https://i.scdn.co/image/ab6761610000e5ebdfbb3ce9689cd670c2a0d43a
Trei Degete,1APMveRvLxWAB5AI0j11DD,https://i.scdn.co/image/ab67616d0000b273623c21f1d36873a5f059c092
Squeezie,0xECfhlRzRRIIe2Co5HX6n,https://i.scdn.co/image/ab6761610000e5eba7968bfc51adb20de85cba8e
Myd,3QFiymmbJlVBPpnrOatEAk,https://i.scdn.co/image/ab6761610000e5eb6a95675caf7f6a92f5c7f286
KronoMuzik,7B53Suqn5TsVu6S6gIgqeA,https://i.scdn.co/image/ab6761610000e5eb0c6fc4b2937da5a4e2de28d4
Blessd,1TA5sGRlKUJXBN4ZyJuDIX,https://i.scdn.co/image/ab6761610000e5ebab13006c4b1b3eed9a8aba64
George Henrique & Rodrigo,3FlCKtwOEYQQYyGVEbxG2Z,https://i.scdn.co/image/ab6761610000e5eba7db2fbbc5e1825b2c56fd2b
Calcutta,582KhTHEVOONNQLmQ5612r,https://i.scdn.co/image/ab6761610000e5ebe6f42fb00b849720936df798
Emmy Meli,71szvmFWd7TUa7b6XmXj9k,https://i.scdn.co/image/ab6761610000e5ebc1ab614a7746072849a6a01e
XoMusic,0WjSAbrLXrBIpfWSrZIRi2,
IVE,6RHTUrRF63xao58xh9FXYJ,https://i.scdn.co/image/ab6761610000e5eb538dad5b42d963e338726c26
Vundabar,1W4itxt3vwhmrgLEBuVHJ6,https://i.scdn.co/image/ab6761610000e5ebedebd091e0dfedc99014eaeb
Morad,4az97MtWmBQ5Db3GfDh9j9,https://i.scdn.co/image/ab6761610000e5eb78be1444357da95706de5d12
Amy Grant,72Nhcx7prNk2ZCxhx0Y5es,https://i.scdn.co/image/ab6761610000e5eba19dc90d4da0079c4218c93a
Grupo F1rmo,1TvpKRrUuwpyfFHRC3OJ6N,
Malumma,2FC37ksP8mB49ORkV2Rojp,
SALES,6vVztIuqdDHvYWxOEXCzjN,https://i.scdn.co/image/ab6761610000e5eb8a95cd388f98773b9bc5e9f9
Vicente Fernández,4PPoI9LuYeFX8V674Z1R6l,https://i.scdn.co/image/ab6761610000e5eb18d0ae87d123dae4de445c0f
Aaliyah,0urTpYCsixqZwgNTkPJOJ4,https://i.scdn.co/image/ab6761610000e5ebd2493cea701d45401cc79ffd
V,3JsHnjpbhX4SnySpvpa9DK,https://i.scdn.co/image/ab6761610000e5eb8e7d00d3aae87cf8fc6946e2
Carol Richards,0Im4XjInyfMuA2lVkalOGK,
Fireboy DML,75VKfyoBlkmrJFDqo1o2VY,https://i.scdn.co/image/ab6761610000e5eb833675081693a864702b2084
Carolina Gaitán,4zonL9YdcI15v7dYqVLuMV,https://i.scdn.co/image/ab6761610000e5eb3df2a6432f6b73ae7a1ecfb7
Mauro Castillo,36CUTsdtNgCwMq6zKD1l8I,https://i.scdn.co/image/ab6761610000e5ebdd0e676ecbf0f3cdc1a07a13
Adassa,72kqSqk124Vnl1wtT6q9Fh,https://i.scdn.co/image/ab6761610000e5ebe481cce319ed57123101f3fa
Rhenzy Feliz,2as15AH2BTrPk8v4gyElmr,
Diane Guerrero,18MFcGBHtyW0mU3ufcm0X1,https://i.scdn.co/image/ab67616d0000b273efeb65dd95ca699aad664583
Stephanie Beatriz,5PYToRCsrnvikZg3yl2JMr,https://i.scdn.co/image/ab6761610000e5eb8ed7f0c767ce66f5e2e71414
Encanto - Cast,3xLU748QxpTmIVaiNXXg0P,https://i.scdn.co/image/ab6761610000e5eb2553185af29a31127c9fcbe3
Xamã,5YwzDz4RJfTiMHS4tdR5Lf,https://i.scdn.co/image/ab6761610000e5ebcb9960049fa0177aaf8818c7
Gustah,0nzfP49X2nrzmmkwZf180L,https://i.scdn.co/image/ab6761610000e5eb9015ed1bee0379e2f31f6e36
Bagua Records,2450WxbFxHjnttFAv31zGk,https://i.scdn.co/image/ab6761610000e5ebb7e1f23995a7b8766cd8c3d7
Jessica Darrow,4vdAAzZBUKbsrvHi6UR7B7,https://i.scdn.co/image/ab6761610000e5eb3201a8cc9d24a2eb9de2f4df
GoldSkull,13GA8qxVLDZs0oh1zZ872C,
DJ Matt D,1rIc4yTieeRq25NA3T8RQ5,https://i.scdn.co/image/ab6761610000e5eb3d78997bd38b456a3264b037
Menor MC,78Y1NpgD0yMKoBetaYlUzS,https://i.scdn.co/image/ab6761610000e5ebc9b772ad11a7287f6903bc27
MC GP,5s27i7oqhNWIcE4HeoVdq0,https://i.scdn.co/image/ab6761610000e5ebf0ee295f9947f1ed3cf2dd6d
Vulgo FK,27azwwkxutWL1BWMkgNIh0,https://i.scdn.co/image/ab6761610000e5eb26161efa58106c7bf731249b
Ryan Lewis,5mZJerulcERBZV7xnhrVp1,https://i.scdn.co/image/ab67616d0000b2732a6b364528b128a4a17d100d
Macklemore & Ryan Lewis,5BcAKTbp20cv7tC5VqPFoC,https://i.scdn.co/image/ab6761610000e5eb3c2f1ba4c1a3de141e63d775
Ne-Yo,21E3waRsmPlU7jZsS13rcj,https://i.scdn.co/image/ab6761610000e5ebca118e3822061f7b7f6bc537
Nayer,1ruutHJcECI7cos2n5TqpO,https://i.scdn.co/image/ab6761610000e5eba1edc9fd294dc2da62aa4544
Spice Girls,0uq5PttqEjj3IH1bzwcrXF,https://i.scdn.co/image/ab6761610000e5eb2e91ffbba84e8e94bafbc6d7
Carin Leon,66ihevNkSYNzRAl44dx6jJ,https://i.scdn.co/image/ab6761610000e5eb374620b17c4a16d8c99f2369
Tayrone,2T1se5h5FRkw7ZfR7yxdlm,https://i.scdn.co/image/ab6761610000e5ebdc867182363ad27f91626bfc
Edison Lighthouse,1NRzxuPpdGushT8YmF5NAa,https://i.scdn.co/image/ab6761610000e5ebd4463af78a41ea5b1bd481d7
Beach House,56ZTgzPBDge0OvCGgMO3OY,https://i.scdn.co/image/ab6761610000e5ebb3e38a46a56a423d8f741c09
JNR CHOI,1Z25ZlGHqqlr3o1UGQOfNn,https://i.scdn.co/image/ab6761610000e5eb2e8867b26b01dd019d85c457
Olga Merediz,2Go6wC0GsnkVeRoVwh8rqX,https://i.scdn.co/image/ab6772690000c46c7ee5ba0be466ad1116a3ca6b
Lauren Spencer Smith,79AyR6ATpj2LTPxfb6FX50,https://i.scdn.co/image/ab6761610000e5ebd9ed3f7de1140a14dcb4c954
NIKI,2kxP07DLgs4xlWz8YHlvfh,https://i.scdn.co/image/ab6761610000e5eb0654e511623cba4e0e9e2f0c
Sick Luke,0hk4xVujcyOr6USD95wcWb,https://i.scdn.co/image/ab6761610000e5eb6586fbdfaa8408ab8edf853b
David Kushner,33NVpKoXjItPwUJTMZIOiY,https://i.scdn.co/image/ab6761610000e5ebbf5c433d043e795fa9203dd1
Pyrex,7h1amg0X7Q5d0D5KfuyKTg,https://i.scdn.co/image/ab6761610000e5eb96753f0b2fb6464cf1b40f30
SiM,2BM933ADIluGGrPBOhPgIt,https://i.scdn.co/image/ab6761610000e5ebf942cc47923a77b8babe8ef1
AP Dhillon,6LEG9Ld1aLImEFEVHdWNSB,https://i.scdn.co/image/ab6761610000e5ebfb505b37709fa86cfd8f55b3
Gurinder Gill,5DHi2MeoRgAwPE0A0qwRMl,https://i.scdn.co/image/ab6761610000e5eb6ea70e84ca3a73d071c82cbb
Intense,0OS0NZnK7TGIAWx8MkWNFN,https://i.scdn.co/image/ab6761610000e5ebc5c624f2e999aa0735fc42a1
Luude,20cmhoGvN0eyzhmsHJH1Mg,https://i.scdn.co/image/ab6761610000e5eb9492bdcb3529371b8d10a665
Colin Hay,5mxB08ktCukEhGMg2YZeEv,https://i.scdn.co/image/ab6761610000e5eb7cf622fda87744f97e549db0
The Lumineers,16oZKvXb6WkQlVAjwo2Wbg,https://i.scdn.co/image/ab6761610000e5eb0f882273183345499155d6ed
Kep1er,5R7AMwDeroq6Ls0COQYpS4,https://i.scdn.co/image/ab6761610000e5eb39763d224118873a97798095
Alvaro Diaz,5J7rXWjtn5HzUkJ4Jet8Fr,https://i.scdn.co/image/ab6761610000e5ebe641b3bb66a9144858f16594
Chefin,68PYmgkbRP1qZnEWOry7sB,https://i.scdn.co/image/ab6761610000e5eb19d0d8fd78d26794464674e0
Meat Loaf,7dnB1wSxbYa8CejeVg98hz,https://i.scdn.co/image/ab6761610000e5ebd80098ab0e9b98ee0bd0795e
Muni Long,7tjVFCxJdwT4NdrTmjyjQ6,https://i.scdn.co/image/ab6761610000e5ebcf6fe31cd504d31909f25c64
Devi Sri Prasad,5sSzCxHtgL82pYDvx2QyEU,https://i.scdn.co/image/ab6761610000e5ebaa5350248841ba12e12467af
Sid Sriram,7qjJw7ZM2ekDSahLXPjIlN,https://i.scdn.co/image/ab6761610000e5ebef6a8800763bf428e85940a6
Chandra Bose,3gZ3IpjebAehFzIYhFIJDK,https://i.scdn.co/image/ab6761610000e5ebd8dc85f74377b533dfa127d2
Sam Tompkins,04uu8U3I1h26Fp2NBkPTRZ,https://i.scdn.co/image/ab6761610000e5ebc4ce2486b212499e18a7ba80
Yung Lean,67lytN32YpUxiSeWlKfHJ3,https://i.scdn.co/image/ab6761610000e5eb24452fbff8e0a20ebd6f92b2
La Pantera,0IEzMvarfVycBJAXjjEZOL,https://i.scdn.co/image/ab6761610000e5ebc5bb06195328a90fe3e3974b
Quevedo,52iwsT98xCoGgiGntTiR7K,https://i.scdn.co/image/ab6761610000e5eb9fabcfc29eafa94841a28a9b
Juseph,5kgDdP7a4TsvkF08gpJGX0,https://i.scdn.co/image/ab6761610000e5eb5b074ba20d41bbaa1c9dfa5c
ABHIR,2D8UzkIVdg1bj0Iqz6gjk0,https://i.scdn.co/image/ab6761610000e5eb3a139ff857bc44d9be6bfaa4
BEJO,0adJG3bdFTHCkTY28NkY4u,https://i.scdn.co/image/ab6761610000e5eb3ad6b15533328492693f7fde
EL IMA,00vsUIEaNHw6qoQnh8DQM2,https://i.scdn.co/image/ab6761610000e5eb996a948408f992c704ef6e8a
Ryan Castro,7j6DKwmjbxvpQO8h914uEz,https://i.scdn.co/image/ab6761610000e5eb6161a61c5f4a96af952a79c0
Rina Sawayama,2KEqzdPS7M5YwGmiuPTdr5,https://i.scdn.co/image/ab6761610000e5eb8cb645e0a77bf015feda7fb9
Em Beihold,7o2ZQYM7nTsaVdkXY38UAA,https://i.scdn.co/image/ab6761610000e5eb23c885de4c81852c917608ac
Rkomi,056KMTw6IztdQjBmFfVyO3,https://i.scdn.co/image/ab6761610000e5eb8d47e740a5755bb8d42193cb
La rappresentante di lista,0YmQyGKpZgGSDxsC8iEGQU,https://i.scdn.co/image/ab6761610000e5eb342bff1227acf04a2b5b052f
Elisa,2ARH58Hit3yC6ziGdhma23,https://i.scdn.co/image/ab6761610000e5ebd172294d3b03b44063339191
Dargen D'Amico,7muPB2GhV0sEg2K1Fgj0Xm,https://i.scdn.co/image/ab6761610000e5ebd07baed277199e23ef0bf778
Malik Montana,1Kjs5u8GQf6zCFdTj6SI9E,https://i.scdn.co/image/ab6761610000e5ebde7885cffc35ab676e1191d7
DaChoyce,6nStjcAtMWhraEtrTrePkl,https://i.scdn.co/image/ab6761610000e5eb33064630320abc1e1edf169c
The Plug,5r3fI2q1YU3QyVP7oncOQ9,https://i.scdn.co/image/ab6761610000e5eb167149de41fcdc3ad1556606
Jung Kook,6HaGTQPmzraVmaVxvz6EUc,https://i.scdn.co/image/ab6761610000e5eb40a7268dd742e5f63759b960
Dove Cameron,2W8yFh0Ga6Yf3jiayVxwkE,https://i.scdn.co/image/ab6761610000e5eb0c5fcd837c1420d97f500ef9
Roger,3GMoVpWJy4smKuxFuFTwXC,https://i.scdn.co/image/2b05e39a5c645fbbe2e7a73de886ac8b08d74e73
Dido,2mpeljBig2IXLXRAFO9AAs,https://i.scdn.co/image/ab6761610000e5ebf36e7b59cdaa0df8bee8e63f
Anirudh Ravichander,4zCH9qm4R2DADamUHMCa6O,https://i.scdn.co/image/ab6761610000e5eb0f0be2054fe9594026a6b843
Jonita Gandhi,00sCATpEvwH48ays7PlQFU,https://i.scdn.co/image/ab6761610000e5eba308d2dbeeb587cb5e9220db
Tarkan,2yMN0IP20GOaN6q0p0zL5k,https://i.scdn.co/image/ab6761610000e5eb7addc58dd2bd5e9d83c83cc4
Cris Mj,1Yj5Xey7kTwvZla8sqdsdE,https://i.scdn.co/image/ab6761610000e5ebe6ad4aa72272235fc5f970dc
DG e Batidão Stronda,7gIeuq2qBfYhO1budb6TSQ,https://i.scdn.co/image/ab6761610000e5ebc752bf85d0dd3877cf40f1ea
MC Teteu,6ulkDr2Bnu7Qlbrs5iDOF1,https://i.scdn.co/image/ab6761610000e5eb42047c56ca4d4db2ee2a7c42
Dj Serpinha,17CbKzT0I4256iVuPvrZXr,https://i.scdn.co/image/ab6761610000e5eba4892162bdf874eaac2fe729
TREASURE,3KonOYiLsU53m4yT7gNotP,https://i.scdn.co/image/ab6761610000e5eb21a582145a8ead154d2cec72
Eden Muñoz,1gJdf4Yybu4X5A2xYV3NMV,https://i.scdn.co/image/ab6761610000e5eb396c881b092ffda12c2488e4
Omah Lay,5yOvAmpIR7hVxiS6Ls5DPO,https://i.scdn.co/image/ab6761610000e5eb212e0b674da993b1a0cacb16
t-low,3tQzzidoPfVifoURnDfgmD,https://i.scdn.co/image/ab6761610000e5eb628d782aed258fe40773445e
shadowraze,0TO6y1x0LQodwBnxGtQu9o,https://i.scdn.co/image/ab6761610000e5eb7b21014bcbdb4f01eb868ac2
JVKE,164Uj4eKjl6zTBKfJLFKKK,https://i.scdn.co/image/ab6761610000e5eb9028079005146db88f6133d0
Tulus,2iDVt6mFbtbDEZG5ax0dTi,https://i.scdn.co/image/ab6761610000e5eb53462891ab7799f2934b568e
NMIXX,28ot3wh4oNmoFOdVajibBl,https://i.scdn.co/image/ab6761610000e5ebb75519f6b752fce04b2e4ed7
Yeat,3qiHUAX7zY4Qnjx8TNUzVx,https://i.scdn.co/image/ab6761610000e5eb2f87a26be4c22046527a8047
Cornelia Jakobs,7cYZ8F0N2jby95FsxU9hh4,https://i.scdn.co/image/ab6761610000e5eb761dcd76b38295b8caea2194
AnnenMayKantereit,23xqmJEN3oVxwzqtNIyR5m,https://i.scdn.co/image/ab6761610000e5ebbcf79c131f4ddb3635dd60bb
Giant Rooks,5wD0owYApRtYmjPWavWKvb,https://i.scdn.co/image/ab6761610000e5eb532c3f98ed25fade304161e1
Alejo,50sIhX3HytFEwQXZJLUZQE,https://i.scdn.co/image/ab6761610000e5eb116277a3c5162e74e2205ef0
ROBI,6ISKc7ev3V4EGnEagkXexc,https://i.scdn.co/image/ab6761610000e5eb921434c4ad4f94b32a262263
Davi Kneip,6rygauyIMQJrXRC4e5rQJP,https://i.scdn.co/image/ab6761610000e5eb754ba8bb1493edbb3aaaeb9f
Mc Frog,5xKesKsXI1jv2TorLOnbbm,https://i.scdn.co/image/ab6761610000e5ebff6c91f6586a407faf89e7ec
Dj Gabriel do Borel,6HJiLhKqnOh32p3LSNWsR3,https://i.scdn.co/image/ab6761610000e5ebb594461d12e420165da8ba21
4*TOWN (From Disney and Pixar’s Turning Red),7jLpPyJ5gQxCvwiBsUfFu6,https://i.scdn.co/image/ab6761610000e5eb0f904896a83e104de5965b4d
Jordan Fisher,60wslYioiBcxSTInM4nIy2,https://i.scdn.co/image/ab6761610000e5ebbab4fa8cd8a2554bb062325d
Finneas O'Connell,7hCuNVmOMT7ntattMgmL96,https://i.scdn.co/image/ab6761610000e5eb73a1e3d450c141187f603e63
Topher Ngo,10WKlp1bjWxC1IWbpX4Q6l,https://i.scdn.co/image/ab6761610000e5eb0cd0305542272b863d414bc3
Grayson Villanueva,0wSCwQI0t7XUj0zdGO25PZ,https://i.scdn.co/image/ab6761610000e5ebbca37659dc1be5394e5bf17d
Josh Levi,6NvsNA4Ea62yJh7ePTS8gz,https://i.scdn.co/image/ab6761610000e5eba2f3792c213a3d6aa212960e
Nigo,2rAnv6brcXaglLZBB4XXEn,https://i.scdn.co/image/ab6761610000e5eb1d0d68eabe96e8c89e974a8b
Landon Barker,7tWnepocfeqynsYC75hWoF,https://i.scdn.co/image/ab6761610000e5eb7d1e422b273c89a396678d55
Yahritza Y Su Esencia,51ZSh80McCt7vbqHouzW0A,https://i.scdn.co/image/ab6761610000e5eba112a3c6dc0fb050a1633000
Lucky Daye,5Vuvs6Py2JRU7WiFDVsI7J,https://i.scdn.co/image/ab6761610000e5eb59f6672fdf7466d330b815ab
Ak4:20,1SiLK8gdECx2iEm2SSj0Bl,https://i.scdn.co/image/ab6761610000e5eba3ec6602e48cb9ac3fb356a2
Pailita,4yxLYO2imECxGYTTV7RQKb,https://i.scdn.co/image/ab6761610000e5ebddbda1e42bb6cfb4ba7c7c30
Kenny Mason,4mwdnO2jZrMmMVrjcHsZBv,https://i.scdn.co/image/ab6761610000e5eb54afa59224c6b339e5cdab9f
WIU,3MrDVzg7ZXaYMyQmbDInr7,https://i.scdn.co/image/ab6761610000e5eba99239905a1149b25c8a69ad
BIGBANG,4Kxlr1PRlDKEB0ekOCyHgX,https://i.scdn.co/image/ab6761610000e5eb597a4257d0022e2ac837fa7d
Dylan Conrique,2S054G7qnCK45KY0XzpX30,https://i.scdn.co/image/ab6761610000e5eb2fbf937e02f8a5006f3fdbea
OmenXIII,760kxYHN5QTrD1DehiimjB,https://i.scdn.co/image/ab6761610000e5eb12cdbcd0e624cef0cda82b55
Connie Constance,4RB2kk5dmocmMiHFBlmOEt,https://i.scdn.co/image/ab6761610000e5eb11a05dc3466d40f8a9685140
L7NNON,0JjPiLQNgAFaEkwoy56B1C,https://i.scdn.co/image/ab6761610000e5eb95d096b55a11edc4f03b76ab
Os Hawaianos,6f6ccYxDNgsPCMemKceSY4,https://i.scdn.co/image/ab6761610000e5ebd56f97cd0c2f420ffa5341fb
DJ Bel da CDD,6cBgK7jLKrcynjD5E6mKNu,https://i.scdn.co/image/ab6761610000e5ebcff2343e85791ea8234dd97d
DJ Biel do Furduncinho,6Us5Zsn5MAHBk7SHBUsG5X,https://i.scdn.co/image/ab6761610000e5eb76d312e3ef2b9d4c28bc9a7d
Mr.Kitty,0pWwt5vGNzezEhfAcc420Y,https://i.scdn.co/image/ab6761610000e5ebc80284446d5c44a9f1171f41
Guns N' Roses,3qm84nBOXUEQ2vnTfUTTFC,https://i.scdn.co/image/ab6761610000e5eb50defaf9fc059a1efc541f4c
Southside,23DYJsw4uSCguIqiTIDtcN,https://i.scdn.co/image/ab6761610000e5eb78c315b04122bfc826bf9697
Jimin,1oSPZhvZMIrWW5I41kPkkY,https://i.scdn.co/image/ab6761610000e5ebcb08296cca5a2d197caabb79
HA SUNG WOON,3OBkZ9NG8F0Fn4oNpg0yuU,https://i.scdn.co/image/ab6761610000e5ebf9095c1996f76a50ddcca7fe
Shae Gill,3bWIy9AUrQdiNeS62Bp3OP,https://i.scdn.co/image/ab67616d0000b2733f3d35703bdcd917dad51c4f
Ali Sethi,3NegWDGp038A3FIi3gSYzl,https://i.scdn.co/image/ab6761610000e5eb7a0e3a187ac3573553c416cf
Jessi,64k5e9kV9MdukXjFrR5R37,https://i.scdn.co/image/ab6761610000e5eba1ab452846e085c36097def9
Nicky Youre,7qmpXeNz2ojlMl2EEfkeLs,https://i.scdn.co/image/ab6761610000e5eb4923728dfd8edfd266cfd1d3
hey daisy,38PzLQE4GW8o7A18oGhi0x,https://i.scdn.co/image/ab6761610000e5eb8d6933dac5dae2746a97fbd7
Kevin Kaarl,6OBGbSaBUvQtk9wpQfDbOE,https://i.scdn.co/image/ab6761610000e5eb0d2dc2b31af50e7578c32573
Polimá Westcoast,768O5GliF0bqscyghggrbE,https://i.scdn.co/image/ab6761610000e5ebd706d494bd2cdea068f93c4a
Leah Kate,6oWOHAOyBUn6aJlKIPJK9r,https://i.scdn.co/image/ab6761610000e5ebfc374f78b6a35e2369a59df4
anees,2HPqVfdPh9JkBSlFG5hK6h,https://i.scdn.co/image/ab6761610000e5eb4940acd73144ef12b684b9c5
PSY,2dd5mrQZvg6SmahdgVKDzh,https://i.scdn.co/image/ab6761610000e5eb24b5185226d5b7c6aa91db5a
LE SSERAFIM,4SpbR6yFEvexJuaBpgAU5p,https://i.scdn.co/image/ab6761610000e5eb593f35db6f6837e1047a5e33
Tony Dize,3LKXWvXFWrkwUzJWxzwVpW,https://i.scdn.co/image/ab6761610000e5eb2e69b2a5617714bdef96f3be
The Marías,2sSGPbdZJkaSE2AbcGOACx,https://i.scdn.co/image/ab6761610000e5ebaf586afa2b397f1288683a76
Buscabulla,0MoaBi6dSquXp6rrlqlF8R,https://i.scdn.co/image/ab6761610000e5ebb479f027155f7d473f0158a7
Junior H,7Gi6gjaWy3DxyilpF1a8Is,https://i.scdn.co/image/ab6761610000e5eb50998d90507d8c1603b2530b
Stephen Sanchez,5XKFrudbV4IiuE5WuTPRmT,https://i.scdn.co/image/ab6761610000e5eb1e97fce6fa6fc4ebc3ebda25
Suki Waterhouse,5GGJosGMs08YEmKTZJe1fL,https://i.scdn.co/image/ab6761610000e5ebc2bb10016e2e142f397f780c
Amanda Reifer,1PpDfXOUG7gxUjR1quWnwp,https://i.scdn.co/image/ab6761610000e5eb231bab53be0f6ab4fddfc4d8
Taylour Paige,7nkr1fevjIVmgx5biwAWVo,https://i.scdn.co/image/ab6761610000e5eb8e5a8ed4bb07804dc8ebe8b0
Sam Dew,1SIw8nXWjvAKeb6Dhh85cz,https://i.scdn.co/image/ab6761610000e5eb51ecfd1ae9e8e2c1ba5e6e85
Tanna Leone,1bPYCoigTRLOQwNfjpwmff,https://i.scdn.co/image/ab6761610000e5ebea3b140e4cbc8098c5d0d6d8
Beth Gibbons,6Lt6KFXX3P0v6vfrynQAMo,https://i.scdn.co/image/ab6761610000e5eb2f171f9487d8597df9e3cfda
KALUSH,46rVVJwHWNS7C7MaWXd842,https://i.scdn.co/image/ab6761610000e5eb2515325ff4de8c512a0faf9d
Kalush Orchestra,6fNkvAT7XRYuIynD5RTSLf,https://i.scdn.co/image/ab6761610000e5eb9e3e98dcb5a91450405b5979
Sam Ryder,1rvnJJghrxl1xakJZct08m,https://i.scdn.co/image/ab6761610000e5eb8d6dcbcc410cebf4b045e663
Chanel,5DeX42pr2TilrnsUgjG8D1,https://i.scdn.co/image/ab6761610000e5eb8f5ec24c9e232dba64ba90c2
Subwoolfer,633Va8wlM3hrqQ4xjqRfOf,https://i.scdn.co/image/ab6761610000e5eb14730b4adc7355defec53744
S10,1zT9SWCzN45r7oVhy0VYLK,https://i.scdn.co/image/ab6761610000e5eb1de6e06aee25fdb326b6ae97
Jovem Dionisio,4m5LghDfOKFZNEBZ0GO1OQ,https://i.scdn.co/image/ab6761610000e5ebe8142d0a8432f1de0afda7e9
Alonzo,2z2TRvloJt4EfUNQp9rHAi,https://i.scdn.co/image/ab6761610000e5eb2e879fe90ffdef1e7ef2cf0c
Victor Cibrian,1iXdpCz3AeLEAvzqeNodt8,https://i.scdn.co/image/ab6761610000e5eb096c7f0b73a41a6df61849f2
Benzz,2GYIFLUsVVHPPUzOfJndRh,https://i.scdn.co/image/ab6761610000e5eb73bf27e6d1c2541d5ecf6888
BYOR,0Upxnyh9nIUNSOmNE8WF4R,https://i.scdn.co/image/ab6761610000e5eb0fea514512dab2194a309b41
Kate Bush,1aSxMhuvixZ8h9dK9jIDwL,https://i.scdn.co/image/ab6761610000e5eb187017724e58e78ee1f5a8e4
Sidhu Moose Wala,4PULA4EFzYTrxYvOVlwpiQ,https://i.scdn.co/image/ab6761610000e5eb9973157bdaedef3f77ef8e13
Wazir Patar,3bCfmBmsKvp4UXialp6xNZ,https://i.scdn.co/image/ab6761610000e5ebac4f1d2a64769b173a193edc
Tears For Fears,4bthk9UfsYUYdcFyqxmSUU,https://i.scdn.co/image/ab6761610000e5eb1e63dea1bded4ae1d53b5c9a
Musical Youth,2CuzDPkRD6BJBvdWqCrt2I,https://i.scdn.co/image/fca0c7f6230d9a303a484223c32246aa4e480b72
James Hype,43BxCL6t4c73BQnIJtry5v,https://i.scdn.co/image/ab6761610000e5eb3735de17f641144240511000
Miggy Dela Rosa,45ruzGUmIr8WLjLOPJ9mGU,https://i.scdn.co/image/ab6761610000e5ebf4381c2beab61b4f5aa9549d
Fleet Foxes,4EVpmkEwrLYEg6jIsiPMIb,https://i.scdn.co/image/ab6761610000e5eb7d2e812e63d6df77ee087b47
Villano Antillano,1pi7nGhOM7PTHR5YEgXVGq,https://i.scdn.co/image/ab6761610000e5ebf86b3715b2b54edd72baa421
glaive,4cJKDGSv4Dz9QycXYmo565,https://i.scdn.co/image/ab6761610000e5eb2c840e0f1d13c40fa981c5cc
Keisya Levronka,4EiSzlOeMnJcp2U8ayCQ3a,https://i.scdn.co/image/ab6761610000e5ebd4255df6984863dcbb93a6ec
DJ Robin,06VwNCd4PPAxBuxheaf5bz,https://i.scdn.co/image/ab6761610000e5ebf2e3b742409c09ee61c0a869
Schürze,3S46qb1V62vKdGl1sR6LEQ,https://i.scdn.co/image/ab6761610000e5eb6258e331259145bb20322cc3
Louis Theroux,016Rz5DsXUPPxosNTZLYcv,https://i.scdn.co/image/ab67616d0000b2738b46921b586889dabff7ba3f
Duke & Jones,3jNm5wvIx1eR5NDdXhMkNV,https://i.scdn.co/image/ab6761610000e5ebf7a9aa4affb52f4659228dcd
La Adictiva,49EE6lVLgU8sp7dFgPshgM,https://i.scdn.co/image/ab6761610000e5eb18129b218ae9c07848ddc759
Luis R Conriquez,0pePYDrJGk8gqMRbXrLJC8,https://i.scdn.co/image/ab6761610000e5ebdb116ddecbb3006862956e65
MC Mari,2AdUWxNm17kkGZiPGuorth,https://i.scdn.co/image/ab6761610000e5eb1688734142b231f90fffa9d3
NAYEON,1VwDG9aBflQupaFNjUru9A,https://i.scdn.co/image/ab6761610000e5eb8f7649273b8f02d16808a2c5
Felix of Stray Kids,4UIOuc84ExWojcUzFGtb8W,https://i.scdn.co/image/ab67616d0000b2737b93b5102e1c9de480078e9f
Lasso,3SCOuAxngTC1yGjKMcIPEd,https://i.scdn.co/image/ab6761610000e5ebb9a995f7c2e1d2b62a9a44a3
MC Tairon,7ujbuq6hAjLSf7cGr6au0b,https://i.scdn.co/image/ab6761610000e5eb4373503c3391b1910a09c495
Mc Vitin Da Igrejinha,6junQmlAntqTBJPTYCq25a,https://i.scdn.co/image/ab6761610000e5eb5a080cc252ba93fb4f5654d1
Dj Win,04NtfTeul9H9B41tPvF3MG,https://i.scdn.co/image/ab6761610000e5eb00429ef19b1bf1fac008bfa1
life song,7kqNP68mp3gmojwNasfhiq,https://i.scdn.co/image/ab6761610000e5eb6531c76976abb58cd2410e88
Bianca,7Jb6GR4PIxHSkDJK8MWuVg,https://i.scdn.co/image/ab6761610000e5eb3b8c8ced26bb96ae592bfc49
Metallica,2ye2Wgw4gimLv2eAKyk1NB,https://i.scdn.co/image/ab6761610000e5eb69ca98dd3083f1082d740e44
LF SYSTEM,0HxX6imltnNXJyQhu4nsiO,https://i.scdn.co/image/ab6761610000e5eb0a8280f14e88b336697b970c
Steve Perry,5xQKoGD7Ql92fWd1uWwKkf,https://i.scdn.co/image/ab6761610000e5eb2d520c49cb4edd996b4ad7d7
Cigarettes After Sex,1QAJqy2dA3ihHBFIHRphZj,https://i.scdn.co/image/ab6761610000e5eb0e871e0389b9722cc12a4118
Yung Gravy,2YOYua8FpudSEiB9s88IgQ,https://i.scdn.co/image/ab6761610000e5eb19db287e62460bc04d54e173
Joony,0gY0jm6QAzJCAslmZC3T35,https://i.scdn.co/image/ab6761610000e5eb336db38a6440611d687dc295
Tre' Amani,48Py72qV4J4hzvJXXRDNz0,https://i.scdn.co/image/ab6761610000e5eb2e777ec56cadc91d5b105bb4
Ana Castela,2CKOmarVWvWqkNWUatHCex,https://i.scdn.co/image/ab6761610000e5eb0de2a5d8b6227f8ee99d2176
Melody,7ySZCEP4HFGckYYPK5rqFI,https://i.scdn.co/image/ab6761610000e5eb6fac2f5515ccb4fcb892e1ab
Dj Chris No Beat,0vdcZzmneH0nK9CYFHQBjk,https://i.scdn.co/image/ab6761610000e5ebdf9f03c285f6fb574b1957dd
Rema,46pWGuE3dSwY3bMMXGBvVS,https://i.scdn.co/image/ab6761610000e5eb0100fea4bd79ae2ce801be09
Rosa Linn,46xBNx0j6cwY6sD9LgMTm1,https://i.scdn.co/image/ab6761610000e5eb3fe3d058cefbaa21f481f3e6
Porter Robinson,3dz0NnIZhtKKeXZxLOxCam,https://i.scdn.co/image/ab6761610000e5eb1ac12dcb2cc4fc7c740c5e0c
Pritam,1wRPtKGflJrBx9BmLsSwlU,https://i.scdn.co/image/ab6761610000e5ebcb6926f44f620555ba444fca
Arijit Singh,4YRxDV8wJFPHPTeXepOstw,https://i.scdn.co/image/ab6761610000e5eb5ba2d75eb08a2d672f9b69b7
Amitabh Bhattacharya,2fMqTqiTxUDlmcOEPaQSsx,https://i.scdn.co/image/ab6761610000e5eb06f04f40ecb8ca92cb714908
Seafret,4Ly0KABsxlx4fNj63zJTrF,https://i.scdn.co/image/ab6761610000e5eb7f753324eacfbe0db36d64e5
The Temper Trap,4W48hZAnAHVOC2c8WH8pcq,https://i.scdn.co/image/ab6761610000e5eba732660add2823e7a3e307ca
Grupo Marca Registrada,1gW6pz5n1aK249L0GvfQCC,https://i.scdn.co/image/ab6761610000e5eb9508af8df57e8aeb9ca50aeb
Tinashe,0NIIxcxNHmOoyBx03SfTCD,https://i.scdn.co/image/ab6761610000e5eba669f860c74c9007934d2cb6
Shenseea,1OFOShsIbhy1l5x73yuVyB,https://i.scdn.co/image/ab6761610000e5eb7e1485fb5dde259c4f4f7432
Dj Tk,0mfeoleda752Uj4JbEZDIN,https://i.scdn.co/image/ab6761610000e5ebba34cbca200ad526535209fc
Sofia Carson,7bp2lSdh12wcA8LyB1srfJ,https://i.scdn.co/image/ab6761610000e5eba26cb5b1e204b1049ec4d6cb
Kordhell,2W6WP4pHQTFlbr2z9S4n54,https://i.scdn.co/image/ab6761610000e5eb2cf946cd6eb7d0e70bb6de8d
Olivia Newton-John,4BoRxUdrcgbbq1rxJvvhg9,https://i.scdn.co/image/a9c4bea41f06c1be30efa9e06cb6e1a07f27e3f5
John Travolta,4hKkEHkaqCsyxNxXEsszVH,https://i.scdn.co/image/05b40ccc7a84868fe05d774aac684c24565cec7d
NewJeans,6HvZYsbFfjnjFrWF950C9d,https://i.scdn.co/image/ab6761610000e5eb80668ba2b15094d083780ea9
Ovy On The Drums,3m5qlPf2OkihLz3dRYnkPA,https://i.scdn.co/image/ab6761610000e5ebbf7270a270d27e1b6c5b847e
Ghost,1Qp56T7n950O3EGMsSl81D,https://i.scdn.co/image/ab6761610000e5eb2518768732e7215a9f765ca8
Beach Weather,7I3bkknknQkIiatWiupQgD,https://i.scdn.co/image/ab6761610000e5eb5f316929b9b3b61a5edb8139
Peso Pluma,12GqGscKJx3aE4t07u7eVZ,https://i.scdn.co/image/ab6761610000e5ebe5283f5b671cf618b82a2696
Nina Chuba,2kS9NyuATpYwjeB93h24H5,https://i.scdn.co/image/ab6761610000e5eb539e9b566480ea0002dfa701
Armani White,2qAwMsiIjTzlmfAkXKvhVA,https://i.scdn.co/image/ab6761610000e5ebce14daed2453a642e63cce18
Maldy,4IndUOBCZYZg61557iq2A9,https://i.scdn.co/image/ab6761610000e5eb7c2bec07cc904eb4ef533b40
Fridayy,7sP4SQ0WY6jfps1I19Ot7i,https://i.scdn.co/image/ab6761610000e5eba78b4ca53336f0f08f64522d
Mc Paiva ZS,0gHj4MPwwcZ8Zl9CY0hqT5,https://i.scdn.co/image/ab6761610000e5eb633eb45aed49a3318ef2efcb
MC Ryan SP,75i9GaW2MJUgt4BkdUnuUY,https://i.scdn.co/image/ab6761610000e5ebbaaac18ba160be41208bca04
Kotim,210Sy1oGhvPu929TKoSVcN,https://i.scdn.co/image/ab6761610000e5eb2da776cb28254863dad9c11d
Bootie Brown,6GI3CJjT2bOnMfprCpjT1d,https://i.scdn.co/image/ab6761610000e5ebf5edb23674b16a6a646e5029
Balming Tiger,6vbKIm1WsvhMMDpthYONc1,https://i.scdn.co/image/ab6761610000e5eb48893e61301c1541b6e7b13c
Omega Sapien,46KQM3HJyONaKRTbcfNPlU,https://i.scdn.co/image/ab6761610000e5eb25c22239e3938f61855c37ed
bj wnjn,4E4TZnDHlrhclSJgeund1d,https://i.scdn.co/image/ab67616d0000b273b3593a83fd88b070a2dc2d18
Mudd the student,4xHlg3Tcv7TZZzFq0aW2hQ,https://i.scdn.co/image/ab6761610000e5eb33453ce77913e313d6b5eb49
Juanes,0UWZUmn7sybxMCqrw9tGa7,https://i.scdn.co/image/ab6761610000e5eb330d24db775125dcec2c7b4c
Eliza Rose,4XC335ouK6pXyq4QiIb8bP,https://i.scdn.co/image/ab6761610000e5ebcb13249e18b9aefa4eadfb57
Interplanetary Criminal,6uJ51uV5rYzu1MJkC4CceI,https://i.scdn.co/image/ab6761610000e5ebaff1d657df363b64467718e3
d4vd,5y8tKLUfMvliMe8IKamR32,https://i.scdn.co/image/ab6761610000e5ebee632cde061121a5fe48c1d6
Fujii Kaze,6bDWAcdtVR3WHz2xtiIPUi,https://i.scdn.co/image/ab6761610000e5ebd3828da41bb2b2a02886b16f
Oxlade,3WTrdbZU99dgTtt3ZkyamT,https://i.scdn.co/image/ab6761610000e5eb2cdb1148e14bf21f3adc78de
Keane,53A0W3U0s8diEn9RhXQhVz,https://i.scdn.co/image/ab6761610000e5eb92f6dba2793814a1c5aa8d35
Zach Bryan,40ZNYROS4zLfyyBSs2PGe2,https://i.scdn.co/image/ab6761610000e5eb4fd54df35bfcfa0fc9fc2da7
Dxrk ダーク,5TvFfw1MgSntdU9A7yncyA,https://i.scdn.co/image/ab6761610000e5eb3ca1d5a0db592782ef8480fb
Montell Fish,5nvWOyAkfNgVLKESq4fOj2,https://i.scdn.co/image/ab6761610000e5ebe89c210ab9c802e40edab268
Pineapple StormTv,09U6hmCerKcIJrixubiBjm,https://i.scdn.co/image/ab6761610000e5ebe915b03e0d384550b452d024
Chris MC,0obu7Om4zu9ahul5DI4JtY,https://i.scdn.co/image/ab6761610000e5eb7e2ad9573e615e108a104e00
Salve Malak,7zxFc10N9BP2lg73b8cwZ0,https://i.scdn.co/image/ab6761610000e5eb70e0911e8d9d499151d8c972
Tz da Coronel,3lIU3RoZiHen1QXAQ3KQ9e,https://i.scdn.co/image/ab6761610000e5eb04f8e8ade36d881725a0b6e7
MC Cabelinho,1WQBwwssN6r8DSjUlkyUGW,https://i.scdn.co/image/ab6761610000e5eb3d7f74f67c1f8d77ac714b49
Oruam,4yGgbQJMq9orWypwqtdzYT,https://i.scdn.co/image/ab6761610000e5ebaf6868caa7ef16a13dbc7a9b
N.I.N.A,32NfHH4nSmu97Z4RQjPyET,https://i.scdn.co/image/ab6761610000e5ebc08554b93efbbb86662dd1a1
Crush,6aLdhHUqgdKE86xbtNmY8g,https://i.scdn.co/image/ab6761610000e5ebf5ef01e430d31a4b0680126f
Pablito Pesadilla,41vcoPejPG3vv8emJ2R5Ox,https://i.scdn.co/image/ab6761610000e5eb03aa00acce0e1cd6e4e7d0b8
Nickoog Clk,6rHwFb0YjWexAYxTjm4eIj,https://i.scdn.co/image/ab6761610000e5ebf821051bf7c2f6db50e2caef
Fran C,5NenY2Jl9wwLRxf86go4Y8,https://i.scdn.co/image/ab6761610000e5eb4bf00536580a928e4c6d6d0d
Aitch,2PJEagPIxaBugeMjIyKVXF,https://i.scdn.co/image/ab6761610000e5ebf46b55a10142dacddefe3805
Grupo Frontera,6XkjpgcEsYab502Vr1bBeW,https://i.scdn.co/image/ab6761610000e5eb3f244d61f287932d5c958fea
Rosa Walton,1X0HaTcdkHW7LviblBiEeq,https://i.scdn.co/image/ab6761610000e5ebc0c038e8fe31ae46ed87d6e7
Hallie Coggins,5JNkPX6dYGLeEm4cUjHNGc,
Dedublüman,5PRW6j58xEEWL4DDVEITKT,https://i.scdn.co/image/ab6761610000e5eb01c788a11415f322aa46e1b9
Mavzer Tabancas,7vyG44Uv5jGIwwm2Ha0nE0,https://i.scdn.co/image/ab6761610000e5ebe27525ec117a259476ce5d1c
Dina Rae,5jNmxPYz8QE5rYp4GDil8t,https://i.scdn.co/image/ab6761610000e5eb989960b3527fe8067ef3570b
Yohani,6hyCmqlpgEhkMKKr65sFgI,https://i.scdn.co/image/ab6761610000e5eb176a6e78fe056502c20e482d
Rashmi Virag,5r2baeTwcCJnuIsDIlxUJo,https://i.scdn.co/image/ab6761610000e5eb11a3723bd4533681e3a21e1a
Surya Ragunaathan,0GiAC4VvvYCypjRH6IiasK,https://i.scdn.co/image/ab6761610000e5eb28f1f90c902d6d8701ed4b70
Stars Music Chile,2NZD6Gqfk60GEcAAnJKVsR,https://i.scdn.co/image/ab6761610000e5ebd6aba60c6c806583f0928345
Standly,0rjms710nwQTdrQheXHJfz,https://i.scdn.co/image/ab6761610000e5eb2fd6b4f48dc91a4df4f70c63
Gustavo Mioto,1X6ORK7IekgmyjV6IFPszP,https://i.scdn.co/image/ab6761610000e5eba60fb34b3560e4644aebaf2a
Baby Rasta,0GgyFUpOyzWDRDqx8FCTDN,https://i.scdn.co/image/ab6761610000e5eb18f9c5cb23e65bd55af69f24
southstar,1GVuCyb4PlArufUZDUnRQi,https://i.scdn.co/image/ab6761610000e5eba90c0b99a1ce41ffd8eb930e
Kenshi Yonezu,1snhtMLeb2DYoMOcVbb8iB,https://i.scdn.co/image/ab6761610000e5eb9abf89574f39f5ed424b968c
Hotel Ugly,35WVTyRnKAoaGExqgktVyb,https://i.scdn.co/image/ab6761610000e5eb939033cc36c08ab68b33f760
Sickick,3NR7hAacOhmcztWvD7vJfS,https://i.scdn.co/image/ab6761610000e5eb19e07e65ecaabd859a69f1d6
Peter Fox,6rqlONGmPuP2wJVSfliLBI,https://i.scdn.co/image/ab6761610000e5eb62d32fecd906250a7353b36d
Inéz,6zBax4hSAI1BJYgwF61EP5,https://i.scdn.co/image/ab6761610000e5eb6999782ba648a8a8b1e92092
Tiago Doidão,6JyfXyzoX303xiXFwhT9Za,https://i.scdn.co/image/ab6761610000e5ebe0840f1715397d2e7c7976fc
Juliano Maderada,72DK3UxDm7IOR9jCwnZKEz,https://i.scdn.co/image/ab67616d0000b273418c60152291efdebd7f38f4
Rick James,0FrpdcVlJQqibaz5HfBUrL,https://i.scdn.co/image/e6c035ae9b2a8dd5cf6a3c5f4a0b274d5ff2a605
Screamin' Jay Hawkins,3VBpsrUi2vV7Uj87ONHu7Z,https://i.scdn.co/image/cb44c1af7fbecd7edb2530787bb8086ea0fc8228
ThxSoMch,4MvZhE1iuzttcoyepkpfdF,https://i.scdn.co/image/ab6761610000e5eba5c58d9cdf92d0f1ecd7d6e9
paopao,5AS4y4rlmbUYDCdg35qmI9,https://i.scdn.co/image/ab6761610000e5ebc4c11033bb3b8345844fe52b
YOVNGCHIMI,4aSlfXDn9R60UlbZEboBUy,https://i.scdn.co/image/ab6761610000e5eb91953ff5e13763598d52866c
TWISTED,1rPf3UFQ9PzH7MafzfHTnG,https://i.scdn.co/image/ab6761610000e5eb27bb2f0aa1424c5291b35c3d
Aerosmith,7Ey4PD4MYsKc5I2dolUwbH,https://i.scdn.co/image/ab6761610000e5ebc5733401b4689b2064458e7d
Isabel LaRosa,5arKwJZEvT5uKq4o0JfqR4,https://i.scdn.co/image/ab6761610000e5ebee0efa7ba46679b682c826eb
Yuridia,5B8ApeENp4bE4EE3LI8jK2,https://i.scdn.co/image/ab6761610000e5eb536bd31ff8011be5430502cd
MC MENOR HR,33yjk1kQbu7otNngO5pQb8,https://i.scdn.co/image/ab6761610000e5eb4d70971cf87065ea1af55c93
MC MENOR SG,3hXocXy7cs7SZ1JLZUgKBp,https://i.scdn.co/image/ab6761610000e5eb0192d6d4e088b454c03e718b
DJ ESCOBAR,65tpb4BwAnD3HOUs8MC6TB,https://i.scdn.co/image/ab6761610000e5eb205d6c2a3aaa96804a761fb4
James Carter,5344K3N7rx7kw1HjO8psuq,https://i.scdn.co/image/ab6761610000e5eb7a22fcf43510ee1699ab5d45
FAST BOY,56Qz2XwGj7FxnNKrfkWjnb,https://i.scdn.co/image/ab6761610000e5eb744c754a0380838b7f4d2ce7
Foudeqush,0XFgM33h3Ls5tj1M9IKUWd,https://i.scdn.co/image/ab6761610000e5ebeea2c8bdfa00a3fd7f84ed25
Ludwig Göransson,24eDfi2MSYo3A87hCcgpIL,https://i.scdn.co/image/e7a97b420e09f4f125cd3e14fca5e7ea174e74e0
Freddie Dredd,0dlDsD7y6ccmDm8tuWCU6F,https://i.scdn.co/image/ab6761610000e5eb043681a0d16ab5885a68d0e9
King,5NHm4TU5Twz7owibYxJfFU,https://i.scdn.co/image/ab6761610000e5eb6e3b7b0ad5cbfdfc7435df51
FIFA Sound,5C01hDqpEmrmDfUhX9YWsH,https://i.scdn.co/image/ab6761610000e5ebe756a8b666e63d90abf174c8
Bellakath,4yjm4SvYqC5FFuLbB6TyHr,https://i.scdn.co/image/ab6761610000e5eb16fbedc9513ef989a5422da6
New West,69bG9tC62d8oTFC9aTTosn,https://i.scdn.co/image/ab6761610000e5eb32a5faa77c82348cf5d13590
INTERWORLD,5hKGLu4Ik88FzWcTPhWNTN,https://i.scdn.co/image/ab6761610000e5eb9f46ffbd5965c01ee7bac758
Mustafa,1zkKkDDra0jlsiJYz57P3P,https://i.scdn.co/image/ab6761610000e5ebb4408d52d7d14755dfab62fd
Mert Demir,1Zj4GtouAnxHq4qw7ooLfm,https://i.scdn.co/image/ab6761610000e5ebc882c9dc7229618f8bb94509
Mabel Matiz,1dpqJqIuNqideTvmxBsSku,https://i.scdn.co/image/ab6761610000e5eb18f16c7e0df89ff5627f0797
Dj LK da Escócia,6WIjKbyqeO9MkfNMFJsF50,https://i.scdn.co/image/ab6761610000e5eb4e3b75f6428ce79b5d12f367
Tchakabum,7iJl63aJyNd8C6NZlMv6kp,https://i.scdn.co/image/ab6761610000e5eb6c941f3f4d888811741596a9
Mc RF,7rnLNmWx3ibYo5uQcghVgQ,https://i.scdn.co/image/ab67616d0000b273548ca1dfec2f78f3ebfb4a2a
Ol' Dirty Bastard,50NoVNy9GU1lCrDV8iGpyu,https://i.scdn.co/image/cdcf0ecd5b041452681badedca98f7d3b8494c52
Youjeen,4wVcCedmr7FHtUlFnIeJIG,https://i.scdn.co/image/ab67616d0000b273006a347ff2700caa3e757c0a
La Mosca,60nua3AsVSfADZtg5Hdz3W,https://i.scdn.co/image/ab6761610000e5eb8e68c46c331c2eb026c13460
Sarah Connor,7e52Ytzjj1q71DUj2cSlch,https://i.scdn.co/image/ab6761610000e5ebeb2b6f0e079ac1116e545ebf
Gayla Peevey,1suIIDedjFJRuu8k7b55hZ,https://i.scdn.co/image/ab6761610000e5eb9ff29aa334268318a78e3c36
Naeleck,2DYDFBqoaBP2i9XrTGpOgF,https://i.scdn.co/image/ab6761610000e5ebb6b8aff1c533e9873b17e312
Sarah Rebecca,58obmxGKVKCenZAkACSMgJ,https://i.scdn.co/image/ab6761610000e5eb9b41f4eaa0eb1768d0bc7e0c
Thurl Ravenscroft,5LCQTpuQCzKjfv233UFQnb,
Boris Karloff,35uPgDW1J4hq6tqQ0LJcot,https://i.scdn.co/image/ab67616d0000b27379157283898948a867d98344
Luan Pereira,5kVgcCdPbeUwxBqWxi2Ktl,https://i.scdn.co/image/ab6761610000e5eb121da419911d33812cfd481e
Vishal-Shekhar,6Mv8GjQa7LKUGCAqa9qqdb,https://i.scdn.co/image/ab6761610000e5eb90b6c3d093f9b02aad628eaf
Shilpa Rao,19LIHDDSHBD5NyYHI3gpzB,https://i.scdn.co/image/ab6761610000e5ebada368118a052fb40d3f1a68
Caralisa Monteiro,2Yf4MRVpt0rcAd5y5h5ph1,https://i.scdn.co/image/ab6761610000e5ebf43a8d87d4810aa05739b2ef
Vishal Dadlani,6CXEwIaXYfVJ84biCxqc9k,https://i.scdn.co/image/ab6761610000e5eb76328e37a2c1280ab9adb90c
Shekhar Ravjiani,4xd7mLI7urqrxELaXhAvzw,https://i.scdn.co/image/ab6761610000e5eb7c486963e61a84efdbdfb1f5
Kumaar,0m3D4grap8VFSzbJMqgNVk,https://i.scdn.co/image/ab6761610000e5eb16fed6a4df005be8a121761a
Fuerza Regida,0ys2OFYzWYB5hRDLCsBqxt,https://i.scdn.co/image/ab6761610000e5eb7e2545f678354fc859de15f1
MC K.K,6TtI28JVtV3RufOCwLvHod,https://i.scdn.co/image/ab6761610000e5eb28014a77a08c2d2a27a57ebd
Dj TG Beats,6Eni0bpQP6Z3G2CIN7VJRh,https://i.scdn.co/image/ab6761610000e5eb82613820929ed0dbf03e1a0d
Dj Aurélio,2aBp5B1hhPlvVWbocbfA6x,https://i.scdn.co/image/ab6761610000e5ebafd6755f2fe5506a7323b646
MC Lipivox,03R5vvmqjPsxS7Y5be6IAY,https://i.scdn.co/image/ab6761610000e5ebc27b31bb5293a6a2ee847a13
Colby O'Donis,7fObcBw9VM3x7ntWKCYl0z,https://i.scdn.co/image/ab6761610000e5eb2c44e078944196a8c1eec256
Gala,3OqTvcWgb0xaainosGVvuZ,https://i.scdn.co/image/ab6761610000e5ebfe64161bc38e2b90b68907ce
Kadu Martins,57VQCKnZ9nhS7bvoviXuZK,https://i.scdn.co/image/ab6761610000e5ebb2209ae308385bb11b3f0373
Felipe e Rodrigo,7gZu6kPnY9enEi5FvgTO4F,https://i.scdn.co/image/ab6761610000e5eb7388201e3a8de759a40bb5ac
Fred again..,4oLeXFyACqeem2VImYeBFe,https://i.scdn.co/image/ab6761610000e5eb04a3b69e7f2bf27020773d8c
Flowdan,07CimrZi5vs9iEao47TNQ4,https://i.scdn.co/image/ab6761610000e5eb7a9a29bdf06006aa3686c323
Natanael Cano,0elWFr7TW8piilVRYJUe4P,https://i.scdn.co/image/ab6761610000e5eb7e2078873c8ccd9f968de1cf
Gabito Ballesteros,6Sbl0NT50roqWvy746MfVf,https://i.scdn.co/image/ab6761610000e5eb7f09c9c912a14580f87a2ea8
Cian Ducrot,49jTY62Cpw3RYo4dLuG43W,https://i.scdn.co/image/ab6761610000e5eb7e82044b26ff2b8be605a4ea
AYLIVA,2rEVnwCPBeGkWMv425KoG1,https://i.scdn.co/image/ab6761610000e5eb996830f67fa1ae09c3b5edab
Saint Levant,5ZZsFnpO7frU8h5xH1wtjT,https://i.scdn.co/image/ab6761610000e5eb247c4a7f93d0e38af64f94d0
Mac DeMarco,3Sz7ZnJQBIHsXLUSo0OQtM,https://i.scdn.co/image/ab6761610000e5ebc9aca5b6d4c528caf75e8a1d
Libianca,7kjSuFGKhLm8b5qXoMhRkJ,https://i.scdn.co/image/ab6761610000e5eb89094b9ebfac2a425c2a810b
LonelyEve,1PVih0Ygfa7Kk2Y2jrf1kZ,https://i.scdn.co/image/ab6761610000e5ebf096e0a4cdf412b833dc7bb6
Edgardo Nuñez,0mA4dkNGiN4fqTBi2SLlAv,https://i.scdn.co/image/ab6761610000e5eb888a342f7c615d953f0e2574
TAEYANG,6udveWUgX4vu75FF0DTrXV,https://i.scdn.co/image/ab6761610000e5eb496189630cd3cb0c7b593fee
ANNA,7K80yOTC0Id95gRaOxDG5u,https://i.scdn.co/image/ab6761610000e5eb6cbf5f96f5dc45584cdae566
Original Koffee,1gWjcmBsveEYMxOZ0VRi32,https://i.scdn.co/image/ab6761610000e5ebcd0a7077824ca67fe4ce2850
Oscar Maydon,3l9G1G9MxH6DaRhwLklaf5,https://i.scdn.co/image/ab6761610000e5eb936deecbbbefc896b47c287f
DJ Jeeh FDC,5lal0BjsooQ7ON4t7B73bp,https://i.scdn.co/image/ab6761610000e5eb68beb7dfcfbdd4c60da168cd
MC Menor MT,4EMRE0wdcc2xjv1PCmTqUU,https://i.scdn.co/image/ab6761610000e5eb07db2fd19abc95c56ac94d17
Yuri Redicopa,0pVJXCGsBydS7rq0R4w4hm,https://i.scdn.co/image/ab6761610000e5eb3d4140a364dd6c2dc1f95363
Mc Pelé,5kfgervAs5bJUOC0vbYB12,https://i.scdn.co/image/ab6761610000e5eb1ffab4f33ddbef79b05d5d5e
Coi Leray,6AMd49uBDJfhf30Ak2QR5s,https://i.scdn.co/image/ab6761610000e5eb0a97a385fa987c53d232184b
Udo Lindenberg,7iWcRnQMinCoV2u5ICgsW0,https://i.scdn.co/image/ab6761610000e5ebc5d08d736b9b3872656e231e
Tom Morello,74NBPbyyftqJ4SpDZ4c1Ed,https://i.scdn.co/image/ab6761610000e5eba824aca6e278acca89bc406b
La Joaqui,60XHOAhvEBiV6BGBOv8ClM,https://i.scdn.co/image/ab6761610000e5ebb97e28d4bd2e5c82d460a768
La Maquinaria Norteña,7uGhSk7fVURjDaiXW1FSbL,https://i.scdn.co/image/ab6761610000e5ebd147806b32f8badce8a05b66
Baby Tate,3IJ21966TwNZI24MwZHMu4,https://i.scdn.co/image/ab6761610000e5ebe7b0d119183e74ec390d7aec
Sukriti Kakar,3FgHkfb3IqG4WKuVe1xCXM,https://i.scdn.co/image/ab6761610000e5ebaafca76e1827224f54746dc1
LiL CaKe,0niAkxgT6y57bRbT0Ge94z,https://i.scdn.co/image/ab6761610000e5eb2d5bfd742c2d6349dee725b7
Nico Valdi,0uxYECT7XqHNccQAg5Uhe4,https://i.scdn.co/image/ab6761610000e5ebeacfa5ca03538a5789f66be2
Tony Aguirre,6twEaJ9RPRYiCmWapjG8xh,https://i.scdn.co/image/ab6761610000e5eb6b5d33b89e8239a63fae5aa5
El Padrinito Toys,04mzq9GH08zOBRdV2gzmXm,https://i.scdn.co/image/ab6761610000e5eb60e34117e14444b41bb9e701
Léo Santana,7KVJCU4z5L4EUHILL8aMxR,https://i.scdn.co/image/ab6761610000e5ebff51ffc15bc83358677d551a
El Chachito,6OP8Y0UsezppFkU1hZU6EJ,https://i.scdn.co/image/ab67616d0000b27354c372ef8e7b53bb3c932ac5
Kaifi Khalil,1n9EM0Y4A89vuRiA93gSS9,https://i.scdn.co/image/ab6761610000e5eb8b3d777345ecd2f25f408586
Ice Spice,3LZZPxNDGDFVSIPqf4JuEf,https://i.scdn.co/image/ab6761610000e5eb99878733414d6d04a20a5c3e
Mahalini,3wOsYKZM0zcKNasi3I7fP4,https://i.scdn.co/image/ab6761610000e5eb1264a169b9cdf4acaeab5e8f
Ayra Starr,3ZpEKRjHaHANcpk10u6Ntq,https://i.scdn.co/image/ab6761610000e5ebc78ac932c7498e12e742bfc1
Marco Mengoni,3xGlLcG9CUrs5MvFkSLOS5,https://i.scdn.co/image/ab6761610000e5eb1f23031108d0aebba90a428a
Mr.Rain,59MLbXG0jLVwJup3KAd6m1,https://i.scdn.co/image/ab6761610000e5eb29c68c6ccc59cfbaa012221f
Yng Lvcas,1NNRWkhwmcXRimFYSBpB1y,https://i.scdn.co/image/ab6761610000e5eb5364aca9eeae7edfc94c4405
Mc Tato,7lc98VPDdogFv3eLfCX7sq,https://i.scdn.co/image/ab6761610000e5ebfa5f5eb87febb9458efbb4de
DJ Ak beats,685uhJgfQlrMNuarOzgyea,https://i.scdn.co/image/ab6761610000e5eb793c9a4105e1515cf6570914
ogu,0PSLP8C3n2b0pFYGjURLcm,https://i.scdn.co/image/ab6761610000e5eb66e5c4ac64279a61cf9bc197
Chino Pacas,2rmkQLzj0k4nZdQehOUByO,https://i.scdn.co/image/ab6761610000e5eb52f3df55b54da325acb93e84
sped up nightcore,0M2CO5ijP35MDhNwvpgxTV,https://i.scdn.co/image/ab6761610000e5ebbf73929f8c684fed7af7e767
ARIZONATEARS,2xzyIzdjfeXX6FIQtlAAyw,https://i.scdn.co/image/ab6761610000e5eb7a1f987819887e8404272ba7
Lizzy McAlpine,1GmsPCcpKgF9OhlNXjOsbS,https://i.scdn.co/image/ab6761610000e5eb047494355f49310b5b7e5f2b
Mae Stephens,311uEW9rt5g2NmzjGEKS2E,https://i.scdn.co/image/ab6761610000e5eb4b19040d639a7320fe58df89
AgroPlay,0uGWkZRPp1Urk77XBrPBsZ,https://i.scdn.co/image/ab6761610000e5ebcb5b67f9f64247d577b9da60
HITMAKER,0Otd1ReHJtVAzwAuRj09Zg,https://i.scdn.co/image/ab6761610000e5eb9a3a5ec8a48b0f98a5def430
MC Xenon,5vcMPVDXTLhJ4UpOZKXZtg,https://i.scdn.co/image/ab6761610000e5eb41227b3c3490f1de84ed2a41
Os Gemeos da Putaria,5ZEpz4ei1jHqvA4EHUeKqs,https://i.scdn.co/image/ab6761610000e5ebfa9be4bbc69e02d87bc948f8
Raim Laode,5LcNPa8f8bRmZqELgoRFkN,https://i.scdn.co/image/ab6761610000e5ebc97ccd38c2bfa905e32cad0a
Superstar Pride,3FBEsNyIwRnOHOf1Rv3SLa,https://i.scdn.co/image/ab67616d0000b2733e395100a75e7e99175fb8e2
Carla Morrison,0XK6kT7xcZAlcYrNjOgzJe,https://i.scdn.co/image/ab6761610000e5eb13022e44760fe2175dc11a0f
Angel Dior,5qPRgWcEOGRzoIST0sHAiI,https://i.scdn.co/image/ab6761610000e5eb048d091b1aa38dc1e0f91bb3
Milo j,19HM5j0ULGSmEoRcrSe5x3,https://i.scdn.co/image/ab6761610000e5eb5b2ed98931971ce81f0f22e7
Eric Church,2IvkS5MXK0vPGnwyJsrEyV,https://i.scdn.co/image/ab6761610000e5eb9d21d0550d0281cb03de2d1a
HARDY,5QNm7E7RU2m64l6Gliu8Oy,https://i.scdn.co/image/ab6761610000e5eb5d7615e55d9b689a5092b9b8
Kenia OS,31VFEohvhOUKrtAONEBhMG,https://i.scdn.co/image/ab6761610000e5ebdcb3728154b37101ca529ad7
Cartel De Santa,07PdYoE4jVRF6Ut40GgVSP,https://i.scdn.co/image/ab6761610000e5eb72d02b5f21c6364c3d1928d7
La Kelly,4yEIQ0lJDgUEfsuYx3Gsmr,
Brandi Carlile,2sG4zTOLvjKG1PSoOyf5Ej,https://i.scdn.co/image/ab6761610000e5ebd06d316705f62c59ba7d7fe3
Big One,2OhUNb01gLwygOizYvTm0e,https://i.scdn.co/image/ab6761610000e5eb4e01464fb90eb6c3a9324358
Callejero Fino,6GRwwWAtmusrgAL5JF9Dfr,https://i.scdn.co/image/ab6761610000e5ebd243d1fff6459bbe0b7d3892
Young Miko,3qsKSpcV3ncke3hw52JSMB,https://i.scdn.co/image/ab6761610000e5eb17b6dc4231e9e0292d8dc5d8
Loreen,49aaHxvAJ0tCh0F15OnwIl,https://i.scdn.co/image/ab6761610000e5eb41763765387d46c3e127de37
TV Girl,0Y6dVaC9DZtPNH4591M42W,https://i.scdn.co/image/ab6761610000e5ebd80695211689a9c8c3fee3b0
FIFTY FIFTY,4GJ6xDCF5jaUqD6avOuQT6,https://i.scdn.co/image/ab6761610000e5ebf5b576e445d9bb5862084db2
So!YoON!,7H5EC2qaylGun66YeRrVHg,https://i.scdn.co/image/ab6761610000e5eb9c5731995a04af6e4cf5d746
Joy Williams,4TCXgdDPm10ensLNCVnIYa,https://i.scdn.co/image/ab6761610000e5eb48863119e11161e5c448e5a8
John Paul White,1yDI9pWnlrJmi9kZn3gkCb,https://i.scdn.co/image/ab6761610000e5eb149e9c724c2a112fae9f87e5
Roar,7dIpKWlEeAljA20vFJ82RD,https://i.scdn.co/image/ab6761610000e5ebeb7ac1ee8617118396fa8ec6
Igow,3Uees4yarZxpOrkxJsU8jA,https://i.scdn.co/image/ab6761610000e5ebbb2aaea3e53eed2f9cb65c11
Jon Batiste,0eRbECAGCLLiTyVXPBRexU,https://i.scdn.co/image/ab6761610000e5eb47fa35f0e0cd3c6687a67be9
SYML,6AyATGg7mDgBlZ4N5uNog0,https://i.scdn.co/image/ab6761610000e5eb1a9824a587cc162d8b98fa6f
KAI,6iVo62B0bdTknRcrktCmak,https://i.scdn.co/image/ab6761610000e5ebf58d1dda95d21ff6c0c8354f
JISOO,6UZ0ba50XreR4TM8u322gs,https://i.scdn.co/image/ab6761610000e5eb9e33dd3ae51452774a133e1f
Adriano Rhod,1rzgK16tw9LTPmu6eMFyMF,https://i.scdn.co/image/ab6761610000e5ebc25832a481b3f73cb3317014
Kanii,1S82w4yw9TYIHZ889mPPaW,https://i.scdn.co/image/ab6761610000e5eb3433b1680e6ca6a2c407fffa
PR1ISVX,0QdSoQy4EwwOACmhZobTQu,https://i.scdn.co/image/ab67616d0000b2734f1cd879d3f00601b9e6bf25
FMK,0dUyjgCyjfj5eMx6bX2TWf,https://i.scdn.co/image/ab6761610000e5eb57a061ab985d2e0ca9887b9f
Ke Personajes,06Q5VlSAku57lFzyME3HrM,https://i.scdn.co/image/ab6761610000e5eb9c402bedf5a5387477b9d804
Jack Black,0qpMYTgbXRi1ZcX6vend3T,https://i.scdn.co/image/ab6761610000e5eb347480275d867bdc3a32e5ae
Lola Indigo,3bvfu2KAve4lPHrhEFDZna,https://i.scdn.co/image/ab6761610000e5eb353b0a0a9e686acbd382e1ea
KayBlack,2h5Ha0ZiMFmOQD3iYcSXsy,https://i.scdn.co/image/ab6761610000e5ebef32e87ed774c9b8ea896ee9
Baco Exu do Blues,5akTJ4daDNwrs95KlgQgY5,https://i.scdn.co/image/ab67616d0000b273167c4f8605353a084d574b05
Marquinho no Beat,3eLR6eOKqqNDtHTbABNkn1,https://i.scdn.co/image/ab67616d0000b273167c4f8605353a084d574b05
YOASOBI,64tJ2EAv1R6UaZqc4iOCyj,https://i.scdn.co/image/ab6761610000e5ebbfdd8a29d0c6bc6950055234
Ryuichi Sakamoto,1tcgfoMTT1szjUeaikxRjA,https://i.scdn.co/image/ab6761610000e5eb323c73cb431edf7ba9ed34b2
WOOSUNG,5LHu1iF8m0XtRBEJbbwSoo,https://i.scdn.co/image/ab6761610000e5eb6030f28e5236ab125c73e255
Simone Mendes,2eK9gcJQ6uqVvJL63dnOM3,https://i.scdn.co/image/ab6761610000e5eb7eb2d0df98dceec52f9d27c9
BM,5TP8Ubo4jLKEi4Mw2O8fAk,https://i.scdn.co/image/ab6761610000e5ebd3314640803c461f7d12df89
Jasiel Nuñez,0T8Ix53aIN4F7aEKj4EnKy,https://i.scdn.co/image/ab6761610000e5eb2c6901f95e226dd63023cce2
SAIKO,2O8vbr4RYPpk6MRA4fio7u,https://i.scdn.co/image/ab6761610000e5ebd3ac55d0cfd372835c182d33
Master CC,0hLvG56rSXh785IbjYpuRQ,https://i.scdn.co/image/ab6761610000e5ebc3e72661a495b814a00fb20b
sped up 8282,1c0ChJZVluriMPwFrTAmly,https://i.scdn.co/image/ab67616d0000b273fca8840e22b60dbc9dd68436
Anggi Marito,1JvbNeV9zG9Sew1JyaWsyx,https://i.scdn.co/image/ab6761610000e5eb0d864b39b543256b2f83a515
Colde,3VQDqjQ4wJyw8PzpGdlZpB,https://i.scdn.co/image/ab6761610000e5eb0d70006fb7127e182921ecd7
Byron Bahamonde,1KPfaymzGJ7QvhIUEdsBmg,
Radiohead,4Z8W4fKeB5YxbusRsdQVPb,https://i.scdn.co/image/ab6761610000e5eba03696716c9ee605006047fd
Kaliii,1YRqgFNXqRyMDRr8ClS1NL,https://i.scdn.co/image/ab6761610000e5ebc6f833a8dfefc0911c2600c6
Lil Mabu,6FAo7ORAHEzSSf5q10LLfN,https://i.scdn.co/image/ab6761610000e5eb688df1414aad6e7aba7eb6da
Käärijä,6LkMGN0t3HDNL8hIvma70r,https://i.scdn.co/image/ab6761610000e5eb0e79fce4d0dde4b37c14028e
Alessandra,35HMF6Y8dSzNfeJs3X65fw,https://i.scdn.co/image/ab6761610000e5eb9352865547a5d232279583f1
Noa Kirel,1wak0ZG1LUrZPYx8RDTQoD,https://i.scdn.co/image/ab6761610000e5eb9dd7050734c095a59bc87e1e
Fast & Furious: The Fast Saga,1lpOgw56wZLDa8gaP6bSIs,https://i.scdn.co/image/ab6761610000e5ebfd03eb88b9979b4a019bd9b6
MC Caverinha,7tojcuXcZ7eBlQjbAc65Ee,https://i.scdn.co/image/ab6761610000e5ebf17163fb570eda29eb61f9b0
Wall Hein,5wEgjH2s4SAiffRmzkBqHB,https://i.scdn.co/image/ab6761610000e5eb6d1a3a0108207dbd8058c1f6
Veigh,4YqwRbMLqGHRHLS1w2ZKse,https://i.scdn.co/image/ab6761610000e5eb5c1ee71a2e01d200a8f4f75b
Bvga Beatz,7saGN6a32YNpiMPo2SWJxE,https://i.scdn.co/image/ab6761610000e5eb6ed4c0d30fcf8156e9c7e579
Prod Malax,5X5jKBLJ88Ji6tzwfL0g4c,https://i.scdn.co/image/ab6761610000e5eb9d4b49296cbcb811db5e7e5b
Supernova Ent,3prRKGJz16RRMRSIM97nHw,https://i.scdn.co/image/ab6761610000e5eb836cf31bc0ee1484a377e4de
Eros Ramazzotti,61J0BktHv7PuP3tjTPYXSX,https://i.scdn.co/image/ab6761610000e5eb47d0703203370f7a0730658f
Ski Aggu,6CP5wWvO8oIxedESJNCN4H,https://i.scdn.co/image/ab6761610000e5eb82cf6fe20208acd3f5315374
Joost,6s5ubAp65wXoTZefE01RNR,https://i.scdn.co/image/ab6761610000e5ebd6eaece08e3ac08597b3d5a2
Otto Waalkes,1T6DQ853AlyL47W8a2jC0f,https://i.scdn.co/image/ab6761610000e5ebecffa816dec7a898598ffc2c
Sachin-Jigar,1mBydYMVBECdDmMfE2sEUO,https://i.scdn.co/image/ab6761610000e5ebb69f6182a27407318b632a5f
Plan B,2jSGzJw0ebJLu7OLVSOcBP,https://i.scdn.co/image/eb21793908d1eabe0fba02659bdff4e4a4b3724a
Roisee,5pCGvSxNNUcddlRrG0wsrY,https://i.scdn.co/image/ab6761610000e5ebd13b68c0cfb4096ecdf9d595
Tiger JK,11S00dFcvNvJahis8MTGMD,https://i.scdn.co/image/ab6761610000e5ebc2ff344b11b26b977b2c40de
Toian,5sBdzqT2jx5jacEUcBn6X1,https://i.scdn.co/image/ab6761610000e5eb2d64d1654df72f00830e9113
Riar Saab,34gAaWeYZoRER7MY3KBy1Q,https://i.scdn.co/image/ab6761610000e5eb308f632777daf1706e331e82
Abhijay Sharma,3x1jBMHHrDUQbtRrvV78h2,https://i.scdn.co/image/ab6761610000e5ebf6ed65e5d3a2757fd74bcff9
Riad Mostan,4VdulkBQfNtA4VtPjpImaS,https://i.scdn.co/image/ab6761610000e5ebd438bd5a65d4de2c7b5fbdbd
Semicenk,1CcZoULzFHa8Uhwo6OlQcp,https://i.scdn.co/image/ab6761610000e5eb4f7f5c04098374eefedfc864
Doğu Swag,0uHvlWnhRpaomF4e9IZHLy,https://i.scdn.co/image/ab6761610000e5ebd1b42751a3b77f4e256c9d2b
TINI,7f57bgAVIYPXI6ykF3BSqa,https://i.scdn.co/image/ab67616d0000b2735d78fa55507610429ba13cb6
Varun Jain,4gzrZDyL5gYiROkv27pYKx,https://i.scdn.co/image/ab6761610000e5ebd629ae1298b7930b4bb02749
Shadab Faridi,6WixbETKEXH0xBf0OB9kRB,https://i.scdn.co/image/ab6761610000e5eb1e148863765f974d5bb8c684
Altamash Faridi,38IHJBGBuaYXHEkIQd4DtF,https://i.scdn.co/image/ab67616d0000b273130330c03519a50ed76ad3f6
Doechii,4E2rKHVDssGJm2SCDOMMJB,https://i.scdn.co/image/ab6761610000e5ebca2fee52c41d3f58ceb6474b
Jain,2HHmvvSQ44ePDH7IKVzgK0,https://i.scdn.co/image/ab6761610000e5eb887264fafa6634019ce9bd11
Noah Kahan,2RQXRUsr4IW1f3mKyKsy4B,https://i.scdn.co/image/ab6761610000e5eb8c52b10e110f62fe45761590
Tito Double P,5eumcnUkdmGvkvcsx1WFNG,https://i.scdn.co/image/ab6761610000e5eb42aaf132132313182dcf7271
Joel De La P,4qDRNT8ldCfCjSp9lBzYC5,https://i.scdn.co/image/ab6761610000e5eba1338a0c03a2b8d6c9fa52bd
Peggy Gou,2mLA48B366zkELXYx7hcDN,https://i.scdn.co/image/ab6761610000e5ebffbd43b1e54eb09a8c824f53
Aqua,6kBjAFKyd0he7LiA5GQ3Gz,https://i.scdn.co/image/ab6761610000e5eb54cd560d17307a51f3dc278a
Los Dareyes De La Sierra,1ZMJSCQw8DIefcLb1FIpY0,https://i.scdn.co/image/ab6761610000e5eb2f12484d0df56ce7d4ca85d4
Lily-Rose Depp,1pBLC0qVRTB5zVMuteQ9jJ,https://i.scdn.co/image/ab6761610000e5ebc2fb4b8e035fbdad27da865f
Lyrical Lemonade,3VrGfWE8YdYMK4ySpnE0ly,https://i.scdn.co/image/ab6761610000e5eb2096d21b128a5cc9c0228485
Shubh,5r3wPya2PpeTTsXsGhQU8O,https://i.scdn.co/image/ab6761610000e5eb4490e20daec093c04ede38c6
S3BZS,6zFMFB1JvNHkHvCSudF4id,https://i.scdn.co/image/ab6761610000e5ebfcaea112e31331a6fa19dfdc
Omar Courtz,3E12tRURRvPfHz0hAMCFYc,https://i.scdn.co/image/ab6761610000e5eb461144511a619789aea8f69a
Arca,4SQdUpG4f7UbkJG3cJ2Iyj,https://i.scdn.co/image/ab6761610000e5ebf10c9c6d4832c6f7d1d41f12
Tito Torbellino Jr,0dXXFVCw0LKzmHFrTLUaQJ,https://i.scdn.co/image/ab6761610000e5eb2f914c9d12ab2f4412824630
Dan Sanchez,1yPvnL2XGGehNiOGWzcAAG,https://i.scdn.co/image/ab6761610000e5eb67a4aec2c88e24075642973d
Snow Strippers,6TsAG8Ve1icEC8ydeHm3C8,https://i.scdn.co/image/ab6761610000e5eb2949c67f381d533010389d6a
HERNAN TREJO,2JW58Zzu11HCWLaMou9UGD,https://i.scdn.co/image/ab6761610000e5eb4728e20ebdf3a276fcc3ddd5
Dyamante DJ,3i7Bn2SoEkRVEGkdz9o6Yu,https://i.scdn.co/image/ab6761610000e5ebd4be9ae51fe216dfc87a7a3b
Emir Can İğrek,4XP7cGw4t8BqZ8Du5q3bHg,https://i.scdn.co/image/ab6761610000e5ebe6712d67cbf8a315f9c9100e
DIVINE,4Ai0pGz6GhQavjzaRhPTvz,https://i.scdn.co/image/ab6761610000e5ebe4bae1cd1803402a906b61ba
Darshan Raval,2GoeZ0qOTt6kjsWW4eA6LS,https://i.scdn.co/image/ab6761610000e5eba80a803733f6a070e8f873fb
Mc Menor Do Alvorada,0ivrHNM8urVaCkgRX8rtKH,https://i.scdn.co/image/ab6761610000e5eb569cfc26f68582d0c1c1b96e
Latto,3MdXrJWsbVzdn6fe5JYkSQ,https://i.scdn.co/image/ab6761610000e5eba11b0b5c37498f5dddb1bd7b
SOG,18dspUI6gqabm5XCC2RcUD,https://i.scdn.co/image/ab6761610000e5eb8da4e4b48177d134102f45f7
ZECCA,2Yia9CwtgcrsN5kVOQ0qRA,https://i.scdn.co/image/ab6761610000e5ebe931d000e98a9be6d06b4b15
Jason Aldean,3FfvYsEGaIb52QPXhg4DcH,https://i.scdn.co/image/ab6761610000e5eb70d22778295f215b94941a21
MC PH,4PLdCloYxu2bMKfuuB9lI5,https://i.scdn.co/image/ab6761610000e5eb0aac258a91dadf7124237360
Pedro Lotto,23ot0eI6ByBW6LrlBfr2bm,https://i.scdn.co/image/ab6761610000e5ebf0599b31687c86751e834362
Fepache,5dLqjc2m428QbostsKrUYW,https://i.scdn.co/image/ab6761610000e5ebf887eb8b5761fb6d8303d562
Laufey,7gW0r5CkdEUMm42w9XpyZO,https://i.scdn.co/image/ab6761610000e5eb71eb8f92b86868400ed4e006
Sinéad O'Connor,4sD9znwiVFx9cgRPZ42aQ1,https://i.scdn.co/image/ab6761610000e5eba735ae0a6b7fc008350deba5
Aldo Ranks,0lsEtpjLWn4S7KBra82VG3,https://i.scdn.co/image/ab6761610000e5ebb4a6f546236c7b64c382c2f4
Rob49,1jBoSSrbz9n4ehQWA4cZgB,https://i.scdn.co/image/ab6761610000e5ebbd66bbd69d8f92fd5d2268ea
Westside Gunn,0ABk515kENDyATUdpCKVfW,https://i.scdn.co/image/ab6761610000e5eb10b517960f313575989c44c1
Dave Chappelle,504DdVupqJJUEkzmHzJEfs,https://i.scdn.co/image/ab6761610000e5eb342f9f48ebc8abd33c825d0f
Ghea Indrawari,3qL7BzwJOXq3EzAio36aLX,https://i.scdn.co/image/ab6761610000e5eb113d26ca81c6e3cdddd5a9ea
Dj Nk Da Serra,3DIMAAaWSlVl1YQ9nsQmUN,https://i.scdn.co/image/ab6761610000e5eb3b5dfa6af0193408fc4d60fc
Mc Magrinho,4JA9UvIYD3D5kL7utiGJMI,https://i.scdn.co/image/ab6761610000e5ebbd2716fbc24dcf472b6b5243
Bibi Babydoll,6R26kGib2ubbZJMh7kKVGV,https://i.scdn.co/image/ab6761610000e5ebc88eeba80bd0e3955b83c64c
Dj Brunin XM,6MSMZkBlZT4vhQmjO5Ynv3,https://i.scdn.co/image/ab6761610000e5eb3c3462892b4862e050e29208
KZA Produções,1rRhJIu1ufxCjbmMWon6ax,https://i.scdn.co/image/ab6761610000e5eb8986c5d9ff6f4ac74222e6c1
Grupo Menos É Mais,6vTqEFbTtTRJsuIpzZgjxi,https://i.scdn.co/image/ab6761610000e5eb7ffc3038ef5e67354ecdede1
Dwele,7u6LfVyYpEzMpHLL7jTyvU,https://i.scdn.co/image/aa89f602bf1630354e7e43a977492634e1f77814
Super Subu,6sXT8Cggm4tmoxhVjaUVs0,https://i.scdn.co/image/ab6761610000e5eb10043241028266ac3cbeb2c7
Dei V,2YRyPiW98bpkARAS4B3OQP,https://i.scdn.co/image/ab6761610000e5eb7cd55647cc34cb4dab77733b
Obongjayar,6l7R1jntPahGxwJt7Tky8h,https://i.scdn.co/image/ab6761610000e5eb4ab5fcccf89128dd98b0b815
Oliver Anthony Music,6IkfE2JyVoKwBZXvuytKX3,https://i.scdn.co/image/ab6761610000e5ebc98f2b2e51b8b42a525942e5
Dulquer Salmaan,3NHwwyb1coYa5cLyI72xSk,https://i.scdn.co/image/ab67616d0000b2734a60872ae145776164540a7f
cassö,5wCmhq5J2hPwL2r0eKurxn,https://i.scdn.co/image/ab6761610000e5eb195e7753312387df00a56c14
D-Block Europe,5VadK1havLhK1OpKYsXv9y,https://i.scdn.co/image/ab6761610000e5ebb136231528a99ff2de5d3a8d
Mc Mika,6exBFuevXZvHrbP3oKtfWe,https://i.scdn.co/image/ab6761610000e5eb0217f56e19d2587c5714f403
Ranveer Singh,0lMa3YTHqQnDDTBaxAV7LK,https://i.scdn.co/image/ab6761610000e5ebcd9d96bb4ef185350550889e
The War And Treaty,6HhV0jtMMK5HYnYgG0xgtz,https://i.scdn.co/image/ab6761610000e5ebaf3ed9c1b3255712f4a05d6d
Sierra Ferrell,3oVcF3VdpMuvMvLLyHPT4t,https://i.scdn.co/image/ab6761610000e5eb5194bc95cebcc1215919418e
ICON,0SSbTivuMrvdqgCt7ln6jD,https://i.scdn.co/image/ab6761610000e5eb64b4d54d4e1158da37822bb8
RaiNao,42LEQxfXLEuzdqorKBbUVN,https://i.scdn.co/image/ab6761610000e5eb0297054e5768f3daf3f9978a
Calle 24,6dLuQ5qXxIuWc5urxfIiZR,https://i.scdn.co/image/ab6761610000e5ebe6c8f1044568b6bf8c5f4669
Kenya Grace,7uMDnSZyUYNBPLhPMNuaM2,https://i.scdn.co/image/ab6761610000e5eb25bf11422d968a00ba2394f6
Alex Favela,5TcnuUD5MHBfd1cO4kweWD,https://i.scdn.co/image/ab6761610000e5ebcb69252ad685ff8edfc7212d
Joaquin Medina,6bpv92ES2Vcv2OKA3DAhgw,https://i.scdn.co/image/ab6761610000e5ebd70088779108a77f79d489c1
Jimmy Buffett,28AyklUmMECPwdfo8NEsV0,https://i.scdn.co/image/ab6761610000e5ebc51b2d9deea2b3cc8360828d
SAMUKA,3wGtjtHSh7D31VZV9wPupB,
Mc IG,2q9wk5fkeU2C9CgCKdh4AN,https://i.scdn.co/image/ab6761610000e5eb2ba3426df9fa313577ad8f92
Mc Luki,3I44LJGCaI0gSPPz3n16xn,https://i.scdn.co/image/ab6761610000e5ebb8c5c1371357c37f41a80127
Mc Kadu,21ELc2P2rA3Cu6xw3VWqvv,https://i.scdn.co/image/ab6761610000e5eb48ebde532789781918d43b8f
TrapLaudo,39QiJaZ1HzRcpY9xlMKCsF,https://i.scdn.co/image/ab6761610000e5eb9290f6cd225b34fb28c05841
MC GH do 7,5XUMgbLR3zyRPesnTQY31C,https://i.scdn.co/image/ab6761610000e5eb71e6fbbb09b28255dba80501
Mc Daniel,6YzSM19LzpLH0nVKKU6Jsy,https://i.scdn.co/image/ab6761610000e5ebe72febfface6a8b89115e1fd
BENNETT,1r43wW70tnGUauQYvY5w48,https://i.scdn.co/image/ab6761610000e5eb6d9ede40838c5bf297284282
Tyla,3SozjO3Lat463tQICI9LcE,https://i.scdn.co/image/ab6761610000e5eba1fca104a7abe5a7031b887d
iñigo quintero,0jbo7KFNMiIkfBR6ih0yhm,https://i.scdn.co/image/ab6761610000e5ebfbec33720c8a858640e543c6
SUICIDAL-IDOL,6KOszWgIriJLaPOySuBOTI,https://i.scdn.co/image/ab6761610000e5ebb4840df9de4684b5afe76e2b
Jere Klein,35oGZihZclGoTVuICPXRP9,https://i.scdn.co/image/ab6761610000e5ebfe4673aea376719dabadb46d
Gittobeatz,4rRwh9ghjocFABAwIwnunp,https://i.scdn.co/image/ab6761610000e5ebb8ca1ba00e4143c00d5f35a7
Sexyy Red,3DbwFQlvLxRSi2uX8mf81A,https://i.scdn.co/image/ab6761610000e5ebd341871daa2c688ea24dcf02
Dani Flow,1yX62RHdYysNcIrO33WQxJ,https://i.scdn.co/image/ab6761610000e5ebb33565c698a2041e21f588c1
juan karlos,0a4r2EnsevvHCukoJ1xFwJ,https://i.scdn.co/image/ab6761610000e5eb742c6debaddcf5e94cced1d1
AUR,2cjQTf2J5yCaNY8qHpW855,https://i.scdn.co/image/ab6761610000e5eb694f35fb14a1a3a7b5b13f13
LightSound,5I6QhIabOiR6FtNY3VtSKh,https://i.scdn.co/image/ab6761610000e5eb0f0dc4a561ad6704bd2d314c
Nadhif Basalamah,6UgERnTHmjk3qXM9x5vzyO,https://i.scdn.co/image/ab6761610000e5eb0893859c6541b0a6bc9aeec3
ZWE1HVNDXR,33rnQWadiG2aauIwIxPxfB,https://i.scdn.co/image/ab6761610000e5eb504625a246266424ac0265dd
yatashigang,2GBDI5PSiEnVoH0YnFFRLx,https://i.scdn.co/image/ab6761610000e5eb85cb4e0c5c87f97ab6c70757
Código FN,4A4qYy2jK9DDN1OHV0nLkH,https://i.scdn.co/image/ab6761610000e5eb72163351071d2650f5bcd80e
HEARTSTEEL,4lY2DXvRv9RPeFcUtn6PUh,https://i.scdn.co/image/ab6761610000e5ebd82b76c970051cb1f5f04be2
BAEKHYUN,4ufh0WuMZh6y4Dmdnklvdl,https://i.scdn.co/image/ab6761610000e5ebb39107b0762eb4ce5218c823
tobi lou,4T8NIfZmVY6TJFqVzN6X49,https://i.scdn.co/image/ab6761610000e5eb3f8eb73c7178d0f3b47cd9d8
ØZI,7Icsejk4pdIhkq2KO5A0jD,https://i.scdn.co/image/ab6761610000e5eb81b92891c739d8535993b7e2
Cal Scruby,2wcrc3fjebDRLVdtRUa3pu,https://i.scdn.co/image/ab6761610000e5ebfc12df255f3792cf584ef612
Nikhita Gandhi,3tPQOjkxO3mrYrrgkTeXgH,https://i.scdn.co/image/ab6761610000e5eb376c311ef93ad6a0f165fc5a
Tropa do Bruxo,4s3lxX76LwxzMdQEAFYdzv,https://i.scdn.co/image/ab6761610000e5eb610723908556fd92ab939e10
DJ Ws da Igrejinha,0NB5wv4kn6A919CLHUKRmk,https://i.scdn.co/image/ab6761610000e5eb65806d2d033f51da42836515
SMU,2qATSoNFfzMaTEZFfJpG4c,https://i.scdn.co/image/ab6761610000e5ebbd5249bce6f1dc5e34bc03c0
Triz,4ACGdFl6mPI3lntaYef1gc,https://i.scdn.co/image/ab6761610000e5ebaf3356d54b24cb345d51e550
Mc Menor Thalis,3qjoOrsHcxhgKyBsh4ZOEn,https://i.scdn.co/image/ab6761610000e5eb16e972ec39b3c290c52be9e1
DHH Music,0hzQQfSPwlpMbuX8NtDXJb,https://i.scdn.co/image/ab6761610000e5eb0d196f8e6b79b9db72b5dd2c
AUR,6nzBJKAH98XFo8QPmu3TKN,
The Living Tombstone,0I6yADrmeyvw66g7yjkqIF,https://i.scdn.co/image/ab6761610000e5ebf174faa646c1183dd0c953a3
Evanescence,5nGIFgo0shDenQYSE0Sn7c,https://i.scdn.co/image/ab6761610000e5eb7ecf213c7dd78e0049379c5b
Manu,0CdnnCbbKD4oIzBmxi2o7r,https://i.scdn.co/image/ab6761610000e5ebc4c5161aa1e1f1abaa9a8061
Teddy Swims,33qOK5uJ8AR2xuQQAhHump,https://i.scdn.co/image/ab6761610000e5ebf9cf783eb03eb66aa43943ba
Simba La Rue,2PEMswqQspTSsAltdeF5kO,https://i.scdn.co/image/ab6761610000e5eb09094dfccb6bcb4a6717a044
Baby Gang,3LvwPiJQJ0da0GurKMToV0,https://i.scdn.co/image/ab6761610000e5ebd6b991e24b3ea8703cc8c1af
Elodie,7GgpsUpkj3olseoaTY7TEY,https://i.scdn.co/image/ab6761610000e5eb1058e691ff7ea3108b8bee2f
Tony Effe,6CKch2otN4SPznHf9ms5JF,https://i.scdn.co/image/ab6761610000e5eb45da2e1deeb698f68ef69ab0
Paky,1KQJOTeIMbixtnSWY4sYs2,https://i.scdn.co/image/ab6761610000e5eba4f0c2a3a439d248a46a264a
Xavi,3Me35AWHCGqW4sZ7bWWJt1,https://i.scdn.co/image/ab6761610000e5eb5a700198e6319284ac2abbf6
¥$,4xPQFgDA5M2xa0ZGo5iIsv,https://i.scdn.co/image/ab6761610000e5ebf4e11052613eb67c380adaf8
Bump J,3L6bhGrHegoci41Jx2nP0V,https://i.scdn.co/image/ab6761610000e5eb90191ac0a7f9052a22efd532
YAKARY,6cpOyiEibAAlRlUF4Kk3vI,https://i.scdn.co/image/ab6761610000e5eb0ba1207a19cb28f991262fd4
Manan Bhardwaj,3pQ4aA7dkolyjUAMrVScgh,https://i.scdn.co/image/ab6761610000e5eb87e95d4cecb9771798b32e01
Bhupinder Babbal,5bppkTlu7F930pWlNn1b1g,https://i.scdn.co/image/ab6761610000e5eb102c7080e73fb9223df047e2
Shreyas Puranik,5o36rLQd78Zh8CaT8rn59d,https://i.scdn.co/image/ab6761610000e5eb4273dbfe46c0b40c22790fc8
Siddharth - Garima,6k6TIai4KyKG1DeIMftSmJ,https://i.scdn.co/image/ab6761610000e5eb4bb4215885beface12facf81
Jaani,5gZhfbckaWo89OzDSk3gdT,https://i.scdn.co/image/ab6761610000e5ebb617fbba5d747f0a429b8172
ATL Jacob,7jAs1uPnpfNmT6e5qtEPxq,https://i.scdn.co/image/ab6761610000e5eb09f46b0620b7bd9b3b8f4b4e
Vishal Mishra,5wJ1H6ud777odtZl5gG507,https://i.scdn.co/image/ab6761610000e5ebfb13d10be20fdcb5a670f551
Raj Shekhar,2DFCHTDIA0t638a4mm37dK,https://i.scdn.co/image/ab6761610000e5ebb608a48715214fba34187a8b
Mc Ws da leste,5Rs4gTYf15iES8jXZqhx2L,https://i.scdn.co/image/ab6761610000e5eb01ef43b3a701dce4f093edf1
Dj Chadin do C,1vzbmGlmb0yoO6drUgxm5C,https://i.scdn.co/image/ab6761610000e5eb2b3d6fdeea014cac9145fd6f
MC Cothiê,0TfWqqSFcyuhcNnp5oL83k,https://i.scdn.co/image/ab6761610000e5ebe74d59cbb415a0b42c01642e
Raghav Chaitanya,3qpyErDI4i90q5EGgSRmNK,https://i.scdn.co/image/ab6761610000e5ebf16aafe18e9e1761a79eb406
Manoj Muntashir,4cAERazLlAzVGA10ORWaUP,https://i.scdn.co/image/ab6761610000e5ebe47745d8954f918f2a41c315
Cher,72OaDtakiy6yFqkt4TsiFt,https://i.scdn.co/image/ab6761610000e5eb951b9e5d4f1f502691aeef1f
Lauana Prado,6TYimByryGphZCtwYopH0y,https://i.scdn.co/image/ab6761610000e5eb1cf0be92a7ca77e539efb70d
Clyde McPhatter,4WL6MC4jDW7w7K9hfc4MVS,https://i.scdn.co/image/4f7e230b53f5bcf30967f3ffde9f7c8d027469eb
The Drifters,1FqqOl9itIUpXr4jZPIVoT,https://i.scdn.co/image/9cebb08480116550d85b6268d9adb1c2aee718f7
Run–D.M.C.,3CQIn7N5CuRDP8wEI7FiDA,https://i.scdn.co/image/1bf54468fa9c772af8f514a20a99631fd35b2dbc
Trans-Siberian Orchestra,5OSQDUNmll299ldFIF1Dau,https://i.scdn.co/image/ab6761610000e5eb0b8b465430abcd6d5ef5bf76
Anuv Jain,4gdMJYnopf2nEUcanAwstx,https://i.scdn.co/image/ab6761610000e5eba837a6cb82dd949d5e1f9b53
Eugenio Esquivel,5HeN1Iza4nZe03sFlonddz,https://i.scdn.co/image/ab6761610000e5eba4645ad9138bb1019af76d3f
Sebastian Esquivel,1tuNNda2SSH3o4lUms5K6C,https://i.scdn.co/image/ab6761610000e5eb548525ae0677c958aa4f4171
Los Esquivel,4ZdPHdArIbz2GSBXkozQYC,https://i.scdn.co/image/ab6761610000e5eb9a4a30e58bd96f66ab880ff8
JC NO BEAT,1xglv0oUbyJaycWFhyec8U,https://i.scdn.co/image/ab6761610000e5eba4c6461235c2962dd06c836e
DJ F7,1L5QOwu01wcDbozwIL1XXd,https://i.scdn.co/image/ab6761610000e5eb9bf1ad09d8c332d729f08a97
MC Meno Dani,3LqcLDGw41dRZKsM51H9GI,https://i.scdn.co/image/ab6761610000e5eb8181698693ad1b9d4701ef43
Silva Mc,7v4hw85pzG0M9kJHlBGsi3,https://i.scdn.co/image/ab6761610000e5ebc1d217eb5770ebb9f4661c41
UMI,4ClziihVpBeFXNyDH83Lde,https://i.scdn.co/image/ab6761610000e5eb55b976c32dbc2fb158a3981a
Uzielito Mix,7wgrXbrp9RJQMri26GZgyH,https://i.scdn.co/image/ab6761610000e5eb41c2c21717c21b5e1ece5383
Yeri Mua,2Atk4SWx7daQtItQBa735M,https://i.scdn.co/image/ab6761610000e5ebb3735ebbab21444e317311dc
El Jordan 23,1fIJZfSmqQkuqfKNRmrS1V,https://i.scdn.co/image/ab6761610000e5ebc99be602f5beac87049ca7c1
Dj Kiire,1jwYIyylx1XF15nbiPtLdu,https://i.scdn.co/image/ab6761610000e5eb39bea41f09ed9454d727404d
Paul Russell,4zoRNhOhsGX3w8yBAnFSQ8,https://i.scdn.co/image/ab6761610000e5eb20dfe244344a7a24f24704ea
Sophie Ellis-Bextor,2cBh5lVMg222FFuRU7EfDE,https://i.scdn.co/image/ab6761610000e5eb78ac16f5d194c15658e80fce
Luck Ra,4kcQWQDK0u9AftVSpdrAgk,https://i.scdn.co/image/ab6761610000e5ebcd4b159bfb2f02962a110b6d
Tony Camargo,5ty08GXpCMviM7BKWNrdXi,https://i.scdn.co/image/ab67616d0000b273f60641bf6da3273cded7e8cc
Richy Mitch & The Coal Miners,4qU7IJSReZnsLy5907Mtau,https://i.scdn.co/image/ab6761610000e5eb3bd34f9edf7c0f3e31cc893b
Mesita,2IKdK6PbitvCiXt1t2bPU6,https://i.scdn.co/image/ab6761610000e5eb337ef711a010da2e8f554a27
Natasha Bedingfield,7o95ZoZt5ZYn31e9z1Hc0a,https://i.scdn.co/image/ab6761610000e5eb15f48264917c2b09a573ecc7
Tommy Newport,7FvQR6QFfXmW18dyMqnHvv,https://i.scdn.co/image/ab6761610000e5eb5c05854c37bccb87d9648401
Mariah the Scientist,7HO5fOXE4gh3lzZn64tX2E,https://i.scdn.co/image/ab6761610000e5ebb5e6be722db4720e820662e5
Flo Milli,08PvCOlef4xdOr20jFSTPd,https://i.scdn.co/image/ab6761610000e5eb2dd4342359c7b3aca2bca63c
Oscar Ortiz,0FvHxb8a4I0A2i8jKCsFei,https://i.scdn.co/image/ab6761610000e5eb6d55cfe24d0c69f3cad1a087
Creepy Nuts,0pWR7TsFhvSCnbmHDjWgrE,https://i.scdn.co/image/ab6761610000e5eb71c03bb9c1fe71f40a5fe1dc
Sam Fender,6zlR5ttMfMNmwf2lecU9Cc,https://i.scdn.co/image/ab6761610000e5eb4a3dfbf28e00c02d9d9494e8
Payal Dev,6FtZhorjCMfkaVJ7kKdmq7,https://i.scdn.co/image/ab6761610000e5ebad471d68dd2bb62e7d0ebb49
YG Marley,0n4Fao9kbjgM76RmVlfSwr,https://i.scdn.co/image/ab6761610000e5ebca530ae2dba9cdcc2b5f0a27
4batz,5fi7lIgJGH3RgUpJYcffQ7,https://i.scdn.co/image/ab6761610000e5eb048331dfc4066338b7584046
Rich Amiri,2sF5nNXnrrsCPZlt8ZpyGd,https://i.scdn.co/image/ab6761610000e5eb73e49c97eb61ff11a320f764
Michael Marcagi,4j96cMcT8GRi11qbvo1cLQ,https://i.scdn.co/image/ab6761610000e5ebd6925020c5805dc0e3e76b0c
Good Neighbours,52N3KGrTWDRhdQJrgBTofE,https://i.scdn.co/image/ab6761610000e5eb58929e7afb75eea0c1295f4a
Blake Roman,18p5uhOP0T6w7EwYy389ej,https://i.scdn.co/image/ab6761610000e5eb273f7717ebfea78eaee31892
Sam Haft,3osxpNwDgRAPs3aZZNsdV8,https://i.scdn.co/image/ab6761610000e5eb9aacb1a58f28698b98d2cd77
Andrew Underberg,4zXroEby35IgWPERRcW4Ay,https://i.scdn.co/image/ab6761610000e5eb7eea168ecb09b003e3678bec
Keith David,1LPgqTHt7RmHwYtS9KQTMY,https://i.scdn.co/image/ab6761610000e5eba794e85d8b1fdc4287f14031
Toby Keith,2bA6fzP0lMAQ4kz6CF61w8,https://i.scdn.co/image/ab6761610000e5eb1b6b9d83cfd806b328496207
Tracy Chapman,7oPgCQqMMXEXrNau5vxYZP,https://i.scdn.co/image/965060777aeacb43659097cddc16b741785a508f
Mitraz,3iGhlvzpXc0UHBQ7klAItX,https://i.scdn.co/image/ab6761610000e5ebe96a339b04840c8fb801ccb4
TWENTY SIX,6C2mFGFh8dz1vKp9l5Ce8P,https://i.scdn.co/image/ab6761610000e5eb916e15d16df8ce8f123a555c
Tayson Kryss,3aIuAAH6qMvKYrtxxF7FF7,https://i.scdn.co/image/ab6761610000e5ebc1c5c063760d197a3109b0d2
Michelangelo,1K7IC4qha4KEXySo6yZmnH,https://i.scdn.co/image/ab6761610000e5ebcbfc295ceded6ff3ef887a83
Annalisa,0EqkKYDK9EkKY5N7zU3FPv,https://i.scdn.co/image/ab6761610000e5eb58829778a596dfff366198f3
Angelina Mango,1A6HBLulvBFzNtlMb7b08f,https://i.scdn.co/image/ab6761610000e5eb16db41920f5d6c9305a4b6bf
North West,66rjOK4tYnREw2hPQv7t56,
Ivete Sangalo,7dzq55YG3wjViqexDwiycQ,https://i.scdn.co/image/ab6761610000e5eb097ec2aea985413e56ff46a7
Parangolé,2v5eqze59fqRes2e5QVGhf,https://i.scdn.co/image/ab6761610000e5ebe0dc3bc7db738cb1a9f8d1a3
TR,2CotyFTVKWR1jJLPTrrjdu,https://i.scdn.co/image/ab6761610000e5eb4e3f12f5aff8d319f16b8631
Mc Menor RV,5MH9v8KacsyTetJmnrAO1W,https://i.scdn.co/image/ab6761610000e5eb0c6cc8f567933b0d487220d4
Tropa da W&S,1APqNiQUA2XpwLEbywSWmZ,https://i.scdn.co/image/ab6761610000e5ebc29736a0bcc4f188b3ae61a5
FloyyMenor,7CvTknweLr9feJtRGrpDBy,https://i.scdn.co/image/ab6761610000e5eb4909f430f847c226da21bc13
Bob Marley & The Wailers,2QsynagSdAqZj3U9HgDzjD,https://i.scdn.co/image/b5aae2067db80f694a980e596e7f49618c1206c9
Gino Mella,7HYJrA3HSTNDmkl5pylhaY,https://i.scdn.co/image/ab6761610000e5eb730047eabbc87edafc4d92e1
Jairo Vera,5CAruGjgds3QlF5ICtEnnc,https://i.scdn.co/image/ab6761610000e5eb66f97f5e3bdb265a3e1e3676
Best,4Ng3fh1nc5L04iXPL8vqc7,https://i.scdn.co/image/ab6761610000e5ebf08f162a2e8aa8cd0aaa2bbf
Djo,5p9HO3XC5P3BLxJs5Mtrhm,https://i.scdn.co/image/ab6761610000e5eb02fcc327683d53bea9583c69
Julión Álvarez y su Norteño Banda,1bfl0AU8SqmLkElptOprhC,https://i.scdn.co/image/ab6761610000e5eb47953d3ea5b643699c9b298a
W&W,2rTo8KIkBTFjQS7VvaKYQ4,https://i.scdn.co/image/ab6761610000e5ebcd0b11921c212ccaa2c74e77
Beat Record,0WwKxmZjmKUp9y0Jg1LWk1,https://i.scdn.co/image/ab67616d0000b273a16ecea0b0716509559ed5e8
gins&melodies,2WzWSpOB41g3gb78Raj6RK,https://i.scdn.co/image/ab6761610000e5eb6dbbc3b51629ebe0db4e8527
Hev Abi,4zpGxqF6oI1h3f6Md2v42T,https://i.scdn.co/image/ab6761610000e5eb7542a2e21a82c4081b647d35
Nonna,6maPmKkdwM4eyhz5O4lbkP,https://i.scdn.co/image/ab6761610000e5eb9bbf4e0338cd71e1e7ff7440
WALK THE MOON,6DIS6PRrLS3wbnZsf7vYic,https://i.scdn.co/image/ab6761610000e5ebab9610e36fae856c0fd9b46b
Dasha,7Ez6lTtSMjMf2YSYpukP1I,https://i.scdn.co/image/ab6761610000e5eb5da27544a41519ef21731ab5
Zeynep Bastık,1mpOD8ZwHnbsryIuXWq0R1,https://i.scdn.co/image/ab6761610000e5ebff350a45a34b98b2d1e9d21c
Pressure 9X19,7MNP6nVHIDvPCRvfCeAJpF,https://i.scdn.co/image/ab6761610000e5ebf74f11f87b6bc5c7d8625145
CDobleta,2KtMll7bpqySnZhr8wriRE,https://i.scdn.co/image/ab6761610000e5eb5b8af5d42d695c6fd926727c
MC Nego Micha,6SsSYKLEsf8EfDbFAi5GET,https://i.scdn.co/image/ab6761610000e5eb73e4edbe33faa5cd66ab0dd3
Murillo e LT no Beat,0KcbRunfjZHfwEnEgd1Dy6,https://i.scdn.co/image/ab6761610000e5ebc0b1d155f282a2fb7904f579
Artemas,0PCCGZ0wGLizHt2KZ7hhA2,https://i.scdn.co/image/ab6761610000e5eb32d158743eda95d045355ead
Allison Russell,3JBmecDGXTll46ygrnGTM6,https://i.scdn.co/image/ab6761610000e5eb48d1162e2147fe542e75b73d
CYRIL,11kt6ggsdxvI8MhyeSMKom,https://i.scdn.co/image/ab6761610000e5ebd31d570ec87b6320e2f2e120
ILLIT,36cgvBn0aadzOijnjjwqMN,https://i.scdn.co/image/ab6761610000e5eb32863b8dca4574c09e4b9295
Christoph Andersson,2dTGHCFyCD8uj6tAM9q8ED,https://i.scdn.co/image/ab67616d0000b273a53b1a28d5c2d263bd096b66
Mark Ambor,11p2E654TTU8e0nZWBR4AL,https://i.scdn.co/image/ab6761610000e5ebf09e3fdd6c27c7426c99945a
Jungle,59oA5WbbQvomJz2BuRG071,https://i.scdn.co/image/ab6761610000e5eb21f6e9ccd576bb2ef541a3fe
Henry Moodie,7hr9W3IjXcm3UlLY7guLk5,https://i.scdn.co/image/ab6761610000e5eb0b9e89b08baa10172abe380b
Tanner Adell,5xKVALj2MSqOHmQhburCM8,https://i.scdn.co/image/ab6761610000e5eb0a696e70d4577ee49dfc1622
Brittney Spencer,6YM5gRpMJkP0kUWRcvlHT3,https://i.scdn.co/image/ab6761610000e5ebcd51e8d614d3a2cbc779b1e1
Tiera Kennedy,26VEPCGAYB9OClQodb0OR1,https://i.scdn.co/image/ab6761610000e5eb9e928a77419f416c186a1c74
Reyna Roberts,4jpqm8g4We93Uk6M9M4FDh,https://i.scdn.co/image/ab6761610000e5ebb6f6cb70ac3cacc5d3a3774d
Linda Martell,78adFi9EyRkMh3CTIatrV9,https://i.scdn.co/image/ab6761610000e5eb796108ed547cc16ba25d84a8
Shaboozey,3y2cIKLjiOlp1Np37WiUdH,https://i.scdn.co/image/ab6761610000e5eb89447fe120bae042c52fad07
Rumi Carter,3wagsd3wjqjNVlMLPudipm,
Willie Nelson,5W5bDNCqJ1jbCgTxDD0Cb3,https://i.scdn.co/image/ab6772690000c46c82a531f8f5067e13517f5b15
Gaeko,0tkHE1pQ5ZCgQb8WZ0ba79,https://i.scdn.co/image/ab6761610000e5eb9aced4fbad8e0009d029cd8d
YOON MIRAE,1Do4bSzfUl0KWL9r1fITu0,https://i.scdn.co/image/ab6761610000e5eb1787f6596afa03df2d44af87
Willie Jones,5OCZWZ399lBKgxBxE8cjRM,https://i.scdn.co/image/ab6761610000e5ebdf81b18da7c972ba7f66e4ca
The Academy: Segunda Misión,4C3ZmIqca9MWwThLaYbfXu,https://i.scdn.co/image/ab6761610000e5eb97fc91e08641cd342f618d20
BABYMONSTER,1SIocsqdEefUTE6XKGUiVS,https://i.scdn.co/image/ab6761610000e5ebb419d66ef21661311c806bfe
Young Dro,3ZooCJzNMTLpmJaIRUEorI,https://i.scdn.co/image/ab6761610000e5ebce2091b416f6984c7828659b
Cam'ron,7iMvwE8qANp3aIfAGKEAwS,https://i.scdn.co/image/ab6761610000e5eb7455f2c344f66269f98948a4
Daylyt,573vxT6vzhNRzTVIuVRnLj,https://i.scdn.co/image/ab67616d0000b273cd6413d9b2d8a0caecb85498
Neton Vega,6pV5zH2LzjOUHaAvENdMMa,https://i.scdn.co/image/ab6761610000e5eb2fcd184b0b566e4e8f550ef8
NATTAN,1SXhEXzOTF7YeuQX59m7pT,https://i.scdn.co/image/ab6761610000e5ebb4c07f06044ca6f1a8548192
Skillibeng,5FkUhnHQ0KC63549LHHtst,https://i.scdn.co/image/ab6761610000e5eba368a83390fd80e013bb726e
Lay Bankz,4OVbrPbhvK46A1uXTU1u5F,https://i.scdn.co/image/ab6761610000e5eb42c516784cc384b4b1c6d6b7
Chappell Roan,7GlBOeep6PqTfFi59PTUUN,https://i.scdn.co/image/ab6761610000e5ebcde5a0d57c1b79de5fce6bee
Jaxomy,1c3uso4iIeeX3P0bhKaQDq,https://i.scdn.co/image/ab6761610000e5ebe06c4692c6219aedb481e8fc
Agatino Romero,124jbwgd8Hh6LW7jAqTa8r,https://i.scdn.co/image/ab6761610000e5ebe87e1c985c9b2181ac32cfcc
Raffaella Carrà,6EVyI0S0b1Ld2nm37m5x85,https://i.scdn.co/image/ab6761610000e5ebb11ef713e00db56ccb769274
iZaak,4s6Xg38sbqh4xpf4OqhVUK,https://i.scdn.co/image/ab6761610000e5eba09a96a005eae8f078894c66
Disturbed,3TOqt5oJwL9BE2NG9MEwDa,https://i.scdn.co/image/ab6761610000e5eb6823b6df396ecf49931e34a1
Ken Carson,3gBZUcNeVumkeeJ19CY2sX,https://i.scdn.co/image/ab6761610000e5eb95ccca370d8bd50e84c222bc
Brownstone,6dQgkiJm1fRkcqKOvPzysr,https://i.scdn.co/image/ab6761610000e5eb814746c181af911a7e5ab8f3
DJ JZ,4ptGOXi053ILmLfMcIG2hB,https://i.scdn.co/image/ab6761610000e5eb68c3324d06719a4164c7705c
Mc Mininin,5PtqDNfEbT1c8wnGce6EIE,https://i.scdn.co/image/ab6761610000e5eb32a387dbcd014454765d8fc7
DJ LG PROD,1hPg0YVHOP4dizsVCYCnIA,https://i.scdn.co/image/ab6761610000e5eb00939c6b0be288e67971979f
Silvanno Salles,0HFoOA61ShFCVKyKUPoN6B,https://i.scdn.co/image/ab6761610000e5eb92c9a00e2d035b7e7e8e3def
Bakar,3K2Srho6NCF3o9MswGR76H,https://i.scdn.co/image/ab6761610000e5eb7094aede118cfdef86c6e862
Bhavi,7fT2Me47PQ8T7954PKrcwR,https://i.scdn.co/image/ab6761610000e5eb836eefb664daa99d2e8c08ca
Seven Kayne,4C29ETLBPmYKYwtJUepbJz,https://i.scdn.co/image/ab6761610000e5eb419527dfe9cce2f85121efbd
Neo Pistea,01m2XZ7m7rAz6KY3scTdaV,https://i.scdn.co/image/ab6761610000e5eb470a058eb6cb20e0fdd55c55
The Outfield,1zxDewzd2j1ZdSBGaYcr0y,https://i.scdn.co/image/a15f9228f28116fa806529942dbe38e8e0123388
Sevdaliza,5MraexJKZDrQYzS98kNwie,https://i.scdn.co/image/ab6761610000e5ebd3f871dc19cb324a458bb48a
Lia Kali,7rFHoDuiSlV0DGHxckjm89,https://i.scdn.co/image/ab6761610000e5ebb31dae9c5126263c918d63cf
Tommy Richman,1WaFQSHVGZQJTbf0BdxdNo,https://i.scdn.co/image/ab6761610000e5ebf92ed9c2af5378613aa730c6
ZICO,4XpUIb8uuNlIWVKmgKZXC0,https://i.scdn.co/image/ab6761610000e5ebbc333412dcb39d8ef2bd91cc
Gustavo Moura & Rafael,2KZFvVVk9lxD85USaOv76T,https://i.scdn.co/image/ab6761610000e5eba2c89ddc336edf2a4a228bff
Amy Winehouse,6Q192DXotxtaysaqNPy5yR,https://i.scdn.co/image/ab6761610000e5eb2ceb023b10da17590878e88c
MUSIC LAB JPN,61ifFEOS4km183fkC64e8I,https://i.scdn.co/image/ab67616d0000b273494a62494b78ea9eba3b0144
Billy Joel,6zFYqv1mOsgBRQbae3JJ9e,https://i.scdn.co/image/ab6761610000e5ebb34057d59275011032ef8bc8
Bayhan,7yiLonxrJVgZKSbjo0gh6V,https://i.scdn.co/image/ab6761610000e5eb3b45593fadcbfdef84886084
Lithe,7LVC96BEVGugTAp38AajV6,https://i.scdn.co/image/ab6761610000e5eb47a65f889ae6db1fc109f1f0
Dj Agus Lima,6JSZJddy1dORbnzdx2ZLG9,https://i.scdn.co/image/ab6761610000e5eb03379fb1aafaecd3e7f13d23
Myles Smith,3bO19AOone0ubCsfDXDtYt,https://i.scdn.co/image/ab6761610000e5ebb770aab80045c57b562b2de2
JC Reyes,0FwnPHExlRRxEZPLAi5tmG,https://i.scdn.co/image/ab6761610000e5ebc98ca51db9985dccc159d78e
Nemo,5Wg72TowYBWIcSo3K2r84N,https://i.scdn.co/image/ab6761610000e5ebc69009df40dd77fb5c011982
Baby Lasagna,1ncWEkB4AQh1rxC8ObpBoH,https://i.scdn.co/image/ab6761610000e5eb7e25740b54f379a9cb0eff84
Slimane,4OV6uYSnHxSYkjDYuBVBUz,https://i.scdn.co/image/ab6761610000e5ebd053f8bc2e31538888c6922e
alyona alyona,2ic3GGGmkixOZP4qnakSA8,https://i.scdn.co/image/ab6761610000e5ebb951d2a8f6e07420fc64a791
Jerry Heil,71DkA619tW0bpaMi4QBzmr,https://i.scdn.co/image/ab6761610000e5eb812441bbc093fe287b168416
Van Morrison,44NX2ffIYHr6D4n7RaZF7A,https://i.scdn.co/image/ab6761610000e5eb5885f6c2d3ecf8e08bdfa472
LOVE BGM JPN,2N7xrdZ10zV0pdSw1DcNWY,https://i.scdn.co/image/ab67616d0000b2732532ee90eb5c019465545308
Ram Sampath,3PpjqSKBer3obW6lDflOBx,https://i.scdn.co/image/ab6761610000e5ebed1f220551eded3711206fa4
Prashant Pandey,7vCsTTACb2iT4fvBMnwp5w,https://i.scdn.co/image/ab6761610000e5ebde10506545bb3c7be26fb294
THE BOX,7gHzR22tDNSWGS4HkvvPgw,https://i.scdn.co/image/ab6761610000e5eb957d1d31dbb8e2872f2ff628
Mc Brinquedo,1SZXYhJz4sqEss888VmWLP,https://i.scdn.co/image/ab6761610000e5eba8f7251ac8a3008a81aaeb3f
MC Cebezinho,5Dz2FizMLqV0Cr3c8uhEcF,https://i.scdn.co/image/ab6761610000e5eb6cdab9738cc51dd200082c5d
MC Tuto,6aoGgTKGqtsjj48ymcNs4Z,https://i.scdn.co/image/ab6761610000e5eb99c26e8fb91634b00764bbb9
Mc Laranjinha,1JJq541frMPfUIQiUoVrnp,https://i.scdn.co/image/ab6761610000e5eb86dc9634a35156f89db7ba3a
DJ Oreia,1b8S7EPzdckRyIh0uSbOMI,https://i.scdn.co/image/ab6761610000e5eb91f49331dc9a12ec924abff0
Cyndi Lauper,2BTZIqw0ntH9MvilQ3ewNY,https://i.scdn.co/image/ab6761610000e5eb72f5bad471601240967563d6
DJ TOPO,0xj9MJx9r0wO2o4aqdergP,https://i.scdn.co/image/ab6761610000e5eb78a0179d59f8e3e5c8bd99e7
Seu Jorge,0i1s9WcIu0PrUvHzALgofo,https://i.scdn.co/image/ab6761610000e5eba124f650946041fc26b0379b
Mc Leozin,6mKwmTMzDrye9elc8JWiw3,https://i.scdn.co/image/ab6761610000e5eb75334a22f10d47929ac30ad9
leftovermax,6V5fHkuCfZknzDBr5Wm7Rj,https://i.scdn.co/image/ab6761610000e5ebf51935ce361f537a1c9df7eb
Øneheart,0dgJbQ0bKPyUXco8hEXN7X,https://i.scdn.co/image/ab6761610000e5eb42cb036251a6e79cdb99ec69
reidenshi,6SdlxyPsQ3B0yYncFmDULP,https://i.scdn.co/image/ab6761610000e5ebcee9187a58ff9248a948dca1
Lewis Somes,6U574RAq08wVaurzSaqEY3,https://i.scdn.co/image/ab6761610000e5ebcf427332239e27c755db1b97
Murilo Huff,3hq7WoPJsrRP0KMSLhUgRz,https://i.scdn.co/image/ab6761610000e5ebacfec0b96ba96562ad2e7fa3
Gracie Abrams,4tuJ0bMpJh08umKkEXKUI5,https://i.scdn.co/image/ab6761610000e5ebf6d51e6f5342d2d363220920
ERNEST,4GGfAshSkqoxpZdoaHm7ky,https://i.scdn.co/image/ab6761610000e5ebba81a6b7ab8c0c8d19972ff4
dj sv,7u9115faVQY8xNrCXqY0zx,https://i.scdn.co/image/ab6761610000e5eb3da818776b0733a854095f86
Doug Hits,11rNmgKeDd6wHHvvhzPHH9,https://i.scdn.co/image/ab6761610000e5ebe214dcbacd9bf1aef1303ff6
Manim Vaqueiro,2MRXYszuTIaEliCCD22crt,https://i.scdn.co/image/ab6761610000e5ebf953e79405f43b4a2ed8bcee
Gaia,3AVx3OBPIk4pJQllAXoVs1,https://i.scdn.co/image/ab6761610000e5ebeecb5bd1f5858da322b01441
DJ Glenner,6XX6KGpomRDPmGGm7bofCK,https://i.scdn.co/image/ab6761610000e5ebe238e5fb497b974ae7f23db0
Dj Luan Gomes,34kJWuUS4hNN1MkqiIG0dS,https://i.scdn.co/image/ab6761610000e5eb658abab89ea94dda0a146388
DJ JOÃO PEREIRA,1tPQcKxMrvf09Ry8zk68gt,https://i.scdn.co/image/ab6761610000e5eb0aa9452908cedb25dfc2763d
Mc Dudu Sk,1CKLOLezvcRuPRzOiGvxS1,https://i.scdn.co/image/ab6761610000e5eb93b7bdf4f9135649574b9735
MC TH DA SERRA,4OKS4k4lBy2KOeftVHJDXu,https://i.scdn.co/image/ab6761610000e5ebe191aad4e44eff5883bcd2cf
DALÃMA,0dglu68sb1lWf1ACF9uOb6,https://i.scdn.co/image/ab6761610000e5eb99520955fe7e133250740bf2
Maki,6AvnL2gWjNYs1hRVJx4huK,https://i.scdn.co/image/ab6761610000e5eb6c951d19bccccfc67ca410b8
Koe Wetzel,1Tie3AZgLQZqYEp8Fv4zOZ,https://i.scdn.co/image/ab6761610000e5ebef63196a4cdfd5a8fca36ff0
Jessie Murph,2yLzlEFtIS0Q9UkyBZdQA7,https://i.scdn.co/image/ab6761610000e5eb11945f32fb5cb7f74a575ad6
Nueva H,0AY6tq934rmw7zSFRl6e6S,https://i.scdn.co/image/ab6761610000e5ebbb3283db458fab98cb8b0677
Charlie Wilson,6CxZzQFUTM6AzgluGwtq5w,https://i.scdn.co/image/ab6761610000e5ebb1c55850b10bbbfa9f227236
Cash Cobain,2R0CFyeMDiRbfkhkIMbyl1,https://i.scdn.co/image/ab6761610000e5ebbef53847cd19de0349c49acd
Adam Port,2loEsOijJ6XiGzWYFXMIRk,https://i.scdn.co/image/ab6761610000e5eb722acdd4bb9e3aac45436d08
Stryv,6XjgqvaVLUib6lCerbZrYD,https://i.scdn.co/image/ab6761610000e5eba1c6d5d2a8dfebab18e0df57
Keinemusik,26WKgv73kRHD0gEDKD1i8j,https://i.scdn.co/image/ab6761610000e5ebe80e79c9053db3f6af2b1e1a
Orso,2yyaNPcdxZcn4iutCcLMaC,https://i.scdn.co/image/ab6761610000e5ebb1c5f4ef2f2f71da45657326
Malachiii,37lTKHi901VnwngQ7C8noT,https://i.scdn.co/image/ab6761610000e5eb4aa686ef9d525262c3f9a5e0
Kings of Leon,2qk9voo8llSGYcZ6xrBzKx,https://i.scdn.co/image/ab6761610000e5eb6fc940f2e99875ced9bafed0
Estevan Plazola,4Rh80sXmcG4xDP1r6dTNiQ,https://i.scdn.co/image/ab6761610000e5eb29f24c271534853dfcc71f3c
Monica,6nzxy2wXs6tLgzEtqOkEi2,https://i.scdn.co/image/ab6761610000e5ebe511dad92fbc2626144a02a2
Jordan Adetunji,0jPHHnU8GUWEF7rwPE9osY,https://i.scdn.co/image/ab6761610000e5ebb37f3a71a8cd5f70d64b32cc
Loco,2e4G04F77jxVuDYo44TCSm,https://i.scdn.co/image/ab6761610000e5eb29971b8d9d19fef176338e4a
Yseult,1QsdzIKkTT5gDFj8GB1cIX,https://i.scdn.co/image/ab6761610000e5eb810ca6e64daad77b56a251a6
BabyTron,0sKsReKseslDlhxmbN6wLk,https://i.scdn.co/image/ab6761610000e5eb1ff261f69fb001b1b8a38ea2
Nickelback,6deZN1bslXzeGvOLaLMOIF,https://i.scdn.co/image/ab6761610000e5eb4ad382f899596d8c7b9e8e09
Ella Langley,6BRxQ8cD3eqnrVj6WKDok8,https://i.scdn.co/image/ab6761610000e5eb490943c99e9466219703d72e
Riley Green,2QMsj4XJ7ne2hojxt6v5eb,https://i.scdn.co/image/ab6761610000e5eb5dc967d7e443e2ef4a7552b6
千葉雄喜,6Qhgat07PNOdnJSnCXJigu,https://i.scdn.co/image/ab6761610000e5ebee25d135e8b1bccfbb870d88
CountryBeat,5IREutgMnyQqRcc8r15gWk,https://i.scdn.co/image/ab6761610000e5eb5ff417752c8b0cc32e8e484f
Félix,3KdqkzCC6uPPxW3ZV9vLtT,https://i.scdn.co/image/ab6761610000e5ebebb0a6903745bfcffa3911c5
Léo Souzza,32q95UvnNYSiflLio02DnS,https://i.scdn.co/image/ab67616d0000b273af1935cfa814cc5a91ddc35e
Karan Aujla,6DARBhWbfcS9E4yJzcliqQ,https://i.scdn.co/image/ab6761610000e5eb2a354a64d9c5c602db0be2a4
Dem Jointz,2AUT4fNQ2QC0e2f5pIxOCd,https://i.scdn.co/image/ab6761610000e5ebb5a1bd4df2b11bf65dae2abe
Jelly Roll,19k8AgwwTSxeaxkOuCQEJs,https://i.scdn.co/image/ab6761610000e5eb990c50209362c84b7e6b1831
Ez Mil,1IQ4CjwKkdARjL5KtYiMt4,https://i.scdn.co/image/ab6761610000e5ebb8d3b272e194b7e8581f7bda
Lomiiel,2rMFPjySMqkgBajkLKL6zo,https://i.scdn.co/image/ab6761610000e5eb8c7c78b78d3c409e2897fd02
Kapo,3UTF2no3muGdiFXVujl94i,https://i.scdn.co/image/ab6761610000e5eb7c27ad62b768b82370126390
ELENA ROSE,0zO8yNnw5GQgutcIyXfGBY,https://i.scdn.co/image/ab6761610000e5ebbffe5dcb0fbde212a4178644
Dionela,1chOgh5tgwfiyJ2zhUHwBj,https://i.scdn.co/image/ab6761610000e5eb50069ac992d74c5610ecb9cc
Jay R,3z0IVhtuFvt9VYUZGT98PU,https://i.scdn.co/image/ab6761610000e5eb278dc8d92da7ab32383ed878
Sal Priadi,1NjxFrpEGZTV2Ny0OJxeWu,https://i.scdn.co/image/ab6761610000e5eb420375312fa20581c07fd7f2
Alphaville,0xliTEbFfy5HQHvsTknTkX,https://i.scdn.co/image/ab6761610000e5eb3f8779bb1c97be855c6b51a8
Gordo,4Ge9GwmWnOQsohwPTrXyHc,https://i.scdn.co/image/ab6761610000e5eb5517819728bd2aef6162203f
Hanumankind,4nVa6XlBFlIkF6msW57PHp,https://i.scdn.co/image/ab6761610000e5ebd5a94f1d05a422f1057b0e90
Kalmi,6tYCSHLtTI54AQJFOMfU45,https://i.scdn.co/image/ab6761610000e5ebddf06008345a283d1f35c8c1
Dudy Oris,6YPfs6tdZXvnlzgZNU3SYT,https://i.scdn.co/image/ab6761610000e5ebf9c2f89bbf632edd15bd7818
La Oreja de Van Gogh,4U7lXyKdSf1JbM1aXvsodC,https://i.scdn.co/image/ab6761610000e5ebc9ea82332c05d870ce3cfe6e
Jessica Pratt,5KTykbPcDB4GYS49jcHbWh,https://i.scdn.co/image/ab6761610000e5eb98685f8a4f1d712010a566e9
Asake,3a1tBryiczPAZpgoZN9Rzg,https://i.scdn.co/image/ab6761610000e5eba3ae97af098bf3aeeb24d338
Grelo,1eIYP01ZLPKEExhcV6xFgt,https://i.scdn.co/image/ab6761610000e5ebad130bda3f5bff9614b0d5d7
Clayton & Romário,1tKrZaph4cLsnEdqC5BNEQ,https://i.scdn.co/image/ab6761610000e5eb7501506e02eeab70cc15112d
Traia Véia,0FMBXfGasuAjdpsCs7zgju,https://i.scdn.co/image/ab6761610000e5eb2bcb88fde02524235ffe4eef
Bernadya,47z98pKd71yIbgXwe9LPVC,https://i.scdn.co/image/ab6761610000e5eb6d1dbc1a4a286b1ee9d40163
Nate Ruess,1qUjOF5fzrpoNycD36b2jZ,https://i.scdn.co/image/5d5dec419f704181b9a23dd9c55562632817c442
Tim McGraw,6roFdX1y5BYSbp60OTJWMd,https://i.scdn.co/image/ab6761610000e5ebbd6977f3970a7a4a8d4becbe
Hank Williams Jr.,2dyeCWctcFRt3Pha76ONgb,https://i.scdn.co/image/ab6761610000e5ebf2335981837c8ac955769cd0
Brad Paisley,13YmWQJFwgZrd4bf5IjMY4,https://i.scdn.co/image/ab6761610000e5eb49b3eca30283993e5794c6ef
Lainey Wilson,6tPHARSq45lQ8BSALCfkFC,https://i.scdn.co/image/ab6761610000e5ebcb092867a2a4c35434d0128b
Kaique e Felipe,0JRPF8WIKUtSO2IUYfrcuh,https://i.scdn.co/image/ab6761610000e5ebbf8b3b57593e5db91b7a8734
Gigi Perez,1iCnM8foFssWlPRLfAbIwo,https://i.scdn.co/image/ab6761610000e5ebe5ff5495fe99ee0fa0236087
Alex Warren,0fTSzq9jAh4c36UVb4V7CB,https://i.scdn.co/image/ab6761610000e5eb16259488e0146d0807b53e62
Little Simz,6eXZu6O7nAUA5z6vLV8NKI,https://i.scdn.co/image/ab6761610000e5eba22264dfbad2d96ffc6ee2e0
Elyanna,0jIWKlfmD4Ew7HeVVrq03g,https://i.scdn.co/image/ab6761610000e5eb88b64e15982a3e8177913573
Maisak,6B1hSmaLdOvChinK2Z7gfi,https://i.scdn.co/image/ab6761610000e5ebc2abfacb54e8e2b944868d9a
Rich Homie Quan,5lHRUCqkQZCIWeX7xG4sYT,https://i.scdn.co/image/ab6761610000e5ebf4b802f5eb81d33fd2db292f
Madhubanti Bagchi,4ojkMVHjuDZgDXSJy5qs2h,https://i.scdn.co/image/ab6761610000e5ebd2e401323c697e59fdfd03b8
Divya Kumar,0NErdIJtuKBjtxKmlqaWdj,https://i.scdn.co/image/ab6761610000e5eb9a5b2a432f4b9fada87d5124
Ícaro e Gilmar,6Wlvsn3IPHiZwAv02lB5eC,https://i.scdn.co/image/ab6761610000e5eb76b90e9a35886bdd149180e4
O REI DA BATIDINHA,1mwcAHaMzrUvCjVcg89lgB,https://i.scdn.co/image/ab6761610000e5ebc52bbe091d1bd46ac39487be
KATSEYE,3c0gDdb9lhnHGFtP4prQpn,https://i.scdn.co/image/ab6761610000e5eb031e8e2a9c4893810a02f863
Addison Rae,4gvjmrtzydbMpyJaXUtwvP,https://i.scdn.co/image/ab6761610000e5eb5469fceeea387ed21b62d609
Arash,7hQmAXAzWI6D350VTgkKTG,https://i.scdn.co/image/ab6761610000e5eb8e9de878bbe3b8df173c111a
Daecolm,1IFAU4mznUcfPVP9z2c24N,https://i.scdn.co/image/ab6761610000e5ebc460e68437da8f84b4fcc0cb
LOUKI,6uzHLlGqFKaXYOnZyYmXYg,https://i.scdn.co/image/ab6761610000e5eb0a1440ffd44593af473b99f0
Odetari,7ITMCzIU9uII8gwRg8JAhc,https://i.scdn.co/image/ab6761610000e5eb4b0e132416870a0a1c01607b
Ndotz,5HK6QtizXJzCmoYTkvFRik,https://i.scdn.co/image/ab6761610000e5ebc582945d5c2d9db20dd4e0be
Victor Mendivil,5YqI7p8zYsOpKJtjxYdOce,https://i.scdn.co/image/ab6761610000e5ebc67ff7255a076429ad3f628d
HUMBE,1b7AEdUSudOQoZF5ebUxCL,https://i.scdn.co/image/ab6761610000e5eb021638c06fe9c9b8b5856c26
De La Rose,54seKvtsZauR1iauN0ptpo,https://i.scdn.co/image/ab6761610000e5ebe7a66e01fb32b127653840d0
Valentino Merlo,55ru5B05MMBunM1tvH7Di6,https://i.scdn.co/image/ab6761610000e5eb57058d18b8775c133b6abf1a
The La Planta,4oZolC0sCwCAKqsNXfRlVS,https://i.scdn.co/image/ab6761610000e5ebffd2baf50892be0920d94904
Crowded House,7ohlPA8dRBtCf92zaZCaaB,https://i.scdn.co/image/ab6761610000e5eb44cb4815148bd49c0a600b89
Imogen Heap,6Xb4ezwoAQC4516kI89nWz,https://i.scdn.co/image/ab6761610000e5eb7ed0386d30b59531eddd34ba
Patrick Watson,7bPs6jf983f0bjRAt1yxDM,https://i.scdn.co/image/ab6761610000e5eb9ab82294b5896dfa4c4a18c2
Jon Hopkins,7yxi31szvlbwvKq9dYOmFI,https://i.scdn.co/image/ab6761610000e5eb1c0c0e567366e8b528e7c6b7
Bb trickz,5QS9NAK4AgJPTcRe472pZA,https://i.scdn.co/image/ab6761610000e5ebe047a37fd8192c153a9031d6
Shygirl,3M3wTTCDwicRubwMyHyEDy,https://i.scdn.co/image/ab6761610000e5eb0c10bbc4e224a0e3cb730980
Caroline Polachek,4Ge8xMJNwt6EEXOzVXju9a,https://i.scdn.co/image/ab6761610000e5eb5da901a1dd949436f2377f72
Capital Cities,4gwpcMTbLWtBUlOijbVpuu,https://i.scdn.co/image/ab6761610000e5eb06cd693c214706a4ce0a98ed
W Sound,5uwa6tAMMfNbBFIHiI6NV4,https://i.scdn.co/image/ab6761610000e5ebe1f56949ac440b59fc69adf5
Love Funk,64DTkZLH6KkkMwZEEZ5VWC,https://i.scdn.co/image/ab6761610000e5eba4652e5debf04261013d9d57
Mc Kako,5InVWl8IZB8zFAoNa5roKm,https://i.scdn.co/image/ab6761610000e5ebc94de3f7eec22c1403e8ed63
Léo Foguete,1DuBkL1pAgaZQHXKPiVr08,https://i.scdn.co/image/ab6761610000e5eb1f5c1b1d0a8f1f44c214360b
GloRilla,2qoQgPAilErOKCwE2Y8wOG,https://i.scdn.co/image/ab6761610000e5ebc33cf3ad025517202d8efbc0
LaToiya Williams,6w71vXwHI2Oz6I5OO41tRM,https://i.scdn.co/image/ab67616d0000b273f1710ebb5e80f83369e40e97
Lola Young,67FB4n52MgexGQIG8s0yUH,https://i.scdn.co/image/ab6761610000e5eb35d858c545fe337d3a152d65
Talking Heads,2x9SpqnPi8rlE9pjHBwmSC,https://i.scdn.co/image/e4c5b04fce8706c87663357b1f78522a3a5c641b
John Carpenter,0hxQtmgWiPtEsDPeIuKxXq,https://i.scdn.co/image/ab6772690000c46ce2ad82270dd749b2b7172a19
Cody Carpenter,5rJxl4BLLAaFRSNgAz2hSg,https://i.scdn.co/image/ab6772690000c46c92d1c7ccb19f76f6d32cca57
Daniel Davies,0YaDmIGxP3HVcH7xvkpvSP,https://i.scdn.co/image/ab6761610000e5eb720350142905f5b72252ac33
Big Time Rush,0GWCNkPi54upO9WLlwjAHd,https://i.scdn.co/image/ab6761610000e5eb985f57a67a3aa6a11112677c
DFZM,6ndLrsgT3MV5CNxIrW71fw,https://i.scdn.co/image/ab6761610000e5ebe3411fa6daf9ae42e35c16df
Aleyna Tilki,4ckLjJztj53Ifid7WHweBn,https://i.scdn.co/image/ab6761610000e5ebe7f32a74f53a7e0458c22285
FireVRMusic,09sUeRJ1zt4ApzCJ39Hm7Y,https://i.scdn.co/image/ab6761610000e5eb80d5c54871a2b5ec4fde000c
Chezile,1EmdfupUQDpXOcb4Nj2mBH,https://i.scdn.co/image/ab6761610000e5eb305734f8a1106c4b6db15018
MC LUUKY,70jpkgy5oGT4YjaGFpCpk7,https://i.scdn.co/image/ab6761610000e5ebec1fef19ee9676f9ce662f39
DJ JB Mix,7wLAecYIgstxcjqe6JwT3w,https://i.scdn.co/image/ab6761610000e5eb5f65c6113609bc968ba57a56
Laura Pausini,2e4nwiX8ZCU09LGLOpeqTH,https://i.scdn.co/image/ab6761610000e5eb102bbbb1f908fd139e98c510
Marconi Impara,3AP96neoRZgep3w7wvhubP,https://i.scdn.co/image/ab6761610000e5eb91758e15f85c4fa345cfded4
Yan Block,6TKygPpVT29oGUogu4J9Ec,https://i.scdn.co/image/ab6761610000e5eb1da4b46f64bb40d556b5684f
WENDY,0FRUZvZNPzM3YJMABJxf2K,https://i.scdn.co/image/ab6761610000e5ebeb30a593572712cb0a32a645
Alexis y Fido,7tU1VKOuxiNZwBZC6RHidA,https://i.scdn.co/image/ab6761610000e5eba0a8c2fafcbdce31dcf62881
LATIN MAFIA,6XTGKOV9jceQ6f67lnhpbF,https://i.scdn.co/image/ab6761610000e5eb8abe977d17e650d4fa2ec093
Dody6,4VHa48wXlsDA2vWfgIi7cX,https://i.scdn.co/image/ab6761610000e5eb776340ade80830a0dda7d31a
Lefty Gunplay,1jiZvw42D4oquLl24x2VWV,https://i.scdn.co/image/ab6761610000e5eb13c244455396b94a03f363db
Wallie the Sensei,6cUpFVxDYWed9WxtC4QgC5,https://i.scdn.co/image/ab6761610000e5ebea161d29e9e5c7e44a161250
Siete7x,7J5UWTbsUFjoSQZQCQCqbQ,https://i.scdn.co/image/ab6761610000e5eb98ec8eb18a6537a9db1b9de0
Az Chike,6fqjJNsLs7g6F3PXy01Xnw,https://i.scdn.co/image/ab6761610000e5eb8f044079ab705f6367228892
Hitta J3,50DchbKTiJU56SYmIRSJCI,https://i.scdn.co/image/ab6761610000e5eb5282a390867db0e5698c7138
YoungThreat,1q2nUylEqrRJkiDkXa39Mw,https://i.scdn.co/image/ab67616d0000b273de2e894be75c77ef187fee37
Peysoh,27OdVby2oeFjM1C5XvC3hC,https://i.scdn.co/image/ab6761610000e5eb3c9a8301ef22076a29d94ece
Cynthia Erivo,46UMQ0cW8ToR8egkBRwAxZ,https://i.scdn.co/image/ab6761610000e5eb07b5246330d4128ae0f20996
Pomme,6e3pZKXUxrPfnUPJ960Hd9,https://i.scdn.co/image/ab6761610000e5eba10207b72810ec9714fa6dd0
Woodkid,44TGR1CzjKBxSHsSEy7bi9,https://i.scdn.co/image/ab6761610000e5eb75b44a5ac0ce26ea18e05265
Marcus King,0FeWKiZSwBRdGzqeCdlH1a,https://i.scdn.co/image/ab6761610000e5ebe1d3a17442248cc5584c8781
Park Hyo Shin,57htMBtzpppc1yoXgjbslj,https://i.scdn.co/image/ab6761610000e5eb1e93f18daa7131d2e61b7728
Gazo,5gqmbbfjcikQBzPB5Hv13I,https://i.scdn.co/image/ab6761610000e5eb6a7ea12619c2e6170e8fee77
Brenno & Matheus,5aC2LaswbZgcf1G2uxqBxF,https://i.scdn.co/image/ab6761610000e5eb0ed2c6d8c8e8ff52e3024eb1
DJ Ari SL,3la3vRfIuDMsydpPfUBryR,https://i.scdn.co/image/ab6761610000e5eb5c3658fe3b7c4debb23ce718
yung kai,6zO1dZ40fTZ5hY9NnnRJSk,https://i.scdn.co/image/ab6761610000e5ebb45f191e351f062c7213e0a9
Davido,0Y3agQaa6g2r0YmHPOO9rh,https://i.scdn.co/image/ab6761610000e5eb1ae40d4e47750c0ac367f993
ODUMODUBLVCK,3LOm0AZjpwVQebvkyanjDy,https://i.scdn.co/image/ab6761610000e5eb7aa08629d8a9c6eb55316264
Chike,6zK1M4TcabpLQMNmmG2P0Q,https://i.scdn.co/image/ab6761610000e5ebf41c5784d52099ecfd06d8be
Jorsshh,3HJq88k0us5XSJ4tD3J8RG,https://i.scdn.co/image/ab6761610000e5eb9b655470237f1d7baf0ee7db
The Moonglows,1sZwQg2rvSlGhkG218SouM,https://i.scdn.co/image/51738d887cc683377ab409b814db3206150bd6d6
Nilo,5uD6uRKj2xYxpqx8bscaco,https://i.scdn.co/image/ab6761610000e5eb10538a130690ef8a7cf15149
DJ Di Marques,4CJ3CnKb8dSlzci7eaSOcV,https://i.scdn.co/image/ab6761610000e5ebc336eff41f913935557c18ba
FamousKyo,6neX3m8RObh5N8X6AEBYiw,https://i.scdn.co/image/ab6761610000e5ebe793b66c182a57746986c314
The Weavers,4E5eAkpbJLO40r8fWNWm6X,https://i.scdn.co/image/21e3c45c776432254b28fa84a0e05046e9089f2f
Alleh,3DeOmVSmpv7WknXoo1OS8p,https://i.scdn.co/image/ab6761610000e5eb43ce88c0c0a38f7279ff6c43
Yorghaki,4eq1q0o9XPyNq9RG3fNDD1,https://i.scdn.co/image/ab6761610000e5eba569aaf2f4f8449762c08d59
J. Eskine,4gKSUeHW82tGBeJsJSB1JC,https://i.scdn.co/image/ab6761610000e5eba0352c05797cfb3cf90db141
Alef Donk,0aSE67DwCWR6JKhdVUmz6I,https://i.scdn.co/image/ab6761610000e5eb19a25bb452fdb5df01cdeb62
Mc Rodrigo do CN,54bV1pHNm5h5EcEgMis1RC,https://i.scdn.co/image/ab6761610000e5eb1b3cd7341e947a14fe1e5427
Dj Lc da Roça,1BNbDHa9FSPxIyZmcymSyL,https://i.scdn.co/image/ab6761610000e5ebd66d9019fb143aecc14d4e1d
MC K9,6Vxu4TDCN5TMlRpdu6a2Ag,https://i.scdn.co/image/ab6761610000e5ebd5c2d1f95be4a1e71e0bf0b8
mc pl alves,47wsfaEWJwhWd9bs04Oc1g,https://i.scdn.co/image/ab6761610000e5ebf78dc3fad127fededa4ee1e0
Glee Cast,0SCbttzoZTnLFebDYmAWCm,https://i.scdn.co/image/5b5a95f260ac429405e871777e3c17c9126c30ad
Bleachers,2eam0iDomRHGBypaDQLwWI,https://i.scdn.co/image/ab6761610000e5eb5612e039ce8b2d05e0bac0a9
Clyde McPhatter & The Drifters,3wvL1LH03jmuLkIEPSK8m2,https://i.scdn.co/image/ab67616d0000b273cb640b99695d56a793bc19c5
Naughty Boy,1bT7m67vi78r2oqvxrP3X5,https://i.scdn.co/image/ab6761610000e5eba19c2ed6473d34ac24bd4093
Andmesh,6IDsZZ4IHgs9VblBgQQSmt,https://i.scdn.co/image/ab6761610000e5ebf89ddd2d4c1723297636f4ff
Clave Especial,0NlNru2YcUz6RbnpYGQz26,https://i.scdn.co/image/ab6761610000e5eb8587638eaa41d0e635baf2a9
