spotify_track_id,song,artist,genres,parent_genres,album,time,all_streams,years_on_chart,song_type
000xQL6tZNLJzIrtIgxqSl,Still Got Time (feat. PARTYNEXTDOOR),"ZAYN,PARTYNEXTDOOR",r&b,R&B,Still Got Time (feat. PARTYNEXTDOOR),03:08,106734890,2017,Collaboration
003vvx7Niy0yvhvHt4a68B,Mr. Brightside,The Killers,alternative rock,Rock,Hot Fuss,03:42,781058438,2020,Solo
003vvx7Niy0yvhvHt4a68B,Mr. Brightside,The Killers,alternative rock,Rock,Hot Fuss,03:42,781058438,2021,Solo
003vvx7Niy0yvhvHt4a68B,Mr. Brightside,The Killers,alternative rock,Rock,Hot Fuss,03:42,781058438,2022,Solo
003vvx7Niy0yvhvHt4a68B,Mr. Brightside,The Killers,alternative rock,Rock,Hot Fuss,03:42,781058438,2023,Solo
003vvx7Niy0yvhvHt4a68B,Mr. Brightside,The Killers,alternative rock,Rock,Hot Fuss,03:42,781058438,2024,Solo
00EPIEnX1JFjff8sC6bccd,No Me Acuerdo,"Thalia,NATTI NATASHA","latin pop, reggaeton, latin, urbano latino",Latin,No Me Acuerdo,03:37,99336818,2018,Collaboration
00ZKeP47bZtswtANkvxz2j,Baile do Bruxo,"Tropa do Bruxo,DJ Ws da Igrejinha,SMU,Triz,Mc Menor Thalis","funk, funk de bh, brazilian trap, brazilian funk, funk carioca",Hip Hop,Baile do Bruxo,03:41,62094603,2023,Collaboration
00ZKeP47bZtswtANkvxz2j,Baile do Bruxo,"Tropa do Bruxo,DJ Ws da Igrejinha,SMU,Triz,Mc Menor Thalis","funk, funk de bh, brazilian trap, brazilian funk, funk carioca",Hip Hop,Baile do Bruxo,03:41,62094603,2024,Collaboration
00rxTS5TKv3oXpDA6nWfBi,Maria Mariah,"JC NO BEAT,DJ F7,MC Meno Dani,Silva Mc","funk, brazilian funk",Hip Hop,Maria Mariah,01:58,25477272,2023,Collaboration
00rxTS5TKv3oXpDA6nWfBi,Maria Mariah,"JC NO BEAT,DJ F7,MC Meno Dani,Silva Mc","funk, brazilian funk",Hip Hop,Maria Mariah,01:58,25477272,2024,Collaboration
00syWkRGIVQvYsg2OwfBUw,East Side of Sorrow,Zach Bryan,"country, red dirt",Country,Zach Bryan,03:29,20301852,2023,Solo
0163eXbLwh5dFhKa73n9wG,300 Noches,"Belinda,Natanael Cano","latin pop, corridos tumbados, corrido, corridos bélicos, sad sierreño, electro corridos, sierreño, música mexicana, banda",Latin,300 Noches,03:24,22606321,2024,Collaboration
017PF4Q3l4DBUiWoXk4OWT,Break My Heart,Dua Lipa,pop,Pop,Future Nostalgia,03:41,675204956,2020,Solo
017PF4Q3l4DBUiWoXk4OWT,Break My Heart,Dua Lipa,pop,Pop,Future Nostalgia,03:41,675204956,2021,Solo
01DOm09B2AbiTARAbXVI6g,CHopstix (with Travis Scott),"ScHoolboy Q,Travis Scott",rap,Hip Hop,CHopstix (with Travis Scott),03:01,10407677,2019,Collaboration
01Qb6dN5suQNu87VJ1mIpf,Did It Again,Lil Tecca,"melodic rap, rap",Hip Hop,Did It Again,01:56,11335143,2019,Solo
01TnVDiet1DFTsyWKUKovl,NUMB,XXXTENTACION,emo rap,Hip Hop,?,03:06,53948923,2018,Solo
01ppKlDRCmPpusO3yNrSRY,TELEFONO NUEVO,"Bad Bunny,Luar La L","reggaeton, trap latino, latin, urbano latino",Latin,nadie sabe lo que va a pasar mañana,05:54,62498370,2023,Collaboration
01qFKNWq73UfEslI0GvumE,3D (feat. Jack Harlow),"Jung Kook,Jack Harlow","k-pop, ",Pop,3D : The Remixes,03:21,732886323,2023,Collaboration
01qFKNWq73UfEslI0GvumE,3D (feat. Jack Harlow),"Jung Kook,Jack Harlow","k-pop, ",Pop,3D : The Remixes,03:21,732886323,2024,Collaboration
01uk7IzZyFNfQTDBXxx6NB,One Last Song,Sam Smith,soft pop,Pop,The Thrill Of It All (Special Edition),03:12,11843789,2017,Solo
020wG4EHTwBy5h2rbpxqvK,SUPREME - L'ego (feat. tha Supreme & Sfera Ebbasta),"Marracash,thasup,Sfera Ebbasta","italian trap, trap",Hip Hop,Persona,03:43,10580175,2019,Collaboration
0247StOpd3AkeBQzANX4Zf,Do They Know It's Christmas? - 1984 Version,Band Aid,christmas,Jazz,Do They Know It's Christmas?,03:42,243113452,2018,Solo
0247StOpd3AkeBQzANX4Zf,Do They Know It's Christmas? - 1984 Version,Band Aid,christmas,Jazz,Do They Know It's Christmas?,03:42,243113452,2019,Solo
0247StOpd3AkeBQzANX4Zf,Do They Know It's Christmas? - 1984 Version,Band Aid,christmas,Jazz,Do They Know It's Christmas?,03:42,243113452,2020,Solo
0247StOpd3AkeBQzANX4Zf,Do They Know It's Christmas? - 1984 Version,Band Aid,christmas,Jazz,Do They Know It's Christmas?,03:42,243113452,2021,Solo
02CrqOYzrJR8fYOffhvRZZ,number one girl,ROSÉ,k-pop,Pop,number one girl,03:36,31799929,2024,Solo
02FaKXXL7KUtRc7K0k54tL,Cozy Little Christmas,Katy Perry,pop,Pop,Cozy Little Christmas,03:02,26385207,2019,Solo
02FaKXXL7KUtRc7K0k54tL,Cozy Little Christmas,Katy Perry,pop,Pop,Cozy Little Christmas,03:02,26385207,2020,Solo
02FaKXXL7KUtRc7K0k54tL,Cozy Little Christmas,Katy Perry,pop,Pop,Cozy Little Christmas,03:02,26385207,2022,Solo
02FaKXXL7KUtRc7K0k54tL,Cozy Little Christmas,Katy Perry,pop,Pop,Cozy Little Christmas,03:02,26385207,2023,Solo
02FaKXXL7KUtRc7K0k54tL,Cozy Little Christmas,Katy Perry,pop,Pop,Cozy Little Christmas,03:02,26385207,2024,Solo
02H58MSfVESkKyx4diDgu7,LOST!,RM,"k-pop, k-rap",Pop,"Right Place, Wrong Person",03:53,13610233,2024,Solo
02WacdrRpm4zlP8H7X6bnQ,Dancing On My Own,Calum Scott,soft pop,Pop,Dancing On My Own,04:20,25318526,2017,Solo
02itaCXOdC54J0ISjqqFAp,All Around The World (La La La),"R3HAB,A Touch Of Class","slap house, edm, europop, eurodance",Electronic,All Around The World (La La La),02:27,105576121,2019,Collaboration
02jLfqc9gMo8PkHEGHY3OT,Si Te La Encuentras Por Ahí,Feid,"reggaeton, urbano latino",Latin,Si Te La Encuentras Por Ahí,03:11,41725702,2022,Solo
02kDW379Yfd5PzW5A6vuGt,Lemonade,"Internet Money,Gunna,Don Toliver,NAV",melodic rap,Hip Hop,"Lemonade (feat. Gunna, Don Toliver & NAV)",03:15,19804278,2020,Collaboration
02wk5BttM0QL38ERjLPQJB,Cool With You,NewJeans,k-pop,Pop,NewJeans 2nd EP 'Get Up',02:27,73125120,2023,Solo
030mot3ZKR3oskfMsqDB2R,Have Yourself A Merry Little Christmas,Judy Garland,christmas,Jazz,Meet Me In St. Louis,02:42,11363891,2019,Solo
030mot3ZKR3oskfMsqDB2R,Have Yourself A Merry Little Christmas,Judy Garland,christmas,Jazz,Meet Me In St. Louis,02:42,11363891,2020,Solo
030mot3ZKR3oskfMsqDB2R,Have Yourself A Merry Little Christmas,Judy Garland,christmas,Jazz,Meet Me In St. Louis,02:42,11363891,2021,Solo
03IpZ9yqJlo3EIgDQUgBSF,Nueva Era,"Duki,Myke Towers","argentine trap, trap, trap latino, reggaeton, urbano latino",Hip Hop,AMERI,03:37,22705801,2024,Collaboration
03LfOYi0icz4souspZVVhq,"Nicky Jam: Bzrp Music Sessions, Vol. 41","Bizarrap,Nicky Jam","argentine trap, trap latino, urbano latino, reggaeton, latin",Hip Hop,"Nicky Jam: Bzrp Music Sessions, Vol. 41",02:38,80323165,2021,Collaboration
03fs6oV5JAlbytRYf3371S,Everything I Love,Morgan Wallen,country,Country,One Thing At A Time,03:07,19841480,2023,Solo
03iCbZaM4OkRR4We6wIzvx,IDOL,"BTS,Nicki Minaj","k-pop, ",Pop,Love Yourself 結 'Answer',04:20,20342559,2018,Collaboration
03rwnftfgpYVO6QDWOZcG6,Drew A Picasso,Drake,"rap, hip hop",Hip Hop,For All The Dogs,04:22,23169266,2023,Solo
03y045SZqaC94yfXl1cU4E,Petrouchka (feat. PLK),"Soso Maness,PLK",pop urbaine,Hip Hop,Avec le temps,03:09,16974759,2021,Collaboration
040I32EKLxQrkuxQu1pqvT,Saturn,SZA,r&b,R&B,SOS Deluxe: LANA,03:06,20782725,2024,Solo
042x9bsUBWW2fJgJ6fUh61,Not Going Home (feat. Gia Koka),"DVBBS,CMC$,Gia Koka","edm, big room, electronica, ",Electronic,Not Going Home (feat. Gia Koka),03:16,31785540,2017,Collaboration
04CttTezSnv71USiiG9mIo,Lighthouse - Andrelli Remix,"Hearts & Colors,Andrelli",tropical house,Electronic,Lighthouse (Andrelli Remix),03:38,39296383,2017,Collaboration
04CyMEHliadfQWMUJb1w99,BURN,"¥$,Kanye West,Ty Dolla $ign","rap, ",Hip Hop,VULTURES 1,01:51,72563010,2024,Collaboration
04DwTuZ2VBdJCCC5TROn7L,In the Name of Love,"Martin Garrix,Bebe Rexha","edm, electronica, progressive house, ",Electronic,The Martin Garrix Collection,03:15,216649184,2017,Collaboration
04MLEeAMuV9IlHEsD8vF6A,No Stylist (feat. Drake),"French Montana,Drake","rap, hip hop",Hip Hop,No Stylist,03:12,183799468,2018,Collaboration
04MLEeAMuV9IlHEsD8vF6A,No Stylist (feat. Drake),"French Montana,Drake","rap, hip hop",Hip Hop,No Stylist,03:12,183799468,2019,Collaboration
04WxWo7XeVyx22xEsrWRUb,GOD'S COUNTRY,Travis Scott,rap,Hip Hop,UTOPIA,02:07,49566640,2023,Solo
04cd1MHVq1D8v1nuTZoCdv,Puntos Suspensivos,Piso 21,"reggaeton, colombian pop, pop urbano",Pop,Ubuntu,03:06,12884126,2018,Solo
04cd1MHVq1D8v1nuTZoCdv,Puntos Suspensivos,Piso 21,"reggaeton, colombian pop, pop urbano",Pop,Ubuntu,03:06,12884126,2019,Solo
04ndZkbKGthTgYSv3xS7en,Cupido,TINI,latin pop,Pop,Cupido,02:54,343089026,2023,Solo
04vLj9QUXoKdRlsp3gkURo,Mele Kalikimaka (Merry Christmas),"Bing Crosby,The Andrews Sisters","christmas, big band, swing music",Easy listening,White Christmas,02:55,36535554,2018,Collaboration
04vLj9QUXoKdRlsp3gkURo,Mele Kalikimaka (Merry Christmas),"Bing Crosby,The Andrews Sisters","christmas, big band, swing music",Easy listening,White Christmas,02:55,36535554,2019,Collaboration
04vLj9QUXoKdRlsp3gkURo,Mele Kalikimaka (Merry Christmas),"Bing Crosby,The Andrews Sisters","christmas, big band, swing music",Easy listening,White Christmas,02:55,36535554,2024,Collaboration
053zWWZDziDJd3U94x8RuP,Todo Mundo Menos Você,"Marília Mendonça,Maiara & Maraisa","sertanejo, sertanejo universitário, arrocha, forró, piseiro",Country,Festa das Patroas 35%,03:26,40023075,2021,Collaboration
053zWWZDziDJd3U94x8RuP,Todo Mundo Menos Você,"Marília Mendonça,Maiara & Maraisa","sertanejo, sertanejo universitário, arrocha, forró, piseiro",Country,Festa das Patroas 35%,03:26,40023075,2022,Collaboration
059bcIhyc2SBwm6sw2AZzd,Te Vi,"Piso 21,Micro TDH","reggaeton, colombian pop, pop urbano, ",Pop,Te Vi,03:51,209597510,2019,Collaboration
059qzhNaJb8tsqpdl2bHfF,Una Velita,Bad Bunny,"reggaeton, trap latino, latin, urbano latino",Latin,Una Velita,03:59,10090210,2024,Solo
05KOgYg8PGeJyyWBPi5ja8,Free Smoke,Drake,"rap, hip hop",Hip Hop,More Life,03:38,51271511,2017,Solo
05WVKTdZhlIMX4qqMLuo0f,BELLAKEO,"Peso Pluma,Anitta","corrido, corridos tumbados, corridos bélicos, música mexicana, sad sierreño, electro corridos, banda, brazilian pop, funk pop, funk carioca, funk, pagode baiano",Latin,BELLAKEO,03:17,366110417,2023,Collaboration
05WVKTdZhlIMX4qqMLuo0f,BELLAKEO,"Peso Pluma,Anitta","corrido, corridos tumbados, corridos bélicos, música mexicana, sad sierreño, electro corridos, banda, brazilian pop, funk pop, funk carioca, funk, pagode baiano",Latin,BELLAKEO,03:17,366110417,2024,Collaboration
05Z7jet4VDNVgNQWcYHnrk,Party (feat. Usher & Gucci Mane),"Chris Brown,USHER,Gucci Mane","r&b, southern hip hop, rap, trap",R&B,Party (feat. Usher & Gucci Mane),03:40,13609737,2017,Collaboration
05ZXXyeZFhZtA6DAP3Aw7x,Loca (feat. Cali y El Dandee),"Maite Perroni,Cali Y El Dandee","latin pop, colombian pop, reggaeton",Pop,Loca (feat. Cali y El Dandee),03:54,14297713,2017,Collaboration
05aZ9sAU1YXndHv0FMi9iW,Demons (feat. Fivio Foreign & Sosa Geek),"Drake,Fivio Foreign,Sosa Geek","rap, hip hop, brooklyn drill, new york drill, drill, uk drill",Hip Hop,Dark Lane Demo Tapes,03:24,13197609,2020,Collaboration
05bfbizlM5AX6Mf1RRyMho,AM Remix,"Nio Garcia,J Balvin,Bad Bunny","reggaeton, trap latino, latin, urbano latino",Latin,AM Remix,04:21,367271465,2021,Collaboration
05bfbizlM5AX6Mf1RRyMho,AM Remix,"Nio Garcia,J Balvin,Bad Bunny","reggaeton, trap latino, latin, urbano latino",Latin,AM Remix,04:21,367271465,2022,Collaboration
05mAIVLkIWc2d1UBYZBCp8,1999,"Charli xcx,Troye Sivan","hyperpop, art pop, ",Pop,1999,03:09,32852205,2018,Collaboration
05rJdH2MRLJ3sQoEUO78qs,Paradinha,Anitta,"brazilian pop, funk pop, funk carioca, funk, pagode baiano",Pop,Paradinha,02:21,38276224,2017,Solo
05t7JMip6JrLuSrMV5yYjX,Envy Me,Calboy,melodic rap,Hip Hop,Envy Me,02:00,73509849,2019,Solo
05tGmdz9dVZ4yGqz4YJdPK,La Intención,"Christian Nodal,Peso Pluma","banda, ranchera, mariachi, norteño, música mexicana, grupera, corrido, corridos tumbados, corridos bélicos, sad sierreño, electro corridos",Latin,La Intención,04:09,43957690,2024,Collaboration
05zd5Nv0e02ZqrlC8A2cwx,United In Grief,Kendrick Lamar,"hip hop, west coast hip hop",Hip Hop,Mr. Morale & The Big Steppers,04:15,36566509,2022,Solo
06FCvd7rrRcF3DdvWH5Isp,LUST.,Kendrick Lamar,"hip hop, west coast hip hop",Hip Hop,DAMN.,05:07,35455979,2017,Solo
06JvOZ39sK8D8SqiqfaxDU,True Love,"Kanye West,XXXTENTACION","rap, emo rap",Hip Hop,True Love,02:28,51482863,2022,Collaboration
06Qo2fYR2KS1F7bL338iVT,Closer to You (feat. Major Lazer),"Jung Kook,Major Lazer","k-pop, moombahton",Pop,GOLDEN,02:50,28085712,2023,Collaboration
06qMRF18gwbOYYbnP2du6i,Last Christmas - Single Version,Wham!,christmas,Jazz,The Singles: Echoes from the Edge of Heaven,04:25,645877076,2023,Solo
06qMRF18gwbOYYbnP2du6i,Last Christmas - Single Version,Wham!,christmas,Jazz,The Singles: Echoes from the Edge of Heaven,04:25,645877076,2024,Solo
06s3QtMJVXw1AJX3UfvZG1,Hasta Que Dios Diga,"Anuel AA,Bad Bunny","reggaeton, trap latino, urbano latino, latin",Latin,Emmanuel,04:06,196191970,2020,Collaboration
073ILU1C3APNRGF66VhtyA,Liar,Camila Cabello,pop,Pop,Romance,03:27,57503074,2019,Solo
073ILU1C3APNRGF66VhtyA,Liar,Camila Cabello,pop,Pop,Romance,03:27,57503074,2020,Solo
079Ey5uxL04AKPQgVQwx5h,Baila Conmigo (with Rauw Alejandro),"Selena Gomez,Rauw Alejandro","pop, reggaeton, urbano latino, trap latino, latin",Latin,Revelación - EP,03:06,170621325,2021,Collaboration
07FkzikE6FuHIa8Ma7zJGc,Lie,NF,christian hip hop,Hip Hop,Perception,03:29,13235639,2018,Solo
07KXEDMj78x68D884wgVEm,High Fashion (feat. Mustard),"Roddy Ricch,Mustard","melodic rap, ",Hip Hop,Please Excuse Me for Being Antisocial,03:40,222761594,2020,Collaboration
07Oz5StQ7GRoygNLaXs2pd,Good as Hell (feat. Ariana Grande) - Remix,"Lizzo,Ariana Grande",pop,Pop,Good as Hell (feat. Ariana Grande) [Remix],02:39,132301024,2019,Collaboration
07Oz5StQ7GRoygNLaXs2pd,Good as Hell (feat. Ariana Grande) - Remix,"Lizzo,Ariana Grande",pop,Pop,Good as Hell (feat. Ariana Grande) [Remix],02:39,132301024,2020,Collaboration
07bsRv0pcpbG4zJeLsUs1p,Eyes Closed,Ed Sheeran,soft pop,Pop,Eyes Closed,03:14,15712580,2023,Solo
07rmSXN6vNoquX1AsWd9pP,Lalala,"Y2K,bbno$",meme rap,Hip Hop,Lalala,02:40,12017351,2019,Collaboration
07s9NNOT0sZQp7TyolLLgu,Own It (feat. Ed Sheeran & Burna Boy),"Stormzy,Burna Boy,Ed Sheeran","grime, uk drill, afrobeats, afrobeat, afropop, afroswing, dancehall, afropiano, soft pop",Traditional music,Own It (feat. Ed Sheeran & Burna Boy),03:36,26568908,2019,Collaboration
086myS9r57YsLbJpU0TgK9,Why'd You Only Call Me When You're High?,Arctic Monkeys,"indie, garage rock",Rock,AM,02:41,998545471,2022,Solo
086myS9r57YsLbJpU0TgK9,Why'd You Only Call Me When You're High?,Arctic Monkeys,"indie, garage rock",Rock,AM,02:41,998545471,2023,Solo
086myS9r57YsLbJpU0TgK9,Why'd You Only Call Me When You're High?,Arctic Monkeys,"indie, garage rock",Rock,AM,02:41,998545471,2024,Solo
08EPQiLMyGB8GJX2EiVoCM,Blaues Licht,"RAF Camora,Bonez MC",german hip hop,Hip Hop,Zukunft,02:24,15849970,2021,Collaboration
08F16baYbciTva9P4BvpiI,MAFIA,Travis Scott,rap,Hip Hop,ESCAPE PLAN / MAFIA,04:00,17668670,2021,Solo
08LwMWf5Tcfsd752EPzFV0,i n t e r l u d e,J. Cole,rap,Hip Hop,The Off-Season,02:13,28850851,2021,Solo
08WPvDEsHvTFuB9w8tC2OS,Now and Later,Sage The Gemini,hyphy,Hip Hop,Morse Code,03:13,103051504,2017,Solo
08XWh5c0BMyD1nKVxxl91z,Fountains (with Tems),"Drake,Tems","rap, hip hop, afrobeats, alté, afrobeat, afropop",Traditional music,Certified Lover Boy,03:12,21240887,2021,Collaboration
08aYFNUTIOMGq93e2VSArQ,Que Le De,"Rauw Alejandro,Nicky Jam","reggaeton, urbano latino, trap latino, latin",Latin,Que Le De,03:45,10185839,2019,Collaboration
08bNPGLD8AhKpnnERrAc6G,FRIENDS,"Marshmello,Anne-Marie","edm, ",Electronic,FRIENDS,03:22,705121626,2018,Collaboration
08bNPGLD8AhKpnnERrAc6G,FRIENDS,"Marshmello,Anne-Marie","edm, ",Electronic,FRIENDS,03:22,705121626,2019,Collaboration
08mG3Y1vljYA6bvDt4Wqkj,Back In Black,AC/DC,"rock, hard rock, classic rock, rock and roll",Rock,Back In Black,04:15,12828872,2020,Solo
08mG3Y1vljYA6bvDt4Wqkj,Back In Black,AC/DC,"rock, hard rock, classic rock, rock and roll",Rock,Back In Black,04:15,12828872,2024,Solo
09CnYHiZ5jGT1wr1TXJ9Zt,Thank You (Not So Bad),"Dimitri Vegas & Like Mike,Tiësto,Dido,W&W,Dimitri Vegas,Like Mike","big room, electronica, edm, electro, trance, house, dance, ",Electronic,Thank You (Not So Bad),02:20,122164941,2024,Collaboration
09FfQO3PqHO4HIJL511Ksi,Nice Guy (with Jessie Reyez),"Eminem,Jessie Reyez","rap, hip hop, ",Hip Hop,Kamikaze,02:30,18273729,2018,Collaboration
09IStsImFySgyp0pIQdqAc,The Middle,"Zedd,Maren Morris,Grey","edm, country, ",Country,The Middle,03:04,421847588,2018,Collaboration
09IStsImFySgyp0pIQdqAc,The Middle,"Zedd,Maren Morris,Grey","edm, country, ",Country,The Middle,03:04,421847588,2019,Collaboration
09IStsImFySgyp0pIQdqAc,The Middle,"Zedd,Maren Morris,Grey","edm, country, ",Country,The Middle,03:04,421847588,2020,Collaboration
09OojFvtrM9YRzRjnXqJjA,Rockin' Around the Christmas Tree - Rerecorded Version,Brenda Lee,christmas,Jazz,A Brenda Lee Christmas,02:06,22727636,2017,Solo
09OojFvtrM9YRzRjnXqJjA,Rockin' Around the Christmas Tree - Rerecorded Version,Brenda Lee,christmas,Jazz,A Brenda Lee Christmas,02:06,22727636,2018,Solo
09OojFvtrM9YRzRjnXqJjA,Rockin' Around the Christmas Tree - Rerecorded Version,Brenda Lee,christmas,Jazz,A Brenda Lee Christmas,02:06,22727636,2019,Solo
09OojFvtrM9YRzRjnXqJjA,Rockin' Around the Christmas Tree - Rerecorded Version,Brenda Lee,christmas,Jazz,A Brenda Lee Christmas,02:06,22727636,2020,Solo
09OojFvtrM9YRzRjnXqJjA,Rockin' Around the Christmas Tree - Rerecorded Version,Brenda Lee,christmas,Jazz,A Brenda Lee Christmas,02:06,22727636,2021,Solo
09OojFvtrM9YRzRjnXqJjA,Rockin' Around the Christmas Tree - Rerecorded Version,Brenda Lee,christmas,Jazz,A Brenda Lee Christmas,02:06,22727636,2022,Solo
09OojFvtrM9YRzRjnXqJjA,Rockin' Around the Christmas Tree - Rerecorded Version,Brenda Lee,christmas,Jazz,A Brenda Lee Christmas,02:06,22727636,2023,Solo
09OojFvtrM9YRzRjnXqJjA,Rockin' Around the Christmas Tree - Rerecorded Version,Brenda Lee,christmas,Jazz,A Brenda Lee Christmas,02:06,22727636,2024,Solo
09WAnxdBuebQopKhJT3oZS,TRELLAS,Bad Bunny,"reggaeton, trap latino, latin, urbano latino",Latin,EL ÚLTIMO TOUR DEL MUNDO,02:37,10733416,2020,Solo
09gysnJpfQ3ublBmJDfcEC,SAD GIRLZ LUV MONEY Remix (feat. Kali Uchis and Moliy),"Amaarae,Kali Uchis,MOLIY","alté, afrobeats",R&B,SAD GIRLZ LUV MONEY Remix (feat. Kali Uchis and Moliy),03:24,121090034,2021,Collaboration
09gysnJpfQ3ublBmJDfcEC,SAD GIRLZ LUV MONEY Remix (feat. Kali Uchis and Moliy),"Amaarae,Kali Uchis,MOLIY","alté, afrobeats",R&B,SAD GIRLZ LUV MONEY Remix (feat. Kali Uchis and Moliy),03:24,121090034,2022,Collaboration
09u787BYeYIGd2mFIJ505t,Cry Your Heart Out,Adele,soft pop,Pop,30,04:15,23730056,2021,Solo
0A37XY67wSdGqkGjtfW6aV,Fantasias - Remix,"Rauw Alejandro,Anuel AA,NATTI NATASHA,Farruko,Lunay","reggaeton, urbano latino, trap latino, latin",Latin,Fantasias (Remix) [feat. Farruko & Lunay],04:27,37301719,2020,Collaboration
0A5gdlrpAuQqZ2iFgnqBFW,Moonlight,Gaullin,slap house,Electronic,Moonlight,02:53,26178542,2019,Solo
0AYt6NMyyLd0rLuvr0UkMH,Slime You Out (feat. SZA),"Drake,SZA","rap, hip hop, r&b",Hip Hop,For All The Dogs,05:10,64203088,2023,Collaboration
0AaV4MJrgmLV3XhoiWXjjb,evermore (feat. Bon Iver),"Taylor Swift,Bon Iver",indie folk,Folk/Acoustic,evermore,05:04,14830858,2020,Collaboration
0ArVfVP8B5svkfj8clHNzB,Screw The World - Interlude,Drake,"rap, hip hop",Hip Hop,For All The Dogs,01:52,11686492,2023,Solo
0At2qAoaVjIwWNAqrscXli,Boo'd Up,Ella Mai,r&b,R&B,READY,04:16,50751755,2018,Solo
0AtP8EkGPn6SwxKDaUuXec,Remember The Name (feat. Eminem & 50 Cent),"Ed Sheeran,Eminem,50 Cent","soft pop, rap, hip hop, east coast hip hop",Hip Hop,No.6 Collaborations Project,03:27,46081673,2019,Collaboration
0B3FovCVaGKS5w1FTidEUP,BROWN SKIN GIRL,"Blue Ivy,SAINt JHN,Beyoncé,Wizkid","afrobeats, afrobeat, afropop, azonto, afroswing, afropiano, dancehall",Traditional music,The Lion King: The Gift,04:08,11155049,2019,Collaboration
0B6g379TMw0nYGXA7y5xHz,"All The Way Live (Spider-Man: Across the Spider-Verse) (Metro Boomin & Future, Lil Uzi Vert)","Metro Boomin,Future,Lil Uzi Vert","rap, melodic rap",Hip Hop,METRO BOOMIN PRESENTS SPIDER-MAN: ACROSS THE SPIDER-VERSE (SOUNDTRACK FROM AND INSPIRED BY THE MOTION PICTURE),04:05,25149300,2023,Collaboration
0BFQC00Y58JtjMyTXOJazO,S91,KAROL G,"reggaeton, latin, urbano latino",Latin,MAÑANA SERÁ BONITO (BICHOTA SEASON),02:53,146102400,2023,Solo
0BUkQGUXgcvf3gdCWYbtnJ,Oh Garota Eu Quero Você Só Pra Mim,"Oruam,Zé Felipe,MC Tuto,Dj Lc da Roça,MC K9,Mc Rodrigo do CN,mc pl alves","brazilian trap, trap funk, trap, piseiro, sertanejo, arrocha, agronejo, forró, sertanejo universitário, funk, funk consciente, funk carioca, brazilian funk, funk de bh",Country,Oh Garota Eu Quero Você Só Pra Mim,02:46,16994558,2024,Collaboration
0Be7sopyKMv8Y8npsUkax2,Tacones Rojos,Sebastian Yatra,"colombian pop, reggaeton, latin",Pop,Tacones Rojos,03:09,82145212,2021,Solo
0Be7sopyKMv8Y8npsUkax2,Tacones Rojos,Sebastian Yatra,"colombian pop, reggaeton, latin",Pop,Tacones Rojos,03:09,82145212,2022,Solo
0BiDnJFB3TlRB6aji7jUz3,Rey Sin Reina,Julión Álvarez y su Norteño Banda,"banda, norteño, grupera, corrido",Latin,Atento Aviso ... Rey Sin Reina,02:30,114379985,2024,Solo
0BnTBAGmr9FtYwkZrwKhwS,Just Us (feat. SZA),"DJ Khaled,SZA",r&b,R&B,Father Of Asahd,03:41,29356244,2019,Collaboration
0Bv7O6fmZk3GrNQFYJaXPn,"Cayó La Noche (feat. Cruz Cafuné, Abhir Hathi, Bejo, EL IMA) [Remix]","La Pantera,Quevedo,Juseph,ABHIR,BEJO,Cruz Cafuné,EL IMA","reggaeton, ",Latin,"Cayó La Noche (feat. Cruz Cafuné, Abhir Hathi, Bejo, EL IMA) [Remix]",06:53,109400475,2022,Collaboration
0CBFOvHlyqy30Q5tbyNHfQ,Want To,Dua Lipa,pop,Pop,Want To,03:32,24364838,2018,Solo
0CBQ0m3mufWH75LTYB3s6h,Let It Fly (feat. Travis Scott),"Lil Wayne,Travis Scott","rap, hip hop",Hip Hop,Tha Carter V,03:06,27889593,2018,Collaboration
0CYTGMBYkwUxrj1MWDLrC5,CHORRITO PA LAS ANIMAS,Feid,"reggaeton, urbano latino",Latin,SIXDO,02:48,615573385,2022,Solo
0CYTGMBYkwUxrj1MWDLrC5,CHORRITO PA LAS ANIMAS,Feid,"reggaeton, urbano latino",Latin,SIXDO,02:48,615573385,2023,Solo
0Clb9aiXWa0dvVff5aN4VN,Think Before I Talk,Astrid S,norwegian pop,Pop,Think Before I Talk,03:04,13989777,2017,Solo
0CrcwVLUe8wzLUIXgjXVZJ,Kill Bill (feat. Doja Cat),"SZA,Doja Cat","r&b, ",R&B,Kill Bill (feat. Doja Cat),02:55,47448142,2023,Collaboration
0CtZpaOhtzvLV3FfcsVpQo,Besharam Rang (From  Pathaan ),"Vishal-Shekhar,Shilpa Rao,Caralisa Monteiro,Vishal Dadlani,Shekhar Ravjiani,Kumaar","bollywood, desi, hindi pop, desi pop",Hip Hop,Besharam Rang (From  Pathaan ),04:18,36214003,2022,Collaboration
0CtZpaOhtzvLV3FfcsVpQo,Besharam Rang (From  Pathaan ),"Vishal-Shekhar,Shilpa Rao,Caralisa Monteiro,Vishal Dadlani,Shekhar Ravjiani,Kumaar","bollywood, desi, hindi pop, desi pop",Hip Hop,Besharam Rang (From  Pathaan ),04:18,36214003,2023,Collaboration
0D75ciM842cdUMKSMfAR9y,Baila Conmigo (with Rauw Alejandro),"Selena Gomez,Rauw Alejandro","pop, reggaeton, urbano latino, trap latino, latin",Latin,Baila Conmigo (with Rauw Alejandro),03:06,89118775,2021,Collaboration
0D8ZpOXVjapLXrjz5VfZSD,Pray,Sam Smith,soft pop,Pop,Pray,03:41,25722331,2017,Solo
0DIcssPpatAMqFXLZCxZMN,Antichrist,Eminem,"rap, hip hop",Hip Hop,The Death of Slim Shady (Coup De Grâce),05:14,11873050,2024,Solo
0DWdj2oZMBFSzRsi2Cvfzf,TQG,"KAROL G,Shakira","reggaeton, latin, urbano latino, latin pop",Latin,MAÑANA SERÁ BONITO,03:17,1688120069,2023,Collaboration
0DWdj2oZMBFSzRsi2Cvfzf,TQG,"KAROL G,Shakira","reggaeton, latin, urbano latino, latin pop",Latin,MAÑANA SERÁ BONITO,03:17,1688120069,2024,Collaboration
0DZJACISivjWjscIp5Kg1q,Ransom (with Juice WRLD) - Remix,"Lil Tecca,Juice WRLD","melodic rap, rap, emo rap",Hip Hop,We Love You Tecca,02:51,30826841,2019,Collaboration
0Dn40gxVCMo5TkgS8Ik18Q,Falling Down - Bonus Track,"Lil Peep,XXXTENTACION","emo rap, cloud rap",Hip Hop,Falling Down (Bonus Track),03:16,145147915,2018,Collaboration
0Dq49j3dELbttQVUJbtn0c,Nervous,Shawn Mendes,pop,Pop,Shawn Mendes,02:44,33859869,2018,Solo
0DsPj89zlY3Us7xb5cXK5h,"Trava na Pose, Chama no Zoom, Dá um Close (feat. Mc Rennan)","DJ Patrick Muniz,Dj Olliver,Mc Topre,Mc Rennan","funk, brazilian funk, funk carioca",Hip Hop,"Trava na Pose, Chama no Zoom, Dá um Close (feat. Mc Rennan)",03:34,27795300,2021,Collaboration
0DsPj89zlY3Us7xb5cXK5h,"Trava na Pose, Chama no Zoom, Dá um Close (feat. Mc Rennan)","DJ Patrick Muniz,Dj Olliver,Mc Topre,Mc Rennan","funk, brazilian funk, funk carioca",Hip Hop,"Trava na Pose, Chama no Zoom, Dá um Close (feat. Mc Rennan)",03:34,27795300,2022,Collaboration
0DuWDLjriRPjDRoPgaCslY,Love In The Dark,Adele,soft pop,Pop,25,04:45,55264373,2021,Solo
0E0DRHf5PfMeor0ZCwB3oT,Otro Atardecer,"Bad Bunny,The Marías","reggaeton, trap latino, latin, urbano latino, bedroom pop",Pop,Un Verano Sin Ti,04:04,148886605,2022,Collaboration
0E4Y1XIbs8GrAT1YqVy6dq,Afterglow,Ed Sheeran,soft pop,Pop,Afterglow,03:05,154100045,2020,Solo
0E4Y1XIbs8GrAT1YqVy6dq,Afterglow,Ed Sheeran,soft pop,Pop,Afterglow,03:05,154100045,2021,Solo
0E9ZjEAyAwOXZ7wJC0PD33,In My Mind,"Dynoro,Gigi D'Agostino","eurodance, italo dance",Pop,In My Mind,03:04,669517982,2018,Collaboration
0E9ZjEAyAwOXZ7wJC0PD33,In My Mind,"Dynoro,Gigi D'Agostino","eurodance, italo dance",Pop,In My Mind,03:04,669517982,2019,Collaboration
0E9ZjEAyAwOXZ7wJC0PD33,In My Mind,"Dynoro,Gigi D'Agostino","eurodance, italo dance",Pop,In My Mind,03:04,669517982,2020,Collaboration
0EPxmvsG1BY5td4aTOkWBF,Deu Onda,MC G15,"funk, brazilian funk",Hip Hop,Deu Onda,02:24,11692125,2017,Solo
0ERbK7qVqveCaBWIiYCrl3,Bella y Sensual,"Romeo Santos,Daddy Yankee,Nicky Jam","bachata, bachata pop, latin, reggaeton",Latin,Golden,03:24,154247411,2017,Collaboration
0ERbK7qVqveCaBWIiYCrl3,Bella y Sensual,"Romeo Santos,Daddy Yankee,Nicky Jam","bachata, bachata pop, latin, reggaeton",Latin,Golden,03:24,154247411,2018,Collaboration
0EhpEsp4L0oRGM0vmeaN5e,UN DIA (ONE DAY) (Feat. Tainy),"J Balvin,Dua Lipa,Bad Bunny,Tainy","reggaeton, latin, pop, trap latino, urbano latino",Latin,UN DIA (ONE DAY) (Feat. Tainy),03:52,482029209,2020,Collaboration
0EhpEsp4L0oRGM0vmeaN5e,UN DIA (ONE DAY) (Feat. Tainy),"J Balvin,Dua Lipa,Bad Bunny,Tainy","reggaeton, latin, pop, trap latino, urbano latino",Latin,UN DIA (ONE DAY) (Feat. Tainy),03:52,482029209,2021,Collaboration
0EhuGnOS6fTc5l5UNtDEH2,POLARIS - Remix,"SAIKO,Quevedo,Feid,Mora","reggaeton, urbano latino, trap latino",Latin,POLARIS (Remix),04:48,87500654,2023,Collaboration
0FA4wrjDJvJTTU8AepZTup,Watch This - ARIZONATEARS Pluggnb Remix,"Lil Uzi Vert,sped up nightcore,ARIZONATEARS","melodic rap, nightcore, ",Hip Hop,Watch This (ARIZONATEARS Pluggnb Remix),02:43,272100742,2023,Collaboration
0FFsgUoFibYISzMxuGS61W,I Don't Do Drugs (feat. Ariana Grande),"Doja Cat,Ariana Grande",pop,Pop,Planet Her,03:08,16756510,2021,Collaboration
0FZ4Dmg8jJJAPJnvBIzD9z,ZEZE (feat. Travis Scott & Offset),"Kodak Black,Offset,Travis Scott",rap,Hip Hop,Dying to Live,03:48,280140942,2018,Collaboration
0FZ4Dmg8jJJAPJnvBIzD9z,ZEZE (feat. Travis Scott & Offset),"Kodak Black,Offset,Travis Scott",rap,Hip Hop,Dying to Live,03:48,280140942,2019,Collaboration
0FkD2FHEZrZIofVkY6XPFK,DEMBOW BÉLICO,"Tito Double P,Joel De La P,Luis R Conriquez","corrido, corridos tumbados, corridos bélicos, electro corridos, música mexicana, dembow, banda, sad sierreño, sierreño",Latin,DEMBOW BÉLICO,02:06,21065530,2023,Collaboration
0FktnzDqjClqU6iqOZVEs2,BYE ME FUI,Bad Bunny,"reggaeton, trap latino, latin, urbano latino",Latin,LAS QUE NO IBAN A SALIR,02:58,40544424,2020,Solo
0FlfN5cbUUpIHCRH8X1M44,t h e . c l i m b . b a c k,J. Cole,rap,Hip Hop,Lewis Street,05:04,10455793,2020,Solo
0Fpen1PTuEnCmOJtUU9Iud,New Patek,Lil Uzi Vert,melodic rap,Hip Hop,New Patek,05:43,63677541,2018,Solo
0FqVtQxRD3HsPltldG5v5M,Aquelas Coisas,João Gomes,"piseiro, forró, sertanejo, arrocha, brega",Country,Eu Tenho a Senha,02:27,41233364,2021,Solo
0Fs9cdPDhptWEDJmiCbkEW,She Knows (feat. Amber Coffman & Cults),"J. Cole,Cults,Amber Coffman","rap, dubstep, dub",R&B,Born Sinner (Deluxe Version),04:56,35876933,2021,Collaboration
0G2zPzWqVjR68iNPmx2TBe,Volando - Remix,"Mora,Bad Bunny,Sech","urbano latino, reggaeton, trap latino, latin",Latin,Volando (Remix),04:33,393603448,2021,Collaboration
0G2zPzWqVjR68iNPmx2TBe,Volando - Remix,"Mora,Bad Bunny,Sech","urbano latino, reggaeton, trap latino, latin",Latin,Volando (Remix),04:33,393603448,2022,Collaboration
0GAyuCo975IHGxxiLKDufB,l e t . g o . m y . h a n d (with Bas & 6LACK),"J. Cole,Bas,6LACK","rap, ",Hip Hop,The Off-Season,04:26,18783551,2021,Collaboration
0GJwUAlBMJTbY4VE7iE761,UNA NOCHE EN MEDELLÍN - REMIX,"KAROL G,Cris Mj,Ryan Castro","reggaeton, latin, urbano latino, reggaeton chileno, chilean trap, chilean mambo",Latin,MAÑANA SERÁ BONITO (BICHOTA SEASON),03:25,37303914,2023,Collaboration
0GMiRrUnQuoGddKMsxGPIZ,Fear and Friday's,Zach Bryan,"country, red dirt",Country,Zach Bryan,02:51,14211174,2023,Solo
0GQ5bFTVFFKpwNPc7KwQnB,You Gon’ Learn (feat. Royce Da 5'9  & White Gold),"Eminem,Royce Da 5'9 ,White Gold","rap, hip hop, ",Hip Hop,Music To Be Murdered By,03:54,22261149,2020,Collaboration
0GqAWZe1A5ecKadZrHk6XH,Chk Chk Boom,Stray Kids,k-pop,Pop,ATE,02:28,56451069,2024,Solo
0GxQ1A5L9xnMOytbP6eKBG,What Lovers Do (feat. SZA),"Maroon 5,SZA","pop, r&b",Pop,Red Pill Blues (Deluxe),03:19,85977992,2018,Collaboration
0GyXfYRuvG9nt71zF99SER,I'll Be Home for Christmas,Michael Bublé,christmas,Jazz,Christmas (Deluxe Special Edition),04:27,12296849,2023,Solo
0GyXfYRuvG9nt71zF99SER,I'll Be Home for Christmas,Michael Bublé,christmas,Jazz,Christmas (Deluxe Special Edition),04:27,12296849,2024,Solo
0GzuHFG4Ql6DoyxFRnIk3F,Hawái - Remix,"Maluma,The Weeknd","reggaeton, latin, urbano latino, ",Latin,Hawái (Remix),03:20,125793983,2020,Collaboration
0GzuHFG4Ql6DoyxFRnIk3F,Hawái - Remix,"Maluma,The Weeknd","reggaeton, latin, urbano latino, ",Latin,Hawái (Remix),03:20,125793983,2021,Collaboration
0H4ugk6rhnXmTl47ayy9O5,Daechwita,Agust D,"k-pop, k-rap",Pop,D-2,03:45,10351814,2020,Solo
0HC6S4VpCGAZvyxTdrMRIQ,De Una Vez,Selena Gomez,pop,Pop,De Una Vez,02:35,14165646,2021,Solo
0HEytGQM3bG1vKxER7IgVK,Spotless (feat. The Lumineers),"Zach Bryan,The Lumineers","country, red dirt, folk pop, indie folk",Country,Zach Bryan,02:49,24163100,2023,Collaboration
0HUTL8i4y4MiGCPId7M7wb,Freaks,Surf Curse,indie,Rock,Buds,02:27,13443466,2021,Solo
0HVv5bEOiI9a0QfgcASXpX,Nice For What,Drake,"rap, hip hop",Hip Hop,Scorpion,03:30,63815998,2018,Solo
0HYAsQwJIO6FLqpyTeD3l6,死ぬのがいいわ,Fujii Kaze,j-pop,Pop,HELP EVER HURT NEVER,03:05,97979378,2022,Solo
0I20rLT2MJDhcF96AjbNYo,Stay,"Zedd,Alessia Cara","edm, ",Electronic,Stay +,03:30,45036258,2017,Collaboration
0I20rLT2MJDhcF96AjbNYo,Stay,"Zedd,Alessia Cara","edm, ",Electronic,Stay +,03:30,45036258,2018,Collaboration
0IKeDy5bT9G0bA7ZixRT4A,Bebe Dame,"Fuerza Regida,Grupo Frontera","corrido, corridos tumbados, corridos bélicos, música mexicana, banda, electro corridos, sierreño, sad sierreño, cumbia norteña, norteño, grupera, tejano",Latin,Sigan Hablando,04:31,692654146,2022,Collaboration
0IKeDy5bT9G0bA7ZixRT4A,Bebe Dame,"Fuerza Regida,Grupo Frontera","corrido, corridos tumbados, corridos bélicos, música mexicana, banda, electro corridos, sierreño, sad sierreño, cumbia norteña, norteño, grupera, tejano",Latin,Sigan Hablando,04:31,692654146,2023,Collaboration
0Ie5uiv54KgCr7P4sYDTHl,Baby It's Cold Outside (with Michael Bublé),"Idina Menzel,Michael Bublé","musicals, christmas",Jazz,Holiday Wishes,02:46,58595474,2017,Collaboration
0Ie5uiv54KgCr7P4sYDTHl,Baby It's Cold Outside (with Michael Bublé),"Idina Menzel,Michael Bublé","musicals, christmas",Jazz,Holiday Wishes,02:46,58595474,2018,Collaboration
0Ie5uiv54KgCr7P4sYDTHl,Baby It's Cold Outside (with Michael Bublé),"Idina Menzel,Michael Bublé","musicals, christmas",Jazz,Holiday Wishes,02:46,58595474,2019,Collaboration
0Ie5uiv54KgCr7P4sYDTHl,Baby It's Cold Outside (with Michael Bublé),"Idina Menzel,Michael Bublé","musicals, christmas",Jazz,Holiday Wishes,02:46,58595474,2020,Collaboration
0Ie5uiv54KgCr7P4sYDTHl,Baby It's Cold Outside (with Michael Bublé),"Idina Menzel,Michael Bublé","musicals, christmas",Jazz,Holiday Wishes,02:46,58595474,2021,Collaboration
0Ie5uiv54KgCr7P4sYDTHl,Baby It's Cold Outside (with Michael Bublé),"Idina Menzel,Michael Bublé","musicals, christmas",Jazz,Holiday Wishes,02:46,58595474,2022,Collaboration
0Ie5uiv54KgCr7P4sYDTHl,Baby It's Cold Outside (with Michael Bublé),"Idina Menzel,Michael Bublé","musicals, christmas",Jazz,Holiday Wishes,02:46,58595474,2023,Collaboration
0Ie5uiv54KgCr7P4sYDTHl,Baby It's Cold Outside (with Michael Bublé),"Idina Menzel,Michael Bublé","musicals, christmas",Jazz,Holiday Wishes,02:46,58595474,2024,Collaboration
0Iozrbed8spxoBnmtBMshO,WANDA,Quevedo,reggaeton,Latin,DONDE QUIERO ESTAR,02:40,133365400,2023,Solo
0IqCoZ168iRc9LqfrYgpZy,KESI - Remix,"Camilo,Shawn Mendes","colombian pop, pop",Pop,KESI (Remix),02:56,17752815,2021,Collaboration
0IsIY8pfu1yaGkPUD7pkDx,Guess featuring billie eilish,"Charli xcx,Billie Eilish","hyperpop, art pop, ",Pop,Brat and it’s completely different but also still brat,02:23,147325808,2024,Collaboration
0J9g1MMJDhyvOb3NWckHMm,Chulo pt.2,"Bad Gyal,Tokischa,Young Miko","neoperreo, dembow, trap latino",Latin,Chulo pt.2,03:39,300671242,2023,Collaboration
0JAZWvvqttGFm4UMDsPQXC,Despeinada,"Ozuna,Camilo","reggaeton, latin, trap latino, urbano latino, colombian pop",Pop,ENOC,03:44,198779079,2020,Collaboration
0JAZWvvqttGFm4UMDsPQXC,Despeinada,"Ozuna,Camilo","reggaeton, latin, trap latino, urbano latino, colombian pop",Pop,ENOC,03:44,198779079,2021,Collaboration
0JIYoXtJfORxI6gRpHv6ZW,Traumatizei - Ao Vivo Em Brasília,Henrique & Juliano,"sertanejo, sertanejo universitário, arrocha, agronejo",Country,To Be (Ao Vivo Em Brasília EP1),02:52,27342066,2023,Solo
0JP9xo3adEtGSdUEISiszL,Moonlight,XXXTENTACION,emo rap,Hip Hop,?,02:15,1031085537,2018,Solo
0JP9xo3adEtGSdUEISiszL,Moonlight,XXXTENTACION,emo rap,Hip Hop,?,02:15,1031085537,2019,Solo
0JP9xo3adEtGSdUEISiszL,Moonlight,XXXTENTACION,emo rap,Hip Hop,?,02:15,1031085537,2020,Solo
0JP9xo3adEtGSdUEISiszL,Moonlight,XXXTENTACION,emo rap,Hip Hop,?,02:15,1031085537,2021,Solo
0JXXNGljqupsJaZsgSbMZV,Sure Thing,Miguel,r&b,R&B,All I Want Is You,03:15,1459320158,2022,Solo
0JXXNGljqupsJaZsgSbMZV,Sure Thing,Miguel,r&b,R&B,All I Want Is You,03:15,1459320158,2023,Solo
0JXXNGljqupsJaZsgSbMZV,Sure Thing,Miguel,r&b,R&B,All I Want Is You,03:15,1459320158,2024,Solo
0JcNysfWVWaMS7R6vzGB2k,Robarte un Beso,"Carlos Vives,Sebastian Yatra","colombian pop, vallenato, latin, latin pop, reggaeton",Pop,VIVES,03:14,110760711,2017,Collaboration
0JcNysfWVWaMS7R6vzGB2k,Robarte un Beso,"Carlos Vives,Sebastian Yatra","colombian pop, vallenato, latin, latin pop, reggaeton",Pop,VIVES,03:14,110760711,2018,Collaboration
0JdkDCdrhMOaeXjIZdeBXN,Ela me Falou Que Quer Rave,"MC Levin,DJ Nikolas Alves Exclusive,DJ Kaioken,DJ Gege","funk, brega funk, brazilian funk",Hip Hop,Ela me Falou Que Quer Rave,03:55,21234384,2021,Collaboration
0JdkDCdrhMOaeXjIZdeBXN,Ela me Falou Que Quer Rave,"MC Levin,DJ Nikolas Alves Exclusive,DJ Kaioken,DJ Gege","funk, brega funk, brazilian funk",Hip Hop,Ela me Falou Que Quer Rave,03:55,21234384,2022,Collaboration
0JoHqmlqE0W0i9prt6kcHR,"Cuatro Babys (feat. Trap Capos, Noriel, Bryant Myers & Juhn)","Maluma,Trap Capos,Noriel,Bryant Myers,Juhn","reggaeton, latin, urbano latino, trap latino, trap, dembow",Latin,"Cuatro Babys (feat. Trap Capos, Noriel, Bryant Myers & Juhn)",04:38,16552215,2017,Collaboration
0JoWBcL61YWLXM5vW0YTHO,Bad Energy,Juice WRLD,"melodic rap, emo rap",Hip Hop,Legends Never Die,03:06,24878775,2020,Solo
0KBwGCY9RYD9t2zjeW4h48,Djomb - Bien ou quoi,Bosh,pop urbaine,Hip Hop,Synkinisi,02:21,14070853,2020,Solo
0KCSJzsQVxkloxoT7dyrqV,The Rumbling (TV Size),SiM,"anime, j-rock",Pop,The Rumbling (TV Size),01:30,11574325,2022,Solo
0Kdj7nwaYQmvhxnqZaIQuW,Bezos I,Bo Burnham,comedy,Country,Inside (The Songs),00:58,36095811,2021,Solo
0KkIkfsLEJbrcIhYsCL7L5,China,"Anuel AA,Daddy Yankee,KAROL G,Ozuna,J Balvin","reggaeton, trap latino, urbano latino, latin",Latin,Emmanuel,05:01,43535871,2020,Collaboration
0KoiMHhqKLoL4xM54rcWYY,"Taki Taki (feat. Selena Gomez, Ozuna & Cardi B)","DJ Snake,Selena Gomez,Ozuna,Cardi B","pop, reggaeton, latin, trap latino, urbano latino, ",Latin,Carte Blanche,03:32,103782537,2019,Collaboration
0KoiMHhqKLoL4xM54rcWYY,"Taki Taki (feat. Selena Gomez, Ozuna & Cardi B)","DJ Snake,Selena Gomez,Ozuna,Cardi B","pop, reggaeton, latin, trap latino, urbano latino, ",Latin,Carte Blanche,03:32,103782537,2020,Collaboration
0L7loeTIg6akW84aEQZpCT,Light It Up (feat. Nyla & Fuse ODG) - Remix,"Major Lazer,Nyla,Fuse ODG","moombahton, dancehall, azonto, afrobeats, hiplife",R&B,Peace Is The Mission: Extended,02:46,53722690,2017,Collaboration
0L7loeTIg6akW84aEQZpCT,Light It Up (feat. Nyla & Fuse ODG) - Remix,"Major Lazer,Nyla,Fuse ODG","moombahton, dancehall, azonto, afrobeats, hiplife",R&B,Peace Is The Mission: Extended,02:46,53722690,2018,Collaboration
0L8LOav65XwLjCLS11gNPD,Typa Girl,BLACKPINK,k-pop,Pop,BORN PINK,02:59,50776679,2022,Solo
0LKErfBZ5FbBiLB4OcZRbL,El Clavo,Prince Royce,"bachata, latin, bachata pop",Latin,El Clavo,02:52,21621107,2018,Solo
0LMwmV37RCmBO2so0szAFs,Whatever,"Kygo,Ava Max","tropical house, ",Electronic,Whatever,02:58,222497972,2024,Collaboration
0LQ1J0BCzA2qnAgp9MkkNE,MALA,"6ix9ine,Anuel AA","reggaeton, trap latino, urbano latino, latin",Latin,DUMMY BOY,03:26,91628236,2018,Collaboration
0LQ1J0BCzA2qnAgp9MkkNE,MALA,"6ix9ine,Anuel AA","reggaeton, trap latino, urbano latino, latin",Latin,DUMMY BOY,03:26,91628236,2019,Collaboration
0LThjFY2iTtNdd4wviwVV2,Permission to Dance,BTS,k-pop,Pop,Butter / Permission to Dance,03:07,64498513,2021,Solo
0LTwdL5yZ6YOTEGUQPFuSN,ROSONES,Tito Double P,"corrido, corridos tumbados, corridos bélicos, electro corridos, música mexicana",Latin,ROSONES,02:57,70921181,2024,Solo
0LZy30mVmxqUpdQmaXKXBd,ADIVINO,"Myke Towers,Bad Bunny","reggaeton, trap latino, urbano latino, latin",Latin,ADIVINO,04:38,221246259,2024,Collaboration
0Lmbke3KNVFXtoH2mMSHCw,the boy is mine,Ariana Grande,pop,Pop,eternal sunshine,02:53,228488019,2024,Solo
0Lsis3LB0XAK6XlTHXaJk2,MALDITA POBREZA,Bad Bunny,"reggaeton, trap latino, latin, urbano latino",Latin,EL ÚLTIMO TOUR DEL MUNDO,03:33,13534249,2020,Solo
0LtVx5vsq9nfpGsWgjUin6,City Of Stars - From  La La Land  Soundtrack,"Ryan Gosling,Emma Stone",musicals,Classical,City Of Stars (From La La Land Soundtrack),02:29,14236116,2017,Collaboration
0Lw6aQcBFWTQ9m4MSwwwes,Homicide,"Logic,Eminem","rap, hip hop",Hip Hop,Homicide,04:05,26703849,2019,Collaboration
0MIcPSq9n2z5H8TAfEstri,Quiero Repetir,"Ozuna,J Balvin","reggaeton, latin, trap latino, urbano latino",Latin,Odisea,03:20,85338021,2017,Collaboration
0MIcPSq9n2z5H8TAfEstri,Quiero Repetir,"Ozuna,J Balvin","reggaeton, latin, trap latino, urbano latino",Latin,Odisea,03:20,85338021,2018,Collaboration
0Mrnt1YqVuW2bqmwu4VxDt,Amen (feat. Teezo Touchdown),"Drake,Teezo Touchdown","rap, hip hop, ",Hip Hop,For All The Dogs,02:21,35713576,2023,Collaboration
0NBgyml7T0IvUNbXIkcSpH,Malvadão 3,"Xamã,Gustah,Neo Beats,Bagua Records","brazilian hip hop, brazilian trap, trap, trap funk",Hip Hop,Malvadão 3,02:21,130957639,2021,Collaboration
0NBgyml7T0IvUNbXIkcSpH,Malvadão 3,"Xamã,Gustah,Neo Beats,Bagua Records","brazilian hip hop, brazilian trap, trap, trap funk",Hip Hop,Malvadão 3,02:21,130957639,2022,Collaboration
0NO2zL0kw8sGGnaMvHKAZF,Marisola - Remix,"Cris Mj,Duki,Nicki Nicole,Standly,Stars Music Chile","reggaeton chileno, chilean trap, chilean mambo, reggaeton, argentine trap, trap, trap latino, mambo, rkt",Hip Hop,Marisola (Remix),03:57,276523850,2022,Collaboration
0NO2zL0kw8sGGnaMvHKAZF,Marisola - Remix,"Cris Mj,Duki,Nicki Nicole,Standly,Stars Music Chile","reggaeton chileno, chilean trap, chilean mambo, reggaeton, argentine trap, trap, trap latino, mambo, rkt",Hip Hop,Marisola (Remix),03:57,276523850,2023,Collaboration
0NZPBYD5qbEWRs3PrGiRkT,Unholy (feat. Kim Petras),"Sam Smith,Kim Petras","soft pop, ",Pop,Gloria,02:36,1175833961,2023,Collaboration
0NZPBYD5qbEWRs3PrGiRkT,Unholy (feat. Kim Petras),"Sam Smith,Kim Petras","soft pop, ",Pop,Gloria,02:36,1175833961,2024,Collaboration
0NiXXAI876aGImAd6rTj8w,Mama,"Jonas Blue,William Singe","tropical house, ",Electronic,Jonas Blue: Electronic Nature - The Mix 2017,03:01,397543715,2017,Collaboration
0NiXXAI876aGImAd6rTj8w,Mama,"Jonas Blue,William Singe","tropical house, ",Electronic,Jonas Blue: Electronic Nature - The Mix 2017,03:01,397543715,2018,Collaboration
0NsGFMIo2aNbAkJu48ndaf,Morena Canela,Chino Pacas,"corridos tumbados, corrido, corridos bélicos, música mexicana, electro corridos",Latin,Que Sigan Llegando Las Pacas (Extended),02:58,55812237,2024,Solo
0O3U5iwTbiXCREMkvotJuN,EL AMOR DE SU VIDA,"Grupo Frontera,Grupo Firme","cumbia norteña, banda, norteño, música mexicana, corrido, corridos tumbados, grupera, corridos bélicos, tejano, sierreño",Latin,El Comienzo,02:45,593388873,2023,Collaboration
0O3U5iwTbiXCREMkvotJuN,EL AMOR DE SU VIDA,"Grupo Frontera,Grupo Firme","cumbia norteña, banda, norteño, música mexicana, corrido, corridos tumbados, grupera, corridos bélicos, tejano, sierreño",Latin,El Comienzo,02:45,593388873,2024,Collaboration
0OA00aPt3BV10qeMIs3meW,Big Dawgs,"Hanumankind,Kalmi","malayalam hip hop, desi hip hop, ",Hip Hop,Big Dawgs,03:10,276899077,2024,Collaboration
0OEe83mMZ5kaNw5uZQ7ilG,DELRESTO (ECHOES) (feat. Beyoncé),"Travis Scott,Beyoncé","rap, ",Hip Hop,UTOPIA,04:34,53518994,2023,Collaboration
0OTNHGKcqQbk51bOYe462Y,ULTRA SOLO,"Polimá Westcoast,Pailita","chilean trap, reggaeton chileno, chilean mambo, mambo, reggaeton, urbano latino",Latin,ULTRA SOLO,03:47,158926740,2022,Collaboration
0OcpVNf7hnJBPbTFMSG7CI,Frosty the Snowman,The Ronettes,christmas,Jazz,Sleigh Ride,02:16,17310365,2020,Solo
0OcpVNf7hnJBPbTFMSG7CI,Frosty the Snowman,The Ronettes,christmas,Jazz,Sleigh Ride,02:16,17310365,2021,Solo
0OcpVNf7hnJBPbTFMSG7CI,Frosty the Snowman,The Ronettes,christmas,Jazz,Sleigh Ride,02:16,17310365,2022,Solo
0OcpVNf7hnJBPbTFMSG7CI,Frosty the Snowman,The Ronettes,christmas,Jazz,Sleigh Ride,02:16,17310365,2023,Solo
0OcpVNf7hnJBPbTFMSG7CI,Frosty the Snowman,The Ronettes,christmas,Jazz,Sleigh Ride,02:16,17310365,2024,Solo
0Odu228D0yGcFySGuxU4rY,The Take (feat. Chris Brown),"Tory Lanez,Chris Brown",r&b,R&B,Chixtape 5,03:41,26123083,2019,Collaboration
0Odu228D0yGcFySGuxU4rY,The Take (feat. Chris Brown),"Tory Lanez,Chris Brown",r&b,R&B,Chixtape 5,03:41,26123083,2020,Collaboration
0OlnLZY4cmQzT6ZGttvWBM,So Far Away (feat. Jamie Scott & Romy Dya),"Martin Garrix,David Guetta,Jamie Scott,Romy Dya","edm, electronica, progressive house, dance, ",Electronic,So Far Away (feat. Jamie Scott & Romy Dya),03:03,141491444,2017,Collaboration
0OlnLZY4cmQzT6ZGttvWBM,So Far Away (feat. Jamie Scott & Romy Dya),"Martin Garrix,David Guetta,Jamie Scott,Romy Dya","edm, electronica, progressive house, dance, ",Electronic,So Far Away (feat. Jamie Scott & Romy Dya),03:03,141491444,2018,Collaboration
0OyQns5ayNK2OVaES0Vb8t,Righteous,Juice WRLD,"melodic rap, emo rap",Hip Hop,Righteous,04:03,111437576,2020,Solo
0P6AWOA4LG1XOctzaVu5tt,The Weekend - Funk Wav Remix,"SZA,Calvin Harris,Funk Wav","r&b, edm, ",Electronic,The Weekend (Funk Wav Remix),02:51,40919065,2017,Collaboration
0P6AWOA4LG1XOctzaVu5tt,The Weekend - Funk Wav Remix,"SZA,Calvin Harris,Funk Wav","r&b, edm, ",Electronic,The Weekend (Funk Wav Remix),02:51,40919065,2018,Collaboration
0PAcdVzhPO4gq1Iym9ESnK,Thinkin’ Bout Me,Morgan Wallen,country,Country,One Thing At A Time,02:57,30625067,2023,Solo
0PAcdVzhPO4gq1Iym9ESnK,Thinkin’ Bout Me,Morgan Wallen,country,Country,One Thing At A Time,02:57,30625067,2024,Solo
0PB0O24JqAuNdOAFVJljMS,Coco Chanel,"Eladio Carrion,Bad Bunny","trap latino, urbano latino, trap, reggaeton, latin",Latin,3MEN2 KBRN,03:28,584384258,2023,Collaboration
0PBTlQ84CBJF0tBnKGmQa6,FRI(END)S,V,k-pop,Pop,FRI(END)S,02:28,146415042,2024,Solo
0PowxVSTY2uh1CPc8EPKyX,Project Dreams,"Marshmello,Roddy Ricch","edm, melodic rap",Electronic,Project Dreams,02:47,15741993,2018,Collaboration
0PowxVSTY2uh1CPc8EPKyX,Project Dreams,"Marshmello,Roddy Ricch","edm, melodic rap",Electronic,Project Dreams,02:47,15741993,2019,Collaboration
0PvFJmanyNQMseIFrU708S,For The Night (feat. Lil Baby & DaBaby),"Pop Smoke,Lil Baby,DaBaby","brooklyn drill, drill, new york drill, ",Hip Hop,Shoot For The Stars Aim For The Moon,03:10,671257200,2020,Collaboration
0PvFJmanyNQMseIFrU708S,For The Night (feat. Lil Baby & DaBaby),"Pop Smoke,Lil Baby,DaBaby","brooklyn drill, drill, new york drill, ",Hip Hop,Shoot For The Stars Aim For The Moon,03:10,671257200,2021,Collaboration
0PwFN7vRvY80Hnkoew2x3f,2/Catorce,"Rauw Alejandro,Mr. Naisgai","reggaeton, urbano latino, trap latino, latin",Latin,VICE VERSA,03:25,118463921,2021,Collaboration
0Px86mRlxdB3YqpK6KXWlr,Once an Addict - Interlude,J. Cole,rap,Hip Hop,KOD,03:17,11574188,2018,Solo
0Q5VnK2DYzRyfqQRJuUtvi,LOVE DIVE,IVE,k-pop,Pop,LOVE DIVE,02:57,71129077,2022,Solo
0QBzMgT7NIeoCYy3sJCof1,Bam Bam (feat. Ed Sheeran),"Camila Cabello,Ed Sheeran","pop, soft pop",Pop,Bam Bam (feat. Ed Sheeran),03:26,79588344,2022,Collaboration
0QIjsbm2fh1cJ45XO9eGqq,Wake Up in the Sky,"Gucci Mane,Bruno Mars,Kodak Black","southern hip hop, rap, trap, ",Hip Hop,Wake Up in the Sky,03:24,121776037,2018,Collaboration
0QRHOAeU8JRaVVn3UoZBih,REINA,"Mora,SAIKO","urbano latino, reggaeton, trap latino, ",Latin,ESTRELLA,03:31,126830148,2023,Collaboration
0QRhtV1MwywpkLTvCdMaWq,Lady Killers II (Christoph Andersson Remix),"G-Eazy,Christoph Andersson","nu disco, french house",Electronic,Lady Killers II (Christoph Andersson Remix),04:57,14520739,2024,Collaboration
0QS5rZpm5zN9wV9lJgjyUE,El Préstamo,Maluma,"reggaeton, latin, urbano latino",Latin,El Préstamo,03:39,68793130,2018,Solo
0QglpM23kl9ldvVdoYNZwF,Mds,"Kawe,Mc Lele JP,Original Quality","brazilian trap, brazilian hip hop, trap, trap funk, funk consciente, funk",Hip Hop,Mds,02:05,15880105,2021,Collaboration
0QoaFLmBJyuVuzOIGy6iCS,LA RANGER (feat. Myke Towers),"The Academy: Segunda Misión,Sech,Justin Quiles,Lenny Tavárez,Dalex,Dímelo Flow,Myke Towers","reggaeton, urbano latino, trap latino, argentine trap",Hip Hop,The Academy: Segunda Misión,03:49,29651718,2024,Collaboration
0QwKxajohg1rAMMmv1AWe1,Burn,Juice WRLD,"melodic rap, emo rap",Hip Hop,Fighting Demons,03:37,16535967,2021,Solo
0R6NfOiLzLj4O5VbYSJAjf,La Diabla,Xavi,"corridos tumbados, corrido, corridos bélicos, sad sierreño, música mexicana, banda",Latin,La Diabla,02:52,745485567,2023,Solo
0R6NfOiLzLj4O5VbYSJAjf,La Diabla,Xavi,"corridos tumbados, corrido, corridos bélicos, sad sierreño, música mexicana, banda",Latin,La Diabla,02:52,745485567,2024,Solo
0RAvy97QRPzO2AfK5Dw6j3,We Cry Together,"Kendrick Lamar,Taylour Paige","hip hop, west coast hip hop, ",Hip Hop,Mr. Morale & The Big Steppers,05:41,22289519,2022,Collaboration
0RDgqtvOHLwcI6yz9bjsZV,Perreo en La Luna,"Rich Music LTD,Sech,Dalex,Justin Quiles,Lenny Tavárez,Feid","reggaeton, urbano latino, trap latino, argentine trap",Hip Hop,The Academy,03:38,50614200,2019,Collaboration
0RDgqtvOHLwcI6yz9bjsZV,Perreo en La Luna,"Rich Music LTD,Sech,Dalex,Justin Quiles,Lenny Tavárez,Feid","reggaeton, urbano latino, trap latino, argentine trap",Hip Hop,The Academy,03:38,50614200,2020,Collaboration
0RLLvYBopDwooCyvnTwgYu,F.N,Lil Tjay,"brooklyn drill, melodic rap",Hip Hop,True 2 Myself,03:44,41102869,2019,Solo
0RSZ8EmUPEN3ySfCgytPke,Auf & Ab,Montez,"german pop, german hip hop",Hip Hop,Auf & Ab,02:45,20934156,2021,Solo
0RUTnY2B3s05fZuCHsNaUP,Alien,"Sabrina Carpenter,Jonas Blue",tropical house,Electronic,Alien,02:54,14043544,2018,Collaboration
0RbW8kWozrVSIGb4V13o0o,Hurricane,Kanye West,rap,Hip Hop,Donda,04:03,109764733,2021,Solo
0RgjEkSbeuStKfT2Pa4Zai,reincarnated,Kendrick Lamar,"hip hop, west coast hip hop",Hip Hop,GNX,04:35,41186175,2024,Solo
0RoA7ObU6phWpqhlC9zH4Z,A Million Dreams,"Ziv Zaifman,Hugh Jackman,Michelle Williams",musicals,Classical,The Greatest Showman (Original Motion Picture Soundtrack),04:29,55334886,2018,Collaboration
0Ryd8975WihbObpp5cPW1t,boyfriend (with Social House),"Ariana Grande,Social House","pop, ",Pop,boyfriend,03:06,220843950,2019,Collaboration
0SCMVUZ21uYYB8cc0ScfbV,Bombonzinho - Ao Vivo,"Israel & Rodolffo,Ana Castela","sertanejo, sertanejo universitário, piseiro, agronejo, arrocha",Country,"Let's Bora, Vol. 2 (Ao Vivo)",02:34,60987490,2023,Collaboration
0SUKNXEqZnRw7g0NO139FM,Let It Snow! Let It Snow! Let It Snow! (with The B. Swanson Quartet),"Frank Sinatra,B. Swanson Quartet","christmas, big band, adult standards, swing music, vocal jazz, jazz, ",Easy listening,The Classic Christmas Album,02:35,48025245,2024,Collaboration
0SVsEdvot6vU4byv5yW0oj,That’s How You Feel,Drake,"rap, hip hop",Hip Hop,Scorpion,02:37,24241041,2018,Solo
0SaYeGhSXN0dDWstyNTQ56,Bella - Remix,"Wolfine,Maluma","reggaeton, latin, urbano latino",Latin,Bella (Remix),03:38,99249738,2018,Collaboration
0Sfn2TYbpQtCGMBf6C0Y6T,PLAYA DEL INGLÉS,"Quevedo,Myke Towers","reggaeton, trap latino, urbano latino",Latin,DONDE QUIERO ESTAR,03:57,204750748,2023,Collaboration
0Snbzbd74RLfL0i4nn1vU5,Favorito,Camilo,colombian pop,Pop,Favorito,03:31,14764484,2020,Solo
0So2sgVa8aJiARPl2P29u2,Pope Is a Rockstar,SALES,bedroom pop,Pop,SALES LP,03:07,29672926,2021,Solo
0So2sgVa8aJiARPl2P29u2,Pope Is a Rockstar,SALES,bedroom pop,Pop,SALES LP,03:07,29672926,2022,Solo
0SqqAgdovOE24BzxIClpjw,Yo Perreo Sola,Bad Bunny,"reggaeton, trap latino, latin, urbano latino",Latin,YHLQMDLG,02:52,346857334,2020,Solo
0SvD6EdetxVtXei2JhkV4B,Wonderful Dream (Holidays Are Coming) - Radio Version,Melanie Thornton,christmas,Jazz,Ready To Fly,03:51,22760582,2017,Solo
0SvD6EdetxVtXei2JhkV4B,Wonderful Dream (Holidays Are Coming) - Radio Version,Melanie Thornton,christmas,Jazz,Ready To Fly,03:51,22760582,2018,Solo
0SvD6EdetxVtXei2JhkV4B,Wonderful Dream (Holidays Are Coming) - Radio Version,Melanie Thornton,christmas,Jazz,Ready To Fly,03:51,22760582,2019,Solo
0SvD6EdetxVtXei2JhkV4B,Wonderful Dream (Holidays Are Coming) - Radio Version,Melanie Thornton,christmas,Jazz,Ready To Fly,03:51,22760582,2020,Solo
0SvD6EdetxVtXei2JhkV4B,Wonderful Dream (Holidays Are Coming) - Radio Version,Melanie Thornton,christmas,Jazz,Ready To Fly,03:51,22760582,2021,Solo
0SvD6EdetxVtXei2JhkV4B,Wonderful Dream (Holidays Are Coming) - Radio Version,Melanie Thornton,christmas,Jazz,Ready To Fly,03:51,22760582,2022,Solo
0SvD6EdetxVtXei2JhkV4B,Wonderful Dream (Holidays Are Coming) - Radio Version,Melanie Thornton,christmas,Jazz,Ready To Fly,03:51,22760582,2023,Solo
0SvD6EdetxVtXei2JhkV4B,Wonderful Dream (Holidays Are Coming) - Radio Version,Melanie Thornton,christmas,Jazz,Ready To Fly,03:51,22760582,2024,Solo
0Szp49tpFasIjX04Mcsydp,Tu Foto,Ozuna,"reggaeton, latin, trap latino, urbano latino",Latin,Tu Foto,03:13,95697377,2017,Solo
0T2pB7P1VdXPhLdQZ488uH,Normal,Feid,"reggaeton, urbano latino",Latin,FELIZ CUMPLEAÑOS FERXXO TE PIRATEAMOS EL ÁLBUM,02:51,566434212,2022,Solo
0T2pB7P1VdXPhLdQZ488uH,Normal,Feid,"reggaeton, urbano latino",Latin,FELIZ CUMPLEAÑOS FERXXO TE PIRATEAMOS EL ÁLBUM,02:51,566434212,2023,Solo
0TK2YIli7K1leLovkQiNik,Señorita,"Shawn Mendes,Camila Cabello",pop,Pop,Señorita,03:10,307203347,2019,Collaboration
0TL0LFcwIBF5eX7arDIKxY,Husn,Anuv Jain,"indian indie, hindi indie, hindi pop",Rock,Husn,03:37,83554976,2023,Solo
0TL0LFcwIBF5eX7arDIKxY,Husn,Anuv Jain,"indian indie, hindi indie, hindi pop",Rock,Husn,03:37,83554976,2024,Solo
0TUW9faHNaBmi89wsYGp9y,Mamichula - con Nicki Nicole,"Trueno,Nicki Nicole,Bizarrap,Taiu,TATOOL","argentine trap, trap latino, urbano latino",Hip Hop,Atrevido,03:39,51880150,2024,Collaboration
0Tgm7wkLb0AfAHAZDschvD,BACK TO ME,"Kanye West,Ty Dolla $ign","rap, ",Hip Hop,VULTURES 1,04:55,16429312,2024,Collaboration
0TlLq3lA83rQOYtrqBqSct,Nonstop,Drake,"rap, hip hop",Hip Hop,Scorpion,03:58,355938582,2018,Solo
0TlLq3lA83rQOYtrqBqSct,Nonstop,Drake,"rap, hip hop",Hip Hop,Scorpion,03:58,355938582,2019,Solo
0TrPqhAMoaKUFLR7iYDokf,Know Your Worth,"Khalid,Disclosure",house,Electronic,Know Your Worth,03:01,148497236,2020,Collaboration
0TwBtDAWpkpM3srywFVOV5,Crazy In Love (feat. JAY-Z),"Beyoncé,JAY-Z","hip hop, east coast hip hop, rap",Hip Hop,Dangerously In Love,03:55,20946585,2021,Collaboration
0TwBtDAWpkpM3srywFVOV5,Crazy In Love (feat. JAY-Z),"Beyoncé,JAY-Z","hip hop, east coast hip hop, rap",Hip Hop,Dangerously In Love,03:55,20946585,2022,Collaboration
0TwBtDAWpkpM3srywFVOV5,Crazy In Love (feat. JAY-Z),"Beyoncé,JAY-Z","hip hop, east coast hip hop, rap",Hip Hop,Dangerously In Love,03:55,20946585,2023,Collaboration
0TwBtDAWpkpM3srywFVOV5,Crazy In Love (feat. JAY-Z),"Beyoncé,JAY-Z","hip hop, east coast hip hop, rap",Hip Hop,Dangerously In Love,03:55,20946585,2024,Collaboration
0U1W2LZVUX7qTm7dDpqxh6,When You're Gone,Shawn Mendes,pop,Pop,When You're Gone,02:52,81476535,2022,Solo
0U6bQIAh6MCGo1xjbIIx2S,Instagram,"Dimitri Vegas & Like Mike,David Guetta,Daddy Yankee,Afro Bros,NATTI NATASHA,Dimitri Vegas,Like Mike","big room, electronica, edm, electro, dance, reggaeton, latin, moombahton, dancehall, urbano latino, ",Electronic,Instagram,03:04,102232830,2019,Collaboration
0U9CZWq6umZsN432nh3WWT,"Gol Bolinha, Gol Quadrado 2","Mc Pedrinho,DJ 900","funk, brazilian funk, funk consciente",Hip Hop,"Gol Bolinha, Gol Quadrado 2",01:57,89205574,2023,Collaboration
0UPBidRYcgJ2mjZlk08V8x,F.N,Lil Tjay,"brooklyn drill, melodic rap",Hip Hop,F.N,03:44,30420255,2019,Solo
0UQwlF2pRkr1lMN6kNNUj3,La Boca,"Mau y Ricky,Camilo","reggaeton, latin pop, colombian pop",Pop,Para Aventuras y Curiosidades,03:26,42578129,2019,Collaboration
0UXlu64mDLvfzR8IXMz06J,Ya No Somos Ni Seremos,Christian Nodal,"banda, ranchera, mariachi, norteño, música mexicana, grupera",Latin,Ya No Somos Ni Seremos,03:05,61517706,2022,Solo
0UbesRsX2TtiCeamOIVEkp,Ch y la Pizza,"Fuerza Regida,Natanael Cano","corrido, corridos tumbados, corridos bélicos, música mexicana, banda, electro corridos, sierreño, sad sierreño",Latin,Pa Que Hablen,02:16,447073998,2023,Collaboration
0UeYCHOETPfai02uskjJ3x,Shooting Stars,Bag Raiders,alternative dance,Rock,Bag Raiders (Deluxe),03:55,17213184,2017,Solo
0UvCh63URrLFcPkKt99hHd,Don't Look Back in Anger - Remastered,Oasis,"britpop, madchester",Pop,(What's The Story) Morning Glory? [Remastered],04:49,17505152,2017,Solo
0UvCh63URrLFcPkKt99hHd,Don't Look Back in Anger - Remastered,Oasis,"britpop, madchester",Pop,(What's The Story) Morning Glory? [Remastered],04:49,17505152,2024,Solo
0UvZcEfpzVyx47QsRbjyBz,El Apagón,Bad Bunny,"reggaeton, trap latino, latin, urbano latino",Latin,Un Verano Sin Ti,03:21,77186346,2022,Solo
0UwQTbq7ZtBJ7v530mpaxP,Stay Gold,BTS,k-pop,Pop,Stay Gold,04:03,13990527,2020,Solo
0V9cosR5jWa4fr2koARmhD,Summer Air,ItaloBrothers,italo dance,Pop,Summer Air,03:03,10205577,2017,Solo
0VKkyBKCXyR99navhVRqcP,La player (Bandolera),Zion & Lennox,"reggaeton, latin",Latin,La Player (Bandolera),04:09,212301309,2018,Solo
0VO8gYVDSwM1Qdd2GsMoYK,Moth To A Flame (with The Weeknd),"Swedish House Mafia,The Weeknd","edm, ",Electronic,Paradise Again,03:54,18513600,2022,Collaboration
0VSzREd1OjEWJ9tXoFHRQH,Those Kinda Nights (feat. Ed Sheeran),"Eminem,Ed Sheeran","rap, hip hop, soft pop",Hip Hop,Music To Be Murdered By,02:57,31745635,2020,Collaboration
0VWLId2RwPCno9s1cJm2Vy,Travesuras - Remix,"Nio Garcia,Casper Magico,Ozuna,Wisin & Yandel,Myke Towers,Flow La Movie","reggaeton, trap latino, urbano latino, latin",Latin,Travesuras (Remix),05:24,63244014,2021,Collaboration
0VgkVdmE4gld66l8iyGjgx,Mask Off,Future,rap,Hip Hop,FUTURE,03:24,87946082,2017,Solo
0VgkVdmE4gld66l8iyGjgx,Mask Off,Future,rap,Hip Hop,FUTURE,03:24,87946082,2018,Solo
0VhgEqMTNZwYL1ARDLLNCX,Can I Be Him,James Arthur,soft pop,Pop,Back from the Edge,04:06,18985994,2017,Solo
0VsGaRXR5WAzpu51unJTis,Best Part of Me (feat. YEBBA),"Ed Sheeran,Yebba","soft pop, ",Pop,No.6 Collaborations Project,04:03,28933276,2019,Collaboration
0Vz146N2GxkVJw4kSGXrNi,You & Me (Coachella ver.),JENNIE,k-pop,Pop,JENNIE Special Single [You & Me],02:59,12014252,2023,Solo
0WCxpmafw3tOlUmiilGbsy,LADY GAGA,"Peso Pluma,Gabito Ballesteros,Junior H","corrido, corridos tumbados, corridos bélicos, música mexicana, sad sierreño, electro corridos, banda, sierreño",Latin,GÉNESIS,03:32,54350586,2023,Collaboration
0WSEq9Ko4kFPt8yo3ICd6T,Praise God,Kanye West,rap,Hip Hop,Donda,03:46,143565310,2021,Solo
0WSEq9Ko4kFPt8yo3ICd6T,Praise God,Kanye West,rap,Hip Hop,Donda,03:46,143565310,2022,Solo
0WSa1sucoNRcEeULlZVQXj,Can You Feel My Heart,Bring Me The Horizon,"metalcore, emo, screamo, rock, post-hardcore, metal",Rock,Sempiternal (Expanded Edition),03:48,23426172,2021,Solo
0WdGQhoAP2LBsqr5Jhit2g,What Lovers Do,"Maroon 5,SZA","pop, r&b",Pop,Red Pill Blues (Deluxe),03:19,30534072,2018,Collaboration
0WdGQhoAP2LBsqr5Jhit2g,What Lovers Do,"Maroon 5,SZA","pop, r&b",Pop,Red Pill Blues (Deluxe),03:19,30534072,2019,Collaboration
0WdR2AyLW1Drd3OUdwezM0,everytime,Ariana Grande,pop,Pop,Sweetener,02:52,27549846,2018,Solo
0WtM2NBVQNNJLh6scP13H8,Calm Down (with Selena Gomez),"Rema,Selena Gomez","afrobeats, afrobeat, afropop, afropiano, pop",Traditional music,Calm Down (with Selena Gomez),03:59,1045191555,2022,Collaboration
0WtM2NBVQNNJLh6scP13H8,Calm Down (with Selena Gomez),"Rema,Selena Gomez","afrobeats, afrobeat, afropop, afropiano, pop",Traditional music,Calm Down (with Selena Gomez),03:59,1045191555,2023,Collaboration
0X8DcetL926BYiPJYstJTc,Lucid Dreams,Juice WRLD,"melodic rap, emo rap",Hip Hop,Goodbye & Good Riddance,03:59,161934743,2018,Solo
0XER3HPMx223xWaAgNKp4Y,My Mind & Me,Selena Gomez,pop,Pop,My Mind & Me,02:27,18442874,2022,Solo
0XLOf9LhyazPX9Ld8jPiUq,Fetish (feat. Gucci Mane),"Selena Gomez,Gucci Mane","pop, southern hip hop, rap, trap",Pop,Fetish (feat. Gucci Mane),03:06,155719297,2017,Collaboration
0XOnMqLQDO89iAg7dWWwnG,pete davidson,Ariana Grande,pop,Pop,Sweetener,01:13,12684375,2018,Solo
0XfOi87h82i09rQjWYG0Bm,Instruction (feat. Demi Lovato & Stefflon Don),"Jax Jones,Demi Lovato,Stefflon Don",dancehall,Traditional music,Instruction (feat. Demi Lovato & Stefflon Don),02:45,52226878,2017,Collaboration
0XinBYhf1X3kdvKQHOX971,Tú Me Dejaste De Querer,"C. Tangana,Niño de Elche,La Húngara","flamenco, flamenco pop, flamenco urbano",Latin,Tú Me Dejaste De Querer,03:18,78173150,2020,Collaboration
0XinBYhf1X3kdvKQHOX971,Tú Me Dejaste De Querer,"C. Tangana,Niño de Elche,La Húngara","flamenco, flamenco pop, flamenco urbano",Latin,Tú Me Dejaste De Querer,03:18,78173150,2021,Collaboration
0XySogm94T51XF5F2jumXm,All Girls Are The Same,Juice WRLD,"melodic rap, emo rap",Hip Hop,Goodbye & Good Riddance,02:45,123997141,2018,Solo
0Y4hwUppbGc8aIBmiTz30A,Familiar,"Liam Payne,J Balvin","reggaeton, latin",Latin,Familiar,03:16,113943791,2018,Collaboration
0Y7di9ZCmB6Elad5WISaPc,Dedicate,Lil Wayne,"rap, hip hop",Hip Hop,Tha Carter V,03:09,19646409,2018,Solo
0YFqKxV9uNu6LUeYkLOKRS,On Time (with John Legend),"Metro Boomin,John Legend","soft pop, neo soul",R&B,HEROES & VILLAINS,02:48,11383315,2022,Collaboration
0YThXX1dqUpYBLyJNAsF9N,If We Being Rëal,Yeat,rage rap,Hip Hop,2093,02:52,32994783,2024,Solo
0YWUHZPJVg4iujddsJDwhM,My Only Wish (This Year),Britney Spears,pop,Pop,My Only Wish (This Year),04:15,201706542,2020,Solo
0YWUHZPJVg4iujddsJDwhM,My Only Wish (This Year),Britney Spears,pop,Pop,My Only Wish (This Year),04:15,201706542,2021,Solo
0YWUHZPJVg4iujddsJDwhM,My Only Wish (This Year),Britney Spears,pop,Pop,My Only Wish (This Year),04:15,201706542,2022,Solo
0YWUHZPJVg4iujddsJDwhM,My Only Wish (This Year),Britney Spears,pop,Pop,My Only Wish (This Year),04:15,201706542,2023,Solo
0YWUHZPJVg4iujddsJDwhM,My Only Wish (This Year),Britney Spears,pop,Pop,My Only Wish (This Year),04:15,201706542,2024,Solo
0YammaEkYSeo9vQYZ1OwS6,Say My Name,"David Guetta,Bebe Rexha,J Balvin","edm, dance, reggaeton, latin",Electronic,7,03:18,211208832,2018,Collaboration
0YammaEkYSeo9vQYZ1OwS6,Say My Name,"David Guetta,Bebe Rexha,J Balvin","edm, dance, reggaeton, latin",Electronic,7,03:18,211208832,2019,Collaboration
0YeUVm23SAkUruwEx9LWnt,Savior,"Kendrick Lamar,Baby Keem,Sam Dew","hip hop, west coast hip hop, ",Hip Hop,Mr. Morale & The Big Steppers,03:44,20998320,2022,Collaboration
0Ymjv0OJeIIPXr6s9wi3iW,MATHEMATICAL DISRESPECT,Lil Mabu,"new york drill, drill",Hip Hop,MATHEMATICAL DISRESPECT,01:28,51097902,2023,Solo
0YqTL3nSL36OFdHwHoqCag,MODO TURBO,"Luísa Sonza,Pabllo Vittar,Anitta","brazilian pop, funk pop, funk, tecnobrega, funk carioca, pagode baiano",Pop,MODO TURBO,02:30,26082580,2020,Collaboration
0YqTL3nSL36OFdHwHoqCag,MODO TURBO,"Luísa Sonza,Pabllo Vittar,Anitta","brazilian pop, funk pop, funk, tecnobrega, funk carioca, pagode baiano",Pop,MODO TURBO,02:30,26082580,2021,Collaboration
0YxKKO272sacGBJKjf6FnB,Saari Duniya Jalaa Denge,"Jaani,B Praak","punjabi pop, hindi pop, desi, bollywood, bhangra, desi pop",Traditional music,ANIMAL,03:02,47694612,2023,Collaboration
0Z0kNthq0sS4lvGz9SSlBF,7 Summers,Morgan Wallen,country,Country,7 Summers,03:30,22435258,2020,Solo
0Z26mbSHJ1dkUu7g9DDgif,Trigger,"Major Lazer,Khalid,Death Stranding: Timefall,Diplo",moombahton,Electronic,Trigger,02:51,41068193,2019,Collaboration
0ZLuW8uOXdFNWcI40C0OC2,"Whats Poppin (feat. DaBaby, Tory Lanez & Lil Wayne) [Remix] - Bonus Track","Jack Harlow,Tory Lanez,DaBaby,Lil Wayne","rap, hip hop",Hip Hop,Thats What They All Say,03:47,80475067,2020,Collaboration
0ZLuW8uOXdFNWcI40C0OC2,"Whats Poppin (feat. DaBaby, Tory Lanez & Lil Wayne) [Remix] - Bonus Track","Jack Harlow,Tory Lanez,DaBaby,Lil Wayne","rap, hip hop",Hip Hop,Thats What They All Say,03:47,80475067,2021,Collaboration
0ZNrc4kNeQYD9koZ3KvCsy,"BIG BANK (feat. 2 Chainz, Big Sean, Nicki Minaj)","YG,2 Chainz,Big Sean,Nicki Minaj","hyphy, rap, southern hip hop, ",Hip Hop,STAY DANGEROUS,03:57,82938894,2018,Collaboration
0ZPjVmof45INEERgYfadtv,Chasing That Feeling,TOMORROW X TOGETHER,k-pop,Pop,The Name Chapter: FREEFALL,03:02,11542128,2023,Solo
0Zbbxnx4SGGHoIow4PpISP,Stargazing,"Kygo,Justin Jesso","tropical house, ",Electronic,Stargazing - EP,03:56,255474652,2017,Collaboration
0Zbbxnx4SGGHoIow4PpISP,Stargazing,"Kygo,Justin Jesso","tropical house, ",Electronic,Stargazing - EP,03:56,255474652,2018,Collaboration
0ZiRSqlSsDlY0UyDYU9CTE,Unforgettable,Thomas Rhett,"country, acoustic country, pop country",Country,Unforgettable,02:37,12537713,2017,Solo
0Zm7NKJgoKY6ZWwtoEUILK,Praise God,Kanye West,rap,Hip Hop,Donda,03:46,34808608,2021,Solo
0ZoHHROTzwIYeNAHRPedTY,Driving Home for Christmas,Chris Rea,christmas,Jazz,New Light Through Old Windows,03:59,28324992,2017,Solo
0a4MMyCrzT0En247IhqZbD,Hype Boy,NewJeans,k-pop,Pop,NewJeans 1st EP 'New Jeans',02:59,314009859,2022,Solo
0a4MMyCrzT0En247IhqZbD,Hype Boy,NewJeans,k-pop,Pop,NewJeans 1st EP 'New Jeans',02:59,314009859,2023,Solo
0a4SMs889NwP8oWI7Vemle,LOOOVE (feat. Kid Cudi),"Travis Scott,Kid Cudi","rap, ",Hip Hop,UTOPIA,03:46,30761294,2023,Collaboration
0aB0v4027ukVziUGwVGYpG,tv off (feat. lefty gunplay),"Kendrick Lamar,Lefty Gunplay","hip hop, west coast hip hop, mexican hip hop",Hip Hop,GNX,03:40,150955467,2024,Collaboration
0aCTSZQTlmnjQucALTF00s,Tak Tiki Tak,Harry Nach,"chilean trap, reggaeton chileno, chilean mambo, mambo",Latin,Tak Tiki Tak,03:32,12142451,2020,Solo
0aPs3kmiqmt9QG7gWXdefA,No soy Eterno,"Bizarrap,Milo j","argentine trap, trap latino, urbano latino",Hip Hop,en dormir sin Madrid,02:31,21806222,2023,Collaboration
0ada5XsQGLPUVbmTCkAP49,Hate The Other Side (with Marshmello & The Kid Laroi),"Juice WRLD,Marshmello,The Kid LAROI,Polo G","melodic rap, emo rap, edm, ",Electronic,Legends Never Die,02:40,45628487,2020,Collaboration
0afhq8XCExXpqazXczTSve,Galway Girl,Ed Sheeran,soft pop,Pop,÷ (Deluxe),02:50,536688811,2017,Solo
0afhq8XCExXpqazXczTSve,Galway Girl,Ed Sheeran,soft pop,Pop,÷ (Deluxe),02:50,536688811,2018,Solo
0aoUM0zcu0kCX7Cv7O939I,Merry Christmas,"Ed Sheeran,Elton John","soft pop, ",Pop,= (Christmas Edition),03:28,101127088,2021,Collaboration
0aoUM0zcu0kCX7Cv7O939I,Merry Christmas,"Ed Sheeran,Elton John","soft pop, ",Pop,= (Christmas Edition),03:28,101127088,2022,Collaboration
0as7lPxkBPctZ7uVmchRNM,Miss You (with Major Lazer & Tory Lanez),"Cashmere Cat,Major Lazer,Tory Lanez","moombahton, ",Electronic,Miss You (with Major Lazer & Tory Lanez),03:06,39836750,2018,Collaboration
0azC730Exh71aQlOt9Zj3y,This Is What You Came For,"Calvin Harris,Rihanna","edm, ",Electronic,This Is What You Came For,03:42,137864748,2017,Collaboration
0azC730Exh71aQlOt9Zj3y,This Is What You Came For,"Calvin Harris,Rihanna","edm, ",Electronic,This Is What You Came For,03:42,137864748,2023,Collaboration
0azC730Exh71aQlOt9Zj3y,This Is What You Came For,"Calvin Harris,Rihanna","edm, ",Electronic,This Is What You Came For,03:42,137864748,2024,Collaboration
0b18g3G5spr4ZCkz7Y6Q0Q,Rasputin,"Majestic,Boney M.",disco,R&B,Rasputin,03:06,202482732,2021,Collaboration
0b18g3G5spr4ZCkz7Y6Q0Q,Rasputin,"Majestic,Boney M.",disco,R&B,Rasputin,03:06,202482732,2022,Collaboration
0bAkKNCQfWkexHFn7fIKns,In My Feelings,Drake,"rap, hip hop",Hip Hop,Scorpion,03:37,138113768,2018,Solo
0bBd6K5X4W7t9GyXcaVOA7,Sigue,"J Balvin,Ed Sheeran","reggaeton, latin, soft pop",Latin,Sigue/Forever My Love,02:39,23382361,2022,Collaboration
0bI7K9Becu2dtXK1Q3cZNB,Don't Be Shy,"Tiësto,KAROL G","edm, trance, big room, house, dance, reggaeton, latin, urbano latino",Electronic,Don't Be Shy,02:20,305215061,2021,Collaboration
0bI7K9Becu2dtXK1Q3cZNB,Don't Be Shy,"Tiësto,KAROL G","edm, trance, big room, house, dance, reggaeton, latin, urbano latino",Electronic,Don't Be Shy,02:20,305215061,2022,Collaboration
0bPP5cDG1ZnbAVCEa3ZbQ1,Só Fé,Grelo,"seresta, arrocha, piseiro, forró, brega, sertanejo",Country,É o Grelo,03:23,37142242,2024,Solo
0bYVPJvXr8ACmw313cVvhB,Tally,BLACKPINK,k-pop,Pop,BORN PINK,03:04,17494852,2022,Solo
0bYg9bo50gSsH3LtXe2SQn,All I Want for Christmas Is You,Mariah Carey,christmas,Jazz,Merry Christmas,04:01,2036711191,2017,Solo
0bYg9bo50gSsH3LtXe2SQn,All I Want for Christmas Is You,Mariah Carey,christmas,Jazz,Merry Christmas,04:01,2036711191,2018,Solo
0bYg9bo50gSsH3LtXe2SQn,All I Want for Christmas Is You,Mariah Carey,christmas,Jazz,Merry Christmas,04:01,2036711191,2019,Solo
0bYg9bo50gSsH3LtXe2SQn,All I Want for Christmas Is You,Mariah Carey,christmas,Jazz,Merry Christmas,04:01,2036711191,2020,Solo
0bYg9bo50gSsH3LtXe2SQn,All I Want for Christmas Is You,Mariah Carey,christmas,Jazz,Merry Christmas,04:01,2036711191,2021,Solo
0bYg9bo50gSsH3LtXe2SQn,All I Want for Christmas Is You,Mariah Carey,christmas,Jazz,Merry Christmas,04:01,2036711191,2022,Solo
0bYg9bo50gSsH3LtXe2SQn,All I Want for Christmas Is You,Mariah Carey,christmas,Jazz,Merry Christmas,04:01,2036711191,2023,Solo
0bYg9bo50gSsH3LtXe2SQn,All I Want for Christmas Is You,Mariah Carey,christmas,Jazz,Merry Christmas,04:01,2036711191,2024,Solo
0bhnUFDQFCEHCBlsQfHnj5,Photograph,J. Cole,rap,Hip Hop,KOD,03:38,25378158,2018,Solo
0bkV1iQHSxBaksUqgEkcbc,SKITZO (feat. Young Thug),"Travis Scott,Young Thug","rap, melodic rap, trap",Hip Hop,UTOPIA,06:06,39571176,2023,Collaboration
0cGpKQ8RxxLOFqhktEURIj,wherever u r (feat. V of BTS),"UMI,V",k-pop,Pop,wherever u r (feat. V of BTS),02:33,19475122,2023,Collaboration
0cGpKQ8RxxLOFqhktEURIj,wherever u r (feat. V of BTS),"UMI,V",k-pop,Pop,wherever u r (feat. V of BTS),02:33,19475122,2024,Collaboration
0cNSq9T5l8gZnpY14rsTR2,PRC,"Peso Pluma,Natanael Cano","corrido, corridos tumbados, corridos bélicos, música mexicana, sad sierreño, electro corridos, banda, sierreño",Latin,GÉNESIS,03:04,85515390,2023,Collaboration
0cOa970mzTWAxKtltpkpLc,Miénteme,"TINI,Maria Becerra","latin pop, argentine trap",Hip Hop,Miénteme,02:45,288035516,2021,Collaboration
0cOa970mzTWAxKtltpkpLc,Miénteme,"TINI,Maria Becerra","latin pop, argentine trap",Hip Hop,Miénteme,02:45,288035516,2022,Collaboration
0cRgJuB6TRtb5RZ2HkjSLh,Anaranjado,"Jowell & Randy,J Balvin","reggaeton, urbano latino, latin",Latin,Viva el Perreo,03:32,19086002,2020,Collaboration
0ct6r3EGTcMLPtrXHDvVjc,The Nights,Avicii,edm,Electronic,The Days / Nights,02:56,402736753,2018,Solo
0ct6r3EGTcMLPtrXHDvVjc,The Nights,Avicii,edm,Electronic,The Days / Nights,02:56,402736753,2021,Solo
0ct6r3EGTcMLPtrXHDvVjc,The Nights,Avicii,edm,Electronic,The Days / Nights,02:56,402736753,2022,Solo
0d0d2CuQSQDF7Q7vNhwA3i,Neymar,"Capital Bra,Ufo361","german hip hop, turkish hip hop",Hip Hop,Neymar,04:23,10840391,2018,Collaboration
0dA2Mk56wEzDgegdC6R17g,Stay (with Alessia Cara),"Zedd,Alessia Cara","edm, ",Electronic,Stay,03:30,532454292,2017,Collaboration
0dEAiKNbHt4mrjjoiL0loc,Corazón de Piedra,Xavi,"corridos tumbados, corrido, corridos bélicos, sad sierreño, música mexicana, banda",Latin,Corazón de Piedra,03:13,175081549,2024,Solo
0dSIrRkA4PadGll16TgbnV,PICK IT UP (feat. A$AP Rocky),"Famous Dex,A$AP Rocky",rap,Hip Hop,Dex Meets Dexter,03:11,55034291,2018,Collaboration
0dZpw3h6KZhcHec61qwevZ,Banana (feat. Shaggy) - DJ FLe - Minisiren Remix,"Conkarah,Shaggy,DJ Fle","reggae, nz reggae",Jazz,Banana (feat. Shaggy) [DJ FLe - Minisiren Remix],03:30,78074584,2020,Collaboration
0dbTQYW3Ad1FTzIA9t90E8,Mona Lisa (feat. Kendrick Lamar),"Lil Wayne,Kendrick Lamar","rap, hip hop, west coast hip hop",Hip Hop,Tha Carter V,05:24,65204351,2018,Collaboration
0dcnrLo8s1rhjm8euGjI4n,DARARI,TREASURE,k-pop,Pop,THE SECOND STEP : CHAPTER ONE,03:40,35101227,2022,Solo
0eCajpR75pDW0r64U6hP2x,Jo Tum Mere Ho,Anuv Jain,"indian indie, hindi indie, hindi pop",Rock,Jo Tum Mere Ho,04:11,134454143,2024,Solo
0eFMbKCRw8KByXyWBw8WO7,Still With You,Jung Kook,k-pop,Pop,Still With You,03:59,61994522,2023,Solo
0eHCArTPhwUxatY7cEXRiK,New Freezer (feat. Kendrick Lamar),"Rich The Kid,Kendrick Lamar","trap, hip hop, west coast hip hop",Hip Hop,The World Is Yours,03:11,20018000,2018,Collaboration
0eeKDrQxjqNl5bX5VCHDcn,PAM,"Justin Quiles,Daddy Yankee,El Alfa","reggaeton, latin, dembow, urbano latino",Latin,PAM,03:21,81552883,2020,Collaboration
0eeeyCAGnGZInPtpkdYiPa,Jamais Vu,BTS,k-pop,Pop,MAP OF THE SOUL : PERSONA,03:47,12992565,2019,Solo
0evt4UZbdhnHtcAnxkm6A1,Normal,Eminem,"rap, hip hop",Hip Hop,Kamikaze,03:42,28949634,2018,Solo
0f5slGJQq4iafoxngc95h1,Rudolph The Red-Nosed Reindeer,Burl Ives,christmas,Jazz,A Holly Jolly Christmas,02:10,13411413,2024,Solo
0fABszUFNbNq9IW503Gj8v,Tá OK,"DENNIS,MC Kevin o Chris","funk, brazilian funk, funk carioca, funk pop, funk melody, brega funk",Hip Hop,Tá OK,01:32,355232166,2023,Collaboration
0fX4oNGBWO3dSGUZcVdVV2,N95,Kendrick Lamar,"hip hop, west coast hip hop",Hip Hop,Mr. Morale & The Big Steppers,03:15,36214284,2022,Solo
0fcq51a3gOI6gPvzc0YLsk,Wow. - Remix,"Post Malone,Roddy Ricch,Tyga","melodic rap, ",Hip Hop,Wow. (Remix),02:50,23558940,2019,Collaboration
0fea68AdmYNygeTGI4RC18,LA CANCIÓN,"J Balvin,Bad Bunny","reggaeton, latin, trap latino, urbano latino",Latin,OASIS,04:02,1040314553,2019,Collaboration
0fea68AdmYNygeTGI4RC18,LA CANCIÓN,"J Balvin,Bad Bunny","reggaeton, latin, trap latino, urbano latino",Latin,OASIS,04:02,1040314553,2020,Collaboration
0fea68AdmYNygeTGI4RC18,LA CANCIÓN,"J Balvin,Bad Bunny","reggaeton, latin, trap latino, urbano latino",Latin,OASIS,04:02,1040314553,2021,Collaboration
0fea68AdmYNygeTGI4RC18,LA CANCIÓN,"J Balvin,Bad Bunny","reggaeton, latin, trap latino, urbano latino",Latin,OASIS,04:02,1040314553,2022,Collaboration
0fea68AdmYNygeTGI4RC18,LA CANCIÓN,"J Balvin,Bad Bunny","reggaeton, latin, trap latino, urbano latino",Latin,OASIS,04:02,1040314553,2023,Collaboration
0fg8CqpjdojMyXLNzM2PaJ,Run Up (feat. PARTYNEXTDOOR & Nicki Minaj),"Major Lazer,PARTYNEXTDOOR,Nicki Minaj","moombahton, r&b, ",Electronic,Run Up (feat. PARTYNEXTDOOR & Nicki Minaj),03:23,187297108,2017,Collaboration
0fgsKar6uBO08vzHXkTjWi,P FKN R,"Bad Bunny,Kendo Kaponi,Arcángel","reggaeton, trap latino, latin, urbano latino",Latin,YHLQMDLG,04:18,14158965,2020,Collaboration
0fioLzGM8ngbD1w6fMmm45,I'm Not The Only One,Sam Smith,soft pop,Pop,In The Lonely Hour,03:59,14837990,2017,Solo
0g2Bbgy7P41pFjMWJuzsf4,STAYING ALIVE (feat. Drake & Lil Baby),"DJ Khaled,Drake,Lil Baby","rap, hip hop, ",Hip Hop,STAYING ALIVE (feat. Drake & Lil Baby),02:58,38383645,2022,Collaboration
0gD6lWJhbXHWNVwQziSVvl,Plug Walk,Rich The Kid,trap,Hip Hop,Plug Walk,02:55,34621182,2018,Solo
0giiXonRhODYy4J1iy4Lb3,Sexo Virtual,Rauw Alejandro,"reggaeton, urbano latino, trap latino, latin",Latin,VICE VERSA,03:28,40476925,2021,Solo
0gmbgwZ8iqyMPmXefof8Yf,How You Remind Me,Nickelback,"post-grunge, rock",Metal,Silver Side Up,03:43,14787150,2024,Solo
0gplL1WMoJ6iYaPgMCL0gX,Easy On Me,Adele,soft pop,Pop,Easy On Me,03:44,268759528,2021,Solo
0gucTLf7trAf37Ua1uAyAu,Smells Like Teen Spirit - Remastered,Nirvana,"grunge, rock",Rock,Nevermind (30th Anniversary Super Deluxe),05:00,306237096,2021,Solo
0gucTLf7trAf37Ua1uAyAu,Smells Like Teen Spirit - Remastered,Nirvana,"grunge, rock",Rock,Nevermind (30th Anniversary Super Deluxe),05:00,306237096,2022,Solo
0gucTLf7trAf37Ua1uAyAu,Smells Like Teen Spirit - Remastered,Nirvana,"grunge, rock",Rock,Nevermind (30th Anniversary Super Deluxe),05:00,306237096,2023,Solo
0h7QMc9ZRzA9QJrbEHytn2,The Astronaut,Jin,k-pop,Pop,The Astronaut,04:42,55190895,2022,Solo
0hGH0S74Eoyv6mXZcOKtdQ,On The Road (feat. Meek Mill & Lil Baby),"Post Malone,Meek Mill,Lil Baby","rap, ",Hip Hop,Hollywood's Bleeding,03:38,25600556,2019,Collaboration
0hKtu53OlIFXVuYkZwcn3o,Cinderella,"Future,Metro Boomin,Travis Scott",rap,Hip Hop,WE DON'T TRUST YOU,02:49,77219531,2024,Collaboration
0hL9gOw6XBWsygEUcVjxEc,HYAENA,Travis Scott,rap,Hip Hop,UTOPIA,03:42,84361540,2023,Solo
0hQNbQKW2dDATH1ngj4TI6,WA DA DA,Kep1er,k-pop,Pop,FIRST IMPACT,03:03,19091955,2022,Solo
0hVXuCcriWRGvwMV1r5Yn9,I Don't Care (with Justin Bieber),"Ed Sheeran,Justin Bieber","soft pop, ",Pop,No.6 Collaborations Project,03:39,861519234,2019,Collaboration
0hVXuCcriWRGvwMV1r5Yn9,I Don't Care (with Justin Bieber),"Ed Sheeran,Justin Bieber","soft pop, ",Pop,No.6 Collaborations Project,03:39,861519234,2020,Collaboration
0hVXuCcriWRGvwMV1r5Yn9,I Don't Care (with Justin Bieber),"Ed Sheeran,Justin Bieber","soft pop, ",Pop,No.6 Collaborations Project,03:39,861519234,2021,Collaboration
0hfXHqWhOpbR9YQmQojDMN,gervonta,Peso Pluma,"corrido, corridos tumbados, corridos bélicos, música mexicana, sad sierreño, electro corridos, banda",Latin,gervonta,02:47,42296438,2024,Solo
0hvN2v6fAcB6xWyW7UaooA,(There's No Place Like) Home for the Holidays - 1959 Version,Perry Como,"christmas, adult standards",Easy listening,Season's Greetings,02:55,20585411,2021,Solo
0hvN2v6fAcB6xWyW7UaooA,(There's No Place Like) Home for the Holidays - 1959 Version,Perry Como,"christmas, adult standards",Easy listening,Season's Greetings,02:55,20585411,2022,Solo
0hvN2v6fAcB6xWyW7UaooA,(There's No Place Like) Home for the Holidays - 1959 Version,Perry Como,"christmas, adult standards",Easy listening,Season's Greetings,02:55,20585411,2023,Solo
0hvN2v6fAcB6xWyW7UaooA,(There's No Place Like) Home for the Holidays - 1959 Version,Perry Como,"christmas, adult standards",Easy listening,Season's Greetings,02:55,20585411,2024,Solo
0hz5PNF2wejwUKCMpesQWt,Merry Christmas,"Ed Sheeran,Elton John","soft pop, ",Pop,+-=÷× (Tour Collection),03:28,66549413,2024,Collaboration
0i4UV3HjjvsUuV3BajEXoD,Baile no Morro,"MC Tairon,Mc Vitin Da Igrejinha,Dj Win,life song","funk de bh, funk, brazilian funk",Hip Hop,Baile no Morro,02:20,22156899,2022,Collaboration
0iVEujJcafOBnxa654fJYu,Cosas Pendientes,Maluma,"reggaeton, latin, urbano latino",Latin,Cosas Pendientes,03:04,14503298,2024,Solo
0jAfdqv18goRTUxm3ilRjb,Startender (feat. Offset and Tyga),"A Boogie Wit da Hoodie,Tyga,Offset","melodic rap, ",Hip Hop,Hoodie SZN,03:12,91846816,2018,Collaboration
0jAfdqv18goRTUxm3ilRjb,Startender (feat. Offset and Tyga),"A Boogie Wit da Hoodie,Tyga,Offset","melodic rap, ",Hip Hop,Hoodie SZN,03:12,91846816,2019,Collaboration
0jT8Nl0shPS8115is0wD2Q,Favorito,Camilo,colombian pop,Pop,Por Primera Vez,03:29,232645516,2020,Solo
0jcw8cJf3TNMZN0BXlueML,Hell N Back (feat. Summer Walker),"Bakar,Summer Walker",r&b,R&B,Halo,03:15,38853463,2024,Collaboration
0jiPKUSdsJNCxMPHjMqptk,Christmas (Baby Please Come Home),Darlene Love,christmas,Jazz,NOW 100 Hits Christmas,02:44,24346468,2019,Solo
0jo6Nd4iJU0UFHqS0Xd4l4,Fighting Demons,Juice WRLD,"melodic rap, emo rap",Hip Hop,Legends Never Die,03:20,18944270,2020,Solo
0k0GtcnyQLMiXrdEDbLXmJ,Please Don't Change (feat. DJ Snake),"Jung Kook,DJ Snake","k-pop, ",Pop,GOLDEN,02:26,36739442,2023,Collaboration
0k1WUmIRnG3xU6fvvDVfRG,Way 2 Sexy (with Future & Young Thug),"Drake,Future,Young Thug","rap, hip hop, melodic rap, trap",Hip Hop,Certified Lover Boy,04:17,279259509,2021,Collaboration
0k1WUmIRnG3xU6fvvDVfRG,Way 2 Sexy (with Future & Young Thug),"Drake,Future,Young Thug","rap, hip hop, melodic rap, trap",Hip Hop,Certified Lover Boy,04:17,279259509,2022,Collaboration
0kHyKhJMukHEPfeh8s7rdM,Born To Be Yours,"Kygo,Imagine Dragons","tropical house, ",Electronic,Born To Be Yours,03:13,171334377,2018,Collaboration
0kTMK4gNFfLXaTb62w1UaJ,BABY OTAKU,"Pablito Pesadilla,Polimá Westcoast,Nickoog Clk,Fran C","guaracha, reggaeton chileno, chilean trap, chilean mambo, mambo",Latin,Baby Otaku,02:56,70695547,2022,Collaboration
0kdqcbwei4MDWFEX5f33yG,Bling-Bang-Bang-Born,Creepy Nuts,"anime, j-pop, j-rap",Pop,Bling-Bang-Bang-Born,02:48,181233712,2024,Solo
0kqTXMHiQiB7IECD0WwcPq,Talk that Talk,TWICE,k-pop,Pop,BETWEEN 1&2,02:57,56218703,2022,Solo
0kzN7YAMSbmlHOvxlbQW9y,Di Que Si,"Grupo Marca Registrada,Grupo Frontera","corrido, corridos bélicos, corridos tumbados, electro corridos, banda, norteño, música mexicana, sad sierreño, sierreño, cumbia norteña, grupera, tejano",Latin,Di Que Si,03:10,85066248,2023,Collaboration
0l0vcZMU7AOeQmUIREoI2U,Qué Pasaría...,"Rauw Alejandro,Bad Bunny","reggaeton, urbano latino, trap latino, latin",Latin,Cosa Nuestra,03:11,147745922,2024,Collaboration
0lJCqIx5BhZtf6QtYI2fbv,Vuelve,"Daddy Yankee,Bad Bunny","reggaeton, latin, trap latino, urbano latino",Latin,Vuelve,04:39,126341117,2017,Collaboration
0lJCqIx5BhZtf6QtYI2fbv,Vuelve,"Daddy Yankee,Bad Bunny","reggaeton, latin, trap latino, urbano latino",Latin,Vuelve,04:39,126341117,2018,Collaboration
0lJE8f0lx8mUSfMyxeYpiC,Bar,"TINI,L-Gante","latin pop, rkt, turreo",Pop,Bar,02:40,60564520,2021,Collaboration
0lJE8f0lx8mUSfMyxeYpiC,Bar,"TINI,L-Gante","latin pop, rkt, turreo",Pop,Bar,02:40,60564520,2022,Collaboration
0lLdorYw7lVrJydTINhWdI,It's Beginning to Look a Lot like Christmas,Michael Bublé,christmas,Jazz,Christmas,03:26,524369097,2017,Solo
0lLdorYw7lVrJydTINhWdI,It's Beginning to Look a Lot like Christmas,Michael Bublé,christmas,Jazz,Christmas,03:26,524369097,2018,Solo
0lLdorYw7lVrJydTINhWdI,It's Beginning to Look a Lot like Christmas,Michael Bublé,christmas,Jazz,Christmas,03:26,524369097,2019,Solo
0lLdorYw7lVrJydTINhWdI,It's Beginning to Look a Lot like Christmas,Michael Bublé,christmas,Jazz,Christmas,03:26,524369097,2020,Solo
0lLdorYw7lVrJydTINhWdI,It's Beginning to Look a Lot like Christmas,Michael Bublé,christmas,Jazz,Christmas,03:26,524369097,2021,Solo
0lLdorYw7lVrJydTINhWdI,It's Beginning to Look a Lot like Christmas,Michael Bublé,christmas,Jazz,Christmas,03:26,524369097,2022,Solo
0lMbuWUpfTWhEmOKxppEau,Rollin (feat. Future & Khalid),"Calvin Harris,Future,Khalid,Funk Wav","edm, rap, ",Electronic,Funk Wav Bounces Vol.1,04:32,126817362,2017,Collaboration
0lSZh5W0wDeurkGzLYY6hf,Turks (feat. Travis Scott),"NAV,Gunna,Travis Scott","melodic rap, rap",Hip Hop,Turks,02:41,52798310,2020,Collaboration
0lizgQ7Qw35od7CYaoMBZb,Santa Tell Me,Ariana Grande,pop,Pop,Santa Tell Me,03:24,1096508122,2018,Solo
0lizgQ7Qw35od7CYaoMBZb,Santa Tell Me,Ariana Grande,pop,Pop,Santa Tell Me,03:24,1096508122,2019,Solo
0lizgQ7Qw35od7CYaoMBZb,Santa Tell Me,Ariana Grande,pop,Pop,Santa Tell Me,03:24,1096508122,2020,Solo
0lizgQ7Qw35od7CYaoMBZb,Santa Tell Me,Ariana Grande,pop,Pop,Santa Tell Me,03:24,1096508122,2021,Solo
0lizgQ7Qw35od7CYaoMBZb,Santa Tell Me,Ariana Grande,pop,Pop,Santa Tell Me,03:24,1096508122,2022,Solo
0lizgQ7Qw35od7CYaoMBZb,Santa Tell Me,Ariana Grande,pop,Pop,Santa Tell Me,03:24,1096508122,2023,Solo
0lizgQ7Qw35od7CYaoMBZb,Santa Tell Me,Ariana Grande,pop,Pop,Santa Tell Me,03:24,1096508122,2024,Solo
0lnpnsrVaW9elGgRxpDCgE,Fancy Like,Walker Hayes,country,Country,Fancy Like (feat. Kesha),02:41,10038502,2021,Solo
0lodMO0qK83vfPiiD7FMEt,TOPIA TWINS (feat. Rob49 & 21 Savage),"Travis Scott,Rob49,21 Savage","rap, ",Hip Hop,UTOPIA,03:43,86549174,2023,Collaboration
0mBP9X2gPCuapvpZ7TGDk3,Left and Right (Feat. Jung Kook of BTS),"Charlie Puth,Jung Kook,BTS","soft pop, pop, k-pop",Pop,Left and Right (Feat. Jung Kook of BTS),02:34,282583791,2022,Collaboration
0mHC3BK9vFGoEU0EcGPWRZ,CENERE,Lazza,italian trap,Hip Hop,SIRIO,03:28,58131064,2023,Solo
0mJBiaODgK0XjOLCN5fItq,Like I Can,Sam Smith,soft pop,Pop,In The Lonely Hour (Deluxe),02:47,90306093,2021,Solo
0mNzElhEofvgMWAJoOA4q9,Pour Me A Drink (Feat. Blake Shelton),"Post Malone,Blake Shelton",country,Country,F-1 Trillion,03:15,11070158,2024,Collaboration
0mel2N9Ws9r4yLQn5QE21Y,Too Good At Goodbyes - Edit,Sam Smith,soft pop,Pop,Too Good At Goodbyes,03:21,183582476,2017,Solo
0mjAU3yKR1QnXnHtjGJqTM,Rescue Me,OneRepublic,soft pop,Pop,Rescue Me,02:38,204469447,2019,Solo
0n2moJpAEWHwaPYYjkzMDl,Blue & Grey,BTS,k-pop,Pop,BE,04:14,30040903,2020,Solo
0n2nEtLP3OzDdi12ziIekx,SOS,"Avicii,Aloe Blacc","edm, ",Electronic,SOS (feat. Aloe Blacc),02:37,17980462,2019,Collaboration
0nAZGkBGKQCXyaoSJfRhC1,A Keeper,Drake,"rap, hip hop",Hip Hop,"Honestly, Nevermind",02:53,15784582,2022,Solo
0nbXyq5TXYPCO7pr3N8S4I,The Box,Roddy Ricch,melodic rap,Hip Hop,Please Excuse Me for Being Antisocial,03:16,1246296525,2019,Solo
0nbXyq5TXYPCO7pr3N8S4I,The Box,Roddy Ricch,melodic rap,Hip Hop,Please Excuse Me for Being Antisocial,03:16,1246296525,2020,Solo
0nbXyq5TXYPCO7pr3N8S4I,The Box,Roddy Ricch,melodic rap,Hip Hop,Please Excuse Me for Being Antisocial,03:16,1246296525,2021,Solo
0nbXyq5TXYPCO7pr3N8S4I,The Box,Roddy Ricch,melodic rap,Hip Hop,Please Excuse Me for Being Antisocial,03:16,1246296525,2024,Solo
0nj9Bq5sHDiTxSHunhgkFb,squabble up,Kendrick Lamar,"hip hop, west coast hip hop",Hip Hop,GNX,02:37,131072955,2024,Solo
0nrRP2bk19rLc0orkWPQk2,Wake Me Up,Avicii,edm,Electronic,True,04:07,508510456,2020,Solo
0nrRP2bk19rLc0orkWPQk2,Wake Me Up,Avicii,edm,Electronic,True,04:07,508510456,2021,Solo
0nrRP2bk19rLc0orkWPQk2,Wake Me Up,Avicii,edm,Electronic,True,04:07,508510456,2022,Solo
0nrRP2bk19rLc0orkWPQk2,Wake Me Up,Avicii,edm,Electronic,True,04:07,508510456,2023,Solo
0nrRP2bk19rLc0orkWPQk2,Wake Me Up,Avicii,edm,Electronic,True,04:07,508510456,2024,Solo
0ntQJM78wzOLVeCUAW7Y45,Sex on Fire,Kings of Leon,modern rock,Rock,Only By The Night,03:23,60557872,2024,Solo
0o3ua5ufFK7nfRzbDUNoGA,don't wanna break up again,Ariana Grande,pop,Pop,eternal sunshine,02:54,40479041,2024,Solo
0o9zmvc5f3EFApU52PPIyW,Shinunoga E-Wa,Fujii Kaze,j-pop,Pop,HELP EVER HURT NEVER,03:05,253400227,2022,Solo
0o9zmvc5f3EFApU52PPIyW,Shinunoga E-Wa,Fujii Kaze,j-pop,Pop,HELP EVER HURT NEVER,03:05,253400227,2023,Solo
0oA9wBGDY4uyILLg4GymWP,Tom's Diner,"AnnenMayKantereit,Giant Rooks","german pop, ",Pop,Tom's Diner,04:29,59521968,2022,Collaboration
0oBtwScT4B4BR5kZitNWd5,PUNTO G,Quevedo,reggaeton,Latin,PUNTO G,02:31,149591760,2022,Solo
0oBtwScT4B4BR5kZitNWd5,PUNTO G,Quevedo,reggaeton,Latin,PUNTO G,02:31,149591760,2023,Solo
0oPOuDmmkVp3h6puekhs6P,Use This Gospel,"Kanye West,Clipse,Kenny G","rap, southern hip hop, smooth jazz, christmas",Jazz,JESUS IS KING,03:33,18230812,2019,Collaboration
0oQCRjrWGvkqkdf82UlXI3,POCPOC,PEDRO SAMPAIO,"funk, funk pop, brazilian funk, funk carioca, brega funk, brazilian pop",Hip Hop,POCPOC,02:07,11109998,2024,Solo
0ofHAoxe9vBkTCp2UQIavz,Dreams - 2004 Remaster,Fleetwood Mac,"classic rock, soft rock",Rock,Rumours (Super Deluxe),04:17,699030000,2020,Solo
0ofHAoxe9vBkTCp2UQIavz,Dreams - 2004 Remaster,Fleetwood Mac,"classic rock, soft rock",Rock,Rumours (Super Deluxe),04:17,699030000,2021,Solo
0ofHAoxe9vBkTCp2UQIavz,Dreams - 2004 Remaster,Fleetwood Mac,"classic rock, soft rock",Rock,Rumours (Super Deluxe),04:17,699030000,2022,Solo
0ofHAoxe9vBkTCp2UQIavz,Dreams - 2004 Remaster,Fleetwood Mac,"classic rock, soft rock",Rock,Rumours (Super Deluxe),04:17,699030000,2023,Solo
0ofHAoxe9vBkTCp2UQIavz,Dreams - 2004 Remaster,Fleetwood Mac,"classic rock, soft rock",Rock,Rumours (Super Deluxe),04:17,699030000,2024,Solo
0ofbQMrRDsUaVKq2mGLEAb,Havana (feat. Young Thug),"Camila Cabello,Young Thug","pop, rap, melodic rap, trap",Hip Hop,Havana (feat. Young Thug),03:36,530581921,2017,Collaboration
0ofbQMrRDsUaVKq2mGLEAb,Havana (feat. Young Thug),"Camila Cabello,Young Thug","pop, rap, melodic rap, trap",Hip Hop,Havana (feat. Young Thug),03:36,530581921,2018,Collaboration
0oiv4E896TUTTeQU0cmIui,Massive,Drake,"rap, hip hop",Hip Hop,"Honestly, Nevermind",05:36,86401904,2022,Solo
0ono6UCNVZ1XqOm6j78Blu,Filter,BTS,k-pop,Pop,MAP OF THE SOUL : 7,03:00,16362134,2020,Solo
0otRX6Z89qKkHkQ9OqJpKt,Car's Outside,James Arthur,soft pop,Pop,YOU,04:08,224552684,2023,Solo
0pNFrM5L0te1EXGxveeYiR,My You,Jung Kook,k-pop,Pop,My You,02:45,11491204,2023,Solo
0pYacDCZuRhcrwGUA5nTBe,eight(Prod.&Feat. SUGA of BTS),"IU,SUGA","k-pop, k-ballad",Pop,eight,02:47,20839933,2020,Collaboration
0pgj4EzB1XRqgZemoMNG5D,Por Primera Vez,"Camilo,Evaluna Montaner","colombian pop, ",Pop,Por Primera Vez,03:02,15225673,2020,Collaboration
0psS4i5YooJrXfDnGvWRLi,Lo Vas A Olvidar (with ROSALÍA),"Billie Eilish,ROSALÍA",latin,Latin,Lo Vas A Olvidar (with ROSALÍA),03:23,30671166,2021,Collaboration
0q2vG0UVuy6ajjcpkQHdZM,Unaccommodating (feat. Young M.A),"Eminem,Young M.A","rap, hip hop, ",Hip Hop,Music To Be Murdered By,03:36,20652019,2020,Collaboration
0q75NwOoFiARAVp4EXU4Bs,Love Galore (feat. Travis Scott),"SZA,Travis Scott","r&b, rap",R&B,Ctrl,04:35,111238360,2017,Collaboration
0q75NwOoFiARAVp4EXU4Bs,Love Galore (feat. Travis Scott),"SZA,Travis Scott","r&b, rap",R&B,Ctrl,04:35,111238360,2018,Collaboration
0q85C1JiECyYIQthz1posA,obvious,Ariana Grande,pop,Pop,Positions,02:26,12064400,2020,Solo
0qCPD6ilr9nXkI4KVZgcns,Abcdario,"Eden Muñoz,Junior H","banda, corrido, norteño, corridos bélicos, corridos tumbados, música mexicana, sad sierreño, sierreño",Latin,Abcdario,03:40,111854832,2023,Collaboration
0qYTZCo5Bwh1nsUFGZP3zn,Felices los 4,Maluma,"reggaeton, latin, urbano latino",Latin,Felices los 4,03:49,459550071,2017,Solo
0qYTZCo5Bwh1nsUFGZP3zn,Felices los 4,Maluma,"reggaeton, latin, urbano latino",Latin,Felices los 4,03:49,459550071,2018,Solo
0qYW2jULeN9giEty0ee9Fy,Botadinha Saliente,Rogerinho,"piseiro, arrocha, forró, pagode baiano, brega funk, brega, funk",Country,Botadinha Saliente,02:38,13647915,2022,Solo
0qaWEvPkts34WF68r8Dzx9,Turn Me On (feat. Vula),"Riton,Oliver Heldens,Vula","house, future house, disco house",Electronic,Turn Me On (feat. Vula),03:28,51366320,2019,Collaboration
0qaWEvPkts34WF68r8Dzx9,Turn Me On (feat. Vula),"Riton,Oliver Heldens,Vula","house, future house, disco house",Electronic,Turn Me On (feat. Vula),03:28,51366320,2020,Collaboration
0qc4QlcCxVTGyShurEv1UU,Post Malone (feat. RANI),"Sam Feldt,RANI","tropical house, ",Electronic,Magnets EP,02:54,55734953,2019,Collaboration
0qeIFEGRQqHoaJtLCl0U73,DEGENERE 👑 (feat. benny blanco),"Myke Towers,benny blanco","reggaeton, trap latino, urbano latino, ",Latin,LA PANTERA NEGRA (DELUXE),02:10,165813782,2024,Collaboration
0qxLQ6opocOGyFnlXqJ53x,Bipolar,"Mc Davi,Mc Pedrinho,Mc Don Juan,DJ 900","funk, funk consciente, brazilian funk, trap funk",Hip Hop,Bipolar,04:36,77030650,2021,Collaboration
0r9d60ZYPAlFHq8qnUtkXN,Madura (feat. Bad Bunny),"Cosculluela,Bad Bunny","reggaeton, trap latino, latin hip hop, latin, urbano latino",Latin,Madura (feat. Bad Bunny),03:10,151637831,2018,Collaboration
0rDQZJtSGgsB2rdkObpdFa,VOU 787,Bad Bunny,"reggaeton, trap latino, latin, urbano latino",Latin,nadie sabe lo que va a pasar mañana,02:03,33622656,2023,Solo
0rFQ5cKYJ9WtHSKp9sxVYt,Heartless (feat. Morgan Wallen),"Diplo,Morgan Wallen","moombahton, country",Country,Heartless (feat. Morgan Wallen),02:49,27776329,2019,Collaboration
0rHToGels2lt8Y0mCYoF90,Deck The Hall,Nat King Cole,"christmas, adult standards, vocal jazz",Easy listening,The Christmas Song (Expanded Edition),01:08,179347966,2020,Solo
0rHToGels2lt8Y0mCYoF90,Deck The Hall,Nat King Cole,"christmas, adult standards, vocal jazz",Easy listening,The Christmas Song (Expanded Edition),01:08,179347966,2021,Solo
0rHToGels2lt8Y0mCYoF90,Deck The Hall,Nat King Cole,"christmas, adult standards, vocal jazz",Easy listening,The Christmas Song (Expanded Edition),01:08,179347966,2022,Solo
0rHToGels2lt8Y0mCYoF90,Deck The Hall,Nat King Cole,"christmas, adult standards, vocal jazz",Easy listening,The Christmas Song (Expanded Edition),01:08,179347966,2023,Solo
0rHToGels2lt8Y0mCYoF90,Deck The Hall,Nat King Cole,"christmas, adult standards, vocal jazz",Easy listening,The Christmas Song (Expanded Edition),01:08,179347966,2024,Solo
0rKWJnmo6Q0ovoPOLoLm0t,TOO MUCH,"The Kid LAROI,Jung Kook,Central Cee","k-pop, uk drill, drill, grime",Hip Hop,TOO MUCH,03:23,101022684,2023,Collaboration
0rTV5WefWd1J3OwIheTzxM,Talk,"Khalid,Disclosure",house,Electronic,Talk,03:17,123286296,2019,Collaboration
0redQHBfejmPUhonR5ppGC,Duas Três,"Guilherme & Benuto,Ana Castela,Adriano Rhod","sertanejo, sertanejo universitário, agronejo, arrocha, piseiro",Country,Duas Três,02:36,18049830,2023,Collaboration
0rhI6gvOeCKA502RdJAbfs,Sugar Rush Ride,TOMORROW X TOGETHER,k-pop,Pop,The Name Chapter: TEMPTATION,03:06,35608700,2023,Solo
0s3nnoMeVWz3989MkNQiRf,Lucid Dreams,Juice WRLD,"melodic rap, emo rap",Hip Hop,Goodbye & Good Riddance,03:59,395899340,2018,Solo
0s5DNDV6LAKn2u2Ufa3VjQ,Desconocidos,"Mau y Ricky,Manuel Turizo,Camilo","reggaeton, latin pop, latin, colombian pop",Pop,Desconocidos,03:24,225860611,2018,Collaboration
0s5DNDV6LAKn2u2Ufa3VjQ,Desconocidos,"Mau y Ricky,Manuel Turizo,Camilo","reggaeton, latin pop, latin, colombian pop",Pop,Desconocidos,03:24,225860611,2019,Collaboration
0sPTfDSZgE3KvcvqaKPtEx,Tanta Falta,Bryant Myers,"trap latino, reggaeton, trap, urbano latino, dembow",Latin,Tanta Falta,03:01,11496779,2018,Solo
0sSRLXxknVTQDStgU1NqpY,Hours In Silence,"Drake,21 Savage","rap, hip hop, ",Hip Hop,Her Loss,06:39,26019841,2022,Collaboration
0sXvAOmXgjR2QUqLK1MltU,La Bicicleta,"Carlos Vives,Shakira","colombian pop, vallenato, latin, latin pop",Pop,El Dorado,03:47,80191969,2017,Collaboration
0sci7ppTZFm4mjcH3nu8yO,nasty,Ariana Grande,pop,Pop,Positions,03:20,16351744,2020,Solo
0sfk352FO8bJUjWjIsyzSR,DONDE SE APRENDE A QUERER?,Mora,"urbano latino, reggaeton, trap latino",Latin,ESTRELLA,02:24,56489022,2023,Solo
0siYMEsGrzzzlWLXK5zJfS,BED,"Joel Corry,RAYE,David Guetta","dance pop, edm, dance",Electronic,BED,02:58,208525862,2021,Collaboration
0sjhY8nPIm6cPOQfyUPmJe,ERRO PLANEJADO - Ao Vivo,"Luan Santana,Henrique & Juliano","sertanejo, sertanejo universitário, arrocha, agronejo",Country,ERRO PLANEJADO (Ao Vivo),02:34,13077858,2022,Collaboration
0skYUMpS0AcbpjcGsAbRGj,Pink Venom,BLACKPINK,k-pop,Pop,Pink Venom,03:06,127156631,2022,Solo
0t1kP63rueHleOhQkYSXFY,Dynamite,BTS,k-pop,Pop,Dynamite (DayTime Version),03:19,302225270,2020,Solo
0t3ZvGKlmYmVsDzBJAXK8C,Goodbyes (feat. Young Thug),"Post Malone,Young Thug","rap, melodic rap, trap",Hip Hop,Hollywood's Bleeding,02:54,35704981,2020,Collaboration
0tBbt8CrmxbjRP0pueQkyU,Wolves,"Selena Gomez,Marshmello","pop, edm",Electronic,Wolves,03:17,91988027,2017,Collaboration
0tBbt8CrmxbjRP0pueQkyU,Wolves,"Selena Gomez,Marshmello","pop, edm",Electronic,Wolves,03:17,91988027,2018,Collaboration
0tBbt8CrmxbjRP0pueQkyU,Wolves,"Selena Gomez,Marshmello","pop, edm",Electronic,Wolves,03:17,91988027,2019,Collaboration
0tPQPaOKM32WgMSbPCYyRH,Dirty Sexy Money (feat. Charli XCX & French Montana),"David Guetta,AFROJACK,Charli xcx,French Montana","edm, dance, big room, hyperpop, art pop, ",Pop,Dirty Sexy Money (feat. Charli XCX & French Montana),02:52,58569286,2017,Collaboration
0tPQPaOKM32WgMSbPCYyRH,Dirty Sexy Money (feat. Charli XCX & French Montana),"David Guetta,AFROJACK,Charli xcx,French Montana","edm, dance, big room, hyperpop, art pop, ",Pop,Dirty Sexy Money (feat. Charli XCX & French Montana),02:52,58569286,2018,Collaboration
0tXPhc8LvM4dPvoRwI66XQ,I'll Be Home for Christmas,Michael Bublé,christmas,Jazz,Christmas,04:24,31876036,2017,Solo
0tXPhc8LvM4dPvoRwI66XQ,I'll Be Home for Christmas,Michael Bublé,christmas,Jazz,Christmas,04:24,31876036,2018,Solo
0tXPhc8LvM4dPvoRwI66XQ,I'll Be Home for Christmas,Michael Bublé,christmas,Jazz,Christmas,04:24,31876036,2019,Solo
0tXPhc8LvM4dPvoRwI66XQ,I'll Be Home for Christmas,Michael Bublé,christmas,Jazz,Christmas,04:24,31876036,2020,Solo
0tXPhc8LvM4dPvoRwI66XQ,I'll Be Home for Christmas,Michael Bublé,christmas,Jazz,Christmas,04:24,31876036,2021,Solo
0tXPhc8LvM4dPvoRwI66XQ,I'll Be Home for Christmas,Michael Bublé,christmas,Jazz,Christmas,04:24,31876036,2022,Solo
0tgVpDi06FyKpA1z0VMD4v,Perfect,Ed Sheeran,soft pop,Pop,÷ (Deluxe),04:23,3412359549,2017,Solo
0tgVpDi06FyKpA1z0VMD4v,Perfect,Ed Sheeran,soft pop,Pop,÷ (Deluxe),04:23,3412359549,2018,Solo
0tgVpDi06FyKpA1z0VMD4v,Perfect,Ed Sheeran,soft pop,Pop,÷ (Deluxe),04:23,3412359549,2019,Solo
0tgVpDi06FyKpA1z0VMD4v,Perfect,Ed Sheeran,soft pop,Pop,÷ (Deluxe),04:23,3412359549,2020,Solo
0tgVpDi06FyKpA1z0VMD4v,Perfect,Ed Sheeran,soft pop,Pop,÷ (Deluxe),04:23,3412359549,2021,Solo
0tgVpDi06FyKpA1z0VMD4v,Perfect,Ed Sheeran,soft pop,Pop,÷ (Deluxe),04:23,3412359549,2022,Solo
0tgVpDi06FyKpA1z0VMD4v,Perfect,Ed Sheeran,soft pop,Pop,÷ (Deluxe),04:23,3412359549,2023,Solo
0tgVpDi06FyKpA1z0VMD4v,Perfect,Ed Sheeran,soft pop,Pop,÷ (Deluxe),04:23,3412359549,2024,Solo
0tjZv2hChdHZCW1zFXpy1J,HOY COBRÉ,Bad Bunny,"reggaeton, trap latino, latin, urbano latino",Latin,EL ÚLTIMO TOUR DEL MUNDO,02:42,13833217,2020,Solo
0todbbT9g5uQGbeFCiBf2F,imagine,Ariana Grande,pop,Pop,imagine,03:32,91173895,2018,Solo
0todbbT9g5uQGbeFCiBf2F,imagine,Ariana Grande,pop,Pop,imagine,03:32,91173895,2019,Solo
0tp6mwUt99QnfY95T30Lqj,Blah Blah Blah,Armin van Buuren,"trance, progressive house, electronica, edm",Electronic,Blah Blah Blah,03:03,39483663,2018,Solo
0u8rZGtXJrLtiSe34FPjGG,Like Crazy (English Version),Jimin,k-pop,Pop,FACE,03:32,172804448,2023,Solo
0uHrMbMv3c78398pIANDqR,Europapa,Joost,gabber,Electronic,Europapa,02:40,53903510,2024,Solo
0utlOiJy2weVl9WTkcEWHy,Neighbors,J. Cole,rap,Hip Hop,4 Your Eyez Only,03:36,11194745,2017,Solo
0v1x6rN6JHRapa03JElljE,Dynamite,BTS,k-pop,Pop,Dynamite,03:19,54224433,2020,Solo
0v9Wz8o0BT8DU38R4ddjeH,No Problem (feat. Lil Wayne & 2 Chainz),"Chance the Rapper,Lil Wayne,2 Chainz","rap, hip hop, southern hip hop",Hip Hop,Coloring Book,05:04,65525373,2017,Collaboration
0vR2rIVORmgeKiGIgNT0fV,By Your Side (feat. Tom Grennan),"Calvin Harris,Tom Grennan","edm, ",Electronic,By Your Side (feat. Tom Grennan),03:09,64538029,2021,Collaboration
0vjeOZ3Ft5jvAi9SBFJm1j,Superhero (Heroes & Villains) [with Future & Chris Brown],"Metro Boomin,Future,Chris Brown","rap, r&b",R&B,HEROES & VILLAINS,03:02,677302607,2022,Collaboration
0vjeOZ3Ft5jvAi9SBFJm1j,Superhero (Heroes & Villains) [with Future & Chris Brown],"Metro Boomin,Future,Chris Brown","rap, r&b",R&B,HEROES & VILLAINS,03:02,677302607,2023,Collaboration
0vmANNClszGQZ0FISySK61,I Saw Mommy Kissing Santa Claus,The Jackson 5,"motown, christmas",Jazz,Jackson Five Christmas Album,02:59,14134159,2018,Solo
0vmANNClszGQZ0FISySK61,I Saw Mommy Kissing Santa Claus,The Jackson 5,"motown, christmas",Jazz,Jackson Five Christmas Album,02:59,14134159,2019,Solo
0vrmHPfoBadXVr2n0m1aqZ,Heaven,Avicii,edm,Electronic,TIM,04:37,94962901,2019,Solo
0w1ZtnzQmtmuuoKxHT0pLL,Summer Games,Drake,"rap, hip hop",Hip Hop,Scorpion,04:07,28462841,2018,Solo
0w3Mfe4PIVjuFjJbe3OlYv,8am in Charlotte,Drake,"rap, hip hop",Hip Hop,For All The Dogs,04:26,35117282,2023,Solo
0w5Bdu51Ka25Pf3hojsKHh,Hard Times,Paramore,"pop punk, emo, emo pop",Rock,After Laughter,03:02,27855574,2017,Solo
0wbnC9AUenxp613TYaJsGK,Narcos,Migos,trap,Hip Hop,Culture II,04:15,81325353,2018,Solo
0wgOhYnqZKjOHr6bmdz0aN,gloria (with sza),"Kendrick Lamar,SZA","hip hop, west coast hip hop, r&b",Hip Hop,GNX,04:47,28811117,2024,Collaboration
0wihfILRNOwE2156Shezc8,Agosto,Bad Bunny,"reggaeton, trap latino, latin, urbano latino",Latin,Un Verano Sin Ti,02:19,76756025,2022,Solo
0wshkEEcJUQU33RSRBb5dv,BackOutsideBoyz,Drake,"rap, hip hop",Hip Hop,Her Loss,02:32,34741802,2022,Solo
0xBQvhJAm6f7J142ympKOn,"Não, Não Vou",Mari Fernandez,"piseiro, sertanejo, forró, arrocha, agronejo, sertanejo universitário",Country,Piseiro Sofrência,02:53,36856443,2021,Solo
0xGQTpN4ESETtl1Sp6rzd2,São Paulo (feat. Anitta),"The Weeknd,Anitta","brazilian pop, funk pop, funk carioca, funk, pagode baiano",Pop,São Paulo,05:01,88916530,2024,Collaboration
0xGZjxYqcNQ8WqxyeZ4eSN,RUBICON,Peso Pluma,"corrido, corridos tumbados, corridos bélicos, música mexicana, sad sierreño, electro corridos, banda",Latin,GÉNESIS,03:58,22225656,2023,Solo
0xIuPDzJSnJywALez8dwKR,With You,AP Dhillon,"punjabi hip hop, punjabi pop, desi, bhangra, desi hip hop, desi pop",Traditional music,With You,02:34,97503700,2023,Solo
0xPaZrF25ltzvz1a2Pm5DQ,All I Want for Christmas Is You,Michael Bublé,christmas,Jazz,Christmas,02:51,22644772,2017,Solo
0xPaZrF25ltzvz1a2Pm5DQ,All I Want for Christmas Is You,Michael Bublé,christmas,Jazz,Christmas,02:51,22644772,2018,Solo
0xPaZrF25ltzvz1a2Pm5DQ,All I Want for Christmas Is You,Michael Bublé,christmas,Jazz,Christmas,02:51,22644772,2019,Solo
0xPaZrF25ltzvz1a2Pm5DQ,All I Want for Christmas Is You,Michael Bublé,christmas,Jazz,Christmas,02:51,22644772,2020,Solo
0xPaZrF25ltzvz1a2Pm5DQ,All I Want for Christmas Is You,Michael Bublé,christmas,Jazz,Christmas,02:51,22644772,2021,Solo
0xPaZrF25ltzvz1a2Pm5DQ,All I Want for Christmas Is You,Michael Bublé,christmas,Jazz,Christmas,02:51,22644772,2022,Solo
0xPaZrF25ltzvz1a2Pm5DQ,All I Want for Christmas Is You,Michael Bublé,christmas,Jazz,Christmas,02:51,22644772,2023,Solo
0xl1w2q4VLojeXp4JfazPL,Sacrifices,"Drake,2 Chainz,Young Thug","rap, hip hop, southern hip hop, melodic rap, trap",Hip Hop,More Life,05:07,32788806,2017,Collaboration
0xzI1KAr0Yd9tv8jlIk3sn,Bad Decisions (with BTS & Snoop Dogg),"benny blanco,BTS,Snoop Dogg","k-pop, g-funk, west coast hip hop, gangster rap, hip hop, rap",Hip Hop,Bad Decisions (with BTS & Snoop Dogg),02:52,92221401,2022,Collaboration
0y8Pu7x5jXgUjOIJvQIF5L,"Link Up (Metro Boomin & Don Toliver, Wizkid feat. BEAM & Toian) - Spider-Verse Remix (Spider-Man: Across the Spider-Verse )","Metro Boomin,Don Toliver,Wizkid,BEAM,Toian","afrobeats, afrobeat, afropop, azonto, afroswing, afropiano, dancehall",Traditional music,METRO BOOMIN PRESENTS SPIDER-MAN: ACROSS THE SPIDER-VERSE (SOUNDTRACK FROM AND INSPIRED BY THE MOTION PICTURE),03:15,14328726,2023,Collaboration
0y9uTzK9cNKSAEHnpeRG8C,DUCKWORTH.,Kendrick Lamar,"hip hop, west coast hip hop",Hip Hop,DAMN.,04:08,21458492,2017,Solo
0yL7K9MzC20uBesZTPY81r,Pandora,"DJ Matt D,Menor MC,MC GP,Vulgo FK","funk consciente, funk, brazilian trap, trap funk, trap, brazilian hip hop",Hip Hop,Pandora,02:57,32885202,2021,Collaboration
0yL7K9MzC20uBesZTPY81r,Pandora,"DJ Matt D,Menor MC,MC GP,Vulgo FK","funk consciente, funk, brazilian trap, trap funk, trap, brazilian hip hop",Hip Hop,Pandora,02:57,32885202,2022,Collaboration
0yc6Gst2xkRu0eMLeRMGCX,Apocalypse,Cigarettes After Sex,dream pop,Pop,Cigarettes After Sex,04:50,841286013,2023,Solo
0yc6Gst2xkRu0eMLeRMGCX,Apocalypse,Cigarettes After Sex,dream pop,Pop,Cigarettes After Sex,04:50,841286013,2024,Solo
0yyZN5ASdrYu0XYWFzfxUu,3 A.M.,"Jesse & Joy,Gente De Zona","latin pop, latin, latin dance",Latin,3 A.M.,03:03,81995004,2017,Collaboration
0yyZN5ASdrYu0XYWFzfxUu,3 A.M.,"Jesse & Joy,Gente De Zona","latin pop, latin, latin dance",Latin,3 A.M.,03:03,81995004,2018,Collaboration
0z5HSQGWgnjdNvwbOmhB2w,Merry Christmas Darling - Remix,Carpenters,"christmas, adult standards",Easy listening,Christmas Portrait (Special Edition/Reissue),03:06,16489793,2019,Solo
0z5HSQGWgnjdNvwbOmhB2w,Merry Christmas Darling - Remix,Carpenters,"christmas, adult standards",Easy listening,Christmas Portrait (Special Edition/Reissue),03:06,16489793,2020,Solo
0z5HSQGWgnjdNvwbOmhB2w,Merry Christmas Darling - Remix,Carpenters,"christmas, adult standards",Easy listening,Christmas Portrait (Special Edition/Reissue),03:06,16489793,2021,Solo
0z5HSQGWgnjdNvwbOmhB2w,Merry Christmas Darling - Remix,Carpenters,"christmas, adult standards",Easy listening,Christmas Portrait (Special Edition/Reissue),03:06,16489793,2022,Solo
0z5HSQGWgnjdNvwbOmhB2w,Merry Christmas Darling - Remix,Carpenters,"christmas, adult standards",Easy listening,Christmas Portrait (Special Edition/Reissue),03:06,16489793,2023,Solo
0z5jr9YE1siursT3dJUwDV,Merry Xmas Everybody,Slade,"glam rock, christmas",Jazz,Merry Xmas Everybody,03:43,16991262,2023,Solo
0z5jr9YE1siursT3dJUwDV,Merry Xmas Everybody,Slade,"glam rock, christmas",Jazz,Merry Xmas Everybody,03:43,16991262,2024,Solo
0z8hI3OPS8ADPWtoCjjLl6,Summer of Love (Shawn Mendes & Tainy),"Shawn Mendes,Tainy","pop, reggaeton",Pop,Summer Of Love,03:04,69865558,2021,Collaboration
0zCgWGmDF0aih5qexATyBn,After Dark,Mr.Kitty,"witch house, darkwave",Metal,Time,04:17,173974383,2022,Solo
0zLCBJZSiELJf02ucPP9wb,Roses - Imanbek Remix,"SAINt JHN,Imanbek",slap house,Electronic,While The World Was Burning,02:56,379742781,2020,Collaboration
0zLCBJZSiELJf02ucPP9wb,Roses - Imanbek Remix,"SAINt JHN,Imanbek",slap house,Electronic,While The World Was Burning,02:56,379742781,2021,Collaboration
0zLCBJZSiELJf02ucPP9wb,Roses - Imanbek Remix,"SAINt JHN,Imanbek",slap house,Electronic,While The World Was Burning,02:56,379742781,2022,Collaboration
0zNMdrDEs5N0JPQ7RYQZln,QUEMA,"Ryan Castro,Peso Pluma,SOG","reggaeton, corrido, corridos tumbados, corridos bélicos, música mexicana, sad sierreño, electro corridos, banda",Latin,EL CANTANTE DEL GHETTO,02:30,28166560,2024,Collaboration
0zl3PdjIl320fK0pxBGWNR,KEKE,"6ix9ine,Fetty Wap,A Boogie Wit da Hoodie",melodic rap,Hip Hop,KEKE,02:31,21473622,2018,Collaboration
0zzVTGyRrWpQu8Fr28NRAv,OK Not To Be OK,"Marshmello,Demi Lovato","edm, ",Electronic,OK Not To Be OK,02:39,42936826,2020,Collaboration
100fbGocyqbBPQkTDchi2g,TOO MUCH,"The Kid LAROI,Jung Kook,Central Cee","k-pop, uk drill, drill, grime",Hip Hop,THE FIRST TIME,03:23,19288034,2023,Collaboration
104buTcnP2AsxqB7U1FIZ4,Heavy (feat. Kiiara),"Linkin Park,Kiiara","nu metal, rap metal, rock, alternative metal, ",Metal,One More Light,02:49,34065263,2017,Collaboration
1058fW9H3fZA6QjYCdOBad,Don't Go Yet,Camila Cabello,pop,Pop,Don't Go Yet,02:44,172658218,2021,Solo
106SKHXoytRADjpxHBkJpV,Mtg Forró e Desmantelo,"dj sv,Doug Hits,Manim Vaqueiro","funk de bh, funk, forró, piseiro, arrocha, seresta",Country,Mtg Forró e Desmantelo,02:29,18289370,2024,Collaboration
106vWgOc5xlj05wewZ2V4u,FIELD TRIP,"¥$,Kanye West,Ty Dolla $ign","rap, ",Hip Hop,VULTURES 2,02:47,17507420,2024,Collaboration
10Igtw8bSDyyFs7KIsKngZ,Freaky Friday (feat. Chris Brown),"Lil Dicky,Chris Brown",r&b,R&B,Freaky Friday (feat. Chris Brown),03:36,290176541,2018,Collaboration
10ImcQk9tihY1EKMDIbvXJ,To Be Loved,Adele,soft pop,Pop,30,06:43,23511342,2021,Solo
10SRMwb9EuVS1K9rYsBfHQ,Yet To Come,BTS,k-pop,Pop,Proof,03:13,107685238,2022,Solo
10xV5l9nhLvFpR8mqzs0bL,Numb,"Marshmello,Khalid","edm, ",Electronic,Numb,02:35,137817751,2022,Collaboration
113PlnpZbHd3WIqeYjhZWv,Definitivamente,"Daddy Yankee,Sech","reggaeton, latin, urbano latino",Latin,Definitivamente,03:37,32221641,2020,Collaboration
116H0KvKr2Zl4RPuVBruDO,MIA (feat. Drake),"Bad Bunny,Drake","reggaeton, trap latino, latin, urbano latino, rap, hip hop",Hip Hop,MIA (feat. Drake),03:30,687139530,2018,Collaboration
116H0KvKr2Zl4RPuVBruDO,MIA (feat. Drake),"Bad Bunny,Drake","reggaeton, trap latino, latin, urbano latino, rap, hip hop",Hip Hop,MIA (feat. Drake),03:30,687139530,2019,Collaboration
116H0KvKr2Zl4RPuVBruDO,MIA (feat. Drake),"Bad Bunny,Drake","reggaeton, trap latino, latin, urbano latino, rap, hip hop",Hip Hop,MIA (feat. Drake),03:30,687139530,2020,Collaboration
11BKm0j4eYoCPPpCONAVwA,Bloody Mary,Lady Gaga,"art pop, pop",Pop,Born This Way (Special Edition),04:04,333109805,2022,Solo
11BKm0j4eYoCPPpCONAVwA,Bloody Mary,Lady Gaga,"art pop, pop",Pop,Born This Way (Special Edition),04:04,333109805,2023,Solo
11BKm0j4eYoCPPpCONAVwA,Bloody Mary,Lady Gaga,"art pop, pop",Pop,Born This Way (Special Edition),04:04,333109805,2024,Solo
11EnQRgRMJwMAesfkB5pnu,Se Te Nota (with Guaynaa),"Lele Pons,Guaynaa",reggaeton,Latin,Se Te Nota (with Guaynaa),02:35,230805529,2020,Collaboration
11EnQRgRMJwMAesfkB5pnu,Se Te Nota (with Guaynaa),"Lele Pons,Guaynaa",reggaeton,Latin,Se Te Nota (with Guaynaa),02:35,230805529,2021,Collaboration
11KJSRSgaDxqydKYiD2Jew,Too Good,"Drake,Rihanna","rap, hip hop, ",Hip Hop,Views,04:23,64487668,2017,Collaboration
11PV8CaPqlto9Uejx92C35,OJITOS ROJOS,"Grupo Frontera,Ke Personajes","cumbia norteña, banda, norteño, música mexicana, corrido, corridos tumbados, grupera, corridos bélicos, tejano, cumbia, cuarteto",Latin,El Comienzo,03:41,10156895,2023,Collaboration
11PV8CaPqlto9Uejx92C35,OJITOS ROJOS,"Grupo Frontera,Ke Personajes","cumbia norteña, banda, norteño, música mexicana, corrido, corridos tumbados, grupera, corridos bélicos, tejano, cumbia, cuarteto",Latin,El Comienzo,03:41,10156895,2024,Collaboration
11Z7sdkpC5IaaydoIvDn74,"Caroling, Caroling",Nat King Cole,"christmas, adult standards, vocal jazz",Easy listening,The Christmas Song (Expanded Edition),02:01,15318238,2021,Solo
11Z7sdkpC5IaaydoIvDn74,"Caroling, Caroling",Nat King Cole,"christmas, adult standards, vocal jazz",Easy listening,The Christmas Song (Expanded Edition),02:01,15318238,2022,Solo
11Z7sdkpC5IaaydoIvDn74,"Caroling, Caroling",Nat King Cole,"christmas, adult standards, vocal jazz",Easy listening,The Christmas Song (Expanded Edition),02:01,15318238,2023,Solo
11Z7sdkpC5IaaydoIvDn74,"Caroling, Caroling",Nat King Cole,"christmas, adult standards, vocal jazz",Easy listening,The Christmas Song (Expanded Edition),02:01,15318238,2024,Solo
11kDth1aKUEUMq9r1pqyds,5% TINT,Travis Scott,rap,Hip Hop,ASTROWORLD,03:16,17957104,2018,Solo
11o2y87vqODipLK98a1v34,All Day And Night - Jax Jones & Martin Solveig Present Europa,"Jax Jones,Martin Solveig,Madison Beer,Europa","french house, ",Electronic,Snacks,02:49,17961130,2019,Collaboration
11pEKMLmavDu8fxOB5QjbQ,Pipe Down,Drake,"rap, hip hop",Hip Hop,Certified Lover Boy,03:25,25221967,2021,Solo
11sirgYaEutV40tkvgpHN6,NEURON (with Gaeko & YOON MIRAE),"j-hope,Gaeko,YOON MIRAE","k-pop, k-rap, k-ballad, soundtrack",Pop,HOPE ON THE STREET VOL.1,04:33,11307544,2024,Collaboration
123hB20IVD2yw1NMIgrqb3,İmdat,cakal,"turkish hip hop, drill",Hip Hop,İmdat,02:16,14609136,2022,Solo
127QTOFJsJQp5LbJbu3A1y,Toosie Slide,Drake,"rap, hip hop",Hip Hop,Toosie Slide,04:07,154385483,2020,Solo
127UT7AiWflJwjXWUBBVTQ,O Me Voy O Te Vas,Natanael Cano,"corridos tumbados, corrido, corridos bélicos, sad sierreño, electro corridos, sierreño, música mexicana, banda",Latin,O Me Voy O Te Vas,04:02,33063183,2024,Solo
12Fkyg9lpmaz2zmKOfw2Y2,On The Road (feat. Meek Mill & Lil Baby),"Post Malone,Meek Mill,Lil Baby","rap, ",Hip Hop,Hollywood's Bleeding,03:38,39422826,2019,Collaboration
12REd1n8PeiHHWOh066tpr,Never Be Like You,"Flume,kai","future bass, ",Electronic,Skin,03:53,17018761,2017,Collaboration
12SJpYZEdj4kzWZ8FPFg4Y,All The Stars (with SZA),"Kendrick Lamar,SZA","hip hop, west coast hip hop, r&b",Hip Hop,All The Stars (with SZA),03:55,53593299,2018,Collaboration
12YCtLHGk6tP6RbHDHflCs,Cartão Black,"MC Caverinha,KayBlack,Wall Hein","brazilian trap, trap, brazilian hip hop, trap funk",Hip Hop,Cartão Black,02:39,47125424,2023,Collaboration
12cZWGf5ZgLcKubEW9mx5q,HOPE,NF,christian hip hop,Hip Hop,HOPE,04:24,25100752,2023,Solo
12mGwph2YzDIlChtq3EdXP,Alone,Marshmello,edm,Electronic,Alone,04:33,15069185,2019,Solo
132ALUzVLmqYB4UsBj5qD6,Adan y Eva,Paulo Londra,"argentine trap, trap latino, reggaeton",Hip Hop,Homerun,04:16,74875237,2019,Solo
13BDiikG6y5o5cQTK0HpW6,Soltera - W Sound 01,"W Sound,Blessd,Ovy On The Drums","reggaeton, urbano latino",Latin,Soltera (W Sound 01),02:22,20940080,2024,Collaboration
13CVSGLSFl4UxpDVR6u3dq,Strangers By Nature,Adele,soft pop,Pop,30,03:02,24564461,2021,Solo
13X0XdLMOdtbXVtAj2ox4h,Besándote,Piso 21,"reggaeton, colombian pop, pop urbano",Pop,Besándote,03:01,64640243,2017,Solo
13Z5Q40pa1Ly7aQk1oW8Ce,69,"Nicky Jam,Feid","reggaeton, latin, urbano latino",Latin,69,03:41,53593988,2023,Collaboration
13ZyrkCDmRz5xY3seuAWYk,Hear Me Calling,Juice WRLD,"melodic rap, emo rap",Hip Hop,Death Race For Love,03:09,29757705,2019,Solo
13e6f8t7RKXuxZ0JdaaJRG,Jorja Interlude,Drake,"rap, hip hop",Hip Hop,More Life,01:47,27934405,2017,Solo
13hvHEstJ4sNbzdroPrPI3,Kiss and Make Up,"Dua Lipa,BLACKPINK","pop, k-pop",Pop,Dua Lipa (Complete Edition),03:10,202530865,2018,Collaboration
13hvHEstJ4sNbzdroPrPI3,Kiss and Make Up,"Dua Lipa,BLACKPINK","pop, k-pop",Pop,Dua Lipa (Complete Edition),03:10,202530865,2019,Collaboration
13jRSCLoWbCoU1XEdJRbgn,Saturn Returns Interlude,Ariana Grande,pop,Pop,eternal sunshine,00:42,17308222,2024,Solo
13vDU8nPsvTGEVTMB8Vw7g,Djadja (feat. Maluma) - Remix,"Aya Nakamura,Maluma","pop urbaine, french pop, reggaeton, latin, urbano latino",Pop,NAKAMURA (Deluxe Edition),02:46,81107547,2020,Collaboration
1418IuVKQPTYqt7QNJ9RXN,Maan Meri Jaan,King,"desi hip hop, hindi hip hop, desi pop, hindi pop, hindi indie, desi",Hip Hop,Champagne Talk,03:14,311997395,2022,Solo
1418IuVKQPTYqt7QNJ9RXN,Maan Meri Jaan,King,"desi hip hop, hindi hip hop, desi pop, hindi pop, hindi indie, desi",Hip Hop,Champagne Talk,03:14,311997395,2023,Solo
142PiXzA84lmEw2RstFHFa,supernatural,Ariana Grande,pop,Pop,eternal sunshine,02:43,44741178,2024,Solo
14SaZBTjxlorHJQxXh01Hu,Girls Need Love (with Drake) - Remix,"Summer Walker,Drake","r&b, rap, hip hop",Hip Hop,Last Day Of Summer,03:42,11699933,2019,Collaboration
14WWzenpaEgQZlqPq2nk4v,Work,"Rihanna,Drake","rap, hip hop",Hip Hop,ANTI (Deluxe),03:39,48621172,2017,Collaboration
14boA065HMHWvqyPPEeN4y,"I don’t even speak spanish lol - feat. Rio Santana, Judah, Andrez Babii","XXXTENTACION,Rio Santana,Judah,Andrez Babii","emo rap, christian hip hop",Hip Hop,?,03:12,16016955,2018,Collaboration
14gkWVFMwdxBMyqBw1wmIg,safety net (feat. Ty Dolla $ign),"Ariana Grande,Ty Dolla $ign","pop, ",Pop,Positions,03:28,18185389,2020,Collaboration
14kYOiFVPb7E7NfFbqhdln,goodnight n go,Ariana Grande,pop,Pop,Sweetener,03:09,13092807,2018,Solo
14kyXBpg91RVq8bNRDS1q2,true story,Ariana Grande,pop,Pop,eternal sunshine,02:43,32695435,2024,Solo
14mHfNsSHN0FbLftyjrV9g,Leave Me Alone,Flipp Dinero,melodic rap,Hip Hop,Leave Me Alone,03:15,235851201,2018,Solo
14mHfNsSHN0FbLftyjrV9g,Leave Me Alone,Flipp Dinero,melodic rap,Hip Hop,Leave Me Alone,03:15,235851201,2019,Solo
14msK75pk3pA33pzPVNtBF,7 rings,Ariana Grande,pop,Pop,7 rings,02:58,172267436,2019,Solo
14rWuS6yllHOdfZ8sZsZUj,Feel Special,TWICE,k-pop,Pop,Feel Special,03:26,21830592,2019,Solo
14sOS5L36385FJ3OL8hew4,Happy Now,"Kygo,Sandro Cavazza","tropical house, ",Electronic,Happy Now,03:31,142523031,2018,Collaboration
14sOS5L36385FJ3OL8hew4,Happy Now,"Kygo,Sandro Cavazza","tropical house, ",Electronic,Happy Now,03:31,142523031,2019,Collaboration
14wf185UxfNbSy8dwt4r4q,MAMACITA,"Black Eyed Peas,Ozuna,J. Rey Soul","reggaeton, latin, trap latino, urbano latino, ",Latin,MAMACITA,04:09,71949697,2020,Collaboration
1597vvneWf0zoQrg2D8yH6,Evoque Prata,"MC MENOR HR,MC MENOR SG,DJ ESCOBAR","funk, funk carioca, funk de bh, brazilian funk",Hip Hop,Evoque Prata,01:47,123371844,2022,Collaboration
1597vvneWf0zoQrg2D8yH6,Evoque Prata,"MC MENOR HR,MC MENOR SG,DJ ESCOBAR","funk, funk carioca, funk de bh, brazilian funk",Hip Hop,Evoque Prata,01:47,123371844,2023,Collaboration
15HMh4yxdf4wyxSZSlOgGZ,SAD GIRLZ LUV MONEY Remix (feat. Kali Uchis and Moliy),"Amaarae,Kali Uchis,MOLIY","alté, afrobeats",R&B,SAD GIRLZ LUV MONEY Remix (feat. Kali Uchis and Moliy),03:24,30672353,2021,Collaboration
15JINEqzVMv3SvJTAXAKED,Love The Way You Lie,"Eminem,Rihanna","rap, hip hop, ",Hip Hop,Recovery,04:23,26134046,2023,Collaboration
15JINEqzVMv3SvJTAXAKED,Love The Way You Lie,"Eminem,Rihanna","rap, hip hop, ",Hip Hop,Recovery,04:23,26134046,2024,Collaboration
15OjBeqNX3bShsGYQbteRv,La Tóxica,Farruko,"reggaeton, trap latino, latin",Latin,La Tóxica,03:00,279685146,2020,Solo
15OjBeqNX3bShsGYQbteRv,La Tóxica,Farruko,"reggaeton, trap latino, latin",Latin,La Tóxica,03:00,279685146,2021,Solo
15k1TDabqSEmyXOwMq9RM7,Investe Em Mim,Jonas Esticado,"forró, sertanejo, piseiro, arrocha, sertanejo universitário",Country,Investe Em Mim,03:06,44624841,2020,Solo
15k1TDabqSEmyXOwMq9RM7,Investe Em Mim,Jonas Esticado,"forró, sertanejo, piseiro, arrocha, sertanejo universitário",Country,Investe Em Mim,03:06,44624841,2021,Solo
15kQGEy89K8deJcZVFEn0N,This Feeling (feat. Kelsea Ballerini),"The Chainsmokers,Kelsea Ballerini",country,Country,Sick Boy...This Feeling,03:19,66526928,2018,Collaboration
15xWRPHQMeqgdkGzInx3PY,Falling Like The Stars,James Arthur,soft pop,Pop,Falling Like The Stars,03:32,18126954,2019,Solo
16dUQ4quIHDe4ZZ0wF1EMN,CAIRO,"KAROL G,Ovy On The Drums","reggaeton, latin, urbano latino",Latin,MAÑANA SERÁ BONITO,03:18,143073322,2023,Collaboration
16f4ZN6XOfrIO8fJkm28HM,Wunder,"AYLIVA,Apache 207","german pop, german hip hop",Hip Hop,Wunder,02:56,11210880,2024,Collaboration
16kiQQ4BoLHDyj5W2fkfNK,Tauba Tauba (From  Bad Newz ),Karan Aujla,"punjabi pop, punjabi hip hop, bhangra, desi hip hop, desi",Traditional music,Tauba Tauba (From  Bad Newz ),03:27,18544833,2024,Solo
16x6tqeSkIjoLEf7SJLlYy,Ratchet Happy Birthday,Drake,"rap, hip hop",Hip Hop,Scorpion,03:27,16905037,2018,Solo
1797zYiX4cKosMH836X9Gt,La Corriente,"Bad Bunny,Tony Dize","reggaeton, trap latino, latin, urbano latino",Latin,Un Verano Sin Ti,03:18,353701374,2022,Collaboration
1797zYiX4cKosMH836X9Gt,La Corriente,"Bad Bunny,Tony Dize","reggaeton, trap latino, latin, urbano latino",Latin,Un Verano Sin Ti,03:18,353701374,2023,Collaboration
17IBDpAl3J39swaoPlfGpp,Another Late Night (feat. Lil Yachty),"Drake,Lil Yachty","rap, hip hop, ",Hip Hop,For All The Dogs,02:50,22719322,2023,Collaboration
17UUYZ290omPaJY4wKeyHh,Me Dijeron,Ozuna,"reggaeton, latin, trap latino, urbano latino",Latin,Aura,02:50,32337263,2018,Solo
17UfXrL7Run3GyZJW4uRjC,Paradigmas,Jorge & Mateus,"sertanejo, sertanejo universitário, arrocha, agronejo",Country,Tudo Em Paz,02:37,11092074,2021,Solo
17js0w8GTkTUFGFM6PYvBd,Igualito a Mi Apá,"Fuerza Regida,Peso Pluma","corrido, corridos tumbados, corridos bélicos, música mexicana, banda, electro corridos, sierreño, sad sierreño",Latin,Pa Que Hablen,02:46,96703422,2023,Collaboration
17vGPZ5EsdvtgAOCD4FLWI,AP - Music from the film Boogie,Pop Smoke,"brooklyn drill, drill, new york drill",Hip Hop,AP (Music from the film Boogie),02:51,13487647,2021,Solo
1839RWzPRZCVgvamu4sHSN,All My Love (feat. Conor Maynard),"Cash Cash,Conor Maynard","edm, ",Electronic,All My Love (feat. Conor Maynard),03:11,25737597,2017,Collaboration
186NCtNk1tUYS7c2DxgJ7O,Christmas Tree,V,k-pop,Pop,"Our Beloved Summer (Original Television Soundtrack), Pt. 5",03:29,26224215,2021,Solo
186NCtNk1tUYS7c2DxgJ7O,Christmas Tree,V,k-pop,Pop,"Our Beloved Summer (Original Television Soundtrack), Pt. 5",03:29,26224215,2022,Solo
18HNGxDOcshRU2Hdu8tMOM,POPOPOP,Gambi,pop urbaine,Hip Hop,Popopop,02:35,15719311,2019,Solo
18HOjcvTVV7W8YzBuOsAPS,Un Verano Sin Ti,Bad Bunny,"reggaeton, trap latino, latin, urbano latino",Latin,Un Verano Sin Ti,02:28,108478318,2022,Solo
18asYwWugKjjsihZ0YvRxO,The Motto,"Tiësto,Ava Max","edm, trance, big room, house, dance, ",Electronic,The Motto,02:44,435785120,2021,Collaboration
18asYwWugKjjsihZ0YvRxO,The Motto,"Tiësto,Ava Max","edm, trance, big room, house, dance, ",Electronic,The Motto,02:44,435785120,2022,Collaboration
19Fg3WrTfo35Ji3PtfZE6J,Auntie Diaries,Kendrick Lamar,"hip hop, west coast hip hop",Hip Hop,Mr. Morale & The Big Steppers,04:41,11000423,2022,Solo
19KlZwqlT3fguP2BeHF1Q1,Disease,Lady Gaga,"art pop, pop",Pop,Disease,03:49,56764612,2024,Solo
19OXtYzrJyCrQvTbfukt4H,Madrid (feat. Myke Towers),"Maluma,Myke Towers","reggaeton, latin, urbano latino, trap latino",Latin,PAPI JUANCHO,03:18,61512460,2020,Collaboration
19RybK6XDbAVpcdxSbZL1o,Apple,Charli xcx,"hyperpop, art pop",Pop,BRAT,02:31,169987351,2024,Solo
1ADjWm8QNhgNV8yCNNgQ1T,Santa Tell Me,Ariana Grande,pop,Pop,Santa Tell Me,03:24,39497431,2017,Solo
1AI7UPw3fgwAFkvAlZWhE0,Take Me Back to London (feat. Stormzy),"Ed Sheeran,Stormzy","soft pop, grime, uk drill",Electronic,No.6 Collaborations Project,03:09,35367373,2019,Collaboration
1AT4xjNarTswd0UZ5FlmKF,Motiv8,J. Cole,rap,Hip Hop,KOD,02:13,35450045,2018,Solo
1AkTW13ysu0AJrwuM6UY0I,Gyal You A Party Animal - Remix,"Charly Black,Daddy Yankee","dancehall, soca, reggaeton, latin",Traditional music,Gyal You A Party Animal (Remix),03:44,51133658,2017,Collaboration
1AnkdcHl86kEhDvhaKDuIe,Stay High,Juice WRLD,"melodic rap, emo rap",Hip Hop,Legends Never Die,02:48,25000085,2020,Solo
1ArLnG0bHaHPXqf08sEKM0,Consequences - orchestra,Camila Cabello,pop,Pop,Consequences (orchestra),03:01,16937156,2018,Solo
1BJJbSX6muJVF2AK7uH1x4,Move,"Adam Port,Stryv,Keinemusik,Orso,Malachiii","afro house, melodic house, house",Electronic,Move,02:57,355561076,2024,Collaboration
1BSMpVGWs3v5BZKnAQziAc,Light Switch,Charlie Puth,"soft pop, pop",Pop,Light Switch,03:05,30100313,2022,Solo
1BYZxKSf0aTxp8ZFoeyM3d,we fell in love in october,girl in red,bedroom pop,Pop,we fell in love in october / forget her,03:04,40801662,2021,Solo
1BYZxKSf0aTxp8ZFoeyM3d,we fell in love in october,girl in red,bedroom pop,Pop,we fell in love in october / forget her,03:04,40801662,2022,Solo
1Bdptrvb7nQkq8kCw3siE9,Feels (feat. Young Thug & J Hus),"Ed Sheeran,Young Thug,J Hus","soft pop, rap, melodic rap, trap, grime, afroswing, afrobeats",R&B,No.6 Collaborations Project,02:30,10145015,2019,Collaboration
1BkY0N8ChFk2mdLbAUu8ZK,Pass The Dutchie,Musical Youth,reggae,R&B,Anthology,03:25,54907683,2022,Solo
1BuZAIO8WZpavWVbbq3Lci,Powerglide (feat. Juicy J) - From SR3MM,"Rae Sremmurd,Swae Lee,Slim Jxmmi,Juicy J","memphis rap, crunk",Hip Hop,SR3MM,05:32,78250555,2018,Collaboration
1BxkZE73h9BN3qwuA15TA3,Drip Too Hard,"Lil Baby,Gunna",melodic rap,Hip Hop,Drip Too Hard,02:25,25379940,2018,Collaboration
1C7lXfx4Y5maVl4AgUVlHA,ACHO PR,"Bad Bunny,Arcángel,De La Ghetto,Ñengo Flow","reggaeton, trap latino, latin, urbano latino",Latin,nadie sabe lo que va a pasar mañana,05:59,30857888,2023,Collaboration
1C84d9abZVKWHT2YYpoean,Si No Quieres No,"Luis R Conriquez,Neton Vega","corrido, corridos bélicos, corridos tumbados, electro corridos, banda, sad sierreño, sierreño, música mexicana",Latin,Si No Quieres No,02:27,431313707,2024,Collaboration
1CDQzbCz4KSQxHe7LMEgRM,Houdini,Eminem,"rap, hip hop",Hip Hop,The Death of Slim Shady (Coup De Grâce),03:47,220375404,2024,Solo
1CKd1PnqfYx0H12V9MSaIY,Get Low (with Liam Payne),"Zedd,Liam Payne","edm, ",Electronic,Get Low (with Liam Payne),03:24,71560621,2017,Collaboration
1Cbl3Yq8rHo7hhDQmLQagU,PUSH 2 START,Tyla,afrobeats,R&B,TYLA +,02:36,31738335,2024,Solo
1Crj1zkRMpsEjb9NOR6Zof,"L-Gante: Bzrp Music Sessions, Vol.38","Bizarrap,L-Gante","argentine trap, trap latino, urbano latino, rkt, turreo",Hip Hop,"L-Gante: Bzrp Music Sessions, Vol. 38",03:12,50920088,2021,Collaboration
1D3ODoXHBLpdxolZRHWV1j,By Your Side,"Jonas Blue,RAYE","tropical house, ",Electronic,By Your Side,03:21,100672131,2017,Collaboration
1D3z6HTiQsNmZxjl7F7eoG,m y . l i f e (with 21 Savage & Morray),"J. Cole,21 Savage,Morray","rap, ",Hip Hop,The Off-Season,03:38,68404912,2021,Collaboration
1DAibqbopEYULPEtE8WHTE,What Would Pluto Do,Drake,"rap, hip hop",Hip Hop,For All The Dogs,03:02,28173420,2023,Solo
1DIXPcTDzTj8ZMHt3PDt8p,Gangsta's Paradise,"Coolio,L.V.","west coast hip hop, g-funk, new jack swing",Hip Hop,Gangsta's Paradise,04:00,729037367,2021,Collaboration
1DIXPcTDzTj8ZMHt3PDt8p,Gangsta's Paradise,"Coolio,L.V.","west coast hip hop, g-funk, new jack swing",Hip Hop,Gangsta's Paradise,04:00,729037367,2022,Collaboration
1DIXPcTDzTj8ZMHt3PDt8p,Gangsta's Paradise,"Coolio,L.V.","west coast hip hop, g-funk, new jack swing",Hip Hop,Gangsta's Paradise,04:00,729037367,2023,Collaboration
1DIXPcTDzTj8ZMHt3PDt8p,Gangsta's Paradise,"Coolio,L.V.","west coast hip hop, g-funk, new jack swing",Hip Hop,Gangsta's Paradise,04:00,729037367,2024,Collaboration
1DcxnVNFAyVl2sDQ646pXS,PPP,KEVIN ROLDAN,"reggaeton, trap latino, urbano latino",Latin,PPP,02:09,75998307,2018,Solo
1DcxnVNFAyVl2sDQ646pXS,PPP,KEVIN ROLDAN,"reggaeton, trap latino, urbano latino",Latin,PPP,02:09,75998307,2019,Solo
1DdgqEZk4Hqfpl3drdXJun,No Mistakes,Kanye West,rap,Hip Hop,ye,02:03,17137287,2018,Solo
1DhRbox3xkceP64k3JeYfW,Antisocial (with Travis Scott),"Ed Sheeran,Travis Scott","soft pop, rap",Hip Hop,No.6 Collaborations Project,02:41,94212394,2019,Collaboration
1DmW5Ep6ywYwxc2HMT5BG6,Tattoo,Loreen,europop,Pop,Tattoo,03:03,547303090,2023,Solo
1DnSNqCQM3LUxqFuXt184Q,Have Yourself a Merry Little Christmas,Michael Bublé,christmas,Jazz,Christmas,03:50,21608385,2017,Solo
1DnSNqCQM3LUxqFuXt184Q,Have Yourself a Merry Little Christmas,Michael Bublé,christmas,Jazz,Christmas,03:50,21608385,2018,Solo
1DnSNqCQM3LUxqFuXt184Q,Have Yourself a Merry Little Christmas,Michael Bublé,christmas,Jazz,Christmas,03:50,21608385,2019,Solo
1DnSNqCQM3LUxqFuXt184Q,Have Yourself a Merry Little Christmas,Michael Bublé,christmas,Jazz,Christmas,03:50,21608385,2020,Solo
1DnSNqCQM3LUxqFuXt184Q,Have Yourself a Merry Little Christmas,Michael Bublé,christmas,Jazz,Christmas,03:50,21608385,2021,Solo
1DnSNqCQM3LUxqFuXt184Q,Have Yourself a Merry Little Christmas,Michael Bublé,christmas,Jazz,Christmas,03:50,21608385,2022,Solo
1DnSNqCQM3LUxqFuXt184Q,Have Yourself a Merry Little Christmas,Michael Bublé,christmas,Jazz,Christmas,03:50,21608385,2023,Solo
1DxEbt6OSbrkRthk6pjZue,MERCHO,"LiL CaKe,Migrantes,Nico Valdi","argentine trap, cumbia, cuarteto, rkt",Hip Hop,MERCHO,02:41,409882912,2023,Collaboration
1E6DEDWDKHoOW0fcFuDghV,Don't Pretend,"Khalid,SAFE",sexy drill,nan,Free Spirit,02:45,13589374,2019,Collaboration
1EDPVGbyPKJPeGqATwXZvN,The Emptiness Machine,Linkin Park,"nu metal, rap metal, rock, alternative metal",Metal,From Zero,03:10,107809856,2024,Solo
1EJIcDYXwSqipW5dFe4uJz,EVERY CHANCE I GET (feat. Lil Baby & Lil Durk),"DJ Khaled,Lil Baby,Lil Durk",drill,Hip Hop,KHALED KHALED,03:56,20722825,2021,Collaboration
1ELsaYdj2NlxLvkx9g24xZ,Haja Colírio (feat. Hugo & Guilherme) - Ao Vivo,"Guilherme & Benuto,Hugo & Guilherme","sertanejo, sertanejo universitário, agronejo, arrocha, piseiro",Country,Haja Colírio (feat. Hugo & Guilherme) [Ao Vivo],02:53,60292406,2022,Collaboration
1ELsaYdj2NlxLvkx9g24xZ,Haja Colírio (feat. Hugo & Guilherme) - Ao Vivo,"Guilherme & Benuto,Hugo & Guilherme","sertanejo, sertanejo universitário, agronejo, arrocha, piseiro",Country,Haja Colírio (feat. Hugo & Guilherme) [Ao Vivo],02:53,60292406,2023,Collaboration
1EYeZGTMCjV7uVey5fNWXM,love nwantiti (feat. ElGrande Toto) - North African Remix,"CKay,ElGrandeToto","afrobeats, afrobeat, afropop, arabic rap, moroccan pop",Traditional music,love nwantiti (feat. ElGrande Toto) [North African Remix],02:15,21237693,2021,Collaboration
1EaKU4dMbesXXd3BrLCtYG,ELEMENT.,Kendrick Lamar,"hip hop, west coast hip hop",Hip Hop,DAMN.,03:28,104596023,2017,Solo
1Ej96GIBCTvgH7tNX1r3qr,Otro Trago,"Sech,Darell","reggaeton, urbano latino, trap latino, dembow",Latin,Sueños,03:45,379255058,2019,Collaboration
1EoEU4HY57qaITp06TkC6B,Goteo,Duki,"argentine trap, trap, trap latino",Hip Hop,Goteo,02:44,63709203,2019,Solo
1Es7AUAhQvapIcoh3qMKDL,Timeless (feat. Playboi Carti),"The Weeknd,Playboi Carti",rage rap,Hip Hop,Timeless,04:16,377862758,2024,Collaboration
1FP9s72rDYty6mfoOEYKnE,All We Got (feat. KIDDO),"Robin Schulz,KIDDO","tropical house, ",Electronic,All We Got (feat. KIDDO),03:10,55848133,2020,Collaboration
1FP9s72rDYty6mfoOEYKnE,All We Got (feat. KIDDO),"Robin Schulz,KIDDO","tropical house, ",Electronic,All We Got (feat. KIDDO),03:10,55848133,2021,Collaboration
1FlL8ycld6uVDDyhV7P5FA,Cúrame,Rauw Alejandro,"reggaeton, urbano latino, trap latino, latin",Latin,VICE VERSA,02:44,46588548,2021,Solo
1FlL8ycld6uVDDyhV7P5FA,Cúrame,Rauw Alejandro,"reggaeton, urbano latino, trap latino, latin",Latin,VICE VERSA,02:44,46588548,2022,Solo
1FlL8ycld6uVDDyhV7P5FA,Cúrame,Rauw Alejandro,"reggaeton, urbano latino, trap latino, latin",Latin,VICE VERSA,02:44,46588548,2024,Solo
1Fuc3pBiPFxAeSJoO8tDh5,En Paris,"El Chachito,Junior H","corrido, corridos bélicos, corridos tumbados, sad sierreño, sierreño, música mexicana, banda",Latin,En Paris,02:42,154513538,2023,Collaboration
1G2CAJeP7rCwOZjlSJ0Zw3,Que Calor (with J Balvin & El Alfa),"Major Lazer,J Balvin,El Alfa,Diplo","moombahton, reggaeton, latin, dembow, urbano latino",Latin,Que Calor (with J Balvin & El Alfa),02:49,133050961,2019,Collaboration
1G2CAJeP7rCwOZjlSJ0Zw3,Que Calor (with J Balvin & El Alfa),"Major Lazer,J Balvin,El Alfa,Diplo","moombahton, reggaeton, latin, dembow, urbano latino",Latin,Que Calor (with J Balvin & El Alfa),02:49,133050961,2020,Collaboration
1G586ld1gbaECg4Bc6w40O,No Me Acuerdo,"Thalia,NATTI NATASHA","latin pop, reggaeton, latin, urbano latino",Latin,Valiente,03:37,11261730,2018,Collaboration
1G586ld1gbaECg4Bc6w40O,No Me Acuerdo,"Thalia,NATTI NATASHA","latin pop, reggaeton, latin, urbano latino",Latin,Valiente,03:37,11261730,2019,Collaboration
1GN6qqehnqUfUHH1gfK81v,Thousand Miles (feat. Brandi Carlile),"Miley Cyrus,Brandi Carlile","folk, americana",Country,Endless Summer Vacation,03:51,10549334,2023,Collaboration
1GQ3cCJMAhLqWARyVZWxnO,Mele Kalikimaka - Single Version,"Bing Crosby,The Andrews Sisters","christmas, big band, swing music",Easy listening,Their Complete Recordings Together,02:52,17184958,2020,Collaboration
1GQ3cCJMAhLqWARyVZWxnO,Mele Kalikimaka - Single Version,"Bing Crosby,The Andrews Sisters","christmas, big band, swing music",Easy listening,Their Complete Recordings Together,02:52,17184958,2021,Collaboration
1GQ3cCJMAhLqWARyVZWxnO,Mele Kalikimaka - Single Version,"Bing Crosby,The Andrews Sisters","christmas, big band, swing music",Easy listening,Their Complete Recordings Together,02:52,17184958,2022,Collaboration
1GYJpuLq41vEVKXiHGEY9j,como si no importara,"Emilia,Duki","argentine trap, trap, trap latino",Hip Hop,como si no importara,02:53,17475438,2021,Collaboration
1GeNui6m825V8jP4uKiIaH,Bad Bad Bad (feat. Lil Baby),"Young Thug,Lil Baby","rap, melodic rap, trap, ",Hip Hop,So Much Fun,02:29,71464609,2019,Collaboration
1GfBLbAhZUWdseuDqhocmn,Rumble,"Skrillex,Fred again..,Flowdan","dubstep, edm, electro, electronic, stutter house, house, drum and bass, grime",Electronic,Rumble,02:26,19962334,2023,Collaboration
1GkHyypTFkUf0QQKwYoXH4,You (with Marshmello & Vance Joy),"benny blanco,Marshmello,Vance Joy","edm, folk pop",Electronic,You (with Marshmello & Vance Joy),02:49,12580090,2021,Collaboration
1GpWY5RiInhezB8wGWs6oN,7969 Santa,Drake,"rap, hip hop",Hip Hop,For All The Dogs,04:19,33968290,2023,Solo
1H3oIeKUEHpBhXUiso0IMH,Kokain,"Bonez MC,RAF Camora,Gzuz",german hip hop,Hip Hop,Kokain,03:29,11063798,2018,Collaboration
1H7KnK26kc1YyellpbINEn,The Woo (feat. 50 Cent & Roddy Ricch),"Pop Smoke,50 Cent,Roddy Ricch","brooklyn drill, drill, new york drill, east coast hip hop, melodic rap",Hip Hop,Shoot For The Stars Aim For The Moon,03:21,235721416,2020,Collaboration
1H7KnK26kc1YyellpbINEn,The Woo (feat. 50 Cent & Roddy Ricch),"Pop Smoke,50 Cent,Roddy Ricch","brooklyn drill, drill, new york drill, east coast hip hop, melodic rap",Hip Hop,Shoot For The Stars Aim For The Moon,03:21,235721416,2021,Collaboration
1HII0EIufOG0nGpWCQixbO,TUYA,ROSALÍA,latin,Latin,TUYA,02:34,28162794,2023,Solo
1HLaJowFbNM3MPyqnk5vjW,Labios Mordidos (with KAROL G),"Kali Uchis,KAROL G","reggaeton, latin, urbano latino",Latin,Labios Mordidos (with KAROL G),03:15,15818718,2023,Collaboration
1HTtUBEY3tuw2btgwwI2Ja,I Get The Bag (feat. Migos),"Gucci Mane,Migos","southern hip hop, rap, trap",Hip Hop,I Get The Bag (feat. Migos),03:53,50515501,2017,Collaboration
1HagMz5nWk1HmevNCBOxF3,Answerphone (feat. Yxng Bane),"Banx & Ranx,Ella Eyre,Yxng Bane","afroswing, grime",Traditional music,Answerphone (feat. Yxng Bane),03:10,35656645,2018,Collaboration
1HbA4N1MiOsPthALesGFR1,Monster (Shawn Mendes & Justin Bieber),"Shawn Mendes,Justin Bieber","pop, ",Pop,Wonder,02:58,225535128,2020,Collaboration
1HbA4N1MiOsPthALesGFR1,Monster (Shawn Mendes & Justin Bieber),"Shawn Mendes,Justin Bieber","pop, ",Pop,Wonder,02:58,225535128,2021,Collaboration
1HfMVBKM75vxSfsQ5VefZ5,Lose You To Love Me,Selena Gomez,pop,Pop,Lose You To Love Me,03:26,269205178,2019,Solo
1HfMVBKM75vxSfsQ5VefZ5,Lose You To Love Me,Selena Gomez,pop,Pop,Lose You To Love Me,03:26,269205178,2020,Solo
1HpzOCZbNWzxvvXfSGtSrX,Find U Again (feat. Camila Cabello),"Mark Ronson,Camila Cabello",pop,Pop,Find U Again (feat. Camila Cabello),02:56,24113854,2019,Collaboration
1Hs1uUl8o2VtDp1DABFq0O,Los del Espacio,"LIT killah,Tiago PZK,Maria Becerra,Duki,Emilia,Rusherking,Big One,FMK","argentine trap, trap latino, trap, urbano latino, cuarteto, cumbia",Hip Hop,Los del Espacio,05:38,454574506,2023,Collaboration
1HvTxgCj0mTzQlEo0zLvFb,In My Head,Lil Tjay,"brooklyn drill, melodic rap",Hip Hop,In My Head,02:15,58411060,2022,Solo
1HwDRgozGBMyfJTQUfz09A,Ticking,Zach Bryan,"country, red dirt",Country,Zach Bryan,04:02,11055994,2023,Solo
1IHWl5LamUGEuP4ozKQSXZ,Tití Me Preguntó,Bad Bunny,"reggaeton, trap latino, latin, urbano latino",Latin,Un Verano Sin Ti,04:03,1563036148,2022,Solo
1IHWl5LamUGEuP4ozKQSXZ,Tití Me Preguntó,Bad Bunny,"reggaeton, trap latino, latin, urbano latino",Latin,Un Verano Sin Ti,04:03,1563036148,2023,Solo
1IIKrJVP1C9N7iPtG6eOsK,Go Crazy,"Chris Brown,Young Thug","r&b, rap, melodic rap, trap",Hip Hop,Slime & B,02:56,276315533,2020,Collaboration
1IIKrJVP1C9N7iPtG6eOsK,Go Crazy,"Chris Brown,Young Thug","r&b, rap, melodic rap, trap",Hip Hop,Slime & B,02:56,276315533,2021,Collaboration
1IPRghUN3LFPNbCTsfBJx9,Baller los,MERO,"german hip hop, turkish hip hop",Hip Hop,Baller los,02:40,10509784,2018,Solo
1IWNylpZ477gIVUDpJL66u,Sour Candy (with BLACKPINK),"Lady Gaga,BLACKPINK","art pop, pop, k-pop",Pop,Chromatica,02:37,95149418,2020,Collaboration
1IcR6RlgvDczfvoWJSSY2A,It's the Most Wonderful Time of the Year,Andy Williams,christmas,Jazz,The Andy Williams Christmas Album,02:31,829583805,2019,Solo
1IcR6RlgvDczfvoWJSSY2A,It's the Most Wonderful Time of the Year,Andy Williams,christmas,Jazz,The Andy Williams Christmas Album,02:31,829583805,2020,Solo
1IcR6RlgvDczfvoWJSSY2A,It's the Most Wonderful Time of the Year,Andy Williams,christmas,Jazz,The Andy Williams Christmas Album,02:31,829583805,2021,Solo
1IcR6RlgvDczfvoWJSSY2A,It's the Most Wonderful Time of the Year,Andy Williams,christmas,Jazz,The Andy Williams Christmas Album,02:31,829583805,2022,Solo
1IcR6RlgvDczfvoWJSSY2A,It's the Most Wonderful Time of the Year,Andy Williams,christmas,Jazz,The Andy Williams Christmas Album,02:31,829583805,2023,Solo
1IcR6RlgvDczfvoWJSSY2A,It's the Most Wonderful Time of the Year,Andy Williams,christmas,Jazz,The Andy Williams Christmas Album,02:31,829583805,2024,Solo
1IthE5GNiRzFN5CVaCa445,Born Singer,BTS,k-pop,Pop,Proof,03:58,13237480,2022,Solo
1JgknGBbrfmEHeOZH051SS,ecstacy (slowed),SUICIDAL-IDOL,hyperpop,Pop,ecstacy (slowed),01:59,108866440,2023,Solo
1JkrD47SDpAbyvqKtolcea,"Thotiana (feat. Cardi B, YG) [Remix]","Blueface,Cardi B,YG",hyphy,Hip Hop,"Thotiana (feat. Cardi B, YG) [Remix]",04:57,11676982,2019,Collaboration
1Jl21sidRpEdlVBvYbssLx,Sin (feat. Jaden Smith),"Young Thug,Jaden","rap, melodic rap, trap, ",Hip Hop,On the Run,03:22,19380661,2018,Collaboration
1Jrj3k5L36dPkU6KAclU7g,Blue Tint,Drake,"rap, hip hop",Hip Hop,Scorpion,02:42,27912350,2018,Solo
1K5KBOgreBi5fkEHvg5ap3,Life Is Good (feat. Drake),"Future,Drake","rap, hip hop",Hip Hop,High Off Life,03:57,376364162,2020,Collaboration
1K5KBOgreBi5fkEHvg5ap3,Life Is Good (feat. Drake),"Future,Drake","rap, hip hop",Hip Hop,High Off Life,03:57,376364162,2021,Collaboration
1K8AtBJXcdq5mywMnZuARP,Termina Comigo Antes - Ao Vivo,Gusttavo Lima,"sertanejo, sertanejo universitário, arrocha, agronejo, piseiro, forró",Country,Termina Comigo Antes (Ao Vivo),03:07,18233890,2022,Solo
1KSqYYJFyfTecXFk9M0prc,Escápate Conmigo (feat. Ozuna),"Wisin,Ozuna","reggaeton, latin, trap latino, urbano latino",Latin,Victory,03:52,88554279,2017,Collaboration
1KSqYYJFyfTecXFk9M0prc,Escápate Conmigo (feat. Ozuna),"Wisin,Ozuna","reggaeton, latin, trap latino, urbano latino",Latin,Victory,03:52,88554279,2018,Collaboration
1KT0xdIjm7t053xByACrrg,美女と野獣,"Ariana Grande,John Legend","pop, soft pop, neo soul",R&B,美女と野獣,03:47,19608172,2017,Collaboration
1KVczjazCcCCgM3gXXUl47,Roses (with Juice WRLD feat. Brendon Urie),"benny blanco,Juice WRLD,Brendon Urie","melodic rap, emo rap, ",Hip Hop,FRIENDS KEEP SECRETS,03:43,48522068,2018,Collaboration
1KVczjazCcCCgM3gXXUl47,Roses (with Juice WRLD feat. Brendon Urie),"benny blanco,Juice WRLD,Brendon Urie","melodic rap, emo rap, ",Hip Hop,FRIENDS KEEP SECRETS,03:43,48522068,2019,Collaboration
1KdwnsWOvhM53vezy5ROuf,No Te Debí Besar,"C. Tangana,Paloma Mami","flamenco, chilean trap, reggaeton chileno",Hip Hop,No Te Debí Besar,03:02,14533168,2019,Collaboration
1Knctxx9vGZxpZfF66BIEa,Legends,Juice WRLD,"melodic rap, emo rap",Hip Hop,Legends,03:11,44670012,2018,Solo
1Knctxx9vGZxpZfF66BIEa,Legends,Juice WRLD,"melodic rap, emo rap",Hip Hop,Legends,03:11,44670012,2019,Solo
1Knctxx9vGZxpZfF66BIEa,Legends,Juice WRLD,"melodic rap, emo rap",Hip Hop,Legends,03:11,44670012,2020,Solo
1L0OmJV0LnPDWuHCIGmBV6,On The Radar Freestyle,"Drake,Central Cee","rap, hip hop, uk drill, drill, grime",Hip Hop,On The Radar Freestyle,04:35,14026932,2023,Collaboration
1LIqNVhaIgxXUt2eVoIQJ3,HP,Maluma,"reggaeton, latin, urbano latino",Latin,11:11,03:04,152023549,2019,Solo
1LY3GhF0zxIVgbYEQjCbUO,The Sound of Silence - CYRIL Remix,"Disturbed,CYRIL","metal, nu metal, alternative metal, rap metal, hard rock, rock, heavy metal, ",Metal,The Sound of Silence (CYRIL Remix),03:05,211560583,2024,Collaboration
1LhMopPAallLeaeNutqbgS,Say Something (feat. Chris Stapleton),"Justin Timberlake,Chris Stapleton",country,Country,Man of the Woods,04:38,175217640,2018,Collaboration
1LiN0Z98FkR1t0m8KmLcAH,Amanece,"Anuel AA,Haze","reggaeton, trap latino, urbano latino, latin",Latin,Amanece,03:10,215771143,2018,Collaboration
1LiN0Z98FkR1t0m8KmLcAH,Amanece,"Anuel AA,Haze","reggaeton, trap latino, urbano latino, latin",Latin,Amanece,03:10,215771143,2019,Collaboration
1Lo0QY9cvc8sUB2vnIOxDT,Fast Car,Luke Combs,country,Country,Gettin' Old,04:25,536641173,2023,Solo
1Lo0QY9cvc8sUB2vnIOxDT,Fast Car,Luke Combs,country,Country,Gettin' Old,04:25,536641173,2024,Solo
1LszjjoVwDDZcWUQbzeDLG,Explícale (feat. Bad Bunny),"Yandel,Bad Bunny","reggaeton, urbano latino, latin, trap latino",Latin,#Update,03:43,93230823,2017,Collaboration
1LszjjoVwDDZcWUQbzeDLG,Explícale (feat. Bad Bunny),"Yandel,Bad Bunny","reggaeton, urbano latino, latin, trap latino",Latin,#Update,03:43,93230823,2018,Collaboration
1M5OUvKG03C0QtzvxRS4Zk,Depende,"Dj Guuga,Wesley Safadão,Zé Felipe","funk, piseiro, brega funk, brazilian funk, arrocha, forró, sertanejo, sertanejo universitário, agronejo",Country,Depende,02:36,10868721,2022,Collaboration
1MB8kTH7VKvAMfL9SHgJmG,VAGABUNDO,"Sebastian Yatra,Manuel Turizo,Beéle","colombian pop, reggaeton, latin",Pop,VAGABUNDO,03:35,296889060,2023,Collaboration
1MUZitHRpmng5NevrvNx4T,DRIP,BABYMONSTER,k-pop,Pop,DRIP,03:00,23767346,2024,Solo
1MksGqIztTT6M9R1ErKVs8,No Favors,"Big Sean,Eminem","rap, hip hop",Hip Hop,I Decided.,05:25,25778675,2017,Collaboration
1NbGcdgwRHZ5rbPIT9hdR3,Dance To This (feat. Ariana Grande),"Troye Sivan,Ariana Grande",pop,Pop,Dance To This (feat. Ariana Grande),03:51,24593062,2018,Collaboration
1NghHeg0wE32eBYrQBVQXL,Shake Up Christmas,Train,soft pop,Pop,"Save Me, San Francisco (Golden Gate Edition)",03:52,27874087,2018,Solo
1NghHeg0wE32eBYrQBVQXL,Shake Up Christmas,Train,soft pop,Pop,"Save Me, San Francisco (Golden Gate Edition)",03:52,27874087,2019,Solo
1NghHeg0wE32eBYrQBVQXL,Shake Up Christmas,Train,soft pop,Pop,"Save Me, San Francisco (Golden Gate Edition)",03:52,27874087,2020,Solo
1NghHeg0wE32eBYrQBVQXL,Shake Up Christmas,Train,soft pop,Pop,"Save Me, San Francisco (Golden Gate Edition)",03:52,27874087,2021,Solo
1NghHeg0wE32eBYrQBVQXL,Shake Up Christmas,Train,soft pop,Pop,"Save Me, San Francisco (Golden Gate Edition)",03:52,27874087,2022,Solo
1NghHeg0wE32eBYrQBVQXL,Shake Up Christmas,Train,soft pop,Pop,"Save Me, San Francisco (Golden Gate Edition)",03:52,27874087,2023,Solo
1NghHeg0wE32eBYrQBVQXL,Shake Up Christmas,Train,soft pop,Pop,"Save Me, San Francisco (Golden Gate Edition)",03:52,27874087,2024,Solo
1Nj2oBISdFDSF8eDuXcALz,Start Again (feat. Logic),"OneRepublic,Logic","soft pop, ",Pop,13 Reasons Why (Season 2),02:45,48935535,2018,Collaboration
1O1VvCshhDw3XIOOcfLziL,La Vida Sin Ti,"Rels B,Lia Kali","urbano latino, trap latino, ",Latin,a new star (1 9 9 3),02:44,14630431,2024,Collaboration
1O2pcBJGej0pmH2Y9XZMs6,Una Noche en Medellín,Cris Mj,"reggaeton chileno, chilean trap, chilean mambo, reggaeton",Latin,Una Noche en Medellín,02:33,462909347,2022,Solo
1O2pcBJGej0pmH2Y9XZMs6,Una Noche en Medellín,Cris Mj,"reggaeton chileno, chilean trap, chilean mambo, reggaeton",Latin,Una Noche en Medellín,02:33,462909347,2023,Solo
1OAh8uOEOvTDqkKFsKksCi,Wild Thoughts (feat. Rihanna & Bryson Tiller),"DJ Khaled,Rihanna,Bryson Tiller",r&b,R&B,Grateful,03:24,506562805,2017,Collaboration
1OAh8uOEOvTDqkKFsKksCi,Wild Thoughts (feat. Rihanna & Bryson Tiller),"DJ Khaled,Rihanna,Bryson Tiller",r&b,R&B,Grateful,03:24,506562805,2018,Collaboration
1OAh8uOEOvTDqkKFsKksCi,Wild Thoughts (feat. Rihanna & Bryson Tiller),"DJ Khaled,Rihanna,Bryson Tiller",r&b,R&B,Grateful,03:24,506562805,2023,Collaboration
1ODFVLQszq0hCOdZtqV5wq,MR. OCTOBER,Bad Bunny,"reggaeton, trap latino, latin, urbano latino",Latin,nadie sabe lo que va a pasar mañana,03:09,61744498,2023,Solo
1ODZGydlown4VesUP8HLJX,Sleigh Ride,The Ronettes,christmas,Jazz,NOW 100 Hits Christmas,03:00,32443296,2019,Solo
1OUPXna2MCgAt3VNmXJBtg,Bola Rebola,"Tropkillaz,J Balvin,Anitta,ZAAC","brazilian funk, brazilian pop, funk, reggaeton, latin, funk pop, funk carioca, pagode baiano",Hip Hop,Bola Rebola,03:13,48576007,2019,Collaboration
1OZ4uv7OAP24Ix6j3vojLt,Casei Com a Putaria,"Mc Paiva ZS,MC Ryan SP,Kotim","funk, funk consciente, trap funk, brazilian funk, funk carioca, brazilian trap",Hip Hop,Casei Com a Putaria,02:37,27799764,2022,Collaboration
1PAvhqefivTNdxZ4u8RT1d,Muñecas,"TINI,La Joaqui,Steve Aoki","latin pop, rkt, turreo, electro house, edm",Electronic,Muñecas,02:36,42560282,2023,Collaboration
1PDP7mLiAMwhfmgIwzhOm2,Yebba’s Heartbreak,"Drake,Yebba","rap, hip hop, ",Hip Hop,Certified Lover Boy,02:13,17335719,2021,Collaboration
1PH2MDbcBAU094DlgTIND1,THANK GOD,Travis Scott,rap,Hip Hop,UTOPIA,03:04,93337292,2023,Solo
1PIgY9ybyFT9uWLM5POYGY,All The Parties (feat. Chief Keef),"Drake,Chief Keef","rap, hip hop, drill",Hip Hop,For All The Dogs,03:38,20697590,2023,Collaboration
1PSBzsahR2AKwLJgx8ehBj,Bad Things (with Camila Cabello),"mgk,Camila Cabello",pop,Pop,bloom,03:59,177175086,2017,Collaboration
1QL7nSDZCwZMnbisV4KOXt,t r a n s p a r e n t s o u l feat. Travis Barker,"WILLOW,Travis Barker",rap rock,Rock,t r a n s p a r e n t s o u l feat. Travis Barker,02:48,51083223,2021,Collaboration
1Qg9jWGDkKAGZXj5v2OG59,Wait,Maroon 5,pop,Pop,Red Pill Blues (Deluxe),03:10,85407633,2017,Solo
1Qg9jWGDkKAGZXj5v2OG59,Wait,Maroon 5,pop,Pop,Red Pill Blues (Deluxe),03:10,85407633,2018,Solo
1Qi2wh8fFgDV7tl4Sj3f2K,Have Yourself A Merry Little Christmas,Sam Smith,soft pop,Pop,Have Yourself A Merry Little Christmas,02:50,163955657,2018,Solo
1Qi2wh8fFgDV7tl4Sj3f2K,Have Yourself A Merry Little Christmas,Sam Smith,soft pop,Pop,Have Yourself A Merry Little Christmas,02:50,163955657,2019,Solo
1Qi2wh8fFgDV7tl4Sj3f2K,Have Yourself A Merry Little Christmas,Sam Smith,soft pop,Pop,Have Yourself A Merry Little Christmas,02:50,163955657,2020,Solo
1Qi2wh8fFgDV7tl4Sj3f2K,Have Yourself A Merry Little Christmas,Sam Smith,soft pop,Pop,Have Yourself A Merry Little Christmas,02:50,163955657,2021,Solo
1Qi2wh8fFgDV7tl4Sj3f2K,Have Yourself A Merry Little Christmas,Sam Smith,soft pop,Pop,Have Yourself A Merry Little Christmas,02:50,163955657,2022,Solo
1Qi2wh8fFgDV7tl4Sj3f2K,Have Yourself A Merry Little Christmas,Sam Smith,soft pop,Pop,Have Yourself A Merry Little Christmas,02:50,163955657,2023,Solo
1Qi2wh8fFgDV7tl4Sj3f2K,Have Yourself A Merry Little Christmas,Sam Smith,soft pop,Pop,Have Yourself A Merry Little Christmas,02:50,163955657,2024,Solo
1QoG0Yqz1onMsdbOibZVke,Titanic,Juice WRLD,"melodic rap, emo rap",Hip Hop,Legends Never Die,02:56,25581921,2020,Solo
1Qrg8KqiBpW07V7PNxwwwL,Kill Bill,SZA,r&b,R&B,SOS,02:33,3664751827,2022,Solo
1Qrg8KqiBpW07V7PNxwwwL,Kill Bill,SZA,r&b,R&B,SOS,02:33,3664751827,2023,Solo
1Qrg8KqiBpW07V7PNxwwwL,Kill Bill,SZA,r&b,R&B,SOS,02:33,3664751827,2024,Solo
1Qvo9ZyBWoedUiOc0zTCbm,Illusion,Dua Lipa,pop,Pop,Radical Optimism,03:08,21673298,2024,Solo
1RDvyOk4WtPCtoqciJwVn8,Dreamers [Music from the FIFA World Cup Qatar 2022 Official Soundtrack],"Jung Kook,BTS,FIFA Sound","k-pop, ",Pop,Dreamers [Music from the FIFA World Cup Qatar 2022 Official Soundtrack],03:21,206921573,2022,Collaboration
1RDvyOk4WtPCtoqciJwVn8,Dreamers [Music from the FIFA World Cup Qatar 2022 Official Soundtrack],"Jung Kook,BTS,FIFA Sound","k-pop, ",Pop,Dreamers [Music from the FIFA World Cup Qatar 2022 Official Soundtrack],03:21,206921573,2023,Collaboration
1RMJOxR6GRPsBHL8qeC2ux,Best Part (feat. H.E.R.),"Daniel Caesar,H.E.R.",r&b,R&B,Freudian,03:29,138533592,2024,Collaboration
1RagpNpkD3KcjXMLGMe99V,Fr Fr (feat. Lil Skies),"Wiz Khalifa,Lil Skies","rap, melodic rap",Hip Hop,Rolling Papers 2,03:15,14836880,2018,Collaboration
1RlcvK95g0XfRpDvFbGLUO,K-POP,Travis Scott,rap,Hip Hop,K-POP (Chopped & Screwed),03:05,25503714,2023,Solo
1Rweq7vNjK4kZBbGrmxQsl,bye,Ariana Grande,pop,Pop,eternal sunshine,02:44,74592374,2024,Solo
1RzjXhgnzqb3dMa5852itx,LA PEOPLE,"Peso Pluma,Tito Double P","corrido, corridos tumbados, corridos bélicos, música mexicana, sad sierreño, electro corridos, banda",Latin,GÉNESIS,02:33,146444052,2023,Collaboration
1RzjXhgnzqb3dMa5852itx,LA PEOPLE,"Peso Pluma,Tito Double P","corrido, corridos tumbados, corridos bélicos, música mexicana, sad sierreño, electro corridos, banda",Latin,GÉNESIS,02:33,146444052,2024,Collaboration
1SGvjfc85yzqKXsfKcCxn2,heart pt. 6,Kendrick Lamar,"hip hop, west coast hip hop",Hip Hop,GNX,04:52,32625166,2024,Solo
1SJtlNRJDeYHioymcvsqev,Crying in the Club,Camila Cabello,pop,Pop,Crying in the Club,03:36,186730175,2017,Solo
1SS0WlKhJewviwEDZ6dWj0,SPOT!,"ZICO,JENNIE","k-rap, k-pop",Pop,SPOT!,02:47,59734203,2024,Collaboration
1SSzM044DUbVpYNNHWIhYJ,Vermissen (feat. Henning May),"Juju,Henning May","german hip hop, german pop",Hip Hop,Vermissen (feat. Henning May),02:41,26262003,2019,Collaboration
1Sl3njkhhz8nrSPZroDQ82,Complicated (feat. Kiiara),"Dimitri Vegas & Like Mike,David Guetta,Dimitri Vegas,Kiiara","big room, electronica, edm, electro, dance, ",Electronic,Complicated (feat. Kiiara),03:04,33308622,2017,Collaboration
1Slwb6dOYkBlWal1PGtnNg,Thinking out Loud,Ed Sheeran,soft pop,Pop,x (Wembley Edition),04:41,567029783,2017,Solo
1Slwb6dOYkBlWal1PGtnNg,Thinking out Loud,Ed Sheeran,soft pop,Pop,x (Wembley Edition),04:41,567029783,2018,Solo
1Slwb6dOYkBlWal1PGtnNg,Thinking out Loud,Ed Sheeran,soft pop,Pop,x (Wembley Edition),04:41,567029783,2019,Solo
1Slwb6dOYkBlWal1PGtnNg,Thinking out Loud,Ed Sheeran,soft pop,Pop,x (Wembley Edition),04:41,567029783,2020,Solo
1Slwb6dOYkBlWal1PGtnNg,Thinking out Loud,Ed Sheeran,soft pop,Pop,x (Wembley Edition),04:41,567029783,2021,Solo
1Slwb6dOYkBlWal1PGtnNg,Thinking out Loud,Ed Sheeran,soft pop,Pop,x (Wembley Edition),04:41,567029783,2022,Solo
1TEKUj8c5iyRNUUxo9SdSD,Modo DND,"Xavi,Tony Aguirre","corridos tumbados, corrido, corridos bélicos, sad sierreño, música mexicana, banda, electro corridos, sierreño",Latin,Modo DND,03:40,57489926,2023,Collaboration
1TEKUj8c5iyRNUUxo9SdSD,Modo DND,"Xavi,Tony Aguirre","corridos tumbados, corrido, corridos bélicos, sad sierreño, música mexicana, banda, electro corridos, sierreño",Latin,Modo DND,03:40,57489926,2024,Collaboration
1TEL6MlSSVLSdhOSddidlJ,needy,Ariana Grande,pop,Pop,"thank u, next",02:51,82989855,2019,Solo
1TZv3bujNaYz646eezRE91,Seeing Green (with Drake & Lil Wayne),"Nicki Minaj,Drake,Lil Wayne","rap, hip hop",Hip Hop,Beam Me Up Scotty,05:39,15165983,2021,Collaboration
1TaQciB8qqRZ9fxWGhS65X,Don't Know What To Do,BLACKPINK,k-pop,Pop,KILL THIS LOVE,03:21,11757946,2019,Solo
1TfqLAPs4K3s2rJMoCokcS,Sweet Dreams (Are Made of This) - 2005 Remaster,"Eurythmics,Annie Lennox,Dave Stewart","new wave, synthpop, ",Rock,Sweet Dreams (Are Made Of This),03:36,49196833,2017,Collaboration
1TfqLAPs4K3s2rJMoCokcS,Sweet Dreams (Are Made of This) - 2005 Remaster,"Eurythmics,Annie Lennox,Dave Stewart","new wave, synthpop, ",Rock,Sweet Dreams (Are Made Of This),03:36,49196833,2018,Collaboration
1TfqLAPs4K3s2rJMoCokcS,Sweet Dreams (Are Made of This) - 2005 Remaster,"Eurythmics,Annie Lennox,Dave Stewart","new wave, synthpop, ",Rock,Sweet Dreams (Are Made Of This),03:36,49196833,2020,Collaboration
1TfqLAPs4K3s2rJMoCokcS,Sweet Dreams (Are Made of This) - 2005 Remaster,"Eurythmics,Annie Lennox,Dave Stewart","new wave, synthpop, ",Rock,Sweet Dreams (Are Made Of This),03:36,49196833,2021,Collaboration
1TfqLAPs4K3s2rJMoCokcS,Sweet Dreams (Are Made of This) - 2005 Remaster,"Eurythmics,Annie Lennox,Dave Stewart","new wave, synthpop, ",Rock,Sweet Dreams (Are Made Of This),03:36,49196833,2022,Collaboration
1TfqLAPs4K3s2rJMoCokcS,Sweet Dreams (Are Made of This) - 2005 Remaster,"Eurythmics,Annie Lennox,Dave Stewart","new wave, synthpop, ",Rock,Sweet Dreams (Are Made Of This),03:36,49196833,2023,Collaboration
1TfqLAPs4K3s2rJMoCokcS,Sweet Dreams (Are Made of This) - 2005 Remaster,"Eurythmics,Annie Lennox,Dave Stewart","new wave, synthpop, ",Rock,Sweet Dreams (Are Made Of This),03:36,49196833,2024,Collaboration
1U3A66OHQyTu4N2QTMsP86,GRACIAS POR NADA,Bad Bunny,"reggaeton, trap latino, latin, urbano latino",Latin,nadie sabe lo que va a pasar mañana,02:57,44743568,2023,Solo
1UMm1Qs3u59Wvk53zBUE8r,SABOR FRESA,Fuerza Regida,"corrido, corridos tumbados, corridos bélicos, música mexicana, banda, electro corridos, sierreño, sad sierreño",Latin,SABOR FRESA,02:36,467591022,2023,Solo
1UQbxSOVbauPxaUh337GTx,My Only Wish (This Year),Britney Spears,pop,Pop,Five Songs Of Christmas - Pop,04:15,11233213,2018,Solo
1UdzJEpgJxtuXAlCOvD4S0,Fuera del mercado,Danny Ocean,reggaeton,Latin,@dannocean,02:39,230190527,2022,Solo
1V0qqWBbIWt8hlAjxTZedR,What Christmas Means To Me,Stevie Wonder,"motown, soul",R&B,Mono Singles,02:28,23543727,2021,Solo
1V0qqWBbIWt8hlAjxTZedR,What Christmas Means To Me,Stevie Wonder,"motown, soul",R&B,Mono Singles,02:28,23543727,2022,Solo
1V7JaMp11LKGwKiVmSetf0,Baby,"Joker Bra,VIZE","german hip hop, slap house",Hip Hop,Baby,02:28,17349845,2020,Collaboration
1V8XneTrX6kKeoxYbk4x6h,Hablamos Mañana,"Bad Bunny,Duki,Pablo Chill-E","reggaeton, trap latino, latin, urbano latino, argentine trap, trap, chilean trap, reggaeton chileno, chilean mambo, mambo",Hip Hop,YHLQMDLG,04:00,25852372,2020,Collaboration
1VEMUkGFio5uURvN8x1DZJ,Tilidin,"Capital Bra,Samra",german hip hop,Hip Hop,Tilidin,02:52,28903609,2019,Collaboration
1VNWdmXSbaNrnWod10WIL0,"One Of The Girls (with JENNIE, Lily Rose Depp)","The Weeknd,JENNIE,Lily-Rose Depp","k-pop, ",Pop,The Highlights (Deluxe),04:04,234051555,2024,Collaboration
1VauUM5CBX7nkLcgafQL2B,"Eladio Carrion: Bzrp Music Sessions, Vol. 40","Bizarrap,Eladio Carrion","argentine trap, trap latino, urbano latino, trap",Hip Hop,"Eladio Carrion: Bzrp Music Sessions, Vol. 40",02:44,19765540,2021,Collaboration
1VsHc0qIeyjYOyvN5HIEQG,Mejor Que Yo,"Anuel AA,DJ Luian,Mambo Kingz","reggaeton, trap latino, urbano latino, latin",Latin,Mejor Que Yo,04:02,36309018,2023,Collaboration
1VuAamHM7P3VQQEXYGG3Uu,Joy To The World,Nat King Cole,"christmas, adult standards, vocal jazz",Easy listening,The Christmas Song (Expanded Edition),01:24,86492788,2018,Solo
1VuAamHM7P3VQQEXYGG3Uu,Joy To The World,Nat King Cole,"christmas, adult standards, vocal jazz",Easy listening,The Christmas Song (Expanded Edition),01:24,86492788,2019,Solo
1VuAamHM7P3VQQEXYGG3Uu,Joy To The World,Nat King Cole,"christmas, adult standards, vocal jazz",Easy listening,The Christmas Song (Expanded Edition),01:24,86492788,2020,Solo
1VuAamHM7P3VQQEXYGG3Uu,Joy To The World,Nat King Cole,"christmas, adult standards, vocal jazz",Easy listening,The Christmas Song (Expanded Edition),01:24,86492788,2021,Solo
1VuAamHM7P3VQQEXYGG3Uu,Joy To The World,Nat King Cole,"christmas, adult standards, vocal jazz",Easy listening,The Christmas Song (Expanded Edition),01:24,86492788,2022,Solo
1VuAamHM7P3VQQEXYGG3Uu,Joy To The World,Nat King Cole,"christmas, adult standards, vocal jazz",Easy listening,The Christmas Song (Expanded Edition),01:24,86492788,2023,Solo
1VuAamHM7P3VQQEXYGG3Uu,Joy To The World,Nat King Cole,"christmas, adult standards, vocal jazz",Easy listening,The Christmas Song (Expanded Edition),01:24,86492788,2024,Solo
1VvoSJiPG9dFsDQjTkACvG,AMG,"Natanael Cano,Peso Pluma,Gabito Ballesteros","corridos tumbados, corrido, corridos bélicos, sad sierreño, electro corridos, sierreño, música mexicana, banda",Latin,Nata Montana,02:54,22940906,2023,Collaboration
1Vy9Wn5sbiduZKBqBlH3Mc,Ballena,"Vulgo FK,MC PH,Veigh,Pedro Lotto,Fepache","brazilian trap, trap funk, trap, brazilian hip hop, funk, funk consciente",Hip Hop,Perdas & Ganhos,03:20,74892332,2023,Collaboration
1W6wxOOYyJyyok8fqYSZ3m,"Top Off (feat. JAY Z, Future & Beyoncé)","DJ Khaled,JAY-Z,Future,Beyoncé","hip hop, east coast hip hop, rap, ",Hip Hop,"Top Off (feat. JAY Z, Future & Beyoncé)",03:50,17117917,2018,Collaboration
1WCEAGGRD066z2Q89ObXTq,Crazy What Love Can Do,"David Guetta,Becky Hill,Ella Henderson","edm, dance, ",Electronic,Crazy What Love Can Do,02:49,103913405,2022,Collaboration
1WP1r7fuvRqZRnUaTi2I1Q,Stitches,Shawn Mendes,pop,Pop,Handwritten (Deluxe),03:26,35629449,2017,Solo
1WSGTYKLEpKfNQYYW5Oymt,"I Can’t Get Enough (benny blanco, Selena Gomez, J Balvin, Tainy)","benny blanco,Selena Gomez,J Balvin,Tainy","pop, reggaeton, latin",Latin,"I Can’t Get Enough (benny blanco, Selena Gomez, J Balvin, Tainy)",02:38,129020612,2019,Collaboration
1WedZeiezCmCEOzLwhx0hV,Poblado - Remix,"J Balvin,KAROL G,Nicky Jam,Crissin,Totoy El Frio,Natan & Shander","reggaeton, latin, urbano latino",Latin,Poblado (Remix),06:33,121463124,2021,Collaboration
1Wf14bTyb6UeKojy8ykPYm,Happy Holiday / The Holiday Season,Andy Williams,christmas,Jazz,The Andy Williams Christmas Album,02:37,29383286,2021,Solo
1Wf14bTyb6UeKojy8ykPYm,Happy Holiday / The Holiday Season,Andy Williams,christmas,Jazz,The Andy Williams Christmas Album,02:37,29383286,2022,Solo
1Wf14bTyb6UeKojy8ykPYm,Happy Holiday / The Holiday Season,Andy Williams,christmas,Jazz,The Andy Williams Christmas Album,02:37,29383286,2023,Solo
1Wf14bTyb6UeKojy8ykPYm,Happy Holiday / The Holiday Season,Andy Williams,christmas,Jazz,The Andy Williams Christmas Album,02:37,29383286,2024,Solo
1WnqWQcWcuQbVzgE7ecfCY,Every Hour,"Kanye West,Sunday Service Choir","rap, gospel, gospel r&b, worship",R&B,JESUS IS KING,01:52,13362143,2019,Collaboration
1WvrDdouh6C51In1SdATbq,BICHOTA,KAROL G,"reggaeton, latin, urbano latino",Latin,KG0516,02:58,76878897,2021,Solo
1Wwh6gmMeolwzbRzfZMY5b,Ready For Love,BLACKPINK,k-pop,Pop,BORN PINK,03:04,13822600,2022,Solo
1XBc4r6ltXjkFJBrsttwIF,Rockin' Around The Christmas Tree - Single Version,Brenda Lee,christmas,Jazz,Anthology 1956-1980 (Volume 1 & 2),02:05,10658002,2018,Solo
1XGmzt0PVuFgQYYnV2It7A,Payphone,"Maroon 5,Wiz Khalifa","pop, rap",Pop,Overexposed Track By Track,03:51,395460336,2021,Collaboration
1XGmzt0PVuFgQYYnV2It7A,Payphone,"Maroon 5,Wiz Khalifa","pop, rap",Pop,Overexposed Track By Track,03:51,395460336,2022,Collaboration
1XGmzt0PVuFgQYYnV2It7A,Payphone,"Maroon 5,Wiz Khalifa","pop, rap",Pop,Overexposed Track By Track,03:51,395460336,2023,Collaboration
1XGmzt0PVuFgQYYnV2It7A,Payphone,"Maroon 5,Wiz Khalifa","pop, rap",Pop,Overexposed Track By Track,03:51,395460336,2024,Collaboration
1XM5PgxjpYcF0JuE9nfUbS,Por Perro,"Sebastian Yatra,Luis Figueroa,Lary Over","colombian pop, reggaeton, latin, salsa, salsa romantica, trap latino, trap, dembow",Pop,Por Perro,04:05,12537067,2018,Collaboration
1XRgIKC5TPwo7nWGyKqgG0,I Get the Bag (feat. Migos),"Gucci Mane,Migos","southern hip hop, rap, trap",Hip Hop,Mr. Davis,03:53,141937669,2017,Collaboration
1XRgIKC5TPwo7nWGyKqgG0,I Get the Bag (feat. Migos),"Gucci Mane,Migos","southern hip hop, rap, trap",Hip Hop,Mr. Davis,03:53,141937669,2018,Collaboration
1Xnn1TPyr5h0hpRAT4B4EA,Bellaquita - Remix,"Dalex,Lenny Tavárez,Anitta,NATTI NATASHA,Farruko,Justin Quiles","reggaeton, urbano latino, trap latino, argentine trap, brazilian pop, funk pop, funk carioca, funk, pagode baiano, latin",Hip Hop,Bellaquita (Remix),05:04,92145856,2019,Collaboration
1Xnn1TPyr5h0hpRAT4B4EA,Bellaquita - Remix,"Dalex,Lenny Tavárez,Anitta,NATTI NATASHA,Farruko,Justin Quiles","reggaeton, urbano latino, trap latino, argentine trap, brazilian pop, funk pop, funk carioca, funk, pagode baiano, latin",Hip Hop,Bellaquita (Remix),05:04,92145856,2020,Collaboration
1XnpzbOGptRwfJhZgLbmSr,Pretty Savage,BLACKPINK,k-pop,Pop,THE ALBUM,03:21,63358242,2020,Solo
1Y62KpDaP5MEL43ZcI6IaG,SIN SEÑAL,"Quevedo,Ovy On The Drums",reggaeton,Latin,SIN SEÑAL,03:05,12363144,2022,Collaboration
1YNQscOx6OqBQjxgJVhEeW,"Girls (feat. Cardi B, Bebe Rexha & Charli XCX)","Rita Ora,Bebe Rexha,Charli xcx,Cardi B","hyperpop, art pop, ",Pop,"Girls (feat. Cardi B, Bebe Rexha & Charli XCX)",03:41,52686172,2018,Collaboration
1YYfyJ2yCvGFCxwjsIqEK9,Khé?,"Rauw Alejandro,Romeo Santos","reggaeton, urbano latino, trap latino, latin, bachata, bachata pop",Latin,Cosa Nuestra,03:26,133354940,2024,Collaboration
1YZfcVLbbJwfizR5cDOp3q,MotorSport,"Migos,Nicki Minaj,Cardi B","trap, ",Hip Hop,MotorSport,05:07,106162215,2017,Collaboration
1YZfcVLbbJwfizR5cDOp3q,MotorSport,"Migos,Nicki Minaj,Cardi B","trap, ",Hip Hop,MotorSport,05:07,106162215,2018,Collaboration
1YmF9PvLhIISIANoMLIYGq,A$AP Forever (feat. Moby),"A$AP Rocky,Moby","rap, downtempo, trip hop",Electronic,A$AP Forever (feat. Moby),03:53,18083336,2018,Collaboration
1YnChEM51BVZ5dRhbVFEMl,SEDA,"Bad Bunny,Bryant Myers","reggaeton, trap latino, latin, urbano latino, trap, dembow",Latin,nadie sabe lo que va a pasar mañana,03:10,93931610,2023,Collaboration
1ZAyjvIk9YiD76yYy0TEG6,Plug Walk,Rich The Kid,trap,Hip Hop,The World Is Yours,02:55,45596116,2018,Solo
1ZEm9cJC05rawV2tptNfTS,Bed (feat. Ariana Grande),"Nicki Minaj,Ariana Grande",pop,Pop,Bed (feat. Ariana Grande),03:09,93334298,2018,Collaboration
1ZvBVbsaNqHEP6ymXaPGlj,Lion King On Ice,J. Cole,rap,Hip Hop,Lewis Street,03:30,13137924,2020,Solo
1a5Yu5L18qNxVhXx38njON,Hear Me Now,"Alok,Bruno Martini,Zeeba","brazilian bass, electronic, slap house, electro house, brazilian pop, ",Electronic,Hear Me Now,03:12,202558743,2017,Collaboration
1aF9TeHZbe6OVo9dtjPuzK,Junya,Kanye West,rap,Hip Hop,Donda,02:27,17845221,2021,Solo
1aKuG1GG76xPLUkjBbQo3W,UGH!,BTS,k-pop,Pop,MAP OF THE SOUL : 7,03:45,12663455,2020,Solo
1aKvZDoLGkNMxoRYgkckZG,Magnetic,ILLIT,k-pop,Pop,SUPER REAL ME,02:40,352534289,2024,Solo
1aUq8rjW1EwkAkMri4VfJy,LOKERA,"Rauw Alejandro,Lyanno,Brray","reggaeton, urbano latino, trap latino, latin",Latin,SATURNO,03:17,161511350,2023,Collaboration
1agDCV4zQqaFwJQNsTgmL1,Smeraldo Garden Marching Band (feat. Loco),"Jimin,Loco","k-pop, k-rap",Pop,MUSE,03:02,25604943,2024,Collaboration
1ahVFh0ViDZr8LvkEVlq3B,No Sleep (feat. Bonn),"Martin Garrix,Bonn","edm, electronica, progressive house, ",Electronic,No Sleep (feat. Bonn),03:27,34889291,2019,Collaboration
1bDbXMyjaUIooNwFE9wn0N,Rich Flex,"Drake,21 Savage","rap, hip hop, ",Hip Hop,Her Loss,03:59,840804153,2022,Collaboration
1bDbXMyjaUIooNwFE9wn0N,Rich Flex,"Drake,21 Savage","rap, hip hop, ",Hip Hop,Her Loss,03:59,840804153,2023,Collaboration
1bRO28yzxgO3y3UmNR29TZ,"I Do It (ft. Big Sean, Lil Baby)","Lil Wayne,Big Sean,Lil Baby","rap, hip hop, ",Hip Hop,Funeral,03:04,13703387,2020,Collaboration
1bRpSCFv6P2OUhciByeRYR,Jangueo,"Alex Rose,Rafa Pabön","trap latino, reggaeton, urbano latino",Latin,LOST,04:19,19821027,2020,Collaboration
1bWBG6IkMnDr3qvCKSvQT7,Baby Me Atende - Ao Vivo,"Matheus Fernandes,Dilsinho","piseiro, sertanejo, pagode, forró, arrocha, sertanejo universitário, samba",Country,"Na Praia, Pt. 1 (Ao Vivo)",03:45,36512073,2021,Collaboration
1bWBG6IkMnDr3qvCKSvQT7,Baby Me Atende - Ao Vivo,"Matheus Fernandes,Dilsinho","piseiro, sertanejo, pagode, forró, arrocha, sertanejo universitário, samba",Country,"Na Praia, Pt. 1 (Ao Vivo)",03:45,36512073,2022,Collaboration
1bhUWB0zJMIKr9yVPrkEuI,Perfect Duet (Ed Sheeran & Beyoncé),"Ed Sheeran,Beyoncé","soft pop, ",Pop,Perfect Duet (Ed Sheeran & Beyoncé),04:19,329897898,2017,Collaboration
1bhUWB0zJMIKr9yVPrkEuI,Perfect Duet (Ed Sheeran & Beyoncé),"Ed Sheeran,Beyoncé","soft pop, ",Pop,Perfect Duet (Ed Sheeran & Beyoncé),04:19,329897898,2018,Collaboration
1bjeWoagtHmUKputLVyDxQ,Saturn,SZA,r&b,R&B,Saturn,03:06,588134046,2024,Solo
1c0hsvHLELX6y8qymnpLKL,Soltera (Remix),"Lunay,Daddy Yankee,Bad Bunny","reggaeton, latin, trap latino, urbano latino",Latin,Soltera (Remix),04:26,290429693,2019,Collaboration
1c2hJSwcCfoPEw1su83Sw0,Hold My Hand,Lady Gaga,"art pop, pop",Pop,Top Gun: Maverick (Music From The Motion Picture),03:45,62615640,2022,Solo
1c4htMHiolERc0YJvZNdlc,Vai Lá Em Casa Hoje,"George Henrique & Rodrigo,Marília Mendonça","sertanejo, sertanejo universitário, arrocha, agronejo, forró",Country,Vai Lá Em Casa Hoje,03:11,89328208,2021,Collaboration
1c4htMHiolERc0YJvZNdlc,Vai Lá Em Casa Hoje,"George Henrique & Rodrigo,Marília Mendonça","sertanejo, sertanejo universitário, arrocha, agronejo, forró",Country,Vai Lá Em Casa Hoje,03:11,89328208,2022,Collaboration
1cA4wEmLkKlttS6N89LbJh,Wandered To LA (with Justin Bieber),"Juice WRLD,Justin Bieber","melodic rap, emo rap, ",Hip Hop,Fighting Demons,03:08,29522662,2021,Collaboration
1cA4wEmLkKlttS6N89LbJh,Wandered To LA (with Justin Bieber),"Juice WRLD,Justin Bieber","melodic rap, emo rap, ",Hip Hop,Fighting Demons,03:08,29522662,2022,Collaboration
1cCXT1cErAY6tmIqHbodrt,The Remorse,Drake,"rap, hip hop",Hip Hop,Certified Lover Boy,05:51,10641454,2021,Solo
1cG0umU5TKStygKsPFZ9pY,Shed a Light,"Robin Schulz,David Guetta,Cheat Codes","tropical house, edm, dance, ",Electronic,Shed a Light,03:11,158816678,2017,Collaboration
1cIS13bqNfZcTs8LSK8r0a,Gosta De Rua - Ao Vivo,Felipe e Rodrigo,"sertanejo, sertanejo universitário, agronejo",Country,Questão de Tempo (Ao Vivo / Vol.2),02:51,16257685,2024,Solo
1cImYkHOQMFE7AZC9aOk4y,Jingle Bell Rock,Bobby Helms,christmas,Jazz,Rockin' Little Christmas,02:09,12948769,2017,Solo
1cOboCuWYI2osTOfolMRS6,Tu Boda,"Oscar Maydon,Fuerza Regida","corridos tumbados, corrido, corridos bélicos, electro corridos, sad sierreño, banda, música mexicana, sierreño",Latin,Tu Boda,03:45,361483539,2024,Collaboration
1cTZMwcBJT0Ka3UJPXOeeN,Nice For What,Drake,"rap, hip hop",Hip Hop,Nice For What,03:30,334206586,2018,Solo
1cVlW9WQiGlFdWUXFdFZGh,Pa' Olvidarme De Ella,"Piso 21,Christian Nodal","reggaeton, colombian pop, pop urbano, banda, ranchera, mariachi, norteño, música mexicana, grupera",Latin,Pa' Olvidarme De Ella,03:47,63863464,2019,Collaboration
1cVlW9WQiGlFdWUXFdFZGh,Pa' Olvidarme De Ella,"Piso 21,Christian Nodal","reggaeton, colombian pop, pop urbano, banda, ranchera, mariachi, norteño, música mexicana, grupera",Latin,Pa' Olvidarme De Ella,03:47,63863464,2020,Collaboration
1cZHUhGz7xJ8c4szDipipd,Mejores Jordans,"Victor Mendivil,Oscar Maydon","electro corridos, corrido, corridos tumbados, corridos bélicos, dembow, sad sierreño, banda, música mexicana",Latin,Mejores Jordans,03:54,21077541,2024,Collaboration
1d02igesB9DREknAVXRiBd,Renklensin,Reynmen,"turkish pop, turkish hip hop",Hip Hop,Renklensin,03:10,22504400,2024,Solo
1d7q712nXjG98HiwHk7HFS,a p p l y i n g . p r e s s u r e,J. Cole,rap,Hip Hop,The Off-Season,02:57,17754744,2021,Solo
1dPNJDYuW9QAtkOpK3eBvO,God Breathed,Kanye West,rap,Hip Hop,Donda,05:33,19029291,2021,Solo
1dg3qy5DjoJodawfOCgrTP,Run It Up (feat. Offset & Moneybagg Yo),"Lil Tjay,Offset,Moneybagg Yo","brooklyn drill, melodic rap, memphis rap",Hip Hop,Destined 2 Win,03:52,30266135,2021,Collaboration
1diS6nkxMQc3wwC4G1j0bh,We're Good,Dua Lipa,pop,Pop,Future Nostalgia (The Moonlight Edition),02:45,226446002,2021,Solo
1dm6z1fWB0cErMszU25dy2,Después de la Playa,Bad Bunny,"reggaeton, trap latino, latin, urbano latino",Latin,Un Verano Sin Ti,03:50,313971674,2022,Solo
1dm6z1fWB0cErMszU25dy2,Después de la Playa,Bad Bunny,"reggaeton, trap latino, latin, urbano latino",Latin,Un Verano Sin Ti,03:50,313971674,2023,Solo
1dw7qShk971xMD6r6mA4VN,PERO TÚ,"KAROL G,Quevedo","reggaeton, latin, urbano latino",Latin,MAÑANA SERÁ BONITO,03:03,53684444,2023,Collaboration
1e1JKLEDKP7hEQzJfNAgPl,Magnolia,Playboi Carti,rage rap,Hip Hop,Playboi Carti,03:01,158766943,2017,Solo
1eIXYZWEfJO3Na2LCCnIJE,Love Language,SZA,r&b,R&B,SOS,03:03,25757483,2022,Solo
1eIsyfDHoEbemSnQFsgyAv,Party Girl (Remix),"StaySolidRocky,Lil Uzi Vert",melodic rap,Hip Hop,Fallin',02:27,27457900,2020,Collaboration
1ere9b9vDw2N3m9d4uiXxa,Facas - Ao Vivo,"Diego & Victor Hugo,Bruno & Marrone","sertanejo, sertanejo universitário, arrocha, piseiro, agronejo, sertanejo tradicional",Country,Facas (Ao Vivo),03:16,49474900,2021,Collaboration
1f38Gx6xQz6r4H1jGVNBJo,Loco Contigo (with J. Balvin & Tyga),"DJ Snake,J Balvin,Tyga","reggaeton, latin, ",Latin,Loco Contigo (with J. Balvin & Tyga),03:05,85180047,2019,Collaboration
1f3yAtsJtY87CTmM8RLnxf,Smells Like Teen Spirit,Nirvana,"grunge, rock",Rock,Nevermind (Deluxe Edition),05:01,239225912,2020,Solo
1f3yAtsJtY87CTmM8RLnxf,Smells Like Teen Spirit,Nirvana,"grunge, rock",Rock,Nevermind (Deluxe Edition),05:01,239225912,2021,Solo
1f5PNhkNgUpvDEeZfcIlO1,I Do (feat. SZA),"Cardi B,SZA",r&b,R&B,Invasion of Privacy,03:20,25079295,2018,Collaboration
1f5cbQtDrykjarZVrShaDI,Drowning (feat. Kodak Black),"A Boogie Wit da Hoodie,Kodak Black","melodic rap, ",Hip Hop,The Bigger Artist,03:29,57339349,2017,Collaboration
1f5cbQtDrykjarZVrShaDI,Drowning (feat. Kodak Black),"A Boogie Wit da Hoodie,Kodak Black","melodic rap, ",Hip Hop,The Bigger Artist,03:29,57339349,2018,Collaboration
1fEo7EnPl1LEn0CAy1xPL5,Have Yourself A Merry Little Christmas,Judy Garland,christmas,Jazz,ベスト・オブ・ジュディ・ガーランド,02:42,13964404,2022,Solo
1fEo7EnPl1LEn0CAy1xPL5,Have Yourself A Merry Little Christmas,Judy Garland,christmas,Jazz,ベスト・オブ・ジュディ・ガーランド,02:42,13964404,2023,Solo
1fEo7EnPl1LEn0CAy1xPL5,Have Yourself A Merry Little Christmas,Judy Garland,christmas,Jazz,ベスト・オブ・ジュディ・ガーランド,02:42,13964404,2024,Solo
1fTjqf10accJCDYstPwwZ6,Ohnana,Kapo,latin afrobeat,Latin,Ohnana,02:36,180253913,2024,Solo
1fXnu2HzxbDtoyvFPWG3Bw,Stand By Me (feat. Morgan Wallen),"Lil Durk,Morgan Wallen","drill, country",Country,Almost Healed,03:39,27752574,2023,Collaboration
1fewSx2d5KIZ04wsooEBOz,Space Cadet (feat. Gunna),"Metro Boomin,Gunna",melodic rap,Hip Hop,NOT ALL HEROES WEAR CAPES (Deluxe),03:23,72725969,2018,Collaboration
1fewSx2d5KIZ04wsooEBOz,Space Cadet (feat. Gunna),"Metro Boomin,Gunna",melodic rap,Hip Hop,NOT ALL HEROES WEAR CAPES (Deluxe),03:23,72725969,2019,Collaboration
1fipvP2zmef6vN2IwXfJhY,I’m Ready (with Demi Lovato),"Sam Smith,Demi Lovato","soft pop, ",Pop,I’m Ready (with Demi Lovato),03:20,62178413,2020,Collaboration
1foCxQtxBweJtZmdxhEHVO,Santa Baby (with Henri René & His Orchestra),"Eartha Kitt,Henri René and His Orchestra","christmas, exotica",Jazz,Heavenly Eartha,03:26,204229382,2017,Collaboration
1foCxQtxBweJtZmdxhEHVO,Santa Baby (with Henri René & His Orchestra),"Eartha Kitt,Henri René and His Orchestra","christmas, exotica",Jazz,Heavenly Eartha,03:26,204229382,2018,Collaboration
1foCxQtxBweJtZmdxhEHVO,Santa Baby (with Henri René & His Orchestra),"Eartha Kitt,Henri René and His Orchestra","christmas, exotica",Jazz,Heavenly Eartha,03:26,204229382,2019,Collaboration
1foCxQtxBweJtZmdxhEHVO,Santa Baby (with Henri René & His Orchestra),"Eartha Kitt,Henri René and His Orchestra","christmas, exotica",Jazz,Heavenly Eartha,03:26,204229382,2020,Collaboration
1foCxQtxBweJtZmdxhEHVO,Santa Baby (with Henri René & His Orchestra),"Eartha Kitt,Henri René and His Orchestra","christmas, exotica",Jazz,Heavenly Eartha,03:26,204229382,2021,Collaboration
1foCxQtxBweJtZmdxhEHVO,Santa Baby (with Henri René & His Orchestra),"Eartha Kitt,Henri René and His Orchestra","christmas, exotica",Jazz,Heavenly Eartha,03:26,204229382,2022,Collaboration
1foCxQtxBweJtZmdxhEHVO,Santa Baby (with Henri René & His Orchestra),"Eartha Kitt,Henri René and His Orchestra","christmas, exotica",Jazz,Heavenly Eartha,03:26,204229382,2023,Collaboration
1foCxQtxBweJtZmdxhEHVO,Santa Baby (with Henri René & His Orchestra),"Eartha Kitt,Henri René and His Orchestra","christmas, exotica",Jazz,Heavenly Eartha,03:26,204229382,2024,Collaboration
1fvC3CmNAbsx0V9ULMU8NB,Sarah's Place (feat. Noah Kahan),"Zach Bryan,Noah Kahan","country, red dirt, ",Country,Sarah's Place (feat. Noah Kahan),03:34,18735830,2023,Collaboration
1fxYz1s15pyZLsJT0Hdh1m,late at night,Roddy Ricch,melodic rap,Hip Hop,late at night,02:54,50750729,2021,Solo
1gH1h30wkQdd9zhY3j7a8T,THE SHADE,Rex Orange County,bedroom pop,Pop,WHO CARES?,03:01,70195821,2022,Solo
1gZFRYcPz3wKevEaNYRwfW,Time - Edit,NF,christian hip hop,Hip Hop,The Search,03:50,32679616,2019,Solo
1ga4PztXOIw1yBbdUt2X8v,GATÚBELA,"KAROL G,Maldy","reggaeton, latin, urbano latino",Latin,GATÚBELA,03:29,176405184,2022,Collaboration
1ga4PztXOIw1yBbdUt2X8v,GATÚBELA,"KAROL G,Maldy","reggaeton, latin, urbano latino",Latin,GATÚBELA,03:29,176405184,2023,Collaboration
1h9P5WJwyvK8OB7O2YiXgp,Ibiza,"Ozuna,Romeo Santos","reggaeton, latin, trap latino, urbano latino, bachata, bachata pop",Latin,Aura,03:20,88163574,2018,Collaboration
1h9P5WJwyvK8OB7O2YiXgp,Ibiza,"Ozuna,Romeo Santos","reggaeton, latin, trap latino, urbano latino, bachata, bachata pop",Latin,Aura,03:20,88163574,2019,Collaboration
1hJIbOjWpid6LtnozHmzRS,Diamonds,Sam Smith,soft pop,Pop,Love Goes,03:33,72989790,2020,Solo
1hJIbOjWpid6LtnozHmzRS,Diamonds,Sam Smith,soft pop,Pop,Love Goes,03:33,72989790,2021,Solo
1hZsWUnLbqRw09jLAMQSsb,CLASSY 101,"Feid,Young Miko","reggaeton, urbano latino, trap latino",Latin,FERXXOCALIPSIS,03:15,226993049,2023,Collaboration
1hZsWUnLbqRw09jLAMQSsb,CLASSY 101,"Feid,Young Miko","reggaeton, urbano latino, trap latino",Latin,FERXXOCALIPSIS,03:15,226993049,2024,Collaboration
1haJsMtoBhHfvuM7XWuT3W,El Azul,"Junior H,Peso Pluma","corridos tumbados, corrido, corridos bélicos, sad sierreño, sierreño, música mexicana, banda, electro corridos",Latin,El Azul,03:07,991577976,2023,Collaboration
1haJsMtoBhHfvuM7XWuT3W,El Azul,"Junior H,Peso Pluma","corridos tumbados, corrido, corridos bélicos, sad sierreño, sierreño, música mexicana, banda, electro corridos",Latin,El Azul,03:07,991577976,2024,Collaboration
1hg3RlqFZXJb5YgRoK9qmF,Gangstas,Pop Smoke,"brooklyn drill, drill, new york drill",Hip Hop,Shoot For The Stars Aim For The Moon,02:40,15634634,2020,Solo
1hoLUVBx0ixX3kn0EX0P5n,Kein Wort,"Juju,Loredana,Miksu / Macloud",german hip hop,Hip Hop,Kein Wort,02:42,18024467,2020,Collaboration
1hvpDAxZPKjKztOc72sv06,Do They Know It's Christmas? - 1984 Version,Band Aid,christmas,Jazz,Do They Know Its Christmas?,03:42,40816958,2017,Solo
1i9lZvlaDdWDPyXEE95aiq,TELEKINESIS (feat. SZA & Future),"Travis Scott,SZA,Future","rap, r&b",R&B,UTOPIA,05:53,275081650,2023,Collaboration
1iAyJBksvAI6DQEnzv8l1E,All We Got (feat. KIDDO),"Robin Schulz,KIDDO","tropical house, ",Electronic,IIII,03:10,16147229,2021,Collaboration
1iLbUmb2b2btyAAcQ68a1p,"Milo J: Bzrp Music Sessions, Vol. 57","Bizarrap,Milo j","argentine trap, trap latino, urbano latino",Hip Hop,"Milo J: Bzrp Music Sessions, Vol. 57",03:09,145554702,2023,Collaboration
1iSZPndzmY6NvL1jAtIvY1,I'm Upset,Drake,"rap, hip hop",Hip Hop,Scorpion,03:34,57709013,2018,Solo
1iSqfoUFnQwV0QW1EfUit8,Suicidal,YNW Melly,melodic rap,Hip Hop,Melly vs. Melvin,03:42,186151920,2019,Solo
1iSqfoUFnQwV0QW1EfUit8,Suicidal,YNW Melly,melodic rap,Hip Hop,Melly vs. Melvin,03:42,186151920,2020,Solo
1icgLGTpX2fQXKRe4D7w2b,BACK TO ME,"¥$,Kanye West,Ty Dolla $ign","rap, ",Hip Hop,VULTURES 1,04:55,16965857,2024,Collaboration
1imaIe1NEAaWnLF0BY0V6F,sining (feat. Jay R),"Dionela,Jay R","opm, pinoy r&b, p-pop, harana, pinoy hip hop",Traditional music,sining (feat. Jay R),03:20,94325894,2024,Collaboration
1j6xOGusnyXq3l6IryKF3G,Déjala Que Vuelva (feat. Manuel Turizo),"Piso 21,Manuel Turizo","reggaeton, colombian pop, pop urbano, latin",Pop,Ubuntu,03:40,70088380,2018,Collaboration
1jDbQz6tr52WgScCTXMnaN,POP,Lil Uzi Vert,melodic rap,Hip Hop,Eternal Atake,03:47,11314705,2020,Solo
1jHgfC8T5KxUyC5Ldw6lk9,Zona De Perigo,Léo Santana,"pagode baiano, axé, piseiro, pagode, arrocha, brazilian pop, forró",Country,Zona De Perigo,02:22,140384580,2023,Solo
1jg9clsGCDqOumfS0X5xm9,Living Proof,Camila Cabello,pop,Pop,Living Proof,03:14,12525972,2019,Solo
1jlnBQGP2DtSEhMgQaz7a7,Haute (feat. J Balvin & Chris Brown),"Tyga,J Balvin,Chris Brown","reggaeton, latin, r&b",Latin,Legendary,02:40,11936580,2019,Collaboration
1jo3TwNGCXfNdB5uba3ZVv,Killshot,Eminem,"rap, hip hop",Hip Hop,Killshot,04:13,67877240,2018,Solo
1k1Bqnv2R0uJXQN4u6LKYt,Ain't No Sunshine,Bill Withers,"soul, motown",R&B,Just As I Am,02:05,103261101,2020,Solo
1k1Bqnv2R0uJXQN4u6LKYt,Ain't No Sunshine,Bill Withers,"soul, motown",R&B,Just As I Am,02:05,103261101,2024,Solo
1kBbgxAUc4HQv7cgIayIDH,Ransom,Lil Tecca,"melodic rap, rap",Hip Hop,Ransom,02:11,178836034,2019,Solo
1kK6DwzyXJSp58u5HYWwuD,"Go Loko (feat. Tyga, Jon Z)","YG,Tyga,Jon Z","hyphy, trap latino, trap, dembow",Latin,4REAL 4REAL,04:59,140127272,2019,Collaboration
1kKYjjfNYxE0YYgLa7vgVY,Higher Love,"Kygo,Whitney Houston","tropical house, ",Electronic,Golden Hour,03:48,51369769,2020,Collaboration
1kKYjjfNYxE0YYgLa7vgVY,Higher Love,"Kygo,Whitney Houston","tropical house, ",Electronic,Golden Hour,03:48,51369769,2021,Collaboration
1kMUGCt7XLDc5Q64Vl0H8S,Bellacoso,"Residente,Bad Bunny","latin hip hop, reggaeton, trap latino, latin, urbano latino",Latin,Bellacoso,04:17,42312635,2019,Collaboration
1kPhV0KQui1phEpjnWIqUN,Smeraldo Garden Marching Band (feat. Loco),"Jimin,Loco","k-pop, k-rap",Pop,Smeraldo Garden Marching Band (feat. Loco),03:02,69622002,2024,Collaboration
1kjs5eR4DMzyB0gm1Z8waV,DANCE CRIP,Trueno,argentine trap,Hip Hop,DANCE CRIP,02:45,67683966,2021,Solo
1kjs5eR4DMzyB0gm1Z8waV,DANCE CRIP,Trueno,argentine trap,Hip Hop,DANCE CRIP,02:45,67683966,2022,Solo
1kqH58eGh2ZTOHwqBIB2tM,Una Foto Remix (feat. Emilia),"Mesita,Nicki Nicole,Tiago PZK,Emilia","rkt, turreo, argentine trap, trap, urbano latino",Hip Hop,Una Foto Remix (feat. Emilia),04:03,143582200,2024,Collaboration
1lCRw5FEZ1gPDNPzy1K4zW,We Are The Champions - Remastered 2011,Queen,"classic rock, rock, glam rock",Rock,News Of The World (2011 Remaster),02:59,14523707,2018,Solo
1lO9CZo6eDrOy0S7khgryG,No Regrets (feat. Don Toliver),"Eminem,Don Toliver","rap, hip hop, ",Hip Hop,Music To Be Murdered By,03:20,10821337,2020,Collaboration
1lOe9qE0vR9zwWQAOk6CoO,Ransom,Lil Tecca,"melodic rap, rap",Hip Hop,We Love You Tecca,02:11,391132627,2019,Solo
1lOe9qE0vR9zwWQAOk6CoO,Ransom,Lil Tecca,"melodic rap, rap",Hip Hop,We Love You Tecca,02:11,391132627,2020,Solo
1lOe9qE0vR9zwWQAOk6CoO,Ransom,Lil Tecca,"melodic rap, rap",Hip Hop,We Love You Tecca,02:11,391132627,2024,Solo
1lRtH4FszTrwwlK5gTSbXO,AMG,"Natanael Cano,Peso Pluma,Gabito Ballesteros","corridos tumbados, corrido, corridos bélicos, sad sierreño, electro corridos, sierreño, música mexicana, banda",Latin,AMG,02:54,810919968,2023,Collaboration
1lcBt7LoEikqYmhUoa2cez,number one girl,ROSÉ,k-pop,Pop,rosie,03:36,41009648,2024,Solo
1lsBTdE6MGsKeZCD6llNu7,Done for Me (feat. Kehlani),"Charlie Puth,Kehlani","soft pop, pop, ",Pop,Voicenotes,03:00,39929705,2018,Collaboration
1lxswgIpzV6HhENRvkflES,Chillax (feat. Ky-Mani Marley),"Farruko,Ky-Mani Marley","reggaeton, trap latino, latin, reggae, ragga, roots reggae",Latin,Visionary,03:17,26996409,2017,Collaboration
1m0UFnuTktOkksvjbF9z0m,Ramenez la coupe à la maison,Vegedream,"pop urbaine, shatta",Hip Hop,Marchand de sable,03:55,49077467,2021,Solo
1m0UFnuTktOkksvjbF9z0m,Ramenez la coupe à la maison,Vegedream,"pop urbaine, shatta",Hip Hop,Marchand de sable,03:55,49077467,2022,Solo
1m69ELEgE6k5ZWsap40ozt,Se Preparó,Ozuna,"reggaeton, latin, trap latino, urbano latino",Latin,Odisea,03:08,278076231,2017,Solo
1m69ELEgE6k5ZWsap40ozt,Se Preparó,Ozuna,"reggaeton, latin, trap latino, urbano latino",Latin,Odisea,03:08,278076231,2018,Solo
1mFpMoeZfkIqtqW2AfQ8ba,THE GIRLS - BLACKPINK THE GAME OST,BLACKPINK,k-pop,Pop,THE GIRLS (BLACKPINK THE GAME OST),02:42,42566572,2023,Solo
1mH6tZC6iXIHPI6EixCwxw,I Wish It Could Be Christmas Everyday,Wizzard,"christmas, glam rock",Jazz,I Wish It Could Be Christmas Everyday,04:38,40916668,2017,Solo
1mH6tZC6iXIHPI6EixCwxw,I Wish It Could Be Christmas Everyday,Wizzard,"christmas, glam rock",Jazz,I Wish It Could Be Christmas Everyday,04:38,40916668,2018,Solo
1mH6tZC6iXIHPI6EixCwxw,I Wish It Could Be Christmas Everyday,Wizzard,"christmas, glam rock",Jazz,I Wish It Could Be Christmas Everyday,04:38,40916668,2019,Solo
1mH6tZC6iXIHPI6EixCwxw,I Wish It Could Be Christmas Everyday,Wizzard,"christmas, glam rock",Jazz,I Wish It Could Be Christmas Everyday,04:38,40916668,2020,Solo
1mH6tZC6iXIHPI6EixCwxw,I Wish It Could Be Christmas Everyday,Wizzard,"christmas, glam rock",Jazz,I Wish It Could Be Christmas Everyday,04:38,40916668,2021,Solo
1mH6tZC6iXIHPI6EixCwxw,I Wish It Could Be Christmas Everyday,Wizzard,"christmas, glam rock",Jazz,I Wish It Could Be Christmas Everyday,04:38,40916668,2022,Solo
1mH6tZC6iXIHPI6EixCwxw,I Wish It Could Be Christmas Everyday,Wizzard,"christmas, glam rock",Jazz,I Wish It Could Be Christmas Everyday,04:38,40916668,2023,Solo
1mH6tZC6iXIHPI6EixCwxw,I Wish It Could Be Christmas Everyday,Wizzard,"christmas, glam rock",Jazz,I Wish It Could Be Christmas Everyday,04:38,40916668,2024,Solo
1mSviQV9iQnGSRyvTIuxAj,Problemón,"Alvaro Diaz,Rauw Alejandro","reggaeton, urbano latino, trap latino, latin",Latin,Felicilandia,03:12,51696098,2022,Collaboration
1mT47pKLXUwPYGwB91GcNz,Créeme,"KAROL G,Maluma","reggaeton, latin, urbano latino",Latin,Créeme,03:32,100952187,2018,Collaboration
1mT47pKLXUwPYGwB91GcNz,Créeme,"KAROL G,Maluma","reggaeton, latin, urbano latino",Latin,Créeme,03:32,100952187,2019,Collaboration
1mWdTewIgB3gtBM3TOSFhB,Butter,BTS,k-pop,Pop,"Butter (Hotter, Sweeter, Cooler)",02:44,188707812,2021,Solo
1mWdTewIgB3gtBM3TOSFhB,Butter,BTS,k-pop,Pop,"Butter (Hotter, Sweeter, Cooler)",02:44,188707812,2022,Solo
1mXVgsBdtIVeCLJnSnmtdV,Too Good At Goodbyes,Sam Smith,soft pop,Pop,The Thrill Of It All (Special Edition),03:21,762258123,2017,Solo
1mXVgsBdtIVeCLJnSnmtdV,Too Good At Goodbyes,Sam Smith,soft pop,Pop,The Thrill Of It All (Special Edition),03:21,762258123,2018,Solo
1mXVgsBdtIVeCLJnSnmtdV,Too Good At Goodbyes,Sam Smith,soft pop,Pop,The Thrill Of It All (Special Edition),03:21,762258123,2019,Solo
1mXVgsBdtIVeCLJnSnmtdV,Too Good At Goodbyes,Sam Smith,soft pop,Pop,The Thrill Of It All (Special Edition),03:21,762258123,2020,Solo
1mauYRwbpoGQX6itP2FAJC,Fan de Tus Fotos,"Nicky Jam,Romeo Santos","reggaeton, latin, bachata, bachata pop",Latin,Fan de Tus Fotos,03:17,53632417,2021,Collaboration
1mdJ39D1lrR3aWIOhgeNaE,Wir ticken,"Capital Bra,Samra",german hip hop,Hip Hop,Wir ticken,03:23,13784193,2019,Collaboration
1mjAD7IYvI5UGiB7WnppMf,BBL Love - Interlude,Drake,"rap, hip hop",Hip Hop,For All The Dogs,02:41,13415596,2023,Solo
1mohfLaTJtB2RplHLQVM70,La Jeepeta - Remix,"Nio Garcia,Anuel AA,Myke Towers,Brray,Juanka","reggaeton, trap latino, urbano latino, latin, neoperreo, reggaeton chileno, rkt",Latin,La Jeepeta (Remix),05:45,110664272,2020,Collaboration
1mqlc0vEP9mU1kZgTi6LIQ,September,"Earth, Wind & Fire",disco,R&B,"Now, Then & Forever",03:36,15436916,2017,Collaboration
1mqlc0vEP9mU1kZgTi6LIQ,September,"Earth, Wind & Fire",disco,R&B,"Now, Then & Forever",03:36,15436916,2018,Collaboration
1mqlc0vEP9mU1kZgTi6LIQ,September,"Earth, Wind & Fire",disco,R&B,"Now, Then & Forever",03:36,15436916,2019,Collaboration
1mrGEef8GuaEnDdw8J5BQp,"Anuel AA: Bzrp Music Sessions, Vol. 46","Bizarrap,Anuel AA","argentine trap, trap latino, urbano latino, reggaeton, latin",Hip Hop,"Anuel AA: Bzrp Music Sessions, Vol. 46",03:21,11439541,2021,Collaboration
1n4jwRVXdkK2U34nBDUKKT,BLOOD.,Kendrick Lamar,"hip hop, west coast hip hop",Hip Hop,DAMN.,01:58,22620662,2017,Solo
1nX9KhK3Fff27SnrIor2Yb,4 AM,"2 Chainz,Travis Scott","rap, southern hip hop",Hip Hop,Pretty Girls Like Trap Music,04:15,53982678,2017,Collaboration
1nYeVF5vIBxMxfPoL0SIWg,Hallucinate,Dua Lipa,pop,Pop,Future Nostalgia,03:28,22153618,2020,Solo
1ndyl3wJCFs872XZ3ztPk6,"DJ No Pare (feat. Zion, Dalex, Lenny Tavárez) - Remix","Justin Quiles,NATTI NATASHA,Farruko,Lenny Tavárez,Dalex,Zion","reggaeton, latin, urbano latino, trap latino, argentine trap",Hip Hop,"DJ No Pare (feat. Zion, Dalex, Lenny Tavárez) [Remix]",04:18,125691988,2019,Collaboration
1ndyl3wJCFs872XZ3ztPk6,"DJ No Pare (feat. Zion, Dalex, Lenny Tavárez) - Remix","Justin Quiles,NATTI NATASHA,Farruko,Lenny Tavárez,Dalex,Zion","reggaeton, latin, urbano latino, trap latino, argentine trap",Hip Hop,"DJ No Pare (feat. Zion, Dalex, Lenny Tavárez) [Remix]",04:18,125691988,2020,Collaboration
1nfyE13arjOuO54HH0zmqj,Esperándote,Manuel Turizo,"reggaeton, latin, colombian pop",Pop,Esperándote,03:19,85602918,2018,Solo
1njlnn8ZKHI77Pe9szIONR,SHEESH,BABYMONSTER,k-pop,Pop,BABYMONS7ER,02:50,116578911,2024,Solo
1nocRtwyNPVtGcIJqfgdzZ,Tutu,"Camilo,Pedro Capó","colombian pop, latin pop, latin",Pop,Tutu,02:58,246950852,2019,Collaboration
1nocRtwyNPVtGcIJqfgdzZ,Tutu,"Camilo,Pedro Capó","colombian pop, latin pop, latin",Pop,Tutu,02:58,246950852,2020,Collaboration
1oFAF1hdPOickyHgbuRjyX,Save Your Tears (Remix) (with Ariana Grande) - Bonus Track,"The Weeknd,Ariana Grande",pop,Pop,After Hours (Deluxe),03:11,620024725,2022,Collaboration
1oFAF1hdPOickyHgbuRjyX,Save Your Tears (Remix) (with Ariana Grande) - Bonus Track,"The Weeknd,Ariana Grande",pop,Pop,After Hours (Deluxe),03:11,620024725,2023,Collaboration
1oFAF1hdPOickyHgbuRjyX,Save Your Tears (Remix) (with Ariana Grande) - Bonus Track,"The Weeknd,Ariana Grande",pop,Pop,After Hours (Deluxe),03:11,620024725,2024,Collaboration
1oJ8EDr2pv94IvSd6ZmDgo,MAMA,"6ix9ine,Nicki Minaj,Kanye West",rap,Hip Hop,DUMMY BOY,03:12,43366800,2018,Collaboration
1oJ8EDr2pv94IvSd6ZmDgo,MAMA,"6ix9ine,Nicki Minaj,Kanye West",rap,Hip Hop,DUMMY BOY,03:12,43366800,2019,Collaboration
1oWkcc7hQdVYPQMyQ6AFov,Mi Bello Angel,Natanael Cano,"corridos tumbados, corrido, corridos bélicos, sad sierreño, electro corridos, sierreño, música mexicana, banda",Latin,Nata Montana,03:08,127717406,2023,Solo
1ojBtNRMzjL7ptLPZCzfRz,Thinking with My Dick (feat. Juicy J),"Kevin Gates,Juicy J","memphis rap, crunk",Hip Hop,Stranger Than Fiction,02:45,14099168,2022,Collaboration
1pacwLXyRO47ka0v6LTIiY,Raindrops (Insane) [with Travis Scott],"Metro Boomin,Travis Scott",rap,Hip Hop,HEROES & VILLAINS,03:08,16988880,2022,Collaboration
1pfgsjmxVZhoZpeDx6POKv,Bones (feat. OneRepublic),"Galantis,OneRepublic",soft pop,Pop,Bones (feat. OneRepublic),03:25,17583158,2019,Collaboration
1piak4R3yW4otWWyaSqyCH,El Tsurito,"Junior H,Peso Pluma,Gabito Ballesteros","corridos tumbados, corrido, corridos bélicos, sad sierreño, sierreño, música mexicana, banda, electro corridos",Latin,El Tsurito,03:14,70799068,2023,Collaboration
1pnDvUuAEd6z8bKEsbAjk1,We Don't Trust You,"Future,Metro Boomin","rap, ",Hip Hop,WE DON'T TRUST YOU,03:46,30922095,2024,Collaboration
1pqnQ41XbfKjaFu6M0eGJp,Agua (with J Balvin) - Music From  Sponge On The Run  Movie,"Tainy,J Balvin","reggaeton, latin",Latin,Agua (with J Balvin) [Music From  Sponge On The Run  Movie],02:37,203570671,2020,Collaboration
1pymWRCuZfCd0zdiBJo0Hj,REAL GANGSTA LOVE,Trueno,argentine trap,Hip Hop,EL ÚLTIMO BAILE,02:25,295125739,2024,Solo
1q0PYXTbDsirp2l74ng6pn,In Da Getto,"J Balvin,Skrillex","reggaeton, latin, dubstep, edm, electro, electronic",Electronic,JOSE,02:10,131286416,2021,Collaboration
1q0PYXTbDsirp2l74ng6pn,In Da Getto,"J Balvin,Skrillex","reggaeton, latin, dubstep, edm, electro, electronic",Electronic,JOSE,02:10,131286416,2022,Collaboration
1qE8DOtw7zdXHMgZm20eLM,The Feels,TWICE,k-pop,Pop,Formula of Love: O+T=<3,03:18,69324722,2021,Solo
1qE8DOtw7zdXHMgZm20eLM,The Feels,TWICE,k-pop,Pop,Formula of Love: O+T=<3,03:18,69324722,2022,Solo
1qMMYpVatbRITKCfq1gasi,PUFFIN ON ZOOTIEZ,Future,rap,Hip Hop,I NEVER LIKED YOU,02:52,50399481,2022,Solo
1qOLh0tI7trd1zdDKxYZTe,Starving,"Hailee Steinfeld,Grey,Zedd",edm,Electronic,HAIZ,03:01,212348869,2017,Collaboration
1qwMkkRiD5jqLeUUjfgblh,Lock It Up (feat. Anderson .Paak),"Eminem,Anderson .Paak","rap, hip hop, ",Hip Hop,Music To Be Murdered By,02:50,10662701,2020,Collaboration
1rCcsYnmqbMYdkG7kS9GC5,Speechless (feat. Erika Sirola),"Robin Schulz,Erika Sirola","tropical house, ",Electronic,Speechless (feat. Erika Sirola),03:34,74936100,2019,Collaboration
1rXq0uoV4KTgRN64jXzIxo,One Thing At A Time,Morgan Wallen,country,Country,One Thing At A Time,03:26,38365276,2023,Solo
1rfofaqEpACxVEHIZBJe6W,Havana (feat. Young Thug),"Camila Cabello,Young Thug","pop, rap, melodic rap, trap",Hip Hop,Camila,03:37,758291461,2018,Collaboration
1rfofaqEpACxVEHIZBJe6W,Havana (feat. Young Thug),"Camila Cabello,Young Thug","pop, rap, melodic rap, trap",Hip Hop,Camila,03:37,758291461,2019,Collaboration
1rfofaqEpACxVEHIZBJe6W,Havana (feat. Young Thug),"Camila Cabello,Young Thug","pop, rap, melodic rap, trap",Hip Hop,Camila,03:37,758291461,2020,Collaboration
1ri9ZUkBJVFUdgwzCnfcYs,MAMIII,"Becky G,KAROL G","reggaeton, latin, urbano latino",Latin,MAMIII,03:46,243217751,2022,Collaboration
1rqqCSm0Qe4I9rUvWncaom,High Hopes,Panic! At The Disco,emo,Rock,Pray for the Wicked,03:10,818135061,2018,Solo
1rqqCSm0Qe4I9rUvWncaom,High Hopes,Panic! At The Disco,emo,Rock,Pray for the Wicked,03:10,818135061,2019,Solo
1rqqCSm0Qe4I9rUvWncaom,High Hopes,Panic! At The Disco,emo,Rock,Pray for the Wicked,03:10,818135061,2020,Solo
1rv46mRwDqMEhOBZ7vODg3,It's Beginning to Look a Lot like Christmas,Michael Bublé,christmas,Jazz,Christmas (Deluxe Special Edition),03:27,541407750,2022,Solo
1rv46mRwDqMEhOBZ7vODg3,It's Beginning to Look a Lot like Christmas,Michael Bublé,christmas,Jazz,Christmas (Deluxe Special Edition),03:27,541407750,2023,Solo
1rv46mRwDqMEhOBZ7vODg3,It's Beginning to Look a Lot like Christmas,Michael Bublé,christmas,Jazz,Christmas (Deluxe Special Edition),03:27,541407750,2024,Solo
1s2B5cndbqK8rPJEIcKJRQ,Vaina Loca,"Ozuna,Manuel Turizo","reggaeton, latin, trap latino, urbano latino, colombian pop",Pop,Vaina Loca,02:56,84486175,2018,Collaboration
1s7oOCT8vauUh01PbJD6ps,Calm Down (with Selena Gomez),"Rema,Selena Gomez","afrobeats, afrobeat, afropop, afropiano, pop",Traditional music,Rave & Roses Ultra,03:59,1154507923,2023,Collaboration
1s7oOCT8vauUh01PbJD6ps,Calm Down (with Selena Gomez),"Rema,Selena Gomez","afrobeats, afrobeat, afropop, afropiano, pop",Traditional music,Rave & Roses Ultra,03:59,1154507923,2024,Collaboration
1sBhJGPUKrdRycgKxve70v,Hot2Touch,"Felix Jaehn,Hight,Alex Aiono","tropical house, ",Electronic,Hot2Touch,02:40,36175819,2017,Collaboration
1sCxVKWImDZSZKvG0U9B23,Bad Liar,Selena Gomez,pop,Pop,Bad Liar,03:34,209204910,2017,Solo
1sGl3liCZn91OcFpjOJXIE,Do You Hear What I Hear,Bing Crosby,christmas,Jazz,Christmas Eve with Bing Crosby,02:47,11931296,2023,Solo
1sPLURKAosM3Jampgp9AWq,Sandra’s Rose,Drake,"rap, hip hop",Hip Hop,Scorpion,03:36,28917178,2018,Solo
1sXr6moCwVxwKEgSPxhVvF,Apaga El Cel,"Calle 24,Chino Pacas","corrido, corridos tumbados, corridos bélicos, electro corridos, sad sierreño, música mexicana",Latin,Apaga El Cel,02:50,35810118,2024,Collaboration
1sgDyuLooyvEML4oHspNza,Lose Somebody,"Kygo,OneRepublic","tropical house, soft pop",Pop,Golden Hour,03:19,155818374,2020,Collaboration
1t9WgS8FN0534tLBRwbaxO,Whoopty,CJ,dembow,Latin,Loyalty Over Royalty,02:03,177586566,2021,Solo
1tkg4EHVoqnhR6iFEXb60y,What You Know Bout Love,Pop Smoke,"brooklyn drill, drill, new york drill",Hip Hop,Shoot For The Stars Aim For The Moon,02:40,581103859,2020,Solo
1tkg4EHVoqnhR6iFEXb60y,What You Know Bout Love,Pop Smoke,"brooklyn drill, drill, new york drill",Hip Hop,Shoot For The Stars Aim For The Moon,02:40,581103859,2021,Solo
1tp1xMJ1uaOktksskS0Fzs,Curve (feat. The Weeknd),"Gucci Mane,The Weeknd","southern hip hop, rap, trap, ",Hip Hop,Curve (feat. The Weeknd),02:41,15537035,2017,Collaboration
1tpbAGsGpZee5jDHMcLrUJ,Bellaquita,"Dalex,Lenny Tavárez","reggaeton, urbano latino, trap latino, argentine trap",Hip Hop,Bellaquita,03:24,31878920,2019,Collaboration
1tz4np70ZKhzaXjdgl0J8i,PAID,"Kanye West,Ty Dolla $ign","rap, ",Hip Hop,VULTURES 1,03:15,13328901,2024,Collaboration
1u9oZzM8CTeCMXsdTXaOtY,Ali Cabbar,Emir Can İğrek,turkish pop,Pop,Parti İptal,03:09,21261378,2023,Solo
1uA914Md6wsy9NDryyBypH,Man Of The Year,Juice WRLD,"melodic rap, emo rap",Hip Hop,Legends Never Die,02:16,18328631,2020,Solo
1uFAI2C6r3YBQmXCAPGzZv,PASAJERO,Mora,"urbano latino, reggaeton, trap latino",Latin,ESTRELLA,02:29,12713894,2023,Solo
1uFW6czrHk5PsK3s6gOI7C,Se Fue,"Rauw Alejandro,Laura Pausini","reggaeton, urbano latino, trap latino, latin, latin pop, italo dance",Pop,Cosa Nuestra,04:00,27776878,2024,Collaboration
1uL78kFWxhz3umTMWJu8n5,Sauce It Up,Lil Uzi Vert,melodic rap,Hip Hop,Luv Is Rage 2,03:27,47678436,2017,Solo
1uMHCAyGmHqyygoNRuo7MV,edamame,"bbno$,Rich Brian","meme rap, ",Hip Hop,edamame,02:13,49241255,2021,Collaboration
1uh1iaMqBdx4XyrXhssKGD,It's Beginning To Look A Lot Like Christmas,Bing Crosby,christmas,Jazz,Christmas,02:44,19888554,2020,Solo
1uh1iaMqBdx4XyrXhssKGD,It's Beginning To Look A Lot Like Christmas,Bing Crosby,christmas,Jazz,Christmas,02:44,19888554,2021,Solo
1uh1iaMqBdx4XyrXhssKGD,It's Beginning To Look A Lot Like Christmas,Bing Crosby,christmas,Jazz,Christmas,02:44,19888554,2022,Solo
1uh1iaMqBdx4XyrXhssKGD,It's Beginning To Look A Lot Like Christmas,Bing Crosby,christmas,Jazz,Christmas,02:44,19888554,2023,Solo
1uru26I2JKd2mQZt0MDCUe,Empty Space,James Arthur,soft pop,Pop,Empty Space,03:34,14917659,2018,Solo
1uxiaf3DUS4vpOqNGu4MzL,LA DURANGO,"Peso Pluma,Junior H,Eslabon Armado","corrido, corridos tumbados, corridos bélicos, música mexicana, sad sierreño, electro corridos, banda, sierreño",Latin,LA DURANGO,04:22,20551494,2024,Collaboration
1v1IXPXl73Z7zy6f5tUa9n,Emotionless,Drake,"rap, hip hop",Hip Hop,Scorpion,05:02,50319931,2018,Solo
1v1oIWf2Xgh54kIWuKsDf6,Runaway,AURORA,"norwegian pop, art pop",Pop,All My Demons Greeting Me As A Friend (Deluxe),04:08,196525293,2021,Solo
1v7L65Lzy0j0vdpRjJewt1,Lose Yourself,Eminem,"rap, hip hop",Hip Hop,Just Lose It,05:22,725103567,2020,Solo
1v7L65Lzy0j0vdpRjJewt1,Lose Yourself,Eminem,"rap, hip hop",Hip Hop,Just Lose It,05:22,725103567,2022,Solo
1v7L65Lzy0j0vdpRjJewt1,Lose Yourself,Eminem,"rap, hip hop",Hip Hop,Just Lose It,05:22,725103567,2023,Solo
1v7L65Lzy0j0vdpRjJewt1,Lose Yourself,Eminem,"rap, hip hop",Hip Hop,Just Lose It,05:22,725103567,2024,Solo
1vG3YuKRYqPwTmNmYgqkpg,Liberdade Provisória - Ao Vivo,Henrique & Juliano,"sertanejo, sertanejo universitário, arrocha, agronejo",Country,Liberdade Provisória (Ao Vivo),03:07,44196020,2019,Solo
1vG3YuKRYqPwTmNmYgqkpg,Liberdade Provisória - Ao Vivo,Henrique & Juliano,"sertanejo, sertanejo universitário, arrocha, agronejo",Country,Liberdade Provisória (Ao Vivo),03:07,44196020,2020,Solo
1vYXt7VSjH9JIM5oRRo7vA,Dance The Night - From Barbie The Album,Dua Lipa,pop,Pop,Dance The Night (From Barbie The Album),02:56,1396224842,2023,Solo
1vYXt7VSjH9JIM5oRRo7vA,Dance The Night - From Barbie The Album,Dua Lipa,pop,Pop,Dance The Night (From Barbie The Album),02:56,1396224842,2024,Solo
1vvNmPOiUuyCbgWmtc6yfm,My Way,Calvin Harris,edm,Electronic,My Way,03:39,144228211,2017,Solo
1vvcEHQdaUTvWt0EIUYcFK,"Angel Pt. 1 (feat. Jimin of BTS, JVKE & Muni Long)","Kodak Black,NLE Choppa,Jimin,JVKE,Muni Long,Fast & Furious: The Fast Saga","k-pop, phonk, drift phonk",Electronic,"Angel Pt. 1 (feat. Jimin of BTS, JVKE & Muni Long) [Trailer Version]",02:55,194842222,2023,Collaboration
1wFFFzJ5EsKbBWZriAcubN,Family Matters,Drake,"rap, hip hop",Hip Hop,Family Matters,07:36,54161299,2024,Solo
1wJRveJZLSb1rjhnUHQiv6,Swervin (feat. 6ix9ine),"A Boogie Wit da Hoodie,6ix9ine","melodic rap, ",Hip Hop,Hoodie SZN,03:09,349631682,2018,Collaboration
1wJRveJZLSb1rjhnUHQiv6,Swervin (feat. 6ix9ine),"A Boogie Wit da Hoodie,6ix9ine","melodic rap, ",Hip Hop,Hoodie SZN,03:09,349631682,2019,Collaboration
1wUnuiXMMvhudmzvcCtlZP,Get Up,NewJeans,k-pop,Pop,NewJeans 2nd EP 'Get Up',00:36,21142854,2023,Solo
1whKKdtCiFjN7MW7DrIRUH,Lan,Zeynep Bastık,"turkish pop, turkish hip hop, t-pop",Pop,Lan,03:16,36952223,2024,Solo
1wsLHgXJ4SKIfd5ePSX1hD,Polaroid,"Jonas Blue,Liam Payne,Lennon Stella","tropical house, ",Electronic,Polaroid,03:13,13218553,2018,Collaboration
1wubETHu3SeJHfbz9itEH0,Última Saudade - Ao Vivo,Henrique & Juliano,"sertanejo, sertanejo universitário, arrocha, agronejo",Country,Manifesto Musical 2 (Ao Vivo / EP1),02:30,29247750,2024,Solo
1x3Qb8np6S1UvpSLthwEJN,MI FAI IMPAZZIRE,"BLANCO,Sfera Ebbasta","italian trap, trap",Hip Hop,MI FAI IMPAZZIRE,03:40,23901235,2021,Collaboration
1xK1Gg9SxG8fy2Ya373oqb,Bandido,"Myke Towers,Juhn","reggaeton, trap latino, urbano latino",Latin,Bandido,03:52,433748141,2020,Collaboration
1xK1Gg9SxG8fy2Ya373oqb,Bandido,"Myke Towers,Juhn","reggaeton, trap latino, urbano latino",Latin,Bandido,03:52,433748141,2021,Collaboration
1xWH8zYtDeS9mW1JJG23VZ,R.E.M,Ariana Grande,pop,Pop,Sweetener,04:05,15628733,2018,Solo
1xYpVRspgaLxdJLOTQkTjg,STOP TRYING TO BE GOD,Travis Scott,rap,Hip Hop,ASTROWORLD,05:38,29028703,2018,Solo
1xbtojAZsQjOgiGdGX6ChU,Ransom,Lil Tecca,"melodic rap, rap",Hip Hop,Ransom,02:11,28852921,2019,Solo
1xcOYJxDa5pObgxY1r0I9c,I'm Sorry,Lil Uzi Vert,melodic rap,Hip Hop,Eternal Atake,03:31,14787773,2020,Solo
1xgWArLVFD1AKsLzftZYc2,Elvira,"Oscar Maydon,Gabito Ballesteros,Chino Pacas","corridos tumbados, corrido, corridos bélicos, electro corridos, sad sierreño, banda, música mexicana",Latin,DISTORSIÓN,03:16,87102339,2024,Collaboration
1xmvq1fYLs9TEgikaFilGW,Thick Of It (feat. Trippie Redd),"KSI,Trippie Redd",melodic rap,Hip Hop,Thick Of It (feat. Trippie Redd) / Low,02:40,15136802,2024,Collaboration
1xs8bOvm3IzEYmcLJVOc34,Rush,Ayra Starr,"afrobeats, afrobeat, afropop, afropiano, afro soul",R&B,19 & Dangerous (Deluxe),03:05,48003618,2023,Solo
1xznGGDReH1oQq0xzbwXa3,One Dance,"Drake,Wizkid,Kyla","rap, hip hop, afrobeats, afrobeat, afropop, azonto, afroswing, afropiano, dancehall, ",Traditional music,Views,02:53,470401971,2017,Collaboration
1xznGGDReH1oQq0xzbwXa3,One Dance,"Drake,Wizkid,Kyla","rap, hip hop, afrobeats, afrobeat, afropop, azonto, afroswing, afropiano, dancehall, ",Traditional music,Views,02:53,470401971,2018,Collaboration
1yeB8MUNeLo9Ek1UEpsyz6,Rich Baby Daddy (feat. Sexyy Red & SZA),"Drake,Sexyy Red,SZA","rap, hip hop, r&b",Hip Hop,For All The Dogs,05:19,417168697,2023,Collaboration
1yeB8MUNeLo9Ek1UEpsyz6,Rich Baby Daddy (feat. Sexyy Red & SZA),"Drake,Sexyy Red,SZA","rap, hip hop, r&b",Hip Hop,For All The Dogs,05:19,417168697,2024,Collaboration
1ymWIr4E5x6xORlDO0bXlP,Tobey (feat. Big Sean and BabyTron),"Eminem,Big Sean,BabyTron","rap, hip hop, ",Hip Hop,The Death of Slim Shady (Coup De Grâce),04:44,24530413,2024,Collaboration
1yoMvmasuxZfqHEipJhRbp,Hawái,Maluma,"reggaeton, latin, urbano latino",Latin,PAPI JUANCHO,03:19,762156362,2020,Solo
1yoMvmasuxZfqHEipJhRbp,Hawái,Maluma,"reggaeton, latin, urbano latino",Latin,PAPI JUANCHO,03:19,762156362,2021,Solo
1yoMvmasuxZfqHEipJhRbp,Hawái,Maluma,"reggaeton, latin, urbano latino",Latin,PAPI JUANCHO,03:19,762156362,2022,Solo
1yxcKrEcxt4O03IIC25yHk,Winter Wonderland,Tony Bennett,"vocal jazz, christmas, big band, adult standards, jazz",Easy listening,Snowfall: The Tony Bennett Christmas Album,02:13,26618066,2021,Solo
1yxcKrEcxt4O03IIC25yHk,Winter Wonderland,Tony Bennett,"vocal jazz, christmas, big band, adult standards, jazz",Easy listening,Snowfall: The Tony Bennett Christmas Album,02:13,26618066,2022,Solo
1yxcKrEcxt4O03IIC25yHk,Winter Wonderland,Tony Bennett,"vocal jazz, christmas, big band, adult standards, jazz",Easy listening,Snowfall: The Tony Bennett Christmas Album,02:13,26618066,2023,Solo
1yxcKrEcxt4O03IIC25yHk,Winter Wonderland,Tony Bennett,"vocal jazz, christmas, big band, adult standards, jazz",Easy listening,Snowfall: The Tony Bennett Christmas Album,02:13,26618066,2024,Solo
1yxgsra98r3qAtxqiGZPiX,BUTTERFLY EFFECT,Travis Scott,rap,Hip Hop,BUTTERFLY EFFECT,03:10,332955285,2017,Solo
1yxgsra98r3qAtxqiGZPiX,BUTTERFLY EFFECT,Travis Scott,rap,Hip Hop,BUTTERFLY EFFECT,03:10,332955285,2018,Solo
1z5ebC9238uGoBgzYyvGpQ,toxic till the end,ROSÉ,k-pop,Pop,rosie,02:36,66693391,2024,Solo
1zayuwd1YLZsYDArkruHdL,The Heart Part 4,Kendrick Lamar,"hip hop, west coast hip hop",Hip Hop,The Heart Part 4,04:48,21411453,2017,Solo
1zi7xx7UVEFkmKfv06H8x0,One Dance,"Drake,Wizkid,Kyla","rap, hip hop, afrobeats, afrobeat, afropop, azonto, afroswing, afropiano, dancehall, ",Traditional music,Views,02:53,1447144769,2018,Collaboration
1zi7xx7UVEFkmKfv06H8x0,One Dance,"Drake,Wizkid,Kyla","rap, hip hop, afrobeats, afrobeat, afropop, azonto, afroswing, afropiano, dancehall, ",Traditional music,Views,02:53,1447144769,2019,Collaboration
1zi7xx7UVEFkmKfv06H8x0,One Dance,"Drake,Wizkid,Kyla","rap, hip hop, afrobeats, afrobeat, afropop, azonto, afroswing, afropiano, dancehall, ",Traditional music,Views,02:53,1447144769,2020,Collaboration
1zi7xx7UVEFkmKfv06H8x0,One Dance,"Drake,Wizkid,Kyla","rap, hip hop, afrobeats, afrobeat, afropop, azonto, afroswing, afropiano, dancehall, ",Traditional music,Views,02:53,1447144769,2021,Collaboration
1zi7xx7UVEFkmKfv06H8x0,One Dance,"Drake,Wizkid,Kyla","rap, hip hop, afrobeats, afrobeat, afropop, azonto, afroswing, afropiano, dancehall, ",Traditional music,Views,02:53,1447144769,2022,Collaboration
1zi7xx7UVEFkmKfv06H8x0,One Dance,"Drake,Wizkid,Kyla","rap, hip hop, afrobeats, afrobeat, afropop, azonto, afroswing, afropiano, dancehall, ",Traditional music,Views,02:53,1447144769,2023,Collaboration
1zi7xx7UVEFkmKfv06H8x0,One Dance,"Drake,Wizkid,Kyla","rap, hip hop, afrobeats, afrobeat, afropop, azonto, afroswing, afropiano, dancehall, ",Traditional music,Views,02:53,1447144769,2024,Collaboration
1zsG4eaZmkA1dvjDDsAGLK,Échame La Culpa,"Luis Fonsi,Demi Lovato","latin, ",Latin,Échame La Culpa,02:53,415676599,2017,Collaboration
1zsG4eaZmkA1dvjDDsAGLK,Échame La Culpa,"Luis Fonsi,Demi Lovato","latin, ",Latin,Échame La Culpa,02:53,415676599,2018,Collaboration
1zsPaEkglFvxjAhrM8yhpr,Hey Mor,"Ozuna,Feid","reggaeton, latin, trap latino, urbano latino",Latin,OzuTochi,03:16,1333718378,2022,Collaboration
1zsPaEkglFvxjAhrM8yhpr,Hey Mor,"Ozuna,Feid","reggaeton, latin, trap latino, urbano latino",Latin,OzuTochi,03:16,1333718378,2023,Collaboration
1zv3WFUbZ5vPxFq9I2jAU1,We Found Love,"Rihanna,Calvin Harris",edm,Electronic,Talk That Talk (Explicit),03:35,1057848834,2022,Collaboration
1zv3WFUbZ5vPxFq9I2jAU1,We Found Love,"Rihanna,Calvin Harris",edm,Electronic,Talk That Talk (Explicit),03:35,1057848834,2023,Collaboration
1zv3WFUbZ5vPxFq9I2jAU1,We Found Love,"Rihanna,Calvin Harris",edm,Electronic,Talk That Talk (Explicit),03:35,1057848834,2024,Collaboration
200cTjC6si5Xz9af2QeHi2,Wolke 10,MERO,"german hip hop, turkish hip hop",Hip Hop,YA HERO YA MERO,02:52,15395306,2019,Solo
204U3zjm9kkzX25Pr4Rdld,Kelly Price (feat. Travis Scott),"Migos,Travis Scott","trap, rap",Hip Hop,Culture,06:03,13592384,2017,Collaboration
205HNJ73cgpC0LAOnuQiWT,Bande organisée,"Kofs,Soso Maness,Elams,Jul,SCH,Naps,Solda,Houari,13 Organisé","pop urbaine, chicha",Latin,Bande organisée,05:56,46199896,2020,Collaboration
209gZgcfLq2aUuu51vOWBl,Hey DJ,"CNCO,Yandel","reggaeton, latin, urbano latino",Latin,Hey DJ,03:25,203245470,2017,Collaboration
209gZgcfLq2aUuu51vOWBl,Hey DJ,"CNCO,Yandel","reggaeton, latin, urbano latino",Latin,Hey DJ,03:25,203245470,2018,Collaboration
20H2Hd5AkUcRjB4yL3UQtJ,Down,"Fifth Harmony,Gucci Mane","pop, southern hip hop, rap, trap",Pop,Fifth Harmony,02:45,15852028,2017,Collaboration
20McUFi8KCIVdNDLrkTDuZ,Goosebumps,HVME,slap house,Electronic,Goosebumps,02:43,188821386,2020,Solo
20McUFi8KCIVdNDLrkTDuZ,Goosebumps,HVME,slap house,Electronic,Goosebumps,02:43,188821386,2021,Solo
20MuVazoNMv6xjKPnRFOxG,WAKE UP,Travis Scott,rap,Hip Hop,ASTROWORLD,03:51,34722274,2018,Solo
20ZAJdsKB5IGbGj4ilRt2o,Dile Que Tu Me Quieres,Ozuna,"reggaeton, latin, trap latino, urbano latino",Latin,Dile Que Tu Me Quieres,03:46,65334109,2017,Solo
20dP2DaMHIAmwWAbp7peSr,pick up the phone,"Young Thug,Travis Scott","rap, melodic rap, trap",Hip Hop,Birds In The Trap Sing McKnight,04:12,38839161,2017,Collaboration
20on25jryn53hWghthWWW3,Do It To It,"ACRAZE,Cherish","tech house, ",Electronic,Do It To It,02:37,463480303,2021,Collaboration
20on25jryn53hWghthWWW3,Do It To It,"ACRAZE,Cherish","tech house, ",Electronic,Do It To It,02:37,463480303,2022,Collaboration
210JJAa9nJOgNa0YNrsT5g,GODS,"League of Legends,NewJeans",k-pop,Pop,GODS,03:40,44242718,2023,Collaboration
21AJQhGZpujjZQXByZAXpr,REPEAT IT (with Gunna),"Lil Tecca,Gunna","melodic rap, rap",Hip Hop,REPEAT IT,03:10,13511325,2021,Collaboration
21LCotDEwR7R8qOnqPVzi9,Evil,Eminem,"rap, hip hop",Hip Hop,The Death of Slim Shady (Coup De Grâce),03:50,14804135,2024,Solo
21N4Buj4xsyLb218lYle61,Chica Ideal,"Sebastian Yatra,Guaynaa","colombian pop, reggaeton, latin",Pop,Chica Ideal,03:03,222134265,2020,Collaboration
21N4Buj4xsyLb218lYle61,Chica Ideal,"Sebastian Yatra,Guaynaa","colombian pop, reggaeton, latin",Pop,Chica Ideal,03:03,222134265,2021,Collaboration
21N77gfWYoQDvrLvaeiQgi,BABY HELLO,"Rauw Alejandro,Bizarrap","reggaeton, urbano latino, trap latino, latin, argentine trap",Hip Hop,PLAYA SATURNO,03:42,172241008,2023,Collaboration
21UkXrc9kD48rNpTMI2ecz,NEVER LEFT,Lil Tecca,"melodic rap, rap",Hip Hop,NEVER LEFT,02:48,32591051,2021,Solo
21YnmkSDhUkmkkni22Svc4,In My Blood,Shawn Mendes,pop,Pop,Shawn Mendes,03:31,104210440,2018,Solo
224EVTFiLsdQignUFLvDeH,Pa Mí - Remix,"Dalex,Rafa Pabön,KHEA,Sech,Cazzu,Feid,Lenny Tavárez","reggaeton, argentine trap, trap, trap latino, urbano latino, turreo",Hip Hop,Pa Mí (Remix),06:00,123812842,2019,Collaboration
228BxWXUYQPJrJYHDLOHkj,Gasolina,Daddy Yankee,"reggaeton, latin",Latin,Barrio Fino (Bonus Track Version),03:12,88180936,2023,Solo
22An65gG31JLf9n18qjdhZ,BAD!,XXXTENTACION,emo rap,Hip Hop,SKINS,01:34,74810195,2018,Solo
22An65gG31JLf9n18qjdhZ,BAD!,XXXTENTACION,emo rap,Hip Hop,SKINS,01:34,74810195,2019,Solo
22LAwLoDA5b4AaGSkg6bKW,Blueberry Faygo,Lil Mosey,melodic rap,Hip Hop,Certified Hitmaker,02:42,784563844,2020,Solo
22LAwLoDA5b4AaGSkg6bKW,Blueberry Faygo,Lil Mosey,melodic rap,Hip Hop,Certified Hitmaker,02:42,784563844,2021,Solo
22Sh5dlwbERqJAq1fZk5b2,De Cora <3,"Rauw Alejandro,J Balvin","reggaeton, urbano latino, trap latino, latin",Latin,Afrodisíaco,03:10,43384059,2020,Collaboration
22Sh5dlwbERqJAq1fZk5b2,De Cora <3,"Rauw Alejandro,J Balvin","reggaeton, urbano latino, trap latino, latin",Latin,Afrodisíaco,03:10,43384059,2021,Collaboration
22dUzMFttcR3uU17NcOAIv,Desire (with Sam Smith),"Calvin Harris,Sam Smith","edm, soft pop",Electronic,Desire (with Sam Smith),02:59,47153998,2023,Collaboration
22eADXu8DfOAUEDw4vU8qy,Ahora Dice,"Chris Jedi,J Balvin,Ozuna,Arcángel","trap latino, reggaeton, urbano latino, latin",Latin,Ahora Dice,04:31,274055347,2017,Collaboration
22eADXu8DfOAUEDw4vU8qy,Ahora Dice,"Chris Jedi,J Balvin,Ozuna,Arcángel","trap latino, reggaeton, urbano latino, latin",Latin,Ahora Dice,04:31,274055347,2018,Collaboration
22oEJW6r2rMb9z4IntfyEa,"Hey Look Ma, I Made It",Panic! At The Disco,emo,Rock,Pray for the Wicked,02:49,29740973,2018,Solo
22oEJW6r2rMb9z4IntfyEa,"Hey Look Ma, I Made It",Panic! At The Disco,emo,Rock,Pray for the Wicked,02:49,29740973,2019,Solo
22sAwsBH0NoNJXnrBenQuO,Sem Aliança no Dedo,"MC Xenon,Os Gemeos da Putaria","funk, funk de bh, funk consciente, brazilian funk",Hip Hop,Sem Aliança no Dedo,02:00,40075452,2023,Collaboration
2374M0fQpWi3dLnB54qaLX,Africa,TOTO,soft rock,Rock,Toto IV,04:55,369206514,2017,Solo
2374M0fQpWi3dLnB54qaLX,Africa,TOTO,soft rock,Rock,Toto IV,04:55,369206514,2018,Solo
2374M0fQpWi3dLnB54qaLX,Africa,TOTO,soft rock,Rock,Toto IV,04:55,369206514,2019,Solo
2374M0fQpWi3dLnB54qaLX,Africa,TOTO,soft rock,Rock,Toto IV,04:55,369206514,2020,Solo
2374M0fQpWi3dLnB54qaLX,Africa,TOTO,soft rock,Rock,Toto IV,04:55,369206514,2024,Solo
23Lyy7ZXRvzfgH4JtDkKrX,No Se Va - EN VIVO,Grupo Frontera,"cumbia norteña, banda, norteño, música mexicana, corrido, corridos tumbados, grupera, corridos bélicos, tejano",Latin,No Se Va (EN VIVO),03:14,296563381,2022,Solo
23Lyy7ZXRvzfgH4JtDkKrX,No Se Va - EN VIVO,Grupo Frontera,"cumbia norteña, banda, norteño, música mexicana, corrido, corridos tumbados, grupera, corridos bélicos, tejano",Latin,No Se Va (EN VIVO),03:14,296563381,2023,Solo
23OYT3SFtoJqhiAUqktbc1,No Return (with The Kid LAROI & Lil Durk),"Polo G,The Kid LAROI,Lil Durk",drill,Hip Hop,Hall of Fame,02:48,13516398,2021,Collaboration
23XjN1s3DZC8Q9ZwuorYY4,TE DESEO LO MEJOR,Bad Bunny,"reggaeton, trap latino, latin, urbano latino",Latin,EL ÚLTIMO TOUR DEL MUNDO,02:19,21673177,2020,Solo
23Z3bbYcl1PdcPJemLa4zc,Flight's Booked,Drake,"rap, hip hop",Hip Hop,"Honestly, Nevermind",04:14,12250742,2022,Solo
23d8v6tU6lR77pFKsApMtF,NADIE SABE,Bad Bunny,"reggaeton, trap latino, latin, urbano latino",Latin,nadie sabe lo que va a pasar mañana,06:19,65630286,2023,Solo
23luOrEVHMfoX0AhfbQuS6,FEAR.,Kendrick Lamar,"hip hop, west coast hip hop",Hip Hop,DAMN.,07:40,25757943,2017,Solo
249gnXrbfmV8NG6jTEMSwD,Life Goes On,BTS,k-pop,Pop,BE,03:27,247985471,2020,Solo
249gnXrbfmV8NG6jTEMSwD,Life Goes On,BTS,k-pop,Pop,BE,03:27,247985471,2021,Solo
24FUBxaAYSBlWsbSnEzDcn,Members Only (feat. PARTYNEXTDOOR),"Drake,PARTYNEXTDOOR","rap, hip hop, r&b",Hip Hop,For All The Dogs,04:37,24717436,2023,Collaboration
24IgCW19L8lXKyFZwzFtD3,MAMACITA,"Black Eyed Peas,Ozuna,J. Rey Soul","reggaeton, latin, trap latino, urbano latino, ",Latin,Translation,04:11,210937153,2020,Collaboration
24NuEDgyRIljwSyY0lsr7b,Black Swan,BTS,k-pop,Pop,Black Swan,03:18,49200099,2020,Solo
24Yi9hE78yPEbZ4kxyoXAI,Roses - Imanbek Remix,"SAINt JHN,Imanbek",slap house,Electronic,Roses (Imanbek Remix),02:56,737501426,2019,Collaboration
24Yi9hE78yPEbZ4kxyoXAI,Roses - Imanbek Remix,"SAINt JHN,Imanbek",slap house,Electronic,Roses (Imanbek Remix),02:56,737501426,2020,Collaboration
24bnCCysWnbNRNUT4LpHcP,Everything We Need,"Kanye West,Ty Dolla $ign,Ant Clemons","rap, ",Hip Hop,JESUS IS KING,01:56,20048663,2019,Collaboration
24ySl2hOPGCDcxBxFIqWBu,Rain On Me (with Ariana Grande),"Lady Gaga,Ariana Grande","art pop, pop",Pop,Rain On Me (with Ariana Grande),03:02,37489797,2020,Collaboration
2500EpUpryOBJX0rO8fDuB,A Tu Manera,"Junior H,Peso Pluma","corridos tumbados, corrido, corridos bélicos, sad sierreño, sierreño, música mexicana, banda, electro corridos",Latin,A Tu Manera,04:21,15075901,2024,Collaboration
25141FAgU1OmwoC9W2i5E3,Rolê,"Tarcísio do Acordeon,Marcynho Sensação","piseiro, forró, arrocha, sertanejo, seresta, brega",Country,Rolê,02:54,31780835,2021,Collaboration
25B5fGr9K0VdZJiRFsnMO4,Celebration Station,Lil Uzi Vert,melodic rap,Hip Hop,Eternal Atake,03:15,11853348,2020,Solo
25Jf61edvM78rQHYaWRiIL,Gatita,Bellakath,"reggaeton mexa, reggaeton, neoperreo",Electronic,Gatita,02:32,35693943,2022,Solo
25Nxyrng0Z3jC5Q0hAibpw,Tauba Tauba,Karan Aujla,"punjabi pop, punjabi hip hop, bhangra, desi hip hop, desi",Traditional music,Bad Newz,03:27,27150962,2024,Solo
25OeKzcqakFPaJlXHPE5lm,Primera Cita,Carin Leon,"banda, norteño, sierreño, corrido, grupera, ranchera, sad sierreño, música mexicana",Latin,Colmillo De Leche,03:06,799987442,2023,Solo
25OeKzcqakFPaJlXHPE5lm,Primera Cita,Carin Leon,"banda, norteño, sierreño, corrido, grupera, ranchera, sad sierreño, música mexicana",Latin,Colmillo De Leche,03:06,799987442,2024,Solo
25ZAibhr3bdlMCLmubZDVt,QUE PRETENDES,"J Balvin,Bad Bunny","reggaeton, latin, trap latino, urbano latino",Latin,OASIS,03:42,281478602,2019,Collaboration
25ZAibhr3bdlMCLmubZDVt,QUE PRETENDES,"J Balvin,Bad Bunny","reggaeton, latin, trap latino, urbano latino",Latin,OASIS,03:42,281478602,2020,Collaboration
25leEEaz1gIpp7o21Fqyjo,Here Comes Santa Claus (Right Down Santa Claus Lane) - 1947 Version,Gene Autry,christmas,Jazz,Rudolph The Red Nosed Reindeer And Other Christmas Classics,02:30,89666653,2017,Solo
25leEEaz1gIpp7o21Fqyjo,Here Comes Santa Claus (Right Down Santa Claus Lane) - 1947 Version,Gene Autry,christmas,Jazz,Rudolph The Red Nosed Reindeer And Other Christmas Classics,02:30,89666653,2018,Solo
25leEEaz1gIpp7o21Fqyjo,Here Comes Santa Claus (Right Down Santa Claus Lane) - 1947 Version,Gene Autry,christmas,Jazz,Rudolph The Red Nosed Reindeer And Other Christmas Classics,02:30,89666653,2019,Solo
25leEEaz1gIpp7o21Fqyjo,Here Comes Santa Claus (Right Down Santa Claus Lane) - 1947 Version,Gene Autry,christmas,Jazz,Rudolph The Red Nosed Reindeer And Other Christmas Classics,02:30,89666653,2020,Solo
25leEEaz1gIpp7o21Fqyjo,Here Comes Santa Claus (Right Down Santa Claus Lane) - 1947 Version,Gene Autry,christmas,Jazz,Rudolph The Red Nosed Reindeer And Other Christmas Classics,02:30,89666653,2021,Solo
25leEEaz1gIpp7o21Fqyjo,Here Comes Santa Claus (Right Down Santa Claus Lane) - 1947 Version,Gene Autry,christmas,Jazz,Rudolph The Red Nosed Reindeer And Other Christmas Classics,02:30,89666653,2022,Solo
25leEEaz1gIpp7o21Fqyjo,Here Comes Santa Claus (Right Down Santa Claus Lane) - 1947 Version,Gene Autry,christmas,Jazz,Rudolph The Red Nosed Reindeer And Other Christmas Classics,02:30,89666653,2023,Solo
25leEEaz1gIpp7o21Fqyjo,Here Comes Santa Claus (Right Down Santa Claus Lane) - 1947 Version,Gene Autry,christmas,Jazz,Rudolph The Red Nosed Reindeer And Other Christmas Classics,02:30,89666653,2024,Solo
25oOaleife6E2MIKmFkPvg,Relationship (feat. Future),"Young Thug,Future","rap, melodic rap, trap",Hip Hop,Beautiful Thugger Girls,03:35,43197062,2017,Collaboration
25zlnOAzbVoOzIeXSvQFf1,Got It On Me,Pop Smoke,"brooklyn drill, drill, new york drill",Hip Hop,Shoot For The Stars Aim For The Moon,02:44,126699730,2020,Solo
260R90ctQ1SiPax90PuEsT,Hobby Hobby,MERO,"german hip hop, turkish hip hop",Hip Hop,Hobby Hobby,02:33,14731761,2019,Solo
267NGliXM8YLVZiKAD9Otm,De Museo,Bad Bunny,"reggaeton, trap latino, latin, urbano latino",Latin,De Museo,03:29,23522718,2021,Solo
26QApq0cuO9brJigr0C0W4,HACIENDO QUE ME AMAS,Bad Bunny,"reggaeton, trap latino, latin, urbano latino",Latin,EL ÚLTIMO TOUR DEL MUNDO,03:37,52105107,2020,Solo
26QApq0cuO9brJigr0C0W4,HACIENDO QUE ME AMAS,Bad Bunny,"reggaeton, trap latino, latin, urbano latino",Latin,EL ÚLTIMO TOUR DEL MUNDO,03:37,52105107,2021,Solo
26b3oVLrRUaaybJulow9kz,People,Libianca,"afrobeats, afrobeat",Traditional music,People,03:04,839282428,2023,Solo
26cvTWJq2E1QqN4jyH2OTU,Tak Segampang Itu,Anggi Marito,"indonesian pop, malay",Pop,Tak Segampang Itu,03:51,329444304,2023,Solo
26w9NTiE9NGjW1ZvIOd1So,BOOKER T,Bad Bunny,"reggaeton, trap latino, latin, urbano latino",Latin,EL ÚLTIMO TOUR DEL MUNDO,02:36,71573615,2020,Solo
26w9NTiE9NGjW1ZvIOd1So,BOOKER T,Bad Bunny,"reggaeton, trap latino, latin, urbano latino",Latin,EL ÚLTIMO TOUR DEL MUNDO,02:36,71573615,2021,Solo
27356GVuMPFWiJSZCragoM,make up,Ariana Grande,pop,Pop,"thank u, next",02:20,31253242,2019,Solo
278kSqsZIiYp8p3QjYAqa8,NI BIEN NI MAL,Bad Bunny,"reggaeton, trap latino, latin, urbano latino",Latin,X 100PRE,03:56,99294357,2018,Solo
278kSqsZIiYp8p3QjYAqa8,NI BIEN NI MAL,Bad Bunny,"reggaeton, trap latino, latin, urbano latino",Latin,X 100PRE,03:56,99294357,2019,Solo
27GmP9AWRs744SzKcpJsTZ,Jumpman,"Drake,Future","rap, hip hop",Hip Hop,What A Time To Be Alive,03:25,15898333,2017,Collaboration
27RSJHEA99Y0Vsow7nA37A,911 (Remix),"Sech,JHAYCO","reggaeton, urbano latino, trap latino",Latin,911 (Remix),03:28,141480771,2021,Collaboration
27RYrbL6S02LNVhDWVl38b,Happy Xmas (War Is Over) - Remastered 2010,"John Lennon,Yoko Ono",christmas,Jazz,Signature Box,03:34,438903254,2020,Collaboration
27RYrbL6S02LNVhDWVl38b,Happy Xmas (War Is Over) - Remastered 2010,"John Lennon,Yoko Ono",christmas,Jazz,Signature Box,03:34,438903254,2021,Collaboration
27RYrbL6S02LNVhDWVl38b,Happy Xmas (War Is Over) - Remastered 2010,"John Lennon,Yoko Ono",christmas,Jazz,Signature Box,03:34,438903254,2022,Collaboration
27RYrbL6S02LNVhDWVl38b,Happy Xmas (War Is Over) - Remastered 2010,"John Lennon,Yoko Ono",christmas,Jazz,Signature Box,03:34,438903254,2023,Collaboration
27RYrbL6S02LNVhDWVl38b,Happy Xmas (War Is Over) - Remastered 2010,"John Lennon,Yoko Ono",christmas,Jazz,Signature Box,03:34,438903254,2024,Collaboration
27X3qzgB0Show6qfw5wNOK,Esquema Preferido,"DJ Ivis,Tarcísio do Acordeon","piseiro, forró, arrocha, sertanejo, brega, seresta",Country,Baile do DJ Ivis: Piseiro Hits,03:09,50208653,2021,Collaboration
27a1mYSG5tYg7dmEjWBcmL,CAN'T SAY,Travis Scott,rap,Hip Hop,ASTROWORLD,03:18,25933734,2018,Solo
27qAMKrDdKEs8HDXcvR24R,Driving Home for Christmas - 2019 Remaster,Chris Rea,christmas,Jazz,"Dancing with Strangers (Deluxe Edition, 2019 Remaster)",04:01,430072452,2019,Solo
27qAMKrDdKEs8HDXcvR24R,Driving Home for Christmas - 2019 Remaster,Chris Rea,christmas,Jazz,"Dancing with Strangers (Deluxe Edition, 2019 Remaster)",04:01,430072452,2020,Solo
27qAMKrDdKEs8HDXcvR24R,Driving Home for Christmas - 2019 Remaster,Chris Rea,christmas,Jazz,"Dancing with Strangers (Deluxe Edition, 2019 Remaster)",04:01,430072452,2021,Solo
27qAMKrDdKEs8HDXcvR24R,Driving Home for Christmas - 2019 Remaster,Chris Rea,christmas,Jazz,"Dancing with Strangers (Deluxe Edition, 2019 Remaster)",04:01,430072452,2022,Solo
27qAMKrDdKEs8HDXcvR24R,Driving Home for Christmas - 2019 Remaster,Chris Rea,christmas,Jazz,"Dancing with Strangers (Deluxe Edition, 2019 Remaster)",04:01,430072452,2023,Solo
27qAMKrDdKEs8HDXcvR24R,Driving Home for Christmas - 2019 Remaster,Chris Rea,christmas,Jazz,"Dancing with Strangers (Deluxe Edition, 2019 Remaster)",04:01,430072452,2024,Solo
285pBltuF7vW8TeWk8hdRR,Lucid Dreams,Juice WRLD,"melodic rap, emo rap",Hip Hop,Goodbye & Good Riddance,03:59,1313649545,2018,Solo
285pBltuF7vW8TeWk8hdRR,Lucid Dreams,Juice WRLD,"melodic rap, emo rap",Hip Hop,Goodbye & Good Riddance,03:59,1313649545,2019,Solo
285pBltuF7vW8TeWk8hdRR,Lucid Dreams,Juice WRLD,"melodic rap, emo rap",Hip Hop,Goodbye & Good Riddance,03:59,1313649545,2020,Solo
285pBltuF7vW8TeWk8hdRR,Lucid Dreams,Juice WRLD,"melodic rap, emo rap",Hip Hop,Goodbye & Good Riddance,03:59,1313649545,2021,Solo
285pBltuF7vW8TeWk8hdRR,Lucid Dreams,Juice WRLD,"melodic rap, emo rap",Hip Hop,Goodbye & Good Riddance,03:59,1313649545,2022,Solo
285pBltuF7vW8TeWk8hdRR,Lucid Dreams,Juice WRLD,"melodic rap, emo rap",Hip Hop,Goodbye & Good Riddance,03:59,1313649545,2024,Solo
28BSTgZH1ckI8Xfy8LXaRz,Yankee 150,"Yandel,Feid,Daddy Yankee","reggaeton, urbano latino, latin",Latin,Yankee 150,04:02,22220006,2023,Collaboration
28FGV3ORH14MYORd7s5dlU,Not Alike (feat. Royce Da 5'9),"Eminem,Royce Da 5'9 ","rap, hip hop, ",Hip Hop,Kamikaze,04:48,54735600,2018,Collaboration
28GCbKgjlVD9eDmasGbe0T,Me Fui de Vacaciones,Bad Bunny,"reggaeton, trap latino, latin, urbano latino",Latin,Un Verano Sin Ti,03:00,175931050,2022,Solo
28drn6tQo95MRvO0jQEo5C,Type Shit,"Future,Metro Boomin,Travis Scott,Playboi Carti","rap, rage rap",Hip Hop,WE DON'T TRUST YOU,03:48,324385933,2024,Collaboration
28irpKCCK9nn9DZSik2zEx,Glow,"Drake,Kanye West","rap, hip hop",Hip Hop,More Life,03:26,18095890,2017,Collaboration
296nXCOv97WJNRWzIBQnoj,FEARLESS,LE SSERAFIM,k-pop,Pop,FEARLESS,02:48,28188808,2022,Solo
299lFlaAsNQdgbIZNPmIA0,Christmas Time Is Here - Vocal,Vince Guaraldi Trio,christmas,Jazz,A Charlie Brown Christmas [2012 Remastered & Expanded Edition],02:46,17302033,2017,Solo
299lFlaAsNQdgbIZNPmIA0,Christmas Time Is Here - Vocal,Vince Guaraldi Trio,christmas,Jazz,A Charlie Brown Christmas [2012 Remastered & Expanded Edition],02:46,17302033,2018,Solo
299lFlaAsNQdgbIZNPmIA0,Christmas Time Is Here - Vocal,Vince Guaraldi Trio,christmas,Jazz,A Charlie Brown Christmas [2012 Remastered & Expanded Edition],02:46,17302033,2019,Solo
299lFlaAsNQdgbIZNPmIA0,Christmas Time Is Here - Vocal,Vince Guaraldi Trio,christmas,Jazz,A Charlie Brown Christmas [2012 Remastered & Expanded Edition],02:46,17302033,2020,Solo
299lFlaAsNQdgbIZNPmIA0,Christmas Time Is Here - Vocal,Vince Guaraldi Trio,christmas,Jazz,A Charlie Brown Christmas [2012 Remastered & Expanded Edition],02:46,17302033,2021,Solo
29TPjc8wxfz4XMn21O7VsZ,Sky,Playboi Carti,rage rap,Hip Hop,Whole Lotta Red,03:13,100267110,2021,Solo
29TPjc8wxfz4XMn21O7VsZ,Sky,Playboi Carti,rage rap,Hip Hop,Whole Lotta Red,03:13,100267110,2022,Solo
29WxJqIfDRMo9isV07kbJP,PARANOIA,"HEARTSTEEL,League of Legends,BAEKHYUN,tobi lou,ØZI,Cal Scruby","k-pop, k-ballad, chinese r&b, chinese hip hop, mandopop, taiwanese pop, taiwanese indie, c-pop, chinese indie, ",Pop,PARANOIA,03:18,16473978,2023,Collaboration
29YW2xXlo6Pc6M0SBTCXYN,More M’s,"Drake,21 Savage","rap, hip hop, ",Hip Hop,Her Loss,03:41,16360733,2022,Collaboration
29ZXwWOOLz9t5fa3eT3i7T,223's (feat. 9lokknine),"YNW Melly,9lokknine","melodic rap, ",Hip Hop,Melly vs. Melvin,02:56,46989929,2019,Collaboration
29ZXwWOOLz9t5fa3eT3i7T,223's (feat. 9lokknine),"YNW Melly,9lokknine","melodic rap, ",Hip Hop,Melly vs. Melvin,02:56,46989929,2020,Collaboration
29m79w9xPMH4YCD6r8JSmV,Excuses,"AP Dhillon,Gurinder Gill,Intense","punjabi hip hop, punjabi pop, desi, bhangra, desi hip hop, desi pop",Traditional music,Excuses,02:56,77353366,2022,Collaboration
29tc0GbW0pTSBZSCZF3NWk,Lean Wit Me,Juice WRLD,"melodic rap, emo rap",Hip Hop,Goodbye & Good Riddance,02:55,92214379,2018,Solo
2ADSh3Mp744n2586tpUtIW,Dilaw,Maki,"opm, p-pop, harana, pinoy indie, kundiman, pinoy r&b",Traditional music,Dilaw,03:12,27784656,2024,Solo
2AIWoHr9DF6y4KALCBKWQS,IDOL,BTS,k-pop,Pop,Love Yourself 結 'Answer',03:42,11829855,2018,Solo
2ANLarE8yHVsLWW21nj79M,You Was Right,Lil Uzi Vert,melodic rap,Hip Hop,Lil Uzi Vert vs. The World,02:43,20995669,2017,Solo
2ARqIya5NAuvFVHSN3bL0m,The Middle,"Zedd,Maren Morris,Grey","edm, country, ",Country,The Middle,03:04,315848197,2018,Collaboration
2AaaE0qvFWtyT8srKNfRhH,Komang,Raim Laode,"indonesian pop, indonesian indie",Rock,Komang,03:42,225248520,2023,Solo
2Ab1wPTEqulaCGoBak1gUo,Ao Vivo E A Cores,"Matheus & Kauan,Anitta","sertanejo, sertanejo universitário, arrocha, agronejo, brazilian pop, funk pop, funk carioca, funk, pagode baiano",Country,Intensamente Hoje!,03:00,34061676,2018,Collaboration
2AlYncTpVHKwHb55F9lF6O,Deep End Freestyle,"Sleepy Hallow,Fousheé","brooklyn drill, new york drill, ",Hip Hop,Sleepy Hallow Presents: Sleepy For President,01:55,31862664,2020,Collaboration
2Az5ykbQiZtFWtACCMvWlP,Rich - Interlude,Kendrick Lamar,"hip hop, west coast hip hop",Hip Hop,Mr. Morale & The Big Steppers,01:43,14123144,2022,Solo
2B4GHvToeLTOBB4QLzW3Ni,Pepas,Farruko,"reggaeton, trap latino, latin",Latin,La 167,04:47,819987765,2021,Solo
2B4GHvToeLTOBB4QLzW3Ni,Pepas,Farruko,"reggaeton, trap latino, latin",Latin,La 167,04:47,819987765,2022,Solo
2B4GHvToeLTOBB4QLzW3Ni,Pepas,Farruko,"reggaeton, trap latino, latin",Latin,La 167,04:47,819987765,2023,Solo
2B94bbI1a4LyBpK1439oP7,Cuerpo en Venta,"Noriel,Myke Towers,Rauw Alejandro,Almighty","trap latino, dembow, reggaeton, trap, urbano latino, latin",Latin,Cuerpo en Venta,04:14,34309965,2019,Collaboration
2BEcap3xJtmiPaHKyfQi4e,Nostálgico,"Rvssian,Rauw Alejandro,Chris Brown","trap latino, reggaeton, urbano latino, latin, r&b",Latin,Nostálgico,03:29,252481699,2021,Collaboration
2BEcap3xJtmiPaHKyfQi4e,Nostálgico,"Rvssian,Rauw Alejandro,Chris Brown","trap latino, reggaeton, urbano latino, latin, r&b",Latin,Nostálgico,03:29,252481699,2022,Collaboration
2BITQ360Knh6qNAOqR7Dyq,Miss The Rage (feat. Playboi Carti),"Trippie Redd,Playboi Carti","melodic rap, rage rap",Hip Hop,Miss The Rage (feat. Playboi Carti),03:56,115841228,2021,Collaboration
2BJSMvOGABRxokHKB0OI8i,Shoota (feat. Lil Uzi Vert),"Playboi Carti,Lil Uzi Vert","rage rap, melodic rap",Hip Hop,Die Lit,02:33,35405369,2018,Collaboration
2BJWxD8xKrDv8vneTvTIm9,Beat the Odds,Lil Tjay,"brooklyn drill, melodic rap",Hip Hop,Beat the Odds,02:30,11725466,2022,Solo
2BLdelIp46CHvKkyWeqZHL,ERE,juan karlos,"opm, harana, pinoy indie, p-pop, kundiman",Traditional music,Sad Songs and Bullshit Part 1,04:44,62778306,2023,Solo
2BcMwX1MPV6ZHP4tUT9uq6,Knife Talk (with 21 Savage ft. Project Pat),"Drake,21 Savage,Project Pat","rap, hip hop, memphis rap, southern hip hop, crunk, gangster rap",Hip Hop,Certified Lover Boy,04:02,325916259,2021,Collaboration
2BcMwX1MPV6ZHP4tUT9uq6,Knife Talk (with 21 Savage ft. Project Pat),"Drake,21 Savage,Project Pat","rap, hip hop, memphis rap, southern hip hop, crunk, gangster rap",Hip Hop,Certified Lover Boy,04:02,325916259,2022,Collaboration
2C6WXnmZ66tHhHlnvwePiK,Die For Me (feat. Future & Halsey),"Post Malone,Halsey,Future",rap,Hip Hop,Hollywood's Bleeding,04:05,47781640,2019,Collaboration
2CGNAOSuO1MEFCbBRgUzjd,luther (with sza),"Kendrick Lamar,SZA","hip hop, west coast hip hop, r&b",Hip Hop,GNX,02:57,214552417,2024,Collaboration
2COgAa5ipUrdTuWjyqb10X,Penhasco2,"Luísa Sonza,Demi Lovato","brazilian pop, funk pop, funk, ",Pop,Escândalo Íntimo,02:53,23519322,2023,Collaboration
2CPqh63wRVscbceKcPxwvv,The Ocean (feat. Shy Martin),"Mike Perry,shy martin","tropical house, ",Electronic,The Ocean (feat. Shy Martin),03:03,31143066,2017,Collaboration
2CRbiMK0W14l71SpDKqKZM,Loca Remix,"KHEA,Bad Bunny,Duki,Cazzu","argentine trap, trap, trap latino, reggaeton, latin, urbano latino, turreo",Hip Hop,Loca Remix,05:46,17070168,2018,Collaboration
2CSRrnOEELmhpq8iaAi9cd,Blind,SZA,r&b,R&B,SOS,02:30,100716173,2022,Solo
2CSRrnOEELmhpq8iaAi9cd,Blind,SZA,r&b,R&B,SOS,02:30,100716173,2023,Solo
2CWnuF7ht55Ajyeg4WPvWu,DDU-DU DDU-DU - KR Ver.,BLACKPINK,k-pop,Pop,SQUARE UP,03:29,36781909,2018,Solo
2CdTLdDjwZdVcm0bresVWx,Otra Noche Sin Ti,"J Balvin,Khalid","reggaeton, latin, ",Latin,Otra Noche Sin Ti,03:48,27860509,2021,Collaboration
2Ce5IyMlVRVvN997ZJjJJA,Selfish (feat. Rihanna),"Future,Rihanna","rap, ",Hip Hop,HNDRXX,04:11,121279912,2017,Collaboration
2CeKVsFFXG4QzA415QygGb,Feliz Cumpleaños Ferxxo,Feid,"reggaeton, urbano latino",Latin,FELIZ CUMPLEAÑOS FERXXO TE PIRATEAMOS EL ÁLBUM,02:35,1050225322,2022,Solo
2CeKVsFFXG4QzA415QygGb,Feliz Cumpleaños Ferxxo,Feid,"reggaeton, urbano latino",Latin,FELIZ CUMPLEAÑOS FERXXO TE PIRATEAMOS EL ÁLBUM,02:35,1050225322,2023,Solo
2CeKVsFFXG4QzA415QygGb,Feliz Cumpleaños Ferxxo,Feid,"reggaeton, urbano latino",Latin,FELIZ CUMPLEAÑOS FERXXO TE PIRATEAMOS EL ÁLBUM,02:35,1050225322,2024,Solo
2CspwnypzT7rcWI9RfsoSb,Mantra,JENNIE,k-pop,Pop,Mantra,02:16,187352627,2024,Solo
2D3z17LBMJ2HEHeBFFjTLi,Reggaeton,J Balvin,"reggaeton, latin",Latin,Reggaeton,02:38,147962616,2018,Solo
2D3z17LBMJ2HEHeBFFjTLi,Reggaeton,J Balvin,"reggaeton, latin",Latin,Reggaeton,02:38,147962616,2019,Solo
2DB4DdfCFMw1iaR6JaR03a,Bam Bam (feat. Ed Sheeran),"Camila Cabello,Ed Sheeran","pop, soft pop",Pop,Familia,03:26,493406945,2022,Collaboration
2DB4DdfCFMw1iaR6JaR03a,Bam Bam (feat. Ed Sheeran),"Camila Cabello,Ed Sheeran","pop, soft pop",Pop,Familia,03:26,493406945,2023,Collaboration
2DEZmgHKAvm41k4J3R2E9Y,Safaera,"Bad Bunny,Jowell & Randy,Ñengo Flow","reggaeton, trap latino, latin, urbano latino",Latin,YHLQMDLG,04:55,396260658,2020,Collaboration
2DEZmgHKAvm41k4J3R2E9Y,Safaera,"Bad Bunny,Jowell & Randy,Ñengo Flow","reggaeton, trap latino, latin, urbano latino",Latin,YHLQMDLG,04:55,396260658,2021,Collaboration
2DQ1ITjI0YoLFzuADN1ZBW,No Limit,"G-Eazy,A$AP Rocky,Cardi B","rap, ",Hip Hop,The Beautiful & Damned,04:05,161699146,2017,Collaboration
2DQ1ITjI0YoLFzuADN1ZBW,No Limit,"G-Eazy,A$AP Rocky,Cardi B","rap, ",Hip Hop,The Beautiful & Damned,04:05,161699146,2018,Collaboration
2DQNYMRjisN3KAPj1bEwOI,"Lemonade (feat. Gunna, Don Toliver & NAV)","Internet Money,Gunna,Don Toliver,NAV",melodic rap,Hip Hop,B4 The Storm,03:15,52415980,2020,Collaboration
2DTpP3caqX3QdJIEoS83mD,Your Heart,"Joyner Lucas,J. Cole",rap,Hip Hop,Your Heart,03:18,11450018,2021,Collaboration
2DbV9TSdeGr5FobCFDRzvq,"Natanael Cano: Bzrp Music Sessions, Vol. 59","Bizarrap,Natanael Cano","argentine trap, trap latino, urbano latino, corridos tumbados, corrido, corridos bélicos, sad sierreño, electro corridos, sierreño, música mexicana, banda",Hip Hop,"Natanael Cano: Bzrp Music Sessions, Vol. 59",02:35,94477485,2024,Collaboration
2Dct3GykKZ58hpWRFfe2Qd,Heading South,Zach Bryan,"country, red dirt",Country,Heading South,02:51,12189474,2024,Solo
2DgdHcjWmO3qd50RzuBLgZ,House of Memories,Panic! At The Disco,emo,Rock,Death of a Bachelor,03:28,138730802,2022,Solo
2DuPBbS5mIldXnh7Wum8Cy,My Little Love,Adele,soft pop,Pop,30,06:29,36728105,2021,Solo
2E7a96qey4AzSOdK6H21vS,Scorsese Baby Daddy,SZA,r&b,R&B,SOS Deluxe: LANA,02:33,10150017,2024,Solo
2E82gORVSA7UMEz5M1IP3b,Punto G,KAROL G,"reggaeton, latin, urbano latino",Latin,OCEAN,03:03,16540156,2019,Solo
2EEmzqzM70CybVspgM7YRT,La Boca - Remix,"Mau y Ricky,Camilo,Lunay","reggaeton, latin pop, colombian pop",Pop,La Boca (Remix),03:08,48225816,2019,Collaboration
2Ec33AVlkTTq8BHFgBTdQs,Futsal Shuffle 2020,Lil Uzi Vert,melodic rap,Hip Hop,Futsal Shuffle 2020,03:18,118691159,2019,Solo
2Ec33AVlkTTq8BHFgBTdQs,Futsal Shuffle 2020,Lil Uzi Vert,melodic rap,Hip Hop,Futsal Shuffle 2020,03:18,118691159,2020,Solo
2EjXfH91m7f8HiJN1yQg97,Rockin' Around The Christmas Tree,Brenda Lee,christmas,Jazz,Merry Christmas From Brenda Lee,02:06,1292718988,2018,Solo
2EjXfH91m7f8HiJN1yQg97,Rockin' Around The Christmas Tree,Brenda Lee,christmas,Jazz,Merry Christmas From Brenda Lee,02:06,1292718988,2019,Solo
2EjXfH91m7f8HiJN1yQg97,Rockin' Around The Christmas Tree,Brenda Lee,christmas,Jazz,Merry Christmas From Brenda Lee,02:06,1292718988,2020,Solo
2EjXfH91m7f8HiJN1yQg97,Rockin' Around The Christmas Tree,Brenda Lee,christmas,Jazz,Merry Christmas From Brenda Lee,02:06,1292718988,2021,Solo
2EjXfH91m7f8HiJN1yQg97,Rockin' Around The Christmas Tree,Brenda Lee,christmas,Jazz,Merry Christmas From Brenda Lee,02:06,1292718988,2022,Solo
2EjXfH91m7f8HiJN1yQg97,Rockin' Around The Christmas Tree,Brenda Lee,christmas,Jazz,Merry Christmas From Brenda Lee,02:06,1292718988,2023,Solo
2EjXfH91m7f8HiJN1yQg97,Rockin' Around The Christmas Tree,Brenda Lee,christmas,Jazz,Merry Christmas From Brenda Lee,02:06,1292718988,2024,Solo
2EzRdhuoPyNJDlep7lnNf2,Dembow,Danny Ocean,reggaeton,Latin,Dembow,03:35,169363895,2018,Solo
2FBUoWkIuQXwayw2RNo5l6,Hotline Bling,Drake,"rap, hip hop",Hip Hop,Views,04:27,17768284,2017,Solo
2FDTHlrBguDzQkp7PVj16Q,Sprinter,"Dave,Central Cee","grime, uk drill, drill",Hip Hop,Sprinter,03:49,1077032416,2023,Collaboration
2FDTHlrBguDzQkp7PVj16Q,Sprinter,"Dave,Central Cee","grime, uk drill, drill",Hip Hop,Sprinter,03:49,1077032416,2024,Collaboration
2FPfeYlrbSBR8PwCU0zaqq,Have Yourself A Merry Little Christmas - Remastered 1999,Frank Sinatra,"christmas, big band, adult standards, swing music, vocal jazz, jazz",Easy listening,A Jolly Christmas From Frank Sinatra,03:26,85661171,2021,Solo
2FPfeYlrbSBR8PwCU0zaqq,Have Yourself A Merry Little Christmas - Remastered 1999,Frank Sinatra,"christmas, big band, adult standards, swing music, vocal jazz, jazz",Easy listening,A Jolly Christmas From Frank Sinatra,03:26,85661171,2022,Solo
2FPfeYlrbSBR8PwCU0zaqq,Have Yourself A Merry Little Christmas - Remastered 1999,Frank Sinatra,"christmas, big band, adult standards, swing music, vocal jazz, jazz",Easy listening,A Jolly Christmas From Frank Sinatra,03:26,85661171,2023,Solo
2FPfeYlrbSBR8PwCU0zaqq,Have Yourself A Merry Little Christmas - Remastered 1999,Frank Sinatra,"christmas, big band, adult standards, swing music, vocal jazz, jazz",Easy listening,A Jolly Christmas From Frank Sinatra,03:26,85661171,2024,Solo
2FRnf9qhLbvw8fu4IBXx78,Last Christmas,Wham!,christmas,Jazz,LAST CHRISTMAS,04:22,1081440276,2017,Solo
2FRnf9qhLbvw8fu4IBXx78,Last Christmas,Wham!,christmas,Jazz,LAST CHRISTMAS,04:22,1081440276,2018,Solo
2FRnf9qhLbvw8fu4IBXx78,Last Christmas,Wham!,christmas,Jazz,LAST CHRISTMAS,04:22,1081440276,2019,Solo
2FRnf9qhLbvw8fu4IBXx78,Last Christmas,Wham!,christmas,Jazz,LAST CHRISTMAS,04:22,1081440276,2020,Solo
2FRnf9qhLbvw8fu4IBXx78,Last Christmas,Wham!,christmas,Jazz,LAST CHRISTMAS,04:22,1081440276,2021,Solo
2FRnf9qhLbvw8fu4IBXx78,Last Christmas,Wham!,christmas,Jazz,LAST CHRISTMAS,04:22,1081440276,2022,Solo
2FRnf9qhLbvw8fu4IBXx78,Last Christmas,Wham!,christmas,Jazz,LAST CHRISTMAS,04:22,1081440276,2024,Solo
2FSGUA0gFgGeQdprjtGM2M,EL MAKINON,"KAROL G,Mariah Angeliq","reggaeton, latin, urbano latino, trap latino",Latin,KG0516,03:29,234704231,2021,Collaboration
2FVpOsjT1iquZ3SpCjZ9Ne,Telepathy,BTS,k-pop,Pop,BE,03:22,25993754,2020,Solo
2FVpOsjT1iquZ3SpCjZ9Ne,Telepathy,BTS,k-pop,Pop,BE,03:22,25993754,2021,Solo
2FXd6kKCtBIc6UfN1gH1pA,FANCY,TWICE,k-pop,Pop,FANCY YOU,03:33,12972648,2019,Solo
2FYGZDfsAnNsrm1gVbyKnG,SAOKO,ROSALÍA,latin,Latin,MOTOMAMI,02:17,19036979,2022,Solo
2FeBslNBMdR9V58uv6hd2t,N95,Kendrick Lamar,"hip hop, west coast hip hop",Hip Hop,Mr. Morale & The Big Steppers,03:15,75100615,2022,Solo
2Foc5Q5nqNiosCNqttzHof,Get Lucky (Radio Edit) [feat. Pharrell Williams and Nile Rodgers],"Pharrell Williams,Nile Rodgers,Thomas Bangalter,Guy-Manuel de Homem-Christo,Daft Punk","french house, electronic, electro",Hip Hop,Get Lucky (Radio Edit) [feat. Pharrell Williams and Nile Rodgers],04:08,16362816,2021,Collaboration
2Foc5Q5nqNiosCNqttzHof,Get Lucky (Radio Edit) [feat. Pharrell Williams and Nile Rodgers],"Pharrell Williams,Nile Rodgers,Thomas Bangalter,Guy-Manuel de Homem-Christo,Daft Punk","french house, electronic, electro",Hip Hop,Get Lucky (Radio Edit) [feat. Pharrell Williams and Nile Rodgers],04:08,16362816,2022,Collaboration
2FvD20Z8aoWIePi7PoN8sG,TOES (feat. Lil Baby & Moneybagg Yo),"DaBaby,Lil Baby,Moneybagg Yo",memphis rap,Hip Hop,KIRK,02:16,89677041,2019,Collaboration
2FvD20Z8aoWIePi7PoN8sG,TOES (feat. Lil Baby & Moneybagg Yo),"DaBaby,Lil Baby,Moneybagg Yo",memphis rap,Hip Hop,KIRK,02:16,89677041,2020,Collaboration
2G1tXoGBaEMJ7FKGnkf6ud,Wake Up in the Sky,"Gucci Mane,Bruno Mars,Kodak Black","southern hip hop, rap, trap, ",Hip Hop,Evil Genius,03:23,191139422,2018,Collaboration
2G1tXoGBaEMJ7FKGnkf6ud,Wake Up in the Sky,"Gucci Mane,Bruno Mars,Kodak Black","southern hip hop, rap, trap, ",Hip Hop,Evil Genius,03:23,191139422,2019,Collaboration
2G7V7zsVDxg1yRsu7Ew9RJ,In My Feelings,Drake,"rap, hip hop",Hip Hop,Scorpion,03:37,704453334,2018,Solo
2G7V7zsVDxg1yRsu7Ew9RJ,In My Feelings,Drake,"rap, hip hop",Hip Hop,Scorpion,03:37,704453334,2019,Solo
2GAhgAjOhEmItWLfgisyOn,Low,SZA,r&b,R&B,SOS,03:01,322443286,2022,Solo
2GAhgAjOhEmItWLfgisyOn,Low,SZA,r&b,R&B,SOS,03:01,322443286,2023,Solo
2GGGm4MLQynB3I4E4ycIYC,Drink About,"Seeb,Dagny",norwegian pop,Pop,Drink About,03:02,18319467,2018,Collaboration
2GPTiPR5db727wu1tFvFt4,New Again,Kanye West,rap,Hip Hop,Donda,03:03,10967462,2021,Solo
2Gjt4rUHBUH0rMKpBg0hF4,Disco Arranhado - Funk Remix,"Malu,DJ Lucas Beat","arrocha, piseiro, brega, forró, funk, seresta, agronejo, sertanejo",Country,Disco Arranhado (Funk Remix),02:05,57728893,2021,Collaboration
2Gk6fi0dqt91NKvlzGsmm7,SAY MY GRACE (feat. Travis Scott),"Offset,Travis Scott",rap,Hip Hop,SET IT OFF,02:53,23827132,2023,Collaboration
2Gl0FzuLxflY6nPifJp5Dr,First Time,"Kygo,Ellie Goulding","tropical house, ",Electronic,First Time,03:13,208209400,2017,Collaboration
2Gq636OOGgxCTqEuzCZhsa,"Tiago PZK: Bzrp Music Sessions, Vol. 48","Bizarrap,Tiago PZK","argentine trap, trap latino, urbano latino",Hip Hop,"Tiago PZK: Bzrp Music Sessions, Vol. 48",02:40,171297261,2021,Collaboration
2Gq636OOGgxCTqEuzCZhsa,"Tiago PZK: Bzrp Music Sessions, Vol. 48","Bizarrap,Tiago PZK","argentine trap, trap latino, urbano latino",Hip Hop,"Tiago PZK: Bzrp Music Sessions, Vol. 48",02:40,171297261,2022,Collaboration
2H1liABu20HXBOmbt5SQz1,Ciumeira - Ao Vivo,Marília Mendonça,"sertanejo, sertanejo universitário, arrocha, forró",Country,Ciumeira (ao Vivo),03:10,16771921,2018,Solo
2H1liABu20HXBOmbt5SQz1,Ciumeira - Ao Vivo,Marília Mendonça,"sertanejo, sertanejo universitário, arrocha, forró",Country,Ciumeira (ao Vivo),03:10,16771921,2019,Solo
2H2ytI7ompfNmRkI2sq8Uk,I LUV IT (feat. Playboi Carti),"Camila Cabello,Playboi Carti","pop, rage rap",Pop,I LUV IT (feat. Playboi Carti),02:54,15815952,2024,Collaboration
2H3wWrnO758y0fPH7Ilerg,Depression & Obsession,XXXTENTACION,emo rap,Hip Hop,17,02:24,20119642,2017,Solo
2H3wWrnO758y0fPH7Ilerg,Depression & Obsession,XXXTENTACION,emo rap,Hip Hop,17,02:24,20119642,2018,Solo
2H7jZg2HliuQhZjfBblLrZ,Sommergewitter,Pashanim,german hip hop,Hip Hop,Sommergewitter,02:18,26325464,2021,Solo
2HBBM75Xv3o2Mqdyh1NcM0,Heavy Is the Crown,Linkin Park,"nu metal, rap metal, rock, alternative metal",Metal,From Zero,02:47,57292611,2024,Solo
2HGymMoOdB4ZYv0AAqYmgF,Famous,Mason Ramsey,country,Country,Famous,03:12,12521721,2018,Solo
2HRgqmZQC0MC7GeNuDIXHN,Seven (feat. Latto) (Explicit Ver.),"Jung Kook,Latto","k-pop, ",Pop,GOLDEN,03:03,1254374938,2023,Collaboration
2HRgqmZQC0MC7GeNuDIXHN,Seven (feat. Latto) (Explicit Ver.),"Jung Kook,Latto","k-pop, ",Pop,GOLDEN,03:03,1254374938,2024,Collaboration
2HSmyk2qMN8WQjuGhaQgCk,Champagne Poetry,Drake,"rap, hip hop",Hip Hop,Certified Lover Boy,05:36,70177141,2021,Solo
2HYFX63wP3otVIvopRS99Z,Houdini,Eminem,"rap, hip hop",Hip Hop,Houdini,03:47,224091036,2024,Solo
2HZLXBOnaSRhXStMLrq9fD,Mary On A Cross,Ghost,"metal, hard rock",Rock,Seven Inches Of Satanic Panic,04:04,44751878,2022,Solo
2HbKqm4o0w5wEeEFXm2sD4,Money Trees,"Kendrick Lamar,Jay Rock","hip hop, west coast hip hop, ",Hip Hop,"good kid, m.A.A.d city",06:26,815019482,2020,Collaboration
2HbKqm4o0w5wEeEFXm2sD4,Money Trees,"Kendrick Lamar,Jay Rock","hip hop, west coast hip hop, ",Hip Hop,"good kid, m.A.A.d city",06:26,815019482,2022,Collaboration
2HbKqm4o0w5wEeEFXm2sD4,Money Trees,"Kendrick Lamar,Jay Rock","hip hop, west coast hip hop, ",Hip Hop,"good kid, m.A.A.d city",06:26,815019482,2023,Collaboration
2HbKqm4o0w5wEeEFXm2sD4,Money Trees,"Kendrick Lamar,Jay Rock","hip hop, west coast hip hop, ",Hip Hop,"good kid, m.A.A.d city",06:26,815019482,2024,Collaboration
2Hc1LaV6bzFil3dE71eORA,Aye (feat. Travis Scott),"Lil Uzi Vert,Travis Scott","melodic rap, rap",Hip Hop,Pink Tape,03:27,15671274,2023,Collaboration
2Hh3ETdQKrmSI3QS0hme7g,Too Many Nights (feat. Don Toliver & with Future),"Metro Boomin,Future,Don Toliver","rap, ",Hip Hop,HEROES & VILLAINS,03:19,788570540,2022,Collaboration
2Hh3ETdQKrmSI3QS0hme7g,Too Many Nights (feat. Don Toliver & with Future),"Metro Boomin,Future,Don Toliver","rap, ",Hip Hop,HEROES & VILLAINS,03:19,788570540,2023,Collaboration
2Hh3ETdQKrmSI3QS0hme7g,Too Many Nights (feat. Don Toliver & with Future),"Metro Boomin,Future,Don Toliver","rap, ",Hip Hop,HEROES & VILLAINS,03:19,788570540,2024,Collaboration
2IA8cFA46DkjgbsRG7kKbp,Baby,"Amenazzy,Nicky Jam,Farruko","trap latino, reggaeton, dembow, urbano latino, latin",Latin,Baby,03:55,29010937,2019,Collaboration
2IDf0IZ9dfw0uDYV2n1bJc,DEJA VU,"Luan Santana,Ana Castela","sertanejo, sertanejo universitário, arrocha, agronejo, piseiro",Country,DEJA VU,03:19,67392201,2023,Collaboration
2IDf0IZ9dfw0uDYV2n1bJc,DEJA VU,"Luan Santana,Ana Castela","sertanejo, sertanejo universitário, arrocha, agronejo, piseiro",Country,DEJA VU,03:19,67392201,2024,Collaboration
2IESJGeddbtwiVr4ug0SN3,VVS,"Peso Pluma,Edgardo Nuñez,Los Dareyes De La Sierra","corrido, corridos tumbados, corridos bélicos, música mexicana, sad sierreño, electro corridos, banda, sierreño",Latin,GÉNESIS,02:42,25333188,2023,Collaboration
2IKJtXeR5UsaUjZB46fTOK,six thirty,Ariana Grande,pop,Pop,Positions,03:03,12462274,2020,Solo
2IRZnDFmlqMuOrYOLnZZyc,Going Bad (feat. Drake),"Meek Mill,Drake","rap, hip hop",Hip Hop,Championships,03:00,518669657,2018,Collaboration
2IRZnDFmlqMuOrYOLnZZyc,Going Bad (feat. Drake),"Meek Mill,Drake","rap, hip hop",Hip Hop,Championships,03:00,518669657,2019,Collaboration
2IRZnDFmlqMuOrYOLnZZyc,Going Bad (feat. Drake),"Meek Mill,Drake","rap, hip hop",Hip Hop,Championships,03:00,518669657,2020,Collaboration
2ISl1zekPsc26sUQpVt8UB,Merry Christmas Everyone - Remastered,Shakin' Stevens,"christmas, rockabilly",Jazz,Merry Christmas Everyone,03:40,44251851,2017,Solo
2ISl1zekPsc26sUQpVt8UB,Merry Christmas Everyone - Remastered,Shakin' Stevens,"christmas, rockabilly",Jazz,Merry Christmas Everyone,03:40,44251851,2018,Solo
2IePEfMAtqWS6rLXXFZIgI,"His & Hers (feat. Don Toliver, Lil Uzi Vert & Gunna)","Internet Money,Gunna,Don Toliver,Lil Uzi Vert",melodic rap,Hip Hop,"His & Hers (feat. Don Toliver, Lil Uzi Vert & Gunna)",03:44,25544225,2021,Collaboration
2Imq77E6CEJR5TPUxlJvTY,All The Stars (with SZA),"Kendrick Lamar,SZA","hip hop, west coast hip hop, r&b",Hip Hop,Black Panther The Album Music From And Inspired By,03:52,71377350,2018,Collaboration
2InS5VWKJQbsFBKOsf1cJB,Let's Go 4,"Dj GBR,Mc IG,MC Ryan SP,MC PH,Mc Davi,Mc Luki,Mc Don Juan,Mc Kadu,TrapLaudo,MC GP,MC GH do 7","funk, brazilian funk, funk consciente, trap funk, brazilian trap",Hip Hop,Let's Go 4,10:41,310109136,2023,Collaboration
2InS5VWKJQbsFBKOsf1cJB,Let's Go 4,"Dj GBR,Mc IG,MC Ryan SP,MC PH,Mc Davi,Mc Luki,Mc Don Juan,Mc Kadu,TrapLaudo,MC GP,MC GH do 7","funk, brazilian funk, funk consciente, trap funk, brazilian trap",Hip Hop,Let's Go 4,10:41,310109136,2024,Collaboration
2IwbW2jd0Ncv99Aroe77Ru,Crown,Kendrick Lamar,"hip hop, west coast hip hop",Hip Hop,Mr. Morale & The Big Steppers,04:24,12654671,2022,Solo
2J0X46UkpfLlWbuCXFgDLr,Waste It On Me (feat. BTS),"Steve Aoki,BTS","electro house, edm, k-pop",Electronic,Neon Future III,03:12,24283613,2018,Collaboration
2J4P46vCFm1rPkNkp9pZWX,Ice Cream (with Selena Gomez),"BLACKPINK,Selena Gomez","k-pop, pop",Pop,Ice Cream (with Selena Gomez),02:55,94168111,2020,Collaboration
2J6OF7CkpdQGSfm1wdclqn,Clouded,Brent Faiyaz,r&b,R&B,Fuck The World,01:50,16432218,2023,Solo
2JPLbjOn0wPCngEot2STUS,Yonaguni,Bad Bunny,"reggaeton, trap latino, latin, urbano latino",Latin,Yonaguni,03:26,1105209834,2021,Solo
2JPLbjOn0wPCngEot2STUS,Yonaguni,Bad Bunny,"reggaeton, trap latino, latin, urbano latino",Latin,Yonaguni,03:26,1105209834,2022,Solo
2JPLbjOn0wPCngEot2STUS,Yonaguni,Bad Bunny,"reggaeton, trap latino, latin, urbano latino",Latin,Yonaguni,03:26,1105209834,2023,Solo
2JTir3y1VuJQmexiTCMcTP,Recairei - Ao Vivo,Os Barões Da Pisadinha,"piseiro, forró, sertanejo, arrocha, brega, tecnobrega, agronejo, sertanejo universitário",Country,Piseiro 2020 Ao Vivo,02:46,54749963,2020,Solo
2JTir3y1VuJQmexiTCMcTP,Recairei - Ao Vivo,Os Barões Da Pisadinha,"piseiro, forró, sertanejo, arrocha, brega, tecnobrega, agronejo, sertanejo universitário",Country,Piseiro 2020 Ao Vivo,02:46,54749963,2021,Solo
2JvzF1RMd7lE3KmFlsyZD8,MIDDLE CHILD,J. Cole,rap,Hip Hop,MIDDLE CHILD,03:33,505742320,2019,Solo
2JvzF1RMd7lE3KmFlsyZD8,MIDDLE CHILD,J. Cole,rap,Hip Hop,MIDDLE CHILD,03:33,505742320,2020,Solo
2K1CQMoG2Dy5nmeOYnhoi8,Poblado - Remix,"J Balvin,KAROL G,Nicky Jam,Crissin,Totoy El Frio,Natan & Shander","reggaeton, latin, urbano latino",Latin,JOSE,06:32,31527815,2021,Collaboration
2K9kZpwD2CzTa6iiSYYOoO,Leão,Marília Mendonça,"sertanejo, sertanejo universitário, arrocha, forró",Country,"Decretos Reais, Vol. 2",02:46,362115811,2022,Solo
2K9kZpwD2CzTa6iiSYYOoO,Leão,Marília Mendonça,"sertanejo, sertanejo universitário, arrocha, forró",Country,"Decretos Reais, Vol. 2",02:46,362115811,2023,Solo
2KLwPaRDOB87XOYAT2fgxh,Pussy & Millions (feat. Travis Scott),"Drake,21 Savage,Travis Scott","rap, hip hop",Hip Hop,Her Loss,04:02,75346556,2022,Collaboration
2KcNrONbZ0hvBPjvrDO2tx,ALMAS GEMELAS,Myke Towers,"reggaeton, trap latino, urbano latino",Latin,ALMAS GEMELAS,03:55,65828346,2021,Solo
2KnLkZ3z7PO3kgVGHGqDpD,It'll Be Okay,Shawn Mendes,pop,Pop,It'll Be Okay,03:42,101276673,2021,Solo
2KnLkZ3z7PO3kgVGHGqDpD,It'll Be Okay,Shawn Mendes,pop,Pop,It'll Be Okay,03:42,101276673,2022,Solo
2KoHxhRyWxJzA0VafWd5Nk,My Oasis (feat. Burna Boy),"Sam Smith,Burna Boy","soft pop, afrobeats, afrobeat, afropop, afroswing, dancehall, afropiano",Traditional music,My Oasis (feat. Burna Boy),02:59,24282141,2020,Collaboration
2KslE17cAJNHTsI2MI0jb2,Standing Next to You,Jung Kook,k-pop,Pop,GOLDEN,03:26,987645856,2023,Solo
2KslE17cAJNHTsI2MI0jb2,Standing Next to You,Jung Kook,k-pop,Pop,GOLDEN,03:26,987645856,2024,Solo
2KvHC9z14GSl4YpkNMX384,Do Not Disturb,Drake,"rap, hip hop",Hip Hop,More Life,04:43,26600274,2017,Solo
2KwojFDebQV4J2b0JMRR5Q,Is That For Me,"Alesso,Anitta","edm, brazilian pop, funk pop, funk carioca, funk, pagode baiano",Pop,Is That For Me,02:49,14359268,2017,Collaboration
2L9QLAhrvtP4EYg1lY0Tnw,Rudolph The Red-Nosed Reindeer,Dean Martin,"christmas, adult standards, big band, swing music",Easy listening,A Winter Romance,02:15,67770389,2018,Solo
2L9QLAhrvtP4EYg1lY0Tnw,Rudolph The Red-Nosed Reindeer,Dean Martin,"christmas, adult standards, big band, swing music",Easy listening,A Winter Romance,02:15,67770389,2019,Solo
2L9QLAhrvtP4EYg1lY0Tnw,Rudolph The Red-Nosed Reindeer,Dean Martin,"christmas, adult standards, big band, swing music",Easy listening,A Winter Romance,02:15,67770389,2020,Solo
2L9QLAhrvtP4EYg1lY0Tnw,Rudolph The Red-Nosed Reindeer,Dean Martin,"christmas, adult standards, big band, swing music",Easy listening,A Winter Romance,02:15,67770389,2021,Solo
2L9QLAhrvtP4EYg1lY0Tnw,Rudolph The Red-Nosed Reindeer,Dean Martin,"christmas, adult standards, big band, swing music",Easy listening,A Winter Romance,02:15,67770389,2022,Solo
2L9QLAhrvtP4EYg1lY0Tnw,Rudolph The Red-Nosed Reindeer,Dean Martin,"christmas, adult standards, big band, swing music",Easy listening,A Winter Romance,02:15,67770389,2023,Solo
2L9QLAhrvtP4EYg1lY0Tnw,Rudolph The Red-Nosed Reindeer,Dean Martin,"christmas, adult standards, big band, swing music",Easy listening,A Winter Romance,02:15,67770389,2024,Solo
2LSsSV7V33wM9EKQA2xjGS,Con La Brisa,"Foudeqush,Ludwig Göransson",soundtrack,Easy listening,Black Panther: Wakanda Forever - Music From and Inspired By,02:47,12559820,2022,Collaboration
2LTlO3NuNVN70lp2ZbVswF,FEEL.,Kendrick Lamar,"hip hop, west coast hip hop",Hip Hop,DAMN.,03:34,36750553,2017,Solo
2LawezPeJhN4AWuSB0GtAU,Have You Ever Seen The Rain,Creedence Clearwater Revival,"classic rock, southern rock, country rock",Rock,Pendulum (Expanded Edition),02:40,715542740,2023,Solo
2LawezPeJhN4AWuSB0GtAU,Have You Ever Seen The Rain,Creedence Clearwater Revival,"classic rock, southern rock, country rock",Rock,Pendulum (Expanded Edition),02:40,715542740,2024,Solo
2LskIZrCeLxRvCiGP8gxlh,Arms Around You (feat. Maluma & Swae Lee),"XXXTENTACION,Lil Pump,Swae Lee,Maluma","emo rap, reggaeton, latin, urbano latino",Hip Hop,Arms Around You (feat. Maluma & Swae Lee),03:18,290810103,2018,Collaboration
2LskIZrCeLxRvCiGP8gxlh,Arms Around You (feat. Maluma & Swae Lee),"XXXTENTACION,Lil Pump,Swae Lee,Maluma","emo rap, reggaeton, latin, urbano latino",Hip Hop,Arms Around You (feat. Maluma & Swae Lee),03:18,290810103,2019,Collaboration
2Lumsra3kuU61wXkEKzKaK,Disco,Surf Curse,indie,Rock,Disco,02:32,89605891,2024,Solo
2MAk9ErHJIxgBZRXocHhly,To Ashes and Blood - from the series Arcane League of Legends,"Arcane,League of Legends,Woodkid",chamber pop,Pop,Arcane League of Legends: Season 2 (Soundtrack from the Animated Series),04:05,12291076,2024,Collaboration
2MZQAvsA7aZDssppBLRxYp,Batom de Cereja - Ao Vivo,Israel & Rodolffo,"sertanejo, sertanejo universitário, piseiro, agronejo, arrocha",Country,"Aqui e Agora, Vol.1 (Ao Vivo)",02:20,117990636,2021,Solo
2MbdDtCv5LUVjYy9RuGTgC,"WHATS POPPIN (feat. DaBaby, Tory Lanez & Lil Wayne) - Remix","Jack Harlow,Tory Lanez,DaBaby,Lil Wayne","rap, hip hop",Hip Hop,"WHATS POPPIN (feat. DaBaby, Tory Lanez & Lil Wayne) [Remix]",03:47,263981712,2020,Collaboration
2MlOUXmcofMackX3bxfSwi,Jerusalema (feat. Nomcebo Zikode),"Master KG,Nomcebo Zikode","amapiano, gqom, afrobeats, ",R&B,Jerusalema,05:42,75592365,2020,Collaboration
2MlOUXmcofMackX3bxfSwi,Jerusalema (feat. Nomcebo Zikode),"Master KG,Nomcebo Zikode","amapiano, gqom, afrobeats, ",R&B,Jerusalema,05:42,75592365,2021,Collaboration
2MnLkFqY9Rpg9s3Zv6ZJdK,Botella Tras Botella,"Gera MX,Christian Nodal","mexican hip hop, latin hip hop, banda, ranchera, mariachi, norteño, música mexicana, grupera",Latin,Botella Tras Botella,03:17,243023026,2021,Collaboration
2MnLkFqY9Rpg9s3Zv6ZJdK,Botella Tras Botella,"Gera MX,Christian Nodal","mexican hip hop, latin hip hop, banda, ranchera, mariachi, norteño, música mexicana, grupera",Latin,Botella Tras Botella,03:17,243023026,2022,Collaboration
2MuMD298IpYqKF367wegUd,Homicide (feat. Eminem),"Logic,Eminem","rap, hip hop",Hip Hop,Confessions of a Dangerous Mind,04:05,84331632,2019,Collaboration
2MuWTIM3b0YEAskbeeFE1i,Master Of Puppets,Metallica,"metal, thrash metal, rock, heavy metal, hard rock",Rock,Master Of Puppets (Remastered),08:35,94189680,2022,Solo
2N0SPREDYqILVEFSsWF5N5,Love Me Again,V,k-pop,Pop,Layover,03:02,1054467240,2023,Solo
2N0SPREDYqILVEFSsWF5N5,Love Me Again,V,k-pop,Pop,Layover,03:02,1054467240,2024,Solo
2NFadq6pUeiVEihLvUlOSr,"Rauw Alejandro: Bzrp Music Sessions, Vol. 56","Bizarrap,Rauw Alejandro","argentine trap, trap latino, urbano latino, reggaeton, latin",Hip Hop,"Rauw Alejandro: Bzrp Music Sessions, Vol. 56",03:11,145707028,2023,Collaboration
2NM0qHzx4Ohy8iXHEEgwlO,Having Our Way (feat. Drake),"Migos,Drake","trap, rap, hip hop",Hip Hop,Culture III,04:38,23017372,2021,Collaboration
2NMjggapJcXXM7WccGEBUO,Enséñame a Bailar,Bad Bunny,"reggaeton, trap latino, latin, urbano latino",Latin,Un Verano Sin Ti,02:56,102336881,2022,Solo
2NWaWZZLFMcr5P4uI2KvWy,En El Radio Un Cochinero,Victor Cibrian,"corrido, corridos bélicos, corridos tumbados, banda",Latin,En El Radio Un Cochinero,03:43,24115418,2022,Solo
2Na0z2gfN67Rzf0vp74Wi3,Lose You,Drake,"rap, hip hop",Hip Hop,More Life,05:05,16905511,2017,Solo
2O223PoYCkIPSsE4cmnr9v,TQM,Fuerza Regida,"corrido, corridos tumbados, corridos bélicos, música mexicana, banda, electro corridos, sierreño, sad sierreño",Latin,Pa las Baby's Y Belikeada,02:37,29655902,2023,Solo
2O3MQ6H3gjrIWDcpeTrikT,"Santa, Can’t You Hear Me","Kelly Clarkson,Ariana Grande","christmas, pop",Jazz,When Christmas Comes Around...,04:02,162052774,2021,Collaboration
2O3MQ6H3gjrIWDcpeTrikT,"Santa, Can’t You Hear Me","Kelly Clarkson,Ariana Grande","christmas, pop",Jazz,When Christmas Comes Around...,04:02,162052774,2022,Collaboration
2O3MQ6H3gjrIWDcpeTrikT,"Santa, Can’t You Hear Me","Kelly Clarkson,Ariana Grande","christmas, pop",Jazz,When Christmas Comes Around...,04:02,162052774,2023,Collaboration
2O3MQ6H3gjrIWDcpeTrikT,"Santa, Can’t You Hear Me","Kelly Clarkson,Ariana Grande","christmas, pop",Jazz,When Christmas Comes Around...,04:02,162052774,2024,Collaboration
2O4Bb2WCkjlTPO827OnBMI,EASY,LE SSERAFIM,k-pop,Pop,EASY,02:44,79217394,2024,Solo
2OALaHcDdKkjYEpAr0Qzab,Lonely Together (feat. Rita Ora),"Avicii,Rita Ora","edm, ",Electronic,AVĪCI (01),03:01,335238632,2017,Collaboration
2OALaHcDdKkjYEpAr0Qzab,Lonely Together (feat. Rita Ora),"Avicii,Rita Ora","edm, ",Electronic,AVĪCI (01),03:01,335238632,2018,Collaboration
2OQ6a4CfUeYskpTTgyawyJ,You Make It Feel Like Christmas (feat. Blake Shelton),"Gwen Stefani,Blake Shelton",country,Country,You Make It Feel Like Christmas,02:36,148210122,2018,Collaboration
2OQ6a4CfUeYskpTTgyawyJ,You Make It Feel Like Christmas (feat. Blake Shelton),"Gwen Stefani,Blake Shelton",country,Country,You Make It Feel Like Christmas,02:36,148210122,2019,Collaboration
2OQ6a4CfUeYskpTTgyawyJ,You Make It Feel Like Christmas (feat. Blake Shelton),"Gwen Stefani,Blake Shelton",country,Country,You Make It Feel Like Christmas,02:36,148210122,2020,Collaboration
2OQ6a4CfUeYskpTTgyawyJ,You Make It Feel Like Christmas (feat. Blake Shelton),"Gwen Stefani,Blake Shelton",country,Country,You Make It Feel Like Christmas,02:36,148210122,2021,Collaboration
2OQ6a4CfUeYskpTTgyawyJ,You Make It Feel Like Christmas (feat. Blake Shelton),"Gwen Stefani,Blake Shelton",country,Country,You Make It Feel Like Christmas,02:36,148210122,2022,Collaboration
2OQ6a4CfUeYskpTTgyawyJ,You Make It Feel Like Christmas (feat. Blake Shelton),"Gwen Stefani,Blake Shelton",country,Country,You Make It Feel Like Christmas,02:36,148210122,2023,Collaboration
2OQ6a4CfUeYskpTTgyawyJ,You Make It Feel Like Christmas (feat. Blake Shelton),"Gwen Stefani,Blake Shelton",country,Country,You Make It Feel Like Christmas,02:36,148210122,2024,Collaboration
2OWv3lRR8PtOVuHWzQNRs2,ROMPE LA DOMPE,"Peso Pluma,Junior H,Oscar Maydon","corrido, corridos tumbados, corridos bélicos, música mexicana, sad sierreño, electro corridos, banda, sierreño",Latin,ROMPE LA DOMPE,02:45,83942286,2023,Collaboration
2OWv3lRR8PtOVuHWzQNRs2,ROMPE LA DOMPE,"Peso Pluma,Junior H,Oscar Maydon","corrido, corridos tumbados, corridos bélicos, música mexicana, sad sierreño, electro corridos, banda, sierreño",Latin,ROMPE LA DOMPE,02:45,83942286,2024,Collaboration
2OvV4NjEBRE9v8Oo7QeUCq,Jump (with Trippie Redd),"Julia Michaels,Trippie Redd",melodic rap,Hip Hop,Jump (with Trippie Redd),03:27,16040069,2018,Collaboration
2Oycxb8QbPkpHTo8ZrmG0B,Prisoner (feat. Dua Lipa),"Miley Cyrus,Dua Lipa",pop,Pop,Plastic Hearts,02:49,311583953,2020,Collaboration
2Oycxb8QbPkpHTo8ZrmG0B,Prisoner (feat. Dua Lipa),"Miley Cyrus,Dua Lipa",pop,Pop,Plastic Hearts,02:49,311583953,2021,Collaboration
2Oycxb8QbPkpHTo8ZrmG0B,Prisoner (feat. Dua Lipa),"Miley Cyrus,Dua Lipa",pop,Pop,Plastic Hearts,02:49,311583953,2023,Collaboration
2PnlsTsOTLE5jnBnNe2K0A,The Emptiness Machine,Linkin Park,"nu metal, rap metal, rock, alternative metal",Metal,The Emptiness Machine,03:10,245330297,2024,Solo
2PpruBYCo4H7WOBJ7Q2EwM,Hey Ya!,Outkast,"southern hip hop, hip hop",Hip Hop,Speakerboxxx/The Love Below,03:55,11752455,2017,Solo
2PpruBYCo4H7WOBJ7Q2EwM,Hey Ya!,Outkast,"southern hip hop, hip hop",Hip Hop,Speakerboxxx/The Love Below,03:55,11752455,2018,Solo
2PpruBYCo4H7WOBJ7Q2EwM,Hey Ya!,Outkast,"southern hip hop, hip hop",Hip Hop,Speakerboxxx/The Love Below,03:55,11752455,2019,Solo
2PpruBYCo4H7WOBJ7Q2EwM,Hey Ya!,Outkast,"southern hip hop, hip hop",Hip Hop,Speakerboxxx/The Love Below,03:55,11752455,2020,Solo
2PpruBYCo4H7WOBJ7Q2EwM,Hey Ya!,Outkast,"southern hip hop, hip hop",Hip Hop,Speakerboxxx/The Love Below,03:55,11752455,2021,Solo
2PpruBYCo4H7WOBJ7Q2EwM,Hey Ya!,Outkast,"southern hip hop, hip hop",Hip Hop,Speakerboxxx/The Love Below,03:55,11752455,2022,Solo
2PpruBYCo4H7WOBJ7Q2EwM,Hey Ya!,Outkast,"southern hip hop, hip hop",Hip Hop,Speakerboxxx/The Love Below,03:55,11752455,2023,Solo
2Q0aElTZQtEUsoiaQfizu6,PARASAIL (feat. Yung Lean & Dave Chappelle),"Travis Scott,Yung Lean,Dave Chappelle","rap, cloud rap, comedy",Hip Hop,UTOPIA,02:34,26177294,2023,Collaboration
2Q3jFbyE61mCjS3SkW4toJ,Race My Mind,Drake,"rap, hip hop",Hip Hop,Certified Lover Boy,04:29,21307080,2021,Solo
2QLbRVzixE282JSQjBz2DG,Liberdade (Quando o Grave Bate Forte),"Alok,Mc Don Juan,Dj GBR","brazilian bass, electronic, slap house, electro house, funk, funk consciente, brazilian funk, trap funk",Electronic,Liberdade (Quando o Grave Bate Forte),02:30,42157336,2021,Collaboration
2QWEMqQMJR1KDf6hDjJOs6,Arson,j-hope,"k-pop, k-rap",Pop,Jack In The Box,02:39,18891092,2022,Solo
2QZ7WLBE8h2y1Y5Fb8RYbH,In My Blood,Shawn Mendes,pop,Pop,Shawn Mendes,03:31,139278021,2018,Solo
2QZ7WLBE8h2y1Y5Fb8RYbH,In My Blood,Shawn Mendes,pop,Pop,Shawn Mendes,03:31,139278021,2019,Solo
2Qcbspnftnon37jibwyvMU,I'll Be There,Jin,k-pop,Pop,I'll Be There,03:01,54308479,2024,Solo
2QdH0rKlV3d9Y6lWzcnlBH,In the morning,ITZY,k-pop,Pop,GUESS WHO,02:52,27431208,2021,Solo
2QoOyCFpDo4NblMLP7vBRT,Is There More,Drake,"rap, hip hop",Hip Hop,Scorpion,03:46,19767044,2018,Solo
2QpGZOhTCHHiKmpSO9FW4h,Follow God,Kanye West,rap,Hip Hop,JESUS IS KING,01:44,86650523,2019,Solo
2QpxC2yag7Ec7Ut1dovXKb,Diamonds (feat. Capital Bra),"Summer Cem,Capital Bra",german hip hop,Hip Hop,Diamonds (feat. Capital Bra),03:17,10008216,2019,Collaboration
2QqJTIlGKRLJC3onkavYEz,Flex (feat. Juice WRLD),"Polo G,Juice WRLD","melodic rap, emo rap",Hip Hop,THE GOAT,02:43,70722441,2020,Collaboration
2QxekHjOYDnzNO5w8hu2D9,Empty Out Your Pockets,Juice WRLD,"melodic rap, emo rap",Hip Hop,The Party Never Ends 2.0,02:15,44205862,2024,Solo
2QyuXBcV1LJ2rq01KhreMF,ON,BTS,k-pop,Pop,MAP OF THE SOUL : 7,04:06,48160693,2020,Solo
2RAeY8dPj6KmStROfEigjV,Peak,Drake,"rap, hip hop",Hip Hop,Scorpion,03:26,20944415,2018,Solo
2RGIuYTsyyHoOCqW0krvNE,Coração Cachorro,"Avine Vinny,Matheus Fernandes","piseiro, forró, sertanejo, arrocha, sertanejo universitário, pagode",Country,Coração Cachorro,02:30,61498760,2021,Collaboration
2RGIuYTsyyHoOCqW0krvNE,Coração Cachorro,"Avine Vinny,Matheus Fernandes","piseiro, forró, sertanejo, arrocha, sertanejo universitário, pagode",Country,Coração Cachorro,02:30,61498760,2022,Collaboration
2RJAKIw6nIkgZVsAIKhmqz,In My Head,Juice WRLD,"melodic rap, emo rap",Hip Hop,In My Head,03:12,12762995,2022,Solo
2RM4jf1Xa9zPgMGRDiht8O,"Big Bank feat. 2 Chainz, Big Sean, Nicki Minaj","YG,2 Chainz,Big Sean,Nicki Minaj","hyphy, rap, southern hip hop, ",Hip Hop,"Big Bank feat. 2 Chainz, Big Sean, Nicki Minaj",03:58,24992874,2018,Collaboration
2RVrdr062uLFxXwIxwdXPH,Te Amo,"Piso 21,Paulo Londra","reggaeton, colombian pop, pop urbano, argentine trap, trap latino",Hip Hop,Te Amo,03:21,133900665,2018,Collaboration
2Rd4eJ4KwXQQn2sMSToyUM,Moon,Kanye West,rap,Hip Hop,Donda,02:36,60568793,2021,Solo
2Rk4JlNc2TPmZe2af99d45,ME! (feat. Brendon Urie of Panic! At The Disco),"Taylor Swift,Brendon Urie,Panic! At The Disco",emo,Rock,Lover,03:13,87437639,2019,Collaboration
2Rk4JlNc2TPmZe2af99d45,ME! (feat. Brendon Urie of Panic! At The Disco),"Taylor Swift,Brendon Urie,Panic! At The Disco",emo,Rock,Lover,03:13,87437639,2020,Collaboration
2RttW7RAu5nOAfq6YFvApB,Happier,Ed Sheeran,soft pop,Pop,÷ (Deluxe),03:27,463772090,2017,Solo
2RttW7RAu5nOAfq6YFvApB,Happier,Ed Sheeran,soft pop,Pop,÷ (Deluxe),03:27,463772090,2018,Solo
2RttW7RAu5nOAfq6YFvApB,Happier,Ed Sheeran,soft pop,Pop,÷ (Deluxe),03:27,463772090,2019,Solo
2RxC2peY3FtrurYmbbmanr,Qué Maldición,"Banda MS de Sergio Lizárraga,Snoop Dogg","banda, norteño, grupera, música mexicana, corrido, g-funk, west coast hip hop, gangster rap, hip hop, rap",Latin,Qué Maldición,03:23,11248250,2020,Collaboration
2S93hylQBYLndMnaJuso8S,"Nicki Nicole: Bzrp Music Sessions, Vol. 13","Bizarrap,Nicki Nicole","argentine trap, trap latino, urbano latino",Hip Hop,"Nicki Nicole: Bzrp Music Sessions, Vol. 13",02:23,14717721,2019,Collaboration
2SAqBLGA283SUiwJ3xOUVI,Laugh Now Cry Later (feat. Lil Durk),"Drake,Lil Durk","rap, hip hop, drill",Hip Hop,Laugh Now Cry Later (feat. Lil Durk),04:21,509587352,2020,Collaboration
2SAqBLGA283SUiwJ3xOUVI,Laugh Now Cry Later (feat. Lil Durk),"Drake,Lil Durk","rap, hip hop, drill",Hip Hop,Laugh Now Cry Later (feat. Lil Durk),04:21,509587352,2021,Collaboration
2SBr3MK1sdMs8IxdRcN6qz,Santa Baby,Kylie Minogue,dance pop,Pop,Kylie Christmas,03:21,105598701,2017,Solo
2SBr3MK1sdMs8IxdRcN6qz,Santa Baby,Kylie Minogue,dance pop,Pop,Kylie Christmas,03:21,105598701,2018,Solo
2SBr3MK1sdMs8IxdRcN6qz,Santa Baby,Kylie Minogue,dance pop,Pop,Kylie Christmas,03:21,105598701,2019,Solo
2SBr3MK1sdMs8IxdRcN6qz,Santa Baby,Kylie Minogue,dance pop,Pop,Kylie Christmas,03:21,105598701,2020,Solo
2SBr3MK1sdMs8IxdRcN6qz,Santa Baby,Kylie Minogue,dance pop,Pop,Kylie Christmas,03:21,105598701,2021,Solo
2SBr3MK1sdMs8IxdRcN6qz,Santa Baby,Kylie Minogue,dance pop,Pop,Kylie Christmas,03:21,105598701,2022,Solo
2SBr3MK1sdMs8IxdRcN6qz,Santa Baby,Kylie Minogue,dance pop,Pop,Kylie Christmas,03:21,105598701,2023,Solo
2SBr3MK1sdMs8IxdRcN6qz,Santa Baby,Kylie Minogue,dance pop,Pop,Kylie Christmas,03:21,105598701,2024,Solo
2SJZdZ5DLtlRosJ2xHJJJa,Chance,Paulo Londra,"argentine trap, trap latino, reggaeton",Hip Hop,Chance,03:24,24045757,2022,Solo
2SL6oP2YAEQbqsrkOzRGO4,Venom - Music From The Motion Picture,Eminem,"rap, hip hop",Hip Hop,Kamikaze,04:29,107150723,2018,Solo
2SL6oP2YAEQbqsrkOzRGO4,Venom - Music From The Motion Picture,Eminem,"rap, hip hop",Hip Hop,Kamikaze,04:29,107150723,2021,Solo
2SOvWt6igzXViIjIiWNWEP,BABY HELLO,"Rauw Alejandro,Bizarrap","reggaeton, urbano latino, trap latino, latin, argentine trap",Hip Hop,BABY HELLO,03:42,49981422,2023,Collaboration
2SR0alFA2oWYXSoePGTj0V,I’ll Be There,Jin,k-pop,Pop,Happy - :D (Remixes),03:01,34404915,2024,Solo
2SUPbyD77tJuOUbqbxct6l,Quero Ver é Me Esquecer (feat. Jorge) - Ao Vivo,"Os Barões Da Pisadinha,Jorge","piseiro, forró, sertanejo, arrocha, brega, tecnobrega, agronejo, sertanejo universitário",Country,"Da Roça Pra Cidade (Ao Vivo), Vol. 02",02:27,23139547,2021,Collaboration
2SUxn2O9NHL6GHGQFgwCY0,2step,Ed Sheeran,soft pop,Pop,=,02:33,16483606,2021,Solo
2SUxn2O9NHL6GHGQFgwCY0,2step,Ed Sheeran,soft pop,Pop,=,02:33,16483606,2022,Solo
2SasoXZyv82yYgHiVOvxQn,On God,Kanye West,rap,Hip Hop,JESUS IS KING,02:16,23501479,2019,Solo
2SiAcexM2p1yX6joESbehd,LLYLM,ROSALÍA,latin,Latin,LLYLM,02:54,88644714,2023,Solo
2SiXAy7TuUkycRVbbWDEpo,You Shook Me All Night Long,AC/DC,"rock, hard rock, classic rock, rock and roll",Rock,Back In Black,03:30,106001166,2017,Solo
2SiXAy7TuUkycRVbbWDEpo,You Shook Me All Night Long,AC/DC,"rock, hard rock, classic rock, rock and roll",Rock,Back In Black,03:30,106001166,2018,Solo
2SiXAy7TuUkycRVbbWDEpo,You Shook Me All Night Long,AC/DC,"rock, hard rock, classic rock, rock and roll",Rock,Back In Black,03:30,106001166,2024,Solo
2Sjx8DWZO5zaTyTAmgo2gY,Gone Girl,SZA,r&b,R&B,SOS,04:04,13282199,2022,Solo
2SmgFAhQkQCQPyBiBxR6Te,Criminal,"NATTI NATASHA,Ozuna","reggaeton, latin, urbano latino, trap latino",Latin,Criminal,03:52,68114816,2017,Collaboration
2SwQShWjZsxoGviEyaEMOX,Nerdesin,Ezhel,"turkish hip hop, turkish pop",Hip Hop,Nerdesin,02:56,17715682,2022,Solo
2TDyyEBasw10wu5Uh94bR1,PUNTO 40,"Rauw Alejandro,Baby Rasta","reggaeton, urbano latino, trap latino, latin",Latin,PUNTO 40,03:10,55608813,2022,Collaboration
2TE4xW3ImvpltVU0cPcKUn,Merry Christmas Everyone,Shakin' Stevens,"christmas, rockabilly",Jazz,Merry Christmas Everyone,03:40,391259107,2020,Solo
2TE4xW3ImvpltVU0cPcKUn,Merry Christmas Everyone,Shakin' Stevens,"christmas, rockabilly",Jazz,Merry Christmas Everyone,03:40,391259107,2021,Solo
2TE4xW3ImvpltVU0cPcKUn,Merry Christmas Everyone,Shakin' Stevens,"christmas, rockabilly",Jazz,Merry Christmas Everyone,03:40,391259107,2022,Solo
2TE4xW3ImvpltVU0cPcKUn,Merry Christmas Everyone,Shakin' Stevens,"christmas, rockabilly",Jazz,Merry Christmas Everyone,03:40,391259107,2023,Solo
2TE4xW3ImvpltVU0cPcKUn,Merry Christmas Everyone,Shakin' Stevens,"christmas, rockabilly",Jazz,Merry Christmas Everyone,03:40,391259107,2024,Solo
2TH65lNHgvLxCKXM3apjxI,Callaita,"Bad Bunny,Tainy","reggaeton, trap latino, latin, urbano latino",Latin,Callaita,04:10,626684776,2019,Collaboration
2TH65lNHgvLxCKXM3apjxI,Callaita,"Bad Bunny,Tainy","reggaeton, trap latino, latin, urbano latino",Latin,Callaita,04:10,626684776,2020,Collaboration
2TIlqbIneP0ZY1O0EzYLlc,Someone You Loved,Lewis Capaldi,soft pop,Pop,Breach,03:02,161849904,2019,Solo
2TJ1FOCmCBkKm418MjVw5D,Donda,Kanye West,rap,Hip Hop,Donda,02:08,11980068,2021,Solo
2TJKY0WSFufZOzbRNgl6zE,ELOVRGA,"Alex Favela,Grupo Marca Registrada,Joaquin Medina","electro corridos, corrido, corridos tumbados, corridos bélicos, banda, norteño, música mexicana, sad sierreño, sierreño, reggaeton mexa",Latin,ELOVRGA,03:14,406280786,2023,Collaboration
2TJKY0WSFufZOzbRNgl6zE,ELOVRGA,"Alex Favela,Grupo Marca Registrada,Joaquin Medina","electro corridos, corrido, corridos tumbados, corridos bélicos, banda, norteño, música mexicana, sad sierreño, sierreño, reggaeton mexa",Latin,ELOVRGA,03:14,406280786,2024,Collaboration
2TksvaRivgAEj780DgRB73,911,Sech,"reggaeton, urbano latino",Latin,911,03:35,82432866,2021,Solo
2TktkzfozZifbQhXjT6I33,Evergreen (You Didn’t Deserve Me At All),Omar Apollo,bedroom pop,Pop,Ivory,03:36,117148180,2022,Solo
2TktkzfozZifbQhXjT6I33,Evergreen (You Didn’t Deserve Me At All),Omar Apollo,bedroom pop,Pop,Ivory,03:36,117148180,2023,Solo
2U5WueTLIK5WJLD7mvDODv,Wishing Well,Juice WRLD,"melodic rap, emo rap",Hip Hop,Legends Never Die,03:14,339185581,2020,Solo
2U5WueTLIK5WJLD7mvDODv,Wishing Well,Juice WRLD,"melodic rap, emo rap",Hip Hop,Legends Never Die,03:14,339185581,2021,Solo
2UN0lp72LAusrXi8LLVomt,2step (feat. Lil Baby),"Ed Sheeran,Lil Baby","soft pop, ",Pop,2step (feat. Lil Baby),02:43,12496768,2022,Collaboration
2USlegnFJLrVLpoVfPimKB,Thunder,"Gabry Ponte,LUM!X,Prezioso","slap house, italo dance, melbourne bounce",Pop,Thunder,02:40,99095410,2021,Collaboration
2USlegnFJLrVLpoVfPimKB,Thunder,"Gabry Ponte,LUM!X,Prezioso","slap house, italo dance, melbourne bounce",Pop,Thunder,02:40,99095410,2022,Collaboration
2UU11hvjN1JIn4iihEodNT,Blue,V,k-pop,Pop,Layover,02:29,19846134,2023,Solo
2UVbBKQOdFAekPTRsnkzcf,Stir Fry,Migos,trap,Hip Hop,Culture II,03:10,186406755,2018,Solo
2UW7JaomAMuX9pZrjVpHAU,La Bebe - Remix,"Yng Lvcas,Peso Pluma","reggaeton mexa, reggaeton, electro corridos, corrido, corridos tumbados, corridos bélicos, música mexicana, sad sierreño, banda",Latin,La Bebe (Remix),03:54,1741646631,2023,Collaboration
2UW7JaomAMuX9pZrjVpHAU,La Bebe - Remix,"Yng Lvcas,Peso Pluma","reggaeton mexa, reggaeton, electro corridos, corrido, corridos tumbados, corridos bélicos, música mexicana, sad sierreño, banda",Latin,La Bebe (Remix),03:54,1741646631,2024,Collaboration
2UbVnbE5FH6008mAm6Mmgw,Run,OneRepublic,soft pop,Pop,Run,02:49,132701241,2021,Solo
2UciqgwVDwro0fev3MFbxJ,ATM,J. Cole,rap,Hip Hop,KOD,03:36,41872028,2018,Solo
2Uts1QFB4u2YNIMiqcb4de,peekaboo (feat. azchike),"Kendrick Lamar,Az Chike","hip hop, west coast hip hop, hyphy",Hip Hop,GNX,02:35,28910136,2024,Collaboration
2UwALqx6yOsXTFt7zRxnts,Tell The Vision (feat. Kanye West & Pusha T),"Pop Smoke,Kanye West,Pusha T","brooklyn drill, drill, new york drill, rap, ",Hip Hop,Faith,03:35,11271499,2021,Collaboration
2UwbhMie1EAYuTZ0QXeMwl,Save Me,XXXTENTACION,emo rap,Hip Hop,17,02:43,13138387,2017,Solo
2UwbhMie1EAYuTZ0QXeMwl,Save Me,XXXTENTACION,emo rap,Hip Hop,17,02:43,13138387,2018,Solo
2UxfcZJCphbEkfbZ6nLiDx,Kids in Love,"Kygo,The Night Game","tropical house, ",Electronic,Kids in Love,04:22,12995095,2017,Collaboration
2V4Fx72svQRxrFvNT1eq5f,THE BADDEST,"K/DA,(G)I-DLE,Wolftyla,Bea Miller,League of Legends","k-pop, ",Pop,THE BADDEST,02:42,12394513,2020,Collaboration
2VUTPdW21gPVVTEmvdSwos,Ela,Reynmen,"turkish pop, turkish hip hop",Hip Hop,Ela,03:05,11479788,2019,Solo
2VWbHHhWnMzKWPUs4IEEW9,God's Plan,Drake,"rap, hip hop",Hip Hop,Scorpion,03:18,69589784,2018,Solo
2VYb3Fb5iK5Y8HGZ8oEEkp,Violent Crimes,Kanye West,rap,Hip Hop,ye,03:35,22065965,2018,Solo
2Vdub5mY4lad7w64bFPUez,Hey Ma (with Pitbull & J Balvin feat. Camila Cabello),"Pitbull,J Balvin,Camila Cabello","reggaeton, latin, pop",Latin,Hey Ma (with Pitbull & J Balvin feat. Camila Cabello),03:14,156810582,2017,Collaboration
2VgJDTfkuwlm7WIHnvtRCQ,You Are The Reason,Calum Scott,soft pop,Pop,Only Human (Deluxe),03:24,17138730,2018,Solo
2VkuxjlbnbaBiWYpdBGVol,Oh Santa! (feat. Ariana Grande & Jennifer Hudson),"Mariah Carey,Ariana Grande,Jennifer Hudson","christmas, pop, ",Jazz,Mariah Carey's Magical Christmas Special (Apple TV+ Original Soundtrack),03:20,21259544,2020,Collaboration
2VkuxjlbnbaBiWYpdBGVol,Oh Santa! (feat. Ariana Grande & Jennifer Hudson),"Mariah Carey,Ariana Grande,Jennifer Hudson","christmas, pop, ",Jazz,Mariah Carey's Magical Christmas Special (Apple TV+ Original Soundtrack),03:20,21259544,2021,Collaboration
2VkuxjlbnbaBiWYpdBGVol,Oh Santa! (feat. Ariana Grande & Jennifer Hudson),"Mariah Carey,Ariana Grande,Jennifer Hudson","christmas, pop, ",Jazz,Mariah Carey's Magical Christmas Special (Apple TV+ Original Soundtrack),03:20,21259544,2023,Collaboration
2VkuxjlbnbaBiWYpdBGVol,Oh Santa! (feat. Ariana Grande & Jennifer Hudson),"Mariah Carey,Ariana Grande,Jennifer Hudson","christmas, pop, ",Jazz,Mariah Carey's Magical Christmas Special (Apple TV+ Original Soundtrack),03:20,21259544,2024,Collaboration
2Vx8E3K5icPZR7OCklWBXX,Nonstop,Drake,"rap, hip hop",Hip Hop,Scorpion,03:58,93237013,2018,Solo
2VxeLyX666F8uXCJ0dZF8B,Shallow,"Lady Gaga,Bradley Cooper","art pop, pop, ",Pop,A Star Is Born Soundtrack,03:35,1710292450,2018,Collaboration
2VxeLyX666F8uXCJ0dZF8B,Shallow,"Lady Gaga,Bradley Cooper","art pop, pop, ",Pop,A Star Is Born Soundtrack,03:35,1710292450,2019,Collaboration
2VxeLyX666F8uXCJ0dZF8B,Shallow,"Lady Gaga,Bradley Cooper","art pop, pop, ",Pop,A Star Is Born Soundtrack,03:35,1710292450,2020,Collaboration
2VxeLyX666F8uXCJ0dZF8B,Shallow,"Lady Gaga,Bradley Cooper","art pop, pop, ",Pop,A Star Is Born Soundtrack,03:35,1710292450,2021,Collaboration
2VxeLyX666F8uXCJ0dZF8B,Shallow,"Lady Gaga,Bradley Cooper","art pop, pop, ",Pop,A Star Is Born Soundtrack,03:35,1710292450,2022,Collaboration
2VxeLyX666F8uXCJ0dZF8B,Shallow,"Lady Gaga,Bradley Cooper","art pop, pop, ",Pop,A Star Is Born Soundtrack,03:35,1710292450,2023,Collaboration
2VzCjpKvPB1l1tqLndtAQa,Por las Noches,Peso Pluma,"corrido, corridos tumbados, corridos bélicos, música mexicana, sad sierreño, electro corridos, banda",Latin,Por las Noches,03:59,562311290,2023,Solo
2WL6GQzPuK9Nrpy9XwNEbz,Something In The Way - Remastered,Nirvana,"grunge, rock",Rock,Nevermind (30th Anniversary Super Deluxe),03:52,88095740,2022,Solo
2WfaOiMkCvy7F5fcp2zZ8L,Take on Me,a-ha,"new wave, synthpop",Rock,Hunting High and Low,03:45,739642886,2018,Solo
2WfaOiMkCvy7F5fcp2zZ8L,Take on Me,a-ha,"new wave, synthpop",Rock,Hunting High and Low,03:45,739642886,2019,Solo
2WfaOiMkCvy7F5fcp2zZ8L,Take on Me,a-ha,"new wave, synthpop",Rock,Hunting High and Low,03:45,739642886,2020,Solo
2WfaOiMkCvy7F5fcp2zZ8L,Take on Me,a-ha,"new wave, synthpop",Rock,Hunting High and Low,03:45,739642886,2021,Solo
2WfaOiMkCvy7F5fcp2zZ8L,Take on Me,a-ha,"new wave, synthpop",Rock,Hunting High and Low,03:45,739642886,2022,Solo
2WfaOiMkCvy7F5fcp2zZ8L,Take on Me,a-ha,"new wave, synthpop",Rock,Hunting High and Low,03:45,739642886,2023,Solo
2WfaOiMkCvy7F5fcp2zZ8L,Take on Me,a-ha,"new wave, synthpop",Rock,Hunting High and Low,03:45,739642886,2024,Solo
2WigMwGJysIh9fRnSJvpjn,KU LO SA - A COLORS SHOW,Oxlade,"afrobeats, afrobeat, afropop, alté, afro soul, afroswing, afropiano",R&B,KU LO SA - A COLORS SHOW,02:27,57760864,2022,Solo
2Wo6QQD1KMDWeFkkjLqwx5,Roses - Imanbek Remix,"SAINt JHN,Imanbek",slap house,Electronic,Roses (Imanbek Remix),02:56,251342836,2020,Collaboration
2WsuSYJNXGKXVYkHPnq2yp,Ransom (with Juice WRLD) - Remix,"Lil Tecca,Juice WRLD","melodic rap, rap, emo rap",Hip Hop,We Love You Tecca,02:51,20961236,2019,Collaboration
2XDhuJvvx2wcIROXbfTTYr,Believe,Eminem,"rap, hip hop",Hip Hop,Revival,05:15,12842014,2017,Solo
2XIc1pqjXV3Cr2BQUGNBck,LA NOCHE DE ANOCHE,"Bad Bunny,ROSALÍA","reggaeton, trap latino, latin, urbano latino",Latin,EL ÚLTIMO TOUR DEL MUNDO,03:23,515478688,2020,Collaboration
2XIc1pqjXV3Cr2BQUGNBck,LA NOCHE DE ANOCHE,"Bad Bunny,ROSALÍA","reggaeton, trap latino, latin, urbano latino",Latin,EL ÚLTIMO TOUR DEL MUNDO,03:23,515478688,2021,Collaboration
2XIc1pqjXV3Cr2BQUGNBck,LA NOCHE DE ANOCHE,"Bad Bunny,ROSALÍA","reggaeton, trap latino, latin, urbano latino",Latin,EL ÚLTIMO TOUR DEL MUNDO,03:23,515478688,2022,Collaboration
2XRn6Qu0Wd1KvOND8JbaTx,Beautiful Girl,Luciano,german hip hop,Hip Hop,Beautiful Girl,02:59,38761300,2022,Solo
2XSO13Gyndo7MDdtYibIxO,Screw Juice,Juice WRLD,"melodic rap, emo rap",Hip Hop,Legends Never Die,02:59,16659244,2020,Solo
2XTquzYQAdT1Hk78bOUwsv,Greatest,Eminem,"rap, hip hop",Hip Hop,Kamikaze,03:46,49810538,2018,Solo
2XVilv6s9GETnw9PG4T9Mz,El Préstamo,Maluma,"reggaeton, latin, urbano latino",Latin,F.A.M.E.,03:39,82378346,2018,Solo
2XW4DbS6NddZxRPm5rMCeY,God's Plan,Drake,"rap, hip hop",Hip Hop,Scary Hours,03:18,776178003,2018,Solo
2XWjPtKdi5sucFYtVav07d,365,"Zedd,Katy Perry","edm, pop",Electronic,365,03:01,48293521,2019,Collaboration
2XXMDz7SPZ4mSFN1PXfHUy,Cuando Te Besé,"Becky G,Paulo Londra","reggaeton, latin, argentine trap, trap latino",Hip Hop,Cuando Te Besé,04:14,228341391,2018,Collaboration
2XXMDz7SPZ4mSFN1PXfHUy,Cuando Te Besé,"Becky G,Paulo Londra","reggaeton, latin, argentine trap, trap latino",Hip Hop,Cuando Te Besé,04:14,228341391,2019,Collaboration
2XlHu0HcujBCkWMdIAvrqt,Blem,Drake,"rap, hip hop",Hip Hop,More Life,03:36,75107427,2017,Solo
2Xqd0wUttjueBfdcltADOv,No Limit,"G-Eazy,A$AP Rocky,Cardi B","rap, ",Hip Hop,No Limit,04:05,81019458,2017,Collaboration
2Xr1dTzJee307rmrkt8c0g,love nwantiti (ah ah ah),CKay,"afrobeats, afrobeat, afropop",Traditional music,CKay The First,02:25,479396386,2021,Solo
2Xr1dTzJee307rmrkt8c0g,love nwantiti (ah ah ah),CKay,"afrobeats, afrobeat, afropop",Traditional music,CKay The First,02:25,479396386,2022,Solo
2Y0wPrPQBrGhoLn14xRYCG,Come & Go (with Marshmello),"Juice WRLD,Marshmello","melodic rap, emo rap, edm",Electronic,Legends Never Die,03:25,370695185,2020,Collaboration
2Y0wPrPQBrGhoLn14xRYCG,Come & Go (with Marshmello),"Juice WRLD,Marshmello","melodic rap, emo rap, edm",Electronic,Legends Never Die,03:25,370695185,2021,Collaboration
2YFhqZvhTpyK13gKXMKV7R,"Girl, so confusing featuring lorde","Charli xcx,Lorde","hyperpop, art pop, ",Pop,"Girl, so confusing featuring lorde",03:25,11036482,2024,Collaboration
2YRvdf9cdS88y1wB1WhKoE,Rebota,Guaynaa,reggaeton,Latin,Rebota,03:24,23104731,2019,Solo
2YSzYUF3jWqb9YP9VXmpjE,IDGAF (feat. Yeat),"Drake,Yeat","rap, hip hop, rage rap",Hip Hop,For All The Dogs,04:20,542203890,2023,Collaboration
2YSzYUF3jWqb9YP9VXmpjE,IDGAF (feat. Yeat),"Drake,Yeat","rap, hip hop, rage rap",Hip Hop,For All The Dogs,04:20,542203890,2024,Collaboration
2YVlDlk2zRceefo6XlC6DX,Ain’t That Some,Morgan Wallen,country,Country,One Thing At A Time,02:38,23487948,2023,Solo
2YXswOX5aKv6OHRKUcAMLQ,All Eyes On Me,JISOO,k-pop,Pop,ME,02:43,18054452,2023,Solo
2YmfV4lAjrAQvuggKCUX6m,Sweet Venom,ENHYPEN,k-pop,Pop,ORANGE BLOOD,02:28,14116478,2023,Solo
2Z8yfpFX0ZMavHkcIeHiO1,Monster (Shawn Mendes & Justin Bieber),"Shawn Mendes,Justin Bieber","pop, ",Pop,Monster,02:58,51315928,2020,Collaboration
2ZL7WZcjuYKi1KUDtp4kCC,Spin Bout U,"Drake,21 Savage","rap, hip hop, ",Hip Hop,Her Loss,03:34,47938859,2022,Collaboration
2ZRo7axmMPeSVUvDbGkJah,Hope,XXXTENTACION,emo rap,Hip Hop,?,01:50,206232211,2018,Solo
2ZRo7axmMPeSVUvDbGkJah,Hope,XXXTENTACION,emo rap,Hip Hop,?,01:50,206232211,2021,Solo
2ZRo7axmMPeSVUvDbGkJah,Hope,XXXTENTACION,emo rap,Hip Hop,?,01:50,206232211,2022,Solo
2ZTYlnhhV1UAReg7wIGolx,To Die For,Sam Smith,soft pop,Pop,To Die For,03:13,77393962,2020,Solo
2ZUJsR8HEktit58X6FuPQM,Heaven and Hell,Kanye West,rap,Hip Hop,Donda,02:25,20980096,2021,Solo
2ZlABhxMMa43COmZ97kKsJ,Jumbotron Shit Poppin,Drake,"rap, hip hop",Hip Hop,Her Loss,02:17,17604473,2022,Solo
2ZqTbIID9vFPTXaGyzbb4q,Neva Play (feat. RM of BTS),"Megan Thee Stallion,RM","k-pop, k-rap",Pop,Neva Play (feat. RM of BTS),02:37,57754497,2024,Collaboration
2a1o6ZejUi8U3wzzOtCOYw,Danza Kuduro,"Don Omar,Lucenzo","reggaeton, urbano latino",Latin,Meet The Orphans,03:18,663449086,2017,Collaboration
2a1o6ZejUi8U3wzzOtCOYw,Danza Kuduro,"Don Omar,Lucenzo","reggaeton, urbano latino",Latin,Meet The Orphans,03:18,663449086,2021,Collaboration
2a1o6ZejUi8U3wzzOtCOYw,Danza Kuduro,"Don Omar,Lucenzo","reggaeton, urbano latino",Latin,Meet The Orphans,03:18,663449086,2022,Collaboration
2a1o6ZejUi8U3wzzOtCOYw,Danza Kuduro,"Don Omar,Lucenzo","reggaeton, urbano latino",Latin,Meet The Orphans,03:18,663449086,2023,Collaboration
2a1o6ZejUi8U3wzzOtCOYw,Danza Kuduro,"Don Omar,Lucenzo","reggaeton, urbano latino",Latin,Meet The Orphans,03:18,663449086,2024,Collaboration
2a3mQSOYa91goACTglQ6Rz,Due Vite,Marco Mengoni,italo dance,Pop,MATERIA (PELLE),03:45,16892464,2023,Solo
2aJnyNu4PQxQ2lyj5boiMG,I Hate U,SZA,r&b,R&B,SOS,02:53,10096234,2022,Solo
2aPTvyE09vUCRwVvj0I8WK,Sundress,A$AP Rocky,rap,Hip Hop,Sundress,02:38,62505477,2018,Solo
2aPTvyE09vUCRwVvj0I8WK,Sundress,A$AP Rocky,rap,Hip Hop,Sundress,02:38,62505477,2024,Solo
2aYZaN5SmkRDLsrrV8GkBQ,LA PATRULLA,"Peso Pluma,Neton Vega","corrido, corridos tumbados, corridos bélicos, música mexicana, sad sierreño, electro corridos, banda",Latin,ÉXODO,02:10,365770051,2024,Collaboration
2ajzBr7vwHTEBeqDzcsNRC,That Way - Bonus Track,Lil Uzi Vert,melodic rap,Hip Hop,Eternal Atake,03:32,60942205,2020,Solo
2alIsNw1mqEShbWyO1HXZZ,Por Perro,"Sebastian Yatra,Luis Figueroa,Lary Over","colombian pop, reggaeton, latin, salsa, salsa romantica, trap latino, trap, dembow",Pop,MANTRA,04:05,116683833,2018,Collaboration
2b8fOow8UzyDFAE27YhOZM,Memories,Maroon 5,pop,Pop,Memories,03:09,1156746505,2019,Solo
2b8fOow8UzyDFAE27YhOZM,Memories,Maroon 5,pop,Pop,Memories,03:09,1156746505,2020,Solo
2b8fOow8UzyDFAE27YhOZM,Memories,Maroon 5,pop,Pop,Memories,03:09,1156746505,2021,Solo
2bAAj29XGc4h1G4oEGYCmg,MORE & MORE,TWICE,k-pop,Pop,MORE & MORE,03:19,25400702,2020,Solo
2bPtwnrpFNEe8N7Q85kLHw,Combatchy (feat. MC Rebecca),"Anitta,Lexa,Luísa Sonza,Rebecca","brazilian pop, funk pop, funk carioca, funk, pagode baiano, brazilian funk, brega funk",Hip Hop,Combatchy (feat. MC Rebecca),02:37,22904950,2019,Collaboration
2bPtwnrpFNEe8N7Q85kLHw,Combatchy (feat. MC Rebecca),"Anitta,Lexa,Luísa Sonza,Rebecca","brazilian pop, funk pop, funk carioca, funk, pagode baiano, brazilian funk, brega funk",Hip Hop,Combatchy (feat. MC Rebecca),02:37,22904950,2020,Collaboration
2bT1PH7Cw3J9p3t7nlXCdh,If I Can't Have You,Shawn Mendes,pop,Pop,Shawn Mendes (Deluxe),03:11,260619064,2019,Solo
2bT1PH7Cw3J9p3t7nlXCdh,If I Can't Have You,Shawn Mendes,pop,Pop,Shawn Mendes (Deluxe),03:11,260619064,2020,Solo
2bbwjxA68m9PHZFWgF1fze,GIVENCHY,Duki,"argentine trap, trap, trap latino",Hip Hop,Temporada de Reggaetón 2,03:02,62988614,2022,Solo
2bgTY4UwhfBYhGT4HUYStN,Butter,BTS,k-pop,Pop,"Butter (Hotter, Sweeter, Cooler)",02:44,415111534,2021,Solo
2bgcUk2A3jjKbCJ7KPquTi,Mi Niña,"Wisin,Myke Towers,Los Legendarios","reggaeton, latin, trap latino, urbano latino",Latin,Mi Niña,03:33,236187152,2020,Collaboration
2bgcUk2A3jjKbCJ7KPquTi,Mi Niña,"Wisin,Myke Towers,Los Legendarios","reggaeton, latin, trap latino, urbano latino",Latin,Mi Niña,03:33,236187152,2021,Collaboration
2bjwRfXMk4uRgOD9IBYl9h,Portland,"Drake,Quavo,Travis Scott","rap, hip hop",Hip Hop,More Life,03:56,178208038,2017,Collaboration
2btNsI4OvcVl7SAHQQDHFB,Mírame,"Blessd,Ovy On The Drums","reggaeton, urbano latino",Latin,Mírame,02:37,250043305,2024,Collaboration
2c6xRsQBv7pynuhYhWoHxo,Woman Like Me,Adele,soft pop,Pop,30,05:00,18092376,2021,Solo
2c7GlMNmF7pbohjykutmLP,Thunderclouds,"Sia,Diplo,Labrinth,LSD","moombahton, ",Electronic,Mountains,03:07,70083173,2018,Collaboration
2c7GlMNmF7pbohjykutmLP,Thunderclouds,"Sia,Diplo,Labrinth,LSD","moombahton, ",Electronic,Mountains,03:07,70083173,2019,Collaboration
2cKovq3l6OJjhVVDbVKOsr,The Other Side,"Hugh Jackman,Zac Efron",musicals,Classical,The Greatest Showman (Original Motion Picture Soundtrack),03:34,40375361,2018,Collaboration
2cYnZNzFRFK0H7vSNxPsUq,Ella Quiere Beber - Remix,"Anuel AA,Romeo Santos","reggaeton, trap latino, urbano latino, latin, bachata, bachata pop",Latin,Ella Quiere Beber (Remix),03:39,168607758,2018,Collaboration
2cYnZNzFRFK0H7vSNxPsUq,Ella Quiere Beber - Remix,"Anuel AA,Romeo Santos","reggaeton, trap latino, urbano latino, latin, bachata, bachata pop",Latin,Ella Quiere Beber (Remix),03:39,168607758,2019,Collaboration
2cZOYofOX4d6g0OXxkaIjA,ALL RED,Playboi Carti,rage rap,Hip Hop,ALL RED,02:28,47925653,2024,Solo
2cnKEkpVUSV4wnjQiTWfH6,Escápate Conmigo (feat. Ozuna),"Wisin,Ozuna","reggaeton, latin, trap latino, urbano latino",Latin,Escápate Conmigo (feat. Ozuna),03:52,282155332,2017,Collaboration
2cnKST6T9qUo2i907lm8zX,a m a r i,J. Cole,rap,Hip Hop,The Off-Season,02:28,47491682,2021,Solo
2dG9k8jtnkjzJjUToz9i9i,"Residente: Bzrp Music Sessions, Vol. 49","Bizarrap,Residente","argentine trap, trap latino, urbano latino, latin hip hop",Hip Hop,"Residente: Bzrp Music Sessions, Vol. 49",08:39,25147778,2022,Collaboration
2dHoVW9AxJVSRebPRyV2aA,Gone,ROSÉ,k-pop,Pop,R,03:27,29402596,2021,Solo
2dNhNlpZAtV4lwAFW45LIv,AM,"Nio Garcia,Flow La Movie","reggaeton, trap latino",Latin,AM,03:02,198450881,2021,Collaboration
2dfHh7ECGxfNqZTQno09Vk,Hearts Don't Break Around Here,Ed Sheeran,soft pop,Pop,÷ (Deluxe),04:08,49799279,2017,Solo
2dfqS3MRtbLZSZA1IL8xY5,Skepta Interlude,Drake,"rap, hip hop",Hip Hop,More Life,02:23,20227695,2017,Solo
2dl5K2ScW7jYhAhuem06cm,PROBLEMA,Daddy Yankee,"reggaeton, latin",Latin,PROBLEMA,03:04,54160757,2021,Solo
2dpaYNEQHiRxtZbfNsse99,Happier,"Marshmello,Bastille","edm, ",Electronic,Happier,03:34,1302200882,2018,Collaboration
2dpaYNEQHiRxtZbfNsse99,Happier,"Marshmello,Bastille","edm, ",Electronic,Happier,03:34,1302200882,2019,Collaboration
2dpaYNEQHiRxtZbfNsse99,Happier,"Marshmello,Bastille","edm, ",Electronic,Happier,03:34,1302200882,2020,Collaboration
2dpaYNEQHiRxtZbfNsse99,Happier,"Marshmello,Bastille","edm, ",Electronic,Happier,03:34,1302200882,2021,Collaboration
2e2AXpIiJpet5b4qg85Gh6,F2F,SZA,r&b,R&B,SOS,03:05,12927778,2022,Solo
2eAZfqOm4EnOF9VvN50Tyc,The Way Life Goes (feat. Oh Wonder),"Lil Uzi Vert,Oh Wonder","melodic rap, ",Hip Hop,Luv Is Rage 2,03:41,136265353,2017,Collaboration
2eAZfqOm4EnOF9VvN50Tyc,The Way Life Goes (feat. Oh Wonder),"Lil Uzi Vert,Oh Wonder","melodic rap, ",Hip Hop,Luv Is Rage 2,03:41,136265353,2018,Collaboration
2eMwDehkIC1j68U6FA3Eiq,XO TOUR Llif3,Lil Uzi Vert,melodic rap,Hip Hop,XO TOUR Llif3,03:02,341575016,2017,Solo
2ePtv8MlBO9nuuXABqAfEX,SugarCrash!,ElyOtto,hyperpop,Pop,SugarCrash!,01:20,60899713,2021,Solo
2eQFYGegTZaObk2kuBz83Z,Tú Con Él,Rauw Alejandro,"reggaeton, urbano latino, trap latino, latin",Latin,Cosa Nuestra,04:49,27892838,2024,Solo
2ekn2ttSfGqwhhate0LSR0,New Rules,Dua Lipa,pop,Pop,Dua Lipa (Deluxe),03:29,953880291,2017,Solo
2ekn2ttSfGqwhhate0LSR0,New Rules,Dua Lipa,pop,Pop,Dua Lipa (Deluxe),03:29,953880291,2018,Solo
2esZG2XFtuoWWA9AfDvSxy,Gata Only,"FloyyMenor,Cris Mj","reggaeton chileno, chilean trap, chilean mambo, reggaeton",Latin,EL COMIENZO,03:42,365834986,2024,Collaboration
2fOlBMkWR7lXJfqp5VTbDG,Futsal Shuffle 2020 - Bonus Track,Lil Uzi Vert,melodic rap,Hip Hop,Eternal Atake,03:18,20900548,2020,Solo
2fZTS0VboxRpF0FdfY7E5P,Conversations,Juice WRLD,"melodic rap, emo rap",Hip Hop,Legends Never Die,03:01,52070390,2020,Solo
2fkeWbM6iqTw7oGHTYm2lw,4422,"Drake,Sampha","rap, hip hop, ",Hip Hop,More Life,03:06,29035759,2017,Collaboration
2fuCquhmrzHpu5xcA1ci9x,Under Pressure - Remastered 2011,"Queen,David Bowie","classic rock, rock, glam rock, art rock",Rock,Hot Space (2011 Remaster),04:08,272601210,2018,Collaboration
2fuCquhmrzHpu5xcA1ci9x,Under Pressure - Remastered 2011,"Queen,David Bowie","classic rock, rock, glam rock, art rock",Rock,Hot Space (2011 Remaster),04:08,272601210,2019,Collaboration
2fuCquhmrzHpu5xcA1ci9x,Under Pressure - Remastered 2011,"Queen,David Bowie","classic rock, rock, glam rock, art rock",Rock,Hot Space (2011 Remaster),04:08,272601210,2020,Collaboration
2fuCquhmrzHpu5xcA1ci9x,Under Pressure - Remastered 2011,"Queen,David Bowie","classic rock, rock, glam rock, art rock",Rock,Hot Space (2011 Remaster),04:08,272601210,2021,Collaboration
2g6tReTlM2Akp41g0HaeXN,Die Hard,"Kendrick Lamar,Blxst,Amanda Reifer","hip hop, west coast hip hop, ",Hip Hop,Mr. Morale & The Big Steppers,03:59,25300881,2022,Collaboration
2gMXnyrvIjhVBUZwvLZDMP,Before You Go,Lewis Capaldi,soft pop,Pop,Divinely Uninspired To A Hellish Extent (Extended Edition),03:35,1187933310,2019,Solo
2gMXnyrvIjhVBUZwvLZDMP,Before You Go,Lewis Capaldi,soft pop,Pop,Divinely Uninspired To A Hellish Extent (Extended Edition),03:35,1187933310,2020,Solo
2gMXnyrvIjhVBUZwvLZDMP,Before You Go,Lewis Capaldi,soft pop,Pop,Divinely Uninspired To A Hellish Extent (Extended Edition),03:35,1187933310,2021,Solo
2gMXnyrvIjhVBUZwvLZDMP,Before You Go,Lewis Capaldi,soft pop,Pop,Divinely Uninspired To A Hellish Extent (Extended Edition),03:35,1187933310,2022,Solo
2gMXnyrvIjhVBUZwvLZDMP,Before You Go,Lewis Capaldi,soft pop,Pop,Divinely Uninspired To A Hellish Extent (Extended Edition),03:35,1187933310,2023,Solo
2gTdDMpNxIRFSiu7HutMCg,I Think I'm OKAY (with YUNGBLUD & Travis Barker),"mgk,YUNGBLUD,Travis Barker",rap rock,Rock,Hotel Diablo,02:49,32049335,2019,Collaboration
2gYj9lubBorOPIVWsTXugG,After LIKE,IVE,k-pop,Pop,After LIKE,02:56,84466710,2022,Solo
2gbCG4Rt9984UZ7Tc0dIFd,White Christmas (with Shania Twain),"Michael Bublé,Shania Twain","christmas, country",Jazz,Christmas,03:36,45430001,2017,Collaboration
2gbCG4Rt9984UZ7Tc0dIFd,White Christmas (with Shania Twain),"Michael Bublé,Shania Twain","christmas, country",Jazz,Christmas,03:36,45430001,2018,Collaboration
2gbCG4Rt9984UZ7Tc0dIFd,White Christmas (with Shania Twain),"Michael Bublé,Shania Twain","christmas, country",Jazz,Christmas,03:36,45430001,2019,Collaboration
2gbCG4Rt9984UZ7Tc0dIFd,White Christmas (with Shania Twain),"Michael Bublé,Shania Twain","christmas, country",Jazz,Christmas,03:36,45430001,2020,Collaboration
2gbCG4Rt9984UZ7Tc0dIFd,White Christmas (with Shania Twain),"Michael Bublé,Shania Twain","christmas, country",Jazz,Christmas,03:36,45430001,2021,Collaboration
2gbCG4Rt9984UZ7Tc0dIFd,White Christmas (with Shania Twain),"Michael Bublé,Shania Twain","christmas, country",Jazz,Christmas,03:36,45430001,2022,Collaboration
2gbCG4Rt9984UZ7Tc0dIFd,White Christmas (with Shania Twain),"Michael Bublé,Shania Twain","christmas, country",Jazz,Christmas,03:36,45430001,2023,Collaboration
2gbCG4Rt9984UZ7Tc0dIFd,White Christmas (with Shania Twain),"Michael Bublé,Shania Twain","christmas, country",Jazz,Christmas,03:36,45430001,2024,Collaboration
2gbMPBrBVj3CuNTLp2dHYs,Off The Grid,Kanye West,rap,Hip Hop,Donda,05:39,66822823,2021,Solo
2gcMYiZzzmzoF8PPAfL3IO,"Untungnya, Hidup Harus Tetap Berjalan",Bernadya,"indonesian pop, indonesian indie",Rock,"Sialnya, Hidup Harus Tetap Berjalan",03:02,53102050,2024,Solo
2gkVEnpahpE3bQuvGuCpAV,Yes or No,Jung Kook,k-pop,Pop,GOLDEN,02:27,78497036,2023,Solo
2gmd7lY3QSzLh0xIY4cRvi,SE ME OLVIDA,"Maisak,Feid","reggaeton, urbano latino",Latin,SE ME OLVIDA,03:45,102826016,2024,Collaboration
2gpQi3hbcUAcEG8m2dlgfB,Plan A,Paulo Londra,"argentine trap, trap latino, reggaeton",Hip Hop,Plan A,02:58,118948217,2022,Solo
2gpWyfu7eZ01zzncHpxOtA,Moth To A Flame (with The Weeknd),"Swedish House Mafia,The Weeknd","edm, ",Electronic,Moth To A Flame,03:54,274849987,2021,Collaboration
2gpWyfu7eZ01zzncHpxOtA,Moth To A Flame (with The Weeknd),"Swedish House Mafia,The Weeknd","edm, ",Electronic,Moth To A Flame,03:54,274849987,2022,Collaboration
2gsNpSn7VvvJuSrIDfRoYy,Kamikaze,Eminem,"rap, hip hop",Hip Hop,Kamikaze,03:36,40580907,2018,Solo
2gyYjQWXKxemhAyMPgctIx,i n t e r l u d e,J. Cole,rap,Hip Hop,i n t e r l u d e,02:11,16857118,2021,Solo
2gzhQaCTeNgxpeB2TPllyY,With you,"Jimin,HA SUNG WOON","k-pop, ",Pop,"Our Blues, Pt. 4 (Original Television Soundtrack)",03:21,38063238,2022,Collaboration
2hDe0Ls5mVqs1XJqv7sbcM,Fútbol & Rumba (feat. Enrique Iglesias),"Anuel AA,Enrique Iglesias","reggaeton, trap latino, urbano latino, latin, latin pop",Latin,Emmanuel,03:41,23431444,2020,Collaboration
2hHeGD57S0BcopfVcmehdl,Hati-Hati di Jalan,Tulus,"indonesian pop, indonesian indie",Rock,Manusia,04:02,37071993,2022,Solo
2hkwwmmLC90T8BQ7t3xufq,Roça Em Mim,"Zé Felipe,Ana Castela,Luan Pereira","piseiro, sertanejo, arrocha, agronejo, forró, sertanejo universitário",Country,Roça Em Mim,02:38,20927959,2022,Collaboration
2hkwwmmLC90T8BQ7t3xufq,Roça Em Mim,"Zé Felipe,Ana Castela,Luan Pereira","piseiro, sertanejo, arrocha, agronejo, forró, sertanejo universitário",Country,Roça Em Mim,02:38,20927959,2023,Collaboration
2hl6q70unbviGo3g1R7uFx,Échame La Culpa,"Luis Fonsi,Demi Lovato","latin, ",Latin,Échame La Culpa,02:53,34169754,2018,Collaboration
2hloaUoRonYssMuqLCBLTX,bloodline,Ariana Grande,pop,Pop,"thank u, next",03:36,74791595,2019,Solo
2hn2zOA2XFlv6DSmesylrL,QUEMA,"Ryan Castro,Peso Pluma,SOG","reggaeton, corrido, corridos tumbados, corridos bélicos, música mexicana, sad sierreño, electro corridos, banda",Latin,QUEMA,02:30,167058746,2023,Collaboration
2hrycoFU1mZw6YPvMcn8yC,KEHLANI,Jordan Adetunji,sexy drill,nan,KEHLANI,02:02,257578555,2024,Solo
2iVgM5C7m1G4CJGbms301G,Copa Vacía,"Shakira,Manuel Turizo","latin pop, latin, reggaeton, colombian pop",Pop,Copa Vacía,02:53,39801960,2023,Collaboration
2ijef6ni2amuunRoKTlgww,Sin Pijama,"Becky G,NATTI NATASHA","reggaeton, latin, urbano latino",Latin,Sin Pijama,03:08,354719751,2018,Collaboration
2ijef6ni2amuunRoKTlgww,Sin Pijama,"Becky G,NATTI NATASHA","reggaeton, latin, urbano latino",Latin,Sin Pijama,03:08,354719751,2019,Collaboration
2isSdmQfVv32j2haL6hk9x,Intro : Persona,BTS,k-pop,Pop,MAP OF THE SOUL : PERSONA,02:51,10424524,2019,Solo
2isSdmQfVv32j2haL6hk9x,Intro : Persona,BTS,k-pop,Pop,MAP OF THE SOUL : PERSONA,02:51,10424524,2020,Solo
2j2fIJGh4PMdXt9ULI5Tlc,Dura,Daddy Yankee,"reggaeton, latin",Latin,Dura,03:20,279602312,2018,Solo
2j3GxEsbNYNeEzz86wDY4J,Love Is A Game,Adele,soft pop,Pop,30,06:43,16185630,2021,Solo
2j8E9m3kDHfxFnGhN4fXaC,IL BENE NEL MALE,Madame,italian trap,Hip Hop,IL BENE NEL MALE,03:33,14521040,2023,Solo
2jTujnt0y344ai1rNOywgr,KMT,"Drake,Giggs","rap, hip hop, grime",Electronic,More Life,02:42,34507526,2017,Collaboration
2jt2WxXMCD4zjACthkJQVE,The Ringer,Eminem,"rap, hip hop",Hip Hop,Kamikaze,05:37,93033398,2018,Solo
2jyjhRf6DVbMPU5zxagN2h,Let Her Go,Passenger,folk pop,Pop,All The Little Lights,04:12,104436105,2017,Solo
2jyjhRf6DVbMPU5zxagN2h,Let Her Go,Passenger,folk pop,Pop,All The Little Lights,04:12,104436105,2018,Solo
2jyjhRf6DVbMPU5zxagN2h,Let Her Go,Passenger,folk pop,Pop,All The Little Lights,04:12,104436105,2020,Solo
2jyjhRf6DVbMPU5zxagN2h,Let Her Go,Passenger,folk pop,Pop,All The Little Lights,04:12,104436105,2021,Solo
2kJRlOyrxsy7Ot3c5TZ8Q6,Meu Pedaço de Pecado,João Gomes,"piseiro, forró, sertanejo, arrocha, brega",Country,Eu Tenho a Senha,02:37,108894970,2021,Solo
2kJRlOyrxsy7Ot3c5TZ8Q6,Meu Pedaço de Pecado,João Gomes,"piseiro, forró, sertanejo, arrocha, brega",Country,Eu Tenho a Senha,02:37,108894970,2022,Solo
2kJu14V7hbZw3I4K8L8SXb,Stupid Love,Lady Gaga,"art pop, pop",Pop,Stupid Love,03:13,99115323,2020,Solo
2kVHAQKVtczchKctctzbtK,Swish Swish,"Katy Perry,Nicki Minaj","pop, ",Pop,Witness,04:02,141061103,2017,Collaboration
2kkcJ8tSDV42LdWcPjy6We,Wieder Lila,"Samra,Capital Bra",german hip hop,Hip Hop,Wieder Lila,03:08,23586629,2019,Collaboration
2ksOAxtIxY8yElEWw8RhgK,China,"Anuel AA,Daddy Yankee,KAROL G,J Balvin,Ozuna","reggaeton, trap latino, urbano latino, latin",Latin,China,05:01,656763474,2019,Collaboration
2ksOAxtIxY8yElEWw8RhgK,China,"Anuel AA,Daddy Yankee,KAROL G,J Balvin,Ozuna","reggaeton, trap latino, urbano latino, latin",Latin,China,05:01,656763474,2020,Collaboration
2ksyzVfU0WJoBpu8otr4pz,METAMORPHOSIS,INTERWORLD,"phonk, drift phonk",Electronic,METAMORPHOSIS,02:22,377298047,2022,Solo
2ksyzVfU0WJoBpu8otr4pz,METAMORPHOSIS,INTERWORLD,"phonk, drift phonk",Electronic,METAMORPHOSIS,02:22,377298047,2023,Solo
2ktoFujjJtantyMoVdBJlX,Pa Olvidarte (feat. Manuel Turizo) - Remix,"ChocQuibTown,Zion & Lennox,Farruko,Manuel Turizo","colombian pop, latin alternative, reggaeton, latin, trap latino",Pop,Pa Olvidarte (feat. Manuel Turizo) [Remix],04:16,45632927,2019,Collaboration
2ktxr00GpTtbMNeBjNeY8D,Who Needs Love,Trippie Redd,melodic rap,Hip Hop,A Love Letter To You 4,02:38,11094939,2019,Solo
2kz1YOhJiNubjigR1gB1VX,DILUVIO,Rauw Alejandro,"reggaeton, urbano latino, trap latino, latin",Latin,PLAYA SATURNO,03:17,252281797,2023,Solo
2kz1YOhJiNubjigR1gB1VX,DILUVIO,Rauw Alejandro,"reggaeton, urbano latino, trap latino, latin",Latin,PLAYA SATURNO,03:17,252281797,2024,Solo
2lAUq68F2bt7Kc218n9FPp,AY MAMÁ,"Tito Double P,Grupo Frontera","corrido, corridos tumbados, corridos bélicos, electro corridos, música mexicana, cumbia norteña, banda, norteño, grupera, tejano",Latin,INCÓMODO,02:43,85506061,2024,Collaboration
2lCkncy6bIB0LTMT7kvrD1,Azul,J Balvin,"reggaeton, latin",Latin,Colores,03:25,251608852,2020,Solo
2lCkncy6bIB0LTMT7kvrD1,Azul,J Balvin,"reggaeton, latin",Latin,Colores,03:25,251608852,2021,Solo
2lYTJK94hb0fd1LQtb6Dhk,Don't Leave Me Alone (feat. Anne-Marie),"David Guetta,Anne-Marie","edm, dance, ",Electronic,Don't Leave Me Alone (feat. Anne-Marie),03:03,53832033,2018,Collaboration
2leIuE4fdcJoNMSKu5Yr7a,Staring At The Sun (feat. SZA),"Post Malone,SZA",r&b,R&B,Hollywood's Bleeding,02:48,19991063,2019,Collaboration
2m2ZGfJcs3lHWNPzhWH3XH,La Modelo,"Ozuna,Cardi B","reggaeton, latin, trap latino, urbano latino, ",Latin,La Modelo (feat. Cardi B),04:16,17978954,2017,Collaboration
2m2ZGfJcs3lHWNPzhWH3XH,La Modelo,"Ozuna,Cardi B","reggaeton, latin, trap latino, urbano latino, ",Latin,La Modelo (feat. Cardi B),04:16,17978954,2018,Collaboration
2mL37yB3f3Lfy4iiXV02Qf,El Incomprendido,"Farruko,Victor Cardenas,Dj Adoni","reggaeton, trap latino, latin, guaracha, dembow",Latin,La 167,04:27,11885217,2021,Collaboration
2mM3gZ0BbPwPPMelbA8vgt,No Te Enamores - Remix,"Milly,Farruko,Nio Garcia,Jay Wheeler,Amenazzy","reggaeton, trap latino, latin, dembow, urbano latino",Latin,No Te Enamores (Remix),04:49,126073777,2021,Collaboration
2mb6YdoavL6db22p7XKJQZ,Burning,Sam Smith,soft pop,Pop,The Thrill Of It All (Special Edition),03:23,14618673,2017,Solo
2mhdhTWqT8RhkTlN2yWZZi,7 Minute Drill,J. Cole,rap,Hip Hop,Might Delete Later,03:32,14687368,2024,Solo
2mnXxnrX5vCGolNkaFvVeM,La Jumpa,"Arcángel,Bad Bunny","reggaeton, trap latino, urbano latino, latin",Latin,Sr. Santos,04:15,908581472,2022,Collaboration
2mnXxnrX5vCGolNkaFvVeM,La Jumpa,"Arcángel,Bad Bunny","reggaeton, trap latino, urbano latino, latin",Latin,Sr. Santos,04:15,908581472,2023,Collaboration
2mpoNBkngUEwnaKoBhZ0vl,PRC,"Peso Pluma,Natanael Cano","corrido, corridos tumbados, corridos bélicos, música mexicana, sad sierreño, electro corridos, banda, sierreño",Latin,PRC,03:04,807430906,2023,Collaboration
2n7ohqg1s68ToAHh4u9mcW,Vete,Bad Bunny,"reggaeton, trap latino, latin, urbano latino",Latin,YHLQMDLG,03:12,137355685,2020,Solo
2nLtzopw4rPReszdYBJU6h,Numb,Linkin Park,"nu metal, rap metal, rock, alternative metal",Metal,Meteora,03:07,501753717,2017,Solo
2nLtzopw4rPReszdYBJU6h,Numb,Linkin Park,"nu metal, rap metal, rock, alternative metal",Metal,Meteora,03:07,501753717,2023,Solo
2nLtzopw4rPReszdYBJU6h,Numb,Linkin Park,"nu metal, rap metal, rock, alternative metal",Metal,Meteora,03:07,501753717,2024,Solo
2nRMW95dnOILirpjbksLTs,Never Let Go,Jung Kook,k-pop,Pop,Never Let Go,02:46,53072706,2024,Solo
2nZj5YymF54qhAu7RneVP6,Coração Na Cama - Ao Vivo,Hugo & Guilherme,"sertanejo, sertanejo universitário, agronejo, arrocha",Country,"No Pelo 3, Pt. 1 (Ao Vivo)",02:53,25021531,2021,Solo
2ncqKdTj6dz7tWoTMMrAtq,Mahiye Jinna Sohna,Darshan Raval,"gujarati garba, hindi pop, bollywood, gujarati pop, desi pop, desi",Hip Hop,Mahiye Jinna Sohna,03:01,18432080,2023,Solo
2nibvvDdAQkVraYP00z2RS,Calling For You (feat. 21 Savage),"Drake,21 Savage","rap, hip hop, ",Hip Hop,For All The Dogs,04:45,46397734,2023,Collaboration
2o1pb13quMReXZqE7jWsgq,intro (end of the world),Ariana Grande,pop,Pop,eternal sunshine,01:32,219624253,2024,Solo
2oBMZYteeO8DyXV9gDx6Za,Feel My Rhythm,Red Velvet,k-pop,Pop,‘The ReVe Festival 2022 - Feel My Rhythm’,03:30,17743072,2022,Solo
2oHDJHNondITqbl8xZ9vPn,Bigger Than Life,"Lil Uzi Vert,WanMor","melodic rap, ",Hip Hop,Eternal Atake,03:12,10641204,2020,Collaboration
2oe6dDthgthqUkfL3czpEd,"ALONE, PART 3",XXXTENTACION,emo rap,Hip Hop,?,01:49,12238320,2018,Solo
2of5xn0GU0TdFneR1saRLH,To the Max (feat. Drake),"DJ Khaled,Drake","rap, hip hop",Hip Hop,Grateful,03:13,13822545,2017,Collaboration
2ohR9Qj4TgZafZCptO9cly,Happy Xmas (War Is Over),Céline Dion,variété française,nan,These are Special Times,04:14,16294883,2020,Solo
2ohR9Qj4TgZafZCptO9cly,Happy Xmas (War Is Over),Céline Dion,variété française,nan,These are Special Times,04:14,16294883,2021,Solo
2ohR9Qj4TgZafZCptO9cly,Happy Xmas (War Is Over),Céline Dion,variété française,nan,These are Special Times,04:14,16294883,2022,Solo
2ohR9Qj4TgZafZCptO9cly,Happy Xmas (War Is Over),Céline Dion,variété française,nan,These are Special Times,04:14,16294883,2023,Solo
2oiixB9QMIzhWaHGVlQx4g,Yandel 150,"Yandel,Feid","reggaeton, urbano latino, latin",Latin,Yandel 150,03:36,28664466,2023,Collaboration
2ookQf9qP2qiBuNFnNXyfl,Chega E Senta - Ao Vivo,John Amplificado,"piseiro, sertanejo, forró, arrocha",Country,Chega E Senta (Ao Vivo),02:33,38096491,2021,Solo
2p2Q23iaaPSEa1tI6TsCVX,911,Sech,"reggaeton, urbano latino",Latin,42,03:35,126567049,2021,Solo
2pIUpMhHL6L9Z5lnKxJJr9,Attention,NewJeans,k-pop,Pop,NewJeans 1st EP 'New Jeans',03:00,69273446,2022,Solo
2pIUpMhHL6L9Z5lnKxJJr9,Attention,NewJeans,k-pop,Pop,NewJeans 1st EP 'New Jeans',03:00,69273446,2023,Solo
2pJZ1v8HezrAoZ0Fhzby92,What Do I Know?,Ed Sheeran,soft pop,Pop,÷ (Deluxe),03:57,96193911,2017,Solo
2pWOMNQJW3g2zmGjP0Vkb0,Whine Up,"Nicky Jam,Anuel AA","reggaeton, latin, trap latino, urbano latino",Latin,Intimo,03:35,168596581,2019,Collaboration
2pWOMNQJW3g2zmGjP0Vkb0,Whine Up,"Nicky Jam,Anuel AA","reggaeton, latin, trap latino, urbano latino",Latin,Intimo,03:35,168596581,2020,Collaboration
2pXpURmn6zC5ZYDMms6fwa,It's Beginning to Look a Lot Like Christmas (with Mitchell Ayres & His Orchestra),"Perry Como,The Fontane Sisters,Mitchell Ayres & His Orchestra","christmas, adult standards, ",Easy listening,Greatest Christmas Songs,02:35,308883740,2018,Collaboration
2pXpURmn6zC5ZYDMms6fwa,It's Beginning to Look a Lot Like Christmas (with Mitchell Ayres & His Orchestra),"Perry Como,The Fontane Sisters,Mitchell Ayres & His Orchestra","christmas, adult standards, ",Easy listening,Greatest Christmas Songs,02:35,308883740,2019,Collaboration
2pXpURmn6zC5ZYDMms6fwa,It's Beginning to Look a Lot Like Christmas (with Mitchell Ayres & His Orchestra),"Perry Como,The Fontane Sisters,Mitchell Ayres & His Orchestra","christmas, adult standards, ",Easy listening,Greatest Christmas Songs,02:35,308883740,2020,Collaboration
2pXpURmn6zC5ZYDMms6fwa,It's Beginning to Look a Lot Like Christmas (with Mitchell Ayres & His Orchestra),"Perry Como,The Fontane Sisters,Mitchell Ayres & His Orchestra","christmas, adult standards, ",Easy listening,Greatest Christmas Songs,02:35,308883740,2021,Collaboration
2pXpURmn6zC5ZYDMms6fwa,It's Beginning to Look a Lot Like Christmas (with Mitchell Ayres & His Orchestra),"Perry Como,The Fontane Sisters,Mitchell Ayres & His Orchestra","christmas, adult standards, ",Easy listening,Greatest Christmas Songs,02:35,308883740,2022,Collaboration
2pXpURmn6zC5ZYDMms6fwa,It's Beginning to Look a Lot Like Christmas (with Mitchell Ayres & His Orchestra),"Perry Como,The Fontane Sisters,Mitchell Ayres & His Orchestra","christmas, adult standards, ",Easy listening,Greatest Christmas Songs,02:35,308883740,2023,Collaboration
2plbrEY59IikOBgBGLjaoe,Die With A Smile,"Lady Gaga,Bruno Mars","art pop, pop, ",Pop,Die With A Smile,04:11,1377146202,2024,Collaboration
2pn8dNVSpYnAtlKFC8Q0DJ,On The Ground,ROSÉ,k-pop,Pop,R,02:48,81180398,2021,Solo
2pnPe4pJtq7689i5ydzvJJ,Run Rudolph Run,Chuck Berry,"rockabilly, rock and roll",Rock,Rock 'N' Roll Rarities,02:45,262908061,2017,Solo
2pnPe4pJtq7689i5ydzvJJ,Run Rudolph Run,Chuck Berry,"rockabilly, rock and roll",Rock,Rock 'N' Roll Rarities,02:45,262908061,2018,Solo
2pnPe4pJtq7689i5ydzvJJ,Run Rudolph Run,Chuck Berry,"rockabilly, rock and roll",Rock,Rock 'N' Roll Rarities,02:45,262908061,2019,Solo
2pnPe4pJtq7689i5ydzvJJ,Run Rudolph Run,Chuck Berry,"rockabilly, rock and roll",Rock,Rock 'N' Roll Rarities,02:45,262908061,2020,Solo
2pnPe4pJtq7689i5ydzvJJ,Run Rudolph Run,Chuck Berry,"rockabilly, rock and roll",Rock,Rock 'N' Roll Rarities,02:45,262908061,2021,Solo
2pnPe4pJtq7689i5ydzvJJ,Run Rudolph Run,Chuck Berry,"rockabilly, rock and roll",Rock,Rock 'N' Roll Rarities,02:45,262908061,2022,Solo
2pnPe4pJtq7689i5ydzvJJ,Run Rudolph Run,Chuck Berry,"rockabilly, rock and roll",Rock,Rock 'N' Roll Rarities,02:45,262908061,2023,Solo
2pnPe4pJtq7689i5ydzvJJ,Run Rudolph Run,Chuck Berry,"rockabilly, rock and roll",Rock,Rock 'N' Roll Rarities,02:45,262908061,2024,Solo
2prnn41CblB8B4yWACDljP,Love Tonight (David Guetta Remix Edit),"Shouse,David Guetta","edm, dance",Electronic,Love Tonight (David Guetta Remix),02:38,22200660,2021,Collaboration
2q6tgiA9tpb6DMguABwCWE,All of Me,John Legend,"soft pop, neo soul",R&B,Love In The Future (Special Edition),04:29,23865413,2017,Solo
2qEoAz0i6yEz5dPggABcLH,Una Vaina Loca,"Fuego,Manuel Turizo,Duki","trap latino, reggaeton, latin, colombian pop, argentine trap, trap",Hip Hop,Una Vaina Loca,03:46,18120558,2021,Collaboration
2qG5sZ7Si6sdK74qLxedYM,Con Altura,"ROSALÍA,J Balvin,El Guincho","latin, reggaeton, drill",Hip Hop,Con Altura,02:41,398495826,2019,Collaboration
2qG5sZ7Si6sdK74qLxedYM,Con Altura,"ROSALÍA,J Balvin,El Guincho","latin, reggaeton, drill",Hip Hop,Con Altura,02:41,398495826,2020,Collaboration
2qMnZF5Ja2WvmfbblByQza,Soltera (Remix),"Lunay,Daddy Yankee,Bad Bunny","reggaeton, latin, trap latino, urbano latino",Latin,Soltera (Remix),04:26,57546735,2019,Collaboration
2qRN7PWiHRLprw4FpDeI9N,Nothing On You (feat. Paulo Londra & Dave),"Ed Sheeran,Paulo Londra,Dave","soft pop, argentine trap, trap latino, reggaeton, grime, uk drill, drill",Hip Hop,No.6 Collaborations Project,03:20,22132869,2019,Collaboration
2qT1uLXPVPzGgFOx4jtEuo,no tears left to cry,Ariana Grande,pop,Pop,Sweetener,03:25,331977007,2018,Solo
2qT1uLXPVPzGgFOx4jtEuo,no tears left to cry,Ariana Grande,pop,Pop,Sweetener,03:25,331977007,2019,Solo
2qcG0nZ6S3zZV0UrkY5nFo,Drip (feat. Migos),"Cardi B,Migos",trap,Hip Hop,Invasion of Privacy,04:22,30368771,2018,Collaboration
2qkNnJvQvhLiZ63X1L3eFz,Notificação Preferida - Ao Vivo,Zé Neto & Cristiano,"sertanejo, sertanejo universitário, arrocha, agronejo",Country,Esquece o Mundo Lá Fora (ao Vivo),03:02,11226613,2018,Solo
2qkNnJvQvhLiZ63X1L3eFz,Notificação Preferida - Ao Vivo,Zé Neto & Cristiano,"sertanejo, sertanejo universitário, arrocha, agronejo",Country,Esquece o Mundo Lá Fora (ao Vivo),03:02,11226613,2019,Solo
2qmG7dokbGpDGD0T5wORWt,Balanço da Rede,"Matheus Fernandes,Xand Avião","piseiro, sertanejo, pagode, forró, arrocha, sertanejo universitário, brega",Country,Balanço da Rede,02:46,29210492,2022,Collaboration
2qqZ5fOGuNvYVzgPFDLQ4l,Mary's Boy Child / Oh My Lord,Boney M.,disco,R&B,Worldmusic for Christmas,04:01,28272014,2017,Solo
2qqZ5fOGuNvYVzgPFDLQ4l,Mary's Boy Child / Oh My Lord,Boney M.,disco,R&B,Worldmusic for Christmas,04:01,28272014,2018,Solo
2qqZ5fOGuNvYVzgPFDLQ4l,Mary's Boy Child / Oh My Lord,Boney M.,disco,R&B,Worldmusic for Christmas,04:01,28272014,2019,Solo
2qqZ5fOGuNvYVzgPFDLQ4l,Mary's Boy Child / Oh My Lord,Boney M.,disco,R&B,Worldmusic for Christmas,04:01,28272014,2020,Solo
2qqZ5fOGuNvYVzgPFDLQ4l,Mary's Boy Child / Oh My Lord,Boney M.,disco,R&B,Worldmusic for Christmas,04:01,28272014,2021,Solo
2qqZ5fOGuNvYVzgPFDLQ4l,Mary's Boy Child / Oh My Lord,Boney M.,disco,R&B,Worldmusic for Christmas,04:01,28272014,2022,Solo
2qqZ5fOGuNvYVzgPFDLQ4l,Mary's Boy Child / Oh My Lord,Boney M.,disco,R&B,Worldmusic for Christmas,04:01,28272014,2023,Solo
2qqZ5fOGuNvYVzgPFDLQ4l,Mary's Boy Child / Oh My Lord,Boney M.,disco,R&B,Worldmusic for Christmas,04:01,28272014,2024,Solo
2quVkyLSVr5wX2QIhnexUt,Already Dead,Juice WRLD,"melodic rap, emo rap",Hip Hop,Fighting Demons,03:51,18220723,2021,Solo
2r1T6xGTVaNAqBoPH4lZEE,Waste It On Me (feat. BTS),"Steve Aoki,BTS","electro house, edm, k-pop",Electronic,Waste It On Me (feat. BTS),03:12,15815234,2018,Collaboration
2r4JRwcbIeuAzWjH4YXlLs,Yikes,Kanye West,rap,Hip Hop,ye,03:08,52285353,2018,Solo
2r6OAV3WsYtXuXjvJ1lIDi,Hello (feat. A Boogie Wit da Hoodie),"Pop Smoke,A Boogie Wit da Hoodie","brooklyn drill, drill, new york drill, melodic rap",Hip Hop,Shoot For The Stars Aim For The Moon (Deluxe),03:10,184945843,2020,Collaboration
2r6OAV3WsYtXuXjvJ1lIDi,Hello (feat. A Boogie Wit da Hoodie),"Pop Smoke,A Boogie Wit da Hoodie","brooklyn drill, drill, new york drill, melodic rap",Hip Hop,Shoot For The Stars Aim For The Moon (Deluxe),03:10,184945843,2021,Collaboration
2r77vqSZkOktTSgmAOoHsV,Chica Paranormal,Paulo Londra,"argentine trap, trap latino, reggaeton",Hip Hop,Chica Paranormal,03:41,33396693,2018,Solo
2rCbl9naJYhaxjLsfx88uM,Pareja Del Año,"Sebastian Yatra,Myke Towers","colombian pop, reggaeton, latin, trap latino, urbano latino",Pop,Pareja Del Año,03:15,409027310,2021,Collaboration
2rCbl9naJYhaxjLsfx88uM,Pareja Del Año,"Sebastian Yatra,Myke Towers","colombian pop, reggaeton, latin, trap latino, urbano latino",Pop,Pareja Del Año,03:15,409027310,2022,Collaboration
2rDZhKnPaPG054ExZ6nXUS,Jordan,Ryan Castro,reggaeton,Latin,Jordan,02:56,155942330,2022,Solo
2rE9TX3VQ0WNt7kziFhKep,Homemade Dynamite - REMIX,"Lorde,Khalid,Post Malone,SZA",r&b,R&B,Melodrama,03:34,18535920,2017,Collaboration
2rFsFjq0D9JAmc0APpCO6P,Blastoff (feat. Juice Wrld & Trippie Redd),"Internet Money,Trippie Redd,Diplo,Juice WRLD","melodic rap, moombahton, emo rap",Hip Hop,B4 The Storm,02:54,19385163,2020,Collaboration
2rOnSn2piaqLAlYjtfUBlY,Raataan Lambiyan (From  Shershaah ),"Tanishk Bagchi,Jubin Nautiyal,Asees Kaur","bollywood, hindi pop, desi, desi pop, bhajan, devotional, gujarati garba",New age,Raataan Lambiyan (From  Shershaah ),03:50,55697121,2021,Collaboration
2rPE9A1vEgShuZxxzR2tZH,"thank u, next",Ariana Grande,pop,Pop,"thank u, next",03:27,497700417,2018,Solo
2rPE9A1vEgShuZxxzR2tZH,"thank u, next",Ariana Grande,pop,Pop,"thank u, next",03:27,497700417,2019,Solo
2rPHUAeUPbNgTmK18FPTiZ,GO (feat. Juice WRLD),"The Kid LAROI,Juice WRLD","melodic rap, emo rap",Hip Hop,F*CK LOVE,03:01,60751346,2020,Collaboration
2rb5MvYT7ZIxbKW5hfcHx8,Mi Gente,"J Balvin,Willy William","reggaeton, latin, ",Latin,Mi Gente,03:09,658383560,2017,Collaboration
2rb5MvYT7ZIxbKW5hfcHx8,Mi Gente,"J Balvin,Willy William","reggaeton, latin, ",Latin,Mi Gente,03:09,658383560,2018,Collaboration
2rbDhOo9Fh61Bbu23T2qCk,Always Remember Us This Way,Lady Gaga,"art pop, pop",Pop,A Star Is Born Soundtrack (Without Dialogue),03:30,240959049,2018,Solo
2rbDhOo9Fh61Bbu23T2qCk,Always Remember Us This Way,Lady Gaga,"art pop, pop",Pop,A Star Is Born Soundtrack (Without Dialogue),03:30,240959049,2019,Solo
2rc7BkzO8qepMFAxHtOrXc,Blanco,J Balvin,"reggaeton, latin",Latin,Blanco,02:25,113267809,2019,Solo
2rc7BkzO8qepMFAxHtOrXc,Blanco,J Balvin,"reggaeton, latin",Latin,Blanco,02:25,113267809,2020,Solo
2rjjNUYONZqC7wSd1i6OFq,Good as Hell (feat. Ariana Grande),"Lizzo,Ariana Grande",pop,Pop,Cuz I Love You (Super Deluxe),02:39,42207927,2020,Collaboration
2rurDawMfoKP4uHyb2kJBt,Te Felicito,"Shakira,Rauw Alejandro","latin pop, latin, reggaeton, urbano latino, trap latino",Latin,Te Felicito,02:52,506365307,2022,Collaboration
2rurDawMfoKP4uHyb2kJBt,Te Felicito,"Shakira,Rauw Alejandro","latin pop, latin, reggaeton, urbano latino, trap latino",Latin,Te Felicito,02:52,506365307,2023,Collaboration
2sTDlCxmuZCTDKKk9f1qus,WHERE SHE GOES,Bad Bunny,"reggaeton, trap latino, latin, urbano latino",Latin,nadie sabe lo que va a pasar mañana,03:51,122311982,2023,Solo
2sYFUcurlISdHlAsnYCEgD,Me Leva Pra Casa / Escrito Nas Estrelas / Saudade - Ao Vivo,Lauana Prado,"sertanejo, sertanejo universitário",Latin,Raiz Goiânia (Ao Vivo),04:25,54097025,2023,Solo
2sYFUcurlISdHlAsnYCEgD,Me Leva Pra Casa / Escrito Nas Estrelas / Saudade - Ao Vivo,Lauana Prado,"sertanejo, sertanejo universitário",Latin,Raiz Goiânia (Ao Vivo),04:25,54097025,2024,Solo
2sqsNXfN0HtgDEgaHXiUTa,Won't Be Late (feat. Drake),"Swae Lee,Drake","rap, hip hop",Hip Hop,Won't Be Late (feat. Drake),03:38,23068287,2019,Collaboration
2t6IxTASaSFkZEt61tQ6W6,PLAYA DEL INGLÉS,"Quevedo,Myke Towers","reggaeton, trap latino, urbano latino",Latin,PLAYA DEL INGLÉS,03:57,55486139,2022,Collaboration
2t6IxTASaSFkZEt61tQ6W6,PLAYA DEL INGLÉS,"Quevedo,Myke Towers","reggaeton, trap latino, urbano latino",Latin,PLAYA DEL INGLÉS,03:57,55486139,2023,Collaboration
2t7D3y0jvYjR8IP9Bosyew,GO (feat. Juice WRLD),"The Kid LAROI,Juice WRLD","melodic rap, emo rap",Hip Hop,GO (feat. Juice WRLD),03:03,46542415,2020,Collaboration
2tB9OFgAHjAds3cqquLlvp,Loved By You (feat. Burna Boy),"Justin Bieber,Burna Boy","afrobeats, afrobeat, afropop, afroswing, dancehall, afropiano",Traditional music,Justice,02:39,13922109,2021,Collaboration
2tFwfmceQa1Y6nRPhYbEtC,CÓMO SE SIENTE - Remix,"JHAYCO,Bad Bunny","reggaeton, trap latino, urbano latino, latin",Latin,CÓMO SE SIENTE (Remix),03:47,142109380,2020,Collaboration
2tPcTFiQF9MbVUyjZ3zDhA,Paramedic!,SOB X RBE,hyphy,Hip Hop,Black Panther The Album Music From And Inspired By,03:39,26779571,2018,Solo
2tTmW7RDtMQtBk7m2rYeSw,"Quevedo: Bzrp Music Sessions, Vol. 52","Bizarrap,Quevedo","argentine trap, trap latino, urbano latino, reggaeton",Hip Hop,"Quevedo: Bzrp Music Sessions, Vol. 52",03:18,2068082282,2022,Collaboration
2tTmW7RDtMQtBk7m2rYeSw,"Quevedo: Bzrp Music Sessions, Vol. 52","Bizarrap,Quevedo","argentine trap, trap latino, urbano latino, reggaeton",Hip Hop,"Quevedo: Bzrp Music Sessions, Vol. 52",03:18,2068082282,2023,Collaboration
2tUL6dZf1mywCj5WvCPZw6,No Friends In The Industry,Drake,"rap, hip hop",Hip Hop,Certified Lover Boy,03:24,46587392,2021,Solo
2tpWsVSb9UEmDRxAl1zhX1,Counting Stars,OneRepublic,soft pop,Pop,Native,04:17,1953396310,2018,Solo
2tpWsVSb9UEmDRxAl1zhX1,Counting Stars,OneRepublic,soft pop,Pop,Native,04:17,1953396310,2021,Solo
2tpWsVSb9UEmDRxAl1zhX1,Counting Stars,OneRepublic,soft pop,Pop,Native,04:17,1953396310,2022,Solo
2tpWsVSb9UEmDRxAl1zhX1,Counting Stars,OneRepublic,soft pop,Pop,Native,04:17,1953396310,2023,Solo
2tpWsVSb9UEmDRxAl1zhX1,Counting Stars,OneRepublic,soft pop,Pop,Native,04:17,1953396310,2024,Solo
2tudvzsrR56uom6smgOcSf,Like That,"Future,Metro Boomin,Kendrick Lamar","rap, hip hop, west coast hip hop",Hip Hop,WE DON'T TRUST YOU,04:27,516180318,2024,Collaboration
2u6Jm2klS4yvAlbSHlxUwI,Alane,"Robin Schulz,Wes","tropical house, ",Electronic,Alane,02:55,50357455,2020,Collaboration
2u7mxWSeoqTXndK5e08jMp,Nowadays (feat. Landon Cube),"Lil Skies,Landon Cube","melodic rap, ",Hip Hop,Life of a Dark Rose,03:23,85463502,2018,Collaboration
2u8AXJyk8pICzj2wyPBL0b,2002,"Sido,Apache 207","german hip hop, german pop",Hip Hop,Ich & keine Maske,03:57,14196728,2019,Collaboration
2uFaJJtFpPDc5Pa95XzTvg,Let It Snow! Let It Snow! Let It Snow!,Dean Martin,"christmas, adult standards, big band, swing music",Easy listening,A Winter Romance,01:57,791786034,2017,Solo
2uFaJJtFpPDc5Pa95XzTvg,Let It Snow! Let It Snow! Let It Snow!,Dean Martin,"christmas, adult standards, big band, swing music",Easy listening,A Winter Romance,01:57,791786034,2018,Solo
2uFaJJtFpPDc5Pa95XzTvg,Let It Snow! Let It Snow! Let It Snow!,Dean Martin,"christmas, adult standards, big band, swing music",Easy listening,A Winter Romance,01:57,791786034,2019,Solo
2uFaJJtFpPDc5Pa95XzTvg,Let It Snow! Let It Snow! Let It Snow!,Dean Martin,"christmas, adult standards, big band, swing music",Easy listening,A Winter Romance,01:57,791786034,2020,Solo
2uFaJJtFpPDc5Pa95XzTvg,Let It Snow! Let It Snow! Let It Snow!,Dean Martin,"christmas, adult standards, big band, swing music",Easy listening,A Winter Romance,01:57,791786034,2021,Solo
2uFaJJtFpPDc5Pa95XzTvg,Let It Snow! Let It Snow! Let It Snow!,Dean Martin,"christmas, adult standards, big band, swing music",Easy listening,A Winter Romance,01:57,791786034,2022,Solo
2uFaJJtFpPDc5Pa95XzTvg,Let It Snow! Let It Snow! Let It Snow!,Dean Martin,"christmas, adult standards, big band, swing music",Easy listening,A Winter Romance,01:57,791786034,2023,Solo
2uFaJJtFpPDc5Pa95XzTvg,Let It Snow! Let It Snow! Let It Snow!,Dean Martin,"christmas, adult standards, big band, swing music",Easy listening,A Winter Romance,01:57,791786034,2024,Solo
2uSLx5uwRIhiA3sJJraNqX,Help Me Out (with Julia Michaels),"Maroon 5,Julia Michaels","pop, ",Pop,Help Me Out,03:13,18089041,2017,Collaboration
2uXlHCUbq9OMUwx3hrk06o,Riptide,Vance Joy,folk pop,Pop,Dream Your Life Away (Deluxe Edition),03:24,250807921,2024,Solo
2uflssWlCaJ6CbTMOsUpNI,Aguacero,Bad Bunny,"reggaeton, trap latino, latin, urbano latino",Latin,Un Verano Sin Ti,03:30,158162710,2022,Solo
2uhw2oYbugGJbn10wipNX5,Novidade na Área,"Mc Livinho,DJ Matt D","funk, brazilian funk, funk carioca, funk consciente, brazilian trap, trap funk",Hip Hop,Novidade na Área,02:00,148956180,2023,Collaboration
2uky0VCI2EZni0nArOPznM,"Paulo Londra: Bzrp Music Sessions, Vol. 23","Bizarrap,Paulo Londra","argentine trap, trap latino, urbano latino, reggaeton",Hip Hop,"Paulo Londra: Bzrp Music Sessions, Vol. 23",04:18,59841704,2022,Collaboration
2uu2aGqA2UblCg581Q7l1g,Caramelo - Remix,"Ozuna,KAROL G,Myke Towers","reggaeton, latin, trap latino, urbano latino",Latin,Caramelo (Remix),03:53,13301735,2020,Collaboration
2vBET2pmrQqafaS6zIaYta,GIRL LIKE ME,"Black Eyed Peas,Shakira","latin pop, latin",Latin,Translation,03:40,226658507,2020,Collaboration
2vBET2pmrQqafaS6zIaYta,GIRL LIKE ME,"Black Eyed Peas,Shakira","latin pop, latin",Latin,Translation,03:40,226658507,2021,Collaboration
2vmfvSoZBFAt9hhRoEByLi,Volví,"Aventura,Bad Bunny","bachata, bachata pop, reggaeton, trap latino, latin, urbano latino",Latin,Volví,03:50,459276354,2021,Collaboration
2vmfvSoZBFAt9hhRoEByLi,Volví,"Aventura,Bad Bunny","bachata, bachata pop, reggaeton, trap latino, latin, urbano latino",Latin,Volví,03:50,459276354,2022,Collaboration
2vrpcQNg6itmgVZWsNjWe0,Un Año,"Sebastian Yatra,Reik","colombian pop, reggaeton, latin, latin pop",Pop,FANTASÍA,02:43,61394737,2019,Collaboration
2vvdTrdryjsl8DmPIMDWZU,EL BAÑO,"Enrique Iglesias,Bad Bunny","latin pop, latin, reggaeton, trap latino, urbano latino",Latin,EL BAÑO,03:34,143945195,2018,Collaboration
2w1rq80FIrbxeJy9WYURxw,Follow,"KAROL G,Anuel AA","reggaeton, latin, urbano latino, trap latino",Latin,Follow,03:23,16140295,2020,Collaboration
2wDjpPW3HZdA9quPPmZAMu,Trust Nobody (feat. Selena Gomez & Tory Lanez),"Cashmere Cat,Selena Gomez,Tory Lanez","pop, ",Pop,9,03:35,23320260,2017,Collaboration
2wG1R0uDFwyobcWzVssC1J,GALOPA,PEDRO SAMPAIO,"funk, funk pop, brazilian funk, funk carioca, brega funk, brazilian pop",Hip Hop,GALOPA,02:20,53180466,2021,Solo
2wG1R0uDFwyobcWzVssC1J,GALOPA,PEDRO SAMPAIO,"funk, funk pop, brazilian funk, funk carioca, brega funk, brazilian pop",Hip Hop,GALOPA,02:20,53180466,2022,Solo
2wRkBumdItthjYP9XknImg,Está Rico,"Marc Anthony,Will Smith,Bad Bunny","salsa, salsa romantica, merengue, bachata, latin, latin pop, reggaeton, trap latino, urbano latino",Latin,Está Rico,03:35,35179866,2018,Collaboration
2wSCalnGOnXdAJC0Fn8OUY,Vai Lá Em Casa Hoje,"George Henrique & Rodrigo,Marília Mendonça","sertanejo, sertanejo universitário, arrocha, agronejo, forró",Country,Vai Lá Em Casa Hoje,03:11,10687058,2022,Collaboration
2wSTnntOPRi7aQneobFtU4,Shirt,SZA,r&b,R&B,SOS,03:01,210514888,2022,Solo
2wSTnntOPRi7aQneobFtU4,Shirt,SZA,r&b,R&B,SOS,03:01,210514888,2023,Solo
2wVDWtLKXunswWecARNILj,SOLO,JENNIE,k-pop,Pop,SOLO,02:49,69471632,2018,Solo
2wVDWtLKXunswWecARNILj,SOLO,JENNIE,k-pop,Pop,SOLO,02:49,69471632,2019,Solo
2wrJq5XKLnmhRXHIAf9xBa,"10,000 Hours (with Justin Bieber)","Dan + Shay,Justin Bieber","country, ",Country,"10,000 Hours (with Justin Bieber)",02:47,480620210,2019,Collaboration
2wrJq5XKLnmhRXHIAf9xBa,"10,000 Hours (with Justin Bieber)","Dan + Shay,Justin Bieber","country, ",Country,"10,000 Hours (with Justin Bieber)",02:47,480620210,2020,Collaboration
2wrJq5XKLnmhRXHIAf9xBa,"10,000 Hours (with Justin Bieber)","Dan + Shay,Justin Bieber","country, ",Country,"10,000 Hours (with Justin Bieber)",02:47,480620210,2021,Collaboration
2wvLtM25eMpHK7hkidqte2,200 km/h,Apache 207,german hip hop,Hip Hop,200 km/h,02:44,28985812,2019,Solo
2x0RZdkZcD8QRI53XT4GI5,SOS (feat. Aloe Blacc),"Avicii,Aloe Blacc","edm, ",Electronic,TIM,02:37,175735987,2019,Collaboration
2x0WlnmfG39ZuDmstl9xfX,End Game,"Taylor Swift,Ed Sheeran,Future","soft pop, rap",Hip Hop,reputation,04:04,71556410,2017,Collaboration
2x0WlnmfG39ZuDmstl9xfX,End Game,"Taylor Swift,Ed Sheeran,Future","soft pop, rap",Hip Hop,reputation,04:04,71556410,2018,Collaboration
2x8TNY9KwNvD19gVGs4WOP,Ela É do Tipo,MC Kevin o Chris,"funk, funk carioca, brazilian funk, brega funk",Hip Hop,Ela É do Tipo,03:24,16061241,2019,Solo
2xGO2UjzxeVQSIkyg98vck,Thank God It's Christmas - Non-Album Single,Queen,"classic rock, rock, glam rock",Rock,The Works (Deluxe Edition 2011 Remaster),04:21,160957236,2018,Solo
2xGO2UjzxeVQSIkyg98vck,Thank God It's Christmas - Non-Album Single,Queen,"classic rock, rock, glam rock",Rock,The Works (Deluxe Edition 2011 Remaster),04:21,160957236,2019,Solo
2xGO2UjzxeVQSIkyg98vck,Thank God It's Christmas - Non-Album Single,Queen,"classic rock, rock, glam rock",Rock,The Works (Deluxe Edition 2011 Remaster),04:21,160957236,2020,Solo
2xGO2UjzxeVQSIkyg98vck,Thank God It's Christmas - Non-Album Single,Queen,"classic rock, rock, glam rock",Rock,The Works (Deluxe Edition 2011 Remaster),04:21,160957236,2021,Solo
2xGO2UjzxeVQSIkyg98vck,Thank God It's Christmas - Non-Album Single,Queen,"classic rock, rock, glam rock",Rock,The Works (Deluxe Edition 2011 Remaster),04:21,160957236,2022,Solo
2xGO2UjzxeVQSIkyg98vck,Thank God It's Christmas - Non-Album Single,Queen,"classic rock, rock, glam rock",Rock,The Works (Deluxe Edition 2011 Remaster),04:21,160957236,2023,Solo
2xGO2UjzxeVQSIkyg98vck,Thank God It's Christmas - Non-Album Single,Queen,"classic rock, rock, glam rock",Rock,The Works (Deluxe Edition 2011 Remaster),04:21,160957236,2024,Solo
2xGjteMU3E1tkEPVFBO08U,This Is Me,"Keala Settle,The Greatest Showman Ensemble",musicals,Classical,This Is Me,03:54,190025856,2017,Collaboration
2xGjteMU3E1tkEPVFBO08U,This Is Me,"Keala Settle,The Greatest Showman Ensemble",musicals,Classical,This Is Me,03:54,190025856,2018,Collaboration
2xGjteMU3E1tkEPVFBO08U,This Is Me,"Keala Settle,The Greatest Showman Ensemble",musicals,Classical,This Is Me,03:54,190025856,2019,Collaboration
2xJCMIJfcNYDc5iR0sAm2O,New Rules,Dua Lipa,pop,Pop,Dua Lipa (Complete Edition),03:29,186751121,2018,Solo
2xJCMIJfcNYDc5iR0sAm2O,New Rules,Dua Lipa,pop,Pop,Dua Lipa (Complete Edition),03:29,186751121,2019,Solo
2xJCMIJfcNYDc5iR0sAm2O,New Rules,Dua Lipa,pop,Pop,Dua Lipa (Complete Edition),03:29,186751121,2020,Solo
2xLMifQCjDGFmkHkpNLD9h,SICKO MODE,Travis Scott,rap,Hip Hop,ASTROWORLD,05:12,1425982599,2018,Solo
2xLMifQCjDGFmkHkpNLD9h,SICKO MODE,Travis Scott,rap,Hip Hop,ASTROWORLD,05:12,1425982599,2019,Solo
2xLMifQCjDGFmkHkpNLD9h,SICKO MODE,Travis Scott,rap,Hip Hop,ASTROWORLD,05:12,1425982599,2020,Solo
2xLMifQCjDGFmkHkpNLD9h,SICKO MODE,Travis Scott,rap,Hip Hop,ASTROWORLD,05:12,1425982599,2021,Solo
2xyx0o4xNOLLjBSbOOdcbA,Playing Games (with Bryson Tiller) - Extended Version,"Summer Walker,Bryson Tiller",r&b,R&B,Over It,02:23,19857643,2019,Collaboration
2yBWnRKj0Zx7AF1kufajvW,Ahora,J Balvin,"reggaeton, latin",Latin,Vibras,04:14,15951268,2018,Solo
2yPoXCs7BSIUrucMdK5PzV,Umbrella,"Rihanna,JAY-Z","hip hop, east coast hip hop, rap",Hip Hop,Good Girl Gone Bad,04:35,83535136,2023,Collaboration
2yR2sziCF4WEs3klW1F38d,KEEP UP,Odetari,"hyperpop, nightcore, jersey club",Pop,KEEP UP // FROSTBITE,02:13,66977297,2024,Solo
2yUbCEiaolfSMluDo9RMmG,Powerglide (feat. Juicy J),"Rae Sremmurd,Swae Lee,Slim Jxmmi,Juicy J","memphis rap, crunk",Hip Hop,Powerglide (feat. Juicy J),05:32,69859507,2018,Collaboration
2yUzr8Sr6ldG8vmHhZwTnz,née-nah,"21 Savage,Travis Scott,Metro Boomin","rap, ",Hip Hop,american dream,03:40,58078529,2024,Collaboration
2yZax79pOrYuyIFVW2cZY2,Carry On,XXXTENTACION,emo rap,Hip Hop,17,02:09,22078038,2017,Solo
2yZax79pOrYuyIFVW2cZY2,Carry On,XXXTENTACION,emo rap,Hip Hop,17,02:09,22078038,2018,Solo
2yjeXq5ahx6UUg2rHaUe6X,"Angel Pt. 2 (feat. Jimin of BTS, Charlie Puth and Muni Long)","JVKE,Jimin,Charlie Puth,Muni Long,Fast & Furious: The Fast Saga","k-pop, soft pop, pop, phonk, drift phonk",Electronic,"Angel Pt. 1 (feat. Jimin of BTS, JVKE & Muni Long) (FAST X Soundtrack)",02:56,20189878,2023,Collaboration
2yzshFeBIwH8tWIqHEFLeD,un x100to,"Grupo Frontera,Bad Bunny","cumbia norteña, banda, norteño, música mexicana, corrido, corridos tumbados, grupera, corridos bélicos, tejano, reggaeton, trap latino, latin, urbano latino",Latin,El Comienzo,03:14,522001602,2023,Collaboration
2yzshFeBIwH8tWIqHEFLeD,un x100to,"Grupo Frontera,Bad Bunny","cumbia norteña, banda, norteño, música mexicana, corrido, corridos tumbados, grupera, corridos bélicos, tejano, reggaeton, trap latino, latin, urbano latino",Latin,El Comienzo,03:14,522001602,2024,Collaboration
2z9YkcLojiOE7Eu2p9lPZR,Normal,Feid,"reggaeton, urbano latino",Latin,Normal,02:51,82047968,2022,Solo
2zDj4WjbNDmrRL6Z4YjjCA,Amigos Con Derechos,"Reik,Maluma","latin pop, reggaeton, latin, urbano latino",Latin,Amigos Con Derechos,03:47,146464915,2018,Collaboration
2zDj4WjbNDmrRL6Z4YjjCA,Amigos Con Derechos,"Reik,Maluma","latin pop, reggaeton, latin, urbano latino",Latin,Amigos Con Derechos,03:47,146464915,2019,Collaboration
2zHu4GAsQIw2skGszWEMFY,The Little Drummer Boy,Bing Crosby,christmas,Jazz,Winter Wonderland,02:57,13400299,2017,Solo
2zHu4GAsQIw2skGszWEMFY,The Little Drummer Boy,Bing Crosby,christmas,Jazz,Winter Wonderland,02:57,13400299,2018,Solo
2zHu4GAsQIw2skGszWEMFY,The Little Drummer Boy,Bing Crosby,christmas,Jazz,Winter Wonderland,02:57,13400299,2019,Solo
2zHu4GAsQIw2skGszWEMFY,The Little Drummer Boy,Bing Crosby,christmas,Jazz,Winter Wonderland,02:57,13400299,2020,Solo
2zHu4GAsQIw2skGszWEMFY,The Little Drummer Boy,Bing Crosby,christmas,Jazz,Winter Wonderland,02:57,13400299,2023,Solo
2zHu4GAsQIw2skGszWEMFY,The Little Drummer Boy,Bing Crosby,christmas,Jazz,Winter Wonderland,02:57,13400299,2024,Solo
2zY1iTaEgs8ROkkWtWLe7l,Ropa Cara,Camilo,colombian pop,Pop,Mis Manos,02:42,17085872,2021,Solo
2zYzyRzz6pRmhPzyfMEC8s,Highway to Hell,AC/DC,"rock, hard rock, classic rock, rock and roll",Rock,Highway to Hell,03:28,182953427,2017,Solo
2zYzyRzz6pRmhPzyfMEC8s,Highway to Hell,AC/DC,"rock, hard rock, classic rock, rock and roll",Rock,Highway to Hell,03:28,182953427,2018,Solo
2zYzyRzz6pRmhPzyfMEC8s,Highway to Hell,AC/DC,"rock, hard rock, classic rock, rock and roll",Rock,Highway to Hell,03:28,182953427,2019,Solo
2zYzyRzz6pRmhPzyfMEC8s,Highway to Hell,AC/DC,"rock, hard rock, classic rock, rock and roll",Rock,Highway to Hell,03:28,182953427,2020,Solo
2zYzyRzz6pRmhPzyfMEC8s,Highway to Hell,AC/DC,"rock, hard rock, classic rock, rock and roll",Rock,Highway to Hell,03:28,182953427,2021,Solo
2zYzyRzz6pRmhPzyfMEC8s,Highway to Hell,AC/DC,"rock, hard rock, classic rock, rock and roll",Rock,Highway to Hell,03:28,182953427,2022,Solo
2zYzyRzz6pRmhPzyfMEC8s,Highway to Hell,AC/DC,"rock, hard rock, classic rock, rock and roll",Rock,Highway to Hell,03:28,182953427,2024,Solo
2zjGJ0dChMR0KxBZS15aqo,"Baguettes in the Face (feat. NAV, Playboi Carti & A Boogie Wit da Hoodie)","Mustard,NAV,Playboi Carti,A Boogie Wit da Hoodie","melodic rap, rage rap",Hip Hop,Perfect Ten,02:54,74977643,2019,Collaboration
2zy9TMoZlYGuCNY4TLqG24,Don't Leave Me Alone (feat. Anne-Marie),"David Guetta,Anne-Marie","edm, dance, ",Electronic,7,03:03,51595414,2018,Collaboration
30MM5jWpUmOxtTNd9Ey5LZ,Unforgettable,Thomas Rhett,"country, acoustic country, pop country",Country,Life Changes,02:37,15085812,2017,Solo
30QR0ndUdiiMQMA9g1PGCm,"...And to Those I Love, Thanks for Sticking Around",$uicideboy$,"dark trap, emo rap, horrorcore, punk rap, cloud rap, underground hip hop",Hip Hop,Stop Staring At the Shadows,02:48,44508841,2021,Solo
30W8VKHrAZmHzObnwAoc1u,TUS LÁGRIMAS,"Mora,Sech","urbano latino, reggaeton, trap latino",Latin,MICRODOSIS,02:54,44248200,2022,Collaboration
30bqVoKjX479ab90a8Pafp,Star Shopping,Lil Peep,"emo rap, cloud rap",Hip Hop,Star Shopping,02:22,113574705,2020,Solo
30bqVoKjX479ab90a8Pafp,Star Shopping,Lil Peep,"emo rap, cloud rap",Hip Hop,Star Shopping,02:22,113574705,2021,Solo
30bqVoKjX479ab90a8Pafp,Star Shopping,Lil Peep,"emo rap, cloud rap",Hip Hop,Star Shopping,02:22,113574705,2022,Solo
314ZkcV7oLWG8yWE7LABvH,Make It Right (feat. Lauv),"BTS,Lauv","k-pop, ",Pop,Make It Right (feat. Lauv),03:46,42873724,2019,Collaboration
31M5m42C3EGlbydf9XB5to,Duro y Suave,"Leslie Grace,Noriel","bachata, trap latino, dembow, reggaeton, trap",Latin,Duro y Suave,03:27,69316163,2018,Collaboration
31UjYv5vLsDkzchJOtUMtW,HP,Maluma,"reggaeton, latin, urbano latino",Latin,HP,03:04,142147199,2019,Solo
31bsuKDOzFGzBAoXxtnAJm,I Guess It’s Fuck Me,Drake,"rap, hip hop",Hip Hop,Her Loss,04:23,12159077,2022,Solo
31i56LZnwE6uSu3exoHjtB,Neverita,Bad Bunny,"reggaeton, trap latino, latin, urbano latino",Latin,Un Verano Sin Ti,02:53,665893594,2022,Solo
31i56LZnwE6uSu3exoHjtB,Neverita,Bad Bunny,"reggaeton, trap latino, latin, urbano latino",Latin,Un Verano Sin Ti,02:53,665893594,2023,Solo
31nfdEooLEq7dn3UMcIeB5,Vois sur ton chemin - Techno Mix,BENNETT,techno,Hip Hop,Vois sur ton chemin (Techno Mix),02:58,288580130,2023,Solo
31nfdEooLEq7dn3UMcIeB5,Vois sur ton chemin - Techno Mix,BENNETT,techno,Hip Hop,Vois sur ton chemin (Techno Mix),02:58,288580130,2024,Solo
32DGGj6KlNuBr6WaqRxpxi,How Long,Charlie Puth,"soft pop, pop",Pop,How Long,03:18,271409187,2017,Solo
32DGGj6KlNuBr6WaqRxpxi,How Long,Charlie Puth,"soft pop, pop",Pop,How Long,03:18,271409187,2018,Solo
32vE1nuG8T9c8bhmZdRY6d,Cooped Up (with Roddy Ricch),"Post Malone,Roddy Ricch",melodic rap,Hip Hop,Twelve Carat Toothache,03:05,100442151,2022,Collaboration
331l3xABO0HMr1Kkyh2LZq,I Don't Wanna Wait,"David Guetta,OneRepublic","edm, dance, soft pop",Electronic,I Don't Wanna Wait,02:29,387957647,2024,Collaboration
33IOhptvC2Qoy2UhjiHXLV,Flames,"David Guetta,Sia","edm, dance, ",Electronic,Flames,03:15,247783229,2018,Collaboration
33Nj9AdncSmHbCN3QeSZTL,Volver Al Futuro,"Oscar Maydon,Junior H","corridos tumbados, corrido, corridos bélicos, electro corridos, sad sierreño, banda, música mexicana, sierreño",Latin,Volver Al Futuro,03:24,108544664,2024,Collaboration
33b2wX9d0kxqxhi7lcsC1A,Unica,Ozuna,"reggaeton, latin, trap latino, urbano latino",Latin,Aura,03:38,39753547,2018,Solo
33bnxcjePIkcmNjEFTJX0l,Déjala Que Vuelva (feat. Manuel Turizo),"Piso 21,Manuel Turizo","reggaeton, colombian pop, pop urbano, latin",Pop,Déjala Que Vuelva (feat. Manuel Turizo),03:40,241842502,2017,Collaboration
33bnxcjePIkcmNjEFTJX0l,Déjala Que Vuelva (feat. Manuel Turizo),"Piso 21,Manuel Turizo","reggaeton, colombian pop, pop urbano, latin",Pop,Déjala Que Vuelva (feat. Manuel Turizo),03:40,241842502,2018,Collaboration
33cF8aTmGJ6TsEf23uqGIN,LOKERA,"Rauw Alejandro,Lyanno,Brray","reggaeton, urbano latino, trap latino, latin",Latin,SATURNO,03:17,189447119,2022,Collaboration
33cF8aTmGJ6TsEf23uqGIN,LOKERA,"Rauw Alejandro,Lyanno,Brray","reggaeton, urbano latino, trap latino, latin",Latin,SATURNO,03:17,189447119,2023,Collaboration
343YBumqHu19cGoGARUTsd,Fake Love,Drake,"rap, hip hop",Hip Hop,More Life,03:30,298664901,2017,Solo
34D6FJysnQioVingDKufuf,N 2 Deep,"Drake,Future","rap, hip hop",Hip Hop,Certified Lover Boy,04:33,30438924,2021,Collaboration
34FbkFgAbv4ffvhL2XQMVm,Jolie nana,Aya Nakamura,"pop urbaine, french pop",Pop,Jolie nana,02:27,27532885,2020,Solo
34LI7rwi9H8w2S5KTHnv1M,Quiéreme Mientras Se Pueda,Manuel Turizo,"reggaeton, latin, colombian pop",Pop,Quiéreme Mientras Se Pueda,03:11,70816303,2020,Solo
34ZAzO78a5DAVNrYIGWcPm,Shirt,SZA,r&b,R&B,Shirt,03:01,75916846,2022,Solo
34o6gteNy2T5rieA0xYAgo,Don't ever say love me (feat. RM of BTS),"Colde,RM","k-pop, k-rap",Pop,Love Part 2,03:34,12777314,2023,Collaboration
34tz0eDhGuFErIuW3q4mPX,On BS,"Drake,21 Savage","rap, hip hop, ",Hip Hop,Her Loss,04:21,59507643,2022,Collaboration
351KkakA2YtGEXqSEIIasy,Supernova,aespa,k-pop,Pop,Supernova,02:58,29302770,2024,Solo
357iDuZ0IXAAg3Aj7UszqO,Buscando Money,"TWENTY SIX,Tayson Kryss","latin house, tech house",Electronic,Buscando Money,02:30,13909724,2024,Collaboration
35D06z7kmwMmYYbyJ0BkSm,Daqui pra Sempre,"Manu,Simone Mendes","tecnobrega, sertanejo, forró, piseiro, brega, arrocha, seresta, sertanejo universitário, agronejo",Country,Daqui pra Sempre,03:22,37532143,2023,Collaboration
35D06z7kmwMmYYbyJ0BkSm,Daqui pra Sempre,"Manu,Simone Mendes","tecnobrega, sertanejo, forró, piseiro, brega, arrocha, seresta, sertanejo universitário, agronejo",Country,Daqui pra Sempre,03:22,37532143,2024,Collaboration
35KmOEIUqAGn02t7n4qaIr,Morado,J Balvin,"reggaeton, latin",Latin,Colores,03:20,137636430,2020,Solo
35QZaWQRkmnAVqBF1TLCxQ,Nancy Mulligan,Ed Sheeran,soft pop,Pop,÷ (Deluxe),02:59,52466858,2017,Solo
35RDmXJ59YYGNlv1KfTGsP,Power is Power,"SZA,The Weeknd,Travis Scott,Game of Thrones","r&b, rap, ",R&B,Power is Power,03:31,19763528,2019,Collaboration
35RJhm1pEovTBwnNR0zWad,GREECE (feat. Drake),"DJ Khaled,Drake","rap, hip hop",Hip Hop,GREECE (feat. Drake),03:38,174501287,2020,Collaboration
35UUpTmrcFXNIVIN26ujXl,Relación - Remix,"Sech,Daddy Yankee,J Balvin,ROSALÍA,Farruko","reggaeton, urbano latino, latin, trap latino",Latin,Relación (Remix),04:07,359409969,2020,Collaboration
35UUpTmrcFXNIVIN26ujXl,Relación - Remix,"Sech,Daddy Yankee,J Balvin,ROSALÍA,Farruko","reggaeton, urbano latino, latin, trap latino",Latin,Relación (Remix),04:07,359409969,2021,Collaboration
35ieKju5aLWFN5UgfJ27mL,SAD!,XXXTENTACION,emo rap,Hip Hop,SAD!,02:46,33816842,2018,Solo
35mvY5S1H3J2QZyna3TFe0,positions,Ariana Grande,pop,Pop,Positions,02:52,874392818,2020,Solo
35mvY5S1H3J2QZyna3TFe0,positions,Ariana Grande,pop,Pop,Positions,02:52,874392818,2021,Solo
35mvY5S1H3J2QZyna3TFe0,positions,Ariana Grande,pop,Pop,Positions,02:52,874392818,2022,Solo
35ttE4t8lQZA2vuCYDg4G7,M.A.I,Milo j,argentine trap,Hip Hop,111,03:04,37807443,2024,Solo
368eeEO3Y2uZUQ6S5oIjcu,TQM,Fuerza Regida,"corrido, corridos tumbados, corridos bélicos, música mexicana, banda, electro corridos, sierreño, sad sierreño",Latin,TQM,02:38,605774804,2023,Solo
36DHxTW2xdr9GG15T9oK9L,EL MUNDO ES MÍO,Bad Bunny,"reggaeton, trap latino, latin, urbano latino",Latin,EL ÚLTIMO TOUR DEL MUNDO,02:45,12507010,2020,Solo
36ONiya0OANYknz0GgJmwB,Don’t Matter To Me,"Drake,Michael Jackson","rap, hip hop, ",Hip Hop,Scorpion,04:05,104190662,2018,Collaboration
36gcliMRX1vCpgnrZE3dFZ,10:35,"Tiësto,Tate McRae","edm, trance, big room, house, dance, ",Electronic,DRIVE,02:52,36407586,2023,Collaboration
36orMWv2PgvnzXsd5CJ0yL,Post Malone (feat. RANI),"Sam Feldt,RANI","tropical house, ",Electronic,Post Malone (feat. RANI) [Joe Stone Remix],02:54,128418424,2019,Collaboration
36orMWv2PgvnzXsd5CJ0yL,Post Malone (feat. RANI),"Sam Feldt,RANI","tropical house, ",Electronic,Post Malone (feat. RANI) [Joe Stone Remix],02:54,128418424,2020,Collaboration
3707IBa4HnS3zDDoWfeUBl,I Warned Myself,Charlie Puth,"soft pop, pop",Pop,I Warned Myself,02:39,10117166,2019,Solo
373gDROnujxNTFa1FojYIl,Lost,Linkin Park,"nu metal, rap metal, rock, alternative metal",Metal,Lost,03:19,53193062,2023,Solo
37BZB0z9T8Xu7U3e65qxFy,Save Your Tears (with Ariana Grande) (Remix),"The Weeknd,Ariana Grande",pop,Pop,Save Your Tears (Remix),03:11,666311826,2021,Collaboration
37BZB0z9T8Xu7U3e65qxFy,Save Your Tears (with Ariana Grande) (Remix),"The Weeknd,Ariana Grande",pop,Pop,Save Your Tears (Remix),03:11,666311826,2022,Collaboration
37F7E7BKEw2E4O2L7u0IEp,Limbo,Freddie Dredd,"phonk, dark trap, memphis rap",Hip Hop,Freddie's Inferno,02:49,96855469,2022,Solo
37F7E7BKEw2E4O2L7u0IEp,Limbo,Freddie Dredd,"phonk, dark trap, memphis rap",Hip Hop,Freddie's Inferno,02:49,96855469,2023,Solo
37Nqx7iavZpotJSDXZWbJ3,Girls Want Girls (with Lil Baby),"Drake,Lil Baby","rap, hip hop, ",Hip Hop,Certified Lover Boy,03:41,150440670,2021,Collaboration
37eGbhE1xVFSvcKkqGb6i1,Contra La Pared,"Sean Paul,J Balvin","dancehall, reggaeton, latin",Traditional music,Contra La Pared,03:44,119375901,2019,Collaboration
37zdqI4r1gswIzczSBkRon,Aventura,"Lunay,Anuel AA,Ozuna","reggaeton, trap latino, urbano latino, latin",Latin,Épico,03:37,142437501,2019,Collaboration
37zdqI4r1gswIzczSBkRon,Aventura,"Lunay,Anuel AA,Ozuna","reggaeton, trap latino, urbano latino, latin",Latin,Épico,03:37,142437501,2020,Collaboration
380HmhwTE2NJgawn1NwkXi,Rojo,J Balvin,"reggaeton, latin",Latin,Colores,02:30,287546979,2020,Solo
38DlSDrx9tgc5Gfq6y3aBa,MOONLIGHT SUNRISE,TWICE,k-pop,Pop,MOONLIGHT SUNRISE,03:00,41364868,2023,Solo
38QmUDpkoYlNbMKvpvAsrE,Mi Cama - Remix,"KAROL G,J Balvin,Nicky Jam","reggaeton, latin, urbano latino",Latin,Mi Cama (Remix),03:16,53416021,2018,Collaboration
38RIEav39FGi86jppxO0du,Ignorantes,"Bad Bunny,Sech","reggaeton, trap latino, latin, urbano latino",Latin,YHLQMDLG,03:30,209400482,2020,Collaboration
38UYeBLfvpnDSG9GznZdnL,Tormenta (feat. Bad Bunny),"Gorillaz,Bad Bunny","reggaeton, trap latino, latin, urbano latino",Latin,Cracker Island,03:13,180083224,2023,Collaboration
38iBrrbbXyWaSPkmuDNgjZ,The Adventures of Moon Man & Slim Shady (with Eminem),"Kid Cudi,Eminem","rap, hip hop",Hip Hop,The Adventures of Moon Man & Slim Shady (with Eminem),04:24,10768939,2020,Collaboration
38lQ7lYhN3eSWepnZHaiBF,Rolex,"Capital Bra,Summer Cem,KC Rebell",german hip hop,Hip Hop,CB6,03:55,11210438,2019,Collaboration
38tXZcL1gZRfbqfOG0VMTH,How Sweet,NewJeans,k-pop,Pop,How Sweet,03:39,38676994,2024,Solo
39JRmdKFka1Oe09FoOCPI4,Selah,Kanye West,rap,Hip Hop,JESUS IS KING,02:44,21893363,2019,Solo
39JofJHEtg8I4fSyo7Imft,B.O.T.A. (Baddest Of Them All) - Edit,"Eliza Rose,Interplanetary Criminal","house, uk garage, breakbeat",Electronic,B.O.T.A. (Baddest Of Them All),03:46,103548916,2022,Collaboration
39L3LdlHS3gqB62HPWaJRg,NO ME QUIERO CASAR,Bad Bunny,"reggaeton, trap latino, latin, urbano latino",Latin,nadie sabe lo que va a pasar mañana,03:45,38102496,2023,Solo
39LLxExYz6ewLAcYrzQQyP,Levitating,Dua Lipa,pop,Pop,Future Nostalgia,03:23,269604164,2020,Solo
39LLxExYz6ewLAcYrzQQyP,Levitating,Dua Lipa,pop,Pop,Future Nostalgia,03:23,269604164,2021,Solo
39LLxExYz6ewLAcYrzQQyP,Levitating,Dua Lipa,pop,Pop,Future Nostalgia,03:23,269604164,2022,Solo
39LmTF9RgyakzSYX8txrow,imagine,Ariana Grande,pop,Pop,"thank u, next",03:32,67462701,2019,Solo
39MK3d3fonIP8Mz9oHCTBB,"Annihilate (Spider-Man: Across the Spider-Verse) (Metro Boomin & Swae Lee, Lil Wayne, Offset)","Metro Boomin,Swae Lee,Lil Wayne,Offset","rap, hip hop, ",Hip Hop,METRO BOOMIN PRESENTS SPIDER-MAN: ACROSS THE SPIDER-VERSE (SOUNDTRACK FROM AND INSPIRED BY THE MOTION PICTURE),03:51,138792424,2023,Collaboration
39N9RPD9MRb5WmoLzNzPeA,X,"Nicky Jam,J Balvin","reggaeton, latin",Latin,X,02:53,476282186,2018,Collaboration
39N9RPD9MRb5WmoLzNzPeA,X,"Nicky Jam,J Balvin","reggaeton, latin",Latin,X,02:53,476282186,2019,Collaboration
39Yp9wwQiSRIDOvrVg7mbk,THE SCOTTS,"THE SCOTTS,Travis Scott,Kid Cudi","rap, ",Hip Hop,THE SCOTTS,02:45,376767616,2020,Collaboration
39Yp9wwQiSRIDOvrVg7mbk,THE SCOTTS,"THE SCOTTS,Travis Scott,Kid Cudi","rap, ",Hip Hop,THE SCOTTS,02:45,376767616,2021,Collaboration
39kzWAiVPpycdMpr745oPj,You Never Know,BLACKPINK,k-pop,Pop,THE ALBUM,03:51,18075363,2020,Solo
3A7qX2QjDlPnazUsRk5y0M,2U (feat. Justin Bieber),"David Guetta,Justin Bieber","edm, dance, ",Electronic,2U (feat. Justin Bieber),03:14,412343233,2017,Collaboration
3A7qX2QjDlPnazUsRk5y0M,2U (feat. Justin Bieber),"David Guetta,Justin Bieber","edm, dance, ",Electronic,2U (feat. Justin Bieber),03:14,412343233,2018,Collaboration
3AEZUABDXNtecAOSC1qTfo,Reggaetón Lento (Bailemos),CNCO,"reggaeton, latin",Latin,Primera Cita,03:42,225770154,2017,Solo
3AOf6YEpxQ894FmrwI9k96,Super,SEVENTEEN,k-pop,Pop,SEVENTEEN 10th Mini Album 'FML',03:20,64217916,2023,Solo
3AVXwaOGCEL8cmBecfcsFJ,Light Switch,Charlie Puth,"soft pop, pop",Pop,Light Switch (Instrumental),03:07,281026622,2022,Solo
3AVrVz5rK8Hrqo9YGiVGN5,Apocalypse,Cigarettes After Sex,dream pop,Pop,Cigarettes After Sex,04:50,762924119,2022,Solo
3AVrVz5rK8Hrqo9YGiVGN5,Apocalypse,Cigarettes After Sex,dream pop,Pop,Cigarettes After Sex,04:50,762924119,2023,Solo
3AbNNvo2OmyeDMvRBgf9vk,La Loto,"TINI,Becky G,Anitta","latin pop, reggaeton, latin, brazilian pop, funk pop, funk carioca, funk, pagode baiano",Pop,La Loto,03:10,11386952,2022,Collaboration
3AgiRs3oxc2dFh0CPUHXJs,Mistletoe and Wine,Cliff Richard,christmas,Jazz,Together With Cliff Richard,04:05,18144863,2017,Solo
3AgiRs3oxc2dFh0CPUHXJs,Mistletoe and Wine,Cliff Richard,christmas,Jazz,Together With Cliff Richard,04:05,18144863,2020,Solo
3AgiRs3oxc2dFh0CPUHXJs,Mistletoe and Wine,Cliff Richard,christmas,Jazz,Together With Cliff Richard,04:05,18144863,2021,Solo
3AgiRs3oxc2dFh0CPUHXJs,Mistletoe and Wine,Cliff Richard,christmas,Jazz,Together With Cliff Richard,04:05,18144863,2022,Solo
3AgiRs3oxc2dFh0CPUHXJs,Mistletoe and Wine,Cliff Richard,christmas,Jazz,Together With Cliff Richard,04:05,18144863,2023,Solo
3AzjcOeAmA57TIOr9zF1ZW,Physical,Dua Lipa,pop,Pop,Future Nostalgia,03:13,237085731,2020,Solo
3AzjcOeAmA57TIOr9zF1ZW,Physical,Dua Lipa,pop,Pop,Future Nostalgia,03:13,237085731,2021,Solo
3B0irDyS69y5eAz15xV2Ee,Wake Me Up,Avicii,edm,Electronic,True,04:07,18051826,2020,Solo
3B7FO3kJ5kv3mX7yiaB7sT,O Holy Night,Mariah Carey,christmas,Jazz,Merry Christmas,04:26,21176712,2018,Solo
3B7FO3kJ5kv3mX7yiaB7sT,O Holy Night,Mariah Carey,christmas,Jazz,Merry Christmas,04:26,21176712,2019,Solo
3B7FO3kJ5kv3mX7yiaB7sT,O Holy Night,Mariah Carey,christmas,Jazz,Merry Christmas,04:26,21176712,2020,Solo
3B7FO3kJ5kv3mX7yiaB7sT,O Holy Night,Mariah Carey,christmas,Jazz,Merry Christmas,04:26,21176712,2021,Solo
3B7FO3kJ5kv3mX7yiaB7sT,O Holy Night,Mariah Carey,christmas,Jazz,Merry Christmas,04:26,21176712,2022,Solo
3B7FO3kJ5kv3mX7yiaB7sT,O Holy Night,Mariah Carey,christmas,Jazz,Merry Christmas,04:26,21176712,2023,Solo
3B7udSGy2PfgoCniMSb523,I See Fire - From  The Hobbit - The Desolation Of Smaug ,Ed Sheeran,soft pop,Pop,The Hobbit - The Desolation Of Smaug (Original Motion Picture Soundtrack / Special Edition),05:00,14890631,2017,Solo
3BKD1PwArikchz2Zrlp1qi,Baby Don't Hurt Me,"David Guetta,Anne-Marie,Coi Leray","edm, dance, ",Electronic,Baby Don't Hurt Me,02:20,580713254,2023,Collaboration
3BY2mafsbsoKGqS380Xnuz,Te Quiero Pa´Mi,"Don Omar,Zion & Lennox","reggaeton, urbano latino, latin",Latin,King Of Kings 10th Anniversary (Remastered),03:31,95173274,2017,Collaboration
3BYIzNZ3t9lRQCACXSMLrT,Venetia,Lil Uzi Vert,melodic rap,Hip Hop,Eternal Atake,03:08,11216744,2020,Solo
3Be7CLdHZpyzsVijme39cW,What's Love Got to Do with It,"Kygo,Tina Turner","tropical house, ",Electronic,What's Love Got to Do with It,03:28,43526911,2020,Collaboration
3BnDvpeuGOj21Ir2aVEtQo,Calm Down,Rema,"afrobeats, afrobeat, afropop, afropiano",Traditional music,Rave & Roses,03:39,362222384,2022,Solo
3BnDvpeuGOj21Ir2aVEtQo,Calm Down,Rema,"afrobeats, afrobeat, afropop, afropiano",Traditional music,Rave & Roses,03:39,362222384,2023,Solo
3CA9pLiwRIGtUBiMjbZmRw,Nice For What,Drake,"rap, hip hop",Hip Hop,Scorpion,03:30,191238042,2018,Solo
3CA9pLiwRIGtUBiMjbZmRw,Nice For What,Drake,"rap, hip hop",Hip Hop,Scorpion,03:30,191238042,2019,Solo
3CVb6hkMrlF7eHhXi5B3PZ,Body,"Russ Millions,Tion Wayne","uk drill, drill, grime, afroswing",Traditional music,Body,03:03,25751899,2021,Collaboration
3CYH422oy1cZNoo0GTG1TK,Psycho,Red Velvet,k-pop,Pop,‘The ReVe Festival’ Finale,03:30,45448208,2019,Solo
3CYH422oy1cZNoo0GTG1TK,Psycho,Red Velvet,k-pop,Pop,‘The ReVe Festival’ Finale,03:30,45448208,2020,Solo
3Cx4BsDd4q0GCVBJ5CAw2K,No Te Quieren Conmigo,"Gaby Music,Lunay,Luar La L","reggaeton, trap latino",Latin,No Te Quieren Conmigo,04:12,35833850,2024,Collaboration
3D06dCZbYilOFAB8kR5tYF,Malvadinho,"MC LUUKY,DJ JB Mix","funk, trap funk, funk consciente",R&B,Malvadinho,02:00,24918686,2024,Collaboration
3D1rlKmZdpYUeMtRRLNawc,Let Me Live (feat. Anne-Marie & Mr Eazi),"Rudimental,Major Lazer,Anne-Marie,Mr Eazi","moombahton, afrobeats, afrobeat, afropop, azonto, afroswing, hiplife, dancehall",Traditional music,Let Me Live (feat. Anne-Marie & Mr Eazi),03:25,15439717,2018,Collaboration
3DBtvrhv3SAgK7s6zBGgbe,LUCES DE TECNO,Feid,"reggaeton, urbano latino",Latin,"MOR, No Le Temas a La Oscuridad",02:43,16159470,2023,Solo
3DK6m7It6Pw857FcQftMds,Runaway,"Kanye West,Pusha T","rap, ",Hip Hop,My Beautiful Dark Twisted Fantasy,09:07,110808676,2023,Collaboration
3DK6m7It6Pw857FcQftMds,Runaway,"Kanye West,Pusha T","rap, ",Hip Hop,My Beautiful Dark Twisted Fantasy,09:07,110808676,2024,Collaboration
3DKpA54hrFIdPN6AtL9HXa,I'll Never Love Again - Film Version - Radio Edit,"Lady Gaga,Bradley Cooper","art pop, pop, ",Pop,A Star Is Born Soundtrack (Without Dialogue),04:41,18720638,2018,Collaboration
3DKpA54hrFIdPN6AtL9HXa,I'll Never Love Again - Film Version - Radio Edit,"Lady Gaga,Bradley Cooper","art pop, pop, ",Pop,A Star Is Born Soundtrack (Without Dialogue),04:41,18720638,2019,Collaboration
3DMs7bahbQTnoxCjgP7qoK,Demeanor (feat. Dua Lipa),"Pop Smoke,Dua Lipa","brooklyn drill, drill, new york drill, pop",Hip Hop,Faith,03:04,13595594,2021,Collaboration
3DXncPQOG4VBw3QHh3S817,"I'm the One (feat. Justin Bieber, Quavo, Chance the Rapper & Lil Wayne)","DJ Khaled,Justin Bieber,Quavo,Chance the Rapper,Lil Wayne","rap, hip hop",Hip Hop,Grateful,04:48,711487581,2017,Collaboration
3DXncPQOG4VBw3QHh3S817,"I'm the One (feat. Justin Bieber, Quavo, Chance the Rapper & Lil Wayne)","DJ Khaled,Justin Bieber,Quavo,Chance the Rapper,Lil Wayne","rap, hip hop",Hip Hop,Grateful,04:48,711487581,2018,Collaboration
3DZ8dbKg4OTSSqGARvecYd,Broadway Girls (feat. Morgan Wallen),"Lil Durk,Morgan Wallen","drill, country",Country,Broadway Girls (feat. Morgan Wallen),03:05,16511948,2021,Collaboration
3DZ8dbKg4OTSSqGARvecYd,Broadway Girls (feat. Morgan Wallen),"Lil Durk,Morgan Wallen","drill, country",Country,Broadway Girls (feat. Morgan Wallen),03:05,16511948,2022,Collaboration
3DarAbFujv6eYNliUTyqtz,Kiss Me More (feat. SZA),"Doja Cat,SZA",r&b,R&B,Planet Her,03:28,952262598,2021,Collaboration
3DarAbFujv6eYNliUTyqtz,Kiss Me More (feat. SZA),"Doja Cat,SZA",r&b,R&B,Planet Her,03:28,952262598,2022,Collaboration
3DarAbFujv6eYNliUTyqtz,Kiss Me More (feat. SZA),"Doja Cat,SZA",r&b,R&B,Planet Her,03:28,952262598,2023,Collaboration
3DeZc9cOc1DM8YNoJV8lAv,Toy en el Mic,"Bizarrap,Milo j","argentine trap, trap latino, urbano latino",Hip Hop,en dormir sin Madrid,02:17,29690432,2023,Collaboration
3DoBTwfr8yi2LN08SBpFkN,Watch (feat. Lil Uzi Vert & Kanye West),"Travis Scott,Lil Uzi Vert,Kanye West","rap, melodic rap",Hip Hop,Watch (feat. Lil Uzi Vert & Kanye West),03:37,51233857,2018,Collaboration
3EMp20j5E42MxfFbsEsIvD,Churchill Downs (feat. Drake),"Jack Harlow,Drake","rap, hip hop",Hip Hop,Come Home The Kids Miss You,05:09,19718510,2022,Collaboration
3Eax1yebRxj6LSYpxE9Yd3,VAMPIROS,"ROSALÍA,Rauw Alejandro","latin, reggaeton, urbano latino, trap latino",Latin,RR,02:56,13686888,2023,Collaboration
3EmmCZoqpWOTY1g2GBwJoR,Just Hold On,"Steve Aoki,Louis Tomlinson","electro house, edm, ",Electronic,Just Hold On,03:18,196264899,2017,Collaboration
3EvZ03hGAFwGZ2Ebcu86YH,Tourniquet,Zach Bryan,"country, red dirt",Country,Zach Bryan,03:09,19304844,2023,Solo
3F1P0QzdXtBz0MXy7KIO5w,Fever,"Dua Lipa,Angèle","pop, french pop, variété française, chanson",Easy listening,Future Nostalgia,02:36,49927665,2020,Collaboration
3F1P0QzdXtBz0MXy7KIO5w,Fever,"Dua Lipa,Angèle","pop, french pop, variété française, chanson",Easy listening,Future Nostalgia,02:36,49927665,2021,Collaboration
3F5CgOj3wFlRv51JsHbxhe,Jimmy Cooks (feat. 21 Savage),"Drake,21 Savage","rap, hip hop, ",Hip Hop,"Honestly, Nevermind",03:38,1157830487,2022,Collaboration
3F5CgOj3wFlRv51JsHbxhe,Jimmy Cooks (feat. 21 Savage),"Drake,21 Savage","rap, hip hop, ",Hip Hop,"Honestly, Nevermind",03:38,1157830487,2023,Collaboration
3F5CgOj3wFlRv51JsHbxhe,Jimmy Cooks (feat. 21 Savage),"Drake,21 Savage","rap, hip hop, ",Hip Hop,"Honestly, Nevermind",03:38,1157830487,2024,Collaboration
3FAJ6O0NOHQV8Mc5Ri6ENp,Heartbreak Anniversary,GIVĒON,r&b,R&B,TAKE TIME,03:18,521117880,2021,Solo
3FAJ6O0NOHQV8Mc5Ri6ENp,Heartbreak Anniversary,GIVĒON,r&b,R&B,TAKE TIME,03:18,521117880,2022,Solo
3FeVmId7tL5YN8B7R3imoM,My Universe,"Coldplay,BTS",k-pop,Pop,My Universe,03:48,83065505,2021,Collaboration
3FiE2d325mIOc4YjkSLVJR,Everyday,"Ariana Grande,Future","pop, rap",Pop,Dangerous Woman,03:14,45096689,2017,Collaboration
3FkeNbs9Zeiqkr3WkbOiGp,Envolver,Anitta,"brazilian pop, funk pop, funk carioca, funk, pagode baiano",Pop,Versions of Me,03:13,239744353,2022,Solo
3FqUPvubYeRCMsdJ02QyZR,TÚ NAME,Fuerza Regida,"corrido, corridos tumbados, corridos bélicos, música mexicana, banda, electro corridos, sierreño, sad sierreño",Latin,Dolido Pero No Arrepentido,02:32,177431727,2024,Solo
3FvTHuefYV6TxE3Kseqno8,LOU LOU,"Gabito Ballesteros,Natanael Cano","corrido, corridos tumbados, corridos bélicos, música mexicana, sad sierreño, electro corridos, banda, sierreño",Latin,LOU LOU,03:08,242589770,2023,Collaboration
3FvTHuefYV6TxE3Kseqno8,LOU LOU,"Gabito Ballesteros,Natanael Cano","corrido, corridos tumbados, corridos bélicos, música mexicana, sad sierreño, electro corridos, banda, sierreño",Latin,LOU LOU,03:08,242589770,2024,Collaboration
3FxPbp05KjMBa4HbhAJTH0,SugarCrash!,ElyOtto,hyperpop,Pop,SugarCrash!,01:20,29032415,2021,Solo
3GCdLUSnKSMJhs4Tj6CV3s,All The Stars (with SZA),"Kendrick Lamar,SZA","hip hop, west coast hip hop, r&b",Hip Hop,Black Panther The Album Music From And Inspired By,03:52,713303730,2018,Collaboration
3GCdLUSnKSMJhs4Tj6CV3s,All The Stars (with SZA),"Kendrick Lamar,SZA","hip hop, west coast hip hop, r&b",Hip Hop,Black Panther The Album Music From And Inspired By,03:52,713303730,2019,Collaboration
3GCdLUSnKSMJhs4Tj6CV3s,All The Stars (with SZA),"Kendrick Lamar,SZA","hip hop, west coast hip hop, r&b",Hip Hop,Black Panther The Album Music From And Inspired By,03:52,713303730,2024,Collaboration
3GD6eImRvT0zgr8cQnokUq,"BESAME (feat. Tiago PZK, Khea & Neo Pistea) - Remix","Bhavi,Seven Kayne,Milo j,Tiago PZK,KHEA,Neo Pistea","argentine trap, trap, trap latino, urbano latino",Hip Hop,"BESAME (feat. Tiago PZK, Khea & Neo Pistea) [Remix]",04:44,34313088,2024,Collaboration
3GPI7hYiqD6enLRobhkBm8,Summer Air,ItaloBrothers,italo dance,Pop,Summer Air,03:03,55135700,2017,Solo
3GVkPk8mqxz0itaAriG1L7,Everybody Dies In Their Nightmares,XXXTENTACION,emo rap,Hip Hop,17,01:35,338957626,2017,Solo
3GVkPk8mqxz0itaAriG1L7,Everybody Dies In Their Nightmares,XXXTENTACION,emo rap,Hip Hop,17,01:35,338957626,2018,Solo
3GVkPk8mqxz0itaAriG1L7,Everybody Dies In Their Nightmares,XXXTENTACION,emo rap,Hip Hop,17,01:35,338957626,2019,Solo
3GVkPk8mqxz0itaAriG1L7,Everybody Dies In Their Nightmares,XXXTENTACION,emo rap,Hip Hop,17,01:35,338957626,2020,Solo
3GVkPk8mqxz0itaAriG1L7,Everybody Dies In Their Nightmares,XXXTENTACION,emo rap,Hip Hop,17,01:35,338957626,2021,Solo
3GWUv0TDO5E3cHfsxYeptt,TOMMY & PAMELA,"Peso Pluma,Kenia OS","corrido, corridos tumbados, corridos bélicos, música mexicana, sad sierreño, electro corridos, banda, reggaeton mexa",Latin,ÉXODO,03:29,40152300,2024,Collaboration
3Ga6eKrUFf12ouh9Yw3v2D,Downtown,"Anitta,J Balvin","brazilian pop, funk pop, funk carioca, funk, pagode baiano, reggaeton, latin",Pop,Downtown,03:13,273943375,2017,Collaboration
3Ga6eKrUFf12ouh9Yw3v2D,Downtown,"Anitta,J Balvin","brazilian pop, funk pop, funk carioca, funk, pagode baiano, reggaeton, latin",Pop,Downtown,03:13,273943375,2018,Collaboration
3GaGWoU1KfVqgl7vnRHP55,Demasiadas Mujeres,C. Tangana,flamenco,Latin,El Madrileño,02:33,76700067,2022,Solo
3GdWfmQBiiJrDUvSZS1bGv,Never Sleep (with Lil Baby feat. Travis Scott),"NAV,Lil Baby,Travis Scott","melodic rap, rap",Hip Hop,Never Sleep,03:05,13087049,2022,Collaboration
3Ghyp3X5Ua9ypHnBIgOObI,Liberdade Provisória - Ao Vivo,Henrique & Juliano,"sertanejo, sertanejo universitário, arrocha, agronejo",Country,"Ao Vivo no Ibirapuera, Vol. 1",03:07,35673381,2020,Solo
3GmJxfnUDrIs1iCfKUELFz,Supera - Ao Vivo,Marília Mendonça,"sertanejo, sertanejo universitário, arrocha, forró",Country,"Todos Os Cantos, Vol. 3 (Ao Vivo)",02:27,14259317,2019,Solo
3GmJxfnUDrIs1iCfKUELFz,Supera - Ao Vivo,Marília Mendonça,"sertanejo, sertanejo universitário, arrocha, forró",Country,"Todos Os Cantos, Vol. 3 (Ao Vivo)",02:27,14259317,2020,Solo
3Gs7mVfWKl567mjozgxmXv,Niña Bonita,"Feid,Sean Paul","reggaeton, urbano latino, dancehall",Traditional music,Niña Bonita,03:07,173016872,2023,Collaboration
3GtnId3Cm1Xa6joCj08nzW,Jeans,Justin Quiles,reggaeton,Latin,Jeans,03:05,223090283,2020,Solo
3GtnId3Cm1Xa6joCj08nzW,Jeans,Justin Quiles,reggaeton,Latin,Jeans,03:05,223090283,2021,Solo
3H2JThgdBxezwj1wwafQS8,All Girls Are The Same,Juice WRLD,"melodic rap, emo rap",Hip Hop,Goodbye & Good Riddance,02:45,57958341,2018,Solo
3H9GDhVVTlmFQSmpt51qiP,Solo Pienso En Ti (feat. De La Ghetto & Justin Quiles),"Paulo Londra,De La Ghetto,Justin Quiles","argentine trap, trap latino, reggaeton, urbano latino",Hip Hop,Homerun,04:28,20617670,2019,Collaboration
3HOKxuTDmNVmIlCIpBiD8m,LAGUNAS,"Peso Pluma,Jasiel Nuñez","corrido, corridos tumbados, corridos bélicos, música mexicana, sad sierreño, electro corridos, banda",Latin,GÉNESIS,03:51,232593598,2023,Collaboration
3HVWdVOQ0ZA45FuZGSfvns,I Don't Care (with Justin Bieber),"Ed Sheeran,Justin Bieber","soft pop, ",Pop,I Don't Care (with Justin Bieber),03:39,364821796,2019,Collaboration
3Hb9kUdm4yf839Fle4RIdT,Parado no Bailão,"MC L da Vinte,MC Gury","funk de bh, funk, brazilian funk, funk carioca",Hip Hop,Parado no Bailão,02:51,13593401,2018,Collaboration
3Hb9kUdm4yf839Fle4RIdT,Parado no Bailão,"MC L da Vinte,MC Gury","funk de bh, funk, brazilian funk, funk carioca",Hip Hop,Parado no Bailão,02:51,13593401,2019,Collaboration
3Hh0ZcGIqIkSiJVZGLcVLx,YOSHI (feat. Fabri Fibra) - prod. Strage,"MACHETE,Dani Faiv,thasup,Fabri Fibra",italian trap,Hip Hop,MACHETE MIXTAPE 4,03:31,11854781,2019,Collaboration
3HqcNJdZ2seoGxhn0wVNDK,PROVENZA,KAROL G,"reggaeton, latin, urbano latino",Latin,MAÑANA SERÁ BONITO,03:27,301108978,2023,Solo
3HquWF2pZmWYu3WAEP9Heb,Só Não Divulga,"Fernando & Sorocaba,Tarcísio do Acordeon","sertanejo, sertanejo universitário, agronejo, piseiro, arrocha, forró, seresta, brega",Country,Só Não Divulga,02:40,21964026,2021,Collaboration
3IAfUEeaXRX9s9UdKOJrFI,Envolver,Anitta,"brazilian pop, funk pop, funk carioca, funk, pagode baiano",Pop,Envolver,03:13,107665227,2022,Solo
3IB5qOeMayvpOdHxYCL5tZ,ON (Feat. Sia),"BTS,Sia","k-pop, ",Pop,MAP OF THE SOUL : 7,04:06,27934589,2020,Collaboration
3IHt4j5uAEl7iBu8Utn985,Tried Our Best,Drake,"rap, hip hop",Hip Hop,For All The Dogs,03:29,28270562,2023,Solo
3IMLoeLerS7TMpKjxUgAhx,Arranhão - Ao Vivo,Henrique & Juliano,"sertanejo, sertanejo universitário, arrocha, agronejo",Country,Manifesto Musical (Ao Vivo / Vol. 1),02:33,32292976,2021,Solo
3IMLoeLerS7TMpKjxUgAhx,Arranhão - Ao Vivo,Henrique & Juliano,"sertanejo, sertanejo universitário, arrocha, agronejo",Country,Manifesto Musical (Ao Vivo / Vol. 1),02:33,32292976,2022,Solo
3IMuuBcKSeFqQSlF2XluA1,Pacas De Billetes,Natanael Cano,"corridos tumbados, corrido, corridos bélicos, sad sierreño, electro corridos, sierreño, música mexicana, banda",Latin,Pacas De Billetes,03:08,18559794,2023,Solo
3ITkrUvAA6gzxer2UIom3P,Molhando o Volante,Jorge & Mateus,"sertanejo, sertanejo universitário, arrocha, agronejo",Country,Molhando o Volante,02:42,26942781,2021,Solo
3ITkrUvAA6gzxer2UIom3P,Molhando o Volante,Jorge & Mateus,"sertanejo, sertanejo universitário, arrocha, agronejo",Country,Molhando o Volante,02:42,26942781,2022,Solo
3ITvHA9zhZZdBJsOsAUegF,Amorfoda,Bad Bunny,"reggaeton, trap latino, latin, urbano latino",Latin,Amorfoda,02:35,154316457,2018,Solo
3IWs9dAwTqN0EFhOIcBDfs,Be Honest,"Jorja Smith,Burna Boy","afrobeats, afrobeat, afropop, afroswing, dancehall, afropiano",Traditional music,Lost & Found,03:27,11409968,2019,Collaboration
3IhM5Mber8KA0NaRNpK2px,Lay Low,Tiësto,"edm, trance, big room, house, dance",Electronic,DRIVE,02:33,41718404,2023,Solo
3IkWmgGsXbsafrunwPojXO,From Now On,"Hugh Jackman,The Greatest Showman Ensemble",musicals,Classical,The Greatest Showman (Original Motion Picture Soundtrack),05:49,22574546,2018,Collaboration
3IoAMvGFYzM05B64h7qmdf,PAPERWORK,"Kanye West,Ty Dolla $ign","rap, ",Hip Hop,VULTURES 1,02:25,10647773,2024,Collaboration
3J4VKkUpLvomXJbn9ZAypO,Sharing Locations (feat. Lil Baby & Lil Durk),"Meek Mill,Lil Durk,Lil Baby","rap, drill, ",Hip Hop,Sharing Locations (feat. Lil Baby & Lil Durk),02:41,11399834,2021,Collaboration
3J8EOeKLTLXORtWPpOU5bE,Calling My Phone,"Lil Tjay,6LACK","brooklyn drill, melodic rap, ",Hip Hop,Destined 2 Win,03:25,167301781,2021,Collaboration
3JCaq3KDSROg3TXhdiDa9n,Ley Seca,"JHAYCO,Anuel AA","reggaeton, trap latino, urbano latino, latin",Latin,Timelezz,04:23,194507005,2021,Collaboration
3JCaq3KDSROg3TXhdiDa9n,Ley Seca,"JHAYCO,Anuel AA","reggaeton, trap latino, urbano latino, latin",Latin,Timelezz,04:23,194507005,2022,Collaboration
3JHpk0DOTOzyh0777JFAky,Diosa,Myke Towers,"reggaeton, trap latino, urbano latino",Latin,Easy Money Baby,03:34,164661557,2020,Solo
3JR0ducCexKbeK47g6AHm5,Butter (Megan Thee Stallion Remix),"BTS,Megan Thee Stallion","k-pop, ",Pop,Butter (Megan Thee Stallion Remix),02:44,38827030,2021,Collaboration
3JWiDGQX2eTlFvKj3Yssj3,Closed On Sunday,Kanye West,rap,Hip Hop,JESUS IS KING,02:31,23313233,2019,Solo
3JX0dOCIAiaR8MP3ryXWuM,What About Me (feat. Sosamann),"Lil Wayne,Sosamann","rap, hip hop, ",Hip Hop,Tha Carter V,03:36,19344033,2018,Collaboration
3JZjcKImHcmOI9ylL4zrSc,Bahamas Promises,Drake,"rap, hip hop",Hip Hop,For All The Dogs,03:04,28830716,2023,Solo
3JjaofJ0lCeEsFSZqppzOp,Contra La Pared,"Sean Paul,J Balvin","dancehall, reggaeton, latin",Traditional music,Contra La Pared,03:44,40101400,2019,Collaboration
3K4HG9evC7dg3N0R9cYqk4,One Step Closer,Linkin Park,"nu metal, rap metal, rock, alternative metal",Metal,Hybrid Theory (Bonus Edition),02:37,35299677,2017,Solo
3K4HG9evC7dg3N0R9cYqk4,One Step Closer,Linkin Park,"nu metal, rap metal, rock, alternative metal",Metal,Hybrid Theory (Bonus Edition),02:37,35299677,2024,Solo
3KCNiDi9Pza6ZD8FggNoaw,MODERN JAM (feat. Teezo Touchdown),"Travis Scott,Teezo Touchdown","rap, ",Hip Hop,UTOPIA,04:15,62480248,2023,Collaboration
3KJ3opyV29269SXkPrc19l,120,Bad Bunny,"reggaeton, trap latino, latin, urbano latino",Latin,EL ÚLTIMO TOUR DEL MUNDO,02:31,11826167,2020,Solo
3KLo7ByvjCNyBrfz5DZ2mO,Splashin,Rich The Kid,trap,Hip Hop,The World Is Yours 2,02:57,15030690,2019,Solo
3KLygy1YWhmrQx0GRs7IOx,Rise,"Jonas Blue,Jack & Jack","tropical house, ",Electronic,Blue,03:14,123935985,2018,Collaboration
3KLygy1YWhmrQx0GRs7IOx,Rise,"Jonas Blue,Jack & Jack","tropical house, ",Electronic,Blue,03:14,123935985,2019,Collaboration
3KZCP2StVGdWkOKyRZNWA4,Es un Secreto,Plan B,reggaeton,Latin,House of Pleasure,03:12,558168775,2023,Solo
3KZCP2StVGdWkOKyRZNWA4,Es un Secreto,Plan B,reggaeton,Latin,House of Pleasure,03:12,558168775,2024,Solo
3Kd6Wp3lG5HXMB2dlvuy7y,Death,"Trippie Redd,DaBaby","melodic rap, ",Hip Hop,A Love Letter To You 4,02:52,23844992,2019,Collaboration
3Kd6Wp3lG5HXMB2dlvuy7y,Death,"Trippie Redd,DaBaby","melodic rap, ",Hip Hop,A Love Letter To You 4,02:52,23844992,2020,Collaboration
3KeYEr9ogMBemsOfQIJmZp,Cuando Te Vi | CROSSOVER #5,"Big One,Maria Becerra,Trueno","argentine trap, cuarteto, cumbia",Hip Hop,Cuando Te Vi | CROSSOVER #5,03:38,11837032,2024,Collaboration
3KekO5WUfJsh7kYU9o2w50,Atrévete,"Nicky Jam,Sech","reggaeton, latin, urbano latino",Latin,Atrévete,03:18,63516142,2019,Collaboration
3Kkjo3cT83cw09VJyrLNwX,Oh My God,Adele,soft pop,Pop,30,03:45,262360382,2021,Solo
3Kkjo3cT83cw09VJyrLNwX,Oh My God,Adele,soft pop,Pop,30,03:45,262360382,2022,Solo
3Kuu5vASpXK8oRsxOvau6P,Think About You,"Kygo,Valerie Broussard","tropical house, ",Electronic,Think About You,03:28,25131850,2019,Collaboration
3Kw7zkALCVxY4wmlnh2IWC,Cupid - Twin Ver.,FIFTY FIFTY,k-pop,Pop,The Beginning: Cupid,02:54,62604354,2023,Solo
3L19besdNQzd342qL78xqm,Demons and Angels (feat. Juice WRLD),"A Boogie Wit da Hoodie,Juice WRLD","melodic rap, emo rap",Hip Hop,Hoodie SZN,03:34,10595450,2018,Collaboration
3L19besdNQzd342qL78xqm,Demons and Angels (feat. Juice WRLD),"A Boogie Wit da Hoodie,Juice WRLD","melodic rap, emo rap",Hip Hop,Hoodie SZN,03:34,10595450,2019,Collaboration
3L4GsGLgxpHieVQH86H8bv,Bed (feat. Ariana Grande),"Nicki Minaj,Ariana Grande",pop,Pop,Queen,03:09,20790173,2018,Collaboration
3LWVXp636uLT356Rj08Jaz,Be Mine,Jimin,k-pop,Pop,MUSE,03:27,65535061,2024,Solo
3Lfiu5sZ4M4B6JaKMBc0FU,Barcelona,Ed Sheeran,soft pop,Pop,÷ (Deluxe),03:11,67110164,2017,Solo
3LnpBazWpD31QMTn6LgVGv,pushin P (feat. Young Thug),"Gunna,Future,Young Thug","melodic rap, rap, trap",Hip Hop,DS4EVER,02:16,32069170,2022,Collaboration
3LtpKP5abr2qqjunvjlX5i,Doja,Central Cee,"uk drill, drill, grime",Hip Hop,Doja,01:37,348564402,2022,Solo
3LtpKP5abr2qqjunvjlX5i,Doja,Central Cee,"uk drill, drill, grime",Hip Hop,Doja,01:37,348564402,2023,Solo
3M9Apu4OZfylLTFKvgEtKa,Ritual,"Tiësto,Jonas Blue,Rita Ora","edm, trance, big room, house, dance, tropical house, ",Electronic,Ritual,03:18,101321426,2019,Collaboration
3MJhPqL2IgGs7gHEB2M35q,Hard to Love,BLACKPINK,k-pop,Pop,BORN PINK,02:42,25974935,2022,Solo
3MmCFghNjzZMn3HKqbVizn,Blood On My Jeans,Juice WRLD,"melodic rap, emo rap",Hip Hop,Legends Never Die,02:34,33915674,2020,Solo
3NanY0K4okhIQzL33U5Ad8,Boy's a Liar,PinkPantheress,bedroom pop,Pop,Boy's a liar,02:11,60189902,2022,Solo
3NanY0K4okhIQzL33U5Ad8,Boy's a Liar,PinkPantheress,bedroom pop,Pop,Boy's a liar,02:11,60189902,2023,Solo
3NhstUmrlhaN1M6hP8zMbb,BABY NUEVA,Bad Bunny,"reggaeton, trap latino, latin, urbano latino",Latin,nadie sabe lo que va a pasar mañana,04:00,80904854,2023,Solo
3NkJNL3WqO1Lqc3uNDxvCN,Don’t Call Me Angel (Charlie’s Angels) (with Miley Cyrus & Lana Del Rey),"Ariana Grande,Miley Cyrus,Lana Del Rey","pop, ",Pop,Don’t Call Me Angel (Charlie’s Angels),03:10,117448202,2019,Collaboration
3NqBxTOMCJ3zW9CIP51td4,Jugaste y Sufrí,"Eslabon Armado,DannyLux","corridos tumbados, sad sierreño, corrido, sierreño, música mexicana, corridos bélicos, electro corridos",Latin,Corta Venas,04:35,86823058,2021,Collaboration
3O83h4LS797N23DpweeRAa,All Day And Night - Jax Jones & Martin Solveig Present Europa,"Jax Jones,Martin Solveig,Madison Beer,Europa","french house, ",Electronic,Snacks,02:49,32519216,2019,Collaboration
3OJDtCdYs8QJnui708tEU3,Soltera,Shakira,"latin pop, latin",Latin,Soltera,03:34,123348743,2024,Solo
3OdIiWnYRHPYtC313Z0Bwy,Face-off,Jimin,k-pop,Pop,FACE,03:49,12624216,2023,Solo
3Ol2xnObFdKV9pmRD2t9x8,Look Back at It,A Boogie Wit da Hoodie,melodic rap,Hip Hop,Hoodie SZN,02:59,255805598,2018,Solo
3Ol2xnObFdKV9pmRD2t9x8,Look Back at It,A Boogie Wit da Hoodie,melodic rap,Hip Hop,Hoodie SZN,02:59,255805598,2019,Solo
3OnOomd79OjqSYHchCQ6ht,Notice Me,"Migos,Post Malone","trap, ",Hip Hop,Culture II,03:53,26404645,2018,Collaboration
3Oww84xrmgjyr5J1ilOmAf,Down Under (feat. Colin Hay),"Luude,Colin Hay",drum and bass,Electronic,Down Under (feat. Colin Hay),02:38,64298053,2022,Collaboration
3OxL6MuctgZp1e0zxoAZhH,Young Metro,"Future,Metro Boomin,The Weeknd","rap, ",Hip Hop,WE DON'T TRUST YOU,03:25,30980941,2024,Collaboration
3PH1nUysW7ybo3Yu8sqlPN,Seu Brilho Sumiu - Ao Vivo,"Israel & Rodolffo,Mari Fernandez","sertanejo, sertanejo universitário, piseiro, agronejo, arrocha, forró",Country,"Let's Bora, Vol. 2 (Ao Vivo)",02:48,117544564,2023,Collaboration
3PIDciSFdrQxSQSihim3hN,Christmas (Baby Please Come Home),Mariah Carey,christmas,Jazz,Merry Christmas,02:33,228605584,2018,Solo
3PIDciSFdrQxSQSihim3hN,Christmas (Baby Please Come Home),Mariah Carey,christmas,Jazz,Merry Christmas,02:33,228605584,2019,Solo
3PIDciSFdrQxSQSihim3hN,Christmas (Baby Please Come Home),Mariah Carey,christmas,Jazz,Merry Christmas,02:33,228605584,2020,Solo
3PIDciSFdrQxSQSihim3hN,Christmas (Baby Please Come Home),Mariah Carey,christmas,Jazz,Merry Christmas,02:33,228605584,2021,Solo
3PIDciSFdrQxSQSihim3hN,Christmas (Baby Please Come Home),Mariah Carey,christmas,Jazz,Merry Christmas,02:33,228605584,2022,Solo
3PIDciSFdrQxSQSihim3hN,Christmas (Baby Please Come Home),Mariah Carey,christmas,Jazz,Merry Christmas,02:33,228605584,2023,Solo
3PIDciSFdrQxSQSihim3hN,Christmas (Baby Please Come Home),Mariah Carey,christmas,Jazz,Merry Christmas,02:33,228605584,2024,Solo
3PfIrDoz19wz7qK7tYeu62,Don't Start Now,Dua Lipa,pop,Pop,Future Nostalgia,03:03,1538939651,2020,Solo
3PfIrDoz19wz7qK7tYeu62,Don't Start Now,Dua Lipa,pop,Pop,Future Nostalgia,03:03,1538939651,2021,Solo
3PfIrDoz19wz7qK7tYeu62,Don't Start Now,Dua Lipa,pop,Pop,Future Nostalgia,03:03,1538939651,2022,Solo
3PfIrDoz19wz7qK7tYeu62,Don't Start Now,Dua Lipa,pop,Pop,Future Nostalgia,03:03,1538939651,2023,Solo
3PfIrDoz19wz7qK7tYeu62,Don't Start Now,Dua Lipa,pop,Pop,Future Nostalgia,03:03,1538939651,2024,Solo
3PpWCS95gDUDRPko3u1MZ9,Prohibidox,Feid,"reggaeton, urbano latino",Latin,FELIZ CUMPLEAÑOS FERXXO TE PIRATEAMOS EL ÁLBUM,02:46,36395048,2022,Solo
3PwRuzdphgedcWVUOVYJ7I,Cúrame,Rauw Alejandro,"reggaeton, urbano latino, trap latino, latin",Latin,VICE VERSA,02:44,198046127,2021,Solo
3QFInJAm9eyaho5vBzxInN,family ties (with Kendrick Lamar),"Baby Keem,Kendrick Lamar","hip hop, west coast hip hop",Hip Hop,The Melodic Blue,04:12,165186092,2021,Collaboration
3QFInJAm9eyaho5vBzxInN,family ties (with Kendrick Lamar),"Baby Keem,Kendrick Lamar","hip hop, west coast hip hop",Hip Hop,The Melodic Blue,04:12,165186092,2022,Collaboration
3QGsuHI8jO1Rx4JWLUh9jd,Treat You Better,Shawn Mendes,pop,Pop,Illuminate,03:07,48413722,2018,Solo
3QGsuHI8jO1Rx4JWLUh9jd,Treat You Better,Shawn Mendes,pop,Pop,Illuminate,03:07,48413722,2019,Solo
3QGsuHI8jO1Rx4JWLUh9jd,Treat You Better,Shawn Mendes,pop,Pop,Illuminate,03:07,48413722,2023,Solo
3QGxgNaqaFSpORp2OVLXHR,212,"Chefin,Mainstreet","brazilian trap, trap funk, trap, brazilian hip hop",Hip Hop,212,02:30,52844303,2022,Collaboration
3QH8rQGNFX8VLbCgZ7uPTS,Fly To My Room,BTS,k-pop,Pop,BE,03:42,28887843,2020,Solo
3QIoEi8Enr9uHffwInGIsC,Please Come Home for Christmas - 2013 Remaster,Eagles,"classic rock, soft rock",Rock,Please Come Home for Christmas / Funky New Year (2013 Remaster),02:57,141141244,2019,Solo
3QIoEi8Enr9uHffwInGIsC,Please Come Home for Christmas - 2013 Remaster,Eagles,"classic rock, soft rock",Rock,Please Come Home for Christmas / Funky New Year (2013 Remaster),02:57,141141244,2020,Solo
3QIoEi8Enr9uHffwInGIsC,Please Come Home for Christmas - 2013 Remaster,Eagles,"classic rock, soft rock",Rock,Please Come Home for Christmas / Funky New Year (2013 Remaster),02:57,141141244,2021,Solo
3QIoEi8Enr9uHffwInGIsC,Please Come Home for Christmas - 2013 Remaster,Eagles,"classic rock, soft rock",Rock,Please Come Home for Christmas / Funky New Year (2013 Remaster),02:57,141141244,2022,Solo
3QIoEi8Enr9uHffwInGIsC,Please Come Home for Christmas - 2013 Remaster,Eagles,"classic rock, soft rock",Rock,Please Come Home for Christmas / Funky New Year (2013 Remaster),02:57,141141244,2023,Solo
3QIoEi8Enr9uHffwInGIsC,Please Come Home for Christmas - 2013 Remaster,Eagles,"classic rock, soft rock",Rock,Please Come Home for Christmas / Funky New Year (2013 Remaster),02:57,141141244,2024,Solo
3QQAeMQbbjZXVFbF8DgFWT,FIRST LOVE,"Oscar Ortiz,Edgardo Nuñez","electro corridos, corrido, corridos tumbados, corridos bélicos, banda, sad sierreño, música mexicana",Latin,FIRST LOVE,02:49,159398438,2024,Collaboration
3QS9ZCtoSCJhmaJ7QNXSAS,act ii: date @ 8 (feat. Drake) - remix,"4batz,Drake","rap, hip hop",Hip Hop,act ii: date @ 8 (feat. Drake) [remix],03:51,26088776,2024,Collaboration
3QiAAp20rPC3dcAtKtMaqQ,Blue Christmas,Elvis Presley,"rockabilly, rock and roll",Rock,Elvis' Christmas Album,02:09,329970910,2017,Solo
3QiAAp20rPC3dcAtKtMaqQ,Blue Christmas,Elvis Presley,"rockabilly, rock and roll",Rock,Elvis' Christmas Album,02:09,329970910,2018,Solo
3QiAAp20rPC3dcAtKtMaqQ,Blue Christmas,Elvis Presley,"rockabilly, rock and roll",Rock,Elvis' Christmas Album,02:09,329970910,2019,Solo
3QiAAp20rPC3dcAtKtMaqQ,Blue Christmas,Elvis Presley,"rockabilly, rock and roll",Rock,Elvis' Christmas Album,02:09,329970910,2020,Solo
3QiAAp20rPC3dcAtKtMaqQ,Blue Christmas,Elvis Presley,"rockabilly, rock and roll",Rock,Elvis' Christmas Album,02:09,329970910,2021,Solo
3QiAAp20rPC3dcAtKtMaqQ,Blue Christmas,Elvis Presley,"rockabilly, rock and roll",Rock,Elvis' Christmas Album,02:09,329970910,2022,Solo
3QiAAp20rPC3dcAtKtMaqQ,Blue Christmas,Elvis Presley,"rockabilly, rock and roll",Rock,Elvis' Christmas Album,02:09,329970910,2023,Solo
3QiAAp20rPC3dcAtKtMaqQ,Blue Christmas,Elvis Presley,"rockabilly, rock and roll",Rock,Elvis' Christmas Album,02:09,329970910,2024,Solo
3QpDKVHmf9RDQkJbAUNWzI,Digitando,Gustavo Moura & Rafael,"sertanejo, sertanejo universitário",Latin,Digitando,03:15,49494374,2024,Solo
3Qu3Zh4WTKhP9GEXo0aDnb,Thought You Should Know,Morgan Wallen,country,Country,One Thing At A Time,03:35,12383248,2023,Solo
3QwBODjSEzelZyVjxPOHdq,Otra vez (feat. J Balvin),"Zion & Lennox,J Balvin","reggaeton, latin",Latin,Motivan2,03:29,245513141,2017,Collaboration
3QzAOrNlsabgbMwlZt7TAY,Ballin' (with Roddy Ricch),"Mustard,Roddy Ricch",melodic rap,Hip Hop,Perfect Ten,03:00,318748156,2019,Collaboration
3QzAOrNlsabgbMwlZt7TAY,Ballin' (with Roddy Ricch),"Mustard,Roddy Ricch",melodic rap,Hip Hop,Perfect Ten,03:00,318748156,2020,Collaboration
3RA55zrRkyPK8Fd86hrMy8,LUNA,"Peso Pluma,Junior H","corrido, corridos tumbados, corridos bélicos, música mexicana, sad sierreño, electro corridos, banda, sierreño",Latin,GÉNESIS,02:43,80263680,2023,Collaboration
3RD0PGolM0mETGHaprwgMn,Culpables,Manuel Turizo,"reggaeton, latin, colombian pop",Pop,Culpables,03:53,25326214,2018,Solo
3RaCGXCiiMufRPoexXxGkV,Slime You Out (feat. SZA),"Drake,SZA","rap, hip hop, r&b",Hip Hop,Slime You Out,05:10,122056420,2023,Collaboration
3RkNXZvOSMMElmmXztDc94,F*****g Fans,Drake,"rap, hip hop",Hip Hop,Certified Lover Boy,04:05,12312466,2021,Solo
3RwWW7KeVhHGayYJgUL5eZ,eternal sunshine,Ariana Grande,pop,Pop,eternal sunshine,03:30,58365688,2024,Solo
3S0OXQeoh0w6AY8WQVckRW,I'm Yours,Jason Mraz,"soft pop, acoustic pop",Pop,We Sing. We Dance. We Steal Things. (Bonus Tracks Version),04:02,299575595,2017,Solo
3S0OXQeoh0w6AY8WQVckRW,I'm Yours,Jason Mraz,"soft pop, acoustic pop",Pop,We Sing. We Dance. We Steal Things. (Bonus Tracks Version),04:02,299575595,2018,Solo
3S0OXQeoh0w6AY8WQVckRW,I'm Yours,Jason Mraz,"soft pop, acoustic pop",Pop,We Sing. We Dance. We Steal Things. (Bonus Tracks Version),04:02,299575595,2019,Solo
3S0OXQeoh0w6AY8WQVckRW,I'm Yours,Jason Mraz,"soft pop, acoustic pop",Pop,We Sing. We Dance. We Steal Things. (Bonus Tracks Version),04:02,299575595,2020,Solo
3S0OXQeoh0w6AY8WQVckRW,I'm Yours,Jason Mraz,"soft pop, acoustic pop",Pop,We Sing. We Dance. We Steal Things. (Bonus Tracks Version),04:02,299575595,2024,Solo
3SYLoL8KHxdQPYIkfwmUjN,Remote Control,Kanye West,rap,Hip Hop,Donda,03:18,17652400,2021,Solo
3SZqA7rQvROJsCbUu2v0xa,Go Loko,"YG,Tyga,Jon Z","hyphy, trap latino, trap, dembow",Latin,Go Loko,04:59,14893726,2019,Collaboration
3T4UodGkfZObJ43RtA5KFU,Connection,OneRepublic,soft pop,Pop,Connection,02:28,44110827,2018,Solo
3T7dNA7O8c3Axj5WyDNcH3,Rockin' Around The Christmas Tree - Single Version,Brenda Lee,christmas,Jazz,Anthology 1956-1980 (Volume 1 & 2),02:05,39283064,2017,Solo
3TKpJrY9q49Mj1JOsM9zGL,Family,"The Chainsmokers,Kygo",tropical house,Electronic,World War Joy,03:14,29693046,2019,Collaboration
3TKpJrY9q49Mj1JOsM9zGL,Family,"The Chainsmokers,Kygo",tropical house,Electronic,World War Joy,03:14,29693046,2020,Collaboration
3TLwAp3uX1nKsVxrDhNPOL,Love Me,Lil Tecca,"melodic rap, rap",Hip Hop,We Love You Tecca,01:57,30504491,2019,Solo
3TYOH7ta0101NYssoH5GlU,MERCEDES CAROTA,"Bad Bunny,YOVNGCHIMI","reggaeton, trap latino, latin, urbano latino, trap",Latin,nadie sabe lo que va a pasar mañana,03:22,46361754,2023,Collaboration
3ThrfRAmijYU098H9q9tAs,Enchule,Rauw Alejandro,"reggaeton, urbano latino, trap latino, latin",Latin,Enchule,03:05,21571990,2020,Solo
3TnhQSRwT3AVMdXw5JPq0x,Nena Maldicion (feat. Lenny Tavarez),"Paulo Londra,Lenny Tavárez","argentine trap, trap latino, reggaeton, urbano latino",Hip Hop,Nena Maldicion (feat. Lenny Tavarez),03:48,35051940,2018,Collaboration
3TzANwXYkLsjIY9CT7prcL,Patrai,"NATTAN,Zé Felipe,O REI DA BATIDINHA","piseiro, forró, arrocha, sertanejo, brega, seresta, agronejo, sertanejo universitário",Country,Patrai,01:53,10540625,2024,Collaboration
3U3hFkMr0Q90pD24EkE3Pr,BMF,SZA,r&b,R&B,SOS Deluxe: LANA,03:00,18728781,2024,Solo
3U4isOIWM3VvDubwSI3y7a,All of Me,John Legend,"soft pop, neo soul",R&B,Love In The Future (Expanded Edition),04:29,705120549,2019,Solo
3U4isOIWM3VvDubwSI3y7a,All of Me,John Legend,"soft pop, neo soul",R&B,Love In The Future (Expanded Edition),04:29,705120549,2020,Solo
3U4isOIWM3VvDubwSI3y7a,All of Me,John Legend,"soft pop, neo soul",R&B,Love In The Future (Expanded Edition),04:29,705120549,2021,Solo
3U4isOIWM3VvDubwSI3y7a,All of Me,John Legend,"soft pop, neo soul",R&B,Love In The Future (Expanded Edition),04:29,705120549,2022,Solo
3U4isOIWM3VvDubwSI3y7a,All of Me,John Legend,"soft pop, neo soul",R&B,Love In The Future (Expanded Edition),04:29,705120549,2023,Solo
3U4isOIWM3VvDubwSI3y7a,All of Me,John Legend,"soft pop, neo soul",R&B,Love In The Future (Expanded Edition),04:29,705120549,2024,Solo
3UHPGOkUcE4hE7sqBF4Snt,Film out,BTS,k-pop,Pop,Film out,03:34,43782213,2021,Solo
3UYiU57SMiAS5LqolhHJw1,Shameless,Camila Cabello,pop,Pop,Shameless,03:39,29457967,2019,Solo
3Ua0m0YmEjrMi9XErKcNiR,Like Crazy,Jimin,k-pop,Pop,FACE,03:32,1556917832,2023,Solo
3Ua0m0YmEjrMi9XErKcNiR,Like Crazy,Jimin,k-pop,Pop,FACE,03:32,1556917832,2024,Solo
3UmaczJpikHgJFyBTAJVoz,Stan,"Eminem,Dido","rap, hip hop, ",Hip Hop,The Marshall Mathers LP,06:44,47713425,2022,Collaboration
3UoULw70kMsiVXxW0L3A33,pov,Ariana Grande,pop,Pop,Positions,03:21,138032182,2020,Solo
3UoULw70kMsiVXxW0L3A33,pov,Ariana Grande,pop,Pop,Positions,03:21,138032182,2021,Solo
3V8UKqhEK5zBkBb6d6ub8i,Te Boté - Remix,"Nio Garcia,Casper Magico,Bad Bunny,Darell,Ozuna,Nicky Jam","reggaeton, trap latino, urbano latino, latin, dembow",Latin,Te Boté (Remix),06:57,574736720,2018,Collaboration
3V8UKqhEK5zBkBb6d6ub8i,Te Boté - Remix,"Nio Garcia,Casper Magico,Bad Bunny,Darell,Ozuna,Nicky Jam","reggaeton, trap latino, urbano latino, latin, dembow",Latin,Te Boté (Remix),06:57,574736720,2019,Collaboration
3VClLWqNn80Llv0PJOsKgr,Báilame - Remix,"Nacho,Yandel,Bad Bunny,Mambo Kingz,DJ Luian","reggaeton, latin, urbano latino, trap latino",Latin,Báilame (Remix),03:37,216643329,2017,Collaboration
3VClLWqNn80Llv0PJOsKgr,Báilame - Remix,"Nacho,Yandel,Bad Bunny,Mambo Kingz,DJ Luian","reggaeton, latin, urbano latino, trap latino",Latin,Báilame (Remix),03:37,216643329,2018,Collaboration
3VHrwffnUZFb7FidvPV3OA,Kill This Love,BLACKPINK,k-pop,Pop,Kill This Love,03:09,15065892,2019,Solo
3VTNVsTTu05dmTsVFrmGpK,Fairytale of New York (feat. Kirsty MacColl),"The Pogues,Kirsty MacColl","celtic rock, christmas, folk punk, celtic, ",Traditional music,If I Should Fall from Grace with God (Expanded Edition),04:32,297654594,2017,Collaboration
3VTNVsTTu05dmTsVFrmGpK,Fairytale of New York (feat. Kirsty MacColl),"The Pogues,Kirsty MacColl","celtic rock, christmas, folk punk, celtic, ",Traditional music,If I Should Fall from Grace with God (Expanded Edition),04:32,297654594,2018,Collaboration
3VTNVsTTu05dmTsVFrmGpK,Fairytale of New York (feat. Kirsty MacColl),"The Pogues,Kirsty MacColl","celtic rock, christmas, folk punk, celtic, ",Traditional music,If I Should Fall from Grace with God (Expanded Edition),04:32,297654594,2019,Collaboration
3VTNVsTTu05dmTsVFrmGpK,Fairytale of New York (feat. Kirsty MacColl),"The Pogues,Kirsty MacColl","celtic rock, christmas, folk punk, celtic, ",Traditional music,If I Should Fall from Grace with God (Expanded Edition),04:32,297654594,2020,Collaboration
3VTNVsTTu05dmTsVFrmGpK,Fairytale of New York (feat. Kirsty MacColl),"The Pogues,Kirsty MacColl","celtic rock, christmas, folk punk, celtic, ",Traditional music,If I Should Fall from Grace with God (Expanded Edition),04:32,297654594,2021,Collaboration
3VTNVsTTu05dmTsVFrmGpK,Fairytale of New York (feat. Kirsty MacColl),"The Pogues,Kirsty MacColl","celtic rock, christmas, folk punk, celtic, ",Traditional music,If I Should Fall from Grace with God (Expanded Edition),04:32,297654594,2022,Collaboration
3VTNVsTTu05dmTsVFrmGpK,Fairytale of New York (feat. Kirsty MacColl),"The Pogues,Kirsty MacColl","celtic rock, christmas, folk punk, celtic, ",Traditional music,If I Should Fall from Grace with God (Expanded Edition),04:32,297654594,2023,Collaboration
3VTNVsTTu05dmTsVFrmGpK,Fairytale of New York (feat. Kirsty MacColl),"The Pogues,Kirsty MacColl","celtic rock, christmas, folk punk, celtic, ",Traditional music,If I Should Fall from Grace with God (Expanded Edition),04:32,297654594,2024,Collaboration
3Vp4B9KshEPy72bwY0NJks,Tell Ur Girlfriend,Lay Bankz,jersey club,Pop,After 7,02:04,24590401,2024,Solo
3VqeTFIvhxu3DIe4eZVzGq,Butter,BTS,k-pop,Pop,Butter,02:44,121839470,2021,Solo
3VvA1wSxukMLsvXoXtlwWx,Hecha Pa' Mi,Boza,"reggaeton, urbano latino",Latin,Más Negro Que Rojo,03:06,330029766,2020,Solo
3VvA1wSxukMLsvXoXtlwWx,Hecha Pa' Mi,Boza,"reggaeton, urbano latino",Latin,Más Negro Que Rojo,03:06,330029766,2021,Solo
3W5KHP0Yr56ejVDns9vci3,Wish You The Best,Lewis Capaldi,soft pop,Pop,Wish You The Best,03:30,22992940,2023,Solo
3WMj8moIAXJhHsyLaqIIHI,Something in the Orange,Zach Bryan,"country, red dirt",Country,Something in the Orange,03:48,1176898694,2022,Solo
3WMj8moIAXJhHsyLaqIIHI,Something in the Orange,Zach Bryan,"country, red dirt",Country,Something in the Orange,03:48,1176898694,2023,Solo
3WMj8moIAXJhHsyLaqIIHI,Something in the Orange,Zach Bryan,"country, red dirt",Country,Something in the Orange,03:48,1176898694,2024,Solo
3WOhcATHxK2SLNeP5W3v1v,Guess featuring billie eilish,"Charli xcx,Billie Eilish","hyperpop, art pop, ",Pop,Guess featuring billie eilish,02:23,246530214,2024,Collaboration
3WRIaWsws011vHMd9uzPjG,First Off (feat. Travis Scott),"Future,Travis Scott",rap,Hip Hop,Future Hndrxx Presents: The WIZRD,03:48,28728227,2019,Collaboration
3WUyu94psXrYV6HZbXgcFA,Rover,KAI,k-pop,Pop,Rover - The 3rd Mini Album,02:54,11151448,2023,Solo
3Wf2YGdYT8xVdNsQSoRKk9,Youth (feat. Khalid),"Shawn Mendes,Khalid","pop, ",Pop,Youth (feat. Khalid),03:09,34923455,2018,Collaboration
3X2r2CnHOJeV5YekPTgBnK,Straightenin,Migos,trap,Hip Hop,Straightenin,04:15,14332298,2021,Solo
3XIXklO3e0uWUAUkOR7NLI,DENTRO DA HILUX,"Luan Pereira,MC Ryan SP,Mc Daniel","agronejo, sertanejo, sertanejo universitário, piseiro, funk, funk consciente, trap funk, brazilian funk, brazilian trap",Country,DENTRO DA HILUX,02:43,46745592,2023,Collaboration
3XIXklO3e0uWUAUkOR7NLI,DENTRO DA HILUX,"Luan Pereira,MC Ryan SP,Mc Daniel","agronejo, sertanejo, sertanejo universitário, piseiro, funk, funk consciente, trap funk, brazilian funk, brazilian trap",Country,DENTRO DA HILUX,02:43,46745592,2024,Collaboration
3XOalgusokruzA5ZBA2Qcb,pushin P (feat. Young Thug),"Gunna,Future,Young Thug","melodic rap, rap, trap",Hip Hop,DS4EVER,02:16,127662233,2022,Collaboration
3XYRV7ZSHqIRDG87DKTtry,Permission to Dance,BTS,k-pop,Pop,Permission to Dance,03:07,18310423,2021,Solo
3XYRV7ZSHqIRDG87DKTtry,Permission to Dance,BTS,k-pop,Pop,Permission to Dance,03:07,18310423,2022,Solo
3XfUFGzbr0LmwFVoLXd9cO,Billete Grande (En Vivo),"Fuerza Regida,Edgardo Nuñez","corrido, corridos tumbados, corridos bélicos, música mexicana, banda, electro corridos, sierreño, sad sierreño",Latin,Billete Grande (En Vivo),02:43,23899034,2023,Collaboration
3XiNC94b4Tq1xwv70sQJGN,Sanguine Paradise,Lil Uzi Vert,melodic rap,Hip Hop,Sanguine Paradise,04:03,127569510,2019,Solo
3XjN0mvFkQp1FMVM9Ro5hm,RUMBATÓN,Daddy Yankee,"reggaeton, latin",Latin,LEGENDADDY,04:08,40511971,2022,Solo
3XjvMZqm2AQ8thMCD6w9w2,Mas Rica Que Ayer,"Anuel AA,Mambo Kingz,DJ Luian","reggaeton, trap latino, urbano latino, latin",Latin,Mas Rica Que Ayer,03:19,93808484,2023,Collaboration
3XoflnowYPFRPOh3uFvHcm,Selfish Love (with Selena Gomez),"DJ Snake,Selena Gomez",pop,Pop,Selfish Love (with Selena Gomez),02:48,15286326,2021,Collaboration
3XsYMEJutxpTiNXXRvodQH,RoCKSTAR 2.0,"Duki,JHAYCO","argentine trap, trap, trap latino, reggaeton, urbano latino",Hip Hop,Antes de Ameri,02:53,18619178,2023,Collaboration
3XsaSIPWvM61RIFfeb0BBR,White Christmas - 1947 Version,"Bing Crosby,Ken Darby Singers,John Scott Trotter & His Orchestra","christmas, ",Jazz,White Christmas,03:03,55701564,2024,Collaboration
3Y7a0typ6ik1KscmebXd6D,No New Friends,"Sia,Diplo,Labrinth,LSD","moombahton, ",Electronic,No New Friends,02:55,13984144,2019,Collaboration
3YJJjQPAbDT7mGpX3WtQ9A,Good Days,SZA,r&b,R&B,Good Days,04:39,349890040,2020,Solo
3YJJjQPAbDT7mGpX3WtQ9A,Good Days,SZA,r&b,R&B,Good Days,04:39,349890040,2021,Solo
3Ytr1SUCUi6J3L9dRFx5iH,"Know No Better (feat. Travis Scott, Camila Cabello & Quavo)","Major Lazer,Travis Scott,Camila Cabello,Quavo","moombahton, rap, pop, ",Electronic,Know No Better (feat. Quavo),03:45,192498509,2017,Collaboration
3YvE7uo4ffseBoJPh8IhHp,Presepada,"Marília Mendonça,Maiara & Maraisa","sertanejo, sertanejo universitário, arrocha, forró, piseiro",Country,Festa das Patroas 35%,03:16,45613219,2021,Collaboration
3YvE7uo4ffseBoJPh8IhHp,Presepada,"Marília Mendonça,Maiara & Maraisa","sertanejo, sertanejo universitário, arrocha, forró, piseiro",Country,Festa das Patroas 35%,03:16,45613219,2022,Collaboration
3Yw09dj3cTXsAzlLjgBfIP,Talk Up,"Drake,JAY-Z","rap, hip hop, east coast hip hop",Hip Hop,Scorpion,03:15,35516339,2018,Collaboration
3Z0oQ8r78OUaHvGPiDBR3W,Into the Unknown,"Idina Menzel,AURORA","musicals, norwegian pop, art pop",Pop,Frozen 2 (Original Motion Picture Soundtrack/Deluxe Edition),03:14,54614045,2019,Collaboration
3Z0oQ8r78OUaHvGPiDBR3W,Into the Unknown,"Idina Menzel,AURORA","musicals, norwegian pop, art pop",Pop,Frozen 2 (Original Motion Picture Soundtrack/Deluxe Edition),03:14,54614045,2020,Collaboration
3Z3QhZAZpqwZa1phsbQ3JZ,Driving Home for Christmas,Chris Rea,christmas,Jazz,The Works,04:00,41881740,2018,Solo
3Z8FwOEN59mRMxDCtb8N0A,Be Kind (with Halsey),"Marshmello,Halsey","edm, ",Electronic,Be Kind (with Halsey),02:52,277175843,2020,Collaboration
3Z8FwOEN59mRMxDCtb8N0A,Be Kind (with Halsey),"Marshmello,Halsey","edm, ",Electronic,Be Kind (with Halsey),02:52,277175843,2021,Collaboration
3ZEno9fORwMA1HPecdLi0R,HAPPY,NF,christian hip hop,Hip Hop,HOPE,04:02,17139630,2023,Solo
3ZFTkvIE7kyPt6Nu3PEa7V,Hips Don't Lie (feat. Wyclef Jean),"Shakira,Wyclef Jean","latin pop, latin, ",Latin,"Oral Fixation, Vol. 2 (Expanded Edition)",03:38,236388010,2017,Collaboration
3ZFTkvIE7kyPt6Nu3PEa7V,Hips Don't Lie (feat. Wyclef Jean),"Shakira,Wyclef Jean","latin pop, latin, ",Latin,"Oral Fixation, Vol. 2 (Expanded Edition)",03:38,236388010,2018,Collaboration
3ZFTkvIE7kyPt6Nu3PEa7V,Hips Don't Lie (feat. Wyclef Jean),"Shakira,Wyclef Jean","latin pop, latin, ",Latin,"Oral Fixation, Vol. 2 (Expanded Edition)",03:38,236388010,2020,Collaboration
3ZFTkvIE7kyPt6Nu3PEa7V,Hips Don't Lie (feat. Wyclef Jean),"Shakira,Wyclef Jean","latin pop, latin, ",Latin,"Oral Fixation, Vol. 2 (Expanded Edition)",03:38,236388010,2021,Collaboration
3ZFTkvIE7kyPt6Nu3PEa7V,Hips Don't Lie (feat. Wyclef Jean),"Shakira,Wyclef Jean","latin pop, latin, ",Latin,"Oral Fixation, Vol. 2 (Expanded Edition)",03:38,236388010,2022,Collaboration
3ZFTkvIE7kyPt6Nu3PEa7V,Hips Don't Lie (feat. Wyclef Jean),"Shakira,Wyclef Jean","latin pop, latin, ",Latin,"Oral Fixation, Vol. 2 (Expanded Edition)",03:38,236388010,2023,Collaboration
3ZFTkvIE7kyPt6Nu3PEa7V,Hips Don't Lie (feat. Wyclef Jean),"Shakira,Wyclef Jean","latin pop, latin, ",Latin,"Oral Fixation, Vol. 2 (Expanded Edition)",03:38,236388010,2024,Collaboration
3ZG8N7aWw2meb6UrI5ZmnZ,Relación,Sech,"reggaeton, urbano latino",Latin,1 of 1,03:04,240576705,2020,Solo
3ZOEytgrvLwQaqXreDs2Jx,Can't Stop,Red Hot Chili Peppers,"funk rock, alternative rock, rock",Rock,By the Way (Deluxe Edition),04:29,27389936,2024,Solo
3ZVFcD8Wlw9T9klGqmJf9F,Florida!!! (feat. Florence + The Machine),"Taylor Swift,Florence + The Machine",baroque pop,Pop,THE TORTURED POETS DEPARTMENT,03:35,122917275,2024,Collaboration
3ZaEs1O8BG581qYPHpQ8d6,I Smoked Away My Brain (I'm God x Demons Mashup) (feat. Imogen Heap & Clams Casino),"A$AP Rocky,Imogen Heap,Clams Casino","rap, cloud rap, witch house",Hip Hop,I Smoked Away My Brain (I'm God x Demons Mashup) (feat. Imogen Heap & Clams Casino),03:10,26393173,2024,Collaboration
3Zf4GutWZ7Hv3wsVQsSQPs,BEBÉ,"Camilo,El Alfa","colombian pop, dembow, urbano latino, latin, reggaeton",Pop,Mis Manos,03:17,27562658,2021,Collaboration
3ZhTT6yjZwpPph5MIJ53XY,Red Roses (feat. Landon Cube),"Lil Skies,Landon Cube","melodic rap, ",Hip Hop,Life of a Dark Rose,04:22,50524234,2018,Collaboration
3ZozFqJJlDBNIm4xqxn2ZD,Fancy Like,Walker Hayes,country,Country,Country Stuff,02:41,28114190,2021,Solo
3Zyk5Vd9WNPNVWxvb0EZTk,X SI VOLVEMOS,"KAROL G,Romeo Santos","reggaeton, latin, urbano latino, bachata, bachata pop",Latin,X SI VOLVEMOS,03:23,90466008,2023,Collaboration
3aAnwyBJY9OLNLqSgd4fZU,Deja Vu,TOMORROW X TOGETHER,k-pop,Pop,minisode 3: TOMORROW,02:51,10377475,2024,Solo
3aQem4jVGdhtg116TmJnHz,What’s Next,Drake,"rap, hip hop",Hip Hop,Scary Hours 2,02:58,132259039,2021,Solo
3aSWXU6owkZeVhh94XxEWO,30 For 30 (with Kendrick Lamar),"SZA,Kendrick Lamar","r&b, hip hop, west coast hip hop",Hip Hop,SOS Deluxe: LANA,04:38,19870241,2024,Collaboration
3aW0ds4A4tSQDIp75FqWTo,FAKE LOVE,BTS,k-pop,Pop,Love Yourself 轉 'Tear',04:02,62010876,2018,Solo
3aZSvXuZt8ymQeixzFQM9W,KEYS TO MY LIFE,"Kanye West,Ty Dolla $ign","rap, ",Hip Hop,VULTURES 1,02:54,12212814,2024,Collaboration
3aZptNYC6Z1YoumeqZcDcQ,"gnx (feat. hitta j3, youngthreat, peysoh)","Kendrick Lamar,Hitta J3,YoungThreat,Peysoh","hip hop, west coast hip hop, ",Hip Hop,GNX,03:13,16973060,2024,Collaboration
3agFBAMPiIvzfTh7a9Udm6,Nota de Repúdio - Ao Vivo,Gusttavo Lima,"sertanejo, sertanejo universitário, arrocha, agronejo, piseiro, forró",Country,Nota de Repúdio (Ao Vivo),02:44,23606693,2021,Solo
3ao3OVxHlb3C08vAaApUlm,Imposible,"Luis Fonsi,Ozuna","latin, reggaeton, trap latino, urbano latino",Latin,Imposible,02:43,114860868,2018,Collaboration
3ao3OVxHlb3C08vAaApUlm,Imposible,"Luis Fonsi,Ozuna","latin, reggaeton, trap latino, urbano latino",Latin,Imposible,02:43,114860868,2019,Collaboration
3apeXzypBMnUfYcZYNX6DH,I CAN'T STOP ME,TWICE,k-pop,Pop,Eyes wide open,03:25,51402646,2020,Solo
3apeXzypBMnUfYcZYNX6DH,I CAN'T STOP ME,TWICE,k-pop,Pop,Eyes wide open,03:25,51402646,2021,Solo
3bH2Eu9A9ymI4UnGHRmoXg,Merry Christmas,"Ed Sheeran,Elton John","soft pop, ",Pop,Merry Christmas,03:28,122819905,2022,Collaboration
3bH2Eu9A9ymI4UnGHRmoXg,Merry Christmas,"Ed Sheeran,Elton John","soft pop, ",Pop,Merry Christmas,03:28,122819905,2023,Collaboration
3bH4HzoZZFq8UpZmI2AMgV,New Light,John Mayer,singer-songwriter,Folk/Acoustic,New Light,03:36,56149453,2018,Solo
3bMfUUpzUzqWp9II00yRhE,Christmas Time Is Here,Vince Guaraldi Trio,christmas,Jazz,Charlie Brown Holiday Hits,02:43,55604883,2022,Solo
3bMfUUpzUzqWp9II00yRhE,Christmas Time Is Here,Vince Guaraldi Trio,christmas,Jazz,Charlie Brown Holiday Hits,02:43,55604883,2023,Solo
3bMfUUpzUzqWp9II00yRhE,Christmas Time Is Here,Vince Guaraldi Trio,christmas,Jazz,Charlie Brown Holiday Hits,02:43,55604883,2024,Solo
3bNNvJA7hsGw0wSpGkfOBm,Too Sad to Dance,Jung Kook,k-pop,Pop,GOLDEN,02:55,24166958,2023,Solo
3bWAqKDWg6u1davspr5IkS,OK,"Robin Schulz,James Blunt","tropical house, ",Electronic,OK,03:09,156941301,2017,Collaboration
3bkkMZEAhx7rTVz1C0itRQ,Black Swan,BTS,k-pop,Pop,MAP OF THE SOUL : 7,03:18,24515543,2020,Solo
3cBsEDNhFI9E82vPj3kvi3,Wasted On You,Morgan Wallen,country,Country,Dangerous: The Double Album,02:58,22171609,2021,Solo
3cDyocF0Ibdfs1SFQk5cLZ,Lollipop,Darell,"reggaeton, trap latino, dembow, urbano latino",Latin,EVERYBODY GO TO THE DISCOTEK,03:19,295103775,2023,Solo
3cDyocF0Ibdfs1SFQk5cLZ,Lollipop,Darell,"reggaeton, trap latino, dembow, urbano latino",Latin,EVERYBODY GO TO THE DISCOTEK,03:19,295103775,2024,Solo
3cFsmM51N5zMAuu1nNY4Tw,No Lie,"Sean Paul,Dua Lipa","dancehall, pop",Traditional music,No Lie,03:41,81219027,2017,Collaboration
3dG6tjetoR4GMmUGZUprLt,Wouldn't Leave,"Kanye West,PARTYNEXTDOOR","rap, r&b",R&B,ye,03:25,21028429,2018,Collaboration
3dPQuX8Gs42Y7b454ybpMR,Seven Nation Army,The White Stripes,"garage rock, blues rock, rock, alternative rock",Rock,Elephant,03:52,66750637,2021,Solo
3dPQuX8Gs42Y7b454ybpMR,Seven Nation Army,The White Stripes,"garage rock, blues rock, rock, alternative rock",Rock,Elephant,03:52,66750637,2024,Solo
3dQDid3IUNhZy1OehIfYfE,Vacaciones,Wisin,"reggaeton, latin",Latin,Vacaciones,03:58,107528684,2017,Solo
3dWpRjCmaHbroNahuSeX11,Rebota - Remix,"Guaynaa,Nicky Jam,Farruko,Becky G,Sech","reggaeton, latin, trap latino, urbano latino",Latin,Rebota (Remix),04:22,43993291,2019,Collaboration
3dbLT62Cvs46Ju7a8gpr36,Savage,aespa,k-pop,Pop,Savage - The 1st Mini Album,03:58,15229644,2021,Solo
3dnP0JxCgygwQH9Gm7q7nb,Ella Baila Sola,"Eslabon Armado,Peso Pluma","corridos tumbados, sad sierreño, corrido, sierreño, música mexicana, corridos bélicos, electro corridos, banda",Latin,Ella Baila Sola,02:45,455165850,2023,Collaboration
3e9HZxeyfWwjeyPAMmWSSQ,"thank u, next",Ariana Grande,pop,Pop,"thank u, next",03:27,588732990,2019,Solo
3e9HZxeyfWwjeyPAMmWSSQ,"thank u, next",Ariana Grande,pop,Pop,"thank u, next",03:27,588732990,2020,Solo
3e9HZxeyfWwjeyPAMmWSSQ,"thank u, next",Ariana Grande,pop,Pop,"thank u, next",03:27,588732990,2021,Solo
3eP13S8D5m2cweMEg3ZDed,Virginia Beach,Drake,"rap, hip hop",Hip Hop,For All The Dogs,04:11,105493148,2023,Solo
3eR23VReFzcdmS7TYCrhCe,It Ain't Me (with Selena Gomez),"Kygo,Selena Gomez","tropical house, pop",Pop,It Ain't Me (with Selena Gomez),03:40,656819820,2017,Collaboration
3eR23VReFzcdmS7TYCrhCe,It Ain't Me (with Selena Gomez),"Kygo,Selena Gomez","tropical house, pop",Pop,It Ain't Me (with Selena Gomez),03:40,656819820,2018,Collaboration
3eZYOQO4UzKrUDYDghtnFw,test drive,Ariana Grande,pop,Pop,Positions (Deluxe),02:02,17750658,2021,Solo
3ebXMykcMXOcLeJ9xZ17XH,Scared to Be Lonely,"Martin Garrix,Dua Lipa","edm, electronica, progressive house, pop",Electronic,Scared to Be Lonely,03:40,496150396,2017,Collaboration
3ebXMykcMXOcLeJ9xZ17XH,Scared to Be Lonely,"Martin Garrix,Dua Lipa","edm, electronica, progressive house, pop",Electronic,Scared to Be Lonely,03:40,496150396,2018,Collaboration
3ee8Jmje8o58CHK66QrVC2,SAD!,XXXTENTACION,emo rap,Hip Hop,?,02:46,1467192196,2018,Solo
3ee8Jmje8o58CHK66QrVC2,SAD!,XXXTENTACION,emo rap,Hip Hop,?,02:46,1467192196,2019,Solo
3ee8Jmje8o58CHK66QrVC2,SAD!,XXXTENTACION,emo rap,Hip Hop,?,02:46,1467192196,2020,Solo
3ee8Jmje8o58CHK66QrVC2,SAD!,XXXTENTACION,emo rap,Hip Hop,?,02:46,1467192196,2021,Solo
3eekarcy7kvN4yt5ZFzltW,HIGHEST IN THE ROOM,Travis Scott,rap,Hip Hop,HIGHEST IN THE ROOM,02:55,1102157317,2019,Solo
3eekarcy7kvN4yt5ZFzltW,HIGHEST IN THE ROOM,Travis Scott,rap,Hip Hop,HIGHEST IN THE ROOM,02:55,1102157317,2020,Solo
3eekarcy7kvN4yt5ZFzltW,HIGHEST IN THE ROOM,Travis Scott,rap,Hip Hop,HIGHEST IN THE ROOM,02:55,1102157317,2021,Solo
3eekarcy7kvN4yt5ZFzltW,HIGHEST IN THE ROOM,Travis Scott,rap,Hip Hop,HIGHEST IN THE ROOM,02:55,1102157317,2024,Solo
3eh51r6rFWAlGQRlHx9QnQ,Push Ups,Drake,"rap, hip hop",Hip Hop,Push Ups,03:52,80064485,2024,Solo
3ehHqgYRzmeUi345MfHS2N,París,"Morat,Duki","colombian pop, latin pop, argentine trap, trap, trap latino",Hip Hop,París,03:02,13186691,2022,Collaboration
3eqCJfgJJs8iKx49KO12s3,REMIX EXCLUSIVO,Feid,"reggaeton, urbano latino",Latin,REMIX EXCLUSIVO,03:26,120395786,2023,Solo
3f5lA8nnc4YYF1qf78WpHw,Ella Quiere Beber - Remix,"Anuel AA,Romeo Santos","reggaeton, trap latino, urbano latino, latin, bachata, bachata pop",Latin,Ella Quiere Beber (Remix),03:39,121089966,2019,Collaboration
3fDTzkvrOo5xQIO480Qmsb,Suicide Doors,Lil Uzi Vert,melodic rap,Hip Hop,Pink Tape,04:19,15280614,2023,Solo
3fJHbMUnzceimOnNjp63fF,Primera Cita,Carin Leon,"banda, norteño, sierreño, corrido, grupera, ranchera, sad sierreño, música mexicana",Latin,Colmillo De Leche,03:06,17486804,2024,Solo
3fNMgjG8yXaSam46swhz7w,KNIGHT CRAWLER (feat. Juice WRLD),"Trippie Redd,Juice WRLD","melodic rap, emo rap",Hip Hop,MANSION MUSIK,02:57,11623026,2023,Collaboration
3fgehc497TFqKH1zBL2YNK,Heavy Is the Crown,Linkin Park,"nu metal, rap metal, rock, alternative metal",Metal,Heavy Is the Crown,02:47,105509423,2024,Solo
3fjN3y5x4hN53rykAN2LHQ,cómo dormiste?,Rels B,"urbano latino, trap latino",Latin,cómo dormiste?,01:52,173182736,2022,Solo
3fjN3y5x4hN53rykAN2LHQ,cómo dormiste?,Rels B,"urbano latino, trap latino",Latin,cómo dormiste?,01:52,173182736,2023,Solo
3frUvGrmGcay91lvFbOgsN,Like It Is,"Kygo,Zara Larsson,Tyga","tropical house, ",Electronic,Like It Is,03:03,66933815,2020,Collaboration
3g0mEQx3NTanacLseoP0Gw,Takeaway,"The Chainsmokers,ILLENIUM,Lennon Stella","melodic bass, future bass, edm, ",Electronic,World War Joy,03:29,76548601,2019,Collaboration
3g0mEQx3NTanacLseoP0Gw,Takeaway,"The Chainsmokers,ILLENIUM,Lennon Stella","melodic bass, future bass, edm, ",Electronic,World War Joy,03:29,76548601,2020,Collaboration
3g4UyIcQwutiG0TfW32GnX,Esclavo de Tus Besos,"Manuel Turizo,Ozuna","reggaeton, latin, colombian pop, trap latino, urbano latino",Pop,Esclavo de Tus Besos,03:39,105148236,2019,Collaboration
3gD4J3RUHy4OUuZ3qAiaiG,Caramelo,Ozuna,"reggaeton, latin, trap latino, urbano latino",Latin,Caramelo,03:37,150738796,2020,Solo
3gOI5aQD4mOMLsP3aWrkon,TUS GAFITAS,KAROL G,"reggaeton, latin, urbano latino",Latin,MAÑANA SERÁ BONITO,02:47,25117552,2023,Solo
3gWzTnziivUYzqXtnvgN8q,Jonah,Kanye West,rap,Hip Hop,Donda,03:15,22862650,2021,Solo
3gdPwk2wyOXNRnTA1KXnEr,Wish You The Best,Lewis Capaldi,soft pop,Pop,Broken By Desire To Be Heavenly Sent,03:30,13894382,2023,Solo
3gfSH9aYZbyGjdmbeoWliw,Siempre Pendientes,"Peso Pluma,Luis R Conriquez","corrido, corridos tumbados, corridos bélicos, música mexicana, sad sierreño, electro corridos, banda, sierreño",Latin,Siempre Pendientes,03:06,17597942,2023,Collaboration
3gfmFoJgmn9LiIj5mV8oSS,I Just Can't,"R3HAB,Quintino","slap house, edm, big room",Electronic,Trouble,02:36,18715601,2017,Collaboration
3goH7O78TLkV9RhCAyM4AT,Fame,Apache 207,german hip hop,Hip Hop,Fame,02:53,24170122,2020,Solo
3h1EREJfCwyv6cG7CGak5d,What Christmas Means To Me,Stevie Wonder,"motown, soul",R&B,Someday At Christmas,02:27,23404250,2018,Solo
3h1EREJfCwyv6cG7CGak5d,What Christmas Means To Me,Stevie Wonder,"motown, soul",R&B,Someday At Christmas,02:27,23404250,2019,Solo
3h1EREJfCwyv6cG7CGak5d,What Christmas Means To Me,Stevie Wonder,"motown, soul",R&B,Someday At Christmas,02:27,23404250,2020,Solo
3hBBKuWJfxlIlnd9QFoC8k,What Lovers Do (feat. SZA),"Maroon 5,SZA","pop, r&b",Pop,Red Pill Blues (Deluxe),03:19,353593538,2017,Collaboration
3hBBKuWJfxlIlnd9QFoC8k,What Lovers Do (feat. SZA),"Maroon 5,SZA","pop, r&b",Pop,Red Pill Blues (Deluxe),03:19,353593538,2018,Collaboration
3hBXvHLlTHvnbwrPbeoyAj,Jingle Bell Rock,Bobby Helms,christmas,Jazz,The Classic Years: 1956-1962,02:10,80827873,2019,Solo
3hBXvHLlTHvnbwrPbeoyAj,Jingle Bell Rock,Bobby Helms,christmas,Jazz,The Classic Years: 1956-1962,02:10,80827873,2020,Solo
3i0FkJYlU4MFfYkjFHXXAM,I'm Not Here To Make Friends,"Sam Smith,Calvin Harris,Jessie Reyez","soft pop, edm, ",Electronic,Gloria,03:49,77571606,2023,Collaboration
3i8fIJNV0yuC4kXT3SkVBZ,Popular,Ariana Grande,pop,Pop,Wicked: The Soundtrack,04:01,37224137,2024,Solo
3i9UVldZOE0aD0JnyfAZZ0,Lover (Remix) [feat. Shawn Mendes],"Taylor Swift,Shawn Mendes",pop,Pop,Lover (Remix) [feat. Shawn Mendes],03:41,41659534,2019,Collaboration
3i9UVldZOE0aD0JnyfAZZ0,Lover (Remix) [feat. Shawn Mendes],"Taylor Swift,Shawn Mendes",pop,Pop,Lover (Remix) [feat. Shawn Mendes],03:41,41659534,2020,Collaboration
3iBgrkexCzVuPy4O9vx7Mf,Glue Song,beabadoobee,bedroom pop,Pop,Glue Song,02:15,22515226,2023,Solo
3iPbmpKBMflYd7UjdYftoj,Alcohol-Free,TWICE,k-pop,Pop,Alcohol-Free,03:30,33607656,2021,Solo
3iQOfefMGDVDwo8dZoco8T,PORFA,"Feid,Justin Quiles","reggaeton, urbano latino",Latin,PORFA,03:53,19351994,2020,Collaboration
3ibRxEv4KkcU9e259eyNJA,Sua cara (feat. Anitta & Pabllo Vittar),"Major Lazer,Anitta,Pabllo Vittar","moombahton, brazilian pop, funk pop, funk carioca, funk, pagode baiano, tecnobrega",Pop,Know No Better,02:47,36974227,2017,Collaboration
3iq9nhbI8fcnNamxMft1uv,Real Friends,Camila Cabello,pop,Pop,Camila,03:34,36239146,2018,Solo
3iw6V4LH7yPj1ESORX9RIN,Wellerman - Sea Shanty / 220 KID x Billen Ted Remix,"Nathan Evans,220 KID","sea shanties, ",Metal,Wellerman (Sea Shanty / 220 KID x Billen Ted Remix),01:56,173756236,2021,Collaboration
3j1453KrdHjw7y4gnBj7nF,"I P’ ME, TU P’ TE","Geolier,Michelangelo","canzone napoletana, italian trap, neomelodico",Traditional music,"I P’ ME, TU P’ TE",03:07,29875713,2024,Collaboration
3j84U36KvLeXNDPv4t5pI8,Pure Water (with Migos),"Mustard,Migos",trap,Hip Hop,Perfect Ten,03:12,51498467,2019,Collaboration
3jT2LKH0RSbQ8jIUNFzXm5,PTSD,"G Herbo,Juice WRLD,Lil Uzi Vert,Chance the Rapper","drill, melodic rap, emo rap, ",Hip Hop,PTSD,03:52,42810072,2020,Collaboration
3jbT1Y5MoPwEIpZndDDwVq,Adicto (with Anuel AA & Ozuna),"Tainy,Anuel AA,Ozuna","reggaeton, trap latino, urbano latino, latin",Latin,Adicto (with Anuel AA & Ozuna),04:30,285634300,2019,Collaboration
3jbT1Y5MoPwEIpZndDDwVq,Adicto (with Anuel AA & Ozuna),"Tainy,Anuel AA,Ozuna","reggaeton, trap latino, urbano latino, latin",Latin,Adicto (with Anuel AA & Ozuna),04:30,285634300,2020,Collaboration
3jipFRgLyKK0oJoG1pKicx,Jaded,Drake,"rap, hip hop",Hip Hop,Scorpion,04:22,23223132,2018,Solo
3jjBPF4NDMCU51psU8JPpR,"34+35 Remix (feat. Doja Cat, Megan Thee Stallion) - Remix","Ariana Grande,Doja Cat,Megan Thee Stallion","pop, ",Pop,34+35 (Remix),03:02,36738072,2021,Collaboration
3jq1RpStaB1YGyN3rRZGca,Sauce!,XXXTENTACION,emo rap,Hip Hop,"XXXTENTACION Presents: Members Only, Vol. 4",02:24,12493544,2019,Solo
3k3NWokhRRkEPhCzPmV8TW,Ojitos Lindos,"Bad Bunny,Bomba Estéreo","reggaeton, trap latino, latin, urbano latino, latin alternative",Latin,Un Verano Sin Ti,04:18,1549457436,2022,Collaboration
3k3NWokhRRkEPhCzPmV8TW,Ojitos Lindos,"Bad Bunny,Bomba Estéreo","reggaeton, trap latino, latin, urbano latino, latin alternative",Latin,Un Verano Sin Ti,04:18,1549457436,2023,Collaboration
3k4gjmYNJugQRlh2aounZ9,Over Each Other,Linkin Park,"nu metal, rap metal, rock, alternative metal",Metal,From Zero,02:50,12550313,2024,Solo
3k6q0O9JnO2GhvD6C8fs20,Closer Than This,Jimin,k-pop,Pop,Closer Than This,03:43,60326178,2023,Solo
3k6q0O9JnO2GhvD6C8fs20,Closer Than This,Jimin,k-pop,Pop,Closer Than This,03:43,60326178,2024,Solo
3kUq4sBcmxhnOtNysZ9yrp,Feliz Cumpleaños Ferxxo,Feid,"reggaeton, urbano latino",Latin,Feliz Cumpleaños Ferxxo,02:36,26020138,2022,Solo
3kW4z2pIj5VY5fLjBrMRL5,P2,Lil Uzi Vert,melodic rap,Hip Hop,Eternal Atake,03:54,110832424,2020,Solo
3kXoKlD84c6OmIcOLfrfEs,September,"Earth, Wind & Fire",disco,R&B,September (sped up + slowed),03:36,193346104,2024,Collaboration
3ke6it1vTmHtz2ApcIVUz5,"Snow Tha Product: Bzrp Music Sessions, Vol. 39","Bizarrap,Snow Tha Product","argentine trap, trap latino, urbano latino, latin hip hop, mexican hip hop",Hip Hop,"Snow Tha Product: Bzrp Music Sessions, Vol. 39",02:57,18621118,2021,Collaboration
3kf0WdFOalKWBkCCLJo4mA,El Gordo Trae El Mando,Chino Pacas,"corridos tumbados, corrido, corridos bélicos, música mexicana, electro corridos",Latin,El Gordo Trae El Mando,01:52,590253548,2023,Solo
3khEEPRyBeOUabbmOPJzAG,KICK BACK,Kenshi Yonezu,"j-pop, anime, j-rock",Pop,KICK BACK,03:13,114708471,2022,Solo
3khEEPRyBeOUabbmOPJzAG,KICK BACK,Kenshi Yonezu,"j-pop, anime, j-rock",Pop,KICK BACK,03:13,114708471,2023,Solo
3kml9ZdpT7UYk1ugkjqOzt,Don Don,"Daddy Yankee,Anuel AA,Kendo Kaponi","reggaeton, latin, trap latino, urbano latino",Latin,Don Don,04:35,58221825,2020,Collaboration
3ko9jEHNt4O5fjKN65ULJp,shut up,Ariana Grande,pop,Pop,Positions,02:37,17572218,2020,Solo
3ktTWpYdXrYApH54cBo4Ap,Conexões de Máfia (feat. Rich The Kid),"Matuê,Rich The Kid","brazilian trap, trap, brazilian hip hop, trap funk",Hip Hop,Conexões de Máfia (feat. Rich The Kid),03:41,65801396,2023,Collaboration
3kwgqoBqTwoAH4nT29TYrq,Nobody's Love,Maroon 5,pop,Pop,Nobody's Love,03:31,55146187,2020,Solo
3kx21xR6IboC9HVdajgBoc,SABOR FRESA,Fuerza Regida,"corrido, corridos tumbados, corridos bélicos, música mexicana, banda, electro corridos, sierreño, sad sierreño",Latin,Pa las Baby's Y Belikeada,02:36,165516183,2023,Solo
3kx21xR6IboC9HVdajgBoc,SABOR FRESA,Fuerza Regida,"corrido, corridos tumbados, corridos bélicos, música mexicana, banda, electro corridos, sierreño, sad sierreño",Latin,Pa las Baby's Y Belikeada,02:36,165516183,2024,Solo
3l6LBCOL9nPsSY29TUY2VE,Lilith (feat. SUGA of BTS) (Diablo IV Anthem),"Halsey,SUGA",k-pop,Pop,Lilith (feat. SUGA of BTS) (Diablo IV Anthem),03:00,47779476,2023,Collaboration
3lCbsHaN1wCxyDzcNN2x4N,Si Me Tomo Una Cerveza,"Migrantes,Alico","cumbia, cuarteto, rkt",Latin,Si Me Tomo una Cerveza,03:02,52866261,2020,Collaboration
3lCbsHaN1wCxyDzcNN2x4N,Si Me Tomo Una Cerveza,"Migrantes,Alico","cumbia, cuarteto, rkt",Latin,Si Me Tomo una Cerveza,03:02,52866261,2021,Collaboration
3lMzT16MjAKKXF7pSZn13B,Tell Ur Girlfriend,Lay Bankz,jersey club,Pop,Tell Ur Girlfriend,02:04,126860845,2024,Solo
3lkYS3iMpWMVpaJ0yJAFrJ,I Saw Mommy Kissing Santa Claus,The Jackson 5,"motown, christmas",Jazz,Merry Christmas,03:01,51468821,2020,Solo
3lkYS3iMpWMVpaJ0yJAFrJ,I Saw Mommy Kissing Santa Claus,The Jackson 5,"motown, christmas",Jazz,Merry Christmas,03:01,51468821,2021,Solo
3lkYS3iMpWMVpaJ0yJAFrJ,I Saw Mommy Kissing Santa Claus,The Jackson 5,"motown, christmas",Jazz,Merry Christmas,03:01,51468821,2022,Solo
3lkYS3iMpWMVpaJ0yJAFrJ,I Saw Mommy Kissing Santa Claus,The Jackson 5,"motown, christmas",Jazz,Merry Christmas,03:01,51468821,2023,Solo
3lkYS3iMpWMVpaJ0yJAFrJ,I Saw Mommy Kissing Santa Claus,The Jackson 5,"motown, christmas",Jazz,Merry Christmas,03:01,51468821,2024,Solo
3lwK3WyKAI5bUuGY1OgGbZ,Smart,LE SSERAFIM,k-pop,Pop,Smart (Remixes),02:46,66310098,2024,Solo
3mQ6SLdxxaL52Yte7KF2Ks,Morado,J Balvin,"reggaeton, latin",Latin,Morado,03:20,118041386,2020,Solo
3mRF0YNsDdFKFnxwg16hSz,VUELVE CANDY B,Bad Bunny,"reggaeton, trap latino, latin, urbano latino",Latin,nadie sabe lo que va a pasar mañana,04:26,26168122,2023,Solo
3mRcWCyteY2133a7xVMrYw,Comin Out Strong (feat. The Weeknd),"Future,The Weeknd","rap, ",Hip Hop,HNDRXX,04:14,18584650,2017,Collaboration
3mfER4ORePHvN35cbZ3dkV,Where Are You Now,"Lost Frequencies,Calum Scott","tropical house, soft pop",Pop,All Stand Together,02:29,45140295,2024,Collaboration
3mg9jYNC1NihbthlglzrWP,+57,"KAROL G,Feid,DFZM,Ovy On The Drums,J Balvin,Maluma,Ryan Castro,Blessd","reggaeton, latin, urbano latino",Latin,+57,04:58,66337661,2024,Collaboration
3mzbab4H0iZYkHggSEj0UX,Oi Balde - Ao Vivo,Zé Neto & Cristiano,"sertanejo, sertanejo universitário, arrocha, agronejo",Country,"Escolhas, Vol. 1 (Ao Vivo)",02:39,83878232,2023,Solo
3nAp4IvdMPPWEH9uuXFFV5,Underneath the Tree,Kelly Clarkson,christmas,Jazz,Wrapped In Red,03:49,781259152,2017,Solo
3nAp4IvdMPPWEH9uuXFFV5,Underneath the Tree,Kelly Clarkson,christmas,Jazz,Wrapped In Red,03:49,781259152,2018,Solo
3nAp4IvdMPPWEH9uuXFFV5,Underneath the Tree,Kelly Clarkson,christmas,Jazz,Wrapped In Red,03:49,781259152,2019,Solo
3nAp4IvdMPPWEH9uuXFFV5,Underneath the Tree,Kelly Clarkson,christmas,Jazz,Wrapped In Red,03:49,781259152,2020,Solo
3nAp4IvdMPPWEH9uuXFFV5,Underneath the Tree,Kelly Clarkson,christmas,Jazz,Wrapped In Red,03:49,781259152,2021,Solo
3nAp4IvdMPPWEH9uuXFFV5,Underneath the Tree,Kelly Clarkson,christmas,Jazz,Wrapped In Red,03:49,781259152,2022,Solo
3nAp4IvdMPPWEH9uuXFFV5,Underneath the Tree,Kelly Clarkson,christmas,Jazz,Wrapped In Red,03:49,781259152,2023,Solo
3nAp4IvdMPPWEH9uuXFFV5,Underneath the Tree,Kelly Clarkson,christmas,Jazz,Wrapped In Red,03:49,781259152,2024,Solo
3nNmRE0DxHC6ZaKkrpUumS,FINA,"Bad Bunny,Young Miko","reggaeton, trap latino, latin, urbano latino",Latin,nadie sabe lo que va a pasar mañana,03:36,203443560,2023,Collaboration
3nQ24dxqvxZEVwlHTeuLz0,Sympathy is a knife featuring ariana grande,"Charli xcx,Ariana Grande","hyperpop, art pop, pop",Pop,Brat and it’s completely different but also still brat,02:34,16277074,2024,Collaboration
3nS9a01VvXHQriLqJYwRqG,DOLLAZ ON MY HEAD (feat. Young Thug),"Gunna,Young Thug","melodic rap, rap, trap",Hip Hop,WUNNA,03:17,110657711,2020,Collaboration
3nc420PXjTdBV5TN0gCFkS,Ocean (feat. Khalid),"Martin Garrix,Khalid","edm, electronica, progressive house, ",Electronic,Ocean (feat. Khalid),03:36,231607377,2018,Collaboration
3nc420PXjTdBV5TN0gCFkS,Ocean (feat. Khalid),"Martin Garrix,Khalid","edm, electronica, progressive house, ",Electronic,Ocean (feat. Khalid),03:36,231607377,2019,Collaboration
3ncgNpxLoBQ65ABk4djDyd,PICK IT UP (feat. A$AP Rocky),"Famous Dex,A$AP Rocky",rap,Hip Hop,Pick It Up (feat. A$AP Rocky),03:11,132790534,2017,Collaboration
3ncgNpxLoBQ65ABk4djDyd,PICK IT UP (feat. A$AP Rocky),"Famous Dex,A$AP Rocky",rap,Hip Hop,Pick It Up (feat. A$AP Rocky),03:11,132790534,2018,Collaboration
3ndCsZfq8OVwwkz9mmZvUz,Stay,BTS,k-pop,Pop,BE,03:24,21601615,2020,Solo
3ng8tfwvzR4BBwa9yaMms6,BADGYAL,"SAIKO,JC Reyes,Dei V","flamenco urbano, trap latino, urbano latino",Latin,SAKURA,04:13,13835504,2024,Collaboration
3npzogdOEiVsieXmmhBepL,The Bones,Maren Morris,country,Country,GIRL,03:17,32411833,2019,Solo
3nqQXoyQOWXiESFLlDF1hG,Unholy (feat. Kim Petras),"Sam Smith,Kim Petras","soft pop, ",Pop,Unholy (feat. Kim Petras),02:36,853107897,2022,Collaboration
3nqQXoyQOWXiESFLlDF1hG,Unholy (feat. Kim Petras),"Sam Smith,Kim Petras","soft pop, ",Pop,Unholy (feat. Kim Petras),02:36,853107897,2023,Collaboration
3o1CUVeHIid49sabk6A6Nf,Forever Yours - Avicii Tribute,"Kygo,Avicii,Sandro Cavazza","tropical house, edm, ",Electronic,Forever Yours (Avicii Tribute),03:13,26087708,2020,Collaboration
3oNnzH6hmqIGIhJ1NcHlrh,CORAZÓN VACÍO,Maria Becerra,argentine trap,Hip Hop,CORAZÓN VACÍO,02:40,170452086,2023,Solo
3oZ6dlSfCE9gZ55MGPJctc,’98 Braves,Morgan Wallen,country,Country,One Thing At A Time,02:58,10814912,2023,Solo
3oZZfVvLJuDYc4Vn3A63Fw,Polar Opposites,Drake,"rap, hip hop",Hip Hop,For All The Dogs,04:17,13251572,2023,Solo
3obgSF06ki98lYNLNq5vCB,Wasted (feat. Lil Uzi Vert),"Juice WRLD,Lil Uzi Vert","melodic rap, emo rap",Hip Hop,Goodbye & Good Riddance,04:18,81305341,2018,Collaboration
3ojTJaonfkL96iIWa47SU3,Questions,Chris Brown,r&b,R&B,Heartbreak on a Full Moon,02:09,32974310,2017,Solo
3onYsG7nB3FwEVHYYWCrIM,No Child Left Behind,Kanye West,rap,Hip Hop,Donda,02:58,20754175,2021,Solo
3op7HNwLli54MBjFGzIlZO,Louder than bombs,BTS,k-pop,Pop,MAP OF THE SOUL : 7,03:37,10545793,2020,Solo
3p4hRhMcb6ch8OLtATMaLw,Cry,Cigarettes After Sex,dream pop,Pop,Cry,04:16,61014903,2024,Solo
3p7XQpdt8Dr6oMXSvRZ9bg,Eyes Closed,Ed Sheeran,soft pop,Pop,- (Deluxe),03:14,216198566,2023,Solo
3pdQTWpq09XCBosbTtYIiZ,Winter Wonderland - Remastered,Bing Crosby,christmas,Jazz,Christmas,02:22,31179893,2020,Solo
3pdQTWpq09XCBosbTtYIiZ,Winter Wonderland - Remastered,Bing Crosby,christmas,Jazz,Christmas,02:22,31179893,2021,Solo
3pdQTWpq09XCBosbTtYIiZ,Winter Wonderland - Remastered,Bing Crosby,christmas,Jazz,Christmas,02:22,31179893,2022,Solo
3pdQTWpq09XCBosbTtYIiZ,Winter Wonderland - Remastered,Bing Crosby,christmas,Jazz,Christmas,02:22,31179893,2023,Solo
3pm4XtcsRIFFtH2UErk62R,CANCIÓN CON YANDEL,"Yandel,Bad Bunny","reggaeton, urbano latino, latin, trap latino",Latin,LAS QUE NO IBAN A SALIR,03:29,20686748,2020,Collaboration
3qCeq0rWK67SoBDgFd2sId,Feliz Navidad,José Feliciano,"christmas, bolero",Latin,My Name Is José Feliciano,03:02,619662934,2020,Solo
3qCeq0rWK67SoBDgFd2sId,Feliz Navidad,José Feliciano,"christmas, bolero",Latin,My Name Is José Feliciano,03:02,619662934,2021,Solo
3qCeq0rWK67SoBDgFd2sId,Feliz Navidad,José Feliciano,"christmas, bolero",Latin,My Name Is José Feliciano,03:02,619662934,2022,Solo
3qCeq0rWK67SoBDgFd2sId,Feliz Navidad,José Feliciano,"christmas, bolero",Latin,My Name Is José Feliciano,03:02,619662934,2023,Solo
3qCeq0rWK67SoBDgFd2sId,Feliz Navidad,José Feliciano,"christmas, bolero",Latin,My Name Is José Feliciano,03:02,619662934,2024,Solo
3qM0vBxIe4VUbK0Z0smuVP,Medusa,"JHAYCO,Anuel AA,J Balvin","reggaeton, trap latino, urbano latino, latin",Latin,Medusa,05:05,52776270,2020,Collaboration
3qN5qMTKyEEmiTZD38BNTT,I'm Upset,Drake,"rap, hip hop",Hip Hop,Scorpion,03:34,55028517,2018,Solo
3qQbCzHBycnDpGskqOWY0E,Ella Baila Sola,"Eslabon Armado,Peso Pluma","corridos tumbados, sad sierreño, corrido, sierreño, música mexicana, corridos bélicos, electro corridos, banda",Latin,DESVELADO,02:45,1654080053,2023,Collaboration
3qQbCzHBycnDpGskqOWY0E,Ella Baila Sola,"Eslabon Armado,Peso Pluma","corridos tumbados, sad sierreño, corrido, sierreño, música mexicana, corridos bélicos, electro corridos, banda",Latin,DESVELADO,02:45,1654080053,2024,Collaboration
3qXZqXGniqNt3PK2CBSZgM,Si La Calle Llama - Remix,"Eladio Carrion,Myke Towers","trap latino, urbano latino, trap, reggaeton",Latin,3MEN2 KBRN,04:00,56151886,2023,Collaboration
3qXsX3mYSsD1DmAvc3PE3N,Love You Anyway,Luke Combs,country,Country,Love You Anyway,03:49,13283138,2023,Solo
3qhlB30KknSejmIvZZLjOD,End of Beginning,Djo,psychedelic pop,Pop,DECIDE,02:39,1183095382,2024,Solo
3qk4wRMDlaeagZGjSYbsOV,Sober,"G-Eazy,Charlie Puth","soft pop, pop",Pop,The Beautiful & Damned,03:23,21880262,2017,Collaboration
3qk4wRMDlaeagZGjSYbsOV,Sober,"G-Eazy,Charlie Puth","soft pop, pop",Pop,The Beautiful & Damned,03:23,21880262,2018,Collaboration
3qnbLYCLzKvGIQXFyopS2H,TALKING,"Kanye West,Ty Dolla $ign","rap, ",Hip Hop,VULTURES 1,03:05,15562521,2024,Collaboration
3qnoOm4fwZPBS116f5hpgF,All Mine,Kanye West,rap,Hip Hop,ye,02:25,115155282,2018,Solo
3r1cV21xPMkgCmxk8VqWOB,Cherry Lady,Capital Bra,german hip hop,Hip Hop,Cherry Lady,02:15,26441863,2019,Solo
3r8RuvgbX9s7ammBn07D3W,Ditto,NewJeans,k-pop,Pop,Ditto,03:05,632588128,2022,Solo
3r8RuvgbX9s7ammBn07D3W,Ditto,NewJeans,k-pop,Pop,Ditto,03:05,632588128,2023,Solo
3rFF7kSm5qBOOPs6ljFgPp,The Cut Off (feat. kiLL edward),"J. Cole,kiLL edward","rap, ",Hip Hop,KOD,03:57,17625597,2018,Collaboration
3rOSwuTsUlJp0Pu0MkN8r8,Mask Off,Future,rap,Hip Hop,FUTURE,03:24,483709496,2017,Solo
3rPAD722s5FFNnwjC91t7Z,Quiere Beber,Anuel AA,"reggaeton, trap latino, urbano latino, latin",Latin,Real Hasta la Muerte,03:07,118961009,2018,Solo
3rPAD722s5FFNnwjC91t7Z,Quiere Beber,Anuel AA,"reggaeton, trap latino, urbano latino, latin",Latin,Real Hasta la Muerte,03:07,118961009,2019,Solo
3rRin3LyLY92kpEbkCgwf4,Basta Você Me Ligar - Ao Vivo,"Os Barões Da Pisadinha,Xand Avião","piseiro, forró, sertanejo, arrocha, brega, tecnobrega, agronejo, sertanejo universitário",Country,DVD Novo dos Barões da Pisadinha Ao Vivo,03:02,15122114,2020,Collaboration
3rRin3LyLY92kpEbkCgwf4,Basta Você Me Ligar - Ao Vivo,"Os Barões Da Pisadinha,Xand Avião","piseiro, forró, sertanejo, arrocha, brega, tecnobrega, agronejo, sertanejo universitário",Country,DVD Novo dos Barões da Pisadinha Ao Vivo,03:02,15122114,2021,Collaboration
3rV5y8rcQrwRt9fWGLmjOQ,All Eyes On Me,Bo Burnham,comedy,Country,Inside (The Songs),05:02,12468173,2021,Solo
3ra4PQCtSVULClEqj2XXf7,Let It Snow! Let It Snow! Let It Snow!,Frank Sinatra,"christmas, big band, adult standards, swing music, vocal jazz, jazz",Easy listening,Classic Songs,02:37,16168957,2024,Solo
3rdAz1fbUfZxYgaCviYhRo,Todo De Ti,Rauw Alejandro,"reggaeton, urbano latino, trap latino, latin",Latin,VICE VERSA,03:19,235916049,2021,Solo
3rdAz1fbUfZxYgaCviYhRo,Todo De Ti,Rauw Alejandro,"reggaeton, urbano latino, trap latino, latin",Latin,VICE VERSA,03:19,235916049,2022,Solo
3rgjBiAMVGnxmsTDmUy8vb,Krippy Kush,"Farruko,Bad Bunny,Rvssian","reggaeton, trap latino, latin, urbano latino",Latin,Krippy Kush,03:50,30889422,2017,Collaboration
3rmo8F54jFF8OgYsqTxm5d,Bad Habits,Ed Sheeran,soft pop,Pop,=,03:50,665578698,2021,Solo
3rmo8F54jFF8OgYsqTxm5d,Bad Habits,Ed Sheeran,soft pop,Pop,=,03:50,665578698,2022,Solo
3rq5w4bQGigXOfdN30ATJt,Do I Wanna Know?,Arctic Monkeys,"indie, garage rock",Rock,AM,04:32,334918473,2018,Solo
3rq5w4bQGigXOfdN30ATJt,Do I Wanna Know?,Arctic Monkeys,"indie, garage rock",Rock,AM,04:32,334918473,2020,Solo
3rq5w4bQGigXOfdN30ATJt,Do I Wanna Know?,Arctic Monkeys,"indie, garage rock",Rock,AM,04:32,334918473,2021,Solo
3rq5w4bQGigXOfdN30ATJt,Do I Wanna Know?,Arctic Monkeys,"indie, garage rock",Rock,AM,04:32,334918473,2022,Solo
3s4mrPrEFFPF0LmAfutW0n,The London (feat. J. Cole & Travis Scott),"Young Thug,J. Cole,Travis Scott","rap, melodic rap, trap",Hip Hop,So Much Fun,03:20,173799933,2019,Collaboration
3s4mrPrEFFPF0LmAfutW0n,The London (feat. J. Cole & Travis Scott),"Young Thug,J. Cole,Travis Scott","rap, melodic rap, trap",Hip Hop,So Much Fun,03:20,173799933,2020,Collaboration
3sNVsP50132BTNlImLx70i,Bound 2,Kanye West,rap,Hip Hop,Yeezus,03:49,75164239,2022,Solo
3sd2p4kE7xQmFH3lPnFl6h,sentaDONA (Remix) s2,"Davi Kneip,Mc Frog,Dj Gabriel do Borel,Luísa Sonza","funk de bh, funk, brega funk, agronejo, funk pop, brazilian funk, funk carioca, brazilian pop",Country,sentaDONA (Remix) s2,02:05,54381929,2022,Collaboration
3siwsiaEoU4Kuuc9WKMUy5,No One Noticed,The Marías,bedroom pop,Pop,Submarine,03:56,76021337,2024,Solo
3soOPBuMK8YMdWnV7xpEyf,Mad Love,"Sean Paul,David Guetta,Becky G","dancehall, edm, dance, reggaeton, latin",Electronic,Mad Love,03:19,129819488,2018,Collaboration
3tAQNhm1o0kzldsI5QkrB1,Dream On,Aerosmith,"classic rock, rock",Rock,AEROSMITH,04:27,100274531,2022,Solo
3tAQNhm1o0kzldsI5QkrB1,Dream On,Aerosmith,"classic rock, rock",Rock,AEROSMITH,04:27,100274531,2023,Solo
3tFed7YsjGnIfxeLEQwx3R,"Sticky (feat. GloRilla, Sexyy Red & Lil Wayne)","Tyler, The Creator,GloRilla,Sexyy Red,Lil Wayne","rap, hip hop",Hip Hop,CHROMAKOPIA,04:15,163389752,2024,Collaboration
3tYTyAt1q6BFBiGyYVOLhi,Silent Hill,"Kendrick Lamar,Kodak Black","hip hop, west coast hip hop, ",Hip Hop,Mr. Morale & The Big Steppers,03:40,30106392,2022,Collaboration
3tcnWNjEXyXCbFR9zonrX2,Topanga,Trippie Redd,melodic rap,Hip Hop,Topanga,03:35,12773008,2018,Solo
3tiJUOfAEqIrLFRQgGgdoY,Un Finde | CROSSOVER #2,"Big One,FMK,Ke Personajes","argentine trap, cuarteto, cumbia",Hip Hop,Un Finde | CROSSOVER #2,02:42,292676973,2023,Collaboration
3tiJUOfAEqIrLFRQgGgdoY,Un Finde | CROSSOVER #2,"Big One,FMK,Ke Personajes","argentine trap, cuarteto, cumbia",Hip Hop,Un Finde | CROSSOVER #2,02:42,292676973,2024,Collaboration
3tjFYV6RSFtuktYl3ZtYcq,Mood (feat. iann dior),"24kGoldn,iann dior",melodic rap,Hip Hop,Mood (feat. iann dior),02:20,868736298,2020,Collaboration
3tjFYV6RSFtuktYl3ZtYcq,Mood (feat. iann dior),"24kGoldn,iann dior",melodic rap,Hip Hop,Mood (feat. iann dior),02:20,868736298,2021,Collaboration
3tt9i3Hhzq84dPS8H7iSiJ,La Bachata,Manuel Turizo,"reggaeton, latin, colombian pop",Pop,2000,02:42,1536530464,2023,Solo
3tt9i3Hhzq84dPS8H7iSiJ,La Bachata,Manuel Turizo,"reggaeton, latin, colombian pop",Pop,2000,02:42,1536530464,2024,Solo
3tv697PZNnaQN0Mn2zGhS5,A Gente Fez Amor - Ao Vivo,Gusttavo Lima,"sertanejo, sertanejo universitário, arrocha, agronejo, piseiro, forró",Country,O Embaixador in Cariri (Ao Vivo),03:57,38813381,2020,Solo
3u1S1OmAUhx5DRlLrXqyp3,Rise,"Jonas Blue,Jack & Jack","tropical house, ",Electronic,Rise,03:14,295725664,2018,Collaboration
3uJFmluXzYedoJcvhpC1AW,Hot Shit (feat. Ye & Lil Durk),"Cardi B,Kanye West,Lil Durk","rap, drill",Hip Hop,Hot Shit (feat. Ye & Lil Durk),03:31,16401755,2022,Collaboration
3uUuGVFu1V7jTQL60S1r8z,Where Are You Now,"Lost Frequencies,Calum Scott","tropical house, soft pop",Pop,Where Are You Now,02:28,787460877,2021,Collaboration
3uUuGVFu1V7jTQL60S1r8z,Where Are You Now,"Lost Frequencies,Calum Scott","tropical house, soft pop",Pop,Where Are You Now,02:28,787460877,2022,Collaboration
3uUuGVFu1V7jTQL60S1r8z,Where Are You Now,"Lost Frequencies,Calum Scott","tropical house, soft pop",Pop,Where Are You Now,02:28,787460877,2023,Collaboration
3uVPLtkmDu8pDkYEAVqbgS,Real Shit (with benny blanco),"Juice WRLD,benny blanco","melodic rap, emo rap, ",Hip Hop,Real Shit (with benny blanco),03:03,13797559,2020,Collaboration
3uYDO9dPLTVrgfwg7EYXSf,Lift Yourself,Kanye West,rap,Hip Hop,Lift Yourself,02:27,11625266,2018,Solo
3uhBIQ7tv8j1FME8cFGEfG,All of Me,John Legend,"soft pop, neo soul",R&B,Love In The Future (South Africa Tour Edition),04:29,38324705,2017,Solo
3uhBIQ7tv8j1FME8cFGEfG,All of Me,John Legend,"soft pop, neo soul",R&B,Love In The Future (South Africa Tour Edition),04:29,38324705,2018,Solo
3ujiq7yK4Uan5z4876fHLK,Layla,"DJ Robin,Schürze","schlagerparty, schlager",Pop,Layla,03:05,19710718,2022,Collaboration
3umS4y3uQDkqekNjVpiRUs,El Amante,Nicky Jam,"reggaeton, latin",Latin,Fénix,03:39,272415667,2017,Solo
3vAn0qZzdyuHamcrpkfiX3,How You Like That,BLACKPINK,k-pop,Pop,How You Like That,03:01,193022480,2020,Solo
3vKYvbzB7801a5qd47pxkm,APA,"Mora,Quevedo","urbano latino, reggaeton, trap latino",Latin,PARAÍSO,03:19,12263250,2022,Collaboration
3vcLw8QA3yCOkrj9oLSZNs,I Know - PR1SVX Edit,"Kanii,PR1ISVX",jersey club,Pop,I Know (PR1SVX Edit),02:13,24046840,2023,Collaboration
3w0w2T288dec0mgeZZqoNN,CARNIVAL,"¥$,Kanye West,Ty Dolla $ign,Rich The Kid,Playboi Carti","rap, trap, rage rap",Hip Hop,VULTURES 1,04:24,458896948,2024,Collaboration
3wFLWP0FcIqHK1wb1CPthQ,fake smile,Ariana Grande,pop,Pop,"thank u, next",03:28,53532993,2019,Solo
3wScL5W8H40zzCKN0atfBk,Uproar,"Lil Wayne,Swizz Beatz","rap, hip hop, ",Hip Hop,Tha Carter V,03:14,36467779,2018,Collaboration
3wYRLYuO1M88d8woWUIxct,Ignorantes,"Bad Bunny,Sech","reggaeton, trap latino, latin, urbano latino",Latin,Ignorantes,03:30,41178044,2020,Collaboration
3whrwq4DtvucphBPUogRuJ,Havana - Remix,"Camila Cabello,Daddy Yankee","pop, reggaeton, latin",Latin,Havana (Remix),03:19,102548093,2017,Collaboration
3whrwq4DtvucphBPUogRuJ,Havana - Remix,"Camila Cabello,Daddy Yankee","pop, reggaeton, latin",Latin,Havana (Remix),03:19,102548093,2018,Collaboration
3wlIAXSDtlD9iU8ysld06Z,BIPOLAR,"Peso Pluma,Jasiel Nuñez,Junior H","corrido, corridos tumbados, corridos bélicos, música mexicana, sad sierreño, electro corridos, banda, sierreño",Latin,BIPOLAR,04:25,25497630,2023,Collaboration
3wwo0bJvDSorOpNfzEkfXx,Let Me Know (I Wonder Why Freestyle),Juice WRLD,"melodic rap, emo rap",Hip Hop,Let Me Know (I Wonder Why Freestyle),03:35,18079190,2019,Solo
3wwo0bJvDSorOpNfzEkfXx,Let Me Know (I Wonder Why Freestyle),Juice WRLD,"melodic rap, emo rap",Hip Hop,Let Me Know (I Wonder Why Freestyle),03:35,18079190,2020,Solo
3xMHXmedL5Rvfxmiar9Ryv,Chaleya,"Anirudh Ravichander,Arijit Singh,Shilpa Rao,Kumaar","kollywood, tamil pop, tamil dance, tollywood, tamil hip hop, telugu pop, hindi pop, bollywood, desi, bangla pop, desi pop",Pop,Jawan,03:20,346681916,2023,Collaboration
3xWEI23MLJrD0dpDcDUTW6,Déjate Llevar,"Juan Magán,Belinda,Manuel Turizo,Snova,B-Case","reggaeton, latin, latin pop, colombian pop, ",Pop,Déjate Llevar,03:53,73102673,2017,Collaboration
3xWEI23MLJrD0dpDcDUTW6,Déjate Llevar,"Juan Magán,Belinda,Manuel Turizo,Snova,B-Case","reggaeton, latin, latin pop, colombian pop, ",Pop,Déjate Llevar,03:53,73102673,2018,Collaboration
3xWGA8pa0IKFI7IMPri4P0,Shivers,Ed Sheeran,soft pop,Pop,= (Tour Edition),03:27,456372825,2022,Solo
3xWGA8pa0IKFI7IMPri4P0,Shivers,Ed Sheeran,soft pop,Pop,= (Tour Edition),03:27,456372825,2023,Solo
3xcCix7Jv1Rp90YVmgo35D,Bella,Wolfine,reggaeton,Latin,Bella,03:17,113351983,2018,Solo
3xv8JksRyqHa1lwkM9xvJf,Súbelo,"Anuel AA,Myke Towers,JHAYCO","reggaeton, trap latino, urbano latino, latin",Latin,Las Leyendas Nunca Mueren,03:59,24161718,2021,Collaboration
3xv8JksRyqHa1lwkM9xvJf,Súbelo,"Anuel AA,Myke Towers,JHAYCO","reggaeton, trap latino, urbano latino, latin",Latin,Las Leyendas Nunca Mueren,03:59,24161718,2022,Collaboration
3y3brCCecHC3Db18aIOnny,Carry On (from the Original Motion Picture  POKÉMON Detective Pikachu ),"Kygo,Rita Ora","tropical house, ",Electronic,Carry On (from the Original Motion Picture  POKÉMON Detective Pikachu ),03:35,111828515,2019,Collaboration
3yDRcs0Y4pPzkvMbUfeF9H,Moonlit Floor (Kiss Me),LISA,k-pop,Pop,Moonlit Floor (Kiss Me),02:35,180419690,2024,Solo
3yHXEidSu4gYVRqKoI653O,Assunto Delicado - Ao Vivo,"Guilherme & Benuto,Xand Avião","sertanejo, sertanejo universitário, agronejo, arrocha, piseiro, forró, brega",Country,Assunto Delicado (Ao Vivo),03:00,14247739,2022,Collaboration
3yHXEidSu4gYVRqKoI653O,Assunto Delicado - Ao Vivo,"Guilherme & Benuto,Xand Avião","sertanejo, sertanejo universitário, agronejo, arrocha, piseiro, forró, brega",Country,Assunto Delicado (Ao Vivo),03:00,14247739,2023,Collaboration
3yHyiUDJdz02FZ6jfUbsmY,Satranga (From  ANIMAL ),"Arijit Singh,Shreyas Puranik,Siddharth - Garima","hindi pop, bollywood, desi, bangla pop, bhajan, devotional, sufi, gujarati garba, gujarati pop",Pop,Satranga (From  ANIMAL ),04:31,121240499,2023,Collaboration
3yHyiUDJdz02FZ6jfUbsmY,Satranga (From  ANIMAL ),"Arijit Singh,Shreyas Puranik,Siddharth - Garima","hindi pop, bollywood, desi, bangla pop, bhajan, devotional, sufi, gujarati garba, gujarati pop",Pop,Satranga (From  ANIMAL ),04:31,121240499,2024,Collaboration
3yOlyBJuViE2YSGn3nVE1K,My Oh My (feat. DaBaby),"Camila Cabello,DaBaby","pop, ",Pop,Romance,02:50,302186950,2019,Collaboration
3yOlyBJuViE2YSGn3nVE1K,My Oh My (feat. DaBaby),"Camila Cabello,DaBaby","pop, ",Pop,Romance,02:50,302186950,2020,Collaboration
3yaYgjEFkRw3PVjW9mV1TO,Over The Top (feat. Drake),"Smiley,Drake","rap, hip hop",Hip Hop,Over The Top (feat. Drake),02:33,28679201,2021,Collaboration
3yfqSUWxFvZELEM4PmlwIR,The Real Slim Shady,Eminem,"rap, hip hop",Hip Hop,The Marshall Mathers LP,04:44,1152160100,2021,Solo
3yfqSUWxFvZELEM4PmlwIR,The Real Slim Shady,Eminem,"rap, hip hop",Hip Hop,The Marshall Mathers LP,04:44,1152160100,2022,Solo
3yfqSUWxFvZELEM4PmlwIR,The Real Slim Shady,Eminem,"rap, hip hop",Hip Hop,The Marshall Mathers LP,04:44,1152160100,2023,Solo
3yfqSUWxFvZELEM4PmlwIR,The Real Slim Shady,Eminem,"rap, hip hop",Hip Hop,The Marshall Mathers LP,04:44,1152160100,2024,Solo
3zJw3rugfpVrmBeDDnUYzy,Happy Xmas (War Is Over) - Remastered 2010,"John Lennon,The Harlem Community Choir,The Plastic Ono Band,Yoko Ono","christmas, art rock, avant-garde, art pop",Pop,Power To The People - The Hits,03:33,135054702,2017,Collaboration
3zJw3rugfpVrmBeDDnUYzy,Happy Xmas (War Is Over) - Remastered 2010,"John Lennon,The Harlem Community Choir,The Plastic Ono Band,Yoko Ono","christmas, art rock, avant-garde, art pop",Pop,Power To The People - The Hits,03:33,135054702,2018,Collaboration
3zJw3rugfpVrmBeDDnUYzy,Happy Xmas (War Is Over) - Remastered 2010,"John Lennon,The Harlem Community Choir,The Plastic Ono Band,Yoko Ono","christmas, art rock, avant-garde, art pop",Pop,Power To The People - The Hits,03:33,135054702,2019,Collaboration
3zKST4nk4QJE77oLjUZ0Ng,Hey Brother,Avicii,edm,Electronic,True,04:15,21022812,2018,Solo
3zOgFY5kpQ6p2cwPIquZks,EL CLúB,Bad Bunny,"reggaeton, trap latino, latin, urbano latino",Latin,EL CLúB,03:42,46281783,2024,Solo
3zSSCPpLZ5Oc8nelhhGjKz,Tu hai kahan,AUR,"hindi indie, indian indie, hindi hip hop",Hip Hop,Tu hai kahan,04:23,163326543,2023,Solo
3zSSCPpLZ5Oc8nelhhGjKz,Tu hai kahan,AUR,"hindi indie, indian indie, hindi hip hop",Hip Hop,Tu hai kahan,04:23,163326543,2024,Solo
3zkyus0njMCL6phZmNNEeN,LET GO,Central Cee,"uk drill, drill, grime",Hip Hop,LET GO,02:54,381191318,2022,Solo
3zkyus0njMCL6phZmNNEeN,LET GO,Central Cee,"uk drill, drill, grime",Hip Hop,LET GO,02:54,381191318,2023,Solo
3zoYkqS4y2BsGVShPL2nTE,Reggaetón Lento (Remix),"CNCO,Little Mix","reggaeton, latin, ",Latin,Reggaetón Lento (Remix),03:08,94590099,2017,Collaboration
401160izncPtca3CmX3dvM,Purple Hearts,"Kendrick Lamar,Summer Walker,Ghostface Killah","hip hop, west coast hip hop, r&b, east coast hip hop, hardcore hip hop",Hip Hop,Mr. Morale & The Big Steppers,05:29,18954085,2022,Collaboration
40EXFgNMOIQRQOwJZ8mJkC,Who Told You (feat. Drake),"J Hus,Drake","grime, afroswing, afrobeats, rap, hip hop",R&B,Who Told You (feat. Drake),03:28,73106052,2023,Collaboration
40FLJc17FMZaPmCQEEZgB0,New Light,John Mayer,singer-songwriter,Folk/Acoustic,New Light,03:36,10805496,2018,Solo
40IiSjljbAhrSbdJ3HxSfH,March 14,Drake,"rap, hip hop",Hip Hop,Scorpion,05:09,14285356,2018,Solo
40OMBMYRk5IQL6xCzGM0JA,Summer Days (feat. Macklemore & Patrick Stump of Fall Out Boy),"Martin Garrix,Macklemore,Fall Out Boy","edm, electronica, progressive house, emo, pop punk, emo pop",Electronic,The Martin Garrix Experience,02:43,110149257,2019,Collaboration
40iJIUlhi6renaREYGeIDS,Fair Trade (with Travis Scott),"Drake,Travis Scott","rap, hip hop",Hip Hop,Certified Lover Boy,04:51,243209270,2021,Collaboration
40iJIUlhi6renaREYGeIDS,Fair Trade (with Travis Scott),"Drake,Travis Scott","rap, hip hop",Hip Hop,Certified Lover Boy,04:51,243209270,2022,Collaboration
40nPimvmG05WYS7983bawZ,Cry for Me,Camila Cabello,pop,Pop,Cry for Me,03:09,14156991,2019,Solo
40oKW22ZNNkEdZLJTScaQI,Roll in Peace (feat. XXXTENTACION),"Kodak Black,XXXTENTACION",emo rap,Hip Hop,Project Baby 2: All Grown Up,03:33,169364932,2017,Collaboration
40oKW22ZNNkEdZLJTScaQI,Roll in Peace (feat. XXXTENTACION),"Kodak Black,XXXTENTACION",emo rap,Hip Hop,Project Baby 2: All Grown Up,03:33,169364932,2018,Collaboration
40rXWke6SnXiGkSmaT8ZUr,Fantasía,Ozuna,"reggaeton, latin, trap latino, urbano latino",Latin,Nibiru,02:55,18853463,2019,Solo
40rXWke6SnXiGkSmaT8ZUr,Fantasía,Ozuna,"reggaeton, latin, trap latino, urbano latino",Latin,Nibiru,02:55,18853463,2020,Solo
40w8JmvwYUP2HUiXPxjy99,Me Arrepentí,"Ak4:20,Pailita,Cris Mj","reggaeton chileno, chilean trap, chilean mambo, mambo, urbano latino, reggaeton",Latin,Me Arrepentí,03:52,20945756,2022,Collaboration
410TZrK18uRjtsTunG14cl,Middle of the Ocean,Drake,"rap, hip hop",Hip Hop,Her Loss,05:56,19388555,2022,Solo
4178A5NkEjcsGc64jpBO6d,Calypso,"Luis Fonsi,Stefflon Don","latin, dancehall",Traditional music,Calypso,03:20,44266547,2018,Collaboration
41A89rj3GoMG6ktN37L7PG,Alice,Lady Gaga,"art pop, pop",Pop,Chromatica,02:57,10682951,2020,Solo
41BzKiCrKpUQHS3TP0jmdr,Agua de Jamaica,Maluma,"reggaeton, latin, urbano latino",Latin,#7DJ (7 Días En Jamaica),02:56,10620428,2021,Solo
41EOhpn50qvd8iZSKw531W,LOS CUADROS,"Peso Pluma,Tito Double P","corrido, corridos tumbados, corridos bélicos, música mexicana, sad sierreño, electro corridos, banda",Latin,LOS CUADROS,02:40,92437887,2024,Collaboration
41JPN7pZMTp1sumBOHOzHd,People Pt.2 (feat. IU),"Agust D,IU","k-pop, k-rap, k-ballad",Pop,D-DAY,03:33,40738176,2023,Collaboration
41MCdlvXOl62B7Kv86Bb1v,Empty,Juice WRLD,"melodic rap, emo rap",Hip Hop,Death Race For Love,04:08,16961188,2019,Solo
41bmnQZoDMQdDh5zyomtW7,Endless Fashion (feat. Nicki Minaj),"Lil Uzi Vert,Nicki Minaj","melodic rap, ",Hip Hop,Pink Tape,03:36,21252690,2023,Collaboration
41oY4WCTj5kccfesTVFnvN,Tarot,"Bad Bunny,JHAYCO","reggaeton, trap latino, latin, urbano latino",Latin,Un Verano Sin Ti,03:57,477287671,2022,Collaboration
41oY4WCTj5kccfesTVFnvN,Tarot,"Bad Bunny,JHAYCO","reggaeton, trap latino, latin, urbano latino",Latin,Un Verano Sin Ti,03:57,477287671,2023,Collaboration
41wtwzCZkXwpnakmwJ239F,Si Veo a Tu Mamá,Bad Bunny,"reggaeton, trap latino, latin, urbano latino",Latin,YHLQMDLG,02:50,202506223,2020,Solo
41wtwzCZkXwpnakmwJ239F,Si Veo a Tu Mamá,Bad Bunny,"reggaeton, trap latino, latin, urbano latino",Latin,YHLQMDLG,02:50,202506223,2022,Solo
4202KkXGtULRsbRocWSw09,VULTURES,"Kanye West,Ty Dolla $ign","rap, ",Hip Hop,VULTURES 1,04:36,10962096,2024,Collaboration
42JNab8NPeCADJ9D3Cl5wS,Barulho Do Foguete - Ao Vivo,Zé Neto & Cristiano,"sertanejo, sertanejo universitário, arrocha, agronejo",Country,"Escolhas, Vol. 2 (Ao Vivo)",02:13,29220191,2023,Solo
42JNab8NPeCADJ9D3Cl5wS,Barulho Do Foguete - Ao Vivo,Zé Neto & Cristiano,"sertanejo, sertanejo universitário, arrocha, agronejo",Country,"Escolhas, Vol. 2 (Ao Vivo)",02:13,29220191,2024,Solo
42VsgItocQwOQC3XWZ8JNA,FE!N (feat. Playboi Carti),"Travis Scott,Playboi Carti","rap, rage rap",Hip Hop,UTOPIA,03:11,1271186222,2023,Collaboration
42VsgItocQwOQC3XWZ8JNA,FE!N (feat. Playboi Carti),"Travis Scott,Playboi Carti","rap, rage rap",Hip Hop,UTOPIA,03:11,1271186222,2024,Collaboration
42Xba467wgGvYrR2EE6s0i,Cigarettes,Juice WRLD,"melodic rap, emo rap",Hip Hop,Cigarettes,03:47,32930551,2022,Solo
42ZrMq4BKsWDrrbMnMRYaK,Jail,Kanye West,rap,Hip Hop,Donda,04:57,50762019,2021,Solo
42ahuAFlYGjIGBpVdHcLij,YaMeFui,"Bizarrap,Duki,Nicki Nicole","argentine trap, trap latino, urbano latino, trap",Hip Hop,YaMeFui,03:02,26447985,2021,Collaboration
42lqBjPYlmL1EXpMDXvhSN,Somebody’s Problem,Morgan Wallen,country,Country,Dangerous: The Double Album,02:41,18828349,2021,Solo
42m3eP1JJhtzffal9B136J,7am On Bridle Path,Drake,"rap, hip hop",Hip Hop,Certified Lover Boy,03:59,22503496,2021,Solo
42wdz3j7gstgUuhoFLCXqd,PELIGROSA,FloyyMenor,reggaeton chileno,Latin,EL COMIENZO,02:14,259367918,2024,Solo
43558Td2trz7O0chZYohEE,Amapola,"Natanael Cano,Nueva H","corridos tumbados, corrido, corridos bélicos, sad sierreño, electro corridos, sierreño, música mexicana, banda",Latin,Amapola,03:00,34603239,2024,Collaboration
435g6uM0Atz3MyYwafHEss,EL AMOR DE SU VIDA,"Grupo Frontera,Grupo Firme","cumbia norteña, banda, norteño, música mexicana, corrido, corridos tumbados, grupera, corridos bélicos, tejano, sierreño",Latin,El Comienzo,02:45,83419802,2023,Collaboration
43CIWpJaJHRcI4mUSjqgc2,Bad Boy (with Young Thug),"Juice WRLD,Young Thug","melodic rap, emo rap, rap, trap",Hip Hop,Bad Boy (with Young Thug),02:37,34922445,2021,Collaboration
43NqTeL8pgBxKHPMiJKUP5,Girl,Myke Towers,"reggaeton, trap latino, urbano latino",Latin,Easy Money Baby,03:06,41516506,2020,Solo
43PiEypaceH339CSNiggyj,BBY BOO - REMIX,"iZaak,JHAYCO,Anuel AA","reggaeton, trap latino, urbano latino, latin",Latin,BBY BOO (REMIX),04:35,40145577,2024,Collaboration
43ay9lQZ5rfNcOOHhRF2cM,The Greatest Show,"Hugh Jackman,Keala Settle,Zac Efron,Zendaya,The Greatest Showman Ensemble",musicals,Classical,The Greatest Show,05:02,74264107,2017,Collaboration
43ay9lQZ5rfNcOOHhRF2cM,The Greatest Show,"Hugh Jackman,Keala Settle,Zac Efron,Zendaya,The Greatest Showman Ensemble",musicals,Classical,The Greatest Show,05:02,74264107,2018,Collaboration
43eRVwfXFkY3kXN4K47gNT,Chico,Luísa Sonza,"brazilian pop, funk pop, funk",Pop,Escândalo Íntimo,03:02,30062004,2023,Solo
43qcs9NpJhDxtG91zxFkj7,Fiel - Remix,"Wisin,JHAYCO,Anuel AA,Los Legendarios,Myke Towers","reggaeton, latin, trap latino, urbano latino",Latin,Fiel (Remix),05:49,133776739,2021,Collaboration
44FzVABpR2cciquTqADA0D,Lisa,Young Miko,trap latino,Latin,Lisa,02:39,35938868,2023,Solo
44ShclXTOOnYtt5CnCDeGV,Robbery,Juice WRLD,"melodic rap, emo rap",Hip Hop,Robbery,04:00,34911641,2019,Solo
44V6EzbUSYgyfsNiP0FrlA,Visiting Hours,Ed Sheeran,soft pop,Pop,Visiting Hours,03:35,31783675,2021,Solo
44XjoNvtwevktFKjvVe1vH,Andrea,"Bad Bunny,Buscabulla","reggaeton, trap latino, latin, urbano latino, latin indie",Latin,Un Verano Sin Ti,05:39,200153019,2022,Collaboration
44ZJ4hLD5onikKsVLQaILr,Vossi Bop,Stormzy,"grime, uk drill",Electronic,Vossi Bop,03:16,75946301,2019,Solo
44mYhOVgerj2qPjkGDVA6n,It's Beginning To Look Like Christmas,Bing Crosby,christmas,Jazz,White Christmas,02:46,11247201,2018,Solo
44mYhOVgerj2qPjkGDVA6n,It's Beginning To Look Like Christmas,Bing Crosby,christmas,Jazz,White Christmas,02:46,11247201,2019,Solo
44mYhOVgerj2qPjkGDVA6n,It's Beginning To Look Like Christmas,Bing Crosby,christmas,Jazz,White Christmas,02:46,11247201,2024,Solo
454Epa1vrCGFddHXKyC1kb,Water,"Kanye West,Ant Clemons","rap, ",Hip Hop,JESUS IS KING,02:48,13179475,2019,Collaboration
456WNXWhDwYOSf5SpTuqxd,Dog Days Are Over,Florence + The Machine,baroque pop,Pop,Lungs (Deluxe Version),04:12,63448252,2023,Solo
45pUWUeEWGoSdH6UF162G8,Broke Boys,"Drake,21 Savage","rap, hip hop, ",Hip Hop,Her Loss,03:45,32428198,2022,Collaboration
463PQggkmk5tTw8ug0ahOX,The Other Side (from Trolls World Tour),"SZA,Justin Timberlake","r&b, ",R&B,The Other Side (from Trolls World Tour),03:08,20982707,2020,Collaboration
466cKvZn1j45IpxDdYZqdA,Toosie Slide,Drake,"rap, hip hop",Hip Hop,Dark Lane Demo Tapes,04:07,521458357,2020,Solo
466cKvZn1j45IpxDdYZqdA,Toosie Slide,Drake,"rap, hip hop",Hip Hop,Dark Lane Demo Tapes,04:07,521458357,2021,Solo
46D0hYb1B7qiU33VtXt21W,Easy,Camila Cabello,pop,Pop,Easy,03:14,31990248,2019,Solo
46HNZY1i7O6jwTA7Slo2PI,My Universe,"Coldplay,BTS",k-pop,Pop,Music Of The Spheres,03:46,878157669,2021,Collaboration
46HNZY1i7O6jwTA7Slo2PI,My Universe,"Coldplay,BTS",k-pop,Pop,Music Of The Spheres,03:46,878157669,2022,Collaboration
46HNZY1i7O6jwTA7Slo2PI,My Universe,"Coldplay,BTS",k-pop,Pop,Music Of The Spheres,03:46,878157669,2023,Collaboration
46HdsiK0uR26B2dY9QPzda,Deja vu,"Prince Royce,Shakira","bachata, latin, bachata pop, latin pop",Latin,FIVE (Deluxe Edition),03:16,12438578,2017,Collaboration
46IZ0fSY2mpAiktS3KOqds,Easy On Me,Adele,soft pop,Pop,30,03:44,1462629552,2021,Solo
46IZ0fSY2mpAiktS3KOqds,Easy On Me,Adele,soft pop,Pop,30,03:44,1462629552,2022,Solo
46IZ0fSY2mpAiktS3KOqds,Easy On Me,Adele,soft pop,Pop,30,03:44,1462629552,2023,Solo
46IZ0fSY2mpAiktS3KOqds,Easy On Me,Adele,soft pop,Pop,30,03:44,1462629552,2024,Solo
46UMwpkxyIwzqhsaONm4wf,Sleigh Ride,The Ronettes,christmas,Jazz,Caroling at Christmas,03:01,16230286,2020,Solo
46hzNOUOAlivuCZZ0wE3zi,Tere Vaaste (From  Zara Hatke Zara Bachke ),"Varun Jain,Sachin-Jigar,Shadab Faridi,Altamash Faridi,Amitabh Bhattacharya","hindi pop, bollywood, desi pop, desi, gujarati pop, gujarati garba, sufi",Hip Hop,Tere Vaaste (From  Zara Hatke Zara Bachke ),03:09,134469250,2023,Collaboration
46lvmzK8wxAy66tjzXXSh0,Tal Vez,Paulo Londra,"argentine trap, trap latino, reggaeton",Hip Hop,Tal Vez,04:24,76185026,2019,Solo
46s57QULU02Voy0Kup6UEb,Major Distribution,"Drake,21 Savage","rap, hip hop, ",Hip Hop,Her Loss,02:50,68948674,2022,Collaboration
478g4LSkyMB1PMkVOVmIaE,LOCATION,"KAROL G,Anuel AA,J Balvin","reggaeton, latin, urbano latino, trap latino",Latin,KG0516,04:23,27187322,2021,Collaboration
47EiUVwUp4C9fGccaPuUCS,DÁKITI,"Bad Bunny,JHAYCO","reggaeton, trap latino, latin, urbano latino",Latin,DÁKITI,03:25,187932142,2020,Collaboration
47ohYW8e7dxCYn9qbUMBCI,Christmas (Baby Please Come Home),Darlene Love,christmas,Jazz,"Christmas (Baby, Please Come Home)",02:46,298085660,2020,Solo
47ohYW8e7dxCYn9qbUMBCI,Christmas (Baby Please Come Home),Darlene Love,christmas,Jazz,"Christmas (Baby, Please Come Home)",02:46,298085660,2021,Solo
47ohYW8e7dxCYn9qbUMBCI,Christmas (Baby Please Come Home),Darlene Love,christmas,Jazz,"Christmas (Baby, Please Come Home)",02:46,298085660,2022,Solo
47ohYW8e7dxCYn9qbUMBCI,Christmas (Baby Please Come Home),Darlene Love,christmas,Jazz,"Christmas (Baby, Please Come Home)",02:46,298085660,2023,Solo
47ohYW8e7dxCYn9qbUMBCI,Christmas (Baby Please Come Home),Darlene Love,christmas,Jazz,"Christmas (Baby, Please Come Home)",02:46,298085660,2024,Solo
47otoIkhx3fkdivEXL5OB6,Rudolph The Red-Nosed Reindeer,Burl Ives,christmas,Jazz,Have A Holly Jolly Christmas,02:10,42812378,2020,Solo
47otoIkhx3fkdivEXL5OB6,Rudolph The Red-Nosed Reindeer,Burl Ives,christmas,Jazz,Have A Holly Jolly Christmas,02:10,42812378,2021,Solo
47otoIkhx3fkdivEXL5OB6,Rudolph The Red-Nosed Reindeer,Burl Ives,christmas,Jazz,Have A Holly Jolly Christmas,02:10,42812378,2022,Solo
47otoIkhx3fkdivEXL5OB6,Rudolph The Red-Nosed Reindeer,Burl Ives,christmas,Jazz,Have A Holly Jolly Christmas,02:10,42812378,2023,Solo
47otoIkhx3fkdivEXL5OB6,Rudolph The Red-Nosed Reindeer,Burl Ives,christmas,Jazz,Have A Holly Jolly Christmas,02:10,42812378,2024,Solo
48AJSd42lXpicsGqcgopof,X ÚLTIMA VEZ,"Daddy Yankee,Bad Bunny","reggaeton, latin, trap latino, urbano latino",Latin,LEGENDADDY,03:12,194182851,2022,Collaboration
48Ll1C6qAnP2UjnopQDh4a,Bala Love,"Mc Anjim,Dj Lv Mdp,DJ PH DA SERRA","funk de bh, funk, brazilian funk",Hip Hop,Bala Love,03:41,43334917,2021,Collaboration
48QmG1dfvMuYLxMPt7KSRA,No Lie,"Sean Paul,Dua Lipa","dancehall, pop",Traditional music,Mad Love The Prequel,03:41,118383325,2021,Collaboration
48QmG1dfvMuYLxMPt7KSRA,No Lie,"Sean Paul,Dua Lipa","dancehall, pop",Traditional music,Mad Love The Prequel,03:41,118383325,2022,Collaboration
48q0vSHcJdhK3IiXH8C5WJ,Why'd You Only Call Me When You're High?,Arctic Monkeys,"indie, garage rock",Rock,AM,02:41,277187432,2020,Solo
48q0vSHcJdhK3IiXH8C5WJ,Why'd You Only Call Me When You're High?,Arctic Monkeys,"indie, garage rock",Rock,AM,02:41,277187432,2021,Solo
48q0vSHcJdhK3IiXH8C5WJ,Why'd You Only Call Me When You're High?,Arctic Monkeys,"indie, garage rock",Rock,AM,02:41,277187432,2022,Solo
48zFZh27QU5qsrBjn4C2FA,Vaina Loca,"Ozuna,Manuel Turizo","reggaeton, latin, trap latino, urbano latino, colombian pop",Pop,Aura,02:56,318259610,2018,Collaboration
48zFZh27QU5qsrBjn4C2FA,Vaina Loca,"Ozuna,Manuel Turizo","reggaeton, latin, trap latino, urbano latino, colombian pop",Pop,Aura,02:56,318259610,2019,Collaboration
496vIKS2INz840xZaKncvR,All Night Parking (with Erroll Garner) Interlude,Adele,soft pop,Pop,30,02:41,19377191,2021,Solo
4ABYxlb92WBIjHu7TIKmml,Castles Crumbling (feat. Hayley Williams) (Taylor’s Version) (From The Vault),"Taylor Swift,Hayley Williams",art pop,Pop,Speak Now (Taylor's Version),05:06,33772742,2023,Collaboration
4AO1XhrgJczQ9bNVxdfKQe,WHAT TO DO? (feat. Don Toliver),"JACKBOYS,Travis Scott,Don Toliver","rap, ",Hip Hop,JACKBOYS,04:10,16812183,2019,Collaboration
4AO1XhrgJczQ9bNVxdfKQe,WHAT TO DO? (feat. Don Toliver),"JACKBOYS,Travis Scott,Don Toliver","rap, ",Hip Hop,JACKBOYS,04:10,16812183,2020,Collaboration
4ARPvK8DHLwt4oX65ZAFMw,Look At Me!,XXXTENTACION,emo rap,Hip Hop,Revenge,02:06,143427769,2017,Solo
4ASA1PZyWGbuc4d9N8OAcF,Eu Gosto Assim - Ao Vivo,"Gustavo Mioto,Mari Fernandez","sertanejo, sertanejo universitário, arrocha, agronejo, piseiro, forró",Country,Eu Gosto Assim (Ao Vivo),02:28,149511667,2022,Collaboration
4ASA1PZyWGbuc4d9N8OAcF,Eu Gosto Assim - Ao Vivo,"Gustavo Mioto,Mari Fernandez","sertanejo, sertanejo universitário, arrocha, agronejo, piseiro, forró",Country,Eu Gosto Assim (Ao Vivo),02:28,149511667,2023,Collaboration
4AYtqFyFbX0Xkc2wtcygTr,Soon You’ll Get Better (feat. The Chicks),"Taylor Swift,The Chicks",country,Country,Lover,03:21,10038462,2019,Collaboration
4AgK0CwpwcekXVdAoYB2VO,Ferrari,"Eno,MERO","german hip hop, turkish hip hop",Hip Hop,Ferrari,02:52,14700023,2019,Collaboration
4AjWbAwRpxk2worpjNH5CS,Quizás,"Rich Music LTD,Dalex,Sech,Justin Quiles,Wisin,Zion,Dímelo Flow,Lenny Tavárez,Feid","reggaeton, urbano latino, latin, trap latino, argentine trap",Hip Hop,Quizás,03:36,20643988,2019,Collaboration
4ApCig0GTR4IEp7Ijsyo3r,Arjan Vailly,"Manan Bhardwaj,Bhupinder Babbal","hindi pop, desi pop, punjabi pop",Pop,ANIMAL,03:02,75065532,2023,Collaboration
4B7fTyj1FIPvP9tT5X3DnR,Behind Barz - Bonus,Drake,"rap, hip hop",Hip Hop,Behind Barz (Bonus),02:43,50483678,2019,Solo
4BHSjbYylfOH5WAGusDyni,YAH.,Kendrick Lamar,"hip hop, west coast hip hop",Hip Hop,DAMN.,02:40,41183522,2017,Solo
4BHzHISX21PYwGXiBEUQ70,BBO (Bad Bitches Only),"Migos,21 Savage","trap, ",Hip Hop,Culture II,04:11,14055005,2018,Collaboration
4BHzQ9C00ceJxfG16AlNWb,Send My Love (To Your New Lover),Adele,soft pop,Pop,25,03:43,37421408,2017,Solo
4BP3uh0hFLFRb5cjsgLqDh,Fortunate Son,Creedence Clearwater Revival,"classic rock, southern rock, country rock",Rock,Willy And The Poor Boys (Expanded Edition),02:20,76618453,2021,Solo
4BP3uh0hFLFRb5cjsgLqDh,Fortunate Son,Creedence Clearwater Revival,"classic rock, southern rock, country rock",Rock,Willy And The Poor Boys (Expanded Edition),02:20,76618453,2023,Solo
4BP3uh0hFLFRb5cjsgLqDh,Fortunate Son,Creedence Clearwater Revival,"classic rock, southern rock, country rock",Rock,Willy And The Poor Boys (Expanded Edition),02:20,76618453,2024,Solo
4BVcVEp6Df9VQN5qFwxDn3,Mon amour,Slimane,"french pop, variété française, chanson",Easy listening,Essentiels,03:01,10080658,2024,Solo
4C6BlqqMwjFzOXzqpTeoWR,Ponte Pa' Mi,Justin Quiles,reggaeton,Latin,Ponte Pa' Mi,03:22,62122918,2020,Solo
4C6BlqqMwjFzOXzqpTeoWR,Ponte Pa' Mi,Justin Quiles,reggaeton,Latin,Ponte Pa' Mi,03:22,62122918,2021,Solo
4CH66Rxcjcj3VBHwmIBj4T,BAD!,XXXTENTACION,emo rap,Hip Hop,BAD!,01:34,60241211,2018,Solo
4CNcRgjGw1v9VQaTaytdnD,Tell Me U Luv Me (with Trippie Redd),"Juice WRLD,Trippie Redd","melodic rap, emo rap",Hip Hop,Tell Me U Luv Me (with Trippie Redd),03:00,23971597,2020,Collaboration
4CkgMiMqZ5JzW9iYXSTMTL,I Bet You Think About Me (feat. Chris Stapleton) (Taylor’s Version) (From The Vault),"Taylor Swift,Chris Stapleton",country,Country,Red (Taylor's Version),04:45,21582172,2021,Collaboration
4Clmg1g8n2yBYG13Z1oSdG,Baila Conmigo (feat. Kelly Ruiz),"Dayvi,Victor Cardenas,Kelly Ruíz",guaracha,Latin,Baila Conmigo (feat. Kelly Ruiz),03:09,66401760,2019,Collaboration
4Clmg1g8n2yBYG13Z1oSdG,Baila Conmigo (feat. Kelly Ruiz),"Dayvi,Victor Cardenas,Kelly Ruíz",guaracha,Latin,Baila Conmigo (feat. Kelly Ruiz),03:09,66401760,2020,Collaboration
4DHDIdeayp8xvlyg22wREO,Ram Pam Pam,"NATTI NATASHA,Becky G","reggaeton, latin, urbano latino",Latin,Ram Pam Pam,03:20,91459204,2021,Collaboration
4DTpngLjoHj5gFxEZFeD3J,Codeine Dreaming (feat. Lil Wayne),"Kodak Black,Lil Wayne","rap, hip hop",Hip Hop,Project Baby 2: All Grown Up (Deluxe Edition),04:24,100037757,2017,Collaboration
4DTpngLjoHj5gFxEZFeD3J,Codeine Dreaming (feat. Lil Wayne),"Kodak Black,Lil Wayne","rap, hip hop",Hip Hop,Project Baby 2: All Grown Up (Deluxe Edition),04:24,100037757,2018,Collaboration
4DbhxwlkhTbCTqlZptxmI6,Swing,Danny Ocean,reggaeton,Latin,54+1,02:35,42927283,2019,Solo
4DnHUy01jEA4b5ydC3HgsT,Live It Up - Official Song 2018 FIFA World Cup Russia,"Nicky Jam,Will Smith,Era Istrefi","reggaeton, latin, ",Latin,Live It Up (Official Song 2018 FIFA World Cup Russia),03:27,49148371,2018,Collaboration
4E3XDKil4ElJt6sXuz5cc6,BURN,"Kanye West,Ty Dolla $ign","rap, ",Hip Hop,VULTURES 1,01:51,16515337,2024,Collaboration
4E6RdcCWMiHTu7zy1VTNDo,Todo Mundo Vai Sofrer - Ao Vivo,Marília Mendonça,"sertanejo, sertanejo universitário, arrocha, forró",Country,"Todos Os Cantos, Vol. 2 (ao Vivo)",02:34,17128250,2019,Solo
4EAV2cKiqKP5UPZmY6dejk,Everyday,"Logic,Marshmello",edm,Electronic,Bobby Tarantino II,03:24,125357128,2018,Collaboration
4EAV2cKiqKP5UPZmY6dejk,Everyday,"Logic,Marshmello",edm,Electronic,Bobby Tarantino II,03:24,125357128,2019,Collaboration
4EJHKSnHENfjOxXWryyNtL,MÁS DE UNA CITA,"Bad Bunny,Zion & Lennox","reggaeton, trap latino, latin, urbano latino",Latin,LAS QUE NO IBAN A SALIR,03:03,20804462,2020,Collaboration
4EQOGfssbSpTlV6EZRtrSv,ULALA (OOH LA LA),"Myke Towers,Daddy Yankee","reggaeton, trap latino, urbano latino, latin",Latin,ULALA (OOH LA LA),03:08,10220090,2023,Collaboration
4EWCNWgDS8707fNSZ1oaA5,Heartless,Kanye West,rap,Hip Hop,808s & Heartbreak,03:31,541100449,2022,Solo
4EWCNWgDS8707fNSZ1oaA5,Heartless,Kanye West,rap,Hip Hop,808s & Heartbreak,03:31,541100449,2023,Solo
4EWCNWgDS8707fNSZ1oaA5,Heartless,Kanye West,rap,Hip Hop,808s & Heartbreak,03:31,541100449,2024,Solo
4EZUcj7c8n9pWIwHqN0DoH,Do You Hear What I Hear?,Bing Crosby,christmas,Jazz,Winter Wonderland,02:45,29125276,2017,Solo
4EZUcj7c8n9pWIwHqN0DoH,Do You Hear What I Hear?,Bing Crosby,christmas,Jazz,Winter Wonderland,02:45,29125276,2018,Solo
4EZUcj7c8n9pWIwHqN0DoH,Do You Hear What I Hear?,Bing Crosby,christmas,Jazz,Winter Wonderland,02:45,29125276,2019,Solo
4EZUcj7c8n9pWIwHqN0DoH,Do You Hear What I Hear?,Bing Crosby,christmas,Jazz,Winter Wonderland,02:45,29125276,2022,Solo
4EZUcj7c8n9pWIwHqN0DoH,Do You Hear What I Hear?,Bing Crosby,christmas,Jazz,Winter Wonderland,02:45,29125276,2024,Solo
4EaQ0ouIydfeAgQUz284EF,People Pt.2 (feat. IU),"Agust D,IU","k-pop, k-rap, k-ballad",Pop,People Pt.2 (feat. IU),03:33,55126122,2023,Collaboration
4EivmOT13NMpNSfTKn9p4s,Like That (feat. Gucci Mane),"Doja Cat,Gucci Mane","southern hip hop, rap, trap",Hip Hop,Hot Pink,02:43,110604934,2020,Collaboration
4FAKtPVycI4DxoOHC01YqD,Yandel 150,"Yandel,Feid","reggaeton, urbano latino, latin",Latin,Resistencia,03:36,1232277486,2023,Collaboration
4FPrAERfkPKOBKrRoyuxLu,Cold December Night,Michael Bublé,christmas,Jazz,Christmas,03:18,14692805,2017,Solo
4FPrAERfkPKOBKrRoyuxLu,Cold December Night,Michael Bublé,christmas,Jazz,Christmas,03:18,14692805,2018,Solo
4FPrAERfkPKOBKrRoyuxLu,Cold December Night,Michael Bublé,christmas,Jazz,Christmas,03:18,14692805,2019,Solo
4FPrAERfkPKOBKrRoyuxLu,Cold December Night,Michael Bublé,christmas,Jazz,Christmas,03:18,14692805,2020,Solo
4FPrAERfkPKOBKrRoyuxLu,Cold December Night,Michael Bublé,christmas,Jazz,Christmas,03:18,14692805,2021,Solo
4FRW5Nza1Ym91BGV4nFWXI,Lemon Pepper Freestyle (feat. Rick Ross),"Drake,Rick Ross","rap, hip hop, southern hip hop",Hip Hop,Scary Hours 2,06:23,38249274,2021,Collaboration
4Flfb4fGscN9kXPOduQLrv,Treacherous Twins,"Drake,21 Savage","rap, hip hop, ",Hip Hop,Her Loss,03:00,20182810,2022,Collaboration
4FyesJzVpA39hbYvcseO2d,Just Wanna Rock,Lil Uzi Vert,melodic rap,Hip Hop,Just Wanna Rock,02:03,697829165,2022,Solo
4FyesJzVpA39hbYvcseO2d,Just Wanna Rock,Lil Uzi Vert,melodic rap,Hip Hop,Just Wanna Rock,02:03,697829165,2023,Solo
4G3PTss3mU33Tau7t4KbwE,Tattoo - Remix with Camilo,"Rauw Alejandro,Camilo","reggaeton, urbano latino, trap latino, latin, colombian pop",Pop,Afrodisíaco,03:42,100741125,2020,Collaboration
4G3PTss3mU33Tau7t4KbwE,Tattoo - Remix with Camilo,"Rauw Alejandro,Camilo","reggaeton, urbano latino, trap latino, latin, colombian pop",Pop,Afrodisíaco,03:42,100741125,2021,Collaboration
4GEQd6D1NeNjpf0pbOgJSO,Mama,"Jonas Blue,William Singe","tropical house, ",Electronic,Jonas Blue: Electronic Nature - The Mix 2017,03:01,10571673,2017,Collaboration
4GL9GMX9t7Qkprvf1YighZ,CIRCUS MAXIMUS (feat. The Weeknd & Swae Lee),"Travis Scott,The Weeknd,Swae Lee","rap, ",Hip Hop,UTOPIA,04:18,40407320,2023,Collaboration
4GvEuYAfJlICR2SpMDaBxQ,ANDO,"Jere Klein,Gittobeatz","reggaeton chileno, chilean mambo, chilean trap, rkt, mambo, turreo",Latin,ÉNFASIS,02:52,163541699,2023,Collaboration
4GvEuYAfJlICR2SpMDaBxQ,ANDO,"Jere Klein,Gittobeatz","reggaeton chileno, chilean mambo, chilean trap, rkt, mambo, turreo",Latin,ÉNFASIS,02:52,163541699,2024,Collaboration
4H6o1bxKRGzmsE0vzo968m,Qué Agonía,"Yuridia,Ángela Aguilar","latin pop, mariachi, ranchera, banda, música mexicana",Latin,Pa' Luego Es Tarde,02:32,173935438,2022,Collaboration
4H6o1bxKRGzmsE0vzo968m,Qué Agonía,"Yuridia,Ángela Aguilar","latin pop, mariachi, ranchera, banda, música mexicana",Latin,Pa' Luego Es Tarde,02:32,173935438,2023,Collaboration
4HAOgAnILvXCbSODMoRnmD,For Us,V,k-pop,Pop,Layover,02:51,19704064,2023,Solo
4HBZA5flZLE435QTztThqH,Stuck with U (with Justin Bieber),"Ariana Grande,Justin Bieber","pop, ",Pop,Stuck with U,03:48,496809764,2020,Collaboration
4HBZA5flZLE435QTztThqH,Stuck with U (with Justin Bieber),"Ariana Grande,Justin Bieber","pop, ",Pop,Stuck with U,03:48,496809764,2021,Collaboration
4HDCLYli2SUdkq9OjmvhSD,BELIEVE IT,"PARTYNEXTDOOR,Rihanna","r&b, ",R&B,PARTYMOBILE,03:03,93422322,2020,Collaboration
4HEOgBHRCExyYVeTyrXsnL,Jingle Bells - Remastered 1999,Frank Sinatra,"christmas, big band, adult standards, swing music, vocal jazz, jazz",Easy listening,A Jolly Christmas From Frank Sinatra,02:00,236025700,2017,Solo
4HEOgBHRCExyYVeTyrXsnL,Jingle Bells - Remastered 1999,Frank Sinatra,"christmas, big band, adult standards, swing music, vocal jazz, jazz",Easy listening,A Jolly Christmas From Frank Sinatra,02:00,236025700,2018,Solo
4HEOgBHRCExyYVeTyrXsnL,Jingle Bells - Remastered 1999,Frank Sinatra,"christmas, big band, adult standards, swing music, vocal jazz, jazz",Easy listening,A Jolly Christmas From Frank Sinatra,02:00,236025700,2019,Solo
4HEOgBHRCExyYVeTyrXsnL,Jingle Bells - Remastered 1999,Frank Sinatra,"christmas, big band, adult standards, swing music, vocal jazz, jazz",Easy listening,A Jolly Christmas From Frank Sinatra,02:00,236025700,2020,Solo
4HEOgBHRCExyYVeTyrXsnL,Jingle Bells - Remastered 1999,Frank Sinatra,"christmas, big band, adult standards, swing music, vocal jazz, jazz",Easy listening,A Jolly Christmas From Frank Sinatra,02:00,236025700,2021,Solo
4HEOgBHRCExyYVeTyrXsnL,Jingle Bells - Remastered 1999,Frank Sinatra,"christmas, big band, adult standards, swing music, vocal jazz, jazz",Easy listening,A Jolly Christmas From Frank Sinatra,02:00,236025700,2022,Solo
4HEOgBHRCExyYVeTyrXsnL,Jingle Bells - Remastered 1999,Frank Sinatra,"christmas, big band, adult standards, swing music, vocal jazz, jazz",Easy listening,A Jolly Christmas From Frank Sinatra,02:00,236025700,2023,Solo
4HEOgBHRCExyYVeTyrXsnL,Jingle Bells - Remastered 1999,Frank Sinatra,"christmas, big band, adult standards, swing music, vocal jazz, jazz",Easy listening,A Jolly Christmas From Frank Sinatra,02:00,236025700,2024,Solo
4HMUrFl8y6rQCzEbaGEkcj,Somebody Save Me,"Eminem,Jelly Roll","rap, hip hop, country hip hop, country",Country,The Death of Slim Shady (Coup De Grâce),03:50,19467372,2024,Collaboration
4HUZBG98TYbxSR9V1V2DWS,Tudo Ok,"Thiaguinho MT,Mila,JS o Mão de Ouro","brega funk, funk, brega, funk pop, brazilian funk",Hip Hop,Tudo Ok,02:58,20490685,2020,Collaboration
4HYDUMY0xSpeBr0AMY9cUz,La Curiosidad,"Jay Wheeler,DJ Nelson,Myke Towers","reggaeton, trap latino, urbano latino",Latin,Platonicos,03:39,415768070,2020,Collaboration
4HYDUMY0xSpeBr0AMY9cUz,La Curiosidad,"Jay Wheeler,DJ Nelson,Myke Towers","reggaeton, trap latino, urbano latino",Latin,Platonicos,03:39,415768070,2021,Collaboration
4Hf7WnR761jpxPr5D46Bcd,Treat You Better,Shawn Mendes,pop,Pop,Illuminate,03:07,222052964,2017,Solo
4HlFJV71xXKIGcU3kRyttv,"Hey, Soul Sister",Train,soft pop,Pop,"Save Me, San Francisco (Golden Gate Edition)",03:36,19880668,2024,Solo
4HzqWEdAbzcVFDv0pvxV4w,Sobrio,Maluma,"reggaeton, latin, urbano latino",Latin,Sobrio,03:21,290956361,2021,Solo
4HzqWEdAbzcVFDv0pvxV4w,Sobrio,Maluma,"reggaeton, latin, urbano latino",Latin,Sobrio,03:21,290956361,2022,Solo
4I1OcJiqk279qLaI2OAecB,LUNA,"Peso Pluma,Junior H","corrido, corridos tumbados, corridos bélicos, música mexicana, sad sierreño, electro corridos, banda, sierreño",Latin,GÉNESIS,02:43,42262004,2023,Collaboration
4I4G0LD277PWvfblYtSf91,Needle (feat. Drake),"Nicki Minaj,Drake","rap, hip hop",Hip Hop,Pink Friday 2,03:55,38406290,2023,Collaboration
4IFd7EVCyJsUHesBMXI8ju,Parking Lot,"Mustard,Travis Scott",rap,Hip Hop,Parking Lot,02:52,21187000,2024,Collaboration
4IJsVXbSeGPUrgwpVoHmlg,The Planet,BTS,k-pop,Pop,The Planet,02:58,40012754,2023,Solo
4IQkfUsrwXol38VV3U7t7T,Run (feat. Ed Sheeran) (Taylor’s Version) (From The Vault),"Taylor Swift,Ed Sheeran",soft pop,Pop,Red (Taylor's Version),04:00,19918478,2021,Collaboration
4IaxDf2FixiQXq0mW7key9,ZOOM,Jessi,"k-pop, k-rap",Pop,ZOOM,02:54,36389035,2022,Solo
4IcbUXrAzBtn6iUO1LP471,Away From Home,Drake,"rap, hip hop",Hip Hop,For All The Dogs,04:18,17173276,2023,Solo
4IdXngKo4g5exqZ0fQTecu,Jingle Bell Rock,"Bobby Helms,Anita Kerr Singers","christmas, christian country, easy listening",Country,Mercy Me - Christmas Needs Love,02:10,17579388,2017,Collaboration
4IlOyxGATYUp7YVy5zrSW8,Keep My Spirit Alive,Kanye West,rap,Hip Hop,Donda,03:41,11870883,2021,Solo
4IvenHmD0spfFDOKphoUDp,After Dark,"Drake,Static Major,Ty Dolla $ign","rap, hip hop, ",Hip Hop,Scorpion,04:49,26536397,2018,Collaboration
4JB0EAT4BkLShTyTt50FmO,"Ego Death (feat. Kanye West, FKA twigs & Skrillex)","Ty Dolla $ign,FKA twigs,Skrillex,Kanye West","art pop, alternative r&b, dubstep, edm, electro, electronic, rap",R&B,"Ego Death (feat. Kanye West, FKA twigs & Skrillex)",03:51,28643680,2020,Collaboration
4JUPEh2DVSXFGExu4Uxevz,Ice Cream (with Selena Gomez),"BLACKPINK,Selena Gomez","k-pop, pop",Pop,THE ALBUM,02:57,126279454,2020,Collaboration
4JUPEh2DVSXFGExu4Uxevz,Ice Cream (with Selena Gomez),"BLACKPINK,Selena Gomez","k-pop, pop",Pop,THE ALBUM,02:57,126279454,2021,Collaboration
4Jc7252S1P99DjQ1lNGEOc,CYBERTRUCK,Bad Bunny,"reggaeton, trap latino, latin, urbano latino",Latin,nadie sabe lo que va a pasar mañana,03:11,57486498,2023,Solo
4JdSXF2p71cr8uCY3UiJM0,Frágil,"Yahritza Y Su Esencia,Grupo Frontera","sad sierreño, música mexicana, corridos tumbados, banda, corrido, sierreño, cumbia norteña, norteño, grupera, corridos bélicos, tejano",Latin,Frágil,02:40,516210712,2023,Collaboration
4JzCFEc3O2UEdjKzevvFH5,For Youth,BTS,k-pop,Pop,Proof,04:24,21797868,2022,Solo
4K06PO78fW4mnBVenxGNob,Conversations,Juice WRLD,"melodic rap, emo rap",Hip Hop,Legends Never Die,03:01,41172076,2020,Solo
4K1Pg0FLno1ltzX3jeqT83,"dodger blue (feat. wallie the sensei, siete7x, roddy ricch)","Kendrick Lamar,Wallie the Sensei,Siete7x,Roddy Ricch","hip hop, west coast hip hop, melodic rap",Hip Hop,GNX,02:11,41660991,2024,Collaboration
4K8cyoCDovlc4FvtUr2Hfx,Nada,"Cali Y El Dandee,Danna Paola","colombian pop, reggaeton, ",Pop,Nada,02:54,14538112,2020,Collaboration
4KDNRh9Oor80z3XIxdWlui,Bubbly (with Drake & Travis Scott),"Young Thug,Drake,Travis Scott","rap, melodic rap, trap, hip hop",Hip Hop,Punk,02:45,15739596,2021,Collaboration
4KULAymBBJcPRpk1yO4dOG,I Remember Everything (feat. Kacey Musgraves),"Zach Bryan,Kacey Musgraves","country, red dirt, ",Country,Zach Bryan,03:47,1162964887,2023,Collaboration
4KULAymBBJcPRpk1yO4dOG,I Remember Everything (feat. Kacey Musgraves),"Zach Bryan,Kacey Musgraves","country, red dirt, ",Country,Zach Bryan,03:47,1162964887,2024,Collaboration
4KW1lqgSr8TKrvBII0Brf8,Father Stretch My Hands Pt. 1,Kanye West,rap,Hip Hop,The Life Of Pablo,02:15,197533783,2023,Solo
4KW1lqgSr8TKrvBII0Brf8,Father Stretch My Hands Pt. 1,Kanye West,rap,Hip Hop,The Life Of Pablo,02:15,197533783,2024,Solo
4KWeGKChLKcnZsj3sIOSkW,Tobey (feat. Big Sean and BabyTron),"Eminem,Big Sean,BabyTron","rap, hip hop, ",Hip Hop,Tobey (feat. Big Sean and BabyTron),04:44,20000221,2024,Collaboration
4KYS9GK68yeuUJ8vJfPxrq,WHO? WHAT!,Travis Scott,rap,Hip Hop,ASTROWORLD,02:56,15777082,2018,Solo
4KkUjFkcQvGvWekl8RATDn,BEBE,"6ix9ine,Anuel AA","reggaeton, trap latino, urbano latino, latin",Latin,DUMMY BOY,03:37,85212097,2018,Collaboration
4KkUjFkcQvGvWekl8RATDn,BEBE,"6ix9ine,Anuel AA","reggaeton, trap latino, urbano latino, latin",Latin,DUMMY BOY,03:37,85212097,2019,Collaboration
4Km5HrUvYTaSUfiSGPJeQR,Bad and Boujee (feat. Lil Uzi Vert),"Migos,Lil Uzi Vert","trap, melodic rap",Hip Hop,Culture,05:43,362716171,2017,Collaboration
4Km5HrUvYTaSUfiSGPJeQR,Bad and Boujee (feat. Lil Uzi Vert),"Migos,Lil Uzi Vert","trap, melodic rap",Hip Hop,Culture,05:43,362716171,2018,Collaboration
4L1iecYPJR1qc9tz5Zjkw9,El Boss,"Gabito Ballesteros,Natanael Cano","corrido, corridos tumbados, corridos bélicos, música mexicana, sad sierreño, electro corridos, banda, sierreño",Latin,El Boss,03:45,27505390,2024,Collaboration
4LaGu95Ui2s4vprSQYWUAZ,Bout A Million (feat. 42 Dugg & 21 Savage),"Pop Smoke,21 Savage,42 Dugg","brooklyn drill, drill, new york drill, ",Hip Hop,Faith,03:23,14276812,2021,Collaboration
4LmAnpjlhWTahvRkYR8xJa,X (with 2 Chainz & Saudi),"ScHoolboy Q,2 Chainz,Saudi","rap, southern hip hop, ",Hip Hop,Black Panther The Album Music From And Inspired By,04:27,51930091,2018,Collaboration
4LreWoO3cpgiIfrRwbOUSF,Rosa Pastel,"Peso Pluma,Jasiel Nuñez","corrido, corridos tumbados, corridos bélicos, música mexicana, sad sierreño, electro corridos, banda",Latin,Rosa Pastel,03:24,36302614,2023,Collaboration
4Ls53fBNVfaXTROBi6X8Hw,Just Wanna Rock,Lil Uzi Vert,melodic rap,Hip Hop,Pink Tape,02:03,19593996,2023,Solo
4LwU4Vp6od3Sb08CsP99GC,The Next Episode,"Dr. Dre,Snoop Dogg","g-funk, gangster rap, west coast hip hop, hip hop, rap",Hip Hop,2001,02:41,15773986,2022,Collaboration
4M3FO0ji6Lc8vwD1sgf1nc,Born To Be Yours,"Kygo,Imagine Dragons","tropical house, ",Electronic,KYGO HITS COLLECTION 2018 - JAPAN ONLY EDITION,03:13,38774930,2018,Collaboration
4M3FO0ji6Lc8vwD1sgf1nc,Born To Be Yours,"Kygo,Imagine Dragons","tropical house, ",Electronic,KYGO HITS COLLECTION 2018 - JAPAN ONLY EDITION,03:13,38774930,2019,Collaboration
4MSj19TwYBLgDFj3ddEeco,Black Friday (pretty like the sun),"Lost Frequencies,Tom Odell","tropical house, ",Electronic,Black Friday (pretty like the sun),02:25,104602371,2024,Collaboration
4MXhiYIRDMGAuvZc5IFTwC,ASTROTHUNDER,Travis Scott,rap,Hip Hop,ASTROWORLD,02:22,14685636,2018,Solo
4MZSqgwlE71CWZ6qQ3gkKm,<3,Bad Bunny,"reggaeton, trap latino, latin, urbano latino",Latin,YHLQMDLG,02:37,18896754,2020,Solo
4MdcsdRj7i8eBm0qFjO4L4,Feel Me,Selena Gomez,pop,Pop,Rare (Bonus Track Version),03:46,25954134,2020,Solo
4MjDJD8cW7iVeWInc2Bdyj,MONACO,Bad Bunny,"reggaeton, trap latino, latin, urbano latino",Latin,nadie sabe lo que va a pasar mañana,04:27,681086508,2023,Solo
4MjDJD8cW7iVeWInc2Bdyj,MONACO,Bad Bunny,"reggaeton, trap latino, latin, urbano latino",Latin,nadie sabe lo que va a pasar mañana,04:27,681086508,2024,Solo
4MrfQL4TYQXJBlZYpAHTuE,"Baby, It's Cold Outside",Dean Martin,"christmas, adult standards, big band, swing music",Easy listening,A Winter Romance,02:23,69876801,2017,Solo
4MrfQL4TYQXJBlZYpAHTuE,"Baby, It's Cold Outside",Dean Martin,"christmas, adult standards, big band, swing music",Easy listening,A Winter Romance,02:23,69876801,2018,Solo
4MrfQL4TYQXJBlZYpAHTuE,"Baby, It's Cold Outside",Dean Martin,"christmas, adult standards, big band, swing music",Easy listening,A Winter Romance,02:23,69876801,2019,Solo
4MrfQL4TYQXJBlZYpAHTuE,"Baby, It's Cold Outside",Dean Martin,"christmas, adult standards, big band, swing music",Easy listening,A Winter Romance,02:23,69876801,2020,Solo
4MrfQL4TYQXJBlZYpAHTuE,"Baby, It's Cold Outside",Dean Martin,"christmas, adult standards, big band, swing music",Easy listening,A Winter Romance,02:23,69876801,2021,Solo
4MrfQL4TYQXJBlZYpAHTuE,"Baby, It's Cold Outside",Dean Martin,"christmas, adult standards, big band, swing music",Easy listening,A Winter Romance,02:23,69876801,2022,Solo
4MrfQL4TYQXJBlZYpAHTuE,"Baby, It's Cold Outside",Dean Martin,"christmas, adult standards, big band, swing music",Easy listening,A Winter Romance,02:23,69876801,2023,Solo
4MrfQL4TYQXJBlZYpAHTuE,"Baby, It's Cold Outside",Dean Martin,"christmas, adult standards, big band, swing music",Easy listening,A Winter Romance,02:23,69876801,2024,Solo
4MsUsFfWseB9M2plGJyuIw,ME! (feat. Brendon Urie of Panic! At The Disco),"Taylor Swift,Brendon Urie,Panic! At The Disco",emo,Rock,ME! (feat. Brendon Urie of Panic! At The Disco),03:13,137764356,2019,Collaboration
4MzXwWMhyBbmu6hOcLVD49,DÁKITI,"Bad Bunny,JHAYCO","reggaeton, trap latino, latin, urbano latino",Latin,EL ÚLTIMO TOUR DEL MUNDO,03:25,1324159399,2020,Collaboration
4MzXwWMhyBbmu6hOcLVD49,DÁKITI,"Bad Bunny,JHAYCO","reggaeton, trap latino, latin, urbano latino",Latin,EL ÚLTIMO TOUR DEL MUNDO,03:25,1324159399,2021,Collaboration
4MzXwWMhyBbmu6hOcLVD49,DÁKITI,"Bad Bunny,JHAYCO","reggaeton, trap latino, latin, urbano latino",Latin,EL ÚLTIMO TOUR DEL MUNDO,03:25,1324159399,2022,Collaboration
4MzXwWMhyBbmu6hOcLVD49,DÁKITI,"Bad Bunny,JHAYCO","reggaeton, trap latino, latin, urbano latino",Latin,EL ÚLTIMO TOUR DEL MUNDO,03:25,1324159399,2023,Collaboration
4N1c5rmWOzRmB9SMacr5wB,Loco Enamorado,"Abraham Mateo,Farruko,Christian Daniel","reggaeton, trap latino, latin, bachata",Latin,Loco Enamorado,04:12,72583381,2017,Collaboration
4N1c5rmWOzRmB9SMacr5wB,Loco Enamorado,"Abraham Mateo,Farruko,Christian Daniel","reggaeton, trap latino, latin, bachata",Latin,Loco Enamorado,04:12,72583381,2018,Collaboration
4NBTZtAt1F13VvlSKe6KTl,This Feeling,"The Chainsmokers,Kelsea Ballerini",country,Country,Sick Boy,03:17,110680186,2018,Collaboration
4NBTZtAt1F13VvlSKe6KTl,This Feeling,"The Chainsmokers,Kelsea Ballerini",country,Country,Sick Boy,03:17,110680186,2019,Collaboration
4NCsrTzgVfsDo8nWyP8PPc,RITMO (Bad Boys For Life),"Black Eyed Peas,J Balvin","reggaeton, latin",Latin,Translation,03:34,64789850,2020,Collaboration
4NSW0Km5ZG60L8FthUebPJ,What I Like About You (feat. Theresa Rex),"Jonas Blue,Theresa Rex","tropical house, ",Electronic,What I Like About You (feat. Theresa Rex),03:40,74267188,2019,Collaboration
4Na2HfNSr58chvfX69fy36,one of wun,Gunna,melodic rap,Hip Hop,One of Wun,02:24,179900163,2024,Solo
4NmE2ytXI8S2svTRSmEdpO,Small Talk,Katy Perry,pop,Pop,Small Talk,02:41,27856402,2019,Solo
4NoOME4Dhf4xgxbHDT7VGe,X SI VOLVEMOS,"KAROL G,Romeo Santos","reggaeton, latin, urbano latino, bachata, bachata pop",Latin,MAÑANA SERÁ BONITO,03:20,337277244,2023,Collaboration
4NqQaovM14WR2hNPMFxgjb,25/8,Bad Bunny,"reggaeton, trap latino, latin, urbano latino",Latin,YHLQMDLG,04:03,29651859,2020,Solo
4NqkE7kRUvMDEdcqD96EDO,Used (feat. Don Toliver),"SZA,Don Toliver","r&b, ",R&B,SOS,02:26,23109171,2022,Collaboration
4OBZT9EnhYIV17t4pGw7ig,Best Part (feat. H.E.R.),"Daniel Caesar,H.E.R.",r&b,R&B,H.E.R.,03:29,85208455,2018,Collaboration
4OBZT9EnhYIV17t4pGw7ig,Best Part (feat. H.E.R.),"Daniel Caesar,H.E.R.",r&b,R&B,H.E.R.,03:29,85208455,2019,Collaboration
4OENnoidV0h8gJV6bhrw7r,Only You Freestyle,"Headie One,Drake","uk drill, grime, drill, rap, hip hop",Hip Hop,Only You Freestyle,04:08,29224111,2020,Collaboration
4OH5Cd8ZOI1eSgJSC9PYmU,Antidepresan,"Mert Demir,Mabel Matiz","turkish pop, arabesk, t-pop",Pop,Antidepresan,04:00,56868911,2022,Collaboration
4OH5Cd8ZOI1eSgJSC9PYmU,Antidepresan,"Mert Demir,Mabel Matiz","turkish pop, arabesk, t-pop",Pop,Antidepresan,04:00,56868911,2023,Collaboration
4OLT65TRsOx3Iv1TlCcQVb,Presidente,"Gabito Ballesteros,Natanael Cano,Luis R Conriquez,Neton Vega","corrido, corridos tumbados, corridos bélicos, música mexicana, sad sierreño, electro corridos, banda, sierreño",Latin,Presidente,03:01,147170326,2024,Collaboration
4OMJGnvZfDvsePyCwRGO7X,Houdini,Dua Lipa,pop,Pop,Houdini,03:05,559195649,2023,Solo
4OMJGnvZfDvsePyCwRGO7X,Houdini,Dua Lipa,pop,Pop,Houdini,03:05,559195649,2024,Solo
4OafepJy2teCjYJbvFE60J,breathin,Ariana Grande,pop,Pop,Sweetener,03:18,264929699,2018,Solo
4OafepJy2teCjYJbvFE60J,breathin,Ariana Grande,pop,Pop,Sweetener,03:18,264929699,2019,Solo
4Of7rzpRpV1mWRbhp5rAqG,Bruises,Lewis Capaldi,soft pop,Pop,Divinely Uninspired To A Hellish Extent,03:40,317923102,2019,Solo
4Of7rzpRpV1mWRbhp5rAqG,Bruises,Lewis Capaldi,soft pop,Pop,Divinely Uninspired To A Hellish Extent,03:40,317923102,2020,Solo
4OwhwvKESFtuu06dTgct7i,Tiroteo - Remix,"Marc Seguí,Rauw Alejandro,Pol Granch","reggaeton, urbano latino, trap latino, latin, ",Latin,Tiroteo (Remix),05:21,190861425,2021,Collaboration
4OwhwvKESFtuu06dTgct7i,Tiroteo - Remix,"Marc Seguí,Rauw Alejandro,Pol Granch","reggaeton, urbano latino, trap latino, latin, ",Latin,Tiroteo (Remix),05:21,190861425,2022,Collaboration
4P6IttK2PRBjyr3fm0pP7t,Past Life (with Selena Gomez),"Trevor Daniel,Selena Gomez",pop,Pop,Past Life (with Selena Gomez),03:06,22502171,2020,Collaboration
4P7IXYPAkinTdZrBF5bGWp,Você Beberia Ou Não Beberia?,Zé Neto & Cristiano,"sertanejo, sertanejo universitário, arrocha, agronejo",Country,Você Beberia Ou Não Beberia?,02:34,25592498,2021,Solo
4P92FrvmYQSAfOpp4cpFEi,Simple,Florida Georgia Line,"country, pop country, acoustic country",Country,Florida Georgia Line,03:05,24403783,2018,Solo
4PA1wK0leCjmRZlP5dQ8Lv,El Cielo,"Sky Rompiendo,Feid,Myke Towers","reggaeton, urbano latino, trap latino",Latin,El Cielo,03:11,372762692,2023,Collaboration
4PANCoXZX3RaT2D6mqSdEU,changes,XXXTENTACION,emo rap,Hip Hop,changes,02:01,12417742,2018,Solo
4PEfJZpVjdclfzZ9XO8uDw,HASTA ABAJO,"KEVIN ROLDAN,Bryant Myers,Lyanno","reggaeton, trap latino, urbano latino, trap, dembow",Latin,KrING,03:49,75563022,2021,Collaboration
4PMqSO5qyjpvzhlLI5GnID,Good Days,SZA,r&b,R&B,SOS,04:38,56474372,2022,Solo
4PMqSO5qyjpvzhlLI5GnID,Good Days,SZA,r&b,R&B,SOS,04:38,56474372,2023,Solo
4PMqSO5qyjpvzhlLI5GnID,Good Days,SZA,r&b,R&B,SOS,04:38,56474372,2024,Solo
4PQdrXMDHDPl1RczrrlADd,MORENA,Luan Santana,"sertanejo, sertanejo universitário, arrocha",Country,MORENA,03:13,59659565,2021,Solo
4PS1e8f2LvuTFgUs1Cn3ON,The Christmas Song (Merry Christmas To You),Nat King Cole,"christmas, adult standards, vocal jazz",Easy listening,The Christmas Song (Expanded Edition),03:12,318185506,2018,Solo
4PS1e8f2LvuTFgUs1Cn3ON,The Christmas Song (Merry Christmas To You),Nat King Cole,"christmas, adult standards, vocal jazz",Easy listening,The Christmas Song (Expanded Edition),03:12,318185506,2019,Solo
4PS1e8f2LvuTFgUs1Cn3ON,The Christmas Song (Merry Christmas To You),Nat King Cole,"christmas, adult standards, vocal jazz",Easy listening,The Christmas Song (Expanded Edition),03:12,318185506,2020,Solo
4PS1e8f2LvuTFgUs1Cn3ON,The Christmas Song (Merry Christmas To You),Nat King Cole,"christmas, adult standards, vocal jazz",Easy listening,The Christmas Song (Expanded Edition),03:12,318185506,2021,Solo
4PS1e8f2LvuTFgUs1Cn3ON,The Christmas Song (Merry Christmas To You),Nat King Cole,"christmas, adult standards, vocal jazz",Easy listening,The Christmas Song (Expanded Edition),03:12,318185506,2022,Solo
4PS1e8f2LvuTFgUs1Cn3ON,The Christmas Song (Merry Christmas To You),Nat King Cole,"christmas, adult standards, vocal jazz",Easy listening,The Christmas Song (Expanded Edition),03:12,318185506,2023,Solo
4PYfFHKfjYz6dwAtZhBy1z,Obsessed With You,Central Cee,"uk drill, drill, grime",Hip Hop,Obsessed With You,01:48,23138455,2021,Solo
4Pu0a2TuHOYtI4CCE3HEXI,Sigues Con El - Remix,"Arcángel,Sech,Romeo Santos","reggaeton, trap latino, urbano latino, bachata, bachata pop, latin",Latin,Sigues Con El (Remix),03:09,30945042,2020,Collaboration
4Q34FP1AT7GEl9oLgNtiWj,Mr. Right Now (feat. Drake),"21 Savage,Metro Boomin,Drake","rap, hip hop",Hip Hop,SAVAGE MODE II,03:13,51608488,2020,Collaboration
4Q5yMlwAfAoitqg4r9oZHN,Quit (feat. Ariana Grande),"Cashmere Cat,Ariana Grande",pop,Pop,9,04:18,45478807,2017,Collaboration
4Q8aDd3H6LF8t4eY7So9O8,Light It Up (with Tyga & Chris Brown),"Marshmello,Tyga,Chris Brown","edm, r&b",Electronic,Light It Up (with Tyga & Chris Brown),02:17,23532642,2019,Collaboration
4QNpBfC0zvjKqPJcyqBy9W,Give Me Everything (feat. Nayer),"Pitbull,AFROJACK,Ne-Yo,Nayer","edm, big room, latin dance",Electronic,Planet Pit (Deluxe Version),04:12,231115118,2021,Collaboration
4QNpBfC0zvjKqPJcyqBy9W,Give Me Everything (feat. Nayer),"Pitbull,AFROJACK,Ne-Yo,Nayer","edm, big room, latin dance",Electronic,Planet Pit (Deluxe Version),04:12,231115118,2024,Collaboration
4QPEwDdOMhY7rNS05mTyMR,Own It (feat. Ed Sheeran & Burna Boy),"Stormzy,Burna Boy,Ed Sheeran","grime, uk drill, afrobeats, afrobeat, afropop, afroswing, dancehall, afropiano, soft pop",Traditional music,Heavy Is The Head,03:36,91117964,2019,Collaboration
4QPEwDdOMhY7rNS05mTyMR,Own It (feat. Ed Sheeran & Burna Boy),"Stormzy,Burna Boy,Ed Sheeran","grime, uk drill, afrobeats, afrobeat, afropop, afroswing, dancehall, afropiano, soft pop",Traditional music,Heavy Is The Head,03:36,91117964,2020,Collaboration
4QVS8YCpK71R4FsxSMCjhP,Tie Me Down (with Elley Duhé),"Gryffin,Elley Duhé","edm, melodic bass, future bass, ",Electronic,Tie Me Down (with Elley Duhé),03:38,24693110,2018,Collaboration
4QWumyD2uwiePBBha9XBHI,No Ouvidinho,Felipe Amorim,"piseiro, forró, arrocha, sertanejo, agronejo, brega",Country,No Ouvidinho,03:03,35387497,2022,Solo
4QX5pZQpQTgVlkqfUTDim0,Silver Bells,Dean Martin,"christmas, adult standards, big band, swing music",Easy listening,The Dean Martin Christmas Album,02:22,26276102,2017,Solo
4QX5pZQpQTgVlkqfUTDim0,Silver Bells,Dean Martin,"christmas, adult standards, big band, swing music",Easy listening,The Dean Martin Christmas Album,02:22,26276102,2018,Solo
4QX5pZQpQTgVlkqfUTDim0,Silver Bells,Dean Martin,"christmas, adult standards, big band, swing music",Easy listening,The Dean Martin Christmas Album,02:22,26276102,2019,Solo
4QX5pZQpQTgVlkqfUTDim0,Silver Bells,Dean Martin,"christmas, adult standards, big band, swing music",Easy listening,The Dean Martin Christmas Album,02:22,26276102,2020,Solo
4QX5pZQpQTgVlkqfUTDim0,Silver Bells,Dean Martin,"christmas, adult standards, big band, swing music",Easy listening,The Dean Martin Christmas Album,02:22,26276102,2022,Solo
4QX5pZQpQTgVlkqfUTDim0,Silver Bells,Dean Martin,"christmas, adult standards, big band, swing music",Easy listening,The Dean Martin Christmas Album,02:22,26276102,2023,Solo
4QX5pZQpQTgVlkqfUTDim0,Silver Bells,Dean Martin,"christmas, adult standards, big band, swing music",Easy listening,The Dean Martin Christmas Album,02:22,26276102,2024,Solo
4QctbZRsuWYPT0pbKg7u75,un x100to,"Grupo Frontera,Bad Bunny","cumbia norteña, banda, norteño, música mexicana, corrido, corridos tumbados, grupera, corridos bélicos, tejano, reggaeton, trap latino, latin, urbano latino",Latin,El Comienzo,03:14,128801246,2023,Collaboration
4QfZYDhGZc0T2RDvGiI69E,Singapur,"El Alfa,Chael Produciendo","dembow, urbano latino, latin, reggaeton",Latin,El Androide,02:58,13375954,2020,Collaboration
4QnC1bIaMSfDQvF4XDhV5M,Boyfriend,Selena Gomez,pop,Pop,Rare (Deluxe),02:41,27671144,2020,Solo
4QtiVmuA88tPQiCOHZuQ5b,"1, 2, 3 (feat. Jason Derulo & De La Ghetto)","Sofía Reyes,Jason Derulo,De La Ghetto","latin pop, reggaeton, trap latino, urbano latino",Pop,"1, 2, 3 (feat. Jason Derulo & De La Ghetto)",03:21,268015011,2018,Collaboration
4R55IUi2x7S5ek2SpebOiE,Bella,Wolfine,reggaeton,Latin,Bella,03:17,98948066,2017,Solo
4R55IUi2x7S5ek2SpebOiE,Bella,Wolfine,reggaeton,Latin,Bella,03:17,98948066,2018,Solo
4R5xvs5X0phd0EYWyGigju,Medicina,Anitta,"brazilian pop, funk pop, funk carioca, funk, pagode baiano",Pop,Medicina,02:21,40347301,2018,Solo
4R67rQNSbbsR4TdUVOIdez,ESCAPE PLAN,Travis Scott,rap,Hip Hop,ESCAPE PLAN / MAFIA,02:29,39394335,2021,Solo
4R8BJggjosTswLxtkw8V7P,No Me Conoce - Remix,"JHAYCO,J Balvin,Bad Bunny","reggaeton, trap latino, urbano latino, latin",Latin,Famouz,05:09,548711418,2019,Collaboration
4R8BJggjosTswLxtkw8V7P,No Me Conoce - Remix,"JHAYCO,J Balvin,Bad Bunny","reggaeton, trap latino, urbano latino, latin",Latin,Famouz,05:09,548711418,2020,Collaboration
4RJz8NfIe09gpKMiRUWKhJ,Parce (feat. Justin Quiles),"Maluma,Lenny Tavárez,Justin Quiles","reggaeton, latin, urbano latino, trap latino, argentine trap",Hip Hop,PAPI JUANCHO,04:08,233642900,2020,Collaboration
4RJz8NfIe09gpKMiRUWKhJ,Parce (feat. Justin Quiles),"Maluma,Lenny Tavárez,Justin Quiles","reggaeton, latin, urbano latino, trap latino, argentine trap",Hip Hop,PAPI JUANCHO,04:08,233642900,2021,Collaboration
4RvWPyQ5RL0ao9LPZeSouE,Everybody Wants To Rule The World,Tears For Fears,"new wave, synthpop",Rock,Songs From The Big Chair (Super Deluxe Edition),04:11,1286340482,2022,Solo
4RvWPyQ5RL0ao9LPZeSouE,Everybody Wants To Rule The World,Tears For Fears,"new wave, synthpop",Rock,Songs From The Big Chair (Super Deluxe Edition),04:11,1286340482,2023,Solo
4RvWPyQ5RL0ao9LPZeSouE,Everybody Wants To Rule The World,Tears For Fears,"new wave, synthpop",Rock,Songs From The Big Chair (Super Deluxe Edition),04:11,1286340482,2024,Solo
4S1VYqwfkLit9mKVY3MXoo,Forever Young,Alphaville,synthpop,Pop,Forever Young,03:46,212574346,2024,Solo
4S2uhQE8L9V6p7rj7SiauJ,Suicidal (feat. Juice WRLD) - Remix,"YNW Melly,Juice WRLD","melodic rap, emo rap",Hip Hop,Suicidal (Remix) [feat. Juice WRLD],03:45,70696118,2020,Collaboration
4S4QJfBGGrC8jRIjJHf1Ka,Pain,PinkPantheress,bedroom pop,Pop,to hell with it,01:38,17538286,2024,Solo
4S8PxReB1UiDR2F5x1lyIR,meet the grahams,Kendrick Lamar,"hip hop, west coast hip hop",Hip Hop,meet the grahams,06:32,46252041,2024,Solo
4S8d14HvHb70ImctNgVzQQ,I Love It (& Lil Pump),"Kanye West,Lil Pump","rap, ",Hip Hop,I Love It,02:07,325719578,2018,Collaboration
4S8d14HvHb70ImctNgVzQQ,I Love It (& Lil Pump),"Kanye West,Lil Pump","rap, ",Hip Hop,I Love It,02:07,325719578,2019,Collaboration
4SFknyjLcyTLJFPKD2m96o,How You Like That,BLACKPINK,k-pop,Pop,THE ALBUM,03:02,167821606,2020,Solo
4SFknyjLcyTLJFPKD2m96o,How You Like That,BLACKPINK,k-pop,Pop,THE ALBUM,03:02,167821606,2021,Solo
4SJHHpKhcuXwDsCsPqshXj,El Efecto,"Rauw Alejandro,Chencho Corleone","reggaeton, urbano latino, trap latino, latin",Latin,El Efecto,03:37,82322791,2020,Collaboration
4SPu0Ql902hTVXkBoNIYtq,NASA,Ariana Grande,pop,Pop,"thank u, next",03:02,82943355,2019,Solo
4STCTQ1h0VuWfvDyhGOxkv,Merry Christmas Baby,Otis Redding,"soul, motown, soul blues",R&B,Merry Christmas Baby / White Christmas,02:35,12817549,2020,Solo
4STCTQ1h0VuWfvDyhGOxkv,Merry Christmas Baby,Otis Redding,"soul, motown, soul blues",R&B,Merry Christmas Baby / White Christmas,02:35,12817549,2021,Solo
4STCTQ1h0VuWfvDyhGOxkv,Merry Christmas Baby,Otis Redding,"soul, motown, soul blues",R&B,Merry Christmas Baby / White Christmas,02:35,12817549,2022,Solo
4STCTQ1h0VuWfvDyhGOxkv,Merry Christmas Baby,Otis Redding,"soul, motown, soul blues",R&B,Merry Christmas Baby / White Christmas,02:35,12817549,2024,Solo
4SW9gHnW8NfKOdqmh0ij45,Fruto,"Bizarrap,Milo j","argentine trap, trap latino, urbano latino",Hip Hop,en dormir sin Madrid,02:12,151907730,2023,Collaboration
4SZepBIPDRwPaHIjAKwRDb,R.I.P. SCREW,Travis Scott,rap,Hip Hop,ASTROWORLD,03:05,24233145,2018,Solo
4Sdj67b8WF9PhAXh4tvBi6,Pişman Değilim,"Semicenk,Doğu Swag","turkish pop, arabesk, turkish hip hop",Pop,Pişman Değilim,02:22,71196148,2023,Collaboration
4T4CZ3Q4z3GG7lU720YYhM,Soltera,"Lunay,Gaby Music,Chris Jedi","reggaeton, trap latino, urbano latino",Latin,Soltera,03:33,54381541,2019,Collaboration
4T652DlATVHe0jdLKaN3Bw,in my head,Ariana Grande,pop,Pop,"thank u, next",03:42,34883858,2019,Solo
4TGwERXRlyQtBdggYTHo6j,Entre Nosotros (Remix) [con Nicki Nicole],"Tiago PZK,LIT killah,Maria Becerra,Nicki Nicole","argentine trap, urbano latino, trap latino, trap",Hip Hop,Entre Nosotros (Remix) [con Nicki Nicole],04:20,63805021,2022,Collaboration
4TOmcZvw0gHa7GiXRbcYAW,PORFA,"Feid,Justin Quiles","reggaeton, urbano latino",Latin,FERXXO (VOL 1: M.O.R),03:52,127836399,2020,Collaboration
4TZy1wLyHec06pwgFYDh1a,Mercy,Shawn Mendes,pop,Pop,Illuminate,03:28,196669467,2017,Solo
4TgxFMOn5yoESW6zCidCXL,Savage Love (Laxed – Siren Beat) [BTS Remix],"Jawsh 685,Jason Derulo,BTS",k-pop,Pop,Savage Love (Laxed - Siren Beat) [BTS Remix],03:04,44410624,2020,Collaboration
4TnFANpjVwVKWzkxNzIyFH,Ne reviens pas,"Gradur,Heuss L'enfoiré",pop urbaine,Hip Hop,Zone 59,03:08,23292291,2019,Collaboration
4TnFANpjVwVKWzkxNzIyFH,Ne reviens pas,"Gradur,Heuss L'enfoiré",pop urbaine,Hip Hop,Zone 59,03:08,23292291,2020,Collaboration
4Tvw0lweq9l2JPQKFbpbBQ,Better When You're Gone,"David Guetta,Brooks,Loote","edm, dance, future house, ",Electronic,Better When You're Gone,03:12,21389971,2019,Collaboration
4UGqAW9i7NtE5mW9xzm6yk,PUNTO 40,"Rauw Alejandro,Baby Rasta","reggaeton, urbano latino, trap latino, latin",Latin,SATURNO,03:10,11381868,2023,Collaboration
4UKCKdYiLN6IMA5ZESUTL7,the remedy for a broken heart (why am I so in love),XXXTENTACION,emo rap,Hip Hop,?,02:40,160569497,2018,Solo
4UMIv5jd9gK98a39BQRD9X,Kesariya,"Pritam,Arijit Singh,Amitabh Bhattacharya","bollywood, hindi pop, desi, sufi, bangla pop",Pop,Brahmastra (Original Motion Picture Soundtrack),04:28,83924150,2022,Collaboration
4UMIv5jd9gK98a39BQRD9X,Kesariya,"Pritam,Arijit Singh,Amitabh Bhattacharya","bollywood, hindi pop, desi, sufi, bangla pop",Pop,Brahmastra (Original Motion Picture Soundtrack),04:28,83924150,2023,Collaboration
4UkUxO2WlKLc0Q1iEutGGh,CONTIGO (with Tiësto),"KAROL G,Tiësto","reggaeton, latin, urbano latino, edm, trance, big room, house, dance",Electronic,CONTIGO (with Tiësto),03:12,106691375,2024,Collaboration
4UldILPVpnZO69ffK4B9aA,Tubarão Te Amo,"Dj LK da Escócia,Tchakabum,MC Ryan SP,mc jhenny,Mc RF","funk carioca, funk, brazilian funk, axé, pagode baiano, funk consciente, trap funk, brazilian trap, brega funk",Hip Hop,Tubarão Te Amo,02:29,37565450,2022,Collaboration
4UldILPVpnZO69ffK4B9aA,Tubarão Te Amo,"Dj LK da Escócia,Tchakabum,MC Ryan SP,mc jhenny,Mc RF","funk carioca, funk, brazilian funk, axé, pagode baiano, funk consciente, trap funk, brazilian trap, brega funk",Hip Hop,Tubarão Te Amo,02:29,37565450,2023,Collaboration
4Uy3kNxW2kB8AEoXljEcth,"Familia (with Anuel Aa, feat. Bantu) - Spider-Man: Into the Spider-Verse","Nicki Minaj,Anuel AA,Bantu","reggaeton, trap latino, urbano latino, latin, afro house",Electronic,Spider-Man: Into the Spider-Verse (Soundtrack From & Inspired by the Motion Picture),02:54,31494465,2018,Collaboration
4Uy3kNxW2kB8AEoXljEcth,"Familia (with Anuel Aa, feat. Bantu) - Spider-Man: Into the Spider-Verse","Nicki Minaj,Anuel AA,Bantu","reggaeton, trap latino, urbano latino, latin, afro house",Electronic,Spider-Man: Into the Spider-Verse (Soundtrack From & Inspired by the Motion Picture),02:54,31494465,2019,Collaboration
4UyVCLbNG8yhrqbzeSmdho,Don't You Worry,"Black Eyed Peas,Shakira,David Guetta","latin pop, latin, edm, dance",Electronic,Don't You Worry,03:16,36532795,2022,Collaboration
4V6MRo0CEAC9MwAm7dkPuL,Real Friends,Camila Cabello,pop,Pop,Real Friends,03:33,24878813,2017,Solo
4V6MRo0CEAC9MwAm7dkPuL,Real Friends,Camila Cabello,pop,Pop,Real Friends,03:33,24878813,2018,Solo
4VCbgIdr8ptegWeJpqLVHH,Love All (with JAY-Z),"Drake,JAY-Z","rap, hip hop, east coast hip hop",Hip Hop,Certified Lover Boy,03:48,36004146,2021,Collaboration
4VMRsbfZzd3SfQtaJ1Wpwi,Double Fantasy (with Future),"The Weeknd,Future",rap,Hip Hop,Double Fantasy,04:28,96352996,2023,Collaboration
4VQO1UdVIecQqB49PlANHz,It's Up (feat. Young Thug & 21 Savage),"Drake,Young Thug,21 Savage","rap, hip hop, melodic rap, trap, ",Hip Hop,100 GIGS,04:38,12400143,2024,Collaboration
4VUwkH455At9kENOfzTqmF,Beautiful (feat. Camila Cabello),"Bazzi,Camila Cabello",pop,Pop,Beautiful (feat. Camila Cabello),03:00,312832210,2018,Collaboration
4VUwkH455At9kENOfzTqmF,Beautiful (feat. Camila Cabello),"Bazzi,Camila Cabello",pop,Pop,Beautiful (feat. Camila Cabello),03:00,312832210,2019,Collaboration
4VW44pawoOHPUjlN7DX5vk,GANG GANG (with Lil Wayne),"Polo G,Lil Wayne","rap, hip hop",Hip Hop,GANG GANG (with Lil Wayne),02:58,20309743,2021,Collaboration
4VXIryQMWpIdGgYR4TrjT1,All Girls Are The Same,Juice WRLD,"melodic rap, emo rap",Hip Hop,Goodbye & Good Riddance,02:45,369649944,2018,Solo
4VXIryQMWpIdGgYR4TrjT1,All Girls Are The Same,Juice WRLD,"melodic rap, emo rap",Hip Hop,Goodbye & Good Riddance,02:45,369649944,2019,Solo
4VXIryQMWpIdGgYR4TrjT1,All Girls Are The Same,Juice WRLD,"melodic rap, emo rap",Hip Hop,Goodbye & Good Riddance,02:45,369649944,2020,Solo
4VXIryQMWpIdGgYR4TrjT1,All Girls Are The Same,Juice WRLD,"melodic rap, emo rap",Hip Hop,Goodbye & Good Riddance,02:45,369649944,2021,Solo
4VXIryQMWpIdGgYR4TrjT1,All Girls Are The Same,Juice WRLD,"melodic rap, emo rap",Hip Hop,Goodbye & Good Riddance,02:45,369649944,2024,Solo
4VYEnxm7lmtG5sEEbcmORB,Ok Ok,Kanye West,rap,Hip Hop,Donda,03:24,18826882,2021,Solo
4VgYtXCVJ7IbWAZ5ryfvEQ,Muévelo,"Nicky Jam,Daddy Yankee","reggaeton, latin",Latin,Muévelo,03:14,146737599,2020,Collaboration
4VsP4Dm8gsibRxB5I2hEkw,Kahani Suno 2.0,Kaifi Khalil,"desi, indian indie",Hip Hop,Kahani Suno 2.0,02:53,120187802,2023,Solo
4VuS959DSpr82t3qBqCrWG,Supermarket Flowers,Ed Sheeran,soft pop,Pop,÷ (Deluxe),03:41,67793751,2017,Solo
4W4fNrZYkobj539TOWsLO2,Die For You (with Ariana Grande) - Remix,"The Weeknd,Ariana Grande",pop,Pop,Starboy (Deluxe),03:52,1107223943,2023,Collaboration
4W4fNrZYkobj539TOWsLO2,Die For You (with Ariana Grande) - Remix,"The Weeknd,Ariana Grande",pop,Pop,Starboy (Deluxe),03:52,1107223943,2024,Collaboration
4WiQA1AGWHFvaxBU6bHghs,PUNTO G,Quevedo,reggaeton,Latin,DONDE QUIERO ESTAR,02:31,404744136,2023,Solo
4WjH9Bzt3kx7z8kl0awxh4,Lean On (feat. MØ & DJ Snake),"Major Lazer,MØ,DJ Snake","moombahton, ",Electronic,Peace Is The Mission,02:56,90271630,2017,Collaboration
4Ws314Ylb27BVsvlZOy30C,Lovesick Girls,BLACKPINK,k-pop,Pop,THE ALBUM,03:14,138354482,2020,Solo
4Ws314Ylb27BVsvlZOy30C,Lovesick Girls,BLACKPINK,k-pop,Pop,THE ALBUM,03:14,138354482,2021,Solo
4WuOWVnAqvEQxgSRrspBgt,Niagara Falls (Foot or 2) [with Travis Scott & 21 Savage],"Metro Boomin,Travis Scott,21 Savage","rap, ",Hip Hop,HEROES & VILLAINS,03:27,81435342,2022,Collaboration
4WuOWVnAqvEQxgSRrspBgt,Niagara Falls (Foot or 2) [with Travis Scott & 21 Savage],"Metro Boomin,Travis Scott,21 Savage","rap, ",Hip Hop,HEROES & VILLAINS,03:27,81435342,2023,Collaboration
4XCQtUoRSh22Ep18ULmDnT,La Fórmula (feat. Chris Jedi),"De La Ghetto,Daddy Yankee,Ozuna,Chris Jedi","reggaeton, trap latino, urbano latino, latin",Latin,La Formula (feat. Chris Jeday),03:52,11354469,2017,Collaboration
4XKXphKH76W4zNpkgFS5o2,MORE,j-hope,"k-pop, k-rap",Pop,MORE,03:00,23516344,2022,Solo
4XZxalvnG4Yo8YZLuiT1kV,Tough Love,"Avicii,Agnes,Vargas & Lagola","edm, ",Electronic,Tough Love,03:11,23597770,2019,Collaboration
4XvcHTUfIlWfyJTRG0aqlo,2055,Sleepy Hallow,"brooklyn drill, new york drill",Hip Hop,Still Sleep?,02:03,273541055,2021,Solo
4XvcHTUfIlWfyJTRG0aqlo,2055,Sleepy Hallow,"brooklyn drill, new york drill",Hip Hop,Still Sleep?,02:03,273541055,2022,Solo
4YSa8VQxjzsski1DOsvkHH,DO IT,"Kanye West,Ty Dolla $ign","rap, ",Hip Hop,VULTURES 1,03:45,11176406,2024,Collaboration
4YcWzLSnGqLjSCycuSMHnn,Prices,"Lil Uzi Vert,WanMor","melodic rap, ",Hip Hop,Eternal Atake,03:53,14313396,2020,Collaboration
4Yf5bqU3NK4kNOypcrLYwU,Faint,Linkin Park,"nu metal, rap metal, rock, alternative metal",Metal,Meteora,02:42,105610042,2017,Solo
4Yf5bqU3NK4kNOypcrLYwU,Faint,Linkin Park,"nu metal, rap metal, rock, alternative metal",Metal,Meteora,02:42,105610042,2024,Solo
4Yg2w0P29BBBMixyeNjDtj,Do They Know It's Christmas? - 1984 Version,Band Aid,christmas,Jazz,Do They Know It’s Christmas?,03:42,241406400,2022,Solo
4Yg2w0P29BBBMixyeNjDtj,Do They Know It's Christmas? - 1984 Version,Band Aid,christmas,Jazz,Do They Know It’s Christmas?,03:42,241406400,2023,Solo
4Yg2w0P29BBBMixyeNjDtj,Do They Know It's Christmas? - 1984 Version,Band Aid,christmas,Jazz,Do They Know It’s Christmas?,03:42,241406400,2024,Solo
4YhY2qHdBmSX33uj8ms0oq,O Tannenbaum,Vince Guaraldi Trio,christmas,Jazz,A Charlie Brown Christmas [2012 Remastered & Expanded Edition],05:09,12059603,2022,Solo
4YhY2qHdBmSX33uj8ms0oq,O Tannenbaum,Vince Guaraldi Trio,christmas,Jazz,A Charlie Brown Christmas [2012 Remastered & Expanded Edition],05:09,12059603,2023,Solo
4YhY2qHdBmSX33uj8ms0oq,O Tannenbaum,Vince Guaraldi Trio,christmas,Jazz,A Charlie Brown Christmas [2012 Remastered & Expanded Edition],05:09,12059603,2024,Solo
4YiY551vHi6glMtgVxuqAy,c l o s e,J. Cole,rap,Hip Hop,The Off-Season,02:48,10712648,2021,Solo
4Yip3hds5IHyT7AqoNHfmX,Wow Wow (feat. Becky G),"Maria Becerra,Becky G","argentine trap, reggaeton, latin",Hip Hop,Animal,03:19,27663444,2021,Collaboration
4Yq3XUNfWrAPWuB94qkC09,Take What You Want (feat. Ozzy Osbourne & Travis Scott),"Post Malone,Ozzy Osbourne,Travis Scott","metal, glam metal, heavy metal, hard rock, rap",Metal,Hollywood's Bleeding,03:49,30721342,2019,Collaboration
4Z2i41GDQyu3KRpBavEnyR,Solteiro Forçado - Boiadeira Internacional,Ana Castela,"agronejo, sertanejo, sertanejo universitário, piseiro",Country,Solteiro Forçado (Boiadeira Internacional),03:14,81444716,2023,Solo
4ZJ4vzLQekI0WntDbanNC7,Pink Skies,Zach Bryan,"country, red dirt",Country,Pink Skies,03:14,287231255,2024,Solo
4ZOkfHC38nxSeSqzGE5HFr,PIÉNSALO,Junior H,"corridos tumbados, corrido, corridos bélicos, sad sierreño, sierreño, música mexicana, banda",Latin,$AD BOYZ 4 LIFE II,04:00,41162070,2024,Solo
4ZRrLHqzhGRXYj2qcB4s5S,Tattoo - Remix with Camilo,"Rauw Alejandro,Camilo","reggaeton, urbano latino, trap latino, latin, colombian pop",Pop,Tattoo (Remix with Camilo),03:42,222221705,2020,Collaboration
4ZT0wGKwlJRjpMUuwZVy3p,Daylight,Drake,"rap, hip hop",Hip Hop,For All The Dogs,02:44,42616252,2023,Solo
4ZT9FnbFu1PaBfV3itxiqT,I,Lil Skies,melodic rap,Hip Hop,Shelby,03:01,57532684,2019,Solo
4a9tbd947vo9K8Vti9JwcI,Boy With Luv (feat. Halsey),"BTS,Halsey","k-pop, ",Pop,MAP OF THE SOUL : PERSONA,03:49,19742436,2022,Collaboration
4a9tbd947vo9K8Vti9JwcI,Boy With Luv (feat. Halsey),"BTS,Halsey","k-pop, ",Pop,MAP OF THE SOUL : PERSONA,03:49,19742436,2023,Collaboration
4aJzxp3gimtAdgJn3DL776,Mami Chula,"JHAYCO,Quevedo","reggaeton, trap latino, urbano latino",Latin,Mami Chula,03:40,30621286,2023,Collaboration
4aPB8rSxGFISs0o6V2LrTy,Gold Roses (feat. Drake),"Rick Ross,Drake","southern hip hop, rap, hip hop",Hip Hop,Gold Roses (feat. Drake),05:45,11560846,2019,Collaboration
4aVuWgvD0X63hcOCnZtNFA,Hold the Line,TOTO,soft rock,Rock,Toto,03:55,45621642,2024,Solo
4aWmUDTfIPGksMNLV2rQP2,Despacito (Featuring Daddy Yankee),"Luis Fonsi,Daddy Yankee","latin, reggaeton",Latin,Despacito (Featuring Daddy Yankee),03:48,786598861,2017,Collaboration
4aWmUDTfIPGksMNLV2rQP2,Despacito (Featuring Daddy Yankee),"Luis Fonsi,Daddy Yankee","latin, reggaeton",Latin,Despacito (Featuring Daddy Yankee),03:48,786598861,2018,Collaboration
4au7FRcgZzChASRYu279xH,Con Calma - Remix,"Daddy Yankee,Katy Perry,Snow","reggaeton, latin, pop, ",Latin,Con Calma (Remix),03:01,14358101,2019,Collaboration
4axYWgXASdsCBHuwInAubT,I don't let go,XXXTENTACION,emo rap,Hip Hop,SKINS,02:01,11020903,2018,Solo
4b4KcovePX8Ke2cLIQTLM0,All Night,"The Vamps,Matoma",tropical house,Electronic,Night & Day (Night Edition),03:17,187637381,2017,Collaboration
4bHsxqR3GMrXTxEPLuK5ue,Don't Stop Believin',Journey,"album rock, classic rock",Rock,Escape (Bonus Track Version),04:10,88190321,2017,Solo
4bHsxqR3GMrXTxEPLuK5ue,Don't Stop Believin',Journey,"album rock, classic rock",Rock,Escape (Bonus Track Version),04:10,88190321,2018,Solo
4bHsxqR3GMrXTxEPLuK5ue,Don't Stop Believin',Journey,"album rock, classic rock",Rock,Escape (Bonus Track Version),04:10,88190321,2019,Solo
4bHsxqR3GMrXTxEPLuK5ue,Don't Stop Believin',Journey,"album rock, classic rock",Rock,Escape (Bonus Track Version),04:10,88190321,2020,Solo
4bHsxqR3GMrXTxEPLuK5ue,Don't Stop Believin',Journey,"album rock, classic rock",Rock,Escape (Bonus Track Version),04:10,88190321,2021,Solo
4bHsxqR3GMrXTxEPLuK5ue,Don't Stop Believin',Journey,"album rock, classic rock",Rock,Escape (Bonus Track Version),04:10,88190321,2022,Solo
4bHsxqR3GMrXTxEPLuK5ue,Don't Stop Believin',Journey,"album rock, classic rock",Rock,Escape (Bonus Track Version),04:10,88190321,2023,Solo
4bT4Gbs7FA4cLyZeKtlGVO,Facilita Aí,Zé Felipe,"piseiro, sertanejo, arrocha, agronejo, forró, sertanejo universitário",Country,Facilita Aí,02:23,39279554,2023,Solo
4bTZeO72FwMa6wKOiqoynL,Otro Trago - Remix,"Sech,Ozuna,Anuel AA,Darell,Nicky Jam","reggaeton, urbano latino, latin, trap latino, dembow",Latin,Otro Trago (Remix),04:47,254539053,2019,Collaboration
4bTZeO72FwMa6wKOiqoynL,Otro Trago - Remix,"Sech,Ozuna,Anuel AA,Darell,Nicky Jam","reggaeton, urbano latino, latin, trap latino, dembow",Latin,Otro Trago (Remix),04:47,254539053,2020,Collaboration
4bjN59DRXFRxBE1g5ne6B1,Haegeum,Agust D,"k-pop, k-rap",Pop,D-DAY,02:48,109468554,2023,Solo
4btFHqumCO31GksfuBLLv3,Overpass Graffiti,Ed Sheeran,soft pop,Pop,=,03:56,82634373,2021,Solo
4btFHqumCO31GksfuBLLv3,Overpass Graffiti,Ed Sheeran,soft pop,Pop,=,03:56,82634373,2022,Solo
4buHBCFNm5WvttEDevaj9C,White Christmas,Michael Bublé,christmas,Jazz,Christmas (Deluxe Special Edition),03:24,11486259,2019,Solo
4buHBCFNm5WvttEDevaj9C,White Christmas,Michael Bublé,christmas,Jazz,Christmas (Deluxe Special Edition),03:24,11486259,2020,Solo
4buHBCFNm5WvttEDevaj9C,White Christmas,Michael Bublé,christmas,Jazz,Christmas (Deluxe Special Edition),03:24,11486259,2021,Solo
4buHBCFNm5WvttEDevaj9C,White Christmas,Michael Bublé,christmas,Jazz,Christmas (Deluxe Special Edition),03:24,11486259,2023,Solo
4buHBCFNm5WvttEDevaj9C,White Christmas,Michael Bublé,christmas,Jazz,Christmas (Deluxe Special Edition),03:24,11486259,2024,Solo
4bw8mcDUSRWfQo63ZTYRnU,Según Quién,"Maluma,Carin Leon","reggaeton, latin, urbano latino, banda, norteño, sierreño, corrido, grupera, ranchera, sad sierreño, música mexicana",Latin,Don Juan,02:22,905587255,2023,Collaboration
4bw8mcDUSRWfQo63ZTYRnU,Según Quién,"Maluma,Carin Leon","reggaeton, latin, urbano latino, banda, norteño, sierreño, corrido, grupera, ranchera, sad sierreño, música mexicana",Latin,Don Juan,02:22,905587255,2024,Collaboration
4bzBPrGYD3fQfAadLgIiwT,Let Her Go,Passenger,folk pop,Pop,All the Little Lights,04:12,19781132,2023,Solo
4c1WgUnHXq2LEncGHKgj1I,Dream Glow (BTS World Original Soundtrack) - Pt. 1,"BTS,Charli xcx","k-pop, hyperpop, art pop",Pop,Dream Glow (BTS World Original Soundtrack) [Pt. 1],03:07,18648089,2019,Collaboration
4cG7HUWYHBV6R6tHn1gxrl,Friday (feat. Mufasa & Hypeman) - Dopamine Re-Edit,"Riton,Nightcrawlers,Mufasa & Hypeman,Mufasa,Dopamine","house, ",Electronic,Friday (feat. Mufasa & Hypeman) [Dopamine Re-Edit],02:49,569644083,2021,Collaboration
4cG7HUWYHBV6R6tHn1gxrl,Friday (feat. Mufasa & Hypeman) - Dopamine Re-Edit,"Riton,Nightcrawlers,Mufasa & Hypeman,Mufasa,Dopamine","house, ",Electronic,Friday (feat. Mufasa & Hypeman) [Dopamine Re-Edit],02:49,569644083,2022,Collaboration
4cGqn0E8JCSY9gQllQj4Mf,Let Somebody Go,"Coldplay,Selena Gomez",pop,Pop,Music Of The Spheres,04:01,27786158,2021,Collaboration
4cSSL3YafYjM3yjgFO1vJg,Walk Em Down (feat. Roddy Ricch),"NLE Choppa,Roddy Ricch",melodic rap,Hip Hop,Walk Em Down (feat. Roddy Ricch),02:53,150765274,2020,Collaboration
4cWrKV5SN7AknqPy4ryBDG,Casa Mia,Ghali,italian trap,Hip Hop,Casa Mia,03:30,10150831,2024,Solo
4cacyP5c3PMlfnyjpg13xW,Betty (Get Money),Yung Gravy,meme rap,Hip Hop,Betty (Get Money),02:26,112438852,2022,Solo
4cawYWrqMRz0T0hOIVxk6j,Blackberry Sky,Eno,german hip hop,Hip Hop,Blackberry Sky,02:36,11200401,2019,Solo
4cbdPT6uaBOgOQe3fLMofl,Power is Power (feat. The Weeknd & Travis Scott),"SZA,The Weeknd,Travis Scott,Game of Thrones","r&b, rap, ",R&B,For The Throne (Music Inspired by the HBO Series Game of Thrones),03:31,20823190,2019,Collaboration
4cktbXiXOapiLBMprHFErI,Memories,Maroon 5,pop,Pop,JORDI (Deluxe),03:09,221904636,2021,Solo
4cktbXiXOapiLBMprHFErI,Memories,Maroon 5,pop,Pop,JORDI (Deluxe),03:09,221904636,2022,Solo
4cktbXiXOapiLBMprHFErI,Memories,Maroon 5,pop,Pop,JORDI (Deluxe),03:09,221904636,2023,Solo
4ckuS4Nj4FZ7i3Def3Br8W,Sneakin’,"Drake,21 Savage","rap, hip hop, ",Hip Hop,Sneakin’,04:11,47059379,2017,Collaboration
4cuGZb0iFyHtwaSKdKrJkF,Imposible,"Luis Fonsi,Ozuna","latin, reggaeton, trap latino, urbano latino",Latin,VIDA,02:44,54049851,2019,Collaboration
4d4ZXH4dr5bYfgErHiZCX2,Dos Mil 16,Bad Bunny,"reggaeton, trap latino, latin, urbano latino",Latin,Un Verano Sin Ti,03:28,200015120,2022,Solo
4dASQiO1Eoo3RJvt74FtXB,"Sucker for Pain (with Wiz Khalifa, Imagine Dragons, Logic & Ty Dolla $ign feat. X Ambassadors)","Lil Wayne,Wiz Khalifa,Imagine Dragons,X Ambassadors,Logic,Ty Dolla $ign","rap, hip hop, ",Hip Hop,Sucker for Pain (with Logic & Ty Dolla $ign feat. X Ambassadors),04:03,82334201,2017,Collaboration
4dLLdfiniBhDP9dlJQIOi4,"Perdonarte, ¿Para Qué?","Los Ángeles Azules,Emilia","cumbia, cumbia sonidera, salsa, argentine trap",Hip Hop,"Perdonarte, ¿Para Qué?",03:13,16024779,2024,Collaboration
4dSoDnmR9opAQ8KxUc9SbC,Mad Love,"Sean Paul,David Guetta,Becky G","dancehall, edm, dance, reggaeton, latin",Electronic,Mad Love The Prequel,03:19,29379149,2018,Collaboration
4dVpf9jZjcORqGTLUaeYj9,Plain Jane,A$AP Ferg,rap,Hip Hop,Still Striving,02:53,208290695,2017,Solo
4dVpf9jZjcORqGTLUaeYj9,Plain Jane,A$AP Ferg,rap,Hip Hop,Still Striving,02:53,208290695,2018,Solo
4daEMLSZCgZ2Mt7gNm2SRa,Flooded The Face,Lil Uzi Vert,melodic rap,Hip Hop,Pink Tape,03:12,35888334,2023,Solo
4dyrqiXUcK29hzrL2elqO3,Like It Is,"Kygo,Zara Larsson,Tyga","tropical house, ",Electronic,Golden Hour,03:03,16510746,2020,Collaboration
4e0FYxSROat25pH16zMTZI,Love Me,Lil Tecca,"melodic rap, rap",Hip Hop,We Love You Tecca,01:57,23136862,2019,Solo
4e3ZNTAV6PCrdYMUrUlMpQ,Electric Touch (feat. Fall Out Boy) (Taylor’s Version) (From The Vault),"Taylor Swift,Fall Out Boy","emo, pop punk, emo pop",Rock,Speak Now (Taylor's Version),04:26,32948500,2023,Collaboration
4e4fqjx0Izh4svvTef1z7e,Meant to Be (feat. Florida Georgia Line),"Bebe Rexha,Florida Georgia Line","country, pop country, acoustic country",Country,Expectations,02:44,243258240,2018,Collaboration
4e4fqjx0Izh4svvTef1z7e,Meant to Be (feat. Florida Georgia Line),"Bebe Rexha,Florida Georgia Line","country, pop country, acoustic country",Country,Expectations,02:44,243258240,2019,Collaboration
4eBvRhTJ2AcxCsbfTUjoRp,Cheques,Shubh,"punjabi hip hop, punjabi pop, desi hip hop, desi, hindi hip hop, bhangra",Traditional music,Still Rollin,03:03,163188442,2023,Solo
4eMKD8MRroxCqugpsxCCNb,MOJABI GHOST,"Tainy,Bad Bunny","reggaeton, trap latino, latin, urbano latino",Latin,DATA,03:52,404865618,2023,Collaboration
4eNOLmx8r2IJAVKvBBL1jv,Headshot (feat. Polo G & Fivio Foreign),"Lil Tjay,Polo G,Fivio Foreign","brooklyn drill, melodic rap, new york drill, drill, uk drill",Hip Hop,Destined 2 Win,02:24,48114352,2021,Collaboration
4eWQlBRaTjPPUlzacqEeoQ,Never Be the Same,Camila Cabello,pop,Pop,Camila,03:46,304122017,2018,Solo
4ea9w8c4ROqiZpJVhfBA3m,Hot (Remix) [feat. Gunna and Travis Scott],"Young Thug,Travis Scott,Gunna","rap, melodic rap, trap",Hip Hop,So Much Fun (Deluxe),04:39,41079364,2019,Collaboration
4ea9w8c4ROqiZpJVhfBA3m,Hot (Remix) [feat. Gunna and Travis Scott],"Young Thug,Travis Scott,Gunna","rap, melodic rap, trap",Hip Hop,So Much Fun (Deluxe),04:39,41079364,2020,Collaboration
4ecVWqbtW6phQGpZMAyqIU,Not Shy,ITZY,k-pop,Pop,Not Shy,02:57,21591858,2020,Solo
4edS9dC0JPBlSS4p4gMOT0,This Feeling (feat. Kelsea Ballerini),"The Chainsmokers,Kelsea Ballerini",country,Country,Sick Boy...Siren,03:19,22148189,2018,Collaboration
4evmHXcjt3bTUHD1cvny97,Beautiful People (feat. Khalid),"Ed Sheeran,Khalid","soft pop, ",Pop,Beautiful People (feat. Khalid),03:17,61698926,2019,Collaboration
4f0aDk7HX37SfzerfznYlr,Lapada Dela - Ao Vivo,"Grupo Menos É Mais,Matheus Fernandes","pagode, samba, piseiro, sertanejo, forró, arrocha, sertanejo universitário",Country,Confia (Ao Vivo),02:39,39629903,2023,Collaboration
4f0aDk7HX37SfzerfznYlr,Lapada Dela - Ao Vivo,"Grupo Menos É Mais,Matheus Fernandes","pagode, samba, piseiro, sertanejo, forró, arrocha, sertanejo universitário",Country,Confia (Ao Vivo),02:39,39629903,2024,Collaboration
4f2GB5ZC7vOUYPAg69N2Xw,September,"Earth, Wind & Fire",disco,R&B,"Now, Then & Forever",03:41,33789100,2019,Collaboration
4f2GB5ZC7vOUYPAg69N2Xw,September,"Earth, Wind & Fire",disco,R&B,"Now, Then & Forever",03:41,33789100,2020,Collaboration
4f2GB5ZC7vOUYPAg69N2Xw,September,"Earth, Wind & Fire",disco,R&B,"Now, Then & Forever",03:41,33789100,2021,Collaboration
4f2GB5ZC7vOUYPAg69N2Xw,September,"Earth, Wind & Fire",disco,R&B,"Now, Then & Forever",03:41,33789100,2022,Collaboration
4f2GB5ZC7vOUYPAg69N2Xw,September,"Earth, Wind & Fire",disco,R&B,"Now, Then & Forever",03:41,33789100,2023,Collaboration
4fSHADbZbhpZCT9oJpxwbP,Ameaça,"Paulo Pires,Mc Danny,Marcynho Sensação","piseiro, forró, arrocha, sertanejo, brega funk, brega, funk",Country,Ameaça,03:08,47098538,2021,Collaboration
4fSHADbZbhpZCT9oJpxwbP,Ameaça,"Paulo Pires,Mc Danny,Marcynho Sensação","piseiro, forró, arrocha, sertanejo, brega funk, brega, funk",Country,Ameaça,03:08,47098538,2022,Collaboration
4fSIb4hdOQ151TILNsSEaF,Todo De Ti,Rauw Alejandro,"reggaeton, urbano latino, trap latino, latin",Latin,Todo De Ti,03:19,188282254,2021,Solo
4fYte8ZvTK14NEhAOZocBi,I Ain't Worried,OneRepublic,soft pop,Pop,OneRepublic (Japan Paradise Tour Edition),02:28,1542330479,2023,Solo
4fYte8ZvTK14NEhAOZocBi,I Ain't Worried,OneRepublic,soft pop,Pop,OneRepublic (Japan Paradise Tour Edition),02:28,1542330479,2024,Solo
4fj7e6Tc48Bmomwyz2Z2XC,Te Quemaste,"Manuel Turizo,Anuel AA","reggaeton, latin, colombian pop, trap latino, urbano latino",Pop,ADN,03:19,57287205,2019,Collaboration
4fnNBPN9W6AoOYSQS3FJxT,Notice Me,SZA,r&b,R&B,SOS,02:40,12169328,2022,Solo
4fndbjoz1qJyK6JcLdKfzm,Stir Fry,Migos,trap,Hip Hop,Stir Fry,03:12,23893138,2017,Solo
4fndbjoz1qJyK6JcLdKfzm,Stir Fry,Migos,trap,Hip Hop,Stir Fry,03:12,23893138,2018,Solo
4fsQ0K37TOXa3hEQfjEic1,ANTIFRAGILE,LE SSERAFIM,k-pop,Pop,ANTIFRAGILE,03:04,259341859,2022,Solo
4fsQ0K37TOXa3hEQfjEic1,ANTIFRAGILE,LE SSERAFIM,k-pop,Pop,ANTIFRAGILE,03:04,259341859,2023,Solo
4fwo6czG5nvOQMzhOto1ya,Lonely,"Diplo,Jonas Brothers","moombahton, ",Electronic,Lonely,02:19,44787533,2019,Collaboration
4g32MdRoqwGKQd3NXIRhpU,Good Guy (feat. Jessie Reyez),"Eminem,Jessie Reyez","rap, hip hop, ",Hip Hop,Kamikaze,02:22,22729458,2018,Collaboration
4gbVRS8gloEluzf0GzDOFc,Maps,Maroon 5,pop,Pop,V,03:09,217092264,2023,Solo
4gbVRS8gloEluzf0GzDOFc,Maps,Maroon 5,pop,Pop,V,03:09,217092264,2024,Solo
4guBZjUyrGoHsTahO3IHdj,Did It Again,Lil Tecca,"melodic rap, rap",Hip Hop,We Love You Tecca,01:56,30023639,2019,Solo
4gvrJnKCKIPiacNsWVQwEU,love nwantiti (feat. Dj Yo! & AX'EL) - Remix,"CKay,Dj Yo!,AX'EL","afrobeats, afrobeat, afropop, ",Traditional music,love nwantiti (feat. Dj Yo! & AX'EL) [Remix],03:08,326585349,2021,Collaboration
4gvrJnKCKIPiacNsWVQwEU,love nwantiti (feat. Dj Yo! & AX'EL) - Remix,"CKay,Dj Yo!,AX'EL","afrobeats, afrobeat, afropop, ",Traditional music,love nwantiti (feat. Dj Yo! & AX'EL) [Remix],03:08,326585349,2022,Collaboration
4gxEY3Mh5FZZDAJAKPNrCS,CRAZY,LE SSERAFIM,k-pop,Pop,CRAZY (Party Remixes 1),02:44,71544366,2024,Solo
4gzsuuZypVbxs0Af1LSZyB,Lo Siento BB:/ (with Bad Bunny & Julieta Venegas),"Tainy,Bad Bunny,Julieta Venegas","reggaeton, trap latino, latin, urbano latino, latin pop, latin rock",Latin,Lo Siento BB:/ (with Bad Bunny & Julieta Venegas),03:27,578952205,2021,Collaboration
4gzsuuZypVbxs0Af1LSZyB,Lo Siento BB:/ (with Bad Bunny & Julieta Venegas),"Tainy,Bad Bunny,Julieta Venegas","reggaeton, trap latino, latin, urbano latino, latin pop, latin rock",Latin,Lo Siento BB:/ (with Bad Bunny & Julieta Venegas),03:27,578952205,2022,Collaboration
4h5N4KyWZMtpeH9vhXSXjd,Life's A Mess (feat. Halsey),"Juice WRLD,Halsey","melodic rap, emo rap, ",Hip Hop,Legends Never Die,03:22,52069841,2020,Collaboration
4h5x3XHLVYFJaItKuO2rhy,Ghost in the Machine (feat. Phoebe Bridgers),"SZA,Phoebe Bridgers","r&b, ",R&B,SOS,03:38,19919537,2022,Collaboration
4h8VwCb1MTGoLKueQ1WgbD,Wake Me Up,Avicii,edm,Electronic,True,04:07,65223751,2018,Solo
4h8VwCb1MTGoLKueQ1WgbD,Wake Me Up,Avicii,edm,Electronic,True,04:07,65223751,2019,Solo
4h8VwCb1MTGoLKueQ1WgbD,Wake Me Up,Avicii,edm,Electronic,True,04:07,65223751,2020,Solo
4h90qkbnW1Qq6pBhoPvwko,Sidewalks,"The Weeknd,Kendrick Lamar","hip hop, west coast hip hop",Hip Hop,Starboy,03:51,23505597,2017,Collaboration
4h9wh7iOZ0GGn8QVp4RAOB,I Ain't Worried,OneRepublic,soft pop,Pop,I Ain’t Worried (Music From The Motion Picture  Top Gun: Maverick ),02:28,834364760,2022,Solo
4h9wh7iOZ0GGn8QVp4RAOB,I Ain't Worried,OneRepublic,soft pop,Pop,I Ain’t Worried (Music From The Motion Picture  Top Gun: Maverick ),02:28,834364760,2023,Solo
4hJhHbkhZFnxmWbAkZRoe0,Peru,"Fireboy DML,Ed Sheeran","afrobeats, afrobeat, afropop, afropiano, afroswing, afro soul, soft pop",R&B,Peru,03:07,47390871,2021,Collaboration
4hJhHbkhZFnxmWbAkZRoe0,Peru,"Fireboy DML,Ed Sheeran","afrobeats, afrobeat, afropop, afropiano, afroswing, afro soul, soft pop",R&B,Peru,03:07,47390871,2022,Collaboration
4hKLzFvNwHF6dPosGT30ed,Novo Balanço,"Veigh,Bvga Beatz,Prod Malax,Supernova Ent","brazilian trap, trap, trap funk, brazilian hip hop",Hip Hop,Dos Prédios Deluxe,02:20,209460456,2023,Collaboration
4hKWUzhQWsOkgT6LnDEASe,Was du Liebe nennst,Bausa,german hip hop,Hip Hop,Was Du Liebe nennst,03:23,42537253,2017,Solo
4hNouIhwvI8FKeEMeWEvbg,Winter Wonderland,Michael Bublé,christmas,Jazz,Christmas (Deluxe Special Edition),02:30,12171517,2024,Solo
4hPpVbbakQNv8YTHYaOJP4,One Thing Right,"Marshmello,Kane Brown","edm, country, pop country",Country,One Thing Right,03:01,185504454,2019,Collaboration
4hPpVbbakQNv8YTHYaOJP4,One Thing Right,"Marshmello,Kane Brown","edm, country, pop country",Country,One Thing Right,03:01,185504454,2020,Collaboration
4hQ6UGyWQIGJmHSo0J88JW,Back To You - From 13 Reasons Why – Season 2 Soundtrack,Selena Gomez,pop,Pop,Back To You (From 13 Reasons Why – Season 2 Soundtrack),03:27,247804849,2018,Solo
4hQ6UGyWQIGJmHSo0J88JW,Back To You - From 13 Reasons Why – Season 2 Soundtrack,Selena Gomez,pop,Pop,Back To You (From 13 Reasons Why – Season 2 Soundtrack),03:27,247804849,2019,Solo
4hSJUp6k7QeHLxU32MrLIU,Ohne Dich,"KASIMIR1441,badmómzjay,WILDBWOYS",german hip hop,Hip Hop,Ohne Dich,02:05,21031449,2021,Collaboration
4hceSKjrkDTO0nMKFcb3sj,"Villano Antillano: Bzrp Music Sessions, Vol. 51","Bizarrap,Villano Antillano","argentine trap, trap latino, urbano latino, neoperreo",Hip Hop,"Villano Antillano: Bzrp Music Sessions, Vol. 51",03:07,125428305,2022,Collaboration
4hnzXzE7JiU5QAZFF9OUsI,What Christmas Means to Me (feat. Stevie Wonder),"John Legend,Stevie Wonder","soft pop, neo soul, motown, soul",R&B,A Legendary Christmas,02:40,14456776,2022,Collaboration
4hnzXzE7JiU5QAZFF9OUsI,What Christmas Means to Me (feat. Stevie Wonder),"John Legend,Stevie Wonder","soft pop, neo soul, motown, soul",R&B,A Legendary Christmas,02:40,14456776,2023,Collaboration
4hnzXzE7JiU5QAZFF9OUsI,What Christmas Means to Me (feat. Stevie Wonder),"John Legend,Stevie Wonder","soft pop, neo soul, motown, soul",R&B,A Legendary Christmas,02:40,14456776,2024,Collaboration
4huBDGP4I3S0pYI0EaRN1c,City of Gods,"Fivio Foreign,Kanye West,Alicia Keys","brooklyn drill, new york drill, drill, uk drill, rap, r&b, neo soul",Hip Hop,City of Gods,04:16,22636945,2022,Collaboration
4hy7qTxsnyZUZoqo5RtaYq,Eyes Closed,Ed Sheeran,soft pop,Pop,Eyes Closed (Piano Version),03:14,146973328,2023,Solo
4iJyoBOLtHqaGxP12qzhQI,Peaches (feat. Daniel Caesar & Giveon),"Justin Bieber,Daniel Caesar,GIVĒON",r&b,R&B,Justice,03:18,1208278824,2021,Collaboration
4iJyoBOLtHqaGxP12qzhQI,Peaches (feat. Daniel Caesar & Giveon),"Justin Bieber,Daniel Caesar,GIVĒON",r&b,R&B,Justice,03:18,1208278824,2022,Collaboration
4iLqG9SeJSnt0cSPICSjxv,Attention,Charlie Puth,"soft pop, pop",Pop,Attention,03:31,667550530,2017,Solo
4iLqG9SeJSnt0cSPICSjxv,Attention,Charlie Puth,"soft pop, pop",Pop,Attention,03:31,667550530,2018,Solo
4iYRa2btalAzPZoSYfROqF,XXX. FEAT. U2.,"Kendrick Lamar,U2","hip hop, west coast hip hop, rock",Hip Hop,DAMN.,04:14,45351616,2017,Collaboration
4iZ4pt7kvcaH6Yo8UoZ4s2,Snooze,SZA,r&b,R&B,SOS,03:21,1883531538,2022,Solo
4iZ4pt7kvcaH6Yo8UoZ4s2,Snooze,SZA,r&b,R&B,SOS,03:21,1883531538,2023,Solo
4iZ4pt7kvcaH6Yo8UoZ4s2,Snooze,SZA,r&b,R&B,SOS,03:21,1883531538,2024,Solo
4iiWcajF1fEUpwcUewc464,"Life Is Good (feat. Drake, DaBaby & Lil Baby) - Remix","Future,DaBaby,Drake,Lil Baby","rap, hip hop, ",Hip Hop,"Life Is Good (feat. Drake, DaBaby & Lil Baby) [Remix]",05:15,12752557,2020,Collaboration
4ilZV1WNjL7IxwE81OnaRY,Gatita,Bellakath,"reggaeton mexa, reggaeton, neoperreo",Electronic,Gatita,02:33,69490011,2022,Solo
4ilZV1WNjL7IxwE81OnaRY,Gatita,Bellakath,"reggaeton mexa, reggaeton, neoperreo",Electronic,Gatita,02:33,69490011,2023,Solo
4j1k2svbEPhcsMqYZYL8jN,LAGUNAS,"Peso Pluma,Jasiel Nuñez","corrido, corridos tumbados, corridos bélicos, música mexicana, sad sierreño, electro corridos, banda",Latin,GÉNESIS,03:51,12193904,2023,Collaboration
4j3iq13kHs5PB94jdTp3Y3,ADMV,Maluma,"reggaeton, latin, urbano latino",Latin,PAPI JUANCHO,03:13,14962473,2020,Solo
4j4w4CXm6BSr0s25wAWrrX,Bichiyal,"Bad Bunny,Yaviah","reggaeton, trap latino, latin, urbano latino",Latin,YHLQMDLG,03:16,39834543,2020,Collaboration
4jPy3l0RUwlUI9T5XHBW2m,Mood (feat. iann dior),"24kGoldn,iann dior",melodic rap,Hip Hop,El Dorado,02:20,508419050,2021,Collaboration
4jPy3l0RUwlUI9T5XHBW2m,Mood (feat. iann dior),"24kGoldn,iann dior",melodic rap,Hip Hop,El Dorado,02:20,508419050,2022,Collaboration
4jVBIpuOiMj1crqd8LoCrJ,FRANCHISE (feat. Young Thug & M.I.A.),"Travis Scott,Young Thug,M.I.A.","rap, melodic rap, trap, ",Hip Hop,FRANCHISE (feat. Young Thug & M.I.A.),03:22,52573445,2020,Collaboration
4jcxBTrNvyqMJdMDyyjdYV,Dime Cómo Quieres,"Christian Nodal,Ángela Aguilar","banda, ranchera, mariachi, norteño, música mexicana, grupera",Latin,AYAYAY! (Súper Deluxe),02:51,11027241,2020,Collaboration
4jvjzW7Hm0yK4LvvE0Paz9,Falling Down - Bonus Track,"Lil Peep,XXXTENTACION","emo rap, cloud rap",Hip Hop,"Come Over When You're Sober, Pt. 2",03:16,134285661,2018,Collaboration
4jvjzW7Hm0yK4LvvE0Paz9,Falling Down - Bonus Track,"Lil Peep,XXXTENTACION","emo rap, cloud rap",Hip Hop,"Come Over When You're Sober, Pt. 2",03:16,134285661,2019,Collaboration
4jvjzW7Hm0yK4LvvE0Paz9,Falling Down - Bonus Track,"Lil Peep,XXXTENTACION","emo rap, cloud rap",Hip Hop,"Come Over When You're Sober, Pt. 2",03:16,134285661,2024,Collaboration
4k7CNPArKLf4QuvGfMeHDk,Un Cigarrillo,Chencho Corleone,reggaeton,Latin,Un Cigarrillo,03:04,19813784,2023,Solo
4kELKaXaNP4EQR8Q8xNIID,FEEL ME??,Trueno,argentine trap,Hip Hop,FEEL ME??,03:07,17875589,2021,Solo
4kGdnA7FzSVsXC29LPghej,Revoada No Colchão,"Zé Felipe,Marcynho Sensação","piseiro, sertanejo, arrocha, agronejo, forró, sertanejo universitário, brega",Country,Revoada No Colchão,02:33,34482563,2021,Collaboration
4kGdnA7FzSVsXC29LPghej,Revoada No Colchão,"Zé Felipe,Marcynho Sensação","piseiro, sertanejo, arrocha, agronejo, forró, sertanejo universitário, brega",Country,Revoada No Colchão,02:33,34482563,2022,Collaboration
4kKdvXD0ez7jp1296JmAts,Let It Snow! Let It Snow! Let It Snow! (with The B. Swanson Quartet),"Frank Sinatra,B. Swanson Quartet","christmas, big band, adult standards, swing music, vocal jazz, jazz, ",Easy listening,Christmas Songs by Sinatra,02:35,410938902,2019,Collaboration
4kKdvXD0ez7jp1296JmAts,Let It Snow! Let It Snow! Let It Snow! (with The B. Swanson Quartet),"Frank Sinatra,B. Swanson Quartet","christmas, big band, adult standards, swing music, vocal jazz, jazz, ",Easy listening,Christmas Songs by Sinatra,02:35,410938902,2020,Collaboration
4kKdvXD0ez7jp1296JmAts,Let It Snow! Let It Snow! Let It Snow! (with The B. Swanson Quartet),"Frank Sinatra,B. Swanson Quartet","christmas, big band, adult standards, swing music, vocal jazz, jazz, ",Easy listening,Christmas Songs by Sinatra,02:35,410938902,2021,Collaboration
4kKdvXD0ez7jp1296JmAts,Let It Snow! Let It Snow! Let It Snow! (with The B. Swanson Quartet),"Frank Sinatra,B. Swanson Quartet","christmas, big band, adult standards, swing music, vocal jazz, jazz, ",Easy listening,Christmas Songs by Sinatra,02:35,410938902,2022,Collaboration
4kKdvXD0ez7jp1296JmAts,Let It Snow! Let It Snow! Let It Snow! (with The B. Swanson Quartet),"Frank Sinatra,B. Swanson Quartet","christmas, big band, adult standards, swing music, vocal jazz, jazz, ",Easy listening,Christmas Songs by Sinatra,02:35,410938902,2023,Collaboration
4kRLRWnn5u9wO2wOKAAdEN,Automotivo Bibi Fogosa,"Bibi Babydoll,Dj Brunin XM,KZA Produções",phonk,Hip Hop,Automotivo Bibi Fogosa,02:09,199601410,2023,Collaboration
4kV4N9D1iKVxx1KLvtTpjS,"break up with your girlfriend, i'm bored",Ariana Grande,pop,Pop,"thank u, next",03:10,437732762,2019,Solo
4kWO6O1BUXcZmaxitpVUwp,Jackie Chan,"Tiësto,Dzeko,Preme,Post Malone","edm, trance, big room, house, dance, ",Electronic,Jackie Chan,03:35,396140498,2018,Collaboration
4kWO6O1BUXcZmaxitpVUwp,Jackie Chan,"Tiësto,Dzeko,Preme,Post Malone","edm, trance, big room, house, dance, ",Electronic,Jackie Chan,03:35,396140498,2019,Collaboration
4kXxEhuatrvwrTQycA7s9B,BIZCOCHITO,ROSALÍA,latin,Latin,MOTOMAMI,01:49,18310047,2022,Solo
4keoy2fqgwGnbWlm3ZVZFa,Happy Now,"Zedd,Elley Duhé","edm, ",Electronic,Happy Now,03:27,167310317,2018,Collaboration
4keoy2fqgwGnbWlm3ZVZFa,Happy Now,"Zedd,Elley Duhé","edm, ",Electronic,Happy Now,03:27,167310317,2019,Collaboration
4kfeRwpq5KUaqTkgi4TbDF,Solitaires (feat. Travis Scott),"Future,Travis Scott",rap,Hip Hop,High Off Life,03:25,25076395,2020,Collaboration
4kfm1uI9QGaoN9qm6CkAMn,What I've Done,Linkin Park,"nu metal, rap metal, rock, alternative metal",Metal,Minutes to Midnight,03:25,11224234,2017,Solo
4kjI1gwQZRKNDkw1nI475M,MY EYES,Travis Scott,rap,Hip Hop,UTOPIA,04:11,315458107,2023,Solo
4kjI1gwQZRKNDkw1nI475M,MY EYES,Travis Scott,rap,Hip Hop,UTOPIA,04:11,315458107,2024,Solo
4knL4iPxPOZjQzTUlELGSY,Rake It Up (feat. Nicki Minaj),"Yo Gotti,Nicki Minaj","memphis rap, southern hip hop, ",Hip Hop,I Still Am,04:36,23981172,2017,Collaboration
4knL4iPxPOZjQzTUlELGSY,Rake It Up (feat. Nicki Minaj),"Yo Gotti,Nicki Minaj","memphis rap, southern hip hop, ",Hip Hop,I Still Am,04:36,23981172,2018,Collaboration
4knc1Fp3kbuq8bH2byOvLu,Índigo,"Camilo,Evaluna Montaner","colombian pop, ",Pop,Índigo,03:34,60791531,2021,Collaboration
4l0Mvzj72xxOpRrp6h8nHi,Lose You To Love Me,Selena Gomez,pop,Pop,Rare,03:26,213533239,2020,Solo
4lD7gHKF1e8Y9stQuVezZB,ghostin,Ariana Grande,pop,Pop,"thank u, next",04:31,43513294,2019,Solo
4lESS6vuruP6a79KWRaQou,Corazón (feat. Nego do Borel),"Maluma,Nego do Borel","reggaeton, latin, urbano latino, funk, funk pop, brazilian funk, funk carioca, brazilian pop",Hip Hop,Corazón (feat. Nego do Borel),03:04,261298596,2017,Collaboration
4lESS6vuruP6a79KWRaQou,Corazón (feat. Nego do Borel),"Maluma,Nego do Borel","reggaeton, latin, urbano latino, funk, funk pop, brazilian funk, funk carioca, brazilian pop",Hip Hop,Corazón (feat. Nego do Borel),03:04,261298596,2018,Collaboration
4lKuzrdZrJuCAedbIslF3A,SENTADÃO,"PEDRO SAMPAIO,Felipe Original,JS o Mão de Ouro","funk, funk pop, brazilian funk, funk carioca, brega funk, brazilian pop, brega",Hip Hop,SENTADÃO,02:23,21102492,2019,Collaboration
4lKuzrdZrJuCAedbIslF3A,SENTADÃO,"PEDRO SAMPAIO,Felipe Original,JS o Mão de Ouro","funk, funk pop, brazilian funk, funk carioca, brega funk, brazilian pop, brega",Hip Hop,SENTADÃO,02:23,21102492,2020,Collaboration
4lMOQR1rRW5hJgJXOtKraL,Relación,Sech,"reggaeton, urbano latino",Latin,Relación,03:04,12657790,2020,Solo
4lR8sYGMGZPvthF2yUfo7T,Smart,LE SSERAFIM,k-pop,Pop,EASY,02:46,47964159,2024,Solo
4lUnFLtn8w3W76FiYDRzmO,Wait,Maroon 5,pop,Pop,Red Pill Blues (Deluxe),03:10,20992356,2017,Solo
4lUnFLtn8w3W76FiYDRzmO,Wait,Maroon 5,pop,Pop,Red Pill Blues (Deluxe),03:10,20992356,2018,Solo
4laAKIq9ZxBCwf99rauPYb,Remember,"Becky Hill,David Guetta","edm, dance",Electronic,Remember,02:40,18608048,2021,Collaboration
4llr8mcoauwrHBtjGb7F9S,Tipo Gin - Ao Vivo,MC Kevin o Chris,"funk, funk carioca, brazilian funk, brega funk",Hip Hop,Todo Mundo Ama O Chris (Ao Vivo),02:39,31516193,2021,Solo
4loIMejzvt11s97SGVEat8,Poco A Poco,"Xavi,Los Dareyes De La Sierra","corridos tumbados, corrido, corridos bélicos, sad sierreño, música mexicana, banda, electro corridos, sierreño",Latin,Poco A Poco,02:36,163827820,2023,Collaboration
4loIMejzvt11s97SGVEat8,Poco A Poco,"Xavi,Los Dareyes De La Sierra","corridos tumbados, corrido, corridos bélicos, sad sierreño, música mexicana, banda, electro corridos, sierreño",Latin,Poco A Poco,02:36,163827820,2024,Collaboration
4loQgPwJHocL3dFwLfjb1J,Reloj,"Rauw Alejandro,Anuel AA","reggaeton, urbano latino, trap latino, latin",Latin,Afrodisíaco,03:51,307990721,2020,Collaboration
4loQgPwJHocL3dFwLfjb1J,Reloj,"Rauw Alejandro,Anuel AA","reggaeton, urbano latino, trap latino, latin",Latin,Afrodisíaco,03:51,307990721,2021,Collaboration
4lzxJ4jCuFDXXGkE1LmpKR,Verte Ir,"DJ Luian,Mambo Kingz,Anuel AA,Nicky Jam,Darell,Brytiago","reggaeton, trap latino, urbano latino, latin, dembow, trap",Latin,Verte Ir,04:27,266393254,2019,Collaboration
4m4BHvDfzIgj5LbQLuFiIp,CARNIVAL,"Kanye West,Ty Dolla $ign","rap, ",Hip Hop,VULTURES 1,04:24,26186290,2024,Collaboration
4mD9hjoTckjeL1CrJCx0MT,Puta Mexicana,"DJ Jeeh FDC,MC Menor MT,Yuri Redicopa,Mc Pelé","funk, brazilian funk, funk carioca, ",Hip Hop,Som das Regiões,02:42,30248930,2023,Collaboration
4mGdjNMo0RonTlOEb7cYg4,11 Minutes (with Halsey feat. Travis Barker),"YUNGBLUD,Halsey,Travis Barker",rap rock,Rock,11 Minutes (with Halsey feat. Travis Barker),03:59,39115293,2019,Collaboration
4mHM5d2fK3n8xgymjf92w2,ordinary things (feat. Nonna),"Ariana Grande,Nonna","pop, ",Pop,eternal sunshine,02:48,13199138,2024,Collaboration
4mHgYpuGHu99Mw69E83CP2,Taking A Walk,Trippie Redd,melodic rap,Hip Hop,LIFE'S A TRIP,02:01,41673316,2018,Solo
4mUIe9gfsdtsVP2zFIl74x,Maze,Juice WRLD,"melodic rap, emo rap",Hip Hop,Death Race For Love,02:24,11228502,2019,Solo
4mxWSdf71VFO52qFeY0fZt,What Lovers Do (feat. SZA),"Maroon 5,SZA","pop, r&b",Pop,What Lovers Do (feat. SZA),03:19,162316544,2017,Collaboration
4n6NDfYake476trCjJRNl0,1 0 0 . m i l ‘ (with Bas),"J. Cole,Bas","rap, ",Hip Hop,The Off-Season,02:43,16958251,2021,Collaboration
4n7jnSxVLd8QioibtTDBDq,On My Way,"Alan Walker,Sabrina Carpenter,Farruko","reggaeton, trap latino, latin",Latin,On My Way,03:13,158069872,2019,Collaboration
4nK5YrxbMGZstTLbvj6Gxw,Supalonely,"BENEE,Gus Dapperton",bedroom pop,Pop,STELLA & STEVE,03:43,426411918,2020,Collaboration
4nTduFjaTmGysc9WKNuCcs,Vida de Rico,Camilo,colombian pop,Pop,Mis Manos,03:04,17317782,2021,Solo
4nc6XiUze2Yh7wFueGOPv7,Chaleya (From  Jawan ),"Anirudh Ravichander,Arijit Singh,Shilpa Rao,Kumaar","kollywood, tamil pop, tamil dance, tollywood, tamil hip hop, telugu pop, hindi pop, bollywood, desi, bangla pop, desi pop",Pop,Chaleya (From  Jawan ),03:20,21349552,2023,Collaboration
4nrPB8O7Y7wsOCJdgXkthe,"Shakira: Bzrp Music Sessions, Vol. 53","Bizarrap,Shakira","argentine trap, trap latino, urbano latino, latin pop, latin",Hip Hop,"Shakira: Bzrp Music Sessions, Vol. 53",03:34,1479752138,2023,Collaboration
4o6v3Oooyt7HF20idztRD4,Bombonzinho - Ao Vivo,"Israel & Rodolffo,Ana Castela","sertanejo, sertanejo universitário, piseiro, agronejo, arrocha",Country,Bombonzinho (Ao Vivo),02:34,185954751,2022,Collaboration
4o6v3Oooyt7HF20idztRD4,Bombonzinho - Ao Vivo,"Israel & Rodolffo,Ana Castela","sertanejo, sertanejo universitário, piseiro, agronejo, arrocha",Country,Bombonzinho (Ao Vivo),02:34,185954751,2023,Collaboration
4ofvoCdXq99vpMZO4Cfp8x,Pray For Me (with Kendrick Lamar),"The Weeknd,Kendrick Lamar","hip hop, west coast hip hop",Hip Hop,Pray For Me (with Kendrick Lamar),03:31,214067478,2018,Collaboration
4okba5wu9mMLXx79DXLKi3,La Rompe Corazones,"Daddy Yankee,Ozuna","reggaeton, latin, trap latino, urbano latino",Latin,La Rompe Corazones,03:24,199171111,2017,Collaboration
4p7DTkyrKqT98xlIwYYfXz,Running Wild,Jin,k-pop,Pop,Happy,02:31,14100535,2024,Solo
4pCEIQ6wBVuaJdER5bALtO,That's a Rack,Lil Uzi Vert,melodic rap,Hip Hop,That's a Rack,03:56,20982159,2019,Solo
4pCbJC43j3gSqG6Fen6upD,Hey Driver (feat. The War and Treaty),"Zach Bryan,The War And Treaty","country, red dirt, ",Country,Zach Bryan,03:47,50191966,2023,Collaboration
4pLwZjInHj3SimIyN9SnOz,Side To Side,"Ariana Grande,Nicki Minaj","pop, ",Pop,Dangerous Woman,03:46,222782275,2017,Collaboration
4pOGEJRVOuaa9oyy7qTGf6,Fui Mlk,"Nilo,Mc Paiva ZS,DJ Di Marques,FamousKyo","funk, funk consciente, trap funk, brazilian funk, funk carioca, brazilian trap",Hip Hop,Fui Mlk,02:54,18287279,2024,Collaboration
4pUCKHjJ4Ijewc37rRrvHn,Kill This Love,BLACKPINK,k-pop,Pop,KILL THIS LOVE,03:09,173136859,2019,Solo
4pUCKHjJ4Ijewc37rRrvHn,Kill This Love,BLACKPINK,k-pop,Pop,KILL THIS LOVE,03:09,173136859,2020,Solo
4pWsXhLUdtBKlw9npIXZAl,Halls na Língua,Kadu Martins,"piseiro, forró, arrocha, funk de bh, funk",Country,Halls na Língua,03:12,13953156,2023,Solo
4pXW6ZAHBz7ODXTRKklWrM,Mamichula - con Nicki Nicole,"Trueno,Nicki Nicole,Bizarrap,Taiu,TATOOL","argentine trap, trap latino, urbano latino",Hip Hop,Atrevido,03:39,119495278,2020,Collaboration
4pYZLpX23Vx8rwDpJCpPTA,New Freezer (feat. Kendrick Lamar),"Rich The Kid,Kendrick Lamar","trap, hip hop, west coast hip hop",Hip Hop,New Freezer (feat. Kendrick Lamar),03:13,62056039,2017,Collaboration
4pYZLpX23Vx8rwDpJCpPTA,New Freezer (feat. Kendrick Lamar),"Rich The Kid,Kendrick Lamar","trap, hip hop, west coast hip hop",Hip Hop,New Freezer (feat. Kendrick Lamar),03:13,62056039,2018,Collaboration
4pbJqGIASGPr0ZpGpnWkDn,We Will Rock You - Remastered 2011,Queen,"classic rock, rock, glam rock",Rock,News Of The World (2011 Remaster),02:02,114129182,2018,Solo
4pbJqGIASGPr0ZpGpnWkDn,We Will Rock You - Remastered 2011,Queen,"classic rock, rock, glam rock",Rock,News Of The World (2011 Remaster),02:02,114129182,2019,Solo
4pcafPzLDSqQktqSpxHL3E,THUNDER Y LIGHTNING,"Bad Bunny,Eladio Carrion","reggaeton, trap latino, latin, urbano latino, trap",Latin,nadie sabe lo que va a pasar mañana,03:37,46329040,2023,Collaboration
4pvb0WLRcMtbPGmtejJJ6y,exile (feat. Bon Iver),"Taylor Swift,Bon Iver",indie folk,Folk/Acoustic,folklore,04:45,115039515,2020,Collaboration
4pvb0WLRcMtbPGmtejJJ6y,exile (feat. Bon Iver),"Taylor Swift,Bon Iver",indie folk,Folk/Acoustic,folklore,04:45,115039515,2021,Collaboration
4qBejt9FeqLI9blHI1Nq1x,Jingle Bells (feat. The Puppini Sisters),"Michael Bublé,The Puppini Sisters","christmas, swing music, electro swing",Jazz,Christmas,02:39,45297520,2017,Collaboration
4qBejt9FeqLI9blHI1Nq1x,Jingle Bells (feat. The Puppini Sisters),"Michael Bublé,The Puppini Sisters","christmas, swing music, electro swing",Jazz,Christmas,02:39,45297520,2018,Collaboration
4qBejt9FeqLI9blHI1Nq1x,Jingle Bells (feat. The Puppini Sisters),"Michael Bublé,The Puppini Sisters","christmas, swing music, electro swing",Jazz,Christmas,02:39,45297520,2019,Collaboration
4qBejt9FeqLI9blHI1Nq1x,Jingle Bells (feat. The Puppini Sisters),"Michael Bublé,The Puppini Sisters","christmas, swing music, electro swing",Jazz,Christmas,02:39,45297520,2020,Collaboration
4qBejt9FeqLI9blHI1Nq1x,Jingle Bells (feat. The Puppini Sisters),"Michael Bublé,The Puppini Sisters","christmas, swing music, electro swing",Jazz,Christmas,02:39,45297520,2021,Collaboration
4qBejt9FeqLI9blHI1Nq1x,Jingle Bells (feat. The Puppini Sisters),"Michael Bublé,The Puppini Sisters","christmas, swing music, electro swing",Jazz,Christmas,02:39,45297520,2022,Collaboration
4qBejt9FeqLI9blHI1Nq1x,Jingle Bells (feat. The Puppini Sisters),"Michael Bublé,The Puppini Sisters","christmas, swing music, electro swing",Jazz,Christmas,02:39,45297520,2023,Collaboration
4qKcDkK6siZ7Jp1Jb4m0aL,Look Alive (feat. Drake),"BlocBoy JB,Drake","memphis rap, rap, hip hop",Hip Hop,Look Alive (feat. Drake),03:01,547583102,2018,Collaboration
4qKcDkK6siZ7Jp1Jb4m0aL,Look Alive (feat. Drake),"BlocBoy JB,Drake","memphis rap, rap, hip hop",Hip Hop,Look Alive (feat. Drake),03:01,547583102,2019,Collaboration
4qSEvFGCpde73gqIuq3sho,HIBIKI,"Bad Bunny,Mora","reggaeton, trap latino, latin, urbano latino",Latin,nadie sabe lo que va a pasar mañana,03:28,128066262,2023,Collaboration
4qknM1pQz53QOyfDVTjcM9,Me Enamoré,Shakira,"latin pop, latin",Latin,El Dorado,03:46,137306689,2017,Solo
4qmG24ebshLXtKu9HIShBP,Lace It (with Eminem & benny blanco),"Juice WRLD,Eminem,benny blanco","melodic rap, emo rap, rap, hip hop, ",Hip Hop,Lace It (with Eminem & benny blanco),03:37,19037160,2023,Collaboration
4qsOrxBv09HhNSpsgMRXdC,Esqueça-Me Se For Capaz,"Marília Mendonça,Maiara & Maraisa","sertanejo, sertanejo universitário, arrocha, forró, piseiro",Country,Festa das Patroas 35%,02:49,97291155,2021,Collaboration
4qsOrxBv09HhNSpsgMRXdC,Esqueça-Me Se For Capaz,"Marília Mendonça,Maiara & Maraisa","sertanejo, sertanejo universitário, arrocha, forró, piseiro",Country,Festa das Patroas 35%,02:49,97291155,2022,Collaboration
4qu63nuBpdn0qHUHuObEj1,Leave Before You Love Me (with Jonas Brothers),"Marshmello,Jonas Brothers","edm, ",Electronic,Leave Before You Love Me,02:34,247220818,2021,Collaboration
4qu63nuBpdn0qHUHuObEj1,Leave Before You Love Me (with Jonas Brothers),"Marshmello,Jonas Brothers","edm, ",Electronic,Leave Before You Love Me,02:34,247220818,2022,Collaboration
4r9jkMEnArtWGH2rL2FZl0,A Tu Merced,Bad Bunny,"reggaeton, trap latino, latin, urbano latino",Latin,YHLQMDLG,02:55,196946473,2020,Solo
4r9jkMEnArtWGH2rL2FZl0,A Tu Merced,Bad Bunny,"reggaeton, trap latino, latin, urbano latino",Latin,YHLQMDLG,02:55,196946473,2021,Solo
4r9jkMEnArtWGH2rL2FZl0,A Tu Merced,Bad Bunny,"reggaeton, trap latino, latin, urbano latino",Latin,YHLQMDLG,02:55,196946473,2022,Solo
4rDbp1vnvEhieiccprPMdI,Somebody To Love - Remastered 2011,Queen,"classic rock, rock, glam rock",Rock,A Day At The Races (Deluxe Edition 2011 Remaster),04:56,51038445,2019,Solo
4rERoP56GEEjKmshbphPBK,Sleigh Ride,The Ronettes,christmas,Jazz,Julesanger - God Jul,03:01,16630205,2018,Solo
4rKQ8daoK0aklVptea8A9E,EL TONTO,"Lola Indigo,Quevedo",reggaeton,Latin,EL DRAGÓN,03:07,36651186,2023,Collaboration
4rMWDm28mERZcRPc1f3yir,Santa Claus Is Coming To Town,The Jackson 5,"motown, christmas",Jazz,Jackson Five Christmas Album,02:28,24601998,2018,Solo
4rMWDm28mERZcRPc1f3yir,Santa Claus Is Coming To Town,The Jackson 5,"motown, christmas",Jazz,Jackson Five Christmas Album,02:28,24601998,2019,Solo
4rPkN1FMzQyFNP9cLUGIIB,Love Again,Dua Lipa,pop,Pop,Future Nostalgia,04:18,154469130,2020,Solo
4rPkN1FMzQyFNP9cLUGIIB,Love Again,Dua Lipa,pop,Pop,Future Nostalgia,04:18,154469130,2021,Solo
4rPkN1FMzQyFNP9cLUGIIB,Love Again,Dua Lipa,pop,Pop,Future Nostalgia,04:18,154469130,2022,Solo
4rRIovg4TvxLUiUrpGI6lE,Merry Christmas Everyone,Shakin' Stevens,"christmas, rockabilly",Jazz,Merry Christmas Everyone,03:40,33553035,2019,Solo
4rXLjWdF2ZZpXCVTfWcshS,fukumean,Gunna,melodic rap,Hip Hop,a Gift & a Curse,02:05,1316603952,2023,Solo
4rXLjWdF2ZZpXCVTfWcshS,fukumean,Gunna,melodic rap,Hip Hop,a Gift & a Curse,02:05,1316603952,2024,Solo
4ricyQVd20UQde1jpXCSuJ,Winter Wonderland,Tony Bennett,"vocal jazz, christmas, big band, adult standards, jazz",Easy listening,Snowfall - The Tony Bennett Christmas Album,02:13,30802337,2017,Solo
4ricyQVd20UQde1jpXCSuJ,Winter Wonderland,Tony Bennett,"vocal jazz, christmas, big band, adult standards, jazz",Easy listening,Snowfall - The Tony Bennett Christmas Album,02:13,30802337,2018,Solo
4ricyQVd20UQde1jpXCSuJ,Winter Wonderland,Tony Bennett,"vocal jazz, christmas, big band, adult standards, jazz",Easy listening,Snowfall - The Tony Bennett Christmas Album,02:13,30802337,2019,Solo
4ricyQVd20UQde1jpXCSuJ,Winter Wonderland,Tony Bennett,"vocal jazz, christmas, big band, adult standards, jazz",Easy listening,Snowfall - The Tony Bennett Christmas Album,02:13,30802337,2020,Solo
4rmVZajAF7PkrCagGPHbqa,Sticky,Drake,"rap, hip hop",Hip Hop,"Honestly, Nevermind",04:03,54041679,2022,Solo
4s7QLoImIwmPi9L6dq1nVW,TSU,Drake,"rap, hip hop",Hip Hop,Certified Lover Boy,05:08,40355682,2021,Solo
4sDpxaulErbJ9NBaJDC7cJ,Buenas,"Quevedo,SAIKO","reggaeton, ",Latin,Buenas,03:12,50259424,2023,Collaboration
4sPmO7WMQUAf45kwMOtONw,Hello,Adele,soft pop,Pop,25,04:55,35620723,2017,Solo
4saHEjXw7O1NXJOzBkUKKG,Está Cabrón Ser Yo,"Bad Bunny,Anuel AA","reggaeton, trap latino, latin, urbano latino",Latin,YHLQMDLG,03:47,27017995,2020,Collaboration
4saklk6nie3yiGePpBwUoc,Dynamite,BTS,k-pop,Pop,BE,03:19,728214012,2020,Solo
4saklk6nie3yiGePpBwUoc,Dynamite,BTS,k-pop,Pop,BE,03:19,728214012,2021,Solo
4sgMbwl9lXGyHcHmtFYGMm,Supernova,aespa,k-pop,Pop,Armageddon - The 1st Album,02:58,62506997,2024,Solo
4sjiIpEv617LDXaidKioOI,223's (feat. 9lokknine),"YNW Melly,9lokknine","melodic rap, ",Hip Hop,223's (feat. 9lokknine),02:56,110678230,2019,Collaboration
4slSrbTK1sNK4I1mDYEthf,Rover (feat. DTG),"S1mba,DTG",afroswing,Traditional music,Rover (feat. DTG),02:47,83088779,2020,Collaboration
4so0Wek9Ig1p6CRCHuINwW,White Christmas - 1947 Version,"Bing Crosby,Ken Darby Singers,John Scott Trotter & His Orchestra","christmas, ",Jazz,Holiday Inn (Original Motion Picture Soundtrack),02:57,419569418,2017,Collaboration
4so0Wek9Ig1p6CRCHuINwW,White Christmas - 1947 Version,"Bing Crosby,Ken Darby Singers,John Scott Trotter & His Orchestra","christmas, ",Jazz,Holiday Inn (Original Motion Picture Soundtrack),02:57,419569418,2018,Collaboration
4so0Wek9Ig1p6CRCHuINwW,White Christmas - 1947 Version,"Bing Crosby,Ken Darby Singers,John Scott Trotter & His Orchestra","christmas, ",Jazz,Holiday Inn (Original Motion Picture Soundtrack),02:57,419569418,2019,Collaboration
4so0Wek9Ig1p6CRCHuINwW,White Christmas - 1947 Version,"Bing Crosby,Ken Darby Singers,John Scott Trotter & His Orchestra","christmas, ",Jazz,Holiday Inn (Original Motion Picture Soundtrack),02:57,419569418,2020,Collaboration
4so0Wek9Ig1p6CRCHuINwW,White Christmas - 1947 Version,"Bing Crosby,Ken Darby Singers,John Scott Trotter & His Orchestra","christmas, ",Jazz,Holiday Inn (Original Motion Picture Soundtrack),02:57,419569418,2021,Collaboration
4so0Wek9Ig1p6CRCHuINwW,White Christmas - 1947 Version,"Bing Crosby,Ken Darby Singers,John Scott Trotter & His Orchestra","christmas, ",Jazz,Holiday Inn (Original Motion Picture Soundtrack),02:57,419569418,2022,Collaboration
4so0Wek9Ig1p6CRCHuINwW,White Christmas - 1947 Version,"Bing Crosby,Ken Darby Singers,John Scott Trotter & His Orchestra","christmas, ",Jazz,Holiday Inn (Original Motion Picture Soundtrack),02:57,419569418,2023,Collaboration
4srcMdbm2qzVG98tJajHxp,Pantysito,"Alejo,Feid,ROBI","reggaeton, urbano latino",Latin,Pantysito,04:00,120571282,2022,Collaboration
4t46soaqA758rbukTO5pp1,Mi Bello Angel,Natanael Cano,"corridos tumbados, corrido, corridos bélicos, sad sierreño, electro corridos, sierreño, música mexicana, banda",Latin,Nata Montana,03:08,45669002,2023,Solo
4t9a07PAghtQMRAIP9FQ7Z,Soltera (Remix),"Lunay,Daddy Yankee,Bad Bunny","reggaeton, latin, trap latino, urbano latino",Latin,Épico,04:26,115889696,2019,Collaboration
4t9a07PAghtQMRAIP9FQ7Z,Soltera (Remix),"Lunay,Daddy Yankee,Bad Bunny","reggaeton, latin, trap latino, urbano latino",Latin,Épico,04:26,115889696,2020,Collaboration
4tCtwWceOPWzenK2HAIJSb,Work from Home (feat. Ty Dolla $ign),"Fifth Harmony,Ty Dolla $ign","pop, ",Pop,7/27 (Deluxe),03:34,118813660,2017,Collaboration
4tHqQMWSqmL6YjXwsqthDI,Carol of the Bells (From  Home Alone  Soundtrack),John Williams,soundtrack,Easy listening,Home Alone (Original Motion Picture Soundtrack),01:25,172046768,2017,Solo
4tHqQMWSqmL6YjXwsqthDI,Carol of the Bells (From  Home Alone  Soundtrack),John Williams,soundtrack,Easy listening,Home Alone (Original Motion Picture Soundtrack),01:25,172046768,2018,Solo
4tHqQMWSqmL6YjXwsqthDI,Carol of the Bells (From  Home Alone  Soundtrack),John Williams,soundtrack,Easy listening,Home Alone (Original Motion Picture Soundtrack),01:25,172046768,2019,Solo
4tHqQMWSqmL6YjXwsqthDI,Carol of the Bells (From  Home Alone  Soundtrack),John Williams,soundtrack,Easy listening,Home Alone (Original Motion Picture Soundtrack),01:25,172046768,2020,Solo
4tHqQMWSqmL6YjXwsqthDI,Carol of the Bells (From  Home Alone  Soundtrack),John Williams,soundtrack,Easy listening,Home Alone (Original Motion Picture Soundtrack),01:25,172046768,2021,Solo
4tHqQMWSqmL6YjXwsqthDI,Carol of the Bells (From  Home Alone  Soundtrack),John Williams,soundtrack,Easy listening,Home Alone (Original Motion Picture Soundtrack),01:25,172046768,2022,Solo
4tHqQMWSqmL6YjXwsqthDI,Carol of the Bells (From  Home Alone  Soundtrack),John Williams,soundtrack,Easy listening,Home Alone (Original Motion Picture Soundtrack),01:25,172046768,2023,Solo
4tHqQMWSqmL6YjXwsqthDI,Carol of the Bells (From  Home Alone  Soundtrack),John Williams,soundtrack,Easy listening,Home Alone (Original Motion Picture Soundtrack),01:25,172046768,2024,Solo
4tRhRLBxIZ34Iw0eCuiC03,Miss You,southstar,techno,Hip Hop,Miss You,03:26,27533068,2022,Solo
4tYFy8ALRjIZvnvSLw5lxN,Party,"Bad Bunny,Rauw Alejandro","reggaeton, trap latino, latin, urbano latino",Latin,Un Verano Sin Ti,03:47,482318429,2022,Collaboration
4tYFy8ALRjIZvnvSLw5lxN,Party,"Bad Bunny,Rauw Alejandro","reggaeton, trap latino, latin, urbano latino",Latin,Un Verano Sin Ti,03:47,482318429,2023,Collaboration
4taclmQm9wFcK4dKQjR5ny,All Night,"RAF Camora,Luciano",german hip hop,Hip Hop,All Night,02:33,10875842,2023,Collaboration
4tyX1rw9X309WkEdh2As4B,coney island (feat. The National),"Taylor Swift,The National",indie rock,Rock,evermore,04:35,15465547,2020,Collaboration
4u06FbRh6FvV2FQZkouzCw,Arranhão - Ao Vivo,Henrique & Juliano,"sertanejo, sertanejo universitário, arrocha, agronejo",Country,Arranhão (Ao Vivo),02:33,91019603,2021,Solo
4u7EnebtmKWzUH433cf5Qv,Bohemian Rhapsody - Remastered 2011,Queen,"classic rock, rock, glam rock",Rock,A Night At The Opera (2011 Remaster),05:54,1139752550,2019,Solo
4u7EnebtmKWzUH433cf5Qv,Bohemian Rhapsody - Remastered 2011,Queen,"classic rock, rock, glam rock",Rock,A Night At The Opera (2011 Remaster),05:54,1139752550,2020,Solo
4u7EnebtmKWzUH433cf5Qv,Bohemian Rhapsody - Remastered 2011,Queen,"classic rock, rock, glam rock",Rock,A Night At The Opera (2011 Remaster),05:54,1139752550,2021,Solo
4u7EnebtmKWzUH433cf5Qv,Bohemian Rhapsody - Remastered 2011,Queen,"classic rock, rock, glam rock",Rock,A Night At The Opera (2011 Remaster),05:54,1139752550,2022,Solo
4u7EnebtmKWzUH433cf5Qv,Bohemian Rhapsody - Remastered 2011,Queen,"classic rock, rock, glam rock",Rock,A Night At The Opera (2011 Remaster),05:54,1139752550,2023,Solo
4uOBL4DDWWVx4RhYKlPbPC,Queencard,(G)I-DLE,k-pop,Pop,I feel,02:41,229418824,2023,Solo
4uP3pUP18ennmz0tb3GphR,Solo de Mi,Bad Bunny,"reggaeton, trap latino, latin, urbano latino",Latin,X 100PRE,03:17,93397514,2018,Solo
4uP3pUP18ennmz0tb3GphR,Solo de Mi,Bad Bunny,"reggaeton, trap latino, latin, urbano latino",Latin,X 100PRE,03:17,93397514,2019,Solo
4uUG5RXrOk84mYEfFvj3cK,I'm Good (Blue),"David Guetta,Bebe Rexha","edm, dance, ",Electronic,I'm Good (Blue),02:55,2712284935,2022,Collaboration
4uUG5RXrOk84mYEfFvj3cK,I'm Good (Blue),"David Guetta,Bebe Rexha","edm, dance, ",Electronic,I'm Good (Blue),02:55,2712284935,2023,Collaboration
4uUG5RXrOk84mYEfFvj3cK,I'm Good (Blue),"David Guetta,Bebe Rexha","edm, dance, ",Electronic,I'm Good (Blue),02:55,2712284935,2024,Collaboration
4ukUoXLuFzMixyZyabSGc4,Sleigh Ride,Ella Fitzgerald,"vocal jazz, jazz, swing music, jazz blues, big band, christmas",Easy listening,Ella Wishes You A Swinging Christmas (Expanded Edition),02:55,41213679,2019,Solo
4ukUoXLuFzMixyZyabSGc4,Sleigh Ride,Ella Fitzgerald,"vocal jazz, jazz, swing music, jazz blues, big band, christmas",Easy listening,Ella Wishes You A Swinging Christmas (Expanded Edition),02:55,41213679,2020,Solo
4ukUoXLuFzMixyZyabSGc4,Sleigh Ride,Ella Fitzgerald,"vocal jazz, jazz, swing music, jazz blues, big band, christmas",Easy listening,Ella Wishes You A Swinging Christmas (Expanded Edition),02:55,41213679,2021,Solo
4ukUoXLuFzMixyZyabSGc4,Sleigh Ride,Ella Fitzgerald,"vocal jazz, jazz, swing music, jazz blues, big band, christmas",Easy listening,Ella Wishes You A Swinging Christmas (Expanded Edition),02:55,41213679,2022,Solo
4ukUoXLuFzMixyZyabSGc4,Sleigh Ride,Ella Fitzgerald,"vocal jazz, jazz, swing music, jazz blues, big band, christmas",Easy listening,Ella Wishes You A Swinging Christmas (Expanded Edition),02:55,41213679,2023,Solo
4ukUoXLuFzMixyZyabSGc4,Sleigh Ride,Ella Fitzgerald,"vocal jazz, jazz, swing music, jazz blues, big band, christmas",Easy listening,Ella Wishes You A Swinging Christmas (Expanded Edition),02:55,41213679,2024,Solo
4uloft7ZE54WflsuqFmjC7,Elevate,Drake,"rap, hip hop",Hip Hop,Scorpion,03:04,43860523,2018,Solo
4uoR6qeWeuL4Qeu2qJzkuG,Hawái,Maluma,"reggaeton, latin, urbano latino",Latin,Hawái,03:20,31228676,2020,Solo
4uqJelb9THHmJ3OCohg4ZJ,Nosso Quadro,"AgroPlay,Ana Castela","agronejo, sertanejo, sertanejo universitário, piseiro",Country,Nosso Quadro,02:53,477307586,2023,Collaboration
4uqh9bualXNHXXwO2wPorc,Daisies,Katy Perry,pop,Pop,Daisies,02:53,43699782,2020,Solo
4ut5G4rgB1ClpMTMfjoIuy,High On Life (feat. Bonn),"Martin Garrix,Bonn","edm, electronica, progressive house, ",Electronic,High On Life (feat. Bonn),03:50,73621344,2018,Collaboration
4uziEsK1yiqdauKVDPsmVG,Rojo,J Balvin,"reggaeton, latin",Latin,Rojo,02:30,42100057,2020,Solo
4vTgx6h4seHvkuFh84JXYP,My Time,BTS,k-pop,Pop,MAP OF THE SOUL : 7,03:54,11282198,2020,Solo
4vUmTMuQqjdnvlZmAH61Qk,South of the Border (feat. Camila Cabello & Cardi B),"Ed Sheeran,Camila Cabello,Cardi B","soft pop, pop, ",Pop,No.6 Collaborations Project,03:24,332051750,2019,Collaboration
4vUmTMuQqjdnvlZmAH61Qk,South of the Border (feat. Camila Cabello & Cardi B),"Ed Sheeran,Camila Cabello,Cardi B","soft pop, pop, ",Pop,No.6 Collaborations Project,03:24,332051750,2020,Collaboration
4vaxvNDaLSoD36iZX515ug,Betrayed,Lil Xan,cloud rap,Hip Hop,TOTAL XANARCHY,03:07,31856483,2018,Solo
4vb4mFvYsr2h6enhjJsq9Y,Water Under the Bridge,Adele,soft pop,Pop,25,04:00,91386158,2017,Solo
4vziJcnB2Qyi9o4nIRUeN7,Now And Then,The Beatles,"classic rock, psychedelic rock",Rock,Now And Then,04:08,33795666,2023,Solo
4w273WCBXwM4P3jTX5HkB2,El Rescate,"Grupo Marca Registrada,Junior H","corrido, corridos bélicos, corridos tumbados, electro corridos, banda, norteño, música mexicana, sad sierreño, sierreño",Latin,El Rescate,02:40,89279314,2022,Collaboration
4w273WCBXwM4P3jTX5HkB2,El Rescate,"Grupo Marca Registrada,Junior H","corrido, corridos bélicos, corridos tumbados, electro corridos, banda, norteño, música mexicana, sad sierreño, sierreño",Latin,El Rescate,02:40,89279314,2023,Collaboration
4w2GLmK2wnioVnb5CPQeex,360,Charli xcx,"hyperpop, art pop",Pop,BRAT,02:13,177578710,2024,Solo
4w47S36wQGBhGg073q3nt7,TKN (feat. Travis Scott),"ROSALÍA,Travis Scott","latin, rap",Latin,TKN (feat. Travis Scott),02:09,213391667,2020,Collaboration
4w8niZpiMy6qz1mntFA5uM,"Taki Taki (with Selena Gomez, Ozuna & Cardi B)","DJ Snake,Selena Gomez,Ozuna,Cardi B","pop, reggaeton, latin, trap latino, urbano latino, ",Latin,"Taki Taki (with Selena Gomez, Ozuna & Cardi B)",03:32,789618359,2018,Collaboration
4w8niZpiMy6qz1mntFA5uM,"Taki Taki (with Selena Gomez, Ozuna & Cardi B)","DJ Snake,Selena Gomez,Ozuna,Cardi B","pop, reggaeton, latin, trap latino, urbano latino, ",Latin,"Taki Taki (with Selena Gomez, Ozuna & Cardi B)",03:32,789618359,2019,Collaboration
4wFjTWCunQFKtukqrNijEt,MotorSport,"Migos,Nicki Minaj,Cardi B","trap, ",Hip Hop,Culture II,05:03,66448971,2018,Collaboration
4wJ5Qq0jBN4ajy7ouZIV1c,APT.,"ROSÉ,Bruno Mars","k-pop, ",Pop,rosie,02:49,226780986,2024,Collaboration
4wQUopWk9Ed7Ng5qpKN5qd,"Volta Bebê, Volta Neném","Dj Guuga,DJ Ivis","funk, piseiro, brega funk, brazilian funk, arrocha, forró, sertanejo, brega",Country,"Volta Bebê, Volta Neném",02:52,78022250,2021,Collaboration
4wS0TnQzVkY9ML1BPKpOk1,Piel,"Tiago PZK,Ke Personajes","argentine trap, urbano latino, cumbia, cuarteto",Hip Hop,Piel,02:21,39398563,2024,Collaboration
4wVOKKEHUJxHCFFNUWDn0B,Chicago Freestyle (feat. Giveon),"Drake,GIVĒON","rap, hip hop, r&b",Hip Hop,Dark Lane Demo Tapes,03:40,155126406,2020,Collaboration
4waqcUQWdj0yH26STWl2Rq,Rosas,La Oreja de Van Gogh,latin pop,Pop,Lo Que Te Conte Mientras Te Hacias La Dormida,03:56,12890520,2024,Solo
4woTEX1wYOTGDqNXuavlRC,Superman,"Eminem,Dina Rae","rap, hip hop, ",Hip Hop,The Eminem Show,05:50,420190131,2022,Collaboration
4woTEX1wYOTGDqNXuavlRC,Superman,"Eminem,Dina Rae","rap, hip hop, ",Hip Hop,The Eminem Show,05:50,420190131,2023,Collaboration
4wuCQX7JvAZLlrcmH4AeZF,Cross Me (feat. Chance the Rapper & PnB Rock),"Ed Sheeran,Chance the Rapper,PnB Rock","soft pop, melodic rap",Hip Hop,No.6 Collaborations Project,03:26,84174420,2019,Collaboration
4wyNKAZe82BNlp2lHiR1FX,CANGURO,WOS,argentine trap,Hip Hop,CANGURO,03:16,24797584,2019,Solo
4xAGuRRKOgoaZbMGdmTD3N,Oi Balde - Ao Vivo,Zé Neto & Cristiano,"sertanejo, sertanejo universitário, arrocha, agronejo",Country,"Escolhas, Vol. 2 (Ao Vivo)",02:39,12025520,2023,Solo
4xBjsLUSjcx2h7PcRikpQp,OMG (feat. Quavo),"Camila Cabello,Quavo","pop, ",Pop,OMG (feat. Quavo),03:48,51402051,2017,Collaboration
4xIhSUJantE6BMl3u8dtCJ,Father Time (feat. Sampha),"Kendrick Lamar,Sampha","hip hop, west coast hip hop, ",Hip Hop,Mr. Morale & The Big Steppers,03:42,32291717,2022,Collaboration
4xWzZmX4K1yyrdtRfbUvjt,Oh Juliana,"Niack,Two Maloka,DJ Léo da 17","funk, brazilian funk, brega funk",Hip Hop,Oh Juliana,02:33,63201146,2020,Collaboration
4xWzZmX4K1yyrdtRfbUvjt,Oh Juliana,"Niack,Two Maloka,DJ Léo da 17","funk, brazilian funk, brega funk",Hip Hop,Oh Juliana,02:33,63201146,2021,Collaboration
4xkOaSrkexMciUUogZKVTS,Till I Collapse,"Eminem,Nate Dogg","rap, hip hop, g-funk, west coast hip hop, gangster rap",Hip Hop,The Eminem Show,04:57,212333494,2018,Collaboration
4xkOaSrkexMciUUogZKVTS,Till I Collapse,"Eminem,Nate Dogg","rap, hip hop, g-funk, west coast hip hop, gangster rap",Hip Hop,The Eminem Show,04:57,212333494,2021,Collaboration
4xkOaSrkexMciUUogZKVTS,Till I Collapse,"Eminem,Nate Dogg","rap, hip hop, g-funk, west coast hip hop, gangster rap",Hip Hop,The Eminem Show,04:57,212333494,2022,Collaboration
4xkOaSrkexMciUUogZKVTS,Till I Collapse,"Eminem,Nate Dogg","rap, hip hop, g-funk, west coast hip hop, gangster rap",Hip Hop,The Eminem Show,04:57,212333494,2023,Collaboration
4xlrALxuaCf9yZBHJeTSG6,Mama,"Jonas Blue,William Singe","tropical house, ",Electronic,Mama,03:04,37249984,2017,Collaboration
4yI3HpbSFSgFZtJP2kDe5m,Look At Her Now,Selena Gomez,pop,Pop,Look At Her Now,02:42,111936128,2019,Solo
4yI3HpbSFSgFZtJP2kDe5m,Look At Her Now,Selena Gomez,pop,Pop,Look At Her Now,02:42,111936128,2020,Solo
4yN6xPLopmTLvc27pO9LIE,Si Tú La Ves (feat. Wisin),"Nicky Jam,Wisin","reggaeton, latin",Latin,Fénix,03:41,113236108,2017,Collaboration
4yNoUQkYf1QF8iYlEzNynH,"Who Want Smoke?? (feat. G Herbo, Lil Durk & 21 Savage)","Nardo Wick,G Herbo,Lil Durk,21 Savage","drill, ",Hip Hop,"Who Want Smoke?? (feat. G Herbo, Lil Durk & 21 Savage)",04:39,15509250,2021,Collaboration
4ygQ5wSuzzNRevVjup1qV2,El Gavilán,"Luis R Conriquez,Tony Aguirre,Peso Pluma","corrido, corridos bélicos, corridos tumbados, electro corridos, banda, sad sierreño, sierreño, música mexicana",Latin,El Gavilán,02:55,55464726,2023,Collaboration
4yyCGGdTVaYG17vhsrUPoL,APAGA EL CEL,"FloyyMenor,Lewis Somes","reggaeton chileno, chilean trap",Hip Hop,APAGA EL CEL,03:04,105737829,2024,Collaboration
4yyX2Iu4xJjW9xMvBZKSBi,Met Him Last Night (feat. Ariana Grande),"Demi Lovato,Ariana Grande",pop,Pop,Dancing With The Devil…The Art of Starting Over (Expanded Edition),03:24,42090102,2021,Collaboration
4z3GJkrtH97Bj6fRta983T,Robarte un Beso,"Carlos Vives,Sebastian Yatra","colombian pop, vallenato, latin, latin pop, reggaeton",Pop,Robarte un Beso,03:13,87777775,2017,Collaboration
4z6wo6PJG4Fve45OXK6D9m,Infeliz,"Arcángel,Bad Bunny","reggaeton, trap latino, urbano latino, latin",Latin,Historias de un Capricornio,03:41,43010479,2020,Collaboration
4z8sz6E4YyFuEkv5o7IJni,"Mary, Did You Know?",Pentatonix,christmas,Jazz,That's Christmas To Me (Deluxe Edition),03:23,15747070,2019,Solo
4z8sz6E4YyFuEkv5o7IJni,"Mary, Did You Know?",Pentatonix,christmas,Jazz,That's Christmas To Me (Deluxe Edition),03:23,15747070,2021,Solo
4z8sz6E4YyFuEkv5o7IJni,"Mary, Did You Know?",Pentatonix,christmas,Jazz,That's Christmas To Me (Deluxe Edition),03:23,15747070,2023,Solo
4z8sz6E4YyFuEkv5o7IJni,"Mary, Did You Know?",Pentatonix,christmas,Jazz,That's Christmas To Me (Deluxe Edition),03:23,15747070,2024,Solo
4zGtfOglDBfVUypabBwIjQ,Desce Pro Play (PA PA PA),"ZAAC,Anitta,Tyga","funk, brazilian funk, funk pop, brazilian pop, funk carioca, pagode baiano, ",Hip Hop,Desce Pro Play (PA PA PA),02:48,49502776,2020,Collaboration
4zN21mbAuaD0WqtmaTZZeP,Ferrari,"James Hype,Miggy Dela Rosa","house, tech house, ",Electronic,Ferrari,03:06,278965246,2022,Collaboration
4zN21mbAuaD0WqtmaTZZeP,Ferrari,"James Hype,Miggy Dela Rosa","house, tech house, ",Electronic,Ferrari,03:06,278965246,2023,Collaboration
4zTPYAf5scZdp0LnwPPeWK,Deep End Freestyle,"Sleepy Hallow,Fousheé","brooklyn drill, new york drill, ",Hip Hop,Deep End Freestyle,01:55,19249385,2020,Collaboration
4zWO4gvuFtw6EJZC5FFGlr,Bum Bum Tam Tam,"MC Fioti,Future,J Balvin,Stefflon Don,Juan Magán","funk, brazilian funk, rap, reggaeton, latin, dancehall",Hip Hop,Bum Bum Tam Tam,03:33,134787893,2017,Collaboration
4zWO4gvuFtw6EJZC5FFGlr,Bum Bum Tam Tam,"MC Fioti,Future,J Balvin,Stefflon Don,Juan Magán","funk, brazilian funk, rap, reggaeton, latin, dancehall",Hip Hop,Bum Bum Tam Tam,03:33,134787893,2018,Collaboration
4zfQER4owi8q6NL8Gg63Ya,CRAZYZ,Fuerza Regida,"corrido, corridos tumbados, corridos bélicos, música mexicana, banda, electro corridos, sierreño, sad sierreño",Latin,Pa las Baby's Y Belikeada,03:24,31530634,2023,Solo
4zfQER4owi8q6NL8Gg63Ya,CRAZYZ,Fuerza Regida,"corrido, corridos tumbados, corridos bélicos, música mexicana, banda, electro corridos, sierreño, sad sierreño",Latin,Pa las Baby's Y Belikeada,03:24,31530634,2024,Solo
503OTo2dSqe7qk76rgsbep,Still D.R.E.,"Dr. Dre,Snoop Dogg","g-funk, gangster rap, west coast hip hop, hip hop, rap",Hip Hop,2001,04:30,106867195,2022,Collaboration
505v13epFXodT9fVAJ6h8k,AMARGURA,KAROL G,"reggaeton, latin, urbano latino",Latin,MAÑANA SERÁ BONITO,02:50,1108571081,2023,Solo
505v13epFXodT9fVAJ6h8k,AMARGURA,KAROL G,"reggaeton, latin, urbano latino",Latin,MAÑANA SERÁ BONITO,02:50,1108571081,2024,Solo
5099x34vBakWpGkHourFxP,Qué Pena,"Maluma,J Balvin","reggaeton, latin, urbano latino",Latin,Qué Pena,03:32,60904648,2019,Collaboration
50No7LiVffAJCWIChZodmU,Lucifer,"Eminem,Sly Pyper","rap, hip hop, ",Hip Hop,The Death of Slim Shady (Coup De Grâce),04:21,12699154,2024,Collaboration
50PWlIBU7PlGGwzgN8TiFJ,Million Reasons,Lady Gaga,"art pop, pop",Pop,Joanne (Deluxe),03:25,54082519,2017,Solo
50ZC4PM7hywH27RcCfViau,Elegí (feat. Dímelo Flow),"Rauw Alejandro,Dalex,Lenny Tavárez,Dímelo Flow","reggaeton, urbano latino, trap latino, latin, argentine trap",Hip Hop,Elegí (feat. Dímelo Flow),03:17,201830351,2020,Collaboration
50ceCGZ3oD3U5caQV5bP6f,You Only Live Twice (with Lil Wayne & Rick Ross),"Drake,Lil Wayne,Rick Ross","rap, hip hop, southern hip hop",Hip Hop,Certified Lover Boy,03:33,16369783,2021,Collaboration
50nfwKoDiSYg8zOCREWAm5,Shivers,Ed Sheeran,soft pop,Pop,=,03:27,778242265,2021,Solo
50nfwKoDiSYg8zOCREWAm5,Shivers,Ed Sheeran,soft pop,Pop,=,03:27,778242265,2022,Solo
50zAEIE4B1QqhPjRMK2Xmh,Running Wild,Jin,k-pop,Pop,Happy - :') (Remixes),02:31,127425276,2024,Solo
514rhnksEwHUh6LxXsQ4Y9,Back To You,Selena Gomez,pop,Pop,13 Reasons Why (Season 2),03:30,167024348,2018,Solo
51ChrwmUPDJvedPQnIU8Ls,Dive,Ed Sheeran,soft pop,Pop,÷ (Deluxe),03:58,133956605,2017,Solo
51ChrwmUPDJvedPQnIU8Ls,Dive,Ed Sheeran,soft pop,Pop,÷ (Deluxe),03:58,133956605,2018,Solo
51Fjme0JiitpyXKuyQiCDo,Lalala,"Y2K,bbno$",meme rap,Hip Hop,Lalala,02:40,580296153,2019,Collaboration
51Fjme0JiitpyXKuyQiCDo,Lalala,"Y2K,bbno$",meme rap,Hip Hop,Lalala,02:40,580296153,2020,Collaboration
51FvjPEGKq2zByeeEQ43V9,El Merengue,"Marshmello,Manuel Turizo","edm, reggaeton, latin, colombian pop",Pop,El Merengue,03:09,647678962,2023,Collaboration
51KCex2aoD4Ni2cRF5mFWe,Winter Wonderland,Darlene Love,christmas,Jazz,"Christmas (Baby, Please Come Home)",02:26,11482692,2021,Solo
51KCex2aoD4Ni2cRF5mFWe,Winter Wonderland,Darlene Love,christmas,Jazz,"Christmas (Baby, Please Come Home)",02:26,11482692,2022,Solo
51KCex2aoD4Ni2cRF5mFWe,Winter Wonderland,Darlene Love,christmas,Jazz,"Christmas (Baby, Please Come Home)",02:26,11482692,2023,Solo
51KCex2aoD4Ni2cRF5mFWe,Winter Wonderland,Darlene Love,christmas,Jazz,"Christmas (Baby, Please Come Home)",02:26,11482692,2024,Solo
51PIvodunv6NmX5250zxAh,The Cure,Lady Gaga,"art pop, pop",Pop,The Cure,03:31,135401858,2017,Solo
51ZQ1vr10ffzbwIjDCwqm4,we can't be friends (wait for your love),Ariana Grande,pop,Pop,eternal sunshine,03:48,1111432428,2024,Solo
51pxwIxDVCbFHW8oyJFQXD,Erro Gostoso - Ao Vivo,Simone Mendes,"sertanejo, sertanejo universitário, forró, piseiro, agronejo, arrocha",Country,Cintilante (Ao Vivo),02:58,116097212,2023,Solo
51qYdMBxt9mFbtZBzq1Yfi,Regalo De Dios,Julión Álvarez y su Norteño Banda,"banda, norteño, grupera, corrido",Latin,PRESENTE,03:05,166381741,2024,Solo
51rXHuKN8Loc4sUlKPODgH,"King's Dead (with Kendrick Lamar, Future & James Blake)","Jay Rock,Kendrick Lamar,Future,James Blake","hip hop, west coast hip hop, rap, ",Hip Hop,"King's Dead (with Kendrick Lamar, Future & James Blake)",03:49,178977562,2018,Collaboration
51vRumtqbkNW9wrKfESwfu,UNFORGIVEN (feat. Nile Rodgers),"LE SSERAFIM,Nile Rodgers","k-pop, ",Pop,UNFORGIVEN,03:02,90867272,2023,Collaboration
51wrmElSLxFzc0vSQPeTxs,Where Were You In The Morning?,Shawn Mendes,pop,Pop,Shawn Mendes,03:20,12057320,2018,Solo
5274I4mUMnYczyeXkGDWZN,Fine China,"Future,Juice WRLD","rap, melodic rap, emo rap",Hip Hop,Future & Juice WRLD Present... WRLD ON DRUGS,02:21,93787358,2018,Collaboration
5274I4mUMnYczyeXkGDWZN,Fine China,"Future,Juice WRLD","rap, melodic rap, emo rap",Hip Hop,Future & Juice WRLD Present... WRLD ON DRUGS,02:21,93787358,2019,Collaboration
52NGJPcLUzQq5w7uv4e5gf,Private Landing (feat. Justin Bieber & Future),"Don Toliver,Justin Bieber,Future",rap,Hip Hop,Love Sick,03:58,39506320,2023,Collaboration
52okn5MNA47tk87PeZJLEL,Let You Down,NF,christian hip hop,Hip Hop,Perception,03:32,41954825,2017,Solo
52okn5MNA47tk87PeZJLEL,Let You Down,NF,christian hip hop,Hip Hop,Perception,03:32,41954825,2018,Solo
52zq2a71SGs3f1vJuv59ui,Como Llora,Juanfran,flamenco urbano,Latin,Como Llora,03:07,24611965,2020,Solo
531KGXtBroSrOX9LVmiIgc,Starlight,Dave,"grime, uk drill, drill",Hip Hop,Starlight,03:31,82300930,2022,Solo
53KaP77tkliz36LPxWGlWK,Fear Of Heights,Drake,"rap, hip hop",Hip Hop,For All The Dogs,02:35,39123382,2023,Solo
53RxHysDJ0cjugMcPymwja,ABALO EMOCIONAL - Ao Vivo,Luan Santana,"sertanejo, sertanejo universitário, arrocha",Country,LUAN CITY AVENIDA AMARILDO SANTANA (Ao Vivo),02:33,18014821,2022,Solo
53mrVsi49rLHIaKBiSvElG,do re mi (feat. Gucci Mane),"blackbear,Gucci Mane","southern hip hop, rap, trap",Hip Hop,do re mi (feat. Gucci Mane),03:53,52593572,2017,Collaboration
53tfEupEzQRtVFOeZvk7xq,DESPECHÁ,ROSALÍA,latin,Latin,MOTOMAMI +,02:36,783706504,2022,Solo
53tfEupEzQRtVFOeZvk7xq,DESPECHÁ,ROSALÍA,latin,Latin,MOTOMAMI +,02:36,783706504,2023,Solo
53v2u51nq3CxiKUNphRzP1,Que Malo,"Bad Bunny,Ñengo Flow","reggaeton, trap latino, latin, urbano latino",Latin,YHLQMDLG,02:47,24166325,2020,Collaboration
543bCW2ruMPmxUBWirQ3MR,Cross Me (feat. Chance the Rapper & PnB Rock),"Ed Sheeran,Chance the Rapper,PnB Rock","soft pop, melodic rap",Hip Hop,Cross Me (feat. Chance the Rapper & PnB Rock),03:26,100909750,2019,Collaboration
5496lks6V3fh1mZAB6IAap,Alibi (with Pabllo Vittar & Yseult),"Sevdaliza,Pabllo Vittar,Yseult","brazilian pop, funk pop, tecnobrega, ",Pop,Alibi (with Pabllo Vittar & Yseult),02:41,379953817,2024,Collaboration
54DmTIv86D3sYdiawjULQ0,Dis-ease,BTS,k-pop,Pop,BE,03:59,22042721,2020,Solo
54ELExv56KCAB4UP9cOCzC,Gato de Noche,"Ñengo Flow,Bad Bunny","reggaeton, trap latino, latin, urbano latino",Latin,Gato de Noche,03:47,446568536,2022,Collaboration
54ELExv56KCAB4UP9cOCzC,Gato de Noche,"Ñengo Flow,Bad Bunny","reggaeton, trap latino, latin, urbano latino",Latin,Gato de Noche,03:47,446568536,2023,Collaboration
54OB85nuxYGfl7qRQXuz7c,Ahora,J Balvin,"reggaeton, latin",Latin,Ahora,04:14,51201856,2018,Solo
54PbBpquVfhfrwRwvjSXbI,We Don't Talk Anymore (feat. Selena Gomez),"Charlie Puth,Selena Gomez","soft pop, pop",Pop,Nine Track Mind (Special Edition),03:37,43876705,2024,Collaboration
54oMZ3blwWwuPN4wEoG5mk,I'm Upset,Drake,"rap, hip hop",Hip Hop,I'm Upset,03:34,61719258,2018,Solo
54u86CmMqGI1rRuULlTqaB,Toca o Trompete,Felipe Amorim,"piseiro, forró, arrocha, sertanejo, agronejo, brega",Country,Cadê o After? Pt. 1,02:43,67887732,2023,Solo
54zcJnb3tp9c5OVKREZ1Is,MI EX TENÍA RAZÓN,KAROL G,"reggaeton, latin, urbano latino",Latin,MAÑANA SERÁ BONITO (BICHOTA SEASON),02:34,616717141,2023,Solo
54zcJnb3tp9c5OVKREZ1Is,MI EX TENÍA RAZÓN,KAROL G,"reggaeton, latin, urbano latino",Latin,MAÑANA SERÁ BONITO (BICHOTA SEASON),02:34,616717141,2024,Solo
550rQQCGkrTzvp4SfpOPzx,Hallelujah,Pentatonix,christmas,Jazz,A Pentatonix Christmas,04:28,162231728,2017,Solo
550rQQCGkrTzvp4SfpOPzx,Hallelujah,Pentatonix,christmas,Jazz,A Pentatonix Christmas,04:28,162231728,2018,Solo
550rQQCGkrTzvp4SfpOPzx,Hallelujah,Pentatonix,christmas,Jazz,A Pentatonix Christmas,04:28,162231728,2019,Solo
550rQQCGkrTzvp4SfpOPzx,Hallelujah,Pentatonix,christmas,Jazz,A Pentatonix Christmas,04:28,162231728,2020,Solo
550rQQCGkrTzvp4SfpOPzx,Hallelujah,Pentatonix,christmas,Jazz,A Pentatonix Christmas,04:28,162231728,2021,Solo
550rQQCGkrTzvp4SfpOPzx,Hallelujah,Pentatonix,christmas,Jazz,A Pentatonix Christmas,04:28,162231728,2022,Solo
550rQQCGkrTzvp4SfpOPzx,Hallelujah,Pentatonix,christmas,Jazz,A Pentatonix Christmas,04:28,162231728,2023,Solo
550rQQCGkrTzvp4SfpOPzx,Hallelujah,Pentatonix,christmas,Jazz,A Pentatonix Christmas,04:28,162231728,2024,Solo
551xyaSJsg8hILXFq9JdST,The Plan - From the Motion Picture  TENET ,Travis Scott,rap,Hip Hop,The Plan (From the Motion Picture  TENET ),03:05,19711363,2020,Solo
5547x0ZawobhfSeh2QKAca,O Holy Night,Céline Dion,variété française,nan,These are Special Times,05:20,14412429,2024,Solo
559SdaPI7mqy9IQiscuaMj,Sure Thing - Sped Up,Miguel,r&b,R&B,Sure Thing (Sped Up),02:30,29776364,2023,Solo
55Am8neGJkdj2ADaM3aw5H,Train Wreck,James Arthur,soft pop,Pop,Back from the Edge,03:28,199727622,2020,Solo
55Am8neGJkdj2ADaM3aw5H,Train Wreck,James Arthur,soft pop,Pop,Back from the Edge,03:28,199727622,2021,Solo
55ZATsjPlTeSTNJOuW90pW,Shorty Party,"Cartel De Santa,La Kelly","mexican hip hop, latin hip hop, ",Hip Hop,Shorty Party,04:25,293288472,2023,Collaboration
55sgQENF3LY1sUcJUwasLl,Don’t Go (with Justin Bieber & Don Toliver),"Skrillex,Justin Bieber,Don Toliver","dubstep, edm, electro, electronic, ",Electronic,Don’t Go (with Justin Bieber & Don Toliver),02:48,23395152,2021,Collaboration
55u5QIlEuzCipJBtZPdJio,Renaissance,Eminem,"rap, hip hop",Hip Hop,The Death of Slim Shady (Coup De Grâce),01:38,22498424,2024,Solo
5600nq7TiBraBX2jobyJ3l,Swan Song - From the Motion Picture  Alita: Battle Angel ,Dua Lipa,pop,Pop,Swan Song (From the Motion Picture  Alita: Battle Angel ),03:02,41805799,2019,Solo
561jH07mF1jHuk7KlaeF0s,Mockingbird,Eminem,"rap, hip hop",Hip Hop,Encore (Deluxe Version),04:10,1758720890,2022,Solo
561jH07mF1jHuk7KlaeF0s,Mockingbird,Eminem,"rap, hip hop",Hip Hop,Encore (Deluxe Version),04:10,1758720890,2023,Solo
561jH07mF1jHuk7KlaeF0s,Mockingbird,Eminem,"rap, hip hop",Hip Hop,Encore (Deluxe Version),04:10,1758720890,2024,Solo
563SfWAHJs4FBZMkRN0IFN,Send My Love (To Your New Lover),Adele,soft pop,Pop,25,03:43,14802158,2021,Solo
56AMYGJzxBO6p8v0wEe9de,Hot (Remix) [feat. Gunna and Travis Scott],"Young Thug,Travis Scott,Gunna","rap, melodic rap, trap",Hip Hop,Hot (Remix) [feat. Gunna and Travis Scott],04:39,56856669,2019,Collaboration
56JwgcQcxo08w7YXrBzrA5,Jesus Lord,Kanye West,rap,Hip Hop,Donda,08:58,12707249,2021,Solo
56f5qnyAlZdlz8wrUDA50h,Desconocidos,"Mau y Ricky,Manuel Turizo,Camilo","reggaeton, latin pop, latin, colombian pop",Pop,Para Aventuras y Curiosidades,03:24,94778737,2019,Collaboration
56gH0zGe3SP9SGNoQ2pWwn,La Cintura (feat. Flo Rida & TINI) - Remix,"Alvaro Soler,Flo Rida,TINI",latin pop,Pop,La Cintura (Remix),02:57,11040638,2018,Collaboration
56uXDJRCuoS7abX3SkzHKQ,Myron,Lil Uzi Vert,melodic rap,Hip Hop,Eternal Atake (Deluxe) - LUV vs. The World 2,03:44,98159769,2020,Solo
56v8WEnGzLByGsDAXDiv4d,ETA,NewJeans,k-pop,Pop,NewJeans 2nd EP 'Get Up',02:31,123267644,2023,Solo
5719MEdRQcH4c3phXqX7WN,Mal Feito - Ao Vivo,"Hugo & Guilherme,Marília Mendonça","sertanejo, sertanejo universitário, agronejo, arrocha, forró",Country,Mal Feito (Ao Vivo),02:57,68582395,2022,Collaboration
575NJxNUVDqwJGdzBrlLbv,Lost In Japan - Remix,"Shawn Mendes,Zedd","pop, edm",Electronic,Lost In Japan (Remix),03:21,28020450,2018,Collaboration
57RA3JGafJm5zRtKJiKPIm,Are You Bored Yet? (feat. Clairo),"Wallows,Clairo","indie, bedroom pop",Pop,Nothing Happens,02:58,124701026,2020,Collaboration
57RA3JGafJm5zRtKJiKPIm,Are You Bored Yet? (feat. Clairo),"Wallows,Clairo","indie, bedroom pop",Pop,Nothing Happens,02:58,124701026,2021,Collaboration
57ZUX6TNyKLBydAdVVd02x,p u n c h i n ‘ . t h e . c l o c k,J. Cole,rap,Hip Hop,The Off-Season,01:52,14898600,2021,Solo
57bgtoPSgt236HzfBOd8kj,Thunderstruck,AC/DC,"rock, hard rock, classic rock, rock and roll",Rock,The Razors Edge,04:52,31953196,2024,Solo
57fyAFYS2zPTPMOQP1DZUn,BYE,Peso Pluma,"corrido, corridos tumbados, corridos bélicos, música mexicana, sad sierreño, electro corridos, banda",Latin,GÉNESIS,03:32,26779780,2023,Solo
57lsYy0OZLNb5OQ7fEa3Hs,Did It First (with Central Cee),"Ice Spice,Central Cee","uk drill, drill, grime",Hip Hop,Did It First (with Central Cee),01:58,66632229,2024,Collaboration
57p8CBvPOxrvyCbn6ttl5r,Would You Ever,"Skrillex,Poo Bear","dubstep, edm, electro, electronic, ",Electronic,Would You Ever,03:54,78161554,2017,Collaboration
57tck8MCxkY6tcQC6VhahR,Bläulich,Apache 207,german hip hop,Hip Hop,Bläulich,03:16,27432470,2020,Solo
57wp7VFnV8X0pSVnYArGeJ,Whatever She Wants,Bryson Tiller,r&b,R&B,Whatever She Wants,02:41,163994733,2024,Solo
57zQSScHq19ztrMnjWCPBI,Na Raba Toma Tapão,Niack,"funk, brazilian funk, brega funk",Hip Hop,Na Raba Toma Tapão,02:45,10035120,2020,Solo
587pEvJ7iJhNtcCf5YKEgE,Tal Vez Fui Yo,El Padrinito Toys,"electro corridos, corrido, corridos bélicos, corridos tumbados",Latin,Tal Vez Fui Yo,02:30,14457285,2024,Solo
58AGoOGbwsQMhBbH0eFLRR,Over Now (with The Weeknd),"Calvin Harris,The Weeknd","edm, ",Electronic,Over Now (with The Weeknd),03:30,41521444,2020,Collaboration
58IL315gMSTD37DOZPJ2hf,Shaky Shaky,Daddy Yankee,"reggaeton, latin",Latin,Shaky Shaky,03:54,35920139,2017,Solo
58QhkbaAkLFnn7JwAnAato,Fall,Eminem,"rap, hip hop",Hip Hop,Kamikaze,04:22,67924036,2018,Solo
58TaFP5j5i9swOf584yon2,HOUSTONFORNICATION,Travis Scott,rap,Hip Hop,ASTROWORLD,03:37,14535299,2018,Solo
58cEG7FsVoipRiRKUMgOjo,PUNTO 40,"Rauw Alejandro,Baby Rasta","reggaeton, urbano latino, trap latino, latin",Latin,SATURNO,03:10,157139307,2022,Collaboration
58cEG7FsVoipRiRKUMgOjo,PUNTO 40,"Rauw Alejandro,Baby Rasta","reggaeton, urbano latino, trap latino, latin",Latin,SATURNO,03:10,157139307,2023,Collaboration
58ge6dfP91o9oXMzq3XkIS,505,Arctic Monkeys,"indie, garage rock",Rock,Favourite Worst Nightmare (Standard Version),04:13,1980170395,2021,Solo
58ge6dfP91o9oXMzq3XkIS,505,Arctic Monkeys,"indie, garage rock",Rock,Favourite Worst Nightmare (Standard Version),04:13,1980170395,2022,Solo
58ge6dfP91o9oXMzq3XkIS,505,Arctic Monkeys,"indie, garage rock",Rock,Favourite Worst Nightmare (Standard Version),04:13,1980170395,2023,Solo
58ge6dfP91o9oXMzq3XkIS,505,Arctic Monkeys,"indie, garage rock",Rock,Favourite Worst Nightmare (Standard Version),04:13,1980170395,2024,Solo
58pgi1RpcU2fVJsxhm7BIr,Tapão Na Raba,Raí Saia Rodada,"forró, piseiro, sertanejo, arrocha, brega, raï, seresta, sertanejo universitário, tecnobrega",Country,Som No Talo,02:55,68722837,2021,Solo
58q2HKrzhC3ozto2nDdN4z,I Like It,"Cardi B,Bad Bunny,J Balvin","reggaeton, trap latino, latin, urbano latino",Latin,Invasion of Privacy,04:13,909100262,2018,Collaboration
58q2HKrzhC3ozto2nDdN4z,I Like It,"Cardi B,Bad Bunny,J Balvin","reggaeton, trap latino, latin, urbano latino",Latin,Invasion of Privacy,04:13,909100262,2019,Collaboration
58q2HKrzhC3ozto2nDdN4z,I Like It,"Cardi B,Bad Bunny,J Balvin","reggaeton, trap latino, latin, urbano latino",Latin,Invasion of Privacy,04:13,909100262,2020,Collaboration
58q2HKrzhC3ozto2nDdN4z,I Like It,"Cardi B,Bad Bunny,J Balvin","reggaeton, trap latino, latin, urbano latino",Latin,Invasion of Privacy,04:13,909100262,2021,Collaboration
5902W4uHWzhtOff1UK7the,When I’m Gone (with Katy Perry),"Alesso,Katy Perry","edm, pop",Electronic,When I’m Gone (with Katy Perry),02:41,14800611,2021,Collaboration
5902W4uHWzhtOff1UK7the,When I’m Gone (with Katy Perry),"Alesso,Katy Perry","edm, pop",Electronic,When I’m Gone (with Katy Perry),02:41,14800611,2022,Collaboration
590bUp2TKTfTS9NfiD4Nmn,Finesse,Drake,"rap, hip hop",Hip Hop,Scorpion,03:02,23270552,2018,Solo
59151GHN7yr5g9B3bqlGdR,Trouble,Eminem,"rap, hip hop",Hip Hop,The Death of Slim Shady (Coup De Grâce),00:41,13601669,2024,Solo
59J5nzL1KniFHnU120dQzt,wokeuplikethis*,"Playboi Carti,Lil Uzi Vert","rage rap, melodic rap",Hip Hop,Playboi Carti,03:55,50128751,2017,Collaboration
59L8x0xy8njj75vzVCPMqg,FULANITO,"Becky G,El Alfa","reggaeton, latin, dembow, urbano latino",Latin,FULANITO,02:38,50660859,2021,Collaboration
59NraMJsLaMCVtwXTSia8i,Prada,"cassö,RAYE,D-Block Europe","grime, uk drill",Electronic,Prada,02:12,923962578,2023,Collaboration
59NraMJsLaMCVtwXTSia8i,Prada,"cassö,RAYE,D-Block Europe","grime, uk drill",Electronic,Prada,02:12,923962578,2024,Collaboration
59PYPDxTbqJpiGfyogPb5h,Die For Me (feat. Future & Halsey),"Post Malone,Future,Halsey","rap, ",Hip Hop,Hollywood's Bleeding,04:05,28154588,2019,Collaboration
59PYgzOiOjGDzjDT5N5oOX,Asesina - Remix,"Brytiago,Daddy Yankee,Ozuna,Darell,Anuel AA","trap latino, reggaeton, urbano latino, trap, latin, dembow",Latin,Asesina (Remix),05:27,91248633,2018,Collaboration
59PYgzOiOjGDzjDT5N5oOX,Asesina - Remix,"Brytiago,Daddy Yankee,Ozuna,Darell,Anuel AA","trap latino, reggaeton, urbano latino, trap, latin, dembow",Latin,Asesina (Remix),05:27,91248633,2019,Collaboration
59c0HrzmHfyQs6LgDw5cHe,LOCO,ITZY,k-pop,Pop,CRAZY IN LOVE,03:11,28815789,2021,Solo
59hBR0BCtJsfIbV9VzCVAp,Set Me Free Pt.2,Jimin,k-pop,Pop,Set Me Free Pt.2,03:20,196225478,2023,Solo
59nOXPmaKlBfGMDeOVGrIK,WAIT FOR U (feat. Drake & Tems),"Future,Drake,Tems","rap, hip hop, afrobeats, alté, afrobeat, afropop",Traditional music,I NEVER LIKED YOU,03:09,406708933,2022,Collaboration
59nOXPmaKlBfGMDeOVGrIK,WAIT FOR U (feat. Drake & Tems),"Future,Drake,Tems","rap, hip hop, afrobeats, alté, afrobeat, afropop",Traditional music,I NEVER LIKED YOU,03:09,406708933,2023,Collaboration
59s0s39NFWScuHDbHytI14,Indeciso,"Reik,J Balvin,Lalo Ebratt","latin pop, reggaeton, latin",Latin,Indeciso,03:37,167935571,2019,Collaboration
59s0s39NFWScuHDbHytI14,Indeciso,"Reik,J Balvin,Lalo Ebratt","latin pop, reggaeton, latin",Latin,Indeciso,03:37,167935571,2020,Collaboration
59uQI0PADDKeE6UZDTJEe8,Last Night,Morgan Wallen,country,Country,3 Songs At A Time Sampler,02:43,130068160,2023,Solo
59vyx2m4EpPk7tk2PzV075,ROSA PASTEL,"Peso Pluma,Jasiel Nuñez","corrido, corridos tumbados, corridos bélicos, música mexicana, sad sierreño, electro corridos, banda",Latin,GÉNESIS,03:24,13315730,2023,Collaboration
59xD5osEFsaNt5PXfIKUnX,Illusion,Dua Lipa,pop,Pop,Illusion,03:08,46680103,2024,Solo
5AEtlRudpgdT5FtNiuly6Y,"Let Me Go (with Alesso, Florida Georgia Line & watt)","Hailee Steinfeld,Alesso,Florida Georgia Line,WATT","edm, country, pop country, acoustic country, ",Country,"Let Me Go (with Alesso, Florida Georgia Line & watt)",02:54,379165805,2017,Collaboration
5AEtlRudpgdT5FtNiuly6Y,"Let Me Go (with Alesso, Florida Georgia Line & watt)","Hailee Steinfeld,Alesso,Florida Georgia Line,WATT","edm, country, pop country, acoustic country, ",Country,"Let Me Go (with Alesso, Florida Georgia Line & watt)",02:54,379165805,2018,Collaboration
5AH31dDNgxCMGDdxubNNn4,NEL,Fuerza Regida,"corrido, corridos tumbados, corridos bélicos, música mexicana, banda, electro corridos, sierreño, sad sierreño",Latin,PERO NO TE ENAMORES,02:29,194553147,2024,Solo
5ASM6Qjiav2xPe7gRkQMsQ,Sleigh Ride,The Ronettes,christmas,Jazz,A Christmas Gift For You From Phil Spector,03:01,19477117,2017,Solo
5ASM6Qjiav2xPe7gRkQMsQ,Sleigh Ride,The Ronettes,christmas,Jazz,A Christmas Gift For You From Phil Spector,03:01,19477117,2018,Solo
5AjINjwKyRvQJhSe2zpPHi,Pop Out (feat. Lil Tjay),"Polo G,Lil Tjay","brooklyn drill, melodic rap",Hip Hop,Pop Out (feat. Lil Tjay),02:46,55974748,2019,Collaboration
5AnWrUzsrFgBvhn6dUElnr,Aaj Ki Raat (From  Stree 2 ),"Sachin-Jigar,Madhubanti Bagchi,Divya Kumar,Amitabh Bhattacharya","gujarati pop, bollywood, hindi pop, desi, gujarati garba, bangla pop",Pop,Aaj Ki Raat (From  Stree 2 ),03:48,33252881,2024,Collaboration
5AqiaZwhmC6dIbgWrD5SzV,"Peso Pluma: Bzrp Music Sessions, Vol. 55","Bizarrap,Peso Pluma","argentine trap, trap latino, urbano latino, corrido, corridos tumbados, corridos bélicos, música mexicana, sad sierreño, electro corridos, banda",Hip Hop,"Peso Pluma: Bzrp Music Sessions, Vol. 55",03:08,606211964,2023,Collaboration
5B03nSG8pLE48jh7kmasuL,Levels - Radio Edit,Avicii,edm,Electronic,True,03:21,34476400,2018,Solo
5BDP2tky8oMQJPS33frKVp,Un Año,"Sebastian Yatra,Reik","colombian pop, reggaeton, latin, latin pop",Pop,Un Año,02:44,89754384,2019,Collaboration
5BQrp63SHCVf4bzCzJePne,Don't Cry (feat. XXXTENTACION),"Lil Wayne,XXXTENTACION","rap, hip hop, emo rap",Hip Hop,Tha Carter V,04:09,38819005,2018,Collaboration
5Ber68jZ7ytegr2UISEdb7,Santa Claus Is Coming to Town,Michael Bublé,christmas,Jazz,Christmas,02:51,101329162,2017,Solo
5Ber68jZ7ytegr2UISEdb7,Santa Claus Is Coming to Town,Michael Bublé,christmas,Jazz,Christmas,02:51,101329162,2018,Solo
5Ber68jZ7ytegr2UISEdb7,Santa Claus Is Coming to Town,Michael Bublé,christmas,Jazz,Christmas,02:51,101329162,2019,Solo
5Ber68jZ7ytegr2UISEdb7,Santa Claus Is Coming to Town,Michael Bublé,christmas,Jazz,Christmas,02:51,101329162,2020,Solo
5Ber68jZ7ytegr2UISEdb7,Santa Claus Is Coming to Town,Michael Bublé,christmas,Jazz,Christmas,02:51,101329162,2021,Solo
5Ber68jZ7ytegr2UISEdb7,Santa Claus Is Coming to Town,Michael Bublé,christmas,Jazz,Christmas,02:51,101329162,2022,Solo
5Ber68jZ7ytegr2UISEdb7,Santa Claus Is Coming to Town,Michael Bublé,christmas,Jazz,Christmas,02:51,101329162,2023,Solo
5BwQjRasNcdRPuVWKcHto2,h u n g e r . o n . h i l l s i d e (with Bas),"J. Cole,Bas","rap, ",Hip Hop,The Off-Season,03:58,12456200,2021,Collaboration
5CFJRZRq6sdKKtRwNPWbYv,Show Out (with Skepta & Pop Smoke),"Kid Cudi,Skepta,Pop Smoke","grime, brooklyn drill, drill, new york drill",Hip Hop,Man On The Moon III: The Chosen,02:54,22210317,2020,Collaboration
5CpsIb7SMFHjmAG8RvIWfq,Leaving Heaven (feat. Skylar Grey),"Eminem,Skylar Grey","rap, hip hop, ",Hip Hop,Music To Be Murdered By,04:25,16368582,2020,Collaboration
5CqkgDH8QZjSqqI3HmYxDD,Airwaves,Pashanim,german hip hop,Hip Hop,Airwaves,02:58,23600968,2020,Solo
5CtI0qwDJkDQGwXD1H1cLb,Despacito - Remix,"Luis Fonsi,Daddy Yankee,Justin Bieber","latin, reggaeton, ",Latin,Despacito Feat. Justin Bieber (Remix),03:48,1063146682,2017,Collaboration
5CtI0qwDJkDQGwXD1H1cLb,Despacito - Remix,"Luis Fonsi,Daddy Yankee,Justin Bieber","latin, reggaeton, ",Latin,Despacito Feat. Justin Bieber (Remix),03:48,1063146682,2018,Collaboration
5CzixCxDkRXX9mScCmah8O,Un Ratito,Bad Bunny,"reggaeton, trap latino, latin, urbano latino",Latin,Un Verano Sin Ti,02:56,263393406,2022,Solo
5D34wRmbFS29AjtTOP2QJe,"yes, and?",Ariana Grande,pop,Pop,eternal sunshine,03:34,169012588,2024,Solo
5DMItYJluCFc7YtFdP4aXo,Lonely This Christmas,Mud,"glam rock, christmas",Jazz,"A's, B's And Rarities",03:33,20626270,2020,Solo
5DMItYJluCFc7YtFdP4aXo,Lonely This Christmas,Mud,"glam rock, christmas",Jazz,"A's, B's And Rarities",03:33,20626270,2021,Solo
5DMItYJluCFc7YtFdP4aXo,Lonely This Christmas,Mud,"glam rock, christmas",Jazz,"A's, B's And Rarities",03:33,20626270,2022,Solo
5DMItYJluCFc7YtFdP4aXo,Lonely This Christmas,Mud,"glam rock, christmas",Jazz,"A's, B's And Rarities",03:33,20626270,2023,Solo
5DMItYJluCFc7YtFdP4aXo,Lonely This Christmas,Mud,"glam rock, christmas",Jazz,"A's, B's And Rarities",03:33,20626270,2024,Solo
5DSfqrLkUHLZ9bW0SS3rVy,Ransom (with Juice WRLD) - Remix,"Lil Tecca,Juice WRLD","melodic rap, rap, emo rap",Hip Hop,Ransom (Remix),02:51,13363378,2019,Collaboration
5DV4ZSCqbFv74ui3ZhimXo,Coño,"Jason Derulo,Puri,Jhorrmountain","moombahton, shatta",Electronic,Coño,01:51,11366410,2020,Collaboration
5Db9VIdDsN5yu3Eu7CT0i4,Stay With Me,Sam Smith,soft pop,Pop,In The Lonely Hour,02:52,61851969,2017,Solo
5Db9VIdDsN5yu3Eu7CT0i4,Stay With Me,Sam Smith,soft pop,Pop,In The Lonely Hour,02:52,61851969,2018,Solo
5DgY6Ab0vpyUMKnY9ubFOF,Hukum - Thalaivar Alappara,"Anirudh Ravichander,Super Subu","kollywood, tamil pop, tamil dance, tollywood, tamil hip hop, telugu pop",Hip Hop,Jailer (Original Motion Picture Soundtrack),03:27,49390462,2023,Collaboration
5DoLhdU27owX1NMrKLUbUl,"Lean (feat. Towy, Osquel, Beltito & Sammy & Falsetto)","Super Yei,Sammy,Jone Quest,Towy,Osquel,Beltito,Sammy & Falsetto","reggaeton, trap latino, chilean mambo, chilean trap",Latin,"Lean (feat. Towy, Osquel, Beltito & Sammy & Falsetto)",04:20,90722392,2020,Collaboration
5DxXgozhkPLgrbKFY91w0c,Vete,Bad Bunny,"reggaeton, trap latino, latin, urbano latino",Latin,Vete,03:12,214623525,2019,Solo
5DxXgozhkPLgrbKFY91w0c,Vete,Bad Bunny,"reggaeton, trap latino, latin, urbano latino",Latin,Vete,03:12,214623525,2020,Solo
5EId1m4DNwTf3at31w8bPJ,El Farsante,Ozuna,"reggaeton, latin, trap latino, urbano latino",Latin,Odisea,03:53,87726039,2017,Solo
5EId1m4DNwTf3at31w8bPJ,El Farsante,Ozuna,"reggaeton, latin, trap latino, urbano latino",Latin,Odisea,03:53,87726039,2018,Solo
5EKHbW7mXcAR4hCyS3YXjb,Atrasadinha - Ao Vivo,"Felipe Araújo,Ferrugem","sertanejo, sertanejo universitário, pagode, arrocha, samba",Country,Por Inteiro (Primeira Metade) [Ao Vivo],02:52,45508562,2018,Collaboration
5EKHbW7mXcAR4hCyS3YXjb,Atrasadinha - Ao Vivo,"Felipe Araújo,Ferrugem","sertanejo, sertanejo universitário, pagode, arrocha, samba",Country,Por Inteiro (Primeira Metade) [Ao Vivo],02:52,45508562,2019,Collaboration
5EWf240yQq0JhlkMBSPyBN,Gata Only (Mashup),Dj Agus Lima,"turreo, rkt",Latin,Mashup 2024,03:35,13991657,2024,Solo
5Eax0qFko2dh7Rl2lYs3bx,Efecto,Bad Bunny,"reggaeton, trap latino, latin, urbano latino",Latin,Un Verano Sin Ti,03:33,1275012101,2022,Solo
5Eax0qFko2dh7Rl2lYs3bx,Efecto,Bad Bunny,"reggaeton, trap latino, latin, urbano latino",Latin,Un Verano Sin Ti,03:33,1275012101,2023,Solo
5EbtodsuLbxrFDH6j5avVS,El Mismo Aire - con Pablo Alborán,"Camilo,Pablo Alborán","colombian pop, latin pop",Pop,El Mismo Aire (con Pablo Alborán),03:08,76010840,2020,Collaboration
5EnYT6F7wEcdege6mDHEfO,Signs,Drake,"rap, hip hop",Hip Hop,Signs,03:54,118731235,2017,Solo
5F2xRvRFkxDvqdFtUNAEyw,Se For Amor,"João Gomes,Vitor Fernandes","piseiro, forró, sertanejo, arrocha, brega, seresta",Country,Eu Tenho a Senha,03:59,22978463,2021,Collaboration
5F8ffc8KWKNawllr5WsW0r,Surtada - Remix Brega Funk,"Dadá Boladão,Tati Zaqui,OIK","brega funk, brega, funk, brazilian funk, funk pop",Hip Hop,Surtada (Remix Brega Funk),02:32,23175546,2019,Collaboration
5F8ffc8KWKNawllr5WsW0r,Surtada - Remix Brega Funk,"Dadá Boladão,Tati Zaqui,OIK","brega funk, brega, funk, brazilian funk, funk pop",Hip Hop,Surtada (Remix Brega Funk),02:32,23175546,2020,Collaboration
5FVd6KXrgO9B3JPmC8OPst,Do I Wanna Know?,Arctic Monkeys,"indie, garage rock",Rock,AM,04:32,977821052,2022,Solo
5FVd6KXrgO9B3JPmC8OPst,Do I Wanna Know?,Arctic Monkeys,"indie, garage rock",Rock,AM,04:32,977821052,2023,Solo
5FVd6KXrgO9B3JPmC8OPst,Do I Wanna Know?,Arctic Monkeys,"indie, garage rock",Rock,AM,04:32,977821052,2024,Solo
5FkJHVudUByVjanCqFXRql,After Dark,Mr.Kitty,"witch house, darkwave",Metal,Time,04:17,149185450,2022,Solo
5FkJHVudUByVjanCqFXRql,After Dark,Mr.Kitty,"witch house, darkwave",Metal,Time,04:17,149185450,2023,Solo
5GF0X7GdNmnouKcdhhRmtm,Party en el Barrio (feat. Duki),"Paulo Londra,Duki","argentine trap, trap latino, reggaeton, trap",Hip Hop,Party en el Barrio (feat. Duki),03:56,13567429,2022,Collaboration
5GV7OpSEb8MPTryL0Q5i6c,Mtg Quero Te Encontrar,"DJ JZ,Humberto & Ronaldo,Mc Mininin,DJ LG PROD,Silvanno Salles","funk de bh, funk, sertanejo, sertanejo universitário, arrocha, seresta, brega, forró, piseiro",Country,Mtg Quero Te Encontrar,02:57,40402560,2024,Collaboration
5GXAXm5YOmYT0kL5jHvYBt,I Feel It Coming,"The Weeknd,Daft Punk","french house, electronic, electro",Hip Hop,Starboy,04:29,500314011,2017,Collaboration
5GXAXm5YOmYT0kL5jHvYBt,I Feel It Coming,"The Weeknd,Daft Punk","french house, electronic, electro",Hip Hop,Starboy,04:29,500314011,2018,Collaboration
5GXAXm5YOmYT0kL5jHvYBt,I Feel It Coming,"The Weeknd,Daft Punk","french house, electronic, electro",Hip Hop,Starboy,04:29,500314011,2021,Collaboration
5GkQIP5mWPi4KZLLXeuFTT,motive (with Doja Cat),"Ariana Grande,Doja Cat","pop, ",Pop,Positions,02:47,44405486,2020,Collaboration
5GkQIP5mWPi4KZLLXeuFTT,motive (with Doja Cat),"Ariana Grande,Doja Cat","pop, ",Pop,Positions,02:47,44405486,2021,Collaboration
5Gu0PDLN4YJeW75PpBSg9p,"Let Me Go (with Alesso, Florida Georgia Line & watt)","Hailee Steinfeld,Alesso,Florida Georgia Line,WATT","edm, country, pop country, acoustic country, ",Country,"Let Me Go (with Alesso, Florida Georgia Line & watt)",02:54,55466458,2017,Collaboration
5Gu0PDLN4YJeW75PpBSg9p,"Let Me Go (with Alesso, Florida Georgia Line & watt)","Hailee Steinfeld,Alesso,Florida Georgia Line,WATT","edm, country, pop country, acoustic country, ",Country,"Let Me Go (with Alesso, Florida Georgia Line & watt)",02:54,55466458,2018,Collaboration
5Gu0PDLN4YJeW75PpBSg9p,"Let Me Go (with Alesso, Florida Georgia Line & watt)","Hailee Steinfeld,Alesso,Florida Georgia Line,WATT","edm, country, pop country, acoustic country, ",Country,"Let Me Go (with Alesso, Florida Georgia Line & watt)",02:54,55466458,2019,Collaboration
5H4mXWKcicuLKDn4Jy0sK7,Time Flies,Drake,"rap, hip hop",Hip Hop,Dark Lane Demo Tapes,03:12,10060398,2020,Solo
5HDPtsnyb3maFmPL8LLUTG,New Man,Ed Sheeran,soft pop,Pop,÷ (Deluxe),03:09,85359155,2017,Solo
5HEtuK03ygUzqca6yfgOYZ,Lettre à une femme,Ninho,pop urbaine,Hip Hop,M.I.L.S 3,02:37,10632987,2020,Solo
5HR7yfhSCeoOHRQN05XnZQ,QUE VUELVAS,"Grupo Frontera,Carin Leon","cumbia norteña, banda, norteño, música mexicana, corrido, corridos tumbados, grupera, corridos bélicos, tejano, sierreño, ranchera, sad sierreño",Latin,El Comienzo,02:49,55975321,2023,Collaboration
5HR7yfhSCeoOHRQN05XnZQ,QUE VUELVAS,"Grupo Frontera,Carin Leon","cumbia norteña, banda, norteño, música mexicana, corrido, corridos tumbados, grupera, corridos bélicos, tejano, sierreño, ranchera, sad sierreño",Latin,El Comienzo,02:49,55975321,2024,Collaboration
5HrIcZOo1DysX53qDRlRnt,Shoong! (feat. LISA of BLACKPINK),"TAEYANG,LISA",k-pop,Pop,Down to Earth,03:25,24105136,2023,Collaboration
5HwnezK198pJCEj1l2Adjy,She Loves Control,Camila Cabello,pop,Pop,Camila,02:57,65608037,2018,Solo
5IAESfJjmOYu7cHyX557kz,Take Two,BTS,k-pop,Pop,Take Two,03:49,196842574,2023,Solo
5IZXB5IKAD2qlvTPJYDCFB,I Had Some Help (Feat. Morgan Wallen),"Post Malone,Morgan Wallen",country,Country,F-1 Trillion,02:58,337591582,2024,Collaboration
5Id5B3dxJZhPcV9GzgYZZe,Quizas,"Rich Music LTD,Sech,Dalex,Justin Quiles,Lenny Tavárez,Feid,Wisin,Zion","reggaeton, urbano latino, trap latino, argentine trap, latin",Hip Hop,The Academy,03:36,149760216,2019,Collaboration
5Id5B3dxJZhPcV9GzgYZZe,Quizas,"Rich Music LTD,Sech,Dalex,Justin Quiles,Lenny Tavárez,Feid,Wisin,Zion","reggaeton, urbano latino, trap latino, argentine trap, latin",Hip Hop,The Academy,03:36,149760216,2020,Collaboration
5IgjP7X4th6nMNDh4akUHb,Under The Influence,Chris Brown,r&b,R&B,Indigo (Extended),03:04,1295245206,2022,Solo
5IgjP7X4th6nMNDh4akUHb,Under The Influence,Chris Brown,r&b,R&B,Indigo (Extended),03:04,1295245206,2023,Solo
5IlLm20JXhKbMtsH20NblC,lo que hay x aquí,Rels B,"urbano latino, trap latino",Latin,lo que hay x aquí,02:35,16283236,2023,Solo
5In8B6Om5OKrhwBMB4tXSi,Fuel,"Eminem,JID","rap, hip hop, ",Hip Hop,The Death of Slim Shady (Coup De Grâce),03:33,19055993,2024,Collaboration
5J1c3M4EldCfNxXwrwt8mT,Traicionera,Sebastian Yatra,"colombian pop, reggaeton, latin",Pop,Traicionera,03:48,114041993,2017,Solo
5J6rTmMjF9DVIAF8G3M9n4,Wandered To LA (with Justin Bieber),"Juice WRLD,Justin Bieber","melodic rap, emo rap, ",Hip Hop,Wandered To LA (with Justin Bieber),03:09,12914041,2021,Collaboration
5J7teKIJGtqVypgYI6sqXj,Una Vez,"Bad Bunny,Mora","reggaeton, trap latino, latin, urbano latino",Latin,YHLQMDLG,03:52,22366240,2020,Collaboration
5JEx7HbmvHQQswJCsoo9rA,Close To Me (with Diplo) (feat. Swae Lee),"Ellie Goulding,Diplo,Swae Lee","moombahton, ",Electronic,Close To Me (feat. Swae Lee),03:02,330642802,2018,Collaboration
5JEx7HbmvHQQswJCsoo9rA,Close To Me (with Diplo) (feat. Swae Lee),"Ellie Goulding,Diplo,Swae Lee","moombahton, ",Electronic,Close To Me (feat. Swae Lee),03:02,330642802,2019,Collaboration
5JKnYZOhSP7rOK0jPYcCjV,t r a n s p a r e n t s o u l feat. Travis Barker,"WILLOW,Travis Barker",rap rock,Rock,lately I feel EVERYTHING,02:48,26460282,2021,Collaboration
5JUu0unA8VwhTZ9LkMWUVI,Since Way Back,"Drake,PARTYNEXTDOOR","rap, hip hop, r&b",Hip Hop,More Life,06:08,13738540,2017,Collaboration
5JdLUE9D743ob2RtgmVpVx,Makeba,Jain,french pop,Pop,Zanaka,04:09,188810484,2023,Solo
5JhUm1v5AbI5Yu6jLKCPRO,No Se Va - En Vivo,Grupo Frontera,"cumbia norteña, banda, norteño, música mexicana, corrido, corridos tumbados, grupera, corridos bélicos, tejano",Latin,No Se Va (En Vivo),03:14,127512740,2022,Solo
5Jm4w8jmPEBTLjI9vH4fXo,Caramelo,Ozuna,"reggaeton, latin, trap latino, urbano latino",Latin,ENOC,03:37,159300240,2020,Solo
5Jm4w8jmPEBTLjI9vH4fXo,Caramelo,Ozuna,"reggaeton, latin, trap latino, urbano latino",Latin,ENOC,03:37,159300240,2021,Solo
5JqZ3oqF00jkT81foAFvqg,Prisoner (feat. Dua Lipa),"Miley Cyrus,Dua Lipa",pop,Pop,Prisoner (feat. Dua Lipa),02:49,21119184,2020,Collaboration
5K6Ssv4Z3zRvxt0P6EKUAP,Heartbreak Anthem (with David Guetta & Little Mix),"Galantis,David Guetta,Little Mix","edm, dance, ",Electronic,Heartbreak Anthem (with David Guetta & Little Mix),03:03,166126723,2021,Collaboration
5KCbr5ndeby4y4ggthdiAb,Wonder,Shawn Mendes,pop,Pop,Wonder,02:52,128909115,2020,Solo
5KE9b4x7Zj2A8XtbkqhqTe,Staring At The Sun (feat. SZA),"Post Malone,SZA",r&b,R&B,Hollywood's Bleeding,02:48,12956366,2019,Collaboration
5KFHrrBMyGj5MhVbZMM3ts,Tu Veneno,J Balvin,"reggaeton, latin",Latin,Tu Veneno,02:37,12004231,2021,Solo
5KawlOMHjWeUjQtnuRs22c,Boy With Luv (feat. Halsey),"BTS,Halsey","k-pop, ",Pop,MAP OF THE SOUL : PERSONA,03:49,343802902,2019,Collaboration
5KawlOMHjWeUjQtnuRs22c,Boy With Luv (feat. Halsey),"BTS,Halsey","k-pop, ",Pop,MAP OF THE SOUL : PERSONA,03:49,343802902,2020,Collaboration
5KawlOMHjWeUjQtnuRs22c,Boy With Luv (feat. Halsey),"BTS,Halsey","k-pop, ",Pop,MAP OF THE SOUL : PERSONA,03:49,343802902,2021,Collaboration
5KbBGUpIZd6gVFUU8tqYiQ,Si Se Da,"Myke Towers,Farruko","reggaeton, trap latino, urbano latino, latin",Latin,Si Se Da,03:57,127896512,2019,Collaboration
5KfJvZ0PZzRdwFRaTUDAA7,Somebody,Jung Kook,k-pop,Pop,GOLDEN,02:48,27790554,2023,Solo
5Km4r87BoX2qqtoprYS1gh,LOCATION,"KAROL G,Anuel AA,J Balvin","reggaeton, latin, urbano latino, trap latino",Latin,LOCATION,04:25,43287514,2021,Collaboration
5Kskr9LcNYa0tpt5f0ZEJx,Calling My Phone,"Lil Tjay,6LACK","brooklyn drill, melodic rap, ",Hip Hop,Calling My Phone,03:25,143268039,2021,Collaboration
5L3ecxQnQ9qTBmnLQiwf0C,K-POP,"Travis Scott,Bad Bunny,The Weeknd","rap, reggaeton, trap latino, latin, urbano latino, ",Latin,K-POP,03:05,271316784,2023,Collaboration
5LciLoxa1gK70yIUeoHgRx,To My Love - Tainy Remix,"Bomba Estéreo,Tainy","latin alternative, reggaeton",Latin,Amanecer (Remixed),04:11,32674559,2018,Collaboration
5Lgqu1th1KqlG97OF2gWGe,Window Pain - Outro,J. Cole,rap,Hip Hop,KOD,04:46,14694319,2018,Solo
5LhI8m7n8xlQmNe3b7Rwis,Madonna,"Natanael Cano,Oscar Maydon","corridos tumbados, corrido, corridos bélicos, sad sierreño, electro corridos, sierreño, música mexicana, banda",Latin,Madonna,03:07,442637575,2024,Collaboration
5MFzQMkrl1FOOng9tq6R9r,Don't Wanna Know,"Maroon 5,Kendrick Lamar","pop, hip hop, west coast hip hop",Hip Hop,Don't Wanna Know,03:34,239876449,2017,Collaboration
5MMW4CZsZiZt2iuqAXzzWC,The Heart Part 5,Kendrick Lamar,"hip hop, west coast hip hop",Hip Hop,The Heart Part 5,05:32,20012726,2022,Solo
5MxWTfmlmRDx6VZHvB9xV8,Stay With Me,Sam Smith,soft pop,Pop,In The Lonely Hour (Deluxe),02:52,10622452,2023,Solo
5N4erncE7kuUccm7zEmwzk,Electricity,"Silk City,Dua Lipa,Mark Ronson,Diplo","pop, moombahton",Electronic,Electricity,03:58,220853050,2018,Collaboration
5N4erncE7kuUccm7zEmwzk,Electricity,"Silk City,Dua Lipa,Mark Ronson,Diplo","pop, moombahton",Electronic,Electricity,03:58,220853050,2019,Collaboration
5N5k9nd479b1xpDZ4usjrg,Promises (with Sam Smith),"Calvin Harris,Sam Smith,Jessie Reyez","edm, soft pop, ",Electronic,Promises (with Sam Smith),03:33,520088625,2018,Collaboration
5N5k9nd479b1xpDZ4usjrg,Promises (with Sam Smith),"Calvin Harris,Sam Smith,Jessie Reyez","edm, soft pop, ",Electronic,Promises (with Sam Smith),03:33,520088625,2019,Collaboration
5NAOhPAZ57eFAXr3qatS6i,Breathe,Yeat,rage rap,Hip Hop,2093,02:50,66367874,2024,Solo
5NEqpPrKdN5kkn66GPO5z1,Tiryakinim,Bayhan,"arabesk, turkish pop, turkish hip hop",Pop,Tiryakinim,03:19,13334257,2024,Solo
5NNlUMcOEOdoOIwwaWXv0k,Cold,"Maroon 5,Future","pop, rap",Pop,Cold,03:54,228581227,2017,Collaboration
5NPzbTzFxIQPaheZuPhn4f,Forever Alone,Paulo Londra,"argentine trap, trap latino, reggaeton",Hip Hop,Forever Alone,03:35,15075580,2019,Solo
5NhLA2P7AiV3cloVmwtwLS,PASIEMPRE,"Tainy,Arcángel,JHAYCO,Myke Towers,Omar Courtz,Arca","reggaeton, trap latino, urbano latino, neoperreo, experimental, art pop, hyperpop",Pop,DATA,05:55,36750446,2023,Collaboration
5NxhMcHSVY3Z7ykWxZf3aj,En La De Ella,"JHAYCO,Feid,Sech","reggaeton, trap latino, urbano latino",Latin,En La De Ella,03:50,23167233,2022,Collaboration
5O4erNlJ74PIF6kGol1ZrC,Could You Be Loved,Bob Marley & The Wailers,"reggae, roots reggae",R&B,Uprising,03:57,12428595,2024,Solo
5OCJzvD7sykQEKHH7qAC3C,God is a woman,Ariana Grande,pop,Pop,Sweetener,03:17,258238659,2018,Solo
5OCJzvD7sykQEKHH7qAC3C,God is a woman,Ariana Grande,pop,Pop,Sweetener,03:17,258238659,2019,Solo
5ONOlTiqymhzwcFjqcIT6E,Hate You,Jung Kook,k-pop,Pop,GOLDEN,02:34,40511816,2023,Solo
5Odq8ohlgIbQKMZivbWkEo,Left and Right (Feat. Jung Kook of BTS),"Charlie Puth,Jung Kook,BTS","soft pop, pop, k-pop",Pop,CHARLIE,02:34,583074524,2022,Collaboration
5Odq8ohlgIbQKMZivbWkEo,Left and Right (Feat. Jung Kook of BTS),"Charlie Puth,Jung Kook,BTS","soft pop, pop, k-pop",Pop,CHARLIE,02:34,583074524,2023,Collaboration
5P8Xvy5tzhmfyfA6GplQ8h,I Want a Hippopotamus for Christmas (Hippo the Hero),Gayla Peevey,christmas,Jazz,I Want a Hippopotamus for Christmas (Hippo the Hero),02:35,17582788,2022,Solo
5P8Xvy5tzhmfyfA6GplQ8h,I Want a Hippopotamus for Christmas (Hippo the Hero),Gayla Peevey,christmas,Jazz,I Want a Hippopotamus for Christmas (Hippo the Hero),02:35,17582788,2023,Solo
5P8Xvy5tzhmfyfA6GplQ8h,I Want a Hippopotamus for Christmas (Hippo the Hero),Gayla Peevey,christmas,Jazz,I Want a Hippopotamus for Christmas (Hippo the Hero),02:35,17582788,2024,Solo
5PB8zB1MOZASboLquvinMF,Reggaetón Lento (Remix),"CNCO,Little Mix","reggaeton, latin, ",Latin,Glory Days: The Platinum Edition,03:08,28523083,2017,Collaboration
5PB8zB1MOZASboLquvinMF,Reggaetón Lento (Remix),"CNCO,Little Mix","reggaeton, latin, ",Latin,Glory Days: The Platinum Edition,03:08,28523083,2018,Collaboration
5PIBgH1cUFwu5IiUk9tnN9,Walk On Water (feat. Beyoncé),"Eminem,Beyoncé","rap, hip hop, ",Hip Hop,Revival,05:03,22246445,2017,Collaboration
5PIBgH1cUFwu5IiUk9tnN9,Walk On Water (feat. Beyoncé),"Eminem,Beyoncé","rap, hip hop, ",Hip Hop,Revival,05:03,22246445,2018,Collaboration
5PLqXnvHH7Gh6CcfiUEr7e,Mas Altas Que Bajadas,Natanael Cano,"corridos tumbados, corrido, corridos bélicos, sad sierreño, electro corridos, sierreño, música mexicana, banda",Latin,Nata Montana,03:13,18885826,2023,Solo
5PPUw4Xo3Hz6rl4GpBfd3c,Savior - Interlude,Kendrick Lamar,"hip hop, west coast hip hop",Hip Hop,Mr. Morale & The Big Steppers,02:32,10229329,2022,Solo
5PUXKVVVQ74C3gl5vKy9Li,Heeriye (feat. Arijit Singh),"Jasleen Royal,Arijit Singh,Dulquer Salmaan","hindi pop, bollywood, gujarati pop, desi, hindi indie, bangla pop, mollywood, malayalam pop",Pop,Heeriye (feat. Arijit Singh),03:14,284646612,2023,Collaboration
5PYQUBXc7NYeI1obMKSJK0,Never Really Over,Katy Perry,pop,Pop,Never Really Over,03:43,261901432,2019,Solo
5PYQUBXc7NYeI1obMKSJK0,Never Really Over,Katy Perry,pop,Pop,Never Really Over,03:43,261901432,2020,Solo
5PZAbR6JHYYV9xp5gv0XES,Bandido,"Zé Felipe,MC Mari","piseiro, sertanejo, arrocha, agronejo, forró, sertanejo universitário, brega funk, brega, pagode baiano, funk",Country,Bandido,02:12,22130507,2022,Collaboration
5PfFHceiEv61KldMOuVrv8,Siempre Pendientes,"Peso Pluma,Luis R Conriquez","corrido, corridos tumbados, corridos bélicos, música mexicana, sad sierreño, electro corridos, banda, sierreño",Latin,Siempre Pendientes,03:06,93486287,2022,Collaboration
5PfFHceiEv61KldMOuVrv8,Siempre Pendientes,"Peso Pluma,Luis R Conriquez","corrido, corridos tumbados, corridos bélicos, música mexicana, sad sierreño, electro corridos, banda, sierreño",Latin,Siempre Pendientes,03:06,93486287,2023,Collaboration
5Q2P43CJra0uRAogjHyJDK,"Baby, It's Cold Outside (feat. Meghan Trainor)","Brett Eldredge,Meghan Trainor","country, christmas, ",Jazz,Glow,02:53,85043762,2018,Collaboration
5Q2P43CJra0uRAogjHyJDK,"Baby, It's Cold Outside (feat. Meghan Trainor)","Brett Eldredge,Meghan Trainor","country, christmas, ",Jazz,Glow,02:53,85043762,2019,Collaboration
5Q2P43CJra0uRAogjHyJDK,"Baby, It's Cold Outside (feat. Meghan Trainor)","Brett Eldredge,Meghan Trainor","country, christmas, ",Jazz,Glow,02:53,85043762,2020,Collaboration
5Q2P43CJra0uRAogjHyJDK,"Baby, It's Cold Outside (feat. Meghan Trainor)","Brett Eldredge,Meghan Trainor","country, christmas, ",Jazz,Glow,02:53,85043762,2021,Collaboration
5Q2P43CJra0uRAogjHyJDK,"Baby, It's Cold Outside (feat. Meghan Trainor)","Brett Eldredge,Meghan Trainor","country, christmas, ",Jazz,Glow,02:53,85043762,2022,Collaboration
5Q2P43CJra0uRAogjHyJDK,"Baby, It's Cold Outside (feat. Meghan Trainor)","Brett Eldredge,Meghan Trainor","country, christmas, ",Jazz,Glow,02:53,85043762,2023,Collaboration
5Q2P43CJra0uRAogjHyJDK,"Baby, It's Cold Outside (feat. Meghan Trainor)","Brett Eldredge,Meghan Trainor","country, christmas, ",Jazz,Glow,02:53,85043762,2024,Collaboration
5QDLhrAOJJdNAmCTJ8xMyW,Dynamite,BTS,k-pop,Pop,BE,03:19,307566353,2021,Solo
5QDLhrAOJJdNAmCTJ8xMyW,Dynamite,BTS,k-pop,Pop,BE,03:19,307566353,2022,Solo
5QM0SsyzmBM0pbFY52Xj1X,I'm Not The Only One,Sam Smith,soft pop,Pop,In The Lonely Hour (Deluxe),03:59,213112473,2022,Solo
5QM0SsyzmBM0pbFY52Xj1X,I'm Not The Only One,Sam Smith,soft pop,Pop,In The Lonely Hour (Deluxe),03:59,213112473,2023,Solo
5QMrH5nszZZR3nefIj6Mar,Defying Gravity,"Cynthia Erivo,Ariana Grande","musicals, pop",Classical,Wicked: The Soundtrack,07:39,54257393,2024,Collaboration
5QW9K4A1gMnIi94YUxtsfM,Phir Aur Kya Chahiye (From  Zara Hatke Zara Bachke ),"Sachin-Jigar,Arijit Singh,Amitabh Bhattacharya","gujarati pop, bollywood, hindi pop, desi, gujarati garba, bangla pop",Pop,Phir Aur Kya Chahiye (From  Zara Hatke Zara Bachke ),04:26,113997606,2023,Collaboration
5QZKcQDp0tCcvMdyqEciBV,Tommy Lee (feat. Post Malone),"Tyla Yaweh,Post Malone","melodic rap, ",Hip Hop,Tommy Lee (feat. Post Malone),03:44,26927393,2020,Collaboration
5QjmUqgpPQgXgg4606DqZF,UWAIE,Kapo,latin afrobeat,Latin,UWAIE,02:52,211001614,2024,Solo
5QskYLFPX9y7pLU0VEMNbr,Like To Be You feat. Julia Michaels,"Shawn Mendes,Julia Michaels","pop, ",Pop,Shawn Mendes,02:39,28575246,2018,Collaboration
5R691ipUYRDYW6ehapjoj6,9 5 . s o u t h,J. Cole,rap,Hip Hop,The Off-Season,03:16,21135597,2021,Solo
5R9KPXQVeyqsHZoPLMgfNy,Baby Me Atende,"Matheus Fernandes,Dilsinho","piseiro, sertanejo, pagode, forró, arrocha, sertanejo universitário, samba",Country,Baby Me Atende,03:45,17233367,2021,Collaboration
5RAIMjdrCEjpjaR5tBATXU,Aloha,"Maluma,Beéle,Rauw Alejandro,Mambo Kingz,DJ Luian,Darell","reggaeton, latin, urbano latino, trap latino, dembow",Latin,"Aloha (feat. Darell, Mambo Kingz & Dj Luian)",04:01,77268870,2021,Collaboration
5RKQ5NdjSh2QzD4MaunT91,Don't Stop Believin' (2022 Remaster),Journey,"album rock, classic rock",Rock,Escape (2022 Remaster),04:09,348041837,2023,Solo
5RKQ5NdjSh2QzD4MaunT91,Don't Stop Believin' (2022 Remaster),Journey,"album rock, classic rock",Rock,Escape (2022 Remaster),04:09,348041837,2024,Solo
5RX8T3EoTuXcybAxe6oPAw,Cha Cha Cha,Käärijä,"finnish pop, finnish hip hop",Hip Hop,Cha Cha Cha,02:55,79240502,2023,Solo
5RcxRGvmYai7kpFSfxe5GY,CHANEL,"Becky G,Peso Pluma","reggaeton, latin, corrido, corridos tumbados, corridos bélicos, música mexicana, sad sierreño, electro corridos, banda",Latin,CHANEL,03:21,258336856,2023,Collaboration
5RqSsdzTNPX1uzkmlHCFvK,QLONA,"KAROL G,Peso Pluma","reggaeton, latin, urbano latino, corrido, corridos tumbados, corridos bélicos, música mexicana, sad sierreño, electro corridos, banda",Latin,MAÑANA SERÁ BONITO (BICHOTA SEASON),02:52,1561167931,2023,Collaboration
5RqSsdzTNPX1uzkmlHCFvK,QLONA,"KAROL G,Peso Pluma","reggaeton, latin, urbano latino, corrido, corridos tumbados, corridos bélicos, música mexicana, sad sierreño, electro corridos, banda",Latin,MAÑANA SERÁ BONITO (BICHOTA SEASON),02:52,1561167931,2024,Collaboration
5RubKOuDoPn5Kj5TLVxSxY,TE MUDASTE,Bad Bunny,"reggaeton, trap latino, latin, urbano latino",Latin,EL ÚLTIMO TOUR DEL MUNDO,02:10,238397018,2020,Solo
5RubKOuDoPn5Kj5TLVxSxY,TE MUDASTE,Bad Bunny,"reggaeton, trap latino, latin, urbano latino",Latin,EL ÚLTIMO TOUR DEL MUNDO,02:10,238397018,2021,Solo
5RwV8BvLfX5injfqYodke9,Todo De Ti,Rauw Alejandro,"reggaeton, urbano latino, trap latino, latin",Latin,VICE VERSA,03:19,477884901,2021,Solo
5S1IUPueD0xE0vj4zU3nSf,Bigger Than You (feat. Drake & Quavo),"2 Chainz,Drake,Quavo","rap, southern hip hop, hip hop, ",Hip Hop,Bigger Than You feat. Drake & Quavo,03:45,25584478,2018,Collaboration
5S8VwnB4sLi6W0lYTWYylu,hey now (feat. dody6),"Kendrick Lamar,Dody6","hip hop, west coast hip hop, ",Hip Hop,GNX,03:37,48226239,2024,Collaboration
5SE57ljOIUJ1ybL9U6CuBH,DNA,BTS,k-pop,Pop,Love Yourself 承 'Her',03:43,34699890,2017,Solo
5SE57ljOIUJ1ybL9U6CuBH,DNA,BTS,k-pop,Pop,Love Yourself 承 'Her',03:43,34699890,2018,Solo
5ScbulRnixQ2XAdvrPMFjz,Get Along Better,"Drake,Ty Dolla $ign","rap, hip hop, ",Hip Hop,Certified Lover Boy,03:49,14770270,2021,Collaboration
5Se32hEA9raeboZerywxka,You Broke My Heart,Drake,"rap, hip hop",Hip Hop,For All The Dogs Scary Hours Edition,03:50,26689582,2023,Solo
5SiZJoLXp3WOl3J4C8IK0d,Darkness,Eminem,"rap, hip hop",Hip Hop,Music To Be Murdered By,05:37,24946841,2020,Solo
5SwEgzUFDHwpWHKrbnP32Z,Youth feat. Khalid,"Shawn Mendes,Khalid","pop, ",Pop,Shawn Mendes,03:10,58960434,2018,Collaboration
5SwyN9hzmWjBsINlif8li8,Ficha Limpa,Gusttavo Lima,"sertanejo, sertanejo universitário, arrocha, agronejo, piseiro, forró",Country,"Falando de Amor, Vol. 1",03:12,52564667,2021,Solo
5SxkdsY1ufZzoq9iXceLw9,no tears left to cry,Ariana Grande,pop,Pop,no tears left to cry,03:25,344788433,2018,Solo
5T03itPFOPGGkvVPvPiyla,Put It All on Me (feat. Ella Mai),"Ed Sheeran,Ella Mai","soft pop, r&b",R&B,No.6 Collaborations Project,03:17,10834365,2019,Collaboration
5T8EDUDqKcs6OSOwEsfqG7,Don't Stop Me Now - Remastered 2011,Queen,"classic rock, rock, glam rock",Rock,Jazz (2011 Remaster),03:29,439666955,2017,Solo
5T8EDUDqKcs6OSOwEsfqG7,Don't Stop Me Now - Remastered 2011,Queen,"classic rock, rock, glam rock",Rock,Jazz (2011 Remaster),03:29,439666955,2018,Solo
5T8EDUDqKcs6OSOwEsfqG7,Don't Stop Me Now - Remastered 2011,Queen,"classic rock, rock, glam rock",Rock,Jazz (2011 Remaster),03:29,439666955,2019,Solo
5T8EDUDqKcs6OSOwEsfqG7,Don't Stop Me Now - Remastered 2011,Queen,"classic rock, rock, glam rock",Rock,Jazz (2011 Remaster),03:29,439666955,2020,Solo
5T8EDUDqKcs6OSOwEsfqG7,Don't Stop Me Now - Remastered 2011,Queen,"classic rock, rock, glam rock",Rock,Jazz (2011 Remaster),03:29,439666955,2021,Solo
5T8EDUDqKcs6OSOwEsfqG7,Don't Stop Me Now - Remastered 2011,Queen,"classic rock, rock, glam rock",Rock,Jazz (2011 Remaster),03:29,439666955,2022,Solo
5T8EDUDqKcs6OSOwEsfqG7,Don't Stop Me Now - Remastered 2011,Queen,"classic rock, rock, glam rock",Rock,Jazz (2011 Remaster),03:29,439666955,2023,Solo
5T8EDUDqKcs6OSOwEsfqG7,Don't Stop Me Now - Remastered 2011,Queen,"classic rock, rock, glam rock",Rock,Jazz (2011 Remaster),03:29,439666955,2024,Solo
5TGcyccg8Hkgn9jB7gUpMN,Never Let Me Down,"VIZE,Tom Gregory","slap house, ",Electronic,Never Let Me Down,02:33,21720519,2020,Collaboration
5TJEBoTCDbJXiKMdCN9pd3,Hold Me Closer,"Elton John,Britney Spears",pop,Pop,The Lockdown Sessions,03:22,123601237,2022,Collaboration
5TMLavqGRKNxgzMBrVpC9R,Mon Amour - Remix,"zzoilo,Aitana","latin pop, ",Pop,Mon Amour (Remix),02:59,364236867,2021,Collaboration
5TMLavqGRKNxgzMBrVpC9R,Mon Amour - Remix,"zzoilo,Aitana","latin pop, ",Pop,Mon Amour (Remix),02:59,364236867,2022,Collaboration
5TOvA5Uhxti7FPh0EIdClV,Malvadinho,"MC LUUKY,DJ JB Mix","funk, trap funk, funk consciente",R&B,Menor do Desacato,02:00,14978427,2024,Collaboration
5TRPicyLGbAF2LGBFbHGvO,Flashing Lights,"Kanye West,Dwele","rap, neo soul, smooth r&b",R&B,Graduation,03:57,379688676,2023,Collaboration
5TRPicyLGbAF2LGBFbHGvO,Flashing Lights,"Kanye West,Dwele","rap, neo soul, smooth r&b",R&B,Graduation,03:57,379688676,2024,Collaboration
5TTGoX70AFrTvuEtqHK37S,No. 1 Party Anthem,Arctic Monkeys,"indie, garage rock",Rock,AM,04:03,77959148,2024,Solo
5TXDeTFVRVY7Cvt0Dw4vWW,Revenge,XXXTENTACION,emo rap,Hip Hop,17,02:00,614533514,2017,Solo
5TXDeTFVRVY7Cvt0Dw4vWW,Revenge,XXXTENTACION,emo rap,Hip Hop,17,02:00,614533514,2018,Solo
5TXDeTFVRVY7Cvt0Dw4vWW,Revenge,XXXTENTACION,emo rap,Hip Hop,17,02:00,614533514,2022,Solo
5TXDeTFVRVY7Cvt0Dw4vWW,Revenge,XXXTENTACION,emo rap,Hip Hop,17,02:00,614533514,2023,Solo
5TXDeTFVRVY7Cvt0Dw4vWW,Revenge,XXXTENTACION,emo rap,Hip Hop,17,02:00,614533514,2024,Solo
5TXLMRrIet3CQxkyBZc3yE,No Se Va,Grupo Frontera,"cumbia norteña, banda, norteño, música mexicana, corrido, corridos tumbados, grupera, corridos bélicos, tejano",Latin,No Se Va,03:14,12574207,2022,Solo
5TmZYdHW6HJ9gt7Aokuql5,SUTRA,"Sebastian Yatra,Dalmata","colombian pop, reggaeton, latin",Pop,SUTRA,03:23,116962854,2017,Collaboration
5TmZYdHW6HJ9gt7Aokuql5,SUTRA,"Sebastian Yatra,Dalmata","colombian pop, reggaeton, latin",Pop,SUTRA,03:23,116962854,2018,Collaboration
5TysCiZtv1HnSWcTcUFusI,Suena El Dembow,"Joey Montana,Sebastian Yatra","reggaeton, colombian pop, latin",Pop,Suena El Dembow,03:15,166892395,2017,Collaboration
5TysCiZtv1HnSWcTcUFusI,Suena El Dembow,"Joey Montana,Sebastian Yatra","reggaeton, colombian pop, latin",Pop,Suena El Dembow,03:15,166892395,2018,Collaboration
5UEnHoDYpsxlfzWLZIc7LD,River (feat. Ed Sheeran),"Eminem,Ed Sheeran","rap, hip hop, soft pop",Hip Hop,Revival,03:41,346255865,2017,Collaboration
5UEnHoDYpsxlfzWLZIc7LD,River (feat. Ed Sheeran),"Eminem,Ed Sheeran","rap, hip hop, soft pop",Hip Hop,Revival,03:41,346255865,2018,Collaboration
5UHK1rtK4MpBGb0KppIYh4,VINO TINTO,"Peso Pluma,Natanael Cano,Gabito Ballesteros","corrido, corridos tumbados, corridos bélicos, música mexicana, sad sierreño, electro corridos, banda, sierreño",Latin,ÉXODO,04:05,21558275,2024,Collaboration
5Uptvz6j1sjDKxidAcnH2L,SI NO ES CONTIGO,Cris Mj,"reggaeton chileno, chilean trap, chilean mambo, reggaeton",Latin,SI NO ES CONTIGO,02:36,328862532,2024,Solo
5UusfWUMMLEXLMc1ViNZoe,@ MEH,Playboi Carti,rage rap,Hip Hop,@ MEH,02:46,21774952,2020,Solo
5Uw7Dut2lZfexn3Y09swpf,Find U Again (feat. Camila Cabello),"Mark Ronson,Camila Cabello",pop,Pop,Late Night Feelings,02:56,49905567,2019,Collaboration
5VEuraNSVxMTzDTtrmL3lQ,Winter Wonderland,Bing Crosby,christmas,Jazz,Winter Wonderland,02:24,25245012,2017,Solo
5VEuraNSVxMTzDTtrmL3lQ,Winter Wonderland,Bing Crosby,christmas,Jazz,Winter Wonderland,02:24,25245012,2018,Solo
5VEuraNSVxMTzDTtrmL3lQ,Winter Wonderland,Bing Crosby,christmas,Jazz,Winter Wonderland,02:24,25245012,2019,Solo
5VEuraNSVxMTzDTtrmL3lQ,Winter Wonderland,Bing Crosby,christmas,Jazz,Winter Wonderland,02:24,25245012,2024,Solo
5VTjBl3ddZEiG2LrH4VzyR,Toma Toma Vapo Vapo,"Zé Felipe,Mc Danny","piseiro, sertanejo, arrocha, agronejo, forró, sertanejo universitário, brega funk, brega, funk",Country,Toma Toma Vapo Vapo,02:36,52077325,2021,Collaboration
5VTjBl3ddZEiG2LrH4VzyR,Toma Toma Vapo Vapo,"Zé Felipe,Mc Danny","piseiro, sertanejo, arrocha, agronejo, forró, sertanejo universitário, brega funk, brega, funk",Country,Toma Toma Vapo Vapo,02:36,52077325,2022,Collaboration
5VxmI3IdgAxWVvUnJoLuY2,Speed Drive (From Barbie The Album),Charli xcx,"hyperpop, art pop",Pop,Speed Drive (From Barbie The Album),01:57,204356840,2023,Solo
5VzNsUnLmYcRfRfxpQsusa,La Nota,"Manuel Turizo,Rauw Alejandro,Myke Towers","reggaeton, latin, colombian pop, urbano latino, trap latino",Pop,Dopamina,03:36,48380891,2021,Collaboration
5W1qmxHrMlQGGAiFA3ZQqP,Se Le Ve,"Dímelo Flow,Dalex,Sech,Justin Quiles,Arcángel,De La Ghetto,Lenny Tavárez","reggaeton, urbano latino, trap latino, argentine trap",Hip Hop,Se Le Ve,04:37,74822176,2021,Collaboration
5W1qmxHrMlQGGAiFA3ZQqP,Se Le Ve,"Dímelo Flow,Dalex,Sech,Justin Quiles,Arcángel,De La Ghetto,Lenny Tavárez","reggaeton, urbano latino, trap latino, argentine trap",Hip Hop,Se Le Ve,04:37,74822176,2022,Collaboration
5W4kiM2cUYBJXKRudNyxjW,You Proof,Morgan Wallen,country,Country,One Thing At A Time,02:37,89525734,2023,Solo
5W7DOVGQLTigu09afW7QMT,295,Sidhu Moose Wala,"punjabi hip hop, punjabi pop, bhangra, desi hip hop",Traditional music,Moosetape,04:30,13085712,2022,Solo
5W83ErFkO3aKAIS1WMi6u0,Secreto,"Anuel AA,KAROL G","reggaeton, trap latino, urbano latino, latin",Latin,Secreto,04:18,358927858,2019,Collaboration
5W8HXMOMLtXLz0RGKUtnlZ,"Last One Standing (feat. Polo G, Mozzy & Eminem) - From Venom: Let There Be Carnage","Skylar Grey,Polo G,Mozzy,Eminem","rap, hip hop",Hip Hop,"Last One Standing (feat. Polo G, Mozzy & Eminem) [From Venom: Let There Be Carnage]",04:17,32952762,2021,Collaboration
5W8jRrZ6tWrTrqnKRtIQBf,p r i d e . i s . t h e . d e v i l (with Lil Baby),"J. Cole,Lil Baby","rap, ",Hip Hop,The Off-Season,03:38,64469181,2021,Collaboration
5WoaF1B5XIEnWfmb5NZikf,Sky Walker (feat. Travis Scott),"Miguel,Travis Scott","r&b, rap",R&B,War & Leisure,04:19,109652164,2017,Collaboration
5WoaF1B5XIEnWfmb5NZikf,Sky Walker (feat. Travis Scott),"Miguel,Travis Scott","r&b, rap",R&B,War & Leisure,04:19,109652164,2018,Collaboration
5XJWEh8huqG0l9RgRyArtv,Niagara Falls (Foot or 2) [with Travis Scott & 21 Savage],"Metro Boomin,Travis Scott,21 Savage","rap, ",Hip Hop,HEROES & VILLAINS,03:27,11104668,2022,Collaboration
5XQMr19TL7Mfksq9zihbOu,Questions,Chris Brown,r&b,R&B,Questions,02:09,73178992,2017,Solo
5XVdHRf4CAJ2Jm0uMIy5qY,La Víctima,Xavi,"corridos tumbados, corrido, corridos bélicos, sad sierreño, música mexicana, banda",Latin,La Víctima,02:36,520552929,2023,Solo
5XVdHRf4CAJ2Jm0uMIy5qY,La Víctima,Xavi,"corridos tumbados, corrido, corridos bélicos, sad sierreño, música mexicana, banda",Latin,La Víctima,02:36,520552929,2024,Solo
5XWlyfo0kZ8LF7VSyfS4Ew,Drama,aespa,k-pop,Pop,Drama - The 4th Mini Album,03:34,46465056,2023,Solo
5XbA7TAqsD0fj0dGBrbb0D,I Heard You’re Married (feat. Lil Wayne),"The Weeknd,Lil Wayne","rap, hip hop",Hip Hop,Dawn FM,04:23,15848971,2022,Collaboration
5XeFesFbtLpXzIVDNQP22n,I Wanna Be Yours,Arctic Monkeys,"indie, garage rock",Rock,AM,03:03,2997028978,2022,Solo
5XeFesFbtLpXzIVDNQP22n,I Wanna Be Yours,Arctic Monkeys,"indie, garage rock",Rock,AM,03:03,2997028978,2023,Solo
5XeFesFbtLpXzIVDNQP22n,I Wanna Be Yours,Arctic Monkeys,"indie, garage rock",Rock,AM,03:03,2997028978,2024,Solo
5Xhqh4lwJPtMUTsdBztN1a,Me Gusta,"Shakira,Anuel AA","latin pop, latin, reggaeton, trap latino, urbano latino",Latin,Me Gusta,03:10,121243906,2020,Collaboration
5Xitt5a5uLQ1QtYdFxmi9e,Se Me Olvidó,Christian Nodal,"banda, ranchera, mariachi, norteño, música mexicana, grupera",Latin,Se Me Olvidó,02:39,18014181,2020,Solo
5Xn4IyTtW6FUGIUyWjbUHG,Goodbye (feat. Nicki Minaj & Willy William),"Jason Derulo,David Guetta,Nicki Minaj,Willy William","edm, dance, ",Electronic,Goodbye (feat. Nicki Minaj & Willy William),03:15,99223082,2018,Collaboration
5XqCz18k96K8tx6DAYM97i,PA' ROMPERLA,"Bad Bunny,Don Omar","reggaeton, trap latino, latin, urbano latino",Latin,LAS QUE NO IBAN A SALIR,03:14,49861469,2020,Collaboration
5Y35SjAfXjjG0sFQ3KOxmm,Nobody Gets Me,SZA,r&b,R&B,SOS,03:00,545455193,2022,Solo
5Y35SjAfXjjG0sFQ3KOxmm,Nobody Gets Me,SZA,r&b,R&B,SOS,03:00,545455193,2023,Solo
5Y35SjAfXjjG0sFQ3KOxmm,Nobody Gets Me,SZA,r&b,R&B,SOS,03:00,545455193,2024,Solo
5Y9fnynLlIvqtM710MHzfz,Síguelo Bailando,Ozuna,"reggaeton, latin, trap latino, urbano latino",Latin,Odisea,03:46,234720061,2017,Solo
5Y9fnynLlIvqtM710MHzfz,Síguelo Bailando,Ozuna,"reggaeton, latin, trap latino, urbano latino",Latin,Odisea,03:46,234720061,2018,Solo
5YABYtKx9qa56vBjlXDbmw,Snooze (Acoustic) (feat. Justin Bieber),"SZA,Justin Bieber","r&b, ",R&B,Snooze (Acoustic) (feat. Justin Bieber),03:10,11209614,2023,Collaboration
5YSHygGN9D0mID1NsVd5my,Reminds Me Of You,"Juice WRLD,The Kid LAROI","melodic rap, emo rap, ",Hip Hop,Reminds Me Of You,02:38,47501782,2020,Collaboration
5YSHygGN9D0mID1NsVd5my,Reminds Me Of You,"Juice WRLD,The Kid LAROI","melodic rap, emo rap, ",Hip Hop,Reminds Me Of You,02:38,47501782,2021,Collaboration
5YSkDxmHvzSDWTu4MaEtfa,Smoke Sprite (feat. RM of BTS),"So!YoON!,RM","k-rock, k-pop, k-rap",Pop,Episode1 : Love,04:02,12314684,2023,Collaboration
5YYW3yRktprLRr47WK219Y,Ella No Es Tuya - Remix,"Rochy RD,Myke Towers,Nicki Nicole","dembow, reggaeton, trap latino, urbano latino, argentine trap",Hip Hop,Ella No Es Tuya (Remix),03:38,184944994,2021,Collaboration
5YaskwnGDZFDRipaqzbwQx,Your Love (9PM),"ATB,Topic,A7S","trance, ",Electronic,Your Love (9PM),02:30,342475762,2021,Collaboration
5YbPxJwPfrj7uswNwoF1pJ,Last Last,Burna Boy,"afrobeats, afrobeat, afropop, afroswing, dancehall, afropiano",Traditional music,"Love, Damini",02:52,104155138,2022,Solo
5Yu1AOnIzC1tWRJ4U0uW7u,Ela e Ela,Zé Neto & Cristiano,"sertanejo, sertanejo universitário, arrocha, agronejo",Country,Chaaama,02:48,17611014,2021,Solo
5YzA563GXTuwQaRq24z1k5,Como Antes (feat. Wisin),"Yandel,Wisin","reggaeton, urbano latino, latin",Latin,#Update,03:30,54659817,2017,Collaboration
5YzA563GXTuwQaRq24z1k5,Como Antes (feat. Wisin),"Yandel,Wisin","reggaeton, urbano latino, latin",Latin,#Update,03:30,54659817,2018,Collaboration
5Z01UMMf7V1o0MzF86s6WJ,Lose Yourself,Eminem,"rap, hip hop",Hip Hop,Curtain Call: The Hits (Deluxe Edition),05:26,101786127,2017,Solo
5Z8HZM6iQMhhqyPcCGY5g9,Hot (feat. Gunna),"Young Thug,Gunna","rap, melodic rap, trap",Hip Hop,So Much Fun,03:13,97026659,2019,Collaboration
5ZJGv7aGdIr9IGpxzSG18T,Everybody (feat. Lil Uzi Vert),"Nicki Minaj,Lil Uzi Vert",melodic rap,Hip Hop,Pink Friday 2,03:00,45699136,2023,Collaboration
5ZLL6wYXeqg0k35ZkDRfhZ,Pour Me A Drink (Feat. Blake Shelton),"Post Malone,Blake Shelton",country,Country,Pour Me A Drink,03:15,49338681,2024,Collaboration
5Zlb01Jcn0Ld49zazzZJSB,WORTH NOTHING - Fast & Furious: Drift Tape/Phonk Vol 1,"TWISTED,Oliver Tree","phonk, drift phonk, ",Electronic,WORTH NOTHING (Fast & Furious: Drift Tape/Phonk Vol 1),02:44,93607232,2022,Collaboration
5Zlb01Jcn0Ld49zazzZJSB,WORTH NOTHING - Fast & Furious: Drift Tape/Phonk Vol 1,"TWISTED,Oliver Tree","phonk, drift phonk, ",Electronic,WORTH NOTHING (Fast & Furious: Drift Tape/Phonk Vol 1),02:44,93607232,2023,Collaboration
5ZrDlcxIDZyjOzHdYW1ydr,Barbie Girl,Aqua,"europop, eurodance",Pop,Aquarium (Special Edition),03:17,11982854,2023,Solo
5a8RPWgKSmcGBGcffmIrUi,Thunderclouds,"Sia,Diplo,Labrinth,LSD","moombahton, ",Electronic,Thunderclouds,03:07,110507159,2018,Collaboration
5aAx2yezTd8zXrkmtKl66Z,Starboy,"The Weeknd,Daft Punk","french house, electronic, electro",Hip Hop,Starboy,03:50,519111412,2017,Collaboration
5aAx2yezTd8zXrkmtKl66Z,Starboy,"The Weeknd,Daft Punk","french house, electronic, electro",Hip Hop,Starboy,03:50,519111412,2018,Collaboration
5aIVCx5tnk0ntmdiinnYvw,Water,Tyla,afrobeats,R&B,Water,03:20,1133269939,2023,Solo
5aIVCx5tnk0ntmdiinnYvw,Water,Tyla,afrobeats,R&B,Water,03:20,1133269939,2024,Solo
5aUSEPNd3m5xliFK4pn5mU,Good Thing (with Kehlani),"Zedd,Kehlani","edm, ",Electronic,Good Thing (with Kehlani),03:30,60931816,2019,Collaboration
5aXgz1oKK8Q9z9xvTmSnrO,Topanga,Trippie Redd,melodic rap,Hip Hop,A Love Letter To You 3,03:35,48025420,2018,Solo
5aXgz1oKK8Q9z9xvTmSnrO,Topanga,Trippie Redd,melodic rap,Hip Hop,A Love Letter To You 3,03:35,48025420,2019,Solo
5b195aHKKd6oTr4f7DoRCo,Olabilir,MERO,"german hip hop, turkish hip hop",Hip Hop,Olabilir,03:28,16386031,2019,Solo
5b2QnYcT9rQIkhRWt4HztQ,Walk On Water (feat. Beyoncé),"Eminem,Beyoncé","rap, hip hop, ",Hip Hop,Walk On Water (feat. Beyoncé),05:03,46917549,2017,Collaboration
5b3XJ1pjrHO5JtY2PcTjnI,Mamushi (feat. Yuki Chiba),"Megan Thee Stallion,Yuki Chiba",j-rap,Hip Hop,MEGAN,02:36,149455778,2024,Collaboration
5b5cPscqVEMChvDqscVw26,Training Season,Dua Lipa,pop,Pop,Radical Optimism,03:29,141703551,2024,Solo
5bITfqKGaPakO1l99hOMsI,No Quiero Amarte (feat. Zion & Lennox),"Justin Quiles,Zion & Lennox","reggaeton, latin",Latin,No Quiero Amarte (feat. Zion & Lennox),03:55,47092427,2018,Collaboration
5bZtRlMBU76vHuDOb1GM5u,Perfect Strangers,"Jonas Blue,JP Cooper","tropical house, ",Electronic,Jonas Blue: Electronic Nature - The Mix 2017,03:15,106165296,2017,Collaboration
5bcTCxgc7xVfSaMV3RuVke,"Feels (feat. Pharrell Williams, Katy Perry & Big Sean)","Calvin Harris,Pharrell Williams,Katy Perry,Big Sean,Funk Wav","edm, pop, ",Electronic,Funk Wav Bounces Vol.1,03:43,457236813,2017,Collaboration
5bcTCxgc7xVfSaMV3RuVke,"Feels (feat. Pharrell Williams, Katy Perry & Big Sean)","Calvin Harris,Pharrell Williams,Katy Perry,Big Sean,Funk Wav","edm, pop, ",Electronic,Funk Wav Bounces Vol.1,03:43,457236813,2018,Collaboration
5bi0gh89wRuH2OgjdAKFsb,Santa,"Rvssian,Rauw Alejandro,Ayra Starr","trap latino, reggaeton, urbano latino, latin, afrobeats, afrobeat, afropop, afropiano, afro soul",R&B,Santa,03:13,118946283,2024,Collaboration
5bmSver2b3ZXyuyLKtgnFI,BAD CON NICKY,"Bad Bunny,Nicky Jam","reggaeton, trap latino, latin, urbano latino",Latin,LAS QUE NO IBAN A SALIR,03:22,29176228,2020,Collaboration
5bvnqVuq7UFl0txSlHpsfS,LOYAL (feat. Drake),"PARTYNEXTDOOR,Drake","r&b, rap, hip hop",Hip Hop,LOYAL (feat. Drake),03:17,22247950,2019,Collaboration
5cBrOhKDyiJF9bPGUHKkG0,+Linda,Dalex,reggaeton,Latin,+Linda,02:41,25938206,2020,Solo
5cF0dROlMOK5uNZtivgu50,Attention,Charlie Puth,"soft pop, pop",Pop,Voicenotes,03:28,84305464,2018,Solo
5cF0dROlMOK5uNZtivgu50,Attention,Charlie Puth,"soft pop, pop",Pop,Voicenotes,03:28,84305464,2023,Solo
5cGpjfgAvidLy6znwkCxkP,Can't Be Broken,Lil Wayne,"rap, hip hop",Hip Hop,Tha Carter V,03:13,17208121,2018,Solo
5cQX9BexkPIEESTZijJhXg,i wish i hated you,Ariana Grande,pop,Pop,eternal sunshine,02:33,29867389,2024,Solo
5cXg9IQS34FzLVdHhp7hu7,Big Shot (with Travis Scott),"Kendrick Lamar,Travis Scott","hip hop, west coast hip hop, rap",Hip Hop,Black Panther The Album Music From And Inspired By,03:41,28625633,2018,Collaboration
5cepAtqnEQ6yVG6088zMMu,Corazón (feat. Nego do Borel),"Maluma,Nego do Borel","reggaeton, latin, urbano latino, funk, funk pop, brazilian funk, funk carioca, brazilian pop",Hip Hop,F.A.M.E.,03:04,33410795,2018,Collaboration
5cpJFiNwYyWwFLH0V6B3N8,Del Mar,"Ozuna,Doja Cat,Sia","reggaeton, latin, trap latino, urbano latino, ",Latin,ENOC,03:34,12748732,2020,Collaboration
5crxqqibcvoOQQgg4HjAFQ,Guy For That (Feat. Luke Combs),"Post Malone,Luke Combs",country,Country,Guy For That,02:44,38110176,2024,Collaboration
5d35jcJj7WjDQBOHCHPY6t,Melodien (feat. Juju),"Capital Bra,Juju",german hip hop,Hip Hop,Melodien (feat. Juju),02:39,21305503,2018,Collaboration
5dOxHHMOFAbG3VH23t0xNm,Righteous,Juice WRLD,"melodic rap, emo rap",Hip Hop,Legends Never Die,04:02,39860119,2020,Solo
5dW1VZPcFqB4n0P08rGDgm,The Git Up,Blanco Brown,"country hip hop, country",Country,The Git Up,03:20,98876935,2019,Solo
5dXWFMwD7I7zXsInONVl0H,I Hate U,SZA,r&b,R&B,I Hate U,02:54,138137612,2021,Solo
5dXWFMwD7I7zXsInONVl0H,I Hate U,SZA,r&b,R&B,I Hate U,02:54,138137612,2022,Solo
5dhQeuLGmlhfwlI6BWfSpo,Roller,Apache 207,german hip hop,Hip Hop,Roller,02:38,59770981,2019,Solo
5eBk8ZXcd0pb0AO4a5PpOg,Gala bunga matahari,Sal Priadi,"indonesian indie, indonesian pop",Rock,MARKERS AND SUCH PENS FLASHDISKS,03:29,41755513,2024,Solo
5eEQCfq7MXQr6aHLNRUZLs,Keii,Anuel AA,"reggaeton, trap latino, urbano latino, latin",Latin,Keii,03:30,103272487,2020,Solo
5eK52eAjFLLBNhOUIuBnBe,What Christmas Means To Me,Stevie Wonder,"motown, soul",R&B,20th Century Masters - The Best of Stevie Wonder: The Christmas Collection,02:27,19304102,2023,Solo
5eTaQYBE1yrActixMAeLcZ,Miracle (with Ellie Goulding),"Calvin Harris,Ellie Goulding","edm, ",Electronic,Miracle (with Ellie Goulding),03:06,501914636,2023,Collaboration
5eXBXreN3d1zdj6Sa8dS0u,Permission to Dance,BTS,k-pop,Pop,Permission to Dance,03:07,210845969,2021,Solo
5egD7A5x9AHdVO2fMo3Wbo,Silly Watch,Lil Uzi Vert,melodic rap,Hip Hop,Eternal Atake,03:15,20764196,2020,Solo
5elW2CKSoqjYoJ32AGDxf1,Polaroid Love,ENHYPEN,k-pop,Pop,DIMENSION : ANSWER,03:04,36883659,2022,Solo
5f1joOtoMeyppIcJGZQvqJ,Be Like That - feat. Swae Lee & Khalid,"Kane Brown,Swae Lee,Khalid","country, pop country, ",Country,Be Like That (feat. Swae Lee & Khalid),03:11,115324804,2020,Collaboration
5f5r2N4Lp9WoULWPH9zp2W,Can't Have Everything,Drake,"rap, hip hop",Hip Hop,More Life,03:48,18988761,2017,Solo
5f5tMrP3ZZbNtiLIHKOQLS,Roses - Imanbek Remix,"SAINt JHN,Imanbek",slap house,Electronic,While The World Was Burning,02:56,19510240,2020,Collaboration
5fHrHoJKfCgBd35zwIBmUK,D4L,"Future,Drake,Young Thug","rap, hip hop, melodic rap, trap",Hip Hop,Dark Lane Demo Tapes,03:09,10867967,2020,Collaboration
5fROvzNghPid8mbKNDYvpJ,YO VISTO ASÍ,Bad Bunny,"reggaeton, trap latino, latin, urbano latino",Latin,EL ÚLTIMO TOUR DEL MUNDO,03:11,34477505,2020,Solo
5fcM0StdQxMjzulVGhFkHN,8 Out Of 10,Drake,"rap, hip hop",Hip Hop,Scorpion,03:15,38979324,2018,Solo
5fpyAakgFOm4YTXkgfPzvV,ASAP,NewJeans,k-pop,Pop,NewJeans 2nd EP 'Get Up',02:14,23449306,2023,Solo
5fwSHlTEWpluwOM0Sxnh5k,Pepas,Farruko,"reggaeton, trap latino, latin",Latin,Pepas,04:47,276479845,2021,Solo
5gCg2qMPzKkW4jS4dBKdDs,Puesto Pa' Guerrial,"Bad Bunny,Myke Towers","reggaeton, trap latino, latin, urbano latino",Latin,YHLQMDLG,03:10,11534801,2020,Collaboration
5gIRPQWULwrvIt0F6pY7ph,Stranger Things (feat. OneRepublic),"Kygo,OneRepublic","tropical house, soft pop",Pop,Kids in Love,03:41,20916826,2017,Collaboration
5gIRPQWULwrvIt0F6pY7ph,Stranger Things (feat. OneRepublic),"Kygo,OneRepublic","tropical house, soft pop",Pop,Kids in Love,03:41,20916826,2018,Collaboration
5gOfC9UzZQzTyShqPMrpjT,wacced out murals,Kendrick Lamar,"hip hop, west coast hip hop",Hip Hop,GNX,05:17,54197501,2024,Solo
5gflgO9EPbIBf16n5TKnQS,Yo Voy (feat. Daddy Yankee),Zion & Lennox,"reggaeton, latin",Latin,Motivando a la Yal,03:52,184898784,2022,Solo
5goGDc74vVREyN8al8CkPh,Diplomatic Immunity,Drake,"rap, hip hop",Hip Hop,Scary Hours,04:15,25129812,2018,Solo
5gub2bpJRgJP4m4MliqtdV,Space Cadet (feat. Gunna),"Metro Boomin,Gunna",melodic rap,Hip Hop,NOT ALL HEROES WEAR CAPES,03:23,18218143,2018,Collaboration
5gx2E5aIXMRBellPZW1up5,"Pills & Automobiles (feat. Yo Gotti, A Boogie Wit Da Hoodie & Kodak Black)","Chris Brown,Yo Gotti,A Boogie Wit da Hoodie,Kodak Black","r&b, memphis rap, southern hip hop, melodic rap, ",Hip Hop,Heartbreak on a Full Moon,04:53,17176282,2017,Collaboration
5h1BN75CEh8wdSwE1xrbSe,Slow Dancing,V,k-pop,Pop,Layover,03:07,313634268,2023,Solo
5hDAT527wXWNBnJlujhuUs,Stuck In A Dream (feat. Gunna),"Lil Mosey,Gunna",melodic rap,Hip Hop,Stuck In A Dream (feat. Gunna),02:03,36766954,2019,Collaboration
5hEM0JchdVzQ5PwvSfITeX,Me Llamas (feat. Maluma) - Remix,"Piso 21,Maluma","reggaeton, colombian pop, pop urbano, latin, urbano latino",Pop,Me Llamas (feat. Maluma) [Remix],03:30,189225979,2017,Collaboration
5hcisvFMidkMJlElTO9Qmw,Sensualidad,"Bad Bunny,Prince Royce,J Balvin,Mambo Kingz,DJ Luian","reggaeton, trap latino, latin, urbano latino, bachata, bachata pop",Latin,Sensualidad,04:57,272839143,2017,Collaboration
5hcisvFMidkMJlElTO9Qmw,Sensualidad,"Bad Bunny,Prince Royce,J Balvin,Mambo Kingz,DJ Luian","reggaeton, trap latino, latin, urbano latino, bachata, bachata pop",Latin,Sensualidad,04:57,272839143,2018,Collaboration
5hnbE5BF2e8BCk9OMR1UVC,Mikrokosmos,BTS,k-pop,Pop,MAP OF THE SOUL : PERSONA,03:44,18801822,2019,Solo
5ho7VSXSmI2KM2nDjcnLyz,man at the garden,Kendrick Lamar,"hip hop, west coast hip hop",Hip Hop,GNX,03:53,33059829,2024,Solo
5hslUAKq9I9CG2bAulFkHN,It's the Most Wonderful Time of the Year,Andy Williams,christmas,Jazz,The Andy Williams Christmas Album,02:31,132416779,2017,Solo
5hslUAKq9I9CG2bAulFkHN,It's the Most Wonderful Time of the Year,Andy Williams,christmas,Jazz,The Andy Williams Christmas Album,02:31,132416779,2018,Solo
5hslUAKq9I9CG2bAulFkHN,It's the Most Wonderful Time of the Year,Andy Williams,christmas,Jazz,The Andy Williams Christmas Album,02:31,132416779,2019,Solo
5humEOJehpAwMJEJmb0JJ2,The Christmas Song (Merry Christmas To You),Nat King Cole,"christmas, adult standards, vocal jazz",Easy listening,The Nat King Cole Story,03:10,195203443,2017,Solo
5humEOJehpAwMJEJmb0JJ2,The Christmas Song (Merry Christmas To You),Nat King Cole,"christmas, adult standards, vocal jazz",Easy listening,The Nat King Cole Story,03:10,195203443,2023,Solo
5humEOJehpAwMJEJmb0JJ2,The Christmas Song (Merry Christmas To You),Nat King Cole,"christmas, adult standards, vocal jazz",Easy listening,The Nat King Cole Story,03:10,195203443,2024,Solo
5hvwx5i67IwnCkjl9VHkNv,Diamonds,Sam Smith,soft pop,Pop,Diamonds,03:33,48551672,2020,Solo
5i50gKdLAjjIr7UxRT5IVy,Alguien Robo,"Sebastian Yatra,Nacho,Wisin","colombian pop, reggaeton, latin",Pop,Alguien Robó,03:43,89284653,2017,Collaboration
5iJKGpnFfvbjZJeAtwXfCj,28,Zach Bryan,"country, red dirt",Country,The Great American Bar Scene,03:53,62259831,2024,Solo
5icOoE6VgqFKohjWWNp0Ac,Here With Me,"Marshmello,CHVRCHES","edm, synthpop",Electronic,Here With Me,02:36,272374472,2019,Collaboration
5ildQOEKmJuWGl2vRkFdYc,DESPECHÁ,ROSALÍA,latin,Latin,DESPECHÁ,02:37,176813170,2022,Solo
5itOtNx0WxtJmi1TQ3RuRd,Giant (with Rag'n'Bone Man),"Calvin Harris,Rag'n'Bone Man","edm, ",Electronic,Giant (with Rag'n'Bone Man),03:49,278801574,2019,Collaboration
5iwz1NiezX7WWjnCgY5TH4,Calma - Remix,"Pedro Capó,Farruko","latin pop, latin, reggaeton, trap latino",Latin,Calma (Remix),03:58,677924614,2018,Collaboration
5iwz1NiezX7WWjnCgY5TH4,Calma - Remix,"Pedro Capó,Farruko","latin pop, latin, reggaeton, trap latino",Latin,Calma (Remix),03:58,677924614,2019,Collaboration
5iwz1NiezX7WWjnCgY5TH4,Calma - Remix,"Pedro Capó,Farruko","latin pop, latin, reggaeton, trap latino",Latin,Calma (Remix),03:58,677924614,2020,Collaboration
5ixdmTpCmH5diBA1j154wN,UN PREVIEW,Bad Bunny,"reggaeton, trap latino, latin, urbano latino",Latin,nadie sabe lo que va a pasar mañana,02:45,169346688,2023,Solo
5ixqGGFu0hdHfErdp32QwT,Jenifer,Gabriel Diniz,"forró, sertanejo, sertanejo universitário, arrocha",Country,Jenifer,02:40,13846360,2019,Solo
5jFA0f4ZDGLbQP4nxzL8D4,HAY LUPITA,Lomiiel,dembow,Latin,HAY LUPITA,01:45,57582193,2024,Solo
5jW3rF4URMdK7tO2xjS5EI,Tal Vez,Paulo Londra,"argentine trap, trap latino, reggaeton",Hip Hop,Homerun,04:23,172766601,2019,Solo
5jZ32WOU7sqzDYbzINwMUk,SORRY PAPI,"Bad Bunny,ABRA","reggaeton, trap latino, latin, urbano latino, alternative r&b",R&B,EL ÚLTIMO TOUR DEL MUNDO,02:43,11957892,2020,Collaboration
5jt25aFjW2kNoBqaEVaz5W,LA INOCENTE,"Mora,Feid","urbano latino, reggaeton, trap latino",Latin,MICRODOSIS,03:22,460645349,2022,Collaboration
5jt25aFjW2kNoBqaEVaz5W,LA INOCENTE,"Mora,Feid","urbano latino, reggaeton, trap latino",Latin,MICRODOSIS,03:22,460645349,2023,Collaboration
5jzEwSyyymBlf1fa1o39T2,512,"Mora,JHAYCO","urbano latino, reggaeton, trap latino",Latin,Primer Dia de Clases,03:13,134452371,2021,Collaboration
5kVZxyMY1gfdCLiChsfjn1,Yo No Soy Celoso,Bad Bunny,"reggaeton, trap latino, latin, urbano latino",Latin,Un Verano Sin Ti,03:50,185622214,2022,Solo
5kkaSMcf4BFlhRRICCKZb6,Something Special,Pop Smoke,"brooklyn drill, drill, new york drill",Hip Hop,Shoot For The Stars Aim For The Moon,02:38,10958084,2020,Solo
5knuzwU65gJK7IF5yJsuaW,Rockabye (feat. Sean Paul & Anne-Marie),"Clean Bandit,Sean Paul,Anne-Marie","dancehall, ",Traditional music,Rockabye (feat. Sean Paul & Anne-Marie),04:11,516367734,2017,Collaboration
5knuzwU65gJK7IF5yJsuaW,Rockabye (feat. Sean Paul & Anne-Marie),"Clean Bandit,Sean Paul,Anne-Marie","dancehall, ",Traditional music,Rockabye (feat. Sean Paul & Anne-Marie),04:11,516367734,2018,Collaboration
5kpxVMDvYGRmNqawPqDTYR,JGL,"La Adictiva,Luis R Conriquez","banda, norteño, corrido, grupera, corridos bélicos, corridos tumbados, electro corridos, sad sierreño, sierreño, música mexicana",Latin,JGL,02:38,42217389,2022,Collaboration
5kpxVMDvYGRmNqawPqDTYR,JGL,"La Adictiva,Luis R Conriquez","banda, norteño, corrido, grupera, corridos bélicos, corridos tumbados, electro corridos, sad sierreño, sierreño, música mexicana",Latin,JGL,02:38,42217389,2023,Collaboration
5kqNIqFjijuzvVLhuY9B8j,La Zona,Bad Bunny,"reggaeton, trap latino, latin, urbano latino",Latin,YHLQMDLG,02:16,59057365,2020,Solo
5kqNIqFjijuzvVLhuY9B8j,La Zona,Bad Bunny,"reggaeton, trap latino, latin, urbano latino",Latin,YHLQMDLG,02:16,59057365,2022,Solo
5lCxlSBFyP5g4EhVypAoOu,Au DD,PNL,pop urbaine,Hip Hop,Deux frères,04:07,14014084,2019,Solo
5lKFO0PrOC9jmOlPEdjHsL,DOS DÍAS,"Tito Double P,Peso Pluma","corrido, corridos tumbados, corridos bélicos, electro corridos, música mexicana, sad sierreño, banda",Latin,INCÓMODO,02:33,272479956,2024,Collaboration
5lLNBIyjp72btcnrjBG751,t h e . c l i m b . b a c k,J. Cole,rap,Hip Hop,The Off-Season,05:06,13549075,2021,Solo
5lcIegmdblnWqT9nS9EhZj,Up Up And Away,Juice WRLD,"melodic rap, emo rap",Hip Hop,Legends Never Die,02:27,18538676,2020,Solo
5lfWrciYtohtIMVDVZd0Rf,"Stay With Me (with Justin Timberlake, Halsey, & Pharrell)","Calvin Harris,Justin Timberlake,Halsey,Pharrell Williams","edm, ",Electronic,"Stay With Me (with Justin Timberlake, Halsey, & Pharrell)",03:49,17016895,2022,Collaboration
5lkpeJwmQKgY3bX2zChjxX,Someone Like You,Adele,soft pop,Pop,21,04:45,184650098,2021,Solo
5lkpeJwmQKgY3bX2zChjxX,Someone Like You,Adele,soft pop,Pop,21,04:45,184650098,2022,Solo
5lkpeJwmQKgY3bX2zChjxX,Someone Like You,Adele,soft pop,Pop,21,04:45,184650098,2024,Solo
5lwVd35Zg6DJ4qibVMq99H,Date La Vuelta,"Luis Fonsi,Sebastian Yatra,Nicky Jam","latin, colombian pop, reggaeton",Pop,Date La Vuelta,03:39,16540923,2019,Collaboration
5m3jpKkgkfoMcym1qjToFg,Jangueo,"Alex Rose,Rafa Pabön","trap latino, reggaeton, urbano latino",Latin,LOST,04:19,116980547,2020,Collaboration
5m5aY6S9ttfIG157xli2Rs,Alô Ambev (Segue Sua Vida) - Ao Vivo,Zé Neto & Cristiano,"sertanejo, sertanejo universitário, arrocha, agronejo",Country,Por Mais Beijos Ao Vivo,02:49,22850593,2020,Solo
5m5aY6S9ttfIG157xli2Rs,Alô Ambev (Segue Sua Vida) - Ao Vivo,Zé Neto & Cristiano,"sertanejo, sertanejo universitário, arrocha, agronejo",Country,Por Mais Beijos Ao Vivo,02:49,22850593,2021,Solo
5mCPDVBb16L4XQwDdbRUpz,Passionfruit,Drake,"rap, hip hop",Hip Hop,More Life,04:58,42051021,2018,Solo
5mey7CLLuFToM2P68Qu1gF,Andas En Mi Cabeza,"Chino & Nacho,Daddy Yankee","merengue, reggaeton, latin",Latin,Andas En Mi Cabeza,04:07,43765722,2017,Collaboration
5mg3VB3Qh7jcR5kAAC4DSV,Cupid,FIFTY FIFTY,k-pop,Pop,The Beginning: Cupid,02:54,113924816,2023,Solo
5mqzhMuUpvnMfwNz6iepmO,"Welcome to the Party (with French Montana & Lil Pump, feat. Zhavia Ward) - from Deadpool 2","Diplo,French Montana,Lil Pump,Zhavia","moombahton, ",Electronic,"Welcome to the Party (with French Montana & Lil Pump, feat. Zhavia Ward) [from Deadpool 2]",03:01,26897467,2018,Collaboration
5nCthAh3jt4xKuLJAifAaR,Harleys In Hawaii,Katy Perry,pop,Pop,Harleys In Hawaii,03:05,26733744,2019,Solo
5nhwuGvAsR1a3ITEv8SfG6,We Wish You A Merry Christmas,The Weavers,christmas,Jazz,We Wish You A Merry Christmas,02:27,13168719,2024,Solo
5nujrmhLynf4yMoMtj8AQF,Levitating (feat. DaBaby),"Dua Lipa,DaBaby","pop, ",Pop,Future Nostalgia,03:23,1552376769,2020,Collaboration
5nujrmhLynf4yMoMtj8AQF,Levitating (feat. DaBaby),"Dua Lipa,DaBaby","pop, ",Pop,Future Nostalgia,03:23,1552376769,2021,Collaboration
5nujrmhLynf4yMoMtj8AQF,Levitating (feat. DaBaby),"Dua Lipa,DaBaby","pop, ",Pop,Future Nostalgia,03:23,1552376769,2022,Collaboration
5nujrmhLynf4yMoMtj8AQF,Levitating (feat. DaBaby),"Dua Lipa,DaBaby","pop, ",Pop,Future Nostalgia,03:23,1552376769,2023,Collaboration
5o4yGlG0PfeVUa6ClIyOxq,Boys,Charli xcx,"hyperpop, art pop",Pop,Boys,02:42,13851107,2017,Solo
5oH4DQAuu1J1800RzUsBWa,That That (prod. & feat. SUGA of BTS),"PSY,SUGA",k-pop,Pop,PSY 9th,02:54,57882567,2022,Collaboration
5oYVxFt2k4SkVp6wzVsFWN,"Ride Or Die, Pt. 2 (with Villano Antillano & Tokischa)","Sevdaliza,Villano Antillano,Tokischa","neoperreo, dembow",Latin,"Ride Or Die, Pt. 2",02:38,81868723,2024,Collaboration
5p3NP9mQblDsVJLdfNZJ3I,GOD.,Kendrick Lamar,"hip hop, west coast hip hop",Hip Hop,DAMN.,04:08,24647614,2017,Solo
5p56JT5F9a1z9pwXnqTg7d,Worldwide Steppers,Kendrick Lamar,"hip hop, west coast hip hop",Hip Hop,Mr. Morale & The Big Steppers,03:23,21216657,2022,Solo
5p8ThxM2OhJ0igfxkz0Z1q,Wild Flower (with youjeen),RM,"k-pop, k-rap",Pop,Indigo,04:33,26108329,2022,Solo
5pAbCxt9e3f81lOmjIXwzd,Be Honest (feat. Burna Boy),"Jorja Smith,Burna Boy","afrobeats, afrobeat, afropop, afroswing, dancehall, afropiano",Traditional music,Be Honest (feat. Burna Boy),03:27,44531910,2019,Collaboration
5pIVEk6Di7n1v5khOzJaJL,Overtime,Zach Bryan,"country, red dirt",Country,Zach Bryan,03:10,12509478,2023,Solo
5pVJ3IlnpIorU44oXizzG5,Orion,"Boza,ELENA ROSE","reggaeton, urbano latino, latin r&b",R&b,Orion,04:00,16291101,2024,Collaboration
5pXy29xzxR3aTB0SYRI590,Blanco,J Balvin,"reggaeton, latin",Latin,Colores,02:25,31161076,2020,Solo
5pcjystBtalYeqaiXCcgEY,You All Over Me (feat. Maren Morris) (Taylor’s Version) (From The Vault),"Taylor Swift,Maren Morris",country,Country,You All Over Me (feat. Maren Morris) (Taylor’s Version) (From The Vault),03:40,16213911,2021,Collaboration
5px6upUHM3fhOP621Edp4V,Physical,Dua Lipa,pop,Pop,Physical,03:13,113569441,2020,Solo
5q0EXnBYyeCdXD72FzJxH0,Illusion,Dua Lipa,pop,Pop,Radical Optimism,03:08,20456359,2024,Solo
5q2JbCNi4FcnglgPfxcV65,Sola (Remix),"Anuel AA,Daddy Yankee,Zion & Lennox,Farruko,Wisin","reggaeton, trap latino, urbano latino, latin",Latin,Sola (Remix),05:07,202628348,2017,Collaboration
5q86iSKkBtOoNkdgEDY5WV,VISTA AL MAR,Quevedo,reggaeton,Latin,DONDE QUIERO ESTAR,03:00,141389078,2023,Solo
5qFeMRz4TvetPmzjre9Dq7,No Es Justo,"J Balvin,Zion & Lennox","reggaeton, latin",Latin,Vibras,04:10,254070142,2018,Collaboration
5qFeMRz4TvetPmzjre9Dq7,No Es Justo,"J Balvin,Zion & Lennox","reggaeton, latin",Latin,Vibras,04:10,254070142,2019,Collaboration
5qN4HFkapdAOV94XPryVof,Black Panther,Kendrick Lamar,"hip hop, west coast hip hop",Hip Hop,Black Panther The Album Music From And Inspired By,02:10,15371561,2018,Solo
5qP24CrDI0rmY5zwRvUfzU,AHORA QUÉ,Quevedo,reggaeton,Latin,DONDE QUIERO ESTAR,02:51,28781542,2023,Solo
5qqabIl2vWzo9ApSC317sa,WONDERWaLL - Remastered,Oasis,"britpop, madchester",Pop,(What's The Story) Morning Glory? [Remastered],04:18,469882876,2017,Solo
5qqabIl2vWzo9ApSC317sa,WONDERWaLL - Remastered,Oasis,"britpop, madchester",Pop,(What's The Story) Morning Glory? [Remastered],04:18,469882876,2018,Solo
5qqabIl2vWzo9ApSC317sa,WONDERWaLL - Remastered,Oasis,"britpop, madchester",Pop,(What's The Story) Morning Glory? [Remastered],04:18,469882876,2019,Solo
5qqabIl2vWzo9ApSC317sa,WONDERWaLL - Remastered,Oasis,"britpop, madchester",Pop,(What's The Story) Morning Glory? [Remastered],04:18,469882876,2020,Solo
5qqabIl2vWzo9ApSC317sa,WONDERWaLL - Remastered,Oasis,"britpop, madchester",Pop,(What's The Story) Morning Glory? [Remastered],04:18,469882876,2021,Solo
5qqabIl2vWzo9ApSC317sa,WONDERWaLL - Remastered,Oasis,"britpop, madchester",Pop,(What's The Story) Morning Glory? [Remastered],04:18,469882876,2024,Solo
5qzLdvRViHUrRNdkpakG7C,BATICANO,Bad Bunny,"reggaeton, trap latino, latin, urbano latino",Latin,nadie sabe lo que va a pasar mañana,04:16,28044294,2023,Solo
5rFj8OzffT0iggSjcBaeND,Fire On Fire - From  Watership Down ,Sam Smith,soft pop,Pop,Fire On Fire (From  Watership Down ),04:06,42144197,2018,Solo
5rFj8OzffT0iggSjcBaeND,Fire On Fire - From  Watership Down ,Sam Smith,soft pop,Pop,Fire On Fire (From  Watership Down ),04:06,42144197,2019,Solo
5rJ7bdPmr8nfmm2JQ8xHOz,POP!,NAYEON,k-pop,Pop,IM NAYEON,02:48,81419786,2022,Solo
5rU6kDNXZLXIinFezpbWbO,Tap (feat. Meek Mill),"NAV,Meek Mill","melodic rap, rap",Hip Hop,Bad Habits (Deluxe),02:28,15876992,2019,Collaboration
5rW7qTn83sCKtqBoneJs63,edamame,"bbno$,Rich Brian","meme rap, ",Hip Hop,eat ya veggies,02:13,70940528,2021,Collaboration
5rW7qTn83sCKtqBoneJs63,edamame,"bbno$,Rich Brian","meme rap, ",Hip Hop,eat ya veggies,02:13,70940528,2022,Collaboration
5rZlwNFl01HqLWBQGryKSm,Mood Swings (feat. Lil Tjay),"Pop Smoke,Lil Tjay","brooklyn drill, drill, new york drill, melodic rap",Hip Hop,Shoot For The Stars Aim For The Moon,03:33,339335642,2020,Collaboration
5rZlwNFl01HqLWBQGryKSm,Mood Swings (feat. Lil Tjay),"Pop Smoke,Lil Tjay","brooklyn drill, drill, new york drill, melodic rap",Hip Hop,Shoot For The Stars Aim For The Moon,03:33,339335642,2021,Collaboration
5raTDhlbxFDnpn89bxArdH,That Way,"Lil Uzi Vert,WanMor","melodic rap, ",Hip Hop,That Way,03:32,15443448,2020,Collaboration
5rb9QrpfcKFHM1EUbSIurX,Yeah! (feat. Lil Jon & Ludacris),"USHER,Lil Jon,Ludacris","r&b, crunk, southern hip hop",Hip Hop,Confessions (Expanded Edition),04:10,57074089,2020,Collaboration
5rb9QrpfcKFHM1EUbSIurX,Yeah! (feat. Lil Jon & Ludacris),"USHER,Lil Jon,Ludacris","r&b, crunk, southern hip hop",Hip Hop,Confessions (Expanded Edition),04:10,57074089,2023,Collaboration
5rb9QrpfcKFHM1EUbSIurX,Yeah! (feat. Lil Jon & Ludacris),"USHER,Lil Jon,Ludacris","r&b, crunk, southern hip hop",Hip Hop,Confessions (Expanded Edition),04:10,57074089,2024,Collaboration
5reQI13tWWYDLMrGcUF4Mk,Nuestra Canción,"Monsieur Periné,Vicente Garcia","colombian pop, latin alternative, guaracha, latin indie, latin folk, spanish-language reggae, bachata",Latin,Caja de Música,04:20,20665986,2021,Collaboration
5rlXuCLnMdfo85079qXHoz,FUK SUMN,"Kanye West,Ty Dolla $ign","rap, ",Hip Hop,VULTURES 1,03:29,17808562,2024,Collaboration
5rohUzwEoRsUvAA1Bf3DLo,Dos Oruguitas,Sebastian Yatra,"colombian pop, reggaeton, latin",Pop,Encanto (Original Motion Picture Soundtrack),03:34,49754678,2022,Solo
5rurggqwwudn9clMdcchxT,"Calling (Spider-Man: Across the Spider-Verse) (Metro Boomin & Swae Lee, NAV, feat. A Boogie Wit da Hoodie)","Metro Boomin,Swae Lee,NAV,A Boogie Wit da Hoodie",melodic rap,Hip Hop,METRO BOOMIN PRESENTS SPIDER-MAN: ACROSS THE SPIDER-VERSE (SOUNDTRACK FROM AND INSPIRED BY THE MOTION PICTURE),03:39,220423906,2023,Collaboration
5ry2OE6R2zPQFDO85XkgRb,Money In The Grave (Drake ft. Rick Ross),"Drake,Rick Ross","rap, hip hop, southern hip hop",Hip Hop,The Best In The World Pack,03:25,499848542,2019,Collaboration
5ry2OE6R2zPQFDO85XkgRb,Money In The Grave (Drake ft. Rick Ross),"Drake,Rick Ross","rap, hip hop, southern hip hop",Hip Hop,The Best In The World Pack,03:25,499848542,2020,Collaboration
5s8LepdwU0THzpd0M7nLsa,Te Soñé De Nuevo,Ozuna,"reggaeton, latin, trap latino, urbano latino",Latin,Te Soñé De Nuevo,03:19,51390232,2019,Solo
5sWbwccBcyHsg5LEKWGZo9,BRACKETS,J. Cole,rap,Hip Hop,KOD,05:15,17773711,2018,Solo
5sbooPcNgIE22DwO0VNGUJ,POP/STARS,"K/DA,Madison Beer,(G)I-DLE,Jaira Burns,League of Legends","k-pop, ",Pop,POP/STARS,03:11,18919213,2018,Collaboration
5sdQ7VUx6GOfsRoSxnK1YG,110,"Capital Bra,Samra,LEA","german hip hop, german pop",Hip Hop,110,03:14,19127787,2019,Collaboration
5sdQOyqq2IDhvmx2lHOpwd,Super Shy,NewJeans,k-pop,Pop,NewJeans 'Super Shy',02:34,778708785,2023,Solo
5sdQOyqq2IDhvmx2lHOpwd,Super Shy,NewJeans,k-pop,Pop,NewJeans 'Super Shy',02:34,778708785,2024,Solo
5sdb5pMhcK44SSLsj1moUh,I Found You (with Calvin Harris),"benny blanco,Calvin Harris",edm,Electronic,I Found You (with Calvin Harris),03:11,31422742,2018,Collaboration
5stPVcRqb4qixbafP9e8lt,Hola - Remix,"Dalex,Lenny Tavárez,Chencho Corleone,Juhn,Dímelo Flow","reggaeton, urbano latino, trap latino, argentine trap",Hip Hop,Hola (Remix),04:09,293249385,2019,Collaboration
5stPVcRqb4qixbafP9e8lt,Hola - Remix,"Dalex,Lenny Tavárez,Chencho Corleone,Juhn,Dímelo Flow","reggaeton, urbano latino, trap latino, argentine trap",Hip Hop,Hola (Remix),04:09,293249385,2020,Collaboration
5tEaVciE2GnR28aN6W9cLS,FUK SUMN,"¥$,Kanye West,Ty Dolla $ign","rap, ",Hip Hop,VULTURES 1,03:29,40125535,2024,Collaboration
5tFep7dXGd7vEJ668wTPux,Both (feat. Drake),"Gucci Mane,Drake","southern hip hop, rap, trap, hip hop",Hip Hop,The Return of East Atlanta Santa,03:10,35628944,2017,Collaboration
5u6vkDnOyaf8LsteDAj2ub,Ghostface Killers (feat. Travis Scott),"21 Savage,Offset,Metro Boomin,Travis Scott",rap,Hip Hop,Without Warning,04:28,71370295,2017,Collaboration
5u6vkDnOyaf8LsteDAj2ub,Ghostface Killers (feat. Travis Scott),"21 Savage,Offset,Metro Boomin,Travis Scott",rap,Hip Hop,Without Warning,04:28,71370295,2018,Collaboration
5u7twkeask1VIyDeNTElSU,Sal y Perrea,Sech,"reggaeton, urbano latino",Latin,42,03:36,108123209,2021,Solo
5uCax9HTNlzGybIStD3vDh,Say You Won't Let Go,James Arthur,soft pop,Pop,Back from the Edge,03:31,2460387818,2017,Solo
5uCax9HTNlzGybIStD3vDh,Say You Won't Let Go,James Arthur,soft pop,Pop,Back from the Edge,03:31,2460387818,2018,Solo
5uCax9HTNlzGybIStD3vDh,Say You Won't Let Go,James Arthur,soft pop,Pop,Back from the Edge,03:31,2460387818,2019,Solo
5uCax9HTNlzGybIStD3vDh,Say You Won't Let Go,James Arthur,soft pop,Pop,Back from the Edge,03:31,2460387818,2020,Solo
5uCax9HTNlzGybIStD3vDh,Say You Won't Let Go,James Arthur,soft pop,Pop,Back from the Edge,03:31,2460387818,2021,Solo
5uCax9HTNlzGybIStD3vDh,Say You Won't Let Go,James Arthur,soft pop,Pop,Back from the Edge,03:31,2460387818,2022,Solo
5uCax9HTNlzGybIStD3vDh,Say You Won't Let Go,James Arthur,soft pop,Pop,Back from the Edge,03:31,2460387818,2023,Solo
5uCax9HTNlzGybIStD3vDh,Say You Won't Let Go,James Arthur,soft pop,Pop,Back from the Edge,03:31,2460387818,2024,Solo
5uEYRdEIh9Bo4fpjDd4Na9,Goosebumps - Remix,"Travis Scott,HVME","rap, slap house",Hip Hop,Goosebumps (Remix),02:42,356408615,2021,Collaboration
5uSFGgIfHMT3osrAd9n9ym,Forget Me,Lewis Capaldi,soft pop,Pop,Forget Me,03:23,81676000,2022,Solo
5uU1uuyaUIBOiiUSQG7Wl3,You Proof,Morgan Wallen,country,Country,You Proof,02:37,17303042,2022,Solo
5ug4vqGZ3eisGhY1IsziNX,Best Part of Me (feat. YEBBA),"Ed Sheeran,Yebba","soft pop, ",Pop,Best Part of Me (feat. YEBBA),04:03,10056035,2019,Collaboration
5unjCay0kUjuej5ebn4nS4,Down In Atlanta,"Pharrell Williams,Travis Scott",rap,Hip Hop,Down In Atlanta,02:44,13089713,2022,Collaboration
5vC8UAOHeG95ehRzZChniB,Ai Preto,"L7NNON,DJ Biel do Furduncinho,Bianca","brazilian trap, brazilian hip hop, trap funk, trap, funk carioca, brazilian funk, funk, brega funk",Hip Hop,Ai Preto,02:11,36051900,2022,Collaboration
5vGLcdRuSbUhD8ScwsGSdA,Whoopty,CJ,dembow,Latin,Whoopty,02:03,231603951,2020,Solo
5vGLcdRuSbUhD8ScwsGSdA,Whoopty,CJ,dembow,Latin,Whoopty,02:03,231603951,2021,Solo
5vNRhkKd0yEAg8suGBpjeY,APT.,"ROSÉ,Bruno Mars","k-pop, ",Pop,APT.,02:49,503215072,2024,Collaboration
5vdp5UmvTsnMEMESIF2Ym7,Another One Bites The Dust - Remastered 2011,Queen,"classic rock, rock, glam rock",Rock,The Game (2011 Remaster),03:34,506194386,2018,Solo
5vdp5UmvTsnMEMESIF2Ym7,Another One Bites The Dust - Remastered 2011,Queen,"classic rock, rock, glam rock",Rock,The Game (2011 Remaster),03:34,506194386,2019,Solo
5vdp5UmvTsnMEMESIF2Ym7,Another One Bites The Dust - Remastered 2011,Queen,"classic rock, rock, glam rock",Rock,The Game (2011 Remaster),03:34,506194386,2020,Solo
5vdp5UmvTsnMEMESIF2Ym7,Another One Bites The Dust - Remastered 2011,Queen,"classic rock, rock, glam rock",Rock,The Game (2011 Remaster),03:34,506194386,2021,Solo
5vdp5UmvTsnMEMESIF2Ym7,Another One Bites The Dust - Remastered 2011,Queen,"classic rock, rock, glam rock",Rock,The Game (2011 Remaster),03:34,506194386,2022,Solo
5w9c2J52mkdntKOmRLeM2m,Con Calma,"Daddy Yankee,Snow","reggaeton, latin, ",Latin,Con Calma,03:13,747154168,2019,Collaboration
5w9c2J52mkdntKOmRLeM2m,Con Calma,"Daddy Yankee,Snow","reggaeton, latin, ",Latin,Con Calma,03:13,747154168,2020,Collaboration
5wG3HvLhF6Y5KTGlK0IW3J,Trance (with Travis Scott & Young Thug),"Metro Boomin,Travis Scott,Young Thug","rap, melodic rap, trap",Hip Hop,HEROES & VILLAINS,03:14,649381162,2022,Collaboration
5wG3HvLhF6Y5KTGlK0IW3J,Trance (with Travis Scott & Young Thug),"Metro Boomin,Travis Scott,Young Thug","rap, melodic rap, trap",Hip Hop,HEROES & VILLAINS,03:14,649381162,2023,Collaboration
5wG3HvLhF6Y5KTGlK0IW3J,Trance (with Travis Scott & Young Thug),"Metro Boomin,Travis Scott,Young Thug","rap, melodic rap, trap",Hip Hop,HEROES & VILLAINS,03:14,649381162,2024,Collaboration
5wWAwzGp2OaaoIkwcz6wZs,Life's A Mess (feat. Halsey),"Juice WRLD,Halsey","melodic rap, emo rap, ",Hip Hop,Legends Never Die,03:22,16524981,2020,Collaboration
5wjsJIUf6pdrwauPDae43o,El Jefe,"Shakira,Fuerza Regida","latin pop, latin, corrido, corridos tumbados, corridos bélicos, música mexicana, banda, electro corridos, sierreño, sad sierreño",Latin,El Jefe,02:50,68780388,2023,Collaboration
5wujBwqG7INdStqGd4tRMX,Armed And Dangerous,Juice WRLD,"melodic rap, emo rap",Hip Hop,Goodbye & Good Riddance,02:49,109205451,2018,Solo
5wujBwqG7INdStqGd4tRMX,Armed And Dangerous,Juice WRLD,"melodic rap, emo rap",Hip Hop,Goodbye & Good Riddance,02:49,109205451,2019,Solo
5ww2BF9slyYgNOk37BlC4u,La Bachata,Manuel Turizo,"reggaeton, latin, colombian pop",Pop,La Bachata,02:42,1178493475,2022,Solo
5ww2BF9slyYgNOk37BlC4u,La Bachata,Manuel Turizo,"reggaeton, latin, colombian pop",Pop,La Bachata,02:42,1178493475,2023,Solo
5wxYxygyHpbgv0EXZuqb9V,on the street (with J. Cole),"j-hope,J. Cole","k-pop, k-rap, rap",Pop,on the street (with J. Cole),03:34,83632572,2023,Collaboration
5xDrO9DEDJGUQGfyoHvgDJ,Last Christmas,Ariana Grande,pop,Pop,Christmas Kisses,03:23,42523251,2018,Solo
5xDrO9DEDJGUQGfyoHvgDJ,Last Christmas,Ariana Grande,pop,Pop,Christmas Kisses,03:23,42523251,2019,Solo
5xDrO9DEDJGUQGfyoHvgDJ,Last Christmas,Ariana Grande,pop,Pop,Christmas Kisses,03:23,42523251,2020,Solo
5xDrO9DEDJGUQGfyoHvgDJ,Last Christmas,Ariana Grande,pop,Pop,Christmas Kisses,03:23,42523251,2021,Solo
5xDrO9DEDJGUQGfyoHvgDJ,Last Christmas,Ariana Grande,pop,Pop,Christmas Kisses,03:23,42523251,2022,Solo
5xDrO9DEDJGUQGfyoHvgDJ,Last Christmas,Ariana Grande,pop,Pop,Christmas Kisses,03:23,42523251,2023,Solo
5xDrO9DEDJGUQGfyoHvgDJ,Last Christmas,Ariana Grande,pop,Pop,Christmas Kisses,03:23,42523251,2024,Solo
5xMw6qCcpd2gBXPGTegC4W,SOS,SZA,r&b,R&B,SOS,01:57,19394240,2022,Solo
5xMzazov0IHYllrc8U2K6F,Ni Tú Ni Yo (feat. Gente de Zona),"Jennifer Lopez,Gente De Zona","latin, latin dance",Latin,Ni Tú Ni Yo (feat. Gente de Zona),03:35,20891899,2017,Collaboration
5xNUR50KxswPRAvx7S163g,Come Alive,"Hugh Jackman,Keala Settle,Daniel Everidge,Zendaya,The Greatest Showman Ensemble",musicals,Classical,The Greatest Showman (Original Motion Picture Soundtrack),03:45,24638714,2018,Collaboration
5xP9lQYA8YQmQh6BOxcAnR,Popular (with Playboi Carti & Madonna) - The Idol Vol. 1 (Music from the HBO Original Series),"The Weeknd,Playboi Carti,Madonna","rage rap, ",Hip Hop,Popular [The Idol Vol. 1 (Music from the HBO Original Series)],03:35,117371546,2023,Collaboration
5xiAfKzE3mbxYbOkUZPR11,Ateo,"C. Tangana,NATHY PELUSO","flamenco, latin hip hop",Latin,Ateo,03:59,22802717,2021,Collaboration
5xjei7JnROsAzLY2a7RdZU,Shots,Lil Tecca,"melodic rap, rap",Hip Hop,We Love You Tecca,01:49,10742516,2019,Solo
5xlS0QkVrSH7ssEbBgBzbM,Little Saint Nick - 1991 Remix,The Beach Boys,baroque pop,Pop,The Beach Boys' Christmas Album,01:58,175305581,2017,Solo
5xlS0QkVrSH7ssEbBgBzbM,Little Saint Nick - 1991 Remix,The Beach Boys,baroque pop,Pop,The Beach Boys' Christmas Album,01:58,175305581,2018,Solo
5xlS0QkVrSH7ssEbBgBzbM,Little Saint Nick - 1991 Remix,The Beach Boys,baroque pop,Pop,The Beach Boys' Christmas Album,01:58,175305581,2019,Solo
5xlS0QkVrSH7ssEbBgBzbM,Little Saint Nick - 1991 Remix,The Beach Boys,baroque pop,Pop,The Beach Boys' Christmas Album,01:58,175305581,2020,Solo
5xlS0QkVrSH7ssEbBgBzbM,Little Saint Nick - 1991 Remix,The Beach Boys,baroque pop,Pop,The Beach Boys' Christmas Album,01:58,175305581,2021,Solo
5xlS0QkVrSH7ssEbBgBzbM,Little Saint Nick - 1991 Remix,The Beach Boys,baroque pop,Pop,The Beach Boys' Christmas Album,01:58,175305581,2022,Solo
5xlS0QkVrSH7ssEbBgBzbM,Little Saint Nick - 1991 Remix,The Beach Boys,baroque pop,Pop,The Beach Boys' Christmas Album,01:58,175305581,2023,Solo
5xlS0QkVrSH7ssEbBgBzbM,Little Saint Nick - 1991 Remix,The Beach Boys,baroque pop,Pop,The Beach Boys' Christmas Album,01:58,175305581,2024,Solo
5y4WmuvFX1t3NdSId0MFOh,Yeah Yeah Yeah,BLACKPINK,k-pop,Pop,BORN PINK,02:58,18023622,2022,Solo
5y7DaS3jAc9eZzcSOoUIwU,Una Locura,"Ozuna,J Balvin,Chencho Corleone","reggaeton, latin, trap latino, urbano latino",Latin,ENOC,03:50,264207305,2020,Collaboration
5y7DaS3jAc9eZzcSOoUIwU,Una Locura,"Ozuna,J Balvin,Chencho Corleone","reggaeton, latin, trap latino, urbano latino",Latin,ENOC,03:50,264207305,2021,Collaboration
5yH8pYxNckOU1cxfPsMIaz,Agora é Tudo Meu,"DENNIS,MC Kevinho","funk, brazilian funk, funk carioca, funk pop, funk melody",Hip Hop,Agora é Tudo Meu,02:51,12425142,2018,Collaboration
5yH8pYxNckOU1cxfPsMIaz,Agora é Tudo Meu,"DENNIS,MC Kevinho","funk, brazilian funk, funk carioca, funk pop, funk melody",Hip Hop,Agora é Tudo Meu,02:51,12425142,2019,Collaboration
5yY9lUy8nbvjM1Uyo1Uqoc,Life Is Good (feat. Drake),"Future,Drake","rap, hip hop",Hip Hop,Life Is Good (feat. Drake),03:57,354516123,2020,Collaboration
5ydjxBSUIDn26MFzU3asP4,Rainy Days,V,k-pop,Pop,Layover,02:59,191140680,2023,Solo
5zCnGtCl5Ac5zlFHXaZmhy,Sajni (From  Laapataa Ladies ),"Ram Sampath,Arijit Singh,Prashant Pandey","bollywood, hindi pop, desi, bangla pop",Pop,Sajni (From  Laapataa Ladies ),02:50,80293026,2024,Collaboration
5zFglKYiknIxks8geR8rcL,Beautiful Mistakes (feat. Megan Thee Stallion),"Maroon 5,Megan Thee Stallion","pop, ",Pop,JORDI (Deluxe),03:47,147964561,2021,Collaboration
5zNxUkUW9WiV5oyg6gh2wB,DANÇARINA,"PEDRO SAMPAIO,Mc Pedrinho","funk, funk pop, brazilian funk, funk carioca, brega funk, brazilian pop",Hip Hop,CHAMA MEU NOME,01:50,95931225,2022,Collaboration
5zSOVwaY3sVjnmLhuEfsuf,Tú Foto,Ozuna,"reggaeton, latin, trap latino, urbano latino",Latin,Odisea,03:13,103769443,2017,Solo
5zSOVwaY3sVjnmLhuEfsuf,Tú Foto,Ozuna,"reggaeton, latin, trap latino, urbano latino",Latin,Odisea,03:13,103769443,2018,Solo
5zj8WNkBrEzlI5FKeYV4ol,La Luz,"Sech,J Balvin","reggaeton, urbano latino, latin",Latin,La Luz,03:36,67063014,2020,Collaboration
5zj8WNkBrEzlI5FKeYV4ol,La Luz,"Sech,J Balvin","reggaeton, urbano latino, latin",Latin,La Luz,03:36,67063014,2021,Collaboration
5zwwW9Oq7ubSxoCGyW1nbY,Pink Venom,BLACKPINK,k-pop,Pop,BORN PINK,03:06,315238225,2022,Solo
5zwwW9Oq7ubSxoCGyW1nbY,Pink Venom,BLACKPINK,k-pop,Pop,BORN PINK,03:06,315238225,2023,Solo
5zyZM1EiSqrniyqtprwxpv,Falling Back,Drake,"rap, hip hop",Hip Hop,"Honestly, Nevermind",04:26,32842544,2022,Solo
609E1JCInJncactoMmkDon,BESO,"ROSALÍA,Rauw Alejandro","latin, reggaeton, urbano latino, trap latino",Latin,RR,03:14,955001956,2023,Collaboration
60APt5N2NRaKWf5xzJdzyC,"Heatstroke (feat. Young Thug, Pharrell Williams & Ariana Grande)","Calvin Harris,Young Thug,Pharrell Williams,Ariana Grande,Funk Wav","edm, rap, melodic rap, trap, pop, ",Electronic,Funk Wav Bounces Vol.1,03:49,34674508,2017,Collaboration
60QN1JrgYM7jcfW8pdQFqT,Sinceramente,Annalisa,italo dance,Pop,E POI SIAMO FINITI NEL VORTICE,03:35,14436108,2024,Solo
60SdxE8apGAxMiRrpbmLY0,Lucky You (feat. Joyner Lucas),"Eminem,Joyner Lucas","rap, hip hop, ",Hip Hop,Kamikaze,04:04,238879692,2018,Collaboration
60SdxE8apGAxMiRrpbmLY0,Lucky You (feat. Joyner Lucas),"Eminem,Joyner Lucas","rap, hip hop, ",Hip Hop,Kamikaze,04:04,238879692,2019,Collaboration
60Z57Wdrn0pEVpHI7d7GAX,Stepping Stone,Eminem,"rap, hip hop",Hip Hop,Kamikaze,05:09,27793547,2018,Solo
60a0Rd6pjrkxjPbaKzXjfq,In the End,Linkin Park,"nu metal, rap metal, rock, alternative metal",Metal,Hybrid Theory (Bonus Edition),03:36,880275513,2017,Solo
60a0Rd6pjrkxjPbaKzXjfq,In the End,Linkin Park,"nu metal, rap metal, rock, alternative metal",Metal,Hybrid Theory (Bonus Edition),03:36,880275513,2020,Solo
60a0Rd6pjrkxjPbaKzXjfq,In the End,Linkin Park,"nu metal, rap metal, rock, alternative metal",Metal,Hybrid Theory (Bonus Edition),03:36,880275513,2021,Solo
60a0Rd6pjrkxjPbaKzXjfq,In the End,Linkin Park,"nu metal, rap metal, rock, alternative metal",Metal,Hybrid Theory (Bonus Edition),03:36,880275513,2022,Solo
60a0Rd6pjrkxjPbaKzXjfq,In the End,Linkin Park,"nu metal, rap metal, rock, alternative metal",Metal,Hybrid Theory (Bonus Edition),03:36,880275513,2023,Solo
60a0Rd6pjrkxjPbaKzXjfq,In the End,Linkin Park,"nu metal, rap metal, rock, alternative metal",Metal,Hybrid Theory (Bonus Edition),03:36,880275513,2024,Solo
60iSKGrGazRzICtMjADNSM,Hold Me While You Wait,Lewis Capaldi,soft pop,Pop,Divinely Uninspired To A Hellish Extent,03:25,18053376,2019,Solo
60iSKGrGazRzICtMjADNSM,Hold Me While You Wait,Lewis Capaldi,soft pop,Pop,Divinely Uninspired To A Hellish Extent,03:25,18053376,2020,Solo
615vw74T1NebV8pKoutm2J,Righteous,Juice WRLD,"melodic rap, emo rap",Hip Hop,Legends Never Die,04:02,44798342,2020,Solo
61AZsmFB3VoJdmraMk5ZSn,VIBE (feat. Jimin of BTS),"TAEYANG,Jimin",k-pop,Pop,VIBE (feat. Jimin of BTS),02:55,105156734,2023,Collaboration
61HHDBLqF3AmSvLfHKNGd2,Ahora Me Llama,"KAROL G,Bad Bunny","reggaeton, latin, urbano latino, trap latino",Latin,Ahora Me Llama,03:53,42565657,2017,Collaboration
61OsemtnuPJ5R0LMEkw60S,Entre las de 20,"Bizarrap,Natanael Cano","argentine trap, trap latino, urbano latino, corridos tumbados, corrido, corridos bélicos, sad sierreño, electro corridos, sierreño, música mexicana, banda",Hip Hop,Entre las de 20,02:48,57422371,2024,Collaboration
61S79KIVA4I9FXbnsylEHT,In The Bible (with Lil Durk & Giveon),"Drake,Lil Durk,GIVĒON","rap, hip hop, drill, r&b",Hip Hop,Certified Lover Boy,04:56,36552412,2021,Collaboration
61WbtB6ujkpNAsAf5LjF4b,Bon appétit,"Katy Perry,Migos","pop, trap",Pop,Witness,03:47,81072203,2017,Collaboration
61ZM92T2zaXIVsqncThQzC,In Your Eyes (feat. Alida),"Robin Schulz,Alida","tropical house, ",Electronic,In Your Eyes (feat. Alida),03:28,88910461,2020,Collaboration
62o8KoI44JfN7aYxgTnPvh,Mala Mía,Maluma,"reggaeton, latin, urbano latino",Latin,Mala Mía,03:03,153889362,2018,Solo
62o8KoI44JfN7aYxgTnPvh,Mala Mía,Maluma,"reggaeton, latin, urbano latino",Latin,Mala Mía,03:03,153889362,2019,Solo
62vpWI1CHwFy7tMIcSStl8,No Role Modelz,J. Cole,rap,Hip Hop,2014 Forest Hills Drive,04:52,130728639,2017,Solo
62vpWI1CHwFy7tMIcSStl8,No Role Modelz,J. Cole,rap,Hip Hop,2014 Forest Hills Drive,04:52,130728639,2018,Solo
62vpWI1CHwFy7tMIcSStl8,No Role Modelz,J. Cole,rap,Hip Hop,2014 Forest Hills Drive,04:52,130728639,2021,Solo
62vpWI1CHwFy7tMIcSStl8,No Role Modelz,J. Cole,rap,Hip Hop,2014 Forest Hills Drive,04:52,130728639,2022,Solo
630sXRhIcfwr2e4RdNtjKN,Rewrite The Stars,"Zac Efron,Zendaya","musicals, ",Classical,Rewrite The Stars,03:37,184731168,2017,Collaboration
630sXRhIcfwr2e4RdNtjKN,Rewrite The Stars,"Zac Efron,Zendaya","musicals, ",Classical,Rewrite The Stars,03:37,184731168,2018,Collaboration
630sXRhIcfwr2e4RdNtjKN,Rewrite The Stars,"Zac Efron,Zendaya","musicals, ",Classical,Rewrite The Stars,03:37,184731168,2019,Collaboration
63OA8vSo2PhUkmQopR1l64,A Veces (feat. Feid),"Paulo Londra,Feid","argentine trap, trap latino, reggaeton, urbano latino",Hip Hop,A Veces (feat. Feid),03:11,14244183,2022,Collaboration
63VyEdzMM3w4ZQ1WtARa2S,Takeaway (feat. Lennon Stella),"The Chainsmokers,ILLENIUM,Lennon Stella","melodic bass, future bass, edm, ",Electronic,World War Joy...Push My Luck,03:29,23494358,2019,Collaboration
63aj87TQG6F3RVO5nbG2VQ,In Da Getto,"J Balvin,Skrillex","reggaeton, latin, dubstep, edm, electro, electronic",Electronic,In Da Getto,02:11,88521601,2021,Collaboration
63cd4JkwGgYJrbOizbfmsp,Pure Water (with Migos),"Mustard,Migos",trap,Hip Hop,Pure Water (with Migos),03:14,193090742,2019,Collaboration
63pLfjK6FvcYJYMGwtHjd6,SORRY 4 THAT MUCH,Feid,"reggaeton, urbano latino",Latin,SORRY 4 THAT MUCH,03:27,164011956,2024,Solo
63ui2w3QJBp8xx0c1MJB2Z,UN PREVIEW,Bad Bunny,"reggaeton, trap latino, latin, urbano latino",Latin,UN PREVIEW,02:45,119987532,2023,Solo
63wx9vdskaXbYxyDx4oJCZ,B.S. (feat. H.E.R.),"Jhené Aiko,H.E.R.",r&b,R&B,Chilombo,03:32,16233495,2020,Collaboration
641R77CBy4bOLGRcA9sgHy,500 PS,"Bonez MC,RAF Camora",german hip hop,Hip Hop,500 PS,03:01,16289966,2018,Collaboration
643PW82aBMUa1FiWi5VQY7,Babushka Boi,A$AP Rocky,rap,Hip Hop,Babushka Boi,03:07,18785599,2019,Solo
64CovjRwInpOJW4PiGMprY,Faz um Vuk Vuk (Teto Espelhado),"MC Kevin o Chris,Dj Nk Da Serra,Mc Magrinho","funk, funk carioca, brazilian funk, brega funk, funk de bh",Hip Hop,Faz um Vuk Vuk (Teto Espelhado),02:18,169780830,2023,Collaboration
64EA2RKyciBwCuVczLH6Ct,masquerade,siouxxie sixxsta,hyperpop,Pop,masquerade,02:24,19499585,2021,Solo
64dLd6rVqDLtkXFYrEUHIU,New Gold (feat. Tame Impala and Bootie Brown),"Gorillaz,Tame Impala,Bootie Brown","indie, psychedelic pop, ",Rock,New Gold (feat. Tame Impala and Bootie Brown),03:35,12649406,2022,Collaboration
6520aj0B4FSKGVuKNsOCOi,Chained To The Rhythm,"Katy Perry,Skip Marley","pop, reggae",Pop,Witness,03:57,250887264,2017,Collaboration
65FftemJ1DbbZ45DUfHJXE,OMG,NewJeans,k-pop,Pop,NewJeans 'OMG',03:32,902331302,2023,Solo
65OVbaJR5O1RmwOQx0875b,Wants and Needs (feat. Lil Baby),"Drake,Lil Baby","rap, hip hop, ",Hip Hop,Scary Hours 2,03:12,267176934,2021,Collaboration
65OVbaJR5O1RmwOQx0875b,Wants and Needs (feat. Lil Baby),"Drake,Lil Baby","rap, hip hop, ",Hip Hop,Scary Hours 2,03:12,267176934,2022,Collaboration
65Q2mv3UlVi9eO70OpsmSe,A Holly Jolly Christmas - Single Version,Burl Ives,christmas,Jazz,Have A Holly Jolly Christmas,02:15,90714809,2017,Solo
65Q2mv3UlVi9eO70OpsmSe,A Holly Jolly Christmas - Single Version,Burl Ives,christmas,Jazz,Have A Holly Jolly Christmas,02:15,90714809,2018,Solo
65Q2mv3UlVi9eO70OpsmSe,A Holly Jolly Christmas - Single Version,Burl Ives,christmas,Jazz,Have A Holly Jolly Christmas,02:15,90714809,2019,Solo
65irrLqfCMRiO3p87P4C0D,Frosty The Snowman,Ella Fitzgerald,"vocal jazz, jazz, swing music, jazz blues, big band, christmas",Easy listening,Ella Wishes You A Swinging Christmas (Expanded Edition),02:11,41689114,2019,Solo
65irrLqfCMRiO3p87P4C0D,Frosty The Snowman,Ella Fitzgerald,"vocal jazz, jazz, swing music, jazz blues, big band, christmas",Easy listening,Ella Wishes You A Swinging Christmas (Expanded Edition),02:11,41689114,2020,Solo
65irrLqfCMRiO3p87P4C0D,Frosty The Snowman,Ella Fitzgerald,"vocal jazz, jazz, swing music, jazz blues, big band, christmas",Easy listening,Ella Wishes You A Swinging Christmas (Expanded Edition),02:11,41689114,2021,Solo
65irrLqfCMRiO3p87P4C0D,Frosty The Snowman,Ella Fitzgerald,"vocal jazz, jazz, swing music, jazz blues, big band, christmas",Easy listening,Ella Wishes You A Swinging Christmas (Expanded Edition),02:11,41689114,2022,Solo
65irrLqfCMRiO3p87P4C0D,Frosty The Snowman,Ella Fitzgerald,"vocal jazz, jazz, swing music, jazz blues, big band, christmas",Easy listening,Ella Wishes You A Swinging Christmas (Expanded Edition),02:11,41689114,2023,Solo
65irrLqfCMRiO3p87P4C0D,Frosty The Snowman,Ella Fitzgerald,"vocal jazz, jazz, swing music, jazz blues, big band, christmas",Easy listening,Ella Wishes You A Swinging Christmas (Expanded Edition),02:11,41689114,2024,Solo
665AK0ovB11McZRwfa852G,Astronomia,"Vicetone,Tony Igy","edm, ",Electronic,Astronomia,03:18,38316051,2020,Collaboration
66BjcDhhwWCcQIBxHMpKXh,Flames,"David Guetta,Sia","edm, dance, ",Electronic,7,03:14,34555792,2018,Collaboration
66FgjA5ZQJJuypFG1bc8se,Hate The Other Side (with Marshmello & The Kid Laroi),"Juice WRLD,Marshmello,The Kid LAROI,Polo G","melodic rap, emo rap, edm, ",Electronic,Legends Never Die,02:40,48137672,2020,Collaboration
66WPXyhXqMlkM1kZhyEXWK,Christmas (Baby Please Come Home),Michael Bublé,christmas,Jazz,Christmas,03:07,28009606,2017,Solo
66WPXyhXqMlkM1kZhyEXWK,Christmas (Baby Please Come Home),Michael Bublé,christmas,Jazz,Christmas,03:07,28009606,2018,Solo
66WPXyhXqMlkM1kZhyEXWK,Christmas (Baby Please Come Home),Michael Bublé,christmas,Jazz,Christmas,03:07,28009606,2019,Solo
66WPXyhXqMlkM1kZhyEXWK,Christmas (Baby Please Come Home),Michael Bublé,christmas,Jazz,Christmas,03:07,28009606,2020,Solo
66WPXyhXqMlkM1kZhyEXWK,Christmas (Baby Please Come Home),Michael Bublé,christmas,Jazz,Christmas,03:07,28009606,2021,Solo
66WPXyhXqMlkM1kZhyEXWK,Christmas (Baby Please Come Home),Michael Bublé,christmas,Jazz,Christmas,03:07,28009606,2023,Solo
66WPXyhXqMlkM1kZhyEXWK,Christmas (Baby Please Come Home),Michael Bublé,christmas,Jazz,Christmas,03:07,28009606,2024,Solo
66kQ7wr4d2LwwSjr7HXcyr,All The Stars (with SZA),"Kendrick Lamar,SZA","hip hop, west coast hip hop, r&b",Hip Hop,All The Stars (with SZA),03:55,19961432,2018,Collaboration
6752EZMgXswvRBH3N2PilO,Unica,Ozuna,"reggaeton, latin, trap latino, urbano latino",Latin,Unica,03:39,82592307,2018,Solo
675w3ACw5xZR3ODhUJlEVN,Sola,Manuel Turizo,"reggaeton, latin, colombian pop",Pop,Sola,03:15,66408334,2019,Solo
67ACYA3UI6QMNtHX6b34wX,LA DROGA,Bad Bunny,"reggaeton, trap latino, latin, urbano latino",Latin,EL ÚLTIMO TOUR DEL MUNDO,02:42,15366166,2020,Solo
67jvGGbJmOmVonlyX3mNkV,Caramelo - Remix,"Ozuna,KAROL G,Myke Towers","reggaeton, latin, trap latino, urbano latino",Latin,ENOC,03:53,59343358,2020,Collaboration
67mgz7S5y7hnCE63YBjfO6,Holly Jolly Christmas,Michael Bublé,christmas,Jazz,Christmas (Deluxe Special Edition),02:01,115520195,2024,Solo
67nepsnrcZkowTxMWigSbb,MELTDOWN (feat. Drake),"Travis Scott,Drake","rap, hip hop",Hip Hop,UTOPIA,04:06,381771230,2023,Collaboration
67ojvEGRPAUCOohuMPqoRC,110,"Capital Bra,Samra,LEA","german hip hop, german pop",Hip Hop,Berlin lebt 2,03:14,28471663,2019,Collaboration
684EjRHwNsZQ9hCQxL4NYL,"El Favor (with Nicky Jam & Sech, feat. Farruko, Zion & Lunay)","Dímelo Flow,Nicky Jam,Sech,Farruko,Zion,Lunay","reggaeton, urbano latino, latin, trap latino",Latin,"El Favor (with Nicky Jam & Sech, feat. Farruko, Zion & Lunay)",03:53,67729637,2019,Collaboration
6875MeXyCW0wLyT72Eetmo,Starving,"Hailee Steinfeld,Grey,Zedd",edm,Electronic,HAIZ,03:01,30194993,2017,Collaboration
6875MeXyCW0wLyT72Eetmo,Starving,"Hailee Steinfeld,Grey,Zedd",edm,Electronic,HAIZ,03:01,30194993,2019,Collaboration
688QpQAwqsLdBR6lr13wK1,Same Bitches (feat. G-Eazy & YG),"Post Malone,G-Eazy,YG",hyphy,Hip Hop,beerbongs & bentleys,03:32,58241930,2018,Collaboration
68Dni7IE4VyPkTOH9mRWHr,No Role Modelz,J. Cole,rap,Hip Hop,2014 Forest Hills Drive,04:52,1538399514,2022,Solo
68Dni7IE4VyPkTOH9mRWHr,No Role Modelz,J. Cole,rap,Hip Hop,2014 Forest Hills Drive,04:52,1538399514,2023,Solo
68Dni7IE4VyPkTOH9mRWHr,No Role Modelz,J. Cole,rap,Hip Hop,2014 Forest Hills Drive,04:52,1538399514,2024,Solo
68EMU2RD1ECNeOeJ5qAXCV,We Don't Talk Anymore (feat. Selena Gomez),"Charlie Puth,Selena Gomez","soft pop, pop",Pop,Nine Track Mind,03:37,238755719,2017,Collaboration
68EMU2RD1ECNeOeJ5qAXCV,We Don't Talk Anymore (feat. Selena Gomez),"Charlie Puth,Selena Gomez","soft pop, pop",Pop,Nine Track Mind,03:37,238755719,2018,Collaboration
68EMU2RD1ECNeOeJ5qAXCV,We Don't Talk Anymore (feat. Selena Gomez),"Charlie Puth,Selena Gomez","soft pop, pop",Pop,Nine Track Mind,03:37,238755719,2024,Collaboration
68mrW6gXHgupgSiDHgaDi5,Polvo,"Nicky Jam,Myke Towers","reggaeton, latin, trap latino, urbano latino",Latin,Polvo,03:31,119885444,2020,Collaboration
68mrW6gXHgupgSiDHgaDi5,Polvo,"Nicky Jam,Myke Towers","reggaeton, latin, trap latino, urbano latino",Latin,Polvo,03:31,119885444,2021,Collaboration
693iqPOQvhI7PobtR8CC8v,Bonita,"J Balvin,Jowell & Randy","reggaeton, latin, urbano latino",Latin,Bonita,04:25,256717048,2017,Collaboration
693iqPOQvhI7PobtR8CC8v,Bonita,"J Balvin,Jowell & Randy","reggaeton, latin, urbano latino",Latin,Bonita,04:25,256717048,2018,Collaboration
69CrOS7vEHIrhC2ILyEi0s,FLOWER,JISOO,k-pop,Pop,ME,02:53,373222540,2023,Solo
69Naniu2KjKjaQOBUagE8U,"Homemade Dynamite (Feat. Khalid, Post Malone & SZA) - REMIX","Lorde,Khalid,Post Malone,SZA",r&b,R&B,"Homemade Dynamite (Feat. Khalid, Post Malone & SZA) [REMIX]",03:34,45651062,2017,Collaboration
69phA1R4gmQsBFRQ3INW8C,ONE CALL,Rich Amiri,rage rap,Hip Hop,Ghetto Fabulous,02:01,230584913,2024,Solo
69vlMrzHwATKzupwNcUPyK,La Santa,"Bad Bunny,Daddy Yankee","reggaeton, trap latino, latin, urbano latino",Latin,YHLQMDLG,03:26,224905141,2020,Collaboration
69vlMrzHwATKzupwNcUPyK,La Santa,"Bad Bunny,Daddy Yankee","reggaeton, trap latino, latin, urbano latino",Latin,YHLQMDLG,03:26,224905141,2022,Collaboration
69xohKu8C1fsflYAiSNbwM,Run BTS,BTS,k-pop,Pop,Proof,03:24,89609530,2022,Solo
6AENBD8I0mDGglFqrRZGu7,Canudinho - Ao Vivo,"Gusttavo Lima,Ana Castela","sertanejo, sertanejo universitário, arrocha, agronejo, piseiro, forró",Country,Canudinho (Ao Vivo),02:04,73795656,2023,Collaboration
6AGOKlMZWLCaEJGnaROtF9,Put Your Records On,Ritt Momney,bedroom pop,Pop,Put Your Records On,03:30,290720387,2020,Solo
6AGOKlMZWLCaEJGnaROtF9,Put Your Records On,Ritt Momney,bedroom pop,Pop,Put Your Records On,03:30,290720387,2021,Solo
6AI3ezQ4o3HUoP6Dhudph3,Not Like Us,Kendrick Lamar,"hip hop, west coast hip hop",Hip Hop,Not Like Us,04:34,973943398,2024,Solo
6AQbmUe0Qwf5PZnt4HmTXv,Boy's a liar Pt. 2,"PinkPantheress,Ice Spice","bedroom pop, ",Pop,Boy's a liar Pt. 2,02:11,1332874432,2023,Collaboration
6Ab81Bs9fcOwaTYuBsUUpI,Eazy,"The Game,Kanye West","west coast hip hop, gangster rap, hip hop, rap",Hip Hop,Eazy,03:54,20316169,2022,Collaboration
6AzKhCHOms83jvNVLsz0Bt,Djadja (feat. Maluma) - Remix,"Aya Nakamura,Maluma","pop urbaine, french pop, reggaeton, latin, urbano latino",Pop,Djadja (feat. Maluma) [Remix],02:46,110030667,2020,Collaboration
6B3zy3LOKHndqsviCr2z15,Em Calls Paul - Skit,Eminem,"rap, hip hop",Hip Hop,Kamikaze,00:49,14360174,2018,Solo
6BJbOXDlgVAXSaq6wYFYT2,NC-17,Travis Scott,rap,Hip Hop,ASTROWORLD,02:36,16503109,2018,Solo
6BPcUXYERAahpunmb0AovH,Ma Meilleure Ennemie - from the series Arcane League of Legends,"Arcane,League of Legends,Stromae,Pomme","french pop, chanson",Easy listening,Arcane League of Legends: Season 2 (Soundtrack from the Animated Series),02:27,153119810,2024,Collaboration
6Bcy1jJFcIAuAzJMtfpImi,Ya Te Olvide,Natanael Cano,"corridos tumbados, corrido, corridos bélicos, sad sierreño, electro corridos, sierreño, música mexicana, banda",Latin,Ya Te Olvide,03:36,34240123,2024,Solo
6BePGk3eCan4FqaW2X8Qy3,10:35,"Tiësto,Tate McRae","edm, trance, big room, house, dance, ",Electronic,10:35,02:52,384576673,2022,Collaboration
6BePGk3eCan4FqaW2X8Qy3,10:35,"Tiësto,Tate McRae","edm, trance, big room, house, dance, ",Electronic,10:35,02:52,384576673,2023,Collaboration
6Bg7MznA9X0dIhlAsLyBYj,Ghost Town,"Kanye West,PARTYNEXTDOOR","rap, r&b",R&B,ye,04:31,37526386,2018,Collaboration
6BpZpCM8d8FJnVnr1IbnFL,GATITAS SANDUNGUERAS - VOL.1,"Alvaro Diaz,Feid","reggaeton, urbano latino",Latin,SAYONARA,02:11,46479516,2024,Collaboration
6C6mUonH6MNdSg5pw7kOc9,Ayer Me Llamó Mi Ex (feat. Lenny Santos),"KHEA,Lenny Santos","argentine trap, trap, trap latino, merengue, bachata, bachata pop",Hip Hop,Ayer Me Llamó Mi Ex (feat. Lenny Santos),03:26,88842327,2020,Collaboration
6CTWathupIiDs7U4InHnDA,Trip,Ella Mai,r&b,R&B,Ella Mai,03:33,33491362,2018,Solo
6CUP2khYzdphXebxVTfPE3,Lo Mein,Lil Uzi Vert,melodic rap,Hip Hop,Eternal Atake,03:15,29973164,2020,Solo
6CfrYuD3YRDYdYvH9jNtXY,No Long Talk,"Drake,Giggs","rap, hip hop, grime",Electronic,More Life,02:29,33166970,2017,Collaboration
6CvTEtGagmzQvkUzzyKR9k,HARLEY QUINN,"Fuerza Regida,Marshmello","corrido, corridos tumbados, corridos bélicos, música mexicana, banda, electro corridos, sierreño, sad sierreño, edm",Latin,Pa las Baby's Y Belikeada,02:23,599227350,2023,Collaboration
6CvTEtGagmzQvkUzzyKR9k,HARLEY QUINN,"Fuerza Regida,Marshmello","corrido, corridos tumbados, corridos bélicos, música mexicana, banda, electro corridos, sierreño, sad sierreño, edm",Latin,Pa las Baby's Y Belikeada,02:23,599227350,2024,Collaboration
6D2TCm4nf5nxAcdGJ7w3QP,Qué Más Pues?,"J Balvin,Maria Becerra","reggaeton, latin, argentine trap",Hip Hop,JOSE,03:37,175820409,2021,Collaboration
6D2TCm4nf5nxAcdGJ7w3QP,Qué Más Pues?,"J Balvin,Maria Becerra","reggaeton, latin, argentine trap",Hip Hop,JOSE,03:37,175820409,2022,Collaboration
6D8y7Bck8h11byRY88Pt2z,Houdini,Dua Lipa,pop,Pop,Radical Optimism,03:05,105367349,2024,Solo
6DCZcSspjsKoFjzjrWoCdn,God's Plan,Drake,"rap, hip hop",Hip Hop,Scorpion,03:18,530415565,2018,Solo
6DCZcSspjsKoFjzjrWoCdn,God's Plan,Drake,"rap, hip hop",Hip Hop,Scorpion,03:18,530415565,2019,Solo
6DCZcSspjsKoFjzjrWoCdn,God's Plan,Drake,"rap, hip hop",Hip Hop,Scorpion,03:18,530415565,2020,Solo
6DCZcSspjsKoFjzjrWoCdn,God's Plan,Drake,"rap, hip hop",Hip Hop,Scorpion,03:18,530415565,2021,Solo
6DNtNfH8hXkqOX1sjqmI7p,Cold Water (feat. Justin Bieber & MØ),"Major Lazer,Justin Bieber,MØ","moombahton, ",Electronic,Cold Water (feat. Justin Bieber & MØ),03:05,215042631,2017,Collaboration
6DUdDIRgLqCGq1DwkNWQTN,Borro Cassette,Maluma,"reggaeton, latin, urbano latino",Latin,"Pretty Boy, Dirty Boy",03:27,26166177,2017,Solo
6De0lHrwBfPfrhorm9q1Xl,Me Rehúso,Danny Ocean,reggaeton,Latin,Me Rehúso,03:25,635593694,2017,Solo
6De0lHrwBfPfrhorm9q1Xl,Me Rehúso,Danny Ocean,reggaeton,Latin,Me Rehúso,03:25,635593694,2018,Solo
6DoL1yYIwEW7VZMRaJhoJI,La Llevo Al Cielo (Ft. Ñengo Flow),"Chris Jedi,Anuel AA,Chencho Corleone,Ñengo Flow","trap latino, reggaeton, urbano latino, latin",Latin,La Llevo Al Cielo (Ft. Ñengo Flow),04:14,192545807,2022,Collaboration
6DuHcOuuGWXNvF3uocsrBa,Can't Die,Juice WRLD,"melodic rap, emo rap",Hip Hop,Legends Never Die,03:02,16898978,2020,Solo
6Dy1jexKYriXAVG6evyUTJ,OUT OUT (feat. Charli XCX & Saweetie),"Joel Corry,Jax Jones,Charli xcx,Saweetie","dance pop, hyperpop, art pop, ",Pop,OUT OUT (feat. Charli XCX & Saweetie),02:42,178913639,2021,Collaboration
6Dy1jexKYriXAVG6evyUTJ,OUT OUT (feat. Charli XCX & Saweetie),"Joel Corry,Jax Jones,Charli xcx,Saweetie","dance pop, hyperpop, art pop, ",Pop,OUT OUT (feat. Charli XCX & Saweetie),02:42,178913639,2022,Collaboration
6ED7qim1NAX1HjNU8039WS,Alucin,"Eugenio Esquivel,Grupo Marca Registrada,Sebastian Esquivel,Los Esquivel","electro corridos, corrido, corridos tumbados, corridos bélicos, banda, norteño, música mexicana, sad sierreño, sierreño",Latin,Alucin,03:17,121320738,2023,Collaboration
6ED7qim1NAX1HjNU8039WS,Alucin,"Eugenio Esquivel,Grupo Marca Registrada,Sebastian Esquivel,Los Esquivel","electro corridos, corrido, corridos tumbados, corridos bélicos, banda, norteño, música mexicana, sad sierreño, sierreño",Latin,Alucin,03:17,121320738,2024,Collaboration
6EDO9iiTtwNv6waLwa1UUq,POPSTAR (feat. Drake),"DJ Khaled,Drake","rap, hip hop",Hip Hop,POPSTAR (feat. Drake),03:20,363239832,2020,Collaboration
6EDO9iiTtwNv6waLwa1UUq,POPSTAR (feat. Drake),"DJ Khaled,Drake","rap, hip hop",Hip Hop,POPSTAR (feat. Drake),03:20,363239832,2021,Collaboration
6EOKwHETwSkZ9gW2b6ASE0,Ransom,Lil Tecca,"melodic rap, rap",Hip Hop,We Love You Tecca,02:11,114243212,2019,Solo
6EUcP55GlbmsmCzfL2vxtZ,on one tonight,Gunna,melodic rap,Hip Hop,One of Wun,01:30,55889317,2024,Solo
6EbVuwU7EnKeF2hdpViXCH,Die Young (feat. 347aidan),"Sleepy Hallow,347aidan","brooklyn drill, new york drill, ",Hip Hop,Die Young (feat. 347aidan),02:28,45781577,2022,Collaboration
6Ec5LeRzkisa5KJtwLfOoW,"Am I Dreaming (Metro Boomin & A$AP Rocky, Roisee)","Metro Boomin,A$AP Rocky,Roisee","rap, ",Hip Hop,METRO BOOMIN PRESENTS SPIDER-MAN: ACROSS THE SPIDER-VERSE (SOUNDTRACK FROM AND INSPIRED BY THE MOTION PICTURE),04:16,179129674,2023,Collaboration
6Ed1q0X8oSKSm4IIhiQbYg,Daylight,"Joji,Diplo",moombahton,Electronic,Daylight,02:43,12376309,2020,Collaboration
6ElmxV9B2mSNscEjP27M7i,Chambea,Bad Bunny,"reggaeton, trap latino, latin, urbano latino",Latin,Chambea,03:11,19729888,2017,Solo
6ElmxV9B2mSNscEjP27M7i,Chambea,Bad Bunny,"reggaeton, trap latino, latin, urbano latino",Latin,Chambea,03:11,19729888,2018,Solo
6Es8Sk3xe1HiJ2MXCfHHwR,La_Original.mp3,"Emilia,TINI","argentine trap, latin pop",Hip Hop,.mp3,02:20,50014297,2023,Collaboration
6Es8Sk3xe1HiJ2MXCfHHwR,La_Original.mp3,"Emilia,TINI","argentine trap, latin pop",Hip Hop,.mp3,02:20,50014297,2024,Collaboration
6Et5KimMg3IXwD6lJPGmQw,Me Fije,"Alex Rose,Rauw Alejandro","trap latino, reggaeton, urbano latino, latin",Latin,Me Fije,03:22,13542782,2021,Collaboration
6EuE9M1viu9gkdFSafia9o,I Thought About Killing You,Kanye West,rap,Hip Hop,ye,04:34,17928724,2018,Solo
6F609ICg9Spjrw1epsAnpa,Controlla,Drake,"rap, hip hop",Hip Hop,Views,04:05,53310982,2017,Solo
6FAYpZ4jve8vpvTwUvjK6H,Jhoome Jo Pathaan,"Vishal-Shekhar,Arijit Singh,Sukriti Kakar,Vishal Dadlani,Shekhar Ravjiani,Kumaar","bollywood, desi, hindi pop, bangla pop, desi pop",Pop,Pathaan,03:28,39063618,2023,Collaboration
6FRLCMO5TUHTexlWo8ym1W,Girls Like You (feat. Cardi B) - Cardi B Version,"Maroon 5,Cardi B","pop, ",Pop,Girls Like You (feat. Cardi B),03:55,37462326,2018,Collaboration
6FuGJB290AQMAHTfjOYVaK,"Mood (Remix) feat. Justin Bieber, J Balvin & iann dior","24kGoldn,Justin Bieber,J Balvin,iann dior","reggaeton, latin, melodic rap",Latin,"Mood (Remix) feat. Justin Bieber, J Balvin & iann dior",03:12,39126980,2020,Collaboration
6FuGJB290AQMAHTfjOYVaK,"Mood (Remix) feat. Justin Bieber, J Balvin & iann dior","24kGoldn,Justin Bieber,J Balvin,iann dior","reggaeton, latin, melodic rap",Latin,"Mood (Remix) feat. Justin Bieber, J Balvin & iann dior",03:12,39126980,2021,Collaboration
6FyRXC8tJUh863JCkyWqtk,Adan y Eva,Paulo Londra,"argentine trap, trap latino, reggaeton",Hip Hop,Adan y Eva,04:18,365894094,2018,Solo
6FyRXC8tJUh863JCkyWqtk,Adan y Eva,Paulo Londra,"argentine trap, trap latino, reggaeton",Hip Hop,Adan y Eva,04:18,365894094,2019,Solo
6G12ZafqofSq7YtrMqUm76,Monotonía,"Shakira,Ozuna","latin pop, latin, reggaeton, trap latino, urbano latino",Latin,Monotonía,02:38,410282239,2022,Collaboration
6G12ZafqofSq7YtrMqUm76,Monotonía,"Shakira,Ozuna","latin pop, latin, reggaeton, trap latino, urbano latino",Latin,Monotonía,02:38,410282239,2023,Collaboration
6G2xXQRSZlEzYsUEb3uvuR,Está Dañada,Ivan Cornejo,"sad sierreño, corridos tumbados, corrido, música mexicana, sierreño",Latin,Alma Vacía,03:34,31351438,2021,Solo
6G8kHiVZ1jW7vHMPVRNZU0,Don’t Matter To Me (with Michael Jackson),"Drake,Michael Jackson","rap, hip hop, ",Hip Hop,Scorpion,04:05,107806869,2018,Collaboration
6GG4yyk3UATdBfTHVgI8PB,Ain't No Love In Oklahoma (From Twisters: The Album),Luke Combs,country,Country,Ain't No Love In Oklahoma (From Twisters: The Album),03:30,75245663,2024,Solo
6GNifiuBPrKFpwNBYnooFm,The Way Life Goes (feat. Nicki Minaj & Oh Wonder) - Remix,"Lil Uzi Vert,Nicki Minaj,Oh Wonder","melodic rap, ",Hip Hop,The Way Life Goes (feat. Nicki Minaj & Oh Wonder) [Remix],04:28,10097213,2017,Collaboration
6Gg1gjgKi2AK4e0qzsR7sd,Bandit (with YoungBoy Never Broke Again),"Juice WRLD,YoungBoy Never Broke Again","melodic rap, emo rap, ",Hip Hop,Bandit (with YoungBoy Never Broke Again),03:09,399410502,2019,Collaboration
6Gg1gjgKi2AK4e0qzsR7sd,Bandit (with YoungBoy Never Broke Again),"Juice WRLD,YoungBoy Never Broke Again","melodic rap, emo rap, ",Hip Hop,Bandit (with YoungBoy Never Broke Again),03:09,399410502,2020,Collaboration
6GsD646HrIDJJpzoY9T1Rt,Unfollow,"Duki,Justin Quiles,Bizarrap","argentine trap, trap, trap latino, reggaeton, urbano latino",Hip Hop,Unfollow,03:16,13733365,2021,Collaboration
6H0AwSQ20mo62jGlPGB8S6,It's A Vibe,"2 Chainz,Ty Dolla $ign,Trey Songz,Jhené Aiko","rap, southern hip hop, r&b",R&B,Pretty Girls Like Trap Music,03:30,90573244,2017,Collaboration
6HJIZUOiZDE814XMhRGSZN,Soy El Unico,Yahritza Y Su Esencia,"sad sierreño, música mexicana, corridos tumbados, banda, corrido, sierreño",Latin,Soy El Unico,03:33,26257032,2022,Solo
6HV630GY0GT3RN2efFRmbP,Troca,Jorge & Mateus,"sertanejo, sertanejo universitário, arrocha, agronejo",Country,Tudo Em Paz,02:51,13242862,2021,Solo
6HZILIRieu8S0iqY8kIKhj,DNA.,Kendrick Lamar,"hip hop, west coast hip hop",Hip Hop,DAMN.,03:05,359073626,2017,Solo
6HZILIRieu8S0iqY8kIKhj,DNA.,Kendrick Lamar,"hip hop, west coast hip hop",Hip Hop,DAMN.,03:05,359073626,2018,Solo
6Hfu9sc7jvv6coyy2LlzBF,Hurricane,Kanye West,rap,Hip Hop,Donda,04:03,41777705,2021,Solo
6HgWWaMu31KdOpEG5l28BG,All My Life (feat. J. Cole),"Lil Durk,J. Cole","drill, rap",Hip Hop,All My Life (feat. J. Cole),03:43,67488228,2023,Collaboration
6Hio4nlyWL2WBL8nYlbuGt,Agudo Mágico 3,"MC K.K,Dj TG Beats,Dj Aurélio,MC Lipivox","funk, brazilian funk",Hip Hop,Agudo Mágico 3,02:54,20272170,2022,Collaboration
6Hio4nlyWL2WBL8nYlbuGt,Agudo Mágico 3,"MC K.K,Dj TG Beats,Dj Aurélio,MC Lipivox","funk, brazilian funk",Hip Hop,Agudo Mágico 3,02:54,20272170,2023,Collaboration
6Hj9jySrnFppAI0sEMCZpJ,Robbery,Juice WRLD,"melodic rap, emo rap",Hip Hop,Death Race For Love,04:00,618506638,2019,Solo
6Hj9jySrnFppAI0sEMCZpJ,Robbery,Juice WRLD,"melodic rap, emo rap",Hip Hop,Death Race For Love,04:00,618506638,2020,Solo
6Hj9jySrnFppAI0sEMCZpJ,Robbery,Juice WRLD,"melodic rap, emo rap",Hip Hop,Death Race For Love,04:00,618506638,2021,Solo
6HrALJOMsfPCCbUo5cJCON,ESCAPATE,"Tito Double P,Chino Pacas","corrido, corridos tumbados, corridos bélicos, electro corridos, música mexicana",Latin,INCÓMODO,02:24,205900513,2024,Collaboration
6Hw21Z5CmEV78jrncFpMwz,Tak Tiki Tak,Harry Nach,"chilean trap, reggaeton chileno, chilean mambo, mambo",Latin,Tak Tiki Tak,03:32,25053371,2020,Solo
6I6NX6tjGsxFAsIfGzY9lJ,Deja Vu,J. Cole,rap,Hip Hop,4 Your Eyez Only,04:24,46097075,2017,Solo
6I9VzXrHxO9rA9A5euc8Ak,Toxic,Britney Spears,pop,Pop,In The Zone,03:18,30780023,2021,Solo
6I9VzXrHxO9rA9A5euc8Ak,Toxic,Britney Spears,pop,Pop,In The Zone,03:18,30780023,2022,Solo
6I9VzXrHxO9rA9A5euc8Ak,Toxic,Britney Spears,pop,Pop,In The Zone,03:18,30780023,2023,Solo
6I9VzXrHxO9rA9A5euc8Ak,Toxic,Britney Spears,pop,Pop,In The Zone,03:18,30780023,2024,Solo
6IAZHEBUIGJ6NJKxxOBIEr,Rolling in the Deep,Adele,soft pop,Pop,21,03:48,297373808,2021,Solo
6IAZHEBUIGJ6NJKxxOBIEr,Rolling in the Deep,Adele,soft pop,Pop,21,03:48,297373808,2022,Solo
6IAZHEBUIGJ6NJKxxOBIEr,Rolling in the Deep,Adele,soft pop,Pop,21,03:48,297373808,2023,Solo
6IAZHEBUIGJ6NJKxxOBIEr,Rolling in the Deep,Adele,soft pop,Pop,21,03:48,297373808,2024,Solo
6IBcOGPsniK3Pso1wHIhew,Forever After All,Luke Combs,country,Country,What You See Ain't Always What You Get (Deluxe Edition),03:52,31488149,2020,Solo
6IPNp9PfaEqrzotY47TIWy,"SG (with Ozuna, Megan Thee Stallion & LISA of BLACKPINK)","DJ Snake,Ozuna,Megan Thee Stallion,LISA","reggaeton, latin, trap latino, urbano latino, k-pop",Pop,"SG (with Ozuna, Megan Thee Stallion & LISA of BLACKPINK)",03:45,48468070,2021,Collaboration
6IPwKM3fUUzlElbvKw2sKl,we fell in love in october,girl in red,bedroom pop,Pop,we fell in love in october / October Passed Me By,03:04,257099920,2022,Solo
6IPwKM3fUUzlElbvKw2sKl,we fell in love in october,girl in red,bedroom pop,Pop,we fell in love in october / October Passed Me By,03:04,257099920,2023,Solo
6IPwKM3fUUzlElbvKw2sKl,we fell in love in october,girl in red,bedroom pop,Pop,we fell in love in october / October Passed Me By,03:04,257099920,2024,Solo
6IZvVAP7VPPnsGX6bvgkqg,PRIDE.,Kendrick Lamar,"hip hop, west coast hip hop",Hip Hop,DAMN.,04:35,42895345,2017,Solo
6IZvVAP7VPPnsGX6bvgkqg,PRIDE.,Kendrick Lamar,"hip hop, west coast hip hop",Hip Hop,DAMN.,04:35,42895345,2024,Solo
6IeK3Ap5m3HabwJxgI6eSE,It's Beginning to Look a Lot Like Christmas (with Mitchell Ayres & His Orchestra),"Perry Como,The Fontane Sisters,Mitchell Ayres & His Orchestra","christmas, adult standards, ",Easy listening,Greatest Christmas Songs,02:35,98754310,2017,Collaboration
6IeK3Ap5m3HabwJxgI6eSE,It's Beginning to Look a Lot Like Christmas (with Mitchell Ayres & His Orchestra),"Perry Como,The Fontane Sisters,Mitchell Ayres & His Orchestra","christmas, adult standards, ",Easy listening,Greatest Christmas Songs,02:35,98754310,2024,Collaboration
6Im9k8u9iIzKMrmV7BWtlF,34+35,Ariana Grande,pop,Pop,Positions,02:53,525225592,2020,Solo
6Im9k8u9iIzKMrmV7BWtlF,34+35,Ariana Grande,pop,Pop,Positions,02:53,525225592,2021,Solo
6JIC3hbC28JZKZ8AlAqX8h,Cold Heart - PNAU Remix,"Elton John,Dua Lipa,PNAU","pop, ",Pop,The Lockdown Sessions,03:22,1635962038,2022,Collaboration
6JIC3hbC28JZKZ8AlAqX8h,Cold Heart - PNAU Remix,"Elton John,Dua Lipa,PNAU","pop, ",Pop,The Lockdown Sessions,03:22,1635962038,2023,Collaboration
6JIC3hbC28JZKZ8AlAqX8h,Cold Heart - PNAU Remix,"Elton John,Dua Lipa,PNAU","pop, ",Pop,The Lockdown Sessions,03:22,1635962038,2024,Collaboration
6JQvHMSaR8flFsN53ypOfP,Noticed,Lil Mosey,melodic rap,Hip Hop,Northsbest,02:45,104069015,2018,Solo
6JQvHMSaR8flFsN53ypOfP,Noticed,Lil Mosey,melodic rap,Hip Hop,Northsbest,02:45,104069015,2019,Solo
6JdS5rJvJaRA7B1tcm7kxZ,Dionysus,BTS,k-pop,Pop,MAP OF THE SOUL : PERSONA,04:09,15134946,2019,Solo
6JjPBQfI2Y8nIjnm65X6Pw,X (feat. Maluma & Ozuna) - Remix,"Nicky Jam,J Balvin,Maluma,Ozuna","reggaeton, latin, urbano latino, trap latino",Latin,X (feat. Maluma & Ozuna) [Remix],03:55,131775006,2018,Collaboration
6JqpFboOH2bq9pzaYbkKBn,R.I.P. (feat. Rita Ora & Anitta),"Sofía Reyes,Rita Ora,Anitta","latin pop, brazilian pop, funk pop, funk carioca, funk, pagode baiano",Pop,R.I.P. (feat. Rita Ora & Anitta),03:07,44900506,2019,Collaboration
6Juv5N0dNU1imms9c9u1dA,Papi Chulo,"Octavian,Skepta","grime, afroswing",Traditional music,Papi Chulo,02:41,22060606,2020,Collaboration
6JyEh4kl9DLwmSAoNDRn5b,4th Dimension,"KIDS SEE GHOSTS,Louis Prima","swing music, big band",Easy listening,KIDS SEE GHOSTS,02:33,11840659,2018,Collaboration
6K4t31amVTZDgR3sKmwUJJ,The Less I Know The Better,Tame Impala,"indie, psychedelic pop",Rock,Currents,03:36,233240777,2019,Solo
6K4t31amVTZDgR3sKmwUJJ,The Less I Know The Better,Tame Impala,"indie, psychedelic pop",Rock,Currents,03:36,233240777,2020,Solo
6K4t31amVTZDgR3sKmwUJJ,The Less I Know The Better,Tame Impala,"indie, psychedelic pop",Rock,Currents,03:36,233240777,2021,Solo
6K4t31amVTZDgR3sKmwUJJ,The Less I Know The Better,Tame Impala,"indie, psychedelic pop",Rock,Currents,03:36,233240777,2024,Solo
6K5BsR04ijf3FHNzjbaagD,Si Se Da - Remix,"Myke Towers,Farruko,Arcángel,Sech,Zion","reggaeton, trap latino, urbano latino, latin",Latin,Si Se da Remix,05:32,94739913,2019,Collaboration
6KL88T4Ma4ABXqzgUoEwkd,Run,OneRepublic,soft pop,Pop,Human (Deluxe),02:48,42781608,2021,Solo
6KOnLTb1xLfKDAjMC43I76,Giza,"Natanael Cano,Oscar Maydon","corridos tumbados, corrido, corridos bélicos, sad sierreño, electro corridos, sierreño, música mexicana, banda",Latin,Giza,02:57,34498338,2024,Collaboration
6KUE0HSSudAp9AOycaF6SH,Make It Right,BTS,k-pop,Pop,MAP OF THE SOUL : PERSONA,03:46,19929959,2019,Solo
6KUE0HSSudAp9AOycaF6SH,Make It Right,BTS,k-pop,Pop,MAP OF THE SOUL : PERSONA,03:46,19929959,2020,Solo
6KYOlIwDHbrbeBbJEtQ0Fj,オトノケ - Otonoke,Creepy Nuts,"anime, j-pop, j-rap",Pop,オトノケ - Otonoke,03:05,68708822,2024,Solo
6Kj17Afjo1OKJYpf5VzCeo,Pain 1993 (with Playboi Carti),"Drake,Playboi Carti","rap, hip hop, rage rap",Hip Hop,Dark Lane Demo Tapes,02:29,34514033,2020,Collaboration
6KuqAtoeVzxAYOaMveLNpH,Dura,Daddy Yankee,"reggaeton, latin",Latin,Dura,03:20,37984661,2018,Solo
6Kyl2nFgU0J8WBlbBvDv6g,Coração Partido (Corazón Partío) - Ao Vivo,Grupo Menos É Mais,"pagode, samba",Latin,Churrasquinho 3 (Ao Vivo),03:15,12754750,2024,Solo
6LKYeyLt4G4SlZ6OJwFhVS,This Feeling (feat. Kelsea Ballerini),"The Chainsmokers,Kelsea Ballerini",country,Country,Sick Boy...Beach House,03:19,21563194,2018,Collaboration
6LsAAHotRLMOHfCsSfYCsz,If I Can't Have You,Shawn Mendes,pop,Pop,If I Can't Have You,03:10,243846086,2019,Solo
6LuvVxHXQDtsPxtE07Ycbe,S-Class,Stray Kids,k-pop,Pop,5-STAR,03:15,48494316,2023,Solo
6MF4tRr5lU8qok8IKaFOBE,Under The Sun (with J. Cole & Lute feat. DaBaby),"Dreamville,J. Cole,Lute,DaBaby","rap, ",Hip Hop,Revenge Of The Dreamers III,03:22,10031440,2019,Collaboration
6MJUCumnQsQEKbCy28tbCP,Adictiva,"Daddy Yankee,Anuel AA","reggaeton, latin, trap latino, urbano latino",Latin,Adictiva,03:27,197535058,2018,Collaboration
6MJUCumnQsQEKbCy28tbCP,Adictiva,"Daddy Yankee,Anuel AA","reggaeton, latin, trap latino, urbano latino",Latin,Adictiva,03:27,197535058,2019,Collaboration
6MNGxu8MprKGkchUchkJsy,Machika,"J Balvin,Jeon,Anitta","reggaeton, latin, brazilian pop, funk pop, funk carioca, funk, pagode baiano",Pop,Machika,03:01,84529053,2018,Collaboration
6MbH1QiphMCPTqVEVC7UYi,Nothings Into Somethings,Drake,"rap, hip hop",Hip Hop,More Life,02:33,17620085,2017,Solo
6MjNilJCVKJq0LfFvo5jWJ,Fast,Juice WRLD,"melodic rap, emo rap",Hip Hop,Death Race For Love,03:28,42718445,2019,Solo
6N1K5OVVCopBjGViHs2IvP,The Joker And The Queen (feat. Taylor Swift),"Ed Sheeran,Taylor Swift","soft pop, ",Pop,The Joker And The Queen (feat. Taylor Swift),03:05,35739243,2022,Collaboration
6NJfIydBMYrXvlaXsFxmc8,Ain't It Different (feat. AJ Tracey & Stormzy),"Headie One,AJ Tracey,Stormzy","uk drill, grime, drill",Hip Hop,Ain't It Different (feat. AJ Tracey & Stormzy),03:16,18334213,2020,Collaboration
6NMtzpDQBTOfJwMzgMX0zl,SKELETONS,Travis Scott,rap,Hip Hop,ASTROWORLD,02:25,14708499,2018,Solo
6NWl2m8asvH83xjuXVNsuG,Betrayed,Lil Xan,cloud rap,Hip Hop,Betrayed,03:07,139484503,2017,Solo
6NWl2m8asvH83xjuXVNsuG,Betrayed,Lil Xan,cloud rap,Hip Hop,Betrayed,03:07,139484503,2018,Solo
6Na5uKk5SsqZimk0hAWo8y,Signs,Drake,"rap, hip hop",Hip Hop,Signs,03:54,19949243,2017,Solo
6NfrH0ANGmgBXyxgV2PeXt,La Difícil,Bad Bunny,"reggaeton, trap latino, latin, urbano latino",Latin,YHLQMDLG,02:43,231054904,2020,Solo
6NjWCIYu1W8xa3HIvcIhd4,Nasty,Tinashe,alternative r&b,R&B,Nasty,02:56,69116982,2024,Solo
6NnCWIWV740gP7DQ8kqdIE,Nxde,(G)I-DLE,k-pop,Pop,I love,02:58,33850709,2022,Solo
6O5TrlFWTYvznd9fMC0VvU,When We Were Young,Adele,soft pop,Pop,25,04:50,67112096,2021,Solo
6O7fPYTsb2mY0PiFt2ymDB,Aim For The Moon (feat. Quavo),"Pop Smoke,Quavo","brooklyn drill, drill, new york drill, ",Hip Hop,Shoot For The Stars Aim For The Moon,02:55,13026955,2020,Collaboration
6OON4kMjTFqARMFrRbmlwy,STARS,"Kanye West,Ty Dolla $ign","rap, ",Hip Hop,VULTURES 1,01:55,15703530,2024,Collaboration
6OTKVgVpVaVjhRLYizPJKA,Just for Me,PinkPantheress,bedroom pop,Pop,Just for me,01:55,16897571,2021,Solo
6OZh916QF8XNunWaP97WEZ,Fast Car,"Jonas Blue,Dakota","tropical house, ",Electronic,Fast Car,03:32,29539625,2017,Collaboration
6OaVWaGfhXn70ZJfdVcabn,NO BYSTANDERS,Travis Scott,rap,Hip Hop,ASTROWORLD,03:38,23925616,2018,Solo
6OqrJqDMu15AGJHJazg9Nr,Levitating (feat. DaBaby),"Dua Lipa,DaBaby","pop, ",Pop,Future Nostalgia,03:23,37088480,2020,Collaboration
6OzUIp8KjuwxJnCWkXp1uL,Besos Moja2,"Wisin & Yandel,ROSALÍA","reggaeton, urbano latino, latin",Latin,La Última Misión,03:49,181764093,2022,Collaboration
6OzUIp8KjuwxJnCWkXp1uL,Besos Moja2,"Wisin & Yandel,ROSALÍA","reggaeton, urbano latino, latin",Latin,La Última Misión,03:49,181764093,2023,Collaboration
6P096SaOzrgGxs8NWOfX7M,Salimo de Noche,"Tiago PZK,Trueno","argentine trap, urbano latino",Hip Hop,Salimo de Noche,02:57,127886690,2021,Collaboration
6P096SaOzrgGxs8NWOfX7M,Salimo de Noche,"Tiago PZK,Trueno","argentine trap, urbano latino",Hip Hop,Salimo de Noche,02:57,127886690,2022,Collaboration
6PCUP3dWmTjcTtXY02oFdT,Castle on the Hill,Ed Sheeran,soft pop,Pop,÷ (Deluxe),04:21,521990184,2017,Solo
6PCUP3dWmTjcTtXY02oFdT,Castle on the Hill,Ed Sheeran,soft pop,Pop,÷ (Deluxe),04:21,521990184,2018,Solo
6PDlkWmrq2ZKiUuFt2aQsH,Loco,"Justin Quiles,Chimbala,Zion & Lennox","reggaeton, dembow, latin",Latin,Loco,03:51,77180059,2021,Collaboration
6PGoSes0D9eUDeeAafB2As,LOVE. FEAT. ZACARI.,"Kendrick Lamar,Zacari","hip hop, west coast hip hop, ",Hip Hop,DAMN.,03:33,328228812,2017,Collaboration
6PGoSes0D9eUDeeAafB2As,LOVE. FEAT. ZACARI.,"Kendrick Lamar,Zacari","hip hop, west coast hip hop, ",Hip Hop,DAMN.,03:33,328228812,2018,Collaboration
6PJ8FF6UR8FZXfEvpHkIVN,How Would You Feel (Paean),Ed Sheeran,soft pop,Pop,÷ (Deluxe),04:40,80089560,2017,Solo
6PQ88X9TkUIAUIZJHW2upE,Bad Habits,Ed Sheeran,soft pop,Pop,Bad Habits,03:51,596189578,2021,Solo
6PYnUsNEpYC7A4BS2sjw3L,Right Back (feat. A Boogie Wit Da Hoodie),"Khalid,A Boogie Wit da Hoodie",melodic rap,Hip Hop,Right Back (feat. A Boogie Wit Da Hoodie),04:14,42641630,2019,Collaboration
6Pgkp4qUoTmJIPn7ReaGxL,Without You (feat. Sandro Cavazza),"Avicii,Sandro Cavazza","edm, ",Electronic,AVĪCI (01),03:01,26434323,2018,Collaboration
6PhRhocBXP4y7NpciGmzra,Después De La 1,"Cris Mj,FloyyMenor,LOUKI","reggaeton chileno, chilean trap, chilean mambo, reggaeton",Latin,MJ,02:57,154679613,2024,Collaboration
6Pw3Gvw4wNMZfTYZa6IQal,The Way I Are (Dance with Somebody) (feat. Lil Wayne) - Spotify Version,"Bebe Rexha,Lil Wayne","rap, hip hop",Hip Hop,The Way I Are (Dance With Somebody) [feat. Lil Wayne],03:07,23692892,2017,Collaboration
6Q2FftbUG530lCtBI74bMH,Drowning (feat. Kodak Black),"A Boogie Wit da Hoodie,Kodak Black","melodic rap, ",Hip Hop,Drowning (feat. Kodak Black),03:29,114538560,2017,Collaboration
6Q3K9gVUZRMZqZKrXovbM2,I'll Wait,"Kygo,Sasha Alex Sloan","tropical house, ",Electronic,I'll Wait,03:35,16484483,2020,Collaboration
6Qb7YsAqH4wWFUMbGsCpap,Training Season,Dua Lipa,pop,Pop,Training Season,03:29,183806473,2024,Solo
6Qs4SXO9dwPj5GKvVOv8Ki,Dancing With A Stranger (with Normani),"Sam Smith,Normani","soft pop, ",Pop,Dancing With A Stranger (with Normani),02:51,685145739,2019,Collaboration
6Qs4SXO9dwPj5GKvVOv8Ki,Dancing With A Stranger (with Normani),"Sam Smith,Normani","soft pop, ",Pop,Dancing With A Stranger (with Normani),02:51,685145739,2020,Collaboration
6RQ5IwG7uADz9LDWliJGjU,Special,SZA,r&b,R&B,SOS,02:38,18256389,2022,Solo
6RV9pRLIQiXm3qTGeyQluf,Machu Picchu,"Camilo,Evaluna Montaner","colombian pop, ",Pop,Mis Manos,02:59,63240092,2021,Collaboration
6RcAHyC5sAUIbPTkhOQwd8,Y LLORO,Junior H,"corridos tumbados, corrido, corridos bélicos, sad sierreño, sierreño, música mexicana, banda",Latin,$AD BOYZ 4 LIFE II,02:59,481258687,2023,Solo
6RcAHyC5sAUIbPTkhOQwd8,Y LLORO,Junior H,"corridos tumbados, corrido, corridos bélicos, sad sierreño, sierreño, música mexicana, banda",Latin,$AD BOYZ 4 LIFE II,02:59,481258687,2024,Solo
6RjSXi9cPGroetXeNsWFGL,MTG QUEM NÃO QUER SOU EU,"DJ TOPO,Seu Jorge,Mc Leozin,MC G15","funk, brazilian funk, mpb, samba, pagode, funk de bh",Hip Hop,MTG QUEM NÃO QUER SOU EU,02:03,68716906,2024,Collaboration
6RnkFd8Fqqgk1Uni8RgqCQ,Like I Do,"David Guetta,Martin Garrix,Brooks","edm, dance, electronica, progressive house, future house",Electronic,Like I Do,03:22,188302301,2018,Collaboration
6RsRMf9e4KUyo3MecGffNL,I Want It,Juice WRLD,"melodic rap, emo rap",Hip Hop,Legends Never Die,02:53,16164719,2020,Solo
6RyaV7owmVU6fzEPE17sF1,Que Tire Pa Lante,Daddy Yankee,"reggaeton, latin",Latin,Que Tire Pa Lante,03:30,167106271,2019,Solo
6RyaV7owmVU6fzEPE17sF1,Que Tire Pa Lante,Daddy Yankee,"reggaeton, latin",Latin,Que Tire Pa Lante,03:30,167106271,2020,Solo
6RyuoOJXNzlVWpfC5xQyeI,Alocao (With Bad Gyal),"Omar Montes,Bad Gyal","flamenco, flamenco urbano, flamenco pop, neoperreo",Latin,Alocao (With Bad Gyal),03:29,12219733,2019,Collaboration
6RzcNTnS02dnqoQMdTkQwi,Descer Pra BC,"Brenno & Matheus,DJ Ari SL","agronejo, sertanejo, sertanejo universitário, piseiro",Country,Descer Pra BC,02:46,26491701,2024,Collaboration
6SAKXCj5jyF6IgPCPbZ5ra,Armed And Dangerous,Juice WRLD,"melodic rap, emo rap",Hip Hop,Armed And Dangerous,02:49,39970425,2018,Solo
6SIrNxmmdbv1KUbFBu1PaN,Bebe (feat. Anuel AA),"Ozuna,Anuel AA","reggaeton, latin, trap latino, urbano latino",Latin,Bebe,03:51,10303790,2017,Collaboration
6SUocL0caib4mLHe8ZrZzi,Sun Comes Up (feat. James Arthur),"Rudimental,James Arthur",soft pop,Pop,Sun Comes Up (feat. James Arthur),03:52,13299440,2017,Collaboration
6Sq7ltF9Qa7SNFBsV5Cogx,Me Porto Bonito,"Bad Bunny,Chencho Corleone","reggaeton, trap latino, latin, urbano latino",Latin,Un Verano Sin Ti,02:58,2156017230,2022,Collaboration
6Sq7ltF9Qa7SNFBsV5Cogx,Me Porto Bonito,"Bad Bunny,Chencho Corleone","reggaeton, trap latino, latin, urbano latino",Latin,Un Verano Sin Ti,02:58,2156017230,2023,Collaboration
6Sq7ltF9Qa7SNFBsV5Cogx,Me Porto Bonito,"Bad Bunny,Chencho Corleone","reggaeton, trap latino, latin, urbano latino",Latin,Un Verano Sin Ti,02:58,2156017230,2024,Collaboration
6StwwqB84sJeLr7tZDTxEX,Guy For That (Feat. Luke Combs),"Post Malone,Luke Combs",country,Country,F-1 Trillion,02:44,22449389,2024,Collaboration
6SwRhMLwNqEi6alNPVG00n,LOYALTY. FEAT. RIHANNA.,"Kendrick Lamar,Rihanna","hip hop, west coast hip hop, ",Hip Hop,DAMN.,03:47,188444608,2017,Collaboration
6SwRhMLwNqEi6alNPVG00n,LOYALTY. FEAT. RIHANNA.,"Kendrick Lamar,Rihanna","hip hop, west coast hip hop, ",Hip Hop,DAMN.,03:47,188444608,2018,Collaboration
6SznMYPQJHzr3IwsAHLId2,Bibia Be Ye Ye,Ed Sheeran,soft pop,Pop,÷ (Deluxe),02:56,39091224,2017,Solo
6T7FXSuXykeGktMLGp8WgE,All My Life (feat. J. Cole),"Lil Durk,J. Cole","drill, rap",Hip Hop,Almost Healed,03:43,302417036,2023,Collaboration
6T8cJz5lAqGer9GUHGyelE,God's Plan,Drake,"rap, hip hop",Hip Hop,Scary Hours,03:18,43453536,2018,Solo
6TBzRwnX2oYd8aOrOuyK1p,Fin de Semana,"Oscar Maydon,Junior H","corridos tumbados, corrido, corridos bélicos, electro corridos, sad sierreño, banda, música mexicana, sierreño",Latin,Fin de Semana,03:44,600571592,2023,Collaboration
6TIU9Ehmi6dMzZK73Ym4yj,Save Myself,Ed Sheeran,soft pop,Pop,÷ (Deluxe),04:07,35745228,2017,Solo
6TkXViJUO3SA6FMcrNwlD9,Jingle Bell Rock,Bobby Helms,christmas,Jazz,"Merry Christmas, Baby!",02:13,285537578,2023,Solo
6TkXViJUO3SA6FMcrNwlD9,Jingle Bell Rock,Bobby Helms,christmas,Jazz,"Merry Christmas, Baby!",02:13,285537578,2024,Solo
6TqXcAFInzjp0bODyvrWEq,Talk (feat. Disclosure),"Khalid,Disclosure",house,Electronic,Free Spirit,03:17,420957076,2019,Collaboration
6TqXcAFInzjp0bODyvrWEq,Talk (feat. Disclosure),"Khalid,Disclosure",house,Electronic,Free Spirit,03:17,420957076,2020,Collaboration
6TsVhM8qIkWN5cJVDIVbbz,Besos Moja2,"Wisin & Yandel,ROSALÍA","reggaeton, urbano latino, latin",Latin,La Última Misión,03:49,105880185,2022,Collaboration
6U2NuJILEOEpW2tVCuqKHb,Dura - Remix,"Daddy Yankee,NATTI NATASHA,Becky G,Bad Bunny","reggaeton, latin, urbano latino, trap latino",Latin,Dura (Remix),04:02,148994437,2018,Collaboration
6UjfByV1lDLW0SOVQA4NAi,Gyalchester,Drake,"rap, hip hop",Hip Hop,More Life,03:09,108260889,2017,Solo
6Um358vY92UBv5DloTRX9L,Que Vuelvas,"Carin Leon,Grupo Frontera","banda, norteño, sierreño, corrido, grupera, ranchera, sad sierreño, música mexicana, cumbia norteña, corridos tumbados, corridos bélicos, tejano",Latin,Que Vuelvas,02:49,788645996,2022,Collaboration
6Um358vY92UBv5DloTRX9L,Que Vuelvas,"Carin Leon,Grupo Frontera","banda, norteño, sierreño, corrido, grupera, ranchera, sad sierreño, música mexicana, cumbia norteña, corridos tumbados, corridos bélicos, tejano",Latin,Que Vuelvas,02:49,788645996,2023,Collaboration
6V2JPFiAeqfZjM3A8VNr5q,Santa Tell Me - Naughty Version,Ariana Grande,pop,Pop,Christmas & Chill,03:23,15785130,2023,Solo
6VBhH7CyP56BXjp8VsDFPZ,Kesariya (From  Brahmastra ),"Pritam,Arijit Singh,Amitabh Bhattacharya","bollywood, hindi pop, desi, sufi, bangla pop",Pop,Kesariya (From  Brahmastra ),04:28,114628288,2022,Collaboration
6VHdcVbiKLYYOcMbIqBcuK,Lumbra,"Cali Y El Dandee,Shaggy","colombian pop, reggaeton, reggae",Pop,Lumbra,03:17,40802652,2017,Collaboration
6VObnIkLVruX4UVyxWhlqm,Skyfall,Adele,soft pop,Pop,Skyfall,04:46,98673833,2021,Solo
6VObnIkLVruX4UVyxWhlqm,Skyfall,Adele,soft pop,Pop,Skyfall,04:46,98673833,2023,Solo
6VObnIkLVruX4UVyxWhlqm,Skyfall,Adele,soft pop,Pop,Skyfall,04:46,98673833,2024,Solo
6VSaNvPPagk4U5Skxp6XfV,Au DD,PNL,pop urbaine,Hip Hop,Au DD,04:07,18400088,2019,Solo
6VciS3dRMpZhJiDxT8ArFi,"Young Miko: Bzrp Music Sessions, Vol. 58","Bizarrap,Young Miko","argentine trap, trap latino, urbano latino",Hip Hop,"Young Miko: Bzrp Music Sessions, Vol. 58",03:07,158538226,2024,Collaboration
6Vn1vje8yMw2OY6IOk9dkH,GATÚBELA,"KAROL G,Maldy","reggaeton, latin, urbano latino",Latin,MAÑANA SERÁ BONITO,03:28,23984228,2023,Collaboration
6VpQdig9pdpTSIFItgkJV5,Never Be the Same,Camila Cabello,pop,Pop,Never Be the Same,03:47,39445641,2017,Solo
6VpQdig9pdpTSIFItgkJV5,Never Be the Same,Camila Cabello,pop,Pop,Never Be the Same,03:47,39445641,2018,Solo
6VrBWh90BiwWmwKtvwWFcq,Ambiente,J Balvin,"reggaeton, latin",Latin,Vibras,04:08,52841492,2018,Solo
6VrCmhRBFnuGKmtNfk4jDs,Spotlight,"Marshmello,Lil Peep","edm, emo rap, cloud rap",Hip Hop,Spotlight,02:57,17986820,2018,Collaboration
6VrQTLzzuyGIYjUDe4kAZk,Un Coco,Bad Bunny,"reggaeton, trap latino, latin, urbano latino",Latin,Un Verano Sin Ti,03:16,218870748,2022,Solo
6WBTeFDEfAJbaSUUc1V1xQ,Lost In Japan,Shawn Mendes,pop,Pop,Shawn Mendes,03:21,16629374,2018,Solo
6WatFBLVB0x077xWeoVc2k,Si Antes Te Hubiera Conocido,KAROL G,"reggaeton, latin, urbano latino",Latin,Si Antes Te Hubiera Conocido,03:15,849257350,2024,Solo
6WbADFqMvR8N5u0BvtsWQE,Without You (feat. Sandro Cavazza),"Avicii,Sandro Cavazza","edm, ",Electronic,AVĪCI (01),03:01,298988174,2017,Collaboration
6WbADFqMvR8N5u0BvtsWQE,Without You (feat. Sandro Cavazza),"Avicii,Sandro Cavazza","edm, ",Electronic,AVĪCI (01),03:01,298988174,2018,Collaboration
6WbAhuwE6fCOriBu5786X1,CAIRO,"KAROL G,Ovy On The Drums","reggaeton, latin, urbano latino",Latin,CAIRO,03:21,225328389,2022,Collaboration
6WbAhuwE6fCOriBu5786X1,CAIRO,"KAROL G,Ovy On The Drums","reggaeton, latin, urbano latino",Latin,CAIRO,03:21,225328389,2023,Collaboration
6WrI0LAC5M1Rw2MnX2ZvEg,Don't Start Now,Dua Lipa,pop,Pop,Don't Start Now,03:03,586577724,2019,Solo
6WrI0LAC5M1Rw2MnX2ZvEg,Don't Start Now,Dua Lipa,pop,Pop,Don't Start Now,03:03,586577724,2020,Solo
6WzRpISELf3YglGAh7TXcG,Popular (with Playboi Carti & Madonna) - From The Idol Vol. 1 (Music from the HBO Original Series),"The Weeknd,Playboi Carti,Madonna","rage rap, ",Hip Hop,Popular (Music from the HBO Original Series),03:35,1007511980,2023,Collaboration
6WzRpISELf3YglGAh7TXcG,Popular (with Playboi Carti & Madonna) - From The Idol Vol. 1 (Music from the HBO Original Series),"The Weeknd,Playboi Carti,Madonna","rage rap, ",Hip Hop,Popular (Music from the HBO Original Series),03:35,1007511980,2024,Collaboration
6X6m4xmdFcz31p1h7Qg68c,EL LOKERON,Tito Double P,"corrido, corridos tumbados, corridos bélicos, electro corridos, música mexicana",Latin,INCÓMODO,02:25,281041968,2024,Solo
6XBjCetHKdO5L9cwMDVffw,Hipócrita,"Anuel AA,Zion","reggaeton, trap latino, urbano latino, latin",Latin,Real Hasta la Muerte,03:12,87420006,2018,Collaboration
6XHVuErjQ4XNm6nDPVCxVX,No Guidance (feat. Drake),"Chris Brown,Drake","r&b, rap, hip hop",Hip Hop,Indigo,04:20,365992165,2019,Collaboration
6XHVuErjQ4XNm6nDPVCxVX,No Guidance (feat. Drake),"Chris Brown,Drake","r&b, rap, hip hop",Hip Hop,Indigo,04:20,365992165,2020,Collaboration
6XO8RlYuJCiI0v3IA48FeJ,Bye Bye,"Marshmello,Juice WRLD","edm, melodic rap, emo rap",Electronic,Bye Bye,01:48,21335800,2022,Collaboration
6XOYVSmNDjKUNMXooU4s4z,No Vacancy,OneRepublic,soft pop,Pop,No Vacancy,03:43,78427005,2017,Solo
6XSqqQIy7Lm7SnwxS4NrGx,CLASSY 101,"Feid,Young Miko","reggaeton, urbano latino, trap latino",Latin,CLASSY 101,03:15,1228833274,2023,Collaboration
6XXKB32Om6WuXg3uEWwTob,imperfect for you,Ariana Grande,pop,Pop,eternal sunshine,03:02,28179306,2024,Solo
6XXYdF6pJR1K3wKvuxmu7n,Feel Me,Selena Gomez,pop,Pop,Feel Me,03:46,11426567,2020,Solo
6XaJfhwof7qIgbbXO5tIQI,Igual Que Un Ángel (with Peso Pluma),"Kali Uchis,Peso Pluma","corrido, corridos tumbados, corridos bélicos, música mexicana, sad sierreño, electro corridos, banda",Latin,ORQUÍDEAS,04:20,196973231,2024,Collaboration
6XbtvPmIpyCbjuT0e8cQtp,Columbia,Quevedo,reggaeton,Latin,Columbia,03:06,1131452151,2023,Solo
6XbtvPmIpyCbjuT0e8cQtp,Columbia,Quevedo,reggaeton,Latin,Columbia,03:06,1131452151,2024,Solo
6Xj014IHwbLVjiVT6H89on,Malas Decisiones,Kenia OS,reggaeton mexa,Latin,K23,02:19,107897476,2023,Solo
6XjDF6nds4DE2BBbagZol6,Gata Only,"FloyyMenor,Cris Mj","reggaeton chileno, chilean trap, chilean mambo, reggaeton",Latin,Gata Only,03:42,965733548,2024,Collaboration
6XlSyYFTU1nodeWwwzVgTV,Sangria Wine,"Pharrell Williams,Camila Cabello",pop,Pop,Sangria Wine,03:22,23496755,2018,Collaboration
6Xom58OOXk2SoU711L2IXO,Moscow Mule,Bad Bunny,"reggaeton, trap latino, latin, urbano latino",Latin,Un Verano Sin Ti,04:05,869952034,2022,Solo
6Xom58OOXk2SoU711L2IXO,Moscow Mule,Bad Bunny,"reggaeton, trap latino, latin, urbano latino",Latin,Un Verano Sin Ti,04:05,869952034,2023,Solo
6XpEm7VJ7TZxZTawH8BCSW,Jump,"Tyla,Gunna,Skillibeng","afrobeats, melodic rap, dancehall",R&B,TYLA,02:27,35039744,2024,Collaboration
6XsFgTG4dY768oIB4Dmeu0,Jiwa Yang Bersedih,Ghea Indrawari,"indonesian pop, malay",Pop,Jiwa Yang Bersedih,04:38,140938328,2023,Solo
6Y46tOTRhkBamosyuWa6YX,LA FAMA,"ROSALÍA,The Weeknd","latin, ",Latin,MOTOMAMI,03:08,37893775,2022,Collaboration
6Y4PDQv4XjYjHLeLmvyOt0,Si Te Vas,"Sech,Ozuna","reggaeton, urbano latino, latin, trap latino",Latin,Si Te Vas,03:24,159750379,2019,Collaboration
6Y4PDQv4XjYjHLeLmvyOt0,Si Te Vas,"Sech,Ozuna","reggaeton, urbano latino, latin, trap latino",Latin,Si Te Vas,03:24,159750379,2020,Collaboration
6YC5ibtCMyXU1RQ1LkQLIn,MONTAGEM - PR FUNK,S3BZS,"phonk, brazilian funk",Hip Hop,MONTAGEM - PR FUNK,01:01,31107576,2023,Solo
6YJdPrH3i2POzu7hdHIRrb,Santa Baby,"Ariana Grande,Liz Gillies","pop, christmas",Jazz,Christmas Kisses,02:50,62484361,2018,Collaboration
6YJdPrH3i2POzu7hdHIRrb,Santa Baby,"Ariana Grande,Liz Gillies","pop, christmas",Jazz,Christmas Kisses,02:50,62484361,2019,Collaboration
6YJdPrH3i2POzu7hdHIRrb,Santa Baby,"Ariana Grande,Liz Gillies","pop, christmas",Jazz,Christmas Kisses,02:50,62484361,2020,Collaboration
6YJdPrH3i2POzu7hdHIRrb,Santa Baby,"Ariana Grande,Liz Gillies","pop, christmas",Jazz,Christmas Kisses,02:50,62484361,2021,Collaboration
6YJdPrH3i2POzu7hdHIRrb,Santa Baby,"Ariana Grande,Liz Gillies","pop, christmas",Jazz,Christmas Kisses,02:50,62484361,2022,Collaboration
6YJdPrH3i2POzu7hdHIRrb,Santa Baby,"Ariana Grande,Liz Gillies","pop, christmas",Jazz,Christmas Kisses,02:50,62484361,2023,Collaboration
6YOfGIE6iFxC7G8OlGGvzW,ROCKSTAR,Junior H,"corridos tumbados, corrido, corridos bélicos, sad sierreño, sierreño, música mexicana, banda",Latin,$AD BOYZ 4 LIFE II,02:48,98347809,2023,Solo
6YOfGIE6iFxC7G8OlGGvzW,ROCKSTAR,Junior H,"corridos tumbados, corrido, corridos bélicos, sad sierreño, sierreño, música mexicana, banda",Latin,$AD BOYZ 4 LIFE II,02:48,98347809,2024,Solo
6YUTL4dYpB9xZO5qExPf05,Summer,Calvin Harris,edm,Electronic,Motion,03:42,44355758,2021,Solo
6YUTL4dYpB9xZO5qExPf05,Summer,Calvin Harris,edm,Electronic,Motion,03:42,44355758,2024,Solo
6YZdkObH88npeKrrkb8Ggf,DUELE EL CORAZON (feat. Wisin),"Enrique Iglesias,Wisin","latin pop, latin, reggaeton",Latin,DUELE EL CORAZON (feat. Wisin),03:19,32287323,2017,Collaboration
6YeDjSHCDmJKgU8foiaruL,Santa Claus Is Comin' to Town,Frank Sinatra,"christmas, big band, adult standards, swing music, vocal jazz, jazz",Easy listening,Christmas Songs by Sinatra,02:34,19418604,2019,Solo
6YeDjSHCDmJKgU8foiaruL,Santa Claus Is Comin' to Town,Frank Sinatra,"christmas, big band, adult standards, swing music, vocal jazz, jazz",Easy listening,Christmas Songs by Sinatra,02:34,19418604,2021,Solo
6YeDjSHCDmJKgU8foiaruL,Santa Claus Is Comin' to Town,Frank Sinatra,"christmas, big band, adult standards, swing music, vocal jazz, jazz",Easy listening,Christmas Songs by Sinatra,02:34,19418604,2022,Solo
6YeDjSHCDmJKgU8foiaruL,Santa Claus Is Comin' to Town,Frank Sinatra,"christmas, big band, adult standards, swing music, vocal jazz, jazz",Easy listening,Christmas Songs by Sinatra,02:34,19418604,2023,Solo
6YzQOngfcV0W9F8UOTnEEK,Bande organisée,"13 Organisé,SCH,Kofs,Jul,Naps,Soso Maness,Elams,Solda,Houari","pop urbaine, chicha",Latin,13 Organisé,05:56,12925336,2020,Collaboration
6Z4rRhYZVQsYKmrxD40tru,Obsessed,"Riar Saab,Abhijay Sharma","punjabi pop, punjabi hip hop, desi hip hop, desi pop, hindi hip hop",Hip Hop,Obsessed,03:10,77978286,2023,Collaboration
6ZCfGA0bPM50DPmcSlJKGY,HABLAME CLARO,"Yandel,Feid","reggaeton, urbano latino, latin",Latin,HABLAME CLARO,02:34,15150852,2024,Collaboration
6ZNo7Vi0TE9ul1fhKd4S1M,Pray For Me (with Kendrick Lamar),"The Weeknd,Kendrick Lamar","hip hop, west coast hip hop",Hip Hop,Pray For Me (with Kendrick Lamar),03:31,13246723,2018,Collaboration
6ZZf5a8oiInHDkBe9zXfLP,Curtains,Ed Sheeran,soft pop,Pop,- (Deluxe),03:44,24390544,2023,Solo
6Za3190Sbw39BBC77WSS1C,Criminal,"NATTI NATASHA,Ozuna","reggaeton, latin, urbano latino, trap latino",Latin,Criminal,03:52,319934431,2017,Collaboration
6Za3190Sbw39BBC77WSS1C,Criminal,"NATTI NATASHA,Ozuna","reggaeton, latin, urbano latino, trap latino",Latin,Criminal,03:52,319934431,2018,Collaboration
6ZelF5APDN5r6XnFqcnvWR,Give No Fxk,"Migos,Travis Scott,Young Thug","trap, rap, melodic rap",Hip Hop,Give No Fxk,03:44,10271625,2020,Collaboration
6ZprqcYFC6D9eIZaCoqrSn,Gently (feat. Bad Bunny),"Drake,Bad Bunny","rap, hip hop, reggaeton, trap latino, latin, urbano latino",Hip Hop,For All The Dogs,02:13,95971198,2023,Collaboration
6ZuahEctZD6w75peme58hm,Wonder,Shawn Mendes,pop,Pop,Wonder,02:52,100061805,2020,Solo
6ZuahEctZD6w75peme58hm,Wonder,Shawn Mendes,pop,Pop,Wonder,02:52,100061805,2021,Solo
6Zw25LRLP0j0MsezDFIUM4,Mal Feito - Ao Vivo,"Hugo & Guilherme,Marília Mendonça","sertanejo, sertanejo universitário, agronejo, arrocha, forró",Country,Próximo Passo (Ao Vivo),02:57,11133660,2022,Collaboration
6a1hzBiTkgqTsDA0Xgfh9z,Santa Claus Is Coming To Town,The Jackson 5,"motown, christmas",Jazz,Merry Christmas,02:23,170458677,2017,Solo
6a1hzBiTkgqTsDA0Xgfh9z,Santa Claus Is Coming To Town,The Jackson 5,"motown, christmas",Jazz,Merry Christmas,02:23,170458677,2018,Solo
6a1hzBiTkgqTsDA0Xgfh9z,Santa Claus Is Coming To Town,The Jackson 5,"motown, christmas",Jazz,Merry Christmas,02:23,170458677,2020,Solo
6a1hzBiTkgqTsDA0Xgfh9z,Santa Claus Is Coming To Town,The Jackson 5,"motown, christmas",Jazz,Merry Christmas,02:23,170458677,2021,Solo
6a1hzBiTkgqTsDA0Xgfh9z,Santa Claus Is Coming To Town,The Jackson 5,"motown, christmas",Jazz,Merry Christmas,02:23,170458677,2022,Solo
6a1hzBiTkgqTsDA0Xgfh9z,Santa Claus Is Coming To Town,The Jackson 5,"motown, christmas",Jazz,Merry Christmas,02:23,170458677,2023,Solo
6a1hzBiTkgqTsDA0Xgfh9z,Santa Claus Is Coming To Town,The Jackson 5,"motown, christmas",Jazz,Merry Christmas,02:23,170458677,2024,Solo
6a9Z1jUms915w4O7N1PxjY,Santa,"Rvssian,Rauw Alejandro,Ayra Starr","trap latino, reggaeton, urbano latino, latin, afrobeats, afrobeat, afropop, afropiano, afro soul",R&B,Santa,03:13,425857942,2024,Collaboration
6aJn7Cst74cj4lNIiPRgav,Touch,KATSEYE,k-pop,Pop,Touch,02:09,125344710,2024,Solo
6alCTRgBPoeAFi2N4il9Q4,Did It Again,Lil Tecca,"melodic rap, rap",Hip Hop,We Love You Tecca,01:56,33508718,2019,Solo
6aoGtdWXBkYQ2O2wnyIz2x,Not Ok,"Kygo,Chelsea Cutler","tropical house, ",Electronic,Not Ok,03:30,29377996,2019,Collaboration
6b2HYgqcK9mvktt4GxAu72,Loco,"Justin Quiles,Chimbala,Zion & Lennox","reggaeton, dembow, latin",Latin,La Última Promesa,03:51,82122824,2021,Collaboration
6b2RcmUt1g9N9mQ3CbjX2Y,How Do You Sleep?,Sam Smith,soft pop,Pop,How Do You Sleep?,03:22,525113147,2019,Solo
6b2RcmUt1g9N9mQ3CbjX2Y,How Do You Sleep?,Sam Smith,soft pop,Pop,How Do You Sleep?,03:22,525113147,2020,Solo
6bGMSP3H9YqkmaLnaJTIoF,Hold On,Adele,soft pop,Pop,30,06:06,19373667,2021,Solo
6bQ5823aHmFVKLZW8E7rRo,Si Quieren Frontear,"Duki,De La Ghetto,Quevedo","argentine trap, trap, trap latino, reggaeton, urbano latino",Hip Hop,Si Quieren Frontear,03:20,58568162,2022,Collaboration
6bQfNiqyCX7UaQSvVVGo4I,Shivers,Ed Sheeran,soft pop,Pop,Shivers,03:27,16756981,2021,Solo
6bTdZ7xfKp3NqqADJ8HLyj,Vampiro,"Matuê,WIU,Teto","brazilian trap, trap, brazilian hip hop, trap funk",Hip Hop,Vampiro,04:10,37474623,2022,Collaboration
6bWBLZLBRQEJ5KsLicouNB,I Think I'm OKAY (with YUNGBLUD & Travis Barker),"mgk,YUNGBLUD,Travis Barker",rap rock,Rock,I Think I'm OKAY (with YUNGBLUD & Travis Barker),02:50,10128370,2019,Collaboration
6bvfJf4KjonPMuPfGfy3S2,La Jeepeta - Remix,"Nio Garcia,Anuel AA,Myke Towers,Brray,Juanka","reggaeton, trap latino, urbano latino, latin, neoperreo, reggaeton chileno, rkt",Latin,Now Or Never,05:45,279653337,2020,Collaboration
6bvfJf4KjonPMuPfGfy3S2,La Jeepeta - Remix,"Nio Garcia,Anuel AA,Myke Towers,Brray,Juanka","reggaeton, trap latino, urbano latino, latin, neoperreo, reggaeton chileno, rkt",Latin,Now Or Never,05:45,279653337,2021,Collaboration
6c7D34787LOtPm8tzhsLgH,Rake It Up,"Yo Gotti,Nicki Minaj","memphis rap, southern hip hop, ",Hip Hop,Rake It Up,04:36,64292191,2017,Collaboration
6cFZ4PLC19taNlpl9pbGMf,Somebody To Love - Remastered 2011,Queen,"classic rock, rock, glam rock",Rock,A Day At The Races (Deluxe Remastered Version),04:56,79008281,2018,Solo
6cFZ4PLC19taNlpl9pbGMf,Somebody To Love - Remastered 2011,Queen,"classic rock, rock, glam rock",Rock,A Day At The Races (Deluxe Remastered Version),04:56,79008281,2019,Solo
6cQ08IpBxxfGcSKxqE3NmB,Headshot (feat. Polo G & Fivio Foreign),"Lil Tjay,Polo G,Fivio Foreign","brooklyn drill, melodic rap, new york drill, drill, uk drill",Hip Hop,Headshot,02:24,16068805,2021,Collaboration
6cjSh516BbrNUs213jDAGm,Graduation (with Juice WRLD),"benny blanco,Juice WRLD","melodic rap, emo rap",Hip Hop,Graduation (with Juice WRLD),02:57,14924743,2019,Collaboration
6clzeGvi1CFioMOolbAOlX,"Stay With Me (with Justin Timberlake, Halsey & Pharrell)","Calvin Harris,Justin Timberlake,Halsey,Pharrell Williams","edm, ",Electronic,Funk Wav Bounces Vol. 2,03:49,33582317,2022,Collaboration
6cx06DFPPHchuUAcTxznu9,Head & Heart (feat. MNEK),"Joel Corry,MNEK","dance pop, ",Pop,Head & Heart (feat. MNEK),02:46,775631454,2020,Collaboration
6cx06DFPPHchuUAcTxznu9,Head & Heart (feat. MNEK),"Joel Corry,MNEK","dance pop, ",Pop,Head & Heart (feat. MNEK),02:46,775631454,2021,Collaboration
6cx06DFPPHchuUAcTxznu9,Head & Heart (feat. MNEK),"Joel Corry,MNEK","dance pop, ",Pop,Head & Heart (feat. MNEK),02:46,775631454,2022,Collaboration
6cy3ki60hLwimwIje7tALf,RITMO (Bad Boys For Life),"Black Eyed Peas,J Balvin","reggaeton, latin",Latin,RITMO (Bad Boys For Life),03:41,506578343,2019,Collaboration
6cy3ki60hLwimwIje7tALf,RITMO (Bad Boys For Life),"Black Eyed Peas,J Balvin","reggaeton, latin",Latin,RITMO (Bad Boys For Life),03:41,506578343,2020,Collaboration
6dNB3XdAzx7kTf5wa8Rg89,Wieso tust Du dir das an?,Apache 207,german hip hop,Hip Hop,Platte,02:56,18590676,2019,Solo
6dVZCbi9CYtD9LjAHXRjIG,Mask Off (feat. Kendrick Lamar) - Remix,"Future,Kendrick Lamar","rap, hip hop, west coast hip hop",Hip Hop,FUTURE,04:18,19064193,2017,Collaboration
6dXiWwFrcGieqnoLYzPNp5,Sial,Mahalini,"indonesian pop, malay",Pop,fábula,04:03,175787520,2023,Solo
6dZDlGzteUj6t8ztc2COMO,Chico,Luísa Sonza,"brazilian pop, funk pop, funk",Pop,Escândalo Íntimo,03:02,10759894,2023,Solo
6dmXZ9B5HdFAyzHeTneYBK,LA FAMA (with The Weeknd),"ROSALÍA,The Weeknd","latin, ",Latin,LA FAMA (with The Weeknd),03:08,110495251,2021,Collaboration
6dmXZ9B5HdFAyzHeTneYBK,LA FAMA (with The Weeknd),"ROSALÍA,The Weeknd","latin, ",Latin,LA FAMA (with The Weeknd),03:08,110495251,2022,Collaboration
6eT2V7nKXyMf47TwPbtgAD,Seek & Destroy,SZA,r&b,R&B,SOS,03:23,26199622,2022,Solo
6eYxmK9fdL4hwLnXG2zY3s,Look At Me!,XXXTENTACION,emo rap,Hip Hop,Revenge,02:06,174967250,2017,Solo
6eYxmK9fdL4hwLnXG2zY3s,Look At Me!,XXXTENTACION,emo rap,Hip Hop,Revenge,02:06,174967250,2018,Solo
6eYxmK9fdL4hwLnXG2zY3s,Look At Me!,XXXTENTACION,emo rap,Hip Hop,Revenge,02:06,174967250,2019,Solo
6ehWdR7cGDXnT7aKEASJxE,3D (feat. Jack Harlow),"Jung Kook,Jack Harlow","k-pop, ",Pop,3D (feat. Jack Harlow),03:21,33138298,2023,Collaboration
6eiztdXRkooWsBt2xToMWI,Make Believe,Juice WRLD,"melodic rap, emo rap",Hip Hop,Death Race For Love,02:22,13039181,2019,Solo
6ex1Pz3pntgy4NPtxHXN2V,Bad Habits,Ed Sheeran,soft pop,Pop,= (Tour Edition),03:50,107938410,2022,Solo
6ex1Pz3pntgy4NPtxHXN2V,Bad Habits,Ed Sheeran,soft pop,Pop,= (Tour Edition),03:50,107938410,2023,Solo
6f3Slt0GbA2bPZlz0aIFXN,The Business,Tiësto,"edm, trance, big room, house, dance",Electronic,The Business,02:44,761936265,2020,Solo
6f3Slt0GbA2bPZlz0aIFXN,The Business,Tiësto,"edm, trance, big room, house, dance",Electronic,The Business,02:44,761936265,2021,Solo
6f3Slt0GbA2bPZlz0aIFXN,The Business,Tiësto,"edm, trance, big room, house, dance",Electronic,The Business,02:44,761936265,2022,Solo
6f8wbdo8KU5ETWJA7lapgS,BYE,Peso Pluma,"corrido, corridos tumbados, corridos bélicos, música mexicana, sad sierreño, electro corridos, banda",Latin,GÉNESIS,03:32,82417900,2023,Solo
6fRxMU4LWwyaSSowV441IU,Beautiful Mistakes (feat. Megan Thee Stallion),"Maroon 5,Megan Thee Stallion","pop, ",Pop,Beautiful Mistakes (feat. Megan Thee Stallion),03:47,150005026,2021,Collaboration
6fmQjRuo7XvRFCK2qex5hQ,Mi Cuarto,Jerry Di,reggaeton,Latin,DI LETRA,03:17,189481485,2020,Solo
6fmQjRuo7XvRFCK2qex5hQ,Mi Cuarto,Jerry Di,reggaeton,Latin,DI LETRA,03:17,189481485,2021,Solo
6fujklziTHa8uoM5OQSfIo,Black Beatles,"Rae Sremmurd,Gucci Mane","southern hip hop, rap, trap",Hip Hop,SremmLife 2 (Deluxe),04:51,167247813,2017,Collaboration
6fwdbPMwP1zVStm8FybmkO,X (feat. Future),"21 Savage,Metro Boomin,Future",rap,Hip Hop,Savage Mode,04:18,64512578,2017,Collaboration
6fxVffaTuwjgEk5h9QyRjy,Photograph,Ed Sheeran,soft pop,Pop,x (Wembley Edition),04:18,861357013,2017,Solo
6fxVffaTuwjgEk5h9QyRjy,Photograph,Ed Sheeran,soft pop,Pop,x (Wembley Edition),04:18,861357013,2018,Solo
6fxVffaTuwjgEk5h9QyRjy,Photograph,Ed Sheeran,soft pop,Pop,x (Wembley Edition),04:18,861357013,2019,Solo
6fxVffaTuwjgEk5h9QyRjy,Photograph,Ed Sheeran,soft pop,Pop,x (Wembley Edition),04:18,861357013,2020,Solo
6fxVffaTuwjgEk5h9QyRjy,Photograph,Ed Sheeran,soft pop,Pop,x (Wembley Edition),04:18,861357013,2021,Solo
6fxVffaTuwjgEk5h9QyRjy,Photograph,Ed Sheeran,soft pop,Pop,x (Wembley Edition),04:18,861357013,2022,Solo
6fxVffaTuwjgEk5h9QyRjy,Photograph,Ed Sheeran,soft pop,Pop,x (Wembley Edition),04:18,861357013,2023,Solo
6fxVffaTuwjgEk5h9QyRjy,Photograph,Ed Sheeran,soft pop,Pop,x (Wembley Edition),04:18,861357013,2024,Solo
6g1NlCpW7fgqDnWbCCDrHl,Wake Me Up - Radio Edit,Avicii,edm,Electronic,True,04:07,85213583,2018,Solo
6gBFPUFcJLzWGx4lenP6h2,goosebumps,Travis Scott,rap,Hip Hop,Birds In The Trap Sing McKnight,04:03,1834725716,2017,Solo
6gBFPUFcJLzWGx4lenP6h2,goosebumps,Travis Scott,rap,Hip Hop,Birds In The Trap Sing McKnight,04:03,1834725716,2018,Solo
6gBFPUFcJLzWGx4lenP6h2,goosebumps,Travis Scott,rap,Hip Hop,Birds In The Trap Sing McKnight,04:03,1834725716,2019,Solo
6gBFPUFcJLzWGx4lenP6h2,goosebumps,Travis Scott,rap,Hip Hop,Birds In The Trap Sing McKnight,04:03,1834725716,2020,Solo
6gBFPUFcJLzWGx4lenP6h2,goosebumps,Travis Scott,rap,Hip Hop,Birds In The Trap Sing McKnight,04:03,1834725716,2021,Solo
6gBFPUFcJLzWGx4lenP6h2,goosebumps,Travis Scott,rap,Hip Hop,Birds In The Trap Sing McKnight,04:03,1834725716,2022,Solo
6gBFPUFcJLzWGx4lenP6h2,goosebumps,Travis Scott,rap,Hip Hop,Birds In The Trap Sing McKnight,04:03,1834725716,2023,Solo
6gBFPUFcJLzWGx4lenP6h2,goosebumps,Travis Scott,rap,Hip Hop,Birds In The Trap Sing McKnight,04:03,1834725716,2024,Solo
6gI9b2VsoWhjhIuIeToDVs,Die Hard,"Kendrick Lamar,Blxst,Amanda Reifer","hip hop, west coast hip hop, ",Hip Hop,Mr. Morale & The Big Steppers,03:59,57536613,2022,Collaboration
6gMj2DzKR2PjrrbNSwcGFR,OA,"Anuel AA,Quevedo,Maluma,Mambo Kingz,DJ Luian","reggaeton, trap latino, urbano latino, latin",Latin,OA,03:55,23137634,2023,Collaboration
6gcuJpHu0Ey30D5WR76y98,You & Me,JENNIE,k-pop,Pop,JENNIE Special Single [You & Me],02:59,105067062,2023,Solo
6gi6y1xwmVszDWkUqab1qw,OUT WEST (feat. Young Thug),"JACKBOYS,Travis Scott,Young Thug","rap, melodic rap, trap",Hip Hop,JACKBOYS,02:37,220815131,2019,Collaboration
6gi6y1xwmVszDWkUqab1qw,OUT WEST (feat. Young Thug),"JACKBOYS,Travis Scott,Young Thug","rap, melodic rap, trap",Hip Hop,JACKBOYS,02:37,220815131,2020,Collaboration
6gm12xlADJwiBbHIKBXzGW,René,Residente,latin hip hop,Hip Hop,René,07:37,20475885,2020,Solo
6gzIcEUuswJQGfJNPYMjjv,Hard Work Pays Off,"Future,Juice WRLD","rap, melodic rap, emo rap",Hip Hop,Future & Juice WRLD Present... WRLD ON DRUGS,03:44,12656047,2018,Collaboration
6hFwju6M40CKovKBPu5IpY,ACORDA PEDRINHO,Jovem Dionisio,"nova mpb, mpb",Latin,"Acorda, Pedrinho",02:53,27561444,2022,Solo
6hf0RpxTbOprT5nnwzkk8e,Qué Más Pues?,"J Balvin,Maria Becerra","reggaeton, latin, argentine trap",Hip Hop,Qué Más Pues?,03:37,297338495,2021,Collaboration
6hw1Sy9wZ8UCxYGdpKrU6M,Roller,Apache 207,german hip hop,Hip Hop,Platte,02:37,55716087,2019,Solo
6hw1Sy9wZ8UCxYGdpKrU6M,Roller,Apache 207,german hip hop,Hip Hop,Platte,02:37,55716087,2020,Solo
6hwGwCfCwHoSJQw7AYPEQu,ANDO,"Jere Klein,Gittobeatz","reggaeton chileno, chilean mambo, chilean trap, rkt, mambo, turreo",Latin,ANDO,02:52,34358534,2023,Collaboration
6i1g5ZRmJZAkDwBaUZ3f2i,Caile,Luar La L,trap latino,Latin,L3tra,02:21,163396513,2022,Solo
6i5qhmmF9UNUBRyrPSGn4m,Two Faced,Linkin Park,"nu metal, rap metal, rock, alternative metal",Metal,From Zero,03:03,22666238,2024,Solo
6i8MbzVn4nzyjUcSoVcz7B,Armageddon,aespa,k-pop,Pop,Armageddon - The 1st Album,03:16,48186343,2024,Solo
6iBlllot0wdy8f7V5t8OnR,Miss The Rage (feat. Playboi Carti),"Trippie Redd,Playboi Carti","melodic rap, rage rap",Hip Hop,Trip At Knight,03:56,10745215,2021,Collaboration
6iF4RgIjDvDqyW13PezSj3,Single Soon,Selena Gomez,pop,Pop,Single Soon,02:51,114734986,2023,Solo
6id0KJ3XgvJLSzyMtHBj67,My Only Wish (This Year),Britney Spears,pop,Pop,A Christmas Gift from Rilakkuma,04:17,20199215,2019,Solo
6irysuQyZWd7Bjj7ePiOs2,Holanda,JHAYCO,"reggaeton, trap latino, urbano latino",Latin,Holanda,03:51,364285124,2023,Solo
6jA8HL9i4QGzsj6fjoxp8Y,There for You,"Martin Garrix,Troye Sivan","edm, electronica, progressive house, ",Electronic,There for You,03:41,287095464,2017,Collaboration
6jA8HL9i4QGzsj6fjoxp8Y,There for You,"Martin Garrix,Troye Sivan","edm, electronica, progressive house, ",Electronic,There for You,03:41,287095464,2018,Collaboration
6jA8JUuPCGYjFcgw0AoM5T,Me Niego (feat. Ozuna & Wisin),"Reik,Ozuna,Wisin","latin pop, reggaeton, latin, trap latino, urbano latino",Latin,Me Niego (feat. Ozuna & Wisin),03:41,332540769,2018,Collaboration
6jjYDGxVJsWS0a5wlVF5vS,Butter,BTS,k-pop,Pop,Proof,02:44,47699134,2022,Solo
6jmZlyf9DxcIoRrjw02YXm,Old Town Road - Remix,"Lil Nas X,Billy Ray Cyrus,Mason Ramsey,Young Thug","country, rap, melodic rap, trap",Country,Old Town Road (Remix),02:51,15230971,2019,Collaboration
6jreFSOTUAViWjKyzOC4Kg,REMEDY,Alesso,edm,Electronic,REMEDY,03:10,69036558,2018,Solo
6juLaduD4STCUDWT0AYun4,MORE,"K/DA,Madison Beer,(G)I-DLE,Lexie Liu,Jaira Burns,Seraphine,League of Legends","k-pop, c-pop, chinese hip hop, chinese r&b, mandopop, ",Pop,MORE,03:37,23954074,2020,Collaboration
6jy9yJfgCsMHdu2Oz4BGKX,Papi’s Home,Drake,"rap, hip hop",Hip Hop,Certified Lover Boy,02:58,38434606,2021,Solo
6kYGOFNUMxpab09L5Ukoke,Rich Spirit,Kendrick Lamar,"hip hop, west coast hip hop",Hip Hop,Mr. Morale & The Big Steppers,03:22,37303128,2022,Solo
6kig1UFggPUyZBCvXD3Wod,No Complaints,"Metro Boomin,Offset,Drake","rap, hip hop",Hip Hop,No Complaints,04:21,51868066,2017,Collaboration
6kls8cSlUyHW2BUOkDJIZE,Hate Me (with Juice WRLD),"Ellie Goulding,Juice WRLD","melodic rap, emo rap",Hip Hop,Hate Me (with Juice WRLD),03:06,225173212,2019,Collaboration
6kls8cSlUyHW2BUOkDJIZE,Hate Me (with Juice WRLD),"Ellie Goulding,Juice WRLD","melodic rap, emo rap",Hip Hop,Hate Me (with Juice WRLD),03:06,225173212,2020,Collaboration
6koKhrBBcExADvWuOgceNZ,Open Arms (feat. Travis Scott),"SZA,Travis Scott","r&b, rap",R&B,SOS,03:59,25018208,2022,Collaboration
6koKhrBBcExADvWuOgceNZ,Open Arms (feat. Travis Scott),"SZA,Travis Scott","r&b, rap",R&B,SOS,03:59,25018208,2024,Collaboration
6l8mgVN9Xf1hiDIFGA6CTE,AMERICA HAS A PROBLEM (feat. Kendrick Lamar),"Beyoncé,Kendrick Lamar","hip hop, west coast hip hop",Hip Hop,AMERICA HAS A PROBLEM (feat. Kendrick Lamar),04:20,59083976,2023,Collaboration
6lU4BQWZomCWRfKSowfezE,Emotions,Ufo361,"german hip hop, turkish hip hop",Hip Hop,Rich Rich,02:26,11208239,2020,Solo
6lX6l7OuA3qrnIRfdsr0dw,Medallo,"Blessd,Justin Quiles,Lenny Tavárez","reggaeton, urbano latino, trap latino, argentine trap",Hip Hop,Hecho En Medellín,03:53,231991286,2021,Collaboration
6lX6l7OuA3qrnIRfdsr0dw,Medallo,"Blessd,Justin Quiles,Lenny Tavárez","reggaeton, urbano latino, trap latino, argentine trap",Hip Hop,Hecho En Medellín,03:53,231991286,2022,Collaboration
6m2LNopVJKsvBB9l7Z1rwn,Olha a Explosão,MC Kevinho,"funk, brazilian funk, funk pop",Hip Hop,Olha a Explosão,02:41,12318908,2017,Solo
6m2LNopVJKsvBB9l7Z1rwn,Olha a Explosão,MC Kevinho,"funk, brazilian funk, funk pop",Hip Hop,Olha a Explosão,02:41,12318908,2018,Solo
6mAN61JH0dzyZpWslS11jy,Fantasias,"Rauw Alejandro,Farruko","reggaeton, urbano latino, trap latino, latin",Latin,Fantasias,03:19,324450772,2019,Collaboration
6mAN61JH0dzyZpWslS11jy,Fantasias,"Rauw Alejandro,Farruko","reggaeton, urbano latino, trap latino, latin",Latin,Fantasias,03:19,324450772,2020,Collaboration
6mAz8D1TmlTuef90dbNIiZ,Plug Walk,Rich The Kid,trap,Hip Hop,The World Is Yours,02:55,164272433,2018,Solo
6mICuAdrwEjh6Y6lroV2Kg,Chantaje (feat. Maluma),"Shakira,Maluma","latin pop, latin, reggaeton, urbano latino",Latin,El Dorado,03:15,335538921,2017,Collaboration
6mICuAdrwEjh6Y6lroV2Kg,Chantaje (feat. Maluma),"Shakira,Maluma","latin pop, latin, reggaeton, urbano latino",Latin,El Dorado,03:15,335538921,2018,Collaboration
6mQLN3zRtAp6ovjusyYKrV,Rewrite The Stars (with James Arthur & Anne-Marie),"James Arthur,Anne-Marie","soft pop, ",Pop,Rewrite The Stars (with James Arthur & Anne-Marie),03:38,84002608,2018,Collaboration
6mQLN3zRtAp6ovjusyYKrV,Rewrite The Stars (with James Arthur & Anne-Marie),"James Arthur,Anne-Marie","soft pop, ",Pop,Rewrite The Stars (with James Arthur & Anne-Marie),03:38,84002608,2019,Collaboration
6mmPpaltUZK7xjNlBPQQ0p,Desesperados,"Rauw Alejandro,Chencho Corleone","reggaeton, urbano latino, trap latino, latin",Latin,VICE VERSA,03:44,635464315,2021,Collaboration
6mmPpaltUZK7xjNlBPQQ0p,Desesperados,"Rauw Alejandro,Chencho Corleone","reggaeton, urbano latino, trap latino, latin",Latin,VICE VERSA,03:44,635464315,2022,Collaboration
6mmPpaltUZK7xjNlBPQQ0p,Desesperados,"Rauw Alejandro,Chencho Corleone","reggaeton, urbano latino, trap latino, latin",Latin,VICE VERSA,03:44,635464315,2023,Collaboration
6mrKP2jyIQmM0rw6fQryjr,Let You Down,NF,christian hip hop,Hip Hop,Perception,03:32,449654518,2017,Solo
6mrKP2jyIQmM0rw6fQryjr,Let You Down,NF,christian hip hop,Hip Hop,Perception,03:32,449654518,2018,Solo
6n2P81rPk2RTzwnNNgFOdb,Bye,Peso Pluma,"corrido, corridos tumbados, corridos bélicos, música mexicana, sad sierreño, electro corridos, banda",Latin,Bye,03:32,103633152,2023,Solo
6n3HGiq4v35D6eFOSwqYuo,Teenage Fever,Drake,"rap, hip hop",Hip Hop,More Life,03:39,44885861,2017,Solo
6n4U3TlzUGhdSFbUUhTvLP,Walk It Talk It,"Migos,Drake","trap, rap, hip hop",Hip Hop,Culture II,04:36,251948503,2018,Collaboration
6nDKrPlXdpomGBgAlO7UdP,SOS,"Avicii,Aloe Blacc","edm, ",Electronic,SOS,02:37,160799615,2019,Collaboration
6nO3tr47nr2P7f3hXb8JIo,Champion (feat. Travis Scott),"NAV,Travis Scott","melodic rap, rap",Hip Hop,RECKLESS,03:15,32370922,2018,Collaboration
6njJR3OIp3oA0Kc4aC9Tzf,MONTAGEM - PR FUNK,"S3BZS,Mc Gw,Mc Menor Do Alvorada","phonk, brazilian funk, funk, funk carioca",Hip Hop,MONTAGEM - PR FUNK,01:01,194354152,2023,Collaboration
6nkoWsFZeFt5dUdNmlIceh,Bloqueado - Ao Vivo,Gusttavo Lima,"sertanejo, sertanejo universitário, arrocha, agronejo, piseiro, forró",Country,Buteco in Boston (Ao Vivo),02:48,51598916,2021,Solo
6nkoWsFZeFt5dUdNmlIceh,Bloqueado - Ao Vivo,Gusttavo Lima,"sertanejo, sertanejo universitário, arrocha, agronejo, piseiro, forró",Country,Buteco in Boston (Ao Vivo),02:48,51598916,2022,Solo
6nsLzJfvp5OLd4mgqUJkpq,Waiting For Love,Avicii,edm,Electronic,Stories,03:50,27129165,2018,Solo
6nxQdXa1uAL0rY72wPZu89,Love Me Now,John Legend,"soft pop, neo soul",R&B,DARKNESS AND LIGHT,03:30,87878043,2017,Solo
6o3QUC5oAE4g6WxRIFcZtb,Wishing Well,Juice WRLD,"melodic rap, emo rap",Hip Hop,Legends Never Die,03:14,81454130,2020,Solo
6o79O9qBP3OAkWOXajAQIS,WAKA,"6ix9ine,A Boogie Wit da Hoodie",melodic rap,Hip Hop,DUMMY BOY,02:08,21020571,2018,Collaboration
6oJ6le65B3SEqPwMRNXWjY,Higher Love,"Kygo,Whitney Houston","tropical house, ",Electronic,Higher Love,03:48,348235454,2019,Collaboration
6oJ6le65B3SEqPwMRNXWjY,Higher Love,"Kygo,Whitney Houston","tropical house, ",Electronic,Higher Love,03:48,348235454,2020,Collaboration
6oX9RuILbVIglevEhbg8iM,KARMA,Nimo,german hip hop,Hip Hop,KARMA,04:15,11677080,2019,Solo
6ocbgoVGwYJhOv1GgI9NsF,7 rings,Ariana Grande,pop,Pop,"thank u, next",02:58,1354819470,2019,Solo
6ocbgoVGwYJhOv1GgI9NsF,7 rings,Ariana Grande,pop,Pop,"thank u, next",02:58,1354819470,2020,Solo
6ocbgoVGwYJhOv1GgI9NsF,7 rings,Ariana Grande,pop,Pop,"thank u, next",02:58,1354819470,2021,Solo
6ocbgoVGwYJhOv1GgI9NsF,7 rings,Ariana Grande,pop,Pop,"thank u, next",02:58,1354819470,2022,Solo
6ocbgoVGwYJhOv1GgI9NsF,7 rings,Ariana Grande,pop,Pop,"thank u, next",02:58,1354819470,2024,Solo
6odrHMSLjP3aOXC4ipKUC6,La Bebe,Yng Lvcas,"reggaeton mexa, reggaeton, electro corridos",Latin,LPM,03:43,192031304,2023,Solo
6ofuqm2qLMi9lBFEF9mJMb,Hasta Que Salga el Sol,Ozuna,"reggaeton, latin, trap latino, urbano latino",Latin,Hasta Que Salga el Sol,03:08,11729029,2019,Solo
6ojZtz3sZr6ynvejLOqgCj,Nos Comemos (feat. Ozuna),"Tiago PZK,Ozuna","argentine trap, urbano latino, reggaeton, latin, trap latino",Hip Hop,Nos Comemos (feat. Ozuna),03:11,31528369,2022,Collaboration
6onwlDmIVKE8bBgyBRSuS0,FRIENDS (feat. kiLL edward),"J. Cole,kiLL edward","rap, ",Hip Hop,KOD,04:17,13369793,2018,Collaboration
6osaMSJh9NguagEDQcZaKx,Loco Contigo (feat. J. Balvin & Tyga),"DJ Snake,J Balvin,Tyga","reggaeton, latin, ",Latin,Carte Blanche,03:05,333382463,2019,Collaboration
6osaMSJh9NguagEDQcZaKx,Loco Contigo (feat. J. Balvin & Tyga),"DJ Snake,J Balvin,Tyga","reggaeton, latin, ",Latin,Carte Blanche,03:05,333382463,2020,Collaboration
6otePxalBK8AVa20xhZYVQ,MIENTRAS ME CURO DEL CORA,KAROL G,"reggaeton, latin, urbano latino",Latin,MAÑANA SERÁ BONITO,02:44,315371300,2023,Solo
6p1GHnHSJSma1orNgP7NoE,Jingle Bell Rock,Bobby Helms,christmas,Jazz,Fraulein,02:13,152621324,2023,Solo
6p8NuHm8uCGnn2Dtbtf7zE,Slippery (feat. Gucci Mane),"Migos,Gucci Mane","trap, southern hip hop, rap",Hip Hop,Culture,05:04,232325174,2017,Collaboration
6p8NuHm8uCGnn2Dtbtf7zE,Slippery (feat. Gucci Mane),"Migos,Gucci Mane","trap, southern hip hop, rap",Hip Hop,Culture,05:04,232325174,2018,Collaboration
6pD0ufEQq0xdHSsRbg9LBK,un x100to,"Grupo Frontera,Bad Bunny","cumbia norteña, banda, norteño, música mexicana, corrido, corridos tumbados, grupera, corridos bélicos, tejano, reggaeton, trap latino, latin, urbano latino",Latin,un x100to,03:14,1064987134,2023,Collaboration
6pK5edDoyrn4mWwRSVc2a5,Amor Genuino,Ozuna,"reggaeton, latin, trap latino, urbano latino",Latin,Amor Genuino,02:59,22783592,2019,Solo
6pQKUKBpwr6GhfhcFFFozo,Não Nasceu pra Namorar,"MC Zaquin,MC Rick","funk, funk de bh, brega funk, brazilian funk",Hip Hop,Não Nasceu pra Namorar,02:20,24492868,2021,Collaboration
6pVW5LRWgeLaHudxauOTJU,Jingle Bell Rock - Daryl's Version,Daryl Hall & John Oates,soft rock,Rock,Jingle Bell Rock,02:06,187776986,2017,Solo
6pVW5LRWgeLaHudxauOTJU,Jingle Bell Rock - Daryl's Version,Daryl Hall & John Oates,soft rock,Rock,Jingle Bell Rock,02:06,187776986,2018,Solo
6pVW5LRWgeLaHudxauOTJU,Jingle Bell Rock - Daryl's Version,Daryl Hall & John Oates,soft rock,Rock,Jingle Bell Rock,02:06,187776986,2019,Solo
6pVW5LRWgeLaHudxauOTJU,Jingle Bell Rock - Daryl's Version,Daryl Hall & John Oates,soft rock,Rock,Jingle Bell Rock,02:06,187776986,2020,Solo
6pVW5LRWgeLaHudxauOTJU,Jingle Bell Rock - Daryl's Version,Daryl Hall & John Oates,soft rock,Rock,Jingle Bell Rock,02:06,187776986,2021,Solo
6pVW5LRWgeLaHudxauOTJU,Jingle Bell Rock - Daryl's Version,Daryl Hall & John Oates,soft rock,Rock,Jingle Bell Rock,02:06,187776986,2022,Solo
6pVW5LRWgeLaHudxauOTJU,Jingle Bell Rock - Daryl's Version,Daryl Hall & John Oates,soft rock,Rock,Jingle Bell Rock,02:06,187776986,2023,Solo
6pVW5LRWgeLaHudxauOTJU,Jingle Bell Rock - Daryl's Version,Daryl Hall & John Oates,soft rock,Rock,Jingle Bell Rock,02:06,187776986,2024,Solo
6pgqZ7Iw4LfHlfgWWaRFSY,The Feels,TWICE,k-pop,Pop,The Feels,03:18,51792132,2021,Solo
6q8Lb50EtqNeeJXXe8mMAH,Culpables,"KAROL G,Anuel AA","reggaeton, latin, urbano latino, trap latino",Latin,Culpables,03:46,141226370,2018,Collaboration
6q8Lb50EtqNeeJXXe8mMAH,Culpables,"KAROL G,Anuel AA","reggaeton, latin, urbano latino, trap latino",Latin,Culpables,03:46,141226370,2019,Collaboration
6qAcApH8obo8eqatCKUHd9,Bad Blood (feat. Kendrick Lamar) (Taylor's Version),"Taylor Swift,Kendrick Lamar","hip hop, west coast hip hop",Hip Hop,1989 (Taylor's Version) [Deluxe],03:19,23938880,2023,Collaboration
6qDF4wWL49CAVbgT7yuHl8,Sigo Extrañándote,J Balvin,"reggaeton, latin",Latin,Energía,03:21,177081953,2017,Solo
6qI0MU175Dk2DeoUjlrOpy,911,Lady Gaga,"art pop, pop",Pop,Chromatica,02:52,11441000,2020,Solo
6qP73DRFGojLuIk1siIhNE,Dile la Verdad,"The Rudeboyz,Jowell & Randy,Manuel Turizo","reggaeton, urbano latino, latin, colombian pop",Pop,Dile la Verdad,03:39,18517695,2019,Collaboration
6qdMhG7pRFi0csRlFGvLE4,MILLE – feat. Orietta Berti,"Fedez,Achille Lauro,Orietta Berti","italian trap, ",Hip Hop,MILLE – feat. Orietta Berti,02:55,16051582,2021,Collaboration
6qraVL4IJaIj0IuEexYJNa,Explícito,Myke Towers,"reggaeton, trap latino, urbano latino",Latin,Para Mi Ex,03:15,26231601,2021,Solo
6qyS9qBy0mEk3qYaH8mPss,Murder In My Mind,Kordhell,"phonk, drift phonk",Electronic,Murder In My Mind,02:25,418122401,2022,Solo
6qyS9qBy0mEk3qYaH8mPss,Murder In My Mind,Kordhell,"phonk, drift phonk",Electronic,Murder In My Mind,02:25,418122401,2023,Solo
6r46lnXFbE9fr2d3KNaGbe,Imitadora,Romeo Santos,"bachata, bachata pop, latin",Latin,Golden,03:54,13284224,2017,Solo
6rQSrBHf7HlZjtcMZ4S4bO,Safari,"J Balvin,Pharrell Williams,BIA,Sky Rompiendo","reggaeton, latin",Latin,Energía,03:25,152002648,2017,Collaboration
6rTInqW3YECMkQsBEHw4sd,Solid (feat. Drake),"Young Stoner Life,Young Thug,Gunna,Drake","rap, melodic rap, trap, hip hop",Hip Hop,Slime Language 2,03:35,60383134,2021,Collaboration
6rbhaJsE4uLzpPf8WYSHDK,Asesina,"Brytiago,Darell","trap latino, reggaeton, urbano latino, trap, dembow",Latin,Asesina,03:07,112534301,2018,Collaboration
6rdkCkjk6D12xRpdMXy0I2,New Jeans,NewJeans,k-pop,Pop,NewJeans 'Super Shy',01:48,148104516,2023,Solo
6rjuKpPydT2SxN15TZpV7r,500lbs,Lil Tecca,"melodic rap, rap",Hip Hop,TEC,02:24,298172959,2023,Solo
6rjuKpPydT2SxN15TZpV7r,500lbs,Lil Tecca,"melodic rap, rap",Hip Hop,TEC,02:24,298172959,2024,Solo
6s1kzj4EbhFLXbuAGJbhbn,Barbie,"MC Tuto,DJ Glenner","funk, funk consciente, trap funk",R&B,Barbie,03:12,130738889,2024,Collaboration
6sI8Q7TTJeA9exw6hxEqq3,Blueberry Eyes (feat. SUGA of BTS),"MAX,SUGA",k-pop,Pop,Colour Vision,02:52,22624476,2020,Collaboration
6sPBi0qLI6KM3yXX56NxsA,Meia Noite (Você tem meu Whatsapp),Tarcísio do Acordeon,"piseiro, forró, arrocha, sertanejo, seresta, brega",Country,Diferente dos Iguais,03:57,33739506,2020,Solo
6sPBi0qLI6KM3yXX56NxsA,Meia Noite (Você tem meu Whatsapp),Tarcísio do Acordeon,"piseiro, forró, arrocha, sertanejo, seresta, brega",Country,Diferente dos Iguais,03:57,33739506,2021,Solo
6sn8WaooLLVhQvU96wtEAm,Save That Shit,Lil Peep,"emo rap, cloud rap",Hip Hop,Come Over When You're Sober (Part One),03:51,11846881,2017,Solo
6stYbAJgTszHAHZMPxWWCY,"Ay Mi Dios (feat. Pitbull, Yandel & Chacal)","IAmChino,Pitbull,Yandel,El Chacal","reggaeton, urbano latino, latin, timba, bachata",Latin,"Ay Mi Dios (feat. Pitbull, Yandel & Chacal)",04:12,111217166,2017,Collaboration
6tCssnvTUREcperDOUTqvA,WANNABE,ITZY,k-pop,Pop,It'z Me,03:11,28120896,2020,Solo
6tZ3b7ik1QDXFAZlXib0YZ,Kevin’s Heart,J. Cole,rap,Hip Hop,KOD,03:20,40483874,2018,Solo
6tarvNiKnEjYMj1VZhlDqR,66,"Lil Yachty,Trippie Redd",melodic rap,Hip Hop,Lil Boat 2,02:33,27152323,2018,Collaboration
6tjituizSxwSmBB5vtgHZE,Holly Jolly Christmas,Michael Bublé,christmas,Jazz,Christmas,01:59,578749394,2017,Solo
6tjituizSxwSmBB5vtgHZE,Holly Jolly Christmas,Michael Bublé,christmas,Jazz,Christmas,01:59,578749394,2018,Solo
6tjituizSxwSmBB5vtgHZE,Holly Jolly Christmas,Michael Bublé,christmas,Jazz,Christmas,01:59,578749394,2019,Solo
6tjituizSxwSmBB5vtgHZE,Holly Jolly Christmas,Michael Bublé,christmas,Jazz,Christmas,01:59,578749394,2020,Solo
6tjituizSxwSmBB5vtgHZE,Holly Jolly Christmas,Michael Bublé,christmas,Jazz,Christmas,01:59,578749394,2021,Solo
6tjituizSxwSmBB5vtgHZE,Holly Jolly Christmas,Michael Bublé,christmas,Jazz,Christmas,01:59,578749394,2022,Solo
6tjituizSxwSmBB5vtgHZE,Holly Jolly Christmas,Michael Bublé,christmas,Jazz,Christmas,01:59,578749394,2023,Solo
6tsOcBnaKgzK22yEiqRh8P,MONOPOLY (with Victoria Monét),"Ariana Grande,Victoria Monét","pop, alternative r&b",R&B,MONOPOLY,02:38,44810524,2019,Collaboration
6tvQzeCPwOytDlBYCIOY0n,Breathe,"Jax Jones,Ina Wroldsen",norwegian pop,Pop,Breathe,03:27,118182235,2018,Collaboration
6u0EAxf1OJTLS7CvInuNd7,Vai malandra (feat. Tropkillaz & DJ Yuri Martins),"Anitta,ZAAC,Maejor,Tropkillaz,DJ Yuri Martins","brazilian pop, funk pop, funk carioca, funk, pagode baiano, brazilian funk",Hip Hop,Vai malandra (feat. Tropkillaz & DJ Yuri Martins),03:21,76330964,2017,Collaboration
6u0EAxf1OJTLS7CvInuNd7,Vai malandra (feat. Tropkillaz & DJ Yuri Martins),"Anitta,ZAAC,Maejor,Tropkillaz,DJ Yuri Martins","brazilian pop, funk pop, funk carioca, funk, pagode baiano, brazilian funk",Hip Hop,Vai malandra (feat. Tropkillaz & DJ Yuri Martins),03:21,76330964,2018,Collaboration
6u7gmPOz7pzzaeR9xSBpsR,my hair,Ariana Grande,pop,Pop,Positions,02:38,13989467,2020,Solo
6uFn47ACjqYkc0jADwEdj1,Pop Out (feat. Lil Tjay),"Polo G,Lil Tjay","brooklyn drill, melodic rap",Hip Hop,Die A Legend,02:46,154971084,2019,Collaboration
6uIIdjYTxxpWOyWuVXrKQO,Que Onda,"Calle 24,Chino Pacas,Fuerza Regida","corrido, corridos tumbados, corridos bélicos, electro corridos, sad sierreño, música mexicana, banda, sierreño",Latin,Que Onda,03:11,1023738144,2023,Collaboration
6uIIdjYTxxpWOyWuVXrKQO,Que Onda,"Calle 24,Chino Pacas,Fuerza Regida","corrido, corridos tumbados, corridos bélicos, electro corridos, sad sierreño, música mexicana, banda, sierreño",Latin,Que Onda,03:11,1023738144,2024,Collaboration
6uTPA1xlcsk6dbchB2dhzl,Back for More (with Anitta),"TOMORROW X TOGETHER,Anitta","k-pop, brazilian pop, funk pop, funk carioca, funk, pagode baiano",Pop,Back for More (with Anitta),02:11,19449196,2023,Collaboration
6ujbuB0L7JKxmpQzAoCMuK,Die For You (with Ariana Grande) - Remix,"The Weeknd,Ariana Grande",pop,Pop,Starboy (Deluxe),03:52,12789940,2023,Collaboration
6urLjX35oXXRYtcH1b3dCh,Dubai Shit,"Huncho Jack,Travis Scott,Quavo,Offset","rap, ",Hip Hop,"Huncho Jack, Jack Huncho",03:48,10128651,2017,Collaboration
6urLjX35oXXRYtcH1b3dCh,Dubai Shit,"Huncho Jack,Travis Scott,Quavo,Offset","rap, ",Hip Hop,"Huncho Jack, Jack Huncho",03:48,10128651,2018,Collaboration
6uvMKqNlrSvcC4NaKnrwjZ,"Body (Remix) [feat. ArrDee, E1 (3x3), ZT (3x3), Bugzy Malone, Buni, Fivio Foreign & Darkoo]","Tion Wayne,Russ Millions,ArrDee,E1 (3x3),ZT (3x3),Bugzy Malone,Buni,Fivio Foreign,Darkoo","uk drill, drill, grime, afroswing, brooklyn drill, new york drill, afrobeats, afrobeat",Traditional music,"Body (Remix) [feat. ArrDee, E1 (3x3), ZT (3x3), Bugzy Malone, Buni, Fivio Foreign & Darkoo]",04:38,132838325,2021,Collaboration
6v0UJD4a2FtleHeSYVX02A,I Drink Wine,Adele,soft pop,Pop,30,06:16,41251293,2021,Solo
6v0lAdFF4haL8xjBIUjtOw,Te Robaré,"Nicky Jam,Ozuna","reggaeton, latin, trap latino, urbano latino",Latin,Te Robaré,03:21,286923182,2019,Collaboration
6v3KW9xbzN5yKLt9YKDYA2,Señorita,"Shawn Mendes,Camila Cabello",pop,Pop,Shawn Mendes (Deluxe),03:10,1740413424,2019,Collaboration
6v3KW9xbzN5yKLt9YKDYA2,Señorita,"Shawn Mendes,Camila Cabello",pop,Pop,Shawn Mendes (Deluxe),03:10,1740413424,2020,Collaboration
6v3KW9xbzN5yKLt9YKDYA2,Señorita,"Shawn Mendes,Camila Cabello",pop,Pop,Shawn Mendes (Deluxe),03:10,1740413424,2021,Collaboration
6v3KW9xbzN5yKLt9YKDYA2,Señorita,"Shawn Mendes,Camila Cabello",pop,Pop,Shawn Mendes (Deluxe),03:10,1740413424,2022,Collaboration
6v3KW9xbzN5yKLt9YKDYA2,Señorita,"Shawn Mendes,Camila Cabello",pop,Pop,Shawn Mendes (Deluxe),03:10,1740413424,2023,Collaboration
6vBdBCoOhKHiYDDOcorfNo,Goodbyes (Feat. Young Thug),"Post Malone,Young Thug","rap, melodic rap, trap",Hip Hop,Goodbyes (Feat. Young Thug),02:54,642262659,2019,Collaboration
6vBdBCoOhKHiYDDOcorfNo,Goodbyes (Feat. Young Thug),"Post Malone,Young Thug","rap, melodic rap, trap",Hip Hop,Goodbyes (Feat. Young Thug),02:54,642262659,2020,Collaboration
6vN77lE9LK6HP2DewaN6HZ,Yes Indeed,"Lil Baby,Drake","rap, hip hop",Hip Hop,Harder Than Ever,02:22,285313329,2018,Collaboration
6vN77lE9LK6HP2DewaN6HZ,Yes Indeed,"Lil Baby,Drake","rap, hip hop",Hip Hop,Harder Than Ever,02:22,285313329,2019,Collaboration
6vWEAOUSxohKxhp0K1BsxL,Mixed Personalities (feat. Kanye West),"YNW Melly,Kanye West","melodic rap, rap",Hip Hop,We All Shine,03:50,111679619,2019,Collaboration
6vvPecFTmWxDfEJ6cYT1wa,Rockstar,LISA,k-pop,Pop,Rockstar,02:18,199455881,2024,Solo
6vxU64pcIuQ38O015Zy4qj,Homecoming,Lil Uzi Vert,melodic rap,Hip Hop,Eternal Atake,03:33,15202033,2020,Solo
6w8ZPYdnGajyfPddTWdthN,Can I Get It,Adele,soft pop,Pop,30,03:30,46491200,2021,Solo
6w8yBI2vthyN9UnwO4UBWb,Entre Nosotros,"Tiago PZK,LIT killah","argentine trap, urbano latino, trap latino, trap",Hip Hop,Entre Nosotros,03:12,177801345,2021,Collaboration
6w8yBI2vthyN9UnwO4UBWb,Entre Nosotros,"Tiago PZK,LIT killah","argentine trap, urbano latino, trap latino, trap",Hip Hop,Entre Nosotros,03:12,177801345,2022,Collaboration
6wJYhPfqk3KGhHRG76WzOh,Blueberry Faygo,Lil Mosey,melodic rap,Hip Hop,Blueberry Faygo,02:42,23082810,2020,Solo
6wQlQrTY5mVS8EGaFZVwVF,Smile (with The Weeknd),"Juice WRLD,The Weeknd","melodic rap, emo rap, ",Hip Hop,Legends Never Die,03:16,162184580,2020,Collaboration
6wV12xIUb8oFY7lBy4KuQe,Sooner Or Later,Aaron Carter,bubblegum pop,Pop,LøVë,03:32,39888325,2017,Solo
6wWaVoUOzLQJHd3bWAUpdZ,"Never Recover (Lil Baby & Gunna, Drake)","Lil Baby,Gunna,Drake","melodic rap, rap, hip hop",Hip Hop,Drip Harder,03:14,94674615,2018,Collaboration
6wWaVoUOzLQJHd3bWAUpdZ,"Never Recover (Lil Baby & Gunna, Drake)","Lil Baby,Gunna,Drake","melodic rap, rap, hip hop",Hip Hop,Drip Harder,03:14,94674615,2019,Collaboration
6wbDn8NI3ygkOeDJiS0ASi,Bilmem Mi?,Sefo,"turkish hip hop, turkish pop",Hip Hop,Bilmem Mi?,03:06,20818405,2021,Solo
6wj06az0WX7fClA2w319dO,Kata Mereka Ini Berlebihan,Bernadya,"indonesian pop, indonesian indie",Rock,"Sialnya, Hidup Harus Tetap Berjalan",03:11,16553275,2024,Solo
6wo37KVqFJhtuxPTpLCcfe,Takeaway (feat. Lennon Stella),"The Chainsmokers,ILLENIUM,Lennon Stella","melodic bass, future bass, edm, ",Electronic,World War Joy...Takeaway,03:29,164486107,2019,Collaboration
6woeVu3fVMflqen1t4N6pg,Old Town Road (feat. RM of BTS) - Seoul Town Road Remix,"Lil Nas X,RM,BTS","k-pop, k-rap",Pop,Old Town Road (feat. RM of BTS) [Seoul Town Road Remix],01:54,14069124,2019,Collaboration
6wsqVwoiVH2kde4k4KKAFU,I KNOW ?,Travis Scott,rap,Hip Hop,UTOPIA,03:31,777567535,2023,Solo
6wsqVwoiVH2kde4k4KKAFU,I KNOW ?,Travis Scott,rap,Hip Hop,UTOPIA,03:31,777567535,2024,Solo
6wtZPYBIXUvCpXwVjMCJBf,ULTRA SOLO REMIX,"Polimá Westcoast,Feid,Pailita,Paloma Mami,De La Ghetto","chilean trap, reggaeton chileno, chilean mambo, reggaeton, urbano latino, mambo, trap latino",Latin,ULTRA SOLO REMIX,05:22,135704118,2022,Collaboration
6wyhUr4Xw8z5uSy0AhoZfU,I'M ON ONE (feat. Drake),"Future,Drake","rap, hip hop",Hip Hop,I NEVER LIKED YOU,03:56,16860798,2022,Collaboration
6x59lSlNU7TvsJZy7134uC,ROSONES,"Jorsshh,Fuerza Regida","corridos tumbados, corrido, corridos bélicos, música mexicana, banda, electro corridos, sierreño, sad sierreño",Latin,ROSONES,02:58,27355690,2024,Collaboration
6xRWoYwfwIKnT8bQGzKbxR,God Is,Kanye West,rap,Hip Hop,JESUS IS KING,03:23,13885448,2019,Solo
6xTU6B6nFwKKTSZ9ySXS80,Remind Me to Forget,"Kygo,Miguel","tropical house, r&b",R&B,Kids in Love,03:37,216154268,2018,Collaboration
6xcJyGpfZbuuiequtnlKt4,BUTTERFLY EFFECT,Travis Scott,rap,Hip Hop,ASTROWORLD,03:10,194745801,2018,Solo
6xcJyGpfZbuuiequtnlKt4,BUTTERFLY EFFECT,Travis Scott,rap,Hip Hop,ASTROWORLD,03:10,194745801,2019,Solo
6xcJyGpfZbuuiequtnlKt4,BUTTERFLY EFFECT,Travis Scott,rap,Hip Hop,ASTROWORLD,03:10,194745801,2020,Solo
6xcJyGpfZbuuiequtnlKt4,BUTTERFLY EFFECT,Travis Scott,rap,Hip Hop,ASTROWORLD,03:10,194745801,2024,Solo
6xdLJrVj4vIXwhuG8TMopk,Crazy Little Thing Called Love - Remastered 2011,Queen,"classic rock, rock, glam rock",Rock,The Game (2011 Remaster),02:43,12763170,2018,Solo
6y8z28epOv5FlaxDv1Lo5B,Jordan,Ryan Castro,reggaeton,Latin,Jordan,02:56,50726760,2022,Solo
6yVkakCN460KOVol9ZazjH,Reggaetonera,Anuel AA,"reggaeton, trap latino, urbano latino, latin",Latin,Emmanuel,03:32,57039782,2020,Solo
6ya8ejoKgw906Y8LWclqrp,Racks in the Middle (feat. Roddy Ricch and Hit-Boy),"Nipsey Hussle,Roddy Ricch,Hit-Boy","west coast hip hop, melodic rap, ",Hip Hop,Racks in the Middle (feat. Roddy Ricch and Hit-Boy),03:53,23040641,2019,Collaboration
6ylDpki1VpIsc525KC1ojF,Tacones Rojos,Sebastian Yatra,"colombian pop, reggaeton, latin",Pop,Dharma,03:09,168912636,2022,Solo
6yr8GiTHWvFfi4o6Q5ebdT,'Till I Collapse,"Eminem,Nate Dogg","rap, hip hop, g-funk, west coast hip hop, gangster rap",Hip Hop,The Eminem Show,04:57,88402852,2017,Collaboration
6yr8GiTHWvFfi4o6Q5ebdT,'Till I Collapse,"Eminem,Nate Dogg","rap, hip hop, g-funk, west coast hip hop, gangster rap",Hip Hop,The Eminem Show,04:57,88402852,2018,Collaboration
6yzNzQxqsIY3zRsTwzLI3v,Mele Kalikimaka - New mono-to-stereo mix,"Bing Crosby,The Andrews Sisters","christmas, big band, swing music",Easy listening,Bing Crosby Christmas Favorites Now in Stereo (New Mono-To-Stereo Mixes),02:56,47171609,2023,Collaboration
6yzNzQxqsIY3zRsTwzLI3v,Mele Kalikimaka - New mono-to-stereo mix,"Bing Crosby,The Andrews Sisters","christmas, big band, swing music",Easy listening,Bing Crosby Christmas Favorites Now in Stereo (New Mono-To-Stereo Mixes),02:56,47171609,2024,Collaboration
6zEgnpM0qYmHLDnh8WPejL,Amarillo,J Balvin,"reggaeton, latin",Latin,Colores,02:37,160887101,2020,Solo
6zLdXcmvIxnAXpz9sXFnIE,Craving You,"Thomas Rhett,Maren Morris","country, acoustic country, pop country",Country,Craving You,03:47,11704823,2017,Collaboration
6zOhgKfbMiQWToE6K13s2s,Everyday,"Logic,Marshmello",edm,Electronic,Everyday,03:24,10837024,2018,Collaboration
6zSpb8dQRaw0M1dK8PBwQz,Cold Heart - PNAU Remix,"Elton John,Dua Lipa,PNAU","pop, ",Pop,Cold Heart (PNAU Remix),03:22,159129877,2021,Collaboration
6zegtH6XXd2PDPLvy1Y0n2,Don’t Call Me Angel (Charlie’s Angels) (with Miley Cyrus & Lana Del Rey),"Ariana Grande,Miley Cyrus,Lana Del Rey","pop, ",Pop,Charlie's Angels (Original Motion Picture Soundtrack),03:10,16114841,2019,Collaboration
703iVQrfbQsXt7Uzgy1h8k,Cristina,Sebastian Yatra,"colombian pop, reggaeton, latin",Pop,FANTASÍA,03:21,14922980,2019,Solo
704LUEih663hiE3CnyUrFW,SEJODIOTO,KAROL G,"reggaeton, latin, urbano latino",Latin,SEJODIOTO,03:01,52728932,2021,Solo
70AYiGbc4mWZGEqiipBBDb,CANDY,ROSALÍA,latin,Latin,MOTOMAMI,03:13,17778433,2022,Solo
70LcF31zb1H0PyJoS1Sx1r,Creep,Radiohead,"art rock, alternative rock",Rock,Pablo Honey,03:58,727916226,2023,Solo
70LcF31zb1H0PyJoS1Sx1r,Creep,Radiohead,"art rock, alternative rock",Rock,Pablo Honey,03:58,727916226,2024,Solo
70ToiXlzl8N1EgfC07ZcZE,Ice Attack,"Future,Metro Boomin","rap, ",Hip Hop,WE DON'T TRUST YOU,03:19,14523053,2024,Collaboration
70UV1HmppYUxBI6yCev4d5,Superhero (Heroes & Villains) [with Future & Chris Brown],"Metro Boomin,Future,Chris Brown","rap, r&b",R&B,HEROES & VILLAINS,03:02,13389571,2022,Collaboration
70eFcWOvlMObDhURTqT4Fv,Beautiful People (feat. Khalid),"Ed Sheeran,Khalid","soft pop, ",Pop,No.6 Collaborations Project,03:17,803280518,2019,Collaboration
70eFcWOvlMObDhURTqT4Fv,Beautiful People (feat. Khalid),"Ed Sheeran,Khalid","soft pop, ",Pop,No.6 Collaborations Project,03:17,803280518,2020,Collaboration
70khXICDeTTxgYtw3EysKH,sweetener,Ariana Grande,pop,Pop,Sweetener,03:28,30058194,2018,Solo
70lnL3QaSOIIyMa2X9aVRL,Perro Fiel (feat. Nicky Jam),"Shakira,Nicky Jam","latin pop, latin, reggaeton",Latin,El Dorado,03:15,150949303,2017,Collaboration
70lnL3QaSOIIyMa2X9aVRL,Perro Fiel (feat. Nicky Jam),"Shakira,Nicky Jam","latin pop, latin, reggaeton",Latin,El Dorado,03:15,150949303,2018,Collaboration
70t7Q6AYG6ZgTYmJWcnkUM,I AM,IVE,k-pop,Pop,I've IVE,03:03,135085330,2023,Solo
711MglQhnhOF3UAiAs9A59,Robbery,Juice WRLD,"melodic rap, emo rap",Hip Hop,Robbery,04:00,10764351,2019,Solo
7134tEHq45eL6am9oVazZU,White Christmas (with V of BTS),"V,Bing Crosby","k-pop, christmas",Jazz,White Christmas (with V of BTS),02:53,22073797,2024,Collaboration
71FrGl0XcpL3VId65tB5mg,Recairei - Ao Vivo,Os Barões Da Pisadinha,"piseiro, forró, sertanejo, arrocha, brega, tecnobrega, agronejo, sertanejo universitário",Country,Recairei (Ao Vivo),02:46,10431808,2020,Solo
71R8HJxQk5qMiRstrlXN9t,2/Catorce,"Rauw Alejandro,Mr. Naisgai","reggaeton, urbano latino, trap latino, latin",Latin,2/Catorce,03:32,85123914,2021,Collaboration
71SEHJPt1iDwGkBhUOAXDP,Survival,Drake,"rap, hip hop",Hip Hop,Scorpion,02:16,39819574,2018,Solo
71d7LaAgPcNcUopu3OzmP7,Make It Rain (feat. Rowdy Rebel),"Pop Smoke,Rowdy Rebel","brooklyn drill, drill, new york drill",Hip Hop,Shoot For The Stars Aim For The Moon,03:22,11207602,2020,Collaboration
71pEiUWwfDFiRO6RmFpnBf,MOJAITA,"J Balvin,Bad Bunny","reggaeton, latin, trap latino, urbano latino",Latin,OASIS,03:07,10916176,2019,Collaboration
71wFwRo8xGc4lrcyKwsvba,Callaita,"Bad Bunny,Tainy","reggaeton, trap latino, latin, urbano latino",Latin,Un Verano Sin Ti,04:10,141962306,2022,Collaboration
7221xIgOnuakPdLqT0F3nP,I Had Some Help (Feat. Morgan Wallen),"Post Malone,Morgan Wallen",country,Country,I Had Some Help,02:58,513988938,2024,Collaboration
72TFWvU3wUYdUuxejTTIzt,Work,"Rihanna,Drake","rap, hip hop",Hip Hop,ANTI (Deluxe),03:39,13440060,2023,Collaboration
72g37RoelSnovZakG5MwnF,Parada Louca,"Mari Fernandez,Marcynho Sensação","piseiro, sertanejo, forró, arrocha, agronejo, sertanejo universitário, brega",Country,Parada Louca,02:59,28522243,2021,Collaboration
72g37RoelSnovZakG5MwnF,Parada Louca,"Mari Fernandez,Marcynho Sensação","piseiro, sertanejo, forró, arrocha, agronejo, sertanejo universitário, brega",Country,Parada Louca,02:59,28522243,2022,Collaboration
72jYQj3RgTR1DFLfibD71B,ARASAN DA,UZI,"turkish hip hop, drill",Hip Hop,ARASAN DA,03:11,15451786,2022,Solo
72yP0DUlWPyH8P7IoxskwN,Hold Me Closer,"Elton John,Britney Spears",pop,Pop,Hold Me Closer,03:22,14768366,2022,Collaboration
72zHuDxFQTjbL51qJQSA7j,Ranjha (From  Shershaah ),"Jasleen Royal,B Praak,Romy","hindi pop, bollywood, gujarati pop, desi, hindi indie, desi pop, punjabi pop, sufi",Hip Hop,Ranjha (From  Shershaah ),03:48,44794051,2021,Collaboration
733c1CWmIGymoQXdp7Us88,"Numbers (feat. Roddy Ricch, Gunna and London On Da Track)","A Boogie Wit da Hoodie,London On Da Track,Roddy Ricch,Gunna",melodic rap,Hip Hop,Artist 2.0,03:08,29298333,2020,Collaboration
735RSTb2xbtWbDtKD9XDYi,Somebody,"Internet Money,Lil Tecca,A Boogie Wit da Hoodie","melodic rap, rap",Hip Hop,Somebody,02:54,14729102,2019,Collaboration
737gzPI5VAmgUGWiJ9yXuu,"1, 2, 3 (feat. Jason Derulo & De La Ghetto)","Sofía Reyes,Jason Derulo,De La Ghetto","latin pop, reggaeton, trap latino, urbano latino",Pop,Mal De Amores,03:21,10701483,2022,Collaboration
739WUU1tPFLO4x4HJq561K,Cupid - Twin Ver.,FIFTY FIFTY,k-pop,Pop,The Beginning,02:54,200933620,2023,Solo
739WUU1tPFLO4x4HJq561K,Cupid - Twin Ver.,FIFTY FIFTY,k-pop,Pop,The Beginning,02:54,200933620,2024,Solo
739vCwA3EpBSkk3uDsI2wB,Lemon (feat. Drake) - Drake Remix,"N.E.R.D,Rihanna,Drake","rap, hip hop",Hip Hop,Lemon (feat. Drake) [Drake Remix],03:46,34010410,2018,Collaboration
73F87Sqh6jQWucOOvz1WFx,Genius,"Sia,Diplo,Labrinth,LSD","moombahton, ",Electronic,Genius,03:33,23576294,2018,Collaboration
73O30uMI7n6DuzBmbtO7kC,Antes,"Anuel AA,Ozuna","reggaeton, trap latino, urbano latino, latin",Latin,Los Dioses,03:26,49381114,2021,Collaboration
73cnVqsbZygieKi8xF10sO,psychofreak (feat. WILLOW),"Camila Cabello,WILLOW","pop, ",Pop,Familia,03:21,13859919,2022,Collaboration
73nAK3HgQK8dak83Y2WQ8F,Vida de Rico,Camilo,colombian pop,Pop,Vida de Rico,03:07,239953504,2020,Solo
73nAK3HgQK8dak83Y2WQ8F,Vida de Rico,Camilo,colombian pop,Pop,Vida de Rico,03:07,239953504,2021,Solo
73uxnSsFMeJ15POpd3zgrV,Believe What I Say,Kanye West,rap,Hip Hop,Donda,04:02,25543448,2021,Solo
73vIOb4Q7YN6HeJTbscRx5,Miss You,"Oliver Tree,Robin Schulz",tropical house,Electronic,Miss You,03:26,575228269,2022,Collaboration
73vIOb4Q7YN6HeJTbscRx5,Miss You,"Oliver Tree,Robin Schulz",tropical house,Electronic,Miss You,03:26,575228269,2023,Collaboration
73zawW1ttszLRgT9By826D,Man Made A Bar (feat. Eric Church),"Morgan Wallen,Eric Church","country, acoustic country",Country,One Thing At A Time,03:11,13819494,2023,Collaboration
741UUVE2kuITl0c6zuqqbO,Barbie World (with Aqua) [From Barbie The Album],"Nicki Minaj,Ice Spice,Aqua","europop, eurodance",Pop,Barbie World (with Aqua) [From Barbie The Album],01:49,675540996,2023,Collaboration
748mdHapucXQri7IAO8yFK,Kiss Me More (feat. SZA),"Doja Cat,SZA",r&b,R&B,Kiss Me More (feat. SZA),03:28,363116541,2021,Collaboration
74WROFXsox6wkeUrEK2DS6,Chale,Eden Muñoz,"banda, corrido, norteño, corridos bélicos, corridos tumbados, música mexicana",Latin,Chale,02:50,80331994,2022,Solo
74WROFXsox6wkeUrEK2DS6,Chale,Eden Muñoz,"banda, corrido, norteño, corridos bélicos, corridos tumbados, música mexicana",Latin,Chale,02:50,80331994,2023,Solo
74X2u8JMVooG2QbjRxXwR8,Perfect Night,LE SSERAFIM,k-pop,Pop,Perfect Night,02:39,243231670,2023,Solo
74X2u8JMVooG2QbjRxXwR8,Perfect Night,LE SSERAFIM,k-pop,Pop,Perfect Night,02:39,243231670,2024,Solo
74iZuPGwyL33VlTr6jTnab,Always Remember Us This Way,Lady Gaga,"art pop, pop",Pop,A Star Is Born Soundtrack,03:30,15042493,2018,Solo
74j34STf8L6uADnTN69ohv,El Efecto - Remix,"Rauw Alejandro,Chencho Corleone,KEVVO,Bryant Myers,Lyanno,Dalex","reggaeton, urbano latino, trap latino, latin, trap, dembow",Latin,El Efecto (Remix),04:49,42387027,2020,Collaboration
74lnM5V6ecvoTPV0fvptx9,Nuketown (feat. Juice WRLD),"Ski Mask The Slump God,Juice WRLD","melodic rap, emo rap",Hip Hop,STOKELEY,02:46,42824844,2018,Collaboration
74lnM5V6ecvoTPV0fvptx9,Nuketown (feat. Juice WRLD),"Ski Mask The Slump God,Juice WRLD","melodic rap, emo rap",Hip Hop,STOKELEY,02:46,42824844,2019,Collaboration
74n5d5M21JnC4WJ6gdkggK,Propaganda - Ao Vivo,Jorge & Mateus,"sertanejo, sertanejo universitário, arrocha, agronejo",Country,Terra Sem Cep (Ao Vivo),02:21,10532433,2018,Solo
74znaWw1hmQBusGPSOuTFy,2:50 Remix,"MYA,TINI,Duki","cuarteto, latin pop, argentine trap, trap, trap latino",Hip Hop,2:50 Remix,03:51,43962671,2021,Collaboration
75FEaRjZTKLhTrFGsfMUXR,Running Up That Hill (A Deal With God),Kate Bush,"art pop, baroque pop, art rock",Pop,Hounds Of Love,04:58,783383383,2022,Solo
75FEaRjZTKLhTrFGsfMUXR,Running Up That Hill (A Deal With God),Kate Bush,"art pop, baroque pop, art rock",Pop,Hounds Of Love,04:58,783383383,2023,Solo
75MNhvTCCKsST3YqqUiU9r,Shivers,Ed Sheeran,soft pop,Pop,Shivers,03:27,163410980,2021,Solo
75UMtPC77vqKRwfSuYuNPO,San Lucas,Kevin Kaarl,"latin folk, mexican indie",Latin,San Lucas,04:07,27684319,2022,Solo
75lcPkAkUsKWHGBlGM476R,1400 / 999 Freestyle,"Trippie Redd,Juice WRLD","melodic rap, emo rap",Hip Hop,A Love Letter To You 3,02:55,18277639,2018,Collaboration
75lcPkAkUsKWHGBlGM476R,1400 / 999 Freestyle,"Trippie Redd,Juice WRLD","melodic rap, emo rap",Hip Hop,A Love Letter To You 3,02:55,18277639,2019,Collaboration
75pQqzwgCjUOSSy5CpmAjy,Pero Ya No,Bad Bunny,"reggaeton, trap latino, latin, urbano latino",Latin,YHLQMDLG,02:40,55364717,2020,Solo
75qepWUT3FEyPyXQMMMVZm,Un Desperdicio,"Rels B,Junior H","urbano latino, trap latino, corridos tumbados, corrido, corridos bélicos, sad sierreño, sierreño, música mexicana, banda",Latin,a new star (1 9 9 3),03:43,41230729,2024,Collaboration
75zwAkyhjTb6CVX9gMJSU4,My Only Wish (This Year),Britney Spears,pop,Pop,Julesanger - God Jul,04:15,12930030,2018,Solo
76S09sHj7GGMJAtOLjmVQ2,Done For Me (feat. Kehlani),"Charlie Puth,Kehlani","soft pop, pop, ",Pop,Done For Me (feat. Kehlani),03:00,17574769,2018,Collaboration
76Y0gxtTxN0FyDCYh5qYQj,Get Right Witcha,Migos,trap,Hip Hop,Culture,04:17,24444399,2017,Solo
76cy1WJvNGJTj78UqeA5zr,IDGAF,Dua Lipa,pop,Pop,Dua Lipa (Deluxe),03:37,764027263,2017,Solo
76cy1WJvNGJTj78UqeA5zr,IDGAF,Dua Lipa,pop,Pop,Dua Lipa (Deluxe),03:37,764027263,2018,Solo
76cy1WJvNGJTj78UqeA5zr,IDGAF,Dua Lipa,pop,Pop,Dua Lipa (Deluxe),03:37,764027263,2019,Solo
76gUmNLXGQVOsGhfcshkFP,Madiba Riddim,Drake,"rap, hip hop",Hip Hop,More Life,03:25,33725495,2017,Solo
76gcXhY3Zv6wW0BTe9nHJo,TIL FURTHER NOTICE (feat. James Blake & 21 Savage),"Travis Scott,James Blake,21 Savage","rap, ",Hip Hop,UTOPIA,05:14,46700614,2023,Collaboration
77DRzu7ERs0TX3roZcre7Q,euphoria,Kendrick Lamar,"hip hop, west coast hip hop",Hip Hop,euphoria,06:23,216371062,2024,Solo
77fvnWALKJR0ws1VUx09CY,X (with KAROL G),"Jonas Brothers,KAROL G","reggaeton, latin, urbano latino",Latin,XV,03:05,11094298,2020,Collaboration
77khP2fIVhSW23NwxrRluh,A Holly Jolly Christmas,Burl Ives,christmas,Jazz,Have A Holly Jolly Christmas,02:15,338538203,2020,Solo
77khP2fIVhSW23NwxrRluh,A Holly Jolly Christmas,Burl Ives,christmas,Jazz,Have A Holly Jolly Christmas,02:15,338538203,2021,Solo
77khP2fIVhSW23NwxrRluh,A Holly Jolly Christmas,Burl Ives,christmas,Jazz,Have A Holly Jolly Christmas,02:15,338538203,2022,Solo
77khP2fIVhSW23NwxrRluh,A Holly Jolly Christmas,Burl Ives,christmas,Jazz,Have A Holly Jolly Christmas,02:15,338538203,2023,Solo
77khP2fIVhSW23NwxrRluh,A Holly Jolly Christmas,Burl Ives,christmas,Jazz,Have A Holly Jolly Christmas,02:15,338538203,2024,Solo
77pfjsq0gSZwO8bYVTVROo,Brand New Dance,Eminem,"rap, hip hop",Hip Hop,The Death of Slim Shady (Coup De Grâce),03:26,18276098,2024,Solo
78Du4CMFgnhdlG33gblkiP,Rich Men North of Richmond,Oliver Anthony Music,country,Country,Rich Men North of Richmond,03:07,128518640,2023,Solo
78QR3Wp35dqAhFEc2qAGjE,Drip Too Hard (Lil Baby & Gunna),"Lil Baby,Gunna",melodic rap,Hip Hop,Drip Harder,02:25,441029078,2018,Collaboration
78QR3Wp35dqAhFEc2qAGjE,Drip Too Hard (Lil Baby & Gunna),"Lil Baby,Gunna",melodic rap,Hip Hop,Drip Harder,02:25,441029078,2019,Collaboration
78SeXVRJ7KCqVmOwTiFjnI,"Nathy Peluso: Bzrp Music Sessions, Vol. 36","Bizarrap,NATHY PELUSO","argentine trap, trap latino, urbano latino, latin hip hop",Hip Hop,"Nathy Peluso: Bzrp Music Sessions, Vol. 36",02:51,74242119,2020,Collaboration
78SeXVRJ7KCqVmOwTiFjnI,"Nathy Peluso: Bzrp Music Sessions, Vol. 36","Bizarrap,NATHY PELUSO","argentine trap, trap latino, urbano latino, latin hip hop",Hip Hop,"Nathy Peluso: Bzrp Music Sessions, Vol. 36",02:51,74242119,2021,Collaboration
78kygHp1dvW1kncYjBgbe1,Mujeriego,Ryan Castro,reggaeton,Latin,Mujeriego,02:22,84909848,2022,Solo
78rIJddV4X0HkNAInEcYde,Call On Me - Ryan Riback Extended Remix,"Starley,Ryan Riback",melbourne bounce,Electronic,Call On Me (Remixes),03:42,361886142,2017,Collaboration
78sr3ogs4UzITcCNbXM9cM,Used to This (feat. Drake),"Future,Drake","rap, hip hop",Hip Hop,FUTURE,03:00,17375729,2017,Collaboration
790MhTXPFrYkrqCKvpg4t1,Wanted You (feat. Lil Uzi Vert),"NAV,Lil Uzi Vert",melodic rap,Hip Hop,Wanted You (feat. Lil Uzi Vert),03:48,75562441,2017,Collaboration
790MhTXPFrYkrqCKvpg4t1,Wanted You (feat. Lil Uzi Vert),"NAV,Lil Uzi Vert",melodic rap,Hip Hop,Wanted You (feat. Lil Uzi Vert),03:48,75562441,2018,Collaboration
794QVQtFNy7hvtjQP1keQd,1942 (feat. Yo Gotti & YBN Nahmir),"G-Eazy,Yo Gotti,YBN Nahmir","memphis rap, southern hip hop, ",Hip Hop,1942 (feat. Yo Gotti & YBN Nahmir),03:33,31694576,2018,Collaboration
798ahLNEcoFER7Vywg1FMT,A La Antigüita,Calibre 50,"banda, corrido, norteño, música mexicana, sierreño, grupera",Latin,Vamos Bien,02:36,48649617,2021,Solo
798ahLNEcoFER7Vywg1FMT,A La Antigüita,Calibre 50,"banda, corrido, norteño, música mexicana, sierreño, grupera",Latin,Vamos Bien,02:36,48649617,2022,Solo
79HZAZNnOE97rb2hnI0XQr,LOKERA,"Rauw Alejandro,Lyanno,Brray","reggaeton, urbano latino, trap latino, latin",Latin,LOKERA,03:17,150279231,2022,Collaboration
79OEIr4J4FHV0O3KrhaXRb,Splashin,Rich The Kid,trap,Hip Hop,Splashin,02:57,72693210,2018,Solo
79OEIr4J4FHV0O3KrhaXRb,Splashin,Rich The Kid,trap,Hip Hop,Splashin,02:57,72693210,2019,Solo
79cuOz3SPQTuFrp8WgftAu,There's Nothing Holdin' Me Back,Shawn Mendes,pop,Pop,Illuminate (Deluxe),03:19,595629773,2017,Solo
79cuOz3SPQTuFrp8WgftAu,There's Nothing Holdin' Me Back,Shawn Mendes,pop,Pop,Illuminate (Deluxe),03:19,595629773,2018,Solo
79esEXlqqmq0GPz0xQSZTV,Lost In Japan,Shawn Mendes,pop,Pop,Shawn Mendes,03:21,143302577,2019,Solo
79f5CcWzdkkDVD4XAIQgKr,LALALALA,Stray Kids,k-pop,Pop,ROCK-STAR,03:02,38999168,2023,Solo
79jX8RM5CgPqDKdGEKNW9K,In My Blood,Shawn Mendes,pop,Pop,In My Blood,03:31,129744087,2018,Solo
79nEEoEPY2w8EXj9hjn5oc,Ginseng Strip 2002,Yung Lean,cloud rap,Hip Hop,Lavender,02:33,61388614,2022,Solo
79s5XnCN4TJKTVMSmOx8Ep,Dior,Pop Smoke,"brooklyn drill, drill, new york drill",Hip Hop,Meet The Woo,03:36,406648251,2020,Solo
79s5XnCN4TJKTVMSmOx8Ep,Dior,Pop Smoke,"brooklyn drill, drill, new york drill",Hip Hop,Meet The Woo,03:36,406648251,2021,Solo
7A20WnLkjtZU2d7hIB6Ziu,Start Wit Me (feat. Gunna),"Roddy Ricch,Gunna",melodic rap,Hip Hop,Please Excuse Me for Being Antisocial,02:38,10921658,2019,Collaboration
7A20WnLkjtZU2d7hIB6Ziu,Start Wit Me (feat. Gunna),"Roddy Ricch,Gunna",melodic rap,Hip Hop,Please Excuse Me for Being Antisocial,02:38,10921658,2020,Collaboration
7ABLbnD53cQK00mhcaOUVG,LALA,Myke Towers,"reggaeton, trap latino, urbano latino",Latin,LA VIDA ES UNA,03:17,1543965210,2023,Solo
7ABLbnD53cQK00mhcaOUVG,LALA,Myke Towers,"reggaeton, trap latino, urbano latino",Latin,LA VIDA ES UNA,03:17,1543965210,2024,Solo
7AFASza1mXqntmGtbxXprO,changes,XXXTENTACION,emo rap,Hip Hop,?,02:01,489485484,2018,Solo
7AFASza1mXqntmGtbxXprO,changes,XXXTENTACION,emo rap,Hip Hop,?,02:01,489485484,2019,Solo
7AFASza1mXqntmGtbxXprO,changes,XXXTENTACION,emo rap,Hip Hop,?,02:01,489485484,2020,Solo
7AFASza1mXqntmGtbxXprO,changes,XXXTENTACION,emo rap,Hip Hop,?,02:01,489485484,2021,Solo
7AQim7LbvFVZJE3O8TYgf2,Fuck Love,"XXXTENTACION,Trippie Redd","emo rap, melodic rap",Hip Hop,17,02:26,488482779,2017,Collaboration
7AQim7LbvFVZJE3O8TYgf2,Fuck Love,"XXXTENTACION,Trippie Redd","emo rap, melodic rap",Hip Hop,17,02:26,488482779,2018,Collaboration
7AQim7LbvFVZJE3O8TYgf2,Fuck Love,"XXXTENTACION,Trippie Redd","emo rap, melodic rap",Hip Hop,17,02:26,488482779,2019,Collaboration
7AQim7LbvFVZJE3O8TYgf2,Fuck Love,"XXXTENTACION,Trippie Redd","emo rap, melodic rap",Hip Hop,17,02:26,488482779,2020,Collaboration
7ATATJztoWLcqDAcVVof0C,BEBE,"6ix9ine,Anuel AA","reggaeton, trap latino, urbano latino, latin",Latin,BEBE,03:37,189799640,2018,Collaboration
7AVyve7cFYTd51ha5i9kE2,Down Under (feat. Colin Hay),"Luude,Colin Hay",drum and bass,Electronic,Down Under (feat. Colin Hay),02:38,16918101,2022,Collaboration
7AYuSG1LoaaFVKjOxsB6Vh,Crushed Up,Future,rap,Hip Hop,Crushed Up,02:30,12964860,2019,Solo
7AbqgE05nFl9qY4FRUiq2p,Shot Glass of Tears,Jung Kook,k-pop,Pop,GOLDEN,02:47,24890888,2023,Solo
7AdGloF1UHKe1vAZPbqIXH,The Happiest Girl,BLACKPINK,k-pop,Pop,BORN PINK,03:42,21440321,2022,Solo
7Aem1fAapTdGcHwAYyQYU4,Love Me,Lil Tecca,"melodic rap, rap",Hip Hop,Love Me,01:57,21996097,2019,Solo
7AwVSKaQxpidrtYBerkHKk,Pipoco,"Ana Castela,Melody,Dj Chris No Beat","agronejo, sertanejo, sertanejo universitário, piseiro, brazilian pop, funk pop",Country,Pipoco,03:14,42616662,2022,Collaboration
7B3z0ySL9Rr0XvZEAjWZzM,Sofia,Clairo,bedroom pop,Pop,Immunity,03:08,155930716,2020,Solo
7B3z0ySL9Rr0XvZEAjWZzM,Sofia,Clairo,bedroom pop,Pop,Immunity,03:08,155930716,2021,Solo
7BDHDiidJ8WV349p3HTxTV,MANIAC,Stray Kids,k-pop,Pop,ODDINARY,03:02,30847590,2022,Solo
7BIy3EGQhg98CsRdKYHnJC,Ropa Cara,Camilo,colombian pop,Pop,Ropa Cara,02:43,55922439,2021,Solo
7BVMtLpd7edHeOizt4RWz9,Frágil,"Yahritza Y Su Esencia,Grupo Frontera","sad sierreño, música mexicana, corridos tumbados, banda, corrido, sierreño, cumbia norteña, norteño, grupera, corridos bélicos, tejano",Latin,Obsessed Pt. 2,02:40,16125882,2023,Collaboration
7Bar1kLTmsRmH6FCKKMEyU,Hit Different,"SZA,The Neptunes,Pharrell Williams,Ty Dolla $ign","r&b, ",R&B,Hit Different,03:22,12812403,2020,Collaboration
7BbaIYAdi3pg4MGl6PHwPv,Monëy so big,Yeat,rage rap,Hip Hop,Up 2 Më,02:40,21360368,2022,Solo
7Bk0uXKk1uPT0XuQbpFzvs,Fiel,"Los Legendarios,Wisin,JHAYCO","reggaeton, latin, trap latino, urbano latino",Latin,Los Legendarios 001,04:21,405556753,2021,Collaboration
7BlBVFwvbWvcwNcUarQmjk,"Yo x Ti, Tu x Mi","ROSALÍA,Ozuna","latin, reggaeton, trap latino, urbano latino",Latin,"Yo x Ti, Tu x Mi",03:21,242823702,2019,Collaboration
7BlBVFwvbWvcwNcUarQmjk,"Yo x Ti, Tu x Mi","ROSALÍA,Ozuna","latin, reggaeton, trap latino, urbano latino",Latin,"Yo x Ti, Tu x Mi",03:21,242823702,2020,Collaboration
7Bpx2vsWfQFBACRz4h3IqH,family ties (with Kendrick Lamar),"Baby Keem,Kendrick Lamar","hip hop, west coast hip hop",Hip Hop,family ties (with Kendrick Lamar),04:12,27074865,2021,Collaboration
7BuHdm4lQqcyG3qTwdkxus,Aullando,"Wisin & Yandel,Romeo Santos","reggaeton, urbano latino, bachata, bachata pop, latin",Latin,Los Campeones del Pueblo  The Big Leagues ,03:46,104407936,2019,Collaboration
7BuSE9uTIw931wtZYzvZcQ,Runaway,"Sebastian Yatra,Daddy Yankee,NATTI NATASHA,Jonas Brothers","colombian pop, reggaeton, latin, urbano latino, ",Pop,Runaway,03:20,103747537,2019,Collaboration
7C1trmcQQ5n5RNy4l6ziCv,Some Say - Felix Jaehn Remix,"Nea,Felix Jaehn",tropical house,Electronic,Some Say (Felix Jaehn Remix),03:06,93285326,2020,Collaboration
7CAdT0HdiQNlt1C7xk2hep,Stay Alive (Prod. SUGA of BTS),Jung Kook,k-pop,Pop,Stay Alive (Prod. SUGA of BTS),03:30,49223500,2022,Solo
7CIERzyqIwLVKGp00YbHRO,Pain,PinkPantheress,bedroom pop,Pop,Pain,01:38,32262852,2021,Solo
7CJJ7JC3kj9XdweWTvfVhX,Vacilão,"Zé Felipe,Igow,Wesley Safadão","piseiro, sertanejo, arrocha, agronejo, forró, sertanejo universitário",Country,Vacilão,02:10,39548758,2023,Collaboration
7COGuXyTr12KvdaYXMqheC,"No Me Conocen (Remix) [con DUKI, Rei & Tiago PZK]","BANDIDO,Duki,Rei,Tiago PZK","rkt, turreo, argentine trap, trap, trap latino, urbano latino",Hip Hop,"No Me Conocen (Remix) (Con Duki, Rei & Tiago Pzk)",04:40,56203420,2021,Collaboration
7COfe3P7KgfwDwIRB8LIDw,Mi Gente,"J Balvin,Willy William","reggaeton, latin, ",Latin,Vibras,03:05,42474374,2018,Collaboration
7CZyCXKG6d5ALeq41sLzbw,Take What You Want (feat. Ozzy Osbourne & Travis Scott),"Post Malone,Ozzy Osbourne,Travis Scott","metal, glam metal, heavy metal, hard rock, rap",Metal,Hollywood's Bleeding,03:49,165940384,2019,Collaboration
7CZyCXKG6d5ALeq41sLzbw,Take What You Want (feat. Ozzy Osbourne & Travis Scott),"Post Malone,Ozzy Osbourne,Travis Scott","metal, glam metal, heavy metal, hard rock, rap",Metal,Hollywood's Bleeding,03:49,165940384,2020,Collaboration
7CkbRn6S0itJqcqn88AtSV,going down!,XXXTENTACION,emo rap,Hip Hop,?,01:55,20058315,2018,Solo
7Cnpb1vBbC46RgVyyKLH7p,Whiplash,aespa,k-pop,Pop,Whiplash - The 5th Mini Album,03:03,81480054,2024,Solo
7CyPwkp0oE8Ro9Dd5CUDjW,"One Of The Girls (with JENNIE, Lily Rose Depp)","The Weeknd,JENNIE,Lily-Rose Depp","k-pop, ",Pop,The Idol Episode 4 (Music from the HBO Original Series),04:04,1358484305,2023,Collaboration
7CyPwkp0oE8Ro9Dd5CUDjW,"One Of The Girls (with JENNIE, Lily Rose Depp)","The Weeknd,JENNIE,Lily-Rose Depp","k-pop, ",Pop,The Idol Episode 4 (Music from the HBO Original Series),04:04,1358484305,2024,Collaboration
7D7EH7MGyNHWSkqrszerI1,BEBÉ,"Camilo,El Alfa","colombian pop, dembow, urbano latino, latin, reggaeton",Pop,BEBÉ,03:18,113858868,2020,Collaboration
7D7EH7MGyNHWSkqrszerI1,BEBÉ,"Camilo,El Alfa","colombian pop, dembow, urbano latino, latin, reggaeton",Pop,BEBÉ,03:18,113858868,2021,Collaboration
7DBFslKWQzoRgO0HBBkL3u,24,Kanye West,rap,Hip Hop,Donda,03:17,17462589,2021,Solo
7DF8lvLdV3htIbuTWpc7lR,Girl Of My Dreams (with SUGA of BTS),"Juice WRLD,SUGA,BTS","melodic rap, emo rap, k-pop",Hip Hop,Fighting Demons,03:46,31812605,2021,Collaboration
7DF8lvLdV3htIbuTWpc7lR,Girl Of My Dreams (with SUGA of BTS),"Juice WRLD,SUGA,BTS","melodic rap, emo rap, k-pop",Hip Hop,Fighting Demons,03:46,31812605,2022,Collaboration
7DM4BPaS7uofFul3ywMe46,Vente Pa' Ca (feat. Maluma),"Ricky Martin,Maluma","latin pop, latin, reggaeton, urbano latino",Latin,Vente Pa' Ca (feat. Maluma),04:19,144075507,2017,Collaboration
7DcvwMAiqKJQD1rrdfxSDx,The London (feat. J. Cole & Travis Scott),"Young Thug,J. Cole,Travis Scott","rap, melodic rap, trap",Hip Hop,The London (feat. J. Cole & Travis Scott),03:20,164727863,2019,Collaboration
7Ddk8FhoYKdsVoX9AOCPMm,STAYING ALIVE (feat. Drake & Lil Baby),"DJ Khaled,Drake,Lil Baby","rap, hip hop, ",Hip Hop,GOD DID,02:58,31667486,2022,Collaboration
7Dj2wqPYXfSRFwa6qyOztr,In Too Deep,Eminem,"rap, hip hop",Hip Hop,Music To Be Murdered By,03:14,12714368,2020,Solo
7DrluKkTviBwCc8AV3VGmf,Clandestino,"Shakira,Maluma","latin pop, latin, reggaeton, urbano latino",Latin,Clandestino,03:51,174001357,2018,Collaboration
7DsX5K72fewVGb47qj7Tbg,Pray,Sam Smith,soft pop,Pop,The Thrill Of It All (Special Edition),03:41,37003748,2017,Solo
7DwcBgdzqhFJltEaV1XF81,Cooped Up (with Roddy Ricch),"Post Malone,Roddy Ricch",melodic rap,Hip Hop,Cooped Up,03:05,41716381,2022,Collaboration
7Dx9Z6Aon1qPS2N0rHSWTe,just like magic,Ariana Grande,pop,Pop,Positions,02:29,24341364,2020,Solo
7DyDjhZMEIK5Ied4juTCyc,Sie weiß (feat. Mero),"AYLIVA,MERO","german pop, german hip hop, turkish hip hop",Hip Hop,Sie weiß (feat. Mero),02:31,33635782,2023,Collaboration
7E1jVNoWuemqUryI4FxsVD,off the table (with The Weeknd),"Ariana Grande,The Weeknd","pop, ",Pop,Positions,03:59,22858135,2020,Collaboration
7EAMXbLcL0qXmciM5SwMh2,Heart To Heart,Mac DeMarco,indie,Rock,Here Comes The Cowboy,03:31,175736542,2023,Solo
7EQpvVujgytLVY8vKiDHAg,bad idea,Ariana Grande,pop,Pop,"thank u, next",04:27,72101431,2019,Solo
7EWXP47VlXKO3r7mNxuWHw,"Ele É Ele, Eu Sou Eu","Wesley Safadão,Os Barões Da Pisadinha","forró, sertanejo, piseiro, arrocha, sertanejo universitário, brega, tecnobrega, agronejo",Country,Safadão Amplificado,02:35,68832161,2021,Collaboration
7EWtB4NKYY3NqBl31PVip9,LA PEOPLE II,"Peso Pluma,Tito Double P,Joel De La P","corrido, corridos tumbados, corridos bélicos, música mexicana, sad sierreño, electro corridos, banda, dembow",Latin,LA PEOPLE II,02:21,82325088,2024,Collaboration
7Ed6BkggCS2KaKY5YlINaF,MIC Drop (feat. Desiigner) [Steve Aoki Remix],"BTS,Desiigner,Steve Aoki","k-pop, electro house, edm",Electronic,MIC Drop (feat. Desiigner) [Steve Aoki Remix],03:58,48662188,2017,Collaboration
7Ed6BkggCS2KaKY5YlINaF,MIC Drop (feat. Desiigner) [Steve Aoki Remix],"BTS,Desiigner,Steve Aoki","k-pop, electro house, edm",Electronic,MIC Drop (feat. Desiigner) [Steve Aoki Remix],03:58,48662188,2018,Collaboration
7EiUtdeoWcKqLi5ELZCjYf,LOST FOREVER (feat. Westside Gunn),"Travis Scott,Westside Gunn","rap, boom bap, alternative hip hop, jazz rap",Hip Hop,UTOPIA,02:43,30822844,2023,Collaboration
7EiZI6JVHllARrX9PUvAdX,Low Life (feat. The Weeknd),"Future,The Weeknd","rap, ",Hip Hop,EVOL,05:13,34194457,2017,Collaboration
7EkWXAI1wn8Ii883ecd9xr,Freaks,Surf Curse,indie,Rock,Freaks,02:27,468490886,2021,Solo
7EkWXAI1wn8Ii883ecd9xr,Freaks,Surf Curse,indie,Rock,Freaks,02:27,468490886,2022,Solo
7EkWXAI1wn8Ii883ecd9xr,Freaks,Surf Curse,indie,Rock,Freaks,02:27,468490886,2024,Solo
7EmGUiUaOSGDnUUQUDrOXC,Wolves,"Selena Gomez,Marshmello","pop, edm",Electronic,Wolves,03:17,490804329,2017,Collaboration
7EmGUiUaOSGDnUUQUDrOXC,Wolves,"Selena Gomez,Marshmello","pop, edm",Electronic,Wolves,03:17,490804329,2018,Collaboration
7EpOXgSRgnglRWr86pZfGU,S91,KAROL G,"reggaeton, latin, urbano latino",Latin,S91,02:53,84703078,2023,Solo
7EulRO07ZgchxqKUHb8Pvc,1985 - Intro to “The Fall Off”,J. Cole,rap,Hip Hop,KOD,03:10,28189429,2018,Solo
7F4tV8SiUy6itZTdAzdafO,penjaga hati,Nadhif Basalamah,"malay, indonesian pop",Pop,penjaga hati,04:20,179357510,2023,Solo
7F4tV8SiUy6itZTdAzdafO,penjaga hati,Nadhif Basalamah,"malay, indonesian pop",Pop,penjaga hati,04:20,179357510,2024,Solo
7F9cT6hIRhnFCYP6GKS0tf,IMY2 (with Kid Cudi),"Drake,Kid Cudi","rap, hip hop, ",Hip Hop,Certified Lover Boy,04:12,21871299,2021,Collaboration
7FCfMXYTIiQ9b4hDYs4Iol,Be the One,Dua Lipa,pop,Pop,Dua Lipa (Deluxe),03:22,43264931,2017,Solo
7FEwp8BavoEVE3AnxJDchc,No Guidance (feat. Drake),"Chris Brown,Drake","r&b, rap, hip hop",Hip Hop,No Guidance (feat. Drake),04:20,44652863,2019,Collaboration
7FGdjbZ32vMybPuP0IuE7d,Back in Blood (feat. Lil Durk),"Pooh Shiesty,Lil Durk","memphis rap, drill",Hip Hop,Shiesty Season,03:04,63992944,2021,Collaboration
7FIWs0pqAYbP91WWM0vlTQ,Godzilla (feat. Juice WRLD),"Eminem,Juice WRLD","rap, hip hop, melodic rap, emo rap",Hip Hop,Music To Be Murdered By,03:30,782696280,2020,Collaboration
7FIWs0pqAYbP91WWM0vlTQ,Godzilla (feat. Juice WRLD),"Eminem,Juice WRLD","rap, hip hop, melodic rap, emo rap",Hip Hop,Music To Be Murdered By,03:30,782696280,2021,Collaboration
7FIWs0pqAYbP91WWM0vlTQ,Godzilla (feat. Juice WRLD),"Eminem,Juice WRLD","rap, hip hop, melodic rap, emo rap",Hip Hop,Music To Be Murdered By,03:30,782696280,2022,Collaboration
7FIWs0pqAYbP91WWM0vlTQ,Godzilla (feat. Juice WRLD),"Eminem,Juice WRLD","rap, hip hop, melodic rap, emo rap",Hip Hop,Music To Be Murdered By,03:30,782696280,2023,Collaboration
7FIWs0pqAYbP91WWM0vlTQ,Godzilla (feat. Juice WRLD),"Eminem,Juice WRLD","rap, hip hop, melodic rap, emo rap",Hip Hop,Music To Be Murdered By,03:30,782696280,2024,Collaboration
7FbrGaHYVDmfr7KoLIZnQ7,Cupid - Twin Ver.,FIFTY FIFTY,k-pop,Pop,The Beginning: Cupid,02:54,1137160314,2023,Solo
7Feaw9WAEREY0DUOSXJLOM,Summer Days (feat. Macklemore & Patrick Stump of Fall Out Boy),"Martin Garrix,Macklemore,Fall Out Boy","edm, electronica, progressive house, emo, pop punk, emo pop",Electronic,Summer Days (feat. Macklemore & Patrick Stump of Fall Out Boy),02:43,133075503,2019,Collaboration
7FfpP3YZ6fOWMdxkIAtud9,Krippy Kush,"Farruko,Bad Bunny,Rvssian","reggaeton, trap latino, latin, urbano latino",Latin,TrapXficante,03:50,42674333,2017,Collaboration
7FjZU7XFs7P9jHI9Z0yRhK,So Close,"NOTD,Felix Jaehn,Captain Cuts,Georgia Ku","tropical house, ",Electronic,So Close (feat. Georgia Ku),03:10,28905636,2019,Collaboration
7FlQk2gJ6TBrHHiidvdR2O,MAMIII,"Becky G,KAROL G","reggaeton, latin, urbano latino",Latin,ESQUEMAS,03:46,269409656,2022,Collaboration
7Fzl7QaTu47WyP9R5S5mh5,Lies Lies Lies,Morgan Wallen,country,Country,Lies Lies Lies,03:18,83446910,2024,Solo
7G7mSV4BebkoHWwKTDvXu9,Winter Ahead (with PARK HYO SHIN),"V,Park Hyo Shin","k-pop, k-ballad",Pop,Winter Ahead (with PARK HYO SHIN),03:54,86633099,2024,Collaboration
7GARzfC1mwhDuk4t9WOACq,MORE,j-hope,"k-pop, k-rap",Pop,Jack In The Box,03:00,26207435,2022,Solo
7GARzfC1mwhDuk4t9WOACq,MORE,j-hope,"k-pop, k-rap",Pop,Jack In The Box,03:00,26207435,2023,Solo
7GLWWrk1YlkPYqJK3ynIA0,Lance Individual,Jorge & Mateus,"sertanejo, sertanejo universitário, arrocha, agronejo",Country,Lance Individual,02:44,19192658,2020,Solo
7GLWWrk1YlkPYqJK3ynIA0,Lance Individual,Jorge & Mateus,"sertanejo, sertanejo universitário, arrocha, agronejo",Country,Lance Individual,02:44,19192658,2021,Solo
7GUhiAHLoVy1V8ucQuZ3CB,Popular (with Playboi Carti & Madonna),"The Weeknd,Playboi Carti,Madonna","rage rap, ",Hip Hop,The Highlights (Deluxe),03:35,139280358,2024,Collaboration
7GX5flRQZVHRAGd6B4TmDO,XO Tour Llif3,Lil Uzi Vert,melodic rap,Hip Hop,Luv Is Rage 2,03:02,718143473,2017,Solo
7GX5flRQZVHRAGd6B4TmDO,XO Tour Llif3,Lil Uzi Vert,melodic rap,Hip Hop,Luv Is Rage 2,03:02,718143473,2018,Solo
7GX5flRQZVHRAGd6B4TmDO,XO Tour Llif3,Lil Uzi Vert,melodic rap,Hip Hop,Luv Is Rage 2,03:02,718143473,2019,Solo
7GX5flRQZVHRAGd6B4TmDO,XO Tour Llif3,Lil Uzi Vert,melodic rap,Hip Hop,Luv Is Rage 2,03:02,718143473,2020,Solo
7GeTsDIc5ykNB6lORO6Cee,Circo Loco,"Drake,21 Savage","rap, hip hop, ",Hip Hop,Her Loss,03:56,52721365,2022,Collaboration
7GqWnsKhMtEW0nzki5o0d8,Killer Queen - Remastered 2011,Queen,"classic rock, rock, glam rock",Rock,Sheer Heart Attack (Deluxe Remastered Version),02:59,36023830,2018,Solo
7GqWnsKhMtEW0nzki5o0d8,Killer Queen - Remastered 2011,Queen,"classic rock, rock, glam rock",Rock,Sheer Heart Attack (Deluxe Remastered Version),02:59,36023830,2019,Solo
7H0ya83CMmgFcOhw0UB6ow,Space Song,Beach House,dream pop,Pop,Depression Cherry,05:20,218363260,2022,Solo
7H0ya83CMmgFcOhw0UB6ow,Space Song,Beach House,dream pop,Pop,Depression Cherry,05:20,218363260,2023,Solo
7HMmFQsKsljwTw8bS7lu19,Rare,Selena Gomez,pop,Pop,Rare,03:40,107085286,2020,Solo
7HwvPmK74MBRDhCIyMXReP,blun7 a swishland,thasup,italian trap,Hip Hop,23 6451,02:47,14181352,2019,Solo
7Hz6LLOVxrojLPIHJJ1S0E,Have Yourself A Merry Little Christmas,Sam Smith,soft pop,Pop,Have Yourself A Merry Little Christmas,02:50,19179195,2017,Solo
7I3RalBqE7ZE0RSxgGlGlm,Habits,"Eminem,White Gold","rap, hip hop, ",Hip Hop,The Death of Slim Shady (Coup De Grâce),04:58,20326479,2024,Collaboration
7I8L3vYCLThw2FDrE6LuzE,Además de Mí - Remix,"Rusherking,KHEA,Duki,Maria Becerra,LIT killah,Tiago PZK","argentine trap, cuarteto, trap, trap latino, urbano latino",Hip Hop,Además de Mí (Remix),05:30,31696289,2021,Collaboration
7IBSffWIu7P2MC7kMwy2FM,Hopeless Romantic (feat. Swae Lee),"Wiz Khalifa,Swae Lee","rap, ",Hip Hop,Rolling Papers 2,03:46,49697697,2018,Collaboration
7IFsTX5H1sWcEl8joV0IdD,THE BOX MEDLEY FUNK 2,"THE BOX,Mc Brinquedo,MC Cebezinho,MC Tuto,Mc Laranjinha,DJ Oreia","brazilian trap, trap funk, funk, trap, funk consciente, brazilian funk, funk de bh, brega funk",Hip Hop,THE BOX MEDLEY FUNK 2,04:26,15908651,2024,Collaboration
7IG7laqVpcvIIULrwWP5SA,Vida Louca,"Mc Poze do Rodo,Neo Beats,Mainstreet","brazilian trap, trap funk, trap, brazilian hip hop, funk, brazilian funk, funk consciente",Hip Hop,Vida Louca,02:35,13095413,2021,Collaboration
7ILEWkpfdK6AjH2D7jppWk,Don't Check On Me (feat. Justin Bieber & Ink),"Chris Brown,Justin Bieber,Ink","r&b, ",R&B,Indigo,03:24,49189086,2019,Collaboration
7IMwEtpAiJanqF6vQteZN2,Turks (with Gunna & ft. Travis Scott),"NAV,Gunna,Travis Scott","melodic rap, rap",Hip Hop,Good Intentions,02:41,31140972,2020,Collaboration
7IaeavdRzXYQWfu2Wt5GlU,Currents,Drake,"rap, hip hop",Hip Hop,"Honestly, Nevermind",02:37,13205946,2022,Solo
7IkZpSOJKGXCGhqAvHs7FG,Nautilus,Shindy,german hip hop,Hip Hop,Nautilus,03:03,12682374,2019,Solo
7Il2yWQmsqKgSkLQvHTPUI,Tequila,Dan + Shay,country,Country,Tequila,03:15,11817779,2018,Solo
7Ivelh8N9J25Yj9KKxYj6w,Santa Claus Is Coming to Town,Michael Bublé,christmas,Jazz,Christmas (Deluxe Special Edition),02:51,28429443,2023,Solo
7Ivelh8N9J25Yj9KKxYj6w,Santa Claus Is Coming to Town,Michael Bublé,christmas,Jazz,Christmas (Deluxe Special Edition),02:51,28429443,2024,Solo
7J2gyNghNTzl4EsLhXp01Q,infinity (888) - feat. Joey Bada$$,"XXXTENTACION,Joey Bada$$","emo rap, hip hop, rap",Hip Hop,?,02:56,17446707,2018,Collaboration
7JJmb5XwzOO8jgpou264Ml,There's Nothing Holdin' Me Back,Shawn Mendes,pop,Pop,Illuminate (Deluxe),03:19,122230092,2019,Solo
7JJmb5XwzOO8jgpou264Ml,There's Nothing Holdin' Me Back,Shawn Mendes,pop,Pop,Illuminate (Deluxe),03:19,122230092,2022,Solo
7JJmb5XwzOO8jgpou264Ml,There's Nothing Holdin' Me Back,Shawn Mendes,pop,Pop,Illuminate (Deluxe),03:19,122230092,2024,Solo
7JNh1cfm0eXjqFVOzKLyau,Mayores,"Becky G,Bad Bunny","reggaeton, latin, trap latino, urbano latino",Latin,Mayores,03:22,280738675,2017,Collaboration
7JNh1cfm0eXjqFVOzKLyau,Mayores,"Becky G,Bad Bunny","reggaeton, latin, trap latino, urbano latino",Latin,Mayores,03:22,280738675,2018,Collaboration
7K3BhSpAxZBznislvUMVtn,Last Night,Morgan Wallen,country,Country,One Thing At A Time,02:43,1528072078,2023,Solo
7K3BhSpAxZBznislvUMVtn,Last Night,Morgan Wallen,country,Country,One Thing At A Time,02:43,1528072078,2024,Solo
7KOlJ92bu51cltsD9KU5I7,T-Shirt,Migos,trap,Hip Hop,Culture,04:02,182037526,2017,Solo
7KPGeiXWDsGEvFK62wzU8E,Benzema,Capital Bra,german hip hop,Hip Hop,Benzema,02:39,17443535,2018,Solo
7KPGeiXWDsGEvFK62wzU8E,Benzema,Capital Bra,german hip hop,Hip Hop,Benzema,02:39,17443535,2019,Solo
7KSSdFCBHCfq4KPzz78ghk,Heatin Up (feat. Gunna),"Lil Baby,Gunna",melodic rap,Hip Hop,My Turn,02:57,15874059,2020,Collaboration
7KWKWJnbGJ3Soag6Oopion,CACHORRINHAS,Luísa Sonza,"brazilian pop, funk pop, funk",Pop,CACHORRINHAS,02:14,18103938,2022,Solo
7KXjTSCq5nL1LoYtL7XAwS,HUMBLE.,Kendrick Lamar,"hip hop, west coast hip hop",Hip Hop,DAMN.,02:57,1031887116,2017,Solo
7KXjTSCq5nL1LoYtL7XAwS,HUMBLE.,Kendrick Lamar,"hip hop, west coast hip hop",Hip Hop,DAMN.,02:57,1031887116,2018,Solo
7KXjTSCq5nL1LoYtL7XAwS,HUMBLE.,Kendrick Lamar,"hip hop, west coast hip hop",Hip Hop,DAMN.,02:57,1031887116,2019,Solo
7KXjTSCq5nL1LoYtL7XAwS,HUMBLE.,Kendrick Lamar,"hip hop, west coast hip hop",Hip Hop,DAMN.,02:57,1031887116,2022,Solo
7KXjTSCq5nL1LoYtL7XAwS,HUMBLE.,Kendrick Lamar,"hip hop, west coast hip hop",Hip Hop,DAMN.,02:57,1031887116,2024,Solo
7KZ5MMVgBVox9ycroB2UrI,CAROUSEL,Travis Scott,rap,Hip Hop,ASTROWORLD,03:00,33770565,2018,Solo
7KbF6AdprOXEEHlsq11Z6d,11 PM,Maluma,"reggaeton, latin, urbano latino",Latin,11:11,02:55,299779234,2019,Solo
7KbF6AdprOXEEHlsq11Z6d,11 PM,Maluma,"reggaeton, latin, urbano latino",Latin,11:11,02:55,299779234,2020,Solo
7Kba4OaxQFQ1zlknQUpNqN,Faz Amor Comigo Só Hoje - Ao Vivo,"Israel & Rodolffo,Wesley Safadão","sertanejo, sertanejo universitário, piseiro, agronejo, arrocha, forró",Country,Faz Amor Comigo Só Hoje (Ao Vivo),02:28,18594528,2021,Collaboration
7KcGEssn7BnJdTgildK5y0,No Frauds,"Nicki Minaj,Drake,Lil Wayne","rap, hip hop",Hip Hop,No Frauds,04:32,17761420,2017,Collaboration
7KhHA3mzt7A3LFlOJEAKpI,On My Way,"Alan Walker,Sabrina Carpenter,Farruko","reggaeton, trap latino, latin",Latin,Live Fast (Japan Exclusive),03:13,11990578,2019,Collaboration
7Kq16WtEJzdRSNQgdXsn7Y,Love$ick (feat. A$AP Rocky),"Mura Masa,A$AP Rocky",rap,Hip Hop,Mura Masa,03:12,24372029,2017,Collaboration
7LEydI5NfjY6mZfKwYIptZ,Down,"Fifth Harmony,Gucci Mane","pop, southern hip hop, rap, trap",Pop,Down,02:44,78803541,2017,Collaboration
7LR85XLWw2yXqKBSI5brbG,Run This Town,"JAY-Z,Rihanna,Kanye West","hip hop, east coast hip hop, rap",Hip Hop,The Blueprint 3,04:27,13695788,2023,Collaboration
7LSpFCvRZZot2AlmkUzy9k,SIRENS,Travis Scott,rap,Hip Hop,UTOPIA,03:24,56930240,2023,Solo
7Lkxvfl2rkNYWS4kBDCQtN,Las Morras,"Peso Pluma,Blessd","corrido, corridos tumbados, corridos bélicos, música mexicana, sad sierreño, electro corridos, banda, reggaeton, urbano latino",Latin,Las Morras,02:35,180801010,2023,Collaboration
7LzouaWGFCy4tkXDOOnEyM,Liar,Camila Cabello,pop,Pop,Liar,03:27,166831567,2019,Solo
7MC4XR9M9amdmKQr2iDF7i,Iko Iko (My Bestie),"Justin Wellington,Small Jam","reggae, roots reggae",R&B,Iko Iko (My Bestie),03:02,91802654,2021,Collaboration
7MHN1aCFtLXjownGhvEQlF,Una Lady Como Tú,Manuel Turizo,"reggaeton, latin, colombian pop",Pop,Una Lady Como Tú,03:33,244463592,2017,Solo
7MHN1aCFtLXjownGhvEQlF,Una Lady Como Tú,Manuel Turizo,"reggaeton, latin, colombian pop",Pop,Una Lady Como Tú,03:33,244463592,2018,Solo
7MRU4vOkywuhZ9kbFiPuiu,Si Supieras,"Daddy Yankee,Wisin & Yandel","reggaeton, latin, urbano latino",Latin,Si Supieras,04:01,74742943,2019,Collaboration
7MSYSOobsombc1mbDWFxtD,This Christmas,Donny Hathaway,soul,R&B,Donny Hathaway,03:51,74931459,2018,Solo
7MSYSOobsombc1mbDWFxtD,This Christmas,Donny Hathaway,soul,R&B,Donny Hathaway,03:51,74931459,2019,Solo
7MSYSOobsombc1mbDWFxtD,This Christmas,Donny Hathaway,soul,R&B,Donny Hathaway,03:51,74931459,2020,Solo
7MSYSOobsombc1mbDWFxtD,This Christmas,Donny Hathaway,soul,R&B,Donny Hathaway,03:51,74931459,2021,Solo
7MSYSOobsombc1mbDWFxtD,This Christmas,Donny Hathaway,soul,R&B,Donny Hathaway,03:51,74931459,2022,Solo
7MSYSOobsombc1mbDWFxtD,This Christmas,Donny Hathaway,soul,R&B,Donny Hathaway,03:51,74931459,2023,Solo
7MSYSOobsombc1mbDWFxtD,This Christmas,Donny Hathaway,soul,R&B,Donny Hathaway,03:51,74931459,2024,Solo
7MVIfkyzuUmQ716j8U7yGR,Rara Vez,"Milo j,Taiu",argentine trap,Hip Hop,Rara Vez,02:08,574994194,2023,Collaboration
7MXVkk9YMctZqd1Srtv4MB,Starboy,"The Weeknd,Daft Punk","french house, electronic, electro",Hip Hop,Starboy,03:50,2718952624,2018,Collaboration
7MXVkk9YMctZqd1Srtv4MB,Starboy,"The Weeknd,Daft Punk","french house, electronic, electro",Hip Hop,Starboy,03:50,2718952624,2019,Collaboration
7MXVkk9YMctZqd1Srtv4MB,Starboy,"The Weeknd,Daft Punk","french house, electronic, electro",Hip Hop,Starboy,03:50,2718952624,2020,Collaboration
7MXVkk9YMctZqd1Srtv4MB,Starboy,"The Weeknd,Daft Punk","french house, electronic, electro",Hip Hop,Starboy,03:50,2718952624,2021,Collaboration
7MXVkk9YMctZqd1Srtv4MB,Starboy,"The Weeknd,Daft Punk","french house, electronic, electro",Hip Hop,Starboy,03:50,2718952624,2022,Collaboration
7MXVkk9YMctZqd1Srtv4MB,Starboy,"The Weeknd,Daft Punk","french house, electronic, electro",Hip Hop,Starboy,03:50,2718952624,2023,Collaboration
7MXVkk9YMctZqd1Srtv4MB,Starboy,"The Weeknd,Daft Punk","french house, electronic, electro",Hip Hop,Starboy,03:50,2718952624,2024,Collaboration
7MkylDYvKTSuWgrsBhHlsG,"Duki: Bzrp Music Sessions, Vol. 50","Bizarrap,Duki","argentine trap, trap latino, urbano latino, trap",Hip Hop,"Duki: Bzrp Music Sessions, Vol. 50",03:41,44829794,2022,Collaboration
7a5fliY9SsZENrQWQBZron,Texts Go Green,Drake,"rap, hip hop",Hip Hop,"Honestly, Nevermind",05:08,18372413,2022,Solo
7a8GawTVgHZvBLQOh46he7,I Wanna Be Yours,Arctic Monkeys,"indie, garage rock",Rock,AM,03:03,116498295,2022,Solo
7aF09WaavZAmAWuUeYxlYD,Rich Love (with Seeb),"OneRepublic,Seeb","soft pop, ",Pop,Rich Love,03:21,111274704,2017,Collaboration
7aQ1tSYr518KwnE4SVSQbT,Whatever She Wants [BONUS],Bryson Tiller,r&b,R&B,Bryson Tiller,02:41,16835248,2024,Solo
7aRCf5cLOFN1U7kvtChY1G,Search & Rescue,Drake,"rap, hip hop",Hip Hop,Search & Rescue,04:32,281795066,2023,Solo
7aZusA4cWXz3Wv9e9uhavz,Quer Voar,Matuê,"brazilian trap, trap, brazilian hip hop, trap funk",Hip Hop,Quer Voar,03:07,50984557,2021,Solo
7afaZ37wJJL6880z1NRgJS,Fim de Semana no Rio,Teto,"brazilian trap, trap, trap funk, brazilian hip hop",Hip Hop,Fim de Semana no Rio,02:45,14415920,2022,Solo
7amMgNDcObIDkIXv4xcvc2,Barking,Ramz,"afroswing, grime",Traditional music,Barking,03:22,69139364,2018,Solo
7anSoGdgtmJTAPZBzcPhO6,Cuaderno,"Dalex,Nicky Jam,Justin Quiles,Sech,Lenny Tavárez,Feid,Rafa Pabön","reggaeton, latin, urbano latino, trap latino, argentine trap",Hip Hop,Climaxxx,04:46,133360949,2019,Collaboration
7aqfrAY2p9BUSiupwk3svU,First Person Shooter (feat. J. Cole),"Drake,J. Cole","rap, hip hop",Hip Hop,For All The Dogs,04:07,379769614,2023,Collaboration
7aqfrAY2p9BUSiupwk3svU,First Person Shooter (feat. J. Cole),"Drake,J. Cole","rap, hip hop",Hip Hop,For All The Dogs,04:07,379769614,2024,Collaboration
7b6sWLSnbZhSIeqNGrJ4py,These Walls,Dua Lipa,pop,Pop,Radical Optimism,03:37,14530352,2024,Solo
7b8YOVV5quZcSKEijDgyWB,DDU-DU DDU-DU,BLACKPINK,k-pop,Pop,SQUARE UP,03:29,18267012,2018,Solo
7bCfHiRcfUjG0YVVNUL7Ve,E-GIRLS ARE RUINING MY LIFE!,"CORPSE,Savage Ga$p",dark trap,Hip Hop,E-GIRLS ARE RUINING MY LIFE!,01:45,25313794,2020,Collaboration
7bCfHiRcfUjG0YVVNUL7Ve,E-GIRLS ARE RUINING MY LIFE!,"CORPSE,Savage Ga$p",dark trap,Hip Hop,E-GIRLS ARE RUINING MY LIFE!,01:45,25313794,2021,Collaboration
7bJ4mu7MHa3rHiNyKjOoSl,Ice Melts,"Drake,Young Thug","rap, hip hop, melodic rap, trap",Hip Hop,More Life,04:10,20721022,2017,Collaboration
7bJwvubZZaoGE1AGEfu8Fi,One Last Time,Ariana Grande,pop,Pop,My Everything,03:17,42067003,2017,Solo
7bPp2NmpmyhLJ7zWazAXMu,TULUM,"Peso Pluma,Grupo Frontera","corrido, corridos tumbados, corridos bélicos, música mexicana, sad sierreño, electro corridos, banda, cumbia norteña, norteño, grupera, tejano",Latin,GÉNESIS,03:29,488931238,2023,Collaboration
7boPPE857KEqCIHNwFkDop,Audio,"Sia,Diplo,Labrinth,LSD","moombahton, ",Electronic,Audio,03:23,71380487,2018,Collaboration
7bp3zmEvpHLa0h32nhDUkB,L’enfer,Stromae,french pop,Pop,L’enfer,03:09,10604698,2022,Solo
7bywjHOc0wSjGGbj04XbVi,LUNA,"Feid,ATL Jacob","reggaeton, urbano latino, ",Latin,FERXXOCALIPSIS,03:16,1117679524,2023,Collaboration
7bywjHOc0wSjGGbj04XbVi,LUNA,"Feid,ATL Jacob","reggaeton, urbano latino, ",Latin,FERXXOCALIPSIS,03:16,1117679524,2024,Collaboration
7cQ0LAxT5HHCLGbxcjaxac,"Arcángel: Bzrp Music Sessions, Vol. 54","Bizarrap,Arcángel","argentine trap, trap latino, urbano latino, reggaeton",Hip Hop,"Arcángel: Bzrp Music Sessions, Vol. 54",03:43,103053532,2023,Collaboration
7cQMJ0wDqVS5iM0JIvP6Ay,The Last Of The Real Ones,Fall Out Boy,"emo, pop punk, emo pop",Rock,The Last Of The Real Ones,03:50,14344352,2017,Solo
7ccTcabbJlCJiIqtrSSwBk,Premonition - Intro,Eminem,"rap, hip hop",Hip Hop,Music To Be Murdered By,02:53,11305998,2020,Solo
7cfvP13Bqb1EyCZQiYsLum,Can’t Take A Joke,Drake,"rap, hip hop",Hip Hop,Scorpion,02:43,37822468,2018,Solo
7chTH3GBjjAyagf0SPCZDL,SI SABE FERXXO,"Blessd,Feid","reggaeton, urbano latino",Latin,SI SABE,02:32,12789216,2024,Collaboration
7d6XJZjnm7iWcKwYL9z5kC,Noticed,Lil Mosey,melodic rap,Hip Hop,Noticed,02:45,54631906,2018,Solo
7d8GetOsjbxYnlo6Y9e5Kw,Mr. Brightside,The Killers,alternative rock,Rock,Hot Fuss,03:42,14223064,2019,Solo
7d8GetOsjbxYnlo6Y9e5Kw,Mr. Brightside,The Killers,alternative rock,Rock,Hot Fuss,03:42,14223064,2020,Solo
7dNwJbsT0sg1le5kVugGJb,Bubalu,"Becky G,Prince Royce,DJ Luian,Mambo Kingz,Anuel AA","reggaeton, latin, bachata, bachata pop, trap latino, urbano latino",Latin,Bubalu,03:48,150617358,2018,Collaboration
7dNwJbsT0sg1le5kVugGJb,Bubalu,"Becky G,Prince Royce,DJ Luian,Mambo Kingz,Anuel AA","reggaeton, latin, bachata, bachata pop, trap latino, urbano latino",Latin,Bubalu,03:48,150617358,2019,Collaboration
7dR09k1an5JEq7ch0Y5hvV,Dijeron Que No La Iba Lograr,"Chino Pacas,Fuerza Regida","corridos tumbados, corrido, corridos bélicos, música mexicana, electro corridos, banda, sierreño, sad sierreño",Latin,Dijeron Que No La Iba Lograr,01:53,85756082,2023,Collaboration
7dSZ6zGTQx66c2GF91xCrb,PROVENZA,KAROL G,"reggaeton, latin, urbano latino",Latin,PROVENZA,03:30,760572775,2022,Solo
7dSZ6zGTQx66c2GF91xCrb,PROVENZA,KAROL G,"reggaeton, latin, urbano latino",Latin,PROVENZA,03:30,760572775,2023,Solo
7e1VoRlNumuEkXlITMHKLE,Me Gusta (with Cardi B & Myke Towers),"Anitta,Myke Towers,Cardi B","brazilian pop, funk pop, funk carioca, funk, pagode baiano, reggaeton, trap latino, urbano latino, ",Pop,Me Gusta (with Cardi B & Myke Towers),03:00,52989064,2020,Collaboration
7eBqSVxrzQZtK2mmgRG6lC,Murder on My Mind,YNW Melly,melodic rap,Hip Hop,I AM YOU,04:28,258542621,2019,Solo
7eBqSVxrzQZtK2mmgRG6lC,Murder on My Mind,YNW Melly,melodic rap,Hip Hop,I AM YOU,04:28,258542621,2023,Solo
7eGuPhpdS8sBjPJNuAShUX,What Is This Feeling?,"Ariana Grande,Cynthia Erivo","pop, musicals",Classical,Wicked: The Soundtrack,03:48,32720991,2024,Collaboration
7eJMfftS33KTjuF7lTsMCx,death bed (coffee for your head),"Powfu,beabadoobee",bedroom pop,Pop,death bed (coffee for your head),02:53,996600650,2020,Collaboration
7eJMfftS33KTjuF7lTsMCx,death bed (coffee for your head),"Powfu,beabadoobee",bedroom pop,Pop,death bed (coffee for your head),02:53,996600650,2021,Collaboration
7eOkHIcaoUhngxxypM5Ajr,Look At Her Now,Selena Gomez,pop,Pop,Rare,02:42,20669522,2020,Solo
7eOuUmpnHBlg5zsm8Cs7c3,Summertime's Close,Zach Bryan,"country, red dirt",Country,Zach Bryan,03:06,11868990,2023,Solo
7eTv2OTr3aY5iKtFdBusoA,BESTIES,KAROL G,"reggaeton, latin, urbano latino",Latin,MAÑANA SERÁ BONITO,02:42,11945610,2023,Solo
7ef4DlsgrMEH11cDZd32M6,One Kiss (with Dua Lipa),"Calvin Harris,Dua Lipa","edm, pop",Electronic,One Kiss (with Dua Lipa),03:34,1304956876,2018,Collaboration
7ef4DlsgrMEH11cDZd32M6,One Kiss (with Dua Lipa),"Calvin Harris,Dua Lipa","edm, pop",Electronic,One Kiss (with Dua Lipa),03:34,1304956876,2019,Collaboration
7ef4DlsgrMEH11cDZd32M6,One Kiss (with Dua Lipa),"Calvin Harris,Dua Lipa","edm, pop",Electronic,One Kiss (with Dua Lipa),03:34,1304956876,2020,Collaboration
7ef4DlsgrMEH11cDZd32M6,One Kiss (with Dua Lipa),"Calvin Harris,Dua Lipa","edm, pop",Electronic,One Kiss (with Dua Lipa),03:34,1304956876,2022,Collaboration
7ef4DlsgrMEH11cDZd32M6,One Kiss (with Dua Lipa),"Calvin Harris,Dua Lipa","edm, pop",Electronic,One Kiss (with Dua Lipa),03:34,1304956876,2023,Collaboration
7fODjB7BrQTGqh0hogW6XD,Que Mas Pues - Remix,"Sech,Justin Quiles,Maluma,Nicky Jam,Farruko,Dalex,Lenny Tavárez","reggaeton, urbano latino, latin, trap latino, argentine trap",Hip Hop,Sueños,05:05,152569208,2019,Collaboration
7fUYUcWy853HS8YJn0b3Sr,Sleigh Ride,The Ronettes,christmas,Jazz,Sleigh Ride,03:01,533107411,2020,Solo
7fUYUcWy853HS8YJn0b3Sr,Sleigh Ride,The Ronettes,christmas,Jazz,Sleigh Ride,03:01,533107411,2021,Solo
7fUYUcWy853HS8YJn0b3Sr,Sleigh Ride,The Ronettes,christmas,Jazz,Sleigh Ride,03:01,533107411,2022,Solo
7fUYUcWy853HS8YJn0b3Sr,Sleigh Ride,The Ronettes,christmas,Jazz,Sleigh Ride,03:01,533107411,2023,Solo
7fUYUcWy853HS8YJn0b3Sr,Sleigh Ride,The Ronettes,christmas,Jazz,Sleigh Ride,03:01,533107411,2024,Solo
7fYRg3CEbk6rNCuzNzMT06,Potion (with Dua Lipa & Young Thug),"Calvin Harris,Dua Lipa,Young Thug","edm, pop, rap, melodic rap, trap",Electronic,Potion (with Dua Lipa & Young Thug),03:34,83630569,2022,Collaboration
7fZBQnc0zXwVybgCIrQQil,Belly Dancer,"Imanbek,BYOR","slap house, ",Electronic,Belly Dancer,02:31,161176855,2022,Collaboration
7fa9MBXhVfQ8P8Df9OEbD8,Girls Like You (feat. Cardi B) - Cardi B Version,"Maroon 5,Cardi B","pop, ",Pop,Red Pill Blues (Deluxe),03:55,1043656709,2018,Collaboration
7fa9MBXhVfQ8P8Df9OEbD8,Girls Like You (feat. Cardi B) - Cardi B Version,"Maroon 5,Cardi B","pop, ",Pop,Red Pill Blues (Deluxe),03:55,1043656709,2019,Collaboration
7fa9MBXhVfQ8P8Df9OEbD8,Girls Like You (feat. Cardi B) - Cardi B Version,"Maroon 5,Cardi B","pop, ",Pop,Red Pill Blues (Deluxe),03:55,1043656709,2020,Collaboration
7faDzZnZYqTyYThx2sbHVQ,Mistletoe And Holly - Remastered 1999,Frank Sinatra,"christmas, big band, adult standards, swing music, vocal jazz, jazz",Easy listening,A Jolly Christmas From Frank Sinatra,02:16,46479215,2017,Solo
7faDzZnZYqTyYThx2sbHVQ,Mistletoe And Holly - Remastered 1999,Frank Sinatra,"christmas, big band, adult standards, swing music, vocal jazz, jazz",Easy listening,A Jolly Christmas From Frank Sinatra,02:16,46479215,2018,Solo
7faDzZnZYqTyYThx2sbHVQ,Mistletoe And Holly - Remastered 1999,Frank Sinatra,"christmas, big band, adult standards, swing music, vocal jazz, jazz",Easy listening,A Jolly Christmas From Frank Sinatra,02:16,46479215,2019,Solo
7faDzZnZYqTyYThx2sbHVQ,Mistletoe And Holly - Remastered 1999,Frank Sinatra,"christmas, big band, adult standards, swing music, vocal jazz, jazz",Easy listening,A Jolly Christmas From Frank Sinatra,02:16,46479215,2020,Solo
7faDzZnZYqTyYThx2sbHVQ,Mistletoe And Holly - Remastered 1999,Frank Sinatra,"christmas, big band, adult standards, swing music, vocal jazz, jazz",Easy listening,A Jolly Christmas From Frank Sinatra,02:16,46479215,2021,Solo
7faDzZnZYqTyYThx2sbHVQ,Mistletoe And Holly - Remastered 1999,Frank Sinatra,"christmas, big band, adult standards, swing music, vocal jazz, jazz",Easy listening,A Jolly Christmas From Frank Sinatra,02:16,46479215,2022,Solo
7faDzZnZYqTyYThx2sbHVQ,Mistletoe And Holly - Remastered 1999,Frank Sinatra,"christmas, big band, adult standards, swing music, vocal jazz, jazz",Easy listening,A Jolly Christmas From Frank Sinatra,02:16,46479215,2023,Solo
7faDzZnZYqTyYThx2sbHVQ,Mistletoe And Holly - Remastered 1999,Frank Sinatra,"christmas, big band, adult standards, swing music, vocal jazz, jazz",Easy listening,A Jolly Christmas From Frank Sinatra,02:16,46479215,2024,Solo
7floNISpH8VF4z4459Qo18,Look At Me!,XXXTENTACION,emo rap,Hip Hop,Look At Me!,02:06,36138488,2017,Solo
7foypmc7KZyU716Yv63BPe,Saint,"Huncho Jack,Travis Scott,Quavo","rap, ",Hip Hop,"Huncho Jack, Jack Huncho",02:20,16902504,2017,Collaboration
7foypmc7KZyU716Yv63BPe,Saint,"Huncho Jack,Travis Scott,Quavo","rap, ",Hip Hop,"Huncho Jack, Jack Huncho",02:20,16902504,2018,Collaboration
7fveJ3pk1eSfxBdVkzdXZ0,Cowgirls (feat. ERNEST),"Morgan Wallen,ERNEST",country,Country,One Thing At A Time,03:01,74306747,2024,Collaboration
7fwXWKdDNI5IutOMc5OKYw,Mi Gente (feat. Beyoncé),"J Balvin,Willy William,Beyoncé","reggaeton, latin, ",Latin,Mi Gente (feat. Beyoncé),03:29,131793231,2017,Collaboration
7fwXWKdDNI5IutOMc5OKYw,Mi Gente (feat. Beyoncé),"J Balvin,Willy William,Beyoncé","reggaeton, latin, ",Latin,Mi Gente (feat. Beyoncé),03:29,131793231,2018,Collaboration
7g7I8fjEERZH8DH3e6MUw7,Canudinho - Ao Vivo,"Gusttavo Lima,Ana Castela","sertanejo, sertanejo universitário, arrocha, agronejo, piseiro, forró",Country,Paraíso Particular Vol. 01 (Ao Vivo),02:04,10468339,2023,Collaboration
7g7I8fjEERZH8DH3e6MUw7,Canudinho - Ao Vivo,"Gusttavo Lima,Ana Castela","sertanejo, sertanejo universitário, arrocha, agronejo, piseiro, forró",Country,Paraíso Particular Vol. 01 (Ao Vivo),02:04,10468339,2024,Collaboration
7g8YaUQABMal0zWe7a2ijz,Pa Mí - Remix,"Dalex,Rafa Pabön,KHEA,Sech,Feid,Cazzu,Lenny Tavárez","reggaeton, argentine trap, trap, trap latino, urbano latino, turreo",Hip Hop,Climaxxx,06:00,200055329,2019,Collaboration
7gRFDGEzF9UkBV233yv2dc,Shut Down,BLACKPINK,k-pop,Pop,BORN PINK,02:55,529625335,2022,Solo
7gRFDGEzF9UkBV233yv2dc,Shut Down,BLACKPINK,k-pop,Pop,BORN PINK,02:55,529625335,2023,Solo
7gVzhRCrLRUBEGdS7zNTp0,Malvada,Zé Felipe,"piseiro, sertanejo, arrocha, agronejo, forró, sertanejo universitário",Country,Malvada,02:25,55338675,2022,Solo
7gaA3wERFkFkgivjwbSvkG,"yes, and?",Ariana Grande,pop,Pop,"yes, and?",03:34,221251037,2024,Solo
7gkWXbAxIYuvtOpcN3p9GJ,God is a woman,Ariana Grande,pop,Pop,God is a woman,03:17,110254178,2018,Solo
7glCSQqV5o6NU88Cn4zPZn,Estamos Bien,Bad Bunny,"reggaeton, trap latino, latin, urbano latino",Latin,Estamos Bien,03:28,72500826,2018,Solo
7gwwt1IaAWwmB7af0AcuBM,Tak Tiki Tak,Harry Nach,"chilean trap, reggaeton chileno, chilean mambo, mambo",Latin,Tak Tiki Tak,03:32,72143734,2020,Solo
7h0d2h0fUmzbs7zeFigJPn,HIGHEST IN THE ROOM (feat. ROSALÍA & Lil Baby) - REMIX,"Travis Scott,ROSALÍA,Lil Baby","rap, latin, ",Latin,JACKBOYS,04:04,67435412,2019,Collaboration
7h0d2h0fUmzbs7zeFigJPn,HIGHEST IN THE ROOM (feat. ROSALÍA & Lil Baby) - REMIX,"Travis Scott,ROSALÍA,Lil Baby","rap, latin, ",Latin,JACKBOYS,04:04,67435412,2020,Collaboration
7hDc8b7IXETo14hHIHdnhd,Passionfruit,Drake,"rap, hip hop",Hip Hop,More Life,04:58,450939659,2017,Solo
7hDc8b7IXETo14hHIHdnhd,Passionfruit,Drake,"rap, hip hop",Hip Hop,More Life,04:58,450939659,2018,Solo
7hR22TOX3RorxJPcsz5Wbo,Love Somebody,Morgan Wallen,country,Country,Love Somebody,03:24,65982615,2024,Solo
7hU3IHwjX150XLoTVmjD0q,MONEY,LISA,k-pop,Pop,LALISA,02:48,490761126,2021,Solo
7hU3IHwjX150XLoTVmjD0q,MONEY,LISA,k-pop,Pop,LALISA,02:48,490761126,2022,Solo
7hU3IHwjX150XLoTVmjD0q,MONEY,LISA,k-pop,Pop,LALISA,02:48,490761126,2023,Solo
7hav1MHURQf5SAoPk0egqh,Baby Pluto,Lil Uzi Vert,melodic rap,Hip Hop,Eternal Atake,03:30,36035717,2020,Solo
7hvO2qCwJVZxiyoA7c9i5d,BLOW (with Chris Stapleton & Bruno Mars),"Ed Sheeran,Chris Stapleton,Bruno Mars","soft pop, country, ",Country,No.6 Collaborations Project,03:29,12071459,2019,Collaboration
7hxHWCCAIIxFLCzvDgnQHX,"Lemonade (feat. Gunna, Don Toliver & NAV)","Internet Money,Gunna,Don Toliver,NAV",melodic rap,Hip Hop,B4 The Storm,03:15,803043161,2020,Collaboration
7hxHWCCAIIxFLCzvDgnQHX,"Lemonade (feat. Gunna, Don Toliver & NAV)","Internet Money,Gunna,Don Toliver,NAV",melodic rap,Hip Hop,B4 The Storm,03:15,803043161,2021,Collaboration
7hxHWCCAIIxFLCzvDgnQHX,"Lemonade (feat. Gunna, Don Toliver & NAV)","Internet Money,Gunna,Don Toliver,NAV",melodic rap,Hip Hop,B4 The Storm,03:15,803043161,2022,Collaboration
7iAgNZdotu40NwtoIWJHFe,Bet You Wanna (feat. Cardi B),"BLACKPINK,Cardi B","k-pop, ",Pop,THE ALBUM,02:41,48329554,2020,Collaboration
7iDa6hUg2VgEL1o1HjmfBn,Meant to Be (feat. Florida Georgia Line),"Bebe Rexha,Florida Georgia Line","country, pop country, acoustic country",Country,All Your Fault: Pt. 2,02:43,435418347,2017,Collaboration
7iDa6hUg2VgEL1o1HjmfBn,Meant to Be (feat. Florida Georgia Line),"Bebe Rexha,Florida Georgia Line","country, pop country, acoustic country",Country,All Your Fault: Pt. 2,02:43,435418347,2018,Collaboration
7iHHlCbsFou5DZSW5HCPfs,Ella - Remix,"Boza,Lunay,Lenny Tavárez,Juhn,Beéle","reggaeton, urbano latino, trap latino, argentine trap",Hip Hop,Ella (Remix),05:30,29226985,2021,Collaboration
7iHHlCbsFou5DZSW5HCPfs,Ella - Remix,"Boza,Lunay,Lenny Tavárez,Juhn,Beéle","reggaeton, urbano latino, trap latino, argentine trap",Hip Hop,Ella (Remix),05:30,29226985,2022,Collaboration
7iHHxY2NLlJRAmlAmC4ahQ,Stuck In A Dream (feat. Gunna),"Lil Mosey,Gunna",melodic rap,Hip Hop,Certified Hitmaker,02:03,62498123,2019,Collaboration
7iHHxY2NLlJRAmlAmC4ahQ,Stuck In A Dream (feat. Gunna),"Lil Mosey,Gunna",melodic rap,Hip Hop,Certified Hitmaker,02:03,62498123,2020,Collaboration
7iIzwqG5UxPYwTYUUK4pzU,Tell Me U Luv Me (with Trippie Redd),"Juice WRLD,Trippie Redd","melodic rap, emo rap",Hip Hop,Legends Never Die,03:00,24106056,2020,Collaboration
7iKDsPfLT0d5mu2htfMKBZ,Love To Hate Me,BLACKPINK,k-pop,Pop,THE ALBUM,02:51,24397358,2020,Solo
7iL6o9tox1zgHpKUfh9vuC,In Da Club,50 Cent,east coast hip hop,Hip Hop,Get Rich Or Die Tryin',03:13,72460365,2022,Solo
7iL6o9tox1zgHpKUfh9vuC,In Da Club,50 Cent,east coast hip hop,Hip Hop,Get Rich Or Die Tryin',03:13,72460365,2023,Solo
7iL6o9tox1zgHpKUfh9vuC,In Da Club,50 Cent,east coast hip hop,Hip Hop,Get Rich Or Die Tryin',03:13,72460365,2024,Solo
7iQXYTyuG13aoeHxGG28Nh,PERRO NEGRO,"Bad Bunny,Feid","reggaeton, trap latino, latin, urbano latino",Latin,nadie sabe lo que va a pasar mañana,02:42,1171529869,2023,Collaboration
7iQXYTyuG13aoeHxGG28Nh,PERRO NEGRO,"Bad Bunny,Feid","reggaeton, trap latino, latin, urbano latino",Latin,nadie sabe lo que va a pasar mañana,02:42,1171529869,2024,Collaboration
7iUtQNMRB8ZkKC4AmEuCJC,LA FALDA,Myke Towers,"reggaeton, trap latino, urbano latino",Latin,LVEU: VIVE LA TUYA...NO LA MIA,02:54,450687671,2023,Solo
7iUtQNMRB8ZkKC4AmEuCJC,LA FALDA,Myke Towers,"reggaeton, trap latino, urbano latino",Latin,LVEU: VIVE LA TUYA...NO LA MIA,02:54,450687671,2024,Solo
7iabz12vAuVQYyekFIWJxD,BAND4BAND (feat. Lil Baby),"Central Cee,Lil Baby","uk drill, drill, grime, ",Hip Hop,BAND4BAND (feat. Lil Baby),02:20,276209555,2024,Collaboration
7igeByaBM0MgGsgXtNxDJ7,positions,Ariana Grande,pop,Pop,positions,02:52,41862937,2020,Solo
7ijJ5crvsnCvCLJbHpyq3j,Final Fantasy,Drake,"rap, hip hop",Hip Hop,Scorpion,03:39,14875534,2018,Solo
7inXu0Eaeg02VsM8kHNvzM,Let It Snow! Let It Snow! Let It Snow! (with The B. Swanson Quartet),"Frank Sinatra,B. Swanson Quartet","christmas, big band, adult standards, swing music, vocal jazz, jazz, ",Easy listening,Christmas Songs By Sinatra,02:35,77887643,2017,Collaboration
7inXu0Eaeg02VsM8kHNvzM,Let It Snow! Let It Snow! Let It Snow! (with The B. Swanson Quartet),"Frank Sinatra,B. Swanson Quartet","christmas, big band, adult standards, swing music, vocal jazz, jazz, ",Easy listening,Christmas Songs By Sinatra,02:35,77887643,2018,Collaboration
7iqOIHHEmu6Vhw25GgQ2eA,Una Nota,"J Balvin,Sech","reggaeton, latin, urbano latino",Latin,JOSE,02:50,68505591,2021,Collaboration
7iwJOi3hlMqZt6pj1sQOBj,VISTA AL MAR,Quevedo,reggaeton,Latin,VISTA AL MAR,03:00,214988373,2022,Solo
7iwJOi3hlMqZt6pj1sQOBj,VISTA AL MAR,Quevedo,reggaeton,Latin,VISTA AL MAR,03:00,214988373,2023,Solo
7j4OmvkjRz0PrjFADlHfQx,Set Fire to the Rain,Adele,soft pop,Pop,21,04:02,1214080561,2021,Solo
7j4OmvkjRz0PrjFADlHfQx,Set Fire to the Rain,Adele,soft pop,Pop,21,04:02,1214080561,2023,Solo
7j4OmvkjRz0PrjFADlHfQx,Set Fire to the Rain,Adele,soft pop,Pop,21,04:02,1214080561,2024,Solo
7ju97lgwC2rKQ6wwsf9no9,Rain On Me (with Ariana Grande),"Lady Gaga,Ariana Grande","art pop, pop",Pop,Chromatica,03:02,555608893,2020,Collaboration
7ju97lgwC2rKQ6wwsf9no9,Rain On Me (with Ariana Grande),"Lady Gaga,Ariana Grande","art pop, pop",Pop,Chromatica,03:02,555608893,2021,Collaboration
7jzldCBnJjpJM3epzJ85KE,Tongue Tied (with YUNGBLUD & blackbear),"Marshmello,YUNGBLUD,blackbear","edm, ",Electronic,Tongue Tied (with YUNGBLUD & blackbear),03:06,12745487,2019,Collaboration
7k4t7uLgtOxPwTpFmtJNTY,Tusa,"KAROL G,Nicki Minaj","reggaeton, latin, urbano latino, ",Latin,Tusa,03:20,977656474,2019,Collaboration
7k4t7uLgtOxPwTpFmtJNTY,Tusa,"KAROL G,Nicki Minaj","reggaeton, latin, urbano latino, ",Latin,Tusa,03:20,977656474,2020,Collaboration
7k4t7uLgtOxPwTpFmtJNTY,Tusa,"KAROL G,Nicki Minaj","reggaeton, latin, urbano latino, ",Latin,Tusa,03:20,977656474,2021,Collaboration
7kjEqI6eZ7YlFrGhxixnlN,ANTES QUE SE ACABE,Bad Bunny,"reggaeton, trap latino, latin, urbano latino",Latin,EL ÚLTIMO TOUR DEL MUNDO,03:41,12175262,2020,Solo
7krbSH3rd8lhIZvuzTV3Bl,Naked,James Arthur,soft pop,Pop,Naked,03:54,94710463,2017,Solo
7krbSH3rd8lhIZvuzTV3Bl,Naked,James Arthur,soft pop,Pop,Naked,03:54,94710463,2018,Solo
7l2nxyx7IkBX5orhkALg0V,Privileged Rappers,"Drake,21 Savage","rap, hip hop, ",Hip Hop,Her Loss,02:40,36931147,2022,Collaboration
7l3E7lcozEodtVsSTCkcaA,ZEZE (feat. Travis Scott & Offset),"Kodak Black,Offset,Travis Scott",rap,Hip Hop,ZEZE (feat. Travis Scott & Offset),03:48,190412340,2018,Collaboration
7l9Tq5phzkLnhWUyfp702G,Saveiro,"Kaique e Felipe,Luan Pereira","sertanejo, agronejo, sertanejo universitário, piseiro",Country,Saveiro,02:24,15773357,2024,Collaboration
7lAK3oHbfEnvUQWosrMMpR,YOSEMITE,Travis Scott,rap,Hip Hop,ASTROWORLD,02:30,155087510,2018,Solo
7lAK3oHbfEnvUQWosrMMpR,YOSEMITE,Travis Scott,rap,Hip Hop,ASTROWORLD,02:30,155087510,2019,Solo
7lAK3oHbfEnvUQWosrMMpR,YOSEMITE,Travis Scott,rap,Hip Hop,ASTROWORLD,02:30,155087510,2020,Solo
7lQ8MOhq6IN2w8EYcFNSUk,Without Me,Eminem,"rap, hip hop",Hip Hop,The Eminem Show,04:50,2019095444,2017,Solo
7lQ8MOhq6IN2w8EYcFNSUk,Without Me,Eminem,"rap, hip hop",Hip Hop,The Eminem Show,04:50,2019095444,2021,Solo
7lQ8MOhq6IN2w8EYcFNSUk,Without Me,Eminem,"rap, hip hop",Hip Hop,The Eminem Show,04:50,2019095444,2022,Solo
7lQ8MOhq6IN2w8EYcFNSUk,Without Me,Eminem,"rap, hip hop",Hip Hop,The Eminem Show,04:50,2019095444,2023,Solo
7lQ8MOhq6IN2w8EYcFNSUk,Without Me,Eminem,"rap, hip hop",Hip Hop,The Eminem Show,04:50,2019095444,2024,Solo
7lQWRAjyhTpCWFC0jmclT4,Gangsta's Paradise,"Coolio,L.V.","west coast hip hop, g-funk, new jack swing",Hip Hop,Gangsta's Paradise,04:00,60656221,2021,Collaboration
7lRsNbdOGykkMAgsqs4R1C,Báilame,Nacho,"reggaeton, latin",Latin,Bailame,03:27,76248360,2017,Solo
7lUdbnz7wsv3C9zzf4WHl9,"PORFA Remix ( Feat. Maluma, Nicky Jam, Sech) - Remix","Feid,J Balvin,Maluma,Nicky Jam,Sech,Justin Quiles","reggaeton, urbano latino, latin",Latin,"PORFA Remix ( Feat. Maluma, Nicky Jam, Sech)",05:33,100143523,2020,Collaboration
7ldcYtMOjtX1eFVEYzj2kJ,Sagrado Profano,"Luísa Sonza,KayBlack","brazilian pop, funk pop, funk, brazilian trap, trap funk, trap, brazilian hip hop",Hip Hop,Escândalo Íntimo,03:16,10828356,2024,Collaboration
7lthOBXNue2IvedLRfkod8,HOME,BTS,k-pop,Pop,MAP OF THE SOUL : PERSONA,03:54,16442038,2019,Solo
7lvDsmTRXFE3dK4OjvRiWB,Pasoori,"Shae Gill,Ali Sethi","desi, hindi pop, desi pop, indian indie, ghazal, sufi, qawwali, hindi indie",Hip Hop,Pasoori,03:44,95131237,2022,Collaboration
7m9OqQk4RVRkw9JJdeAw96,Jocelyn Flores,XXXTENTACION,emo rap,Hip Hop,17,01:59,1447808750,2017,Solo
7m9OqQk4RVRkw9JJdeAw96,Jocelyn Flores,XXXTENTACION,emo rap,Hip Hop,17,01:59,1447808750,2018,Solo
7m9OqQk4RVRkw9JJdeAw96,Jocelyn Flores,XXXTENTACION,emo rap,Hip Hop,17,01:59,1447808750,2019,Solo
7m9OqQk4RVRkw9JJdeAw96,Jocelyn Flores,XXXTENTACION,emo rap,Hip Hop,17,01:59,1447808750,2020,Solo
7m9OqQk4RVRkw9JJdeAw96,Jocelyn Flores,XXXTENTACION,emo rap,Hip Hop,17,01:59,1447808750,2021,Solo
7m9OqQk4RVRkw9JJdeAw96,Jocelyn Flores,XXXTENTACION,emo rap,Hip Hop,17,01:59,1447808750,2022,Solo
7mEUjhl6aTztdHCrxoTgBG,Wash Us In The Blood,"Kanye West,Travis Scott",rap,Hip Hop,Wash Us In The Blood,03:09,19738291,2020,Collaboration
7mFj0LlWtEJaEigguaWqYh,Sweetest Pie,"Megan Thee Stallion,Dua Lipa",pop,Pop,Sweetest Pie,03:21,163739530,2022,Collaboration
7mWFF4gPADjTQjC97CgFVt,Baila Baila Baila - Remix,"Ozuna,Daddy Yankee,J Balvin,Farruko,Anuel AA","reggaeton, latin, trap latino, urbano latino",Latin,"Baila Baila Baila (Remix) [feat. Farruko, Anuel Aa]",03:55,97166469,2019,Collaboration
7mXuWTczZNxG5EDcjFEuJR,LADY GAGA,"Peso Pluma,Gabito Ballesteros,Junior H","corrido, corridos tumbados, corridos bélicos, música mexicana, sad sierreño, electro corridos, banda, sierreño",Latin,GÉNESIS,03:32,1026182734,2023,Collaboration
7mXuWTczZNxG5EDcjFEuJR,LADY GAGA,"Peso Pluma,Gabito Ballesteros,Junior H","corrido, corridos tumbados, corridos bélicos, música mexicana, sad sierreño, electro corridos, banda, sierreño",Latin,GÉNESIS,03:32,1026182734,2024,Collaboration
7mcdgAXmb35dakBnfDIv3q,Narcos,Anuel AA,"reggaeton, trap latino, urbano latino, latin",Latin,Emmanuel,04:19,11379660,2020,Solo
7mldq42yDuxiUNn08nvzHO,Body Like A Back Road,Sam Hunt,"country, pop country",Country,Body Like A Back Road,02:45,234233270,2017,Solo
7mldq42yDuxiUNn08nvzHO,Body Like A Back Road,Sam Hunt,"country, pop country",Country,Body Like A Back Road,02:45,234233270,2018,Solo
7mpdNiaQvygj2rHoxkzMfa,Bite Me,ENHYPEN,k-pop,Pop,DARK BLOOD,02:37,79263720,2023,Solo
7mrWTjhYctgEQb0lJKrVWy,Unterwegs,"KITSCHKRIEG,Jamule,SFR","german hip hop, ",Hip Hop,KitschKrieg,03:53,17094837,2020,Collaboration
7n2FZQsaLb7ZRfRPfEeIvr,ELEVEN,IVE,k-pop,Pop,ELEVEN,02:58,51231326,2021,Solo
7n2FZQsaLb7ZRfRPfEeIvr,ELEVEN,IVE,k-pop,Pop,ELEVEN,02:58,51231326,2022,Solo
7n7VsX3sv66znBwA8b5uhp,Here Comes Santa Claus (Right Down Santa Claus Lane),Elvis Presley,"rockabilly, rock and roll",Rock,Elvis' Christmas Album,01:55,49499581,2018,Solo
7n7VsX3sv66znBwA8b5uhp,Here Comes Santa Claus (Right Down Santa Claus Lane),Elvis Presley,"rockabilly, rock and roll",Rock,Elvis' Christmas Album,01:55,49499581,2019,Solo
7n7VsX3sv66znBwA8b5uhp,Here Comes Santa Claus (Right Down Santa Claus Lane),Elvis Presley,"rockabilly, rock and roll",Rock,Elvis' Christmas Album,01:55,49499581,2020,Solo
7n7VsX3sv66znBwA8b5uhp,Here Comes Santa Claus (Right Down Santa Claus Lane),Elvis Presley,"rockabilly, rock and roll",Rock,Elvis' Christmas Album,01:55,49499581,2021,Solo
7n7VsX3sv66znBwA8b5uhp,Here Comes Santa Claus (Right Down Santa Claus Lane),Elvis Presley,"rockabilly, rock and roll",Rock,Elvis' Christmas Album,01:55,49499581,2022,Solo
7n7VsX3sv66znBwA8b5uhp,Here Comes Santa Claus (Right Down Santa Claus Lane),Elvis Presley,"rockabilly, rock and roll",Rock,Elvis' Christmas Album,01:55,49499581,2023,Solo
7n7VsX3sv66znBwA8b5uhp,Here Comes Santa Claus (Right Down Santa Claus Lane),Elvis Presley,"rockabilly, rock and roll",Rock,Elvis' Christmas Album,01:55,49499581,2024,Solo
7nD2JPaxIKUdxd2UWgnaGL,Toda - Remix,"Alex Rose,Cazzu,Rauw Alejandro,Lenny Tavárez","trap latino, reggaeton, urbano latino, argentine trap, turreo, trap, latin",Hip Hop,Toda (Remix),06:07,106922097,2018,Collaboration
7nFvKgVumc9FcU97zGjjei,Coração de Gelo,WIU,"brazilian trap, trap, trap funk, brazilian hip hop",Hip Hop,Manual de Como Amar Errado,02:48,23227556,2023,Solo
7nKBxz47S9SD79N086fuhn,SUBEME LA RADIO,"Enrique Iglesias,Descemer Bueno,Zion & Lennox","latin pop, latin, reggaeton",Latin,SUBEME LA RADIO (feat. Descemer Bueno & Zion & Lennox),03:27,295095192,2017,Collaboration
7na7Bk98usp84FaOJFPv3d,Tattoo,Rauw Alejandro,"reggaeton, urbano latino, trap latino, latin",Latin,Tattoo,03:22,187779742,2020,Solo
7nc7mlSdWYeFom84zZ8Wr8,Tell Em,"Cochise,$NOT","rage rap, ",Hip Hop,Tell Em,03:00,70775896,2021,Collaboration
7ndTONDDRFGiPnnhOzOXxq,La Nota,"Manuel Turizo,Rauw Alejandro,Myke Towers","reggaeton, latin, colombian pop, urbano latino, trap latino",Pop,La Nota,03:36,273748687,2020,Collaboration
7ndTONDDRFGiPnnhOzOXxq,La Nota,"Manuel Turizo,Rauw Alejandro,Myke Towers","reggaeton, latin, colombian pop, urbano latino, trap latino",Pop,La Nota,03:36,273748687,2021,Collaboration
7noud145AHZGg74vpWOsCa,Trip,Ella Mai,r&b,R&B,Trip,03:37,24925433,2018,Solo
7o0oY5wRcoV7oPuDhD2J1z,Fingías,Paloma Mami,"chilean trap, reggaeton chileno",Hip Hop,Fingías,03:45,11987768,2019,Solo
7o2CTH4ctstm8TNelqjb51,Sweet Child O' Mine,Guns N' Roses,"rock, glam metal, hard rock, classic rock",Rock,Appetite For Destruction,05:54,129917530,2022,Solo
7oDd86yk8itslrA9HRP2ki,Die For You - Remix,"The Weeknd,Ariana Grande",pop,Pop,Die For You (Remix),03:52,254429976,2023,Collaboration
7oK9VyNzrYvRFo7nQEYkWN,Mr. Brightside,The Killers,alternative rock,Rock,Hot Fuss,03:42,151276918,2017,Solo
7oK9VyNzrYvRFo7nQEYkWN,Mr. Brightside,The Killers,alternative rock,Rock,Hot Fuss,03:42,151276918,2018,Solo
7oK9VyNzrYvRFo7nQEYkWN,Mr. Brightside,The Killers,alternative rock,Rock,Hot Fuss,03:42,151276918,2019,Solo
7oQepKHmXDaPC3rgeLRvQu,Komet,"Udo Lindenberg,Apache 207","german pop, neue deutsche welle, schlager, german hip hop",Hip Hop,Komet,02:47,35622746,2023,Collaboration
7ofxPmTNMj2GP07g1VZa0O,Que Va,"Alex Sensation,Ozuna","reggaeton, latin, trap latino, urbano latino",Latin,Que Va,03:58,193974298,2017,Collaboration
7ofxPmTNMj2GP07g1VZa0O,Que Va,"Alex Sensation,Ozuna","reggaeton, latin, trap latino, urbano latino",Latin,Que Va,03:58,193974298,2018,Collaboration
7oolFzHipTMg2nL7shhdz2,Eraser,Ed Sheeran,soft pop,Pop,÷ (Deluxe),03:47,45411112,2017,Solo
7oqftogUN82Q7VNy2TmTJW,MOOD 4 EVA (feat. Oumou Sangaré),"Beyoncé,JAY-Z,Childish Gambino,Oumou Sangaré","hip hop, east coast hip hop, rap, afropop",Pop,The Lion King: The Gift,04:32,11012020,2019,Collaboration
7ov3TDp5D00Rnu5R1viX4w,New Woman (feat. ROSALÍA),"LISA,ROSALÍA","k-pop, latin",Pop,New Woman (feat. ROSALÍA),02:59,159610542,2024,Collaboration
7ovUcF5uHTBRzUpB6ZOmvt,アイドル,YOASOBI,"j-pop, anime",Pop,アイドル,03:33,248716878,2023,Solo
7pMRoGLEJuFM2wl5pt0R99,Legacy (feat. Travis Scott & 21 Savage),"Offset,Travis Scott,21 Savage","rap, ",Hip Hop,FATHER OF 4,04:04,19410192,2019,Collaboration
7pWK1kMgHy5lNNiIfuRbkP,Used To Love (with Dean Lewis),"Martin Garrix,Dean Lewis","edm, electronica, progressive house, ",Electronic,Used To Love (with Dean Lewis),03:56,29009903,2019,Collaboration
7pdF27mSDuPWhppnHAmWHa,whoa (mind in awe),XXXTENTACION,emo rap,Hip Hop,SKINS,02:37,92864289,2018,Solo
7pdF27mSDuPWhppnHAmWHa,whoa (mind in awe),XXXTENTACION,emo rap,Hip Hop,SKINS,02:37,92864289,2019,Solo
7pgbDdy7ax962o9d2xJceV,Slow Dancing (Piano Ver.),V,k-pop,Pop,Layover,03:08,20501224,2023,Solo
7phmBo7bB9I9YifAXqnlqV,I Wrote The Book,Morgan Wallen,country,Country,One Thing At A Time,03:01,16331666,2023,Solo
7pj6P5WnxkZsw3XRc8eMe1,Count Me Out,Kendrick Lamar,"hip hop, west coast hip hop",Hip Hop,Mr. Morale & The Big Steppers,04:43,24361797,2022,Solo
7pvrsbBKUQI2QmA74WCJa5,Ela e Ela,Zé Neto & Cristiano,"sertanejo, sertanejo universitário, arrocha, agronejo",Country,Chaaama,02:48,19048084,2021,Solo
7pvrsbBKUQI2QmA74WCJa5,Ela e Ela,Zé Neto & Cristiano,"sertanejo, sertanejo universitário, arrocha, agronejo",Country,Chaaama,02:48,19048084,2022,Solo
7qEHsqek33rTcFNT9PFqLf,Someone You Loved,Lewis Capaldi,soft pop,Pop,Divinely Uninspired To A Hellish Extent,03:02,3996869831,2019,Solo
7qEHsqek33rTcFNT9PFqLf,Someone You Loved,Lewis Capaldi,soft pop,Pop,Divinely Uninspired To A Hellish Extent,03:02,3996869831,2020,Solo
7qEHsqek33rTcFNT9PFqLf,Someone You Loved,Lewis Capaldi,soft pop,Pop,Divinely Uninspired To A Hellish Extent,03:02,3996869831,2021,Solo
7qEHsqek33rTcFNT9PFqLf,Someone You Loved,Lewis Capaldi,soft pop,Pop,Divinely Uninspired To A Hellish Extent,03:02,3996869831,2022,Solo
7qEHsqek33rTcFNT9PFqLf,Someone You Loved,Lewis Capaldi,soft pop,Pop,Divinely Uninspired To A Hellish Extent,03:02,3996869831,2023,Solo
7qEHsqek33rTcFNT9PFqLf,Someone You Loved,Lewis Capaldi,soft pop,Pop,Divinely Uninspired To A Hellish Extent,03:02,3996869831,2024,Solo
7qLr3HMApUbyDkUvgIvHnB,Oh U Went (feat. Drake),"Young Thug,Drake","rap, melodic rap, trap, hip hop",Hip Hop,BUSINESS IS BUSINESS,03:05,20491436,2023,Collaboration
7qM1BWAsZMTYh4BcYLb0uQ,Already Dead,Juice WRLD,"melodic rap, emo rap",Hip Hop,Already Dead,03:51,39079067,2021,Solo
7qiZfU4dY1lWllzX7mPBI3,Shape of You,Ed Sheeran,soft pop,Pop,÷ (Deluxe),03:53,3888749749,2017,Solo
7qiZfU4dY1lWllzX7mPBI3,Shape of You,Ed Sheeran,soft pop,Pop,÷ (Deluxe),03:53,3888749749,2018,Solo
7qiZfU4dY1lWllzX7mPBI3,Shape of You,Ed Sheeran,soft pop,Pop,÷ (Deluxe),03:53,3888749749,2019,Solo
7qiZfU4dY1lWllzX7mPBI3,Shape of You,Ed Sheeran,soft pop,Pop,÷ (Deluxe),03:53,3888749749,2020,Solo
7qiZfU4dY1lWllzX7mPBI3,Shape of You,Ed Sheeran,soft pop,Pop,÷ (Deluxe),03:53,3888749749,2021,Solo
7qiZfU4dY1lWllzX7mPBI3,Shape of You,Ed Sheeran,soft pop,Pop,÷ (Deluxe),03:53,3888749749,2022,Solo
7qiZfU4dY1lWllzX7mPBI3,Shape of You,Ed Sheeran,soft pop,Pop,÷ (Deluxe),03:53,3888749749,2023,Solo
7qiZfU4dY1lWllzX7mPBI3,Shape of You,Ed Sheeran,soft pop,Pop,÷ (Deluxe),03:53,3888749749,2024,Solo
7qmnP8Woc47dLSrMD5MxL1,Amor ou o Litrão,"Petter Ferraz,Menor Nico","piseiro, forró, brega funk, arrocha, brega",Country,Amor ou o Litrão,02:53,13299595,2020,Collaboration
7qmnP8Woc47dLSrMD5MxL1,Amor ou o Litrão,"Petter Ferraz,Menor Nico","piseiro, forró, brega funk, arrocha, brega",Country,Amor ou o Litrão,02:53,13299595,2021,Collaboration
7qq0EOPW4RRlqdvMBmdd73,Crazy Over You,BLACKPINK,k-pop,Pop,THE ALBUM,02:43,24678365,2020,Solo
7r55d7IhAj5UGKiYbXBwRP,Prinzessa,Capital Bra,german hip hop,Hip Hop,Prinzessa,02:58,15959029,2019,Solo
7r6aR2f57resC5r93LwMfK,Hands On,"Kanye West,Fred Hammond","rap, gospel, worship, gospel r&b",R&B,JESUS IS KING,03:23,11663676,2019,Collaboration
7r9ZhitdQBONTFOiJW5mr8,Reloj,"Rauw Alejandro,Anuel AA","reggaeton, urbano latino, trap latino, latin",Latin,Reloj,03:51,16852236,2020,Collaboration
7rC5Pl8rQSX4myONQHYPBK,Mob Ties,Drake,"rap, hip hop",Hip Hop,Scorpion,03:25,46640735,2018,Solo
7rbECVPkY5UODxoOUVKZnA,I Wonder,Kanye West,rap,Hip Hop,Graduation,04:03,66317988,2023,Solo
7rdUtXasA973gmrr2Xxh3E,"Homemade Dynamite (Feat. Khalid, Post Malone & SZA) - REMIX","Lorde,Khalid,Post Malone,SZA",r&b,R&B,"Homemade Dynamite (Feat. Khalid, Post Malone & SZA) [REMIX]",03:34,18158560,2017,Collaboration
7rglLriMNBPAyuJOMGwi39,Cold Heart - PNAU Remix,"Elton John,Dua Lipa,PNAU","pop, ",Pop,The Lockdown Sessions,03:22,621695690,2021,Collaboration
7rglLriMNBPAyuJOMGwi39,Cold Heart - PNAU Remix,"Elton John,Dua Lipa,PNAU","pop, ",Pop,The Lockdown Sessions,03:22,621695690,2022,Collaboration
7ro0hRteUMfnOioTFI5TG1,WHERE SHE GOES,Bad Bunny,"reggaeton, trap latino, latin, urbano latino",Latin,WHERE SHE GOES,03:51,1008745504,2023,Solo
7rvyVWja33WG9R97oeJAjx,Envy Me,Calboy,melodic rap,Hip Hop,Wildboy,02:00,20892603,2019,Solo
7rwX0O3RlxqqIjQM8evm5E,Solita,"Ozuna,Mambo Kingz,DJ Luian,Bad Bunny,Wisin,Almighty","reggaeton, latin, trap latino, urbano latino, trap",Latin,Solita,05:11,135382612,2018,Collaboration
7s4emXHJwAuo5VvGBXmnBL,offline,"Young Miko,Feid","trap latino, reggaeton, urbano latino",Latin,att.,03:21,106183574,2024,Collaboration
7sFYVcKSb24qg0dAkqLEFj,Mi Cama,KAROL G,"reggaeton, latin, urbano latino",Latin,Mi Cama,02:31,72553258,2018,Solo
7sJNeWTXkZCEC7OnFMpGWL,Bamba (feat. Aitch & BIA),"Luciano,Aitch,BIA","german hip hop, grime, uk drill, drill, ",Hip Hop,Majestic,03:23,21349299,2022,Collaboration
7sOfmPd18RWp3FoCzpa7Kw,Soliá,Bad Bunny,"reggaeton, trap latino, latin, urbano latino",Latin,YHLQMDLG,02:39,31741497,2020,Solo
7sQKy5vlPQllr0k9IjYJv3,Sigues Con El,"Arcángel,Sech,Dímelo Flow","reggaeton, trap latino, urbano latino",Latin,Sigues Con El,03:46,282401990,2019,Collaboration
7sQKy5vlPQllr0k9IjYJv3,Sigues Con El,"Arcángel,Sech,Dímelo Flow","reggaeton, trap latino, urbano latino",Latin,Sigues Con El,03:46,282401990,2020,Collaboration
7sT7kZEYd1MrmzLLIRVZas,Calling My Name,Drake,"rap, hip hop",Hip Hop,"Honestly, Nevermind",02:09,16070450,2022,Solo
7sVbKoBdhXtYCEOO6qC1SN,We Still Don't Trust You,"Future,Metro Boomin,The Weeknd","rap, ",Hip Hop,WE STILL DON'T TRUST YOU,04:12,27150224,2024,Collaboration
7sd6zMrgGpEa7NkQm9TRrg,NADIE,Tito Double P,"corrido, corridos tumbados, corridos bélicos, electro corridos, música mexicana",Latin,NADIE,03:17,94824197,2024,Solo
7tFiyTwD0nx5a1eklYtX2J,Bohemian Rhapsody - Remastered 2011,Queen,"classic rock, rock, glam rock",Rock,A Night At The Opera (Deluxe Remastered Version),05:54,308246455,2018,Solo
7tFiyTwD0nx5a1eklYtX2J,Bohemian Rhapsody - Remastered 2011,Queen,"classic rock, rock, glam rock",Rock,A Night At The Opera (Deluxe Remastered Version),05:54,308246455,2019,Solo
7tI8dRuH2Yc6RuoTjxo4dU,Who,Jimin,k-pop,Pop,MUSE,02:50,1070746961,2024,Solo
7taXf5odg9xCAZERYfyOkS,Feliz Navidad,José Feliciano,"christmas, bolero",Latin,The Definite Best,03:02,123513262,2017,Solo
7taXf5odg9xCAZERYfyOkS,Feliz Navidad,José Feliciano,"christmas, bolero",Latin,The Definite Best,03:02,123513262,2018,Solo
7taXf5odg9xCAZERYfyOkS,Feliz Navidad,José Feliciano,"christmas, bolero",Latin,The Definite Best,03:02,123513262,2019,Solo
7taXf5odg9xCAZERYfyOkS,Feliz Navidad,José Feliciano,"christmas, bolero",Latin,The Definite Best,03:02,123513262,2020,Solo
7tgjDlQsMR8RvkdlNCJA58,6 Kiss,"Trippie Redd,Juice WRLD,YNW Melly","melodic rap, emo rap",Hip Hop,A Love Letter To You 4,03:19,13480663,2019,Collaboration
7tqhbajSfrz2F7E1Z75ASX,Ain't No Mountain High Enough,"Marvin Gaye,Tammi Terrell","motown, soul, northern soul, quiet storm",R&B,United,02:31,24441054,2023,Collaboration
7tqhbajSfrz2F7E1Z75ASX,Ain't No Mountain High Enough,"Marvin Gaye,Tammi Terrell","motown, soul, northern soul, quiet storm",R&B,United,02:31,24441054,2024,Collaboration
7tr2za8SQg2CI8EDgrdtNl,Slide (feat. Frank Ocean & Migos),"Calvin Harris,Frank Ocean,Migos,Funk Wav","edm, trap, ",Electronic,Funk Wav Bounces Vol.1,03:50,404976009,2017,Collaboration
7tr2za8SQg2CI8EDgrdtNl,Slide (feat. Frank Ocean & Migos),"Calvin Harris,Frank Ocean,Migos,Funk Wav","edm, trap, ",Electronic,Funk Wav Bounces Vol.1,03:50,404976009,2018,Collaboration
7txPE73wHbuXYkM1h8zNrG,Mob Ties,Drake,"rap, hip hop",Hip Hop,Scorpion,03:25,49390940,2018,Solo
7txjUEY6McJDJKqIo1Rxjp,Acróstico - Milan + Sasha,Shakira,"latin pop, latin",Latin,Acróstico (Milan + Sasha),02:50,199761026,2023,Solo
7uH27oIt4a6cIFCA8ZPcyG,Baila Baila Baila,Ozuna,"reggaeton, latin, trap latino, urbano latino",Latin,Baila Baila Baila,02:38,301330276,2019,Solo
7uQZVznj0uQOGC9KhV2Mg6,LALISA,LISA,k-pop,Pop,LALISA,03:20,108900615,2021,Solo
7uQmJ1jgNzBpATSoWKSPFu,Ya No Tiene Novio,"Sebastian Yatra,Mau y Ricky","colombian pop, reggaeton, latin, latin pop",Pop,Ya No Tiene Novio,03:18,164798697,2018,Collaboration
7uQmJ1jgNzBpATSoWKSPFu,Ya No Tiene Novio,"Sebastian Yatra,Mau y Ricky","colombian pop, reggaeton, latin, latin pop",Pop,Ya No Tiene Novio,03:18,164798697,2019,Collaboration
7uSLF2yhpjLlYBLtyPX3Lb,PLEBADA,"El Alfa,Peso Pluma,Chael Produciendo","dembow, urbano latino, latin, reggaeton, corrido, corridos tumbados, corridos bélicos, música mexicana, sad sierreño, electro corridos, banda",Latin,PLEBADA,03:41,25905284,2023,Collaboration
7uYgVgRSgqluZclLS7wpp4,El Farsante - Remix,"Ozuna,Romeo Santos","reggaeton, latin, trap latino, urbano latino, bachata, bachata pop",Latin,El Farsante (Remix),04:18,88599256,2018,Collaboration
7ucEkWU0SVy0XFdfXESgfY,LOS PITS,Bad Bunny,"reggaeton, trap latino, latin, urbano latino",Latin,nadie sabe lo que va a pasar mañana,04:10,37110248,2023,Solo
7uiBocndm12aKbsdnQ3Scx,Undecided,Chris Brown,r&b,R&B,Undecided,03:07,40291681,2019,Solo
7up5MwPUHQdv4DkzQRHRWP,Pure Souls,Kanye West,rap,Hip Hop,Donda,05:58,17206401,2021,Solo
7uqcLJFlSYjVPLUz1vPxkY,Guardian angel,XXXTENTACION,emo rap,Hip Hop,SKINS,01:48,13868011,2018,Solo
7v8OynJxOxHoeS5C2UA9Y7,Nicht verdient,"Capital Bra,Loredana",german hip hop,Hip Hop,Nicht verdient,02:56,12931331,2020,Collaboration
7vGuf3Y35N4wmASOKLUVVU,Silence,"Marshmello,Khalid","edm, ",Electronic,Silence,03:00,660087451,2017,Collaboration
7vGuf3Y35N4wmASOKLUVVU,Silence,"Marshmello,Khalid","edm, ",Electronic,Silence,03:00,660087451,2018,Collaboration
7vGuf3Y35N4wmASOKLUVVU,Silence,"Marshmello,Khalid","edm, ",Electronic,Silence,03:00,660087451,2019,Collaboration
7vJS1DPc3FzBtqBs8n3mW5,Bad To You (with Normani & Nicki Minaj),"Ariana Grande,Normani,Nicki Minaj","pop, ",Pop,Charlie's Angels (Original Motion Picture Soundtrack),02:51,20299137,2019,Collaboration
7vQbuQcyTflfCIOu3Uzzya,Jingle Bell Rock,Bobby Helms,christmas,Jazz,Jingle Bell Rock/Captain Santa Claus (And His Reindeer Space Patrol),02:10,641362567,2018,Solo
7vQbuQcyTflfCIOu3Uzzya,Jingle Bell Rock,Bobby Helms,christmas,Jazz,Jingle Bell Rock/Captain Santa Claus (And His Reindeer Space Patrol),02:10,641362567,2020,Solo
7vQbuQcyTflfCIOu3Uzzya,Jingle Bell Rock,Bobby Helms,christmas,Jazz,Jingle Bell Rock/Captain Santa Claus (And His Reindeer Space Patrol),02:10,641362567,2021,Solo
7vQbuQcyTflfCIOu3Uzzya,Jingle Bell Rock,Bobby Helms,christmas,Jazz,Jingle Bell Rock/Captain Santa Claus (And His Reindeer Space Patrol),02:10,641362567,2022,Solo
7vQbuQcyTflfCIOu3Uzzya,Jingle Bell Rock,Bobby Helms,christmas,Jazz,Jingle Bell Rock/Captain Santa Claus (And His Reindeer Space Patrol),02:10,641362567,2024,Solo
7vrJn5hDSXRmdXoR30KgF1,BICHOTA,KAROL G,"reggaeton, latin, urbano latino",Latin,BICHOTA,02:58,388821456,2020,Solo
7vrJn5hDSXRmdXoR30KgF1,BICHOTA,KAROL G,"reggaeton, latin, urbano latino",Latin,BICHOTA,02:58,388821456,2021,Solo
7w9bgPAmPTtrkt2v16QWvQ,Lose Yourself - From  8 Mile  Soundtrack,Eminem,"rap, hip hop",Hip Hop,Curtain Call (Deluxe),05:26,101441426,2017,Solo
7w9bgPAmPTtrkt2v16QWvQ,Lose Yourself - From  8 Mile  Soundtrack,Eminem,"rap, hip hop",Hip Hop,Curtain Call (Deluxe),05:26,101441426,2018,Solo
7wBJfHzpfI3032CSD7CE2m,STARGAZING,Travis Scott,rap,Hip Hop,ASTROWORLD,04:30,193327090,2018,Solo
7wBJfHzpfI3032CSD7CE2m,STARGAZING,Travis Scott,rap,Hip Hop,ASTROWORLD,04:30,193327090,2019,Solo
7wBJfHzpfI3032CSD7CE2m,STARGAZING,Travis Scott,rap,Hip Hop,ASTROWORLD,04:30,193327090,2020,Solo
7wcyO1rrH3Ru4t659IjG41,Crushed Up,Future,rap,Hip Hop,Future Hndrxx Presents: The WIZRD,02:29,24340028,2019,Solo
7wdwIaXUuzlu1grzWMFRJm,Mary On A Cross,Ghost,"metal, hard rock",Rock,[MESSAGE FROM THE CLERGY],04:04,102252394,2022,Solo
7wsmIIm0xWmtP7TmACXkJn,Oprah’s Bank Account (Lil Yachty & DaBaby feat. Drake),"Lil Yachty,DaBaby,Drake","rap, hip hop",Hip Hop,Oprah’s Bank Account (Lil Yachty & DaBaby feat. Drake),03:26,46216228,2020,Collaboration
7wvYmO5QscgIDDT0eNwbYX,Lost In Japan,Shawn Mendes,pop,Pop,Lost In Japan,03:20,40419976,2018,Solo
7x4ASXYEKfQBCewcZhK776,"Ay, DiOs Mío!",KAROL G,"reggaeton, latin, urbano latino",Latin,"Ay, DiOs Mío!",03:09,329910992,2020,Solo
7x4ASXYEKfQBCewcZhK776,"Ay, DiOs Mío!",KAROL G,"reggaeton, latin, urbano latino",Latin,"Ay, DiOs Mío!",03:09,329910992,2021,Solo
7x9aauaA9cu6tyfpHnqDLo,Seven (feat. Latto),"Jung Kook,Latto","k-pop, ",Pop,Seven (feat. Latto),03:04,1720497204,2023,Collaboration
7x9nXsowok1JszkVztI5NI,Writing on the Wall (feat. Post Malone & Cardi B),"French Montana,Rvssian,Post Malone,Cardi B","trap latino, ",Latin,Writing on the Wall (feat. Post Malone & Cardi B),03:21,39626507,2019,Collaboration
7xHWNBFm6ObGEQPaUxHuKO,The Greatest (feat. Kendrick Lamar),"Sia,Kendrick Lamar","hip hop, west coast hip hop",Hip Hop,This Is Acting (Deluxe Version),03:30,60265676,2017,Collaboration
7xJ1scIZpc33lZ7HpcrjCY,El Beneficio De La Duda,Grupo Firme,"banda, corrido, norteño, sierreño, grupera, música mexicana, corridos bélicos, corridos tumbados",Latin,El Beneficio De La Duda,04:05,14280396,2024,Solo
7xT1n5JKpB0bMPh6FL589e,Poblado,"Crissin,Totoy El Frio,Natan & Shander","reggaeton, urbano latino",Latin,Poblado,03:21,55462023,2021,Collaboration
7xTDT7gyIrv0xWpwwXExxU,Celestial,Ed Sheeran,soft pop,Pop,= (Tour Edition),03:29,17784730,2022,Solo
7xbWAw3LMgRMn4omR5yVn3,Lose Somebody,"Kygo,OneRepublic","tropical house, soft pop",Pop,Lose Somebody,03:19,20609251,2020,Collaboration
7y6c07pgjZvtHI9kuMVqk1,Get It Together,"Drake,Black Coffee,Jorja Smith","rap, hip hop, afro house, house, ",Electronic,More Life,04:10,46604829,2017,Collaboration
7y7w4tl4MaRC2UMEj1mPtr,Come & Go (with Marshmello),"Juice WRLD,Marshmello","melodic rap, emo rap, edm",Electronic,Legends Never Die,03:25,93303490,2020,Collaboration
7yBbV2k2S2uhaQc24NF2xt,Stupid Love,Lady Gaga,"art pop, pop",Pop,Chromatica,03:13,28276440,2020,Solo
7yDHHVKLbvDmVw1XXhDDIO,Pehle Bhi Main,"Vishal Mishra,Raj Shekhar","hindi pop, bollywood, desi",Hip Hop,ANIMAL,04:10,173093280,2023,Collaboration
7yDHHVKLbvDmVw1XXhDDIO,Pehle Bhi Main,"Vishal Mishra,Raj Shekhar","hindi pop, bollywood, desi",Hip Hop,ANIMAL,04:10,173093280,2024,Collaboration
7yHEDfrJNd0zWOfXwydNH0,Into You,Ariana Grande,pop,Pop,Dangerous Woman,04:04,51759506,2017,Solo
7yIIeKUxTpn36X6CFJhgEi,Reggaeton Champagne,"Bellakath,Dani Flow","reggaeton mexa, reggaeton, neoperreo, electro corridos",Latin,Kittyponeo,02:39,268932705,2023,Collaboration
7yIIeKUxTpn36X6CFJhgEi,Reggaeton Champagne,"Bellakath,Dani Flow","reggaeton mexa, reggaeton, neoperreo, electro corridos",Latin,Kittyponeo,02:39,268932705,2024,Collaboration
7ycWLEP1GsNjVvcjawXz3z,Praise The Lord (Da Shine) (feat. Skepta),"A$AP Rocky,Skepta","rap, grime",Electronic,TESTING,03:25,285754795,2018,Collaboration
7ycWLEP1GsNjVvcjawXz3z,Praise The Lord (Da Shine) (feat. Skepta),"A$AP Rocky,Skepta","rap, grime",Electronic,TESTING,03:25,285754795,2019,Collaboration
7yotKA30dwTKNEGomV9ZsI,KOD,J. Cole,rap,Hip Hop,KOD,03:11,91462426,2018,Solo
7yq4Qj7cqayVTp3FF9CWbm,Riptide,Vance Joy,folk pop,Pop,Dream Your Life Away,03:24,1965126482,2018,Solo
7yq4Qj7cqayVTp3FF9CWbm,Riptide,Vance Joy,folk pop,Pop,Dream Your Life Away,03:24,1965126482,2020,Solo
7yq4Qj7cqayVTp3FF9CWbm,Riptide,Vance Joy,folk pop,Pop,Dream Your Life Away,03:24,1965126482,2021,Solo
7yq4Qj7cqayVTp3FF9CWbm,Riptide,Vance Joy,folk pop,Pop,Dream Your Life Away,03:24,1965126482,2022,Solo
7yq4Qj7cqayVTp3FF9CWbm,Riptide,Vance Joy,folk pop,Pop,Dream Your Life Away,03:24,1965126482,2023,Solo
7yq4Qj7cqayVTp3FF9CWbm,Riptide,Vance Joy,folk pop,Pop,Dream Your Life Away,03:24,1965126482,2024,Solo
7ytR5pFWmSjzHJIeQkgog4,ROCKSTAR (feat. Roddy Ricch),"DaBaby,Roddy Ricch",melodic rap,Hip Hop,BLAME IT ON BABY,03:01,1211151733,2020,Collaboration
7ytR5pFWmSjzHJIeQkgog4,ROCKSTAR (feat. Roddy Ricch),"DaBaby,Roddy Ricch",melodic rap,Hip Hop,BLAME IT ON BABY,03:01,1211151733,2021,Collaboration
7z4xW9WY86uH3gd1V9pfCM,JUGGERNAUT (feat. Lil Uzi Vert & Pharrell Williams),"Tyler, The Creator,Lil Uzi Vert,Pharrell Williams","melodic rap, ",Hip Hop,CALL ME IF YOU GET LOST,02:26,16755512,2021,Collaboration
7zOVh5fGpEwSbZd0g9z80B,Satu Bulan,Bernadya,"indonesian pop, indonesian indie",Rock,Terlintas,03:20,127711598,2024,Solo
7zTx8ePYAmPFQuxP3xlXZn,Light,San Holo,"future bass, edm",Electronic,Light (Remixes) - EP,03:59,28914243,2017,Solo
7zVCrzzEJU7u24sbJPXA5W,What Ifs (feat. Lauren Alaina),"Kane Brown,Lauren Alaina","country, pop country",Country,Kane Brown,03:08,14779959,2017,Collaboration
7zvfDihYiJ8RQ1nRcpKBF5,Mr. Morale,"Kendrick Lamar,Tanna Leone","hip hop, west coast hip hop, ",Hip Hop,Mr. Morale & The Big Steppers,03:30,13744373,2022,Collaboration
